YEAR,HS_CODE,MILL_CORPORATE_GROUP,MILL,PORT_OF_EXPORT,PROVINCE_OF_EXPORT,PULP_EXPORT_VOLUME_TONNES,FOB_VALUES_USD,IMPORTER_CORPORATE_GROUP,IMPORTER,COUNTRY_OF_IMPORTER,PORT_OF_DESTINATION,COUNTRY_OF_DESTINATION
2015,470329,ROYAL GOLDEN EAGLE,APRIL,BUATAN,RIAU,441,211753,ROYAL GOLDEN EAGLE,APEL ENTERPRISES (SINGAPORE) PTE LTD,SINGAPORE,#N/A,UNITED ARAB EMIRATES
2015,470329,SINAR MAS,LONTAR PAPYRUS,KUALA TUNGKAL,JAMBI,484,239407,UNKNOWN AFFILIATION,SUZHOU HUANG YI TRADE CO LTD,CHINA (MAINLAND),#N/A,CHINA (MAINLAND)
2015,470329,ROYAL GOLDEN EAGLE,APRIL,BUATAN,RIAU,502,240864,ROYAL GOLDEN EAGLE,AP ENTERPRISES (MACAO) COMMERCIAL OFFSHORE LTD,MACAO,#N/A,BANGLADESH
2015,470329,SINAR MAS,LONTAR PAPYRUS,KUALA TUNGKAL,JAMBI,520,258024,UNKNOWN AFFILIATION,SUZHOU HUANG YI TRADE CO LTD,CHINA (MAINLAND),#N/A,CHINA (MAINLAND)
2015,470329,ROYAL GOLDEN EAGLE,APRIL,BUATAN,RIAU,261,125141,ROYAL GOLDEN EAGLE,AP ENTERPRISES (MACAO) COMMERCIAL OFFSHORE LTD,MACAO,#N/A,BANGLADESH
2015,470329,SINAR MAS,LONTAR PAPYRUS,KUALA TUNGKAL,JAMBI,498,238159,SINAR MAS,GOLDEN PROFIT TRADING PTE LTD,SINGAPORE,#N/A,UNITED ARAB EMIRATES
2015,470329,SINAR MAS,LONTAR PAPYRUS,KUALA TUNGKAL,JAMBI,639,318886,UNKNOWN AFFILIATION,NINGBO CROWN OF CHINA ENERGY CO LTD,CHINA (MAINLAND),#N/A,CHINA (MAINLAND)
2015,470329,SINAR MAS,LONTAR PAPYRUS,KUALA TUNGKAL,JAMBI,461,230440,UNKNOWN AFFILIATION,NINGBO CROWN OF CHINA ENERGY CO LTD,CHINA (MAINLAND),#N/A,CHINA (MAINLAND)
2015,470329,ROYAL GOLDEN EAGLE,APRIL,BUATAN,RIAU,501,240665,ROYAL GOLDEN EAGLE,AP ENTERPRISES (MACAO) COMMERCIAL OFFSHORE LTD,MACAO,#N/A,BANGLADESH
2015,470329,ROYAL GOLDEN EAGLE,APRIL,BUATAN,RIAU,7651,3672461,ROYAL GOLDEN EAGLE,ALKIRA TRADING (MACAO COMMERCIAL OFFSHORE) LTD,MACAO,#N/A,CHINA (MAINLAND)
2015,470329,ROYAL GOLDEN EAGLE,APRIL,BUATAN,RIAU,501,240262,ROYAL GOLDEN EAGLE,AP ENTERPRISES (MACAO) COMMERCIAL OFFSHORE LTD,MACAO,#N/A,BANGLADESH
2015,470329,ROYAL GOLDEN EAGLE,APRIL,BUATAN,RIAU,2284,1096207,ROYAL GOLDEN EAGLE,ALKIRA TRADING (MACAO COMMERCIAL OFFSHORE) LTD,MACAO,#N/A,CHINA (MAINLAND)
2015,470329,ROYAL GOLDEN EAGLE,APRIL,BUATAN,RIAU,60,28871,ROYAL GOLDEN EAGLE,APEL ENTERPRISES (SINGAPORE) PTE LTD,SINGAPORE,#N/A,INDIA
2015,470329,ROYAL GOLDEN EAGLE,APRIL,BUATAN,RIAU,1003,481414,ROYAL GOLDEN EAGLE,ALKIRA TRADING (MACAO COMMERCIAL OFFSHORE) LTD,MACAO,#N/A,CHINA (MAINLAND)
2015,470329,ROYAL GOLDEN EAGLE,APRIL,BUATAN,RIAU,141,67537,ROYAL GOLDEN EAGLE,APEL ENTERPRISES (SINGAPORE) PTE LTD,SINGAPORE,#N/A,THAILAND
2015,470329,SINAR MAS,INDAH KIAT,PERAWANG,RIAU,500,250857,SINAR MAS,KING PAPER SOURCE TRADING (SHANGHAI) CO LTD,CHINA (MAINLAND),#N/A,CHINA (MAINLAND)
2015,470329,ROYAL GOLDEN EAGLE,APRIL,BUATAN,RIAU,201,96484,ROYAL GOLDEN EAGLE,APEL ENTERPRISES (SINGAPORE) PTE LTD,SINGAPORE,#N/A,INDIA
2015,470329,ROYAL GOLDEN EAGLE,APRIL,BUATAN,RIAU,1005,482446,ROYAL GOLDEN EAGLE,ALKIRA TRADING (MACAO COMMERCIAL OFFSHORE) LTD,MACAO,#N/A,CHINA (MAINLAND)
2015,470329,MARUBENI,TANJUNG ENIM LESTARI,TANJUNG PRIOK,SUMATERA SELATAN,985,511137,MARUBENI,MARUBENI CORP,JAPAN,#N/A,CHINA (MAINLAND)
2015,470329,SINAR MAS,LONTAR PAPYRUS,KUALA TUNGKAL,JAMBI,1059,529439,UNKNOWN AFFILIATION,NINGBO CROWN OF CHINA ENERGY CO LTD,CHINA (MAINLAND),#N/A,CHINA (MAINLAND)
2015,470329,MARUBENI,TANJUNG ENIM LESTARI,PANJANG,SUMATERA SELATAN,500,262215,MARUBENI,MARUBENI CORP,JAPAN,#N/A,THAILAND
2015,470329,SINAR MAS,INDAH KIAT,PERAWANG,RIAU,200,99357,SINAR MAS,GOLDEN PROFIT TRADING PTE LTD,SINGAPORE,#N/A,VIETNAM
2015,470329,SINAR MAS,INDAH KIAT,PERAWANG,RIAU,520,260992,UNKNOWN AFFILIATION,SUZHOU HUANG YI TRADE CO LTD,CHINA (MAINLAND),#N/A,CHINA (MAINLAND)
2015,470329,SINAR MAS,INDAH KIAT,PERAWANG,RIAU,360,176997,UNKNOWN AFFILIATION,SUZHOU HUANG YI TRADE CO LTD,CHINA (MAINLAND),#N/A,CHINA (MAINLAND)
2015,470329,ROYAL GOLDEN EAGLE,APRIL,BUATAN,RIAU,7733,3711968,ROYAL GOLDEN EAGLE,ALKIRA TRADING (MACAO COMMERCIAL OFFSHORE) LTD,MACAO,#N/A,CHINA (MAINLAND)
2015,470329,SINAR MAS,INDAH KIAT,PERAWANG,RIAU,500,244548,SINAR MAS,KING PAPER SOURCE TRADING (SHANGHAI) CO LTD,CHINA (MAINLAND),#N/A,CHINA (MAINLAND)
2015,470329,SINAR MAS,LONTAR PAPYRUS,KUALA TUNGKAL,JAMBI,500,259782,SINAR MAS,GOLDEN PROFIT TRADING PTE LTD,SINGAPORE,#N/A,INDIA
2015,470329,MARUBENI,TANJUNG ENIM LESTARI,PANJANG,SUMATERA SELATAN,261,139217,MARUBENI,MARUBENI CORP,JAPAN,#N/A,MALAYSIA
2015,470329,ROYAL GOLDEN EAGLE,TOBA PULP LESTARI,BELAWAN,SUMATERA UTARA,997,513654,ROYAL GOLDEN EAGLE,DP MARKETING INTERNATIONAL,MACAO,#N/A,CHINA (MAINLAND)
2015,470329,SINAR MAS,INDAH KIAT,PERAWANG,RIAU,300,145499,SINAR MAS,GOLDEN PROFIT TRADING PTE LTD,SINGAPORE,#N/A,VIETNAM
2015,470329,SINAR MAS,LONTAR PAPYRUS,KUALA TUNGKAL,JAMBI,1040,519886,UNKNOWN AFFILIATION,NINGBO CROWN OF CHINA ENERGY CO LTD,CHINA (MAINLAND),#N/A,CHINA (MAINLAND)
2015,470329,MARUBENI,TANJUNG ENIM LESTARI,TANJUNG PRIOK,SUMATERA SELATAN,392,210987,MARUBENI,MARUBENI CORP,JAPAN,#N/A,JAPAN
2015,470329,ROYAL GOLDEN EAGLE,APRIL,BUATAN,RIAU,501,240638,ROYAL GOLDEN EAGLE,APEL ENTERPRISES (SINGAPORE) PTE LTD,SINGAPORE,#N/A,INDIA
2015,470329,SINAR MAS,LONTAR PAPYRUS,KUALA TUNGKAL,JAMBI,519,257414,UNKNOWN AFFILIATION,SUZHOU HUANG YI TRADE CO LTD,CHINA (MAINLAND),#N/A,CHINA (MAINLAND)
2015,470329,MARUBENI,TANJUNG ENIM LESTARI,PANJANG,SUMATERA SELATAN,986,513775,MARUBENI,MARUBENI CORP,JAPAN,#N/A,CHINA (MAINLAND)
2015,470329,ROYAL GOLDEN EAGLE,APRIL,BUATAN,RIAU,502,240990,ROYAL GOLDEN EAGLE,AP ENTERPRISES (MACAO) COMMERCIAL OFFSHORE LTD,MACAO,#N/A,BANGLADESH
2015,470329,ROYAL GOLDEN EAGLE,APRIL,BUATAN,RIAU,501,240463,ROYAL GOLDEN EAGLE,AP ENTERPRISES (MACAO) COMMERCIAL OFFSHORE LTD,MACAO,#N/A,BANGLADESH
2015,470329,ROYAL GOLDEN EAGLE,APRIL,BUATAN,RIAU,161,77048,ROYAL GOLDEN EAGLE,ALKIRA TRADING (MACAO COMMERCIAL OFFSHORE) LTD,MACAO,#N/A,CHINA (MAINLAND)
2015,470329,ROYAL GOLDEN EAGLE,APRIL,BUATAN,RIAU,161,77179,ROYAL GOLDEN EAGLE,APEL ENTERPRISES (SINGAPORE) PTE LTD,SINGAPORE,#N/A,THAILAND
2015,470329,ROYAL GOLDEN EAGLE,APRIL,BUATAN,RIAU,563,270000,ROYAL GOLDEN EAGLE,APEL ENTERPRISES (SINGAPORE) PTE LTD,SINGAPORE,#N/A,UNITED ARAB EMIRATES
2015,470329,ROYAL GOLDEN EAGLE,APRIL,BUATAN,RIAU,141,67443,ROYAL GOLDEN EAGLE,ALKIRA TRADING (MACAO COMMERCIAL OFFSHORE) LTD,MACAO,#N/A,CHINA (MAINLAND)
2015,470329,ROYAL GOLDEN EAGLE,APRIL,BUATAN,RIAU,501,240543,ROYAL GOLDEN EAGLE,APEL ENTERPRISES (SINGAPORE) PTE LTD,SINGAPORE,#N/A,KUWAIT
2015,470329,SINAR MAS,LONTAR PAPYRUS,KUALA TUNGKAL,JAMBI,498,258833,SINAR MAS,GOLDEN PROFIT TRADING PTE LTD,SINGAPORE,#N/A,BANGLADESH
2015,470329,SINAR MAS,LONTAR PAPYRUS,KUALA TUNGKAL,JAMBI,1100,520268,SINAR MAS,KING PAPER SOURCE TRADING (SHANGHAI) CO LTD,CHINA (MAINLAND),#N/A,CHINA (MAINLAND)
2015,470329,SINAR MAS,INDAH KIAT,PERAWANG,RIAU,300,151188,SINAR MAS,GOLDEN PROFIT TRADING PTE LTD,SINGAPORE,#N/A,TAIWAN
2015,470329,SINAR MAS,LONTAR PAPYRUS,KUALA TUNGKAL,JAMBI,499,239459,SINAR MAS,GOLDEN PROFIT TRADING PTE LTD,SINGAPORE,#N/A,INDIA
2015,470329,ROYAL GOLDEN EAGLE,APRIL,BUATAN,RIAU,794,381276,ROYAL GOLDEN EAGLE,APEL ENTERPRISES (SINGAPORE) PTE LTD,SINGAPORE,#N/A,DJIBOUTI
2015,470329,SINAR MAS,INDAH KIAT,SUNGAI PAKNING,RIAU,716,353346,UNKNOWN AFFILIATION,SUZHOU HUANG YI TRADE CO LTD,CHINA (MAINLAND),#N/A,CHINA (MAINLAND)
2015,470329,ROYAL GOLDEN EAGLE,APRIL,BUATAN,RIAU,2512,1205572,ROYAL GOLDEN EAGLE,APEL ENTERPRISES (SINGAPORE) PTE LTD,SINGAPORE,#N/A,JAPAN
2015,470329,SINAR MAS,INDAH KIAT,PERAWANG,RIAU,1000,499631,SINAR MAS,KING PAPER SOURCE TRADING (SHANGHAI) CO LTD,CHINA (MAINLAND),#N/A,CHINA (MAINLAND)
2015,470329,SINAR MAS,INDAH KIAT,SUNGAI PAKNING,RIAU,500,246750,UNKNOWN AFFILIATION,SUZHOU HUANG YI TRADE CO LTD,CHINA (MAINLAND),#N/A,CHINA (MAINLAND)
2015,470329,ROYAL GOLDEN EAGLE,TOBA PULP LESTARI,BELAWAN,SUMATERA UTARA,501,258134,ROYAL GOLDEN EAGLE,DP MARKETING INTERNATIONAL,MACAO,#N/A,CHINA (MAINLAND)
2015,470329,ROYAL GOLDEN EAGLE,APRIL,BUATAN,RIAU,4916,2359683,ROYAL GOLDEN EAGLE,APEL ENTERPRISES (SINGAPORE) PTE LTD,SINGAPORE,#N/A,JAPAN
2015,470329,ROYAL GOLDEN EAGLE,TOBA PULP LESTARI,BELAWAN,SUMATERA UTARA,501,258251,ROYAL GOLDEN EAGLE,DP MARKETING INTERNATIONAL,MACAO,#N/A,CHINA (MAINLAND)
2015,470329,ROYAL GOLDEN EAGLE,TOBA PULP LESTARI,BELAWAN,SUMATERA UTARA,500,257245,ROYAL GOLDEN EAGLE,DP MARKETING INTERNATIONAL,MACAO,#N/A,CHINA (MAINLAND)
2015,470329,SINAR MAS,INDAH KIAT,SUNGAI PAKNING,RIAU,4336,2139816,UNKNOWN AFFILIATION,SUZHOU HUANG YI TRADE CO LTD,CHINA (MAINLAND),#N/A,CHINA (MAINLAND)
2015,470329,SINAR MAS,INDAH KIAT,SUNGAI PAKNING,RIAU,1664,821184,UNKNOWN AFFILIATION,SUZHOU HUANG YI TRADE CO LTD,CHINA (MAINLAND),#N/A,CHINA (MAINLAND)
2015,470329,ROYAL GOLDEN EAGLE,APRIL,BUATAN,RIAU,2107,1011497,ROYAL GOLDEN EAGLE,APEL ENTERPRISES (SINGAPORE) PTE LTD,SINGAPORE,#N/A,JAPAN
2015,470329,ROYAL GOLDEN EAGLE,TOBA PULP LESTARI,BELAWAN,SUMATERA UTARA,501,258036,ROYAL GOLDEN EAGLE,DP MARKETING INTERNATIONAL,MACAO,#N/A,CHINA (MAINLAND)
2015,470329,SINAR MAS,INDAH KIAT,SUNGAI PAKNING,RIAU,284,140154,UNKNOWN AFFILIATION,SUZHOU HUANG YI TRADE CO LTD,CHINA (MAINLAND),#N/A,CHINA (MAINLAND)
2015,470329,SINAR MAS,INDAH KIAT,PERAWANG,RIAU,1000,499631,SINAR MAS,KING PAPER SOURCE TRADING (SHANGHAI) CO LTD,CHINA (MAINLAND),#N/A,CHINA (MAINLAND)
2015,470329,SINAR MAS,INDAH KIAT,PERAWANG,RIAU,500,249673,SINAR MAS,KING PAPER SOURCE TRADING (SHANGHAI) CO LTD,CHINA (MAINLAND),#N/A,CHINA (MAINLAND)
2015,470329,ROYAL GOLDEN EAGLE,APRIL,BUATAN,RIAU,5624,2699354,ROYAL GOLDEN EAGLE,ALKIRA TRADING (MACAO COMMERCIAL OFFSHORE) LTD,MACAO,#N/A,CHINA (MAINLAND)
2015,470329,SINAR MAS,INDAH KIAT,PERAWANG,RIAU,500,249818,SINAR MAS,KING PAPER SOURCE TRADING (SHANGHAI) CO LTD,CHINA (MAINLAND),#N/A,CHINA (MAINLAND)
2015,470329,SINAR MAS,LONTAR PAPYRUS,KUALA TUNGKAL,JAMBI,419,213284,UNKNOWN AFFILIATION,NINGBO CROWN OF CHINA ENERGY CO LTD,CHINA (MAINLAND),#N/A,CHINA (MAINLAND)
2015,470329,ROYAL GOLDEN EAGLE,APRIL,BUATAN,RIAU,501,240643,ROYAL GOLDEN EAGLE,ALKIRA TRADING (MACAO COMMERCIAL OFFSHORE) LTD,MACAO,#N/A,CHINA (MAINLAND)
2015,470329,SINAR MAS,INDAH KIAT,PERAWANG,RIAU,760,352355,SINAR MAS,GOLDEN PROFIT TRADING PTE LTD,SINGAPORE,#N/A,UNITED ARAB EMIRATES
2015,470329,SINAR MAS,LONTAR PAPYRUS,KUALA TUNGKAL,JAMBI,500,255063,UNKNOWN AFFILIATION,NINGBO CROWN OF CHINA ENERGY CO LTD,CHINA (MAINLAND),#N/A,CHINA (MAINLAND)
2015,470329,ROYAL GOLDEN EAGLE,APRIL,BUATAN,RIAU,1490,715144,ROYAL GOLDEN EAGLE,ALKIRA TRADING (MACAO COMMERCIAL OFFSHORE) LTD,MACAO,#N/A,CHINA (MAINLAND)
2015,470329,SINAR MAS,INDAH KIAT,PERAWANG,RIAU,1100,538006,SINAR MAS,KING PAPER SOURCE TRADING (SHANGHAI) CO LTD,CHINA (MAINLAND),#N/A,CHINA (MAINLAND)
2015,470329,SINAR MAS,LONTAR PAPYRUS,KUALA TUNGKAL,JAMBI,996,518132,SINAR MAS,GOLDEN PROFIT TRADING PTE LTD,SINGAPORE,#N/A,BANGLADESH
2015,470329,ROYAL GOLDEN EAGLE,APRIL,BUATAN,RIAU,5023,2411232,ROYAL GOLDEN EAGLE,ALKIRA TRADING (MACAO COMMERCIAL OFFSHORE) LTD,MACAO,#N/A,CHINA (MAINLAND)
2015,470329,ROYAL GOLDEN EAGLE,APRIL,BUATAN,RIAU,502,240900,ROYAL GOLDEN EAGLE,AP ENTERPRISES (MACAO) COMMERCIAL OFFSHORE LTD,MACAO,#N/A,BANGLADESH
2015,470329,SINAR MAS,INDAH KIAT,PERAWANG,RIAU,800,401527,UNKNOWN AFFILIATION,SUZHOU HUANG YI TRADE CO LTD,CHINA (MAINLAND),#N/A,CHINA (MAINLAND)
2015,470329,SINAR MAS,INDAH KIAT,PERAWANG,RIAU,480,240916,UNKNOWN AFFILIATION,SUZHOU HUANG YI TRADE CO LTD,CHINA (MAINLAND),#N/A,CHINA (MAINLAND)
2015,470329,SINAR MAS,LONTAR PAPYRUS,KUALA TUNGKAL,JAMBI,99,47313,SINAR MAS,GOLDEN PROFIT TRADING PTE LTD,SINGAPORE,#N/A,INDIA
2015,470329,ROYAL GOLDEN EAGLE,APRIL,BUATAN,RIAU,502,240739,ROYAL GOLDEN EAGLE,APEL ENTERPRISES (SINGAPORE) PTE LTD,SINGAPORE,#N/A,INDIA
2015,470329,ROYAL GOLDEN EAGLE,APRIL,BUATAN,RIAU,9337,4481692,ROYAL GOLDEN EAGLE,AP ENTERPRISES (MACAO) COMMERCIAL OFFSHORE LTD,MACAO,#N/A,SOUTH KOREA
2015,470329,ROYAL GOLDEN EAGLE,APRIL,BUATAN,RIAU,6226,2988613,ROYAL GOLDEN EAGLE,AP ENTERPRISES (MACAO) COMMERCIAL OFFSHORE LTD,MACAO,#N/A,SOUTH KOREA
2015,470329,ROYAL GOLDEN EAGLE,APRIL,BUATAN,RIAU,506,242842,ROYAL GOLDEN EAGLE,ALKIRA TRADING (MACAO COMMERCIAL OFFSHORE) LTD,MACAO,#N/A,TAIWAN
2015,470329,ROYAL GOLDEN EAGLE,APRIL,BUATAN,RIAU,201,96362,ROYAL GOLDEN EAGLE,APEL ENTERPRISES (SINGAPORE) PTE LTD,SINGAPORE,#N/A,SOUTH KOREA
2015,470329,MARUBENI,TANJUNG ENIM LESTARI,PANJANG,SUMATERA SELATAN,500,261527,MARUBENI,MARUBENI CORP,JAPAN,#N/A,CHINA (MAINLAND)
2015,470329,ROYAL GOLDEN EAGLE,APRIL,BUATAN,RIAU,502,240841,ROYAL GOLDEN EAGLE,APEL ENTERPRISES (SINGAPORE) PTE LTD,SINGAPORE,#N/A,INDIA
2015,470329,ROYAL GOLDEN EAGLE,APRIL,BUATAN,RIAU,100,48219,ROYAL GOLDEN EAGLE,APEL ENTERPRISES (SINGAPORE) PTE LTD,SINGAPORE,#N/A,INDIA
2015,470329,MARUBENI,TANJUNG ENIM LESTARI,PANJANG,SUMATERA SELATAN,261,138825,MARUBENI,MARUBENI CORP,JAPAN,#N/A,MALAYSIA
2015,470329,MARUBENI,TANJUNG ENIM LESTARI,PANJANG,SUMATERA SELATAN,982,516239,MARUBENI,MARUBENI CORP,JAPAN,#N/A,CHINA (MAINLAND)
2015,470329,ROYAL GOLDEN EAGLE,APRIL,BUATAN,RIAU,501,240668,ROYAL GOLDEN EAGLE,AP ENTERPRISES (MACAO) COMMERCIAL OFFSHORE LTD,MACAO,#N/A,BANGLADESH
2015,470329,ROYAL GOLDEN EAGLE,APRIL,BUATAN,RIAU,502,241136,ROYAL GOLDEN EAGLE,AP ENTERPRISES (MACAO) COMMERCIAL OFFSHORE LTD,MACAO,#N/A,BANGLADESH
2015,470329,ROYAL GOLDEN EAGLE,APRIL,BUATAN,RIAU,501,240319,ROYAL GOLDEN EAGLE,AP ENTERPRISES (MACAO) COMMERCIAL OFFSHORE LTD,MACAO,#N/A,BANGLADESH
2015,470329,MARUBENI,TANJUNG ENIM LESTARI,PANJANG,SUMATERA SELATAN,109,55690,MARUBENI,MARUBENI CORP,JAPAN,#N/A,INDIA
2015,470329,MARUBENI,TANJUNG ENIM LESTARI,PANJANG,SUMATERA SELATAN,264,133213,MARUBENI,MARUBENI CORP,JAPAN,#N/A,INDIA
2015,470329,ROYAL GOLDEN EAGLE,APRIL,BUATAN,RIAU,261,125099,ROYAL GOLDEN EAGLE,APEL ENTERPRISES (SINGAPORE) PTE LTD,SINGAPORE,#N/A,KUWAIT
2015,470329,MARUBENI,TANJUNG ENIM LESTARI,PANJANG,SUMATERA SELATAN,151,77411,MARUBENI,MARUBENI CORP,JAPAN,#N/A,BANGLADESH
2015,470329,ROYAL GOLDEN EAGLE,APRIL,BUATAN,RIAU,506,242919,ROYAL GOLDEN EAGLE,ALKIRA TRADING (MACAO COMMERCIAL OFFSHORE) LTD,MACAO,#N/A,TAIWAN
2015,470329,MARUBENI,TANJUNG ENIM LESTARI,PANJANG,SUMATERA SELATAN,985,516791,MARUBENI,MARUBENI CORP,JAPAN,#N/A,CHINA (MAINLAND)
2015,470329,MARUBENI,TANJUNG ENIM LESTARI,PANJANG,SUMATERA SELATAN,109,56462,MARUBENI,MARUBENI CORP,JAPAN,#N/A,INDIA
2015,470329,MARUBENI,TANJUNG ENIM LESTARI,TANJUNG PRIOK,SUMATERA SELATAN,495,270735,MARUBENI,MARUBENI CORP,JAPAN,#N/A,JAPAN
2015,470329,MARUBENI,TANJUNG ENIM LESTARI,PANJANG,SUMATERA SELATAN,261,131550,MARUBENI,MARUBENI CORP,JAPAN,#N/A,INDIA
2015,470329,SINAR MAS,LONTAR PAPYRUS,KUALA TUNGKAL,JAMBI,500,259786,SINAR MAS,GOLDEN PROFIT TRADING PTE LTD,SINGAPORE,#N/A,UNITED ARAB EMIRATES
2015,470329,SINAR MAS,LONTAR PAPYRUS,KUALA TUNGKAL,JAMBI,1878,957645,UNKNOWN AFFILIATION,NINGBO CROWN OF CHINA ENERGY CO LTD,CHINA (MAINLAND),#N/A,CHINA (MAINLAND)
2015,470329,ROYAL GOLDEN EAGLE,TOBA PULP LESTARI,BELAWAN,SUMATERA UTARA,1004,516878,ROYAL GOLDEN EAGLE,DP MARKETING INTERNATIONAL,MACAO,#N/A,CHINA (MAINLAND)
2015,470329,ROYAL GOLDEN EAGLE,APRIL,BUATAN,RIAU,503,241368,ROYAL GOLDEN EAGLE,AP ENTERPRISES (MACAO) COMMERCIAL OFFSHORE LTD,MACAO,#N/A,BANGLADESH
2015,470329,SINAR MAS,INDAH KIAT,SUNGAI PAKNING,RIAU,1448,729792,SINAR MAS,KING PAPER SOURCE TRADING (SHANGHAI) CO LTD,CHINA (MAINLAND),#N/A,CHINA (MAINLAND)
2015,470329,ROYAL GOLDEN EAGLE,APRIL,BUATAN,RIAU,237,113780,ROYAL GOLDEN EAGLE,AP ENTERPRISES (MACAO) COMMERCIAL OFFSHORE LTD,MACAO,#N/A,PAKISTAN
2015,470329,SINAR MAS,INDAH KIAT,SUNGAI PAKNING,RIAU,1472,741888,SINAR MAS,KING PAPER SOURCE TRADING (SHANGHAI) CO LTD,CHINA (MAINLAND),#N/A,CHINA (MAINLAND)
2015,470329,ROYAL GOLDEN EAGLE,APRIL,BUATAN,RIAU,7828,3757599,ROYAL GOLDEN EAGLE,AP ENTERPRISES (MACAO) COMMERCIAL OFFSHORE LTD,MACAO,#N/A,SOUTH KOREA
2015,470329,ROYAL GOLDEN EAGLE,APRIL,BUATAN,RIAU,12959,6220485,ROYAL GOLDEN EAGLE,AP ENTERPRISES (MACAO) COMMERCIAL OFFSHORE LTD,MACAO,#N/A,SOUTH KOREA
2015,470329,SINAR MAS,INDAH KIAT,SUNGAI PAKNING,RIAU,2552,1286208,SINAR MAS,KING PAPER SOURCE TRADING (SHANGHAI) CO LTD,CHINA (MAINLAND),#N/A,CHINA (MAINLAND)
2015,470329,SINAR MAS,INDAH KIAT,PERAWANG,RIAU,260,135200,SINAR MAS,GOLDEN PROFIT TRADING PTE LTD,SINGAPORE,#N/A,UNITED ARAB EMIRATES
2015,470329,ROYAL GOLDEN EAGLE,APRIL,BUATAN,RIAU,141,67589,ROYAL GOLDEN EAGLE,APEL ENTERPRISES (SINGAPORE) PTE LTD,SINGAPORE,#N/A,THAILAND
2015,470329,ROYAL GOLDEN EAGLE,APRIL,BUATAN,RIAU,1305,626574,ROYAL GOLDEN EAGLE,APEL ENTERPRISES (SINGAPORE) PTE LTD,SINGAPORE,#N/A,SOUTH KOREA
2015,470329,SINAR MAS,INDAH KIAT,SUNGAI PAKNING,RIAU,328,165312,SINAR MAS,KING PAPER SOURCE TRADING (SHANGHAI) CO LTD,CHINA (MAINLAND),#N/A,CHINA (MAINLAND)
2015,470329,ROYAL GOLDEN EAGLE,APRIL,BUATAN,RIAU,241,115800,ROYAL GOLDEN EAGLE,AP ENTERPRISES (MACAO) COMMERCIAL OFFSHORE LTD,MACAO,#N/A,BANGLADESH
2015,470329,SINAR MAS,INDAH KIAT,PERAWANG,RIAU,500,241986,SINAR MAS,GOLDEN PROFIT TRADING PTE LTD,SINGAPORE,#N/A,UNITED ARAB EMIRATES
2015,470329,ROYAL GOLDEN EAGLE,APRIL,BUATAN,RIAU,502,240972,ROYAL GOLDEN EAGLE,APEL ENTERPRISES (SINGAPORE) PTE LTD,SINGAPORE,#N/A,INDIA
2015,470329,ROYAL GOLDEN EAGLE,APRIL,BUATAN,RIAU,100,48206,ROYAL GOLDEN EAGLE,APEL ENTERPRISES (SINGAPORE) PTE LTD,SINGAPORE,#N/A,INDIA
2015,470329,SINAR MAS,LONTAR PAPYRUS,KUALA TUNGKAL,JAMBI,600,305912,UNKNOWN AFFILIATION,NINGBO CROWN OF CHINA ENERGY CO LTD,CHINA (MAINLAND),#N/A,CHINA (MAINLAND)
2015,470329,ROYAL GOLDEN EAGLE,APRIL,BUATAN,RIAU,3616,1735737,ROYAL GOLDEN EAGLE,ALKIRA TRADING (MACAO COMMERCIAL OFFSHORE) LTD,MACAO,#N/A,CHINA (MAINLAND)
2015,470329,SINAR MAS,LONTAR PAPYRUS,KUALA TUNGKAL,JAMBI,401,203513,UNKNOWN AFFILIATION,NINGBO CROWN OF CHINA ENERGY CO LTD,CHINA (MAINLAND),#N/A,CHINA (MAINLAND)
2015,470329,ROYAL GOLDEN EAGLE,APRIL,BUATAN,RIAU,60,28909,ROYAL GOLDEN EAGLE,APEL ENTERPRISES (SINGAPORE) PTE LTD,SINGAPORE,#N/A,INDIA
2015,470329,ROYAL GOLDEN EAGLE,APRIL,BUATAN,RIAU,60,28926,ROYAL GOLDEN EAGLE,APEL ENTERPRISES (SINGAPORE) PTE LTD,SINGAPORE,#N/A,INDIA
2015,470329,ROYAL GOLDEN EAGLE,APRIL,BUATAN,RIAU,7025,3372158,ROYAL GOLDEN EAGLE,ALKIRA TRADING (MACAO COMMERCIAL OFFSHORE) LTD,MACAO,#N/A,CHINA (MAINLAND)
2015,470329,SINAR MAS,LONTAR PAPYRUS,KUALA TUNGKAL,JAMBI,1199,611384,UNKNOWN AFFILIATION,NINGBO CROWN OF CHINA ENERGY CO LTD,CHINA (MAINLAND),#N/A,CHINA (MAINLAND)
2015,470329,ROYAL GOLDEN EAGLE,TOBA PULP LESTARI,BELAWAN,SUMATERA UTARA,1001,515543,ROYAL GOLDEN EAGLE,DP MARKETING INTERNATIONAL,MACAO,#N/A,CHINA (MAINLAND)
2015,470329,ROYAL GOLDEN EAGLE,TOBA PULP LESTARI,BELAWAN,SUMATERA UTARA,501,258119,ROYAL GOLDEN EAGLE,DP MARKETING INTERNATIONAL,MACAO,#N/A,CHINA (MAINLAND)
2015,470329,ROYAL GOLDEN EAGLE,TOBA PULP LESTARI,BELAWAN,SUMATERA UTARA,715,368035,ROYAL GOLDEN EAGLE,DP MARKETING INTERNATIONAL,MACAO,#N/A,CHINA (MAINLAND)
2015,470329,ROYAL GOLDEN EAGLE,TOBA PULP LESTARI,BELAWAN,SUMATERA UTARA,501,258145,ROYAL GOLDEN EAGLE,DP MARKETING INTERNATIONAL,MACAO,#N/A,CHINA (MAINLAND)
2015,470329,ROYAL GOLDEN EAGLE,TOBA PULP LESTARI,BELAWAN,SUMATERA UTARA,502,258546,ROYAL GOLDEN EAGLE,DP MARKETING INTERNATIONAL,MACAO,#N/A,CHINA (MAINLAND)
2015,470329,SINAR MAS,INDAH KIAT,PERAWANG,RIAU,500,255954,SINAR MAS,KING PAPER SOURCE TRADING (SHANGHAI) CO LTD,CHINA (MAINLAND),#N/A,CHINA (MAINLAND)
2015,470329,ROYAL GOLDEN EAGLE,APRIL,BUATAN,RIAU,502,240923,ROYAL GOLDEN EAGLE,AP ENTERPRISES (MACAO) COMMERCIAL OFFSHORE LTD,MACAO,#N/A,BANGLADESH
2015,470329,ROYAL GOLDEN EAGLE,APRIL,BUATAN,RIAU,502,240940,ROYAL GOLDEN EAGLE,AP ENTERPRISES (MACAO) COMMERCIAL OFFSHORE LTD,MACAO,#N/A,BANGLADESH
2015,470329,ROYAL GOLDEN EAGLE,APRIL,BUATAN,RIAU,502,241058,ROYAL GOLDEN EAGLE,AP ENTERPRISES (MACAO) COMMERCIAL OFFSHORE LTD,MACAO,#N/A,BANGLADESH
2015,470329,ROYAL GOLDEN EAGLE,APRIL,BUATAN,RIAU,496,237999,ROYAL GOLDEN EAGLE,APEL ENTERPRISES (SINGAPORE) PTE LTD,SINGAPORE,#N/A,SOUTH AFRICA
2015,470329,ROYAL GOLDEN EAGLE,APRIL,BUATAN,RIAU,100,47888,ROYAL GOLDEN EAGLE,APEL ENTERPRISES (SINGAPORE) PTE LTD,SINGAPORE,#N/A,INDIA
2015,470329,ROYAL GOLDEN EAGLE,APRIL,BUATAN,RIAU,100,48229,ROYAL GOLDEN EAGLE,APEL ENTERPRISES (SINGAPORE) PTE LTD,SINGAPORE,#N/A,INDIA
2015,470329,SINAR MAS,INDAH KIAT,SUNGAI PAKNING,RIAU,2012,995940,SINAR MAS,KING PAPER SOURCE TRADING (SHANGHAI) CO LTD,CHINA (MAINLAND),#N/A,CHINA (MAINLAND)
2015,470329,ROYAL GOLDEN EAGLE,APRIL,BUATAN,RIAU,120,57666,ROYAL GOLDEN EAGLE,APEL ENTERPRISES (SINGAPORE) PTE LTD,SINGAPORE,#N/A,INDIA
2015,470329,SINAR MAS,INDAH KIAT,SUNGAI PAKNING,RIAU,388,192060,SINAR MAS,KING PAPER SOURCE TRADING (SHANGHAI) CO LTD,CHINA (MAINLAND),#N/A,CHINA (MAINLAND)
2015,470329,SINAR MAS,INDAH KIAT,PERAWANG,RIAU,4784,2368080,SINAR MAS,KING PAPER SOURCE TRADING (SHANGHAI) CO LTD,CHINA (MAINLAND),#N/A,CHINA (MAINLAND)
2015,470329,SINAR MAS,INDAH KIAT,PERAWANG,RIAU,1000,499346,SINAR MAS,KING PAPER SOURCE TRADING (SHANGHAI) CO LTD,CHINA (MAINLAND),#N/A,CHINA (MAINLAND)
2015,470329,SINAR MAS,INDAH KIAT,PERAWANG,RIAU,500,249816,SINAR MAS,KING PAPER SOURCE TRADING (SHANGHAI) CO LTD,CHINA (MAINLAND),#N/A,CHINA (MAINLAND)
2015,470329,MARUBENI,TANJUNG ENIM LESTARI,TANJUNG PRIOK,SUMATERA SELATAN,39,21461,MARUBENI,MARUBENI CORP,JAPAN,#N/A,JAPAN
2015,470329,SINAR MAS,INDAH KIAT,PERAWANG,RIAU,1000,501908,SINAR MAS,KING PAPER SOURCE TRADING (SHANGHAI) CO LTD,CHINA (MAINLAND),#N/A,CHINA (MAINLAND)
2015,470329,SINAR MAS,INDAH KIAT,PERAWANG,RIAU,1616,799920,SINAR MAS,KING PAPER SOURCE TRADING (SHANGHAI) CO LTD,CHINA (MAINLAND),#N/A,CHINA (MAINLAND)
2015,470329,ROYAL GOLDEN EAGLE,APRIL,BUATAN,RIAU,501,240373,ROYAL GOLDEN EAGLE,APEL ENTERPRISES (SINGAPORE) PTE LTD,SINGAPORE,#N/A,INDIA
2015,470329,SINAR MAS,INDAH KIAT,SUNGAI PAKNING,RIAU,192,95040,SINAR MAS,KING PAPER SOURCE TRADING (SHANGHAI) CO LTD,CHINA (MAINLAND),#N/A,CHINA (MAINLAND)
2015,470329,MARUBENI,TANJUNG ENIM LESTARI,TANJUNG PRIOK,SUMATERA SELATAN,611,311061,MARUBENI,MARUBENI CORP,JAPAN,#N/A,CHINA (MAINLAND)
2015,470329,MARUBENI,TANJUNG ENIM LESTARI,TANJUNG PRIOK,SUMATERA SELATAN,971,507444,MARUBENI,MARUBENI CORP,JAPAN,#N/A,CHINA (MAINLAND)
2015,470329,SINAR MAS,INDAH KIAT,SUNGAI PAKNING,RIAU,1508,746460,SINAR MAS,KING PAPER SOURCE TRADING (SHANGHAI) CO LTD,CHINA (MAINLAND),#N/A,CHINA (MAINLAND)
2015,470329,MARUBENI,TANJUNG ENIM LESTARI,TANJUNG PRIOK,SUMATERA SELATAN,497,271963,MARUBENI,MARUBENI CORP,JAPAN,#N/A,JAPAN
2015,470329,SINAR MAS,INDAH KIAT,PERAWANG,RIAU,700,337883,SINAR MAS,GOLDEN PROFIT TRADING PTE LTD,SINGAPORE,#N/A,VIETNAM
2015,470329,SINAR MAS,LONTAR PAPYRUS,KUALA TUNGKAL,JAMBI,500,259937,SINAR MAS,GOLDEN PROFIT TRADING PTE LTD,SINGAPORE,#N/A,INDIA
2015,470329,ROYAL GOLDEN EAGLE,APRIL,BUATAN,RIAU,160,76740,ROYAL GOLDEN EAGLE,APEL ENTERPRISES (SINGAPORE) PTE LTD,SINGAPORE,#N/A,INDIA
2015,470329,ROYAL GOLDEN EAGLE,APRIL,BUATAN,RIAU,60,28854,ROYAL GOLDEN EAGLE,APEL ENTERPRISES (SINGAPORE) PTE LTD,SINGAPORE,#N/A,INDIA
2015,470329,SINAR MAS,LONTAR PAPYRUS,KUALA TUNGKAL,JAMBI,499,259517,SINAR MAS,GOLDEN PROFIT TRADING PTE LTD,SINGAPORE,#N/A,INDIA
2015,470329,SINAR MAS,INDAH KIAT,PERAWANG,RIAU,480,242928,SINAR MAS,GOLDEN PROFIT TRADING PTE LTD,SINGAPORE,#N/A,SINGAPORE
2015,470329,MARUBENI,TANJUNG ENIM LESTARI,PANJANG,SUMATERA SELATAN,197,101024,MARUBENI,MARUBENI CORP,JAPAN,#N/A,CHINA (MAINLAND)
2015,470329,ROYAL GOLDEN EAGLE,APRIL,BUATAN,RIAU,501,240535,ROYAL GOLDEN EAGLE,AP ENTERPRISES (MACAO) COMMERCIAL OFFSHORE LTD,MACAO,#N/A,BANGLADESH
2015,470329,ROYAL GOLDEN EAGLE,TOBA PULP LESTARI,BELAWAN,SUMATERA UTARA,503,258912,ROYAL GOLDEN EAGLE,DP MARKETING INTERNATIONAL,MACAO,#N/A,CHINA (MAINLAND)
2015,470329,SINAR MAS,LONTAR PAPYRUS,KUALA TUNGKAL,JAMBI,999,519233,SINAR MAS,GOLDEN PROFIT TRADING PTE LTD,SINGAPORE,#N/A,BANGLADESH
2015,470329,MARUBENI,TANJUNG ENIM LESTARI,TANJUNG PRIOK,SUMATERA SELATAN,495,259275,MARUBENI,MARUBENI CORP,JAPAN,#N/A,CHINA (MAINLAND)
2015,470329,ROYAL GOLDEN EAGLE,APRIL,BUATAN,RIAU,100,48198,ROYAL GOLDEN EAGLE,APEL ENTERPRISES (SINGAPORE) PTE LTD,SINGAPORE,#N/A,INDIA
2015,470329,MARUBENI,TANJUNG ENIM LESTARI,PANJANG,SUMATERA SELATAN,263,139551,MARUBENI,MARUBENI CORP,JAPAN,#N/A,MALAYSIA
2015,470329,ROYAL GOLDEN EAGLE,APRIL,BUATAN,RIAU,501,240625,ROYAL GOLDEN EAGLE,AP ENTERPRISES (MACAO) COMMERCIAL OFFSHORE LTD,MACAO,#N/A,BANGLADESH
2015,470329,SINAR MAS,INDAH KIAT,PERAWANG,RIAU,108,54472,SINAR MAS,GOLDEN PROFIT TRADING PTE LTD,SINGAPORE,#N/A,JAPAN
2015,470329,MARUBENI,TANJUNG ENIM LESTARI,PANJANG,SUMATERA SELATAN,496,262327,MARUBENI,MARUBENI CORP,JAPAN,#N/A,CHINA (MAINLAND)
2015,470329,ROYAL GOLDEN EAGLE,TOBA PULP LESTARI,BELAWAN,SUMATERA UTARA,1003,516512,ROYAL GOLDEN EAGLE,DP MARKETING INTERNATIONAL,MACAO,#N/A,CHINA (MAINLAND)
2015,470329,ROYAL GOLDEN EAGLE,APRIL,BUATAN,RIAU,501,240673,ROYAL GOLDEN EAGLE,APEL ENTERPRISES (SINGAPORE) PTE LTD,SINGAPORE,#N/A,INDIA
2015,470329,MARUBENI,TANJUNG ENIM LESTARI,PANJANG,SUMATERA SELATAN,501,256608,MARUBENI,MARUBENI CORP,JAPAN,#N/A,CHINA (MAINLAND)
2015,470329,ROYAL GOLDEN EAGLE,TOBA PULP LESTARI,BELAWAN,SUMATERA UTARA,501,257770,ROYAL GOLDEN EAGLE,DP MARKETING INTERNATIONAL,MACAO,#N/A,CHINA (MAINLAND)
2015,470329,ROYAL GOLDEN EAGLE,APRIL,BUATAN,RIAU,241,115738,ROYAL GOLDEN EAGLE,APEL ENTERPRISES (SINGAPORE) PTE LTD,SINGAPORE,#N/A,IRAN
2015,470329,MARUBENI,TANJUNG ENIM LESTARI,PANJANG,SUMATERA SELATAN,130,70878,MARUBENI,MARUBENI CORP,JAPAN,#N/A,INDIA
2015,470329,SINAR MAS,INDAH KIAT,SUNGAI PAKNING,RIAU,5406,2728678,UNKNOWN AFFILIATION,SUZHOU HUANG YI TRADE CO LTD,CHINA (MAINLAND),#N/A,CHINA (MAINLAND)
2015,470329,SINAR MAS,INDAH KIAT,SUNGAI PAKNING,RIAU,290,144855,SINAR MAS,GOLDEN PROFIT TRADING PTE LTD,SINGAPORE,#N/A,SOUTH KOREA
2015,470329,SINAR MAS,INDAH KIAT,SUNGAI PAKNING,RIAU,210,104895,SINAR MAS,GOLDEN PROFIT TRADING PTE LTD,SINGAPORE,#N/A,SOUTH KOREA
2015,470329,ROYAL GOLDEN EAGLE,APRIL,BUATAN,RIAU,141,67515,ROYAL GOLDEN EAGLE,APEL ENTERPRISES (SINGAPORE) PTE LTD,SINGAPORE,#N/A,THAILAND
2015,470329,ROYAL GOLDEN EAGLE,APRIL,BUATAN,RIAU,241,115585,ROYAL GOLDEN EAGLE,APEL ENTERPRISES (SINGAPORE) PTE LTD,SINGAPORE,#N/A,PHILIPPINES
2015,470329,ROYAL GOLDEN EAGLE,APRIL,BUATAN,RIAU,120,57634,ROYAL GOLDEN EAGLE,APEL ENTERPRISES (SINGAPORE) PTE LTD,SINGAPORE,#N/A,PHILIPPINES
2015,470329,SINAR MAS,INDAH KIAT,SUNGAI PAKNING,RIAU,218,108891,SINAR MAS,GOLDEN PROFIT TRADING PTE LTD,SINGAPORE,#N/A,SOUTH KOREA
2015,470329,ROYAL GOLDEN EAGLE,APRIL,BUATAN,RIAU,502,240731,ROYAL GOLDEN EAGLE,APEL ENTERPRISES (SINGAPORE) PTE LTD,SINGAPORE,#N/A,INDIA
2015,470329,SINAR MAS,INDAH KIAT,SUNGAI PAKNING,RIAU,782,390609,SINAR MAS,GOLDEN PROFIT TRADING PTE LTD,SINGAPORE,#N/A,SOUTH KOREA
2015,470329,SINAR MAS,INDAH KIAT,SUNGAI PAKNING,RIAU,988,493506,SINAR MAS,GOLDEN PROFIT TRADING PTE LTD,SINGAPORE,#N/A,SOUTH KOREA
2015,470329,SINAR MAS,INDAH KIAT,SUNGAI PAKNING,RIAU,1594,804572,UNKNOWN AFFILIATION,SUZHOU HUANG YI TRADE CO LTD,CHINA (MAINLAND),#N/A,CHINA (MAINLAND)
2015,470329,SINAR MAS,INDAH KIAT,SUNGAI PAKNING,RIAU,500,249750,SINAR MAS,GOLDEN PROFIT TRADING PTE LTD,SINGAPORE,#N/A,SOUTH KOREA
2015,470329,SINAR MAS,INDAH KIAT,SUNGAI PAKNING,RIAU,12,5994,SINAR MAS,GOLDEN PROFIT TRADING PTE LTD,SINGAPORE,#N/A,SOUTH KOREA
2015,470329,ROYAL GOLDEN EAGLE,APRIL,BUATAN,RIAU,100,46169,ROYAL GOLDEN EAGLE,APEL ENTERPRISES (SINGAPORE) PTE LTD,SINGAPORE,#N/A,INDIA
2015,470329,ROYAL GOLDEN EAGLE,APRIL,BUATAN,RIAU,60,28967,ROYAL GOLDEN EAGLE,APEL ENTERPRISES (SINGAPORE) PTE LTD,SINGAPORE,#N/A,INDIA
2015,470329,ROYAL GOLDEN EAGLE,APRIL,BUATAN,RIAU,8035,3856885,ROYAL GOLDEN EAGLE,ALKIRA TRADING (MACAO COMMERCIAL OFFSHORE) LTD,MACAO,#N/A,CHINA (MAINLAND)
2015,470329,SINAR MAS,INDAH KIAT,PERAWANG,RIAU,1000,504756,UNKNOWN AFFILIATION,SUZHOU HUANG YI TRADE CO LTD,CHINA (MAINLAND),#N/A,CHINA (MAINLAND)
2015,470329,MARUBENI,TANJUNG ENIM LESTARI,TANJUNG PRIOK,SUMATERA SELATAN,497,272070,MARUBENI,MARUBENI CORP,JAPAN,#N/A,JAPAN
2015,470329,ROYAL GOLDEN EAGLE,TOBA PULP LESTARI,BELAWAN,SUMATERA UTARA,1003,516327,ROYAL GOLDEN EAGLE,DP MARKETING INTERNATIONAL,MACAO,#N/A,CHINA (MAINLAND)
2015,470329,SINAR MAS,LONTAR PAPYRUS,KUALA TUNGKAL,JAMBI,900,459197,UNKNOWN AFFILIATION,NINGBO CROWN OF CHINA ENERGY CO LTD,CHINA (MAINLAND),#N/A,CHINA (MAINLAND)
2015,470329,ROYAL GOLDEN EAGLE,TOBA PULP LESTARI,BELAWAN,SUMATERA UTARA,500,257695,ROYAL GOLDEN EAGLE,DP MARKETING INTERNATIONAL,MACAO,#N/A,CHINA (MAINLAND)
2015,470329,ROYAL GOLDEN EAGLE,TOBA PULP LESTARI,BELAWAN,SUMATERA UTARA,501,257961,ROYAL GOLDEN EAGLE,DP MARKETING INTERNATIONAL,MACAO,#N/A,CHINA (MAINLAND)
2015,470329,ROYAL GOLDEN EAGLE,TOBA PULP LESTARI,BELAWAN,SUMATERA UTARA,1003,516574,ROYAL GOLDEN EAGLE,DP MARKETING INTERNATIONAL,MACAO,#N/A,CHINA (MAINLAND)
2015,470329,ROYAL GOLDEN EAGLE,APRIL,BUATAN,RIAU,40,19300,ROYAL GOLDEN EAGLE,APEL ENTERPRISES (SINGAPORE) PTE LTD,SINGAPORE,#N/A,INDIA
2015,470329,SINAR MAS,INDAH KIAT,PERAWANG,RIAU,18,8951,SINAR MAS,GOLDEN PROFIT TRADING PTE LTD,SINGAPORE,#N/A,JAPAN
2015,470329,SINAR MAS,INDAH KIAT,PERAWANG,RIAU,1000,502831,UNKNOWN AFFILIATION,SUZHOU HUANG YI TRADE CO LTD,CHINA (MAINLAND),#N/A,CHINA (MAINLAND)
2015,470329,ROYAL GOLDEN EAGLE,TOBA PULP LESTARI,BELAWAN,SUMATERA UTARA,502,258353,ROYAL GOLDEN EAGLE,DP MARKETING INTERNATIONAL,MACAO,#N/A,CHINA (MAINLAND)
2015,470329,ROYAL GOLDEN EAGLE,APRIL,BUATAN,RIAU,261,125198,ROYAL GOLDEN EAGLE,APEL ENTERPRISES (SINGAPORE) PTE LTD,SINGAPORE,#N/A,INDIA
2015,470329,SINAR MAS,INDAH KIAT,PERAWANG,RIAU,200,95114,SINAR MAS,GOLDEN PROFIT TRADING PTE LTD,SINGAPORE,#N/A,BANGLADESH
2015,470329,SINAR MAS,LONTAR PAPYRUS,KUALA TUNGKAL,JAMBI,801,408385,UNKNOWN AFFILIATION,NINGBO CROWN OF CHINA ENERGY CO LTD,CHINA (MAINLAND),#N/A,CHINA (MAINLAND)
2015,470329,ROYAL GOLDEN EAGLE,APRIL,BUATAN,RIAU,100,48180,ROYAL GOLDEN EAGLE,APEL ENTERPRISES (SINGAPORE) PTE LTD,SINGAPORE,#N/A,THAILAND
2015,470329,SINAR MAS,LONTAR PAPYRUS,KUALA TUNGKAL,JAMBI,701,357346,UNKNOWN AFFILIATION,NINGBO CROWN OF CHINA ENERGY CO LTD,CHINA (MAINLAND),#N/A,CHINA (MAINLAND)
2015,470329,ROYAL GOLDEN EAGLE,APRIL,BUATAN,RIAU,241,115750,ROYAL GOLDEN EAGLE,APEL ENTERPRISES (SINGAPORE) PTE LTD,SINGAPORE,#N/A,INDIA
2015,470329,MARUBENI,TANJUNG ENIM LESTARI,TANJUNG PRIOK,SUMATERA SELATAN,1007,526880,MARUBENI,MARUBENI CORP,JAPAN,#N/A,CHINA (MAINLAND)
2015,470329,SINAR MAS,INDAH KIAT,PERAWANG,RIAU,1000,507068,SINAR MAS,KING PAPER SOURCE TRADING (SHANGHAI) CO LTD,CHINA (MAINLAND),#N/A,CHINA (MAINLAND)
2015,470329,ROYAL GOLDEN EAGLE,APRIL,BUATAN,RIAU,2309,1108309,ROYAL GOLDEN EAGLE,ALKIRA TRADING (MACAO COMMERCIAL OFFSHORE) LTD,MACAO,#N/A,CHINA (MAINLAND)
2015,470329,ROYAL GOLDEN EAGLE,APRIL,BUATAN,RIAU,703,337281,ROYAL GOLDEN EAGLE,ALKIRA TRADING (MACAO COMMERCIAL OFFSHORE) LTD,MACAO,#N/A,CHINA (MAINLAND)
2015,470329,ROYAL GOLDEN EAGLE,APRIL,BUATAN,RIAU,2763,1326144,ROYAL GOLDEN EAGLE,ALKIRA TRADING (MACAO COMMERCIAL OFFSHORE) LTD,MACAO,#N/A,CHINA (MAINLAND)
2015,470329,SINAR MAS,LONTAR PAPYRUS,KUALA TUNGKAL,JAMBI,601,306394,UNKNOWN AFFILIATION,NINGBO CROWN OF CHINA ENERGY CO LTD,CHINA (MAINLAND),#N/A,CHINA (MAINLAND)
2015,470329,ROYAL GOLDEN EAGLE,APRIL,BUATAN,RIAU,100,48192,ROYAL GOLDEN EAGLE,AP ENTERPRISES (MACAO) COMMERCIAL OFFSHORE LTD,MACAO,#N/A,BANGLADESH
2015,470329,SINAR MAS,INDAH KIAT,SUNGAI PAKNING,RIAU,4064,2046224,SINAR MAS,KING PAPER SOURCE TRADING (SHANGHAI) CO LTD,CHINA (MAINLAND),#N/A,CHINA (MAINLAND)
2015,470329,MARUBENI,TANJUNG ENIM LESTARI,TANJUNG PRIOK,SUMATERA SELATAN,986,516504,MARUBENI,MARUBENI CORP,JAPAN,#N/A,CHINA (MAINLAND)
2015,470329,ROYAL GOLDEN EAGLE,APRIL,BUATAN,RIAU,501,240388,ROYAL GOLDEN EAGLE,AP ENTERPRISES (MACAO) COMMERCIAL OFFSHORE LTD,MACAO,#N/A,BANGLADESH
2015,470329,MARUBENI,TANJUNG ENIM LESTARI,PANJANG,SUMATERA SELATAN,503,263579,MARUBENI,MARUBENI CORP,JAPAN,#N/A,THAILAND
2015,470329,SINAR MAS,INDAH KIAT,SUNGAI PAKNING,RIAU,1736,874076,SINAR MAS,KING PAPER SOURCE TRADING (SHANGHAI) CO LTD,CHINA (MAINLAND),#N/A,CHINA (MAINLAND)
2015,470329,ROYAL GOLDEN EAGLE,APRIL,BUATAN,RIAU,501,240686,ROYAL GOLDEN EAGLE,AP ENTERPRISES (MACAO) COMMERCIAL OFFSHORE LTD,MACAO,#N/A,BANGLADESH
2015,470329,SINAR MAS,INDAH KIAT,PERAWANG,RIAU,594,274128,SINAR MAS,GOLDEN PROFIT TRADING PTE LTD,SINGAPORE,#N/A,JAPAN
2015,470329,SINAR MAS,LONTAR PAPYRUS,KUALA TUNGKAL,JAMBI,1600,809864,UNKNOWN AFFILIATION,SUZHOU HUANG YI TRADE CO LTD,CHINA (MAINLAND),#N/A,CHINA (MAINLAND)
2015,470329,ROYAL GOLDEN EAGLE,APRIL,BUATAN,RIAU,200,96219,ROYAL GOLDEN EAGLE,APEL ENTERPRISES (SINGAPORE) PTE LTD,SINGAPORE,#N/A,INDIA
2015,470329,ROYAL GOLDEN EAGLE,APRIL,BUATAN,RIAU,502,240916,ROYAL GOLDEN EAGLE,AP ENTERPRISES (MACAO) COMMERCIAL OFFSHORE LTD,MACAO,#N/A,BANGLADESH
2015,470329,MARUBENI,TANJUNG ENIM LESTARI,PANJANG,SUMATERA SELATAN,152,77867,MARUBENI,MARUBENI CORP,JAPAN,#N/A,BANGLADESH
2015,470329,ROYAL GOLDEN EAGLE,APRIL,BUATAN,RIAU,6293,3020640,ROYAL GOLDEN EAGLE,ALKIRA TRADING (MACAO COMMERCIAL OFFSHORE) LTD,MACAO,#N/A,CHINA (MAINLAND)
2015,470329,MARUBENI,TANJUNG ENIM LESTARI,PANJANG,SUMATERA SELATAN,501,255405,MARUBENI,MARUBENI CORP,JAPAN,#N/A,INDIA
2015,470329,ROYAL GOLDEN EAGLE,APRIL,BUATAN,RIAU,38,18274,ROYAL GOLDEN EAGLE,APEL ENTERPRISES (SINGAPORE) PTE LTD,SINGAPORE,#N/A,SOUTH AFRICA
2015,470329,MARUBENI,TANJUNG ENIM LESTARI,PANJANG,SUMATERA SELATAN,985,517642,MARUBENI,MARUBENI CORP,JAPAN,#N/A,CHINA (MAINLAND)
2015,470329,ROYAL GOLDEN EAGLE,APRIL,BUATAN,RIAU,502,240783,ROYAL GOLDEN EAGLE,AP ENTERPRISES (MACAO) COMMERCIAL OFFSHORE LTD,MACAO,#N/A,BANGLADESH
2015,470329,ROYAL GOLDEN EAGLE,APRIL,BUATAN,RIAU,5075,2436000,ROYAL GOLDEN EAGLE,ALKIRA TRADING (MACAO COMMERCIAL OFFSHORE) LTD,MACAO,#N/A,CHINA (MAINLAND)
2015,470329,ROYAL GOLDEN EAGLE,APRIL,BUATAN,RIAU,257,123365,ROYAL GOLDEN EAGLE,AP ENTERPRISES (MACAO) COMMERCIAL OFFSHORE LTD,MACAO,#N/A,PAKISTAN
2015,470329,ROYAL GOLDEN EAGLE,APRIL,BUATAN,RIAU,502,241168,ROYAL GOLDEN EAGLE,APEL ENTERPRISES (SINGAPORE) PTE LTD,SINGAPORE,#N/A,INDIA
2015,470329,ROYAL GOLDEN EAGLE,APRIL,BUATAN,RIAU,281,134937,ROYAL GOLDEN EAGLE,APEL ENTERPRISES (SINGAPORE) PTE LTD,SINGAPORE,#N/A,INDIA
2015,470329,ROYAL GOLDEN EAGLE,APRIL,BUATAN,RIAU,60,28959,ROYAL GOLDEN EAGLE,APEL ENTERPRISES (SINGAPORE) PTE LTD,SINGAPORE,#N/A,INDIA
2015,470329,MARUBENI,TANJUNG ENIM LESTARI,PANJANG,SUMATERA SELATAN,64,34544,MARUBENI,MARUBENI CORP,JAPAN,#N/A,INDIA
2015,470329,ROYAL GOLDEN EAGLE,APRIL,BUATAN,RIAU,80,38534,ROYAL GOLDEN EAGLE,ALKIRA TRADING (MACAO COMMERCIAL OFFSHORE) LTD,MACAO,#N/A,CHINA (MAINLAND)
2015,470329,ROYAL GOLDEN EAGLE,TOBA PULP LESTARI,BELAWAN,SUMATERA UTARA,500,257703,ROYAL GOLDEN EAGLE,DP MARKETING INTERNATIONAL,MACAO,#N/A,CHINA (MAINLAND)
2015,470329,ROYAL GOLDEN EAGLE,TOBA PULP LESTARI,BELAWAN,SUMATERA UTARA,502,258420,ROYAL GOLDEN EAGLE,DP MARKETING INTERNATIONAL,MACAO,#N/A,CHINA (MAINLAND)
2015,470329,MARUBENI,TANJUNG ENIM LESTARI,PANJANG,SUMATERA SELATAN,109,56309,MARUBENI,MARUBENI CORP,JAPAN,#N/A,INDIA
2015,470329,SINAR MAS,LONTAR PAPYRUS,KUALA TUNGKAL,JAMBI,340,162285,SINAR MAS,GOLDEN PROFIT TRADING PTE LTD,SINGAPORE,#N/A,INDIA
2015,470329,SINAR MAS,INDAH KIAT,PERAWANG,RIAU,500,252059,UNKNOWN AFFILIATION,SUZHOU HUANG YI TRADE CO LTD,CHINA (MAINLAND),#N/A,CHINA (MAINLAND)
2015,470329,SINAR MAS,INDAH KIAT,PERAWANG,RIAU,1000,509750,UNKNOWN AFFILIATION,SUZHOU HUANG YI TRADE CO LTD,CHINA (MAINLAND),#N/A,CHINA (MAINLAND)
2015,470329,ROYAL GOLDEN EAGLE,APRIL,BUATAN,RIAU,141,67631,ROYAL GOLDEN EAGLE,APEL ENTERPRISES (SINGAPORE) PTE LTD,SINGAPORE,#N/A,THAILAND
2015,470329,SINAR MAS,INDAH KIAT,PERAWANG,RIAU,1000,504760,UNKNOWN AFFILIATION,SUZHOU HUANG YI TRADE CO LTD,CHINA (MAINLAND),#N/A,CHINA (MAINLAND)
2015,470329,ROYAL GOLDEN EAGLE,APRIL,BUATAN,RIAU,58,27955,ROYAL GOLDEN EAGLE,AP ENTERPRISES (MACAO) COMMERCIAL OFFSHORE LTD,MACAO,#N/A,PAKISTAN
2015,470329,ROYAL GOLDEN EAGLE,APRIL,BUATAN,RIAU,6525,3132070,ROYAL GOLDEN EAGLE,ALKIRA TRADING (MACAO COMMERCIAL OFFSHORE) LTD,MACAO,#N/A,CHINA (MAINLAND)
2015,470329,SINAR MAS,LONTAR PAPYRUS,KUALA TUNGKAL,JAMBI,499,239273,SINAR MAS,GOLDEN PROFIT TRADING PTE LTD,SINGAPORE,#N/A,INDIA
2015,470329,ROYAL GOLDEN EAGLE,APRIL,BUATAN,RIAU,297,142581,ROYAL GOLDEN EAGLE,APEL ENTERPRISES (SINGAPORE) PTE LTD,SINGAPORE,#N/A,SOUTH AFRICA
2015,470329,SINAR MAS,LONTAR PAPYRUS,KUALA TUNGKAL,JAMBI,758,383879,UNKNOWN AFFILIATION,SUZHOU HUANG YI TRADE CO LTD,CHINA (MAINLAND),#N/A,CHINA (MAINLAND)
2015,470329,SINAR MAS,INDAH KIAT,PERAWANG,RIAU,1000,504756,UNKNOWN AFFILIATION,SUZHOU HUANG YI TRADE CO LTD,CHINA (MAINLAND),#N/A,CHINA (MAINLAND)
2015,470329,SINAR MAS,INDAH KIAT,PERAWANG,RIAU,1000,512831,SINAR MAS,KING PAPER SOURCE TRADING (SHANGHAI) CO LTD,CHINA (MAINLAND),#N/A,CHINA (MAINLAND)
2015,470329,ROYAL GOLDEN EAGLE,APRIL,BUATAN,RIAU,502,241088,ROYAL GOLDEN EAGLE,APEL ENTERPRISES (SINGAPORE) PTE LTD,SINGAPORE,#N/A,THAILAND
2015,470329,ROYAL GOLDEN EAGLE,APRIL,BUATAN,RIAU,502,241172,ROYAL GOLDEN EAGLE,APEL ENTERPRISES (SINGAPORE) PTE LTD,SINGAPORE,#N/A,INDIA
2015,470329,SINAR MAS,INDAH KIAT,SUNGAI PAKNING,RIAU,700,353500,SINAR MAS,KING PAPER SOURCE TRADING (SHANGHAI) CO LTD,CHINA (MAINLAND),#N/A,CHINA (MAINLAND)
2015,470329,SINAR MAS,LONTAR PAPYRUS,KUALA TUNGKAL,JAMBI,500,240128,SINAR MAS,GOLDEN PROFIT TRADING PTE LTD,SINGAPORE,#N/A,UNITED ARAB EMIRATES
2015,470329,SINAR MAS,INDAH KIAT,SUNGAI PAKNING,RIAU,820,414100,SINAR MAS,KING PAPER SOURCE TRADING (SHANGHAI) CO LTD,CHINA (MAINLAND),#N/A,CHINA (MAINLAND)
2015,470329,MARUBENI,TANJUNG ENIM LESTARI,TANJUNG PRIOK,SUMATERA SELATAN,1514,785594,MARUBENI,MARUBENI CORP,JAPAN,#N/A,CHINA (MAINLAND)
2015,470329,SINAR MAS,INDAH KIAT,SUNGAI PAKNING,RIAU,3500,1767500,SINAR MAS,KING PAPER SOURCE TRADING (SHANGHAI) CO LTD,CHINA (MAINLAND),#N/A,CHINA (MAINLAND)
2015,470329,SINAR MAS,INDAH KIAT,SUNGAI PAKNING,RIAU,2660,1343300,SINAR MAS,KING PAPER SOURCE TRADING (SHANGHAI) CO LTD,CHINA (MAINLAND),#N/A,CHINA (MAINLAND)
2015,470329,MARUBENI,TANJUNG ENIM LESTARI,TANJUNG PRIOK,SUMATERA SELATAN,494,270348,MARUBENI,MARUBENI CORP,JAPAN,#N/A,JAPAN
2015,470329,SINAR MAS,INDAH KIAT,SUNGAI PAKNING,RIAU,520,262600,SINAR MAS,KING PAPER SOURCE TRADING (SHANGHAI) CO LTD,CHINA (MAINLAND),#N/A,CHINA (MAINLAND)
2015,470329,SINAR MAS,INDAH KIAT,SUNGAI PAKNING,RIAU,2000,1010000,SINAR MAS,KING PAPER SOURCE TRADING (SHANGHAI) CO LTD,CHINA (MAINLAND),#N/A,CHINA (MAINLAND)
2015,470329,ROYAL GOLDEN EAGLE,TOBA PULP LESTARI,BELAWAN,SUMATERA UTARA,500,257533,ROYAL GOLDEN EAGLE,DP MARKETING INTERNATIONAL,MACAO,#N/A,CHINA (MAINLAND)
2015,470329,ROYAL GOLDEN EAGLE,APRIL,BUATAN,RIAU,536,257476,ROYAL GOLDEN EAGLE,AP ENTERPRISES (MACAO) COMMERCIAL OFFSHORE LTD,MACAO,#N/A,PAKISTAN
2015,470329,ROYAL GOLDEN EAGLE,APRIL,BUATAN,RIAU,8938,4290132,ROYAL GOLDEN EAGLE,APEL ENTERPRISES (SINGAPORE) PTE LTD,SINGAPORE,#N/A,SOUTH KOREA
2015,470329,ROYAL GOLDEN EAGLE,APRIL,BUATAN,RIAU,3514,1686733,ROYAL GOLDEN EAGLE,AP ENTERPRISES (MACAO) COMMERCIAL OFFSHORE LTD,MACAO,#N/A,SOUTH KOREA
2015,470329,ROYAL GOLDEN EAGLE,APRIL,BUATAN,RIAU,6626,3180436,ROYAL GOLDEN EAGLE,AP ENTERPRISES (MACAO) COMMERCIAL OFFSHORE LTD,MACAO,#N/A,SOUTH KOREA
2015,470329,ROYAL GOLDEN EAGLE,APRIL,BUATAN,RIAU,100,48190,ROYAL GOLDEN EAGLE,APEL ENTERPRISES (SINGAPORE) PTE LTD,SINGAPORE,#N/A,INDIA
2015,470329,ROYAL GOLDEN EAGLE,APRIL,BUATAN,RIAU,1490,715303,ROYAL GOLDEN EAGLE,ALKIRA TRADING (MACAO COMMERCIAL OFFSHORE) LTD,MACAO,#N/A,CHINA (MAINLAND)
2015,470329,ROYAL GOLDEN EAGLE,APRIL,BUATAN,RIAU,502,241104,ROYAL GOLDEN EAGLE,AP ENTERPRISES (MACAO) COMMERCIAL OFFSHORE LTD,MACAO,#N/A,BANGLADESH
2015,470329,SINAR MAS,LONTAR PAPYRUS,KUALA TUNGKAL,JAMBI,239,114415,SINAR MAS,GOLDEN PROFIT TRADING PTE LTD,SINGAPORE,#N/A,INDIA
2015,470329,ROYAL GOLDEN EAGLE,APRIL,BUATAN,RIAU,38,18277,ROYAL GOLDEN EAGLE,AP ENTERPRISES (MACAO) COMMERCIAL OFFSHORE LTD,MACAO,#N/A,PAKISTAN
2015,470329,SINAR MAS,LONTAR PAPYRUS,KUALA TUNGKAL,JAMBI,959,485493,UNKNOWN AFFILIATION,SUZHOU HUANG YI TRADE CO LTD,CHINA (MAINLAND),#N/A,CHINA (MAINLAND)
2015,470329,MARUBENI,TANJUNG ENIM LESTARI,PANJANG,SUMATERA SELATAN,979,502109,MARUBENI,MARUBENI CORP,JAPAN,#N/A,CHINA (MAINLAND)
2015,470329,MARUBENI,TANJUNG ENIM LESTARI,PANJANG,SUMATERA SELATAN,500,253822,MARUBENI,MARUBENI CORP,JAPAN,#N/A,INDIA
2015,470329,MARUBENI,TANJUNG ENIM LESTARI,PANJANG,SUMATERA SELATAN,501,254411,MARUBENI,MARUBENI CORP,JAPAN,#N/A,INDIA
2015,470329,ROYAL GOLDEN EAGLE,APRIL,BUATAN,RIAU,501,240589,ROYAL GOLDEN EAGLE,AP ENTERPRISES (MACAO) COMMERCIAL OFFSHORE LTD,MACAO,#N/A,BANGLADESH
2015,470329,ROYAL GOLDEN EAGLE,APRIL,BUATAN,RIAU,994,476889,ROYAL GOLDEN EAGLE,ALKIRA TRADING (MACAO COMMERCIAL OFFSHORE) LTD,MACAO,#N/A,CHINA (MAINLAND)
2015,470329,ROYAL GOLDEN EAGLE,TOBA PULP LESTARI,BELAWAN,SUMATERA UTARA,501,258054,ROYAL GOLDEN EAGLE,DP MARKETING INTERNATIONAL,MACAO,#N/A,CHINA (MAINLAND)
2015,470329,MARUBENI,TANJUNG ENIM LESTARI,PANJANG,SUMATERA SELATAN,981,499523,MARUBENI,MARUBENI CORP,JAPAN,#N/A,CHINA (MAINLAND)
2015,470329,ROYAL GOLDEN EAGLE,APRIL,BUATAN,RIAU,1004,482032,ROYAL GOLDEN EAGLE,ALKIRA TRADING (MACAO COMMERCIAL OFFSHORE) LTD,MACAO,#N/A,CHINA (MAINLAND)
2015,470329,MARUBENI,TANJUNG ENIM LESTARI,PANJANG,SUMATERA SELATAN,109,55062,MARUBENI,MARUBENI CORP,JAPAN,#N/A,INDIA
2015,470329,ROYAL GOLDEN EAGLE,APRIL,BUATAN,RIAU,100,48216,ROYAL GOLDEN EAGLE,APEL ENTERPRISES (SINGAPORE) PTE LTD,SINGAPORE,#N/A,INDIA
2015,470329,ROYAL GOLDEN EAGLE,APRIL,BUATAN,RIAU,101,48259,ROYAL GOLDEN EAGLE,APEL ENTERPRISES (SINGAPORE) PTE LTD,SINGAPORE,#N/A,INDIA
2015,470329,MARUBENI,TANJUNG ENIM LESTARI,PANJANG,SUMATERA SELATAN,108,56130,MARUBENI,MARUBENI CORP,JAPAN,#N/A,INDIA
2015,470329,ROYAL GOLDEN EAGLE,APRIL,BUATAN,RIAU,502,240958,ROYAL GOLDEN EAGLE,AP ENTERPRISES (MACAO) COMMERCIAL OFFSHORE LTD,MACAO,#N/A,BANGLADESH
2015,470329,ROYAL GOLDEN EAGLE,APRIL,BUATAN,RIAU,1489,714930,ROYAL GOLDEN EAGLE,ALKIRA TRADING (MACAO COMMERCIAL OFFSHORE) LTD,MACAO,#N/A,CHINA (MAINLAND)
2015,470329,ROYAL GOLDEN EAGLE,TOBA PULP LESTARI,BELAWAN,SUMATERA UTARA,501,257993,ROYAL GOLDEN EAGLE,DP MARKETING INTERNATIONAL,MACAO,#N/A,CHINA (MAINLAND)
2015,470329,SINAR MAS,LONTAR PAPYRUS,KUALA TUNGKAL,JAMBI,498,239353,SINAR MAS,GOLDEN PROFIT TRADING PTE LTD,SINGAPORE,#N/A,UNITED ARAB EMIRATES
2015,470329,SINAR MAS,LONTAR PAPYRUS,KUALA TUNGKAL,JAMBI,679,343634,UNKNOWN AFFILIATION,SUZHOU HUANG YI TRADE CO LTD,CHINA (MAINLAND),#N/A,CHINA (MAINLAND)
2015,470329,SINAR MAS,LONTAR PAPYRUS,KUALA TUNGKAL,JAMBI,520,265252,SINAR MAS,KING PAPER SOURCE TRADING (SHANGHAI) CO LTD,CHINA (MAINLAND),#N/A,CHINA (MAINLAND)
2015,470329,SINAR MAS,INDAH KIAT,PERAWANG,RIAU,500,237786,SINAR MAS,GOLDEN PROFIT TRADING PTE LTD,SINGAPORE,#N/A,BANGLADESH
2015,470329,ROYAL GOLDEN EAGLE,APRIL,BUATAN,RIAU,502,240996,ROYAL GOLDEN EAGLE,AP ENTERPRISES (MACAO) COMMERCIAL OFFSHORE LTD,MACAO,#N/A,BANGLADESH
2015,470329,SINAR MAS,INDAH KIAT,PERAWANG,RIAU,72,36315,SINAR MAS,GOLDEN PROFIT TRADING PTE LTD,SINGAPORE,#N/A,JAPAN
2015,470329,ROYAL GOLDEN EAGLE,APRIL,BUATAN,RIAU,501,240709,ROYAL GOLDEN EAGLE,AP ENTERPRISES (MACAO) COMMERCIAL OFFSHORE LTD,MACAO,#N/A,BANGLADESH
2015,470329,SINAR MAS,INDAH KIAT,PERAWANG,RIAU,800,401650,SINAR MAS,KING PAPER SOURCE TRADING (SHANGHAI) CO LTD,CHINA (MAINLAND),#N/A,CHINA (MAINLAND)
2015,470329,SINAR MAS,LONTAR PAPYRUS,KUALA TUNGKAL,JAMBI,1000,506002,UNKNOWN AFFILIATION,SUZHOU HUANG YI TRADE CO LTD,CHINA (MAINLAND),#N/A,CHINA (MAINLAND)
2015,470329,SINAR MAS,INDAH KIAT,PERAWANG,RIAU,1100,535782,SINAR MAS,KING PAPER SOURCE TRADING (SHANGHAI) CO LTD,CHINA (MAINLAND),#N/A,CHINA (MAINLAND)
2015,470329,ROYAL GOLDEN EAGLE,APRIL,BUATAN,RIAU,763,366033,ROYAL GOLDEN EAGLE,AP ENTERPRISES (MACAO) COMMERCIAL OFFSHORE LTD,MACAO,#N/A,BANGLADESH
2015,470329,ROYAL GOLDEN EAGLE,APRIL,BUATAN,RIAU,60,28937,ROYAL GOLDEN EAGLE,APEL ENTERPRISES (SINGAPORE) PTE LTD,SINGAPORE,#N/A,INDIA
2015,470329,ROYAL GOLDEN EAGLE,APRIL,BUATAN,RIAU,100,48006,ROYAL GOLDEN EAGLE,APEL ENTERPRISES (SINGAPORE) PTE LTD,SINGAPORE,#N/A,THAILAND
2015,470329,ROYAL GOLDEN EAGLE,APRIL,BUATAN,RIAU,141,67480,ROYAL GOLDEN EAGLE,APEL ENTERPRISES (SINGAPORE) PTE LTD,SINGAPORE,#N/A,THAILAND
2015,470329,SINAR MAS,INDAH KIAT,PERAWANG,RIAU,1000,507318,SINAR MAS,KING PAPER SOURCE TRADING (SHANGHAI) CO LTD,CHINA (MAINLAND),#N/A,CHINA (MAINLAND)
2015,470329,ROYAL GOLDEN EAGLE,APRIL,BUATAN,RIAU,501,240458,ROYAL GOLDEN EAGLE,ALKIRA TRADING (MACAO COMMERCIAL OFFSHORE) LTD,MACAO,#N/A,CHINA (MAINLAND)
2015,470329,ROYAL GOLDEN EAGLE,TOBA PULP LESTARI,BELAWAN,SUMATERA UTARA,502,258430,ROYAL GOLDEN EAGLE,DP MARKETING INTERNATIONAL,MACAO,#N/A,CHINA (MAINLAND)
2015,470329,ROYAL GOLDEN EAGLE,APRIL,BUATAN,RIAU,501,240425,ROYAL GOLDEN EAGLE,AP ENTERPRISES (MACAO) COMMERCIAL OFFSHORE LTD,MACAO,#N/A,BANGLADESH
2015,470329,ROYAL GOLDEN EAGLE,TOBA PULP LESTARI,BELAWAN,SUMATERA UTARA,1001,515427,ROYAL GOLDEN EAGLE,DP MARKETING INTERNATIONAL,MACAO,#N/A,CHINA (MAINLAND)
2015,470329,ROYAL GOLDEN EAGLE,TOBA PULP LESTARI,BELAWAN,SUMATERA UTARA,501,257903,ROYAL GOLDEN EAGLE,DP MARKETING INTERNATIONAL,MACAO,#N/A,CHINA (MAINLAND)
2015,470329,ROYAL GOLDEN EAGLE,TOBA PULP LESTARI,BELAWAN,SUMATERA UTARA,502,258730,ROYAL GOLDEN EAGLE,DP MARKETING INTERNATIONAL,MACAO,#N/A,CHINA (MAINLAND)
2015,470329,SINAR MAS,INDAH KIAT,PERAWANG,RIAU,594,274128,SINAR MAS,GOLDEN PROFIT TRADING PTE LTD,SINGAPORE,#N/A,JAPAN
2015,470329,MARUBENI,TANJUNG ENIM LESTARI,TANJUNG PRIOK,SUMATERA SELATAN,997,516180,MARUBENI,MARUBENI CORP,JAPAN,#N/A,CHINA (MAINLAND)
2015,470329,ROYAL GOLDEN EAGLE,TOBA PULP LESTARI,BELAWAN,SUMATERA UTARA,192,99065,ROYAL GOLDEN EAGLE,DP MARKETING INTERNATIONAL,MACAO,#N/A,CHINA (MAINLAND)
2015,470329,ROYAL GOLDEN EAGLE,TOBA PULP LESTARI,BELAWAN,SUMATERA UTARA,501,258054,ROYAL GOLDEN EAGLE,DP MARKETING INTERNATIONAL,MACAO,#N/A,CHINA (MAINLAND)
2015,470329,SINAR MAS,LONTAR PAPYRUS,KUALA TUNGKAL,JAMBI,821,394732,UNKNOWN AFFILIATION,SUZHOU HUANG YI TRADE CO LTD,CHINA (MAINLAND),#N/A,CHINA (MAINLAND)
2015,470329,ROYAL GOLDEN EAGLE,APRIL,BUATAN,RIAU,260,124842,ROYAL GOLDEN EAGLE,AP ENTERPRISES (MACAO) COMMERCIAL OFFSHORE LTD,MACAO,#N/A,BANGLADESH
2015,470329,SINAR MAS,LONTAR PAPYRUS,KUALA TUNGKAL,JAMBI,240,117142,SINAR MAS,GOLDEN PROFIT TRADING PTE LTD,SINGAPORE,#N/A,INDIA
2015,470329,SINAR MAS,INDAH KIAT,PERAWANG,RIAU,1100,549594,SINAR MAS,KING PAPER SOURCE TRADING (SHANGHAI) CO LTD,CHINA (MAINLAND),#N/A,CHINA (MAINLAND)
2015,470329,SINAR MAS,LONTAR PAPYRUS,KUALA TUNGKAL,JAMBI,780,396872,SINAR MAS,KING PAPER SOURCE TRADING (SHANGHAI) CO LTD,CHINA (MAINLAND),#N/A,CHINA (MAINLAND)
2015,470329,SINAR MAS,LONTAR PAPYRUS,KUALA TUNGKAL,JAMBI,261,127465,SINAR MAS,GOLDEN PROFIT TRADING PTE LTD,SINGAPORE,#N/A,INDIA
2015,470329,ROYAL GOLDEN EAGLE,APRIL,BUATAN,RIAU,6227,2988756,ROYAL GOLDEN EAGLE,ALKIRA TRADING (MACAO COMMERCIAL OFFSHORE) LTD,MACAO,#N/A,CHINA (MAINLAND)
2015,470329,SINAR MAS,INDAH KIAT,PERAWANG,RIAU,340,175017,SINAR MAS,GOLDEN PROFIT TRADING PTE LTD,SINGAPORE,#N/A,TAIWAN
2015,470329,ROYAL GOLDEN EAGLE,APRIL,BUATAN,RIAU,502,241121,ROYAL GOLDEN EAGLE,ALKIRA TRADING (MACAO COMMERCIAL OFFSHORE) LTD,MACAO,#N/A,CHINA (MAINLAND)
2015,470329,ROYAL GOLDEN EAGLE,APRIL,BUATAN,RIAU,502,241104,ROYAL GOLDEN EAGLE,AP ENTERPRISES (MACAO) COMMERCIAL OFFSHORE LTD,MACAO,#N/A,BANGLADESH
2015,470329,ROYAL GOLDEN EAGLE,APRIL,BUATAN,RIAU,501,240608,ROYAL GOLDEN EAGLE,AP ENTERPRISES (MACAO) COMMERCIAL OFFSHORE LTD,MACAO,#N/A,BANGLADESH
2015,470329,SINAR MAS,INDAH KIAT,PERAWANG,RIAU,1000,514756,UNKNOWN AFFILIATION,SUZHOU HUANG YI TRADE CO LTD,CHINA (MAINLAND),#N/A,CHINA (MAINLAND)
2015,470329,SINAR MAS,INDAH KIAT,PERAWANG,RIAU,560,282663,UNKNOWN AFFILIATION,SUZHOU HUANG YI TRADE CO LTD,CHINA (MAINLAND),#N/A,CHINA (MAINLAND)
2015,470329,SINAR MAS,INDAH KIAT,PERAWANG,RIAU,1000,514756,UNKNOWN AFFILIATION,SUZHOU HUANG YI TRADE CO LTD,CHINA (MAINLAND),#N/A,CHINA (MAINLAND)
2015,470329,ROYAL GOLDEN EAGLE,APRIL,BUATAN,RIAU,596,285899,ROYAL GOLDEN EAGLE,ALKIRA TRADING (MACAO COMMERCIAL OFFSHORE) LTD,MACAO,#N/A,CHINA (MAINLAND)
2015,470329,ROYAL GOLDEN EAGLE,APRIL,BUATAN,RIAU,5019,2409273,ROYAL GOLDEN EAGLE,ALKIRA TRADING (MACAO COMMERCIAL OFFSHORE) LTD,MACAO,#N/A,CHINA (MAINLAND)
2015,470329,SINAR MAS,LONTAR PAPYRUS,KUALA TUNGKAL,JAMBI,220,106286,UNKNOWN AFFILIATION,SUZHOU HUANG YI TRADE CO LTD,CHINA (MAINLAND),#N/A,CHINA (MAINLAND)
2015,470329,ROYAL GOLDEN EAGLE,APRIL,BUATAN,RIAU,502,240927,ROYAL GOLDEN EAGLE,ALKIRA TRADING (MACAO COMMERCIAL OFFSHORE) LTD,MACAO,#N/A,CHINA (MAINLAND)
2015,470329,ROYAL GOLDEN EAGLE,APRIL,BUATAN,RIAU,3036,1457383,ROYAL GOLDEN EAGLE,ALKIRA TRADING (MACAO COMMERCIAL OFFSHORE) LTD,MACAO,#N/A,CHINA (MAINLAND)
2015,470329,ROYAL GOLDEN EAGLE,APRIL,BUATAN,RIAU,993,476810,ROYAL GOLDEN EAGLE,ALKIRA TRADING (MACAO COMMERCIAL OFFSHORE) LTD,MACAO,#N/A,CHINA (MAINLAND)
2015,470329,ROYAL GOLDEN EAGLE,APRIL,BUATAN,RIAU,4606,2210880,ROYAL GOLDEN EAGLE,ALKIRA TRADING (MACAO COMMERCIAL OFFSHORE) LTD,MACAO,#N/A,CHINA (MAINLAND)
2015,470329,ROYAL GOLDEN EAGLE,APRIL,BUATAN,RIAU,100,48210,ROYAL GOLDEN EAGLE,APEL ENTERPRISES (SINGAPORE) PTE LTD,SINGAPORE,#N/A,INDIA
2015,470329,ROYAL GOLDEN EAGLE,APRIL,BUATAN,RIAU,994,477142,ROYAL GOLDEN EAGLE,ALKIRA TRADING (MACAO COMMERCIAL OFFSHORE) LTD,MACAO,#N/A,CHINA (MAINLAND)
2015,470329,SINAR MAS,INDAH KIAT,PERAWANG,RIAU,700,358759,SINAR MAS,KING PAPER SOURCE TRADING (SHANGHAI) CO LTD,CHINA (MAINLAND),#N/A,CHINA (MAINLAND)
2015,470329,SINAR MAS,INDAH KIAT,PERAWANG,RIAU,500,238088,SINAR MAS,GOLDEN PROFIT TRADING PTE LTD,SINGAPORE,#N/A,BANGLADESH
2015,470329,ROYAL GOLDEN EAGLE,APRIL,BUATAN,RIAU,1004,482077,ROYAL GOLDEN EAGLE,ALKIRA TRADING (MACAO COMMERCIAL OFFSHORE) LTD,MACAO,#N/A,CHINA (MAINLAND)
2015,470329,MARUBENI,TANJUNG ENIM LESTARI,PANJANG,SUMATERA SELATAN,982,511225,MARUBENI,MARUBENI CORP,JAPAN,#N/A,CHINA (MAINLAND)
2015,470329,MARUBENI,TANJUNG ENIM LESTARI,TANJUNG PRIOK,SUMATERA SELATAN,79,43197,MARUBENI,MARUBENI CORP,JAPAN,#N/A,JAPAN
2015,470329,MARUBENI,TANJUNG ENIM LESTARI,TANJUNG PRIOK,SUMATERA SELATAN,416,231542,MARUBENI,MARUBENI CORP,JAPAN,#N/A,JAPAN
2015,470329,SINAR MAS,INDAH KIAT,SUNGAI PAKNING,RIAU,100,50150,SINAR MAS,GOLDEN PROFIT TRADING PTE LTD,SINGAPORE,#N/A,SOUTH KOREA
2015,470329,SINAR MAS,INDAH KIAT,SUNGAI PAKNING,RIAU,100,50150,SINAR MAS,GOLDEN PROFIT TRADING PTE LTD,SINGAPORE,#N/A,SOUTH KOREA
2015,470329,MARUBENI,TANJUNG ENIM LESTARI,PANJANG,SUMATERA SELATAN,174,94508,MARUBENI,MARUBENI CORP,JAPAN,#N/A,INDIA
2015,470329,ROYAL GOLDEN EAGLE,TOBA PULP LESTARI,BELAWAN,SUMATERA UTARA,499,256922,ROYAL GOLDEN EAGLE,DP MARKETING INTERNATIONAL,MACAO,#N/A,CHINA (MAINLAND)
2015,470329,ROYAL GOLDEN EAGLE,APRIL,BUATAN,RIAU,501,240620,ROYAL GOLDEN EAGLE,ALKIRA TRADING (MACAO COMMERCIAL OFFSHORE) LTD,MACAO,#N/A,CHINA (MAINLAND)
2015,470329,SINAR MAS,INDAH KIAT,SUNGAI PAKNING,RIAU,1000,501500,SINAR MAS,GOLDEN PROFIT TRADING PTE LTD,SINGAPORE,#N/A,SOUTH KOREA
2015,470329,MARUBENI,TANJUNG ENIM LESTARI,PANJANG,SUMATERA SELATAN,494,262592,MARUBENI,MARUBENI CORP,JAPAN,#N/A,THAILAND
2015,470329,SINAR MAS,INDAH KIAT,SUNGAI PAKNING,RIAU,4000,2020000,SINAR MAS,KING PAPER SOURCE TRADING (SHANGHAI) CO LTD,CHINA (MAINLAND),#N/A,CHINA (MAINLAND)
2015,470329,MARUBENI,TANJUNG ENIM LESTARI,PANJANG,SUMATERA SELATAN,499,266260,MARUBENI,MARUBENI CORP,JAPAN,#N/A,CHINA (MAINLAND)
2015,470329,SINAR MAS,LONTAR PAPYRUS,KUALA TUNGKAL,JAMBI,1499,724119,UNKNOWN AFFILIATION,SUZHOU HUANG YI TRADE CO LTD,CHINA (MAINLAND),#N/A,CHINA (MAINLAND)
2015,470329,MARUBENI,TANJUNG ENIM LESTARI,PANJANG,SUMATERA SELATAN,501,267691,MARUBENI,MARUBENI CORP,JAPAN,#N/A,CHINA (MAINLAND)
2015,470329,SINAR MAS,INDAH KIAT,SUNGAI PAKNING,RIAU,1000,501500,SINAR MAS,GOLDEN PROFIT TRADING PTE LTD,SINGAPORE,#N/A,SOUTH KOREA
2015,470329,ROYAL GOLDEN EAGLE,APRIL,BUATAN,RIAU,4373,2099032,ROYAL GOLDEN EAGLE,AP ENTERPRISES (MACAO) COMMERCIAL OFFSHORE LTD,MACAO,#N/A,BANGLADESH
2015,470329,SINAR MAS,INDAH KIAT,SUNGAI PAKNING,RIAU,300,150450,SINAR MAS,GOLDEN PROFIT TRADING PTE LTD,SINGAPORE,#N/A,SOUTH KOREA
2015,470329,SINAR MAS,INDAH KIAT,SUNGAI PAKNING,RIAU,1000,501500,SINAR MAS,GOLDEN PROFIT TRADING PTE LTD,SINGAPORE,#N/A,SOUTH KOREA
2015,470329,ROYAL GOLDEN EAGLE,APRIL,BUATAN,RIAU,501,240537,ROYAL GOLDEN EAGLE,AP ENTERPRISES (MACAO) COMMERCIAL OFFSHORE LTD,MACAO,#N/A,BANGLADESH
2015,470329,SINAR MAS,INDAH KIAT,SUNGAI PAKNING,RIAU,1500,757500,SINAR MAS,KING PAPER SOURCE TRADING (SHANGHAI) CO LTD,CHINA (MAINLAND),#N/A,CHINA (MAINLAND)
2015,470329,ROYAL GOLDEN EAGLE,TOBA PULP LESTARI,BELAWAN,SUMATERA UTARA,1001,515394,ROYAL GOLDEN EAGLE,DP MARKETING INTERNATIONAL,MACAO,#N/A,CHINA (MAINLAND)
2015,470329,SINAR MAS,LONTAR PAPYRUS,KUALA TUNGKAL,JAMBI,499,253650,UNKNOWN AFFILIATION,NINGBO CROWN OF CHINA ENERGY CO LTD,CHINA (MAINLAND),#N/A,CHINA (MAINLAND)
2015,470329,MARUBENI,TANJUNG ENIM LESTARI,PANJANG,SUMATERA SELATAN,499,261516,MARUBENI,MARUBENI CORP,JAPAN,#N/A,CHINA (MAINLAND)
2015,470329,SINAR MAS,INDAH KIAT,SUNGAI PAKNING,RIAU,400,200600,SINAR MAS,GOLDEN PROFIT TRADING PTE LTD,SINGAPORE,#N/A,SOUTH KOREA
2015,470329,MARUBENI,TANJUNG ENIM LESTARI,PANJANG,SUMATERA SELATAN,110,57552,MARUBENI,MARUBENI CORP,JAPAN,#N/A,INDIA
2015,470329,MARUBENI,TANJUNG ENIM LESTARI,PANJANG,SUMATERA SELATAN,109,55220,MARUBENI,MARUBENI CORP,JAPAN,#N/A,INDIA
2015,470329,ROYAL GOLDEN EAGLE,APRIL,BUATAN,RIAU,100,48034,ROYAL GOLDEN EAGLE,APEL ENTERPRISES (SINGAPORE) PTE LTD,SINGAPORE,#N/A,INDIA
2015,470329,ROYAL GOLDEN EAGLE,APRIL,BUATAN,RIAU,100,48066,ROYAL GOLDEN EAGLE,APEL ENTERPRISES (SINGAPORE) PTE LTD,SINGAPORE,#N/A,INDIA
2015,470329,ROYAL GOLDEN EAGLE,APRIL,BUATAN,RIAU,300,144035,ROYAL GOLDEN EAGLE,APEL ENTERPRISES (SINGAPORE) PTE LTD,SINGAPORE,#N/A,INDIA
2015,470329,ROYAL GOLDEN EAGLE,APRIL,BUATAN,RIAU,498,239258,ROYAL GOLDEN EAGLE,AP ENTERPRISES (MACAO) COMMERCIAL OFFSHORE LTD,MACAO,#N/A,BANGLADESH
2015,470329,ROYAL GOLDEN EAGLE,APRIL,BUATAN,RIAU,321,153925,ROYAL GOLDEN EAGLE,APEL ENTERPRISES (SINGAPORE) PTE LTD,SINGAPORE,#N/A,UNITED ARAB EMIRATES
2015,470329,SINAR MAS,INDAH KIAT,PERAWANG,RIAU,500,251131,UNKNOWN AFFILIATION,SUZHOU HUANG YI TRADE CO LTD,CHINA (MAINLAND),#N/A,CHINA (MAINLAND)
2015,470329,SINAR MAS,LONTAR PAPYRUS,KUALA TUNGKAL,JAMBI,836,425045,UNKNOWN AFFILIATION,SUZHOU HUANG YI TRADE CO LTD,CHINA (MAINLAND),#N/A,CHINA (MAINLAND)
2015,470329,ROYAL GOLDEN EAGLE,APRIL,BUATAN,RIAU,161,77115,ROYAL GOLDEN EAGLE,AP ENTERPRISES (MACAO) COMMERCIAL OFFSHORE LTD,MACAO,#N/A,BANGLADESH
2015,470329,ROYAL GOLDEN EAGLE,APRIL,BUATAN,RIAU,501,240331,ROYAL GOLDEN EAGLE,AP ENTERPRISES (MACAO) COMMERCIAL OFFSHORE LTD,MACAO,#N/A,BANGLADESH
2015,470329,ROYAL GOLDEN EAGLE,APRIL,BUATAN,RIAU,2107,1011547,ROYAL GOLDEN EAGLE,APEL ENTERPRISES (SINGAPORE) PTE LTD,SINGAPORE,#N/A,JAPAN
2015,470329,ROYAL GOLDEN EAGLE,APRIL,BUATAN,RIAU,501,240408,ROYAL GOLDEN EAGLE,AP ENTERPRISES (MACAO) COMMERCIAL OFFSHORE LTD,MACAO,#N/A,BANGLADESH
2015,470329,ROYAL GOLDEN EAGLE,APRIL,BUATAN,RIAU,40,19259,ROYAL GOLDEN EAGLE,AP ENTERPRISES (MACAO) COMMERCIAL OFFSHORE LTD,MACAO,#N/A,BANGLADESH
2015,470329,ROYAL GOLDEN EAGLE,APRIL,BUATAN,RIAU,542,259990,ROYAL GOLDEN EAGLE,APEL ENTERPRISES (SINGAPORE) PTE LTD,SINGAPORE,#N/A,UNITED ARAB EMIRATES
2015,470329,ROYAL GOLDEN EAGLE,APRIL,BUATAN,RIAU,8039,3858830,ROYAL GOLDEN EAGLE,ALKIRA TRADING (MACAO COMMERCIAL OFFSHORE) LTD,MACAO,#N/A,CHINA (MAINLAND)
2015,470329,ROYAL GOLDEN EAGLE,APRIL,BUATAN,RIAU,6027,2892731,ROYAL GOLDEN EAGLE,ALKIRA TRADING (MACAO COMMERCIAL OFFSHORE) LTD,MACAO,#N/A,CHINA (MAINLAND)
2015,470329,ROYAL GOLDEN EAGLE,APRIL,BUATAN,RIAU,501,240605,ROYAL GOLDEN EAGLE,AP ENTERPRISES (MACAO) COMMERCIAL OFFSHORE LTD,MACAO,#N/A,BANGLADESH
2015,470329,ROYAL GOLDEN EAGLE,APRIL,BUATAN,RIAU,6474,3097708,ROYAL GOLDEN EAGLE,ALKIRA TRADING (MACAO COMMERCIAL OFFSHORE) LTD,MACAO,#N/A,CHINA (MAINLAND)
2015,470329,ROYAL GOLDEN EAGLE,APRIL,BUATAN,RIAU,894,429287,ROYAL GOLDEN EAGLE,ALKIRA TRADING (MACAO COMMERCIAL OFFSHORE) LTD,MACAO,#N/A,CHINA (MAINLAND)
2015,470329,ROYAL GOLDEN EAGLE,TOBA PULP LESTARI,BELAWAN,SUMATERA UTARA,501,258079,ROYAL GOLDEN EAGLE,DP MARKETING INTERNATIONAL,MACAO,#N/A,CHINA (MAINLAND)
2015,470329,MARUBENI,TANJUNG ENIM LESTARI,TANJUNG PRIOK,SUMATERA SELATAN,415,230872,MARUBENI,MARUBENI CORP,JAPAN,#N/A,JAPAN
2015,470329,ROYAL GOLDEN EAGLE,APRIL,BUATAN,RIAU,495,237420,ROYAL GOLDEN EAGLE,APEL ENTERPRISES (SINGAPORE) PTE LTD,SINGAPORE,#N/A,EGYPT
2015,470329,SINAR MAS,LONTAR PAPYRUS,KUALA TUNGKAL,JAMBI,1001,483408,UNKNOWN AFFILIATION,SUZHOU HUANG YI TRADE CO LTD,CHINA (MAINLAND),#N/A,CHINA (MAINLAND)
2015,470329,ROYAL GOLDEN EAGLE,TOBA PULP LESTARI,BELAWAN,SUMATERA UTARA,1004,517301,ROYAL GOLDEN EAGLE,DP MARKETING INTERNATIONAL,MACAO,#N/A,CHINA (MAINLAND)
2015,470329,SINAR MAS,LONTAR PAPYRUS,KUALA TUNGKAL,JAMBI,1198,578522,UNKNOWN AFFILIATION,SUZHOU HUANG YI TRADE CO LTD,CHINA (MAINLAND),#N/A,CHINA (MAINLAND)
2015,470329,ROYAL GOLDEN EAGLE,APRIL,BUATAN,RIAU,804,386075,ROYAL GOLDEN EAGLE,ALKIRA TRADING (MACAO COMMERCIAL OFFSHORE) LTD,MACAO,#N/A,CHINA (MAINLAND)
2015,470329,ROYAL GOLDEN EAGLE,TOBA PULP LESTARI,BELAWAN,SUMATERA UTARA,501,258207,ROYAL GOLDEN EAGLE,DP MARKETING INTERNATIONAL,MACAO,#N/A,CHINA (MAINLAND)
2015,470329,ROYAL GOLDEN EAGLE,APRIL,BUATAN,RIAU,1005,482226,ROYAL GOLDEN EAGLE,ALKIRA TRADING (MACAO COMMERCIAL OFFSHORE) LTD,MACAO,#N/A,CHINA (MAINLAND)
2015,470329,ROYAL GOLDEN EAGLE,APRIL,BUATAN,RIAU,261,125243,ROYAL GOLDEN EAGLE,AP ENTERPRISES (MACAO) COMMERCIAL OFFSHORE LTD,MACAO,#N/A,BANGLADESH
2015,470329,ROYAL GOLDEN EAGLE,TOBA PULP LESTARI,BELAWAN,SUMATERA UTARA,1003,516692,ROYAL GOLDEN EAGLE,DP MARKETING INTERNATIONAL,MACAO,#N/A,CHINA (MAINLAND)
2015,470329,ROYAL GOLDEN EAGLE,APRIL,BUATAN,RIAU,502,241043,ROYAL GOLDEN EAGLE,AP ENTERPRISES (MACAO) COMMERCIAL OFFSHORE LTD,MACAO,#N/A,BANGLADESH
2015,470329,ROYAL GOLDEN EAGLE,APRIL,BUATAN,RIAU,542,260341,ROYAL GOLDEN EAGLE,APEL ENTERPRISES (SINGAPORE) PTE LTD,SINGAPORE,#N/A,UNITED ARAB EMIRATES
2015,470329,SINAR MAS,INDAH KIAT,SUNGAI PAKNING,RIAU,1500,759000,SINAR MAS,KING PAPER SOURCE TRADING (SHANGHAI) CO LTD,CHINA (MAINLAND),#N/A,CHINA (MAINLAND)
2015,470329,ROYAL GOLDEN EAGLE,APRIL,BUATAN,RIAU,497,238644,ROYAL GOLDEN EAGLE,APEL ENTERPRISES (SINGAPORE) PTE LTD,SINGAPORE,#N/A,EGYPT
2015,470329,SINAR MAS,INDAH KIAT,SUNGAI PAKNING,RIAU,9000,4554000,SINAR MAS,KING PAPER SOURCE TRADING (SHANGHAI) CO LTD,CHINA (MAINLAND),#N/A,CHINA (MAINLAND)
2015,470329,SINAR MAS,LONTAR PAPYRUS,KUALA TUNGKAL,JAMBI,700,355958,SINAR MAS,KING PAPER SOURCE TRADING (SHANGHAI) CO LTD,CHINA (MAINLAND),#N/A,CHINA (MAINLAND)
2015,470329,ROYAL GOLDEN EAGLE,APRIL,BUATAN,RIAU,502,240839,ROYAL GOLDEN EAGLE,ALKIRA TRADING (MACAO COMMERCIAL OFFSHORE) LTD,MACAO,#N/A,CHINA (MAINLAND)
2015,470329,ROYAL GOLDEN EAGLE,APRIL,BUATAN,RIAU,1004,482054,ROYAL GOLDEN EAGLE,ALKIRA TRADING (MACAO COMMERCIAL OFFSHORE) LTD,MACAO,#N/A,CHINA (MAINLAND)
2015,470329,ROYAL GOLDEN EAGLE,APRIL,BUATAN,RIAU,201,96387,ROYAL GOLDEN EAGLE,APEL ENTERPRISES (SINGAPORE) PTE LTD,SINGAPORE,#N/A,PHILIPPINES
2015,470329,ROYAL GOLDEN EAGLE,APRIL,BUATAN,RIAU,161,77123,ROYAL GOLDEN EAGLE,APEL ENTERPRISES (SINGAPORE) PTE LTD,SINGAPORE,#N/A,INDIA
2015,470329,ROYAL GOLDEN EAGLE,APRIL,BUATAN,RIAU,141,67516,ROYAL GOLDEN EAGLE,APEL ENTERPRISES (SINGAPORE) PTE LTD,SINGAPORE,#N/A,THAILAND
2015,470329,MARUBENI,TANJUNG ENIM LESTARI,PANJANG,SUMATERA SELATAN,502,265771,MARUBENI,MARUBENI CORP,JAPAN,#N/A,CHINA (MAINLAND)
2015,470329,SINAR MAS,INDAH KIAT,PERAWANG,RIAU,1000,504506,SINAR MAS,GOLDEN PROFIT TRADING PTE LTD,SINGAPORE,#N/A,VIETNAM
2015,470329,SINAR MAS,INDAH KIAT,PERAWANG,RIAU,500,257378,UNKNOWN AFFILIATION,SUZHOU HUANG YI TRADE CO LTD,CHINA (MAINLAND),#N/A,CHINA (MAINLAND)
2015,470329,ROYAL GOLDEN EAGLE,APRIL,BUATAN,RIAU,502,241159,ROYAL GOLDEN EAGLE,AP ENTERPRISES (MACAO) COMMERCIAL OFFSHORE LTD,MACAO,#N/A,BANGLADESH
2015,470329,ROYAL GOLDEN EAGLE,APRIL,BUATAN,RIAU,60,28947,ROYAL GOLDEN EAGLE,AP ENTERPRISES (MACAO) COMMERCIAL OFFSHORE LTD,MACAO,#N/A,BANGLADESH
2015,470329,MARUBENI,TANJUNG ENIM LESTARI,PANJANG,SUMATERA SELATAN,393,216530,MARUBENI,MARUBENI CORP,JAPAN,#N/A,MALAYSIA
2015,470329,MARUBENI,TANJUNG ENIM LESTARI,PANJANG,SUMATERA SELATAN,501,261810,MARUBENI,MARUBENI CORP,JAPAN,#N/A,CHINA (MAINLAND)
2015,470329,SINAR MAS,INDAH KIAT,PERAWANG,RIAU,500,257378,UNKNOWN AFFILIATION,SUZHOU HUANG YI TRADE CO LTD,CHINA (MAINLAND),#N/A,CHINA (MAINLAND)
2015,470329,ROYAL GOLDEN EAGLE,APRIL,BUATAN,RIAU,502,241026,ROYAL GOLDEN EAGLE,AP ENTERPRISES (MACAO) COMMERCIAL OFFSHORE LTD,MACAO,#N/A,BANGLADESH
2015,470329,ROYAL GOLDEN EAGLE,TOBA PULP LESTARI,BELAWAN,SUMATERA UTARA,1005,517526,ROYAL GOLDEN EAGLE,DP MARKETING INTERNATIONAL,MACAO,#N/A,CHINA (MAINLAND)
2015,470329,ROYAL GOLDEN EAGLE,APRIL,BUATAN,RIAU,501,240533,ROYAL GOLDEN EAGLE,APEL ENTERPRISES (SINGAPORE) PTE LTD,SINGAPORE,#N/A,INDIA
2015,470329,ROYAL GOLDEN EAGLE,APRIL,BUATAN,RIAU,496,238190,ROYAL GOLDEN EAGLE,AP ENTERPRISES (MACAO) COMMERCIAL OFFSHORE LTD,MACAO,#N/A,PAKISTAN
2015,470329,MARUBENI,TANJUNG ENIM LESTARI,PANJANG,SUMATERA SELATAN,110,57086,MARUBENI,MARUBENI CORP,JAPAN,#N/A,INDIA
2015,470329,SINAR MAS,LONTAR PAPYRUS,KUALA TUNGKAL,JAMBI,761,367451,UNKNOWN AFFILIATION,SUZHOU HUANG YI TRADE CO LTD,CHINA (MAINLAND),#N/A,CHINA (MAINLAND)
2015,470329,SINAR MAS,INDAH KIAT,PERAWANG,RIAU,300,155291,SINAR MAS,KING PAPER SOURCE TRADING (SHANGHAI) CO LTD,CHINA (MAINLAND),#N/A,CHINA (MAINLAND)
2015,470329,SINAR MAS,INDAH KIAT,PERAWANG,RIAU,1100,538006,SINAR MAS,KING PAPER SOURCE TRADING (SHANGHAI) CO LTD,CHINA (MAINLAND),#N/A,CHINA (MAINLAND)
2015,470329,SINAR MAS,INDAH KIAT,SUNGAI PAKNING,RIAU,1000,500500,SINAR MAS,GOLDEN PROFIT TRADING PTE LTD,SINGAPORE,#N/A,SOUTH KOREA
2015,470329,ROYAL GOLDEN EAGLE,APRIL,BUATAN,RIAU,7032,3375234,ROYAL GOLDEN EAGLE,AP ENTERPRISES (MACAO) COMMERCIAL OFFSHORE LTD,MACAO,#N/A,SOUTH KOREA
2015,470329,SINAR MAS,LONTAR PAPYRUS,KUALA TUNGKAL,JAMBI,1000,508961,UNKNOWN AFFILIATION,NINGBO CROWN OF CHINA ENERGY CO LTD,CHINA (MAINLAND),#N/A,CHINA (MAINLAND)
2015,470329,ROYAL GOLDEN EAGLE,APRIL,BUATAN,RIAU,502,240916,ROYAL GOLDEN EAGLE,APEL ENTERPRISES (SINGAPORE) PTE LTD,SINGAPORE,#N/A,INDIA
2015,470329,SINAR MAS,INDAH KIAT,SUNGAI PAKNING,RIAU,100,50050,SINAR MAS,GOLDEN PROFIT TRADING PTE LTD,SINGAPORE,#N/A,CHINA (MAINLAND)
2015,470329,ROYAL GOLDEN EAGLE,APRIL,BUATAN,RIAU,10747,5158373,ROYAL GOLDEN EAGLE,AP ENTERPRISES (MACAO) COMMERCIAL OFFSHORE LTD,MACAO,#N/A,SOUTH KOREA
2015,470329,SINAR MAS,INDAH KIAT,SUNGAI PAKNING,RIAU,7500,3798750,SINAR MAS,KING PAPER SOURCE TRADING (SHANGHAI) CO LTD,CHINA (MAINLAND),#N/A,CHINA (MAINLAND)
2015,470329,ROYAL GOLDEN EAGLE,APRIL,BUATAN,RIAU,994,477108,ROYAL GOLDEN EAGLE,APEL ENTERPRISES (SINGAPORE) PTE LTD,SINGAPORE,#N/A,EGYPT
2015,470329,SINAR MAS,INDAH KIAT,SUNGAI PAKNING,RIAU,100,50050,SINAR MAS,GOLDEN PROFIT TRADING PTE LTD,SINGAPORE,#N/A,SOUTH KOREA
2015,470329,SINAR MAS,INDAH KIAT,SUNGAI PAKNING,RIAU,100,50050,SINAR MAS,GOLDEN PROFIT TRADING PTE LTD,SINGAPORE,#N/A,CHINA (MAINLAND)
2015,470329,ROYAL GOLDEN EAGLE,APRIL,BUATAN,RIAU,4018,1928814,ROYAL GOLDEN EAGLE,APEL ENTERPRISES (SINGAPORE) PTE LTD,SINGAPORE,#N/A,SOUTH KOREA
2015,470329,ROYAL GOLDEN EAGLE,APRIL,BUATAN,RIAU,1003,481631,ROYAL GOLDEN EAGLE,ALKIRA TRADING (MACAO COMMERCIAL OFFSHORE) LTD,MACAO,#N/A,CHINA (MAINLAND)
2015,470329,SINAR MAS,LONTAR PAPYRUS,KUALA TUNGKAL,JAMBI,1195,607640,UNKNOWN AFFILIATION,NINGBO CROWN OF CHINA ENERGY CO LTD,CHINA (MAINLAND),#N/A,CHINA (MAINLAND)
2015,470329,ROYAL GOLDEN EAGLE,APRIL,BUATAN,RIAU,100,48066,ROYAL GOLDEN EAGLE,AP ENTERPRISES (MACAO) COMMERCIAL OFFSHORE LTD,MACAO,#N/A,BANGLADESH
2015,470329,ROYAL GOLDEN EAGLE,APRIL,BUATAN,RIAU,141,67484,ROYAL GOLDEN EAGLE,AP ENTERPRISES (MACAO) COMMERCIAL OFFSHORE LTD,MACAO,#N/A,BANGLADESH
2015,470329,SINAR MAS,INDAH KIAT,PERAWANG,RIAU,560,282663,UNKNOWN AFFILIATION,SUZHOU HUANG YI TRADE CO LTD,CHINA (MAINLAND),#N/A,CHINA (MAINLAND)
2015,470329,SINAR MAS,INDAH KIAT,PERAWANG,RIAU,1000,514756,SINAR MAS,KING PAPER SOURCE TRADING (SHANGHAI) CO LTD,CHINA (MAINLAND),#N/A,CHINA (MAINLAND)
2015,470329,ROYAL GOLDEN EAGLE,APRIL,BUATAN,RIAU,4158,1995862,ROYAL GOLDEN EAGLE,ALKIRA TRADING (MACAO COMMERCIAL OFFSHORE) LTD,MACAO,#N/A,CHINA (MAINLAND)
2015,470329,ROYAL GOLDEN EAGLE,APRIL,BUATAN,RIAU,803,385374,ROYAL GOLDEN EAGLE,APEL ENTERPRISES (SINGAPORE) PTE LTD,SINGAPORE,#N/A,SAUDI ARABIA
2015,470329,ROYAL GOLDEN EAGLE,APRIL,BUATAN,RIAU,6488,3114070,ROYAL GOLDEN EAGLE,ALKIRA TRADING (MACAO COMMERCIAL OFFSHORE) LTD,MACAO,#N/A,CHINA (MAINLAND)
2015,470329,ROYAL GOLDEN EAGLE,APRIL,BUATAN,RIAU,241,115624,ROYAL GOLDEN EAGLE,AP ENTERPRISES (MACAO) COMMERCIAL OFFSHORE LTD,MACAO,#N/A,BANGLADESH
2015,470329,ROYAL GOLDEN EAGLE,APRIL,BUATAN,RIAU,763,366217,ROYAL GOLDEN EAGLE,APEL ENTERPRISES (SINGAPORE) PTE LTD,SINGAPORE,#N/A,LEBANON
2015,470329,MARUBENI,TANJUNG ENIM LESTARI,PANJANG,SUMATERA SELATAN,300,160509,MARUBENI,MARUBENI CORP,JAPAN,#N/A,JAPAN
2015,470329,MARUBENI,TANJUNG ENIM LESTARI,PANJANG,SUMATERA SELATAN,5000,2542008,MARUBENI,MARUBENI CORP,JAPAN,#N/A,CHINA (MAINLAND)
2015,470329,MARUBENI,TANJUNG ENIM LESTARI,PANJANG,SUMATERA SELATAN,501,265946,MARUBENI,MARUBENI CORP,JAPAN,#N/A,TAIWAN
2015,470329,MARUBENI,TANJUNG ENIM LESTARI,PANJANG,SUMATERA SELATAN,200,106423,MARUBENI,MARUBENI CORP,JAPAN,#N/A,TAIWAN
2015,470329,MARUBENI,TANJUNG ENIM LESTARI,PANJANG,SUMATERA SELATAN,301,160953,MARUBENI,MARUBENI CORP,JAPAN,#N/A,JAPAN
2015,470329,ROYAL GOLDEN EAGLE,APRIL,BUATAN,RIAU,905,434228,ROYAL GOLDEN EAGLE,APEL ENTERPRISES (SINGAPORE) PTE LTD,SINGAPORE,#N/A,SAUDI ARABIA
2015,470329,MARUBENI,TANJUNG ENIM LESTARI,PANJANG,SUMATERA SELATAN,501,267959,MARUBENI,MARUBENI CORP,JAPAN,#N/A,JAPAN
2015,470329,MARUBENI,TANJUNG ENIM LESTARI,PANJANG,SUMATERA SELATAN,550,294028,MARUBENI,MARUBENI CORP,JAPAN,#N/A,JAPAN
2015,470329,MARUBENI,TANJUNG ENIM LESTARI,PANJANG,SUMATERA SELATAN,200,105930,MARUBENI,MARUBENI CORP,JAPAN,#N/A,JAPAN
2015,470329,MARUBENI,TANJUNG ENIM LESTARI,PANJANG,SUMATERA SELATAN,100,53291,MARUBENI,MARUBENI CORP,JAPAN,#N/A,TAIWAN
2015,470329,ROYAL GOLDEN EAGLE,APRIL,BUATAN,RIAU,502,241154,ROYAL GOLDEN EAGLE,AP ENTERPRISES (MACAO) COMMERCIAL OFFSHORE LTD,MACAO,#N/A,BANGLADESH
2015,470329,ROYAL GOLDEN EAGLE,TOBA PULP LESTARI,BELAWAN,SUMATERA UTARA,998,513892,ROYAL GOLDEN EAGLE,DP MARKETING INTERNATIONAL,MACAO,#N/A,CHINA (MAINLAND)
2015,470329,ROYAL GOLDEN EAGLE,TOBA PULP LESTARI,BELAWAN,SUMATERA UTARA,1000,514865,ROYAL GOLDEN EAGLE,DP MARKETING INTERNATIONAL,MACAO,#N/A,CHINA (MAINLAND)
2015,470329,MARUBENI,TANJUNG ENIM LESTARI,PANJANG,SUMATERA SELATAN,99,53001,MARUBENI,MARUBENI CORP,JAPAN,#N/A,JAPAN
2015,470329,MARUBENI,TANJUNG ENIM LESTARI,PANJANG,SUMATERA SELATAN,49,27573,MARUBENI,MARUBENI CORP,JAPAN,#N/A,JAPAN
2015,470329,MARUBENI,TANJUNG ENIM LESTARI,PANJANG,SUMATERA SELATAN,1300,691100,MARUBENI,MARUBENI CORP,JAPAN,#N/A,TAIWAN
2015,470329,ROYAL GOLDEN EAGLE,TOBA PULP LESTARI,BELAWAN,SUMATERA UTARA,998,513999,ROYAL GOLDEN EAGLE,DP MARKETING INTERNATIONAL,MACAO,#N/A,CHINA (MAINLAND)
2015,470329,MARUBENI,TANJUNG ENIM LESTARI,PANJANG,SUMATERA SELATAN,199,105828,MARUBENI,MARUBENI CORP,JAPAN,#N/A,TAIWAN
2015,470329,MARUBENI,TANJUNG ENIM LESTARI,PANJANG,SUMATERA SELATAN,300,158834,MARUBENI,MARUBENI CORP,JAPAN,#N/A,JAPAN
2015,470329,MARUBENI,TANJUNG ENIM LESTARI,TANJUNG PRIOK,SUMATERA SELATAN,1000,517844,MARUBENI,MARUBENI CORP,JAPAN,#N/A,CHINA (MAINLAND)
2015,470329,SINAR MAS,INDAH KIAT,PERAWANG,RIAU,500,243538,UNKNOWN AFFILIATION,SUZHOU HUANG YI TRADE CO LTD,CHINA (MAINLAND),#N/A,CHINA (MAINLAND)
2015,470329,ROYAL GOLDEN EAGLE,APRIL,BUATAN,RIAU,864,414532,ROYAL GOLDEN EAGLE,APEL ENTERPRISES (SINGAPORE) PTE LTD,SINGAPORE,#N/A,UNITED ARAB EMIRATES
2015,470329,SINAR MAS,INDAH KIAT,PERAWANG,RIAU,500,253694,SINAR MAS,KING PAPER SOURCE TRADING (SHANGHAI) CO LTD,CHINA (MAINLAND),#N/A,CHINA (MAINLAND)
2015,470329,ROYAL GOLDEN EAGLE,APRIL,BUATAN,RIAU,502,241142,ROYAL GOLDEN EAGLE,AP ENTERPRISES (MACAO) COMMERCIAL OFFSHORE LTD,MACAO,#N/A,BANGLADESH
2015,470329,ROYAL GOLDEN EAGLE,APRIL,BUATAN,RIAU,522,250492,ROYAL GOLDEN EAGLE,APEL ENTERPRISES (SINGAPORE) PTE LTD,SINGAPORE,#N/A,KUWAIT
2015,470329,MARUBENI,TANJUNG ENIM LESTARI,TANJUNG PRIOK,SUMATERA SELATAN,420,233368,MARUBENI,MARUBENI CORP,JAPAN,#N/A,JAPAN
2015,470329,ROYAL GOLDEN EAGLE,APRIL,BUATAN,RIAU,502,240939,ROYAL GOLDEN EAGLE,APEL ENTERPRISES (SINGAPORE) PTE LTD,SINGAPORE,#N/A,UNITED ARAB EMIRATES
2015,470329,ROYAL GOLDEN EAGLE,APRIL,BUATAN,RIAU,301,144672,ROYAL GOLDEN EAGLE,APEL ENTERPRISES (SINGAPORE) PTE LTD,SINGAPORE,#N/A,INDIA
2015,470329,ROYAL GOLDEN EAGLE,APRIL,BUATAN,RIAU,1004,482135,ROYAL GOLDEN EAGLE,ALKIRA TRADING (MACAO COMMERCIAL OFFSHORE) LTD,MACAO,#N/A,CHINA (MAINLAND)
2015,470329,ROYAL GOLDEN EAGLE,APRIL,BUATAN,RIAU,201,96399,ROYAL GOLDEN EAGLE,ALKIRA TRADING (MACAO COMMERCIAL OFFSHORE) LTD,MACAO,#N/A,CHINA (MAINLAND)
2015,470329,ROYAL GOLDEN EAGLE,APRIL,BUATAN,RIAU,543,260447,ROYAL GOLDEN EAGLE,APEL ENTERPRISES (SINGAPORE) PTE LTD,SINGAPORE,#N/A,KUWAIT
2015,470329,ROYAL GOLDEN EAGLE,TOBA PULP LESTARI,BELAWAN,SUMATERA UTARA,500,257299,ROYAL GOLDEN EAGLE,DP MARKETING INTERNATIONAL,MACAO,#N/A,CHINA (MAINLAND)
2015,470329,ROYAL GOLDEN EAGLE,TOBA PULP LESTARI,BELAWAN,SUMATERA UTARA,1000,515031,ROYAL GOLDEN EAGLE,DP MARKETING INTERNATIONAL,MACAO,#N/A,CHINA (MAINLAND)
2015,470329,MARUBENI,TANJUNG ENIM LESTARI,PANJANG,SUMATERA SELATAN,196,100090,MARUBENI,MARUBENI CORP,JAPAN,#N/A,BANGLADESH
2015,470329,SINAR MAS,INDAH KIAT,SUNGAI PAKNING,RIAU,4000,2023000,SINAR MAS,KING PAPER SOURCE TRADING (SHANGHAI) CO LTD,CHINA (MAINLAND),#N/A,CHINA (MAINLAND)
2015,470329,ROYAL GOLDEN EAGLE,APRIL,BUATAN,RIAU,502,240883,ROYAL GOLDEN EAGLE,AP ENTERPRISES (MACAO) COMMERCIAL OFFSHORE LTD,MACAO,#N/A,BANGLADESH
2015,470329,MARUBENI,TANJUNG ENIM LESTARI,PANJANG,SUMATERA SELATAN,1002,510019,MARUBENI,MARUBENI CORP,JAPAN,#N/A,CHINA (MAINLAND)
2015,470329,SINAR MAS,INDAH KIAT,SUNGAI PAKNING,RIAU,400,202300,SINAR MAS,KING PAPER SOURCE TRADING (SHANGHAI) CO LTD,CHINA (MAINLAND),#N/A,CHINA (MAINLAND)
2015,470329,SINAR MAS,INDAH KIAT,SUNGAI PAKNING,RIAU,5792,2891077,SINAR MAS,KING PAPER SOURCE TRADING (SHANGHAI) CO LTD,CHINA (MAINLAND),#N/A,CHINA (MAINLAND)
2015,470329,ROYAL GOLDEN EAGLE,APRIL,BUATAN,RIAU,502,240855,ROYAL GOLDEN EAGLE,APEL ENTERPRISES (SINGAPORE) PTE LTD,SINGAPORE,#N/A,INDIA
2015,470329,ROYAL GOLDEN EAGLE,APRIL,BUATAN,RIAU,495,237675,ROYAL GOLDEN EAGLE,APEL ENTERPRISES (SINGAPORE) PTE LTD,SINGAPORE,#N/A,EGYPT
2015,470329,ROYAL GOLDEN EAGLE,APRIL,BUATAN,RIAU,118,56775,ROYAL GOLDEN EAGLE,AP ENTERPRISES (MACAO) COMMERCIAL OFFSHORE LTD,MACAO,#N/A,PAKISTAN
2015,470329,ROYAL GOLDEN EAGLE,APRIL,BUATAN,RIAU,98,47248,ROYAL GOLDEN EAGLE,AP ENTERPRISES (MACAO) COMMERCIAL OFFSHORE LTD,MACAO,#N/A,PAKISTAN
2015,470329,SINAR MAS,INDAH KIAT,PERAWANG,RIAU,1000,507388,SINAR MAS,KING PAPER SOURCE TRADING (SHANGHAI) CO LTD,CHINA (MAINLAND),#N/A,CHINA (MAINLAND)
2015,470329,ROYAL GOLDEN EAGLE,TOBA PULP LESTARI,BELAWAN,SUMATERA UTARA,500,257676,ROYAL GOLDEN EAGLE,DP MARKETING INTERNATIONAL,MACAO,#N/A,CHINA (MAINLAND)
2015,470329,MARUBENI,TANJUNG ENIM LESTARI,PANJANG,SUMATERA SELATAN,613,311081,MARUBENI,MARUBENI CORP,JAPAN,#N/A,INDIA
2015,470329,MARUBENI,TANJUNG ENIM LESTARI,PANJANG,SUMATERA SELATAN,393,216247,MARUBENI,MARUBENI CORP,JAPAN,#N/A,MALAYSIA
2015,470329,MARUBENI,TANJUNG ENIM LESTARI,PANJANG,SUMATERA SELATAN,505,264969,MARUBENI,MARUBENI CORP,JAPAN,#N/A,CHINA (MAINLAND)
2015,470329,ROYAL GOLDEN EAGLE,APRIL,BUATAN,RIAU,496,237985,ROYAL GOLDEN EAGLE,APEL ENTERPRISES (SINGAPORE) PTE LTD,SINGAPORE,#N/A,EGYPT
2015,470329,ROYAL GOLDEN EAGLE,TOBA PULP LESTARI,BELAWAN,SUMATERA UTARA,502,258459,ROYAL GOLDEN EAGLE,DP MARKETING INTERNATIONAL,MACAO,#N/A,CHINA (MAINLAND)
2015,470329,ROYAL GOLDEN EAGLE,APRIL,BUATAN,RIAU,1506,723117,ROYAL GOLDEN EAGLE,ALKIRA TRADING (MACAO COMMERCIAL OFFSHORE) LTD,MACAO,#N/A,CHINA (MAINLAND)
2015,470329,SINAR MAS,LONTAR PAPYRUS,KUALA TUNGKAL,JAMBI,998,507841,UNKNOWN AFFILIATION,NINGBO CROWN OF CHINA ENERGY CO LTD,CHINA (MAINLAND),#N/A,CHINA (MAINLAND)
2015,470329,ROYAL GOLDEN EAGLE,APRIL,BUATAN,RIAU,1004,481817,ROYAL GOLDEN EAGLE,ALKIRA TRADING (MACAO COMMERCIAL OFFSHORE) LTD,MACAO,#N/A,CHINA (MAINLAND)
2015,470329,ROYAL GOLDEN EAGLE,APRIL,BUATAN,RIAU,502,240815,ROYAL GOLDEN EAGLE,APEL ENTERPRISES (SINGAPORE) PTE LTD,SINGAPORE,#N/A,INDIA
2015,470329,SINAR MAS,LONTAR PAPYRUS,KUALA TUNGKAL,JAMBI,1198,609569,UNKNOWN AFFILIATION,NINGBO CROWN OF CHINA ENERGY CO LTD,CHINA (MAINLAND),#N/A,CHINA (MAINLAND)
2015,470329,ROYAL GOLDEN EAGLE,APRIL,BUATAN,RIAU,5221,2505903,ROYAL GOLDEN EAGLE,ALKIRA TRADING (MACAO COMMERCIAL OFFSHORE) LTD,MACAO,#N/A,CHINA (MAINLAND)
2015,470329,SINAR MAS,LONTAR PAPYRUS,KUALA TUNGKAL,JAMBI,738,375672,UNKNOWN AFFILIATION,NINGBO CROWN OF CHINA ENERGY CO LTD,CHINA (MAINLAND),#N/A,CHINA (MAINLAND)
2015,470329,ROYAL GOLDEN EAGLE,APRIL,BUATAN,RIAU,4619,2217092,ROYAL GOLDEN EAGLE,ALKIRA TRADING (MACAO COMMERCIAL OFFSHORE) LTD,MACAO,#N/A,CHINA (MAINLAND)
2015,470329,ROYAL GOLDEN EAGLE,TOBA PULP LESTARI,BELAWAN,SUMATERA UTARA,502,258608,ROYAL GOLDEN EAGLE,DP MARKETING INTERNATIONAL,MACAO,#N/A,CHINA (MAINLAND)
2015,470329,ROYAL GOLDEN EAGLE,APRIL,BUATAN,RIAU,994,477092,ROYAL GOLDEN EAGLE,ALKIRA TRADING (MACAO COMMERCIAL OFFSHORE) LTD,MACAO,#N/A,CHINA (MAINLAND)
2015,470329,SINAR MAS,INDAH KIAT,PERAWANG,RIAU,500,243538,UNKNOWN AFFILIATION,SUZHOU HUANG YI TRADE CO LTD,CHINA (MAINLAND),#N/A,CHINA (MAINLAND)
2015,470329,ROYAL GOLDEN EAGLE,APRIL,BUATAN,RIAU,6028,2893363,ROYAL GOLDEN EAGLE,ALKIRA TRADING (MACAO COMMERCIAL OFFSHORE) LTD,MACAO,#N/A,CHINA (MAINLAND)
2015,470329,SINAR MAS,INDAH KIAT,PERAWANG,RIAU,100,51732,SINAR MAS,KING PAPER SOURCE TRADING (SHANGHAI) CO LTD,CHINA (MAINLAND),#N/A,CHINA (MAINLAND)
2015,470329,MARUBENI,TANJUNG ENIM LESTARI,TANJUNG PRIOK,SUMATERA SELATAN,436,242661,MARUBENI,MARUBENI CORP,JAPAN,#N/A,JAPAN
2015,470329,ROYAL GOLDEN EAGLE,APRIL,BUATAN,RIAU,2009,964371,ROYAL GOLDEN EAGLE,ALKIRA TRADING (MACAO COMMERCIAL OFFSHORE) LTD,MACAO,#N/A,CHINA (MAINLAND)
2015,470329,SINAR MAS,LONTAR PAPYRUS,KUALA TUNGKAL,JAMBI,519,249372,UNKNOWN AFFILIATION,SUZHOU HUANG YI TRADE CO LTD,CHINA (MAINLAND),#N/A,CHINA (MAINLAND)
2015,470329,SINAR MAS,INDAH KIAT,PERAWANG,RIAU,1000,493094,UNKNOWN AFFILIATION,NINGBO CROWN OF CHINA ENERGY CO LTD,CHINA (MAINLAND),#N/A,CHINA (MAINLAND)
2015,470329,SINAR MAS,INDAH KIAT,PERAWANG,RIAU,1000,488675,UNKNOWN AFFILIATION,SUZHOU HUANG YI TRADE CO LTD,CHINA (MAINLAND),#N/A,CHINA (MAINLAND)
2015,470329,SINAR MAS,LONTAR PAPYRUS,KUALA TUNGKAL,JAMBI,1260,608652,UNKNOWN AFFILIATION,SUZHOU HUANG YI TRADE CO LTD,CHINA (MAINLAND),#N/A,CHINA (MAINLAND)
2015,470329,ROYAL GOLDEN EAGLE,APRIL,BUATAN,RIAU,100,48169,ROYAL GOLDEN EAGLE,APEL ENTERPRISES (SINGAPORE) PTE LTD,SINGAPORE,#N/A,THAILAND
2015,470329,ROYAL GOLDEN EAGLE,TOBA PULP LESTARI,BELAWAN,SUMATERA UTARA,501,257989,ROYAL GOLDEN EAGLE,DP MARKETING INTERNATIONAL,MACAO,#N/A,CHINA (MAINLAND)
2015,470329,SINAR MAS,INDAH KIAT,PERAWANG,RIAU,500,248344,SINAR MAS,KING PAPER SOURCE TRADING (SHANGHAI) CO LTD,CHINA (MAINLAND),#N/A,CHINA (MAINLAND)
2015,470329,SINAR MAS,INDAH KIAT,PERAWANG,RIAU,18,8575,SINAR MAS,GOLDEN PROFIT TRADING PTE LTD,SINGAPORE,#N/A,JAPAN
2015,470329,SINAR MAS,INDAH KIAT,PERAWANG,RIAU,1100,569050,SINAR MAS,KING PAPER SOURCE TRADING (SHANGHAI) CO LTD,CHINA (MAINLAND),#N/A,CHINA (MAINLAND)
2015,470329,SINAR MAS,INDAH KIAT,PERAWANG,RIAU,520,267673,UNKNOWN AFFILIATION,SUZHOU HUANG YI TRADE CO LTD,CHINA (MAINLAND),#N/A,CHINA (MAINLAND)
2015,470329,MARUBENI,TANJUNG ENIM LESTARI,TANJUNG PRIOK,SUMATERA SELATAN,612,311739,MARUBENI,MARUBENI CORP,JAPAN,#N/A,CHINA (MAINLAND)
2015,470329,SINAR MAS,LONTAR PAPYRUS,KUALA TUNGKAL,JAMBI,440,224804,UNKNOWN AFFILIATION,SUZHOU HUANG YI TRADE CO LTD,CHINA (MAINLAND),#N/A,CHINA (MAINLAND)
2015,470329,ROYAL GOLDEN EAGLE,APRIL,BUATAN,RIAU,201,96323,ROYAL GOLDEN EAGLE,APEL ENTERPRISES (SINGAPORE) PTE LTD,SINGAPORE,#N/A,INDIA
2015,470329,ROYAL GOLDEN EAGLE,APRIL,BUATAN,RIAU,502,240900,ROYAL GOLDEN EAGLE,ALKIRA TRADING (MACAO COMMERCIAL OFFSHORE) LTD,MACAO,#N/A,CHINA (MAINLAND)
2015,470329,SINAR MAS,INDAH KIAT,PERAWANG,RIAU,480,248466,UNKNOWN AFFILIATION,SUZHOU HUANG YI TRADE CO LTD,CHINA (MAINLAND),#N/A,CHINA (MAINLAND)
2015,470329,SINAR MAS,INDAH KIAT,PERAWANG,RIAU,72,36314,SINAR MAS,GOLDEN PROFIT TRADING PTE LTD,SINGAPORE,#N/A,JAPAN
2015,470329,ROYAL GOLDEN EAGLE,APRIL,BUATAN,RIAU,9240,4435277,ROYAL GOLDEN EAGLE,ALKIRA TRADING (MACAO COMMERCIAL OFFSHORE) LTD,MACAO,#N/A,CHINA (MAINLAND)
2015,470329,ROYAL GOLDEN EAGLE,APRIL,BUATAN,RIAU,516,247666,ROYAL GOLDEN EAGLE,AP ENTERPRISES (MACAO) COMMERCIAL OFFSHORE LTD,MACAO,#N/A,PAKISTAN
2015,470329,ROYAL GOLDEN EAGLE,APRIL,BUATAN,RIAU,501,240689,ROYAL GOLDEN EAGLE,AP ENTERPRISES (MACAO) COMMERCIAL OFFSHORE LTD,MACAO,#N/A,BANGLADESH
2015,470329,ROYAL GOLDEN EAGLE,APRIL,BUATAN,RIAU,119,57318,ROYAL GOLDEN EAGLE,APEL ENTERPRISES (SINGAPORE) PTE LTD,SINGAPORE,#N/A,INDIA
2015,470329,SINAR MAS,LONTAR PAPYRUS,KUALA TUNGKAL,JAMBI,280,142210,UNKNOWN AFFILIATION,NINGBO CROWN OF CHINA ENERGY CO LTD,CHINA (MAINLAND),#N/A,CHINA (MAINLAND)
2015,470329,ROYAL GOLDEN EAGLE,APRIL,BUATAN,RIAU,502,240975,ROYAL GOLDEN EAGLE,APEL ENTERPRISES (SINGAPORE) PTE LTD,SINGAPORE,#N/A,INDIA
2015,470329,ROYAL GOLDEN EAGLE,APRIL,BUATAN,RIAU,402,192825,ROYAL GOLDEN EAGLE,AP ENTERPRISES (MACAO) COMMERCIAL OFFSHORE LTD,MACAO,#N/A,BANGLADESH
2015,470329,ROYAL GOLDEN EAGLE,APRIL,BUATAN,RIAU,1004,482137,ROYAL GOLDEN EAGLE,ALKIRA TRADING (MACAO COMMERCIAL OFFSHORE) LTD,MACAO,#N/A,CHINA (MAINLAND)
2015,470329,ROYAL GOLDEN EAGLE,APRIL,BUATAN,RIAU,502,241184,ROYAL GOLDEN EAGLE,AP ENTERPRISES (MACAO) COMMERCIAL OFFSHORE LTD,MACAO,#N/A,BANGLADESH
2015,470329,ROYAL GOLDEN EAGLE,APRIL,BUATAN,RIAU,100,48211,ROYAL GOLDEN EAGLE,AP ENTERPRISES (MACAO) COMMERCIAL OFFSHORE LTD,MACAO,#N/A,BANGLADESH
2015,470329,ROYAL GOLDEN EAGLE,APRIL,BUATAN,RIAU,1507,723276,ROYAL GOLDEN EAGLE,ALKIRA TRADING (MACAO COMMERCIAL OFFSHORE) LTD,MACAO,#N/A,CHINA (MAINLAND)
2015,470329,ROYAL GOLDEN EAGLE,APRIL,BUATAN,RIAU,40,19270,ROYAL GOLDEN EAGLE,APEL ENTERPRISES (SINGAPORE) PTE LTD,SINGAPORE,#N/A,INDIA
2015,470329,ROYAL GOLDEN EAGLE,APRIL,BUATAN,RIAU,502,241020,ROYAL GOLDEN EAGLE,AP ENTERPRISES (MACAO) COMMERCIAL OFFSHORE LTD,MACAO,#N/A,BANGLADESH
2015,470329,SINAR MAS,LONTAR PAPYRUS,KUALA TUNGKAL,JAMBI,1700,860278,UNKNOWN AFFILIATION,SUZHOU HUANG YI TRADE CO LTD,CHINA (MAINLAND),#N/A,CHINA (MAINLAND)
2015,470329,SINAR MAS,LONTAR PAPYRUS,KUALA TUNGKAL,JAMBI,500,237053,SINAR MAS,GOLDEN PROFIT TRADING PTE LTD,SINGAPORE,#N/A,INDIA
2015,470329,ROYAL GOLDEN EAGLE,APRIL,BUATAN,RIAU,1005,482172,ROYAL GOLDEN EAGLE,ALKIRA TRADING (MACAO COMMERCIAL OFFSHORE) LTD,MACAO,#N/A,CHINA (MAINLAND)
2015,470329,MARUBENI,TANJUNG ENIM LESTARI,PANJANG,SUMATERA SELATAN,610,309611,MARUBENI,MARUBENI CORP,JAPAN,#N/A,INDIA
2015,470329,MARUBENI,TANJUNG ENIM LESTARI,PANJANG,SUMATERA SELATAN,833,438793,MARUBENI,MARUBENI CORP,JAPAN,#N/A,CHINA (MAINLAND)
2015,470329,ROYAL GOLDEN EAGLE,APRIL,BUATAN,RIAU,502,241156,ROYAL GOLDEN EAGLE,AP ENTERPRISES (MACAO) COMMERCIAL OFFSHORE LTD,MACAO,#N/A,BANGLADESH
2015,470329,ROYAL GOLDEN EAGLE,APRIL,BUATAN,RIAU,803,385429,ROYAL GOLDEN EAGLE,ALKIRA TRADING (MACAO COMMERCIAL OFFSHORE) LTD,MACAO,#N/A,CHINA (MAINLAND)
2015,470329,MARUBENI,TANJUNG ENIM LESTARI,PANJANG,SUMATERA SELATAN,110,55344,MARUBENI,MARUBENI CORP,JAPAN,#N/A,INDIA
2015,470329,ROYAL GOLDEN EAGLE,APRIL,BUATAN,RIAU,40,19306,ROYAL GOLDEN EAGLE,APEL ENTERPRISES (SINGAPORE) PTE LTD,SINGAPORE,#N/A,INDIA
2015,470329,MARUBENI,TANJUNG ENIM LESTARI,PANJANG,SUMATERA SELATAN,497,263934,MARUBENI,MARUBENI CORP,JAPAN,#N/A,THAILAND
2015,470329,MARUBENI,TANJUNG ENIM LESTARI,PANJANG,SUMATERA SELATAN,392,206175,MARUBENI,MARUBENI CORP,JAPAN,#N/A,CHINA (MAINLAND)
2015,470329,MARUBENI,TANJUNG ENIM LESTARI,PANJANG,SUMATERA SELATAN,197,100415,MARUBENI,MARUBENI CORP,JAPAN,#N/A,INDIA
2015,470329,ROYAL GOLDEN EAGLE,APRIL,BUATAN,RIAU,70,33782,ROYAL GOLDEN EAGLE,APEL ENTERPRISES (SINGAPORE) PTE LTD,SINGAPORE,#N/A,VIETNAM
2015,470329,ROYAL GOLDEN EAGLE,APRIL,BUATAN,RIAU,502,240925,ROYAL GOLDEN EAGLE,AP ENTERPRISES (MACAO) COMMERCIAL OFFSHORE LTD,MACAO,#N/A,BANGLADESH
2015,470329,ROYAL GOLDEN EAGLE,APRIL,BUATAN,RIAU,100,48220,ROYAL GOLDEN EAGLE,APEL ENTERPRISES (SINGAPORE) PTE LTD,SINGAPORE,#N/A,INDIA
2015,470329,ROYAL GOLDEN EAGLE,APRIL,BUATAN,RIAU,60,28956,ROYAL GOLDEN EAGLE,APEL ENTERPRISES (SINGAPORE) PTE LTD,SINGAPORE,#N/A,INDIA
2015,470329,MARUBENI,TANJUNG ENIM LESTARI,PANJANG,SUMATERA SELATAN,110,56714,MARUBENI,MARUBENI CORP,JAPAN,#N/A,INDIA
2015,470329,SINAR MAS,INDAH KIAT,PERAWANG,RIAU,40,19117,SINAR MAS,GOLDEN PROFIT TRADING PTE LTD,SINGAPORE,#N/A,PAKISTAN
2015,470329,ROYAL GOLDEN EAGLE,APRIL,BUATAN,RIAU,302,144766,ROYAL GOLDEN EAGLE,ALKIRA TRADING (MACAO COMMERCIAL OFFSHORE) LTD,MACAO,#N/A,CHINA (MAINLAND)
2015,470329,ROYAL GOLDEN EAGLE,APRIL,BUATAN,RIAU,60,28921,ROYAL GOLDEN EAGLE,APEL ENTERPRISES (SINGAPORE) PTE LTD,SINGAPORE,#N/A,INDIA
2015,470329,MARUBENI,TANJUNG ENIM LESTARI,PANJANG,SUMATERA SELATAN,476,253452,MARUBENI,MARUBENI CORP,JAPAN,#N/A,AUSTRALIA
2015,470329,ROYAL GOLDEN EAGLE,TOBA PULP LESTARI,BELAWAN,SUMATERA UTARA,501,257765,ROYAL GOLDEN EAGLE,DP MARKETING INTERNATIONAL,MACAO,#N/A,CHINA (MAINLAND)
2015,470329,ROYAL GOLDEN EAGLE,APRIL,BUATAN,RIAU,199,95646,ROYAL GOLDEN EAGLE,APEL ENTERPRISES (SINGAPORE) PTE LTD,SINGAPORE,#N/A,INDIA
2015,470329,SINAR MAS,INDAH KIAT,PERAWANG,RIAU,198,99864,SINAR MAS,GOLDEN PROFIT TRADING PTE LTD,SINGAPORE,#N/A,JAPAN
2015,470329,SINAR MAS,INDAH KIAT,PERAWANG,RIAU,594,288057,SINAR MAS,GOLDEN PROFIT TRADING PTE LTD,SINGAPORE,#N/A,JAPAN
2015,470329,ROYAL GOLDEN EAGLE,TOBA PULP LESTARI,BELAWAN,SUMATERA UTARA,503,259011,ROYAL GOLDEN EAGLE,DP MARKETING INTERNATIONAL,MACAO,#N/A,CHINA (MAINLAND)
2015,470329,ROYAL GOLDEN EAGLE,APRIL,BUATAN,RIAU,602,289009,ROYAL GOLDEN EAGLE,ALKIRA TRADING (MACAO COMMERCIAL OFFSHORE) LTD,MACAO,#N/A,CHINA (MAINLAND)
2015,470329,SINAR MAS,INDAH KIAT,PERAWANG,RIAU,100,47792,SINAR MAS,GOLDEN PROFIT TRADING PTE LTD,SINGAPORE,#N/A,PAKISTAN
2015,470329,ROYAL GOLDEN EAGLE,APRIL,BUATAN,RIAU,795,381824,ROYAL GOLDEN EAGLE,APEL ENTERPRISES (SINGAPORE) PTE LTD,SINGAPORE,#N/A,DJIBOUTI
2015,470329,ROYAL GOLDEN EAGLE,APRIL,BUATAN,RIAU,60,28854,ROYAL GOLDEN EAGLE,APEL ENTERPRISES (SINGAPORE) PTE LTD,SINGAPORE,#N/A,INDIA
2015,470329,MARUBENI,TANJUNG ENIM LESTARI,PANJANG,SUMATERA SELATAN,1000,530990,MARUBENI,MARUBENI CORP,JAPAN,#N/A,SOUTH KOREA
2015,470329,ROYAL GOLDEN EAGLE,APRIL,BUATAN,RIAU,994,476886,ROYAL GOLDEN EAGLE,ALKIRA TRADING (MACAO COMMERCIAL OFFSHORE) LTD,MACAO,#N/A,CHINA (MAINLAND)
2015,470329,MARUBENI,TANJUNG ENIM LESTARI,PANJANG,SUMATERA SELATAN,501,265861,MARUBENI,MARUBENI CORP,JAPAN,#N/A,SOUTH KOREA
2015,470329,ROYAL GOLDEN EAGLE,TOBA PULP LESTARI,BELAWAN,SUMATERA UTARA,502,258476,ROYAL GOLDEN EAGLE,DP MARKETING INTERNATIONAL,MACAO,#N/A,CHINA (MAINLAND)
2015,470329,ROYAL GOLDEN EAGLE,APRIL,BUATAN,RIAU,994,476893,ROYAL GOLDEN EAGLE,ALKIRA TRADING (MACAO COMMERCIAL OFFSHORE) LTD,MACAO,#N/A,CHINA (MAINLAND)
2015,470329,MARUBENI,TANJUNG ENIM LESTARI,PANJANG,SUMATERA SELATAN,199,107284,MARUBENI,MARUBENI CORP,JAPAN,#N/A,SOUTH KOREA
2015,470329,ROYAL GOLDEN EAGLE,APRIL,BUATAN,RIAU,70,33720,ROYAL GOLDEN EAGLE,APEL ENTERPRISES (SINGAPORE) PTE LTD,SINGAPORE,#N/A,VIETNAM
2015,470329,SINAR MAS,LONTAR PAPYRUS,KUALA TUNGKAL,JAMBI,939,475404,UNKNOWN AFFILIATION,NINGBO CROWN OF CHINA ENERGY CO LTD,CHINA (MAINLAND),#N/A,CHINA (MAINLAND)
2015,470329,SINAR MAS,LONTAR PAPYRUS,KUALA TUNGKAL,JAMBI,419,201248,UNKNOWN AFFILIATION,SUZHOU HUANG YI TRADE CO LTD,CHINA (MAINLAND),#N/A,CHINA (MAINLAND)
2015,470329,ROYAL GOLDEN EAGLE,TOBA PULP LESTARI,BELAWAN,SUMATERA UTARA,501,257949,ROYAL GOLDEN EAGLE,DP MARKETING INTERNATIONAL,MACAO,#N/A,CHINA (MAINLAND)
2015,470329,SINAR MAS,LONTAR PAPYRUS,KUALA TUNGKAL,JAMBI,499,236641,SINAR MAS,GOLDEN PROFIT TRADING PTE LTD,SINGAPORE,#N/A,INDIA
2015,470329,MARUBENI,TANJUNG ENIM LESTARI,PANJANG,SUMATERA SELATAN,1000,531037,MARUBENI,MARUBENI CORP,JAPAN,#N/A,SOUTH KOREA
2015,470329,MARUBENI,TANJUNG ENIM LESTARI,PANJANG,SUMATERA SELATAN,400,215663,MARUBENI,MARUBENI CORP,JAPAN,#N/A,SOUTH KOREA
2015,470329,ROYAL GOLDEN EAGLE,APRIL,BUATAN,RIAU,100,48180,ROYAL GOLDEN EAGLE,APEL ENTERPRISES (SINGAPORE) PTE LTD,SINGAPORE,#N/A,INDIA
2015,470329,MARUBENI,TANJUNG ENIM LESTARI,PANJANG,SUMATERA SELATAN,5001,2635422,MARUBENI,MARUBENI CORP,JAPAN,#N/A,SOUTH KOREA
2015,470329,SINAR MAS,LONTAR PAPYRUS,KUALA TUNGKAL,JAMBI,320,161773,UNKNOWN AFFILIATION,NINGBO CROWN OF CHINA ENERGY CO LTD,CHINA (MAINLAND),#N/A,CHINA (MAINLAND)
2015,470329,MARUBENI,TANJUNG ENIM LESTARI,PANJANG,SUMATERA SELATAN,2200,1221478,MARUBENI,MARUBENI CORP,JAPAN,#N/A,SOUTH KOREA
2015,470329,ROYAL GOLDEN EAGLE,APRIL,BUATAN,RIAU,40,19265,ROYAL GOLDEN EAGLE,AP ENTERPRISES (MACAO) COMMERCIAL OFFSHORE LTD,MACAO,#N/A,BANGLADESH
2015,470329,SINAR MAS,LONTAR PAPYRUS,KUALA TUNGKAL,JAMBI,520,260393,SINAR MAS,KING PAPER SOURCE TRADING (SHANGHAI) CO LTD,CHINA (MAINLAND),#N/A,CHINA (MAINLAND)
2015,470329,ROYAL GOLDEN EAGLE,APRIL,BUATAN,RIAU,502,241058,ROYAL GOLDEN EAGLE,APEL ENTERPRISES (SINGAPORE) PTE LTD,SINGAPORE,#N/A,INDIA
2015,470329,SINAR MAS,LONTAR PAPYRUS,KUALA TUNGKAL,JAMBI,799,386234,UNKNOWN AFFILIATION,SUZHOU HUANG YI TRADE CO LTD,CHINA (MAINLAND),#N/A,CHINA (MAINLAND)
2015,470329,SINAR MAS,INDAH KIAT,PERAWANG,RIAU,500,255000,UNKNOWN AFFILIATION,SUZHOU HUANG YI TRADE CO LTD,CHINA (MAINLAND),#N/A,CHINA (MAINLAND)
2015,470329,ROYAL GOLDEN EAGLE,APRIL,BUATAN,RIAU,502,241016,ROYAL GOLDEN EAGLE,AP ENTERPRISES (MACAO) COMMERCIAL OFFSHORE LTD,MACAO,#N/A,BANGLADESH
2015,470329,SINAR MAS,LONTAR PAPYRUS,KUALA TUNGKAL,JAMBI,900,450697,SINAR MAS,KING PAPER SOURCE TRADING (SHANGHAI) CO LTD,CHINA (MAINLAND),#N/A,CHINA (MAINLAND)
2015,470329,ROYAL GOLDEN EAGLE,APRIL,BUATAN,RIAU,993,476743,ROYAL GOLDEN EAGLE,ALKIRA TRADING (MACAO COMMERCIAL OFFSHORE) LTD,MACAO,#N/A,CHINA (MAINLAND)
2015,470329,ROYAL GOLDEN EAGLE,TOBA PULP LESTARI,BELAWAN,SUMATERA UTARA,1058,545121,ROYAL GOLDEN EAGLE,DP MARKETING INTERNATIONAL,MACAO,#N/A,CHINA (MAINLAND)
2015,470329,SINAR MAS,INDAH KIAT,PERAWANG,RIAU,1000,498382,UNKNOWN AFFILIATION,NINGBO CROWN OF CHINA ENERGY CO LTD,CHINA (MAINLAND),#N/A,CHINA (MAINLAND)
2015,470329,ROYAL GOLDEN EAGLE,APRIL,BUATAN,RIAU,96,46288,ROYAL GOLDEN EAGLE,ALKIRA TRADING (MACAO COMMERCIAL OFFSHORE) LTD,MACAO,#N/A,TAIWAN
2015,470329,ROYAL GOLDEN EAGLE,APRIL,BUATAN,RIAU,542,260088,ROYAL GOLDEN EAGLE,APEL ENTERPRISES (SINGAPORE) PTE LTD,SINGAPORE,#N/A,KUWAIT
2015,470329,SINAR MAS,INDAH KIAT,PERAWANG,RIAU,1000,514756,SINAR MAS,KING PAPER SOURCE TRADING (SHANGHAI) CO LTD,CHINA (MAINLAND),#N/A,CHINA (MAINLAND)
2015,470329,ROYAL GOLDEN EAGLE,APRIL,BUATAN,RIAU,501,240718,ROYAL GOLDEN EAGLE,ALKIRA TRADING (MACAO COMMERCIAL OFFSHORE) LTD,MACAO,#N/A,CHINA (MAINLAND)
2015,470329,SINAR MAS,INDAH KIAT,PERAWANG,RIAU,1000,509631,SINAR MAS,KING PAPER SOURCE TRADING (SHANGHAI) CO LTD,CHINA (MAINLAND),#N/A,CHINA (MAINLAND)
2015,470329,ROYAL GOLDEN EAGLE,APRIL,BUATAN,RIAU,502,240854,ROYAL GOLDEN EAGLE,AP ENTERPRISES (MACAO) COMMERCIAL OFFSHORE LTD,MACAO,#N/A,BANGLADESH
2015,470329,ROYAL GOLDEN EAGLE,APRIL,BUATAN,RIAU,301,144711,ROYAL GOLDEN EAGLE,AP ENTERPRISES (MACAO) COMMERCIAL OFFSHORE LTD,MACAO,#N/A,BANGLADESH
2015,470329,ROYAL GOLDEN EAGLE,APRIL,BUATAN,RIAU,24,11589,ROYAL GOLDEN EAGLE,ALKIRA TRADING (MACAO COMMERCIAL OFFSHORE) LTD,MACAO,#N/A,TAIWAN
2015,470329,SINAR MAS,INDAH KIAT,PERAWANG,RIAU,300,154427,SINAR MAS,GOLDEN PROFIT TRADING PTE LTD,SINGAPORE,#N/A,TAIWAN
2015,470329,SINAR MAS,INDAH KIAT,PERAWANG,RIAU,1000,497075,UNKNOWN AFFILIATION,SUZHOU HUANG YI TRADE CO LTD,CHINA (MAINLAND),#N/A,CHINA (MAINLAND)
2015,470329,ROYAL GOLDEN EAGLE,TOBA PULP LESTARI,BELAWAN,SUMATERA UTARA,1002,515964,ROYAL GOLDEN EAGLE,DP MARKETING INTERNATIONAL,MACAO,#N/A,CHINA (MAINLAND)
2015,470329,ROYAL GOLDEN EAGLE,APRIL,BUATAN,RIAU,803,385318,ROYAL GOLDEN EAGLE,APEL ENTERPRISES (SINGAPORE) PTE LTD,SINGAPORE,#N/A,SAUDI ARABIA
2015,470329,ROYAL GOLDEN EAGLE,APRIL,BUATAN,RIAU,9007,4323239,ROYAL GOLDEN EAGLE,ALKIRA TRADING (MACAO COMMERCIAL OFFSHORE) LTD,MACAO,#N/A,TURKEY
2015,470329,ROYAL GOLDEN EAGLE,APRIL,BUATAN,RIAU,10043,4820532,ROYAL GOLDEN EAGLE,ALKIRA TRADING (MACAO COMMERCIAL OFFSHORE) LTD,MACAO,#N/A,TURKEY
2015,470329,MARUBENI,TANJUNG ENIM LESTARI,TANJUNG PRIOK,SUMATERA SELATAN,986,510501,MARUBENI,MARUBENI CORP,JAPAN,#N/A,CHINA (MAINLAND)
2015,470329,ROYAL GOLDEN EAGLE,APRIL,BUATAN,RIAU,994,477067,ROYAL GOLDEN EAGLE,ALKIRA TRADING (MACAO COMMERCIAL OFFSHORE) LTD,MACAO,#N/A,CHINA (MAINLAND)
2015,470329,SINAR MAS,INDAH KIAT,PERAWANG,RIAU,1000,504118,UNKNOWN AFFILIATION,SUZHOU HUANG YI TRADE CO LTD,CHINA (MAINLAND),#N/A,CHINA (MAINLAND)
2015,470329,ROYAL GOLDEN EAGLE,APRIL,BUATAN,RIAU,783,375712,ROYAL GOLDEN EAGLE,APEL ENTERPRISES (SINGAPORE) PTE LTD,SINGAPORE,#N/A,SAUDI ARABIA
2015,470329,MARUBENI,TANJUNG ENIM LESTARI,TANJUNG PRIOK,SUMATERA SELATAN,495,275414,MARUBENI,MARUBENI CORP,JAPAN,#N/A,JAPAN
2015,470329,MARUBENI,TANJUNG ENIM LESTARI,PANJANG,SUMATERA SELATAN,1003,520543,MARUBENI,MARUBENI CORP,JAPAN,#N/A,CHINA (MAINLAND)
2015,470329,SINAR MAS,LONTAR PAPYRUS,KUALA TUNGKAL,JAMBI,1337,669823,SINAR MAS,KING PAPER SOURCE TRADING (SHANGHAI) CO LTD,CHINA (MAINLAND),#N/A,CHINA (MAINLAND)
2015,470329,ROYAL GOLDEN EAGLE,TOBA PULP LESTARI,BELAWAN,SUMATERA UTARA,500,257643,ROYAL GOLDEN EAGLE,DP MARKETING INTERNATIONAL,MACAO,#N/A,CHINA (MAINLAND)
2015,470329,ROYAL GOLDEN EAGLE,APRIL,BUATAN,RIAU,462,221814,ROYAL GOLDEN EAGLE,APEL ENTERPRISES (SINGAPORE) PTE LTD,SINGAPORE,#N/A,INDIA
2015,470329,SINAR MAS,LONTAR PAPYRUS,KUALA TUNGKAL,JAMBI,240,122662,UNKNOWN AFFILIATION,NINGBO CROWN OF CHINA ENERGY CO LTD,CHINA (MAINLAND),#N/A,CHINA (MAINLAND)
2015,470329,SINAR MAS,LONTAR PAPYRUS,KUALA TUNGKAL,JAMBI,401,197168,UNKNOWN AFFILIATION,SUZHOU HUANG YI TRADE CO LTD,CHINA (MAINLAND),#N/A,CHINA (MAINLAND)
2015,470329,MARUBENI,TANJUNG ENIM LESTARI,PANJANG,SUMATERA SELATAN,264,145509,MARUBENI,MARUBENI CORP,JAPAN,#N/A,MALAYSIA
2015,470329,SINAR MAS,LONTAR PAPYRUS,KUALA TUNGKAL,JAMBI,239,119746,SINAR MAS,KING PAPER SOURCE TRADING (SHANGHAI) CO LTD,CHINA (MAINLAND),#N/A,CHINA (MAINLAND)
2015,470329,ROYAL GOLDEN EAGLE,APRIL,BUATAN,RIAU,501,240691,ROYAL GOLDEN EAGLE,AP ENTERPRISES (MACAO) COMMERCIAL OFFSHORE LTD,MACAO,#N/A,BANGLADESH
2015,470329,ROYAL GOLDEN EAGLE,APRIL,BUATAN,RIAU,80,38520,ROYAL GOLDEN EAGLE,APEL ENTERPRISES (SINGAPORE) PTE LTD,SINGAPORE,#N/A,THAILAND
2015,470329,ROYAL GOLDEN EAGLE,APRIL,BUATAN,RIAU,301,144374,ROYAL GOLDEN EAGLE,AP ENTERPRISES (MACAO) COMMERCIAL OFFSHORE LTD,MACAO,#N/A,BANGLADESH
2015,470329,SINAR MAS,LONTAR PAPYRUS,KUALA TUNGKAL,JAMBI,394,200503,UNKNOWN AFFILIATION,NINGBO CROWN OF CHINA ENERGY CO LTD,CHINA (MAINLAND),#N/A,CHINA (MAINLAND)
2015,470329,ROYAL GOLDEN EAGLE,TOBA PULP LESTARI,BELAWAN,SUMATERA UTARA,499,257182,ROYAL GOLDEN EAGLE,DP MARKETING INTERNATIONAL,MACAO,#N/A,CHINA (MAINLAND)
2015,470329,ROYAL GOLDEN EAGLE,APRIL,BUATAN,RIAU,802,384846,ROYAL GOLDEN EAGLE,APEL ENTERPRISES (SINGAPORE) PTE LTD,SINGAPORE,#N/A,SAUDI ARABIA
2015,470329,MARUBENI,TANJUNG ENIM LESTARI,PANJANG,SUMATERA SELATAN,108,55422,CELLMARK,CELLMARK ASIA PTE LTD,SINGAPORE,#N/A,BANGLADESH
2015,470329,MARUBENI,TANJUNG ENIM LESTARI,PANJANG,SUMATERA SELATAN,505,261793,MARUBENI,MARUBENI CORP,JAPAN,#N/A,CHINA (MAINLAND)
2015,470329,ROYAL GOLDEN EAGLE,APRIL,BUATAN,RIAU,517,248035,ROYAL GOLDEN EAGLE,AP ENTERPRISES (MACAO) COMMERCIAL OFFSHORE LTD,MACAO,#N/A,PAKISTAN
2015,470329,ROYAL GOLDEN EAGLE,APRIL,BUATAN,RIAU,803,385228,ROYAL GOLDEN EAGLE,APEL ENTERPRISES (SINGAPORE) PTE LTD,SINGAPORE,#N/A,SAUDI ARABIA
2015,470329,ROYAL GOLDEN EAGLE,APRIL,BUATAN,RIAU,98,47273,ROYAL GOLDEN EAGLE,AP ENTERPRISES (MACAO) COMMERCIAL OFFSHORE LTD,MACAO,#N/A,PAKISTAN
2015,470329,ROYAL GOLDEN EAGLE,APRIL,BUATAN,RIAU,60,28949,ROYAL GOLDEN EAGLE,APEL ENTERPRISES (SINGAPORE) PTE LTD,SINGAPORE,#N/A,INDIA
2015,470329,MARUBENI,TANJUNG ENIM LESTARI,PANJANG,SUMATERA SELATAN,505,262096,MARUBENI,MARUBENI CORP,JAPAN,#N/A,CHINA (MAINLAND)
2015,470329,MARUBENI,TANJUNG ENIM LESTARI,PANJANG,SUMATERA SELATAN,198,100620,MARUBENI,MARUBENI CORP,SINGAPORE,#N/A,INDIA
2015,470329,ROYAL GOLDEN EAGLE,TOBA PULP LESTARI,BELAWAN,SUMATERA UTARA,998,513948,ROYAL GOLDEN EAGLE,DP MARKETING INTERNATIONAL,MACAO,#N/A,CHINA (MAINLAND)
2015,470329,SINAR MAS,INDAH KIAT,PERAWANG,RIAU,500,253516,UNKNOWN AFFILIATION,NINGBO CROWN OF CHINA ENERGY CO LTD,CHINA (MAINLAND),#N/A,CHINA (MAINLAND)
2015,470329,SINAR MAS,INDAH KIAT,PERAWANG,RIAU,1000,509631,SINAR MAS,KING PAPER SOURCE TRADING (SHANGHAI) CO LTD,CHINA (MAINLAND),#N/A,CHINA (MAINLAND)
2015,470329,ROYAL GOLDEN EAGLE,APRIL,BUATAN,RIAU,1004,481843,ROYAL GOLDEN EAGLE,ALKIRA TRADING (MACAO COMMERCIAL OFFSHORE) LTD,MACAO,#N/A,CHINA (MAINLAND)
2015,470329,ROYAL GOLDEN EAGLE,APRIL,BUATAN,RIAU,743,356441,ROYAL GOLDEN EAGLE,APEL ENTERPRISES (SINGAPORE) PTE LTD,SINGAPORE,#N/A,LEBANON
2015,470329,SINAR MAS,INDAH KIAT,PERAWANG,RIAU,1100,566232,UNKNOWN AFFILIATION,SUZHOU HUANG YI TRADE CO LTD,CHINA (MAINLAND),#N/A,CHINA (MAINLAND)
2015,470329,SINAR MAS,INDAH KIAT,PERAWANG,RIAU,500,257378,UNKNOWN AFFILIATION,SUZHOU HUANG YI TRADE CO LTD,CHINA (MAINLAND),#N/A,CHINA (MAINLAND)
2015,470329,ROYAL GOLDEN EAGLE,APRIL,BUATAN,RIAU,496,238183,ROYAL GOLDEN EAGLE,APEL ENTERPRISES (SINGAPORE) PTE LTD,SINGAPORE,#N/A,LEBANON
2015,470329,ROYAL GOLDEN EAGLE,APRIL,BUATAN,RIAU,4431,2126933,ROYAL GOLDEN EAGLE,ALKIRA TRADING (MACAO COMMERCIAL OFFSHORE) LTD,MACAO,#N/A,CHINA (MAINLAND)
2015,470329,ROYAL GOLDEN EAGLE,APRIL,BUATAN,RIAU,4172,2002582,ROYAL GOLDEN EAGLE,ALKIRA TRADING (MACAO COMMERCIAL OFFSHORE) LTD,MACAO,#N/A,CHINA (MAINLAND)
2015,470329,SINAR MAS,LONTAR PAPYRUS,KUALA TUNGKAL,JAMBI,800,376565,UNKNOWN AFFILIATION,SUZHOU HUANG YI TRADE CO LTD,CHINA (MAINLAND),#N/A,CHINA (MAINLAND)
2015,470329,ROYAL GOLDEN EAGLE,TOBA PULP LESTARI,BELAWAN,SUMATERA UTARA,996,512966,ROYAL GOLDEN EAGLE,DP MARKETING INTERNATIONAL,MACAO,#N/A,CHINA (MAINLAND)
2015,470329,ROYAL GOLDEN EAGLE,APRIL,BUATAN,RIAU,783,375795,ROYAL GOLDEN EAGLE,APEL ENTERPRISES (SINGAPORE) PTE LTD,SINGAPORE,#N/A,SAUDI ARABIA
2015,470329,SINAR MAS,LONTAR PAPYRUS,KUALA TUNGKAL,JAMBI,578,293256,UNKNOWN AFFILIATION,NINGBO CROWN OF CHINA ENERGY CO LTD,CHINA (MAINLAND),#N/A,CHINA (MAINLAND)
2015,470329,SINAR MAS,LONTAR PAPYRUS,KUALA TUNGKAL,JAMBI,260,130567,UNKNOWN AFFILIATION,WUXI SILVER VANTAGE TRADING LTD,CHINA (MAINLAND),#N/A,BANGLADESH
2015,470329,SINAR MAS,LONTAR PAPYRUS,KUALA TUNGKAL,JAMBI,798,388257,UNKNOWN AFFILIATION,SUZHOU HUANG YI TRADE CO LTD,CHINA (MAINLAND),#N/A,CHINA (MAINLAND)
2015,470329,ROYAL GOLDEN EAGLE,APRIL,BUATAN,RIAU,502,241018,ROYAL GOLDEN EAGLE,AP ENTERPRISES (MACAO) COMMERCIAL OFFSHORE LTD,MACAO,#N/A,BANGLADESH
2015,470329,SINAR MAS,INDAH KIAT,SUNGAI PAKNING,RIAU,200,100040,SINAR MAS,GOLDEN PROFIT TRADING PTE LTD,SINGAPORE,#N/A,SOUTH KOREA
2015,470329,SINAR MAS,INDAH KIAT,SUNGAI PAKNING,RIAU,100,50020,SINAR MAS,GOLDEN PROFIT TRADING PTE LTD,SINGAPORE,#N/A,SOUTH KOREA
2015,470329,SINAR MAS,INDAH KIAT,PERAWANG,RIAU,1000,503350,UNKNOWN AFFILIATION,NINGBO CROWN OF CHINA ENERGY CO LTD,CHINA (MAINLAND),#N/A,CHINA (MAINLAND)
2015,470329,SINAR MAS,INDAH KIAT,PERAWANG,RIAU,1000,514756,SINAR MAS,KING PAPER SOURCE TRADING (SHANGHAI) CO LTD,CHINA (MAINLAND),#N/A,CHINA (MAINLAND)
2015,470329,ROYAL GOLDEN EAGLE,APRIL,BUATAN,RIAU,40,19268,ROYAL GOLDEN EAGLE,APEL ENTERPRISES (SINGAPORE) PTE LTD,SINGAPORE,#N/A,INDIA
2015,470329,SINAR MAS,INDAH KIAT,PERAWANG,RIAU,500,253516,UNKNOWN AFFILIATION,NINGBO CROWN OF CHINA ENERGY CO LTD,CHINA (MAINLAND),#N/A,CHINA (MAINLAND)
2015,470329,ROYAL GOLDEN EAGLE,APRIL,BUATAN,RIAU,502,241197,ROYAL GOLDEN EAGLE,AP ENTERPRISES (MACAO) COMMERCIAL OFFSHORE LTD,MACAO,#N/A,BANGLADESH
2015,470329,SINAR MAS,INDAH KIAT,PERAWANG,RIAU,500,258659,SINAR MAS,KING PAPER SOURCE TRADING (SHANGHAI) CO LTD,CHINA (MAINLAND),#N/A,CHINA (MAINLAND)
2015,470329,ROYAL GOLDEN EAGLE,APRIL,BUATAN,RIAU,903,433429,ROYAL GOLDEN EAGLE,ALKIRA TRADING (MACAO COMMERCIAL OFFSHORE) LTD,MACAO,#N/A,CHINA (MAINLAND)
2015,470329,SINAR MAS,INDAH KIAT,SUNGAI PAKNING,RIAU,300,150060,SINAR MAS,GOLDEN PROFIT TRADING PTE LTD,SINGAPORE,#N/A,SOUTH KOREA
2015,470329,ROYAL GOLDEN EAGLE,APRIL,BUATAN,RIAU,201,96311,ROYAL GOLDEN EAGLE,APEL ENTERPRISES (SINGAPORE) PTE LTD,SINGAPORE,#N/A,INDIA
2015,470329,ROYAL GOLDEN EAGLE,APRIL,BUATAN,RIAU,502,240742,ROYAL GOLDEN EAGLE,AP ENTERPRISES (MACAO) COMMERCIAL OFFSHORE LTD,MACAO,#N/A,BANGLADESH
2015,470329,ROYAL GOLDEN EAGLE,APRIL,BUATAN,RIAU,7635,3664572,ROYAL GOLDEN EAGLE,AP ENTERPRISES (MACAO) COMMERCIAL OFFSHORE LTD,MACAO,#N/A,SOUTH KOREA
2015,470329,ROYAL GOLDEN EAGLE,APRIL,BUATAN,RIAU,502,240908,ROYAL GOLDEN EAGLE,AP ENTERPRISES (MACAO) COMMERCIAL OFFSHORE LTD,MACAO,#N/A,BANGLADESH
2015,470329,ROYAL GOLDEN EAGLE,APRIL,BUATAN,RIAU,994,476979,ROYAL GOLDEN EAGLE,ALKIRA TRADING (MACAO COMMERCIAL OFFSHORE) LTD,MACAO,#N/A,CHINA (MAINLAND)
2015,470329,ROYAL GOLDEN EAGLE,APRIL,BUATAN,RIAU,501,240548,ROYAL GOLDEN EAGLE,AP ENTERPRISES (MACAO) COMMERCIAL OFFSHORE LTD,MACAO,#N/A,BANGLADESH
2015,470329,ROYAL GOLDEN EAGLE,APRIL,BUATAN,RIAU,1807,867282,ROYAL GOLDEN EAGLE,APEL ENTERPRISES (SINGAPORE) PTE LTD,SINGAPORE,#N/A,SOUTH KOREA
2015,470329,ROYAL GOLDEN EAGLE,APRIL,BUATAN,RIAU,3313,1590450,ROYAL GOLDEN EAGLE,APEL ENTERPRISES (SINGAPORE) PTE LTD,SINGAPORE,#N/A,SOUTH KOREA
2015,470329,ROYAL GOLDEN EAGLE,APRIL,BUATAN,RIAU,1806,867012,ROYAL GOLDEN EAGLE,AP ENTERPRISES (MACAO) COMMERCIAL OFFSHORE LTD,MACAO,#N/A,SOUTH KOREA
2015,470329,ROYAL GOLDEN EAGLE,APRIL,BUATAN,RIAU,7534,3616093,ROYAL GOLDEN EAGLE,AP ENTERPRISES (MACAO) COMMERCIAL OFFSHORE LTD,MACAO,#N/A,SOUTH KOREA
2015,470329,SINAR MAS,INDAH KIAT,SUNGAI PAKNING,RIAU,1500,759750,UNKNOWN AFFILIATION,NINGBO CROWN OF CHINA ENERGY CO LTD,CHINA (MAINLAND),#N/A,CHINA (MAINLAND)
2015,470329,ROYAL GOLDEN EAGLE,APRIL,BUATAN,RIAU,904,433699,ROYAL GOLDEN EAGLE,APEL ENTERPRISES (SINGAPORE) PTE LTD,SINGAPORE,#N/A,SAUDI ARABIA
2015,470329,SINAR MAS,INDAH KIAT,SUNGAI PAKNING,RIAU,6500,3292250,UNKNOWN AFFILIATION,NINGBO CROWN OF CHINA ENERGY CO LTD,CHINA (MAINLAND),#N/A,CHINA (MAINLAND)
2015,470329,MARUBENI,TANJUNG ENIM LESTARI,PANJANG,SUMATERA SELATAN,1008,528751,MARUBENI,MARUBENI CORP,JAPAN,#N/A,CHINA (MAINLAND)
2015,470329,MARUBENI,TANJUNG ENIM LESTARI,TANJUNG PRIOK,SUMATERA SELATAN,499,277411,MARUBENI,MARUBENI CORP,JAPAN,#N/A,JAPAN
2015,470329,SINAR MAS,LONTAR PAPYRUS,KUALA TUNGKAL,JAMBI,1180,598725,UNKNOWN AFFILIATION,NINGBO CROWN OF CHINA ENERGY CO LTD,CHINA (MAINLAND),#N/A,CHINA (MAINLAND)
2015,470329,ROYAL GOLDEN EAGLE,APRIL,BUATAN,RIAU,1044,501273,ROYAL GOLDEN EAGLE,APEL ENTERPRISES (SINGAPORE) PTE LTD,SINGAPORE,#N/A,INDIA
2015,470329,ROYAL GOLDEN EAGLE,TOBA PULP LESTARI,BELAWAN,SUMATERA UTARA,499,256936,ROYAL GOLDEN EAGLE,DP MARKETING INTERNATIONAL,MACAO,#N/A,CHINA (MAINLAND)
2015,470329,ROYAL GOLDEN EAGLE,APRIL,BUATAN,RIAU,794,381189,ROYAL GOLDEN EAGLE,APEL ENTERPRISES (SINGAPORE) PTE LTD,SINGAPORE,#N/A,DJIBOUTI
2015,470329,SINAR MAS,LONTAR PAPYRUS,KUALA TUNGKAL,JAMBI,260,132733,UNKNOWN AFFILIATION,NINGBO CROWN OF CHINA ENERGY CO LTD,CHINA (MAINLAND),#N/A,CHINA (MAINLAND)
2015,470329,MARUBENI,TANJUNG ENIM LESTARI,TANJUNG PRIOK,SUMATERA SELATAN,40,21855,MARUBENI,MARUBENI CORP,JAPAN,#N/A,JAPAN
2015,470329,ROYAL GOLDEN EAGLE,APRIL,BUATAN,RIAU,522,250384,ROYAL GOLDEN EAGLE,APEL ENTERPRISES (SINGAPORE) PTE LTD,SINGAPORE,#N/A,SAUDI ARABIA
2015,470329,SINAR MAS,LONTAR PAPYRUS,KUALA TUNGKAL,JAMBI,499,239583,SINAR MAS,GOLDEN PROFIT TRADING PTE LTD,SINGAPORE,#N/A,UNITED ARAB EMIRATES
2015,470329,MARUBENI,TANJUNG ENIM LESTARI,PANJANG,SUMATERA SELATAN,505,256091,MARUBENI,MARUBENI CORP,JAPAN,#N/A,INDIA
2015,470329,ROYAL GOLDEN EAGLE,APRIL,BUATAN,RIAU,501,240696,ROYAL GOLDEN EAGLE,AP ENTERPRISES (MACAO) COMMERCIAL OFFSHORE LTD,MACAO,#N/A,BANGLADESH
2015,470329,ROYAL GOLDEN EAGLE,TOBA PULP LESTARI,BELAWAN,SUMATERA UTARA,498,256587,ROYAL GOLDEN EAGLE,DP MARKETING INTERNATIONAL,MACAO,#N/A,CHINA (MAINLAND)
2015,470329,SINAR MAS,INDAH KIAT,SUNGAI PAKNING,RIAU,3000,1506000,SINAR MAS,GOLDEN PROFIT TRADING PTE LTD,SINGAPORE,#N/A,SOUTH KOREA
2015,470329,SINAR MAS,INDAH KIAT,PERAWANG,RIAU,500,239582,UNKNOWN AFFILIATION,NINGBO CROWN OF CHINA ENERGY CO LTD,CHINA (MAINLAND),#N/A,CHINA (MAINLAND)
2015,470329,ROYAL GOLDEN EAGLE,APRIL,BUATAN,RIAU,4053,1945670,ROYAL GOLDEN EAGLE,ALKIRA TRADING (MACAO COMMERCIAL OFFSHORE) LTD,MACAO,#N/A,CHINA (MAINLAND)
2015,470329,ROYAL GOLDEN EAGLE,APRIL,BUATAN,RIAU,502,240768,ROYAL GOLDEN EAGLE,ALKIRA TRADING (MACAO COMMERCIAL OFFSHORE) LTD,MACAO,#N/A,CHINA (MAINLAND)
2015,470329,ROYAL GOLDEN EAGLE,APRIL,BUATAN,RIAU,1043,500621,ROYAL GOLDEN EAGLE,APEL ENTERPRISES (SINGAPORE) PTE LTD,SINGAPORE,#N/A,UNITED ARAB EMIRATES
2015,470329,ROYAL GOLDEN EAGLE,APRIL,BUATAN,RIAU,300,144201,ROYAL GOLDEN EAGLE,ALKIRA TRADING (MACAO COMMERCIAL OFFSHORE) LTD,MACAO,#N/A,CHINA (MAINLAND)
2015,470329,SINAR MAS,LONTAR PAPYRUS,KUALA TUNGKAL,JAMBI,840,405768,UNKNOWN AFFILIATION,SUZHOU HUANG YI TRADE CO LTD,CHINA (MAINLAND),#N/A,CHINA (MAINLAND)
2015,470329,ROYAL GOLDEN EAGLE,TOBA PULP LESTARI,BELAWAN,SUMATERA UTARA,498,256486,ROYAL GOLDEN EAGLE,DP MARKETING INTERNATIONAL,MACAO,#N/A,CHINA (MAINLAND)
2015,470329,ROYAL GOLDEN EAGLE,APRIL,BUATAN,RIAU,514,246715,ROYAL GOLDEN EAGLE,AP ENTERPRISES (MACAO) COMMERCIAL OFFSHORE LTD,MACAO,#N/A,PAKISTAN
2015,470329,SINAR MAS,LONTAR PAPYRUS,KUALA TUNGKAL,JAMBI,726,368811,UNKNOWN AFFILIATION,NINGBO CROWN OF CHINA ENERGY CO LTD,CHINA (MAINLAND),#N/A,CHINA (MAINLAND)
2015,470329,ROYAL GOLDEN EAGLE,TOBA PULP LESTARI,BELAWAN,SUMATERA UTARA,499,257192,ROYAL GOLDEN EAGLE,DP MARKETING INTERNATIONAL,MACAO,#N/A,CHINA (MAINLAND)
2015,470329,SINAR MAS,LONTAR PAPYRUS,KUALA TUNGKAL,JAMBI,559,269851,UNKNOWN AFFILIATION,SUZHOU HUANG YI TRADE CO LTD,CHINA (MAINLAND),#N/A,CHINA (MAINLAND)
2015,470329,ROYAL GOLDEN EAGLE,APRIL,BUATAN,RIAU,6428,3085346,ROYAL GOLDEN EAGLE,ALKIRA TRADING (MACAO COMMERCIAL OFFSHORE) LTD,MACAO,#N/A,CHINA (MAINLAND)
2015,470329,SINAR MAS,LONTAR PAPYRUS,KUALA TUNGKAL,JAMBI,200,101704,UNKNOWN AFFILIATION,NINGBO CROWN OF CHINA ENERGY CO LTD,CHINA (MAINLAND),#N/A,CHINA (MAINLAND)
2015,470329,ROYAL GOLDEN EAGLE,APRIL,BUATAN,RIAU,2612,1253740,ROYAL GOLDEN EAGLE,ALKIRA TRADING (MACAO COMMERCIAL OFFSHORE) LTD,MACAO,#N/A,CHINA (MAINLAND)
2015,470329,ROYAL GOLDEN EAGLE,APRIL,BUATAN,RIAU,5021,2409927,ROYAL GOLDEN EAGLE,APEL ENTERPRISES (SINGAPORE) PTE LTD,SINGAPORE,#N/A,VIETNAM
2015,470329,ROYAL GOLDEN EAGLE,APRIL,BUATAN,RIAU,3015,1447064,ROYAL GOLDEN EAGLE,ALKIRA TRADING (MACAO COMMERCIAL OFFSHORE) LTD,MACAO,#N/A,CHINA (MAINLAND)
2015,470329,ROYAL GOLDEN EAGLE,APRIL,BUATAN,RIAU,503,241243,ROYAL GOLDEN EAGLE,AP ENTERPRISES (MACAO) COMMERCIAL OFFSHORE LTD,MACAO,#N/A,BANGLADESH
2015,470329,SINAR MAS,INDAH KIAT,SUNGAI PAKNING,RIAU,2650,1339575,UNKNOWN AFFILIATION,SUZHOU HUANG YI TRADE CO LTD,CHINA (MAINLAND),#N/A,CHINA (MAINLAND)
2015,470329,SINAR MAS,INDAH KIAT,SUNGAI PAKNING,RIAU,1000,505500,UNKNOWN AFFILIATION,SUZHOU HUANG YI TRADE CO LTD,CHINA (MAINLAND),#N/A,CHINA (MAINLAND)
2015,470329,ROYAL GOLDEN EAGLE,APRIL,BUATAN,RIAU,120,57435,ROYAL GOLDEN EAGLE,APEL ENTERPRISES (SINGAPORE) PTE LTD,SINGAPORE,#N/A,INDIA
2015,470329,SINAR MAS,INDAH KIAT,SUNGAI PAKNING,RIAU,1100,556050,UNKNOWN AFFILIATION,SUZHOU HUANG YI TRADE CO LTD,CHINA (MAINLAND),#N/A,CHINA (MAINLAND)
2015,470329,ROYAL GOLDEN EAGLE,APRIL,BUATAN,RIAU,496,237960,ROYAL GOLDEN EAGLE,APEL ENTERPRISES (SINGAPORE) PTE LTD,SINGAPORE,#N/A,LEBANON
2015,470329,SINAR MAS,INDAH KIAT,SUNGAI PAKNING,RIAU,2600,1314300,UNKNOWN AFFILIATION,SUZHOU HUANG YI TRADE CO LTD,CHINA (MAINLAND),#N/A,CHINA (MAINLAND)
2015,470329,ROYAL GOLDEN EAGLE,APRIL,BUATAN,RIAU,159,76535,ROYAL GOLDEN EAGLE,APEL ENTERPRISES (SINGAPORE) PTE LTD,SINGAPORE,#N/A,INDIA
2015,470329,ROYAL GOLDEN EAGLE,APRIL,BUATAN,RIAU,502,240783,ROYAL GOLDEN EAGLE,AP ENTERPRISES (MACAO) COMMERCIAL OFFSHORE LTD,MACAO,#N/A,BANGLADESH
2015,470329,ROYAL GOLDEN EAGLE,APRIL,BUATAN,RIAU,522,250661,ROYAL GOLDEN EAGLE,APEL ENTERPRISES (SINGAPORE) PTE LTD,SINGAPORE,#N/A,UNITED ARAB EMIRATES
2015,470329,ROYAL GOLDEN EAGLE,APRIL,BUATAN,RIAU,502,240998,ROYAL GOLDEN EAGLE,AP ENTERPRISES (MACAO) COMMERCIAL OFFSHORE LTD,MACAO,#N/A,BANGLADESH
2015,470329,MARUBENI,TANJUNG ENIM LESTARI,PANJANG,SUMATERA SELATAN,785,412305,MARUBENI,MARUBENI CORP,JAPAN,#N/A,CHINA (MAINLAND)
2015,470329,MARUBENI,TANJUNG ENIM LESTARI,PANJANG,SUMATERA SELATAN,980,514752,MARUBENI,MARUBENI CORP,JAPAN,#N/A,CHINA (MAINLAND)
2015,470329,MARUBENI,TANJUNG ENIM LESTARI,PANJANG,SUMATERA SELATAN,99,52314,MARUBENI,MARUBENI CORP,JAPAN,#N/A,TAIWAN
2015,470329,ROYAL GOLDEN EAGLE,APRIL,BUATAN,RIAU,502,241025,ROYAL GOLDEN EAGLE,AP ENTERPRISES (MACAO) COMMERCIAL OFFSHORE LTD,MACAO,#N/A,BANGLADESH
2015,470329,MARUBENI,TANJUNG ENIM LESTARI,PANJANG,SUMATERA SELATAN,1471,781219,MARUBENI,MARUBENI CORP,JAPAN,#N/A,TAIWAN
2015,470329,ROYAL GOLDEN EAGLE,APRIL,BUATAN,RIAU,502,240940,ROYAL GOLDEN EAGLE,ALKIRA TRADING (MACAO COMMERCIAL OFFSHORE) LTD,MACAO,#N/A,CHINA (MAINLAND)
2015,470329,MARUBENI,TANJUNG ENIM LESTARI,PANJANG,SUMATERA SELATAN,687,364519,MARUBENI,MARUBENI CORP,JAPAN,#N/A,TAIWAN
2015,470329,MARUBENI,TANJUNG ENIM LESTARI,PANJANG,SUMATERA SELATAN,490,258037,MARUBENI,MARUBENI CORP,JAPAN,#N/A,CHINA (MAINLAND)
2015,470329,MARUBENI,TANJUNG ENIM LESTARI,PANJANG,SUMATERA SELATAN,198,104933,MARUBENI,MARUBENI CORP,JAPAN,#N/A,TAIWAN
2015,470329,MARUBENI,TANJUNG ENIM LESTARI,PANJANG,SUMATERA SELATAN,4906,2602542,MARUBENI,MARUBENI CORP,JAPAN,#N/A,SOUTH KOREA
2015,470329,ROYAL GOLDEN EAGLE,APRIL,BUATAN,RIAU,100,48157,ROYAL GOLDEN EAGLE,APEL ENTERPRISES (SINGAPORE) PTE LTD,SINGAPORE,#N/A,INDIA
2015,470329,ROYAL GOLDEN EAGLE,APRIL,BUATAN,RIAU,502,241112,ROYAL GOLDEN EAGLE,ALKIRA TRADING (MACAO COMMERCIAL OFFSHORE) LTD,MACAO,#N/A,CHINA (MAINLAND)
2015,470329,ROYAL GOLDEN EAGLE,APRIL,BUATAN,RIAU,522,250641,ROYAL GOLDEN EAGLE,APEL ENTERPRISES (SINGAPORE) PTE LTD,SINGAPORE,#N/A,SAUDI ARABIA
2015,470329,ROYAL GOLDEN EAGLE,APRIL,BUATAN,RIAU,502,240785,ROYAL GOLDEN EAGLE,AP ENTERPRISES (MACAO) COMMERCIAL OFFSHORE LTD,MACAO,#N/A,BANGLADESH
2015,470329,ROYAL GOLDEN EAGLE,APRIL,BUATAN,RIAU,503,241216,ROYAL GOLDEN EAGLE,ALKIRA TRADING (MACAO COMMERCIAL OFFSHORE) LTD,MACAO,#N/A,CHINA (MAINLAND)
2015,470329,ROYAL GOLDEN EAGLE,APRIL,BUATAN,RIAU,703,337545,ROYAL GOLDEN EAGLE,ALKIRA TRADING (MACAO COMMERCIAL OFFSHORE) LTD,MACAO,#N/A,CHINA (MAINLAND)
2015,470329,ROYAL GOLDEN EAGLE,APRIL,BUATAN,RIAU,100,48228,ROYAL GOLDEN EAGLE,APEL ENTERPRISES (SINGAPORE) PTE LTD,SINGAPORE,#N/A,THAILAND
2015,470329,SINAR MAS,LONTAR PAPYRUS,KUALA TUNGKAL,JAMBI,958,460311,UNKNOWN AFFILIATION,SUZHOU HUANG YI TRADE CO LTD,CHINA (MAINLAND),#N/A,CHINA (MAINLAND)
2015,470329,MARUBENI,TANJUNG ENIM LESTARI,TANJUNG PRIOK,SUMATERA SELATAN,416,214021,MARUBENI,MARUBENI CORP,JAPAN,#N/A,CHINA (MAINLAND)
2015,470329,SINAR MAS,INDAH KIAT,PERAWANG,RIAU,300,151352,SINAR MAS,GOLDEN PROFIT TRADING PTE LTD,SINGAPORE,#N/A,VIETNAM
2015,470329,ROYAL GOLDEN EAGLE,APRIL,BUATAN,RIAU,502,241051,ROYAL GOLDEN EAGLE,AP ENTERPRISES (MACAO) COMMERCIAL OFFSHORE LTD,MACAO,#N/A,BANGLADESH
2015,470329,SINAR MAS,INDAH KIAT,PERAWANG,RIAU,500,254816,UNKNOWN AFFILIATION,NINGBO CROWN OF CHINA ENERGY CO LTD,CHINA (MAINLAND),#N/A,CHINA (MAINLAND)
2015,470329,SINAR MAS,INDAH KIAT,SUNGAI PAKNING,RIAU,5000,2530000,UNKNOWN AFFILIATION,NINGBO CROWN OF CHINA ENERGY CO LTD,CHINA (MAINLAND),#N/A,CHINA (MAINLAND)
2015,470329,ROYAL GOLDEN EAGLE,APRIL,BUATAN,RIAU,602,288830,ROYAL GOLDEN EAGLE,ALKIRA TRADING (MACAO COMMERCIAL OFFSHORE) LTD,MACAO,#N/A,CHINA (MAINLAND)
2015,470329,SINAR MAS,LONTAR PAPYRUS,KUALA TUNGKAL,JAMBI,200,96607,UNKNOWN AFFILIATION,SUZHOU HUANG YI TRADE CO LTD,CHINA (MAINLAND),#N/A,CHINA (MAINLAND)
2015,470329,SINAR MAS,INDAH KIAT,PERAWANG,RIAU,198,98739,SINAR MAS,GOLDEN PROFIT TRADING PTE LTD,SINGAPORE,#N/A,JAPAN
2015,470329,SINAR MAS,INDAH KIAT,SUNGAI PAKNING,RIAU,5200,2618200,SINAR MAS,KING PAPER SOURCE TRADING (SHANGHAI) CO LTD,CHINA (MAINLAND),#N/A,CHINA (MAINLAND)
2015,470329,SINAR MAS,LONTAR PAPYRUS,KUALA TUNGKAL,JAMBI,1001,507513,UNKNOWN AFFILIATION,NINGBO CROWN OF CHINA ENERGY CO LTD,CHINA (MAINLAND),#N/A,CHINA (MAINLAND)
2015,470329,MARUBENI,TANJUNG ENIM LESTARI,TANJUNG PRIOK,SUMATERA SELATAN,395,203029,MARUBENI,MARUBENI CORP,JAPAN,#N/A,CHINA (MAINLAND)
2015,470329,ROYAL GOLDEN EAGLE,APRIL,BUATAN,RIAU,201,96476,ROYAL GOLDEN EAGLE,APEL ENTERPRISES (SINGAPORE) PTE LTD,SINGAPORE,#N/A,PHILIPPINES
2015,470329,ROYAL GOLDEN EAGLE,APRIL,BUATAN,RIAU,219,105032,ROYAL GOLDEN EAGLE,APEL ENTERPRISES (SINGAPORE) PTE LTD,SINGAPORE,#N/A,INDIA
2015,470329,ROYAL GOLDEN EAGLE,APRIL,BUATAN,RIAU,501,240597,ROYAL GOLDEN EAGLE,AP ENTERPRISES (MACAO) COMMERCIAL OFFSHORE LTD,MACAO,#N/A,BANGLADESH
2015,470329,SINAR MAS,INDAH KIAT,PERAWANG,RIAU,90,45393,SINAR MAS,GOLDEN PROFIT TRADING PTE LTD,SINGAPORE,#N/A,JAPAN
2015,470329,SINAR MAS,LONTAR PAPYRUS,KUALA TUNGKAL,JAMBI,484,246105,UNKNOWN AFFILIATION,NINGBO CROWN OF CHINA ENERGY CO LTD,CHINA (MAINLAND),#N/A,CHINA (MAINLAND)
2015,470329,ROYAL GOLDEN EAGLE,APRIL,BUATAN,RIAU,1105,530369,ROYAL GOLDEN EAGLE,ALKIRA TRADING (MACAO COMMERCIAL OFFSHORE) LTD,MACAO,#N/A,CHINA (MAINLAND)
2015,470329,MARUBENI,TANJUNG ENIM LESTARI,PANJANG,SUMATERA SELATAN,108,58167,MARUBENI,MARUBENI CORP,JAPAN,#N/A,INDIA
2015,470329,MARUBENI,TANJUNG ENIM LESTARI,PANJANG,SUMATERA SELATAN,504,255540,MARUBENI,MARUBENI CORP,JAPAN,#N/A,INDIA
2015,470329,ROYAL GOLDEN EAGLE,APRIL,BUATAN,RIAU,201,96513,ROYAL GOLDEN EAGLE,APEL ENTERPRISES (SINGAPORE) PTE LTD,SINGAPORE,#N/A,PHILIPPINES
2015,470329,MARUBENI,TANJUNG ENIM LESTARI,PANJANG,SUMATERA SELATAN,196,100734,MARUBENI,MARUBENI CORP,JAPAN,#N/A,INDIA
2015,470329,SINAR MAS,LONTAR PAPYRUS,KUALA TUNGKAL,JAMBI,440,223594,UNKNOWN AFFILIATION,NINGBO CROWN OF CHINA ENERGY CO LTD,CHINA (MAINLAND),#N/A,CHINA (MAINLAND)
2015,470329,ROYAL GOLDEN EAGLE,APRIL,BUATAN,RIAU,502,241038,ROYAL GOLDEN EAGLE,APEL ENTERPRISES (SINGAPORE) PTE LTD,SINGAPORE,#N/A,THAILAND
2015,470329,MARUBENI,TANJUNG ENIM LESTARI,PANJANG,SUMATERA SELATAN,196,101047,MARUBENI,MARUBENI CORP,JAPAN,#N/A,INDIA
2015,470329,ROYAL GOLDEN EAGLE,APRIL,BUATAN,RIAU,60,28891,ROYAL GOLDEN EAGLE,APEL ENTERPRISES (SINGAPORE) PTE LTD,SINGAPORE,#N/A,INDIA
2015,470329,ROYAL GOLDEN EAGLE,APRIL,BUATAN,RIAU,1004,481903,ROYAL GOLDEN EAGLE,ALKIRA TRADING (MACAO COMMERCIAL OFFSHORE) LTD,MACAO,#N/A,CHINA (MAINLAND)
2015,470329,ROYAL GOLDEN EAGLE,APRIL,BUATAN,RIAU,501,240585,ROYAL GOLDEN EAGLE,APEL ENTERPRISES (SINGAPORE) PTE LTD,SINGAPORE,#N/A,INDIA
2015,470329,ROYAL GOLDEN EAGLE,APRIL,BUATAN,RIAU,1004,482006,ROYAL GOLDEN EAGLE,ALKIRA TRADING (MACAO COMMERCIAL OFFSHORE) LTD,MACAO,#N/A,CHINA (MAINLAND)
2015,470329,ROYAL GOLDEN EAGLE,TOBA PULP LESTARI,BELAWAN,SUMATERA UTARA,499,257024,ROYAL GOLDEN EAGLE,DP MARKETING INTERNATIONAL,MACAO,#N/A,CHINA (MAINLAND)
2015,470329,ROYAL GOLDEN EAGLE,APRIL,BUATAN,RIAU,516,247704,ROYAL GOLDEN EAGLE,AP ENTERPRISES (MACAO) COMMERCIAL OFFSHORE LTD,MACAO,#N/A,PAKISTAN
2015,470329,SINAR MAS,INDAH KIAT,PERAWANG,RIAU,60,30878,SINAR MAS,GOLDEN PROFIT TRADING PTE LTD,SINGAPORE,#N/A,VIETNAM
2015,470329,SINAR MAS,LONTAR PAPYRUS,KUALA TUNGKAL,JAMBI,1405,675380,UNKNOWN AFFILIATION,SUZHOU HUANG YI TRADE CO LTD,CHINA (MAINLAND),#N/A,CHINA (MAINLAND)
2015,470329,ROYAL GOLDEN EAGLE,APRIL,BUATAN,RIAU,40,19271,ROYAL GOLDEN EAGLE,APEL ENTERPRISES (SINGAPORE) PTE LTD,SINGAPORE,#N/A,INDIA
2015,470329,SINAR MAS,INDAH KIAT,PERAWANG,RIAU,1000,494089,UNKNOWN AFFILIATION,NINGBO CROWN OF CHINA ENERGY CO LTD,CHINA (MAINLAND),#N/A,CHINA (MAINLAND)
2015,470329,ROYAL GOLDEN EAGLE,APRIL,BUATAN,RIAU,301,144479,ROYAL GOLDEN EAGLE,APEL ENTERPRISES (SINGAPORE) PTE LTD,SINGAPORE,#N/A,INDIA
2015,470329,ROYAL GOLDEN EAGLE,TOBA PULP LESTARI,BELAWAN,SUMATERA UTARA,498,256312,ROYAL GOLDEN EAGLE,DP MARKETING INTERNATIONAL,MACAO,#N/A,CHINA (MAINLAND)
2015,470329,ROYAL GOLDEN EAGLE,APRIL,BUATAN,RIAU,522,250569,ROYAL GOLDEN EAGLE,APEL ENTERPRISES (SINGAPORE) PTE LTD,SINGAPORE,#N/A,UNITED ARAB EMIRATES
2015,470329,SINAR MAS,INDAH KIAT,PERAWANG,RIAU,500,257312,SINAR MAS,GOLDEN PROFIT TRADING PTE LTD,SINGAPORE,#N/A,VIETNAM
2015,470329,ROYAL GOLDEN EAGLE,APRIL,BUATAN,RIAU,6128,2941266,ROYAL GOLDEN EAGLE,ALKIRA TRADING (MACAO COMMERCIAL OFFSHORE) LTD,MACAO,#N/A,CHINA (MAINLAND)
2015,470329,ROYAL GOLDEN EAGLE,APRIL,BUATAN,RIAU,5123,2459253,ROYAL GOLDEN EAGLE,ALKIRA TRADING (MACAO COMMERCIAL OFFSHORE) LTD,MACAO,#N/A,CHINA (MAINLAND)
2015,470329,ROYAL GOLDEN EAGLE,APRIL,BUATAN,RIAU,1006,482656,ROYAL GOLDEN EAGLE,APEL ENTERPRISES (SINGAPORE) PTE LTD,SINGAPORE,#N/A,INDIA
2015,470329,ROYAL GOLDEN EAGLE,APRIL,BUATAN,RIAU,3134,1504440,ROYAL GOLDEN EAGLE,APEL ENTERPRISES (SINGAPORE) PTE LTD,SINGAPORE,#N/A,JAPAN
2015,470329,ROYAL GOLDEN EAGLE,APRIL,BUATAN,RIAU,5642,2708268,ROYAL GOLDEN EAGLE,APEL ENTERPRISES (SINGAPORE) PTE LTD,SINGAPORE,#N/A,JAPAN
2015,470329,ROYAL GOLDEN EAGLE,APRIL,BUATAN,RIAU,1006,482815,ROYAL GOLDEN EAGLE,ALKIRA TRADING (MACAO COMMERCIAL OFFSHORE) LTD,MACAO,#N/A,CHINA (MAINLAND)
2015,470329,ROYAL GOLDEN EAGLE,APRIL,BUATAN,RIAU,2250,1080209,ROYAL GOLDEN EAGLE,APEL ENTERPRISES (SINGAPORE) PTE LTD,SINGAPORE,#N/A,JAPAN
2015,470329,SINAR MAS,LONTAR PAPYRUS,KUALA TUNGKAL,JAMBI,480,243990,SINAR MAS,KING PAPER SOURCE TRADING (SHANGHAI) CO LTD,CHINA (MAINLAND),#N/A,CHINA (MAINLAND)
2015,470329,ROYAL GOLDEN EAGLE,APRIL,BUATAN,RIAU,201,96493,ROYAL GOLDEN EAGLE,APEL ENTERPRISES (SINGAPORE) PTE LTD,SINGAPORE,#N/A,INDIA
2015,470329,SINAR MAS,INDAH KIAT,PERAWANG,RIAU,1000,494089,UNKNOWN AFFILIATION,NINGBO CROWN OF CHINA ENERGY CO LTD,CHINA (MAINLAND),#N/A,CHINA (MAINLAND)
2015,470329,ROYAL GOLDEN EAGLE,APRIL,BUATAN,RIAU,522,250722,ROYAL GOLDEN EAGLE,APEL ENTERPRISES (SINGAPORE) PTE LTD,SINGAPORE,#N/A,UNITED ARAB EMIRATES
2015,470329,SINAR MAS,INDAH KIAT,PERAWANG,RIAU,500,252235,UNKNOWN AFFILIATION,NINGBO CROWN OF CHINA ENERGY CO LTD,CHINA (MAINLAND),#N/A,CHINA (MAINLAND)
2015,470329,SINAR MAS,INDAH KIAT,PERAWANG,RIAU,1000,502932,UNKNOWN AFFILIATION,SUZHOU HUANG YI TRADE CO LTD,CHINA (MAINLAND),#N/A,CHINA (MAINLAND)
2015,470329,ROYAL GOLDEN EAGLE,APRIL,BUATAN,RIAU,401,192632,ROYAL GOLDEN EAGLE,ALKIRA TRADING (MACAO COMMERCIAL OFFSHORE) LTD,MACAO,#N/A,CHINA (MAINLAND)
2015,470329,ROYAL GOLDEN EAGLE,APRIL,BUATAN,RIAU,1005,482339,ROYAL GOLDEN EAGLE,ALKIRA TRADING (MACAO COMMERCIAL OFFSHORE) LTD,MACAO,#N/A,CHINA (MAINLAND)
2015,470329,ROYAL GOLDEN EAGLE,APRIL,BUATAN,RIAU,4681,2246920,ROYAL GOLDEN EAGLE,ALKIRA TRADING (MACAO COMMERCIAL OFFSHORE) LTD,MACAO,#N/A,CHINA (MAINLAND)
2015,470329,ROYAL GOLDEN EAGLE,APRIL,BUATAN,RIAU,1506,723120,ROYAL GOLDEN EAGLE,ALKIRA TRADING (MACAO COMMERCIAL OFFSHORE) LTD,MACAO,#N/A,CHINA (MAINLAND)
2015,470329,ROYAL GOLDEN EAGLE,APRIL,BUATAN,RIAU,743,356609,ROYAL GOLDEN EAGLE,APEL ENTERPRISES (SINGAPORE) PTE LTD,SINGAPORE,#N/A,INDIA
2015,470329,ROYAL GOLDEN EAGLE,APRIL,BUATAN,RIAU,5969,2864961,ROYAL GOLDEN EAGLE,ALKIRA TRADING (MACAO COMMERCIAL OFFSHORE) LTD,MACAO,#N/A,CHINA (MAINLAND)
2015,470329,SINAR MAS,INDAH KIAT,SUNGAI PAKNING,RIAU,2464,1229536,UNKNOWN AFFILIATION,SUZHOU HUANG YI TRADE CO LTD,CHINA (MAINLAND),#N/A,CHINA (MAINLAND)
2015,470329,ROYAL GOLDEN EAGLE,APRIL,BUATAN,RIAU,301,144642,ROYAL GOLDEN EAGLE,APEL ENTERPRISES (SINGAPORE) PTE LTD,SINGAPORE,#N/A,PHILIPPINES
2015,470329,MARUBENI,TANJUNG ENIM LESTARI,PANJANG,SUMATERA SELATAN,264,145347,MARUBENI,MARUBENI CORP,JAPAN,#N/A,MALAYSIA
2015,470329,ROYAL GOLDEN EAGLE,APRIL,BUATAN,RIAU,502,240752,ROYAL GOLDEN EAGLE,APEL ENTERPRISES (SINGAPORE) PTE LTD,SINGAPORE,#N/A,INDIA
2015,470329,ROYAL GOLDEN EAGLE,APRIL,BUATAN,RIAU,1003,481596,ROYAL GOLDEN EAGLE,ALKIRA TRADING (MACAO COMMERCIAL OFFSHORE) LTD,MACAO,#N/A,CHINA (MAINLAND)
2015,470329,MARUBENI,TANJUNG ENIM LESTARI,TANJUNG PRIOK,SUMATERA SELATAN,499,278817,MARUBENI,MARUBENI CORP,JAPAN,#N/A,JAPAN
2015,470329,ROYAL GOLDEN EAGLE,APRIL,BUATAN,RIAU,496,238293,ROYAL GOLDEN EAGLE,APEL ENTERPRISES (SINGAPORE) PTE LTD,SINGAPORE,#N/A,LEBANON
2015,470329,MARUBENI,TANJUNG ENIM LESTARI,PANJANG,SUMATERA SELATAN,503,266099,MARUBENI,MARUBENI CORP,JAPAN,#N/A,CHINA (MAINLAND)
2015,470329,SINAR MAS,INDAH KIAT,SUNGAI PAKNING,RIAU,3336,1664664,UNKNOWN AFFILIATION,SUZHOU HUANG YI TRADE CO LTD,CHINA (MAINLAND),#N/A,CHINA (MAINLAND)
2015,470329,ROYAL GOLDEN EAGLE,APRIL,BUATAN,RIAU,20,9522,ROYAL GOLDEN EAGLE,APEL ENTERPRISES (SINGAPORE) PTE LTD,SINGAPORE,#N/A,INDIA
2015,470329,SINAR MAS,INDAH KIAT,PERAWANG,RIAU,1000,502932,UNKNOWN AFFILIATION,SUZHOU HUANG YI TRADE CO LTD,CHINA (MAINLAND),#N/A,CHINA (MAINLAND)
2015,470329,SINAR MAS,INDAH KIAT,PERAWANG,RIAU,300,152128,UNKNOWN AFFILIATION,NINGBO CROWN OF CHINA ENERGY CO LTD,CHINA (MAINLAND),#N/A,CHINA (MAINLAND)
2015,470329,SINAR MAS,INDAH KIAT,PERAWANG,RIAU,1000,504470,UNKNOWN AFFILIATION,NINGBO CROWN OF CHINA ENERGY CO LTD,CHINA (MAINLAND),#N/A,CHINA (MAINLAND)
2015,470329,ROYAL GOLDEN EAGLE,APRIL,BUATAN,RIAU,994,477351,ROYAL GOLDEN EAGLE,ALKIRA TRADING (MACAO COMMERCIAL OFFSHORE) LTD,MACAO,#N/A,CHINA (MAINLAND)
2015,470329,ROYAL GOLDEN EAGLE,APRIL,BUATAN,RIAU,502,241033,ROYAL GOLDEN EAGLE,AP ENTERPRISES (MACAO) COMMERCIAL OFFSHORE LTD,MACAO,#N/A,BANGLADESH
2015,470329,ROYAL GOLDEN EAGLE,APRIL,BUATAN,RIAU,502,241139,ROYAL GOLDEN EAGLE,APEL ENTERPRISES (SINGAPORE) PTE LTD,SINGAPORE,#N/A,INDIA
2015,470329,ROYAL GOLDEN EAGLE,APRIL,BUATAN,RIAU,201,96410,ROYAL GOLDEN EAGLE,APEL ENTERPRISES (SINGAPORE) PTE LTD,SINGAPORE,#N/A,INDIA
2015,470329,MARUBENI,TANJUNG ENIM LESTARI,PANJANG,SUMATERA SELATAN,109,58317,MARUBENI,MARUBENI CORP,JAPAN,#N/A,INDIA
2015,470329,MARUBENI,TANJUNG ENIM LESTARI,PANJANG,SUMATERA SELATAN,300,159345,MARUBENI,MARUBENI CORP,JAPAN,#N/A,JAPAN
2015,470329,MARUBENI,TANJUNG ENIM LESTARI,PANJANG,SUMATERA SELATAN,109,56204,MARUBENI,MARUBENI CORP,JAPAN,#N/A,INDIA
2015,470329,MARUBENI,TANJUNG ENIM LESTARI,PANJANG,SUMATERA SELATAN,1000,536606,MARUBENI,MARUBENI CORP,JAPAN,#N/A,SOUTH KOREA
2015,470329,MARUBENI,TANJUNG ENIM LESTARI,PANJANG,SUMATERA SELATAN,1000,535276,MARUBENI,MARUBENI CORP,JAPAN,#N/A,JAPAN
2015,470329,MARUBENI,TANJUNG ENIM LESTARI,PANJANG,SUMATERA SELATAN,153,78412,MARUBENI,MARUBENI CORP,JAPAN,#N/A,INDIA
2015,470329,MARUBENI,TANJUNG ENIM LESTARI,PANJANG,SUMATERA SELATAN,1000,536693,MARUBENI,MARUBENI CORP,JAPAN,#N/A,SOUTH KOREA
2015,470329,MARUBENI,TANJUNG ENIM LESTARI,PANJANG,SUMATERA SELATAN,1301,699975,MARUBENI,MARUBENI CORP,JAPAN,#N/A,SOUTH KOREA
2015,470329,ROYAL GOLDEN EAGLE,APRIL,BUATAN,RIAU,503,246312,ROYAL GOLDEN EAGLE,AP ENTERPRISES (MACAO) COMMERCIAL OFFSHORE LTD,MACAO,#N/A,BANGLADESH
2015,470329,MARUBENI,TANJUNG ENIM LESTARI,PANJANG,SUMATERA SELATAN,700,374538,MARUBENI,MARUBENI CORP,JAPAN,#N/A,JAPAN
2015,470329,MARUBENI,TANJUNG ENIM LESTARI,PANJANG,SUMATERA SELATAN,201,108073,MARUBENI,MARUBENI CORP,JAPAN,#N/A,SOUTH KOREA
2015,470329,MARUBENI,TANJUNG ENIM LESTARI,PANJANG,SUMATERA SELATAN,1000,535459,MARUBENI,MARUBENI CORP,JAPAN,#N/A,JAPAN
2015,470329,MARUBENI,TANJUNG ENIM LESTARI,PANJANG,SUMATERA SELATAN,978,512797,MARUBENI,MARUBENI CORP,JAPAN,#N/A,CHINA (MAINLAND)
2015,470329,MARUBENI,TANJUNG ENIM LESTARI,PANJANG,SUMATERA SELATAN,49,26314,MARUBENI,MARUBENI CORP,JAPAN,#N/A,JAPAN
2015,470329,MARUBENI,TANJUNG ENIM LESTARI,PANJANG,SUMATERA SELATAN,3000,1534961,MARUBENI,MARUBENI CORP,JAPAN,#N/A,CHINA (MAINLAND)
2015,470329,MARUBENI,TANJUNG ENIM LESTARI,PANJANG,SUMATERA SELATAN,299,160357,MARUBENI,MARUBENI CORP,JAPAN,#N/A,JAPAN
2015,470329,MARUBENI,TANJUNG ENIM LESTARI,PANJANG,SUMATERA SELATAN,500,268286,MARUBENI,MARUBENI CORP,JAPAN,#N/A,SOUTH KOREA
2015,470329,MARUBENI,TANJUNG ENIM LESTARI,PANJANG,SUMATERA SELATAN,30,16617,MARUBENI,MARUBENI CORP,JAPAN,#N/A,JAPAN
2015,470329,SINAR MAS,INDAH KIAT,PERAWANG,RIAU,300,155214,SINAR MAS,KING PAPER SOURCE TRADING (SHANGHAI) CO LTD,CHINA (MAINLAND),#N/A,CHINA (MAINLAND)
2015,470329,SINAR MAS,INDAH KIAT,PERAWANG,RIAU,100,47428,SINAR MAS,GOLDEN PROFIT TRADING PTE LTD,SINGAPORE,#N/A,PAKISTAN
2015,470329,ROYAL GOLDEN EAGLE,TOBA PULP LESTARI,BELAWAN,SUMATERA UTARA,496,255422,ROYAL GOLDEN EAGLE,DP MARKETING INTERNATIONAL,MACAO,#N/A,CHINA (MAINLAND)
2015,470329,ROYAL GOLDEN EAGLE,APRIL,BUATAN,RIAU,60,29524,ROYAL GOLDEN EAGLE,APEL ENTERPRISES (SINGAPORE) PTE LTD,SINGAPORE,#N/A,INDIA
2015,470329,SINAR MAS,INDAH KIAT,PERAWANG,RIAU,1000,510975,SINAR MAS,KING PAPER SOURCE TRADING (SHANGHAI) CO LTD,CHINA (MAINLAND),#N/A,CHINA (MAINLAND)
2015,470329,ROYAL GOLDEN EAGLE,APRIL,BUATAN,RIAU,502,241089,ROYAL GOLDEN EAGLE,AP ENTERPRISES (MACAO) COMMERCIAL OFFSHORE LTD,MACAO,#N/A,BANGLADESH
2015,470329,SINAR MAS,LONTAR PAPYRUS,KUALA TUNGKAL,JAMBI,560,283911,UNKNOWN AFFILIATION,WUXI SILVER VANTAGE TRADING LTD,CHINA (MAINLAND),#N/A,BANGLADESH
2015,470329,SINAR MAS,INDAH KIAT,PERAWANG,RIAU,1000,504375,SINAR MAS,KING PAPER SOURCE TRADING (SHANGHAI) CO LTD,CHINA (MAINLAND),#N/A,CHINA (MAINLAND)
2015,470329,ROYAL GOLDEN EAGLE,APRIL,BUATAN,RIAU,1005,492453,ROYAL GOLDEN EAGLE,ALKIRA TRADING (MACAO COMMERCIAL OFFSHORE) LTD,MACAO,#N/A,CHINA (MAINLAND)
2015,470329,SINAR MAS,LONTAR PAPYRUS,KUALA TUNGKAL,JAMBI,900,461193,UNKNOWN AFFILIATION,SUZHOU HUANG YI TRADE CO LTD,CHINA (MAINLAND),#N/A,CHINA (MAINLAND)
2015,470329,ROYAL GOLDEN EAGLE,APRIL,BUATAN,RIAU,497,243463,ROYAL GOLDEN EAGLE,APEL ENTERPRISES (SINGAPORE) PTE LTD,SINGAPORE,#N/A,IRAN
2015,470329,SINAR MAS,LONTAR PAPYRUS,KUALA TUNGKAL,JAMBI,538,258947,UNKNOWN AFFILIATION,SUZHOU HUANG YI TRADE CO LTD,CHINA (MAINLAND),#N/A,CHINA (MAINLAND)
2015,470329,ROYAL GOLDEN EAGLE,TOBA PULP LESTARI,BELAWAN,SUMATERA UTARA,499,256872,ROYAL GOLDEN EAGLE,DP MARKETING INTERNATIONAL,MACAO,#N/A,CHINA (MAINLAND)
2015,470329,ROYAL GOLDEN EAGLE,TOBA PULP LESTARI,BELAWAN,SUMATERA UTARA,497,255887,ROYAL GOLDEN EAGLE,DP MARKETING INTERNATIONAL,MACAO,#N/A,CHINA (MAINLAND)
2015,470329,ROYAL GOLDEN EAGLE,APRIL,BUATAN,RIAU,302,144872,ROYAL GOLDEN EAGLE,APEL ENTERPRISES (SINGAPORE) PTE LTD,SINGAPORE,#N/A,INDIA
2015,470329,SINAR MAS,LONTAR PAPYRUS,KUALA TUNGKAL,JAMBI,900,458748,SINAR MAS,KING PAPER SOURCE TRADING (SHANGHAI) CO LTD,CHINA (MAINLAND),#N/A,CHINA (MAINLAND)
2015,470329,ROYAL GOLDEN EAGLE,APRIL,BUATAN,RIAU,98,48158,ROYAL GOLDEN EAGLE,AP ENTERPRISES (MACAO) COMMERCIAL OFFSHORE LTD,MACAO,#N/A,PAKISTAN
2015,470329,ROYAL GOLDEN EAGLE,APRIL,BUATAN,RIAU,1987,973863,ROYAL GOLDEN EAGLE,ALKIRA TRADING (MACAO COMMERCIAL OFFSHORE) LTD,MACAO,#N/A,CHINA (MAINLAND)
2015,470329,ROYAL GOLDEN EAGLE,APRIL,BUATAN,RIAU,9207,4511464,ROYAL GOLDEN EAGLE,ALKIRA TRADING (MACAO COMMERCIAL OFFSHORE) LTD,MACAO,#N/A,CHINA (MAINLAND)
2015,470329,ROYAL GOLDEN EAGLE,APRIL,BUATAN,RIAU,60,28812,ROYAL GOLDEN EAGLE,APEL ENTERPRISES (SINGAPORE) PTE LTD,SINGAPORE,#N/A,INDIA
2015,470329,ROYAL GOLDEN EAGLE,APRIL,BUATAN,RIAU,563,276021,ROYAL GOLDEN EAGLE,APEL ENTERPRISES (SINGAPORE) PTE LTD,SINGAPORE,#N/A,UNITED ARAB EMIRATES
2015,470329,ROYAL GOLDEN EAGLE,APRIL,BUATAN,RIAU,502,245895,ROYAL GOLDEN EAGLE,AP ENTERPRISES (MACAO) COMMERCIAL OFFSHORE LTD,MACAO,#N/A,BANGLADESH
2015,470329,ROYAL GOLDEN EAGLE,APRIL,BUATAN,RIAU,4018,1968915,ROYAL GOLDEN EAGLE,APEL ENTERPRISES (SINGAPORE) PTE LTD,SINGAPORE,#N/A,SOUTH KOREA
2015,470329,ROYAL GOLDEN EAGLE,APRIL,BUATAN,RIAU,502,241163,ROYAL GOLDEN EAGLE,AP ENTERPRISES (MACAO) COMMERCIAL OFFSHORE LTD,MACAO,#N/A,BANGLADESH
2015,470329,ROYAL GOLDEN EAGLE,APRIL,BUATAN,RIAU,10146,4971581,ROYAL GOLDEN EAGLE,AP ENTERPRISES (MACAO) COMMERCIAL OFFSHORE LTD,MACAO,#N/A,SOUTH KOREA
2015,470329,SINAR MAS,LONTAR PAPYRUS,KUALA TUNGKAL,JAMBI,620,315046,SINAR MAS,KING PAPER SOURCE TRADING (SHANGHAI) CO LTD,CHINA (MAINLAND),#N/A,CHINA (MAINLAND)
2015,470329,SINAR MAS,LONTAR PAPYRUS,KUALA TUNGKAL,JAMBI,940,452604,UNKNOWN AFFILIATION,SUZHOU HUANG YI TRADE CO LTD,CHINA (MAINLAND),#N/A,CHINA (MAINLAND)
2015,470329,ROYAL GOLDEN EAGLE,APRIL,BUATAN,RIAU,261,127826,ROYAL GOLDEN EAGLE,AP ENTERPRISES (MACAO) COMMERCIAL OFFSHORE LTD,MACAO,#N/A,BANGLADESH
2015,470329,SINAR MAS,LONTAR PAPYRUS,KUALA TUNGKAL,JAMBI,360,173345,UNKNOWN AFFILIATION,SUZHOU HUANG YI TRADE CO LTD,CHINA (MAINLAND),#N/A,CHINA (MAINLAND)
2015,470329,ROYAL GOLDEN EAGLE,APRIL,BUATAN,RIAU,502,246016,ROYAL GOLDEN EAGLE,AP ENTERPRISES (MACAO) COMMERCIAL OFFSHORE LTD,MACAO,#N/A,BANGLADESH
2015,470329,ROYAL GOLDEN EAGLE,APRIL,BUATAN,RIAU,1006,492767,ROYAL GOLDEN EAGLE,APEL ENTERPRISES (SINGAPORE) PTE LTD,SINGAPORE,#N/A,SOUTH AFRICA
2015,470329,SINAR MAS,INDAH KIAT,PERAWANG,RIAU,200,102718,UNKNOWN AFFILIATION,NINGBO CROWN OF CHINA ENERGY CO LTD,CHINA (MAINLAND),#N/A,CHINA (MAINLAND)
2015,470329,SINAR MAS,LONTAR PAPYRUS,KUALA TUNGKAL,JAMBI,599,288597,UNKNOWN AFFILIATION,SUZHOU HUANG YI TRADE CO LTD,CHINA (MAINLAND),#N/A,CHINA (MAINLAND)
2015,470329,ROYAL GOLDEN EAGLE,TOBA PULP LESTARI,BELAWAN,SUMATERA UTARA,997,513573,ROYAL GOLDEN EAGLE,DP MARKETING INTERNATIONAL,MACAO,#N/A,CHINA (MAINLAND)
2015,470329,SINAR MAS,INDAH KIAT,PERAWANG,RIAU,1000,504375,SINAR MAS,KING PAPER SOURCE TRADING (SHANGHAI) CO LTD,CHINA (MAINLAND),#N/A,CHINA (MAINLAND)
2015,470329,SINAR MAS,INDAH KIAT,PERAWANG,RIAU,200,102718,SINAR MAS,KING PAPER SOURCE TRADING (SHANGHAI) CO LTD,CHINA (MAINLAND),#N/A,CHINA (MAINLAND)
2015,470329,ROYAL GOLDEN EAGLE,APRIL,BUATAN,RIAU,503,246323,ROYAL GOLDEN EAGLE,ALKIRA TRADING (MACAO COMMERCIAL OFFSHORE) LTD,MACAO,#N/A,CHINA (MAINLAND)
2015,470329,ROYAL GOLDEN EAGLE,APRIL,BUATAN,RIAU,1505,722163,ROYAL GOLDEN EAGLE,ALKIRA TRADING (MACAO COMMERCIAL OFFSHORE) LTD,MACAO,#N/A,CHINA (MAINLAND)
2015,470329,ROYAL GOLDEN EAGLE,APRIL,BUATAN,RIAU,502,245970,ROYAL GOLDEN EAGLE,AP ENTERPRISES (MACAO) COMMERCIAL OFFSHORE LTD,MACAO,#N/A,BANGLADESH
2015,470329,ROYAL GOLDEN EAGLE,APRIL,BUATAN,RIAU,261,125278,ROYAL GOLDEN EAGLE,APEL ENTERPRISES (SINGAPORE) PTE LTD,SINGAPORE,#N/A,INDIA
2015,470329,ROYAL GOLDEN EAGLE,APRIL,BUATAN,RIAU,301,144367,ROYAL GOLDEN EAGLE,ALKIRA TRADING (MACAO COMMERCIAL OFFSHORE) LTD,MACAO,#N/A,CHINA (MAINLAND)
2015,470329,MARUBENI,TANJUNG ENIM LESTARI,PANJANG,SUMATERA SELATAN,259,142702,MARUBENI,MARUBENI CORP,JAPAN,#N/A,MALAYSIA
2015,470329,ROYAL GOLDEN EAGLE,APRIL,BUATAN,RIAU,60,29486,ROYAL GOLDEN EAGLE,AP ENTERPRISES (MACAO) COMMERCIAL OFFSHORE LTD,MACAO,#N/A,BANGLADESH
2015,470329,SINAR MAS,INDAH KIAT,PERAWANG,RIAU,1000,495725,UNKNOWN AFFILIATION,SUZHOU HUANG YI TRADE CO LTD,CHINA (MAINLAND),#N/A,CHINA (MAINLAND)
2015,470329,ROYAL GOLDEN EAGLE,APRIL,BUATAN,RIAU,502,246177,ROYAL GOLDEN EAGLE,ALKIRA TRADING (MACAO COMMERCIAL OFFSHORE) LTD,MACAO,#N/A,CHINA (MAINLAND)
2015,470329,MARUBENI,TANJUNG ENIM LESTARI,TANJUNG PRIOK,SUMATERA SELATAN,499,279055,MARUBENI,MARUBENI CORP,JAPAN,#N/A,JAPAN
2015,470329,ROYAL GOLDEN EAGLE,APRIL,BUATAN,RIAU,502,241185,ROYAL GOLDEN EAGLE,AP ENTERPRISES (MACAO) COMMERCIAL OFFSHORE LTD,MACAO,#N/A,BANGLADESH
2015,470329,ROYAL GOLDEN EAGLE,APRIL,BUATAN,RIAU,516,252787,ROYAL GOLDEN EAGLE,AP ENTERPRISES (MACAO) COMMERCIAL OFFSHORE LTD,MACAO,#N/A,PAKISTAN
2015,470329,MARUBENI,TANJUNG ENIM LESTARI,PANJANG,SUMATERA SELATAN,998,530918,MARUBENI,MARUBENI CORP,JAPAN,#N/A,CHINA (MAINLAND)
2015,470329,SINAR MAS,INDAH KIAT,PERAWANG,RIAU,1000,509631,UNKNOWN AFFILIATION,NINGBO CROWN OF CHINA ENERGY CO LTD,CHINA (MAINLAND),#N/A,CHINA (MAINLAND)
2015,470329,SINAR MAS,INDAH KIAT,PERAWANG,RIAU,1000,496688,UNKNOWN AFFILIATION,NINGBO CROWN OF CHINA ENERGY CO LTD,CHINA (MAINLAND),#N/A,CHINA (MAINLAND)
2015,470329,ROYAL GOLDEN EAGLE,TOBA PULP LESTARI,BELAWAN,SUMATERA UTARA,497,256094,ROYAL GOLDEN EAGLE,DP MARKETING INTERNATIONAL,MACAO,#N/A,CHINA (MAINLAND)
2015,470329,MARUBENI,TANJUNG ENIM LESTARI,PANJANG,SUMATERA SELATAN,981,514512,MARUBENI,MARUBENI CORP,JAPAN,#N/A,CHINA (MAINLAND)
2015,470329,ROYAL GOLDEN EAGLE,APRIL,BUATAN,RIAU,1004,481954,ROYAL GOLDEN EAGLE,APEL ENTERPRISES (SINGAPORE) PTE LTD,SINGAPORE,#N/A,INDIA
2015,470329,ROYAL GOLDEN EAGLE,TOBA PULP LESTARI,BELAWAN,SUMATERA UTARA,496,255647,ROYAL GOLDEN EAGLE,DP MARKETING INTERNATIONAL,MACAO,#N/A,CHINA (MAINLAND)
2015,470329,SINAR MAS,INDAH KIAT,PERAWANG,RIAU,1000,497075,UNKNOWN AFFILIATION,SUZHOU HUANG YI TRADE CO LTD,CHINA (MAINLAND),#N/A,CHINA (MAINLAND)
2015,470329,ROYAL GOLDEN EAGLE,APRIL,BUATAN,RIAU,181,86829,ROYAL GOLDEN EAGLE,APEL ENTERPRISES (SINGAPORE) PTE LTD,SINGAPORE,#N/A,INDIA
2015,470329,ROYAL GOLDEN EAGLE,TOBA PULP LESTARI,BELAWAN,SUMATERA UTARA,497,255919,ROYAL GOLDEN EAGLE,DP MARKETING INTERNATIONAL,MACAO,#N/A,CHINA (MAINLAND)
2015,470329,ROYAL GOLDEN EAGLE,APRIL,BUATAN,RIAU,100,49174,ROYAL GOLDEN EAGLE,APEL ENTERPRISES (SINGAPORE) PTE LTD,SINGAPORE,#N/A,INDIA
2015,470329,MARUBENI,TANJUNG ENIM LESTARI,PANJANG,SUMATERA SELATAN,349,176580,MARUBENI,MARUBENI CORP,JAPAN,#N/A,INDIA
2015,470329,ROYAL GOLDEN EAGLE,TOBA PULP LESTARI,BELAWAN,SUMATERA UTARA,498,256618,ROYAL GOLDEN EAGLE,DP MARKETING INTERNATIONAL,MACAO,#N/A,CHINA (MAINLAND)
2015,470329,ROYAL GOLDEN EAGLE,APRIL,BUATAN,RIAU,502,241015,ROYAL GOLDEN EAGLE,AP ENTERPRISES (MACAO) COMMERCIAL OFFSHORE LTD,MACAO,#N/A,BANGLADESH
2015,470329,ROYAL GOLDEN EAGLE,APRIL,BUATAN,RIAU,502,246121,ROYAL GOLDEN EAGLE,AP ENTERPRISES (MACAO) COMMERCIAL OFFSHORE LTD,MACAO,#N/A,BANGLADESH
2015,470329,SINAR MAS,LONTAR PAPYRUS,KUALA TUNGKAL,JAMBI,400,192524,UNKNOWN AFFILIATION,SUZHOU HUANG YI TRADE CO LTD,CHINA (MAINLAND),#N/A,CHINA (MAINLAND)
2015,470329,ROYAL GOLDEN EAGLE,APRIL,BUATAN,RIAU,40,19234,ROYAL GOLDEN EAGLE,APEL ENTERPRISES (SINGAPORE) PTE LTD,SINGAPORE,#N/A,INDIA
2015,470329,SINAR MAS,LONTAR PAPYRUS,KUALA TUNGKAL,JAMBI,700,337051,UNKNOWN AFFILIATION,SUZHOU HUANG YI TRADE CO LTD,CHINA (MAINLAND),#N/A,CHINA (MAINLAND)
2015,470329,ROYAL GOLDEN EAGLE,APRIL,BUATAN,RIAU,80,38551,ROYAL GOLDEN EAGLE,APEL ENTERPRISES (SINGAPORE) PTE LTD,SINGAPORE,#N/A,INDIA
2015,470329,ROYAL GOLDEN EAGLE,APRIL,BUATAN,RIAU,496,242885,ROYAL GOLDEN EAGLE,APEL ENTERPRISES (SINGAPORE) PTE LTD,SINGAPORE,#N/A,EGYPT
2015,470329,ROYAL GOLDEN EAGLE,APRIL,BUATAN,RIAU,6630,3222475,ROYAL GOLDEN EAGLE,ALKIRA TRADING (MACAO COMMERCIAL OFFSHORE) LTD,MACAO,#N/A,CHINA (MAINLAND)
2015,470329,ROYAL GOLDEN EAGLE,APRIL,BUATAN,RIAU,60,28833,ROYAL GOLDEN EAGLE,APEL ENTERPRISES (SINGAPORE) PTE LTD,SINGAPORE,#N/A,INDIA
2015,470329,ROYAL GOLDEN EAGLE,APRIL,BUATAN,RIAU,3975,1937621,ROYAL GOLDEN EAGLE,ALKIRA TRADING (MACAO COMMERCIAL OFFSHORE) LTD,MACAO,#N/A,CHINA (MAINLAND)
2015,470329,MARUBENI,TANJUNG ENIM LESTARI,PANJANG,SUMATERA SELATAN,349,176603,MARUBENI,MARUBENI CORP,JAPAN,#N/A,INDIA
2015,470329,ROYAL GOLDEN EAGLE,APRIL,BUATAN,RIAU,60,28897,ROYAL GOLDEN EAGLE,APEL ENTERPRISES (SINGAPORE) PTE LTD,SINGAPORE,#N/A,INDIA
2015,470329,MARUBENI,TANJUNG ENIM LESTARI,PANJANG,SUMATERA SELATAN,109,55820,MARUBENI,MARUBENI CORP,JAPAN,#N/A,INDIA
2015,470329,MARUBENI,TANJUNG ENIM LESTARI,PANJANG,SUMATERA SELATAN,999,525372,MARUBENI,MARUBENI CORP,JAPAN,#N/A,CHINA (MAINLAND)
2015,470329,ROYAL GOLDEN EAGLE,APRIL,BUATAN,RIAU,496,242904,ROYAL GOLDEN EAGLE,APEL ENTERPRISES (SINGAPORE) PTE LTD,SINGAPORE,#N/A,EGYPT
2015,470329,ROYAL GOLDEN EAGLE,APRIL,BUATAN,RIAU,502,246185,ROYAL GOLDEN EAGLE,AP ENTERPRISES (MACAO) COMMERCIAL OFFSHORE LTD,MACAO,#N/A,BANGLADESH
2015,470329,ROYAL GOLDEN EAGLE,TOBA PULP LESTARI,BELAWAN,SUMATERA UTARA,994,511777,ROYAL GOLDEN EAGLE,DP MARKETING INTERNATIONAL,MACAO,#N/A,CHINA (MAINLAND)
2015,470329,SINAR MAS,INDAH KIAT,PERAWANG,RIAU,300,153542,SINAR MAS,GOLDEN PROFIT TRADING PTE LTD,SINGAPORE,#N/A,TAIWAN
2015,470329,ROYAL GOLDEN EAGLE,APRIL,BUATAN,RIAU,502,245969,ROYAL GOLDEN EAGLE,AP ENTERPRISES (MACAO) COMMERCIAL OFFSHORE LTD,MACAO,#N/A,BANGLADESH
2015,470329,SINAR MAS,INDAH KIAT,PERAWANG,RIAU,500,252253,SINAR MAS,GOLDEN PROFIT TRADING PTE LTD,SINGAPORE,#N/A,VIETNAM
2015,470329,ROYAL GOLDEN EAGLE,TOBA PULP LESTARI,BELAWAN,SUMATERA UTARA,993,511370,ROYAL GOLDEN EAGLE,DP MARKETING INTERNATIONAL,MACAO,#N/A,CHINA (MAINLAND)
2015,470329,ROYAL GOLDEN EAGLE,APRIL,BUATAN,RIAU,1004,492051,ROYAL GOLDEN EAGLE,ALKIRA TRADING (MACAO COMMERCIAL OFFSHORE) LTD,MACAO,#N/A,CHINA (MAINLAND)
2015,470329,SINAR MAS,LONTAR PAPYRUS,KUALA TUNGKAL,JAMBI,421,215395,UNKNOWN AFFILIATION,SUZHOU HUANG YI TRADE CO LTD,CHINA (MAINLAND),#N/A,CHINA (MAINLAND)
2015,470329,SINAR MAS,LONTAR PAPYRUS,KUALA TUNGKAL,JAMBI,820,418229,SINAR MAS,KING PAPER SOURCE TRADING (SHANGHAI) CO LTD,CHINA (MAINLAND),#N/A,CHINA (MAINLAND)
2015,470329,SINAR MAS,INDAH KIAT,PERAWANG,RIAU,486,246581,UNKNOWN AFFILIATION,NINGBO CROWN OF CHINA ENERGY CO LTD,CHINA (MAINLAND),#N/A,CHINA (MAINLAND)
2015,470329,SINAR MAS,INDAH KIAT,PERAWANG,RIAU,300,155196,UNKNOWN AFFILIATION,NINGBO CROWN OF CHINA ENERGY CO LTD,CHINA (MAINLAND),#N/A,CHINA (MAINLAND)
2015,470329,SINAR MAS,LONTAR PAPYRUS,KUALA TUNGKAL,JAMBI,679,345235,UNKNOWN AFFILIATION,WUXI SILVER VANTAGE TRADING LTD,CHINA (MAINLAND),#N/A,BANGLADESH
2015,470329,SINAR MAS,INDAH KIAT,PERAWANG,RIAU,1000,497075,UNKNOWN AFFILIATION,SUZHOU HUANG YI TRADE CO LTD,CHINA (MAINLAND),#N/A,CHINA (MAINLAND)
2015,470329,SINAR MAS,LONTAR PAPYRUS,KUALA TUNGKAL,JAMBI,462,235006,UNKNOWN AFFILIATION,SUZHOU HUANG YI TRADE CO LTD,CHINA (MAINLAND),#N/A,CHINA (MAINLAND)
2015,470329,SINAR MAS,INDAH KIAT,PERAWANG,RIAU,1000,497075,UNKNOWN AFFILIATION,SUZHOU HUANG YI TRADE CO LTD,CHINA (MAINLAND),#N/A,CHINA (MAINLAND)
2015,470329,ROYAL GOLDEN EAGLE,APRIL,BUATAN,RIAU,1988,974012,ROYAL GOLDEN EAGLE,ALKIRA TRADING (MACAO COMMERCIAL OFFSHORE) LTD,MACAO,#N/A,CHINA (MAINLAND)
2015,470329,SINAR MAS,INDAH KIAT,PERAWANG,RIAU,1000,509631,UNKNOWN AFFILIATION,NINGBO CROWN OF CHINA ENERGY CO LTD,CHINA (MAINLAND),#N/A,CHINA (MAINLAND)
2015,470329,SINAR MAS,INDAH KIAT,PERAWANG,RIAU,1000,517318,UNKNOWN AFFILIATION,NINGBO CROWN OF CHINA ENERGY CO LTD,CHINA (MAINLAND),#N/A,CHINA (MAINLAND)
2015,470329,ROYAL GOLDEN EAGLE,APRIL,BUATAN,RIAU,502,246023,ROYAL GOLDEN EAGLE,AP ENTERPRISES (MACAO) COMMERCIAL OFFSHORE LTD,MACAO,#N/A,BANGLADESH
2015,470329,ROYAL GOLDEN EAGLE,APRIL,BUATAN,RIAU,1505,722391,ROYAL GOLDEN EAGLE,ALKIRA TRADING (MACAO COMMERCIAL OFFSHORE) LTD,MACAO,#N/A,CHINA (MAINLAND)
2015,470329,ROYAL GOLDEN EAGLE,APRIL,BUATAN,RIAU,502,245803,ROYAL GOLDEN EAGLE,AP ENTERPRISES (MACAO) COMMERCIAL OFFSHORE LTD,MACAO,#N/A,BANGLADESH
2015,470329,MARUBENI,TANJUNG ENIM LESTARI,TANJUNG PRIOK,SUMATERA SELATAN,20,11332,MARUBENI,MARUBENI CORP,JAPAN,#N/A,JAPAN
2015,470329,ROYAL GOLDEN EAGLE,APRIL,BUATAN,RIAU,502,246119,ROYAL GOLDEN EAGLE,AP ENTERPRISES (MACAO) COMMERCIAL OFFSHORE LTD,MACAO,#N/A,BANGLADESH
2015,470329,MARUBENI,TANJUNG ENIM LESTARI,TANJUNG PRIOK,SUMATERA SELATAN,300,172949,MARUBENI,MARUBENI CORP,JAPAN,#N/A,JAPAN
2015,470329,ROYAL GOLDEN EAGLE,APRIL,BUATAN,RIAU,502,246158,ROYAL GOLDEN EAGLE,AP ENTERPRISES (MACAO) COMMERCIAL OFFSHORE LTD,MACAO,#N/A,BANGLADESH
2015,470329,SINAR MAS,INDAH KIAT,SUNGAI PAKNING,RIAU,5000,2532500,UNKNOWN AFFILIATION,NINGBO CROWN OF CHINA ENERGY CO LTD,CHINA (MAINLAND),#N/A,CHINA (MAINLAND)
2015,470329,SINAR MAS,INDAH KIAT,SUNGAI PAKNING,RIAU,4000,2026000,UNKNOWN AFFILIATION,NINGBO CROWN OF CHINA ENERGY CO LTD,CHINA (MAINLAND),#N/A,CHINA (MAINLAND)
2015,470329,SINAR MAS,INDAH KIAT,SUNGAI PAKNING,RIAU,1500,789750,SINAR MAS,KING PAPER SOURCE TRADING (SHANGHAI) CO LTD,CHINA (MAINLAND),#N/A,CHINA (MAINLAND)
2015,470329,ROYAL GOLDEN EAGLE,APRIL,BUATAN,RIAU,10655,5220840,ROYAL GOLDEN EAGLE,ALKIRA TRADING (MACAO COMMERCIAL OFFSHORE) LTD,MACAO,#N/A,CHINA (MAINLAND)
2015,470329,ROYAL GOLDEN EAGLE,TOBA PULP LESTARI,BELAWAN,SUMATERA UTARA,520,272900,ROYAL GOLDEN EAGLE,DP MARKETING INTERNATIONAL,MACAO,#N/A,CHINA (MAINLAND)
2015,470329,ROYAL GOLDEN EAGLE,APRIL,BUATAN,RIAU,2311,1132525,ROYAL GOLDEN EAGLE,APEL ENTERPRISES (SINGAPORE) PTE LTD,SINGAPORE,#N/A,SOUTH KOREA
2015,470329,ROYAL GOLDEN EAGLE,APRIL,BUATAN,RIAU,502,245846,ROYAL GOLDEN EAGLE,APEL ENTERPRISES (SINGAPORE) PTE LTD,SINGAPORE,#N/A,INDIA
2015,470329,ROYAL GOLDEN EAGLE,APRIL,BUATAN,RIAU,501,245696,ROYAL GOLDEN EAGLE,APEL ENTERPRISES (SINGAPORE) PTE LTD,SINGAPORE,#N/A,INDIA
2015,470329,ROYAL GOLDEN EAGLE,APRIL,BUATAN,RIAU,60,29000,ROYAL GOLDEN EAGLE,APEL ENTERPRISES (SINGAPORE) PTE LTD,SINGAPORE,#N/A,INDIA
2015,470329,ROYAL GOLDEN EAGLE,APRIL,BUATAN,RIAU,40,19213,ROYAL GOLDEN EAGLE,APEL ENTERPRISES (SINGAPORE) PTE LTD,SINGAPORE,#N/A,INDIA
2015,470329,ROYAL GOLDEN EAGLE,APRIL,BUATAN,RIAU,502,245794,ROYAL GOLDEN EAGLE,APEL ENTERPRISES (SINGAPORE) PTE LTD,SINGAPORE,#N/A,SOUTH AFRICA
2015,470329,ROYAL GOLDEN EAGLE,APRIL,BUATAN,RIAU,502,246123,ROYAL GOLDEN EAGLE,AP ENTERPRISES (MACAO) COMMERCIAL OFFSHORE LTD,MACAO,#N/A,BANGLADESH
2015,470329,SINAR MAS,LONTAR PAPYRUS,KUALA TUNGKAL,JAMBI,680,348051,UNKNOWN AFFILIATION,SUZHOU HUANG YI TRADE CO LTD,CHINA (MAINLAND),#N/A,CHINA (MAINLAND)
2015,470329,SINAR MAS,LONTAR PAPYRUS,KUALA TUNGKAL,JAMBI,1318,634918,SINAR MAS,KING PAPER SOURCE TRADING (SHANGHAI) CO LTD,CHINA (MAINLAND),#N/A,CHINA (MAINLAND)
2015,470329,SINAR MAS,LONTAR PAPYRUS,KUALA TUNGKAL,JAMBI,539,274792,SINAR MAS,KING PAPER SOURCE TRADING (SHANGHAI) CO LTD,CHINA (MAINLAND),#N/A,CHINA (MAINLAND)
2015,470329,ROYAL GOLDEN EAGLE,TOBA PULP LESTARI,BELAWAN,SUMATERA UTARA,1037,544165,ROYAL GOLDEN EAGLE,DP MARKETING INTERNATIONAL,MACAO,#N/A,CHINA (MAINLAND)
2015,470329,ROYAL GOLDEN EAGLE,APRIL,BUATAN,RIAU,15074,7386080,ROYAL GOLDEN EAGLE,AP ENTERPRISES (MACAO) COMMERCIAL OFFSHORE LTD,MACAO,#N/A,SOUTH KOREA
2015,470329,ROYAL GOLDEN EAGLE,TOBA PULP LESTARI,BELAWAN,SUMATERA UTARA,497,255856,ROYAL GOLDEN EAGLE,DP MARKETING INTERNATIONAL,MACAO,#N/A,CHINA (MAINLAND)
2015,470329,MARUBENI,TANJUNG ENIM LESTARI,TANJUNG PRIOK,SUMATERA SELATAN,20,11585,MARUBENI,MARUBENI CORP,JAPAN,#N/A,JAPAN
2015,470329,ROYAL GOLDEN EAGLE,APRIL,BUATAN,RIAU,201,98396,ROYAL GOLDEN EAGLE,APEL ENTERPRISES (SINGAPORE) PTE LTD,SINGAPORE,#N/A,THAILAND
2015,470329,ROYAL GOLDEN EAGLE,APRIL,BUATAN,RIAU,101,49271,ROYAL GOLDEN EAGLE,APEL ENTERPRISES (SINGAPORE) PTE LTD,SINGAPORE,#N/A,INDIA
2015,470329,ROYAL GOLDEN EAGLE,APRIL,BUATAN,RIAU,497,243622,ROYAL GOLDEN EAGLE,APEL ENTERPRISES (SINGAPORE) PTE LTD,SINGAPORE,#N/A,LEBANON
2015,470329,ROYAL GOLDEN EAGLE,APRIL,BUATAN,RIAU,201,98432,ROYAL GOLDEN EAGLE,APEL ENTERPRISES (SINGAPORE) PTE LTD,SINGAPORE,#N/A,THAILAND
2015,470329,MARUBENI,TANJUNG ENIM LESTARI,PANJANG,SUMATERA SELATAN,262,144444,MARUBENI,MARUBENI CORP,JAPAN,#N/A,MALAYSIA
2015,470329,ROYAL GOLDEN EAGLE,APRIL,BUATAN,RIAU,515,252371,ROYAL GOLDEN EAGLE,AP ENTERPRISES (MACAO) COMMERCIAL OFFSHORE LTD,MACAO,#N/A,PAKISTAN
2015,470329,ROYAL GOLDEN EAGLE,APRIL,BUATAN,RIAU,241,115642,ROYAL GOLDEN EAGLE,AP ENTERPRISES (MACAO) COMMERCIAL OFFSHORE LTD,MACAO,#N/A,BANGLADESH
2015,470329,ROYAL GOLDEN EAGLE,APRIL,BUATAN,RIAU,503,246565,ROYAL GOLDEN EAGLE,APEL ENTERPRISES (SINGAPORE) PTE LTD,SINGAPORE,#N/A,THAILAND
2015,470329,ROYAL GOLDEN EAGLE,APRIL,BUATAN,RIAU,502,246008,ROYAL GOLDEN EAGLE,AP ENTERPRISES (MACAO) COMMERCIAL OFFSHORE LTD,MACAO,#N/A,BANGLADESH
2015,470329,SINAR MAS,LONTAR PAPYRUS,KUALA TUNGKAL,JAMBI,1000,481760,SINAR MAS,KING PAPER SOURCE TRADING (SHANGHAI) CO LTD,CHINA (MAINLAND),#N/A,CHINA (MAINLAND)
2015,470329,SINAR MAS,LONTAR PAPYRUS,KUALA TUNGKAL,JAMBI,540,268263,UNKNOWN AFFILIATION,SUZHOU HUANG YI TRADE CO LTD,CHINA (MAINLAND),#N/A,CHINA (MAINLAND)
2015,470329,ROYAL GOLDEN EAGLE,APRIL,BUATAN,RIAU,502,245774,ROYAL GOLDEN EAGLE,APEL ENTERPRISES (SINGAPORE) PTE LTD,SINGAPORE,#N/A,INDIA
2015,470329,ROYAL GOLDEN EAGLE,APRIL,BUATAN,RIAU,121,59089,ROYAL GOLDEN EAGLE,ALKIRA TRADING (MACAO COMMERCIAL OFFSHORE) LTD,MACAO,#N/A,TAIWAN
2015,470329,SINAR MAS,INDAH KIAT,PERAWANG,RIAU,72,37754,SINAR MAS,GOLDEN PROFIT TRADING PTE LTD,SINGAPORE,#N/A,JAPAN
2015,470329,ROYAL GOLDEN EAGLE,APRIL,BUATAN,RIAU,161,77283,ROYAL GOLDEN EAGLE,APEL ENTERPRISES (SINGAPORE) PTE LTD,SINGAPORE,#N/A,INDIA
2015,470329,ROYAL GOLDEN EAGLE,APRIL,BUATAN,RIAU,60,28925,ROYAL GOLDEN EAGLE,APEL ENTERPRISES (SINGAPORE) PTE LTD,SINGAPORE,#N/A,INDIA
2015,470329,SINAR MAS,LONTAR PAPYRUS,KUALA TUNGKAL,JAMBI,761,401898,UNKNOWN AFFILIATION,SUZHOU HUANG YI TRADE CO LTD,CHINA (MAINLAND),#N/A,CHINA (MAINLAND)
2015,470329,ROYAL GOLDEN EAGLE,APRIL,BUATAN,RIAU,502,240878,ROYAL GOLDEN EAGLE,ALKIRA TRADING (MACAO COMMERCIAL OFFSHORE) LTD,MACAO,#N/A,CHINA (MAINLAND)
2015,470329,SINAR MAS,INDAH KIAT,PERAWANG,RIAU,18,9311,SINAR MAS,GOLDEN PROFIT TRADING PTE LTD,SINGAPORE,#N/A,JAPAN
2015,470329,SINAR MAS,LONTAR PAPYRUS,KUALA TUNGKAL,JAMBI,640,325511,SINAR MAS,KING PAPER SOURCE TRADING (SHANGHAI) CO LTD,CHINA (MAINLAND),#N/A,CHINA (MAINLAND)
2015,470329,ROYAL GOLDEN EAGLE,APRIL,BUATAN,RIAU,502,241032,ROYAL GOLDEN EAGLE,APEL ENTERPRISES (SINGAPORE) PTE LTD,SINGAPORE,#N/A,INDIA
2015,470329,MARUBENI,TANJUNG ENIM LESTARI,TANJUNG PRIOK,SUMATERA SELATAN,300,173157,MARUBENI,MARUBENI CORP,JAPAN,#N/A,JAPAN
2015,470329,MARUBENI,TANJUNG ENIM LESTARI,PANJANG,SUMATERA SELATAN,219,116319,MARUBENI,MARUBENI CORP,JAPAN,#N/A,TAIWAN
2015,470329,ROYAL GOLDEN EAGLE,TOBA PULP LESTARI,BELAWAN,SUMATERA UTARA,497,260856,ROYAL GOLDEN EAGLE,DP MARKETING INTERNATIONAL,MACAO,#N/A,CHINA (MAINLAND)
2015,470329,ROYAL GOLDEN EAGLE,APRIL,BUATAN,RIAU,503,246553,ROYAL GOLDEN EAGLE,AP ENTERPRISES (MACAO) COMMERCIAL OFFSHORE LTD,MACAO,#N/A,BANGLADESH
2015,470329,SINAR MAS,INDAH KIAT,SUNGAI PAKNING,RIAU,1000,522500,SINAR MAS,GOLDEN PROFIT TRADING PTE LTD,SINGAPORE,#N/A,SOUTH KOREA
2015,470329,ROYAL GOLDEN EAGLE,TOBA PULP LESTARI,BELAWAN,SUMATERA UTARA,993,521438,ROYAL GOLDEN EAGLE,DP MARKETING INTERNATIONAL,MACAO,#N/A,CHINA (MAINLAND)
2015,470329,MARUBENI,TANJUNG ENIM LESTARI,PANJANG,SUMATERA SELATAN,549,294147,MARUBENI,MARUBENI CORP,JAPAN,#N/A,TAIWAN
2015,470329,SINAR MAS,INDAH KIAT,SUNGAI PAKNING,RIAU,620,323950,SINAR MAS,GOLDEN PROFIT TRADING PTE LTD,SINGAPORE,#N/A,SOUTH KOREA
2015,470329,MARUBENI,TANJUNG ENIM LESTARI,PANJANG,SUMATERA SELATAN,549,293975,MARUBENI,MARUBENI CORP,JAPAN,#N/A,CHINA (MAINLAND)
2015,470329,MARUBENI,TANJUNG ENIM LESTARI,PANJANG,SUMATERA SELATAN,1049,581989,MARUBENI,MARUBENI CORP,JAPAN,#N/A,SOUTH KOREA
2015,470329,SINAR MAS,INDAH KIAT,SUNGAI PAKNING,RIAU,380,198550,SINAR MAS,GOLDEN PROFIT TRADING PTE LTD,SINGAPORE,#N/A,SOUTH KOREA
2015,470329,MARUBENI,TANJUNG ENIM LESTARI,PANJANG,SUMATERA SELATAN,1049,582165,MARUBENI,MARUBENI CORP,JAPAN,#N/A,SOUTH KOREA
2015,470329,ROYAL GOLDEN EAGLE,TOBA PULP LESTARI,BELAWAN,SUMATERA UTARA,499,262097,ROYAL GOLDEN EAGLE,DP MARKETING INTERNATIONAL,MACAO,#N/A,CHINA (MAINLAND)
2015,470329,SINAR MAS,INDAH KIAT,SUNGAI PAKNING,RIAU,100,52250,SINAR MAS,GOLDEN PROFIT TRADING PTE LTD,SINGAPORE,#N/A,SOUTH KOREA
2015,470329,MARUBENI,TANJUNG ENIM LESTARI,PANJANG,SUMATERA SELATAN,439,244304,MARUBENI,MARUBENI CORP,JAPAN,#N/A,SOUTH KOREA
2015,470329,ROYAL GOLDEN EAGLE,APRIL,BUATAN,RIAU,996,487919,ROYAL GOLDEN EAGLE,APEL ENTERPRISES (SINGAPORE) PTE LTD,SINGAPORE,#N/A,EGYPT
2015,470329,MARUBENI,TANJUNG ENIM LESTARI,TANJUNG PRIOK,SUMATERA SELATAN,496,258062,MARUBENI,MARUBENI CORP,JAPAN,#N/A,CHINA (MAINLAND)
2015,470329,MARUBENI,TANJUNG ENIM LESTARI,PANJANG,SUMATERA SELATAN,549,293933,MARUBENI,MARUBENI CORP,JAPAN,#N/A,CHINA (MAINLAND)
2015,470329,MARUBENI,TANJUNG ENIM LESTARI,PANJANG,SUMATERA SELATAN,524,291036,MARUBENI,MARUBENI CORP,JAPAN,#N/A,SOUTH KOREA
2015,470329,ROYAL GOLDEN EAGLE,APRIL,BUATAN,RIAU,502,241134,ROYAL GOLDEN EAGLE,APEL ENTERPRISES (SINGAPORE) PTE LTD,SINGAPORE,#N/A,INDIA
2015,470329,MARUBENI,TANJUNG ENIM LESTARI,PANJANG,SUMATERA SELATAN,1097,582992,MARUBENI,MARUBENI CORP,JAPAN,#N/A,TAIWAN
2015,470329,MARUBENI,TANJUNG ENIM LESTARI,PANJANG,SUMATERA SELATAN,440,233373,MARUBENI,MARUBENI CORP,JAPAN,#N/A,TAIWAN
2015,470329,MARUBENI,TANJUNG ENIM LESTARI,PANJANG,SUMATERA SELATAN,768,407544,MARUBENI,MARUBENI CORP,JAPAN,#N/A,TAIWAN
2015,470329,MARUBENI,TANJUNG ENIM LESTARI,PANJANG,SUMATERA SELATAN,218,121363,MARUBENI,MARUBENI CORP,JAPAN,#N/A,SOUTH KOREA
2015,470329,ROYAL GOLDEN EAGLE,APRIL,BUATAN,RIAU,442,216681,ROYAL GOLDEN EAGLE,APEL ENTERPRISES (SINGAPORE) PTE LTD,SINGAPORE,#N/A,UNITED ARAB EMIRATES
2015,470329,ROYAL GOLDEN EAGLE,TOBA PULP LESTARI,BELAWAN,SUMATERA UTARA,994,522063,ROYAL GOLDEN EAGLE,DP MARKETING INTERNATIONAL,MACAO,#N/A,CHINA (MAINLAND)
2015,470329,SINAR MAS,INDAH KIAT,PERAWANG,RIAU,500,254816,UNKNOWN AFFILIATION,NINGBO CROWN OF CHINA ENERGY CO LTD,CHINA (MAINLAND),#N/A,CHINA (MAINLAND)
2015,470329,ROYAL GOLDEN EAGLE,APRIL,BUATAN,RIAU,5285,2589493,ROYAL GOLDEN EAGLE,ALKIRA TRADING (MACAO COMMERCIAL OFFSHORE) LTD,MACAO,#N/A,CHINA (MAINLAND)
2015,470329,ROYAL GOLDEN EAGLE,APRIL,BUATAN,RIAU,1005,492467,ROYAL GOLDEN EAGLE,ALKIRA TRADING (MACAO COMMERCIAL OFFSHORE) LTD,MACAO,#N/A,CHINA (MAINLAND)
2015,470329,SINAR MAS,INDAH KIAT,PERAWANG,RIAU,504,261415,SINAR MAS,GOLDEN PROFIT TRADING PTE LTD,SINGAPORE,#N/A,JAPAN
2015,470329,SINAR MAS,INDAH KIAT,PERAWANG,RIAU,1000,514756,SINAR MAS,KING PAPER SOURCE TRADING (SHANGHAI) CO LTD,CHINA (MAINLAND),#N/A,CHINA (MAINLAND)
2015,470329,ROYAL GOLDEN EAGLE,APRIL,BUATAN,RIAU,4472,2191115,ROYAL GOLDEN EAGLE,ALKIRA TRADING (MACAO COMMERCIAL OFFSHORE) LTD,MACAO,#N/A,CHINA (MAINLAND)
2015,470329,ROYAL GOLDEN EAGLE,APRIL,BUATAN,RIAU,403,197226,ROYAL GOLDEN EAGLE,APEL ENTERPRISES (SINGAPORE) PTE LTD,SINGAPORE,#N/A,UNITED ARAB EMIRATES
2015,470329,ROYAL GOLDEN EAGLE,APRIL,BUATAN,RIAU,502,246014,ROYAL GOLDEN EAGLE,APEL ENTERPRISES (SINGAPORE) PTE LTD,SINGAPORE,#N/A,INDIA
2015,470329,SINAR MAS,INDAH KIAT,SUNGAI PAKNING,RIAU,2000,1053000,SINAR MAS,KING PAPER SOURCE TRADING (SHANGHAI) CO LTD,CHINA (MAINLAND),#N/A,CHINA (MAINLAND)
2015,470329,SINAR MAS,LONTAR PAPYRUS,KUALA TUNGKAL,JAMBI,640,338227,UNKNOWN AFFILIATION,SUZHOU HUANG YI TRADE CO LTD,CHINA (MAINLAND),#N/A,CHINA (MAINLAND)
2015,470329,ROYAL GOLDEN EAGLE,APRIL,BUATAN,RIAU,2010,984826,ROYAL GOLDEN EAGLE,AP ENTERPRISES (MACAO) COMMERCIAL OFFSHORE LTD,MACAO,#N/A,CHINA (MAINLAND)
2015,470329,ROYAL GOLDEN EAGLE,APRIL,BUATAN,RIAU,101,48320,ROYAL GOLDEN EAGLE,APEL ENTERPRISES (SINGAPORE) PTE LTD,SINGAPORE,#N/A,INDIA
2015,470329,ROYAL GOLDEN EAGLE,APRIL,BUATAN,RIAU,502,245998,ROYAL GOLDEN EAGLE,AP ENTERPRISES (MACAO) COMMERCIAL OFFSHORE LTD,MACAO,#N/A,BANGLADESH
2015,470329,ROYAL GOLDEN EAGLE,APRIL,BUATAN,RIAU,502,246076,ROYAL GOLDEN EAGLE,AP ENTERPRISES (MACAO) COMMERCIAL OFFSHORE LTD,MACAO,#N/A,BANGLADESH
2015,470329,MARUBENI,TANJUNG ENIM LESTARI,PANJANG,SUMATERA SELATAN,260,143012,MARUBENI,MARUBENI CORP,JAPAN,#N/A,MALAYSIA
2015,470329,MARUBENI,TANJUNG ENIM LESTARI,PANJANG,SUMATERA SELATAN,972,511050,MARUBENI,MARUBENI CORP,JAPAN,#N/A,CHINA (MAINLAND)
2015,470329,SINAR MAS,INDAH KIAT,SUNGAI PAKNING,RIAU,500,263250,SINAR MAS,KING PAPER SOURCE TRADING (SHANGHAI) CO LTD,CHINA (MAINLAND),#N/A,CHINA (MAINLAND)
2015,470329,MARUBENI,TANJUNG ENIM LESTARI,PANJANG,SUMATERA SELATAN,108,56952,CELLMARK,CELLMARK ASIA PTE LTD,SINGAPORE,#N/A,BANGLADESH
2015,470329,ROYAL GOLDEN EAGLE,APRIL,BUATAN,RIAU,5023,2461106,ROYAL GOLDEN EAGLE,AP ENTERPRISES (MACAO) COMMERCIAL OFFSHORE LTD,MACAO,#N/A,CHINA (MAINLAND)
2015,470329,ROYAL GOLDEN EAGLE,APRIL,BUATAN,RIAU,503,246401,ROYAL GOLDEN EAGLE,ALKIRA TRADING (MACAO COMMERCIAL OFFSHORE) LTD,MACAO,#N/A,CHINA (MAINLAND)
2015,470329,ROYAL GOLDEN EAGLE,APRIL,BUATAN,RIAU,80,39366,ROYAL GOLDEN EAGLE,APEL ENTERPRISES (SINGAPORE) PTE LTD,SINGAPORE,#N/A,SOUTH AFRICA
2015,470329,SINAR MAS,LONTAR PAPYRUS,KUALA TUNGKAL,JAMBI,899,433025,SINAR MAS,KING PAPER SOURCE TRADING (SHANGHAI) CO LTD,CHINA (MAINLAND),#N/A,CHINA (MAINLAND)
2015,470329,SINAR MAS,LONTAR PAPYRUS,KUALA TUNGKAL,JAMBI,462,244621,UNKNOWN AFFILIATION,SUZHOU HUANG YI TRADE CO LTD,CHINA (MAINLAND),#N/A,CHINA (MAINLAND)
2015,470329,SINAR MAS,INDAH KIAT,SUNGAI PAKNING,RIAU,2000,1053000,SINAR MAS,KING PAPER SOURCE TRADING (SHANGHAI) CO LTD,CHINA (MAINLAND),#N/A,CHINA (MAINLAND)
2015,470329,SINAR MAS,INDAH KIAT,SUNGAI PAKNING,RIAU,100,52250,SINAR MAS,GOLDEN PROFIT TRADING PTE LTD,SINGAPORE,#N/A,SOUTH KOREA
2015,470329,ROYAL GOLDEN EAGLE,APRIL,BUATAN,RIAU,40,19338,ROYAL GOLDEN EAGLE,APEL ENTERPRISES (SINGAPORE) PTE LTD,SINGAPORE,#N/A,INDIA
2015,470329,MARUBENI,TANJUNG ENIM LESTARI,PANJANG,SUMATERA SELATAN,978,514157,MARUBENI,MARUBENI CORP,JAPAN,#N/A,CHINA (MAINLAND)
2015,470329,ROYAL GOLDEN EAGLE,APRIL,BUATAN,RIAU,503,246515,ROYAL GOLDEN EAGLE,ALKIRA TRADING (MACAO COMMERCIAL OFFSHORE) LTD,MACAO,#N/A,CHINA (MAINLAND)
2015,470329,ROYAL GOLDEN EAGLE,APRIL,BUATAN,RIAU,503,246245,ROYAL GOLDEN EAGLE,AP ENTERPRISES (MACAO) COMMERCIAL OFFSHORE LTD,MACAO,#N/A,BANGLADESH
2015,470329,ROYAL GOLDEN EAGLE,APRIL,BUATAN,RIAU,60,28983,ROYAL GOLDEN EAGLE,APEL ENTERPRISES (SINGAPORE) PTE LTD,SINGAPORE,#N/A,INDIA
2015,470329,SINAR MAS,LONTAR PAPYRUS,KUALA TUNGKAL,JAMBI,66,35142,UNKNOWN AFFILIATION,SUZHOU HUANG YI TRADE CO LTD,CHINA (MAINLAND),#N/A,CHINA (MAINLAND)
2015,470329,SINAR MAS,INDAH KIAT,PERAWANG,RIAU,200,98339,SINAR MAS,GOLDEN PROFIT TRADING PTE LTD,SINGAPORE,#N/A,PHILIPPINES
2015,470329,ROYAL GOLDEN EAGLE,APRIL,BUATAN,RIAU,100,49167,ROYAL GOLDEN EAGLE,AP ENTERPRISES (MACAO) COMMERCIAL OFFSHORE LTD,MACAO,#N/A,BANGLADESH
2015,470329,SINAR MAS,INDAH KIAT,PERAWANG,RIAU,1000,514756,SINAR MAS,KING PAPER SOURCE TRADING (SHANGHAI) CO LTD,CHINA (MAINLAND),#N/A,CHINA (MAINLAND)
2015,470329,ROYAL GOLDEN EAGLE,APRIL,BUATAN,RIAU,497,243325,ROYAL GOLDEN EAGLE,APEL ENTERPRISES (SINGAPORE) PTE LTD,SINGAPORE,#N/A,LEBANON
2015,470329,ROYAL GOLDEN EAGLE,TOBA PULP LESTARI,BELAWAN,SUMATERA UTARA,995,522177,ROYAL GOLDEN EAGLE,DP MARKETING INTERNATIONAL,MACAO,#N/A,CHINA (MAINLAND)
2015,470329,SINAR MAS,INDAH KIAT,PERAWANG,RIAU,700,370742,SINAR MAS,KING PAPER SOURCE TRADING (SHANGHAI) CO LTD,CHINA (MAINLAND),#N/A,CHINA (MAINLAND)
2015,470329,ROYAL GOLDEN EAGLE,TOBA PULP LESTARI,BELAWAN,SUMATERA UTARA,995,522534,ROYAL GOLDEN EAGLE,DP MARKETING INTERNATIONAL,MACAO,#N/A,CHINA (MAINLAND)
2015,470329,ROYAL GOLDEN EAGLE,APRIL,BUATAN,RIAU,502,246157,ROYAL GOLDEN EAGLE,AP ENTERPRISES (MACAO) COMMERCIAL OFFSHORE LTD,MACAO,#N/A,BANGLADESH
2015,470329,ROYAL GOLDEN EAGLE,TOBA PULP LESTARI,BELAWAN,SUMATERA UTARA,498,261381,ROYAL GOLDEN EAGLE,DP MARKETING INTERNATIONAL,MACAO,#N/A,CHINA (MAINLAND)
2015,470329,SINAR MAS,LONTAR PAPYRUS,KUALA TUNGKAL,JAMBI,200,105416,UNKNOWN AFFILIATION,SUZHOU HUANG YI TRADE CO LTD,CHINA (MAINLAND),#N/A,CHINA (MAINLAND)
2015,470329,ROYAL GOLDEN EAGLE,TOBA PULP LESTARI,BELAWAN,SUMATERA UTARA,519,272249,ROYAL GOLDEN EAGLE,DP MARKETING INTERNATIONAL,MACAO,#N/A,CHINA (MAINLAND)
2015,470329,SINAR MAS,INDAH KIAT,PERAWANG,RIAU,200,101406,UNKNOWN AFFILIATION,NINGBO CROWN OF CHINA ENERGY CO LTD,CHINA (MAINLAND),#N/A,CHINA (MAINLAND)
2015,470329,SINAR MAS,INDAH KIAT,PERAWANG,RIAU,1000,537318,SINAR MAS,KING PAPER SOURCE TRADING (SHANGHAI) CO LTD,CHINA (MAINLAND),#N/A,CHINA (MAINLAND)
2015,470329,ROYAL GOLDEN EAGLE,APRIL,BUATAN,RIAU,403,193222,ROYAL GOLDEN EAGLE,ALKIRA TRADING (MACAO COMMERCIAL OFFSHORE) LTD,MACAO,#N/A,CHINA (MAINLAND)
2015,470329,SINAR MAS,LONTAR PAPYRUS,KUALA TUNGKAL,JAMBI,719,346327,SINAR MAS,KING PAPER SOURCE TRADING (SHANGHAI) CO LTD,CHINA (MAINLAND),#N/A,CHINA (MAINLAND)
2015,470329,MARUBENI,TANJUNG ENIM LESTARI,PANJANG,SUMATERA SELATAN,497,256567,MARUBENI,MARUBENI CORP,JAPAN,#N/A,INDIA
2015,470329,SINAR MAS,LONTAR PAPYRUS,KUALA TUNGKAL,JAMBI,761,366739,SINAR MAS,KING PAPER SOURCE TRADING (SHANGHAI) CO LTD,CHINA (MAINLAND),#N/A,CHINA (MAINLAND)
2015,470329,ROYAL GOLDEN EAGLE,APRIL,BUATAN,RIAU,503,246475,ROYAL GOLDEN EAGLE,ALKIRA TRADING (MACAO COMMERCIAL OFFSHORE) LTD,MACAO,#N/A,CHINA (MAINLAND)
2015,470329,ROYAL GOLDEN EAGLE,APRIL,BUATAN,RIAU,502,246156,ROYAL GOLDEN EAGLE,AP ENTERPRISES (MACAO) COMMERCIAL OFFSHORE LTD,MACAO,#N/A,BANGLADESH
2015,470329,SINAR MAS,LONTAR PAPYRUS,KUALA TUNGKAL,JAMBI,220,116024,UNKNOWN AFFILIATION,SUZHOU HUANG YI TRADE CO LTD,CHINA (MAINLAND),#N/A,CHINA (MAINLAND)
2015,470329,ROYAL GOLDEN EAGLE,TOBA PULP LESTARI,BELAWAN,SUMATERA UTARA,498,261312,ROYAL GOLDEN EAGLE,DP MARKETING INTERNATIONAL,MACAO,#N/A,CHINA (MAINLAND)
2015,470329,SINAR MAS,INDAH KIAT,SUNGAI PAKNING,RIAU,5000,2507500,SINAR MAS,KING PAPER SOURCE TRADING (SHANGHAI) CO LTD,CHINA (MAINLAND),#N/A,CHINA (MAINLAND)
2015,470329,ROYAL GOLDEN EAGLE,TOBA PULP LESTARI,BELAWAN,SUMATERA UTARA,497,260878,ROYAL GOLDEN EAGLE,DP MARKETING INTERNATIONAL,MACAO,#N/A,CHINA (MAINLAND)
2015,470329,SINAR MAS,INDAH KIAT,PERAWANG,RIAU,396,191953,SINAR MAS,GOLDEN PROFIT TRADING PTE LTD,SINGAPORE,#N/A,JAPAN
2015,470329,SINAR MAS,INDAH KIAT,SUNGAI PAKNING,RIAU,1288,671692,UNKNOWN AFFILIATION,NINGBO CROWN OF CHINA ENERGY CO LTD,CHINA (MAINLAND),#N/A,CHINA (MAINLAND)
2015,470329,ROYAL GOLDEN EAGLE,APRIL,BUATAN,RIAU,502,245942,ROYAL GOLDEN EAGLE,AP ENTERPRISES (MACAO) COMMERCIAL OFFSHORE LTD,MACAO,#N/A,BANGLADESH
2015,470329,ROYAL GOLDEN EAGLE,APRIL,BUATAN,RIAU,100,49094,ROYAL GOLDEN EAGLE,APEL ENTERPRISES (SINGAPORE) PTE LTD,SINGAPORE,#N/A,THAILAND
2015,470329,ROYAL GOLDEN EAGLE,APRIL,BUATAN,RIAU,1246,610581,ROYAL GOLDEN EAGLE,ALKIRA TRADING (MACAO COMMERCIAL OFFSHORE) LTD,MACAO,#N/A,CHINA (MAINLAND)
2015,470329,ROYAL GOLDEN EAGLE,APRIL,BUATAN,RIAU,502,245766,ROYAL GOLDEN EAGLE,APEL ENTERPRISES (SINGAPORE) PTE LTD,SINGAPORE,#N/A,INDIA
2015,470329,SINAR MAS,INDAH KIAT,SUNGAI PAKNING,RIAU,1912,997108,UNKNOWN AFFILIATION,NINGBO CROWN OF CHINA ENERGY CO LTD,CHINA (MAINLAND),#N/A,CHINA (MAINLAND)
2015,470329,ROYAL GOLDEN EAGLE,APRIL,BUATAN,RIAU,100,49173,ROYAL GOLDEN EAGLE,APEL ENTERPRISES (SINGAPORE) PTE LTD,SINGAPORE,#N/A,THAILAND
2015,470329,SINAR MAS,INDAH KIAT,SUNGAI PAKNING,RIAU,2000,1051000,SINAR MAS,KING PAPER SOURCE TRADING (SHANGHAI) CO LTD,CHINA (MAINLAND),#N/A,CHINA (MAINLAND)
2015,470329,ROYAL GOLDEN EAGLE,APRIL,BUATAN,RIAU,502,246057,ROYAL GOLDEN EAGLE,AP ENTERPRISES (MACAO) COMMERCIAL OFFSHORE LTD,MACAO,#N/A,BANGLADESH
2015,470329,ROYAL GOLDEN EAGLE,TOBA PULP LESTARI,BELAWAN,SUMATERA UTARA,497,261028,ROYAL GOLDEN EAGLE,DP MARKETING INTERNATIONAL,MACAO,#N/A,CHINA (MAINLAND)
2015,470329,ROYAL GOLDEN EAGLE,APRIL,BUATAN,RIAU,502,246072,ROYAL GOLDEN EAGLE,AP ENTERPRISES (MACAO) COMMERCIAL OFFSHORE LTD,MACAO,#N/A,BANGLADESH
2015,470329,MARUBENI,TANJUNG ENIM LESTARI,TANJUNG PRIOK,SUMATERA SELATAN,200,115302,MARUBENI,MARUBENI CORP,JAPAN,#N/A,JAPAN
2015,470329,ROYAL GOLDEN EAGLE,APRIL,BUATAN,RIAU,502,246132,ROYAL GOLDEN EAGLE,AP ENTERPRISES (MACAO) COMMERCIAL OFFSHORE LTD,MACAO,#N/A,BANGLADESH
2015,470329,ROYAL GOLDEN EAGLE,TOBA PULP LESTARI,BELAWAN,SUMATERA UTARA,994,522110,ROYAL GOLDEN EAGLE,DP MARKETING INTERNATIONAL,MACAO,#N/A,CHINA (MAINLAND)
2015,470329,SINAR MAS,LONTAR PAPYRUS,KUALA TUNGKAL,JAMBI,300,144549,SINAR MAS,KING PAPER SOURCE TRADING (SHANGHAI) CO LTD,CHINA (MAINLAND),#N/A,CHINA (MAINLAND)
2015,470329,ROYAL GOLDEN EAGLE,APRIL,BUATAN,RIAU,402,196801,ROYAL GOLDEN EAGLE,APEL ENTERPRISES (SINGAPORE) PTE LTD,SINGAPORE,#N/A,UNITED ARAB EMIRATES
2015,470329,SINAR MAS,INDAH KIAT,PERAWANG,RIAU,1120,598927,UNKNOWN AFFILIATION,SUZHOU HUANG YI TRADE CO LTD,CHINA (MAINLAND),#N/A,CHINA (MAINLAND)
2015,470329,ROYAL GOLDEN EAGLE,TOBA PULP LESTARI,BELAWAN,SUMATERA UTARA,498,261657,ROYAL GOLDEN EAGLE,DP MARKETING INTERNATIONAL,MACAO,#N/A,CHINA (MAINLAND)
2015,470329,SINAR MAS,LONTAR PAPYRUS,KUALA TUNGKAL,JAMBI,208,209155,UNKNOWN AFFILIATION,NATSON MIDLAND PACKAGING LTD,UNITED KINGDOM,#N/A,UNITED KINGDOM
2015,470329,ROYAL GOLDEN EAGLE,APRIL,BUATAN,RIAU,160,78637,ROYAL GOLDEN EAGLE,APEL ENTERPRISES (SINGAPORE) PTE LTD,SINGAPORE,#N/A,INDIA
2015,470329,ROYAL GOLDEN EAGLE,APRIL,BUATAN,RIAU,501,240637,ROYAL GOLDEN EAGLE,APEL ENTERPRISES (SINGAPORE) PTE LTD,SINGAPORE,#N/A,INDIA
2015,470329,ROYAL GOLDEN EAGLE,TOBA PULP LESTARI,BELAWAN,SUMATERA UTARA,498,261627,ROYAL GOLDEN EAGLE,DP MARKETING INTERNATIONAL,MACAO,#N/A,CHINA (MAINLAND)
2015,470329,SINAR MAS,LONTAR PAPYRUS,KUALA TUNGKAL,JAMBI,822,435436,UNKNOWN AFFILIATION,SUZHOU HUANG YI TRADE CO LTD,CHINA (MAINLAND),#N/A,CHINA (MAINLAND)
2015,470329,ROYAL GOLDEN EAGLE,APRIL,BUATAN,RIAU,994,486868,ROYAL GOLDEN EAGLE,APEL ENTERPRISES (SINGAPORE) PTE LTD,SINGAPORE,#N/A,EGYPT
2015,470329,SINAR MAS,INDAH KIAT,PERAWANG,RIAU,1000,514756,SINAR MAS,KING PAPER SOURCE TRADING (SHANGHAI) CO LTD,CHINA (MAINLAND),#N/A,CHINA (MAINLAND)
2015,470329,SINAR MAS,LONTAR PAPYRUS,KUALA TUNGKAL,JAMBI,1140,603915,UNKNOWN AFFILIATION,SUZHOU HUANG YI TRADE CO LTD,CHINA (MAINLAND),#N/A,CHINA (MAINLAND)
2015,470329,ROYAL GOLDEN EAGLE,APRIL,BUATAN,RIAU,994,487048,ROYAL GOLDEN EAGLE,ALKIRA TRADING (MACAO COMMERCIAL OFFSHORE) LTD,MACAO,#N/A,CHINA (MAINLAND)
2015,470329,ROYAL GOLDEN EAGLE,APRIL,BUATAN,RIAU,3115,1525324,ROYAL GOLDEN EAGLE,ALKIRA TRADING (MACAO COMMERCIAL OFFSHORE) LTD,MACAO,#N/A,CHINA (MAINLAND)
2015,470329,ROYAL GOLDEN EAGLE,APRIL,BUATAN,RIAU,100,48067,ROYAL GOLDEN EAGLE,APEL ENTERPRISES (SINGAPORE) PTE LTD,SINGAPORE,#N/A,INDIA
2015,470329,ROYAL GOLDEN EAGLE,APRIL,BUATAN,RIAU,3013,1476524,ROYAL GOLDEN EAGLE,ALKIRA TRADING (MACAO COMMERCIAL OFFSHORE) LTD,MACAO,#N/A,CHINA (MAINLAND)
2015,470329,ROYAL GOLDEN EAGLE,APRIL,BUATAN,RIAU,502,246176,ROYAL GOLDEN EAGLE,ALKIRA TRADING (MACAO COMMERCIAL OFFSHORE) LTD,MACAO,#N/A,CHINA (MAINLAND)
2015,470329,ROYAL GOLDEN EAGLE,APRIL,BUATAN,RIAU,3014,1476838,ROYAL GOLDEN EAGLE,APEL ENTERPRISES (SINGAPORE) PTE LTD,SINGAPORE,#N/A,VIETNAM
2015,470329,ROYAL GOLDEN EAGLE,APRIL,BUATAN,RIAU,795,389386,ROYAL GOLDEN EAGLE,APEL ENTERPRISES (SINGAPORE) PTE LTD,SINGAPORE,#N/A,DJIBOUTI
2015,470329,SINAR MAS,INDAH KIAT,SUNGAI PAKNING,RIAU,6000,3159000,SINAR MAS,KING PAPER SOURCE TRADING (SHANGHAI) CO LTD,CHINA (MAINLAND),#N/A,CHINA (MAINLAND)
2015,470329,SINAR MAS,INDAH KIAT,SUNGAI PAKNING,RIAU,2000,1013000,SINAR MAS,KING PAPER SOURCE TRADING (SHANGHAI) CO LTD,CHINA (MAINLAND),#N/A,CHINA (MAINLAND)
2015,470329,MARUBENI,TANJUNG ENIM LESTARI,TANJUNG PRIOK,SUMATERA SELATAN,482,253714,MARUBENI,MARUBENI CORP,JAPAN,#N/A,CHINA (MAINLAND)
2015,470329,SINAR MAS,INDAH KIAT,SUNGAI PAKNING,RIAU,2500,1316250,SINAR MAS,KING PAPER SOURCE TRADING (SHANGHAI) CO LTD,CHINA (MAINLAND),#N/A,CHINA (MAINLAND)
2015,470329,ROYAL GOLDEN EAGLE,APRIL,BUATAN,RIAU,1004,492038,ROYAL GOLDEN EAGLE,APEL ENTERPRISES (SINGAPORE) PTE LTD,SINGAPORE,#N/A,SOUTH AFRICA
2015,470329,ROYAL GOLDEN EAGLE,APRIL,BUATAN,RIAU,502,245956,ROYAL GOLDEN EAGLE,AP ENTERPRISES (MACAO) COMMERCIAL OFFSHORE LTD,MACAO,#N/A,BANGLADESH
2015,470329,ROYAL GOLDEN EAGLE,APRIL,BUATAN,RIAU,60,29476,ROYAL GOLDEN EAGLE,APEL ENTERPRISES (SINGAPORE) PTE LTD,SINGAPORE,#N/A,INDIA
2015,470329,ROYAL GOLDEN EAGLE,TOBA PULP LESTARI,BELAWAN,SUMATERA UTARA,498,261243,ROYAL GOLDEN EAGLE,DP MARKETING INTERNATIONAL,MACAO,#N/A,CHINA (MAINLAND)
2015,470329,ROYAL GOLDEN EAGLE,APRIL,BUATAN,RIAU,502,246075,ROYAL GOLDEN EAGLE,AP ENTERPRISES (MACAO) COMMERCIAL OFFSHORE LTD,MACAO,#N/A,BANGLADESH
2015,470329,MARUBENI,TANJUNG ENIM LESTARI,PANJANG,SUMATERA SELATAN,300,159835,MARUBENI,MARUBENI CORP,JAPAN,#N/A,AUSTRALIA
2015,470329,SINAR MAS,LONTAR PAPYRUS,KUALA TUNGKAL,JAMBI,279,148509,UNKNOWN AFFILIATION,SUZHOU HUANG YI TRADE CO LTD,CHINA (MAINLAND),#N/A,CHINA (MAINLAND)
2015,470329,SINAR MAS,LONTAR PAPYRUS,KUALA TUNGKAL,JAMBI,577,304897,UNKNOWN AFFILIATION,SUZHOU HUANG YI TRADE CO LTD,CHINA (MAINLAND),#N/A,CHINA (MAINLAND)
2015,470329,ROYAL GOLDEN EAGLE,APRIL,BUATAN,RIAU,140,68760,ROYAL GOLDEN EAGLE,AP ENTERPRISES (MACAO) COMMERCIAL OFFSHORE LTD,MACAO,#N/A,BANGLADESH
2015,470329,SINAR MAS,INDAH KIAT,PERAWANG,RIAU,100,49428,SINAR MAS,GOLDEN PROFIT TRADING PTE LTD,SINGAPORE,#N/A,PAKISTAN
2015,470329,SINAR MAS,LONTAR PAPYRUS,KUALA TUNGKAL,JAMBI,1040,551044,UNKNOWN AFFILIATION,SUZHOU HUANG YI TRADE CO LTD,CHINA (MAINLAND),#N/A,CHINA (MAINLAND)
2015,470329,ROYAL GOLDEN EAGLE,APRIL,BUATAN,RIAU,201,98432,ROYAL GOLDEN EAGLE,APEL ENTERPRISES (SINGAPORE) PTE LTD,SINGAPORE,#N/A,INDIA
2015,470329,ROYAL GOLDEN EAGLE,APRIL,BUATAN,RIAU,502,245805,ROYAL GOLDEN EAGLE,APEL ENTERPRISES (SINGAPORE) PTE LTD,SINGAPORE,#N/A,INDIA
2015,470329,ROYAL GOLDEN EAGLE,APRIL,BUATAN,RIAU,241,117978,ROYAL GOLDEN EAGLE,AP ENTERPRISES (MACAO) COMMERCIAL OFFSHORE LTD,MACAO,#N/A,BANGLADESH
2015,470329,MARUBENI,TANJUNG ENIM LESTARI,PANJANG,SUMATERA SELATAN,499,263699,MARUBENI,MARUBENI CORP,JAPAN,#N/A,CHINA (MAINLAND)
2015,470329,ROYAL GOLDEN EAGLE,TOBA PULP LESTARI,BELAWAN,SUMATERA UTARA,497,260873,ROYAL GOLDEN EAGLE,DP MARKETING INTERNATIONAL,MACAO,#N/A,CHINA (MAINLAND)
2015,470329,ROYAL GOLDEN EAGLE,APRIL,BUATAN,RIAU,201,98421,ROYAL GOLDEN EAGLE,APEL ENTERPRISES (SINGAPORE) PTE LTD,SINGAPORE,#N/A,THAILAND
2015,470329,SINAR MAS,LONTAR PAPYRUS,KUALA TUNGKAL,JAMBI,12,12968,UNKNOWN AFFILIATION,NEW CIRCLE (SHENZEN) CO LTD,CHINA (MAINLAND),#N/A,TAIWAN
2015,470329,SINAR MAS,LONTAR PAPYRUS,KUALA TUNGKAL,JAMBI,220,117081,UNKNOWN AFFILIATION,SUZHOU HUANG YI TRADE CO LTD,CHINA (MAINLAND),#N/A,CHINA (MAINLAND)
2015,470329,ROYAL GOLDEN EAGLE,TOBA PULP LESTARI,BELAWAN,SUMATERA UTARA,498,261433,ROYAL GOLDEN EAGLE,DP MARKETING INTERNATIONAL,MACAO,#N/A,CHINA (MAINLAND)
2015,470329,ROYAL GOLDEN EAGLE,APRIL,BUATAN,RIAU,501,245678,ROYAL GOLDEN EAGLE,APEL ENTERPRISES (SINGAPORE) PTE LTD,SINGAPORE,#N/A,INDIA
2015,470329,ROYAL GOLDEN EAGLE,APRIL,BUATAN,RIAU,994,487096,ROYAL GOLDEN EAGLE,ALKIRA TRADING (MACAO COMMERCIAL OFFSHORE) LTD,MACAO,#N/A,CHINA (MAINLAND)
2015,470329,ROYAL GOLDEN EAGLE,APRIL,BUATAN,RIAU,3113,1525271,ROYAL GOLDEN EAGLE,APEL ENTERPRISES (SINGAPORE) PTE LTD,SINGAPORE,#N/A,CHINA (MAINLAND)
2015,470329,SINAR MAS,INDAH KIAT,SUNGAI PAKNING,RIAU,2000,1052000,SINAR MAS,KING PAPER SOURCE TRADING (SHANGHAI) CO LTD,CHINA (MAINLAND),#N/A,CHINA (MAINLAND)
2015,470329,SINAR MAS,INDAH KIAT,PERAWANG,RIAU,1000,537318,SINAR MAS,KING PAPER SOURCE TRADING (SHANGHAI) CO LTD,CHINA (MAINLAND),#N/A,CHINA (MAINLAND)
2015,470329,ROYAL GOLDEN EAGLE,APRIL,BUATAN,RIAU,5524,2691701,ROYAL GOLDEN EAGLE,ALKIRA TRADING (MACAO COMMERCIAL OFFSHORE) LTD,MACAO,#N/A,CHINA (MAINLAND)
2015,470329,ROYAL GOLDEN EAGLE,APRIL,BUATAN,RIAU,1988,974349,ROYAL GOLDEN EAGLE,ALKIRA TRADING (MACAO COMMERCIAL OFFSHORE) LTD,MACAO,#N/A,CHINA (MAINLAND)
2015,470329,ROYAL GOLDEN EAGLE,APRIL,BUATAN,RIAU,993,486505,ROYAL GOLDEN EAGLE,APEL ENTERPRISES (SINGAPORE) PTE LTD,SINGAPORE,#N/A,EGYPT
2015,470329,ROYAL GOLDEN EAGLE,APRIL,BUATAN,RIAU,502,245808,ROYAL GOLDEN EAGLE,APEL ENTERPRISES (SINGAPORE) PTE LTD,SINGAPORE,#N/A,UNITED ARAB EMIRATES
2015,470329,ROYAL GOLDEN EAGLE,APRIL,BUATAN,RIAU,503,246264,ROYAL GOLDEN EAGLE,AP ENTERPRISES (MACAO) COMMERCIAL OFFSHORE LTD,MACAO,#N/A,BANGLADESH
2015,470329,SINAR MAS,INDAH KIAT,SUNGAI PAKNING,RIAU,1500,789000,SINAR MAS,KING PAPER SOURCE TRADING (SHANGHAI) CO LTD,CHINA (MAINLAND),#N/A,CHINA (MAINLAND)
2015,470329,SINAR MAS,INDAH KIAT,SUNGAI PAKNING,RIAU,1600,841600,SINAR MAS,KING PAPER SOURCE TRADING (SHANGHAI) CO LTD,CHINA (MAINLAND),#N/A,CHINA (MAINLAND)
2015,470329,SINAR MAS,LONTAR PAPYRUS,KUALA TUNGKAL,JAMBI,379,201676,UNKNOWN AFFILIATION,SUZHOU HUANG YI TRADE CO LTD,CHINA (MAINLAND),#N/A,CHINA (MAINLAND)
2015,470329,ROYAL GOLDEN EAGLE,APRIL,BUATAN,RIAU,994,477268,ROYAL GOLDEN EAGLE,ALKIRA TRADING (MACAO COMMERCIAL OFFSHORE) LTD,MACAO,#N/A,CHINA (MAINLAND)
2015,470329,MARUBENI,TANJUNG ENIM LESTARI,TANJUNG PRIOK,SUMATERA SELATAN,199,114110,MARUBENI,MARUBENI CORP,JAPAN,#N/A,JAPAN
2015,470329,SINAR MAS,INDAH KIAT,SUNGAI PAKNING,RIAU,1400,736400,SINAR MAS,KING PAPER SOURCE TRADING (SHANGHAI) CO LTD,CHINA (MAINLAND),#N/A,CHINA (MAINLAND)
2015,470329,SINAR MAS,LONTAR PAPYRUS,KUALA TUNGKAL,JAMBI,999,530863,UNKNOWN AFFILIATION,SUZHOU HUANG YI TRADE CO LTD,CHINA (MAINLAND),#N/A,CHINA (MAINLAND)
2015,470329,SINAR MAS,INDAH KIAT,SUNGAI PAKNING,RIAU,3000,1578000,SINAR MAS,KING PAPER SOURCE TRADING (SHANGHAI) CO LTD,CHINA (MAINLAND),#N/A,CHINA (MAINLAND)
2015,470329,ROYAL GOLDEN EAGLE,APRIL,BUATAN,RIAU,502,246007,ROYAL GOLDEN EAGLE,AP ENTERPRISES (MACAO) COMMERCIAL OFFSHORE LTD,MACAO,#N/A,BANGLADESH
2015,470329,ROYAL GOLDEN EAGLE,APRIL,BUATAN,RIAU,1491,730624,ROYAL GOLDEN EAGLE,ALKIRA TRADING (MACAO COMMERCIAL OFFSHORE) LTD,MACAO,#N/A,CHINA (MAINLAND)
2015,470329,SINAR MAS,LONTAR PAPYRUS,KUALA TUNGKAL,JAMBI,640,337796,UNKNOWN AFFILIATION,SUZHOU HUANG YI TRADE CO LTD,CHINA (MAINLAND),#N/A,CHINA (MAINLAND)
2015,470329,SINAR MAS,INDAH KIAT,SUNGAI PAKNING,RIAU,700,368200,SINAR MAS,KING PAPER SOURCE TRADING (SHANGHAI) CO LTD,CHINA (MAINLAND),#N/A,CHINA (MAINLAND)
2015,470329,SINAR MAS,LONTAR PAPYRUS,KUALA TUNGKAL,JAMBI,502,262884,UNKNOWN AFFILIATION,SUZHOU HUANG YI TRADE CO LTD,CHINA (MAINLAND),#N/A,CHINA (MAINLAND)
2015,470329,ROYAL GOLDEN EAGLE,APRIL,BUATAN,RIAU,5023,2461142,ROYAL GOLDEN EAGLE,AP ENTERPRISES (MACAO) COMMERCIAL OFFSHORE LTD,MACAO,#N/A,CHINA (MAINLAND)
2015,470329,ROYAL GOLDEN EAGLE,APRIL,BUATAN,RIAU,2983,1461677,ROYAL GOLDEN EAGLE,ALKIRA TRADING (MACAO COMMERCIAL OFFSHORE) LTD,MACAO,#N/A,CHINA (MAINLAND)
2015,470329,ROYAL GOLDEN EAGLE,APRIL,BUATAN,RIAU,3216,1575793,ROYAL GOLDEN EAGLE,ALKIRA TRADING (MACAO COMMERCIAL OFFSHORE) LTD,MACAO,#N/A,CHINA (MAINLAND)
2015,470329,ROYAL GOLDEN EAGLE,APRIL,BUATAN,RIAU,118,57990,ROYAL GOLDEN EAGLE,AP ENTERPRISES (MACAO) COMMERCIAL OFFSHORE LTD,MACAO,#N/A,PAKISTAN
2015,470329,SINAR MAS,INDAH KIAT,PERAWANG,RIAU,380,204010,UNKNOWN AFFILIATION,SUZHOU HUANG YI TRADE CO LTD,CHINA (MAINLAND),#N/A,CHINA (MAINLAND)
2015,470329,SINAR MAS,INDAH KIAT,PERAWANG,RIAU,500,266897,UNKNOWN AFFILIATION,SUZHOU HUANG YI TRADE CO LTD,CHINA (MAINLAND),#N/A,CHINA (MAINLAND)
2015,470329,ROYAL GOLDEN EAGLE,APRIL,BUATAN,RIAU,1492,731188,ROYAL GOLDEN EAGLE,ALKIRA TRADING (MACAO COMMERCIAL OFFSHORE) LTD,MACAO,#N/A,CHINA (MAINLAND)
2015,470329,ROYAL GOLDEN EAGLE,TOBA PULP LESTARI,BELAWAN,SUMATERA UTARA,994,521710,ROYAL GOLDEN EAGLE,DP MARKETING INTERNATIONAL,MACAO,#N/A,CHINA (MAINLAND)
2015,470329,ROYAL GOLDEN EAGLE,APRIL,BUATAN,RIAU,502,245896,ROYAL GOLDEN EAGLE,AP ENTERPRISES (MACAO) COMMERCIAL OFFSHORE LTD,MACAO,#N/A,BANGLADESH
2015,470329,ROYAL GOLDEN EAGLE,APRIL,BUATAN,RIAU,261,127864,ROYAL GOLDEN EAGLE,ALKIRA TRADING (MACAO COMMERCIAL OFFSHORE) LTD,MACAO,#N/A,CHINA (MAINLAND)
2015,470329,ROYAL GOLDEN EAGLE,APRIL,BUATAN,RIAU,502,246180,ROYAL GOLDEN EAGLE,AP ENTERPRISES (MACAO) COMMERCIAL OFFSHORE LTD,MACAO,#N/A,BANGLADESH
2015,470329,ROYAL GOLDEN EAGLE,APRIL,BUATAN,RIAU,1004,492070,ROYAL GOLDEN EAGLE,ALKIRA TRADING (MACAO COMMERCIAL OFFSHORE) LTD,MACAO,#N/A,CHINA (MAINLAND)
2015,470329,ROYAL GOLDEN EAGLE,APRIL,BUATAN,RIAU,5026,2462883,ROYAL GOLDEN EAGLE,AP ENTERPRISES (MACAO) COMMERCIAL OFFSHORE LTD,MACAO,#N/A,BANGLADESH
2015,470329,ROYAL GOLDEN EAGLE,APRIL,BUATAN,RIAU,503,246244,ROYAL GOLDEN EAGLE,AP ENTERPRISES (MACAO) COMMERCIAL OFFSHORE LTD,MACAO,#N/A,BANGLADESH
2015,470329,MARUBENI,TANJUNG ENIM LESTARI,PANJANG,SUMATERA SELATAN,257,141674,MARUBENI,MARUBENI CORP,JAPAN,#N/A,MALAYSIA
2015,470329,ROYAL GOLDEN EAGLE,APRIL,BUATAN,RIAU,502,245816,ROYAL GOLDEN EAGLE,ALKIRA TRADING (MACAO COMMERCIAL OFFSHORE) LTD,MACAO,#N/A,CHINA (MAINLAND)
2015,470329,MARUBENI,TANJUNG ENIM LESTARI,PANJANG,SUMATERA SELATAN,30,17161,MARUBENI,MARUBENI CORP,JAPAN,#N/A,JAPAN
2015,470329,MARUBENI,TANJUNG ENIM LESTARI,PANJANG,SUMATERA SELATAN,800,441676,MARUBENI,MARUBENI CORP,JAPAN,#N/A,CHINA (MAINLAND)
2015,470329,SINAR MAS,INDAH KIAT,PERAWANG,RIAU,1000,534756,UNKNOWN AFFILIATION,SUZHOU HUANG YI TRADE CO LTD,CHINA (MAINLAND),#N/A,CHINA (MAINLAND)
2015,470329,SINAR MAS,INDAH KIAT,PERAWANG,RIAU,1000,517318,UNKNOWN AFFILIATION,NINGBO CROWN OF CHINA ENERGY CO LTD,CHINA (MAINLAND),#N/A,CHINA (MAINLAND)
2015,470329,MARUBENI,TANJUNG ENIM LESTARI,PANJANG,SUMATERA SELATAN,298,161170,MARUBENI,MARUBENI CORP,JAPAN,#N/A,THAILAND
2015,470329,MARUBENI,TANJUNG ENIM LESTARI,PANJANG,SUMATERA SELATAN,3000,1558365,MARUBENI,MARUBENI CORP,JAPAN,#N/A,CHINA (MAINLAND)
2015,470329,ROYAL GOLDEN EAGLE,APRIL,BUATAN,RIAU,496,242995,ROYAL GOLDEN EAGLE,APEL ENTERPRISES (SINGAPORE) PTE LTD,SINGAPORE,#N/A,EGYPT
2015,470329,MARUBENI,TANJUNG ENIM LESTARI,PANJANG,SUMATERA SELATAN,800,426376,MARUBENI,MARUBENI CORP,JAPAN,#N/A,CHINA (MAINLAND)
2015,470329,ROYAL GOLDEN EAGLE,APRIL,BUATAN,RIAU,502,246054,ROYAL GOLDEN EAGLE,AP ENTERPRISES (MACAO) COMMERCIAL OFFSHORE LTD,MACAO,#N/A,BANGLADESH
2015,470329,MARUBENI,TANJUNG ENIM LESTARI,PANJANG,SUMATERA SELATAN,400,221239,MARUBENI,MARUBENI CORP,JAPAN,#N/A,JAPAN
2015,470329,ROYAL GOLDEN EAGLE,APRIL,BUATAN,RIAU,201,98641,ROYAL GOLDEN EAGLE,APEL ENTERPRISES (SINGAPORE) PTE LTD,SINGAPORE,#N/A,THAILAND
2015,470329,ROYAL GOLDEN EAGLE,APRIL,BUATAN,RIAU,503,246272,ROYAL GOLDEN EAGLE,AP ENTERPRISES (MACAO) COMMERCIAL OFFSHORE LTD,MACAO,#N/A,BANGLADESH
2015,470329,SINAR MAS,LONTAR PAPYRUS,KUALA TUNGKAL,JAMBI,379,190349,SINAR MAS,KING PAPER SOURCE TRADING (SHANGHAI) CO LTD,CHINA (MAINLAND),#N/A,CHINA (MAINLAND)
2015,470329,MARUBENI,TANJUNG ENIM LESTARI,PANJANG,SUMATERA SELATAN,230,127363,MARUBENI,MARUBENI CORP,JAPAN,#N/A,JAPAN
2015,470329,MARUBENI,TANJUNG ENIM LESTARI,PANJANG,SUMATERA SELATAN,50,27441,MARUBENI,MARUBENI CORP,JAPAN,#N/A,JAPAN
2015,470329,MARUBENI,TANJUNG ENIM LESTARI,PANJANG,SUMATERA SELATAN,200,111173,MARUBENI,MARUBENI CORP,JAPAN,#N/A,CHINA (MAINLAND)
2015,470329,SINAR MAS,INDAH KIAT,PERAWANG,RIAU,1000,514756,SINAR MAS,KING PAPER SOURCE TRADING (SHANGHAI) CO LTD,CHINA (MAINLAND),#N/A,CHINA (MAINLAND)
2015,470329,MARUBENI,TANJUNG ENIM LESTARI,PANJANG,SUMATERA SELATAN,799,418075,MARUBENI,MARUBENI CORP,JAPAN,#N/A,CHINA (MAINLAND)
2015,470329,ROYAL GOLDEN EAGLE,APRIL,BUATAN,RIAU,1004,492205,ROYAL GOLDEN EAGLE,ALKIRA TRADING (MACAO COMMERCIAL OFFSHORE) LTD,MACAO,#N/A,CHINA (MAINLAND)
2015,470329,ROYAL GOLDEN EAGLE,TOBA PULP LESTARI,BELAWAN,SUMATERA UTARA,497,260729,ROYAL GOLDEN EAGLE,DP MARKETING INTERNATIONAL,MACAO,#N/A,CHINA (MAINLAND)
2015,470329,SINAR MAS,INDAH KIAT,PERAWANG,RIAU,1000,534756,UNKNOWN AFFILIATION,SUZHOU HUANG YI TRADE CO LTD,CHINA (MAINLAND),#N/A,CHINA (MAINLAND)
2015,470329,MARUBENI,TANJUNG ENIM LESTARI,PANJANG,SUMATERA SELATAN,449,244253,MARUBENI,MARUBENI CORP,JAPAN,#N/A,JAPAN
2015,470329,ROYAL GOLDEN EAGLE,TOBA PULP LESTARI,BELAWAN,SUMATERA UTARA,994,522066,ROYAL GOLDEN EAGLE,DP MARKETING INTERNATIONAL,MACAO,#N/A,CHINA (MAINLAND)
2015,470329,SINAR MAS,INDAH KIAT,PERAWANG,RIAU,100,49428,SINAR MAS,GOLDEN PROFIT TRADING PTE LTD,SINGAPORE,#N/A,PAKISTAN
2015,470329,MARUBENI,TANJUNG ENIM LESTARI,PANJANG,SUMATERA SELATAN,1299,706101,MARUBENI,MARUBENI CORP,JAPAN,#N/A,JAPAN
2015,470329,MARUBENI,TANJUNG ENIM LESTARI,PANJANG,SUMATERA SELATAN,1201,641017,MARUBENI,MARUBENI CORP,JAPAN,#N/A,JAPAN
2015,470329,MARUBENI,TANJUNG ENIM LESTARI,PANJANG,SUMATERA SELATAN,99,54949,MARUBENI,MARUBENI CORP,JAPAN,#N/A,JAPAN
2015,470329,MARUBENI,TANJUNG ENIM LESTARI,PANJANG,SUMATERA SELATAN,1011,531630,MARUBENI,MARUBENI CORP,JAPAN,#N/A,CHINA (MAINLAND)
2015,470329,ROYAL GOLDEN EAGLE,APRIL,BUATAN,RIAU,498,243946,ROYAL GOLDEN EAGLE,ALKIRA TRADING (MACAO COMMERCIAL OFFSHORE) LTD,MACAO,#N/A,CHINA (MAINLAND)
2015,470329,ROYAL GOLDEN EAGLE,APRIL,BUATAN,RIAU,60,28937,ROYAL GOLDEN EAGLE,APEL ENTERPRISES (SINGAPORE) PTE LTD,SINGAPORE,#N/A,INDIA
2015,470329,ROYAL GOLDEN EAGLE,APRIL,BUATAN,RIAU,502,246091,ROYAL GOLDEN EAGLE,AP ENTERPRISES (MACAO) COMMERCIAL OFFSHORE LTD,MACAO,#N/A,BANGLADESH
2015,470329,ROYAL GOLDEN EAGLE,APRIL,BUATAN,RIAU,1204,590145,ROYAL GOLDEN EAGLE,ALKIRA TRADING (MACAO COMMERCIAL OFFSHORE) LTD,MACAO,#N/A,CHINA (MAINLAND)
2015,470329,ROYAL GOLDEN EAGLE,APRIL,BUATAN,RIAU,60,28967,ROYAL GOLDEN EAGLE,APEL ENTERPRISES (SINGAPORE) PTE LTD,SINGAPORE,#N/A,INDIA
2015,470329,ROYAL GOLDEN EAGLE,APRIL,BUATAN,RIAU,8722,4273704,ROYAL GOLDEN EAGLE,ALKIRA TRADING (MACAO COMMERCIAL OFFSHORE) LTD,MACAO,#N/A,CHINA (MAINLAND)
2015,470329,ROYAL GOLDEN EAGLE,APRIL,BUATAN,RIAU,1664,806725,ROYAL GOLDEN EAGLE,ALKIRA TRADING (MACAO COMMERCIAL OFFSHORE) LTD,MACAO,#N/A,CHINA (MAINLAND)
2015,470329,ROYAL GOLDEN EAGLE,APRIL,BUATAN,RIAU,100,49196,ROYAL GOLDEN EAGLE,APEL ENTERPRISES (SINGAPORE) PTE LTD,SINGAPORE,#N/A,INDIA
2015,470329,ROYAL GOLDEN EAGLE,APRIL,BUATAN,RIAU,1043,511215,ROYAL GOLDEN EAGLE,APEL ENTERPRISES (SINGAPORE) PTE LTD,SINGAPORE,#N/A,KUWAIT
2015,470329,SINAR MAS,LONTAR PAPYRUS,KUALA TUNGKAL,JAMBI,559,279851,SINAR MAS,KING PAPER SOURCE TRADING (SHANGHAI) CO LTD,CHINA (MAINLAND),#N/A,CHINA (MAINLAND)
2015,470329,MARUBENI,TANJUNG ENIM LESTARI,TANJUNG PRIOK,SUMATERA SELATAN,483,258145,MARUBENI,MARUBENI CORP,JAPAN,#N/A,CHINA (MAINLAND)
2015,470329,ROYAL GOLDEN EAGLE,TOBA PULP LESTARI,BELAWAN,SUMATERA UTARA,498,261515,ROYAL GOLDEN EAGLE,DP MARKETING INTERNATIONAL,MACAO,#N/A,CHINA (MAINLAND)
2015,470329,ROYAL GOLDEN EAGLE,APRIL,BUATAN,RIAU,496,243237,ROYAL GOLDEN EAGLE,AP ENTERPRISES (MACAO) COMMERCIAL OFFSHORE LTD,MACAO,#N/A,PAKISTAN
2015,470329,SINAR MAS,INDAH KIAT,PERAWANG,RIAU,1000,534756,UNKNOWN AFFILIATION,SUZHOU HUANG YI TRADE CO LTD,CHINA (MAINLAND),#N/A,CHINA (MAINLAND)
2015,470329,MARUBENI,TANJUNG ENIM LESTARI,TANJUNG PRIOK,SUMATERA SELATAN,483,253192,MARUBENI,MARUBENI CORP,JAPAN,#N/A,CHINA (MAINLAND)
2015,470329,ROYAL GOLDEN EAGLE,APRIL,BUATAN,RIAU,302,147762,ROYAL GOLDEN EAGLE,APEL ENTERPRISES (SINGAPORE) PTE LTD,SINGAPORE,#N/A,UNITED ARAB EMIRATES
2015,470329,ROYAL GOLDEN EAGLE,APRIL,BUATAN,RIAU,100,49217,ROYAL GOLDEN EAGLE,APEL ENTERPRISES (SINGAPORE) PTE LTD,SINGAPORE,#N/A,INDIA
2015,470329,SINAR MAS,LONTAR PAPYRUS,KUALA TUNGKAL,JAMBI,781,391638,SINAR MAS,KING PAPER SOURCE TRADING (SHANGHAI) CO LTD,CHINA (MAINLAND),#N/A,CHINA (MAINLAND)
2015,470329,SINAR MAS,INDAH KIAT,PERAWANG,RIAU,1000,534756,UNKNOWN AFFILIATION,SUZHOU HUANG YI TRADE CO LTD,CHINA (MAINLAND),#N/A,CHINA (MAINLAND)
2015,470329,MARUBENI,TANJUNG ENIM LESTARI,TANJUNG PRIOK,SUMATERA SELATAN,260,153955,MARUBENI,MARUBENI CORP,JAPAN,#N/A,JAPAN
2015,470329,ROYAL GOLDEN EAGLE,APRIL,BUATAN,RIAU,993,486357,ROYAL GOLDEN EAGLE,APEL ENTERPRISES (SINGAPORE) PTE LTD,SINGAPORE,#N/A,EGYPT
2015,470329,ROYAL GOLDEN EAGLE,TOBA PULP LESTARI,BELAWAN,SUMATERA UTARA,497,261089,ROYAL GOLDEN EAGLE,DP MARKETING INTERNATIONAL,MACAO,#N/A,CHINA (MAINLAND)
2015,470329,ROYAL GOLDEN EAGLE,APRIL,BUATAN,RIAU,497,243609,ROYAL GOLDEN EAGLE,ALKIRA TRADING (MACAO COMMERCIAL OFFSHORE) LTD,MACAO,#N/A,CHINA (MAINLAND)
2015,470329,SINAR MAS,INDAH KIAT,PERAWANG,RIAU,1000,534756,UNKNOWN AFFILIATION,SUZHOU HUANG YI TRADE CO LTD,CHINA (MAINLAND),#N/A,CHINA (MAINLAND)
2015,470329,ROYAL GOLDEN EAGLE,APRIL,BUATAN,RIAU,802,393138,ROYAL GOLDEN EAGLE,ALKIRA TRADING (MACAO COMMERCIAL OFFSHORE) LTD,MACAO,#N/A,CHINA (MAINLAND)
2015,470329,SINAR MAS,INDAH KIAT,PERAWANG,RIAU,600,317779,SINAR MAS,KING PAPER SOURCE TRADING (SHANGHAI) CO LTD,CHINA (MAINLAND),#N/A,CHINA (MAINLAND)
2015,470329,ROYAL GOLDEN EAGLE,APRIL,BUATAN,RIAU,1003,491650,ROYAL GOLDEN EAGLE,ALKIRA TRADING (MACAO COMMERCIAL OFFSHORE) LTD,MACAO,#N/A,CHINA (MAINLAND)
2015,470329,ROYAL GOLDEN EAGLE,APRIL,BUATAN,RIAU,994,486968,ROYAL GOLDEN EAGLE,ALKIRA TRADING (MACAO COMMERCIAL OFFSHORE) LTD,MACAO,#N/A,CHINA (MAINLAND)
2015,470329,ROYAL GOLDEN EAGLE,APRIL,BUATAN,RIAU,501,245722,ROYAL GOLDEN EAGLE,AP ENTERPRISES (MACAO) COMMERCIAL OFFSHORE LTD,MACAO,#N/A,BANGLADESH
2015,470329,ROYAL GOLDEN EAGLE,APRIL,BUATAN,RIAU,461,226036,ROYAL GOLDEN EAGLE,ALKIRA TRADING (MACAO COMMERCIAL OFFSHORE) LTD,MACAO,#N/A,CHINA (MAINLAND)
2015,470329,MARUBENI,TANJUNG ENIM LESTARI,PANJANG,SUMATERA SELATAN,985,518135,MARUBENI,MARUBENI CORP,JAPAN,#N/A,CHINA (MAINLAND)
2015,470329,SINAR MAS,LONTAR PAPYRUS,KUALA TUNGKAL,JAMBI,539,282791,UNKNOWN AFFILIATION,SUZHOU HUANG YI TRADE CO LTD,CHINA (MAINLAND),#N/A,CHINA (MAINLAND)
2015,470329,ROYAL GOLDEN EAGLE,APRIL,BUATAN,RIAU,1034,506607,ROYAL GOLDEN EAGLE,ALKIRA TRADING (MACAO COMMERCIAL OFFSHORE) LTD,MACAO,#N/A,CHINA (MAINLAND)
2015,470329,MARUBENI,TANJUNG ENIM LESTARI,PANJANG,SUMATERA SELATAN,482,249331,MARUBENI,MARUBENI CORP,JAPAN,#N/A,INDIA
2015,470329,SINAR MAS,LONTAR PAPYRUS,KUALA TUNGKAL,JAMBI,1000,501974,SINAR MAS,KING PAPER SOURCE TRADING (SHANGHAI) CO LTD,CHINA (MAINLAND),#N/A,CHINA (MAINLAND)
2015,470329,SINAR MAS,LONTAR PAPYRUS,KUALA TUNGKAL,JAMBI,220,110391,SINAR MAS,KING PAPER SOURCE TRADING (SHANGHAI) CO LTD,CHINA (MAINLAND),#N/A,CHINA (MAINLAND)
2015,470329,ROYAL GOLDEN EAGLE,APRIL,BUATAN,RIAU,502,245743,ROYAL GOLDEN EAGLE,APEL ENTERPRISES (SINGAPORE) PTE LTD,SINGAPORE,#N/A,SAUDI ARABIA
2015,470329,SINAR MAS,LONTAR PAPYRUS,KUALA TUNGKAL,JAMBI,1000,528002,UNKNOWN AFFILIATION,SUZHOU HUANG YI TRADE CO LTD,CHINA (MAINLAND),#N/A,CHINA (MAINLAND)
2015,470329,ROYAL GOLDEN EAGLE,APRIL,BUATAN,RIAU,1505,737335,ROYAL GOLDEN EAGLE,ALKIRA TRADING (MACAO COMMERCIAL OFFSHORE) LTD,MACAO,#N/A,CHINA (MAINLAND)
2015,470329,SINAR MAS,INDAH KIAT,PERAWANG,RIAU,1000,539631,SINAR MAS,KING PAPER SOURCE TRADING (SHANGHAI) CO LTD,CHINA (MAINLAND),#N/A,CHINA (MAINLAND)
2015,470329,ROYAL GOLDEN EAGLE,TOBA PULP LESTARI,BELAWAN,SUMATERA UTARA,499,262171,ROYAL GOLDEN EAGLE,DP MARKETING INTERNATIONAL,MACAO,#N/A,CHINA (MAINLAND)
2015,470329,SINAR MAS,INDAH KIAT,PERAWANG,RIAU,500,263569,SINAR MAS,GOLDEN PROFIT TRADING PTE LTD,SINGAPORE,#N/A,VIETNAM
2015,470329,MARUBENI,TANJUNG ENIM LESTARI,PANJANG,SUMATERA SELATAN,986,532736,MARUBENI,MARUBENI CORP,JAPAN,#N/A,CHINA (MAINLAND)
2015,470329,MARUBENI,TANJUNG ENIM LESTARI,PANJANG,SUMATERA SELATAN,329,177894,MARUBENI,MARUBENI CORP,JAPAN,#N/A,THAILAND
2015,470329,MARUBENI,TANJUNG ENIM LESTARI,PANJANG,SUMATERA SELATAN,284,146478,MARUBENI,MARUBENI CORP,JAPAN,#N/A,INDIA
2015,470329,ROYAL GOLDEN EAGLE,APRIL,BUATAN,RIAU,993,486462,ROYAL GOLDEN EAGLE,ALKIRA TRADING (MACAO COMMERCIAL OFFSHORE) LTD,MACAO,#N/A,CHINA (MAINLAND)
2015,470329,SINAR MAS,INDAH KIAT,PERAWANG,RIAU,1000,539631,SINAR MAS,KING PAPER SOURCE TRADING (SHANGHAI) CO LTD,CHINA (MAINLAND),#N/A,CHINA (MAINLAND)
2015,470329,MARUBENI,TANJUNG ENIM LESTARI,PANJANG,SUMATERA SELATAN,486,255525,MARUBENI,MARUBENI CORP,JAPAN,#N/A,CHINA (MAINLAND)
2015,470329,MARUBENI,TANJUNG ENIM LESTARI,PANJANG,SUMATERA SELATAN,108,56900,CELLMARK,CELLMARK ASIA PTE LTD,SINGAPORE,#N/A,BANGLADESH
2015,470329,MARUBENI,TANJUNG ENIM LESTARI,PANJANG,SUMATERA SELATAN,155,79535,MARUBENI,MARUBENI CORP,JAPAN,#N/A,INDIA
2015,470329,SINAR MAS,INDAH KIAT,PERAWANG,RIAU,1000,534506,SINAR MAS,GOLDEN PROFIT TRADING PTE LTD,SINGAPORE,#N/A,VIETNAM
2015,470329,SINAR MAS,INDAH KIAT,PERAWANG,RIAU,1000,541231,SINAR MAS,KING PAPER SOURCE TRADING (SHANGHAI) CO LTD,CHINA (MAINLAND),#N/A,CHINA (MAINLAND)
2015,470329,ROYAL GOLDEN EAGLE,APRIL,BUATAN,RIAU,502,241079,ROYAL GOLDEN EAGLE,APEL ENTERPRISES (SINGAPORE) PTE LTD,SINGAPORE,#N/A,INDIA
2015,470329,ROYAL GOLDEN EAGLE,APRIL,BUATAN,RIAU,994,487036,ROYAL GOLDEN EAGLE,ALKIRA TRADING (MACAO COMMERCIAL OFFSHORE) LTD,MACAO,#N/A,CHINA (MAINLAND)
2015,470329,ROYAL GOLDEN EAGLE,APRIL,BUATAN,RIAU,26,12790,ROYAL GOLDEN EAGLE,APEL ENTERPRISES (SINGAPORE) PTE LTD,SINGAPORE,#N/A,VIETNAM
2015,470329,SINAR MAS,LONTAR PAPYRUS,KUALA TUNGKAL,JAMBI,860,431470,SINAR MAS,KING PAPER SOURCE TRADING (SHANGHAI) CO LTD,CHINA (MAINLAND),#N/A,CHINA (MAINLAND)
2015,470329,ROYAL GOLDEN EAGLE,APRIL,BUATAN,RIAU,502,245918,ROYAL GOLDEN EAGLE,APEL ENTERPRISES (SINGAPORE) PTE LTD,SINGAPORE,#N/A,SAUDI ARABIA
2015,470329,ROYAL GOLDEN EAGLE,APRIL,BUATAN,RIAU,100,49199,ROYAL GOLDEN EAGLE,APEL ENTERPRISES (SINGAPORE) PTE LTD,SINGAPORE,#N/A,INDIA
2015,470329,ROYAL GOLDEN EAGLE,APRIL,BUATAN,RIAU,60,28906,ROYAL GOLDEN EAGLE,APEL ENTERPRISES (SINGAPORE) PTE LTD,SINGAPORE,#N/A,INDIA
2015,470329,SINAR MAS,LONTAR PAPYRUS,KUALA TUNGKAL,JAMBI,599,300554,SINAR MAS,KING PAPER SOURCE TRADING (SHANGHAI) CO LTD,CHINA (MAINLAND),#N/A,CHINA (MAINLAND)
2015,470329,SINAR MAS,LONTAR PAPYRUS,KUALA TUNGKAL,JAMBI,520,275701,UNKNOWN AFFILIATION,SUZHOU HUANG YI TRADE CO LTD,CHINA (MAINLAND),#N/A,CHINA (MAINLAND)
2015,470329,ROYAL GOLDEN EAGLE,APRIL,BUATAN,RIAU,10042,4920515,ROYAL GOLDEN EAGLE,ALKIRA TRADING (MACAO COMMERCIAL OFFSHORE) LTD,MACAO,#N/A,TURKEY
2015,470329,ROYAL GOLDEN EAGLE,APRIL,BUATAN,RIAU,502,245974,ROYAL GOLDEN EAGLE,APEL ENTERPRISES (SINGAPORE) PTE LTD,SINGAPORE,#N/A,INDIA
2015,470329,ROYAL GOLDEN EAGLE,APRIL,BUATAN,RIAU,1015,497350,ROYAL GOLDEN EAGLE,ALKIRA TRADING (MACAO COMMERCIAL OFFSHORE) LTD,MACAO,#N/A,CHINA (MAINLAND)
2015,470329,ROYAL GOLDEN EAGLE,APRIL,BUATAN,RIAU,10049,4924140,ROYAL GOLDEN EAGLE,ALKIRA TRADING (MACAO COMMERCIAL OFFSHORE) LTD,MACAO,#N/A,TURKEY
2015,470329,ROYAL GOLDEN EAGLE,APRIL,BUATAN,RIAU,502,246070,ROYAL GOLDEN EAGLE,ALKIRA TRADING (MACAO COMMERCIAL OFFSHORE) LTD,MACAO,#N/A,CHINA (MAINLAND)
2015,470329,ROYAL GOLDEN EAGLE,APRIL,BUATAN,RIAU,502,246029,ROYAL GOLDEN EAGLE,APEL ENTERPRISES (SINGAPORE) PTE LTD,SINGAPORE,#N/A,INDIA
2015,470329,SINAR MAS,INDAH KIAT,SUNGAI PAKNING,RIAU,500,268125,SINAR MAS,KING PAPER SOURCE TRADING (SHANGHAI) CO LTD,CHINA (MAINLAND),#N/A,CHINA (MAINLAND)
2015,470329,SINAR MAS,LONTAR PAPYRUS,KUALA TUNGKAL,JAMBI,1238,621121,SINAR MAS,KING PAPER SOURCE TRADING (SHANGHAI) CO LTD,CHINA (MAINLAND),#N/A,CHINA (MAINLAND)
2015,470329,ROYAL GOLDEN EAGLE,APRIL,BUATAN,RIAU,702,344215,ROYAL GOLDEN EAGLE,ALKIRA TRADING (MACAO COMMERCIAL OFFSHORE) LTD,MACAO,#N/A,CHINA (MAINLAND)
2015,470329,MARUBENI,TANJUNG ENIM LESTARI,TANJUNG PRIOK,SUMATERA SELATAN,20,11727,MARUBENI,MARUBENI CORP,JAPAN,#N/A,JAPAN
2015,470329,SINAR MAS,LONTAR PAPYRUS,KUALA TUNGKAL,JAMBI,758,380123,SINAR MAS,KING PAPER SOURCE TRADING (SHANGHAI) CO LTD,CHINA (MAINLAND),#N/A,CHINA (MAINLAND)
2015,470329,ROYAL GOLDEN EAGLE,APRIL,BUATAN,RIAU,301,147532,ROYAL GOLDEN EAGLE,AP ENTERPRISES (MACAO) COMMERCIAL OFFSHORE LTD,MACAO,#N/A,BANGLADESH
2015,470329,SINAR MAS,INDAH KIAT,SUNGAI PAKNING,RIAU,500,268125,SINAR MAS,KING PAPER SOURCE TRADING (SHANGHAI) CO LTD,CHINA (MAINLAND),#N/A,CHINA (MAINLAND)
2015,470329,SINAR MAS,INDAH KIAT,SUNGAI PAKNING,RIAU,1000,536250,SINAR MAS,KING PAPER SOURCE TRADING (SHANGHAI) CO LTD,CHINA (MAINLAND),#N/A,CHINA (MAINLAND)
2015,470329,SINAR MAS,INDAH KIAT,PERAWANG,RIAU,1000,539631,SINAR MAS,KING PAPER SOURCE TRADING (SHANGHAI) CO LTD,CHINA (MAINLAND),#N/A,CHINA (MAINLAND)
2015,470329,ROYAL GOLDEN EAGLE,APRIL,BUATAN,RIAU,201,98284,ROYAL GOLDEN EAGLE,AP ENTERPRISES (MACAO) COMMERCIAL OFFSHORE LTD,MACAO,#N/A,BANGLADESH
2015,470329,ROYAL GOLDEN EAGLE,APRIL,BUATAN,RIAU,802,393113,ROYAL GOLDEN EAGLE,ALKIRA TRADING (MACAO COMMERCIAL OFFSHORE) LTD,MACAO,#N/A,CHINA (MAINLAND)
2015,470329,ROYAL GOLDEN EAGLE,APRIL,BUATAN,RIAU,803,393662,ROYAL GOLDEN EAGLE,ALKIRA TRADING (MACAO COMMERCIAL OFFSHORE) LTD,MACAO,#N/A,CHINA (MAINLAND)
2015,470329,ROYAL GOLDEN EAGLE,APRIL,BUATAN,RIAU,1105,541404,ROYAL GOLDEN EAGLE,AP ENTERPRISES (MACAO) COMMERCIAL OFFSHORE LTD,MACAO,#N/A,SOUTH KOREA
2015,470329,ROYAL GOLDEN EAGLE,APRIL,BUATAN,RIAU,13968,6844391,ROYAL GOLDEN EAGLE,AP ENTERPRISES (MACAO) COMMERCIAL OFFSHORE LTD,MACAO,#N/A,SOUTH KOREA
2015,470329,ROYAL GOLDEN EAGLE,APRIL,BUATAN,RIAU,502,246194,ROYAL GOLDEN EAGLE,ALKIRA TRADING (MACAO COMMERCIAL OFFSHORE) LTD,MACAO,#N/A,CHINA (MAINLAND)
2015,470329,ROYAL GOLDEN EAGLE,APRIL,BUATAN,RIAU,1106,541773,ROYAL GOLDEN EAGLE,APEL ENTERPRISES (SINGAPORE) PTE LTD,SINGAPORE,#N/A,SOUTH KOREA
2015,470329,ROYAL GOLDEN EAGLE,APRIL,BUATAN,RIAU,442,216721,ROYAL GOLDEN EAGLE,APEL ENTERPRISES (SINGAPORE) PTE LTD,SINGAPORE,#N/A,UNITED ARAB EMIRATES
2015,470329,ROYAL GOLDEN EAGLE,APRIL,BUATAN,RIAU,1507,738539,ROYAL GOLDEN EAGLE,ALKIRA TRADING (MACAO COMMERCIAL OFFSHORE) LTD,MACAO,#N/A,CHINA (MAINLAND)
2015,470329,ROYAL GOLDEN EAGLE,APRIL,BUATAN,RIAU,702,344013,ROYAL GOLDEN EAGLE,ALKIRA TRADING (MACAO COMMERCIAL OFFSHORE) LTD,MACAO,#N/A,CHINA (MAINLAND)
2015,470329,ROYAL GOLDEN EAGLE,APRIL,BUATAN,RIAU,201,98506,ROYAL GOLDEN EAGLE,APEL ENTERPRISES (SINGAPORE) PTE LTD,SINGAPORE,#N/A,INDIA
2015,470329,ROYAL GOLDEN EAGLE,APRIL,BUATAN,RIAU,502,245765,ROYAL GOLDEN EAGLE,APEL ENTERPRISES (SINGAPORE) PTE LTD,SINGAPORE,#N/A,INDIA
2015,470329,SINAR MAS,INDAH KIAT,SUNGAI PAKNING,RIAU,2500,1340625,SINAR MAS,KING PAPER SOURCE TRADING (SHANGHAI) CO LTD,CHINA (MAINLAND),#N/A,CHINA (MAINLAND)
2015,470329,MARUBENI,TANJUNG ENIM LESTARI,PANJANG,SUMATERA SELATAN,330,178559,MARUBENI,MARUBENI CORP,JAPAN,#N/A,THAILAND
2015,470329,MARUBENI,TANJUNG ENIM LESTARI,TANJUNG PRIOK,SUMATERA SELATAN,259,153696,MARUBENI,MARUBENI CORP,JAPAN,#N/A,JAPAN
2015,470329,MARUBENI,TANJUNG ENIM LESTARI,PANJANG,SUMATERA SELATAN,965,516632,MARUBENI,MARUBENI CORP,JAPAN,#N/A,CHINA (MAINLAND)
2015,470329,ROYAL GOLDEN EAGLE,APRIL,BUATAN,RIAU,1004,491983,ROYAL GOLDEN EAGLE,ALKIRA TRADING (MACAO COMMERCIAL OFFSHORE) LTD,MACAO,#N/A,CHINA (MAINLAND)
2015,470329,SINAR MAS,INDAH KIAT,PERAWANG,RIAU,500,268125,SINAR MAS,KING PAPER SOURCE TRADING (SHANGHAI) CO LTD,CHINA (MAINLAND),#N/A,CHINA (MAINLAND)
2015,470329,SINAR MAS,INDAH KIAT,PERAWANG,RIAU,18,9491,SINAR MAS,GOLDEN PROFIT TRADING PTE LTD,SINGAPORE,#N/A,JAPAN
2015,470329,ROYAL GOLDEN EAGLE,APRIL,BUATAN,RIAU,201,98375,ROYAL GOLDEN EAGLE,APEL ENTERPRISES (SINGAPORE) PTE LTD,SINGAPORE,#N/A,THAILAND
2015,470329,ROYAL GOLDEN EAGLE,APRIL,BUATAN,RIAU,502,245998,ROYAL GOLDEN EAGLE,AP ENTERPRISES (MACAO) COMMERCIAL OFFSHORE LTD,MACAO,#N/A,BANGLADESH
2015,470329,SINAR MAS,INDAH KIAT,PERAWANG,RIAU,2500,1340625,SINAR MAS,KING PAPER SOURCE TRADING (SHANGHAI) CO LTD,CHINA (MAINLAND),#N/A,CHINA (MAINLAND)
2015,470329,SINAR MAS,INDAH KIAT,PERAWANG,RIAU,80,42934,SINAR MAS,GOLDEN PROFIT TRADING PTE LTD,SINGAPORE,#N/A,VIETNAM
2015,470329,MARUBENI,TANJUNG ENIM LESTARI,PANJANG,SUMATERA SELATAN,286,149325,MARUBENI,MARUBENI CORP,JAPAN,#N/A,INDIA
2015,470329,SINAR MAS,INDAH KIAT,SUNGAI PAKNING,RIAU,2700,1447875,SINAR MAS,KING PAPER SOURCE TRADING (SHANGHAI) CO LTD,CHINA (MAINLAND),#N/A,CHINA (MAINLAND)
2015,470329,SINAR MAS,LONTAR PAPYRUS,KUALA TUNGKAL,JAMBI,461,249801,SINAR MAS,KING PAPER SOURCE TRADING (SHANGHAI) CO LTD,CHINA (MAINLAND),#N/A,CHINA (MAINLAND)
2015,470329,SINAR MAS,LONTAR PAPYRUS,KUALA TUNGKAL,JAMBI,140,74484,UNKNOWN AFFILIATION,NINGBO CROWN OF CHINA ENERGY CO LTD,CHINA (MAINLAND),#N/A,CHINA (MAINLAND)
2015,470329,ROYAL GOLDEN EAGLE,TOBA PULP LESTARI,BELAWAN,SUMATERA UTARA,499,262049,ROYAL GOLDEN EAGLE,DP MARKETING INTERNATIONAL,MACAO,#N/A,CHINA (MAINLAND)
2015,470329,ROYAL GOLDEN EAGLE,APRIL,BUATAN,RIAU,495,242793,ROYAL GOLDEN EAGLE,APEL ENTERPRISES (SINGAPORE) PTE LTD,SINGAPORE,#N/A,IRAN
2015,470329,ROYAL GOLDEN EAGLE,APRIL,BUATAN,RIAU,803,393635,ROYAL GOLDEN EAGLE,ALKIRA TRADING (MACAO COMMERCIAL OFFSHORE) LTD,MACAO,#N/A,CHINA (MAINLAND)
2015,470329,ROYAL GOLDEN EAGLE,APRIL,BUATAN,RIAU,60,28973,ROYAL GOLDEN EAGLE,APEL ENTERPRISES (SINGAPORE) PTE LTD,SINGAPORE,#N/A,INDIA
2015,470329,MARUBENI,TANJUNG ENIM LESTARI,PANJANG,SUMATERA SELATAN,286,147246,MARUBENI,MARUBENI CORP,JAPAN,#N/A,INDIA
2015,470329,ROYAL GOLDEN EAGLE,TOBA PULP LESTARI,BELAWAN,SUMATERA UTARA,500,262323,ROYAL GOLDEN EAGLE,DP MARKETING INTERNATIONAL,MACAO,#N/A,CHINA (MAINLAND)
2015,470329,SINAR MAS,LONTAR PAPYRUS,KUALA TUNGKAL,JAMBI,520,276917,UNKNOWN AFFILIATION,NINGBO CROWN OF CHINA ENERGY CO LTD,CHINA (MAINLAND),#N/A,CHINA (MAINLAND)
2015,470329,ROYAL GOLDEN EAGLE,APRIL,BUATAN,RIAU,501,245689,ROYAL GOLDEN EAGLE,ALKIRA TRADING (MACAO COMMERCIAL OFFSHORE) LTD,MACAO,#N/A,CHINA (MAINLAND)
2015,470329,MARUBENI,TANJUNG ENIM LESTARI,PANJANG,SUMATERA SELATAN,108,57062,MARUBENI,MARUBENI CORP,JAPAN,#N/A,INDIA
2015,470329,SINAR MAS,INDAH KIAT,PERAWANG,RIAU,414,221226,SINAR MAS,GOLDEN PROFIT TRADING PTE LTD,SINGAPORE,#N/A,JAPAN
2015,470329,ROYAL GOLDEN EAGLE,TOBA PULP LESTARI,BELAWAN,SUMATERA UTARA,1000,525088,ROYAL GOLDEN EAGLE,DP MARKETING INTERNATIONAL,MACAO,#N/A,CHINA (MAINLAND)
2015,470329,SINAR MAS,LONTAR PAPYRUS,KUALA TUNGKAL,JAMBI,240,122313,SINAR MAS,GOLDEN PROFIT TRADING PTE LTD,SINGAPORE,#N/A,INDIA
2015,470329,ROYAL GOLDEN EAGLE,APRIL,BUATAN,RIAU,495,242575,ROYAL GOLDEN EAGLE,APEL ENTERPRISES (SINGAPORE) PTE LTD,SINGAPORE,#N/A,TURKEY
2015,470329,MARUBENI,TANJUNG ENIM LESTARI,PANJANG,SUMATERA SELATAN,108,55722,MARUBENI,MARUBENI CORP,JAPAN,#N/A,INDIA
2015,470329,ROYAL GOLDEN EAGLE,APRIL,BUATAN,RIAU,60,29603,ROYAL GOLDEN EAGLE,APEL ENTERPRISES (SINGAPORE) PTE LTD,SINGAPORE,#N/A,INDIA
2015,470329,ROYAL GOLDEN EAGLE,APRIL,BUATAN,RIAU,60,29637,ROYAL GOLDEN EAGLE,APEL ENTERPRISES (SINGAPORE) PTE LTD,SINGAPORE,#N/A,INDIA
2015,470329,MARUBENI,TANJUNG ENIM LESTARI,PANJANG,SUMATERA SELATAN,353,201057,MARUBENI,MARUBENI CORP,JAPAN,#N/A,MALAYSIA
2015,470329,MARUBENI,TANJUNG ENIM LESTARI,PANJANG,SUMATERA SELATAN,482,253930,MARUBENI,MARUBENI CORP,JAPAN,#N/A,THAILAND
2015,470329,ROYAL GOLDEN EAGLE,APRIL,BUATAN,RIAU,100,49226,ROYAL GOLDEN EAGLE,APEL ENTERPRISES (SINGAPORE) PTE LTD,SINGAPORE,#N/A,INDIA
2015,470329,ROYAL GOLDEN EAGLE,APRIL,BUATAN,RIAU,502,246066,ROYAL GOLDEN EAGLE,APEL ENTERPRISES (SINGAPORE) PTE LTD,SINGAPORE,#N/A,INDIA
2015,470329,ROYAL GOLDEN EAGLE,APRIL,BUATAN,RIAU,6712,3288778,ROYAL GOLDEN EAGLE,APEL ENTERPRISES (SINGAPORE) PTE LTD,SINGAPORE,#N/A,JAPAN
2015,470329,ROYAL GOLDEN EAGLE,APRIL,BUATAN,RIAU,6831,3347189,ROYAL GOLDEN EAGLE,ALKIRA TRADING (MACAO COMMERCIAL OFFSHORE) LTD,MACAO,#N/A,CHINA (MAINLAND)
2015,470329,SINAR MAS,INDAH KIAT,PERAWANG,RIAU,486,256939,SINAR MAS,GOLDEN PROFIT TRADING PTE LTD,SINGAPORE,#N/A,JAPAN
2015,470329,ROYAL GOLDEN EAGLE,TOBA PULP LESTARI,BELAWAN,SUMATERA UTARA,500,262556,ROYAL GOLDEN EAGLE,DP MARKETING INTERNATIONAL,MACAO,#N/A,CHINA (MAINLAND)
2015,470329,SINAR MAS,INDAH KIAT,PERAWANG,RIAU,1000,539631,SINAR MAS,KING PAPER SOURCE TRADING (SHANGHAI) CO LTD,CHINA (MAINLAND),#N/A,CHINA (MAINLAND)
2015,470329,ROYAL GOLDEN EAGLE,APRIL,BUATAN,RIAU,60,29612,ROYAL GOLDEN EAGLE,APEL ENTERPRISES (SINGAPORE) PTE LTD,SINGAPORE,#N/A,UNITED ARAB EMIRATES
2015,470329,ROYAL GOLDEN EAGLE,APRIL,BUATAN,RIAU,1002,491077,ROYAL GOLDEN EAGLE,ALKIRA TRADING (MACAO COMMERCIAL OFFSHORE) LTD,MACAO,#N/A,CHINA (MAINLAND)
2015,470329,SINAR MAS,INDAH KIAT,SUNGAI PAKNING,RIAU,9000,4824000,UNKNOWN AFFILIATION,NINGBO CROWN OF CHINA ENERGY CO LTD,CHINA (MAINLAND),#N/A,CHINA (MAINLAND)
2015,470329,ROYAL GOLDEN EAGLE,APRIL,BUATAN,RIAU,2631,1289107,ROYAL GOLDEN EAGLE,APEL ENTERPRISES (SINGAPORE) PTE LTD,SINGAPORE,#N/A,JAPAN
2015,470329,ROYAL GOLDEN EAGLE,APRIL,BUATAN,RIAU,3918,1919791,ROYAL GOLDEN EAGLE,ALKIRA TRADING (MACAO COMMERCIAL OFFSHORE) LTD,MACAO,#N/A,CHINA (MAINLAND)
2015,470329,ROYAL GOLDEN EAGLE,TOBA PULP LESTARI,BELAWAN,SUMATERA UTARA,498,261589,ROYAL GOLDEN EAGLE,DP MARKETING INTERNATIONAL,MACAO,#N/A,CHINA (MAINLAND)
2015,470329,ROYAL GOLDEN EAGLE,APRIL,BUATAN,RIAU,257,126065,ROYAL GOLDEN EAGLE,AP ENTERPRISES (MACAO) COMMERCIAL OFFSHORE LTD,MACAO,#N/A,PAKISTAN
2015,470329,ROYAL GOLDEN EAGLE,APRIL,BUATAN,RIAU,501,245717,ROYAL GOLDEN EAGLE,AP ENTERPRISES (MACAO) COMMERCIAL OFFSHORE LTD,MACAO,#N/A,BANGLADESH
2015,470329,SINAR MAS,INDAH KIAT,PERAWANG,RIAU,200,108951,SINAR MAS,GOLDEN PROFIT TRADING PTE LTD,SINGAPORE,#N/A,TAIWAN
2015,470329,ROYAL GOLDEN EAGLE,TOBA PULP LESTARI,BELAWAN,SUMATERA UTARA,1004,527059,ROYAL GOLDEN EAGLE,DP MARKETING INTERNATIONAL,MACAO,#N/A,CHINA (MAINLAND)
2015,470329,ROYAL GOLDEN EAGLE,TOBA PULP LESTARI,BELAWAN,SUMATERA UTARA,502,263593,ROYAL GOLDEN EAGLE,DP MARKETING INTERNATIONAL,MACAO,#N/A,CHINA (MAINLAND)
2015,470329,MARUBENI,TANJUNG ENIM LESTARI,PANJANG,SUMATERA SELATAN,1001,562164,MARUBENI,MARUBENI CORP,JAPAN,#N/A,SOUTH KOREA
2015,470329,MARUBENI,TANJUNG ENIM LESTARI,PANJANG,SUMATERA SELATAN,400,224814,MARUBENI,MARUBENI CORP,JAPAN,#N/A,SOUTH KOREA
2015,470329,MARUBENI,TANJUNG ENIM LESTARI,PANJANG,SUMATERA SELATAN,301,165164,MARUBENI,MARUBENI CORP,JAPAN,#N/A,TAIWAN
2015,470329,MARUBENI,TANJUNG ENIM LESTARI,PANJANG,SUMATERA SELATAN,997,547966,MARUBENI,MARUBENI CORP,JAPAN,#N/A,TAIWAN
2015,470329,MARUBENI,TANJUNG ENIM LESTARI,PANJANG,SUMATERA SELATAN,100,54757,MARUBENI,MARUBENI CORP,JAPAN,#N/A,TAIWAN
2015,470329,MARUBENI,TANJUNG ENIM LESTARI,TANJUNG PRIOK,SUMATERA SELATAN,239,141451,MARUBENI,MARUBENI CORP,JAPAN,#N/A,JAPAN
2015,470329,MARUBENI,TANJUNG ENIM LESTARI,PANJANG,SUMATERA SELATAN,599,328737,MARUBENI,MARUBENI CORP,JAPAN,#N/A,TAIWAN
2015,470329,MARUBENI,TANJUNG ENIM LESTARI,PANJANG,SUMATERA SELATAN,201,112851,MARUBENI,MARUBENI CORP,JAPAN,#N/A,SOUTH KOREA
2015,470329,MARUBENI,TANJUNG ENIM LESTARI,PANJANG,SUMATERA SELATAN,1000,561544,MARUBENI,MARUBENI CORP,JAPAN,#N/A,SOUTH KOREA
2015,470329,MARUBENI,TANJUNG ENIM LESTARI,PANJANG,SUMATERA SELATAN,5000,2673216,MARUBENI,MARUBENI CORP,JAPAN,#N/A,SOUTH KOREA
2015,470329,ROYAL GOLDEN EAGLE,APRIL,BUATAN,RIAU,502,245932,ROYAL GOLDEN EAGLE,APEL ENTERPRISES (SINGAPORE) PTE LTD,SINGAPORE,#N/A,INDIA
2015,470329,MARUBENI,TANJUNG ENIM LESTARI,TANJUNG PRIOK,SUMATERA SELATAN,110,58666,MARUBENI,MARUBENI CORP,JAPAN,#N/A,CHINA (MAINLAND)
2015,470329,SINAR MAS,LONTAR PAPYRUS,KUALA TUNGKAL,JAMBI,999,537799,SINAR MAS,KING PAPER SOURCE TRADING (SHANGHAI) CO LTD,CHINA (MAINLAND),#N/A,CHINA (MAINLAND)
2015,470329,SINAR MAS,LONTAR PAPYRUS,KUALA TUNGKAL,JAMBI,500,259324,SINAR MAS,GOLDEN PROFIT TRADING PTE LTD,SINGAPORE,#N/A,INDIA
2015,470329,SINAR MAS,LONTAR PAPYRUS,KUALA TUNGKAL,JAMBI,602,302009,SINAR MAS,KING PAPER SOURCE TRADING (SHANGHAI) CO LTD,CHINA (MAINLAND),#N/A,CHINA (MAINLAND)
2015,470329,MARUBENI,TANJUNG ENIM LESTARI,TANJUNG PRIOK,SUMATERA SELATAN,595,318107,MARUBENI,MARUBENI CORP,JAPAN,#N/A,CHINA (MAINLAND)
2015,470329,ROYAL GOLDEN EAGLE,APRIL,BUATAN,RIAU,502,245833,ROYAL GOLDEN EAGLE,AP ENTERPRISES (MACAO) COMMERCIAL OFFSHORE LTD,MACAO,#N/A,BANGLADESH
2015,470329,MARUBENI,TANJUNG ENIM LESTARI,PANJANG,SUMATERA SELATAN,969,519370,MARUBENI,MARUBENI CORP,JAPAN,#N/A,THAILAND
2015,470329,ROYAL GOLDEN EAGLE,APRIL,BUATAN,RIAU,501,245726,ROYAL GOLDEN EAGLE,AP ENTERPRISES (MACAO) COMMERCIAL OFFSHORE LTD,MACAO,#N/A,BANGLADESH
2015,470329,SINAR MAS,LONTAR PAPYRUS,KUALA TUNGKAL,JAMBI,499,253024,SINAR MAS,GOLDEN PROFIT TRADING PTE LTD,SINGAPORE,#N/A,INDIA
2015,470329,ROYAL GOLDEN EAGLE,APRIL,BUATAN,RIAU,502,245924,ROYAL GOLDEN EAGLE,APEL ENTERPRISES (SINGAPORE) PTE LTD,SINGAPORE,#N/A,INDIA
2015,470329,ROYAL GOLDEN EAGLE,TOBA PULP LESTARI,BELAWAN,SUMATERA UTARA,502,263356,ROYAL GOLDEN EAGLE,DP MARKETING INTERNATIONAL,MACAO,#N/A,CHINA (MAINLAND)
2015,470329,MARUBENI,TANJUNG ENIM LESTARI,PANJANG,SUMATERA SELATAN,108,57169,MARUBENI,MARUBENI CORP,JAPAN,#N/A,INDIA
2015,470329,SINAR MAS,INDAH KIAT,SUNGAI PAKNING,RIAU,2852,1526533,UNKNOWN AFFILIATION,SUZHOU HUANG YI TRADE CO LTD,CHINA (MAINLAND),#N/A,CHINA (MAINLAND)
2015,470329,ROYAL GOLDEN EAGLE,TOBA PULP LESTARI,BELAWAN,SUMATERA UTARA,500,262501,ROYAL GOLDEN EAGLE,DP MARKETING INTERNATIONAL,MACAO,#N/A,CHINA (MAINLAND)
2015,470329,ROYAL GOLDEN EAGLE,TOBA PULP LESTARI,BELAWAN,SUMATERA UTARA,500,262354,ROYAL GOLDEN EAGLE,DP MARKETING INTERNATIONAL,MACAO,#N/A,CHINA (MAINLAND)
2015,470329,ROYAL GOLDEN EAGLE,APRIL,BUATAN,RIAU,121,59073,ROYAL GOLDEN EAGLE,ALKIRA TRADING (MACAO COMMERCIAL OFFSHORE) LTD,MACAO,#N/A,TAIWAN
2015,470329,ROYAL GOLDEN EAGLE,TOBA PULP LESTARI,BELAWAN,SUMATERA UTARA,501,262770,ROYAL GOLDEN EAGLE,DP MARKETING INTERNATIONAL,MACAO,#N/A,CHINA (MAINLAND)
2015,470329,MARUBENI,TANJUNG ENIM LESTARI,PANJANG,SUMATERA SELATAN,483,261441,MARUBENI,MARUBENI CORP,JAPAN,#N/A,THAILAND
2015,470329,SINAR MAS,INDAH KIAT,SUNGAI PAKNING,RIAU,2948,1577917,UNKNOWN AFFILIATION,SUZHOU HUANG YI TRADE CO LTD,CHINA (MAINLAND),#N/A,CHINA (MAINLAND)
2015,470329,ROYAL GOLDEN EAGLE,APRIL,BUATAN,RIAU,101,49269,ROYAL GOLDEN EAGLE,APEL ENTERPRISES (SINGAPORE) PTE LTD,SINGAPORE,#N/A,INDIA
2015,470329,ROYAL GOLDEN EAGLE,APRIL,BUATAN,RIAU,502,245830,ROYAL GOLDEN EAGLE,APEL ENTERPRISES (SINGAPORE) PTE LTD,SINGAPORE,#N/A,INDIA
2015,470329,ROYAL GOLDEN EAGLE,APRIL,BUATAN,RIAU,502,245927,ROYAL GOLDEN EAGLE,AP ENTERPRISES (MACAO) COMMERCIAL OFFSHORE LTD,MACAO,#N/A,BANGLADESH
2015,470329,MARUBENI,TANJUNG ENIM LESTARI,PANJANG,SUMATERA SELATAN,496,269720,MARUBENI,MARUBENI CORP,JAPAN,#N/A,AUSTRALIA
2015,470329,MARUBENI,TANJUNG ENIM LESTARI,PANJANG,SUMATERA SELATAN,108,57042,MARUBENI,MARUBENI CORP,JAPAN,#N/A,AUSTRALIA
2015,470329,ROYAL GOLDEN EAGLE,APRIL,BUATAN,RIAU,100,49190,ROYAL GOLDEN EAGLE,APEL ENTERPRISES (SINGAPORE) PTE LTD,SINGAPORE,#N/A,INDIA
2015,470329,ROYAL GOLDEN EAGLE,APRIL,BUATAN,RIAU,100,49124,ROYAL GOLDEN EAGLE,APEL ENTERPRISES (SINGAPORE) PTE LTD,SINGAPORE,#N/A,INDIA
2015,470329,MARUBENI,TANJUNG ENIM LESTARI,PANJANG,SUMATERA SELATAN,110,57720,CELLMARK,CELLMARK ASIA PTE LTD,SINGAPORE,#N/A,BANGLADESH
2015,470329,MARUBENI,TANJUNG ENIM LESTARI,PANJANG,SUMATERA SELATAN,483,249859,MARUBENI,MARUBENI CORP,JAPAN,#N/A,INDIA
2015,470329,MARUBENI,TANJUNG ENIM LESTARI,PANJANG,SUMATERA SELATAN,110,57794,MARUBENI,MARUBENI CORP,JAPAN,#N/A,AUSTRALIA
2015,470329,ROYAL GOLDEN EAGLE,APRIL,BUATAN,RIAU,1810,886734,ROYAL GOLDEN EAGLE,ALKIRA TRADING (MACAO COMMERCIAL OFFSHORE) LTD,MACAO,#N/A,CHINA (MAINLAND)
2015,470329,ROYAL GOLDEN EAGLE,APRIL,BUATAN,RIAU,201,98566,ROYAL GOLDEN EAGLE,ALKIRA TRADING (MACAO COMMERCIAL OFFSHORE) LTD,MACAO,#N/A,CHINA (MAINLAND)
2015,470329,ROYAL GOLDEN EAGLE,TOBA PULP LESTARI,BELAWAN,SUMATERA UTARA,501,262802,ROYAL GOLDEN EAGLE,DP MARKETING INTERNATIONAL,MACAO,#N/A,CHINA (MAINLAND)
2015,470329,SINAR MAS,LONTAR PAPYRUS,KUALA TUNGKAL,JAMBI,460,247948,SINAR MAS,KING PAPER SOURCE TRADING (SHANGHAI) CO LTD,CHINA (MAINLAND),#N/A,CHINA (MAINLAND)
2015,470329,ROYAL GOLDEN EAGLE,APRIL,BUATAN,RIAU,414,202912,ROYAL GOLDEN EAGLE,AP ENTERPRISES (MACAO) COMMERCIAL OFFSHORE LTD,MACAO,#N/A,CHINA (MAINLAND)
2015,470329,ROYAL GOLDEN EAGLE,APRIL,BUATAN,RIAU,1003,491394,ROYAL GOLDEN EAGLE,ALKIRA TRADING (MACAO COMMERCIAL OFFSHORE) LTD,MACAO,#N/A,CHINA (MAINLAND)
2015,470329,ROYAL GOLDEN EAGLE,APRIL,BUATAN,RIAU,1596,782077,ROYAL GOLDEN EAGLE,ALKIRA TRADING (MACAO COMMERCIAL OFFSHORE) LTD,MACAO,#N/A,CHINA (MAINLAND)
2015,470329,ROYAL GOLDEN EAGLE,APRIL,BUATAN,RIAU,3718,1821893,ROYAL GOLDEN EAGLE,ALKIRA TRADING (MACAO COMMERCIAL OFFSHORE) LTD,MACAO,#N/A,CHINA (MAINLAND)
2015,470329,SINAR MAS,LONTAR PAPYRUS,KUALA TUNGKAL,JAMBI,297,157939,UNKNOWN AFFILIATION,NINGBO CROWN OF CHINA ENERGY CO LTD,CHINA (MAINLAND),#N/A,CHINA (MAINLAND)
2015,470329,ROYAL GOLDEN EAGLE,TOBA PULP LESTARI,BELAWAN,SUMATERA UTARA,500,262661,ROYAL GOLDEN EAGLE,DP MARKETING INTERNATIONAL,MACAO,#N/A,CHINA (MAINLAND)
2015,470329,ROYAL GOLDEN EAGLE,TOBA PULP LESTARI,BELAWAN,SUMATERA UTARA,499,261797,ROYAL GOLDEN EAGLE,DP MARKETING INTERNATIONAL,MACAO,#N/A,CHINA (MAINLAND)
2015,470329,ROYAL GOLDEN EAGLE,APRIL,BUATAN,RIAU,502,245771,ROYAL GOLDEN EAGLE,APEL ENTERPRISES (SINGAPORE) PTE LTD,SINGAPORE,#N/A,INDIA
2015,470329,MARUBENI,TANJUNG ENIM LESTARI,TANJUNG PRIOK,SUMATERA SELATAN,482,263112,MARUBENI,MARUBENI CORP,JAPAN,#N/A,CHINA (MAINLAND)
2015,470329,SINAR MAS,INDAH KIAT,SUNGAI PAKNING,RIAU,5000,2682500,UNKNOWN AFFILIATION,NINGBO CROWN OF CHINA ENERGY CO LTD,CHINA (MAINLAND),#N/A,CHINA (MAINLAND)
2015,470329,ROYAL GOLDEN EAGLE,TOBA PULP LESTARI,BELAWAN,SUMATERA UTARA,998,523965,ROYAL GOLDEN EAGLE,DP MARKETING INTERNATIONAL,MACAO,#N/A,CHINA (MAINLAND)
2015,470329,SINAR MAS,INDAH KIAT,SUNGAI PAKNING,RIAU,5500,2950750,UNKNOWN AFFILIATION,NINGBO CROWN OF CHINA ENERGY CO LTD,CHINA (MAINLAND),#N/A,CHINA (MAINLAND)
2015,470329,ROYAL GOLDEN EAGLE,TOBA PULP LESTARI,BELAWAN,SUMATERA UTARA,1000,524860,ROYAL GOLDEN EAGLE,DP MARKETING INTERNATIONAL,MACAO,#N/A,CHINA (MAINLAND)
2015,470329,ROYAL GOLDEN EAGLE,APRIL,BUATAN,RIAU,24,11892,ROYAL GOLDEN EAGLE,ALKIRA TRADING (MACAO COMMERCIAL OFFSHORE) LTD,MACAO,#N/A,TAIWAN
2015,470329,MARUBENI,TANJUNG ENIM LESTARI,TANJUNG PRIOK,SUMATERA SELATAN,239,141566,MARUBENI,MARUBENI CORP,JAPAN,#N/A,JAPAN
2015,470329,ROYAL GOLDEN EAGLE,APRIL,BUATAN,RIAU,201,96274,ROYAL GOLDEN EAGLE,APEL ENTERPRISES (SINGAPORE) PTE LTD,SINGAPORE,#N/A,INDIA
2015,470329,ROYAL GOLDEN EAGLE,APRIL,BUATAN,RIAU,496,242942,ROYAL GOLDEN EAGLE,APEL ENTERPRISES (SINGAPORE) PTE LTD,SINGAPORE,#N/A,TURKEY
2015,470329,ROYAL GOLDEN EAGLE,APRIL,BUATAN,RIAU,5025,2462333,ROYAL GOLDEN EAGLE,APEL ENTERPRISES (SINGAPORE) PTE LTD,SINGAPORE,#N/A,CHINA (MAINLAND)
2015,470329,SINAR MAS,LONTAR PAPYRUS,KUALA TUNGKAL,JAMBI,462,245936,UNKNOWN AFFILIATION,SUZHOU HUANG YI TRADE CO LTD,CHINA (MAINLAND),#N/A,CHINA (MAINLAND)
2015,470329,SINAR MAS,INDAH KIAT,PERAWANG,RIAU,990,500562,SINAR MAS,GOLDEN PROFIT TRADING PTE LTD,SINGAPORE,#N/A,KUWAIT
2015,470329,ROYAL GOLDEN EAGLE,APRIL,BUATAN,RIAU,1005,492648,ROYAL GOLDEN EAGLE,ALKIRA TRADING (MACAO COMMERCIAL OFFSHORE) LTD,MACAO,#N/A,CHINA (MAINLAND)
2015,470329,ROYAL GOLDEN EAGLE,APRIL,BUATAN,RIAU,2010,984989,ROYAL GOLDEN EAGLE,ALKIRA TRADING (MACAO COMMERCIAL OFFSHORE) LTD,MACAO,#N/A,CHINA (MAINLAND)
2015,470329,ROYAL GOLDEN EAGLE,APRIL,BUATAN,RIAU,502,245829,ROYAL GOLDEN EAGLE,APEL ENTERPRISES (SINGAPORE) PTE LTD,SINGAPORE,#N/A,INDIA
2015,470329,ROYAL GOLDEN EAGLE,APRIL,BUATAN,RIAU,201,98405,ROYAL GOLDEN EAGLE,APEL ENTERPRISES (SINGAPORE) PTE LTD,SINGAPORE,#N/A,THAILAND
2015,470329,ROYAL GOLDEN EAGLE,APRIL,BUATAN,RIAU,5023,2511598,ROYAL GOLDEN EAGLE,AP ENTERPRISES (MACAO) COMMERCIAL OFFSHORE LTD,MACAO,#N/A,BANGLADESH
2015,470329,ROYAL GOLDEN EAGLE,APRIL,BUATAN,RIAU,1004,501759,ROYAL GOLDEN EAGLE,APEL ENTERPRISES (SINGAPORE) PTE LTD,SINGAPORE,#N/A,INDIA
2015,470329,MARUBENI,TANJUNG ENIM LESTARI,TANJUNG PRIOK,SUMATERA SELATAN,961,514154,MARUBENI,MARUBENI CORP,JAPAN,#N/A,CHINA (MAINLAND)
2015,470329,MARUBENI,TANJUNG ENIM LESTARI,TANJUNG PRIOK,SUMATERA SELATAN,590,309052,MARUBENI,MARUBENI CORP,JAPAN,#N/A,CHINA (MAINLAND)
2015,470329,ROYAL GOLDEN EAGLE,APRIL,BUATAN,RIAU,502,250754,ROYAL GOLDEN EAGLE,AP ENTERPRISES (MACAO) COMMERCIAL OFFSHORE LTD,MACAO,#N/A,BANGLADESH
2015,470329,ROYAL GOLDEN EAGLE,APRIL,BUATAN,RIAU,501,245713,ROYAL GOLDEN EAGLE,APEL ENTERPRISES (SINGAPORE) PTE LTD,SINGAPORE,#N/A,INDIA
2015,470329,ROYAL GOLDEN EAGLE,APRIL,BUATAN,RIAU,60,30111,ROYAL GOLDEN EAGLE,APEL ENTERPRISES (SINGAPORE) PTE LTD,SINGAPORE,#N/A,INDIA
2015,470329,MARUBENI,TANJUNG ENIM LESTARI,PANJANG,SUMATERA SELATAN,108,55747,MARUBENI,MARUBENI CORP,JAPAN,#N/A,INDIA
2015,470329,MARUBENI,TANJUNG ENIM LESTARI,PANJANG,SUMATERA SELATAN,962,514484,MARUBENI,MARUBENI CORP,JAPAN,#N/A,CHINA (MAINLAND)
2015,470329,MARUBENI,TANJUNG ENIM LESTARI,PANJANG,SUMATERA SELATAN,351,199875,MARUBENI,MARUBENI CORP,JAPAN,#N/A,MALAYSIA
2015,470329,MARUBENI,TANJUNG ENIM LESTARI,PANJANG,SUMATERA SELATAN,482,251669,MARUBENI,MARUBENI CORP,JAPAN,#N/A,INDIA
2015,470329,ROYAL GOLDEN EAGLE,APRIL,BUATAN,RIAU,301,150534,ROYAL GOLDEN EAGLE,APEL ENTERPRISES (SINGAPORE) PTE LTD,SINGAPORE,#N/A,INDIA
2015,470329,ROYAL GOLDEN EAGLE,APRIL,BUATAN,RIAU,60,30102,ROYAL GOLDEN EAGLE,APEL ENTERPRISES (SINGAPORE) PTE LTD,SINGAPORE,#N/A,INDIA
2015,470329,ROYAL GOLDEN EAGLE,APRIL,BUATAN,RIAU,503,246283,ROYAL GOLDEN EAGLE,AP ENTERPRISES (MACAO) COMMERCIAL OFFSHORE LTD,MACAO,#N/A,BANGLADESH
2015,470329,ROYAL GOLDEN EAGLE,APRIL,BUATAN,RIAU,2009,996617,ROYAL GOLDEN EAGLE,ALKIRA TRADING (MACAO COMMERCIAL OFFSHORE) LTD,MACAO,#N/A,CHINA (MAINLAND)
2015,470329,ROYAL GOLDEN EAGLE,APRIL,BUATAN,RIAU,502,246132,ROYAL GOLDEN EAGLE,AP ENTERPRISES (MACAO) COMMERCIAL OFFSHORE LTD,MACAO,#N/A,BANGLADESH
2015,470329,ROYAL GOLDEN EAGLE,APRIL,BUATAN,RIAU,502,250888,ROYAL GOLDEN EAGLE,AP ENTERPRISES (MACAO) COMMERCIAL OFFSHORE LTD,MACAO,#N/A,BANGLADESH
2015,470329,SINAR MAS,LONTAR PAPYRUS,KUALA TUNGKAL,JAMBI,541,291240,SINAR MAS,KING PAPER SOURCE TRADING (SHANGHAI) CO LTD,CHINA (MAINLAND),#N/A,CHINA (MAINLAND)
2015,470329,ROYAL GOLDEN EAGLE,APRIL,BUATAN,RIAU,1004,501777,ROYAL GOLDEN EAGLE,ALKIRA TRADING (MACAO COMMERCIAL OFFSHORE) LTD,MACAO,#N/A,CHINA (MAINLAND)
2015,470329,ROYAL GOLDEN EAGLE,APRIL,BUATAN,RIAU,100,50122,ROYAL GOLDEN EAGLE,APEL ENTERPRISES (SINGAPORE) PTE LTD,SINGAPORE,#N/A,INDIA
2015,470329,SINAR MAS,LONTAR PAPYRUS,KUALA TUNGKAL,JAMBI,500,269004,SINAR MAS,HANGZHOU SINAR MAS PAPER PRODUCTS,CHINA (MAINLAND),#N/A,BANGLADESH
2015,470329,ROYAL GOLDEN EAGLE,APRIL,BUATAN,RIAU,201,98334,ROYAL GOLDEN EAGLE,AP ENTERPRISES (MACAO) COMMERCIAL OFFSHORE LTD,MACAO,#N/A,BANGLADESH
2015,470329,SINAR MAS,LONTAR PAPYRUS,KUALA TUNGKAL,JAMBI,579,308148,UNKNOWN AFFILIATION,NINGBO CROWN OF CHINA ENERGY CO LTD,CHINA (MAINLAND),#N/A,CHINA (MAINLAND)
2015,470329,ROYAL GOLDEN EAGLE,TOBA PULP LESTARI,BELAWAN,SUMATERA UTARA,498,261537,ROYAL GOLDEN EAGLE,DP MARKETING INTERNATIONAL,MACAO,#N/A,CHINA (MAINLAND)
2015,470329,ROYAL GOLDEN EAGLE,APRIL,BUATAN,RIAU,201,100342,ROYAL GOLDEN EAGLE,APEL ENTERPRISES (SINGAPORE) PTE LTD,SINGAPORE,#N/A,INDIA
2015,470329,SINAR MAS,LONTAR PAPYRUS,KUALA TUNGKAL,JAMBI,219,112259,UNKNOWN AFFILIATION,NINGBO CROWN OF CHINA ENERGY CO LTD,CHINA (MAINLAND),#N/A,CHINA (MAINLAND)
2015,470329,ROYAL GOLDEN EAGLE,TOBA PULP LESTARI,BELAWAN,SUMATERA UTARA,499,261918,ROYAL GOLDEN EAGLE,DP MARKETING INTERNATIONAL,MACAO,#N/A,CHINA (MAINLAND)
2015,470329,SINAR MAS,LONTAR PAPYRUS,KUALA TUNGKAL,JAMBI,462,249473,UNKNOWN AFFILIATION,SUZHOU HUANG YI TRADE CO LTD,CHINA (MAINLAND),#N/A,CHINA (MAINLAND)
2015,470329,MARUBENI,TANJUNG ENIM LESTARI,PANJANG,SUMATERA SELATAN,195,108383,MARUBENI,MARUBENI CORP,JAPAN,#N/A,THAILAND
2015,470329,SINAR MAS,LONTAR PAPYRUS,KUALA TUNGKAL,JAMBI,499,268932,SINAR MAS,HANGZHOU SINAR MAS PAPER PRODUCTS,CHINA (MAINLAND),#N/A,BANGLADESH
2015,470329,SINAR MAS,LONTAR PAPYRUS,KUALA TUNGKAL,JAMBI,400,212899,UNKNOWN AFFILIATION,SUZHOU GUANBAO TRADING LTD,CHINA (MAINLAND),#N/A,CHINA (MAINLAND)
2015,470329,ROYAL GOLDEN EAGLE,APRIL,BUATAN,RIAU,8237,4088307,ROYAL GOLDEN EAGLE,ALKIRA TRADING (MACAO COMMERCIAL OFFSHORE) LTD,MACAO,#N/A,CHINA (MAINLAND)
2015,470329,ROYAL GOLDEN EAGLE,APRIL,BUATAN,RIAU,100,50162,ROYAL GOLDEN EAGLE,APEL ENTERPRISES (SINGAPORE) PTE LTD,SINGAPORE,#N/A,INDIA
2015,470329,ROYAL GOLDEN EAGLE,APRIL,BUATAN,RIAU,501,250620,ROYAL GOLDEN EAGLE,APEL ENTERPRISES (SINGAPORE) PTE LTD,SINGAPORE,#N/A,UNITED ARAB EMIRATES
2015,470329,ROYAL GOLDEN EAGLE,APRIL,BUATAN,RIAU,496,242990,ROYAL GOLDEN EAGLE,APEL ENTERPRISES (SINGAPORE) PTE LTD,SINGAPORE,#N/A,IRAN
2015,470329,ROYAL GOLDEN EAGLE,APRIL,BUATAN,RIAU,301,150390,ROYAL GOLDEN EAGLE,ALKIRA TRADING (MACAO COMMERCIAL OFFSHORE) LTD,MACAO,#N/A,CHINA (MAINLAND)
2015,470329,ROYAL GOLDEN EAGLE,APRIL,BUATAN,RIAU,501,250747,ROYAL GOLDEN EAGLE,APEL ENTERPRISES (SINGAPORE) PTE LTD,SINGAPORE,#N/A,INDIA
2015,470329,ROYAL GOLDEN EAGLE,APRIL,BUATAN,RIAU,502,245802,ROYAL GOLDEN EAGLE,AP ENTERPRISES (MACAO) COMMERCIAL OFFSHORE LTD,MACAO,#N/A,BANGLADESH
2015,470329,ROYAL GOLDEN EAGLE,APRIL,BUATAN,RIAU,60,30146,ROYAL GOLDEN EAGLE,APEL ENTERPRISES (SINGAPORE) PTE LTD,SINGAPORE,#N/A,INDIA
2015,470329,ROYAL GOLDEN EAGLE,APRIL,BUATAN,RIAU,201,100366,ROYAL GOLDEN EAGLE,APEL ENTERPRISES (SINGAPORE) PTE LTD,SINGAPORE,#N/A,PHILIPPINES
2015,470329,ROYAL GOLDEN EAGLE,TOBA PULP LESTARI,BELAWAN,SUMATERA UTARA,498,261436,ROYAL GOLDEN EAGLE,DP MARKETING INTERNATIONAL,MACAO,#N/A,CHINA (MAINLAND)
2015,470329,ROYAL GOLDEN EAGLE,TOBA PULP LESTARI,BELAWAN,SUMATERA UTARA,499,262117,ROYAL GOLDEN EAGLE,DP MARKETING INTERNATIONAL,MACAO,#N/A,CHINA (MAINLAND)
2015,470329,MARUBENI,TANJUNG ENIM LESTARI,TANJUNG PRIOK,SUMATERA SELATAN,240,142364,MARUBENI,MARUBENI CORP,JAPAN,#N/A,JAPAN
2015,470329,ROYAL GOLDEN EAGLE,APRIL,BUATAN,RIAU,502,245833,ROYAL GOLDEN EAGLE,AP ENTERPRISES (MACAO) COMMERCIAL OFFSHORE LTD,MACAO,#N/A,BANGLADESH
2015,470329,ROYAL GOLDEN EAGLE,TOBA PULP LESTARI,BELAWAN,SUMATERA UTARA,500,262375,ROYAL GOLDEN EAGLE,DP MARKETING INTERNATIONAL,MACAO,#N/A,CHINA (MAINLAND)
2015,470329,ROYAL GOLDEN EAGLE,APRIL,BUATAN,RIAU,803,401294,ROYAL GOLDEN EAGLE,APEL ENTERPRISES (SINGAPORE) PTE LTD,SINGAPORE,#N/A,UNITED ARAB EMIRATES
2015,470329,ROYAL GOLDEN EAGLE,TOBA PULP LESTARI,BELAWAN,SUMATERA UTARA,999,524593,ROYAL GOLDEN EAGLE,DP MARKETING INTERNATIONAL,MACAO,#N/A,CHINA (MAINLAND)
2015,470329,ROYAL GOLDEN EAGLE,APRIL,BUATAN,RIAU,502,246203,ROYAL GOLDEN EAGLE,APEL ENTERPRISES (SINGAPORE) PTE LTD,SINGAPORE,#N/A,INDIA
2015,470329,SINAR MAS,LONTAR PAPYRUS,KUALA TUNGKAL,JAMBI,460,244781,UNKNOWN AFFILIATION,NINGBO CROWN OF CHINA ENERGY CO LTD,CHINA (MAINLAND),#N/A,CHINA (MAINLAND)
2015,470329,SINAR MAS,LONTAR PAPYRUS,KUALA TUNGKAL,JAMBI,580,312257,SINAR MAS,KING PAPER SOURCE TRADING (SHANGHAI) CO LTD,CHINA (MAINLAND),#N/A,CHINA (MAINLAND)
2015,470329,ROYAL GOLDEN EAGLE,APRIL,BUATAN,RIAU,100,50128,ROYAL GOLDEN EAGLE,APEL ENTERPRISES (SINGAPORE) PTE LTD,SINGAPORE,#N/A,PHILIPPINES
2015,470329,ROYAL GOLDEN EAGLE,APRIL,BUATAN,RIAU,8036,4018131,ROYAL GOLDEN EAGLE,AP ENTERPRISES (MACAO) COMMERCIAL OFFSHORE LTD,MACAO,#N/A,SOUTH KOREA
2015,470329,SINAR MAS,LONTAR PAPYRUS,KUALA TUNGKAL,JAMBI,1135,603992,UNKNOWN AFFILIATION,SUZHOU GUANBAO TRADING LTD,CHINA (MAINLAND),#N/A,CHINA (MAINLAND)
2015,470329,MARUBENI,TANJUNG ENIM LESTARI,PANJANG,SUMATERA SELATAN,1667,925840,MARUBENI,MARUBENI CORP,JAPAN,#N/A,JAPAN
2015,470329,ROYAL GOLDEN EAGLE,APRIL,BUATAN,RIAU,994,497218,ROYAL GOLDEN EAGLE,APEL ENTERPRISES (SINGAPORE) PTE LTD,SINGAPORE,#N/A,EGYPT
2015,470329,SINAR MAS,LONTAR PAPYRUS,KUALA TUNGKAL,JAMBI,460,244777,UNKNOWN AFFILIATION,SUZHOU GUANBAO TRADING LTD,CHINA (MAINLAND),#N/A,CHINA (MAINLAND)
2015,470329,ROYAL GOLDEN EAGLE,APRIL,BUATAN,RIAU,1005,502605,ROYAL GOLDEN EAGLE,APEL ENTERPRISES (SINGAPORE) PTE LTD,SINGAPORE,#N/A,SOUTH KOREA
2015,470329,ROYAL GOLDEN EAGLE,APRIL,BUATAN,RIAU,301,150308,ROYAL GOLDEN EAGLE,AP ENTERPRISES (MACAO) COMMERCIAL OFFSHORE LTD,MACAO,#N/A,BANGLADESH
2015,470329,SINAR MAS,LONTAR PAPYRUS,KUALA TUNGKAL,JAMBI,300,162683,SINAR MAS,KING PAPER SOURCE TRADING (SHANGHAI) CO LTD,CHINA (MAINLAND),#N/A,CHINA (MAINLAND)
2015,470329,ROYAL GOLDEN EAGLE,APRIL,BUATAN,RIAU,60,30155,ROYAL GOLDEN EAGLE,APEL ENTERPRISES (SINGAPORE) PTE LTD,SINGAPORE,#N/A,INDIA
2015,470329,ROYAL GOLDEN EAGLE,APRIL,BUATAN,RIAU,40,20126,ROYAL GOLDEN EAGLE,APEL ENTERPRISES (SINGAPORE) PTE LTD,SINGAPORE,#N/A,INDIA
2015,470329,ROYAL GOLDEN EAGLE,APRIL,BUATAN,RIAU,803,401550,ROYAL GOLDEN EAGLE,ALKIRA TRADING (MACAO COMMERCIAL OFFSHORE) LTD,MACAO,#N/A,CHINA (MAINLAND)
2015,470329,ROYAL GOLDEN EAGLE,APRIL,BUATAN,RIAU,200,100122,ROYAL GOLDEN EAGLE,APEL ENTERPRISES (SINGAPORE) PTE LTD,SINGAPORE,#N/A,INDIA
2015,470329,ROYAL GOLDEN EAGLE,APRIL,BUATAN,RIAU,301,147386,ROYAL GOLDEN EAGLE,AP ENTERPRISES (MACAO) COMMERCIAL OFFSHORE LTD,MACAO,#N/A,BANGLADESH
2015,470329,ROYAL GOLDEN EAGLE,APRIL,BUATAN,RIAU,1045,522522,ROYAL GOLDEN EAGLE,APEL ENTERPRISES (SINGAPORE) PTE LTD,SINGAPORE,#N/A,UNITED ARAB EMIRATES
2015,470329,MARUBENI,TANJUNG ENIM LESTARI,PANJANG,SUMATERA SELATAN,294,166318,MARUBENI,MARUBENI CORP,JAPAN,#N/A,JAPAN
2015,470329,SINAR MAS,INDAH KIAT,PERAWANG,RIAU,1000,539631,SINAR MAS,KING PAPER SOURCE TRADING (SHANGHAI) CO LTD,CHINA (MAINLAND),#N/A,CHINA (MAINLAND)
2015,470329,MARUBENI,TANJUNG ENIM LESTARI,PANJANG,SUMATERA SELATAN,2880,1580019,MARUBENI,MARUBENI CORP,JAPAN,#N/A,SOUTH KOREA
2015,470329,MARUBENI,TANJUNG ENIM LESTARI,PANJANG,SUMATERA SELATAN,50,28482,MARUBENI,MARUBENI CORP,JAPAN,#N/A,JAPAN
2015,470329,MARUBENI,TANJUNG ENIM LESTARI,TANJUNG PRIOK,SUMATERA SELATAN,480,256148,MARUBENI,MARUBENI CORP,JAPAN,#N/A,CHINA (MAINLAND)
2015,470329,MARUBENI,TANJUNG ENIM LESTARI,PANJANG,SUMATERA SELATAN,961,545611,MARUBENI,MARUBENI CORP,JAPAN,#N/A,SOUTH KOREA
2015,470329,ROYAL GOLDEN EAGLE,APRIL,BUATAN,RIAU,1004,502173,ROYAL GOLDEN EAGLE,ALKIRA TRADING (MACAO COMMERCIAL OFFSHORE) LTD,MACAO,#N/A,CHINA (MAINLAND)
2015,470329,MARUBENI,TANJUNG ENIM LESTARI,TANJUNG PRIOK,SUMATERA SELATAN,479,255891,MARUBENI,MARUBENI CORP,JAPAN,#N/A,CHINA (MAINLAND)
2015,470329,SINAR MAS,LONTAR PAPYRUS,KUALA TUNGKAL,JAMBI,1384,747045,SINAR MAS,KING PAPER SOURCE TRADING (SHANGHAI) CO LTD,CHINA (MAINLAND),#N/A,CHINA (MAINLAND)
2015,470329,ROYAL GOLDEN EAGLE,APRIL,BUATAN,RIAU,1004,501988,ROYAL GOLDEN EAGLE,ALKIRA TRADING (MACAO COMMERCIAL OFFSHORE) LTD,MACAO,#N/A,CHINA (MAINLAND)
2015,470329,ROYAL GOLDEN EAGLE,APRIL,BUATAN,RIAU,502,250842,ROYAL GOLDEN EAGLE,AP ENTERPRISES (MACAO) COMMERCIAL OFFSHORE LTD,MACAO,#N/A,BANGLADESH
2015,470329,MARUBENI,TANJUNG ENIM LESTARI,PANJANG,SUMATERA SELATAN,99,59218,MARUBENI,MARUBENI CORP,JAPAN,#N/A,JAPAN
2015,470329,SINAR MAS,LONTAR PAPYRUS,KUALA TUNGKAL,JAMBI,1279,690370,SINAR MAS,KING PAPER SOURCE TRADING (SHANGHAI) CO LTD,CHINA (MAINLAND),#N/A,CHINA (MAINLAND)
2015,470329,SINAR MAS,INDAH KIAT,PERAWANG,RIAU,1000,525281,UNKNOWN AFFILIATION,SUZHOU HUANG YI TRADE CO LTD,CHINA (MAINLAND),#N/A,CHINA (MAINLAND)
2015,470329,ROYAL GOLDEN EAGLE,APRIL,BUATAN,RIAU,100,50124,ROYAL GOLDEN EAGLE,APEL ENTERPRISES (SINGAPORE) PTE LTD,SINGAPORE,#N/A,INDIA
2015,470329,MARUBENI,TANJUNG ENIM LESTARI,PANJANG,SUMATERA SELATAN,1176,653026,MARUBENI,MARUBENI CORP,JAPAN,#N/A,JAPAN
2015,470329,MARUBENI,TANJUNG ENIM LESTARI,PANJANG,SUMATERA SELATAN,393,218358,MARUBENI,MARUBENI CORP,JAPAN,#N/A,JAPAN
2015,470329,ROYAL GOLDEN EAGLE,APRIL,BUATAN,RIAU,98,49121,ROYAL GOLDEN EAGLE,APEL ENTERPRISES (SINGAPORE) PTE LTD,SINGAPORE,#N/A,MOROCCO
2015,470329,MARUBENI,TANJUNG ENIM LESTARI,PANJANG,SUMATERA SELATAN,306,174573,MARUBENI,MARUBENI CORP,JAPAN,#N/A,THAILAND
2015,470329,MARUBENI,TANJUNG ENIM LESTARI,PANJANG,SUMATERA SELATAN,262,152134,MARUBENI,MARUBENI CORP,JAPAN,#N/A,MALAYSIA
2015,470329,ROYAL GOLDEN EAGLE,APRIL,BUATAN,RIAU,98,49118,ROYAL GOLDEN EAGLE,APEL ENTERPRISES (SINGAPORE) PTE LTD,SINGAPORE,#N/A,MOROCCO
2015,470329,MARUBENI,TANJUNG ENIM LESTARI,PANJANG,SUMATERA SELATAN,480,270038,MARUBENI,MARUBENI CORP,JAPAN,#N/A,CHINA (MAINLAND)
2015,470329,ROYAL GOLDEN EAGLE,APRIL,BUATAN,RIAU,278,136000,ROYAL GOLDEN EAGLE,AP ENTERPRISES (MACAO) COMMERCIAL OFFSHORE LTD,MACAO,#N/A,PAKISTAN
2015,470329,ROYAL GOLDEN EAGLE,APRIL,BUATAN,RIAU,7246,3609109,ROYAL GOLDEN EAGLE,ALKIRA TRADING (MACAO COMMERCIAL OFFSHORE) LTD,MACAO,#N/A,CHINA (MAINLAND)
2015,470329,ROYAL GOLDEN EAGLE,APRIL,BUATAN,RIAU,140,70192,ROYAL GOLDEN EAGLE,APEL ENTERPRISES (SINGAPORE) PTE LTD,SINGAPORE,#N/A,INDIA
2015,470329,ROYAL GOLDEN EAGLE,APRIL,BUATAN,RIAU,502,250976,ROYAL GOLDEN EAGLE,ALKIRA TRADING (MACAO COMMERCIAL OFFSHORE) LTD,MACAO,#N/A,CHINA (MAINLAND)
2015,470329,ROYAL GOLDEN EAGLE,APRIL,BUATAN,RIAU,3987,1993694,ROYAL GOLDEN EAGLE,ALKIRA TRADING (MACAO COMMERCIAL OFFSHORE) LTD,MACAO,#N/A,CHINA (MAINLAND)
2015,470329,ROYAL GOLDEN EAGLE,APRIL,BUATAN,RIAU,502,250782,ROYAL GOLDEN EAGLE,AP ENTERPRISES (MACAO) COMMERCIAL OFFSHORE LTD,MACAO,#N/A,BANGLADESH
2015,470329,MARUBENI,TANJUNG ENIM LESTARI,PANJANG,SUMATERA SELATAN,110,58254,MARUBENI,MARUBENI CORP,JAPAN,#N/A,INDIA
2015,470329,ROYAL GOLDEN EAGLE,APRIL,BUATAN,RIAU,201,98396,ROYAL GOLDEN EAGLE,APEL ENTERPRISES (SINGAPORE) PTE LTD,SINGAPORE,#N/A,THAILAND
2015,470329,ROYAL GOLDEN EAGLE,APRIL,BUATAN,RIAU,100,49211,ROYAL GOLDEN EAGLE,AP ENTERPRISES (MACAO) COMMERCIAL OFFSHORE LTD,MACAO,#N/A,BANGLADESH
2015,470329,ROYAL GOLDEN EAGLE,APRIL,BUATAN,RIAU,201,100521,ROYAL GOLDEN EAGLE,ALKIRA TRADING (MACAO COMMERCIAL OFFSHORE) LTD,MACAO,#N/A,CHINA (MAINLAND)
2015,470329,MARUBENI,TANJUNG ENIM LESTARI,PANJANG,SUMATERA SELATAN,108,61188,MARUBENI,MARUBENI CORP,JAPAN,#N/A,INDIA
2015,470329,ROYAL GOLDEN EAGLE,TOBA PULP LESTARI,BELAWAN,SUMATERA UTARA,499,262152,ROYAL GOLDEN EAGLE,DP MARKETING INTERNATIONAL,MACAO,#N/A,CHINA (MAINLAND)
2015,470329,ROYAL GOLDEN EAGLE,APRIL,BUATAN,RIAU,60,30162,ROYAL GOLDEN EAGLE,APEL ENTERPRISES (SINGAPORE) PTE LTD,SINGAPORE,#N/A,INDIA
2015,470329,ROYAL GOLDEN EAGLE,TOBA PULP LESTARI,BELAWAN,SUMATERA UTARA,499,261975,ROYAL GOLDEN EAGLE,DP MARKETING INTERNATIONAL,MACAO,#N/A,CHINA (MAINLAND)
2015,470329,ROYAL GOLDEN EAGLE,TOBA PULP LESTARI,BELAWAN,SUMATERA UTARA,499,261771,ROYAL GOLDEN EAGLE,DP MARKETING INTERNATIONAL,MACAO,#N/A,CHINA (MAINLAND)
2015,470329,MARUBENI,TANJUNG ENIM LESTARI,PANJANG,SUMATERA SELATAN,954,511036,MARUBENI,MARUBENI CORP,JAPAN,#N/A,CHINA (MAINLAND)
2015,470329,SINAR MAS,INDAH KIAT,SUNGAI PAKNING,RIAU,800,404000,SINAR MAS,KING PAPER SOURCE TRADING (SHANGHAI) CO LTD,CHINA (MAINLAND),#N/A,CHINA (MAINLAND)
2015,470329,SINAR MAS,INDAH KIAT,SUNGAI PAKNING,RIAU,1500,802500,UNKNOWN AFFILIATION,NINGBO CROWN OF CHINA ENERGY CO LTD,CHINA (MAINLAND),#N/A,CHINA (MAINLAND)
2015,470329,SINAR MAS,INDAH KIAT,SUNGAI PAKNING,RIAU,2000,1010000,SINAR MAS,KING PAPER SOURCE TRADING (SHANGHAI) CO LTD,CHINA (MAINLAND),#N/A,CHINA (MAINLAND)
2015,470329,SINAR MAS,INDAH KIAT,PERAWANG,RIAU,1000,437999,UNKNOWN AFFILIATION,SUZHOU HUANG YI TRADE CO LTD,CHINA (MAINLAND),#N/A,CHINA (MAINLAND)
2015,470329,MARUBENI,TANJUNG ENIM LESTARI,PANJANG,SUMATERA SELATAN,484,252210,MARUBENI,MARUBENI CORP,JAPAN,#N/A,INDIA
2015,470329,ROYAL GOLDEN EAGLE,APRIL,BUATAN,RIAU,201,100528,ROYAL GOLDEN EAGLE,APEL ENTERPRISES (SINGAPORE) PTE LTD,SINGAPORE,#N/A,INDIA
2015,470329,SINAR MAS,INDAH KIAT,PERAWANG,RIAU,300,157584,UNKNOWN AFFILIATION,SUZHOU HUANG YI TRADE CO LTD,CHINA (MAINLAND),#N/A,CHINA (MAINLAND)
2015,470329,SINAR MAS,INDAH KIAT,PERAWANG,RIAU,200,104659,SINAR MAS,GOLDEN PROFIT TRADING PTE LTD,SINGAPORE,#N/A,UNITED ARAB EMIRATES
2015,470329,SINAR MAS,INDAH KIAT,PERAWANG,RIAU,1000,524840,UNKNOWN AFFILIATION,SUZHOU GUANBAO TRADING LTD,CHINA (MAINLAND),#N/A,CHINA (MAINLAND)
2015,470329,ROYAL GOLDEN EAGLE,APRIL,BUATAN,RIAU,2591,1293553,ROYAL GOLDEN EAGLE,ALKIRA TRADING (MACAO COMMERCIAL OFFSHORE) LTD,MACAO,#N/A,CHINA (MAINLAND)
2015,470329,ROYAL GOLDEN EAGLE,APRIL,BUATAN,RIAU,542,271099,ROYAL GOLDEN EAGLE,APEL ENTERPRISES (SINGAPORE) PTE LTD,SINGAPORE,#N/A,UNITED ARAB EMIRATES
2015,470329,ROYAL GOLDEN EAGLE,APRIL,BUATAN,RIAU,302,150780,ROYAL GOLDEN EAGLE,ALKIRA TRADING (MACAO COMMERCIAL OFFSHORE) LTD,MACAO,#N/A,CHINA (MAINLAND)
2015,470329,ROYAL GOLDEN EAGLE,APRIL,BUATAN,RIAU,703,351742,ROYAL GOLDEN EAGLE,ALKIRA TRADING (MACAO COMMERCIAL OFFSHORE) LTD,MACAO,#N/A,CHINA (MAINLAND)
2015,470329,ROYAL GOLDEN EAGLE,APRIL,BUATAN,RIAU,502,250886,ROYAL GOLDEN EAGLE,AP ENTERPRISES (MACAO) COMMERCIAL OFFSHORE LTD,MACAO,#N/A,BANGLADESH
2015,470329,ROYAL GOLDEN EAGLE,APRIL,BUATAN,RIAU,5025,2512474,ROYAL GOLDEN EAGLE,ALKIRA TRADING (MACAO COMMERCIAL OFFSHORE) LTD,MACAO,#N/A,CHINA (MAINLAND)
2015,470329,ROYAL GOLDEN EAGLE,APRIL,BUATAN,RIAU,261,127912,ROYAL GOLDEN EAGLE,AP ENTERPRISES (MACAO) COMMERCIAL OFFSHORE LTD,MACAO,#N/A,BANGLADESH
2015,470329,ROYAL GOLDEN EAGLE,APRIL,BUATAN,RIAU,502,251186,ROYAL GOLDEN EAGLE,APEL ENTERPRISES (SINGAPORE) PTE LTD,SINGAPORE,#N/A,INDIA
2015,470329,ROYAL GOLDEN EAGLE,TOBA PULP LESTARI,BELAWAN,SUMATERA UTARA,499,266906,ROYAL GOLDEN EAGLE,DP MARKETING INTERNATIONAL,MACAO,#N/A,CHINA (MAINLAND)
2015,470329,MARUBENI,TANJUNG ENIM LESTARI,TANJUNG PRIOK,SUMATERA SELATAN,481,266469,MARUBENI,MARUBENI CORP,JAPAN,#N/A,CHINA (MAINLAND)
2015,470329,ROYAL GOLDEN EAGLE,TOBA PULP LESTARI,BELAWAN,SUMATERA UTARA,500,267351,ROYAL GOLDEN EAGLE,DP MARKETING INTERNATIONAL,MACAO,#N/A,CHINA (MAINLAND)
2015,470329,SINAR MAS,LONTAR PAPYRUS,KUALA TUNGKAL,JAMBI,520,279720,UNKNOWN AFFILIATION,SUZHOU HUANG YI TRADE CO LTD,CHINA (MAINLAND),#N/A,CHINA (MAINLAND)
2015,470329,SINAR MAS,LONTAR PAPYRUS,KUALA TUNGKAL,JAMBI,1281,653981,UNKNOWN AFFILIATION,NINGBO CROWN OF CHINA ENERGY CO LTD,CHINA (MAINLAND),#N/A,CHINA (MAINLAND)
2015,470329,SINAR MAS,LONTAR PAPYRUS,KUALA TUNGKAL,JAMBI,199,99901,UNKNOWN AFFILIATION,NINGBO CROWN OF CHINA ENERGY CO LTD,CHINA (MAINLAND),#N/A,CHINA (MAINLAND)
2015,470329,ROYAL GOLDEN EAGLE,APRIL,BUATAN,RIAU,201,100296,ROYAL GOLDEN EAGLE,AP ENTERPRISES (MACAO) COMMERCIAL OFFSHORE LTD,MACAO,#N/A,BANGLADESH
2015,470329,ROYAL GOLDEN EAGLE,APRIL,BUATAN,RIAU,1004,502192,ROYAL GOLDEN EAGLE,ALKIRA TRADING (MACAO COMMERCIAL OFFSHORE) LTD,MACAO,#N/A,CHINA (MAINLAND)
2015,470329,SINAR MAS,LONTAR PAPYRUS,KUALA TUNGKAL,JAMBI,300,153506,UNKNOWN AFFILIATION,NINGBO CROWN OF CHINA ENERGY CO LTD,CHINA (MAINLAND),#N/A,CHINA (MAINLAND)
2015,470329,ROYAL GOLDEN EAGLE,APRIL,BUATAN,RIAU,804,401884,ROYAL GOLDEN EAGLE,APEL ENTERPRISES (SINGAPORE) PTE LTD,SINGAPORE,#N/A,UNITED ARAB EMIRATES
2015,470329,SINAR MAS,INDAH KIAT,SUNGAI PAKNING,RIAU,5500,2997500,SINAR MAS,KING PAPER SOURCE TRADING (SHANGHAI) CO LTD,CHINA (MAINLAND),#N/A,CHINA (MAINLAND)
2015,470329,SINAR MAS,INDAH KIAT,PERAWANG,RIAU,420,219787,UNKNOWN AFFILIATION,NINGBO CROWN OF CHINA ENERGY CO LTD,CHINA (MAINLAND),#N/A,CHINA (MAINLAND)
2015,470329,MARUBENI,TANJUNG ENIM LESTARI,PANJANG,SUMATERA SELATAN,483,255612,MARUBENI,MARUBENI CORP,JAPAN,#N/A,CHINA (MAINLAND)
2015,470329,ROYAL GOLDEN EAGLE,APRIL,BUATAN,RIAU,502,250886,ROYAL GOLDEN EAGLE,AP ENTERPRISES (MACAO) COMMERCIAL OFFSHORE LTD,MACAO,#N/A,BANGLADESH
2015,470329,ROYAL GOLDEN EAGLE,APRIL,BUATAN,RIAU,1004,501983,ROYAL GOLDEN EAGLE,ALKIRA TRADING (MACAO COMMERCIAL OFFSHORE) LTD,MACAO,#N/A,CHINA (MAINLAND)
2015,470329,MARUBENI,TANJUNG ENIM LESTARI,TANJUNG PRIOK,SUMATERA SELATAN,481,267110,MARUBENI,MARUBENI CORP,JAPAN,#N/A,CHINA (MAINLAND)
2015,470329,SINAR MAS,INDAH KIAT,SUNGAI PAKNING,RIAU,700,381281,UNKNOWN AFFILIATION,SUZHOU HUANG YI TRADE CO LTD,CHINA (MAINLAND),#N/A,CHINA (MAINLAND)
2015,470329,ROYAL GOLDEN EAGLE,TOBA PULP LESTARI,BELAWAN,SUMATERA UTARA,999,534577,ROYAL GOLDEN EAGLE,DP MARKETING INTERNATIONAL,MACAO,#N/A,CHINA (MAINLAND)
2015,470329,ROYAL GOLDEN EAGLE,APRIL,BUATAN,RIAU,702,351105,ROYAL GOLDEN EAGLE,APEL ENTERPRISES (SINGAPORE) PTE LTD,SINGAPORE,#N/A,LEBANON
2015,470329,ROYAL GOLDEN EAGLE,APRIL,BUATAN,RIAU,502,250776,ROYAL GOLDEN EAGLE,APEL ENTERPRISES (SINGAPORE) PTE LTD,SINGAPORE,#N/A,SAUDI ARABIA
2015,470329,ROYAL GOLDEN EAGLE,APRIL,BUATAN,RIAU,993,496656,ROYAL GOLDEN EAGLE,ALKIRA TRADING (MACAO COMMERCIAL OFFSHORE) LTD,MACAO,#N/A,CHINA (MAINLAND)
2015,470329,SINAR MAS,LONTAR PAPYRUS,KUALA TUNGKAL,JAMBI,480,258458,UNKNOWN AFFILIATION,SUZHOU HUANG YI TRADE CO LTD,CHINA (MAINLAND),#N/A,CHINA (MAINLAND)
2015,470329,ROYAL GOLDEN EAGLE,APRIL,BUATAN,RIAU,536,262678,ROYAL GOLDEN EAGLE,AP ENTERPRISES (MACAO) COMMERCIAL OFFSHORE LTD,MACAO,#N/A,PAKISTAN
2015,470329,ROYAL GOLDEN EAGLE,APRIL,BUATAN,RIAU,5021,2460266,ROYAL GOLDEN EAGLE,APEL ENTERPRISES (SINGAPORE) PTE LTD,SINGAPORE,#N/A,CHINA (MAINLAND)
2015,470329,MARUBENI,TANJUNG ENIM LESTARI,PANJANG,SUMATERA SELATAN,483,270804,MARUBENI,MARUBENI CORP,JAPAN,#N/A,CHINA (MAINLAND)
2015,470329,ROYAL GOLDEN EAGLE,APRIL,BUATAN,RIAU,1508,753972,ROYAL GOLDEN EAGLE,ALKIRA TRADING (MACAO COMMERCIAL OFFSHORE) LTD,MACAO,#N/A,CHINA (MAINLAND)
2015,470329,SINAR MAS,LONTAR PAPYRUS,KUALA TUNGKAL,JAMBI,80,43154,UNKNOWN AFFILIATION,SUZHOU HUANG YI TRADE CO LTD,CHINA (MAINLAND),#N/A,CHINA (MAINLAND)
2015,470329,MARUBENI,TANJUNG ENIM LESTARI,PANJANG,SUMATERA SELATAN,484,275763,MARUBENI,MARUBENI CORP,JAPAN,#N/A,THAILAND
2015,470329,ROYAL GOLDEN EAGLE,APRIL,BUATAN,RIAU,502,250972,ROYAL GOLDEN EAGLE,AP ENTERPRISES (MACAO) COMMERCIAL OFFSHORE LTD,MACAO,#N/A,BANGLADESH
2015,470329,ROYAL GOLDEN EAGLE,APRIL,BUATAN,RIAU,1005,502390,ROYAL GOLDEN EAGLE,ALKIRA TRADING (MACAO COMMERCIAL OFFSHORE) LTD,MACAO,#N/A,CHINA (MAINLAND)
2015,470329,ROYAL GOLDEN EAGLE,APRIL,BUATAN,RIAU,4105,2052258,ROYAL GOLDEN EAGLE,ALKIRA TRADING (MACAO COMMERCIAL OFFSHORE) LTD,MACAO,#N/A,CHINA (MAINLAND)
2015,470329,MARUBENI,TANJUNG ENIM LESTARI,PANJANG,SUMATERA SELATAN,264,141116,MARUBENI,MARUBENI CORP,JAPAN,#N/A,INDIA
2015,470329,MARUBENI,TANJUNG ENIM LESTARI,PANJANG,SUMATERA SELATAN,264,153200,MARUBENI,MARUBENI CORP,JAPAN,#N/A,MALAYSIA
2015,470329,SINAR MAS,LONTAR PAPYRUS,KUALA TUNGKAL,JAMBI,599,309378,SINAR MAS,GOLDEN PROFIT TRADING PTE LTD,SINGAPORE,#N/A,INDIA
2015,470329,SINAR MAS,LONTAR PAPYRUS,KUALA TUNGKAL,JAMBI,399,205744,SINAR MAS,GOLDEN PROFIT TRADING PTE LTD,SINGAPORE,#N/A,INDIA
2015,470329,MARUBENI,TANJUNG ENIM LESTARI,TANJUNG PRIOK,SUMATERA SELATAN,241,142690,MARUBENI,MARUBENI CORP,JAPAN,#N/A,JAPAN
2015,470329,ROYAL GOLDEN EAGLE,APRIL,BUATAN,RIAU,60,30134,ROYAL GOLDEN EAGLE,APEL ENTERPRISES (SINGAPORE) PTE LTD,SINGAPORE,#N/A,INDIA
2015,470329,ROYAL GOLDEN EAGLE,APRIL,BUATAN,RIAU,4169,2084728,ROYAL GOLDEN EAGLE,APEL ENTERPRISES (SINGAPORE) PTE LTD,SINGAPORE,#N/A,JAPAN
2015,470329,MARUBENI,TANJUNG ENIM LESTARI,PANJANG,SUMATERA SELATAN,968,537428,MARUBENI,MARUBENI CORP,JAPAN,#N/A,CHINA (MAINLAND)
2015,470329,ROYAL GOLDEN EAGLE,APRIL,BUATAN,RIAU,4921,2434605,ROYAL GOLDEN EAGLE,ALKIRA TRADING (MACAO COMMERCIAL OFFSHORE) LTD,MACAO,#N/A,CHINA (MAINLAND)
2015,470329,ROYAL GOLDEN EAGLE,APRIL,BUATAN,RIAU,101,50276,ROYAL GOLDEN EAGLE,APEL ENTERPRISES (SINGAPORE) PTE LTD,SINGAPORE,#N/A,INDIA
2015,470329,ROYAL GOLDEN EAGLE,APRIL,BUATAN,RIAU,2008,1004099,ROYAL GOLDEN EAGLE,APEL ENTERPRISES (SINGAPORE) PTE LTD,SINGAPORE,#N/A,JAPAN
2015,470329,MARUBENI,TANJUNG ENIM LESTARI,PANJANG,SUMATERA SELATAN,110,60256,MARUBENI,MARUBENI CORP,JAPAN,#N/A,INDIA
2015,470329,SINAR MAS,LONTAR PAPYRUS,KUALA TUNGKAL,JAMBI,998,538886,UNKNOWN AFFILIATION,SUZHOU HUANG YI TRADE CO LTD,CHINA (MAINLAND),#N/A,CHINA (MAINLAND)
2015,470329,ROYAL GOLDEN EAGLE,APRIL,BUATAN,RIAU,857,428262,ROYAL GOLDEN EAGLE,ALKIRA TRADING (MACAO COMMERCIAL OFFSHORE) LTD,MACAO,#N/A,CHINA (MAINLAND)
2015,470329,MARUBENI,TANJUNG ENIM LESTARI,PANJANG,SUMATERA SELATAN,108,61062,MARUBENI,MARUBENI CORP,JAPAN,#N/A,INDIA
2015,470329,ROYAL GOLDEN EAGLE,APRIL,BUATAN,RIAU,60,30116,ROYAL GOLDEN EAGLE,APEL ENTERPRISES (SINGAPORE) PTE LTD,SINGAPORE,#N/A,INDIA
2015,470329,ROYAL GOLDEN EAGLE,TOBA PULP LESTARI,BELAWAN,SUMATERA UTARA,498,266601,ROYAL GOLDEN EAGLE,DP MARKETING INTERNATIONAL,MACAO,#N/A,CHINA (MAINLAND)
2015,470329,ROYAL GOLDEN EAGLE,APRIL,BUATAN,RIAU,1004,502225,ROYAL GOLDEN EAGLE,ALKIRA TRADING (MACAO COMMERCIAL OFFSHORE) LTD,MACAO,#N/A,CHINA (MAINLAND)
2015,470329,ROYAL GOLDEN EAGLE,TOBA PULP LESTARI,BELAWAN,SUMATERA UTARA,499,266731,ROYAL GOLDEN EAGLE,DP MARKETING INTERNATIONAL,MACAO,#N/A,CHINA (MAINLAND)
2015,470329,ROYAL GOLDEN EAGLE,TOBA PULP LESTARI,BELAWAN,SUMATERA UTARA,499,267158,ROYAL GOLDEN EAGLE,DP MARKETING INTERNATIONAL,MACAO,#N/A,CHINA (MAINLAND)
2015,470329,ROYAL GOLDEN EAGLE,APRIL,BUATAN,RIAU,139,69370,ROYAL GOLDEN EAGLE,ALKIRA TRADING (MACAO COMMERCIAL OFFSHORE) LTD,MACAO,#N/A,CHINA (MAINLAND)
2015,470329,ROYAL GOLDEN EAGLE,APRIL,BUATAN,RIAU,502,250804,ROYAL GOLDEN EAGLE,AP ENTERPRISES (MACAO) COMMERCIAL OFFSHORE LTD,MACAO,#N/A,BANGLADESH
2015,470329,ROYAL GOLDEN EAGLE,APRIL,BUATAN,RIAU,1508,753922,ROYAL GOLDEN EAGLE,ALKIRA TRADING (MACAO COMMERCIAL OFFSHORE) LTD,MACAO,#N/A,CHINA (MAINLAND)
2015,470329,ROYAL GOLDEN EAGLE,APRIL,BUATAN,RIAU,201,100465,ROYAL GOLDEN EAGLE,APEL ENTERPRISES (SINGAPORE) PTE LTD,SINGAPORE,#N/A,INDIA
2015,470329,ROYAL GOLDEN EAGLE,APRIL,BUATAN,RIAU,1004,502208,ROYAL GOLDEN EAGLE,ALKIRA TRADING (MACAO COMMERCIAL OFFSHORE) LTD,MACAO,#N/A,CHINA (MAINLAND)
2015,470329,ROYAL GOLDEN EAGLE,APRIL,BUATAN,RIAU,502,251174,ROYAL GOLDEN EAGLE,APEL ENTERPRISES (SINGAPORE) PTE LTD,SINGAPORE,#N/A,UNITED ARAB EMIRATES
2015,470329,SINAR MAS,LONTAR PAPYRUS,KUALA TUNGKAL,JAMBI,519,265771,UNKNOWN AFFILIATION,SUZHOU HUANG YI TRADE CO LTD,CHINA (MAINLAND),#N/A,CHINA (MAINLAND)
2015,470329,SINAR MAS,LONTAR PAPYRUS,KUALA TUNGKAL,JAMBI,300,155420,SINAR MAS,GOLDEN PROFIT TRADING PTE LTD,SINGAPORE,#N/A,INDIA
2015,470329,SINAR MAS,LONTAR PAPYRUS,KUALA TUNGKAL,JAMBI,300,155688,SINAR MAS,GOLDEN PROFIT TRADING PTE LTD,SINGAPORE,#N/A,INDIA
2015,470329,SINAR MAS,LONTAR PAPYRUS,KUALA TUNGKAL,JAMBI,400,220138,SINAR MAS,KING PAPER SOURCE TRADING (SHANGHAI) CO LTD,CHINA (MAINLAND),#N/A,CHINA (MAINLAND)
2015,470329,ROYAL GOLDEN EAGLE,APRIL,BUATAN,RIAU,502,251245,ROYAL GOLDEN EAGLE,APEL ENTERPRISES (SINGAPORE) PTE LTD,SINGAPORE,#N/A,INDIA
2015,470329,ROYAL GOLDEN EAGLE,APRIL,BUATAN,RIAU,2612,1290938,ROYAL GOLDEN EAGLE,ALKIRA TRADING (MACAO COMMERCIAL OFFSHORE) LTD,MACAO,#N/A,CHINA (MAINLAND)
2015,470329,ROYAL GOLDEN EAGLE,APRIL,BUATAN,RIAU,556,277758,ROYAL GOLDEN EAGLE,ALKIRA TRADING (MACAO COMMERCIAL OFFSHORE) LTD,MACAO,#N/A,CHINA (MAINLAND)
2015,470329,MARUBENI,TANJUNG ENIM LESTARI,TANJUNG PRIOK,SUMATERA SELATAN,681,384968,MARUBENI,MARUBENI CORP,JAPAN,#N/A,CHINA (MAINLAND)
2015,470329,ROYAL GOLDEN EAGLE,APRIL,BUATAN,RIAU,502,250862,ROYAL GOLDEN EAGLE,APEL ENTERPRISES (SINGAPORE) PTE LTD,SINGAPORE,#N/A,INDIA
2015,470329,ROYAL GOLDEN EAGLE,TOBA PULP LESTARI,BELAWAN,SUMATERA UTARA,516,276172,ROYAL GOLDEN EAGLE,DP MARKETING INTERNATIONAL,MACAO,#N/A,CHINA (MAINLAND)
2015,470329,ROYAL GOLDEN EAGLE,APRIL,BUATAN,RIAU,8637,4314416,ROYAL GOLDEN EAGLE,ALKIRA TRADING (MACAO COMMERCIAL OFFSHORE) LTD,MACAO,#N/A,CHINA (MAINLAND)
2015,470329,SINAR MAS,INDAH KIAT,PERAWANG,RIAU,80,44098,SINAR MAS,GOLDEN PROFIT TRADING PTE LTD,SINGAPORE,#N/A,VIETNAM
2015,470329,ROYAL GOLDEN EAGLE,TOBA PULP LESTARI,BELAWAN,SUMATERA UTARA,534,285896,ROYAL GOLDEN EAGLE,DP MARKETING INTERNATIONAL,MACAO,#N/A,CHINA (MAINLAND)
2015,470329,SINAR MAS,INDAH KIAT,PERAWANG,RIAU,500,268952,SINAR MAS,KING PAPER SOURCE TRADING (SHANGHAI) CO LTD,CHINA (MAINLAND),#N/A,BANGLADESH
2015,470329,SINAR MAS,LONTAR PAPYRUS,KUALA TUNGKAL,JAMBI,520,285951,SINAR MAS,KING PAPER SOURCE TRADING (SHANGHAI) CO LTD,CHINA (MAINLAND),#N/A,CHINA (MAINLAND)
2015,470329,ROYAL GOLDEN EAGLE,APRIL,BUATAN,RIAU,200,98211,ROYAL GOLDEN EAGLE,APEL ENTERPRISES (SINGAPORE) PTE LTD,SINGAPORE,#N/A,THAILAND
2015,470329,SINAR MAS,LONTAR PAPYRUS,KUALA TUNGKAL,JAMBI,159,81603,UNKNOWN AFFILIATION,SUZHOU HUANG YI TRADE CO LTD,CHINA (MAINLAND),#N/A,CHINA (MAINLAND)
2015,470329,ROYAL GOLDEN EAGLE,APRIL,BUATAN,RIAU,1005,502421,ROYAL GOLDEN EAGLE,ALKIRA TRADING (MACAO COMMERCIAL OFFSHORE) LTD,MACAO,#N/A,CHINA (MAINLAND)
2015,470329,ROYAL GOLDEN EAGLE,APRIL,BUATAN,RIAU,502,251083,ROYAL GOLDEN EAGLE,APEL ENTERPRISES (SINGAPORE) PTE LTD,SINGAPORE,#N/A,SAUDI ARABIA
2015,470329,ROYAL GOLDEN EAGLE,APRIL,BUATAN,RIAU,277,138519,ROYAL GOLDEN EAGLE,ALKIRA TRADING (MACAO COMMERCIAL OFFSHORE) LTD,MACAO,#N/A,CHINA (MAINLAND)
2015,470329,ROYAL GOLDEN EAGLE,APRIL,BUATAN,RIAU,501,250720,ROYAL GOLDEN EAGLE,APEL ENTERPRISES (SINGAPORE) PTE LTD,SINGAPORE,#N/A,INDIA
2015,470329,MARUBENI,TANJUNG ENIM LESTARI,TANJUNG PRIOK,SUMATERA SELATAN,595,322929,MARUBENI,MARUBENI CORP,JAPAN,#N/A,CHINA (MAINLAND)
2015,470329,ROYAL GOLDEN EAGLE,APRIL,BUATAN,RIAU,301,147499,ROYAL GOLDEN EAGLE,ALKIRA TRADING (MACAO COMMERCIAL OFFSHORE) LTD,MACAO,#N/A,CHINA (MAINLAND)
2015,470329,SINAR MAS,LONTAR PAPYRUS,KUALA TUNGKAL,JAMBI,620,340925,SINAR MAS,KING PAPER SOURCE TRADING (SHANGHAI) CO LTD,CHINA (MAINLAND),#N/A,CHINA (MAINLAND)
2015,470329,ROYAL GOLDEN EAGLE,APRIL,BUATAN,RIAU,1004,502052,ROYAL GOLDEN EAGLE,ALKIRA TRADING (MACAO COMMERCIAL OFFSHORE) LTD,MACAO,#N/A,CHINA (MAINLAND)
2015,470329,ROYAL GOLDEN EAGLE,APRIL,BUATAN,RIAU,158,79027,ROYAL GOLDEN EAGLE,ALKIRA TRADING (MACAO COMMERCIAL OFFSHORE) LTD,MACAO,#N/A,CHINA (MAINLAND)
2015,470329,SINAR MAS,LONTAR PAPYRUS,KUALA TUNGKAL,JAMBI,505,277697,SINAR MAS,KING PAPER SOURCE TRADING (SHANGHAI) CO LTD,CHINA (MAINLAND),#N/A,CHINA (MAINLAND)
2015,470329,SINAR MAS,INDAH KIAT,PERAWANG,RIAU,1000,546425,SINAR MAS,GOLDEN PROFIT TRADING PTE LTD,SINGAPORE,#N/A,THAILAND
2015,470329,ROYAL GOLDEN EAGLE,APRIL,BUATAN,RIAU,1003,491435,ROYAL GOLDEN EAGLE,APEL ENTERPRISES (SINGAPORE) PTE LTD,SINGAPORE,#N/A,SOUTH AFRICA
2015,470329,ROYAL GOLDEN EAGLE,APRIL,BUATAN,RIAU,397,198356,ROYAL GOLDEN EAGLE,AP ENTERPRISES (MACAO) COMMERCIAL OFFSHORE LTD,MACAO,#N/A,BANGLADESH
2015,470329,MARUBENI,TANJUNG ENIM LESTARI,PANJANG,SUMATERA SELATAN,197,111494,MARUBENI,MARUBENI CORP,JAPAN,#N/A,CHINA (MAINLAND)
2015,470329,ROYAL GOLDEN EAGLE,APRIL,BUATAN,RIAU,993,496692,ROYAL GOLDEN EAGLE,ALKIRA TRADING (MACAO COMMERCIAL OFFSHORE) LTD,MACAO,#N/A,CHINA (MAINLAND)
2015,470329,MARUBENI,TANJUNG ENIM LESTARI,PANJANG,SUMATERA SELATAN,484,273659,MARUBENI,MARUBENI CORP,JAPAN,#N/A,THAILAND
2015,470329,ROYAL GOLDEN EAGLE,APRIL,BUATAN,RIAU,201,100444,ROYAL GOLDEN EAGLE,APEL ENTERPRISES (SINGAPORE) PTE LTD,SINGAPORE,#N/A,INDIA
2015,470329,MARUBENI,TANJUNG ENIM LESTARI,PANJANG,SUMATERA SELATAN,968,537651,MARUBENI,MARUBENI CORP,JAPAN,#N/A,CHINA (MAINLAND)
2015,470329,ROYAL GOLDEN EAGLE,APRIL,BUATAN,RIAU,502,250754,ROYAL GOLDEN EAGLE,AP ENTERPRISES (MACAO) COMMERCIAL OFFSHORE LTD,MACAO,#N/A,BANGLADESH
2015,470329,MARUBENI,TANJUNG ENIM LESTARI,PANJANG,SUMATERA SELATAN,399,220322,MARUBENI,MARUBENI CORP,JAPAN,#N/A,AUSTRALIA
2015,470329,MARUBENI,TANJUNG ENIM LESTARI,TANJUNG PRIOK,SUMATERA SELATAN,260,156410,MARUBENI,MARUBENI CORP,JAPAN,#N/A,JAPAN
2015,470329,ROYAL GOLDEN EAGLE,APRIL,BUATAN,RIAU,40,20058,ROYAL GOLDEN EAGLE,APEL ENTERPRISES (SINGAPORE) PTE LTD,SINGAPORE,#N/A,INDIA
2015,470329,MARUBENI,TANJUNG ENIM LESTARI,PANJANG,SUMATERA SELATAN,484,265439,MARUBENI,MARUBENI CORP,JAPAN,#N/A,CHINA (MAINLAND)
2015,470329,SINAR MAS,INDAH KIAT,PERAWANG,RIAU,18,9671,SINAR MAS,GOLDEN PROFIT TRADING PTE LTD,SINGAPORE,#N/A,JAPAN
2015,470329,ROYAL GOLDEN EAGLE,APRIL,BUATAN,RIAU,1004,502136,ROYAL GOLDEN EAGLE,ALKIRA TRADING (MACAO COMMERCIAL OFFSHORE) LTD,MACAO,#N/A,CHINA (MAINLAND)
2015,470329,SINAR MAS,INDAH KIAT,PERAWANG,RIAU,300,157298,SINAR MAS,GOLDEN PROFIT TRADING PTE LTD,SINGAPORE,#N/A,UNITED ARAB EMIRATES
2015,470329,MARUBENI,TANJUNG ENIM LESTARI,PANJANG,SUMATERA SELATAN,264,140802,MARUBENI,MARUBENI CORP,JAPAN,#N/A,INDIA
2015,470329,ROYAL GOLDEN EAGLE,APRIL,BUATAN,RIAU,5622,2811118,ROYAL GOLDEN EAGLE,ALKIRA TRADING (MACAO COMMERCIAL OFFSHORE) LTD,MACAO,#N/A,CHINA (MAINLAND)
2015,470329,ROYAL GOLDEN EAGLE,TOBA PULP LESTARI,BELAWAN,SUMATERA UTARA,513,274718,ROYAL GOLDEN EAGLE,DP MARKETING INTERNATIONAL,MACAO,#N/A,CHINA (MAINLAND)
2015,470329,ROYAL GOLDEN EAGLE,APRIL,BUATAN,RIAU,5022,2511036,ROYAL GOLDEN EAGLE,ALKIRA TRADING (MACAO COMMERCIAL OFFSHORE) LTD,MACAO,#N/A,CHINA (MAINLAND)
2015,470329,ROYAL GOLDEN EAGLE,APRIL,BUATAN,RIAU,100,50220,ROYAL GOLDEN EAGLE,APEL ENTERPRISES (SINGAPORE) PTE LTD,SINGAPORE,#N/A,INDIA
2015,470329,SINAR MAS,LONTAR PAPYRUS,KUALA TUNGKAL,JAMBI,462,253626,SINAR MAS,KING PAPER SOURCE TRADING (SHANGHAI) CO LTD,CHINA (MAINLAND),#N/A,CHINA (MAINLAND)
2015,470329,SINAR MAS,LONTAR PAPYRUS,KUALA TUNGKAL,JAMBI,1059,551269,UNKNOWN AFFILIATION,NINGBO CROWN OF CHINA ENERGY CO LTD,CHINA (MAINLAND),#N/A,CHINA (MAINLAND)
2015,470329,SINAR MAS,LONTAR PAPYRUS,KUALA TUNGKAL,JAMBI,979,510867,UNKNOWN AFFILIATION,NINGBO CROWN OF CHINA ENERGY CO LTD,CHINA (MAINLAND),#N/A,CHINA (MAINLAND)
2015,470329,SINAR MAS,LONTAR PAPYRUS,KUALA TUNGKAL,JAMBI,200,102542,UNKNOWN AFFILIATION,SUZHOU HUANG YI TRADE CO LTD,CHINA (MAINLAND),#N/A,CHINA (MAINLAND)
2015,470329,SINAR MAS,INDAH KIAT,PERAWANG,RIAU,300,166427,SINAR MAS,GOLDEN PROFIT TRADING PTE LTD,SINGAPORE,#N/A,TAIWAN
2015,470329,ROYAL GOLDEN EAGLE,APRIL,BUATAN,RIAU,804,401810,ROYAL GOLDEN EAGLE,APEL ENTERPRISES (SINGAPORE) PTE LTD,SINGAPORE,#N/A,INDIA
2015,470329,ROYAL GOLDEN EAGLE,APRIL,BUATAN,RIAU,502,250877,ROYAL GOLDEN EAGLE,ALKIRA TRADING (MACAO COMMERCIAL OFFSHORE) LTD,MACAO,#N/A,CHINA (MAINLAND)
2015,470329,SINAR MAS,LONTAR PAPYRUS,KUALA TUNGKAL,JAMBI,992,537659,UNKNOWN AFFILIATION,SUZHOU GUANBAO TRADING LTD,CHINA (MAINLAND),#N/A,CHINA (MAINLAND)
2015,470329,SINAR MAS,INDAH KIAT,PERAWANG,RIAU,180,97985,SINAR MAS,GOLDEN PROFIT TRADING PTE LTD,SINGAPORE,#N/A,JAPAN
2015,470329,SINAR MAS,LONTAR PAPYRUS,KUALA TUNGKAL,JAMBI,506,258023,UNKNOWN AFFILIATION,NINGBO CROWN OF CHINA ENERGY CO LTD,CHINA (MAINLAND),#N/A,CHINA (MAINLAND)
2015,470329,SINAR MAS,LONTAR PAPYRUS,KUALA TUNGKAL,JAMBI,462,235762,UNKNOWN AFFILIATION,NINGBO CROWN OF CHINA ENERGY CO LTD,CHINA (MAINLAND),#N/A,CHINA (MAINLAND)
2015,470329,ROYAL GOLDEN EAGLE,TOBA PULP LESTARI,BELAWAN,SUMATERA UTARA,515,275759,ROYAL GOLDEN EAGLE,DP MARKETING INTERNATIONAL,MACAO,#N/A,CHINA (MAINLAND)
2015,470329,ROYAL GOLDEN EAGLE,TOBA PULP LESTARI,BELAWAN,SUMATERA UTARA,514,274849,ROYAL GOLDEN EAGLE,DP MARKETING INTERNATIONAL,MACAO,#N/A,CHINA (MAINLAND)
2015,470329,SINAR MAS,INDAH KIAT,SUNGAI PAKNING,RIAU,4000,2176746,UNKNOWN AFFILIATION,SUZHOU GUANBAO TRADING LTD,CHINA (MAINLAND),#N/A,CHINA (MAINLAND)
2015,470329,ROYAL GOLDEN EAGLE,TOBA PULP LESTARI,BELAWAN,SUMATERA UTARA,442,236386,ROYAL GOLDEN EAGLE,DP MARKETING INTERNATIONAL,MACAO,#N/A,CHINA (MAINLAND)
2015,470329,MARUBENI,TANJUNG ENIM LESTARI,TANJUNG PRIOK,SUMATERA SELATAN,261,156760,MARUBENI,MARUBENI CORP,JAPAN,#N/A,JAPAN
2015,470329,ROYAL GOLDEN EAGLE,APRIL,BUATAN,RIAU,502,251056,ROYAL GOLDEN EAGLE,APEL ENTERPRISES (SINGAPORE) PTE LTD,SINGAPORE,#N/A,INDIA
2015,470329,MARUBENI,TANJUNG ENIM LESTARI,TANJUNG PRIOK,SUMATERA SELATAN,486,269408,MARUBENI,MARUBENI CORP,JAPAN,#N/A,CHINA (MAINLAND)
2015,470329,ROYAL GOLDEN EAGLE,TOBA PULP LESTARI,BELAWAN,SUMATERA UTARA,513,274529,ROYAL GOLDEN EAGLE,DP MARKETING INTERNATIONAL,MACAO,#N/A,CHINA (MAINLAND)
2015,470329,ROYAL GOLDEN EAGLE,APRIL,BUATAN,RIAU,502,251087,ROYAL GOLDEN EAGLE,ALKIRA TRADING (MACAO COMMERCIAL OFFSHORE) LTD,MACAO,#N/A,CHINA (MAINLAND)
2015,470329,ROYAL GOLDEN EAGLE,APRIL,BUATAN,RIAU,5023,2511429,ROYAL GOLDEN EAGLE,AP ENTERPRISES (MACAO) COMMERCIAL OFFSHORE LTD,MACAO,#N/A,BANGLADESH
2015,470329,ROYAL GOLDEN EAGLE,TOBA PULP LESTARI,BELAWAN,SUMATERA UTARA,1001,535681,ROYAL GOLDEN EAGLE,DP MARKETING INTERNATIONAL,MACAO,#N/A,CHINA (MAINLAND)
2015,470329,ROYAL GOLDEN EAGLE,APRIL,BUATAN,RIAU,60,30124,ROYAL GOLDEN EAGLE,APEL ENTERPRISES (SINGAPORE) PTE LTD,SINGAPORE,#N/A,INDIA
2015,470329,MARUBENI,TANJUNG ENIM LESTARI,TANJUNG PRIOK,SUMATERA SELATAN,20,11900,MARUBENI,MARUBENI CORP,JAPAN,#N/A,JAPAN
2015,470329,ROYAL GOLDEN EAGLE,TOBA PULP LESTARI,BELAWAN,SUMATERA UTARA,514,275139,ROYAL GOLDEN EAGLE,DP MARKETING INTERNATIONAL,MACAO,#N/A,CHINA (MAINLAND)
2015,470329,ROYAL GOLDEN EAGLE,TOBA PULP LESTARI,BELAWAN,SUMATERA UTARA,513,274533,ROYAL GOLDEN EAGLE,DP MARKETING INTERNATIONAL,MACAO,#N/A,CHINA (MAINLAND)
2015,470329,SINAR MAS,LONTAR PAPYRUS,KUALA TUNGKAL,JAMBI,1002,518766,SINAR MAS,GOLDEN PROFIT TRADING PTE LTD,SINGAPORE,#N/A,INDIA
2015,470329,SINAR MAS,INDAH KIAT,PERAWANG,RIAU,180,96962,SINAR MAS,GOLDEN PROFIT TRADING PTE LTD,SINGAPORE,#N/A,JAPAN
2015,470329,ROYAL GOLDEN EAGLE,APRIL,BUATAN,RIAU,502,250947,ROYAL GOLDEN EAGLE,APEL ENTERPRISES (SINGAPORE) PTE LTD,SINGAPORE,#N/A,SAUDI ARABIA
2015,470329,ROYAL GOLDEN EAGLE,APRIL,BUATAN,RIAU,502,250850,ROYAL GOLDEN EAGLE,APEL ENTERPRISES (SINGAPORE) PTE LTD,SINGAPORE,#N/A,INDIA
2015,470329,SINAR MAS,LONTAR PAPYRUS,KUALA TUNGKAL,JAMBI,538,291594,UNKNOWN AFFILIATION,SUZHOU GUANBAO TRADING LTD,CHINA (MAINLAND),#N/A,CHINA (MAINLAND)
2015,470329,ROYAL GOLDEN EAGLE,APRIL,BUATAN,RIAU,502,250934,ROYAL GOLDEN EAGLE,APEL ENTERPRISES (SINGAPORE) PTE LTD,SINGAPORE,#N/A,SAUDI ARABIA
2015,470329,ROYAL GOLDEN EAGLE,APRIL,FUTONG,RIAU,7035,3517463,ROYAL GOLDEN EAGLE,AP ENTERPRISES (MACAO) COMMERCIAL OFFSHORE LTD,MACAO,#N/A,SOUTH KOREA
2015,470329,ROYAL GOLDEN EAGLE,APRIL,BUATAN,RIAU,1004,502131,ROYAL GOLDEN EAGLE,ALKIRA TRADING (MACAO COMMERCIAL OFFSHORE) LTD,MACAO,#N/A,CHINA (MAINLAND)
2015,470329,MARUBENI,TANJUNG ENIM LESTARI,PANJANG,SUMATERA SELATAN,965,567969,MARUBENI,MARUBENI CORP,JAPAN,#N/A,CHINA (MAINLAND)
2015,470329,MARUBENI,TANJUNG ENIM LESTARI,PANJANG,SUMATERA SELATAN,484,259382,MARUBENI,MARUBENI CORP,JAPAN,#N/A,INDIA
2015,470329,ROYAL GOLDEN EAGLE,APRIL,BUATAN,RIAU,72,36117,ROYAL GOLDEN EAGLE,ALKIRA TRADING (MACAO COMMERCIAL OFFSHORE) LTD,MACAO,#N/A,TAIWAN
2015,470329,ROYAL GOLDEN EAGLE,APRIL,BUATAN,RIAU,503,251260,ROYAL GOLDEN EAGLE,APEL ENTERPRISES (SINGAPORE) PTE LTD,SINGAPORE,#N/A,INDIA
2015,470329,ROYAL GOLDEN EAGLE,APRIL,BUATAN,RIAU,201,100631,ROYAL GOLDEN EAGLE,APEL ENTERPRISES (SINGAPORE) PTE LTD,SINGAPORE,#N/A,INDIA
2015,470329,MARUBENI,TANJUNG ENIM LESTARI,PANJANG,SUMATERA SELATAN,1496,829969,MARUBENI,MARUBENI CORP,JAPAN,#N/A,CHINA (MAINLAND)
2015,470329,ROYAL GOLDEN EAGLE,APRIL,BUATAN,RIAU,1004,502246,ROYAL GOLDEN EAGLE,ALKIRA TRADING (MACAO COMMERCIAL OFFSHORE) LTD,MACAO,#N/A,CHINA (MAINLAND)
2015,470329,ROYAL GOLDEN EAGLE,APRIL,FUTONG,RIAU,1005,502447,ROYAL GOLDEN EAGLE,APEL ENTERPRISES (SINGAPORE) PTE LTD,SINGAPORE,#N/A,SOUTH KOREA
2015,470329,ROYAL GOLDEN EAGLE,APRIL,FUTONG,RIAU,4119,2059362,ROYAL GOLDEN EAGLE,AP ENTERPRISES (MACAO) COMMERCIAL OFFSHORE LTD,MACAO,#N/A,SOUTH KOREA
2015,470329,SINAR MAS,INDAH KIAT,PERAWANG,RIAU,100,51899,SINAR MAS,GOLDEN PROFIT TRADING PTE LTD,SINGAPORE,#N/A,PHILIPPINES
2015,470329,ROYAL GOLDEN EAGLE,APRIL,BUATAN,RIAU,60,30150,ROYAL GOLDEN EAGLE,APEL ENTERPRISES (SINGAPORE) PTE LTD,SINGAPORE,#N/A,INDIA
2015,470329,ROYAL GOLDEN EAGLE,APRIL,FUTONG,RIAU,3015,1507367,ROYAL GOLDEN EAGLE,AP ENTERPRISES (MACAO) COMMERCIAL OFFSHORE LTD,MACAO,#N/A,SOUTH KOREA
2015,470329,ROYAL GOLDEN EAGLE,APRIL,BUATAN,RIAU,60,30178,ROYAL GOLDEN EAGLE,APEL ENTERPRISES (SINGAPORE) PTE LTD,SINGAPORE,#N/A,INDIA
2015,470329,SINAR MAS,INDAH KIAT,SUNGAI PAKNING,RIAU,7000,3815000,UNKNOWN AFFILIATION,SUZHOU GUANBAO TRADING LTD,CHINA (MAINLAND),#N/A,CHINA (MAINLAND)
2015,470329,ROYAL GOLDEN EAGLE,APRIL,BUATAN,RIAU,60,30193,ROYAL GOLDEN EAGLE,APEL ENTERPRISES (SINGAPORE) PTE LTD,SINGAPORE,#N/A,INDIA
2015,470329,ROYAL GOLDEN EAGLE,APRIL,BUATAN,RIAU,261,130312,ROYAL GOLDEN EAGLE,APEL ENTERPRISES (SINGAPORE) PTE LTD,SINGAPORE,#N/A,INDIA
2015,470329,ROYAL GOLDEN EAGLE,APRIL,FUTONG,RIAU,1004,502247,ROYAL GOLDEN EAGLE,APEL ENTERPRISES (SINGAPORE) PTE LTD,SINGAPORE,#N/A,SOUTH KOREA
2015,470329,SINAR MAS,INDAH KIAT,PERAWANG,RIAU,1000,497068,SINAR MAS,GOLDEN PROFIT TRADING PTE LTD,SINGAPORE,#N/A,VIETNAM
2015,470329,ROYAL GOLDEN EAGLE,TOBA PULP LESTARI,BELAWAN,SUMATERA UTARA,493,263555,ROYAL GOLDEN EAGLE,DP MARKETING INTERNATIONAL,MACAO,#N/A,CHINA (MAINLAND)
2015,470329,ROYAL GOLDEN EAGLE,TOBA PULP LESTARI,BELAWAN,SUMATERA UTARA,493,263585,ROYAL GOLDEN EAGLE,DP MARKETING INTERNATIONAL,MACAO,#N/A,CHINA (MAINLAND)
2015,470329,SINAR MAS,LONTAR PAPYRUS,KUALA TUNGKAL,JAMBI,1001,538113,SINAR MAS,KING PAPER SOURCE TRADING (SHANGHAI) CO LTD,CHINA (MAINLAND),#N/A,BANGLADESH
2015,470329,ROYAL GOLDEN EAGLE,TOBA PULP LESTARI,BELAWAN,SUMATERA UTARA,494,264092,ROYAL GOLDEN EAGLE,DP MARKETING INTERNATIONAL,MACAO,#N/A,CHINA (MAINLAND)
2015,470329,SINAR MAS,LONTAR PAPYRUS,KUALA TUNGKAL,JAMBI,360,186344,SINAR MAS,GOLDEN PROFIT TRADING PTE LTD,SINGAPORE,#N/A,INDIA
2015,470329,ROYAL GOLDEN EAGLE,APRIL,BUATAN,RIAU,100,50208,ROYAL GOLDEN EAGLE,APEL ENTERPRISES (SINGAPORE) PTE LTD,SINGAPORE,#N/A,INDIA
2015,470329,ROYAL GOLDEN EAGLE,APRIL,BUATAN,RIAU,703,351488,ROYAL GOLDEN EAGLE,APEL ENTERPRISES (SINGAPORE) PTE LTD,SINGAPORE,#N/A,INDIA
2015,470329,ROYAL GOLDEN EAGLE,TOBA PULP LESTARI,BELAWAN,SUMATERA UTARA,292,156482,ROYAL GOLDEN EAGLE,DP MARKETING INTERNATIONAL,MACAO,#N/A,CHINA (MAINLAND)
2015,470329,ROYAL GOLDEN EAGLE,APRIL,BUATAN,RIAU,502,250826,ROYAL GOLDEN EAGLE,ALKIRA TRADING (MACAO COMMERCIAL OFFSHORE) LTD,MACAO,#N/A,CHINA (MAINLAND)
2015,470329,ROYAL GOLDEN EAGLE,APRIL,BUATAN,RIAU,1003,501750,ROYAL GOLDEN EAGLE,ALKIRA TRADING (MACAO COMMERCIAL OFFSHORE) LTD,MACAO,#N/A,CHINA (MAINLAND)
2015,470329,ROYAL GOLDEN EAGLE,TOBA PULP LESTARI,BELAWAN,SUMATERA UTARA,249,133407,ROYAL GOLDEN EAGLE,DP MARKETING INTERNATIONAL,MACAO,#N/A,CHINA (MAINLAND)
2015,470329,SINAR MAS,LONTAR PAPYRUS,KUALA TUNGKAL,JAMBI,462,250461,UNKNOWN AFFILIATION,SUZHOU HUANG YI TRADE CO LTD,CHINA (MAINLAND),#N/A,CHINA (MAINLAND)
2015,470329,MARUBENI,TANJUNG ENIM LESTARI,PANJANG,SUMATERA SELATAN,98,55356,MARUBENI,MARUBENI CORP,JAPAN,#N/A,TAIWAN
2015,470329,MARUBENI,TANJUNG ENIM LESTARI,PANJANG,SUMATERA SELATAN,981,551203,MARUBENI,MARUBENI CORP,JAPAN,#N/A,CHINA (MAINLAND)
2015,470329,MARUBENI,TANJUNG ENIM LESTARI,PANJANG,SUMATERA SELATAN,784,453639,MARUBENI,MARUBENI CORP,JAPAN,#N/A,CHINA (MAINLAND)
2015,470329,ROYAL GOLDEN EAGLE,APRIL,BUATAN,RIAU,804,401858,ROYAL GOLDEN EAGLE,APEL ENTERPRISES (SINGAPORE) PTE LTD,SINGAPORE,#N/A,LEBANON
2015,470329,MARUBENI,TANJUNG ENIM LESTARI,PANJANG,SUMATERA SELATAN,98,56567,MARUBENI,MARUBENI CORP,JAPAN,#N/A,TAIWAN
2015,470329,MARUBENI,TANJUNG ENIM LESTARI,PANJANG,SUMATERA SELATAN,197,113629,MARUBENI,MARUBENI CORP,JAPAN,#N/A,TAIWAN
2015,470329,MARUBENI,TANJUNG ENIM LESTARI,PANJANG,SUMATERA SELATAN,196,111569,MARUBENI,MARUBENI CORP,JAPAN,#N/A,SOUTH KOREA
2015,470329,MARUBENI,TANJUNG ENIM LESTARI,PANJANG,SUMATERA SELATAN,391,221229,MARUBENI,MARUBENI CORP,JAPAN,#N/A,TAIWAN
2015,470329,ROYAL GOLDEN EAGLE,TOBA PULP LESTARI,BELAWAN,SUMATERA UTARA,493,263584,ROYAL GOLDEN EAGLE,DP MARKETING INTERNATIONAL,MACAO,#N/A,CHINA (MAINLAND)
2015,470329,MARUBENI,TANJUNG ENIM LESTARI,PANJANG,SUMATERA SELATAN,491,270019,MARUBENI,MARUBENI CORP,JAPAN,#N/A,CHINA (MAINLAND)
2015,470329,MARUBENI,TANJUNG ENIM LESTARI,PANJANG,SUMATERA SELATAN,980,555399,MARUBENI,MARUBENI CORP,JAPAN,#N/A,TAIWAN
2015,470329,MARUBENI,TANJUNG ENIM LESTARI,PANJANG,SUMATERA SELATAN,492,270480,MARUBENI,MARUBENI CORP,JAPAN,#N/A,CHINA (MAINLAND)
2015,470329,ROYAL GOLDEN EAGLE,TOBA PULP LESTARI,BELAWAN,SUMATERA UTARA,990,529400,ROYAL GOLDEN EAGLE,DP MARKETING INTERNATIONAL,MACAO,#N/A,CHINA (MAINLAND)
2015,470329,ROYAL GOLDEN EAGLE,APRIL,BUATAN,RIAU,496,247970,ROYAL GOLDEN EAGLE,APEL ENTERPRISES (SINGAPORE) PTE LTD,SINGAPORE,#N/A,LEBANON
2015,470329,MARUBENI,TANJUNG ENIM LESTARI,PANJANG,SUMATERA SELATAN,98,55541,MARUBENI,MARUBENI CORP,JAPAN,#N/A,TAIWAN
2015,470329,MARUBENI,TANJUNG ENIM LESTARI,PANJANG,SUMATERA SELATAN,980,567223,MARUBENI,MARUBENI CORP,JAPAN,#N/A,SOUTH KOREA
2015,470329,ROYAL GOLDEN EAGLE,APRIL,BUATAN,RIAU,40,20075,ROYAL GOLDEN EAGLE,APEL ENTERPRISES (SINGAPORE) PTE LTD,SINGAPORE,#N/A,INDIA
2015,470329,MARUBENI,TANJUNG ENIM LESTARI,PANJANG,SUMATERA SELATAN,2939,1580836,MARUBENI,MARUBENI CORP,JAPAN,#N/A,CHINA (MAINLAND)
2015,470329,MARUBENI,TANJUNG ENIM LESTARI,PANJANG,SUMATERA SELATAN,785,447602,MARUBENI,MARUBENI CORP,JAPAN,#N/A,SOUTH KOREA
2015,470329,MARUBENI,TANJUNG ENIM LESTARI,PANJANG,SUMATERA SELATAN,489,283072,MARUBENI,MARUBENI CORP,JAPAN,#N/A,SOUTH KOREA
2015,470329,ROYAL GOLDEN EAGLE,APRIL,BUATAN,RIAU,502,251178,ROYAL GOLDEN EAGLE,APEL ENTERPRISES (SINGAPORE) PTE LTD,SINGAPORE,#N/A,INDIA
2015,470329,SINAR MAS,LONTAR PAPYRUS,KUALA TUNGKAL,JAMBI,540,278850,SINAR MAS,GOLDEN PROFIT TRADING PTE LTD,SINGAPORE,#N/A,INDIA
2015,470329,ROYAL GOLDEN EAGLE,APRIL,BUATAN,RIAU,502,250867,ROYAL GOLDEN EAGLE,APEL ENTERPRISES (SINGAPORE) PTE LTD,SINGAPORE,#N/A,SAUDI ARABIA
2015,470329,ROYAL GOLDEN EAGLE,APRIL,BUATAN,RIAU,502,251019,ROYAL GOLDEN EAGLE,APEL ENTERPRISES (SINGAPORE) PTE LTD,SINGAPORE,#N/A,SAUDI ARABIA
2015,470329,SINAR MAS,LONTAR PAPYRUS,KUALA TUNGKAL,JAMBI,602,310938,SINAR MAS,GOLDEN PROFIT TRADING PTE LTD,SINGAPORE,#N/A,INDIA
2015,470329,SINAR MAS,LONTAR PAPYRUS,KUALA TUNGKAL,JAMBI,459,248964,UNKNOWN AFFILIATION,SUZHOU GUANBAO TRADING LTD,CHINA (MAINLAND),#N/A,CHINA (MAINLAND)
2015,470329,ROYAL GOLDEN EAGLE,APRIL,BUATAN,RIAU,502,250988,ROYAL GOLDEN EAGLE,AP ENTERPRISES (MACAO) COMMERCIAL OFFSHORE LTD,MACAO,#N/A,BANGLADESH
2015,470329,MARUBENI,TANJUNG ENIM LESTARI,PANJANG,SUMATERA SELATAN,1500,860626,MARUBENI,MARUBENI CORP,JAPAN,#N/A,JAPAN
2015,470329,MARUBENI,TANJUNG ENIM LESTARI,PANJANG,SUMATERA SELATAN,50,30200,MARUBENI,MARUBENI CORP,JAPAN,#N/A,JAPAN
2015,470329,MARUBENI,TANJUNG ENIM LESTARI,PANJANG,SUMATERA SELATAN,1961,1130729,MARUBENI,MARUBENI CORP,JAPAN,#N/A,SOUTH KOREA
2015,470329,MARUBENI,TANJUNG ENIM LESTARI,PANJANG,SUMATERA SELATAN,50,29275,MARUBENI,MARUBENI CORP,JAPAN,#N/A,JAPAN
2015,470329,MARUBENI,TANJUNG ENIM LESTARI,PANJANG,SUMATERA SELATAN,400,233531,MARUBENI,MARUBENI CORP,JAPAN,#N/A,JAPAN
2015,470329,MARUBENI,TANJUNG ENIM LESTARI,PANJANG,SUMATERA SELATAN,981,556111,MARUBENI,MARUBENI CORP,JAPAN,#N/A,SOUTH KOREA
2015,470329,MARUBENI,TANJUNG ENIM LESTARI,PANJANG,SUMATERA SELATAN,120,69763,MARUBENI,MARUBENI CORP,JAPAN,#N/A,JAPAN
2015,470329,MARUBENI,TANJUNG ENIM LESTARI,PANJANG,SUMATERA SELATAN,800,458700,MARUBENI,MARUBENI CORP,JAPAN,#N/A,JAPAN
2015,470329,MARUBENI,TANJUNG ENIM LESTARI,PANJANG,SUMATERA SELATAN,200,113000,MARUBENI,MARUBENI CORP,JAPAN,#N/A,JAPAN
2015,470329,MARUBENI,TANJUNG ENIM LESTARI,PANJANG,SUMATERA SELATAN,1962,1110456,MARUBENI,MARUBENI CORP,JAPAN,#N/A,CHINA (MAINLAND)
2015,470329,ROYAL GOLDEN EAGLE,APRIL,BUATAN,RIAU,1006,502801,ROYAL GOLDEN EAGLE,ALKIRA TRADING (MACAO COMMERCIAL OFFSHORE) LTD,MACAO,#N/A,CHINA (MAINLAND)
2015,470329,ROYAL GOLDEN EAGLE,APRIL,BUATAN,RIAU,502,250912,ROYAL GOLDEN EAGLE,APEL ENTERPRISES (SINGAPORE) PTE LTD,SINGAPORE,#N/A,INDIA
2015,470329,ROYAL GOLDEN EAGLE,APRIL,FUTONG,RIAU,2989,1494487,ROYAL GOLDEN EAGLE,ALKIRA TRADING (MACAO COMMERCIAL OFFSHORE) LTD,MACAO,#N/A,CHINA (MAINLAND)
2015,470329,ROYAL GOLDEN EAGLE,APRIL,FUTONG,RIAU,4216,2108130,ROYAL GOLDEN EAGLE,ALKIRA TRADING (MACAO COMMERCIAL OFFSHORE) LTD,MACAO,#N/A,CHINA (MAINLAND)
2015,470329,MARUBENI,TANJUNG ENIM LESTARI,TANJUNG PRIOK,SUMATERA SELATAN,963,558294,MARUBENI,MARUBENI CORP,JAPAN,#N/A,CHINA (MAINLAND)
2015,470329,ROYAL GOLDEN EAGLE,APRIL,FUTONG,RIAU,3994,1994236,ROYAL GOLDEN EAGLE,ALKIRA TRADING (MACAO COMMERCIAL OFFSHORE) LTD,MACAO,#N/A,CHINA (MAINLAND)
2015,470329,MARUBENI,TANJUNG ENIM LESTARI,TANJUNG PRIOK,SUMATERA SELATAN,241,144754,MARUBENI,MARUBENI CORP,JAPAN,#N/A,JAPAN
2015,470329,ROYAL GOLDEN EAGLE,APRIL,BUATAN,RIAU,1488,744224,ROYAL GOLDEN EAGLE,APEL ENTERPRISES (SINGAPORE) PTE LTD,SINGAPORE,#N/A,EGYPT
2015,470329,ROYAL GOLDEN EAGLE,TOBA PULP LESTARI,BELAWAN,SUMATERA UTARA,494,264111,ROYAL GOLDEN EAGLE,DP MARKETING INTERNATIONAL,MACAO,#N/A,CHINA (MAINLAND)
2015,470329,ROYAL GOLDEN EAGLE,TOBA PULP LESTARI,BELAWAN,SUMATERA UTARA,493,263986,ROYAL GOLDEN EAGLE,DP MARKETING INTERNATIONAL,MACAO,#N/A,CHINA (MAINLAND)
2015,470329,ROYAL GOLDEN EAGLE,APRIL,BUATAN,RIAU,402,201149,ROYAL GOLDEN EAGLE,AP ENTERPRISES (MACAO) COMMERCIAL OFFSHORE LTD,MACAO,#N/A,BANGLADESH
2015,470329,ROYAL GOLDEN EAGLE,APRIL,FUTONG,RIAU,503,251285,ROYAL GOLDEN EAGLE,APEL ENTERPRISES (SINGAPORE) PTE LTD,SINGAPORE,#N/A,CHINA (MAINLAND)
2015,470329,ROYAL GOLDEN EAGLE,APRIL,FUTONG,RIAU,4019,2009674,ROYAL GOLDEN EAGLE,ALKIRA TRADING (MACAO COMMERCIAL OFFSHORE) LTD,MACAO,#N/A,CHINA (MAINLAND)
2015,470329,SINAR MAS,INDAH KIAT,PERAWANG,RIAU,500,257140,SINAR MAS,GOLDEN PROFIT TRADING PTE LTD,SINGAPORE,#N/A,PAKISTAN
2015,470329,ROYAL GOLDEN EAGLE,APRIL,FUTONG,RIAU,3519,1759514,ROYAL GOLDEN EAGLE,ALKIRA TRADING (MACAO COMMERCIAL OFFSHORE) LTD,MACAO,#N/A,CHINA (MAINLAND)
2015,470329,ROYAL GOLDEN EAGLE,APRIL,BUATAN,RIAU,402,200756,ROYAL GOLDEN EAGLE,ALKIRA TRADING (MACAO COMMERCIAL OFFSHORE) LTD,MACAO,#N/A,CHINA (MAINLAND)
2015,470329,MARUBENI,TANJUNG ENIM LESTARI,PANJANG,SUMATERA SELATAN,482,258418,MARUBENI,MARUBENI CORP,JAPAN,#N/A,INDIA
2015,470329,SINAR MAS,INDAH KIAT,PERAWANG,RIAU,240,126993,UNKNOWN AFFILIATION,SUZHOU HUANG YI TRADE CO LTD,CHINA (MAINLAND),#N/A,CHINA (MAINLAND)
2015,470329,ROYAL GOLDEN EAGLE,APRIL,BUATAN,RIAU,503,251394,ROYAL GOLDEN EAGLE,AP ENTERPRISES (MACAO) COMMERCIAL OFFSHORE LTD,MACAO,#N/A,BANGLADESH
2015,470329,SINAR MAS,INDAH KIAT,PERAWANG,RIAU,760,402144,UNKNOWN AFFILIATION,SUZHOU HUANG YI TRADE CO LTD,CHINA (MAINLAND),#N/A,CHINA (MAINLAND)
2015,470329,ROYAL GOLDEN EAGLE,TOBA PULP LESTARI,BELAWAN,SUMATERA UTARA,493,263813,ROYAL GOLDEN EAGLE,DP MARKETING INTERNATIONAL,MACAO,#N/A,CHINA (MAINLAND)
2015,470329,SINAR MAS,LONTAR PAPYRUS,KUALA TUNGKAL,JAMBI,200,107561,UNKNOWN AFFILIATION,SUZHOU HUANG YI TRADE CO LTD,CHINA (MAINLAND),#N/A,CHINA (MAINLAND)
2015,470329,MARUBENI,TANJUNG ENIM LESTARI,PANJANG,SUMATERA SELATAN,484,270632,MARUBENI,MARUBENI CORP,JAPAN,#N/A,INDIA
2015,470329,SINAR MAS,INDAH KIAT,SUNGAI PAKNING,RIAU,5500,2990276,UNKNOWN AFFILIATION,SUZHOU HUANG YI TRADE CO LTD,CHINA (MAINLAND),#N/A,CHINA (MAINLAND)
2015,470329,SINAR MAS,LONTAR PAPYRUS,KUALA TUNGKAL,JAMBI,1339,720835,UNKNOWN AFFILIATION,SUZHOU HUANG YI TRADE CO LTD,CHINA (MAINLAND),#N/A,CHINA (MAINLAND)
2015,470329,SINAR MAS,LONTAR PAPYRUS,KUALA TUNGKAL,JAMBI,240,126449,SINAR MAS,GOLDEN PROFIT TRADING PTE LTD,SINGAPORE,#N/A,INDIA
2015,470329,MARUBENI,TANJUNG ENIM LESTARI,PANJANG,SUMATERA SELATAN,199,116163,MARUBENI,MARUBENI CORP,JAPAN,#N/A,THAILAND
2015,470329,ROYAL GOLDEN EAGLE,TOBA PULP LESTARI,BELAWAN,SUMATERA UTARA,493,263909,ROYAL GOLDEN EAGLE,DP MARKETING INTERNATIONAL,MACAO,#N/A,CHINA (MAINLAND)
2015,470329,ROYAL GOLDEN EAGLE,TOBA PULP LESTARI,BELAWAN,SUMATERA UTARA,494,264071,ROYAL GOLDEN EAGLE,DP MARKETING INTERNATIONAL,MACAO,#N/A,CHINA (MAINLAND)
2015,470329,ROYAL GOLDEN EAGLE,TOBA PULP LESTARI,BELAWAN,SUMATERA UTARA,493,264001,ROYAL GOLDEN EAGLE,DP MARKETING INTERNATIONAL,MACAO,#N/A,CHINA (MAINLAND)
2015,470329,SINAR MAS,INDAH KIAT,SUNGAI PAKNING,RIAU,3500,1902903,UNKNOWN AFFILIATION,SUZHOU HUANG YI TRADE CO LTD,CHINA (MAINLAND),#N/A,CHINA (MAINLAND)
2015,470329,MARUBENI,TANJUNG ENIM LESTARI,PANJANG,SUMATERA SELATAN,483,280340,MARUBENI,MARUBENI CORP,JAPAN,#N/A,CHINA (MAINLAND)
2015,470329,MARUBENI,TANJUNG ENIM LESTARI,PANJANG,SUMATERA SELATAN,481,278678,MARUBENI,MARUBENI CORP,JAPAN,#N/A,THAILAND
2015,470329,MARUBENI,TANJUNG ENIM LESTARI,PANJANG,SUMATERA SELATAN,242,140425,MARUBENI,MARUBENI CORP,JAPAN,#N/A,MALAYSIA
2015,470329,ROYAL GOLDEN EAGLE,APRIL,BUATAN,RIAU,141,70281,ROYAL GOLDEN EAGLE,APEL ENTERPRISES (SINGAPORE) PTE LTD,SINGAPORE,#N/A,INDIA
2015,470329,ROYAL GOLDEN EAGLE,TOBA PULP LESTARI,BELAWAN,SUMATERA UTARA,493,263773,ROYAL GOLDEN EAGLE,DP MARKETING INTERNATIONAL,MACAO,#N/A,CHINA (MAINLAND)
2015,470329,SINAR MAS,LONTAR PAPYRUS,KUALA TUNGKAL,JAMBI,999,527406,UNKNOWN AFFILIATION,SUZHOU HUANG YI TRADE CO LTD,CHINA (MAINLAND),#N/A,CHINA (MAINLAND)
2015,470329,MARUBENI,TANJUNG ENIM LESTARI,PANJANG,SUMATERA SELATAN,110,62030,MARUBENI,MARUBENI CORP,JAPAN,#N/A,INDIA
2015,470329,ROYAL GOLDEN EAGLE,APRIL,BUATAN,RIAU,1104,552120,ROYAL GOLDEN EAGLE,ALKIRA TRADING (MACAO COMMERCIAL OFFSHORE) LTD,MACAO,#N/A,CHINA (MAINLAND)
2015,470329,ROYAL GOLDEN EAGLE,APRIL,BUATAN,RIAU,100,50214,ROYAL GOLDEN EAGLE,APEL ENTERPRISES (SINGAPORE) PTE LTD,SINGAPORE,#N/A,INDIA
2015,470329,MARUBENI,TANJUNG ENIM LESTARI,PANJANG,SUMATERA SELATAN,109,61967,MARUBENI,MARUBENI CORP,JAPAN,#N/A,INDIA
2015,470329,ROYAL GOLDEN EAGLE,APRIL,BUATAN,RIAU,241,120571,ROYAL GOLDEN EAGLE,APEL ENTERPRISES (SINGAPORE) PTE LTD,SINGAPORE,#N/A,INDIA
2015,470329,ROYAL GOLDEN EAGLE,APRIL,FUTONG,RIAU,1105,552420,ROYAL GOLDEN EAGLE,APEL ENTERPRISES (SINGAPORE) PTE LTD,SINGAPORE,#N/A,SOUTH KOREA
2015,470329,ROYAL GOLDEN EAGLE,APRIL,FUTONG,RIAU,12858,6428758,ROYAL GOLDEN EAGLE,AP ENTERPRISES (MACAO) COMMERCIAL OFFSHORE LTD,MACAO,#N/A,SOUTH KOREA
2015,470329,ROYAL GOLDEN EAGLE,TOBA PULP LESTARI,BELAWAN,SUMATERA UTARA,986,527615,ROYAL GOLDEN EAGLE,DP MARKETING INTERNATIONAL,MACAO,#N/A,CHINA (MAINLAND)
2015,470329,ROYAL GOLDEN EAGLE,TOBA PULP LESTARI,BELAWAN,SUMATERA UTARA,494,264129,ROYAL GOLDEN EAGLE,DP MARKETING INTERNATIONAL,MACAO,#N/A,CHINA (MAINLAND)
2015,470329,ROYAL GOLDEN EAGLE,APRIL,BUATAN,RIAU,502,251072,ROYAL GOLDEN EAGLE,ALKIRA TRADING (MACAO COMMERCIAL OFFSHORE) LTD,MACAO,#N/A,CHINA (MAINLAND)
2015,470329,ROYAL GOLDEN EAGLE,APRIL,BUATAN,RIAU,1005,502392,ROYAL GOLDEN EAGLE,ALKIRA TRADING (MACAO COMMERCIAL OFFSHORE) LTD,MACAO,#N/A,CHINA (MAINLAND)
2015,470329,SINAR MAS,LONTAR PAPYRUS,KUALA TUNGKAL,JAMBI,110,59693,UNKNOWN AFFILIATION,SUZHOU HUANG YI TRADE CO LTD,CHINA (MAINLAND),#N/A,CHINA (MAINLAND)
2015,470329,SINAR MAS,LONTAR PAPYRUS,KUALA TUNGKAL,JAMBI,100,54356,UNKNOWN AFFILIATION,SUZHOU HUANG YI TRADE CO LTD,CHINA (MAINLAND),#N/A,CHINA (MAINLAND)
2015,470329,SINAR MAS,LONTAR PAPYRUS,KUALA TUNGKAL,JAMBI,500,256160,SINAR MAS,GOLDEN PROFIT TRADING PTE LTD,SINGAPORE,#N/A,INDIA
2015,470329,SINAR MAS,LONTAR PAPYRUS,KUALA TUNGKAL,JAMBI,500,256397,SINAR MAS,GOLDEN PROFIT TRADING PTE LTD,SINGAPORE,#N/A,INDIA
2015,470329,ROYAL GOLDEN EAGLE,APRIL,FUTONG,RIAU,1104,552184,ROYAL GOLDEN EAGLE,AP ENTERPRISES (MACAO) COMMERCIAL OFFSHORE LTD,MACAO,#N/A,SOUTH KOREA
2015,470329,SINAR MAS,LONTAR PAPYRUS,KUALA TUNGKAL,JAMBI,1779,963389,UNKNOWN AFFILIATION,SUZHOU HUANG YI TRADE CO LTD,CHINA (MAINLAND),#N/A,CHINA (MAINLAND)
2015,470329,ROYAL GOLDEN EAGLE,TOBA PULP LESTARI,BELAWAN,SUMATERA UTARA,494,264100,ROYAL GOLDEN EAGLE,DP MARKETING INTERNATIONAL,MACAO,#N/A,CHINA (MAINLAND)
2015,470329,ROYAL GOLDEN EAGLE,APRIL,BUATAN,RIAU,602,301199,ROYAL GOLDEN EAGLE,APEL ENTERPRISES (SINGAPORE) PTE LTD,SINGAPORE,#N/A,UNITED ARAB EMIRATES
2015,470329,SINAR MAS,INDAH KIAT,SUNGAI PAKNING,RIAU,8500,4645250,UNKNOWN AFFILIATION,NINGBO CROWN OF CHINA ENERGY CO LTD,CHINA (MAINLAND),#N/A,CHINA (MAINLAND)
2015,470329,SINAR MAS,INDAH KIAT,SUNGAI PAKNING,RIAU,2000,1086873,UNKNOWN AFFILIATION,SUZHOU HUANG YI TRADE CO LTD,CHINA (MAINLAND),#N/A,CHINA (MAINLAND)
2015,470329,SINAR MAS,INDAH KIAT,SUNGAI PAKNING,RIAU,2000,1093000,UNKNOWN AFFILIATION,SUZHOU HUANG YI TRADE CO LTD,CHINA (MAINLAND),#N/A,CHINA (MAINLAND)
2015,470329,ROYAL GOLDEN EAGLE,APRIL,BUATAN,RIAU,1004,501938,ROYAL GOLDEN EAGLE,ALKIRA TRADING (MACAO COMMERCIAL OFFSHORE) LTD,MACAO,#N/A,CHINA (MAINLAND)
2015,470329,ROYAL GOLDEN EAGLE,APRIL,BUATAN,RIAU,502,251006,ROYAL GOLDEN EAGLE,ALKIRA TRADING (MACAO COMMERCIAL OFFSHORE) LTD,MACAO,#N/A,CHINA (MAINLAND)
2015,470329,SINAR MAS,INDAH KIAT,SUNGAI PAKNING,RIAU,1500,815625,SINAR MAS,GOLDEN PROFIT TRADING PTE LTD,SINGAPORE,#N/A,VIETNAM
2015,470329,SINAR MAS,INDAH KIAT,SUNGAI PAKNING,RIAU,2300,1249904,UNKNOWN AFFILIATION,SUZHOU GUANBAO TRADING LTD,CHINA (MAINLAND),#N/A,CHINA (MAINLAND)
2015,470329,ROYAL GOLDEN EAGLE,APRIL,BUATAN,RIAU,1005,502267,ROYAL GOLDEN EAGLE,ALKIRA TRADING (MACAO COMMERCIAL OFFSHORE) LTD,MACAO,#N/A,CHINA (MAINLAND)
2015,470329,ROYAL GOLDEN EAGLE,APRIL,BUATAN,RIAU,301,150732,ROYAL GOLDEN EAGLE,APEL ENTERPRISES (SINGAPORE) PTE LTD,SINGAPORE,#N/A,PHILIPPINES
2015,470329,ROYAL GOLDEN EAGLE,APRIL,BUATAN,RIAU,502,250950,ROYAL GOLDEN EAGLE,AP ENTERPRISES (MACAO) COMMERCIAL OFFSHORE LTD,MACAO,#N/A,BANGLADESH
2015,470329,SINAR MAS,INDAH KIAT,PERAWANG,RIAU,18,9671,SINAR MAS,GOLDEN PROFIT TRADING PTE LTD,SINGAPORE,#N/A,JAPAN
2015,470329,SINAR MAS,INDAH KIAT,PERAWANG,RIAU,100,52169,SINAR MAS,GOLDEN PROFIT TRADING PTE LTD,SINGAPORE,#N/A,PHILIPPINES
2015,470329,ROYAL GOLDEN EAGLE,APRIL,BUATAN,RIAU,502,251057,ROYAL GOLDEN EAGLE,ALKIRA TRADING (MACAO COMMERCIAL OFFSHORE) LTD,MACAO,#N/A,CHINA (MAINLAND)
2015,470329,ROYAL GOLDEN EAGLE,APRIL,BUATAN,RIAU,402,200975,ROYAL GOLDEN EAGLE,AP ENTERPRISES (MACAO) COMMERCIAL OFFSHORE LTD,MACAO,#N/A,BANGLADESH
2015,470329,SINAR MAS,INDAH KIAT,PERAWANG,RIAU,500,277221,UNKNOWN AFFILIATION,SUZHOU HUANG YI TRADE CO LTD,CHINA (MAINLAND),#N/A,CHINA (MAINLAND)
2015,470329,ROYAL GOLDEN EAGLE,APRIL,BUATAN,RIAU,342,170760,ROYAL GOLDEN EAGLE,ALKIRA TRADING (MACAO COMMERCIAL OFFSHORE) LTD,MACAO,#N/A,CHINA (MAINLAND)
2015,470329,MARUBENI,TANJUNG ENIM LESTARI,PANJANG,SUMATERA SELATAN,507,283204,MARUBENI,MARUBENI CORP,JAPAN,#N/A,INDIA
2015,470329,ROYAL GOLDEN EAGLE,APRIL,BUATAN,RIAU,502,250990,ROYAL GOLDEN EAGLE,ALKIRA TRADING (MACAO COMMERCIAL OFFSHORE) LTD,MACAO,#N/A,CHINA (MAINLAND)
2015,470329,SINAR MAS,INDAH KIAT,PERAWANG,RIAU,306,166575,SINAR MAS,GOLDEN PROFIT TRADING PTE LTD,SINGAPORE,#N/A,JAPAN
2015,470329,ROYAL GOLDEN EAGLE,APRIL,BUATAN,RIAU,100,50177,ROYAL GOLDEN EAGLE,AP ENTERPRISES (MACAO) COMMERCIAL OFFSHORE LTD,MACAO,#N/A,BANGLADESH
2015,470329,ROYAL GOLDEN EAGLE,APRIL,BUATAN,RIAU,1004,502082,ROYAL GOLDEN EAGLE,ALKIRA TRADING (MACAO COMMERCIAL OFFSHORE) LTD,MACAO,#N/A,CHINA (MAINLAND)
2015,470329,ROYAL GOLDEN EAGLE,APRIL,BUATAN,RIAU,502,250966,ROYAL GOLDEN EAGLE,ALKIRA TRADING (MACAO COMMERCIAL OFFSHORE) LTD,MACAO,#N/A,CHINA (MAINLAND)
2015,470329,ROYAL GOLDEN EAGLE,APRIL,BUATAN,RIAU,502,250906,ROYAL GOLDEN EAGLE,ALKIRA TRADING (MACAO COMMERCIAL OFFSHORE) LTD,MACAO,#N/A,CHINA (MAINLAND)
2015,470329,ROYAL GOLDEN EAGLE,APRIL,BUATAN,RIAU,1004,502016,ROYAL GOLDEN EAGLE,ALKIRA TRADING (MACAO COMMERCIAL OFFSHORE) LTD,MACAO,#N/A,CHINA (MAINLAND)
2015,470329,SINAR MAS,LONTAR PAPYRUS,KUALA TUNGKAL,JAMBI,458,247235,UNKNOWN AFFILIATION,SUZHOU GUANBAO TRADING LTD,CHINA (MAINLAND),#N/A,CHINA (MAINLAND)
2015,470329,ROYAL GOLDEN EAGLE,APRIL,BUATAN,RIAU,40,20112,ROYAL GOLDEN EAGLE,AP ENTERPRISES (MACAO) COMMERCIAL OFFSHORE LTD,MACAO,#N/A,BANGLADESH
2015,470329,SINAR MAS,LONTAR PAPYRUS,KUALA TUNGKAL,JAMBI,259,133638,SINAR MAS,GOLDEN PROFIT TRADING PTE LTD,SINGAPORE,#N/A,PAKISTAN
2015,470329,SINAR MAS,INDAH KIAT,PERAWANG,RIAU,200,108798,SINAR MAS,KING PAPER SOURCE TRADING (SHANGHAI) CO LTD,CHINA (MAINLAND),#N/A,TURKEY
2015,470329,SINAR MAS,LONTAR PAPYRUS,KUALA TUNGKAL,JAMBI,1529,825096,UNKNOWN AFFILIATION,SUZHOU GUANBAO TRADING LTD,CHINA (MAINLAND),#N/A,CHINA (MAINLAND)
2015,470329,SINAR MAS,LONTAR PAPYRUS,KUALA TUNGKAL,JAMBI,239,123137,SINAR MAS,GOLDEN PROFIT TRADING PTE LTD,SINGAPORE,#N/A,PAKISTAN
2015,470329,SINAR MAS,INDAH KIAT,PERAWANG,RIAU,288,144960,SINAR MAS,GOLDEN PROFIT TRADING PTE LTD,SINGAPORE,#N/A,JAPAN
2015,470329,ROYAL GOLDEN EAGLE,APRIL,BUATAN,RIAU,502,251017,ROYAL GOLDEN EAGLE,ALKIRA TRADING (MACAO COMMERCIAL OFFSHORE) LTD,MACAO,#N/A,CHINA (MAINLAND)
2015,470329,SINAR MAS,LONTAR PAPYRUS,KUALA TUNGKAL,JAMBI,815,423675,UNKNOWN AFFILIATION,SUZHOU HUANG YI TRADE CO LTD,CHINA (MAINLAND),#N/A,CHINA (MAINLAND)
2015,470329,SINAR MAS,LONTAR PAPYRUS,KUALA TUNGKAL,JAMBI,1548,838989,SINAR MAS,KING PAPER SOURCE TRADING (SHANGHAI) CO LTD,CHINA (MAINLAND),#N/A,CHINA (MAINLAND)
2015,470329,SINAR MAS,LONTAR PAPYRUS,KUALA TUNGKAL,JAMBI,998,530761,UNKNOWN AFFILIATION,SUZHOU GUANBAO TRADING LTD,CHINA (MAINLAND),#N/A,CHINA (MAINLAND)
2015,470329,SINAR MAS,LONTAR PAPYRUS,KUALA TUNGKAL,JAMBI,501,264772,SINAR MAS,GOLDEN PROFIT TRADING PTE LTD,SINGAPORE,#N/A,INDIA
2015,470329,MARUBENI,TANJUNG ENIM LESTARI,PANJANG,SUMATERA SELATAN,508,283831,MARUBENI,MARUBENI CORP,JAPAN,#N/A,CHINA (MAINLAND)
2015,470329,ROYAL GOLDEN EAGLE,APRIL,BUATAN,RIAU,402,200894,ROYAL GOLDEN EAGLE,AP ENTERPRISES (MACAO) COMMERCIAL OFFSHORE LTD,MACAO,#N/A,BANGLADESH
2015,470329,SINAR MAS,LONTAR PAPYRUS,KUALA TUNGKAL,JAMBI,401,211789,SINAR MAS,GOLDEN PROFIT TRADING PTE LTD,SINGAPORE,#N/A,INDIA
2015,470329,ROYAL GOLDEN EAGLE,APRIL,BUATAN,RIAU,1005,502293,ROYAL GOLDEN EAGLE,ALKIRA TRADING (MACAO COMMERCIAL OFFSHORE) LTD,MACAO,#N/A,CHINA (MAINLAND)
2015,470329,ROYAL GOLDEN EAGLE,APRIL,BUATAN,RIAU,98,49161,ROYAL GOLDEN EAGLE,AP ENTERPRISES (MACAO) COMMERCIAL OFFSHORE LTD,MACAO,#N/A,BANGLADESH
2015,470329,SINAR MAS,LONTAR PAPYRUS,KUALA TUNGKAL,JAMBI,238,126772,SINAR MAS,GOLDEN PROFIT TRADING PTE LTD,SINGAPORE,#N/A,INDIA
2015,470329,SINAR MAS,INDAH KIAT,SUNGAI PAKNING,RIAU,3500,1910125,UNKNOWN AFFILIATION,SUZHOU HUANG YI TRADE CO LTD,CHINA (MAINLAND),#N/A,CHINA (MAINLAND)
2015,470329,SINAR MAS,INDAH KIAT,SUNGAI PAKNING,RIAU,600,327450,UNKNOWN AFFILIATION,SUZHOU GUANBAO TRADING LTD,CHINA (MAINLAND),#N/A,CHINA (MAINLAND)
2015,470329,ROYAL GOLDEN EAGLE,APRIL,BUATAN,RIAU,201,100412,ROYAL GOLDEN EAGLE,APEL ENTERPRISES (SINGAPORE) PTE LTD,SINGAPORE,#N/A,INDIA
2015,470329,SINAR MAS,INDAH KIAT,SUNGAI PAKNING,RIAU,3000,1637250,UNKNOWN AFFILIATION,SUZHOU GUANBAO TRADING LTD,CHINA (MAINLAND),#N/A,CHINA (MAINLAND)
2015,470329,SINAR MAS,INDAH KIAT,SUNGAI PAKNING,RIAU,2500,1364375,UNKNOWN AFFILIATION,SUZHOU GUANBAO TRADING LTD,CHINA (MAINLAND),#N/A,CHINA (MAINLAND)
2015,470329,SINAR MAS,INDAH KIAT,SUNGAI PAKNING,RIAU,3000,1632000,SINAR MAS,GOLDEN PROFIT TRADING PTE LTD,SINGAPORE,#N/A,SOUTH KOREA
2015,470329,SINAR MAS,INDAH KIAT,SUNGAI PAKNING,RIAU,2900,1584850,SINAR MAS,KING PAPER SOURCE TRADING (SHANGHAI) CO LTD,CHINA (MAINLAND),#N/A,CHINA (MAINLAND)
2015,470329,SINAR MAS,INDAH KIAT,SUNGAI PAKNING,RIAU,600,326400,SINAR MAS,GOLDEN PROFIT TRADING PTE LTD,SINGAPORE,#N/A,SOUTH KOREA
2015,470329,SINAR MAS,INDAH KIAT,SUNGAI PAKNING,RIAU,4000,2176000,SINAR MAS,GOLDEN PROFIT TRADING PTE LTD,SINGAPORE,#N/A,SOUTH KOREA
2015,470329,ROYAL GOLDEN EAGLE,APRIL,BUATAN,RIAU,100,50194,ROYAL GOLDEN EAGLE,APEL ENTERPRISES (SINGAPORE) PTE LTD,SINGAPORE,#N/A,THAILAND
2015,470329,SINAR MAS,LONTAR PAPYRUS,KUALA TUNGKAL,JAMBI,340,184252,SINAR MAS,KING PAPER SOURCE TRADING (SHANGHAI) CO LTD,CHINA (MAINLAND),#N/A,CHINA (MAINLAND)
2015,470329,ROYAL GOLDEN EAGLE,APRIL,BUATAN,RIAU,261,130528,ROYAL GOLDEN EAGLE,APEL ENTERPRISES (SINGAPORE) PTE LTD,SINGAPORE,#N/A,PHILIPPINES
2015,470329,ROYAL GOLDEN EAGLE,APRIL,BUATAN,RIAU,496,248140,ROYAL GOLDEN EAGLE,APEL ENTERPRISES (SINGAPORE) PTE LTD,SINGAPORE,#N/A,IRAN
2015,470329,ROYAL GOLDEN EAGLE,APRIL,BUATAN,RIAU,1005,502506,ROYAL GOLDEN EAGLE,ALKIRA TRADING (MACAO COMMERCIAL OFFSHORE) LTD,MACAO,#N/A,CHINA (MAINLAND)
2015,470329,ROYAL GOLDEN EAGLE,APRIL,BUATAN,RIAU,664,331771,ROYAL GOLDEN EAGLE,ALKIRA TRADING (MACAO COMMERCIAL OFFSHORE) LTD,MACAO,#N/A,CHINA (MAINLAND)
2015,470329,ROYAL GOLDEN EAGLE,APRIL,BUATAN,RIAU,40,20084,ROYAL GOLDEN EAGLE,APEL ENTERPRISES (SINGAPORE) PTE LTD,SINGAPORE,#N/A,INDIA
2015,470329,ROYAL GOLDEN EAGLE,APRIL,BUATAN,RIAU,502,251146,ROYAL GOLDEN EAGLE,AP ENTERPRISES (MACAO) COMMERCIAL OFFSHORE LTD,MACAO,#N/A,BANGLADESH
2015,470329,ROYAL GOLDEN EAGLE,APRIL,FUTONG,RIAU,5222,2611036,ROYAL GOLDEN EAGLE,ALKIRA TRADING (MACAO COMMERCIAL OFFSHORE) LTD,MACAO,#N/A,CHINA (MAINLAND)
2015,470329,SINAR MAS,LONTAR PAPYRUS,KUALA TUNGKAL,JAMBI,539,296532,UNKNOWN AFFILIATION,NINGBO CROWN OF CHINA ENERGY CO LTD,CHINA (MAINLAND),#N/A,CHINA (MAINLAND)
2015,470329,ROYAL GOLDEN EAGLE,APRIL,FUTONG,RIAU,2010,1005061,ROYAL GOLDEN EAGLE,APEL ENTERPRISES (SINGAPORE) PTE LTD,SINGAPORE,#N/A,CHINA (MAINLAND)
2015,470329,ROYAL GOLDEN EAGLE,APRIL,FUTONG,RIAU,4627,2313330,ROYAL GOLDEN EAGLE,ALKIRA TRADING (MACAO COMMERCIAL OFFSHORE) LTD,MACAO,#N/A,CHINA (MAINLAND)
2015,470329,ROYAL GOLDEN EAGLE,APRIL,BUATAN,RIAU,100,50160,ROYAL GOLDEN EAGLE,APEL ENTERPRISES (SINGAPORE) PTE LTD,SINGAPORE,#N/A,INDIA
2015,470329,ROYAL GOLDEN EAGLE,APRIL,FUTONG,RIAU,2913,1449580,ROYAL GOLDEN EAGLE,ALKIRA TRADING (MACAO COMMERCIAL OFFSHORE) LTD,MACAO,#N/A,CHINA (MAINLAND)
2015,470329,SINAR MAS,LONTAR PAPYRUS,KUALA TUNGKAL,JAMBI,440,238416,SINAR MAS,KING PAPER SOURCE TRADING (SHANGHAI) CO LTD,CHINA (MAINLAND),#N/A,CHINA (MAINLAND)
2015,470329,ROYAL GOLDEN EAGLE,APRIL,FUTONG,RIAU,3415,1707324,ROYAL GOLDEN EAGLE,ALKIRA TRADING (MACAO COMMERCIAL OFFSHORE) LTD,MACAO,#N/A,CHINA (MAINLAND)
2015,470329,SINAR MAS,LONTAR PAPYRUS,KUALA TUNGKAL,JAMBI,340,187156,UNKNOWN AFFILIATION,NINGBO CROWN OF CHINA ENERGY CO LTD,CHINA (MAINLAND),#N/A,CHINA (MAINLAND)
2015,470329,SINAR MAS,LONTAR PAPYRUS,KUALA TUNGKAL,JAMBI,299,155828,UNKNOWN AFFILIATION,SUZHOU HUANG YI TRADE CO LTD,CHINA (MAINLAND),#N/A,CHINA (MAINLAND)
2015,470329,SINAR MAS,LONTAR PAPYRUS,KUALA TUNGKAL,JAMBI,461,253540,UNKNOWN AFFILIATION,NINGBO CROWN OF CHINA ENERGY CO LTD,CHINA (MAINLAND),#N/A,CHINA (MAINLAND)
2015,470329,SINAR MAS,LONTAR PAPYRUS,KUALA TUNGKAL,JAMBI,641,328509,UNKNOWN AFFILIATION,SUZHOU HUANG YI TRADE CO LTD,CHINA (MAINLAND),#N/A,CHINA (MAINLAND)
2015,470329,ROYAL GOLDEN EAGLE,APRIL,BUATAN,RIAU,503,251465,ROYAL GOLDEN EAGLE,ALKIRA TRADING (MACAO COMMERCIAL OFFSHORE) LTD,MACAO,#N/A,CHINA (MAINLAND)
2015,470329,ROYAL GOLDEN EAGLE,APRIL,BUATAN,RIAU,402,201166,ROYAL GOLDEN EAGLE,APEL ENTERPRISES (SINGAPORE) PTE LTD,SINGAPORE,#N/A,THAILAND
2015,470329,ROYAL GOLDEN EAGLE,APRIL,BUATAN,RIAU,1045,522370,ROYAL GOLDEN EAGLE,APEL ENTERPRISES (SINGAPORE) PTE LTD,SINGAPORE,#N/A,KUWAIT
2015,470329,ROYAL GOLDEN EAGLE,APRIL,BUATAN,RIAU,523,261269,ROYAL GOLDEN EAGLE,APEL ENTERPRISES (SINGAPORE) PTE LTD,SINGAPORE,#N/A,UNITED ARAB EMIRATES
2015,470329,ROYAL GOLDEN EAGLE,APRIL,FUTONG,RIAU,2009,1004502,ROYAL GOLDEN EAGLE,APEL ENTERPRISES (SINGAPORE) PTE LTD,SINGAPORE,#N/A,CHINA (MAINLAND)
2015,470329,ROYAL GOLDEN EAGLE,APRIL,BUATAN,RIAU,402,200986,ROYAL GOLDEN EAGLE,AP ENTERPRISES (MACAO) COMMERCIAL OFFSHORE LTD,MACAO,#N/A,BANGLADESH
2015,470329,ROYAL GOLDEN EAGLE,APRIL,BUATAN,RIAU,503,251300,ROYAL GOLDEN EAGLE,AP ENTERPRISES (MACAO) COMMERCIAL OFFSHORE LTD,MACAO,#N/A,BANGLADESH
2015,470329,ROYAL GOLDEN EAGLE,APRIL,BUATAN,RIAU,1004,502216,ROYAL GOLDEN EAGLE,ALKIRA TRADING (MACAO COMMERCIAL OFFSHORE) LTD,MACAO,#N/A,CHINA (MAINLAND)
2015,470329,ROYAL GOLDEN EAGLE,APRIL,BUATAN,RIAU,201,100450,ROYAL GOLDEN EAGLE,APEL ENTERPRISES (SINGAPORE) PTE LTD,SINGAPORE,#N/A,INDIA
2015,470329,ROYAL GOLDEN EAGLE,APRIL,BUATAN,RIAU,502,250916,ROYAL GOLDEN EAGLE,APEL ENTERPRISES (SINGAPORE) PTE LTD,SINGAPORE,#N/A,UNITED ARAB EMIRATES
2015,470329,ROYAL GOLDEN EAGLE,APRIL,BUATAN,RIAU,301,150578,ROYAL GOLDEN EAGLE,AP ENTERPRISES (MACAO) COMMERCIAL OFFSHORE LTD,MACAO,#N/A,BANGLADESH
2015,470329,ROYAL GOLDEN EAGLE,APRIL,BUATAN,RIAU,201,100484,ROYAL GOLDEN EAGLE,AP ENTERPRISES (MACAO) COMMERCIAL OFFSHORE LTD,MACAO,#N/A,BANGLADESH
2015,470329,ROYAL GOLDEN EAGLE,APRIL,BUATAN,RIAU,40,20090,ROYAL GOLDEN EAGLE,APEL ENTERPRISES (SINGAPORE) PTE LTD,SINGAPORE,#N/A,INDIA
2015,470329,ROYAL GOLDEN EAGLE,APRIL,BUATAN,RIAU,60,30104,ROYAL GOLDEN EAGLE,APEL ENTERPRISES (SINGAPORE) PTE LTD,SINGAPORE,#N/A,INDIA
2015,470329,ROYAL GOLDEN EAGLE,APRIL,BUATAN,RIAU,60,30125,ROYAL GOLDEN EAGLE,APEL ENTERPRISES (SINGAPORE) PTE LTD,SINGAPORE,#N/A,INDIA
2015,470329,ROYAL GOLDEN EAGLE,APRIL,BUATAN,RIAU,301,150732,ROYAL GOLDEN EAGLE,AP ENTERPRISES (MACAO) COMMERCIAL OFFSHORE LTD,MACAO,#N/A,BANGLADESH
2015,470329,ROYAL GOLDEN EAGLE,APRIL,BUATAN,RIAU,502,251160,ROYAL GOLDEN EAGLE,AP ENTERPRISES (MACAO) COMMERCIAL OFFSHORE LTD,MACAO,#N/A,BANGLADESH
2015,470329,ROYAL GOLDEN EAGLE,APRIL,BUATAN,RIAU,101,50264,ROYAL GOLDEN EAGLE,APEL ENTERPRISES (SINGAPORE) PTE LTD,SINGAPORE,#N/A,INDIA
2015,470329,ROYAL GOLDEN EAGLE,APRIL,BUATAN,RIAU,72,36204,ROYAL GOLDEN EAGLE,ALKIRA TRADING (MACAO COMMERCIAL OFFSHORE) LTD,MACAO,#N/A,TAIWAN
2015,470329,ROYAL GOLDEN EAGLE,APRIL,BUATAN,RIAU,1004,501882,ROYAL GOLDEN EAGLE,ALKIRA TRADING (MACAO COMMERCIAL OFFSHORE) LTD,MACAO,#N/A,CHINA (MAINLAND)
2015,470329,ROYAL GOLDEN EAGLE,APRIL,BUATAN,RIAU,302,150871,ROYAL GOLDEN EAGLE,ALKIRA TRADING (MACAO COMMERCIAL OFFSHORE) LTD,MACAO,#N/A,CHINA (MAINLAND)
2015,470329,ROYAL GOLDEN EAGLE,APRIL,BUATAN,RIAU,502,250917,ROYAL GOLDEN EAGLE,ALKIRA TRADING (MACAO COMMERCIAL OFFSHORE) LTD,MACAO,#N/A,CHINA (MAINLAND)
2015,470329,SINAR MAS,LONTAR PAPYRUS,KUALA TUNGKAL,JAMBI,360,197901,UNKNOWN AFFILIATION,NINGBO CROWN OF CHINA ENERGY CO LTD,CHINA (MAINLAND),#N/A,CHINA (MAINLAND)
2015,470329,ROYAL GOLDEN EAGLE,TOBA PULP LESTARI,BELAWAN,SUMATERA UTARA,493,263492,ROYAL GOLDEN EAGLE,DP MARKETING INTERNATIONAL,MACAO,#N/A,CHINA (MAINLAND)
2015,470329,SINAR MAS,LONTAR PAPYRUS,KUALA TUNGKAL,JAMBI,999,531145,SINAR MAS,GOLDEN PROFIT TRADING PTE LTD,SINGAPORE,#N/A,INDIA
2015,470329,ROYAL GOLDEN EAGLE,APRIL,BUATAN,RIAU,423,211304,ROYAL GOLDEN EAGLE,APEL ENTERPRISES (SINGAPORE) PTE LTD,SINGAPORE,#N/A,INDIA
2015,470329,ROYAL GOLDEN EAGLE,APRIL,BUATAN,RIAU,502,250934,ROYAL GOLDEN EAGLE,APEL ENTERPRISES (SINGAPORE) PTE LTD,SINGAPORE,#N/A,SAUDI ARABIA
2015,470329,ROYAL GOLDEN EAGLE,APRIL,BUATAN,RIAU,98,49122,ROYAL GOLDEN EAGLE,APEL ENTERPRISES (SINGAPORE) PTE LTD,SINGAPORE,#N/A,EGYPT
2015,470329,SINAR MAS,LONTAR PAPYRUS,KUALA TUNGKAL,JAMBI,1000,542113,SINAR MAS,KING PAPER SOURCE TRADING (SHANGHAI) CO LTD,CHINA (MAINLAND),#N/A,CHINA (MAINLAND)
2015,470329,ROYAL GOLDEN EAGLE,APRIL,BUATAN,RIAU,297,148560,ROYAL GOLDEN EAGLE,APEL ENTERPRISES (SINGAPORE) PTE LTD,SINGAPORE,#N/A,TURKEY
2015,470329,SINAR MAS,LONTAR PAPYRUS,KUALA TUNGKAL,JAMBI,439,241169,UNKNOWN AFFILIATION,NINGBO CROWN OF CHINA ENERGY CO LTD,CHINA (MAINLAND),#N/A,CHINA (MAINLAND)
2015,470329,ROYAL GOLDEN EAGLE,APRIL,BUATAN,RIAU,696,347932,ROYAL GOLDEN EAGLE,AP ENTERPRISES (MACAO) COMMERCIAL OFFSHORE LTD,MACAO,#N/A,PAKISTAN
2015,470329,ROYAL GOLDEN EAGLE,APRIL,BUATAN,RIAU,60,30132,ROYAL GOLDEN EAGLE,APEL ENTERPRISES (SINGAPORE) PTE LTD,SINGAPORE,#N/A,INDIA
2015,470329,SINAR MAS,LONTAR PAPYRUS,KUALA TUNGKAL,JAMBI,461,253486,UNKNOWN AFFILIATION,NINGBO CROWN OF CHINA ENERGY CO LTD,CHINA (MAINLAND),#N/A,CHINA (MAINLAND)
2015,470329,MARUBENI,TANJUNG ENIM LESTARI,PANJANG,SUMATERA SELATAN,2999,1687982,MARUBENI,MARUBENI CORP,JAPAN,#N/A,CHINA (MAINLAND)
2015,470329,ROYAL GOLDEN EAGLE,APRIL,BUATAN,RIAU,497,248310,ROYAL GOLDEN EAGLE,APEL ENTERPRISES (SINGAPORE) PTE LTD,SINGAPORE,#N/A,EGYPT
2015,470329,ROYAL GOLDEN EAGLE,APRIL,BUATAN,RIAU,503,251276,ROYAL GOLDEN EAGLE,AP ENTERPRISES (MACAO) COMMERCIAL OFFSHORE LTD,MACAO,#N/A,BANGLADESH
2015,470329,MARUBENI,TANJUNG ENIM LESTARI,PANJANG,SUMATERA SELATAN,799,463080,MARUBENI,MARUBENI CORP,JAPAN,#N/A,SOUTH KOREA
2015,470329,SINAR MAS,INDAH KIAT,PERAWANG,RIAU,1100,593594,UNKNOWN AFFILIATION,SUZHOU HUANG YI TRADE CO LTD,CHINA (MAINLAND),#N/A,CHINA (MAINLAND)
2015,470329,MARUBENI,TANJUNG ENIM LESTARI,PANJANG,SUMATERA SELATAN,499,294037,MARUBENI,MARUBENI CORP,JAPAN,#N/A,SOUTH KOREA
2015,470329,MARUBENI,TANJUNG ENIM LESTARI,PANJANG,SUMATERA SELATAN,201,116359,MARUBENI,MARUBENI CORP,JAPAN,#N/A,SOUTH KOREA
2015,470329,MARUBENI,TANJUNG ENIM LESTARI,PANJANG,SUMATERA SELATAN,1300,744660,MARUBENI,MARUBENI CORP,JAPAN,#N/A,JAPAN
2015,470329,SINAR MAS,INDAH KIAT,PERAWANG,RIAU,1000,554442,UNKNOWN AFFILIATION,SUZHOU HUANG YI TRADE CO LTD,CHINA (MAINLAND),#N/A,CHINA (MAINLAND)
2015,470329,ROYAL GOLDEN EAGLE,APRIL,BUATAN,RIAU,522,261219,ROYAL GOLDEN EAGLE,APEL ENTERPRISES (SINGAPORE) PTE LTD,SINGAPORE,#N/A,UNITED ARAB EMIRATES
2015,470329,MARUBENI,TANJUNG ENIM LESTARI,PANJANG,SUMATERA SELATAN,499,294189,MARUBENI,MARUBENI CORP,JAPAN,#N/A,SOUTH KOREA
2015,470329,ROYAL GOLDEN EAGLE,APRIL,BUATAN,RIAU,241,120439,ROYAL GOLDEN EAGLE,APEL ENTERPRISES (SINGAPORE) PTE LTD,SINGAPORE,#N/A,PHILIPPINES
2015,470329,MARUBENI,TANJUNG ENIM LESTARI,PANJANG,SUMATERA SELATAN,101,58183,MARUBENI,MARUBENI CORP,JAPAN,#N/A,TAIWAN
2015,470329,MARUBENI,TANJUNG ENIM LESTARI,PANJANG,SUMATERA SELATAN,300,175847,MARUBENI,MARUBENI CORP,JAPAN,#N/A,TAIWAN
2015,470329,MARUBENI,TANJUNG ENIM LESTARI,PANJANG,SUMATERA SELATAN,1298,749535,MARUBENI,MARUBENI CORP,JAPAN,#N/A,TAIWAN
2015,470329,SINAR MAS,INDAH KIAT,PERAWANG,RIAU,200,107926,UNKNOWN AFFILIATION,SUZHOU HUANG YI TRADE CO LTD,CHINA (MAINLAND),#N/A,CHINA (MAINLAND)
2015,470329,MARUBENI,TANJUNG ENIM LESTARI,PANJANG,SUMATERA SELATAN,500,294512,MARUBENI,MARUBENI CORP,JAPAN,#N/A,SOUTH KOREA
2015,470329,MARUBENI,TANJUNG ENIM LESTARI,PANJANG,SUMATERA SELATAN,498,288901,MARUBENI,MARUBENI CORP,JAPAN,#N/A,SOUTH KOREA
2015,470329,MARUBENI,TANJUNG ENIM LESTARI,PANJANG,SUMATERA SELATAN,200,115295,MARUBENI,MARUBENI CORP,JAPAN,#N/A,TAIWAN
2015,470329,MARUBENI,TANJUNG ENIM LESTARI,PANJANG,SUMATERA SELATAN,501,288564,MARUBENI,MARUBENI CORP,JAPAN,#N/A,TAIWAN
2015,470329,ROYAL GOLDEN EAGLE,TOBA PULP LESTARI,BELAWAN,SUMATERA UTARA,493,263514,ROYAL GOLDEN EAGLE,DP MARKETING INTERNATIONAL,MACAO,#N/A,CHINA (MAINLAND)
2015,470329,MARUBENI,TANJUNG ENIM LESTARI,TANJUNG PRIOK,SUMATERA SELATAN,618,351075,MARUBENI,MARUBENI CORP,JAPAN,#N/A,CHINA (MAINLAND)
2015,470329,MARUBENI,TANJUNG ENIM LESTARI,TANJUNG PRIOK,SUMATERA SELATAN,20,11900,MARUBENI,MARUBENI CORP,JAPAN,#N/A,JAPAN
2015,470329,MARUBENI,TANJUNG ENIM LESTARI,TANJUNG PRIOK,SUMATERA SELATAN,20,12112,MARUBENI,MARUBENI CORP,JAPAN,#N/A,JAPAN
2015,470329,MARUBENI,TANJUNG ENIM LESTARI,TANJUNG PRIOK,SUMATERA SELATAN,237,143316,MARUBENI,MARUBENI CORP,JAPAN,#N/A,JAPAN
2015,470329,ROYAL GOLDEN EAGLE,TOBA PULP LESTARI,BELAWAN,SUMATERA UTARA,493,263675,ROYAL GOLDEN EAGLE,DP MARKETING INTERNATIONAL,MACAO,#N/A,CHINA (MAINLAND)
2015,470329,ROYAL GOLDEN EAGLE,APRIL,BUATAN,RIAU,241,120734,ROYAL GOLDEN EAGLE,APEL ENTERPRISES (SINGAPORE) PTE LTD,SINGAPORE,#N/A,TURKEY
2015,470329,ROYAL GOLDEN EAGLE,TOBA PULP LESTARI,BELAWAN,SUMATERA UTARA,494,264072,ROYAL GOLDEN EAGLE,DP MARKETING INTERNATIONAL,MACAO,#N/A,CHINA (MAINLAND)
2015,470329,ROYAL GOLDEN EAGLE,TOBA PULP LESTARI,BELAWAN,SUMATERA UTARA,986,527467,ROYAL GOLDEN EAGLE,DP MARKETING INTERNATIONAL,MACAO,#N/A,CHINA (MAINLAND)
2015,470329,SINAR MAS,INDAH KIAT,PERAWANG,RIAU,300,162583,SINAR MAS,GOLDEN PROFIT TRADING PTE LTD,SINGAPORE,#N/A,PHILIPPINES
2015,470329,MARUBENI,TANJUNG ENIM LESTARI,TANJUNG PRIOK,SUMATERA SELATAN,995,577678,MARUBENI,MARUBENI CORP,JAPAN,#N/A,CHINA (MAINLAND)
2015,470329,ROYAL GOLDEN EAGLE,APRIL,BUATAN,RIAU,60,30086,ROYAL GOLDEN EAGLE,APEL ENTERPRISES (SINGAPORE) PTE LTD,SINGAPORE,#N/A,INDIA
2015,470329,ROYAL GOLDEN EAGLE,APRIL,BUATAN,RIAU,398,198914,ROYAL GOLDEN EAGLE,APEL ENTERPRISES (SINGAPORE) PTE LTD,SINGAPORE,#N/A,DJIBOUTI
2015,470329,ROYAL GOLDEN EAGLE,APRIL,BUATAN,RIAU,1006,502838,ROYAL GOLDEN EAGLE,ALKIRA TRADING (MACAO COMMERCIAL OFFSHORE) LTD,MACAO,#N/A,CHINA (MAINLAND)
2015,470329,ROYAL GOLDEN EAGLE,APRIL,BUATAN,RIAU,302,151030,ROYAL GOLDEN EAGLE,APEL ENTERPRISES (SINGAPORE) PTE LTD,SINGAPORE,#N/A,INDIA
2015,470329,SINAR MAS,LONTAR PAPYRUS,KUALA TUNGKAL,JAMBI,100,51482,SINAR MAS,GOLDEN PROFIT TRADING PTE LTD,SINGAPORE,#N/A,PAKISTAN
2015,470329,ROYAL GOLDEN EAGLE,APRIL,FUTONG,RIAU,2010,1005230,ROYAL GOLDEN EAGLE,APEL ENTERPRISES (SINGAPORE) PTE LTD,SINGAPORE,#N/A,SOUTH KOREA
2015,470329,SINAR MAS,LONTAR PAPYRUS,KUALA TUNGKAL,JAMBI,500,265980,SINAR MAS,GOLDEN PROFIT TRADING PTE LTD,SINGAPORE,#N/A,INDIA
2015,470329,ROYAL GOLDEN EAGLE,APRIL,BUATAN,RIAU,60,30137,ROYAL GOLDEN EAGLE,APEL ENTERPRISES (SINGAPORE) PTE LTD,SINGAPORE,#N/A,INDIA
2015,470329,SINAR MAS,LONTAR PAPYRUS,KUALA TUNGKAL,JAMBI,1000,541898,UNKNOWN AFFILIATION,SUZHOU HUANG YI TRADE CO LTD,CHINA (MAINLAND),#N/A,CHINA (MAINLAND)
2015,470329,ROYAL GOLDEN EAGLE,APRIL,FUTONG,RIAU,7535,3767684,ROYAL GOLDEN EAGLE,AP ENTERPRISES (MACAO) COMMERCIAL OFFSHORE LTD,MACAO,#N/A,SOUTH KOREA
2015,470329,SINAR MAS,INDAH KIAT,PERAWANG,RIAU,200,110951,SINAR MAS,GOLDEN PROFIT TRADING PTE LTD,SINGAPORE,#N/A,TAIWAN
2015,470329,SINAR MAS,LONTAR PAPYRUS,KUALA TUNGKAL,JAMBI,1160,628634,SINAR MAS,KING PAPER SOURCE TRADING (SHANGHAI) CO LTD,CHINA (MAINLAND),#N/A,CHINA (MAINLAND)
2015,470329,ROYAL GOLDEN EAGLE,APRIL,FUTONG,RIAU,2511,1255418,ROYAL GOLDEN EAGLE,APEL ENTERPRISES (SINGAPORE) PTE LTD,SINGAPORE,#N/A,SOUTH KOREA
2015,470329,ROYAL GOLDEN EAGLE,APRIL,BUATAN,RIAU,583,291517,ROYAL GOLDEN EAGLE,APEL ENTERPRISES (SINGAPORE) PTE LTD,SINGAPORE,#N/A,INDIA
2015,470329,ROYAL GOLDEN EAGLE,APRIL,FUTONG,RIAU,2211,1105384,ROYAL GOLDEN EAGLE,AP ENTERPRISES (MACAO) COMMERCIAL OFFSHORE LTD,MACAO,#N/A,SOUTH KOREA
2015,470329,ROYAL GOLDEN EAGLE,APRIL,BUATAN,RIAU,501,250666,ROYAL GOLDEN EAGLE,ALKIRA TRADING (MACAO COMMERCIAL OFFSHORE) LTD,MACAO,#N/A,CHINA (MAINLAND)
2015,470329,ROYAL GOLDEN EAGLE,APRIL,BUATAN,RIAU,964,482208,ROYAL GOLDEN EAGLE,APEL ENTERPRISES (SINGAPORE) PTE LTD,SINGAPORE,#N/A,UNITED ARAB EMIRATES
2015,470329,ROYAL GOLDEN EAGLE,APRIL,BUATAN,RIAU,1003,501670,ROYAL GOLDEN EAGLE,ALKIRA TRADING (MACAO COMMERCIAL OFFSHORE) LTD,MACAO,#N/A,CHINA (MAINLAND)
2015,470329,MARUBENI,TANJUNG ENIM LESTARI,PANJANG,SUMATERA SELATAN,508,301213,MARUBENI,MARUBENI CORP,JAPAN,#N/A,INDIA
2015,470329,MARUBENI,TANJUNG ENIM LESTARI,PANJANG,SUMATERA SELATAN,595,336032,MARUBENI,MARUBENI CORP,JAPAN,#N/A,AUSTRALIA
2015,470329,SINAR MAS,INDAH KIAT,PERAWANG,RIAU,500,273212,SINAR MAS,GOLDEN PROFIT TRADING PTE LTD,SINGAPORE,#N/A,THAILAND
2015,470329,ROYAL GOLDEN EAGLE,APRIL,BUATAN,RIAU,502,251181,ROYAL GOLDEN EAGLE,ALKIRA TRADING (MACAO COMMERCIAL OFFSHORE) LTD,MACAO,#N/A,CHINA (MAINLAND)
2015,470329,SINAR MAS,INDAH KIAT,PERAWANG,RIAU,200,109478,SINAR MAS,GOLDEN PROFIT TRADING PTE LTD,SINGAPORE,#N/A,VIETNAM
2015,470329,ROYAL GOLDEN EAGLE,APRIL,BUATAN,RIAU,1490,744981,ROYAL GOLDEN EAGLE,ALKIRA TRADING (MACAO COMMERCIAL OFFSHORE) LTD,MACAO,#N/A,CHINA (MAINLAND)
2015,470329,MARUBENI,TANJUNG ENIM LESTARI,PANJANG,SUMATERA SELATAN,265,157403,MARUBENI,MARUBENI CORP,JAPAN,#N/A,MALAYSIA
2015,470329,MARUBENI,TANJUNG ENIM LESTARI,PANJANG,SUMATERA SELATAN,1527,885800,MARUBENI,MARUBENI CORP,JAPAN,#N/A,CHINA (MAINLAND)
2015,470329,ROYAL GOLDEN EAGLE,APRIL,BUATAN,RIAU,1005,502459,ROYAL GOLDEN EAGLE,ALKIRA TRADING (MACAO COMMERCIAL OFFSHORE) LTD,MACAO,#N/A,CHINA (MAINLAND)
2015,470329,ROYAL GOLDEN EAGLE,APRIL,BUATAN,RIAU,995,497410,ROYAL GOLDEN EAGLE,ALKIRA TRADING (MACAO COMMERCIAL OFFSHORE) LTD,MACAO,#N/A,CHINA (MAINLAND)
2015,470329,ROYAL GOLDEN EAGLE,TOBA PULP LESTARI,BELAWAN,SUMATERA UTARA,493,263819,ROYAL GOLDEN EAGLE,DP MARKETING INTERNATIONAL,MACAO,#N/A,CHINA (MAINLAND)
2015,470329,ROYAL GOLDEN EAGLE,APRIL,BUATAN,RIAU,60,30146,ROYAL GOLDEN EAGLE,APEL ENTERPRISES (SINGAPORE) PTE LTD,SINGAPORE,#N/A,INDIA
2015,470329,ROYAL GOLDEN EAGLE,TOBA PULP LESTARI,BELAWAN,SUMATERA UTARA,493,263704,ROYAL GOLDEN EAGLE,DP MARKETING INTERNATIONAL,MACAO,#N/A,CHINA (MAINLAND)
2015,470329,ROYAL GOLDEN EAGLE,TOBA PULP LESTARI,BELAWAN,SUMATERA UTARA,493,263979,ROYAL GOLDEN EAGLE,DP MARKETING INTERNATIONAL,MACAO,#N/A,CHINA (MAINLAND)
2015,470329,ROYAL GOLDEN EAGLE,TOBA PULP LESTARI,BELAWAN,SUMATERA UTARA,493,263678,ROYAL GOLDEN EAGLE,DP MARKETING INTERNATIONAL,MACAO,#N/A,CHINA (MAINLAND)
2015,470329,ROYAL GOLDEN EAGLE,TOBA PULP LESTARI,BELAWAN,SUMATERA UTARA,494,264257,ROYAL GOLDEN EAGLE,DP MARKETING INTERNATIONAL,MACAO,#N/A,CHINA (MAINLAND)
2015,470329,ROYAL GOLDEN EAGLE,TOBA PULP LESTARI,BELAWAN,SUMATERA UTARA,493,263825,ROYAL GOLDEN EAGLE,DP MARKETING INTERNATIONAL,MACAO,#N/A,CHINA (MAINLAND)
2015,470329,SINAR MAS,LONTAR PAPYRUS,KUALA TUNGKAL,JAMBI,499,260516,SINAR MAS,GOLDEN PROFIT TRADING PTE LTD,SINGAPORE,#N/A,BANGLADESH
2015,470329,ROYAL GOLDEN EAGLE,APRIL,FUTONG,RIAU,5021,2510676,ROYAL GOLDEN EAGLE,APEL ENTERPRISES (SINGAPORE) PTE LTD,SINGAPORE,#N/A,CHINA (MAINLAND)
2015,470329,SINAR MAS,LONTAR PAPYRUS,KUALA TUNGKAL,JAMBI,499,260553,SINAR MAS,GOLDEN PROFIT TRADING PTE LTD,SINGAPORE,#N/A,BANGLADESH
2015,470329,SINAR MAS,LONTAR PAPYRUS,KUALA TUNGKAL,JAMBI,500,260938,SINAR MAS,GOLDEN PROFIT TRADING PTE LTD,SINGAPORE,#N/A,BANGLADESH
2015,470329,SINAR MAS,LONTAR PAPYRUS,KUALA TUNGKAL,JAMBI,200,104100,UNKNOWN AFFILIATION,SUZHOU HUANG YI TRADE CO LTD,CHINA (MAINLAND),#N/A,CHINA (MAINLAND)
2015,470329,ROYAL GOLDEN EAGLE,APRIL,FUTONG,RIAU,2010,1004876,ROYAL GOLDEN EAGLE,ALKIRA TRADING (MACAO COMMERCIAL OFFSHORE) LTD,MACAO,#N/A,CHINA (MAINLAND)
2015,470329,SINAR MAS,INDAH KIAT,PERAWANG,RIAU,200,108389,SINAR MAS,GOLDEN PROFIT TRADING PTE LTD,SINGAPORE,#N/A,PHILIPPINES
2015,470329,SINAR MAS,LONTAR PAPYRUS,KUALA TUNGKAL,JAMBI,459,251784,UNKNOWN AFFILIATION,NINGBO CROWN OF CHINA ENERGY CO LTD,CHINA (MAINLAND),#N/A,CHINA (MAINLAND)
2015,470329,SINAR MAS,LONTAR PAPYRUS,KUALA TUNGKAL,JAMBI,836,459134,UNKNOWN AFFILIATION,NINGBO CROWN OF CHINA ENERGY CO LTD,CHINA (MAINLAND),#N/A,CHINA (MAINLAND)
2015,470329,ROYAL GOLDEN EAGLE,APRIL,BUATAN,RIAU,795,397400,ROYAL GOLDEN EAGLE,APEL ENTERPRISES (SINGAPORE) PTE LTD,SINGAPORE,#N/A,EGYPT
2015,470329,ROYAL GOLDEN EAGLE,APRIL,FUTONG,RIAU,7542,3771187,ROYAL GOLDEN EAGLE,APEL ENTERPRISES (SINGAPORE) PTE LTD,SINGAPORE,#N/A,INDIA
2015,470329,MARUBENI,TANJUNG ENIM LESTARI,TANJUNG PRIOK,SUMATERA SELATAN,507,293985,MARUBENI,MARUBENI CORP,JAPAN,#N/A,CHINA (MAINLAND)
2015,470329,SINAR MAS,LONTAR PAPYRUS,KUALA TUNGKAL,JAMBI,1000,541816,SINAR MAS,KING PAPER SOURCE TRADING (SHANGHAI) CO LTD,CHINA (MAINLAND),#N/A,CHINA (MAINLAND)
2015,470329,MARUBENI,TANJUNG ENIM LESTARI,TANJUNG PRIOK,SUMATERA SELATAN,731,420627,MARUBENI,MARUBENI CORP,JAPAN,#N/A,CHINA (MAINLAND)
2015,470329,ROYAL GOLDEN EAGLE,TOBA PULP LESTARI,BELAWAN,SUMATERA UTARA,494,264070,ROYAL GOLDEN EAGLE,DP MARKETING INTERNATIONAL,MACAO,#N/A,CHINA (MAINLAND)
2015,470329,MARUBENI,TANJUNG ENIM LESTARI,TANJUNG PRIOK,SUMATERA SELATAN,257,155084,MARUBENI,MARUBENI CORP,JAPAN,#N/A,JAPAN
2015,470329,SINAR MAS,LONTAR PAPYRUS,KUALA TUNGKAL,JAMBI,499,270720,UNKNOWN AFFILIATION,SUZHOU HUANG YI TRADE CO LTD,CHINA (MAINLAND),#N/A,CHINA (MAINLAND)
2015,470329,ROYAL GOLDEN EAGLE,APRIL,BUATAN,RIAU,60,30114,ROYAL GOLDEN EAGLE,APEL ENTERPRISES (SINGAPORE) PTE LTD,SINGAPORE,#N/A,INDIA
2015,470329,ROYAL GOLDEN EAGLE,APRIL,BUATAN,RIAU,483,236493,ROYAL GOLDEN EAGLE,APEL ENTERPRISES (SINGAPORE) PTE LTD,SINGAPORE,#N/A,THAILAND
2015,470329,ROYAL GOLDEN EAGLE,APRIL,FUTONG,RIAU,6533,3201176,ROYAL GOLDEN EAGLE,AP ENTERPRISES (MACAO) COMMERCIAL OFFSHORE LTD,MACAO,#N/A,BANGLADESH
2015,470329,SINAR MAS,LONTAR PAPYRUS,KUALA TUNGKAL,JAMBI,240,131327,UNKNOWN AFFILIATION,NINGBO CROWN OF CHINA ENERGY CO LTD,CHINA (MAINLAND),#N/A,CHINA (MAINLAND)
2015,470329,ROYAL GOLDEN EAGLE,APRIL,FUTONG,RIAU,5026,2470953,ROYAL GOLDEN EAGLE,ALKIRA TRADING (MACAO COMMERCIAL OFFSHORE) LTD,MACAO,#N/A,CHINA (MAINLAND)
2015,470329,ROYAL GOLDEN EAGLE,TOBA PULP LESTARI,BELAWAN,SUMATERA UTARA,493,263730,ROYAL GOLDEN EAGLE,DP MARKETING INTERNATIONAL,MACAO,#N/A,CHINA (MAINLAND)
2015,470329,ROYAL GOLDEN EAGLE,TOBA PULP LESTARI,BELAWAN,SUMATERA UTARA,986,527571,ROYAL GOLDEN EAGLE,DP MARKETING INTERNATIONAL,MACAO,#N/A,CHINA (MAINLAND)
2015,470329,ROYAL GOLDEN EAGLE,APRIL,FUTONG,RIAU,5021,2460170,ROYAL GOLDEN EAGLE,APEL ENTERPRISES (SINGAPORE) PTE LTD,SINGAPORE,#N/A,JAPAN
2015,470329,ROYAL GOLDEN EAGLE,APRIL,BUATAN,RIAU,641,320478,ROYAL GOLDEN EAGLE,APEL ENTERPRISES (SINGAPORE) PTE LTD,SINGAPORE,#N/A,SAUDI ARABIA
2015,470329,ROYAL GOLDEN EAGLE,APRIL,BUATAN,RIAU,1405,702314,ROYAL GOLDEN EAGLE,ALKIRA TRADING (MACAO COMMERCIAL OFFSHORE) LTD,MACAO,#N/A,CHINA (MAINLAND)
2015,470329,ROYAL GOLDEN EAGLE,APRIL,BUATAN,RIAU,1003,501435,ROYAL GOLDEN EAGLE,ALKIRA TRADING (MACAO COMMERCIAL OFFSHORE) LTD,MACAO,#N/A,CHINA (MAINLAND)
2015,470329,MARUBENI,TANJUNG ENIM LESTARI,PANJANG,SUMATERA SELATAN,110,64312,MARUBENI,MARUBENI CORP,JAPAN,#N/A,INDIA
2015,470329,MARUBENI,TANJUNG ENIM LESTARI,PANJANG,SUMATERA SELATAN,513,293803,MARUBENI,MARUBENI CORP,JAPAN,#N/A,CHINA (MAINLAND)
2015,470329,MARUBENI,TANJUNG ENIM LESTARI,PANJANG,SUMATERA SELATAN,329,193341,MARUBENI,MARUBENI CORP,JAPAN,#N/A,INDIA
2015,470329,ROYAL GOLDEN EAGLE,APRIL,BUATAN,RIAU,101,50376,ROYAL GOLDEN EAGLE,APEL ENTERPRISES (SINGAPORE) PTE LTD,SINGAPORE,#N/A,INDIA
2015,470329,ROYAL GOLDEN EAGLE,APRIL,FUTONG,RIAU,4007,2003390,ROYAL GOLDEN EAGLE,APEL ENTERPRISES (SINGAPORE) PTE LTD,SINGAPORE,#N/A,CHINA (MAINLAND)
2015,470329,MARUBENI,TANJUNG ENIM LESTARI,PANJANG,SUMATERA SELATAN,508,295650,MARUBENI,MARUBENI CORP,JAPAN,#N/A,CHINA (MAINLAND)
2015,470329,ROYAL GOLDEN EAGLE,APRIL,FUTONG,RIAU,2612,1279926,ROYAL GOLDEN EAGLE,ALKIRA TRADING (MACAO COMMERCIAL OFFSHORE) LTD,MACAO,#N/A,CHINA (MAINLAND)
2015,470329,SINAR MAS,LONTAR PAPYRUS,KUALA TUNGKAL,JAMBI,1100,592305,SINAR MAS,KING PAPER SOURCE TRADING (SHANGHAI) CO LTD,CHINA (MAINLAND),#N/A,CHINA (MAINLAND)
2015,470329,ROYAL GOLDEN EAGLE,TOBA PULP LESTARI,BELAWAN,SUMATERA UTARA,493,263573,ROYAL GOLDEN EAGLE,DP MARKETING INTERNATIONAL,MACAO,#N/A,CHINA (MAINLAND)
2015,470329,MARUBENI,TANJUNG ENIM LESTARI,PANJANG,SUMATERA SELATAN,198,113651,MARUBENI,MARUBENI CORP,JAPAN,#N/A,INDIA
2015,470329,ROYAL GOLDEN EAGLE,APRIL,FUTONG,RIAU,4000,1960195,ROYAL GOLDEN EAGLE,ALKIRA TRADING (MACAO COMMERCIAL OFFSHORE) LTD,MACAO,#N/A,CHINA (MAINLAND)
2015,470329,ROYAL GOLDEN EAGLE,APRIL,BUATAN,RIAU,201,98351,ROYAL GOLDEN EAGLE,APEL ENTERPRISES (SINGAPORE) PTE LTD,SINGAPORE,#N/A,INDIA
2015,470329,MARUBENI,TANJUNG ENIM LESTARI,PANJANG,SUMATERA SELATAN,266,158030,MARUBENI,MARUBENI CORP,JAPAN,#N/A,MALAYSIA
2015,470329,SINAR MAS,LONTAR PAPYRUS,KUALA TUNGKAL,JAMBI,500,269191,SINAR MAS,KING PAPER SOURCE TRADING (SHANGHAI) CO LTD,CHINA (MAINLAND),#N/A,CHINA (MAINLAND)
2015,470329,SINAR MAS,LONTAR PAPYRUS,KUALA TUNGKAL,JAMBI,1397,752105,SINAR MAS,KING PAPER SOURCE TRADING (SHANGHAI) CO LTD,CHINA (MAINLAND),#N/A,CHINA (MAINLAND)
2015,470329,SINAR MAS,LONTAR PAPYRUS,KUALA TUNGKAL,JAMBI,799,433318,UNKNOWN AFFILIATION,SUZHOU GUANBAO TRADING LTD,CHINA (MAINLAND),#N/A,CHINA (MAINLAND)
2015,470329,MARUBENI,TANJUNG ENIM LESTARI,PANJANG,SUMATERA SELATAN,109,63112,MARUBENI,MARUBENI CORP,JAPAN,#N/A,INDIA
2015,470329,MARUBENI,TANJUNG ENIM LESTARI,PANJANG,SUMATERA SELATAN,995,582087,MARUBENI,MARUBENI CORP,JAPAN,#N/A,CHINA (MAINLAND)
2015,470329,MARUBENI,TANJUNG ENIM LESTARI,PANJANG,SUMATERA SELATAN,110,62063,MARUBENI,MARUBENI CORP,JAPAN,#N/A,INDIA
2015,470329,SINAR MAS,LONTAR PAPYRUS,KUALA TUNGKAL,JAMBI,240,119762,UNKNOWN AFFILIATION,SUZHOU HUANG YI TRADE CO LTD,CHINA (MAINLAND),#N/A,CHINA (MAINLAND)
2015,470329,SINAR MAS,INDAH KIAT,SUNGAI PAKNING,RIAU,1000,543523,SINAR MAS,KING PAPER SOURCE TRADING (SHANGHAI) CO LTD,CHINA (MAINLAND),#N/A,TURKEY
2015,470329,SINAR MAS,LONTAR PAPYRUS,KUALA TUNGKAL,JAMBI,200,109952,UNKNOWN AFFILIATION,NINGBO CROWN OF CHINA ENERGY CO LTD,CHINA (MAINLAND),#N/A,CHINA (MAINLAND)
2015,470329,SINAR MAS,INDAH KIAT,SUNGAI PAKNING,RIAU,3000,1630568,SINAR MAS,KING PAPER SOURCE TRADING (SHANGHAI) CO LTD,CHINA (MAINLAND),#N/A,TURKEY
2015,470329,ROYAL GOLDEN EAGLE,APRIL,BUATAN,RIAU,1003,491424,ROYAL GOLDEN EAGLE,ALKIRA TRADING (MACAO COMMERCIAL OFFSHORE) LTD,MACAO,#N/A,CHINA (MAINLAND)
2015,470329,SINAR MAS,LONTAR PAPYRUS,KUALA TUNGKAL,JAMBI,598,314304,UNKNOWN AFFILIATION,SUZHOU HUANG YI TRADE CO LTD,CHINA (MAINLAND),#N/A,CHINA (MAINLAND)
2015,470329,ROYAL GOLDEN EAGLE,APRIL,BUATAN,RIAU,1494,731833,ROYAL GOLDEN EAGLE,ALKIRA TRADING (MACAO COMMERCIAL OFFSHORE) LTD,MACAO,#N/A,CHINA (MAINLAND)
2015,470329,ROYAL GOLDEN EAGLE,TOBA PULP LESTARI,BELAWAN,SUMATERA UTARA,493,264006,ROYAL GOLDEN EAGLE,DP MARKETING INTERNATIONAL,MACAO,#N/A,CHINA (MAINLAND)
2015,470329,ROYAL GOLDEN EAGLE,TOBA PULP LESTARI,BELAWAN,SUMATERA UTARA,493,263506,ROYAL GOLDEN EAGLE,DP MARKETING INTERNATIONAL,MACAO,#N/A,CHINA (MAINLAND)
2015,470329,ROYAL GOLDEN EAGLE,APRIL,BUATAN,RIAU,623,311388,ROYAL GOLDEN EAGLE,APEL ENTERPRISES (SINGAPORE) PTE LTD,SINGAPORE,#N/A,SAUDI ARABIA
2015,470329,ROYAL GOLDEN EAGLE,APRIL,BUATAN,RIAU,1193,596679,ROYAL GOLDEN EAGLE,APEL ENTERPRISES (SINGAPORE) PTE LTD,SINGAPORE,#N/A,EGYPT
2015,470329,ROYAL GOLDEN EAGLE,TOBA PULP LESTARI,BELAWAN,SUMATERA UTARA,492,263424,ROYAL GOLDEN EAGLE,DP MARKETING INTERNATIONAL,MACAO,#N/A,CHINA (MAINLAND)
2015,470329,ROYAL GOLDEN EAGLE,TOBA PULP LESTARI,BELAWAN,SUMATERA UTARA,493,263947,ROYAL GOLDEN EAGLE,DP MARKETING INTERNATIONAL,MACAO,#N/A,CHINA (MAINLAND)
2015,470329,SINAR MAS,LONTAR PAPYRUS,KUALA TUNGKAL,JAMBI,300,162969,SINAR MAS,KING PAPER SOURCE TRADING (SHANGHAI) CO LTD,CHINA (MAINLAND),#N/A,UNITED ARAB EMIRATES
2015,470329,ROYAL GOLDEN EAGLE,APRIL,BUATAN,RIAU,40,20018,ROYAL GOLDEN EAGLE,APEL ENTERPRISES (SINGAPORE) PTE LTD,SINGAPORE,#N/A,INDIA
2015,470329,ROYAL GOLDEN EAGLE,APRIL,BUATAN,RIAU,60,30076,ROYAL GOLDEN EAGLE,APEL ENTERPRISES (SINGAPORE) PTE LTD,SINGAPORE,#N/A,INDIA
2015,470329,MARUBENI,TANJUNG ENIM LESTARI,TANJUNG PRIOK,SUMATERA SELATAN,258,155507,MARUBENI,MARUBENI CORP,JAPAN,#N/A,JAPAN
2015,470329,SINAR MAS,LONTAR PAPYRUS,KUALA TUNGKAL,JAMBI,998,526508,SINAR MAS,KING PAPER SOURCE TRADING (SHANGHAI) CO LTD,CHINA (MAINLAND),#N/A,CHINA (MAINLAND)
2015,470329,ROYAL GOLDEN EAGLE,APRIL,BUATAN,RIAU,562,275533,ROYAL GOLDEN EAGLE,APEL ENTERPRISES (SINGAPORE) PTE LTD,SINGAPORE,#N/A,UNITED ARAB EMIRATES
2015,470329,MARUBENI,TANJUNG ENIM LESTARI,PANJANG,SUMATERA SELATAN,1011,591508,MARUBENI,MARUBENI CORP,JAPAN,#N/A,CHINA (MAINLAND)
2015,470329,SINAR MAS,INDAH KIAT,SUNGAI PAKNING,RIAU,10000,5435069,SINAR MAS,KING PAPER SOURCE TRADING (SHANGHAI) CO LTD,CHINA (MAINLAND),#N/A,TURKEY
2015,470329,ROYAL GOLDEN EAGLE,APRIL,FUTONG,RIAU,1005,492595,ROYAL GOLDEN EAGLE,AP ENTERPRISES (MACAO) COMMERCIAL OFFSHORE LTD,MACAO,#N/A,SOUTH KOREA
2015,470329,ROYAL GOLDEN EAGLE,TOBA PULP LESTARI,BELAWAN,SUMATERA UTARA,986,517863,ROYAL GOLDEN EAGLE,DP MARKETING INTERNATIONAL,MACAO,#N/A,CHINA (MAINLAND)
2015,470329,MARUBENI,TANJUNG ENIM LESTARI,PANJANG,SUMATERA SELATAN,1008,585050,MARUBENI,MARUBENI CORP,JAPAN,#N/A,CHINA (MAINLAND)
2015,470329,SINAR MAS,INDAH KIAT,SUNGAI PAKNING,RIAU,5000,2717535,SINAR MAS,KING PAPER SOURCE TRADING (SHANGHAI) CO LTD,CHINA (MAINLAND),#N/A,TURKEY
2015,470329,ROYAL GOLDEN EAGLE,APRIL,BUATAN,RIAU,1205,590669,ROYAL GOLDEN EAGLE,ALKIRA TRADING (MACAO COMMERCIAL OFFSHORE) LTD,MACAO,#N/A,CHINA (MAINLAND)
2015,470329,SINAR MAS,INDAH KIAT,SUNGAI PAKNING,RIAU,376,204359,SINAR MAS,KING PAPER SOURCE TRADING (SHANGHAI) CO LTD,CHINA (MAINLAND),#N/A,TURKEY
2015,470329,ROYAL GOLDEN EAGLE,APRIL,FUTONG,RIAU,1606,786985,ROYAL GOLDEN EAGLE,APEL ENTERPRISES (SINGAPORE) PTE LTD,SINGAPORE,#N/A,SOUTH KOREA
2015,470329,ROYAL GOLDEN EAGLE,APRIL,FUTONG,RIAU,5024,2461654,ROYAL GOLDEN EAGLE,ALKIRA TRADING (MACAO COMMERCIAL OFFSHORE) LTD,MACAO,#N/A,CHINA (MAINLAND)
2015,470329,ROYAL GOLDEN EAGLE,APRIL,FUTONG,RIAU,3015,1477252,ROYAL GOLDEN EAGLE,AP ENTERPRISES (MACAO) COMMERCIAL OFFSHORE LTD,MACAO,#N/A,SOUTH KOREA
2015,470329,ROYAL GOLDEN EAGLE,APRIL,FUTONG,RIAU,5024,2461613,ROYAL GOLDEN EAGLE,ALKIRA TRADING (MACAO COMMERCIAL OFFSHORE) LTD,MACAO,#N/A,CHINA (MAINLAND)
2015,470329,ROYAL GOLDEN EAGLE,APRIL,BUATAN,RIAU,221,108138,ROYAL GOLDEN EAGLE,APEL ENTERPRISES (SINGAPORE) PTE LTD,SINGAPORE,#N/A,INDIA
2015,470329,ROYAL GOLDEN EAGLE,TOBA PULP LESTARI,BELAWAN,SUMATERA UTARA,493,263552,ROYAL GOLDEN EAGLE,DP MARKETING INTERNATIONAL,MACAO,#N/A,CHINA (MAINLAND)
2015,470329,ROYAL GOLDEN EAGLE,APRIL,FUTONG,RIAU,5022,2469844,ROYAL GOLDEN EAGLE,ALKIRA TRADING (MACAO COMMERCIAL OFFSHORE) LTD,MACAO,#N/A,CHINA (MAINLAND)
2015,470329,ROYAL GOLDEN EAGLE,APRIL,BUATAN,RIAU,40,19673,ROYAL GOLDEN EAGLE,APEL ENTERPRISES (SINGAPORE) PTE LTD,SINGAPORE,#N/A,INDIA
2015,470329,ROYAL GOLDEN EAGLE,APRIL,BUATAN,RIAU,623,311636,ROYAL GOLDEN EAGLE,APEL ENTERPRISES (SINGAPORE) PTE LTD,SINGAPORE,#N/A,SAUDI ARABIA
2015,470329,ROYAL GOLDEN EAGLE,APRIL,BUATAN,RIAU,622,311238,ROYAL GOLDEN EAGLE,APEL ENTERPRISES (SINGAPORE) PTE LTD,SINGAPORE,#N/A,SAUDI ARABIA
2015,470329,MARUBENI,TANJUNG ENIM LESTARI,PANJANG,SUMATERA SELATAN,264,156716,MARUBENI,MARUBENI CORP,JAPAN,#N/A,MALAYSIA
2015,470329,ROYAL GOLDEN EAGLE,APRIL,BUATAN,RIAU,402,197134,ROYAL GOLDEN EAGLE,AP ENTERPRISES (MACAO) COMMERCIAL OFFSHORE LTD,MACAO,#N/A,BANGLADESH
2015,470329,MARUBENI,TANJUNG ENIM LESTARI,PANJANG,SUMATERA SELATAN,505,283814,MARUBENI,MARUBENI CORP,JAPAN,#N/A,INDIA
2015,470329,ROYAL GOLDEN EAGLE,APRIL,BUATAN,RIAU,241,118111,ROYAL GOLDEN EAGLE,AP ENTERPRISES (MACAO) COMMERCIAL OFFSHORE LTD,MACAO,#N/A,BANGLADESH
2015,470329,ROYAL GOLDEN EAGLE,APRIL,BUATAN,RIAU,496,242894,ROYAL GOLDEN EAGLE,APEL ENTERPRISES (SINGAPORE) PTE LTD,SINGAPORE,#N/A,EGYPT
2015,470329,SINAR MAS,LONTAR PAPYRUS,KUALA TUNGKAL,JAMBI,600,330389,SINAR MAS,KING PAPER SOURCE TRADING (SHANGHAI) CO LTD,CHINA (MAINLAND),#N/A,CHINA (MAINLAND)
2015,470329,SINAR MAS,LONTAR PAPYRUS,KUALA TUNGKAL,JAMBI,400,210760,SINAR MAS,GOLDEN PROFIT TRADING PTE LTD,SINGAPORE,#N/A,INDIA
2015,470329,ROYAL GOLDEN EAGLE,APRIL,BUATAN,RIAU,298,145808,ROYAL GOLDEN EAGLE,APEL ENTERPRISES (SINGAPORE) PTE LTD,SINGAPORE,#N/A,SYRIA
2015,470329,ROYAL GOLDEN EAGLE,TOBA PULP LESTARI,BELAWAN,SUMATERA UTARA,495,264693,ROYAL GOLDEN EAGLE,DP MARKETING INTERNATIONAL,MACAO,#N/A,CHINA (MAINLAND)
2015,470329,ROYAL GOLDEN EAGLE,APRIL,BUATAN,RIAU,201,98429,ROYAL GOLDEN EAGLE,APEL ENTERPRISES (SINGAPORE) PTE LTD,SINGAPORE,#N/A,INDIA
2015,470329,SINAR MAS,LONTAR PAPYRUS,KUALA TUNGKAL,JAMBI,220,110126,UNKNOWN AFFILIATION,SUZHOU HUANG YI TRADE CO LTD,CHINA (MAINLAND),#N/A,CHINA (MAINLAND)
2015,470329,ROYAL GOLDEN EAGLE,APRIL,BUATAN,RIAU,261,130568,ROYAL GOLDEN EAGLE,APEL ENTERPRISES (SINGAPORE) PTE LTD,SINGAPORE,#N/A,INDIA
2015,470329,MARUBENI,TANJUNG ENIM LESTARI,PANJANG,SUMATERA SELATAN,110,61851,MARUBENI,MARUBENI CORP,JAPAN,#N/A,INDIA
2015,470329,ROYAL GOLDEN EAGLE,APRIL,BUATAN,RIAU,994,496915,ROYAL GOLDEN EAGLE,APEL ENTERPRISES (SINGAPORE) PTE LTD,SINGAPORE,#N/A,EGYPT
2015,470329,ROYAL GOLDEN EAGLE,APRIL,BUATAN,RIAU,502,246200,ROYAL GOLDEN EAGLE,AP ENTERPRISES (MACAO) COMMERCIAL OFFSHORE LTD,MACAO,#N/A,BANGLADESH
2015,470329,ROYAL GOLDEN EAGLE,APRIL,BUATAN,RIAU,201,100318,ROYAL GOLDEN EAGLE,AP ENTERPRISES (MACAO) COMMERCIAL OFFSHORE LTD,MACAO,#N/A,BANGLADESH
2015,470329,ROYAL GOLDEN EAGLE,APRIL,BUATAN,RIAU,1005,492208,ROYAL GOLDEN EAGLE,ALKIRA TRADING (MACAO COMMERCIAL OFFSHORE) LTD,MACAO,#N/A,CHINA (MAINLAND)
2015,470329,MARUBENI,TANJUNG ENIM LESTARI,PANJANG,SUMATERA SELATAN,505,299759,MARUBENI,MARUBENI CORP,JAPAN,#N/A,INDIA
2015,470329,ROYAL GOLDEN EAGLE,APRIL,BUATAN,RIAU,406,198940,ROYAL GOLDEN EAGLE,ALKIRA TRADING (MACAO COMMERCIAL OFFSHORE) LTD,MACAO,#N/A,CHINA (MAINLAND)
2015,470329,ROYAL GOLDEN EAGLE,APRIL,BUATAN,RIAU,301,147612,ROYAL GOLDEN EAGLE,AP ENTERPRISES (MACAO) COMMERCIAL OFFSHORE LTD,MACAO,#N/A,BANGLADESH
2015,470329,MARUBENI,TANJUNG ENIM LESTARI,PANJANG,SUMATERA SELATAN,108,61590,MARUBENI,MARUBENI CORP,JAPAN,#N/A,INDIA
2015,470329,ROYAL GOLDEN EAGLE,APRIL,BUATAN,RIAU,301,150612,ROYAL GOLDEN EAGLE,AP ENTERPRISES (MACAO) COMMERCIAL OFFSHORE LTD,MACAO,#N/A,BANGLADESH
2015,470329,SINAR MAS,INDAH KIAT,SUNGAI PAKNING,RIAU,1000,540500,SINAR MAS,GOLDEN PROFIT TRADING PTE LTD,SINGAPORE,#N/A,SOUTH KOREA
2015,470329,MARUBENI,TANJUNG ENIM LESTARI,PANJANG,SUMATERA SELATAN,200,114118,MARUBENI,MARUBENI CORP,JAPAN,#N/A,TAIWAN
2015,470329,MARUBENI,TANJUNG ENIM LESTARI,PANJANG,SUMATERA SELATAN,199,115714,MARUBENI,MARUBENI CORP,JAPAN,#N/A,TAIWAN
2015,470329,MARUBENI,TANJUNG ENIM LESTARI,PANJANG,SUMATERA SELATAN,799,455422,MARUBENI,MARUBENI CORP,JAPAN,#N/A,TAIWAN
2015,470329,MARUBENI,TANJUNG ENIM LESTARI,PANJANG,SUMATERA SELATAN,999,585927,MARUBENI,MARUBENI CORP,JAPAN,#N/A,JAPAN
2015,470329,MARUBENI,TANJUNG ENIM LESTARI,PANJANG,SUMATERA SELATAN,1500,855664,MARUBENI,MARUBENI CORP,JAPAN,#N/A,TAIWAN
2015,470329,MARUBENI,TANJUNG ENIM LESTARI,PANJANG,SUMATERA SELATAN,298,172864,MARUBENI,MARUBENI CORP,JAPAN,#N/A,TAIWAN
2015,470329,MARUBENI,TANJUNG ENIM LESTARI,PANJANG,SUMATERA SELATAN,701,408952,MARUBENI,MARUBENI CORP,JAPAN,#N/A,CHINA (MAINLAND)
2015,470329,MARUBENI,TANJUNG ENIM LESTARI,PANJANG,SUMATERA SELATAN,799,466342,MARUBENI,MARUBENI CORP,JAPAN,#N/A,CHINA (MAINLAND)
2015,470329,MARUBENI,TANJUNG ENIM LESTARI,PANJANG,SUMATERA SELATAN,499,286434,MARUBENI,MARUBENI CORP,JAPAN,#N/A,CHINA (MAINLAND)
2015,470329,MARUBENI,TANJUNG ENIM LESTARI,PANJANG,SUMATERA SELATAN,501,287578,MARUBENI,MARUBENI CORP,JAPAN,#N/A,CHINA (MAINLAND)
2015,470329,MARUBENI,TANJUNG ENIM LESTARI,PANJANG,SUMATERA SELATAN,401,235091,MARUBENI,MARUBENI CORP,JAPAN,#N/A,JAPAN
2015,470329,MARUBENI,TANJUNG ENIM LESTARI,PANJANG,SUMATERA SELATAN,399,226462,MARUBENI,MARUBENI CORP,JAPAN,#N/A,JAPAN
2015,470329,MARUBENI,TANJUNG ENIM LESTARI,PANJANG,SUMATERA SELATAN,50,30723,MARUBENI,MARUBENI CORP,JAPAN,#N/A,JAPAN
2015,470329,MARUBENI,TANJUNG ENIM LESTARI,PANJANG,SUMATERA SELATAN,199,112784,MARUBENI,MARUBENI CORP,JAPAN,#N/A,CHINA (MAINLAND)
2015,470329,ROYAL GOLDEN EAGLE,TOBA PULP LESTARI,BELAWAN,SUMATERA UTARA,493,258902,ROYAL GOLDEN EAGLE,DP MARKETING INTERNATIONAL,MACAO,#N/A,CHINA (MAINLAND)
2015,470329,ROYAL GOLDEN EAGLE,APRIL,BUATAN,RIAU,241,117930,ROYAL GOLDEN EAGLE,AP ENTERPRISES (MACAO) COMMERCIAL OFFSHORE LTD,MACAO,#N/A,BANGLADESH
2015,470329,ROYAL GOLDEN EAGLE,APRIL,BUATAN,RIAU,261,127823,ROYAL GOLDEN EAGLE,AP ENTERPRISES (MACAO) COMMERCIAL OFFSHORE LTD,MACAO,#N/A,BANGLADESH
2015,470329,ROYAL GOLDEN EAGLE,APRIL,BUATAN,RIAU,160,78632,ROYAL GOLDEN EAGLE,APEL ENTERPRISES (SINGAPORE) PTE LTD,SINGAPORE,#N/A,PHILIPPINES
2015,470329,ROYAL GOLDEN EAGLE,TOBA PULP LESTARI,BELAWAN,SUMATERA UTARA,493,258644,ROYAL GOLDEN EAGLE,DP MARKETING INTERNATIONAL,MACAO,#N/A,CHINA (MAINLAND)
2015,470329,ROYAL GOLDEN EAGLE,TOBA PULP LESTARI,BELAWAN,SUMATERA UTARA,493,263857,ROYAL GOLDEN EAGLE,DP MARKETING INTERNATIONAL,MACAO,#N/A,CHINA (MAINLAND)
2015,470329,MARUBENI,TANJUNG ENIM LESTARI,PANJANG,SUMATERA SELATAN,265,157148,MARUBENI,MARUBENI CORP,JAPAN,#N/A,MALAYSIA
2015,470329,ROYAL GOLDEN EAGLE,APRIL,BUATAN,RIAU,502,251130,ROYAL GOLDEN EAGLE,AP ENTERPRISES (MACAO) COMMERCIAL OFFSHORE LTD,MACAO,#N/A,BANGLADESH
2015,470329,ROYAL GOLDEN EAGLE,APRIL,BUATAN,RIAU,1044,511780,ROYAL GOLDEN EAGLE,APEL ENTERPRISES (SINGAPORE) PTE LTD,SINGAPORE,#N/A,UNITED ARAB EMIRATES
2015,470329,MARUBENI,TANJUNG ENIM LESTARI,PANJANG,SUMATERA SELATAN,505,290202,MARUBENI,MARUBENI CORP,JAPAN,#N/A,THAILAND
2015,470329,ROYAL GOLDEN EAGLE,APRIL,BUATAN,RIAU,60,29484,ROYAL GOLDEN EAGLE,APEL ENTERPRISES (SINGAPORE) PTE LTD,SINGAPORE,#N/A,INDIA
2015,470329,SINAR MAS,INDAH KIAT,SUNGAI PAKNING,RIAU,1500,818905,UNKNOWN AFFILIATION,SUZHOU HUANG YI TRADE CO LTD,CHINA (MAINLAND),#N/A,CHINA (MAINLAND)
2015,470329,SINAR MAS,INDAH KIAT,SUNGAI PAKNING,RIAU,500,270250,SINAR MAS,GOLDEN PROFIT TRADING PTE LTD,SINGAPORE,#N/A,SOUTH KOREA
2015,470329,SINAR MAS,LONTAR PAPYRUS,KUALA TUNGKAL,JAMBI,698,363142,UNKNOWN AFFILIATION,SUZHOU GUANBAO TRADING LTD,CHINA (MAINLAND),#N/A,CHINA (MAINLAND)
2015,470329,SINAR MAS,LONTAR PAPYRUS,KUALA TUNGKAL,JAMBI,463,252093,SINAR MAS,KING PAPER SOURCE TRADING (SHANGHAI) CO LTD,CHINA (MAINLAND),#N/A,CHINA (MAINLAND)
2015,470329,SINAR MAS,INDAH KIAT,SUNGAI PAKNING,RIAU,6300,3439400,UNKNOWN AFFILIATION,NINGBO CROWN OF CHINA ENERGY CO LTD,CHINA (MAINLAND),#N/A,CHINA (MAINLAND)
2015,470329,SINAR MAS,LONTAR PAPYRUS,KUALA TUNGKAL,JAMBI,799,440477,UNKNOWN AFFILIATION,SUZHOU HUANG YI TRADE CO LTD,CHINA (MAINLAND),#N/A,CHINA (MAINLAND)
2015,470329,SINAR MAS,LONTAR PAPYRUS,KUALA TUNGKAL,JAMBI,599,327717,SINAR MAS,KING PAPER SOURCE TRADING (SHANGHAI) CO LTD,CHINA (MAINLAND),#N/A,CHINA (MAINLAND)
2015,470329,ROYAL GOLDEN EAGLE,TOBA PULP LESTARI,BELAWAN,SUMATERA UTARA,1081,567288,ROYAL GOLDEN EAGLE,DP MARKETING INTERNATIONAL,MACAO,#N/A,CHINA (MAINLAND)
2015,470329,ROYAL GOLDEN EAGLE,APRIL,BUATAN,RIAU,60,29542,ROYAL GOLDEN EAGLE,APEL ENTERPRISES (SINGAPORE) PTE LTD,SINGAPORE,#N/A,INDIA
2015,470329,ROYAL GOLDEN EAGLE,APRIL,BUATAN,RIAU,201,98283,ROYAL GOLDEN EAGLE,ALKIRA TRADING (MACAO COMMERCIAL OFFSHORE) LTD,MACAO,#N/A,CHINA (MAINLAND)
2015,470329,ROYAL GOLDEN EAGLE,APRIL,BUATAN,RIAU,1166,571316,ROYAL GOLDEN EAGLE,ALKIRA TRADING (MACAO COMMERCIAL OFFSHORE) LTD,MACAO,#N/A,CHINA (MAINLAND)
2015,470329,ROYAL GOLDEN EAGLE,APRIL,BUATAN,RIAU,241,117887,ROYAL GOLDEN EAGLE,APEL ENTERPRISES (SINGAPORE) PTE LTD,SINGAPORE,#N/A,INDIA
2015,470329,ROYAL GOLDEN EAGLE,APRIL,FUTONG,RIAU,5022,2511206,ROYAL GOLDEN EAGLE,APEL ENTERPRISES (SINGAPORE) PTE LTD,SINGAPORE,#N/A,CHINA (MAINLAND)
2015,470329,ROYAL GOLDEN EAGLE,APRIL,BUATAN,RIAU,1286,630184,ROYAL GOLDEN EAGLE,ALKIRA TRADING (MACAO COMMERCIAL OFFSHORE) LTD,MACAO,#N/A,CHINA (MAINLAND)
2015,470329,MARUBENI,TANJUNG ENIM LESTARI,PANJANG,SUMATERA SELATAN,1012,587180,MARUBENI,MARUBENI CORP,JAPAN,#N/A,CHINA (MAINLAND)
2015,470329,ROYAL GOLDEN EAGLE,APRIL,BUATAN,RIAU,98,48157,ROYAL GOLDEN EAGLE,AP ENTERPRISES (MACAO) COMMERCIAL OFFSHORE LTD,MACAO,#N/A,PAKISTAN
2015,470329,MARUBENI,TANJUNG ENIM LESTARI,PANJANG,SUMATERA SELATAN,394,226439,MARUBENI,MARUBENI CORP,JAPAN,#N/A,AUSTRALIA
2015,470329,ROYAL GOLDEN EAGLE,APRIL,BUATAN,RIAU,991,485535,ROYAL GOLDEN EAGLE,APEL ENTERPRISES (SINGAPORE) PTE LTD,SINGAPORE,#N/A,IRAN
2015,470329,SINAR MAS,LONTAR PAPYRUS,KUALA TUNGKAL,JAMBI,500,262731,SINAR MAS,GOLDEN PROFIT TRADING PTE LTD,SINGAPORE,#N/A,UNITED ARAB EMIRATES
2015,470329,ROYAL GOLDEN EAGLE,APRIL,FUTONG,RIAU,8396,4113979,ROYAL GOLDEN EAGLE,AP ENTERPRISES (MACAO) COMMERCIAL OFFSHORE LTD,MACAO,#N/A,SOUTH KOREA
2015,470329,SINAR MAS,LONTAR PAPYRUS,KUALA TUNGKAL,JAMBI,660,362677,UNKNOWN AFFILIATION,NINGBO CROWN OF CHINA ENERGY CO LTD,CHINA (MAINLAND),#N/A,CHINA (MAINLAND)
2015,470329,MARUBENI,TANJUNG ENIM LESTARI,PANJANG,SUMATERA SELATAN,814,460497,MARUBENI,MARUBENI CORP,JAPAN,#N/A,CHINA (MAINLAND)
2015,470329,SINAR MAS,LONTAR PAPYRUS,KUALA TUNGKAL,JAMBI,499,259135,SINAR MAS,GOLDEN PROFIT TRADING PTE LTD,SINGAPORE,#N/A,CHINA (MAINLAND)
2015,470329,SINAR MAS,LONTAR PAPYRUS,KUALA TUNGKAL,JAMBI,239,126327,SINAR MAS,GOLDEN PROFIT TRADING PTE LTD,SINGAPORE,#N/A,INDIA
2015,470329,MARUBENI,TANJUNG ENIM LESTARI,PANJANG,SUMATERA SELATAN,86,46536,MARUBENI,MARUBENI CORP,JAPAN,#N/A,INDIA
2015,470329,ROYAL GOLDEN EAGLE,APRIL,FUTONG,RIAU,5020,2459677,ROYAL GOLDEN EAGLE,AP ENTERPRISES (MACAO) COMMERCIAL OFFSHORE LTD,MACAO,#N/A,SOUTH KOREA
2015,470329,MARUBENI,TANJUNG ENIM LESTARI,PANJANG,SUMATERA SELATAN,109,63979,MARUBENI,MARUBENI CORP,JAPAN,#N/A,INDIA
2015,470329,MARUBENI,TANJUNG ENIM LESTARI,PANJANG,SUMATERA SELATAN,504,294769,MARUBENI,MARUBENI CORP,JAPAN,#N/A,CHINA (MAINLAND)
2015,470329,SINAR MAS,INDAH KIAT,PERAWANG,RIAU,500,265975,SINAR MAS,GOLDEN PROFIT TRADING PTE LTD,SINGAPORE,#N/A,INDIA
2015,470329,ROYAL GOLDEN EAGLE,APRIL,BUATAN,RIAU,1489,729772,ROYAL GOLDEN EAGLE,ALKIRA TRADING (MACAO COMMERCIAL OFFSHORE) LTD,MACAO,#N/A,CHINA (MAINLAND)
2015,470329,SINAR MAS,LONTAR PAPYRUS,KUALA TUNGKAL,JAMBI,501,263805,SINAR MAS,GOLDEN PROFIT TRADING PTE LTD,SINGAPORE,#N/A,INDIA
2015,470329,ROYAL GOLDEN EAGLE,APRIL,BUATAN,RIAU,96,47213,ROYAL GOLDEN EAGLE,ALKIRA TRADING (MACAO COMMERCIAL OFFSHORE) LTD,MACAO,#N/A,TAIWAN
2015,470329,ROYAL GOLDEN EAGLE,APRIL,BUATAN,RIAU,1287,630386,ROYAL GOLDEN EAGLE,ALKIRA TRADING (MACAO COMMERCIAL OFFSHORE) LTD,MACAO,#N/A,CHINA (MAINLAND)
2015,470329,ROYAL GOLDEN EAGLE,APRIL,BUATAN,RIAU,1004,492182,ROYAL GOLDEN EAGLE,ALKIRA TRADING (MACAO COMMERCIAL OFFSHORE) LTD,MACAO,#N/A,CHINA (MAINLAND)
2015,470329,ROYAL GOLDEN EAGLE,TOBA PULP LESTARI,BELAWAN,SUMATERA UTARA,492,263255,ROYAL GOLDEN EAGLE,DP MARKETING INTERNATIONAL,MACAO,#N/A,CHINA (MAINLAND)
2015,470329,SINAR MAS,INDAH KIAT,SUNGAI PAKNING,RIAU,3700,2020890,UNKNOWN AFFILIATION,NINGBO CROWN OF CHINA ENERGY CO LTD,CHINA (MAINLAND),#N/A,CHINA (MAINLAND)
2015,470329,SINAR MAS,LONTAR PAPYRUS,KUALA TUNGKAL,JAMBI,420,218991,SINAR MAS,GOLDEN PROFIT TRADING PTE LTD,SINGAPORE,#N/A,BANGLADESH
2015,470329,SINAR MAS,LONTAR PAPYRUS,KUALA TUNGKAL,JAMBI,463,255597,SINAR MAS,KING PAPER SOURCE TRADING (SHANGHAI) CO LTD,CHINA (MAINLAND),#N/A,CHINA (MAINLAND)
2015,470329,SINAR MAS,LONTAR PAPYRUS,KUALA TUNGKAL,JAMBI,498,262530,SINAR MAS,GOLDEN PROFIT TRADING PTE LTD,SINGAPORE,#N/A,INDIA
2015,470329,ROYAL GOLDEN EAGLE,TOBA PULP LESTARI,BELAWAN,SUMATERA UTARA,986,517463,ROYAL GOLDEN EAGLE,DP MARKETING INTERNATIONAL,MACAO,#N/A,CHINA (MAINLAND)
2015,470329,SINAR MAS,INDAH KIAT,SUNGAI PAKNING,RIAU,1900,1037754,UNKNOWN AFFILIATION,SUZHOU HUANG YI TRADE CO LTD,CHINA (MAINLAND),#N/A,CHINA (MAINLAND)
2015,470329,ROYAL GOLDEN EAGLE,TOBA PULP LESTARI,BELAWAN,SUMATERA UTARA,493,263836,ROYAL GOLDEN EAGLE,DP MARKETING INTERNATIONAL,MACAO,#N/A,CHINA (MAINLAND)
2015,470329,SINAR MAS,INDAH KIAT,SUNGAI PAKNING,RIAU,2000,1081000,SINAR MAS,GOLDEN PROFIT TRADING PTE LTD,SINGAPORE,#N/A,SOUTH KOREA
2015,470329,ROYAL GOLDEN EAGLE,APRIL,BUATAN,RIAU,502,245891,ROYAL GOLDEN EAGLE,ALKIRA TRADING (MACAO COMMERCIAL OFFSHORE) LTD,MACAO,#N/A,CHINA (MAINLAND)
2015,470329,ROYAL GOLDEN EAGLE,TOBA PULP LESTARI,BELAWAN,SUMATERA UTARA,494,259130,ROYAL GOLDEN EAGLE,DP MARKETING INTERNATIONAL,MACAO,#N/A,CHINA (MAINLAND)
2015,470329,ROYAL GOLDEN EAGLE,TOBA PULP LESTARI,BELAWAN,SUMATERA UTARA,493,258810,ROYAL GOLDEN EAGLE,DP MARKETING INTERNATIONAL,MACAO,#N/A,CHINA (MAINLAND)
2015,470329,ROYAL GOLDEN EAGLE,TOBA PULP LESTARI,BELAWAN,SUMATERA UTARA,76,39884,ROYAL GOLDEN EAGLE,DP MARKETING INTERNATIONAL,MACAO,#N/A,CHINA (MAINLAND)
2015,470329,ROYAL GOLDEN EAGLE,APRIL,BUATAN,RIAU,1005,492624,ROYAL GOLDEN EAGLE,ALKIRA TRADING (MACAO COMMERCIAL OFFSHORE) LTD,MACAO,#N/A,CHINA (MAINLAND)
2015,470329,SINAR MAS,INDAH KIAT,SUNGAI PAKNING,RIAU,2000,1081000,SINAR MAS,GOLDEN PROFIT TRADING PTE LTD,SINGAPORE,#N/A,SOUTH KOREA
2015,470329,ROYAL GOLDEN EAGLE,TOBA PULP LESTARI,BELAWAN,SUMATERA UTARA,200,105142,ROYAL GOLDEN EAGLE,DP MARKETING INTERNATIONAL,MACAO,#N/A,CHINA (MAINLAND)
2015,470329,ROYAL GOLDEN EAGLE,TOBA PULP LESTARI,BELAWAN,SUMATERA UTARA,493,258956,ROYAL GOLDEN EAGLE,DP MARKETING INTERNATIONAL,MACAO,#N/A,CHINA (MAINLAND)
2015,470329,ROYAL GOLDEN EAGLE,TOBA PULP LESTARI,BELAWAN,SUMATERA UTARA,493,259066,ROYAL GOLDEN EAGLE,DP MARKETING INTERNATIONAL,MACAO,#N/A,CHINA (MAINLAND)
2015,470329,ROYAL GOLDEN EAGLE,TOBA PULP LESTARI,BELAWAN,SUMATERA UTARA,56,29260,ROYAL GOLDEN EAGLE,DP MARKETING INTERNATIONAL,MACAO,#N/A,CHINA (MAINLAND)
2015,470329,ROYAL GOLDEN EAGLE,APRIL,FUTONG,RIAU,5016,2458053,ROYAL GOLDEN EAGLE,APEL ENTERPRISES (SINGAPORE) PTE LTD,SINGAPORE,#N/A,CHINA (MAINLAND)
2015,470329,MARUBENI,TANJUNG ENIM LESTARI,PANJANG,SUMATERA SELATAN,3000,1698525,MARUBENI,MARUBENI CORP,JAPAN,#N/A,SOUTH KOREA
2015,470329,MARUBENI,TANJUNG ENIM LESTARI,PANJANG,SUMATERA SELATAN,1799,1032530,MARUBENI,MARUBENI CORP,JAPAN,#N/A,JAPAN
2015,470329,SINAR MAS,LONTAR PAPYRUS,KUALA TUNGKAL,JAMBI,460,254458,SINAR MAS,KING PAPER SOURCE TRADING (SHANGHAI) CO LTD,CHINA (MAINLAND),#N/A,CHINA (MAINLAND)
2015,470329,SINAR MAS,LONTAR PAPYRUS,KUALA TUNGKAL,JAMBI,499,276389,SINAR MAS,KING PAPER SOURCE TRADING (SHANGHAI) CO LTD,CHINA (MAINLAND),#N/A,CHINA (MAINLAND)
2015,470329,MARUBENI,TANJUNG ENIM LESTARI,PANJANG,SUMATERA SELATAN,1000,580511,MARUBENI,MARUBENI CORP,JAPAN,#N/A,SOUTH KOREA
2015,470329,SINAR MAS,LONTAR PAPYRUS,KUALA TUNGKAL,JAMBI,440,243598,SINAR MAS,KING PAPER SOURCE TRADING (SHANGHAI) CO LTD,CHINA (MAINLAND),#N/A,CHINA (MAINLAND)
2015,470329,MARUBENI,TANJUNG ENIM LESTARI,PANJANG,SUMATERA SELATAN,3000,1661887,MARUBENI,MARUBENI CORP,JAPAN,#N/A,CHINA (MAINLAND)
2015,470329,ROYAL GOLDEN EAGLE,APRIL,BUATAN,RIAU,98,48218,ROYAL GOLDEN EAGLE,AP ENTERPRISES (MACAO) COMMERCIAL OFFSHORE LTD,MACAO,#N/A,PAKISTAN
2015,470329,MARUBENI,TANJUNG ENIM LESTARI,TANJUNG PRIOK,SUMATERA SELATAN,332,185251,MARUBENI,MARUBENI CORP,JAPAN,#N/A,CHINA (MAINLAND)
2015,470329,SINAR MAS,LONTAR PAPYRUS,KUALA TUNGKAL,JAMBI,201,110903,UNKNOWN AFFILIATION,SUZHOU HUANG YI TRADE CO LTD,CHINA (MAINLAND),#N/A,CHINA (MAINLAND)
2015,470329,MARUBENI,TANJUNG ENIM LESTARI,PANJANG,SUMATERA SELATAN,201,114782,MARUBENI,MARUBENI CORP,JAPAN,#N/A,SOUTH KOREA
2015,470329,MARUBENI,TANJUNG ENIM LESTARI,PANJANG,SUMATERA SELATAN,801,457851,MARUBENI,MARUBENI CORP,JAPAN,#N/A,SOUTH KOREA
2015,470329,SINAR MAS,LONTAR PAPYRUS,KUALA TUNGKAL,JAMBI,201,107903,SINAR MAS,KING PAPER SOURCE TRADING (SHANGHAI) CO LTD,CHINA (MAINLAND),#N/A,CHINA (MAINLAND)
2015,470329,SINAR MAS,LONTAR PAPYRUS,KUALA TUNGKAL,JAMBI,499,263686,SINAR MAS,GOLDEN PROFIT TRADING PTE LTD,SINGAPORE,#N/A,UNITED ARAB EMIRATES
2015,470329,SINAR MAS,LONTAR PAPYRUS,KUALA TUNGKAL,JAMBI,1000,507735,UNKNOWN AFFILIATION,NINGBO CROWN OF CHINA ENERGY CO LTD,CHINA (MAINLAND),#N/A,CHINA (MAINLAND)
2015,470329,MARUBENI,TANJUNG ENIM LESTARI,PANJANG,SUMATERA SELATAN,1016,581449,MARUBENI,MARUBENI CORP,JAPAN,#N/A,CHINA (MAINLAND)
2015,470329,ROYAL GOLDEN EAGLE,APRIL,FUTONG,RIAU,2058,1008594,ROYAL GOLDEN EAGLE,APEL ENTERPRISES (SINGAPORE) PTE LTD,SINGAPORE,#N/A,JAPAN
2015,470329,ROYAL GOLDEN EAGLE,APRIL,FUTONG,RIAU,3618,1787954,ROYAL GOLDEN EAGLE,ALKIRA TRADING (MACAO COMMERCIAL OFFSHORE) LTD,MACAO,#N/A,CHINA (MAINLAND)
2015,470329,MARUBENI,TANJUNG ENIM LESTARI,TANJUNG PRIOK,SUMATERA SELATAN,20,11841,MARUBENI,MARUBENI CORP,JAPAN,#N/A,JAPAN
2015,470329,ROYAL GOLDEN EAGLE,APRIL,BUATAN,RIAU,221,108384,ROYAL GOLDEN EAGLE,APEL ENTERPRISES (SINGAPORE) PTE LTD,SINGAPORE,#N/A,INDIA
2015,470329,MARUBENI,TANJUNG ENIM LESTARI,TANJUNG PRIOK,SUMATERA SELATAN,442,246895,MARUBENI,MARUBENI CORP,JAPAN,#N/A,CHINA (MAINLAND)
2015,470329,ROYAL GOLDEN EAGLE,APRIL,BUATAN,RIAU,40,19706,ROYAL GOLDEN EAGLE,APEL ENTERPRISES (SINGAPORE) PTE LTD,SINGAPORE,#N/A,INDIA
2015,470329,MARUBENI,TANJUNG ENIM LESTARI,PANJANG,SUMATERA SELATAN,1013,587308,MARUBENI,MARUBENI CORP,JAPAN,#N/A,CHINA (MAINLAND)
2015,470329,ROYAL GOLDEN EAGLE,APRIL,BUATAN,RIAU,100,49221,ROYAL GOLDEN EAGLE,APEL ENTERPRISES (SINGAPORE) PTE LTD,SINGAPORE,#N/A,INDIA
2015,470329,ROYAL GOLDEN EAGLE,APRIL,BUATAN,RIAU,242,118402,ROYAL GOLDEN EAGLE,AP ENTERPRISES (MACAO) COMMERCIAL OFFSHORE LTD,MACAO,#N/A,BANGLADESH
2015,470329,ROYAL GOLDEN EAGLE,APRIL,BUATAN,RIAU,202,99000,ROYAL GOLDEN EAGLE,ALKIRA TRADING (MACAO COMMERCIAL OFFSHORE) LTD,MACAO,#N/A,CHINA (MAINLAND)
2015,470329,MARUBENI,TANJUNG ENIM LESTARI,PANJANG,SUMATERA SELATAN,220,123561,MARUBENI,MARUBENI CORP,JAPAN,#N/A,INDIA
2015,470329,ROYAL GOLDEN EAGLE,APRIL,FUTONG,RIAU,2963,1451833,ROYAL GOLDEN EAGLE,APEL ENTERPRISES (SINGAPORE) PTE LTD,SINGAPORE,#N/A,JAPAN
2015,470329,SINAR MAS,INDAH KIAT,PERAWANG,RIAU,200,109150,UNKNOWN AFFILIATION,NINGBO CROWN OF CHINA ENERGY CO LTD,CHINA (MAINLAND),#N/A,CHINA (MAINLAND)
2015,470329,ROYAL GOLDEN EAGLE,APRIL,BUATAN,RIAU,60,29545,ROYAL GOLDEN EAGLE,APEL ENTERPRISES (SINGAPORE) PTE LTD,SINGAPORE,#N/A,INDIA
2015,470329,ROYAL GOLDEN EAGLE,APRIL,BUATAN,RIAU,1064,521205,ROYAL GOLDEN EAGLE,APEL ENTERPRISES (SINGAPORE) PTE LTD,SINGAPORE,#N/A,SAUDI ARABIA
2015,470329,MARUBENI,TANJUNG ENIM LESTARI,PANJANG,SUMATERA SELATAN,108,62612,MARUBENI,MARUBENI CORP,JAPAN,#N/A,INDIA
2015,470329,SINAR MAS,INDAH KIAT,PERAWANG,RIAU,5600,3056200,UNKNOWN AFFILIATION,NINGBO CROWN OF CHINA ENERGY CO LTD,CHINA (MAINLAND),#N/A,CHINA (MAINLAND)
2015,470329,ROYAL GOLDEN EAGLE,APRIL,BUATAN,RIAU,502,245847,ROYAL GOLDEN EAGLE,ALKIRA TRADING (MACAO COMMERCIAL OFFSHORE) LTD,MACAO,#N/A,CHINA (MAINLAND)
2015,470329,SINAR MAS,INDAH KIAT,PERAWANG,RIAU,4300,2338125,UNKNOWN AFFILIATION,NINGBO CROWN OF CHINA ENERGY CO LTD,CHINA (MAINLAND),#N/A,CHINA (MAINLAND)
2015,470329,MARUBENI,TANJUNG ENIM LESTARI,PANJANG,SUMATERA SELATAN,1009,583730,MARUBENI,MARUBENI CORP,JAPAN,#N/A,CHINA (MAINLAND)
2015,470329,ROYAL GOLDEN EAGLE,APRIL,BUATAN,RIAU,1004,491888,ROYAL GOLDEN EAGLE,ALKIRA TRADING (MACAO COMMERCIAL OFFSHORE) LTD,MACAO,#N/A,CHINA (MAINLAND)
2015,470329,ROYAL GOLDEN EAGLE,APRIL,BUATAN,RIAU,994,486947,ROYAL GOLDEN EAGLE,ALKIRA TRADING (MACAO COMMERCIAL OFFSHORE) LTD,MACAO,#N/A,CHINA (MAINLAND)
2015,470329,ROYAL GOLDEN EAGLE,APRIL,BUATAN,RIAU,60,29522,ROYAL GOLDEN EAGLE,APEL ENTERPRISES (SINGAPORE) PTE LTD,SINGAPORE,#N/A,INDIA
2015,470329,ROYAL GOLDEN EAGLE,APRIL,BUATAN,RIAU,522,255941,ROYAL GOLDEN EAGLE,APEL ENTERPRISES (SINGAPORE) PTE LTD,SINGAPORE,#N/A,UNITED ARAB EMIRATES
2015,470329,ROYAL GOLDEN EAGLE,APRIL,BUATAN,RIAU,1003,491660,ROYAL GOLDEN EAGLE,ALKIRA TRADING (MACAO COMMERCIAL OFFSHORE) LTD,MACAO,#N/A,CHINA (MAINLAND)
2015,470329,SINAR MAS,LONTAR PAPYRUS,KUALA TUNGKAL,JAMBI,461,234860,UNKNOWN AFFILIATION,SUZHOU GUANBAO TRADING LTD,CHINA (MAINLAND),#N/A,CHINA (MAINLAND)
2015,470329,ROYAL GOLDEN EAGLE,APRIL,FUTONG,RIAU,7540,3770162,ROYAL GOLDEN EAGLE,APEL ENTERPRISES (SINGAPORE) PTE LTD,SINGAPORE,#N/A,INDIA
2015,470329,SINAR MAS,INDAH KIAT,PERAWANG,RIAU,16,5699,SINAR MAS,GOLDEN PROFIT TRADING PTE LTD,SINGAPORE,#N/A,UNITED STATES
2015,470329,SINAR MAS,INDAH KIAT,PERAWANG,RIAU,18,9671,ITOCHU,ITOCHU CORP TOKPU,SINGAPORE,#N/A,JAPAN
2015,470329,ROYAL GOLDEN EAGLE,APRIL,BUATAN,RIAU,1003,491695,ROYAL GOLDEN EAGLE,ALKIRA TRADING (MACAO COMMERCIAL OFFSHORE) LTD,MACAO,#N/A,CHINA (MAINLAND)
2015,470329,SINAR MAS,LONTAR PAPYRUS,KUALA TUNGKAL,JAMBI,579,302151,SINAR MAS,GOLDEN PROFIT TRADING PTE LTD,SINGAPORE,#N/A,BANGLADESH
2015,470329,ROYAL GOLDEN EAGLE,TOBA PULP LESTARI,BELAWAN,SUMATERA UTARA,494,259133,ROYAL GOLDEN EAGLE,DP MARKETING INTERNATIONAL,MACAO,#N/A,CHINA (MAINLAND)
2015,470329,SINAR MAS,INDAH KIAT,PERAWANG,RIAU,288,154320,ITOCHU,ITOCHU CORP TOKPU,SINGAPORE,#N/A,JAPAN
2015,470329,ROYAL GOLDEN EAGLE,APRIL,BUATAN,RIAU,1004,491795,ROYAL GOLDEN EAGLE,ALKIRA TRADING (MACAO COMMERCIAL OFFSHORE) LTD,MACAO,#N/A,CHINA (MAINLAND)
2015,470329,SINAR MAS,INDAH KIAT,PERAWANG,RIAU,126,68663,SINAR MAS,GOLDEN PROFIT TRADING PTE LTD,SINGAPORE,#N/A,JAPAN
2015,470329,ROYAL GOLDEN EAGLE,APRIL,BUATAN,RIAU,503,246299,ROYAL GOLDEN EAGLE,AP ENTERPRISES (MACAO) COMMERCIAL OFFSHORE LTD,MACAO,#N/A,BANGLADESH
2015,470329,MARUBENI,TANJUNG ENIM LESTARI,PANJANG,SUMATERA SELATAN,507,293975,MARUBENI,MARUBENI CORP,JAPAN,#N/A,THAILAND
2015,470329,ROYAL GOLDEN EAGLE,APRIL,BUATAN,RIAU,60,29531,ROYAL GOLDEN EAGLE,APEL ENTERPRISES (SINGAPORE) PTE LTD,SINGAPORE,#N/A,INDIA
2015,470329,ROYAL GOLDEN EAGLE,TOBA PULP LESTARI,BELAWAN,SUMATERA UTARA,467,245292,ROYAL GOLDEN EAGLE,DP MARKETING INTERNATIONAL,MACAO,#N/A,CHINA (MAINLAND)
2015,470329,ROYAL GOLDEN EAGLE,APRIL,BUATAN,RIAU,1005,492340,ROYAL GOLDEN EAGLE,ALKIRA TRADING (MACAO COMMERCIAL OFFSHORE) LTD,MACAO,#N/A,CHINA (MAINLAND)
2015,470329,ROYAL GOLDEN EAGLE,APRIL,BUATAN,RIAU,261,127943,ROYAL GOLDEN EAGLE,AP ENTERPRISES (MACAO) COMMERCIAL OFFSHORE LTD,MACAO,#N/A,BANGLADESH
2015,470329,ROYAL GOLDEN EAGLE,TOBA PULP LESTARI,BELAWAN,SUMATERA UTARA,493,258656,ROYAL GOLDEN EAGLE,DP MARKETING INTERNATIONAL,MACAO,#N/A,CHINA (MAINLAND)
2015,470329,MARUBENI,TANJUNG ENIM LESTARI,PANJANG,SUMATERA SELATAN,262,155575,MARUBENI,MARUBENI CORP,JAPAN,#N/A,MALAYSIA
2015,470329,ROYAL GOLDEN EAGLE,TOBA PULP LESTARI,BELAWAN,SUMATERA UTARA,986,517491,ROYAL GOLDEN EAGLE,DP MARKETING INTERNATIONAL,MACAO,#N/A,CHINA (MAINLAND)
2015,470329,SINAR MAS,INDAH KIAT,PERAWANG,RIAU,528,269296,UNKNOWN AFFILIATION,SUZHOU GUANBAO TRADING LTD,CHINA (MAINLAND),#N/A,CHINA (MAINLAND)
2015,470329,MARUBENI,TANJUNG ENIM LESTARI,PANJANG,SUMATERA SELATAN,791,446345,MARUBENI,MARUBENI CORP,JAPAN,#N/A,INDIA
2015,470329,ROYAL GOLDEN EAGLE,TOBA PULP LESTARI,BELAWAN,SUMATERA UTARA,476,249650,ROYAL GOLDEN EAGLE,DP MARKETING INTERNATIONAL,MACAO,#N/A,CHINA (MAINLAND)
2015,470329,ROYAL GOLDEN EAGLE,APRIL,FUTONG,RIAU,2514,1231885,ROYAL GOLDEN EAGLE,ALKIRA TRADING (MACAO COMMERCIAL OFFSHORE) LTD,MACAO,#N/A,CHINA (MAINLAND)
2015,470329,ROYAL GOLDEN EAGLE,APRIL,BUATAN,RIAU,241,118110,ROYAL GOLDEN EAGLE,AP ENTERPRISES (MACAO) COMMERCIAL OFFSHORE LTD,MACAO,#N/A,BANGLADESH
2015,470329,ROYAL GOLDEN EAGLE,APRIL,BUATAN,RIAU,502,246070,ROYAL GOLDEN EAGLE,ALKIRA TRADING (MACAO COMMERCIAL OFFSHORE) LTD,MACAO,#N/A,CHINA (MAINLAND)
2015,470329,ROYAL GOLDEN EAGLE,APRIL,BUATAN,RIAU,20,9876,ROYAL GOLDEN EAGLE,AP ENTERPRISES (MACAO) COMMERCIAL OFFSHORE LTD,MACAO,#N/A,BANGLADESH
2015,470329,ROYAL GOLDEN EAGLE,APRIL,FUTONG,RIAU,7536,3692708,ROYAL GOLDEN EAGLE,ALKIRA TRADING (MACAO COMMERCIAL OFFSHORE) LTD,MACAO,#N/A,CHINA (MAINLAND)
2015,470329,ROYAL GOLDEN EAGLE,TOBA PULP LESTARI,BELAWAN,SUMATERA UTARA,987,517975,ROYAL GOLDEN EAGLE,DP MARKETING INTERNATIONAL,MACAO,#N/A,CHINA (MAINLAND)
2015,470329,SINAR MAS,LONTAR PAPYRUS,KUALA TUNGKAL,JAMBI,539,285563,SINAR MAS,KING PAPER SOURCE TRADING (SHANGHAI) CO LTD,CHINA (MAINLAND),#N/A,CHINA (MAINLAND)
2015,470329,ROYAL GOLDEN EAGLE,APRIL,FUTONG,RIAU,6598,3232775,ROYAL GOLDEN EAGLE,ALKIRA TRADING (MACAO COMMERCIAL OFFSHORE) LTD,MACAO,#N/A,CHINA (MAINLAND)
2015,470329,SINAR MAS,LONTAR PAPYRUS,KUALA TUNGKAL,JAMBI,598,324317,SINAR MAS,KING PAPER SOURCE TRADING (SHANGHAI) CO LTD,CHINA (MAINLAND),#N/A,CHINA (MAINLAND)
2015,470329,ROYAL GOLDEN EAGLE,APRIL,BUATAN,RIAU,502,245975,ROYAL GOLDEN EAGLE,ALKIRA TRADING (MACAO COMMERCIAL OFFSHORE) LTD,MACAO,#N/A,CHINA (MAINLAND)
2015,470329,SINAR MAS,LONTAR PAPYRUS,KUALA TUNGKAL,JAMBI,560,296294,SINAR MAS,KING PAPER SOURCE TRADING (SHANGHAI) CO LTD,CHINA (MAINLAND),#N/A,CHINA (MAINLAND)
2015,470329,SINAR MAS,LONTAR PAPYRUS,KUALA TUNGKAL,JAMBI,1336,707329,SINAR MAS,KING PAPER SOURCE TRADING (SHANGHAI) CO LTD,CHINA (MAINLAND),#N/A,CHINA (MAINLAND)
2015,470329,ROYAL GOLDEN EAGLE,TOBA PULP LESTARI,BELAWAN,SUMATERA UTARA,493,258802,ROYAL GOLDEN EAGLE,DP MARKETING INTERNATIONAL,MACAO,#N/A,CHINA (MAINLAND)
2015,470329,SINAR MAS,INDAH KIAT,PERAWANG,RIAU,528,289684,UNKNOWN AFFILIATION,SUZHOU GUANBAO TRADING LTD,CHINA (MAINLAND),#N/A,CHINA (MAINLAND)
2015,470329,ROYAL GOLDEN EAGLE,TOBA PULP LESTARI,BELAWAN,SUMATERA UTARA,493,259040,ROYAL GOLDEN EAGLE,DP MARKETING INTERNATIONAL,MACAO,#N/A,CHINA (MAINLAND)
2015,470329,MARUBENI,TANJUNG ENIM LESTARI,TANJUNG PRIOK,SUMATERA SELATAN,1517,872108,MARUBENI,MARUBENI CORP,JAPAN,#N/A,CHINA (MAINLAND)
2015,470329,SINAR MAS,INDAH KIAT,PERAWANG,RIAU,300,162583,SINAR MAS,GOLDEN PROFIT TRADING PTE LTD,SINGAPORE,#N/A,PHILIPPINES
2015,470329,SINAR MAS,INDAH KIAT,PERAWANG,RIAU,492,267940,SINAR MAS,KING PAPER SOURCE TRADING (SHANGHAI) CO LTD,CHINA (MAINLAND),#N/A,CHINA (MAINLAND)
2015,470329,ROYAL GOLDEN EAGLE,APRIL,BUATAN,RIAU,161,78727,ROYAL GOLDEN EAGLE,APEL ENTERPRISES (SINGAPORE) PTE LTD,SINGAPORE,#N/A,INDIA
2015,470329,SINAR MAS,INDAH KIAT,PERAWANG,RIAU,504,274475,SINAR MAS,KING PAPER SOURCE TRADING (SHANGHAI) CO LTD,CHINA (MAINLAND),#N/A,CHINA (MAINLAND)
2015,470329,ROYAL GOLDEN EAGLE,APRIL,BUATAN,RIAU,1547,758018,ROYAL GOLDEN EAGLE,APEL ENTERPRISES (SINGAPORE) PTE LTD,SINGAPORE,#N/A,SAUDI ARABIA
2015,470329,SINAR MAS,INDAH KIAT,PERAWANG,RIAU,528,269296,UNKNOWN AFFILIATION,SUZHOU GUANBAO TRADING LTD,CHINA (MAINLAND),#N/A,CHINA (MAINLAND)
2015,470329,ROYAL GOLDEN EAGLE,APRIL,BUATAN,RIAU,60,29600,ROYAL GOLDEN EAGLE,APEL ENTERPRISES (SINGAPORE) PTE LTD,SINGAPORE,#N/A,INDIA
2015,470329,SINAR MAS,INDAH KIAT,SUNGAI PAKNING,RIAU,4600,2512458,UNKNOWN AFFILIATION,SUZHOU GUANBAO TRADING LTD,CHINA (MAINLAND),#N/A,CHINA (MAINLAND)
2015,470329,SINAR MAS,INDAH KIAT,PERAWANG,RIAU,492,267940,UNKNOWN AFFILIATION,SUZHOU HUANG YI TRADE CO LTD,CHINA (MAINLAND),#N/A,CHINA (MAINLAND)
2015,470329,SINAR MAS,INDAH KIAT,SUNGAI PAKNING,RIAU,5000,2730932,UNKNOWN AFFILIATION,SUZHOU HUANG YI TRADE CO LTD,CHINA (MAINLAND),#N/A,CHINA (MAINLAND)
2015,470329,ROYAL GOLDEN EAGLE,APRIL,BUATAN,RIAU,500,245203,ROYAL GOLDEN EAGLE,ALKIRA TRADING (MACAO COMMERCIAL OFFSHORE) LTD,MACAO,#N/A,CHINA (MAINLAND)
2015,470329,SINAR MAS,INDAH KIAT,PERAWANG,RIAU,1000,527926,UNKNOWN AFFILIATION,NINGBO CROWN OF CHINA ENERGY CO LTD,CHINA (MAINLAND),#N/A,BANGLADESH
2015,470329,SINAR MAS,INDAH KIAT,PERAWANG,RIAU,504,274475,UNKNOWN AFFILIATION,SUZHOU HUANG YI TRADE CO LTD,CHINA (MAINLAND),#N/A,CHINA (MAINLAND)
2015,470329,ROYAL GOLDEN EAGLE,APRIL,FUTONG,RIAU,6458,3164433,ROYAL GOLDEN EAGLE,ALKIRA TRADING (MACAO COMMERCIAL OFFSHORE) LTD,MACAO,#N/A,CHINA (MAINLAND)
2015,470329,SINAR MAS,INDAH KIAT,PERAWANG,RIAU,504,274475,UNKNOWN AFFILIATION,SUZHOU HUANG YI TRADE CO LTD,CHINA (MAINLAND),#N/A,CHINA (MAINLAND)
2015,470329,MARUBENI,TANJUNG ENIM LESTARI,TANJUNG PRIOK,SUMATERA SELATAN,1005,572747,MARUBENI,MARUBENI CORP,JAPAN,#N/A,CHINA (MAINLAND)
2015,470329,ROYAL GOLDEN EAGLE,APRIL,BUATAN,RIAU,145,70936,ROYAL GOLDEN EAGLE,ALKIRA TRADING (MACAO COMMERCIAL OFFSHORE) LTD,MACAO,#N/A,UNITED KINGDOM
2015,470329,ROYAL GOLDEN EAGLE,APRIL,BUATAN,RIAU,995,487311,ROYAL GOLDEN EAGLE,ALKIRA TRADING (MACAO COMMERCIAL OFFSHORE) LTD,MACAO,#N/A,CHINA (MAINLAND)
2015,470329,ROYAL GOLDEN EAGLE,APRIL,BUATAN,RIAU,1005,492345,ROYAL GOLDEN EAGLE,ALKIRA TRADING (MACAO COMMERCIAL OFFSHORE) LTD,MACAO,#N/A,CHINA (MAINLAND)
2015,470329,MARUBENI,TANJUNG ENIM LESTARI,PANJANG,SUMATERA SELATAN,504,289862,MARUBENI,MARUBENI CORP,JAPAN,#N/A,CHINA (MAINLAND)
2015,470329,ROYAL GOLDEN EAGLE,APRIL,BUATAN,RIAU,301,150689,ROYAL GOLDEN EAGLE,ALKIRA TRADING (MACAO COMMERCIAL OFFSHORE) LTD,MACAO,#N/A,CHINA (MAINLAND)
2015,470329,ROYAL GOLDEN EAGLE,APRIL,BUATAN,RIAU,1509,739288,ROYAL GOLDEN EAGLE,ALKIRA TRADING (MACAO COMMERCIAL OFFSHORE) LTD,MACAO,#N/A,CHINA (MAINLAND)
2015,470329,ROYAL GOLDEN EAGLE,APRIL,BUATAN,RIAU,101,50270,ROYAL GOLDEN EAGLE,APEL ENTERPRISES (SINGAPORE) PTE LTD,SINGAPORE,#N/A,UNITED ARAB EMIRATES
2015,470329,MARUBENI,TANJUNG ENIM LESTARI,PANJANG,SUMATERA SELATAN,1011,576757,MARUBENI,MARUBENI CORP,JAPAN,#N/A,CHINA (MAINLAND)
2015,470329,SINAR MAS,LONTAR PAPYRUS,KUALA TUNGKAL,JAMBI,1000,529067,UNKNOWN AFFILIATION,NINGBO CROWN OF CHINA ENERGY CO LTD,CHINA (MAINLAND),#N/A,CHINA (MAINLAND)
2015,470329,SINAR MAS,LONTAR PAPYRUS,KUALA TUNGKAL,JAMBI,559,303052,SINAR MAS,KING PAPER SOURCE TRADING (SHANGHAI) CO LTD,CHINA (MAINLAND),#N/A,CHINA (MAINLAND)
2015,470329,ROYAL GOLDEN EAGLE,TOBA PULP LESTARI,BELAWAN,SUMATERA UTARA,493,258642,ROYAL GOLDEN EAGLE,DP MARKETING INTERNATIONAL,MACAO,#N/A,CHINA (MAINLAND)
2015,470329,ROYAL GOLDEN EAGLE,APRIL,BUATAN,RIAU,522,255894,ROYAL GOLDEN EAGLE,APEL ENTERPRISES (SINGAPORE) PTE LTD,SINGAPORE,#N/A,UNITED ARAB EMIRATES
2015,470329,MARUBENI,TANJUNG ENIM LESTARI,PANJANG,SUMATERA SELATAN,199,112332,MARUBENI,MARUBENI CORP,JAPAN,#N/A,INDIA
2015,470329,ROYAL GOLDEN EAGLE,APRIL,BUATAN,RIAU,502,250918,ROYAL GOLDEN EAGLE,ALKIRA TRADING (MACAO COMMERCIAL OFFSHORE) LTD,MACAO,#N/A,CHINA (MAINLAND)
2015,470329,ROYAL GOLDEN EAGLE,APRIL,BUATAN,RIAU,201,100469,ROYAL GOLDEN EAGLE,ALKIRA TRADING (MACAO COMMERCIAL OFFSHORE) LTD,MACAO,#N/A,CHINA (MAINLAND)
2015,470329,ROYAL GOLDEN EAGLE,TOBA PULP LESTARI,BELAWAN,SUMATERA UTARA,493,258805,ROYAL GOLDEN EAGLE,DP MARKETING INTERNATIONAL,MACAO,#N/A,CHINA (MAINLAND)
2015,470329,ROYAL GOLDEN EAGLE,APRIL,BUATAN,RIAU,161,80377,ROYAL GOLDEN EAGLE,AP ENTERPRISES (MACAO) COMMERCIAL OFFSHORE LTD,MACAO,#N/A,BANGLADESH
2015,470329,ROYAL GOLDEN EAGLE,APRIL,BUATAN,RIAU,497,248274,ROYAL GOLDEN EAGLE,ALKIRA TRADING (MACAO COMMERCIAL OFFSHORE) LTD,MACAO,#N/A,CHINA (MAINLAND)
2015,470329,ROYAL GOLDEN EAGLE,APRIL,BUATAN,RIAU,60,30088,ROYAL GOLDEN EAGLE,AP ENTERPRISES (MACAO) COMMERCIAL OFFSHORE LTD,MACAO,#N/A,BANGLADESH
2015,470329,ROYAL GOLDEN EAGLE,APRIL,BUATAN,RIAU,397,198632,ROYAL GOLDEN EAGLE,APEL ENTERPRISES (SINGAPORE) PTE LTD,SINGAPORE,#N/A,DJIBOUTI
2015,470329,ROYAL GOLDEN EAGLE,TOBA PULP LESTARI,BELAWAN,SUMATERA UTARA,492,258541,ROYAL GOLDEN EAGLE,DP MARKETING INTERNATIONAL,MACAO,#N/A,CHINA (MAINLAND)
2015,470329,ROYAL GOLDEN EAGLE,TOBA PULP LESTARI,BELAWAN,SUMATERA UTARA,493,258667,ROYAL GOLDEN EAGLE,DP MARKETING INTERNATIONAL,MACAO,#N/A,CHINA (MAINLAND)
2015,470329,MARUBENI,TANJUNG ENIM LESTARI,PANJANG,SUMATERA SELATAN,507,292067,MARUBENI,MARUBENI CORP,JAPAN,#N/A,THAILAND
2015,470329,SINAR MAS,INDAH KIAT,PERAWANG,RIAU,500,274622,SINAR MAS,GOLDEN PROFIT TRADING PTE LTD,SINGAPORE,#N/A,THAILAND
2015,470329,SINAR MAS,INDAH KIAT,PERAWANG,RIAU,100,53528,SINAR MAS,KING PAPER SOURCE TRADING (SHANGHAI) CO LTD,CHINA (MAINLAND),#N/A,CHINA (MAINLAND)
2015,470329,SINAR MAS,LONTAR PAPYRUS,KUALA TUNGKAL,JAMBI,500,263515,UNKNOWN AFFILIATION,NINGBO CROWN OF CHINA ENERGY CO LTD,CHINA (MAINLAND),#N/A,BANGLADESH
2015,470329,ROYAL GOLDEN EAGLE,APRIL,BUATAN,RIAU,502,250793,ROYAL GOLDEN EAGLE,ALKIRA TRADING (MACAO COMMERCIAL OFFSHORE) LTD,MACAO,#N/A,CHINA (MAINLAND)
2015,470329,SINAR MAS,LONTAR PAPYRUS,KUALA TUNGKAL,JAMBI,440,231119,UNKNOWN AFFILIATION,SUZHOU GUANBAO TRADING LTD,CHINA (MAINLAND),#N/A,CHINA (MAINLAND)
2015,470329,SINAR MAS,INDAH KIAT,PERAWANG,RIAU,100,55975,SINAR MAS,GOLDEN PROFIT TRADING PTE LTD,SINGAPORE,#N/A,TAIWAN
2015,470329,ROYAL GOLDEN EAGLE,APRIL,BUATAN,RIAU,994,496818,ROYAL GOLDEN EAGLE,ALKIRA TRADING (MACAO COMMERCIAL OFFSHORE) LTD,MACAO,#N/A,CHINA (MAINLAND)
2015,470329,SINAR MAS,INDAH KIAT,PERAWANG,RIAU,300,166427,SINAR MAS,GOLDEN PROFIT TRADING PTE LTD,SINGAPORE,#N/A,TAIWAN
2015,470329,SINAR MAS,LONTAR PAPYRUS,KUALA TUNGKAL,JAMBI,999,526793,UNKNOWN AFFILIATION,NINGBO CROWN OF CHINA ENERGY CO LTD,CHINA (MAINLAND),#N/A,BANGLADESH
2015,470329,ROYAL GOLDEN EAGLE,TOBA PULP LESTARI,BELAWAN,SUMATERA UTARA,493,259073,ROYAL GOLDEN EAGLE,DP MARKETING INTERNATIONAL,MACAO,#N/A,CHINA (MAINLAND)
2015,470329,SINAR MAS,LONTAR PAPYRUS,KUALA TUNGKAL,JAMBI,500,260875,SINAR MAS,GOLDEN PROFIT TRADING PTE LTD,SINGAPORE,#N/A,BANGLADESH
2015,470329,ROYAL GOLDEN EAGLE,APRIL,BUATAN,RIAU,803,401601,ROYAL GOLDEN EAGLE,APEL ENTERPRISES (SINGAPORE) PTE LTD,SINGAPORE,#N/A,LEBANON
2015,470329,ROYAL GOLDEN EAGLE,APRIL,FUTONG,RIAU,2007,1003705,ROYAL GOLDEN EAGLE,ALKIRA TRADING (MACAO COMMERCIAL OFFSHORE) LTD,MACAO,#N/A,CHINA (MAINLAND)
2015,470329,ROYAL GOLDEN EAGLE,APRIL,FUTONG,RIAU,3515,1757444,ROYAL GOLDEN EAGLE,AP ENTERPRISES (MACAO) COMMERCIAL OFFSHORE LTD,MACAO,#N/A,CHINA (MAINLAND)
2015,470329,SINAR MAS,LONTAR PAPYRUS,KUALA TUNGKAL,JAMBI,160,84532,UNKNOWN AFFILIATION,SUZHOU GUANBAO TRADING LTD,CHINA (MAINLAND),#N/A,CHINA (MAINLAND)
2015,470329,ROYAL GOLDEN EAGLE,APRIL,FUTONG,RIAU,4017,2008415,ROYAL GOLDEN EAGLE,ALKIRA TRADING (MACAO COMMERCIAL OFFSHORE) LTD,MACAO,#N/A,CHINA (MAINLAND)
2015,470329,ROYAL GOLDEN EAGLE,APRIL,BUATAN,RIAU,99,48278,ROYAL GOLDEN EAGLE,AP ENTERPRISES (MACAO) COMMERCIAL OFFSHORE LTD,MACAO,#N/A,PAKISTAN
2015,470329,SINAR MAS,INDAH KIAT,PERAWANG,RIAU,990,513562,SINAR MAS,GOLDEN PROFIT TRADING PTE LTD,SINGAPORE,#N/A,KUWAIT
2015,470329,ROYAL GOLDEN EAGLE,APRIL,BUATAN,RIAU,763,381560,ROYAL GOLDEN EAGLE,APEL ENTERPRISES (SINGAPORE) PTE LTD,SINGAPORE,#N/A,KUWAIT
2015,470329,ROYAL GOLDEN EAGLE,APRIL,BUATAN,RIAU,201,100380,ROYAL GOLDEN EAGLE,APEL ENTERPRISES (SINGAPORE) PTE LTD,SINGAPORE,#N/A,INDIA
2015,470329,ROYAL GOLDEN EAGLE,APRIL,FUTONG,RIAU,6528,3259069,ROYAL GOLDEN EAGLE,ALKIRA TRADING (MACAO COMMERCIAL OFFSHORE) LTD,MACAO,#N/A,CHINA (MAINLAND)
2015,470329,ROYAL GOLDEN EAGLE,APRIL,FUTONG,RIAU,3478,1704390,ROYAL GOLDEN EAGLE,ALKIRA TRADING (MACAO COMMERCIAL OFFSHORE) LTD,MACAO,#N/A,CHINA (MAINLAND)
2015,470329,MARUBENI,TANJUNG ENIM LESTARI,TANJUNG PRIOK,SUMATERA SELATAN,262,160754,MARUBENI,MARUBENI CORP,JAPAN,#N/A,JAPAN
2015,470329,SINAR MAS,INDAH KIAT,PERAWANG,RIAU,100,55717,SINAR MAS,KING PAPER SOURCE TRADING (SHANGHAI) CO LTD,CHINA (MAINLAND),#N/A,CHINA (MAINLAND)
2015,470329,SINAR MAS,INDAH KIAT,PERAWANG,RIAU,500,273469,SINAR MAS,GOLDEN PROFIT TRADING PTE LTD,SINGAPORE,#N/A,THAILAND
2015,470329,SINAR MAS,INDAH KIAT,PERAWANG,RIAU,1000,555285,UNKNOWN AFFILIATION,SUZHOU GUANBAO TRADING LTD,CHINA (MAINLAND),#N/A,CHINA (MAINLAND)
2015,470329,SINAR MAS,INDAH KIAT,PERAWANG,RIAU,700,367697,UNKNOWN AFFILIATION,SUZHOU HUANG YI TRADE CO LTD,CHINA (MAINLAND),#N/A,CHINA (MAINLAND)
2015,470329,MARUBENI,TANJUNG ENIM LESTARI,PANJANG,SUMATERA SELATAN,89,52592,MARUBENI,MARUBENI CORP,JAPAN,#N/A,INDIA
2015,470329,SINAR MAS,INDAH KIAT,PERAWANG,RIAU,1300,713942,UNKNOWN AFFILIATION,SUZHOU HUANG YI TRADE CO LTD,CHINA (MAINLAND),#N/A,CHINA (MAINLAND)
2015,470329,SINAR MAS,INDAH KIAT,PERAWANG,RIAU,200,109388,SINAR MAS,GOLDEN PROFIT TRADING PTE LTD,SINGAPORE,#N/A,THAILAND
2015,470329,MARUBENI,TANJUNG ENIM LESTARI,PANJANG,SUMATERA SELATAN,109,59881,MARUBENI,MARUBENI CORP,JAPAN,#N/A,INDIA
2015,470329,ROYAL GOLDEN EAGLE,APRIL,FUTONG,RIAU,2213,1106275,ROYAL GOLDEN EAGLE,ALKIRA TRADING (MACAO COMMERCIAL OFFSHORE) LTD,MACAO,#N/A,CHINA (MAINLAND)
2015,470329,ROYAL GOLDEN EAGLE,APRIL,BUATAN,RIAU,1006,502880,ROYAL GOLDEN EAGLE,ALKIRA TRADING (MACAO COMMERCIAL OFFSHORE) LTD,MACAO,#N/A,CHINA (MAINLAND)
2015,470329,ROYAL GOLDEN EAGLE,APRIL,BUATAN,RIAU,201,100478,ROYAL GOLDEN EAGLE,APEL ENTERPRISES (SINGAPORE) PTE LTD,SINGAPORE,#N/A,THAILAND
2015,470329,SINAR MAS,INDAH KIAT,SUNGAI PAKNING,RIAU,800,429200,UNKNOWN AFFILIATION,SUZHOU HUANG YI TRADE CO LTD,CHINA (MAINLAND),#N/A,CHINA (MAINLAND)
2015,470329,ROYAL GOLDEN EAGLE,APRIL,BUATAN,RIAU,702,351230,ROYAL GOLDEN EAGLE,ALKIRA TRADING (MACAO COMMERCIAL OFFSHORE) LTD,MACAO,#N/A,CHINA (MAINLAND)
2015,470329,ROYAL GOLDEN EAGLE,APRIL,BUATAN,RIAU,1490,745096,ROYAL GOLDEN EAGLE,ALKIRA TRADING (MACAO COMMERCIAL OFFSHORE) LTD,MACAO,#N/A,CHINA (MAINLAND)
2015,470329,ROYAL GOLDEN EAGLE,APRIL,BUATAN,RIAU,60,29524,ROYAL GOLDEN EAGLE,APEL ENTERPRISES (SINGAPORE) PTE LTD,SINGAPORE,#N/A,INDIA
2015,470329,ROYAL GOLDEN EAGLE,APRIL,BUATAN,RIAU,523,261366,ROYAL GOLDEN EAGLE,APEL ENTERPRISES (SINGAPORE) PTE LTD,SINGAPORE,#N/A,UNITED ARAB EMIRATES
2015,470329,ROYAL GOLDEN EAGLE,APRIL,BUATAN,RIAU,60,29501,ROYAL GOLDEN EAGLE,APEL ENTERPRISES (SINGAPORE) PTE LTD,SINGAPORE,#N/A,INDIA
2015,470329,ROYAL GOLDEN EAGLE,APRIL,FUTONG,RIAU,6995,3497478,ROYAL GOLDEN EAGLE,ALKIRA TRADING (MACAO COMMERCIAL OFFSHORE) LTD,MACAO,#N/A,CHINA (MAINLAND)
2015,470329,ROYAL GOLDEN EAGLE,TOBA PULP LESTARI,BELAWAN,SUMATERA UTARA,988,518667,ROYAL GOLDEN EAGLE,DP MARKETING INTERNATIONAL,MACAO,#N/A,CHINA (MAINLAND)
2015,470329,SINAR MAS,INDAH KIAT,PERAWANG,RIAU,1000,532905,UNKNOWN AFFILIATION,SUZHOU GUANBAO TRADING LTD,CHINA (MAINLAND),#N/A,CHINA (MAINLAND)
2015,470329,SINAR MAS,INDAH KIAT,PERAWANG,RIAU,500,268318,SINAR MAS,GOLDEN PROFIT TRADING PTE LTD,SINGAPORE,#N/A,INDIA
2015,470329,SINAR MAS,INDAH KIAT,PERAWANG,RIAU,132,70265,UNKNOWN AFFILIATION,SUZHOU GUANBAO TRADING LTD,CHINA (MAINLAND),#N/A,CHINA (MAINLAND)
2015,470329,SINAR MAS,INDAH KIAT,SUNGAI PAKNING,RIAU,9400,5137100,UNKNOWN AFFILIATION,NINGBO CROWN OF CHINA ENERGY CO LTD,CHINA (MAINLAND),#N/A,CHINA (MAINLAND)
2015,470329,SINAR MAS,LONTAR PAPYRUS,KUALA TUNGKAL,JAMBI,620,335840,UNKNOWN AFFILIATION,NINGBO CROWN OF CHINA ENERGY CO LTD,CHINA (MAINLAND),#N/A,CHINA (MAINLAND)
2015,470329,SINAR MAS,LONTAR PAPYRUS,KUALA TUNGKAL,JAMBI,679,356805,UNKNOWN AFFILIATION,SUZHOU HUANG YI TRADE CO LTD,CHINA (MAINLAND),#N/A,CHINA (MAINLAND)
2015,470329,SINAR MAS,INDAH KIAT,PERAWANG,RIAU,1000,532905,UNKNOWN AFFILIATION,SUZHOU GUANBAO TRADING LTD,CHINA (MAINLAND),#N/A,CHINA (MAINLAND)
2015,470329,SINAR MAS,INDAH KIAT,PERAWANG,RIAU,300,166577,SINAR MAS,GOLDEN PROFIT TRADING PTE LTD,SINGAPORE,#N/A,TAIWAN
2015,470329,SINAR MAS,LONTAR PAPYRUS,KUALA TUNGKAL,JAMBI,140,75936,SINAR MAS,KING PAPER SOURCE TRADING (SHANGHAI) CO LTD,CHINA (MAINLAND),#N/A,CHINA (MAINLAND)
2015,470329,SINAR MAS,LONTAR PAPYRUS,KUALA TUNGKAL,JAMBI,1378,747237,UNKNOWN AFFILIATION,NINGBO CROWN OF CHINA ENERGY CO LTD,CHINA (MAINLAND),#N/A,CHINA (MAINLAND)
2015,470329,SINAR MAS,INDAH KIAT,PERAWANG,RIAU,288,151184,SINAR MAS,GOLDEN PROFIT TRADING PTE LTD,SINGAPORE,#N/A,JAPAN
2015,470329,ROYAL GOLDEN EAGLE,TOBA PULP LESTARI,BELAWAN,SUMATERA UTARA,493,258609,ROYAL GOLDEN EAGLE,DP MARKETING INTERNATIONAL,MACAO,#N/A,CHINA (MAINLAND)
2015,470329,ROYAL GOLDEN EAGLE,APRIL,FUTONG,RIAU,7530,3765070,ROYAL GOLDEN EAGLE,AP ENTERPRISES (MACAO) COMMERCIAL OFFSHORE LTD,MACAO,#N/A,SOUTH KOREA
2015,470329,ROYAL GOLDEN EAGLE,APRIL,BUATAN,RIAU,1490,744932,ROYAL GOLDEN EAGLE,ALKIRA TRADING (MACAO COMMERCIAL OFFSHORE) LTD,MACAO,#N/A,CHINA (MAINLAND)
2015,470329,SINAR MAS,INDAH KIAT,PERAWANG,RIAU,270,146978,SINAR MAS,GOLDEN PROFIT TRADING PTE LTD,SINGAPORE,#N/A,JAPAN
2015,470329,MARUBENI,TANJUNG ENIM LESTARI,PANJANG,SUMATERA SELATAN,800,464346,MARUBENI,MARUBENI CORP,JAPAN,#N/A,SOUTH KOREA
2015,470329,SINAR MAS,LONTAR PAPYRUS,KUALA TUNGKAL,JAMBI,499,254592,SINAR MAS,GOLDEN PROFIT TRADING PTE LTD,SINGAPORE,#N/A,INDIA
2015,470329,ROYAL GOLDEN EAGLE,APRIL,BUATAN,RIAU,100,50216,ROYAL GOLDEN EAGLE,APEL ENTERPRISES (SINGAPORE) PTE LTD,SINGAPORE,#N/A,INDIA
2015,470329,ROYAL GOLDEN EAGLE,APRIL,BUATAN,RIAU,502,251246,ROYAL GOLDEN EAGLE,ALKIRA TRADING (MACAO COMMERCIAL OFFSHORE) LTD,MACAO,#N/A,CHINA (MAINLAND)
2015,470329,MARUBENI,TANJUNG ENIM LESTARI,PANJANG,SUMATERA SELATAN,399,230681,MARUBENI,MARUBENI CORP,JAPAN,#N/A,TAIWAN
2015,470329,SINAR MAS,LONTAR PAPYRUS,KUALA TUNGKAL,JAMBI,500,255079,SINAR MAS,GOLDEN PROFIT TRADING PTE LTD,SINGAPORE,#N/A,INDIA
2015,470329,MARUBENI,TANJUNG ENIM LESTARI,PANJANG,SUMATERA SELATAN,100,60715,MARUBENI,MARUBENI CORP,JAPAN,#N/A,JAPAN
2015,470329,MARUBENI,TANJUNG ENIM LESTARI,PANJANG,SUMATERA SELATAN,500,290344,MARUBENI,MARUBENI CORP,JAPAN,#N/A,SOUTH KOREA
2015,470329,MARUBENI,TANJUNG ENIM LESTARI,PANJANG,SUMATERA SELATAN,499,280430,MARUBENI,MARUBENI CORP,JAPAN,#N/A,CHINA (MAINLAND)
2015,470329,MARUBENI,TANJUNG ENIM LESTARI,PANJANG,SUMATERA SELATAN,499,294652,MARUBENI,MARUBENI CORP,JAPAN,#N/A,SOUTH KOREA
2015,470329,MARUBENI,TANJUNG ENIM LESTARI,PANJANG,SUMATERA SELATAN,201,118056,MARUBENI,MARUBENI CORP,JAPAN,#N/A,TAIWAN
2015,470329,MARUBENI,TANJUNG ENIM LESTARI,PANJANG,SUMATERA SELATAN,101,58763,MARUBENI,MARUBENI CORP,JAPAN,#N/A,JAPAN
2015,470329,MARUBENI,TANJUNG ENIM LESTARI,PANJANG,SUMATERA SELATAN,500,281105,MARUBENI,MARUBENI CORP,JAPAN,#N/A,CHINA (MAINLAND)
2015,470329,MARUBENI,TANJUNG ENIM LESTARI,PANJANG,SUMATERA SELATAN,499,289910,MARUBENI,MARUBENI CORP,JAPAN,#N/A,SOUTH KOREA
2015,470329,MARUBENI,TANJUNG ENIM LESTARI,PANJANG,SUMATERA SELATAN,402,231941,MARUBENI,MARUBENI CORP,JAPAN,#N/A,TAIWAN
2015,470329,MARUBENI,TANJUNG ENIM LESTARI,PANJANG,SUMATERA SELATAN,400,233763,MARUBENI,MARUBENI CORP,JAPAN,#N/A,JAPAN
2015,470329,MARUBENI,TANJUNG ENIM LESTARI,PANJANG,SUMATERA SELATAN,300,169105,MARUBENI,MARUBENI CORP,JAPAN,#N/A,JAPAN
2015,470329,ROYAL GOLDEN EAGLE,TOBA PULP LESTARI,BELAWAN,SUMATERA UTARA,987,517971,ROYAL GOLDEN EAGLE,DP MARKETING INTERNATIONAL,MACAO,#N/A,CHINA (MAINLAND)
2015,470329,MARUBENI,TANJUNG ENIM LESTARI,PANJANG,SUMATERA SELATAN,1389,793664,MARUBENI,MARUBENI CORP,JAPAN,#N/A,CHINA (MAINLAND)
2015,470329,SINAR MAS,LONTAR PAPYRUS,KUALA TUNGKAL,JAMBI,60,32580,SINAR MAS,KING PAPER SOURCE TRADING (SHANGHAI) CO LTD,CHINA (MAINLAND),#N/A,CHINA (MAINLAND)
2015,470329,MARUBENI,TANJUNG ENIM LESTARI,PANJANG,SUMATERA SELATAN,199,114998,MARUBENI,MARUBENI CORP,JAPAN,#N/A,TAIWAN
2015,470329,ROYAL GOLDEN EAGLE,APRIL,BUATAN,RIAU,1508,753977,ROYAL GOLDEN EAGLE,ALKIRA TRADING (MACAO COMMERCIAL OFFSHORE) LTD,MACAO,#N/A,CHINA (MAINLAND)
2015,470329,MARUBENI,TANJUNG ENIM LESTARI,PANJANG,SUMATERA SELATAN,199,115581,MARUBENI,MARUBENI CORP,JAPAN,#N/A,SOUTH KOREA
2015,470329,ROYAL GOLDEN EAGLE,TOBA PULP LESTARI,BELAWAN,SUMATERA UTARA,493,258683,ROYAL GOLDEN EAGLE,DP MARKETING INTERNATIONAL,MACAO,#N/A,CHINA (MAINLAND)
2015,470329,MARUBENI,TANJUNG ENIM LESTARI,PANJANG,SUMATERA SELATAN,1001,578974,MARUBENI,MARUBENI CORP,JAPAN,#N/A,TAIWAN
2015,470329,MARUBENI,TANJUNG ENIM LESTARI,PANJANG,SUMATERA SELATAN,801,459689,MARUBENI,MARUBENI CORP,JAPAN,#N/A,JAPAN
2015,470329,MARUBENI,TANJUNG ENIM LESTARI,PANJANG,SUMATERA SELATAN,1000,590321,MARUBENI,MARUBENI CORP,JAPAN,#N/A,SOUTH KOREA
2015,470329,MARUBENI,TANJUNG ENIM LESTARI,PANJANG,SUMATERA SELATAN,301,176772,MARUBENI,MARUBENI CORP,JAPAN,#N/A,TAIWAN
2015,470329,SINAR MAS,INDAH KIAT,SUNGAI PAKNING,RIAU,1500,818905,UNKNOWN AFFILIATION,SUZHOU HUANG YI TRADE CO LTD,CHINA (MAINLAND),#N/A,CHINA (MAINLAND)
2015,470329,SINAR MAS,LONTAR PAPYRUS,KUALA TUNGKAL,JAMBI,482,266249,SINAR MAS,KING PAPER SOURCE TRADING (SHANGHAI) CO LTD,CHINA (MAINLAND),#N/A,CHINA (MAINLAND)
2015,470329,ROYAL GOLDEN EAGLE,APRIL,BUATAN,RIAU,60,29521,ROYAL GOLDEN EAGLE,APEL ENTERPRISES (SINGAPORE) PTE LTD,SINGAPORE,#N/A,INDIA
2015,470329,SINAR MAS,LONTAR PAPYRUS,KUALA TUNGKAL,JAMBI,260,135364,UNKNOWN AFFILIATION,SUZHOU GUANBAO TRADING LTD,CHINA (MAINLAND),#N/A,CHINA (MAINLAND)
2015,470329,SINAR MAS,INDAH KIAT,SUNGAI PAKNING,RIAU,2000,1094873,UNKNOWN AFFILIATION,SUZHOU GUANBAO TRADING LTD,CHINA (MAINLAND),#N/A,CHINA (MAINLAND)
2015,470329,ROYAL GOLDEN EAGLE,APRIL,BUATAN,RIAU,201,100266,ROYAL GOLDEN EAGLE,APEL ENTERPRISES (SINGAPORE) PTE LTD,SINGAPORE,#N/A,INDIA
2015,470329,SINAR MAS,INDAH KIAT,PERAWANG,RIAU,1000,513614,SINAR MAS,GOLDEN PROFIT TRADING PTE LTD,SINGAPORE,#N/A,INDIA
2015,470329,SINAR MAS,LONTAR PAPYRUS,KUALA TUNGKAL,JAMBI,396,218788,SINAR MAS,KING PAPER SOURCE TRADING (SHANGHAI) CO LTD,CHINA (MAINLAND),#N/A,CHINA (MAINLAND)
2015,470329,SINAR MAS,LONTAR PAPYRUS,KUALA TUNGKAL,JAMBI,999,524691,SINAR MAS,GOLDEN PROFIT TRADING PTE LTD,SINGAPORE,#N/A,UNITED ARAB EMIRATES
2015,470329,MARUBENI,TANJUNG ENIM LESTARI,TANJUNG PRIOK,SUMATERA SELATAN,242,147953,MARUBENI,MARUBENI CORP,JAPAN,#N/A,JAPAN
2015,470329,ROYAL GOLDEN EAGLE,APRIL,BUATAN,RIAU,1490,744888,ROYAL GOLDEN EAGLE,ALKIRA TRADING (MACAO COMMERCIAL OFFSHORE) LTD,MACAO,#N/A,CHINA (MAINLAND)
2015,470329,MARUBENI,TANJUNG ENIM LESTARI,TANJUNG PRIOK,SUMATERA SELATAN,20,12142,MARUBENI,MARUBENI CORP,JAPAN,#N/A,JAPAN
2015,470329,MARUBENI,TANJUNG ENIM LESTARI,TANJUNG PRIOK,SUMATERA SELATAN,618,355580,MARUBENI,MARUBENI CORP,JAPAN,#N/A,CHINA (MAINLAND)
2015,470329,ROYAL GOLDEN EAGLE,APRIL,BUATAN,RIAU,221,110503,ROYAL GOLDEN EAGLE,APEL ENTERPRISES (SINGAPORE) PTE LTD,SINGAPORE,#N/A,UNITED ARAB EMIRATES
2015,470329,ROYAL GOLDEN EAGLE,APRIL,BUATAN,RIAU,401,200746,ROYAL GOLDEN EAGLE,AP ENTERPRISES (MACAO) COMMERCIAL OFFSHORE LTD,MACAO,#N/A,BANGLADESH
2015,470329,MARUBENI,TANJUNG ENIM LESTARI,TANJUNG PRIOK,SUMATERA SELATAN,20,12427,MARUBENI,MARUBENI CORP,JAPAN,#N/A,JAPAN
2015,470329,MARUBENI,TANJUNG ENIM LESTARI,PANJANG,SUMATERA SELATAN,1013,588299,MARUBENI,MARUBENI CORP,JAPAN,#N/A,CHINA (MAINLAND)
2015,470329,SINAR MAS,INDAH KIAT,SUNGAI PAKNING,RIAU,7000,3821556,UNKNOWN AFFILIATION,SUZHOU HUANG YI TRADE CO LTD,CHINA (MAINLAND),#N/A,CHINA (MAINLAND)
2015,470329,ROYAL GOLDEN EAGLE,APRIL,BUATAN,RIAU,302,150764,ROYAL GOLDEN EAGLE,APEL ENTERPRISES (SINGAPORE) PTE LTD,SINGAPORE,#N/A,THAILAND
2015,470329,ROYAL GOLDEN EAGLE,APRIL,FUTONG,RIAU,2007,1003321,ROYAL GOLDEN EAGLE,ALKIRA TRADING (MACAO COMMERCIAL OFFSHORE) LTD,MACAO,#N/A,CHINA (MAINLAND)
2015,470329,ROYAL GOLDEN EAGLE,APRIL,FUTONG,RIAU,5125,2511023,ROYAL GOLDEN EAGLE,ALKIRA TRADING (MACAO COMMERCIAL OFFSHORE) LTD,MACAO,#N/A,CHINA (MAINLAND)
2015,470329,ROYAL GOLDEN EAGLE,APRIL,BUATAN,RIAU,301,150516,ROYAL GOLDEN EAGLE,ALKIRA TRADING (MACAO COMMERCIAL OFFSHORE) LTD,MACAO,#N/A,CHINA (MAINLAND)
2015,470329,ROYAL GOLDEN EAGLE,APRIL,BUATAN,RIAU,502,250972,ROYAL GOLDEN EAGLE,AP ENTERPRISES (MACAO) COMMERCIAL OFFSHORE LTD,MACAO,#N/A,BANGLADESH
2015,470329,ROYAL GOLDEN EAGLE,APRIL,FUTONG,RIAU,3514,1757140,ROYAL GOLDEN EAGLE,AP ENTERPRISES (MACAO) COMMERCIAL OFFSHORE LTD,MACAO,#N/A,CHINA (MAINLAND)
2015,470329,ROYAL GOLDEN EAGLE,APRIL,BUATAN,RIAU,500,249880,ROYAL GOLDEN EAGLE,AP ENTERPRISES (MACAO) COMMERCIAL OFFSHORE LTD,MACAO,#N/A,BANGLADESH
2015,470329,ROYAL GOLDEN EAGLE,APRIL,BUATAN,RIAU,993,496710,ROYAL GOLDEN EAGLE,ALKIRA TRADING (MACAO COMMERCIAL OFFSHORE) LTD,MACAO,#N/A,CHINA (MAINLAND)
2015,470329,MARUBENI,TANJUNG ENIM LESTARI,PANJANG,SUMATERA SELATAN,509,295363,MARUBENI,MARUBENI CORP,JAPAN,#N/A,INDIA
2015,470329,MARUBENI,TANJUNG ENIM LESTARI,PANJANG,SUMATERA SELATAN,108,62109,MARUBENI,MARUBENI CORP,JAPAN,#N/A,INDIA
2015,470329,MARUBENI,TANJUNG ENIM LESTARI,PANJANG,SUMATERA SELATAN,108,62607,MARUBENI,MARUBENI CORP,JAPAN,#N/A,INDIA
2015,470329,MARUBENI,TANJUNG ENIM LESTARI,PANJANG,SUMATERA SELATAN,509,295279,MARUBENI,MARUBENI CORP,JAPAN,#N/A,INDIA
2015,470329,ROYAL GOLDEN EAGLE,APRIL,BUATAN,RIAU,301,147521,ROYAL GOLDEN EAGLE,ALKIRA TRADING (MACAO COMMERCIAL OFFSHORE) LTD,MACAO,#N/A,CHINA (MAINLAND)
2015,470329,ROYAL GOLDEN EAGLE,APRIL,BUATAN,RIAU,1005,502511,ROYAL GOLDEN EAGLE,ALKIRA TRADING (MACAO COMMERCIAL OFFSHORE) LTD,MACAO,#N/A,CHINA (MAINLAND)
2015,470329,MARUBENI,TANJUNG ENIM LESTARI,PANJANG,SUMATERA SELATAN,266,158048,MARUBENI,MARUBENI CORP,JAPAN,#N/A,MALAYSIA
2015,470329,MARUBENI,TANJUNG ENIM LESTARI,PANJANG,SUMATERA SELATAN,510,288498,MARUBENI,MARUBENI CORP,JAPAN,#N/A,THAILAND
2015,470329,ROYAL GOLDEN EAGLE,APRIL,BUATAN,RIAU,261,130326,ROYAL GOLDEN EAGLE,AP ENTERPRISES (MACAO) COMMERCIAL OFFSHORE LTD,MACAO,#N/A,BANGLADESH
2015,470329,ROYAL GOLDEN EAGLE,TOBA PULP LESTARI,BELAWAN,SUMATERA UTARA,493,263971,ROYAL GOLDEN EAGLE,DP MARKETING INTERNATIONAL,MACAO,#N/A,CHINA (MAINLAND)
2015,470329,ROYAL GOLDEN EAGLE,APRIL,BUATAN,RIAU,241,120437,ROYAL GOLDEN EAGLE,AP ENTERPRISES (MACAO) COMMERCIAL OFFSHORE LTD,MACAO,#N/A,BANGLADESH
2015,470329,SINAR MAS,INDAH KIAT,SUNGAI PAKNING,RIAU,2000,1095500,UNKNOWN AFFILIATION,SUZHOU GUANBAO TRADING LTD,CHINA (MAINLAND),#N/A,CHINA (MAINLAND)
2015,470329,SINAR MAS,INDAH KIAT,PERAWANG,RIAU,1000,524325,SINAR MAS,GOLDEN PROFIT TRADING PTE LTD,SINGAPORE,#N/A,INDIA
2015,470329,ROYAL GOLDEN EAGLE,APRIL,BUATAN,RIAU,502,251168,ROYAL GOLDEN EAGLE,ALKIRA TRADING (MACAO COMMERCIAL OFFSHORE) LTD,MACAO,#N/A,CHINA (MAINLAND)
2015,470329,ROYAL GOLDEN EAGLE,APRIL,BUATAN,RIAU,502,250976,ROYAL GOLDEN EAGLE,AP ENTERPRISES (MACAO) COMMERCIAL OFFSHORE LTD,MACAO,#N/A,BANGLADESH
2015,470329,ROYAL GOLDEN EAGLE,APRIL,BUATAN,RIAU,301,150459,ROYAL GOLDEN EAGLE,AP ENTERPRISES (MACAO) COMMERCIAL OFFSHORE LTD,MACAO,#N/A,BANGLADESH
2015,470329,ROYAL GOLDEN EAGLE,APRIL,BUATAN,RIAU,40,20077,ROYAL GOLDEN EAGLE,APEL ENTERPRISES (SINGAPORE) PTE LTD,SINGAPORE,#N/A,INDIA
2015,470329,SINAR MAS,INDAH KIAT,SUNGAI PAKNING,RIAU,8200,4491550,UNKNOWN AFFILIATION,NINGBO CROWN OF CHINA ENERGY CO LTD,CHINA (MAINLAND),#N/A,CHINA (MAINLAND)
2015,470329,ROYAL GOLDEN EAGLE,TOBA PULP LESTARI,BELAWAN,SUMATERA UTARA,493,263665,ROYAL GOLDEN EAGLE,DP MARKETING INTERNATIONAL,MACAO,#N/A,CHINA (MAINLAND)
2015,470329,ROYAL GOLDEN EAGLE,TOBA PULP LESTARI,BELAWAN,SUMATERA UTARA,493,263754,ROYAL GOLDEN EAGLE,DP MARKETING INTERNATIONAL,MACAO,#N/A,CHINA (MAINLAND)
2015,470329,SINAR MAS,INDAH KIAT,PERAWANG,RIAU,200,110246,SINAR MAS,GOLDEN PROFIT TRADING PTE LTD,SINGAPORE,#N/A,VIETNAM
2015,470329,SINAR MAS,LONTAR PAPYRUS,KUALA TUNGKAL,JAMBI,600,325160,UNKNOWN AFFILIATION,NINGBO CROWN OF CHINA ENERGY CO LTD,CHINA (MAINLAND),#N/A,CHINA (MAINLAND)
2015,470329,SINAR MAS,LONTAR PAPYRUS,KUALA TUNGKAL,JAMBI,997,523556,SINAR MAS,GOLDEN PROFIT TRADING PTE LTD,SINGAPORE,#N/A,UNITED ARAB EMIRATES
2015,470329,SINAR MAS,LONTAR PAPYRUS,KUALA TUNGKAL,JAMBI,461,254771,SINAR MAS,KING PAPER SOURCE TRADING (SHANGHAI) CO LTD,CHINA (MAINLAND),#N/A,CHINA (MAINLAND)
2015,470329,ROYAL GOLDEN EAGLE,APRIL,BUATAN,RIAU,402,200812,ROYAL GOLDEN EAGLE,AP ENTERPRISES (MACAO) COMMERCIAL OFFSHORE LTD,MACAO,#N/A,BANGLADESH
2015,470329,SINAR MAS,LONTAR PAPYRUS,KUALA TUNGKAL,JAMBI,660,348128,UNKNOWN AFFILIATION,SUZHOU GUANBAO TRADING LTD,CHINA (MAINLAND),#N/A,CHINA (MAINLAND)
2015,470329,SINAR MAS,INDAH KIAT,PERAWANG,RIAU,500,268569,SINAR MAS,GOLDEN PROFIT TRADING PTE LTD,SINGAPORE,#N/A,INDIA
2015,470329,ROYAL GOLDEN EAGLE,APRIL,BUATAN,RIAU,302,150762,ROYAL GOLDEN EAGLE,APEL ENTERPRISES (SINGAPORE) PTE LTD,SINGAPORE,#N/A,PHILIPPINES
2015,470329,ROYAL GOLDEN EAGLE,TOBA PULP LESTARI,BELAWAN,SUMATERA UTARA,493,263740,ROYAL GOLDEN EAGLE,DP MARKETING INTERNATIONAL,MACAO,#N/A,CHINA (MAINLAND)
2015,470329,SINAR MAS,INDAH KIAT,PERAWANG,RIAU,336,181828,UNKNOWN AFFILIATION,SUZHOU GUANBAO TRADING LTD,CHINA (MAINLAND),#N/A,CHINA (MAINLAND)
2015,470329,ROYAL GOLDEN EAGLE,APRIL,BUATAN,RIAU,72,36246,ROYAL GOLDEN EAGLE,ALKIRA TRADING (MACAO COMMERCIAL OFFSHORE) LTD,MACAO,#N/A,TAIWAN
2015,470329,SINAR MAS,INDAH KIAT,PERAWANG,RIAU,528,285730,UNKNOWN AFFILIATION,SUZHOU GUANBAO TRADING LTD,CHINA (MAINLAND),#N/A,CHINA (MAINLAND)
2015,470329,ROYAL GOLDEN EAGLE,TOBA PULP LESTARI,BELAWAN,SUMATERA UTARA,493,263771,ROYAL GOLDEN EAGLE,DP MARKETING INTERNATIONAL,MACAO,#N/A,CHINA (MAINLAND)
2015,470329,SINAR MAS,INDAH KIAT,PERAWANG,RIAU,396,214298,UNKNOWN AFFILIATION,SUZHOU GUANBAO TRADING LTD,CHINA (MAINLAND),#N/A,CHINA (MAINLAND)
2015,470329,ROYAL GOLDEN EAGLE,TOBA PULP LESTARI,BELAWAN,SUMATERA UTARA,494,264138,ROYAL GOLDEN EAGLE,DP MARKETING INTERNATIONAL,MACAO,#N/A,CHINA (MAINLAND)
2015,470329,ROYAL GOLDEN EAGLE,APRIL,BUATAN,RIAU,995,497490,ROYAL GOLDEN EAGLE,APEL ENTERPRISES (SINGAPORE) PTE LTD,SINGAPORE,#N/A,SAUDI ARABIA
2015,470329,ROYAL GOLDEN EAGLE,APRIL,BUATAN,RIAU,1006,503092,ROYAL GOLDEN EAGLE,ALKIRA TRADING (MACAO COMMERCIAL OFFSHORE) LTD,MACAO,#N/A,CHINA (MAINLAND)
2015,470329,SINAR MAS,INDAH KIAT,PERAWANG,RIAU,504,262663,UNKNOWN AFFILIATION,NINGBO CROWN OF CHINA ENERGY CO LTD,CHINA (MAINLAND),#N/A,CHINA (MAINLAND)
2015,470329,ROYAL GOLDEN EAGLE,TOBA PULP LESTARI,BELAWAN,SUMATERA UTARA,494,264526,ROYAL GOLDEN EAGLE,DP MARKETING INTERNATIONAL,MACAO,#N/A,CHINA (MAINLAND)
2015,470329,SINAR MAS,INDAH KIAT,SUNGAI PAKNING,RIAU,200,109450,SINAR MAS,GOLDEN PROFIT TRADING PTE LTD,SINGAPORE,#N/A,SOUTH KOREA
2015,470329,ROYAL GOLDEN EAGLE,APRIL,FUTONG,RIAU,1708,854201,ROYAL GOLDEN EAGLE,AP ENTERPRISES (MACAO) COMMERCIAL OFFSHORE LTD,MACAO,#N/A,SOUTH KOREA
2015,470329,SINAR MAS,LONTAR PAPYRUS,KUALA TUNGKAL,JAMBI,499,254796,SINAR MAS,GOLDEN PROFIT TRADING PTE LTD,SINGAPORE,#N/A,INDIA
2015,470329,SINAR MAS,INDAH KIAT,PERAWANG,RIAU,504,262663,UNKNOWN AFFILIATION,NINGBO CROWN OF CHINA ENERGY CO LTD,CHINA (MAINLAND),#N/A,CHINA (MAINLAND)
2015,470329,SINAR MAS,INDAH KIAT,SUNGAI PAKNING,RIAU,100,54725,SINAR MAS,GOLDEN PROFIT TRADING PTE LTD,SINGAPORE,#N/A,SOUTH KOREA
2015,470329,ROYAL GOLDEN EAGLE,APRIL,BUATAN,RIAU,100,50249,ROYAL GOLDEN EAGLE,AP ENTERPRISES (MACAO) COMMERCIAL OFFSHORE LTD,MACAO,#N/A,BANGLADESH
2015,470329,ROYAL GOLDEN EAGLE,APRIL,FUTONG,RIAU,3114,1557019,ROYAL GOLDEN EAGLE,APEL ENTERPRISES (SINGAPORE) PTE LTD,SINGAPORE,#N/A,SOUTH KOREA
2015,470329,SINAR MAS,LONTAR PAPYRUS,KUALA TUNGKAL,JAMBI,500,254491,SINAR MAS,GOLDEN PROFIT TRADING PTE LTD,SINGAPORE,#N/A,PAKISTAN
2015,470329,SINAR MAS,INDAH KIAT,SUNGAI PAKNING,RIAU,1000,547250,SINAR MAS,GOLDEN PROFIT TRADING PTE LTD,SINGAPORE,#N/A,SOUTH KOREA
2015,470329,SINAR MAS,INDAH KIAT,PERAWANG,RIAU,492,256409,UNKNOWN AFFILIATION,NINGBO CROWN OF CHINA ENERGY CO LTD,CHINA (MAINLAND),#N/A,CHINA (MAINLAND)
2015,470329,SINAR MAS,LONTAR PAPYRUS,KUALA TUNGKAL,JAMBI,500,264413,SINAR MAS,GOLDEN PROFIT TRADING PTE LTD,SINGAPORE,#N/A,INDIA
2015,470329,SINAR MAS,INDAH KIAT,SUNGAI PAKNING,RIAU,300,164175,SINAR MAS,GOLDEN PROFIT TRADING PTE LTD,SINGAPORE,#N/A,SOUTH KOREA
2015,470329,ROYAL GOLDEN EAGLE,APRIL,BUATAN,RIAU,742,371198,ROYAL GOLDEN EAGLE,APEL ENTERPRISES (SINGAPORE) PTE LTD,SINGAPORE,#N/A,UNITED ARAB EMIRATES
2015,470329,SINAR MAS,INDAH KIAT,PERAWANG,RIAU,340,184431,SINAR MAS,GOLDEN PROFIT TRADING PTE LTD,SINGAPORE,#N/A,PHILIPPINES
2015,470329,ROYAL GOLDEN EAGLE,APRIL,BUATAN,RIAU,100,50234,ROYAL GOLDEN EAGLE,APEL ENTERPRISES (SINGAPORE) PTE LTD,SINGAPORE,#N/A,INDIA
2015,470329,SINAR MAS,LONTAR PAPYRUS,KUALA TUNGKAL,JAMBI,999,525044,SINAR MAS,GOLDEN PROFIT TRADING PTE LTD,SINGAPORE,#N/A,UNITED ARAB EMIRATES
2015,470329,SINAR MAS,INDAH KIAT,PERAWANG,RIAU,500,278594,SINAR MAS,GOLDEN PROFIT TRADING PTE LTD,SINGAPORE,#N/A,BANGLADESH
2015,470329,ROYAL GOLDEN EAGLE,APRIL,BUATAN,RIAU,496,248184,ROYAL GOLDEN EAGLE,APEL ENTERPRISES (SINGAPORE) PTE LTD,SINGAPORE,#N/A,LEBANON
2015,470329,ROYAL GOLDEN EAGLE,APRIL,FUTONG,RIAU,10443,5221614,ROYAL GOLDEN EAGLE,AP ENTERPRISES (MACAO) COMMERCIAL OFFSHORE LTD,MACAO,#N/A,SOUTH KOREA
2015,470329,MARUBENI,TANJUNG ENIM LESTARI,PANJANG,SUMATERA SELATAN,50,29161,MARUBENI,MARUBENI CORP,JAPAN,#N/A,JAPAN
2015,470329,MARUBENI,TANJUNG ENIM LESTARI,PANJANG,SUMATERA SELATAN,1500,863954,MARUBENI,MARUBENI CORP,JAPAN,#N/A,JAPAN
2015,470329,MARUBENI,TANJUNG ENIM LESTARI,PANJANG,SUMATERA SELATAN,300,169995,MARUBENI,MARUBENI CORP,JAPAN,#N/A,JAPAN
2015,470329,MARUBENI,TANJUNG ENIM LESTARI,PANJANG,SUMATERA SELATAN,3001,1704777,MARUBENI,MARUBENI CORP,JAPAN,#N/A,CHINA (MAINLAND)
2015,470329,MARUBENI,TANJUNG ENIM LESTARI,PANJANG,SUMATERA SELATAN,400,234345,MARUBENI,MARUBENI CORP,JAPAN,#N/A,JAPAN
2015,470329,MARUBENI,TANJUNG ENIM LESTARI,PANJANG,SUMATERA SELATAN,2000,1157721,MARUBENI,MARUBENI CORP,JAPAN,#N/A,SOUTH KOREA
2015,470329,MARUBENI,TANJUNG ENIM LESTARI,PANJANG,SUMATERA SELATAN,699,409401,MARUBENI,MARUBENI CORP,JAPAN,#N/A,JAPAN
2015,470329,MARUBENI,TANJUNG ENIM LESTARI,PANJANG,SUMATERA SELATAN,30,17992,MARUBENI,MARUBENI CORP,JAPAN,#N/A,JAPAN
2015,470329,ROYAL GOLDEN EAGLE,APRIL,BUATAN,RIAU,201,100306,ROYAL GOLDEN EAGLE,APEL ENTERPRISES (SINGAPORE) PTE LTD,SINGAPORE,#N/A,INDIA
2015,470329,MARUBENI,TANJUNG ENIM LESTARI,TANJUNG PRIOK,SUMATERA SELATAN,503,291713,MARUBENI,MARUBENI CORP,JAPAN,#N/A,CHINA (MAINLAND)
2015,470329,MARUBENI,TANJUNG ENIM LESTARI,PANJANG,SUMATERA SELATAN,263,156373,MARUBENI,MARUBENI CORP,JAPAN,#N/A,MALAYSIA
2015,470329,MARUBENI,TANJUNG ENIM LESTARI,TANJUNG PRIOK,SUMATERA SELATAN,262,157682,MARUBENI,MARUBENI CORP,JAPAN,#N/A,JAPAN
2015,470329,MARUBENI,TANJUNG ENIM LESTARI,PANJANG,SUMATERA SELATAN,1009,578022,MARUBENI,MARUBENI CORP,JAPAN,#N/A,CHINA (MAINLAND)
2015,470329,ROYAL GOLDEN EAGLE,APRIL,BUATAN,RIAU,60,29493,ROYAL GOLDEN EAGLE,APEL ENTERPRISES (SINGAPORE) PTE LTD,SINGAPORE,#N/A,INDIA
2015,470329,MARUBENI,TANJUNG ENIM LESTARI,PANJANG,SUMATERA SELATAN,504,295112,MARUBENI,MARUBENI CORP,JAPAN,#N/A,CHINA (MAINLAND)
2015,470329,MARUBENI,TANJUNG ENIM LESTARI,PANJANG,SUMATERA SELATAN,1005,587650,MARUBENI,MARUBENI CORP,JAPAN,#N/A,CHINA (MAINLAND)
2015,470329,ROYAL GOLDEN EAGLE,APRIL,BUATAN,RIAU,1004,502078,ROYAL GOLDEN EAGLE,ALKIRA TRADING (MACAO COMMERCIAL OFFSHORE) LTD,MACAO,#N/A,CHINA (MAINLAND)
2015,470329,SINAR MAS,INDAH KIAT,SUNGAI PAKNING,RIAU,8300,4542175,SINAR MAS,GOLDEN PROFIT TRADING PTE LTD,SINGAPORE,#N/A,SOUTH KOREA
2015,470329,ROYAL GOLDEN EAGLE,APRIL,BUATAN,RIAU,994,497014,ROYAL GOLDEN EAGLE,APEL ENTERPRISES (SINGAPORE) PTE LTD,SINGAPORE,#N/A,SAUDI ARABIA
2015,470329,MARUBENI,TANJUNG ENIM LESTARI,PANJANG,SUMATERA SELATAN,283,166285,MARUBENI,MARUBENI CORP,JAPAN,#N/A,AUSTRALIA
2015,470329,MARUBENI,TANJUNG ENIM LESTARI,PANJANG,SUMATERA SELATAN,200,114122,MARUBENI,MARUBENI CORP,JAPAN,#N/A,INDIA
2015,470329,SINAR MAS,INDAH KIAT,SUNGAI PAKNING,RIAU,500,271625,SINAR MAS,GOLDEN PROFIT TRADING PTE LTD,SINGAPORE,#N/A,SOUTH KOREA
2015,470329,ROYAL GOLDEN EAGLE,APRIL,BUATAN,RIAU,502,251220,ROYAL GOLDEN EAGLE,ALKIRA TRADING (MACAO COMMERCIAL OFFSHORE) LTD,MACAO,#N/A,CHINA (MAINLAND)
2015,470329,SINAR MAS,INDAH KIAT,SUNGAI PAKNING,RIAU,100,54325,SINAR MAS,GOLDEN PROFIT TRADING PTE LTD,SINGAPORE,#N/A,SOUTH KOREA
2015,470329,SINAR MAS,INDAH KIAT,SUNGAI PAKNING,RIAU,2000,1094373,UNKNOWN AFFILIATION,NINGBO CROWN OF CHINA ENERGY CO LTD,CHINA (MAINLAND),#N/A,CHINA (MAINLAND)
2015,470329,ROYAL GOLDEN EAGLE,APRIL,BUATAN,RIAU,261,130316,ROYAL GOLDEN EAGLE,AP ENTERPRISES (MACAO) COMMERCIAL OFFSHORE LTD,MACAO,#N/A,BANGLADESH
2015,470329,SINAR MAS,INDAH KIAT,SUNGAI PAKNING,RIAU,1100,601905,UNKNOWN AFFILIATION,SUZHOU GUANBAO TRADING LTD,CHINA (MAINLAND),#N/A,CHINA (MAINLAND)
2015,470329,ROYAL GOLDEN EAGLE,APRIL,BUATAN,RIAU,502,251156,ROYAL GOLDEN EAGLE,ALKIRA TRADING (MACAO COMMERCIAL OFFSHORE) LTD,MACAO,#N/A,CHINA (MAINLAND)
2015,470329,ROYAL GOLDEN EAGLE,APRIL,BUATAN,RIAU,242,120787,ROYAL GOLDEN EAGLE,AP ENTERPRISES (MACAO) COMMERCIAL OFFSHORE LTD,MACAO,#N/A,BANGLADESH
2015,470329,SINAR MAS,INDAH KIAT,SUNGAI PAKNING,RIAU,400,218875,UNKNOWN AFFILIATION,SUZHOU GUANBAO TRADING LTD,CHINA (MAINLAND),#N/A,CHINA (MAINLAND)
2015,470329,ROYAL GOLDEN EAGLE,APRIL,FUTONG,RIAU,5022,2511061,ROYAL GOLDEN EAGLE,AP ENTERPRISES (MACAO) COMMERCIAL OFFSHORE LTD,MACAO,#N/A,BANGLADESH
2015,470329,SINAR MAS,LONTAR PAPYRUS,KUALA TUNGKAL,JAMBI,739,389997,UNKNOWN AFFILIATION,SUZHOU GUANBAO TRADING LTD,CHINA (MAINLAND),#N/A,CHINA (MAINLAND)
2015,470329,SINAR MAS,INDAH KIAT,SUNGAI PAKNING,RIAU,2500,1358125,SINAR MAS,GOLDEN PROFIT TRADING PTE LTD,SINGAPORE,#N/A,SOUTH KOREA
2015,470329,SINAR MAS,INDAH KIAT,SUNGAI PAKNING,RIAU,3300,1805715,UNKNOWN AFFILIATION,SUZHOU HUANG YI TRADE CO LTD,CHINA (MAINLAND),#N/A,CHINA (MAINLAND)
2015,470329,ROYAL GOLDEN EAGLE,APRIL,FUTONG,RIAU,4017,1998342,ROYAL GOLDEN EAGLE,ALKIRA TRADING (MACAO COMMERCIAL OFFSHORE) LTD,MACAO,#N/A,CHINA (MAINLAND)
2015,470329,ROYAL GOLDEN EAGLE,APRIL,FUTONG,RIAU,3064,1531920,ROYAL GOLDEN EAGLE,ALKIRA TRADING (MACAO COMMERCIAL OFFSHORE) LTD,MACAO,#N/A,CHINA (MAINLAND)
2015,470329,ROYAL GOLDEN EAGLE,TOBA PULP LESTARI,BELAWAN,SUMATERA UTARA,494,264044,ROYAL GOLDEN EAGLE,DP MARKETING INTERNATIONAL,MACAO,#N/A,CHINA (MAINLAND)
2015,470329,ROYAL GOLDEN EAGLE,APRIL,FUTONG,RIAU,2010,1005184,ROYAL GOLDEN EAGLE,APEL ENTERPRISES (SINGAPORE) PTE LTD,SINGAPORE,#N/A,CHINA (MAINLAND)
2015,470329,ROYAL GOLDEN EAGLE,APRIL,BUATAN,RIAU,100,50182,ROYAL GOLDEN EAGLE,APEL ENTERPRISES (SINGAPORE) PTE LTD,SINGAPORE,#N/A,INDIA
2015,470329,ROYAL GOLDEN EAGLE,APRIL,BUATAN,RIAU,594,297108,ROYAL GOLDEN EAGLE,APEL ENTERPRISES (SINGAPORE) PTE LTD,SINGAPORE,#N/A,DJIBOUTI
2015,470329,SINAR MAS,INDAH KIAT,PERAWANG,RIAU,1000,524325,SINAR MAS,GOLDEN PROFIT TRADING PTE LTD,SINGAPORE,#N/A,INDIA
2015,470329,ROYAL GOLDEN EAGLE,APRIL,BUATAN,RIAU,803,401640,ROYAL GOLDEN EAGLE,ALKIRA TRADING (MACAO COMMERCIAL OFFSHORE) LTD,MACAO,#N/A,CHINA (MAINLAND)
2015,470329,ROYAL GOLDEN EAGLE,APRIL,BUATAN,RIAU,60,30098,ROYAL GOLDEN EAGLE,APEL ENTERPRISES (SINGAPORE) PTE LTD,SINGAPORE,#N/A,INDIA
2015,470329,ROYAL GOLDEN EAGLE,APRIL,FUTONG,RIAU,4016,2008120,ROYAL GOLDEN EAGLE,ALKIRA TRADING (MACAO COMMERCIAL OFFSHORE) LTD,MACAO,#N/A,CHINA (MAINLAND)
2015,470329,ROYAL GOLDEN EAGLE,APRIL,BUATAN,RIAU,1324,661890,ROYAL GOLDEN EAGLE,ALKIRA TRADING (MACAO COMMERCIAL OFFSHORE) LTD,MACAO,#N/A,CHINA (MAINLAND)
2015,470329,ROYAL GOLDEN EAGLE,APRIL,FUTONG,RIAU,6147,3069373,ROYAL GOLDEN EAGLE,ALKIRA TRADING (MACAO COMMERCIAL OFFSHORE) LTD,MACAO,#N/A,CHINA (MAINLAND)
2015,470329,SINAR MAS,INDAH KIAT,PERAWANG,RIAU,500,273469,SINAR MAS,GOLDEN PROFIT TRADING PTE LTD,SINGAPORE,#N/A,THAILAND
2015,470329,SINAR MAS,LONTAR PAPYRUS,KUALA TUNGKAL,JAMBI,499,264737,UNKNOWN AFFILIATION,NINGBO CROWN OF CHINA ENERGY CO LTD,CHINA (MAINLAND),#N/A,BANGLADESH
2015,470329,SINAR MAS,LONTAR PAPYRUS,KUALA TUNGKAL,JAMBI,3201,1724002,UNKNOWN AFFILIATION,NINGBO CROWN OF CHINA ENERGY CO LTD,CHINA (MAINLAND),#N/A,CHINA (MAINLAND)
2015,470329,ROYAL GOLDEN EAGLE,APRIL,BUATAN,RIAU,762,381204,ROYAL GOLDEN EAGLE,APEL ENTERPRISES (SINGAPORE) PTE LTD,SINGAPORE,#N/A,KUWAIT
2015,470329,SINAR MAS,LONTAR PAPYRUS,KUALA TUNGKAL,JAMBI,500,254049,SINAR MAS,GOLDEN PROFIT TRADING PTE LTD,SINGAPORE,#N/A,INDIA
2015,470329,SINAR MAS,LONTAR PAPYRUS,KUALA TUNGKAL,JAMBI,2801,1508773,UNKNOWN AFFILIATION,SUZHOU GUANBAO TRADING LTD,CHINA (MAINLAND),#N/A,CHINA (MAINLAND)
2015,470329,SINAR MAS,LONTAR PAPYRUS,KUALA TUNGKAL,JAMBI,500,254154,SINAR MAS,GOLDEN PROFIT TRADING PTE LTD,SINGAPORE,#N/A,INDIA
2015,470329,SINAR MAS,LONTAR PAPYRUS,KUALA TUNGKAL,JAMBI,2501,1347415,UNKNOWN AFFILIATION,NINGBO CROWN OF CHINA ENERGY CO LTD,CHINA (MAINLAND),#N/A,CHINA (MAINLAND)
2015,470329,SINAR MAS,LONTAR PAPYRUS,KUALA TUNGKAL,JAMBI,3500,1885157,UNKNOWN AFFILIATION,SUZHOU GUANBAO TRADING LTD,CHINA (MAINLAND),#N/A,CHINA (MAINLAND)
2015,470329,SINAR MAS,LONTAR PAPYRUS,KUALA TUNGKAL,JAMBI,240,126472,SINAR MAS,GOLDEN PROFIT TRADING PTE LTD,SINGAPORE,#N/A,INDIA
2015,470329,ROYAL GOLDEN EAGLE,APRIL,BUATAN,RIAU,60,30151,ROYAL GOLDEN EAGLE,APEL ENTERPRISES (SINGAPORE) PTE LTD,SINGAPORE,#N/A,INDIA
2015,470329,ROYAL GOLDEN EAGLE,APRIL,FUTONG,RIAU,3766,1882886,ROYAL GOLDEN EAGLE,APEL ENTERPRISES (SINGAPORE) PTE LTD,SINGAPORE,#N/A,JAPAN
2015,470329,ROYAL GOLDEN EAGLE,APRIL,FUTONG,RIAU,4119,2059590,ROYAL GOLDEN EAGLE,ALKIRA TRADING (MACAO COMMERCIAL OFFSHORE) LTD,MACAO,#N/A,CHINA (MAINLAND)
2015,470329,SINAR MAS,LONTAR PAPYRUS,KUALA TUNGKAL,JAMBI,959,528590,SINAR MAS,KING PAPER SOURCE TRADING (SHANGHAI) CO LTD,CHINA (MAINLAND),#N/A,CHINA (MAINLAND)
2015,470329,SINAR MAS,INDAH KIAT,SUNGAI PAKNING,RIAU,7600,4157200,UNKNOWN AFFILIATION,SUZHOU HUANG YI TRADE CO LTD,CHINA (MAINLAND),#N/A,CHINA (MAINLAND)
2015,470329,ROYAL GOLDEN EAGLE,APRIL,FUTONG,RIAU,2159,1079478,ROYAL GOLDEN EAGLE,APEL ENTERPRISES (SINGAPORE) PTE LTD,SINGAPORE,#N/A,JAPAN
2015,470329,SINAR MAS,INDAH KIAT,SUNGAI PAKNING,RIAU,2000,1094000,UNKNOWN AFFILIATION,NINGBO CROWN OF CHINA ENERGY CO LTD,CHINA (MAINLAND),#N/A,CHINA (MAINLAND)
2015,470329,ROYAL GOLDEN EAGLE,APRIL,BUATAN,RIAU,702,351143,ROYAL GOLDEN EAGLE,APEL ENTERPRISES (SINGAPORE) PTE LTD,SINGAPORE,#N/A,LEBANON
2015,470329,ROYAL GOLDEN EAGLE,TOBA PULP LESTARI,BELAWAN,SUMATERA UTARA,988,528762,ROYAL GOLDEN EAGLE,DP MARKETING INTERNATIONAL,MACAO,#N/A,CHINA (MAINLAND)
2015,470329,ROYAL GOLDEN EAGLE,APRIL,BUATAN,RIAU,496,247865,ROYAL GOLDEN EAGLE,APEL ENTERPRISES (SINGAPORE) PTE LTD,SINGAPORE,#N/A,LEBANON
2015,470329,ROYAL GOLDEN EAGLE,APRIL,BUATAN,RIAU,201,100412,ROYAL GOLDEN EAGLE,APEL ENTERPRISES (SINGAPORE) PTE LTD,SINGAPORE,#N/A,INDIA
2015,470329,ROYAL GOLDEN EAGLE,APRIL,BUATAN,RIAU,141,70292,ROYAL GOLDEN EAGLE,APEL ENTERPRISES (SINGAPORE) PTE LTD,SINGAPORE,#N/A,INDIA
2015,470329,ROYAL GOLDEN EAGLE,APRIL,BUATAN,RIAU,496,248078,ROYAL GOLDEN EAGLE,APEL ENTERPRISES (SINGAPORE) PTE LTD,SINGAPORE,#N/A,EGYPT
2015,470329,MARUBENI,TANJUNG ENIM LESTARI,PANJANG,SUMATERA SELATAN,1013,592256,MARUBENI,MARUBENI CORP,JAPAN,#N/A,CHINA (MAINLAND)
2015,470329,SINAR MAS,INDAH KIAT,PERAWANG,RIAU,300,166230,SINAR MAS,GOLDEN PROFIT TRADING PTE LTD,SINGAPORE,#N/A,TAIWAN
2015,470329,MARUBENI,TANJUNG ENIM LESTARI,TANJUNG PRIOK,SUMATERA SELATAN,242,145600,MARUBENI,MARUBENI CORP,JAPAN,#N/A,JAPAN
2015,470329,ROYAL GOLDEN EAGLE,APRIL,FUTONG,RIAU,10044,5021859,ROYAL GOLDEN EAGLE,APEL ENTERPRISES (SINGAPORE) PTE LTD,SINGAPORE,#N/A,INDIA
2015,470329,MARUBENI,TANJUNG ENIM LESTARI,TANJUNG PRIOK,SUMATERA SELATAN,618,350903,MARUBENI,MARUBENI CORP,JAPAN,#N/A,CHINA (MAINLAND)
2015,470329,SINAR MAS,INDAH KIAT,PERAWANG,RIAU,528,280252,UNKNOWN AFFILIATION,SUZHOU GUANBAO TRADING LTD,CHINA (MAINLAND),#N/A,CHINA (MAINLAND)
2015,470329,MARUBENI,TANJUNG ENIM LESTARI,PANJANG,SUMATERA SELATAN,392,225705,MARUBENI,MARUBENI CORP,JAPAN,#N/A,CHINA (MAINLAND)
2015,470329,MARUBENI,TANJUNG ENIM LESTARI,PANJANG,SUMATERA SELATAN,306,182025,MARUBENI,MARUBENI CORP,JAPAN,#N/A,MALAYSIA
2015,470329,ROYAL GOLDEN EAGLE,TOBA PULP LESTARI,BELAWAN,SUMATERA UTARA,987,528026,ROYAL GOLDEN EAGLE,DP MARKETING INTERNATIONAL,MACAO,#N/A,CHINA (MAINLAND)
2015,470329,SINAR MAS,INDAH KIAT,PERAWANG,RIAU,528,280252,UNKNOWN AFFILIATION,SUZHOU GUANBAO TRADING LTD,CHINA (MAINLAND),#N/A,CHINA (MAINLAND)
2015,470329,MARUBENI,TANJUNG ENIM LESTARI,PANJANG,SUMATERA SELATAN,88,47319,MARUBENI,MARUBENI CORP,JAPAN,#N/A,INDIA
2015,470329,SINAR MAS,INDAH KIAT,PERAWANG,RIAU,300,167925,SINAR MAS,GOLDEN PROFIT TRADING PTE LTD,SINGAPORE,#N/A,TAIWAN
2015,470329,SINAR MAS,LONTAR PAPYRUS,KUALA TUNGKAL,JAMBI,719,386581,UNKNOWN AFFILIATION,SUZHOU GUANBAO TRADING LTD,CHINA (MAINLAND),#N/A,CHINA (MAINLAND)
2015,470329,ROYAL GOLDEN EAGLE,APRIL,BUATAN,RIAU,301,150645,ROYAL GOLDEN EAGLE,AP ENTERPRISES (MACAO) COMMERCIAL OFFSHORE LTD,MACAO,#N/A,BANGLADESH
2015,470329,SINAR MAS,INDAH KIAT,PERAWANG,RIAU,504,260510,UNKNOWN AFFILIATION,SUZHOU GUANBAO TRADING LTD,CHINA (MAINLAND),#N/A,CHINA (MAINLAND)
2015,470329,SINAR MAS,INDAH KIAT,PERAWANG,RIAU,1000,551749,UNKNOWN AFFILIATION,SUZHOU GUANBAO TRADING LTD,CHINA (MAINLAND),#N/A,CHINA (MAINLAND)
2015,470329,SINAR MAS,INDAH KIAT,PERAWANG,RIAU,500,277025,SINAR MAS,GOLDEN PROFIT TRADING PTE LTD,SINGAPORE,#N/A,THAILAND
2015,470329,SINAR MAS,INDAH KIAT,PERAWANG,RIAU,528,272915,UNKNOWN AFFILIATION,SUZHOU GUANBAO TRADING LTD,CHINA (MAINLAND),#N/A,CHINA (MAINLAND)
2015,470329,SINAR MAS,LONTAR PAPYRUS,KUALA TUNGKAL,JAMBI,1260,664920,UNKNOWN AFFILIATION,SUZHOU GUANBAO TRADING LTD,CHINA (MAINLAND),#N/A,CHINA (MAINLAND)
2015,470329,SINAR MAS,LONTAR PAPYRUS,KUALA TUNGKAL,JAMBI,200,110383,SINAR MAS,KING PAPER SOURCE TRADING (SHANGHAI) CO LTD,CHINA (MAINLAND),#N/A,CHINA (MAINLAND)
2015,470329,SINAR MAS,INDAH KIAT,PERAWANG,RIAU,1000,549186,UNKNOWN AFFILIATION,SUZHOU HUANG YI TRADE CO LTD,CHINA (MAINLAND),#N/A,CHINA (MAINLAND)
2015,470329,SINAR MAS,INDAH KIAT,PERAWANG,RIAU,1000,532905,UNKNOWN AFFILIATION,SUZHOU GUANBAO TRADING LTD,CHINA (MAINLAND),#N/A,CHINA (MAINLAND)
2015,470329,SINAR MAS,INDAH KIAT,PERAWANG,RIAU,500,275874,UNKNOWN AFFILIATION,SUZHOU GUANBAO TRADING LTD,CHINA (MAINLAND),#N/A,CHINA (MAINLAND)
2015,470329,SINAR MAS,LONTAR PAPYRUS,KUALA TUNGKAL,JAMBI,400,202619,SINAR MAS,GOLDEN PROFIT TRADING PTE LTD,SINGAPORE,#N/A,INDIA
2015,470329,SINAR MAS,INDAH KIAT,SUNGAI PAKNING,RIAU,10500,5754000,UNKNOWN AFFILIATION,SUZHOU GUANBAO TRADING LTD,CHINA (MAINLAND),#N/A,CHINA (MAINLAND)
2015,470329,SINAR MAS,LONTAR PAPYRUS,KUALA TUNGKAL,JAMBI,440,243594,SINAR MAS,KING PAPER SOURCE TRADING (SHANGHAI) CO LTD,CHINA (MAINLAND),#N/A,CHINA (MAINLAND)
2015,470329,MARUBENI,TANJUNG ENIM LESTARI,PANJANG,SUMATERA SELATAN,309,176800,MARUBENI,MARUBENI CORP,JAPAN,#N/A,INDIA
2015,470329,SINAR MAS,LONTAR PAPYRUS,KUALA TUNGKAL,JAMBI,340,179738,SINAR MAS,GOLDEN PROFIT TRADING PTE LTD,SINGAPORE,#N/A,INDIA
2015,470329,ROYAL GOLDEN EAGLE,APRIL,BUATAN,RIAU,60,30160,ROYAL GOLDEN EAGLE,APEL ENTERPRISES (SINGAPORE) PTE LTD,SINGAPORE,#N/A,INDIA
2015,470329,SINAR MAS,INDAH KIAT,PERAWANG,RIAU,500,276643,UNKNOWN AFFILIATION,SUZHOU GUANBAO TRADING LTD,CHINA (MAINLAND),#N/A,CHINA (MAINLAND)
2015,470329,MARUBENI,TANJUNG ENIM LESTARI,PANJANG,SUMATERA SELATAN,1014,587785,MARUBENI,MARUBENI CORP,JAPAN,#N/A,CHINA (MAINLAND)
2015,470329,SINAR MAS,LONTAR PAPYRUS,KUALA TUNGKAL,JAMBI,1399,765453,UNKNOWN AFFILIATION,NINGBO CROWN OF CHINA ENERGY CO LTD,CHINA (MAINLAND),#N/A,CHINA (MAINLAND)
2015,470329,SINAR MAS,LONTAR PAPYRUS,KUALA TUNGKAL,JAMBI,439,231679,UNKNOWN AFFILIATION,SUZHOU GUANBAO TRADING LTD,CHINA (MAINLAND),#N/A,CHINA (MAINLAND)
2015,470329,SINAR MAS,LONTAR PAPYRUS,KUALA TUNGKAL,JAMBI,500,265932,SINAR MAS,GOLDEN PROFIT TRADING PTE LTD,SINGAPORE,#N/A,INDIA
2015,470329,ROYAL GOLDEN EAGLE,APRIL,BUATAN,RIAU,0,125,ROYAL GOLDEN EAGLE,ALKIRA TRADING (MACAO COMMERCIAL OFFSHORE) LTD,MACAO,#N/A,CHINA (MAINLAND)
2015,470329,ROYAL GOLDEN EAGLE,APRIL,BUATAN,RIAU,161,80520,ROYAL GOLDEN EAGLE,APEL ENTERPRISES (SINGAPORE) PTE LTD,SINGAPORE,#N/A,INDIA
2015,470329,ROYAL GOLDEN EAGLE,APRIL,BUATAN,RIAU,502,251063,ROYAL GOLDEN EAGLE,ALKIRA TRADING (MACAO COMMERCIAL OFFSHORE) LTD,MACAO,#N/A,CHINA (MAINLAND)
2015,470329,ROYAL GOLDEN EAGLE,APRIL,FUTONG,RIAU,5007,2501574,ROYAL GOLDEN EAGLE,ALKIRA TRADING (MACAO COMMERCIAL OFFSHORE) LTD,MACAO,#N/A,CHINA (MAINLAND)
2015,470329,ROYAL GOLDEN EAGLE,APRIL,BUATAN,RIAU,402,200978,ROYAL GOLDEN EAGLE,AP ENTERPRISES (MACAO) COMMERCIAL OFFSHORE LTD,MACAO,#N/A,BANGLADESH
2015,470329,ROYAL GOLDEN EAGLE,APRIL,FUTONG,RIAU,6226,3050523,ROYAL GOLDEN EAGLE,ALKIRA TRADING (MACAO COMMERCIAL OFFSHORE) LTD,MACAO,#N/A,CHINA (MAINLAND)
2015,470329,ROYAL GOLDEN EAGLE,APRIL,BUATAN,RIAU,683,341549,ROYAL GOLDEN EAGLE,ALKIRA TRADING (MACAO COMMERCIAL OFFSHORE) LTD,MACAO,#N/A,CHINA (MAINLAND)
2015,470329,ROYAL GOLDEN EAGLE,APRIL,BUATAN,RIAU,522,260964,ROYAL GOLDEN EAGLE,ALKIRA TRADING (MACAO COMMERCIAL OFFSHORE) LTD,MACAO,#N/A,CHINA (MAINLAND)
2015,470329,ROYAL GOLDEN EAGLE,APRIL,BUATAN,RIAU,100,50164,ROYAL GOLDEN EAGLE,APEL ENTERPRISES (SINGAPORE) PTE LTD,SINGAPORE,#N/A,INDIA
2015,470329,ROYAL GOLDEN EAGLE,APRIL,BUATAN,RIAU,40,20116,ROYAL GOLDEN EAGLE,APEL ENTERPRISES (SINGAPORE) PTE LTD,SINGAPORE,#N/A,INDIA
2015,470329,ROYAL GOLDEN EAGLE,APRIL,BUATAN,RIAU,60,30194,ROYAL GOLDEN EAGLE,APEL ENTERPRISES (SINGAPORE) PTE LTD,SINGAPORE,#N/A,INDIA
2015,470329,ROYAL GOLDEN EAGLE,TOBA PULP LESTARI,BELAWAN,SUMATERA UTARA,494,264498,ROYAL GOLDEN EAGLE,DP MARKETING INTERNATIONAL,MACAO,#N/A,CHINA (MAINLAND)
2015,470329,ROYAL GOLDEN EAGLE,APRIL,BUATAN,RIAU,60,30144,ROYAL GOLDEN EAGLE,APEL ENTERPRISES (SINGAPORE) PTE LTD,SINGAPORE,#N/A,INDIA
2015,470329,ROYAL GOLDEN EAGLE,TOBA PULP LESTARI,BELAWAN,SUMATERA UTARA,494,264387,ROYAL GOLDEN EAGLE,DP MARKETING INTERNATIONAL,MACAO,#N/A,CHINA (MAINLAND)
2015,470329,ROYAL GOLDEN EAGLE,APRIL,BUATAN,RIAU,1004,502114,ROYAL GOLDEN EAGLE,ALKIRA TRADING (MACAO COMMERCIAL OFFSHORE) LTD,MACAO,#N/A,CHINA (MAINLAND)
2015,470329,SINAR MAS,LONTAR PAPYRUS,KUALA TUNGKAL,JAMBI,400,215013,SINAR MAS,KING PAPER SOURCE TRADING (SHANGHAI) CO LTD,CHINA (MAINLAND),#N/A,CHINA (MAINLAND)
2015,470329,SINAR MAS,LONTAR PAPYRUS,KUALA TUNGKAL,JAMBI,599,328745,SINAR MAS,KING PAPER SOURCE TRADING (SHANGHAI) CO LTD,CHINA (MAINLAND),#N/A,CHINA (MAINLAND)
2015,470329,ROYAL GOLDEN EAGLE,TOBA PULP LESTARI,BELAWAN,SUMATERA UTARA,988,528336,ROYAL GOLDEN EAGLE,DP MARKETING INTERNATIONAL,MACAO,#N/A,CHINA (MAINLAND)
2015,470329,SINAR MAS,LONTAR PAPYRUS,KUALA TUNGKAL,JAMBI,462,254969,SINAR MAS,KING PAPER SOURCE TRADING (SHANGHAI) CO LTD,CHINA (MAINLAND),#N/A,CHINA (MAINLAND)
2015,470329,SINAR MAS,INDAH KIAT,PERAWANG,RIAU,1000,546938,SINAR MAS,GOLDEN PROFIT TRADING PTE LTD,SINGAPORE,#N/A,THAILAND
2015,470329,ROYAL GOLDEN EAGLE,APRIL,BUATAN,RIAU,201,100383,ROYAL GOLDEN EAGLE,APEL ENTERPRISES (SINGAPORE) PTE LTD,SINGAPORE,#N/A,INDIA
2015,470329,SINAR MAS,LONTAR PAPYRUS,KUALA TUNGKAL,JAMBI,500,265749,SINAR MAS,GOLDEN PROFIT TRADING PTE LTD,SINGAPORE,#N/A,INDIA
2015,470329,SINAR MAS,LONTAR PAPYRUS,KUALA TUNGKAL,JAMBI,465,256565,SINAR MAS,KING PAPER SOURCE TRADING (SHANGHAI) CO LTD,CHINA (MAINLAND),#N/A,CHINA (MAINLAND)
2015,470329,SINAR MAS,INDAH KIAT,PERAWANG,RIAU,1000,543250,UNKNOWN AFFILIATION,SUZHOU GUANBAO TRADING LTD,CHINA (MAINLAND),#N/A,CHINA (MAINLAND)
2015,470329,ROYAL GOLDEN EAGLE,APRIL,BUATAN,RIAU,1004,502223,ROYAL GOLDEN EAGLE,ALKIRA TRADING (MACAO COMMERCIAL OFFSHORE) LTD,MACAO,#N/A,CHINA (MAINLAND)
2015,470329,SINAR MAS,INDAH KIAT,PERAWANG,RIAU,1000,554762,UNKNOWN AFFILIATION,SUZHOU GUANBAO TRADING LTD,CHINA (MAINLAND),#N/A,CHINA (MAINLAND)
2015,470329,SINAR MAS,INDAH KIAT,PERAWANG,RIAU,80,44098,SINAR MAS,GOLDEN PROFIT TRADING PTE LTD,SINGAPORE,#N/A,VIETNAM
2015,470329,ROYAL GOLDEN EAGLE,APRIL,FUTONG,RIAU,4424,2207805,ROYAL GOLDEN EAGLE,ALKIRA TRADING (MACAO COMMERCIAL OFFSHORE) LTD,MACAO,#N/A,CHINA (MAINLAND)
2015,470329,ROYAL GOLDEN EAGLE,APRIL,BUATAN,RIAU,48,24098,ROYAL GOLDEN EAGLE,ALKIRA TRADING (MACAO COMMERCIAL OFFSHORE) LTD,MACAO,#N/A,TAIWAN
2015,470329,SINAR MAS,INDAH KIAT,PERAWANG,RIAU,504,265739,SINAR MAS,KING PAPER SOURCE TRADING (SHANGHAI) CO LTD,CHINA (MAINLAND),#N/A,CHINA (MAINLAND)
2015,470329,ROYAL GOLDEN EAGLE,APRIL,BUATAN,RIAU,40,20111,ROYAL GOLDEN EAGLE,APEL ENTERPRISES (SINGAPORE) PTE LTD,SINGAPORE,#N/A,INDIA
2015,470329,ROYAL GOLDEN EAGLE,APRIL,FUTONG,RIAU,5523,2761290,ROYAL GOLDEN EAGLE,AP ENTERPRISES (MACAO) COMMERCIAL OFFSHORE LTD,MACAO,#N/A,CHINA (MAINLAND)
2015,470329,SINAR MAS,LONTAR PAPYRUS,KUALA TUNGKAL,JAMBI,100,52562,SINAR MAS,GOLDEN PROFIT TRADING PTE LTD,SINGAPORE,#N/A,UNITED ARAB EMIRATES
2015,470329,ROYAL GOLDEN EAGLE,APRIL,FUTONG,RIAU,502,251180,ROYAL GOLDEN EAGLE,ALKIRA TRADING (MACAO COMMERCIAL OFFSHORE) LTD,MACAO,#N/A,CHINA (MAINLAND)
2015,470329,MARUBENI,TANJUNG ENIM LESTARI,PANJANG,SUMATERA SELATAN,309,179437,MARUBENI,MARUBENI CORP,JAPAN,#N/A,THAILAND
2015,470329,ROYAL GOLDEN EAGLE,APRIL,FUTONG,RIAU,4517,2258688,ROYAL GOLDEN EAGLE,AP ENTERPRISES (MACAO) COMMERCIAL OFFSHORE LTD,MACAO,#N/A,CHINA (MAINLAND)
2015,470329,ROYAL GOLDEN EAGLE,APRIL,FUTONG,RIAU,5023,2511368,ROYAL GOLDEN EAGLE,ALKIRA TRADING (MACAO COMMERCIAL OFFSHORE) LTD,MACAO,#N/A,CHINA (MAINLAND)
2015,470329,MARUBENI,TANJUNG ENIM LESTARI,TANJUNG PRIOK,SUMATERA SELATAN,505,293126,MARUBENI,MARUBENI CORP,JAPAN,#N/A,CHINA (MAINLAND)
2015,470329,MARUBENI,TANJUNG ENIM LESTARI,PANJANG,SUMATERA SELATAN,503,288883,MARUBENI,MARUBENI CORP,JAPAN,#N/A,THAILAND
2015,470329,SINAR MAS,INDAH KIAT,PERAWANG,RIAU,396,209822,UNKNOWN AFFILIATION,SUZHOU HUANG YI TRADE CO LTD,CHINA (MAINLAND),#N/A,CHINA (MAINLAND)
2015,470329,ROYAL GOLDEN EAGLE,APRIL,BUATAN,RIAU,495,247518,ROYAL GOLDEN EAGLE,APEL ENTERPRISES (SINGAPORE) PTE LTD,SINGAPORE,#N/A,EGYPT
2015,470329,ROYAL GOLDEN EAGLE,APRIL,BUATAN,RIAU,502,250836,ROYAL GOLDEN EAGLE,ALKIRA TRADING (MACAO COMMERCIAL OFFSHORE) LTD,MACAO,#N/A,CHINA (MAINLAND)
2015,470329,SINAR MAS,INDAH KIAT,PERAWANG,RIAU,1000,555592,UNKNOWN AFFILIATION,NINGBO CROWN OF CHINA ENERGY CO LTD,CHINA (MAINLAND),#N/A,CHINA (MAINLAND)
2015,470329,MARUBENI,TANJUNG ENIM LESTARI,PANJANG,SUMATERA SELATAN,506,293450,MARUBENI,MARUBENI CORP,JAPAN,#N/A,CHINA (MAINLAND)
2015,470329,SINAR MAS,INDAH KIAT,PERAWANG,RIAU,400,221362,UNKNOWN AFFILIATION,SUZHOU GUANBAO TRADING LTD,CHINA (MAINLAND),#N/A,CHINA (MAINLAND)
2015,470329,SINAR MAS,INDAH KIAT,PERAWANG,RIAU,144,75202,SINAR MAS,KING PAPER SOURCE TRADING (SHANGHAI) CO LTD,CHINA (MAINLAND),#N/A,CHINA (MAINLAND)
2015,470329,SINAR MAS,LONTAR PAPYRUS,KUALA TUNGKAL,JAMBI,340,179263,SINAR MAS,GOLDEN PROFIT TRADING PTE LTD,SINGAPORE,#N/A,INDIA
2015,470329,SINAR MAS,LONTAR PAPYRUS,KUALA TUNGKAL,JAMBI,20,10866,SINAR MAS,GOLDEN PROFIT TRADING PTE LTD,SINGAPORE,#N/A,THAILAND
2015,470329,MARUBENI,TANJUNG ENIM LESTARI,PANJANG,SUMATERA SELATAN,506,291268,MARUBENI,MARUBENI CORP,JAPAN,#N/A,CHINA (MAINLAND)
2015,470329,SINAR MAS,INDAH KIAT,PERAWANG,RIAU,1000,551749,UNKNOWN AFFILIATION,NINGBO CROWN OF CHINA ENERGY CO LTD,CHINA (MAINLAND),#N/A,CHINA (MAINLAND)
2015,470329,ROYAL GOLDEN EAGLE,APRIL,BUATAN,RIAU,1505,752670,ROYAL GOLDEN EAGLE,ALKIRA TRADING (MACAO COMMERCIAL OFFSHORE) LTD,MACAO,#N/A,CHINA (MAINLAND)
2015,470329,SINAR MAS,LONTAR PAPYRUS,KUALA TUNGKAL,JAMBI,99,54506,UNKNOWN AFFILIATION,NINGBO CROWN OF CHINA ENERGY CO LTD,CHINA (MAINLAND),#N/A,CHINA (MAINLAND)
2015,470329,SINAR MAS,LONTAR PAPYRUS,KUALA TUNGKAL,JAMBI,40,22105,SINAR MAS,KING PAPER SOURCE TRADING (SHANGHAI) CO LTD,CHINA (MAINLAND),#N/A,CHINA (MAINLAND)
2015,470329,SINAR MAS,LONTAR PAPYRUS,KUALA TUNGKAL,JAMBI,500,263171,SINAR MAS,GOLDEN PROFIT TRADING PTE LTD,SINGAPORE,#N/A,BANGLADESH
2015,470329,SINAR MAS,LONTAR PAPYRUS,KUALA TUNGKAL,JAMBI,240,124794,SINAR MAS,GOLDEN PROFIT TRADING PTE LTD,SINGAPORE,#N/A,PAKISTAN
2015,470329,SINAR MAS,LONTAR PAPYRUS,KUALA TUNGKAL,JAMBI,100,50894,SINAR MAS,GOLDEN PROFIT TRADING PTE LTD,SINGAPORE,#N/A,INDIA
2015,470329,SINAR MAS,INDAH KIAT,SUNGAI PAKNING,RIAU,5000,2732500,UNKNOWN AFFILIATION,SUZHOU GUANBAO TRADING LTD,CHINA (MAINLAND),#N/A,CHINA (MAINLAND)
2015,470329,SINAR MAS,INDAH KIAT,SUNGAI PAKNING,RIAU,5300,2894788,UNKNOWN AFFILIATION,SUZHOU GUANBAO TRADING LTD,CHINA (MAINLAND),#N/A,CHINA (MAINLAND)
2015,470329,SINAR MAS,LONTAR PAPYRUS,KUALA TUNGKAL,JAMBI,499,255102,SINAR MAS,GOLDEN PROFIT TRADING PTE LTD,SINGAPORE,#N/A,BANGLADESH
2015,470329,SINAR MAS,LONTAR PAPYRUS,KUALA TUNGKAL,JAMBI,500,263824,SINAR MAS,GOLDEN PROFIT TRADING PTE LTD,SINGAPORE,#N/A,UNITED ARAB EMIRATES
2015,470329,ROYAL GOLDEN EAGLE,APRIL,BUATAN,RIAU,99,49468,ROYAL GOLDEN EAGLE,APEL ENTERPRISES (SINGAPORE) PTE LTD,SINGAPORE,#N/A,EGYPT
2015,470329,SINAR MAS,INDAH KIAT,PERAWANG,RIAU,500,276378,SINAR MAS,KING PAPER SOURCE TRADING (SHANGHAI) CO LTD,CHINA (MAINLAND),#N/A,CHINA (MAINLAND)
2015,470329,ROYAL GOLDEN EAGLE,APRIL,FUTONG,RIAU,4317,2155638,ROYAL GOLDEN EAGLE,ALKIRA TRADING (MACAO COMMERCIAL OFFSHORE) LTD,MACAO,#N/A,CHINA (MAINLAND)
2015,470329,ROYAL GOLDEN EAGLE,APRIL,FUTONG,RIAU,3315,1657592,ROYAL GOLDEN EAGLE,ALKIRA TRADING (MACAO COMMERCIAL OFFSHORE) LTD,MACAO,#N/A,CHINA (MAINLAND)
2015,470329,ROYAL GOLDEN EAGLE,APRIL,BUATAN,RIAU,993,496572,ROYAL GOLDEN EAGLE,ALKIRA TRADING (MACAO COMMERCIAL OFFSHORE) LTD,MACAO,#N/A,CHINA (MAINLAND)
2015,470329,ROYAL GOLDEN EAGLE,APRIL,FUTONG,RIAU,2010,1004856,ROYAL GOLDEN EAGLE,ALKIRA TRADING (MACAO COMMERCIAL OFFSHORE) LTD,MACAO,#N/A,CHINA (MAINLAND)
2015,470329,ROYAL GOLDEN EAGLE,APRIL,BUATAN,RIAU,199,99564,ROYAL GOLDEN EAGLE,APEL ENTERPRISES (SINGAPORE) PTE LTD,SINGAPORE,#N/A,DJIBOUTI
2015,470329,ROYAL GOLDEN EAGLE,APRIL,BUATAN,RIAU,100,50158,ROYAL GOLDEN EAGLE,APEL ENTERPRISES (SINGAPORE) PTE LTD,SINGAPORE,#N/A,INDIA
2015,470329,SINAR MAS,INDAH KIAT,PERAWANG,RIAU,1000,553405,UNKNOWN AFFILIATION,SUZHOU GUANBAO TRADING LTD,CHINA (MAINLAND),#N/A,CHINA (MAINLAND)
2015,470329,ROYAL GOLDEN EAGLE,APRIL,BUATAN,RIAU,695,347713,ROYAL GOLDEN EAGLE,ALKIRA TRADING (MACAO COMMERCIAL OFFSHORE) LTD,MACAO,#N/A,CHINA (MAINLAND)
2015,470329,ROYAL GOLDEN EAGLE,APRIL,BUATAN,RIAU,40,20122,ROYAL GOLDEN EAGLE,APEL ENTERPRISES (SINGAPORE) PTE LTD,SINGAPORE,#N/A,INDIA
2015,470329,SINAR MAS,LONTAR PAPYRUS,KUALA TUNGKAL,JAMBI,500,263142,SINAR MAS,GOLDEN PROFIT TRADING PTE LTD,SINGAPORE,#N/A,BANGLADESH
2015,470329,ROYAL GOLDEN EAGLE,APRIL,BUATAN,RIAU,696,347821,ROYAL GOLDEN EAGLE,ALKIRA TRADING (MACAO COMMERCIAL OFFSHORE) LTD,MACAO,#N/A,CHINA (MAINLAND)
2015,470329,ROYAL GOLDEN EAGLE,APRIL,BUATAN,RIAU,301,150598,ROYAL GOLDEN EAGLE,AP ENTERPRISES (MACAO) COMMERCIAL OFFSHORE LTD,MACAO,#N/A,BANGLADESH
2015,470329,ROYAL GOLDEN EAGLE,APRIL,BUATAN,RIAU,482,241053,ROYAL GOLDEN EAGLE,ALKIRA TRADING (MACAO COMMERCIAL OFFSHORE) LTD,MACAO,#N/A,CHINA (MAINLAND)
2015,470329,SINAR MAS,LONTAR PAPYRUS,KUALA TUNGKAL,JAMBI,500,255068,SINAR MAS,GOLDEN PROFIT TRADING PTE LTD,SINGAPORE,#N/A,INDIA
2015,470329,SINAR MAS,LONTAR PAPYRUS,KUALA TUNGKAL,JAMBI,500,263251,SINAR MAS,GOLDEN PROFIT TRADING PTE LTD,SINGAPORE,#N/A,BANGLADESH
2015,470329,ROYAL GOLDEN EAGLE,APRIL,BUATAN,RIAU,60,30092,ROYAL GOLDEN EAGLE,APEL ENTERPRISES (SINGAPORE) PTE LTD,SINGAPORE,#N/A,INDIA
2015,470329,MARUBENI,TANJUNG ENIM LESTARI,TANJUNG PRIOK,SUMATERA SELATAN,1013,586830,MARUBENI,MARUBENI CORP,JAPAN,#N/A,CHINA (MAINLAND)
2015,470329,ROYAL GOLDEN EAGLE,APRIL,BUATAN,RIAU,261,130656,ROYAL GOLDEN EAGLE,AP ENTERPRISES (MACAO) COMMERCIAL OFFSHORE LTD,MACAO,#N/A,BANGLADESH
2015,470329,SINAR MAS,LONTAR PAPYRUS,KUALA TUNGKAL,JAMBI,462,255087,SINAR MAS,KING PAPER SOURCE TRADING (SHANGHAI) CO LTD,CHINA (MAINLAND),#N/A,CHINA (MAINLAND)
2015,470329,SINAR MAS,INDAH KIAT,PERAWANG,RIAU,492,263092,SINAR MAS,KING PAPER SOURCE TRADING (SHANGHAI) CO LTD,CHINA (MAINLAND),#N/A,CHINA (MAINLAND)
2015,470329,SINAR MAS,INDAH KIAT,PERAWANG,RIAU,1000,553405,UNKNOWN AFFILIATION,NINGBO CROWN OF CHINA ENERGY CO LTD,CHINA (MAINLAND),#N/A,CHINA (MAINLAND)
2015,470329,SINAR MAS,INDAH KIAT,PERAWANG,RIAU,240,127068,SINAR MAS,GOLDEN PROFIT TRADING PTE LTD,SINGAPORE,#N/A,INDIA
2015,470329,SINAR MAS,INDAH KIAT,PERAWANG,RIAU,492,263092,SINAR MAS,KING PAPER SOURCE TRADING (SHANGHAI) CO LTD,CHINA (MAINLAND),#N/A,CHINA (MAINLAND)
2015,470329,ROYAL GOLDEN EAGLE,APRIL,BUATAN,RIAU,502,251002,ROYAL GOLDEN EAGLE,ALKIRA TRADING (MACAO COMMERCIAL OFFSHORE) LTD,MACAO,#N/A,CHINA (MAINLAND)
2015,470329,SINAR MAS,INDAH KIAT,PERAWANG,RIAU,1200,664086,UNKNOWN AFFILIATION,NINGBO CROWN OF CHINA ENERGY CO LTD,CHINA (MAINLAND),#N/A,CHINA (MAINLAND)
2015,470329,ROYAL GOLDEN EAGLE,APRIL,BUATAN,RIAU,60,30160,ROYAL GOLDEN EAGLE,APEL ENTERPRISES (SINGAPORE) PTE LTD,SINGAPORE,#N/A,INDIA
2015,470329,ROYAL GOLDEN EAGLE,APRIL,FUTONG,RIAU,11733,5866255,ROYAL GOLDEN EAGLE,AP ENTERPRISES (MACAO) COMMERCIAL OFFSHORE LTD,MACAO,#N/A,SOUTH KOREA
2015,470329,ROYAL GOLDEN EAGLE,APRIL,FUTONG,RIAU,9444,4722244,ROYAL GOLDEN EAGLE,AP ENTERPRISES (MACAO) COMMERCIAL OFFSHORE LTD,MACAO,#N/A,SOUTH KOREA
2015,470329,MARUBENI,TANJUNG ENIM LESTARI,PANJANG,SUMATERA SELATAN,512,294885,MARUBENI,MARUBENI CORP,JAPAN,#N/A,CHINA (MAINLAND)
2015,470329,SINAR MAS,LONTAR PAPYRUS,KUALA TUNGKAL,JAMBI,500,259973,SINAR MAS,GOLDEN PROFIT TRADING PTE LTD,SINGAPORE,#N/A,BANGLADESH
2015,470329,SINAR MAS,LONTAR PAPYRUS,KUALA TUNGKAL,JAMBI,679,367987,UNKNOWN AFFILIATION,NINGBO CROWN OF CHINA ENERGY CO LTD,CHINA (MAINLAND),#N/A,CHINA (MAINLAND)
2015,470329,SINAR MAS,LONTAR PAPYRUS,KUALA TUNGKAL,JAMBI,120,65006,UNKNOWN AFFILIATION,NINGBO CROWN OF CHINA ENERGY CO LTD,CHINA (MAINLAND),#N/A,CHINA (MAINLAND)
2015,470329,SINAR MAS,LONTAR PAPYRUS,KUALA TUNGKAL,JAMBI,400,217018,UNKNOWN AFFILIATION,NINGBO CROWN OF CHINA ENERGY CO LTD,CHINA (MAINLAND),#N/A,CHINA (MAINLAND)
2015,470329,SINAR MAS,LONTAR PAPYRUS,KUALA TUNGKAL,JAMBI,500,260123,SINAR MAS,GOLDEN PROFIT TRADING PTE LTD,SINGAPORE,#N/A,BANGLADESH
2015,470329,SINAR MAS,LONTAR PAPYRUS,KUALA TUNGKAL,JAMBI,758,401773,UNKNOWN AFFILIATION,SUZHOU GUANBAO TRADING LTD,CHINA (MAINLAND),#N/A,CHINA (MAINLAND)
2015,470329,MARUBENI,TANJUNG ENIM LESTARI,PANJANG,SUMATERA SELATAN,110,64334,MARUBENI,MARUBENI CORP,JAPAN,#N/A,INDIA
2015,470329,SINAR MAS,LONTAR PAPYRUS,KUALA TUNGKAL,JAMBI,899,489562,UNKNOWN AFFILIATION,NINGBO CROWN OF CHINA ENERGY CO LTD,CHINA (MAINLAND),#N/A,CHINA (MAINLAND)
2015,470329,ROYAL GOLDEN EAGLE,APRIL,BUATAN,RIAU,502,251103,ROYAL GOLDEN EAGLE,ALKIRA TRADING (MACAO COMMERCIAL OFFSHORE) LTD,MACAO,#N/A,CHINA (MAINLAND)
2015,470329,ROYAL GOLDEN EAGLE,TOBA PULP LESTARI,BELAWAN,SUMATERA UTARA,987,527906,ROYAL GOLDEN EAGLE,DP MARKETING INTERNATIONAL,MACAO,#N/A,CHINA (MAINLAND)
2015,470329,SINAR MAS,INDAH KIAT,PERAWANG,RIAU,528,275699,SINAR MAS,KING PAPER SOURCE TRADING (SHANGHAI) CO LTD,CHINA (MAINLAND),#N/A,CHINA (MAINLAND)
2015,470329,SINAR MAS,INDAH KIAT,PERAWANG,RIAU,528,280376,SINAR MAS,KING PAPER SOURCE TRADING (SHANGHAI) CO LTD,CHINA (MAINLAND),#N/A,CHINA (MAINLAND)
2015,470329,SINAR MAS,LONTAR PAPYRUS,KUALA TUNGKAL,JAMBI,7994,4302071,UNKNOWN AFFILIATION,SUZHOU GUANBAO TRADING LTD,CHINA (MAINLAND),#N/A,CHINA (MAINLAND)
2015,470329,SINAR MAS,INDAH KIAT,PERAWANG,RIAU,1000,532905,UNKNOWN AFFILIATION,SUZHOU HUANG YI TRADE CO LTD,CHINA (MAINLAND),#N/A,CHINA (MAINLAND)
2015,470329,SINAR MAS,LONTAR PAPYRUS,KUALA TUNGKAL,JAMBI,500,271231,UNKNOWN AFFILIATION,NINGBO CROWN OF CHINA ENERGY CO LTD,CHINA (MAINLAND),#N/A,CHINA (MAINLAND)
2015,470329,SINAR MAS,INDAH KIAT,PERAWANG,RIAU,600,331873,UNKNOWN AFFILIATION,NINGBO CROWN OF CHINA ENERGY CO LTD,CHINA (MAINLAND),#N/A,CHINA (MAINLAND)
2015,470329,MARUBENI,TANJUNG ENIM LESTARI,PANJANG,SUMATERA SELATAN,1012,580003,MARUBENI,MARUBENI CORP,JAPAN,#N/A,CHINA (MAINLAND)
2015,470329,ROYAL GOLDEN EAGLE,TOBA PULP LESTARI,BELAWAN,SUMATERA UTARA,494,264437,ROYAL GOLDEN EAGLE,DP MARKETING INTERNATIONAL,MACAO,#N/A,CHINA (MAINLAND)
2015,470329,SINAR MAS,INDAH KIAT,PERAWANG,RIAU,800,445654,UNKNOWN AFFILIATION,NINGBO CROWN OF CHINA ENERGY CO LTD,CHINA (MAINLAND),#N/A,CHINA (MAINLAND)
2015,470329,MARUBENI,TANJUNG ENIM LESTARI,PANJANG,SUMATERA SELATAN,1003,590159,MARUBENI,MARUBENI CORP,JAPAN,#N/A,CHINA (MAINLAND)
2015,470329,SINAR MAS,INDAH KIAT,PERAWANG,RIAU,640,353119,UNKNOWN AFFILIATION,NINGBO CROWN OF CHINA ENERGY CO LTD,CHINA (MAINLAND),#N/A,CHINA (MAINLAND)
2015,470329,SINAR MAS,INDAH KIAT,PERAWANG,RIAU,126,68590,SINAR MAS,GOLDEN PROFIT TRADING PTE LTD,SINGAPORE,#N/A,JAPAN
2015,470329,SINAR MAS,INDAH KIAT,PERAWANG,RIAU,516,269862,SINAR MAS,KING PAPER SOURCE TRADING (SHANGHAI) CO LTD,CHINA (MAINLAND),#N/A,CHINA (MAINLAND)
2015,470329,ROYAL GOLDEN EAGLE,TOBA PULP LESTARI,BELAWAN,SUMATERA UTARA,495,264568,ROYAL GOLDEN EAGLE,DP MARKETING INTERNATIONAL,MACAO,#N/A,CHINA (MAINLAND)
2015,470329,SINAR MAS,LONTAR PAPYRUS,KUALA TUNGKAL,JAMBI,499,262946,SINAR MAS,GOLDEN PROFIT TRADING PTE LTD,SINGAPORE,#N/A,BANGLADESH
2015,470329,MARUBENI,TANJUNG ENIM LESTARI,PANJANG,SUMATERA SELATAN,110,63942,CELLMARK,CELLMARK ASIA PTE LTD,SINGAPORE,#N/A,BANGLADESH
2015,470329,SINAR MAS,LONTAR PAPYRUS,KUALA TUNGKAL,JAMBI,498,254129,SINAR MAS,GOLDEN PROFIT TRADING PTE LTD,SINGAPORE,#N/A,INDIA
2015,470329,ROYAL GOLDEN EAGLE,APRIL,BUATAN,RIAU,80,40198,ROYAL GOLDEN EAGLE,ALKIRA TRADING (MACAO COMMERCIAL OFFSHORE) LTD,MACAO,#N/A,CHINA (MAINLAND)
2015,470329,MARUBENI,TANJUNG ENIM LESTARI,PANJANG,SUMATERA SELATAN,771,447566,MARUBENI,MARUBENI CORP,JAPAN,#N/A,CHINA (MAINLAND)
2015,470329,SINAR MAS,INDAH KIAT,PERAWANG,RIAU,1000,553405,UNKNOWN AFFILIATION,SUZHOU GUANBAO TRADING LTD,CHINA (MAINLAND),#N/A,CHINA (MAINLAND)
2015,470329,SINAR MAS,INDAH KIAT,PERAWANG,RIAU,1000,548836,UNKNOWN AFFILIATION,NINGBO CROWN OF CHINA ENERGY CO LTD,CHINA (MAINLAND),#N/A,CHINA (MAINLAND)
2015,470329,SINAR MAS,INDAH KIAT,PERAWANG,RIAU,1000,532905,UNKNOWN AFFILIATION,SUZHOU HUANG YI TRADE CO LTD,CHINA (MAINLAND),#N/A,CHINA (MAINLAND)
2015,470329,ROYAL GOLDEN EAGLE,APRIL,BUATAN,RIAU,924,462178,ROYAL GOLDEN EAGLE,ALKIRA TRADING (MACAO COMMERCIAL OFFSHORE) LTD,MACAO,#N/A,CHINA (MAINLAND)
2015,470329,SINAR MAS,LONTAR PAPYRUS,KUALA TUNGKAL,JAMBI,499,262815,SINAR MAS,GOLDEN PROFIT TRADING PTE LTD,SINGAPORE,#N/A,BANGLADESH
2015,470329,SINAR MAS,LONTAR PAPYRUS,KUALA TUNGKAL,JAMBI,2198,1182662,SINAR MAS,KING PAPER SOURCE TRADING (SHANGHAI) CO LTD,CHINA (MAINLAND),#N/A,CHINA (MAINLAND)
2015,470329,ROYAL GOLDEN EAGLE,APRIL,BUATAN,RIAU,502,251159,ROYAL GOLDEN EAGLE,AP ENTERPRISES (MACAO) COMMERCIAL OFFSHORE LTD,MACAO,#N/A,BANGLADESH
2015,470329,ROYAL GOLDEN EAGLE,APRIL,BUATAN,RIAU,502,251221,ROYAL GOLDEN EAGLE,APEL ENTERPRISES (SINGAPORE) PTE LTD,SINGAPORE,#N/A,THAILAND
2015,470329,ROYAL GOLDEN EAGLE,APRIL,BUATAN,RIAU,993,496406,ROYAL GOLDEN EAGLE,ALKIRA TRADING (MACAO COMMERCIAL OFFSHORE) LTD,MACAO,#N/A,CHINA (MAINLAND)
2015,470329,ROYAL GOLDEN EAGLE,APRIL,BUATAN,RIAU,40,20100,ROYAL GOLDEN EAGLE,APEL ENTERPRISES (SINGAPORE) PTE LTD,SINGAPORE,#N/A,INDIA
2015,470329,SINAR MAS,INDAH KIAT,SUNGAI PAKNING,RIAU,5300,2900088,UNKNOWN AFFILIATION,NINGBO CROWN OF CHINA ENERGY CO LTD,CHINA (MAINLAND),#N/A,CHINA (MAINLAND)
2015,470329,ROYAL GOLDEN EAGLE,APRIL,FUTONG,RIAU,5021,2510542,ROYAL GOLDEN EAGLE,ALKIRA TRADING (MACAO COMMERCIAL OFFSHORE) LTD,MACAO,#N/A,CHINA (MAINLAND)
2015,470329,ROYAL GOLDEN EAGLE,APRIL,FUTONG,RIAU,2010,1004976,ROYAL GOLDEN EAGLE,ALKIRA TRADING (MACAO COMMERCIAL OFFSHORE) LTD,MACAO,#N/A,CHINA (MAINLAND)
2015,470329,ROYAL GOLDEN EAGLE,APRIL,BUATAN,RIAU,201,100334,ROYAL GOLDEN EAGLE,APEL ENTERPRISES (SINGAPORE) PTE LTD,SINGAPORE,#N/A,THAILAND
2015,470329,ROYAL GOLDEN EAGLE,APRIL,BUATAN,RIAU,261,130668,ROYAL GOLDEN EAGLE,APEL ENTERPRISES (SINGAPORE) PTE LTD,SINGAPORE,#N/A,PHILIPPINES
2015,470329,ROYAL GOLDEN EAGLE,APRIL,BUATAN,RIAU,596,298128,ROYAL GOLDEN EAGLE,ALKIRA TRADING (MACAO COMMERCIAL OFFSHORE) LTD,MACAO,#N/A,CHINA (MAINLAND)
2015,470329,ROYAL GOLDEN EAGLE,APRIL,BUATAN,RIAU,301,150672,ROYAL GOLDEN EAGLE,AP ENTERPRISES (MACAO) COMMERCIAL OFFSHORE LTD,MACAO,#N/A,BANGLADESH
2015,470329,ROYAL GOLDEN EAGLE,APRIL,FUTONG,RIAU,6026,3013064,ROYAL GOLDEN EAGLE,ALKIRA TRADING (MACAO COMMERCIAL OFFSHORE) LTD,MACAO,#N/A,CHINA (MAINLAND)
2015,470329,ROYAL GOLDEN EAGLE,TOBA PULP LESTARI,BELAWAN,SUMATERA UTARA,493,263955,ROYAL GOLDEN EAGLE,DP MARKETING INTERNATIONAL,MACAO,#N/A,CHINA (MAINLAND)
2015,470329,ROYAL GOLDEN EAGLE,TOBA PULP LESTARI,BELAWAN,SUMATERA UTARA,987,527873,ROYAL GOLDEN EAGLE,DP MARKETING INTERNATIONAL,MACAO,#N/A,CHINA (MAINLAND)
2015,470329,ROYAL GOLDEN EAGLE,APRIL,BUATAN,RIAU,995,497408,ROYAL GOLDEN EAGLE,APEL ENTERPRISES (SINGAPORE) PTE LTD,SINGAPORE,#N/A,SAUDI ARABIA
2015,470329,ROYAL GOLDEN EAGLE,APRIL,BUATAN,RIAU,502,251054,ROYAL GOLDEN EAGLE,APEL ENTERPRISES (SINGAPORE) PTE LTD,SINGAPORE,#N/A,THAILAND
2015,470329,ROYAL GOLDEN EAGLE,TOBA PULP LESTARI,BELAWAN,SUMATERA UTARA,494,264469,ROYAL GOLDEN EAGLE,DP MARKETING INTERNATIONAL,MACAO,#N/A,CHINA (MAINLAND)
2015,470329,SINAR MAS,INDAH KIAT,SUNGAI PAKNING,RIAU,4600,2517058,UNKNOWN AFFILIATION,NINGBO CROWN OF CHINA ENERGY CO LTD,CHINA (MAINLAND),#N/A,SOUTH KOREA
2015,470329,ROYAL GOLDEN EAGLE,APRIL,FUTONG,RIAU,2009,1004346,ROYAL GOLDEN EAGLE,ALKIRA TRADING (MACAO COMMERCIAL OFFSHORE) LTD,MACAO,#N/A,CHINA (MAINLAND)
2015,470329,SINAR MAS,INDAH KIAT,SUNGAI PAKNING,RIAU,5000,2700000,SINAR MAS,GOLDEN PROFIT TRADING PTE LTD,SINGAPORE,#N/A,SOUTH KOREA
2015,470329,SINAR MAS,INDAH KIAT,PERAWANG,RIAU,300,165369,SINAR MAS,GOLDEN PROFIT TRADING PTE LTD,SINGAPORE,#N/A,TAIWAN
2015,470329,ROYAL GOLDEN EAGLE,APRIL,BUATAN,RIAU,502,251066,ROYAL GOLDEN EAGLE,APEL ENTERPRISES (SINGAPORE) PTE LTD,SINGAPORE,#N/A,INDIA
2015,470329,ROYAL GOLDEN EAGLE,APRIL,BUATAN,RIAU,502,251098,ROYAL GOLDEN EAGLE,APEL ENTERPRISES (SINGAPORE) PTE LTD,SINGAPORE,#N/A,INDIA
2015,470329,MARUBENI,TANJUNG ENIM LESTARI,TANJUNG PRIOK,SUMATERA SELATAN,1007,583909,MARUBENI,MARUBENI CORP,JAPAN,#N/A,CHINA (MAINLAND)
2015,470329,ROYAL GOLDEN EAGLE,APRIL,BUATAN,RIAU,497,248326,ROYAL GOLDEN EAGLE,APEL ENTERPRISES (SINGAPORE) PTE LTD,SINGAPORE,#N/A,EGYPT
2015,470329,ROYAL GOLDEN EAGLE,APRIL,FUTONG,RIAU,8535,4267371,ROYAL GOLDEN EAGLE,AP ENTERPRISES (MACAO) COMMERCIAL OFFSHORE LTD,MACAO,#N/A,BANGLADESH
2015,470329,ROYAL GOLDEN EAGLE,APRIL,BUATAN,RIAU,523,261327,ROYAL GOLDEN EAGLE,APEL ENTERPRISES (SINGAPORE) PTE LTD,SINGAPORE,#N/A,UNITED ARAB EMIRATES
2015,470329,ROYAL GOLDEN EAGLE,APRIL,BUATAN,RIAU,201,100446,ROYAL GOLDEN EAGLE,APEL ENTERPRISES (SINGAPORE) PTE LTD,SINGAPORE,#N/A,UNITED ARAB EMIRATES
2015,470329,ROYAL GOLDEN EAGLE,APRIL,FUTONG,RIAU,8037,4018470,ROYAL GOLDEN EAGLE,APEL ENTERPRISES (SINGAPORE) PTE LTD,SINGAPORE,#N/A,INDIA
2015,470329,ROYAL GOLDEN EAGLE,APRIL,BUATAN,RIAU,141,70376,ROYAL GOLDEN EAGLE,APEL ENTERPRISES (SINGAPORE) PTE LTD,SINGAPORE,#N/A,INDIA
2015,470329,SINAR MAS,INDAH KIAT,PERAWANG,RIAU,1000,532905,UNKNOWN AFFILIATION,SUZHOU GUANBAO TRADING LTD,CHINA (MAINLAND),#N/A,CHINA (MAINLAND)
2015,470329,MARUBENI,TANJUNG ENIM LESTARI,PANJANG,SUMATERA SELATAN,108,62128,MARUBENI,MARUBENI CORP,JAPAN,#N/A,INDIA
2015,470329,MARUBENI,TANJUNG ENIM LESTARI,PANJANG,SUMATERA SELATAN,503,291622,MARUBENI,MARUBENI CORP,JAPAN,#N/A,CHINA (MAINLAND)
2015,470329,ROYAL GOLDEN EAGLE,APRIL,FUTONG,RIAU,2069,1034720,ROYAL GOLDEN EAGLE,ALKIRA TRADING (MACAO COMMERCIAL OFFSHORE) LTD,MACAO,#N/A,CHINA (MAINLAND)
2015,470329,SINAR MAS,LONTAR PAPYRUS,KUALA TUNGKAL,JAMBI,599,318586,SINAR MAS,KING PAPER SOURCE TRADING (SHANGHAI) CO LTD,CHINA (MAINLAND),#N/A,CHINA (MAINLAND)
2015,470329,SINAR MAS,LONTAR PAPYRUS,KUALA TUNGKAL,JAMBI,1000,552636,UNKNOWN AFFILIATION,NINGBO GUAN PAO STORAGE CO LTD,CHINA (MAINLAND),#N/A,BANGLADESH
2015,470329,SINAR MAS,INDAH KIAT,PERAWANG,RIAU,530,287799,SINAR MAS,KING PAPER SOURCE TRADING (SHANGHAI) CO LTD,CHINA (MAINLAND),#N/A,CHINA (MAINLAND)
2015,470329,MARUBENI,TANJUNG ENIM LESTARI,PANJANG,SUMATERA SELATAN,789,458316,MARUBENI,MARUBENI CORP,JAPAN,#N/A,CHINA (MAINLAND)
2015,470329,SINAR MAS,LONTAR PAPYRUS,KUALA TUNGKAL,JAMBI,499,263642,SINAR MAS,GOLDEN PROFIT TRADING PTE LTD,SINGAPORE,#N/A,UNITED ARAB EMIRATES
2015,470329,MARUBENI,TANJUNG ENIM LESTARI,PANJANG,SUMATERA SELATAN,354,199894,MARUBENI,MARUBENI CORP,JAPAN,#N/A,THAILAND
2015,470329,SINAR MAS,INDAH KIAT,PERAWANG,RIAU,516,266557,SINAR MAS,KING PAPER SOURCE TRADING (SHANGHAI) CO LTD,CHINA (MAINLAND),#N/A,CHINA (MAINLAND)
2015,470329,SINAR MAS,INDAH KIAT,PERAWANG,RIAU,510,269609,SINAR MAS,KING PAPER SOURCE TRADING (SHANGHAI) CO LTD,CHINA (MAINLAND),#N/A,CHINA (MAINLAND)
2015,470329,SINAR MAS,LONTAR PAPYRUS,KUALA TUNGKAL,JAMBI,500,263490,SINAR MAS,GOLDEN PROFIT TRADING PTE LTD,SINGAPORE,#N/A,BANGLADESH
2015,470329,MARUBENI,TANJUNG ENIM LESTARI,PANJANG,SUMATERA SELATAN,108,63066,MARUBENI,MARUBENI CORP,JAPAN,#N/A,INDIA
2015,470329,SINAR MAS,INDAH KIAT,PERAWANG,RIAU,510,269609,SINAR MAS,KING PAPER SOURCE TRADING (SHANGHAI) CO LTD,CHINA (MAINLAND),#N/A,CHINA (MAINLAND)
2015,470329,SINAR MAS,LONTAR PAPYRUS,KUALA TUNGKAL,JAMBI,592,325006,SINAR MAS,KING PAPER SOURCE TRADING (SHANGHAI) CO LTD,CHINA (MAINLAND),#N/A,CHINA (MAINLAND)
2015,470329,SINAR MAS,INDAH KIAT,PERAWANG,RIAU,1000,529450,SINAR MAS,GOLDEN PROFIT TRADING PTE LTD,SINGAPORE,#N/A,INDIA
2015,470329,ROYAL GOLDEN EAGLE,APRIL,FUTONG,RIAU,7169,3584588,ROYAL GOLDEN EAGLE,ALKIRA TRADING (MACAO COMMERCIAL OFFSHORE) LTD,MACAO,#N/A,CHINA (MAINLAND)
2015,470329,MARUBENI,TANJUNG ENIM LESTARI,PANJANG,SUMATERA SELATAN,308,184725,MARUBENI,MARUBENI CORP,JAPAN,#N/A,MALAYSIA
2015,470329,ROYAL GOLDEN EAGLE,APRIL,BUATAN,RIAU,995,497276,ROYAL GOLDEN EAGLE,APEL ENTERPRISES (SINGAPORE) PTE LTD,SINGAPORE,#N/A,SAUDI ARABIA
2015,470329,SINAR MAS,LONTAR PAPYRUS,KUALA TUNGKAL,JAMBI,499,269837,UNKNOWN AFFILIATION,NINGBO CROWN OF CHINA ENERGY CO LTD,CHINA (MAINLAND),#N/A,CHINA (MAINLAND)
2015,470329,SINAR MAS,INDAH KIAT,SUNGAI PAKNING,RIAU,1000,542250,SINAR MAS,GOLDEN PROFIT TRADING PTE LTD,SINGAPORE,#N/A,SOUTH KOREA
2015,470329,MARUBENI,TANJUNG ENIM LESTARI,TANJUNG PRIOK,SUMATERA SELATAN,20,11987,MARUBENI,MARUBENI CORP,JAPAN,#N/A,JAPAN
2015,470329,ROYAL GOLDEN EAGLE,APRIL,BUATAN,RIAU,60,30120,ROYAL GOLDEN EAGLE,APEL ENTERPRISES (SINGAPORE) PTE LTD,SINGAPORE,#N/A,INDIA
2015,470329,ROYAL GOLDEN EAGLE,TOBA PULP LESTARI,BELAWAN,SUMATERA UTARA,494,264141,ROYAL GOLDEN EAGLE,DP MARKETING INTERNATIONAL,MACAO,#N/A,CHINA (MAINLAND)
2015,470329,SINAR MAS,LONTAR PAPYRUS,KUALA TUNGKAL,JAMBI,497,259452,SINAR MAS,GOLDEN PROFIT TRADING PTE LTD,SINGAPORE,#N/A,BANGLADESH
2015,470329,MARUBENI,TANJUNG ENIM LESTARI,PANJANG,SUMATERA SELATAN,1028,592720,MARUBENI,MARUBENI CORP,JAPAN,#N/A,TAIWAN
2015,470329,ROYAL GOLDEN EAGLE,APRIL,BUATAN,RIAU,1004,502188,ROYAL GOLDEN EAGLE,ALKIRA TRADING (MACAO COMMERCIAL OFFSHORE) LTD,MACAO,#N/A,CHINA (MAINLAND)
2015,470329,ROYAL GOLDEN EAGLE,APRIL,FUTONG,RIAU,6028,3013951,ROYAL GOLDEN EAGLE,APEL ENTERPRISES (SINGAPORE) PTE LTD,SINGAPORE,#N/A,JAPAN
2015,470329,SINAR MAS,LONTAR PAPYRUS,KUALA TUNGKAL,JAMBI,1280,701774,UNKNOWN AFFILIATION,NINGBO CROWN OF CHINA ENERGY CO LTD,CHINA (MAINLAND),#N/A,CHINA (MAINLAND)
2015,470329,ROYAL GOLDEN EAGLE,TOBA PULP LESTARI,BELAWAN,SUMATERA UTARA,495,264961,ROYAL GOLDEN EAGLE,DP MARKETING INTERNATIONAL,MACAO,#N/A,CHINA (MAINLAND)
2015,470329,MARUBENI,TANJUNG ENIM LESTARI,PANJANG,SUMATERA SELATAN,514,292747,MARUBENI,MARUBENI CORP,JAPAN,#N/A,CHINA (MAINLAND)
2015,470329,MARUBENI,TANJUNG ENIM LESTARI,PANJANG,SUMATERA SELATAN,308,180712,MARUBENI,MARUBENI CORP,JAPAN,#N/A,TAIWAN
2015,470329,MARUBENI,TANJUNG ENIM LESTARI,PANJANG,SUMATERA SELATAN,1028,605158,MARUBENI,MARUBENI CORP,JAPAN,#N/A,SOUTH KOREA
2015,470329,SINAR MAS,LONTAR PAPYRUS,KUALA TUNGKAL,JAMBI,1310,717854,UNKNOWN AFFILIATION,NINGBO CROWN OF CHINA ENERGY CO LTD,CHINA (MAINLAND),#N/A,CHINA (MAINLAND)
2015,470329,MARUBENI,TANJUNG ENIM LESTARI,PANJANG,SUMATERA SELATAN,1400,787359,MARUBENI,MARUBENI CORP,JAPAN,#N/A,JAPAN
2015,470329,MARUBENI,TANJUNG ENIM LESTARI,PANJANG,SUMATERA SELATAN,600,349010,MARUBENI,MARUBENI CORP,JAPAN,#N/A,JAPAN
2015,470329,MARUBENI,TANJUNG ENIM LESTARI,PANJANG,SUMATERA SELATAN,1543,893393,MARUBENI,MARUBENI CORP,JAPAN,#N/A,CHINA (MAINLAND)
2015,470329,MARUBENI,TANJUNG ENIM LESTARI,PANJANG,SUMATERA SELATAN,101,58211,MARUBENI,MARUBENI CORP,JAPAN,#N/A,TAIWAN
2015,470329,MARUBENI,TANJUNG ENIM LESTARI,PANJANG,SUMATERA SELATAN,206,119086,MARUBENI,MARUBENI CORP,JAPAN,#N/A,SOUTH KOREA
2015,470329,MARUBENI,TANJUNG ENIM LESTARI,PANJANG,SUMATERA SELATAN,514,302401,MARUBENI,MARUBENI CORP,JAPAN,#N/A,SOUTH KOREA
2015,470329,SINAR MAS,INDAH KIAT,SUNGAI PAKNING,RIAU,1000,542250,SINAR MAS,GOLDEN PROFIT TRADING PTE LTD,SINGAPORE,#N/A,SOUTH KOREA
2015,470329,SINAR MAS,INDAH KIAT,PERAWANG,RIAU,600,334240,UNKNOWN AFFILIATION,NINGBO CROWN OF CHINA ENERGY CO LTD,CHINA (MAINLAND),#N/A,CHINA (MAINLAND)
2015,470329,SINAR MAS,INDAH KIAT,PERAWANG,RIAU,1500,794175,SINAR MAS,GOLDEN PROFIT TRADING PTE LTD,SINGAPORE,#N/A,UNITED ARAB EMIRATES
2015,470329,SINAR MAS,INDAH KIAT,SUNGAI PAKNING,RIAU,6100,3336313,UNKNOWN AFFILIATION,NINGBO CROWN OF CHINA ENERGY CO LTD,CHINA (MAINLAND),#N/A,CHINA (MAINLAND)
2015,470329,SINAR MAS,INDAH KIAT,SUNGAI PAKNING,RIAU,500,271125,SINAR MAS,GOLDEN PROFIT TRADING PTE LTD,SINGAPORE,#N/A,SOUTH KOREA
2015,470329,SINAR MAS,INDAH KIAT,PERAWANG,RIAU,500,277381,UNKNOWN AFFILIATION,NINGBO CROWN OF CHINA ENERGY CO LTD,CHINA (MAINLAND),#N/A,CHINA (MAINLAND)
2015,470329,MARUBENI,TANJUNG ENIM LESTARI,PANJANG,SUMATERA SELATAN,823,476288,MARUBENI,MARUBENI CORP,JAPAN,#N/A,SOUTH KOREA
2015,470329,MARUBENI,TANJUNG ENIM LESTARI,PANJANG,SUMATERA SELATAN,80,47591,MARUBENI,MARUBENI CORP,JAPAN,#N/A,JAPAN
2015,470329,MARUBENI,TANJUNG ENIM LESTARI,PANJANG,SUMATERA SELATAN,824,474016,MARUBENI,MARUBENI CORP,JAPAN,#N/A,TAIWAN
2015,470329,MARUBENI,TANJUNG ENIM LESTARI,PANJANG,SUMATERA SELATAN,400,228650,MARUBENI,MARUBENI CORP,JAPAN,#N/A,JAPAN
2015,470329,MARUBENI,TANJUNG ENIM LESTARI,PANJANG,SUMATERA SELATAN,99,54825,MARUBENI,MARUBENI CORP,JAPAN,#N/A,JAPAN
2015,470329,MARUBENI,TANJUNG ENIM LESTARI,PANJANG,SUMATERA SELATAN,101,58272,MARUBENI,MARUBENI CORP,JAPAN,#N/A,TAIWAN
2015,470329,ROYAL GOLDEN EAGLE,APRIL,BUATAN,RIAU,96,48200,ROYAL GOLDEN EAGLE,ALKIRA TRADING (MACAO COMMERCIAL OFFSHORE) LTD,MACAO,#N/A,TAIWAN
2015,470329,ROYAL GOLDEN EAGLE,APRIL,FUTONG,RIAU,2462,1230768,ROYAL GOLDEN EAGLE,APEL ENTERPRISES (SINGAPORE) PTE LTD,SINGAPORE,#N/A,JAPAN
2015,470329,MARUBENI,TANJUNG ENIM LESTARI,PANJANG,SUMATERA SELATAN,204,119644,MARUBENI,MARUBENI CORP,JAPAN,#N/A,TAIWAN
2015,470329,MARUBENI,TANJUNG ENIM LESTARI,PANJANG,SUMATERA SELATAN,513,292301,MARUBENI,MARUBENI CORP,JAPAN,#N/A,CHINA (MAINLAND)
2015,470329,ROYAL GOLDEN EAGLE,TOBA PULP LESTARI,BELAWAN,SUMATERA UTARA,494,264310,ROYAL GOLDEN EAGLE,DP MARKETING INTERNATIONAL,MACAO,#N/A,CHINA (MAINLAND)
2015,470329,SINAR MAS,INDAH KIAT,PERAWANG,RIAU,400,222237,UNKNOWN AFFILIATION,NINGBO CROWN OF CHINA ENERGY CO LTD,CHINA (MAINLAND),#N/A,CHINA (MAINLAND)
2015,470329,SINAR MAS,INDAH KIAT,PERAWANG,RIAU,420,220784,SINAR MAS,KING PAPER SOURCE TRADING (SHANGHAI) CO LTD,CHINA (MAINLAND),#N/A,CHINA (MAINLAND)
2015,470329,SINAR MAS,INDAH KIAT,PERAWANG,RIAU,1000,555092,UNKNOWN AFFILIATION,NINGBO CROWN OF CHINA ENERGY CO LTD,CHINA (MAINLAND),#N/A,CHINA (MAINLAND)
2015,470329,ROYAL GOLDEN EAGLE,TOBA PULP LESTARI,BELAWAN,SUMATERA UTARA,493,264018,ROYAL GOLDEN EAGLE,DP MARKETING INTERNATIONAL,MACAO,#N/A,CHINA (MAINLAND)
2015,470329,SINAR MAS,INDAH KIAT,PERAWANG,RIAU,1500,832639,UNKNOWN AFFILIATION,NINGBO CROWN OF CHINA ENERGY CO LTD,CHINA (MAINLAND),#N/A,CHINA (MAINLAND)
2015,470329,SINAR MAS,INDAH KIAT,PERAWANG,RIAU,1200,665481,UNKNOWN AFFILIATION,SUZHOU GUANBAO TRADING LTD,CHINA (MAINLAND),#N/A,CHINA (MAINLAND)
2015,470329,ROYAL GOLDEN EAGLE,TOBA PULP LESTARI,BELAWAN,SUMATERA UTARA,987,527923,ROYAL GOLDEN EAGLE,DP MARKETING INTERNATIONAL,MACAO,#N/A,CHINA (MAINLAND)
2015,470329,ROYAL GOLDEN EAGLE,TOBA PULP LESTARI,BELAWAN,SUMATERA UTARA,493,264000,ROYAL GOLDEN EAGLE,DP MARKETING INTERNATIONAL,MACAO,#N/A,CHINA (MAINLAND)
2015,470329,ROYAL GOLDEN EAGLE,TOBA PULP LESTARI,BELAWAN,SUMATERA UTARA,494,264332,ROYAL GOLDEN EAGLE,DP MARKETING INTERNATIONAL,MACAO,#N/A,CHINA (MAINLAND)
2015,470329,ROYAL GOLDEN EAGLE,APRIL,BUATAN,RIAU,60,30142,ROYAL GOLDEN EAGLE,APEL ENTERPRISES (SINGAPORE) PTE LTD,SINGAPORE,#N/A,INDIA
2015,470329,ROYAL GOLDEN EAGLE,TOBA PULP LESTARI,BELAWAN,SUMATERA UTARA,494,264179,ROYAL GOLDEN EAGLE,DP MARKETING INTERNATIONAL,MACAO,#N/A,CHINA (MAINLAND)
2015,470329,ROYAL GOLDEN EAGLE,TOBA PULP LESTARI,BELAWAN,SUMATERA UTARA,493,263972,ROYAL GOLDEN EAGLE,DP MARKETING INTERNATIONAL,MACAO,#N/A,CHINA (MAINLAND)
2015,470329,ROYAL GOLDEN EAGLE,APRIL,BUATAN,RIAU,402,201066,ROYAL GOLDEN EAGLE,AP ENTERPRISES (MACAO) COMMERCIAL OFFSHORE LTD,MACAO,#N/A,BANGLADESH
2015,470329,ROYAL GOLDEN EAGLE,APRIL,BUATAN,RIAU,60,30122,ROYAL GOLDEN EAGLE,APEL ENTERPRISES (SINGAPORE) PTE LTD,SINGAPORE,#N/A,INDIA
2015,470329,ROYAL GOLDEN EAGLE,APRIL,BUATAN,RIAU,502,251152,ROYAL GOLDEN EAGLE,ALKIRA TRADING (MACAO COMMERCIAL OFFSHORE) LTD,MACAO,#N/A,CHINA (MAINLAND)
2015,470329,SINAR MAS,INDAH KIAT,PERAWANG,RIAU,1000,559342,UNKNOWN AFFILIATION,SUZHOU GUANBAO TRADING LTD,CHINA (MAINLAND),#N/A,CHINA (MAINLAND)
2015,470329,ROYAL GOLDEN EAGLE,APRIL,BUATAN,RIAU,60,30146,ROYAL GOLDEN EAGLE,APEL ENTERPRISES (SINGAPORE) PTE LTD,SINGAPORE,#N/A,INDIA
2015,470329,ROYAL GOLDEN EAGLE,APRIL,BUATAN,RIAU,497,248442,ROYAL GOLDEN EAGLE,ALKIRA TRADING (MACAO COMMERCIAL OFFSHORE) LTD,MACAO,#N/A,CHINA (MAINLAND)
2015,470329,ROYAL GOLDEN EAGLE,APRIL,BUATAN,RIAU,497,248667,ROYAL GOLDEN EAGLE,ALKIRA TRADING (MACAO COMMERCIAL OFFSHORE) LTD,MACAO,#N/A,CHINA (MAINLAND)
2015,470329,SINAR MAS,INDAH KIAT,PERAWANG,RIAU,528,275170,UNKNOWN AFFILIATION,NINGBO CROWN OF CHINA ENERGY CO LTD,CHINA (MAINLAND),#N/A,CHINA (MAINLAND)
2015,470329,ROYAL GOLDEN EAGLE,APRIL,BUATAN,RIAU,101,50288,ROYAL GOLDEN EAGLE,APEL ENTERPRISES (SINGAPORE) PTE LTD,SINGAPORE,#N/A,INDIA
2015,470329,ROYAL GOLDEN EAGLE,APRIL,FUTONG,RIAU,6025,3012334,ROYAL GOLDEN EAGLE,APEL ENTERPRISES (SINGAPORE) PTE LTD,SINGAPORE,#N/A,SOUTH KOREA
2015,470329,SINAR MAS,INDAH KIAT,PERAWANG,RIAU,516,268916,UNKNOWN AFFILIATION,NINGBO CROWN OF CHINA ENERGY CO LTD,CHINA (MAINLAND),#N/A,CHINA (MAINLAND)
2015,470329,SINAR MAS,INDAH KIAT,PERAWANG,RIAU,1000,532905,UNKNOWN AFFILIATION,SUZHOU GUANBAO TRADING LTD,CHINA (MAINLAND),#N/A,CHINA (MAINLAND)
2015,470329,ROYAL GOLDEN EAGLE,APRIL,BUATAN,RIAU,201,100464,ROYAL GOLDEN EAGLE,APEL ENTERPRISES (SINGAPORE) PTE LTD,SINGAPORE,#N/A,INDIA
2015,470329,SINAR MAS,INDAH KIAT,PERAWANG,RIAU,500,271900,SINAR MAS,GOLDEN PROFIT TRADING PTE LTD,SINGAPORE,#N/A,THAILAND
2015,470329,SINAR MAS,INDAH KIAT,PERAWANG,RIAU,1300,724480,UNKNOWN AFFILIATION,NINGBO CROWN OF CHINA ENERGY CO LTD,CHINA (MAINLAND),#N/A,CHINA (MAINLAND)
2015,470329,ROYAL GOLDEN EAGLE,APRIL,FUTONG,RIAU,4018,2009100,ROYAL GOLDEN EAGLE,APEL ENTERPRISES (SINGAPORE) PTE LTD,SINGAPORE,#N/A,SOUTH KOREA
2015,470329,SINAR MAS,LONTAR PAPYRUS,KUALA TUNGKAL,JAMBI,925,507944,UNKNOWN AFFILIATION,NINGBO CROWN OF CHINA ENERGY CO LTD,CHINA (MAINLAND),#N/A,CHINA (MAINLAND)
2015,470329,SINAR MAS,LONTAR PAPYRUS,KUALA TUNGKAL,JAMBI,299,159280,SINAR MAS,KING PAPER SOURCE TRADING (SHANGHAI) CO LTD,CHINA (MAINLAND),#N/A,CHINA (MAINLAND)
2015,470329,MARUBENI,TANJUNG ENIM LESTARI,PANJANG,SUMATERA SELATAN,309,181483,MARUBENI,MARUBENI CORP,JAPAN,#N/A,AUSTRALIA
2015,470329,MARUBENI,TANJUNG ENIM LESTARI,PANJANG,SUMATERA SELATAN,109,62997,MARUBENI,MARUBENI CORP,JAPAN,#N/A,INDIA
2015,470329,ROYAL GOLDEN EAGLE,APRIL,FUTONG,RIAU,7833,3916662,ROYAL GOLDEN EAGLE,APEL ENTERPRISES (SINGAPORE) PTE LTD,SINGAPORE,#N/A,SOUTH KOREA
2015,470329,MARUBENI,TANJUNG ENIM LESTARI,PANJANG,SUMATERA SELATAN,151,85119,MARUBENI,MARUBENI CORP,JAPAN,#N/A,THAILAND
2015,470329,SINAR MAS,LONTAR PAPYRUS,KUALA TUNGKAL,JAMBI,400,212502,SINAR MAS,KING PAPER SOURCE TRADING (SHANGHAI) CO LTD,CHINA (MAINLAND),#N/A,CHINA (MAINLAND)
2015,470329,ROYAL GOLDEN EAGLE,APRIL,FUTONG,RIAU,2209,1104292,ROYAL GOLDEN EAGLE,AP ENTERPRISES (MACAO) COMMERCIAL OFFSHORE LTD,MACAO,#N/A,SOUTH KOREA
2015,470329,SINAR MAS,LONTAR PAPYRUS,KUALA TUNGKAL,JAMBI,180,97532,SINAR MAS,KING PAPER SOURCE TRADING (SHANGHAI) CO LTD,CHINA (MAINLAND),#N/A,CHINA (MAINLAND)
2015,470329,MARUBENI,TANJUNG ENIM LESTARI,PANJANG,SUMATERA SELATAN,1003,561628,MARUBENI,MARUBENI CORP,JAPAN,#N/A,THAILAND
2015,470329,MARUBENI,TANJUNG ENIM LESTARI,PANJANG,SUMATERA SELATAN,151,83061,MARUBENI,MARUBENI CORP,JAPAN,#N/A,INDIA
2015,470329,SINAR MAS,LONTAR PAPYRUS,KUALA TUNGKAL,JAMBI,500,250786,SINAR MAS,GOLDEN PROFIT TRADING PTE LTD,SINGAPORE,#N/A,INDIA
2015,470329,MARUBENI,TANJUNG ENIM LESTARI,TANJUNG PRIOK,SUMATERA SELATAN,505,287046,MARUBENI,MARUBENI CORP,JAPAN,#N/A,CHINA (MAINLAND)
2015,470329,ROYAL GOLDEN EAGLE,APRIL,BUATAN,RIAU,145,72416,ROYAL GOLDEN EAGLE,ALKIRA TRADING (MACAO COMMERCIAL OFFSHORE) LTD,MACAO,#N/A,UNITED KINGDOM
2015,470329,MARUBENI,TANJUNG ENIM LESTARI,PANJANG,SUMATERA SELATAN,106,61496,CELLMARK,CELLMARK ASIA PTE LTD,SINGAPORE,#N/A,BANGLADESH
2015,470329,SINAR MAS,INDAH KIAT,SUNGAI PAKNING,RIAU,4000,2190000,UNKNOWN AFFILIATION,SUZHOU GUANBAO TRADING LTD,CHINA (MAINLAND),#N/A,CHINA (MAINLAND)
2015,470329,ROYAL GOLDEN EAGLE,TOBA PULP LESTARI,BELAWAN,SUMATERA UTARA,494,264112,ROYAL GOLDEN EAGLE,DP MARKETING INTERNATIONAL,MACAO,#N/A,CHINA (MAINLAND)
2015,470329,SINAR MAS,INDAH KIAT,SUNGAI PAKNING,RIAU,1300,711750,UNKNOWN AFFILIATION,SUZHOU GUANBAO TRADING LTD,CHINA (MAINLAND),#N/A,CHINA (MAINLAND)
2015,470329,ROYAL GOLDEN EAGLE,APRIL,BUATAN,RIAU,98,49172,ROYAL GOLDEN EAGLE,AP ENTERPRISES (MACAO) COMMERCIAL OFFSHORE LTD,MACAO,#N/A,PAKISTAN
2015,470329,SINAR MAS,LONTAR PAPYRUS,KUALA TUNGKAL,JAMBI,260,135179,SINAR MAS,GOLDEN PROFIT TRADING PTE LTD,SINGAPORE,#N/A,PAKISTAN
2015,470329,SINAR MAS,INDAH KIAT,SUNGAI PAKNING,RIAU,4692,2573562,UNKNOWN AFFILIATION,SUZHOU GUANBAO TRADING LTD,CHINA (MAINLAND),#N/A,CHINA (MAINLAND)
2015,470329,SINAR MAS,LONTAR PAPYRUS,KUALA TUNGKAL,JAMBI,88,48357,UNKNOWN AFFILIATION,NINGBO CROWN OF CHINA ENERGY CO LTD,CHINA (MAINLAND),#N/A,CHINA (MAINLAND)
2015,470329,ROYAL GOLDEN EAGLE,APRIL,BUATAN,RIAU,301,150429,ROYAL GOLDEN EAGLE,ALKIRA TRADING (MACAO COMMERCIAL OFFSHORE) LTD,MACAO,#N/A,CHINA (MAINLAND)
2015,470329,ROYAL GOLDEN EAGLE,APRIL,BUATAN,RIAU,1003,501682,ROYAL GOLDEN EAGLE,ALKIRA TRADING (MACAO COMMERCIAL OFFSHORE) LTD,MACAO,#N/A,CHINA (MAINLAND)
2015,470329,ROYAL GOLDEN EAGLE,TOBA PULP LESTARI,BELAWAN,SUMATERA UTARA,494,264105,ROYAL GOLDEN EAGLE,DP MARKETING INTERNATIONAL,MACAO,#N/A,CHINA (MAINLAND)
2015,470329,ROYAL GOLDEN EAGLE,APRIL,FUTONG,RIAU,4019,2009745,ROYAL GOLDEN EAGLE,ALKIRA TRADING (MACAO COMMERCIAL OFFSHORE) LTD,MACAO,#N/A,CHINA (MAINLAND)
2015,470329,ROYAL GOLDEN EAGLE,APRIL,BUATAN,RIAU,502,251024,ROYAL GOLDEN EAGLE,ALKIRA TRADING (MACAO COMMERCIAL OFFSHORE) LTD,MACAO,#N/A,CHINA (MAINLAND)
2015,470329,ROYAL GOLDEN EAGLE,APRIL,FUTONG,RIAU,4774,2386985,ROYAL GOLDEN EAGLE,ALKIRA TRADING (MACAO COMMERCIAL OFFSHORE) LTD,MACAO,#N/A,CHINA (MAINLAND)
2015,470329,SINAR MAS,LONTAR PAPYRUS,KUALA TUNGKAL,JAMBI,200,105049,SINAR MAS,GOLDEN PROFIT TRADING PTE LTD,SINGAPORE,#N/A,INDIA
2015,470329,ROYAL GOLDEN EAGLE,APRIL,BUATAN,RIAU,402,200824,ROYAL GOLDEN EAGLE,ALKIRA TRADING (MACAO COMMERCIAL OFFSHORE) LTD,MACAO,#N/A,CHINA (MAINLAND)
2015,470329,SINAR MAS,INDAH KIAT,SUNGAI PAKNING,RIAU,4908,2692038,UNKNOWN AFFILIATION,SUZHOU GUANBAO TRADING LTD,CHINA (MAINLAND),#N/A,CHINA (MAINLAND)
2015,470329,SINAR MAS,LONTAR PAPYRUS,KUALA TUNGKAL,JAMBI,500,252639,SINAR MAS,GOLDEN PROFIT TRADING PTE LTD,SINGAPORE,#N/A,INDIA
2015,470329,ROYAL GOLDEN EAGLE,APRIL,BUATAN,RIAU,502,250894,ROYAL GOLDEN EAGLE,ALKIRA TRADING (MACAO COMMERCIAL OFFSHORE) LTD,MACAO,#N/A,CHINA (MAINLAND)
2015,470329,ROYAL GOLDEN EAGLE,APRIL,BUATAN,RIAU,402,200848,ROYAL GOLDEN EAGLE,ALKIRA TRADING (MACAO COMMERCIAL OFFSHORE) LTD,MACAO,#N/A,CHINA (MAINLAND)
2015,470329,ROYAL GOLDEN EAGLE,APRIL,BUATAN,RIAU,60,30154,ROYAL GOLDEN EAGLE,APEL ENTERPRISES (SINGAPORE) PTE LTD,SINGAPORE,#N/A,INDIA
2015,470329,ROYAL GOLDEN EAGLE,APRIL,BUATAN,RIAU,40,20100,ROYAL GOLDEN EAGLE,APEL ENTERPRISES (SINGAPORE) PTE LTD,SINGAPORE,#N/A,INDIA
2015,470329,ROYAL GOLDEN EAGLE,APRIL,BUATAN,RIAU,401,200520,ROYAL GOLDEN EAGLE,ALKIRA TRADING (MACAO COMMERCIAL OFFSHORE) LTD,MACAO,#N/A,CHINA (MAINLAND)
2015,470329,MARUBENI,TANJUNG ENIM LESTARI,PANJANG,SUMATERA SELATAN,1010,570565,MARUBENI,MARUBENI CORP,JAPAN,#N/A,CHINA (MAINLAND)
2015,470329,ROYAL GOLDEN EAGLE,APRIL,BUATAN,RIAU,502,251140,ROYAL GOLDEN EAGLE,AP ENTERPRISES (MACAO) COMMERCIAL OFFSHORE LTD,MACAO,#N/A,BANGLADESH
2015,470329,ROYAL GOLDEN EAGLE,APRIL,BUATAN,RIAU,502,250854,ROYAL GOLDEN EAGLE,ALKIRA TRADING (MACAO COMMERCIAL OFFSHORE) LTD,MACAO,#N/A,CHINA (MAINLAND)
2015,470329,MARUBENI,TANJUNG ENIM LESTARI,PANJANG,SUMATERA SELATAN,1006,556923,MARUBENI,MARUBENI CORP,JAPAN,#N/A,CHINA (MAINLAND)
2015,470329,ROYAL GOLDEN EAGLE,APRIL,BUATAN,RIAU,301,150628,ROYAL GOLDEN EAGLE,AP ENTERPRISES (MACAO) COMMERCIAL OFFSHORE LTD,MACAO,#N/A,BANGLADESH
2015,470329,ROYAL GOLDEN EAGLE,APRIL,BUATAN,RIAU,501,250706,ROYAL GOLDEN EAGLE,AP ENTERPRISES (MACAO) COMMERCIAL OFFSHORE LTD,MACAO,#N/A,BANGLADESH
2015,470329,MARUBENI,TANJUNG ENIM LESTARI,PANJANG,SUMATERA SELATAN,1012,571948,MARUBENI,MARUBENI CORP,JAPAN,#N/A,CHINA (MAINLAND)
2015,470329,ROYAL GOLDEN EAGLE,APRIL,BUATAN,RIAU,502,246025,ROYAL GOLDEN EAGLE,ALKIRA TRADING (MACAO COMMERCIAL OFFSHORE) LTD,MACAO,#N/A,CHINA (MAINLAND)
2015,470329,ROYAL GOLDEN EAGLE,APRIL,BUATAN,RIAU,100,50201,ROYAL GOLDEN EAGLE,APEL ENTERPRISES (SINGAPORE) PTE LTD,SINGAPORE,#N/A,INDIA
2015,470329,ROYAL GOLDEN EAGLE,APRIL,BUATAN,RIAU,141,70254,ROYAL GOLDEN EAGLE,APEL ENTERPRISES (SINGAPORE) PTE LTD,SINGAPORE,#N/A,INDIA
2015,470329,MARUBENI,TANJUNG ENIM LESTARI,PANJANG,SUMATERA SELATAN,308,181531,MARUBENI,MARUBENI CORP,JAPAN,#N/A,MALAYSIA
2015,470329,ROYAL GOLDEN EAGLE,TOBA PULP LESTARI,BELAWAN,SUMATERA UTARA,493,259051,ROYAL GOLDEN EAGLE,DP MARKETING INTERNATIONAL,MACAO,#N/A,CHINA (MAINLAND)
2015,470329,ROYAL GOLDEN EAGLE,APRIL,BUATAN,RIAU,522,255970,ROYAL GOLDEN EAGLE,APEL ENTERPRISES (SINGAPORE) PTE LTD,SINGAPORE,#N/A,UNITED ARAB EMIRATES
2015,470329,SINAR MAS,INDAH KIAT,PERAWANG,RIAU,576,297140,UNKNOWN AFFILIATION,NINGBO CROWN OF CHINA ENERGY CO LTD,CHINA (MAINLAND),#N/A,CHINA (MAINLAND)
2015,470329,ROYAL GOLDEN EAGLE,TOBA PULP LESTARI,BELAWAN,SUMATERA UTARA,493,258681,ROYAL GOLDEN EAGLE,DP MARKETING INTERNATIONAL,MACAO,#N/A,CHINA (MAINLAND)
2015,470329,ROYAL GOLDEN EAGLE,APRIL,FUTONG,RIAU,4016,1968024,ROYAL GOLDEN EAGLE,APEL ENTERPRISES (SINGAPORE) PTE LTD,SINGAPORE,#N/A,SOUTH KOREA
2015,470329,SINAR MAS,INDAH KIAT,PERAWANG,RIAU,500,263694,UNKNOWN AFFILIATION,NINGBO CROWN OF CHINA ENERGY CO LTD,CHINA (MAINLAND),#N/A,CHINA (MAINLAND)
2015,470329,ROYAL GOLDEN EAGLE,APRIL,FUTONG,RIAU,3012,1476001,ROYAL GOLDEN EAGLE,AP ENTERPRISES (MACAO) COMMERCIAL OFFSHORE LTD,MACAO,#N/A,SOUTH KOREA
2015,470329,ROYAL GOLDEN EAGLE,APRIL,FUTONG,RIAU,3853,1888162,ROYAL GOLDEN EAGLE,APEL ENTERPRISES (SINGAPORE) PTE LTD,SINGAPORE,#N/A,SOUTH KOREA
2015,470329,ROYAL GOLDEN EAGLE,TOBA PULP LESTARI,BELAWAN,SUMATERA UTARA,493,258820,ROYAL GOLDEN EAGLE,DP MARKETING INTERNATIONAL,MACAO,#N/A,CHINA (MAINLAND)
2015,470329,SINAR MAS,INDAH KIAT,PERAWANG,RIAU,300,167291,SINAR MAS,GOLDEN PROFIT TRADING PTE LTD,SINGAPORE,#N/A,TAIWAN
2015,470329,ROYAL GOLDEN EAGLE,APRIL,BUATAN,RIAU,603,301256,ROYAL GOLDEN EAGLE,ALKIRA TRADING (MACAO COMMERCIAL OFFSHORE) LTD,MACAO,#N/A,CHINA (MAINLAND)
2015,470329,ROYAL GOLDEN EAGLE,APRIL,FUTONG,RIAU,9130,4473832,ROYAL GOLDEN EAGLE,AP ENTERPRISES (MACAO) COMMERCIAL OFFSHORE LTD,MACAO,#N/A,SOUTH KOREA
2015,470329,ROYAL GOLDEN EAGLE,APRIL,BUATAN,RIAU,523,256080,ROYAL GOLDEN EAGLE,APEL ENTERPRISES (SINGAPORE) PTE LTD,SINGAPORE,#N/A,UNITED ARAB EMIRATES
2015,470329,ROYAL GOLDEN EAGLE,APRIL,BUATAN,RIAU,1507,753730,ROYAL GOLDEN EAGLE,ALKIRA TRADING (MACAO COMMERCIAL OFFSHORE) LTD,MACAO,#N/A,CHINA (MAINLAND)
2015,470329,SINAR MAS,INDAH KIAT,PERAWANG,RIAU,460,242598,UNKNOWN AFFILIATION,NINGBO CROWN OF CHINA ENERGY CO LTD,CHINA (MAINLAND),#N/A,CHINA (MAINLAND)
2015,470329,ROYAL GOLDEN EAGLE,TOBA PULP LESTARI,BELAWAN,SUMATERA UTARA,494,259176,ROYAL GOLDEN EAGLE,DP MARKETING INTERNATIONAL,MACAO,#N/A,CHINA (MAINLAND)
2015,470329,SINAR MAS,INDAH KIAT,SUNGAI PAKNING,RIAU,3000,1639310,UNKNOWN AFFILIATION,NINGBO CROWN OF CHINA ENERGY CO LTD,CHINA (MAINLAND),#N/A,CHINA (MAINLAND)
2015,470329,ROYAL GOLDEN EAGLE,APRIL,BUATAN,RIAU,1105,552664,ROYAL GOLDEN EAGLE,ALKIRA TRADING (MACAO COMMERCIAL OFFSHORE) LTD,MACAO,#N/A,CHINA (MAINLAND)
2015,470329,ROYAL GOLDEN EAGLE,APRIL,BUATAN,RIAU,803,393549,ROYAL GOLDEN EAGLE,APEL ENTERPRISES (SINGAPORE) PTE LTD,SINGAPORE,#N/A,LEBANON
2015,470329,SINAR MAS,INDAH KIAT,SUNGAI PAKNING,RIAU,1000,546750,UNKNOWN AFFILIATION,NINGBO CROWN OF CHINA ENERGY CO LTD,CHINA (MAINLAND),#N/A,CHINA (MAINLAND)
2015,470329,SINAR MAS,INDAH KIAT,SUNGAI PAKNING,RIAU,6200,3389850,UNKNOWN AFFILIATION,SUZHOU GUANBAO TRADING LTD,CHINA (MAINLAND),#N/A,CHINA (MAINLAND)
2015,470329,MARUBENI,TANJUNG ENIM LESTARI,TANJUNG PRIOK,SUMATERA SELATAN,507,283499,MARUBENI,MARUBENI CORP,JAPAN,#N/A,CHINA (MAINLAND)
2015,470329,SINAR MAS,LONTAR PAPYRUS,KUALA TUNGKAL,JAMBI,500,263344,SINAR MAS,GOLDEN PROFIT TRADING PTE LTD,SINGAPORE,#N/A,VIETNAM
2015,470329,SINAR MAS,INDAH KIAT,PERAWANG,RIAU,1000,531188,UNKNOWN AFFILIATION,NINGBO CROWN OF CHINA ENERGY CO LTD,CHINA (MAINLAND),#N/A,CHINA (MAINLAND)
2015,470329,MARUBENI,TANJUNG ENIM LESTARI,TANJUNG PRIOK,SUMATERA SELATAN,502,280915,MARUBENI,MARUBENI CORP,JAPAN,#N/A,CHINA (MAINLAND)
2015,470329,ROYAL GOLDEN EAGLE,APRIL,BUATAN,RIAU,100,49201,ROYAL GOLDEN EAGLE,ALKIRA TRADING (MACAO COMMERCIAL OFFSHORE) LTD,MACAO,#N/A,CHINA (MAINLAND)
2015,470329,ROYAL GOLDEN EAGLE,TOBA PULP LESTARI,BELAWAN,SUMATERA UTARA,494,259592,ROYAL GOLDEN EAGLE,DP MARKETING INTERNATIONAL,MACAO,#N/A,CHINA (MAINLAND)
2015,470329,ROYAL GOLDEN EAGLE,APRIL,BUATAN,RIAU,1005,502294,ROYAL GOLDEN EAGLE,APEL ENTERPRISES (SINGAPORE) PTE LTD,SINGAPORE,#N/A,INDIA
2015,470329,SINAR MAS,INDAH KIAT,PERAWANG,RIAU,500,265594,UNKNOWN AFFILIATION,NINGBO CROWN OF CHINA ENERGY CO LTD,CHINA (MAINLAND),#N/A,CHINA (MAINLAND)
2015,470329,ROYAL GOLDEN EAGLE,TOBA PULP LESTARI,BELAWAN,SUMATERA UTARA,986,517726,ROYAL GOLDEN EAGLE,DP MARKETING INTERNATIONAL,MACAO,#N/A,CHINA (MAINLAND)
2015,470329,ROYAL GOLDEN EAGLE,APRIL,BUATAN,RIAU,100,50136,ROYAL GOLDEN EAGLE,ALKIRA TRADING (MACAO COMMERCIAL OFFSHORE) LTD,MACAO,#N/A,CHINA (MAINLAND)
2015,470329,ROYAL GOLDEN EAGLE,APRIL,BUATAN,RIAU,503,246323,ROYAL GOLDEN EAGLE,APEL ENTERPRISES (SINGAPORE) PTE LTD,SINGAPORE,#N/A,EGYPT
2015,470329,ROYAL GOLDEN EAGLE,APRIL,BUATAN,RIAU,502,251024,ROYAL GOLDEN EAGLE,AP ENTERPRISES (MACAO) COMMERCIAL OFFSHORE LTD,MACAO,#N/A,BANGLADESH
2015,470329,ROYAL GOLDEN EAGLE,APRIL,BUATAN,RIAU,501,245546,ROYAL GOLDEN EAGLE,AP ENTERPRISES (MACAO) COMMERCIAL OFFSHORE LTD,MACAO,#N/A,BANGLADESH
2015,470329,ROYAL GOLDEN EAGLE,APRIL,BUATAN,RIAU,497,243392,ROYAL GOLDEN EAGLE,ALKIRA TRADING (MACAO COMMERCIAL OFFSHORE) LTD,MACAO,#N/A,CHINA (MAINLAND)
2015,470329,ROYAL GOLDEN EAGLE,APRIL,BUATAN,RIAU,201,100430,ROYAL GOLDEN EAGLE,APEL ENTERPRISES (SINGAPORE) PTE LTD,SINGAPORE,#N/A,INDIA
2015,470329,ROYAL GOLDEN EAGLE,APRIL,BUATAN,RIAU,60,30156,ROYAL GOLDEN EAGLE,APEL ENTERPRISES (SINGAPORE) PTE LTD,SINGAPORE,#N/A,INDIA
2015,470329,ROYAL GOLDEN EAGLE,APRIL,BUATAN,RIAU,302,151000,ROYAL GOLDEN EAGLE,AP ENTERPRISES (MACAO) COMMERCIAL OFFSHORE LTD,MACAO,#N/A,BANGLADESH
2015,470329,ROYAL GOLDEN EAGLE,TOBA PULP LESTARI,BELAWAN,SUMATERA UTARA,494,259499,ROYAL GOLDEN EAGLE,DP MARKETING INTERNATIONAL,MACAO,#N/A,CHINA (MAINLAND)
2015,470329,MARUBENI,TANJUNG ENIM LESTARI,PANJANG,SUMATERA SELATAN,198,107044,MARUBENI,MARUBENI CORP,JAPAN,#N/A,CHINA (MAINLAND)
2015,470329,MARUBENI,TANJUNG ENIM LESTARI,PANJANG,SUMATERA SELATAN,503,268153,MARUBENI,MARUBENI CORP,JAPAN,#N/A,CHINA (MAINLAND)
2015,470329,MARUBENI,TANJUNG ENIM LESTARI,PANJANG,SUMATERA SELATAN,199,107262,MARUBENI,MARUBENI CORP,JAPAN,#N/A,CHINA (MAINLAND)
2015,470329,MARUBENI,TANJUNG ENIM LESTARI,PANJANG,SUMATERA SELATAN,1011,572028,MARUBENI,MARUBENI CORP,JAPAN,#N/A,CHINA (MAINLAND)
2015,470329,ROYAL GOLDEN EAGLE,TOBA PULP LESTARI,BELAWAN,SUMATERA UTARA,493,258802,ROYAL GOLDEN EAGLE,DP MARKETING INTERNATIONAL,MACAO,#N/A,CHINA (MAINLAND)
2015,470329,MARUBENI,TANJUNG ENIM LESTARI,PANJANG,SUMATERA SELATAN,108,62532,MARUBENI,MARUBENI CORP,JAPAN,#N/A,CHINA (MAINLAND)
2015,470329,ROYAL GOLDEN EAGLE,TOBA PULP LESTARI,BELAWAN,SUMATERA UTARA,494,259102,ROYAL GOLDEN EAGLE,DP MARKETING INTERNATIONAL,MACAO,#N/A,CHINA (MAINLAND)
2015,470329,MARUBENI,TANJUNG ENIM LESTARI,PANJANG,SUMATERA SELATAN,502,283871,MARUBENI,MARUBENI CORP,JAPAN,#N/A,INDIA
2015,470329,ROYAL GOLDEN EAGLE,TOBA PULP LESTARI,BELAWAN,SUMATERA UTARA,493,259072,ROYAL GOLDEN EAGLE,DP MARKETING INTERNATIONAL,MACAO,#N/A,CHINA (MAINLAND)
2015,470329,SINAR MAS,INDAH KIAT,PERAWANG,RIAU,1000,533435,SINAR MAS,KING PAPER SOURCE TRADING (SHANGHAI) CO LTD,CHINA (MAINLAND),#N/A,CHINA (MAINLAND)
2015,470329,SINAR MAS,INDAH KIAT,PERAWANG,RIAU,300,159369,SINAR MAS,GOLDEN PROFIT TRADING PTE LTD,SINGAPORE,#N/A,TAIWAN
2015,470329,ROYAL GOLDEN EAGLE,TOBA PULP LESTARI,BELAWAN,SUMATERA UTARA,493,258807,ROYAL GOLDEN EAGLE,DP MARKETING INTERNATIONAL,MACAO,#N/A,CHINA (MAINLAND)
2015,470329,ROYAL GOLDEN EAGLE,TOBA PULP LESTARI,BELAWAN,SUMATERA UTARA,494,259155,ROYAL GOLDEN EAGLE,DP MARKETING INTERNATIONAL,MACAO,#N/A,CHINA (MAINLAND)
2015,470329,SINAR MAS,INDAH KIAT,PERAWANG,RIAU,80,42847,SINAR MAS,GOLDEN PROFIT TRADING PTE LTD,SINGAPORE,#N/A,VIETNAM
2015,470329,ROYAL GOLDEN EAGLE,TOBA PULP LESTARI,BELAWAN,SUMATERA UTARA,494,259138,ROYAL GOLDEN EAGLE,DP MARKETING INTERNATIONAL,MACAO,#N/A,CHINA (MAINLAND)
2015,470329,ROYAL GOLDEN EAGLE,APRIL,BUATAN,RIAU,496,243233,ROYAL GOLDEN EAGLE,ALKIRA TRADING (MACAO COMMERCIAL OFFSHORE) LTD,MACAO,#N/A,CHINA (MAINLAND)
2015,470329,ROYAL GOLDEN EAGLE,APRIL,BUATAN,RIAU,497,243453,ROYAL GOLDEN EAGLE,ALKIRA TRADING (MACAO COMMERCIAL OFFSHORE) LTD,MACAO,#N/A,CHINA (MAINLAND)
2015,470329,ROYAL GOLDEN EAGLE,APRIL,BUATAN,RIAU,497,243420,ROYAL GOLDEN EAGLE,ALKIRA TRADING (MACAO COMMERCIAL OFFSHORE) LTD,MACAO,#N/A,CHINA (MAINLAND)
2015,470329,ROYAL GOLDEN EAGLE,APRIL,BUATAN,RIAU,401,200506,ROYAL GOLDEN EAGLE,APEL ENTERPRISES (SINGAPORE) PTE LTD,SINGAPORE,#N/A,INDIA
2015,470329,SINAR MAS,INDAH KIAT,PERAWANG,RIAU,500,266647,SINAR MAS,GOLDEN PROFIT TRADING PTE LTD,SINGAPORE,#N/A,UNITED ARAB EMIRATES
2015,470329,ROYAL GOLDEN EAGLE,APRIL,BUATAN,RIAU,497,243342,ROYAL GOLDEN EAGLE,ALKIRA TRADING (MACAO COMMERCIAL OFFSHORE) LTD,MACAO,#N/A,CHINA (MAINLAND)
2015,470329,MARUBENI,TANJUNG ENIM LESTARI,TANJUNG PRIOK,SUMATERA SELATAN,1006,563403,MARUBENI,MARUBENI CORP,JAPAN,#N/A,CHINA (MAINLAND)
2015,470329,ROYAL GOLDEN EAGLE,APRIL,BUATAN,RIAU,18,8868,ROYAL GOLDEN EAGLE,AP ENTERPRISES (MACAO) COMMERCIAL OFFSHORE LTD,MACAO,#N/A,PAKISTAN
2015,470329,ROYAL GOLDEN EAGLE,APRIL,BUATAN,RIAU,497,243408,ROYAL GOLDEN EAGLE,ALKIRA TRADING (MACAO COMMERCIAL OFFSHORE) LTD,MACAO,#N/A,CHINA (MAINLAND)
2015,470329,ROYAL GOLDEN EAGLE,APRIL,FUTONG,RIAU,7027,3513634,ROYAL GOLDEN EAGLE,APEL ENTERPRISES (SINGAPORE) PTE LTD,SINGAPORE,#N/A,INDIA
2015,470329,ROYAL GOLDEN EAGLE,APRIL,BUATAN,RIAU,497,243566,ROYAL GOLDEN EAGLE,ALKIRA TRADING (MACAO COMMERCIAL OFFSHORE) LTD,MACAO,#N/A,CHINA (MAINLAND)
2015,470329,ROYAL GOLDEN EAGLE,APRIL,BUATAN,RIAU,496,243277,ROYAL GOLDEN EAGLE,ALKIRA TRADING (MACAO COMMERCIAL OFFSHORE) LTD,MACAO,#N/A,CHINA (MAINLAND)
2015,470329,SINAR MAS,INDAH KIAT,PERAWANG,RIAU,700,384829,SINAR MAS,GOLDEN PROFIT TRADING PTE LTD,SINGAPORE,#N/A,THAILAND
2015,470329,ROYAL GOLDEN EAGLE,APRIL,BUATAN,RIAU,503,246271,ROYAL GOLDEN EAGLE,AP ENTERPRISES (MACAO) COMMERCIAL OFFSHORE LTD,MACAO,#N/A,BANGLADESH
2015,470329,ROYAL GOLDEN EAGLE,APRIL,FUTONG,RIAU,6528,3198600,ROYAL GOLDEN EAGLE,ALKIRA TRADING (MACAO COMMERCIAL OFFSHORE) LTD,MACAO,#N/A,CHINA (MAINLAND)
2015,470329,ROYAL GOLDEN EAGLE,APRIL,BUATAN,RIAU,497,243354,ROYAL GOLDEN EAGLE,ALKIRA TRADING (MACAO COMMERCIAL OFFSHORE) LTD,MACAO,#N/A,CHINA (MAINLAND)
2015,470329,ROYAL GOLDEN EAGLE,APRIL,FUTONG,RIAU,2385,1173848,ROYAL GOLDEN EAGLE,APEL ENTERPRISES (SINGAPORE) PTE LTD,SINGAPORE,#N/A,JAPAN
2015,470329,ROYAL GOLDEN EAGLE,APRIL,BUATAN,RIAU,497,243411,ROYAL GOLDEN EAGLE,ALKIRA TRADING (MACAO COMMERCIAL OFFSHORE) LTD,MACAO,#N/A,CHINA (MAINLAND)
2015,470329,ROYAL GOLDEN EAGLE,APRIL,BUATAN,RIAU,1507,738579,ROYAL GOLDEN EAGLE,ALKIRA TRADING (MACAO COMMERCIAL OFFSHORE) LTD,MACAO,#N/A,CHINA (MAINLAND)
2015,470329,ROYAL GOLDEN EAGLE,APRIL,BUATAN,RIAU,40,19627,ROYAL GOLDEN EAGLE,APEL ENTERPRISES (SINGAPORE) PTE LTD,SINGAPORE,#N/A,INDIA
2015,470329,ROYAL GOLDEN EAGLE,APRIL,BUATAN,RIAU,503,251289,ROYAL GOLDEN EAGLE,AP ENTERPRISES (MACAO) COMMERCIAL OFFSHORE LTD,MACAO,#N/A,BANGLADESH
2015,470329,ROYAL GOLDEN EAGLE,APRIL,FUTONG,RIAU,6750,3307378,ROYAL GOLDEN EAGLE,APEL ENTERPRISES (SINGAPORE) PTE LTD,SINGAPORE,#N/A,JAPAN
2015,470329,ROYAL GOLDEN EAGLE,TOBA PULP LESTARI,BELAWAN,SUMATERA UTARA,1563,820641,ROYAL GOLDEN EAGLE,DP MARKETING INTERNATIONAL,MACAO,#N/A,CHINA (MAINLAND)
2015,470329,ROYAL GOLDEN EAGLE,APRIL,BUATAN,RIAU,522,255977,ROYAL GOLDEN EAGLE,APEL ENTERPRISES (SINGAPORE) PTE LTD,SINGAPORE,#N/A,UNITED ARAB EMIRATES
2015,470329,MARUBENI,TANJUNG ENIM LESTARI,PANJANG,SUMATERA SELATAN,109,57512,MARUBENI,MARUBENI CORP,JAPAN,#N/A,INDIA
2015,470329,MARUBENI,TANJUNG ENIM LESTARI,TANJUNG PRIOK,SUMATERA SELATAN,20,11204,MARUBENI,MARUBENI CORP,JAPAN,#N/A,JAPAN
2015,470329,MARUBENI,TANJUNG ENIM LESTARI,PANJANG,SUMATERA SELATAN,1007,563791,MARUBENI,MARUBENI CORP,JAPAN,#N/A,CHINA (MAINLAND)
2015,470329,MARUBENI,TANJUNG ENIM LESTARI,PANJANG,SUMATERA SELATAN,110,63691,MARUBENI,MARUBENI CORP,JAPAN,#N/A,INDIA
2015,470329,ROYAL GOLDEN EAGLE,TOBA PULP LESTARI,BELAWAN,SUMATERA UTARA,493,259040,ROYAL GOLDEN EAGLE,DP MARKETING INTERNATIONAL,MACAO,#N/A,CHINA (MAINLAND)
2015,470329,MARUBENI,TANJUNG ENIM LESTARI,PANJANG,SUMATERA SELATAN,109,63135,MARUBENI,MARUBENI CORP,JAPAN,#N/A,INDIA
2015,470329,MARUBENI,TANJUNG ENIM LESTARI,PANJANG,SUMATERA SELATAN,351,207276,MARUBENI,MARUBENI CORP,JAPAN,#N/A,AUSTRALIA
2015,470329,ROYAL GOLDEN EAGLE,APRIL,BUATAN,RIAU,60,30130,ROYAL GOLDEN EAGLE,APEL ENTERPRISES (SINGAPORE) PTE LTD,SINGAPORE,#N/A,INDIA
2015,470329,ROYAL GOLDEN EAGLE,APRIL,BUATAN,RIAU,477,233749,ROYAL GOLDEN EAGLE,ALKIRA TRADING (MACAO COMMERCIAL OFFSHORE) LTD,MACAO,#N/A,CHINA (MAINLAND)
2015,470329,ROYAL GOLDEN EAGLE,APRIL,BUATAN,RIAU,96,47274,ROYAL GOLDEN EAGLE,ALKIRA TRADING (MACAO COMMERCIAL OFFSHORE) LTD,MACAO,#N/A,TAIWAN
2015,470329,ROYAL GOLDEN EAGLE,APRIL,BUATAN,RIAU,1508,738696,ROYAL GOLDEN EAGLE,ALKIRA TRADING (MACAO COMMERCIAL OFFSHORE) LTD,MACAO,#N/A,CHINA (MAINLAND)
2015,470329,ROYAL GOLDEN EAGLE,TOBA PULP LESTARI,BELAWAN,SUMATERA UTARA,493,258959,ROYAL GOLDEN EAGLE,DP MARKETING INTERNATIONAL,MACAO,#N/A,CHINA (MAINLAND)
2015,470329,ROYAL GOLDEN EAGLE,TOBA PULP LESTARI,BELAWAN,SUMATERA UTARA,494,259408,ROYAL GOLDEN EAGLE,DP MARKETING INTERNATIONAL,MACAO,#N/A,CHINA (MAINLAND)
2015,470329,ROYAL GOLDEN EAGLE,APRIL,BUATAN,RIAU,517,253175,ROYAL GOLDEN EAGLE,ALKIRA TRADING (MACAO COMMERCIAL OFFSHORE) LTD,MACAO,#N/A,CHINA (MAINLAND)
2015,470329,ROYAL GOLDEN EAGLE,APRIL,BUATAN,RIAU,503,246313,ROYAL GOLDEN EAGLE,APEL ENTERPRISES (SINGAPORE) PTE LTD,SINGAPORE,#N/A,EGYPT
2015,470329,ROYAL GOLDEN EAGLE,TOBA PULP LESTARI,BELAWAN,SUMATERA UTARA,494,259154,ROYAL GOLDEN EAGLE,DP MARKETING INTERNATIONAL,MACAO,#N/A,CHINA (MAINLAND)
2015,470329,ROYAL GOLDEN EAGLE,APRIL,BUATAN,RIAU,1506,737842,ROYAL GOLDEN EAGLE,ALKIRA TRADING (MACAO COMMERCIAL OFFSHORE) LTD,MACAO,#N/A,CHINA (MAINLAND)
2015,470329,ROYAL GOLDEN EAGLE,TOBA PULP LESTARI,BELAWAN,SUMATERA UTARA,986,517893,ROYAL GOLDEN EAGLE,DP MARKETING INTERNATIONAL,MACAO,#N/A,CHINA (MAINLAND)
2015,470329,SINAR MAS,INDAH KIAT,PERAWANG,RIAU,300,151836,SINAR MAS,GOLDEN PROFIT TRADING PTE LTD,SINGAPORE,#N/A,PAKISTAN
2015,470329,ROYAL GOLDEN EAGLE,APRIL,BUATAN,RIAU,1004,492112,ROYAL GOLDEN EAGLE,ALKIRA TRADING (MACAO COMMERCIAL OFFSHORE) LTD,MACAO,#N/A,CHINA (MAINLAND)
2015,470329,MARUBENI,TANJUNG ENIM LESTARI,PANJANG,SUMATERA SELATAN,1649,875114,MARUBENI,MARUBENI CORP,JAPAN,#N/A,JAPAN
2015,470329,MARUBENI,TANJUNG ENIM LESTARI,PANJANG,SUMATERA SELATAN,400,218092,MARUBENI,MARUBENI CORP,JAPAN,#N/A,JAPAN
2015,470329,MARUBENI,TANJUNG ENIM LESTARI,PANJANG,SUMATERA SELATAN,10,5582,MARUBENI,MARUBENI CORP,JAPAN,#N/A,JAPAN
2015,470329,MARUBENI,TANJUNG ENIM LESTARI,PANJANG,SUMATERA SELATAN,101,54895,MARUBENI,MARUBENI CORP,JAPAN,#N/A,TAIWAN
2015,470329,MARUBENI,TANJUNG ENIM LESTARI,PANJANG,SUMATERA SELATAN,719,411412,MARUBENI,MARUBENI CORP,JAPAN,#N/A,SOUTH KOREA
2015,470329,ROYAL GOLDEN EAGLE,APRIL,BUATAN,RIAU,603,301442,ROYAL GOLDEN EAGLE,APEL ENTERPRISES (SINGAPORE) PTE LTD,SINGAPORE,#N/A,INDIA
2015,470329,MARUBENI,TANJUNG ENIM LESTARI,PANJANG,SUMATERA SELATAN,307,169986,MARUBENI,MARUBENI CORP,JAPAN,#N/A,TAIWAN
2015,470329,MARUBENI,TANJUNG ENIM LESTARI,PANJANG,SUMATERA SELATAN,1030,597996,MARUBENI,MARUBENI CORP,JAPAN,#N/A,CHINA (MAINLAND)
2015,470329,ROYAL GOLDEN EAGLE,TOBA PULP LESTARI,BELAWAN,SUMATERA UTARA,494,259347,ROYAL GOLDEN EAGLE,DP MARKETING INTERNATIONAL,MACAO,#N/A,CHINA (MAINLAND)
2015,470329,ROYAL GOLDEN EAGLE,APRIL,BUATAN,RIAU,101,49336,ROYAL GOLDEN EAGLE,APEL ENTERPRISES (SINGAPORE) PTE LTD,SINGAPORE,#N/A,INDIA
2015,470329,MARUBENI,TANJUNG ENIM LESTARI,PANJANG,SUMATERA SELATAN,822,470398,MARUBENI,MARUBENI CORP,JAPAN,#N/A,SOUTH KOREA
2015,470329,MARUBENI,TANJUNG ENIM LESTARI,PANJANG,SUMATERA SELATAN,205,115439,MARUBENI,MARUBENI CORP,JAPAN,#N/A,SOUTH KOREA
2015,470329,MARUBENI,TANJUNG ENIM LESTARI,PANJANG,SUMATERA SELATAN,120,65466,MARUBENI,MARUBENI CORP,JAPAN,#N/A,JAPAN
2015,470329,MARUBENI,TANJUNG ENIM LESTARI,PANJANG,SUMATERA SELATAN,600,332527,MARUBENI,MARUBENI CORP,JAPAN,#N/A,JAPAN
2015,470329,ROYAL GOLDEN EAGLE,APRIL,BUATAN,RIAU,502,246158,ROYAL GOLDEN EAGLE,AP ENTERPRISES (MACAO) COMMERCIAL OFFSHORE LTD,MACAO,#N/A,BANGLADESH
2015,470329,MARUBENI,TANJUNG ENIM LESTARI,PANJANG,SUMATERA SELATAN,823,446590,MARUBENI,MARUBENI CORP,JAPAN,#N/A,TAIWAN
2015,470329,MARUBENI,TANJUNG ENIM LESTARI,PANJANG,SUMATERA SELATAN,1029,559230,MARUBENI,MARUBENI CORP,JAPAN,#N/A,TAIWAN
2015,470329,MARUBENI,TANJUNG ENIM LESTARI,PANJANG,SUMATERA SELATAN,823,464689,MARUBENI,MARUBENI CORP,JAPAN,#N/A,SOUTH KOREA
2015,470329,ROYAL GOLDEN EAGLE,APRIL,BUATAN,RIAU,502,246094,ROYAL GOLDEN EAGLE,AP ENTERPRISES (MACAO) COMMERCIAL OFFSHORE LTD,MACAO,#N/A,BANGLADESH
2015,470329,ROYAL GOLDEN EAGLE,APRIL,BUATAN,RIAU,502,246155,ROYAL GOLDEN EAGLE,AP ENTERPRISES (MACAO) COMMERCIAL OFFSHORE LTD,MACAO,#N/A,BANGLADESH
2015,470329,MARUBENI,TANJUNG ENIM LESTARI,PANJANG,SUMATERA SELATAN,101,52855,MARUBENI,MARUBENI CORP,JAPAN,#N/A,JAPAN
2015,470329,MARUBENI,TANJUNG ENIM LESTARI,PANJANG,SUMATERA SELATAN,204,110768,MARUBENI,MARUBENI CORP,JAPAN,#N/A,TAIWAN
2015,470329,MARUBENI,TANJUNG ENIM LESTARI,PANJANG,SUMATERA SELATAN,308,170591,MARUBENI,MARUBENI CORP,JAPAN,#N/A,TAIWAN
2015,470329,ROYAL GOLDEN EAGLE,APRIL,BUATAN,RIAU,201,98451,ROYAL GOLDEN EAGLE,APEL ENTERPRISES (SINGAPORE) PTE LTD,SINGAPORE,#N/A,INDIA
2015,470329,ROYAL GOLDEN EAGLE,APRIL,FUTONG,RIAU,3012,1475751,ROYAL GOLDEN EAGLE,ALKIRA TRADING (MACAO COMMERCIAL OFFSHORE) LTD,MACAO,#N/A,CHINA (MAINLAND)
2015,470329,ROYAL GOLDEN EAGLE,APRIL,BUATAN,RIAU,634,310875,ROYAL GOLDEN EAGLE,AP ENTERPRISES (MACAO) COMMERCIAL OFFSHORE LTD,MACAO,#N/A,PAKISTAN
2015,470329,ROYAL GOLDEN EAGLE,APRIL,BUATAN,RIAU,159,77828,ROYAL GOLDEN EAGLE,AP ENTERPRISES (MACAO) COMMERCIAL OFFSHORE LTD,MACAO,#N/A,PAKISTAN
2015,470329,ROYAL GOLDEN EAGLE,TOBA PULP LESTARI,BELAWAN,SUMATERA UTARA,493,258819,ROYAL GOLDEN EAGLE,DP MARKETING INTERNATIONAL,MACAO,#N/A,CHINA (MAINLAND)
2015,470329,ROYAL GOLDEN EAGLE,TOBA PULP LESTARI,BELAWAN,SUMATERA UTARA,493,258863,ROYAL GOLDEN EAGLE,DP MARKETING INTERNATIONAL,MACAO,#N/A,CHINA (MAINLAND)
2015,470329,ROYAL GOLDEN EAGLE,APRIL,FUTONG,RIAU,4016,1977917,ROYAL GOLDEN EAGLE,ALKIRA TRADING (MACAO COMMERCIAL OFFSHORE) LTD,MACAO,#N/A,CHINA (MAINLAND)
2015,470329,ROYAL GOLDEN EAGLE,TOBA PULP LESTARI,BELAWAN,SUMATERA UTARA,494,259144,ROYAL GOLDEN EAGLE,DP MARKETING INTERNATIONAL,MACAO,#N/A,CHINA (MAINLAND)
2015,470329,ROYAL GOLDEN EAGLE,APRIL,FUTONG,RIAU,3014,1476922,ROYAL GOLDEN EAGLE,ALKIRA TRADING (MACAO COMMERCIAL OFFSHORE) LTD,MACAO,#N/A,CHINA (MAINLAND)
2015,470329,ROYAL GOLDEN EAGLE,APRIL,BUATAN,RIAU,139,67896,ROYAL GOLDEN EAGLE,AP ENTERPRISES (MACAO) COMMERCIAL OFFSHORE LTD,MACAO,#N/A,PAKISTAN
2015,470329,ROYAL GOLDEN EAGLE,APRIL,BUATAN,RIAU,1004,492160,ROYAL GOLDEN EAGLE,ALKIRA TRADING (MACAO COMMERCIAL OFFSHORE) LTD,MACAO,#N/A,CHINA (MAINLAND)
2015,470329,ROYAL GOLDEN EAGLE,APRIL,BUATAN,RIAU,503,246639,ROYAL GOLDEN EAGLE,APEL ENTERPRISES (SINGAPORE) PTE LTD,SINGAPORE,#N/A,THAILAND
2015,470329,ROYAL GOLDEN EAGLE,APRIL,BUATAN,RIAU,502,246087,ROYAL GOLDEN EAGLE,AP ENTERPRISES (MACAO) COMMERCIAL OFFSHORE LTD,MACAO,#N/A,BANGLADESH
2015,470329,ROYAL GOLDEN EAGLE,APRIL,BUATAN,RIAU,201,98423,ROYAL GOLDEN EAGLE,ALKIRA TRADING (MACAO COMMERCIAL OFFSHORE) LTD,MACAO,#N/A,CHINA (MAINLAND)
2015,470329,ROYAL GOLDEN EAGLE,APRIL,BUATAN,RIAU,100,49223,ROYAL GOLDEN EAGLE,APEL ENTERPRISES (SINGAPORE) PTE LTD,SINGAPORE,#N/A,INDIA
2015,470329,ROYAL GOLDEN EAGLE,APRIL,BUATAN,RIAU,201,98488,ROYAL GOLDEN EAGLE,APEL ENTERPRISES (SINGAPORE) PTE LTD,SINGAPORE,#N/A,INDIA
2015,470329,ROYAL GOLDEN EAGLE,APRIL,BUATAN,RIAU,502,245996,ROYAL GOLDEN EAGLE,AP ENTERPRISES (MACAO) COMMERCIAL OFFSHORE LTD,MACAO,#N/A,BANGLADESH
2015,470329,ROYAL GOLDEN EAGLE,APRIL,BUATAN,RIAU,302,147760,ROYAL GOLDEN EAGLE,AP ENTERPRISES (MACAO) COMMERCIAL OFFSHORE LTD,MACAO,#N/A,BANGLADESH
2015,470329,ROYAL GOLDEN EAGLE,APRIL,BUATAN,RIAU,261,128040,ROYAL GOLDEN EAGLE,AP ENTERPRISES (MACAO) COMMERCIAL OFFSHORE LTD,MACAO,#N/A,BANGLADESH
2015,470329,ROYAL GOLDEN EAGLE,APRIL,BUATAN,RIAU,40,19687,ROYAL GOLDEN EAGLE,AP ENTERPRISES (MACAO) COMMERCIAL OFFSHORE LTD,MACAO,#N/A,BANGLADESH
2015,470329,ROYAL GOLDEN EAGLE,APRIL,FUTONG,RIAU,2360,1161226,ROYAL GOLDEN EAGLE,APEL ENTERPRISES (SINGAPORE) PTE LTD,SINGAPORE,#N/A,JAPAN
2015,470329,MARUBENI,TANJUNG ENIM LESTARI,PANJANG,SUMATERA SELATAN,505,255600,MARUBENI,MARUBENI CORP,JAPAN,#N/A,INDIA
2015,470329,MARUBENI,TANJUNG ENIM LESTARI,PANJANG,SUMATERA SELATAN,1013,520116,MARUBENI,MARUBENI CORP,JAPAN,#N/A,CHINA (MAINLAND)
2015,470329,ROYAL GOLDEN EAGLE,APRIL,FUTONG,RIAU,6677,3271700,ROYAL GOLDEN EAGLE,APEL ENTERPRISES (SINGAPORE) PTE LTD,SINGAPORE,#N/A,JAPAN
2015,470329,ROYAL GOLDEN EAGLE,APRIL,BUATAN,RIAU,502,245909,ROYAL GOLDEN EAGLE,AP ENTERPRISES (MACAO) COMMERCIAL OFFSHORE LTD,MACAO,#N/A,BANGLADESH
2015,470329,ROYAL GOLDEN EAGLE,APRIL,FUTONG,RIAU,6529,3199305,ROYAL GOLDEN EAGLE,AP ENTERPRISES (MACAO) COMMERCIAL OFFSHORE LTD,MACAO,#N/A,BANGLADESH
2015,470329,ROYAL GOLDEN EAGLE,APRIL,BUATAN,RIAU,201,98514,ROYAL GOLDEN EAGLE,AP ENTERPRISES (MACAO) COMMERCIAL OFFSHORE LTD,MACAO,#N/A,BANGLADESH
2015,470329,SINAR MAS,INDAH KIAT,SUNGAI PAKNING,RIAU,800,374200,SINAR MAS,KING PAPER SOURCE TRADING (SHANGHAI) CO LTD,CHINA (MAINLAND),#N/A,CHINA (MAINLAND)
2015,470329,ROYAL GOLDEN EAGLE,APRIL,BUATAN,RIAU,502,251146,ROYAL GOLDEN EAGLE,APEL ENTERPRISES (SINGAPORE) PTE LTD,SINGAPORE,#N/A,INDIA
2015,470329,SINAR MAS,INDAH KIAT,PERAWANG,RIAU,1000,522500,SINAR MAS,GOLDEN PROFIT TRADING PTE LTD,SINGAPORE,#N/A,SOUTH KOREA
2015,470329,ROYAL GOLDEN EAGLE,APRIL,BUATAN,RIAU,494,242116,ROYAL GOLDEN EAGLE,APEL ENTERPRISES (SINGAPORE) PTE LTD,SINGAPORE,#N/A,EGYPT
2015,470329,SINAR MAS,INDAH KIAT,PERAWANG,RIAU,500,261250,SINAR MAS,GOLDEN PROFIT TRADING PTE LTD,SINGAPORE,#N/A,SOUTH KOREA
2015,470329,SINAR MAS,INDAH KIAT,SUNGAI PAKNING,RIAU,2000,1053000,UNKNOWN AFFILIATION,NINGBO CROWN OF CHINA ENERGY CO LTD,CHINA (MAINLAND),#N/A,CHINA (MAINLAND)
2015,470329,ROYAL GOLDEN EAGLE,APRIL,FUTONG,RIAU,2069,1013702,ROYAL GOLDEN EAGLE,ALKIRA TRADING (MACAO COMMERCIAL OFFSHORE) LTD,MACAO,#N/A,CHINA (MAINLAND)
2015,470329,ROYAL GOLDEN EAGLE,APRIL,BUATAN,RIAU,60,29592,ROYAL GOLDEN EAGLE,APEL ENTERPRISES (SINGAPORE) PTE LTD,SINGAPORE,#N/A,INDIA
2015,470329,ROYAL GOLDEN EAGLE,APRIL,BUATAN,RIAU,60,29595,ROYAL GOLDEN EAGLE,APEL ENTERPRISES (SINGAPORE) PTE LTD,SINGAPORE,#N/A,INDIA
2015,470329,ROYAL GOLDEN EAGLE,APRIL,BUATAN,RIAU,703,344470,ROYAL GOLDEN EAGLE,APEL ENTERPRISES (SINGAPORE) PTE LTD,SINGAPORE,#N/A,LEBANON
2015,470329,ROYAL GOLDEN EAGLE,APRIL,BUATAN,RIAU,1507,738572,ROYAL GOLDEN EAGLE,ALKIRA TRADING (MACAO COMMERCIAL OFFSHORE) LTD,MACAO,#N/A,CHINA (MAINLAND)
2015,470329,ROYAL GOLDEN EAGLE,APRIL,BUATAN,RIAU,402,197056,ROYAL GOLDEN EAGLE,AP ENTERPRISES (MACAO) COMMERCIAL OFFSHORE LTD,MACAO,#N/A,BANGLADESH
2015,470329,ROYAL GOLDEN EAGLE,APRIL,BUATAN,RIAU,503,251349,ROYAL GOLDEN EAGLE,APEL ENTERPRISES (SINGAPORE) PTE LTD,SINGAPORE,#N/A,INDIA
2015,470329,ROYAL GOLDEN EAGLE,APRIL,BUATAN,RIAU,101,49278,ROYAL GOLDEN EAGLE,APEL ENTERPRISES (SINGAPORE) PTE LTD,SINGAPORE,#N/A,INDIA
2015,470329,ROYAL GOLDEN EAGLE,APRIL,FUTONG,RIAU,3023,1481450,ROYAL GOLDEN EAGLE,ALKIRA TRADING (MACAO COMMERCIAL OFFSHORE) LTD,MACAO,#N/A,CHINA (MAINLAND)
2015,470329,ROYAL GOLDEN EAGLE,APRIL,FUTONG,RIAU,6161,3019049,ROYAL GOLDEN EAGLE,ALKIRA TRADING (MACAO COMMERCIAL OFFSHORE) LTD,MACAO,#N/A,CHINA (MAINLAND)
2015,470329,SINAR MAS,LONTAR PAPYRUS,KUALA TUNGKAL,JAMBI,417,220893,SINAR MAS,KING PAPER SOURCE TRADING (SHANGHAI) CO LTD,CHINA (MAINLAND),#N/A,CHINA (MAINLAND)
2015,470329,SINAR MAS,LONTAR PAPYRUS,KUALA TUNGKAL,JAMBI,799,391666,SINAR MAS,GOLDEN PROFIT TRADING PTE LTD,SINGAPORE,#N/A,INDIA
2015,470329,SINAR MAS,LONTAR PAPYRUS,KUALA TUNGKAL,JAMBI,418,221409,SINAR MAS,KING PAPER SOURCE TRADING (SHANGHAI) CO LTD,CHINA (MAINLAND),#N/A,CHINA (MAINLAND)
2015,470329,SINAR MAS,INDAH KIAT,PERAWANG,RIAU,300,160699,SINAR MAS,GOLDEN PROFIT TRADING PTE LTD,SINGAPORE,#N/A,INDIA
2015,470329,ROYAL GOLDEN EAGLE,APRIL,BUATAN,RIAU,496,243060,ROYAL GOLDEN EAGLE,APEL ENTERPRISES (SINGAPORE) PTE LTD,SINGAPORE,#N/A,EGYPT
2015,470329,MARUBENI,TANJUNG ENIM LESTARI,TANJUNG PRIOK,SUMATERA SELATAN,758,390552,MARUBENI,MARUBENI CORP,JAPAN,#N/A,CHINA (MAINLAND)
2015,470329,MARUBENI,TANJUNG ENIM LESTARI,TANJUNG PRIOK,SUMATERA SELATAN,1014,528253,MARUBENI,MARUBENI CORP,JAPAN,#N/A,CHINA (MAINLAND)
2015,470329,ROYAL GOLDEN EAGLE,APRIL,BUATAN,RIAU,501,245481,ROYAL GOLDEN EAGLE,ALKIRA TRADING (MACAO COMMERCIAL OFFSHORE) LTD,MACAO,#N/A,CHINA (MAINLAND)
2015,470329,ROYAL GOLDEN EAGLE,APRIL,BUATAN,RIAU,60,29550,ROYAL GOLDEN EAGLE,APEL ENTERPRISES (SINGAPORE) PTE LTD,SINGAPORE,#N/A,INDIA
2015,470329,ROYAL GOLDEN EAGLE,APRIL,BUATAN,RIAU,502,251144,ROYAL GOLDEN EAGLE,APEL ENTERPRISES (SINGAPORE) PTE LTD,SINGAPORE,#N/A,INDIA
2015,470329,ROYAL GOLDEN EAGLE,APRIL,BUATAN,RIAU,262,128153,ROYAL GOLDEN EAGLE,APEL ENTERPRISES (SINGAPORE) PTE LTD,SINGAPORE,#N/A,INDIA
2015,470329,ROYAL GOLDEN EAGLE,APRIL,BUATAN,RIAU,301,147536,ROYAL GOLDEN EAGLE,ALKIRA TRADING (MACAO COMMERCIAL OFFSHORE) LTD,MACAO,#N/A,CHINA (MAINLAND)
2015,470329,ROYAL GOLDEN EAGLE,APRIL,BUATAN,RIAU,502,250779,ROYAL GOLDEN EAGLE,APEL ENTERPRISES (SINGAPORE) PTE LTD,SINGAPORE,#N/A,INDIA
2015,470329,SINAR MAS,INDAH KIAT,PERAWANG,RIAU,200,100032,SINAR MAS,GOLDEN PROFIT TRADING PTE LTD,SINGAPORE,#N/A,INDIA
2015,470329,MARUBENI,TANJUNG ENIM LESTARI,PANJANG,SUMATERA SELATAN,770,396527,MARUBENI,MARUBENI CORP,JAPAN,#N/A,CHINA (MAINLAND)
2015,470329,ROYAL GOLDEN EAGLE,APRIL,BUATAN,RIAU,402,196922,ROYAL GOLDEN EAGLE,ALKIRA TRADING (MACAO COMMERCIAL OFFSHORE) LTD,MACAO,#N/A,CHINA (MAINLAND)
2015,470329,MARUBENI,TANJUNG ENIM LESTARI,PANJANG,SUMATERA SELATAN,109,56183,MARUBENI,MARUBENI CORP,JAPAN,#N/A,INDIA
2015,470329,ROYAL GOLDEN EAGLE,APRIL,BUATAN,RIAU,201,98365,ROYAL GOLDEN EAGLE,ALKIRA TRADING (MACAO COMMERCIAL OFFSHORE) LTD,MACAO,#N/A,CHINA (MAINLAND)
2015,470329,MARUBENI,TANJUNG ENIM LESTARI,PANJANG,SUMATERA SELATAN,503,258316,MARUBENI,MARUBENI CORP,JAPAN,#N/A,INDIA
2015,470329,MARUBENI,TANJUNG ENIM LESTARI,PANJANG,SUMATERA SELATAN,307,168881,MARUBENI,MARUBENI CORP,JAPAN,#N/A,MALAYSIA
2015,470329,SINAR MAS,INDAH KIAT,PERAWANG,RIAU,500,260640,SINAR MAS,KING PAPER SOURCE TRADING (SHANGHAI) CO LTD,CHINA (MAINLAND),#N/A,BANGLADESH
2015,470329,MARUBENI,TANJUNG ENIM LESTARI,PANJANG,SUMATERA SELATAN,503,255739,MARUBENI,MARUBENI CORP,JAPAN,#N/A,INDIA
2015,470329,ROYAL GOLDEN EAGLE,APRIL,FUTONG,RIAU,7949,3735812,ROYAL GOLDEN EAGLE,ALKIRA TRADING (MACAO COMMERCIAL OFFSHORE) LTD,MACAO,#N/A,CHINA (MAINLAND)
2015,470329,SINAR MAS,LONTAR PAPYRUS,KUALA TUNGKAL,JAMBI,1000,520699,SINAR MAS,KING PAPER SOURCE TRADING (SHANGHAI) CO LTD,CHINA (MAINLAND),#N/A,CHINA (MAINLAND)
2015,470329,SINAR MAS,LONTAR PAPYRUS,KUALA TUNGKAL,JAMBI,300,156527,SINAR MAS,KING PAPER SOURCE TRADING (SHANGHAI) CO LTD,CHINA (MAINLAND),#N/A,CHINA (MAINLAND)
2015,470329,SINAR MAS,LONTAR PAPYRUS,KUALA TUNGKAL,JAMBI,779,405698,SINAR MAS,KING PAPER SOURCE TRADING (SHANGHAI) CO LTD,CHINA (MAINLAND),#N/A,CHINA (MAINLAND)
2015,470329,ROYAL GOLDEN EAGLE,APRIL,BUATAN,RIAU,1023,481026,ROYAL GOLDEN EAGLE,APEL ENTERPRISES (SINGAPORE) PTE LTD,SINGAPORE,#N/A,KUWAIT
2015,470329,SINAR MAS,LONTAR PAPYRUS,KUALA TUNGKAL,JAMBI,494,257667,SINAR MAS,KING PAPER SOURCE TRADING (SHANGHAI) CO LTD,CHINA (MAINLAND),#N/A,CHINA (MAINLAND)
2015,470329,ROYAL GOLDEN EAGLE,APRIL,FUTONG,RIAU,1988,934337,ROYAL GOLDEN EAGLE,ALKIRA TRADING (MACAO COMMERCIAL OFFSHORE) LTD,MACAO,#N/A,CHINA (MAINLAND)
2015,470329,MARUBENI,TANJUNG ENIM LESTARI,PANJANG,SUMATERA SELATAN,109,62727,MARUBENI,MARUBENI CORP,JAPAN,#N/A,INDIA
2015,470329,ROYAL GOLDEN EAGLE,APRIL,BUATAN,RIAU,703,344585,ROYAL GOLDEN EAGLE,APEL ENTERPRISES (SINGAPORE) PTE LTD,SINGAPORE,#N/A,SAUDI ARABIA
2015,470329,SINAR MAS,LONTAR PAPYRUS,KUALA TUNGKAL,JAMBI,200,104620,SINAR MAS,KING PAPER SOURCE TRADING (SHANGHAI) CO LTD,CHINA (MAINLAND),#N/A,CHINA (MAINLAND)
2015,470329,ROYAL GOLDEN EAGLE,APRIL,BUATAN,RIAU,703,344270,ROYAL GOLDEN EAGLE,APEL ENTERPRISES (SINGAPORE) PTE LTD,SINGAPORE,#N/A,SAUDI ARABIA
2015,470329,ROYAL GOLDEN EAGLE,APRIL,BUATAN,RIAU,502,246211,ROYAL GOLDEN EAGLE,AP ENTERPRISES (MACAO) COMMERCIAL OFFSHORE LTD,MACAO,#N/A,BANGLADESH
2015,470329,ROYAL GOLDEN EAGLE,APRIL,BUATAN,RIAU,302,141784,ROYAL GOLDEN EAGLE,ALKIRA TRADING (MACAO COMMERCIAL OFFSHORE) LTD,MACAO,#N/A,CHINA (MAINLAND)
2015,470329,ROYAL GOLDEN EAGLE,APRIL,BUATAN,RIAU,301,147587,ROYAL GOLDEN EAGLE,AP ENTERPRISES (MACAO) COMMERCIAL OFFSHORE LTD,MACAO,#N/A,BANGLADESH
2015,470329,SINAR MAS,LONTAR PAPYRUS,KUALA TUNGKAL,JAMBI,340,177027,SINAR MAS,KING PAPER SOURCE TRADING (SHANGHAI) CO LTD,CHINA (MAINLAND),#N/A,CHINA (MAINLAND)
2015,470329,ROYAL GOLDEN EAGLE,APRIL,BUATAN,RIAU,602,283094,ROYAL GOLDEN EAGLE,ALKIRA TRADING (MACAO COMMERCIAL OFFSHORE) LTD,MACAO,#N/A,CHINA (MAINLAND)
2015,470329,ROYAL GOLDEN EAGLE,APRIL,BUATAN,RIAU,497,233475,ROYAL GOLDEN EAGLE,ALKIRA TRADING (MACAO COMMERCIAL OFFSHORE) LTD,MACAO,#N/A,CHINA (MAINLAND)
2015,470329,ROYAL GOLDEN EAGLE,APRIL,FUTONG,RIAU,2977,1399400,ROYAL GOLDEN EAGLE,ALKIRA TRADING (MACAO COMMERCIAL OFFSHORE) LTD,MACAO,#N/A,CHINA (MAINLAND)
2015,470329,ROYAL GOLDEN EAGLE,APRIL,FUTONG,RIAU,4965,2333357,ROYAL GOLDEN EAGLE,ALKIRA TRADING (MACAO COMMERCIAL OFFSHORE) LTD,MACAO,#N/A,CHINA (MAINLAND)
2015,470329,ROYAL GOLDEN EAGLE,APRIL,FUTONG,RIAU,2007,943157,ROYAL GOLDEN EAGLE,ALKIRA TRADING (MACAO COMMERCIAL OFFSHORE) LTD,MACAO,#N/A,CHINA (MAINLAND)
2015,470329,SINAR MAS,LONTAR PAPYRUS,KUALA TUNGKAL,JAMBI,1679,874030,SINAR MAS,KING PAPER SOURCE TRADING (SHANGHAI) CO LTD,CHINA (MAINLAND),#N/A,CHINA (MAINLAND)
2015,470329,ROYAL GOLDEN EAGLE,APRIL,BUATAN,RIAU,497,233611,ROYAL GOLDEN EAGLE,ALKIRA TRADING (MACAO COMMERCIAL OFFSHORE) LTD,MACAO,#N/A,CHINA (MAINLAND)
2015,470329,ROYAL GOLDEN EAGLE,APRIL,BUATAN,RIAU,497,233485,ROYAL GOLDEN EAGLE,ALKIRA TRADING (MACAO COMMERCIAL OFFSHORE) LTD,MACAO,#N/A,CHINA (MAINLAND)
2015,470329,SINAR MAS,LONTAR PAPYRUS,KUALA TUNGKAL,JAMBI,320,172979,SINAR MAS,KING PAPER SOURCE TRADING (SHANGHAI) CO LTD,CHINA (MAINLAND),#N/A,CHINA (MAINLAND)
2015,470329,ROYAL GOLDEN EAGLE,APRIL,BUATAN,RIAU,497,233530,ROYAL GOLDEN EAGLE,ALKIRA TRADING (MACAO COMMERCIAL OFFSHORE) LTD,MACAO,#N/A,CHINA (MAINLAND)
2015,470329,ROYAL GOLDEN EAGLE,APRIL,BUATAN,RIAU,497,233435,ROYAL GOLDEN EAGLE,ALKIRA TRADING (MACAO COMMERCIAL OFFSHORE) LTD,MACAO,#N/A,CHINA (MAINLAND)
2015,470329,ROYAL GOLDEN EAGLE,APRIL,BUATAN,RIAU,497,233410,ROYAL GOLDEN EAGLE,ALKIRA TRADING (MACAO COMMERCIAL OFFSHORE) LTD,MACAO,#N/A,CHINA (MAINLAND)
2015,470329,ROYAL GOLDEN EAGLE,APRIL,BUATAN,RIAU,496,233316,ROYAL GOLDEN EAGLE,ALKIRA TRADING (MACAO COMMERCIAL OFFSHORE) LTD,MACAO,#N/A,CHINA (MAINLAND)
2015,470329,SINAR MAS,INDAH KIAT,PERAWANG,RIAU,54,27267,SINAR MAS,GOLDEN PROFIT TRADING PTE LTD,SINGAPORE,#N/A,JAPAN
2015,470329,ROYAL GOLDEN EAGLE,APRIL,BUATAN,RIAU,60,29549,ROYAL GOLDEN EAGLE,APEL ENTERPRISES (SINGAPORE) PTE LTD,SINGAPORE,#N/A,INDIA
2015,470329,ROYAL GOLDEN EAGLE,APRIL,BUATAN,RIAU,503,236223,ROYAL GOLDEN EAGLE,ALKIRA TRADING (MACAO COMMERCIAL OFFSHORE) LTD,MACAO,#N/A,CHINA (MAINLAND)
2015,470329,ROYAL GOLDEN EAGLE,APRIL,BUATAN,RIAU,502,246158,ROYAL GOLDEN EAGLE,AP ENTERPRISES (MACAO) COMMERCIAL OFFSHORE LTD,MACAO,#N/A,BANGLADESH
2015,470329,ROYAL GOLDEN EAGLE,APRIL,BUATAN,RIAU,502,251118,ROYAL GOLDEN EAGLE,APEL ENTERPRISES (SINGAPORE) PTE LTD,SINGAPORE,#N/A,INDIA
2015,470329,SINAR MAS,LONTAR PAPYRUS,KUALA TUNGKAL,JAMBI,199,95879,SINAR MAS,GOLDEN PROFIT TRADING PTE LTD,SINGAPORE,#N/A,INDIA
2015,470329,ROYAL GOLDEN EAGLE,APRIL,BUATAN,RIAU,60,29562,ROYAL GOLDEN EAGLE,APEL ENTERPRISES (SINGAPORE) PTE LTD,SINGAPORE,#N/A,INDIA
2015,470329,SINAR MAS,INDAH KIAT,PERAWANG,RIAU,1000,531188,SINAR MAS,KING PAPER SOURCE TRADING (SHANGHAI) CO LTD,CHINA (MAINLAND),#N/A,CHINA (MAINLAND)
2015,470329,SINAR MAS,INDAH KIAT,PERAWANG,RIAU,300,154792,UNKNOWN AFFILIATION,NINGBO CROWN OF CHINA ENERGY CO LTD,CHINA (MAINLAND),#N/A,CHINA (MAINLAND)
2015,470329,SINAR MAS,INDAH KIAT,PERAWANG,RIAU,108,56631,SINAR MAS,GOLDEN PROFIT TRADING PTE LTD,SINGAPORE,#N/A,JAPAN
2015,470329,ROYAL GOLDEN EAGLE,APRIL,BUATAN,RIAU,496,233256,ROYAL GOLDEN EAGLE,ALKIRA TRADING (MACAO COMMERCIAL OFFSHORE) LTD,MACAO,#N/A,CHINA (MAINLAND)
2015,470329,ROYAL GOLDEN EAGLE,APRIL,BUATAN,RIAU,703,344707,ROYAL GOLDEN EAGLE,ALKIRA TRADING (MACAO COMMERCIAL OFFSHORE) LTD,MACAO,#N/A,CHINA (MAINLAND)
2015,470329,MARUBENI,TANJUNG ENIM LESTARI,TANJUNG PRIOK,SUMATERA SELATAN,1008,520097,MARUBENI,MARUBENI CORP,JAPAN,#N/A,CHINA (MAINLAND)
2015,470329,SINAR MAS,LONTAR PAPYRUS,KUALA TUNGKAL,JAMBI,1000,529895,SINAR MAS,KING PAPER SOURCE TRADING (SHANGHAI) CO LTD,CHINA (MAINLAND),#N/A,CHINA (MAINLAND)
2015,470329,SINAR MAS,LONTAR PAPYRUS,KUALA TUNGKAL,JAMBI,1000,529790,SINAR MAS,KING PAPER SOURCE TRADING (SHANGHAI) CO LTD,CHINA (MAINLAND),#N/A,CHINA (MAINLAND)
2015,470329,ROYAL GOLDEN EAGLE,APRIL,BUATAN,RIAU,502,236059,ROYAL GOLDEN EAGLE,ALKIRA TRADING (MACAO COMMERCIAL OFFSHORE) LTD,MACAO,#N/A,CHINA (MAINLAND)
2015,470329,ROYAL GOLDEN EAGLE,APRIL,BUATAN,RIAU,502,236023,ROYAL GOLDEN EAGLE,ALKIRA TRADING (MACAO COMMERCIAL OFFSHORE) LTD,MACAO,#N/A,CHINA (MAINLAND)
2015,470329,ROYAL GOLDEN EAGLE,APRIL,BUATAN,RIAU,1004,471865,ROYAL GOLDEN EAGLE,APEL ENTERPRISES (SINGAPORE) PTE LTD,SINGAPORE,#N/A,INDIA
2015,470329,MARUBENI,TANJUNG ENIM LESTARI,PANJANG,SUMATERA SELATAN,506,260963,MARUBENI,MARUBENI CORP,JAPAN,#N/A,CHINA (MAINLAND)
2015,470329,ROYAL GOLDEN EAGLE,APRIL,FUTONG,RIAU,2030,994700,ROYAL GOLDEN EAGLE,ALKIRA TRADING (MACAO COMMERCIAL OFFSHORE) LTD,MACAO,#N/A,CHINA (MAINLAND)
2015,470329,ROYAL GOLDEN EAGLE,APRIL,BUATAN,RIAU,1004,471907,ROYAL GOLDEN EAGLE,ALKIRA TRADING (MACAO COMMERCIAL OFFSHORE) LTD,MACAO,#N/A,CHINA (MAINLAND)
2015,470329,ROYAL GOLDEN EAGLE,APRIL,BUATAN,RIAU,301,147451,ROYAL GOLDEN EAGLE,AP ENTERPRISES (MACAO) COMMERCIAL OFFSHORE LTD,MACAO,#N/A,BANGLADESH
2015,470329,SINAR MAS,LONTAR PAPYRUS,KUALA TUNGKAL,JAMBI,1440,751744,SINAR MAS,KING PAPER SOURCE TRADING (SHANGHAI) CO LTD,CHINA (MAINLAND),#N/A,CHINA (MAINLAND)
2015,470329,SINAR MAS,LONTAR PAPYRUS,KUALA TUNGKAL,JAMBI,959,499267,SINAR MAS,KING PAPER SOURCE TRADING (SHANGHAI) CO LTD,CHINA (MAINLAND),#N/A,CHINA (MAINLAND)
2015,470329,MARUBENI,TANJUNG ENIM LESTARI,PANJANG,SUMATERA SELATAN,506,259705,MARUBENI,MARUBENI CORP,JAPAN,#N/A,INDIA
2015,470329,ROYAL GOLDEN EAGLE,APRIL,BUATAN,RIAU,502,250946,ROYAL GOLDEN EAGLE,APEL ENTERPRISES (SINGAPORE) PTE LTD,SINGAPORE,#N/A,INDIA
2015,470329,ROYAL GOLDEN EAGLE,APRIL,FUTONG,RIAU,5019,2358886,ROYAL GOLDEN EAGLE,AP ENTERPRISES (MACAO) COMMERCIAL OFFSHORE LTD,MACAO,#N/A,CHINA (MAINLAND)
2015,470329,MARUBENI,TANJUNG ENIM LESTARI,PANJANG,SUMATERA SELATAN,505,259303,MARUBENI,MARUBENI CORP,JAPAN,#N/A,INDIA
2015,470329,ROYAL GOLDEN EAGLE,APRIL,FUTONG,RIAU,502,245745,ROYAL GOLDEN EAGLE,ALKIRA TRADING (MACAO COMMERCIAL OFFSHORE) LTD,MACAO,#N/A,CHINA (MAINLAND)
2015,470329,ROYAL GOLDEN EAGLE,TOBA PULP LESTARI,BELAWAN,SUMATERA UTARA,988,498901,ROYAL GOLDEN EAGLE,DP MARKETING INTERNATIONAL,MACAO,#N/A,CHINA (MAINLAND)
2015,470329,MARUBENI,TANJUNG ENIM LESTARI,PANJANG,SUMATERA SELATAN,87,46553,MARUBENI,MARUBENI CORP,JAPAN,#N/A,INDIA
2015,470329,ROYAL GOLDEN EAGLE,TOBA PULP LESTARI,BELAWAN,SUMATERA UTARA,494,249308,ROYAL GOLDEN EAGLE,DP MARKETING INTERNATIONAL,MACAO,#N/A,CHINA (MAINLAND)
2015,470329,ROYAL GOLDEN EAGLE,APRIL,BUATAN,RIAU,502,236005,ROYAL GOLDEN EAGLE,ALKIRA TRADING (MACAO COMMERCIAL OFFSHORE) LTD,MACAO,#N/A,CHINA (MAINLAND)
2015,470329,ROYAL GOLDEN EAGLE,APRIL,BUATAN,RIAU,60,28347,ROYAL GOLDEN EAGLE,APEL ENTERPRISES (SINGAPORE) PTE LTD,SINGAPORE,#N/A,INDIA
2015,470329,ROYAL GOLDEN EAGLE,APRIL,BUATAN,RIAU,60,28341,ROYAL GOLDEN EAGLE,APEL ENTERPRISES (SINGAPORE) PTE LTD,SINGAPORE,#N/A,INDIA
2015,470329,MARUBENI,TANJUNG ENIM LESTARI,PANJANG,SUMATERA SELATAN,506,263437,MARUBENI,MARUBENI CORP,JAPAN,#N/A,CHINA (MAINLAND)
2015,470329,ROYAL GOLDEN EAGLE,TOBA PULP LESTARI,BELAWAN,SUMATERA UTARA,495,249745,ROYAL GOLDEN EAGLE,DP MARKETING INTERNATIONAL,MACAO,#N/A,CHINA (MAINLAND)
2015,470329,SINAR MAS,INDAH KIAT,PERAWANG,RIAU,800,389531,SINAR MAS,GOLDEN PROFIT TRADING PTE LTD,SINGAPORE,#N/A,INDIA
2015,470329,MARUBENI,TANJUNG ENIM LESTARI,PANJANG,SUMATERA SELATAN,507,255664,MARUBENI,MARUBENI CORP,JAPAN,#N/A,INDIA
2015,470329,ROYAL GOLDEN EAGLE,APRIL,BUATAN,RIAU,201,98519,ROYAL GOLDEN EAGLE,APEL ENTERPRISES (SINGAPORE) PTE LTD,SINGAPORE,#N/A,INDIA
2015,470329,MARUBENI,TANJUNG ENIM LESTARI,PANJANG,SUMATERA SELATAN,1007,524424,MARUBENI,MARUBENI CORP,JAPAN,#N/A,CHINA (MAINLAND)
2015,470329,ROYAL GOLDEN EAGLE,APRIL,BUATAN,RIAU,1004,471646,ROYAL GOLDEN EAGLE,ALKIRA TRADING (MACAO COMMERCIAL OFFSHORE) LTD,MACAO,#N/A,CHINA (MAINLAND)
2015,470329,ROYAL GOLDEN EAGLE,APRIL,BUATAN,RIAU,100,47094,ROYAL GOLDEN EAGLE,APEL ENTERPRISES (SINGAPORE) PTE LTD,SINGAPORE,#N/A,EGYPT
2015,470329,ROYAL GOLDEN EAGLE,APRIL,BUATAN,RIAU,502,236031,ROYAL GOLDEN EAGLE,APEL ENTERPRISES (SINGAPORE) PTE LTD,SINGAPORE,#N/A,INDIA
2015,470329,ROYAL GOLDEN EAGLE,APRIL,BUATAN,RIAU,502,235995,ROYAL GOLDEN EAGLE,ALKIRA TRADING (MACAO COMMERCIAL OFFSHORE) LTD,MACAO,#N/A,CHINA (MAINLAND)
2015,470329,ROYAL GOLDEN EAGLE,APRIL,BUATAN,RIAU,60,28316,ROYAL GOLDEN EAGLE,APEL ENTERPRISES (SINGAPORE) PTE LTD,SINGAPORE,#N/A,MOROCCO
2015,470329,ROYAL GOLDEN EAGLE,APRIL,BUATAN,RIAU,80,39384,ROYAL GOLDEN EAGLE,APEL ENTERPRISES (SINGAPORE) PTE LTD,SINGAPORE,#N/A,INDIA
2015,470329,ROYAL GOLDEN EAGLE,APRIL,BUATAN,RIAU,502,235895,ROYAL GOLDEN EAGLE,APEL ENTERPRISES (SINGAPORE) PTE LTD,SINGAPORE,#N/A,INDIA
2015,470329,SINAR MAS,INDAH KIAT,PERAWANG,RIAU,54,28340,SINAR MAS,GOLDEN PROFIT TRADING PTE LTD,SINGAPORE,#N/A,JAPAN
2015,470329,ROYAL GOLDEN EAGLE,APRIL,BUATAN,RIAU,40,18856,ROYAL GOLDEN EAGLE,APEL ENTERPRISES (SINGAPORE) PTE LTD,SINGAPORE,#N/A,INDIA
2015,470329,ROYAL GOLDEN EAGLE,APRIL,BUATAN,RIAU,1004,471972,ROYAL GOLDEN EAGLE,ALKIRA TRADING (MACAO COMMERCIAL OFFSHORE) LTD,MACAO,#N/A,CHINA (MAINLAND)
2015,470329,ROYAL GOLDEN EAGLE,APRIL,FUTONG,RIAU,7434,3493934,ROYAL GOLDEN EAGLE,ALKIRA TRADING (MACAO COMMERCIAL OFFSHORE) LTD,MACAO,#N/A,CHINA (MAINLAND)
2015,470329,ROYAL GOLDEN EAGLE,APRIL,BUATAN,RIAU,796,373901,ROYAL GOLDEN EAGLE,APEL ENTERPRISES (SINGAPORE) PTE LTD,SINGAPORE,#N/A,DJIBOUTI
2015,470329,ROYAL GOLDEN EAGLE,APRIL,FUTONG,RIAU,2310,1085749,ROYAL GOLDEN EAGLE,ALKIRA TRADING (MACAO COMMERCIAL OFFSHORE) LTD,MACAO,#N/A,CHINA (MAINLAND)
2015,470329,ROYAL GOLDEN EAGLE,APRIL,BUATAN,RIAU,502,236079,ROYAL GOLDEN EAGLE,AP ENTERPRISES (MACAO) COMMERCIAL OFFSHORE LTD,MACAO,#N/A,BANGLADESH
2015,470329,SINAR MAS,LONTAR PAPYRUS,KUALA TUNGKAL,JAMBI,499,244844,SINAR MAS,GOLDEN PROFIT TRADING PTE LTD,SINGAPORE,#N/A,INDIA
2015,470329,ROYAL GOLDEN EAGLE,APRIL,BUATAN,RIAU,1004,471941,ROYAL GOLDEN EAGLE,ALKIRA TRADING (MACAO COMMERCIAL OFFSHORE) LTD,MACAO,#N/A,CHINA (MAINLAND)
2015,470329,ROYAL GOLDEN EAGLE,APRIL,BUATAN,RIAU,502,251112,ROYAL GOLDEN EAGLE,APEL ENTERPRISES (SINGAPORE) PTE LTD,SINGAPORE,#N/A,INDIA
2015,470329,SINAR MAS,INDAH KIAT,PERAWANG,RIAU,400,207527,SINAR MAS,GOLDEN PROFIT TRADING PTE LTD,SINGAPORE,#N/A,INDIA
2015,470329,SINAR MAS,LONTAR PAPYRUS,KUALA TUNGKAL,JAMBI,200,104356,SINAR MAS,KING PAPER SOURCE TRADING (SHANGHAI) CO LTD,CHINA (MAINLAND),#N/A,CHINA (MAINLAND)
2015,470329,SINAR MAS,INDAH KIAT,PERAWANG,RIAU,140,74936,SINAR MAS,KING PAPER SOURCE TRADING (SHANGHAI) CO LTD,CHINA (MAINLAND),#N/A,CHINA (MAINLAND)
2015,470329,SINAR MAS,INDAH KIAT,PERAWANG,RIAU,1060,572654,SINAR MAS,KING PAPER SOURCE TRADING (SHANGHAI) CO LTD,CHINA (MAINLAND),#N/A,CHINA (MAINLAND)
2015,470329,ROYAL GOLDEN EAGLE,TOBA PULP LESTARI,BELAWAN,SUMATERA UTARA,495,249961,ROYAL GOLDEN EAGLE,DP MARKETING INTERNATIONAL,MACAO,#N/A,CHINA (MAINLAND)
2015,470329,ROYAL GOLDEN EAGLE,TOBA PULP LESTARI,BELAWAN,SUMATERA UTARA,988,498861,ROYAL GOLDEN EAGLE,DP MARKETING INTERNATIONAL,MACAO,#N/A,CHINA (MAINLAND)
2015,470329,ROYAL GOLDEN EAGLE,APRIL,FUTONG,RIAU,2207,1037321,ROYAL GOLDEN EAGLE,AP ENTERPRISES (MACAO) COMMERCIAL OFFSHORE LTD,MACAO,#N/A,SOUTH KOREA
2015,470329,ROYAL GOLDEN EAGLE,APRIL,FUTONG,RIAU,5524,2596260,ROYAL GOLDEN EAGLE,AP ENTERPRISES (MACAO) COMMERCIAL OFFSHORE LTD,MACAO,#N/A,SOUTH KOREA
2015,470329,ROYAL GOLDEN EAGLE,APRIL,FUTONG,RIAU,7334,3446758,ROYAL GOLDEN EAGLE,APEL ENTERPRISES (SINGAPORE) PTE LTD,SINGAPORE,#N/A,SOUTH KOREA
2015,470329,SINAR MAS,INDAH KIAT,PERAWANG,RIAU,576,288666,UNKNOWN AFFILIATION,NINGBO CROWN OF CHINA ENERGY CO LTD,CHINA (MAINLAND),#N/A,CHINA (MAINLAND)
2015,470329,ROYAL GOLDEN EAGLE,APRIL,BUATAN,RIAU,1004,471774,ROYAL GOLDEN EAGLE,ALKIRA TRADING (MACAO COMMERCIAL OFFSHORE) LTD,MACAO,#N/A,CHINA (MAINLAND)
2015,470329,ROYAL GOLDEN EAGLE,APRIL,FUTONG,RIAU,5022,2360239,ROYAL GOLDEN EAGLE,APEL ENTERPRISES (SINGAPORE) PTE LTD,SINGAPORE,#N/A,SOUTH KOREA
2015,470329,SINAR MAS,INDAH KIAT,PERAWANG,RIAU,576,288070,UNKNOWN AFFILIATION,NINGBO CROWN OF CHINA ENERGY CO LTD,CHINA (MAINLAND),#N/A,CHINA (MAINLAND)
2015,470329,ROYAL GOLDEN EAGLE,APRIL,BUATAN,RIAU,496,233177,ROYAL GOLDEN EAGLE,ALKIRA TRADING (MACAO COMMERCIAL OFFSHORE) LTD,MACAO,#N/A,CHINA (MAINLAND)
2015,470329,ROYAL GOLDEN EAGLE,APRIL,BUATAN,RIAU,502,250980,ROYAL GOLDEN EAGLE,APEL ENTERPRISES (SINGAPORE) PTE LTD,SINGAPORE,#N/A,INDIA
2015,470329,MARUBENI,TANJUNG ENIM LESTARI,PANJANG,SUMATERA SELATAN,2999,1545301,MARUBENI,MARUBENI CORP,JAPAN,#N/A,SOUTH KOREA
2015,470329,ROYAL GOLDEN EAGLE,APRIL,BUATAN,RIAU,496,233296,ROYAL GOLDEN EAGLE,ALKIRA TRADING (MACAO COMMERCIAL OFFSHORE) LTD,MACAO,#N/A,CHINA (MAINLAND)
2015,470329,SINAR MAS,INDAH KIAT,PERAWANG,RIAU,600,317700,SINAR MAS,KING PAPER SOURCE TRADING (SHANGHAI) CO LTD,CHINA (MAINLAND),#N/A,CHINA (MAINLAND)
2015,470329,MARUBENI,TANJUNG ENIM LESTARI,PANJANG,SUMATERA SELATAN,1978,1007141,MARUBENI,MARUBENI CORP,JAPAN,#N/A,CHINA (MAINLAND)
2015,470329,ROYAL GOLDEN EAGLE,APRIL,BUATAN,RIAU,301,141572,ROYAL GOLDEN EAGLE,ALKIRA TRADING (MACAO COMMERCIAL OFFSHORE) LTD,MACAO,#N/A,CHINA (MAINLAND)
2015,470329,MARUBENI,TANJUNG ENIM LESTARI,PANJANG,SUMATERA SELATAN,508,264952,MARUBENI,MARUBENI CORP,JAPAN,#N/A,CHINA (MAINLAND)
2015,470329,MARUBENI,TANJUNG ENIM LESTARI,PANJANG,SUMATERA SELATAN,508,264993,MARUBENI,MARUBENI CORP,JAPAN,#N/A,CHINA (MAINLAND)
2015,470329,ROYAL GOLDEN EAGLE,APRIL,BUATAN,RIAU,301,141697,ROYAL GOLDEN EAGLE,AP ENTERPRISES (MACAO) COMMERCIAL OFFSHORE LTD,MACAO,#N/A,BANGLADESH
2015,470329,MARUBENI,TANJUNG ENIM LESTARI,PANJANG,SUMATERA SELATAN,3007,1482947,MARUBENI,MARUBENI CORP,JAPAN,#N/A,CHINA (MAINLAND)
2015,470329,ROYAL GOLDEN EAGLE,APRIL,BUATAN,RIAU,496,233122,ROYAL GOLDEN EAGLE,ALKIRA TRADING (MACAO COMMERCIAL OFFSHORE) LTD,MACAO,#N/A,CHINA (MAINLAND)
2015,470329,MARUBENI,TANJUNG ENIM LESTARI,PANJANG,SUMATERA SELATAN,351,207970,MARUBENI,MARUBENI CORP,JAPAN,#N/A,AUSTRALIA
2015,470329,MARUBENI,TANJUNG ENIM LESTARI,PANJANG,SUMATERA SELATAN,2004,1039722,MARUBENI,MARUBENI CORP,JAPAN,#N/A,CHINA (MAINLAND)
2015,470329,ROYAL GOLDEN EAGLE,APRIL,FUTONG,RIAU,7032,3305231,ROYAL GOLDEN EAGLE,AP ENTERPRISES (MACAO) COMMERCIAL OFFSHORE LTD,MACAO,#N/A,BANGLADESH
2015,470329,SINAR MAS,LONTAR PAPYRUS,KUALA TUNGKAL,JAMBI,999,518038,UNKNOWN AFFILIATION,NINGBO CROWN OF CHINA ENERGY CO LTD,CHINA (MAINLAND),#N/A,CHINA (MAINLAND)
2015,470329,SINAR MAS,INDAH KIAT,PERAWANG,RIAU,800,432225,SINAR MAS,KING PAPER SOURCE TRADING (SHANGHAI) CO LTD,CHINA (MAINLAND),#N/A,CHINA (MAINLAND)
2015,470329,SINAR MAS,INDAH KIAT,PERAWANG,RIAU,500,266347,UNKNOWN AFFILIATION,NINGBO CROWN OF CHINA ENERGY CO LTD,CHINA (MAINLAND),#N/A,CHINA (MAINLAND)
2015,470329,SINAR MAS,LONTAR PAPYRUS,KUALA TUNGKAL,JAMBI,399,207015,UNKNOWN AFFILIATION,NINGBO CROWN OF CHINA ENERGY CO LTD,CHINA (MAINLAND),#N/A,CHINA (MAINLAND)
2015,470329,SINAR MAS,INDAH KIAT,PERAWANG,RIAU,576,288666,UNKNOWN AFFILIATION,NINGBO CROWN OF CHINA ENERGY CO LTD,CHINA (MAINLAND),#N/A,CHINA (MAINLAND)
2015,470329,SINAR MAS,INDAH KIAT,PERAWANG,RIAU,1000,540282,SINAR MAS,KING PAPER SOURCE TRADING (SHANGHAI) CO LTD,CHINA (MAINLAND),#N/A,CHINA (MAINLAND)
2015,470329,SINAR MAS,LONTAR PAPYRUS,KUALA TUNGKAL,JAMBI,1000,518686,UNKNOWN AFFILIATION,NINGBO CROWN OF CHINA ENERGY CO LTD,CHINA (MAINLAND),#N/A,CHINA (MAINLAND)
2015,470329,ROYAL GOLDEN EAGLE,APRIL,BUATAN,RIAU,40,18879,ROYAL GOLDEN EAGLE,APEL ENTERPRISES (SINGAPORE) PTE LTD,SINGAPORE,#N/A,INDIA
2015,470329,ROYAL GOLDEN EAGLE,APRIL,BUATAN,RIAU,100,47206,ROYAL GOLDEN EAGLE,APEL ENTERPRISES (SINGAPORE) PTE LTD,SINGAPORE,#N/A,EGYPT
2015,470329,ROYAL GOLDEN EAGLE,APRIL,BUATAN,RIAU,60,28326,ROYAL GOLDEN EAGLE,APEL ENTERPRISES (SINGAPORE) PTE LTD,SINGAPORE,#N/A,INDIA
2015,470329,SINAR MAS,INDAH KIAT,PERAWANG,RIAU,180,96232,SINAR MAS,KING PAPER SOURCE TRADING (SHANGHAI) CO LTD,CHINA (MAINLAND),#N/A,CHINA (MAINLAND)
2015,470329,ROYAL GOLDEN EAGLE,APRIL,BUATAN,RIAU,261,122798,ROYAL GOLDEN EAGLE,AP ENTERPRISES (MACAO) COMMERCIAL OFFSHORE LTD,MACAO,#N/A,BANGLADESH
2015,470329,SINAR MAS,INDAH KIAT,PERAWANG,RIAU,1180,619065,UNKNOWN AFFILIATION,NINGBO CROWN OF CHINA ENERGY CO LTD,CHINA (MAINLAND),#N/A,CHINA (MAINLAND)
2015,470329,ROYAL GOLDEN EAGLE,APRIL,BUATAN,RIAU,60,28302,ROYAL GOLDEN EAGLE,APEL ENTERPRISES (SINGAPORE) PTE LTD,SINGAPORE,#N/A,INDIA
2015,470329,ROYAL GOLDEN EAGLE,APRIL,BUATAN,RIAU,1004,471861,ROYAL GOLDEN EAGLE,ALKIRA TRADING (MACAO COMMERCIAL OFFSHORE) LTD,MACAO,#N/A,CHINA (MAINLAND)
2015,470329,ROYAL GOLDEN EAGLE,TOBA PULP LESTARI,BELAWAN,SUMATERA UTARA,495,249820,ROYAL GOLDEN EAGLE,DP MARKETING INTERNATIONAL,MACAO,#N/A,CHINA (MAINLAND)
2015,470329,ROYAL GOLDEN EAGLE,TOBA PULP LESTARI,BELAWAN,SUMATERA UTARA,990,499830,ROYAL GOLDEN EAGLE,DP MARKETING INTERNATIONAL,MACAO,#N/A,CHINA (MAINLAND)
2015,470329,ROYAL GOLDEN EAGLE,APRIL,BUATAN,RIAU,904,424981,ROYAL GOLDEN EAGLE,ALKIRA TRADING (MACAO COMMERCIAL OFFSHORE) LTD,MACAO,#N/A,CHINA (MAINLAND)
2015,470329,ROYAL GOLDEN EAGLE,APRIL,BUATAN,RIAU,402,188807,ROYAL GOLDEN EAGLE,AP ENTERPRISES (MACAO) COMMERCIAL OFFSHORE LTD,MACAO,#N/A,BANGLADESH
2015,470329,ROYAL GOLDEN EAGLE,APRIL,BUATAN,RIAU,644,302517,ROYAL GOLDEN EAGLE,APEL ENTERPRISES (SINGAPORE) PTE LTD,SINGAPORE,#N/A,EGYPT
2015,470329,ROYAL GOLDEN EAGLE,APRIL,FUTONG,RIAU,5977,2809031,ROYAL GOLDEN EAGLE,APEL ENTERPRISES (SINGAPORE) PTE LTD,SINGAPORE,#N/A,JAPAN
2015,470329,ROYAL GOLDEN EAGLE,APRIL,BUATAN,RIAU,1004,472071,ROYAL GOLDEN EAGLE,ALKIRA TRADING (MACAO COMMERCIAL OFFSHORE) LTD,MACAO,#N/A,CHINA (MAINLAND)
2015,470329,ROYAL GOLDEN EAGLE,APRIL,BUATAN,RIAU,100,47229,ROYAL GOLDEN EAGLE,APEL ENTERPRISES (SINGAPORE) PTE LTD,SINGAPORE,#N/A,INDIA
2015,470329,ROYAL GOLDEN EAGLE,APRIL,FUTONG,RIAU,5072,2384023,ROYAL GOLDEN EAGLE,ALKIRA TRADING (MACAO COMMERCIAL OFFSHORE) LTD,MACAO,#N/A,CHINA (MAINLAND)
2015,470329,ROYAL GOLDEN EAGLE,APRIL,FUTONG,RIAU,7532,3540030,ROYAL GOLDEN EAGLE,APEL ENTERPRISES (SINGAPORE) PTE LTD,SINGAPORE,#N/A,INDIA
2015,470329,ROYAL GOLDEN EAGLE,APRIL,BUATAN,RIAU,496,233120,ROYAL GOLDEN EAGLE,ALKIRA TRADING (MACAO COMMERCIAL OFFSHORE) LTD,MACAO,#N/A,CHINA (MAINLAND)
2015,470329,ROYAL GOLDEN EAGLE,APRIL,BUATAN,RIAU,40,18874,ROYAL GOLDEN EAGLE,APEL ENTERPRISES (SINGAPORE) PTE LTD,SINGAPORE,#N/A,INDIA
2015,470329,ROYAL GOLDEN EAGLE,APRIL,BUATAN,RIAU,241,113311,ROYAL GOLDEN EAGLE,AP ENTERPRISES (MACAO) COMMERCIAL OFFSHORE LTD,MACAO,#N/A,BANGLADESH
2015,470329,ROYAL GOLDEN EAGLE,APRIL,BUATAN,RIAU,100,47178,ROYAL GOLDEN EAGLE,AP ENTERPRISES (MACAO) COMMERCIAL OFFSHORE LTD,MACAO,#N/A,BANGLADESH
2015,470329,ROYAL GOLDEN EAGLE,APRIL,BUATAN,RIAU,96,45292,ROYAL GOLDEN EAGLE,ALKIRA TRADING (MACAO COMMERCIAL OFFSHORE) LTD,MACAO,#N/A,TAIWAN
2015,470329,ROYAL GOLDEN EAGLE,APRIL,BUATAN,RIAU,502,235952,ROYAL GOLDEN EAGLE,APEL ENTERPRISES (SINGAPORE) PTE LTD,SINGAPORE,#N/A,INDIA
2015,470329,ROYAL GOLDEN EAGLE,APRIL,FUTONG,RIAU,5021,2359769,ROYAL GOLDEN EAGLE,ALKIRA TRADING (MACAO COMMERCIAL OFFSHORE) LTD,MACAO,#N/A,CHINA (MAINLAND)
2015,470329,ROYAL GOLDEN EAGLE,APRIL,FUTONG,RIAU,3515,1652136,ROYAL GOLDEN EAGLE,ALKIRA TRADING (MACAO COMMERCIAL OFFSHORE) LTD,MACAO,#N/A,CHINA (MAINLAND)
2015,470329,ROYAL GOLDEN EAGLE,APRIL,BUATAN,RIAU,301,141590,ROYAL GOLDEN EAGLE,ALKIRA TRADING (MACAO COMMERCIAL OFFSHORE) LTD,MACAO,#N/A,CHINA (MAINLAND)
2015,470329,ROYAL GOLDEN EAGLE,TOBA PULP LESTARI,BELAWAN,SUMATERA UTARA,514,259755,ROYAL GOLDEN EAGLE,DP MARKETING INTERNATIONAL,MACAO,#N/A,CHINA (MAINLAND)
2015,470329,SINAR MAS,INDAH KIAT,PERAWANG,RIAU,1040,550680,SINAR MAS,KING PAPER SOURCE TRADING (SHANGHAI) CO LTD,CHINA (MAINLAND),#N/A,CHINA (MAINLAND)
2015,470329,SINAR MAS,INDAH KIAT,PERAWANG,RIAU,720,381240,SINAR MAS,KING PAPER SOURCE TRADING (SHANGHAI) CO LTD,CHINA (MAINLAND),#N/A,CHINA (MAINLAND)
2015,470329,SINAR MAS,LONTAR PAPYRUS,KUALA TUNGKAL,JAMBI,300,156090,SINAR MAS,GOLDEN PROFIT TRADING PTE LTD,SINGAPORE,#N/A,PAKISTAN
2015,470329,ROYAL GOLDEN EAGLE,APRIL,BUATAN,RIAU,277,130322,ROYAL GOLDEN EAGLE,AP ENTERPRISES (MACAO) COMMERCIAL OFFSHORE LTD,MACAO,#N/A,PAKISTAN
2015,470329,SINAR MAS,LONTAR PAPYRUS,KUALA TUNGKAL,JAMBI,159,83301,SINAR MAS,KING PAPER SOURCE TRADING (SHANGHAI) CO LTD,CHINA (MAINLAND),#N/A,CHINA (MAINLAND)
2015,470329,SINAR MAS,LONTAR PAPYRUS,KUALA TUNGKAL,JAMBI,462,244287,SINAR MAS,KING PAPER SOURCE TRADING (SHANGHAI) CO LTD,CHINA (MAINLAND),#N/A,CHINA (MAINLAND)
2015,470329,ROYAL GOLDEN EAGLE,APRIL,BUATAN,RIAU,502,236148,ROYAL GOLDEN EAGLE,APEL ENTERPRISES (SINGAPORE) PTE LTD,SINGAPORE,#N/A,INDIA
2015,470329,ROYAL GOLDEN EAGLE,TOBA PULP LESTARI,BELAWAN,SUMATERA UTARA,495,250068,ROYAL GOLDEN EAGLE,DP MARKETING INTERNATIONAL,MACAO,#N/A,CHINA (MAINLAND)
2015,470329,SINAR MAS,LONTAR PAPYRUS,KUALA TUNGKAL,JAMBI,380,199396,SINAR MAS,KING PAPER SOURCE TRADING (SHANGHAI) CO LTD,CHINA (MAINLAND),#N/A,CHINA (MAINLAND)
2015,470329,ROYAL GOLDEN EAGLE,APRIL,FUTONG,RIAU,16572,7788940,ROYAL GOLDEN EAGLE,ALKIRA TRADING (MACAO COMMERCIAL OFFSHORE) LTD,MACAO,#N/A,TURKEY
2015,470329,ROYAL GOLDEN EAGLE,APRIL,BUATAN,RIAU,502,236089,ROYAL GOLDEN EAGLE,AP ENTERPRISES (MACAO) COMMERCIAL OFFSHORE LTD,MACAO,#N/A,BANGLADESH
2015,470329,ROYAL GOLDEN EAGLE,APRIL,FUTONG,RIAU,5223,2454962,ROYAL GOLDEN EAGLE,ALKIRA TRADING (MACAO COMMERCIAL OFFSHORE) LTD,MACAO,#N/A,TURKEY
2015,470329,ROYAL GOLDEN EAGLE,APRIL,BUATAN,RIAU,40,18871,ROYAL GOLDEN EAGLE,APEL ENTERPRISES (SINGAPORE) PTE LTD,SINGAPORE,#N/A,INDIA
2015,470329,ROYAL GOLDEN EAGLE,APRIL,BUATAN,RIAU,362,169934,ROYAL GOLDEN EAGLE,APEL ENTERPRISES (SINGAPORE) PTE LTD,SINGAPORE,#N/A,EGYPT
2015,470329,ROYAL GOLDEN EAGLE,APRIL,FUTONG,RIAU,2007,943505,ROYAL GOLDEN EAGLE,ALKIRA TRADING (MACAO COMMERCIAL OFFSHORE) LTD,MACAO,#N/A,CHINA (MAINLAND)
2015,470329,ROYAL GOLDEN EAGLE,APRIL,BUATAN,RIAU,703,330290,ROYAL GOLDEN EAGLE,ALKIRA TRADING (MACAO COMMERCIAL OFFSHORE) LTD,MACAO,#N/A,CHINA (MAINLAND)
2015,470329,ROYAL GOLDEN EAGLE,APRIL,BUATAN,RIAU,502,236016,ROYAL GOLDEN EAGLE,AP ENTERPRISES (MACAO) COMMERCIAL OFFSHORE LTD,MACAO,#N/A,BANGLADESH
2015,470329,ROYAL GOLDEN EAGLE,APRIL,FUTONG,RIAU,5022,2360236,ROYAL GOLDEN EAGLE,APEL ENTERPRISES (SINGAPORE) PTE LTD,SINGAPORE,#N/A,VIETNAM
2015,470329,ROYAL GOLDEN EAGLE,APRIL,FUTONG,RIAU,2008,943745,ROYAL GOLDEN EAGLE,ALKIRA TRADING (MACAO COMMERCIAL OFFSHORE) LTD,MACAO,#N/A,CHINA (MAINLAND)
2015,470329,ROYAL GOLDEN EAGLE,APRIL,BUATAN,RIAU,496,233182,ROYAL GOLDEN EAGLE,ALKIRA TRADING (MACAO COMMERCIAL OFFSHORE) LTD,MACAO,#N/A,CHINA (MAINLAND)
2015,470329,ROYAL GOLDEN EAGLE,APRIL,BUATAN,RIAU,503,236273,ROYAL GOLDEN EAGLE,ALKIRA TRADING (MACAO COMMERCIAL OFFSHORE) LTD,MACAO,#N/A,CHINA (MAINLAND)
2015,470329,ROYAL GOLDEN EAGLE,APRIL,BUATAN,RIAU,502,235800,ROYAL GOLDEN EAGLE,ALKIRA TRADING (MACAO COMMERCIAL OFFSHORE) LTD,MACAO,#N/A,CHINA (MAINLAND)
2015,470329,SINAR MAS,INDAH KIAT,PERAWANG,RIAU,880,470090,SINAR MAS,KING PAPER SOURCE TRADING (SHANGHAI) CO LTD,CHINA (MAINLAND),#N/A,CHINA (MAINLAND)
2015,470329,ROYAL GOLDEN EAGLE,APRIL,BUATAN,RIAU,496,233232,ROYAL GOLDEN EAGLE,ALKIRA TRADING (MACAO COMMERCIAL OFFSHORE) LTD,MACAO,#N/A,CHINA (MAINLAND)
2015,470329,ROYAL GOLDEN EAGLE,APRIL,BUATAN,RIAU,501,235235,ROYAL GOLDEN EAGLE,AP ENTERPRISES (MACAO) COMMERCIAL OFFSHORE LTD,MACAO,#N/A,BANGLADESH
2015,470329,SINAR MAS,INDAH KIAT,PERAWANG,RIAU,1000,533694,SINAR MAS,GOLDEN PROFIT TRADING PTE LTD,SINGAPORE,#N/A,UNITED ARAB EMIRATES
2015,470329,MARUBENI,TANJUNG ENIM LESTARI,PANJANG,SUMATERA SELATAN,10,5601,MARUBENI,MARUBENI CORP,JAPAN,#N/A,JAPAN
2015,470329,MARUBENI,TANJUNG ENIM LESTARI,PANJANG,SUMATERA SELATAN,1865,983414,MARUBENI,MARUBENI CORP,JAPAN,#N/A,JAPAN
2015,470329,SINAR MAS,LONTAR PAPYRUS,KUALA TUNGKAL,JAMBI,140,71213,UNKNOWN AFFILIATION,NINGBO CROWN OF CHINA ENERGY CO LTD,CHINA (MAINLAND),#N/A,CHINA (MAINLAND)
2015,470329,MARUBENI,TANJUNG ENIM LESTARI,PANJANG,SUMATERA SELATAN,621,339475,MARUBENI,MARUBENI CORP,JAPAN,#N/A,JAPAN
2015,470329,ROYAL GOLDEN EAGLE,APRIL,BUATAN,RIAU,502,236050,ROYAL GOLDEN EAGLE,APEL ENTERPRISES (SINGAPORE) PTE LTD,SINGAPORE,#N/A,INDIA
2015,470329,MARUBENI,TANJUNG ENIM LESTARI,PANJANG,SUMATERA SELATAN,365,195880,MARUBENI,MARUBENI CORP,JAPAN,#N/A,JAPAN
2015,470329,SINAR MAS,LONTAR PAPYRUS,KUALA TUNGKAL,JAMBI,500,244867,SINAR MAS,GOLDEN PROFIT TRADING PTE LTD,SINGAPORE,#N/A,INDIA
2015,470329,MARUBENI,TANJUNG ENIM LESTARI,PANJANG,SUMATERA SELATAN,700,367943,MARUBENI,MARUBENI CORP,JAPAN,#N/A,TAIWAN
2015,470329,MARUBENI,TANJUNG ENIM LESTARI,PANJANG,SUMATERA SELATAN,204,107404,MARUBENI,MARUBENI CORP,JAPAN,#N/A,TAIWAN
2015,470329,SINAR MAS,INDAH KIAT,SUNGAI PAKNING,RIAU,5000,2643750,SINAR MAS,KING PAPER SOURCE TRADING (SHANGHAI) CO LTD,CHINA (MAINLAND),#N/A,CHINA (MAINLAND)
2015,470329,ROYAL GOLDEN EAGLE,APRIL,BUATAN,RIAU,603,295371,ROYAL GOLDEN EAGLE,APEL ENTERPRISES (SINGAPORE) PTE LTD,SINGAPORE,#N/A,SAUDI ARABIA
2015,470329,MARUBENI,TANJUNG ENIM LESTARI,PANJANG,SUMATERA SELATAN,30,16255,MARUBENI,MARUBENI CORP,JAPAN,#N/A,JAPAN
2015,470329,MARUBENI,TANJUNG ENIM LESTARI,PANJANG,SUMATERA SELATAN,413,213900,MARUBENI,MARUBENI CORP,JAPAN,#N/A,JAPAN
2015,470329,SINAR MAS,LONTAR PAPYRUS,KUALA TUNGKAL,JAMBI,463,244738,SINAR MAS,KING PAPER SOURCE TRADING (SHANGHAI) CO LTD,CHINA (MAINLAND),#N/A,CHINA (MAINLAND)
2015,470329,MARUBENI,TANJUNG ENIM LESTARI,PANJANG,SUMATERA SELATAN,102,53525,MARUBENI,MARUBENI CORP,JAPAN,#N/A,TAIWAN
2015,470329,MARUBENI,TANJUNG ENIM LESTARI,PANJANG,SUMATERA SELATAN,125,67173,MARUBENI,MARUBENI CORP,JAPAN,#N/A,JAPAN
2015,470329,MARUBENI,TANJUNG ENIM LESTARI,PANJANG,SUMATERA SELATAN,1045,549568,MARUBENI,MARUBENI TAIWAN CO LTD,TAIWAN,#N/A,TAIWAN
2015,470329,ROYAL GOLDEN EAGLE,APRIL,BUATAN,RIAU,502,236011,ROYAL GOLDEN EAGLE,ALKIRA TRADING (MACAO COMMERCIAL OFFSHORE) LTD,MACAO,#N/A,CHINA (MAINLAND)
2015,470329,MARUBENI,TANJUNG ENIM LESTARI,PANJANG,SUMATERA SELATAN,4019,1982014,MARUBENI,MARUBENI CORP,JAPAN,#N/A,CHINA (MAINLAND)
2015,470329,ROYAL GOLDEN EAGLE,TOBA PULP LESTARI,BELAWAN,SUMATERA UTARA,495,249895,ROYAL GOLDEN EAGLE,DP MARKETING INTERNATIONAL,MACAO,#N/A,CHINA (MAINLAND)
2015,470329,SINAR MAS,INDAH KIAT,PERAWANG,RIAU,576,283572,UNKNOWN AFFILIATION,NINGBO CROWN OF CHINA ENERGY CO LTD,CHINA (MAINLAND),#N/A,CHINA (MAINLAND)
2015,470329,SINAR MAS,INDAH KIAT,PERAWANG,RIAU,1000,532062,SINAR MAS,KING PAPER SOURCE TRADING (SHANGHAI) CO LTD,CHINA (MAINLAND),#N/A,CHINA (MAINLAND)
2015,470329,SINAR MAS,INDAH KIAT,PERAWANG,RIAU,504,252583,UNKNOWN AFFILIATION,NINGBO CROWN OF CHINA ENERGY CO LTD,CHINA (MAINLAND),#N/A,CHINA (MAINLAND)
2015,470329,SINAR MAS,LONTAR PAPYRUS,KUALA TUNGKAL,JAMBI,1000,480633,SINAR MAS,GOLDEN PROFIT TRADING PTE LTD,SINGAPORE,#N/A,VIETNAM
2015,470329,SINAR MAS,INDAH KIAT,SUNGAI PAKNING,RIAU,5200,2749500,UNKNOWN AFFILIATION,NINGBO CROWN OF CHINA ENERGY CO LTD,CHINA (MAINLAND),#N/A,CHINA (MAINLAND)
2015,470329,ROYAL GOLDEN EAGLE,APRIL,BUATAN,RIAU,1005,472288,ROYAL GOLDEN EAGLE,ALKIRA TRADING (MACAO COMMERCIAL OFFSHORE) LTD,MACAO,#N/A,CHINA (MAINLAND)
2015,470329,ROYAL GOLDEN EAGLE,TOBA PULP LESTARI,BELAWAN,SUMATERA UTARA,988,499105,ROYAL GOLDEN EAGLE,DP MARKETING INTERNATIONAL,MACAO,#N/A,CHINA (MAINLAND)
2015,470329,SINAR MAS,INDAH KIAT,PERAWANG,RIAU,492,246395,UNKNOWN AFFILIATION,NINGBO CROWN OF CHINA ENERGY CO LTD,CHINA (MAINLAND),#N/A,CHINA (MAINLAND)
2015,470329,SINAR MAS,LONTAR PAPYRUS,KUALA TUNGKAL,JAMBI,539,288888,SINAR MAS,KING PAPER SOURCE TRADING (SHANGHAI) CO LTD,CHINA (MAINLAND),#N/A,CHINA (MAINLAND)
2015,470329,ROYAL GOLDEN EAGLE,APRIL,BUATAN,RIAU,503,236272,ROYAL GOLDEN EAGLE,APEL ENTERPRISES (SINGAPORE) PTE LTD,SINGAPORE,#N/A,INDIA
2015,470329,ROYAL GOLDEN EAGLE,APRIL,BUATAN,RIAU,502,235987,ROYAL GOLDEN EAGLE,APEL ENTERPRISES (SINGAPORE) PTE LTD,SINGAPORE,#N/A,INDIA
2015,470329,ROYAL GOLDEN EAGLE,APRIL,BUATAN,RIAU,100,47204,ROYAL GOLDEN EAGLE,APEL ENTERPRISES (SINGAPORE) PTE LTD,SINGAPORE,#N/A,INDIA
2015,470329,ROYAL GOLDEN EAGLE,APRIL,BUATAN,RIAU,100,47231,ROYAL GOLDEN EAGLE,APEL ENTERPRISES (SINGAPORE) PTE LTD,SINGAPORE,#N/A,EGYPT
2015,470329,ROYAL GOLDEN EAGLE,APRIL,BUATAN,RIAU,201,94384,ROYAL GOLDEN EAGLE,APEL ENTERPRISES (SINGAPORE) PTE LTD,SINGAPORE,#N/A,INDIA
2015,470329,ROYAL GOLDEN EAGLE,APRIL,BUATAN,RIAU,1306,613657,ROYAL GOLDEN EAGLE,ALKIRA TRADING (MACAO COMMERCIAL OFFSHORE) LTD,MACAO,#N/A,CHINA (MAINLAND)
2015,470329,ROYAL GOLDEN EAGLE,APRIL,BUATAN,RIAU,1004,471732,ROYAL GOLDEN EAGLE,ALKIRA TRADING (MACAO COMMERCIAL OFFSHORE) LTD,MACAO,#N/A,CHINA (MAINLAND)
2015,470329,ROYAL GOLDEN EAGLE,APRIL,BUATAN,RIAU,502,236074,ROYAL GOLDEN EAGLE,ALKIRA TRADING (MACAO COMMERCIAL OFFSHORE) LTD,MACAO,#N/A,CHINA (MAINLAND)
2015,470329,ROYAL GOLDEN EAGLE,APRIL,BUATAN,RIAU,502,236061,ROYAL GOLDEN EAGLE,AP ENTERPRISES (MACAO) COMMERCIAL OFFSHORE LTD,MACAO,#N/A,BANGLADESH
2015,470329,ROYAL GOLDEN EAGLE,APRIL,BUATAN,RIAU,500,234970,ROYAL GOLDEN EAGLE,AP ENTERPRISES (MACAO) COMMERCIAL OFFSHORE LTD,MACAO,#N/A,BANGLADESH
2015,470329,ROYAL GOLDEN EAGLE,APRIL,BUATAN,RIAU,422,198133,ROYAL GOLDEN EAGLE,APEL ENTERPRISES (SINGAPORE) PTE LTD,SINGAPORE,#N/A,UNITED ARAB EMIRATES
2015,470329,ROYAL GOLDEN EAGLE,APRIL,BUATAN,RIAU,502,235947,ROYAL GOLDEN EAGLE,AP ENTERPRISES (MACAO) COMMERCIAL OFFSHORE LTD,MACAO,#N/A,INDIA
2015,470329,ROYAL GOLDEN EAGLE,APRIL,BUATAN,RIAU,257,120928,ROYAL GOLDEN EAGLE,AP ENTERPRISES (MACAO) COMMERCIAL OFFSHORE LTD,MACAO,#N/A,PAKISTAN
2015,470329,SINAR MAS,INDAH KIAT,PERAWANG,RIAU,1000,533694,SINAR MAS,GOLDEN PROFIT TRADING PTE LTD,SINGAPORE,#N/A,UNITED ARAB EMIRATES
2015,470329,ROYAL GOLDEN EAGLE,APRIL,BUATAN,RIAU,522,245515,ROYAL GOLDEN EAGLE,APEL ENTERPRISES (SINGAPORE) PTE LTD,SINGAPORE,#N/A,UNITED ARAB EMIRATES
2015,470329,ROYAL GOLDEN EAGLE,APRIL,BUATAN,RIAU,543,255018,ROYAL GOLDEN EAGLE,APEL ENTERPRISES (SINGAPORE) PTE LTD,SINGAPORE,#N/A,UNITED ARAB EMIRATES
2015,470329,ROYAL GOLDEN EAGLE,APRIL,BUATAN,RIAU,502,236055,ROYAL GOLDEN EAGLE,APEL ENTERPRISES (SINGAPORE) PTE LTD,SINGAPORE,#N/A,INDIA
2015,470329,SINAR MAS,INDAH KIAT,PERAWANG,RIAU,200,106539,UNKNOWN AFFILIATION,NINGBO CROWN OF CHINA ENERGY CO LTD,CHINA (MAINLAND),#N/A,CHINA (MAINLAND)
2015,470329,SINAR MAS,INDAH KIAT,PERAWANG,RIAU,440,235045,SINAR MAS,KING PAPER SOURCE TRADING (SHANGHAI) CO LTD,CHINA (MAINLAND),#N/A,CHINA (MAINLAND)
2015,470329,SINAR MAS,INDAH KIAT,SUNGAI PAKNING,RIAU,1500,772500,SINAR MAS,GOLDEN PROFIT TRADING PTE LTD,SINGAPORE,#N/A,BANGLADESH
2015,470329,SINAR MAS,INDAH KIAT,PERAWANG,RIAU,504,252583,UNKNOWN AFFILIATION,NINGBO CROWN OF CHINA ENERGY CO LTD,CHINA (MAINLAND),#N/A,CHINA (MAINLAND)
2015,470329,ROYAL GOLDEN EAGLE,APRIL,BUATAN,RIAU,302,141839,ROYAL GOLDEN EAGLE,AP ENTERPRISES (MACAO) COMMERCIAL OFFSHORE LTD,MACAO,#N/A,BANGLADESH
2015,470329,SINAR MAS,INDAH KIAT,SUNGAI PAKNING,RIAU,1000,515000,SINAR MAS,GOLDEN PROFIT TRADING PTE LTD,SINGAPORE,#N/A,BANGLADESH
2015,470329,SINAR MAS,INDAH KIAT,PERAWANG,RIAU,1040,555561,SINAR MAS,KING PAPER SOURCE TRADING (SHANGHAI) CO LTD,CHINA (MAINLAND),#N/A,CHINA (MAINLAND)
2015,470329,SINAR MAS,INDAH KIAT,PERAWANG,RIAU,1000,541031,SINAR MAS,KING PAPER SOURCE TRADING (SHANGHAI) CO LTD,CHINA (MAINLAND),#N/A,CHINA (MAINLAND)
2015,470329,ROYAL GOLDEN EAGLE,APRIL,BUATAN,RIAU,241,113277,ROYAL GOLDEN EAGLE,APEL ENTERPRISES (SINGAPORE) PTE LTD,SINGAPORE,#N/A,INDIA
2015,470329,ROYAL GOLDEN EAGLE,APRIL,BUATAN,RIAU,502,235966,ROYAL GOLDEN EAGLE,APEL ENTERPRISES (SINGAPORE) PTE LTD,SINGAPORE,#N/A,INDIA
2015,470329,ROYAL GOLDEN EAGLE,APRIL,BUATAN,RIAU,502,235993,ROYAL GOLDEN EAGLE,APEL ENTERPRISES (SINGAPORE) PTE LTD,SINGAPORE,#N/A,INDIA
2015,470329,MARUBENI,TANJUNG ENIM LESTARI,PANJANG,SUMATERA SELATAN,210,116381,MARUBENI,MARUBENI CORP,JAPAN,#N/A,SOUTH KOREA
2015,470329,MARUBENI,TANJUNG ENIM LESTARI,PANJANG,SUMATERA SELATAN,1039,536056,MARUBENI,MARUBENI CORP,JAPAN,#N/A,CHINA (MAINLAND)
2015,470329,ROYAL GOLDEN EAGLE,APRIL,FUTONG,RIAU,5027,2362614,ROYAL GOLDEN EAGLE,AP ENTERPRISES (MACAO) COMMERCIAL OFFSHORE LTD,MACAO,#N/A,CHINA (MAINLAND)
2015,470329,MARUBENI,TANJUNG ENIM LESTARI,PANJANG,SUMATERA SELATAN,840,465748,MARUBENI,MARUBENI CORP,JAPAN,#N/A,SOUTH KOREA
2015,470329,MARUBENI,TANJUNG ENIM LESTARI,PANJANG,SUMATERA SELATAN,108,61471,MARUBENI,MARUBENI CORP,JAPAN,#N/A,INDIA
2015,470329,MARUBENI,TANJUNG ENIM LESTARI,PANJANG,SUMATERA SELATAN,522,269279,MARUBENI,MARUBENI CORP,JAPAN,#N/A,CHINA (MAINLAND)
2015,470329,MARUBENI,TANJUNG ENIM LESTARI,PANJANG,SUMATERA SELATAN,110,55949,MARUBENI,MARUBENI CORP,JAPAN,#N/A,INDIA
2015,470329,SINAR MAS,LONTAR PAPYRUS,KUALA TUNGKAL,JAMBI,497,232748,SINAR MAS,GOLDEN PROFIT TRADING PTE LTD,SINGAPORE,#N/A,VIETNAM
2015,470329,MARUBENI,TANJUNG ENIM LESTARI,PANJANG,SUMATERA SELATAN,843,463728,MARUBENI,MARUBENI CORP,JAPAN,#N/A,CHINA (MAINLAND)
2015,470329,MARUBENI,TANJUNG ENIM LESTARI,PANJANG,SUMATERA SELATAN,1263,663672,MARUBENI,MARUBENI CORP,JAPAN,#N/A,CHINA (MAINLAND)
2015,470329,MARUBENI,TANJUNG ENIM LESTARI,PANJANG,SUMATERA SELATAN,522,269135,MARUBENI,MARUBENI CORP,JAPAN,#N/A,CHINA (MAINLAND)
2015,470329,MARUBENI,TANJUNG ENIM LESTARI,PANJANG,SUMATERA SELATAN,520,291423,MARUBENI,MARUBENI CORP,JAPAN,#N/A,SOUTH KOREA
2015,470329,MARUBENI,TANJUNG ENIM LESTARI,PANJANG,SUMATERA SELATAN,519,290771,MARUBENI,MARUBENI CORP,JAPAN,#N/A,SOUTH KOREA
2015,470329,MARUBENI,TANJUNG ENIM LESTARI,PANJANG,SUMATERA SELATAN,524,270246,MARUBENI,MARUBENI CORP,JAPAN,#N/A,CHINA (MAINLAND)
2015,470329,MARUBENI,TANJUNG ENIM LESTARI,PANJANG,SUMATERA SELATAN,44,23521,MARUBENI,MARUBENI CORP,JAPAN,#N/A,THAILAND
2015,470329,MARUBENI,TANJUNG ENIM LESTARI,PANJANG,SUMATERA SELATAN,524,270131,MARUBENI,MARUBENI CORP,JAPAN,#N/A,CHINA (MAINLAND)
2015,470329,MARUBENI,TANJUNG ENIM LESTARI,PANJANG,SUMATERA SELATAN,522,269109,MARUBENI,MARUBENI CORP,JAPAN,#N/A,CHINA (MAINLAND)
2015,470329,MARUBENI,TANJUNG ENIM LESTARI,PANJANG,SUMATERA SELATAN,1040,582404,MARUBENI,MARUBENI CORP,JAPAN,#N/A,SOUTH KOREA
2015,470329,MARUBENI,TANJUNG ENIM LESTARI,PANJANG,SUMATERA SELATAN,522,269383,MARUBENI,MARUBENI CORP,JAPAN,#N/A,CHINA (MAINLAND)
2015,470329,SINAR MAS,INDAH KIAT,PERAWANG,RIAU,1000,540398,SINAR MAS,KING PAPER SOURCE TRADING (SHANGHAI) CO LTD,CHINA (MAINLAND),#N/A,CHINA (MAINLAND)
2015,470329,ROYAL GOLDEN EAGLE,APRIL,FUTONG,RIAU,1506,716050,ROYAL GOLDEN EAGLE,ALKIRA TRADING (MACAO COMMERCIAL OFFSHORE) LTD,MACAO,#N/A,CHINA (MAINLAND)
2015,470329,SINAR MAS,INDAH KIAT,PERAWANG,RIAU,740,391830,SINAR MAS,KING PAPER SOURCE TRADING (SHANGHAI) CO LTD,CHINA (MAINLAND),#N/A,CHINA (MAINLAND)
2015,470329,SINAR MAS,INDAH KIAT,PERAWANG,RIAU,880,465960,SINAR MAS,KING PAPER SOURCE TRADING (SHANGHAI) CO LTD,CHINA (MAINLAND),#N/A,CHINA (MAINLAND)
2015,470329,SINAR MAS,INDAH KIAT,PERAWANG,RIAU,1060,566245,SINAR MAS,KING PAPER SOURCE TRADING (SHANGHAI) CO LTD,CHINA (MAINLAND),#N/A,CHINA (MAINLAND)
2015,470329,SINAR MAS,INDAH KIAT,PERAWANG,RIAU,492,238736,UNKNOWN AFFILIATION,NINGBO CROWN OF CHINA ENERGY CO LTD,CHINA (MAINLAND),#N/A,CHINA (MAINLAND)
2015,470329,ROYAL GOLDEN EAGLE,APRIL,BUATAN,RIAU,313,147287,ROYAL GOLDEN EAGLE,ALKIRA TRADING (MACAO COMMERCIAL OFFSHORE) LTD,MACAO,#N/A,UNITED KINGDOM
2015,470329,SINAR MAS,INDAH KIAT,PERAWANG,RIAU,1000,541031,SINAR MAS,KING PAPER SOURCE TRADING (SHANGHAI) CO LTD,CHINA (MAINLAND),#N/A,CHINA (MAINLAND)
2015,470329,ROYAL GOLDEN EAGLE,APRIL,BUATAN,RIAU,201,94368,ROYAL GOLDEN EAGLE,APEL ENTERPRISES (SINGAPORE) PTE LTD,SINGAPORE,#N/A,PHILIPPINES
2015,470329,ROYAL GOLDEN EAGLE,APRIL,BUATAN,RIAU,241,113380,ROYAL GOLDEN EAGLE,AP ENTERPRISES (MACAO) COMMERCIAL OFFSHORE LTD,MACAO,#N/A,BANGLADESH
2015,470329,ROYAL GOLDEN EAGLE,APRIL,FUTONG,RIAU,6428,3021020,ROYAL GOLDEN EAGLE,ALKIRA TRADING (MACAO COMMERCIAL OFFSHORE) LTD,MACAO,#N/A,CHINA (MAINLAND)
2015,470329,SINAR MAS,INDAH KIAT,PERAWANG,RIAU,960,502215,UNKNOWN AFFILIATION,NINGBO CROWN OF CHINA ENERGY CO LTD,CHINA (MAINLAND),#N/A,CHINA (MAINLAND)
2015,470329,ROYAL GOLDEN EAGLE,APRIL,FUTONG,RIAU,3617,1699867,ROYAL GOLDEN EAGLE,ALKIRA TRADING (MACAO COMMERCIAL OFFSHORE) LTD,MACAO,#N/A,CHINA (MAINLAND)
2015,470329,ROYAL GOLDEN EAGLE,APRIL,FUTONG,RIAU,7634,3587893,ROYAL GOLDEN EAGLE,ALKIRA TRADING (MACAO COMMERCIAL OFFSHORE) LTD,MACAO,#N/A,CHINA (MAINLAND)
2015,470329,ROYAL GOLDEN EAGLE,APRIL,BUATAN,RIAU,1005,472288,ROYAL GOLDEN EAGLE,ALKIRA TRADING (MACAO COMMERCIAL OFFSHORE) LTD,MACAO,#N/A,CHINA (MAINLAND)
2015,470329,ROYAL GOLDEN EAGLE,APRIL,BUATAN,RIAU,502,235827,ROYAL GOLDEN EAGLE,AP ENTERPRISES (MACAO) COMMERCIAL OFFSHORE LTD,MACAO,#N/A,BANGLADESH
2015,470329,ROYAL GOLDEN EAGLE,APRIL,BUATAN,RIAU,502,235958,ROYAL GOLDEN EAGLE,ALKIRA TRADING (MACAO COMMERCIAL OFFSHORE) LTD,MACAO,#N/A,CHINA (MAINLAND)
2015,470329,ROYAL GOLDEN EAGLE,APRIL,BUATAN,RIAU,501,235377,ROYAL GOLDEN EAGLE,APEL ENTERPRISES (SINGAPORE) PTE LTD,SINGAPORE,#N/A,INDIA
2015,470329,ROYAL GOLDEN EAGLE,APRIL,BUATAN,RIAU,502,235974,ROYAL GOLDEN EAGLE,APEL ENTERPRISES (SINGAPORE) PTE LTD,SINGAPORE,#N/A,INDIA