YEAR,HS_CODE,MILL_CORPORATE_GROUP,MILL,PORT_OF_EXPORT,PROVINCE_OF_EXPORT,PULP_EXPORT_VOLUME_TONNES,FOB_VALUES_USD,IMPORTER_CORPORATE_GROUP,IMPORTER,COUNTRY_OF_IMPORTER,PORT_OF_DESTINATION,COUNTRY_OF_DESTINATION
2020,470200,ROYAL GOLDEN EAGLE,APRIL,UNKNOWN,RIAU,507,207762,UNKNOWN,UNKNOWN,UNKNOWN COUNTRY,PORT KELANG,CHINA (MAINLAND)
2020,470200,ROYAL GOLDEN EAGLE,APRIL,UNKNOWN,RIAU,507,207952,UNKNOWN,UNKNOWN,UNKNOWN COUNTRY,PORT KELANG,CHINA (MAINLAND)
2020,470200,ROYAL GOLDEN EAGLE,APRIL,UNKNOWN,RIAU,506,207463,UNKNOWN,UNKNOWN,UNKNOWN COUNTRY,PORT KELANG,CHINA (MAINLAND)
2020,470200,ROYAL GOLDEN EAGLE,APRIL,UNKNOWN,RIAU,506,207544,UNKNOWN,UNKNOWN,UNKNOWN COUNTRY,PORT KELANG,CHINA (MAINLAND)
2020,470200,ROYAL GOLDEN EAGLE,APRIL,UNKNOWN,RIAU,507,207729,UNKNOWN,UNKNOWN,UNKNOWN COUNTRY,PORT KELANG,CHINA (MAINLAND)
2020,470200,ROYAL GOLDEN EAGLE,APRIL,UNKNOWN,RIAU,507,207786,UNKNOWN,UNKNOWN,UNKNOWN COUNTRY,PORT KELANG,CHINA (MAINLAND)
2020,470200,ROYAL GOLDEN EAGLE,APRIL,BUATAN,RIAU,506,207480,UNKNOWN,UNKNOWN,UNKNOWN COUNTRY,SINGAPORE,CHINA (MAINLAND)
2020,470200,ROYAL GOLDEN EAGLE,APRIL,BUATAN,RIAU,506,207484,UNKNOWN,UNKNOWN,UNKNOWN COUNTRY,SINGAPORE,CHINA (MAINLAND)
2020,470329,SINAR MAS,OKI,SULTAN MAHMUD BADARUDDIN (U),SUMATERA SELATAN,1500,738600,UNKNOWN,UNKNOWN,UNKNOWN COUNTRY,CHANGSHU,CHINA (MAINLAND)
2020,470329,SINAR MAS,OKI,SULTAN MAHMUD BADARUDDIN (U),SUMATERA SELATAN,5000,2460767,UNKNOWN,UNKNOWN,UNKNOWN COUNTRY,CHONGQING,CHINA (MAINLAND)
2020,470329,SINAR MAS,OKI,SULTAN MAHMUD BADARUDDIN (U),SUMATERA SELATAN,3000,1464355,UNKNOWN,UNKNOWN,UNKNOWN COUNTRY,TIANJIN,CHINA (MAINLAND)
2020,470329,SINAR MAS,OKI,SULTAN MAHMUD BADARUDDIN (U),SUMATERA SELATAN,3000,1614273,UNKNOWN,UNKNOWN,UNKNOWN COUNTRY,TIANJIN,CHINA (MAINLAND)
2020,470329,SINAR MAS,OKI,SULTAN MAHMUD BADARUDDIN (U),SUMATERA SELATAN,2000,1076182,UNKNOWN,UNKNOWN,UNKNOWN COUNTRY,TIANJIN,CHINA (MAINLAND)
2020,470329,SINAR MAS,OKI,SULTAN MAHMUD BADARUDDIN (U),SUMATERA SELATAN,1500,732178,UNKNOWN,UNKNOWN,UNKNOWN COUNTRY,TIANJIN,CHINA (MAINLAND)
2020,470329,SINAR MAS,OKI,SULTAN MAHMUD BADARUDDIN (U),SUMATERA SELATAN,996,486166,UNKNOWN,UNKNOWN,UNKNOWN COUNTRY,TIANJIN,CHINA (MAINLAND)
2020,470329,SINAR MAS,OKI,SULTAN MAHMUD BADARUDDIN (U),SUMATERA SELATAN,5500,2676363,UNKNOWN,UNKNOWN,UNKNOWN COUNTRY,WUHAN,CHINA (MAINLAND)
2020,470200,ROYAL GOLDEN EAGLE,APRIL,UNKNOWN,RIAU,506,207326,UNKNOWN,UNKNOWN,UNKNOWN COUNTRY,PORT KELANG,CHINA (MAINLAND)
2020,470200,ROYAL GOLDEN EAGLE,APRIL,UNKNOWN,RIAU,506,207355,UNKNOWN,UNKNOWN,UNKNOWN COUNTRY,PORT KELANG,CHINA (MAINLAND)
2020,470329,ROYAL GOLDEN EAGLE,APRIL,UNKNOWN,RIAU,6023,1855102,UNKNOWN,UNKNOWN,UNKNOWN COUNTRY,GUNSAN,SOUTH KOREA
2020,470329,ROYAL GOLDEN EAGLE,APRIL,UNKNOWN,RIAU,2864,881980,UNKNOWN,UNKNOWN,UNKNOWN COUNTRY,PYEONGTAEK,SOUTH KOREA
2020,470329,SINAR MAS,LONTAR PAPYRUS,KUALA TUNGKAL,JAMBI,502,269091,UNKNOWN,UNKNOWN,UNKNOWN COUNTRY,CHITTAGONG,BANGLADESH
2020,470329,SINAR MAS,LONTAR PAPYRUS,KUALA TUNGKAL,JAMBI,241,118161,UNKNOWN,UNKNOWN,UNKNOWN COUNTRY,PIPAVAV (VICTOR) PORT,INDIA
2020,470329,SINAR MAS,OKI,SULTAN MAHMUD BADARUDDIN (U),SUMATERA SELATAN,2200,1184480,UNKNOWN,UNKNOWN,UNKNOWN COUNTRY,SHANGHAI,CHINA (MAINLAND)
2020,470329,SINAR MAS,OKI,SULTAN MAHMUD BADARUDDIN (U),SUMATERA SELATAN,4650,2285010,UNKNOWN,UNKNOWN,UNKNOWN COUNTRY,SHANGHAI,CHINA (MAINLAND)
2020,470200,ROYAL GOLDEN EAGLE,APRIL,UNKNOWN,RIAU,505,255083,UNKNOWN,UNKNOWN,UNKNOWN COUNTRY,PORT KELANG,CHINA (MAINLAND)
2020,470329,ROYAL GOLDEN EAGLE,APRIL,BUATAN,RIAU,402,123466,UNKNOWN,UNKNOWN,UNKNOWN COUNTRY,SINGAPORE,BANGLADESH
2020,470329,ROYAL GOLDEN EAGLE,APRIL,BUATAN,RIAU,101,30977,UNKNOWN,UNKNOWN,UNKNOWN COUNTRY,SINGAPORE,BANGLADESH
2020,470200,ROYAL GOLDEN EAGLE,APRIL,BUATAN,RIAU,81,33168,UNKNOWN,UNKNOWN,UNKNOWN COUNTRY,SINGAPORE,CHINA (MAINLAND)
2020,470200,ROYAL GOLDEN EAGLE,APRIL,BUATAN,RIAU,506,255365,UNKNOWN,UNKNOWN,UNKNOWN COUNTRY,SINGAPORE,CHINA (MAINLAND)
2020,470200,ROYAL GOLDEN EAGLE,APRIL,BUATAN,RIAU,506,255618,UNKNOWN,UNKNOWN,UNKNOWN COUNTRY,SINGAPORE,CHINA (MAINLAND)
2020,470329,ROYAL GOLDEN EAGLE,APRIL,BUATAN,RIAU,502,154065,UNKNOWN,UNKNOWN,UNKNOWN COUNTRY,SINGAPORE,INDIA
2020,470329,ROYAL GOLDEN EAGLE,APRIL,BUATAN,RIAU,201,61774,UNKNOWN,UNKNOWN,UNKNOWN COUNTRY,SINGAPORE,INDIA
2020,470329,ROYAL GOLDEN EAGLE,APRIL,BUATAN,RIAU,60,18495,UNKNOWN,UNKNOWN,UNKNOWN COUNTRY,SINGAPORE,INDIA
2020,470329,ROYAL GOLDEN EAGLE,APRIL,BUATAN,RIAU,60,18503,UNKNOWN,UNKNOWN,UNKNOWN COUNTRY,SINGAPORE,INDIA
2020,470329,ROYAL GOLDEN EAGLE,APRIL,BUATAN,RIAU,301,91829,UNKNOWN,UNKNOWN,UNKNOWN COUNTRY,SINGAPORE,THAILAND
2020,470329,SINAR MAS,INDAH KIAT,PERAWANG,RIAU,600,328427,UNKNOWN,UNKNOWN,UNKNOWN COUNTRY,TUTICORIN,INDIA
2020,470329,SINAR MAS,INDAH KIAT,PERAWANG,RIAU,500,273689,UNKNOWN,UNKNOWN,UNKNOWN COUNTRY,TUTICORIN,INDIA
2020,470200,ROYAL GOLDEN EAGLE,APRIL,UNKNOWN,RIAU,505,255254,UNKNOWN,UNKNOWN,UNKNOWN COUNTRY,PORT KELANG,CHINA (MAINLAND)
2020,470200,ROYAL GOLDEN EAGLE,APRIL,UNKNOWN,RIAU,202,102189,UNKNOWN,UNKNOWN,UNKNOWN COUNTRY,PORT KELANG,CHINA (MAINLAND)
2020,470329,SINAR MAS,INDAH KIAT,PERAWANG,RIAU,800,375191,UNKNOWN,UNKNOWN,UNKNOWN COUNTRY,QINGDAO,CHINA (MAINLAND)
2020,470329,SINAR MAS,INDAH KIAT,SUNGAI PAKNING,RIAU,5990,2956065,UNKNOWN,UNKNOWN,UNKNOWN COUNTRY,NINGBO,CHINA (MAINLAND)
2020,470329,SINAR MAS,INDAH KIAT,SUNGAI PAKNING,RIAU,2000,993000,UNKNOWN,UNKNOWN,UNKNOWN COUNTRY,ULSAN,SOUTH KOREA
2020,470329,SINAR MAS,INDAH KIAT,SUNGAI PAKNING,RIAU,4010,1990965,UNKNOWN,UNKNOWN,UNKNOWN COUNTRY,ULSAN,SOUTH KOREA
2020,470200,ROYAL GOLDEN EAGLE,APRIL,UNKNOWN,RIAU,505,255093,UNKNOWN,UNKNOWN,UNKNOWN COUNTRY,PORT KELANG,CHINA (MAINLAND)
2020,470200,ROYAL GOLDEN EAGLE,APRIL,UNKNOWN,RIAU,506,255291,UNKNOWN,UNKNOWN,UNKNOWN COUNTRY,PORT KELANG,CHINA (MAINLAND)
2020,470200,ROYAL GOLDEN EAGLE,APRIL,UNKNOWN,RIAU,304,153401,UNKNOWN,UNKNOWN,UNKNOWN COUNTRY,PORT KELANG,CHINA (MAINLAND)
2020,470200,ROYAL GOLDEN EAGLE,APRIL,UNKNOWN,RIAU,506,255753,UNKNOWN,UNKNOWN,UNKNOWN COUNTRY,PORT KELANG,CHINA (MAINLAND)
2020,470200,ROYAL GOLDEN EAGLE,APRIL,BUATAN,RIAU,203,83064,UNKNOWN,UNKNOWN,UNKNOWN COUNTRY,SINGAPORE,CHINA (MAINLAND)
2020,470200,ROYAL GOLDEN EAGLE,APRIL,BUATAN,RIAU,506,255356,UNKNOWN,UNKNOWN,UNKNOWN COUNTRY,SINGAPORE,CHINA (MAINLAND)
2020,470200,ROYAL GOLDEN EAGLE,APRIL,BUATAN,RIAU,506,255309,UNKNOWN,UNKNOWN,UNKNOWN COUNTRY,SINGAPORE,CHINA (MAINLAND)
2020,470329,ROYAL GOLDEN EAGLE,APRIL,BUATAN,RIAU,60,18521,UNKNOWN,UNKNOWN,UNKNOWN COUNTRY,SINGAPORE,INDIA
2020,470329,ROYAL GOLDEN EAGLE,APRIL,BUATAN,RIAU,60,18498,UNKNOWN,UNKNOWN,UNKNOWN COUNTRY,SINGAPORE,INDIA
2020,470329,ROYAL GOLDEN EAGLE,APRIL,BUATAN,RIAU,60,18485,UNKNOWN,UNKNOWN,UNKNOWN COUNTRY,SINGAPORE,INDIA
2020,470329,ROYAL GOLDEN EAGLE,APRIL,BUATAN,RIAU,201,61830,UNKNOWN,UNKNOWN,UNKNOWN COUNTRY,SINGAPORE,INDIA
2020,470329,ROYAL GOLDEN EAGLE,APRIL,BUATAN,RIAU,201,61803,UNKNOWN,UNKNOWN,UNKNOWN COUNTRY,SINGAPORE,INDIA
2020,470329,ROYAL GOLDEN EAGLE,APRIL,BUATAN,RIAU,100,30893,UNKNOWN,UNKNOWN,UNKNOWN COUNTRY,SINGAPORE,INDIA
2020,470329,ROYAL GOLDEN EAGLE,APRIL,BUATAN,RIAU,100,30799,UNKNOWN,UNKNOWN,UNKNOWN COUNTRY,SINGAPORE,INDIA
2020,470329,ROYAL GOLDEN EAGLE,APRIL,BUATAN,RIAU,101,30967,UNKNOWN,UNKNOWN,UNKNOWN COUNTRY,SINGAPORE,INDIA
2020,470329,ROYAL GOLDEN EAGLE,APRIL,BUATAN,RIAU,100,30831,UNKNOWN,UNKNOWN,UNKNOWN COUNTRY,SINGAPORE,INDIA
2020,470200,ROYAL GOLDEN EAGLE,APRIL,BUATAN,RIAU,506,255361,UNKNOWN,UNKNOWN,UNKNOWN COUNTRY,SINGAPORE,CHINA (MAINLAND)
2020,470329,SINAR MAS,INDAH KIAT,PERAWANG,RIAU,506,245147,UNKNOWN,UNKNOWN,UNKNOWN COUNTRY,KARACHI,PAKISTAN
2020,470329,MARUBENI,TANJUNG ENIM LESTARI,TANJUNG PRIOK,SUMATERA SELATAN,695,275871,UNKNOWN,UNKNOWN,UNKNOWN COUNTRY,CHONGQING,CHINA (MAINLAND)
2020,470200,ROYAL GOLDEN EAGLE,APRIL,UNKNOWN,RIAU,506,255310,UNKNOWN,UNKNOWN,UNKNOWN COUNTRY,PORT KELANG,CHINA (MAINLAND)
2020,470200,ROYAL GOLDEN EAGLE,APRIL,BUATAN,RIAU,506,255536,UNKNOWN,UNKNOWN,UNKNOWN COUNTRY,PORT KELANG,CHINA (MAINLAND)
2020,470200,ROYAL GOLDEN EAGLE,APRIL,BUATAN,RIAU,182,74716,UNKNOWN,UNKNOWN,UNKNOWN COUNTRY,PORT KELANG,CHINA (MAINLAND)
2020,470200,ROYAL GOLDEN EAGLE,APRIL,BUATAN,RIAU,506,207534,UNKNOWN,UNKNOWN,UNKNOWN COUNTRY,PORT KELANG,CHINA (MAINLAND)
2020,470200,ROYAL GOLDEN EAGLE,APRIL,BUATAN,RIAU,506,207465,UNKNOWN,UNKNOWN,UNKNOWN COUNTRY,PORT KELANG,CHINA (MAINLAND)
2020,470200,ROYAL GOLDEN EAGLE,APRIL,BUATAN,RIAU,506,207404,UNKNOWN,UNKNOWN,UNKNOWN COUNTRY,PORT KELANG,CHINA (MAINLAND)
2020,470200,ROYAL GOLDEN EAGLE,APRIL,BUATAN,RIAU,506,255467,UNKNOWN,UNKNOWN,UNKNOWN COUNTRY,PORT KELANG,CHINA (MAINLAND)
2020,470200,ROYAL GOLDEN EAGLE,APRIL,BUATAN,RIAU,303,124285,UNKNOWN,UNKNOWN,UNKNOWN COUNTRY,SINGAPORE,CHINA (MAINLAND)
2020,470329,ROYAL GOLDEN EAGLE,APRIL,BUATAN,RIAU,301,92738,UNKNOWN,UNKNOWN,UNKNOWN COUNTRY,SINGAPORE,PAKISTAN
2020,470329,ROYAL GOLDEN EAGLE,APRIL,BUATAN,RIAU,301,92824,UNKNOWN,UNKNOWN,UNKNOWN COUNTRY,SINGAPORE,PAKISTAN
2020,470329,MARUBENI,TANJUNG ENIM LESTARI,TANJUNG PRIOK,SUMATERA SELATAN,590,234541,UNKNOWN,UNKNOWN,UNKNOWN COUNTRY,YINGKOU,CHINA (MAINLAND)
2020,470329,MARUBENI,TANJUNG ENIM LESTARI,TARAHAN,SUMATERA SELATAN,1030,409014,UNKNOWN,UNKNOWN,UNKNOWN COUNTRY,QINGDAO,CHINA (MAINLAND)
2020,470329,MARUBENI,TANJUNG ENIM LESTARI,TARAHAN,SUMATERA SELATAN,2058,817663,UNKNOWN,UNKNOWN,UNKNOWN COUNTRY,QINGDAO,CHINA (MAINLAND)
2020,470329,MARUBENI,TANJUNG ENIM LESTARI,TARAHAN,SUMATERA SELATAN,2058,817672,UNKNOWN,UNKNOWN,UNKNOWN COUNTRY,QINGDAO,CHINA (MAINLAND)
2020,470329,MARUBENI,TANJUNG ENIM LESTARI,TARAHAN,SUMATERA SELATAN,1544,627345,UNKNOWN,UNKNOWN,UNKNOWN COUNTRY,PYEONGTAEK,SOUTH KOREA
2020,470329,MARUBENI,TANJUNG ENIM LESTARI,TARAHAN,SUMATERA SELATAN,515,215398,UNKNOWN,UNKNOWN,UNKNOWN COUNTRY,PYEONGTAEK,SOUTH KOREA
2020,470329,MARUBENI,TANJUNG ENIM LESTARI,TARAHAN,SUMATERA SELATAN,1029,418005,UNKNOWN,UNKNOWN,UNKNOWN COUNTRY,PYEONGTAEK,SOUTH KOREA
2020,470329,MARUBENI,TANJUNG ENIM LESTARI,TARAHAN,SUMATERA SELATAN,308,128991,UNKNOWN,UNKNOWN,UNKNOWN COUNTRY,PYEONGTAEK,SOUTH KOREA
2020,470329,MARUBENI,TANJUNG ENIM LESTARI,TARAHAN,SUMATERA SELATAN,1030,418465,UNKNOWN,UNKNOWN,UNKNOWN COUNTRY,PYEONGTAEK,SOUTH KOREA
2020,470329,MARUBENI,TANJUNG ENIM LESTARI,TARAHAN,SUMATERA SELATAN,514,208989,UNKNOWN,UNKNOWN,UNKNOWN COUNTRY,PYEONGTAEK,SOUTH KOREA
2020,470200,ROYAL GOLDEN EAGLE,APRIL,UNKNOWN,RIAU,507,255872,UNKNOWN,UNKNOWN,UNKNOWN COUNTRY,PORT KELANG,CHINA (MAINLAND)
2020,470200,ROYAL GOLDEN EAGLE,APRIL,UNKNOWN,RIAU,506,255459,UNKNOWN,UNKNOWN,UNKNOWN COUNTRY,PORT KELANG,CHINA (MAINLAND)
2020,470200,ROYAL GOLDEN EAGLE,APRIL,UNKNOWN,RIAU,506,255659,UNKNOWN,UNKNOWN,UNKNOWN COUNTRY,PORT KELANG,CHINA (MAINLAND)
2020,470200,ROYAL GOLDEN EAGLE,APRIL,UNKNOWN,RIAU,506,255569,UNKNOWN,UNKNOWN,UNKNOWN COUNTRY,PORT KELANG,CHINA (MAINLAND)
2020,470200,ROYAL GOLDEN EAGLE,APRIL,UNKNOWN,RIAU,506,255299,UNKNOWN,UNKNOWN,UNKNOWN COUNTRY,PORT KELANG,CHINA (MAINLAND)
2020,470329,ROYAL GOLDEN EAGLE,APRIL,BUATAN,RIAU,502,154260,UNKNOWN,UNKNOWN,UNKNOWN COUNTRY,SINGAPORE,BANGLADESH
2020,470200,ROYAL GOLDEN EAGLE,APRIL,BUATAN,RIAU,505,255205,UNKNOWN,UNKNOWN,UNKNOWN COUNTRY,PORT KELANG,CHINA (MAINLAND)
2020,470200,ROYAL GOLDEN EAGLE,APRIL,BUATAN,RIAU,506,255282,UNKNOWN,UNKNOWN,UNKNOWN COUNTRY,PORT KELANG,CHINA (MAINLAND)
2020,470200,ROYAL GOLDEN EAGLE,APRIL,BUATAN,RIAU,506,255368,UNKNOWN,UNKNOWN,UNKNOWN COUNTRY,PORT KELANG,CHINA (MAINLAND)
2020,470200,ROYAL GOLDEN EAGLE,APRIL,BUATAN,RIAU,506,255703,UNKNOWN,UNKNOWN,UNKNOWN COUNTRY,PORT KELANG,CHINA (MAINLAND)
2020,470329,ROYAL GOLDEN EAGLE,APRIL,BUATAN,RIAU,502,154606,UNKNOWN,UNKNOWN,UNKNOWN COUNTRY,SINGAPORE,INDIA
2020,470329,ROYAL GOLDEN EAGLE,APRIL,BUATAN,RIAU,261,80153,UNKNOWN,UNKNOWN,UNKNOWN COUNTRY,SINGAPORE,INDIA
2020,470329,ROYAL GOLDEN EAGLE,APRIL,BUATAN,RIAU,100,30912,UNKNOWN,UNKNOWN,UNKNOWN COUNTRY,SINGAPORE,PAKISTAN
2020,470329,SINAR MAS,OKI,SULTAN MAHMUD BADARUDDIN (U),SUMATERA SELATAN,7000,3449017,UNKNOWN,UNKNOWN,UNKNOWN COUNTRY,QINGDAO,CHINA (MAINLAND)
2020,470329,SINAR MAS,OKI,SULTAN MAHMUD BADARUDDIN (U),SUMATERA SELATAN,3000,1478150,UNKNOWN,UNKNOWN,UNKNOWN COUNTRY,QINGDAO,CHINA (MAINLAND)
2020,470329,SINAR MAS,INDAH KIAT,SUNGAI PAKNING,RIAU,1000,541370,UNKNOWN,UNKNOWN,UNKNOWN COUNTRY,HALDIA,INDIA
2020,470329,SINAR MAS,INDAH KIAT,SUNGAI PAKNING,RIAU,3200,1732384,UNKNOWN,UNKNOWN,UNKNOWN COUNTRY,HALDIA,INDIA
2020,470329,SINAR MAS,INDAH KIAT,SUNGAI PAKNING,RIAU,1500,812055,UNKNOWN,UNKNOWN,UNKNOWN COUNTRY,HALDIA,INDIA
2020,470329,SINAR MAS,INDAH KIAT,SUNGAI PAKNING,RIAU,2500,1353425,UNKNOWN,UNKNOWN,UNKNOWN COUNTRY,HALDIA,INDIA
2020,470329,MARUBENI,TANJUNG ENIM LESTARI,TANJUNG PRIOK,SUMATERA SELATAN,54,22506,UNKNOWN,UNKNOWN,UNKNOWN COUNTRY,SHIMIZU,JAPAN
2020,470200,ROYAL GOLDEN EAGLE,APRIL,UNKNOWN,RIAU,506,255288,UNKNOWN,UNKNOWN,UNKNOWN COUNTRY,PORT KELANG,CHINA (MAINLAND)
2020,470200,ROYAL GOLDEN EAGLE,APRIL,UNKNOWN,RIAU,506,255762,UNKNOWN,UNKNOWN,UNKNOWN COUNTRY,PORT KELANG,CHINA (MAINLAND)
2020,470200,ROYAL GOLDEN EAGLE,TOBA PULP LESTARI,BELAWAN,SUMATERA UTARA,1004,574167,UNKNOWN,UNKNOWN,UNKNOWN COUNTRY,QINGDAO,CHINA (MAINLAND)
2020,470200,ROYAL GOLDEN EAGLE,APRIL,BUATAN,RIAU,507,255784,UNKNOWN,UNKNOWN,UNKNOWN COUNTRY,SINGAPORE,CHINA (MAINLAND)
2020,470200,ROYAL GOLDEN EAGLE,APRIL,BUATAN,RIAU,506,255685,UNKNOWN,UNKNOWN,UNKNOWN COUNTRY,SINGAPORE,CHINA (MAINLAND)
2020,470329,ROYAL GOLDEN EAGLE,APRIL,BUATAN,RIAU,60,18448,UNKNOWN,UNKNOWN,UNKNOWN COUNTRY,SINGAPORE,INDIA
2020,470329,ROYAL GOLDEN EAGLE,APRIL,BUATAN,RIAU,241,74291,UNKNOWN,UNKNOWN,UNKNOWN COUNTRY,SINGAPORE,INDIA
2020,470329,MARUBENI,TANJUNG ENIM LESTARI,PANJANG,SUMATERA SELATAN,1474,604979,UNKNOWN,UNKNOWN,UNKNOWN COUNTRY,WUHAN,CHINA (MAINLAND)
2020,470329,SINAR MAS,INDAH KIAT,PERAWANG,RIAU,500,239904,UNKNOWN,UNKNOWN,UNKNOWN COUNTRY,YUNFU,CHINA (MAINLAND)
2020,470329,SINAR MAS,INDAH KIAT,PERAWANG,RIAU,500,239904,UNKNOWN,UNKNOWN,UNKNOWN COUNTRY,YUNFU,CHINA (MAINLAND)
2020,470329,SINAR MAS,INDAH KIAT,PERAWANG,RIAU,500,272203,UNKNOWN,UNKNOWN,UNKNOWN COUNTRY,TUTICORIN,INDIA
2020,470329,SINAR MAS,INDAH KIAT,PERAWANG,RIAU,1000,494062,UNKNOWN,UNKNOWN,UNKNOWN COUNTRY,CAT LAI,VIETNAM
2020,470200,ROYAL GOLDEN EAGLE,TOBA PULP LESTARI,BELAWAN,SUMATERA UTARA,1004,574208,UNKNOWN,UNKNOWN,UNKNOWN COUNTRY,QINGDAO,CHINA (MAINLAND)
2020,470329,ROYAL GOLDEN EAGLE,APRIL,BUATAN,RIAU,100,30928,UNKNOWN,UNKNOWN,UNKNOWN COUNTRY,SINGAPORE,BANGLADESH
2020,470200,ROYAL GOLDEN EAGLE,APRIL,BUATAN,RIAU,506,255713,UNKNOWN,UNKNOWN,UNKNOWN COUNTRY,SINGAPORE,CHINA (MAINLAND)
2020,470329,ROYAL GOLDEN EAGLE,APRIL,BUATAN,RIAU,40,12310,UNKNOWN,UNKNOWN,UNKNOWN COUNTRY,SINGAPORE,INDIA
2020,470329,SINAR MAS,LONTAR PAPYRUS,KUALA TUNGKAL,JAMBI,502,240973,UNKNOWN,UNKNOWN,UNKNOWN COUNTRY,PIPAVAV (VICTOR) PORT,INDIA
2020,470329,SINAR MAS,LONTAR PAPYRUS,KUALA TUNGKAL,JAMBI,501,240368,UNKNOWN,UNKNOWN,UNKNOWN COUNTRY,PIPAVAV (VICTOR) PORT,INDIA
2020,470329,SINAR MAS,LONTAR PAPYRUS,KUALA TUNGKAL,JAMBI,502,240875,UNKNOWN,UNKNOWN,UNKNOWN COUNTRY,PIPAVAV (VICTOR) PORT,INDIA
2020,470329,SINAR MAS,LONTAR PAPYRUS,KUALA TUNGKAL,JAMBI,500,240186,UNKNOWN,UNKNOWN,UNKNOWN COUNTRY,PIPAVAV (VICTOR) PORT,INDIA
2020,470329,SINAR MAS,LONTAR PAPYRUS,KUALA TUNGKAL,JAMBI,501,240677,UNKNOWN,UNKNOWN,UNKNOWN COUNTRY,PIPAVAV (VICTOR) PORT,INDIA
2020,470329,SINAR MAS,LONTAR PAPYRUS,KUALA TUNGKAL,JAMBI,503,241265,UNKNOWN,UNKNOWN,UNKNOWN COUNTRY,PIPAVAV (VICTOR) PORT,INDIA
2020,470329,MARUBENI,TANJUNG ENIM LESTARI,PANJANG,SUMATERA SELATAN,508,203931,UNKNOWN,UNKNOWN,UNKNOWN COUNTRY,JAWAHARLAL NEHRU (NHAVA SHEVA),INDIA
2020,470329,MARUBENI,TANJUNG ENIM LESTARI,PANJANG,SUMATERA SELATAN,105,43326,UNKNOWN,UNKNOWN,UNKNOWN COUNTRY,JAWAHARLAL NEHRU (NHAVA SHEVA),INDIA
2020,470329,MARUBENI,TANJUNG ENIM LESTARI,PANJANG,SUMATERA SELATAN,105,46054,UNKNOWN,UNKNOWN,UNKNOWN COUNTRY,MUNDRA,INDIA
2020,470329,MARUBENI,TANJUNG ENIM LESTARI,PANJANG,SUMATERA SELATAN,191,80697,UNKNOWN,UNKNOWN,UNKNOWN COUNTRY,TOMAKOMAI,JAPAN
2020,470329,ROYAL GOLDEN EAGLE,APRIL,UNKNOWN,RIAU,1004,309210,UNKNOWN,UNKNOWN,UNKNOWN COUNTRY,PORT KELANG,CHINA (MAINLAND)
2020,470329,ROYAL GOLDEN EAGLE,APRIL,UNKNOWN,RIAU,6026,1855994,UNKNOWN,UNKNOWN,UNKNOWN COUNTRY,KAKINADA,INDIA
2020,470329,ROYAL GOLDEN EAGLE,APRIL,BUATAN,RIAU,502,154565,UNKNOWN,UNKNOWN,UNKNOWN COUNTRY,SINGAPORE,BANGLADESH
2020,470200,ROYAL GOLDEN EAGLE,APRIL,BUATAN,RIAU,506,207395,UNKNOWN,UNKNOWN,UNKNOWN COUNTRY,SINGAPORE,CHINA (MAINLAND)
2020,470200,ROYAL GOLDEN EAGLE,APRIL,BUATAN,RIAU,506,255434,UNKNOWN,UNKNOWN,UNKNOWN COUNTRY,SINGAPORE,CHINA (MAINLAND)
2020,470329,ROYAL GOLDEN EAGLE,APRIL,BUATAN,RIAU,1004,309310,UNKNOWN,UNKNOWN,UNKNOWN COUNTRY,SINGAPORE,CHINA (MAINLAND)
2020,470329,ROYAL GOLDEN EAGLE,APRIL,BUATAN,RIAU,201,61870,UNKNOWN,UNKNOWN,UNKNOWN COUNTRY,SINGAPORE,CHINA (MAINLAND)
2020,470329,SINAR MAS,INDAH KIAT,PERAWANG,RIAU,1012,507471,UNKNOWN,UNKNOWN,UNKNOWN COUNTRY,DALIAN,CHINA (MAINLAND)
2020,470329,SINAR MAS,INDAH KIAT,PERAWANG,RIAU,500,241753,UNKNOWN,UNKNOWN,UNKNOWN COUNTRY,XINHUI,CHINA (MAINLAND)
2020,470329,SINAR MAS,INDAH KIAT,PERAWANG,RIAU,500,249700,UNKNOWN,UNKNOWN,UNKNOWN COUNTRY,EL ISKANDARIYA (=ALEXANDRIA),EGYPT
2020,470329,SINAR MAS,INDAH KIAT,PERAWANG,RIAU,300,151339,UNKNOWN,UNKNOWN,UNKNOWN COUNTRY,TAICHUNG,TAIWAN
2020,470200,ROYAL GOLDEN EAGLE,APRIL,UNKNOWN,RIAU,507,255953,UNKNOWN,UNKNOWN,UNKNOWN COUNTRY,PORT KELANG,CHINA (MAINLAND)
2020,470200,ROYAL GOLDEN EAGLE,APRIL,UNKNOWN,RIAU,506,255674,UNKNOWN,UNKNOWN,UNKNOWN COUNTRY,PORT KELANG,CHINA (MAINLAND)
2020,470200,ROYAL GOLDEN EAGLE,APRIL,UNKNOWN,RIAU,505,255091,UNKNOWN,UNKNOWN,UNKNOWN COUNTRY,PORT KELANG,CHINA (MAINLAND)
2020,470200,ROYAL GOLDEN EAGLE,APRIL,UNKNOWN,RIAU,264,133081,UNKNOWN,UNKNOWN,UNKNOWN COUNTRY,PORT KELANG,CHINA (MAINLAND)
2020,470329,ROYAL GOLDEN EAGLE,APRIL,BUATAN,RIAU,502,154666,UNKNOWN,UNKNOWN,UNKNOWN COUNTRY,SINGAPORE,BANGLADESH
2020,470200,ROYAL GOLDEN EAGLE,APRIL,BUATAN,RIAU,506,207635,UNKNOWN,UNKNOWN,UNKNOWN COUNTRY,SINGAPORE,CHINA (MAINLAND)
2020,470329,ROYAL GOLDEN EAGLE,APRIL,BUATAN,RIAU,1004,309208,UNKNOWN,UNKNOWN,UNKNOWN COUNTRY,SINGAPORE,CHINA (MAINLAND)
2020,470329,ROYAL GOLDEN EAGLE,APRIL,BUATAN,RIAU,201,61887,UNKNOWN,UNKNOWN,UNKNOWN COUNTRY,SINGAPORE,THAILAND
2020,470200,ROYAL GOLDEN EAGLE,APRIL,UNKNOWN,RIAU,506,255667,UNKNOWN,UNKNOWN,UNKNOWN COUNTRY,PORT KELANG,CHINA (MAINLAND)
2020,470200,ROYAL GOLDEN EAGLE,APRIL,UNKNOWN,RIAU,506,255652,UNKNOWN,UNKNOWN,UNKNOWN COUNTRY,PORT KELANG,CHINA (MAINLAND)
2020,470200,ROYAL GOLDEN EAGLE,APRIL,UNKNOWN,RIAU,243,122808,UNKNOWN,UNKNOWN,UNKNOWN COUNTRY,PORT KELANG,CHINA (MAINLAND)
2020,470329,ROYAL GOLDEN EAGLE,APRIL,BUATAN,RIAU,502,154624,UNKNOWN,UNKNOWN,UNKNOWN COUNTRY,SINGAPORE,BANGLADESH
2020,470329,ROYAL GOLDEN EAGLE,APRIL,BUATAN,RIAU,502,154588,UNKNOWN,UNKNOWN,UNKNOWN COUNTRY,SINGAPORE,CHINA (MAINLAND)
2020,470329,ROYAL GOLDEN EAGLE,APRIL,BUATAN,RIAU,100,30815,UNKNOWN,UNKNOWN,UNKNOWN COUNTRY,SINGAPORE,INDIA
2020,470329,ROYAL GOLDEN EAGLE,APRIL,BUATAN,RIAU,502,154080,UNKNOWN,UNKNOWN,UNKNOWN COUNTRY,SINGAPORE,INDIA
2020,470329,SINAR MAS,LONTAR PAPYRUS,KUALA TUNGKAL,JAMBI,502,269182,UNKNOWN,UNKNOWN,UNKNOWN COUNTRY,CHITTAGONG,BANGLADESH
2020,470329,SINAR MAS,LONTAR PAPYRUS,KUALA TUNGKAL,JAMBI,502,244487,UNKNOWN,UNKNOWN,UNKNOWN COUNTRY,CHITTAGONG,BANGLADESH
2020,470329,SINAR MAS,LONTAR PAPYRUS,KUALA TUNGKAL,JAMBI,503,221307,UNKNOWN,UNKNOWN,UNKNOWN COUNTRY,HAZIRA,INDIA
2020,470329,SINAR MAS,LONTAR PAPYRUS,KUALA TUNGKAL,JAMBI,502,220895,UNKNOWN,UNKNOWN,UNKNOWN COUNTRY,HAZIRA,INDIA
2020,470329,SINAR MAS,OKI,SULTAN MAHMUD BADARUDDIN (U),SUMATERA SELATAN,2300,1246600,UNKNOWN,UNKNOWN,UNKNOWN COUNTRY,CHANGSHU,CHINA (MAINLAND)
2020,470329,SINAR MAS,OKI,SULTAN MAHMUD BADARUDDIN (U),SUMATERA SELATAN,2000,1084000,UNKNOWN,UNKNOWN,UNKNOWN COUNTRY,CHANGSHU,CHINA (MAINLAND)
2020,470329,SINAR MAS,OKI,SULTAN MAHMUD BADARUDDIN (U),SUMATERA SELATAN,3000,1626000,UNKNOWN,UNKNOWN,UNKNOWN COUNTRY,CHANGSHU,CHINA (MAINLAND)
2020,470329,MARUBENI,TANJUNG ENIM LESTARI,TANJUNG PRIOK,SUMATERA SELATAN,994,404690,UNKNOWN,UNKNOWN,UNKNOWN COUNTRY,NINGBO,CHINA (MAINLAND)
2020,470329,MARUBENI,TANJUNG ENIM LESTARI,TANJUNG PRIOK,SUMATERA SELATAN,19,8198,UNKNOWN,UNKNOWN,UNKNOWN COUNTRY,OSAKA,JAPAN
2020,470329,MARUBENI,TANJUNG ENIM LESTARI,TANJUNG PRIOK,SUMATERA SELATAN,305,128029,UNKNOWN,UNKNOWN,UNKNOWN COUNTRY,SHIMIZU,JAPAN
2020,470329,MARUBENI,TANJUNG ENIM LESTARI,TANJUNG PRIOK,SUMATERA SELATAN,305,127759,UNKNOWN,UNKNOWN,UNKNOWN COUNTRY,SHIMIZU,JAPAN
2020,470329,MARUBENI,TANJUNG ENIM LESTARI,TANJUNG PRIOK,SUMATERA SELATAN,596,249900,UNKNOWN,UNKNOWN,UNKNOWN COUNTRY,SHIMIZU,JAPAN
2020,470200,ROYAL GOLDEN EAGLE,APRIL,BUATAN,RIAU,507,256005,UNKNOWN,UNKNOWN,UNKNOWN COUNTRY,PORT KELANG,CHINA (MAINLAND)
2020,470200,ROYAL GOLDEN EAGLE,APRIL,BUATAN,RIAU,506,255406,UNKNOWN,UNKNOWN,UNKNOWN COUNTRY,PORT KELANG,CHINA (MAINLAND)
2020,470200,ROYAL GOLDEN EAGLE,APRIL,BUATAN,RIAU,506,255302,UNKNOWN,UNKNOWN,UNKNOWN COUNTRY,PORT KELANG,CHINA (MAINLAND)
2020,470200,ROYAL GOLDEN EAGLE,APRIL,BUATAN,RIAU,505,255221,UNKNOWN,UNKNOWN,UNKNOWN COUNTRY,PORT KELANG,CHINA (MAINLAND)
2020,470329,ROYAL GOLDEN EAGLE,APRIL,BUATAN,RIAU,1004,309354,UNKNOWN,UNKNOWN,UNKNOWN COUNTRY,SINGAPORE,CHINA (MAINLAND)
2020,470329,ROYAL GOLDEN EAGLE,APRIL,BUATAN,RIAU,502,154192,UNKNOWN,UNKNOWN,UNKNOWN COUNTRY,SINGAPORE,INDIA
2020,470329,ROYAL GOLDEN EAGLE,APRIL,BUATAN,RIAU,140,43230,UNKNOWN,UNKNOWN,UNKNOWN COUNTRY,SINGAPORE,INDIA
2020,470329,SINAR MAS,LONTAR PAPYRUS,KUALA TUNGKAL,JAMBI,301,149076,UNKNOWN,UNKNOWN,UNKNOWN COUNTRY,MANILA SOUTH HARBOUR,PHILIPPINES
2020,470329,SINAR MAS,INDAH KIAT,PERAWANG,RIAU,500,251972,UNKNOWN,UNKNOWN,UNKNOWN COUNTRY,CHONGQING,CHINA (MAINLAND)
2020,470329,SINAR MAS,INDAH KIAT,PERAWANG,RIAU,990,496232,UNKNOWN,UNKNOWN,UNKNOWN COUNTRY,ZHANJIANG,CHINA (MAINLAND)
2020,470329,SINAR MAS,INDAH KIAT,PERAWANG,RIAU,1012,499925,UNKNOWN,UNKNOWN,UNKNOWN COUNTRY,ZHANJIANG,CHINA (MAINLAND)
2020,470329,SINAR MAS,OKI,SULTAN MAHMUD BADARUDDIN (U),SUMATERA SELATAN,3000,1485000,UNKNOWN,UNKNOWN,UNKNOWN COUNTRY,CHANGSHU,CHINA (MAINLAND)
2020,470329,SINAR MAS,OKI,SULTAN MAHMUD BADARUDDIN (U),SUMATERA SELATAN,3500,1732500,UNKNOWN,UNKNOWN,UNKNOWN COUNTRY,CHANGSHU,CHINA (MAINLAND)
2020,470329,SINAR MAS,OKI,SULTAN MAHMUD BADARUDDIN (U),SUMATERA SELATAN,3000,1485000,UNKNOWN,UNKNOWN,UNKNOWN COUNTRY,ZHENJIANG,CHINA (MAINLAND)
2020,470329,SINAR MAS,OKI,SULTAN MAHMUD BADARUDDIN (U),SUMATERA SELATAN,7000,3458000,UNKNOWN,UNKNOWN,UNKNOWN COUNTRY,ZHENJIANG,CHINA (MAINLAND)
2020,470329,SINAR MAS,OKI,SULTAN MAHMUD BADARUDDIN (U),SUMATERA SELATAN,6900,3415500,UNKNOWN,UNKNOWN,UNKNOWN COUNTRY,ZHENJIANG,CHINA (MAINLAND)
2020,470329,SINAR MAS,INDAH KIAT,SUNGAI PAKNING,RIAU,7200,3546000,UNKNOWN,UNKNOWN,UNKNOWN COUNTRY,NINGBO,CHINA (MAINLAND)
2020,470329,SINAR MAS,INDAH KIAT,SUNGAI PAKNING,RIAU,2000,978437,UNKNOWN,UNKNOWN,UNKNOWN COUNTRY,QINGDAO,CHINA (MAINLAND)
2020,470329,SINAR MAS,INDAH KIAT,SUNGAI PAKNING,RIAU,1000,462233,UNKNOWN,UNKNOWN,UNKNOWN COUNTRY,QINGDAO,CHINA (MAINLAND)
2020,470200,ROYAL GOLDEN EAGLE,APRIL,BUATAN,RIAU,506,255459,UNKNOWN,UNKNOWN,UNKNOWN COUNTRY,PORT KELANG,CHINA (MAINLAND)
2020,470329,ROYAL GOLDEN EAGLE,APRIL,BUATAN,RIAU,40,12395,UNKNOWN,UNKNOWN,UNKNOWN COUNTRY,SINGAPORE,INDIA
2020,470329,ROYAL GOLDEN EAGLE,APRIL,BUATAN,RIAU,201,61961,UNKNOWN,UNKNOWN,UNKNOWN COUNTRY,SINGAPORE,INDIA
2020,470329,ROYAL GOLDEN EAGLE,APRIL,BUATAN,RIAU,903,278257,UNKNOWN,UNKNOWN,UNKNOWN COUNTRY,SINGAPORE,VIETNAM
2020,470329,MARUBENI,TANJUNG ENIM LESTARI,PANJANG,SUMATERA SELATAN,107,42654,UNKNOWN,UNKNOWN,UNKNOWN COUNTRY,PIPAVAV (VICTOR) PORT,INDIA
2020,470329,MARUBENI,TANJUNG ENIM LESTARI,PANJANG,SUMATERA SELATAN,336,145010,UNKNOWN,UNKNOWN,UNKNOWN COUNTRY,TAURANGA,NEW ZEALAND
2020,470329,MARUBENI,TANJUNG ENIM LESTARI,PANJANG,SUMATERA SELATAN,296,121865,UNKNOWN,UNKNOWN,UNKNOWN COUNTRY,LAEM CHABANG,THAILAND
2020,470329,MARUBENI,TANJUNG ENIM LESTARI,PANJANG,SUMATERA SELATAN,505,207934,UNKNOWN,UNKNOWN,UNKNOWN COUNTRY,LAEM CHABANG,THAILAND
2020,470329,MARUBENI,TANJUNG ENIM LESTARI,PANJANG,SUMATERA SELATAN,292,120529,UNKNOWN,UNKNOWN,UNKNOWN COUNTRY,CAT LAI,VIETNAM
2020,470329,SINAR MAS,OKI,SULTAN MAHMUD BADARUDDIN (U),SUMATERA SELATAN,2450,1207850,UNKNOWN,UNKNOWN,UNKNOWN COUNTRY,CHANGSHU,CHINA (MAINLAND)
2020,470329,SINAR MAS,OKI,SULTAN MAHMUD BADARUDDIN (U),SUMATERA SELATAN,1000,493000,UNKNOWN,UNKNOWN,UNKNOWN COUNTRY,CHANGSHU,CHINA (MAINLAND)
2020,470329,SINAR MAS,OKI,SULTAN MAHMUD BADARUDDIN (U),SUMATERA SELATAN,2960,1459280,UNKNOWN,UNKNOWN,UNKNOWN COUNTRY,CHANGSHU,CHINA (MAINLAND)
2020,470329,SINAR MAS,OKI,SULTAN MAHMUD BADARUDDIN (U),SUMATERA SELATAN,1250,616250,UNKNOWN,UNKNOWN,UNKNOWN COUNTRY,CHANGSHU,CHINA (MAINLAND)
2020,470329,SINAR MAS,OKI,SULTAN MAHMUD BADARUDDIN (U),SUMATERA SELATAN,2300,1133900,UNKNOWN,UNKNOWN,UNKNOWN COUNTRY,CHANGSHU,CHINA (MAINLAND)
2020,470329,SINAR MAS,OKI,SULTAN MAHMUD BADARUDDIN (U),SUMATERA SELATAN,2000,982000,UNKNOWN,UNKNOWN,UNKNOWN COUNTRY,QINZHOU,CHINA (MAINLAND)
2020,470200,ROYAL GOLDEN EAGLE,APRIL,UNKNOWN,RIAU,506,255463,UNKNOWN,UNKNOWN,UNKNOWN COUNTRY,PORT KELANG,CHINA (MAINLAND)
2020,470200,ROYAL GOLDEN EAGLE,APRIL,UNKNOWN,RIAU,506,255458,UNKNOWN,UNKNOWN,UNKNOWN COUNTRY,PORT KELANG,CHINA (MAINLAND)
2020,470200,ROYAL GOLDEN EAGLE,APRIL,UNKNOWN,RIAU,506,255498,UNKNOWN,UNKNOWN,UNKNOWN COUNTRY,PORT KELANG,CHINA (MAINLAND)
2020,470200,ROYAL GOLDEN EAGLE,APRIL,UNKNOWN,RIAU,506,255675,UNKNOWN,UNKNOWN,UNKNOWN COUNTRY,PORT KELANG,CHINA (MAINLAND)
2020,470200,ROYAL GOLDEN EAGLE,APRIL,UNKNOWN,RIAU,507,255830,UNKNOWN,UNKNOWN,UNKNOWN COUNTRY,PORT KELANG,CHINA (MAINLAND)
2020,470200,ROYAL GOLDEN EAGLE,APRIL,BUATAN,RIAU,506,255548,UNKNOWN,UNKNOWN,UNKNOWN COUNTRY,PORT KELANG,CHINA (MAINLAND)
2020,470200,ROYAL GOLDEN EAGLE,APRIL,BUATAN,RIAU,506,255659,UNKNOWN,UNKNOWN,UNKNOWN COUNTRY,PORT KELANG,CHINA (MAINLAND)
2020,470200,ROYAL GOLDEN EAGLE,APRIL,BUATAN,RIAU,506,255297,UNKNOWN,UNKNOWN,UNKNOWN COUNTRY,SINGAPORE,CHINA (MAINLAND)
2020,470200,ROYAL GOLDEN EAGLE,APRIL,BUATAN,RIAU,506,255350,UNKNOWN,UNKNOWN,UNKNOWN COUNTRY,SINGAPORE,CHINA (MAINLAND)
2020,470329,SINAR MAS,INDAH KIAT,PERAWANG,RIAU,770,384746,UNKNOWN,UNKNOWN,UNKNOWN COUNTRY,DALIAN,CHINA (MAINLAND)
2020,470329,SINAR MAS,OKI,SULTAN MAHMUD BADARUDDIN (U),SUMATERA SELATAN,4980,2465100,UNKNOWN,UNKNOWN,UNKNOWN COUNTRY,NINGBO,CHINA (MAINLAND)
2020,470329,SINAR MAS,OKI,SULTAN MAHMUD BADARUDDIN (U),SUMATERA SELATAN,2636,1304820,UNKNOWN,UNKNOWN,UNKNOWN COUNTRY,NINGBO,CHINA (MAINLAND)
2020,470329,SINAR MAS,OKI,SULTAN MAHMUD BADARUDDIN (U),SUMATERA SELATAN,2264,1120680,UNKNOWN,UNKNOWN,UNKNOWN COUNTRY,NINGBO,CHINA (MAINLAND)
2020,470329,SINAR MAS,OKI,SULTAN MAHMUD BADARUDDIN (U),SUMATERA SELATAN,2000,990000,UNKNOWN,UNKNOWN,UNKNOWN COUNTRY,NINGBO,CHINA (MAINLAND)
2020,470200,ROYAL GOLDEN EAGLE,APRIL,UNKNOWN,RIAU,506,255677,UNKNOWN,UNKNOWN,UNKNOWN COUNTRY,PORT KELANG,CHINA (MAINLAND)
2020,470200,ROYAL GOLDEN EAGLE,APRIL,UNKNOWN,RIAU,506,255639,UNKNOWN,UNKNOWN,UNKNOWN COUNTRY,PORT KELANG,CHINA (MAINLAND)
2020,470200,ROYAL GOLDEN EAGLE,APRIL,UNKNOWN,RIAU,506,255712,UNKNOWN,UNKNOWN,UNKNOWN COUNTRY,PORT KELANG,CHINA (MAINLAND)
2020,470329,ROYAL GOLDEN EAGLE,APRIL,BUATAN,RIAU,502,154636,UNKNOWN,UNKNOWN,UNKNOWN COUNTRY,SINGAPORE,BANGLADESH
2020,470200,ROYAL GOLDEN EAGLE,APRIL,BUATAN,RIAU,506,255621,UNKNOWN,UNKNOWN,UNKNOWN COUNTRY,PORT KELANG,CHINA (MAINLAND)
2020,470200,ROYAL GOLDEN EAGLE,APRIL,BUATAN,RIAU,506,255291,UNKNOWN,UNKNOWN,UNKNOWN COUNTRY,SINGAPORE,CHINA (MAINLAND)
2020,470329,ROYAL GOLDEN EAGLE,APRIL,BUATAN,RIAU,60,18535,UNKNOWN,UNKNOWN,UNKNOWN COUNTRY,SINGAPORE,INDIA
2020,470329,ROYAL GOLDEN EAGLE,APRIL,BUATAN,RIAU,100,30920,UNKNOWN,UNKNOWN,UNKNOWN COUNTRY,SINGAPORE,INDIA
2020,470329,SINAR MAS,OKI,SULTAN MAHMUD BADARUDDIN (U),SUMATERA SELATAN,2625,1422750,UNKNOWN,UNKNOWN,UNKNOWN COUNTRY,CHANGSHU,CHINA (MAINLAND)
2020,470329,SINAR MAS,OKI,SULTAN MAHMUD BADARUDDIN (U),SUMATERA SELATAN,775,420050,UNKNOWN,UNKNOWN,UNKNOWN COUNTRY,CHANGSHU,CHINA (MAINLAND)
2020,470329,SINAR MAS,OKI,SULTAN MAHMUD BADARUDDIN (U),SUMATERA SELATAN,3150,1559250,UNKNOWN,UNKNOWN,UNKNOWN COUNTRY,CHANGSHU,CHINA (MAINLAND)
2020,470329,SINAR MAS,OKI,SULTAN MAHMUD BADARUDDIN (U),SUMATERA SELATAN,1000,495000,UNKNOWN,UNKNOWN,UNKNOWN COUNTRY,CHANGSHU,CHINA (MAINLAND)
2020,470329,SINAR MAS,OKI,SULTAN MAHMUD BADARUDDIN (U),SUMATERA SELATAN,3450,1707750,UNKNOWN,UNKNOWN,UNKNOWN COUNTRY,CHANGSHU,CHINA (MAINLAND)
2020,470329,SINAR MAS,OKI,SULTAN MAHMUD BADARUDDIN (U),SUMATERA SELATAN,2700,1336500,UNKNOWN,UNKNOWN,UNKNOWN COUNTRY,CHANGSHU,CHINA (MAINLAND)
2020,470329,SINAR MAS,INDAH KIAT,SUNGAI PAKNING,RIAU,8500,4207079,UNKNOWN,UNKNOWN,UNKNOWN COUNTRY,CHONGQING,CHINA (MAINLAND)
2020,470329,SINAR MAS,INDAH KIAT,SUNGAI PAKNING,RIAU,1700,839730,UNKNOWN,UNKNOWN,UNKNOWN COUNTRY,JIANGSI,CHINA (MAINLAND)
2020,470329,SINAR MAS,INDAH KIAT,SUNGAI PAKNING,RIAU,2900,1424973,UNKNOWN,UNKNOWN,UNKNOWN COUNTRY,HALDIA,INDIA
2020,470329,SINAR MAS,INDAH KIAT,SUNGAI PAKNING,RIAU,5300,2869261,UNKNOWN,UNKNOWN,UNKNOWN COUNTRY,HALDIA,INDIA
2020,470329,ROYAL GOLDEN EAGLE,APRIL,UNKNOWN,RIAU,2843,875753,UNKNOWN,UNKNOWN,UNKNOWN COUNTRY,CHANGSHU,CHINA (MAINLAND)
2020,470329,ROYAL GOLDEN EAGLE,APRIL,UNKNOWN,RIAU,5444,1676756,UNKNOWN,UNKNOWN,UNKNOWN COUNTRY,NINGBO,CHINA (MAINLAND)
2020,470200,ROYAL GOLDEN EAGLE,APRIL,UNKNOWN,RIAU,506,255360,UNKNOWN,UNKNOWN,UNKNOWN COUNTRY,PORT KELANG,CHINA (MAINLAND)
2020,470200,ROYAL GOLDEN EAGLE,APRIL,UNKNOWN,RIAU,506,255382,UNKNOWN,UNKNOWN,UNKNOWN COUNTRY,PORT KELANG,CHINA (MAINLAND)
2020,470329,ROYAL GOLDEN EAGLE,APRIL,UNKNOWN,RIAU,1003,308978,UNKNOWN,UNKNOWN,UNKNOWN COUNTRY,PORT KELANG,CHINA (MAINLAND)
2020,470329,ROYAL GOLDEN EAGLE,APRIL,UNKNOWN,RIAU,2362,727474,UNKNOWN,UNKNOWN,UNKNOWN COUNTRY,IYOMISHIMA,JAPAN
2020,470329,ROYAL GOLDEN EAGLE,APRIL,BUATAN,RIAU,503,154805,UNKNOWN,UNKNOWN,UNKNOWN COUNTRY,SINGAPORE,BANGLADESH
2020,470329,ROYAL GOLDEN EAGLE,APRIL,BUATAN,RIAU,1004,309146,UNKNOWN,UNKNOWN,UNKNOWN COUNTRY,SINGAPORE,CHINA (MAINLAND)
2020,470329,ROYAL GOLDEN EAGLE,APRIL,BUATAN,RIAU,96,29661,UNKNOWN,UNKNOWN,UNKNOWN COUNTRY,SINGAPORE,TAIWAN
2020,470329,ROYAL GOLDEN EAGLE,APRIL,BUATAN,RIAU,100,30899,UNKNOWN,UNKNOWN,UNKNOWN COUNTRY,SINGAPORE,VIETNAM
2020,470329,SINAR MAS,INDAH KIAT,PERAWANG,RIAU,1012,501239,UNKNOWN,UNKNOWN,UNKNOWN COUNTRY,DALIAN,CHINA (MAINLAND)
2020,470329,SINAR MAS,INDAH KIAT,PERAWANG,RIAU,520,283091,UNKNOWN,UNKNOWN,UNKNOWN COUNTRY,TUTICORIN,INDIA
2020,470329,SINAR MAS,INDAH KIAT,PERAWANG,RIAU,1000,492038,UNKNOWN,UNKNOWN,UNKNOWN COUNTRY,HAIPHONG,VIETNAM
2020,470329,SINAR MAS,OKI,SULTAN MAHMUD BADARUDDIN (U),SUMATERA SELATAN,7500,3600000,UNKNOWN,UNKNOWN,UNKNOWN COUNTRY,CHITTAGONG,BANGLADESH
2020,470329,SINAR MAS,OKI,SULTAN MAHMUD BADARUDDIN (U),SUMATERA SELATAN,500,240000,UNKNOWN,UNKNOWN,UNKNOWN COUNTRY,CHITTAGONG,BANGLADESH
2020,470329,SINAR MAS,OKI,SULTAN MAHMUD BADARUDDIN (U),SUMATERA SELATAN,2500,1351250,UNKNOWN,UNKNOWN,UNKNOWN COUNTRY,CHANGSHU,CHINA (MAINLAND)
2020,470329,SINAR MAS,OKI,SULTAN MAHMUD BADARUDDIN (U),SUMATERA SELATAN,480,236880,UNKNOWN,UNKNOWN,UNKNOWN COUNTRY,CHANGSHU,CHINA (MAINLAND)
2020,470329,SINAR MAS,OKI,SULTAN MAHMUD BADARUDDIN (U),SUMATERA SELATAN,4400,2171400,UNKNOWN,UNKNOWN,UNKNOWN COUNTRY,ZHENJIANG,CHINA (MAINLAND)
2020,470329,SINAR MAS,OKI,SULTAN MAHMUD BADARUDDIN (U),SUMATERA SELATAN,3000,1480500,UNKNOWN,UNKNOWN,UNKNOWN COUNTRY,ZHENJIANG,CHINA (MAINLAND)
2020,470329,MARUBENI,TANJUNG ENIM LESTARI,TANJUNG PRIOK,SUMATERA SELATAN,922,358915,UNKNOWN,UNKNOWN,UNKNOWN COUNTRY,HAIPHONG,VIETNAM
2020,470200,ROYAL GOLDEN EAGLE,APRIL,UNKNOWN,RIAU,506,255697,UNKNOWN,UNKNOWN,UNKNOWN COUNTRY,PORT KELANG,CHINA (MAINLAND)
2020,470200,ROYAL GOLDEN EAGLE,APRIL,UNKNOWN,RIAU,506,255647,UNKNOWN,UNKNOWN,UNKNOWN COUNTRY,PORT KELANG,CHINA (MAINLAND)
2020,470200,ROYAL GOLDEN EAGLE,APRIL,BUATAN,RIAU,506,255518,UNKNOWN,UNKNOWN,UNKNOWN COUNTRY,SINGAPORE,CHINA (MAINLAND)
2020,470200,ROYAL GOLDEN EAGLE,APRIL,BUATAN,RIAU,506,255623,UNKNOWN,UNKNOWN,UNKNOWN COUNTRY,SINGAPORE,CHINA (MAINLAND)
2020,470200,ROYAL GOLDEN EAGLE,APRIL,BUATAN,RIAU,506,255613,UNKNOWN,UNKNOWN,UNKNOWN COUNTRY,SINGAPORE,CHINA (MAINLAND)
2020,470329,ROYAL GOLDEN EAGLE,APRIL,BUATAN,RIAU,1004,309293,UNKNOWN,UNKNOWN,UNKNOWN COUNTRY,SINGAPORE,CHINA (MAINLAND)
2020,470329,ROYAL GOLDEN EAGLE,APRIL,BUATAN,RIAU,101,31021,UNKNOWN,UNKNOWN,UNKNOWN COUNTRY,SINGAPORE,INDIA
2020,470329,ROYAL GOLDEN EAGLE,APRIL,BUATAN,RIAU,502,154549,UNKNOWN,UNKNOWN,UNKNOWN COUNTRY,SINGAPORE,INDIA
2020,470200,ROYAL GOLDEN EAGLE,APRIL,UNKNOWN,RIAU,506,255700,UNKNOWN,UNKNOWN,UNKNOWN COUNTRY,PORT KELANG,CHINA (MAINLAND)
2020,470200,ROYAL GOLDEN EAGLE,APRIL,UNKNOWN,RIAU,506,255613,UNKNOWN,UNKNOWN,UNKNOWN COUNTRY,PORT KELANG,CHINA (MAINLAND)
2020,470329,ROYAL GOLDEN EAGLE,APRIL,BUATAN,RIAU,502,154568,UNKNOWN,UNKNOWN,UNKNOWN COUNTRY,SINGAPORE,BANGLADESH
2020,470200,ROYAL GOLDEN EAGLE,APRIL,BUATAN,RIAU,506,255530,UNKNOWN,UNKNOWN,UNKNOWN COUNTRY,SINGAPORE,CHINA (MAINLAND)
2020,470200,ROYAL GOLDEN EAGLE,APRIL,BUATAN,RIAU,506,255282,UNKNOWN,UNKNOWN,UNKNOWN COUNTRY,SINGAPORE,CHINA (MAINLAND)
2020,470200,ROYAL GOLDEN EAGLE,APRIL,BUATAN,RIAU,505,255103,UNKNOWN,UNKNOWN,UNKNOWN COUNTRY,SINGAPORE,CHINA (MAINLAND)
2020,470329,ROYAL GOLDEN EAGLE,APRIL,BUATAN,RIAU,101,30899,UNKNOWN,UNKNOWN,UNKNOWN COUNTRY,SINGAPORE,INDIA
2020,470329,ROYAL GOLDEN EAGLE,APRIL,BUATAN,RIAU,502,154681,UNKNOWN,UNKNOWN,UNKNOWN COUNTRY,SINGAPORE,VIETNAM
2020,470329,SINAR MAS,LONTAR PAPYRUS,KUALA TUNGKAL,JAMBI,502,244243,UNKNOWN,UNKNOWN,UNKNOWN COUNTRY,CHITTAGONG,BANGLADESH
2020,470329,SINAR MAS,LONTAR PAPYRUS,KUALA TUNGKAL,JAMBI,502,244350,UNKNOWN,UNKNOWN,UNKNOWN COUNTRY,CHITTAGONG,BANGLADESH
2020,470329,SINAR MAS,LONTAR PAPYRUS,KUALA TUNGKAL,JAMBI,803,390706,UNKNOWN,UNKNOWN,UNKNOWN COUNTRY,CHITTAGONG,BANGLADESH
2020,470329,SINAR MAS,LONTAR PAPYRUS,KUALA TUNGKAL,JAMBI,1004,505360,UNKNOWN,UNKNOWN,UNKNOWN COUNTRY,ZHANJIANG,CHINA (MAINLAND)
2020,470329,SINAR MAS,LONTAR PAPYRUS,KUALA TUNGKAL,JAMBI,1004,505545,UNKNOWN,UNKNOWN,UNKNOWN COUNTRY,ZHANJIANG,CHINA (MAINLAND)
2020,470329,SINAR MAS,INDAH KIAT,PERAWANG,RIAU,1012,501239,UNKNOWN,UNKNOWN,UNKNOWN COUNTRY,DALIAN,CHINA (MAINLAND)
2020,470329,SINAR MAS,INDAH KIAT,SUNGAI PAKNING,RIAU,4000,1980000,UNKNOWN,UNKNOWN,UNKNOWN COUNTRY,DAGANG,CHINA (MAINLAND)
2020,470329,SINAR MAS,INDAH KIAT,SUNGAI PAKNING,RIAU,4000,1980000,UNKNOWN,UNKNOWN,UNKNOWN COUNTRY,DAGANG,CHINA (MAINLAND)
2020,470329,SINAR MAS,INDAH KIAT,SUNGAI PAKNING,RIAU,200,99000,UNKNOWN,UNKNOWN,UNKNOWN COUNTRY,DAGANG,CHINA (MAINLAND)
2020,470329,SINAR MAS,INDAH KIAT,SUNGAI PAKNING,RIAU,2000,990000,UNKNOWN,UNKNOWN,UNKNOWN COUNTRY,DAGANG,CHINA (MAINLAND)
2020,470329,MARUBENI,TANJUNG ENIM LESTARI,TANJUNG PRIOK,SUMATERA SELATAN,504,205032,UNKNOWN,UNKNOWN,UNKNOWN COUNTRY,NINGBO,CHINA (MAINLAND)
2020,470329,ROYAL GOLDEN EAGLE,APRIL,BUATAN,RIAU,503,154933,UNKNOWN,UNKNOWN,UNKNOWN COUNTRY,SINGAPORE,BANGLADESH
2020,470329,ROYAL GOLDEN EAGLE,APRIL,BUATAN,RIAU,402,123777,UNKNOWN,UNKNOWN,UNKNOWN COUNTRY,SINGAPORE,BANGLADESH
2020,470200,ROYAL GOLDEN EAGLE,APRIL,BUATAN,RIAU,486,245472,UNKNOWN,UNKNOWN,UNKNOWN COUNTRY,SINGAPORE,CHINA (MAINLAND)
2020,470329,ROYAL GOLDEN EAGLE,APRIL,BUATAN,RIAU,261,80471,UNKNOWN,UNKNOWN,UNKNOWN COUNTRY,SINGAPORE,THAILAND
2020,470329,ROYAL GOLDEN EAGLE,APRIL,BUATAN,RIAU,301,92730,UNKNOWN,UNKNOWN,UNKNOWN COUNTRY,SINGAPORE,THAILAND
2020,470329,SINAR MAS,INDAH KIAT,PERAWANG,RIAU,500,248753,UNKNOWN,UNKNOWN,UNKNOWN COUNTRY,MELBOURNE,AUSTRALIA
2020,470329,SINAR MAS,INDAH KIAT,PERAWANG,RIAU,120,61085,UNKNOWN,UNKNOWN,UNKNOWN COUNTRY,TAICHUNG,TAIWAN
2020,470329,MARUBENI,TANJUNG ENIM LESTARI,TARAHAN,SUMATERA SELATAN,1000,391182,UNKNOWN,UNKNOWN,UNKNOWN COUNTRY,QINGDAO,CHINA (MAINLAND)
2020,470329,MARUBENI,TANJUNG ENIM LESTARI,TARAHAN,SUMATERA SELATAN,3000,1174961,UNKNOWN,UNKNOWN,UNKNOWN COUNTRY,QINGDAO,CHINA (MAINLAND)
2020,470329,MARUBENI,TANJUNG ENIM LESTARI,TARAHAN,SUMATERA SELATAN,700,269818,UNKNOWN,UNKNOWN,UNKNOWN COUNTRY,QINGDAO,CHINA (MAINLAND)
2020,470329,MARUBENI,TANJUNG ENIM LESTARI,TARAHAN,SUMATERA SELATAN,699,269531,UNKNOWN,UNKNOWN,UNKNOWN COUNTRY,QINGDAO,CHINA (MAINLAND)
2020,470329,MARUBENI,TANJUNG ENIM LESTARI,TARAHAN,SUMATERA SELATAN,500,201111,UNKNOWN,UNKNOWN,UNKNOWN COUNTRY,PYEONGTAEK,SOUTH KOREA
2020,470329,MARUBENI,TANJUNG ENIM LESTARI,TARAHAN,SUMATERA SELATAN,1498,585535,UNKNOWN,UNKNOWN,UNKNOWN COUNTRY,PYEONGTAEK,SOUTH KOREA
2020,470329,MARUBENI,TANJUNG ENIM LESTARI,TARAHAN,SUMATERA SELATAN,300,120742,UNKNOWN,UNKNOWN,UNKNOWN COUNTRY,PYEONGTAEK,SOUTH KOREA
2020,470329,MARUBENI,TANJUNG ENIM LESTARI,TARAHAN,SUMATERA SELATAN,1000,390851,UNKNOWN,UNKNOWN,UNKNOWN COUNTRY,PYEONGTAEK,SOUTH KOREA
2020,470329,MARUBENI,TANJUNG ENIM LESTARI,TARAHAN,SUMATERA SELATAN,999,390562,UNKNOWN,UNKNOWN,UNKNOWN COUNTRY,PYEONGTAEK,SOUTH KOREA
2020,470329,MARUBENI,TANJUNG ENIM LESTARI,TARAHAN,SUMATERA SELATAN,499,194986,UNKNOWN,UNKNOWN,UNKNOWN COUNTRY,PYEONGTAEK,SOUTH KOREA
2020,470200,ROYAL GOLDEN EAGLE,TOBA PULP LESTARI,BELAWAN,SUMATERA UTARA,1004,574449,UNKNOWN,UNKNOWN,UNKNOWN COUNTRY,QINGDAO,CHINA (MAINLAND)
2020,470200,ROYAL GOLDEN EAGLE,APRIL,BUATAN,RIAU,506,255770,UNKNOWN,UNKNOWN,UNKNOWN COUNTRY,SINGAPORE,CHINA (MAINLAND)
2020,470329,ROYAL GOLDEN EAGLE,APRIL,BUATAN,RIAU,1004,309286,UNKNOWN,UNKNOWN,UNKNOWN COUNTRY,SINGAPORE,CHINA (MAINLAND)
2020,470329,ROYAL GOLDEN EAGLE,APRIL,BUATAN,RIAU,1003,308987,UNKNOWN,UNKNOWN,UNKNOWN COUNTRY,SINGAPORE,VIETNAM
2020,470329,SINAR MAS,LONTAR PAPYRUS,KUALA TUNGKAL,JAMBI,503,269880,UNKNOWN,UNKNOWN,UNKNOWN COUNTRY,CHITTAGONG,BANGLADESH
2020,470329,SINAR MAS,LONTAR PAPYRUS,KUALA TUNGKAL,JAMBI,804,391217,UNKNOWN,UNKNOWN,UNKNOWN COUNTRY,CHITTAGONG,BANGLADESH
2020,470329,SINAR MAS,LONTAR PAPYRUS,KUALA TUNGKAL,JAMBI,1004,505354,UNKNOWN,UNKNOWN,UNKNOWN COUNTRY,ZHANJIANG,CHINA (MAINLAND)
2020,470329,SINAR MAS,LONTAR PAPYRUS,KUALA TUNGKAL,JAMBI,1003,505156,UNKNOWN,UNKNOWN,UNKNOWN COUNTRY,ZHANJIANG,CHINA (MAINLAND)
2020,470329,MARUBENI,TANJUNG ENIM LESTARI,PANJANG,SUMATERA SELATAN,503,199728,UNKNOWN,UNKNOWN,UNKNOWN COUNTRY,JAWAHARLAL NEHRU (NHAVA SHEVA),INDIA
2020,470329,MARUBENI,TANJUNG ENIM LESTARI,PANJANG,SUMATERA SELATAN,363,158211,UNKNOWN,UNKNOWN,UNKNOWN COUNTRY,TAURANGA,NEW ZEALAND
2020,470329,SINAR MAS,OKI,SULTAN MAHMUD BADARUDDIN (U),SUMATERA SELATAN,10600,5257600,UNKNOWN,UNKNOWN,UNKNOWN COUNTRY,PYEONGTAEK,SOUTH KOREA
2020,470329,ROYAL GOLDEN EAGLE,APRIL,UNKNOWN,RIAU,5122,1577560,UNKNOWN,UNKNOWN,UNKNOWN COUNTRY,CHANGSHU,CHINA (MAINLAND)
2020,470329,ROYAL GOLDEN EAGLE,APRIL,UNKNOWN,RIAU,3012,927550,UNKNOWN,UNKNOWN,UNKNOWN COUNTRY,NINGBO,CHINA (MAINLAND)
2020,470200,ROYAL GOLDEN EAGLE,APRIL,UNKNOWN,RIAU,507,255833,UNKNOWN,UNKNOWN,UNKNOWN COUNTRY,PORT KELANG,CHINA (MAINLAND)
2020,470200,ROYAL GOLDEN EAGLE,APRIL,UNKNOWN,RIAU,507,255818,UNKNOWN,UNKNOWN,UNKNOWN COUNTRY,PORT KELANG,CHINA (MAINLAND)
2020,470200,ROYAL GOLDEN EAGLE,APRIL,UNKNOWN,RIAU,506,255735,UNKNOWN,UNKNOWN,UNKNOWN COUNTRY,PORT KELANG,CHINA (MAINLAND)
2020,470200,ROYAL GOLDEN EAGLE,APRIL,UNKNOWN,RIAU,506,255716,UNKNOWN,UNKNOWN,UNKNOWN COUNTRY,PORT KELANG,CHINA (MAINLAND)
2020,470200,ROYAL GOLDEN EAGLE,APRIL,UNKNOWN,RIAU,506,255602,UNKNOWN,UNKNOWN,UNKNOWN COUNTRY,PORT KELANG,CHINA (MAINLAND)
2020,470329,ROYAL GOLDEN EAGLE,APRIL,UNKNOWN,RIAU,2912,895983,UNKNOWN,UNKNOWN,UNKNOWN COUNTRY,ZHANJIANG,CHINA (MAINLAND)
2020,470200,ROYAL GOLDEN EAGLE,APRIL,BUATAN,RIAU,506,255611,UNKNOWN,UNKNOWN,UNKNOWN COUNTRY,SINGAPORE,CHINA (MAINLAND)
2020,470329,ROYAL GOLDEN EAGLE,APRIL,BUATAN,RIAU,501,154347,UNKNOWN,UNKNOWN,UNKNOWN COUNTRY,SINGAPORE,INDIA
2020,470329,MARUBENI,TANJUNG ENIM LESTARI,PANJANG,SUMATERA SELATAN,105,43272,UNKNOWN,UNKNOWN,UNKNOWN COUNTRY,JAWAHARLAL NEHRU (NHAVA SHEVA),INDIA
2020,470329,MARUBENI,TANJUNG ENIM LESTARI,PANJANG,SUMATERA SELATAN,106,43519,UNKNOWN,UNKNOWN,UNKNOWN COUNTRY,JAWAHARLAL NEHRU (NHAVA SHEVA),INDIA
2020,470329,MARUBENI,TANJUNG ENIM LESTARI,PANJANG,SUMATERA SELATAN,297,128201,UNKNOWN,UNKNOWN,UNKNOWN COUNTRY,PENANG (GEORGETOWN),MALAYSIA
2020,470329,MARUBENI,TANJUNG ENIM LESTARI,PANJANG,SUMATERA SELATAN,318,137604,UNKNOWN,UNKNOWN,UNKNOWN COUNTRY,TAURANGA,NEW ZEALAND
2020,470329,MARUBENI,TANJUNG ENIM LESTARI,PANJANG,SUMATERA SELATAN,513,218875,UNKNOWN,UNKNOWN,UNKNOWN COUNTRY,LAEM CHABANG,THAILAND
2020,470329,SINAR MAS,INDAH KIAT,PERAWANG,RIAU,520,283091,UNKNOWN,UNKNOWN,UNKNOWN COUNTRY,TUTICORIN,INDIA
2020,470200,ROYAL GOLDEN EAGLE,APRIL,UNKNOWN,RIAU,506,255582,UNKNOWN,UNKNOWN,UNKNOWN COUNTRY,PORT KELANG,CHINA (MAINLAND)
2020,470200,ROYAL GOLDEN EAGLE,APRIL,UNKNOWN,RIAU,506,255474,UNKNOWN,UNKNOWN,UNKNOWN COUNTRY,PORT KELANG,CHINA (MAINLAND)
2020,470200,ROYAL GOLDEN EAGLE,APRIL,UNKNOWN,RIAU,465,234888,UNKNOWN,UNKNOWN,UNKNOWN COUNTRY,PORT KELANG,CHINA (MAINLAND)
2020,470200,ROYAL GOLDEN EAGLE,APRIL,UNKNOWN,RIAU,40,20399,UNKNOWN,UNKNOWN,UNKNOWN COUNTRY,PORT KELANG,CHINA (MAINLAND)
2020,470329,ROYAL GOLDEN EAGLE,APRIL,BUATAN,RIAU,502,154567,UNKNOWN,UNKNOWN,UNKNOWN COUNTRY,SINGAPORE,BANGLADESH
2020,470200,ROYAL GOLDEN EAGLE,APRIL,BUATAN,RIAU,506,255395,UNKNOWN,UNKNOWN,UNKNOWN COUNTRY,SINGAPORE,CHINA (MAINLAND)
2020,470200,ROYAL GOLDEN EAGLE,APRIL,BUATAN,RIAU,20,10233,UNKNOWN,UNKNOWN,UNKNOWN COUNTRY,SINGAPORE,CHINA (MAINLAND)
2020,470329,ROYAL GOLDEN EAGLE,APRIL,BUATAN,RIAU,161,49454,UNKNOWN,UNKNOWN,UNKNOWN COUNTRY,SINGAPORE,INDIA
2020,470329,ROYAL GOLDEN EAGLE,APRIL,BUATAN,RIAU,261,80498,UNKNOWN,UNKNOWN,UNKNOWN COUNTRY,SINGAPORE,INDIA
2020,470329,SINAR MAS,LONTAR PAPYRUS,KUALA TUNGKAL,JAMBI,502,247752,UNKNOWN,UNKNOWN,UNKNOWN COUNTRY,CHITTAGONG,BANGLADESH
2020,470329,SINAR MAS,LONTAR PAPYRUS,KUALA TUNGKAL,JAMBI,1004,494961,UNKNOWN,UNKNOWN,UNKNOWN COUNTRY,ZHANJIANG,CHINA (MAINLAND)
2020,470329,SINAR MAS,INDAH KIAT,PERAWANG,RIAU,506,245147,UNKNOWN,UNKNOWN,UNKNOWN COUNTRY,KARACHI,PAKISTAN
2020,470329,SINAR MAS,INDAH KIAT,SUNGAI PAKNING,RIAU,1700,838468,UNKNOWN,UNKNOWN,UNKNOWN COUNTRY,CHANGSHU,CHINA (MAINLAND)
2020,470329,SINAR MAS,INDAH KIAT,SUNGAI PAKNING,RIAU,1500,740176,UNKNOWN,UNKNOWN,UNKNOWN COUNTRY,CHONGQING,CHINA (MAINLAND)
2020,470329,SINAR MAS,INDAH KIAT,SUNGAI PAKNING,RIAU,3000,1479650,UNKNOWN,UNKNOWN,UNKNOWN COUNTRY,GAOLAN,CHINA (MAINLAND)
2020,470329,SINAR MAS,INDAH KIAT,SUNGAI PAKNING,RIAU,1300,640196,UNKNOWN,UNKNOWN,UNKNOWN COUNTRY,JIANGSI,CHINA (MAINLAND)
2020,470329,ROYAL GOLDEN EAGLE,APRIL,BUATAN,RIAU,502,154754,UNKNOWN,UNKNOWN,UNKNOWN COUNTRY,SINGAPORE,BANGLADESH
2020,470200,ROYAL GOLDEN EAGLE,APRIL,BUATAN,RIAU,506,255441,UNKNOWN,UNKNOWN,UNKNOWN COUNTRY,PORT KELANG,CHINA (MAINLAND)
2020,470200,ROYAL GOLDEN EAGLE,APRIL,BUATAN,RIAU,506,255553,UNKNOWN,UNKNOWN,UNKNOWN COUNTRY,PORT KELANG,CHINA (MAINLAND)
2020,470200,ROYAL GOLDEN EAGLE,APRIL,BUATAN,RIAU,506,255600,UNKNOWN,UNKNOWN,UNKNOWN COUNTRY,PORT KELANG,CHINA (MAINLAND)
2020,470329,ROYAL GOLDEN EAGLE,APRIL,BUATAN,RIAU,1004,309363,UNKNOWN,UNKNOWN,UNKNOWN COUNTRY,SINGAPORE,KUWAIT
2020,470329,ROYAL GOLDEN EAGLE,APRIL,BUATAN,RIAU,201,61844,UNKNOWN,UNKNOWN,UNKNOWN COUNTRY,SINGAPORE,UNITED ARAB EMIRATES
2020,470329,SINAR MAS,INDAH KIAT,PERAWANG,RIAU,240,117492,UNKNOWN,UNKNOWN,UNKNOWN COUNTRY,EL ISKANDARIYA (=ALEXANDRIA),EGYPT
2020,470329,SINAR MAS,INDAH KIAT,PERAWANG,RIAU,260,127283,UNKNOWN,UNKNOWN,UNKNOWN COUNTRY,EL ISKANDARIYA (=ALEXANDRIA),EGYPT
2020,470329,SINAR MAS,INDAH KIAT,PERAWANG,RIAU,500,246019,UNKNOWN,UNKNOWN,UNKNOWN COUNTRY,HAIPHONG,VIETNAM
2020,470329,SINAR MAS,OKI,SULTAN MAHMUD BADARUDDIN (U),SUMATERA SELATAN,1500,740250,UNKNOWN,UNKNOWN,UNKNOWN COUNTRY,CHANGSHU,CHINA (MAINLAND)
2020,470329,SINAR MAS,OKI,SULTAN MAHMUD BADARUDDIN (U),SUMATERA SELATAN,500,246750,UNKNOWN,UNKNOWN,UNKNOWN COUNTRY,CHANGSHU,CHINA (MAINLAND)
2020,470329,SINAR MAS,OKI,SULTAN MAHMUD BADARUDDIN (U),SUMATERA SELATAN,3000,1479650,UNKNOWN,UNKNOWN,UNKNOWN COUNTRY,CHANGSHU,CHINA (MAINLAND)
2020,470329,SINAR MAS,OKI,SULTAN MAHMUD BADARUDDIN (U),SUMATERA SELATAN,2450,1209075,UNKNOWN,UNKNOWN,UNKNOWN COUNTRY,NINGBO,CHINA (MAINLAND)
2020,470329,SINAR MAS,OKI,SULTAN MAHMUD BADARUDDIN (U),SUMATERA SELATAN,3150,1554525,UNKNOWN,UNKNOWN,UNKNOWN COUNTRY,NINGBO,CHINA (MAINLAND)
2020,470329,SINAR MAS,OKI,SULTAN MAHMUD BADARUDDIN (U),SUMATERA SELATAN,1000,493217,UNKNOWN,UNKNOWN,UNKNOWN COUNTRY,NINGBO,CHINA (MAINLAND)
2020,470329,ROYAL GOLDEN EAGLE,APRIL,UNKNOWN,RIAU,402,123780,UNKNOWN,UNKNOWN,UNKNOWN COUNTRY,PORT KELANG,BANGLADESH
2020,470200,ROYAL GOLDEN EAGLE,APRIL,UNKNOWN,RIAU,506,255541,UNKNOWN,UNKNOWN,UNKNOWN COUNTRY,PORT KELANG,CHINA (MAINLAND)
2020,470200,ROYAL GOLDEN EAGLE,APRIL,UNKNOWN,RIAU,506,255538,UNKNOWN,UNKNOWN,UNKNOWN COUNTRY,PORT KELANG,CHINA (MAINLAND)
2020,470200,ROYAL GOLDEN EAGLE,APRIL,UNKNOWN,RIAU,506,255554,UNKNOWN,UNKNOWN,UNKNOWN COUNTRY,PORT KELANG,CHINA (MAINLAND)
2020,470329,ROYAL GOLDEN EAGLE,APRIL,BUATAN,RIAU,1004,309294,UNKNOWN,UNKNOWN,UNKNOWN COUNTRY,SINGAPORE,CHINA (MAINLAND)
2020,470329,SINAR MAS,INDAH KIAT,PERAWANG,RIAU,500,246633,UNKNOWN,UNKNOWN,UNKNOWN COUNTRY,MELBOURNE,AUSTRALIA
2020,470200,ROYAL GOLDEN EAGLE,APRIL,UNKNOWN,RIAU,506,255472,UNKNOWN,UNKNOWN,UNKNOWN COUNTRY,PORT KELANG,CHINA (MAINLAND)
2020,470200,ROYAL GOLDEN EAGLE,APRIL,UNKNOWN,RIAU,506,255524,UNKNOWN,UNKNOWN,UNKNOWN COUNTRY,PORT KELANG,CHINA (MAINLAND)
2020,470200,ROYAL GOLDEN EAGLE,APRIL,UNKNOWN,RIAU,506,255574,UNKNOWN,UNKNOWN,UNKNOWN COUNTRY,PORT KELANG,CHINA (MAINLAND)
2020,470200,ROYAL GOLDEN EAGLE,APRIL,BUATAN,RIAU,466,235326,UNKNOWN,UNKNOWN,UNKNOWN COUNTRY,PORT KELANG,CHINA (MAINLAND)
2020,470200,ROYAL GOLDEN EAGLE,APRIL,BUATAN,RIAU,506,255594,UNKNOWN,UNKNOWN,UNKNOWN COUNTRY,PORT KELANG,CHINA (MAINLAND)
2020,470200,ROYAL GOLDEN EAGLE,APRIL,BUATAN,RIAU,506,255546,UNKNOWN,UNKNOWN,UNKNOWN COUNTRY,SINGAPORE,CHINA (MAINLAND)
2020,470200,ROYAL GOLDEN EAGLE,APRIL,BUATAN,RIAU,506,255539,UNKNOWN,UNKNOWN,UNKNOWN COUNTRY,SINGAPORE,CHINA (MAINLAND)
2020,470200,ROYAL GOLDEN EAGLE,APRIL,BUATAN,RIAU,506,255618,UNKNOWN,UNKNOWN,UNKNOWN COUNTRY,SINGAPORE,CHINA (MAINLAND)
2020,470200,ROYAL GOLDEN EAGLE,APRIL,BUATAN,RIAU,506,255491,UNKNOWN,UNKNOWN,UNKNOWN COUNTRY,SINGAPORE,CHINA (MAINLAND)
2020,470200,ROYAL GOLDEN EAGLE,APRIL,BUATAN,RIAU,506,255688,UNKNOWN,UNKNOWN,UNKNOWN COUNTRY,SINGAPORE,CHINA (MAINLAND)
2020,470329,ROYAL GOLDEN EAGLE,APRIL,BUATAN,RIAU,201,61988,UNKNOWN,UNKNOWN,UNKNOWN COUNTRY,SINGAPORE,INDIA
2020,470329,ROYAL GOLDEN EAGLE,APRIL,BUATAN,RIAU,502,154705,UNKNOWN,UNKNOWN,UNKNOWN COUNTRY,SINGAPORE,UNITED ARAB EMIRATES
2020,470329,MARUBENI,TANJUNG ENIM LESTARI,TANJUNG PRIOK,SUMATERA SELATAN,511,212633,UNKNOWN,UNKNOWN,UNKNOWN COUNTRY,KAOHSIUNG,TAIWAN
2020,470329,MARUBENI,TANJUNG ENIM LESTARI,TARAHAN,SUMATERA SELATAN,1500,572817,UNKNOWN,UNKNOWN,UNKNOWN COUNTRY,NANSHA,CHINA (MAINLAND)
2020,470329,MARUBENI,TANJUNG ENIM LESTARI,TARAHAN,SUMATERA SELATAN,1500,587145,UNKNOWN,UNKNOWN,UNKNOWN COUNTRY,NANSHA,CHINA (MAINLAND)
2020,470329,MARUBENI,TANJUNG ENIM LESTARI,TARAHAN,SUMATERA SELATAN,1514,600720,UNKNOWN,UNKNOWN,UNKNOWN COUNTRY,XINGANG,CHINA (MAINLAND)
2020,470329,MARUBENI,TANJUNG ENIM LESTARI,TARAHAN,SUMATERA SELATAN,3020,1198266,UNKNOWN,UNKNOWN,UNKNOWN COUNTRY,XINGANG,CHINA (MAINLAND)
2020,470329,MARUBENI,TANJUNG ENIM LESTARI,TARAHAN,SUMATERA SELATAN,499,198146,UNKNOWN,UNKNOWN,UNKNOWN COUNTRY,XINGANG,CHINA (MAINLAND)
2020,470329,MARUBENI,TANJUNG ENIM LESTARI,TARAHAN,SUMATERA SELATAN,1487,589940,UNKNOWN,UNKNOWN,UNKNOWN COUNTRY,XINGANG,CHINA (MAINLAND)
2020,470329,MARUBENI,TANJUNG ENIM LESTARI,TARAHAN,SUMATERA SELATAN,500,195302,UNKNOWN,UNKNOWN,UNKNOWN COUNTRY,XINGANG,CHINA (MAINLAND)
2020,470329,ROYAL GOLDEN EAGLE,APRIL,BUATAN,RIAU,502,154580,UNKNOWN,UNKNOWN,UNKNOWN COUNTRY,SINGAPORE,BANGLADESH
2020,470200,ROYAL GOLDEN EAGLE,APRIL,BUATAN,RIAU,506,255653,UNKNOWN,UNKNOWN,UNKNOWN COUNTRY,PORT KELANG,CHINA (MAINLAND)
2020,470200,ROYAL GOLDEN EAGLE,APRIL,BUATAN,RIAU,506,255634,UNKNOWN,UNKNOWN,UNKNOWN COUNTRY,SINGAPORE,CHINA (MAINLAND)
2020,470200,ROYAL GOLDEN EAGLE,APRIL,BUATAN,RIAU,506,255673,UNKNOWN,UNKNOWN,UNKNOWN COUNTRY,SINGAPORE,CHINA (MAINLAND)
2020,470329,ROYAL GOLDEN EAGLE,APRIL,BUATAN,RIAU,503,154869,UNKNOWN,UNKNOWN,UNKNOWN COUNTRY,SINGAPORE,INDIA
2020,470329,ROYAL GOLDEN EAGLE,APRIL,BUATAN,RIAU,60,18530,UNKNOWN,UNKNOWN,UNKNOWN COUNTRY,SINGAPORE,INDIA
2020,470329,MARUBENI,TANJUNG ENIM LESTARI,PANJANG,SUMATERA SELATAN,507,205486,UNKNOWN,UNKNOWN,UNKNOWN COUNTRY,MELBOURNE,AUSTRALIA
2020,470329,MARUBENI,TANJUNG ENIM LESTARI,PANJANG,SUMATERA SELATAN,503,199077,UNKNOWN,UNKNOWN,UNKNOWN COUNTRY,JAWAHARLAL NEHRU (NHAVA SHEVA),INDIA
2020,470329,ROYAL GOLDEN EAGLE,APRIL,BUATAN,RIAU,501,154210,UNKNOWN,UNKNOWN,UNKNOWN COUNTRY,SINGAPORE,BANGLADESH
2020,470200,ROYAL GOLDEN EAGLE,APRIL,BUATAN,RIAU,506,255426,UNKNOWN,UNKNOWN,UNKNOWN COUNTRY,SINGAPORE,CHINA (MAINLAND)
2020,470200,ROYAL GOLDEN EAGLE,APRIL,BUATAN,RIAU,505,255133,UNKNOWN,UNKNOWN,UNKNOWN COUNTRY,SINGAPORE,CHINA (MAINLAND)
2020,470200,ROYAL GOLDEN EAGLE,APRIL,BUATAN,RIAU,506,255418,UNKNOWN,UNKNOWN,UNKNOWN COUNTRY,SINGAPORE,CHINA (MAINLAND)
2020,470329,ROYAL GOLDEN EAGLE,APRIL,BUATAN,RIAU,1003,309005,UNKNOWN,UNKNOWN,UNKNOWN COUNTRY,SINGAPORE,CHINA (MAINLAND)
2020,470329,SINAR MAS,LONTAR PAPYRUS,KUALA TUNGKAL,JAMBI,902,445567,UNKNOWN,UNKNOWN,UNKNOWN COUNTRY,CHITTAGONG,BANGLADESH
2020,470329,SINAR MAS,LONTAR PAPYRUS,KUALA TUNGKAL,JAMBI,1003,497668,UNKNOWN,UNKNOWN,UNKNOWN COUNTRY,ZHANJIANG,CHINA (MAINLAND)
2020,470329,MARUBENI,TANJUNG ENIM LESTARI,PANJANG,SUMATERA SELATAN,1518,619707,UNKNOWN,UNKNOWN,UNKNOWN COUNTRY,XINHUI,CHINA (MAINLAND)
2020,470329,MARUBENI,TANJUNG ENIM LESTARI,PANJANG,SUMATERA SELATAN,105,43087,UNKNOWN,UNKNOWN,UNKNOWN COUNTRY,JAWAHARLAL NEHRU (NHAVA SHEVA),INDIA
2020,470329,MARUBENI,TANJUNG ENIM LESTARI,PANJANG,SUMATERA SELATAN,105,42726,UNKNOWN,UNKNOWN,UNKNOWN COUNTRY,PIPAVAV (VICTOR) PORT,INDIA
2020,470329,SINAR MAS,INDAH KIAT,PERAWANG,RIAU,500,246633,UNKNOWN,UNKNOWN,UNKNOWN COUNTRY,MELBOURNE,AUSTRALIA
2020,470329,SINAR MAS,INDAH KIAT,PERAWANG,RIAU,500,275990,UNKNOWN,UNKNOWN,UNKNOWN COUNTRY,AD DAMMAM,SAUDI ARABIA
2020,470329,ROYAL GOLDEN EAGLE,APRIL,BUATAN,RIAU,503,154785,UNKNOWN,UNKNOWN,UNKNOWN COUNTRY,SINGAPORE,BANGLADESH
2020,470329,ROYAL GOLDEN EAGLE,APRIL,BUATAN,RIAU,201,61895,UNKNOWN,UNKNOWN,UNKNOWN COUNTRY,SINGAPORE,BANGLADESH
2020,470200,ROYAL GOLDEN EAGLE,APRIL,BUATAN,RIAU,506,255612,UNKNOWN,UNKNOWN,UNKNOWN COUNTRY,SINGAPORE,CHINA (MAINLAND)
2020,470200,ROYAL GOLDEN EAGLE,APRIL,BUATAN,RIAU,506,255374,UNKNOWN,UNKNOWN,UNKNOWN COUNTRY,SINGAPORE,CHINA (MAINLAND)
2020,470200,ROYAL GOLDEN EAGLE,APRIL,BUATAN,RIAU,506,255370,UNKNOWN,UNKNOWN,UNKNOWN COUNTRY,SINGAPORE,CHINA (MAINLAND)
2020,470200,ROYAL GOLDEN EAGLE,APRIL,BUATAN,RIAU,506,255354,UNKNOWN,UNKNOWN,UNKNOWN COUNTRY,SINGAPORE,CHINA (MAINLAND)
2020,470200,ROYAL GOLDEN EAGLE,APRIL,BUATAN,RIAU,506,255460,UNKNOWN,UNKNOWN,UNKNOWN COUNTRY,SINGAPORE,CHINA (MAINLAND)
2020,470329,ROYAL GOLDEN EAGLE,APRIL,BUATAN,RIAU,60,18503,UNKNOWN,UNKNOWN,UNKNOWN COUNTRY,SINGAPORE,INDIA
2020,470329,ROYAL GOLDEN EAGLE,APRIL,BUATAN,RIAU,101,30903,UNKNOWN,UNKNOWN,UNKNOWN COUNTRY,SINGAPORE,INDIA
2020,470329,ROYAL GOLDEN EAGLE,APRIL,BUATAN,RIAU,502,154589,UNKNOWN,UNKNOWN,UNKNOWN COUNTRY,SINGAPORE,KUWAIT
2020,470329,ROYAL GOLDEN EAGLE,APRIL,BUATAN,RIAU,201,61773,UNKNOWN,UNKNOWN,UNKNOWN COUNTRY,SINGAPORE,THAILAND
2020,470329,SINAR MAS,LONTAR PAPYRUS,KUALA TUNGKAL,JAMBI,1004,505596,UNKNOWN,UNKNOWN,UNKNOWN COUNTRY,ZHANJIANG,CHINA (MAINLAND)
2020,470329,SINAR MAS,LONTAR PAPYRUS,KUALA TUNGKAL,JAMBI,1003,505011,UNKNOWN,UNKNOWN,UNKNOWN COUNTRY,ZHANJIANG,CHINA (MAINLAND)
2020,470329,SINAR MAS,LONTAR PAPYRUS,KUALA TUNGKAL,JAMBI,502,252630,UNKNOWN,UNKNOWN,UNKNOWN COUNTRY,ZHANJIANG,CHINA (MAINLAND)
2020,470329,SINAR MAS,INDAH KIAT,PERAWANG,RIAU,572,276966,UNKNOWN,UNKNOWN,UNKNOWN COUNTRY,DALIAN,CHINA (MAINLAND)
2020,470329,SINAR MAS,INDAH KIAT,PERAWANG,RIAU,540,293979,UNKNOWN,UNKNOWN,UNKNOWN COUNTRY,TUTICORIN,INDIA
2020,470329,SINAR MAS,INDAH KIAT,PERAWANG,RIAU,520,283091,UNKNOWN,UNKNOWN,UNKNOWN COUNTRY,TUTICORIN,INDIA
2020,470329,SINAR MAS,INDAH KIAT,PERAWANG,RIAU,500,246006,UNKNOWN,UNKNOWN,UNKNOWN COUNTRY,HAIPHONG,VIETNAM
2020,470329,SINAR MAS,OKI,SULTAN MAHMUD BADARUDDIN (U),SUMATERA SELATAN,9400,4662400,UNKNOWN,UNKNOWN,UNKNOWN COUNTRY,GUNSAN,SOUTH KOREA
2020,470329,SINAR MAS,OKI,SULTAN MAHMUD BADARUDDIN (U),SUMATERA SELATAN,1600,793600,UNKNOWN,UNKNOWN,UNKNOWN COUNTRY,GUNSAN,SOUTH KOREA
2020,470200,ROYAL GOLDEN EAGLE,APRIL,UNKNOWN,RIAU,507,256218,UNKNOWN,UNKNOWN,UNKNOWN COUNTRY,PORT KELANG,CHINA (MAINLAND)
2020,470200,ROYAL GOLDEN EAGLE,APRIL,UNKNOWN,RIAU,507,255868,UNKNOWN,UNKNOWN,UNKNOWN COUNTRY,PORT KELANG,CHINA (MAINLAND)
2020,470200,ROYAL GOLDEN EAGLE,APRIL,UNKNOWN,RIAU,506,255506,UNKNOWN,UNKNOWN,UNKNOWN COUNTRY,PORT KELANG,CHINA (MAINLAND)
2020,470200,ROYAL GOLDEN EAGLE,APRIL,BUATAN,RIAU,263,132912,UNKNOWN,UNKNOWN,UNKNOWN COUNTRY,SINGAPORE,CHINA (MAINLAND)
2020,470200,ROYAL GOLDEN EAGLE,APRIL,BUATAN,RIAU,506,255526,UNKNOWN,UNKNOWN,UNKNOWN COUNTRY,SINGAPORE,CHINA (MAINLAND)
2020,470200,ROYAL GOLDEN EAGLE,APRIL,BUATAN,RIAU,507,255819,UNKNOWN,UNKNOWN,UNKNOWN COUNTRY,SINGAPORE,CHINA (MAINLAND)
2020,470329,ROYAL GOLDEN EAGLE,APRIL,BUATAN,RIAU,60,18549,UNKNOWN,UNKNOWN,UNKNOWN COUNTRY,SINGAPORE,INDIA
2020,470329,ROYAL GOLDEN EAGLE,APRIL,BUATAN,RIAU,100,30890,UNKNOWN,UNKNOWN,UNKNOWN COUNTRY,SINGAPORE,INDIA
2020,470329,ROYAL GOLDEN EAGLE,APRIL,BUATAN,RIAU,161,49604,UNKNOWN,UNKNOWN,UNKNOWN COUNTRY,SINGAPORE,INDIA
2020,470329,MARUBENI,TANJUNG ENIM LESTARI,PANJANG,SUMATERA SELATAN,722,292577,UNKNOWN,UNKNOWN,UNKNOWN COUNTRY,CHONGQING,CHINA (MAINLAND)
2020,470329,MARUBENI,TANJUNG ENIM LESTARI,PANJANG,SUMATERA SELATAN,38,18629,UNKNOWN,UNKNOWN,UNKNOWN COUNTRY,YANGON,MYANMAR
2020,470329,SINAR MAS,INDAH KIAT,PERAWANG,RIAU,550,266314,UNKNOWN,UNKNOWN,UNKNOWN COUNTRY,DALIAN,CHINA (MAINLAND)
2020,470329,SINAR MAS,OKI,SULTAN MAHMUD BADARUDDIN (U),SUMATERA SELATAN,2000,986434,UNKNOWN,UNKNOWN,UNKNOWN COUNTRY,CHANGSHU,CHINA (MAINLAND)
2020,470329,SINAR MAS,OKI,SULTAN MAHMUD BADARUDDIN (U),SUMATERA SELATAN,2000,986434,UNKNOWN,UNKNOWN,UNKNOWN COUNTRY,CHANGSHU,CHINA (MAINLAND)
2020,470329,SINAR MAS,OKI,SULTAN MAHMUD BADARUDDIN (U),SUMATERA SELATAN,2600,1283100,UNKNOWN,UNKNOWN,UNKNOWN COUNTRY,CHANGSHU,CHINA (MAINLAND)
2020,470329,SINAR MAS,OKI,SULTAN MAHMUD BADARUDDIN (U),SUMATERA SELATAN,1000,493500,UNKNOWN,UNKNOWN,UNKNOWN COUNTRY,CHANGSHU,CHINA (MAINLAND)
2020,470329,SINAR MAS,OKI,SULTAN MAHMUD BADARUDDIN (U),SUMATERA SELATAN,2220,1095570,UNKNOWN,UNKNOWN,UNKNOWN COUNTRY,CHANGSHU,CHINA (MAINLAND)
2020,470329,SINAR MAS,OKI,SULTAN MAHMUD BADARUDDIN (U),SUMATERA SELATAN,2330,1149855,UNKNOWN,UNKNOWN,UNKNOWN COUNTRY,CHANGSHU,CHINA (MAINLAND)
2020,470329,SINAR MAS,OKI,SULTAN MAHMUD BADARUDDIN (U),SUMATERA SELATAN,1008,481761,UNKNOWN,UNKNOWN,UNKNOWN COUNTRY,SINGAPORE,CHINA (MAINLAND)
2020,470329,SINAR MAS,OKI,SULTAN MAHMUD BADARUDDIN (U),SUMATERA SELATAN,4000,1974000,UNKNOWN,UNKNOWN,UNKNOWN COUNTRY,ZHENJIANG,CHINA (MAINLAND)
2020,470329,SINAR MAS,OKI,SULTAN MAHMUD BADARUDDIN (U),SUMATERA SELATAN,50,24825,UNKNOWN,UNKNOWN,UNKNOWN COUNTRY,GUNSAN,SOUTH KOREA
2020,470329,SINAR MAS,OKI,SULTAN MAHMUD BADARUDDIN (U),SUMATERA SELATAN,1000,496500,UNKNOWN,UNKNOWN,UNKNOWN COUNTRY,GUNSAN,SOUTH KOREA
2020,470329,SINAR MAS,OKI,SULTAN MAHMUD BADARUDDIN (U),SUMATERA SELATAN,4400,2184600,UNKNOWN,UNKNOWN,UNKNOWN COUNTRY,GUNSAN,SOUTH KOREA
2020,470329,SINAR MAS,INDAH KIAT,SUNGAI PAKNING,RIAU,3300,1624315,UNKNOWN,UNKNOWN,UNKNOWN COUNTRY,CHANGSHU,CHINA (MAINLAND)
2020,470329,SINAR MAS,INDAH KIAT,SUNGAI PAKNING,RIAU,3700,1822250,UNKNOWN,UNKNOWN,UNKNOWN COUNTRY,DAGANG,CHINA (MAINLAND)
2020,470329,SINAR MAS,INDAH KIAT,SUNGAI PAKNING,RIAU,2000,971000,UNKNOWN,UNKNOWN,UNKNOWN COUNTRY,ULSAN,SOUTH KOREA
2020,470329,SINAR MAS,INDAH KIAT,SUNGAI PAKNING,RIAU,4100,1990550,UNKNOWN,UNKNOWN,UNKNOWN COUNTRY,ULSAN,SOUTH KOREA
2020,470200,ROYAL GOLDEN EAGLE,APRIL,UNKNOWN,RIAU,507,255832,UNKNOWN,UNKNOWN,UNKNOWN COUNTRY,PORT KELANG,CHINA (MAINLAND)
2020,470200,ROYAL GOLDEN EAGLE,APRIL,UNKNOWN,RIAU,507,255845,UNKNOWN,UNKNOWN,UNKNOWN COUNTRY,PORT KELANG,CHINA (MAINLAND)
2020,470200,ROYAL GOLDEN EAGLE,APRIL,UNKNOWN,RIAU,507,255980,UNKNOWN,UNKNOWN,UNKNOWN COUNTRY,PORT KELANG,CHINA (MAINLAND)
2020,470200,ROYAL GOLDEN EAGLE,APRIL,UNKNOWN,RIAU,507,255859,UNKNOWN,UNKNOWN,UNKNOWN COUNTRY,PORT KELANG,CHINA (MAINLAND)
2020,470200,ROYAL GOLDEN EAGLE,APRIL,UNKNOWN,RIAU,507,255931,UNKNOWN,UNKNOWN,UNKNOWN COUNTRY,PORT KELANG,CHINA (MAINLAND)
2020,470329,ROYAL GOLDEN EAGLE,APRIL,BUATAN,RIAU,80,24699,UNKNOWN,UNKNOWN,UNKNOWN COUNTRY,SINGAPORE,BANGLADESH
2020,470200,ROYAL GOLDEN EAGLE,APRIL,BUATAN,RIAU,506,255615,UNKNOWN,UNKNOWN,UNKNOWN COUNTRY,SINGAPORE,CHINA (MAINLAND)
2020,470200,ROYAL GOLDEN EAGLE,APRIL,BUATAN,RIAU,506,255489,UNKNOWN,UNKNOWN,UNKNOWN COUNTRY,SINGAPORE,CHINA (MAINLAND)
2020,470329,ROYAL GOLDEN EAGLE,APRIL,BUATAN,RIAU,101,30975,UNKNOWN,UNKNOWN,UNKNOWN COUNTRY,SINGAPORE,INDIA
2020,470329,ROYAL GOLDEN EAGLE,APRIL,BUATAN,RIAU,503,154797,UNKNOWN,UNKNOWN,UNKNOWN COUNTRY,SINGAPORE,UNITED ARAB EMIRATES
2020,470329,SINAR MAS,LONTAR PAPYRUS,KUALA TUNGKAL,JAMBI,1004,505530,UNKNOWN,UNKNOWN,UNKNOWN COUNTRY,ZHANJIANG,CHINA (MAINLAND)
2020,470329,SINAR MAS,LONTAR PAPYRUS,KUALA TUNGKAL,JAMBI,1003,505140,UNKNOWN,UNKNOWN,UNKNOWN COUNTRY,ZHANJIANG,CHINA (MAINLAND)
2020,470329,SINAR MAS,LONTAR PAPYRUS,KUALA TUNGKAL,JAMBI,1005,505814,UNKNOWN,UNKNOWN,UNKNOWN COUNTRY,ZHANJIANG,CHINA (MAINLAND)
2020,470329,ROYAL GOLDEN EAGLE,APRIL,BUATAN,RIAU,502,154598,UNKNOWN,UNKNOWN,UNKNOWN COUNTRY,SINGAPORE,BANGLADESH
2020,470200,ROYAL GOLDEN EAGLE,APRIL,BUATAN,RIAU,507,255992,UNKNOWN,UNKNOWN,UNKNOWN COUNTRY,SINGAPORE,CHINA (MAINLAND)
2020,470200,ROYAL GOLDEN EAGLE,APRIL,BUATAN,RIAU,507,256087,UNKNOWN,UNKNOWN,UNKNOWN COUNTRY,SINGAPORE,CHINA (MAINLAND)
2020,470200,ROYAL GOLDEN EAGLE,APRIL,BUATAN,RIAU,507,255973,UNKNOWN,UNKNOWN,UNKNOWN COUNTRY,SINGAPORE,CHINA (MAINLAND)
2020,470329,MARUBENI,TANJUNG ENIM LESTARI,TANJUNG PRIOK,SUMATERA SELATAN,194,81341,UNKNOWN,UNKNOWN,UNKNOWN COUNTRY,SHIMIZU,JAPAN
2020,470329,MARUBENI,TANJUNG ENIM LESTARI,TANJUNG PRIOK,SUMATERA SELATAN,54,22878,UNKNOWN,UNKNOWN,UNKNOWN COUNTRY,SHIMIZU,JAPAN
2020,470329,MARUBENI,TANJUNG ENIM LESTARI,TANJUNG PRIOK,SUMATERA SELATAN,194,81606,UNKNOWN,UNKNOWN,UNKNOWN COUNTRY,SHIMIZU,JAPAN
2020,470329,MARUBENI,TANJUNG ENIM LESTARI,TANJUNG PRIOK,SUMATERA SELATAN,290,121760,UNKNOWN,UNKNOWN,UNKNOWN COUNTRY,SHIMIZU,JAPAN
2020,470329,MARUBENI,TANJUNG ENIM LESTARI,TANJUNG PRIOK,SUMATERA SELATAN,513,213270,UNKNOWN,UNKNOWN,UNKNOWN COUNTRY,KAOHSIUNG,TAIWAN
2020,470329,ROYAL GOLDEN EAGLE,APRIL,UNKNOWN,RIAU,10643,3420429,UNKNOWN,UNKNOWN,UNKNOWN COUNTRY,CHITTAGONG,BANGLADESH
2020,470200,ROYAL GOLDEN EAGLE,APRIL,UNKNOWN,RIAU,507,256049,UNKNOWN,UNKNOWN,UNKNOWN COUNTRY,PORT KELANG,CHINA (MAINLAND)
2020,470200,ROYAL GOLDEN EAGLE,APRIL,UNKNOWN,RIAU,507,255866,UNKNOWN,UNKNOWN,UNKNOWN COUNTRY,PORT KELANG,CHINA (MAINLAND)
2020,470200,ROYAL GOLDEN EAGLE,APRIL,BUATAN,RIAU,506,255748,UNKNOWN,UNKNOWN,UNKNOWN COUNTRY,SINGAPORE,CHINA (MAINLAND)
2020,470200,ROYAL GOLDEN EAGLE,APRIL,BUATAN,RIAU,506,255451,UNKNOWN,UNKNOWN,UNKNOWN COUNTRY,SINGAPORE,CHINA (MAINLAND)
2020,470329,ROYAL GOLDEN EAGLE,APRIL,BUATAN,RIAU,804,247503,UNKNOWN,UNKNOWN,UNKNOWN COUNTRY,SINGAPORE,UNITED ARAB EMIRATES
2020,470329,MARUBENI,TANJUNG ENIM LESTARI,PANJANG,SUMATERA SELATAN,507,205590,UNKNOWN,UNKNOWN,UNKNOWN COUNTRY,MELBOURNE,AUSTRALIA
2020,470329,MARUBENI,TANJUNG ENIM LESTARI,PANJANG,SUMATERA SELATAN,106,44505,UNKNOWN,UNKNOWN,UNKNOWN COUNTRY,PIPAVAV (VICTOR) PORT,INDIA
2020,470329,SINAR MAS,OKI,SULTAN MAHMUD BADARUDDIN (U),SUMATERA SELATAN,5000,2425000,UNKNOWN,UNKNOWN,UNKNOWN COUNTRY,NINGBO,CHINA (MAINLAND)
2020,470329,SINAR MAS,OKI,SULTAN MAHMUD BADARUDDIN (U),SUMATERA SELATAN,5600,2716000,UNKNOWN,UNKNOWN,UNKNOWN COUNTRY,NINGBO,CHINA (MAINLAND)
2020,470329,SINAR MAS,INDAH KIAT,SUNGAI PAKNING,RIAU,9150,4414875,UNKNOWN,UNKNOWN,UNKNOWN COUNTRY,NINGBO,CHINA (MAINLAND)
2020,470200,ROYAL GOLDEN EAGLE,APRIL,UNKNOWN,RIAU,506,255765,UNKNOWN,UNKNOWN,UNKNOWN COUNTRY,PORT KELANG,CHINA (MAINLAND)
2020,470200,ROYAL GOLDEN EAGLE,APRIL,UNKNOWN,RIAU,506,255717,UNKNOWN,UNKNOWN,UNKNOWN COUNTRY,PORT KELANG,CHINA (MAINLAND)
2020,470329,ROYAL GOLDEN EAGLE,APRIL,UNKNOWN,RIAU,5822,1880511,UNKNOWN,UNKNOWN,UNKNOWN COUNTRY,GUNSAN,SOUTH KOREA
2020,470329,ROYAL GOLDEN EAGLE,APRIL,UNKNOWN,RIAU,3315,1070665,UNKNOWN,UNKNOWN,UNKNOWN COUNTRY,PYEONGTAEK,SOUTH KOREA
2020,470200,ROYAL GOLDEN EAGLE,APRIL,BUATAN,RIAU,324,163650,UNKNOWN,UNKNOWN,UNKNOWN COUNTRY,SINGAPORE,CHINA (MAINLAND)
2020,470200,ROYAL GOLDEN EAGLE,APRIL,BUATAN,RIAU,506,255533,UNKNOWN,UNKNOWN,UNKNOWN COUNTRY,SINGAPORE,CHINA (MAINLAND)
2020,470200,ROYAL GOLDEN EAGLE,APRIL,BUATAN,RIAU,506,255568,UNKNOWN,UNKNOWN,UNKNOWN COUNTRY,SINGAPORE,CHINA (MAINLAND)
2020,470329,ROYAL GOLDEN EAGLE,APRIL,BUATAN,RIAU,201,64778,UNKNOWN,UNKNOWN,UNKNOWN COUNTRY,SINGAPORE,INDIA
2020,470329,ROYAL GOLDEN EAGLE,APRIL,BUATAN,RIAU,502,154624,UNKNOWN,UNKNOWN,UNKNOWN COUNTRY,SINGAPORE,UNITED ARAB EMIRATES
2020,470329,MARUBENI,TANJUNG ENIM LESTARI,PANJANG,SUMATERA SELATAN,106,43307,UNKNOWN,UNKNOWN,UNKNOWN COUNTRY,JAWAHARLAL NEHRU (NHAVA SHEVA),INDIA
2020,470329,MARUBENI,TANJUNG ENIM LESTARI,PANJANG,SUMATERA SELATAN,296,124422,UNKNOWN,UNKNOWN,UNKNOWN COUNTRY,PIPAVAV (VICTOR) PORT,INDIA
2020,470329,MARUBENI,TANJUNG ENIM LESTARI,PANJANG,SUMATERA SELATAN,193,81698,UNKNOWN,UNKNOWN,UNKNOWN COUNTRY,TOMAKOMAI,JAPAN
2020,470329,SINAR MAS,INDAH KIAT,PERAWANG,RIAU,500,248895,UNKNOWN,UNKNOWN,UNKNOWN COUNTRY,CHITTAGONG,BANGLADESH
2020,470329,SINAR MAS,INDAH KIAT,PERAWANG,RIAU,500,275990,UNKNOWN,UNKNOWN,UNKNOWN COUNTRY,AD DAMMAM,SAUDI ARABIA
2020,470200,ROYAL GOLDEN EAGLE,APRIL,UNKNOWN,RIAU,505,255249,UNKNOWN,UNKNOWN,UNKNOWN COUNTRY,PORT KELANG,CHINA (MAINLAND)
2020,470200,ROYAL GOLDEN EAGLE,APRIL,UNKNOWN,RIAU,505,255268,UNKNOWN,UNKNOWN,UNKNOWN COUNTRY,PORT KELANG,CHINA (MAINLAND)
2020,470200,ROYAL GOLDEN EAGLE,APRIL,BUATAN,RIAU,506,255338,UNKNOWN,UNKNOWN,UNKNOWN COUNTRY,SINGAPORE,CHINA (MAINLAND)
2020,470200,ROYAL GOLDEN EAGLE,APRIL,BUATAN,RIAU,142,71607,UNKNOWN,UNKNOWN,UNKNOWN COUNTRY,SINGAPORE,CHINA (MAINLAND)
2020,470329,ROYAL GOLDEN EAGLE,APRIL,BUATAN,RIAU,201,61995,UNKNOWN,UNKNOWN,UNKNOWN COUNTRY,SINGAPORE,INDIA
2020,470329,ROYAL GOLDEN EAGLE,APRIL,BUATAN,RIAU,201,61846,UNKNOWN,UNKNOWN,UNKNOWN COUNTRY,SINGAPORE,INDIA
2020,470329,SINAR MAS,LONTAR PAPYRUS,KUALA TUNGKAL,JAMBI,502,247838,UNKNOWN,UNKNOWN,UNKNOWN COUNTRY,CHITTAGONG,BANGLADESH
2020,470329,SINAR MAS,LONTAR PAPYRUS,KUALA TUNGKAL,JAMBI,502,247848,UNKNOWN,UNKNOWN,UNKNOWN COUNTRY,CHITTAGONG,BANGLADESH
2020,470329,SINAR MAS,LONTAR PAPYRUS,KUALA TUNGKAL,JAMBI,261,130184,UNKNOWN,UNKNOWN,UNKNOWN COUNTRY,KOLKATA (EX CALCUTTA),INDIA
2020,470329,MARUBENI,TANJUNG ENIM LESTARI,PANJANG,SUMATERA SELATAN,297,126963,UNKNOWN,UNKNOWN,UNKNOWN COUNTRY,LAEM CHABANG,THAILAND
2020,470329,MARUBENI,TANJUNG ENIM LESTARI,PANJANG,SUMATERA SELATAN,506,217812,UNKNOWN,UNKNOWN,UNKNOWN COUNTRY,LAEM CHABANG,THAILAND
2020,470329,MARUBENI,TANJUNG ENIM LESTARI,PANJANG,SUMATERA SELATAN,402,173330,UNKNOWN,UNKNOWN,UNKNOWN COUNTRY,LAT KRABANG,THAILAND
2020,470329,ROYAL GOLDEN EAGLE,APRIL,UNKNOWN,RIAU,502,154607,UNKNOWN,UNKNOWN,UNKNOWN COUNTRY,SINGAPORE,BANGLADESH
2020,470329,ROYAL GOLDEN EAGLE,APRIL,UNKNOWN,RIAU,502,162261,UNKNOWN,UNKNOWN,UNKNOWN COUNTRY,SINGAPORE,BANGLADESH
2020,470200,ROYAL GOLDEN EAGLE,APRIL,UNKNOWN,RIAU,243,122563,UNKNOWN,UNKNOWN,UNKNOWN COUNTRY,SINGAPORE,CHINA (MAINLAND)
2020,470329,ROYAL GOLDEN EAGLE,APRIL,UNKNOWN,RIAU,1001,323385,UNKNOWN,UNKNOWN,UNKNOWN COUNTRY,SINGAPORE,CHINA (MAINLAND)
2020,470329,ROYAL GOLDEN EAGLE,APRIL,UNKNOWN,RIAU,502,154618,UNKNOWN,UNKNOWN,UNKNOWN COUNTRY,SINGAPORE,INDIA
2020,470329,ROYAL GOLDEN EAGLE,APRIL,UNKNOWN,RIAU,499,153799,UNKNOWN,UNKNOWN,UNKNOWN COUNTRY,SINGAPORE,INDIA
2020,470329,ROYAL GOLDEN EAGLE,APRIL,UNKNOWN,RIAU,301,92567,UNKNOWN,UNKNOWN,UNKNOWN COUNTRY,SINGAPORE,THAILAND
2020,470200,ROYAL GOLDEN EAGLE,APRIL,BUATAN,RIAU,40,20430,UNKNOWN,UNKNOWN,UNKNOWN COUNTRY,PORT KELANG,CHINA (MAINLAND)
2020,470200,ROYAL GOLDEN EAGLE,APRIL,BUATAN,RIAU,506,255504,UNKNOWN,UNKNOWN,UNKNOWN COUNTRY,PORT KELANG,CHINA (MAINLAND)
2020,470200,ROYAL GOLDEN EAGLE,APRIL,BUATAN,RIAU,506,255654,UNKNOWN,UNKNOWN,UNKNOWN COUNTRY,PORT KELANG,CHINA (MAINLAND)
2020,470200,ROYAL GOLDEN EAGLE,APRIL,BUATAN,RIAU,507,255975,UNKNOWN,UNKNOWN,UNKNOWN COUNTRY,PORT KELANG,CHINA (MAINLAND)
2020,470200,ROYAL GOLDEN EAGLE,APRIL,BUATAN,RIAU,506,255543,UNKNOWN,UNKNOWN,UNKNOWN COUNTRY,SINGAPORE,CHINA (MAINLAND)
2020,470200,ROYAL GOLDEN EAGLE,APRIL,BUATAN,RIAU,223,112393,UNKNOWN,UNKNOWN,UNKNOWN COUNTRY,SINGAPORE,CHINA (MAINLAND)
2020,470200,ROYAL GOLDEN EAGLE,APRIL,BUATAN,RIAU,506,255316,UNKNOWN,UNKNOWN,UNKNOWN COUNTRY,SINGAPORE,CHINA (MAINLAND)
2020,470329,ROYAL GOLDEN EAGLE,APRIL,BUATAN,RIAU,1004,324394,UNKNOWN,UNKNOWN,UNKNOWN COUNTRY,SINGAPORE,CHINA (MAINLAND)
2020,470329,ROYAL GOLDEN EAGLE,APRIL,BUATAN,RIAU,100,32422,UNKNOWN,UNKNOWN,UNKNOWN COUNTRY,SINGAPORE,INDIA
2020,470329,ROYAL GOLDEN EAGLE,APRIL,BUATAN,RIAU,100,30945,UNKNOWN,UNKNOWN,UNKNOWN COUNTRY,SINGAPORE,INDIA
2020,470329,ROYAL GOLDEN EAGLE,APRIL,BUATAN,RIAU,60,18428,UNKNOWN,UNKNOWN,UNKNOWN COUNTRY,SINGAPORE,INDIA
2020,470329,SINAR MAS,LONTAR PAPYRUS,KUALA TUNGKAL,JAMBI,1004,505416,UNKNOWN,UNKNOWN,UNKNOWN COUNTRY,ZHANJIANG,CHINA (MAINLAND)
2020,470329,SINAR MAS,LONTAR PAPYRUS,KUALA TUNGKAL,JAMBI,1004,505329,UNKNOWN,UNKNOWN,UNKNOWN COUNTRY,ZHANJIANG,CHINA (MAINLAND)
2020,470329,SINAR MAS,INDAH KIAT,PERAWANG,RIAU,500,241633,UNKNOWN,UNKNOWN,UNKNOWN COUNTRY,MELBOURNE,AUSTRALIA
2020,470329,SINAR MAS,INDAH KIAT,PERAWANG,RIAU,1000,486970,UNKNOWN,UNKNOWN,UNKNOWN COUNTRY,ABU DHABI,UNITED ARAB EMIRATES
2020,470200,ROYAL GOLDEN EAGLE,APRIL,UNKNOWN,RIAU,506,255636,UNKNOWN,UNKNOWN,UNKNOWN COUNTRY,PORT KELANG,CHINA (MAINLAND)
2020,470200,ROYAL GOLDEN EAGLE,APRIL,UNKNOWN,RIAU,506,255729,UNKNOWN,UNKNOWN,UNKNOWN COUNTRY,PORT KELANG,CHINA (MAINLAND)
2020,470329,ROYAL GOLDEN EAGLE,APRIL,UNKNOWN,RIAU,502,162172,UNKNOWN,UNKNOWN,UNKNOWN COUNTRY,SINGAPORE,CHINA (MAINLAND)
2020,470329,ROYAL GOLDEN EAGLE,APRIL,BUATAN,RIAU,503,154926,UNKNOWN,UNKNOWN,UNKNOWN COUNTRY,SINGAPORE,BANGLADESH
2020,470200,ROYAL GOLDEN EAGLE,APRIL,BUATAN,RIAU,506,255574,UNKNOWN,UNKNOWN,UNKNOWN COUNTRY,SINGAPORE,CHINA (MAINLAND)
2020,470329,SINAR MAS,LONTAR PAPYRUS,KUALA TUNGKAL,JAMBI,502,247665,UNKNOWN,UNKNOWN,UNKNOWN COUNTRY,CHITTAGONG,BANGLADESH
2020,470329,SINAR MAS,LONTAR PAPYRUS,KUALA TUNGKAL,JAMBI,1005,495768,UNKNOWN,UNKNOWN,UNKNOWN COUNTRY,ZHANJIANG,CHINA (MAINLAND)
2020,470329,SINAR MAS,INDAH KIAT,PERAWANG,RIAU,990,503618,UNKNOWN,UNKNOWN,UNKNOWN COUNTRY,NINGBO,CHINA (MAINLAND)
2020,470329,SINAR MAS,INDAH KIAT,PERAWANG,RIAU,814,404798,UNKNOWN,UNKNOWN,UNKNOWN COUNTRY,NINGBO,CHINA (MAINLAND)
2020,470329,SINAR MAS,INDAH KIAT,SUNGAI PAKNING,RIAU,1000,530000,UNKNOWN,UNKNOWN,UNKNOWN COUNTRY,CHITTAGONG,BANGLADESH
2020,470329,SINAR MAS,INDAH KIAT,SUNGAI PAKNING,RIAU,2000,960000,UNKNOWN,UNKNOWN,UNKNOWN COUNTRY,CHITTAGONG,BANGLADESH
2020,470329,SINAR MAS,INDAH KIAT,SUNGAI PAKNING,RIAU,500,240000,UNKNOWN,UNKNOWN,UNKNOWN COUNTRY,CHITTAGONG,BANGLADESH
2020,470329,SINAR MAS,INDAH KIAT,SUNGAI PAKNING,RIAU,5200,2522000,UNKNOWN,UNKNOWN,UNKNOWN COUNTRY,DAGANG,CHINA (MAINLAND)
2020,470329,SINAR MAS,INDAH KIAT,SUNGAI PAKNING,RIAU,5000,2425000,UNKNOWN,UNKNOWN,UNKNOWN COUNTRY,DAGANG,CHINA (MAINLAND)
2020,470329,ROYAL GOLDEN EAGLE,APRIL,UNKNOWN,RIAU,402,123691,UNKNOWN,UNKNOWN,UNKNOWN COUNTRY,PORT KELANG,BANGLADESH
2020,470329,ROYAL GOLDEN EAGLE,APRIL,UNKNOWN,RIAU,503,162397,UNKNOWN,UNKNOWN,UNKNOWN COUNTRY,PORT KELANG,BANGLADESH
2020,470200,ROYAL GOLDEN EAGLE,APRIL,UNKNOWN,RIAU,507,256042,UNKNOWN,UNKNOWN,UNKNOWN COUNTRY,PORT KELANG,CHINA (MAINLAND)
2020,470200,ROYAL GOLDEN EAGLE,APRIL,UNKNOWN,RIAU,507,255981,UNKNOWN,UNKNOWN,UNKNOWN COUNTRY,PORT KELANG,CHINA (MAINLAND)
2020,470200,ROYAL GOLDEN EAGLE,APRIL,UNKNOWN,RIAU,507,255940,UNKNOWN,UNKNOWN,UNKNOWN COUNTRY,PORT KELANG,CHINA (MAINLAND)
2020,470200,ROYAL GOLDEN EAGLE,APRIL,UNKNOWN,RIAU,507,255936,UNKNOWN,UNKNOWN,UNKNOWN COUNTRY,PORT KELANG,CHINA (MAINLAND)
2020,470200,ROYAL GOLDEN EAGLE,APRIL,UNKNOWN,RIAU,507,255846,UNKNOWN,UNKNOWN,UNKNOWN COUNTRY,PORT KELANG,CHINA (MAINLAND)
2020,470200,ROYAL GOLDEN EAGLE,APRIL,BUATAN,RIAU,506,255659,UNKNOWN,UNKNOWN,UNKNOWN COUNTRY,PORT KELANG,CHINA (MAINLAND)
2020,470329,ROYAL GOLDEN EAGLE,APRIL,BUATAN,RIAU,557,179751,UNKNOWN,UNKNOWN,UNKNOWN COUNTRY,SINGAPORE,EGYPT
2020,470329,ROYAL GOLDEN EAGLE,APRIL,BUATAN,RIAU,261,84306,UNKNOWN,UNKNOWN,UNKNOWN COUNTRY,SINGAPORE,INDIA
2020,470200,ROYAL GOLDEN EAGLE,APRIL,UNKNOWN,RIAU,506,255679,UNKNOWN,UNKNOWN,UNKNOWN COUNTRY,PORT KELANG,CHINA (MAINLAND)
2020,470200,ROYAL GOLDEN EAGLE,APRIL,UNKNOWN,RIAU,507,255940,UNKNOWN,UNKNOWN,UNKNOWN COUNTRY,PORT KELANG,CHINA (MAINLAND)
2020,470200,ROYAL GOLDEN EAGLE,APRIL,BUATAN,RIAU,506,255611,UNKNOWN,UNKNOWN,UNKNOWN COUNTRY,SINGAPORE,CHINA (MAINLAND)
2020,470200,ROYAL GOLDEN EAGLE,APRIL,BUATAN,RIAU,506,255555,UNKNOWN,UNKNOWN,UNKNOWN COUNTRY,SINGAPORE,CHINA (MAINLAND)
2020,470200,ROYAL GOLDEN EAGLE,APRIL,BUATAN,RIAU,506,255737,UNKNOWN,UNKNOWN,UNKNOWN COUNTRY,SINGAPORE,CHINA (MAINLAND)
2020,470200,ROYAL GOLDEN EAGLE,APRIL,BUATAN,RIAU,183,92279,UNKNOWN,UNKNOWN,UNKNOWN COUNTRY,SINGAPORE,CHINA (MAINLAND)
2020,470329,ROYAL GOLDEN EAGLE,APRIL,BUATAN,RIAU,1004,324325,UNKNOWN,UNKNOWN,UNKNOWN COUNTRY,SINGAPORE,CHINA (MAINLAND)
2020,470329,ROYAL GOLDEN EAGLE,APRIL,BUATAN,RIAU,503,162364,UNKNOWN,UNKNOWN,UNKNOWN COUNTRY,SINGAPORE,CHINA (MAINLAND)
2020,470329,ROYAL GOLDEN EAGLE,APRIL,BUATAN,RIAU,502,162099,UNKNOWN,UNKNOWN,UNKNOWN COUNTRY,SINGAPORE,VIETNAM
2020,470329,MARUBENI,TANJUNG ENIM LESTARI,PANJANG,SUMATERA SELATAN,107,44757,UNKNOWN,UNKNOWN,UNKNOWN COUNTRY,PIPAVAV (VICTOR) PORT,INDIA
2020,470329,MARUBENI,TANJUNG ENIM LESTARI,PANJANG,SUMATERA SELATAN,510,216780,UNKNOWN,UNKNOWN,UNKNOWN COUNTRY,PIPAVAV (VICTOR) PORT,INDIA
2020,470329,SINAR MAS,OKI,SULTAN MAHMUD BADARUDDIN (U),SUMATERA SELATAN,1000,492217,UNKNOWN,UNKNOWN,UNKNOWN COUNTRY,QINGDAO,CHINA (MAINLAND)
2020,470329,SINAR MAS,OKI,SULTAN MAHMUD BADARUDDIN (U),SUMATERA SELATAN,2100,1033655,UNKNOWN,UNKNOWN,UNKNOWN COUNTRY,QINGDAO,CHINA (MAINLAND)
2020,470329,SINAR MAS,OKI,SULTAN MAHMUD BADARUDDIN (U),SUMATERA SELATAN,3000,1476650,UNKNOWN,UNKNOWN,UNKNOWN COUNTRY,QINGDAO,CHINA (MAINLAND)
2020,470329,SINAR MAS,OKI,SULTAN MAHMUD BADARUDDIN (U),SUMATERA SELATAN,2200,1060889,UNKNOWN,UNKNOWN,UNKNOWN COUNTRY,TIANJIN,CHINA (MAINLAND)
2020,470329,SINAR MAS,OKI,SULTAN MAHMUD BADARUDDIN (U),SUMATERA SELATAN,4400,2165754,UNKNOWN,UNKNOWN,UNKNOWN COUNTRY,TIANJIN,CHINA (MAINLAND)
2020,470329,SINAR MAS,OKI,SULTAN MAHMUD BADARUDDIN (U),SUMATERA SELATAN,3300,1624315,UNKNOWN,UNKNOWN,UNKNOWN COUNTRY,TIANJIN,CHINA (MAINLAND)
2020,470329,SINAR MAS,OKI,SULTAN MAHMUD BADARUDDIN (U),SUMATERA SELATAN,2200,1085076,UNKNOWN,UNKNOWN,UNKNOWN COUNTRY,TIANJIN,CHINA (MAINLAND)
2020,470329,MARUBENI,TANJUNG ENIM LESTARI,TANJUNG PRIOK,SUMATERA SELATAN,509,216382,UNKNOWN,UNKNOWN,UNKNOWN COUNTRY,LAEM CHABANG,THAILAND
2020,470200,ROYAL GOLDEN EAGLE,APRIL,UNKNOWN,RIAU,506,255701,UNKNOWN,UNKNOWN,UNKNOWN COUNTRY,PORT KELANG,CHINA (MAINLAND)
2020,470329,ROYAL GOLDEN EAGLE,APRIL,BUATAN,RIAU,503,162333,UNKNOWN,UNKNOWN,UNKNOWN COUNTRY,SINGAPORE,BANGLADESH
2020,470329,ROYAL GOLDEN EAGLE,APRIL,BUATAN,RIAU,502,162198,UNKNOWN,UNKNOWN,UNKNOWN COUNTRY,SINGAPORE,BANGLADESH
2020,470200,ROYAL GOLDEN EAGLE,APRIL,BUATAN,RIAU,283,143156,UNKNOWN,UNKNOWN,UNKNOWN COUNTRY,SINGAPORE,CHINA (MAINLAND)
2020,470329,ROYAL GOLDEN EAGLE,APRIL,BUATAN,RIAU,502,162278,UNKNOWN,UNKNOWN,UNKNOWN COUNTRY,SINGAPORE,CHINA (MAINLAND)
2020,470329,ROYAL GOLDEN EAGLE,APRIL,BUATAN,RIAU,60,18535,UNKNOWN,UNKNOWN,UNKNOWN COUNTRY,SINGAPORE,INDIA
2020,470329,ROYAL GOLDEN EAGLE,APRIL,BUATAN,RIAU,502,162278,UNKNOWN,UNKNOWN,UNKNOWN COUNTRY,SINGAPORE,INDIA
2020,470329,SINAR MAS,LONTAR PAPYRUS,KUALA TUNGKAL,JAMBI,602,289021,UNKNOWN,UNKNOWN,UNKNOWN COUNTRY,PIPAVAV (VICTOR) PORT,INDIA
2020,470329,SINAR MAS,LONTAR PAPYRUS,KUALA TUNGKAL,JAMBI,602,288991,UNKNOWN,UNKNOWN,UNKNOWN COUNTRY,PIPAVAV (VICTOR) PORT,INDIA
2020,470329,SINAR MAS,LONTAR PAPYRUS,KUALA TUNGKAL,JAMBI,100,48650,UNKNOWN,UNKNOWN,UNKNOWN COUNTRY,MANILA SOUTH HARBOUR,PHILIPPINES
2020,470329,SINAR MAS,INDAH KIAT,PERAWANG,RIAU,500,241633,UNKNOWN,UNKNOWN,UNKNOWN COUNTRY,MELBOURNE,AUSTRALIA
2020,470329,SINAR MAS,INDAH KIAT,PERAWANG,RIAU,220,109405,UNKNOWN,UNKNOWN,UNKNOWN COUNTRY,NINGBO,CHINA (MAINLAND)
2020,470329,SINAR MAS,INDAH KIAT,PERAWANG,RIAU,600,293190,UNKNOWN,UNKNOWN,UNKNOWN COUNTRY,#N/A,ETHIOPIA
2020,470329,ROYAL GOLDEN EAGLE,APRIL,UNKNOWN,RIAU,402,129910,UNKNOWN,UNKNOWN,UNKNOWN COUNTRY,PORT KELANG,BANGLADESH
2020,470200,ROYAL GOLDEN EAGLE,APRIL,UNKNOWN,RIAU,506,255634,UNKNOWN,UNKNOWN,UNKNOWN COUNTRY,PORT KELANG,CHINA (MAINLAND)
2020,470200,ROYAL GOLDEN EAGLE,APRIL,UNKNOWN,RIAU,506,255772,UNKNOWN,UNKNOWN,UNKNOWN COUNTRY,PORT KELANG,CHINA (MAINLAND)
2020,470200,ROYAL GOLDEN EAGLE,APRIL,UNKNOWN,RIAU,507,255929,UNKNOWN,UNKNOWN,UNKNOWN COUNTRY,PORT KELANG,CHINA (MAINLAND)
2020,470200,ROYAL GOLDEN EAGLE,APRIL,UNKNOWN,RIAU,507,255983,UNKNOWN,UNKNOWN,UNKNOWN COUNTRY,PORT KELANG,CHINA (MAINLAND)
2020,470200,ROYAL GOLDEN EAGLE,APRIL,BUATAN,RIAU,506,255538,UNKNOWN,UNKNOWN,UNKNOWN COUNTRY,SINGAPORE,CHINA (MAINLAND)
2020,470200,ROYAL GOLDEN EAGLE,APRIL,BUATAN,RIAU,506,255326,UNKNOWN,UNKNOWN,UNKNOWN COUNTRY,SINGAPORE,CHINA (MAINLAND)
2020,470329,MARUBENI,TANJUNG ENIM LESTARI,PANJANG,SUMATERA SELATAN,509,205997,UNKNOWN,UNKNOWN,UNKNOWN COUNTRY,MELBOURNE,AUSTRALIA
2020,470329,MARUBENI,TANJUNG ENIM LESTARI,PANJANG,SUMATERA SELATAN,299,126547,UNKNOWN,UNKNOWN,UNKNOWN COUNTRY,JAWAHARLAL NEHRU (NHAVA SHEVA),INDIA
2020,470329,MARUBENI,TANJUNG ENIM LESTARI,PANJANG,SUMATERA SELATAN,500,200278,UNKNOWN,UNKNOWN,UNKNOWN COUNTRY,JAWAHARLAL NEHRU (NHAVA SHEVA),INDIA
2020,470329,MARUBENI,TANJUNG ENIM LESTARI,PANJANG,SUMATERA SELATAN,213,88121,UNKNOWN,UNKNOWN,UNKNOWN COUNTRY,TUTICORIN,INDIA
2020,470329,SINAR MAS,INDAH KIAT,PERAWANG,RIAU,792,397327,UNKNOWN,UNKNOWN,UNKNOWN COUNTRY,SHANGHAI,CHINA (MAINLAND)
2020,470329,ROYAL GOLDEN EAGLE,APRIL,BUATAN,RIAU,503,162412,UNKNOWN,UNKNOWN,UNKNOWN COUNTRY,SINGAPORE,BANGLADESH
2020,470200,ROYAL GOLDEN EAGLE,APRIL,BUATAN,RIAU,506,255413,UNKNOWN,UNKNOWN,UNKNOWN COUNTRY,SINGAPORE,CHINA (MAINLAND)
2020,470329,ROYAL GOLDEN EAGLE,APRIL,BUATAN,RIAU,201,64918,UNKNOWN,UNKNOWN,UNKNOWN COUNTRY,SINGAPORE,CHINA (MAINLAND)
2020,470329,ROYAL GOLDEN EAGLE,APRIL,BUATAN,RIAU,199,64323,UNKNOWN,UNKNOWN,UNKNOWN COUNTRY,SINGAPORE,KENYA
2020,470329,ROYAL GOLDEN EAGLE,APRIL,BUATAN,RIAU,299,96729,UNKNOWN,UNKNOWN,UNKNOWN COUNTRY,SINGAPORE,PAKISTAN
2020,470329,SINAR MAS,INDAH KIAT,PERAWANG,RIAU,1000,494406,UNKNOWN,UNKNOWN,UNKNOWN COUNTRY,TUTICORIN,INDIA
2020,470329,SINAR MAS,INDAH KIAT,PERAWANG,RIAU,160,77820,UNKNOWN,UNKNOWN,UNKNOWN COUNTRY,DA NANG,VIETNAM
2020,470329,ROYAL GOLDEN EAGLE,APRIL,UNKNOWN,RIAU,502,154647,UNKNOWN,UNKNOWN,UNKNOWN COUNTRY,SINGAPORE,BANGLADESH
2020,470329,ROYAL GOLDEN EAGLE,APRIL,UNKNOWN,RIAU,502,162095,UNKNOWN,UNKNOWN,UNKNOWN COUNTRY,SINGAPORE,BANGLADESH
2020,470329,ROYAL GOLDEN EAGLE,APRIL,UNKNOWN,RIAU,502,162137,UNKNOWN,UNKNOWN,UNKNOWN COUNTRY,SINGAPORE,BANGLADESH
2020,470200,ROYAL GOLDEN EAGLE,APRIL,UNKNOWN,RIAU,506,255698,UNKNOWN,UNKNOWN,UNKNOWN COUNTRY,SINGAPORE,CHINA (MAINLAND)
2020,470200,ROYAL GOLDEN EAGLE,APRIL,UNKNOWN,RIAU,506,255504,UNKNOWN,UNKNOWN,UNKNOWN COUNTRY,SINGAPORE,CHINA (MAINLAND)
2020,470200,ROYAL GOLDEN EAGLE,APRIL,UNKNOWN,RIAU,506,255779,UNKNOWN,UNKNOWN,UNKNOWN COUNTRY,SINGAPORE,CHINA (MAINLAND)
2020,470329,ROYAL GOLDEN EAGLE,APRIL,UNKNOWN,RIAU,5986,1933523,UNKNOWN,UNKNOWN,UNKNOWN COUNTRY,KAKINADA,INDIA
2020,470329,ROYAL GOLDEN EAGLE,APRIL,BUATAN,RIAU,502,162204,UNKNOWN,UNKNOWN,UNKNOWN COUNTRY,SINGAPORE,BANGLADESH
2020,470329,ROYAL GOLDEN EAGLE,APRIL,BUATAN,RIAU,502,162238,UNKNOWN,UNKNOWN,UNKNOWN COUNTRY,SINGAPORE,BANGLADESH
2020,470200,ROYAL GOLDEN EAGLE,APRIL,BUATAN,RIAU,505,255264,UNKNOWN,UNKNOWN,UNKNOWN COUNTRY,SINGAPORE,CHINA (MAINLAND)
2020,470200,ROYAL GOLDEN EAGLE,APRIL,BUATAN,RIAU,505,255244,UNKNOWN,UNKNOWN,UNKNOWN COUNTRY,SINGAPORE,CHINA (MAINLAND)
2020,470329,SINAR MAS,INDAH KIAT,PERAWANG,RIAU,1122,543280,UNKNOWN,UNKNOWN,UNKNOWN COUNTRY,DALIAN,CHINA (MAINLAND)
2020,470329,SINAR MAS,INDAH KIAT,SUNGAI PAKNING,RIAU,3000,1450500,UNKNOWN,UNKNOWN,UNKNOWN COUNTRY,DAGANG,CHINA (MAINLAND)
2020,470329,SINAR MAS,INDAH KIAT,SUNGAI PAKNING,RIAU,3800,1875300,UNKNOWN,UNKNOWN,UNKNOWN COUNTRY,DAGANG,CHINA (MAINLAND)
2020,470329,SINAR MAS,INDAH KIAT,SUNGAI PAKNING,RIAU,3000,1450500,UNKNOWN,UNKNOWN,UNKNOWN COUNTRY,SHANGHAI,CHINA (MAINLAND)
2020,470329,ROYAL GOLDEN EAGLE,APRIL,BUATAN,RIAU,536,173236,UNKNOWN,UNKNOWN,UNKNOWN COUNTRY,SINGAPORE,EGYPT
2020,470329,ROYAL GOLDEN EAGLE,APRIL,BUATAN,RIAU,503,162395,UNKNOWN,UNKNOWN,UNKNOWN COUNTRY,SINGAPORE,INDIA
2020,470329,ROYAL GOLDEN EAGLE,APRIL,BUATAN,RIAU,503,162368,UNKNOWN,UNKNOWN,UNKNOWN COUNTRY,SINGAPORE,VIETNAM
2020,470329,SINAR MAS,OKI,SULTAN MAHMUD BADARUDDIN (U),SUMATERA SELATAN,1610,869400,UNKNOWN,UNKNOWN,UNKNOWN COUNTRY,YANGPU,CHINA (MAINLAND)
2020,470329,SINAR MAS,OKI,SULTAN MAHMUD BADARUDDIN (U),SUMATERA SELATAN,2390,1290600,UNKNOWN,UNKNOWN,UNKNOWN COUNTRY,YANGPU,CHINA (MAINLAND)
2020,470329,SINAR MAS,OKI,SULTAN MAHMUD BADARUDDIN (U),SUMATERA SELATAN,3000,1620000,UNKNOWN,UNKNOWN,UNKNOWN COUNTRY,YANGPU,CHINA (MAINLAND)
2020,470329,ROYAL GOLDEN EAGLE,APRIL,UNKNOWN,RIAU,502,162244,UNKNOWN,UNKNOWN,UNKNOWN COUNTRY,SINGAPORE,BANGLADESH
2020,470329,ROYAL GOLDEN EAGLE,APRIL,UNKNOWN,RIAU,502,162165,UNKNOWN,UNKNOWN,UNKNOWN COUNTRY,SINGAPORE,BANGLADESH
2020,470200,ROYAL GOLDEN EAGLE,APRIL,UNKNOWN,RIAU,506,255451,UNKNOWN,UNKNOWN,UNKNOWN COUNTRY,PORT KELANG,CHINA (MAINLAND)
2020,470200,ROYAL GOLDEN EAGLE,APRIL,UNKNOWN,RIAU,506,255765,UNKNOWN,UNKNOWN,UNKNOWN COUNTRY,PORT KELANG,CHINA (MAINLAND)
2020,470200,ROYAL GOLDEN EAGLE,APRIL,UNKNOWN,RIAU,506,255565,UNKNOWN,UNKNOWN,UNKNOWN COUNTRY,PORT KELANG,CHINA (MAINLAND)
2020,470329,ROYAL GOLDEN EAGLE,APRIL,BUATAN,RIAU,503,162506,UNKNOWN,UNKNOWN,UNKNOWN COUNTRY,SINGAPORE,BANGLADESH
2020,470200,ROYAL GOLDEN EAGLE,APRIL,BUATAN,RIAU,506,255574,UNKNOWN,UNKNOWN,UNKNOWN COUNTRY,PORT KELANG,CHINA (MAINLAND)
2020,470200,ROYAL GOLDEN EAGLE,APRIL,BUATAN,RIAU,506,255477,UNKNOWN,UNKNOWN,UNKNOWN COUNTRY,PORT KELANG,CHINA (MAINLAND)
2020,470200,ROYAL GOLDEN EAGLE,APRIL,BUATAN,RIAU,506,255478,UNKNOWN,UNKNOWN,UNKNOWN COUNTRY,PORT KELANG,CHINA (MAINLAND)
2020,470200,ROYAL GOLDEN EAGLE,APRIL,BUATAN,RIAU,506,255418,UNKNOWN,UNKNOWN,UNKNOWN COUNTRY,SINGAPORE,CHINA (MAINLAND)
2020,470200,ROYAL GOLDEN EAGLE,APRIL,BUATAN,RIAU,506,255619,UNKNOWN,UNKNOWN,UNKNOWN COUNTRY,SINGAPORE,CHINA (MAINLAND)
2020,470200,ROYAL GOLDEN EAGLE,APRIL,BUATAN,RIAU,506,255701,UNKNOWN,UNKNOWN,UNKNOWN COUNTRY,SINGAPORE,CHINA (MAINLAND)
2020,470329,ROYAL GOLDEN EAGLE,APRIL,BUATAN,RIAU,201,61884,UNKNOWN,UNKNOWN,UNKNOWN COUNTRY,SINGAPORE,THAILAND
2020,470200,ROYAL GOLDEN EAGLE,APRIL,UNKNOWN,RIAU,506,255633,UNKNOWN,UNKNOWN,UNKNOWN COUNTRY,PORT KELANG,CHINA (MAINLAND)
2020,470200,ROYAL GOLDEN EAGLE,APRIL,UNKNOWN,RIAU,507,255856,UNKNOWN,UNKNOWN,UNKNOWN COUNTRY,PORT KELANG,CHINA (MAINLAND)
2020,470200,ROYAL GOLDEN EAGLE,APRIL,UNKNOWN,RIAU,506,255715,UNKNOWN,UNKNOWN,UNKNOWN COUNTRY,PORT KELANG,CHINA (MAINLAND)
2020,470200,ROYAL GOLDEN EAGLE,APRIL,UNKNOWN,RIAU,506,255558,UNKNOWN,UNKNOWN,UNKNOWN COUNTRY,PORT KELANG,CHINA (MAINLAND)
2020,470200,ROYAL GOLDEN EAGLE,APRIL,UNKNOWN,RIAU,506,255697,UNKNOWN,UNKNOWN,UNKNOWN COUNTRY,PORT KELANG,CHINA (MAINLAND)
2020,470329,ROYAL GOLDEN EAGLE,APRIL,BUATAN,RIAU,503,162374,UNKNOWN,UNKNOWN,UNKNOWN COUNTRY,SINGAPORE,BANGLADESH
2020,470329,ROYAL GOLDEN EAGLE,APRIL,BUATAN,RIAU,503,162378,UNKNOWN,UNKNOWN,UNKNOWN COUNTRY,SINGAPORE,BANGLADESH
2020,470329,ROYAL GOLDEN EAGLE,APRIL,BUATAN,RIAU,502,162274,UNKNOWN,UNKNOWN,UNKNOWN COUNTRY,SINGAPORE,BANGLADESH
2020,470200,ROYAL GOLDEN EAGLE,APRIL,BUATAN,RIAU,506,255620,UNKNOWN,UNKNOWN,UNKNOWN COUNTRY,SINGAPORE,CHINA (MAINLAND)
2020,470329,ROYAL GOLDEN EAGLE,APRIL,BUATAN,RIAU,161,49524,UNKNOWN,UNKNOWN,UNKNOWN COUNTRY,SINGAPORE,INDIA
2020,470329,ROYAL GOLDEN EAGLE,APRIL,BUATAN,RIAU,503,162391,UNKNOWN,UNKNOWN,UNKNOWN COUNTRY,SINGAPORE,INDIA
2020,470329,ROYAL GOLDEN EAGLE,APRIL,BUATAN,RIAU,201,64985,UNKNOWN,UNKNOWN,UNKNOWN COUNTRY,SINGAPORE,INDIA
2020,470329,SINAR MAS,LONTAR PAPYRUS,KUALA TUNGKAL,JAMBI,502,248086,UNKNOWN,UNKNOWN,UNKNOWN COUNTRY,CHITTAGONG,BANGLADESH
2020,470329,SINAR MAS,LONTAR PAPYRUS,KUALA TUNGKAL,JAMBI,502,248516,UNKNOWN,UNKNOWN,UNKNOWN COUNTRY,ABU DHABI,UNITED ARAB EMIRATES
2020,470329,SINAR MAS,LONTAR PAPYRUS,KUALA TUNGKAL,JAMBI,501,248066,UNKNOWN,UNKNOWN,UNKNOWN COUNTRY,ABU DHABI,UNITED ARAB EMIRATES
2020,470329,SINAR MAS,OKI,SULTAN MAHMUD BADARUDDIN (U),SUMATERA SELATAN,192,94197,UNKNOWN,UNKNOWN,UNKNOWN COUNTRY,SINGAPORE,CHINA (MAINLAND)
2020,470329,SINAR MAS,OKI,SULTAN MAHMUD BADARUDDIN (U),SUMATERA SELATAN,224,112043,UNKNOWN,UNKNOWN,UNKNOWN COUNTRY,SINGAPORE,CHINA (MAINLAND)
2020,470329,MARUBENI,TANJUNG ENIM LESTARI,TANJUNG PRIOK,SUMATERA SELATAN,1048,431448,UNKNOWN,UNKNOWN,UNKNOWN COUNTRY,NINGBO,CHINA (MAINLAND)
2020,470329,MARUBENI,TANJUNG ENIM LESTARI,TANJUNG PRIOK,SUMATERA SELATAN,616,245033,UNKNOWN,UNKNOWN,UNKNOWN COUNTRY,YINGKOU,CHINA (MAINLAND)
2020,470329,ROYAL GOLDEN EAGLE,APRIL,UNKNOWN,RIAU,502,162299,UNKNOWN,UNKNOWN,UNKNOWN COUNTRY,PORT KELANG,BANGLADESH
2020,470200,ROYAL GOLDEN EAGLE,APRIL,UNKNOWN,RIAU,506,255659,UNKNOWN,UNKNOWN,UNKNOWN COUNTRY,PORT KELANG,CHINA (MAINLAND)
2020,470200,ROYAL GOLDEN EAGLE,APRIL,UNKNOWN,RIAU,506,255688,UNKNOWN,UNKNOWN,UNKNOWN COUNTRY,PORT KELANG,CHINA (MAINLAND)
2020,470200,ROYAL GOLDEN EAGLE,APRIL,UNKNOWN,RIAU,506,255692,UNKNOWN,UNKNOWN,UNKNOWN COUNTRY,PORT KELANG,CHINA (MAINLAND)
2020,470200,ROYAL GOLDEN EAGLE,APRIL,BUATAN,RIAU,506,255536,UNKNOWN,UNKNOWN,UNKNOWN COUNTRY,PORT KELANG,CHINA (MAINLAND)
2020,470200,ROYAL GOLDEN EAGLE,APRIL,BUATAN,RIAU,505,255194,UNKNOWN,UNKNOWN,UNKNOWN COUNTRY,SINGAPORE,CHINA (MAINLAND)
2020,470200,ROYAL GOLDEN EAGLE,APRIL,BUATAN,RIAU,506,255403,UNKNOWN,UNKNOWN,UNKNOWN COUNTRY,SINGAPORE,CHINA (MAINLAND)
2020,470200,ROYAL GOLDEN EAGLE,APRIL,BUATAN,RIAU,506,255365,UNKNOWN,UNKNOWN,UNKNOWN COUNTRY,SINGAPORE,CHINA (MAINLAND)
2020,470200,ROYAL GOLDEN EAGLE,APRIL,BUATAN,RIAU,506,255385,UNKNOWN,UNKNOWN,UNKNOWN COUNTRY,SINGAPORE,CHINA (MAINLAND)
2020,470329,ROYAL GOLDEN EAGLE,APRIL,BUATAN,RIAU,241,77901,UNKNOWN,UNKNOWN,UNKNOWN COUNTRY,SINGAPORE,INDIA
2020,470329,ROYAL GOLDEN EAGLE,APRIL,BUATAN,RIAU,503,162467,UNKNOWN,UNKNOWN,UNKNOWN COUNTRY,SINGAPORE,UNITED ARAB EMIRATES
2020,470329,MARUBENI,TANJUNG ENIM LESTARI,PANJANG,SUMATERA SELATAN,1049,429479,UNKNOWN,UNKNOWN,UNKNOWN COUNTRY,CHONGQING,CHINA (MAINLAND)
2020,470329,SINAR MAS,OKI,SULTAN MAHMUD BADARUDDIN (U),SUMATERA SELATAN,1500,734573,UNKNOWN,UNKNOWN,UNKNOWN COUNTRY,XINHUI,CHINA (MAINLAND)
2020,470329,SINAR MAS,OKI,SULTAN MAHMUD BADARUDDIN (U),SUMATERA SELATAN,500,244858,UNKNOWN,UNKNOWN,UNKNOWN COUNTRY,XINHUI,CHINA (MAINLAND)
2020,470329,SINAR MAS,OKI,SULTAN MAHMUD BADARUDDIN (U),SUMATERA SELATAN,2000,979431,UNKNOWN,UNKNOWN,UNKNOWN COUNTRY,XINHUI,CHINA (MAINLAND)
2020,470329,SINAR MAS,OKI,SULTAN MAHMUD BADARUDDIN (U),SUMATERA SELATAN,1610,791315,UNKNOWN,UNKNOWN,UNKNOWN COUNTRY,YANGPU,CHINA (MAINLAND)
2020,470329,SINAR MAS,OKI,SULTAN MAHMUD BADARUDDIN (U),SUMATERA SELATAN,1390,748515,UNKNOWN,UNKNOWN,UNKNOWN COUNTRY,YANGPU,CHINA (MAINLAND)
2020,470329,SINAR MAS,OKI,SULTAN MAHMUD BADARUDDIN (U),SUMATERA SELATAN,5600,2772000,UNKNOWN,UNKNOWN,UNKNOWN COUNTRY,ZHENJIANG,CHINA (MAINLAND)
2020,470329,SINAR MAS,OKI,SULTAN MAHMUD BADARUDDIN (U),SUMATERA SELATAN,400,198000,UNKNOWN,UNKNOWN,UNKNOWN COUNTRY,ZHENJIANG,CHINA (MAINLAND)
2020,470329,SINAR MAS,OKI,SULTAN MAHMUD BADARUDDIN (U),SUMATERA SELATAN,3000,1485000,UNKNOWN,UNKNOWN,UNKNOWN COUNTRY,ZHENJIANG,CHINA (MAINLAND)
2020,470329,SINAR MAS,OKI,SULTAN MAHMUD BADARUDDIN (U),SUMATERA SELATAN,1600,792000,UNKNOWN,UNKNOWN,UNKNOWN COUNTRY,ZHENJIANG,CHINA (MAINLAND)
2020,470329,ROYAL GOLDEN EAGLE,APRIL,UNKNOWN,RIAU,502,162174,UNKNOWN,UNKNOWN,UNKNOWN COUNTRY,PORT KELANG,BANGLADESH
2020,470329,ROYAL GOLDEN EAGLE,APRIL,UNKNOWN,RIAU,4519,1444715,UNKNOWN,UNKNOWN,UNKNOWN COUNTRY,NINGBO,CHINA (MAINLAND)
2020,470200,ROYAL GOLDEN EAGLE,APRIL,UNKNOWN,RIAU,506,255340,UNKNOWN,UNKNOWN,UNKNOWN COUNTRY,PORT KELANG,CHINA (MAINLAND)
2020,470200,ROYAL GOLDEN EAGLE,APRIL,UNKNOWN,RIAU,507,255796,UNKNOWN,UNKNOWN,UNKNOWN COUNTRY,PORT KELANG,CHINA (MAINLAND)
2020,470200,ROYAL GOLDEN EAGLE,APRIL,UNKNOWN,RIAU,506,255623,UNKNOWN,UNKNOWN,UNKNOWN COUNTRY,PORT KELANG,CHINA (MAINLAND)
2020,470329,ROYAL GOLDEN EAGLE,APRIL,UNKNOWN,RIAU,3516,1105560,UNKNOWN,UNKNOWN,UNKNOWN COUNTRY,ZHANJIANG,CHINA (MAINLAND)
2020,470329,ROYAL GOLDEN EAGLE,APRIL,UNKNOWN,RIAU,2159,697230,UNKNOWN,UNKNOWN,UNKNOWN COUNTRY,IYOMISHIMA,JAPAN
2020,470200,ROYAL GOLDEN EAGLE,TOBA PULP LESTARI,BELAWAN,SUMATERA UTARA,503,319180,UNKNOWN,UNKNOWN,UNKNOWN COUNTRY,QINGDAO,CHINA (MAINLAND)
2020,470200,ROYAL GOLDEN EAGLE,TOBA PULP LESTARI,BELAWAN,SUMATERA UTARA,503,319166,UNKNOWN,UNKNOWN,UNKNOWN COUNTRY,QINGDAO,CHINA (MAINLAND)
2020,470200,ROYAL GOLDEN EAGLE,APRIL,BUATAN,RIAU,505,255262,UNKNOWN,UNKNOWN,UNKNOWN COUNTRY,SINGAPORE,CHINA (MAINLAND)
2020,470200,ROYAL GOLDEN EAGLE,APRIL,BUATAN,RIAU,505,255203,UNKNOWN,UNKNOWN,UNKNOWN COUNTRY,SINGAPORE,CHINA (MAINLAND)
2020,470329,ROYAL GOLDEN EAGLE,APRIL,BUATAN,RIAU,398,128516,UNKNOWN,UNKNOWN,UNKNOWN COUNTRY,SINGAPORE,DJIBOUTI
2020,470329,ROYAL GOLDEN EAGLE,APRIL,BUATAN,RIAU,503,162523,UNKNOWN,UNKNOWN,UNKNOWN COUNTRY,SINGAPORE,INDIA
2020,470329,ROYAL GOLDEN EAGLE,APRIL,BUATAN,RIAU,141,45467,UNKNOWN,UNKNOWN,UNKNOWN COUNTRY,SINGAPORE,PAKISTAN
2020,470329,ROYAL GOLDEN EAGLE,APRIL,BUATAN,RIAU,241,74369,UNKNOWN,UNKNOWN,UNKNOWN COUNTRY,SINGAPORE,THAILAND
2020,470329,SINAR MAS,LONTAR PAPYRUS,KUALA TUNGKAL,JAMBI,1004,495507,UNKNOWN,UNKNOWN,UNKNOWN COUNTRY,ZHANJIANG,CHINA (MAINLAND)
2020,470329,SINAR MAS,LONTAR PAPYRUS,KUALA TUNGKAL,JAMBI,602,288928,UNKNOWN,UNKNOWN,UNKNOWN COUNTRY,PIPAVAV (VICTOR) PORT,INDIA
2020,470329,SINAR MAS,LONTAR PAPYRUS,KUALA TUNGKAL,JAMBI,501,240410,UNKNOWN,UNKNOWN,UNKNOWN COUNTRY,PIPAVAV (VICTOR) PORT,INDIA
2020,470329,SINAR MAS,LONTAR PAPYRUS,KUALA TUNGKAL,JAMBI,502,240788,UNKNOWN,UNKNOWN,UNKNOWN COUNTRY,PIPAVAV (VICTOR) PORT,INDIA
2020,470329,SINAR MAS,LONTAR PAPYRUS,KUALA TUNGKAL,JAMBI,241,116939,UNKNOWN,UNKNOWN,UNKNOWN COUNTRY,MANILA SOUTH HARBOUR,PHILIPPINES
2020,470329,SINAR MAS,LONTAR PAPYRUS,KUALA TUNGKAL,JAMBI,241,116133,UNKNOWN,UNKNOWN,UNKNOWN COUNTRY,HAIPHONG,VIETNAM
2020,470329,MARUBENI,TANJUNG ENIM LESTARI,PANJANG,SUMATERA SELATAN,314,138383,UNKNOWN,UNKNOWN,UNKNOWN COUNTRY,PENANG (GEORGETOWN),MALAYSIA
2020,470329,MARUBENI,TANJUNG ENIM LESTARI,PANJANG,SUMATERA SELATAN,514,221032,UNKNOWN,UNKNOWN,UNKNOWN COUNTRY,LAEM CHABANG,THAILAND
2020,470329,SINAR MAS,INDAH KIAT,PERAWANG,RIAU,1000,494406,UNKNOWN,UNKNOWN,UNKNOWN COUNTRY,TUTICORIN,INDIA
2020,470329,SINAR MAS,OKI,SULTAN MAHMUD BADARUDDIN (U),SUMATERA SELATAN,610,301950,UNKNOWN,UNKNOWN,UNKNOWN COUNTRY,SHANGHAI,CHINA (MAINLAND)
2020,470329,SINAR MAS,OKI,SULTAN MAHMUD BADARUDDIN (U),SUMATERA SELATAN,2870,1420650,UNKNOWN,UNKNOWN,UNKNOWN COUNTRY,SHANGHAI,CHINA (MAINLAND)
2020,470329,SINAR MAS,OKI,SULTAN MAHMUD BADARUDDIN (U),SUMATERA SELATAN,300,145500,UNKNOWN,UNKNOWN,UNKNOWN COUNTRY,SHANGHAI,CHINA (MAINLAND)
2020,470329,SINAR MAS,OKI,SULTAN MAHMUD BADARUDDIN (U),SUMATERA SELATAN,2220,1098900,UNKNOWN,UNKNOWN,UNKNOWN COUNTRY,SHANGHAI,CHINA (MAINLAND)
2020,470329,SINAR MAS,OKI,SULTAN MAHMUD BADARUDDIN (U),SUMATERA SELATAN,5000,2425000,UNKNOWN,UNKNOWN,UNKNOWN COUNTRY,SHANGHAI,CHINA (MAINLAND)
2020,470200,ROYAL GOLDEN EAGLE,APRIL,BUATAN,RIAU,507,256064,UNKNOWN,UNKNOWN,UNKNOWN COUNTRY,SINGAPORE,CHINA (MAINLAND)
2020,470200,ROYAL GOLDEN EAGLE,APRIL,BUATAN,RIAU,506,255501,UNKNOWN,UNKNOWN,UNKNOWN COUNTRY,SINGAPORE,CHINA (MAINLAND)
2020,470200,ROYAL GOLDEN EAGLE,APRIL,BUATAN,RIAU,506,255401,UNKNOWN,UNKNOWN,UNKNOWN COUNTRY,SINGAPORE,CHINA (MAINLAND)
2020,470200,ROYAL GOLDEN EAGLE,APRIL,BUATAN,RIAU,505,255275,UNKNOWN,UNKNOWN,UNKNOWN COUNTRY,SINGAPORE,CHINA (MAINLAND)
2020,470329,ROYAL GOLDEN EAGLE,APRIL,BUATAN,RIAU,40,12309,UNKNOWN,UNKNOWN,UNKNOWN COUNTRY,SINGAPORE,INDIA
2020,470329,ROYAL GOLDEN EAGLE,APRIL,BUATAN,RIAU,40,12273,UNKNOWN,UNKNOWN,UNKNOWN COUNTRY,SINGAPORE,INDIA
2020,470329,SINAR MAS,LONTAR PAPYRUS,KUALA TUNGKAL,JAMBI,1004,495671,UNKNOWN,UNKNOWN,UNKNOWN COUNTRY,ZHANJIANG,CHINA (MAINLAND)
2020,470329,SINAR MAS,LONTAR PAPYRUS,KUALA TUNGKAL,JAMBI,501,240661,UNKNOWN,UNKNOWN,UNKNOWN COUNTRY,PIPAVAV (VICTOR) PORT,INDIA
2020,470329,SINAR MAS,LONTAR PAPYRUS,KUALA TUNGKAL,JAMBI,502,240908,UNKNOWN,UNKNOWN,UNKNOWN COUNTRY,PIPAVAV (VICTOR) PORT,INDIA
2020,470329,SINAR MAS,LONTAR PAPYRUS,KUALA TUNGKAL,JAMBI,502,240870,UNKNOWN,UNKNOWN,UNKNOWN COUNTRY,PIPAVAV (VICTOR) PORT,INDIA
2020,470329,SINAR MAS,LONTAR PAPYRUS,KUALA TUNGKAL,JAMBI,502,241026,UNKNOWN,UNKNOWN,UNKNOWN COUNTRY,PIPAVAV (VICTOR) PORT,INDIA
2020,470329,MARUBENI,TANJUNG ENIM LESTARI,PANJANG,SUMATERA SELATAN,105,44959,UNKNOWN,UNKNOWN,UNKNOWN COUNTRY,CAT LAI,VIETNAM
2020,470329,ROYAL GOLDEN EAGLE,APRIL,UNKNOWN,RIAU,80,24776,UNKNOWN,UNKNOWN,UNKNOWN COUNTRY,SINGAPORE,BANGLADESH
2020,470329,ROYAL GOLDEN EAGLE,APRIL,UNKNOWN,RIAU,503,162413,UNKNOWN,UNKNOWN,UNKNOWN COUNTRY,SINGAPORE,BANGLADESH
2020,470329,ROYAL GOLDEN EAGLE,APRIL,UNKNOWN,RIAU,502,162290,UNKNOWN,UNKNOWN,UNKNOWN COUNTRY,SINGAPORE,BANGLADESH
2020,470329,ROYAL GOLDEN EAGLE,APRIL,UNKNOWN,RIAU,502,162280,UNKNOWN,UNKNOWN,UNKNOWN COUNTRY,SINGAPORE,BANGLADESH
2020,470329,ROYAL GOLDEN EAGLE,APRIL,UNKNOWN,RIAU,502,162263,UNKNOWN,UNKNOWN,UNKNOWN COUNTRY,SINGAPORE,BANGLADESH
2020,470329,ROYAL GOLDEN EAGLE,APRIL,UNKNOWN,RIAU,402,129871,UNKNOWN,UNKNOWN,UNKNOWN COUNTRY,SINGAPORE,BANGLADESH
2020,470329,ROYAL GOLDEN EAGLE,APRIL,UNKNOWN,RIAU,985,318154,UNKNOWN,UNKNOWN,UNKNOWN COUNTRY,SINGAPORE,CHINA (MAINLAND)
2020,470329,ROYAL GOLDEN EAGLE,APRIL,UNKNOWN,RIAU,60,19424,UNKNOWN,UNKNOWN,UNKNOWN COUNTRY,SINGAPORE,INDIA
2020,470329,ROYAL GOLDEN EAGLE,APRIL,UNKNOWN,RIAU,502,162242,UNKNOWN,UNKNOWN,UNKNOWN COUNTRY,SINGAPORE,INDIA
2020,470329,ROYAL GOLDEN EAGLE,APRIL,UNKNOWN,RIAU,12053,3893211,UNKNOWN,UNKNOWN,UNKNOWN COUNTRY,ABU DHABI,UNITED ARAB EMIRATES
2020,470200,ROYAL GOLDEN EAGLE,APRIL,BUATAN,RIAU,507,256177,UNKNOWN,UNKNOWN,UNKNOWN COUNTRY,SINGAPORE,CHINA (MAINLAND)
2020,470200,ROYAL GOLDEN EAGLE,APRIL,BUATAN,RIAU,505,255276,UNKNOWN,UNKNOWN,UNKNOWN COUNTRY,SINGAPORE,CHINA (MAINLAND)
2020,470200,ROYAL GOLDEN EAGLE,APRIL,BUATAN,RIAU,505,255197,UNKNOWN,UNKNOWN,UNKNOWN COUNTRY,SINGAPORE,CHINA (MAINLAND)
2020,470200,ROYAL GOLDEN EAGLE,APRIL,BUATAN,RIAU,506,255296,UNKNOWN,UNKNOWN,UNKNOWN COUNTRY,SINGAPORE,CHINA (MAINLAND)
2020,470329,ROYAL GOLDEN EAGLE,APRIL,BUATAN,RIAU,60,19517,UNKNOWN,UNKNOWN,UNKNOWN COUNTRY,SINGAPORE,INDIA
2020,470329,ROYAL GOLDEN EAGLE,APRIL,BUATAN,RIAU,503,162356,UNKNOWN,UNKNOWN,UNKNOWN COUNTRY,SINGAPORE,INDIA
2020,470329,ROYAL GOLDEN EAGLE,APRIL,BUATAN,RIAU,97,31222,UNKNOWN,UNKNOWN,UNKNOWN COUNTRY,SINGAPORE,TAIWAN
2020,470329,ROYAL GOLDEN EAGLE,APRIL,BUATAN,RIAU,301,97380,UNKNOWN,UNKNOWN,UNKNOWN COUNTRY,SINGAPORE,VIETNAM
2020,470329,SINAR MAS,LONTAR PAPYRUS,KUALA TUNGKAL,JAMBI,101,48677,UNKNOWN,UNKNOWN,UNKNOWN COUNTRY,CHITTAGONG,BANGLADESH
2020,470329,SINAR MAS,LONTAR PAPYRUS,KUALA TUNGKAL,JAMBI,100,48498,UNKNOWN,UNKNOWN,UNKNOWN COUNTRY,CHITTAGONG,BANGLADESH
2020,470329,SINAR MAS,LONTAR PAPYRUS,KUALA TUNGKAL,JAMBI,100,48429,UNKNOWN,UNKNOWN,UNKNOWN COUNTRY,CHITTAGONG,BANGLADESH
2020,470329,SINAR MAS,LONTAR PAPYRUS,KUALA TUNGKAL,JAMBI,100,48566,UNKNOWN,UNKNOWN,UNKNOWN COUNTRY,CHITTAGONG,BANGLADESH
2020,470329,SINAR MAS,LONTAR PAPYRUS,KUALA TUNGKAL,JAMBI,100,48539,UNKNOWN,UNKNOWN,UNKNOWN COUNTRY,CHITTAGONG,BANGLADESH
2020,470329,SINAR MAS,INDAH KIAT,SUNGAI PAKNING,RIAU,1000,530000,UNKNOWN,UNKNOWN,UNKNOWN COUNTRY,CHITTAGONG,BANGLADESH
2020,470329,SINAR MAS,INDAH KIAT,SUNGAI PAKNING,RIAU,500,245685,UNKNOWN,UNKNOWN,UNKNOWN COUNTRY,HALDIA,INDIA
2020,470329,SINAR MAS,INDAH KIAT,SUNGAI PAKNING,RIAU,1500,737055,UNKNOWN,UNKNOWN,UNKNOWN COUNTRY,HALDIA,INDIA
2020,470329,SINAR MAS,INDAH KIAT,SUNGAI PAKNING,RIAU,2500,1228425,UNKNOWN,UNKNOWN,UNKNOWN COUNTRY,HALDIA,INDIA
2020,470329,SINAR MAS,INDAH KIAT,SUNGAI PAKNING,RIAU,2000,982740,UNKNOWN,UNKNOWN,UNKNOWN COUNTRY,HALDIA,INDIA
2020,470329,MARUBENI,TANJUNG ENIM LESTARI,TARAHAN,SUMATERA SELATAN,1049,419245,UNKNOWN,UNKNOWN,UNKNOWN COUNTRY,QINGDAO,CHINA (MAINLAND)
2020,470329,MARUBENI,TANJUNG ENIM LESTARI,TARAHAN,SUMATERA SELATAN,2099,839120,UNKNOWN,UNKNOWN,UNKNOWN COUNTRY,QINGDAO,CHINA (MAINLAND)
2020,470329,MARUBENI,TANJUNG ENIM LESTARI,TARAHAN,SUMATERA SELATAN,2098,838878,UNKNOWN,UNKNOWN,UNKNOWN COUNTRY,QINGDAO,CHINA (MAINLAND)
2020,470329,MARUBENI,TANJUNG ENIM LESTARI,TARAHAN,SUMATERA SELATAN,1039,420592,UNKNOWN,UNKNOWN,UNKNOWN COUNTRY,PYEONGTAEK,SOUTH KOREA
2020,470329,MARUBENI,TANJUNG ENIM LESTARI,TARAHAN,SUMATERA SELATAN,520,210480,UNKNOWN,UNKNOWN,UNKNOWN COUNTRY,PYEONGTAEK,SOUTH KOREA
2020,470329,MARUBENI,TANJUNG ENIM LESTARI,TARAHAN,SUMATERA SELATAN,1040,421030,UNKNOWN,UNKNOWN,UNKNOWN COUNTRY,PYEONGTAEK,SOUTH KOREA
2020,470329,MARUBENI,TANJUNG ENIM LESTARI,TARAHAN,SUMATERA SELATAN,209,86903,UNKNOWN,UNKNOWN,UNKNOWN COUNTRY,PYEONGTAEK,SOUTH KOREA
2020,470329,MARUBENI,TANJUNG ENIM LESTARI,TARAHAN,SUMATERA SELATAN,1560,631758,UNKNOWN,UNKNOWN,UNKNOWN COUNTRY,PYEONGTAEK,SOUTH KOREA
2020,470329,MARUBENI,TANJUNG ENIM LESTARI,TARAHAN,SUMATERA SELATAN,420,174304,UNKNOWN,UNKNOWN,UNKNOWN COUNTRY,PYEONGTAEK,SOUTH KOREA
2020,470200,ROYAL GOLDEN EAGLE,APRIL,BUATAN,RIAU,506,255713,UNKNOWN,UNKNOWN,UNKNOWN COUNTRY,SINGAPORE,CHINA (MAINLAND)
2020,470200,ROYAL GOLDEN EAGLE,APRIL,BUATAN,RIAU,506,255623,UNKNOWN,UNKNOWN,UNKNOWN COUNTRY,SINGAPORE,CHINA (MAINLAND)
2020,470200,ROYAL GOLDEN EAGLE,APRIL,BUATAN,RIAU,506,255438,UNKNOWN,UNKNOWN,UNKNOWN COUNTRY,SINGAPORE,CHINA (MAINLAND)
2020,470200,ROYAL GOLDEN EAGLE,APRIL,BUATAN,RIAU,506,255418,UNKNOWN,UNKNOWN,UNKNOWN COUNTRY,SINGAPORE,CHINA (MAINLAND)
2020,470200,ROYAL GOLDEN EAGLE,APRIL,BUATAN,RIAU,506,255375,UNKNOWN,UNKNOWN,UNKNOWN COUNTRY,SINGAPORE,CHINA (MAINLAND)
2020,470200,ROYAL GOLDEN EAGLE,APRIL,BUATAN,RIAU,506,255774,UNKNOWN,UNKNOWN,UNKNOWN COUNTRY,SINGAPORE,CHINA (MAINLAND)
2020,470329,SINAR MAS,INDAH KIAT,PERAWANG,RIAU,792,383526,UNKNOWN,UNKNOWN,UNKNOWN COUNTRY,NINGBO,CHINA (MAINLAND)
2020,470329,SINAR MAS,INDAH KIAT,PERAWANG,RIAU,260,125301,UNKNOWN,UNKNOWN,UNKNOWN COUNTRY,EL ISKANDARIYA (=ALEXANDRIA),EGYPT
2020,470329,SINAR MAS,INDAH KIAT,PERAWANG,RIAU,240,115662,UNKNOWN,UNKNOWN,UNKNOWN COUNTRY,EL ISKANDARIYA (=ALEXANDRIA),EGYPT
2020,470329,SINAR MAS,INDAH KIAT,PERAWANG,RIAU,300,145598,UNKNOWN,UNKNOWN,UNKNOWN COUNTRY,TAICHUNG,TAIWAN
2020,470329,SINAR MAS,INDAH KIAT,PERAWANG,RIAU,100,48939,UNKNOWN,UNKNOWN,UNKNOWN COUNTRY,CAT LAI,VIETNAM
2020,470329,SINAR MAS,INDAH KIAT,SUNGAI PAKNING,RIAU,3500,1732500,UNKNOWN,UNKNOWN,UNKNOWN COUNTRY,DAGANG,CHINA (MAINLAND)
2020,470329,SINAR MAS,INDAH KIAT,SUNGAI PAKNING,RIAU,6500,3217500,UNKNOWN,UNKNOWN,UNKNOWN COUNTRY,DAGANG,CHINA (MAINLAND)
2020,470329,SINAR MAS,INDAH KIAT,SUNGAI PAKNING,RIAU,1500,727500,UNKNOWN,UNKNOWN,UNKNOWN COUNTRY,DAGANG,CHINA (MAINLAND)
2020,470329,SINAR MAS,INDAH KIAT,SUNGAI PAKNING,RIAU,1300,643500,UNKNOWN,UNKNOWN,UNKNOWN COUNTRY,DAGANG,CHINA (MAINLAND)
2020,470200,ROYAL GOLDEN EAGLE,APRIL,UNKNOWN,RIAU,507,256195,UNKNOWN,UNKNOWN,UNKNOWN COUNTRY,PORT KELANG,CHINA (MAINLAND)
2020,470200,ROYAL GOLDEN EAGLE,APRIL,UNKNOWN,RIAU,506,255705,UNKNOWN,UNKNOWN,UNKNOWN COUNTRY,PORT KELANG,CHINA (MAINLAND)
2020,470200,ROYAL GOLDEN EAGLE,APRIL,UNKNOWN,RIAU,508,256606,UNKNOWN,UNKNOWN,UNKNOWN COUNTRY,PORT KELANG,CHINA (MAINLAND)
2020,470200,ROYAL GOLDEN EAGLE,APRIL,BUATAN,RIAU,508,256572,UNKNOWN,UNKNOWN,UNKNOWN COUNTRY,SINGAPORE,CHINA (MAINLAND)
2020,470200,ROYAL GOLDEN EAGLE,APRIL,BUATAN,RIAU,506,255339,UNKNOWN,UNKNOWN,UNKNOWN COUNTRY,SINGAPORE,CHINA (MAINLAND)
2020,470200,ROYAL GOLDEN EAGLE,APRIL,BUATAN,RIAU,505,255090,UNKNOWN,UNKNOWN,UNKNOWN COUNTRY,SINGAPORE,CHINA (MAINLAND)
2020,470200,ROYAL GOLDEN EAGLE,APRIL,BUATAN,RIAU,507,255849,UNKNOWN,UNKNOWN,UNKNOWN COUNTRY,SINGAPORE,CHINA (MAINLAND)
2020,470200,ROYAL GOLDEN EAGLE,APRIL,BUATAN,RIAU,506,255539,UNKNOWN,UNKNOWN,UNKNOWN COUNTRY,SINGAPORE,CHINA (MAINLAND)
2020,470200,ROYAL GOLDEN EAGLE,APRIL,BUATAN,RIAU,505,255202,UNKNOWN,UNKNOWN,UNKNOWN COUNTRY,SINGAPORE,CHINA (MAINLAND)
2020,470200,ROYAL GOLDEN EAGLE,APRIL,BUATAN,RIAU,505,255056,UNKNOWN,UNKNOWN,UNKNOWN COUNTRY,SINGAPORE,CHINA (MAINLAND)
2020,470329,SINAR MAS,INDAH KIAT,PERAWANG,RIAU,500,241633,UNKNOWN,UNKNOWN,UNKNOWN COUNTRY,MELBOURNE,AUSTRALIA
2020,470329,SINAR MAS,INDAH KIAT,PERAWANG,RIAU,1000,487219,UNKNOWN,UNKNOWN,UNKNOWN COUNTRY,ABU DHABI,UNITED ARAB EMIRATES
2020,470329,SINAR MAS,OKI,SULTAN MAHMUD BADARUDDIN (U),SUMATERA SELATAN,5000,2461084,UNKNOWN,UNKNOWN,UNKNOWN COUNTRY,CHANGSHU,CHINA (MAINLAND)
2020,470329,SINAR MAS,OKI,SULTAN MAHMUD BADARUDDIN (U),SUMATERA SELATAN,1000,482500,UNKNOWN,UNKNOWN,UNKNOWN COUNTRY,CHANGSHU,CHINA (MAINLAND)
2020,470329,SINAR MAS,OKI,SULTAN MAHMUD BADARUDDIN (U),SUMATERA SELATAN,1000,485500,UNKNOWN,UNKNOWN,UNKNOWN COUNTRY,GUNSAN,SOUTH KOREA
2020,470329,SINAR MAS,OKI,SULTAN MAHMUD BADARUDDIN (U),SUMATERA SELATAN,5000,2477500,UNKNOWN,UNKNOWN,UNKNOWN COUNTRY,GUNSAN,SOUTH KOREA
2020,470329,ROYAL GOLDEN EAGLE,APRIL,UNKNOWN,RIAU,503,162328,UNKNOWN,UNKNOWN,UNKNOWN COUNTRY,PORT KELANG,BANGLADESH
2020,470329,ROYAL GOLDEN EAGLE,APRIL,UNKNOWN,RIAU,402,129789,UNKNOWN,UNKNOWN,UNKNOWN COUNTRY,PORT KELANG,BANGLADESH
2020,470200,ROYAL GOLDEN EAGLE,APRIL,UNKNOWN,RIAU,508,256724,UNKNOWN,UNKNOWN,UNKNOWN COUNTRY,PORT KELANG,CHINA (MAINLAND)
2020,470200,ROYAL GOLDEN EAGLE,APRIL,UNKNOWN,RIAU,508,256602,UNKNOWN,UNKNOWN,UNKNOWN COUNTRY,PORT KELANG,CHINA (MAINLAND)
2020,470200,ROYAL GOLDEN EAGLE,APRIL,UNKNOWN,RIAU,508,256438,UNKNOWN,UNKNOWN,UNKNOWN COUNTRY,PORT KELANG,CHINA (MAINLAND)
2020,470200,ROYAL GOLDEN EAGLE,APRIL,UNKNOWN,RIAU,507,256278,UNKNOWN,UNKNOWN,UNKNOWN COUNTRY,PORT KELANG,CHINA (MAINLAND)
2020,470200,ROYAL GOLDEN EAGLE,APRIL,UNKNOWN,RIAU,507,256081,UNKNOWN,UNKNOWN,UNKNOWN COUNTRY,PORT KELANG,CHINA (MAINLAND)
2020,470200,ROYAL GOLDEN EAGLE,APRIL,BUATAN,RIAU,507,256075,UNKNOWN,UNKNOWN,UNKNOWN COUNTRY,SINGAPORE,CHINA (MAINLAND)
2020,470200,ROYAL GOLDEN EAGLE,APRIL,BUATAN,RIAU,506,255488,UNKNOWN,UNKNOWN,UNKNOWN COUNTRY,SINGAPORE,CHINA (MAINLAND)
2020,470200,ROYAL GOLDEN EAGLE,APRIL,BUATAN,RIAU,506,255496,UNKNOWN,UNKNOWN,UNKNOWN COUNTRY,SINGAPORE,CHINA (MAINLAND)
2020,470200,ROYAL GOLDEN EAGLE,APRIL,BUATAN,RIAU,506,255389,UNKNOWN,UNKNOWN,UNKNOWN COUNTRY,SINGAPORE,CHINA (MAINLAND)
2020,470329,SINAR MAS,INDAH KIAT,PERAWANG,RIAU,1012,491119,UNKNOWN,UNKNOWN,UNKNOWN COUNTRY,DALIAN,CHINA (MAINLAND)
2020,470329,SINAR MAS,INDAH KIAT,PERAWANG,RIAU,1000,494684,UNKNOWN,UNKNOWN,UNKNOWN COUNTRY,TUTICORIN,INDIA
2020,470329,MARUBENI,TANJUNG ENIM LESTARI,TANJUNG PRIOK,SUMATERA SELATAN,535,220522,UNKNOWN,UNKNOWN,UNKNOWN COUNTRY,NINGBO,CHINA (MAINLAND)
2020,470329,MARUBENI,TANJUNG ENIM LESTARI,TANJUNG PRIOK,SUMATERA SELATAN,640,257645,UNKNOWN,UNKNOWN,UNKNOWN COUNTRY,YINGKOU,CHINA (MAINLAND)
2020,470200,ROYAL GOLDEN EAGLE,APRIL,UNKNOWN,RIAU,508,256611,UNKNOWN,UNKNOWN,UNKNOWN COUNTRY,PORT KELANG,CHINA (MAINLAND)
2020,470200,ROYAL GOLDEN EAGLE,APRIL,BUATAN,RIAU,508,256519,UNKNOWN,UNKNOWN,UNKNOWN COUNTRY,SINGAPORE,CHINA (MAINLAND)
2020,470200,ROYAL GOLDEN EAGLE,APRIL,BUATAN,RIAU,507,256088,UNKNOWN,UNKNOWN,UNKNOWN COUNTRY,SINGAPORE,CHINA (MAINLAND)
2020,470200,ROYAL GOLDEN EAGLE,APRIL,BUATAN,RIAU,506,255422,UNKNOWN,UNKNOWN,UNKNOWN COUNTRY,SINGAPORE,CHINA (MAINLAND)
2020,470200,ROYAL GOLDEN EAGLE,APRIL,BUATAN,RIAU,506,255372,UNKNOWN,UNKNOWN,UNKNOWN COUNTRY,SINGAPORE,CHINA (MAINLAND)
2020,470200,ROYAL GOLDEN EAGLE,APRIL,BUATAN,RIAU,505,255123,UNKNOWN,UNKNOWN,UNKNOWN COUNTRY,SINGAPORE,CHINA (MAINLAND)
2020,470200,ROYAL GOLDEN EAGLE,APRIL,BUATAN,RIAU,507,255788,UNKNOWN,UNKNOWN,UNKNOWN COUNTRY,SINGAPORE,CHINA (MAINLAND)
2020,470200,ROYAL GOLDEN EAGLE,APRIL,BUATAN,RIAU,506,255781,UNKNOWN,UNKNOWN,UNKNOWN COUNTRY,SINGAPORE,CHINA (MAINLAND)
2020,470200,ROYAL GOLDEN EAGLE,APRIL,BUATAN,RIAU,506,255464,UNKNOWN,UNKNOWN,UNKNOWN COUNTRY,SINGAPORE,CHINA (MAINLAND)
2020,470200,ROYAL GOLDEN EAGLE,APRIL,BUATAN,RIAU,506,255730,UNKNOWN,UNKNOWN,UNKNOWN COUNTRY,SINGAPORE,CHINA (MAINLAND)
2020,470200,ROYAL GOLDEN EAGLE,APRIL,BUATAN,RIAU,506,255544,UNKNOWN,UNKNOWN,UNKNOWN COUNTRY,SINGAPORE,CHINA (MAINLAND)
2020,470329,MARUBENI,TANJUNG ENIM LESTARI,PANJANG,SUMATERA SELATAN,214,87092,UNKNOWN,UNKNOWN,UNKNOWN COUNTRY,JAWAHARLAL NEHRU (NHAVA SHEVA),INDIA
2020,470329,SINAR MAS,OKI,SULTAN MAHMUD BADARUDDIN (U),SUMATERA SELATAN,9000,4356000,UNKNOWN,UNKNOWN,UNKNOWN COUNTRY,CHANGSHU,CHINA (MAINLAND)
2020,470329,SINAR MAS,OKI,SULTAN MAHMUD BADARUDDIN (U),SUMATERA SELATAN,3000,1452000,UNKNOWN,UNKNOWN,UNKNOWN COUNTRY,NINGBO,CHINA (MAINLAND)
2020,470329,SINAR MAS,OKI,SULTAN MAHMUD BADARUDDIN (U),SUMATERA SELATAN,3392,1641728,UNKNOWN,UNKNOWN,UNKNOWN COUNTRY,NINGBO,CHINA (MAINLAND)
2020,470329,SINAR MAS,OKI,SULTAN MAHMUD BADARUDDIN (U),SUMATERA SELATAN,2000,968000,UNKNOWN,UNKNOWN,UNKNOWN COUNTRY,NINGBO,CHINA (MAINLAND)
2020,470329,SINAR MAS,OKI,SULTAN MAHMUD BADARUDDIN (U),SUMATERA SELATAN,2608,1262272,UNKNOWN,UNKNOWN,UNKNOWN COUNTRY,NINGBO,CHINA (MAINLAND)
2020,470200,ROYAL GOLDEN EAGLE,APRIL,UNKNOWN,RIAU,506,255714,UNKNOWN,UNKNOWN,UNKNOWN COUNTRY,PORT KELANG,CHINA (MAINLAND)
2020,470200,ROYAL GOLDEN EAGLE,TOBA PULP LESTARI,BELAWAN,SUMATERA UTARA,96,61274,UNKNOWN,UNKNOWN,UNKNOWN COUNTRY,JAWAHARLAL NEHRU (NHAVA SHEVA),INDIA
2020,470200,ROYAL GOLDEN EAGLE,APRIL,BUATAN,RIAU,508,256462,UNKNOWN,UNKNOWN,UNKNOWN COUNTRY,SINGAPORE,CHINA (MAINLAND)
2020,470200,ROYAL GOLDEN EAGLE,APRIL,BUATAN,RIAU,506,255696,UNKNOWN,UNKNOWN,UNKNOWN COUNTRY,SINGAPORE,CHINA (MAINLAND)
2020,470200,ROYAL GOLDEN EAGLE,APRIL,BUATAN,RIAU,506,255595,UNKNOWN,UNKNOWN,UNKNOWN COUNTRY,SINGAPORE,CHINA (MAINLAND)
2020,470200,ROYAL GOLDEN EAGLE,APRIL,BUATAN,RIAU,345,173985,UNKNOWN,UNKNOWN,UNKNOWN COUNTRY,SINGAPORE,CHINA (MAINLAND)
2020,470329,SINAR MAS,OKI,SULTAN MAHMUD BADARUDDIN (U),SUMATERA SELATAN,5000,2425000,UNKNOWN,UNKNOWN,UNKNOWN COUNTRY,NINGBO,CHINA (MAINLAND)
2020,470329,SINAR MAS,OKI,SULTAN MAHMUD BADARUDDIN (U),SUMATERA SELATAN,1500,727500,UNKNOWN,UNKNOWN,UNKNOWN COUNTRY,NINGBO,CHINA (MAINLAND)
2020,470329,SINAR MAS,OKI,SULTAN MAHMUD BADARUDDIN (U),SUMATERA SELATAN,4000,1940000,UNKNOWN,UNKNOWN,UNKNOWN COUNTRY,NINGBO,CHINA (MAINLAND)
2020,470329,SINAR MAS,INDAH KIAT,SUNGAI PAKNING,RIAU,500,240000,UNKNOWN,UNKNOWN,UNKNOWN COUNTRY,CHITTAGONG,BANGLADESH
2020,470329,SINAR MAS,INDAH KIAT,SUNGAI PAKNING,RIAU,5500,2640000,UNKNOWN,UNKNOWN,UNKNOWN COUNTRY,CHITTAGONG,BANGLADESH
2020,470200,ROYAL GOLDEN EAGLE,APRIL,UNKNOWN,RIAU,510,257783,UNKNOWN,UNKNOWN,UNKNOWN COUNTRY,PORT KELANG,CHINA (MAINLAND)
2020,470200,ROYAL GOLDEN EAGLE,APRIL,UNKNOWN,RIAU,506,255704,UNKNOWN,UNKNOWN,UNKNOWN COUNTRY,PORT KELANG,CHINA (MAINLAND)
2020,470200,ROYAL GOLDEN EAGLE,APRIL,UNKNOWN,RIAU,507,255784,UNKNOWN,UNKNOWN,UNKNOWN COUNTRY,PORT KELANG,CHINA (MAINLAND)
2020,470200,ROYAL GOLDEN EAGLE,APRIL,UNKNOWN,RIAU,509,256804,UNKNOWN,UNKNOWN,UNKNOWN COUNTRY,PORT KELANG,CHINA (MAINLAND)
2020,470329,ROYAL GOLDEN EAGLE,APRIL,BUATAN,RIAU,20,6174,UNKNOWN,UNKNOWN,UNKNOWN COUNTRY,SINGAPORE,BANGLADESH
2020,470200,ROYAL GOLDEN EAGLE,APRIL,BUATAN,RIAU,506,255698,UNKNOWN,UNKNOWN,UNKNOWN COUNTRY,PORT KELANG,CHINA (MAINLAND)
2020,470200,ROYAL GOLDEN EAGLE,APRIL,BUATAN,RIAU,506,255569,UNKNOWN,UNKNOWN,UNKNOWN COUNTRY,PORT KELANG,CHINA (MAINLAND)
2020,470200,ROYAL GOLDEN EAGLE,APRIL,BUATAN,RIAU,506,255495,UNKNOWN,UNKNOWN,UNKNOWN COUNTRY,PORT KELANG,CHINA (MAINLAND)
2020,470200,ROYAL GOLDEN EAGLE,APRIL,BUATAN,RIAU,506,255375,UNKNOWN,UNKNOWN,UNKNOWN COUNTRY,PORT KELANG,CHINA (MAINLAND)
2020,470200,ROYAL GOLDEN EAGLE,APRIL,BUATAN,RIAU,507,256027,UNKNOWN,UNKNOWN,UNKNOWN COUNTRY,SINGAPORE,CHINA (MAINLAND)
2020,470200,ROYAL GOLDEN EAGLE,APRIL,BUATAN,RIAU,506,255540,UNKNOWN,UNKNOWN,UNKNOWN COUNTRY,SINGAPORE,CHINA (MAINLAND)
2020,470200,ROYAL GOLDEN EAGLE,APRIL,BUATAN,RIAU,506,255563,UNKNOWN,UNKNOWN,UNKNOWN COUNTRY,SINGAPORE,CHINA (MAINLAND)
2020,470200,ROYAL GOLDEN EAGLE,APRIL,BUATAN,RIAU,506,255311,UNKNOWN,UNKNOWN,UNKNOWN COUNTRY,SINGAPORE,CHINA (MAINLAND)
2020,470200,ROYAL GOLDEN EAGLE,APRIL,BUATAN,RIAU,506,255636,UNKNOWN,UNKNOWN,UNKNOWN COUNTRY,SINGAPORE,CHINA (MAINLAND)
2020,470329,ROYAL GOLDEN EAGLE,APRIL,BUATAN,RIAU,321,103747,UNKNOWN,UNKNOWN,UNKNOWN COUNTRY,SINGAPORE,INDIA
2020,470329,MARUBENI,TANJUNG ENIM LESTARI,PANJANG,SUMATERA SELATAN,534,228863,UNKNOWN,UNKNOWN,UNKNOWN COUNTRY,TAURANGA,NEW ZEALAND
2020,470329,SINAR MAS,INDAH KIAT,PERAWANG,RIAU,500,241633,UNKNOWN,UNKNOWN,UNKNOWN COUNTRY,MELBOURNE,AUSTRALIA
2020,470329,SINAR MAS,OKI,SULTAN MAHMUD BADARUDDIN (U),SUMATERA SELATAN,224,112043,UNKNOWN,UNKNOWN,UNKNOWN COUNTRY,SINGAPORE,CHINA (MAINLAND)
2020,470329,SINAR MAS,OKI,SULTAN MAHMUD BADARUDDIN (U),SUMATERA SELATAN,432,211943,UNKNOWN,UNKNOWN,UNKNOWN COUNTRY,SINGAPORE,CHINA (MAINLAND)
2020,470329,SINAR MAS,INDAH KIAT,SUNGAI PAKNING,RIAU,3000,1452000,UNKNOWN,UNKNOWN,UNKNOWN COUNTRY,DAGANG,CHINA (MAINLAND)
2020,470329,SINAR MAS,INDAH KIAT,SUNGAI PAKNING,RIAU,1500,739125,UNKNOWN,UNKNOWN,UNKNOWN COUNTRY,HAIPHONG,VIETNAM
2020,470329,SINAR MAS,INDAH KIAT,SUNGAI PAKNING,RIAU,2500,1231875,UNKNOWN,UNKNOWN,UNKNOWN COUNTRY,HAIPHONG,VIETNAM
2020,470329,MARUBENI,TANJUNG ENIM LESTARI,TARAHAN,SUMATERA SELATAN,544,213658,UNKNOWN,UNKNOWN,UNKNOWN COUNTRY,QINGDAO,CHINA (MAINLAND)
2020,470329,MARUBENI,TANJUNG ENIM LESTARI,TARAHAN,SUMATERA SELATAN,327,126623,UNKNOWN,UNKNOWN,UNKNOWN COUNTRY,QINGDAO,CHINA (MAINLAND)
2020,470329,MARUBENI,TANJUNG ENIM LESTARI,TARAHAN,SUMATERA SELATAN,761,294833,UNKNOWN,UNKNOWN,UNKNOWN COUNTRY,QINGDAO,CHINA (MAINLAND)
2020,470329,MARUBENI,TANJUNG ENIM LESTARI,TARAHAN,SUMATERA SELATAN,544,213919,UNKNOWN,UNKNOWN,UNKNOWN COUNTRY,QINGDAO,CHINA (MAINLAND)
2020,470329,MARUBENI,TANJUNG ENIM LESTARI,TARAHAN,SUMATERA SELATAN,218,84399,UNKNOWN,UNKNOWN,UNKNOWN COUNTRY,XINGANG,CHINA (MAINLAND)
2020,470329,MARUBENI,TANJUNG ENIM LESTARI,TARAHAN,SUMATERA SELATAN,1635,642915,UNKNOWN,UNKNOWN,UNKNOWN COUNTRY,XINGANG,CHINA (MAINLAND)
2020,470329,MARUBENI,TANJUNG ENIM LESTARI,TARAHAN,SUMATERA SELATAN,3269,1285623,UNKNOWN,UNKNOWN,UNKNOWN COUNTRY,XINGANG,CHINA (MAINLAND)
2020,470329,MARUBENI,TANJUNG ENIM LESTARI,TARAHAN,SUMATERA SELATAN,545,211022,UNKNOWN,UNKNOWN,UNKNOWN COUNTRY,XINGANG,CHINA (MAINLAND)
2020,470329,MARUBENI,TANJUNG ENIM LESTARI,TARAHAN,SUMATERA SELATAN,1634,642601,UNKNOWN,UNKNOWN,UNKNOWN COUNTRY,XINGANG,CHINA (MAINLAND)
2020,470329,MARUBENI,TANJUNG ENIM LESTARI,TARAHAN,SUMATERA SELATAN,544,210823,UNKNOWN,UNKNOWN,UNKNOWN COUNTRY,XINGANG,CHINA (MAINLAND)
2020,470329,ROYAL GOLDEN EAGLE,APRIL,UNKNOWN,RIAU,502,162235,UNKNOWN,UNKNOWN,UNKNOWN COUNTRY,SINGAPORE,BANGLADESH
2020,470329,ROYAL GOLDEN EAGLE,APRIL,UNKNOWN,RIAU,502,162161,UNKNOWN,UNKNOWN,UNKNOWN COUNTRY,SINGAPORE,BANGLADESH
2020,470329,ROYAL GOLDEN EAGLE,APRIL,UNKNOWN,RIAU,502,162250,UNKNOWN,UNKNOWN,UNKNOWN COUNTRY,SINGAPORE,BANGLADESH
2020,470200,ROYAL GOLDEN EAGLE,APRIL,UNKNOWN,RIAU,508,256651,UNKNOWN,UNKNOWN,UNKNOWN COUNTRY,SINGAPORE,CHINA (MAINLAND)
2020,470200,ROYAL GOLDEN EAGLE,APRIL,UNKNOWN,RIAU,304,153507,UNKNOWN,UNKNOWN,UNKNOWN COUNTRY,SINGAPORE,CHINA (MAINLAND)
2020,470200,ROYAL GOLDEN EAGLE,APRIL,UNKNOWN,RIAU,203,102330,UNKNOWN,UNKNOWN,UNKNOWN COUNTRY,SINGAPORE,CHINA (MAINLAND)
2020,470329,ROYAL GOLDEN EAGLE,APRIL,UNKNOWN,RIAU,60,19443,UNKNOWN,UNKNOWN,UNKNOWN COUNTRY,SINGAPORE,INDIA
2020,470329,ROYAL GOLDEN EAGLE,APRIL,UNKNOWN,RIAU,422,136288,UNKNOWN,UNKNOWN,UNKNOWN COUNTRY,SINGAPORE,INDIA
2020,470329,ROYAL GOLDEN EAGLE,APRIL,UNKNOWN,RIAU,301,97352,UNKNOWN,UNKNOWN,UNKNOWN COUNTRY,SINGAPORE,INDIA
2020,470329,ROYAL GOLDEN EAGLE,APRIL,UNKNOWN,RIAU,261,84361,UNKNOWN,UNKNOWN,UNKNOWN COUNTRY,SINGAPORE,INDIA
2020,470329,ROYAL GOLDEN EAGLE,APRIL,UNKNOWN,RIAU,201,64863,UNKNOWN,UNKNOWN,UNKNOWN COUNTRY,SINGAPORE,INDIA
2020,470329,ROYAL GOLDEN EAGLE,APRIL,UNKNOWN,RIAU,302,97426,UNKNOWN,UNKNOWN,UNKNOWN COUNTRY,SINGAPORE,THAILAND
2020,470200,ROYAL GOLDEN EAGLE,APRIL,BUATAN,RIAU,506,255578,UNKNOWN,UNKNOWN,UNKNOWN COUNTRY,SINGAPORE,CHINA (MAINLAND)
2020,470200,ROYAL GOLDEN EAGLE,APRIL,BUATAN,RIAU,506,255751,UNKNOWN,UNKNOWN,UNKNOWN COUNTRY,SINGAPORE,CHINA (MAINLAND)
2020,470200,ROYAL GOLDEN EAGLE,APRIL,BUATAN,RIAU,506,255435,UNKNOWN,UNKNOWN,UNKNOWN COUNTRY,SINGAPORE,CHINA (MAINLAND)
2020,470329,ROYAL GOLDEN EAGLE,APRIL,BUATAN,RIAU,201,64945,UNKNOWN,UNKNOWN,UNKNOWN COUNTRY,SINGAPORE,INDIA
2020,470329,SINAR MAS,LONTAR PAPYRUS,KUALA TUNGKAL,JAMBI,242,115647,UNKNOWN,UNKNOWN,UNKNOWN COUNTRY,PIPAVAV (VICTOR) PORT,INDIA
2020,470329,SINAR MAS,LONTAR PAPYRUS,KUALA TUNGKAL,JAMBI,502,243702,UNKNOWN,UNKNOWN,UNKNOWN COUNTRY,ABU DHABI,UNITED ARAB EMIRATES
2020,470329,SINAR MAS,LONTAR PAPYRUS,KUALA TUNGKAL,JAMBI,503,244234,UNKNOWN,UNKNOWN,UNKNOWN COUNTRY,ABU DHABI,UNITED ARAB EMIRATES
2020,470329,MARUBENI,TANJUNG ENIM LESTARI,PANJANG,SUMATERA SELATAN,1045,431641,UNKNOWN,UNKNOWN,UNKNOWN COUNTRY,XINHUI,CHINA (MAINLAND)
2020,470329,MARUBENI,TANJUNG ENIM LESTARI,PANJANG,SUMATERA SELATAN,106,43912,UNKNOWN,UNKNOWN,UNKNOWN COUNTRY,PIPAVAV (VICTOR) PORT,INDIA
2020,470329,MARUBENI,TANJUNG ENIM LESTARI,PANJANG,SUMATERA SELATAN,106,44514,UNKNOWN,UNKNOWN,UNKNOWN COUNTRY,TUTICORIN,INDIA
2020,470329,SINAR MAS,INDAH KIAT,PERAWANG,RIAU,500,243488,UNKNOWN,UNKNOWN,UNKNOWN COUNTRY,HAIPHONG,VIETNAM
2020,470329,SINAR MAS,OKI,SULTAN MAHMUD BADARUDDIN (U),SUMATERA SELATAN,4000,1948863,UNKNOWN,UNKNOWN,UNKNOWN COUNTRY,XINHUI,CHINA (MAINLAND)
2020,470329,SINAR MAS,OKI,SULTAN MAHMUD BADARUDDIN (U),SUMATERA SELATAN,2390,1178270,UNKNOWN,UNKNOWN,UNKNOWN COUNTRY,YANGPU,CHINA (MAINLAND)
2020,470329,SINAR MAS,OKI,SULTAN MAHMUD BADARUDDIN (U),SUMATERA SELATAN,610,300730,UNKNOWN,UNKNOWN,UNKNOWN COUNTRY,YANGPU,CHINA (MAINLAND)
2020,470200,ROYAL GOLDEN EAGLE,APRIL,UNKNOWN,RIAU,508,256724,UNKNOWN,UNKNOWN,UNKNOWN COUNTRY,PORT KELANG,CHINA (MAINLAND)
2020,470200,ROYAL GOLDEN EAGLE,APRIL,UNKNOWN,RIAU,508,256612,UNKNOWN,UNKNOWN,UNKNOWN COUNTRY,PORT KELANG,CHINA (MAINLAND)
2020,470200,ROYAL GOLDEN EAGLE,APRIL,UNKNOWN,RIAU,508,256361,UNKNOWN,UNKNOWN,UNKNOWN COUNTRY,PORT KELANG,CHINA (MAINLAND)
2020,470200,ROYAL GOLDEN EAGLE,APRIL,UNKNOWN,RIAU,507,255979,UNKNOWN,UNKNOWN,UNKNOWN COUNTRY,PORT KELANG,CHINA (MAINLAND)
2020,470200,ROYAL GOLDEN EAGLE,APRIL,BUATAN,RIAU,506,255674,UNKNOWN,UNKNOWN,UNKNOWN COUNTRY,SINGAPORE,CHINA (MAINLAND)
2020,470200,ROYAL GOLDEN EAGLE,APRIL,BUATAN,RIAU,506,255530,UNKNOWN,UNKNOWN,UNKNOWN COUNTRY,SINGAPORE,CHINA (MAINLAND)
2020,470200,ROYAL GOLDEN EAGLE,APRIL,BUATAN,RIAU,506,255376,UNKNOWN,UNKNOWN,UNKNOWN COUNTRY,SINGAPORE,CHINA (MAINLAND)
2020,470329,SINAR MAS,LONTAR PAPYRUS,KUALA TUNGKAL,JAMBI,501,240571,UNKNOWN,UNKNOWN,UNKNOWN COUNTRY,PIPAVAV (VICTOR) PORT,INDIA
2020,470329,SINAR MAS,LONTAR PAPYRUS,KUALA TUNGKAL,JAMBI,261,127082,UNKNOWN,UNKNOWN,UNKNOWN COUNTRY,HAIPHONG,VIETNAM
2020,470329,SINAR MAS,LONTAR PAPYRUS,KUALA TUNGKAL,JAMBI,502,241963,UNKNOWN,UNKNOWN,UNKNOWN COUNTRY,HAIPHONG,VIETNAM
2020,470329,ROYAL GOLDEN EAGLE,APRIL,BUATAN,RIAU,302,97669,UNKNOWN,UNKNOWN,UNKNOWN COUNTRY,SINGAPORE,BANGLADESH
2020,470200,ROYAL GOLDEN EAGLE,APRIL,BUATAN,RIAU,506,255609,UNKNOWN,UNKNOWN,UNKNOWN COUNTRY,SINGAPORE,CHINA (MAINLAND)
2020,470200,ROYAL GOLDEN EAGLE,APRIL,BUATAN,RIAU,507,255820,UNKNOWN,UNKNOWN,UNKNOWN COUNTRY,SINGAPORE,CHINA (MAINLAND)
2020,470200,ROYAL GOLDEN EAGLE,APRIL,BUATAN,RIAU,506,255489,UNKNOWN,UNKNOWN,UNKNOWN COUNTRY,SINGAPORE,CHINA (MAINLAND)
2020,470200,ROYAL GOLDEN EAGLE,APRIL,BUATAN,RIAU,506,255692,UNKNOWN,UNKNOWN,UNKNOWN COUNTRY,SINGAPORE,CHINA (MAINLAND)
2020,470200,ROYAL GOLDEN EAGLE,APRIL,BUATAN,RIAU,506,255488,UNKNOWN,UNKNOWN,UNKNOWN COUNTRY,SINGAPORE,CHINA (MAINLAND)
2020,470200,ROYAL GOLDEN EAGLE,APRIL,BUATAN,RIAU,324,163743,UNKNOWN,UNKNOWN,UNKNOWN COUNTRY,SINGAPORE,CHINA (MAINLAND)
2020,470329,ROYAL GOLDEN EAGLE,APRIL,BUATAN,RIAU,40,12959,UNKNOWN,UNKNOWN,UNKNOWN COUNTRY,SINGAPORE,INDIA
2020,470329,ROYAL GOLDEN EAGLE,APRIL,BUATAN,RIAU,160,51560,UNKNOWN,UNKNOWN,UNKNOWN COUNTRY,SINGAPORE,INDIA
2020,470329,MARUBENI,TANJUNG ENIM LESTARI,TANJUNG PRIOK,SUMATERA SELATAN,917,372226,UNKNOWN,UNKNOWN,UNKNOWN COUNTRY,XINHUI,CHINA (MAINLAND)
2020,470200,ROYAL GOLDEN EAGLE,APRIL,UNKNOWN,RIAU,508,256376,UNKNOWN,UNKNOWN,UNKNOWN COUNTRY,PORT KELANG,CHINA (MAINLAND)
2020,470200,ROYAL GOLDEN EAGLE,APRIL,UNKNOWN,RIAU,508,256520,UNKNOWN,UNKNOWN,UNKNOWN COUNTRY,PORT KELANG,CHINA (MAINLAND)
2020,470200,ROYAL GOLDEN EAGLE,APRIL,UNKNOWN,RIAU,508,256531,UNKNOWN,UNKNOWN,UNKNOWN COUNTRY,PORT KELANG,CHINA (MAINLAND)
2020,470200,ROYAL GOLDEN EAGLE,APRIL,UNKNOWN,RIAU,508,256537,UNKNOWN,UNKNOWN,UNKNOWN COUNTRY,PORT KELANG,CHINA (MAINLAND)
2020,470200,ROYAL GOLDEN EAGLE,APRIL,UNKNOWN,RIAU,508,256601,UNKNOWN,UNKNOWN,UNKNOWN COUNTRY,PORT KELANG,CHINA (MAINLAND)
2020,470200,ROYAL GOLDEN EAGLE,APRIL,UNKNOWN,RIAU,508,256702,UNKNOWN,UNKNOWN,UNKNOWN COUNTRY,PORT KELANG,CHINA (MAINLAND)
2020,470329,ROYAL GOLDEN EAGLE,APRIL,BUATAN,RIAU,503,162579,UNKNOWN,UNKNOWN,UNKNOWN COUNTRY,SINGAPORE,BANGLADESH
2020,470329,ROYAL GOLDEN EAGLE,APRIL,BUATAN,RIAU,503,162391,UNKNOWN,UNKNOWN,UNKNOWN COUNTRY,SINGAPORE,BANGLADESH
2020,470200,ROYAL GOLDEN EAGLE,APRIL,BUATAN,RIAU,182,91917,UNKNOWN,UNKNOWN,UNKNOWN COUNTRY,SINGAPORE,CHINA (MAINLAND)
2020,470200,ROYAL GOLDEN EAGLE,APRIL,BUATAN,RIAU,507,255921,UNKNOWN,UNKNOWN,UNKNOWN COUNTRY,SINGAPORE,CHINA (MAINLAND)
2020,470200,ROYAL GOLDEN EAGLE,APRIL,BUATAN,RIAU,499,251936,UNKNOWN,UNKNOWN,UNKNOWN COUNTRY,SINGAPORE,CHINA (MAINLAND)
2020,470200,ROYAL GOLDEN EAGLE,APRIL,BUATAN,RIAU,506,255354,UNKNOWN,UNKNOWN,UNKNOWN COUNTRY,SINGAPORE,CHINA (MAINLAND)
2020,470329,ROYAL GOLDEN EAGLE,APRIL,BUATAN,RIAU,200,64751,UNKNOWN,UNKNOWN,UNKNOWN COUNTRY,SINGAPORE,INDIA
2020,470329,ROYAL GOLDEN EAGLE,APRIL,BUATAN,RIAU,38,12292,UNKNOWN,UNKNOWN,UNKNOWN COUNTRY,SINGAPORE,UNITED ARAB EMIRATES
2020,470329,SINAR MAS,LONTAR PAPYRUS,KUALA TUNGKAL,JAMBI,1004,495771,UNKNOWN,UNKNOWN,UNKNOWN COUNTRY,ZHANJIANG,CHINA (MAINLAND)
2020,470329,SINAR MAS,LONTAR PAPYRUS,KUALA TUNGKAL,JAMBI,1103,546571,UNKNOWN,UNKNOWN,UNKNOWN COUNTRY,ZHANJIANG,CHINA (MAINLAND)
2020,470329,SINAR MAS,LONTAR PAPYRUS,KUALA TUNGKAL,JAMBI,903,445639,UNKNOWN,UNKNOWN,UNKNOWN COUNTRY,ZHANJIANG,CHINA (MAINLAND)
2020,470329,SINAR MAS,LONTAR PAPYRUS,KUALA TUNGKAL,JAMBI,301,149354,UNKNOWN,UNKNOWN,UNKNOWN COUNTRY,KASHIPUR,INDIA
2020,470329,MARUBENI,TANJUNG ENIM LESTARI,PANJANG,SUMATERA SELATAN,319,130283,UNKNOWN,UNKNOWN,UNKNOWN COUNTRY,XINGANG,CHINA (MAINLAND)
2020,470329,MARUBENI,TANJUNG ENIM LESTARI,PANJANG,SUMATERA SELATAN,213,91897,UNKNOWN,UNKNOWN,UNKNOWN COUNTRY,JAWAHARLAL NEHRU (NHAVA SHEVA),INDIA
2020,470329,MARUBENI,TANJUNG ENIM LESTARI,PANJANG,SUMATERA SELATAN,1024,430617,UNKNOWN,UNKNOWN,UNKNOWN COUNTRY,PIPAVAV (VICTOR) PORT,INDIA
2020,470329,SINAR MAS,OKI,SULTAN MAHMUD BADARUDDIN (U),SUMATERA SELATAN,7480,3627800,UNKNOWN,UNKNOWN,UNKNOWN COUNTRY,NINGBO,CHINA (MAINLAND)
2020,470329,SINAR MAS,OKI,SULTAN MAHMUD BADARUDDIN (U),SUMATERA SELATAN,2164,1049540,UNKNOWN,UNKNOWN,UNKNOWN COUNTRY,NINGBO,CHINA (MAINLAND)
2020,470329,SINAR MAS,OKI,SULTAN MAHMUD BADARUDDIN (U),SUMATERA SELATAN,1416,686760,UNKNOWN,UNKNOWN,UNKNOWN COUNTRY,NINGBO,CHINA (MAINLAND)
2020,470329,SINAR MAS,OKI,SULTAN MAHMUD BADARUDDIN (U),SUMATERA SELATAN,1040,497250,UNKNOWN,UNKNOWN,UNKNOWN COUNTRY,SINGAPORE,CHINA (MAINLAND)
2020,470329,ROYAL GOLDEN EAGLE,APRIL,UNKNOWN,RIAU,502,162072,UNKNOWN,UNKNOWN,UNKNOWN COUNTRY,PORT KELANG,BANGLADESH
2020,470200,ROYAL GOLDEN EAGLE,TOBA PULP LESTARI,BELAWAN,SUMATERA UTARA,990,568280,UNKNOWN,UNKNOWN,UNKNOWN COUNTRY,QINGDAO,CHINA (MAINLAND)
2020,470329,MARUBENI,TANJUNG ENIM LESTARI,PANJANG,SUMATERA SELATAN,1022,430078,UNKNOWN,UNKNOWN,UNKNOWN COUNTRY,PIPAVAV (VICTOR) PORT,INDIA
2020,470329,SINAR MAS,INDAH KIAT,PERAWANG,RIAU,506,246010,UNKNOWN,UNKNOWN,UNKNOWN COUNTRY,TIANJIN,CHINA (MAINLAND)
2020,470329,SINAR MAS,INDAH KIAT,PERAWANG,RIAU,990,468091,UNKNOWN,UNKNOWN,UNKNOWN COUNTRY,YUNFU,CHINA (MAINLAND)
2020,470329,SINAR MAS,INDAH KIAT,PERAWANG,RIAU,1012,478493,UNKNOWN,UNKNOWN,UNKNOWN COUNTRY,YUNFU,CHINA (MAINLAND)
2020,470329,SINAR MAS,INDAH KIAT,PERAWANG,RIAU,1012,478493,UNKNOWN,UNKNOWN,UNKNOWN COUNTRY,YUNFU,CHINA (MAINLAND)
2020,470329,SINAR MAS,INDAH KIAT,SUNGAI PAKNING,RIAU,3500,1694000,UNKNOWN,UNKNOWN,UNKNOWN COUNTRY,YANGPU,CHINA (MAINLAND)
2020,470329,SINAR MAS,INDAH KIAT,SUNGAI PAKNING,RIAU,3500,1694000,UNKNOWN,UNKNOWN,UNKNOWN COUNTRY,YANGPU,CHINA (MAINLAND)
2020,470329,ROYAL GOLDEN EAGLE,APRIL,BUATAN,RIAU,502,162141,UNKNOWN,UNKNOWN,UNKNOWN COUNTRY,SINGAPORE,BANGLADESH
2020,470200,ROYAL GOLDEN EAGLE,APRIL,BUATAN,RIAU,182,92025,UNKNOWN,UNKNOWN,UNKNOWN COUNTRY,SINGAPORE,CHINA (MAINLAND)
2020,470329,ROYAL GOLDEN EAGLE,APRIL,BUATAN,RIAU,502,162184,UNKNOWN,UNKNOWN,UNKNOWN COUNTRY,SINGAPORE,INDIA
2020,470329,ROYAL GOLDEN EAGLE,APRIL,BUATAN,RIAU,503,162576,UNKNOWN,UNKNOWN,UNKNOWN COUNTRY,SINGAPORE,INDIA
2020,470329,SINAR MAS,LONTAR PAPYRUS,KUALA TUNGKAL,JAMBI,502,248024,UNKNOWN,UNKNOWN,UNKNOWN COUNTRY,ZHANJIANG,CHINA (MAINLAND)
2020,470329,SINAR MAS,LONTAR PAPYRUS,KUALA TUNGKAL,JAMBI,1002,471002,UNKNOWN,UNKNOWN,UNKNOWN COUNTRY,PIPAVAV (VICTOR) PORT,INDIA
2020,470329,MARUBENI,TANJUNG ENIM LESTARI,PANJANG,SUMATERA SELATAN,1513,622860,UNKNOWN,UNKNOWN,UNKNOWN COUNTRY,WUHAN,CHINA (MAINLAND)
2020,470329,SINAR MAS,INDAH KIAT,PERAWANG,RIAU,1012,491119,UNKNOWN,UNKNOWN,UNKNOWN COUNTRY,DALIAN,CHINA (MAINLAND)
2020,470329,SINAR MAS,INDAH KIAT,PERAWANG,RIAU,540,269042,UNKNOWN,UNKNOWN,UNKNOWN COUNTRY,TUTICORIN,INDIA
2020,470329,SINAR MAS,INDAH KIAT,PERAWANG,RIAU,500,249113,UNKNOWN,UNKNOWN,UNKNOWN COUNTRY,TUTICORIN,INDIA
2020,470329,SINAR MAS,INDAH KIAT,PERAWANG,RIAU,500,246016,UNKNOWN,UNKNOWN,UNKNOWN COUNTRY,AD DAMMAM,SAUDI ARABIA
2020,470329,SINAR MAS,OKI,SULTAN MAHMUD BADARUDDIN (U),SUMATERA SELATAN,576,278118,UNKNOWN,UNKNOWN,UNKNOWN COUNTRY,SINGAPORE,CHINA (MAINLAND)
2020,470329,SINAR MAS,OKI,SULTAN MAHMUD BADARUDDIN (U),SUMATERA SELATAN,1040,497250,UNKNOWN,UNKNOWN,UNKNOWN COUNTRY,SINGAPORE,CHINA (MAINLAND)
2020,470329,SINAR MAS,OKI,SULTAN MAHMUD BADARUDDIN (U),SUMATERA SELATAN,576,278118,UNKNOWN,UNKNOWN,UNKNOWN COUNTRY,SINGAPORE,CHINA (MAINLAND)
2020,470329,ROYAL GOLDEN EAGLE,APRIL,UNKNOWN,RIAU,502,162294,UNKNOWN,UNKNOWN,UNKNOWN COUNTRY,SINGAPORE,BANGLADESH
2020,470329,ROYAL GOLDEN EAGLE,APRIL,UNKNOWN,RIAU,502,162211,UNKNOWN,UNKNOWN,UNKNOWN COUNTRY,SINGAPORE,BANGLADESH
2020,470329,ROYAL GOLDEN EAGLE,APRIL,UNKNOWN,RIAU,503,162364,UNKNOWN,UNKNOWN,UNKNOWN COUNTRY,SINGAPORE,BANGLADESH
2020,470329,ROYAL GOLDEN EAGLE,APRIL,UNKNOWN,RIAU,201,64986,UNKNOWN,UNKNOWN,UNKNOWN COUNTRY,SINGAPORE,INDIA
2020,470329,ROYAL GOLDEN EAGLE,APRIL,UNKNOWN,RIAU,201,65016,UNKNOWN,UNKNOWN,UNKNOWN COUNTRY,SINGAPORE,INDIA
2020,470329,ROYAL GOLDEN EAGLE,APRIL,UNKNOWN,RIAU,1006,324785,UNKNOWN,UNKNOWN,UNKNOWN COUNTRY,SINGAPORE,UNITED ARAB EMIRATES
2020,470329,ROYAL GOLDEN EAGLE,APRIL,UNKNOWN,RIAU,301,97268,UNKNOWN,UNKNOWN,UNKNOWN COUNTRY,SINGAPORE,VIETNAM
2020,470329,ROYAL GOLDEN EAGLE,APRIL,UNKNOWN,RIAU,302,97410,UNKNOWN,UNKNOWN,UNKNOWN COUNTRY,SINGAPORE,VIETNAM
2020,470329,ROYAL GOLDEN EAGLE,APRIL,UNKNOWN,RIAU,503,162351,UNKNOWN,UNKNOWN,UNKNOWN COUNTRY,SINGAPORE,VIETNAM
2020,470200,ROYAL GOLDEN EAGLE,APRIL,BUATAN,RIAU,506,255326,UNKNOWN,UNKNOWN,UNKNOWN COUNTRY,SINGAPORE,CHINA (MAINLAND)
2020,470200,ROYAL GOLDEN EAGLE,APRIL,BUATAN,RIAU,506,255444,UNKNOWN,UNKNOWN,UNKNOWN COUNTRY,SINGAPORE,CHINA (MAINLAND)
2020,470200,ROYAL GOLDEN EAGLE,APRIL,BUATAN,RIAU,507,255921,UNKNOWN,UNKNOWN,UNKNOWN COUNTRY,SINGAPORE,CHINA (MAINLAND)
2020,470200,ROYAL GOLDEN EAGLE,APRIL,BUATAN,RIAU,507,256149,UNKNOWN,UNKNOWN,UNKNOWN COUNTRY,SINGAPORE,CHINA (MAINLAND)
2020,470200,ROYAL GOLDEN EAGLE,APRIL,BUATAN,RIAU,507,256185,UNKNOWN,UNKNOWN,UNKNOWN COUNTRY,SINGAPORE,CHINA (MAINLAND)
2020,470200,ROYAL GOLDEN EAGLE,APRIL,BUATAN,RIAU,478,241366,UNKNOWN,UNKNOWN,UNKNOWN COUNTRY,SINGAPORE,CHINA (MAINLAND)
2020,470329,SINAR MAS,LONTAR PAPYRUS,KUALA TUNGKAL,JAMBI,1004,472109,UNKNOWN,UNKNOWN,UNKNOWN COUNTRY,PIPAVAV (VICTOR) PORT,INDIA
2020,470329,SINAR MAS,LONTAR PAPYRUS,KUALA TUNGKAL,JAMBI,201,96155,UNKNOWN,UNKNOWN,UNKNOWN COUNTRY,CAT LAI,VIETNAM
2020,470200,ROYAL GOLDEN EAGLE,APRIL,UNKNOWN,RIAU,508,256521,UNKNOWN,UNKNOWN,UNKNOWN COUNTRY,PORT KELANG,CHINA (MAINLAND)
2020,470200,ROYAL GOLDEN EAGLE,APRIL,UNKNOWN,RIAU,508,256453,UNKNOWN,UNKNOWN,UNKNOWN COUNTRY,PORT KELANG,CHINA (MAINLAND)
2020,470200,ROYAL GOLDEN EAGLE,APRIL,UNKNOWN,RIAU,508,256607,UNKNOWN,UNKNOWN,UNKNOWN COUNTRY,PORT KELANG,CHINA (MAINLAND)
2020,470200,ROYAL GOLDEN EAGLE,APRIL,UNKNOWN,RIAU,506,255735,UNKNOWN,UNKNOWN,UNKNOWN COUNTRY,PORT KELANG,CHINA (MAINLAND)
2020,470329,ROYAL GOLDEN EAGLE,APRIL,UNKNOWN,RIAU,4364,1409734,UNKNOWN,UNKNOWN,UNKNOWN COUNTRY,GUNSAN,SOUTH KOREA
2020,470329,ROYAL GOLDEN EAGLE,APRIL,UNKNOWN,RIAU,3756,1213026,UNKNOWN,UNKNOWN,UNKNOWN COUNTRY,PYEONGTAEK,SOUTH KOREA
2020,470200,ROYAL GOLDEN EAGLE,APRIL,BUATAN,RIAU,506,255656,UNKNOWN,UNKNOWN,UNKNOWN COUNTRY,SINGAPORE,CHINA (MAINLAND)
2020,470200,ROYAL GOLDEN EAGLE,APRIL,BUATAN,RIAU,506,255472,UNKNOWN,UNKNOWN,UNKNOWN COUNTRY,SINGAPORE,CHINA (MAINLAND)
2020,470200,ROYAL GOLDEN EAGLE,APRIL,BUATAN,RIAU,506,255442,UNKNOWN,UNKNOWN,UNKNOWN COUNTRY,SINGAPORE,CHINA (MAINLAND)
2020,470200,ROYAL GOLDEN EAGLE,APRIL,BUATAN,RIAU,506,255327,UNKNOWN,UNKNOWN,UNKNOWN COUNTRY,SINGAPORE,CHINA (MAINLAND)
2020,470200,ROYAL GOLDEN EAGLE,APRIL,BUATAN,RIAU,498,251554,UNKNOWN,UNKNOWN,UNKNOWN COUNTRY,SINGAPORE,CHINA (MAINLAND)
2020,470200,ROYAL GOLDEN EAGLE,APRIL,BUATAN,RIAU,198,100180,UNKNOWN,UNKNOWN,UNKNOWN COUNTRY,SINGAPORE,CHINA (MAINLAND)
2020,470329,ROYAL GOLDEN EAGLE,APRIL,BUATAN,RIAU,52,16863,UNKNOWN,UNKNOWN,UNKNOWN COUNTRY,SINGAPORE,JAPAN
2020,470329,SINAR MAS,INDAH KIAT,PERAWANG,RIAU,792,393462,UNKNOWN,UNKNOWN,UNKNOWN COUNTRY,SHANGHAI,CHINA (MAINLAND)
2020,470329,SINAR MAS,INDAH KIAT,PERAWANG,RIAU,500,246016,UNKNOWN,UNKNOWN,UNKNOWN COUNTRY,AD DAMMAM,SAUDI ARABIA
2020,470329,SINAR MAS,INDAH KIAT,PERAWANG,RIAU,120,59915,UNKNOWN,UNKNOWN,UNKNOWN COUNTRY,TAICHUNG,TAIWAN
2020,470200,ROYAL GOLDEN EAGLE,APRIL,UNKNOWN,RIAU,507,255800,UNKNOWN,UNKNOWN,UNKNOWN COUNTRY,PORT KELANG,CHINA (MAINLAND)
2020,470200,ROYAL GOLDEN EAGLE,APRIL,BUATAN,RIAU,506,255705,UNKNOWN,UNKNOWN,UNKNOWN COUNTRY,SINGAPORE,CHINA (MAINLAND)
2020,470200,ROYAL GOLDEN EAGLE,APRIL,BUATAN,RIAU,506,255598,UNKNOWN,UNKNOWN,UNKNOWN COUNTRY,SINGAPORE,CHINA (MAINLAND)
2020,470200,ROYAL GOLDEN EAGLE,APRIL,BUATAN,RIAU,506,255370,UNKNOWN,UNKNOWN,UNKNOWN COUNTRY,SINGAPORE,CHINA (MAINLAND)
2020,470200,ROYAL GOLDEN EAGLE,APRIL,BUATAN,RIAU,506,255334,UNKNOWN,UNKNOWN,UNKNOWN COUNTRY,SINGAPORE,CHINA (MAINLAND)
2020,470200,ROYAL GOLDEN EAGLE,APRIL,BUATAN,RIAU,506,255305,UNKNOWN,UNKNOWN,UNKNOWN COUNTRY,SINGAPORE,CHINA (MAINLAND)
2020,470200,ROYAL GOLDEN EAGLE,APRIL,BUATAN,RIAU,324,163497,UNKNOWN,UNKNOWN,UNKNOWN COUNTRY,SINGAPORE,CHINA (MAINLAND)
2020,470200,ROYAL GOLDEN EAGLE,APRIL,BUATAN,RIAU,263,132999,UNKNOWN,UNKNOWN,UNKNOWN COUNTRY,SINGAPORE,CHINA (MAINLAND)
2020,470200,ROYAL GOLDEN EAGLE,APRIL,BUATAN,RIAU,18,9189,UNKNOWN,UNKNOWN,UNKNOWN COUNTRY,SINGAPORE,CHINA (MAINLAND)
2020,470200,ROYAL GOLDEN EAGLE,APRIL,UNKNOWN,RIAU,506,255698,UNKNOWN,UNKNOWN,UNKNOWN COUNTRY,PORT KELANG,CHINA (MAINLAND)
2020,470200,ROYAL GOLDEN EAGLE,APRIL,UNKNOWN,RIAU,506,255760,UNKNOWN,UNKNOWN,UNKNOWN COUNTRY,PORT KELANG,CHINA (MAINLAND)
2020,470200,ROYAL GOLDEN EAGLE,APRIL,UNKNOWN,RIAU,507,256114,UNKNOWN,UNKNOWN,UNKNOWN COUNTRY,PORT KELANG,CHINA (MAINLAND)
2020,470329,ROYAL GOLDEN EAGLE,APRIL,UNKNOWN,RIAU,5040,1628078,UNKNOWN,UNKNOWN,UNKNOWN COUNTRY,JEBEL ALI,UNITED ARAB EMIRATES
2020,470200,ROYAL GOLDEN EAGLE,APRIL,BUATAN,RIAU,506,255617,UNKNOWN,UNKNOWN,UNKNOWN COUNTRY,SINGAPORE,CHINA (MAINLAND)
2020,470200,ROYAL GOLDEN EAGLE,APRIL,BUATAN,RIAU,497,251092,UNKNOWN,UNKNOWN,UNKNOWN COUNTRY,SINGAPORE,CHINA (MAINLAND)
2020,470200,ROYAL GOLDEN EAGLE,APRIL,BUATAN,RIAU,504,254459,UNKNOWN,UNKNOWN,UNKNOWN COUNTRY,SINGAPORE,CHINA (MAINLAND)
2020,470200,ROYAL GOLDEN EAGLE,APRIL,BUATAN,RIAU,498,251424,UNKNOWN,UNKNOWN,UNKNOWN COUNTRY,SINGAPORE,CHINA (MAINLAND)
2020,470329,SINAR MAS,LONTAR PAPYRUS,KUALA TUNGKAL,JAMBI,502,244855,UNKNOWN,UNKNOWN,UNKNOWN COUNTRY,CHITTAGONG,BANGLADESH
2020,470329,SINAR MAS,LONTAR PAPYRUS,KUALA TUNGKAL,JAMBI,1004,485596,UNKNOWN,UNKNOWN,UNKNOWN COUNTRY,CHITTAGONG,BANGLADESH
2020,470329,SINAR MAS,INDAH KIAT,PERAWANG,RIAU,1040,516823,UNKNOWN,UNKNOWN,UNKNOWN COUNTRY,TUTICORIN,INDIA
2020,470329,SINAR MAS,INDAH KIAT,PERAWANG,RIAU,500,246016,UNKNOWN,UNKNOWN,UNKNOWN COUNTRY,AD DAMMAM,SAUDI ARABIA
2020,470329,MARUBENI,TANJUNG ENIM LESTARI,TANJUNG PRIOK,SUMATERA SELATAN,1014,418852,UNKNOWN,UNKNOWN,UNKNOWN COUNTRY,NINGBO,CHINA (MAINLAND)
2020,470329,MARUBENI,TANJUNG ENIM LESTARI,TANJUNG PRIOK,SUMATERA SELATAN,540,216820,UNKNOWN,UNKNOWN,UNKNOWN COUNTRY,WUHAN,CHINA (MAINLAND)
2020,470329,MARUBENI,TANJUNG ENIM LESTARI,TANJUNG PRIOK,SUMATERA SELATAN,531,214622,UNKNOWN,UNKNOWN,UNKNOWN COUNTRY,YINGKOU,CHINA (MAINLAND)
2020,470329,ROYAL GOLDEN EAGLE,APRIL,UNKNOWN,RIAU,503,162375,UNKNOWN,UNKNOWN,UNKNOWN COUNTRY,SINGAPORE,BANGLADESH
2020,470329,ROYAL GOLDEN EAGLE,APRIL,UNKNOWN,RIAU,503,162426,UNKNOWN,UNKNOWN,UNKNOWN COUNTRY,SINGAPORE,BANGLADESH
2020,470329,ROYAL GOLDEN EAGLE,APRIL,UNKNOWN,RIAU,301,97380,UNKNOWN,UNKNOWN,UNKNOWN COUNTRY,SINGAPORE,BANGLADESH
2020,470329,ROYAL GOLDEN EAGLE,APRIL,UNKNOWN,RIAU,60,19431,UNKNOWN,UNKNOWN,UNKNOWN COUNTRY,SINGAPORE,INDIA
2020,470329,ROYAL GOLDEN EAGLE,APRIL,UNKNOWN,RIAU,60,19461,UNKNOWN,UNKNOWN,UNKNOWN COUNTRY,SINGAPORE,INDIA
2020,470329,ROYAL GOLDEN EAGLE,APRIL,UNKNOWN,RIAU,60,19461,UNKNOWN,UNKNOWN,UNKNOWN COUNTRY,SINGAPORE,INDIA
2020,470329,ROYAL GOLDEN EAGLE,APRIL,UNKNOWN,RIAU,60,19490,UNKNOWN,UNKNOWN,UNKNOWN COUNTRY,SINGAPORE,INDIA
2020,470329,ROYAL GOLDEN EAGLE,APRIL,UNKNOWN,RIAU,80,25992,UNKNOWN,UNKNOWN,UNKNOWN COUNTRY,SINGAPORE,INDIA
2020,470329,ROYAL GOLDEN EAGLE,APRIL,UNKNOWN,RIAU,201,64948,UNKNOWN,UNKNOWN,UNKNOWN COUNTRY,SINGAPORE,INDIA
2020,470329,ROYAL GOLDEN EAGLE,APRIL,UNKNOWN,RIAU,476,153908,UNKNOWN,UNKNOWN,UNKNOWN COUNTRY,SINGAPORE,UNITED ARAB EMIRATES
2020,470200,ROYAL GOLDEN EAGLE,APRIL,BUATAN,RIAU,506,255510,UNKNOWN,UNKNOWN,UNKNOWN COUNTRY,SINGAPORE,CHINA (MAINLAND)
2020,470200,ROYAL GOLDEN EAGLE,APRIL,BUATAN,RIAU,506,255422,UNKNOWN,UNKNOWN,UNKNOWN COUNTRY,SINGAPORE,CHINA (MAINLAND)
2020,470200,ROYAL GOLDEN EAGLE,APRIL,BUATAN,RIAU,506,255530,UNKNOWN,UNKNOWN,UNKNOWN COUNTRY,SINGAPORE,CHINA (MAINLAND)
2020,470200,ROYAL GOLDEN EAGLE,APRIL,BUATAN,RIAU,498,251478,UNKNOWN,UNKNOWN,UNKNOWN COUNTRY,SINGAPORE,CHINA (MAINLAND)
2020,470329,ROYAL GOLDEN EAGLE,APRIL,BUATAN,RIAU,241,77869,UNKNOWN,UNKNOWN,UNKNOWN COUNTRY,SINGAPORE,THAILAND
2020,470329,SINAR MAS,INDAH KIAT,SUNGAI PAKNING,RIAU,500,245075,UNKNOWN,UNKNOWN,UNKNOWN COUNTRY,CHITTAGONG,BANGLADESH
2020,470329,SINAR MAS,INDAH KIAT,SUNGAI PAKNING,RIAU,1000,540150,UNKNOWN,UNKNOWN,UNKNOWN COUNTRY,CHITTAGONG,BANGLADESH
2020,470329,SINAR MAS,INDAH KIAT,SUNGAI PAKNING,RIAU,500,240075,UNKNOWN,UNKNOWN,UNKNOWN COUNTRY,CHITTAGONG,BANGLADESH
2020,470329,SINAR MAS,INDAH KIAT,SUNGAI PAKNING,RIAU,500,245075,UNKNOWN,UNKNOWN,UNKNOWN COUNTRY,CHITTAGONG,BANGLADESH
2020,470329,SINAR MAS,INDAH KIAT,SUNGAI PAKNING,RIAU,500,245075,UNKNOWN,UNKNOWN,UNKNOWN COUNTRY,CHITTAGONG,BANGLADESH
2020,470329,SINAR MAS,INDAH KIAT,SUNGAI PAKNING,RIAU,500,245075,UNKNOWN,UNKNOWN,UNKNOWN COUNTRY,CHITTAGONG,BANGLADESH
2020,470329,SINAR MAS,INDAH KIAT,SUNGAI PAKNING,RIAU,500,240075,UNKNOWN,UNKNOWN,UNKNOWN COUNTRY,CHITTAGONG,BANGLADESH
2020,470329,SINAR MAS,INDAH KIAT,SUNGAI PAKNING,RIAU,500,240075,UNKNOWN,UNKNOWN,UNKNOWN COUNTRY,CHITTAGONG,BANGLADESH
2020,470329,SINAR MAS,INDAH KIAT,SUNGAI PAKNING,RIAU,1000,540150,UNKNOWN,UNKNOWN,UNKNOWN COUNTRY,CHITTAGONG,BANGLADESH
2020,470329,SINAR MAS,INDAH KIAT,SUNGAI PAKNING,RIAU,500,240075,UNKNOWN,UNKNOWN,UNKNOWN COUNTRY,CHITTAGONG,BANGLADESH
2020,470200,ROYAL GOLDEN EAGLE,APRIL,UNKNOWN,RIAU,506,255738,UNKNOWN,UNKNOWN,UNKNOWN COUNTRY,SINGAPORE,CHINA (MAINLAND)
2020,470329,ROYAL GOLDEN EAGLE,APRIL,UNKNOWN,RIAU,201,64874,UNKNOWN,UNKNOWN,UNKNOWN COUNTRY,SINGAPORE,INDIA
2020,470200,ROYAL GOLDEN EAGLE,APRIL,BUATAN,RIAU,505,255239,UNKNOWN,UNKNOWN,UNKNOWN COUNTRY,SINGAPORE,CHINA (MAINLAND)
2020,470200,ROYAL GOLDEN EAGLE,APRIL,BUATAN,RIAU,506,255565,UNKNOWN,UNKNOWN,UNKNOWN COUNTRY,SINGAPORE,CHINA (MAINLAND)
2020,470200,ROYAL GOLDEN EAGLE,APRIL,BUATAN,RIAU,506,255307,UNKNOWN,UNKNOWN,UNKNOWN COUNTRY,SINGAPORE,CHINA (MAINLAND)
2020,470329,ROYAL GOLDEN EAGLE,APRIL,BUATAN,RIAU,502,162244,UNKNOWN,UNKNOWN,UNKNOWN COUNTRY,SINGAPORE,INDIA
2020,470329,ROYAL GOLDEN EAGLE,APRIL,BUATAN,RIAU,201,64992,UNKNOWN,UNKNOWN,UNKNOWN COUNTRY,SINGAPORE,INDIA
2020,470329,ROYAL GOLDEN EAGLE,APRIL,BUATAN,RIAU,181,58449,UNKNOWN,UNKNOWN,UNKNOWN COUNTRY,SINGAPORE,INDIA
2020,470329,MARUBENI,TANJUNG ENIM LESTARI,PANJANG,SUMATERA SELATAN,212,89706,UNKNOWN,UNKNOWN,UNKNOWN COUNTRY,PIPAVAV (VICTOR) PORT,INDIA
2020,470329,MARUBENI,TANJUNG ENIM LESTARI,PANJANG,SUMATERA SELATAN,107,45249,UNKNOWN,UNKNOWN,UNKNOWN COUNTRY,PIPAVAV (VICTOR) PORT,INDIA
2020,470329,MARUBENI,TANJUNG ENIM LESTARI,PANJANG,SUMATERA SELATAN,313,137639,UNKNOWN,UNKNOWN,UNKNOWN COUNTRY,PENANG (GEORGETOWN),MALAYSIA
2020,470329,SINAR MAS,INDAH KIAT,PERAWANG,RIAU,240,117277,UNKNOWN,UNKNOWN,UNKNOWN COUNTRY,EL ISKANDARIYA (=ALEXANDRIA),EGYPT
2020,470329,SINAR MAS,INDAH KIAT,SUNGAI PAKNING,RIAU,4000,1928000,UNKNOWN,UNKNOWN,UNKNOWN COUNTRY,ULSAN,SOUTH KOREA
2020,470329,SINAR MAS,INDAH KIAT,SUNGAI PAKNING,RIAU,6200,2988400,UNKNOWN,UNKNOWN,UNKNOWN COUNTRY,ULSAN,SOUTH KOREA
2020,470200,ROYAL GOLDEN EAGLE,APRIL,UNKNOWN,RIAU,507,256053,UNKNOWN,UNKNOWN,UNKNOWN COUNTRY,SINGAPORE,CHINA (MAINLAND)
2020,470200,ROYAL GOLDEN EAGLE,APRIL,UNKNOWN,RIAU,507,255837,UNKNOWN,UNKNOWN,UNKNOWN COUNTRY,SINGAPORE,CHINA (MAINLAND)
2020,470200,ROYAL GOLDEN EAGLE,APRIL,BUATAN,RIAU,506,255435,UNKNOWN,UNKNOWN,UNKNOWN COUNTRY,SINGAPORE,CHINA (MAINLAND)
2020,470200,ROYAL GOLDEN EAGLE,APRIL,BUATAN,RIAU,506,255493,UNKNOWN,UNKNOWN,UNKNOWN COUNTRY,SINGAPORE,CHINA (MAINLAND)
2020,470200,ROYAL GOLDEN EAGLE,APRIL,BUATAN,RIAU,506,255634,UNKNOWN,UNKNOWN,UNKNOWN COUNTRY,SINGAPORE,CHINA (MAINLAND)
2020,470329,SINAR MAS,LONTAR PAPYRUS,KUALA TUNGKAL,JAMBI,1005,495902,UNKNOWN,UNKNOWN,UNKNOWN COUNTRY,ZHANJIANG,CHINA (MAINLAND)
2020,470329,SINAR MAS,LONTAR PAPYRUS,KUALA TUNGKAL,JAMBI,1003,495102,UNKNOWN,UNKNOWN,UNKNOWN COUNTRY,ZHANJIANG,CHINA (MAINLAND)
2020,470329,MARUBENI,TANJUNG ENIM LESTARI,PANJANG,SUMATERA SELATAN,1024,430772,UNKNOWN,UNKNOWN,UNKNOWN COUNTRY,PIPAVAV (VICTOR) PORT,INDIA
2020,470329,MARUBENI,TANJUNG ENIM LESTARI,PANJANG,SUMATERA SELATAN,529,222635,UNKNOWN,UNKNOWN,UNKNOWN COUNTRY,PIPAVAV (VICTOR) PORT,INDIA
2020,470200,ROYAL GOLDEN EAGLE,APRIL,PEKAN BARU,RIAU,508,256288,UNKNOWN,UNKNOWN,UNKNOWN COUNTRY,SINGAPORE,CHINA (MAINLAND)
2020,470329,ROYAL GOLDEN EAGLE,APRIL,PEKAN BARU,RIAU,1015,327845,UNKNOWN,UNKNOWN,UNKNOWN COUNTRY,SINGAPORE,UNITED ARAB EMIRATES
2020,470329,SINAR MAS,INDAH KIAT,PERAWANG,RIAU,500,241633,UNKNOWN,UNKNOWN,UNKNOWN COUNTRY,MELBOURNE,AUSTRALIA
2020,470329,SINAR MAS,INDAH KIAT,PERAWANG,RIAU,500,241633,UNKNOWN,UNKNOWN,UNKNOWN COUNTRY,MELBOURNE,AUSTRALIA
2020,470329,SINAR MAS,INDAH KIAT,PERAWANG,RIAU,990,480442,UNKNOWN,UNKNOWN,UNKNOWN COUNTRY,DALIAN,CHINA (MAINLAND)
2020,470329,SINAR MAS,INDAH KIAT,SUNGAI PAKNING,RIAU,10100,4868200,UNKNOWN,UNKNOWN,UNKNOWN COUNTRY,GUNSAN,SOUTH KOREA
2020,470329,SINAR MAS,INDAH KIAT,SUNGAI PAKNING,RIAU,100,48200,UNKNOWN,UNKNOWN,UNKNOWN COUNTRY,GUNSAN,SOUTH KOREA
2020,470329,ROYAL GOLDEN EAGLE,APRIL,UNKNOWN,RIAU,503,162458,UNKNOWN,UNKNOWN,UNKNOWN COUNTRY,SINGAPORE,BANGLADESH
2020,470329,ROYAL GOLDEN EAGLE,APRIL,UNKNOWN,RIAU,503,162406,UNKNOWN,UNKNOWN,UNKNOWN COUNTRY,SINGAPORE,BANGLADESH
2020,470329,ROYAL GOLDEN EAGLE,APRIL,UNKNOWN,RIAU,502,162297,UNKNOWN,UNKNOWN,UNKNOWN COUNTRY,SINGAPORE,BANGLADESH
2020,470329,ROYAL GOLDEN EAGLE,APRIL,UNKNOWN,RIAU,502,162256,UNKNOWN,UNKNOWN,UNKNOWN COUNTRY,SINGAPORE,BANGLADESH
2020,470329,ROYAL GOLDEN EAGLE,APRIL,UNKNOWN,RIAU,502,162090,UNKNOWN,UNKNOWN,UNKNOWN COUNTRY,SINGAPORE,BANGLADESH
2020,470329,ROYAL GOLDEN EAGLE,APRIL,UNKNOWN,RIAU,9338,3000949,UNKNOWN,UNKNOWN,UNKNOWN COUNTRY,CHANGSHU,CHINA (MAINLAND)
2020,470200,ROYAL GOLDEN EAGLE,APRIL,UNKNOWN,RIAU,345,174296,UNKNOWN,UNKNOWN,UNKNOWN COUNTRY,PORT KELANG,CHINA (MAINLAND)
2020,470200,ROYAL GOLDEN EAGLE,APRIL,UNKNOWN,RIAU,506,255688,UNKNOWN,UNKNOWN,UNKNOWN COUNTRY,PORT KELANG,CHINA (MAINLAND)
2020,470200,ROYAL GOLDEN EAGLE,APRIL,UNKNOWN,RIAU,507,256076,UNKNOWN,UNKNOWN,UNKNOWN COUNTRY,PORT KELANG,CHINA (MAINLAND)
2020,470329,ROYAL GOLDEN EAGLE,APRIL,UNKNOWN,RIAU,201,65003,UNKNOWN,UNKNOWN,UNKNOWN COUNTRY,SINGAPORE,CHINA (MAINLAND)
2020,470329,ROYAL GOLDEN EAGLE,APRIL,UNKNOWN,RIAU,101,32471,UNKNOWN,UNKNOWN,UNKNOWN COUNTRY,SINGAPORE,INDIA
2020,470329,ROYAL GOLDEN EAGLE,APRIL,UNKNOWN,RIAU,201,64812,UNKNOWN,UNKNOWN,UNKNOWN COUNTRY,SINGAPORE,INDIA
2020,470329,ROYAL GOLDEN EAGLE,APRIL,UNKNOWN,RIAU,2030,655690,UNKNOWN,UNKNOWN,UNKNOWN COUNTRY,IYOMISHIMA,JAPAN
2020,470200,ROYAL GOLDEN EAGLE,APRIL,BUATAN,RIAU,499,251926,UNKNOWN,UNKNOWN,UNKNOWN COUNTRY,PORT KELANG,CHINA (MAINLAND)
2020,470200,ROYAL GOLDEN EAGLE,APRIL,BUATAN,RIAU,121,61339,UNKNOWN,UNKNOWN,UNKNOWN COUNTRY,SINGAPORE,CHINA (MAINLAND)
2020,470200,ROYAL GOLDEN EAGLE,APRIL,BUATAN,RIAU,506,255701,UNKNOWN,UNKNOWN,UNKNOWN COUNTRY,SINGAPORE,CHINA (MAINLAND)
2020,470329,ROYAL GOLDEN EAGLE,APRIL,BUATAN,RIAU,60,19497,UNKNOWN,UNKNOWN,UNKNOWN COUNTRY,SINGAPORE,INDIA
2020,470329,SINAR MAS,LONTAR PAPYRUS,KUALA TUNGKAL,JAMBI,1009,497913,UNKNOWN,UNKNOWN,UNKNOWN COUNTRY,ZHANJIANG,CHINA (MAINLAND)
2020,470329,ROYAL GOLDEN EAGLE,APRIL,PEKAN BARU,RIAU,302,97518,UNKNOWN,UNKNOWN,UNKNOWN COUNTRY,SINGAPORE,BANGLADESH
2020,470329,ROYAL GOLDEN EAGLE,APRIL,PEKAN BARU,RIAU,1015,327845,UNKNOWN,UNKNOWN,UNKNOWN COUNTRY,SINGAPORE,CHINA (MAINLAND)
2020,470200,ROYAL GOLDEN EAGLE,APRIL,UNKNOWN,RIAU,507,255903,UNKNOWN,UNKNOWN,UNKNOWN COUNTRY,PORT KELANG,CHINA (MAINLAND)
2020,470200,ROYAL GOLDEN EAGLE,APRIL,UNKNOWN,RIAU,507,255971,UNKNOWN,UNKNOWN,UNKNOWN COUNTRY,PORT KELANG,CHINA (MAINLAND)
2020,470200,ROYAL GOLDEN EAGLE,APRIL,UNKNOWN,RIAU,162,81829,UNKNOWN,UNKNOWN,UNKNOWN COUNTRY,PORT KELANG,CHINA (MAINLAND)
2020,470200,ROYAL GOLDEN EAGLE,APRIL,UNKNOWN,RIAU,506,255780,UNKNOWN,UNKNOWN,UNKNOWN COUNTRY,PORT KELANG,CHINA (MAINLAND)
2020,470200,ROYAL GOLDEN EAGLE,APRIL,BUATAN,RIAU,506,255624,UNKNOWN,UNKNOWN,UNKNOWN COUNTRY,PORT KELANG,CHINA (MAINLAND)
2020,470200,ROYAL GOLDEN EAGLE,APRIL,BUATAN,RIAU,506,255620,UNKNOWN,UNKNOWN,UNKNOWN COUNTRY,PORT KELANG,CHINA (MAINLAND)
2020,470200,ROYAL GOLDEN EAGLE,APRIL,BUATAN,RIAU,499,251745,UNKNOWN,UNKNOWN,UNKNOWN COUNTRY,PORT KELANG,CHINA (MAINLAND)
2020,470329,ROYAL GOLDEN EAGLE,APRIL,PEKAN BARU,RIAU,508,163922,UNKNOWN,UNKNOWN,UNKNOWN COUNTRY,SINGAPORE,INDIA
2020,470329,SINAR MAS,INDAH KIAT,PERAWANG,RIAU,500,241633,UNKNOWN,UNKNOWN,UNKNOWN COUNTRY,MELBOURNE,AUSTRALIA
2020,470329,MARUBENI,TANJUNG ENIM LESTARI,TARAHAN,SUMATERA SELATAN,1000,408239,UNKNOWN,UNKNOWN,UNKNOWN COUNTRY,QINGDAO,CHINA (MAINLAND)
2020,470329,MARUBENI,TANJUNG ENIM LESTARI,TARAHAN,SUMATERA SELATAN,995,406339,UNKNOWN,UNKNOWN,UNKNOWN COUNTRY,QINGDAO,CHINA (MAINLAND)
2020,470329,MARUBENI,TANJUNG ENIM LESTARI,TARAHAN,SUMATERA SELATAN,1992,813590,UNKNOWN,UNKNOWN,UNKNOWN COUNTRY,QINGDAO,CHINA (MAINLAND)
2020,470329,MARUBENI,TANJUNG ENIM LESTARI,TARAHAN,SUMATERA SELATAN,1991,813243,UNKNOWN,UNKNOWN,UNKNOWN COUNTRY,QINGDAO,CHINA (MAINLAND)
2020,470329,MARUBENI,TANJUNG ENIM LESTARI,TARAHAN,SUMATERA SELATAN,994,410177,UNKNOWN,UNKNOWN,UNKNOWN COUNTRY,XINGANG,CHINA (MAINLAND)
2020,470329,MARUBENI,TANJUNG ENIM LESTARI,TARAHAN,SUMATERA SELATAN,1991,812206,UNKNOWN,UNKNOWN,UNKNOWN COUNTRY,XINGANG,CHINA (MAINLAND)
2020,470329,MARUBENI,TANJUNG ENIM LESTARI,TARAHAN,SUMATERA SELATAN,994,400567,UNKNOWN,UNKNOWN,UNKNOWN COUNTRY,XINGANG,CHINA (MAINLAND)
2020,470329,ROYAL GOLDEN EAGLE,APRIL,UNKNOWN,RIAU,201,64964,UNKNOWN,UNKNOWN,UNKNOWN COUNTRY,SINGAPORE,BANGLADESH
2020,470329,ROYAL GOLDEN EAGLE,APRIL,UNKNOWN,RIAU,301,97332,UNKNOWN,UNKNOWN,UNKNOWN COUNTRY,SINGAPORE,BANGLADESH
2020,470329,ROYAL GOLDEN EAGLE,APRIL,UNKNOWN,RIAU,503,162378,UNKNOWN,UNKNOWN,UNKNOWN COUNTRY,SINGAPORE,SAUDI ARABIA
2020,470200,ROYAL GOLDEN EAGLE,APRIL,BUATAN,RIAU,506,255586,UNKNOWN,UNKNOWN,UNKNOWN COUNTRY,SINGAPORE,CHINA (MAINLAND)
2020,470200,ROYAL GOLDEN EAGLE,APRIL,BUATAN,RIAU,506,255589,UNKNOWN,UNKNOWN,UNKNOWN COUNTRY,SINGAPORE,CHINA (MAINLAND)
2020,470200,ROYAL GOLDEN EAGLE,APRIL,BUATAN,RIAU,506,255491,UNKNOWN,UNKNOWN,UNKNOWN COUNTRY,SINGAPORE,CHINA (MAINLAND)
2020,470200,ROYAL GOLDEN EAGLE,APRIL,BUATAN,RIAU,506,255493,UNKNOWN,UNKNOWN,UNKNOWN COUNTRY,SINGAPORE,CHINA (MAINLAND)
2020,470329,SINAR MAS,INDAH KIAT,PERAWANG,RIAU,1060,526762,UNKNOWN,UNKNOWN,UNKNOWN COUNTRY,TUTICORIN,INDIA
2020,470200,ROYAL GOLDEN EAGLE,APRIL,UNKNOWN,RIAU,507,255906,UNKNOWN,UNKNOWN,UNKNOWN COUNTRY,PORT KELANG,CHINA (MAINLAND)
2020,470200,ROYAL GOLDEN EAGLE,APRIL,UNKNOWN,RIAU,506,255697,UNKNOWN,UNKNOWN,UNKNOWN COUNTRY,PORT KELANG,CHINA (MAINLAND)
2020,470329,ROYAL GOLDEN EAGLE,APRIL,BUATAN,RIAU,503,162361,UNKNOWN,UNKNOWN,UNKNOWN COUNTRY,SINGAPORE,BANGLADESH
2020,470200,ROYAL GOLDEN EAGLE,APRIL,BUATAN,RIAU,499,251806,UNKNOWN,UNKNOWN,UNKNOWN COUNTRY,SINGAPORE,CHINA (MAINLAND)
2020,470200,ROYAL GOLDEN EAGLE,APRIL,BUATAN,RIAU,498,251465,UNKNOWN,UNKNOWN,UNKNOWN COUNTRY,SINGAPORE,CHINA (MAINLAND)
2020,470329,MARUBENI,TANJUNG ENIM LESTARI,TANJUNG PRIOK,SUMATERA SELATAN,483,195510,UNKNOWN,UNKNOWN,UNKNOWN COUNTRY,XINHUI,CHINA (MAINLAND)
2020,470200,ROYAL GOLDEN EAGLE,APRIL,UNKNOWN,RIAU,507,255852,UNKNOWN,UNKNOWN,UNKNOWN COUNTRY,PORT KELANG,CHINA (MAINLAND)
2020,470200,ROYAL GOLDEN EAGLE,APRIL,BUATAN,RIAU,506,255710,UNKNOWN,UNKNOWN,UNKNOWN COUNTRY,SINGAPORE,CHINA (MAINLAND)
2020,470200,ROYAL GOLDEN EAGLE,APRIL,BUATAN,RIAU,506,255585,UNKNOWN,UNKNOWN,UNKNOWN COUNTRY,SINGAPORE,CHINA (MAINLAND)
2020,470329,ROYAL GOLDEN EAGLE,APRIL,BUATAN,RIAU,20,6505,UNKNOWN,UNKNOWN,UNKNOWN COUNTRY,SINGAPORE,CHINA (MAINLAND)
2020,470329,ROYAL GOLDEN EAGLE,APRIL,BUATAN,RIAU,20,6486,UNKNOWN,UNKNOWN,UNKNOWN COUNTRY,SINGAPORE,KUWAIT
2020,470329,ROYAL GOLDEN EAGLE,APRIL,BUATAN,RIAU,914,295339,UNKNOWN,UNKNOWN,UNKNOWN COUNTRY,SINGAPORE,KUWAIT
2020,470329,SINAR MAS,LONTAR PAPYRUS,KUALA TUNGKAL,JAMBI,1004,471762,UNKNOWN,UNKNOWN,UNKNOWN COUNTRY,PIPAVAV (VICTOR) PORT,INDIA
2020,470329,SINAR MAS,LONTAR PAPYRUS,KUALA TUNGKAL,JAMBI,1004,471913,UNKNOWN,UNKNOWN,UNKNOWN COUNTRY,PIPAVAV (VICTOR) PORT,INDIA
2020,470329,SINAR MAS,LONTAR PAPYRUS,KUALA TUNGKAL,JAMBI,1004,472109,UNKNOWN,UNKNOWN,UNKNOWN COUNTRY,PIPAVAV (VICTOR) PORT,INDIA
2020,470329,SINAR MAS,INDAH KIAT,PERAWANG,RIAU,500,241633,UNKNOWN,UNKNOWN,UNKNOWN COUNTRY,MELBOURNE,AUSTRALIA
2020,470329,MARUBENI,TANJUNG ENIM LESTARI,TARAHAN,SUMATERA SELATAN,3179,1285030,UNKNOWN,UNKNOWN,UNKNOWN COUNTRY,XINGANG,CHINA (MAINLAND)
2020,470329,MARUBENI,TANJUNG ENIM LESTARI,TARAHAN,SUMATERA SELATAN,1060,428329,UNKNOWN,UNKNOWN,UNKNOWN COUNTRY,XINGANG,CHINA (MAINLAND)
2020,470329,MARUBENI,TANJUNG ENIM LESTARI,TARAHAN,SUMATERA SELATAN,1060,423300,UNKNOWN,UNKNOWN,UNKNOWN COUNTRY,XINGANG,CHINA (MAINLAND)
2020,470329,MARUBENI,TANJUNG ENIM LESTARI,TARAHAN,SUMATERA SELATAN,1389,553240,UNKNOWN,UNKNOWN,UNKNOWN COUNTRY,PYEONGTAEK,SOUTH KOREA
2020,470329,MARUBENI,TANJUNG ENIM LESTARI,TARAHAN,SUMATERA SELATAN,1029,409982,UNKNOWN,UNKNOWN,UNKNOWN COUNTRY,PYEONGTAEK,SOUTH KOREA
2020,470329,MARUBENI,TANJUNG ENIM LESTARI,TARAHAN,SUMATERA SELATAN,205,83386,UNKNOWN,UNKNOWN,UNKNOWN COUNTRY,PYEONGTAEK,SOUTH KOREA
2020,470329,MARUBENI,TANJUNG ENIM LESTARI,TARAHAN,SUMATERA SELATAN,411,167503,UNKNOWN,UNKNOWN,UNKNOWN COUNTRY,PYEONGTAEK,SOUTH KOREA
2020,470329,MARUBENI,TANJUNG ENIM LESTARI,TARAHAN,SUMATERA SELATAN,102,41301,UNKNOWN,UNKNOWN,UNKNOWN COUNTRY,PYEONGTAEK,SOUTH KOREA
2020,470329,MARUBENI,TANJUNG ENIM LESTARI,TARAHAN,SUMATERA SELATAN,1559,621221,UNKNOWN,UNKNOWN,UNKNOWN COUNTRY,PYEONGTAEK,SOUTH KOREA
2020,470200,ROYAL GOLDEN EAGLE,APRIL,UNKNOWN,RIAU,506,255659,UNKNOWN,UNKNOWN,UNKNOWN COUNTRY,PORT KELANG,CHINA (MAINLAND)
2020,470200,ROYAL GOLDEN EAGLE,APRIL,BUATAN,RIAU,506,255615,UNKNOWN,UNKNOWN,UNKNOWN COUNTRY,SINGAPORE,CHINA (MAINLAND)
2020,470200,ROYAL GOLDEN EAGLE,APRIL,BUATAN,RIAU,506,255660,UNKNOWN,UNKNOWN,UNKNOWN COUNTRY,SINGAPORE,CHINA (MAINLAND)
2020,470200,ROYAL GOLDEN EAGLE,APRIL,BUATAN,RIAU,499,251791,UNKNOWN,UNKNOWN,UNKNOWN COUNTRY,SINGAPORE,CHINA (MAINLAND)
2020,470200,ROYAL GOLDEN EAGLE,APRIL,BUATAN,RIAU,506,255530,UNKNOWN,UNKNOWN,UNKNOWN COUNTRY,SINGAPORE,CHINA (MAINLAND)
2020,470329,ROYAL GOLDEN EAGLE,APRIL,BUATAN,RIAU,1005,324764,UNKNOWN,UNKNOWN,UNKNOWN COUNTRY,SINGAPORE,INDIA
2020,470329,ROYAL GOLDEN EAGLE,APRIL,BUATAN,RIAU,522,168746,UNKNOWN,UNKNOWN,UNKNOWN COUNTRY,SINGAPORE,UNITED ARAB EMIRATES
2020,470200,ROYAL GOLDEN EAGLE,APRIL,UNKNOWN,RIAU,507,255831,UNKNOWN,UNKNOWN,UNKNOWN COUNTRY,PORT KELANG,CHINA (MAINLAND)
2020,470200,ROYAL GOLDEN EAGLE,APRIL,UNKNOWN,RIAU,506,255689,UNKNOWN,UNKNOWN,UNKNOWN COUNTRY,PORT KELANG,CHINA (MAINLAND)
2020,470200,ROYAL GOLDEN EAGLE,APRIL,UNKNOWN,RIAU,506,255609,UNKNOWN,UNKNOWN,UNKNOWN COUNTRY,PORT KELANG,CHINA (MAINLAND)
2020,470200,ROYAL GOLDEN EAGLE,APRIL,UNKNOWN,RIAU,507,255900,UNKNOWN,UNKNOWN,UNKNOWN COUNTRY,PORT KELANG,CHINA (MAINLAND)
2020,470200,ROYAL GOLDEN EAGLE,APRIL,BUATAN,RIAU,498,251488,UNKNOWN,UNKNOWN,UNKNOWN COUNTRY,SINGAPORE,CHINA (MAINLAND)
2020,470200,ROYAL GOLDEN EAGLE,APRIL,BUATAN,RIAU,498,251698,UNKNOWN,UNKNOWN,UNKNOWN COUNTRY,SINGAPORE,CHINA (MAINLAND)
2020,470200,ROYAL GOLDEN EAGLE,APRIL,BUATAN,RIAU,506,255523,UNKNOWN,UNKNOWN,UNKNOWN COUNTRY,SINGAPORE,CHINA (MAINLAND)
2020,470200,ROYAL GOLDEN EAGLE,APRIL,BUATAN,RIAU,506,255568,UNKNOWN,UNKNOWN,UNKNOWN COUNTRY,SINGAPORE,CHINA (MAINLAND)
2020,470329,ROYAL GOLDEN EAGLE,APRIL,BUATAN,RIAU,502,162185,UNKNOWN,UNKNOWN,UNKNOWN COUNTRY,SINGAPORE,CHINA (MAINLAND)
2020,470329,ROYAL GOLDEN EAGLE,APRIL,BUATAN,RIAU,241,77882,UNKNOWN,UNKNOWN,UNKNOWN COUNTRY,SINGAPORE,INDIA
2020,470329,ROYAL GOLDEN EAGLE,APRIL,BUATAN,RIAU,502,162227,UNKNOWN,UNKNOWN,UNKNOWN COUNTRY,SINGAPORE,SAUDI ARABIA
2020,470329,SINAR MAS,INDAH KIAT,PERAWANG,RIAU,1012,496646,UNKNOWN,UNKNOWN,UNKNOWN COUNTRY,WUHAN,CHINA (MAINLAND)
2020,470329,ROYAL GOLDEN EAGLE,APRIL,UNKNOWN,RIAU,10627,3432537,UNKNOWN,UNKNOWN,UNKNOWN COUNTRY,CHITTAGONG,BANGLADESH
2020,470200,ROYAL GOLDEN EAGLE,APRIL,BUATAN,RIAU,506,255612,UNKNOWN,UNKNOWN,UNKNOWN COUNTRY,SINGAPORE,CHINA (MAINLAND)
2020,470329,ROYAL GOLDEN EAGLE,APRIL,BUATAN,RIAU,60,19494,UNKNOWN,UNKNOWN,UNKNOWN COUNTRY,SINGAPORE,INDIA
2020,470329,ROYAL GOLDEN EAGLE,APRIL,BUATAN,RIAU,201,64877,UNKNOWN,UNKNOWN,UNKNOWN COUNTRY,SINGAPORE,INDIA
2020,470329,MARUBENI,TANJUNG ENIM LESTARI,PANJANG,SUMATERA SELATAN,485,199622,UNKNOWN,UNKNOWN,UNKNOWN COUNTRY,XINGANG,CHINA (MAINLAND)
2020,470329,SINAR MAS,INDAH KIAT,PERAWANG,RIAU,200,97595,UNKNOWN,UNKNOWN,UNKNOWN COUNTRY,HAIPHONG,VIETNAM
2020,470329,SINAR MAS,OKI,SULTAN MAHMUD BADARUDDIN (U),SUMATERA SELATAN,3870,1913715,UNKNOWN,UNKNOWN,UNKNOWN COUNTRY,YANGPU,CHINA (MAINLAND)
2020,470329,SINAR MAS,OKI,SULTAN MAHMUD BADARUDDIN (U),SUMATERA SELATAN,4130,2000985,UNKNOWN,UNKNOWN,UNKNOWN COUNTRY,YANGPU,CHINA (MAINLAND)
2020,470329,SINAR MAS,OKI,SULTAN MAHMUD BADARUDDIN (U),SUMATERA SELATAN,2200,1067000,UNKNOWN,UNKNOWN,UNKNOWN COUNTRY,ZHENJIANG,CHINA (MAINLAND)
2020,470329,SINAR MAS,OKI,SULTAN MAHMUD BADARUDDIN (U),SUMATERA SELATAN,7400,3589000,UNKNOWN,UNKNOWN,UNKNOWN COUNTRY,ZHENJIANG,CHINA (MAINLAND)
2020,470329,SINAR MAS,OKI,SULTAN MAHMUD BADARUDDIN (U),SUMATERA SELATAN,400,198000,UNKNOWN,UNKNOWN,UNKNOWN COUNTRY,ZHENJIANG,CHINA (MAINLAND)
2020,470329,SINAR MAS,INDAH KIAT,SUNGAI PAKNING,RIAU,4450,2158250,UNKNOWN,UNKNOWN,UNKNOWN COUNTRY,NINGBO,CHINA (MAINLAND)
2020,470329,SINAR MAS,INDAH KIAT,SUNGAI PAKNING,RIAU,850,412250,UNKNOWN,UNKNOWN,UNKNOWN COUNTRY,NINGBO,CHINA (MAINLAND)
2020,470329,SINAR MAS,INDAH KIAT,SUNGAI PAKNING,RIAU,5000,2425000,UNKNOWN,UNKNOWN,UNKNOWN COUNTRY,NINGBO,CHINA (MAINLAND)
2020,470329,ROYAL GOLDEN EAGLE,APRIL,UNKNOWN,RIAU,503,162386,UNKNOWN,UNKNOWN,UNKNOWN COUNTRY,SINGAPORE,BANGLADESH
2020,470329,ROYAL GOLDEN EAGLE,APRIL,UNKNOWN,RIAU,502,162306,UNKNOWN,UNKNOWN,UNKNOWN COUNTRY,SINGAPORE,BANGLADESH
2020,470200,ROYAL GOLDEN EAGLE,APRIL,UNKNOWN,RIAU,507,255969,UNKNOWN,UNKNOWN,UNKNOWN COUNTRY,PORT KELANG,CHINA (MAINLAND)
2020,470200,ROYAL GOLDEN EAGLE,APRIL,UNKNOWN,RIAU,506,255546,UNKNOWN,UNKNOWN,UNKNOWN COUNTRY,SINGAPORE,CHINA (MAINLAND)
2020,470329,ROYAL GOLDEN EAGLE,APRIL,UNKNOWN,RIAU,502,162110,UNKNOWN,UNKNOWN,UNKNOWN COUNTRY,SINGAPORE,CHINA (MAINLAND)
2020,470329,ROYAL GOLDEN EAGLE,APRIL,UNKNOWN,RIAU,502,162190,UNKNOWN,UNKNOWN,UNKNOWN COUNTRY,SINGAPORE,CHINA (MAINLAND)
2020,470200,ROYAL GOLDEN EAGLE,APRIL,BUATAN,RIAU,506,255541,UNKNOWN,UNKNOWN,UNKNOWN COUNTRY,SINGAPORE,CHINA (MAINLAND)
2020,470200,ROYAL GOLDEN EAGLE,APRIL,BUATAN,RIAU,506,255635,UNKNOWN,UNKNOWN,UNKNOWN COUNTRY,SINGAPORE,CHINA (MAINLAND)
2020,470200,ROYAL GOLDEN EAGLE,APRIL,BUATAN,RIAU,507,255838,UNKNOWN,UNKNOWN,UNKNOWN COUNTRY,SINGAPORE,CHINA (MAINLAND)
2020,470329,ROYAL GOLDEN EAGLE,APRIL,BUATAN,RIAU,261,84376,UNKNOWN,UNKNOWN,UNKNOWN COUNTRY,SINGAPORE,INDIA
2020,470200,ROYAL GOLDEN EAGLE,APRIL,UNKNOWN,RIAU,506,255664,UNKNOWN,UNKNOWN,UNKNOWN COUNTRY,PORT KELANG,CHINA (MAINLAND)
2020,470200,ROYAL GOLDEN EAGLE,APRIL,UNKNOWN,RIAU,506,255640,UNKNOWN,UNKNOWN,UNKNOWN COUNTRY,PORT KELANG,CHINA (MAINLAND)
2020,470200,ROYAL GOLDEN EAGLE,APRIL,BUATAN,RIAU,507,255818,UNKNOWN,UNKNOWN,UNKNOWN COUNTRY,PORT KELANG,CHINA (MAINLAND)
2020,470200,ROYAL GOLDEN EAGLE,APRIL,BUATAN,RIAU,506,255590,UNKNOWN,UNKNOWN,UNKNOWN COUNTRY,PORT KELANG,CHINA (MAINLAND)
2020,470200,ROYAL GOLDEN EAGLE,APRIL,BUATAN,RIAU,385,194280,UNKNOWN,UNKNOWN,UNKNOWN COUNTRY,SINGAPORE,CHINA (MAINLAND)
2020,470329,ROYAL GOLDEN EAGLE,APRIL,BUATAN,RIAU,784,253090,UNKNOWN,UNKNOWN,UNKNOWN COUNTRY,SINGAPORE,UNITED ARAB EMIRATES
2020,470329,SINAR MAS,INDAH KIAT,PERAWANG,RIAU,200,97556,UNKNOWN,UNKNOWN,UNKNOWN COUNTRY,APAPA,NIGERIA
2020,470200,ROYAL GOLDEN EAGLE,APRIL,UNKNOWN,RIAU,507,255861,UNKNOWN,UNKNOWN,UNKNOWN COUNTRY,PORT KELANG,CHINA (MAINLAND)
2020,470200,ROYAL GOLDEN EAGLE,APRIL,UNKNOWN,RIAU,506,255673,UNKNOWN,UNKNOWN,UNKNOWN COUNTRY,PORT KELANG,CHINA (MAINLAND)
2020,470200,ROYAL GOLDEN EAGLE,APRIL,UNKNOWN,RIAU,506,255718,UNKNOWN,UNKNOWN,UNKNOWN COUNTRY,PORT KELANG,CHINA (MAINLAND)
2020,470200,ROYAL GOLDEN EAGLE,APRIL,BUATAN,RIAU,506,255606,UNKNOWN,UNKNOWN,UNKNOWN COUNTRY,PORT KELANG,CHINA (MAINLAND)
2020,470200,ROYAL GOLDEN EAGLE,APRIL,BUATAN,RIAU,498,251470,UNKNOWN,UNKNOWN,UNKNOWN COUNTRY,PORT KELANG,CHINA (MAINLAND)
2020,470329,ROYAL GOLDEN EAGLE,APRIL,BUATAN,RIAU,996,321856,UNKNOWN,UNKNOWN,UNKNOWN COUNTRY,SINGAPORE,INDIA
2020,470329,ROYAL GOLDEN EAGLE,APRIL,BUATAN,RIAU,60,19482,UNKNOWN,UNKNOWN,UNKNOWN COUNTRY,SINGAPORE,INDIA
2020,470329,ROYAL GOLDEN EAGLE,APRIL,BUATAN,RIAU,503,162374,UNKNOWN,UNKNOWN,UNKNOWN COUNTRY,SINGAPORE,VIETNAM
2020,470329,SINAR MAS,LONTAR PAPYRUS,KUALA TUNGKAL,JAMBI,301,144178,UNKNOWN,UNKNOWN,UNKNOWN COUNTRY,CAT LAI,VIETNAM
2020,470329,SINAR MAS,OKI,SULTAN MAHMUD BADARUDDIN (U),SUMATERA SELATAN,4950,2393325,UNKNOWN,UNKNOWN,UNKNOWN COUNTRY,QINZHOU,CHINA (MAINLAND)
2020,470329,SINAR MAS,OKI,SULTAN MAHMUD BADARUDDIN (U),SUMATERA SELATAN,6450,3112125,UNKNOWN,UNKNOWN,UNKNOWN COUNTRY,QINZHOU,CHINA (MAINLAND)
2020,470329,SINAR MAS,OKI,SULTAN MAHMUD BADARUDDIN (U),SUMATERA SELATAN,3550,1712875,UNKNOWN,UNKNOWN,UNKNOWN COUNTRY,QINZHOU,CHINA (MAINLAND)
2020,470329,SINAR MAS,OKI,SULTAN MAHMUD BADARUDDIN (U),SUMATERA SELATAN,2500,1238039,UNKNOWN,UNKNOWN,UNKNOWN COUNTRY,XINHUI,CHINA (MAINLAND)
2020,470329,SINAR MAS,OKI,SULTAN MAHMUD BADARUDDIN (U),SUMATERA SELATAN,500,247608,UNKNOWN,UNKNOWN,UNKNOWN COUNTRY,XINHUI,CHINA (MAINLAND)
2020,470329,MARUBENI,TANJUNG ENIM LESTARI,TANJUNG PRIOK,SUMATERA SELATAN,969,393802,UNKNOWN,UNKNOWN,UNKNOWN COUNTRY,XINHUI,CHINA (MAINLAND)
2020,470329,ROYAL GOLDEN EAGLE,APRIL,UNKNOWN,RIAU,1004,324404,UNKNOWN,UNKNOWN,UNKNOWN COUNTRY,SINGAPORE,CHINA (MAINLAND)
2020,470329,ROYAL GOLDEN EAGLE,APRIL,BUATAN,RIAU,503,162326,UNKNOWN,UNKNOWN,UNKNOWN COUNTRY,SINGAPORE,BANGLADESH
2020,470200,ROYAL GOLDEN EAGLE,APRIL,BUATAN,RIAU,506,255757,UNKNOWN,UNKNOWN,UNKNOWN COUNTRY,SINGAPORE,CHINA (MAINLAND)
2020,470200,ROYAL GOLDEN EAGLE,APRIL,BUATAN,RIAU,506,255778,UNKNOWN,UNKNOWN,UNKNOWN COUNTRY,SINGAPORE,CHINA (MAINLAND)
2020,470200,ROYAL GOLDEN EAGLE,APRIL,BUATAN,RIAU,142,71530,UNKNOWN,UNKNOWN,UNKNOWN COUNTRY,SINGAPORE,CHINA (MAINLAND)
2020,470200,ROYAL GOLDEN EAGLE,APRIL,BUATAN,RIAU,506,255428,UNKNOWN,UNKNOWN,UNKNOWN COUNTRY,SINGAPORE,CHINA (MAINLAND)
2020,470200,ROYAL GOLDEN EAGLE,APRIL,BUATAN,RIAU,365,184323,UNKNOWN,UNKNOWN,UNKNOWN COUNTRY,SINGAPORE,CHINA (MAINLAND)
2020,470200,ROYAL GOLDEN EAGLE,APRIL,BUATAN,RIAU,498,251543,UNKNOWN,UNKNOWN,UNKNOWN COUNTRY,SINGAPORE,CHINA (MAINLAND)
2020,470200,ROYAL GOLDEN EAGLE,APRIL,BUATAN,RIAU,506,255534,UNKNOWN,UNKNOWN,UNKNOWN COUNTRY,SINGAPORE,CHINA (MAINLAND)
2020,470329,ROYAL GOLDEN EAGLE,APRIL,BUATAN,RIAU,297,95921,UNKNOWN,UNKNOWN,UNKNOWN COUNTRY,SINGAPORE,CHINA (MAINLAND)
2020,470329,ROYAL GOLDEN EAGLE,APRIL,BUATAN,RIAU,60,19486,UNKNOWN,UNKNOWN,UNKNOWN COUNTRY,SINGAPORE,INDIA
2020,470329,ROYAL GOLDEN EAGLE,APRIL,BUATAN,RIAU,60,19475,UNKNOWN,UNKNOWN,UNKNOWN COUNTRY,SINGAPORE,INDIA
2020,470329,ROYAL GOLDEN EAGLE,APRIL,BUATAN,RIAU,96,31080,UNKNOWN,UNKNOWN,UNKNOWN COUNTRY,SINGAPORE,TAIWAN
2020,470329,SINAR MAS,INDAH KIAT,SUNGAI PAKNING,RIAU,2500,1212500,UNKNOWN,UNKNOWN,UNKNOWN COUNTRY,YANGPU,CHINA (MAINLAND)
2020,470329,SINAR MAS,INDAH KIAT,SUNGAI PAKNING,RIAU,2500,1212500,UNKNOWN,UNKNOWN,UNKNOWN COUNTRY,YANGPU,CHINA (MAINLAND)
2020,470329,SINAR MAS,INDAH KIAT,SUNGAI PAKNING,RIAU,2500,1212500,UNKNOWN,UNKNOWN,UNKNOWN COUNTRY,YANGPU,CHINA (MAINLAND)
2020,470329,MARUBENI,TANJUNG ENIM LESTARI,TANJUNG PRIOK,SUMATERA SELATAN,19,8171,UNKNOWN,UNKNOWN,UNKNOWN COUNTRY,OSAKA,JAPAN
2020,470329,MARUBENI,TANJUNG ENIM LESTARI,TANJUNG PRIOK,SUMATERA SELATAN,78,32522,UNKNOWN,UNKNOWN,UNKNOWN COUNTRY,SHIMIZU,JAPAN
2020,470329,MARUBENI,TANJUNG ENIM LESTARI,TANJUNG PRIOK,SUMATERA SELATAN,289,121056,UNKNOWN,UNKNOWN,UNKNOWN COUNTRY,SHIMIZU,JAPAN
2020,470329,MARUBENI,TANJUNG ENIM LESTARI,TANJUNG PRIOK,SUMATERA SELATAN,289,121213,UNKNOWN,UNKNOWN,UNKNOWN COUNTRY,SHIMIZU,JAPAN
2020,470200,ROYAL GOLDEN EAGLE,APRIL,UNKNOWN,RIAU,506,255524,UNKNOWN,UNKNOWN,UNKNOWN COUNTRY,PORT KELANG,CHINA (MAINLAND)
2020,470200,ROYAL GOLDEN EAGLE,APRIL,BUATAN,RIAU,498,251266,UNKNOWN,UNKNOWN,UNKNOWN COUNTRY,SINGAPORE,CHINA (MAINLAND)
2020,470200,ROYAL GOLDEN EAGLE,APRIL,UNKNOWN,RIAU,506,255605,UNKNOWN,UNKNOWN,UNKNOWN COUNTRY,PORT KELANG,CHINA (MAINLAND)
2020,470200,ROYAL GOLDEN EAGLE,APRIL,UNKNOWN,RIAU,506,255639,UNKNOWN,UNKNOWN,UNKNOWN COUNTRY,PORT KELANG,CHINA (MAINLAND)
2020,470200,ROYAL GOLDEN EAGLE,APRIL,UNKNOWN,RIAU,506,255686,UNKNOWN,UNKNOWN,UNKNOWN COUNTRY,PORT KELANG,CHINA (MAINLAND)
2020,470329,MARUBENI,TANJUNG ENIM LESTARI,PANJANG,SUMATERA SELATAN,784,326483,UNKNOWN,UNKNOWN,UNKNOWN COUNTRY,WUHAN,CHINA (MAINLAND)
2020,470329,MARUBENI,TANJUNG ENIM LESTARI,PANJANG,SUMATERA SELATAN,508,217215,UNKNOWN,UNKNOWN,UNKNOWN COUNTRY,LAEM CHABANG,THAILAND
2020,470329,ROYAL GOLDEN EAGLE,APRIL,BUATAN,RIAU,100,32388,UNKNOWN,UNKNOWN,UNKNOWN COUNTRY,SINGAPORE,INDIA
2020,470329,SINAR MAS,LONTAR PAPYRUS,KUALA TUNGKAL,JAMBI,1004,495466,UNKNOWN,UNKNOWN,UNKNOWN COUNTRY,ZHANJIANG,CHINA (MAINLAND)
2020,470329,SINAR MAS,LONTAR PAPYRUS,KUALA TUNGKAL,JAMBI,1004,495512,UNKNOWN,UNKNOWN,UNKNOWN COUNTRY,ZHANJIANG,CHINA (MAINLAND)
2020,470329,SINAR MAS,INDAH KIAT,PERAWANG,RIAU,500,238456,UNKNOWN,UNKNOWN,UNKNOWN COUNTRY,MELBOURNE,AUSTRALIA
2020,470329,SINAR MAS,INDAH KIAT,PERAWANG,RIAU,500,238456,UNKNOWN,UNKNOWN,UNKNOWN COUNTRY,MELBOURNE,AUSTRALIA
2020,470329,SINAR MAS,INDAH KIAT,PERAWANG,RIAU,500,238456,UNKNOWN,UNKNOWN,UNKNOWN COUNTRY,MELBOURNE,AUSTRALIA
2020,470329,SINAR MAS,INDAH KIAT,PERAWANG,RIAU,120,54757,UNKNOWN,UNKNOWN,UNKNOWN COUNTRY,SOUTHAMPTON,UNITED KINGDOM
2020,470329,SINAR MAS,OKI,SULTAN MAHMUD BADARUDDIN (U),SUMATERA SELATAN,2500,1212500,UNKNOWN,UNKNOWN,UNKNOWN COUNTRY,SHANGHAI,CHINA (MAINLAND)
2020,470329,SINAR MAS,OKI,SULTAN MAHMUD BADARUDDIN (U),SUMATERA SELATAN,3500,1697500,UNKNOWN,UNKNOWN,UNKNOWN COUNTRY,SHANGHAI,CHINA (MAINLAND)
2020,470329,SINAR MAS,OKI,SULTAN MAHMUD BADARUDDIN (U),SUMATERA SELATAN,4700,2279500,UNKNOWN,UNKNOWN,UNKNOWN COUNTRY,SHANGHAI,CHINA (MAINLAND)
2020,470329,SINAR MAS,INDAH KIAT,SUNGAI PAKNING,RIAU,500,242375,UNKNOWN,UNKNOWN,UNKNOWN COUNTRY,DAGANG,CHINA (MAINLAND)
2020,470329,SINAR MAS,INDAH KIAT,SUNGAI PAKNING,RIAU,1500,727125,UNKNOWN,UNKNOWN,UNKNOWN COUNTRY,DAGANG,CHINA (MAINLAND)
2020,470329,SINAR MAS,INDAH KIAT,SUNGAI PAKNING,RIAU,5000,2423750,UNKNOWN,UNKNOWN,UNKNOWN COUNTRY,DAGANG,CHINA (MAINLAND)
2020,470329,SINAR MAS,INDAH KIAT,SUNGAI PAKNING,RIAU,3000,1454250,UNKNOWN,UNKNOWN,UNKNOWN COUNTRY,DAGANG,CHINA (MAINLAND)
2020,470329,SINAR MAS,INDAH KIAT,SUNGAI PAKNING,RIAU,3500,1696625,UNKNOWN,UNKNOWN,UNKNOWN COUNTRY,DAGANG,CHINA (MAINLAND)
2020,470329,ROYAL GOLDEN EAGLE,APRIL,UNKNOWN,RIAU,502,162298,UNKNOWN,UNKNOWN,UNKNOWN COUNTRY,SINGAPORE,BANGLADESH
2020,470329,ROYAL GOLDEN EAGLE,APRIL,UNKNOWN,RIAU,502,162246,UNKNOWN,UNKNOWN,UNKNOWN COUNTRY,SINGAPORE,BANGLADESH
2020,470329,ROYAL GOLDEN EAGLE,APRIL,UNKNOWN,RIAU,6009,1970886,UNKNOWN,UNKNOWN,UNKNOWN COUNTRY,CHANGSHU,CHINA (MAINLAND)
2020,470329,ROYAL GOLDEN EAGLE,APRIL,UNKNOWN,RIAU,2111,692474,UNKNOWN,UNKNOWN,UNKNOWN COUNTRY,NINGBO,CHINA (MAINLAND)
2020,470329,ROYAL GOLDEN EAGLE,APRIL,UNKNOWN,RIAU,101,32974,UNKNOWN,UNKNOWN,UNKNOWN COUNTRY,SINGAPORE,INDIA
2020,470329,ROYAL GOLDEN EAGLE,APRIL,UNKNOWN,RIAU,2030,664825,UNKNOWN,UNKNOWN,UNKNOWN COUNTRY,IYOMISHIMA,JAPAN
2020,470329,ROYAL GOLDEN EAGLE,APRIL,UNKNOWN,RIAU,402,131945,UNKNOWN,UNKNOWN,UNKNOWN COUNTRY,SINGAPORE,THAILAND
2020,470329,ROYAL GOLDEN EAGLE,APRIL,UNKNOWN,RIAU,503,162362,UNKNOWN,UNKNOWN,UNKNOWN COUNTRY,SINGAPORE,VIETNAM
2020,470200,ROYAL GOLDEN EAGLE,APRIL,UNKNOWN,RIAU,506,255562,UNKNOWN,UNKNOWN,UNKNOWN COUNTRY,PORT KELANG,CHINA (MAINLAND)
2020,470200,ROYAL GOLDEN EAGLE,APRIL,UNKNOWN,RIAU,506,255624,UNKNOWN,UNKNOWN,UNKNOWN COUNTRY,PORT KELANG,CHINA (MAINLAND)
2020,470200,ROYAL GOLDEN EAGLE,APRIL,UNKNOWN,RIAU,506,255290,UNKNOWN,UNKNOWN,UNKNOWN COUNTRY,PORT KELANG,CHINA (MAINLAND)
2020,470200,ROYAL GOLDEN EAGLE,APRIL,UNKNOWN,RIAU,506,255634,UNKNOWN,UNKNOWN,UNKNOWN COUNTRY,PORT KELANG,CHINA (MAINLAND)
2020,470329,ROYAL GOLDEN EAGLE,APRIL,BUATAN,RIAU,201,65923,UNKNOWN,UNKNOWN,UNKNOWN COUNTRY,SINGAPORE,CHINA (MAINLAND)
2020,470329,ROYAL GOLDEN EAGLE,APRIL,BUATAN,RIAU,261,84268,UNKNOWN,UNKNOWN,UNKNOWN COUNTRY,SINGAPORE,THAILAND
2020,470200,ROYAL GOLDEN EAGLE,APRIL,UNKNOWN,RIAU,507,255826,UNKNOWN,UNKNOWN,UNKNOWN COUNTRY,SINGAPORE,CHINA (MAINLAND)
2020,470329,ROYAL GOLDEN EAGLE,APRIL,UNKNOWN,RIAU,502,164596,UNKNOWN,UNKNOWN,UNKNOWN COUNTRY,SINGAPORE,CHINA (MAINLAND)
2020,470329,ROYAL GOLDEN EAGLE,APRIL,UNKNOWN,RIAU,502,162305,UNKNOWN,UNKNOWN,UNKNOWN COUNTRY,SINGAPORE,INDIA
2020,470329,ROYAL GOLDEN EAGLE,APRIL,UNKNOWN,RIAU,17581,5766501,UNKNOWN,UNKNOWN,UNKNOWN COUNTRY,MERSIN,TURKEY
2020,470329,ROYAL GOLDEN EAGLE,APRIL,BUATAN,RIAU,503,162485,UNKNOWN,UNKNOWN,UNKNOWN COUNTRY,SINGAPORE,INDIA
2020,470329,SINAR MAS,INDAH KIAT,PERAWANG,RIAU,200,96262,UNKNOWN,UNKNOWN,UNKNOWN COUNTRY,HAIPHONG,VIETNAM
2020,470329,SINAR MAS,INDAH KIAT,PERAWANG,RIAU,300,144394,UNKNOWN,UNKNOWN,UNKNOWN COUNTRY,HAIPHONG,VIETNAM
2020,470329,SINAR MAS,OKI,SULTAN MAHMUD BADARUDDIN (U),SUMATERA SELATAN,4200,2037000,UNKNOWN,UNKNOWN,UNKNOWN COUNTRY,NINGBO,CHINA (MAINLAND)
2020,470329,SINAR MAS,OKI,SULTAN MAHMUD BADARUDDIN (U),SUMATERA SELATAN,7560,3666600,UNKNOWN,UNKNOWN,UNKNOWN COUNTRY,NINGBO,CHINA (MAINLAND)
2020,470329,MARUBENI,TANJUNG ENIM LESTARI,TANJUNG PRIOK,SUMATERA SELATAN,590,237896,UNKNOWN,UNKNOWN,UNKNOWN COUNTRY,YINGKOU,CHINA (MAINLAND)
2020,470200,ROYAL GOLDEN EAGLE,APRIL,UNKNOWN,RIAU,507,255875,UNKNOWN,UNKNOWN,UNKNOWN COUNTRY,PORT KELANG,CHINA (MAINLAND)
2020,470200,ROYAL GOLDEN EAGLE,APRIL,BUATAN,RIAU,506,255331,UNKNOWN,UNKNOWN,UNKNOWN COUNTRY,PORT KELANG,CHINA (MAINLAND)
2020,470200,ROYAL GOLDEN EAGLE,APRIL,BUATAN,RIAU,506,255667,UNKNOWN,UNKNOWN,UNKNOWN COUNTRY,PORT KELANG,CHINA (MAINLAND)
2020,470200,ROYAL GOLDEN EAGLE,APRIL,BUATAN,RIAU,506,255531,UNKNOWN,UNKNOWN,UNKNOWN COUNTRY,PORT KELANG,CHINA (MAINLAND)
2020,470200,ROYAL GOLDEN EAGLE,APRIL,BUATAN,RIAU,506,255476,UNKNOWN,UNKNOWN,UNKNOWN COUNTRY,PORT KELANG,CHINA (MAINLAND)
2020,470329,ROYAL GOLDEN EAGLE,APRIL,BUATAN,RIAU,60,19447,UNKNOWN,UNKNOWN,UNKNOWN COUNTRY,SINGAPORE,INDIA
2020,470329,ROYAL GOLDEN EAGLE,APRIL,BUATAN,RIAU,199,65203,UNKNOWN,UNKNOWN,UNKNOWN COUNTRY,SINGAPORE,UNITED ARAB EMIRATES
2020,470329,ROYAL GOLDEN EAGLE,APRIL,BUATAN,RIAU,503,162391,UNKNOWN,UNKNOWN,UNKNOWN COUNTRY,SINGAPORE,VIETNAM
2020,470329,MARUBENI,TANJUNG ENIM LESTARI,PANJANG,SUMATERA SELATAN,301,125956,UNKNOWN,UNKNOWN,UNKNOWN COUNTRY,QINGDAO,CHINA (MAINLAND)
2020,470329,MARUBENI,TANJUNG ENIM LESTARI,PANJANG,SUMATERA SELATAN,494,205810,UNKNOWN,UNKNOWN,UNKNOWN COUNTRY,WUHAN,CHINA (MAINLAND)
2020,470329,MARUBENI,TANJUNG ENIM LESTARI,PANJANG,SUMATERA SELATAN,195,80674,UNKNOWN,UNKNOWN,UNKNOWN COUNTRY,XINGANG,CHINA (MAINLAND)
2020,470329,MARUBENI,TANJUNG ENIM LESTARI,PANJANG,SUMATERA SELATAN,196,80737,UNKNOWN,UNKNOWN,UNKNOWN COUNTRY,XINGANG,CHINA (MAINLAND)
2020,470329,MARUBENI,TANJUNG ENIM LESTARI,PANJANG,SUMATERA SELATAN,383,165289,UNKNOWN,UNKNOWN,UNKNOWN COUNTRY,TOMAKOMAI,JAPAN
2020,470329,MARUBENI,TANJUNG ENIM LESTARI,PANJANG,SUMATERA SELATAN,488,212595,UNKNOWN,UNKNOWN,UNKNOWN COUNTRY,TAURANGA,NEW ZEALAND
2020,470329,SINAR MAS,OKI,SULTAN MAHMUD BADARUDDIN (U),SUMATERA SELATAN,2000,962000,UNKNOWN,UNKNOWN,UNKNOWN COUNTRY,QINZHOU,CHINA (MAINLAND)
2020,470329,SINAR MAS,OKI,SULTAN MAHMUD BADARUDDIN (U),SUMATERA SELATAN,4370,2104155,UNKNOWN,UNKNOWN,UNKNOWN COUNTRY,YANGPU,CHINA (MAINLAND)
2020,470329,SINAR MAS,OKI,SULTAN MAHMUD BADARUDDIN (U),SUMATERA SELATAN,630,303345,UNKNOWN,UNKNOWN,UNKNOWN COUNTRY,YANGPU,CHINA (MAINLAND)
2020,470329,MARUBENI,TANJUNG ENIM LESTARI,PANJANG,SUMATERA SELATAN,487,199964,UNKNOWN,UNKNOWN,UNKNOWN COUNTRY,CHONGQING,CHINA (MAINLAND)
2020,470329,MARUBENI,TANJUNG ENIM LESTARI,PANJANG,SUMATERA SELATAN,695,290425,UNKNOWN,UNKNOWN,UNKNOWN COUNTRY,QINGDAO,CHINA (MAINLAND)
2020,470329,MARUBENI,TANJUNG ENIM LESTARI,PANJANG,SUMATERA SELATAN,189,81734,UNKNOWN,UNKNOWN,UNKNOWN COUNTRY,CAT LAI,VIETNAM
2020,470329,SINAR MAS,OKI,SULTAN MAHMUD BADARUDDIN (U),SUMATERA SELATAN,3500,1732500,UNKNOWN,UNKNOWN,UNKNOWN COUNTRY,CHANGSHU,CHINA (MAINLAND)
2020,470329,SINAR MAS,OKI,SULTAN MAHMUD BADARUDDIN (U),SUMATERA SELATAN,3600,1746000,UNKNOWN,UNKNOWN,UNKNOWN COUNTRY,CHANGSHU,CHINA (MAINLAND)
2020,470329,SINAR MAS,OKI,SULTAN MAHMUD BADARUDDIN (U),SUMATERA SELATAN,2900,1406500,UNKNOWN,UNKNOWN,UNKNOWN COUNTRY,CHANGSHU,CHINA (MAINLAND)
2020,470329,SINAR MAS,INDAH KIAT,SUNGAI PAKNING,RIAU,9200,4441050,UNKNOWN,UNKNOWN,UNKNOWN COUNTRY,DAFENG,CHINA (MAINLAND)
2020,470329,SINAR MAS,INDAH KIAT,SUNGAI PAKNING,RIAU,10200,4916400,UNKNOWN,UNKNOWN,UNKNOWN COUNTRY,PYEONGTAEK,SOUTH KOREA
2020,470200,ROYAL GOLDEN EAGLE,APRIL,UNKNOWN,RIAU,13157,6644336,UNKNOWN,UNKNOWN,UNKNOWN COUNTRY,CHANGSHU,CHINA (MAINLAND)
2020,470200,ROYAL GOLDEN EAGLE,APRIL,UNKNOWN,RIAU,506,255636,UNKNOWN,UNKNOWN,UNKNOWN COUNTRY,PORT KELANG,CHINA (MAINLAND)
2020,470200,ROYAL GOLDEN EAGLE,APRIL,UNKNOWN,RIAU,506,255445,UNKNOWN,UNKNOWN,UNKNOWN COUNTRY,PORT KELANG,CHINA (MAINLAND)
2020,470200,ROYAL GOLDEN EAGLE,APRIL,UNKNOWN,RIAU,506,255504,UNKNOWN,UNKNOWN,UNKNOWN COUNTRY,PORT KELANG,CHINA (MAINLAND)
2020,470200,ROYAL GOLDEN EAGLE,APRIL,BUATAN,RIAU,506,255420,UNKNOWN,UNKNOWN,UNKNOWN COUNTRY,SINGAPORE,CHINA (MAINLAND)
2020,470329,ROYAL GOLDEN EAGLE,APRIL,BUATAN,RIAU,98,32262,UNKNOWN,UNKNOWN,UNKNOWN COUNTRY,SINGAPORE,CHINA (MAINLAND)
2020,470329,ROYAL GOLDEN EAGLE,APRIL,BUATAN,RIAU,502,162120,UNKNOWN,UNKNOWN,UNKNOWN COUNTRY,SINGAPORE,INDIA
2020,470329,ROYAL GOLDEN EAGLE,APRIL,BUATAN,RIAU,496,162800,UNKNOWN,UNKNOWN,UNKNOWN COUNTRY,SINGAPORE,UNITED ARAB EMIRATES
2020,470329,ROYAL GOLDEN EAGLE,APRIL,BUATAN,RIAU,498,163468,UNKNOWN,UNKNOWN,UNKNOWN COUNTRY,SINGAPORE,UNITED ARAB EMIRATES
2020,470329,SINAR MAS,INDAH KIAT,PERAWANG,RIAU,500,239686,UNKNOWN,UNKNOWN,UNKNOWN COUNTRY,MELBOURNE,AUSTRALIA
2020,470329,SINAR MAS,INDAH KIAT,PERAWANG,RIAU,1000,491110,UNKNOWN,UNKNOWN,UNKNOWN COUNTRY,DALIAN,CHINA (MAINLAND)
2020,470329,SINAR MAS,INDAH KIAT,PERAWANG,RIAU,1000,491110,UNKNOWN,UNKNOWN,UNKNOWN COUNTRY,DALIAN,CHINA (MAINLAND)
2020,470329,SINAR MAS,INDAH KIAT,PERAWANG,RIAU,380,184341,UNKNOWN,UNKNOWN,UNKNOWN COUNTRY,EL ISKANDARIYA (=ALEXANDRIA),EGYPT
2020,470329,SINAR MAS,INDAH KIAT,PERAWANG,RIAU,380,184341,UNKNOWN,UNKNOWN,UNKNOWN COUNTRY,EL ISKANDARIYA (=ALEXANDRIA),EGYPT
2020,470200,ROYAL GOLDEN EAGLE,APRIL,BUATAN,RIAU,506,255381,UNKNOWN,UNKNOWN,UNKNOWN COUNTRY,SINGAPORE,CHINA (MAINLAND)
2020,470329,SINAR MAS,INDAH KIAT,PERAWANG,RIAU,500,239686,UNKNOWN,UNKNOWN,UNKNOWN COUNTRY,MELBOURNE,AUSTRALIA
2020,470329,SINAR MAS,INDAH KIAT,PERAWANG,RIAU,500,239686,UNKNOWN,UNKNOWN,UNKNOWN COUNTRY,MELBOURNE,AUSTRALIA
2020,470200,ROYAL GOLDEN EAGLE,APRIL,UNKNOWN,RIAU,506,255409,UNKNOWN,UNKNOWN,UNKNOWN COUNTRY,PORT KELANG,CHINA (MAINLAND)
2020,470200,ROYAL GOLDEN EAGLE,APRIL,UNKNOWN,RIAU,506,255489,UNKNOWN,UNKNOWN,UNKNOWN COUNTRY,PORT KELANG,CHINA (MAINLAND)
2020,470200,ROYAL GOLDEN EAGLE,TOBA PULP LESTARI,BELAWAN,SUMATERA UTARA,19,10607,UNKNOWN,UNKNOWN,UNKNOWN COUNTRY,TAOYUAN,TAIWAN
2020,470329,SINAR MAS,OKI,SULTAN MAHMUD BADARUDDIN (U),SUMATERA SELATAN,448,228233,UNKNOWN,UNKNOWN,UNKNOWN COUNTRY,SINGAPORE,CHINA (MAINLAND)
2020,470329,ROYAL GOLDEN EAGLE,APRIL,BUATAN,RIAU,502,164687,UNKNOWN,UNKNOWN,UNKNOWN COUNTRY,SINGAPORE,CHINA (MAINLAND)
2020,470329,SINAR MAS,INDAH KIAT,PERAWANG,RIAU,1000,491110,UNKNOWN,UNKNOWN,UNKNOWN COUNTRY,DALIAN,CHINA (MAINLAND)
2020,470329,SINAR MAS,INDAH KIAT,PERAWANG,RIAU,700,347182,UNKNOWN,UNKNOWN,UNKNOWN COUNTRY,NINGBO,CHINA (MAINLAND)
2020,470329,ROYAL GOLDEN EAGLE,APRIL,UNKNOWN,RIAU,3063,999478,UNKNOWN,UNKNOWN,UNKNOWN COUNTRY,NINGBO,CHINA (MAINLAND)
2020,470200,ROYAL GOLDEN EAGLE,APRIL,UNKNOWN,RIAU,506,255706,UNKNOWN,UNKNOWN,UNKNOWN COUNTRY,PORT KELANG,CHINA (MAINLAND)
2020,470329,ROYAL GOLDEN EAGLE,APRIL,UNKNOWN,RIAU,5025,1648349,UNKNOWN,UNKNOWN,UNKNOWN COUNTRY,GUNSAN,SOUTH KOREA
2020,470329,ROYAL GOLDEN EAGLE,APRIL,UNKNOWN,RIAU,2564,840879,UNKNOWN,UNKNOWN,UNKNOWN COUNTRY,PYEONGTAEK,SOUTH KOREA
2020,470200,ROYAL GOLDEN EAGLE,APRIL,BUATAN,RIAU,506,255542,UNKNOWN,UNKNOWN,UNKNOWN COUNTRY,SINGAPORE,CHINA (MAINLAND)
2020,470329,ROYAL GOLDEN EAGLE,APRIL,BUATAN,RIAU,1004,324262,UNKNOWN,UNKNOWN,UNKNOWN COUNTRY,SINGAPORE,CHINA (MAINLAND)
2020,470329,ROYAL GOLDEN EAGLE,APRIL,BUATAN,RIAU,804,263850,UNKNOWN,UNKNOWN,UNKNOWN COUNTRY,SINGAPORE,CHINA (MAINLAND)
2020,470329,SINAR MAS,INDAH KIAT,PERAWANG,RIAU,500,239686,UNKNOWN,UNKNOWN,UNKNOWN COUNTRY,MELBOURNE,AUSTRALIA
2020,470329,SINAR MAS,INDAH KIAT,PERAWANG,RIAU,500,239686,UNKNOWN,UNKNOWN,UNKNOWN COUNTRY,MELBOURNE,AUSTRALIA
2020,470329,SINAR MAS,INDAH KIAT,PERAWANG,RIAU,500,239686,UNKNOWN,UNKNOWN,UNKNOWN COUNTRY,MELBOURNE,AUSTRALIA
2020,470329,SINAR MAS,INDAH KIAT,PERAWANG,RIAU,600,289001,UNKNOWN,UNKNOWN,UNKNOWN COUNTRY,JEBEL ALI,UNITED ARAB EMIRATES
2020,470329,SINAR MAS,INDAH KIAT,PERAWANG,RIAU,520,250468,UNKNOWN,UNKNOWN,UNKNOWN COUNTRY,JEBEL ALI,UNITED ARAB EMIRATES
2020,470329,SINAR MAS,INDAH KIAT,PERAWANG,RIAU,520,250468,UNKNOWN,UNKNOWN,UNKNOWN COUNTRY,JEBEL ALI,UNITED ARAB EMIRATES
2020,470329,SINAR MAS,OKI,SULTAN MAHMUD BADARUDDIN (U),SUMATERA SELATAN,864,418608,UNKNOWN,UNKNOWN,UNKNOWN COUNTRY,NINGBO,CHINA (MAINLAND)
2020,470329,SINAR MAS,OKI,SULTAN MAHMUD BADARUDDIN (U),SUMATERA SELATAN,2000,969000,UNKNOWN,UNKNOWN,UNKNOWN COUNTRY,NINGBO,CHINA (MAINLAND)
2020,470329,SINAR MAS,OKI,SULTAN MAHMUD BADARUDDIN (U),SUMATERA SELATAN,4936,2391492,UNKNOWN,UNKNOWN,UNKNOWN COUNTRY,NINGBO,CHINA (MAINLAND)
2020,470329,SINAR MAS,OKI,SULTAN MAHMUD BADARUDDIN (U),SUMATERA SELATAN,1600,792000,UNKNOWN,UNKNOWN,UNKNOWN COUNTRY,ZHENJIANG,CHINA (MAINLAND)
2020,470329,SINAR MAS,OKI,SULTAN MAHMUD BADARUDDIN (U),SUMATERA SELATAN,3500,1697500,UNKNOWN,UNKNOWN,UNKNOWN COUNTRY,ZHENJIANG,CHINA (MAINLAND)
2020,470329,SINAR MAS,OKI,SULTAN MAHMUD BADARUDDIN (U),SUMATERA SELATAN,2400,1164000,UNKNOWN,UNKNOWN,UNKNOWN COUNTRY,ZHENJIANG,CHINA (MAINLAND)
2020,470329,SINAR MAS,OKI,SULTAN MAHMUD BADARUDDIN (U),SUMATERA SELATAN,3300,1600500,UNKNOWN,UNKNOWN,UNKNOWN COUNTRY,ZHENJIANG,CHINA (MAINLAND)
2020,470329,MARUBENI,TANJUNG ENIM LESTARI,TANJUNG PRIOK,SUMATERA SELATAN,480,194428,UNKNOWN,UNKNOWN,UNKNOWN COUNTRY,XINHUI,CHINA (MAINLAND)
2020,470200,ROYAL GOLDEN EAGLE,APRIL,UNKNOWN,RIAU,425,214708,UNKNOWN,UNKNOWN,UNKNOWN COUNTRY,PORT KELANG,CHINA (MAINLAND)
2020,470200,ROYAL GOLDEN EAGLE,APRIL,UNKNOWN,RIAU,81,40859,UNKNOWN,UNKNOWN,UNKNOWN COUNTRY,PORT KELANG,CHINA (MAINLAND)
2020,470200,ROYAL GOLDEN EAGLE,APRIL,UNKNOWN,RIAU,506,255590,UNKNOWN,UNKNOWN,UNKNOWN COUNTRY,PORT KELANG,CHINA (MAINLAND)
2020,470200,ROYAL GOLDEN EAGLE,APRIL,UNKNOWN,RIAU,506,255376,UNKNOWN,UNKNOWN,UNKNOWN COUNTRY,PORT KELANG,CHINA (MAINLAND)
2020,470200,ROYAL GOLDEN EAGLE,APRIL,BUATAN,RIAU,506,255632,UNKNOWN,UNKNOWN,UNKNOWN COUNTRY,SINGAPORE,CHINA (MAINLAND)
2020,470329,ROYAL GOLDEN EAGLE,APRIL,BUATAN,RIAU,502,162161,UNKNOWN,UNKNOWN,UNKNOWN COUNTRY,SINGAPORE,INDIA
2020,470329,ROYAL GOLDEN EAGLE,APRIL,BUATAN,RIAU,101,32965,UNKNOWN,UNKNOWN,UNKNOWN COUNTRY,SINGAPORE,INDIA
2020,470329,ROYAL GOLDEN EAGLE,APRIL,BUATAN,RIAU,60,19488,UNKNOWN,UNKNOWN,UNKNOWN COUNTRY,SINGAPORE,INDIA
2020,470329,SINAR MAS,LONTAR PAPYRUS,KUALA TUNGKAL,JAMBI,301,146160,UNKNOWN,UNKNOWN,UNKNOWN COUNTRY,MANILA SOUTH HARBOUR,PHILIPPINES
2020,470329,SINAR MAS,LONTAR PAPYRUS,KUALA TUNGKAL,JAMBI,301,144152,UNKNOWN,UNKNOWN,UNKNOWN COUNTRY,HAIPHONG,VIETNAM
2020,470329,SINAR MAS,INDAH KIAT,SUNGAI PAKNING,RIAU,10000,4870000,UNKNOWN,UNKNOWN,UNKNOWN COUNTRY,NINGBO,CHINA (MAINLAND)
2020,470329,SINAR MAS,INDAH KIAT,SUNGAI PAKNING,RIAU,10000,4870000,UNKNOWN,UNKNOWN,UNKNOWN COUNTRY,NINGBO,CHINA (MAINLAND)
2020,470200,ROYAL GOLDEN EAGLE,APRIL,UNKNOWN,RIAU,506,255513,UNKNOWN,UNKNOWN,UNKNOWN COUNTRY,PORT KELANG,CHINA (MAINLAND)
2020,470200,ROYAL GOLDEN EAGLE,APRIL,UNKNOWN,RIAU,506,255645,UNKNOWN,UNKNOWN,UNKNOWN COUNTRY,PORT KELANG,CHINA (MAINLAND)
2020,470200,ROYAL GOLDEN EAGLE,APRIL,UNKNOWN,RIAU,506,255690,UNKNOWN,UNKNOWN,UNKNOWN COUNTRY,PORT KELANG,CHINA (MAINLAND)
2020,470200,ROYAL GOLDEN EAGLE,APRIL,BUATAN,RIAU,506,255609,UNKNOWN,UNKNOWN,UNKNOWN COUNTRY,SINGAPORE,CHINA (MAINLAND)
2020,470329,ROYAL GOLDEN EAGLE,APRIL,BUATAN,RIAU,1013,332308,UNKNOWN,UNKNOWN,UNKNOWN COUNTRY,SINGAPORE,KUWAIT
2020,470329,ROYAL GOLDEN EAGLE,APRIL,BUATAN,RIAU,302,99000,UNKNOWN,UNKNOWN,UNKNOWN COUNTRY,SINGAPORE,THAILAND
2020,470329,MARUBENI,TANJUNG ENIM LESTARI,PANJANG,SUMATERA SELATAN,300,125885,UNKNOWN,UNKNOWN,UNKNOWN COUNTRY,QINGDAO,CHINA (MAINLAND)
2020,470329,MARUBENI,TANJUNG ENIM LESTARI,PANJANG,SUMATERA SELATAN,479,199338,UNKNOWN,UNKNOWN,UNKNOWN COUNTRY,WUHAN,CHINA (MAINLAND)
2020,470329,MARUBENI,TANJUNG ENIM LESTARI,PANJANG,SUMATERA SELATAN,492,204859,UNKNOWN,UNKNOWN,UNKNOWN COUNTRY,WUHAN,CHINA (MAINLAND)
2020,470329,MARUBENI,TANJUNG ENIM LESTARI,PANJANG,SUMATERA SELATAN,189,79212,UNKNOWN,UNKNOWN,UNKNOWN COUNTRY,XINGANG,CHINA (MAINLAND)
2020,470329,SINAR MAS,INDAH KIAT,PERAWANG,RIAU,800,390224,UNKNOWN,UNKNOWN,UNKNOWN COUNTRY,APAPA,NIGERIA
2020,470329,SINAR MAS,OKI,SULTAN MAHMUD BADARUDDIN (U),SUMATERA SELATAN,800,388000,UNKNOWN,UNKNOWN,UNKNOWN COUNTRY,NINGBO,CHINA (MAINLAND)
2020,470329,SINAR MAS,OKI,SULTAN MAHMUD BADARUDDIN (U),SUMATERA SELATAN,3836,1860460,UNKNOWN,UNKNOWN,UNKNOWN COUNTRY,NINGBO,CHINA (MAINLAND)
2020,470329,SINAR MAS,OKI,SULTAN MAHMUD BADARUDDIN (U),SUMATERA SELATAN,5864,2844040,UNKNOWN,UNKNOWN,UNKNOWN COUNTRY,NINGBO,CHINA (MAINLAND)
2020,470329,SINAR MAS,OKI,SULTAN MAHMUD BADARUDDIN (U),SUMATERA SELATAN,464,236384,UNKNOWN,UNKNOWN,UNKNOWN COUNTRY,SINGAPORE,CHINA (MAINLAND)
2020,470200,ROYAL GOLDEN EAGLE,APRIL,UNKNOWN,RIAU,506,255532,UNKNOWN,UNKNOWN,UNKNOWN COUNTRY,PORT KELANG,CHINA (MAINLAND)
2020,470200,ROYAL GOLDEN EAGLE,APRIL,UNKNOWN,RIAU,506,255758,UNKNOWN,UNKNOWN,UNKNOWN COUNTRY,PORT KELANG,CHINA (MAINLAND)
2020,470200,ROYAL GOLDEN EAGLE,APRIL,UNKNOWN,RIAU,506,255717,UNKNOWN,UNKNOWN,UNKNOWN COUNTRY,PORT KELANG,CHINA (MAINLAND)
2020,470200,ROYAL GOLDEN EAGLE,APRIL,UNKNOWN,RIAU,506,255508,UNKNOWN,UNKNOWN,UNKNOWN COUNTRY,PORT KELANG,CHINA (MAINLAND)
2020,470200,ROYAL GOLDEN EAGLE,APRIL,UNKNOWN,RIAU,506,255421,UNKNOWN,UNKNOWN,UNKNOWN COUNTRY,PORT KELANG,CHINA (MAINLAND)
2020,470200,ROYAL GOLDEN EAGLE,APRIL,UNKNOWN,RIAU,506,255674,UNKNOWN,UNKNOWN,UNKNOWN COUNTRY,PORT KELANG,CHINA (MAINLAND)
2020,470200,ROYAL GOLDEN EAGLE,APRIL,UNKNOWN,RIAU,506,255576,UNKNOWN,UNKNOWN,UNKNOWN COUNTRY,PORT KELANG,CHINA (MAINLAND)
2020,470329,ROYAL GOLDEN EAGLE,APRIL,UNKNOWN,RIAU,5994,1966039,UNKNOWN,UNKNOWN,UNKNOWN COUNTRY,KAKINADA,INDIA
2020,470200,ROYAL GOLDEN EAGLE,APRIL,BUATAN,RIAU,506,255426,UNKNOWN,UNKNOWN,UNKNOWN COUNTRY,PORT KELANG,CHINA (MAINLAND)
2020,470200,ROYAL GOLDEN EAGLE,APRIL,BUATAN,RIAU,20,10255,UNKNOWN,UNKNOWN,UNKNOWN COUNTRY,SINGAPORE,CHINA (MAINLAND)
2020,470329,SINAR MAS,LONTAR PAPYRUS,KUALA TUNGKAL,JAMBI,1003,463605,UNKNOWN,UNKNOWN,UNKNOWN COUNTRY,ABU DHABI,UNITED ARAB EMIRATES
2020,470329,SINAR MAS,INDAH KIAT,PERAWANG,RIAU,1000,483585,UNKNOWN,UNKNOWN,UNKNOWN COUNTRY,SHUAIBA,KUWAIT
2020,470329,SINAR MAS,OKI,SULTAN MAHMUD BADARUDDIN (U),SUMATERA SELATAN,2000,967000,UNKNOWN,UNKNOWN,UNKNOWN COUNTRY,NINGBO,CHINA (MAINLAND)
2020,470329,SINAR MAS,OKI,SULTAN MAHMUD BADARUDDIN (U),SUMATERA SELATAN,1008,488778,UNKNOWN,UNKNOWN,UNKNOWN COUNTRY,SINGAPORE,CHINA (MAINLAND)
2020,470329,SINAR MAS,OKI,SULTAN MAHMUD BADARUDDIN (U),SUMATERA SELATAN,144,73397,UNKNOWN,UNKNOWN,UNKNOWN COUNTRY,SINGAPORE,CHINA (MAINLAND)
2020,470329,SINAR MAS,OKI,SULTAN MAHMUD BADARUDDIN (U),SUMATERA SELATAN,50,24125,UNKNOWN,UNKNOWN,UNKNOWN COUNTRY,GUNSAN,SOUTH KOREA
2020,470329,SINAR MAS,OKI,SULTAN MAHMUD BADARUDDIN (U),SUMATERA SELATAN,50,24125,UNKNOWN,UNKNOWN,UNKNOWN COUNTRY,GUNSAN,SOUTH KOREA
2020,470329,SINAR MAS,OKI,SULTAN MAHMUD BADARUDDIN (U),SUMATERA SELATAN,50,24125,UNKNOWN,UNKNOWN,UNKNOWN COUNTRY,GUNSAN,SOUTH KOREA
2020,470329,SINAR MAS,OKI,SULTAN MAHMUD BADARUDDIN (U),SUMATERA SELATAN,800,386000,UNKNOWN,UNKNOWN,UNKNOWN COUNTRY,GUNSAN,SOUTH KOREA
2020,470329,SINAR MAS,OKI,SULTAN MAHMUD BADARUDDIN (U),SUMATERA SELATAN,50,24125,UNKNOWN,UNKNOWN,UNKNOWN COUNTRY,GUNSAN,SOUTH KOREA
2020,470329,SINAR MAS,OKI,SULTAN MAHMUD BADARUDDIN (U),SUMATERA SELATAN,5000,2412500,UNKNOWN,UNKNOWN,UNKNOWN COUNTRY,GUNSAN,SOUTH KOREA
2020,470329,SINAR MAS,OKI,SULTAN MAHMUD BADARUDDIN (U),SUMATERA SELATAN,1500,723750,UNKNOWN,UNKNOWN,UNKNOWN COUNTRY,GUNSAN,SOUTH KOREA
2020,470200,ROYAL GOLDEN EAGLE,APRIL,BUATAN,RIAU,506,255343,UNKNOWN,UNKNOWN,UNKNOWN COUNTRY,PORT KELANG,CHINA (MAINLAND)
2020,470329,MARUBENI,TANJUNG ENIM LESTARI,TARAHAN,SUMATERA SELATAN,3047,1243176,UNKNOWN,UNKNOWN,UNKNOWN COUNTRY,XINGANG,CHINA (MAINLAND)
2020,470329,MARUBENI,TANJUNG ENIM LESTARI,TARAHAN,SUMATERA SELATAN,1015,413986,UNKNOWN,UNKNOWN,UNKNOWN COUNTRY,XINGANG,CHINA (MAINLAND)
2020,470329,MARUBENI,TANJUNG ENIM LESTARI,TARAHAN,SUMATERA SELATAN,1500,612122,UNKNOWN,UNKNOWN,UNKNOWN COUNTRY,XINGANG,CHINA (MAINLAND)
2020,470329,MARUBENI,TANJUNG ENIM LESTARI,TARAHAN,SUMATERA SELATAN,1000,402375,UNKNOWN,UNKNOWN,UNKNOWN COUNTRY,PYEONGTAEK,SOUTH KOREA
2020,470329,MARUBENI,TANJUNG ENIM LESTARI,TARAHAN,SUMATERA SELATAN,199,81957,UNKNOWN,UNKNOWN,UNKNOWN COUNTRY,PYEONGTAEK,SOUTH KOREA
2020,470329,MARUBENI,TANJUNG ENIM LESTARI,TARAHAN,SUMATERA SELATAN,1500,603505,UNKNOWN,UNKNOWN,UNKNOWN COUNTRY,PYEONGTAEK,SOUTH KOREA
2020,470329,MARUBENI,TANJUNG ENIM LESTARI,TARAHAN,SUMATERA SELATAN,399,164302,UNKNOWN,UNKNOWN,UNKNOWN COUNTRY,PYEONGTAEK,SOUTH KOREA
2020,470329,MARUBENI,TANJUNG ENIM LESTARI,TARAHAN,SUMATERA SELATAN,1298,522291,UNKNOWN,UNKNOWN,UNKNOWN COUNTRY,PYEONGTAEK,SOUTH KOREA
2020,470200,ROYAL GOLDEN EAGLE,APRIL,BUATAN,RIAU,506,255346,UNKNOWN,UNKNOWN,UNKNOWN COUNTRY,PORT KELANG,CHINA (MAINLAND)
2020,470200,ROYAL GOLDEN EAGLE,APRIL,BUATAN,RIAU,264,133102,UNKNOWN,UNKNOWN,UNKNOWN COUNTRY,PORT KELANG,CHINA (MAINLAND)
2020,470200,ROYAL GOLDEN EAGLE,APRIL,BUATAN,RIAU,243,122716,UNKNOWN,UNKNOWN,UNKNOWN COUNTRY,PORT KELANG,CHINA (MAINLAND)
2020,470329,SINAR MAS,OKI,SULTAN MAHMUD BADARUDDIN (U),SUMATERA SELATAN,992,481020,UNKNOWN,UNKNOWN,UNKNOWN COUNTRY,SINGAPORE,CHINA (MAINLAND)
2020,470200,ROYAL GOLDEN EAGLE,APRIL,UNKNOWN,RIAU,506,255723,UNKNOWN,UNKNOWN,UNKNOWN COUNTRY,PORT KELANG,CHINA (MAINLAND)
2020,470200,ROYAL GOLDEN EAGLE,APRIL,UNKNOWN,RIAU,506,255559,UNKNOWN,UNKNOWN,UNKNOWN COUNTRY,PORT KELANG,CHINA (MAINLAND)
2020,470200,ROYAL GOLDEN EAGLE,APRIL,UNKNOWN,RIAU,506,255491,UNKNOWN,UNKNOWN,UNKNOWN COUNTRY,PORT KELANG,CHINA (MAINLAND)
2020,470329,SINAR MAS,OKI,SULTAN MAHMUD BADARUDDIN (U),SUMATERA SELATAN,5700,2764500,UNKNOWN,UNKNOWN,UNKNOWN COUNTRY,CHANGSHU,CHINA (MAINLAND)
2020,470329,SINAR MAS,OKI,SULTAN MAHMUD BADARUDDIN (U),SUMATERA SELATAN,3200,1552000,UNKNOWN,UNKNOWN,UNKNOWN COUNTRY,CHANGSHU,CHINA (MAINLAND)
2020,470329,SINAR MAS,OKI,SULTAN MAHMUD BADARUDDIN (U),SUMATERA SELATAN,1000,495000,UNKNOWN,UNKNOWN,UNKNOWN COUNTRY,CHANGSHU,CHINA (MAINLAND)
2020,470329,SINAR MAS,OKI,SULTAN MAHMUD BADARUDDIN (U),SUMATERA SELATAN,2000,970000,UNKNOWN,UNKNOWN,UNKNOWN COUNTRY,CHANGSHU,CHINA (MAINLAND)
2020,470329,SINAR MAS,OKI,SULTAN MAHMUD BADARUDDIN (U),SUMATERA SELATAN,400,194000,UNKNOWN,UNKNOWN,UNKNOWN COUNTRY,CHANGSHU,CHINA (MAINLAND)
2020,470329,SINAR MAS,OKI,SULTAN MAHMUD BADARUDDIN (U),SUMATERA SELATAN,2500,1212500,UNKNOWN,UNKNOWN,UNKNOWN COUNTRY,NINGBO,CHINA (MAINLAND)
2020,470329,SINAR MAS,OKI,SULTAN MAHMUD BADARUDDIN (U),SUMATERA SELATAN,2500,1212500,UNKNOWN,UNKNOWN,UNKNOWN COUNTRY,NINGBO,CHINA (MAINLAND)
2020,470329,SINAR MAS,OKI,SULTAN MAHMUD BADARUDDIN (U),SUMATERA SELATAN,1150,557750,UNKNOWN,UNKNOWN,UNKNOWN COUNTRY,NINGBO,CHINA (MAINLAND)
2020,470329,SINAR MAS,OKI,SULTAN MAHMUD BADARUDDIN (U),SUMATERA SELATAN,1514,734290,UNKNOWN,UNKNOWN,UNKNOWN COUNTRY,NINGBO,CHINA (MAINLAND)
2020,470329,SINAR MAS,OKI,SULTAN MAHMUD BADARUDDIN (U),SUMATERA SELATAN,3336,1617960,UNKNOWN,UNKNOWN,UNKNOWN COUNTRY,NINGBO,CHINA (MAINLAND)
2020,470329,SINAR MAS,OKI,SULTAN MAHMUD BADARUDDIN (U),SUMATERA SELATAN,1008,495927,UNKNOWN,UNKNOWN,UNKNOWN COUNTRY,SINGAPORE,CHINA (MAINLAND)
2020,470329,SINAR MAS,INDAH KIAT,SUNGAI PAKNING,RIAU,4500,2175750,UNKNOWN,UNKNOWN,UNKNOWN COUNTRY,DAGANG,CHINA (MAINLAND)
2020,470329,SINAR MAS,INDAH KIAT,SUNGAI PAKNING,RIAU,1700,821950,UNKNOWN,UNKNOWN,UNKNOWN COUNTRY,DAGANG,CHINA (MAINLAND)
2020,470200,ROYAL GOLDEN EAGLE,APRIL,UNKNOWN,RIAU,162,81862,UNKNOWN,UNKNOWN,UNKNOWN COUNTRY,PORT KELANG,CHINA (MAINLAND)
2020,470200,ROYAL GOLDEN EAGLE,APRIL,UNKNOWN,RIAU,507,255870,UNKNOWN,UNKNOWN,UNKNOWN COUNTRY,PORT KELANG,CHINA (MAINLAND)
2020,470200,ROYAL GOLDEN EAGLE,APRIL,UNKNOWN,RIAU,506,255741,UNKNOWN,UNKNOWN,UNKNOWN COUNTRY,PORT KELANG,CHINA (MAINLAND)
2020,470200,ROYAL GOLDEN EAGLE,APRIL,UNKNOWN,RIAU,506,255724,UNKNOWN,UNKNOWN,UNKNOWN COUNTRY,PORT KELANG,CHINA (MAINLAND)
2020,470200,ROYAL GOLDEN EAGLE,APRIL,UNKNOWN,RIAU,506,255515,UNKNOWN,UNKNOWN,UNKNOWN COUNTRY,PORT KELANG,CHINA (MAINLAND)
2020,470200,ROYAL GOLDEN EAGLE,APRIL,UNKNOWN,RIAU,344,173865,UNKNOWN,UNKNOWN,UNKNOWN COUNTRY,PORT KELANG,CHINA (MAINLAND)
2020,470200,ROYAL GOLDEN EAGLE,APRIL,BUATAN,RIAU,506,255487,UNKNOWN,UNKNOWN,UNKNOWN COUNTRY,SINGAPORE,CHINA (MAINLAND)
2020,470329,ROYAL GOLDEN EAGLE,APRIL,BUATAN,RIAU,1005,324556,UNKNOWN,UNKNOWN,UNKNOWN COUNTRY,SINGAPORE,CHINA (MAINLAND)
2020,470329,ROYAL GOLDEN EAGLE,APRIL,BUATAN,RIAU,60,19448,UNKNOWN,UNKNOWN,UNKNOWN COUNTRY,SINGAPORE,INDIA
2020,470329,MARUBENI,TANJUNG ENIM LESTARI,PANJANG,SUMATERA SELATAN,293,129094,UNKNOWN,UNKNOWN,UNKNOWN COUNTRY,PENANG (GEORGETOWN),MALAYSIA
2020,470329,SINAR MAS,OKI,SULTAN MAHMUD BADARUDDIN (U),SUMATERA SELATAN,700,339500,UNKNOWN,UNKNOWN,UNKNOWN COUNTRY,CHANGSHU,CHINA (MAINLAND)
2020,470329,SINAR MAS,OKI,SULTAN MAHMUD BADARUDDIN (U),SUMATERA SELATAN,3800,1843000,UNKNOWN,UNKNOWN,UNKNOWN COUNTRY,CHANGSHU,CHINA (MAINLAND)
2020,470329,SINAR MAS,OKI,SULTAN MAHMUD BADARUDDIN (U),SUMATERA SELATAN,2500,1237500,UNKNOWN,UNKNOWN,UNKNOWN COUNTRY,CHANGSHU,CHINA (MAINLAND)
2020,470329,SINAR MAS,OKI,SULTAN MAHMUD BADARUDDIN (U),SUMATERA SELATAN,3200,1552000,UNKNOWN,UNKNOWN,UNKNOWN COUNTRY,CHANGSHU,CHINA (MAINLAND)
2020,470329,SINAR MAS,OKI,SULTAN MAHMUD BADARUDDIN (U),SUMATERA SELATAN,800,388000,UNKNOWN,UNKNOWN,UNKNOWN COUNTRY,CHANGSHU,CHINA (MAINLAND)
2020,470329,MARUBENI,TANJUNG ENIM LESTARI,TARAHAN,SUMATERA SELATAN,999,425844,UNKNOWN,UNKNOWN,UNKNOWN COUNTRY,QINGDAO,CHINA (MAINLAND)
2020,470329,MARUBENI,TANJUNG ENIM LESTARI,TARAHAN,SUMATERA SELATAN,1999,832363,UNKNOWN,UNKNOWN,UNKNOWN COUNTRY,QINGDAO,CHINA (MAINLAND)
2020,470329,MARUBENI,TANJUNG ENIM LESTARI,TARAHAN,SUMATERA SELATAN,1987,827208,UNKNOWN,UNKNOWN,UNKNOWN COUNTRY,QINGDAO,CHINA (MAINLAND)
2020,470329,MARUBENI,TANJUNG ENIM LESTARI,TARAHAN,SUMATERA SELATAN,998,415699,UNKNOWN,UNKNOWN,UNKNOWN COUNTRY,QINGDAO,CHINA (MAINLAND)
2020,470329,MARUBENI,TANJUNG ENIM LESTARI,TARAHAN,SUMATERA SELATAN,1000,416430,UNKNOWN,UNKNOWN,UNKNOWN COUNTRY,QINGDAO,CHINA (MAINLAND)
2020,470329,MARUBENI,TANJUNG ENIM LESTARI,TARAHAN,SUMATERA SELATAN,2959,1201208,UNKNOWN,UNKNOWN,UNKNOWN COUNTRY,YANGJIANG,CHINA (MAINLAND)
2020,470200,ROYAL GOLDEN EAGLE,APRIL,UNKNOWN,RIAU,405,204715,UNKNOWN,UNKNOWN,UNKNOWN COUNTRY,PORT KELANG,CHINA (MAINLAND)
2020,470200,ROYAL GOLDEN EAGLE,APRIL,UNKNOWN,RIAU,506,255610,UNKNOWN,UNKNOWN,UNKNOWN COUNTRY,PORT KELANG,CHINA (MAINLAND)
2020,470200,ROYAL GOLDEN EAGLE,APRIL,UNKNOWN,RIAU,506,255677,UNKNOWN,UNKNOWN,UNKNOWN COUNTRY,PORT KELANG,CHINA (MAINLAND)
2020,470200,ROYAL GOLDEN EAGLE,TOBA PULP LESTARI,BELAWAN,SUMATERA UTARA,500,275050,UNKNOWN,UNKNOWN,UNKNOWN COUNTRY,QINGDAO,CHINA (MAINLAND)
2020,470200,ROYAL GOLDEN EAGLE,APRIL,BUATAN,RIAU,506,255659,UNKNOWN,UNKNOWN,UNKNOWN COUNTRY,SINGAPORE,CHINA (MAINLAND)
2020,470200,ROYAL GOLDEN EAGLE,APRIL,BUATAN,RIAU,506,255689,UNKNOWN,UNKNOWN,UNKNOWN COUNTRY,SINGAPORE,CHINA (MAINLAND)
2020,470329,SINAR MAS,LONTAR PAPYRUS,KUALA TUNGKAL,JAMBI,1003,487786,UNKNOWN,UNKNOWN,UNKNOWN COUNTRY,CHITTAGONG,BANGLADESH
2020,470329,SINAR MAS,INDAH KIAT,PERAWANG,RIAU,200,96592,UNKNOWN,UNKNOWN,UNKNOWN COUNTRY,KAOHSIUNG,TAIWAN
2020,470329,SINAR MAS,OKI,SULTAN MAHMUD BADARUDDIN (U),SUMATERA SELATAN,3800,1843000,UNKNOWN,UNKNOWN,UNKNOWN COUNTRY,CHANGSHU,CHINA (MAINLAND)
2020,470329,SINAR MAS,OKI,SULTAN MAHMUD BADARUDDIN (U),SUMATERA SELATAN,1500,727500,UNKNOWN,UNKNOWN,UNKNOWN COUNTRY,CHANGSHU,CHINA (MAINLAND)
2020,470329,SINAR MAS,OKI,SULTAN MAHMUD BADARUDDIN (U),SUMATERA SELATAN,2200,1067000,UNKNOWN,UNKNOWN,UNKNOWN COUNTRY,CHANGSHU,CHINA (MAINLAND)
2020,470200,ROYAL GOLDEN EAGLE,APRIL,UNKNOWN,RIAU,507,255891,UNKNOWN,UNKNOWN,UNKNOWN COUNTRY,PORT KELANG,CHINA (MAINLAND)
2020,470200,ROYAL GOLDEN EAGLE,APRIL,BUATAN,RIAU,506,255682,UNKNOWN,UNKNOWN,UNKNOWN COUNTRY,SINGAPORE,CHINA (MAINLAND)
2020,470200,ROYAL GOLDEN EAGLE,APRIL,BUATAN,RIAU,506,255639,UNKNOWN,UNKNOWN,UNKNOWN COUNTRY,SINGAPORE,CHINA (MAINLAND)
2020,470329,ROYAL GOLDEN EAGLE,APRIL,BUATAN,RIAU,502,164812,UNKNOWN,UNKNOWN,UNKNOWN COUNTRY,SINGAPORE,CHINA (MAINLAND)
2020,470329,MARUBENI,TANJUNG ENIM LESTARI,PANJANG,SUMATERA SELATAN,301,126323,UNKNOWN,UNKNOWN,UNKNOWN COUNTRY,QINGDAO,CHINA (MAINLAND)
2020,470329,MARUBENI,TANJUNG ENIM LESTARI,PANJANG,SUMATERA SELATAN,494,205827,UNKNOWN,UNKNOWN,UNKNOWN COUNTRY,WUHAN,CHINA (MAINLAND)
2020,470329,SINAR MAS,INDAH KIAT,SUNGAI PAKNING,RIAU,9700,4682411,UNKNOWN,UNKNOWN,UNKNOWN COUNTRY,DAFENG,CHINA (MAINLAND)
2020,470329,SINAR MAS,INDAH KIAT,SUNGAI PAKNING,RIAU,800,386178,UNKNOWN,UNKNOWN,UNKNOWN COUNTRY,DAFENG,CHINA (MAINLAND)
2020,470200,ROYAL GOLDEN EAGLE,APRIL,UNKNOWN,RIAU,608,306936,UNKNOWN,UNKNOWN,UNKNOWN COUNTRY,PORT KELANG,CHINA (MAINLAND)
2020,470200,ROYAL GOLDEN EAGLE,APRIL,UNKNOWN,RIAU,506,255684,UNKNOWN,UNKNOWN,UNKNOWN COUNTRY,PORT KELANG,CHINA (MAINLAND)
2020,470200,ROYAL GOLDEN EAGLE,APRIL,BUATAN,RIAU,506,255729,UNKNOWN,UNKNOWN,UNKNOWN COUNTRY,SINGAPORE,CHINA (MAINLAND)
2020,470200,ROYAL GOLDEN EAGLE,APRIL,BUATAN,RIAU,506,255457,UNKNOWN,UNKNOWN,UNKNOWN COUNTRY,SINGAPORE,CHINA (MAINLAND)
2020,470329,SINAR MAS,LONTAR PAPYRUS,KUALA TUNGKAL,JAMBI,602,295036,UNKNOWN,UNKNOWN,UNKNOWN COUNTRY,MANILA SOUTH HARBOUR,PHILIPPINES
2020,470329,SINAR MAS,LONTAR PAPYRUS,KUALA TUNGKAL,JAMBI,361,177144,UNKNOWN,UNKNOWN,UNKNOWN COUNTRY,MANILA SOUTH HARBOUR,PHILIPPINES
2020,470329,SINAR MAS,INDAH KIAT,PERAWANG,RIAU,1000,479575,UNKNOWN,UNKNOWN,UNKNOWN COUNTRY,CHANGSHU,CHINA (MAINLAND)
2020,470329,SINAR MAS,INDAH KIAT,PERAWANG,RIAU,800,392680,UNKNOWN,UNKNOWN,UNKNOWN COUNTRY,SHANGHAI,CHINA (MAINLAND)
2020,470329,SINAR MAS,INDAH KIAT,PERAWANG,RIAU,120,58605,UNKNOWN,UNKNOWN,UNKNOWN COUNTRY,TAICHUNG,TAIWAN
2020,470329,SINAR MAS,OKI,SULTAN MAHMUD BADARUDDIN (U),SUMATERA SELATAN,1800,873000,UNKNOWN,UNKNOWN,UNKNOWN COUNTRY,CHANGSHU,CHINA (MAINLAND)
2020,470329,SINAR MAS,OKI,SULTAN MAHMUD BADARUDDIN (U),SUMATERA SELATAN,3000,1455000,UNKNOWN,UNKNOWN,UNKNOWN COUNTRY,CHANGSHU,CHINA (MAINLAND)
2020,470329,SINAR MAS,OKI,SULTAN MAHMUD BADARUDDIN (U),SUMATERA SELATAN,6670,3301650,UNKNOWN,UNKNOWN,UNKNOWN COUNTRY,CHANGSHU,CHINA (MAINLAND)
2020,470329,SINAR MAS,OKI,SULTAN MAHMUD BADARUDDIN (U),SUMATERA SELATAN,1030,499550,UNKNOWN,UNKNOWN,UNKNOWN COUNTRY,CHANGSHU,CHINA (MAINLAND)
2020,470329,SINAR MAS,OKI,SULTAN MAHMUD BADARUDDIN (U),SUMATERA SELATAN,3000,1455000,UNKNOWN,UNKNOWN,UNKNOWN COUNTRY,ZHENJIANG,CHINA (MAINLAND)
2020,470329,SINAR MAS,OKI,SULTAN MAHMUD BADARUDDIN (U),SUMATERA SELATAN,200,97000,UNKNOWN,UNKNOWN,UNKNOWN COUNTRY,ZHENJIANG,CHINA (MAINLAND)
2020,470329,SINAR MAS,OKI,SULTAN MAHMUD BADARUDDIN (U),SUMATERA SELATAN,4300,2085500,UNKNOWN,UNKNOWN,UNKNOWN COUNTRY,ZHENJIANG,CHINA (MAINLAND)
2020,470329,SINAR MAS,INDAH KIAT,SUNGAI PAKNING,RIAU,5500,2651000,UNKNOWN,UNKNOWN,UNKNOWN COUNTRY,ULSAN,SOUTH KOREA
2020,470329,SINAR MAS,INDAH KIAT,SUNGAI PAKNING,RIAU,5000,2410000,UNKNOWN,UNKNOWN,UNKNOWN COUNTRY,ULSAN,SOUTH KOREA
2020,470200,ROYAL GOLDEN EAGLE,APRIL,UNKNOWN,RIAU,506,255606,UNKNOWN,UNKNOWN,UNKNOWN COUNTRY,PORT KELANG,CHINA (MAINLAND)
2020,470200,ROYAL GOLDEN EAGLE,APRIL,UNKNOWN,RIAU,506,255330,UNKNOWN,UNKNOWN,UNKNOWN COUNTRY,PORT KELANG,CHINA (MAINLAND)
2020,470200,ROYAL GOLDEN EAGLE,APRIL,UNKNOWN,RIAU,506,255664,UNKNOWN,UNKNOWN,UNKNOWN COUNTRY,PORT KELANG,CHINA (MAINLAND)
2020,470200,ROYAL GOLDEN EAGLE,APRIL,BUATAN,RIAU,506,255729,UNKNOWN,UNKNOWN,UNKNOWN COUNTRY,SINGAPORE,CHINA (MAINLAND)
2020,470200,ROYAL GOLDEN EAGLE,APRIL,BUATAN,RIAU,506,255632,UNKNOWN,UNKNOWN,UNKNOWN COUNTRY,SINGAPORE,CHINA (MAINLAND)
2020,470200,ROYAL GOLDEN EAGLE,APRIL,BUATAN,RIAU,506,255580,UNKNOWN,UNKNOWN,UNKNOWN COUNTRY,SINGAPORE,CHINA (MAINLAND)
2020,470329,SINAR MAS,INDAH KIAT,PERAWANG,RIAU,500,242554,UNKNOWN,UNKNOWN,UNKNOWN COUNTRY,EL ISKANDARIYA (=ALEXANDRIA),EGYPT
2020,470200,ROYAL GOLDEN EAGLE,APRIL,BUATAN,RIAU,506,255316,UNKNOWN,UNKNOWN,UNKNOWN COUNTRY,SINGAPORE,CHINA (MAINLAND)
2020,470200,ROYAL GOLDEN EAGLE,APRIL,BUATAN,RIAU,506,255393,UNKNOWN,UNKNOWN,UNKNOWN COUNTRY,SINGAPORE,CHINA (MAINLAND)
2020,470200,ROYAL GOLDEN EAGLE,APRIL,BUATAN,RIAU,506,255506,UNKNOWN,UNKNOWN,UNKNOWN COUNTRY,SINGAPORE,CHINA (MAINLAND)
2020,470200,ROYAL GOLDEN EAGLE,APRIL,BUATAN,RIAU,506,255518,UNKNOWN,UNKNOWN,UNKNOWN COUNTRY,SINGAPORE,CHINA (MAINLAND)
2020,470200,ROYAL GOLDEN EAGLE,APRIL,BUATAN,RIAU,506,255590,UNKNOWN,UNKNOWN,UNKNOWN COUNTRY,SINGAPORE,CHINA (MAINLAND)
2020,470200,ROYAL GOLDEN EAGLE,APRIL,UNKNOWN,RIAU,506,255679,UNKNOWN,UNKNOWN,UNKNOWN COUNTRY,PORT KELANG,CHINA (MAINLAND)
2020,470200,ROYAL GOLDEN EAGLE,APRIL,UNKNOWN,RIAU,505,255224,UNKNOWN,UNKNOWN,UNKNOWN COUNTRY,PORT KELANG,CHINA (MAINLAND)
2020,470200,ROYAL GOLDEN EAGLE,APRIL,UNKNOWN,RIAU,506,255447,UNKNOWN,UNKNOWN,UNKNOWN COUNTRY,PORT KELANG,CHINA (MAINLAND)
2020,470200,ROYAL GOLDEN EAGLE,APRIL,UNKNOWN,RIAU,506,255625,UNKNOWN,UNKNOWN,UNKNOWN COUNTRY,PORT KELANG,CHINA (MAINLAND)
2020,470200,ROYAL GOLDEN EAGLE,APRIL,UNKNOWN,RIAU,508,256722,UNKNOWN,UNKNOWN,UNKNOWN COUNTRY,PORT KELANG,CHINA (MAINLAND)
2020,470200,ROYAL GOLDEN EAGLE,APRIL,UNKNOWN,RIAU,508,256421,UNKNOWN,UNKNOWN,UNKNOWN COUNTRY,PORT KELANG,CHINA (MAINLAND)
2020,470200,ROYAL GOLDEN EAGLE,APRIL,UNKNOWN,RIAU,507,256262,UNKNOWN,UNKNOWN,UNKNOWN COUNTRY,PORT KELANG,CHINA (MAINLAND)
2020,470200,ROYAL GOLDEN EAGLE,APRIL,UNKNOWN,RIAU,345,174379,UNKNOWN,UNKNOWN,UNKNOWN COUNTRY,PORT KELANG,CHINA (MAINLAND)
2020,470200,ROYAL GOLDEN EAGLE,APRIL,UNKNOWN,RIAU,162,81862,UNKNOWN,UNKNOWN,UNKNOWN COUNTRY,PORT KELANG,CHINA (MAINLAND)
2020,470200,ROYAL GOLDEN EAGLE,APRIL,BUATAN,RIAU,507,256216,UNKNOWN,UNKNOWN,UNKNOWN COUNTRY,SINGAPORE,CHINA (MAINLAND)
2020,470200,ROYAL GOLDEN EAGLE,APRIL,BUATAN,RIAU,506,255463,UNKNOWN,UNKNOWN,UNKNOWN COUNTRY,SINGAPORE,CHINA (MAINLAND)
2020,470200,ROYAL GOLDEN EAGLE,APRIL,BUATAN,RIAU,506,255465,UNKNOWN,UNKNOWN,UNKNOWN COUNTRY,SINGAPORE,CHINA (MAINLAND)
2020,470200,ROYAL GOLDEN EAGLE,APRIL,BUATAN,RIAU,507,255971,UNKNOWN,UNKNOWN,UNKNOWN COUNTRY,SINGAPORE,CHINA (MAINLAND)
2020,470200,ROYAL GOLDEN EAGLE,APRIL,BUATAN,RIAU,506,255415,UNKNOWN,UNKNOWN,UNKNOWN COUNTRY,SINGAPORE,CHINA (MAINLAND)
2020,470329,SINAR MAS,LONTAR PAPYRUS,KUALA TUNGKAL,JAMBI,1004,471044,UNKNOWN,UNKNOWN,UNKNOWN COUNTRY,AD DAMMAM,SAUDI ARABIA
2020,470329,SINAR MAS,LONTAR PAPYRUS,KUALA TUNGKAL,JAMBI,963,457816,UNKNOWN,UNKNOWN,UNKNOWN COUNTRY,ABU DHABI,UNITED ARAB EMIRATES
2020,470329,SINAR MAS,INDAH KIAT,PERAWANG,RIAU,1000,479371,UNKNOWN,UNKNOWN,UNKNOWN COUNTRY,MELBOURNE,AUSTRALIA
2020,470329,SINAR MAS,OKI,SULTAN MAHMUD BADARUDDIN (U),SUMATERA SELATAN,240,114989,UNKNOWN,UNKNOWN,UNKNOWN COUNTRY,SINGAPORE,CHINA (MAINLAND)
2020,470329,SINAR MAS,OKI,SULTAN MAHMUD BADARUDDIN (U),SUMATERA SELATAN,3000,1472155,UNKNOWN,UNKNOWN,UNKNOWN COUNTRY,TIANJIN,CHINA (MAINLAND)
2020,470329,SINAR MAS,OKI,SULTAN MAHMUD BADARUDDIN (U),SUMATERA SELATAN,3300,1619371,UNKNOWN,UNKNOWN,UNKNOWN COUNTRY,TIANJIN,CHINA (MAINLAND)
2020,470329,SINAR MAS,OKI,SULTAN MAHMUD BADARUDDIN (U),SUMATERA SELATAN,2200,1079580,UNKNOWN,UNKNOWN,UNKNOWN COUNTRY,TIANJIN,CHINA (MAINLAND)
2020,470329,SINAR MAS,OKI,SULTAN MAHMUD BADARUDDIN (U),SUMATERA SELATAN,2500,1226796,UNKNOWN,UNKNOWN,UNKNOWN COUNTRY,TIANJIN,CHINA (MAINLAND)
2020,470200,ROYAL GOLDEN EAGLE,APRIL,UNKNOWN,RIAU,507,256231,UNKNOWN,UNKNOWN,UNKNOWN COUNTRY,PORT KELANG,CHINA (MAINLAND)
2020,470200,ROYAL GOLDEN EAGLE,APRIL,BUATAN,RIAU,506,255530,UNKNOWN,UNKNOWN,UNKNOWN COUNTRY,PORT KELANG,CHINA (MAINLAND)
2020,470200,ROYAL GOLDEN EAGLE,APRIL,BUATAN,RIAU,506,255478,UNKNOWN,UNKNOWN,UNKNOWN COUNTRY,PORT KELANG,CHINA (MAINLAND)
2020,470200,ROYAL GOLDEN EAGLE,APRIL,BUATAN,RIAU,506,255450,UNKNOWN,UNKNOWN,UNKNOWN COUNTRY,PORT KELANG,CHINA (MAINLAND)
2020,470200,ROYAL GOLDEN EAGLE,APRIL,BUATAN,RIAU,506,255315,UNKNOWN,UNKNOWN,UNKNOWN COUNTRY,PORT KELANG,CHINA (MAINLAND)
2020,470200,ROYAL GOLDEN EAGLE,APRIL,BUATAN,RIAU,223,112484,UNKNOWN,UNKNOWN,UNKNOWN COUNTRY,SINGAPORE,CHINA (MAINLAND)
2020,470200,ROYAL GOLDEN EAGLE,APRIL,BUATAN,RIAU,162,81795,UNKNOWN,UNKNOWN,UNKNOWN COUNTRY,SINGAPORE,CHINA (MAINLAND)
2020,470200,ROYAL GOLDEN EAGLE,APRIL,BUATAN,RIAU,121,61340,UNKNOWN,UNKNOWN,UNKNOWN COUNTRY,SINGAPORE,CHINA (MAINLAND)
2020,470200,ROYAL GOLDEN EAGLE,APRIL,BUATAN,RIAU,506,255381,UNKNOWN,UNKNOWN,UNKNOWN COUNTRY,SINGAPORE,CHINA (MAINLAND)
2020,470200,ROYAL GOLDEN EAGLE,APRIL,BUATAN,RIAU,506,255360,UNKNOWN,UNKNOWN,UNKNOWN COUNTRY,SINGAPORE,CHINA (MAINLAND)
2020,470329,SINAR MAS,LONTAR PAPYRUS,KUALA TUNGKAL,JAMBI,1002,487046,UNKNOWN,UNKNOWN,UNKNOWN COUNTRY,CHITTAGONG,BANGLADESH
2020,470329,SINAR MAS,OKI,SULTAN MAHMUD BADARUDDIN (U),SUMATERA SELATAN,750,360168,UNKNOWN,UNKNOWN,UNKNOWN COUNTRY,GAOLAN,CHINA (MAINLAND)
2020,470329,SINAR MAS,OKI,SULTAN MAHMUD BADARUDDIN (U),SUMATERA SELATAN,250,120056,UNKNOWN,UNKNOWN,UNKNOWN COUNTRY,GAOLAN,CHINA (MAINLAND)
2020,470329,SINAR MAS,OKI,SULTAN MAHMUD BADARUDDIN (U),SUMATERA SELATAN,1500,720336,UNKNOWN,UNKNOWN,UNKNOWN COUNTRY,GAOLAN,CHINA (MAINLAND)
2020,470329,SINAR MAS,OKI,SULTAN MAHMUD BADARUDDIN (U),SUMATERA SELATAN,1000,480224,UNKNOWN,UNKNOWN,UNKNOWN COUNTRY,HUANGPU,CHINA (MAINLAND)
2020,470329,SINAR MAS,OKI,SULTAN MAHMUD BADARUDDIN (U),SUMATERA SELATAN,1000,480224,UNKNOWN,UNKNOWN,UNKNOWN COUNTRY,HUANGPU,CHINA (MAINLAND)
2020,470329,SINAR MAS,OKI,SULTAN MAHMUD BADARUDDIN (U),SUMATERA SELATAN,3000,1440672,UNKNOWN,UNKNOWN,UNKNOWN COUNTRY,HUANGPU,CHINA (MAINLAND)
2020,470329,SINAR MAS,OKI,SULTAN MAHMUD BADARUDDIN (U),SUMATERA SELATAN,8800,4268000,UNKNOWN,UNKNOWN,UNKNOWN COUNTRY,QINZHOU,CHINA (MAINLAND)
2020,470329,MARUBENI,TANJUNG ENIM LESTARI,TARAHAN,SUMATERA SELATAN,999,415420,UNKNOWN,UNKNOWN,UNKNOWN COUNTRY,QINGDAO,CHINA (MAINLAND)
2020,470329,MARUBENI,TANJUNG ENIM LESTARI,TARAHAN,SUMATERA SELATAN,1000,415737,UNKNOWN,UNKNOWN,UNKNOWN COUNTRY,QINGDAO,CHINA (MAINLAND)
2020,470329,MARUBENI,TANJUNG ENIM LESTARI,TARAHAN,SUMATERA SELATAN,999,415536,UNKNOWN,UNKNOWN,UNKNOWN COUNTRY,QINGDAO,CHINA (MAINLAND)
2020,470329,MARUBENI,TANJUNG ENIM LESTARI,TARAHAN,SUMATERA SELATAN,2000,830890,UNKNOWN,UNKNOWN,UNKNOWN COUNTRY,QINGDAO,CHINA (MAINLAND)
2020,470329,MARUBENI,TANJUNG ENIM LESTARI,TARAHAN,SUMATERA SELATAN,998,414806,UNKNOWN,UNKNOWN,UNKNOWN COUNTRY,QINGDAO,CHINA (MAINLAND)
2020,470329,MARUBENI,TANJUNG ENIM LESTARI,TARAHAN,SUMATERA SELATAN,1998,830228,UNKNOWN,UNKNOWN,UNKNOWN COUNTRY,QINGDAO,CHINA (MAINLAND)
2020,470329,MARUBENI,TANJUNG ENIM LESTARI,TARAHAN,SUMATERA SELATAN,1000,415498,UNKNOWN,UNKNOWN,UNKNOWN COUNTRY,XINGANG,CHINA (MAINLAND)
2020,470329,MARUBENI,TANJUNG ENIM LESTARI,TARAHAN,SUMATERA SELATAN,999,414975,UNKNOWN,UNKNOWN,UNKNOWN COUNTRY,XINGANG,CHINA (MAINLAND)
2020,470200,ROYAL GOLDEN EAGLE,APRIL,UNKNOWN,RIAU,507,256248,UNKNOWN,UNKNOWN,UNKNOWN COUNTRY,PORT KELANG,CHINA (MAINLAND)
2020,470200,ROYAL GOLDEN EAGLE,APRIL,UNKNOWN,RIAU,508,256611,UNKNOWN,UNKNOWN,UNKNOWN COUNTRY,PORT KELANG,CHINA (MAINLAND)
2020,470200,ROYAL GOLDEN EAGLE,APRIL,UNKNOWN,RIAU,508,256728,UNKNOWN,UNKNOWN,UNKNOWN COUNTRY,PORT KELANG,CHINA (MAINLAND)
2020,470200,ROYAL GOLDEN EAGLE,TOBA PULP LESTARI,BELAWAN,SUMATERA UTARA,499,274484,UNKNOWN,UNKNOWN,UNKNOWN COUNTRY,QINGDAO,CHINA (MAINLAND)
2020,470200,ROYAL GOLDEN EAGLE,APRIL,BUATAN,RIAU,505,255272,UNKNOWN,UNKNOWN,UNKNOWN COUNTRY,SINGAPORE,CHINA (MAINLAND)
2020,470200,ROYAL GOLDEN EAGLE,APRIL,BUATAN,RIAU,506,255340,UNKNOWN,UNKNOWN,UNKNOWN COUNTRY,SINGAPORE,CHINA (MAINLAND)
2020,470200,ROYAL GOLDEN EAGLE,APRIL,BUATAN,RIAU,506,255395,UNKNOWN,UNKNOWN,UNKNOWN COUNTRY,SINGAPORE,CHINA (MAINLAND)
2020,470200,ROYAL GOLDEN EAGLE,APRIL,BUATAN,RIAU,506,255512,UNKNOWN,UNKNOWN,UNKNOWN COUNTRY,SINGAPORE,CHINA (MAINLAND)
2020,470329,ROYAL GOLDEN EAGLE,APRIL,BUATAN,RIAU,1004,329227,UNKNOWN,UNKNOWN,UNKNOWN COUNTRY,SINGAPORE,CHINA (MAINLAND)
2020,470329,ROYAL GOLDEN EAGLE,APRIL,BUATAN,RIAU,97,31682,UNKNOWN,UNKNOWN,UNKNOWN COUNTRY,SINGAPORE,TAIWAN
2020,470329,ROYAL GOLDEN EAGLE,APRIL,BUATAN,RIAU,301,98888,UNKNOWN,UNKNOWN,UNKNOWN COUNTRY,SINGAPORE,THAILAND
2020,470329,MARUBENI,TANJUNG ENIM LESTARI,PANJANG,SUMATERA SELATAN,105,46175,UNKNOWN,UNKNOWN,UNKNOWN COUNTRY,JAWAHARLAL NEHRU (NHAVA SHEVA),INDIA
2020,470329,MARUBENI,TANJUNG ENIM LESTARI,PANJANG,SUMATERA SELATAN,104,46128,UNKNOWN,UNKNOWN,UNKNOWN COUNTRY,JAWAHARLAL NEHRU (NHAVA SHEVA),INDIA
2020,470329,MARUBENI,TANJUNG ENIM LESTARI,PANJANG,SUMATERA SELATAN,485,212468,UNKNOWN,UNKNOWN,UNKNOWN COUNTRY,TAURANGA,NEW ZEALAND
2020,470329,MARUBENI,TANJUNG ENIM LESTARI,PANJANG,SUMATERA SELATAN,481,210799,UNKNOWN,UNKNOWN,UNKNOWN COUNTRY,TAURANGA,NEW ZEALAND
2020,470329,SINAR MAS,INDAH KIAT,PERAWANG,RIAU,500,239686,UNKNOWN,UNKNOWN,UNKNOWN COUNTRY,MELBOURNE,AUSTRALIA
2020,470329,SINAR MAS,INDAH KIAT,PERAWANG,RIAU,1000,479575,UNKNOWN,UNKNOWN,UNKNOWN COUNTRY,CHANGSHU,CHINA (MAINLAND)
2020,470329,SINAR MAS,OKI,SULTAN MAHMUD BADARUDDIN (U),SUMATERA SELATAN,1000,484722,UNKNOWN,UNKNOWN,UNKNOWN COUNTRY,CHANGSHU,CHINA (MAINLAND)
2020,470329,SINAR MAS,OKI,SULTAN MAHMUD BADARUDDIN (U),SUMATERA SELATAN,2000,963448,UNKNOWN,UNKNOWN,UNKNOWN COUNTRY,CHANGSHU,CHINA (MAINLAND)
2020,470329,SINAR MAS,OKI,SULTAN MAHMUD BADARUDDIN (U),SUMATERA SELATAN,1200,582000,UNKNOWN,UNKNOWN,UNKNOWN COUNTRY,CHANGSHU,CHINA (MAINLAND)
2020,470329,SINAR MAS,OKI,SULTAN MAHMUD BADARUDDIN (U),SUMATERA SELATAN,3970,1925450,UNKNOWN,UNKNOWN,UNKNOWN COUNTRY,CHANGSHU,CHINA (MAINLAND)
2020,470329,SINAR MAS,OKI,SULTAN MAHMUD BADARUDDIN (U),SUMATERA SELATAN,2830,1372550,UNKNOWN,UNKNOWN,UNKNOWN COUNTRY,CHANGSHU,CHINA (MAINLAND)
2020,470329,SINAR MAS,OKI,SULTAN MAHMUD BADARUDDIN (U),SUMATERA SELATAN,1008,488778,UNKNOWN,UNKNOWN,UNKNOWN COUNTRY,SINGAPORE,CHINA (MAINLAND)
2020,470200,ROYAL GOLDEN EAGLE,APRIL,UNKNOWN,RIAU,508,256326,UNKNOWN,UNKNOWN,UNKNOWN COUNTRY,PORT KELANG,CHINA (MAINLAND)
2020,470200,ROYAL GOLDEN EAGLE,APRIL,UNKNOWN,RIAU,508,256346,UNKNOWN,UNKNOWN,UNKNOWN COUNTRY,PORT KELANG,CHINA (MAINLAND)
2020,470200,ROYAL GOLDEN EAGLE,APRIL,BUATAN,RIAU,506,255364,UNKNOWN,UNKNOWN,UNKNOWN COUNTRY,SINGAPORE,CHINA (MAINLAND)
2020,470200,ROYAL GOLDEN EAGLE,APRIL,BUATAN,RIAU,506,255446,UNKNOWN,UNKNOWN,UNKNOWN COUNTRY,SINGAPORE,CHINA (MAINLAND)
2020,470200,ROYAL GOLDEN EAGLE,APRIL,BUATAN,RIAU,506,255389,UNKNOWN,UNKNOWN,UNKNOWN COUNTRY,SINGAPORE,CHINA (MAINLAND)
2020,470329,SINAR MAS,LONTAR PAPYRUS,KUALA TUNGKAL,JAMBI,1004,494071,UNKNOWN,UNKNOWN,UNKNOWN COUNTRY,ZHANJIANG,CHINA (MAINLAND)
2020,470329,SINAR MAS,LONTAR PAPYRUS,KUALA TUNGKAL,JAMBI,301,144074,UNKNOWN,UNKNOWN,UNKNOWN COUNTRY,CAT LAI,VIETNAM
2020,470329,MARUBENI,TANJUNG ENIM LESTARI,PANJANG,SUMATERA SELATAN,192,84751,UNKNOWN,UNKNOWN,UNKNOWN COUNTRY,CAT LAI,VIETNAM
2020,470329,SINAR MAS,INDAH KIAT,PERAWANG,RIAU,500,239686,UNKNOWN,UNKNOWN,UNKNOWN COUNTRY,MELBOURNE,AUSTRALIA
2020,470329,SINAR MAS,OKI,SULTAN MAHMUD BADARUDDIN (U),SUMATERA SELATAN,912,431147,UNKNOWN,UNKNOWN,UNKNOWN COUNTRY,SINGAPORE,CHINA (MAINLAND)
2020,470329,SINAR MAS,INDAH KIAT,SUNGAI PAKNING,RIAU,300,144817,UNKNOWN,UNKNOWN,UNKNOWN COUNTRY,DAFENG,CHINA (MAINLAND)
2020,470329,SINAR MAS,INDAH KIAT,SUNGAI PAKNING,RIAU,10000,4827228,UNKNOWN,UNKNOWN,UNKNOWN COUNTRY,DAFENG,CHINA (MAINLAND)
2020,470329,ROYAL GOLDEN EAGLE,APRIL,UNKNOWN,RIAU,7431,2519092,ROYAL GOLDEN EAGLE,APRIL INTERNATIONAL ENTEPRISE PTE LTD,SINGAPORE,CHANGSHU,CHINA (MAINLAND)
2020,470329,ROYAL GOLDEN EAGLE,APRIL,UNKNOWN,RIAU,2109,715108,ROYAL GOLDEN EAGLE,APRIL INTERNATIONAL ENTEPRISE PTE LTD,SINGAPORE,IYOMISHIMA,JAPAN
2020,470329,ROYAL GOLDEN EAGLE,APRIL,UNKNOWN,RIAU,2009,681069,ROYAL GOLDEN EAGLE,APRIL INTERNATIONAL ENTEPRISE PTE LTD,SINGAPORE,TAGONOURA,JAPAN
2020,470200,ROYAL GOLDEN EAGLE,APRIL,BUATAN,RIAU,81,40848,ROYAL GOLDEN EAGLE,APRIL FAR EAST MALAYSIA SDN BHD,MALAYSIA,SINGAPORE,CHINA (MAINLAND)
2020,470200,ROYAL GOLDEN EAGLE,APRIL,BUATAN,RIAU,506,255672,ROYAL GOLDEN EAGLE,APRIL FAR EAST MALAYSIA SDN BHD,MALAYSIA,SINGAPORE,CHINA (MAINLAND)
2020,470200,ROYAL GOLDEN EAGLE,APRIL,BUATAN,RIAU,506,255635,ROYAL GOLDEN EAGLE,APRIL FAR EAST MALAYSIA SDN BHD,MALAYSIA,SINGAPORE,CHINA (MAINLAND)
2020,470200,ROYAL GOLDEN EAGLE,APRIL,BUATAN,RIAU,506,255545,ROYAL GOLDEN EAGLE,APRIL FAR EAST MALAYSIA SDN BHD,MALAYSIA,SINGAPORE,CHINA (MAINLAND)
2020,470200,ROYAL GOLDEN EAGLE,APRIL,BUATAN,RIAU,425,214652,ROYAL GOLDEN EAGLE,APRIL FAR EAST MALAYSIA SDN BHD,MALAYSIA,SINGAPORE,CHINA (MAINLAND)
2020,470329,ROYAL GOLDEN EAGLE,APRIL,BUATAN,RIAU,237,76637,ROYAL GOLDEN EAGLE,APRIL INTERNATIONAL ENTEPRISE PTE LTD,SINGAPORE,SINGAPORE,DJIBOUTI
2020,470329,SINAR MAS,OKI,SULTAN MAHMUD BADARUDDIN (U),SUMATERA SELATAN,2000,966445,UNKNOWN AFFILIATION,QUZHOU WUZHOU SPECIAL PAPER CO LTD,CHINA (MAINLAND),NINGBO,CHINA (MAINLAND)
2020,470329,SINAR MAS,OKI,SULTAN MAHMUD BADARUDDIN (U),SUMATERA SELATAN,3000,1449667,UNKNOWN AFFILIATION,ZHEJIANG WUXING PAPER CO LTD,CHINA (MAINLAND),NINGBO,CHINA (MAINLAND)
2020,470329,SINAR MAS,OKI,SULTAN MAHMUD BADARUDDIN (U),SUMATERA SELATAN,5000,2417500,SINAR MAS,KING PAPER SOURCE TRADING (SHANGHAI) CO LTD,CHINA (MAINLAND),ZHENJIANG,CHINA (MAINLAND)
2020,470200,ROYAL GOLDEN EAGLE,APRIL,BUATAN,RIAU,506,255560,ROYAL GOLDEN EAGLE,APRIL FAR EAST MALAYSIA SDN BHD,MALAYSIA,SINGAPORE,CHINA (MAINLAND)
2020,470200,ROYAL GOLDEN EAGLE,APRIL,BUATAN,RIAU,385,194285,ROYAL GOLDEN EAGLE,APRIL FAR EAST MALAYSIA SDN BHD,MALAYSIA,SINGAPORE,CHINA (MAINLAND)
2020,470200,ROYAL GOLDEN EAGLE,APRIL,BUATAN,RIAU,121,61355,ROYAL GOLDEN EAGLE,APRIL FAR EAST MALAYSIA SDN BHD,MALAYSIA,SINGAPORE,CHINA (MAINLAND)
2020,470329,SINAR MAS,OKI,SULTAN MAHMUD BADARUDDIN (U),SUMATERA SELATAN,700,340725,SINAR MAS,KING PAPER SOURCE TRADING (SHANGHAI) CO LTD,CHINA (MAINLAND),ZHENJIANG,CHINA (MAINLAND)
2020,470329,SINAR MAS,OKI,SULTAN MAHMUD BADARUDDIN (U),SUMATERA SELATAN,4900,2385075,SINAR MAS,KING PAPER SOURCE TRADING (SHANGHAI) CO LTD,CHINA (MAINLAND),ZHENJIANG,CHINA (MAINLAND)
2020,470329,SINAR MAS,OKI,SULTAN MAHMUD BADARUDDIN (U),SUMATERA SELATAN,900,438075,SINAR MAS,KING PAPER SOURCE TRADING (SHANGHAI) CO LTD,CHINA (MAINLAND),ZHENJIANG,CHINA (MAINLAND)
2020,470329,SINAR MAS,OKI,SULTAN MAHMUD BADARUDDIN (U),SUMATERA SELATAN,3000,1460250,SINAR MAS,KING PAPER SOURCE TRADING (SHANGHAI) CO LTD,CHINA (MAINLAND),ZHENJIANG,CHINA (MAINLAND)
2020,470200,ROYAL GOLDEN EAGLE,APRIL,BUATAN,RIAU,508,256576,ROYAL GOLDEN EAGLE,APRIL FAR EAST MALAYSIA SDN BHD,MALAYSIA,SINGAPORE,CHINA (MAINLAND)
2020,470200,ROYAL GOLDEN EAGLE,APRIL,BUATAN,RIAU,508,256316,ROYAL GOLDEN EAGLE,APRIL FAR EAST MALAYSIA SDN BHD,MALAYSIA,SINGAPORE,CHINA (MAINLAND)
2020,470200,ROYAL GOLDEN EAGLE,APRIL,BUATAN,RIAU,507,255975,ROYAL GOLDEN EAGLE,APRIL FAR EAST MALAYSIA SDN BHD,MALAYSIA,SINGAPORE,CHINA (MAINLAND)
2020,470200,ROYAL GOLDEN EAGLE,APRIL,BUATAN,RIAU,506,255475,ROYAL GOLDEN EAGLE,APRIL FAR EAST MALAYSIA SDN BHD,MALAYSIA,SINGAPORE,CHINA (MAINLAND)
2020,470200,ROYAL GOLDEN EAGLE,APRIL,BUATAN,RIAU,506,255441,ROYAL GOLDEN EAGLE,APRIL FAR EAST MALAYSIA SDN BHD,MALAYSIA,SINGAPORE,CHINA (MAINLAND)
2020,470329,SINAR MAS,OKI,SULTAN MAHMUD BADARUDDIN (U),SUMATERA SELATAN,320,147608,UNKNOWN AFFILIATION,XIANHE CO LTD,CHINA (MAINLAND),SINGAPORE,CHINA (MAINLAND)
2020,470200,ROYAL GOLDEN EAGLE,APRIL,UNKNOWN,RIAU,508,256742,ROYAL GOLDEN EAGLE,APRIL FAR EAST MALAYSIA SDN BHD,MALAYSIA,PORT KELANG,CHINA (MAINLAND)
2020,470200,ROYAL GOLDEN EAGLE,APRIL,UNKNOWN,RIAU,508,256574,ROYAL GOLDEN EAGLE,APRIL FAR EAST MALAYSIA SDN BHD,MALAYSIA,PORT KELANG,CHINA (MAINLAND)
2020,470200,ROYAL GOLDEN EAGLE,APRIL,UNKNOWN,RIAU,508,256481,ROYAL GOLDEN EAGLE,APRIL FAR EAST MALAYSIA SDN BHD,MALAYSIA,PORT KELANG,CHINA (MAINLAND)
2020,470200,ROYAL GOLDEN EAGLE,APRIL,UNKNOWN,RIAU,508,256421,ROYAL GOLDEN EAGLE,APRIL FAR EAST MALAYSIA SDN BHD,MALAYSIA,PORT KELANG,CHINA (MAINLAND)
2020,470200,ROYAL GOLDEN EAGLE,APRIL,UNKNOWN,RIAU,507,256202,ROYAL GOLDEN EAGLE,APRIL FAR EAST MALAYSIA SDN BHD,MALAYSIA,PORT KELANG,CHINA (MAINLAND)
2020,470200,ROYAL GOLDEN EAGLE,APRIL,UNKNOWN,RIAU,507,256169,ROYAL GOLDEN EAGLE,APRIL FAR EAST MALAYSIA SDN BHD,MALAYSIA,PORT KELANG,CHINA (MAINLAND)
2020,470200,ROYAL GOLDEN EAGLE,APRIL,UNKNOWN,RIAU,504,254597,ROYAL GOLDEN EAGLE,APRIL FAR EAST MALAYSIA SDN BHD,MALAYSIA,PORT KELANG,CHINA (MAINLAND)
2020,470200,ROYAL GOLDEN EAGLE,APRIL,UNKNOWN,RIAU,264,133337,ROYAL GOLDEN EAGLE,APRIL FAR EAST MALAYSIA SDN BHD,MALAYSIA,PORT KELANG,CHINA (MAINLAND)
2020,470200,ROYAL GOLDEN EAGLE,APRIL,UNKNOWN,RIAU,243,122847,ROYAL GOLDEN EAGLE,APRIL FAR EAST MALAYSIA SDN BHD,MALAYSIA,PORT KELANG,CHINA (MAINLAND)
2020,470200,ROYAL GOLDEN EAGLE,APRIL,UNKNOWN,RIAU,364,183992,ROYAL GOLDEN EAGLE,APRIL FAR EAST MALAYSIA SDN BHD,MALAYSIA,PORT KELANG,CHINA (MAINLAND)
2020,470200,ROYAL GOLDEN EAGLE,APRIL,UNKNOWN,RIAU,142,71532,ROYAL GOLDEN EAGLE,APRIL FAR EAST MALAYSIA SDN BHD,MALAYSIA,PORT KELANG,CHINA (MAINLAND)
2020,470200,ROYAL GOLDEN EAGLE,APRIL,BUATAN,RIAU,507,255798,ROYAL GOLDEN EAGLE,APRIL FAR EAST MALAYSIA SDN BHD,MALAYSIA,SINGAPORE,CHINA (MAINLAND)
2020,470200,ROYAL GOLDEN EAGLE,APRIL,BUATAN,RIAU,506,255635,ROYAL GOLDEN EAGLE,APRIL FAR EAST MALAYSIA SDN BHD,MALAYSIA,SINGAPORE,CHINA (MAINLAND)
2020,470200,ROYAL GOLDEN EAGLE,APRIL,BUATAN,RIAU,506,255579,ROYAL GOLDEN EAGLE,APRIL FAR EAST MALAYSIA SDN BHD,MALAYSIA,SINGAPORE,CHINA (MAINLAND)
2020,470329,ROYAL GOLDEN EAGLE,APRIL,BUATAN,RIAU,201,68179,ROYAL GOLDEN EAGLE,APRIL INTERNATIONAL ENTEPRISE PTE LTD,SINGAPORE,SINGAPORE,VIETNAM
2020,470329,SINAR MAS,OKI,SULTAN MAHMUD BADARUDDIN (U),SUMATERA SELATAN,744,352389,UNKNOWN AFFILIATION,XIANHE CO LTD,CHINA (MAINLAND),SINGAPORE,CHINA (MAINLAND)
2020,470329,MARUBENI,TANJUNG ENIM LESTARI,TANJUNG PRIOK,SUMATERA SELATAN,493,200367,MARUBENI,MARUBENI CORP,JAPAN,WUHAN,CHINA (MAINLAND)
2020,470329,MARUBENI,TANJUNG ENIM LESTARI,TANJUNG PRIOK,SUMATERA SELATAN,291,130448,MARUBENI,MARUBENI CORP,JAPAN,SHIMIZU,JAPAN
2020,470329,MARUBENI,TANJUNG ENIM LESTARI,TANJUNG PRIOK,SUMATERA SELATAN,1012,433377,MARUBENI,MARUBENI CORP,JAPAN,SHIMIZU,JAPAN
2020,470200,ROYAL GOLDEN EAGLE,APRIL,BUATAN,RIAU,508,256580,ROYAL GOLDEN EAGLE,APRIL FAR EAST MALAYSIA SDN BHD,MALAYSIA,SINGAPORE,CHINA (MAINLAND)
2020,470200,ROYAL GOLDEN EAGLE,APRIL,BUATAN,RIAU,507,256212,ROYAL GOLDEN EAGLE,APRIL FAR EAST MALAYSIA SDN BHD,MALAYSIA,SINGAPORE,CHINA (MAINLAND)
2020,470200,ROYAL GOLDEN EAGLE,APRIL,BUATAN,RIAU,506,255663,ROYAL GOLDEN EAGLE,APRIL FAR EAST MALAYSIA SDN BHD,MALAYSIA,SINGAPORE,CHINA (MAINLAND)
2020,470200,ROYAL GOLDEN EAGLE,APRIL,BUATAN,RIAU,506,255609,ROYAL GOLDEN EAGLE,APRIL FAR EAST MALAYSIA SDN BHD,MALAYSIA,SINGAPORE,CHINA (MAINLAND)
2020,470200,ROYAL GOLDEN EAGLE,APRIL,BUATAN,RIAU,506,255584,ROYAL GOLDEN EAGLE,APRIL FAR EAST MALAYSIA SDN BHD,MALAYSIA,SINGAPORE,CHINA (MAINLAND)
2020,470329,SINAR MAS,LONTAR PAPYRUS,KUALA TUNGKAL,JAMBI,1004,494159,UNKNOWN AFFILIATION,CHIN TA PAPER CORP,CHINA (MAINLAND),ZHANJIANG,CHINA (MAINLAND)
2020,470329,SINAR MAS,LONTAR PAPYRUS,KUALA TUNGKAL,JAMBI,1003,493770,UNKNOWN AFFILIATION,CHIN TA PAPER CORP,CHINA (MAINLAND),ZHANJIANG,CHINA (MAINLAND)
2020,470329,MARUBENI,TANJUNG ENIM LESTARI,PANJANG,SUMATERA SELATAN,483,204799,MARUBENI,MARUBENI CORP,JAPAN,MELBOURNE,AUSTRALIA
2020,470329,MARUBENI,TANJUNG ENIM LESTARI,PANJANG,SUMATERA SELATAN,192,82660,MARUBENI,MARUBENI CORP,JAPAN,JAWAHARLAL NEHRU (NHAVA SHEVA),INDIA
2020,470329,MARUBENI,TANJUNG ENIM LESTARI,PANJANG,SUMATERA SELATAN,290,133334,MARUBENI,MARUBENI CORP,JAPAN,TOMAKOMAI,JAPAN
2020,470329,SINAR MAS,OKI,SULTAN MAHMUD BADARUDDIN (U),SUMATERA SELATAN,3500,1697500,SINAR MAS,KING PAPER SOURCE TRADING (SHANGHAI) CO LTD,CHINA (MAINLAND),CHANGSHU,CHINA (MAINLAND)
2020,470329,SINAR MAS,OKI,SULTAN MAHMUD BADARUDDIN (U),SUMATERA SELATAN,3270,1585950,SINAR MAS,KING PAPER SOURCE TRADING (SHANGHAI) CO LTD,CHINA (MAINLAND),CHANGSHU,CHINA (MAINLAND)
2020,470329,SINAR MAS,OKI,SULTAN MAHMUD BADARUDDIN (U),SUMATERA SELATAN,3430,1663550,SINAR MAS,KING PAPER SOURCE TRADING (SHANGHAI) CO LTD,CHINA (MAINLAND),CHANGSHU,CHINA (MAINLAND)
2020,470329,ROYAL GOLDEN EAGLE,APRIL,UNKNOWN,RIAU,1013,343315,ROYAL GOLDEN EAGLE,APRIL INTERNATIONAL ENTEPRISE PTE LTD,SINGAPORE,SINGAPORE,KUWAIT
2020,470329,ROYAL GOLDEN EAGLE,APRIL,UNKNOWN,RIAU,502,170238,ROYAL GOLDEN EAGLE,APRIL INTERNATIONAL ENTEPRISE PTE LTD,SINGAPORE,SINGAPORE,VIETNAM
2020,470200,ROYAL GOLDEN EAGLE,APRIL,BUATAN,RIAU,509,256813,ROYAL GOLDEN EAGLE,APRIL FAR EAST MALAYSIA SDN BHD,MALAYSIA,SINGAPORE,CHINA (MAINLAND)
2020,470329,SINAR MAS,INDAH KIAT,PERAWANG,RIAU,1000,479371,SINAR MAS,SORBENT PAPER CO PTY LTD,AUSTRALIA,MELBOURNE,AUSTRALIA
2020,470329,SINAR MAS,OKI,SULTAN MAHMUD BADARUDDIN (U),SUMATERA SELATAN,7630,3700550,SINAR MAS,KING PAPER SOURCE TRADING (SHANGHAI) CO LTD,CHINA (MAINLAND),CHANGSHU,CHINA (MAINLAND)
2020,470329,SINAR MAS,OKI,SULTAN MAHMUD BADARUDDIN (U),SUMATERA SELATAN,2300,1115500,SINAR MAS,KING PAPER SOURCE TRADING (SHANGHAI) CO LTD,CHINA (MAINLAND),CHANGSHU,CHINA (MAINLAND)
2020,470329,SINAR MAS,OKI,SULTAN MAHMUD BADARUDDIN (U),SUMATERA SELATAN,2000,970000,SINAR MAS,KING PAPER SOURCE TRADING (SHANGHAI) CO LTD,CHINA (MAINLAND),CHANGSHU,CHINA (MAINLAND)
2020,470329,SINAR MAS,OKI,SULTAN MAHMUD BADARUDDIN (U),SUMATERA SELATAN,1500,727500,SINAR MAS,KING PAPER SOURCE TRADING (SHANGHAI) CO LTD,CHINA (MAINLAND),CHANGSHU,CHINA (MAINLAND)
2020,470329,SINAR MAS,OKI,SULTAN MAHMUD BADARUDDIN (U),SUMATERA SELATAN,1570,761450,SINAR MAS,KING PAPER SOURCE TRADING (SHANGHAI) CO LTD,CHINA (MAINLAND),CHANGSHU,CHINA (MAINLAND)
2020,470329,SINAR MAS,OKI,SULTAN MAHMUD BADARUDDIN (U),SUMATERA SELATAN,720,341021,UNKNOWN AFFILIATION,ZHEJIANG ZHONGCHUN NEW MATERIAL CO LTD,CHINA (MAINLAND),SINGAPORE,CHINA (MAINLAND)
2020,470329,SINAR MAS,OKI,SULTAN MAHMUD BADARUDDIN (U),SUMATERA SELATAN,600,284184,UNKNOWN AFFILIATION,ZHEJIANG ZHONGCHUN NEW MATERIAL CO LTD,CHINA (MAINLAND),SINGAPORE,CHINA (MAINLAND)
2020,470200,ROYAL GOLDEN EAGLE,APRIL,UNKNOWN,RIAU,508,249078,ROYAL GOLDEN EAGLE,APRIL FAR EAST MALAYSIA SDN BHD,MALAYSIA,SINGAPORE,CHINA (MAINLAND)
2020,470200,ROYAL GOLDEN EAGLE,APRIL,UNKNOWN,RIAU,508,248824,ROYAL GOLDEN EAGLE,APRIL FAR EAST MALAYSIA SDN BHD,MALAYSIA,SINGAPORE,CHINA (MAINLAND)
2020,470200,ROYAL GOLDEN EAGLE,APRIL,UNKNOWN,RIAU,508,248706,ROYAL GOLDEN EAGLE,APRIL FAR EAST MALAYSIA SDN BHD,MALAYSIA,SINGAPORE,CHINA (MAINLAND)
2020,470200,ROYAL GOLDEN EAGLE,APRIL,UNKNOWN,RIAU,406,199092,ROYAL GOLDEN EAGLE,APRIL FAR EAST MALAYSIA SDN BHD,MALAYSIA,SINGAPORE,CHINA (MAINLAND)
2020,470329,ROYAL GOLDEN EAGLE,APRIL,UNKNOWN,RIAU,597,202349,ROYAL GOLDEN EAGLE,APRIL INTERNATIONAL ENTEPRISE PTE LTD,SINGAPORE,SINGAPORE,LEBANON
2020,470200,ROYAL GOLDEN EAGLE,APRIL,BUATAN,RIAU,508,248784,ROYAL GOLDEN EAGLE,APRIL FAR EAST MALAYSIA SDN BHD,MALAYSIA,PORT KELANG,CHINA (MAINLAND)
2020,470200,ROYAL GOLDEN EAGLE,APRIL,BUATAN,RIAU,506,248027,ROYAL GOLDEN EAGLE,APRIL FAR EAST MALAYSIA SDN BHD,MALAYSIA,PORT KELANG,CHINA (MAINLAND)
2020,470200,ROYAL GOLDEN EAGLE,APRIL,BUATAN,RIAU,506,248014,ROYAL GOLDEN EAGLE,APRIL FAR EAST MALAYSIA SDN BHD,MALAYSIA,PORT KELANG,CHINA (MAINLAND)
2020,470200,ROYAL GOLDEN EAGLE,APRIL,BUATAN,RIAU,506,247994,ROYAL GOLDEN EAGLE,APRIL FAR EAST MALAYSIA SDN BHD,MALAYSIA,PORT KELANG,CHINA (MAINLAND)
2020,470200,ROYAL GOLDEN EAGLE,APRIL,BUATAN,RIAU,506,255667,ROYAL GOLDEN EAGLE,APRIL FAR EAST MALAYSIA SDN BHD,MALAYSIA,SINGAPORE,CHINA (MAINLAND)
2020,470200,ROYAL GOLDEN EAGLE,APRIL,BUATAN,RIAU,101,49613,ROYAL GOLDEN EAGLE,APRIL FAR EAST MALAYSIA SDN BHD,MALAYSIA,SINGAPORE,CHINA (MAINLAND)
2020,470200,ROYAL GOLDEN EAGLE,APRIL,BUATAN,RIAU,506,255632,ROYAL GOLDEN EAGLE,APRIL FAR EAST MALAYSIA SDN BHD,MALAYSIA,SINGAPORE,CHINA (MAINLAND)
2020,470329,SINAR MAS,INDAH KIAT,PERAWANG,RIAU,1000,476700,ADNPM,ABU DHABI NATIONAL PAPER MILL LLC,UNITED ARAB EMIRATES,ABU DHABI,UNITED ARAB EMIRATES
2020,470329,SINAR MAS,INDAH KIAT,PERAWANG,RIAU,480,231201,UNKNOWN AFFILIATION,MAC-AAA FREIGHT & LOGISTICS LLC,UNITED ARAB EMIRATES,JEBEL ALI,UNITED ARAB EMIRATES
2020,470329,SINAR MAS,OKI,SULTAN MAHMUD BADARUDDIN (U),SUMATERA SELATAN,10000,4850000,SINAR MAS,KING PAPER SOURCE TRADING (SHANGHAI) CO LTD,CHINA (MAINLAND),CHANGSHU,CHINA (MAINLAND)
2020,470329,SINAR MAS,OKI,SULTAN MAHMUD BADARUDDIN (U),SUMATERA SELATAN,1000,485000,SINAR MAS,KING PAPER SOURCE TRADING (SHANGHAI) CO LTD,CHINA (MAINLAND),CHANGSHU,CHINA (MAINLAND)
2020,470200,ROYAL GOLDEN EAGLE,APRIL,UNKNOWN,RIAU,507,248512,ROYAL GOLDEN EAGLE,APRIL FAR EAST MALAYSIA SDN BHD,MALAYSIA,PORT KELANG,CHINA (MAINLAND)
2020,470200,ROYAL GOLDEN EAGLE,APRIL,UNKNOWN,RIAU,507,256011,ROYAL GOLDEN EAGLE,APRIL FAR EAST MALAYSIA SDN BHD,MALAYSIA,PORT KELANG,CHINA (MAINLAND)
2020,470200,ROYAL GOLDEN EAGLE,APRIL,UNKNOWN,RIAU,505,255274,ROYAL GOLDEN EAGLE,APRIL FAR EAST MALAYSIA SDN BHD,MALAYSIA,PORT KELANG,CHINA (MAINLAND)
2020,470200,ROYAL GOLDEN EAGLE,APRIL,UNKNOWN,RIAU,508,249060,ROYAL GOLDEN EAGLE,APRIL FAR EAST MALAYSIA SDN BHD,MALAYSIA,PORT KELANG,CHINA (MAINLAND)
2020,470200,ROYAL GOLDEN EAGLE,APRIL,UNKNOWN,RIAU,508,248828,ROYAL GOLDEN EAGLE,APRIL FAR EAST MALAYSIA SDN BHD,MALAYSIA,PORT KELANG,CHINA (MAINLAND)
2020,470329,SINAR MAS,LONTAR PAPYRUS,KUALA TUNGKAL,JAMBI,1004,469980,GULF PAPER,GULF PAPER MANUFACTURING CO KSC,KUWAIT,SHUAIBA,KUWAIT
2020,470329,SINAR MAS,INDAH KIAT,PERAWANG,RIAU,1000,479575,SINAR MAS,KING PAPER SOURCE TRADING (SHANGHAI) CO LTD,CHINA (MAINLAND),CHANGSHU,CHINA (MAINLAND)
2020,470329,SINAR MAS,OKI,SULTAN MAHMUD BADARUDDIN (U),SUMATERA SELATAN,720,341021,UNKNOWN AFFILIATION,ZHEJIANG ZHONGCHUN NEW MATERIAL CO LTD,CHINA (MAINLAND),SINGAPORE,CHINA (MAINLAND)
2020,470329,SINAR MAS,INDAH KIAT,SUNGAI PAKNING,RIAU,3260,1581100,SINAR MAS,KING PAPER SOURCE TRADING (SHANGHAI) CO LTD,CHINA (MAINLAND),CHANGSHU,CHINA (MAINLAND)
2020,470329,SINAR MAS,INDAH KIAT,SUNGAI PAKNING,RIAU,9240,4481400,SINAR MAS,KING PAPER SOURCE TRADING (SHANGHAI) CO LTD,CHINA (MAINLAND),CHANGSHU,CHINA (MAINLAND)
2020,470200,ROYAL GOLDEN EAGLE,APRIL,UNKNOWN,RIAU,10121,4989817,ROYAL GOLDEN EAGLE,APRIL FAR EAST MALAYSIA SDN BHD,MALAYSIA,CHANGSHU,CHINA (MAINLAND)
2020,470200,ROYAL GOLDEN EAGLE,APRIL,UNKNOWN,RIAU,507,248408,ROYAL GOLDEN EAGLE,APRIL FAR EAST MALAYSIA SDN BHD,MALAYSIA,PORT KELANG,CHINA (MAINLAND)
2020,470200,ROYAL GOLDEN EAGLE,APRIL,UNKNOWN,RIAU,507,248320,ROYAL GOLDEN EAGLE,APRIL FAR EAST MALAYSIA SDN BHD,MALAYSIA,PORT KELANG,CHINA (MAINLAND)
2020,470200,ROYAL GOLDEN EAGLE,APRIL,UNKNOWN,RIAU,59,29036,ROYAL GOLDEN EAGLE,APRIL FAR EAST MALAYSIA SDN BHD,MALAYSIA,XIUYING,CHINA (MAINLAND)
2020,470200,ROYAL GOLDEN EAGLE,APRIL,UNKNOWN,RIAU,6014,2947044,ROYAL GOLDEN EAGLE,APRIL FAR EAST MALAYSIA SDN BHD,MALAYSIA,XIUYING,CHINA (MAINLAND)
2020,470329,ROYAL GOLDEN EAGLE,APRIL,UNKNOWN,RIAU,6028,2043391,ROYAL GOLDEN EAGLE,APRIL INTERNATIONAL ENTEPRISE PTE LTD,SINGAPORE,CHANGSHU,CHINA (MAINLAND)
2020,470200,ROYAL GOLDEN EAGLE,APRIL,BUATAN,RIAU,508,248886,ROYAL GOLDEN EAGLE,APRIL FAR EAST MALAYSIA SDN BHD,MALAYSIA,SINGAPORE,CHINA (MAINLAND)
2020,470200,ROYAL GOLDEN EAGLE,APRIL,BUATAN,RIAU,506,248103,ROYAL GOLDEN EAGLE,APRIL FAR EAST MALAYSIA SDN BHD,MALAYSIA,SINGAPORE,CHINA (MAINLAND)
2020,470329,ROYAL GOLDEN EAGLE,APRIL,BUATAN,RIAU,201,68143,ROYAL GOLDEN EAGLE,APRIL INTERNATIONAL ENTEPRISE PTE LTD,SINGAPORE,SINGAPORE,THAILAND
2020,470329,SINAR MAS,INDAH KIAT,PERAWANG,RIAU,160,77274,UNKNOWN AFFILIATION,A CHAU ARCHITECTURE & TRADING COMPANY LIMITED,VIETNAM,DA NANG,VIETNAM
2020,470329,MARUBENI,TANJUNG ENIM LESTARI,TANJUNG PRIOK,SUMATERA SELATAN,514,202472,MARUBENI,MARUBENI CORP,JAPAN,CHONGQING,CHINA (MAINLAND)
2020,470329,MARUBENI,TANJUNG ENIM LESTARI,TANJUNG PRIOK,SUMATERA SELATAN,192,85970,MARUBENI,MARUBENI CORP,JAPAN,SHIMIZU,JAPAN
2020,470329,MARUBENI,TANJUNG ENIM LESTARI,TANJUNG PRIOK,SUMATERA SELATAN,78,35020,MARUBENI,MARUBENI CORP,JAPAN,SHIMIZU,JAPAN
2020,470200,ROYAL GOLDEN EAGLE,APRIL,UNKNOWN,RIAU,508,248861,ROYAL GOLDEN EAGLE,APRIL FAR EAST MALAYSIA SDN BHD,MALAYSIA,PORT KELANG,CHINA (MAINLAND)
2020,470200,ROYAL GOLDEN EAGLE,APRIL,BUATAN,RIAU,507,256209,ROYAL GOLDEN EAGLE,APRIL FAR EAST MALAYSIA SDN BHD,MALAYSIA,SINGAPORE,CHINA (MAINLAND)
2020,470200,ROYAL GOLDEN EAGLE,APRIL,BUATAN,RIAU,506,248039,ROYAL GOLDEN EAGLE,APRIL FAR EAST MALAYSIA SDN BHD,MALAYSIA,SINGAPORE,CHINA (MAINLAND)
2020,470200,ROYAL GOLDEN EAGLE,APRIL,BUATAN,RIAU,506,248020,ROYAL GOLDEN EAGLE,APRIL FAR EAST MALAYSIA SDN BHD,MALAYSIA,SINGAPORE,CHINA (MAINLAND)
2020,470200,ROYAL GOLDEN EAGLE,APRIL,BUATAN,RIAU,344,173913,ROYAL GOLDEN EAGLE,APRIL FAR EAST MALAYSIA SDN BHD,MALAYSIA,SINGAPORE,CHINA (MAINLAND)
2020,470200,ROYAL GOLDEN EAGLE,APRIL,UNKNOWN,RIAU,508,249051,ROYAL GOLDEN EAGLE,APRIL FAR EAST MALAYSIA SDN BHD,MALAYSIA,PORT KELANG,CHINA (MAINLAND)
2020,470200,ROYAL GOLDEN EAGLE,APRIL,UNKNOWN,RIAU,508,248828,ROYAL GOLDEN EAGLE,APRIL FAR EAST MALAYSIA SDN BHD,MALAYSIA,PORT KELANG,CHINA (MAINLAND)
2020,470200,ROYAL GOLDEN EAGLE,APRIL,BUATAN,RIAU,506,247924,ROYAL GOLDEN EAGLE,APRIL FAR EAST MALAYSIA SDN BHD,MALAYSIA,SINGAPORE,CHINA (MAINLAND)
2020,470200,ROYAL GOLDEN EAGLE,APRIL,BUATAN,RIAU,162,81794,ROYAL GOLDEN EAGLE,APRIL FAR EAST MALAYSIA SDN BHD,MALAYSIA,SINGAPORE,CHINA (MAINLAND)
2020,470200,ROYAL GOLDEN EAGLE,APRIL,BUATAN,RIAU,506,255546,ROYAL GOLDEN EAGLE,APRIL FAR EAST MALAYSIA SDN BHD,MALAYSIA,SINGAPORE,CHINA (MAINLAND)
2020,470329,SINAR MAS,OKI,SULTAN MAHMUD BADARUDDIN (U),SUMATERA SELATAN,5000,2425000,HANSOL,HANSOL PAPER CO LTD,SOUTH KOREA,GUNSAN,SOUTH KOREA
2020,470329,SINAR MAS,OKI,SULTAN MAHMUD BADARUDDIN (U),SUMATERA SELATAN,4200,2037000,HANSOL,HANSOL PAPER CO LTD,SOUTH KOREA,GUNSAN,SOUTH KOREA
2020,470329,SINAR MAS,OKI,SULTAN MAHMUD BADARUDDIN (U),SUMATERA SELATAN,1500,727500,UNKNOWN AFFILIATION,MSS PULP CO LTD,SOUTH KOREA,GUNSAN,SOUTH KOREA
2020,470200,ROYAL GOLDEN EAGLE,APRIL,UNKNOWN,RIAU,508,249155,ROYAL GOLDEN EAGLE,APRIL FAR EAST MALAYSIA SDN BHD,MALAYSIA,PORT KELANG,CHINA (MAINLAND)
2020,470200,ROYAL GOLDEN EAGLE,APRIL,UNKNOWN,RIAU,508,248949,ROYAL GOLDEN EAGLE,APRIL FAR EAST MALAYSIA SDN BHD,MALAYSIA,PORT KELANG,CHINA (MAINLAND)
2020,470200,ROYAL GOLDEN EAGLE,APRIL,UNKNOWN,RIAU,507,248195,ROYAL GOLDEN EAGLE,APRIL FAR EAST MALAYSIA SDN BHD,MALAYSIA,PORT KELANG,CHINA (MAINLAND)
2020,470200,ROYAL GOLDEN EAGLE,APRIL,BUATAN,RIAU,506,247987,ROYAL GOLDEN EAGLE,APRIL FAR EAST MALAYSIA SDN BHD,MALAYSIA,SINGAPORE,CHINA (MAINLAND)
2020,470200,ROYAL GOLDEN EAGLE,APRIL,BUATAN,RIAU,506,248084,ROYAL GOLDEN EAGLE,APRIL FAR EAST MALAYSIA SDN BHD,MALAYSIA,SINGAPORE,CHINA (MAINLAND)
2020,470200,ROYAL GOLDEN EAGLE,APRIL,BUATAN,RIAU,506,255572,ROYAL GOLDEN EAGLE,APRIL FAR EAST MALAYSIA SDN BHD,MALAYSIA,SINGAPORE,CHINA (MAINLAND)
2020,470200,ROYAL GOLDEN EAGLE,APRIL,BUATAN,RIAU,506,255778,ROYAL GOLDEN EAGLE,APRIL FAR EAST MALAYSIA SDN BHD,MALAYSIA,SINGAPORE,CHINA (MAINLAND)
2020,470200,ROYAL GOLDEN EAGLE,APRIL,BUATAN,RIAU,122,59556,ROYAL GOLDEN EAGLE,APRIL FAR EAST MALAYSIA SDN BHD,MALAYSIA,SINGAPORE,CHINA (MAINLAND)
2020,470200,ROYAL GOLDEN EAGLE,APRIL,BUATAN,RIAU,506,247992,ROYAL GOLDEN EAGLE,APRIL FAR EAST MALAYSIA SDN BHD,MALAYSIA,SINGAPORE,CHINA (MAINLAND)
2020,470200,ROYAL GOLDEN EAGLE,APRIL,BUATAN,RIAU,506,247995,ROYAL GOLDEN EAGLE,APRIL FAR EAST MALAYSIA SDN BHD,MALAYSIA,SINGAPORE,CHINA (MAINLAND)
2020,470329,ROYAL GOLDEN EAGLE,APRIL,BUATAN,RIAU,201,68153,ROYAL GOLDEN EAGLE,APRIL INTERNATIONAL ENTEPRISE PTE LTD,SINGAPORE,SINGAPORE,CHINA (MAINLAND)
2020,470329,ROYAL GOLDEN EAGLE,APRIL,BUATAN,RIAU,503,170362,ROYAL GOLDEN EAGLE,APRIL INTERNATIONAL ENTEPRISE PTE LTD,SINGAPORE,SINGAPORE,PAKISTAN
2020,470329,SINAR MAS,INDAH KIAT,PERAWANG,RIAU,500,239963,SINAR MAS,KING PAPER SOURCE TRADING (SHANGHAI) CO LTD,CHINA (MAINLAND),DALIAN,CHINA (MAINLAND)
2020,470329,SINAR MAS,INDAH KIAT,PERAWANG,RIAU,1000,479925,SINAR MAS,KING PAPER SOURCE TRADING (SHANGHAI) CO LTD,CHINA (MAINLAND),DALIAN,CHINA (MAINLAND)
2020,470200,ROYAL GOLDEN EAGLE,APRIL,UNKNOWN,RIAU,162,79568,ROYAL GOLDEN EAGLE,APRIL FAR EAST MALAYSIA SDN BHD,MALAYSIA,PORT KELANG,CHINA (MAINLAND)
2020,470200,ROYAL GOLDEN EAGLE,APRIL,UNKNOWN,RIAU,223,109483,ROYAL GOLDEN EAGLE,APRIL FAR EAST MALAYSIA SDN BHD,MALAYSIA,PORT KELANG,CHINA (MAINLAND)
2020,470200,ROYAL GOLDEN EAGLE,APRIL,UNKNOWN,RIAU,81,39682,ROYAL GOLDEN EAGLE,APRIL FAR EAST MALAYSIA SDN BHD,MALAYSIA,PORT KELANG,CHINA (MAINLAND)
2020,470200,ROYAL GOLDEN EAGLE,APRIL,UNKNOWN,RIAU,506,248063,ROYAL GOLDEN EAGLE,APRIL FAR EAST MALAYSIA SDN BHD,MALAYSIA,PORT KELANG,CHINA (MAINLAND)
2020,470200,ROYAL GOLDEN EAGLE,APRIL,UNKNOWN,RIAU,506,248059,ROYAL GOLDEN EAGLE,APRIL FAR EAST MALAYSIA SDN BHD,MALAYSIA,PORT KELANG,CHINA (MAINLAND)
2020,470200,ROYAL GOLDEN EAGLE,APRIL,UNKNOWN,RIAU,41,19889,ROYAL GOLDEN EAGLE,APRIL FAR EAST MALAYSIA SDN BHD,MALAYSIA,PORT KELANG,CHINA (MAINLAND)
2020,470200,ROYAL GOLDEN EAGLE,APRIL,BUATAN,RIAU,384,188343,ROYAL GOLDEN EAGLE,APRIL FAR EAST MALAYSIA SDN BHD,MALAYSIA,SINGAPORE,CHINA (MAINLAND)
2020,470329,SINAR MAS,INDAH KIAT,PERAWANG,RIAU,1000,476700,ADNPM,ABU DHABI NATIONAL PAPER MILL LLC,UNITED ARAB EMIRATES,ABU DHABI,UNITED ARAB EMIRATES
2020,470329,SINAR MAS,OKI,SULTAN MAHMUD BADARUDDIN (U),SUMATERA SELATAN,10000,4809739,UNKNOWN AFFILIATION,GREAT CHAMP (L) BHD,MALAYSIA,QINGDAO,CHINA (MAINLAND)
2020,470329,ROYAL GOLDEN EAGLE,APRIL,UNKNOWN,RIAU,502,170136,ROYAL GOLDEN EAGLE,APRIL INTERNATIONAL ENTEPRISE PTE LTD,SINGAPORE,SINGAPORE,CHINA (MAINLAND)
2020,470329,ROYAL GOLDEN EAGLE,APRIL,UNKNOWN,RIAU,502,164606,ROYAL GOLDEN EAGLE,APRIL INTERNATIONAL ENTEPRISE PTE LTD,SINGAPORE,SINGAPORE,CHINA (MAINLAND)
2020,470329,ROYAL GOLDEN EAGLE,APRIL,UNKNOWN,RIAU,301,102201,ROYAL GOLDEN EAGLE,APRIL INTERNATIONAL ENTEPRISE PTE LTD,SINGAPORE,SINGAPORE,PAKISTAN
2020,470329,ROYAL GOLDEN EAGLE,APRIL,UNKNOWN,RIAU,1005,340604,ROYAL GOLDEN EAGLE,APRIL INTERNATIONAL ENTEPRISE PTE LTD,SINGAPORE,SINGAPORE,UNITED ARAB EMIRATES
2020,470329,ROYAL GOLDEN EAGLE,APRIL,UNKNOWN,RIAU,201,68039,ROYAL GOLDEN EAGLE,APRIL INTERNATIONAL ENTEPRISE PTE LTD,SINGAPORE,SINGAPORE,UNITED ARAB EMIRATES
2020,470200,ROYAL GOLDEN EAGLE,APRIL,BUATAN,RIAU,506,248014,ROYAL GOLDEN EAGLE,APRIL FAR EAST MALAYSIA SDN BHD,MALAYSIA,SINGAPORE,CHINA (MAINLAND)
2020,470329,SINAR MAS,LONTAR PAPYRUS,KUALA TUNGKAL,JAMBI,502,236642,SINAR MAS,SORBENT PAPER CO PTY LTD,AUSTRALIA,MELBOURNE,AUSTRALIA
2020,470329,SINAR MAS,LONTAR PAPYRUS,KUALA TUNGKAL,JAMBI,401,192166,BATAAN,BATAAN 2020 INC,PHILIPPINES,MANILA SOUTH HARBOUR,PHILIPPINES
2020,470329,MARUBENI,TANJUNG ENIM LESTARI,PANJANG,SUMATERA SELATAN,506,216781,MARUBENI,MARUBENI CORP,JAPAN,MELBOURNE,AUSTRALIA
2020,470329,SINAR MAS,OKI,SULTAN MAHMUD BADARUDDIN (U),SUMATERA SELATAN,1500,727500,SINAR MAS,KING PAPER SOURCE TRADING (SHANGHAI) CO LTD,CHINA (MAINLAND),NINGBO,CHINA (MAINLAND)
2020,470329,SINAR MAS,OKI,SULTAN MAHMUD BADARUDDIN (U),SUMATERA SELATAN,2000,970000,SINAR MAS,KING PAPER SOURCE TRADING (SHANGHAI) CO LTD,CHINA (MAINLAND),NINGBO,CHINA (MAINLAND)
2020,470329,SINAR MAS,OKI,SULTAN MAHMUD BADARUDDIN (U),SUMATERA SELATAN,7700,3734500,SINAR MAS,KING PAPER SOURCE TRADING (SHANGHAI) CO LTD,CHINA (MAINLAND),ZHENJIANG,CHINA (MAINLAND)
2020,470329,SINAR MAS,OKI,SULTAN MAHMUD BADARUDDIN (U),SUMATERA SELATAN,2500,1212500,SINAR MAS,KING PAPER SOURCE TRADING (SHANGHAI) CO LTD,CHINA (MAINLAND),ZHENJIANG,CHINA (MAINLAND)
2020,470200,ROYAL GOLDEN EAGLE,APRIL,UNKNOWN,RIAU,507,248355,ROYAL GOLDEN EAGLE,APRIL FAR EAST MALAYSIA SDN BHD,MALAYSIA,PORT KELANG,CHINA (MAINLAND)
2020,470200,ROYAL GOLDEN EAGLE,APRIL,UNKNOWN,RIAU,506,248140,ROYAL GOLDEN EAGLE,APRIL FAR EAST MALAYSIA SDN BHD,MALAYSIA,PORT KELANG,CHINA (MAINLAND)
2020,470200,ROYAL GOLDEN EAGLE,APRIL,UNKNOWN,RIAU,506,247978,ROYAL GOLDEN EAGLE,APRIL FAR EAST MALAYSIA SDN BHD,MALAYSIA,PORT KELANG,CHINA (MAINLAND)
2020,470329,ROYAL GOLDEN EAGLE,APRIL,UNKNOWN,RIAU,503,170353,ROYAL GOLDEN EAGLE,APRIL INTERNATIONAL ENTEPRISE PTE LTD,SINGAPORE,SINGAPORE,CHINA (MAINLAND)
2020,470329,ROYAL GOLDEN EAGLE,APRIL,UNKNOWN,RIAU,1004,340410,ROYAL GOLDEN EAGLE,APRIL INTERNATIONAL ENTEPRISE PTE LTD,SINGAPORE,SINGAPORE,CHINA (MAINLAND)
2020,470200,ROYAL GOLDEN EAGLE,TOBA PULP LESTARI,BELAWAN,SUMATERA UTARA,500,284653,ROYAL GOLDEN EAGLE,DP MARKETING INTERNATIONAL,MACAO,QINGDAO,CHINA (MAINLAND)
2020,470200,ROYAL GOLDEN EAGLE,TOBA PULP LESTARI,BELAWAN,SUMATERA UTARA,499,283713,ROYAL GOLDEN EAGLE,DP MARKETING INTERNATIONAL,MACAO,QINGDAO,CHINA (MAINLAND)
2020,470200,ROYAL GOLDEN EAGLE,APRIL,BUATAN,RIAU,445,218236,ROYAL GOLDEN EAGLE,APRIL FAR EAST MALAYSIA SDN BHD,MALAYSIA,SINGAPORE,CHINA (MAINLAND)
2020,470200,ROYAL GOLDEN EAGLE,APRIL,BUATAN,RIAU,506,248097,ROYAL GOLDEN EAGLE,APRIL FAR EAST MALAYSIA SDN BHD,MALAYSIA,SINGAPORE,CHINA (MAINLAND)
2020,470200,ROYAL GOLDEN EAGLE,APRIL,BUATAN,RIAU,20,10219,ROYAL GOLDEN EAGLE,APRIL FAR EAST MALAYSIA SDN BHD,MALAYSIA,SINGAPORE,CHINA (MAINLAND)
2020,470200,ROYAL GOLDEN EAGLE,APRIL,BUATAN,RIAU,61,29832,ROYAL GOLDEN EAGLE,APRIL FAR EAST MALAYSIA SDN BHD,MALAYSIA,SINGAPORE,CHINA (MAINLAND)
2020,470329,ROYAL GOLDEN EAGLE,APRIL,BUATAN,RIAU,24,8174,ROYAL GOLDEN EAGLE,APRIL INTERNATIONAL ENTEPRISE PTE LTD,SINGAPORE,SINGAPORE,UNITED KINGDOM
2020,470329,SINAR MAS,LONTAR PAPYRUS,KUALA TUNGKAL,JAMBI,502,236621,SINAR MAS,SORBENT PAPER CO PTY LTD,AUSTRALIA,MELBOURNE,AUSTRALIA
2020,470329,SINAR MAS,LONTAR PAPYRUS,KUALA TUNGKAL,JAMBI,1003,494029,UNKNOWN AFFILIATION,CHIN TA PAPER CORP,CHINA (MAINLAND),ZHANJIANG,CHINA (MAINLAND)
2020,470329,SINAR MAS,LONTAR PAPYRUS,KUALA TUNGKAL,JAMBI,1004,494270,UNKNOWN AFFILIATION,CHIN TA PAPER CORP,CHINA (MAINLAND),ZHANJIANG,CHINA (MAINLAND)
2020,470329,SINAR MAS,OKI,SULTAN MAHMUD BADARUDDIN (U),SUMATERA SELATAN,720,347498,UNKNOWN AFFILIATION,XIANHE CO LTD,CHINA (MAINLAND),SINGAPORE,CHINA (MAINLAND)
2020,470200,ROYAL GOLDEN EAGLE,APRIL,UNKNOWN,RIAU,507,248187,ROYAL GOLDEN EAGLE,APRIL FAR EAST MALAYSIA SDN BHD,MALAYSIA,PORT KELANG,CHINA (MAINLAND)
2020,470200,ROYAL GOLDEN EAGLE,APRIL,UNKNOWN,RIAU,506,248156,ROYAL GOLDEN EAGLE,APRIL FAR EAST MALAYSIA SDN BHD,MALAYSIA,PORT KELANG,CHINA (MAINLAND)
2020,470200,ROYAL GOLDEN EAGLE,APRIL,UNKNOWN,RIAU,506,248060,ROYAL GOLDEN EAGLE,APRIL FAR EAST MALAYSIA SDN BHD,MALAYSIA,PORT KELANG,CHINA (MAINLAND)
2020,470329,ROYAL GOLDEN EAGLE,APRIL,UNKNOWN,RIAU,3567,1209158,ROYAL GOLDEN EAGLE,APRIL INTERNATIONAL ENTEPRISE PTE LTD,SINGAPORE,NINGBO,CHINA (MAINLAND)
2020,470329,ROYAL GOLDEN EAGLE,APRIL,UNKNOWN,RIAU,4422,1499067,ROYAL GOLDEN EAGLE,APRIL FAR EAST MALAYSIA SDN BHD,MALAYSIA,GUNSAN,SOUTH KOREA
2020,470329,ROYAL GOLDEN EAGLE,APRIL,UNKNOWN,RIAU,2061,698566,ROYAL GOLDEN EAGLE,APRIL FAR EAST MALAYSIA SDN BHD,MALAYSIA,PYEONGTAEK,SOUTH KOREA
2020,470200,ROYAL GOLDEN EAGLE,APRIL,BUATAN,RIAU,506,248143,ROYAL GOLDEN EAGLE,APRIL FAR EAST MALAYSIA SDN BHD,MALAYSIA,SINGAPORE,CHINA (MAINLAND)
2020,470200,ROYAL GOLDEN EAGLE,APRIL,BUATAN,RIAU,506,248038,ROYAL GOLDEN EAGLE,APRIL FAR EAST MALAYSIA SDN BHD,MALAYSIA,SINGAPORE,CHINA (MAINLAND)
2020,470329,MARUBENI,TANJUNG ENIM LESTARI,PANJANG,SUMATERA SELATAN,994,401267,MARUBENI,MARUBENI CORP,JAPAN,QINGDAO,CHINA (MAINLAND)
2020,470329,SINAR MAS,INDAH KIAT,PERAWANG,RIAU,500,246038,UNKNOWN AFFILIATION,MEDITERRANEAN PAPER CO,EGYPT,EL ISKANDARIYA (=ALEXANDRIA),EGYPT
2020,470329,SINAR MAS,INDAH KIAT,PERAWANG,RIAU,1060,515028,SINAR MAS,TAMIL NADU NEWSPRINT AND PAPERS LTD,INDIA,TUTICORIN,INDIA
2020,470329,MARUBENI,TANJUNG ENIM LESTARI,TARAHAN,SUMATERA SELATAN,505,210513,MARUBENI,MARUBENI CORP,JAPAN,XINGANG,CHINA (MAINLAND)
2020,470329,MARUBENI,TANJUNG ENIM LESTARI,TARAHAN,SUMATERA SELATAN,504,209989,MARUBENI,MARUBENI CORP,JAPAN,XINGANG,CHINA (MAINLAND)
2020,470329,MARUBENI,TANJUNG ENIM LESTARI,TARAHAN,SUMATERA SELATAN,1008,419821,MARUBENI,MARUBENI CORP,JAPAN,XINGANG,CHINA (MAINLAND)
2020,470329,MARUBENI,TANJUNG ENIM LESTARI,TARAHAN,SUMATERA SELATAN,1016,423137,MARUBENI,MARUBENI CORP,JAPAN,XINGANG,CHINA (MAINLAND)
2020,470329,MARUBENI,TANJUNG ENIM LESTARI,TARAHAN,SUMATERA SELATAN,3025,1260374,MARUBENI,MARUBENI CORP,JAPAN,XINGANG,CHINA (MAINLAND)
2020,470329,MARUBENI,TANJUNG ENIM LESTARI,TARAHAN,SUMATERA SELATAN,1010,421012,MARUBENI,MARUBENI CORP,JAPAN,XINGANG,CHINA (MAINLAND)
2020,470329,MARUBENI,TANJUNG ENIM LESTARI,TARAHAN,SUMATERA SELATAN,1202,523649,MARUBENI,MARUBENI CORP,JAPAN,PYEONGTAEK,SOUTH KOREA
2020,470329,MARUBENI,TANJUNG ENIM LESTARI,TARAHAN,SUMATERA SELATAN,1011,440527,MARUBENI,MARUBENI CORP,JAPAN,PYEONGTAEK,SOUTH KOREA
2020,470329,MARUBENI,TANJUNG ENIM LESTARI,TARAHAN,SUMATERA SELATAN,202,90042,MARUBENI,MARUBENI CORP,JAPAN,PYEONGTAEK,SOUTH KOREA
2020,470329,MARUBENI,TANJUNG ENIM LESTARI,TARAHAN,SUMATERA SELATAN,403,179397,MARUBENI,MARUBENI CORP,JAPAN,PYEONGTAEK,SOUTH KOREA
2020,470200,ROYAL GOLDEN EAGLE,APRIL,BUATAN,RIAU,202,99203,ROYAL GOLDEN EAGLE,APRIL FAR EAST MALAYSIA SDN BHD,MALAYSIA,PORT KELANG,CHINA (MAINLAND)
2020,470200,ROYAL GOLDEN EAGLE,APRIL,BUATAN,RIAU,507,248294,ROYAL GOLDEN EAGLE,APRIL FAR EAST MALAYSIA SDN BHD,MALAYSIA,PORT KELANG,CHINA (MAINLAND)
2020,470200,ROYAL GOLDEN EAGLE,APRIL,BUATAN,RIAU,506,248170,ROYAL GOLDEN EAGLE,APRIL FAR EAST MALAYSIA SDN BHD,MALAYSIA,PORT KELANG,CHINA (MAINLAND)
2020,470200,ROYAL GOLDEN EAGLE,APRIL,BUATAN,RIAU,506,248152,ROYAL GOLDEN EAGLE,APRIL FAR EAST MALAYSIA SDN BHD,MALAYSIA,PORT KELANG,CHINA (MAINLAND)
2020,470200,ROYAL GOLDEN EAGLE,APRIL,BUATAN,RIAU,305,149248,ROYAL GOLDEN EAGLE,APRIL FAR EAST MALAYSIA SDN BHD,MALAYSIA,PORT KELANG,CHINA (MAINLAND)
2020,470200,ROYAL GOLDEN EAGLE,APRIL,BUATAN,RIAU,506,247886,ROYAL GOLDEN EAGLE,APRIL FAR EAST MALAYSIA SDN BHD,MALAYSIA,SINGAPORE,CHINA (MAINLAND)
2020,470329,SINAR MAS,LONTAR PAPYRUS,KUALA TUNGKAL,JAMBI,502,237013,SINAR MAS,SORBENT PAPER CO PTY LTD,AUSTRALIA,MELBOURNE,AUSTRALIA
2020,470329,MARUBENI,TANJUNG ENIM LESTARI,PANJANG,SUMATERA SELATAN,510,216750,MARUBENI,MARUBENI CORP,JAPAN,MELBOURNE,AUSTRALIA
2020,470329,SINAR MAS,INDAH KIAT,PERAWANG,RIAU,500,241606,SINAR MAS,KING PAPER SOURCE TRADING (SHANGHAI) CO LTD,CHINA (MAINLAND),DALIAN,CHINA (MAINLAND)
2020,470329,SINAR MAS,INDAH KIAT,PERAWANG,RIAU,1500,717905,UNKNOWN AFFILIATION,SAUDI PAPER MANUFACTURING CO,SAUDI ARABIA,AD DAMMAM,SAUDI ARABIA
2020,470329,SINAR MAS,OKI,SULTAN MAHMUD BADARUDDIN (U),SUMATERA SELATAN,576,277998,UNKNOWN AFFILIATION,ZHEJIANG ZHONGCHUN NEW MATERIAL CO LTD,CHINA (MAINLAND),SINGAPORE,CHINA (MAINLAND)
2020,470329,SINAR MAS,OKI,SULTAN MAHMUD BADARUDDIN (U),SUMATERA SELATAN,7700,3736425,SINAR MAS,KING PAPER SOURCE TRADING (SHANGHAI) CO LTD,CHINA (MAINLAND),ZHENJIANG,CHINA (MAINLAND)
2020,470329,SINAR MAS,OKI,SULTAN MAHMUD BADARUDDIN (U),SUMATERA SELATAN,7300,3542325,SINAR MAS,KING PAPER SOURCE TRADING (SHANGHAI) CO LTD,CHINA (MAINLAND),ZHENJIANG,CHINA (MAINLAND)
2020,470329,SINAR MAS,INDAH KIAT,SUNGAI PAKNING,RIAU,4494,2173973,SINAR MAS,KING PAPER SOURCE TRADING (SHANGHAI) CO LTD,CHINA (MAINLAND),DAGANG,CHINA (MAINLAND)
2020,470329,MARUBENI,TANJUNG ENIM LESTARI,TANJUNG PRIOK,SUMATERA SELATAN,979,415530,MARUBENI,MARUBENI CORP,JAPAN,NINGBO,CHINA (MAINLAND)
2020,470200,ROYAL GOLDEN EAGLE,APRIL,UNKNOWN,RIAU,507,248584,ROYAL GOLDEN EAGLE,APRIL FAR EAST MALAYSIA SDN BHD,MALAYSIA,PORT KELANG,CHINA (MAINLAND)
2020,470200,ROYAL GOLDEN EAGLE,APRIL,UNKNOWN,RIAU,507,248448,ROYAL GOLDEN EAGLE,APRIL FAR EAST MALAYSIA SDN BHD,MALAYSIA,PORT KELANG,CHINA (MAINLAND)
2020,470200,ROYAL GOLDEN EAGLE,APRIL,UNKNOWN,RIAU,506,248145,ROYAL GOLDEN EAGLE,APRIL FAR EAST MALAYSIA SDN BHD,MALAYSIA,PORT KELANG,CHINA (MAINLAND)
2020,470200,ROYAL GOLDEN EAGLE,APRIL,UNKNOWN,RIAU,506,247965,ROYAL GOLDEN EAGLE,APRIL FAR EAST MALAYSIA SDN BHD,MALAYSIA,PORT KELANG,CHINA (MAINLAND)
2020,470200,ROYAL GOLDEN EAGLE,TOBA PULP LESTARI,BELAWAN,SUMATERA UTARA,500,284419,ROYAL GOLDEN EAGLE,DP MARKETING INTERNATIONAL,MACAO,QINGDAO,CHINA (MAINLAND)
2020,470200,ROYAL GOLDEN EAGLE,TOBA PULP LESTARI,BELAWAN,SUMATERA UTARA,498,283611,ROYAL GOLDEN EAGLE,DP MARKETING INTERNATIONAL,MACAO,QINGDAO,CHINA (MAINLAND)
2020,470200,ROYAL GOLDEN EAGLE,APRIL,BUATAN,RIAU,509,249182,ROYAL GOLDEN EAGLE,APRIL FAR EAST MALAYSIA SDN BHD,MALAYSIA,SINGAPORE,CHINA (MAINLAND)
2020,470200,ROYAL GOLDEN EAGLE,APRIL,BUATAN,RIAU,508,248723,ROYAL GOLDEN EAGLE,APRIL FAR EAST MALAYSIA SDN BHD,MALAYSIA,SINGAPORE,CHINA (MAINLAND)
2020,470200,ROYAL GOLDEN EAGLE,APRIL,BUATAN,RIAU,507,248618,ROYAL GOLDEN EAGLE,APRIL FAR EAST MALAYSIA SDN BHD,MALAYSIA,SINGAPORE,CHINA (MAINLAND)
2020,470329,SINAR MAS,INDAH KIAT,PERAWANG,RIAU,1000,483213,SINAR MAS,KING PAPER SOURCE TRADING (SHANGHAI) CO LTD,CHINA (MAINLAND),DALIAN,CHINA (MAINLAND)
2020,470329,SINAR MAS,OKI,SULTAN MAHMUD BADARUDDIN (U),SUMATERA SELATAN,2000,961948,UNKNOWN AFFILIATION,HONORS COMMODITY CO LTD,CHINA (MAINLAND),QINGDAO,CHINA (MAINLAND)
2020,470329,SINAR MAS,OKI,SULTAN MAHMUD BADARUDDIN (U),SUMATERA SELATAN,3000,1442922,UNKNOWN AFFILIATION,QIFENG NEW MATERIAL LTD,CHINA (MAINLAND),QINGDAO,CHINA (MAINLAND)
2020,470329,SINAR MAS,OKI,SULTAN MAHMUD BADARUDDIN (U),SUMATERA SELATAN,2000,961948,UNKNOWN AFFILIATION,SHANGHAI FOLIAGE INDUSTRY CO LTD,CHINA (MAINLAND),QINGDAO,CHINA (MAINLAND)
2020,470329,SINAR MAS,OKI,SULTAN MAHMUD BADARUDDIN (U),SUMATERA SELATAN,3000,1442522,UNKNOWN AFFILIATION,GREAT CHAMP (L) BHD,MALAYSIA,QINGDAO,CHINA (MAINLAND)
2020,470329,MARUBENI,TANJUNG ENIM LESTARI,TANJUNG PRIOK,SUMATERA SELATAN,1418,576943,MARUBENI,MARUBENI CORP,JAPAN,XINHUI,CHINA (MAINLAND)
2020,470200,ROYAL GOLDEN EAGLE,APRIL,UNKNOWN,RIAU,508,248793,ROYAL GOLDEN EAGLE,APRIL FAR EAST MALAYSIA SDN BHD,MALAYSIA,PORT KELANG,CHINA (MAINLAND)
2020,470200,ROYAL GOLDEN EAGLE,APRIL,UNKNOWN,RIAU,507,248672,ROYAL GOLDEN EAGLE,APRIL FAR EAST MALAYSIA SDN BHD,MALAYSIA,PORT KELANG,CHINA (MAINLAND)
2020,470200,ROYAL GOLDEN EAGLE,APRIL,UNKNOWN,RIAU,284,139167,ROYAL GOLDEN EAGLE,APRIL FAR EAST MALAYSIA SDN BHD,MALAYSIA,PORT KELANG,CHINA (MAINLAND)
2020,470200,ROYAL GOLDEN EAGLE,APRIL,UNKNOWN,RIAU,222,108929,ROYAL GOLDEN EAGLE,APRIL FAR EAST MALAYSIA SDN BHD,MALAYSIA,PORT KELANG,CHINA (MAINLAND)
2020,470200,ROYAL GOLDEN EAGLE,TOBA PULP LESTARI,BELAWAN,SUMATERA UTARA,499,283730,ROYAL GOLDEN EAGLE,DP MARKETING INTERNATIONAL,MACAO,QINGDAO,CHINA (MAINLAND)
2020,470200,ROYAL GOLDEN EAGLE,TOBA PULP LESTARI,BELAWAN,SUMATERA UTARA,499,283709,ROYAL GOLDEN EAGLE,DP MARKETING INTERNATIONAL,MACAO,QINGDAO,CHINA (MAINLAND)
2020,470200,ROYAL GOLDEN EAGLE,APRIL,BUATAN,RIAU,507,248661,ROYAL GOLDEN EAGLE,APRIL FAR EAST MALAYSIA SDN BHD,MALAYSIA,SINGAPORE,CHINA (MAINLAND)
2020,470200,ROYAL GOLDEN EAGLE,APRIL,BUATAN,RIAU,507,248580,ROYAL GOLDEN EAGLE,APRIL FAR EAST MALAYSIA SDN BHD,MALAYSIA,SINGAPORE,CHINA (MAINLAND)
2020,470329,SINAR MAS,LONTAR PAPYRUS,KUALA TUNGKAL,JAMBI,502,236695,SINAR MAS,SORBENT PAPER CO PTY LTD,AUSTRALIA,MELBOURNE,AUSTRALIA
2020,470329,SINAR MAS,LONTAR PAPYRUS,KUALA TUNGKAL,JAMBI,763,364056,UNKNOWN AFFILIATION,STAR PAPER MILL PAPER,UNITED ARAB EMIRATES,ABU DHABI,UNITED ARAB EMIRATES
2020,470329,MARUBENI,TANJUNG ENIM LESTARI,PANJANG,SUMATERA SELATAN,994,421156,MARUBENI,MARUBENI CORP,JAPAN,XINGANG,CHINA (MAINLAND)
2020,470329,MARUBENI,TANJUNG ENIM LESTARI,PANJANG,SUMATERA SELATAN,191,85073,MARUBENI,MARUBENI CORP,JAPAN,JAWAHARLAL NEHRU (NHAVA SHEVA),INDIA
2020,470329,MARUBENI,TANJUNG ENIM LESTARI,PANJANG,SUMATERA SELATAN,103,46678,MARUBENI,MARUBENI CORP,JAPAN,JAWAHARLAL NEHRU (NHAVA SHEVA),INDIA
2020,470329,MARUBENI,TANJUNG ENIM LESTARI,PANJANG,SUMATERA SELATAN,104,47155,MARUBENI,MARUBENI CORP,JAPAN,JAWAHARLAL NEHRU (NHAVA SHEVA),INDIA
2020,470329,SINAR MAS,INDAH KIAT,PERAWANG,RIAU,520,259024,SINAR MAS,TAMIL NADU NEWSPRINT AND PAPERS LTD,INDIA,TUTICORIN,INDIA
2020,470329,SINAR MAS,INDAH KIAT,PERAWANG,RIAU,120,57859,UNKNOWN AFFILIATION,GREEN INTLPAK CO LTD,TAIWAN,TAICHUNG,TAIWAN
2020,470329,SINAR MAS,INDAH KIAT,PERAWANG,RIAU,300,143619,C.A.S,C.A.S PAPER MILL CO LTD,THAILAND,LAT KRABANG,THAILAND
2020,470329,SINAR MAS,OKI,SULTAN MAHMUD BADARUDDIN (U),SUMATERA SELATAN,1370,664793,SINAR MAS,KING PAPER SOURCE TRADING (SHANGHAI) CO LTD,CHINA (MAINLAND),CHANGSHU,CHINA (MAINLAND)
2020,470329,SINAR MAS,OKI,SULTAN MAHMUD BADARUDDIN (U),SUMATERA SELATAN,1130,548333,SINAR MAS,KING PAPER SOURCE TRADING (SHANGHAI) CO LTD,CHINA (MAINLAND),CHANGSHU,CHINA (MAINLAND)
2020,470329,SINAR MAS,OKI,SULTAN MAHMUD BADARUDDIN (U),SUMATERA SELATAN,3000,1455750,SINAR MAS,KING PAPER SOURCE TRADING (SHANGHAI) CO LTD,CHINA (MAINLAND),CHANGSHU,CHINA (MAINLAND)
2020,470329,SINAR MAS,OKI,SULTAN MAHMUD BADARUDDIN (U),SUMATERA SELATAN,2000,970500,SINAR MAS,KING PAPER SOURCE TRADING (SHANGHAI) CO LTD,CHINA (MAINLAND),CHANGSHU,CHINA (MAINLAND)
2020,470329,SINAR MAS,OKI,SULTAN MAHMUD BADARUDDIN (U),SUMATERA SELATAN,4000,1941000,SINAR MAS,KING PAPER SOURCE TRADING (SHANGHAI) CO LTD,CHINA (MAINLAND),CHANGSHU,CHINA (MAINLAND)
2020,470329,SINAR MAS,OKI,SULTAN MAHMUD BADARUDDIN (U),SUMATERA SELATAN,504,243248,UNKNOWN AFFILIATION,ZHEJIANG ZHONGCHUN NEW MATERIAL CO LTD,CHINA (MAINLAND),SINGAPORE,CHINA (MAINLAND)
2020,470200,ROYAL GOLDEN EAGLE,APRIL,UNKNOWN,RIAU,508,248879,ROYAL GOLDEN EAGLE,APRIL FAR EAST MALAYSIA SDN BHD,MALAYSIA,TANJUNG PELEPAS,CHINA (MAINLAND)
2020,470200,ROYAL GOLDEN EAGLE,APRIL,UNKNOWN,RIAU,508,248868,ROYAL GOLDEN EAGLE,APRIL FAR EAST MALAYSIA SDN BHD,MALAYSIA,TANJUNG PELEPAS,CHINA (MAINLAND)
2020,470200,ROYAL GOLDEN EAGLE,APRIL,UNKNOWN,RIAU,508,248789,ROYAL GOLDEN EAGLE,APRIL FAR EAST MALAYSIA SDN BHD,MALAYSIA,TANJUNG PELEPAS,CHINA (MAINLAND)
2020,470200,ROYAL GOLDEN EAGLE,APRIL,UNKNOWN,RIAU,508,248691,ROYAL GOLDEN EAGLE,APRIL FAR EAST MALAYSIA SDN BHD,MALAYSIA,TANJUNG PELEPAS,CHINA (MAINLAND)
2020,470329,ROYAL GOLDEN EAGLE,APRIL,UNKNOWN,RIAU,5087,1724645,ROYAL GOLDEN EAGLE,APRIL INTERNATIONAL ENTEPRISE PTE LTD,SINGAPORE,CHANGSHU,CHINA (MAINLAND)
2020,470329,ROYAL GOLDEN EAGLE,APRIL,UNKNOWN,RIAU,3200,1084933,ROYAL GOLDEN EAGLE,APRIL INTERNATIONAL ENTEPRISE PTE LTD,SINGAPORE,CHANGSHU,CHINA (MAINLAND)
2020,470329,ROYAL GOLDEN EAGLE,APRIL,UNKNOWN,RIAU,3518,1152272,ROYAL GOLDEN EAGLE,APRIL INTERNATIONAL ENTEPRISE PTE LTD,SINGAPORE,ZHANJIANG,CHINA (MAINLAND)
2020,470200,ROYAL GOLDEN EAGLE,APRIL,BUATAN,RIAU,508,248773,ROYAL GOLDEN EAGLE,APRIL FAR EAST MALAYSIA SDN BHD,MALAYSIA,SINGAPORE,CHINA (MAINLAND)
2020,470329,ROYAL GOLDEN EAGLE,APRIL,BUATAN,RIAU,503,170577,ROYAL GOLDEN EAGLE,APRIL INTERNATIONAL ENTEPRISE PTE LTD,SINGAPORE,SINGAPORE,UNITED ARAB EMIRATES
2020,470329,SINAR MAS,OKI,SULTAN MAHMUD BADARUDDIN (U),SUMATERA SELATAN,624,301165,UNKNOWN AFFILIATION,ZHEJIANG ZHONGCHUN NEW MATERIAL CO LTD,CHINA (MAINLAND),SINGAPORE,CHINA (MAINLAND)
2020,470200,ROYAL GOLDEN EAGLE,APRIL,UNKNOWN,RIAU,508,248907,ROYAL GOLDEN EAGLE,APRIL FAR EAST MALAYSIA SDN BHD,MALAYSIA,SINGAPORE,CHINA (MAINLAND)
2020,470329,ROYAL GOLDEN EAGLE,APRIL,UNKNOWN,RIAU,201,68218,ROYAL GOLDEN EAGLE,APRIL INTERNATIONAL ENTEPRISE PTE LTD,SINGAPORE,SINGAPORE,THAILAND
2020,470329,ROYAL GOLDEN EAGLE,APRIL,UNKNOWN,RIAU,502,170165,ROYAL GOLDEN EAGLE,APRIL INTERNATIONAL ENTEPRISE PTE LTD,SINGAPORE,SINGAPORE,UNITED ARAB EMIRATES
2020,470329,ROYAL GOLDEN EAGLE,APRIL,UNKNOWN,RIAU,260,88088,ROYAL GOLDEN EAGLE,APRIL INTERNATIONAL ENTEPRISE PTE LTD,SINGAPORE,SINGAPORE,UNITED ARAB EMIRATES
2020,470329,ROYAL GOLDEN EAGLE,APRIL,UNKNOWN,RIAU,502,170269,ROYAL GOLDEN EAGLE,APRIL INTERNATIONAL ENTEPRISE PTE LTD,SINGAPORE,SINGAPORE,VIETNAM
2020,470200,ROYAL GOLDEN EAGLE,APRIL,BUATAN,RIAU,507,248634,ROYAL GOLDEN EAGLE,APRIL FAR EAST MALAYSIA SDN BHD,MALAYSIA,SINGAPORE,CHINA (MAINLAND)
2020,470329,ROYAL GOLDEN EAGLE,APRIL,BUATAN,RIAU,502,170249,ROYAL GOLDEN EAGLE,APRIL INTERNATIONAL ENTEPRISE PTE LTD,SINGAPORE,SINGAPORE,CHINA (MAINLAND)
2020,470329,ROYAL GOLDEN EAGLE,APRIL,UNKNOWN,RIAU,496,168209,ROYAL GOLDEN EAGLE,APRIL INTERNATIONAL ENTEPRISE PTE LTD,SINGAPORE,SINGAPORE,BANGLADESH
2020,470200,ROYAL GOLDEN EAGLE,APRIL,UNKNOWN,RIAU,507,248448,ROYAL GOLDEN EAGLE,APRIL FAR EAST MALAYSIA SDN BHD,MALAYSIA,PORT KELANG,CHINA (MAINLAND)
2020,470200,ROYAL GOLDEN EAGLE,APRIL,UNKNOWN,RIAU,507,248458,ROYAL GOLDEN EAGLE,APRIL FAR EAST MALAYSIA SDN BHD,MALAYSIA,PORT KELANG,CHINA (MAINLAND)
2020,470200,ROYAL GOLDEN EAGLE,APRIL,UNKNOWN,RIAU,508,248763,ROYAL GOLDEN EAGLE,APRIL FAR EAST MALAYSIA SDN BHD,MALAYSIA,PORT KELANG,CHINA (MAINLAND)
2020,470200,ROYAL GOLDEN EAGLE,APRIL,UNKNOWN,RIAU,508,248927,ROYAL GOLDEN EAGLE,APRIL FAR EAST MALAYSIA SDN BHD,MALAYSIA,PORT KELANG,CHINA (MAINLAND)
2020,470329,ROYAL GOLDEN EAGLE,APRIL,UNKNOWN,RIAU,5025,1703368,ROYAL GOLDEN EAGLE,APRIL FAR EAST MALAYSIA SDN BHD,MALAYSIA,XINHUI,CHINA (MAINLAND)
2020,470329,ROYAL GOLDEN EAGLE,APRIL,UNKNOWN,RIAU,5024,1703294,ROYAL GOLDEN EAGLE,APRIL FAR EAST MALAYSIA SDN BHD,MALAYSIA,XINHUI,CHINA (MAINLAND)
2020,470329,ROYAL GOLDEN EAGLE,APRIL,UNKNOWN,RIAU,1995,676137,ROYAL GOLDEN EAGLE,APRIL INTERNATIONAL ENTEPRISE PTE LTD,SINGAPORE,XIAMEN,CHINA (MAINLAND)
2020,470329,ROYAL GOLDEN EAGLE,APRIL,UNKNOWN,RIAU,2010,681289,ROYAL GOLDEN EAGLE,APRIL INTERNATIONAL ENTEPRISE PTE LTD,SINGAPORE,ZHANJIANG,CHINA (MAINLAND)
2020,470329,ROYAL GOLDEN EAGLE,APRIL,UNKNOWN,RIAU,502,170170,ROYAL GOLDEN EAGLE,APRIL INTERNATIONAL ENTEPRISE PTE LTD,SINGAPORE,SINGAPORE,PAKISTAN
2020,470329,ROYAL GOLDEN EAGLE,APRIL,UNKNOWN,RIAU,1004,340476,ROYAL GOLDEN EAGLE,APRIL INTERNATIONAL ENTEPRISE PTE LTD,SINGAPORE,SINGAPORE,UNITED ARAB EMIRATES
2020,470200,ROYAL GOLDEN EAGLE,APRIL,BUATAN,RIAU,508,248985,ROYAL GOLDEN EAGLE,APRIL FAR EAST MALAYSIA SDN BHD,MALAYSIA,SINGAPORE,CHINA (MAINLAND)
2020,470200,ROYAL GOLDEN EAGLE,APRIL,BUATAN,RIAU,507,248657,ROYAL GOLDEN EAGLE,APRIL FAR EAST MALAYSIA SDN BHD,MALAYSIA,SINGAPORE,CHINA (MAINLAND)
2020,470200,ROYAL GOLDEN EAGLE,APRIL,BUATAN,RIAU,507,248622,ROYAL GOLDEN EAGLE,APRIL FAR EAST MALAYSIA SDN BHD,MALAYSIA,SINGAPORE,CHINA (MAINLAND)
2020,470329,SINAR MAS,OKI,SULTAN MAHMUD BADARUDDIN (U),SUMATERA SELATAN,288,140211,UNKNOWN AFFILIATION,XIANHE CO LTD,CHINA (MAINLAND),SINGAPORE,CHINA (MAINLAND)
2020,470200,ROYAL GOLDEN EAGLE,APRIL,BUATAN,RIAU,506,247991,ROYAL GOLDEN EAGLE,APRIL FAR EAST MALAYSIA SDN BHD,MALAYSIA,PORT KELANG,CHINA (MAINLAND)
2020,470200,ROYAL GOLDEN EAGLE,APRIL,BUATAN,RIAU,507,248476,ROYAL GOLDEN EAGLE,APRIL FAR EAST MALAYSIA SDN BHD,MALAYSIA,PORT KELANG,CHINA (MAINLAND)
2020,470200,ROYAL GOLDEN EAGLE,APRIL,BUATAN,RIAU,507,248592,ROYAL GOLDEN EAGLE,APRIL FAR EAST MALAYSIA SDN BHD,MALAYSIA,PORT KELANG,CHINA (MAINLAND)
2020,470200,ROYAL GOLDEN EAGLE,APRIL,BUATAN,RIAU,507,248392,ROYAL GOLDEN EAGLE,APRIL FAR EAST MALAYSIA SDN BHD,MALAYSIA,SINGAPORE,CHINA (MAINLAND)
2020,470200,ROYAL GOLDEN EAGLE,APRIL,BUATAN,RIAU,508,248886,ROYAL GOLDEN EAGLE,APRIL FAR EAST MALAYSIA SDN BHD,MALAYSIA,SINGAPORE,CHINA (MAINLAND)
2020,470329,SINAR MAS,OKI,SULTAN MAHMUD BADARUDDIN (U),SUMATERA SELATAN,3800,1843950,SINAR MAS,KING PAPER SOURCE TRADING (SHANGHAI) CO LTD,CHINA (MAINLAND),CHANGSHU,CHINA (MAINLAND)
2020,470329,SINAR MAS,OKI,SULTAN MAHMUD BADARUDDIN (U),SUMATERA SELATAN,1500,727875,SINAR MAS,KING PAPER SOURCE TRADING (SHANGHAI) CO LTD,CHINA (MAINLAND),CHANGSHU,CHINA (MAINLAND)
2020,470329,SINAR MAS,OKI,SULTAN MAHMUD BADARUDDIN (U),SUMATERA SELATAN,1000,485250,SINAR MAS,KING PAPER SOURCE TRADING (SHANGHAI) CO LTD,CHINA (MAINLAND),CHANGSHU,CHINA (MAINLAND)
2020,470329,SINAR MAS,OKI,SULTAN MAHMUD BADARUDDIN (U),SUMATERA SELATAN,4000,1941000,SINAR MAS,KING PAPER SOURCE TRADING (SHANGHAI) CO LTD,CHINA (MAINLAND),CHANGSHU,CHINA (MAINLAND)
2020,470329,SINAR MAS,OKI,SULTAN MAHMUD BADARUDDIN (U),SUMATERA SELATAN,200,97050,SINAR MAS,KING PAPER SOURCE TRADING (SHANGHAI) CO LTD,CHINA (MAINLAND),CHANGSHU,CHINA (MAINLAND)
2020,470329,SINAR MAS,OKI,SULTAN MAHMUD BADARUDDIN (U),SUMATERA SELATAN,10000,4850000,SINAR MAS,KING PAPER SOURCE TRADING (SHANGHAI) CO LTD,CHINA (MAINLAND),ZHENJIANG,CHINA (MAINLAND)
2020,470200,ROYAL GOLDEN EAGLE,APRIL,UNKNOWN,RIAU,508,248841,ROYAL GOLDEN EAGLE,APRIL FAR EAST MALAYSIA SDN BHD,MALAYSIA,PORT KELANG,CHINA (MAINLAND)
2020,470200,ROYAL GOLDEN EAGLE,APRIL,UNKNOWN,RIAU,508,248763,ROYAL GOLDEN EAGLE,APRIL FAR EAST MALAYSIA SDN BHD,MALAYSIA,PORT KELANG,CHINA (MAINLAND)
2020,470200,ROYAL GOLDEN EAGLE,APRIL,UNKNOWN,RIAU,507,248651,ROYAL GOLDEN EAGLE,APRIL FAR EAST MALAYSIA SDN BHD,MALAYSIA,PORT KELANG,CHINA (MAINLAND)
2020,470200,ROYAL GOLDEN EAGLE,APRIL,UNKNOWN,RIAU,507,248561,ROYAL GOLDEN EAGLE,APRIL FAR EAST MALAYSIA SDN BHD,MALAYSIA,PORT KELANG,CHINA (MAINLAND)
2020,470200,ROYAL GOLDEN EAGLE,APRIL,UNKNOWN,RIAU,506,248061,ROYAL GOLDEN EAGLE,APRIL FAR EAST MALAYSIA SDN BHD,MALAYSIA,PORT KELANG,CHINA (MAINLAND)
2020,470200,ROYAL GOLDEN EAGLE,APRIL,BUATAN,RIAU,507,248332,ROYAL GOLDEN EAGLE,APRIL FAR EAST MALAYSIA SDN BHD,MALAYSIA,PORT KELANG,CHINA (MAINLAND)
2020,470200,ROYAL GOLDEN EAGLE,APRIL,BUATAN,RIAU,507,248359,ROYAL GOLDEN EAGLE,APRIL FAR EAST MALAYSIA SDN BHD,MALAYSIA,SINGAPORE,CHINA (MAINLAND)
2020,470200,ROYAL GOLDEN EAGLE,APRIL,BUATAN,RIAU,507,248214,ROYAL GOLDEN EAGLE,APRIL FAR EAST MALAYSIA SDN BHD,MALAYSIA,SINGAPORE,CHINA (MAINLAND)
2020,470200,ROYAL GOLDEN EAGLE,APRIL,BUATAN,RIAU,508,248754,ROYAL GOLDEN EAGLE,APRIL FAR EAST MALAYSIA SDN BHD,MALAYSIA,SINGAPORE,CHINA (MAINLAND)
2020,470329,ROYAL GOLDEN EAGLE,APRIL,BUATAN,RIAU,199,67450,ROYAL GOLDEN EAGLE,APRIL INTERNATIONAL ENTEPRISE PTE LTD,SINGAPORE,SINGAPORE,UNITED ARAB EMIRATES
2020,470329,SINAR MAS,OKI,SULTAN MAHMUD BADARUDDIN (U),SUMATERA SELATAN,1250,599030,UNKNOWN AFFILIATION,GUANGDONG ABT DIGITAL PAPER CO LTD,CHINA (MAINLAND),GAOLAN,CHINA (MAINLAND)
2020,470329,SINAR MAS,OKI,SULTAN MAHMUD BADARUDDIN (U),SUMATERA SELATAN,1000,479224,SINAR MAS,KING PAPER SOURCE TRADING (SHANGHAI) CO LTD,CHINA (MAINLAND),GAOLAN,CHINA (MAINLAND)
2020,470329,SINAR MAS,OKI,SULTAN MAHMUD BADARUDDIN (U),SUMATERA SELATAN,5250,2538375,SINAR MAS,KING PAPER SOURCE TRADING (SHANGHAI) CO LTD,CHINA (MAINLAND),NINGBO,CHINA (MAINLAND)
2020,470329,MARUBENI,TANJUNG ENIM LESTARI,TANJUNG PRIOK,SUMATERA SELATAN,1129,505790,MARUBENI,MARUBENI CORP,JAPAN,SHIMIZU,JAPAN
2020,470200,ROYAL GOLDEN EAGLE,APRIL,UNKNOWN,RIAU,507,248273,ROYAL GOLDEN EAGLE,APRIL FAR EAST MALAYSIA SDN BHD,MALAYSIA,PORT KELANG,CHINA (MAINLAND)
2020,470329,ROYAL GOLDEN EAGLE,APRIL,UNKNOWN,RIAU,503,170352,ROYAL GOLDEN EAGLE,APRIL INTERNATIONAL ENTEPRISE PTE LTD,SINGAPORE,SINGAPORE,CHINA (MAINLAND)
2020,470329,ROYAL GOLDEN EAGLE,APRIL,UNKNOWN,RIAU,502,170254,ROYAL GOLDEN EAGLE,APRIL INTERNATIONAL ENTEPRISE PTE LTD,SINGAPORE,SINGAPORE,CHINA (MAINLAND)
2020,470329,ROYAL GOLDEN EAGLE,APRIL,UNKNOWN,RIAU,1005,340575,ROYAL GOLDEN EAGLE,APRIL INTERNATIONAL ENTEPRISE PTE LTD,SINGAPORE,SINGAPORE,CHINA (MAINLAND)
2020,470329,ROYAL GOLDEN EAGLE,APRIL,UNKNOWN,RIAU,502,170165,ROYAL GOLDEN EAGLE,APRIL INTERNATIONAL ENTEPRISE PTE LTD,SINGAPORE,SINGAPORE,SAUDI ARABIA
2020,470329,ROYAL GOLDEN EAGLE,APRIL,UNKNOWN,RIAU,302,102287,ROYAL GOLDEN EAGLE,APRIL INTERNATIONAL ENTEPRISE PTE LTD,SINGAPORE,SINGAPORE,THAILAND
2020,470329,ROYAL GOLDEN EAGLE,APRIL,UNKNOWN,RIAU,199,67418,ROYAL GOLDEN EAGLE,APRIL INTERNATIONAL ENTEPRISE PTE LTD,SINGAPORE,SINGAPORE,UNITED ARAB EMIRATES
2020,470200,ROYAL GOLDEN EAGLE,APRIL,BUATAN,RIAU,507,248309,ROYAL GOLDEN EAGLE,APRIL FAR EAST MALAYSIA SDN BHD,MALAYSIA,SINGAPORE,CHINA (MAINLAND)
2020,470329,SINAR MAS,LONTAR PAPYRUS,KUALA TUNGKAL,JAMBI,1004,494332,UNKNOWN AFFILIATION,CHIN TA PAPER CORP,CHINA (MAINLAND),ZHANJIANG,CHINA (MAINLAND)
2020,470329,SINAR MAS,LONTAR PAPYRUS,KUALA TUNGKAL,JAMBI,201,91496,RENGO,VINA KRAFT PAPER CO LTD,VIETNAM,CAT LAI,VIETNAM
2020,470329,MARUBENI,TANJUNG ENIM LESTARI,PANJANG,SUMATERA SELATAN,747,303592,MARUBENI,MARUBENI CORP,JAPAN,QINGDAO,CHINA (MAINLAND)
2020,470329,SINAR MAS,INDAH KIAT,PERAWANG,RIAU,520,252655,SINAR MAS,TAMIL NADU NEWSPRINT AND PAPERS LTD,INDIA,TUTICORIN,INDIA
2020,470329,SINAR MAS,OKI,SULTAN MAHMUD BADARUDDIN (U),SUMATERA SELATAN,10000,4852500,SINAR MAS,KING PAPER SOURCE TRADING (SHANGHAI) CO LTD,CHINA (MAINLAND),FANGCHENG,CHINA (MAINLAND)
2020,470329,MARUBENI,TANJUNG ENIM LESTARI,TANJUNG PRIOK,SUMATERA SELATAN,850,347218,MARUBENI,MARUBENI CORP,JAPAN,WUHAN,CHINA (MAINLAND)
2020,470200,ROYAL GOLDEN EAGLE,APRIL,UNKNOWN,RIAU,507,248365,ROYAL GOLDEN EAGLE,APRIL FAR EAST MALAYSIA SDN BHD,MALAYSIA,PORT KELANG,CHINA (MAINLAND)
2020,470200,ROYAL GOLDEN EAGLE,APRIL,UNKNOWN,RIAU,507,248447,ROYAL GOLDEN EAGLE,APRIL FAR EAST MALAYSIA SDN BHD,MALAYSIA,PORT KELANG,CHINA (MAINLAND)
2020,470329,ROYAL GOLDEN EAGLE,APRIL,UNKNOWN,RIAU,1005,340741,ROYAL GOLDEN EAGLE,APRIL INTERNATIONAL ENTEPRISE PTE LTD,SINGAPORE,SINGAPORE,CHINA (MAINLAND)
2020,470200,ROYAL GOLDEN EAGLE,APRIL,BUATAN,RIAU,507,248265,ROYAL GOLDEN EAGLE,APRIL FAR EAST MALAYSIA SDN BHD,MALAYSIA,SINGAPORE,CHINA (MAINLAND)
2020,470329,ROYAL GOLDEN EAGLE,APRIL,BUATAN,RIAU,502,170120,ROYAL GOLDEN EAGLE,APRIL INTERNATIONAL ENTEPRISE PTE LTD,SINGAPORE,SINGAPORE,CHINA (MAINLAND)
2020,470329,MARUBENI,TANJUNG ENIM LESTARI,PANJANG,SUMATERA SELATAN,533,226185,MARUBENI,MARUBENI CORP,JAPAN,MELBOURNE,AUSTRALIA
2020,470329,SINAR MAS,INDAH KIAT,PERAWANG,RIAU,520,252655,SINAR MAS,TAMIL NADU NEWSPRINT AND PAPERS LTD,INDIA,TUTICORIN,INDIA
2020,470329,SINAR MAS,INDAH KIAT,SUNGAI PAKNING,RIAU,9600,4644000,SINAR MAS,KING PAPER SOURCE TRADING (SHANGHAI) CO LTD,CHINA (MAINLAND),NINGBO,CHINA (MAINLAND)
2020,470200,ROYAL GOLDEN EAGLE,APRIL,UNKNOWN,RIAU,507,248336,ROYAL GOLDEN EAGLE,APRIL FAR EAST MALAYSIA SDN BHD,MALAYSIA,PORT KELANG,CHINA (MAINLAND)
2020,470200,ROYAL GOLDEN EAGLE,APRIL,UNKNOWN,RIAU,304,149039,ROYAL GOLDEN EAGLE,APRIL FAR EAST MALAYSIA SDN BHD,MALAYSIA,PORT KELANG,CHINA (MAINLAND)
2020,470200,ROYAL GOLDEN EAGLE,APRIL,UNKNOWN,RIAU,203,99337,ROYAL GOLDEN EAGLE,APRIL FAR EAST MALAYSIA SDN BHD,MALAYSIA,PORT KELANG,CHINA (MAINLAND)
2020,470329,ROYAL GOLDEN EAGLE,APRIL,BUATAN,RIAU,503,170417,ROYAL GOLDEN EAGLE,APRIL INTERNATIONAL ENTEPRISE PTE LTD,SINGAPORE,SINGAPORE,BANGLADESH
2020,470200,ROYAL GOLDEN EAGLE,APRIL,BUATAN,RIAU,507,248262,ROYAL GOLDEN EAGLE,APRIL FAR EAST MALAYSIA SDN BHD,MALAYSIA,SINGAPORE,CHINA (MAINLAND)
2020,470200,ROYAL GOLDEN EAGLE,APRIL,BUATAN,RIAU,304,148993,ROYAL GOLDEN EAGLE,APRIL FAR EAST MALAYSIA SDN BHD,MALAYSIA,SINGAPORE,CHINA (MAINLAND)
2020,470200,ROYAL GOLDEN EAGLE,APRIL,BUATAN,RIAU,203,99389,ROYAL GOLDEN EAGLE,APRIL FAR EAST MALAYSIA SDN BHD,MALAYSIA,SINGAPORE,CHINA (MAINLAND)
2020,470329,SINAR MAS,LONTAR PAPYRUS,KUALA TUNGKAL,JAMBI,743,353216,UNKNOWN AFFILIATION,STAR PAPER MILL PAPER,UNITED ARAB EMIRATES,ABU DHABI,UNITED ARAB EMIRATES
2020,470329,MARUBENI,TANJUNG ENIM LESTARI,PANJANG,SUMATERA SELATAN,1001,413606,MARUBENI,MARUBENI CORP,JAPAN,QINGDAO,CHINA (MAINLAND)
2020,470329,MARUBENI,TANJUNG ENIM LESTARI,PANJANG,SUMATERA SELATAN,318,140202,MARUBENI,MARUBENI CORP,JAPAN,PENANG (GEORGETOWN),MALAYSIA
2020,470329,SINAR MAS,OKI,SULTAN MAHMUD BADARUDDIN (U),SUMATERA SELATAN,2500,1216250,SINAR MAS,KING PAPER SOURCE TRADING (SHANGHAI) CO LTD,CHINA (MAINLAND),NINGBO,CHINA (MAINLAND)
2020,470329,SINAR MAS,OKI,SULTAN MAHMUD BADARUDDIN (U),SUMATERA SELATAN,8000,3892000,SINAR MAS,KING PAPER SOURCE TRADING (SHANGHAI) CO LTD,CHINA (MAINLAND),NINGBO,CHINA (MAINLAND)
2020,470329,SINAR MAS,OKI,SULTAN MAHMUD BADARUDDIN (U),SUMATERA SELATAN,4000,1946000,SINAR MAS,KING PAPER SOURCE TRADING (SHANGHAI) CO LTD,CHINA (MAINLAND),NINGBO,CHINA (MAINLAND)
2020,470329,SINAR MAS,OKI,SULTAN MAHMUD BADARUDDIN (U),SUMATERA SELATAN,500,243250,SINAR MAS,KING PAPER SOURCE TRADING (SHANGHAI) CO LTD,CHINA (MAINLAND),NINGBO,CHINA (MAINLAND)
2020,470329,SINAR MAS,OKI,SULTAN MAHMUD BADARUDDIN (U),SUMATERA SELATAN,672,324331,UNKNOWN AFFILIATION,XIANHE CO LTD,CHINA (MAINLAND),SINGAPORE,CHINA (MAINLAND)
2020,470200,ROYAL GOLDEN EAGLE,APRIL,UNKNOWN,RIAU,507,248473,ROYAL GOLDEN EAGLE,APRIL FAR EAST MALAYSIA SDN BHD,MALAYSIA,TANJUNG PELEPAS,CHINA (MAINLAND)
2020,470200,ROYAL GOLDEN EAGLE,APRIL,UNKNOWN,RIAU,507,248337,ROYAL GOLDEN EAGLE,APRIL FAR EAST MALAYSIA SDN BHD,MALAYSIA,TANJUNG PELEPAS,CHINA (MAINLAND)
2020,470200,ROYAL GOLDEN EAGLE,APRIL,UNKNOWN,RIAU,507,248240,ROYAL GOLDEN EAGLE,APRIL FAR EAST MALAYSIA SDN BHD,MALAYSIA,TANJUNG PELEPAS,CHINA (MAINLAND)
2020,470200,ROYAL GOLDEN EAGLE,APRIL,UNKNOWN,RIAU,506,248155,ROYAL GOLDEN EAGLE,APRIL FAR EAST MALAYSIA SDN BHD,MALAYSIA,TANJUNG PELEPAS,CHINA (MAINLAND)
2020,470200,ROYAL GOLDEN EAGLE,APRIL,BUATAN,RIAU,507,248362,ROYAL GOLDEN EAGLE,APRIL FAR EAST MALAYSIA SDN BHD,MALAYSIA,SINGAPORE,CHINA (MAINLAND)
2020,470200,ROYAL GOLDEN EAGLE,APRIL,BUATAN,RIAU,507,248267,ROYAL GOLDEN EAGLE,APRIL FAR EAST MALAYSIA SDN BHD,MALAYSIA,SINGAPORE,CHINA (MAINLAND)
2020,470200,ROYAL GOLDEN EAGLE,APRIL,BUATAN,RIAU,506,248155,ROYAL GOLDEN EAGLE,APRIL FAR EAST MALAYSIA SDN BHD,MALAYSIA,SINGAPORE,CHINA (MAINLAND)
2020,470200,ROYAL GOLDEN EAGLE,APRIL,BUATAN,RIAU,506,248097,ROYAL GOLDEN EAGLE,APRIL FAR EAST MALAYSIA SDN BHD,MALAYSIA,SINGAPORE,CHINA (MAINLAND)
2020,470329,ROYAL GOLDEN EAGLE,APRIL,BUATAN,RIAU,105,35481,ROYAL GOLDEN EAGLE,APRIL INTERNATIONAL ENTEPRISE PTE LTD,SINGAPORE,SINGAPORE,TAIWAN
2020,470329,SINAR MAS,INDAH KIAT,PERAWANG,RIAU,500,246225,XIANMEN C&D,HONG KONG PAPER SOURCES CO LTD,CHINA (HONG KONG),CHONGQING,CHINA (MAINLAND)
2020,470329,SINAR MAS,INDAH KIAT,PERAWANG,RIAU,500,239156,UNKNOWN AFFILIATION,HUY ANH PRINTING ADVERTISING PACKAGE CO LTD,VIETNAM,HAIPHONG,VIETNAM
2020,470329,SINAR MAS,OKI,SULTAN MAHMUD BADARUDDIN (U),SUMATERA SELATAN,672,324331,UNKNOWN AFFILIATION,XIANHE CO LTD,CHINA (MAINLAND),SINGAPORE,CHINA (MAINLAND)
2020,470329,SINAR MAS,OKI,SULTAN MAHMUD BADARUDDIN (U),SUMATERA SELATAN,3200,1535116,UNKNOWN AFFILIATION,GREAT CHAMP (L) BHD,MALAYSIA,QINGDAO,CHINA (MAINLAND)
2020,470329,SINAR MAS,OKI,SULTAN MAHMUD BADARUDDIN (U),SUMATERA SELATAN,5000,2415000,HANSOL,HANSOL PAPER CO LTD,SOUTH KOREA,GUNSAN,SOUTH KOREA
2020,470329,SINAR MAS,OKI,SULTAN MAHMUD BADARUDDIN (U),SUMATERA SELATAN,1500,724500,UNKNOWN AFFILIATION,MSS PULP CO LTD,SOUTH KOREA,GUNSAN,SOUTH KOREA
2020,470329,SINAR MAS,OKI,SULTAN MAHMUD BADARUDDIN (U),SUMATERA SELATAN,100,48300,UNKNOWN AFFILIATION,YOUNG JIN INC LTD,SOUTH KOREA,GUNSAN,SOUTH KOREA
2020,470200,ROYAL GOLDEN EAGLE,APRIL,BUATAN,RIAU,507,248345,UNKNOWN,UNKNOWN,UNKNOWN COUNTRY,SINGAPORE,CHINA (MAINLAND)
2020,470200,ROYAL GOLDEN EAGLE,APRIL,BUATAN,RIAU,507,248228,UNKNOWN,UNKNOWN,UNKNOWN COUNTRY,SINGAPORE,CHINA (MAINLAND)
2020,470200,ROYAL GOLDEN EAGLE,APRIL,BUATAN,RIAU,507,248337,UNKNOWN,UNKNOWN,UNKNOWN COUNTRY,SINGAPORE,CHINA (MAINLAND)
2020,470329,SINAR MAS,OKI,SULTAN MAHMUD BADARUDDIN (U),SUMATERA SELATAN,672,324331,UNKNOWN,UNKNOWN,UNKNOWN COUNTRY,SINGAPORE,CHINA (MAINLAND)
2020,470329,MARUBENI,TANJUNG ENIM LESTARI,TANJUNG PRIOK,SUMATERA SELATAN,1043,434680,UNKNOWN,UNKNOWN,UNKNOWN COUNTRY,XINHUI,CHINA (MAINLAND)
2020,470200,ROYAL GOLDEN EAGLE,APRIL,UNKNOWN,RIAU,507,248543,UNKNOWN,UNKNOWN,UNKNOWN COUNTRY,PORT KELANG,CHINA (MAINLAND)
2020,470200,ROYAL GOLDEN EAGLE,APRIL,UNKNOWN,RIAU,507,248582,UNKNOWN,UNKNOWN,UNKNOWN COUNTRY,PORT KELANG,CHINA (MAINLAND)
2020,470200,ROYAL GOLDEN EAGLE,APRIL,UNKNOWN,RIAU,507,248231,UNKNOWN,UNKNOWN,UNKNOWN COUNTRY,PORT KELANG,CHINA (MAINLAND)
2020,470200,ROYAL GOLDEN EAGLE,APRIL,UNKNOWN,RIAU,507,248433,UNKNOWN,UNKNOWN,UNKNOWN COUNTRY,PORT KELANG,CHINA (MAINLAND)
2020,470200,ROYAL GOLDEN EAGLE,APRIL,BUATAN,RIAU,507,248350,UNKNOWN,UNKNOWN,UNKNOWN COUNTRY,SINGAPORE,CHINA (MAINLAND)
2020,470200,ROYAL GOLDEN EAGLE,APRIL,BUATAN,RIAU,507,248372,UNKNOWN,UNKNOWN,UNKNOWN COUNTRY,SINGAPORE,CHINA (MAINLAND)
2020,470329,ROYAL GOLDEN EAGLE,APRIL,BUATAN,RIAU,301,102176,UNKNOWN,UNKNOWN,UNKNOWN COUNTRY,SINGAPORE,PAKISTAN
2020,470329,ROYAL GOLDEN EAGLE,APRIL,BUATAN,RIAU,476,161494,UNKNOWN,UNKNOWN,UNKNOWN COUNTRY,SINGAPORE,UNITED ARAB EMIRATES
2020,470329,SINAR MAS,OKI,SULTAN MAHMUD BADARUDDIN (U),SUMATERA SELATAN,700,339850,UNKNOWN,UNKNOWN,UNKNOWN COUNTRY,NINGBO,CHINA (MAINLAND)
2020,470329,SINAR MAS,OKI,SULTAN MAHMUD BADARUDDIN (U),SUMATERA SELATAN,10000,4855000,UNKNOWN,UNKNOWN,UNKNOWN COUNTRY,NINGBO,CHINA (MAINLAND)
2020,470329,SINAR MAS,OKI,SULTAN MAHMUD BADARUDDIN (U),SUMATERA SELATAN,3000,1456500,UNKNOWN,UNKNOWN,UNKNOWN COUNTRY,NINGBO,CHINA (MAINLAND)
2020,470200,ROYAL GOLDEN EAGLE,APRIL,UNKNOWN,RIAU,507,248448,UNKNOWN,UNKNOWN,UNKNOWN COUNTRY,PORT KELANG,CHINA (MAINLAND)
2020,470200,ROYAL GOLDEN EAGLE,APRIL,BUATAN,RIAU,507,248437,UNKNOWN,UNKNOWN,UNKNOWN COUNTRY,SINGAPORE,CHINA (MAINLAND)
2020,470200,ROYAL GOLDEN EAGLE,APRIL,BUATAN,RIAU,507,248260,UNKNOWN,UNKNOWN,UNKNOWN COUNTRY,SINGAPORE,CHINA (MAINLAND)
2020,470200,ROYAL GOLDEN EAGLE,APRIL,BUATAN,RIAU,507,248282,UNKNOWN,UNKNOWN,UNKNOWN COUNTRY,SINGAPORE,CHINA (MAINLAND)
2020,470200,ROYAL GOLDEN EAGLE,APRIL,BUATAN,RIAU,507,248382,UNKNOWN,UNKNOWN,UNKNOWN COUNTRY,SINGAPORE,CHINA (MAINLAND)
2020,470329,ROYAL GOLDEN EAGLE,APRIL,BUATAN,RIAU,1004,340274,UNKNOWN,UNKNOWN,UNKNOWN COUNTRY,SINGAPORE,CHINA (MAINLAND)
2020,470329,SINAR MAS,INDAH KIAT,SUNGAI PAKNING,RIAU,2800,1349600,UNKNOWN,UNKNOWN,UNKNOWN COUNTRY,CHANGSHU,CHINA (MAINLAND)
2020,470329,SINAR MAS,INDAH KIAT,SUNGAI PAKNING,RIAU,6000,2892000,UNKNOWN,UNKNOWN,UNKNOWN COUNTRY,CHANGSHU,CHINA (MAINLAND)
2020,470329,ROYAL GOLDEN EAGLE,APRIL,UNKNOWN,RIAU,8834,2924138,UNKNOWN,UNKNOWN,UNKNOWN COUNTRY,CHANGSHU,CHINA (MAINLAND)
2020,470200,ROYAL GOLDEN EAGLE,APRIL,UNKNOWN,RIAU,507,248317,UNKNOWN,UNKNOWN,UNKNOWN COUNTRY,PORT KELANG,CHINA (MAINLAND)
2020,470200,ROYAL GOLDEN EAGLE,APRIL,UNKNOWN,RIAU,506,248080,UNKNOWN,UNKNOWN,UNKNOWN COUNTRY,PORT KELANG,CHINA (MAINLAND)
2020,470200,ROYAL GOLDEN EAGLE,APRIL,BUATAN,RIAU,507,248211,UNKNOWN,UNKNOWN,UNKNOWN COUNTRY,SINGAPORE,CHINA (MAINLAND)
2020,470329,ROYAL GOLDEN EAGLE,APRIL,BUATAN,RIAU,1004,340337,UNKNOWN,UNKNOWN,UNKNOWN COUNTRY,SINGAPORE,CHINA (MAINLAND)
2020,470329,ROYAL GOLDEN EAGLE,APRIL,BUATAN,RIAU,302,102228,UNKNOWN,UNKNOWN,UNKNOWN COUNTRY,SINGAPORE,THAILAND
2020,470329,ROYAL GOLDEN EAGLE,APRIL,BUATAN,RIAU,502,170302,UNKNOWN,UNKNOWN,UNKNOWN COUNTRY,SINGAPORE,SAUDI ARABIA
2020,470329,SINAR MAS,LONTAR PAPYRUS,KUALA TUNGKAL,JAMBI,1005,494587,UNKNOWN,UNKNOWN,UNKNOWN COUNTRY,ZHANJIANG,CHINA (MAINLAND)
2020,470329,SINAR MAS,LONTAR PAPYRUS,KUALA TUNGKAL,JAMBI,341,164205,UNKNOWN,UNKNOWN,UNKNOWN COUNTRY,HAIPHONG,VIETNAM
2020,470329,MARUBENI,TANJUNG ENIM LESTARI,PANJANG,SUMATERA SELATAN,107,44985,UNKNOWN,UNKNOWN,UNKNOWN COUNTRY,MUNDRA,INDIA
2020,470329,MARUBENI,TANJUNG ENIM LESTARI,PANJANG,SUMATERA SELATAN,149,63701,UNKNOWN,UNKNOWN,UNKNOWN COUNTRY,MUNDRA,INDIA
2020,470329,SINAR MAS,INDAH KIAT,PERAWANG,RIAU,560,275051,UNKNOWN,UNKNOWN,UNKNOWN COUNTRY,SHANGHAI,CHINA (MAINLAND)
2020,470329,SINAR MAS,INDAH KIAT,PERAWANG,RIAU,240,116892,UNKNOWN,UNKNOWN,UNKNOWN COUNTRY,SHANGHAI,CHINA (MAINLAND)
2020,470329,SINAR MAS,INDAH KIAT,PERAWANG,RIAU,1000,476700,UNKNOWN,UNKNOWN,UNKNOWN COUNTRY,ABU DHABI,UNITED ARAB EMIRATES
2020,470329,SINAR MAS,OKI,SULTAN MAHMUD BADARUDDIN (U),SUMATERA SELATAN,3800,1824851,UNKNOWN,UNKNOWN,UNKNOWN COUNTRY,QINGDAO,CHINA (MAINLAND)
2020,470329,SINAR MAS,OKI,SULTAN MAHMUD BADARUDDIN (U),SUMATERA SELATAN,1000,480224,UNKNOWN,UNKNOWN,UNKNOWN COUNTRY,QINGDAO,CHINA (MAINLAND)
2020,470329,SINAR MAS,OKI,SULTAN MAHMUD BADARUDDIN (U),SUMATERA SELATAN,4100,1986450,UNKNOWN,UNKNOWN,UNKNOWN COUNTRY,ZHENJIANG,CHINA (MAINLAND)
2020,470329,SINAR MAS,OKI,SULTAN MAHMUD BADARUDDIN (U),SUMATERA SELATAN,6100,2955450,UNKNOWN,UNKNOWN,UNKNOWN COUNTRY,ZHENJIANG,CHINA (MAINLAND)
2020,470200,ROYAL GOLDEN EAGLE,APRIL,UNKNOWN,RIAU,506,247953,UNKNOWN,UNKNOWN,UNKNOWN COUNTRY,PORT KELANG,CHINA (MAINLAND)
2020,470200,ROYAL GOLDEN EAGLE,APRIL,BUATAN,RIAU,507,248291,UNKNOWN,UNKNOWN,UNKNOWN COUNTRY,SINGAPORE,CHINA (MAINLAND)
2020,470329,MARUBENI,TANJUNG ENIM LESTARI,PANJANG,SUMATERA SELATAN,532,227631,UNKNOWN,UNKNOWN,UNKNOWN COUNTRY,MELBOURNE,AUSTRALIA
2020,470200,ROYAL GOLDEN EAGLE,APRIL,UNKNOWN,RIAU,507,248186,UNKNOWN,UNKNOWN,UNKNOWN COUNTRY,PORT KELANG,CHINA (MAINLAND)
2020,470200,ROYAL GOLDEN EAGLE,APRIL,UNKNOWN,RIAU,505,247628,UNKNOWN,UNKNOWN,UNKNOWN COUNTRY,PORT KELANG,CHINA (MAINLAND)
2020,470329,ROYAL GOLDEN EAGLE,APRIL,BUATAN,RIAU,1005,340630,UNKNOWN,UNKNOWN,UNKNOWN COUNTRY,SINGAPORE,CHINA (MAINLAND)
2020,470200,ROYAL GOLDEN EAGLE,APRIL,UNKNOWN,RIAU,506,248151,UNKNOWN,UNKNOWN,UNKNOWN COUNTRY,PORT KELANG,CHINA (MAINLAND)
2020,470200,ROYAL GOLDEN EAGLE,APRIL,UNKNOWN,RIAU,507,248423,UNKNOWN,UNKNOWN,UNKNOWN COUNTRY,PORT KELANG,CHINA (MAINLAND)
2020,470200,ROYAL GOLDEN EAGLE,APRIL,UNKNOWN,RIAU,507,248343,UNKNOWN,UNKNOWN,UNKNOWN COUNTRY,PORT KELANG,CHINA (MAINLAND)
2020,470200,ROYAL GOLDEN EAGLE,APRIL,BUATAN,RIAU,507,248235,UNKNOWN,UNKNOWN,UNKNOWN COUNTRY,PORT KELANG,CHINA (MAINLAND)
2020,470200,ROYAL GOLDEN EAGLE,APRIL,BUATAN,RIAU,506,247797,UNKNOWN,UNKNOWN,UNKNOWN COUNTRY,PORT KELANG,CHINA (MAINLAND)
2020,470200,ROYAL GOLDEN EAGLE,APRIL,BUATAN,RIAU,503,246457,UNKNOWN,UNKNOWN,UNKNOWN COUNTRY,PORT KELANG,CHINA (MAINLAND)
2020,470200,ROYAL GOLDEN EAGLE,APRIL,BUATAN,RIAU,506,248169,UNKNOWN,UNKNOWN,UNKNOWN COUNTRY,PORT KELANG,CHINA (MAINLAND)
2020,470200,ROYAL GOLDEN EAGLE,APRIL,BUATAN,RIAU,506,247937,UNKNOWN,UNKNOWN,UNKNOWN COUNTRY,SINGAPORE,CHINA (MAINLAND)
2020,470329,SINAR MAS,LONTAR PAPYRUS,KUALA TUNGKAL,JAMBI,1003,477136,UNKNOWN,UNKNOWN,UNKNOWN COUNTRY,MELBOURNE,AUSTRALIA
2020,470329,SINAR MAS,OKI,SULTAN MAHMUD BADARUDDIN (U),SUMATERA SELATAN,2000,963448,UNKNOWN,UNKNOWN,UNKNOWN COUNTRY,SHANGHAI,CHINA (MAINLAND)
2020,470329,SINAR MAS,OKI,SULTAN MAHMUD BADARUDDIN (U),SUMATERA SELATAN,6000,2910000,UNKNOWN,UNKNOWN,UNKNOWN COUNTRY,SHANGHAI,CHINA (MAINLAND)
2020,470329,SINAR MAS,OKI,SULTAN MAHMUD BADARUDDIN (U),SUMATERA SELATAN,2000,960000,UNKNOWN,UNKNOWN,UNKNOWN COUNTRY,SHANGHAI,CHINA (MAINLAND)
2020,470329,MARUBENI,TANJUNG ENIM LESTARI,TANJUNG PRIOK,SUMATERA SELATAN,323,136708,UNKNOWN,UNKNOWN,UNKNOWN COUNTRY,NINGBO,CHINA (MAINLAND)
2020,470329,MARUBENI,TANJUNG ENIM LESTARI,TANJUNG PRIOK,SUMATERA SELATAN,537,222095,UNKNOWN,UNKNOWN,UNKNOWN COUNTRY,YINGKOU,CHINA (MAINLAND)
2020,470329,MARUBENI,TANJUNG ENIM LESTARI,TANJUNG PRIOK,SUMATERA SELATAN,533,220567,UNKNOWN,UNKNOWN,UNKNOWN COUNTRY,YINGKOU,CHINA (MAINLAND)
2020,470329,MARUBENI,TANJUNG ENIM LESTARI,TANJUNG PRIOK,SUMATERA SELATAN,98,44023,UNKNOWN,UNKNOWN,UNKNOWN COUNTRY,SHIMIZU,JAPAN
2020,470200,ROYAL GOLDEN EAGLE,APRIL,BUATAN,RIAU,505,247587,UNKNOWN,UNKNOWN,UNKNOWN COUNTRY,SINGAPORE,CHINA (MAINLAND)
2020,470200,ROYAL GOLDEN EAGLE,APRIL,BUATAN,RIAU,505,247670,UNKNOWN,UNKNOWN,UNKNOWN COUNTRY,SINGAPORE,CHINA (MAINLAND)
2020,470329,SINAR MAS,INDAH KIAT,PERAWANG,RIAU,480,226132,UNKNOWN,UNKNOWN,UNKNOWN COUNTRY,JEBEL ALI,UNITED ARAB EMIRATES
2020,470329,SINAR MAS,INDAH KIAT,PERAWANG,RIAU,480,226132,UNKNOWN,UNKNOWN,UNKNOWN COUNTRY,JEBEL ALI,UNITED ARAB EMIRATES
2020,470329,SINAR MAS,INDAH KIAT,SUNGAI PAKNING,RIAU,2800,1375836,UNKNOWN,UNKNOWN,UNKNOWN COUNTRY,HALDIA,INDIA
2020,470329,SINAR MAS,INDAH KIAT,SUNGAI PAKNING,RIAU,3800,1867206,UNKNOWN,UNKNOWN,UNKNOWN COUNTRY,HALDIA,INDIA
2020,470329,SINAR MAS,INDAH KIAT,SUNGAI PAKNING,RIAU,2500,1228425,UNKNOWN,UNKNOWN,UNKNOWN COUNTRY,HALDIA,INDIA
2020,470200,ROYAL GOLDEN EAGLE,APRIL,UNKNOWN,RIAU,507,248363,UNKNOWN,UNKNOWN,UNKNOWN COUNTRY,PORT KELANG,CHINA (MAINLAND)
2020,470200,ROYAL GOLDEN EAGLE,APRIL,UNKNOWN,RIAU,506,248028,UNKNOWN,UNKNOWN,UNKNOWN COUNTRY,PORT KELANG,CHINA (MAINLAND)
2020,470200,ROYAL GOLDEN EAGLE,APRIL,UNKNOWN,RIAU,506,247948,UNKNOWN,UNKNOWN,UNKNOWN COUNTRY,PORT KELANG,CHINA (MAINLAND)
2020,470329,ROYAL GOLDEN EAGLE,APRIL,BUATAN,RIAU,502,170226,UNKNOWN,UNKNOWN,UNKNOWN COUNTRY,SINGAPORE,CHINA (MAINLAND)
2020,470329,ROYAL GOLDEN EAGLE,APRIL,BUATAN,RIAU,502,166214,UNKNOWN,UNKNOWN,UNKNOWN COUNTRY,SINGAPORE,CHINA (MAINLAND)
2020,470329,MARUBENI,TANJUNG ENIM LESTARI,PANJANG,SUMATERA SELATAN,535,222428,UNKNOWN,UNKNOWN,UNKNOWN COUNTRY,QINGDAO,CHINA (MAINLAND)
2020,470329,MARUBENI,TANJUNG ENIM LESTARI,PANJANG,SUMATERA SELATAN,209,94611,UNKNOWN,UNKNOWN,UNKNOWN COUNTRY,CAT LAI,VIETNAM
2020,470329,MARUBENI,TANJUNG ENIM LESTARI,PANJANG,SUMATERA SELATAN,320,142094,UNKNOWN,UNKNOWN,UNKNOWN COUNTRY,CAT LAI,VIETNAM
2020,470329,SINAR MAS,INDAH KIAT,PERAWANG,RIAU,1000,491110,UNKNOWN,UNKNOWN,UNKNOWN COUNTRY,DALIAN,CHINA (MAINLAND)
2020,470329,SINAR MAS,INDAH KIAT,PERAWANG,RIAU,500,238350,UNKNOWN,UNKNOWN,UNKNOWN COUNTRY,ABU DHABI,UNITED ARAB EMIRATES
2020,470329,SINAR MAS,OKI,SULTAN MAHMUD BADARUDDIN (U),SUMATERA SELATAN,6000,2883000,UNKNOWN,UNKNOWN,UNKNOWN COUNTRY,NINGBO,CHINA (MAINLAND)
2020,470329,SINAR MAS,OKI,SULTAN MAHMUD BADARUDDIN (U),SUMATERA SELATAN,3000,1456500,UNKNOWN,UNKNOWN,UNKNOWN COUNTRY,NINGBO,CHINA (MAINLAND)
2020,470329,SINAR MAS,OKI,SULTAN MAHMUD BADARUDDIN (U),SUMATERA SELATAN,6000,2883000,UNKNOWN,UNKNOWN,UNKNOWN COUNTRY,NINGBO,CHINA (MAINLAND)
2020,470200,ROYAL GOLDEN EAGLE,APRIL,UNKNOWN,RIAU,507,248346,UNKNOWN,UNKNOWN,UNKNOWN COUNTRY,PORT KELANG,CHINA (MAINLAND)
2020,470200,ROYAL GOLDEN EAGLE,APRIL,UNKNOWN,RIAU,507,248289,UNKNOWN,UNKNOWN,UNKNOWN COUNTRY,PORT KELANG,CHINA (MAINLAND)
2020,470200,ROYAL GOLDEN EAGLE,APRIL,BUATAN,RIAU,506,247741,UNKNOWN,UNKNOWN,UNKNOWN COUNTRY,SINGAPORE,CHINA (MAINLAND)
2020,470200,ROYAL GOLDEN EAGLE,APRIL,BUATAN,RIAU,506,247847,UNKNOWN,UNKNOWN,UNKNOWN COUNTRY,SINGAPORE,CHINA (MAINLAND)
2020,470200,ROYAL GOLDEN EAGLE,APRIL,BUATAN,RIAU,506,248076,UNKNOWN,UNKNOWN,UNKNOWN COUNTRY,SINGAPORE,CHINA (MAINLAND)
2020,470329,MARUBENI,TANJUNG ENIM LESTARI,PANJANG,SUMATERA SELATAN,533,221944,UNKNOWN,UNKNOWN,UNKNOWN COUNTRY,CHONGQING,CHINA (MAINLAND)
2020,470329,SINAR MAS,INDAH KIAT,SUNGAI PAKNING,RIAU,6400,3104000,UNKNOWN,UNKNOWN,UNKNOWN COUNTRY,DAGANG,CHINA (MAINLAND)
2020,470329,SINAR MAS,INDAH KIAT,SUNGAI PAKNING,RIAU,3300,1600500,UNKNOWN,UNKNOWN,UNKNOWN COUNTRY,DAGANG,CHINA (MAINLAND)
2020,470329,SINAR MAS,INDAH KIAT,SUNGAI PAKNING,RIAU,500,242500,UNKNOWN,UNKNOWN,UNKNOWN COUNTRY,DAGANG,CHINA (MAINLAND)
2020,470329,SINAR MAS,INDAH KIAT,SUNGAI PAKNING,RIAU,2000,961949,UNKNOWN,UNKNOWN,UNKNOWN COUNTRY,NINGBO,CHINA (MAINLAND)
2020,470329,SINAR MAS,INDAH KIAT,SUNGAI PAKNING,RIAU,9900,4803975,UNKNOWN,UNKNOWN,UNKNOWN COUNTRY,NINGBO,CHINA (MAINLAND)
2020,470329,SINAR MAS,INDAH KIAT,SUNGAI PAKNING,RIAU,1400,679350,UNKNOWN,UNKNOWN,UNKNOWN COUNTRY,NINGBO,CHINA (MAINLAND)
2020,470200,ROYAL GOLDEN EAGLE,APRIL,UNKNOWN,RIAU,507,248350,UNKNOWN,UNKNOWN,UNKNOWN COUNTRY,PORT KELANG,CHINA (MAINLAND)
2020,470200,ROYAL GOLDEN EAGLE,APRIL,UNKNOWN,RIAU,506,248177,UNKNOWN,UNKNOWN,UNKNOWN COUNTRY,PORT KELANG,CHINA (MAINLAND)
2020,470200,ROYAL GOLDEN EAGLE,APRIL,UNKNOWN,RIAU,506,248136,UNKNOWN,UNKNOWN,UNKNOWN COUNTRY,PORT KELANG,CHINA (MAINLAND)
2020,470200,ROYAL GOLDEN EAGLE,APRIL,UNKNOWN,RIAU,506,248063,UNKNOWN,UNKNOWN,UNKNOWN COUNTRY,TANJUNG PELEPAS,CHINA (MAINLAND)
2020,470329,ROYAL GOLDEN EAGLE,APRIL,UNKNOWN,RIAU,3844,1272302,UNKNOWN,UNKNOWN,UNKNOWN COUNTRY,XIAMEN,CHINA (MAINLAND)
2020,470329,ROYAL GOLDEN EAGLE,APRIL,UNKNOWN,RIAU,4523,1496989,UNKNOWN,UNKNOWN,UNKNOWN COUNTRY,GUNSAN,SOUTH KOREA
2020,470329,ROYAL GOLDEN EAGLE,APRIL,UNKNOWN,RIAU,1758,581840,UNKNOWN,UNKNOWN,UNKNOWN COUNTRY,PYEONGTAEK,SOUTH KOREA
2020,470200,ROYAL GOLDEN EAGLE,APRIL,BUATAN,RIAU,505,247685,UNKNOWN,UNKNOWN,UNKNOWN COUNTRY,SINGAPORE,CHINA (MAINLAND)
2020,470329,SINAR MAS,LONTAR PAPYRUS,KUALA TUNGKAL,JAMBI,1004,494269,UNKNOWN,UNKNOWN,UNKNOWN COUNTRY,ZHANJIANG,CHINA (MAINLAND)
2020,470329,SINAR MAS,LONTAR PAPYRUS,KUALA TUNGKAL,JAMBI,1003,493684,UNKNOWN,UNKNOWN,UNKNOWN COUNTRY,ZHANJIANG,CHINA (MAINLAND)
2020,470329,SINAR MAS,OKI,SULTAN MAHMUD BADARUDDIN (U),SUMATERA SELATAN,6800,3287800,UNKNOWN,UNKNOWN,UNKNOWN COUNTRY,FANGCHENG,CHINA (MAINLAND)
2020,470329,SINAR MAS,OKI,SULTAN MAHMUD BADARUDDIN (U),SUMATERA SELATAN,2000,960448,UNKNOWN,UNKNOWN,UNKNOWN COUNTRY,HUANGPU,CHINA (MAINLAND)
2020,470329,MARUBENI,TANJUNG ENIM LESTARI,TARAHAN,SUMATERA SELATAN,1049,436854,UNKNOWN,UNKNOWN,UNKNOWN COUNTRY,QINGDAO,CHINA (MAINLAND)
2020,470329,MARUBENI,TANJUNG ENIM LESTARI,TARAHAN,SUMATERA SELATAN,2098,873875,UNKNOWN,UNKNOWN,UNKNOWN COUNTRY,QINGDAO,CHINA (MAINLAND)
2020,470329,MARUBENI,TANJUNG ENIM LESTARI,TARAHAN,SUMATERA SELATAN,2098,873937,UNKNOWN,UNKNOWN,UNKNOWN COUNTRY,QINGDAO,CHINA (MAINLAND)
2020,470329,MARUBENI,TANJUNG ENIM LESTARI,TARAHAN,SUMATERA SELATAN,1049,434718,UNKNOWN,UNKNOWN,UNKNOWN COUNTRY,QINGDAO,CHINA (MAINLAND)
2020,470329,MARUBENI,TANJUNG ENIM LESTARI,TARAHAN,SUMATERA SELATAN,1574,652664,UNKNOWN,UNKNOWN,UNKNOWN COUNTRY,XINGANG,CHINA (MAINLAND)
2020,470329,MARUBENI,TANJUNG ENIM LESTARI,TARAHAN,SUMATERA SELATAN,2065,856076,UNKNOWN,UNKNOWN,UNKNOWN COUNTRY,XINGANG,CHINA (MAINLAND)
2020,470329,ROYAL GOLDEN EAGLE,APRIL,UNKNOWN,RIAU,8413,2787765,UNKNOWN,UNKNOWN,UNKNOWN COUNTRY,CHANGSHU,CHINA (MAINLAND)
2020,470329,ROYAL GOLDEN EAGLE,APRIL,UNKNOWN,RIAU,2201,728458,UNKNOWN,UNKNOWN,UNKNOWN COUNTRY,QINGDAO,CHINA (MAINLAND)
2020,470200,ROYAL GOLDEN EAGLE,APRIL,UNKNOWN,RIAU,243,119113,UNKNOWN,UNKNOWN,UNKNOWN COUNTRY,TANJUNG PELEPAS,CHINA (MAINLAND)
2020,470200,ROYAL GOLDEN EAGLE,APRIL,UNKNOWN,RIAU,264,129152,UNKNOWN,UNKNOWN,UNKNOWN COUNTRY,TANJUNG PELEPAS,CHINA (MAINLAND)
2020,470200,ROYAL GOLDEN EAGLE,APRIL,UNKNOWN,RIAU,506,247904,UNKNOWN,UNKNOWN,UNKNOWN COUNTRY,TANJUNG PELEPAS,CHINA (MAINLAND)
2020,470200,ROYAL GOLDEN EAGLE,APRIL,UNKNOWN,RIAU,506,248144,UNKNOWN,UNKNOWN,UNKNOWN COUNTRY,TANJUNG PELEPAS,CHINA (MAINLAND)
2020,470200,ROYAL GOLDEN EAGLE,APRIL,BUATAN,RIAU,506,247796,UNKNOWN,UNKNOWN,UNKNOWN COUNTRY,SINGAPORE,CHINA (MAINLAND)
2020,470329,SINAR MAS,INDAH KIAT,PERAWANG,RIAU,500,245555,UNKNOWN,UNKNOWN,UNKNOWN COUNTRY,DALIAN,CHINA (MAINLAND)
2020,470329,SINAR MAS,OKI,SULTAN MAHMUD BADARUDDIN (U),SUMATERA SELATAN,456,220004,UNKNOWN,UNKNOWN,UNKNOWN COUNTRY,SINGAPORE,CHINA (MAINLAND)
2020,470200,ROYAL GOLDEN EAGLE,APRIL,UNKNOWN,RIAU,506,247991,UNKNOWN,UNKNOWN,UNKNOWN COUNTRY,PORT KELANG,CHINA (MAINLAND)
2020,470200,ROYAL GOLDEN EAGLE,APRIL,UNKNOWN,RIAU,506,248048,UNKNOWN,UNKNOWN,UNKNOWN COUNTRY,PORT KELANG,CHINA (MAINLAND)
2020,470200,ROYAL GOLDEN EAGLE,APRIL,UNKNOWN,RIAU,506,247942,UNKNOWN,UNKNOWN,UNKNOWN COUNTRY,PORT KELANG,CHINA (MAINLAND)
2020,470200,ROYAL GOLDEN EAGLE,APRIL,BUATAN,RIAU,506,247947,UNKNOWN,UNKNOWN,UNKNOWN COUNTRY,SINGAPORE,CHINA (MAINLAND)
2020,470200,ROYAL GOLDEN EAGLE,APRIL,BUATAN,RIAU,506,247889,UNKNOWN,UNKNOWN,UNKNOWN COUNTRY,SINGAPORE,CHINA (MAINLAND)
2020,470200,ROYAL GOLDEN EAGLE,APRIL,BUATAN,RIAU,506,247866,UNKNOWN,UNKNOWN,UNKNOWN COUNTRY,SINGAPORE,CHINA (MAINLAND)
2020,470200,ROYAL GOLDEN EAGLE,APRIL,UNKNOWN,RIAU,506,248176,UNKNOWN,UNKNOWN,UNKNOWN COUNTRY,PORT KELANG,CHINA (MAINLAND)
2020,470200,ROYAL GOLDEN EAGLE,APRIL,UNKNOWN,RIAU,507,248233,UNKNOWN,UNKNOWN,UNKNOWN COUNTRY,PORT KELANG,CHINA (MAINLAND)
2020,470200,ROYAL GOLDEN EAGLE,APRIL,UNKNOWN,RIAU,506,247997,UNKNOWN,UNKNOWN,UNKNOWN COUNTRY,PORT KELANG,CHINA (MAINLAND)
2020,470200,ROYAL GOLDEN EAGLE,APRIL,BUATAN,RIAU,506,248176,UNKNOWN,UNKNOWN,UNKNOWN COUNTRY,SINGAPORE,CHINA (MAINLAND)
2020,470200,ROYAL GOLDEN EAGLE,APRIL,BUATAN,RIAU,506,248059,UNKNOWN,UNKNOWN,UNKNOWN COUNTRY,SINGAPORE,CHINA (MAINLAND)
2020,470200,ROYAL GOLDEN EAGLE,APRIL,BUATAN,RIAU,506,248037,UNKNOWN,UNKNOWN,UNKNOWN COUNTRY,SINGAPORE,CHINA (MAINLAND)
2020,470329,ROYAL GOLDEN EAGLE,APRIL,BUATAN,RIAU,40,13266,UNKNOWN,UNKNOWN,UNKNOWN COUNTRY,SINGAPORE,INDIA
2020,470329,ROYAL GOLDEN EAGLE,APRIL,BUATAN,RIAU,101,33321,UNKNOWN,UNKNOWN,UNKNOWN COUNTRY,SINGAPORE,INDIA
2020,470329,SINAR MAS,INDAH KIAT,PERAWANG,RIAU,500,243992,UNKNOWN,UNKNOWN,UNKNOWN COUNTRY,NINGBO,CHINA (MAINLAND)
2020,470329,SINAR MAS,INDAH KIAT,PERAWANG,RIAU,500,242104,UNKNOWN,UNKNOWN,UNKNOWN COUNTRY,EL ISKANDARIYA (=ALEXANDRIA),EGYPT
2020,470329,SINAR MAS,INDAH KIAT,PERAWANG,RIAU,200,95699,UNKNOWN,UNKNOWN,UNKNOWN COUNTRY,CAT LAI,VIETNAM
2020,470329,MARUBENI,TANJUNG ENIM LESTARI,TANJUNG PRIOK,SUMATERA SELATAN,253,113325,UNKNOWN,UNKNOWN,UNKNOWN COUNTRY,SHIMIZU,JAPAN
2020,470329,MARUBENI,TANJUNG ENIM LESTARI,TANJUNG PRIOK,SUMATERA SELATAN,153,68696,UNKNOWN,UNKNOWN,UNKNOWN COUNTRY,SHIMIZU,JAPAN
2020,470329,ROYAL GOLDEN EAGLE,APRIL,BUATAN,RIAU,1005,332515,UNKNOWN,UNKNOWN,UNKNOWN COUNTRY,SINGAPORE,PAKISTAN
2020,470329,SINAR MAS,INDAH KIAT,PERAWANG,RIAU,600,292791,UNKNOWN,UNKNOWN,UNKNOWN COUNTRY,NINGBO,CHINA (MAINLAND)
2020,470329,SINAR MAS,INDAH KIAT,PERAWANG,RIAU,100,49661,UNKNOWN,UNKNOWN,UNKNOWN COUNTRY,MOMBASA,KENYA
2020,470329,SINAR MAS,INDAH KIAT,PERAWANG,RIAU,300,146116,UNKNOWN,UNKNOWN,UNKNOWN COUNTRY,AD DAMMAM,SAUDI ARABIA
2020,470329,SINAR MAS,INDAH KIAT,PERAWANG,RIAU,480,226132,UNKNOWN,UNKNOWN,UNKNOWN COUNTRY,JEBEL ALI,UNITED ARAB EMIRATES
2020,470329,SINAR MAS,INDAH KIAT,PERAWANG,RIAU,400,191101,UNKNOWN,UNKNOWN,UNKNOWN COUNTRY,HAIPHONG,VIETNAM
2020,470329,SINAR MAS,OKI,SULTAN MAHMUD BADARUDDIN (U),SUMATERA SELATAN,2000,967500,UNKNOWN,UNKNOWN,UNKNOWN COUNTRY,CHANGSHU,CHINA (MAINLAND)
2020,470329,SINAR MAS,OKI,SULTAN MAHMUD BADARUDDIN (U),SUMATERA SELATAN,2800,1354500,UNKNOWN,UNKNOWN,UNKNOWN COUNTRY,CHANGSHU,CHINA (MAINLAND)
2020,470329,SINAR MAS,OKI,SULTAN MAHMUD BADARUDDIN (U),SUMATERA SELATAN,3200,1548000,UNKNOWN,UNKNOWN,UNKNOWN COUNTRY,CHANGSHU,CHINA (MAINLAND)
2020,470329,SINAR MAS,OKI,SULTAN MAHMUD BADARUDDIN (U),SUMATERA SELATAN,3000,1433175,UNKNOWN,UNKNOWN,UNKNOWN COUNTRY,QINGDAO,CHINA (MAINLAND)
2020,470329,MARUBENI,TANJUNG ENIM LESTARI,TANJUNG PRIOK,SUMATERA SELATAN,534,226073,UNKNOWN,UNKNOWN,UNKNOWN COUNTRY,NINGBO,CHINA (MAINLAND)
2020,470329,ROYAL GOLDEN EAGLE,APRIL,UNKNOWN,RIAU,6182,2046104,UNKNOWN,UNKNOWN,UNKNOWN COUNTRY,NINGBO,CHINA (MAINLAND)
2020,470200,ROYAL GOLDEN EAGLE,APRIL,UNKNOWN,RIAU,506,248136,UNKNOWN,UNKNOWN,UNKNOWN COUNTRY,PORT KELANG,CHINA (MAINLAND)
2020,470200,ROYAL GOLDEN EAGLE,APRIL,UNKNOWN,RIAU,506,248179,UNKNOWN,UNKNOWN,UNKNOWN COUNTRY,PORT KELANG,CHINA (MAINLAND)
2020,470200,ROYAL GOLDEN EAGLE,APRIL,UNKNOWN,RIAU,507,248426,UNKNOWN,UNKNOWN,UNKNOWN COUNTRY,PORT KELANG,CHINA (MAINLAND)
2020,470200,ROYAL GOLDEN EAGLE,APRIL,UNKNOWN,RIAU,506,248064,UNKNOWN,UNKNOWN,UNKNOWN COUNTRY,PORT KELANG,CHINA (MAINLAND)
2020,470200,ROYAL GOLDEN EAGLE,APRIL,UNKNOWN,RIAU,506,248173,UNKNOWN,UNKNOWN,UNKNOWN COUNTRY,PORT KELANG,CHINA (MAINLAND)
2020,470200,ROYAL GOLDEN EAGLE,APRIL,UNKNOWN,RIAU,507,248272,UNKNOWN,UNKNOWN,UNKNOWN COUNTRY,PORT KELANG,CHINA (MAINLAND)
2020,470329,ROYAL GOLDEN EAGLE,APRIL,UNKNOWN,RIAU,2181,721935,UNKNOWN,UNKNOWN,UNKNOWN COUNTRY,XIAMEN,CHINA (MAINLAND)
2020,470329,ROYAL GOLDEN EAGLE,APRIL,UNKNOWN,RIAU,2092,692347,UNKNOWN,UNKNOWN,UNKNOWN COUNTRY,XINGANG,CHINA (MAINLAND)
2020,470329,ROYAL GOLDEN EAGLE,APRIL,UNKNOWN,RIAU,5025,1663154,UNKNOWN,UNKNOWN,UNKNOWN COUNTRY,XINHUI,CHINA (MAINLAND)
2020,470329,ROYAL GOLDEN EAGLE,APRIL,UNKNOWN,RIAU,2200,729947,UNKNOWN,UNKNOWN,UNKNOWN COUNTRY,IYOMISHIMA,JAPAN
2020,470200,ROYAL GOLDEN EAGLE,TOBA PULP LESTARI,BELAWAN,SUMATERA UTARA,502,281713,UNKNOWN,UNKNOWN,UNKNOWN COUNTRY,QINGDAO,CHINA (MAINLAND)
2020,470200,ROYAL GOLDEN EAGLE,TOBA PULP LESTARI,BELAWAN,SUMATERA UTARA,499,280185,UNKNOWN,UNKNOWN,UNKNOWN COUNTRY,QINGDAO,CHINA (MAINLAND)
2020,470329,ROYAL GOLDEN EAGLE,APRIL,BUATAN,RIAU,503,166353,UNKNOWN,UNKNOWN,UNKNOWN COUNTRY,SINGAPORE,BANGLADESH
2020,470200,ROYAL GOLDEN EAGLE,APRIL,BUATAN,RIAU,506,247801,UNKNOWN,UNKNOWN,UNKNOWN COUNTRY,SINGAPORE,CHINA (MAINLAND)
2020,470329,SINAR MAS,LONTAR PAPYRUS,KUALA TUNGKAL,JAMBI,1004,494089,UNKNOWN,UNKNOWN,UNKNOWN COUNTRY,ZHANJIANG,CHINA (MAINLAND)
2020,470329,SINAR MAS,LONTAR PAPYRUS,KUALA TUNGKAL,JAMBI,201,91671,UNKNOWN,UNKNOWN,UNKNOWN COUNTRY,CAT LAI,VIETNAM
2020,470329,SINAR MAS,LONTAR PAPYRUS,KUALA TUNGKAL,JAMBI,140,64064,UNKNOWN,UNKNOWN,UNKNOWN COUNTRY,CAT LAI,VIETNAM
2020,470329,MARUBENI,TANJUNG ENIM LESTARI,PANJANG,SUMATERA SELATAN,833,346568,UNKNOWN,UNKNOWN,UNKNOWN COUNTRY,QINGDAO,CHINA (MAINLAND)
2020,470329,SINAR MAS,OKI,SULTAN MAHMUD BADARUDDIN (U),SUMATERA SELATAN,672,319927,UNKNOWN,UNKNOWN,UNKNOWN COUNTRY,SINGAPORE,CHINA (MAINLAND)
2020,470200,ROYAL GOLDEN EAGLE,APRIL,BUATAN,RIAU,506,247953,UNKNOWN,UNKNOWN,UNKNOWN COUNTRY,SINGAPORE,CHINA (MAINLAND)
2020,470200,ROYAL GOLDEN EAGLE,APRIL,BUATAN,RIAU,506,248164,UNKNOWN,UNKNOWN,UNKNOWN COUNTRY,SINGAPORE,CHINA (MAINLAND)
2020,470329,ROYAL GOLDEN EAGLE,APRIL,BUATAN,RIAU,402,133012,UNKNOWN,UNKNOWN,UNKNOWN COUNTRY,SINGAPORE,CHINA (MAINLAND)
2020,470329,ROYAL GOLDEN EAGLE,APRIL,BUATAN,RIAU,261,86491,UNKNOWN,UNKNOWN,UNKNOWN COUNTRY,SINGAPORE,INDIA
2020,470329,MARUBENI,TANJUNG ENIM LESTARI,PANJANG,SUMATERA SELATAN,532,221546,UNKNOWN,UNKNOWN,UNKNOWN COUNTRY,CHONGQING,CHINA (MAINLAND)
2020,470329,MARUBENI,TANJUNG ENIM LESTARI,PANJANG,SUMATERA SELATAN,1045,447467,UNKNOWN,UNKNOWN,UNKNOWN COUNTRY,WUHAN,CHINA (MAINLAND)
2020,470329,MARUBENI,TANJUNG ENIM LESTARI,PANJANG,SUMATERA SELATAN,107,46476,UNKNOWN,UNKNOWN,UNKNOWN COUNTRY,JAWAHARLAL NEHRU (NHAVA SHEVA),INDIA
2020,470329,MARUBENI,TANJUNG ENIM LESTARI,PANJANG,SUMATERA SELATAN,525,221644,UNKNOWN,UNKNOWN,UNKNOWN COUNTRY,JAWAHARLAL NEHRU (NHAVA SHEVA),INDIA
2020,470329,MARUBENI,TANJUNG ENIM LESTARI,PANJANG,SUMATERA SELATAN,319,143338,UNKNOWN,UNKNOWN,UNKNOWN COUNTRY,PENANG (GEORGETOWN),MALAYSIA
2020,470329,SINAR MAS,INDAH KIAT,PERAWANG,RIAU,1200,584464,UNKNOWN,UNKNOWN,UNKNOWN COUNTRY,AD DAMMAM,SAUDI ARABIA
2020,470329,SINAR MAS,OKI,SULTAN MAHMUD BADARUDDIN (U),SUMATERA SELATAN,672,319927,UNKNOWN,UNKNOWN,UNKNOWN COUNTRY,SINGAPORE,CHINA (MAINLAND)
2020,470200,ROYAL GOLDEN EAGLE,APRIL,UNKNOWN,RIAU,507,248265,UNKNOWN,UNKNOWN,UNKNOWN COUNTRY,PORT KELANG,CHINA (MAINLAND)
2020,470200,ROYAL GOLDEN EAGLE,APRIL,UNKNOWN,RIAU,507,248466,UNKNOWN,UNKNOWN,UNKNOWN COUNTRY,PORT KELANG,CHINA (MAINLAND)
2020,470200,ROYAL GOLDEN EAGLE,APRIL,BUATAN,RIAU,506,247762,UNKNOWN,UNKNOWN,UNKNOWN COUNTRY,SINGAPORE,CHINA (MAINLAND)
2020,470329,ROYAL GOLDEN EAGLE,APRIL,BUATAN,RIAU,597,197660,UNKNOWN,UNKNOWN,UNKNOWN COUNTRY,SINGAPORE,LEBANON
2020,470329,MARUBENI,TANJUNG ENIM LESTARI,PANJANG,SUMATERA SELATAN,317,133658,UNKNOWN,UNKNOWN,UNKNOWN COUNTRY,CHANGSHU,CHINA (MAINLAND)
2020,470329,MARUBENI,TANJUNG ENIM LESTARI,PANJANG,SUMATERA SELATAN,148,67084,UNKNOWN,UNKNOWN,UNKNOWN COUNTRY,WESTPORT/PORT KLANG,MALAYSIA
2020,470329,SINAR MAS,INDAH KIAT,PERAWANG,RIAU,160,76830,UNKNOWN,UNKNOWN,UNKNOWN COUNTRY,DA NANG,VIETNAM
2020,470329,SINAR MAS,OKI,SULTAN MAHMUD BADARUDDIN (U),SUMATERA SELATAN,900,432000,UNKNOWN,UNKNOWN,UNKNOWN COUNTRY,CHANGSHU,CHINA (MAINLAND)
2020,470329,SINAR MAS,OKI,SULTAN MAHMUD BADARUDDIN (U),SUMATERA SELATAN,1500,722586,UNKNOWN,UNKNOWN,UNKNOWN COUNTRY,CHANGSHU,CHINA (MAINLAND)
2020,470329,SINAR MAS,OKI,SULTAN MAHMUD BADARUDDIN (U),SUMATERA SELATAN,7100,3443500,UNKNOWN,UNKNOWN,UNKNOWN COUNTRY,CHANGSHU,CHINA (MAINLAND)
2020,470329,SINAR MAS,OKI,SULTAN MAHMUD BADARUDDIN (U),SUMATERA SELATAN,3000,1455000,UNKNOWN,UNKNOWN,UNKNOWN COUNTRY,CHANGSHU,CHINA (MAINLAND)
2020,470329,SINAR MAS,INDAH KIAT,SUNGAI PAKNING,RIAU,250,121250,UNKNOWN,UNKNOWN,UNKNOWN COUNTRY,DAGANG,CHINA (MAINLAND)
2020,470329,SINAR MAS,INDAH KIAT,SUNGAI PAKNING,RIAU,4100,1988500,UNKNOWN,UNKNOWN,UNKNOWN COUNTRY,DAGANG,CHINA (MAINLAND)
2020,470329,SINAR MAS,INDAH KIAT,SUNGAI PAKNING,RIAU,250,121250,UNKNOWN,UNKNOWN,UNKNOWN COUNTRY,DAGANG,CHINA (MAINLAND)
2020,470329,SINAR MAS,INDAH KIAT,SUNGAI PAKNING,RIAU,5250,2546250,UNKNOWN,UNKNOWN,UNKNOWN COUNTRY,DAGANG,CHINA (MAINLAND)
2020,470200,ROYAL GOLDEN EAGLE,APRIL,UNKNOWN,RIAU,507,248305,UNKNOWN,UNKNOWN,UNKNOWN COUNTRY,PORT KELANG,CHINA (MAINLAND)
2020,470200,ROYAL GOLDEN EAGLE,APRIL,UNKNOWN,RIAU,507,248642,UNKNOWN,UNKNOWN,UNKNOWN COUNTRY,PORT KELANG,CHINA (MAINLAND)
2020,470200,ROYAL GOLDEN EAGLE,APRIL,UNKNOWN,RIAU,507,248415,UNKNOWN,UNKNOWN,UNKNOWN COUNTRY,PORT KELANG,CHINA (MAINLAND)
2020,470200,ROYAL GOLDEN EAGLE,APRIL,UNKNOWN,RIAU,507,248430,UNKNOWN,UNKNOWN,UNKNOWN COUNTRY,PORT KELANG,CHINA (MAINLAND)
2020,470200,ROYAL GOLDEN EAGLE,APRIL,BUATAN,RIAU,506,248145,UNKNOWN,UNKNOWN,UNKNOWN COUNTRY,PORT KELANG,CHINA (MAINLAND)
2020,470200,ROYAL GOLDEN EAGLE,APRIL,BUATAN,RIAU,506,247996,UNKNOWN,UNKNOWN,UNKNOWN COUNTRY,PORT KELANG,CHINA (MAINLAND)
2020,470200,ROYAL GOLDEN EAGLE,APRIL,BUATAN,RIAU,506,248007,UNKNOWN,UNKNOWN,UNKNOWN COUNTRY,PORT KELANG,CHINA (MAINLAND)
2020,470329,ROYAL GOLDEN EAGLE,APRIL,BUATAN,RIAU,602,199299,UNKNOWN,UNKNOWN,UNKNOWN COUNTRY,SINGAPORE,CHINA (MAINLAND)
2020,470329,ROYAL GOLDEN EAGLE,APRIL,BUATAN,RIAU,1004,332469,UNKNOWN,UNKNOWN,UNKNOWN COUNTRY,SINGAPORE,CHINA (MAINLAND)
2020,470329,SINAR MAS,OKI,SULTAN MAHMUD BADARUDDIN (U),SUMATERA SELATAN,672,319927,UNKNOWN,UNKNOWN,UNKNOWN COUNTRY,SINGAPORE,CHINA (MAINLAND)
2020,470329,ROYAL GOLDEN EAGLE,APRIL,BUATAN,RIAU,503,166598,UNKNOWN,UNKNOWN,UNKNOWN COUNTRY,SINGAPORE,BANGLADESH
2020,470200,ROYAL GOLDEN EAGLE,APRIL,BUATAN,RIAU,507,248230,UNKNOWN,UNKNOWN,UNKNOWN COUNTRY,PORT KELANG,CHINA (MAINLAND)
2020,470200,ROYAL GOLDEN EAGLE,APRIL,BUATAN,RIAU,506,247806,UNKNOWN,UNKNOWN,UNKNOWN COUNTRY,SINGAPORE,CHINA (MAINLAND)
2020,470329,ROYAL GOLDEN EAGLE,APRIL,BUATAN,RIAU,402,132939,UNKNOWN,UNKNOWN,UNKNOWN COUNTRY,SINGAPORE,CHINA (MAINLAND)
2020,470329,SINAR MAS,INDAH KIAT,PERAWANG,RIAU,1000,487054,UNKNOWN,UNKNOWN,UNKNOWN COUNTRY,AD DAMMAM,SAUDI ARABIA
2020,470329,SINAR MAS,OKI,SULTAN MAHMUD BADARUDDIN (U),SUMATERA SELATAN,3700,1788950,UNKNOWN,UNKNOWN,UNKNOWN COUNTRY,FANGCHENG,CHINA (MAINLAND)
2020,470329,SINAR MAS,OKI,SULTAN MAHMUD BADARUDDIN (U),SUMATERA SELATAN,4300,2079050,UNKNOWN,UNKNOWN,UNKNOWN COUNTRY,FANGCHENG,CHINA (MAINLAND)
2020,470329,SINAR MAS,OKI,SULTAN MAHMUD BADARUDDIN (U),SUMATERA SELATAN,2000,960448,UNKNOWN,UNKNOWN,UNKNOWN COUNTRY,GAOLAN,CHINA (MAINLAND)
2020,470329,ROYAL GOLDEN EAGLE,APRIL,UNKNOWN,RIAU,5992,1983337,UNKNOWN,UNKNOWN,UNKNOWN COUNTRY,KAKINADA,INDIA
2020,470200,ROYAL GOLDEN EAGLE,APRIL,BUATAN,RIAU,506,247879,UNKNOWN,UNKNOWN,UNKNOWN COUNTRY,SINGAPORE,CHINA (MAINLAND)
2020,470200,ROYAL GOLDEN EAGLE,APRIL,BUATAN,RIAU,506,248171,UNKNOWN,UNKNOWN,UNKNOWN COUNTRY,SINGAPORE,CHINA (MAINLAND)
2020,470329,SINAR MAS,INDAH KIAT,PERAWANG,RIAU,500,237054,UNKNOWN,UNKNOWN,UNKNOWN COUNTRY,EL ISKANDARIYA (=ALEXANDRIA),EGYPT
2020,470329,SINAR MAS,OKI,SULTAN MAHMUD BADARUDDIN (U),SUMATERA SELATAN,3500,1680875,UNKNOWN,UNKNOWN,UNKNOWN COUNTRY,NINGBO,CHINA (MAINLAND)
2020,470329,SINAR MAS,OKI,SULTAN MAHMUD BADARUDDIN (U),SUMATERA SELATAN,5000,2400000,UNKNOWN,UNKNOWN,UNKNOWN COUNTRY,NINGBO,CHINA (MAINLAND)
2020,470329,SINAR MAS,OKI,SULTAN MAHMUD BADARUDDIN (U),SUMATERA SELATAN,4000,1920000,UNKNOWN,UNKNOWN,UNKNOWN COUNTRY,NINGBO,CHINA (MAINLAND)
2020,470329,SINAR MAS,OKI,SULTAN MAHMUD BADARUDDIN (U),SUMATERA SELATAN,1000,480000,UNKNOWN,UNKNOWN,UNKNOWN COUNTRY,NINGBO,CHINA (MAINLAND)
2020,470329,SINAR MAS,OKI,SULTAN MAHMUD BADARUDDIN (U),SUMATERA SELATAN,500,240125,UNKNOWN,UNKNOWN,UNKNOWN COUNTRY,NINGBO,CHINA (MAINLAND)
2020,470329,SINAR MAS,OKI,SULTAN MAHMUD BADARUDDIN (U),SUMATERA SELATAN,4000,1921000,UNKNOWN,UNKNOWN,UNKNOWN COUNTRY,NINGBO,CHINA (MAINLAND)
2020,470329,SINAR MAS,OKI,SULTAN MAHMUD BADARUDDIN (U),SUMATERA SELATAN,2000,960500,UNKNOWN,UNKNOWN,UNKNOWN COUNTRY,NINGBO,CHINA (MAINLAND)
2020,470329,SINAR MAS,OKI,SULTAN MAHMUD BADARUDDIN (U),SUMATERA SELATAN,1000,480250,UNKNOWN,UNKNOWN,UNKNOWN COUNTRY,NINGBO,CHINA (MAINLAND)
2020,470329,MARUBENI,TANJUNG ENIM LESTARI,TANJUNG PRIOK,SUMATERA SELATAN,475,185706,UNKNOWN,UNKNOWN,UNKNOWN COUNTRY,QINZHOU,CHINA (MAINLAND)
2020,470329,MARUBENI,TANJUNG ENIM LESTARI,TANJUNG PRIOK,SUMATERA SELATAN,1023,427133,UNKNOWN,UNKNOWN,UNKNOWN COUNTRY,XINHUI,CHINA (MAINLAND)
2020,470200,ROYAL GOLDEN EAGLE,APRIL,UNKNOWN,RIAU,506,248059,UNKNOWN,UNKNOWN,UNKNOWN COUNTRY,TANJUNG PELEPAS,CHINA (MAINLAND)
2020,470200,ROYAL GOLDEN EAGLE,APRIL,UNKNOWN,RIAU,507,248260,UNKNOWN,UNKNOWN,UNKNOWN COUNTRY,TANJUNG PELEPAS,CHINA (MAINLAND)
2020,470200,ROYAL GOLDEN EAGLE,APRIL,UNKNOWN,RIAU,506,247722,UNKNOWN,UNKNOWN,UNKNOWN COUNTRY,TANJUNG PELEPAS,CHINA (MAINLAND)
2020,470200,ROYAL GOLDEN EAGLE,APRIL,UNKNOWN,RIAU,507,248239,UNKNOWN,UNKNOWN,UNKNOWN COUNTRY,TANJUNG PELEPAS,CHINA (MAINLAND)
2020,470329,ROYAL GOLDEN EAGLE,APRIL,UNKNOWN,RIAU,4997,1654049,UNKNOWN,UNKNOWN,UNKNOWN COUNTRY,JEBEL ALI,UNITED ARAB EMIRATES
2020,470200,ROYAL GOLDEN EAGLE,APRIL,BUATAN,RIAU,506,248122,UNKNOWN,UNKNOWN,UNKNOWN COUNTRY,SINGAPORE,CHINA (MAINLAND)
2020,470200,ROYAL GOLDEN EAGLE,APRIL,BUATAN,RIAU,506,247930,UNKNOWN,UNKNOWN,UNKNOWN COUNTRY,SINGAPORE,CHINA (MAINLAND)
2020,470200,ROYAL GOLDEN EAGLE,APRIL,BUATAN,RIAU,506,248002,UNKNOWN,UNKNOWN,UNKNOWN COUNTRY,SINGAPORE,CHINA (MAINLAND)
2020,470200,ROYAL GOLDEN EAGLE,APRIL,BUATAN,RIAU,507,248341,UNKNOWN,UNKNOWN,UNKNOWN COUNTRY,SINGAPORE,CHINA (MAINLAND)
2020,470329,ROYAL GOLDEN EAGLE,APRIL,BUATAN,RIAU,1004,332377,UNKNOWN,UNKNOWN,UNKNOWN COUNTRY,SINGAPORE,CHINA (MAINLAND)
2020,470329,ROYAL GOLDEN EAGLE,APRIL,BUATAN,RIAU,201,66570,UNKNOWN,UNKNOWN,UNKNOWN COUNTRY,SINGAPORE,INDIA
2020,470329,MARUBENI,TANJUNG ENIM LESTARI,PANJANG,SUMATERA SELATAN,190,81427,UNKNOWN,UNKNOWN,UNKNOWN COUNTRY,XINGANG,CHINA (MAINLAND)
2020,470329,MARUBENI,TANJUNG ENIM LESTARI,PANJANG,SUMATERA SELATAN,193,88897,UNKNOWN,UNKNOWN,UNKNOWN COUNTRY,TOMAKOMAI,JAPAN
2020,470329,SINAR MAS,OKI,SULTAN MAHMUD BADARUDDIN (U),SUMATERA SELATAN,2860,1368510,UNKNOWN,UNKNOWN,UNKNOWN COUNTRY,NINGBO,CHINA (MAINLAND)
2020,470329,SINAR MAS,OKI,SULTAN MAHMUD BADARUDDIN (U),SUMATERA SELATAN,50,24125,UNKNOWN,UNKNOWN,UNKNOWN COUNTRY,GUNSAN,SOUTH KOREA
2020,470329,SINAR MAS,OKI,SULTAN MAHMUD BADARUDDIN (U),SUMATERA SELATAN,1500,723750,UNKNOWN,UNKNOWN,UNKNOWN COUNTRY,GUNSAN,SOUTH KOREA
2020,470329,SINAR MAS,OKI,SULTAN MAHMUD BADARUDDIN (U),SUMATERA SELATAN,4500,2171250,UNKNOWN,UNKNOWN,UNKNOWN COUNTRY,GUNSAN,SOUTH KOREA
2020,470329,MARUBENI,TANJUNG ENIM LESTARI,TANJUNG PRIOK,SUMATERA SELATAN,532,217995,UNKNOWN,UNKNOWN,UNKNOWN COUNTRY,NINGBO,CHINA (MAINLAND)
2020,470200,ROYAL GOLDEN EAGLE,APRIL,UNKNOWN,RIAU,506,247880,UNKNOWN,UNKNOWN,UNKNOWN COUNTRY,PORT KELANG,CHINA (MAINLAND)
2020,470200,ROYAL GOLDEN EAGLE,APRIL,UNKNOWN,RIAU,506,247958,UNKNOWN,UNKNOWN,UNKNOWN COUNTRY,PORT KELANG,CHINA (MAINLAND)
2020,470200,ROYAL GOLDEN EAGLE,APRIL,UNKNOWN,RIAU,506,248152,UNKNOWN,UNKNOWN,UNKNOWN COUNTRY,PORT KELANG,CHINA (MAINLAND)
2020,470329,ROYAL GOLDEN EAGLE,APRIL,BUATAN,RIAU,1004,332455,UNKNOWN,UNKNOWN,UNKNOWN COUNTRY,SINGAPORE,CHINA (MAINLAND)
2020,470329,SINAR MAS,LONTAR PAPYRUS,KUALA TUNGKAL,JAMBI,161,73268,UNKNOWN,UNKNOWN,UNKNOWN COUNTRY,CAT LAI,VIETNAM
2020,470329,MARUBENI,TANJUNG ENIM LESTARI,PANJANG,SUMATERA SELATAN,746,319535,UNKNOWN,UNKNOWN,UNKNOWN COUNTRY,WUHAN,CHINA (MAINLAND)
2020,470329,MARUBENI,TANJUNG ENIM LESTARI,PANJANG,SUMATERA SELATAN,19,8295,UNKNOWN,UNKNOWN,UNKNOWN COUNTRY,YANGON,MYANMAR
2020,470329,MARUBENI,TANJUNG ENIM LESTARI,PANJANG,SUMATERA SELATAN,213,91690,UNKNOWN,UNKNOWN,UNKNOWN COUNTRY,CAT LAI,VIETNAM
2020,470329,ROYAL GOLDEN EAGLE,APRIL,UNKNOWN,RIAU,11223,3714793,UNKNOWN,UNKNOWN,UNKNOWN COUNTRY,CHANGSHU,CHINA (MAINLAND)
2020,470200,ROYAL GOLDEN EAGLE,APRIL,UNKNOWN,RIAU,506,248180,UNKNOWN,UNKNOWN,UNKNOWN COUNTRY,PORT KELANG,CHINA (MAINLAND)
2020,470200,ROYAL GOLDEN EAGLE,APRIL,UNKNOWN,RIAU,506,248173,UNKNOWN,UNKNOWN,UNKNOWN COUNTRY,PORT KELANG,CHINA (MAINLAND)
2020,470200,ROYAL GOLDEN EAGLE,APRIL,UNKNOWN,RIAU,506,248040,UNKNOWN,UNKNOWN,UNKNOWN COUNTRY,PORT KELANG,CHINA (MAINLAND)
2020,470329,ROYAL GOLDEN EAGLE,APRIL,BUATAN,RIAU,503,166395,UNKNOWN,UNKNOWN,UNKNOWN COUNTRY,SINGAPORE,BANGLADESH
2020,470200,ROYAL GOLDEN EAGLE,APRIL,BUATAN,RIAU,506,248161,UNKNOWN,UNKNOWN,UNKNOWN COUNTRY,SINGAPORE,CHINA (MAINLAND)
2020,470200,ROYAL GOLDEN EAGLE,APRIL,BUATAN,RIAU,506,248146,UNKNOWN,UNKNOWN,UNKNOWN COUNTRY,SINGAPORE,CHINA (MAINLAND)
2020,470329,SINAR MAS,LONTAR PAPYRUS,KUALA TUNGKAL,JAMBI,101,48941,UNKNOWN,UNKNOWN,UNKNOWN COUNTRY,KARACHI,PAKISTAN
2020,470329,MARUBENI,TANJUNG ENIM LESTARI,PANJANG,SUMATERA SELATAN,105,46719,UNKNOWN,UNKNOWN,UNKNOWN COUNTRY,JAWAHARLAL NEHRU (NHAVA SHEVA),INDIA
2020,470329,ROYAL GOLDEN EAGLE,APRIL,UNKNOWN,RIAU,2490,824263,UNKNOWN,UNKNOWN,UNKNOWN COUNTRY,XIAMEN,CHINA (MAINLAND)
2020,470329,ROYAL GOLDEN EAGLE,APRIL,UNKNOWN,RIAU,5021,1662099,UNKNOWN,UNKNOWN,UNKNOWN COUNTRY,XINHUI,CHINA (MAINLAND)
2020,470329,ROYAL GOLDEN EAGLE,APRIL,UNKNOWN,RIAU,5075,1679825,UNKNOWN,UNKNOWN,UNKNOWN COUNTRY,ABU DHABI,UNITED ARAB EMIRATES
2020,470329,ROYAL GOLDEN EAGLE,APRIL,BUATAN,RIAU,501,165980,UNKNOWN,UNKNOWN,UNKNOWN COUNTRY,SINGAPORE,BANGLADESH
2020,470329,ROYAL GOLDEN EAGLE,APRIL,BUATAN,RIAU,40,13270,UNKNOWN,UNKNOWN,UNKNOWN COUNTRY,SINGAPORE,BANGLADESH
2020,470200,ROYAL GOLDEN EAGLE,APRIL,BUATAN,RIAU,507,248308,UNKNOWN,UNKNOWN,UNKNOWN COUNTRY,SINGAPORE,CHINA (MAINLAND)
2020,470200,ROYAL GOLDEN EAGLE,APRIL,BUATAN,RIAU,506,248051,UNKNOWN,UNKNOWN,UNKNOWN COUNTRY,SINGAPORE,CHINA (MAINLAND)
2020,470200,ROYAL GOLDEN EAGLE,APRIL,BUATAN,RIAU,506,248177,UNKNOWN,UNKNOWN,UNKNOWN COUNTRY,SINGAPORE,CHINA (MAINLAND)
2020,470329,ROYAL GOLDEN EAGLE,APRIL,BUATAN,RIAU,1006,332866,UNKNOWN,UNKNOWN,UNKNOWN COUNTRY,SINGAPORE,CHINA (MAINLAND)
2020,470329,ROYAL GOLDEN EAGLE,APRIL,BUATAN,RIAU,1005,332521,UNKNOWN,UNKNOWN,UNKNOWN COUNTRY,SINGAPORE,CHINA (MAINLAND)
2020,470329,ROYAL GOLDEN EAGLE,APRIL,BUATAN,RIAU,277,91849,UNKNOWN,UNKNOWN,UNKNOWN COUNTRY,SINGAPORE,EGYPT
2020,470329,ROYAL GOLDEN EAGLE,APRIL,BUATAN,RIAU,277,91809,UNKNOWN,UNKNOWN,UNKNOWN COUNTRY,SINGAPORE,EGYPT
2020,470329,SINAR MAS,OKI,SULTAN MAHMUD BADARUDDIN (U),SUMATERA SELATAN,7500,3590438,UNKNOWN,UNKNOWN,UNKNOWN COUNTRY,QINGDAO,CHINA (MAINLAND)
2020,470329,SINAR MAS,OKI,SULTAN MAHMUD BADARUDDIN (U),SUMATERA SELATAN,528,254742,UNKNOWN,UNKNOWN,UNKNOWN COUNTRY,SINGAPORE,CHINA (MAINLAND)
2020,470200,ROYAL GOLDEN EAGLE,APRIL,UNKNOWN,RIAU,505,247682,UNKNOWN,UNKNOWN,UNKNOWN COUNTRY,PORT KELANG,CHINA (MAINLAND)
2020,470200,ROYAL GOLDEN EAGLE,APRIL,UNKNOWN,RIAU,506,247825,UNKNOWN,UNKNOWN,UNKNOWN COUNTRY,PORT KELANG,CHINA (MAINLAND)
2020,470329,ROYAL GOLDEN EAGLE,APRIL,BUATAN,RIAU,502,166238,UNKNOWN,UNKNOWN,UNKNOWN COUNTRY,PORT KELANG,BANGLADESH
2020,470329,SINAR MAS,INDAH KIAT,PERAWANG,RIAU,500,241762,UNKNOWN,UNKNOWN,UNKNOWN COUNTRY,DALIAN,CHINA (MAINLAND)
2020,470329,SINAR MAS,INDAH KIAT,PERAWANG,RIAU,1000,488138,UNKNOWN,UNKNOWN,UNKNOWN COUNTRY,DALIAN,CHINA (MAINLAND)
2020,470329,SINAR MAS,OKI,SULTAN MAHMUD BADARUDDIN (U),SUMATERA SELATAN,760,363660,UNKNOWN,UNKNOWN,UNKNOWN COUNTRY,FANGCHENG,CHINA (MAINLAND)
2020,470329,SINAR MAS,OKI,SULTAN MAHMUD BADARUDDIN (U),SUMATERA SELATAN,450,217575,UNKNOWN,UNKNOWN,UNKNOWN COUNTRY,FANGCHENG,CHINA (MAINLAND)
2020,470329,SINAR MAS,OKI,SULTAN MAHMUD BADARUDDIN (U),SUMATERA SELATAN,1140,551190,UNKNOWN,UNKNOWN,UNKNOWN COUNTRY,FANGCHENG,CHINA (MAINLAND)
2020,470329,SINAR MAS,OKI,SULTAN MAHMUD BADARUDDIN (U),SUMATERA SELATAN,2280,1102380,UNKNOWN,UNKNOWN,UNKNOWN COUNTRY,YANGPU,CHINA (MAINLAND)
2020,470329,SINAR MAS,OKI,SULTAN MAHMUD BADARUDDIN (U),SUMATERA SELATAN,1000,483500,UNKNOWN,UNKNOWN,UNKNOWN COUNTRY,YANGPU,CHINA (MAINLAND)
2020,470329,SINAR MAS,OKI,SULTAN MAHMUD BADARUDDIN (U),SUMATERA SELATAN,1870,904145,UNKNOWN,UNKNOWN,UNKNOWN COUNTRY,YANGPU,CHINA (MAINLAND)
2020,470329,MARUBENI,TANJUNG ENIM LESTARI,TARAHAN,SUMATERA SELATAN,1560,628309,UNKNOWN,UNKNOWN,UNKNOWN COUNTRY,XINGANG,CHINA (MAINLAND)
2020,470329,MARUBENI,TANJUNG ENIM LESTARI,TARAHAN,SUMATERA SELATAN,2711,1118039,UNKNOWN,UNKNOWN,UNKNOWN COUNTRY,XINGANG,CHINA (MAINLAND)
2020,470329,MARUBENI,TANJUNG ENIM LESTARI,TARAHAN,SUMATERA SELATAN,3243,1337394,UNKNOWN,UNKNOWN,UNKNOWN COUNTRY,XINGANG,CHINA (MAINLAND)
2020,470329,MARUBENI,TANJUNG ENIM LESTARI,TARAHAN,SUMATERA SELATAN,207,82349,UNKNOWN,UNKNOWN,UNKNOWN COUNTRY,XINGANG,CHINA (MAINLAND)
2020,470329,MARUBENI,TANJUNG ENIM LESTARI,TARAHAN,SUMATERA SELATAN,519,222678,UNKNOWN,UNKNOWN,UNKNOWN COUNTRY,PYEONGTAEK,SOUTH KOREA
2020,470329,MARUBENI,TANJUNG ENIM LESTARI,TARAHAN,SUMATERA SELATAN,1040,446511,UNKNOWN,UNKNOWN,UNKNOWN COUNTRY,PYEONGTAEK,SOUTH KOREA
2020,470329,MARUBENI,TANJUNG ENIM LESTARI,TARAHAN,SUMATERA SELATAN,215,94604,UNKNOWN,UNKNOWN,UNKNOWN COUNTRY,PYEONGTAEK,SOUTH KOREA
2020,470329,MARUBENI,TANJUNG ENIM LESTARI,TARAHAN,SUMATERA SELATAN,433,190039,UNKNOWN,UNKNOWN,UNKNOWN COUNTRY,PYEONGTAEK,SOUTH KOREA
2020,470200,ROYAL GOLDEN EAGLE,APRIL,UNKNOWN,RIAU,506,247826,UNKNOWN,UNKNOWN,UNKNOWN COUNTRY,PORT KELANG,CHINA (MAINLAND)
2020,470200,ROYAL GOLDEN EAGLE,APRIL,UNKNOWN,RIAU,506,248075,UNKNOWN,UNKNOWN,UNKNOWN COUNTRY,PORT KELANG,CHINA (MAINLAND)
2020,470200,ROYAL GOLDEN EAGLE,APRIL,UNKNOWN,RIAU,507,248236,UNKNOWN,UNKNOWN,UNKNOWN COUNTRY,PORT KELANG,CHINA (MAINLAND)
2020,470200,ROYAL GOLDEN EAGLE,APRIL,UNKNOWN,RIAU,506,248109,UNKNOWN,UNKNOWN,UNKNOWN COUNTRY,PORT KELANG,CHINA (MAINLAND)
2020,470329,ROYAL GOLDEN EAGLE,APRIL,BUATAN,RIAU,502,166268,UNKNOWN,UNKNOWN,UNKNOWN COUNTRY,SINGAPORE,BANGLADESH
2020,470200,ROYAL GOLDEN EAGLE,APRIL,BUATAN,RIAU,506,248041,UNKNOWN,UNKNOWN,UNKNOWN COUNTRY,PORT KELANG,CHINA (MAINLAND)
2020,470200,ROYAL GOLDEN EAGLE,APRIL,BUATAN,RIAU,506,248165,UNKNOWN,UNKNOWN,UNKNOWN COUNTRY,PORT KELANG,CHINA (MAINLAND)
2020,470200,ROYAL GOLDEN EAGLE,APRIL,BUATAN,RIAU,507,248218,UNKNOWN,UNKNOWN,UNKNOWN COUNTRY,SINGAPORE,CHINA (MAINLAND)
2020,470200,ROYAL GOLDEN EAGLE,APRIL,BUATAN,RIAU,506,248155,UNKNOWN,UNKNOWN,UNKNOWN COUNTRY,SINGAPORE,CHINA (MAINLAND)
2020,470329,ROYAL GOLDEN EAGLE,APRIL,BUATAN,RIAU,1005,332647,UNKNOWN,UNKNOWN,UNKNOWN COUNTRY,SINGAPORE,CHINA (MAINLAND)
2020,470200,ROYAL GOLDEN EAGLE,APRIL,BUATAN,RIAU,506,248047,UNKNOWN,UNKNOWN,UNKNOWN COUNTRY,PORT KELANG,CHINA (MAINLAND)
2020,470200,ROYAL GOLDEN EAGLE,APRIL,BUATAN,RIAU,507,248345,UNKNOWN,UNKNOWN,UNKNOWN COUNTRY,PORT KELANG,CHINA (MAINLAND)
2020,470329,ROYAL GOLDEN EAGLE,APRIL,BUATAN,RIAU,277,91783,UNKNOWN,UNKNOWN,UNKNOWN COUNTRY,SINGAPORE,EGYPT
2020,470329,ROYAL GOLDEN EAGLE,APRIL,BUATAN,RIAU,502,162193,UNKNOWN,UNKNOWN,UNKNOWN COUNTRY,SINGAPORE,INDIA
2020,470329,ROYAL GOLDEN EAGLE,APRIL,BUATAN,RIAU,101,33400,UNKNOWN,UNKNOWN,UNKNOWN COUNTRY,SINGAPORE,INDIA
2020,470329,MARUBENI,TANJUNG ENIM LESTARI,PANJANG,SUMATERA SELATAN,212,87438,UNKNOWN,UNKNOWN,UNKNOWN COUNTRY,MELBOURNE,AUSTRALIA
2020,470329,SINAR MAS,OKI,SULTAN MAHMUD BADARUDDIN (U),SUMATERA SELATAN,5050,2426525,UNKNOWN,UNKNOWN,UNKNOWN COUNTRY,NINGBO,CHINA (MAINLAND)
2020,470329,SINAR MAS,OKI,SULTAN MAHMUD BADARUDDIN (U),SUMATERA SELATAN,2050,985025,UNKNOWN,UNKNOWN,UNKNOWN COUNTRY,NINGBO,CHINA (MAINLAND)
2020,470329,SINAR MAS,OKI,SULTAN MAHMUD BADARUDDIN (U),SUMATERA SELATAN,900,436950,UNKNOWN,UNKNOWN,UNKNOWN COUNTRY,ZHENJIANG,CHINA (MAINLAND)
2020,470329,SINAR MAS,OKI,SULTAN MAHMUD BADARUDDIN (U),SUMATERA SELATAN,6100,2961550,UNKNOWN,UNKNOWN,UNKNOWN COUNTRY,ZHENJIANG,CHINA (MAINLAND)
2020,470329,SINAR MAS,OKI,SULTAN MAHMUD BADARUDDIN (U),SUMATERA SELATAN,1400,679700,UNKNOWN,UNKNOWN,UNKNOWN COUNTRY,ZHENJIANG,CHINA (MAINLAND)
2020,470329,SINAR MAS,OKI,SULTAN MAHMUD BADARUDDIN (U),SUMATERA SELATAN,7500,3641250,UNKNOWN,UNKNOWN,UNKNOWN COUNTRY,ZHENJIANG,CHINA (MAINLAND)
2020,470329,MARUBENI,TANJUNG ENIM LESTARI,TANJUNG PRIOK,SUMATERA SELATAN,508,208058,UNKNOWN,UNKNOWN,UNKNOWN COUNTRY,NINGBO,CHINA (MAINLAND)
2020,470329,ROYAL GOLDEN EAGLE,APRIL,BUATAN,RIAU,1004,332424,UNKNOWN,UNKNOWN,UNKNOWN COUNTRY,SINGAPORE,CHINA (MAINLAND)
2020,470329,ROYAL GOLDEN EAGLE,APRIL,BUATAN,RIAU,105,34660,UNKNOWN,UNKNOWN,UNKNOWN COUNTRY,SINGAPORE,TAIWAN
2020,470329,ROYAL GOLDEN EAGLE,APRIL,BUATAN,RIAU,502,166326,UNKNOWN,UNKNOWN,UNKNOWN COUNTRY,SINGAPORE,VIETNAM
2020,470329,MARUBENI,TANJUNG ENIM LESTARI,PANJANG,SUMATERA SELATAN,505,206625,UNKNOWN,UNKNOWN,UNKNOWN COUNTRY,CHONGQING,CHINA (MAINLAND)
2020,470329,MARUBENI,TANJUNG ENIM LESTARI,PANJANG,SUMATERA SELATAN,513,213054,UNKNOWN,UNKNOWN,UNKNOWN COUNTRY,WUHAN,CHINA (MAINLAND)
2020,470329,MARUBENI,TANJUNG ENIM LESTARI,PANJANG,SUMATERA SELATAN,1012,431697,UNKNOWN,UNKNOWN,UNKNOWN COUNTRY,XINHUI,CHINA (MAINLAND)
2020,470329,SINAR MAS,INDAH KIAT,PERAWANG,RIAU,500,240519,UNKNOWN,UNKNOWN,UNKNOWN COUNTRY,HAIPHONG,VIETNAM
2020,470200,ROYAL GOLDEN EAGLE,APRIL,BUATAN,RIAU,505,247687,UNKNOWN,UNKNOWN,UNKNOWN COUNTRY,SINGAPORE,CHINA (MAINLAND)
2020,470200,ROYAL GOLDEN EAGLE,APRIL,BUATAN,RIAU,506,248058,UNKNOWN,UNKNOWN,UNKNOWN COUNTRY,SINGAPORE,CHINA (MAINLAND)
2020,470329,ROYAL GOLDEN EAGLE,APRIL,BUATAN,RIAU,159,51248,UNKNOWN,UNKNOWN,UNKNOWN COUNTRY,SINGAPORE,DJIBOUTI
2020,470329,ROYAL GOLDEN EAGLE,APRIL,BUATAN,RIAU,113,37300,UNKNOWN,UNKNOWN,UNKNOWN COUNTRY,SINGAPORE,DJIBOUTI
2020,470329,ROYAL GOLDEN EAGLE,APRIL,BUATAN,RIAU,40,13301,UNKNOWN,UNKNOWN,UNKNOWN COUNTRY,SINGAPORE,INDIA
2020,470329,MARUBENI,TANJUNG ENIM LESTARI,PANJANG,SUMATERA SELATAN,104,45923,UNKNOWN,UNKNOWN,UNKNOWN COUNTRY,JAWAHARLAL NEHRU (NHAVA SHEVA),INDIA
2020,470329,MARUBENI,TANJUNG ENIM LESTARI,PANJANG,SUMATERA SELATAN,149,65050,UNKNOWN,UNKNOWN,UNKNOWN COUNTRY,JAWAHARLAL NEHRU (NHAVA SHEVA),INDIA
2020,470329,MARUBENI,TANJUNG ENIM LESTARI,PANJANG,SUMATERA SELATAN,314,136583,UNKNOWN,UNKNOWN,UNKNOWN COUNTRY,PENANG (GEORGETOWN),MALAYSIA
2020,470200,ROYAL GOLDEN EAGLE,APRIL,UNKNOWN,RIAU,506,248057,UNKNOWN,UNKNOWN,UNKNOWN COUNTRY,PORT KELANG,CHINA (MAINLAND)
2020,470200,ROYAL GOLDEN EAGLE,APRIL,UNKNOWN,RIAU,507,248208,UNKNOWN,UNKNOWN,UNKNOWN COUNTRY,PORT KELANG,CHINA (MAINLAND)
2020,470200,ROYAL GOLDEN EAGLE,APRIL,BUATAN,RIAU,506,247989,UNKNOWN,UNKNOWN,UNKNOWN COUNTRY,SINGAPORE,CHINA (MAINLAND)
2020,470200,ROYAL GOLDEN EAGLE,APRIL,BUATAN,RIAU,506,247937,UNKNOWN,UNKNOWN,UNKNOWN COUNTRY,SINGAPORE,CHINA (MAINLAND)
2020,470200,ROYAL GOLDEN EAGLE,APRIL,BUATAN,RIAU,506,247898,UNKNOWN,UNKNOWN,UNKNOWN COUNTRY,SINGAPORE,CHINA (MAINLAND)
2020,470329,MARUBENI,TANJUNG ENIM LESTARI,PANJANG,SUMATERA SELATAN,1015,401997,UNKNOWN,UNKNOWN,UNKNOWN COUNTRY,CHONGQING,CHINA (MAINLAND)
2020,470329,ROYAL GOLDEN EAGLE,APRIL,UNKNOWN,RIAU,3986,1228726,UNKNOWN,UNKNOWN,UNKNOWN COUNTRY,CHANGSHU,CHINA (MAINLAND)
2020,470200,ROYAL GOLDEN EAGLE,APRIL,UNKNOWN,RIAU,506,248158,UNKNOWN,UNKNOWN,UNKNOWN COUNTRY,PORT KELANG,CHINA (MAINLAND)
2020,470200,ROYAL GOLDEN EAGLE,APRIL,UNKNOWN,RIAU,506,247924,UNKNOWN,UNKNOWN,UNKNOWN COUNTRY,PORT KELANG,CHINA (MAINLAND)
2020,470200,ROYAL GOLDEN EAGLE,APRIL,UNKNOWN,RIAU,506,248006,UNKNOWN,UNKNOWN,UNKNOWN COUNTRY,PORT KELANG,CHINA (MAINLAND)
2020,470200,ROYAL GOLDEN EAGLE,APRIL,UNKNOWN,RIAU,506,247975,UNKNOWN,UNKNOWN,UNKNOWN COUNTRY,PORT KELANG,CHINA (MAINLAND)
2020,470329,ROYAL GOLDEN EAGLE,APRIL,UNKNOWN,RIAU,4995,1523475,UNKNOWN,UNKNOWN,UNKNOWN COUNTRY,QINGDAO,CHINA (MAINLAND)
2020,470200,ROYAL GOLDEN EAGLE,APRIL,BUATAN,RIAU,506,247973,UNKNOWN,UNKNOWN,UNKNOWN COUNTRY,SINGAPORE,CHINA (MAINLAND)
2020,470329,ROYAL GOLDEN EAGLE,APRIL,BUATAN,RIAU,1004,332481,UNKNOWN,UNKNOWN,UNKNOWN COUNTRY,SINGAPORE,CHINA (MAINLAND)
2020,470329,ROYAL GOLDEN EAGLE,APRIL,BUATAN,RIAU,257,85176,UNKNOWN,UNKNOWN,UNKNOWN COUNTRY,SINGAPORE,EGYPT
2020,470329,MARUBENI,TANJUNG ENIM LESTARI,PANJANG,SUMATERA SELATAN,1020,403937,UNKNOWN,UNKNOWN,UNKNOWN COUNTRY,CHONGQING,CHINA (MAINLAND)
2020,470329,SINAR MAS,OKI,SULTAN MAHMUD BADARUDDIN (U),SUMATERA SELATAN,2500,1196875,UNKNOWN,UNKNOWN,UNKNOWN COUNTRY,CHANGSHU,CHINA (MAINLAND)
2020,470329,SINAR MAS,OKI,SULTAN MAHMUD BADARUDDIN (U),SUMATERA SELATAN,4000,1915000,UNKNOWN,UNKNOWN,UNKNOWN COUNTRY,CHANGSHU,CHINA (MAINLAND)
2020,470329,SINAR MAS,OKI,SULTAN MAHMUD BADARUDDIN (U),SUMATERA SELATAN,1500,718125,UNKNOWN,UNKNOWN,UNKNOWN COUNTRY,CHANGSHU,CHINA (MAINLAND)
2020,470329,SINAR MAS,OKI,SULTAN MAHMUD BADARUDDIN (U),SUMATERA SELATAN,600,287250,UNKNOWN,UNKNOWN,UNKNOWN COUNTRY,CHANGSHU,CHINA (MAINLAND)
2020,470329,SINAR MAS,OKI,SULTAN MAHMUD BADARUDDIN (U),SUMATERA SELATAN,2000,956950,UNKNOWN,UNKNOWN,UNKNOWN COUNTRY,GAOLAN,CHINA (MAINLAND)
2020,470329,SINAR MAS,INDAH KIAT,SUNGAI PAKNING,RIAU,6000,2893500,UNKNOWN,UNKNOWN,UNKNOWN COUNTRY,CHANGSHU,CHINA (MAINLAND)
2020,470329,SINAR MAS,INDAH KIAT,SUNGAI PAKNING,RIAU,1700,819825,UNKNOWN,UNKNOWN,UNKNOWN COUNTRY,CHANGSHU,CHINA (MAINLAND)
2020,470329,SINAR MAS,INDAH KIAT,SUNGAI PAKNING,RIAU,9500,4569252,UNKNOWN,UNKNOWN,UNKNOWN COUNTRY,QINGDAO,CHINA (MAINLAND)
2020,470200,ROYAL GOLDEN EAGLE,APRIL,UNKNOWN,RIAU,507,248236,UNKNOWN,UNKNOWN,UNKNOWN COUNTRY,TANJUNG PELEPAS,CHINA (MAINLAND)
2020,470200,ROYAL GOLDEN EAGLE,APRIL,UNKNOWN,RIAU,506,248030,UNKNOWN,UNKNOWN,UNKNOWN COUNTRY,TANJUNG PELEPAS,CHINA (MAINLAND)
2020,470200,ROYAL GOLDEN EAGLE,APRIL,BUATAN,RIAU,506,248090,UNKNOWN,UNKNOWN,UNKNOWN COUNTRY,SINGAPORE,CHINA (MAINLAND)
2020,470200,ROYAL GOLDEN EAGLE,APRIL,BUATAN,RIAU,506,247954,UNKNOWN,UNKNOWN,UNKNOWN COUNTRY,SINGAPORE,CHINA (MAINLAND)
2020,470200,ROYAL GOLDEN EAGLE,APRIL,BUATAN,RIAU,506,248107,UNKNOWN,UNKNOWN,UNKNOWN COUNTRY,SINGAPORE,CHINA (MAINLAND)
2020,470200,ROYAL GOLDEN EAGLE,APRIL,BUATAN,RIAU,507,248329,UNKNOWN,UNKNOWN,UNKNOWN COUNTRY,SINGAPORE,CHINA (MAINLAND)
2020,470200,ROYAL GOLDEN EAGLE,APRIL,BUATAN,RIAU,506,248046,UNKNOWN,UNKNOWN,UNKNOWN COUNTRY,SINGAPORE,CHINA (MAINLAND)
2020,470329,ROYAL GOLDEN EAGLE,APRIL,BUATAN,RIAU,1506,459335,UNKNOWN,UNKNOWN,UNKNOWN COUNTRY,SINGAPORE,CHINA (MAINLAND)
2020,470329,SINAR MAS,OKI,SULTAN MAHMUD BADARUDDIN (U),SUMATERA SELATAN,1000,480250,UNKNOWN,UNKNOWN,UNKNOWN COUNTRY,CHANGSHU,CHINA (MAINLAND)
2020,470329,SINAR MAS,OKI,SULTAN MAHMUD BADARUDDIN (U),SUMATERA SELATAN,5400,2591865,UNKNOWN,UNKNOWN,UNKNOWN COUNTRY,CHANGSHU,CHINA (MAINLAND)
2020,470329,SINAR MAS,OKI,SULTAN MAHMUD BADARUDDIN (U),SUMATERA SELATAN,600,288150,UNKNOWN,UNKNOWN,UNKNOWN COUNTRY,CHANGSHU,CHINA (MAINLAND)
2020,470329,SINAR MAS,OKI,SULTAN MAHMUD BADARUDDIN (U),SUMATERA SELATAN,2500,1213125,UNKNOWN,UNKNOWN,UNKNOWN COUNTRY,CHANGSHU,CHINA (MAINLAND)
2020,470329,SINAR MAS,OKI,SULTAN MAHMUD BADARUDDIN (U),SUMATERA SELATAN,2100,1019025,UNKNOWN,UNKNOWN,UNKNOWN COUNTRY,CHANGSHU,CHINA (MAINLAND)
2020,470200,ROYAL GOLDEN EAGLE,APRIL,UNKNOWN,RIAU,507,248599,UNKNOWN,UNKNOWN,UNKNOWN COUNTRY,TANJUNG PELEPAS,CHINA (MAINLAND)
2020,470200,ROYAL GOLDEN EAGLE,APRIL,UNKNOWN,RIAU,506,248075,UNKNOWN,UNKNOWN,UNKNOWN COUNTRY,TANJUNG PELEPAS,CHINA (MAINLAND)
2020,470329,SINAR MAS,OKI,SULTAN MAHMUD BADARUDDIN (U),SUMATERA SELATAN,3000,1440000,UNKNOWN,UNKNOWN,UNKNOWN COUNTRY,CHITTAGONG,BANGLADESH
2020,470329,SINAR MAS,OKI,SULTAN MAHMUD BADARUDDIN (U),SUMATERA SELATAN,5000,2400000,UNKNOWN,UNKNOWN,UNKNOWN COUNTRY,CHITTAGONG,BANGLADESH
2020,470329,SINAR MAS,OKI,SULTAN MAHMUD BADARUDDIN (U),SUMATERA SELATAN,2000,960000,UNKNOWN,UNKNOWN,UNKNOWN COUNTRY,CHITTAGONG,BANGLADESH
2020,470329,ROYAL GOLDEN EAGLE,APRIL,UNKNOWN,RIAU,8493,2590297,UNKNOWN,UNKNOWN,UNKNOWN COUNTRY,CHANGSHU,CHINA (MAINLAND)
2020,470200,ROYAL GOLDEN EAGLE,APRIL,UNKNOWN,RIAU,506,248160,UNKNOWN,UNKNOWN,UNKNOWN COUNTRY,PORT KELANG,CHINA (MAINLAND)
2020,470329,ROYAL GOLDEN EAGLE,APRIL,UNKNOWN,RIAU,2611,796497,UNKNOWN,UNKNOWN,UNKNOWN COUNTRY,ZHANJIANG,CHINA (MAINLAND)
2020,470200,ROYAL GOLDEN EAGLE,APRIL,BUATAN,RIAU,507,248599,UNKNOWN,UNKNOWN,UNKNOWN COUNTRY,SINGAPORE,CHINA (MAINLAND)
2020,470200,ROYAL GOLDEN EAGLE,APRIL,BUATAN,RIAU,507,248246,UNKNOWN,UNKNOWN,UNKNOWN COUNTRY,SINGAPORE,CHINA (MAINLAND)
2020,470200,ROYAL GOLDEN EAGLE,APRIL,BUATAN,RIAU,507,248347,UNKNOWN,UNKNOWN,UNKNOWN COUNTRY,SINGAPORE,CHINA (MAINLAND)
2020,470329,ROYAL GOLDEN EAGLE,APRIL,BUATAN,RIAU,503,162498,UNKNOWN,UNKNOWN,UNKNOWN COUNTRY,SINGAPORE,INDIA
2020,470329,ROYAL GOLDEN EAGLE,APRIL,BUATAN,RIAU,1065,324925,UNKNOWN,UNKNOWN,UNKNOWN COUNTRY,SINGAPORE,PAKISTAN
2020,470329,SINAR MAS,INDAH KIAT,PERAWANG,RIAU,1000,488138,UNKNOWN,UNKNOWN,UNKNOWN COUNTRY,DALIAN,CHINA (MAINLAND)
2020,470329,SINAR MAS,INDAH KIAT,PERAWANG,RIAU,500,242916,UNKNOWN,UNKNOWN,UNKNOWN COUNTRY,DALIAN,CHINA (MAINLAND)
2020,470329,SINAR MAS,OKI,SULTAN MAHMUD BADARUDDIN (U),SUMATERA SELATAN,10000,4789750,UNKNOWN,UNKNOWN,UNKNOWN COUNTRY,QINGDAO,CHINA (MAINLAND)
2020,470329,SINAR MAS,OKI,SULTAN MAHMUD BADARUDDIN (U),SUMATERA SELATAN,504,243163,UNKNOWN,UNKNOWN,UNKNOWN COUNTRY,SINGAPORE,CHINA (MAINLAND)
2020,470329,SINAR MAS,OKI,SULTAN MAHMUD BADARUDDIN (U),SUMATERA SELATAN,528,254742,UNKNOWN,UNKNOWN,UNKNOWN COUNTRY,SINGAPORE,CHINA (MAINLAND)
2020,470329,MARUBENI,TANJUNG ENIM LESTARI,TANJUNG PRIOK,SUMATERA SELATAN,1040,416921,UNKNOWN,UNKNOWN,UNKNOWN COUNTRY,YINGKOU,CHINA (MAINLAND)
2020,470329,MARUBENI,TANJUNG ENIM LESTARI,TANJUNG PRIOK,SUMATERA SELATAN,19,8162,UNKNOWN,UNKNOWN,UNKNOWN COUNTRY,OSAKA,JAPAN
2020,470329,MARUBENI,TANJUNG ENIM LESTARI,TANJUNG PRIOK,SUMATERA SELATAN,77,32327,UNKNOWN,UNKNOWN,UNKNOWN COUNTRY,SHIMIZU,JAPAN
2020,470329,MARUBENI,TANJUNG ENIM LESTARI,TANJUNG PRIOK,SUMATERA SELATAN,96,40187,UNKNOWN,UNKNOWN,UNKNOWN COUNTRY,SHIMIZU,JAPAN
2020,470200,ROYAL GOLDEN EAGLE,APRIL,UNKNOWN,RIAU,507,248234,UNKNOWN,UNKNOWN,UNKNOWN COUNTRY,PORT KELANG,CHINA (MAINLAND)
2020,470200,ROYAL GOLDEN EAGLE,APRIL,UNKNOWN,RIAU,507,248325,UNKNOWN,UNKNOWN,UNKNOWN COUNTRY,PORT KELANG,CHINA (MAINLAND)
2020,470200,ROYAL GOLDEN EAGLE,APRIL,UNKNOWN,RIAU,506,248179,UNKNOWN,UNKNOWN,UNKNOWN COUNTRY,PORT KELANG,CHINA (MAINLAND)
2020,470200,ROYAL GOLDEN EAGLE,APRIL,BUATAN,RIAU,507,248481,UNKNOWN,UNKNOWN,UNKNOWN COUNTRY,SINGAPORE,CHINA (MAINLAND)
2020,470329,MARUBENI,TANJUNG ENIM LESTARI,PANJANG,SUMATERA SELATAN,318,131433,UNKNOWN,UNKNOWN,UNKNOWN COUNTRY,MELBOURNE,AUSTRALIA
2020,470329,MARUBENI,TANJUNG ENIM LESTARI,PANJANG,SUMATERA SELATAN,1035,427734,UNKNOWN,UNKNOWN,UNKNOWN COUNTRY,XINHUI,CHINA (MAINLAND)
2020,470200,ROYAL GOLDEN EAGLE,APRIL,UNKNOWN,RIAU,507,248308,UNKNOWN,UNKNOWN,UNKNOWN COUNTRY,PORT KELANG,CHINA (MAINLAND)
2020,470200,ROYAL GOLDEN EAGLE,APRIL,UNKNOWN,RIAU,507,248209,UNKNOWN,UNKNOWN,UNKNOWN COUNTRY,PORT KELANG,CHINA (MAINLAND)
2020,470200,ROYAL GOLDEN EAGLE,APRIL,BUATAN,RIAU,365,178808,UNKNOWN,UNKNOWN,UNKNOWN COUNTRY,SINGAPORE,CHINA (MAINLAND)
2020,470200,ROYAL GOLDEN EAGLE,APRIL,BUATAN,RIAU,507,248254,UNKNOWN,UNKNOWN,UNKNOWN COUNTRY,SINGAPORE,CHINA (MAINLAND)
2020,470329,ROYAL GOLDEN EAGLE,APRIL,BUATAN,RIAU,1004,306160,UNKNOWN,UNKNOWN,UNKNOWN COUNTRY,SINGAPORE,CHINA (MAINLAND)
2020,470329,SINAR MAS,INDAH KIAT,PERAWANG,RIAU,700,341714,UNKNOWN,UNKNOWN,UNKNOWN COUNTRY,SHANGHAI,CHINA (MAINLAND)
2020,470329,SINAR MAS,INDAH KIAT,PERAWANG,RIAU,500,240594,UNKNOWN,UNKNOWN,UNKNOWN COUNTRY,HAIPHONG,VIETNAM
2020,470200,ROYAL GOLDEN EAGLE,APRIL,UNKNOWN,RIAU,506,248154,UNKNOWN,UNKNOWN,UNKNOWN COUNTRY,PORT KELANG,CHINA (MAINLAND)
2020,470200,ROYAL GOLDEN EAGLE,APRIL,UNKNOWN,RIAU,506,247988,UNKNOWN,UNKNOWN,UNKNOWN COUNTRY,PORT KELANG,CHINA (MAINLAND)
2020,470200,ROYAL GOLDEN EAGLE,APRIL,BUATAN,RIAU,506,248156,UNKNOWN,UNKNOWN,UNKNOWN COUNTRY,SINGAPORE,CHINA (MAINLAND)
2020,470329,MARUBENI,TANJUNG ENIM LESTARI,PANJANG,SUMATERA SELATAN,1045,433378,UNKNOWN,UNKNOWN,UNKNOWN COUNTRY,WUHAN,CHINA (MAINLAND)
2020,470329,SINAR MAS,OKI,SULTAN MAHMUD BADARUDDIN (U),SUMATERA SELATAN,10000,4808000,UNKNOWN,UNKNOWN,UNKNOWN COUNTRY,NINGBO,CHINA (MAINLAND)
2020,470329,SINAR MAS,OKI,SULTAN MAHMUD BADARUDDIN (U),SUMATERA SELATAN,1000,480800,UNKNOWN,UNKNOWN,UNKNOWN COUNTRY,NINGBO,CHINA (MAINLAND)
2020,470329,MARUBENI,TANJUNG ENIM LESTARI,TARAHAN,SUMATERA SELATAN,2128,863267,UNKNOWN,UNKNOWN,UNKNOWN COUNTRY,QINGDAO,CHINA (MAINLAND)
2020,470329,MARUBENI,TANJUNG ENIM LESTARI,TARAHAN,SUMATERA SELATAN,1063,431349,UNKNOWN,UNKNOWN,UNKNOWN COUNTRY,QINGDAO,CHINA (MAINLAND)
2020,470329,MARUBENI,TANJUNG ENIM LESTARI,TARAHAN,SUMATERA SELATAN,1065,432120,UNKNOWN,UNKNOWN,UNKNOWN COUNTRY,QINGDAO,CHINA (MAINLAND)
2020,470329,MARUBENI,TANJUNG ENIM LESTARI,TARAHAN,SUMATERA SELATAN,1064,442152,UNKNOWN,UNKNOWN,UNKNOWN COUNTRY,QINGDAO,CHINA (MAINLAND)
2020,470329,MARUBENI,TANJUNG ENIM LESTARI,TARAHAN,SUMATERA SELATAN,1065,427271,UNKNOWN,UNKNOWN,UNKNOWN COUNTRY,XINGANG,CHINA (MAINLAND)
2020,470329,MARUBENI,TANJUNG ENIM LESTARI,TARAHAN,SUMATERA SELATAN,319,123085,UNKNOWN,UNKNOWN,UNKNOWN COUNTRY,XINGANG,CHINA (MAINLAND)
2020,470329,MARUBENI,TANJUNG ENIM LESTARI,TARAHAN,SUMATERA SELATAN,3192,1296352,UNKNOWN,UNKNOWN,UNKNOWN COUNTRY,XINGANG,CHINA (MAINLAND)
2020,470200,ROYAL GOLDEN EAGLE,APRIL,UNKNOWN,RIAU,506,248131,UNKNOWN,UNKNOWN,UNKNOWN COUNTRY,PORT KELANG,CHINA (MAINLAND)
2020,470200,ROYAL GOLDEN EAGLE,APRIL,UNKNOWN,RIAU,507,248317,UNKNOWN,UNKNOWN,UNKNOWN COUNTRY,PORT KELANG,CHINA (MAINLAND)
2020,470200,ROYAL GOLDEN EAGLE,APRIL,UNKNOWN,RIAU,507,248281,UNKNOWN,UNKNOWN,UNKNOWN COUNTRY,PORT KELANG,CHINA (MAINLAND)
2020,470200,ROYAL GOLDEN EAGLE,APRIL,UNKNOWN,RIAU,506,248093,UNKNOWN,UNKNOWN,UNKNOWN COUNTRY,PORT KELANG,CHINA (MAINLAND)
2020,470329,ROYAL GOLDEN EAGLE,APRIL,UNKNOWN,RIAU,10447,3186386,UNKNOWN,UNKNOWN,UNKNOWN COUNTRY,GUNSAN,SOUTH KOREA
2020,470329,ROYAL GOLDEN EAGLE,APRIL,UNKNOWN,RIAU,3668,1118724,UNKNOWN,UNKNOWN,UNKNOWN COUNTRY,PYEONGTAEK,SOUTH KOREA
2020,470200,ROYAL GOLDEN EAGLE,APRIL,BUATAN,RIAU,506,248108,UNKNOWN,UNKNOWN,UNKNOWN COUNTRY,SINGAPORE,CHINA (MAINLAND)
2020,470329,ROYAL GOLDEN EAGLE,APRIL,BUATAN,RIAU,503,166416,UNKNOWN,UNKNOWN,UNKNOWN COUNTRY,SINGAPORE,VIETNAM
2020,470329,MARUBENI,TANJUNG ENIM LESTARI,PANJANG,SUMATERA SELATAN,534,218541,UNKNOWN,UNKNOWN,UNKNOWN COUNTRY,CHONGQING,CHINA (MAINLAND)
2020,470329,MARUBENI,TANJUNG ENIM LESTARI,PANJANG,SUMATERA SELATAN,106,45769,UNKNOWN,UNKNOWN,UNKNOWN COUNTRY,JAWAHARLAL NEHRU (NHAVA SHEVA),INDIA
2020,470329,MARUBENI,TANJUNG ENIM LESTARI,PANJANG,SUMATERA SELATAN,148,64865,UNKNOWN,UNKNOWN,UNKNOWN COUNTRY,JAWAHARLAL NEHRU (NHAVA SHEVA),INDIA
2020,470329,MARUBENI,TANJUNG ENIM LESTARI,PANJANG,SUMATERA SELATAN,96,41812,UNKNOWN,UNKNOWN,UNKNOWN COUNTRY,BUSAN,SOUTH KOREA
2020,470329,MARUBENI,TANJUNG ENIM LESTARI,PANJANG,SUMATERA SELATAN,318,140391,UNKNOWN,UNKNOWN,UNKNOWN COUNTRY,CAT LAI,VIETNAM
2020,470329,SINAR MAS,INDAH KIAT,PERAWANG,RIAU,1000,491238,UNKNOWN,UNKNOWN,UNKNOWN COUNTRY,SHANGHAI,CHINA (MAINLAND)
2020,470200,ROYAL GOLDEN EAGLE,APRIL,UNKNOWN,RIAU,507,248237,UNKNOWN,UNKNOWN,UNKNOWN COUNTRY,PORT KELANG,CHINA (MAINLAND)
2020,470200,ROYAL GOLDEN EAGLE,APRIL,UNKNOWN,RIAU,507,248242,UNKNOWN,UNKNOWN,UNKNOWN COUNTRY,PORT KELANG,CHINA (MAINLAND)
2020,470200,ROYAL GOLDEN EAGLE,APRIL,UNKNOWN,RIAU,507,248195,UNKNOWN,UNKNOWN,UNKNOWN COUNTRY,PORT KELANG,CHINA (MAINLAND)
2020,470200,ROYAL GOLDEN EAGLE,APRIL,UNKNOWN,RIAU,507,248222,UNKNOWN,UNKNOWN,UNKNOWN COUNTRY,PORT KELANG,CHINA (MAINLAND)
2020,470329,ROYAL GOLDEN EAGLE,APRIL,BUATAN,RIAU,503,166465,UNKNOWN,UNKNOWN,UNKNOWN COUNTRY,PORT KELANG,BANGLADESH
2020,470329,ROYAL GOLDEN EAGLE,APRIL,BUATAN,RIAU,502,166323,UNKNOWN,UNKNOWN,UNKNOWN COUNTRY,PORT KELANG,BANGLADESH
2020,470200,ROYAL GOLDEN EAGLE,APRIL,BUATAN,RIAU,142,69534,UNKNOWN,UNKNOWN,UNKNOWN COUNTRY,PORT KELANG,CHINA (MAINLAND)
2020,470329,ROYAL GOLDEN EAGLE,APRIL,BUATAN,RIAU,1005,306428,UNKNOWN,UNKNOWN,UNKNOWN COUNTRY,SINGAPORE,CHINA (MAINLAND)
2020,470329,ROYAL GOLDEN EAGLE,APRIL,BUATAN,RIAU,502,153129,UNKNOWN,UNKNOWN,UNKNOWN COUNTRY,SINGAPORE,CHINA (MAINLAND)
2020,470329,SINAR MAS,INDAH KIAT,PERAWANG,RIAU,160,77274,UNKNOWN,UNKNOWN,UNKNOWN COUNTRY,DA NANG,VIETNAM
2020,470329,SINAR MAS,INDAH KIAT,PERAWANG,RIAU,500,240594,UNKNOWN,UNKNOWN,UNKNOWN COUNTRY,HAIPHONG,VIETNAM
2020,470329,SINAR MAS,OKI,SULTAN MAHMUD BADARUDDIN (U),SUMATERA SELATAN,4600,2203285,UNKNOWN,UNKNOWN,UNKNOWN COUNTRY,CHANGSHU,CHINA (MAINLAND)
2020,470329,SINAR MAS,OKI,SULTAN MAHMUD BADARUDDIN (U),SUMATERA SELATAN,700,335475,UNKNOWN,UNKNOWN,UNKNOWN COUNTRY,CHANGSHU,CHINA (MAINLAND)
2020,470329,SINAR MAS,OKI,SULTAN MAHMUD BADARUDDIN (U),SUMATERA SELATAN,3400,1629450,UNKNOWN,UNKNOWN,UNKNOWN COUNTRY,CHANGSHU,CHINA (MAINLAND)
2020,470329,SINAR MAS,OKI,SULTAN MAHMUD BADARUDDIN (U),SUMATERA SELATAN,2500,1198125,UNKNOWN,UNKNOWN,UNKNOWN COUNTRY,CHANGSHU,CHINA (MAINLAND)
2020,470329,SINAR MAS,OKI,SULTAN MAHMUD BADARUDDIN (U),SUMATERA SELATAN,2500,1234917,UNKNOWN,UNKNOWN,UNKNOWN COUNTRY,NANSHA,CHINA (MAINLAND)
2020,470329,SINAR MAS,OKI,SULTAN MAHMUD BADARUDDIN (U),SUMATERA SELATAN,7000,3360000,UNKNOWN,UNKNOWN,UNKNOWN COUNTRY,ZHENJIANG,CHINA (MAINLAND)
2020,470200,ROYAL GOLDEN EAGLE,APRIL,BUATAN,RIAU,507,248201,UNKNOWN,UNKNOWN,UNKNOWN COUNTRY,SINGAPORE,CHINA (MAINLAND)
2020,470200,ROYAL GOLDEN EAGLE,APRIL,BUATAN,RIAU,506,248111,UNKNOWN,UNKNOWN,UNKNOWN COUNTRY,SINGAPORE,CHINA (MAINLAND)
2020,470329,ROYAL GOLDEN EAGLE,APRIL,BUATAN,RIAU,1004,332342,UNKNOWN,UNKNOWN,UNKNOWN COUNTRY,SINGAPORE,CHINA (MAINLAND)
2020,470200,ROYAL GOLDEN EAGLE,APRIL,UNKNOWN,RIAU,506,248051,UNKNOWN,UNKNOWN,UNKNOWN COUNTRY,PORT KELANG,CHINA (MAINLAND)
2020,470200,ROYAL GOLDEN EAGLE,APRIL,UNKNOWN,RIAU,507,248192,UNKNOWN,UNKNOWN,UNKNOWN COUNTRY,PORT KELANG,CHINA (MAINLAND)
2020,470200,ROYAL GOLDEN EAGLE,APRIL,UNKNOWN,RIAU,507,248196,UNKNOWN,UNKNOWN,UNKNOWN COUNTRY,PORT KELANG,CHINA (MAINLAND)
2020,470200,ROYAL GOLDEN EAGLE,APRIL,UNKNOWN,RIAU,506,248049,UNKNOWN,UNKNOWN,UNKNOWN COUNTRY,PORT KELANG,CHINA (MAINLAND)
2020,470200,ROYAL GOLDEN EAGLE,APRIL,UNKNOWN,RIAU,506,247917,UNKNOWN,UNKNOWN,UNKNOWN COUNTRY,PORT KELANG,CHINA (MAINLAND)
2020,470200,ROYAL GOLDEN EAGLE,APRIL,UNKNOWN,RIAU,507,248276,UNKNOWN,UNKNOWN,UNKNOWN COUNTRY,PORT KELANG,CHINA (MAINLAND)
2020,470200,ROYAL GOLDEN EAGLE,APRIL,UNKNOWN,RIAU,507,248291,UNKNOWN,UNKNOWN,UNKNOWN COUNTRY,PORT KELANG,CHINA (MAINLAND)
2020,470329,ROYAL GOLDEN EAGLE,APRIL,BUATAN,RIAU,502,153091,UNKNOWN,UNKNOWN,UNKNOWN COUNTRY,SINGAPORE,INDIA
2020,470329,ROYAL GOLDEN EAGLE,APRIL,BUATAN,RIAU,502,153157,UNKNOWN,UNKNOWN,UNKNOWN COUNTRY,SINGAPORE,INDIA
2020,470329,ROYAL GOLDEN EAGLE,APRIL,BUATAN,RIAU,60,18393,UNKNOWN,UNKNOWN,UNKNOWN COUNTRY,SINGAPORE,INDIA
2020,470329,ROYAL GOLDEN EAGLE,APRIL,BUATAN,RIAU,141,42881,UNKNOWN,UNKNOWN,UNKNOWN COUNTRY,SINGAPORE,INDIA
2020,470329,ROYAL GOLDEN EAGLE,APRIL,BUATAN,RIAU,60,18385,UNKNOWN,UNKNOWN,UNKNOWN COUNTRY,SINGAPORE,INDIA
2020,470329,SINAR MAS,LONTAR PAPYRUS,KUALA TUNGKAL,JAMBI,502,250159,UNKNOWN,UNKNOWN,UNKNOWN COUNTRY,CHITTAGONG,BANGLADESH
2020,470329,SINAR MAS,INDAH KIAT,PERAWANG,RIAU,500,241649,UNKNOWN,UNKNOWN,UNKNOWN COUNTRY,EL ISKANDARIYA (=ALEXANDRIA),EGYPT
2020,470329,SINAR MAS,OKI,SULTAN MAHMUD BADARUDDIN (U),SUMATERA SELATAN,2300,1104000,UNKNOWN,UNKNOWN,UNKNOWN COUNTRY,CHANGSHU,CHINA (MAINLAND)
2020,470329,SINAR MAS,OKI,SULTAN MAHMUD BADARUDDIN (U),SUMATERA SELATAN,2290,1099200,UNKNOWN,UNKNOWN,UNKNOWN COUNTRY,CHANGSHU,CHINA (MAINLAND)
2020,470329,SINAR MAS,OKI,SULTAN MAHMUD BADARUDDIN (U),SUMATERA SELATAN,2410,1156800,UNKNOWN,UNKNOWN,UNKNOWN COUNTRY,CHANGSHU,CHINA (MAINLAND)
2020,470329,MARUBENI,TANJUNG ENIM LESTARI,TANJUNG PRIOK,SUMATERA SELATAN,532,210373,UNKNOWN,UNKNOWN,UNKNOWN COUNTRY,NINGBO,CHINA (MAINLAND)
2020,470329,MARUBENI,TANJUNG ENIM LESTARI,TANJUNG PRIOK,SUMATERA SELATAN,533,205414,UNKNOWN,UNKNOWN,UNKNOWN COUNTRY,YINGKOU,CHINA (MAINLAND)
2020,470329,MARUBENI,TANJUNG ENIM LESTARI,TANJUNG PRIOK,SUMATERA SELATAN,524,216483,UNKNOWN,UNKNOWN,UNKNOWN COUNTRY,LAEM CHABANG,THAILAND
2020,470200,ROYAL GOLDEN EAGLE,APRIL,UNKNOWN,RIAU,507,248235,UNKNOWN,UNKNOWN,UNKNOWN COUNTRY,PORT KELANG,CHINA (MAINLAND)
2020,470200,ROYAL GOLDEN EAGLE,APRIL,BUATAN,RIAU,507,248236,UNKNOWN,UNKNOWN,UNKNOWN COUNTRY,SINGAPORE,CHINA (MAINLAND)
2020,470200,ROYAL GOLDEN EAGLE,APRIL,BUATAN,RIAU,507,248225,UNKNOWN,UNKNOWN,UNKNOWN COUNTRY,SINGAPORE,CHINA (MAINLAND)
2020,470200,ROYAL GOLDEN EAGLE,APRIL,BUATAN,RIAU,506,247992,UNKNOWN,UNKNOWN,UNKNOWN COUNTRY,SINGAPORE,CHINA (MAINLAND)
2020,470200,ROYAL GOLDEN EAGLE,APRIL,BUATAN,RIAU,507,248256,UNKNOWN,UNKNOWN,UNKNOWN COUNTRY,SINGAPORE,CHINA (MAINLAND)
2020,470200,ROYAL GOLDEN EAGLE,APRIL,BUATAN,RIAU,506,248105,UNKNOWN,UNKNOWN,UNKNOWN COUNTRY,SINGAPORE,CHINA (MAINLAND)
2020,470329,ROYAL GOLDEN EAGLE,APRIL,BUATAN,RIAU,161,48972,UNKNOWN,UNKNOWN,UNKNOWN COUNTRY,SINGAPORE,INDIA
2020,470329,SINAR MAS,LONTAR PAPYRUS,KUALA TUNGKAL,JAMBI,502,241205,UNKNOWN,UNKNOWN,UNKNOWN COUNTRY,HAIPHONG,VIETNAM
2020,470329,MARUBENI,TANJUNG ENIM LESTARI,PANJANG,SUMATERA SELATAN,1037,428461,UNKNOWN,UNKNOWN,UNKNOWN COUNTRY,XINHUI,CHINA (MAINLAND)
2020,470329,MARUBENI,TANJUNG ENIM LESTARI,PANJANG,SUMATERA SELATAN,104,44720,UNKNOWN,UNKNOWN,UNKNOWN COUNTRY,JAWAHARLAL NEHRU (NHAVA SHEVA),INDIA
2020,470329,MARUBENI,TANJUNG ENIM LESTARI,PANJANG,SUMATERA SELATAN,194,83523,UNKNOWN,UNKNOWN,UNKNOWN COUNTRY,TOMAKOMAI,JAPAN
2020,470329,SINAR MAS,OKI,SULTAN MAHMUD BADARUDDIN (U),SUMATERA SELATAN,2600,1246440,UNKNOWN,UNKNOWN,UNKNOWN COUNTRY,CHANGSHU,CHINA (MAINLAND)
2020,470329,SINAR MAS,OKI,SULTAN MAHMUD BADARUDDIN (U),SUMATERA SELATAN,1000,479400,UNKNOWN,UNKNOWN,UNKNOWN COUNTRY,CHANGSHU,CHINA (MAINLAND)
2020,470329,SINAR MAS,OKI,SULTAN MAHMUD BADARUDDIN (U),SUMATERA SELATAN,1700,814980,UNKNOWN,UNKNOWN,UNKNOWN COUNTRY,CHANGSHU,CHINA (MAINLAND)
2020,470329,SINAR MAS,OKI,SULTAN MAHMUD BADARUDDIN (U),SUMATERA SELATAN,6700,3203438,UNKNOWN,UNKNOWN,UNKNOWN COUNTRY,QINGDAO,CHINA (MAINLAND)
2020,470200,ROYAL GOLDEN EAGLE,TOBA PULP LESTARI,BELAWAN,SUMATERA UTARA,1002,550250,UNKNOWN,UNKNOWN,UNKNOWN COUNTRY,QINGDAO,CHINA (MAINLAND)
2020,470329,ROYAL GOLDEN EAGLE,APRIL,BUATAN,RIAU,241,79894,UNKNOWN,UNKNOWN,UNKNOWN COUNTRY,SINGAPORE,INDIA
2020,470329,MARUBENI,TANJUNG ENIM LESTARI,PANJANG,SUMATERA SELATAN,212,90658,UNKNOWN,UNKNOWN,UNKNOWN COUNTRY,MELBOURNE,AUSTRALIA
2020,470329,MARUBENI,TANJUNG ENIM LESTARI,PANJANG,SUMATERA SELATAN,490,198287,UNKNOWN,UNKNOWN,UNKNOWN COUNTRY,QINZHOU,CHINA (MAINLAND)
2020,470329,SINAR MAS,OKI,SULTAN MAHMUD BADARUDDIN (U),SUMATERA SELATAN,672,324331,UNKNOWN,UNKNOWN,UNKNOWN COUNTRY,SINGAPORE,CHINA (MAINLAND)
2020,470329,SINAR MAS,OKI,SULTAN MAHMUD BADARUDDIN (U),SUMATERA SELATAN,672,324331,UNKNOWN,UNKNOWN,UNKNOWN COUNTRY,SINGAPORE,CHINA (MAINLAND)
2020,470200,ROYAL GOLDEN EAGLE,APRIL,UNKNOWN,RIAU,506,247767,UNKNOWN,UNKNOWN,UNKNOWN COUNTRY,TANJUNG PELEPAS,CHINA (MAINLAND)
2020,470200,ROYAL GOLDEN EAGLE,APRIL,UNKNOWN,RIAU,507,248275,UNKNOWN,UNKNOWN,UNKNOWN COUNTRY,TANJUNG PELEPAS,CHINA (MAINLAND)
2020,470200,ROYAL GOLDEN EAGLE,APRIL,UNKNOWN,RIAU,507,248209,UNKNOWN,UNKNOWN,UNKNOWN COUNTRY,TANJUNG PELEPAS,CHINA (MAINLAND)
2020,470200,ROYAL GOLDEN EAGLE,APRIL,UNKNOWN,RIAU,507,248361,UNKNOWN,UNKNOWN,UNKNOWN COUNTRY,TANJUNG PELEPAS,CHINA (MAINLAND)
2020,470200,ROYAL GOLDEN EAGLE,APRIL,BUATAN,RIAU,506,248078,UNKNOWN,UNKNOWN,UNKNOWN COUNTRY,SINGAPORE,CHINA (MAINLAND)
2020,470200,ROYAL GOLDEN EAGLE,APRIL,BUATAN,RIAU,506,247985,UNKNOWN,UNKNOWN,UNKNOWN COUNTRY,SINGAPORE,CHINA (MAINLAND)
2020,470329,ROYAL GOLDEN EAGLE,APRIL,BUATAN,RIAU,502,153230,UNKNOWN,UNKNOWN,UNKNOWN COUNTRY,SINGAPORE,CHINA (MAINLAND)
2020,470329,ROYAL GOLDEN EAGLE,APRIL,BUATAN,RIAU,101,30784,UNKNOWN,UNKNOWN,UNKNOWN COUNTRY,SINGAPORE,INDIA
2020,470329,MARUBENI,TANJUNG ENIM LESTARI,PANJANG,SUMATERA SELATAN,532,222779,UNKNOWN,UNKNOWN,UNKNOWN COUNTRY,NINGBO,CHINA (MAINLAND)
2020,470329,SINAR MAS,OKI,SULTAN MAHMUD BADARUDDIN (U),SUMATERA SELATAN,3090,1479338,UNKNOWN,UNKNOWN,UNKNOWN COUNTRY,CHANGSHU,CHINA (MAINLAND)
2020,470329,SINAR MAS,OKI,SULTAN MAHMUD BADARUDDIN (U),SUMATERA SELATAN,1400,670250,UNKNOWN,UNKNOWN,UNKNOWN COUNTRY,CHANGSHU,CHINA (MAINLAND)
2020,470329,SINAR MAS,OKI,SULTAN MAHMUD BADARUDDIN (U),SUMATERA SELATAN,3510,1680412,UNKNOWN,UNKNOWN,UNKNOWN COUNTRY,CHANGSHU,CHINA (MAINLAND)
2020,470329,SINAR MAS,OKI,SULTAN MAHMUD BADARUDDIN (U),SUMATERA SELATAN,500,239737,UNKNOWN,UNKNOWN,UNKNOWN COUNTRY,HUANGPU,CHINA (MAINLAND)
2020,470329,SINAR MAS,OKI,SULTAN MAHMUD BADARUDDIN (U),SUMATERA SELATAN,500,239737,UNKNOWN,UNKNOWN,UNKNOWN COUNTRY,HUANGPU,CHINA (MAINLAND)
2020,470329,SINAR MAS,OKI,SULTAN MAHMUD BADARUDDIN (U),SUMATERA SELATAN,1000,479474,UNKNOWN,UNKNOWN,UNKNOWN COUNTRY,HUANGPU,CHINA (MAINLAND)
2020,470329,SINAR MAS,OKI,SULTAN MAHMUD BADARUDDIN (U),SUMATERA SELATAN,500,239737,UNKNOWN,UNKNOWN,UNKNOWN COUNTRY,HUANGPU,CHINA (MAINLAND)
2020,470329,SINAR MAS,OKI,SULTAN MAHMUD BADARUDDIN (U),SUMATERA SELATAN,672,324331,UNKNOWN,UNKNOWN,UNKNOWN COUNTRY,SINGAPORE,CHINA (MAINLAND)
2020,470329,SINAR MAS,INDAH KIAT,SUNGAI PAKNING,RIAU,6000,2864700,UNKNOWN,UNKNOWN,UNKNOWN COUNTRY,CHITTAGONG,BANGLADESH
2020,470200,ROYAL GOLDEN EAGLE,APRIL,UNKNOWN,RIAU,506,247988,UNKNOWN,UNKNOWN,UNKNOWN COUNTRY,PORT KELANG,CHINA (MAINLAND)
2020,470200,ROYAL GOLDEN EAGLE,APRIL,UNKNOWN,RIAU,507,248247,UNKNOWN,UNKNOWN,UNKNOWN COUNTRY,PORT KELANG,CHINA (MAINLAND)
2020,470200,ROYAL GOLDEN EAGLE,APRIL,UNKNOWN,RIAU,507,248343,UNKNOWN,UNKNOWN,UNKNOWN COUNTRY,PORT KELANG,CHINA (MAINLAND)
2020,470200,ROYAL GOLDEN EAGLE,APRIL,UNKNOWN,RIAU,507,248558,UNKNOWN,UNKNOWN,UNKNOWN COUNTRY,PORT KELANG,CHINA (MAINLAND)
2020,470329,ROYAL GOLDEN EAGLE,APRIL,BUATAN,RIAU,502,153144,UNKNOWN,UNKNOWN,UNKNOWN COUNTRY,SINGAPORE,BANGLADESH
2020,470329,ROYAL GOLDEN EAGLE,APRIL,BUATAN,RIAU,1004,306174,UNKNOWN,UNKNOWN,UNKNOWN COUNTRY,SINGAPORE,CHINA (MAINLAND)
2020,470329,ROYAL GOLDEN EAGLE,APRIL,BUATAN,RIAU,1005,306413,UNKNOWN,UNKNOWN,UNKNOWN COUNTRY,SINGAPORE,CHINA (MAINLAND)
2020,470329,ROYAL GOLDEN EAGLE,APRIL,BUATAN,RIAU,1005,306380,UNKNOWN,UNKNOWN,UNKNOWN COUNTRY,SINGAPORE,CHINA (MAINLAND)
2020,470329,MARUBENI,TANJUNG ENIM LESTARI,PANJANG,SUMATERA SELATAN,528,218873,UNKNOWN,UNKNOWN,UNKNOWN COUNTRY,WUHAN,CHINA (MAINLAND)
2020,470329,MARUBENI,TANJUNG ENIM LESTARI,PANJANG,SUMATERA SELATAN,128,53563,UNKNOWN,UNKNOWN,UNKNOWN COUNTRY,LAEM CHABANG,THAILAND
2020,470329,MARUBENI,TANJUNG ENIM LESTARI,PANJANG,SUMATERA SELATAN,213,88098,UNKNOWN,UNKNOWN,UNKNOWN COUNTRY,LAEM CHABANG,THAILAND
2020,470329,SINAR MAS,OKI,SULTAN MAHMUD BADARUDDIN (U),SUMATERA SELATAN,1000,477725,UNKNOWN,UNKNOWN,UNKNOWN COUNTRY,QINGDAO,CHINA (MAINLAND)
2020,470329,SINAR MAS,OKI,SULTAN MAHMUD BADARUDDIN (U),SUMATERA SELATAN,3300,1576492,UNKNOWN,UNKNOWN,UNKNOWN COUNTRY,QINGDAO,CHINA (MAINLAND)
2020,470329,SINAR MAS,OKI,SULTAN MAHMUD BADARUDDIN (U),SUMATERA SELATAN,1000,477725,UNKNOWN,UNKNOWN,UNKNOWN COUNTRY,QINGDAO,CHINA (MAINLAND)
2020,470329,SINAR MAS,OKI,SULTAN MAHMUD BADARUDDIN (U),SUMATERA SELATAN,1000,477725,UNKNOWN,UNKNOWN,UNKNOWN COUNTRY,QINGDAO,CHINA (MAINLAND)
2020,470329,SINAR MAS,OKI,SULTAN MAHMUD BADARUDDIN (U),SUMATERA SELATAN,500,238862,UNKNOWN,UNKNOWN,UNKNOWN COUNTRY,QINGDAO,CHINA (MAINLAND)
2020,470329,SINAR MAS,OKI,SULTAN MAHMUD BADARUDDIN (U),SUMATERA SELATAN,1000,477725,UNKNOWN,UNKNOWN,UNKNOWN COUNTRY,QINGDAO,CHINA (MAINLAND)
2020,470329,SINAR MAS,OKI,SULTAN MAHMUD BADARUDDIN (U),SUMATERA SELATAN,672,324331,UNKNOWN,UNKNOWN,UNKNOWN COUNTRY,SINGAPORE,CHINA (MAINLAND)
2020,470200,ROYAL GOLDEN EAGLE,APRIL,UNKNOWN,RIAU,507,248229,UNKNOWN,UNKNOWN,UNKNOWN COUNTRY,PORT KELANG,CHINA (MAINLAND)
2020,470200,ROYAL GOLDEN EAGLE,APRIL,UNKNOWN,RIAU,506,248045,UNKNOWN,UNKNOWN,UNKNOWN COUNTRY,PORT KELANG,CHINA (MAINLAND)
2020,470200,ROYAL GOLDEN EAGLE,APRIL,UNKNOWN,RIAU,506,247914,UNKNOWN,UNKNOWN,UNKNOWN COUNTRY,PORT KELANG,CHINA (MAINLAND)
2020,470200,ROYAL GOLDEN EAGLE,APRIL,UNKNOWN,RIAU,506,247989,UNKNOWN,UNKNOWN,UNKNOWN COUNTRY,PORT KELANG,CHINA (MAINLAND)
2020,470200,ROYAL GOLDEN EAGLE,APRIL,BUATAN,RIAU,507,248185,UNKNOWN,UNKNOWN,UNKNOWN COUNTRY,SINGAPORE,CHINA (MAINLAND)
2020,470200,ROYAL GOLDEN EAGLE,APRIL,BUATAN,RIAU,507,248295,UNKNOWN,UNKNOWN,UNKNOWN COUNTRY,SINGAPORE,CHINA (MAINLAND)
2020,470200,ROYAL GOLDEN EAGLE,APRIL,BUATAN,RIAU,506,248094,UNKNOWN,UNKNOWN,UNKNOWN COUNTRY,SINGAPORE,CHINA (MAINLAND)
2020,470329,SINAR MAS,OKI,SULTAN MAHMUD BADARUDDIN (U),SUMATERA SELATAN,2200,1053250,UNKNOWN,UNKNOWN,UNKNOWN COUNTRY,CHANGSHU,CHINA (MAINLAND)
2020,470329,SINAR MAS,OKI,SULTAN MAHMUD BADARUDDIN (U),SUMATERA SELATAN,2290,1096338,UNKNOWN,UNKNOWN,UNKNOWN COUNTRY,CHANGSHU,CHINA (MAINLAND)
2020,470329,SINAR MAS,OKI,SULTAN MAHMUD BADARUDDIN (U),SUMATERA SELATAN,5000,2401250,UNKNOWN,UNKNOWN,UNKNOWN COUNTRY,CHANGSHU,CHINA (MAINLAND)
2020,470329,SINAR MAS,OKI,SULTAN MAHMUD BADARUDDIN (U),SUMATERA SELATAN,7000,3361750,UNKNOWN,UNKNOWN,UNKNOWN COUNTRY,CHANGSHU,CHINA (MAINLAND)
2020,470329,SINAR MAS,OKI,SULTAN MAHMUD BADARUDDIN (U),SUMATERA SELATAN,2500,1198438,UNKNOWN,UNKNOWN,UNKNOWN COUNTRY,TIANJIN,CHINA (MAINLAND)
2020,470329,SINAR MAS,OKI,SULTAN MAHMUD BADARUDDIN (U),SUMATERA SELATAN,2500,1198438,UNKNOWN,UNKNOWN,UNKNOWN COUNTRY,TIANJIN,CHINA (MAINLAND)
2020,470329,SINAR MAS,OKI,SULTAN MAHMUD BADARUDDIN (U),SUMATERA SELATAN,5000,2396875,UNKNOWN,UNKNOWN,UNKNOWN COUNTRY,TIANJIN,CHINA (MAINLAND)
2020,470329,SINAR MAS,OKI,SULTAN MAHMUD BADARUDDIN (U),SUMATERA SELATAN,700,335562,UNKNOWN,UNKNOWN,UNKNOWN COUNTRY,TIANJIN,CHINA (MAINLAND)
2020,470329,SINAR MAS,OKI,SULTAN MAHMUD BADARUDDIN (U),SUMATERA SELATAN,4500,2163375,UNKNOWN,UNKNOWN,UNKNOWN COUNTRY,GUNSAN,SOUTH KOREA
2020,470329,SINAR MAS,OKI,SULTAN MAHMUD BADARUDDIN (U),SUMATERA SELATAN,1500,721125,UNKNOWN,UNKNOWN,UNKNOWN COUNTRY,GUNSAN,SOUTH KOREA
2020,470329,SINAR MAS,OKI,SULTAN MAHMUD BADARUDDIN (U),SUMATERA SELATAN,110,52882,UNKNOWN,UNKNOWN,UNKNOWN COUNTRY,GUNSAN,SOUTH KOREA
2020,470329,ROYAL GOLDEN EAGLE,APRIL,BUATAN,RIAU,40,12249,UNKNOWN,UNKNOWN,UNKNOWN COUNTRY,SINGAPORE,INDIA
2020,470329,SINAR MAS,INDAH KIAT,PERAWANG,RIAU,1000,467026,UNKNOWN,UNKNOWN,UNKNOWN COUNTRY,TIANJIN,CHINA (MAINLAND)
2020,470329,SINAR MAS,INDAH KIAT,PERAWANG,RIAU,1000,467026,UNKNOWN,UNKNOWN,UNKNOWN COUNTRY,TIANJIN,CHINA (MAINLAND)
2020,470329,ROYAL GOLDEN EAGLE,APRIL,BUATAN,RIAU,1005,306464,UNKNOWN,UNKNOWN,UNKNOWN COUNTRY,SINGAPORE,UNITED ARAB EMIRATES
2020,470329,SINAR MAS,INDAH KIAT,PERAWANG,RIAU,500,245432,UNKNOWN,UNKNOWN,UNKNOWN COUNTRY,MELBOURNE,AUSTRALIA
2020,470329,SINAR MAS,INDAH KIAT,PERAWANG,RIAU,1000,468354,UNKNOWN,UNKNOWN,UNKNOWN COUNTRY,WUHAN,CHINA (MAINLAND)
2020,470329,SINAR MAS,INDAH KIAT,PERAWANG,RIAU,1000,468354,UNKNOWN,UNKNOWN,UNKNOWN COUNTRY,WUHAN,CHINA (MAINLAND)
2020,470329,SINAR MAS,OKI,SULTAN MAHMUD BADARUDDIN (U),SUMATERA SELATAN,672,324331,UNKNOWN,UNKNOWN,UNKNOWN COUNTRY,SINGAPORE,CHINA (MAINLAND)
2020,470329,MARUBENI,TANJUNG ENIM LESTARI,TANJUNG PRIOK,SUMATERA SELATAN,322,127544,UNKNOWN,UNKNOWN,UNKNOWN COUNTRY,NINGBO,CHINA (MAINLAND)
2020,470200,ROYAL GOLDEN EAGLE,APRIL,UNKNOWN,RIAU,507,248345,UNKNOWN,UNKNOWN,UNKNOWN COUNTRY,PORT KELANG,CHINA (MAINLAND)
2020,470200,ROYAL GOLDEN EAGLE,APRIL,UNKNOWN,RIAU,507,248269,UNKNOWN,UNKNOWN,UNKNOWN COUNTRY,PORT KELANG,CHINA (MAINLAND)
2020,470200,ROYAL GOLDEN EAGLE,APRIL,UNKNOWN,RIAU,506,248048,UNKNOWN,UNKNOWN,UNKNOWN COUNTRY,PORT KELANG,CHINA (MAINLAND)
2020,470200,ROYAL GOLDEN EAGLE,APRIL,UNKNOWN,RIAU,506,247978,UNKNOWN,UNKNOWN,UNKNOWN COUNTRY,PORT KELANG,CHINA (MAINLAND)
2020,470200,ROYAL GOLDEN EAGLE,APRIL,UNKNOWN,RIAU,506,248169,UNKNOWN,UNKNOWN,UNKNOWN COUNTRY,PORT KELANG,CHINA (MAINLAND)
2020,470200,ROYAL GOLDEN EAGLE,APRIL,BUATAN,RIAU,506,248164,UNKNOWN,UNKNOWN,UNKNOWN COUNTRY,SINGAPORE,CHINA (MAINLAND)
2020,470200,ROYAL GOLDEN EAGLE,APRIL,BUATAN,RIAU,506,248123,UNKNOWN,UNKNOWN,UNKNOWN COUNTRY,SINGAPORE,CHINA (MAINLAND)
2020,470329,ROYAL GOLDEN EAGLE,APRIL,BUATAN,RIAU,1004,306319,UNKNOWN,UNKNOWN,UNKNOWN COUNTRY,SINGAPORE,CHINA (MAINLAND)
2020,470329,ROYAL GOLDEN EAGLE,APRIL,BUATAN,RIAU,199,60664,UNKNOWN,UNKNOWN,UNKNOWN COUNTRY,SINGAPORE,UNITED ARAB EMIRATES
2020,470329,SINAR MAS,INDAH KIAT,PERAWANG,RIAU,1000,470538,UNKNOWN,UNKNOWN,UNKNOWN COUNTRY,CHONGQING,CHINA (MAINLAND)
2020,470329,SINAR MAS,INDAH KIAT,PERAWANG,RIAU,1000,470026,UNKNOWN,UNKNOWN,UNKNOWN COUNTRY,CHONGQING,CHINA (MAINLAND)
2020,470200,ROYAL GOLDEN EAGLE,APRIL,UNKNOWN,RIAU,507,248313,UNKNOWN,UNKNOWN,UNKNOWN COUNTRY,PORT KELANG,CHINA (MAINLAND)
2020,470200,ROYAL GOLDEN EAGLE,APRIL,UNKNOWN,RIAU,506,247998,UNKNOWN,UNKNOWN,UNKNOWN COUNTRY,PORT KELANG,CHINA (MAINLAND)
2020,470200,ROYAL GOLDEN EAGLE,APRIL,UNKNOWN,RIAU,506,248166,UNKNOWN,UNKNOWN,UNKNOWN COUNTRY,PORT KELANG,CHINA (MAINLAND)
2020,470200,ROYAL GOLDEN EAGLE,TOBA PULP LESTARI,BELAWAN,SUMATERA UTARA,1001,549511,UNKNOWN,UNKNOWN,UNKNOWN COUNTRY,QINGDAO,CHINA (MAINLAND)
2020,470200,ROYAL GOLDEN EAGLE,APRIL,BUATAN,RIAU,506,247777,UNKNOWN,UNKNOWN,UNKNOWN COUNTRY,SINGAPORE,CHINA (MAINLAND)
2020,470329,ROYAL GOLDEN EAGLE,APRIL,BUATAN,RIAU,502,153026,UNKNOWN,UNKNOWN,UNKNOWN COUNTRY,SINGAPORE,CHINA (MAINLAND)
2020,470329,SINAR MAS,LONTAR PAPYRUS,KUALA TUNGKAL,JAMBI,1004,492321,UNKNOWN,UNKNOWN,UNKNOWN COUNTRY,ZHANJIANG,CHINA (MAINLAND)
2020,470329,SINAR MAS,LONTAR PAPYRUS,KUALA TUNGKAL,JAMBI,1003,491853,UNKNOWN,UNKNOWN,UNKNOWN COUNTRY,ZHANJIANG,CHINA (MAINLAND)
2020,470329,ROYAL GOLDEN EAGLE,APRIL,UNKNOWN,RIAU,6028,1838687,UNKNOWN,UNKNOWN,UNKNOWN COUNTRY,KAKINADA,INDIA
2020,470200,ROYAL GOLDEN EAGLE,APRIL,BUATAN,RIAU,506,248036,UNKNOWN,UNKNOWN,UNKNOWN COUNTRY,SINGAPORE,CHINA (MAINLAND)
2020,470329,ROYAL GOLDEN EAGLE,APRIL,BUATAN,RIAU,1004,306352,UNKNOWN,UNKNOWN,UNKNOWN COUNTRY,SINGAPORE,CHINA (MAINLAND)
2020,470329,SINAR MAS,LONTAR PAPYRUS,KUALA TUNGKAL,JAMBI,501,239758,UNKNOWN,UNKNOWN,UNKNOWN COUNTRY,MELBOURNE,AUSTRALIA
2020,470329,SINAR MAS,LONTAR PAPYRUS,KUALA TUNGKAL,JAMBI,502,250012,UNKNOWN,UNKNOWN,UNKNOWN COUNTRY,CHITTAGONG,BANGLADESH
2020,470329,MARUBENI,TANJUNG ENIM LESTARI,PANJANG,SUMATERA SELATAN,528,210845,UNKNOWN,UNKNOWN,UNKNOWN COUNTRY,WUHAN,CHINA (MAINLAND)
2020,470329,MARUBENI,TANJUNG ENIM LESTARI,PANJANG,SUMATERA SELATAN,995,411250,UNKNOWN,UNKNOWN,UNKNOWN COUNTRY,XINHUI,CHINA (MAINLAND)
2020,470329,MARUBENI,TANJUNG ENIM LESTARI,PANJANG,SUMATERA SELATAN,315,130008,UNKNOWN,UNKNOWN,UNKNOWN COUNTRY,PENANG (GEORGETOWN),MALAYSIA
2020,470329,MARUBENI,TANJUNG ENIM LESTARI,PANJANG,SUMATERA SELATAN,298,121812,UNKNOWN,UNKNOWN,UNKNOWN COUNTRY,CAT LAI,VIETNAM
2020,470329,SINAR MAS,INDAH KIAT,PERAWANG,RIAU,1200,553245,UNKNOWN,UNKNOWN,UNKNOWN COUNTRY,HAIPHONG,VIETNAM
2020,470329,SINAR MAS,OKI,SULTAN MAHMUD BADARUDDIN (U),SUMATERA SELATAN,648,312748,UNKNOWN,UNKNOWN,UNKNOWN COUNTRY,SINGAPORE,CHINA (MAINLAND)
2020,470329,SINAR MAS,INDAH KIAT,SUNGAI PAKNING,RIAU,8000,3858000,UNKNOWN,UNKNOWN,UNKNOWN COUNTRY,DAGANG,CHINA (MAINLAND)
2020,470329,SINAR MAS,INDAH KIAT,SUNGAI PAKNING,RIAU,800,385800,UNKNOWN,UNKNOWN,UNKNOWN COUNTRY,DAGANG,CHINA (MAINLAND)
2020,470329,MARUBENI,TANJUNG ENIM LESTARI,TARAHAN,SUMATERA SELATAN,2098,847930,UNKNOWN,UNKNOWN,UNKNOWN COUNTRY,QINGDAO,CHINA (MAINLAND)
2020,470329,MARUBENI,TANJUNG ENIM LESTARI,TARAHAN,SUMATERA SELATAN,1048,419100,UNKNOWN,UNKNOWN,UNKNOWN COUNTRY,QINGDAO,CHINA (MAINLAND)
2020,470329,MARUBENI,TANJUNG ENIM LESTARI,TARAHAN,SUMATERA SELATAN,313,125253,UNKNOWN,UNKNOWN,UNKNOWN COUNTRY,QINGDAO,CHINA (MAINLAND)
2020,470329,MARUBENI,TANJUNG ENIM LESTARI,TARAHAN,SUMATERA SELATAN,2624,1060603,UNKNOWN,UNKNOWN,UNKNOWN COUNTRY,QINGDAO,CHINA (MAINLAND)
2020,470329,MARUBENI,TANJUNG ENIM LESTARI,TARAHAN,SUMATERA SELATAN,628,241457,UNKNOWN,UNKNOWN,UNKNOWN COUNTRY,QINGDAO,CHINA (MAINLAND)
2020,470329,MARUBENI,TANJUNG ENIM LESTARI,TARAHAN,SUMATERA SELATAN,419,160908,UNKNOWN,UNKNOWN,UNKNOWN COUNTRY,QINGDAO,CHINA (MAINLAND)
2020,470329,MARUBENI,TANJUNG ENIM LESTARI,TARAHAN,SUMATERA SELATAN,100,40367,UNKNOWN,UNKNOWN,UNKNOWN COUNTRY,QINGDAO,CHINA (MAINLAND)
2020,470329,MARUBENI,TANJUNG ENIM LESTARI,TARAHAN,SUMATERA SELATAN,514,214008,UNKNOWN,UNKNOWN,UNKNOWN COUNTRY,PYEONGTAEK,SOUTH KOREA
2020,470329,MARUBENI,TANJUNG ENIM LESTARI,TARAHAN,SUMATERA SELATAN,359,152945,UNKNOWN,UNKNOWN,UNKNOWN COUNTRY,PYEONGTAEK,SOUTH KOREA
2020,470329,MARUBENI,TANJUNG ENIM LESTARI,TARAHAN,SUMATERA SELATAN,205,87277,UNKNOWN,UNKNOWN,UNKNOWN COUNTRY,PYEONGTAEK,SOUTH KOREA
2020,470329,MARUBENI,TANJUNG ENIM LESTARI,TARAHAN,SUMATERA SELATAN,1029,428687,UNKNOWN,UNKNOWN,UNKNOWN COUNTRY,PYEONGTAEK,SOUTH KOREA
2020,470200,ROYAL GOLDEN EAGLE,APRIL,UNKNOWN,RIAU,506,247962,UNKNOWN,UNKNOWN,UNKNOWN COUNTRY,TANJUNG PELEPAS,CHINA (MAINLAND)
2020,470329,ROYAL GOLDEN EAGLE,APRIL,UNKNOWN,RIAU,10045,3063713,UNKNOWN,UNKNOWN,UNKNOWN COUNTRY,ABU DHABI,UNITED ARAB EMIRATES
2020,470200,ROYAL GOLDEN EAGLE,APRIL,BUATAN,RIAU,506,248068,UNKNOWN,UNKNOWN,UNKNOWN COUNTRY,SINGAPORE,CHINA (MAINLAND)
2020,470200,ROYAL GOLDEN EAGLE,APRIL,BUATAN,RIAU,506,247934,UNKNOWN,UNKNOWN,UNKNOWN COUNTRY,SINGAPORE,CHINA (MAINLAND)
2020,470329,MARUBENI,TANJUNG ENIM LESTARI,PANJANG,SUMATERA SELATAN,213,91256,UNKNOWN,UNKNOWN,UNKNOWN COUNTRY,MELBOURNE,AUSTRALIA
2020,470329,MARUBENI,TANJUNG ENIM LESTARI,PANJANG,SUMATERA SELATAN,77,31741,UNKNOWN,UNKNOWN,UNKNOWN COUNTRY,YANGON,MYANMAR
2020,470329,SINAR MAS,INDAH KIAT,PERAWANG,RIAU,1000,467026,UNKNOWN,UNKNOWN,UNKNOWN COUNTRY,TIANJIN,CHINA (MAINLAND)
2020,470329,SINAR MAS,OKI,SULTAN MAHMUD BADARUDDIN (U),SUMATERA SELATAN,10000,4602360,UNKNOWN,UNKNOWN,UNKNOWN COUNTRY,CHANGSHU,CHINA (MAINLAND)
2020,470329,SINAR MAS,OKI,SULTAN MAHMUD BADARUDDIN (U),SUMATERA SELATAN,2710,1302155,UNKNOWN,UNKNOWN,UNKNOWN COUNTRY,CHANGSHU,CHINA (MAINLAND)
2020,470329,SINAR MAS,OKI,SULTAN MAHMUD BADARUDDIN (U),SUMATERA SELATAN,500,240250,UNKNOWN,UNKNOWN,UNKNOWN COUNTRY,CHANGSHU,CHINA (MAINLAND)
2020,470329,SINAR MAS,OKI,SULTAN MAHMUD BADARUDDIN (U),SUMATERA SELATAN,2290,1100345,UNKNOWN,UNKNOWN,UNKNOWN COUNTRY,CHANGSHU,CHINA (MAINLAND)
2020,470329,SINAR MAS,INDAH KIAT,SUNGAI PAKNING,RIAU,1500,721125,UNKNOWN,UNKNOWN,UNKNOWN COUNTRY,CHANGSHU,CHINA (MAINLAND)
2020,470329,SINAR MAS,INDAH KIAT,SUNGAI PAKNING,RIAU,5000,2292427,UNKNOWN,UNKNOWN,UNKNOWN COUNTRY,DAFENG,CHINA (MAINLAND)
2020,470329,SINAR MAS,INDAH KIAT,SUNGAI PAKNING,RIAU,5000,2401250,UNKNOWN,UNKNOWN,UNKNOWN COUNTRY,ULSAN,SOUTH KOREA
2020,470329,SINAR MAS,INDAH KIAT,SUNGAI PAKNING,RIAU,5200,2393300,UNKNOWN,UNKNOWN,UNKNOWN COUNTRY,ULSAN,SOUTH KOREA
2020,470329,ROYAL GOLDEN EAGLE,APRIL,UNKNOWN,RIAU,8729,2662345,UNKNOWN,UNKNOWN,UNKNOWN COUNTRY,CHANGSHU,CHINA (MAINLAND)
2020,470329,ROYAL GOLDEN EAGLE,APRIL,UNKNOWN,RIAU,2030,619150,UNKNOWN,UNKNOWN,UNKNOWN COUNTRY,XINGANG,CHINA (MAINLAND)
2020,470200,ROYAL GOLDEN EAGLE,APRIL,BUATAN,RIAU,506,248116,UNKNOWN,UNKNOWN,UNKNOWN COUNTRY,SINGAPORE,CHINA (MAINLAND)
2020,470329,ROYAL GOLDEN EAGLE,APRIL,BUATAN,RIAU,502,153167,UNKNOWN,UNKNOWN,UNKNOWN COUNTRY,SINGAPORE,VIETNAM
2020,470329,SINAR MAS,INDAH KIAT,PERAWANG,RIAU,1000,470538,UNKNOWN,UNKNOWN,UNKNOWN COUNTRY,CHONGQING,CHINA (MAINLAND)
2020,470200,ROYAL GOLDEN EAGLE,APRIL,UNKNOWN,RIAU,507,248384,UNKNOWN,UNKNOWN,UNKNOWN COUNTRY,PORT KELANG,CHINA (MAINLAND)
2020,470200,ROYAL GOLDEN EAGLE,APRIL,UNKNOWN,RIAU,507,248350,UNKNOWN,UNKNOWN,UNKNOWN COUNTRY,PORT KELANG,CHINA (MAINLAND)
2020,470200,ROYAL GOLDEN EAGLE,APRIL,UNKNOWN,RIAU,507,248263,UNKNOWN,UNKNOWN,UNKNOWN COUNTRY,PORT KELANG,CHINA (MAINLAND)
2020,470200,ROYAL GOLDEN EAGLE,APRIL,UNKNOWN,RIAU,425,208387,UNKNOWN,UNKNOWN,UNKNOWN COUNTRY,PORT KELANG,CHINA (MAINLAND)
2020,470200,ROYAL GOLDEN EAGLE,APRIL,UNKNOWN,RIAU,506,248011,UNKNOWN,UNKNOWN,UNKNOWN COUNTRY,PORT KELANG,CHINA (MAINLAND)
2020,470200,ROYAL GOLDEN EAGLE,APRIL,UNKNOWN,RIAU,506,248114,UNKNOWN,UNKNOWN,UNKNOWN COUNTRY,PORT KELANG,CHINA (MAINLAND)
2020,470200,ROYAL GOLDEN EAGLE,APRIL,UNKNOWN,RIAU,506,248138,UNKNOWN,UNKNOWN,UNKNOWN COUNTRY,PORT KELANG,CHINA (MAINLAND)
2020,470200,ROYAL GOLDEN EAGLE,APRIL,UNKNOWN,RIAU,506,248115,UNKNOWN,UNKNOWN,UNKNOWN COUNTRY,PORT KELANG,CHINA (MAINLAND)
2020,470200,ROYAL GOLDEN EAGLE,APRIL,UNKNOWN,RIAU,507,248248,UNKNOWN,UNKNOWN,UNKNOWN COUNTRY,TANJUNG PELEPAS,CHINA (MAINLAND)
2020,470200,ROYAL GOLDEN EAGLE,APRIL,UNKNOWN,RIAU,506,248015,UNKNOWN,UNKNOWN,UNKNOWN COUNTRY,TANJUNG PELEPAS,CHINA (MAINLAND)
2020,470200,ROYAL GOLDEN EAGLE,APRIL,UNKNOWN,RIAU,506,248171,UNKNOWN,UNKNOWN,UNKNOWN COUNTRY,TANJUNG PELEPAS,CHINA (MAINLAND)
2020,470200,ROYAL GOLDEN EAGLE,APRIL,BUATAN,RIAU,506,247974,UNKNOWN,UNKNOWN,UNKNOWN COUNTRY,SINGAPORE,CHINA (MAINLAND)
2020,470200,ROYAL GOLDEN EAGLE,APRIL,BUATAN,RIAU,506,248185,UNKNOWN,UNKNOWN,UNKNOWN COUNTRY,SINGAPORE,CHINA (MAINLAND)
2020,470200,ROYAL GOLDEN EAGLE,APRIL,BUATAN,RIAU,506,248036,UNKNOWN,UNKNOWN,UNKNOWN COUNTRY,SINGAPORE,CHINA (MAINLAND)
2020,470200,ROYAL GOLDEN EAGLE,APRIL,BUATAN,RIAU,507,248199,UNKNOWN,UNKNOWN,UNKNOWN COUNTRY,SINGAPORE,CHINA (MAINLAND)
2020,470200,ROYAL GOLDEN EAGLE,APRIL,BUATAN,RIAU,507,248252,UNKNOWN,UNKNOWN,UNKNOWN COUNTRY,SINGAPORE,CHINA (MAINLAND)
2020,470329,ROYAL GOLDEN EAGLE,APRIL,BUATAN,RIAU,1005,306387,UNKNOWN,UNKNOWN,UNKNOWN COUNTRY,SINGAPORE,CHINA (MAINLAND)
2020,470329,ROYAL GOLDEN EAGLE,APRIL,BUATAN,RIAU,503,153334,UNKNOWN,UNKNOWN,UNKNOWN COUNTRY,SINGAPORE,INDIA
2020,470329,ROYAL GOLDEN EAGLE,APRIL,BUATAN,RIAU,534,163020,UNKNOWN,UNKNOWN,UNKNOWN COUNTRY,SINGAPORE,KUWAIT
2020,470329,ROYAL GOLDEN EAGLE,APRIL,BUATAN,RIAU,503,153269,UNKNOWN,UNKNOWN,UNKNOWN COUNTRY,SINGAPORE,SAUDI ARABIA
2020,470200,ROYAL GOLDEN EAGLE,APRIL,UNKNOWN,RIAU,507,248321,UNKNOWN,UNKNOWN,UNKNOWN COUNTRY,PORT KELANG,CHINA (MAINLAND)
2020,470200,ROYAL GOLDEN EAGLE,APRIL,UNKNOWN,RIAU,507,248335,UNKNOWN,UNKNOWN,UNKNOWN COUNTRY,PORT KELANG,CHINA (MAINLAND)
2020,470200,ROYAL GOLDEN EAGLE,APRIL,BUATAN,RIAU,507,248340,UNKNOWN,UNKNOWN,UNKNOWN COUNTRY,SINGAPORE,CHINA (MAINLAND)
2020,470329,ROYAL GOLDEN EAGLE,APRIL,BUATAN,RIAU,101,30698,UNKNOWN,UNKNOWN,UNKNOWN COUNTRY,SINGAPORE,INDIA
2020,470329,ROYAL GOLDEN EAGLE,APRIL,BUATAN,RIAU,96,29383,UNKNOWN,UNKNOWN,UNKNOWN COUNTRY,SINGAPORE,TAIWAN
2020,470329,SINAR MAS,LONTAR PAPYRUS,KUALA TUNGKAL,JAMBI,301,144610,UNKNOWN,UNKNOWN,UNKNOWN COUNTRY,HAIPHONG,VIETNAM
2020,470329,SINAR MAS,INDAH KIAT,SUNGAI PAKNING,RIAU,800,384600,UNKNOWN,UNKNOWN,UNKNOWN COUNTRY,CHANGSHU,CHINA (MAINLAND)
2020,470329,MARUBENI,TANJUNG ENIM LESTARI,TANJUNG PRIOK,SUMATERA SELATAN,1046,423958,UNKNOWN,UNKNOWN,UNKNOWN COUNTRY,XINHUI,CHINA (MAINLAND)
2020,470329,MARUBENI,TANJUNG ENIM LESTARI,TANJUNG PRIOK,SUMATERA SELATAN,533,205748,UNKNOWN,UNKNOWN,UNKNOWN COUNTRY,YINGKOU,CHINA (MAINLAND)
2020,470329,ROYAL GOLDEN EAGLE,APRIL,UNKNOWN,RIAU,2619,839608,UNKNOWN,UNKNOWN,UNKNOWN COUNTRY,XIAMEN,CHINA (MAINLAND)
2020,470329,ROYAL GOLDEN EAGLE,APRIL,UNKNOWN,RIAU,5278,1609790,UNKNOWN,UNKNOWN,UNKNOWN COUNTRY,XINHUI,CHINA (MAINLAND)
2020,470200,ROYAL GOLDEN EAGLE,APRIL,BUATAN,RIAU,506,248038,UNKNOWN,UNKNOWN,UNKNOWN COUNTRY,SINGAPORE,CHINA (MAINLAND)
2020,470200,ROYAL GOLDEN EAGLE,APRIL,BUATAN,RIAU,506,248154,UNKNOWN,UNKNOWN,UNKNOWN COUNTRY,SINGAPORE,CHINA (MAINLAND)
2020,470200,ROYAL GOLDEN EAGLE,APRIL,BUATAN,RIAU,507,248413,UNKNOWN,UNKNOWN,UNKNOWN COUNTRY,SINGAPORE,CHINA (MAINLAND)
2020,470329,ROYAL GOLDEN EAGLE,APRIL,BUATAN,RIAU,201,61234,UNKNOWN,UNKNOWN,UNKNOWN COUNTRY,SINGAPORE,INDIA
2020,470329,ROYAL GOLDEN EAGLE,APRIL,BUATAN,RIAU,60,18382,UNKNOWN,UNKNOWN,UNKNOWN COUNTRY,SINGAPORE,INDIA
2020,470329,ROYAL GOLDEN EAGLE,APRIL,BUATAN,RIAU,161,48958,UNKNOWN,UNKNOWN,UNKNOWN COUNTRY,SINGAPORE,INDIA
2020,470329,ROYAL GOLDEN EAGLE,APRIL,BUATAN,RIAU,201,61362,UNKNOWN,UNKNOWN,UNKNOWN COUNTRY,SINGAPORE,INDIA
2020,470329,ROYAL GOLDEN EAGLE,APRIL,BUATAN,RIAU,100,30644,UNKNOWN,UNKNOWN,UNKNOWN COUNTRY,SINGAPORE,INDIA
2020,470329,ROYAL GOLDEN EAGLE,APRIL,BUATAN,RIAU,542,165434,UNKNOWN,UNKNOWN,UNKNOWN COUNTRY,SINGAPORE,PAKISTAN
2020,470329,MARUBENI,TANJUNG ENIM LESTARI,PANJANG,SUMATERA SELATAN,510,198703,UNKNOWN,UNKNOWN,UNKNOWN COUNTRY,HUANGPU OLD PORT,CHINA (MAINLAND)
2020,470329,SINAR MAS,OKI,SULTAN MAHMUD BADARUDDIN (U),SUMATERA SELATAN,1000,478725,UNKNOWN,UNKNOWN,UNKNOWN COUNTRY,TIANJIN,CHINA (MAINLAND)
2020,470329,SINAR MAS,OKI,SULTAN MAHMUD BADARUDDIN (U),SUMATERA SELATAN,1000,478725,UNKNOWN,UNKNOWN,UNKNOWN COUNTRY,TIANJIN,CHINA (MAINLAND)
2020,470329,SINAR MAS,OKI,SULTAN MAHMUD BADARUDDIN (U),SUMATERA SELATAN,1000,478725,UNKNOWN,UNKNOWN,UNKNOWN COUNTRY,TIANJIN,CHINA (MAINLAND)
2020,470329,SINAR MAS,OKI,SULTAN MAHMUD BADARUDDIN (U),SUMATERA SELATAN,1000,478725,UNKNOWN,UNKNOWN,UNKNOWN COUNTRY,TIANJIN,CHINA (MAINLAND)
2020,470329,SINAR MAS,OKI,SULTAN MAHMUD BADARUDDIN (U),SUMATERA SELATAN,1000,478725,UNKNOWN,UNKNOWN,UNKNOWN COUNTRY,TIANJIN,CHINA (MAINLAND)
2020,470329,SINAR MAS,OKI,SULTAN MAHMUD BADARUDDIN (U),SUMATERA SELATAN,2000,957450,UNKNOWN,UNKNOWN,UNKNOWN COUNTRY,TIANJIN,CHINA (MAINLAND)
2020,470329,SINAR MAS,OKI,SULTAN MAHMUD BADARUDDIN (U),SUMATERA SELATAN,1000,478725,UNKNOWN,UNKNOWN,UNKNOWN COUNTRY,TIANJIN,CHINA (MAINLAND)
2020,470329,SINAR MAS,OKI,SULTAN MAHMUD BADARUDDIN (U),SUMATERA SELATAN,1300,622342,UNKNOWN,UNKNOWN,UNKNOWN COUNTRY,TIANJIN,CHINA (MAINLAND)
2020,470329,SINAR MAS,OKI,SULTAN MAHMUD BADARUDDIN (U),SUMATERA SELATAN,1500,718088,UNKNOWN,UNKNOWN,UNKNOWN COUNTRY,TIANJIN,CHINA (MAINLAND)
2020,470329,SINAR MAS,OKI,SULTAN MAHMUD BADARUDDIN (U),SUMATERA SELATAN,7500,3600000,UNKNOWN,UNKNOWN,UNKNOWN COUNTRY,ZHENJIANG,CHINA (MAINLAND)
2020,470200,ROYAL GOLDEN EAGLE,APRIL,UNKNOWN,RIAU,506,247925,UNKNOWN,UNKNOWN,UNKNOWN COUNTRY,PORT KELANG,CHINA (MAINLAND)
2020,470200,ROYAL GOLDEN EAGLE,APRIL,UNKNOWN,RIAU,507,248306,UNKNOWN,UNKNOWN,UNKNOWN COUNTRY,PORT KELANG,CHINA (MAINLAND)
2020,470200,ROYAL GOLDEN EAGLE,APRIL,UNKNOWN,RIAU,506,247979,UNKNOWN,UNKNOWN,UNKNOWN COUNTRY,PORT KELANG,CHINA (MAINLAND)
2020,470200,ROYAL GOLDEN EAGLE,APRIL,UNKNOWN,RIAU,507,248226,UNKNOWN,UNKNOWN,UNKNOWN COUNTRY,PORT KELANG,CHINA (MAINLAND)
2020,470200,ROYAL GOLDEN EAGLE,APRIL,UNKNOWN,RIAU,506,248001,UNKNOWN,UNKNOWN,UNKNOWN COUNTRY,PORT KELANG,CHINA (MAINLAND)
2020,470200,ROYAL GOLDEN EAGLE,APRIL,UNKNOWN,RIAU,507,248194,UNKNOWN,UNKNOWN,UNKNOWN COUNTRY,PORT KELANG,CHINA (MAINLAND)
2020,470200,ROYAL GOLDEN EAGLE,APRIL,UNKNOWN,RIAU,506,248158,UNKNOWN,UNKNOWN,UNKNOWN COUNTRY,PORT KELANG,CHINA (MAINLAND)
2020,470200,ROYAL GOLDEN EAGLE,APRIL,UNKNOWN,RIAU,507,248198,UNKNOWN,UNKNOWN,UNKNOWN COUNTRY,PORT KELANG,CHINA (MAINLAND)
2020,470200,ROYAL GOLDEN EAGLE,APRIL,UNKNOWN,RIAU,81,39770,UNKNOWN,UNKNOWN,UNKNOWN COUNTRY,PORT KELANG,CHINA (MAINLAND)
2020,470200,ROYAL GOLDEN EAGLE,APRIL,BUATAN,RIAU,506,247848,UNKNOWN,UNKNOWN,UNKNOWN COUNTRY,SINGAPORE,CHINA (MAINLAND)
2020,470329,ROYAL GOLDEN EAGLE,APRIL,BUATAN,RIAU,1004,306313,UNKNOWN,UNKNOWN,UNKNOWN COUNTRY,SINGAPORE,CHINA (MAINLAND)
2020,470329,ROYAL GOLDEN EAGLE,APRIL,BUATAN,RIAU,1004,306288,UNKNOWN,UNKNOWN,UNKNOWN COUNTRY,SINGAPORE,CHINA (MAINLAND)
2020,470329,ROYAL GOLDEN EAGLE,APRIL,BUATAN,RIAU,40,12242,UNKNOWN,UNKNOWN,UNKNOWN COUNTRY,SINGAPORE,INDIA
2020,470329,SINAR MAS,LONTAR PAPYRUS,KUALA TUNGKAL,JAMBI,502,239776,UNKNOWN,UNKNOWN,UNKNOWN COUNTRY,MELBOURNE,AUSTRALIA
2020,470329,MARUBENI,TANJUNG ENIM LESTARI,PANJANG,SUMATERA SELATAN,1044,407260,UNKNOWN,UNKNOWN,UNKNOWN COUNTRY,CHONGQING,CHINA (MAINLAND)
2020,470329,MARUBENI,TANJUNG ENIM LESTARI,PANJANG,SUMATERA SELATAN,1044,417215,UNKNOWN,UNKNOWN,UNKNOWN COUNTRY,WUHAN,CHINA (MAINLAND)
2020,470329,SINAR MAS,INDAH KIAT,PERAWANG,RIAU,1000,470538,UNKNOWN,UNKNOWN,UNKNOWN COUNTRY,CHONGQING,CHINA (MAINLAND)
2020,470329,SINAR MAS,INDAH KIAT,PERAWANG,RIAU,500,245555,UNKNOWN,UNKNOWN,UNKNOWN COUNTRY,DALIAN,CHINA (MAINLAND)
2020,470329,SINAR MAS,INDAH KIAT,PERAWANG,RIAU,1000,491110,UNKNOWN,UNKNOWN,UNKNOWN COUNTRY,DALIAN,CHINA (MAINLAND)
2020,470329,SINAR MAS,INDAH KIAT,PERAWANG,RIAU,1000,468340,UNKNOWN,UNKNOWN,UNKNOWN COUNTRY,YUNFU,CHINA (MAINLAND)
2020,470329,SINAR MAS,INDAH KIAT,PERAWANG,RIAU,1000,468340,UNKNOWN,UNKNOWN,UNKNOWN COUNTRY,YUNFU,CHINA (MAINLAND)
2020,470329,SINAR MAS,INDAH KIAT,PERAWANG,RIAU,500,241649,UNKNOWN,UNKNOWN,UNKNOWN COUNTRY,EL ISKANDARIYA (=ALEXANDRIA),EGYPT
2020,470329,SINAR MAS,OKI,SULTAN MAHMUD BADARUDDIN (U),SUMATERA SELATAN,5000,2303180,UNKNOWN,UNKNOWN,UNKNOWN COUNTRY,LIANYUNGANG,CHINA (MAINLAND)
2020,470329,SINAR MAS,OKI,SULTAN MAHMUD BADARUDDIN (U),SUMATERA SELATAN,5000,2303180,UNKNOWN,UNKNOWN,UNKNOWN COUNTRY,LIANYUNGANG,CHINA (MAINLAND)
2020,470329,SINAR MAS,OKI,SULTAN MAHMUD BADARUDDIN (U),SUMATERA SELATAN,960,446748,UNKNOWN,UNKNOWN,UNKNOWN COUNTRY,SINGAPORE,CHINA (MAINLAND)
2020,470329,SINAR MAS,OKI,SULTAN MAHMUD BADARUDDIN (U),SUMATERA SELATAN,1000,460636,UNKNOWN,UNKNOWN,UNKNOWN COUNTRY,TIANJIN,CHINA (MAINLAND)
2020,470329,SINAR MAS,OKI,SULTAN MAHMUD BADARUDDIN (U),SUMATERA SELATAN,2500,1151590,UNKNOWN,UNKNOWN,UNKNOWN COUNTRY,TIANJIN,CHINA (MAINLAND)
2020,470329,SINAR MAS,OKI,SULTAN MAHMUD BADARUDDIN (U),SUMATERA SELATAN,2500,1151590,UNKNOWN,UNKNOWN,UNKNOWN COUNTRY,TIANJIN,CHINA (MAINLAND)
2020,470329,SINAR MAS,OKI,SULTAN MAHMUD BADARUDDIN (U),SUMATERA SELATAN,2500,1151590,UNKNOWN,UNKNOWN,UNKNOWN COUNTRY,TIANJIN,CHINA (MAINLAND)
2020,470329,SINAR MAS,OKI,SULTAN MAHMUD BADARUDDIN (U),SUMATERA SELATAN,2000,921272,UNKNOWN,UNKNOWN,UNKNOWN COUNTRY,TIANJIN,CHINA (MAINLAND)
2020,470329,SINAR MAS,OKI,SULTAN MAHMUD BADARUDDIN (U),SUMATERA SELATAN,2500,1151590,UNKNOWN,UNKNOWN,UNKNOWN COUNTRY,TIANJIN,CHINA (MAINLAND)
2020,470200,ROYAL GOLDEN EAGLE,APRIL,BUATAN,RIAU,384,188382,UNKNOWN,UNKNOWN,UNKNOWN COUNTRY,SINGAPORE,CHINA (MAINLAND)
2020,470200,ROYAL GOLDEN EAGLE,APRIL,BUATAN,RIAU,364,178499,UNKNOWN,UNKNOWN,UNKNOWN COUNTRY,SINGAPORE,CHINA (MAINLAND)
2020,470200,ROYAL GOLDEN EAGLE,APRIL,BUATAN,RIAU,506,247868,UNKNOWN,UNKNOWN,UNKNOWN COUNTRY,SINGAPORE,CHINA (MAINLAND)
2020,470329,MARUBENI,TANJUNG ENIM LESTARI,PANJANG,SUMATERA SELATAN,108,45776,UNKNOWN,UNKNOWN,UNKNOWN COUNTRY,MELBOURNE,AUSTRALIA
2020,470329,MARUBENI,TANJUNG ENIM LESTARI,PANJANG,SUMATERA SELATAN,172,68849,UNKNOWN,UNKNOWN,UNKNOWN COUNTRY,JAWAHARLAL NEHRU (NHAVA SHEVA),INDIA
2020,470329,MARUBENI,TANJUNG ENIM LESTARI,PANJANG,SUMATERA SELATAN,86,37028,UNKNOWN,UNKNOWN,UNKNOWN COUNTRY,JAWAHARLAL NEHRU (NHAVA SHEVA),INDIA
2020,470329,SINAR MAS,INDAH KIAT,PERAWANG,RIAU,500,245432,UNKNOWN,UNKNOWN,UNKNOWN COUNTRY,MELBOURNE,AUSTRALIA
2020,470329,SINAR MAS,INDAH KIAT,PERAWANG,RIAU,1000,468354,UNKNOWN,UNKNOWN,UNKNOWN COUNTRY,WUHAN,CHINA (MAINLAND)
2020,470200,ROYAL GOLDEN EAGLE,APRIL,BUATAN,RIAU,506,248185,UNKNOWN,UNKNOWN,UNKNOWN COUNTRY,SINGAPORE,CHINA (MAINLAND)
2020,470329,ROYAL GOLDEN EAGLE,APRIL,BUATAN,RIAU,1004,306215,UNKNOWN,UNKNOWN,UNKNOWN COUNTRY,SINGAPORE,CHINA (MAINLAND)
2020,470329,SINAR MAS,INDAH KIAT,PERAWANG,RIAU,1000,470026,UNKNOWN,UNKNOWN,UNKNOWN COUNTRY,CHONGQING,CHINA (MAINLAND)
2020,470329,ROYAL GOLDEN EAGLE,APRIL,BUATAN,RIAU,502,147654,UNKNOWN,UNKNOWN,UNKNOWN COUNTRY,SINGAPORE,BANGLADESH
2020,470200,ROYAL GOLDEN EAGLE,APRIL,BUATAN,RIAU,506,248118,UNKNOWN,UNKNOWN,UNKNOWN COUNTRY,SINGAPORE,CHINA (MAINLAND)
2020,470200,ROYAL GOLDEN EAGLE,APRIL,BUATAN,RIAU,142,69535,UNKNOWN,UNKNOWN,UNKNOWN COUNTRY,SINGAPORE,CHINA (MAINLAND)
2020,470200,ROYAL GOLDEN EAGLE,APRIL,BUATAN,RIAU,122,59565,UNKNOWN,UNKNOWN,UNKNOWN COUNTRY,SINGAPORE,CHINA (MAINLAND)
2020,470200,ROYAL GOLDEN EAGLE,APRIL,BUATAN,RIAU,506,248170,UNKNOWN,UNKNOWN,UNKNOWN COUNTRY,SINGAPORE,CHINA (MAINLAND)
2020,470329,ROYAL GOLDEN EAGLE,APRIL,BUATAN,RIAU,703,214504,UNKNOWN,UNKNOWN,UNKNOWN COUNTRY,SINGAPORE,CHINA (MAINLAND)
2020,470329,ROYAL GOLDEN EAGLE,APRIL,BUATAN,RIAU,1004,306294,UNKNOWN,UNKNOWN,UNKNOWN COUNTRY,SINGAPORE,CHINA (MAINLAND)
2020,470329,ROYAL GOLDEN EAGLE,APRIL,BUATAN,RIAU,1004,295275,UNKNOWN,UNKNOWN,UNKNOWN COUNTRY,SINGAPORE,CHINA (MAINLAND)
2020,470329,ROYAL GOLDEN EAGLE,APRIL,BUATAN,RIAU,221,67407,UNKNOWN,UNKNOWN,UNKNOWN COUNTRY,SINGAPORE,INDIA
2020,470329,ROYAL GOLDEN EAGLE,APRIL,BUATAN,RIAU,201,61232,UNKNOWN,UNKNOWN,UNKNOWN COUNTRY,SINGAPORE,INDIA
2020,470329,ROYAL GOLDEN EAGLE,APRIL,BUATAN,RIAU,201,61432,UNKNOWN,UNKNOWN,UNKNOWN COUNTRY,SINGAPORE,INDIA
2020,470329,ROYAL GOLDEN EAGLE,APRIL,BUATAN,RIAU,261,79585,UNKNOWN,UNKNOWN,UNKNOWN COUNTRY,SINGAPORE,INDIA
2020,470329,SINAR MAS,INDAH KIAT,PERAWANG,RIAU,1000,470026,UNKNOWN,UNKNOWN,UNKNOWN COUNTRY,CHONGQING,CHINA (MAINLAND)
2020,470329,SINAR MAS,OKI,SULTAN MAHMUD BADARUDDIN (U),SUMATERA SELATAN,600,288000,UNKNOWN,UNKNOWN,UNKNOWN COUNTRY,CHANGSHU,CHINA (MAINLAND)
2020,470329,SINAR MAS,OKI,SULTAN MAHMUD BADARUDDIN (U),SUMATERA SELATAN,10000,4597360,UNKNOWN,UNKNOWN,UNKNOWN COUNTRY,CHANGSHU,CHINA (MAINLAND)
2020,470329,SINAR MAS,OKI,SULTAN MAHMUD BADARUDDIN (U),SUMATERA SELATAN,2000,958750,UNKNOWN,UNKNOWN,UNKNOWN COUNTRY,TIANJIN,CHINA (MAINLAND)
2020,470329,SINAR MAS,OKI,SULTAN MAHMUD BADARUDDIN (U),SUMATERA SELATAN,1500,719062,UNKNOWN,UNKNOWN,UNKNOWN COUNTRY,TIANJIN,CHINA (MAINLAND)
2020,470329,SINAR MAS,OKI,SULTAN MAHMUD BADARUDDIN (U),SUMATERA SELATAN,2000,958750,UNKNOWN,UNKNOWN,UNKNOWN COUNTRY,TIANJIN,CHINA (MAINLAND)
2020,470329,SINAR MAS,OKI,SULTAN MAHMUD BADARUDDIN (U),SUMATERA SELATAN,1500,719062,UNKNOWN,UNKNOWN,UNKNOWN COUNTRY,TIANJIN,CHINA (MAINLAND)
2020,470329,SINAR MAS,OKI,SULTAN MAHMUD BADARUDDIN (U),SUMATERA SELATAN,1500,719062,UNKNOWN,UNKNOWN,UNKNOWN COUNTRY,TIANJIN,CHINA (MAINLAND)
2020,470329,SINAR MAS,OKI,SULTAN MAHMUD BADARUDDIN (U),SUMATERA SELATAN,1500,689079,UNKNOWN,UNKNOWN,UNKNOWN COUNTRY,TIANJIN,CHINA (MAINLAND)
2020,470329,MARUBENI,TANJUNG ENIM LESTARI,TANJUNG PRIOK,SUMATERA SELATAN,1058,412673,UNKNOWN,UNKNOWN,UNKNOWN COUNTRY,XINHUI,CHINA (MAINLAND)
2020,470329,MARUBENI,TANJUNG ENIM LESTARI,TANJUNG PRIOK,SUMATERA SELATAN,541,208856,UNKNOWN,UNKNOWN,UNKNOWN COUNTRY,YINGKOU,CHINA (MAINLAND)
2020,470200,ROYAL GOLDEN EAGLE,APRIL,BUATAN,RIAU,506,247994,UNKNOWN,UNKNOWN,UNKNOWN COUNTRY,SINGAPORE,CHINA (MAINLAND)
2020,470200,ROYAL GOLDEN EAGLE,APRIL,BUATAN,RIAU,507,248343,UNKNOWN,UNKNOWN,UNKNOWN COUNTRY,SINGAPORE,CHINA (MAINLAND)
2020,470329,ROYAL GOLDEN EAGLE,APRIL,BUATAN,RIAU,100,30624,UNKNOWN,UNKNOWN,UNKNOWN COUNTRY,SINGAPORE,INDIA
2020,470329,ROYAL GOLDEN EAGLE,APRIL,BUATAN,RIAU,100,29500,UNKNOWN,UNKNOWN,UNKNOWN COUNTRY,SINGAPORE,INDIA
2020,470329,MARUBENI,TANJUNG ENIM LESTARI,TANJUNG PRIOK,SUMATERA SELATAN,1059,418838,UNKNOWN,UNKNOWN,UNKNOWN COUNTRY,NINGBO,CHINA (MAINLAND)
2020,470200,ROYAL GOLDEN EAGLE,APRIL,UNKNOWN,RIAU,507,248207,UNKNOWN,UNKNOWN,UNKNOWN COUNTRY,PORT KELANG,CHINA (MAINLAND)
2020,470200,ROYAL GOLDEN EAGLE,APRIL,UNKNOWN,RIAU,507,248292,UNKNOWN,UNKNOWN,UNKNOWN COUNTRY,PORT KELANG,CHINA (MAINLAND)
2020,470200,ROYAL GOLDEN EAGLE,APRIL,UNKNOWN,RIAU,507,248195,UNKNOWN,UNKNOWN,UNKNOWN COUNTRY,PORT KELANG,CHINA (MAINLAND)
2020,470200,ROYAL GOLDEN EAGLE,APRIL,UNKNOWN,RIAU,507,248243,UNKNOWN,UNKNOWN,UNKNOWN COUNTRY,PORT KELANG,CHINA (MAINLAND)
2020,470200,ROYAL GOLDEN EAGLE,APRIL,UNKNOWN,RIAU,506,247784,UNKNOWN,UNKNOWN,UNKNOWN COUNTRY,PORT KELANG,CHINA (MAINLAND)
2020,470200,ROYAL GOLDEN EAGLE,APRIL,UNKNOWN,RIAU,506,248009,UNKNOWN,UNKNOWN,UNKNOWN COUNTRY,PORT KELANG,CHINA (MAINLAND)
2020,470200,ROYAL GOLDEN EAGLE,APRIL,UNKNOWN,RIAU,506,248013,UNKNOWN,UNKNOWN,UNKNOWN COUNTRY,PORT KELANG,CHINA (MAINLAND)
2020,470200,ROYAL GOLDEN EAGLE,APRIL,UNKNOWN,RIAU,506,248179,UNKNOWN,UNKNOWN,UNKNOWN COUNTRY,PORT KELANG,CHINA (MAINLAND)
2020,470200,ROYAL GOLDEN EAGLE,APRIL,BUATAN,RIAU,506,248176,UNKNOWN,UNKNOWN,UNKNOWN COUNTRY,SINGAPORE,CHINA (MAINLAND)
2020,470329,ROYAL GOLDEN EAGLE,APRIL,BUATAN,RIAU,1005,306497,UNKNOWN,UNKNOWN,UNKNOWN COUNTRY,SINGAPORE,CHINA (MAINLAND)
2020,470329,ROYAL GOLDEN EAGLE,APRIL,BUATAN,RIAU,321,94428,UNKNOWN,UNKNOWN,UNKNOWN COUNTRY,SINGAPORE,PAKISTAN
2020,470329,ROYAL GOLDEN EAGLE,APRIL,BUATAN,RIAU,199,58457,UNKNOWN,UNKNOWN,UNKNOWN COUNTRY,SINGAPORE,UNITED ARAB EMIRATES
2020,470329,SINAR MAS,LONTAR PAPYRUS,KUALA TUNGKAL,JAMBI,1004,472262,UNKNOWN,UNKNOWN,UNKNOWN COUNTRY,ZHANJIANG,CHINA (MAINLAND)
2020,470329,SINAR MAS,LONTAR PAPYRUS,KUALA TUNGKAL,JAMBI,1005,472505,UNKNOWN,UNKNOWN,UNKNOWN COUNTRY,ZHANJIANG,CHINA (MAINLAND)
2020,470329,SINAR MAS,INDAH KIAT,PERAWANG,RIAU,440,203293,UNKNOWN,UNKNOWN,UNKNOWN COUNTRY,EL ISKANDARIYA (=ALEXANDRIA),EGYPT
2020,470329,SINAR MAS,INDAH KIAT,SUNGAI PAKNING,RIAU,5000,2310000,UNKNOWN,UNKNOWN,UNKNOWN COUNTRY,CHANGSHU,CHINA (MAINLAND)
2020,470329,SINAR MAS,INDAH KIAT,SUNGAI PAKNING,RIAU,800,369600,UNKNOWN,UNKNOWN,UNKNOWN COUNTRY,CHANGSHU,CHINA (MAINLAND)
2020,470329,SINAR MAS,INDAH KIAT,SUNGAI PAKNING,RIAU,2000,924000,UNKNOWN,UNKNOWN,UNKNOWN COUNTRY,CHANGSHU,CHINA (MAINLAND)
2020,470329,SINAR MAS,INDAH KIAT,SUNGAI PAKNING,RIAU,3500,1617000,UNKNOWN,UNKNOWN,UNKNOWN COUNTRY,CHANGSHU,CHINA (MAINLAND)
2020,470329,ROYAL GOLDEN EAGLE,APRIL,BUATAN,RIAU,502,147720,UNKNOWN,UNKNOWN,UNKNOWN COUNTRY,SINGAPORE,PHILIPPINES
2020,470329,ROYAL GOLDEN EAGLE,APRIL,BUATAN,RIAU,502,153187,UNKNOWN,UNKNOWN,UNKNOWN COUNTRY,SINGAPORE,VIETNAM
2020,470329,MARUBENI,TANJUNG ENIM LESTARI,PANJANG,SUMATERA SELATAN,1558,619698,UNKNOWN,UNKNOWN,UNKNOWN COUNTRY,WUHAN,CHINA (MAINLAND)
2020,470329,SINAR MAS,INDAH KIAT,PERAWANG,RIAU,1000,470538,UNKNOWN,UNKNOWN,UNKNOWN COUNTRY,CHONGQING,CHINA (MAINLAND)
2020,470329,SINAR MAS,INDAH KIAT,PERAWANG,RIAU,1060,506739,UNKNOWN,UNKNOWN,UNKNOWN COUNTRY,TUTICORIN,INDIA
2020,470200,ROYAL GOLDEN EAGLE,APRIL,UNKNOWN,RIAU,506,247912,UNKNOWN,UNKNOWN,UNKNOWN COUNTRY,PORT KELANG,CHINA (MAINLAND)
2020,470200,ROYAL GOLDEN EAGLE,APRIL,UNKNOWN,RIAU,506,247939,UNKNOWN,UNKNOWN,UNKNOWN COUNTRY,PORT KELANG,CHINA (MAINLAND)
2020,470200,ROYAL GOLDEN EAGLE,APRIL,UNKNOWN,RIAU,506,247949,UNKNOWN,UNKNOWN,UNKNOWN COUNTRY,PORT KELANG,CHINA (MAINLAND)
2020,470200,ROYAL GOLDEN EAGLE,APRIL,UNKNOWN,RIAU,506,247965,UNKNOWN,UNKNOWN,UNKNOWN COUNTRY,PORT KELANG,CHINA (MAINLAND)
2020,470200,ROYAL GOLDEN EAGLE,APRIL,UNKNOWN,RIAU,506,247982,UNKNOWN,UNKNOWN,UNKNOWN COUNTRY,PORT KELANG,CHINA (MAINLAND)
2020,470200,ROYAL GOLDEN EAGLE,APRIL,UNKNOWN,RIAU,507,248265,UNKNOWN,UNKNOWN,UNKNOWN COUNTRY,PORT KELANG,CHINA (MAINLAND)
2020,470200,ROYAL GOLDEN EAGLE,APRIL,UNKNOWN,RIAU,506,248009,UNKNOWN,UNKNOWN,UNKNOWN COUNTRY,PORT KELANG,CHINA (MAINLAND)
2020,470200,ROYAL GOLDEN EAGLE,APRIL,UNKNOWN,RIAU,506,247818,UNKNOWN,UNKNOWN,UNKNOWN COUNTRY,PORT KELANG,CHINA (MAINLAND)
2020,470200,ROYAL GOLDEN EAGLE,APRIL,UNKNOWN,RIAU,506,248171,UNKNOWN,UNKNOWN,UNKNOWN COUNTRY,TANJUNG PELEPAS,CHINA (MAINLAND)
2020,470200,ROYAL GOLDEN EAGLE,APRIL,UNKNOWN,RIAU,506,248134,UNKNOWN,UNKNOWN,UNKNOWN COUNTRY,TANJUNG PELEPAS,CHINA (MAINLAND)
2020,470200,ROYAL GOLDEN EAGLE,APRIL,UNKNOWN,RIAU,506,248073,UNKNOWN,UNKNOWN,UNKNOWN COUNTRY,TANJUNG PELEPAS,CHINA (MAINLAND)
2020,470329,ROYAL GOLDEN EAGLE,APRIL,BUATAN,RIAU,1005,295345,UNKNOWN,UNKNOWN,UNKNOWN COUNTRY,SINGAPORE,CHINA (MAINLAND)
2020,470329,ROYAL GOLDEN EAGLE,APRIL,BUATAN,RIAU,503,147794,UNKNOWN,UNKNOWN,UNKNOWN COUNTRY,SINGAPORE,CHINA (MAINLAND)
2020,470329,ROYAL GOLDEN EAGLE,APRIL,BUATAN,RIAU,503,153349,UNKNOWN,UNKNOWN,UNKNOWN COUNTRY,SINGAPORE,SAUDI ARABIA
2020,470329,MARUBENI,TANJUNG ENIM LESTARI,PANJANG,SUMATERA SELATAN,535,208661,UNKNOWN,UNKNOWN,UNKNOWN COUNTRY,CHONGQING,CHINA (MAINLAND)
2020,470329,MARUBENI,TANJUNG ENIM LESTARI,PANJANG,SUMATERA SELATAN,532,214585,UNKNOWN,UNKNOWN,UNKNOWN COUNTRY,NINGBO,CHINA (MAINLAND)
2020,470329,MARUBENI,TANJUNG ENIM LESTARI,PANJANG,SUMATERA SELATAN,531,230505,UNKNOWN,UNKNOWN,UNKNOWN COUNTRY,JAWAHARLAL NEHRU (NHAVA SHEVA),INDIA
2020,470329,MARUBENI,TANJUNG ENIM LESTARI,PANJANG,SUMATERA SELATAN,86,37219,UNKNOWN,UNKNOWN,UNKNOWN COUNTRY,JAWAHARLAL NEHRU (NHAVA SHEVA),INDIA
2020,470329,SINAR MAS,OKI,SULTAN MAHMUD BADARUDDIN (U),SUMATERA SELATAN,700,320765,UNKNOWN,UNKNOWN,UNKNOWN COUNTRY,LIANYUNGANG,CHINA (MAINLAND)
2020,470329,SINAR MAS,OKI,SULTAN MAHMUD BADARUDDIN (U),SUMATERA SELATAN,5000,2291180,UNKNOWN,UNKNOWN,UNKNOWN COUNTRY,LIANYUNGANG,CHINA (MAINLAND)
2020,470329,SINAR MAS,OKI,SULTAN MAHMUD BADARUDDIN (U),SUMATERA SELATAN,5000,2291180,UNKNOWN,UNKNOWN,UNKNOWN COUNTRY,LIANYUNGANG,CHINA (MAINLAND)
2020,470329,SINAR MAS,OKI,SULTAN MAHMUD BADARUDDIN (U),SUMATERA SELATAN,2000,915472,UNKNOWN,UNKNOWN,UNKNOWN COUNTRY,QINGDAO,CHINA (MAINLAND)
2020,470329,SINAR MAS,OKI,SULTAN MAHMUD BADARUDDIN (U),SUMATERA SELATAN,1000,457736,UNKNOWN,UNKNOWN,UNKNOWN COUNTRY,QINGDAO,CHINA (MAINLAND)
2020,470329,SINAR MAS,OKI,SULTAN MAHMUD BADARUDDIN (U),SUMATERA SELATAN,2000,917472,UNKNOWN,UNKNOWN,UNKNOWN COUNTRY,TIANJIN,CHINA (MAINLAND)
2020,470329,SINAR MAS,OKI,SULTAN MAHMUD BADARUDDIN (U),SUMATERA SELATAN,1500,688104,UNKNOWN,UNKNOWN,UNKNOWN COUNTRY,TIANJIN,CHINA (MAINLAND)
2020,470329,SINAR MAS,OKI,SULTAN MAHMUD BADARUDDIN (U),SUMATERA SELATAN,2000,917472,UNKNOWN,UNKNOWN,UNKNOWN COUNTRY,TIANJIN,CHINA (MAINLAND)
2020,470329,SINAR MAS,OKI,SULTAN MAHMUD BADARUDDIN (U),SUMATERA SELATAN,2000,917472,UNKNOWN,UNKNOWN,UNKNOWN COUNTRY,TIANJIN,CHINA (MAINLAND)
2020,470329,SINAR MAS,OKI,SULTAN MAHMUD BADARUDDIN (U),SUMATERA SELATAN,2000,917472,UNKNOWN,UNKNOWN,UNKNOWN COUNTRY,TIANJIN,CHINA (MAINLAND)
2020,470329,ROYAL GOLDEN EAGLE,APRIL,UNKNOWN,RIAU,10015,2954913,UNKNOWN,UNKNOWN,UNKNOWN COUNTRY,CHANGSHU,CHINA (MAINLAND)
2020,470329,ROYAL GOLDEN EAGLE,APRIL,UNKNOWN,RIAU,2010,590919,UNKNOWN,UNKNOWN,UNKNOWN COUNTRY,NANSHA,CHINA (MAINLAND)
2020,470329,ROYAL GOLDEN EAGLE,APRIL,BUATAN,RIAU,502,147731,UNKNOWN,UNKNOWN,UNKNOWN COUNTRY,SINGAPORE,BANGLADESH
2020,470200,ROYAL GOLDEN EAGLE,APRIL,BUATAN,RIAU,506,248125,UNKNOWN,UNKNOWN,UNKNOWN COUNTRY,SINGAPORE,CHINA (MAINLAND)
2020,470329,SINAR MAS,INDAH KIAT,PERAWANG,RIAU,1000,471110,UNKNOWN,UNKNOWN,UNKNOWN COUNTRY,DALIAN,CHINA (MAINLAND)
2020,470329,SINAR MAS,INDAH KIAT,PERAWANG,RIAU,500,235555,UNKNOWN,UNKNOWN,UNKNOWN COUNTRY,DALIAN,CHINA (MAINLAND)
2020,470329,SINAR MAS,INDAH KIAT,PERAWANG,RIAU,740,346582,UNKNOWN,UNKNOWN,UNKNOWN COUNTRY,WUHAN,CHINA (MAINLAND)
2020,470329,SINAR MAS,INDAH KIAT,PERAWANG,RIAU,1000,433303,UNKNOWN,UNKNOWN,UNKNOWN COUNTRY,ZHAPU,CHINA (MAINLAND)
2020,470329,SINAR MAS,INDAH KIAT,PERAWANG,RIAU,1000,467898,UNKNOWN,UNKNOWN,UNKNOWN COUNTRY,APAPA,NIGERIA
2020,470329,SINAR MAS,OKI,SULTAN MAHMUD BADARUDDIN (U),SUMATERA SELATAN,1600,735578,UNKNOWN,UNKNOWN,UNKNOWN COUNTRY,CHANGSHU,CHINA (MAINLAND)
2020,470329,SINAR MAS,OKI,SULTAN MAHMUD BADARUDDIN (U),SUMATERA SELATAN,5000,2298680,UNKNOWN,UNKNOWN,UNKNOWN COUNTRY,CHANGSHU,CHINA (MAINLAND)
2020,470329,SINAR MAS,OKI,SULTAN MAHMUD BADARUDDIN (U),SUMATERA SELATAN,900,413762,UNKNOWN,UNKNOWN,UNKNOWN COUNTRY,CHANGSHU,CHINA (MAINLAND)
2020,470329,SINAR MAS,OKI,SULTAN MAHMUD BADARUDDIN (U),SUMATERA SELATAN,1008,466348,UNKNOWN,UNKNOWN,UNKNOWN COUNTRY,SINGAPORE,CHINA (MAINLAND)
2020,470329,SINAR MAS,OKI,SULTAN MAHMUD BADARUDDIN (U),SUMATERA SELATAN,1500,689079,UNKNOWN,UNKNOWN,UNKNOWN COUNTRY,TIANJIN,CHINA (MAINLAND)
2020,470329,SINAR MAS,OKI,SULTAN MAHMUD BADARUDDIN (U),SUMATERA SELATAN,1500,689079,UNKNOWN,UNKNOWN,UNKNOWN COUNTRY,TIANJIN,CHINA (MAINLAND)
2020,470329,SINAR MAS,OKI,SULTAN MAHMUD BADARUDDIN (U),SUMATERA SELATAN,2000,918772,UNKNOWN,UNKNOWN,UNKNOWN COUNTRY,TIANJIN,CHINA (MAINLAND)
2020,470329,SINAR MAS,OKI,SULTAN MAHMUD BADARUDDIN (U),SUMATERA SELATAN,2000,918772,UNKNOWN,UNKNOWN,UNKNOWN COUNTRY,TIANJIN,CHINA (MAINLAND)
2020,470329,SINAR MAS,OKI,SULTAN MAHMUD BADARUDDIN (U),SUMATERA SELATAN,2000,918772,UNKNOWN,UNKNOWN,UNKNOWN COUNTRY,TIANJIN,CHINA (MAINLAND)
2020,470329,SINAR MAS,OKI,SULTAN MAHMUD BADARUDDIN (U),SUMATERA SELATAN,1500,689079,UNKNOWN,UNKNOWN,UNKNOWN COUNTRY,TIANJIN,CHINA (MAINLAND)
2020,470329,ROYAL GOLDEN EAGLE,APRIL,UNKNOWN,RIAU,4810,1414199,UNKNOWN,UNKNOWN,UNKNOWN COUNTRY,GUNSAN,SOUTH KOREA
2020,470329,ROYAL GOLDEN EAGLE,APRIL,UNKNOWN,RIAU,4320,1269976,UNKNOWN,UNKNOWN,UNKNOWN COUNTRY,PYEONGTAEK,SOUTH KOREA
2020,470329,SINAR MAS,OKI,SULTAN MAHMUD BADARUDDIN (U),SUMATERA SELATAN,5000,2301930,UNKNOWN,UNKNOWN,UNKNOWN COUNTRY,NINGBO,CHINA (MAINLAND)
2020,470329,SINAR MAS,OKI,SULTAN MAHMUD BADARUDDIN (U),SUMATERA SELATAN,5000,2301930,UNKNOWN,UNKNOWN,UNKNOWN COUNTRY,NINGBO,CHINA (MAINLAND)
2020,470329,SINAR MAS,OKI,SULTAN MAHMUD BADARUDDIN (U),SUMATERA SELATAN,200,92077,UNKNOWN,UNKNOWN,UNKNOWN COUNTRY,NINGBO,CHINA (MAINLAND)
2020,470200,ROYAL GOLDEN EAGLE,APRIL,UNKNOWN,RIAU,507,248393,UNKNOWN,UNKNOWN,UNKNOWN COUNTRY,PORT KELANG,CHINA (MAINLAND)
2020,470200,ROYAL GOLDEN EAGLE,APRIL,UNKNOWN,RIAU,507,248285,UNKNOWN,UNKNOWN,UNKNOWN COUNTRY,PORT KELANG,CHINA (MAINLAND)
2020,470200,ROYAL GOLDEN EAGLE,APRIL,UNKNOWN,RIAU,507,248235,UNKNOWN,UNKNOWN,UNKNOWN COUNTRY,PORT KELANG,CHINA (MAINLAND)
2020,470200,ROYAL GOLDEN EAGLE,APRIL,UNKNOWN,RIAU,506,248149,UNKNOWN,UNKNOWN,UNKNOWN COUNTRY,TANJUNG PELEPAS,CHINA (MAINLAND)
2020,470200,ROYAL GOLDEN EAGLE,APRIL,UNKNOWN,RIAU,507,248366,UNKNOWN,UNKNOWN,UNKNOWN COUNTRY,TANJUNG PELEPAS,CHINA (MAINLAND)
2020,470200,ROYAL GOLDEN EAGLE,APRIL,UNKNOWN,RIAU,506,248158,UNKNOWN,UNKNOWN,UNKNOWN COUNTRY,TANJUNG PELEPAS,CHINA (MAINLAND)
2020,470329,ROYAL GOLDEN EAGLE,APRIL,BUATAN,RIAU,140,41256,UNKNOWN,UNKNOWN,UNKNOWN COUNTRY,SINGAPORE,BANGLADESH
2020,470200,ROYAL GOLDEN EAGLE,APRIL,BUATAN,RIAU,506,247965,UNKNOWN,UNKNOWN,UNKNOWN COUNTRY,SINGAPORE,CHINA (MAINLAND)
2020,470200,ROYAL GOLDEN EAGLE,APRIL,BUATAN,RIAU,506,248089,UNKNOWN,UNKNOWN,UNKNOWN COUNTRY,SINGAPORE,CHINA (MAINLAND)
2020,470200,ROYAL GOLDEN EAGLE,APRIL,BUATAN,RIAU,506,247996,UNKNOWN,UNKNOWN,UNKNOWN COUNTRY,SINGAPORE,CHINA (MAINLAND)
2020,470329,ROYAL GOLDEN EAGLE,APRIL,BUATAN,RIAU,804,245099,UNKNOWN,UNKNOWN,UNKNOWN COUNTRY,SINGAPORE,CHINA (MAINLAND)
2020,470329,SINAR MAS,INDAH KIAT,PERAWANG,RIAU,500,240396,UNKNOWN,UNKNOWN,UNKNOWN COUNTRY,MELBOURNE,AUSTRALIA
2020,470329,SINAR MAS,INDAH KIAT,PERAWANG,RIAU,1000,468340,UNKNOWN,UNKNOWN,UNKNOWN COUNTRY,YUNFU,CHINA (MAINLAND)
2020,470329,SINAR MAS,INDAH KIAT,PERAWANG,RIAU,1000,468340,UNKNOWN,UNKNOWN,UNKNOWN COUNTRY,YUNFU,CHINA (MAINLAND)
2020,470200,ROYAL GOLDEN EAGLE,APRIL,UNKNOWN,RIAU,507,248220,UNKNOWN,UNKNOWN,UNKNOWN COUNTRY,PORT KELANG,CHINA (MAINLAND)
2020,470329,MARUBENI,TANJUNG ENIM LESTARI,PANJANG,SUMATERA SELATAN,98,41420,UNKNOWN,UNKNOWN,UNKNOWN COUNTRY,TOMAKOMAI,JAPAN
2020,470329,SINAR MAS,INDAH KIAT,PERAWANG,RIAU,1000,468340,UNKNOWN,UNKNOWN,UNKNOWN COUNTRY,YUNFU,CHINA (MAINLAND)
2020,470329,SINAR MAS,INDAH KIAT,PERAWANG,RIAU,1040,497168,UNKNOWN,UNKNOWN,UNKNOWN COUNTRY,TUTICORIN,INDIA
2020,470329,SINAR MAS,INDAH KIAT,PERAWANG,RIAU,1000,461038,UNKNOWN,UNKNOWN,UNKNOWN COUNTRY,HAIPHONG,VIETNAM
2020,470329,SINAR MAS,OKI,SULTAN MAHMUD BADARUDDIN (U),SUMATERA SELATAN,672,310899,UNKNOWN,UNKNOWN,UNKNOWN COUNTRY,SINGAPORE,CHINA (MAINLAND)
2020,470329,SINAR MAS,OKI,SULTAN MAHMUD BADARUDDIN (U),SUMATERA SELATAN,672,310899,UNKNOWN,UNKNOWN,UNKNOWN COUNTRY,SINGAPORE,CHINA (MAINLAND)
2020,470329,SINAR MAS,OKI,SULTAN MAHMUD BADARUDDIN (U),SUMATERA SELATAN,2500,1148090,UNKNOWN,UNKNOWN,UNKNOWN COUNTRY,TIANJIN,CHINA (MAINLAND)
2020,470329,SINAR MAS,OKI,SULTAN MAHMUD BADARUDDIN (U),SUMATERA SELATAN,1000,459236,UNKNOWN,UNKNOWN,UNKNOWN COUNTRY,TIANJIN,CHINA (MAINLAND)
2020,470329,SINAR MAS,OKI,SULTAN MAHMUD BADARUDDIN (U),SUMATERA SELATAN,1200,551083,UNKNOWN,UNKNOWN,UNKNOWN COUNTRY,TIANJIN,CHINA (MAINLAND)
2020,470329,SINAR MAS,OKI,SULTAN MAHMUD BADARUDDIN (U),SUMATERA SELATAN,1500,688854,UNKNOWN,UNKNOWN,UNKNOWN COUNTRY,TIANJIN,CHINA (MAINLAND)
2020,470329,SINAR MAS,OKI,SULTAN MAHMUD BADARUDDIN (U),SUMATERA SELATAN,2500,1148090,UNKNOWN,UNKNOWN,UNKNOWN COUNTRY,TIANJIN,CHINA (MAINLAND)
2020,470329,SINAR MAS,OKI,SULTAN MAHMUD BADARUDDIN (U),SUMATERA SELATAN,500,229618,UNKNOWN,UNKNOWN,UNKNOWN COUNTRY,TIANJIN,CHINA (MAINLAND)
2020,470329,SINAR MAS,OKI,SULTAN MAHMUD BADARUDDIN (U),SUMATERA SELATAN,500,229618,UNKNOWN,UNKNOWN,UNKNOWN COUNTRY,TIANJIN,CHINA (MAINLAND)
2020,470329,SINAR MAS,OKI,SULTAN MAHMUD BADARUDDIN (U),SUMATERA SELATAN,500,229618,UNKNOWN,UNKNOWN,UNKNOWN COUNTRY,TIANJIN,CHINA (MAINLAND)
2020,470329,SINAR MAS,OKI,SULTAN MAHMUD BADARUDDIN (U),SUMATERA SELATAN,2000,918472,UNKNOWN,UNKNOWN,UNKNOWN COUNTRY,TIANJIN,CHINA (MAINLAND)
2020,470329,SINAR MAS,OKI,SULTAN MAHMUD BADARUDDIN (U),SUMATERA SELATAN,1500,688854,UNKNOWN,UNKNOWN,UNKNOWN COUNTRY,TIANJIN,CHINA (MAINLAND)
2020,470200,ROYAL GOLDEN EAGLE,APRIL,UNKNOWN,RIAU,506,247820,UNKNOWN,UNKNOWN,UNKNOWN COUNTRY,PORT KELANG,CHINA (MAINLAND)
2020,470200,ROYAL GOLDEN EAGLE,APRIL,UNKNOWN,RIAU,506,247832,UNKNOWN,UNKNOWN,UNKNOWN COUNTRY,PORT KELANG,CHINA (MAINLAND)
2020,470200,ROYAL GOLDEN EAGLE,APRIL,UNKNOWN,RIAU,506,247840,UNKNOWN,UNKNOWN,UNKNOWN COUNTRY,PORT KELANG,CHINA (MAINLAND)
2020,470200,ROYAL GOLDEN EAGLE,APRIL,UNKNOWN,RIAU,506,248028,UNKNOWN,UNKNOWN,UNKNOWN COUNTRY,PORT KELANG,CHINA (MAINLAND)
2020,470200,ROYAL GOLDEN EAGLE,APRIL,UNKNOWN,RIAU,507,248362,UNKNOWN,UNKNOWN,UNKNOWN COUNTRY,PORT KELANG,CHINA (MAINLAND)
2020,470200,ROYAL GOLDEN EAGLE,APRIL,UNKNOWN,RIAU,507,248419,UNKNOWN,UNKNOWN,UNKNOWN COUNTRY,PORT KELANG,CHINA (MAINLAND)
2020,470200,ROYAL GOLDEN EAGLE,APRIL,BUATAN,RIAU,506,248012,UNKNOWN,UNKNOWN,UNKNOWN COUNTRY,SINGAPORE,CHINA (MAINLAND)
2020,470200,ROYAL GOLDEN EAGLE,APRIL,BUATAN,RIAU,506,248069,UNKNOWN,UNKNOWN,UNKNOWN COUNTRY,SINGAPORE,CHINA (MAINLAND)
2020,470329,ROYAL GOLDEN EAGLE,APRIL,BUATAN,RIAU,1004,295092,UNKNOWN,UNKNOWN,UNKNOWN COUNTRY,SINGAPORE,CHINA (MAINLAND)
2020,470329,ROYAL GOLDEN EAGLE,APRIL,BUATAN,RIAU,201,59056,UNKNOWN,UNKNOWN,UNKNOWN COUNTRY,SINGAPORE,CHINA (MAINLAND)
2020,470329,SINAR MAS,INDAH KIAT,PERAWANG,RIAU,1000,468340,UNKNOWN,UNKNOWN,UNKNOWN COUNTRY,YUNFU,CHINA (MAINLAND)
2020,470329,SINAR MAS,OKI,SULTAN MAHMUD BADARUDDIN (U),SUMATERA SELATAN,800,367400,UNKNOWN,UNKNOWN,UNKNOWN COUNTRY,CHANGSHU,CHINA (MAINLAND)
2020,470329,SINAR MAS,OKI,SULTAN MAHMUD BADARUDDIN (U),SUMATERA SELATAN,672,310899,UNKNOWN,UNKNOWN,UNKNOWN COUNTRY,SINGAPORE,CHINA (MAINLAND)
2020,470329,MARUBENI,TANJUNG ENIM LESTARI,TARAHAN,SUMATERA SELATAN,1086,418202,UNKNOWN,UNKNOWN,UNKNOWN COUNTRY,QINGDAO,CHINA (MAINLAND)
2020,470329,MARUBENI,TANJUNG ENIM LESTARI,TARAHAN,SUMATERA SELATAN,1059,407702,UNKNOWN,UNKNOWN,UNKNOWN COUNTRY,QINGDAO,CHINA (MAINLAND)
2020,470329,MARUBENI,TANJUNG ENIM LESTARI,TARAHAN,SUMATERA SELATAN,2119,816028,UNKNOWN,UNKNOWN,UNKNOWN COUNTRY,QINGDAO,CHINA (MAINLAND)
2020,470329,MARUBENI,TANJUNG ENIM LESTARI,TARAHAN,SUMATERA SELATAN,999,379533,UNKNOWN,UNKNOWN,UNKNOWN COUNTRY,QINGDAO,CHINA (MAINLAND)
2020,470329,MARUBENI,TANJUNG ENIM LESTARI,TARAHAN,SUMATERA SELATAN,403,152991,UNKNOWN,UNKNOWN,UNKNOWN COUNTRY,QINGDAO,CHINA (MAINLAND)
2020,470329,MARUBENI,TANJUNG ENIM LESTARI,TARAHAN,SUMATERA SELATAN,2099,808430,UNKNOWN,UNKNOWN,UNKNOWN COUNTRY,QINGDAO,CHINA (MAINLAND)
2020,470329,MARUBENI,TANJUNG ENIM LESTARI,TARAHAN,SUMATERA SELATAN,2120,816723,UNKNOWN,UNKNOWN,UNKNOWN COUNTRY,QINGDAO,CHINA (MAINLAND)
2020,470200,ROYAL GOLDEN EAGLE,APRIL,BUATAN,RIAU,506,247982,UNKNOWN,UNKNOWN,UNKNOWN COUNTRY,SINGAPORE,CHINA (MAINLAND)
2020,470329,ROYAL GOLDEN EAGLE,APRIL,BUATAN,RIAU,1006,295696,UNKNOWN,UNKNOWN,UNKNOWN COUNTRY,SINGAPORE,CHINA (MAINLAND)
2020,470329,ROYAL GOLDEN EAGLE,APRIL,BUATAN,RIAU,534,162965,UNKNOWN,UNKNOWN,UNKNOWN COUNTRY,SINGAPORE,KUWAIT
2020,470329,ROYAL GOLDEN EAGLE,APRIL,BUATAN,RIAU,161,47250,UNKNOWN,UNKNOWN,UNKNOWN COUNTRY,SINGAPORE,VIETNAM
2020,470329,MARUBENI,TANJUNG ENIM LESTARI,PANJANG,SUMATERA SELATAN,700,276417,UNKNOWN,UNKNOWN,UNKNOWN COUNTRY,WUHAN,CHINA (MAINLAND)
2020,470329,MARUBENI,TANJUNG ENIM LESTARI,PANJANG,SUMATERA SELATAN,150,59842,UNKNOWN,UNKNOWN,UNKNOWN COUNTRY,JAWAHARLAL NEHRU (NHAVA SHEVA),INDIA
2020,470329,MARUBENI,TANJUNG ENIM LESTARI,PANJANG,SUMATERA SELATAN,514,198666,UNKNOWN,UNKNOWN,UNKNOWN COUNTRY,CAT LAI,VIETNAM
2020,470329,SINAR MAS,OKI,SULTAN MAHMUD BADARUDDIN (U),SUMATERA SELATAN,4900,2348325,UNKNOWN,UNKNOWN,UNKNOWN COUNTRY,CHANGSHU,CHINA (MAINLAND)
2020,470329,SINAR MAS,OKI,SULTAN MAHMUD BADARUDDIN (U),SUMATERA SELATAN,1700,780725,UNKNOWN,UNKNOWN,UNKNOWN COUNTRY,CHANGSHU,CHINA (MAINLAND)
2020,470329,SINAR MAS,OKI,SULTAN MAHMUD BADARUDDIN (U),SUMATERA SELATAN,672,310899,UNKNOWN,UNKNOWN,UNKNOWN COUNTRY,SINGAPORE,CHINA (MAINLAND)
2020,470329,SINAR MAS,OKI,SULTAN MAHMUD BADARUDDIN (U),SUMATERA SELATAN,672,310899,UNKNOWN,UNKNOWN,UNKNOWN COUNTRY,SINGAPORE,CHINA (MAINLAND)
2020,470329,SINAR MAS,INDAH KIAT,SUNGAI PAKNING,RIAU,6000,2766000,UNKNOWN,UNKNOWN,UNKNOWN COUNTRY,DAGANG,CHINA (MAINLAND)
2020,470329,SINAR MAS,INDAH KIAT,SUNGAI PAKNING,RIAU,1800,829800,UNKNOWN,UNKNOWN,UNKNOWN COUNTRY,DAGANG,CHINA (MAINLAND)
2020,470329,SINAR MAS,INDAH KIAT,SUNGAI PAKNING,RIAU,1200,577200,UNKNOWN,UNKNOWN,UNKNOWN COUNTRY,DAGANG,CHINA (MAINLAND)
2020,470329,SINAR MAS,LONTAR PAPYRUS,KUALA TUNGKAL,JAMBI,1004,471996,UNKNOWN,UNKNOWN,UNKNOWN COUNTRY,ZHANJIANG,CHINA (MAINLAND)
2020,470329,SINAR MAS,LONTAR PAPYRUS,KUALA TUNGKAL,JAMBI,1004,472006,UNKNOWN,UNKNOWN,UNKNOWN COUNTRY,ZHANJIANG,CHINA (MAINLAND)
2020,470329,SINAR MAS,LONTAR PAPYRUS,KUALA TUNGKAL,JAMBI,1001,470797,UNKNOWN,UNKNOWN,UNKNOWN COUNTRY,ZHANJIANG,CHINA (MAINLAND)
2020,470329,SINAR MAS,LONTAR PAPYRUS,KUALA TUNGKAL,JAMBI,301,144130,UNKNOWN,UNKNOWN,UNKNOWN COUNTRY,MANILA SOUTH HARBOUR,PHILIPPINES
2020,470329,ROYAL GOLDEN EAGLE,APRIL,UNKNOWN,RIAU,5841,1728807,UNKNOWN,UNKNOWN,UNKNOWN COUNTRY,CHANGSHU,CHINA (MAINLAND)
2020,470329,ROYAL GOLDEN EAGLE,APRIL,UNKNOWN,RIAU,7426,2183360,UNKNOWN,UNKNOWN,UNKNOWN COUNTRY,CHANGSHU,CHINA (MAINLAND)
2020,470329,ROYAL GOLDEN EAGLE,APRIL,UNKNOWN,RIAU,4092,1202956,UNKNOWN,UNKNOWN,UNKNOWN COUNTRY,HUANGPU,CHINA (MAINLAND)
2020,470329,ROYAL GOLDEN EAGLE,APRIL,UNKNOWN,RIAU,4712,1385426,UNKNOWN,UNKNOWN,UNKNOWN COUNTRY,ZHANJIANG,CHINA (MAINLAND)
2020,470329,ROYAL GOLDEN EAGLE,APRIL,BUATAN,RIAU,40,11796,UNKNOWN,UNKNOWN,UNKNOWN COUNTRY,SINGAPORE,BANGLADESH
2020,470329,ROYAL GOLDEN EAGLE,APRIL,BUATAN,RIAU,60,17708,UNKNOWN,UNKNOWN,UNKNOWN COUNTRY,SINGAPORE,BANGLADESH
2020,470200,ROYAL GOLDEN EAGLE,APRIL,BUATAN,RIAU,506,247869,UNKNOWN,UNKNOWN,UNKNOWN COUNTRY,SINGAPORE,CHINA (MAINLAND)
2020,470200,ROYAL GOLDEN EAGLE,APRIL,BUATAN,RIAU,506,247997,UNKNOWN,UNKNOWN,UNKNOWN COUNTRY,SINGAPORE,CHINA (MAINLAND)
2020,470200,ROYAL GOLDEN EAGLE,APRIL,BUATAN,RIAU,505,247690,UNKNOWN,UNKNOWN,UNKNOWN COUNTRY,SINGAPORE,CHINA (MAINLAND)
2020,470329,ROYAL GOLDEN EAGLE,APRIL,BUATAN,RIAU,302,88803,UNKNOWN,UNKNOWN,UNKNOWN COUNTRY,SINGAPORE,CHINA (MAINLAND)
2020,470329,ROYAL GOLDEN EAGLE,APRIL,BUATAN,RIAU,502,147719,UNKNOWN,UNKNOWN,UNKNOWN COUNTRY,SINGAPORE,CHINA (MAINLAND)
2020,470329,SINAR MAS,INDAH KIAT,PERAWANG,RIAU,1000,471110,UNKNOWN,UNKNOWN,UNKNOWN COUNTRY,DALIAN,CHINA (MAINLAND)
2020,470329,SINAR MAS,INDAH KIAT,PERAWANG,RIAU,700,329777,UNKNOWN,UNKNOWN,UNKNOWN COUNTRY,DALIAN,CHINA (MAINLAND)
2020,470329,SINAR MAS,INDAH KIAT,PERAWANG,RIAU,1040,497168,UNKNOWN,UNKNOWN,UNKNOWN COUNTRY,TUTICORIN,INDIA
2020,470329,SINAR MAS,INDAH KIAT,PERAWANG,RIAU,1000,477655,UNKNOWN,UNKNOWN,UNKNOWN COUNTRY,ABU DHABI,UNITED ARAB EMIRATES
2020,470329,SINAR MAS,OKI,SULTAN MAHMUD BADARUDDIN (U),SUMATERA SELATAN,1500,690579,UNKNOWN,UNKNOWN,UNKNOWN COUNTRY,CHANGSHU,CHINA (MAINLAND)
2020,470329,SINAR MAS,OKI,SULTAN MAHMUD BADARUDDIN (U),SUMATERA SELATAN,1000,460386,UNKNOWN,UNKNOWN,UNKNOWN COUNTRY,CHANGSHU,CHINA (MAINLAND)
2020,470329,SINAR MAS,OKI,SULTAN MAHMUD BADARUDDIN (U),SUMATERA SELATAN,2300,1059495,UNKNOWN,UNKNOWN,UNKNOWN COUNTRY,CHANGSHU,CHINA (MAINLAND)
2020,470329,SINAR MAS,OKI,SULTAN MAHMUD BADARUDDIN (U),SUMATERA SELATAN,5000,2403250,UNKNOWN,UNKNOWN,UNKNOWN COUNTRY,CHANGSHU,CHINA (MAINLAND)
2020,470329,SINAR MAS,OKI,SULTAN MAHMUD BADARUDDIN (U),SUMATERA SELATAN,1500,690975,UNKNOWN,UNKNOWN,UNKNOWN COUNTRY,CHANGSHU,CHINA (MAINLAND)
2020,470200,ROYAL GOLDEN EAGLE,APRIL,UNKNOWN,RIAU,506,248165,UNKNOWN,UNKNOWN,UNKNOWN COUNTRY,PORT KELANG,CHINA (MAINLAND)
2020,470200,ROYAL GOLDEN EAGLE,APRIL,UNKNOWN,RIAU,506,248177,UNKNOWN,UNKNOWN,UNKNOWN COUNTRY,PORT KELANG,CHINA (MAINLAND)
2020,470200,ROYAL GOLDEN EAGLE,APRIL,UNKNOWN,RIAU,507,248188,UNKNOWN,UNKNOWN,UNKNOWN COUNTRY,PORT KELANG,CHINA (MAINLAND)
2020,470200,ROYAL GOLDEN EAGLE,APRIL,UNKNOWN,RIAU,507,248199,UNKNOWN,UNKNOWN,UNKNOWN COUNTRY,PORT KELANG,CHINA (MAINLAND)
2020,470200,ROYAL GOLDEN EAGLE,APRIL,UNKNOWN,RIAU,507,248294,UNKNOWN,UNKNOWN,UNKNOWN COUNTRY,PORT KELANG,CHINA (MAINLAND)
2020,470200,ROYAL GOLDEN EAGLE,APRIL,UNKNOWN,RIAU,506,248073,UNKNOWN,UNKNOWN,UNKNOWN COUNTRY,PORT KELANG,CHINA (MAINLAND)
2020,470200,ROYAL GOLDEN EAGLE,APRIL,UNKNOWN,RIAU,507,248304,UNKNOWN,UNKNOWN,UNKNOWN COUNTRY,PORT KELANG,CHINA (MAINLAND)
2020,470200,ROYAL GOLDEN EAGLE,APRIL,UNKNOWN,RIAU,506,248160,UNKNOWN,UNKNOWN,UNKNOWN COUNTRY,PORT KELANG,CHINA (MAINLAND)
2020,470200,ROYAL GOLDEN EAGLE,APRIL,BUATAN,RIAU,506,247878,UNKNOWN,UNKNOWN,UNKNOWN COUNTRY,SINGAPORE,CHINA (MAINLAND)
2020,470200,ROYAL GOLDEN EAGLE,APRIL,BUATAN,RIAU,506,247845,UNKNOWN,UNKNOWN,UNKNOWN COUNTRY,SINGAPORE,CHINA (MAINLAND)
2020,470329,ROYAL GOLDEN EAGLE,APRIL,BUATAN,RIAU,503,147814,UNKNOWN,UNKNOWN,UNKNOWN COUNTRY,SINGAPORE,CHINA (MAINLAND)
2020,470329,SINAR MAS,OKI,SULTAN MAHMUD BADARUDDIN (U),SUMATERA SELATAN,2000,919972,UNKNOWN,UNKNOWN,UNKNOWN COUNTRY,CHANGSHU,CHINA (MAINLAND)
2020,470329,SINAR MAS,OKI,SULTAN MAHMUD BADARUDDIN (U),SUMATERA SELATAN,8300,3817884,UNKNOWN,UNKNOWN,UNKNOWN COUNTRY,CHANGSHU,CHINA (MAINLAND)
2020,470329,SINAR MAS,OKI,SULTAN MAHMUD BADARUDDIN (U),SUMATERA SELATAN,700,322175,UNKNOWN,UNKNOWN,UNKNOWN COUNTRY,CHANGSHU,CHINA (MAINLAND)
2020,470200,ROYAL GOLDEN EAGLE,APRIL,BUATAN,RIAU,506,247958,UNKNOWN,UNKNOWN,UNKNOWN COUNTRY,SINGAPORE,CHINA (MAINLAND)
2020,470329,ROYAL GOLDEN EAGLE,APRIL,BUATAN,RIAU,101,29578,UNKNOWN,UNKNOWN,UNKNOWN COUNTRY,SINGAPORE,INDIA
2020,470329,ROYAL GOLDEN EAGLE,APRIL,BUATAN,RIAU,101,29551,UNKNOWN,UNKNOWN,UNKNOWN COUNTRY,SINGAPORE,INDIA
2020,470329,ROYAL GOLDEN EAGLE,APRIL,BUATAN,RIAU,261,79687,UNKNOWN,UNKNOWN,UNKNOWN COUNTRY,SINGAPORE,INDIA
2020,470329,ROYAL GOLDEN EAGLE,APRIL,BUATAN,RIAU,402,118136,UNKNOWN,UNKNOWN,UNKNOWN COUNTRY,SINGAPORE,THAILAND
2020,470329,SINAR MAS,OKI,SULTAN MAHMUD BADARUDDIN (U),SUMATERA SELATAN,1000,458236,UNKNOWN,UNKNOWN,UNKNOWN COUNTRY,HUANGPU,CHINA (MAINLAND)
2020,470329,SINAR MAS,OKI,SULTAN MAHMUD BADARUDDIN (U),SUMATERA SELATAN,3000,1374708,UNKNOWN,UNKNOWN,UNKNOWN COUNTRY,HUANGPU,CHINA (MAINLAND)
2020,470329,SINAR MAS,OKI,SULTAN MAHMUD BADARUDDIN (U),SUMATERA SELATAN,3000,1361958,UNKNOWN,UNKNOWN,UNKNOWN COUNTRY,XINHUI,CHINA (MAINLAND)
2020,470200,ROYAL GOLDEN EAGLE,APRIL,BUATAN,RIAU,506,248099,UNKNOWN,UNKNOWN,UNKNOWN COUNTRY,SINGAPORE,CHINA (MAINLAND)
2020,470200,ROYAL GOLDEN EAGLE,APRIL,BUATAN,RIAU,506,248064,UNKNOWN,UNKNOWN,UNKNOWN COUNTRY,SINGAPORE,CHINA (MAINLAND)
2020,470200,ROYAL GOLDEN EAGLE,APRIL,BUATAN,RIAU,506,248007,UNKNOWN,UNKNOWN,UNKNOWN COUNTRY,SINGAPORE,CHINA (MAINLAND)
2020,470329,ROYAL GOLDEN EAGLE,APRIL,BUATAN,RIAU,141,41360,UNKNOWN,UNKNOWN,UNKNOWN COUNTRY,SINGAPORE,INDIA
2020,470329,ROYAL GOLDEN EAGLE,APRIL,BUATAN,RIAU,342,100502,UNKNOWN,UNKNOWN,UNKNOWN COUNTRY,SINGAPORE,PAKISTAN
2020,470329,MARUBENI,TANJUNG ENIM LESTARI,PANJANG,SUMATERA SELATAN,85,36528,UNKNOWN,UNKNOWN,UNKNOWN COUNTRY,JAWAHARLAL NEHRU (NHAVA SHEVA),INDIA
2020,470329,MARUBENI,TANJUNG ENIM LESTARI,PANJANG,SUMATERA SELATAN,323,130017,UNKNOWN,UNKNOWN,UNKNOWN COUNTRY,PENANG (GEORGETOWN),MALAYSIA
2020,470329,SINAR MAS,INDAH KIAT,PERAWANG,RIAU,500,240396,UNKNOWN,UNKNOWN,UNKNOWN COUNTRY,MELBOURNE,AUSTRALIA
2020,470329,SINAR MAS,INDAH KIAT,PERAWANG,RIAU,1000,470026,UNKNOWN,UNKNOWN,UNKNOWN COUNTRY,CHONGQING,CHINA (MAINLAND)
2020,470329,SINAR MAS,INDAH KIAT,PERAWANG,RIAU,1260,590127,UNKNOWN,UNKNOWN,UNKNOWN COUNTRY,WUHAN,CHINA (MAINLAND)
2020,470329,SINAR MAS,INDAH KIAT,PERAWANG,RIAU,1000,461038,UNKNOWN,UNKNOWN,UNKNOWN COUNTRY,HAIPHONG,VIETNAM
2020,470329,SINAR MAS,INDAH KIAT,SUNGAI PAKNING,RIAU,4300,1986600,UNKNOWN,UNKNOWN,UNKNOWN COUNTRY,DAGANG,CHINA (MAINLAND)
2020,470329,SINAR MAS,INDAH KIAT,SUNGAI PAKNING,RIAU,2200,1016400,UNKNOWN,UNKNOWN,UNKNOWN COUNTRY,DAGANG,CHINA (MAINLAND)
2020,470329,SINAR MAS,INDAH KIAT,SUNGAI PAKNING,RIAU,5000,2310000,UNKNOWN,UNKNOWN,UNKNOWN COUNTRY,DAGANG,CHINA (MAINLAND)
2020,470200,ROYAL GOLDEN EAGLE,APRIL,BUATAN,RIAU,506,248017,UNKNOWN,UNKNOWN,UNKNOWN COUNTRY,SINGAPORE,CHINA (MAINLAND)
2020,470329,ROYAL GOLDEN EAGLE,APRIL,BUATAN,RIAU,100,29521,UNKNOWN,UNKNOWN,UNKNOWN COUNTRY,SINGAPORE,INDIA
2020,470329,MARUBENI,TANJUNG ENIM LESTARI,PANJANG,SUMATERA SELATAN,87,37517,UNKNOWN,UNKNOWN,UNKNOWN COUNTRY,JAWAHARLAL NEHRU (NHAVA SHEVA),INDIA
2020,470329,MARUBENI,TANJUNG ENIM LESTARI,PANJANG,SUMATERA SELATAN,106,45142,UNKNOWN,UNKNOWN,UNKNOWN COUNTRY,MUNDRA,INDIA
2020,470200,ROYAL GOLDEN EAGLE,APRIL,BUATAN,RIAU,506,248160,UNKNOWN,UNKNOWN,UNKNOWN COUNTRY,SINGAPORE,CHINA (MAINLAND)
2020,470200,ROYAL GOLDEN EAGLE,APRIL,BUATAN,RIAU,507,248242,UNKNOWN,UNKNOWN,UNKNOWN COUNTRY,SINGAPORE,CHINA (MAINLAND)
2020,470200,ROYAL GOLDEN EAGLE,APRIL,BUATAN,RIAU,506,248157,UNKNOWN,UNKNOWN,UNKNOWN COUNTRY,SINGAPORE,CHINA (MAINLAND)
2020,470329,SINAR MAS,INDAH KIAT,PERAWANG,RIAU,1000,468340,UNKNOWN,UNKNOWN,UNKNOWN COUNTRY,YUNFU,CHINA (MAINLAND)
2020,470329,SINAR MAS,INDAH KIAT,PERAWANG,RIAU,500,234170,UNKNOWN,UNKNOWN,UNKNOWN COUNTRY,YUNFU,CHINA (MAINLAND)
2020,470329,ROYAL GOLDEN EAGLE,APRIL,UNKNOWN,RIAU,6028,1772091,UNKNOWN,UNKNOWN,UNKNOWN COUNTRY,KAKINADA,INDIA
2020,470200,ROYAL GOLDEN EAGLE,TOBA PULP LESTARI,BELAWAN,SUMATERA UTARA,501,274746,UNKNOWN,UNKNOWN,UNKNOWN COUNTRY,LIANYUNGANG,CHINA (MAINLAND)
2020,470200,ROYAL GOLDEN EAGLE,TOBA PULP LESTARI,BELAWAN,SUMATERA UTARA,500,274150,UNKNOWN,UNKNOWN,UNKNOWN COUNTRY,LIANYUNGANG,CHINA (MAINLAND)
2020,470329,ROYAL GOLDEN EAGLE,APRIL,BUATAN,RIAU,101,29589,UNKNOWN,UNKNOWN,UNKNOWN COUNTRY,SINGAPORE,BANGLADESH
2020,470329,ROYAL GOLDEN EAGLE,APRIL,BUATAN,RIAU,101,29557,UNKNOWN,UNKNOWN,UNKNOWN COUNTRY,SINGAPORE,BANGLADESH
2020,470200,ROYAL GOLDEN EAGLE,APRIL,BUATAN,RIAU,507,248258,UNKNOWN,UNKNOWN,UNKNOWN COUNTRY,SINGAPORE,CHINA (MAINLAND)
2020,470329,ROYAL GOLDEN EAGLE,APRIL,BUATAN,RIAU,744,218600,UNKNOWN,UNKNOWN,UNKNOWN COUNTRY,SINGAPORE,INDIA
2020,470329,ROYAL GOLDEN EAGLE,APRIL,BUATAN,RIAU,161,47466,UNKNOWN,UNKNOWN,UNKNOWN COUNTRY,SINGAPORE,VIETNAM
2020,470329,ROYAL GOLDEN EAGLE,APRIL,BUATAN,RIAU,342,100658,UNKNOWN,UNKNOWN,UNKNOWN COUNTRY,SINGAPORE,VIETNAM
2020,470329,MARUBENI,TANJUNG ENIM LESTARI,PANJANG,SUMATERA SELATAN,1007,379106,UNKNOWN,UNKNOWN,UNKNOWN COUNTRY,CHONGQING,CHINA (MAINLAND)
2020,470329,SINAR MAS,OKI,SULTAN MAHMUD BADARUDDIN (U),SUMATERA SELATAN,672,310899,UNKNOWN,UNKNOWN,UNKNOWN COUNTRY,SINGAPORE,CHINA (MAINLAND)
2020,470329,SINAR MAS,OKI,SULTAN MAHMUD BADARUDDIN (U),SUMATERA SELATAN,504,231032,UNKNOWN,UNKNOWN,UNKNOWN COUNTRY,SINGAPORE,CHINA (MAINLAND)
2020,470329,SINAR MAS,OKI,SULTAN MAHMUD BADARUDDIN (U),SUMATERA SELATAN,504,231032,UNKNOWN,UNKNOWN,UNKNOWN COUNTRY,SINGAPORE,CHINA (MAINLAND)
2020,470329,SINAR MAS,OKI,SULTAN MAHMUD BADARUDDIN (U),SUMATERA SELATAN,10000,4530000,UNKNOWN,UNKNOWN,UNKNOWN COUNTRY,GUNSAN,SOUTH KOREA
2020,470200,ROYAL GOLDEN EAGLE,APRIL,UNKNOWN,RIAU,506,247975,UNKNOWN,UNKNOWN,UNKNOWN COUNTRY,PORT KELANG,CHINA (MAINLAND)
2020,470200,ROYAL GOLDEN EAGLE,APRIL,UNKNOWN,RIAU,506,248090,UNKNOWN,UNKNOWN,UNKNOWN COUNTRY,PORT KELANG,CHINA (MAINLAND)
2020,470200,ROYAL GOLDEN EAGLE,APRIL,UNKNOWN,RIAU,507,248200,UNKNOWN,UNKNOWN,UNKNOWN COUNTRY,PORT KELANG,CHINA (MAINLAND)
2020,470200,ROYAL GOLDEN EAGLE,APRIL,UNKNOWN,RIAU,506,247927,UNKNOWN,UNKNOWN,UNKNOWN COUNTRY,PORT KELANG,CHINA (MAINLAND)
2020,470200,ROYAL GOLDEN EAGLE,APRIL,UNKNOWN,RIAU,506,247901,UNKNOWN,UNKNOWN,UNKNOWN COUNTRY,PORT KELANG,CHINA (MAINLAND)
2020,470200,ROYAL GOLDEN EAGLE,APRIL,UNKNOWN,RIAU,506,247878,UNKNOWN,UNKNOWN,UNKNOWN COUNTRY,PORT KELANG,CHINA (MAINLAND)
2020,470200,ROYAL GOLDEN EAGLE,APRIL,UNKNOWN,RIAU,506,247939,UNKNOWN,UNKNOWN,UNKNOWN COUNTRY,PORT KELANG,CHINA (MAINLAND)
2020,470329,ROYAL GOLDEN EAGLE,APRIL,BUATAN,RIAU,96,28350,UNKNOWN,UNKNOWN,UNKNOWN COUNTRY,SINGAPORE,TAIWAN
2020,470329,SINAR MAS,OKI,SULTAN MAHMUD BADARUDDIN (U),SUMATERA SELATAN,5000,2298180,UNKNOWN,UNKNOWN,UNKNOWN COUNTRY,QINGDAO,CHINA (MAINLAND)
2020,470329,SINAR MAS,OKI,SULTAN MAHMUD BADARUDDIN (U),SUMATERA SELATAN,2000,919272,UNKNOWN,UNKNOWN,UNKNOWN COUNTRY,QINGDAO,CHINA (MAINLAND)
2020,470329,SINAR MAS,OKI,SULTAN MAHMUD BADARUDDIN (U),SUMATERA SELATAN,1000,459636,UNKNOWN,UNKNOWN,UNKNOWN COUNTRY,QINGDAO,CHINA (MAINLAND)
2020,470329,SINAR MAS,OKI,SULTAN MAHMUD BADARUDDIN (U),SUMATERA SELATAN,2000,919272,UNKNOWN,UNKNOWN,UNKNOWN COUNTRY,QINGDAO,CHINA (MAINLAND)
2020,470329,SINAR MAS,OKI,SULTAN MAHMUD BADARUDDIN (U),SUMATERA SELATAN,440,202240,UNKNOWN,UNKNOWN,UNKNOWN COUNTRY,QINGDAO,CHINA (MAINLAND)
2020,470200,ROYAL GOLDEN EAGLE,APRIL,UNKNOWN,RIAU,506,247836,UNKNOWN,UNKNOWN,UNKNOWN COUNTRY,PORT KELANG,CHINA (MAINLAND)
2020,470200,ROYAL GOLDEN EAGLE,APRIL,UNKNOWN,RIAU,506,247893,UNKNOWN,UNKNOWN,UNKNOWN COUNTRY,PORT KELANG,CHINA (MAINLAND)
2020,470200,ROYAL GOLDEN EAGLE,APRIL,UNKNOWN,RIAU,506,248049,UNKNOWN,UNKNOWN,UNKNOWN COUNTRY,PORT KELANG,CHINA (MAINLAND)
2020,470200,ROYAL GOLDEN EAGLE,APRIL,UNKNOWN,RIAU,506,248139,UNKNOWN,UNKNOWN,UNKNOWN COUNTRY,PORT KELANG,CHINA (MAINLAND)
2020,470329,ROYAL GOLDEN EAGLE,APRIL,BUATAN,RIAU,100,29524,UNKNOWN,UNKNOWN,UNKNOWN COUNTRY,SINGAPORE,INDIA
2020,470329,ROYAL GOLDEN EAGLE,APRIL,BUATAN,RIAU,100,29498,UNKNOWN,UNKNOWN,UNKNOWN COUNTRY,SINGAPORE,INDIA
2020,470329,ROYAL GOLDEN EAGLE,APRIL,BUATAN,RIAU,80,23580,UNKNOWN,UNKNOWN,UNKNOWN COUNTRY,SINGAPORE,INDIA
2020,470329,ROYAL GOLDEN EAGLE,APRIL,BUATAN,RIAU,100,29508,UNKNOWN,UNKNOWN,UNKNOWN COUNTRY,SINGAPORE,INDIA
2020,470329,ROYAL GOLDEN EAGLE,APRIL,BUATAN,RIAU,40,11800,UNKNOWN,UNKNOWN,UNKNOWN COUNTRY,SINGAPORE,INDIA
2020,470329,ROYAL GOLDEN EAGLE,APRIL,BUATAN,RIAU,60,17697,UNKNOWN,UNKNOWN,UNKNOWN COUNTRY,SINGAPORE,INDIA
2020,470329,ROYAL GOLDEN EAGLE,APRIL,BUATAN,RIAU,342,100511,UNKNOWN,UNKNOWN,UNKNOWN COUNTRY,SINGAPORE,PAKISTAN
2020,470200,ROYAL GOLDEN EAGLE,APRIL,UNKNOWN,RIAU,506,248051,UNKNOWN,UNKNOWN,UNKNOWN COUNTRY,PORT KELANG,CHINA (MAINLAND)
2020,470200,ROYAL GOLDEN EAGLE,APRIL,UNKNOWN,RIAU,506,247852,UNKNOWN,UNKNOWN,UNKNOWN COUNTRY,PORT KELANG,CHINA (MAINLAND)
2020,470200,ROYAL GOLDEN EAGLE,APRIL,UNKNOWN,RIAU,506,247838,UNKNOWN,UNKNOWN,UNKNOWN COUNTRY,PORT KELANG,CHINA (MAINLAND)
2020,470200,ROYAL GOLDEN EAGLE,APRIL,UNKNOWN,RIAU,506,247830,UNKNOWN,UNKNOWN,UNKNOWN COUNTRY,PORT KELANG,CHINA (MAINLAND)
2020,470329,ROYAL GOLDEN EAGLE,APRIL,UNKNOWN,RIAU,1004,295243,UNKNOWN,UNKNOWN,UNKNOWN COUNTRY,SINGAPORE,CHINA (MAINLAND)
2020,470329,ROYAL GOLDEN EAGLE,APRIL,UNKNOWN,RIAU,503,153429,UNKNOWN,UNKNOWN,UNKNOWN COUNTRY,SINGAPORE,CHINA (MAINLAND)
2020,470329,ROYAL GOLDEN EAGLE,APRIL,UNKNOWN,RIAU,202,59252,UNKNOWN,UNKNOWN,UNKNOWN COUNTRY,SINGAPORE,THAILAND
2020,470329,SINAR MAS,LONTAR PAPYRUS,KUALA TUNGKAL,JAMBI,1003,471681,UNKNOWN,UNKNOWN,UNKNOWN COUNTRY,ZHANJIANG,CHINA (MAINLAND)
2020,470329,SINAR MAS,LONTAR PAPYRUS,KUALA TUNGKAL,JAMBI,1005,472623,UNKNOWN,UNKNOWN,UNKNOWN COUNTRY,ZHANJIANG,CHINA (MAINLAND)
2020,470329,SINAR MAS,LONTAR PAPYRUS,KUALA TUNGKAL,JAMBI,1003,471807,UNKNOWN,UNKNOWN,UNKNOWN COUNTRY,ZHANJIANG,CHINA (MAINLAND)
2020,470329,SINAR MAS,LONTAR PAPYRUS,KUALA TUNGKAL,JAMBI,241,112360,UNKNOWN,UNKNOWN,UNKNOWN COUNTRY,PIPAVAV (VICTOR) PORT,INDIA
2020,470329,SINAR MAS,LONTAR PAPYRUS,KUALA TUNGKAL,JAMBI,301,138683,UNKNOWN,UNKNOWN,UNKNOWN COUNTRY,CAT LAI,VIETNAM
2020,470329,SINAR MAS,OKI,SULTAN MAHMUD BADARUDDIN (U),SUMATERA SELATAN,1000,459736,UNKNOWN,UNKNOWN,UNKNOWN COUNTRY,HUANGPU,CHINA (MAINLAND)
2020,470329,SINAR MAS,OKI,SULTAN MAHMUD BADARUDDIN (U),SUMATERA SELATAN,1000,459736,UNKNOWN,UNKNOWN,UNKNOWN COUNTRY,HUANGPU,CHINA (MAINLAND)
2020,470329,SINAR MAS,OKI,SULTAN MAHMUD BADARUDDIN (U),SUMATERA SELATAN,2000,919472,UNKNOWN,UNKNOWN,UNKNOWN COUNTRY,HUANGPU,CHINA (MAINLAND)
2020,470329,SINAR MAS,OKI,SULTAN MAHMUD BADARUDDIN (U),SUMATERA SELATAN,1000,459736,UNKNOWN,UNKNOWN,UNKNOWN COUNTRY,HUANGPU,CHINA (MAINLAND)
2020,470329,SINAR MAS,OKI,SULTAN MAHMUD BADARUDDIN (U),SUMATERA SELATAN,2000,919472,UNKNOWN,UNKNOWN,UNKNOWN COUNTRY,HUANGPU,CHINA (MAINLAND)
2020,470329,SINAR MAS,OKI,SULTAN MAHMUD BADARUDDIN (U),SUMATERA SELATAN,500,229868,UNKNOWN,UNKNOWN,UNKNOWN COUNTRY,HUANGPU,CHINA (MAINLAND)
2020,470200,ROYAL GOLDEN EAGLE,APRIL,UNKNOWN,RIAU,506,248073,UNKNOWN,UNKNOWN,UNKNOWN COUNTRY,PORT KELANG,CHINA (MAINLAND)
2020,470200,ROYAL GOLDEN EAGLE,APRIL,UNKNOWN,RIAU,506,248032,UNKNOWN,UNKNOWN,UNKNOWN COUNTRY,PORT KELANG,CHINA (MAINLAND)
2020,470200,ROYAL GOLDEN EAGLE,APRIL,UNKNOWN,RIAU,507,248226,UNKNOWN,UNKNOWN,UNKNOWN COUNTRY,PORT KELANG,CHINA (MAINLAND)
2020,470200,ROYAL GOLDEN EAGLE,APRIL,UNKNOWN,RIAU,506,247965,UNKNOWN,UNKNOWN,UNKNOWN COUNTRY,PORT KELANG,CHINA (MAINLAND)
2020,470200,ROYAL GOLDEN EAGLE,APRIL,UNKNOWN,RIAU,506,248120,UNKNOWN,UNKNOWN,UNKNOWN COUNTRY,SINGAPORE,CHINA (MAINLAND)
2020,470200,ROYAL GOLDEN EAGLE,APRIL,UNKNOWN,RIAU,506,247928,UNKNOWN,UNKNOWN,UNKNOWN COUNTRY,SINGAPORE,CHINA (MAINLAND)
2020,470200,ROYAL GOLDEN EAGLE,APRIL,UNKNOWN,RIAU,506,248042,UNKNOWN,UNKNOWN,UNKNOWN COUNTRY,SINGAPORE,CHINA (MAINLAND)
2020,470200,ROYAL GOLDEN EAGLE,APRIL,UNKNOWN,RIAU,506,248095,UNKNOWN,UNKNOWN,UNKNOWN COUNTRY,SINGAPORE,CHINA (MAINLAND)
2020,470200,ROYAL GOLDEN EAGLE,APRIL,UNKNOWN,RIAU,506,248107,UNKNOWN,UNKNOWN,UNKNOWN COUNTRY,SINGAPORE,CHINA (MAINLAND)
2020,470329,SINAR MAS,INDAH KIAT,PERAWANG,RIAU,500,240396,UNKNOWN,UNKNOWN,UNKNOWN COUNTRY,MELBOURNE,AUSTRALIA
2020,470329,SINAR MAS,INDAH KIAT,PERAWANG,RIAU,1000,470538,UNKNOWN,UNKNOWN,UNKNOWN COUNTRY,CHONGQING,CHINA (MAINLAND)
2020,470329,SINAR MAS,INDAH KIAT,PERAWANG,RIAU,520,248584,UNKNOWN,UNKNOWN,UNKNOWN COUNTRY,TUTICORIN,INDIA
2020,470329,SINAR MAS,INDAH KIAT,PERAWANG,RIAU,500,230519,UNKNOWN,UNKNOWN,UNKNOWN COUNTRY,HAIPHONG,VIETNAM
2020,470329,SINAR MAS,OKI,SULTAN MAHMUD BADARUDDIN (U),SUMATERA SELATAN,900,413672,UNKNOWN,UNKNOWN,UNKNOWN COUNTRY,LIANYUNGANG,CHINA (MAINLAND)
2020,470329,SINAR MAS,OKI,SULTAN MAHMUD BADARUDDIN (U),SUMATERA SELATAN,5000,2298180,UNKNOWN,UNKNOWN,UNKNOWN COUNTRY,LIANYUNGANG,CHINA (MAINLAND)
2020,470329,SINAR MAS,OKI,SULTAN MAHMUD BADARUDDIN (U),SUMATERA SELATAN,4300,1976435,UNKNOWN,UNKNOWN,UNKNOWN COUNTRY,LIANYUNGANG,CHINA (MAINLAND)
2020,470329,SINAR MAS,OKI,SULTAN MAHMUD BADARUDDIN (U),SUMATERA SELATAN,624,288691,UNKNOWN,UNKNOWN,UNKNOWN COUNTRY,SINGAPORE,CHINA (MAINLAND)
2020,470329,SINAR MAS,OKI,SULTAN MAHMUD BADARUDDIN (U),SUMATERA SELATAN,576,262709,UNKNOWN,UNKNOWN,UNKNOWN COUNTRY,SINGAPORE,CHINA (MAINLAND)
2020,470329,SINAR MAS,OKI,SULTAN MAHMUD BADARUDDIN (U),SUMATERA SELATAN,768,355313,UNKNOWN,UNKNOWN,UNKNOWN COUNTRY,SINGAPORE,CHINA (MAINLAND)
2020,470329,MARUBENI,TANJUNG ENIM LESTARI,TARAHAN,SUMATERA SELATAN,1596,614941,UNKNOWN,UNKNOWN,UNKNOWN COUNTRY,XINGANG,CHINA (MAINLAND)
2020,470329,MARUBENI,TANJUNG ENIM LESTARI,TARAHAN,SUMATERA SELATAN,1500,577902,UNKNOWN,UNKNOWN,UNKNOWN COUNTRY,XINGANG,CHINA (MAINLAND)
2020,470329,MARUBENI,TANJUNG ENIM LESTARI,TARAHAN,SUMATERA SELATAN,3194,1222559,UNKNOWN,UNKNOWN,UNKNOWN COUNTRY,XINGANG,CHINA (MAINLAND)
2020,470329,MARUBENI,TANJUNG ENIM LESTARI,TARAHAN,SUMATERA SELATAN,1063,407021,UNKNOWN,UNKNOWN,UNKNOWN COUNTRY,XINGANG,CHINA (MAINLAND)
2020,470329,MARUBENI,TANJUNG ENIM LESTARI,TARAHAN,SUMATERA SELATAN,431,163609,UNKNOWN,UNKNOWN,UNKNOWN COUNTRY,XINGANG,CHINA (MAINLAND)
2020,470329,MARUBENI,TANJUNG ENIM LESTARI,TARAHAN,SUMATERA SELATAN,1045,415211,UNKNOWN,UNKNOWN,UNKNOWN COUNTRY,PYEONGTAEK,SOUTH KOREA
2020,470329,MARUBENI,TANJUNG ENIM LESTARI,TARAHAN,SUMATERA SELATAN,213,86403,UNKNOWN,UNKNOWN,UNKNOWN COUNTRY,PYEONGTAEK,SOUTH KOREA
2020,470329,MARUBENI,TANJUNG ENIM LESTARI,TARAHAN,SUMATERA SELATAN,323,131368,UNKNOWN,UNKNOWN,UNKNOWN COUNTRY,PYEONGTAEK,SOUTH KOREA
2020,470329,MARUBENI,TANJUNG ENIM LESTARI,TARAHAN,SUMATERA SELATAN,521,207118,UNKNOWN,UNKNOWN,UNKNOWN COUNTRY,PYEONGTAEK,SOUTH KOREA
2020,470329,ROYAL GOLDEN EAGLE,APRIL,UNKNOWN,RIAU,3518,1034158,UNKNOWN,UNKNOWN,UNKNOWN COUNTRY,CHANGSHU,CHINA (MAINLAND)
2020,470329,ROYAL GOLDEN EAGLE,APRIL,UNKNOWN,RIAU,6997,2057235,UNKNOWN,UNKNOWN,UNKNOWN COUNTRY,QINGDAO,CHINA (MAINLAND)
2020,470200,ROYAL GOLDEN EAGLE,APRIL,UNKNOWN,RIAU,506,248146,UNKNOWN,UNKNOWN,UNKNOWN COUNTRY,SINGAPORE,CHINA (MAINLAND)
2020,470329,ROYAL GOLDEN EAGLE,APRIL,UNKNOWN,RIAU,1005,295436,UNKNOWN,UNKNOWN,UNKNOWN COUNTRY,SINGAPORE,CHINA (MAINLAND)
2020,470200,ROYAL GOLDEN EAGLE,TOBA PULP LESTARI,BELAWAN,SUMATERA UTARA,1003,549700,UNKNOWN,UNKNOWN,UNKNOWN COUNTRY,QINGDAO,CHINA (MAINLAND)
2020,470200,ROYAL GOLDEN EAGLE,APRIL,BUATAN,RIAU,203,99446,UNKNOWN,UNKNOWN,UNKNOWN COUNTRY,SINGAPORE,CHINA (MAINLAND)
2020,470200,ROYAL GOLDEN EAGLE,APRIL,BUATAN,RIAU,304,148897,UNKNOWN,UNKNOWN,UNKNOWN COUNTRY,SINGAPORE,CHINA (MAINLAND)
2020,470200,ROYAL GOLDEN EAGLE,APRIL,BUATAN,RIAU,506,247957,UNKNOWN,UNKNOWN,UNKNOWN COUNTRY,SINGAPORE,CHINA (MAINLAND)
2020,470200,ROYAL GOLDEN EAGLE,APRIL,BUATAN,RIAU,506,248029,UNKNOWN,UNKNOWN,UNKNOWN COUNTRY,SINGAPORE,CHINA (MAINLAND)
2020,470329,SINAR MAS,INDAH KIAT,PERAWANG,RIAU,1000,468340,UNKNOWN,UNKNOWN,UNKNOWN COUNTRY,YUNFU,CHINA (MAINLAND)
2020,470329,SINAR MAS,INDAH KIAT,PERAWANG,RIAU,500,234170,UNKNOWN,UNKNOWN,UNKNOWN COUNTRY,YUNFU,CHINA (MAINLAND)
2020,470329,SINAR MAS,OKI,SULTAN MAHMUD BADARUDDIN (U),SUMATERA SELATAN,60,27180,UNKNOWN,UNKNOWN,UNKNOWN COUNTRY,GUNSAN,SOUTH KOREA
2020,470329,SINAR MAS,OKI,SULTAN MAHMUD BADARUDDIN (U),SUMATERA SELATAN,1500,679500,UNKNOWN,UNKNOWN,UNKNOWN COUNTRY,GUNSAN,SOUTH KOREA
2020,470329,SINAR MAS,OKI,SULTAN MAHMUD BADARUDDIN (U),SUMATERA SELATAN,5000,2265000,UNKNOWN,UNKNOWN,UNKNOWN COUNTRY,GUNSAN,SOUTH KOREA
2020,470329,SINAR MAS,OKI,SULTAN MAHMUD BADARUDDIN (U),SUMATERA SELATAN,4500,2038500,UNKNOWN,UNKNOWN,UNKNOWN COUNTRY,GUNSAN,SOUTH KOREA
2020,470200,ROYAL GOLDEN EAGLE,APRIL,BUATAN,RIAU,506,248125,UNKNOWN,UNKNOWN,UNKNOWN COUNTRY,SINGAPORE,CHINA (MAINLAND)
2020,470200,ROYAL GOLDEN EAGLE,APRIL,BUATAN,RIAU,304,148823,UNKNOWN,UNKNOWN,UNKNOWN COUNTRY,SINGAPORE,CHINA (MAINLAND)
2020,470329,ROYAL GOLDEN EAGLE,APRIL,BUATAN,RIAU,141,41396,UNKNOWN,UNKNOWN,UNKNOWN COUNTRY,SINGAPORE,VIETNAM
2020,470329,MARUBENI,TANJUNG ENIM LESTARI,PANJANG,SUMATERA SELATAN,492,194344,UNKNOWN,UNKNOWN,UNKNOWN COUNTRY,WUHAN,CHINA (MAINLAND)
2020,470329,MARUBENI,TANJUNG ENIM LESTARI,PANJANG,SUMATERA SELATAN,487,193827,UNKNOWN,UNKNOWN,UNKNOWN COUNTRY,WUHAN,CHINA (MAINLAND)
2020,470329,MARUBENI,TANJUNG ENIM LESTARI,PANJANG,SUMATERA SELATAN,85,36806,UNKNOWN,UNKNOWN,UNKNOWN COUNTRY,JAWAHARLAL NEHRU (NHAVA SHEVA),INDIA
2020,470329,MARUBENI,TANJUNG ENIM LESTARI,PANJANG,SUMATERA SELATAN,300,119841,UNKNOWN,UNKNOWN,UNKNOWN COUNTRY,CAT LAI,VIETNAM
2020,470329,SINAR MAS,INDAH KIAT,PERAWANG,RIAU,560,258736,UNKNOWN,UNKNOWN,UNKNOWN COUNTRY,EL ISKANDARIYA (=ALEXANDRIA),EGYPT
2020,470329,SINAR MAS,INDAH KIAT,SUNGAI PAKNING,RIAU,5000,2296850,UNKNOWN,UNKNOWN,UNKNOWN COUNTRY,HALDIA,INDIA
2020,470329,ROYAL GOLDEN EAGLE,APRIL,UNKNOWN,RIAU,7410,2178393,UNKNOWN,UNKNOWN,UNKNOWN COUNTRY,XIAMEN,CHINA (MAINLAND)
2020,470329,ROYAL GOLDEN EAGLE,APRIL,UNKNOWN,RIAU,3350,984753,UNKNOWN,UNKNOWN,UNKNOWN COUNTRY,ZHANJIANG,CHINA (MAINLAND)
2020,470200,ROYAL GOLDEN EAGLE,TOBA PULP LESTARI,BELAWAN,SUMATERA UTARA,499,273601,UNKNOWN,UNKNOWN,UNKNOWN COUNTRY,QINGDAO,CHINA (MAINLAND)
2020,470200,ROYAL GOLDEN EAGLE,TOBA PULP LESTARI,BELAWAN,SUMATERA UTARA,500,274216,UNKNOWN,UNKNOWN,UNKNOWN COUNTRY,QINGDAO,CHINA (MAINLAND)
2020,470329,SINAR MAS,LONTAR PAPYRUS,KUALA TUNGKAL,JAMBI,1005,472580,UNKNOWN,UNKNOWN,UNKNOWN COUNTRY,ZHANJIANG,CHINA (MAINLAND)
2020,470329,SINAR MAS,LONTAR PAPYRUS,KUALA TUNGKAL,JAMBI,1003,471954,UNKNOWN,UNKNOWN,UNKNOWN COUNTRY,ZHANJIANG,CHINA (MAINLAND)
2020,470329,SINAR MAS,LONTAR PAPYRUS,KUALA TUNGKAL,JAMBI,301,138627,UNKNOWN,UNKNOWN,UNKNOWN COUNTRY,HAIPHONG,VIETNAM
2020,470329,SINAR MAS,LONTAR PAPYRUS,KUALA TUNGKAL,JAMBI,502,230875,UNKNOWN,UNKNOWN,UNKNOWN COUNTRY,HAIPHONG,VIETNAM
2020,470329,SINAR MAS,OKI,SULTAN MAHMUD BADARUDDIN (U),SUMATERA SELATAN,5800,2662989,UNKNOWN,UNKNOWN,UNKNOWN COUNTRY,CHANGSHU,CHINA (MAINLAND)
2020,470329,SINAR MAS,OKI,SULTAN MAHMUD BADARUDDIN (U),SUMATERA SELATAN,5400,2480760,UNKNOWN,UNKNOWN,UNKNOWN COUNTRY,CHANGSHU,CHINA (MAINLAND)
2020,470329,SINAR MAS,OKI,SULTAN MAHMUD BADARUDDIN (U),SUMATERA SELATAN,504,231032,UNKNOWN,UNKNOWN,UNKNOWN COUNTRY,SINGAPORE,CHINA (MAINLAND)
2020,470329,ROYAL GOLDEN EAGLE,APRIL,UNKNOWN,RIAU,4263,1253322,UNKNOWN,UNKNOWN,UNKNOWN COUNTRY,CHANGSHU,CHINA (MAINLAND)
2020,470329,ROYAL GOLDEN EAGLE,APRIL,UNKNOWN,RIAU,5075,1492050,UNKNOWN,UNKNOWN,UNKNOWN COUNTRY,NINGBO,CHINA (MAINLAND)
2020,470200,ROYAL GOLDEN EAGLE,APRIL,UNKNOWN,RIAU,466,228257,UNKNOWN,UNKNOWN,UNKNOWN COUNTRY,SINGAPORE,CHINA (MAINLAND)
2020,470200,ROYAL GOLDEN EAGLE,APRIL,UNKNOWN,RIAU,505,247524,UNKNOWN,UNKNOWN,UNKNOWN COUNTRY,SINGAPORE,CHINA (MAINLAND)
2020,470200,ROYAL GOLDEN EAGLE,APRIL,UNKNOWN,RIAU,505,247691,UNKNOWN,UNKNOWN,UNKNOWN COUNTRY,SINGAPORE,CHINA (MAINLAND)
2020,470200,ROYAL GOLDEN EAGLE,APRIL,UNKNOWN,RIAU,506,248067,UNKNOWN,UNKNOWN,UNKNOWN COUNTRY,SINGAPORE,CHINA (MAINLAND)
2020,470200,ROYAL GOLDEN EAGLE,APRIL,UNKNOWN,RIAU,506,248046,UNKNOWN,UNKNOWN,UNKNOWN COUNTRY,SINGAPORE,CHINA (MAINLAND)
2020,470329,ROYAL GOLDEN EAGLE,APRIL,UNKNOWN,RIAU,703,206731,UNKNOWN,UNKNOWN,UNKNOWN COUNTRY,SINGAPORE,CHINA (MAINLAND)
2020,470329,ROYAL GOLDEN EAGLE,APRIL,UNKNOWN,RIAU,1005,295516,UNKNOWN,UNKNOWN,UNKNOWN COUNTRY,SINGAPORE,CHINA (MAINLAND)
2020,470329,ROYAL GOLDEN EAGLE,APRIL,UNKNOWN,RIAU,1006,295714,UNKNOWN,UNKNOWN,UNKNOWN COUNTRY,SINGAPORE,CHINA (MAINLAND)
2020,470329,ROYAL GOLDEN EAGLE,APRIL,UNKNOWN,RIAU,2030,596820,UNKNOWN,UNKNOWN,UNKNOWN COUNTRY,IYOMISHIMA,JAPAN
2020,470329,ROYAL GOLDEN EAGLE,APRIL,UNKNOWN,RIAU,201,59110,UNKNOWN,UNKNOWN,UNKNOWN COUNTRY,SINGAPORE,THAILAND
2020,470329,ROYAL GOLDEN EAGLE,APRIL,UNKNOWN,RIAU,502,147630,UNKNOWN,UNKNOWN,UNKNOWN COUNTRY,SINGAPORE,VIETNAM
2020,470329,ROYAL GOLDEN EAGLE,APRIL,BUATAN,RIAU,161,47248,UNKNOWN,UNKNOWN,UNKNOWN COUNTRY,SINGAPORE,BANGLADESH
2020,470200,ROYAL GOLDEN EAGLE,APRIL,BUATAN,RIAU,506,248182,UNKNOWN,UNKNOWN,UNKNOWN COUNTRY,SINGAPORE,CHINA (MAINLAND)
2020,470329,SINAR MAS,INDAH KIAT,PERAWANG,RIAU,500,230519,UNKNOWN,UNKNOWN,UNKNOWN COUNTRY,HAIPHONG,VIETNAM
2020,470329,SINAR MAS,OKI,SULTAN MAHMUD BADARUDDIN (U),SUMATERA SELATAN,400,183660,UNKNOWN,UNKNOWN,UNKNOWN COUNTRY,CHANGSHU,CHINA (MAINLAND)
2020,470329,SINAR MAS,OKI,SULTAN MAHMUD BADARUDDIN (U),SUMATERA SELATAN,4200,1927321,UNKNOWN,UNKNOWN,UNKNOWN COUNTRY,CHANGSHU,CHINA (MAINLAND)
2020,470329,SINAR MAS,OKI,SULTAN MAHMUD BADARUDDIN (U),SUMATERA SELATAN,1700,780106,UNKNOWN,UNKNOWN,UNKNOWN COUNTRY,CHANGSHU,CHINA (MAINLAND)
2020,470329,SINAR MAS,OKI,SULTAN MAHMUD BADARUDDIN (U),SUMATERA SELATAN,1000,458986,UNKNOWN,UNKNOWN,UNKNOWN COUNTRY,QINGDAO,CHINA (MAINLAND)
2020,470329,SINAR MAS,OKI,SULTAN MAHMUD BADARUDDIN (U),SUMATERA SELATAN,5000,2294930,UNKNOWN,UNKNOWN,UNKNOWN COUNTRY,QINGDAO,CHINA (MAINLAND)
2020,470329,SINAR MAS,OKI,SULTAN MAHMUD BADARUDDIN (U),SUMATERA SELATAN,5000,2289430,UNKNOWN,UNKNOWN,UNKNOWN COUNTRY,QINGDAO,CHINA (MAINLAND)
2020,470329,SINAR MAS,OKI,SULTAN MAHMUD BADARUDDIN (U),SUMATERA SELATAN,500,229493,UNKNOWN,UNKNOWN,UNKNOWN COUNTRY,QINGDAO,CHINA (MAINLAND)
2020,470329,SINAR MAS,OKI,SULTAN MAHMUD BADARUDDIN (U),SUMATERA SELATAN,2000,917972,UNKNOWN,UNKNOWN,UNKNOWN COUNTRY,QINGDAO,CHINA (MAINLAND)
2020,470329,SINAR MAS,OKI,SULTAN MAHMUD BADARUDDIN (U),SUMATERA SELATAN,1500,688479,UNKNOWN,UNKNOWN,UNKNOWN COUNTRY,QINGDAO,CHINA (MAINLAND)
2020,470329,SINAR MAS,OKI,SULTAN MAHMUD BADARUDDIN (U),SUMATERA SELATAN,504,231032,UNKNOWN,UNKNOWN,UNKNOWN COUNTRY,SINGAPORE,CHINA (MAINLAND)
2020,470200,ROYAL GOLDEN EAGLE,APRIL,UNKNOWN,RIAU,486,238140,UNKNOWN,UNKNOWN,UNKNOWN COUNTRY,SINGAPORE,CHINA (MAINLAND)
2020,470329,ROYAL GOLDEN EAGLE,APRIL,BUATAN,RIAU,100,29544,UNKNOWN,UNKNOWN,UNKNOWN COUNTRY,SINGAPORE,BANGLADESH
2020,470329,ROYAL GOLDEN EAGLE,APRIL,BUATAN,RIAU,100,29535,UNKNOWN,UNKNOWN,UNKNOWN COUNTRY,SINGAPORE,BANGLADESH
2020,470200,ROYAL GOLDEN EAGLE,APRIL,BUATAN,RIAU,507,248234,UNKNOWN,UNKNOWN,UNKNOWN COUNTRY,SINGAPORE,CHINA (MAINLAND)
2020,470200,ROYAL GOLDEN EAGLE,APRIL,BUATAN,RIAU,507,248220,UNKNOWN,UNKNOWN,UNKNOWN COUNTRY,SINGAPORE,CHINA (MAINLAND)
2020,470200,ROYAL GOLDEN EAGLE,APRIL,BUATAN,RIAU,41,19847,UNKNOWN,UNKNOWN,UNKNOWN COUNTRY,SINGAPORE,CHINA (MAINLAND)
2020,470200,ROYAL GOLDEN EAGLE,APRIL,BUATAN,RIAU,203,99283,UNKNOWN,UNKNOWN,UNKNOWN COUNTRY,SINGAPORE,CHINA (MAINLAND)
2020,470200,ROYAL GOLDEN EAGLE,APRIL,BUATAN,RIAU,506,248065,UNKNOWN,UNKNOWN,UNKNOWN COUNTRY,SINGAPORE,CHINA (MAINLAND)
2020,470200,ROYAL GOLDEN EAGLE,APRIL,BUATAN,RIAU,506,247947,UNKNOWN,UNKNOWN,UNKNOWN COUNTRY,SINGAPORE,CHINA (MAINLAND)
2020,470200,ROYAL GOLDEN EAGLE,APRIL,UNKNOWN,RIAU,506,247793,UNKNOWN,UNKNOWN,UNKNOWN COUNTRY,PORT KELANG,CHINA (MAINLAND)
2020,470200,ROYAL GOLDEN EAGLE,APRIL,UNKNOWN,RIAU,506,247885,UNKNOWN,UNKNOWN,UNKNOWN COUNTRY,PORT KELANG,CHINA (MAINLAND)
2020,470200,ROYAL GOLDEN EAGLE,APRIL,UNKNOWN,RIAU,506,248143,UNKNOWN,UNKNOWN,UNKNOWN COUNTRY,PORT KELANG,CHINA (MAINLAND)
2020,470200,ROYAL GOLDEN EAGLE,APRIL,UNKNOWN,RIAU,506,248111,UNKNOWN,UNKNOWN,UNKNOWN COUNTRY,PORT KELANG,CHINA (MAINLAND)
2020,470200,ROYAL GOLDEN EAGLE,APRIL,UNKNOWN,RIAU,506,248109,UNKNOWN,UNKNOWN,UNKNOWN COUNTRY,PORT KELANG,CHINA (MAINLAND)
2020,470200,ROYAL GOLDEN EAGLE,APRIL,UNKNOWN,RIAU,506,247944,UNKNOWN,UNKNOWN,UNKNOWN COUNTRY,PORT KELANG,CHINA (MAINLAND)
2020,470200,ROYAL GOLDEN EAGLE,APRIL,UNKNOWN,RIAU,506,247934,UNKNOWN,UNKNOWN,UNKNOWN COUNTRY,PORT KELANG,CHINA (MAINLAND)
2020,470200,ROYAL GOLDEN EAGLE,APRIL,BUATAN,RIAU,506,247963,UNKNOWN,UNKNOWN,UNKNOWN COUNTRY,SINGAPORE,CHINA (MAINLAND)
2020,470200,ROYAL GOLDEN EAGLE,APRIL,BUATAN,RIAU,506,248004,UNKNOWN,UNKNOWN,UNKNOWN COUNTRY,SINGAPORE,CHINA (MAINLAND)
2020,470200,ROYAL GOLDEN EAGLE,APRIL,BUATAN,RIAU,506,248055,UNKNOWN,UNKNOWN,UNKNOWN COUNTRY,SINGAPORE,CHINA (MAINLAND)
2020,470329,ROYAL GOLDEN EAGLE,APRIL,BUATAN,RIAU,141,41429,UNKNOWN,UNKNOWN,UNKNOWN COUNTRY,SINGAPORE,INDIA
2020,470329,ROYAL GOLDEN EAGLE,APRIL,BUATAN,RIAU,101,29560,UNKNOWN,UNKNOWN,UNKNOWN COUNTRY,SINGAPORE,INDIA
2020,470329,ROYAL GOLDEN EAGLE,APRIL,BUATAN,RIAU,502,147530,UNKNOWN,UNKNOWN,UNKNOWN COUNTRY,SINGAPORE,INDIA
2020,470329,SINAR MAS,OKI,SULTAN MAHMUD BADARUDDIN (U),SUMATERA SELATAN,5000,2268691,UNKNOWN,UNKNOWN,UNKNOWN COUNTRY,DAFENG,CHINA (MAINLAND)
2020,470329,SINAR MAS,OKI,SULTAN MAHMUD BADARUDDIN (U),SUMATERA SELATAN,3000,1361215,UNKNOWN,UNKNOWN,UNKNOWN COUNTRY,DAFENG,CHINA (MAINLAND)
2020,470329,SINAR MAS,OKI,SULTAN MAHMUD BADARUDDIN (U),SUMATERA SELATAN,5000,2268691,UNKNOWN,UNKNOWN,UNKNOWN COUNTRY,DAFENG,CHINA (MAINLAND)
2020,470329,SINAR MAS,OKI,SULTAN MAHMUD BADARUDDIN (U),SUMATERA SELATAN,5000,2268691,UNKNOWN,UNKNOWN,UNKNOWN COUNTRY,DAFENG,CHINA (MAINLAND)
2020,470329,SINAR MAS,OKI,SULTAN MAHMUD BADARUDDIN (U),SUMATERA SELATAN,5000,2268691,UNKNOWN,UNKNOWN,UNKNOWN COUNTRY,DAFENG,CHINA (MAINLAND)
2020,470329,SINAR MAS,OKI,SULTAN MAHMUD BADARUDDIN (U),SUMATERA SELATAN,1500,689604,UNKNOWN,UNKNOWN,UNKNOWN COUNTRY,TIANJIN,CHINA (MAINLAND)
2020,470329,SINAR MAS,OKI,SULTAN MAHMUD BADARUDDIN (U),SUMATERA SELATAN,1000,459736,UNKNOWN,UNKNOWN,UNKNOWN COUNTRY,TIANJIN,CHINA (MAINLAND)
2020,470329,SINAR MAS,OKI,SULTAN MAHMUD BADARUDDIN (U),SUMATERA SELATAN,700,321815,UNKNOWN,UNKNOWN,UNKNOWN COUNTRY,TIANJIN,CHINA (MAINLAND)
2020,470329,SINAR MAS,OKI,SULTAN MAHMUD BADARUDDIN (U),SUMATERA SELATAN,2500,1149340,UNKNOWN,UNKNOWN,UNKNOWN COUNTRY,TIANJIN,CHINA (MAINLAND)
2020,470329,SINAR MAS,OKI,SULTAN MAHMUD BADARUDDIN (U),SUMATERA SELATAN,2000,919472,UNKNOWN,UNKNOWN,UNKNOWN COUNTRY,TIANJIN,CHINA (MAINLAND)
2020,470329,SINAR MAS,OKI,SULTAN MAHMUD BADARUDDIN (U),SUMATERA SELATAN,2500,1149340,UNKNOWN,UNKNOWN,UNKNOWN COUNTRY,TIANJIN,CHINA (MAINLAND)
2020,470329,SINAR MAS,OKI,SULTAN MAHMUD BADARUDDIN (U),SUMATERA SELATAN,1500,689604,UNKNOWN,UNKNOWN,UNKNOWN COUNTRY,TIANJIN,CHINA (MAINLAND)
2020,470329,SINAR MAS,OKI,SULTAN MAHMUD BADARUDDIN (U),SUMATERA SELATAN,2000,919472,UNKNOWN,UNKNOWN,UNKNOWN COUNTRY,TIANJIN,CHINA (MAINLAND)
2020,470329,SINAR MAS,OKI,SULTAN MAHMUD BADARUDDIN (U),SUMATERA SELATAN,1800,827525,UNKNOWN,UNKNOWN,UNKNOWN COUNTRY,TIANJIN,CHINA (MAINLAND)
2020,470329,MARUBENI,TANJUNG ENIM LESTARI,TANJUNG PRIOK,SUMATERA SELATAN,980,387681,UNKNOWN,UNKNOWN,UNKNOWN COUNTRY,NINGBO,CHINA (MAINLAND)
2020,470329,MARUBENI,TANJUNG ENIM LESTARI,TANJUNG PRIOK,SUMATERA SELATAN,987,384958,UNKNOWN,UNKNOWN,UNKNOWN COUNTRY,XINHUI,CHINA (MAINLAND)
2020,470329,MARUBENI,TANJUNG ENIM LESTARI,TANJUNG PRIOK,SUMATERA SELATAN,492,198798,UNKNOWN,UNKNOWN,UNKNOWN COUNTRY,LAEM CHABANG,THAILAND
2020,470329,ROYAL GOLDEN EAGLE,APRIL,BUATAN,RIAU,478,140633,UNKNOWN,UNKNOWN,UNKNOWN COUNTRY,SINGAPORE,UNITED ARAB EMIRATES
2020,470329,ROYAL GOLDEN EAGLE,APRIL,BUATAN,RIAU,199,58559,UNKNOWN,UNKNOWN,UNKNOWN COUNTRY,SINGAPORE,UNITED ARAB EMIRATES
2020,470200,ROYAL GOLDEN EAGLE,APRIL,FUTONG,RIAU,507,248239,UNKNOWN,UNKNOWN,UNKNOWN COUNTRY,PORT KELANG,CHINA (MAINLAND)
2020,470200,ROYAL GOLDEN EAGLE,APRIL,FUTONG,RIAU,506,247956,UNKNOWN,UNKNOWN,UNKNOWN COUNTRY,PORT KELANG,CHINA (MAINLAND)
2020,470200,ROYAL GOLDEN EAGLE,APRIL,FUTONG,RIAU,506,247975,UNKNOWN,UNKNOWN,UNKNOWN COUNTRY,PORT KELANG,CHINA (MAINLAND)
2020,470200,ROYAL GOLDEN EAGLE,APRIL,FUTONG,RIAU,507,248210,UNKNOWN,UNKNOWN,UNKNOWN COUNTRY,PORT KELANG,CHINA (MAINLAND)
2020,470200,ROYAL GOLDEN EAGLE,APRIL,BUATAN,RIAU,20,9947,UNKNOWN,UNKNOWN,UNKNOWN COUNTRY,SINGAPORE,CHINA (MAINLAND)
2020,470329,MARUBENI,TANJUNG ENIM LESTARI,PANJANG,SUMATERA SELATAN,493,194512,UNKNOWN,UNKNOWN,UNKNOWN COUNTRY,WUHAN,CHINA (MAINLAND)
2020,470200,ROYAL GOLDEN EAGLE,APRIL,FUTONG,RIAU,506,247860,UNKNOWN,UNKNOWN,UNKNOWN COUNTRY,PORT KELANG,CHINA (MAINLAND)
2020,470200,ROYAL GOLDEN EAGLE,APRIL,FUTONG,RIAU,506,248005,UNKNOWN,UNKNOWN,UNKNOWN COUNTRY,PORT KELANG,CHINA (MAINLAND)
2020,470200,ROYAL GOLDEN EAGLE,APRIL,FUTONG,RIAU,506,247931,UNKNOWN,UNKNOWN,UNKNOWN COUNTRY,PORT KELANG,CHINA (MAINLAND)
2020,470329,MARUBENI,TANJUNG ENIM LESTARI,PANJANG,SUMATERA SELATAN,492,196024,UNKNOWN,UNKNOWN,UNKNOWN COUNTRY,XINHUI,CHINA (MAINLAND)
2020,470329,ROYAL GOLDEN EAGLE,APRIL,FUTONG,RIAU,7490,2098361,UNKNOWN,UNKNOWN,UNKNOWN COUNTRY,CHANGSHU,CHINA (MAINLAND)
2020,470329,ROYAL GOLDEN EAGLE,APRIL,FUTONG,RIAU,3983,1091333,UNKNOWN,UNKNOWN,UNKNOWN COUNTRY,QINGDAO,CHINA (MAINLAND)
2020,470329,SINAR MAS,LONTAR PAPYRUS,KUALA TUNGKAL,JAMBI,502,236004,UNKNOWN,UNKNOWN,UNKNOWN COUNTRY,ZHANJIANG,CHINA (MAINLAND)
2020,470329,SINAR MAS,LONTAR PAPYRUS,KUALA TUNGKAL,JAMBI,1004,472033,UNKNOWN,UNKNOWN,UNKNOWN COUNTRY,ZHANJIANG,CHINA (MAINLAND)
2020,470329,SINAR MAS,LONTAR PAPYRUS,KUALA TUNGKAL,JAMBI,1006,473072,UNKNOWN,UNKNOWN,UNKNOWN COUNTRY,ZHANJIANG,CHINA (MAINLAND)
2020,470329,ROYAL GOLDEN EAGLE,APRIL,FUTONG,RIAU,503,147908,UNKNOWN,UNKNOWN,UNKNOWN COUNTRY,SINGAPORE,BANGLADESH
2020,470329,ROYAL GOLDEN EAGLE,APRIL,FUTONG,RIAU,502,147627,UNKNOWN,UNKNOWN,UNKNOWN COUNTRY,SINGAPORE,BANGLADESH
2020,470329,ROYAL GOLDEN EAGLE,APRIL,FUTONG,RIAU,100,29529,UNKNOWN,UNKNOWN,UNKNOWN COUNTRY,SINGAPORE,BANGLADESH
2020,470200,ROYAL GOLDEN EAGLE,APRIL,FUTONG,RIAU,506,248089,UNKNOWN,UNKNOWN,UNKNOWN COUNTRY,SINGAPORE,CHINA (MAINLAND)
2020,470200,ROYAL GOLDEN EAGLE,APRIL,FUTONG,RIAU,506,247780,UNKNOWN,UNKNOWN,UNKNOWN COUNTRY,SINGAPORE,CHINA (MAINLAND)
2020,470200,ROYAL GOLDEN EAGLE,APRIL,FUTONG,RIAU,507,248300,UNKNOWN,UNKNOWN,UNKNOWN COUNTRY,SINGAPORE,CHINA (MAINLAND)
2020,470200,ROYAL GOLDEN EAGLE,APRIL,FUTONG,RIAU,506,248015,UNKNOWN,UNKNOWN,UNKNOWN COUNTRY,SINGAPORE,CHINA (MAINLAND)
2020,470329,ROYAL GOLDEN EAGLE,APRIL,FUTONG,RIAU,764,224489,UNKNOWN,UNKNOWN,UNKNOWN COUNTRY,SINGAPORE,INDIA
2020,470329,ROYAL GOLDEN EAGLE,APRIL,FUTONG,RIAU,60,17732,UNKNOWN,UNKNOWN,UNKNOWN COUNTRY,SINGAPORE,INDIA
2020,470329,ROYAL GOLDEN EAGLE,APRIL,FUTONG,RIAU,201,59070,UNKNOWN,UNKNOWN,UNKNOWN COUNTRY,SINGAPORE,INDIA
2020,470329,ROYAL GOLDEN EAGLE,APRIL,FUTONG,RIAU,161,47281,UNKNOWN,UNKNOWN,UNKNOWN COUNTRY,SINGAPORE,INDIA
2020,470329,ROYAL GOLDEN EAGLE,APRIL,FUTONG,RIAU,201,59103,UNKNOWN,UNKNOWN,UNKNOWN COUNTRY,SINGAPORE,BANGLADESH
2020,470329,ROYAL GOLDEN EAGLE,APRIL,FUTONG,RIAU,101,29572,UNKNOWN,UNKNOWN,UNKNOWN COUNTRY,SINGAPORE,BANGLADESH
2020,470200,ROYAL GOLDEN EAGLE,APRIL,FUTONG,RIAU,506,248076,UNKNOWN,UNKNOWN,UNKNOWN COUNTRY,SINGAPORE,CHINA (MAINLAND)
2020,470329,SINAR MAS,INDAH KIAT,PERAWANG,RIAU,500,250758,UNKNOWN,UNKNOWN,UNKNOWN COUNTRY,CHITTAGONG,BANGLADESH
2020,470329,SINAR MAS,OKI,SULTAN MAHMUD BADARUDDIN (U),SUMATERA SELATAN,1008,466348,UNKNOWN,UNKNOWN,UNKNOWN COUNTRY,SINGAPORE,CHINA (MAINLAND)
2020,470329,ROYAL GOLDEN EAGLE,APRIL,FUTONG,RIAU,9515,2607135,UNKNOWN,UNKNOWN,UNKNOWN COUNTRY,CHITTAGONG,BANGLADESH
2020,470200,ROYAL GOLDEN EAGLE,APRIL,FUTONG,RIAU,506,248057,UNKNOWN,UNKNOWN,UNKNOWN COUNTRY,SINGAPORE,CHINA (MAINLAND)
2020,470329,ROYAL GOLDEN EAGLE,APRIL,FUTONG,RIAU,803,236174,UNKNOWN,UNKNOWN,UNKNOWN COUNTRY,SINGAPORE,CHINA (MAINLAND)
2020,470329,ROYAL GOLDEN EAGLE,APRIL,FUTONG,RIAU,502,147696,UNKNOWN,UNKNOWN,UNKNOWN COUNTRY,SINGAPORE,INDIA
2020,470329,SINAR MAS,INDAH KIAT,PERAWANG,RIAU,500,250758,UNKNOWN,UNKNOWN,UNKNOWN COUNTRY,CHITTAGONG,BANGLADESH
2020,470329,SINAR MAS,INDAH KIAT,PERAWANG,RIAU,1200,553245,UNKNOWN,UNKNOWN,UNKNOWN COUNTRY,HAIPHONG,VIETNAM
2020,470329,SINAR MAS,OKI,SULTAN MAHMUD BADARUDDIN (U),SUMATERA SELATAN,3000,1371708,UNKNOWN,UNKNOWN,UNKNOWN COUNTRY,LIANYUNGANG,CHINA (MAINLAND)
2020,470329,SINAR MAS,OKI,SULTAN MAHMUD BADARUDDIN (U),SUMATERA SELATAN,5000,2286180,UNKNOWN,UNKNOWN,UNKNOWN COUNTRY,LIANYUNGANG,CHINA (MAINLAND)
2020,470329,SINAR MAS,OKI,SULTAN MAHMUD BADARUDDIN (U),SUMATERA SELATAN,500,228618,UNKNOWN,UNKNOWN,UNKNOWN COUNTRY,NINGBO,CHINA (MAINLAND)
2020,470329,SINAR MAS,OKI,SULTAN MAHMUD BADARUDDIN (U),SUMATERA SELATAN,1000,477500,UNKNOWN,UNKNOWN,UNKNOWN COUNTRY,NINGBO,CHINA (MAINLAND)
2020,470329,SINAR MAS,OKI,SULTAN MAHMUD BADARUDDIN (U),SUMATERA SELATAN,500,228618,UNKNOWN,UNKNOWN,UNKNOWN COUNTRY,NINGBO,CHINA (MAINLAND)
2020,470329,SINAR MAS,OKI,SULTAN MAHMUD BADARUDDIN (U),SUMATERA SELATAN,2000,913472,UNKNOWN,UNKNOWN,UNKNOWN COUNTRY,QINGDAO,CHINA (MAINLAND)
2020,470329,SINAR MAS,OKI,SULTAN MAHMUD BADARUDDIN (U),SUMATERA SELATAN,2000,913472,UNKNOWN,UNKNOWN,UNKNOWN COUNTRY,QINGDAO,CHINA (MAINLAND)
2020,470329,SINAR MAS,OKI,SULTAN MAHMUD BADARUDDIN (U),SUMATERA SELATAN,5000,2263691,UNKNOWN,UNKNOWN,UNKNOWN COUNTRY,QINGDAO,CHINA (MAINLAND)
2020,470329,SINAR MAS,OKI,SULTAN MAHMUD BADARUDDIN (U),SUMATERA SELATAN,5000,2263691,UNKNOWN,UNKNOWN,UNKNOWN COUNTRY,QINGDAO,CHINA (MAINLAND)
2020,470329,SINAR MAS,OKI,SULTAN MAHMUD BADARUDDIN (U),SUMATERA SELATAN,2000,913472,UNKNOWN,UNKNOWN,UNKNOWN COUNTRY,QINGDAO,CHINA (MAINLAND)
2020,470329,SINAR MAS,OKI,SULTAN MAHMUD BADARUDDIN (U),SUMATERA SELATAN,1000,456736,UNKNOWN,UNKNOWN,UNKNOWN COUNTRY,QINGDAO,CHINA (MAINLAND)
2020,470329,SINAR MAS,OKI,SULTAN MAHMUD BADARUDDIN (U),SUMATERA SELATAN,2500,1141840,UNKNOWN,UNKNOWN,UNKNOWN COUNTRY,QINGDAO,CHINA (MAINLAND)
2020,470329,SINAR MAS,OKI,SULTAN MAHMUD BADARUDDIN (U),SUMATERA SELATAN,2000,913472,UNKNOWN,UNKNOWN,UNKNOWN COUNTRY,QINGDAO,CHINA (MAINLAND)
2020,470329,SINAR MAS,OKI,SULTAN MAHMUD BADARUDDIN (U),SUMATERA SELATAN,912,421934,UNKNOWN,UNKNOWN,UNKNOWN COUNTRY,SINGAPORE,CHINA (MAINLAND)
2020,470329,SINAR MAS,INDAH KIAT,SUNGAI PAKNING,RIAU,2000,922400,UNKNOWN,UNKNOWN,UNKNOWN COUNTRY,CHANGSHU,CHINA (MAINLAND)
2020,470329,SINAR MAS,INDAH KIAT,SUNGAI PAKNING,RIAU,1000,461200,UNKNOWN,UNKNOWN,UNKNOWN COUNTRY,CHANGSHU,CHINA (MAINLAND)
2020,470329,SINAR MAS,INDAH KIAT,SUNGAI PAKNING,RIAU,5000,2306000,UNKNOWN,UNKNOWN,UNKNOWN COUNTRY,CHANGSHU,CHINA (MAINLAND)
2020,470329,SINAR MAS,INDAH KIAT,SUNGAI PAKNING,RIAU,3500,1614200,UNKNOWN,UNKNOWN,UNKNOWN COUNTRY,CHANGSHU,CHINA (MAINLAND)
2020,470329,SINAR MAS,INDAH KIAT,SUNGAI PAKNING,RIAU,10500,5061000,UNKNOWN,UNKNOWN,UNKNOWN COUNTRY,DAGANG,CHINA (MAINLAND)
2020,470329,SINAR MAS,INDAH KIAT,SUNGAI PAKNING,RIAU,950,438900,UNKNOWN,UNKNOWN,UNKNOWN COUNTRY,DAGANG,CHINA (MAINLAND)
2020,470329,SINAR MAS,INDAH KIAT,SUNGAI PAKNING,RIAU,1150,531300,UNKNOWN,UNKNOWN,UNKNOWN COUNTRY,DAGANG,CHINA (MAINLAND)
2020,470329,MARUBENI,TANJUNG ENIM LESTARI,TANJUNG PRIOK,SUMATERA SELATAN,1505,586422,UNKNOWN,UNKNOWN,UNKNOWN COUNTRY,XINHUI,CHINA (MAINLAND)
2020,470329,MARUBENI,TANJUNG ENIM LESTARI,PANJANG,SUMATERA SELATAN,1499,591841,UNKNOWN,UNKNOWN,UNKNOWN COUNTRY,WUHAN,CHINA (MAINLAND)
2020,470329,ROYAL GOLDEN EAGLE,APRIL,FUTONG,RIAU,503,147785,UNKNOWN,UNKNOWN,UNKNOWN COUNTRY,SINGAPORE,BANGLADESH
2020,470200,ROYAL GOLDEN EAGLE,APRIL,FUTONG,RIAU,506,248145,UNKNOWN,UNKNOWN,UNKNOWN COUNTRY,SINGAPORE,CHINA (MAINLAND)
2020,470200,ROYAL GOLDEN EAGLE,APRIL,FUTONG,RIAU,506,247900,UNKNOWN,UNKNOWN,UNKNOWN COUNTRY,SINGAPORE,CHINA (MAINLAND)
2020,470329,ROYAL GOLDEN EAGLE,APRIL,FUTONG,RIAU,985,269775,UNKNOWN,UNKNOWN,UNKNOWN COUNTRY,SINGAPORE,CHINA (MAINLAND)
2020,470329,ROYAL GOLDEN EAGLE,APRIL,FUTONG,RIAU,201,55119,UNKNOWN,UNKNOWN,UNKNOWN COUNTRY,SINGAPORE,CHINA (MAINLAND)
2020,470329,ROYAL GOLDEN EAGLE,APRIL,FUTONG,RIAU,5023,1376290,UNKNOWN,UNKNOWN,UNKNOWN COUNTRY,GUNSAN,SOUTH KOREA
2020,470329,ROYAL GOLDEN EAGLE,APRIL,FUTONG,RIAU,3064,839652,UNKNOWN,UNKNOWN,UNKNOWN COUNTRY,PYEONGTAEK,SOUTH KOREA
2020,470329,ROYAL GOLDEN EAGLE,APRIL,FUTONG,RIAU,502,137681,UNKNOWN,UNKNOWN,UNKNOWN COUNTRY,SINGAPORE,UNITED ARAB EMIRATES
2020,470329,MARUBENI,TANJUNG ENIM LESTARI,TANJUNG PRIOK,SUMATERA SELATAN,979,382488,UNKNOWN,UNKNOWN,UNKNOWN COUNTRY,NINGBO,CHINA (MAINLAND)
2020,470329,MARUBENI,TANJUNG ENIM LESTARI,TANJUNG PRIOK,SUMATERA SELATAN,78,32164,UNKNOWN,UNKNOWN,UNKNOWN COUNTRY,SHIMIZU,JAPAN
2020,470329,MARUBENI,TANJUNG ENIM LESTARI,TANJUNG PRIOK,SUMATERA SELATAN,20,8015,UNKNOWN,UNKNOWN,UNKNOWN COUNTRY,SHIMIZU,JAPAN
2020,470329,ROYAL GOLDEN EAGLE,APRIL,BUATAN,RIAU,160,43921,UNKNOWN,UNKNOWN,UNKNOWN COUNTRY,SINGAPORE,INDIA
2020,470329,SINAR MAS,LONTAR PAPYRUS,KUALA TUNGKAL,JAMBI,1004,451798,UNKNOWN,UNKNOWN,UNKNOWN COUNTRY,PIPAVAV (VICTOR) PORT,INDIA
2020,470329,SINAR MAS,LONTAR PAPYRUS,KUALA TUNGKAL,JAMBI,1003,451455,UNKNOWN,UNKNOWN,UNKNOWN COUNTRY,PIPAVAV (VICTOR) PORT,INDIA
2020,470329,SINAR MAS,LONTAR PAPYRUS,KUALA TUNGKAL,JAMBI,1004,451726,UNKNOWN,UNKNOWN,UNKNOWN COUNTRY,PIPAVAV (VICTOR) PORT,INDIA
2020,470329,MARUBENI,TANJUNG ENIM LESTARI,PANJANG,SUMATERA SELATAN,493,189880,UNKNOWN,UNKNOWN,UNKNOWN COUNTRY,CHONGQING,CHINA (MAINLAND)
2020,470329,MARUBENI,TANJUNG ENIM LESTARI,PANJANG,SUMATERA SELATAN,97,40939,UNKNOWN,UNKNOWN,UNKNOWN COUNTRY,TOMAKOMAI,JAPAN
2020,470200,ROYAL GOLDEN EAGLE,APRIL,FUTONG,RIAU,506,247933,UNKNOWN,UNKNOWN,UNKNOWN COUNTRY,PORT KELANG,CHINA (MAINLAND)
2020,470200,ROYAL GOLDEN EAGLE,APRIL,FUTONG,RIAU,506,247733,UNKNOWN,UNKNOWN,UNKNOWN COUNTRY,PORT KELANG,CHINA (MAINLAND)
2020,470200,ROYAL GOLDEN EAGLE,APRIL,FUTONG,RIAU,506,247883,UNKNOWN,UNKNOWN,UNKNOWN COUNTRY,PORT KELANG,CHINA (MAINLAND)
2020,470200,ROYAL GOLDEN EAGLE,APRIL,FUTONG,RIAU,506,247977,UNKNOWN,UNKNOWN,UNKNOWN COUNTRY,PORT KELANG,CHINA (MAINLAND)
2020,470200,ROYAL GOLDEN EAGLE,APRIL,FUTONG,RIAU,505,247535,UNKNOWN,UNKNOWN,UNKNOWN COUNTRY,PORT KELANG,CHINA (MAINLAND)
2020,470200,ROYAL GOLDEN EAGLE,APRIL,FUTONG,RIAU,506,247942,UNKNOWN,UNKNOWN,UNKNOWN COUNTRY,PORT KELANG,CHINA (MAINLAND)
2020,470200,ROYAL GOLDEN EAGLE,APRIL,FUTONG,RIAU,506,247773,UNKNOWN,UNKNOWN,UNKNOWN COUNTRY,PORT KELANG,CHINA (MAINLAND)
2020,470200,ROYAL GOLDEN EAGLE,APRIL,FUTONG,RIAU,506,248024,UNKNOWN,UNKNOWN,UNKNOWN COUNTRY,PORT KELANG,CHINA (MAINLAND)
2020,470200,ROYAL GOLDEN EAGLE,APRIL,FUTONG,RIAU,506,247697,UNKNOWN,UNKNOWN,UNKNOWN COUNTRY,PORT KELANG,CHINA (MAINLAND)
2020,470200,ROYAL GOLDEN EAGLE,APRIL,FUTONG,RIAU,506,248027,UNKNOWN,UNKNOWN,UNKNOWN COUNTRY,PORT KELANG,CHINA (MAINLAND)
2020,470329,SINAR MAS,INDAH KIAT,PERAWANG,RIAU,1000,462337,UNKNOWN,UNKNOWN,UNKNOWN COUNTRY,XIAMEN,CHINA (MAINLAND)
2020,470329,SINAR MAS,OKI,SULTAN MAHMUD BADARUDDIN (U),SUMATERA SELATAN,2000,919472,UNKNOWN,UNKNOWN,UNKNOWN COUNTRY,CHANGSHU,CHINA (MAINLAND)
2020,470329,SINAR MAS,OKI,SULTAN MAHMUD BADARUDDIN (U),SUMATERA SELATAN,2000,919472,UNKNOWN,UNKNOWN,UNKNOWN COUNTRY,CHANGSHU,CHINA (MAINLAND)
2020,470329,SINAR MAS,OKI,SULTAN MAHMUD BADARUDDIN (U),SUMATERA SELATAN,5800,2668000,UNKNOWN,UNKNOWN,UNKNOWN COUNTRY,CHANGSHU,CHINA (MAINLAND)
2020,470329,SINAR MAS,OKI,SULTAN MAHMUD BADARUDDIN (U),SUMATERA SELATAN,1000,459736,UNKNOWN,UNKNOWN,UNKNOWN COUNTRY,CHANGSHU,CHINA (MAINLAND)
2020,470329,SINAR MAS,OKI,SULTAN MAHMUD BADARUDDIN (U),SUMATERA SELATAN,5000,2403250,UNKNOWN,UNKNOWN,UNKNOWN COUNTRY,NINGBO,CHINA (MAINLAND)
2020,470329,SINAR MAS,OKI,SULTAN MAHMUD BADARUDDIN (U),SUMATERA SELATAN,5000,2301930,UNKNOWN,UNKNOWN,UNKNOWN COUNTRY,NINGBO,CHINA (MAINLAND)
2020,470200,ROYAL GOLDEN EAGLE,APRIL,FUTONG,RIAU,506,247897,UNKNOWN,UNKNOWN,UNKNOWN COUNTRY,TANJUNG PELEPAS,CHINA (MAINLAND)
2020,470200,ROYAL GOLDEN EAGLE,APRIL,FUTONG,RIAU,506,247789,UNKNOWN,UNKNOWN,UNKNOWN COUNTRY,TANJUNG PELEPAS,CHINA (MAINLAND)
2020,470200,ROYAL GOLDEN EAGLE,APRIL,FUTONG,RIAU,506,248099,UNKNOWN,UNKNOWN,UNKNOWN COUNTRY,TANJUNG PELEPAS,CHINA (MAINLAND)
2020,470200,ROYAL GOLDEN EAGLE,APRIL,FUTONG,RIAU,506,247926,UNKNOWN,UNKNOWN,UNKNOWN COUNTRY,TANJUNG PELEPAS,CHINA (MAINLAND)
2020,470329,SINAR MAS,INDAH KIAT,PERAWANG,RIAU,500,230396,UNKNOWN,UNKNOWN,UNKNOWN COUNTRY,MELBOURNE,AUSTRALIA
2020,470329,SINAR MAS,INDAH KIAT,PERAWANG,RIAU,506,245616,UNKNOWN,UNKNOWN,UNKNOWN COUNTRY,CHITTAGONG,BANGLADESH
2020,470329,SINAR MAS,OKI,SULTAN MAHMUD BADARUDDIN (U),SUMATERA SELATAN,672,310899,UNKNOWN,UNKNOWN,UNKNOWN COUNTRY,SINGAPORE,CHINA (MAINLAND)
2020,470329,ROYAL GOLDEN EAGLE,APRIL,BUATAN,RIAU,201,54973,UNKNOWN,UNKNOWN,UNKNOWN COUNTRY,SINGAPORE,INDIA
2020,470329,ROYAL GOLDEN EAGLE,APRIL,BUATAN,RIAU,159,43512,UNKNOWN,UNKNOWN,UNKNOWN COUNTRY,SINGAPORE,KENYA
2020,470200,ROYAL GOLDEN EAGLE,APRIL,FUTONG,RIAU,507,248217,UNKNOWN,UNKNOWN,UNKNOWN COUNTRY,PORT KELANG,CHINA (MAINLAND)
2020,470200,ROYAL GOLDEN EAGLE,APRIL,FUTONG,RIAU,506,248049,UNKNOWN,UNKNOWN,UNKNOWN COUNTRY,PORT KELANG,CHINA (MAINLAND)
2020,470200,ROYAL GOLDEN EAGLE,APRIL,FUTONG,RIAU,506,247746,UNKNOWN,UNKNOWN,UNKNOWN COUNTRY,PORT KELANG,CHINA (MAINLAND)
2020,470200,ROYAL GOLDEN EAGLE,APRIL,FUTONG,RIAU,506,247991,UNKNOWN,UNKNOWN,UNKNOWN COUNTRY,PORT KELANG,CHINA (MAINLAND)
2020,470200,ROYAL GOLDEN EAGLE,APRIL,FUTONG,RIAU,506,248029,UNKNOWN,UNKNOWN,UNKNOWN COUNTRY,PORT KELANG,CHINA (MAINLAND)
2020,470200,ROYAL GOLDEN EAGLE,APRIL,FUTONG,RIAU,506,248046,UNKNOWN,UNKNOWN,UNKNOWN COUNTRY,PORT KELANG,CHINA (MAINLAND)
2020,470200,ROYAL GOLDEN EAGLE,APRIL,FUTONG,RIAU,506,247973,UNKNOWN,UNKNOWN,UNKNOWN COUNTRY,PORT KELANG,CHINA (MAINLAND)
2020,470200,ROYAL GOLDEN EAGLE,APRIL,FUTONG,RIAU,506,247818,UNKNOWN,UNKNOWN,UNKNOWN COUNTRY,PORT KELANG,CHINA (MAINLAND)
2020,470329,SINAR MAS,INDAH KIAT,PERAWANG,RIAU,506,245616,UNKNOWN,UNKNOWN,UNKNOWN COUNTRY,CHITTAGONG,BANGLADESH
2020,470329,SINAR MAS,INDAH KIAT,PERAWANG,RIAU,1040,498607,UNKNOWN,UNKNOWN,UNKNOWN COUNTRY,TUTICORIN,INDIA
2020,470329,SINAR MAS,INDAH KIAT,PERAWANG,RIAU,100,47453,UNKNOWN,UNKNOWN,UNKNOWN COUNTRY,MOMBASA,KENYA
2020,470329,ROYAL GOLDEN EAGLE,APRIL,FUTONG,RIAU,5024,1376466,UNKNOWN,UNKNOWN,UNKNOWN COUNTRY,XINHUI,CHINA (MAINLAND)
2020,470329,SINAR MAS,INDAH KIAT,PERAWANG,RIAU,1000,473121,UNKNOWN,UNKNOWN,UNKNOWN COUNTRY,AD DAMMAM,SAUDI ARABIA
2020,470329,SINAR MAS,OKI,SULTAN MAHMUD BADARUDDIN (U),SUMATERA SELATAN,672,303688,UNKNOWN,UNKNOWN,UNKNOWN COUNTRY,SINGAPORE,CHINA (MAINLAND)
2020,470329,SINAR MAS,INDAH KIAT,SUNGAI PAKNING,RIAU,3000,1364215,UNKNOWN,UNKNOWN,UNKNOWN COUNTRY,QINGDAO,CHINA (MAINLAND)
2020,470329,SINAR MAS,INDAH KIAT,SUNGAI PAKNING,RIAU,3000,1364215,UNKNOWN,UNKNOWN,UNKNOWN COUNTRY,QINGDAO,CHINA (MAINLAND)
2020,470329,SINAR MAS,INDAH KIAT,SUNGAI PAKNING,RIAU,1000,454738,UNKNOWN,UNKNOWN,UNKNOWN COUNTRY,QINGDAO,CHINA (MAINLAND)
2020,470329,SINAR MAS,INDAH KIAT,SUNGAI PAKNING,RIAU,1000,454738,UNKNOWN,UNKNOWN,UNKNOWN COUNTRY,QINGDAO,CHINA (MAINLAND)
2020,470329,SINAR MAS,INDAH KIAT,SUNGAI PAKNING,RIAU,2600,1182319,UNKNOWN,UNKNOWN,UNKNOWN COUNTRY,QINGDAO,CHINA (MAINLAND)
2020,470329,SINAR MAS,INDAH KIAT,SUNGAI PAKNING,RIAU,1000,454738,UNKNOWN,UNKNOWN,UNKNOWN COUNTRY,QINGDAO,CHINA (MAINLAND)
2020,470329,ROYAL GOLDEN EAGLE,APRIL,BUATAN,RIAU,1005,275242,UNKNOWN,UNKNOWN,UNKNOWN COUNTRY,SINGAPORE,CHINA (MAINLAND)
2020,470329,ROYAL GOLDEN EAGLE,APRIL,FUTONG,RIAU,100,27532,UNKNOWN,UNKNOWN,UNKNOWN COUNTRY,SINGAPORE,BANGLADESH
2020,470329,ROYAL GOLDEN EAGLE,APRIL,FUTONG,RIAU,101,27544,UNKNOWN,UNKNOWN,UNKNOWN COUNTRY,SINGAPORE,BANGLADESH
2020,470200,ROYAL GOLDEN EAGLE,APRIL,FUTONG,RIAU,506,248065,UNKNOWN,UNKNOWN,UNKNOWN COUNTRY,SINGAPORE,CHINA (MAINLAND)
2020,470200,ROYAL GOLDEN EAGLE,APRIL,FUTONG,RIAU,506,248177,UNKNOWN,UNKNOWN,UNKNOWN COUNTRY,SINGAPORE,CHINA (MAINLAND)
2020,470200,ROYAL GOLDEN EAGLE,APRIL,FUTONG,RIAU,506,248117,UNKNOWN,UNKNOWN,UNKNOWN COUNTRY,SINGAPORE,CHINA (MAINLAND)
2020,470200,ROYAL GOLDEN EAGLE,APRIL,FUTONG,RIAU,507,248292,UNKNOWN,UNKNOWN,UNKNOWN COUNTRY,SINGAPORE,CHINA (MAINLAND)
2020,470200,ROYAL GOLDEN EAGLE,APRIL,FUTONG,RIAU,506,248072,UNKNOWN,UNKNOWN,UNKNOWN COUNTRY,SINGAPORE,CHINA (MAINLAND)
2020,470200,ROYAL GOLDEN EAGLE,APRIL,FUTONG,RIAU,506,248081,UNKNOWN,UNKNOWN,UNKNOWN COUNTRY,SINGAPORE,CHINA (MAINLAND)
2020,470200,ROYAL GOLDEN EAGLE,APRIL,FUTONG,RIAU,506,248127,UNKNOWN,UNKNOWN,UNKNOWN COUNTRY,SINGAPORE,CHINA (MAINLAND)
2020,470329,ROYAL GOLDEN EAGLE,APRIL,FUTONG,RIAU,1004,275228,UNKNOWN,UNKNOWN,UNKNOWN COUNTRY,SINGAPORE,CHINA (MAINLAND)
2020,470329,ROYAL GOLDEN EAGLE,APRIL,FUTONG,RIAU,100,27525,UNKNOWN,UNKNOWN,UNKNOWN COUNTRY,SINGAPORE,MYANMAR
2020,470329,ROYAL GOLDEN EAGLE,APRIL,FUTONG,RIAU,201,59048,UNKNOWN,UNKNOWN,UNKNOWN COUNTRY,SINGAPORE,THAILAND
2020,470329,MARUBENI,TANJUNG ENIM LESTARI,TARAHAN,SUMATERA SELATAN,999,384850,UNKNOWN,UNKNOWN,UNKNOWN COUNTRY,QINGDAO,CHINA (MAINLAND)
2020,470329,MARUBENI,TANJUNG ENIM LESTARI,TARAHAN,SUMATERA SELATAN,911,350744,UNKNOWN,UNKNOWN,UNKNOWN COUNTRY,QINGDAO,CHINA (MAINLAND)
2020,470329,MARUBENI,TANJUNG ENIM LESTARI,TARAHAN,SUMATERA SELATAN,911,351305,UNKNOWN,UNKNOWN,UNKNOWN COUNTRY,QINGDAO,CHINA (MAINLAND)
2020,470329,MARUBENI,TANJUNG ENIM LESTARI,TARAHAN,SUMATERA SELATAN,1820,700993,UNKNOWN,UNKNOWN,UNKNOWN COUNTRY,QINGDAO,CHINA (MAINLAND)
2020,470329,MARUBENI,TANJUNG ENIM LESTARI,TARAHAN,SUMATERA SELATAN,3641,1402392,UNKNOWN,UNKNOWN,UNKNOWN COUNTRY,QINGDAO,CHINA (MAINLAND)
2020,470329,MARUBENI,TANJUNG ENIM LESTARI,TARAHAN,SUMATERA SELATAN,1820,701018,UNKNOWN,UNKNOWN,UNKNOWN COUNTRY,QINGDAO,CHINA (MAINLAND)
2020,470329,ROYAL GOLDEN EAGLE,APRIL,BUATAN,RIAU,557,152588,UNKNOWN,UNKNOWN,UNKNOWN COUNTRY,SINGAPORE,DJIBOUTI
2020,470329,SINAR MAS,LONTAR PAPYRUS,KUALA TUNGKAL,JAMBI,1003,451557,UNKNOWN,UNKNOWN,UNKNOWN COUNTRY,PIPAVAV (VICTOR) PORT,INDIA
2020,470329,SINAR MAS,INDAH KIAT,PERAWANG,RIAU,500,230396,UNKNOWN,UNKNOWN,UNKNOWN COUNTRY,MELBOURNE,AUSTRALIA
2020,470329,SINAR MAS,INDAH KIAT,PERAWANG,RIAU,600,273975,UNKNOWN,UNKNOWN,UNKNOWN COUNTRY,EL ISKANDARIYA (=ALEXANDRIA),EGYPT
2020,470329,SINAR MAS,OKI,SULTAN MAHMUD BADARUDDIN (U),SUMATERA SELATAN,672,303688,UNKNOWN,UNKNOWN,UNKNOWN COUNTRY,SINGAPORE,CHINA (MAINLAND)
2020,470329,SINAR MAS,OKI,SULTAN MAHMUD BADARUDDIN (U),SUMATERA SELATAN,672,303688,UNKNOWN,UNKNOWN,UNKNOWN COUNTRY,SINGAPORE,CHINA (MAINLAND)
2020,470329,MARUBENI,TANJUNG ENIM LESTARI,TANJUNG PRIOK,SUMATERA SELATAN,963,376432,UNKNOWN,UNKNOWN,UNKNOWN COUNTRY,NINGBO,CHINA (MAINLAND)
2020,470329,MARUBENI,TANJUNG ENIM LESTARI,TANJUNG PRIOK,SUMATERA SELATAN,1454,560063,UNKNOWN,UNKNOWN,UNKNOWN COUNTRY,XINHUI,CHINA (MAINLAND)
2020,470329,MARUBENI,TANJUNG ENIM LESTARI,TANJUNG PRIOK,SUMATERA SELATAN,492,189861,UNKNOWN,UNKNOWN,UNKNOWN COUNTRY,YINGKOU,CHINA (MAINLAND)
2020,470329,SINAR MAS,LONTAR PAPYRUS,KUALA TUNGKAL,JAMBI,1003,471855,UNKNOWN,UNKNOWN,UNKNOWN COUNTRY,ZHANJIANG,CHINA (MAINLAND)
2020,470329,SINAR MAS,LONTAR PAPYRUS,KUALA TUNGKAL,JAMBI,1003,471741,UNKNOWN,UNKNOWN,UNKNOWN COUNTRY,ZHANJIANG,CHINA (MAINLAND)
2020,470329,SINAR MAS,LONTAR PAPYRUS,KUALA TUNGKAL,JAMBI,503,236366,UNKNOWN,UNKNOWN,UNKNOWN COUNTRY,ZHANJIANG,CHINA (MAINLAND)
2020,470329,MARUBENI,TANJUNG ENIM LESTARI,PANJANG,SUMATERA SELATAN,1454,574054,UNKNOWN,UNKNOWN,UNKNOWN COUNTRY,WUHAN,CHINA (MAINLAND)
2020,470329,ROYAL GOLDEN EAGLE,APRIL,FUTONG,RIAU,502,137663,UNKNOWN,UNKNOWN,UNKNOWN COUNTRY,SINGAPORE,BANGLADESH
2020,470200,ROYAL GOLDEN EAGLE,APRIL,FUTONG,RIAU,506,202500,UNKNOWN,UNKNOWN,UNKNOWN COUNTRY,SINGAPORE,CHINA (MAINLAND)
2020,470200,ROYAL GOLDEN EAGLE,APRIL,FUTONG,RIAU,506,202600,UNKNOWN,UNKNOWN,UNKNOWN COUNTRY,SINGAPORE,CHINA (MAINLAND)
2020,470200,ROYAL GOLDEN EAGLE,APRIL,FUTONG,RIAU,506,202590,UNKNOWN,UNKNOWN,UNKNOWN COUNTRY,SINGAPORE,CHINA (MAINLAND)
2020,470200,ROYAL GOLDEN EAGLE,APRIL,FUTONG,RIAU,506,202467,UNKNOWN,UNKNOWN,UNKNOWN COUNTRY,SINGAPORE,CHINA (MAINLAND)
2020,470200,ROYAL GOLDEN EAGLE,APRIL,FUTONG,RIAU,507,202754,UNKNOWN,UNKNOWN,UNKNOWN COUNTRY,SINGAPORE,CHINA (MAINLAND)
2020,470200,ROYAL GOLDEN EAGLE,APRIL,FUTONG,RIAU,507,202772,UNKNOWN,UNKNOWN,UNKNOWN COUNTRY,SINGAPORE,CHINA (MAINLAND)
2020,470200,ROYAL GOLDEN EAGLE,APRIL,FUTONG,RIAU,507,202619,UNKNOWN,UNKNOWN,UNKNOWN COUNTRY,SINGAPORE,CHINA (MAINLAND)
2020,470329,ROYAL GOLDEN EAGLE,APRIL,FUTONG,RIAU,20,5501,UNKNOWN,UNKNOWN,UNKNOWN COUNTRY,SINGAPORE,CHINA (MAINLAND)
2020,470329,ROYAL GOLDEN EAGLE,APRIL,FUTONG,RIAU,503,147857,UNKNOWN,UNKNOWN,UNKNOWN COUNTRY,SINGAPORE,INDIA
2020,470329,ROYAL GOLDEN EAGLE,APRIL,FUTONG,RIAU,502,137557,UNKNOWN,UNKNOWN,UNKNOWN COUNTRY,SINGAPORE,UNITED ARAB EMIRATES
2020,470329,SINAR MAS,OKI,SULTAN MAHMUD BADARUDDIN (U),SUMATERA SELATAN,10000,4530500,UNKNOWN,UNKNOWN,UNKNOWN COUNTRY,GUNSAN,SOUTH KOREA
2020,470200,ROYAL GOLDEN EAGLE,APRIL,FUTONG,RIAU,507,202617,UNKNOWN,UNKNOWN,UNKNOWN COUNTRY,PORT KELANG,CHINA (MAINLAND)
2020,470200,ROYAL GOLDEN EAGLE,APRIL,FUTONG,RIAU,506,202367,UNKNOWN,UNKNOWN,UNKNOWN COUNTRY,PORT KELANG,CHINA (MAINLAND)
2020,470200,ROYAL GOLDEN EAGLE,APRIL,FUTONG,RIAU,506,202522,UNKNOWN,UNKNOWN,UNKNOWN COUNTRY,PORT KELANG,CHINA (MAINLAND)
2020,470200,ROYAL GOLDEN EAGLE,APRIL,FUTONG,RIAU,506,202547,UNKNOWN,UNKNOWN,UNKNOWN COUNTRY,PORT KELANG,CHINA (MAINLAND)
2020,470200,ROYAL GOLDEN EAGLE,APRIL,FUTONG,RIAU,506,202504,UNKNOWN,UNKNOWN,UNKNOWN COUNTRY,PORT KELANG,CHINA (MAINLAND)
2020,470200,ROYAL GOLDEN EAGLE,APRIL,FUTONG,RIAU,506,202474,UNKNOWN,UNKNOWN,UNKNOWN COUNTRY,PORT KELANG,CHINA (MAINLAND)
2020,470200,ROYAL GOLDEN EAGLE,APRIL,FUTONG,RIAU,506,202578,UNKNOWN,UNKNOWN,UNKNOWN COUNTRY,PORT KELANG,CHINA (MAINLAND)
2020,470200,ROYAL GOLDEN EAGLE,APRIL,FUTONG,RIAU,507,202712,UNKNOWN,UNKNOWN,UNKNOWN COUNTRY,PORT KELANG,CHINA (MAINLAND)
2020,470200,ROYAL GOLDEN EAGLE,APRIL,FUTONG,RIAU,506,202441,UNKNOWN,UNKNOWN,UNKNOWN COUNTRY,PORT KELANG,CHINA (MAINLAND)
2020,470200,ROYAL GOLDEN EAGLE,APRIL,FUTONG,RIAU,506,202462,UNKNOWN,UNKNOWN,UNKNOWN COUNTRY,PORT KELANG,CHINA (MAINLAND)
2020,470329,ROYAL GOLDEN EAGLE,APRIL,FUTONG,RIAU,10980,3008548,UNKNOWN,UNKNOWN,UNKNOWN COUNTRY,LIMAS,TURKEY
2020,470329,ROYAL GOLDEN EAGLE,APRIL,FUTONG,RIAU,17965,4922324,UNKNOWN,UNKNOWN,UNKNOWN COUNTRY,MERSIN,TURKEY
2020,470329,SINAR MAS,OKI,SULTAN MAHMUD BADARUDDIN (U),SUMATERA SELATAN,1168,533951,UNKNOWN,UNKNOWN,UNKNOWN COUNTRY,NINGBO,CHINA (MAINLAND)
2020,470329,SINAR MAS,OKI,SULTAN MAHMUD BADARUDDIN (U),SUMATERA SELATAN,2800,1279281,UNKNOWN,UNKNOWN,UNKNOWN COUNTRY,NINGBO,CHINA (MAINLAND)
2020,470329,SINAR MAS,OKI,SULTAN MAHMUD BADARUDDIN (U),SUMATERA SELATAN,1832,837499,UNKNOWN,UNKNOWN,UNKNOWN COUNTRY,NINGBO,CHINA (MAINLAND)
2020,470329,SINAR MAS,OKI,SULTAN MAHMUD BADARUDDIN (U),SUMATERA SELATAN,700,321115,UNKNOWN,UNKNOWN,UNKNOWN COUNTRY,QINGDAO,CHINA (MAINLAND)
2020,470329,SINAR MAS,OKI,SULTAN MAHMUD BADARUDDIN (U),SUMATERA SELATAN,2000,917472,UNKNOWN,UNKNOWN,UNKNOWN COUNTRY,QINGDAO,CHINA (MAINLAND)
2020,470329,SINAR MAS,OKI,SULTAN MAHMUD BADARUDDIN (U),SUMATERA SELATAN,3000,1376208,UNKNOWN,UNKNOWN,UNKNOWN COUNTRY,QINGDAO,CHINA (MAINLAND)
2020,470329,SINAR MAS,OKI,SULTAN MAHMUD BADARUDDIN (U),SUMATERA SELATAN,3000,1376208,UNKNOWN,UNKNOWN,UNKNOWN COUNTRY,QINGDAO,CHINA (MAINLAND)
2020,470329,SINAR MAS,OKI,SULTAN MAHMUD BADARUDDIN (U),SUMATERA SELATAN,1000,458736,UNKNOWN,UNKNOWN,UNKNOWN COUNTRY,QINGDAO,CHINA (MAINLAND)
2020,470329,SINAR MAS,OKI,SULTAN MAHMUD BADARUDDIN (U),SUMATERA SELATAN,2000,917472,UNKNOWN,UNKNOWN,UNKNOWN COUNTRY,QINGDAO,CHINA (MAINLAND)
2020,470329,SINAR MAS,OKI,SULTAN MAHMUD BADARUDDIN (U),SUMATERA SELATAN,1000,458736,UNKNOWN,UNKNOWN,UNKNOWN COUNTRY,QINGDAO,CHINA (MAINLAND)
2020,470329,SINAR MAS,OKI,SULTAN MAHMUD BADARUDDIN (U),SUMATERA SELATAN,1000,458736,UNKNOWN,UNKNOWN,UNKNOWN COUNTRY,QINGDAO,CHINA (MAINLAND)
2020,470329,SINAR MAS,OKI,SULTAN MAHMUD BADARUDDIN (U),SUMATERA SELATAN,2000,914300,UNKNOWN,UNKNOWN,UNKNOWN COUNTRY,QINZHOU,CHINA (MAINLAND)
2020,470329,SINAR MAS,OKI,SULTAN MAHMUD BADARUDDIN (U),SUMATERA SELATAN,504,231032,UNKNOWN,UNKNOWN,UNKNOWN COUNTRY,SINGAPORE,CHINA (MAINLAND)
2020,470329,SINAR MAS,INDAH KIAT,SUNGAI PAKNING,RIAU,3500,1611750,UNKNOWN,UNKNOWN,UNKNOWN COUNTRY,SHANGHAI,CHINA (MAINLAND)
2020,470329,SINAR MAS,INDAH KIAT,SUNGAI PAKNING,RIAU,1000,460500,UNKNOWN,UNKNOWN,UNKNOWN COUNTRY,SHANGHAI,CHINA (MAINLAND)
2020,470329,SINAR MAS,INDAH KIAT,SUNGAI PAKNING,RIAU,1500,690750,UNKNOWN,UNKNOWN,UNKNOWN COUNTRY,SHANGHAI,CHINA (MAINLAND)
2020,470329,SINAR MAS,INDAH KIAT,SUNGAI PAKNING,RIAU,1000,460500,UNKNOWN,UNKNOWN,UNKNOWN COUNTRY,SHANGHAI,CHINA (MAINLAND)
2020,470200,ROYAL GOLDEN EAGLE,TOBA PULP LESTARI,BELAWAN,SUMATERA UTARA,501,274451,UNKNOWN,UNKNOWN,UNKNOWN COUNTRY,QINGDAO,CHINA (MAINLAND)
2020,470329,MARUBENI,TANJUNG ENIM LESTARI,PANJANG,SUMATERA SELATAN,495,193223,UNKNOWN,UNKNOWN,UNKNOWN COUNTRY,CHONGQING,CHINA (MAINLAND)
2020,470329,MARUBENI,TANJUNG ENIM LESTARI,PANJANG,SUMATERA SELATAN,108,43384,UNKNOWN,UNKNOWN,UNKNOWN COUNTRY,JAWAHARLAL NEHRU (NHAVA SHEVA),INDIA
2020,470329,SINAR MAS,INDAH KIAT,PERAWANG,RIAU,500,230396,UNKNOWN,UNKNOWN,UNKNOWN COUNTRY,MELBOURNE,AUSTRALIA
2020,470329,SINAR MAS,INDAH KIAT,PERAWANG,RIAU,506,245616,UNKNOWN,UNKNOWN,UNKNOWN COUNTRY,CHITTAGONG,BANGLADESH
2020,470329,SINAR MAS,INDAH KIAT,PERAWANG,RIAU,500,234069,UNKNOWN,UNKNOWN,UNKNOWN COUNTRY,DALIAN,CHINA (MAINLAND)
2020,470329,SINAR MAS,INDAH KIAT,PERAWANG,RIAU,500,236560,UNKNOWN,UNKNOWN,UNKNOWN COUNTRY,AD DAMMAM,SAUDI ARABIA
2020,470329,SINAR MAS,OKI,SULTAN MAHMUD BADARUDDIN (U),SUMATERA SELATAN,624,286039,UNKNOWN,UNKNOWN,UNKNOWN COUNTRY,SINGAPORE,CHINA (MAINLAND)
2020,470200,ROYAL GOLDEN EAGLE,TOBA PULP LESTARI,BELAWAN,SUMATERA UTARA,501,274716,UNKNOWN,UNKNOWN,UNKNOWN COUNTRY,QINGDAO,CHINA (MAINLAND)
2020,470200,ROYAL GOLDEN EAGLE,TOBA PULP LESTARI,BELAWAN,SUMATERA UTARA,503,275545,UNKNOWN,UNKNOWN,UNKNOWN COUNTRY,QINGDAO,CHINA (MAINLAND)
2020,470329,SINAR MAS,INDAH KIAT,PERAWANG,RIAU,500,231862,UNKNOWN,UNKNOWN,UNKNOWN COUNTRY,DALIAN,CHINA (MAINLAND)
2020,470329,SINAR MAS,INDAH KIAT,PERAWANG,RIAU,400,183367,UNKNOWN,UNKNOWN,UNKNOWN COUNTRY,CAT LAI,VIETNAM
2020,470329,SINAR MAS,INDAH KIAT,PERAWANG,RIAU,500,230519,UNKNOWN,UNKNOWN,UNKNOWN COUNTRY,HAIPHONG,VIETNAM
2020,470329,SINAR MAS,OKI,SULTAN MAHMUD BADARUDDIN (U),SUMATERA SELATAN,1032,465907,UNKNOWN,UNKNOWN,UNKNOWN COUNTRY,SINGAPORE,CHINA (MAINLAND)
2020,470329,ROYAL GOLDEN EAGLE,APRIL,BUATAN,RIAU,1004,275107,UNKNOWN,UNKNOWN,UNKNOWN COUNTRY,SINGAPORE,CHINA (MAINLAND)
2020,470329,SINAR MAS,INDAH KIAT,PERAWANG,RIAU,506,245616,UNKNOWN,UNKNOWN,UNKNOWN COUNTRY,CHITTAGONG,BANGLADESH
2020,470329,SINAR MAS,INDAH KIAT,PERAWANG,RIAU,1000,468435,UNKNOWN,UNKNOWN,UNKNOWN COUNTRY,DALIAN,CHINA (MAINLAND)
2020,470329,SINAR MAS,INDAH KIAT,PERAWANG,RIAU,140,64584,UNKNOWN,UNKNOWN,UNKNOWN COUNTRY,LAT KRABANG,THAILAND
2020,470329,ROYAL GOLDEN EAGLE,APRIL,FUTONG,RIAU,503,137792,UNKNOWN,UNKNOWN,UNKNOWN COUNTRY,SINGAPORE,BANGLADESH
2020,470329,ROYAL GOLDEN EAGLE,APRIL,FUTONG,RIAU,6028,1651537,UNKNOWN,UNKNOWN,UNKNOWN COUNTRY,CHANGSHU,CHINA (MAINLAND)
2020,470329,ROYAL GOLDEN EAGLE,APRIL,FUTONG,RIAU,2502,685472,UNKNOWN,UNKNOWN,UNKNOWN COUNTRY,CHANGSHU,CHINA (MAINLAND)
2020,470329,ROYAL GOLDEN EAGLE,APRIL,FUTONG,RIAU,3005,823309,UNKNOWN,UNKNOWN,UNKNOWN COUNTRY,QINGDAO,CHINA (MAINLAND)
2020,470200,ROYAL GOLDEN EAGLE,APRIL,FUTONG,RIAU,506,202569,UNKNOWN,UNKNOWN,UNKNOWN COUNTRY,SINGAPORE,CHINA (MAINLAND)
2020,470200,ROYAL GOLDEN EAGLE,APRIL,FUTONG,RIAU,507,202610,UNKNOWN,UNKNOWN,UNKNOWN COUNTRY,SINGAPORE,CHINA (MAINLAND)
2020,470200,ROYAL GOLDEN EAGLE,APRIL,FUTONG,RIAU,507,202608,UNKNOWN,UNKNOWN,UNKNOWN COUNTRY,SINGAPORE,CHINA (MAINLAND)
2020,470200,ROYAL GOLDEN EAGLE,APRIL,FUTONG,RIAU,506,202495,UNKNOWN,UNKNOWN,UNKNOWN COUNTRY,SINGAPORE,CHINA (MAINLAND)
2020,470200,ROYAL GOLDEN EAGLE,APRIL,FUTONG,RIAU,507,202615,UNKNOWN,UNKNOWN,UNKNOWN COUNTRY,SINGAPORE,CHINA (MAINLAND)
2020,470200,ROYAL GOLDEN EAGLE,APRIL,FUTONG,RIAU,506,202465,UNKNOWN,UNKNOWN,UNKNOWN COUNTRY,SINGAPORE,CHINA (MAINLAND)
2020,470200,ROYAL GOLDEN EAGLE,APRIL,FUTONG,RIAU,506,202518,UNKNOWN,UNKNOWN,UNKNOWN COUNTRY,SINGAPORE,CHINA (MAINLAND)
2020,470200,ROYAL GOLDEN EAGLE,APRIL,FUTONG,RIAU,506,202436,UNKNOWN,UNKNOWN,UNKNOWN COUNTRY,SINGAPORE,CHINA (MAINLAND)
2020,470200,ROYAL GOLDEN EAGLE,APRIL,FUTONG,RIAU,506,202441,UNKNOWN,UNKNOWN,UNKNOWN COUNTRY,SINGAPORE,CHINA (MAINLAND)
2020,470200,ROYAL GOLDEN EAGLE,APRIL,FUTONG,RIAU,506,202333,UNKNOWN,UNKNOWN,UNKNOWN COUNTRY,SINGAPORE,CHINA (MAINLAND)
2020,470200,ROYAL GOLDEN EAGLE,APRIL,FUTONG,RIAU,506,202484,UNKNOWN,UNKNOWN,UNKNOWN COUNTRY,SINGAPORE,CHINA (MAINLAND)
2020,470329,ROYAL GOLDEN EAGLE,APRIL,FUTONG,RIAU,40,11028,UNKNOWN,UNKNOWN,UNKNOWN COUNTRY,SINGAPORE,INDIA
2020,470329,SINAR MAS,OKI,SULTAN MAHMUD BADARUDDIN (U),SUMATERA SELATAN,4800,2206253,UNKNOWN,UNKNOWN,UNKNOWN COUNTRY,LIANYUNGANG,CHINA (MAINLAND)
2020,470329,SINAR MAS,OKI,SULTAN MAHMUD BADARUDDIN (U),SUMATERA SELATAN,1100,505600,UNKNOWN,UNKNOWN,UNKNOWN COUNTRY,LIANYUNGANG,CHINA (MAINLAND)
2020,470329,SINAR MAS,OKI,SULTAN MAHMUD BADARUDDIN (U),SUMATERA SELATAN,4700,2160289,UNKNOWN,UNKNOWN,UNKNOWN COUNTRY,LIANYUNGANG,CHINA (MAINLAND)
2020,470329,ROYAL GOLDEN EAGLE,APRIL,BUATAN,RIAU,501,137385,UNKNOWN,UNKNOWN,UNKNOWN COUNTRY,SINGAPORE,VIETNAM
2020,470200,ROYAL GOLDEN EAGLE,APRIL,FUTONG,RIAU,506,202406,UNKNOWN,UNKNOWN,UNKNOWN COUNTRY,PORT KELANG,CHINA (MAINLAND)
2020,470200,ROYAL GOLDEN EAGLE,APRIL,FUTONG,RIAU,507,202632,UNKNOWN,UNKNOWN,UNKNOWN COUNTRY,PORT KELANG,CHINA (MAINLAND)
2020,470200,ROYAL GOLDEN EAGLE,APRIL,FUTONG,RIAU,506,202442,UNKNOWN,UNKNOWN,UNKNOWN COUNTRY,PORT KELANG,CHINA (MAINLAND)
2020,470329,SINAR MAS,INDAH KIAT,PERAWANG,RIAU,500,230396,UNKNOWN,UNKNOWN,UNKNOWN COUNTRY,MELBOURNE,AUSTRALIA
2020,470329,MARUBENI,TANJUNG ENIM LESTARI,TANJUNG PRIOK,SUMATERA SELATAN,957,373918,UNKNOWN,UNKNOWN,UNKNOWN COUNTRY,NINGBO,CHINA (MAINLAND)
2020,470329,MARUBENI,TANJUNG ENIM LESTARI,TANJUNG PRIOK,SUMATERA SELATAN,319,126111,UNKNOWN,UNKNOWN,UNKNOWN COUNTRY,NINGBO,CHINA (MAINLAND)
2020,470329,MARUBENI,TANJUNG ENIM LESTARI,TANJUNG PRIOK,SUMATERA SELATAN,963,371075,UNKNOWN,UNKNOWN,UNKNOWN COUNTRY,XINHUI,CHINA (MAINLAND)
2020,470200,ROYAL GOLDEN EAGLE,APRIL,FUTONG,RIAU,506,202458,UNKNOWN,UNKNOWN,UNKNOWN COUNTRY,PORT KELANG,CHINA (MAINLAND)
2020,470200,ROYAL GOLDEN EAGLE,APRIL,FUTONG,RIAU,506,202409,UNKNOWN,UNKNOWN,UNKNOWN COUNTRY,PORT KELANG,CHINA (MAINLAND)
2020,470200,ROYAL GOLDEN EAGLE,APRIL,FUTONG,RIAU,506,202552,UNKNOWN,UNKNOWN,UNKNOWN COUNTRY,PORT KELANG,CHINA (MAINLAND)
2020,470200,ROYAL GOLDEN EAGLE,APRIL,FUTONG,RIAU,506,202505,UNKNOWN,UNKNOWN,UNKNOWN COUNTRY,PORT KELANG,CHINA (MAINLAND)
2020,470329,SINAR MAS,INDAH KIAT,PERAWANG,RIAU,1040,498607,UNKNOWN,UNKNOWN,UNKNOWN COUNTRY,TUTICORIN,INDIA
2020,470329,SINAR MAS,OKI,SULTAN MAHMUD BADARUDDIN (U),SUMATERA SELATAN,7500,3600000,UNKNOWN,UNKNOWN,UNKNOWN COUNTRY,ZHENJIANG,CHINA (MAINLAND)
2020,470329,SINAR MAS,OKI,SULTAN MAHMUD BADARUDDIN (U),SUMATERA SELATAN,50,22650,UNKNOWN,UNKNOWN,UNKNOWN COUNTRY,GUNSAN,SOUTH KOREA
2020,470329,SINAR MAS,OKI,SULTAN MAHMUD BADARUDDIN (U),SUMATERA SELATAN,1500,679500,UNKNOWN,UNKNOWN,UNKNOWN COUNTRY,GUNSAN,SOUTH KOREA
2020,470329,SINAR MAS,OKI,SULTAN MAHMUD BADARUDDIN (U),SUMATERA SELATAN,50,22650,UNKNOWN,UNKNOWN,UNKNOWN COUNTRY,GUNSAN,SOUTH KOREA
2020,470329,SINAR MAS,OKI,SULTAN MAHMUD BADARUDDIN (U),SUMATERA SELATAN,4500,2038500,UNKNOWN,UNKNOWN,UNKNOWN COUNTRY,GUNSAN,SOUTH KOREA
2020,470329,SINAR MAS,OKI,SULTAN MAHMUD BADARUDDIN (U),SUMATERA SELATAN,11000,4983000,UNKNOWN,UNKNOWN,UNKNOWN COUNTRY,GUNSAN,SOUTH KOREA
2020,470329,SINAR MAS,INDAH KIAT,SUNGAI PAKNING,RIAU,5600,2578800,UNKNOWN,UNKNOWN,UNKNOWN COUNTRY,SHANGHAI,CHINA (MAINLAND)
2020,470329,SINAR MAS,INDAH KIAT,SUNGAI PAKNING,RIAU,300,138150,UNKNOWN,UNKNOWN,UNKNOWN COUNTRY,SHANGHAI,CHINA (MAINLAND)
2020,470329,SINAR MAS,INDAH KIAT,SUNGAI PAKNING,RIAU,3700,1703850,UNKNOWN,UNKNOWN,UNKNOWN COUNTRY,SHANGHAI,CHINA (MAINLAND)
2020,470329,ROYAL GOLDEN EAGLE,APRIL,BUATAN,RIAU,402,129726,UNKNOWN,UNKNOWN,UNKNOWN COUNTRY,SINGAPORE,BANGLADESH
2020,470329,SINAR MAS,LONTAR PAPYRUS,KUALA TUNGKAL,JAMBI,260,122417,UNKNOWN,UNKNOWN,UNKNOWN COUNTRY,ZHANJIANG,CHINA (MAINLAND)
2020,470329,SINAR MAS,LONTAR PAPYRUS,KUALA TUNGKAL,JAMBI,1003,471845,UNKNOWN,UNKNOWN,UNKNOWN COUNTRY,ZHANJIANG,CHINA (MAINLAND)
2020,470329,SINAR MAS,LONTAR PAPYRUS,KUALA TUNGKAL,JAMBI,503,236517,UNKNOWN,UNKNOWN,UNKNOWN COUNTRY,ZHANJIANG,CHINA (MAINLAND)
2020,470329,SINAR MAS,LONTAR PAPYRUS,KUALA TUNGKAL,JAMBI,1005,452396,UNKNOWN,UNKNOWN,UNKNOWN COUNTRY,PIPAVAV (VICTOR) PORT,INDIA
2020,470329,SINAR MAS,LONTAR PAPYRUS,KUALA TUNGKAL,JAMBI,202,92827,UNKNOWN,UNKNOWN,UNKNOWN COUNTRY,HAIPHONG,VIETNAM
2020,470329,MARUBENI,TANJUNG ENIM LESTARI,PANJANG,SUMATERA SELATAN,214,83629,UNKNOWN,UNKNOWN,UNKNOWN COUNTRY,CHONGQING,CHINA (MAINLAND)
2020,470329,MARUBENI,TANJUNG ENIM LESTARI,PANJANG,SUMATERA SELATAN,431,172197,UNKNOWN,UNKNOWN,UNKNOWN COUNTRY,WUHAN,CHINA (MAINLAND)
2020,470200,ROYAL GOLDEN EAGLE,APRIL,FUTONG,RIAU,506,202534,UNKNOWN,UNKNOWN,UNKNOWN COUNTRY,PORT KELANG,CHINA (MAINLAND)
2020,470200,ROYAL GOLDEN EAGLE,APRIL,FUTONG,RIAU,506,202508,UNKNOWN,UNKNOWN,UNKNOWN COUNTRY,TANJUNG PELEPAS,CHINA (MAINLAND)
2020,470200,ROYAL GOLDEN EAGLE,APRIL,FUTONG,RIAU,507,202625,UNKNOWN,UNKNOWN,UNKNOWN COUNTRY,TANJUNG PELEPAS,CHINA (MAINLAND)
2020,470329,SINAR MAS,INDAH KIAT,PERAWANG,RIAU,540,246988,UNKNOWN,UNKNOWN,UNKNOWN COUNTRY,NANSHA,CHINA (MAINLAND)
2020,470329,SINAR MAS,INDAH KIAT,PERAWANG,RIAU,80,36670,UNKNOWN,UNKNOWN,UNKNOWN COUNTRY,DA NANG,VIETNAM
2020,470329,ROYAL GOLDEN EAGLE,APRIL,BUATAN,RIAU,100,27528,UNKNOWN,UNKNOWN,UNKNOWN COUNTRY,SINGAPORE,BANGLADESH
2020,470329,ROYAL GOLDEN EAGLE,APRIL,BUATAN,RIAU,101,27541,UNKNOWN,UNKNOWN,UNKNOWN COUNTRY,SINGAPORE,INDIA
2020,470200,ROYAL GOLDEN EAGLE,APRIL,FUTONG,RIAU,506,202406,UNKNOWN,UNKNOWN,UNKNOWN COUNTRY,SINGAPORE,CHINA (MAINLAND)
2020,470200,ROYAL GOLDEN EAGLE,APRIL,FUTONG,RIAU,506,202424,UNKNOWN,UNKNOWN,UNKNOWN COUNTRY,SINGAPORE,CHINA (MAINLAND)
2020,470200,ROYAL GOLDEN EAGLE,APRIL,FUTONG,RIAU,506,202450,UNKNOWN,UNKNOWN,UNKNOWN COUNTRY,SINGAPORE,CHINA (MAINLAND)
2020,470200,ROYAL GOLDEN EAGLE,APRIL,FUTONG,RIAU,506,202541,UNKNOWN,UNKNOWN,UNKNOWN COUNTRY,SINGAPORE,CHINA (MAINLAND)
2020,470200,ROYAL GOLDEN EAGLE,APRIL,FUTONG,RIAU,506,202560,UNKNOWN,UNKNOWN,UNKNOWN COUNTRY,SINGAPORE,CHINA (MAINLAND)
2020,470200,ROYAL GOLDEN EAGLE,APRIL,FUTONG,RIAU,506,202501,UNKNOWN,UNKNOWN,UNKNOWN COUNTRY,SINGAPORE,CHINA (MAINLAND)
2020,470329,ROYAL GOLDEN EAGLE,APRIL,FUTONG,RIAU,503,137801,UNKNOWN,UNKNOWN,UNKNOWN COUNTRY,SINGAPORE,UNITED ARAB EMIRATES
2020,470329,SINAR MAS,INDAH KIAT,PERAWANG,RIAU,500,230396,UNKNOWN,UNKNOWN,UNKNOWN COUNTRY,MELBOURNE,AUSTRALIA
2020,470329,SINAR MAS,INDAH KIAT,PERAWANG,RIAU,460,213606,UNKNOWN,UNKNOWN,UNKNOWN COUNTRY,NANSHA,CHINA (MAINLAND)
2020,470329,SINAR MAS,INDAH KIAT,PERAWANG,RIAU,600,273975,UNKNOWN,UNKNOWN,UNKNOWN COUNTRY,EL ISKANDARIYA (=ALEXANDRIA),EGYPT
2020,470329,SINAR MAS,INDAH KIAT,PERAWANG,RIAU,500,236560,UNKNOWN,UNKNOWN,UNKNOWN COUNTRY,AD DAMMAM,SAUDI ARABIA
2020,470200,ROYAL GOLDEN EAGLE,TOBA PULP LESTARI,BELAWAN,SUMATERA UTARA,501,274568,UNKNOWN,UNKNOWN,UNKNOWN COUNTRY,QINGDAO,CHINA (MAINLAND)
2020,470329,ROYAL GOLDEN EAGLE,APRIL,FUTONG,RIAU,3045,834330,UNKNOWN,UNKNOWN,UNKNOWN COUNTRY,NANSHA,CHINA (MAINLAND)
2020,470200,ROYAL GOLDEN EAGLE,APRIL,FUTONG,RIAU,506,202466,UNKNOWN,UNKNOWN,UNKNOWN COUNTRY,SINGAPORE,CHINA (MAINLAND)
2020,470329,ROYAL GOLDEN EAGLE,APRIL,FUTONG,RIAU,5075,1390550,UNKNOWN,UNKNOWN,UNKNOWN COUNTRY,XINHUI,CHINA (MAINLAND)
2020,470329,ROYAL GOLDEN EAGLE,APRIL,FUTONG,RIAU,201,55138,UNKNOWN,UNKNOWN,UNKNOWN COUNTRY,SINGAPORE,INDIA
2020,470329,ROYAL GOLDEN EAGLE,APRIL,FUTONG,RIAU,503,147843,UNKNOWN,UNKNOWN,UNKNOWN COUNTRY,SINGAPORE,INDIA
2020,470329,ROYAL GOLDEN EAGLE,APRIL,FUTONG,RIAU,261,71571,UNKNOWN,UNKNOWN,UNKNOWN COUNTRY,SINGAPORE,INDIA
2020,470329,ROYAL GOLDEN EAGLE,APRIL,FUTONG,RIAU,302,82652,UNKNOWN,UNKNOWN,UNKNOWN COUNTRY,SINGAPORE,VIETNAM
2020,470329,SINAR MAS,INDAH KIAT,PERAWANG,RIAU,600,275338,UNKNOWN,UNKNOWN,UNKNOWN COUNTRY,EL ISKANDARIYA (=ALEXANDRIA),EGYPT
2020,470329,SINAR MAS,OKI,SULTAN MAHMUD BADARUDDIN (U),SUMATERA SELATAN,2000,914472,UNKNOWN,UNKNOWN,UNKNOWN COUNTRY,NINGBO,CHINA (MAINLAND)
2020,470329,SINAR MAS,OKI,SULTAN MAHMUD BADARUDDIN (U),SUMATERA SELATAN,7024,3353960,UNKNOWN,UNKNOWN,UNKNOWN COUNTRY,NINGBO,CHINA (MAINLAND)
2020,470329,SINAR MAS,OKI,SULTAN MAHMUD BADARUDDIN (U),SUMATERA SELATAN,1476,704790,UNKNOWN,UNKNOWN,UNKNOWN COUNTRY,NINGBO,CHINA (MAINLAND)
2020,470329,SINAR MAS,OKI,SULTAN MAHMUD BADARUDDIN (U),SUMATERA SELATAN,4000,1805600,UNKNOWN,UNKNOWN,UNKNOWN COUNTRY,SHANGHAI,CHINA (MAINLAND)
2020,470329,SINAR MAS,OKI,SULTAN MAHMUD BADARUDDIN (U),SUMATERA SELATAN,5000,2387000,UNKNOWN,UNKNOWN,UNKNOWN COUNTRY,ZHENJIANG,CHINA (MAINLAND)
2020,470329,SINAR MAS,OKI,SULTAN MAHMUD BADARUDDIN (U),SUMATERA SELATAN,2500,1193500,UNKNOWN,UNKNOWN,UNKNOWN COUNTRY,ZHENJIANG,CHINA (MAINLAND)
2020,470329,SINAR MAS,OKI,SULTAN MAHMUD BADARUDDIN (U),SUMATERA SELATAN,5000,2387500,UNKNOWN,UNKNOWN,UNKNOWN COUNTRY,ZHENJIANG,CHINA (MAINLAND)
2020,470329,SINAR MAS,OKI,SULTAN MAHMUD BADARUDDIN (U),SUMATERA SELATAN,5000,2287500,UNKNOWN,UNKNOWN,UNKNOWN COUNTRY,ZHENJIANG,CHINA (MAINLAND)
2020,470329,SINAR MAS,OKI,SULTAN MAHMUD BADARUDDIN (U),SUMATERA SELATAN,10000,4775000,UNKNOWN,UNKNOWN,UNKNOWN COUNTRY,ZHENJIANG,CHINA (MAINLAND)
2020,470329,SINAR MAS,INDAH KIAT,SUNGAI PAKNING,RIAU,4000,1844000,UNKNOWN,UNKNOWN,UNKNOWN COUNTRY,DAGANG,CHINA (MAINLAND)
2020,470329,SINAR MAS,INDAH KIAT,SUNGAI PAKNING,RIAU,5200,2397200,UNKNOWN,UNKNOWN,UNKNOWN COUNTRY,DAGANG,CHINA (MAINLAND)
2020,470329,SINAR MAS,INDAH KIAT,SUNGAI PAKNING,RIAU,2000,908476,UNKNOWN,UNKNOWN,UNKNOWN COUNTRY,QINGDAO,CHINA (MAINLAND)
2020,470329,SINAR MAS,INDAH KIAT,SUNGAI PAKNING,RIAU,2000,908476,UNKNOWN,UNKNOWN,UNKNOWN COUNTRY,QINGDAO,CHINA (MAINLAND)
2020,470329,SINAR MAS,INDAH KIAT,SUNGAI PAKNING,RIAU,2500,1135596,UNKNOWN,UNKNOWN,UNKNOWN COUNTRY,QINGDAO,CHINA (MAINLAND)
2020,470329,SINAR MAS,INDAH KIAT,SUNGAI PAKNING,RIAU,3000,1362715,UNKNOWN,UNKNOWN,UNKNOWN COUNTRY,QINGDAO,CHINA (MAINLAND)
2020,470329,SINAR MAS,INDAH KIAT,SUNGAI PAKNING,RIAU,2500,1135596,UNKNOWN,UNKNOWN,UNKNOWN COUNTRY,QINGDAO,CHINA (MAINLAND)
2020,470329,SINAR MAS,INDAH KIAT,SUNGAI PAKNING,RIAU,1000,460235,UNKNOWN,UNKNOWN,UNKNOWN COUNTRY,QINGDAO,CHINA (MAINLAND)
2020,470329,SINAR MAS,INDAH KIAT,SUNGAI PAKNING,RIAU,5000,2300000,UNKNOWN,UNKNOWN,UNKNOWN COUNTRY,ULSAN,SOUTH KOREA
2020,470329,SINAR MAS,INDAH KIAT,SUNGAI PAKNING,RIAU,5200,2392000,UNKNOWN,UNKNOWN,UNKNOWN COUNTRY,ULSAN,SOUTH KOREA
2020,470200,ROYAL GOLDEN EAGLE,APRIL,FUTONG,RIAU,506,202354,UNKNOWN,UNKNOWN,UNKNOWN COUNTRY,PORT KELANG,CHINA (MAINLAND)
2020,470200,ROYAL GOLDEN EAGLE,APRIL,FUTONG,RIAU,506,202483,UNKNOWN,UNKNOWN,UNKNOWN COUNTRY,PORT KELANG,CHINA (MAINLAND)
2020,470200,ROYAL GOLDEN EAGLE,APRIL,FUTONG,RIAU,506,202438,UNKNOWN,UNKNOWN,UNKNOWN COUNTRY,PORT KELANG,CHINA (MAINLAND)
2020,470329,SINAR MAS,OKI,SULTAN MAHMUD BADARUDDIN (U),SUMATERA SELATAN,750,337500,UNKNOWN,UNKNOWN,UNKNOWN COUNTRY,CHITTAGONG,BANGLADESH
2020,470329,SINAR MAS,OKI,SULTAN MAHMUD BADARUDDIN (U),SUMATERA SELATAN,750,337500,UNKNOWN,UNKNOWN,UNKNOWN COUNTRY,CHITTAGONG,BANGLADESH
2020,470329,SINAR MAS,OKI,SULTAN MAHMUD BADARUDDIN (U),SUMATERA SELATAN,6000,2700000,UNKNOWN,UNKNOWN,UNKNOWN COUNTRY,CHITTAGONG,BANGLADESH
2020,470329,SINAR MAS,OKI,SULTAN MAHMUD BADARUDDIN (U),SUMATERA SELATAN,2000,910972,UNKNOWN,UNKNOWN,UNKNOWN COUNTRY,QINGDAO,CHINA (MAINLAND)
2020,470329,SINAR MAS,OKI,SULTAN MAHMUD BADARUDDIN (U),SUMATERA SELATAN,2000,910972,UNKNOWN,UNKNOWN,UNKNOWN COUNTRY,TIANJIN,CHINA (MAINLAND)
2020,470329,SINAR MAS,OKI,SULTAN MAHMUD BADARUDDIN (U),SUMATERA SELATAN,2000,910972,UNKNOWN,UNKNOWN,UNKNOWN COUNTRY,TIANJIN,CHINA (MAINLAND)
2020,470329,SINAR MAS,OKI,SULTAN MAHMUD BADARUDDIN (U),SUMATERA SELATAN,1000,455486,UNKNOWN,UNKNOWN,UNKNOWN COUNTRY,TIANJIN,CHINA (MAINLAND)
2020,470329,SINAR MAS,OKI,SULTAN MAHMUD BADARUDDIN (U),SUMATERA SELATAN,2000,910972,UNKNOWN,UNKNOWN,UNKNOWN COUNTRY,TIANJIN,CHINA (MAINLAND)
2020,470329,SINAR MAS,OKI,SULTAN MAHMUD BADARUDDIN (U),SUMATERA SELATAN,1500,683229,UNKNOWN,UNKNOWN,UNKNOWN COUNTRY,TIANJIN,CHINA (MAINLAND)
2020,470329,MARUBENI,TANJUNG ENIM LESTARI,TARAHAN,SUMATERA SELATAN,1001,380780,UNKNOWN,UNKNOWN,UNKNOWN COUNTRY,XINGANG,CHINA (MAINLAND)
2020,470329,MARUBENI,TANJUNG ENIM LESTARI,TARAHAN,SUMATERA SELATAN,2000,789971,UNKNOWN,UNKNOWN,UNKNOWN COUNTRY,XINGANG,CHINA (MAINLAND)
2020,470329,MARUBENI,TANJUNG ENIM LESTARI,TARAHAN,SUMATERA SELATAN,1079,416699,UNKNOWN,UNKNOWN,UNKNOWN COUNTRY,XINGANG,CHINA (MAINLAND)
2020,470329,MARUBENI,TANJUNG ENIM LESTARI,TARAHAN,SUMATERA SELATAN,2158,833325,UNKNOWN,UNKNOWN,UNKNOWN COUNTRY,XINGANG,CHINA (MAINLAND)
2020,470329,MARUBENI,TANJUNG ENIM LESTARI,TARAHAN,SUMATERA SELATAN,539,208082,UNKNOWN,UNKNOWN,UNKNOWN COUNTRY,XINGANG,CHINA (MAINLAND)
2020,470329,MARUBENI,TANJUNG ENIM LESTARI,TARAHAN,SUMATERA SELATAN,900,346911,UNKNOWN,UNKNOWN,UNKNOWN COUNTRY,XINGANG,CHINA (MAINLAND)
2020,470329,MARUBENI,TANJUNG ENIM LESTARI,TARAHAN,SUMATERA SELATAN,521,211560,UNKNOWN,UNKNOWN,UNKNOWN COUNTRY,PYEONGTAEK,SOUTH KOREA
2020,470329,MARUBENI,TANJUNG ENIM LESTARI,TARAHAN,SUMATERA SELATAN,1566,636203,UNKNOWN,UNKNOWN,UNKNOWN COUNTRY,PYEONGTAEK,SOUTH KOREA
2020,470329,MARUBENI,TANJUNG ENIM LESTARI,TARAHAN,SUMATERA SELATAN,150,62298,UNKNOWN,UNKNOWN,UNKNOWN COUNTRY,PYEONGTAEK,SOUTH KOREA
2020,470329,MARUBENI,TANJUNG ENIM LESTARI,TARAHAN,SUMATERA SELATAN,299,124347,UNKNOWN,UNKNOWN,UNKNOWN COUNTRY,PYEONGTAEK,SOUTH KOREA
2020,470329,ROYAL GOLDEN EAGLE,APRIL,BUATAN,RIAU,402,110040,UNKNOWN,UNKNOWN,UNKNOWN COUNTRY,SINGAPORE,BANGLADESH
2020,470329,ROYAL GOLDEN EAGLE,APRIL,BUATAN,RIAU,100,27491,UNKNOWN,UNKNOWN,UNKNOWN COUNTRY,SINGAPORE,BANGLADESH
2020,470200,ROYAL GOLDEN EAGLE,APRIL,FUTONG,RIAU,506,202441,UNKNOWN,UNKNOWN,UNKNOWN COUNTRY,PORT KELANG,CHINA (MAINLAND)
2020,470200,ROYAL GOLDEN EAGLE,APRIL,FUTONG,RIAU,506,202455,UNKNOWN,UNKNOWN,UNKNOWN COUNTRY,PORT KELANG,CHINA (MAINLAND)
2020,470200,ROYAL GOLDEN EAGLE,APRIL,FUTONG,RIAU,506,202381,UNKNOWN,UNKNOWN,UNKNOWN COUNTRY,PORT KELANG,CHINA (MAINLAND)
2020,470200,ROYAL GOLDEN EAGLE,APRIL,FUTONG,RIAU,506,202306,UNKNOWN,UNKNOWN,UNKNOWN COUNTRY,PORT KELANG,CHINA (MAINLAND)
2020,470200,ROYAL GOLDEN EAGLE,APRIL,FUTONG,RIAU,506,202537,UNKNOWN,UNKNOWN,UNKNOWN COUNTRY,PORT KELANG,CHINA (MAINLAND)
2020,470200,ROYAL GOLDEN EAGLE,APRIL,FUTONG,RIAU,506,202455,UNKNOWN,UNKNOWN,UNKNOWN COUNTRY,PORT KELANG,CHINA (MAINLAND)
2020,470200,ROYAL GOLDEN EAGLE,APRIL,FUTONG,RIAU,506,202481,UNKNOWN,UNKNOWN,UNKNOWN COUNTRY,PORT KELANG,CHINA (MAINLAND)
2020,470329,SINAR MAS,INDAH KIAT,PERAWANG,RIAU,506,245616,UNKNOWN,UNKNOWN,UNKNOWN COUNTRY,CHITTAGONG,BANGLADESH
2020,470329,SINAR MAS,INDAH KIAT,PERAWANG,RIAU,1000,464361,UNKNOWN,UNKNOWN,UNKNOWN COUNTRY,NANSHA,CHINA (MAINLAND)
2020,470329,SINAR MAS,OKI,SULTAN MAHMUD BADARUDDIN (U),SUMATERA SELATAN,512,239030,UNKNOWN,UNKNOWN,UNKNOWN COUNTRY,SINGAPORE,CHINA (MAINLAND)
2020,470329,SINAR MAS,OKI,SULTAN MAHMUD BADARUDDIN (U),SUMATERA SELATAN,672,313727,UNKNOWN,UNKNOWN,UNKNOWN COUNTRY,SINGAPORE,CHINA (MAINLAND)
2020,470329,ROYAL GOLDEN EAGLE,APRIL,BUATAN,RIAU,100,32408,UNKNOWN,UNKNOWN,UNKNOWN COUNTRY,SINGAPORE,BANGLADESH
2020,470329,ROYAL GOLDEN EAGLE,APRIL,BUATAN,RIAU,502,137523,UNKNOWN,UNKNOWN,UNKNOWN COUNTRY,SINGAPORE,BANGLADESH
2020,470329,ROYAL GOLDEN EAGLE,APRIL,BUATAN,RIAU,301,82608,UNKNOWN,UNKNOWN,UNKNOWN COUNTRY,SINGAPORE,BANGLADESH
2020,470329,ROYAL GOLDEN EAGLE,APRIL,BUATAN,RIAU,60,16525,UNKNOWN,UNKNOWN,UNKNOWN COUNTRY,SINGAPORE,INDIA
2020,470200,ROYAL GOLDEN EAGLE,APRIL,FUTONG,RIAU,506,202585,UNKNOWN,UNKNOWN,UNKNOWN COUNTRY,PORT KELANG,CHINA (MAINLAND)
2020,470200,ROYAL GOLDEN EAGLE,APRIL,FUTONG,RIAU,506,202532,UNKNOWN,UNKNOWN,UNKNOWN COUNTRY,SINGAPORE,CHINA (MAINLAND)
2020,470200,ROYAL GOLDEN EAGLE,APRIL,FUTONG,RIAU,506,202579,UNKNOWN,UNKNOWN,UNKNOWN COUNTRY,SINGAPORE,CHINA (MAINLAND)
2020,470200,ROYAL GOLDEN EAGLE,APRIL,FUTONG,RIAU,506,202476,UNKNOWN,UNKNOWN,UNKNOWN COUNTRY,SINGAPORE,CHINA (MAINLAND)
2020,470200,ROYAL GOLDEN EAGLE,APRIL,FUTONG,RIAU,507,202699,UNKNOWN,UNKNOWN,UNKNOWN COUNTRY,SINGAPORE,CHINA (MAINLAND)
2020,470200,ROYAL GOLDEN EAGLE,APRIL,FUTONG,RIAU,506,202529,UNKNOWN,UNKNOWN,UNKNOWN COUNTRY,SINGAPORE,CHINA (MAINLAND)
2020,470200,ROYAL GOLDEN EAGLE,APRIL,FUTONG,RIAU,506,202496,UNKNOWN,UNKNOWN,UNKNOWN COUNTRY,SINGAPORE,CHINA (MAINLAND)
2020,470200,ROYAL GOLDEN EAGLE,APRIL,FUTONG,RIAU,506,202365,UNKNOWN,UNKNOWN,UNKNOWN COUNTRY,TANJUNG PELEPAS,CHINA (MAINLAND)
2020,470200,ROYAL GOLDEN EAGLE,APRIL,FUTONG,RIAU,506,202582,UNKNOWN,UNKNOWN,UNKNOWN COUNTRY,TANJUNG PELEPAS,CHINA (MAINLAND)
2020,470329,SINAR MAS,INDAH KIAT,PERAWANG,RIAU,1000,464361,UNKNOWN,UNKNOWN,UNKNOWN COUNTRY,NANSHA,CHINA (MAINLAND)
2020,470329,SINAR MAS,INDAH KIAT,PERAWANG,RIAU,1000,464361,UNKNOWN,UNKNOWN,UNKNOWN COUNTRY,NANSHA,CHINA (MAINLAND)
2020,470329,SINAR MAS,OKI,SULTAN MAHMUD BADARUDDIN (U),SUMATERA SELATAN,672,313727,UNKNOWN,UNKNOWN,UNKNOWN COUNTRY,SINGAPORE,CHINA (MAINLAND)
2020,470329,MARUBENI,TANJUNG ENIM LESTARI,TANJUNG PRIOK,SUMATERA SELATAN,1005,388052,UNKNOWN,UNKNOWN,UNKNOWN COUNTRY,YINGKOU,CHINA (MAINLAND)
2020,470329,ROYAL GOLDEN EAGLE,APRIL,BUATAN,RIAU,502,137653,UNKNOWN,UNKNOWN,UNKNOWN COUNTRY,SINGAPORE,BANGLADESH
2020,470329,ROYAL GOLDEN EAGLE,APRIL,BUATAN,RIAU,261,71637,UNKNOWN,UNKNOWN,UNKNOWN COUNTRY,SINGAPORE,INDIA
2020,470329,ROYAL GOLDEN EAGLE,APRIL,BUATAN,RIAU,121,33025,UNKNOWN,UNKNOWN,UNKNOWN COUNTRY,SINGAPORE,INDIA
2020,470329,MARUBENI,TANJUNG ENIM LESTARI,PANJANG,SUMATERA SELATAN,512,197632,UNKNOWN,UNKNOWN,UNKNOWN COUNTRY,CHONGQING,CHINA (MAINLAND)
2020,470200,ROYAL GOLDEN EAGLE,APRIL,FUTONG,RIAU,506,202410,UNKNOWN,UNKNOWN,UNKNOWN COUNTRY,PORT KELANG,CHINA (MAINLAND)
2020,470200,ROYAL GOLDEN EAGLE,APRIL,FUTONG,RIAU,506,202587,UNKNOWN,UNKNOWN,UNKNOWN COUNTRY,SINGAPORE,CHINA (MAINLAND)
2020,470200,ROYAL GOLDEN EAGLE,APRIL,FUTONG,RIAU,507,202720,UNKNOWN,UNKNOWN,UNKNOWN COUNTRY,SINGAPORE,CHINA (MAINLAND)
2020,470329,ROYAL GOLDEN EAGLE,APRIL,FUTONG,RIAU,502,137630,UNKNOWN,UNKNOWN,UNKNOWN COUNTRY,SINGAPORE,UNITED ARAB EMIRATES
2020,470329,SINAR MAS,INDAH KIAT,PERAWANG,RIAU,1000,464361,UNKNOWN,UNKNOWN,UNKNOWN COUNTRY,NANSHA,CHINA (MAINLAND)
2020,470329,SINAR MAS,OKI,SULTAN MAHMUD BADARUDDIN (U),SUMATERA SELATAN,2000,919572,UNKNOWN,UNKNOWN,UNKNOWN COUNTRY,CHANGSHU,CHINA (MAINLAND)
2020,470329,SINAR MAS,OKI,SULTAN MAHMUD BADARUDDIN (U),SUMATERA SELATAN,6000,2724300,UNKNOWN,UNKNOWN,UNKNOWN COUNTRY,CHANGSHU,CHINA (MAINLAND)
2020,470329,SINAR MAS,OKI,SULTAN MAHMUD BADARUDDIN (U),SUMATERA SELATAN,1000,459786,UNKNOWN,UNKNOWN,UNKNOWN COUNTRY,CHANGSHU,CHINA (MAINLAND)
2020,470329,SINAR MAS,OKI,SULTAN MAHMUD BADARUDDIN (U),SUMATERA SELATAN,2000,919572,UNKNOWN,UNKNOWN,UNKNOWN COUNTRY,CHANGSHU,CHINA (MAINLAND)
2020,470329,SINAR MAS,OKI,SULTAN MAHMUD BADARUDDIN (U),SUMATERA SELATAN,2000,919572,UNKNOWN,UNKNOWN,UNKNOWN COUNTRY,CHANGSHU,CHINA (MAINLAND)
2020,470329,SINAR MAS,OKI,SULTAN MAHMUD BADARUDDIN (U),SUMATERA SELATAN,2500,1149465,UNKNOWN,UNKNOWN,UNKNOWN COUNTRY,CHANGSHU,CHINA (MAINLAND)
2020,470329,ROYAL GOLDEN EAGLE,APRIL,BUATAN,RIAU,402,110045,UNKNOWN,UNKNOWN,UNKNOWN COUNTRY,SINGAPORE,BANGLADESH
2020,470329,ROYAL GOLDEN EAGLE,APRIL,BUATAN,RIAU,503,137793,UNKNOWN,UNKNOWN,UNKNOWN COUNTRY,SINGAPORE,BANGLADESH
2020,470329,ROYAL GOLDEN EAGLE,APRIL,BUATAN,RIAU,502,137628,UNKNOWN,UNKNOWN,UNKNOWN COUNTRY,SINGAPORE,BANGLADESH
2020,470329,ROYAL GOLDEN EAGLE,APRIL,BUATAN,RIAU,72,19859,UNKNOWN,UNKNOWN,UNKNOWN COUNTRY,SINGAPORE,TAIWAN
2020,470329,MARUBENI,TANJUNG ENIM LESTARI,PANJANG,SUMATERA SELATAN,506,202925,UNKNOWN,UNKNOWN,UNKNOWN COUNTRY,HUANGPU OLD PORT,CHINA (MAINLAND)
2020,470329,MARUBENI,TANJUNG ENIM LESTARI,PANJANG,SUMATERA SELATAN,1499,589727,UNKNOWN,UNKNOWN,UNKNOWN COUNTRY,XINHUI,CHINA (MAINLAND)
2020,470200,ROYAL GOLDEN EAGLE,APRIL,FUTONG,RIAU,486,194402,UNKNOWN,UNKNOWN,UNKNOWN COUNTRY,PORT KELANG,CHINA (MAINLAND)
2020,470200,ROYAL GOLDEN EAGLE,APRIL,FUTONG,RIAU,506,202497,UNKNOWN,UNKNOWN,UNKNOWN COUNTRY,PORT KELANG,CHINA (MAINLAND)
2020,470200,ROYAL GOLDEN EAGLE,APRIL,FUTONG,RIAU,506,202554,UNKNOWN,UNKNOWN,UNKNOWN COUNTRY,PORT KELANG,CHINA (MAINLAND)
2020,470200,ROYAL GOLDEN EAGLE,APRIL,FUTONG,RIAU,506,202435,UNKNOWN,UNKNOWN,UNKNOWN COUNTRY,PORT KELANG,CHINA (MAINLAND)
2020,470200,ROYAL GOLDEN EAGLE,APRIL,FUTONG,RIAU,506,202369,UNKNOWN,UNKNOWN,UNKNOWN COUNTRY,PORT KELANG,CHINA (MAINLAND)
2020,470200,ROYAL GOLDEN EAGLE,APRIL,FUTONG,RIAU,506,202485,UNKNOWN,UNKNOWN,UNKNOWN COUNTRY,PORT KELANG,CHINA (MAINLAND)
2020,470200,ROYAL GOLDEN EAGLE,APRIL,FUTONG,RIAU,506,202357,UNKNOWN,UNKNOWN,UNKNOWN COUNTRY,PORT KELANG,CHINA (MAINLAND)
2020,470200,ROYAL GOLDEN EAGLE,APRIL,FUTONG,RIAU,506,202478,UNKNOWN,UNKNOWN,UNKNOWN COUNTRY,SINGAPORE,CHINA (MAINLAND)
2020,470200,ROYAL GOLDEN EAGLE,APRIL,FUTONG,RIAU,506,202483,UNKNOWN,UNKNOWN,UNKNOWN COUNTRY,SINGAPORE,CHINA (MAINLAND)
2020,470329,ROYAL GOLDEN EAGLE,APRIL,FUTONG,RIAU,1004,275213,UNKNOWN,UNKNOWN,UNKNOWN COUNTRY,SINGAPORE,CHINA (MAINLAND)
2020,470329,SINAR MAS,INDAH KIAT,PERAWANG,RIAU,1060,508196,UNKNOWN,UNKNOWN,UNKNOWN COUNTRY,TUTICORIN,INDIA
2020,470329,SINAR MAS,OKI,SULTAN MAHMUD BADARUDDIN (U),SUMATERA SELATAN,1900,869033,UNKNOWN,UNKNOWN,UNKNOWN COUNTRY,HUANGPU,CHINA (MAINLAND)
2020,470329,SINAR MAS,OKI,SULTAN MAHMUD BADARUDDIN (U),SUMATERA SELATAN,3500,1605576,UNKNOWN,UNKNOWN,UNKNOWN COUNTRY,QINGDAO,CHINA (MAINLAND)
2020,470329,SINAR MAS,OKI,SULTAN MAHMUD BADARUDDIN (U),SUMATERA SELATAN,3000,1376208,UNKNOWN,UNKNOWN,UNKNOWN COUNTRY,QINGDAO,CHINA (MAINLAND)
2020,470329,SINAR MAS,OKI,SULTAN MAHMUD BADARUDDIN (U),SUMATERA SELATAN,2300,1055093,UNKNOWN,UNKNOWN,UNKNOWN COUNTRY,QINGDAO,CHINA (MAINLAND)
2020,470329,SINAR MAS,OKI,SULTAN MAHMUD BADARUDDIN (U),SUMATERA SELATAN,3000,1376208,UNKNOWN,UNKNOWN,UNKNOWN COUNTRY,QINGDAO,CHINA (MAINLAND)
2020,470329,SINAR MAS,OKI,SULTAN MAHMUD BADARUDDIN (U),SUMATERA SELATAN,600,275242,UNKNOWN,UNKNOWN,UNKNOWN COUNTRY,QINGDAO,CHINA (MAINLAND)
2020,470329,SINAR MAS,OKI,SULTAN MAHMUD BADARUDDIN (U),SUMATERA SELATAN,752,344322,UNKNOWN,UNKNOWN,UNKNOWN COUNTRY,SINGAPORE,CHINA (MAINLAND)
2020,470329,SINAR MAS,OKI,SULTAN MAHMUD BADARUDDIN (U),SUMATERA SELATAN,752,353252,UNKNOWN,UNKNOWN,UNKNOWN COUNTRY,SINGAPORE,CHINA (MAINLAND)
2020,470329,SINAR MAS,OKI,SULTAN MAHMUD BADARUDDIN (U),SUMATERA SELATAN,512,239030,UNKNOWN,UNKNOWN,UNKNOWN COUNTRY,SINGAPORE,CHINA (MAINLAND)
2020,470329,SINAR MAS,OKI,SULTAN MAHMUD BADARUDDIN (U),SUMATERA SELATAN,5000,2253250,UNKNOWN,UNKNOWN,UNKNOWN COUNTRY,HAIPHONG,VIETNAM
2020,470329,SINAR MAS,OKI,SULTAN MAHMUD BADARUDDIN (U),SUMATERA SELATAN,500,225325,UNKNOWN,UNKNOWN,UNKNOWN COUNTRY,HAIPHONG,VIETNAM
2020,470200,ROYAL GOLDEN EAGLE,APRIL,UNKNOWN,RIAU,506,202355,ROYAL GOLDEN EAGLE,APRIL FAR EAST MALAYSIA SDN BHD,MALAYSIA,SINGAPORE,CHINA (MAINLAND)
2020,470200,ROYAL GOLDEN EAGLE,APRIL,UNKNOWN,RIAU,506,202224,ROYAL GOLDEN EAGLE,APRIL FAR EAST MALAYSIA SDN BHD,MALAYSIA,SINGAPORE,CHINA (MAINLAND)
2020,470329,ROYAL GOLDEN EAGLE,APRIL,FUTONG,RIAU,3013,933971,ROYAL GOLDEN EAGLE,APRIL INTERNATIONAL ENTEPRISE PTE LTD,SINGAPORE,NINGBO,CHINA (MAINLAND)
2020,470329,ROYAL GOLDEN EAGLE,APRIL,FUTONG,RIAU,5225,1619701,ROYAL GOLDEN EAGLE,APRIL INTERNATIONAL ENTEPRISE PTE LTD,SINGAPORE,XINGANG,CHINA (MAINLAND)
2020,470329,ROYAL GOLDEN EAGLE,APRIL,FUTONG,RIAU,1806,559983,ROYAL GOLDEN EAGLE,APRIL INTERNATIONAL ENTEPRISE PTE LTD,SINGAPORE,IYOMISHIMA,JAPAN
2020,470329,MARUBENI,TANJUNG ENIM LESTARI,PANJANG,SUMATERA SELATAN,516,207940,MARUBENI,MARUBENI CORP,JAPAN,QINGDAO,CHINA (MAINLAND)
2020,470329,MARUBENI,TANJUNG ENIM LESTARI,PANJANG,SUMATERA SELATAN,1013,405061,MARUBENI,MARUBENI CORP,JAPAN,WUHAN,CHINA (MAINLAND)
2020,470329,SINAR MAS,INDAH KIAT,SUNGAI PAKNING,RIAU,3000,1384500,SINAR MAS,KING PAPER SOURCE TRADING (SHANGHAI) CO LTD,CHINA (MAINLAND),NINGBO,CHINA (MAINLAND)
2020,470329,SINAR MAS,INDAH KIAT,SUNGAI PAKNING,RIAU,7200,3322800,SINAR MAS,KING PAPER SOURCE TRADING (SHANGHAI) CO LTD,CHINA (MAINLAND),NINGBO,CHINA (MAINLAND)
2020,470200,ROYAL GOLDEN EAGLE,APRIL,UNKNOWN,RIAU,506,202549,ROYAL GOLDEN EAGLE,APRIL FAR EAST MALAYSIA SDN BHD,MALAYSIA,SINGAPORE,CHINA (MAINLAND)
2020,470200,ROYAL GOLDEN EAGLE,APRIL,UNKNOWN,RIAU,506,202495,ROYAL GOLDEN EAGLE,APRIL FAR EAST MALAYSIA SDN BHD,MALAYSIA,SINGAPORE,CHINA (MAINLAND)
2020,470200,ROYAL GOLDEN EAGLE,APRIL,UNKNOWN,RIAU,506,202478,ROYAL GOLDEN EAGLE,APRIL FAR EAST MALAYSIA SDN BHD,MALAYSIA,SINGAPORE,CHINA (MAINLAND)
2020,470200,ROYAL GOLDEN EAGLE,APRIL,UNKNOWN,RIAU,506,202410,ROYAL GOLDEN EAGLE,APRIL FAR EAST MALAYSIA SDN BHD,MALAYSIA,SINGAPORE,CHINA (MAINLAND)
2020,470200,ROYAL GOLDEN EAGLE,APRIL,UNKNOWN,RIAU,506,202236,ROYAL GOLDEN EAGLE,APRIL FAR EAST MALAYSIA SDN BHD,MALAYSIA,SINGAPORE,CHINA (MAINLAND)
2020,470200,ROYAL GOLDEN EAGLE,APRIL,UNKNOWN,RIAU,506,202372,ROYAL GOLDEN EAGLE,APRIL FAR EAST MALAYSIA SDN BHD,MALAYSIA,SINGAPORE,CHINA (MAINLAND)
2020,470329,ROYAL GOLDEN EAGLE,APRIL,FUTONG,RIAU,502,155622,ROYAL GOLDEN EAGLE,APRIL INTERNATIONAL ENTEPRISE PTE LTD,SINGAPORE,SINGAPORE,INDIA
2020,470329,ROYAL GOLDEN EAGLE,APRIL,FUTONG,RIAU,201,55074,ROYAL GOLDEN EAGLE,APRIL INTERNATIONAL ENTEPRISE PTE LTD,SINGAPORE,SINGAPORE,INDIA
2020,470329,SINAR MAS,LONTAR PAPYRUS,KUALA TUNGKAL,JAMBI,502,235955,GUANHAO HIGH TECH,GUANGDONG GUANHAO HIGH-TECH CO LTD,CHINA (MAINLAND),ZHANJIANG,CHINA (MAINLAND)
2020,470329,SINAR MAS,LONTAR PAPYRUS,KUALA TUNGKAL,JAMBI,242,113796,GUANHAO HIGH TECH,GUANGDONG GUANHAO HIGH-TECH CO LTD,CHINA (MAINLAND),ZHANJIANG,CHINA (MAINLAND)
2020,470329,SINAR MAS,LONTAR PAPYRUS,KUALA TUNGKAL,JAMBI,1003,471872,GUANHAO HIGH TECH,GUANGDONG GUANHAO HIGH-TECH CO LTD,CHINA (MAINLAND),ZHANJIANG,CHINA (MAINLAND)
2020,470329,SINAR MAS,LONTAR PAPYRUS,KUALA TUNGKAL,JAMBI,301,138477,UNKNOWN AFFILIATION,LINH AN TISSUE CO LTD,VIETNAM,HAIPHONG,VIETNAM
2020,470329,SINAR MAS,INDAH KIAT,PERAWANG,RIAU,1000,464361,UNKNOWN AFFILIATION,WANG KEI (MACAO COMMERCIAL OFFSHORE) TRADING LTD,CHINA (MAINLAND),NANSHA,CHINA (MAINLAND)
2020,470329,SINAR MAS,INDAH KIAT,PERAWANG,RIAU,600,275338,UNKNOWN AFFILIATION,MEDITERRANEAN PAPER CO,EGYPT,EL ISKANDARIYA (=ALEXANDRIA),EGYPT
2020,470329,SINAR MAS,INDAH KIAT,PERAWANG,RIAU,480,232504,UNKNOWN AFFILIATION,MAC-AAA FREIGHT & LOGISTICS LLC,UNITED ARAB EMIRATES,JEBEL ALI,UNITED ARAB EMIRATES
2020,470329,SINAR MAS,OKI,SULTAN MAHMUD BADARUDDIN (U),SUMATERA SELATAN,1500,688329,XIANMEN C&D,HONG KONG PAPER SOURCES CO LTD,CHINA (HONG KONG),TIANJIN,CHINA (MAINLAND)
2020,470329,SINAR MAS,OKI,SULTAN MAHMUD BADARUDDIN (U),SUMATERA SELATAN,1000,458886,XIANMEN C&D,HONG KONG PAPER SOURCES CO LTD,CHINA (HONG KONG),TIANJIN,CHINA (MAINLAND)
2020,470329,SINAR MAS,OKI,SULTAN MAHMUD BADARUDDIN (U),SUMATERA SELATAN,1500,688329,XIANMEN C&D,HONG KONG PAPER SOURCES CO LTD,CHINA (HONG KONG),TIANJIN,CHINA (MAINLAND)
2020,470329,SINAR MAS,OKI,SULTAN MAHMUD BADARUDDIN (U),SUMATERA SELATAN,800,367109,XIANMEN C&D,HONG KONG PAPER SOURCES CO LTD,CHINA (HONG KONG),TIANJIN,CHINA (MAINLAND)
2020,470329,SINAR MAS,OKI,SULTAN MAHMUD BADARUDDIN (U),SUMATERA SELATAN,2000,917772,XIANMEN C&D,HONG KONG PAPER SOURCES CO LTD,CHINA (HONG KONG),TIANJIN,CHINA (MAINLAND)
2020,470329,SINAR MAS,OKI,SULTAN MAHMUD BADARUDDIN (U),SUMATERA SELATAN,1200,550663,XIANMEN C&D,HONG KONG PAPER SOURCES CO LTD,CHINA (HONG KONG),TIANJIN,CHINA (MAINLAND)
2020,470329,SINAR MAS,OKI,SULTAN MAHMUD BADARUDDIN (U),SUMATERA SELATAN,2000,917772,XIANMEN C&D,HONG KONG PAPER SOURCES CO LTD,CHINA (HONG KONG),TIANJIN,CHINA (MAINLAND)
2020,470329,SINAR MAS,OKI,SULTAN MAHMUD BADARUDDIN (U),SUMATERA SELATAN,2000,917772,XIANMEN C&D,HONG KONG PAPER SOURCES CO LTD,CHINA (HONG KONG),TIANJIN,CHINA (MAINLAND)
2020,470329,SINAR MAS,INDAH KIAT,SUNGAI PAKNING,RIAU,3500,1615250,SINAR MAS,KING PAPER SOURCE TRADING (SHANGHAI) CO LTD,CHINA (MAINLAND),SHANGHAI,CHINA (MAINLAND)
2020,470329,SINAR MAS,INDAH KIAT,SUNGAI PAKNING,RIAU,500,230750,SINAR MAS,KING PAPER SOURCE TRADING (SHANGHAI) CO LTD,CHINA (MAINLAND),SHANGHAI,CHINA (MAINLAND)
2020,470329,SINAR MAS,INDAH KIAT,SUNGAI PAKNING,RIAU,3500,1615250,SINAR MAS,KING PAPER SOURCE TRADING (SHANGHAI) CO LTD,CHINA (MAINLAND),SHANGHAI,CHINA (MAINLAND)
2020,470329,SINAR MAS,INDAH KIAT,SUNGAI PAKNING,RIAU,2000,923000,SINAR MAS,KING PAPER SOURCE TRADING (SHANGHAI) CO LTD,CHINA (MAINLAND),SHANGHAI,CHINA (MAINLAND)
2020,470329,SINAR MAS,INDAH KIAT,SUNGAI PAKNING,RIAU,2500,1153750,SINAR MAS,KING PAPER SOURCE TRADING (SHANGHAI) CO LTD,CHINA (MAINLAND),SHANGHAI,CHINA (MAINLAND)
2020,470200,ROYAL GOLDEN EAGLE,APRIL,UNKNOWN,RIAU,506,202400,ROYAL GOLDEN EAGLE,APRIL FAR EAST MALAYSIA SDN BHD,MALAYSIA,SINGAPORE,CHINA (MAINLAND)
2020,470200,ROYAL GOLDEN EAGLE,APRIL,UNKNOWN,RIAU,506,202334,ROYAL GOLDEN EAGLE,APRIL FAR EAST MALAYSIA SDN BHD,MALAYSIA,SINGAPORE,CHINA (MAINLAND)
2020,470329,ROYAL GOLDEN EAGLE,APRIL,FUTONG,RIAU,161,44060,ROYAL GOLDEN EAGLE,APRIL INTERNATIONAL ENTEPRISE PTE LTD,SINGAPORE,SINGAPORE,INDIA
2020,470329,ROYAL GOLDEN EAGLE,APRIL,FUTONG,RIAU,100,27478,ROYAL GOLDEN EAGLE,APRIL INTERNATIONAL ENTEPRISE PTE LTD,SINGAPORE,SINGAPORE,INDIA
2020,470329,ROYAL GOLDEN EAGLE,APRIL,FUTONG,RIAU,502,137553,ROYAL GOLDEN EAGLE,APRIL INTERNATIONAL ENTEPRISE PTE LTD,SINGAPORE,SINGAPORE,UNITED ARAB EMIRATES
2020,470329,SINAR MAS,OKI,SULTAN MAHMUD BADARUDDIN (U),SUMATERA SELATAN,5500,2526623,UNKNOWN AFFILIATION,HONORS COMMODITY CO LTD,CHINA (MAINLAND),QINGDAO,CHINA (MAINLAND)
2020,470329,SINAR MAS,OKI,SULTAN MAHMUD BADARUDDIN (U),SUMATERA SELATAN,2000,918772,UNKNOWN AFFILIATION,NINGBO ETDZ HUIXING TRADE CO LTD,CHINA (MAINLAND),QINGDAO,CHINA (MAINLAND)
2020,470329,ROYAL GOLDEN EAGLE,APRIL,FUTONG,RIAU,2039,632109,ROYAL GOLDEN EAGLE,APRIL INTERNATIONAL ENTEPRISE PTE LTD,SINGAPORE,XIAMEN,CHINA (MAINLAND)
2020,470329,ROYAL GOLDEN EAGLE,APRIL,FUTONG,RIAU,5325,1650812,ROYAL GOLDEN EAGLE,APRIL FAR EAST MALAYSIA SDN BHD,MALAYSIA,GUNSAN,SOUTH KOREA
2020,470329,ROYAL GOLDEN EAGLE,APRIL,FUTONG,RIAU,2964,880948,ROYAL GOLDEN EAGLE,APRIL FAR EAST MALAYSIA SDN BHD,MALAYSIA,PYEONGTAEK,SOUTH KOREA
2020,470329,SINAR MAS,LONTAR PAPYRUS,KUALA TUNGKAL,JAMBI,1003,471654,GUANHAO HIGH TECH,GUANGDONG GUANHAO HIGH-TECH CO LTD,CHINA (MAINLAND),ZHANJIANG,CHINA (MAINLAND)
2020,470329,SINAR MAS,INDAH KIAT,PERAWANG,RIAU,1200,556914,UNKNOWN AFFILIATION,VINA PAPER CO LTD,VIETNAM,HAIPHONG,VIETNAM
2020,470329,MARUBENI,TANJUNG ENIM LESTARI,TANJUNG PRIOK,SUMATERA SELATAN,1523,594156,MARUBENI,MARUBENI CORP,JAPAN,XINHUI,CHINA (MAINLAND)
2020,470329,MARUBENI,TANJUNG ENIM LESTARI,TANJUNG PRIOK,SUMATERA SELATAN,98,40391,MARUBENI,MARUBENI CORP,JAPAN,SHIMIZU,JAPAN
2020,470329,MARUBENI,TANJUNG ENIM LESTARI,TANJUNG PRIOK,SUMATERA SELATAN,20,8056,MARUBENI,MARUBENI CORP,JAPAN,SHIMIZU,JAPAN
2020,470200,ROYAL GOLDEN EAGLE,APRIL,BUATAN,RIAU,20,8098,ROYAL GOLDEN EAGLE,APRIL FAR EAST MALAYSIA SDN BHD,MALAYSIA,SINGAPORE,CHINA (MAINLAND)
2020,470329,ROYAL GOLDEN EAGLE,APRIL,FUTONG,RIAU,502,155704,ROYAL GOLDEN EAGLE,APRIL INTERNATIONAL ENTEPRISE PTE LTD,SINGAPORE,SINGAPORE,BANGLADESH
2020,470329,ROYAL GOLDEN EAGLE,APRIL,FUTONG,RIAU,502,155660,ROYAL GOLDEN EAGLE,APRIL INTERNATIONAL ENTEPRISE PTE LTD,SINGAPORE,SINGAPORE,BANGLADESH
2020,470329,ROYAL GOLDEN EAGLE,APRIL,FUTONG,RIAU,502,155642,ROYAL GOLDEN EAGLE,APRIL INTERNATIONAL ENTEPRISE PTE LTD,SINGAPORE,SINGAPORE,BANGLADESH
2020,470329,ROYAL GOLDEN EAGLE,APRIL,FUTONG,RIAU,402,110175,ROYAL GOLDEN EAGLE,APRIL INTERNATIONAL ENTEPRISE PTE LTD,SINGAPORE,SINGAPORE,BANGLADESH
2020,470329,ROYAL GOLDEN EAGLE,APRIL,FUTONG,RIAU,1005,311658,ROYAL GOLDEN EAGLE,APRIL INTERNATIONAL ENTEPRISE PTE LTD,SINGAPORE,SINGAPORE,CHINA (MAINLAND)
2020,470329,ROYAL GOLDEN EAGLE,APRIL,FUTONG,RIAU,1004,311260,ROYAL GOLDEN EAGLE,APRIL INTERNATIONAL ENTEPRISE PTE LTD,SINGAPORE,SINGAPORE,CHINA (MAINLAND)
2020,470329,ROYAL GOLDEN EAGLE,APRIL,FUTONG,RIAU,201,62233,ROYAL GOLDEN EAGLE,APRIL INTERNATIONAL ENTEPRISE PTE LTD,SINGAPORE,SINGAPORE,INDIA
2020,470329,ROYAL GOLDEN EAGLE,APRIL,FUTONG,RIAU,60,16519,ROYAL GOLDEN EAGLE,APRIL INTERNATIONAL ENTEPRISE PTE LTD,SINGAPORE,SINGAPORE,INDIA
2020,470329,ROYAL GOLDEN EAGLE,APRIL,FUTONG,RIAU,61,18759,ROYAL GOLDEN EAGLE,APRIL INTERNATIONAL ENTEPRISE PTE LTD,SINGAPORE,SINGAPORE,INDIA
2020,470329,ROYAL GOLDEN EAGLE,APRIL,FUTONG,RIAU,696,215726,ROYAL GOLDEN EAGLE,APRIL INTERNATIONAL ENTEPRISE PTE LTD,SINGAPORE,SINGAPORE,LEBANON
2020,470329,ROYAL GOLDEN EAGLE,APRIL,FUTONG,RIAU,302,93490,ROYAL GOLDEN EAGLE,APRIL INTERNATIONAL ENTEPRISE PTE LTD,SINGAPORE,SINGAPORE,THAILAND
2020,470329,ROYAL GOLDEN EAGLE,APRIL,FUTONG,RIAU,904,280357,ROYAL GOLDEN EAGLE,APRIL INTERNATIONAL ENTEPRISE PTE LTD,SINGAPORE,SINGAPORE,VIETNAM
2020,470329,MARUBENI,TANJUNG ENIM LESTARI,PANJANG,SUMATERA SELATAN,1031,412260,MARUBENI,MARUBENI CORP,JAPAN,WUHAN,CHINA (MAINLAND)
2020,470329,MARUBENI,TANJUNG ENIM LESTARI,PANJANG,SUMATERA SELATAN,108,42444,MARUBENI,MARUBENI CORP,JAPAN,JAWAHARLAL NEHRU (NHAVA SHEVA),INDIA
2020,470329,SINAR MAS,INDAH KIAT,PERAWANG,RIAU,1000,464361,UNKNOWN AFFILIATION,WANG KEI (MACAO COMMERCIAL OFFSHORE) TRADING LTD,CHINA (MAINLAND),NANSHA,CHINA (MAINLAND)
2020,470329,SINAR MAS,INDAH KIAT,PERAWANG,RIAU,980,455074,UNKNOWN AFFILIATION,WANG KEI (MACAO COMMERCIAL OFFSHORE) TRADING LTD,CHINA (MAINLAND),NANSHA,CHINA (MAINLAND)
2020,470200,ROYAL GOLDEN EAGLE,APRIL,UNKNOWN,RIAU,506,202438,ROYAL GOLDEN EAGLE,APRIL FAR EAST MALAYSIA SDN BHD,MALAYSIA,SINGAPORE,CHINA (MAINLAND)
2020,470329,ROYAL GOLDEN EAGLE,APRIL,BUATAN,RIAU,181,49634,ROYAL GOLDEN EAGLE,APRIL INTERNATIONAL ENTEPRISE PTE LTD,SINGAPORE,SINGAPORE,INDIA
2020,470329,ROYAL GOLDEN EAGLE,APRIL,BUATAN,RIAU,502,155710,ROYAL GOLDEN EAGLE,APRIL INTERNATIONAL ENTEPRISE PTE LTD,SINGAPORE,SINGAPORE,UNITED ARAB EMIRATES
2020,470329,ROYAL GOLDEN EAGLE,APRIL,FUTONG,RIAU,503,137716,ROYAL GOLDEN EAGLE,APRIL INTERNATIONAL ENTEPRISE PTE LTD,SINGAPORE,SINGAPORE,BANGLADESH
2020,470329,SINAR MAS,LONTAR PAPYRUS,KUALA TUNGKAL,JAMBI,1003,451310,UNKNOWN AFFILIATION,KHANNA PAPER MILLS LTD,INDIA,PIPAVAV (VICTOR) PORT,INDIA
2020,470329,SINAR MAS,LONTAR PAPYRUS,KUALA TUNGKAL,JAMBI,1003,451162,UNKNOWN AFFILIATION,KHANNA PAPER MILLS LTD,INDIA,PIPAVAV (VICTOR) PORT,INDIA
2020,470329,SINAR MAS,LONTAR PAPYRUS,KUALA TUNGKAL,JAMBI,1005,452119,UNKNOWN AFFILIATION,KHANNA PAPER MILLS LTD,INDIA,PIPAVAV (VICTOR) PORT,INDIA
2020,470329,MARUBENI,TANJUNG ENIM LESTARI,PANJANG,SUMATERA SELATAN,516,208226,MARUBENI,MARUBENI CORP,JAPAN,QINGDAO,CHINA (MAINLAND)
2020,470329,SINAR MAS,OKI,SULTAN MAHMUD BADARUDDIN (U),SUMATERA SELATAN,4900,2251550,SINAR MAS,KING PAPER SOURCE TRADING (SHANGHAI) CO LTD,CHINA (MAINLAND),CHANGSHU,CHINA (MAINLAND)
2020,470329,SINAR MAS,OKI,SULTAN MAHMUD BADARUDDIN (U),SUMATERA SELATAN,5000,2316169,UNKNOWN AFFILIATION,QUZHOU WUZHOU SPECIAL PAPER CO LTD,CHINA (MAINLAND),CHANGSHU,CHINA (MAINLAND)
2020,470329,SINAR MAS,OKI,SULTAN MAHMUD BADARUDDIN (U),SUMATERA SELATAN,5000,2316169,UNKNOWN AFFILIATION,QUZHOU WUZHOU SPECIAL PAPER CO LTD,CHINA (MAINLAND),CHANGSHU,CHINA (MAINLAND)
2020,470329,SINAR MAS,OKI,SULTAN MAHMUD BADARUDDIN (U),SUMATERA SELATAN,3000,1377708,XIANMEN ITG,XIAMEN ITG GROUP CORP LTD,CHINA (MAINLAND),CHANGSHU,CHINA (MAINLAND)
2020,470329,SINAR MAS,OKI,SULTAN MAHMUD BADARUDDIN (U),SUMATERA SELATAN,1500,694851,XIANMEN ITG,XIAMEN ITG GROUP CORP LTD,CHINA (MAINLAND),CHANGSHU,CHINA (MAINLAND)
2020,470329,SINAR MAS,OKI,SULTAN MAHMUD BADARUDDIN (U),SUMATERA SELATAN,7000,3214652,UNKNOWN AFFILIATION,XIAMEN PORT TRADING CO LTD,CHINA (MAINLAND),CHANGSHU,CHINA (MAINLAND)
2020,470329,SINAR MAS,OKI,SULTAN MAHMUD BADARUDDIN (U),SUMATERA SELATAN,2000,918472,XIANMEN ITG,POINTER INVESTMENT (HK) LTD,CHINA (HONG KONG),CHANGSHU,CHINA (MAINLAND)
2020,470329,SINAR MAS,OKI,SULTAN MAHMUD BADARUDDIN (U),SUMATERA SELATAN,1500,688854,XIANMEN ITG,POINTER INVESTMENT (HK) LTD,CHINA (HONG KONG),CHANGSHU,CHINA (MAINLAND)
2020,470329,SINAR MAS,INDAH KIAT,PERAWANG,RIAU,1012,518216,UNKNOWN AFFILIATION,AMBER SUPER PAPER LIMITED,BANGLADESH,CHITTAGONG,BANGLADESH
2020,470329,SINAR MAS,INDAH KIAT,PERAWANG,RIAU,200,92346,SINAR MAS,GOLDEN PROFIT TRADING PTE LTD,SINGAPORE,HAIPHONG,VIETNAM
2020,470329,SINAR MAS,INDAH KIAT,PERAWANG,RIAU,200,91679,RENGO,VINA KRAFT PAPER CO LTD,VIETNAM,CAT LAI,VIETNAM
2020,470329,SINAR MAS,OKI,SULTAN MAHMUD BADARUDDIN (U),SUMATERA SELATAN,200,90830,SINAR MAS,KING PAPER SOURCE TRADING (SHANGHAI) CO LTD,CHINA (MAINLAND),NINGBO,CHINA (MAINLAND)
2020,470329,SINAR MAS,OKI,SULTAN MAHMUD BADARUDDIN (U),SUMATERA SELATAN,5000,2274444,UNKNOWN AFFILIATION,QUZHOU WUZHOU SPECIAL PAPER CO LTD,CHINA (MAINLAND),NINGBO,CHINA (MAINLAND)
2020,470329,SINAR MAS,OKI,SULTAN MAHMUD BADARUDDIN (U),SUMATERA SELATAN,5000,2274444,UNKNOWN AFFILIATION,QUZHOU WUZHOU SPECIAL PAPER CO LTD,CHINA (MAINLAND),NINGBO,CHINA (MAINLAND)
2020,470200,ROYAL GOLDEN EAGLE,TOBA PULP LESTARI,BELAWAN,SUMATERA UTARA,501,274796,ROYAL GOLDEN EAGLE,DP MARKETING INTERNATIONAL,MACAO,LIANYUNGANG,CHINA (MAINLAND)
2020,470200,ROYAL GOLDEN EAGLE,TOBA PULP LESTARI,BELAWAN,SUMATERA UTARA,502,275064,ROYAL GOLDEN EAGLE,DP MARKETING INTERNATIONAL,MACAO,QINGDAO,CHINA (MAINLAND)
2020,470329,ROYAL GOLDEN EAGLE,APRIL,FUTONG,RIAU,301,82589,ROYAL GOLDEN EAGLE,APRIL INTERNATIONAL ENTEPRISE PTE LTD,SINGAPORE,SINGAPORE,BANGLADESH
2020,470329,ROYAL GOLDEN EAGLE,APRIL,FUTONG,RIAU,1507,467203,ROYAL GOLDEN EAGLE,APRIL INTERNATIONAL ENTEPRISE PTE LTD,SINGAPORE,SINGAPORE,CHINA (MAINLAND)
2020,470329,ROYAL GOLDEN EAGLE,APRIL,FUTONG,RIAU,502,155753,ROYAL GOLDEN EAGLE,APRIL INTERNATIONAL ENTEPRISE PTE LTD,SINGAPORE,SINGAPORE,INDIA
2020,470329,ROYAL GOLDEN EAGLE,APRIL,FUTONG,RIAU,40,11017,ROYAL GOLDEN EAGLE,APRIL INTERNATIONAL ENTEPRISE PTE LTD,SINGAPORE,SINGAPORE,INDIA
2020,470329,ROYAL GOLDEN EAGLE,APRIL,FUTONG,RIAU,201,62396,ROYAL GOLDEN EAGLE,APRIL INTERNATIONAL ENTEPRISE PTE LTD,SINGAPORE,SINGAPORE,INDIA
2020,470329,ROYAL GOLDEN EAGLE,APRIL,FUTONG,RIAU,201,62308,ROYAL GOLDEN EAGLE,APRIL INTERNATIONAL ENTEPRISE PTE LTD,SINGAPORE,SINGAPORE,INDIA
2020,470329,SINAR MAS,LONTAR PAPYRUS,KUALA TUNGKAL,JAMBI,1003,451366,UNKNOWN AFFILIATION,KHANNA PAPER MILLS LTD,INDIA,PIPAVAV (VICTOR) PORT,INDIA
2020,470329,SINAR MAS,LONTAR PAPYRUS,KUALA TUNGKAL,JAMBI,502,226036,UNKNOWN AFFILIATION,KHANNA PAPER MILLS LTD,INDIA,PIPAVAV (VICTOR) PORT,INDIA
2020,470329,SINAR MAS,LONTAR PAPYRUS,KUALA TUNGKAL,JAMBI,1004,451674,UNKNOWN AFFILIATION,KHANNA PAPER MILLS LTD,INDIA,PIPAVAV (VICTOR) PORT,INDIA
2020,470329,MARUBENI,TANJUNG ENIM LESTARI,PANJANG,SUMATERA SELATAN,1005,402004,MARUBENI,MARUBENI CORP,JAPAN,NINGBO,CHINA (MAINLAND)
2020,470329,SINAR MAS,OKI,SULTAN MAHMUD BADARUDDIN (U),SUMATERA SELATAN,1850,848939,UNKNOWN AFFILIATION,HONORS COMMODITY CO LTD,CHINA (MAINLAND),QINGDAO,CHINA (MAINLAND)
2020,470329,SINAR MAS,OKI,SULTAN MAHMUD BADARUDDIN (U),SUMATERA SELATAN,624,291317,UNKNOWN AFFILIATION,ZHEJIANG ZHONGCHUN NEW MATERIAL CO LTD,CHINA (MAINLAND),SINGAPORE,CHINA (MAINLAND)
2020,470329,SINAR MAS,OKI,SULTAN MAHMUD BADARUDDIN (U),SUMATERA SELATAN,1008,470590,UNKNOWN AFFILIATION,ZHEJIANG ZHONGCHUN NEW MATERIAL CO LTD,CHINA (MAINLAND),SINGAPORE,CHINA (MAINLAND)
2020,470329,SINAR MAS,OKI,SULTAN MAHMUD BADARUDDIN (U),SUMATERA SELATAN,576,266484,UNKNOWN AFFILIATION,ZHEJIANG ZHONGCHUN NEW MATERIAL CO LTD,CHINA (MAINLAND),SINGAPORE,CHINA (MAINLAND)
2020,470329,SINAR MAS,OKI,SULTAN MAHMUD BADARUDDIN (U),SUMATERA SELATAN,3000,1364665,CHINA UNION,CHINA UNION (MACAO COMMERCIAL OFFSHORE) CO LTD,MACAO,QINGDAO,CHINA (MAINLAND)
2020,470329,SINAR MAS,OKI,SULTAN MAHMUD BADARUDDIN (U),SUMATERA SELATAN,2150,978010,CHINA UNION,CHINA UNION (MACAO COMMERCIAL OFFSHORE) CO LTD,MACAO,QINGDAO,CHINA (MAINLAND)
2020,470329,SINAR MAS,INDAH KIAT,SUNGAI PAKNING,RIAU,5200,2399800,SINAR MAS,KING PAPER SOURCE TRADING (SHANGHAI) CO LTD,CHINA (MAINLAND),DAGANG,CHINA (MAINLAND)
2020,470329,SINAR MAS,INDAH KIAT,SUNGAI PAKNING,RIAU,5100,2353650,SINAR MAS,KING PAPER SOURCE TRADING (SHANGHAI) CO LTD,CHINA (MAINLAND),DAGANG,CHINA (MAINLAND)
2020,470200,ROYAL GOLDEN EAGLE,APRIL,UNKNOWN,RIAU,506,202511,ROYAL GOLDEN EAGLE,APRIL FAR EAST MALAYSIA SDN BHD,MALAYSIA,SINGAPORE,CHINA (MAINLAND)
2020,470200,ROYAL GOLDEN EAGLE,APRIL,BUATAN,RIAU,20,8056,ROYAL GOLDEN EAGLE,APRIL FAR EAST MALAYSIA SDN BHD,MALAYSIA,SINGAPORE,CHINA (MAINLAND)
2020,470329,ROYAL GOLDEN EAGLE,APRIL,FUTONG,RIAU,502,155719,ROYAL GOLDEN EAGLE,APRIL INTERNATIONAL ENTEPRISE PTE LTD,SINGAPORE,SINGAPORE,CHINA (MAINLAND)
2020,470329,ROYAL GOLDEN EAGLE,APRIL,FUTONG,RIAU,503,155845,ROYAL GOLDEN EAGLE,APRIL INTERNATIONAL ENTEPRISE PTE LTD,SINGAPORE,SINGAPORE,CHINA (MAINLAND)
2020,470329,ROYAL GOLDEN EAGLE,APRIL,FUTONG,RIAU,201,62311,ROYAL GOLDEN EAGLE,APRIL INTERNATIONAL ENTEPRISE PTE LTD,SINGAPORE,SINGAPORE,THAILAND
2020,470329,SINAR MAS,INDAH KIAT,PERAWANG,RIAU,1000,467625,SINAR MAS,KING PAPER SOURCE TRADING (SHANGHAI) CO LTD,CHINA (MAINLAND),DALIAN,CHINA (MAINLAND)
2020,470329,SINAR MAS,OKI,SULTAN MAHMUD BADARUDDIN (U),SUMATERA SELATAN,706,320692,CHINA UNION,CHINA UNION (MACAO COMMERCIAL OFFSHORE) CO LTD,MACAO,QINGDAO,CHINA (MAINLAND)
2020,470329,SINAR MAS,OKI,SULTAN MAHMUD BADARUDDIN (U),SUMATERA SELATAN,3000,1362715,CHINA UNION,CHINA UNION (MACAO COMMERCIAL OFFSHORE) CO LTD,MACAO,QINGDAO,CHINA (MAINLAND)
2020,470329,SINAR MAS,OKI,SULTAN MAHMUD BADARUDDIN (U),SUMATERA SELATAN,3000,1362715,CHINA UNION,CHINA UNION (MACAO COMMERCIAL OFFSHORE) CO LTD,MACAO,QINGDAO,CHINA (MAINLAND)
2020,470329,SINAR MAS,OKI,SULTAN MAHMUD BADARUDDIN (U),SUMATERA SELATAN,3000,1362715,CHINA UNION,CHINA UNION (MACAO COMMERCIAL OFFSHORE) CO LTD,MACAO,QINGDAO,CHINA (MAINLAND)
2020,470200,ROYAL GOLDEN EAGLE,APRIL,UNKNOWN,RIAU,506,202469,ROYAL GOLDEN EAGLE,APRIL FAR EAST MALAYSIA SDN BHD,MALAYSIA,PORT KELANG,CHINA (MAINLAND)
2020,470200,ROYAL GOLDEN EAGLE,APRIL,UNKNOWN,RIAU,506,202420,ROYAL GOLDEN EAGLE,APRIL FAR EAST MALAYSIA SDN BHD,MALAYSIA,PORT KELANG,CHINA (MAINLAND)
2020,470200,ROYAL GOLDEN EAGLE,APRIL,UNKNOWN,RIAU,506,202412,ROYAL GOLDEN EAGLE,APRIL FAR EAST MALAYSIA SDN BHD,MALAYSIA,PORT KELANG,CHINA (MAINLAND)
2020,470200,ROYAL GOLDEN EAGLE,APRIL,UNKNOWN,RIAU,505,202173,ROYAL GOLDEN EAGLE,APRIL FAR EAST MALAYSIA SDN BHD,MALAYSIA,PORT KELANG,CHINA (MAINLAND)
2020,470329,ROYAL GOLDEN EAGLE,APRIL,FUTONG,RIAU,9829,3018067,ROYAL GOLDEN EAGLE,APRIL INTERNATIONAL ENTEPRISE PTE LTD,SINGAPORE,CHANGSHU,CHINA (MAINLAND)
2020,470329,ROYAL GOLDEN EAGLE,APRIL,FUTONG,RIAU,2051,632733,ROYAL GOLDEN EAGLE,APRIL INTERNATIONAL ENTEPRISE PTE LTD,SINGAPORE,ZHANJIANG,CHINA (MAINLAND)
2020,470329,SINAR MAS,OKI,SULTAN MAHMUD BADARUDDIN (U),SUMATERA SELATAN,1008,466348,UNKNOWN AFFILIATION,ZHEJIANG ZHONGCHUN NEW MATERIAL CO LTD,CHINA (MAINLAND),SINGAPORE,CHINA (MAINLAND)
2020,470329,ROYAL GOLDEN EAGLE,APRIL,BUATAN,RIAU,301,93388,ROYAL GOLDEN EAGLE,APRIL INTERNATIONAL ENTEPRISE PTE LTD,SINGAPORE,SINGAPORE,PAKISTAN
2020,470329,SINAR MAS,OKI,SULTAN MAHMUD BADARUDDIN (U),SUMATERA SELATAN,3000,1377408,XIANMEN ITG,XIAMEN ITG GROUP CORP LTD,CHINA (MAINLAND),HUANGPU,CHINA (MAINLAND)
2020,470329,SINAR MAS,OKI,SULTAN MAHMUD BADARUDDIN (U),SUMATERA SELATAN,100,45914,XIANMEN ITG,XIAMEN ITG GROUP CORP LTD,CHINA (MAINLAND),HUANGPU,CHINA (MAINLAND)
2020,470329,SINAR MAS,OKI,SULTAN MAHMUD BADARUDDIN (U),SUMATERA SELATAN,2000,918272,XIANMEN ITG,POINTER INVESTMENT (HK) LTD,CHINA (HONG KONG),HUANGPU,CHINA (MAINLAND)
2020,470329,SINAR MAS,OKI,SULTAN MAHMUD BADARUDDIN (U),SUMATERA SELATAN,2000,918272,XIANMEN ITG,POINTER INVESTMENT (HK) LTD,CHINA (HONG KONG),HUANGPU,CHINA (MAINLAND)
2020,470329,SINAR MAS,OKI,SULTAN MAHMUD BADARUDDIN (U),SUMATERA SELATAN,1500,688704,XIANMEN ITG,POINTER INVESTMENT (HK) LTD,CHINA (HONG KONG),HUANGPU,CHINA (MAINLAND)
2020,470329,SINAR MAS,OKI,SULTAN MAHMUD BADARUDDIN (U),SUMATERA SELATAN,1000,459136,XIANMEN ITG,POINTER INVESTMENT (HK) LTD,CHINA (HONG KONG),HUANGPU,CHINA (MAINLAND)
2020,470329,MARUBENI,TANJUNG ENIM LESTARI,TANJUNG PRIOK,SUMATERA SELATAN,317,123092,MARUBENI,MARUBENI CORP,JAPAN,QINGDAO,CHINA (MAINLAND)
2020,470329,MARUBENI,TANJUNG ENIM LESTARI,TANJUNG PRIOK,SUMATERA SELATAN,996,399128,MARUBENI,MARUBENI CORP,JAPAN,SHIMIZU,JAPAN
2020,470200,ROYAL GOLDEN EAGLE,APRIL,UNKNOWN,RIAU,505,202170,ROYAL GOLDEN EAGLE,APRIL FAR EAST MALAYSIA SDN BHD,MALAYSIA,PORT KELANG,CHINA (MAINLAND)
2020,470200,ROYAL GOLDEN EAGLE,APRIL,UNKNOWN,RIAU,505,201902,ROYAL GOLDEN EAGLE,APRIL FAR EAST MALAYSIA SDN BHD,MALAYSIA,PORT KELANG,CHINA (MAINLAND)
2020,470329,ROYAL GOLDEN EAGLE,APRIL,FUTONG,RIAU,502,155720,ROYAL GOLDEN EAGLE,APRIL INTERNATIONAL ENTEPRISE PTE LTD,SINGAPORE,SINGAPORE,BANGLADESH
2020,470329,ROYAL GOLDEN EAGLE,APRIL,FUTONG,RIAU,402,124616,ROYAL GOLDEN EAGLE,APRIL INTERNATIONAL ENTEPRISE PTE LTD,SINGAPORE,SINGAPORE,BANGLADESH
2020,470329,ROYAL GOLDEN EAGLE,APRIL,FUTONG,RIAU,1006,311732,ROYAL GOLDEN EAGLE,APRIL INTERNATIONAL ENTEPRISE PTE LTD,SINGAPORE,SINGAPORE,BANGLADESH
2020,470329,ROYAL GOLDEN EAGLE,APRIL,FUTONG,RIAU,502,155762,ROYAL GOLDEN EAGLE,APRIL INTERNATIONAL ENTEPRISE PTE LTD,SINGAPORE,SINGAPORE,BANGLADESH
2020,470329,ROYAL GOLDEN EAGLE,APRIL,FUTONG,RIAU,503,155804,ROYAL GOLDEN EAGLE,APRIL INTERNATIONAL ENTEPRISE PTE LTD,SINGAPORE,SINGAPORE,BANGLADESH
2020,470329,ROYAL GOLDEN EAGLE,APRIL,FUTONG,RIAU,101,31160,ROYAL GOLDEN EAGLE,APRIL INTERNATIONAL ENTEPRISE PTE LTD,SINGAPORE,SINGAPORE,INDIA
2020,470329,ROYAL GOLDEN EAGLE,APRIL,FUTONG,RIAU,161,49789,ROYAL GOLDEN EAGLE,APRIL INTERNATIONAL ENTEPRISE PTE LTD,SINGAPORE,SINGAPORE,VIETNAM
2020,470329,ROYAL GOLDEN EAGLE,APRIL,FUTONG,RIAU,161,44057,ROYAL GOLDEN EAGLE,APRIL INTERNATIONAL ENTEPRISE PTE LTD,SINGAPORE,SINGAPORE,VIETNAM
2020,470329,SINAR MAS,LONTAR PAPYRUS,KUALA TUNGKAL,JAMBI,1004,472221,GUANHAO HIGH TECH,GUANGDONG GUANHAO HIGH-TECH CO LTD,CHINA (MAINLAND),ZHANJIANG,CHINA (MAINLAND)
2020,470329,SINAR MAS,LONTAR PAPYRUS,KUALA TUNGKAL,JAMBI,1004,472201,GUANHAO HIGH TECH,GUANGDONG GUANHAO HIGH-TECH CO LTD,CHINA (MAINLAND),ZHANJIANG,CHINA (MAINLAND)
2020,470329,SINAR MAS,LONTAR PAPYRUS,KUALA TUNGKAL,JAMBI,502,236241,GUANHAO HIGH TECH,GUANGDONG GUANHAO HIGH-TECH CO LTD,CHINA (MAINLAND),ZHANJIANG,CHINA (MAINLAND)
2020,470329,SINAR MAS,LONTAR PAPYRUS,KUALA TUNGKAL,JAMBI,1004,472063,GUANHAO HIGH TECH,GUANGDONG GUANHAO HIGH-TECH CO LTD,CHINA (MAINLAND),ZHANJIANG,CHINA (MAINLAND)
2020,470329,MARUBENI,TANJUNG ENIM LESTARI,PANJANG,SUMATERA SELATAN,97,41007,MARUBENI,MARUBENI CORP,JAPAN,TOMAKOMAI,JAPAN
2020,470329,SINAR MAS,OKI,SULTAN MAHMUD BADARUDDIN (U),SUMATERA SELATAN,2500,1125000,EMAMI,EMAMI PAPER MILLS LTD,INDIA,HALDIA,INDIA
2020,470329,SINAR MAS,OKI,SULTAN MAHMUD BADARUDDIN (U),SUMATERA SELATAN,3500,1575000,EMAMI,EMAMI PAPER MILLS LTD,INDIA,HALDIA,INDIA
2020,470329,SINAR MAS,OKI,SULTAN MAHMUD BADARUDDIN (U),SUMATERA SELATAN,1500,675000,EMAMI,EMAMI PAPER MILLS LTD,INDIA,HALDIA,INDIA
2020,470200,ROYAL GOLDEN EAGLE,APRIL,UNKNOWN,RIAU,506,202494,ROYAL GOLDEN EAGLE,APRIL FAR EAST MALAYSIA SDN BHD,MALAYSIA,PORT KELANG,CHINA (MAINLAND)
2020,470200,ROYAL GOLDEN EAGLE,APRIL,UNKNOWN,RIAU,506,202372,ROYAL GOLDEN EAGLE,APRIL FAR EAST MALAYSIA SDN BHD,MALAYSIA,PORT KELANG,CHINA (MAINLAND)
2020,470200,ROYAL GOLDEN EAGLE,APRIL,UNKNOWN,RIAU,506,202248,ROYAL GOLDEN EAGLE,APRIL FAR EAST MALAYSIA SDN BHD,MALAYSIA,PORT KELANG,CHINA (MAINLAND)
2020,470200,ROYAL GOLDEN EAGLE,APRIL,UNKNOWN,RIAU,289,115740,ROYAL GOLDEN EAGLE,APRIL FAR EAST MALAYSIA SDN BHD,MALAYSIA,PORT KELANG,CHINA (MAINLAND)
2020,470200,ROYAL GOLDEN EAGLE,APRIL,UNKNOWN,RIAU,203,81040,ROYAL GOLDEN EAGLE,APRIL FAR EAST MALAYSIA SDN BHD,MALAYSIA,PORT KELANG,CHINA (MAINLAND)
2020,470200,ROYAL GOLDEN EAGLE,APRIL,BUATAN,RIAU,506,202344,ROYAL GOLDEN EAGLE,APRIL FAR EAST MALAYSIA SDN BHD,MALAYSIA,SINGAPORE,CHINA (MAINLAND)
2020,470329,ROYAL GOLDEN EAGLE,APRIL,BUATAN,RIAU,302,93493,ROYAL GOLDEN EAGLE,APRIL INTERNATIONAL ENTEPRISE PTE LTD,SINGAPORE,SINGAPORE,SAUDI ARABIA
2020,470329,ROYAL GOLDEN EAGLE,APRIL,FUTONG,RIAU,402,124558,ROYAL GOLDEN EAGLE,APRIL INTERNATIONAL ENTEPRISE PTE LTD,SINGAPORE,SINGAPORE,BANGLADESH
2020,470329,ROYAL GOLDEN EAGLE,APRIL,FUTONG,RIAU,502,155577,ROYAL GOLDEN EAGLE,APRIL INTERNATIONAL ENTEPRISE PTE LTD,SINGAPORE,SINGAPORE,BANGLADESH
2020,470329,ROYAL GOLDEN EAGLE,APRIL,FUTONG,RIAU,10268,3121643,ROYAL GOLDEN EAGLE,APRIL INTERNATIONAL ENTEPRISE PTE LTD,SINGAPORE,CHANGSHU,CHINA (MAINLAND)
2020,470329,ROYAL GOLDEN EAGLE,APRIL,FUTONG,RIAU,3297,903478,ROYAL GOLDEN EAGLE,APRIL INTERNATIONAL ENTEPRISE PTE LTD,SINGAPORE,NANSHA,CHINA (MAINLAND)
2020,470329,ROYAL GOLDEN EAGLE,APRIL,FUTONG,RIAU,20,6221,ROYAL GOLDEN EAGLE,APRIL FINE PAPER TRADING MIDDLE EAST,UNITED ARAB EMIRATES,SINGAPORE,KENYA
2020,470329,MARUBENI,TANJUNG ENIM LESTARI,PANJANG,SUMATERA SELATAN,531,210038,MARUBENI,MARUBENI CORP,JAPAN,CHONGQING,CHINA (MAINLAND)
2020,470329,MARUBENI,TANJUNG ENIM LESTARI,PANJANG,SUMATERA SELATAN,538,220323,MARUBENI,MARUBENI CORP,JAPAN,WUHAN,CHINA (MAINLAND)
2020,470329,MARUBENI,TANJUNG ENIM LESTARI,PANJANG,SUMATERA SELATAN,192,74655,MARUBENI,MARUBENI CORP,JAPAN,JAWAHARLAL NEHRU (NHAVA SHEVA),INDIA
2020,470329,SINAR MAS,INDAH KIAT,PERAWANG,RIAU,1012,489116,UNKNOWN AFFILIATION,AMBER SUPER PAPER LIMITED,BANGLADESH,CHITTAGONG,BANGLADESH
2020,470329,SINAR MAS,INDAH KIAT,PERAWANG,RIAU,506,244558,CREATIVE,CREATIVE PAPER MILLS LTD,BANGLADESH,CHITTAGONG,BANGLADESH
2020,470329,SINAR MAS,INDAH KIAT,PERAWANG,RIAU,1000,464361,UNKNOWN AFFILIATION,WANG KEI (MACAO COMMERCIAL OFFSHORE) TRADING LTD,CHINA (MAINLAND),NANSHA,CHINA (MAINLAND)
2020,470329,SINAR MAS,INDAH KIAT,PERAWANG,RIAU,1000,463362,XIANMEN ITG,POINTER INVESTMENT (HK) LTD,CHINA (HONG KONG),XIAMEN,CHINA (MAINLAND)
2020,470200,ROYAL GOLDEN EAGLE,APRIL,UNKNOWN,RIAU,506,202432,ROYAL GOLDEN EAGLE,APRIL FAR EAST MALAYSIA SDN BHD,MALAYSIA,PORT KELANG,CHINA (MAINLAND)
2020,470200,ROYAL GOLDEN EAGLE,APRIL,UNKNOWN,RIAU,506,202576,ROYAL GOLDEN EAGLE,APRIL FAR EAST MALAYSIA SDN BHD,MALAYSIA,SINGAPORE,CHINA (MAINLAND)
2020,470329,ROYAL GOLDEN EAGLE,APRIL,FUTONG,RIAU,502,155613,ROYAL GOLDEN EAGLE,APRIL INTERNATIONAL ENTEPRISE PTE LTD,SINGAPORE,SINGAPORE,VIETNAM
2020,470329,ROYAL GOLDEN EAGLE,APRIL,FUTONG,RIAU,301,82611,ROYAL GOLDEN EAGLE,APRIL INTERNATIONAL ENTEPRISE PTE LTD,SINGAPORE,SINGAPORE,VIETNAM
2020,470329,SINAR MAS,LONTAR PAPYRUS,KUALA TUNGKAL,JAMBI,1004,451863,UNKNOWN AFFILIATION,KHANNA PAPER MILLS LTD,INDIA,PIPAVAV (VICTOR) PORT,INDIA
2020,470329,SINAR MAS,LONTAR PAPYRUS,KUALA TUNGKAL,JAMBI,1004,451646,UNKNOWN AFFILIATION,KHANNA PAPER MILLS LTD,INDIA,PIPAVAV (VICTOR) PORT,INDIA
2020,470329,SINAR MAS,LONTAR PAPYRUS,KUALA TUNGKAL,JAMBI,1004,451665,UNKNOWN AFFILIATION,KHANNA PAPER MILLS LTD,INDIA,PIPAVAV (VICTOR) PORT,INDIA
2020,470329,MARUBENI,TANJUNG ENIM LESTARI,PANJANG,SUMATERA SELATAN,106,40340,MARUBENI,MARUBENI CORP,JAPAN,JAWAHARLAL NEHRU (NHAVA SHEVA),INDIA
2020,470329,MARUBENI,TANJUNG ENIM LESTARI,PANJANG,SUMATERA SELATAN,107,42921,MARUBENI,MARUBENI CORP,JAPAN,PIPAVAV (VICTOR) PORT,INDIA
2020,470329,SINAR MAS,OKI,SULTAN MAHMUD BADARUDDIN (U),SUMATERA SELATAN,3000,1376658,JIANGHE PAPER,HENAN JIANGHE PAPER CO LTD,CHINA (MAINLAND),QINGDAO,CHINA (MAINLAND)
2020,470329,SINAR MAS,OKI,SULTAN MAHMUD BADARUDDIN (U),SUMATERA SELATAN,500,229443,UNKNOWN AFFILIATION,HONORS COMMODITY CO LTD,CHINA (MAINLAND),QINGDAO,CHINA (MAINLAND)
2020,470329,SINAR MAS,OKI,SULTAN MAHMUD BADARUDDIN (U),SUMATERA SELATAN,3000,1376658,UNKNOWN AFFILIATION,ZIBO OUMU SPECIAL PAPER CO LTD,CHINA (MAINLAND),QINGDAO,CHINA (MAINLAND)
2020,470329,SINAR MAS,OKI,SULTAN MAHMUD BADARUDDIN (U),SUMATERA SELATAN,512,237248,SINAR MAS,KING PAPER SOURCE TRADING (SHANGHAI) CO LTD,CHINA (MAINLAND),SINGAPORE,CHINA (MAINLAND)
2020,470329,SINAR MAS,OKI,SULTAN MAHMUD BADARUDDIN (U),SUMATERA SELATAN,512,232502,UNKNOWN AFFILIATION,ZHEJIANG ZHONGCHUN NEW MATERIAL CO LTD,CHINA (MAINLAND),SINGAPORE,CHINA (MAINLAND)
2020,470329,SINAR MAS,OKI,SULTAN MAHMUD BADARUDDIN (U),SUMATERA SELATAN,1000,458886,UNKNOWN AFFILIATION,HONGKONG TOPWAY TRADING CO LTD,CHINA (HONG KONG),QINGDAO,CHINA (MAINLAND)
2020,470200,ROYAL GOLDEN EAGLE,APRIL,UNKNOWN,RIAU,506,202441,ROYAL GOLDEN EAGLE,APRIL FAR EAST MALAYSIA SDN BHD,MALAYSIA,PORT KELANG,CHINA (MAINLAND)
2020,470200,ROYAL GOLDEN EAGLE,APRIL,UNKNOWN,RIAU,506,202598,ROYAL GOLDEN EAGLE,APRIL FAR EAST MALAYSIA SDN BHD,MALAYSIA,PORT KELANG,CHINA (MAINLAND)
2020,470200,ROYAL GOLDEN EAGLE,APRIL,UNKNOWN,RIAU,506,202486,ROYAL GOLDEN EAGLE,APRIL FAR EAST MALAYSIA SDN BHD,MALAYSIA,PORT KELANG,CHINA (MAINLAND)
2020,470200,ROYAL GOLDEN EAGLE,APRIL,UNKNOWN,RIAU,506,202484,ROYAL GOLDEN EAGLE,APRIL FAR EAST MALAYSIA SDN BHD,MALAYSIA,PORT KELANG,CHINA (MAINLAND)
2020,470200,ROYAL GOLDEN EAGLE,APRIL,UNKNOWN,RIAU,506,202444,ROYAL GOLDEN EAGLE,APRIL FAR EAST MALAYSIA SDN BHD,MALAYSIA,PORT KELANG,CHINA (MAINLAND)
2020,470200,ROYAL GOLDEN EAGLE,APRIL,UNKNOWN,RIAU,506,202386,ROYAL GOLDEN EAGLE,APRIL FAR EAST MALAYSIA SDN BHD,MALAYSIA,PORT KELANG,CHINA (MAINLAND)
2020,470200,ROYAL GOLDEN EAGLE,APRIL,UNKNOWN,RIAU,506,202444,ROYAL GOLDEN EAGLE,APRIL FAR EAST MALAYSIA SDN BHD,MALAYSIA,PORT KELANG,CHINA (MAINLAND)
2020,470200,ROYAL GOLDEN EAGLE,TOBA PULP LESTARI,BELAWAN,SUMATERA UTARA,501,274619,ROYAL GOLDEN EAGLE,DP MARKETING INTERNATIONAL,MACAO,LIANYUNGANG,CHINA (MAINLAND)
2020,470200,ROYAL GOLDEN EAGLE,TOBA PULP LESTARI,BELAWAN,SUMATERA UTARA,501,274745,ROYAL GOLDEN EAGLE,DP MARKETING INTERNATIONAL,MACAO,QINGDAO,CHINA (MAINLAND)
2020,470329,ROYAL GOLDEN EAGLE,APRIL,BUATAN,RIAU,643,199417,ROYAL GOLDEN EAGLE,APRIL INTERNATIONAL ENTEPRISE PTE LTD,SINGAPORE,SINGAPORE,PAKISTAN
2020,470329,MARUBENI,TANJUNG ENIM LESTARI,PANJANG,SUMATERA SELATAN,509,213149,MARUBENI,MARUBENI CORP,JAPAN,LAEM CHABANG,THAILAND
2020,470329,SINAR MAS,INDAH KIAT,PERAWANG,RIAU,200,93414,UNKNOWN AFFILIATION,THUAN PHAT IMPORT AND EXPORT CO LTD,VIETNAM,CAT LAI,VIETNAM
2020,470329,SINAR MAS,INDAH KIAT,PERAWANG,RIAU,120,55189,UNKNOWN AFFILIATION,A CHAU ARCHITECTURE & TRADING COMPANY LIMITED,VIETNAM,DA NANG,VIETNAM
2020,470329,SINAR MAS,OKI,SULTAN MAHMUD BADARUDDIN (U),SUMATERA SELATAN,9990,4796698,SINAR MAS,KING PAPER SOURCE TRADING (SHANGHAI) CO LTD,CHINA (MAINLAND),ZHENJIANG,CHINA (MAINLAND)
2020,470329,SINAR MAS,OKI,SULTAN MAHMUD BADARUDDIN (U),SUMATERA SELATAN,1000,480150,SINAR MAS,KING PAPER SOURCE TRADING (SHANGHAI) CO LTD,CHINA (MAINLAND),ZHENJIANG,CHINA (MAINLAND)
2020,470329,SINAR MAS,OKI,SULTAN MAHMUD BADARUDDIN (U),SUMATERA SELATAN,600,288090,SINAR MAS,KING PAPER SOURCE TRADING (SHANGHAI) CO LTD,CHINA (MAINLAND),ZHENJIANG,CHINA (MAINLAND)
2020,470329,SINAR MAS,OKI,SULTAN MAHMUD BADARUDDIN (U),SUMATERA SELATAN,1800,824195,XIANMEN C&D,HONG KONG PAPER SOURCES CO LTD,CHINA (HONG KONG),TIANJIN,CHINA (MAINLAND)
2020,470329,SINAR MAS,OKI,SULTAN MAHMUD BADARUDDIN (U),SUMATERA SELATAN,500,228943,XIANMEN C&D,HONG KONG PAPER SOURCES CO LTD,CHINA (HONG KONG),TIANJIN,CHINA (MAINLAND)
2020,470329,SINAR MAS,OKI,SULTAN MAHMUD BADARUDDIN (U),SUMATERA SELATAN,2500,1144715,XIANMEN C&D,HONG KONG PAPER SOURCES CO LTD,CHINA (HONG KONG),TIANJIN,CHINA (MAINLAND)
2020,470329,SINAR MAS,OKI,SULTAN MAHMUD BADARUDDIN (U),SUMATERA SELATAN,2000,915772,XIANMEN C&D,HONG KONG PAPER SOURCES CO LTD,CHINA (HONG KONG),TIANJIN,CHINA (MAINLAND)
2020,470329,SINAR MAS,OKI,SULTAN MAHMUD BADARUDDIN (U),SUMATERA SELATAN,2000,915772,XIANMEN C&D,HONG KONG PAPER SOURCES CO LTD,CHINA (HONG KONG),TIANJIN,CHINA (MAINLAND)
2020,470329,SINAR MAS,OKI,SULTAN MAHMUD BADARUDDIN (U),SUMATERA SELATAN,1200,549463,UNKNOWN AFFILIATION,HONGKONG TOPWAY TRADING CO LTD,CHINA (HONG KONG),TIANJIN,CHINA (MAINLAND)
2020,470329,SINAR MAS,OKI,SULTAN MAHMUD BADARUDDIN (U),SUMATERA SELATAN,2000,907776,CHINA UNION,CHINA UNION (MACAO COMMERCIAL OFFSHORE) CO LTD,MACAO,DAFENG,CHINA (MAINLAND)
2020,470329,MARUBENI,TANJUNG ENIM LESTARI,TARAHAN,SUMATERA SELATAN,1999,789414,MARUBENI,MARUBENI CORP,JAPAN,QINGDAO,CHINA (MAINLAND)
2020,470329,MARUBENI,TANJUNG ENIM LESTARI,TARAHAN,SUMATERA SELATAN,2000,789605,MARUBENI,MARUBENI CORP,JAPAN,QINGDAO,CHINA (MAINLAND)
2020,470329,MARUBENI,TANJUNG ENIM LESTARI,TARAHAN,SUMATERA SELATAN,1999,789602,MARUBENI,MARUBENI CORP,JAPAN,QINGDAO,CHINA (MAINLAND)
2020,470329,MARUBENI,TANJUNG ENIM LESTARI,TARAHAN,SUMATERA SELATAN,2000,789972,MARUBENI,MARUBENI CORP,JAPAN,QINGDAO,CHINA (MAINLAND)
2020,470329,MARUBENI,TANJUNG ENIM LESTARI,TARAHAN,SUMATERA SELATAN,1000,394785,MARUBENI,MARUBENI CORP,JAPAN,QINGDAO,CHINA (MAINLAND)
2020,470329,MARUBENI,TANJUNG ENIM LESTARI,TARAHAN,SUMATERA SELATAN,1000,394865,MARUBENI,MARUBENI CORP,JAPAN,QINGDAO,CHINA (MAINLAND)
2020,470329,MARUBENI,TANJUNG ENIM LESTARI,TARAHAN,SUMATERA SELATAN,1000,379884,MARUBENI,MARUBENI CORP,JAPAN,QINGDAO,CHINA (MAINLAND)
2020,470200,ROYAL GOLDEN EAGLE,APRIL,UNKNOWN,RIAU,507,202630,ROYAL GOLDEN EAGLE,APRIL FAR EAST MALAYSIA SDN BHD,MALAYSIA,SINGAPORE,CHINA (MAINLAND)
2020,470200,ROYAL GOLDEN EAGLE,APRIL,UNKNOWN,RIAU,506,202421,ROYAL GOLDEN EAGLE,APRIL FAR EAST MALAYSIA SDN BHD,MALAYSIA,SINGAPORE,CHINA (MAINLAND)
2020,470200,ROYAL GOLDEN EAGLE,APRIL,UNKNOWN,RIAU,507,202623,ROYAL GOLDEN EAGLE,APRIL FAR EAST MALAYSIA SDN BHD,MALAYSIA,SINGAPORE,CHINA (MAINLAND)
2020,470200,ROYAL GOLDEN EAGLE,APRIL,BUATAN,RIAU,506,202389,ROYAL GOLDEN EAGLE,APRIL FAR EAST MALAYSIA SDN BHD,MALAYSIA,SINGAPORE,CHINA (MAINLAND)
2020,470329,ROYAL GOLDEN EAGLE,APRIL,BUATAN,RIAU,100,31148,ROYAL GOLDEN EAGLE,APRIL INTERNATIONAL ENTEPRISE PTE LTD,SINGAPORE,SINGAPORE,VIETNAM
2020,470329,ROYAL GOLDEN EAGLE,APRIL,FUTONG,RIAU,301,93332,ROYAL GOLDEN EAGLE,APRIL INTERNATIONAL ENTEPRISE PTE LTD,SINGAPORE,SINGAPORE,CHINA (MAINLAND)
2020,470329,SINAR MAS,INDAH KIAT,SUNGAI PAKNING,RIAU,2900,1338350,SINAR MAS,KING PAPER SOURCE TRADING (SHANGHAI) CO LTD,CHINA (MAINLAND),SHANGHAI,CHINA (MAINLAND)
2020,470329,SINAR MAS,INDAH KIAT,SUNGAI PAKNING,RIAU,3800,1753700,SINAR MAS,KING PAPER SOURCE TRADING (SHANGHAI) CO LTD,CHINA (MAINLAND),SHANGHAI,CHINA (MAINLAND)
2020,470329,SINAR MAS,INDAH KIAT,SUNGAI PAKNING,RIAU,2500,1153750,SINAR MAS,KING PAPER SOURCE TRADING (SHANGHAI) CO LTD,CHINA (MAINLAND),SHANGHAI,CHINA (MAINLAND)
2020,470200,ROYAL GOLDEN EAGLE,APRIL,UNKNOWN,RIAU,507,202671,ROYAL GOLDEN EAGLE,APRIL FAR EAST MALAYSIA SDN BHD,MALAYSIA,SINGAPORE,CHINA (MAINLAND)
2020,470200,ROYAL GOLDEN EAGLE,APRIL,UNKNOWN,RIAU,506,202487,ROYAL GOLDEN EAGLE,APRIL FAR EAST MALAYSIA SDN BHD,MALAYSIA,SINGAPORE,CHINA (MAINLAND)
2020,470200,ROYAL GOLDEN EAGLE,APRIL,UNKNOWN,RIAU,506,202395,ROYAL GOLDEN EAGLE,APRIL FAR EAST MALAYSIA SDN BHD,MALAYSIA,SINGAPORE,CHINA (MAINLAND)
2020,470200,ROYAL GOLDEN EAGLE,APRIL,BUATAN,RIAU,506,202413,ROYAL GOLDEN EAGLE,APRIL FAR EAST MALAYSIA SDN BHD,MALAYSIA,SINGAPORE,CHINA (MAINLAND)
2020,470329,ROYAL GOLDEN EAGLE,APRIL,FUTONG,RIAU,101,31170,ROYAL GOLDEN EAGLE,APRIL INTERNATIONAL ENTEPRISE PTE LTD,SINGAPORE,SINGAPORE,BANGLADESH
2020,470329,ROYAL GOLDEN EAGLE,APRIL,FUTONG,RIAU,101,31184,ROYAL GOLDEN EAGLE,APRIL INTERNATIONAL ENTEPRISE PTE LTD,SINGAPORE,SINGAPORE,BANGLADESH
2020,470329,ROYAL GOLDEN EAGLE,APRIL,FUTONG,RIAU,201,62389,ROYAL GOLDEN EAGLE,APRIL INTERNATIONAL ENTEPRISE PTE LTD,SINGAPORE,SINGAPORE,INDIA
2020,470329,ROYAL GOLDEN EAGLE,APRIL,FUTONG,RIAU,703,217913,ROYAL GOLDEN EAGLE,APRIL INTERNATIONAL ENTEPRISE PTE LTD,SINGAPORE,SINGAPORE,SAUDI ARABIA
2020,470329,ROYAL GOLDEN EAGLE,APRIL,FUTONG,RIAU,1004,311300,ROYAL GOLDEN EAGLE,APRIL INTERNATIONAL ENTEPRISE PTE LTD,SINGAPORE,SINGAPORE,UNITED ARAB EMIRATES
2020,470329,ROYAL GOLDEN EAGLE,APRIL,FUTONG,RIAU,503,155874,ROYAL GOLDEN EAGLE,APRIL INTERNATIONAL ENTEPRISE PTE LTD,SINGAPORE,SINGAPORE,VIETNAM
2020,470329,ROYAL GOLDEN EAGLE,APRIL,FUTONG,RIAU,503,155887,ROYAL GOLDEN EAGLE,APRIL INTERNATIONAL ENTEPRISE PTE LTD,SINGAPORE,SINGAPORE,VIETNAM
2020,470329,SINAR MAS,INDAH KIAT,PERAWANG,RIAU,500,228700,UNKNOWN AFFILIATION,STAR PAPER MILL PAPER,UNITED ARAB EMIRATES,ABU DHABI,UNITED ARAB EMIRATES
2020,470329,SINAR MAS,OKI,SULTAN MAHMUD BADARUDDIN (U),SUMATERA SELATAN,864,399727,UNKNOWN AFFILIATION,ZHEJIANG ZHONGCHUN NEW MATERIAL CO LTD,CHINA (MAINLAND),SINGAPORE,CHINA (MAINLAND)
2020,470329,SINAR MAS,OKI,SULTAN MAHMUD BADARUDDIN (U),SUMATERA SELATAN,5000,2294430,XIANMEN C&D,HONG KONG PAPER SOURCES CO LTD,CHINA (HONG KONG),TIANJIN,CHINA (MAINLAND)
2020,470329,SINAR MAS,OKI,SULTAN MAHMUD BADARUDDIN (U),SUMATERA SELATAN,6300,2890982,UNKNOWN AFFILIATION,HONGKONG TOPWAY TRADING CO LTD,CHINA (HONG KONG),TIANJIN,CHINA (MAINLAND)
2020,470200,ROYAL GOLDEN EAGLE,APRIL,BUATAN,RIAU,506,202376,ROYAL GOLDEN EAGLE,APRIL FAR EAST MALAYSIA SDN BHD,MALAYSIA,SINGAPORE,CHINA (MAINLAND)
2020,470329,SINAR MAS,INDAH KIAT,PERAWANG,RIAU,500,233039,UNKNOWN AFFILIATION,CHENG DAH PAPER CO LTD,TAIWAN,TAICHUNG,TAIWAN
2020,470329,SINAR MAS,OKI,SULTAN MAHMUD BADARUDDIN (U),SUMATERA SELATAN,4800,2178000,SINAR MAS,KING PAPER SOURCE TRADING (SHANGHAI) CO LTD,CHINA (MAINLAND),NINGBO,CHINA (MAINLAND)
2020,470329,SINAR MAS,OKI,SULTAN MAHMUD BADARUDDIN (U),SUMATERA SELATAN,6200,2974450,SINAR MAS,KING PAPER SOURCE TRADING (SHANGHAI) CO LTD,CHINA (MAINLAND),NINGBO,CHINA (MAINLAND)
2020,470329,MARUBENI,TANJUNG ENIM LESTARI,TANJUNG PRIOK,SUMATERA SELATAN,601,248075,MARUBENI,MARUBENI CORP,JAPAN,CAT LAI,VIETNAM
2020,470200,ROYAL GOLDEN EAGLE,APRIL,UNKNOWN,RIAU,506,202404,ROYAL GOLDEN EAGLE,APRIL FAR EAST MALAYSIA SDN BHD,MALAYSIA,PORT KELANG,CHINA (MAINLAND)
2020,470200,ROYAL GOLDEN EAGLE,APRIL,UNKNOWN,RIAU,506,202459,ROYAL GOLDEN EAGLE,APRIL FAR EAST MALAYSIA SDN BHD,MALAYSIA,PORT KELANG,CHINA (MAINLAND)
2020,470200,ROYAL GOLDEN EAGLE,APRIL,UNKNOWN,RIAU,506,202526,ROYAL GOLDEN EAGLE,APRIL FAR EAST MALAYSIA SDN BHD,MALAYSIA,PORT KELANG,CHINA (MAINLAND)
2020,470200,ROYAL GOLDEN EAGLE,APRIL,UNKNOWN,RIAU,506,202441,ROYAL GOLDEN EAGLE,APRIL FAR EAST MALAYSIA SDN BHD,MALAYSIA,PORT KELANG,CHINA (MAINLAND)
2020,470200,ROYAL GOLDEN EAGLE,APRIL,UNKNOWN,RIAU,507,202663,ROYAL GOLDEN EAGLE,APRIL FAR EAST MALAYSIA SDN BHD,MALAYSIA,PORT KELANG,CHINA (MAINLAND)
2020,470200,ROYAL GOLDEN EAGLE,APRIL,UNKNOWN,RIAU,507,202631,ROYAL GOLDEN EAGLE,APRIL FAR EAST MALAYSIA SDN BHD,MALAYSIA,PORT KELANG,CHINA (MAINLAND)
2020,470200,ROYAL GOLDEN EAGLE,APRIL,UNKNOWN,RIAU,506,202550,ROYAL GOLDEN EAGLE,APRIL FAR EAST MALAYSIA SDN BHD,MALAYSIA,PORT KELANG,CHINA (MAINLAND)
2020,470200,ROYAL GOLDEN EAGLE,APRIL,UNKNOWN,RIAU,506,202543,ROYAL GOLDEN EAGLE,APRIL FAR EAST MALAYSIA SDN BHD,MALAYSIA,PORT KELANG,CHINA (MAINLAND)
2020,470329,ROYAL GOLDEN EAGLE,APRIL,BUATAN,RIAU,301,93373,ROYAL GOLDEN EAGLE,APRIL INTERNATIONAL ENTEPRISE PTE LTD,SINGAPORE,SINGAPORE,BANGLADESH
2020,470200,ROYAL GOLDEN EAGLE,APRIL,BUATAN,RIAU,506,202539,ROYAL GOLDEN EAGLE,APRIL FAR EAST MALAYSIA SDN BHD,MALAYSIA,SINGAPORE,CHINA (MAINLAND)
2020,470329,SINAR MAS,INDAH KIAT,PERAWANG,RIAU,1012,489116,UNKNOWN AFFILIATION,PARTEX PAPER MILLS LTD,BANGLADESH,CHITTAGONG,BANGLADESH
2020,470329,SINAR MAS,INDAH KIAT,SUNGAI PAKNING,RIAU,3500,1615250,SINAR MAS,KING PAPER SOURCE TRADING (SHANGHAI) CO LTD,CHINA (MAINLAND),SHANGHAI,CHINA (MAINLAND)
2020,470329,SINAR MAS,INDAH KIAT,SUNGAI PAKNING,RIAU,2000,923000,SINAR MAS,KING PAPER SOURCE TRADING (SHANGHAI) CO LTD,CHINA (MAINLAND),SHANGHAI,CHINA (MAINLAND)
2020,470329,SINAR MAS,INDAH KIAT,SUNGAI PAKNING,RIAU,1500,692250,SINAR MAS,KING PAPER SOURCE TRADING (SHANGHAI) CO LTD,CHINA (MAINLAND),SHANGHAI,CHINA (MAINLAND)
2020,470329,SINAR MAS,INDAH KIAT,PERAWANG,RIAU,500,228700,UNKNOWN AFFILIATION,STAR PAPER MILL PAPER,UNITED ARAB EMIRATES,ABU DHABI,UNITED ARAB EMIRATES
2020,470329,SINAR MAS,INDAH KIAT,SUNGAI PAKNING,RIAU,12600,5723401,UNKNOWN AFFILIATION,XIAMEN HAIXIA SUPPLY CHAIN DEVELOPMENT CO LTD,CHINA (MAINLAND),QINGDAO,CHINA (MAINLAND)
2020,470329,MARUBENI,TANJUNG ENIM LESTARI,TARAHAN,SUMATERA SELATAN,499,193079,MARUBENI,MARUBENI CORP,JAPAN,XINGANG,CHINA (MAINLAND)
2020,470329,MARUBENI,TANJUNG ENIM LESTARI,TARAHAN,SUMATERA SELATAN,500,197932,MARUBENI,MARUBENI CORP,JAPAN,XINGANG,CHINA (MAINLAND)
2020,470329,MARUBENI,TANJUNG ENIM LESTARI,TARAHAN,SUMATERA SELATAN,2100,833657,MARUBENI,MARUBENI CORP,JAPAN,XINGANG,CHINA (MAINLAND)
2020,470329,MARUBENI,TANJUNG ENIM LESTARI,TARAHAN,SUMATERA SELATAN,1049,416290,MARUBENI,MARUBENI CORP,JAPAN,XINGANG,CHINA (MAINLAND)
2020,470329,MARUBENI,TANJUNG ENIM LESTARI,TARAHAN,SUMATERA SELATAN,300,115932,MARUBENI,MARUBENI CORP,JAPAN,XINGANG,CHINA (MAINLAND)
2020,470329,MARUBENI,TANJUNG ENIM LESTARI,TARAHAN,SUMATERA SELATAN,500,197941,MARUBENI,MARUBENI CORP,JAPAN,XINGANG,CHINA (MAINLAND)
2020,470329,MARUBENI,TANJUNG ENIM LESTARI,TARAHAN,SUMATERA SELATAN,1999,811460,MARUBENI,MARUBENI CORP,JAPAN,XINGANG,CHINA (MAINLAND)
2020,470329,MARUBENI,TANJUNG ENIM LESTARI,TARAHAN,SUMATERA SELATAN,314,129734,MARUBENI,MARUBENI CORP,JAPAN,PYEONGTAEK,SOUTH KOREA
2020,470329,MARUBENI,TANJUNG ENIM LESTARI,TARAHAN,SUMATERA SELATAN,1039,419464,MARUBENI,MARUBENI CORP,JAPAN,PYEONGTAEK,SOUTH KOREA
2020,470329,MARUBENI,TANJUNG ENIM LESTARI,TARAHAN,SUMATERA SELATAN,150,62082,MARUBENI,MARUBENI CORP,JAPAN,PYEONGTAEK,SOUTH KOREA
2020,470329,MARUBENI,TANJUNG ENIM LESTARI,TARAHAN,SUMATERA SELATAN,1560,629523,MARUBENI,MARUBENI CORP,JAPAN,PYEONGTAEK,SOUTH KOREA
2020,470200,ROYAL GOLDEN EAGLE,APRIL,UNKNOWN,RIAU,506,202440,ROYAL GOLDEN EAGLE,APRIL FAR EAST MALAYSIA SDN BHD,MALAYSIA,SINGAPORE,CHINA (MAINLAND)
2020,470200,ROYAL GOLDEN EAGLE,APRIL,UNKNOWN,RIAU,506,202387,ROYAL GOLDEN EAGLE,APRIL FAR EAST MALAYSIA SDN BHD,MALAYSIA,SINGAPORE,CHINA (MAINLAND)
2020,470200,ROYAL GOLDEN EAGLE,APRIL,BUATAN,RIAU,506,202529,ROYAL GOLDEN EAGLE,APRIL FAR EAST MALAYSIA SDN BHD,MALAYSIA,SINGAPORE,CHINA (MAINLAND)
2020,470329,ROYAL GOLDEN EAGLE,APRIL,FUTONG,RIAU,402,124657,ROYAL GOLDEN EAGLE,APRIL INTERNATIONAL ENTEPRISE PTE LTD,SINGAPORE,SINGAPORE,BANGLADESH
2020,470329,ROYAL GOLDEN EAGLE,APRIL,FUTONG,RIAU,60,18672,ROYAL GOLDEN EAGLE,APRIL INTERNATIONAL ENTEPRISE PTE LTD,SINGAPORE,SINGAPORE,BANGLADESH
2020,470329,ROYAL GOLDEN EAGLE,APRIL,FUTONG,RIAU,502,155713,ROYAL GOLDEN EAGLE,APRIL INTERNATIONAL ENTEPRISE PTE LTD,SINGAPORE,SINGAPORE,BANGLADESH
2020,470329,ROYAL GOLDEN EAGLE,APRIL,FUTONG,RIAU,503,155789,ROYAL GOLDEN EAGLE,APRIL INTERNATIONAL ENTEPRISE PTE LTD,SINGAPORE,SINGAPORE,BANGLADESH
2020,470329,ROYAL GOLDEN EAGLE,APRIL,FUTONG,RIAU,40,12476,ROYAL GOLDEN EAGLE,APRIL INTERNATIONAL ENTEPRISE PTE LTD,SINGAPORE,SINGAPORE,BANGLADESH
2020,470329,ROYAL GOLDEN EAGLE,APRIL,FUTONG,RIAU,201,62179,ROYAL GOLDEN EAGLE,APRIL INTERNATIONAL ENTEPRISE PTE LTD,SINGAPORE,SINGAPORE,INDIA
2020,470329,ROYAL GOLDEN EAGLE,APRIL,FUTONG,RIAU,101,31156,ROYAL GOLDEN EAGLE,APRIL INTERNATIONAL ENTEPRISE PTE LTD,SINGAPORE,SINGAPORE,INDIA
2020,470329,ROYAL GOLDEN EAGLE,APRIL,FUTONG,RIAU,60,18659,ROYAL GOLDEN EAGLE,APRIL INTERNATIONAL ENTEPRISE PTE LTD,SINGAPORE,SINGAPORE,INDIA
2020,470329,ROYAL GOLDEN EAGLE,APRIL,FUTONG,RIAU,301,93333,ROYAL GOLDEN EAGLE,APRIL INTERNATIONAL ENTEPRISE PTE LTD,SINGAPORE,SINGAPORE,PAKISTAN
2020,470329,MARUBENI,TANJUNG ENIM LESTARI,PANJANG,SUMATERA SELATAN,995,407150,MARUBENI,MARUBENI CORP,JAPAN,WUHAN,CHINA (MAINLAND)
2020,470329,MARUBENI,TANJUNG ENIM LESTARI,PANJANG,SUMATERA SELATAN,317,130327,MARUBENI,MARUBENI CORP,JAPAN,PENANG (GEORGETOWN),MALAYSIA
2020,470329,SINAR MAS,OKI,SULTAN MAHMUD BADARUDDIN (U),SUMATERA SELATAN,816,375752,UNKNOWN AFFILIATION,ZHEJIANG ZHONGCHUN NEW MATERIAL CO LTD,CHINA (MAINLAND),SINGAPORE,CHINA (MAINLAND)
2020,470329,SINAR MAS,OKI,SULTAN MAHMUD BADARUDDIN (U),SUMATERA SELATAN,5000,2293680,XIANMEN C&D,HONG KONG PAPER SOURCES CO LTD,CHINA (HONG KONG),TIANJIN,CHINA (MAINLAND)
2020,470329,SINAR MAS,OKI,SULTAN MAHMUD BADARUDDIN (U),SUMATERA SELATAN,2500,1146840,XIANMEN C&D,HONG KONG PAPER SOURCES CO LTD,CHINA (HONG KONG),TIANJIN,CHINA (MAINLAND)
2020,470329,SINAR MAS,OKI,SULTAN MAHMUD BADARUDDIN (U),SUMATERA SELATAN,2700,1238587,UNKNOWN AFFILIATION,HONGKONG TOPWAY TRADING CO LTD,CHINA (HONG KONG),TIANJIN,CHINA (MAINLAND)
2020,470200,ROYAL GOLDEN EAGLE,APRIL,UNKNOWN,RIAU,506,202506,ROYAL GOLDEN EAGLE,APRIL FAR EAST MALAYSIA SDN BHD,MALAYSIA,SINGAPORE,CHINA (MAINLAND)
2020,470200,ROYAL GOLDEN EAGLE,APRIL,UNKNOWN,RIAU,506,202344,ROYAL GOLDEN EAGLE,APRIL FAR EAST MALAYSIA SDN BHD,MALAYSIA,SINGAPORE,CHINA (MAINLAND)
2020,470200,ROYAL GOLDEN EAGLE,TOBA PULP LESTARI,BELAWAN,SUMATERA UTARA,501,274567,ROYAL GOLDEN EAGLE,DP MARKETING INTERNATIONAL,MACAO,LIANYUNGANG,CHINA (MAINLAND)
2020,470200,ROYAL GOLDEN EAGLE,TOBA PULP LESTARI,BELAWAN,SUMATERA UTARA,502,282853,ROYAL GOLDEN EAGLE,DP MARKETING INTERNATIONAL,MACAO,QINGDAO,CHINA (MAINLAND)
2020,470200,ROYAL GOLDEN EAGLE,TOBA PULP LESTARI,BELAWAN,SUMATERA UTARA,502,275099,ROYAL GOLDEN EAGLE,DP MARKETING INTERNATIONAL,MACAO,QINGDAO,CHINA (MAINLAND)
2020,470329,ROYAL GOLDEN EAGLE,APRIL,BUATAN,RIAU,502,155757,ROYAL GOLDEN EAGLE,APRIL INTERNATIONAL ENTEPRISE PTE LTD,SINGAPORE,SINGAPORE,CHINA (MAINLAND)
2020,470329,SINAR MAS,LONTAR PAPYRUS,KUALA TUNGKAL,JAMBI,1004,472309,GUANHAO HIGH TECH,GUANGDONG GUANHAO HIGH-TECH CO LTD,CHINA (MAINLAND),ZHANJIANG,CHINA (MAINLAND)
2020,470329,SINAR MAS,LONTAR PAPYRUS,KUALA TUNGKAL,JAMBI,1004,472428,GUANHAO HIGH TECH,GUANGDONG GUANHAO HIGH-TECH CO LTD,CHINA (MAINLAND),ZHANJIANG,CHINA (MAINLAND)
2020,470329,SINAR MAS,LONTAR PAPYRUS,KUALA TUNGKAL,JAMBI,1003,471931,GUANHAO HIGH TECH,GUANGDONG GUANHAO HIGH-TECH CO LTD,CHINA (MAINLAND),ZHANJIANG,CHINA (MAINLAND)
2020,470329,SINAR MAS,LONTAR PAPYRUS,KUALA TUNGKAL,JAMBI,501,235817,GUANHAO HIGH TECH,GUANGDONG GUANHAO HIGH-TECH CO LTD,CHINA (MAINLAND),ZHANJIANG,CHINA (MAINLAND)
2020,470329,SINAR MAS,INDAH KIAT,PERAWANG,RIAU,506,257396,CREATIVE,CREATIVE PAPER MILLS LTD,BANGLADESH,CHITTAGONG,BANGLADESH
2020,470329,SINAR MAS,OKI,SULTAN MAHMUD BADARUDDIN (U),SUMATERA SELATAN,4500,2038500,HANSOL,HANSOL PAPER CO LTD,SOUTH KOREA,GUNSAN,SOUTH KOREA
2020,470329,SINAR MAS,OKI,SULTAN MAHMUD BADARUDDIN (U),SUMATERA SELATAN,5500,2491500,UNKNOWN AFFILIATION,MSS PULP CO LTD,SOUTH KOREA,GUNSAN,SOUTH KOREA
2020,470329,SINAR MAS,OKI,SULTAN MAHMUD BADARUDDIN (U),SUMATERA SELATAN,5500,2491500,UNKNOWN AFFILIATION,MSS PULP CO LTD,SOUTH KOREA,GUNSAN,SOUTH KOREA
2020,470329,SINAR MAS,OKI,SULTAN MAHMUD BADARUDDIN (U),SUMATERA SELATAN,1500,679500,UNKNOWN AFFILIATION,MSS PULP CO LTD,SOUTH KOREA,GUNSAN,SOUTH KOREA
2020,470329,SINAR MAS,OKI,SULTAN MAHMUD BADARUDDIN (U),SUMATERA SELATAN,50,22650,UNKNOWN AFFILIATION,YOUNG JIN INC LTD,SOUTH KOREA,GUNSAN,SOUTH KOREA
2020,470200,ROYAL GOLDEN EAGLE,APRIL,UNKNOWN,RIAU,506,202302,ROYAL GOLDEN EAGLE,APRIL FAR EAST MALAYSIA SDN BHD,MALAYSIA,PORT KELANG,CHINA (MAINLAND)
2020,470200,ROYAL GOLDEN EAGLE,APRIL,UNKNOWN,RIAU,506,202459,ROYAL GOLDEN EAGLE,APRIL FAR EAST MALAYSIA SDN BHD,MALAYSIA,SINGAPORE,CHINA (MAINLAND)
2020,470200,ROYAL GOLDEN EAGLE,APRIL,UNKNOWN,RIAU,506,202438,ROYAL GOLDEN EAGLE,APRIL FAR EAST MALAYSIA SDN BHD,MALAYSIA,SINGAPORE,CHINA (MAINLAND)
2020,470200,ROYAL GOLDEN EAGLE,APRIL,UNKNOWN,RIAU,506,202412,ROYAL GOLDEN EAGLE,APRIL FAR EAST MALAYSIA SDN BHD,MALAYSIA,SINGAPORE,CHINA (MAINLAND)
2020,470329,ROYAL GOLDEN EAGLE,APRIL,FUTONG,RIAU,603,186852,ROYAL GOLDEN EAGLE,APRIL INTERNATIONAL ENTEPRISE PTE LTD,SINGAPORE,SINGAPORE,UNITED ARAB EMIRATES
2020,470329,SINAR MAS,INDAH KIAT,PERAWANG,RIAU,600,275187,UNKNOWN AFFILIATION,MEDITERRANEAN PAPER CO,EGYPT,EL ISKANDARIYA (=ALEXANDRIA),EGYPT
2020,470329,SINAR MAS,INDAH KIAT,SUNGAI PAKNING,RIAU,2400,1087772,UNKNOWN AFFILIATION,XIAMEN HAIXIA SUPPLY CHAIN DEVELOPMENT CO LTD,CHINA (MAINLAND),QINGDAO,CHINA (MAINLAND)
2020,470329,SINAR MAS,INDAH KIAT,SUNGAI PAKNING,RIAU,3000,1359715,CHINA UNION,CHINA UNION (MACAO COMMERCIAL OFFSHORE) CO LTD,MACAO,DAFENG,CHINA (MAINLAND)
2020,470329,SINAR MAS,INDAH KIAT,SUNGAI PAKNING,RIAU,3000,1359715,CHINA UNION,CHINA UNION (MACAO COMMERCIAL OFFSHORE) CO LTD,MACAO,DAFENG,CHINA (MAINLAND)
2020,470329,SINAR MAS,INDAH KIAT,SUNGAI PAKNING,RIAU,2300,1042448,CHINA UNION,CHINA UNION (MACAO COMMERCIAL OFFSHORE) CO LTD,MACAO,DAFENG,CHINA (MAINLAND)
2020,470200,ROYAL GOLDEN EAGLE,APRIL,UNKNOWN,RIAU,506,202494,ROYAL GOLDEN EAGLE,APRIL FAR EAST MALAYSIA SDN BHD,MALAYSIA,PORT KELANG,CHINA (MAINLAND)
2020,470200,ROYAL GOLDEN EAGLE,APRIL,UNKNOWN,RIAU,506,202459,ROYAL GOLDEN EAGLE,APRIL FAR EAST MALAYSIA SDN BHD,MALAYSIA,PORT KELANG,CHINA (MAINLAND)
2020,470200,ROYAL GOLDEN EAGLE,APRIL,UNKNOWN,RIAU,506,202424,ROYAL GOLDEN EAGLE,APRIL FAR EAST MALAYSIA SDN BHD,MALAYSIA,PORT KELANG,CHINA (MAINLAND)
2020,470200,ROYAL GOLDEN EAGLE,APRIL,UNKNOWN,RIAU,506,202364,ROYAL GOLDEN EAGLE,APRIL FAR EAST MALAYSIA SDN BHD,MALAYSIA,PORT KELANG,CHINA (MAINLAND)
2020,470329,ROYAL GOLDEN EAGLE,APRIL,FUTONG,RIAU,503,155782,ROYAL GOLDEN EAGLE,APRIL INTERNATIONAL ENTEPRISE PTE LTD,SINGAPORE,SINGAPORE,BANGLADESH
2020,470329,ROYAL GOLDEN EAGLE,APRIL,FUTONG,RIAU,60,18687,ROYAL GOLDEN EAGLE,APRIL INTERNATIONAL ENTEPRISE PTE LTD,SINGAPORE,SINGAPORE,INDIA
2020,470329,ROYAL GOLDEN EAGLE,APRIL,FUTONG,RIAU,60,16514,ROYAL GOLDEN EAGLE,APRIL INTERNATIONAL ENTEPRISE PTE LTD,SINGAPORE,SINGAPORE,INDIA
2020,470329,ROYAL GOLDEN EAGLE,APRIL,FUTONG,RIAU,141,43596,ROYAL GOLDEN EAGLE,APRIL INTERNATIONAL ENTEPRISE PTE LTD,SINGAPORE,SINGAPORE,VIETNAM
2020,470329,SINAR MAS,INDAH KIAT,PERAWANG,RIAU,1000,464361,UNKNOWN AFFILIATION,WANG KEI (MACAO COMMERCIAL OFFSHORE) TRADING LTD,CHINA (MAINLAND),NANSHA,CHINA (MAINLAND)
2020,470329,SINAR MAS,INDAH KIAT,PERAWANG,RIAU,120,55911,UNKNOWN AFFILIATION,A CHAU ARCHITECTURE & TRADING COMPANY LIMITED,VIETNAM,DA NANG,VIETNAM
2020,470200,ROYAL GOLDEN EAGLE,APRIL,UNKNOWN,RIAU,506,202537,ROYAL GOLDEN EAGLE,APRIL FAR EAST MALAYSIA SDN BHD,MALAYSIA,PORT KELANG,CHINA (MAINLAND)
2020,470200,ROYAL GOLDEN EAGLE,APRIL,UNKNOWN,RIAU,506,202474,ROYAL GOLDEN EAGLE,APRIL FAR EAST MALAYSIA SDN BHD,MALAYSIA,PORT KELANG,CHINA (MAINLAND)
2020,470200,ROYAL GOLDEN EAGLE,APRIL,UNKNOWN,RIAU,506,202394,ROYAL GOLDEN EAGLE,APRIL FAR EAST MALAYSIA SDN BHD,MALAYSIA,PORT KELANG,CHINA (MAINLAND)
2020,470329,ROYAL GOLDEN EAGLE,APRIL,FUTONG,RIAU,5025,1557738,ROYAL GOLDEN EAGLE,APRIL INTERNATIONAL ENTEPRISE PTE LTD,SINGAPORE,NANSHA,CHINA (MAINLAND)
2020,470329,ROYAL GOLDEN EAGLE,APRIL,FUTONG,RIAU,3013,934001,ROYAL GOLDEN EAGLE,APRIL INTERNATIONAL ENTEPRISE PTE LTD,SINGAPORE,ZHANJIANG,CHINA (MAINLAND)
2020,470329,ROYAL GOLDEN EAGLE,APRIL,FUTONG,RIAU,72,22407,ROYAL GOLDEN EAGLE,APRIL INTERNATIONAL ENTEPRISE PTE LTD,SINGAPORE,SINGAPORE,TAIWAN
2020,470329,ROYAL GOLDEN EAGLE,APRIL,FUTONG,RIAU,401,124371,ROYAL GOLDEN EAGLE,APRIL INTERNATIONAL ENTEPRISE PTE LTD,SINGAPORE,SINGAPORE,UNITED ARAB EMIRATES
2020,470329,SINAR MAS,INDAH KIAT,PERAWANG,RIAU,500,230396,SINAR MAS,SORBENT PAPER CO PTY LTD,AUSTRALIA,MELBOURNE,AUSTRALIA
2020,470329,SINAR MAS,INDAH KIAT,PERAWANG,RIAU,1000,467625,SINAR MAS,KING PAPER SOURCE TRADING (SHANGHAI) CO LTD,CHINA (MAINLAND),DALIAN,CHINA (MAINLAND)
2020,470329,SINAR MAS,OKI,SULTAN MAHMUD BADARUDDIN (U),SUMATERA SELATAN,4500,2038500,SINAR MAS,KING PAPER SOURCE TRADING (SHANGHAI) CO LTD,CHINA (MAINLAND),NINGBO,CHINA (MAINLAND)
2020,470329,SINAR MAS,OKI,SULTAN MAHMUD BADARUDDIN (U),SUMATERA SELATAN,5000,2265000,SINAR MAS,KING PAPER SOURCE TRADING (SHANGHAI) CO LTD,CHINA (MAINLAND),NINGBO,CHINA (MAINLAND)
2020,470329,SINAR MAS,OKI,SULTAN MAHMUD BADARUDDIN (U),SUMATERA SELATAN,592,272604,UNKNOWN AFFILIATION,ZHEJIANG ZHONGCHUN NEW MATERIAL CO LTD,CHINA (MAINLAND),SINGAPORE,CHINA (MAINLAND)
2020,470329,SINAR MAS,INDAH KIAT,SUNGAI PAKNING,RIAU,5000,2300000,SINAR MAS,KING PAPER SOURCE TRADING (SHANGHAI) CO LTD,CHINA (MAINLAND),DAGANG,CHINA (MAINLAND)
2020,470329,SINAR MAS,INDAH KIAT,SUNGAI PAKNING,RIAU,2000,920000,SINAR MAS,KING PAPER SOURCE TRADING (SHANGHAI) CO LTD,CHINA (MAINLAND),SHANGHAI,CHINA (MAINLAND)
2020,470329,SINAR MAS,INDAH KIAT,SUNGAI PAKNING,RIAU,1100,506000,SINAR MAS,KING PAPER SOURCE TRADING (SHANGHAI) CO LTD,CHINA (MAINLAND),SHANGHAI,CHINA (MAINLAND)
2020,470329,SINAR MAS,INDAH KIAT,SUNGAI PAKNING,RIAU,2200,1012000,SINAR MAS,KING PAPER SOURCE TRADING (SHANGHAI) CO LTD,CHINA (MAINLAND),SHANGHAI,CHINA (MAINLAND)
2020,470329,MARUBENI,TANJUNG ENIM LESTARI,TANJUNG PRIOK,SUMATERA SELATAN,511,199179,MARUBENI,MARUBENI CORP,JAPAN,XINHUI,CHINA (MAINLAND)
2020,470329,MARUBENI,TANJUNG ENIM LESTARI,TANJUNG PRIOK,SUMATERA SELATAN,511,202253,MARUBENI,MARUBENI CORP,JAPAN,YINGKOU,CHINA (MAINLAND)
2020,470200,ROYAL GOLDEN EAGLE,APRIL,UNKNOWN,RIAU,506,202485,ROYAL GOLDEN EAGLE,APRIL FAR EAST MALAYSIA SDN BHD,MALAYSIA,SINGAPORE,CHINA (MAINLAND)
2020,470200,ROYAL GOLDEN EAGLE,APRIL,UNKNOWN,RIAU,506,202588,ROYAL GOLDEN EAGLE,APRIL FAR EAST MALAYSIA SDN BHD,MALAYSIA,SINGAPORE,CHINA (MAINLAND)
2020,470200,ROYAL GOLDEN EAGLE,APRIL,UNKNOWN,RIAU,506,202472,ROYAL GOLDEN EAGLE,APRIL FAR EAST MALAYSIA SDN BHD,MALAYSIA,SINGAPORE,CHINA (MAINLAND)
2020,470200,ROYAL GOLDEN EAGLE,APRIL,UNKNOWN,RIAU,506,202469,ROYAL GOLDEN EAGLE,APRIL FAR EAST MALAYSIA SDN BHD,MALAYSIA,SINGAPORE,CHINA (MAINLAND)
2020,470200,ROYAL GOLDEN EAGLE,APRIL,UNKNOWN,RIAU,506,202450,ROYAL GOLDEN EAGLE,APRIL FAR EAST MALAYSIA SDN BHD,MALAYSIA,SINGAPORE,CHINA (MAINLAND)
2020,470200,ROYAL GOLDEN EAGLE,APRIL,UNKNOWN,RIAU,506,202439,ROYAL GOLDEN EAGLE,APRIL FAR EAST MALAYSIA SDN BHD,MALAYSIA,SINGAPORE,CHINA (MAINLAND)
2020,470200,ROYAL GOLDEN EAGLE,APRIL,UNKNOWN,RIAU,506,202414,ROYAL GOLDEN EAGLE,APRIL FAR EAST MALAYSIA SDN BHD,MALAYSIA,SINGAPORE,CHINA (MAINLAND)
2020,470200,ROYAL GOLDEN EAGLE,APRIL,UNKNOWN,RIAU,506,202396,ROYAL GOLDEN EAGLE,APRIL FAR EAST MALAYSIA SDN BHD,MALAYSIA,SINGAPORE,CHINA (MAINLAND)
2020,470329,ROYAL GOLDEN EAGLE,APRIL,BUATAN,RIAU,502,155591,ROYAL GOLDEN EAGLE,APRIL INTERNATIONAL ENTEPRISE PTE LTD,SINGAPORE,SINGAPORE,INDIA
2020,470329,ROYAL GOLDEN EAGLE,APRIL,FUTONG,RIAU,1005,311566,ROYAL GOLDEN EAGLE,APRIL INTERNATIONAL ENTEPRISE PTE LTD,SINGAPORE,SINGAPORE,BANGLADESH
2020,470329,ROYAL GOLDEN EAGLE,APRIL,FUTONG,RIAU,101,31228,ROYAL GOLDEN EAGLE,APRIL INTERNATIONAL ENTEPRISE PTE LTD,SINGAPORE,SINGAPORE,BANGLADESH
2020,470329,ROYAL GOLDEN EAGLE,APRIL,FUTONG,RIAU,101,31188,ROYAL GOLDEN EAGLE,APRIL INTERNATIONAL ENTEPRISE PTE LTD,SINGAPORE,SINGAPORE,BANGLADESH
2020,470329,MARUBENI,TANJUNG ENIM LESTARI,PANJANG,SUMATERA SELATAN,1458,579015,MARUBENI,MARUBENI CORP,JAPAN,NINGBO,CHINA (MAINLAND)
2020,470329,MARUBENI,TANJUNG ENIM LESTARI,PANJANG,SUMATERA SELATAN,509,209650,MARUBENI,MARUBENI CORP,JAPAN,QINGDAO,CHINA (MAINLAND)
2020,470329,SINAR MAS,INDAH KIAT,PERAWANG,RIAU,506,244558,CREATIVE,CREATIVE PAPER MILLS LTD,BANGLADESH,CHITTAGONG,BANGLADESH
2020,470329,SINAR MAS,INDAH KIAT,PERAWANG,RIAU,1012,489116,UNKNOWN AFFILIATION,PARTEX PAPER MILLS LTD,BANGLADESH,CHITTAGONG,BANGLADESH
2020,470200,ROYAL GOLDEN EAGLE,APRIL,UNKNOWN,RIAU,7004,2801400,ROYAL GOLDEN EAGLE,APRIL FAR EAST MALAYSIA SDN BHD,MALAYSIA,CHANGSHU,CHINA (MAINLAND)
2020,470200,ROYAL GOLDEN EAGLE,APRIL,BUATAN,RIAU,506,202407,ROYAL GOLDEN EAGLE,APRIL FAR EAST MALAYSIA SDN BHD,MALAYSIA,SINGAPORE,CHINA (MAINLAND)
2020,470200,ROYAL GOLDEN EAGLE,APRIL,BUATAN,RIAU,506,202288,ROYAL GOLDEN EAGLE,APRIL FAR EAST MALAYSIA SDN BHD,MALAYSIA,SINGAPORE,CHINA (MAINLAND)
2020,470329,ROYAL GOLDEN EAGLE,APRIL,FUTONG,RIAU,2740,849555,ROYAL GOLDEN EAGLE,APRIL INTERNATIONAL ENTEPRISE PTE LTD,SINGAPORE,CHANGSHU,CHINA (MAINLAND)
2020,470329,MARUBENI,TANJUNG ENIM LESTARI,PANJANG,SUMATERA SELATAN,509,200074,MARUBENI,MARUBENI CORP,JAPAN,CHONGQING,CHINA (MAINLAND)
2020,470329,MARUBENI,TANJUNG ENIM LESTARI,PANJANG,SUMATERA SELATAN,149,55929,MARUBENI,MARUBENI CORP,JAPAN,JAWAHARLAL NEHRU (NHAVA SHEVA),INDIA
2020,470329,MARUBENI,TANJUNG ENIM LESTARI,PANJANG,SUMATERA SELATAN,104,40672,MARUBENI,MARUBENI CORP,JAPAN,JAWAHARLAL NEHRU (NHAVA SHEVA),INDIA
2020,470329,MARUBENI,TANJUNG ENIM LESTARI,PANJANG,SUMATERA SELATAN,106,42061,MARUBENI,MARUBENI CORP,JAPAN,PIPAVAV (VICTOR) PORT,INDIA
2020,470329,SINAR MAS,INDAH KIAT,PERAWANG,RIAU,1000,467625,SINAR MAS,KING PAPER SOURCE TRADING (SHANGHAI) CO LTD,CHINA (MAINLAND),DALIAN,CHINA (MAINLAND)
2020,470329,SINAR MAS,OKI,SULTAN MAHMUD BADARUDDIN (U),SUMATERA SELATAN,3000,1377408,UNKNOWN AFFILIATION,SHANGHAI FOLIAGE INDUSTRY CO LTD,CHINA (MAINLAND),QINGDAO,CHINA (MAINLAND)
2020,470329,SINAR MAS,OKI,SULTAN MAHMUD BADARUDDIN (U),SUMATERA SELATAN,2600,1195090,SINAR MAS,KING PAPER SOURCE TRADING (SHANGHAI) CO LTD,CHINA (MAINLAND),ZHENJIANG,CHINA (MAINLAND)
2020,470329,SINAR MAS,OKI,SULTAN MAHMUD BADARUDDIN (U),SUMATERA SELATAN,2400,1151160,SINAR MAS,KING PAPER SOURCE TRADING (SHANGHAI) CO LTD,CHINA (MAINLAND),ZHENJIANG,CHINA (MAINLAND)
2020,470329,SINAR MAS,OKI,SULTAN MAHMUD BADARUDDIN (U),SUMATERA SELATAN,2000,959300,SINAR MAS,KING PAPER SOURCE TRADING (SHANGHAI) CO LTD,CHINA (MAINLAND),ZHENJIANG,CHINA (MAINLAND)
2020,470329,SINAR MAS,OKI,SULTAN MAHMUD BADARUDDIN (U),SUMATERA SELATAN,3000,1377408,UNKNOWN AFFILIATION,HONGKONG TOPWAY TRADING CO LTD,CHINA (HONG KONG),QINGDAO,CHINA (MAINLAND)
2020,470329,SINAR MAS,OKI,SULTAN MAHMUD BADARUDDIN (U),SUMATERA SELATAN,10000,4551382,CHINA UNION,CHINA UNION (MACAO COMMERCIAL OFFSHORE) CO LTD,MACAO,QINGDAO,CHINA (MAINLAND)
2020,470200,ROYAL GOLDEN EAGLE,APRIL,UNKNOWN,RIAU,506,202552,ROYAL GOLDEN EAGLE,APRIL FAR EAST MALAYSIA SDN BHD,MALAYSIA,PORT KELANG,CHINA (MAINLAND)
2020,470200,ROYAL GOLDEN EAGLE,APRIL,UNKNOWN,RIAU,506,202472,ROYAL GOLDEN EAGLE,APRIL FAR EAST MALAYSIA SDN BHD,MALAYSIA,PORT KELANG,CHINA (MAINLAND)
2020,470200,ROYAL GOLDEN EAGLE,APRIL,UNKNOWN,RIAU,506,202472,ROYAL GOLDEN EAGLE,APRIL FAR EAST MALAYSIA SDN BHD,MALAYSIA,PORT KELANG,CHINA (MAINLAND)
2020,470200,ROYAL GOLDEN EAGLE,APRIL,UNKNOWN,RIAU,506,202237,ROYAL GOLDEN EAGLE,APRIL FAR EAST MALAYSIA SDN BHD,MALAYSIA,PORT KELANG,CHINA (MAINLAND)
2020,470200,ROYAL GOLDEN EAGLE,APRIL,BUATAN,RIAU,486,194346,ROYAL GOLDEN EAGLE,APRIL FAR EAST MALAYSIA SDN BHD,MALAYSIA,SINGAPORE,CHINA (MAINLAND)
2020,470329,ROYAL GOLDEN EAGLE,APRIL,BUATAN,RIAU,503,155892,ROYAL GOLDEN EAGLE,APRIL INTERNATIONAL ENTEPRISE PTE LTD,SINGAPORE,SINGAPORE,CHINA (MAINLAND)
2020,470200,ROYAL GOLDEN EAGLE,APRIL,UNKNOWN,RIAU,506,202470,ROYAL GOLDEN EAGLE,APRIL FAR EAST MALAYSIA SDN BHD,MALAYSIA,PORT KELANG,CHINA (MAINLAND)
2020,470200,ROYAL GOLDEN EAGLE,APRIL,UNKNOWN,RIAU,506,202439,ROYAL GOLDEN EAGLE,APRIL FAR EAST MALAYSIA SDN BHD,MALAYSIA,PORT KELANG,CHINA (MAINLAND)
2020,470200,ROYAL GOLDEN EAGLE,APRIL,UNKNOWN,RIAU,506,202328,ROYAL GOLDEN EAGLE,APRIL FAR EAST MALAYSIA SDN BHD,MALAYSIA,PORT KELANG,CHINA (MAINLAND)
2020,470200,ROYAL GOLDEN EAGLE,APRIL,UNKNOWN,RIAU,506,202320,ROYAL GOLDEN EAGLE,APRIL FAR EAST MALAYSIA SDN BHD,MALAYSIA,PORT KELANG,CHINA (MAINLAND)
2020,470200,ROYAL GOLDEN EAGLE,APRIL,BUATAN,RIAU,506,202458,ROYAL GOLDEN EAGLE,APRIL FAR EAST MALAYSIA SDN BHD,MALAYSIA,SINGAPORE,CHINA (MAINLAND)
2020,470200,ROYAL GOLDEN EAGLE,APRIL,BUATAN,RIAU,507,202662,ROYAL GOLDEN EAGLE,APRIL FAR EAST MALAYSIA SDN BHD,MALAYSIA,SINGAPORE,CHINA (MAINLAND)
2020,470200,ROYAL GOLDEN EAGLE,APRIL,BUATAN,RIAU,506,202455,ROYAL GOLDEN EAGLE,APRIL FAR EAST MALAYSIA SDN BHD,MALAYSIA,SINGAPORE,CHINA (MAINLAND)
2020,470329,ROYAL GOLDEN EAGLE,APRIL,BUATAN,RIAU,80,24914,ROYAL GOLDEN EAGLE,APRIL INTERNATIONAL ENTEPRISE PTE LTD,SINGAPORE,SINGAPORE,INDIA
2020,470329,ROYAL GOLDEN EAGLE,APRIL,BUATAN,RIAU,80,24866,ROYAL GOLDEN EAGLE,APRIL INTERNATIONAL ENTEPRISE PTE LTD,SINGAPORE,SINGAPORE,INDIA
2020,470329,ROYAL GOLDEN EAGLE,APRIL,BUATAN,RIAU,261,81008,ROYAL GOLDEN EAGLE,APRIL INTERNATIONAL ENTEPRISE PTE LTD,SINGAPORE,SINGAPORE,INDIA
2020,470329,ROYAL GOLDEN EAGLE,APRIL,BUATAN,RIAU,201,62266,ROYAL GOLDEN EAGLE,APRIL INTERNATIONAL ENTEPRISE PTE LTD,SINGAPORE,SINGAPORE,THAILAND
2020,470329,ROYAL GOLDEN EAGLE,APRIL,FUTONG,RIAU,503,155830,ROYAL GOLDEN EAGLE,APRIL INTERNATIONAL ENTEPRISE PTE LTD,SINGAPORE,SINGAPORE,BANGLADESH
2020,470329,ROYAL GOLDEN EAGLE,APRIL,FUTONG,RIAU,201,62350,ROYAL GOLDEN EAGLE,APRIL INTERNATIONAL ENTEPRISE PTE LTD,SINGAPORE,SINGAPORE,INDIA
2020,470329,ROYAL GOLDEN EAGLE,APRIL,FUTONG,RIAU,502,155705,ROYAL GOLDEN EAGLE,APRIL INTERNATIONAL ENTEPRISE PTE LTD,SINGAPORE,SINGAPORE,VIETNAM
2020,470329,ROYAL GOLDEN EAGLE,APRIL,FUTONG,RIAU,502,155474,ROYAL GOLDEN EAGLE,APRIL INTERNATIONAL ENTEPRISE PTE LTD,SINGAPORE,SINGAPORE,VIETNAM
2020,470329,ROYAL GOLDEN EAGLE,APRIL,FUTONG,RIAU,201,62291,ROYAL GOLDEN EAGLE,APRIL INTERNATIONAL ENTEPRISE PTE LTD,SINGAPORE,SINGAPORE,VIETNAM
2020,470329,SINAR MAS,OKI,SULTAN MAHMUD BADARUDDIN (U),SUMATERA SELATAN,500,228868,UNKNOWN AFFILIATION,HONORS COMMODITY CO LTD,CHINA (MAINLAND),QINGDAO,CHINA (MAINLAND)
2020,470329,SINAR MAS,OKI,SULTAN MAHMUD BADARUDDIN (U),SUMATERA SELATAN,500,228868,UNKNOWN AFFILIATION,HONORS COMMODITY CO LTD,CHINA (MAINLAND),QINGDAO,CHINA (MAINLAND)
2020,470329,SINAR MAS,OKI,SULTAN MAHMUD BADARUDDIN (U),SUMATERA SELATAN,500,228868,UNKNOWN AFFILIATION,HONORS COMMODITY CO LTD,CHINA (MAINLAND),QINGDAO,CHINA (MAINLAND)
2020,470329,SINAR MAS,OKI,SULTAN MAHMUD BADARUDDIN (U),SUMATERA SELATAN,500,228868,UNKNOWN AFFILIATION,HONORS COMMODITY CO LTD,CHINA (MAINLAND),QINGDAO,CHINA (MAINLAND)
2020,470329,SINAR MAS,OKI,SULTAN MAHMUD BADARUDDIN (U),SUMATERA SELATAN,500,228868,UNKNOWN AFFILIATION,HONORS COMMODITY CO LTD,CHINA (MAINLAND),QINGDAO,CHINA (MAINLAND)
2020,470329,SINAR MAS,OKI,SULTAN MAHMUD BADARUDDIN (U),SUMATERA SELATAN,650,297528,UNKNOWN AFFILIATION,HONORS COMMODITY CO LTD,CHINA (MAINLAND),QINGDAO,CHINA (MAINLAND)
2020,470329,SINAR MAS,OKI,SULTAN MAHMUD BADARUDDIN (U),SUMATERA SELATAN,500,228868,UNKNOWN AFFILIATION,HONORS COMMODITY CO LTD,CHINA (MAINLAND),QINGDAO,CHINA (MAINLAND)
2020,470329,SINAR MAS,OKI,SULTAN MAHMUD BADARUDDIN (U),SUMATERA SELATAN,500,228868,UNKNOWN AFFILIATION,HONORS COMMODITY CO LTD,CHINA (MAINLAND),QINGDAO,CHINA (MAINLAND)
2020,470329,SINAR MAS,OKI,SULTAN MAHMUD BADARUDDIN (U),SUMATERA SELATAN,2000,903479,UNKNOWN AFFILIATION,HONGKONG TOPWAY TRADING CO LTD,CHINA (HONG KONG),QINGDAO,CHINA (MAINLAND)
2020,470329,SINAR MAS,OKI,SULTAN MAHMUD BADARUDDIN (U),SUMATERA SELATAN,9350,4279832,UNKNOWN AFFILIATION,HONGKONG TOPWAY TRADING CO LTD,CHINA (HONG KONG),TIANJIN,CHINA (MAINLAND)
2020,470200,ROYAL GOLDEN EAGLE,APRIL,BUATAN,RIAU,505,202101,ROYAL GOLDEN EAGLE,APRIL FAR EAST MALAYSIA SDN BHD,MALAYSIA,SINGAPORE,CHINA (MAINLAND)
2020,470200,ROYAL GOLDEN EAGLE,APRIL,BUATAN,RIAU,506,202533,ROYAL GOLDEN EAGLE,APRIL FAR EAST MALAYSIA SDN BHD,MALAYSIA,SINGAPORE,CHINA (MAINLAND)
2020,470329,ROYAL GOLDEN EAGLE,APRIL,FUTONG,RIAU,201,62297,ROYAL GOLDEN EAGLE,APRIL INTERNATIONAL ENTEPRISE PTE LTD,SINGAPORE,SINGAPORE,INDIA
2020,470329,ROYAL GOLDEN EAGLE,APRIL,FUTONG,RIAU,301,93437,ROYAL GOLDEN EAGLE,APRIL INTERNATIONAL ENTEPRISE PTE LTD,SINGAPORE,SINGAPORE,VIETNAM
2020,470329,SINAR MAS,INDAH KIAT,PERAWANG,RIAU,500,230396,SINAR MAS,SORBENT PAPER CO PTY LTD,AUSTRALIA,MELBOURNE,AUSTRALIA
2020,470329,SINAR MAS,INDAH KIAT,PERAWANG,RIAU,506,244558,CREATIVE,CREATIVE PAPER MILLS LTD,BANGLADESH,CHITTAGONG,BANGLADESH
2020,470329,SINAR MAS,INDAH KIAT,PERAWANG,RIAU,600,275187,UNKNOWN AFFILIATION,MEDITERRANEAN PAPER CO,EGYPT,EL ISKANDARIYA (=ALEXANDRIA),EGYPT
2020,470329,SINAR MAS,OKI,SULTAN MAHMUD BADARUDDIN (U),SUMATERA SELATAN,960,425664,SINAR MAS,KING PAPER SOURCE TRADING (SHANGHAI) CO LTD,CHINA (MAINLAND),SINGAPORE,CHINA (MAINLAND)
2020,470200,ROYAL GOLDEN EAGLE,APRIL,FUTONG,RIAU,506,101260,UNKNOWN,UNKNOWN,UNKNOWN COUNTRY,SINGAPORE,CHINA (MAINLAND)
2020,470200,ROYAL GOLDEN EAGLE,APRIL,FUTONG,RIAU,506,101235,UNKNOWN,UNKNOWN,UNKNOWN COUNTRY,SINGAPORE,CHINA (MAINLAND)
2020,470200,ROYAL GOLDEN EAGLE,APRIL,FUTONG,RIAU,506,101230,UNKNOWN,UNKNOWN,UNKNOWN COUNTRY,SINGAPORE,CHINA (MAINLAND)
2020,470200,ROYAL GOLDEN EAGLE,APRIL,FUTONG,RIAU,506,101215,UNKNOWN,UNKNOWN,UNKNOWN COUNTRY,SINGAPORE,CHINA (MAINLAND)
2020,470200,ROYAL GOLDEN EAGLE,APRIL,FUTONG,RIAU,506,101183,UNKNOWN,UNKNOWN,UNKNOWN COUNTRY,SINGAPORE,CHINA (MAINLAND)
2020,470200,ROYAL GOLDEN EAGLE,APRIL,BUATAN,RIAU,507,101309,UNKNOWN,UNKNOWN,UNKNOWN COUNTRY,SINGAPORE,CHINA (MAINLAND)
2020,470200,ROYAL GOLDEN EAGLE,APRIL,FUTONG,RIAU,507,101304,UNKNOWN,UNKNOWN,UNKNOWN COUNTRY,PORT KELANG,CHINA (MAINLAND)
2020,470200,ROYAL GOLDEN EAGLE,APRIL,FUTONG,RIAU,506,101299,UNKNOWN,UNKNOWN,UNKNOWN COUNTRY,PORT KELANG,CHINA (MAINLAND)
2020,470200,ROYAL GOLDEN EAGLE,APRIL,FUTONG,RIAU,506,101259,UNKNOWN,UNKNOWN,UNKNOWN COUNTRY,PORT KELANG,CHINA (MAINLAND)
2020,470329,ROYAL GOLDEN EAGLE,APRIL,FUTONG,RIAU,60,18728,UNKNOWN,UNKNOWN,UNKNOWN COUNTRY,SINGAPORE,INDIA
2020,470329,ROYAL GOLDEN EAGLE,APRIL,FUTONG,RIAU,60,18715,UNKNOWN,UNKNOWN,UNKNOWN COUNTRY,SINGAPORE,INDIA
2020,470329,ROYAL GOLDEN EAGLE,APRIL,FUTONG,RIAU,502,155747,UNKNOWN,UNKNOWN,UNKNOWN COUNTRY,SINGAPORE,INDIA
2020,470329,SINAR MAS,OKI,SULTAN MAHMUD BADARUDDIN (U),SUMATERA SELATAN,1000,454000,UNKNOWN,UNKNOWN,UNKNOWN COUNTRY,CHANGSHU,CHINA (MAINLAND)
2020,470329,SINAR MAS,OKI,SULTAN MAHMUD BADARUDDIN (U),SUMATERA SELATAN,10000,4537393,UNKNOWN,UNKNOWN,UNKNOWN COUNTRY,CHANGSHU,CHINA (MAINLAND)
2020,470329,SINAR MAS,OKI,SULTAN MAHMUD BADARUDDIN (U),SUMATERA SELATAN,500,229868,UNKNOWN,UNKNOWN,UNKNOWN COUNTRY,CHANGSHU,CHINA (MAINLAND)
2020,470329,SINAR MAS,OKI,SULTAN MAHMUD BADARUDDIN (U),SUMATERA SELATAN,10000,4537393,UNKNOWN,UNKNOWN,UNKNOWN COUNTRY,CHANGSHU,CHINA (MAINLAND)
2020,470200,ROYAL GOLDEN EAGLE,APRIL,BUATAN,RIAU,506,101211,UNKNOWN,UNKNOWN,UNKNOWN COUNTRY,SINGAPORE,CHINA (MAINLAND)
2020,470329,ROYAL GOLDEN EAGLE,APRIL,FUTONG,RIAU,502,163254,UNKNOWN,UNKNOWN,UNKNOWN COUNTRY,SINGAPORE,BANGLADESH
2020,470200,ROYAL GOLDEN EAGLE,APRIL,FUTONG,RIAU,506,101285,UNKNOWN,UNKNOWN,UNKNOWN COUNTRY,PORT KELANG,CHINA (MAINLAND)
2020,470200,ROYAL GOLDEN EAGLE,APRIL,FUTONG,RIAU,506,101276,UNKNOWN,UNKNOWN,UNKNOWN COUNTRY,PORT KELANG,CHINA (MAINLAND)
2020,470200,ROYAL GOLDEN EAGLE,APRIL,FUTONG,RIAU,506,101272,UNKNOWN,UNKNOWN,UNKNOWN COUNTRY,PORT KELANG,CHINA (MAINLAND)
2020,470200,ROYAL GOLDEN EAGLE,APRIL,FUTONG,RIAU,506,101261,UNKNOWN,UNKNOWN,UNKNOWN COUNTRY,PORT KELANG,CHINA (MAINLAND)
2020,470200,ROYAL GOLDEN EAGLE,APRIL,FUTONG,RIAU,506,101234,UNKNOWN,UNKNOWN,UNKNOWN COUNTRY,PORT KELANG,CHINA (MAINLAND)
2020,470329,ROYAL GOLDEN EAGLE,APRIL,FUTONG,RIAU,201,62278,UNKNOWN,UNKNOWN,UNKNOWN COUNTRY,SINGAPORE,INDIA
2020,470329,ROYAL GOLDEN EAGLE,APRIL,FUTONG,RIAU,40,13075,UNKNOWN,UNKNOWN,UNKNOWN COUNTRY,SINGAPORE,INDIA
2020,470329,ROYAL GOLDEN EAGLE,APRIL,FUTONG,RIAU,100,31141,UNKNOWN,UNKNOWN,UNKNOWN COUNTRY,SINGAPORE,INDIA
2020,470329,ROYAL GOLDEN EAGLE,APRIL,FUTONG,RIAU,503,163353,UNKNOWN,UNKNOWN,UNKNOWN COUNTRY,SINGAPORE,UNITED ARAB EMIRATES
2020,470329,SINAR MAS,LONTAR PAPYRUS,KUALA TUNGKAL,JAMBI,1004,451822,UNKNOWN,UNKNOWN,UNKNOWN COUNTRY,PIPAVAV (VICTOR) PORT,INDIA
2020,470329,SINAR MAS,LONTAR PAPYRUS,KUALA TUNGKAL,JAMBI,1003,451524,UNKNOWN,UNKNOWN,UNKNOWN COUNTRY,PIPAVAV (VICTOR) PORT,INDIA
2020,470329,MARUBENI,TANJUNG ENIM LESTARI,TANJUNG PRIOK,SUMATERA SELATAN,509,201274,UNKNOWN,UNKNOWN,UNKNOWN COUNTRY,YINGKOU,CHINA (MAINLAND)
2020,470329,MARUBENI,TANJUNG ENIM LESTARI,TANJUNG PRIOK,SUMATERA SELATAN,116,48791,UNKNOWN,UNKNOWN,UNKNOWN COUNTRY,SHIMIZU,JAPAN
2020,470329,MARUBENI,TANJUNG ENIM LESTARI,TANJUNG PRIOK,SUMATERA SELATAN,78,32596,UNKNOWN,UNKNOWN,UNKNOWN COUNTRY,SHIMIZU,JAPAN
2020,470329,MARUBENI,TANJUNG ENIM LESTARI,TANJUNG PRIOK,SUMATERA SELATAN,299,121229,UNKNOWN,UNKNOWN,UNKNOWN COUNTRY,TAOYUAN,TAIWAN
2020,470200,ROYAL GOLDEN EAGLE,APRIL,FUTONG,RIAU,506,151930,UNKNOWN,UNKNOWN,UNKNOWN COUNTRY,SINGAPORE,CHINA (MAINLAND)
2020,470200,ROYAL GOLDEN EAGLE,APRIL,FUTONG,RIAU,506,101216,UNKNOWN,UNKNOWN,UNKNOWN COUNTRY,SINGAPORE,CHINA (MAINLAND)
2020,470200,ROYAL GOLDEN EAGLE,APRIL,FUTONG,RIAU,506,101173,UNKNOWN,UNKNOWN,UNKNOWN COUNTRY,SINGAPORE,CHINA (MAINLAND)
2020,470329,SINAR MAS,LONTAR PAPYRUS,KUALA TUNGKAL,JAMBI,1004,472036,UNKNOWN,UNKNOWN,UNKNOWN COUNTRY,ZHANJIANG,CHINA (MAINLAND)
2020,470329,SINAR MAS,LONTAR PAPYRUS,KUALA TUNGKAL,JAMBI,501,235624,UNKNOWN,UNKNOWN,UNKNOWN COUNTRY,ZHANJIANG,CHINA (MAINLAND)
2020,470329,MARUBENI,TANJUNG ENIM LESTARI,PANJANG,SUMATERA SELATAN,1001,404232,UNKNOWN,UNKNOWN,UNKNOWN COUNTRY,NINGBO,CHINA (MAINLAND)
2020,470329,MARUBENI,TANJUNG ENIM LESTARI,PANJANG,SUMATERA SELATAN,315,131300,UNKNOWN,UNKNOWN,UNKNOWN COUNTRY,PENANG (GEORGETOWN),MALAYSIA
2020,470329,MARUBENI,TANJUNG ENIM LESTARI,PANJANG,SUMATERA SELATAN,297,122920,UNKNOWN,UNKNOWN,UNKNOWN COUNTRY,CAT LAI,VIETNAM
2020,470329,SINAR MAS,INDAH KIAT,PERAWANG,RIAU,1012,485058,UNKNOWN,UNKNOWN,UNKNOWN COUNTRY,CHITTAGONG,BANGLADESH
2020,470329,SINAR MAS,INDAH KIAT,SUNGAI PAKNING,RIAU,2100,962850,UNKNOWN,UNKNOWN,UNKNOWN COUNTRY,NINGBO,CHINA (MAINLAND)
2020,470329,SINAR MAS,INDAH KIAT,SUNGAI PAKNING,RIAU,5000,2282500,UNKNOWN,UNKNOWN,UNKNOWN COUNTRY,QINZHOU,CHINA (MAINLAND)
2020,470329,ROYAL GOLDEN EAGLE,APRIL,BUATAN,RIAU,704,228666,UNKNOWN,UNKNOWN,UNKNOWN COUNTRY,SINGAPORE,UNITED ARAB EMIRATES
2020,470200,ROYAL GOLDEN EAGLE,APRIL,FUTONG,RIAU,507,101320,UNKNOWN,UNKNOWN,UNKNOWN COUNTRY,SINGAPORE,CHINA (MAINLAND)
2020,470200,ROYAL GOLDEN EAGLE,APRIL,FUTONG,RIAU,506,101300,UNKNOWN,UNKNOWN,UNKNOWN COUNTRY,SINGAPORE,CHINA (MAINLAND)
2020,470200,ROYAL GOLDEN EAGLE,APRIL,FUTONG,RIAU,506,101295,UNKNOWN,UNKNOWN,UNKNOWN COUNTRY,SINGAPORE,CHINA (MAINLAND)
2020,470200,ROYAL GOLDEN EAGLE,APRIL,FUTONG,RIAU,506,151794,UNKNOWN,UNKNOWN,UNKNOWN COUNTRY,SINGAPORE,CHINA (MAINLAND)
2020,470200,ROYAL GOLDEN EAGLE,APRIL,FUTONG,RIAU,506,151859,UNKNOWN,UNKNOWN,UNKNOWN COUNTRY,SINGAPORE,CHINA (MAINLAND)
2020,470329,ROYAL GOLDEN EAGLE,APRIL,FUTONG,RIAU,60,19624,UNKNOWN,UNKNOWN,UNKNOWN COUNTRY,SINGAPORE,UNITED ARAB EMIRATES
2020,470329,MARUBENI,TANJUNG ENIM LESTARI,PANJANG,SUMATERA SELATAN,1000,392967,UNKNOWN,UNKNOWN,UNKNOWN COUNTRY,CHONGQING,CHINA (MAINLAND)
2020,470200,ROYAL GOLDEN EAGLE,APRIL,FUTONG,RIAU,506,151913,UNKNOWN,UNKNOWN,UNKNOWN COUNTRY,PORT KELANG,CHINA (MAINLAND)
2020,470200,ROYAL GOLDEN EAGLE,APRIL,FUTONG,RIAU,506,151874,UNKNOWN,UNKNOWN,UNKNOWN COUNTRY,PORT KELANG,CHINA (MAINLAND)
2020,470200,ROYAL GOLDEN EAGLE,APRIL,FUTONG,RIAU,506,151790,UNKNOWN,UNKNOWN,UNKNOWN COUNTRY,PORT KELANG,CHINA (MAINLAND)
2020,470200,ROYAL GOLDEN EAGLE,APRIL,FUTONG,RIAU,506,151778,UNKNOWN,UNKNOWN,UNKNOWN COUNTRY,PORT KELANG,CHINA (MAINLAND)
2020,470329,SINAR MAS,LONTAR PAPYRUS,KUALA TUNGKAL,JAMBI,1003,451572,UNKNOWN,UNKNOWN,UNKNOWN COUNTRY,PIPAVAV (VICTOR) PORT,INDIA
2020,470329,SINAR MAS,LONTAR PAPYRUS,KUALA TUNGKAL,JAMBI,1003,451524,UNKNOWN,UNKNOWN,UNKNOWN COUNTRY,PIPAVAV (VICTOR) PORT,INDIA
2020,470329,SINAR MAS,OKI,SULTAN MAHMUD BADARUDDIN (U),SUMATERA SELATAN,6000,2700000,UNKNOWN,UNKNOWN,UNKNOWN COUNTRY,CHITTAGONG,BANGLADESH
2020,470329,SINAR MAS,INDAH KIAT,SUNGAI PAKNING,RIAU,4200,1934100,UNKNOWN,UNKNOWN,UNKNOWN COUNTRY,DAFENG,CHINA (MAINLAND)
2020,470329,SINAR MAS,INDAH KIAT,SUNGAI PAKNING,RIAU,5000,2271191,UNKNOWN,UNKNOWN,UNKNOWN COUNTRY,DAFENG,CHINA (MAINLAND)
2020,470329,SINAR MAS,INDAH KIAT,SUNGAI PAKNING,RIAU,2400,1090172,UNKNOWN,UNKNOWN,UNKNOWN COUNTRY,DAFENG,CHINA (MAINLAND)
2020,470200,ROYAL GOLDEN EAGLE,TOBA PULP LESTARI,BELAWAN,SUMATERA UTARA,502,283047,UNKNOWN,UNKNOWN,UNKNOWN COUNTRY,QINGDAO,CHINA (MAINLAND)
2020,470200,ROYAL GOLDEN EAGLE,APRIL,FUTONG,RIAU,506,151885,UNKNOWN,UNKNOWN,UNKNOWN COUNTRY,PORT KELANG,CHINA (MAINLAND)
2020,470200,ROYAL GOLDEN EAGLE,APRIL,FUTONG,RIAU,506,151833,UNKNOWN,UNKNOWN,UNKNOWN COUNTRY,PORT KELANG,CHINA (MAINLAND)
2020,470200,ROYAL GOLDEN EAGLE,APRIL,FUTONG,RIAU,506,151806,UNKNOWN,UNKNOWN,UNKNOWN COUNTRY,PORT KELANG,CHINA (MAINLAND)
2020,470200,ROYAL GOLDEN EAGLE,APRIL,FUTONG,RIAU,506,151779,UNKNOWN,UNKNOWN,UNKNOWN COUNTRY,PORT KELANG,CHINA (MAINLAND)
2020,470329,ROYAL GOLDEN EAGLE,APRIL,FUTONG,RIAU,100,31143,UNKNOWN,UNKNOWN,UNKNOWN COUNTRY,SINGAPORE,INDIA
2020,470329,ROYAL GOLDEN EAGLE,APRIL,FUTONG,RIAU,402,124569,UNKNOWN,UNKNOWN,UNKNOWN COUNTRY,SINGAPORE,THAILAND
2020,470329,SINAR MAS,INDAH KIAT,PERAWANG,RIAU,540,256939,UNKNOWN,UNKNOWN,UNKNOWN COUNTRY,JEBEL ALI,UNITED ARAB EMIRATES
2020,470329,SINAR MAS,INDAH KIAT,PERAWANG,RIAU,540,256939,UNKNOWN,UNKNOWN,UNKNOWN COUNTRY,JEBEL ALI,UNITED ARAB EMIRATES
2020,470329,SINAR MAS,INDAH KIAT,PERAWANG,RIAU,540,256939,UNKNOWN,UNKNOWN,UNKNOWN COUNTRY,JEBEL ALI,UNITED ARAB EMIRATES
2020,470329,SINAR MAS,INDAH KIAT,PERAWANG,RIAU,540,256939,UNKNOWN,UNKNOWN,UNKNOWN COUNTRY,JEBEL ALI,UNITED ARAB EMIRATES
2020,470329,SINAR MAS,INDAH KIAT,SUNGAI PAKNING,RIAU,7800,3584100,UNKNOWN,UNKNOWN,UNKNOWN COUNTRY,DAFENG,CHINA (MAINLAND)
2020,470329,SINAR MAS,INDAH KIAT,SUNGAI PAKNING,RIAU,3000,1359715,UNKNOWN,UNKNOWN,UNKNOWN COUNTRY,DAFENG,CHINA (MAINLAND)
2020,470329,SINAR MAS,INDAH KIAT,SUNGAI PAKNING,RIAU,700,317267,UNKNOWN,UNKNOWN,UNKNOWN COUNTRY,DAFENG,CHINA (MAINLAND)
2020,470329,SINAR MAS,INDAH KIAT,SUNGAI PAKNING,RIAU,3000,1381500,UNKNOWN,UNKNOWN,UNKNOWN COUNTRY,SHANGHAI,CHINA (MAINLAND)
2020,470329,SINAR MAS,INDAH KIAT,SUNGAI PAKNING,RIAU,1900,874950,UNKNOWN,UNKNOWN,UNKNOWN COUNTRY,SHANGHAI,CHINA (MAINLAND)
2020,470329,ROYAL GOLDEN EAGLE,APRIL,BUATAN,RIAU,60,18666,UNKNOWN,UNKNOWN,UNKNOWN COUNTRY,SINGAPORE,INDIA
2020,470329,ROYAL GOLDEN EAGLE,APRIL,FUTONG,RIAU,301,106708,UNKNOWN,UNKNOWN,UNKNOWN COUNTRY,SINGAPORE,BANGLADESH
2020,470329,ROYAL GOLDEN EAGLE,APRIL,FUTONG,RIAU,502,163222,UNKNOWN,UNKNOWN,UNKNOWN COUNTRY,SINGAPORE,BANGLADESH
2020,470329,ROYAL GOLDEN EAGLE,APRIL,FUTONG,RIAU,3015,1067157,UNKNOWN,UNKNOWN,UNKNOWN COUNTRY,NANSHA,CHINA (MAINLAND)
2020,470200,ROYAL GOLDEN EAGLE,APRIL,FUTONG,RIAU,507,151966,UNKNOWN,UNKNOWN,UNKNOWN COUNTRY,SINGAPORE,CHINA (MAINLAND)
2020,470329,ROYAL GOLDEN EAGLE,APRIL,FUTONG,RIAU,5526,1956359,UNKNOWN,UNKNOWN,UNKNOWN COUNTRY,GUNSAN,SOUTH KOREA
2020,470329,ROYAL GOLDEN EAGLE,APRIL,FUTONG,RIAU,2009,711221,UNKNOWN,UNKNOWN,UNKNOWN COUNTRY,PYEONGTAEK,SOUTH KOREA
2020,470329,ROYAL GOLDEN EAGLE,APRIL,FUTONG,RIAU,502,177802,UNKNOWN,UNKNOWN,UNKNOWN COUNTRY,SINGAPORE,UNITED ARAB EMIRATES
2020,470329,ROYAL GOLDEN EAGLE,APRIL,FUTONG,RIAU,502,177843,UNKNOWN,UNKNOWN,UNKNOWN COUNTRY,SINGAPORE,BANGLADESH
2020,470200,ROYAL GOLDEN EAGLE,APRIL,FUTONG,RIAU,506,151805,UNKNOWN,UNKNOWN,UNKNOWN COUNTRY,PORT KELANG,CHINA (MAINLAND)
2020,470200,ROYAL GOLDEN EAGLE,APRIL,FUTONG,RIAU,506,151760,UNKNOWN,UNKNOWN,UNKNOWN COUNTRY,PORT KELANG,CHINA (MAINLAND)
2020,470200,ROYAL GOLDEN EAGLE,APRIL,FUTONG,RIAU,506,151716,UNKNOWN,UNKNOWN,UNKNOWN COUNTRY,PORT KELANG,CHINA (MAINLAND)
2020,470200,ROYAL GOLDEN EAGLE,APRIL,FUTONG,RIAU,506,151820,UNKNOWN,UNKNOWN,UNKNOWN COUNTRY,SINGAPORE,CHINA (MAINLAND)
2020,470200,ROYAL GOLDEN EAGLE,APRIL,FUTONG,RIAU,506,151897,UNKNOWN,UNKNOWN,UNKNOWN COUNTRY,SINGAPORE,CHINA (MAINLAND)
2020,470200,ROYAL GOLDEN EAGLE,APRIL,FUTONG,RIAU,506,151853,UNKNOWN,UNKNOWN,UNKNOWN COUNTRY,SINGAPORE,CHINA (MAINLAND)
2020,470200,ROYAL GOLDEN EAGLE,APRIL,FUTONG,RIAU,506,151776,UNKNOWN,UNKNOWN,UNKNOWN COUNTRY,SINGAPORE,CHINA (MAINLAND)
2020,470200,ROYAL GOLDEN EAGLE,APRIL,FUTONG,RIAU,506,151858,UNKNOWN,UNKNOWN,UNKNOWN COUNTRY,SINGAPORE,CHINA (MAINLAND)
2020,470329,ROYAL GOLDEN EAGLE,APRIL,FUTONG,RIAU,1065,377110,UNKNOWN,UNKNOWN,UNKNOWN COUNTRY,SINGAPORE,PAKISTAN
2020,470329,SINAR MAS,INDAH KIAT,PERAWANG,RIAU,540,256939,UNKNOWN,UNKNOWN,UNKNOWN COUNTRY,JEBEL ALI,UNITED ARAB EMIRATES
2020,470329,SINAR MAS,OKI,SULTAN MAHMUD BADARUDDIN (U),SUMATERA SELATAN,5000,2266250,UNKNOWN,UNKNOWN,UNKNOWN COUNTRY,NINGBO,CHINA (MAINLAND)
2020,470329,SINAR MAS,OKI,SULTAN MAHMUD BADARUDDIN (U),SUMATERA SELATAN,4500,2039625,UNKNOWN,UNKNOWN,UNKNOWN COUNTRY,NINGBO,CHINA (MAINLAND)
2020,470329,SINAR MAS,OKI,SULTAN MAHMUD BADARUDDIN (U),SUMATERA SELATAN,5000,2266250,UNKNOWN,UNKNOWN,UNKNOWN COUNTRY,NINGBO,CHINA (MAINLAND)
2020,470329,SINAR MAS,OKI,SULTAN MAHMUD BADARUDDIN (U),SUMATERA SELATAN,1000,453250,UNKNOWN,UNKNOWN,UNKNOWN COUNTRY,NINGBO,CHINA (MAINLAND)
2020,470329,SINAR MAS,OKI,SULTAN MAHMUD BADARUDDIN (U),SUMATERA SELATAN,1008,473155,UNKNOWN,UNKNOWN,UNKNOWN COUNTRY,SINGAPORE,CHINA (MAINLAND)
2020,470329,SINAR MAS,OKI,SULTAN MAHMUD BADARUDDIN (U),SUMATERA SELATAN,9600,4351200,UNKNOWN,UNKNOWN,UNKNOWN COUNTRY,ZHENJIANG,CHINA (MAINLAND)
2020,470329,SINAR MAS,OKI,SULTAN MAHMUD BADARUDDIN (U),SUMATERA SELATAN,4400,2020700,UNKNOWN,UNKNOWN,UNKNOWN COUNTRY,ZHENJIANG,CHINA (MAINLAND)
2020,470329,SINAR MAS,OKI,SULTAN MAHMUD BADARUDDIN (U),SUMATERA SELATAN,4000,1850000,UNKNOWN,UNKNOWN,UNKNOWN COUNTRY,HALDIA,INDIA
2020,470329,SINAR MAS,OKI,SULTAN MAHMUD BADARUDDIN (U),SUMATERA SELATAN,1000,462500,UNKNOWN,UNKNOWN,UNKNOWN COUNTRY,HALDIA,INDIA
2020,470329,SINAR MAS,OKI,SULTAN MAHMUD BADARUDDIN (U),SUMATERA SELATAN,2500,1156250,UNKNOWN,UNKNOWN,UNKNOWN COUNTRY,HALDIA,INDIA
2020,470329,MARUBENI,TANJUNG ENIM LESTARI,TANJUNG PRIOK,SUMATERA SELATAN,511,203579,UNKNOWN,UNKNOWN,UNKNOWN COUNTRY,XINHUI,CHINA (MAINLAND)
2020,470329,ROYAL GOLDEN EAGLE,APRIL,FUTONG,RIAU,8238,2810063,UNKNOWN,UNKNOWN,UNKNOWN COUNTRY,CHANGSHU,CHINA (MAINLAND)
2020,470200,ROYAL GOLDEN EAGLE,APRIL,FUTONG,RIAU,506,151943,UNKNOWN,UNKNOWN,UNKNOWN COUNTRY,PORT KELANG,CHINA (MAINLAND)
2020,470200,ROYAL GOLDEN EAGLE,APRIL,FUTONG,RIAU,506,151921,UNKNOWN,UNKNOWN,UNKNOWN COUNTRY,PORT KELANG,CHINA (MAINLAND)
2020,470200,ROYAL GOLDEN EAGLE,APRIL,FUTONG,RIAU,506,151848,UNKNOWN,UNKNOWN,UNKNOWN COUNTRY,PORT KELANG,CHINA (MAINLAND)
2020,470200,ROYAL GOLDEN EAGLE,APRIL,FUTONG,RIAU,506,151837,UNKNOWN,UNKNOWN,UNKNOWN COUNTRY,PORT KELANG,CHINA (MAINLAND)
2020,470200,ROYAL GOLDEN EAGLE,APRIL,FUTONG,RIAU,506,151820,UNKNOWN,UNKNOWN,UNKNOWN COUNTRY,PORT KELANG,CHINA (MAINLAND)
2020,470329,ROYAL GOLDEN EAGLE,APRIL,FUTONG,RIAU,2012,712199,UNKNOWN,UNKNOWN,UNKNOWN COUNTRY,QINGDAO,CHINA (MAINLAND)
2020,470329,SINAR MAS,INDAH KIAT,PERAWANG,RIAU,400,190890,UNKNOWN,UNKNOWN,UNKNOWN COUNTRY,TUTICORIN,INDIA
2020,470329,MARUBENI,TANJUNG ENIM LESTARI,TANJUNG PRIOK,SUMATERA SELATAN,513,204368,UNKNOWN,UNKNOWN,UNKNOWN COUNTRY,XINHUI,CHINA (MAINLAND)
2020,470200,ROYAL GOLDEN EAGLE,TOBA PULP LESTARI,BELAWAN,SUMATERA UTARA,500,281924,UNKNOWN,UNKNOWN,UNKNOWN COUNTRY,QINGDAO,CHINA (MAINLAND)
2020,470200,ROYAL GOLDEN EAGLE,TOBA PULP LESTARI,BELAWAN,SUMATERA UTARA,499,281580,UNKNOWN,UNKNOWN,UNKNOWN COUNTRY,QINGDAO,CHINA (MAINLAND)
2020,470200,ROYAL GOLDEN EAGLE,APRIL,BUATAN,RIAU,506,151818,UNKNOWN,UNKNOWN,UNKNOWN COUNTRY,SINGAPORE,CHINA (MAINLAND)
2020,470200,ROYAL GOLDEN EAGLE,APRIL,FUTONG,RIAU,506,151879,UNKNOWN,UNKNOWN,UNKNOWN COUNTRY,SINGAPORE,CHINA (MAINLAND)
2020,470200,ROYAL GOLDEN EAGLE,APRIL,FUTONG,RIAU,506,151818,UNKNOWN,UNKNOWN,UNKNOWN COUNTRY,SINGAPORE,CHINA (MAINLAND)
2020,470200,ROYAL GOLDEN EAGLE,APRIL,FUTONG,RIAU,506,151744,UNKNOWN,UNKNOWN,UNKNOWN COUNTRY,SINGAPORE,CHINA (MAINLAND)
2020,470200,ROYAL GOLDEN EAGLE,APRIL,FUTONG,RIAU,506,151724,UNKNOWN,UNKNOWN,UNKNOWN COUNTRY,SINGAPORE,CHINA (MAINLAND)
2020,470200,ROYAL GOLDEN EAGLE,APRIL,FUTONG,RIAU,506,151710,UNKNOWN,UNKNOWN,UNKNOWN COUNTRY,SINGAPORE,CHINA (MAINLAND)
2020,470329,MARUBENI,TANJUNG ENIM LESTARI,PANJANG,SUMATERA SELATAN,21,8416,UNKNOWN,UNKNOWN,UNKNOWN COUNTRY,MUNDRA,INDIA
2020,470329,MARUBENI,TANJUNG ENIM LESTARI,PANJANG,SUMATERA SELATAN,108,43597,UNKNOWN,UNKNOWN,UNKNOWN COUNTRY,PIPAVAV (VICTOR) PORT,INDIA
2020,470329,SINAR MAS,INDAH KIAT,PERAWANG,RIAU,500,230396,UNKNOWN,UNKNOWN,UNKNOWN COUNTRY,MELBOURNE,AUSTRALIA
2020,470329,ROYAL GOLDEN EAGLE,APRIL,BUATAN,RIAU,301,106672,UNKNOWN,UNKNOWN,UNKNOWN COUNTRY,SINGAPORE,BANGLADESH
2020,470329,ROYAL GOLDEN EAGLE,APRIL,BUATAN,RIAU,101,35623,UNKNOWN,UNKNOWN,UNKNOWN COUNTRY,SINGAPORE,INDIA
2020,470329,ROYAL GOLDEN EAGLE,APRIL,FUTONG,RIAU,503,177912,UNKNOWN,UNKNOWN,UNKNOWN COUNTRY,SINGAPORE,BANGLADESH
2020,470329,ROYAL GOLDEN EAGLE,APRIL,FUTONG,RIAU,502,177796,UNKNOWN,UNKNOWN,UNKNOWN COUNTRY,SINGAPORE,BANGLADESH
2020,470329,ROYAL GOLDEN EAGLE,APRIL,FUTONG,RIAU,201,71050,UNKNOWN,UNKNOWN,UNKNOWN COUNTRY,SINGAPORE,KENYA
2020,470329,SINAR MAS,INDAH KIAT,PERAWANG,RIAU,1012,485058,UNKNOWN,UNKNOWN,UNKNOWN COUNTRY,CHITTAGONG,BANGLADESH
2020,470200,ROYAL GOLDEN EAGLE,APRIL,BUATAN,RIAU,506,151710,UNKNOWN,UNKNOWN,UNKNOWN COUNTRY,SINGAPORE,CHINA (MAINLAND)
2020,470200,ROYAL GOLDEN EAGLE,APRIL,FUTONG,RIAU,506,151796,UNKNOWN,UNKNOWN,UNKNOWN COUNTRY,PORT KELANG,CHINA (MAINLAND)
2020,470200,ROYAL GOLDEN EAGLE,APRIL,FUTONG,RIAU,506,151746,UNKNOWN,UNKNOWN,UNKNOWN COUNTRY,PORT KELANG,CHINA (MAINLAND)
2020,470200,ROYAL GOLDEN EAGLE,APRIL,FUTONG,RIAU,466,139802,UNKNOWN,UNKNOWN,UNKNOWN COUNTRY,SINGAPORE,CHINA (MAINLAND)
2020,470329,ROYAL GOLDEN EAGLE,APRIL,FUTONG,RIAU,100,35567,UNKNOWN,UNKNOWN,UNKNOWN COUNTRY,SINGAPORE,INDIA
2020,470329,ROYAL GOLDEN EAGLE,APRIL,FUTONG,RIAU,201,71099,UNKNOWN,UNKNOWN,UNKNOWN COUNTRY,SINGAPORE,INDIA
2020,470329,ROYAL GOLDEN EAGLE,APRIL,FUTONG,RIAU,501,177517,UNKNOWN,UNKNOWN,UNKNOWN COUNTRY,SINGAPORE,PHILIPPINES
2020,470329,ROYAL GOLDEN EAGLE,APRIL,FUTONG,RIAU,502,163224,UNKNOWN,UNKNOWN,UNKNOWN COUNTRY,SINGAPORE,UNITED ARAB EMIRATES
2020,470329,ROYAL GOLDEN EAGLE,APRIL,FUTONG,RIAU,60,19587,UNKNOWN,UNKNOWN,UNKNOWN COUNTRY,SINGAPORE,UNITED ARAB EMIRATES
2020,470329,SINAR MAS,LONTAR PAPYRUS,KUALA TUNGKAL,JAMBI,1002,468917,UNKNOWN,UNKNOWN,UNKNOWN COUNTRY,DALIAN,CHINA (MAINLAND)
2020,470329,SINAR MAS,LONTAR PAPYRUS,KUALA TUNGKAL,JAMBI,1003,469372,UNKNOWN,UNKNOWN,UNKNOWN COUNTRY,DALIAN,CHINA (MAINLAND)
2020,470329,SINAR MAS,INDAH KIAT,PERAWANG,RIAU,100,45737,UNKNOWN,UNKNOWN,UNKNOWN COUNTRY,KARACHI,PAKISTAN
2020,470329,SINAR MAS,INDAH KIAT,PERAWANG,RIAU,500,231022,UNKNOWN,UNKNOWN,UNKNOWN COUNTRY,HAIPHONG,VIETNAM
2020,470329,SINAR MAS,INDAH KIAT,PERAWANG,RIAU,500,231022,UNKNOWN,UNKNOWN,UNKNOWN COUNTRY,HAIPHONG,VIETNAM
2020,470200,ROYAL GOLDEN EAGLE,APRIL,BUATAN,RIAU,546,163945,UNKNOWN,UNKNOWN,UNKNOWN COUNTRY,SINGAPORE,CHINA (MAINLAND)
2020,470200,ROYAL GOLDEN EAGLE,APRIL,FUTONG,RIAU,506,151821,UNKNOWN,UNKNOWN,UNKNOWN COUNTRY,PORT KELANG,CHINA (MAINLAND)
2020,470200,ROYAL GOLDEN EAGLE,APRIL,FUTONG,RIAU,506,151907,UNKNOWN,UNKNOWN,UNKNOWN COUNTRY,PORT KELANG,CHINA (MAINLAND)
2020,470200,ROYAL GOLDEN EAGLE,APRIL,FUTONG,RIAU,506,151853,UNKNOWN,UNKNOWN,UNKNOWN COUNTRY,PORT KELANG,CHINA (MAINLAND)
2020,470200,ROYAL GOLDEN EAGLE,APRIL,FUTONG,RIAU,506,151801,UNKNOWN,UNKNOWN,UNKNOWN COUNTRY,PORT KELANG,CHINA (MAINLAND)
2020,470200,ROYAL GOLDEN EAGLE,APRIL,FUTONG,RIAU,506,151798,UNKNOWN,UNKNOWN,UNKNOWN COUNTRY,PORT KELANG,CHINA (MAINLAND)
2020,470200,ROYAL GOLDEN EAGLE,APRIL,FUTONG,RIAU,506,151904,UNKNOWN,UNKNOWN,UNKNOWN COUNTRY,PORT KELANG,CHINA (MAINLAND)
2020,470329,SINAR MAS,OKI,SULTAN MAHMUD BADARUDDIN (U),SUMATERA SELATAN,1000,458886,UNKNOWN,UNKNOWN,UNKNOWN COUNTRY,QINGDAO,CHINA (MAINLAND)
2020,470329,SINAR MAS,OKI,SULTAN MAHMUD BADARUDDIN (U),SUMATERA SELATAN,1000,458886,UNKNOWN,UNKNOWN,UNKNOWN COUNTRY,QINGDAO,CHINA (MAINLAND)
2020,470329,SINAR MAS,OKI,SULTAN MAHMUD BADARUDDIN (U),SUMATERA SELATAN,500,229443,UNKNOWN,UNKNOWN,UNKNOWN COUNTRY,QINGDAO,CHINA (MAINLAND)
2020,470329,SINAR MAS,OKI,SULTAN MAHMUD BADARUDDIN (U),SUMATERA SELATAN,500,229443,UNKNOWN,UNKNOWN,UNKNOWN COUNTRY,QINGDAO,CHINA (MAINLAND)
2020,470329,SINAR MAS,OKI,SULTAN MAHMUD BADARUDDIN (U),SUMATERA SELATAN,1000,458886,UNKNOWN,UNKNOWN,UNKNOWN COUNTRY,QINGDAO,CHINA (MAINLAND)
2020,470329,SINAR MAS,OKI,SULTAN MAHMUD BADARUDDIN (U),SUMATERA SELATAN,1000,458886,UNKNOWN,UNKNOWN,UNKNOWN COUNTRY,QINGDAO,CHINA (MAINLAND)
2020,470329,SINAR MAS,OKI,SULTAN MAHMUD BADARUDDIN (U),SUMATERA SELATAN,1000,458886,UNKNOWN,UNKNOWN,UNKNOWN COUNTRY,QINGDAO,CHINA (MAINLAND)
2020,470329,SINAR MAS,OKI,SULTAN MAHMUD BADARUDDIN (U),SUMATERA SELATAN,1000,458886,UNKNOWN,UNKNOWN,UNKNOWN COUNTRY,QINGDAO,CHINA (MAINLAND)
2020,470329,SINAR MAS,OKI,SULTAN MAHMUD BADARUDDIN (U),SUMATERA SELATAN,500,229443,UNKNOWN,UNKNOWN,UNKNOWN COUNTRY,QINGDAO,CHINA (MAINLAND)
2020,470329,SINAR MAS,OKI,SULTAN MAHMUD BADARUDDIN (U),SUMATERA SELATAN,500,229443,UNKNOWN,UNKNOWN,UNKNOWN COUNTRY,QINGDAO,CHINA (MAINLAND)
2020,470329,SINAR MAS,OKI,SULTAN MAHMUD BADARUDDIN (U),SUMATERA SELATAN,1000,454888,UNKNOWN,UNKNOWN,UNKNOWN COUNTRY,QINGDAO,CHINA (MAINLAND)
2020,470329,SINAR MAS,OKI,SULTAN MAHMUD BADARUDDIN (U),SUMATERA SELATAN,1000,458886,UNKNOWN,UNKNOWN,UNKNOWN COUNTRY,QINGDAO,CHINA (MAINLAND)
2020,470329,SINAR MAS,OKI,SULTAN MAHMUD BADARUDDIN (U),SUMATERA SELATAN,1000,458886,UNKNOWN,UNKNOWN,UNKNOWN COUNTRY,QINGDAO,CHINA (MAINLAND)
2020,470200,ROYAL GOLDEN EAGLE,APRIL,BUATAN,RIAU,506,151793,UNKNOWN,UNKNOWN,UNKNOWN COUNTRY,SINGAPORE,CHINA (MAINLAND)
2020,470200,ROYAL GOLDEN EAGLE,APRIL,BUATAN,RIAU,507,151969,UNKNOWN,UNKNOWN,UNKNOWN COUNTRY,SINGAPORE,CHINA (MAINLAND)
2020,470200,ROYAL GOLDEN EAGLE,APRIL,FUTONG,RIAU,506,151940,UNKNOWN,UNKNOWN,UNKNOWN COUNTRY,TANJUNG PELEPAS,CHINA (MAINLAND)
2020,470329,SINAR MAS,OKI,SULTAN MAHMUD BADARUDDIN (U),SUMATERA SELATAN,7000,3158750,UNKNOWN,UNKNOWN,UNKNOWN COUNTRY,QINGDAO,CHINA (MAINLAND)
2020,470329,SINAR MAS,OKI,SULTAN MAHMUD BADARUDDIN (U),SUMATERA SELATAN,4000,1811953,UNKNOWN,UNKNOWN,UNKNOWN COUNTRY,QINGDAO,CHINA (MAINLAND)
2020,470329,SINAR MAS,OKI,SULTAN MAHMUD BADARUDDIN (U),SUMATERA SELATAN,2000,902500,UNKNOWN,UNKNOWN,UNKNOWN COUNTRY,SHANGHAI,CHINA (MAINLAND)
2020,470329,SINAR MAS,OKI,SULTAN MAHMUD BADARUDDIN (U),SUMATERA SELATAN,2500,1143125,UNKNOWN,UNKNOWN,UNKNOWN COUNTRY,SHANGHAI,CHINA (MAINLAND)
2020,470329,SINAR MAS,OKI,SULTAN MAHMUD BADARUDDIN (U),SUMATERA SELATAN,2500,1143125,UNKNOWN,UNKNOWN,UNKNOWN COUNTRY,SHANGHAI,CHINA (MAINLAND)
2020,470329,SINAR MAS,OKI,SULTAN MAHMUD BADARUDDIN (U),SUMATERA SELATAN,3500,1600375,UNKNOWN,UNKNOWN,UNKNOWN COUNTRY,SHANGHAI,CHINA (MAINLAND)
2020,470329,SINAR MAS,OKI,SULTAN MAHMUD BADARUDDIN (U),SUMATERA SELATAN,1000,477250,UNKNOWN,UNKNOWN,UNKNOWN COUNTRY,SHANGHAI,CHINA (MAINLAND)
2020,470329,SINAR MAS,OKI,SULTAN MAHMUD BADARUDDIN (U),SUMATERA SELATAN,1000,451250,UNKNOWN,UNKNOWN,UNKNOWN COUNTRY,SHANGHAI,CHINA (MAINLAND)
2020,470329,SINAR MAS,OKI,SULTAN MAHMUD BADARUDDIN (U),SUMATERA SELATAN,5000,2256250,UNKNOWN,UNKNOWN,UNKNOWN COUNTRY,SHANGHAI,CHINA (MAINLAND)
2020,470329,SINAR MAS,OKI,SULTAN MAHMUD BADARUDDIN (U),SUMATERA SELATAN,1500,676875,UNKNOWN,UNKNOWN,UNKNOWN COUNTRY,SHANGHAI,CHINA (MAINLAND)
2020,470200,ROYAL GOLDEN EAGLE,APRIL,BUATAN,RIAU,507,151983,UNKNOWN,UNKNOWN,UNKNOWN COUNTRY,SINGAPORE,CHINA (MAINLAND)
2020,470200,ROYAL GOLDEN EAGLE,APRIL,BUATAN,RIAU,506,151881,UNKNOWN,UNKNOWN,UNKNOWN COUNTRY,SINGAPORE,CHINA (MAINLAND)
2020,470329,ROYAL GOLDEN EAGLE,APRIL,FUTONG,RIAU,10582,3703224,UNKNOWN,UNKNOWN,UNKNOWN COUNTRY,CHITTAGONG,BANGLADESH
2020,470329,ROYAL GOLDEN EAGLE,APRIL,FUTONG,RIAU,502,177716,UNKNOWN,UNKNOWN,UNKNOWN COUNTRY,SINGAPORE,BANGLADESH
2020,470200,ROYAL GOLDEN EAGLE,APRIL,FUTONG,RIAU,507,151954,UNKNOWN,UNKNOWN,UNKNOWN COUNTRY,SINGAPORE,CHINA (MAINLAND)
2020,470200,ROYAL GOLDEN EAGLE,APRIL,FUTONG,RIAU,506,151790,UNKNOWN,UNKNOWN,UNKNOWN COUNTRY,SINGAPORE,CHINA (MAINLAND)
2020,470200,ROYAL GOLDEN EAGLE,APRIL,FUTONG,RIAU,506,151789,UNKNOWN,UNKNOWN,UNKNOWN COUNTRY,TANJUNG PELEPAS,CHINA (MAINLAND)
2020,470329,ROYAL GOLDEN EAGLE,APRIL,FUTONG,RIAU,201,71145,UNKNOWN,UNKNOWN,UNKNOWN COUNTRY,SINGAPORE,INDIA
2020,470329,ROYAL GOLDEN EAGLE,APRIL,FUTONG,RIAU,60,18684,UNKNOWN,UNKNOWN,UNKNOWN COUNTRY,SINGAPORE,INDIA
2020,470329,SINAR MAS,INDAH KIAT,PERAWANG,RIAU,1040,496315,UNKNOWN,UNKNOWN,UNKNOWN COUNTRY,TUTICORIN,INDIA
2020,470329,SINAR MAS,INDAH KIAT,PERAWANG,RIAU,500,237509,UNKNOWN,UNKNOWN,UNKNOWN COUNTRY,AD DAMMAM,SAUDI ARABIA
2020,470329,SINAR MAS,OKI,SULTAN MAHMUD BADARUDDIN (U),SUMATERA SELATAN,10000,4534000,UNKNOWN,UNKNOWN,UNKNOWN COUNTRY,QINZHOU,CHINA (MAINLAND)
2020,470200,ROYAL GOLDEN EAGLE,APRIL,BUATAN,RIAU,506,151904,UNKNOWN,UNKNOWN,UNKNOWN COUNTRY,SINGAPORE,CHINA (MAINLAND)
2020,470200,ROYAL GOLDEN EAGLE,APRIL,BUATAN,RIAU,506,151726,UNKNOWN,UNKNOWN,UNKNOWN COUNTRY,SINGAPORE,CHINA (MAINLAND)
2020,470200,ROYAL GOLDEN EAGLE,APRIL,BUATAN,RIAU,506,151809,UNKNOWN,UNKNOWN,UNKNOWN COUNTRY,SINGAPORE,CHINA (MAINLAND)
2020,470200,ROYAL GOLDEN EAGLE,APRIL,FUTONG,RIAU,506,151890,UNKNOWN,UNKNOWN,UNKNOWN COUNTRY,SINGAPORE,CHINA (MAINLAND)
2020,470329,ROYAL GOLDEN EAGLE,APRIL,FUTONG,RIAU,502,177845,UNKNOWN,UNKNOWN,UNKNOWN COUNTRY,SINGAPORE,CHINA (MAINLAND)
2020,470329,ROYAL GOLDEN EAGLE,APRIL,FUTONG,RIAU,100,35545,UNKNOWN,UNKNOWN,UNKNOWN COUNTRY,SINGAPORE,INDIA
2020,470329,ROYAL GOLDEN EAGLE,APRIL,FUTONG,RIAU,121,42665,UNKNOWN,UNKNOWN,UNKNOWN COUNTRY,SINGAPORE,INDIA
2020,470329,MARUBENI,TANJUNG ENIM LESTARI,TARAHAN,SUMATERA SELATAN,1999,808833,UNKNOWN,UNKNOWN,UNKNOWN COUNTRY,QINGDAO,CHINA (MAINLAND)
2020,470329,MARUBENI,TANJUNG ENIM LESTARI,TARAHAN,SUMATERA SELATAN,1999,808897,UNKNOWN,UNKNOWN,UNKNOWN COUNTRY,QINGDAO,CHINA (MAINLAND)
2020,470329,MARUBENI,TANJUNG ENIM LESTARI,TARAHAN,SUMATERA SELATAN,2000,809288,UNKNOWN,UNKNOWN,UNKNOWN COUNTRY,QINGDAO,CHINA (MAINLAND)
2020,470329,MARUBENI,TANJUNG ENIM LESTARI,TARAHAN,SUMATERA SELATAN,2000,809138,UNKNOWN,UNKNOWN,UNKNOWN COUNTRY,QINGDAO,CHINA (MAINLAND)
2020,470329,MARUBENI,TANJUNG ENIM LESTARI,TARAHAN,SUMATERA SELATAN,2000,809132,UNKNOWN,UNKNOWN,UNKNOWN COUNTRY,QINGDAO,CHINA (MAINLAND)
2020,470200,ROYAL GOLDEN EAGLE,APRIL,BUATAN,RIAU,506,202398,UNKNOWN,UNKNOWN,UNKNOWN COUNTRY,SINGAPORE,CHINA (MAINLAND)
2020,470200,ROYAL GOLDEN EAGLE,APRIL,BUATAN,RIAU,506,202383,UNKNOWN,UNKNOWN,UNKNOWN COUNTRY,SINGAPORE,CHINA (MAINLAND)
2020,470200,ROYAL GOLDEN EAGLE,APRIL,FUTONG,RIAU,508,203208,UNKNOWN,UNKNOWN,UNKNOWN COUNTRY,SINGAPORE,CHINA (MAINLAND)
2020,470200,ROYAL GOLDEN EAGLE,APRIL,FUTONG,RIAU,508,203169,UNKNOWN,UNKNOWN,UNKNOWN COUNTRY,SINGAPORE,CHINA (MAINLAND)
2020,470200,ROYAL GOLDEN EAGLE,APRIL,FUTONG,RIAU,508,203087,UNKNOWN,UNKNOWN,UNKNOWN COUNTRY,SINGAPORE,CHINA (MAINLAND)
2020,470200,ROYAL GOLDEN EAGLE,APRIL,FUTONG,RIAU,506,202392,UNKNOWN,UNKNOWN,UNKNOWN COUNTRY,SINGAPORE,CHINA (MAINLAND)
2020,470329,ROYAL GOLDEN EAGLE,APRIL,FUTONG,RIAU,502,155739,UNKNOWN,UNKNOWN,UNKNOWN COUNTRY,SINGAPORE,INDIA
2020,470329,ROYAL GOLDEN EAGLE,APRIL,FUTONG,RIAU,703,228630,UNKNOWN,UNKNOWN,UNKNOWN COUNTRY,SINGAPORE,UNITED ARAB EMIRATES
2020,470329,MARUBENI,TANJUNG ENIM LESTARI,PANJANG,SUMATERA SELATAN,491,198828,UNKNOWN,UNKNOWN,UNKNOWN COUNTRY,QINGDAO,CHINA (MAINLAND)
2020,470200,ROYAL GOLDEN EAGLE,TOBA PULP LESTARI,BELAWAN,SUMATERA UTARA,501,282756,UNKNOWN,UNKNOWN,UNKNOWN COUNTRY,QINGDAO,CHINA (MAINLAND)
2020,470200,ROYAL GOLDEN EAGLE,APRIL,BUATAN,RIAU,506,202368,UNKNOWN,UNKNOWN,UNKNOWN COUNTRY,SINGAPORE,CHINA (MAINLAND)
2020,470200,ROYAL GOLDEN EAGLE,APRIL,BUATAN,RIAU,506,202359,UNKNOWN,UNKNOWN,UNKNOWN COUNTRY,SINGAPORE,CHINA (MAINLAND)
2020,470200,ROYAL GOLDEN EAGLE,APRIL,BUATAN,RIAU,506,202356,UNKNOWN,UNKNOWN,UNKNOWN COUNTRY,SINGAPORE,CHINA (MAINLAND)
2020,470200,ROYAL GOLDEN EAGLE,APRIL,BUATAN,RIAU,506,202201,UNKNOWN,UNKNOWN,UNKNOWN COUNTRY,SINGAPORE,CHINA (MAINLAND)
2020,470329,MARUBENI,TANJUNG ENIM LESTARI,PANJANG,SUMATERA SELATAN,172,64698,UNKNOWN,UNKNOWN,UNKNOWN COUNTRY,JAWAHARLAL NEHRU (NHAVA SHEVA),INDIA
2020,470329,MARUBENI,TANJUNG ENIM LESTARI,PANJANG,SUMATERA SELATAN,105,40941,UNKNOWN,UNKNOWN,UNKNOWN COUNTRY,JAWAHARLAL NEHRU (NHAVA SHEVA),INDIA
2020,470329,MARUBENI,TANJUNG ENIM LESTARI,PANJANG,SUMATERA SELATAN,107,44242,UNKNOWN,UNKNOWN,UNKNOWN COUNTRY,PIPAVAV (VICTOR) PORT,INDIA
2020,470329,MARUBENI,TANJUNG ENIM LESTARI,PANJANG,SUMATERA SELATAN,106,42906,UNKNOWN,UNKNOWN,UNKNOWN COUNTRY,PIPAVAV (VICTOR) PORT,INDIA
2020,470329,SINAR MAS,INDAH KIAT,PERAWANG,RIAU,1000,465262,UNKNOWN,UNKNOWN,UNKNOWN COUNTRY,DALIAN,CHINA (MAINLAND)
2020,470329,SINAR MAS,INDAH KIAT,PERAWANG,RIAU,600,275187,UNKNOWN,UNKNOWN,UNKNOWN COUNTRY,EL ISKANDARIYA (=ALEXANDRIA),EGYPT
2020,470329,SINAR MAS,INDAH KIAT,SUNGAI PAKNING,RIAU,3400,1541010,UNKNOWN,UNKNOWN,UNKNOWN COUNTRY,DAFENG,CHINA (MAINLAND)
2020,470329,SINAR MAS,INDAH KIAT,SUNGAI PAKNING,RIAU,3500,1586334,UNKNOWN,UNKNOWN,UNKNOWN COUNTRY,DAFENG,CHINA (MAINLAND)
2020,470329,SINAR MAS,INDAH KIAT,SUNGAI PAKNING,RIAU,1600,725181,UNKNOWN,UNKNOWN,UNKNOWN COUNTRY,DAFENG,CHINA (MAINLAND)
2020,470329,SINAR MAS,INDAH KIAT,SUNGAI PAKNING,RIAU,4880,2244800,UNKNOWN,UNKNOWN,UNKNOWN COUNTRY,ULSAN,SOUTH KOREA
2020,470200,ROYAL GOLDEN EAGLE,APRIL,BUATAN,RIAU,507,202612,UNKNOWN,UNKNOWN,UNKNOWN COUNTRY,SINGAPORE,CHINA (MAINLAND)
2020,470329,ROYAL GOLDEN EAGLE,APRIL,FUTONG,RIAU,502,177812,UNKNOWN,UNKNOWN,UNKNOWN COUNTRY,SINGAPORE,BANGLADESH
2020,470200,ROYAL GOLDEN EAGLE,APRIL,FUTONG,RIAU,508,203332,UNKNOWN,UNKNOWN,UNKNOWN COUNTRY,SINGAPORE,CHINA (MAINLAND)
2020,470200,ROYAL GOLDEN EAGLE,APRIL,FUTONG,RIAU,508,203302,UNKNOWN,UNKNOWN,UNKNOWN COUNTRY,SINGAPORE,CHINA (MAINLAND)
2020,470200,ROYAL GOLDEN EAGLE,APRIL,FUTONG,RIAU,508,203103,UNKNOWN,UNKNOWN,UNKNOWN COUNTRY,SINGAPORE,CHINA (MAINLAND)
2020,470200,ROYAL GOLDEN EAGLE,APRIL,FUTONG,RIAU,508,203010,UNKNOWN,UNKNOWN,UNKNOWN COUNTRY,SINGAPORE,CHINA (MAINLAND)
2020,470329,ROYAL GOLDEN EAGLE,APRIL,FUTONG,RIAU,402,142193,UNKNOWN,UNKNOWN,UNKNOWN COUNTRY,SINGAPORE,CHINA (MAINLAND)
2020,470329,ROYAL GOLDEN EAGLE,APRIL,FUTONG,RIAU,402,124574,UNKNOWN,UNKNOWN,UNKNOWN COUNTRY,SINGAPORE,THAILAND
2020,470329,SINAR MAS,OKI,SULTAN MAHMUD BADARUDDIN (U),SUMATERA SELATAN,5200,2345980,UNKNOWN,UNKNOWN,UNKNOWN COUNTRY,QINZHOU,CHINA (MAINLAND)
2020,470329,SINAR MAS,OKI,SULTAN MAHMUD BADARUDDIN (U),SUMATERA SELATAN,2500,1127875,UNKNOWN,UNKNOWN,UNKNOWN COUNTRY,QINZHOU,CHINA (MAINLAND)
2020,470329,SINAR MAS,OKI,SULTAN MAHMUD BADARUDDIN (U),SUMATERA SELATAN,6300,2854845,UNKNOWN,UNKNOWN,UNKNOWN COUNTRY,YANGPU,CHINA (MAINLAND)
2020,470329,SINAR MAS,INDAH KIAT,SUNGAI PAKNING,RIAU,400,184200,UNKNOWN,UNKNOWN,UNKNOWN COUNTRY,NINGBO,CHINA (MAINLAND)
2020,470329,SINAR MAS,INDAH KIAT,SUNGAI PAKNING,RIAU,5000,2302500,UNKNOWN,UNKNOWN,UNKNOWN COUNTRY,NINGBO,CHINA (MAINLAND)
2020,470329,SINAR MAS,INDAH KIAT,SUNGAI PAKNING,RIAU,3200,1478400,UNKNOWN,UNKNOWN,UNKNOWN COUNTRY,SHANGHAI,CHINA (MAINLAND)
2020,470329,SINAR MAS,INDAH KIAT,SUNGAI PAKNING,RIAU,1000,462000,UNKNOWN,UNKNOWN,UNKNOWN COUNTRY,SHANGHAI,CHINA (MAINLAND)
2020,470329,SINAR MAS,INDAH KIAT,SUNGAI PAKNING,RIAU,1500,693000,UNKNOWN,UNKNOWN,UNKNOWN COUNTRY,SHANGHAI,CHINA (MAINLAND)
2020,470329,SINAR MAS,INDAH KIAT,SUNGAI PAKNING,RIAU,4000,1848000,UNKNOWN,UNKNOWN,UNKNOWN COUNTRY,SHANGHAI,CHINA (MAINLAND)
2020,470329,SINAR MAS,INDAH KIAT,SUNGAI PAKNING,RIAU,3000,1381500,UNKNOWN,UNKNOWN,UNKNOWN COUNTRY,SHANGHAI,CHINA (MAINLAND)
2020,470329,SINAR MAS,INDAH KIAT,SUNGAI PAKNING,RIAU,2400,1105200,UNKNOWN,UNKNOWN,UNKNOWN COUNTRY,SHANGHAI,CHINA (MAINLAND)
2020,470200,ROYAL GOLDEN EAGLE,APRIL,BUATAN,RIAU,506,202581,UNKNOWN,UNKNOWN,UNKNOWN COUNTRY,SINGAPORE,CHINA (MAINLAND)
2020,470200,ROYAL GOLDEN EAGLE,APRIL,BUATAN,RIAU,506,202379,UNKNOWN,UNKNOWN,UNKNOWN COUNTRY,SINGAPORE,CHINA (MAINLAND)
2020,470200,ROYAL GOLDEN EAGLE,APRIL,BUATAN,RIAU,506,202232,UNKNOWN,UNKNOWN,UNKNOWN COUNTRY,SINGAPORE,CHINA (MAINLAND)
2020,470329,ROYAL GOLDEN EAGLE,APRIL,FUTONG,RIAU,1005,355743,UNKNOWN,UNKNOWN,UNKNOWN COUNTRY,SINGAPORE,BANGLADESH
2020,470200,ROYAL GOLDEN EAGLE,APRIL,FUTONG,RIAU,506,202565,UNKNOWN,UNKNOWN,UNKNOWN COUNTRY,PORT KELANG,CHINA (MAINLAND)
2020,470200,ROYAL GOLDEN EAGLE,APRIL,FUTONG,RIAU,506,202513,UNKNOWN,UNKNOWN,UNKNOWN COUNTRY,PORT KELANG,CHINA (MAINLAND)
2020,470200,ROYAL GOLDEN EAGLE,APRIL,FUTONG,RIAU,506,202511,UNKNOWN,UNKNOWN,UNKNOWN COUNTRY,PORT KELANG,CHINA (MAINLAND)
2020,470200,ROYAL GOLDEN EAGLE,APRIL,FUTONG,RIAU,506,202485,UNKNOWN,UNKNOWN,UNKNOWN COUNTRY,PORT KELANG,CHINA (MAINLAND)
2020,470200,ROYAL GOLDEN EAGLE,APRIL,FUTONG,RIAU,506,202474,UNKNOWN,UNKNOWN,UNKNOWN COUNTRY,PORT KELANG,CHINA (MAINLAND)
2020,470200,ROYAL GOLDEN EAGLE,APRIL,FUTONG,RIAU,506,202452,UNKNOWN,UNKNOWN,UNKNOWN COUNTRY,PORT KELANG,CHINA (MAINLAND)
2020,470200,ROYAL GOLDEN EAGLE,APRIL,FUTONG,RIAU,509,203497,UNKNOWN,UNKNOWN,UNKNOWN COUNTRY,SINGAPORE,CHINA (MAINLAND)
2020,470200,ROYAL GOLDEN EAGLE,APRIL,FUTONG,RIAU,508,203203,UNKNOWN,UNKNOWN,UNKNOWN COUNTRY,SINGAPORE,CHINA (MAINLAND)
2020,470329,ROYAL GOLDEN EAGLE,APRIL,FUTONG,RIAU,161,56952,UNKNOWN,UNKNOWN,UNKNOWN COUNTRY,SINGAPORE,INDIA
2020,470329,ROYAL GOLDEN EAGLE,APRIL,FUTONG,RIAU,80,24922,UNKNOWN,UNKNOWN,UNKNOWN COUNTRY,SINGAPORE,INDIA
2020,470329,ROYAL GOLDEN EAGLE,APRIL,FUTONG,RIAU,201,71041,UNKNOWN,UNKNOWN,UNKNOWN COUNTRY,SINGAPORE,INDIA
2020,470329,ROYAL GOLDEN EAGLE,APRIL,FUTONG,RIAU,201,71106,UNKNOWN,UNKNOWN,UNKNOWN COUNTRY,SINGAPORE,INDIA
2020,470329,ROYAL GOLDEN EAGLE,APRIL,FUTONG,RIAU,302,106826,UNKNOWN,UNKNOWN,UNKNOWN COUNTRY,SINGAPORE,THAILAND
2020,470329,SINAR MAS,INDAH KIAT,PERAWANG,RIAU,1000,465262,UNKNOWN,UNKNOWN,UNKNOWN COUNTRY,DALIAN,CHINA (MAINLAND)
2020,470200,ROYAL GOLDEN EAGLE,APRIL,BUATAN,RIAU,508,203380,UNKNOWN,UNKNOWN,UNKNOWN COUNTRY,SINGAPORE,CHINA (MAINLAND)
2020,470329,ROYAL GOLDEN EAGLE,APRIL,BUATAN,RIAU,261,92449,UNKNOWN,UNKNOWN,UNKNOWN COUNTRY,SINGAPORE,INDIA
2020,470200,ROYAL GOLDEN EAGLE,APRIL,FUTONG,RIAU,508,203278,UNKNOWN,UNKNOWN,UNKNOWN COUNTRY,PORT KELANG,CHINA (MAINLAND)
2020,470200,ROYAL GOLDEN EAGLE,APRIL,FUTONG,RIAU,508,203300,UNKNOWN,UNKNOWN,UNKNOWN COUNTRY,PORT KELANG,CHINA (MAINLAND)
2020,470200,ROYAL GOLDEN EAGLE,APRIL,FUTONG,RIAU,506,202575,UNKNOWN,UNKNOWN,UNKNOWN COUNTRY,PORT KELANG,CHINA (MAINLAND)
2020,470200,ROYAL GOLDEN EAGLE,APRIL,FUTONG,RIAU,506,202554,UNKNOWN,UNKNOWN,UNKNOWN COUNTRY,PORT KELANG,CHINA (MAINLAND)
2020,470200,ROYAL GOLDEN EAGLE,APRIL,FUTONG,RIAU,506,202461,UNKNOWN,UNKNOWN,UNKNOWN COUNTRY,PORT KELANG,CHINA (MAINLAND)
2020,470200,ROYAL GOLDEN EAGLE,APRIL,FUTONG,RIAU,506,202274,UNKNOWN,UNKNOWN,UNKNOWN COUNTRY,PORT KELANG,CHINA (MAINLAND)
2020,470200,ROYAL GOLDEN EAGLE,APRIL,BUATAN,RIAU,508,203194,UNKNOWN,UNKNOWN,UNKNOWN COUNTRY,SINGAPORE,CHINA (MAINLAND)
2020,470200,ROYAL GOLDEN EAGLE,APRIL,BUATAN,RIAU,506,202478,UNKNOWN,UNKNOWN,UNKNOWN COUNTRY,SINGAPORE,CHINA (MAINLAND)
2020,470329,ROYAL GOLDEN EAGLE,APRIL,BUATAN,RIAU,96,34143,UNKNOWN,UNKNOWN,UNKNOWN COUNTRY,SINGAPORE,TAIWAN
2020,470200,ROYAL GOLDEN EAGLE,APRIL,FUTONG,RIAU,509,203471,UNKNOWN,UNKNOWN,UNKNOWN COUNTRY,PORT KELANG,CHINA (MAINLAND)
2020,470200,ROYAL GOLDEN EAGLE,APRIL,FUTONG,RIAU,509,203437,UNKNOWN,UNKNOWN,UNKNOWN COUNTRY,PORT KELANG,CHINA (MAINLAND)
2020,470200,ROYAL GOLDEN EAGLE,APRIL,FUTONG,RIAU,506,202579,UNKNOWN,UNKNOWN,UNKNOWN COUNTRY,PORT KELANG,CHINA (MAINLAND)
2020,470200,ROYAL GOLDEN EAGLE,APRIL,FUTONG,RIAU,506,202529,UNKNOWN,UNKNOWN,UNKNOWN COUNTRY,PORT KELANG,CHINA (MAINLAND)
2020,470200,ROYAL GOLDEN EAGLE,APRIL,FUTONG,RIAU,506,202450,UNKNOWN,UNKNOWN,UNKNOWN COUNTRY,PORT KELANG,CHINA (MAINLAND)
2020,470200,ROYAL GOLDEN EAGLE,APRIL,FUTONG,RIAU,506,202390,UNKNOWN,UNKNOWN,UNKNOWN COUNTRY,PORT KELANG,CHINA (MAINLAND)
2020,470200,ROYAL GOLDEN EAGLE,APRIL,FUTONG,RIAU,506,202300,UNKNOWN,UNKNOWN,UNKNOWN COUNTRY,PORT KELANG,CHINA (MAINLAND)
2020,470200,ROYAL GOLDEN EAGLE,APRIL,FUTONG,RIAU,506,202265,UNKNOWN,UNKNOWN,UNKNOWN COUNTRY,PORT KELANG,CHINA (MAINLAND)
2020,470200,ROYAL GOLDEN EAGLE,APRIL,BUATAN,RIAU,506,202425,UNKNOWN,UNKNOWN,UNKNOWN COUNTRY,SINGAPORE,CHINA (MAINLAND)
2020,470200,ROYAL GOLDEN EAGLE,APRIL,BUATAN,RIAU,506,202446,UNKNOWN,UNKNOWN,UNKNOWN COUNTRY,SINGAPORE,CHINA (MAINLAND)
2020,470200,ROYAL GOLDEN EAGLE,APRIL,FUTONG,RIAU,506,202392,UNKNOWN,UNKNOWN,UNKNOWN COUNTRY,SINGAPORE,CHINA (MAINLAND)
2020,470200,ROYAL GOLDEN EAGLE,APRIL,FUTONG,RIAU,506,202325,UNKNOWN,UNKNOWN,UNKNOWN COUNTRY,SINGAPORE,CHINA (MAINLAND)
2020,470329,SINAR MAS,INDAH KIAT,PERAWANG,RIAU,500,243146,UNKNOWN,UNKNOWN,UNKNOWN COUNTRY,MELBOURNE,AUSTRALIA
2020,470329,SINAR MAS,INDAH KIAT,PERAWANG,RIAU,1060,469299,UNKNOWN,UNKNOWN,UNKNOWN COUNTRY,TUTICORIN,INDIA
2020,470329,SINAR MAS,OKI,SULTAN MAHMUD BADARUDDIN (U),SUMATERA SELATAN,3000,1378950,UNKNOWN,UNKNOWN,UNKNOWN COUNTRY,SHANGHAI,CHINA (MAINLAND)
2020,470329,SINAR MAS,OKI,SULTAN MAHMUD BADARUDDIN (U),SUMATERA SELATAN,500,226825,UNKNOWN,UNKNOWN,UNKNOWN COUNTRY,SHANGHAI,CHINA (MAINLAND)
2020,470329,SINAR MAS,OKI,SULTAN MAHMUD BADARUDDIN (U),SUMATERA SELATAN,3500,1587775,UNKNOWN,UNKNOWN,UNKNOWN COUNTRY,SHANGHAI,CHINA (MAINLAND)
2020,470329,SINAR MAS,OKI,SULTAN MAHMUD BADARUDDIN (U),SUMATERA SELATAN,2000,906779,UNKNOWN,UNKNOWN,UNKNOWN COUNTRY,SHANGHAI,CHINA (MAINLAND)
2020,470329,SINAR MAS,OKI,SULTAN MAHMUD BADARUDDIN (U),SUMATERA SELATAN,5000,2398250,UNKNOWN,UNKNOWN,UNKNOWN COUNTRY,ZHENJIANG,CHINA (MAINLAND)
2020,470329,SINAR MAS,OKI,SULTAN MAHMUD BADARUDDIN (U),SUMATERA SELATAN,9000,4082850,UNKNOWN,UNKNOWN,UNKNOWN COUNTRY,ZHENJIANG,CHINA (MAINLAND)
2020,470329,MARUBENI,TANJUNG ENIM LESTARI,TARAHAN,SUMATERA SELATAN,1623,653433,UNKNOWN,UNKNOWN,UNKNOWN COUNTRY,XINGANG,CHINA (MAINLAND)
2020,470329,MARUBENI,TANJUNG ENIM LESTARI,TARAHAN,SUMATERA SELATAN,901,362961,UNKNOWN,UNKNOWN,UNKNOWN COUNTRY,XINGANG,CHINA (MAINLAND)
2020,470329,MARUBENI,TANJUNG ENIM LESTARI,TARAHAN,SUMATERA SELATAN,3615,1386626,UNKNOWN,UNKNOWN,UNKNOWN COUNTRY,YANGJIANG,CHINA (MAINLAND)
2020,470329,MARUBENI,TANJUNG ENIM LESTARI,TARAHAN,SUMATERA SELATAN,957,385962,UNKNOWN,UNKNOWN,UNKNOWN COUNTRY,PYEONGTAEK,SOUTH KOREA
2020,470329,MARUBENI,TANJUNG ENIM LESTARI,TARAHAN,SUMATERA SELATAN,957,385868,UNKNOWN,UNKNOWN,UNKNOWN COUNTRY,PYEONGTAEK,SOUTH KOREA
2020,470329,MARUBENI,TANJUNG ENIM LESTARI,TARAHAN,SUMATERA SELATAN,199,84835,UNKNOWN,UNKNOWN,UNKNOWN COUNTRY,PYEONGTAEK,SOUTH KOREA
2020,470329,MARUBENI,TANJUNG ENIM LESTARI,TARAHAN,SUMATERA SELATAN,799,322439,UNKNOWN,UNKNOWN,UNKNOWN COUNTRY,PYEONGTAEK,SOUTH KOREA
2020,470329,MARUBENI,TANJUNG ENIM LESTARI,TARAHAN,SUMATERA SELATAN,956,385496,UNKNOWN,UNKNOWN,UNKNOWN COUNTRY,PYEONGTAEK,SOUTH KOREA
2020,470200,ROYAL GOLDEN EAGLE,APRIL,BUATAN,RIAU,506,202536,UNKNOWN,UNKNOWN,UNKNOWN COUNTRY,SINGAPORE,CHINA (MAINLAND)
2020,470200,ROYAL GOLDEN EAGLE,APRIL,BUATAN,RIAU,506,202512,UNKNOWN,UNKNOWN,UNKNOWN COUNTRY,SINGAPORE,CHINA (MAINLAND)
2020,470329,ROYAL GOLDEN EAGLE,APRIL,BUATAN,RIAU,161,56904,UNKNOWN,UNKNOWN,UNKNOWN COUNTRY,SINGAPORE,INDIA
2020,470329,SINAR MAS,OKI,SULTAN MAHMUD BADARUDDIN (U),SUMATERA SELATAN,10000,4548882,UNKNOWN,UNKNOWN,UNKNOWN COUNTRY,DAFENG,CHINA (MAINLAND)
2020,470329,SINAR MAS,OKI,SULTAN MAHMUD BADARUDDIN (U),SUMATERA SELATAN,1000,454888,UNKNOWN,UNKNOWN,UNKNOWN COUNTRY,DAFENG,CHINA (MAINLAND)
2020,470329,SINAR MAS,OKI,SULTAN MAHMUD BADARUDDIN (U),SUMATERA SELATAN,1200,545866,UNKNOWN,UNKNOWN,UNKNOWN COUNTRY,DAFENG,CHINA (MAINLAND)
2020,470200,ROYAL GOLDEN EAGLE,APRIL,BUATAN,RIAU,506,202465,UNKNOWN,UNKNOWN,UNKNOWN COUNTRY,SINGAPORE,CHINA (MAINLAND)
2020,470200,ROYAL GOLDEN EAGLE,APRIL,BUATAN,RIAU,506,202511,UNKNOWN,UNKNOWN,UNKNOWN COUNTRY,SINGAPORE,CHINA (MAINLAND)
2020,470200,ROYAL GOLDEN EAGLE,APRIL,BUATAN,RIAU,506,202348,UNKNOWN,UNKNOWN,UNKNOWN COUNTRY,SINGAPORE,CHINA (MAINLAND)
2020,470200,ROYAL GOLDEN EAGLE,APRIL,BUATAN,RIAU,506,202234,UNKNOWN,UNKNOWN,UNKNOWN COUNTRY,SINGAPORE,CHINA (MAINLAND)
2020,470329,ROYAL GOLDEN EAGLE,APRIL,FUTONG,RIAU,503,177921,UNKNOWN,UNKNOWN,UNKNOWN COUNTRY,SINGAPORE,BANGLADESH
2020,470200,ROYAL GOLDEN EAGLE,APRIL,FUTONG,RIAU,508,203013,UNKNOWN,UNKNOWN,UNKNOWN COUNTRY,SINGAPORE,CHINA (MAINLAND)
2020,470200,ROYAL GOLDEN EAGLE,APRIL,FUTONG,RIAU,508,203133,UNKNOWN,UNKNOWN,UNKNOWN COUNTRY,SINGAPORE,CHINA (MAINLAND)
2020,470200,ROYAL GOLDEN EAGLE,APRIL,FUTONG,RIAU,508,203132,UNKNOWN,UNKNOWN,UNKNOWN COUNTRY,SINGAPORE,CHINA (MAINLAND)
2020,470200,ROYAL GOLDEN EAGLE,APRIL,FUTONG,RIAU,508,203021,UNKNOWN,UNKNOWN,UNKNOWN COUNTRY,SINGAPORE,CHINA (MAINLAND)
2020,470329,ROYAL GOLDEN EAGLE,APRIL,FUTONG,RIAU,6090,2155860,UNKNOWN,UNKNOWN,UNKNOWN COUNTRY,KAKINADA,INDIA
2020,470329,MARUBENI,TANJUNG ENIM LESTARI,PANJANG,SUMATERA SELATAN,158,60943,UNKNOWN,UNKNOWN,UNKNOWN COUNTRY,JAWAHARLAL NEHRU (NHAVA SHEVA),INDIA
2020,470329,MARUBENI,TANJUNG ENIM LESTARI,PANJANG,SUMATERA SELATAN,149,63090,UNKNOWN,UNKNOWN,UNKNOWN COUNTRY,PIPAVAV (VICTOR) PORT,INDIA
2020,470329,SINAR MAS,INDAH KIAT,PERAWANG,RIAU,400,185080,UNKNOWN,UNKNOWN,UNKNOWN COUNTRY,DALIAN,CHINA (MAINLAND)
2020,470329,SINAR MAS,INDAH KIAT,PERAWANG,RIAU,460,216272,UNKNOWN,UNKNOWN,UNKNOWN COUNTRY,HAIPHONG,VIETNAM
2020,470200,ROYAL GOLDEN EAGLE,APRIL,BUATAN,RIAU,506,202470,UNKNOWN,UNKNOWN,UNKNOWN COUNTRY,SINGAPORE,CHINA (MAINLAND)
2020,470200,ROYAL GOLDEN EAGLE,APRIL,BUATAN,RIAU,506,202431,UNKNOWN,UNKNOWN,UNKNOWN COUNTRY,SINGAPORE,CHINA (MAINLAND)
2020,470200,ROYAL GOLDEN EAGLE,APRIL,BUATAN,RIAU,506,202372,UNKNOWN,UNKNOWN,UNKNOWN COUNTRY,SINGAPORE,CHINA (MAINLAND)
2020,470329,ROYAL GOLDEN EAGLE,APRIL,FUTONG,RIAU,502,177757,UNKNOWN,UNKNOWN,UNKNOWN COUNTRY,SINGAPORE,BANGLADESH
2020,470200,ROYAL GOLDEN EAGLE,APRIL,FUTONG,RIAU,508,203280,UNKNOWN,UNKNOWN,UNKNOWN COUNTRY,PORT KELANG,CHINA (MAINLAND)
2020,470200,ROYAL GOLDEN EAGLE,APRIL,FUTONG,RIAU,507,202604,UNKNOWN,UNKNOWN,UNKNOWN COUNTRY,PORT KELANG,CHINA (MAINLAND)
2020,470200,ROYAL GOLDEN EAGLE,APRIL,FUTONG,RIAU,508,203326,UNKNOWN,UNKNOWN,UNKNOWN COUNTRY,SINGAPORE,CHINA (MAINLAND)
2020,470200,ROYAL GOLDEN EAGLE,APRIL,FUTONG,RIAU,508,203072,UNKNOWN,UNKNOWN,UNKNOWN COUNTRY,SINGAPORE,CHINA (MAINLAND)
2020,470200,ROYAL GOLDEN EAGLE,APRIL,FUTONG,RIAU,508,203054,UNKNOWN,UNKNOWN,UNKNOWN COUNTRY,SINGAPORE,CHINA (MAINLAND)
2020,470200,ROYAL GOLDEN EAGLE,APRIL,FUTONG,RIAU,506,202407,UNKNOWN,UNKNOWN,UNKNOWN COUNTRY,SINGAPORE,CHINA (MAINLAND)
2020,470200,ROYAL GOLDEN EAGLE,APRIL,FUTONG,RIAU,506,202420,UNKNOWN,UNKNOWN,UNKNOWN COUNTRY,SINGAPORE,CHINA (MAINLAND)
2020,470200,ROYAL GOLDEN EAGLE,APRIL,FUTONG,RIAU,508,203263,UNKNOWN,UNKNOWN,UNKNOWN COUNTRY,TANJUNG PELEPAS,CHINA (MAINLAND)
2020,470200,ROYAL GOLDEN EAGLE,APRIL,FUTONG,RIAU,508,203110,UNKNOWN,UNKNOWN,UNKNOWN COUNTRY,TANJUNG PELEPAS,CHINA (MAINLAND)
2020,470200,ROYAL GOLDEN EAGLE,APRIL,BUATAN,RIAU,506,202445,UNKNOWN,UNKNOWN,UNKNOWN COUNTRY,SINGAPORE,CHINA (MAINLAND)
2020,470200,ROYAL GOLDEN EAGLE,APRIL,BUATAN,RIAU,506,202359,UNKNOWN,UNKNOWN,UNKNOWN COUNTRY,SINGAPORE,CHINA (MAINLAND)
2020,470200,ROYAL GOLDEN EAGLE,APRIL,FUTONG,RIAU,305,122094,UNKNOWN,UNKNOWN,UNKNOWN COUNTRY,PORT KELANG,CHINA (MAINLAND)
2020,470200,ROYAL GOLDEN EAGLE,APRIL,FUTONG,RIAU,507,202653,UNKNOWN,UNKNOWN,UNKNOWN COUNTRY,PORT KELANG,CHINA (MAINLAND)
2020,470200,ROYAL GOLDEN EAGLE,APRIL,FUTONG,RIAU,507,202730,UNKNOWN,UNKNOWN,UNKNOWN COUNTRY,PORT KELANG,CHINA (MAINLAND)
2020,470200,ROYAL GOLDEN EAGLE,APRIL,FUTONG,RIAU,506,202506,UNKNOWN,UNKNOWN,UNKNOWN COUNTRY,PORT KELANG,CHINA (MAINLAND)
2020,470200,ROYAL GOLDEN EAGLE,APRIL,FUTONG,RIAU,507,202684,UNKNOWN,UNKNOWN,UNKNOWN COUNTRY,PORT KELANG,CHINA (MAINLAND)
2020,470200,ROYAL GOLDEN EAGLE,APRIL,FUTONG,RIAU,506,202496,UNKNOWN,UNKNOWN,UNKNOWN COUNTRY,PORT KELANG,CHINA (MAINLAND)
2020,470200,ROYAL GOLDEN EAGLE,APRIL,FUTONG,RIAU,506,202473,UNKNOWN,UNKNOWN,UNKNOWN COUNTRY,PORT KELANG,CHINA (MAINLAND)
2020,470200,ROYAL GOLDEN EAGLE,APRIL,FUTONG,RIAU,202,80904,UNKNOWN,UNKNOWN,UNKNOWN COUNTRY,PORT KELANG,CHINA (MAINLAND)
2020,470329,SINAR MAS,INDAH KIAT,PERAWANG,RIAU,620,288045,UNKNOWN,UNKNOWN,UNKNOWN COUNTRY,JEBEL ALI,UNITED ARAB EMIRATES
2020,470200,ROYAL GOLDEN EAGLE,APRIL,BUATAN,RIAU,507,202840,UNKNOWN,UNKNOWN,UNKNOWN COUNTRY,SINGAPORE,CHINA (MAINLAND)
2020,470200,ROYAL GOLDEN EAGLE,APRIL,BUATAN,RIAU,506,202404,UNKNOWN,UNKNOWN,UNKNOWN COUNTRY,SINGAPORE,CHINA (MAINLAND)
2020,470200,ROYAL GOLDEN EAGLE,APRIL,FUTONG,RIAU,508,203326,UNKNOWN,UNKNOWN,UNKNOWN COUNTRY,PORT KELANG,CHINA (MAINLAND)
2020,470200,ROYAL GOLDEN EAGLE,APRIL,FUTONG,RIAU,508,203304,UNKNOWN,UNKNOWN,UNKNOWN COUNTRY,PORT KELANG,CHINA (MAINLAND)
2020,470200,ROYAL GOLDEN EAGLE,APRIL,FUTONG,RIAU,507,202924,UNKNOWN,UNKNOWN,UNKNOWN COUNTRY,PORT KELANG,CHINA (MAINLAND)
2020,470200,ROYAL GOLDEN EAGLE,APRIL,FUTONG,RIAU,506,202504,UNKNOWN,UNKNOWN,UNKNOWN COUNTRY,PORT KELANG,CHINA (MAINLAND)
2020,470200,ROYAL GOLDEN EAGLE,APRIL,FUTONG,RIAU,506,202412,UNKNOWN,UNKNOWN,UNKNOWN COUNTRY,PORT KELANG,CHINA (MAINLAND)
2020,470200,ROYAL GOLDEN EAGLE,APRIL,FUTONG,RIAU,506,202570,UNKNOWN,UNKNOWN,UNKNOWN COUNTRY,PORT KELANG,CHINA (MAINLAND)
2020,470200,ROYAL GOLDEN EAGLE,APRIL,FUTONG,RIAU,506,202519,UNKNOWN,UNKNOWN,UNKNOWN COUNTRY,PORT KELANG,CHINA (MAINLAND)
2020,470200,ROYAL GOLDEN EAGLE,APRIL,FUTONG,RIAU,506,202527,UNKNOWN,UNKNOWN,UNKNOWN COUNTRY,PORT KELANG,CHINA (MAINLAND)
2020,470200,ROYAL GOLDEN EAGLE,APRIL,FUTONG,RIAU,506,202598,UNKNOWN,UNKNOWN,UNKNOWN COUNTRY,PORT KELANG,CHINA (MAINLAND)
2020,470329,SINAR MAS,INDAH KIAT,PERAWANG,RIAU,500,243146,UNKNOWN,UNKNOWN,UNKNOWN COUNTRY,MELBOURNE,AUSTRALIA
2020,470329,SINAR MAS,INDAH KIAT,PERAWANG,RIAU,600,275187,UNKNOWN,UNKNOWN,UNKNOWN COUNTRY,EL ISKANDARIYA (=ALEXANDRIA),EGYPT
2020,470329,SINAR MAS,INDAH KIAT,PERAWANG,RIAU,520,248158,UNKNOWN,UNKNOWN,UNKNOWN COUNTRY,TUTICORIN,INDIA
2020,470329,SINAR MAS,INDAH KIAT,PERAWANG,RIAU,640,305425,UNKNOWN,UNKNOWN,UNKNOWN COUNTRY,TUTICORIN,INDIA
2020,470200,ROYAL GOLDEN EAGLE,APRIL,BUATAN,RIAU,507,202623,UNKNOWN,UNKNOWN,UNKNOWN COUNTRY,SINGAPORE,CHINA (MAINLAND)
2020,470200,ROYAL GOLDEN EAGLE,APRIL,BUATAN,RIAU,507,202692,UNKNOWN,UNKNOWN,UNKNOWN COUNTRY,SINGAPORE,CHINA (MAINLAND)
2020,470200,ROYAL GOLDEN EAGLE,APRIL,BUATAN,RIAU,506,202568,UNKNOWN,UNKNOWN,UNKNOWN COUNTRY,SINGAPORE,CHINA (MAINLAND)
2020,470200,ROYAL GOLDEN EAGLE,APRIL,FUTONG,RIAU,506,202527,UNKNOWN,UNKNOWN,UNKNOWN COUNTRY,PORT KELANG,CHINA (MAINLAND)
2020,470200,ROYAL GOLDEN EAGLE,APRIL,FUTONG,RIAU,506,202502,UNKNOWN,UNKNOWN,UNKNOWN COUNTRY,PORT KELANG,CHINA (MAINLAND)
2020,470200,ROYAL GOLDEN EAGLE,APRIL,FUTONG,RIAU,508,203176,UNKNOWN,UNKNOWN,UNKNOWN COUNTRY,SINGAPORE,CHINA (MAINLAND)
2020,470200,ROYAL GOLDEN EAGLE,APRIL,FUTONG,RIAU,507,202820,UNKNOWN,UNKNOWN,UNKNOWN COUNTRY,SINGAPORE,CHINA (MAINLAND)
2020,470200,ROYAL GOLDEN EAGLE,APRIL,FUTONG,RIAU,506,202593,UNKNOWN,UNKNOWN,UNKNOWN COUNTRY,SINGAPORE,CHINA (MAINLAND)
2020,470200,ROYAL GOLDEN EAGLE,APRIL,FUTONG,RIAU,506,202506,UNKNOWN,UNKNOWN,UNKNOWN COUNTRY,SINGAPORE,CHINA (MAINLAND)
2020,470329,ROYAL GOLDEN EAGLE,APRIL,FUTONG,RIAU,161,56949,UNKNOWN,UNKNOWN,UNKNOWN COUNTRY,SINGAPORE,INDIA
2020,470329,ROYAL GOLDEN EAGLE,APRIL,FUTONG,RIAU,502,177797,UNKNOWN,UNKNOWN,UNKNOWN COUNTRY,SINGAPORE,INDIA
2020,470329,ROYAL GOLDEN EAGLE,APRIL,FUTONG,RIAU,201,71215,UNKNOWN,UNKNOWN,UNKNOWN COUNTRY,SINGAPORE,INDIA
2020,470329,ROYAL GOLDEN EAGLE,APRIL,FUTONG,RIAU,301,106665,UNKNOWN,UNKNOWN,UNKNOWN COUNTRY,SINGAPORE,THAILAND
2020,470329,SINAR MAS,INDAH KIAT,PERAWANG,RIAU,620,288045,UNKNOWN,UNKNOWN,UNKNOWN COUNTRY,JEBEL ALI,UNITED ARAB EMIRATES
2020,470329,SINAR MAS,OKI,SULTAN MAHMUD BADARUDDIN (U),SUMATERA SELATAN,6500,3124225,UNKNOWN,UNKNOWN,UNKNOWN COUNTRY,NINGBO,CHINA (MAINLAND)
2020,470329,SINAR MAS,OKI,SULTAN MAHMUD BADARUDDIN (U),SUMATERA SELATAN,5500,2500575,UNKNOWN,UNKNOWN,UNKNOWN COUNTRY,NINGBO,CHINA (MAINLAND)
2020,470329,SINAR MAS,OKI,SULTAN MAHMUD BADARUDDIN (U),SUMATERA SELATAN,4800,2182320,UNKNOWN,UNKNOWN,UNKNOWN COUNTRY,QINZHOU,CHINA (MAINLAND)
2020,470329,SINAR MAS,OKI,SULTAN MAHMUD BADARUDDIN (U),SUMATERA SELATAN,5000,2273250,UNKNOWN,UNKNOWN,UNKNOWN COUNTRY,QINZHOU,CHINA (MAINLAND)
2020,470329,SINAR MAS,OKI,SULTAN MAHMUD BADARUDDIN (U),SUMATERA SELATAN,544,240916,UNKNOWN,UNKNOWN,UNKNOWN COUNTRY,SINGAPORE,CHINA (MAINLAND)
2020,470329,SINAR MAS,OKI,SULTAN MAHMUD BADARUDDIN (U),SUMATERA SELATAN,5000,2258250,UNKNOWN,UNKNOWN,UNKNOWN COUNTRY,ZHENJIANG,CHINA (MAINLAND)
2020,470329,SINAR MAS,OKI,SULTAN MAHMUD BADARUDDIN (U),SUMATERA SELATAN,6000,2709900,UNKNOWN,UNKNOWN,UNKNOWN COUNTRY,ZHENJIANG,CHINA (MAINLAND)
2020,470200,ROYAL GOLDEN EAGLE,APRIL,BUATAN,RIAU,101,40528,ROYAL GOLDEN EAGLE,APRIL FAR EAST MALAYSIA SDN BHD,MALAYSIA,SINGAPORE,CHINA (MAINLAND)
2020,470200,ROYAL GOLDEN EAGLE,APRIL,BUATAN,RIAU,509,203695,ROYAL GOLDEN EAGLE,APRIL FAR EAST MALAYSIA SDN BHD,MALAYSIA,SINGAPORE,CHINA (MAINLAND)
2020,470200,ROYAL GOLDEN EAGLE,APRIL,BUATAN,RIAU,509,203624,ROYAL GOLDEN EAGLE,APRIL FAR EAST MALAYSIA SDN BHD,MALAYSIA,SINGAPORE,CHINA (MAINLAND)
2020,470329,ROYAL GOLDEN EAGLE,APRIL,BUATAN,RIAU,501,177491,ROYAL GOLDEN EAGLE,APRIL INTERNATIONAL ENTEPRISE PTE LTD,SINGAPORE,SINGAPORE,UNITED ARAB EMIRATES
2020,470200,ROYAL GOLDEN EAGLE,APRIL,FUTONG,RIAU,508,203199,ROYAL GOLDEN EAGLE,APRIL FAR EAST MALAYSIA SDN BHD,MALAYSIA,PORT KELANG,CHINA (MAINLAND)
2020,470200,ROYAL GOLDEN EAGLE,APRIL,FUTONG,RIAU,508,203030,ROYAL GOLDEN EAGLE,APRIL FAR EAST MALAYSIA SDN BHD,MALAYSIA,PORT KELANG,CHINA (MAINLAND)
2020,470200,ROYAL GOLDEN EAGLE,APRIL,FUTONG,RIAU,508,203196,ROYAL GOLDEN EAGLE,APRIL FAR EAST MALAYSIA SDN BHD,MALAYSIA,SINGAPORE,CHINA (MAINLAND)
2020,470200,ROYAL GOLDEN EAGLE,APRIL,FUTONG,RIAU,507,202708,ROYAL GOLDEN EAGLE,APRIL FAR EAST MALAYSIA SDN BHD,MALAYSIA,SINGAPORE,CHINA (MAINLAND)
2020,470200,ROYAL GOLDEN EAGLE,APRIL,FUTONG,RIAU,506,202568,ROYAL GOLDEN EAGLE,APRIL FAR EAST MALAYSIA SDN BHD,MALAYSIA,SINGAPORE,CHINA (MAINLAND)
2020,470200,ROYAL GOLDEN EAGLE,APRIL,FUTONG,RIAU,506,202306,ROYAL GOLDEN EAGLE,APRIL FAR EAST MALAYSIA SDN BHD,MALAYSIA,SINGAPORE,CHINA (MAINLAND)
2020,470329,SINAR MAS,INDAH KIAT,SUNGAI PAKNING,RIAU,6900,3137694,CHINA UNION,CHINA UNION (MACAO COMMERCIAL OFFSHORE) CO LTD,CHINA (MAINLAND),DAFENG,CHINA (MAINLAND)
2020,470329,SINAR MAS,INDAH KIAT,SUNGAI PAKNING,RIAU,3100,1429100,SINAR MAS,JIANGSU BOHUI PAPER INDUSTRY CO LTD.,CHINA (MAINLAND),DAFENG,CHINA (MAINLAND)
2020,470329,MARUBENI,TANJUNG ENIM LESTARI,TANJUNG PRIOK,SUMATERA SELATAN,490,190471,MARUBENI,MARUBENI CORP,JAPAN,XINHUI,CHINA (MAINLAND)
2020,470329,MARUBENI,TANJUNG ENIM LESTARI,TANJUNG PRIOK,SUMATERA SELATAN,19,8498,MARUBENI,MARUBENI CORP,JAPAN,OSAKA,JAPAN
2020,470329,MARUBENI,TANJUNG ENIM LESTARI,TANJUNG PRIOK,SUMATERA SELATAN,175,75897,MARUBENI,MARUBENI CORP,JAPAN,SHIMIZU,JAPAN
2020,470329,MARUBENI,TANJUNG ENIM LESTARI,TANJUNG PRIOK,SUMATERA SELATAN,78,33693,MARUBENI,MARUBENI CORP,JAPAN,SHIMIZU,JAPAN
2020,470200,ROYAL GOLDEN EAGLE,APRIL,BUATAN,RIAU,509,203596,ROYAL GOLDEN EAGLE,APRIL FAR EAST MALAYSIA SDN BHD,MALAYSIA,SINGAPORE,CHINA (MAINLAND)
2020,470329,ROYAL GOLDEN EAGLE,APRIL,BUATAN,RIAU,141,49775,ROYAL GOLDEN EAGLE,APRIL INTERNATIONAL ENTEPRISE PTE LTD,SINGAPORE,SINGAPORE,INDIA
2020,470329,ROYAL GOLDEN EAGLE,APRIL,BUATAN,RIAU,200,70973,ROYAL GOLDEN EAGLE,APRIL INTERNATIONAL ENTEPRISE PTE LTD,SINGAPORE,SINGAPORE,INDIA
2020,470329,MARUBENI,TANJUNG ENIM LESTARI,PANJANG,SUMATERA SELATAN,107,41282,MARUBENI,MARUBENI CORP,JAPAN,JAWAHARLAL NEHRU (NHAVA SHEVA),INDIA
2020,470329,MARUBENI,TANJUNG ENIM LESTARI,PANJANG,SUMATERA SELATAN,288,124366,MARUBENI,MARUBENI CORP,JAPAN,TOMAKOMAI,JAPAN
2020,470200,ROYAL GOLDEN EAGLE,APRIL,FUTONG,RIAU,508,203286,ROYAL GOLDEN EAGLE,APRIL FAR EAST MALAYSIA SDN BHD,MALAYSIA,PORT KELANG,CHINA (MAINLAND)
2020,470200,ROYAL GOLDEN EAGLE,APRIL,FUTONG,RIAU,508,203214,ROYAL GOLDEN EAGLE,APRIL FAR EAST MALAYSIA SDN BHD,MALAYSIA,PORT KELANG,CHINA (MAINLAND)
2020,470200,ROYAL GOLDEN EAGLE,APRIL,FUTONG,RIAU,508,203203,ROYAL GOLDEN EAGLE,APRIL FAR EAST MALAYSIA SDN BHD,MALAYSIA,PORT KELANG,CHINA (MAINLAND)
2020,470200,ROYAL GOLDEN EAGLE,APRIL,FUTONG,RIAU,508,203168,ROYAL GOLDEN EAGLE,APRIL FAR EAST MALAYSIA SDN BHD,MALAYSIA,PORT KELANG,CHINA (MAINLAND)
2020,470200,ROYAL GOLDEN EAGLE,APRIL,FUTONG,RIAU,508,203057,ROYAL GOLDEN EAGLE,APRIL FAR EAST MALAYSIA SDN BHD,MALAYSIA,PORT KELANG,CHINA (MAINLAND)
2020,470200,ROYAL GOLDEN EAGLE,APRIL,FUTONG,RIAU,508,203397,ROYAL GOLDEN EAGLE,APRIL FAR EAST MALAYSIA SDN BHD,MALAYSIA,PORT KELANG,CHINA (MAINLAND)
2020,470329,ROYAL GOLDEN EAGLE,APRIL,FUTONG,RIAU,451,128676,ROYAL GOLDEN EAGLE,APRIL FAR EAST MALAYSIA SDN BHD,MALAYSIA,IYOMISHIMA,JAPAN
2020,470329,ROYAL GOLDEN EAGLE,APRIL,FUTONG,RIAU,2810,800750,ROYAL GOLDEN EAGLE,APRIL INTERNATIONAL ENTEPRISE PTE LTD,SINGAPORE,IYOMISHIMA,JAPAN
2020,470329,ROYAL GOLDEN EAGLE,APRIL,FUTONG,RIAU,5323,1517073,ROYAL GOLDEN EAGLE,APRIL FAR EAST MALAYSIA SDN BHD,MALAYSIA,GUNSAN,SOUTH KOREA
2020,470329,ROYAL GOLDEN EAGLE,APRIL,FUTONG,RIAU,2812,801338,ROYAL GOLDEN EAGLE,APRIL FAR EAST MALAYSIA SDN BHD,MALAYSIA,PYEONGTAEK,SOUTH KOREA
2020,470200,ROYAL GOLDEN EAGLE,APRIL,BUATAN,RIAU,506,202312,ROYAL GOLDEN EAGLE,APRIL FAR EAST MALAYSIA SDN BHD,MALAYSIA,SINGAPORE,CHINA (MAINLAND)
2020,470329,ROYAL GOLDEN EAGLE,APRIL,BUATAN,RIAU,40,11429,ROYAL GOLDEN EAGLE,APRIL INTERNATIONAL ENTEPRISE PTE LTD,SINGAPORE,SINGAPORE,INDIA
2020,470329,ROYAL GOLDEN EAGLE,APRIL,BUATAN,RIAU,121,42708,ROYAL GOLDEN EAGLE,APRIL INTERNATIONAL ENTEPRISE PTE LTD,SINGAPORE,SINGAPORE,INDIA
2020,470329,SINAR MAS,OKI,SULTAN MAHMUD BADARUDDIN (U),SUMATERA SELATAN,200,90130,EMAMI,EMAMI PAPER MILLS LTD,INDIA,HALDIA,INDIA
2020,470329,SINAR MAS,OKI,SULTAN MAHMUD BADARUDDIN (U),SUMATERA SELATAN,1500,675975,EMAMI,EMAMI PAPER MILLS LTD,INDIA,HALDIA,INDIA
2020,470329,SINAR MAS,OKI,SULTAN MAHMUD BADARUDDIN (U),SUMATERA SELATAN,3000,1351950,EMAMI,EMAMI PAPER MILLS LTD,INDIA,HALDIA,INDIA
2020,470329,SINAR MAS,OKI,SULTAN MAHMUD BADARUDDIN (U),SUMATERA SELATAN,2800,1261820,EMAMI,EMAMI PAPER MILLS LTD,INDIA,HALDIA,INDIA
2020,470329,SINAR MAS,INDAH KIAT,SUNGAI PAKNING,RIAU,2000,921000,SINAR MAS,KING PAPER SOURCE TRADING (SHANGHAI) CO LTD,CHINA (MAINLAND),DAGANG,CHINA (MAINLAND)
2020,470329,SINAR MAS,INDAH KIAT,SUNGAI PAKNING,RIAU,3400,1565700,SINAR MAS,KING PAPER SOURCE TRADING (SHANGHAI) CO LTD,CHINA (MAINLAND),DAGANG,CHINA (MAINLAND)
2020,470329,SINAR MAS,INDAH KIAT,SUNGAI PAKNING,RIAU,8100,3730050,SINAR MAS,KING PAPER SOURCE TRADING (SHANGHAI) CO LTD,CHINA (MAINLAND),NINGBO,CHINA (MAINLAND)
2020,470200,ROYAL GOLDEN EAGLE,APRIL,BUATAN,RIAU,506,202560,ROYAL GOLDEN EAGLE,APRIL FAR EAST MALAYSIA SDN BHD,MALAYSIA,SINGAPORE,CHINA (MAINLAND)
2020,470200,ROYAL GOLDEN EAGLE,APRIL,BUATAN,RIAU,506,202422,ROYAL GOLDEN EAGLE,APRIL FAR EAST MALAYSIA SDN BHD,MALAYSIA,SINGAPORE,CHINA (MAINLAND)
2020,470329,ROYAL GOLDEN EAGLE,APRIL,BUATAN,RIAU,60,17154,ROYAL GOLDEN EAGLE,APRIL INTERNATIONAL ENTEPRISE PTE LTD,SINGAPORE,SINGAPORE,INDIA
2020,470329,ROYAL GOLDEN EAGLE,APRIL,BUATAN,RIAU,141,49773,ROYAL GOLDEN EAGLE,APRIL INTERNATIONAL ENTEPRISE PTE LTD,SINGAPORE,SINGAPORE,INDIA
2020,470329,ROYAL GOLDEN EAGLE,APRIL,BUATAN,RIAU,201,71066,ROYAL GOLDEN EAGLE,APRIL INTERNATIONAL ENTEPRISE PTE LTD,SINGAPORE,SINGAPORE,INDIA
2020,470329,ROYAL GOLDEN EAGLE,APRIL,BUATAN,RIAU,241,85305,ROYAL GOLDEN EAGLE,APRIL INTERNATIONAL ENTEPRISE PTE LTD,SINGAPORE,SINGAPORE,INDIA
2020,470329,SINAR MAS,INDAH KIAT,PERAWANG,RIAU,506,242529,UNKNOWN AFFILIATION,AMBER SUPER PAPER LIMITED,BANGLADESH,CHITTAGONG,BANGLADESH
2020,470329,SINAR MAS,INDAH KIAT,PERAWANG,RIAU,506,242529,UNKNOWN AFFILIATION,AMBER SUPER PAPER LIMITED,BANGLADESH,CHITTAGONG,BANGLADESH
2020,470329,SINAR MAS,OKI,SULTAN MAHMUD BADARUDDIN (U),SUMATERA SELATAN,5000,2273250,SINAR MAS,KING PAPER SOURCE TRADING (SHANGHAI) CO LTD,CHINA (MAINLAND),NINGBO,CHINA (MAINLAND)
2020,470329,SINAR MAS,OKI,SULTAN MAHMUD BADARUDDIN (U),SUMATERA SELATAN,3900,1773135,SINAR MAS,KING PAPER SOURCE TRADING (SHANGHAI) CO LTD,CHINA (MAINLAND),NINGBO,CHINA (MAINLAND)
2020,470329,SINAR MAS,OKI,SULTAN MAHMUD BADARUDDIN (U),SUMATERA SELATAN,1500,681975,SINAR MAS,KING PAPER SOURCE TRADING (SHANGHAI) CO LTD,CHINA (MAINLAND),NINGBO,CHINA (MAINLAND)
2020,470329,SINAR MAS,OKI,SULTAN MAHMUD BADARUDDIN (U),SUMATERA SELATAN,2000,909300,SINAR MAS,KING PAPER SOURCE TRADING (SHANGHAI) CO LTD,CHINA (MAINLAND),NINGBO,CHINA (MAINLAND)
2020,470329,SINAR MAS,INDAH KIAT,SUNGAI PAKNING,RIAU,1100,504900,SINAR MAS,KING PAPER SOURCE TRADING (SHANGHAI) CO LTD,CHINA (MAINLAND),DAGANG,CHINA (MAINLAND)
2020,470329,SINAR MAS,INDAH KIAT,SUNGAI PAKNING,RIAU,4000,1836000,SINAR MAS,KING PAPER SOURCE TRADING (SHANGHAI) CO LTD,CHINA (MAINLAND),DAGANG,CHINA (MAINLAND)
2020,470329,SINAR MAS,INDAH KIAT,SUNGAI PAKNING,RIAU,2600,1193400,SINAR MAS,KING PAPER SOURCE TRADING (SHANGHAI) CO LTD,CHINA (MAINLAND),DAGANG,CHINA (MAINLAND)
2020,470329,SINAR MAS,INDAH KIAT,SUNGAI PAKNING,RIAU,2500,1131846,CHINA UNION,CHINA UNION (MACAO COMMERCIAL OFFSHORE) CO LTD,MACAO,DAFENG,CHINA (MAINLAND)
2020,470200,ROYAL GOLDEN EAGLE,APRIL,BUATAN,RIAU,507,202669,ROYAL GOLDEN EAGLE,APRIL FAR EAST MALAYSIA SDN BHD,MALAYSIA,SINGAPORE,CHINA (MAINLAND)
2020,470329,SINAR MAS,INDAH KIAT,PERAWANG,RIAU,1100,510372,SINAR MAS,KING PAPER SOURCE TRADING (SHANGHAI) CO LTD,CHINA (MAINLAND),DALIAN,CHINA (MAINLAND)
2020,470200,ROYAL GOLDEN EAGLE,APRIL,BUATAN,RIAU,304,121562,ROYAL GOLDEN EAGLE,APRIL FAR EAST MALAYSIA SDN BHD,MALAYSIA,SINGAPORE,CHINA (MAINLAND)
2020,470329,ROYAL GOLDEN EAGLE,APRIL,BUATAN,RIAU,604,172099,ROYAL GOLDEN EAGLE,APRIL INTERNATIONAL ENTEPRISE PTE LTD,SINGAPORE,SINGAPORE,PAKISTAN
2020,470329,ROYAL GOLDEN EAGLE,APRIL,FUTONG,RIAU,502,143122,ROYAL GOLDEN EAGLE,APRIL INTERNATIONAL ENTEPRISE PTE LTD,SINGAPORE,SINGAPORE,BANGLADESH
2020,470329,ROYAL GOLDEN EAGLE,APRIL,FUTONG,RIAU,503,143213,ROYAL GOLDEN EAGLE,APRIL INTERNATIONAL ENTEPRISE PTE LTD,SINGAPORE,SINGAPORE,BANGLADESH
2020,470329,ROYAL GOLDEN EAGLE,APRIL,FUTONG,RIAU,1005,286345,ROYAL GOLDEN EAGLE,APRIL INTERNATIONAL ENTEPRISE PTE LTD,SINGAPORE,SINGAPORE,BANGLADESH
2020,470329,ROYAL GOLDEN EAGLE,APRIL,FUTONG,RIAU,502,143101,ROYAL GOLDEN EAGLE,APRIL INTERNATIONAL ENTEPRISE PTE LTD,SINGAPORE,SINGAPORE,BANGLADESH
2020,470329,ROYAL GOLDEN EAGLE,APRIL,FUTONG,RIAU,502,143159,ROYAL GOLDEN EAGLE,APRIL INTERNATIONAL ENTEPRISE PTE LTD,SINGAPORE,SINGAPORE,BANGLADESH
2020,470200,ROYAL GOLDEN EAGLE,APRIL,FUTONG,RIAU,101,40520,ROYAL GOLDEN EAGLE,APRIL FAR EAST MALAYSIA SDN BHD,MALAYSIA,SINGAPORE,CHINA (MAINLAND)
2020,470200,ROYAL GOLDEN EAGLE,APRIL,FUTONG,RIAU,101,40493,ROYAL GOLDEN EAGLE,APRIL FAR EAST MALAYSIA SDN BHD,MALAYSIA,SINGAPORE,CHINA (MAINLAND)
2020,470200,ROYAL GOLDEN EAGLE,APRIL,FUTONG,RIAU,101,38944,ROYAL GOLDEN EAGLE,APRIL FAR EAST MALAYSIA SDN BHD,MALAYSIA,SINGAPORE,CHINA (MAINLAND)
2020,470200,ROYAL GOLDEN EAGLE,APRIL,FUTONG,RIAU,406,162242,ROYAL GOLDEN EAGLE,APRIL FAR EAST MALAYSIA SDN BHD,MALAYSIA,SINGAPORE,CHINA (MAINLAND)
2020,470329,ROYAL GOLDEN EAGLE,APRIL,FUTONG,RIAU,60,17158,ROYAL GOLDEN EAGLE,APRIL INTERNATIONAL ENTEPRISE PTE LTD,SINGAPORE,SINGAPORE,INDIA
2020,470329,ROYAL GOLDEN EAGLE,APRIL,FUTONG,RIAU,603,171779,ROYAL GOLDEN EAGLE,APRIL INTERNATIONAL ENTEPRISE PTE LTD,SINGAPORE,SINGAPORE,VIETNAM
2020,470200,ROYAL GOLDEN EAGLE,APRIL,BUATAN,RIAU,507,195157,ROYAL GOLDEN EAGLE,APRIL FAR EAST MALAYSIA SDN BHD,MALAYSIA,SINGAPORE,CHINA (MAINLAND)
2020,470329,ROYAL GOLDEN EAGLE,APRIL,BUATAN,RIAU,141,49950,ROYAL GOLDEN EAGLE,APRIL INTERNATIONAL ENTEPRISE PTE LTD,SINGAPORE,SINGAPORE,INDIA
2020,470329,SINAR MAS,LONTAR PAPYRUS,KUALA TUNGKAL,JAMBI,121,54057,UNKNOWN AFFILIATION,REGENT EXIM INTERNATIONAL LTD,INDIA,PIPAVAV (VICTOR) PORT,INDIA
2020,470329,ROYAL GOLDEN EAGLE,APRIL,FUTONG,RIAU,100,28595,ROYAL GOLDEN EAGLE,APRIL INTERNATIONAL ENTEPRISE PTE LTD,SINGAPORE,SINGAPORE,BANGLADESH
2020,470329,ROYAL GOLDEN EAGLE,APRIL,FUTONG,RIAU,100,28590,ROYAL GOLDEN EAGLE,APRIL INTERNATIONAL ENTEPRISE PTE LTD,SINGAPORE,SINGAPORE,BANGLADESH
2020,470329,ROYAL GOLDEN EAGLE,APRIL,FUTONG,RIAU,100,28578,ROYAL GOLDEN EAGLE,APRIL INTERNATIONAL ENTEPRISE PTE LTD,SINGAPORE,SINGAPORE,BANGLADESH
2020,470200,ROYAL GOLDEN EAGLE,APRIL,FUTONG,RIAU,507,195109,ROYAL GOLDEN EAGLE,APRIL FAR EAST MALAYSIA SDN BHD,MALAYSIA,SINGAPORE,CHINA (MAINLAND)
2020,470200,ROYAL GOLDEN EAGLE,APRIL,FUTONG,RIAU,506,194973,ROYAL GOLDEN EAGLE,APRIL FAR EAST MALAYSIA SDN BHD,MALAYSIA,SINGAPORE,CHINA (MAINLAND)
2020,470200,ROYAL GOLDEN EAGLE,APRIL,FUTONG,RIAU,405,162180,ROYAL GOLDEN EAGLE,APRIL FAR EAST MALAYSIA SDN BHD,MALAYSIA,SINGAPORE,CHINA (MAINLAND)
2020,470200,ROYAL GOLDEN EAGLE,APRIL,FUTONG,RIAU,405,156059,ROYAL GOLDEN EAGLE,APRIL FAR EAST MALAYSIA SDN BHD,MALAYSIA,SINGAPORE,CHINA (MAINLAND)
2020,470329,ROYAL GOLDEN EAGLE,APRIL,FUTONG,RIAU,120,34316,ROYAL GOLDEN EAGLE,APRIL INTERNATIONAL ENTEPRISE PTE LTD,SINGAPORE,SINGAPORE,INDIA
2020,470329,ROYAL GOLDEN EAGLE,APRIL,FUTONG,RIAU,40,14252,ROYAL GOLDEN EAGLE,APRIL INTERNATIONAL ENTEPRISE PTE LTD,SINGAPORE,SINGAPORE,INDIA
2020,470329,ROYAL GOLDEN EAGLE,APRIL,FUTONG,RIAU,401,114406,ROYAL GOLDEN EAGLE,APRIL INTERNATIONAL ENTEPRISE PTE LTD,SINGAPORE,SINGAPORE,VIETNAM
2020,470329,SINAR MAS,INDAH KIAT,PERAWANG,RIAU,506,231920,CREATIVE,CREATIVE PAPER MILLS LTD,BANGLADESH,CHITTAGONG,BANGLADESH
2020,470329,SINAR MAS,INDAH KIAT,PERAWANG,RIAU,506,231920,CREATIVE,CREATIVE PAPER MILLS LTD,BANGLADESH,CHITTAGONG,BANGLADESH
2020,470329,MARUBENI,TANJUNG ENIM LESTARI,TANJUNG PRIOK,SUMATERA SELATAN,319,135464,MARUBENI,MARUBENI CORP,JAPAN,PENANG (GEORGETOWN),MALAYSIA
2020,470329,ROYAL GOLDEN EAGLE,APRIL,FUTONG,RIAU,502,143062,ROYAL GOLDEN EAGLE,APRIL INTERNATIONAL ENTEPRISE PTE LTD,SINGAPORE,SINGAPORE,BANGLADESH
2020,470329,ROYAL GOLDEN EAGLE,APRIL,FUTONG,RIAU,502,177745,ROYAL GOLDEN EAGLE,APRIL INTERNATIONAL ENTEPRISE PTE LTD,SINGAPORE,SINGAPORE,INDIA
2020,470329,ROYAL GOLDEN EAGLE,APRIL,FUTONG,RIAU,502,155526,ROYAL GOLDEN EAGLE,APRIL INTERNATIONAL ENTEPRISE PTE LTD,SINGAPORE,SINGAPORE,INDIA
2020,470329,SINAR MAS,INDAH KIAT,PERAWANG,RIAU,1000,463975,SINAR MAS,KING PAPER SOURCE TRADING (SHANGHAI) CO LTD,CHINA (MAINLAND),DALIAN,CHINA (MAINLAND)
2020,470329,SINAR MAS,OKI,SULTAN MAHMUD BADARUDDIN (U),SUMATERA SELATAN,5200,2347800,SINAR MAS,KING PAPER SOURCE TRADING (SHANGHAI) CO LTD,CHINA (MAINLAND),QINZHOU,CHINA (MAINLAND)
2020,470329,SINAR MAS,OKI,SULTAN MAHMUD BADARUDDIN (U),SUMATERA SELATAN,3000,1354500,SINAR MAS,KING PAPER SOURCE TRADING (SHANGHAI) CO LTD,CHINA (MAINLAND),QINZHOU,CHINA (MAINLAND)
2020,470329,SINAR MAS,OKI,SULTAN MAHMUD BADARUDDIN (U),SUMATERA SELATAN,900,406350,SINAR MAS,KING PAPER SOURCE TRADING (SHANGHAI) CO LTD,CHINA (MAINLAND),QINZHOU,CHINA (MAINLAND)
2020,470329,SINAR MAS,INDAH KIAT,SUNGAI PAKNING,RIAU,1200,553800,SINAR MAS,KING PAPER SOURCE TRADING (SHANGHAI) CO LTD,CHINA (MAINLAND),NINGBO,CHINA (MAINLAND)
2020,470329,SINAR MAS,INDAH KIAT,SUNGAI PAKNING,RIAU,3300,1588950,SINAR MAS,KING PAPER SOURCE TRADING (SHANGHAI) CO LTD,CHINA (MAINLAND),NINGBO,CHINA (MAINLAND)
2020,470329,SINAR MAS,INDAH KIAT,SUNGAI PAKNING,RIAU,3000,1384500,SINAR MAS,KING PAPER SOURCE TRADING (SHANGHAI) CO LTD,CHINA (MAINLAND),NINGBO,CHINA (MAINLAND)
2020,470329,ROYAL GOLDEN EAGLE,APRIL,BUATAN,RIAU,1004,286147,ROYAL GOLDEN EAGLE,APRIL INTERNATIONAL ENTEPRISE PTE LTD,SINGAPORE,SINGAPORE,BANGLADESH
2020,470200,ROYAL GOLDEN EAGLE,APRIL,FUTONG,RIAU,507,195009,ROYAL GOLDEN EAGLE,APRIL FAR EAST MALAYSIA SDN BHD,MALAYSIA,SINGAPORE,CHINA (MAINLAND)
2020,470200,ROYAL GOLDEN EAGLE,APRIL,FUTONG,RIAU,506,194950,ROYAL GOLDEN EAGLE,APRIL FAR EAST MALAYSIA SDN BHD,MALAYSIA,SINGAPORE,CHINA (MAINLAND)
2020,470200,ROYAL GOLDEN EAGLE,APRIL,FUTONG,RIAU,506,194918,ROYAL GOLDEN EAGLE,APRIL FAR EAST MALAYSIA SDN BHD,MALAYSIA,SINGAPORE,CHINA (MAINLAND)
2020,470329,SINAR MAS,INDAH KIAT,PERAWANG,RIAU,500,243146,SINAR MAS,SORBENT PAPER CO PTY LTD,AUSTRALIA,MELBOURNE,AUSTRALIA
2020,470200,ROYAL GOLDEN EAGLE,APRIL,BUATAN,RIAU,506,195000,ROYAL GOLDEN EAGLE,APRIL FAR EAST MALAYSIA SDN BHD,MALAYSIA,SINGAPORE,CHINA (MAINLAND)
2020,470200,ROYAL GOLDEN EAGLE,APRIL,BUATAN,RIAU,506,194959,ROYAL GOLDEN EAGLE,APRIL FAR EAST MALAYSIA SDN BHD,MALAYSIA,SINGAPORE,CHINA (MAINLAND)
2020,470200,ROYAL GOLDEN EAGLE,APRIL,BUATAN,RIAU,506,194938,ROYAL GOLDEN EAGLE,APRIL FAR EAST MALAYSIA SDN BHD,MALAYSIA,SINGAPORE,CHINA (MAINLAND)
2020,470329,MARUBENI,TANJUNG ENIM LESTARI,PANJANG,SUMATERA SELATAN,85,34369,MARUBENI,MARUBENI CORP,JAPAN,CHITTAGONG,BANGLADESH
2020,470329,MARUBENI,TANJUNG ENIM LESTARI,PANJANG,SUMATERA SELATAN,107,42871,MARUBENI,MARUBENI CORP,JAPAN,CHITTAGONG,BANGLADESH
2020,470329,MARUBENI,TANJUNG ENIM LESTARI,PANJANG,SUMATERA SELATAN,152,58570,MARUBENI,MARUBENI CORP,JAPAN,JAWAHARLAL NEHRU (NHAVA SHEVA),INDIA
2020,470329,MARUBENI,TANJUNG ENIM LESTARI,PANJANG,SUMATERA SELATAN,105,42994,MARUBENI,MARUBENI CORP,JAPAN,JAWAHARLAL NEHRU (NHAVA SHEVA),INDIA
2020,470329,MARUBENI,TANJUNG ENIM LESTARI,PANJANG,SUMATERA SELATAN,107,45310,MARUBENI,MARUBENI CORP,JAPAN,PIPAVAV (VICTOR) PORT,INDIA
2020,470329,MARUBENI,TANJUNG ENIM LESTARI,PANJANG,SUMATERA SELATAN,107,45226,MARUBENI,MARUBENI CORP,JAPAN,PIPAVAV (VICTOR) PORT,INDIA
2020,470329,MARUBENI,TANJUNG ENIM LESTARI,PANJANG,SUMATERA SELATAN,42,18353,MARUBENI,MARUBENI CORP,JAPAN,LAT KRABANG,THAILAND
2020,470200,ROYAL GOLDEN EAGLE,APRIL,FUTONG,RIAU,507,195083,ROYAL GOLDEN EAGLE,APRIL FAR EAST MALAYSIA SDN BHD,MALAYSIA,PORT KELANG,CHINA (MAINLAND)
2020,470200,ROYAL GOLDEN EAGLE,APRIL,FUTONG,RIAU,507,195317,ROYAL GOLDEN EAGLE,APRIL FAR EAST MALAYSIA SDN BHD,MALAYSIA,PORT KELANG,CHINA (MAINLAND)
2020,470200,ROYAL GOLDEN EAGLE,APRIL,FUTONG,RIAU,506,194957,ROYAL GOLDEN EAGLE,APRIL FAR EAST MALAYSIA SDN BHD,MALAYSIA,PORT KELANG,CHINA (MAINLAND)
2020,470200,ROYAL GOLDEN EAGLE,APRIL,FUTONG,RIAU,506,194913,ROYAL GOLDEN EAGLE,APRIL FAR EAST MALAYSIA SDN BHD,MALAYSIA,PORT KELANG,CHINA (MAINLAND)
2020,470200,ROYAL GOLDEN EAGLE,APRIL,FUTONG,RIAU,506,194839,ROYAL GOLDEN EAGLE,APRIL FAR EAST MALAYSIA SDN BHD,MALAYSIA,PORT KELANG,CHINA (MAINLAND)
2020,470200,ROYAL GOLDEN EAGLE,APRIL,FUTONG,RIAU,506,194757,ROYAL GOLDEN EAGLE,APRIL FAR EAST MALAYSIA SDN BHD,MALAYSIA,PORT KELANG,CHINA (MAINLAND)
2020,470200,ROYAL GOLDEN EAGLE,APRIL,FUTONG,RIAU,506,194649,ROYAL GOLDEN EAGLE,APRIL FAR EAST MALAYSIA SDN BHD,MALAYSIA,PORT KELANG,CHINA (MAINLAND)
2020,470329,SINAR MAS,INDAH KIAT,SUNGAI PAKNING,RIAU,3100,1426000,SINAR MAS,KING PAPER SOURCE TRADING (SHANGHAI) CO LTD,CHINA (MAINLAND),NINGBO,CHINA (MAINLAND)
2020,470329,SINAR MAS,INDAH KIAT,SUNGAI PAKNING,RIAU,6700,3216000,SINAR MAS,KING PAPER SOURCE TRADING (SHANGHAI) CO LTD,CHINA (MAINLAND),NINGBO,CHINA (MAINLAND)
2020,470200,ROYAL GOLDEN EAGLE,APRIL,BUATAN,RIAU,506,202292,ROYAL GOLDEN EAGLE,APRIL FAR EAST MALAYSIA SDN BHD,MALAYSIA,SINGAPORE,CHINA (MAINLAND)
2020,470329,ROYAL GOLDEN EAGLE,APRIL,BUATAN,RIAU,141,40175,ROYAL GOLDEN EAGLE,APRIL INTERNATIONAL ENTEPRISE PTE LTD,SINGAPORE,SINGAPORE,INDIA
2020,470329,ROYAL GOLDEN EAGLE,APRIL,BUATAN,RIAU,502,143078,ROYAL GOLDEN EAGLE,APRIL INTERNATIONAL ENTEPRISE PTE LTD,SINGAPORE,SINGAPORE,INDIA
2020,470329,MARUBENI,TANJUNG ENIM LESTARI,PANJANG,SUMATERA SELATAN,299,127188,MARUBENI,MARUBENI CORP,JAPAN,CAT LAI,VIETNAM
2020,470200,ROYAL GOLDEN EAGLE,APRIL,FUTONG,RIAU,507,195084,ROYAL GOLDEN EAGLE,APRIL FAR EAST MALAYSIA SDN BHD,MALAYSIA,PORT KELANG,CHINA (MAINLAND)
2020,470200,ROYAL GOLDEN EAGLE,APRIL,FUTONG,RIAU,506,194932,ROYAL GOLDEN EAGLE,APRIL FAR EAST MALAYSIA SDN BHD,MALAYSIA,PORT KELANG,CHINA (MAINLAND)
2020,470200,ROYAL GOLDEN EAGLE,APRIL,FUTONG,RIAU,506,194970,ROYAL GOLDEN EAGLE,APRIL FAR EAST MALAYSIA SDN BHD,MALAYSIA,PORT KELANG,CHINA (MAINLAND)
2020,470200,ROYAL GOLDEN EAGLE,APRIL,FUTONG,RIAU,506,194858,ROYAL GOLDEN EAGLE,APRIL FAR EAST MALAYSIA SDN BHD,MALAYSIA,PORT KELANG,CHINA (MAINLAND)
2020,470329,SINAR MAS,INDAH KIAT,PERAWANG,RIAU,506,231920,CREATIVE,CREATIVE PAPER MILLS LTD,BANGLADESH,CHITTAGONG,BANGLADESH
2020,470329,SINAR MAS,INDAH KIAT,PERAWANG,RIAU,506,231920,CREATIVE,CREATIVE PAPER MILLS LTD,BANGLADESH,CHITTAGONG,BANGLADESH
2020,470329,SINAR MAS,OKI,SULTAN MAHMUD BADARUDDIN (U),SUMATERA SELATAN,576,255600,SINAR MAS,KING PAPER SOURCE TRADING (SHANGHAI) CO LTD,CHINA (MAINLAND),SINGAPORE,CHINA (MAINLAND)
2020,470200,ROYAL GOLDEN EAGLE,APRIL,BUATAN,RIAU,507,195008,ROYAL GOLDEN EAGLE,APRIL FAR EAST MALAYSIA SDN BHD,MALAYSIA,SINGAPORE,CHINA (MAINLAND)
2020,470200,ROYAL GOLDEN EAGLE,APRIL,BUATAN,RIAU,203,81052,ROYAL GOLDEN EAGLE,APRIL FAR EAST MALAYSIA SDN BHD,MALAYSIA,SINGAPORE,CHINA (MAINLAND)
2020,470329,ROYAL GOLDEN EAGLE,APRIL,BUATAN,RIAU,602,171704,ROYAL GOLDEN EAGLE,APRIL INTERNATIONAL ENTEPRISE PTE LTD,SINGAPORE,SINGAPORE,PAKISTAN
2020,470200,ROYAL GOLDEN EAGLE,APRIL,FUTONG,RIAU,203,78289,ROYAL GOLDEN EAGLE,APRIL FAR EAST MALAYSIA SDN BHD,MALAYSIA,PORT KELANG,CHINA (MAINLAND)
2020,470200,ROYAL GOLDEN EAGLE,APRIL,FUTONG,RIAU,304,117017,ROYAL GOLDEN EAGLE,APRIL FAR EAST MALAYSIA SDN BHD,MALAYSIA,PORT KELANG,CHINA (MAINLAND)
2020,470329,SINAR MAS,INDAH KIAT,PERAWANG,RIAU,500,243146,SINAR MAS,SORBENT PAPER CO PTY LTD,AUSTRALIA,MELBOURNE,AUSTRALIA
2020,470200,ROYAL GOLDEN EAGLE,APRIL,FUTONG,RIAU,506,194833,ROYAL GOLDEN EAGLE,APRIL FAR EAST MALAYSIA SDN BHD,MALAYSIA,PORT KELANG,CHINA (MAINLAND)
2020,470329,SINAR MAS,LONTAR PAPYRUS,KUALA TUNGKAL,JAMBI,1004,476625,SINAR MAS,KING PAPER SOURCE TRADING (SHANGHAI) CO LTD,CHINA (MAINLAND),DALIAN,CHINA (MAINLAND)
2020,470329,SINAR MAS,LONTAR PAPYRUS,KUALA TUNGKAL,JAMBI,1003,476378,SINAR MAS,KING PAPER SOURCE TRADING (SHANGHAI) CO LTD,CHINA (MAINLAND),DALIAN,CHINA (MAINLAND)
2020,470329,MARUBENI,TANJUNG ENIM LESTARI,PANJANG,SUMATERA SELATAN,1000,374877,MARUBENI,MARUBENI CORP,JAPAN,WUHAN,CHINA (MAINLAND)
2020,470200,ROYAL GOLDEN EAGLE,APRIL,FUTONG,RIAU,506,194920,ROYAL GOLDEN EAGLE,APRIL FAR EAST MALAYSIA SDN BHD,MALAYSIA,PORT KELANG,CHINA (MAINLAND)
2020,470200,ROYAL GOLDEN EAGLE,APRIL,FUTONG,RIAU,609,234277,ROYAL GOLDEN EAGLE,APRIL FAR EAST MALAYSIA SDN BHD,MALAYSIA,PORT KELANG,CHINA (MAINLAND)
2020,470200,ROYAL GOLDEN EAGLE,APRIL,FUTONG,RIAU,405,156079,ROYAL GOLDEN EAGLE,APRIL FAR EAST MALAYSIA SDN BHD,MALAYSIA,PORT KELANG,CHINA (MAINLAND)
2020,470329,SINAR MAS,INDAH KIAT,PERAWANG,RIAU,506,231920,UNKNOWN AFFILIATION,AMBER SUPER PAPER LIMITED,BANGLADESH,CHITTAGONG,BANGLADESH
2020,470329,SINAR MAS,INDAH KIAT,PERAWANG,RIAU,506,231920,UNKNOWN AFFILIATION,AMBER SUPER PAPER LIMITED,BANGLADESH,CHITTAGONG,BANGLADESH
2020,470329,SINAR MAS,OKI,SULTAN MAHMUD BADARUDDIN (U),SUMATERA SELATAN,2100,948653,JIANGHE PAPER,HENAN JIANGHE PAPER CO LTD,CHINA (MAINLAND),QINGDAO,CHINA (MAINLAND)
2020,470329,SINAR MAS,OKI,SULTAN MAHMUD BADARUDDIN (U),SUMATERA SELATAN,4900,2213523,JIANGHE PAPER,HENAN JIANGHE PAPER CO LTD,CHINA (MAINLAND),QINGDAO,CHINA (MAINLAND)
2020,470329,SINAR MAS,OKI,SULTAN MAHMUD BADARUDDIN (U),SUMATERA SELATAN,3000,1356000,SINAR MAS,SHANDONG BOHUI PAPER INDUSTRY CO LTD,CHINA (MAINLAND),QINGDAO,CHINA (MAINLAND)
2020,470329,SINAR MAS,OKI,SULTAN MAHMUD BADARUDDIN (U),SUMATERA SELATAN,5000,2260000,SINAR MAS,SHANDONG BOHUI PAPER INDUSTRY CO LTD,CHINA (MAINLAND),QINGDAO,CHINA (MAINLAND)
2020,470329,SINAR MAS,OKI,SULTAN MAHMUD BADARUDDIN (U),SUMATERA SELATAN,10000,4517393,CHINA UNION,CHINA UNION (MACAO COMMERCIAL OFFSHORE) CO LTD,MACAO,QINGDAO,CHINA (MAINLAND)
2020,470329,SINAR MAS,OKI,SULTAN MAHMUD BADARUDDIN (U),SUMATERA SELATAN,4500,2038500,HANSOL,HANSOL PAPER CO LTD,SOUTH KOREA,GUNSAN,SOUTH KOREA
2020,470329,SINAR MAS,OKI,SULTAN MAHMUD BADARUDDIN (U),SUMATERA SELATAN,1500,679500,UNKNOWN AFFILIATION,MSS PULP CO LTD,SOUTH KOREA,GUNSAN,SOUTH KOREA
2020,470329,SINAR MAS,OKI,SULTAN MAHMUD BADARUDDIN (U),SUMATERA SELATAN,50,22650,UNKNOWN AFFILIATION,YOUNG JIN INC LTD,SOUTH KOREA,GUNSAN,SOUTH KOREA
2020,470329,SINAR MAS,OKI,SULTAN MAHMUD BADARUDDIN (U),SUMATERA SELATAN,50,22650,UNKNOWN AFFILIATION,YOUNG JIN INC LTD,SOUTH KOREA,GUNSAN,SOUTH KOREA
2020,470200,ROYAL GOLDEN EAGLE,APRIL,FUTONG,RIAU,122,46869,ROYAL GOLDEN EAGLE,APRIL FAR EAST MALAYSIA SDN BHD,MALAYSIA,PORT KELANG,CHINA (MAINLAND)
2020,470200,ROYAL GOLDEN EAGLE,APRIL,FUTONG,RIAU,20,7815,ROYAL GOLDEN EAGLE,APRIL FAR EAST MALAYSIA SDN BHD,MALAYSIA,PORT KELANG,CHINA (MAINLAND)
2020,470200,ROYAL GOLDEN EAGLE,APRIL,FUTONG,RIAU,364,140205,ROYAL GOLDEN EAGLE,APRIL FAR EAST MALAYSIA SDN BHD,MALAYSIA,PORT KELANG,CHINA (MAINLAND)
2020,470329,ROYAL GOLDEN EAGLE,APRIL,FUTONG,RIAU,402,114529,ROYAL GOLDEN EAGLE,APRIL INTERNATIONAL ENTEPRISE PTE LTD,SINGAPORE,SINGAPORE,INDIA
2020,470329,ROYAL GOLDEN EAGLE,APRIL,FUTONG,RIAU,503,177902,ROYAL GOLDEN EAGLE,APRIL INTERNATIONAL ENTEPRISE PTE LTD,SINGAPORE,SINGAPORE,UNITED ARAB EMIRATES
2020,470329,ROYAL GOLDEN EAGLE,APRIL,FUTONG,RIAU,603,171762,ROYAL GOLDEN EAGLE,APRIL INTERNATIONAL ENTEPRISE PTE LTD,SINGAPORE,SINGAPORE,VIETNAM
2020,470329,SINAR MAS,INDAH KIAT,PERAWANG,RIAU,1000,466538,SINAR MAS,KING PAPER SOURCE TRADING (SHANGHAI) CO LTD,CHINA (MAINLAND),DALIAN,CHINA (MAINLAND)
2020,470329,SINAR MAS,INDAH KIAT,PERAWANG,RIAU,200,93832,SAIGON,SAIGON PAPER CORP,VIETNAM,CAT LAI,VIETNAM
2020,470329,SINAR MAS,OKI,SULTAN MAHMUD BADARUDDIN (U),SUMATERA SELATAN,8500,3868775,SINAR MAS,KING PAPER SOURCE TRADING (SHANGHAI) CO LTD,CHINA (MAINLAND),ZHENJIANG,CHINA (MAINLAND)
2020,470329,SINAR MAS,OKI,SULTAN MAHMUD BADARUDDIN (U),SUMATERA SELATAN,700,318605,SINAR MAS,KING PAPER SOURCE TRADING (SHANGHAI) CO LTD,CHINA (MAINLAND),ZHENJIANG,CHINA (MAINLAND)
2020,470329,SINAR MAS,OKI,SULTAN MAHMUD BADARUDDIN (U),SUMATERA SELATAN,300,136545,SINAR MAS,KING PAPER SOURCE TRADING (SHANGHAI) CO LTD,CHINA (MAINLAND),ZHENJIANG,CHINA (MAINLAND)
2020,470329,SINAR MAS,OKI,SULTAN MAHMUD BADARUDDIN (U),SUMATERA SELATAN,3200,1456480,SINAR MAS,KING PAPER SOURCE TRADING (SHANGHAI) CO LTD,CHINA (MAINLAND),ZHENJIANG,CHINA (MAINLAND)
2020,470329,SINAR MAS,OKI,SULTAN MAHMUD BADARUDDIN (U),SUMATERA SELATAN,500,227575,SINAR MAS,KING PAPER SOURCE TRADING (SHANGHAI) CO LTD,CHINA (MAINLAND),ZHENJIANG,CHINA (MAINLAND)
2020,470329,SINAR MAS,OKI,SULTAN MAHMUD BADARUDDIN (U),SUMATERA SELATAN,10000,4551500,SINAR MAS,KING PAPER SOURCE TRADING (SHANGHAI) CO LTD,CHINA (MAINLAND),ZHENJIANG,CHINA (MAINLAND)
2020,470329,ROYAL GOLDEN EAGLE,APRIL,BUATAN,RIAU,100,28570,ROYAL GOLDEN EAGLE,APRIL INTERNATIONAL ENTEPRISE PTE LTD,SINGAPORE,SINGAPORE,INDIA
2020,470329,SINAR MAS,LONTAR PAPYRUS,KUALA TUNGKAL,JAMBI,120,55563,UNKNOWN AFFILIATION,REGENT EXIM INTERNATIONAL LTD,INDIA,PIPAVAV (VICTOR) PORT,INDIA
2020,470329,ROYAL GOLDEN EAGLE,APRIL,FUTONG,RIAU,100,28600,ROYAL GOLDEN EAGLE,APRIL INTERNATIONAL ENTEPRISE PTE LTD,SINGAPORE,SINGAPORE,BANGLADESH
2020,470200,ROYAL GOLDEN EAGLE,APRIL,FUTONG,RIAU,507,195026,ROYAL GOLDEN EAGLE,APRIL FAR EAST MALAYSIA SDN BHD,MALAYSIA,PORT KELANG,CHINA (MAINLAND)
2020,470200,ROYAL GOLDEN EAGLE,APRIL,FUTONG,RIAU,506,194967,ROYAL GOLDEN EAGLE,APRIL FAR EAST MALAYSIA SDN BHD,MALAYSIA,PORT KELANG,CHINA (MAINLAND)
2020,470329,ROYAL GOLDEN EAGLE,APRIL,FUTONG,RIAU,161,45785,ROYAL GOLDEN EAGLE,APRIL INTERNATIONAL ENTEPRISE PTE LTD,SINGAPORE,SINGAPORE,INDIA
2020,470329,ROYAL GOLDEN EAGLE,APRIL,FUTONG,RIAU,60,21335,ROYAL GOLDEN EAGLE,APRIL INTERNATIONAL ENTEPRISE PTE LTD,SINGAPORE,SINGAPORE,INDIA
2020,470329,ROYAL GOLDEN EAGLE,APRIL,FUTONG,RIAU,502,177844,ROYAL GOLDEN EAGLE,APRIL INTERNATIONAL ENTEPRISE PTE LTD,SINGAPORE,SINGAPORE,INDIA
2020,470329,SINAR MAS,OKI,SULTAN MAHMUD BADARUDDIN (U),SUMATERA SELATAN,800,367509,XIANMEN ITG,XIAMEN ITG GROUP CORP LTD,CHINA (MAINLAND),NANSHA,CHINA (MAINLAND)
2020,470329,SINAR MAS,OKI,SULTAN MAHMUD BADARUDDIN (U),SUMATERA SELATAN,2000,918772,XIANMEN ITG,POINTER INVESTMENT (HK) LTD,CHINA (HONG KONG),NANSHA,CHINA (MAINLAND)
2020,470329,SINAR MAS,OKI,SULTAN MAHMUD BADARUDDIN (U),SUMATERA SELATAN,2000,918772,XIANMEN ITG,POINTER INVESTMENT (HK) LTD,CHINA (HONG KONG),NANSHA,CHINA (MAINLAND)
2020,470329,SINAR MAS,OKI,SULTAN MAHMUD BADARUDDIN (U),SUMATERA SELATAN,1500,689079,XIANMEN ITG,POINTER INVESTMENT (HK) LTD,CHINA (HONG KONG),NANSHA,CHINA (MAINLAND)
2020,470329,SINAR MAS,OKI,SULTAN MAHMUD BADARUDDIN (U),SUMATERA SELATAN,1500,689079,XIANMEN ITG,POINTER INVESTMENT (HK) LTD,CHINA (HONG KONG),NANSHA,CHINA (MAINLAND)
2020,470329,SINAR MAS,OKI,SULTAN MAHMUD BADARUDDIN (U),SUMATERA SELATAN,1000,459386,XIANMEN ITG,POINTER INVESTMENT (HK) LTD,CHINA (HONG KONG),NANSHA,CHINA (MAINLAND)
2020,470329,MARUBENI,TANJUNG ENIM LESTARI,PANJANG,SUMATERA SELATAN,320,123955,MARUBENI,MARUBENI CORP,JAPAN,XINHUI,CHINA (MAINLAND)
2020,470329,MARUBENI,TANJUNG ENIM LESTARI,PANJANG,SUMATERA SELATAN,487,220239,MARUBENI,MARUBENI CORP,JAPAN,LAT KRABANG,THAILAND
2020,470329,ROYAL GOLDEN EAGLE,APRIL,FUTONG,RIAU,100,28621,ROYAL GOLDEN EAGLE,APRIL INTERNATIONAL ENTEPRISE PTE LTD,SINGAPORE,SINGAPORE,BANGLADESH
2020,470200,ROYAL GOLDEN EAGLE,APRIL,FUTONG,RIAU,507,195015,ROYAL GOLDEN EAGLE,APRIL FAR EAST MALAYSIA SDN BHD,MALAYSIA,PORT KELANG,CHINA (MAINLAND)
2020,470200,ROYAL GOLDEN EAGLE,APRIL,FUTONG,RIAU,506,194986,ROYAL GOLDEN EAGLE,APRIL FAR EAST MALAYSIA SDN BHD,MALAYSIA,PORT KELANG,CHINA (MAINLAND)
2020,470200,ROYAL GOLDEN EAGLE,APRIL,FUTONG,RIAU,506,194876,ROYAL GOLDEN EAGLE,APRIL FAR EAST MALAYSIA SDN BHD,MALAYSIA,PORT KELANG,CHINA (MAINLAND)
2020,470329,ROYAL GOLDEN EAGLE,APRIL,FUTONG,RIAU,502,177703,ROYAL GOLDEN EAGLE,APRIL INTERNATIONAL ENTEPRISE PTE LTD,SINGAPORE,SINGAPORE,INDIA
2020,470329,SINAR MAS,OKI,SULTAN MAHMUD BADARUDDIN (U),SUMATERA SELATAN,6700,3015000,UNKNOWN AFFILIATION,KHANNA PAPER MILLS LTD,INDIA,KANDLA,INDIA
2020,470329,SINAR MAS,OKI,SULTAN MAHMUD BADARUDDIN (U),SUMATERA SELATAN,3300,1485000,UNKNOWN AFFILIATION,KHANNA PAPER MILLS LTD,INDIA,KANDLA,INDIA
2020,470329,MARUBENI,TANJUNG ENIM LESTARI,TARAHAN,SUMATERA SELATAN,320,129636,MARUBENI,MARUBENI CORP,JAPAN,XINGANG,CHINA (MAINLAND)
2020,470329,MARUBENI,TANJUNG ENIM LESTARI,TARAHAN,SUMATERA SELATAN,1069,421623,MARUBENI,MARUBENI CORP,JAPAN,XINGANG,CHINA (MAINLAND)
2020,470329,MARUBENI,TANJUNG ENIM LESTARI,TARAHAN,SUMATERA SELATAN,534,215643,MARUBENI,MARUBENI CORP,JAPAN,XINGANG,CHINA (MAINLAND)
2020,470329,MARUBENI,TANJUNG ENIM LESTARI,TARAHAN,SUMATERA SELATAN,2138,891217,MARUBENI,MARUBENI CORP,JAPAN,XINGANG,CHINA (MAINLAND)
2020,470329,MARUBENI,TANJUNG ENIM LESTARI,TARAHAN,SUMATERA SELATAN,314,129666,MARUBENI,MARUBENI CORP,JAPAN,PYEONGTAEK,SOUTH KOREA
2020,470329,MARUBENI,TANJUNG ENIM LESTARI,TARAHAN,SUMATERA SELATAN,1028,423401,MARUBENI,MARUBENI CORP,JAPAN,PYEONGTAEK,SOUTH KOREA
2020,470329,MARUBENI,TANJUNG ENIM LESTARI,TARAHAN,SUMATERA SELATAN,156,64536,MARUBENI,MARUBENI CORP,JAPAN,PYEONGTAEK,SOUTH KOREA
2020,470329,MARUBENI,TANJUNG ENIM LESTARI,TARAHAN,SUMATERA SELATAN,1029,423643,MARUBENI,MARUBENI CORP,JAPAN,PYEONGTAEK,SOUTH KOREA
2020,470329,MARUBENI,TANJUNG ENIM LESTARI,TARAHAN,SUMATERA SELATAN,1560,666862,MARUBENI,MARUBENI CORP,JAPAN,PYEONGTAEK,SOUTH KOREA
2020,470329,MARUBENI,TANJUNG ENIM LESTARI,TARAHAN,SUMATERA SELATAN,1029,423811,MARUBENI,MARUBENI CORP,JAPAN,PYEONGTAEK,SOUTH KOREA
2020,470329,MARUBENI,TANJUNG ENIM LESTARI,TARAHAN,SUMATERA SELATAN,822,338653,MARUBENI,MARUBENI CORP,JAPAN,PYEONGTAEK,SOUTH KOREA
2020,470200,ROYAL GOLDEN EAGLE,APRIL,BUATAN,RIAU,506,194855,ROYAL GOLDEN EAGLE,APRIL FAR EAST MALAYSIA SDN BHD,MALAYSIA,SINGAPORE,CHINA (MAINLAND)
2020,470329,ROYAL GOLDEN EAGLE,APRIL,BUATAN,RIAU,401,141958,ROYAL GOLDEN EAGLE,APRIL INTERNATIONAL ENTEPRISE PTE LTD,SINGAPORE,SINGAPORE,THAILAND
2020,470200,ROYAL GOLDEN EAGLE,APRIL,FUTONG,RIAU,507,195261,ROYAL GOLDEN EAGLE,APRIL FAR EAST MALAYSIA SDN BHD,MALAYSIA,SINGAPORE,CHINA (MAINLAND)
2020,470200,ROYAL GOLDEN EAGLE,APRIL,FUTONG,RIAU,506,194771,ROYAL GOLDEN EAGLE,APRIL FAR EAST MALAYSIA SDN BHD,MALAYSIA,SINGAPORE,CHINA (MAINLAND)
2020,470200,ROYAL GOLDEN EAGLE,APRIL,FUTONG,RIAU,506,194807,ROYAL GOLDEN EAGLE,APRIL FAR EAST MALAYSIA SDN BHD,MALAYSIA,SINGAPORE,CHINA (MAINLAND)
2020,470200,ROYAL GOLDEN EAGLE,APRIL,FUTONG,RIAU,507,195044,ROYAL GOLDEN EAGLE,APRIL FAR EAST MALAYSIA SDN BHD,MALAYSIA,SINGAPORE,CHINA (MAINLAND)
2020,470329,SINAR MAS,INDAH KIAT,PERAWANG,RIAU,1000,430530,UNKNOWN AFFILIATION,THAI PAPER CO LTD,THAILAND,LAT KRABANG,THAILAND
2020,470329,SINAR MAS,INDAH KIAT,PERAWANG,RIAU,1000,430530,UNKNOWN AFFILIATION,THAI PAPER CO LTD,THAILAND,LAT KRABANG,THAILAND
2020,470329,SINAR MAS,INDAH KIAT,SUNGAI PAKNING,RIAU,5500,2530000,UNKNOWN AFFILIATION,HAIDONG MARINE CO LTD,SOUTH KOREA,ULSAN,SOUTH KOREA
2020,470329,SINAR MAS,INDAH KIAT,SUNGAI PAKNING,RIAU,5200,2392000,HANKUK,HANKUK PAPER MFG CO LTD,SOUTH KOREA,ULSAN,SOUTH KOREA
2020,470200,ROYAL GOLDEN EAGLE,APRIL,BUATAN,RIAU,506,194812,ROYAL GOLDEN EAGLE,APRIL FAR EAST MALAYSIA SDN BHD,MALAYSIA,SINGAPORE,CHINA (MAINLAND)
2020,470200,ROYAL GOLDEN EAGLE,APRIL,FUTONG,RIAU,9642,3712362,ROYAL GOLDEN EAGLE,APRIL FAR EAST MALAYSIA SDN BHD,MALAYSIA,CHANGSHU,CHINA (MAINLAND)
2020,470200,ROYAL GOLDEN EAGLE,APRIL,FUTONG,RIAU,7105,2735425,ROYAL GOLDEN EAGLE,APRIL FAR EAST MALAYSIA SDN BHD,MALAYSIA,CHANGSHU,CHINA (MAINLAND)
2020,470200,ROYAL GOLDEN EAGLE,APRIL,FUTONG,RIAU,8120,3126200,ROYAL GOLDEN EAGLE,APRIL FAR EAST MALAYSIA SDN BHD,MALAYSIA,XIUYING,CHINA (MAINLAND)
2020,470329,SINAR MAS,INDAH KIAT,SUNGAI PAKNING,RIAU,7600,3496000,SINAR MAS,KING PAPER SOURCE TRADING (SHANGHAI) CO LTD,CHINA (MAINLAND),NINGBO,CHINA (MAINLAND)
2020,470329,SINAR MAS,INDAH KIAT,SUNGAI PAKNING,RIAU,2000,920000,SINAR MAS,KING PAPER SOURCE TRADING (SHANGHAI) CO LTD,CHINA (MAINLAND),NINGBO,CHINA (MAINLAND)
2020,470329,SINAR MAS,INDAH KIAT,PERAWANG,RIAU,220,103216,SINAR MAS,GOLDEN PROFIT TRADING PTE LTD,SINGAPORE,CAT LAI,VIETNAM
2020,470329,ROYAL GOLDEN EAGLE,APRIL,BUATAN,RIAU,201,57253,ROYAL GOLDEN EAGLE,APRIL INTERNATIONAL ENTEPRISE PTE LTD,SINGAPORE,SINGAPORE,INDIA
2020,470329,MARUBENI,TANJUNG ENIM LESTARI,TANJUNG PRIOK,SUMATERA SELATAN,251,108509,MARUBENI,MARUBENI CORP,JAPAN,SHIMIZU,JAPAN
2020,470329,ROYAL GOLDEN EAGLE,APRIL,BUATAN,RIAU,100,28602,ROYAL GOLDEN EAGLE,APRIL INTERNATIONAL ENTEPRISE PTE LTD,SINGAPORE,SINGAPORE,INDIA
2020,470329,ROYAL GOLDEN EAGLE,APRIL,BUATAN,RIAU,201,57355,ROYAL GOLDEN EAGLE,APRIL INTERNATIONAL ENTEPRISE PTE LTD,SINGAPORE,SINGAPORE,INDIA
2020,470329,MARUBENI,TANJUNG ENIM LESTARI,PANJANG,SUMATERA SELATAN,514,196514,MARUBENI,MARUBENI CORP,JAPAN,WUHAN,CHINA (MAINLAND)
2020,470329,MARUBENI,TANJUNG ENIM LESTARI,PANJANG,SUMATERA SELATAN,519,198432,MARUBENI,MARUBENI CORP,JAPAN,WUHAN,CHINA (MAINLAND)
2020,470329,ROYAL GOLDEN EAGLE,APRIL,FUTONG,RIAU,10150,2892750,ROYAL GOLDEN EAGLE,APRIL INTERNATIONAL ENTEPRISE PTE LTD,SINGAPORE,CHITTAGONG,BANGLADESH
2020,470329,SINAR MAS,INDAH KIAT,PERAWANG,RIAU,500,243146,SINAR MAS,SORBENT PAPER CO PTY LTD,AUSTRALIA,MELBOURNE,AUSTRALIA
2020,470329,SINAR MAS,INDAH KIAT,PERAWANG,RIAU,1000,430530,UNKNOWN AFFILIATION,THAI PAPER CO LTD,THAILAND,LAT KRABANG,THAILAND
2020,470329,SINAR MAS,INDAH KIAT,PERAWANG,RIAU,300,131527,UNKNOWN AFFILIATION,NEW TOYO PULPPY (VIETNAM) CO LTD,VIETNAM,CAT LAI,VIETNAM
2020,470200,ROYAL GOLDEN EAGLE,APRIL,BUATAN,RIAU,507,195006,ROYAL GOLDEN EAGLE,APRIL FAR EAST MALAYSIA SDN BHD,MALAYSIA,SINGAPORE,CHINA (MAINLAND)
2020,470200,ROYAL GOLDEN EAGLE,APRIL,BUATAN,RIAU,506,194953,ROYAL GOLDEN EAGLE,APRIL FAR EAST MALAYSIA SDN BHD,MALAYSIA,SINGAPORE,CHINA (MAINLAND)
2020,470329,MARUBENI,TANJUNG ENIM LESTARI,PANJANG,SUMATERA SELATAN,295,124218,MARUBENI,MARUBENI CORP,JAPAN,CAT LAI,VIETNAM
2020,470200,ROYAL GOLDEN EAGLE,APRIL,FUTONG,RIAU,508,195682,ROYAL GOLDEN EAGLE,APRIL FAR EAST MALAYSIA SDN BHD,MALAYSIA,PORT KELANG,CHINA (MAINLAND)
2020,470200,ROYAL GOLDEN EAGLE,APRIL,FUTONG,RIAU,508,195706,ROYAL GOLDEN EAGLE,APRIL FAR EAST MALAYSIA SDN BHD,MALAYSIA,PORT KELANG,CHINA (MAINLAND)
2020,470200,ROYAL GOLDEN EAGLE,APRIL,FUTONG,RIAU,508,195569,ROYAL GOLDEN EAGLE,APRIL FAR EAST MALAYSIA SDN BHD,MALAYSIA,PORT KELANG,CHINA (MAINLAND)
2020,470200,ROYAL GOLDEN EAGLE,APRIL,FUTONG,RIAU,508,195537,ROYAL GOLDEN EAGLE,APRIL FAR EAST MALAYSIA SDN BHD,MALAYSIA,PORT KELANG,CHINA (MAINLAND)
2020,470200,ROYAL GOLDEN EAGLE,APRIL,FUTONG,RIAU,507,195102,ROYAL GOLDEN EAGLE,APRIL FAR EAST MALAYSIA SDN BHD,MALAYSIA,PORT KELANG,CHINA (MAINLAND)
2020,470200,ROYAL GOLDEN EAGLE,APRIL,FUTONG,RIAU,506,194916,ROYAL GOLDEN EAGLE,APRIL FAR EAST MALAYSIA SDN BHD,MALAYSIA,PORT KELANG,CHINA (MAINLAND)
2020,470200,ROYAL GOLDEN EAGLE,APRIL,FUTONG,RIAU,506,194865,ROYAL GOLDEN EAGLE,APRIL FAR EAST MALAYSIA SDN BHD,MALAYSIA,PORT KELANG,CHINA (MAINLAND)
2020,470200,ROYAL GOLDEN EAGLE,APRIL,FUTONG,RIAU,509,195827,ROYAL GOLDEN EAGLE,APRIL FAR EAST MALAYSIA SDN BHD,MALAYSIA,SINGAPORE,CHINA (MAINLAND)
2020,470329,ROYAL GOLDEN EAGLE,APRIL,FUTONG,RIAU,14210,4049850,ROYAL GOLDEN EAGLE,APRIL INTERNATIONAL ENTEPRISE PTE LTD,SINGAPORE,MERSIN,TURKEY
2020,470200,ROYAL GOLDEN EAGLE,APRIL,BUATAN,RIAU,507,195172,ROYAL GOLDEN EAGLE,APRIL FAR EAST MALAYSIA SDN BHD,MALAYSIA,SINGAPORE,CHINA (MAINLAND)
2020,470200,ROYAL GOLDEN EAGLE,APRIL,BUATAN,RIAU,405,156101,ROYAL GOLDEN EAGLE,APRIL FAR EAST MALAYSIA SDN BHD,MALAYSIA,SINGAPORE,CHINA (MAINLAND)
2020,470200,ROYAL GOLDEN EAGLE,APRIL,BUATAN,RIAU,507,195053,ROYAL GOLDEN EAGLE,APRIL FAR EAST MALAYSIA SDN BHD,MALAYSIA,SINGAPORE,CHINA (MAINLAND)
2020,470329,MARUBENI,TANJUNG ENIM LESTARI,PANJANG,SUMATERA SELATAN,318,122325,MARUBENI,MARUBENI CORP,JAPAN,CHONGQING,CHINA (MAINLAND)
2020,470329,MARUBENI,TANJUNG ENIM LESTARI,PANJANG,SUMATERA SELATAN,510,209981,MARUBENI,MARUBENI CORP,JAPAN,JAWAHARLAL NEHRU (NHAVA SHEVA),INDIA
2020,470329,MARUBENI,TANJUNG ENIM LESTARI,PANJANG,SUMATERA SELATAN,104,44368,MARUBENI,MARUBENI CORP,JAPAN,JAWAHARLAL NEHRU (NHAVA SHEVA),INDIA
2020,470329,MARUBENI,TANJUNG ENIM LESTARI,PANJANG,SUMATERA SELATAN,104,42814,MARUBENI,MARUBENI CORP,JAPAN,JAWAHARLAL NEHRU (NHAVA SHEVA),INDIA
2020,470329,MARUBENI,TANJUNG ENIM LESTARI,PANJANG,SUMATERA SELATAN,107,45180,MARUBENI,MARUBENI CORP,JAPAN,PIPAVAV (VICTOR) PORT,INDIA
2020,470200,ROYAL GOLDEN EAGLE,APRIL,FUTONG,RIAU,508,195691,ROYAL GOLDEN EAGLE,APRIL FAR EAST MALAYSIA SDN BHD,MALAYSIA,PORT KELANG,CHINA (MAINLAND)
2020,470200,ROYAL GOLDEN EAGLE,APRIL,FUTONG,RIAU,508,195695,ROYAL GOLDEN EAGLE,APRIL FAR EAST MALAYSIA SDN BHD,MALAYSIA,PORT KELANG,CHINA (MAINLAND)
2020,470200,ROYAL GOLDEN EAGLE,APRIL,FUTONG,RIAU,508,195469,ROYAL GOLDEN EAGLE,APRIL FAR EAST MALAYSIA SDN BHD,MALAYSIA,PORT KELANG,CHINA (MAINLAND)
2020,470200,ROYAL GOLDEN EAGLE,APRIL,FUTONG,RIAU,509,195788,ROYAL GOLDEN EAGLE,APRIL FAR EAST MALAYSIA SDN BHD,MALAYSIA,PORT KELANG,CHINA (MAINLAND)
2020,470329,SINAR MAS,INDAH KIAT,SUNGAI PAKNING,RIAU,3000,1378500,SINAR MAS,JIANGSU BOHUI PAPER INDUSTRY CO LTD.,CHINA (MAINLAND),DAFENG,CHINA (MAINLAND)
2020,470329,SINAR MAS,INDAH KIAT,SUNGAI PAKNING,RIAU,3000,1378500,SINAR MAS,JIANGSU BOHUI PAPER INDUSTRY CO LTD.,CHINA (MAINLAND),DAFENG,CHINA (MAINLAND)
2020,470329,SINAR MAS,INDAH KIAT,SUNGAI PAKNING,RIAU,2500,1148750,SINAR MAS,JIANGSU BOHUI PAPER INDUSTRY CO LTD.,CHINA (MAINLAND),DAFENG,CHINA (MAINLAND)
2020,470329,SINAR MAS,INDAH KIAT,SUNGAI PAKNING,RIAU,2000,919000,SINAR MAS,JIANGSU BOHUI PAPER INDUSTRY CO LTD.,CHINA (MAINLAND),DAFENG,CHINA (MAINLAND)
2020,470329,SINAR MAS,INDAH KIAT,SUNGAI PAKNING,RIAU,1100,498562,CHINA UNION,CHINA UNION (MACAO COMMERCIAL OFFSHORE) CO LTD,MACAO,DAFENG,CHINA (MAINLAND)
2020,470200,ROYAL GOLDEN EAGLE,APRIL,BUATAN,RIAU,506,194763,ROYAL GOLDEN EAGLE,APRIL FAR EAST MALAYSIA SDN BHD,MALAYSIA,SINGAPORE,CHINA (MAINLAND)
2020,470329,ROYAL GOLDEN EAGLE,APRIL,FUTONG,RIAU,402,114437,ROYAL GOLDEN EAGLE,APRIL INTERNATIONAL ENTEPRISE PTE LTD,SINGAPORE,SINGAPORE,VIETNAM
2020,470329,MARUBENI,TANJUNG ENIM LESTARI,TARAHAN,SUMATERA SELATAN,482,189689,MARUBENI,MARUBENI CORP,JAPAN,QINGDAO,CHINA (MAINLAND)
2020,470329,MARUBENI,TANJUNG ENIM LESTARI,TARAHAN,SUMATERA SELATAN,2400,992071,MARUBENI,MARUBENI CORP,JAPAN,QINGDAO,CHINA (MAINLAND)
2020,470329,MARUBENI,TANJUNG ENIM LESTARI,TARAHAN,SUMATERA SELATAN,1441,567015,MARUBENI,MARUBENI CORP,JAPAN,QINGDAO,CHINA (MAINLAND)
2020,470329,MARUBENI,TANJUNG ENIM LESTARI,TARAHAN,SUMATERA SELATAN,482,199146,MARUBENI,MARUBENI CORP,JAPAN,QINGDAO,CHINA (MAINLAND)
2020,470329,MARUBENI,TANJUNG ENIM LESTARI,TARAHAN,SUMATERA SELATAN,1922,811304,MARUBENI,MARUBENI CORP,JAPAN,XINGANG,CHINA (MAINLAND)
2020,470329,MARUBENI,TANJUNG ENIM LESTARI,TARAHAN,SUMATERA SELATAN,480,193461,MARUBENI,MARUBENI CORP,JAPAN,XINGANG,CHINA (MAINLAND)
2020,470329,MARUBENI,TANJUNG ENIM LESTARI,TARAHAN,SUMATERA SELATAN,1922,793971,MARUBENI,MARUBENI CORP,JAPAN,XINGANG,CHINA (MAINLAND)
2020,470329,MARUBENI,TANJUNG ENIM LESTARI,TARAHAN,SUMATERA SELATAN,961,397184,MARUBENI,MARUBENI CORP,JAPAN,XINGANG,CHINA (MAINLAND)
2020,470329,SINAR MAS,OKI,SULTAN MAHMUD BADARUDDIN (U),SUMATERA SELATAN,3000,1361665,UNKNOWN AFFILIATION,XIAMEN HAIXIA SUPPLY CHAIN DEVELOPMENT CO LTD,CHINA (MAINLAND),DAFENG,CHINA (MAINLAND)
2020,470329,SINAR MAS,OKI,SULTAN MAHMUD BADARUDDIN (U),SUMATERA SELATAN,4000,1815553,UNKNOWN AFFILIATION,XIAMEN HAIXIA SUPPLY CHAIN DEVELOPMENT CO LTD,CHINA (MAINLAND),DAFENG,CHINA (MAINLAND)
2020,470329,SINAR MAS,OKI,SULTAN MAHMUD BADARUDDIN (U),SUMATERA SELATAN,3000,1361665,UNKNOWN AFFILIATION,XIAMEN HAIXIA SUPPLY CHAIN DEVELOPMENT CO LTD,CHINA (MAINLAND),DAFENG,CHINA (MAINLAND)
2020,470329,SINAR MAS,OKI,SULTAN MAHMUD BADARUDDIN (U),SUMATERA SELATAN,2600,1178190,SINAR MAS,KING PAPER SOURCE TRADING (SHANGHAI) CO LTD,CHINA (MAINLAND),ZHENJIANG,CHINA (MAINLAND)
2020,470329,SINAR MAS,OKI,SULTAN MAHMUD BADARUDDIN (U),SUMATERA SELATAN,1800,815670,SINAR MAS,KING PAPER SOURCE TRADING (SHANGHAI) CO LTD,CHINA (MAINLAND),ZHENJIANG,CHINA (MAINLAND)
2020,470329,SINAR MAS,OKI,SULTAN MAHMUD BADARUDDIN (U),SUMATERA SELATAN,9000,4078350,SINAR MAS,KING PAPER SOURCE TRADING (SHANGHAI) CO LTD,CHINA (MAINLAND),ZHENJIANG,CHINA (MAINLAND)
2020,470329,SINAR MAS,OKI,SULTAN MAHMUD BADARUDDIN (U),SUMATERA SELATAN,5000,2265750,SINAR MAS,KING PAPER SOURCE TRADING (SHANGHAI) CO LTD,CHINA (MAINLAND),ZHENJIANG,CHINA (MAINLAND)
2020,470329,SINAR MAS,OKI,SULTAN MAHMUD BADARUDDIN (U),SUMATERA SELATAN,2200,996930,SINAR MAS,KING PAPER SOURCE TRADING (SHANGHAI) CO LTD,CHINA (MAINLAND),ZHENJIANG,CHINA (MAINLAND)
2020,470200,ROYAL GOLDEN EAGLE,APRIL,FUTONG,RIAU,509,195863,ROYAL GOLDEN EAGLE,APRIL FAR EAST MALAYSIA SDN BHD,MALAYSIA,PORT KELANG,CHINA (MAINLAND)
2020,470200,ROYAL GOLDEN EAGLE,APRIL,FUTONG,RIAU,508,195625,ROYAL GOLDEN EAGLE,APRIL FAR EAST MALAYSIA SDN BHD,MALAYSIA,PORT KELANG,CHINA (MAINLAND)
2020,470200,ROYAL GOLDEN EAGLE,APRIL,FUTONG,RIAU,508,195597,ROYAL GOLDEN EAGLE,APRIL FAR EAST MALAYSIA SDN BHD,MALAYSIA,PORT KELANG,CHINA (MAINLAND)
2020,470200,ROYAL GOLDEN EAGLE,APRIL,FUTONG,RIAU,508,195471,ROYAL GOLDEN EAGLE,APRIL FAR EAST MALAYSIA SDN BHD,MALAYSIA,SINGAPORE,CHINA (MAINLAND)
2020,470200,ROYAL GOLDEN EAGLE,APRIL,FUTONG,RIAU,508,195466,ROYAL GOLDEN EAGLE,APRIL FAR EAST MALAYSIA SDN BHD,MALAYSIA,SINGAPORE,CHINA (MAINLAND)
2020,470200,ROYAL GOLDEN EAGLE,APRIL,FUTONG,RIAU,508,195426,ROYAL GOLDEN EAGLE,APRIL FAR EAST MALAYSIA SDN BHD,MALAYSIA,SINGAPORE,CHINA (MAINLAND)
2020,470200,ROYAL GOLDEN EAGLE,APRIL,FUTONG,RIAU,506,194853,ROYAL GOLDEN EAGLE,APRIL FAR EAST MALAYSIA SDN BHD,MALAYSIA,SINGAPORE,CHINA (MAINLAND)
2020,470200,ROYAL GOLDEN EAGLE,APRIL,FUTONG,RIAU,506,194800,ROYAL GOLDEN EAGLE,APRIL FAR EAST MALAYSIA SDN BHD,MALAYSIA,SINGAPORE,CHINA (MAINLAND)
2020,470200,ROYAL GOLDEN EAGLE,APRIL,FUTONG,RIAU,486,187106,ROYAL GOLDEN EAGLE,APRIL FAR EAST MALAYSIA SDN BHD,MALAYSIA,SINGAPORE,CHINA (MAINLAND)
2020,470200,ROYAL GOLDEN EAGLE,APRIL,FUTONG,RIAU,202,77927,ROYAL GOLDEN EAGLE,APRIL FAR EAST MALAYSIA SDN BHD,MALAYSIA,SINGAPORE,CHINA (MAINLAND)
2020,470200,ROYAL GOLDEN EAGLE,APRIL,FUTONG,RIAU,405,155970,ROYAL GOLDEN EAGLE,APRIL FAR EAST MALAYSIA SDN BHD,MALAYSIA,SINGAPORE,CHINA (MAINLAND)
2020,470329,ROYAL GOLDEN EAGLE,APRIL,FUTONG,RIAU,502,143108,ROYAL GOLDEN EAGLE,APRIL FAR EAST MALAYSIA SDN BHD,MALAYSIA,SINGAPORE,CHINA (MAINLAND)
2020,470329,ROYAL GOLDEN EAGLE,APRIL,FUTONG,RIAU,502,143093,ROYAL GOLDEN EAGLE,APRIL FAR EAST MALAYSIA SDN BHD,MALAYSIA,SINGAPORE,CHINA (MAINLAND)
2020,470329,ROYAL GOLDEN EAGLE,APRIL,FUTONG,RIAU,502,143061,ROYAL GOLDEN EAGLE,APRIL FAR EAST MALAYSIA SDN BHD,MALAYSIA,SINGAPORE,CHINA (MAINLAND)
2020,470329,ROYAL GOLDEN EAGLE,APRIL,FUTONG,RIAU,503,143225,ROYAL GOLDEN EAGLE,APRIL INTERNATIONAL ENTEPRISE PTE LTD,SINGAPORE,SINGAPORE,INDIA
2020,470200,ROYAL GOLDEN EAGLE,APRIL,BUATAN,RIAU,506,194953,ROYAL GOLDEN EAGLE,APRIL FAR EAST MALAYSIA SDN BHD,MALAYSIA,SINGAPORE,CHINA (MAINLAND)
2020,470200,ROYAL GOLDEN EAGLE,APRIL,BUATAN,RIAU,506,194727,ROYAL GOLDEN EAGLE,APRIL FAR EAST MALAYSIA SDN BHD,MALAYSIA,SINGAPORE,CHINA (MAINLAND)
2020,470329,ROYAL GOLDEN EAGLE,APRIL,BUATAN,RIAU,180,51312,ROYAL GOLDEN EAGLE,APRIL INTERNATIONAL ENTEPRISE PTE LTD,SINGAPORE,SINGAPORE,INDIA
2020,470329,ROYAL GOLDEN EAGLE,APRIL,BUATAN,RIAU,60,17155,ROYAL GOLDEN EAGLE,APRIL INTERNATIONAL ENTEPRISE PTE LTD,SINGAPORE,SINGAPORE,INDIA
2020,470329,SINAR MAS,LONTAR PAPYRUS,KUALA TUNGKAL,JAMBI,201,91904,UNKNOWN AFFILIATION,THUAN PHAT IMPORT AND EXPORT CO LTD,VIETNAM,CAT LAI,VIETNAM
2020,470200,ROYAL GOLDEN EAGLE,APRIL,FUTONG,RIAU,508,195491,ROYAL GOLDEN EAGLE,APRIL FAR EAST MALAYSIA SDN BHD,MALAYSIA,PORT KELANG,CHINA (MAINLAND)
2020,470200,ROYAL GOLDEN EAGLE,APRIL,FUTONG,RIAU,507,195368,ROYAL GOLDEN EAGLE,APRIL FAR EAST MALAYSIA SDN BHD,MALAYSIA,PORT KELANG,CHINA (MAINLAND)
2020,470200,ROYAL GOLDEN EAGLE,APRIL,FUTONG,RIAU,507,195290,ROYAL GOLDEN EAGLE,APRIL FAR EAST MALAYSIA SDN BHD,MALAYSIA,PORT KELANG,CHINA (MAINLAND)
2020,470200,ROYAL GOLDEN EAGLE,APRIL,FUTONG,RIAU,505,194511,ROYAL GOLDEN EAGLE,APRIL FAR EAST MALAYSIA SDN BHD,MALAYSIA,PORT KELANG,CHINA (MAINLAND)
2020,470200,ROYAL GOLDEN EAGLE,APRIL,FUTONG,RIAU,507,195260,ROYAL GOLDEN EAGLE,APRIL FAR EAST MALAYSIA SDN BHD,MALAYSIA,PORT KELANG,CHINA (MAINLAND)
2020,470200,ROYAL GOLDEN EAGLE,APRIL,FUTONG,RIAU,507,195043,ROYAL GOLDEN EAGLE,APRIL FAR EAST MALAYSIA SDN BHD,MALAYSIA,PORT KELANG,CHINA (MAINLAND)
2020,470329,SINAR MAS,INDAH KIAT,PERAWANG,RIAU,500,243146,SINAR MAS,SORBENT PAPER CO PTY LTD,AUSTRALIA,MELBOURNE,AUSTRALIA
2020,470329,SINAR MAS,OKI,SULTAN MAHMUD BADARUDDIN (U),SUMATERA SELATAN,2500,1132250,SINAR MAS,KING PAPER SOURCE TRADING (SHANGHAI) CO LTD,CHINA (MAINLAND),QINZHOU,CHINA (MAINLAND)
2020,470329,SINAR MAS,OKI,SULTAN MAHMUD BADARUDDIN (U),SUMATERA SELATAN,5000,2264500,SINAR MAS,KING PAPER SOURCE TRADING (SHANGHAI) CO LTD,CHINA (MAINLAND),QINZHOU,CHINA (MAINLAND)
2020,470329,SINAR MAS,OKI,SULTAN MAHMUD BADARUDDIN (U),SUMATERA SELATAN,2000,910000,SINAR MAS,KING PAPER SOURCE TRADING (SHANGHAI) CO LTD,CHINA (MAINLAND),SHANGHAI,CHINA (MAINLAND)
2020,470329,SINAR MAS,OKI,SULTAN MAHMUD BADARUDDIN (U),SUMATERA SELATAN,2500,1137500,SINAR MAS,KING PAPER SOURCE TRADING (SHANGHAI) CO LTD,CHINA (MAINLAND),SHANGHAI,CHINA (MAINLAND)
2020,470329,SINAR MAS,OKI,SULTAN MAHMUD BADARUDDIN (U),SUMATERA SELATAN,8000,3640000,SINAR MAS,KING PAPER SOURCE TRADING (SHANGHAI) CO LTD,CHINA (MAINLAND),SHANGHAI,CHINA (MAINLAND)
2020,470329,SINAR MAS,OKI,SULTAN MAHMUD BADARUDDIN (U),SUMATERA SELATAN,2500,1137500,SINAR MAS,KING PAPER SOURCE TRADING (SHANGHAI) CO LTD,CHINA (MAINLAND),SHANGHAI,CHINA (MAINLAND)
2020,470329,SINAR MAS,OKI,SULTAN MAHMUD BADARUDDIN (U),SUMATERA SELATAN,1500,682500,SINAR MAS,KING PAPER SOURCE TRADING (SHANGHAI) CO LTD,CHINA (MAINLAND),SHANGHAI,CHINA (MAINLAND)
2020,470329,SINAR MAS,OKI,SULTAN MAHMUD BADARUDDIN (U),SUMATERA SELATAN,4000,1820000,SINAR MAS,KING PAPER SOURCE TRADING (SHANGHAI) CO LTD,CHINA (MAINLAND),SHANGHAI,CHINA (MAINLAND)
2020,470329,SINAR MAS,OKI,SULTAN MAHMUD BADARUDDIN (U),SUMATERA SELATAN,2500,1137500,SINAR MAS,KING PAPER SOURCE TRADING (SHANGHAI) CO LTD,CHINA (MAINLAND),SHANGHAI,CHINA (MAINLAND)
2020,470329,SINAR MAS,OKI,SULTAN MAHMUD BADARUDDIN (U),SUMATERA SELATAN,5000,2275000,SINAR MAS,KING PAPER SOURCE TRADING (SHANGHAI) CO LTD,CHINA (MAINLAND),SHANGHAI,CHINA (MAINLAND)
2020,470329,SINAR MAS,OKI,SULTAN MAHMUD BADARUDDIN (U),SUMATERA SELATAN,7000,3185000,SINAR MAS,KING PAPER SOURCE TRADING (SHANGHAI) CO LTD,CHINA (MAINLAND),SHANGHAI,CHINA (MAINLAND)
2020,470329,SINAR MAS,OKI,SULTAN MAHMUD BADARUDDIN (U),SUMATERA SELATAN,1000,455000,SINAR MAS,KING PAPER SOURCE TRADING (SHANGHAI) CO LTD,CHINA (MAINLAND),SHANGHAI,CHINA (MAINLAND)
2020,470329,SINAR MAS,OKI,SULTAN MAHMUD BADARUDDIN (U),SUMATERA SELATAN,2000,910000,SINAR MAS,KING PAPER SOURCE TRADING (SHANGHAI) CO LTD,CHINA (MAINLAND),SHANGHAI,CHINA (MAINLAND)
2020,470329,SINAR MAS,OKI,SULTAN MAHMUD BADARUDDIN (U),SUMATERA SELATAN,2000,910000,SINAR MAS,KING PAPER SOURCE TRADING (SHANGHAI) CO LTD,CHINA (MAINLAND),SHANGHAI,CHINA (MAINLAND)
2020,470329,SINAR MAS,OKI,SULTAN MAHMUD BADARUDDIN (U),SUMATERA SELATAN,5000,2275000,SINAR MAS,KING PAPER SOURCE TRADING (SHANGHAI) CO LTD,CHINA (MAINLAND),SHANGHAI,CHINA (MAINLAND)
2020,470329,MARUBENI,TANJUNG ENIM LESTARI,TARAHAN,SUMATERA SELATAN,1995,789031,MARUBENI,MARUBENI CORP,JAPAN,NINGBO,CHINA (MAINLAND)
2020,470329,MARUBENI,TANJUNG ENIM LESTARI,TARAHAN,SUMATERA SELATAN,999,395238,MARUBENI,MARUBENI CORP,JAPAN,NINGBO,CHINA (MAINLAND)
2020,470329,MARUBENI,TANJUNG ENIM LESTARI,TARAHAN,SUMATERA SELATAN,1992,826853,MARUBENI,MARUBENI CORP,JAPAN,QINGDAO,CHINA (MAINLAND)
2020,470329,MARUBENI,TANJUNG ENIM LESTARI,TARAHAN,SUMATERA SELATAN,1996,828497,MARUBENI,MARUBENI CORP,JAPAN,QINGDAO,CHINA (MAINLAND)
2020,470329,MARUBENI,TANJUNG ENIM LESTARI,TARAHAN,SUMATERA SELATAN,1990,826108,MARUBENI,MARUBENI CORP,JAPAN,QINGDAO,CHINA (MAINLAND)
2020,470329,MARUBENI,TANJUNG ENIM LESTARI,TARAHAN,SUMATERA SELATAN,990,410862,MARUBENI,MARUBENI CORP,JAPAN,QINGDAO,CHINA (MAINLAND)
2020,470200,ROYAL GOLDEN EAGLE,APRIL,FUTONG,RIAU,508,195604,ROYAL GOLDEN EAGLE,APRIL FAR EAST MALAYSIA SDN BHD,MALAYSIA,PORT KELANG,CHINA (MAINLAND)
2020,470200,ROYAL GOLDEN EAGLE,APRIL,FUTONG,RIAU,508,195676,ROYAL GOLDEN EAGLE,APRIL FAR EAST MALAYSIA SDN BHD,MALAYSIA,PORT KELANG,CHINA (MAINLAND)
2020,470200,ROYAL GOLDEN EAGLE,APRIL,FUTONG,RIAU,508,195500,ROYAL GOLDEN EAGLE,APRIL FAR EAST MALAYSIA SDN BHD,MALAYSIA,PORT KELANG,CHINA (MAINLAND)
2020,470200,ROYAL GOLDEN EAGLE,APRIL,FUTONG,RIAU,508,195423,ROYAL GOLDEN EAGLE,APRIL FAR EAST MALAYSIA SDN BHD,MALAYSIA,PORT KELANG,CHINA (MAINLAND)
2020,470200,ROYAL GOLDEN EAGLE,APRIL,FUTONG,RIAU,507,195269,ROYAL GOLDEN EAGLE,APRIL FAR EAST MALAYSIA SDN BHD,MALAYSIA,PORT KELANG,CHINA (MAINLAND)
2020,470200,ROYAL GOLDEN EAGLE,APRIL,FUTONG,RIAU,508,195717,ROYAL GOLDEN EAGLE,APRIL FAR EAST MALAYSIA SDN BHD,MALAYSIA,PORT KELANG,CHINA (MAINLAND)
2020,470200,ROYAL GOLDEN EAGLE,APRIL,FUTONG,RIAU,506,194855,ROYAL GOLDEN EAGLE,APRIL FAR EAST MALAYSIA SDN BHD,MALAYSIA,PORT KELANG,CHINA (MAINLAND)
2020,470200,ROYAL GOLDEN EAGLE,APRIL,FUTONG,RIAU,506,194740,ROYAL GOLDEN EAGLE,APRIL FAR EAST MALAYSIA SDN BHD,MALAYSIA,PORT KELANG,CHINA (MAINLAND)
2020,470329,SINAR MAS,OKI,SULTAN MAHMUD BADARUDDIN (U),SUMATERA SELATAN,1000,452500,SINAR MAS,KING PAPER SOURCE TRADING (SHANGHAI) CO LTD,CHINA (MAINLAND),SHANGHAI,CHINA (MAINLAND)
2020,470329,SINAR MAS,OKI,SULTAN MAHMUD BADARUDDIN (U),SUMATERA SELATAN,2900,1312250,SINAR MAS,KING PAPER SOURCE TRADING (SHANGHAI) CO LTD,CHINA (MAINLAND),SHANGHAI,CHINA (MAINLAND)
2020,470329,SINAR MAS,OKI,SULTAN MAHMUD BADARUDDIN (U),SUMATERA SELATAN,5500,2477750,SINAR MAS,KING PAPER SOURCE TRADING (SHANGHAI) CO LTD,CHINA (MAINLAND),SHANGHAI,CHINA (MAINLAND)
2020,470329,SINAR MAS,OKI,SULTAN MAHMUD BADARUDDIN (U),SUMATERA SELATAN,2100,946050,SINAR MAS,KING PAPER SOURCE TRADING (SHANGHAI) CO LTD,CHINA (MAINLAND),SHANGHAI,CHINA (MAINLAND)
2020,470329,SINAR MAS,OKI,SULTAN MAHMUD BADARUDDIN (U),SUMATERA SELATAN,4000,1802000,SINAR MAS,KING PAPER SOURCE TRADING (SHANGHAI) CO LTD,CHINA (MAINLAND),SHANGHAI,CHINA (MAINLAND)
2020,470200,ROYAL GOLDEN EAGLE,APRIL,BUATAN,RIAU,506,194853,ROYAL GOLDEN EAGLE,APRIL FAR EAST MALAYSIA SDN BHD,MALAYSIA,SINGAPORE,CHINA (MAINLAND)
2020,470200,ROYAL GOLDEN EAGLE,APRIL,BUATAN,RIAU,506,194739,ROYAL GOLDEN EAGLE,APRIL FAR EAST MALAYSIA SDN BHD,MALAYSIA,SINGAPORE,CHINA (MAINLAND)
2020,470329,ROYAL GOLDEN EAGLE,APRIL,BUATAN,RIAU,96,27471,ROYAL GOLDEN EAGLE,APRIL INTERNATIONAL ENTEPRISE PTE LTD,SINGAPORE,SINGAPORE,TAIWAN
2020,470329,MARUBENI,TANJUNG ENIM LESTARI,PANJANG,SUMATERA SELATAN,106,41284,MARUBENI,MARUBENI CORP,JAPAN,JAWAHARLAL NEHRU (NHAVA SHEVA),INDIA
2020,470329,MARUBENI,TANJUNG ENIM LESTARI,PANJANG,SUMATERA SELATAN,106,43465,MARUBENI,MARUBENI CORP,JAPAN,PIPAVAV (VICTOR) PORT,INDIA
2020,470329,SINAR MAS,OKI,SULTAN MAHMUD BADARUDDIN (U),SUMATERA SELATAN,10000,4515000,SINAR MAS,KING PAPER SOURCE TRADING (SHANGHAI) CO LTD,CHINA (MAINLAND),NINGBO,CHINA (MAINLAND)
2020,470329,SINAR MAS,OKI,SULTAN MAHMUD BADARUDDIN (U),SUMATERA SELATAN,5200,2347800,SINAR MAS,KING PAPER SOURCE TRADING (SHANGHAI) CO LTD,CHINA (MAINLAND),NINGBO,CHINA (MAINLAND)
2020,470329,SINAR MAS,OKI,SULTAN MAHMUD BADARUDDIN (U),SUMATERA SELATAN,5000,2257500,SINAR MAS,KING PAPER SOURCE TRADING (SHANGHAI) CO LTD,CHINA (MAINLAND),ZHENJIANG,CHINA (MAINLAND)
2020,470329,SINAR MAS,OKI,SULTAN MAHMUD BADARUDDIN (U),SUMATERA SELATAN,1000,451500,SINAR MAS,KING PAPER SOURCE TRADING (SHANGHAI) CO LTD,CHINA (MAINLAND),ZHENJIANG,CHINA (MAINLAND)
2020,470329,SINAR MAS,OKI,SULTAN MAHMUD BADARUDDIN (U),SUMATERA SELATAN,1000,451500,SINAR MAS,KING PAPER SOURCE TRADING (SHANGHAI) CO LTD,CHINA (MAINLAND),ZHENJIANG,CHINA (MAINLAND)
2020,470329,SINAR MAS,OKI,SULTAN MAHMUD BADARUDDIN (U),SUMATERA SELATAN,7800,3521700,SINAR MAS,KING PAPER SOURCE TRADING (SHANGHAI) CO LTD,CHINA (MAINLAND),ZHENJIANG,CHINA (MAINLAND)
2020,470329,SINAR MAS,OKI,SULTAN MAHMUD BADARUDDIN (U),SUMATERA SELATAN,500,225000,EMAMI,EMAMI PAPER MILLS LTD,INDIA,HALDIA,INDIA
2020,470329,SINAR MAS,OKI,SULTAN MAHMUD BADARUDDIN (U),SUMATERA SELATAN,4000,1800000,EMAMI,EMAMI PAPER MILLS LTD,INDIA,HALDIA,INDIA
2020,470329,SINAR MAS,OKI,SULTAN MAHMUD BADARUDDIN (U),SUMATERA SELATAN,3000,1350000,EMAMI,EMAMI PAPER MILLS LTD,INDIA,HALDIA,INDIA
2020,470329,SINAR MAS,OKI,SULTAN MAHMUD BADARUDDIN (U),SUMATERA SELATAN,2000,900000,EMAMI,EMAMI PAPER MILLS LTD,INDIA,HALDIA,INDIA