YEAR,HS_CODE,MILL_CORPORATE_GROUP,MILL,PORT_OF_EXPORT,PROVINCE_OF_EXPORT,PULP_EXPORT_VOLUME_TONNES,FOB_VALUES_USD,IMPORTER_CORPORATE_GROUP,IMPORTER,COUNTRY_OF_IMPORTER,PORT_OF_DESTINATION,COUNTRY_OF_DESTINATION
2021,470200,ROYAL GOLDEN EAGLE,APRIL,FUTONG,RIAU,1522,586162,ROYAL GOLDEN EAGLE,APRIL FAR EAST MALAYSIA SDN BHD,MALAYSIA,CHANGSHU,CHINA (MAINLAND)
2021,470200,ROYAL GOLDEN EAGLE,APRIL,FUTONG,RIAU,10150,4638550,ROYAL GOLDEN EAGLE,APRIL FAR EAST MALAYSIA SDN BHD,MALAYSIA,LIANYUNGANG,CHINA (MAINLAND)
2021,470329,ROYAL GOLDEN EAGLE,APRIL,FUTONG,RIAU,1015,362355,ROYAL GOLDEN EAGLE,APRIL FAR EAST MALAYSIA SDN BHD,MALAYSIA,NANSHA,CHINA (MAINLAND)
2021,470329,ROYAL GOLDEN EAGLE,APRIL,FUTONG,RIAU,5075,1811775,ROYAL GOLDEN EAGLE,APRIL FAR EAST MALAYSIA SDN BHD,MALAYSIA,ZHANJIANG,CHINA (MAINLAND)
2021,470329,ROYAL GOLDEN EAGLE,APRIL,FUTONG,RIAU,162,50344,ROYAL GOLDEN EAGLE,APRIL INTERNATIONAL ENTEPRISE PTE LTD,SINGAPORE,ZHANJIANG,CHINA (MAINLAND)
2021,470329,ROYAL GOLDEN EAGLE,APRIL,FUTONG,RIAU,2233,797181,ROYAL GOLDEN EAGLE,APRIL FAR EAST MALAYSIA SDN BHD,MALAYSIA,CHANGSHU,CHINA (MAINLAND)
2021,470329,MARUBENI,TANJUNG ENIM LESTARI,PANJANG,SUMATERA SELATAN,507,198703,VINDA,VINDA PAPER (LIAONING) CO LTD,CHINA (MAINLAND),YINGKOU,CHINA (MAINLAND)
2021,470329,ROYAL GOLDEN EAGLE,APRIL,BUATAN,RIAU,502,177755,ROYAL GOLDEN EAGLE,APRIL INTERNATIONAL ENTEPRISE PTE LTD,SINGAPORE,SINGAPORE,BANGLADESH
2021,470329,ROYAL GOLDEN EAGLE,APRIL,BUATAN,RIAU,502,143181,ROYAL GOLDEN EAGLE,APRIL INTERNATIONAL ENTEPRISE PTE LTD,SINGAPORE,SINGAPORE,INDIA
2021,470329,ROYAL GOLDEN EAGLE,APRIL,BUATAN,RIAU,201,57277,ROYAL GOLDEN EAGLE,APRIL INTERNATIONAL ENTEPRISE PTE LTD,SINGAPORE,SINGAPORE,INDIA
2021,470329,SINAR MAS,OKI,SULTAN MAHMUD BADARUDDIN (U),SUMATERA SELATAN,620,280860,SINAR MAS,GOLDEN PROFIT TRADING PTE LTD,SINGAPORE,HAIPHONG,VIETNAM
2021,470329,SINAR MAS,OKI,SULTAN MAHMUD BADARUDDIN (U),SUMATERA SELATAN,2000,906000,SINAR MAS,GOLDEN PROFIT TRADING PTE LTD,SINGAPORE,HAIPHONG,VIETNAM
2021,470329,SINAR MAS,OKI,SULTAN MAHMUD BADARUDDIN (U),SUMATERA SELATAN,400,180955,DRAGON CROWN HOLDINGS,DRAGON CROWN (HK) TRADING LTD,CHINA (HONG KONG),NANSHA,CHINA (MAINLAND)
2021,470329,SINAR MAS,OKI,SULTAN MAHMUD BADARUDDIN (U),SUMATERA SELATAN,700,319470,DRAGON CROWN HOLDINGS,DRAGON CROWN (HK) TRADING LTD,CHINA (HONG KONG),NANSHA,CHINA (MAINLAND)
2021,470329,SINAR MAS,OKI,SULTAN MAHMUD BADARUDDIN (U),SUMATERA SELATAN,1500,684579,DRAGON CROWN HOLDINGS,DRAGON CROWN (HK) TRADING LTD,CHINA (HONG KONG),NANSHA,CHINA (MAINLAND)
2021,470329,SINAR MAS,OKI,SULTAN MAHMUD BADARUDDIN (U),SUMATERA SELATAN,1400,630545,DRAGON CROWN HOLDINGS,DRAGON CROWN (HK) TRADING LTD,CHINA (HONG KONG),NANSHA,CHINA (MAINLAND)
2021,470329,SINAR MAS,OKI,SULTAN MAHMUD BADARUDDIN (U),SUMATERA SELATAN,380,172140,SINAR MAS,GOLDEN PROFIT TRADING PTE LTD,SINGAPORE,HAIPHONG,VIETNAM
2021,470329,SINAR MAS,OKI,SULTAN MAHMUD BADARUDDIN (U),SUMATERA SELATAN,4400,1991660,UNKNOWN AFFILIATION,BRIGHTENING SKY CO LTD,CHINA (HONG KONG),SHANGHAI,CHINA (MAINLAND)
2021,470329,SINAR MAS,OKI,SULTAN MAHMUD BADARUDDIN (U),SUMATERA SELATAN,3000,1357950,SINAR MAS,GOLDEN PROFIT TRADING PTE LTD,SINGAPORE,SHANGHAI,CHINA (MAINLAND)
2021,470329,SINAR MAS,LONTAR PAPYRUS,KUALA TUNGKAL,JAMBI,1003,441595,SINAR MAS,GOLDEN PROFIT TRADING PTE LTD,SINGAPORE,DALIAN,CHINA (MAINLAND)
2021,470200,ROYAL GOLDEN EAGLE,APRIL,FUTONG,RIAU,506,231171,ROYAL GOLDEN EAGLE,APRIL FAR EAST MALAYSIA SDN BHD,MALAYSIA,PORT KELANG,CHINA (MAINLAND)
2021,470200,ROYAL GOLDEN EAGLE,APRIL,FUTONG,RIAU,508,195591,ROYAL GOLDEN EAGLE,APRIL FAR EAST MALAYSIA SDN BHD,MALAYSIA,PORT KELANG,CHINA (MAINLAND)
2021,470329,MARUBENI,TANJUNG ENIM LESTARI,PANJANG,SUMATERA SELATAN,466,184096,VINDA,VINDA PERSONAL CARE (CHINA) LTD,CHINA (MAINLAND),WUHAN,CHINA (MAINLAND)
2021,470200,ROYAL GOLDEN EAGLE,APRIL,BUATAN,RIAU,506,194828,ROYAL GOLDEN EAGLE,APRIL FAR EAST MALAYSIA SDN BHD,MALAYSIA,SINGAPORE,CHINA (MAINLAND)
2021,470200,ROYAL GOLDEN EAGLE,APRIL,BUATAN,RIAU,506,194778,ROYAL GOLDEN EAGLE,APRIL FAR EAST MALAYSIA SDN BHD,MALAYSIA,SINGAPORE,CHINA (MAINLAND)
2021,470200,ROYAL GOLDEN EAGLE,APRIL,FUTONG,RIAU,507,195351,ROYAL GOLDEN EAGLE,APRIL FAR EAST MALAYSIA SDN BHD,MALAYSIA,PORT KELANG,CHINA (MAINLAND)
2021,470200,ROYAL GOLDEN EAGLE,APRIL,FUTONG,RIAU,508,195477,ROYAL GOLDEN EAGLE,APRIL FAR EAST MALAYSIA SDN BHD,MALAYSIA,PORT KELANG,CHINA (MAINLAND)
2021,470200,ROYAL GOLDEN EAGLE,APRIL,FUTONG,RIAU,508,195661,ROYAL GOLDEN EAGLE,APRIL FAR EAST MALAYSIA SDN BHD,MALAYSIA,PORT KELANG,CHINA (MAINLAND)
2021,470200,ROYAL GOLDEN EAGLE,APRIL,FUTONG,RIAU,506,231346,ROYAL GOLDEN EAGLE,APRIL FAR EAST MALAYSIA SDN BHD,MALAYSIA,PORT KELANG,CHINA (MAINLAND)
2021,470200,ROYAL GOLDEN EAGLE,APRIL,FUTONG,RIAU,506,231271,ROYAL GOLDEN EAGLE,APRIL FAR EAST MALAYSIA SDN BHD,MALAYSIA,PORT KELANG,CHINA (MAINLAND)
2021,470200,ROYAL GOLDEN EAGLE,APRIL,FUTONG,RIAU,508,195473,ROYAL GOLDEN EAGLE,APRIL FAR EAST MALAYSIA SDN BHD,MALAYSIA,PORT KELANG,CHINA (MAINLAND)
2021,470329,ROYAL GOLDEN EAGLE,APRIL,BUATAN,RIAU,202,72012,ROYAL GOLDEN EAGLE,APRIL INTERNATIONAL ENTEPRISE PTE LTD,SINGAPORE,SINGAPORE,INDIA
2021,470329,MARUBENI,TANJUNG ENIM LESTARI,TARAHAN,SUMATERA SELATAN,1805,726599,VINDA,VINDA PAPER (ZHEJIANG) CO LTD,CHINA (MAINLAND),NINGBO,CHINA (MAINLAND)
2021,470329,MARUBENI,TANJUNG ENIM LESTARI,TARAHAN,SUMATERA SELATAN,1820,802239,VINDA,VINDA PAPER (ZHEJIANG) CO LTD,CHINA (MAINLAND),NINGBO,CHINA (MAINLAND)
2021,470329,MARUBENI,TANJUNG ENIM LESTARI,TARAHAN,SUMATERA SELATAN,921,371137,VINDA,VINDA PAPER (SHANDONG) CO LTD,CHINA (MAINLAND),QINGDAO,CHINA (MAINLAND)
2021,470329,MARUBENI,TANJUNG ENIM LESTARI,TARAHAN,SUMATERA SELATAN,1840,811950,VINDA,VINDA PAPER (SHANDONG) CO LTD,CHINA (MAINLAND),QINGDAO,CHINA (MAINLAND)
2021,470200,ROYAL GOLDEN EAGLE,APRIL,FUTONG,RIAU,11165,5102405,ROYAL GOLDEN EAGLE,APRIL FAR EAST MALAYSIA SDN BHD,MALAYSIA,CHANGSHU,CHINA (MAINLAND)
2021,470329,ROYAL GOLDEN EAGLE,APRIL,FUTONG,RIAU,2538,810884,ROYAL GOLDEN EAGLE,APRIL FAR EAST MALAYSIA SDN BHD,MALAYSIA,IYOMISHIMA,JAPAN
2021,470329,ROYAL GOLDEN EAGLE,APRIL,FUTONG,RIAU,5988,2137894,ROYAL GOLDEN EAGLE,APRIL FAR EAST MALAYSIA SDN BHD,MALAYSIA,NINGBO,CHINA (MAINLAND)
2021,470200,ROYAL GOLDEN EAGLE,APRIL,FUTONG,RIAU,506,231201,ROYAL GOLDEN EAGLE,APRIL FAR EAST MALAYSIA SDN BHD,MALAYSIA,PORT KELANG,CHINA (MAINLAND)
2021,470329,ROYAL GOLDEN EAGLE,APRIL,FUTONG,RIAU,101,35891,ROYAL GOLDEN EAGLE,APRIL INTERNATIONAL ENTEPRISE PTE LTD,SINGAPORE,SINGAPORE,BANGLADESH
2021,470329,MARUBENI,TANJUNG ENIM LESTARI,TARAHAN,SUMATERA SELATAN,1822,770214,UNKNOWN AFFILIATION,KING ADVANCEMENT DEVELOPMENT (HONG KONG) LTD,CHINA (HONG KONG),QINGDAO,CHINA (MAINLAND)
2021,470329,ROYAL GOLDEN EAGLE,APRIL,FUTONG,RIAU,100,35830,ROYAL GOLDEN EAGLE,APRIL INTERNATIONAL ENTEPRISE PTE LTD,SINGAPORE,SINGAPORE,BANGLADESH
2021,470329,ROYAL GOLDEN EAGLE,APRIL,FUTONG,RIAU,101,35885,ROYAL GOLDEN EAGLE,APRIL INTERNATIONAL ENTEPRISE PTE LTD,SINGAPORE,SINGAPORE,BANGLADESH
2021,470329,ROYAL GOLDEN EAGLE,APRIL,FUTONG,RIAU,100,35869,ROYAL GOLDEN EAGLE,APRIL INTERNATIONAL ENTEPRISE PTE LTD,SINGAPORE,SINGAPORE,BANGLADESH
2021,470329,ROYAL GOLDEN EAGLE,APRIL,FUTONG,RIAU,301,107504,ROYAL GOLDEN EAGLE,APRIL INTERNATIONAL ENTEPRISE PTE LTD,SINGAPORE,SINGAPORE,VIETNAM
2021,470329,MARUBENI,TANJUNG ENIM LESTARI,TARAHAN,SUMATERA SELATAN,921,389361,UNKNOWN AFFILIATION,KING ADVANCEMENT DEVELOPMENT (HONG KONG) LTD,CHINA (HONG KONG),QINGDAO,CHINA (MAINLAND)
2021,470329,ROYAL GOLDEN EAGLE,APRIL,FUTONG,RIAU,100,35821,ROYAL GOLDEN EAGLE,APRIL INTERNATIONAL ENTEPRISE PTE LTD,SINGAPORE,SINGAPORE,INDIA
2021,470329,MARUBENI,TANJUNG ENIM LESTARI,TARAHAN,SUMATERA SELATAN,922,389653,UNKNOWN AFFILIATION,KING ADVANCEMENT DEVELOPMENT (HONG KONG) LTD,CHINA (HONG KONG),QINGDAO,CHINA (MAINLAND)
2021,470329,ROYAL GOLDEN EAGLE,APRIL,FUTONG,RIAU,201,57297,ROYAL GOLDEN EAGLE,APRIL INTERNATIONAL ENTEPRISE PTE LTD,SINGAPORE,SINGAPORE,INDIA
2021,470329,ROYAL GOLDEN EAGLE,APRIL,FUTONG,RIAU,201,57312,ROYAL GOLDEN EAGLE,APRIL INTERNATIONAL ENTEPRISE PTE LTD,SINGAPORE,SINGAPORE,INDIA
2021,470329,MARUBENI,TANJUNG ENIM LESTARI,PANJANG,SUMATERA SELATAN,466,196986,BPM,BANGLANE PAPER MILL CO LTD,THAILAND,LAEM CHABANG,THAILAND
2021,470329,ROYAL GOLDEN EAGLE,APRIL,FUTONG,RIAU,503,143258,ROYAL GOLDEN EAGLE,APRIL INTERNATIONAL ENTEPRISE PTE LTD,SINGAPORE,SINGAPORE,BANGLADESH
2021,470329,MARUBENI,TANJUNG ENIM LESTARI,PANJANG,SUMATERA SELATAN,106,43562,UNKNOWN AFFILIATION,VECHEM ORGANICS PVT LTD,INDIA,PIPAVAV (VICTOR) PORT,INDIA
2021,470329,MARUBENI,TANJUNG ENIM LESTARI,PANJANG,SUMATERA SELATAN,193,84657,DAIO PAPER CORP,TOKYO PULP AND PAPER INTERNATIONAL CO LTD,JAPAN,TOMAKOMAI,JAPAN
2021,470329,ROYAL GOLDEN EAGLE,APRIL,BUATAN,RIAU,100,28620,ROYAL GOLDEN EAGLE,APRIL INTERNATIONAL ENTEPRISE PTE LTD,SINGAPORE,SINGAPORE,PAKISTAN
2021,470329,ROYAL GOLDEN EAGLE,APRIL,BUATAN,RIAU,60,17171,ROYAL GOLDEN EAGLE,APRIL INTERNATIONAL ENTEPRISE PTE LTD,SINGAPORE,SINGAPORE,PAKISTAN
2021,470329,ROYAL GOLDEN EAGLE,APRIL,FUTONG,RIAU,281,100314,ROYAL GOLDEN EAGLE,APRIL INTERNATIONAL ENTEPRISE PTE LTD,SINGAPORE,SINGAPORE,INDIA
2021,470329,ROYAL GOLDEN EAGLE,APRIL,FUTONG,RIAU,221,78857,ROYAL GOLDEN EAGLE,APRIL INTERNATIONAL ENTEPRISE PTE LTD,SINGAPORE,SINGAPORE,INDIA
2021,470329,ROYAL GOLDEN EAGLE,APRIL,FUTONG,RIAU,502,179315,ROYAL GOLDEN EAGLE,APRIL INTERNATIONAL ENTEPRISE PTE LTD,SINGAPORE,SINGAPORE,BANGLADESH
2021,470200,ROYAL GOLDEN EAGLE,APRIL,FUTONG,RIAU,20,7816,ROYAL GOLDEN EAGLE,APRIL FAR EAST MALAYSIA SDN BHD,MALAYSIA,SINGAPORE,CHINA (MAINLAND)
2021,470329,SINAR MAS,OKI,SULTAN MAHMUD BADARUDDIN (U),SUMATERA SELATAN,4500,2048175,CHINA UNION,CHINA UNION (MACAO COMMERCIAL OFFSHORE) CO LTD,MACAO,ZHENJIANG,CHINA (MAINLAND)
2021,470329,ROYAL GOLDEN EAGLE,APRIL,FUTONG,RIAU,502,179351,ROYAL GOLDEN EAGLE,APRIL INTERNATIONAL ENTEPRISE PTE LTD,SINGAPORE,SINGAPORE,BANGLADESH
2021,470329,SINAR MAS,OKI,SULTAN MAHMUD BADARUDDIN (U),SUMATERA SELATAN,2500,1137875,CHINA UNION,CHINA UNION (MACAO COMMERCIAL OFFSHORE) CO LTD,MACAO,ZHENJIANG,CHINA (MAINLAND)
2021,470329,ROYAL GOLDEN EAGLE,APRIL,FUTONG,RIAU,80,28702,ROYAL GOLDEN EAGLE,APRIL INTERNATIONAL ENTEPRISE PTE LTD,SINGAPORE,SINGAPORE,BANGLADESH
2021,470329,SINAR MAS,OKI,SULTAN MAHMUD BADARUDDIN (U),SUMATERA SELATAN,2600,1183390,CHINA UNION,CHINA UNION (MACAO COMMERCIAL OFFSHORE) CO LTD,MACAO,ZHENJIANG,CHINA (MAINLAND)
2021,470329,ROYAL GOLDEN EAGLE,APRIL,FUTONG,RIAU,100,35876,ROYAL GOLDEN EAGLE,APRIL INTERNATIONAL ENTEPRISE PTE LTD,SINGAPORE,SINGAPORE,BANGLADESH
2021,470329,SINAR MAS,OKI,SULTAN MAHMUD BADARUDDIN (U),SUMATERA SELATAN,2400,1087560,CHINA UNION,CHINA UNION (MACAO COMMERCIAL OFFSHORE) CO LTD,MACAO,ZHENJIANG,CHINA (MAINLAND)
2021,470329,SINAR MAS,OKI,SULTAN MAHMUD BADARUDDIN (U),SUMATERA SELATAN,3500,1581650,UNKNOWN AFFILIATION,BRIGHTENING SKY CO LTD,CHINA (HONG KONG),NINGBO,CHINA (MAINLAND)
2021,470329,SINAR MAS,OKI,SULTAN MAHMUD BADARUDDIN (U),SUMATERA SELATAN,3700,1672030,UNKNOWN AFFILIATION,BRIGHTENING SKY CO LTD,CHINA (HONG KONG),NINGBO,CHINA (MAINLAND)
2021,470329,SINAR MAS,OKI,SULTAN MAHMUD BADARUDDIN (U),SUMATERA SELATAN,10000,4509000,SINAR MAS,GOLDEN PROFIT TRADING PTE LTD,SINGAPORE,DAFENG,CHINA (MAINLAND)
2021,470200,ROYAL GOLDEN EAGLE,APRIL,FUTONG,RIAU,506,231195,ROYAL GOLDEN EAGLE,APRIL FAR EAST MALAYSIA SDN BHD,MALAYSIA,PORT KELANG,CHINA (MAINLAND)
2021,470329,SINAR MAS,OKI,SULTAN MAHMUD BADARUDDIN (U),SUMATERA SELATAN,6800,3072920,UNKNOWN AFFILIATION,BRIGHTENING SKY CO LTD,CHINA (HONG KONG),NINGBO,CHINA (MAINLAND)
2021,470329,ROYAL GOLDEN EAGLE,APRIL,FUTONG,RIAU,161,57414,ROYAL GOLDEN EAGLE,APRIL INTERNATIONAL ENTEPRISE PTE LTD,SINGAPORE,SINGAPORE,BANGLADESH
2021,470329,SINAR MAS,OKI,SULTAN MAHMUD BADARUDDIN (U),SUMATERA SELATAN,10000,4529000,UNKNOWN AFFILIATION,FREELAND UNIVERSAL LTD,CHINA (HONG KONG),DAFENG,CHINA (MAINLAND)
2021,470329,ROYAL GOLDEN EAGLE,APRIL,FUTONG,RIAU,301,107563,ROYAL GOLDEN EAGLE,APRIL INTERNATIONAL ENTEPRISE PTE LTD,SINGAPORE,SINGAPORE,BANGLADESH
2021,470329,ROYAL GOLDEN EAGLE,APRIL,FUTONG,RIAU,1005,358766,ROYAL GOLDEN EAGLE,APRIL INTERNATIONAL ENTEPRISE PTE LTD,SINGAPORE,SINGAPORE,BANGLADESH
2021,470329,SINAR MAS,LONTAR PAPYRUS,KUALA TUNGKAL,JAMBI,502,233158,SINAR MAS,GOLDEN PROFIT TRADING PTE LTD,SINGAPORE,HAIPHONG,VIETNAM
2021,470329,SINAR MAS,LONTAR PAPYRUS,KUALA TUNGKAL,JAMBI,401,186626,SINAR MAS,GOLDEN PROFIT TRADING PTE LTD,SINGAPORE,HAIPHONG,VIETNAM
2021,470329,MARUBENI,TANJUNG ENIM LESTARI,PANJANG,SUMATERA SELATAN,489,204374,UNKNOWN AFFILIATION,ELITE KRAFT PAPER CO LTD,THAILAND,LAEM CHABANG,THAILAND
2021,470329,SINAR MAS,INDAH KIAT,PERAWANG,RIAU,500,228047,SINAR MAS,GOLDEN PROFIT TRADING PTE LTD,SINGAPORE,DALIAN,CHINA (MAINLAND)
2021,470200,ROYAL GOLDEN EAGLE,APRIL,FUTONG,RIAU,508,195549,ROYAL GOLDEN EAGLE,APRIL FAR EAST MALAYSIA SDN BHD,MALAYSIA,PORT KELANG,CHINA (MAINLAND)
2021,470200,ROYAL GOLDEN EAGLE,APRIL,FUTONG,RIAU,508,195519,ROYAL GOLDEN EAGLE,APRIL FAR EAST MALAYSIA SDN BHD,MALAYSIA,PORT KELANG,CHINA (MAINLAND)
2021,470200,ROYAL GOLDEN EAGLE,APRIL,FUTONG,RIAU,508,232060,ROYAL GOLDEN EAGLE,APRIL FAR EAST MALAYSIA SDN BHD,MALAYSIA,PORT KELANG,CHINA (MAINLAND)
2021,470329,SINAR MAS,OKI,SULTAN MAHMUD BADARUDDIN (U),SUMATERA SELATAN,2500,1132250,UNKNOWN AFFILIATION,FREELAND UNIVERSAL LTD,CHINA (HONG KONG),DAFENG,CHINA (MAINLAND)
2021,470200,ROYAL GOLDEN EAGLE,APRIL,FUTONG,RIAU,506,231239,ROYAL GOLDEN EAGLE,APRIL FAR EAST MALAYSIA SDN BHD,MALAYSIA,PORT KELANG,CHINA (MAINLAND)
2021,470329,SINAR MAS,OKI,SULTAN MAHMUD BADARUDDIN (U),SUMATERA SELATAN,2500,1132250,UNKNOWN AFFILIATION,FREELAND UNIVERSAL LTD,CHINA (HONG KONG),DAFENG,CHINA (MAINLAND)
2021,470200,ROYAL GOLDEN EAGLE,APRIL,FUTONG,RIAU,506,231158,ROYAL GOLDEN EAGLE,APRIL FAR EAST MALAYSIA SDN BHD,MALAYSIA,PORT KELANG,CHINA (MAINLAND)
2021,470329,SINAR MAS,OKI,SULTAN MAHMUD BADARUDDIN (U),SUMATERA SELATAN,2500,1132250,UNKNOWN AFFILIATION,FREELAND UNIVERSAL LTD,CHINA (HONG KONG),DAFENG,CHINA (MAINLAND)
2021,470329,SINAR MAS,OKI,SULTAN MAHMUD BADARUDDIN (U),SUMATERA SELATAN,2500,1127250,SINAR MAS,GOLDEN PROFIT TRADING PTE LTD,SINGAPORE,DAFENG,CHINA (MAINLAND)
2021,470329,SINAR MAS,OKI,SULTAN MAHMUD BADARUDDIN (U),SUMATERA SELATAN,2500,1127250,SINAR MAS,GOLDEN PROFIT TRADING PTE LTD,SINGAPORE,DAFENG,CHINA (MAINLAND)
2021,470329,SINAR MAS,OKI,SULTAN MAHMUD BADARUDDIN (U),SUMATERA SELATAN,2500,1127250,SINAR MAS,GOLDEN PROFIT TRADING PTE LTD,SINGAPORE,DAFENG,CHINA (MAINLAND)
2021,470329,ROYAL GOLDEN EAGLE,APRIL,BUATAN,RIAU,502,179296,ROYAL GOLDEN EAGLE,APRIL FAR EAST MALAYSIA SDN BHD,MALAYSIA,SINGAPORE,CHINA (MAINLAND)
2021,470200,ROYAL GOLDEN EAGLE,APRIL,FUTONG,RIAU,508,195460,ROYAL GOLDEN EAGLE,APRIL FAR EAST MALAYSIA SDN BHD,MALAYSIA,PORT KELANG,CHINA (MAINLAND)
2021,470329,MARUBENI,TANJUNG ENIM LESTARI,PANJANG,SUMATERA SELATAN,290,129885,DAIO PAPER CORP,TOKYO PULP AND PAPER INTERNATIONAL CO LTD,JAPAN,TOMAKOMAI,JAPAN
2021,470329,MARUBENI,TANJUNG ENIM LESTARI,PANJANG,SUMATERA SELATAN,191,79327,SAIGON,SAIGON PAPER CORP,VIETNAM,TAN CANG - CAI MEP TERMINAL,VIETNAM
2021,470329,SINAR MAS,INDAH KIAT,PERAWANG,RIAU,500,217342,SINAR MAS,GOLDEN PROFIT TRADING PTE LTD,SINGAPORE,MELBOURNE,AUSTRALIA
2021,470329,MARUBENI,TANJUNG ENIM LESTARI,PANJANG,SUMATERA SELATAN,107,41591,ANKIT,ANKIT PULPS AND BOARDS PVT LTD,INDIA,JAWAHARLAL NEHRU (NHAVA S,INDIA
2021,470329,MARUBENI,TANJUNG ENIM LESTARI,PANJANG,SUMATERA SELATAN,489,204493,UNKNOWN AFFILIATION,ELITE KRAFT PAPER CO LTD,THAILAND,LAEM CHABANG,THAILAND
2021,470329,MARUBENI,TANJUNG ENIM LESTARI,PANJANG,SUMATERA SELATAN,473,188946,VINDA,VINDA PERSONAL CARE (CHINA) LTD,CHINA (MAINLAND),WUHAN,CHINA (MAINLAND)
2021,470329,MARUBENI,TANJUNG ENIM LESTARI,PANJANG,SUMATERA SELATAN,475,189619,VINDA,VINDA PERSONAL CARE (CHINA) LTD,CHINA (MAINLAND),WUHAN,CHINA (MAINLAND)
2021,470329,SINAR MAS,INDAH KIAT,PERAWANG,RIAU,1000,460000,SINAR MAS,GOLDEN PROFIT TRADING PTE LTD,SINGAPORE,HAIPHONG,VIETNAM
2021,470329,SINAR MAS,INDAH KIAT,PERAWANG,RIAU,1000,460000,SINAR MAS,GOLDEN PROFIT TRADING PTE LTD,SINGAPORE,HAIPHONG,VIETNAM
2021,470329,ROYAL GOLDEN EAGLE,APRIL,FUTONG,RIAU,6090,2174130,ROYAL GOLDEN EAGLE,APRIL INTERNATIONAL ENTEPRISE PTE LTD,SINGAPORE,CHITTAGONG,BANGLADESH
2021,470329,ROYAL GOLDEN EAGLE,APRIL,BUATAN,RIAU,201,71675,ROYAL GOLDEN EAGLE,APRIL INTERNATIONAL ENTEPRISE PTE LTD,SINGAPORE,SINGAPORE,INDIA
2021,470329,SINAR MAS,INDAH KIAT,PERAWANG,RIAU,600,275100,SINAR MAS,GOLDEN PROFIT TRADING PTE LTD,SINGAPORE,SHANGHAI,CHINA (MAINLAND)
2021,470329,SINAR MAS,INDAH KIAT,PERAWANG,RIAU,400,183400,SINAR MAS,GOLDEN PROFIT TRADING PTE LTD,SINGAPORE,NINGBO,CHINA (MAINLAND)
2021,470329,SINAR MAS,INDAH KIAT,PERAWANG,RIAU,1500,687750,SINAR MAS,GOLDEN PROFIT TRADING PTE LTD,SINGAPORE,SHANGHAI,CHINA (MAINLAND)
2021,470329,SINAR MAS,INDAH KIAT,PERAWANG,RIAU,1500,687750,SINAR MAS,GOLDEN PROFIT TRADING PTE LTD,SINGAPORE,SHANGHAI,CHINA (MAINLAND)
2021,470329,SINAR MAS,INDAH KIAT,PERAWANG,RIAU,1300,596050,UNKNOWN AFFILIATION,BRIGHTENING SKY CO LTD,CHINA (HONG KONG),SHANGHAI,CHINA (MAINLAND)
2021,470329,SINAR MAS,INDAH KIAT,PERAWANG,RIAU,10000,4585000,UNKNOWN AFFILIATION,FREELAND UNIVERSAL LTD,CHINA (HONG KONG),NINGBO,CHINA (MAINLAND)
2021,470329,SINAR MAS,INDAH KIAT,PERAWANG,RIAU,12600,5777100,SINAR MAS,GOLDEN PROFIT TRADING PTE LTD,SINGAPORE,NINGBO,CHINA (MAINLAND)
2021,470329,SINAR MAS,INDAH KIAT,PERAWANG,RIAU,3000,1375500,UNKNOWN AFFILIATION,BRIGHTENING SKY CO LTD,CHINA (HONG KONG),SHANGHAI,CHINA (MAINLAND)
2021,470329,SINAR MAS,OKI,SULTAN MAHMUD BADARUDDIN (U),SUMATERA SELATAN,400,180760,UNKNOWN AFFILIATION,BRIGHTENING SKY CO LTD,CHINA (HONG KONG),NINGBO,CHINA (MAINLAND)
2021,470329,SINAR MAS,INDAH KIAT,PERAWANG,RIAU,480,218175,SINAR MAS,GOLDEN PROFIT TRADING PTE LTD,SINGAPORE,JEBEL ALI,UNITED ARAB EMIRATES
2021,470329,SINAR MAS,INDAH KIAT,PERAWANG,RIAU,600,275100,CHINA UNION,CHINA UNION (MACAO COMMERCIAL OFFSHORE) CO LTD,MACAO,SHANGHAI,CHINA (MAINLAND)
2021,470200,ROYAL GOLDEN EAGLE,TOBA PULP LESTARI,BELAWAN,SUMATERA UTARA,2,1045,UNKNOWN AFFILIATION,GREENPOINT GLOBAL TRADING (MACAO COMMERCIAL OFFSHORE) LTD,MACAO,KEELUNG (CHILUNG),TAIWAN
2021,470329,SINAR MAS,OKI,SULTAN MAHMUD BADARUDDIN (U),SUMATERA SELATAN,1000,454650,SINAR MAS,GOLDEN PROFIT TRADING PTE LTD,SINGAPORE,SHANGHAI,CHINA (MAINLAND)
2021,470329,SINAR MAS,OKI,SULTAN MAHMUD BADARUDDIN (U),SUMATERA SELATAN,2000,905300,CHINA UNION,CHINA UNION (MACAO COMMERCIAL OFFSHORE) CO LTD,MACAO,SHANGHAI,CHINA (MAINLAND)
2021,470329,SINAR MAS,OKI,SULTAN MAHMUD BADARUDDIN (U),SUMATERA SELATAN,3400,1539010,UNKNOWN AFFILIATION,FREELAND UNIVERSAL LTD,CHINA (HONG KONG),SHANGHAI,CHINA (MAINLAND)
2021,470329,SINAR MAS,OKI,SULTAN MAHMUD BADARUDDIN (U),SUMATERA SELATAN,1500,678975,SINAR MAS,GOLDEN PROFIT TRADING PTE LTD,SINGAPORE,SHANGHAI,CHINA (MAINLAND)
2021,470329,SINAR MAS,OKI,SULTAN MAHMUD BADARUDDIN (U),SUMATERA SELATAN,1500,678975,SINAR MAS,GOLDEN PROFIT TRADING PTE LTD,SINGAPORE,SHANGHAI,CHINA (MAINLAND)
2021,470329,SINAR MAS,OKI,SULTAN MAHMUD BADARUDDIN (U),SUMATERA SELATAN,1100,497915,UNKNOWN AFFILIATION,BRIGHTENING SKY CO LTD,CHINA (HONG KONG),SHANGHAI,CHINA (MAINLAND)
2021,470329,SINAR MAS,OKI,SULTAN MAHMUD BADARUDDIN (U),SUMATERA SELATAN,6000,2703900,SINAR MAS,GOLDEN PROFIT TRADING PTE LTD,SINGAPORE,CHITTAGONG,BANGLADESH
2021,470329,SINAR MAS,OKI,SULTAN MAHMUD BADARUDDIN (U),SUMATERA SELATAN,900,405585,SINAR MAS,GOLDEN PROFIT TRADING PTE LTD,SINGAPORE,CHITTAGONG,BANGLADESH
2021,470329,SINAR MAS,OKI,SULTAN MAHMUD BADARUDDIN (U),SUMATERA SELATAN,900,405585,SINAR MAS,GOLDEN PROFIT TRADING PTE LTD,SINGAPORE,CHITTAGONG,BANGLADESH
2021,470200,ROYAL GOLDEN EAGLE,APRIL,FUTONG,RIAU,506,231295,ROYAL GOLDEN EAGLE,APRIL FAR EAST MALAYSIA SDN BHD,MALAYSIA,PORT KELANG,CHINA (MAINLAND)
2021,470329,SINAR MAS,OKI,SULTAN MAHMUD BADARUDDIN (U),SUMATERA SELATAN,1100,498300,SINAR MAS,GOLDEN PROFIT TRADING PTE LTD,SINGAPORE,QINZHOU,CHINA (MAINLAND)
2021,470329,SINAR MAS,OKI,SULTAN MAHMUD BADARUDDIN (U),SUMATERA SELATAN,8400,3822000,UNKNOWN AFFILIATION,FREELAND UNIVERSAL LTD,CHINA (HONG KONG),QINZHOU,CHINA (MAINLAND)
2021,470329,SINAR MAS,OKI,SULTAN MAHMUD BADARUDDIN (U),SUMATERA SELATAN,2500,1137500,UNKNOWN AFFILIATION,FREELAND UNIVERSAL LTD,CHINA (HONG KONG),QINZHOU,CHINA (MAINLAND)
2021,470200,ROYAL GOLDEN EAGLE,APRIL,FUTONG,RIAU,13195,6030115,ROYAL GOLDEN EAGLE,APRIL FAR EAST MALAYSIA SDN BHD,MALAYSIA,LIANYUNGANG,CHINA (MAINLAND)
2021,470329,MARUBENI,TANJUNG ENIM LESTARI,PANJANG,SUMATERA SELATAN,96,41312,MARUBENI,MARUBENI CORP,JAPAN,SHIMIZU,JAPAN
2021,470329,MARUBENI,TANJUNG ENIM LESTARI,PANJANG,SUMATERA SELATAN,287,123778,MARUBENI,MARUBENI CORP,JAPAN,SHIMIZU,JAPAN
2021,470200,ROYAL GOLDEN EAGLE,APRIL,FUTONG,RIAU,506,231220,ROYAL GOLDEN EAGLE,APRIL FAR EAST MALAYSIA SDN BHD,MALAYSIA,PORT KELANG,CHINA (MAINLAND)
2021,470200,ROYAL GOLDEN EAGLE,APRIL,FUTONG,RIAU,506,231387,ROYAL GOLDEN EAGLE,APRIL FAR EAST MALAYSIA SDN BHD,MALAYSIA,PORT KELANG,CHINA (MAINLAND)
2021,470200,ROYAL GOLDEN EAGLE,APRIL,FUTONG,RIAU,506,231079,ROYAL GOLDEN EAGLE,APRIL FAR EAST MALAYSIA SDN BHD,MALAYSIA,PORT KELANG,CHINA (MAINLAND)
2021,470200,ROYAL GOLDEN EAGLE,APRIL,FUTONG,RIAU,506,231221,ROYAL GOLDEN EAGLE,APRIL FAR EAST MALAYSIA SDN BHD,MALAYSIA,PORT KELANG,CHINA (MAINLAND)
2021,470200,ROYAL GOLDEN EAGLE,APRIL,FUTONG,RIAU,506,231220,ROYAL GOLDEN EAGLE,APRIL FAR EAST MALAYSIA SDN BHD,MALAYSIA,PORT KELANG,CHINA (MAINLAND)
2021,470200,ROYAL GOLDEN EAGLE,APRIL,FUTONG,RIAU,506,231309,ROYAL GOLDEN EAGLE,APRIL FAR EAST MALAYSIA SDN BHD,MALAYSIA,PORT KELANG,CHINA (MAINLAND)
2021,470200,ROYAL GOLDEN EAGLE,APRIL,FUTONG,RIAU,407,185823,ROYAL GOLDEN EAGLE,APRIL FAR EAST MALAYSIA SDN BHD,MALAYSIA,PORT KELANG,CHINA (MAINLAND)
2021,470200,ROYAL GOLDEN EAGLE,APRIL,FUTONG,RIAU,102,46544,ROYAL GOLDEN EAGLE,APRIL FAR EAST MALAYSIA SDN BHD,MALAYSIA,PORT KELANG,CHINA (MAINLAND)
2021,470329,ROYAL GOLDEN EAGLE,APRIL,FUTONG,RIAU,4466,1594362,ROYAL GOLDEN EAGLE,APRIL FAR EAST MALAYSIA SDN BHD,MALAYSIA,GUNSAN (ES KUNSAN),SOUTH KOREA
2021,470329,ROYAL GOLDEN EAGLE,APRIL,FUTONG,RIAU,1624,579768,ROYAL GOLDEN EAGLE,APRIL FAR EAST MALAYSIA SDN BHD,MALAYSIA,PYONGTAEK,SOUTH KOREA
2021,470329,ROYAL GOLDEN EAGLE,APRIL,FUTONG,RIAU,4568,1630598,ROYAL GOLDEN EAGLE,APRIL FAR EAST MALAYSIA SDN BHD,MALAYSIA,ZHANJIANG,CHINA (MAINLAND)
2021,470329,ROYAL GOLDEN EAGLE,APRIL,FUTONG,RIAU,121,43047,ROYAL GOLDEN EAGLE,APRIL INTERNATIONAL ENTEPRISE PTE LTD,SINGAPORE,SINGAPORE,INDIA
2021,470329,ROYAL GOLDEN EAGLE,APRIL,FUTONG,RIAU,301,107577,ROYAL GOLDEN EAGLE,APRIL INTERNATIONAL ENTEPRISE PTE LTD,SINGAPORE,SINGAPORE,THAILAND
2021,470329,SINAR MAS,INDAH KIAT,PERAWANG,RIAU,506,229209,SINAR MAS,GOLDEN PROFIT TRADING PTE LTD,SINGAPORE,CHITTAGONG,BANGLADESH
2021,470329,SINAR MAS,INDAH KIAT,PERAWANG,RIAU,506,229209,SINAR MAS,GOLDEN PROFIT TRADING PTE LTD,SINGAPORE,CHITTAGONG,BANGLADESH
2021,470329,SINAR MAS,INDAH KIAT,PERAWANG,RIAU,240,107610,SINAR MAS,GOLDEN PROFIT TRADING PTE LTD,SINGAPORE,PIPAVAV (VICTOR) PORT,INDIA
2021,470329,SINAR MAS,INDAH KIAT,PERAWANG,RIAU,400,186640,SINAR MAS,GOLDEN PROFIT TRADING PTE LTD,SINGAPORE,CAT LAI,VIETNAM
2021,470329,MARUBENI,TANJUNG ENIM LESTARI,PANJANG,SUMATERA SELATAN,486,227239,UNKNOWN AFFILIATION,ELITE KRAFT PAPER CO LTD,THAILAND,LAEM CHABANG,THAILAND
2021,470329,SINAR MAS,INDAH KIAT,PERAWANG,RIAU,500,230950,SINAR MAS,GOLDEN PROFIT TRADING PTE LTD,SINGAPORE,HAIPHONG,VIETNAM
2021,470329,MARUBENI,TANJUNG ENIM LESTARI,PANJANG,SUMATERA SELATAN,106,43182,ANKIT,ANKIT PULPS AND BOARDS PVT LTD,INDIA,JAWAHARLAL NEHRU (NHAVA S,INDIA
2021,470329,MARUBENI,TANJUNG ENIM LESTARI,PANJANG,SUMATERA SELATAN,103,48873,UNKNOWN AFFILIATION,NB ENTREPRENEURS,INDIA,JAWAHARLAL NEHRU (NHAVA S,INDIA
2021,470329,MARUBENI,TANJUNG ENIM LESTARI,PANJANG,SUMATERA SELATAN,64,29160,UNKNOWN AFFILIATION,ELITE KRAFT PAPER CO LTD,THAILAND,LAEM CHABANG,THAILAND
2021,470329,SINAR MAS,OKI,SULTAN MAHMUD BADARUDDIN (U),SUMATERA SELATAN,2100,951065,DRAGON CROWN HOLDINGS,DRAGON CROWN (HK) TRADING LTD,CHINA (HONG KONG),NANSHA,CHINA (MAINLAND)
2021,470329,SINAR MAS,OKI,SULTAN MAHMUD BADARUDDIN (U),SUMATERA SELATAN,3700,1676655,UNKNOWN AFFILIATION,FREELAND UNIVERSAL LTD,CHINA (HONG KONG),QINZHOU,CHINA (MAINLAND)
2021,470329,SINAR MAS,OKI,SULTAN MAHMUD BADARUDDIN (U),SUMATERA SELATAN,3000,1359450,UNKNOWN AFFILIATION,BRIGHTENING SKY CO LTD,CHINA (HONG KONG),QINZHOU,CHINA (MAINLAND)
2021,470329,SINAR MAS,OKI,SULTAN MAHMUD BADARUDDIN (U),SUMATERA SELATAN,400,191150,DRAGON CROWN HOLDINGS,DRAGON CROWN (HK) TRADING LTD,CHINA (HONG KONG),NANSHA,CHINA (MAINLAND)
2021,470329,SINAR MAS,OKI,SULTAN MAHMUD BADARUDDIN (U),SUMATERA SELATAN,4500,2038500,SINAR MAS,GOLDEN PROFIT TRADING PTE LTD,SINGAPORE,AD DAMMAM,SAUDI ARABIA
2021,470200,ROYAL GOLDEN EAGLE,APRIL,FUTONG,RIAU,506,231040,ROYAL GOLDEN EAGLE,APRIL FAR EAST MALAYSIA SDN BHD,MALAYSIA,PORT KELANG,CHINA (MAINLAND)
2021,470200,ROYAL GOLDEN EAGLE,APRIL,FUTONG,RIAU,506,231258,ROYAL GOLDEN EAGLE,APRIL FAR EAST MALAYSIA SDN BHD,MALAYSIA,PORT KELANG,CHINA (MAINLAND)
2021,470329,ROYAL GOLDEN EAGLE,APRIL,BUATAN,RIAU,60,21526,ROYAL GOLDEN EAGLE,APRIL INTERNATIONAL ENTEPRISE PTE LTD,SINGAPORE,SINGAPORE,INDIA
2021,470329,ROYAL GOLDEN EAGLE,APRIL,BUATAN,RIAU,1004,358390,ROYAL GOLDEN EAGLE,APRIL FAR EAST MALAYSIA SDN BHD,MALAYSIA,SINGAPORE,CHINA (MAINLAND)
2021,470329,ROYAL GOLDEN EAGLE,APRIL,BUATAN,RIAU,1004,358490,ROYAL GOLDEN EAGLE,APRIL INTERNATIONAL ENTEPRISE PTE LTD,SINGAPORE,SINGAPORE,VIETNAM
2021,470329,SINAR MAS,OKI,SULTAN MAHMUD BADARUDDIN (U),SUMATERA SELATAN,9300,4201275,UNKNOWN AFFILIATION,BRIGHTENING SKY CO LTD,CHINA (HONG KONG),NINGBO,CHINA (MAINLAND)
2021,470329,SINAR MAS,OKI,SULTAN MAHMUD BADARUDDIN (U),SUMATERA SELATAN,2500,1134375,UNKNOWN AFFILIATION,FREELAND UNIVERSAL LTD,CHINA (HONG KONG),NINGBO,CHINA (MAINLAND)
2021,470329,SINAR MAS,OKI,SULTAN MAHMUD BADARUDDIN (U),SUMATERA SELATAN,6538,2966618,UNKNOWN AFFILIATION,FREELAND UNIVERSAL LTD,CHINA (HONG KONG),NINGBO,CHINA (MAINLAND)
2021,470329,SINAR MAS,OKI,SULTAN MAHMUD BADARUDDIN (U),SUMATERA SELATAN,2500,1134375,UNKNOWN AFFILIATION,FREELAND UNIVERSAL LTD,CHINA (HONG KONG),NINGBO,CHINA (MAINLAND)
2021,470329,SINAR MAS,OKI,SULTAN MAHMUD BADARUDDIN (U),SUMATERA SELATAN,5000,2268750,CHINA UNION,CHINA UNION (MACAO COMMERCIAL OFFSHORE) CO LTD,MACAO,NINGBO,CHINA (MAINLAND)
2021,470329,SINAR MAS,OKI,SULTAN MAHMUD BADARUDDIN (U),SUMATERA SELATAN,10000,4525000,SINAR MAS,GOLDEN PROFIT TRADING PTE LTD,SINGAPORE,QINGDAO,CHINA (MAINLAND)
2021,470329,SINAR MAS,OKI,SULTAN MAHMUD BADARUDDIN (U),SUMATERA SELATAN,7200,3258000,SINAR MAS,GOLDEN PROFIT TRADING PTE LTD,SINGAPORE,QINGDAO,CHINA (MAINLAND)
2021,470329,SINAR MAS,OKI,SULTAN MAHMUD BADARUDDIN (U),SUMATERA SELATAN,6646,3015622,SINAR MAS,GOLDEN PROFIT TRADING PTE LTD,SINGAPORE,NINGBO,CHINA (MAINLAND)
2021,470329,SINAR MAS,OKI,SULTAN MAHMUD BADARUDDIN (U),SUMATERA SELATAN,3700,1676100,SINAR MAS,GOLDEN PROFIT TRADING PTE LTD,SINGAPORE,SINGAPORE,VIETNAM
2021,470329,SINAR MAS,OKI,SULTAN MAHMUD BADARUDDIN (U),SUMATERA SELATAN,1000,453000,SINAR MAS,GOLDEN PROFIT TRADING PTE LTD,SINGAPORE,SINGAPORE,VIETNAM
2021,470329,SINAR MAS,OKI,SULTAN MAHMUD BADARUDDIN (U),SUMATERA SELATAN,500,226500,SINAR MAS,GOLDEN PROFIT TRADING PTE LTD,SINGAPORE,SINGAPORE,VIETNAM
2021,470329,SINAR MAS,OKI,SULTAN MAHMUD BADARUDDIN (U),SUMATERA SELATAN,500,226500,SINAR MAS,GOLDEN PROFIT TRADING PTE LTD,SINGAPORE,SINGAPORE,VIETNAM
2021,470329,SINAR MAS,OKI,SULTAN MAHMUD BADARUDDIN (U),SUMATERA SELATAN,300,135900,SINAR MAS,GOLDEN PROFIT TRADING PTE LTD,SINGAPORE,SINGAPORE,VIETNAM
2021,470200,ROYAL GOLDEN EAGLE,APRIL,FUTONG,RIAU,506,231283,ROYAL GOLDEN EAGLE,APRIL FAR EAST MALAYSIA SDN BHD,MALAYSIA,PORT KELANG,CHINA (MAINLAND)
2021,470200,ROYAL GOLDEN EAGLE,APRIL,FUTONG,RIAU,506,231284,ROYAL GOLDEN EAGLE,APRIL FAR EAST MALAYSIA SDN BHD,MALAYSIA,PORT KELANG,CHINA (MAINLAND)
2021,470200,ROYAL GOLDEN EAGLE,APRIL,FUTONG,RIAU,506,231359,ROYAL GOLDEN EAGLE,APRIL FAR EAST MALAYSIA SDN BHD,MALAYSIA,PORT KELANG,CHINA (MAINLAND)
2021,470200,ROYAL GOLDEN EAGLE,APRIL,FUTONG,RIAU,506,231193,ROYAL GOLDEN EAGLE,APRIL FAR EAST MALAYSIA SDN BHD,MALAYSIA,PORT KELANG,CHINA (MAINLAND)
2021,470200,ROYAL GOLDEN EAGLE,APRIL,FUTONG,RIAU,506,231296,ROYAL GOLDEN EAGLE,APRIL FAR EAST MALAYSIA SDN BHD,MALAYSIA,PORT KELANG,CHINA (MAINLAND)
2021,470200,ROYAL GOLDEN EAGLE,APRIL,FUTONG,RIAU,506,231141,ROYAL GOLDEN EAGLE,APRIL FAR EAST MALAYSIA SDN BHD,MALAYSIA,PORT KELANG,CHINA (MAINLAND)
2021,470329,MARUBENI,TANJUNG ENIM LESTARI,TARAHAN,SUMATERA SELATAN,196,74816,VINDA,VINDA PAPER (CHINA) CO LTD,CHINA (MAINLAND),GAOLAN,CHINA (MAINLAND)
2021,470329,MARUBENI,TANJUNG ENIM LESTARI,TARAHAN,SUMATERA SELATAN,2431,927224,VINDA,VINDA PAPER (CHINA) CO LTD,CHINA (MAINLAND),GAOLAN,CHINA (MAINLAND)
2021,470329,MARUBENI,TANJUNG ENIM LESTARI,TARAHAN,SUMATERA SELATAN,1458,570287,VINDA,VINDA PAPER (CHINA) CO LTD,CHINA (MAINLAND),GAOLAN,CHINA (MAINLAND)
2021,470329,MARUBENI,TANJUNG ENIM LESTARI,TARAHAN,SUMATERA SELATAN,1947,816397,UNKNOWN AFFILIATION,KING ADVANCEMENT DEVELOPMENT (HONG KONG) LTD,CHINA (HONG KONG),QINGDAO,CHINA (MAINLAND)
2021,470329,MARUBENI,TANJUNG ENIM LESTARI,TARAHAN,SUMATERA SELATAN,983,412135,JIANGHE PAPER,HENAN JIANGHE PAPER CO LTD,CHINA (MAINLAND),QINGDAO,CHINA (MAINLAND)
2021,470329,MARUBENI,TANJUNG ENIM LESTARI,TARAHAN,SUMATERA SELATAN,2432,1019924,UNKNOWN AFFILIATION,KING ADVANCEMENT DEVELOPMENT (HONG KONG) LTD,CHINA (HONG KONG),QINGDAO,CHINA (MAINLAND)
2021,470329,MARUBENI,TANJUNG ENIM LESTARI,TARAHAN,SUMATERA SELATAN,492,206454,UNKNOWN AFFILIATION,TRICELL (HK) LTD,CHINA (HONG KONG),QINGDAO,CHINA (MAINLAND)
2021,470329,MARUBENI,TANJUNG ENIM LESTARI,PANJANG,SUMATERA SELATAN,57,26298,UNKNOWN AFFILIATION,GLOBAL POWER CO LTD,MYANMAR,YANGON,MYANMAR
2021,470329,SINAR MAS,INDAH KIAT,PERAWANG,RIAU,500,223812,SINAR MAS,GOLDEN PROFIT TRADING PTE LTD,SINGAPORE,MINA KHALIFA/ABU DHABI,UNITED ARAB EMIRATES
2021,470329,SINAR MAS,INDAH KIAT,PERAWANG,RIAU,506,229209,SINAR MAS,GOLDEN PROFIT TRADING PTE LTD,SINGAPORE,CHITTAGONG,BANGLADESH
2021,470329,SINAR MAS,INDAH KIAT,PERAWANG,RIAU,506,229209,SINAR MAS,GOLDEN PROFIT TRADING PTE LTD,SINGAPORE,CHITTAGONG,BANGLADESH
2021,470329,ROYAL GOLDEN EAGLE,APRIL,FUTONG,RIAU,121,43037,ROYAL GOLDEN EAGLE,APRIL INTERNATIONAL ENTEPRISE PTE LTD,SINGAPORE,SINGAPORE,INDIA
2021,470329,ROYAL GOLDEN EAGLE,APRIL,FUTONG,RIAU,201,71750,ROYAL GOLDEN EAGLE,APRIL INTERNATIONAL ENTEPRISE PTE LTD,SINGAPORE,SINGAPORE,THAILAND
2021,470329,ROYAL GOLDEN EAGLE,APRIL,FUTONG,RIAU,201,71731,ROYAL GOLDEN EAGLE,APRIL INTERNATIONAL ENTEPRISE PTE LTD,SINGAPORE,SINGAPORE,INDIA
2021,470329,SINAR MAS,INDAH KIAT,PERAWANG,RIAU,160,76787,SINAR MAS,GOLDEN PROFIT TRADING PTE LTD,SINGAPORE,DA NANG,VIETNAM
2021,470329,SINAR MAS,INDAH KIAT,PERAWANG,RIAU,5500,2524500,CHINA UNION,CHINA UNION (MACAO COMMERCIAL OFFSHORE) CO LTD,MACAO,DAGANG,CHINA (MAINLAND)
2021,470329,SINAR MAS,INDAH KIAT,PERAWANG,RIAU,900,413100,CHINA UNION,CHINA UNION (MACAO COMMERCIAL OFFSHORE) CO LTD,MACAO,DAGANG,CHINA (MAINLAND)
2021,470329,SINAR MAS,INDAH KIAT,PERAWANG,RIAU,3000,1377000,CHINA UNION,CHINA UNION (MACAO COMMERCIAL OFFSHORE) CO LTD,MACAO,DAGANG,CHINA (MAINLAND)
2021,470329,SINAR MAS,INDAH KIAT,PERAWANG,RIAU,3000,1377000,CHINA UNION,CHINA UNION (MACAO COMMERCIAL OFFSHORE) CO LTD,MACAO,DAGANG,CHINA (MAINLAND)
2021,470200,ROYAL GOLDEN EAGLE,TOBA PULP LESTARI,BELAWAN,SUMATERA UTARA,182,46749,UNKNOWN AFFILIATION,GREENPOINT GLOBAL TRADING (MACAO COMMERCIAL OFFSHORE) LTD,MACAO,HAIPHONG,VIETNAM
2021,470329,ROYAL GOLDEN EAGLE,APRIL,BUATAN,RIAU,201,71743,ROYAL GOLDEN EAGLE,APRIL INTERNATIONAL ENTEPRISE PTE LTD,SINGAPORE,SINGAPORE,INDIA
2021,470329,ROYAL GOLDEN EAGLE,APRIL,BUATAN,RIAU,100,35870,ROYAL GOLDEN EAGLE,APRIL INTERNATIONAL ENTEPRISE PTE LTD,SINGAPORE,SINGAPORE,MYANMAR
2021,470329,ROYAL GOLDEN EAGLE,APRIL,BUATAN,RIAU,60,17185,ROYAL GOLDEN EAGLE,APRIL INTERNATIONAL ENTEPRISE PTE LTD,SINGAPORE,SINGAPORE,INDIA
2021,470329,ROYAL GOLDEN EAGLE,TOBA PULP LESTARI,BELAWAN,SUMATERA UTARA,6,2238,UNKNOWN AFFILIATION,GREENPOINT GLOBAL TRADING (MACAO COMMERCIAL OFFSHORE) LTD,MACAO,HAIPHONG,VIETNAM
2021,470329,ROYAL GOLDEN EAGLE,APRIL,FUTONG,RIAU,302,107659,ROYAL GOLDEN EAGLE,APRIL INTERNATIONAL ENTEPRISE PTE LTD,SINGAPORE,SINGAPORE,VIETNAM
2021,470200,ROYAL GOLDEN EAGLE,APRIL,FUTONG,RIAU,505,231008,ROYAL GOLDEN EAGLE,APRIL FAR EAST MALAYSIA SDN BHD,MALAYSIA,SINGAPORE,CHINA (MAINLAND)
2021,470200,ROYAL GOLDEN EAGLE,APRIL,FUTONG,RIAU,505,230981,ROYAL GOLDEN EAGLE,APRIL FAR EAST MALAYSIA SDN BHD,MALAYSIA,SINGAPORE,CHINA (MAINLAND)
2021,470200,ROYAL GOLDEN EAGLE,APRIL,FUTONG,RIAU,506,231397,ROYAL GOLDEN EAGLE,APRIL FAR EAST MALAYSIA SDN BHD,MALAYSIA,SINGAPORE,CHINA (MAINLAND)
2021,470200,ROYAL GOLDEN EAGLE,APRIL,FUTONG,RIAU,506,231157,ROYAL GOLDEN EAGLE,APRIL FAR EAST MALAYSIA SDN BHD,MALAYSIA,SINGAPORE,CHINA (MAINLAND)
2021,470200,ROYAL GOLDEN EAGLE,APRIL,FUTONG,RIAU,506,231425,ROYAL GOLDEN EAGLE,APRIL FAR EAST MALAYSIA SDN BHD,MALAYSIA,SINGAPORE,CHINA (MAINLAND)
2021,470329,ROYAL GOLDEN EAGLE,APRIL,FUTONG,RIAU,1726,616004,ROYAL GOLDEN EAGLE,APRIL INTERNATIONAL ENTEPRISE PTE LTD,SINGAPORE,CHITTAGONG,BANGLADESH
2021,470329,ROYAL GOLDEN EAGLE,APRIL,FUTONG,RIAU,6090,2174130,ROYAL GOLDEN EAGLE,APRIL INTERNATIONAL ENTEPRISE PTE LTD,SINGAPORE,HALDIA,INDIA
2021,470200,ROYAL GOLDEN EAGLE,APRIL,FUTONG,RIAU,506,231360,ROYAL GOLDEN EAGLE,APRIL FAR EAST MALAYSIA SDN BHD,MALAYSIA,SINGAPORE,CHINA (MAINLAND)
2021,470200,ROYAL GOLDEN EAGLE,APRIL,FUTONG,RIAU,506,231357,ROYAL GOLDEN EAGLE,APRIL FAR EAST MALAYSIA SDN BHD,MALAYSIA,SINGAPORE,CHINA (MAINLAND)
2021,470329,MARUBENI,TANJUNG ENIM LESTARI,PANJANG,SUMATERA SELATAN,104,43748,UNKNOWN AFFILIATION,NB ENTREPRENEURS,INDIA,JAWAHARLAL NEHRU (NHAVA S,INDIA
2021,470329,ROYAL GOLDEN EAGLE,APRIL,BUATAN,RIAU,201,71720,ROYAL GOLDEN EAGLE,APRIL INTERNATIONAL ENTEPRISE PTE LTD,SINGAPORE,SINGAPORE,INDIA
2021,470329,SINAR MAS,INDAH KIAT,PERAWANG,RIAU,500,223812,SINAR MAS,GOLDEN PROFIT TRADING PTE LTD,SINGAPORE,MINA KHALIFA/ABU DHABI,UNITED ARAB EMIRATES
2021,470329,SINAR MAS,OKI,SULTAN MAHMUD BADARUDDIN (U),SUMATERA SELATAN,1000,453650,CHINA UNION,CHINA UNION (MACAO COMMERCIAL OFFSHORE) CO LTD,MACAO,SHANGHAI,CHINA (MAINLAND)
2021,470329,SINAR MAS,OKI,SULTAN MAHMUD BADARUDDIN (U),SUMATERA SELATAN,1500,679725,SINAR MAS,GOLDEN PROFIT TRADING PTE LTD,SINGAPORE,GUNSAN (ES KUNSAN),SOUTH KOREA
2021,470329,SINAR MAS,OKI,SULTAN MAHMUD BADARUDDIN (U),SUMATERA SELATAN,2500,1132875,SINAR MAS,GOLDEN PROFIT TRADING PTE LTD,SINGAPORE,GUNSAN (ES KUNSAN),SOUTH KOREA
2021,470329,SINAR MAS,OKI,SULTAN MAHMUD BADARUDDIN (U),SUMATERA SELATAN,2000,907300,SINAR MAS,GOLDEN PROFIT TRADING PTE LTD,SINGAPORE,SHANGHAI,CHINA (MAINLAND)
2021,470329,SINAR MAS,OKI,SULTAN MAHMUD BADARUDDIN (U),SUMATERA SELATAN,4400,1996060,UNKNOWN AFFILIATION,FREELAND UNIVERSAL LTD,CHINA (HONG KONG),SHANGHAI,CHINA (MAINLAND)
2021,470329,SINAR MAS,OKI,SULTAN MAHMUD BADARUDDIN (U),SUMATERA SELATAN,7000,3175550,UNKNOWN AFFILIATION,BRIGHTENING SKY CO LTD,CHINA (HONG KONG),SHANGHAI,CHINA (MAINLAND)
2021,470329,SINAR MAS,OKI,SULTAN MAHMUD BADARUDDIN (U),SUMATERA SELATAN,3500,1587775,CHINA UNION,CHINA UNION (MACAO COMMERCIAL OFFSHORE) CO LTD,MACAO,SHANGHAI,CHINA (MAINLAND)
2021,470329,SINAR MAS,OKI,SULTAN MAHMUD BADARUDDIN (U),SUMATERA SELATAN,3000,1366950,CHINA UNION,CHINA UNION (MACAO COMMERCIAL OFFSHORE) CO LTD,MACAO,SHANGHAI,CHINA (MAINLAND)
2021,470329,SINAR MAS,OKI,SULTAN MAHMUD BADARUDDIN (U),SUMATERA SELATAN,3500,1594775,UNKNOWN AFFILIATION,BRIGHTENING SKY CO LTD,CHINA (HONG KONG),SHANGHAI,CHINA (MAINLAND)
2021,470329,SINAR MAS,OKI,SULTAN MAHMUD BADARUDDIN (U),SUMATERA SELATAN,1000,455650,UNKNOWN AFFILIATION,BRIGHTENING SKY CO LTD,CHINA (HONG KONG),SHANGHAI,CHINA (MAINLAND)
2021,470329,SINAR MAS,OKI,SULTAN MAHMUD BADARUDDIN (U),SUMATERA SELATAN,1500,683475,SINAR MAS,GOLDEN PROFIT TRADING PTE LTD,SINGAPORE,SHANGHAI,CHINA (MAINLAND)
2021,470329,SINAR MAS,OKI,SULTAN MAHMUD BADARUDDIN (U),SUMATERA SELATAN,1100,499015,UNKNOWN AFFILIATION,FREELAND UNIVERSAL LTD,CHINA (HONG KONG),SHANGHAI,CHINA (MAINLAND)
2021,470329,SINAR MAS,OKI,SULTAN MAHMUD BADARUDDIN (U),SUMATERA SELATAN,900,408285,CHINA UNION,CHINA UNION (MACAO COMMERCIAL OFFSHORE) CO LTD,MACAO,SHANGHAI,CHINA (MAINLAND)
2021,470329,SINAR MAS,OKI,SULTAN MAHMUD BADARUDDIN (U),SUMATERA SELATAN,100,45315,SINAR MAS,GOLDEN PROFIT TRADING PTE LTD,SINGAPORE,GUNSAN (ES KUNSAN),SOUTH KOREA
2021,470329,SINAR MAS,OKI,SULTAN MAHMUD BADARUDDIN (U),SUMATERA SELATAN,4500,2039175,SINAR MAS,GOLDEN PROFIT TRADING PTE LTD,SINGAPORE,GUNSAN (ES KUNSAN),SOUTH KOREA
2021,470329,SINAR MAS,OKI,SULTAN MAHMUD BADARUDDIN (U),SUMATERA SELATAN,2000,907300,UNKNOWN AFFILIATION,BRIGHTENING SKY CO LTD,CHINA (HONG KONG),SHANGHAI,CHINA (MAINLAND)
2021,470329,SINAR MAS,OKI,SULTAN MAHMUD BADARUDDIN (U),SUMATERA SELATAN,14500,6570675,SINAR MAS,GOLDEN PROFIT TRADING PTE LTD,SINGAPORE,GUNSAN (ES KUNSAN),SOUTH KOREA
2021,470329,MARUBENI,TANJUNG ENIM LESTARI,PANJANG,SUMATERA SELATAN,465,178801,VINDA,VINDA PAPER (SI CHUAN) CO LTD,CHINA (MAINLAND),CHONGQING,CHINA (MAINLAND)
2021,470329,SINAR MAS,OKI,SULTAN MAHMUD BADARUDDIN (U),SUMATERA SELATAN,600,271590,UNKNOWN AFFILIATION,FREELAND UNIVERSAL LTD,CHINA (HONG KONG),CHANGSHU,CHINA (MAINLAND)
2021,470329,SINAR MAS,OKI,SULTAN MAHMUD BADARUDDIN (U),SUMATERA SELATAN,5000,2273250,CHINA UNION,CHINA UNION (MACAO COMMERCIAL OFFSHORE) CO LTD,MACAO,CHANGSHU,CHINA (MAINLAND)
2021,470329,SINAR MAS,OKI,SULTAN MAHMUD BADARUDDIN (U),SUMATERA SELATAN,2000,909300,CHINA UNION,CHINA UNION (MACAO COMMERCIAL OFFSHORE) CO LTD,MACAO,CHANGSHU,CHINA (MAINLAND)
2021,470329,SINAR MAS,OKI,SULTAN MAHMUD BADARUDDIN (U),SUMATERA SELATAN,1500,681975,CHINA UNION,CHINA UNION (MACAO COMMERCIAL OFFSHORE) CO LTD,MACAO,CHANGSHU,CHINA (MAINLAND)
2021,470329,SINAR MAS,OKI,SULTAN MAHMUD BADARUDDIN (U),SUMATERA SELATAN,1500,681975,CHINA UNION,CHINA UNION (MACAO COMMERCIAL OFFSHORE) CO LTD,MACAO,CHANGSHU,CHINA (MAINLAND)
2021,470329,SINAR MAS,OKI,SULTAN MAHMUD BADARUDDIN (U),SUMATERA SELATAN,700,318255,UNKNOWN AFFILIATION,FREELAND UNIVERSAL LTD,CHINA (HONG KONG),CHANGSHU,CHINA (MAINLAND)
2021,470329,SINAR MAS,INDAH KIAT,PERAWANG,RIAU,300,140144,SINAR MAS,GOLDEN PROFIT TRADING PTE LTD,SINGAPORE,HAIPHONG,VIETNAM
2021,470329,MARUBENI,TANJUNG ENIM LESTARI,PANJANG,SUMATERA SELATAN,301,116143,UNKNOWN AFFILIATION,PUDUMJEE PAPER PRODUCTS LTD,INDIA,JAWAHARLAL NEHRU (NHAVA S,INDIA
2021,470329,ROYAL GOLDEN EAGLE,APRIL,FUTONG,RIAU,6090,2174130,ROYAL GOLDEN EAGLE,APRIL INTERNATIONAL ENTEPRISE PTE LTD,SINGAPORE,KAKINADA,INDIA
2021,470329,ROYAL GOLDEN EAGLE,APRIL,BUATAN,RIAU,201,71727,ROYAL GOLDEN EAGLE,APRIL INTERNATIONAL ENTEPRISE PTE LTD,SINGAPORE,SINGAPORE,INDIA
2021,470329,ROYAL GOLDEN EAGLE,APRIL,BUATAN,RIAU,100,35878,ROYAL GOLDEN EAGLE,APRIL INTERNATIONAL ENTEPRISE PTE LTD,SINGAPORE,SINGAPORE,BANGLADESH
2021,470329,ROYAL GOLDEN EAGLE,APRIL,BUATAN,RIAU,201,71802,ROYAL GOLDEN EAGLE,APRIL INTERNATIONAL ENTEPRISE PTE LTD,SINGAPORE,SINGAPORE,INDIA
2021,470329,ROYAL GOLDEN EAGLE,APRIL,BUATAN,RIAU,100,35833,ROYAL GOLDEN EAGLE,APRIL INTERNATIONAL ENTEPRISE PTE LTD,SINGAPORE,SINGAPORE,BANGLADESH
2021,470200,ROYAL GOLDEN EAGLE,APRIL,FUTONG,RIAU,506,231217,ROYAL GOLDEN EAGLE,APRIL FAR EAST MALAYSIA SDN BHD,MALAYSIA,PORT KELANG,CHINA (MAINLAND)
2021,470200,ROYAL GOLDEN EAGLE,APRIL,FUTONG,RIAU,506,231228,ROYAL GOLDEN EAGLE,APRIL FAR EAST MALAYSIA SDN BHD,MALAYSIA,PORT KELANG,CHINA (MAINLAND)
2021,470329,ROYAL GOLDEN EAGLE,APRIL,BUATAN,RIAU,274,97666,ROYAL GOLDEN EAGLE,APRIL INTERNATIONAL ENTEPRISE PTE LTD,SINGAPORE,SINGAPORE,DJIBOUTI
2021,470329,ROYAL GOLDEN EAGLE,APRIL,FUTONG,RIAU,201,71764,ROYAL GOLDEN EAGLE,APRIL INTERNATIONAL ENTEPRISE PTE LTD,SINGAPORE,SINGAPORE,INDIA
2021,470329,ROYAL GOLDEN EAGLE,APRIL,FUTONG,RIAU,100,35874,ROYAL GOLDEN EAGLE,APRIL INTERNATIONAL ENTEPRISE PTE LTD,SINGAPORE,SINGAPORE,BANGLADESH
2021,470329,ROYAL GOLDEN EAGLE,APRIL,FUTONG,RIAU,60,21510,ROYAL GOLDEN EAGLE,APRIL INTERNATIONAL ENTEPRISE PTE LTD,SINGAPORE,SINGAPORE,BANGLADESH
2021,470200,ROYAL GOLDEN EAGLE,APRIL,FUTONG,RIAU,508,231979,ROYAL GOLDEN EAGLE,APRIL FAR EAST MALAYSIA SDN BHD,MALAYSIA,PORT KELANG,CHINA (MAINLAND)
2021,470200,ROYAL GOLDEN EAGLE,APRIL,FUTONG,RIAU,506,231200,ROYAL GOLDEN EAGLE,APRIL FAR EAST MALAYSIA SDN BHD,MALAYSIA,PORT KELANG,CHINA (MAINLAND)
2021,470200,ROYAL GOLDEN EAGLE,APRIL,FUTONG,RIAU,506,231266,ROYAL GOLDEN EAGLE,APRIL FAR EAST MALAYSIA SDN BHD,MALAYSIA,PORT KELANG,CHINA (MAINLAND)
2021,470200,ROYAL GOLDEN EAGLE,APRIL,FUTONG,RIAU,506,231254,ROYAL GOLDEN EAGLE,APRIL FAR EAST MALAYSIA SDN BHD,MALAYSIA,PORT KELANG,CHINA (MAINLAND)
2021,470200,ROYAL GOLDEN EAGLE,APRIL,FUTONG,RIAU,14210,6201650,ROYAL GOLDEN EAGLE,APRIL FAR EAST MALAYSIA SDN BHD,MALAYSIA,XIUYING,CHINA (MAINLAND)
2021,470200,ROYAL GOLDEN EAGLE,APRIL,FUTONG,RIAU,506,231331,ROYAL GOLDEN EAGLE,APRIL FAR EAST MALAYSIA SDN BHD,MALAYSIA,PORT KELANG,CHINA (MAINLAND)
2021,470200,ROYAL GOLDEN EAGLE,APRIL,FUTONG,RIAU,506,231380,ROYAL GOLDEN EAGLE,APRIL FAR EAST MALAYSIA SDN BHD,MALAYSIA,PORT KELANG,CHINA (MAINLAND)
2021,470200,ROYAL GOLDEN EAGLE,APRIL,FUTONG,RIAU,508,232074,ROYAL GOLDEN EAGLE,APRIL FAR EAST MALAYSIA SDN BHD,MALAYSIA,PORT KELANG,CHINA (MAINLAND)
2021,470329,MARUBENI,TANJUNG ENIM LESTARI,TARAHAN,SUMATERA SELATAN,1957,880603,UNKNOWN AFFILIATION,KING ADVANCEMENT DEVELOPMENT (HONG KONG) LTD,CHINA (HONG KONG),QINGDAO,CHINA (MAINLAND)
2021,470200,ROYAL GOLDEN EAGLE,APRIL,FUTONG,RIAU,507,231813,ROYAL GOLDEN EAGLE,APRIL FAR EAST MALAYSIA SDN BHD,MALAYSIA,SINGAPORE,CHINA (MAINLAND)
2021,470200,ROYAL GOLDEN EAGLE,APRIL,FUTONG,RIAU,508,232052,ROYAL GOLDEN EAGLE,APRIL FAR EAST MALAYSIA SDN BHD,MALAYSIA,SINGAPORE,CHINA (MAINLAND)
2021,470329,MARUBENI,TANJUNG ENIM LESTARI,TARAHAN,SUMATERA SELATAN,1958,881023,UNKNOWN AFFILIATION,KING ADVANCEMENT DEVELOPMENT (HONG KONG) LTD,CHINA (HONG KONG),QINGDAO,CHINA (MAINLAND)
2021,470200,ROYAL GOLDEN EAGLE,APRIL,FUTONG,RIAU,506,231460,ROYAL GOLDEN EAGLE,APRIL FAR EAST MALAYSIA SDN BHD,MALAYSIA,SINGAPORE,CHINA (MAINLAND)
2021,470329,MARUBENI,TANJUNG ENIM LESTARI,TARAHAN,SUMATERA SELATAN,2918,1312949,UNKNOWN AFFILIATION,KING ADVANCEMENT DEVELOPMENT (HONG KONG) LTD,CHINA (HONG KONG),QINGDAO,CHINA (MAINLAND)
2021,470329,SINAR MAS,INDAH KIAT,PERAWANG,RIAU,8880,4075920,UNKNOWN AFFILIATION,FREELAND UNIVERSAL LTD,CHINA (HONG KONG),QINZHOU,CHINA (MAINLAND)
2021,470329,MARUBENI,TANJUNG ENIM LESTARI,TARAHAN,SUMATERA SELATAN,983,457987,HONG WON,HONG WON PAPER MFG CO LTD,SOUTH KOREA,PYONGTAEK,SOUTH KOREA
2021,470329,SINAR MAS,INDAH KIAT,PERAWANG,RIAU,2200,1009800,CHINA UNION,CHINA UNION (MACAO COMMERCIAL OFFSHORE) CO LTD,MACAO,DAGANG,CHINA (MAINLAND)
2021,470329,MARUBENI,TANJUNG ENIM LESTARI,TARAHAN,SUMATERA SELATAN,491,228528,HONG WON,HONG WON PAPER MFG CO LTD,SOUTH KOREA,PYONGTAEK,SOUTH KOREA
2021,470329,SINAR MAS,INDAH KIAT,PERAWANG,RIAU,5000,2295000,CHINA UNION,CHINA UNION (MACAO COMMERCIAL OFFSHORE) CO LTD,MACAO,DAGANG,CHINA (MAINLAND)
2021,470329,MARUBENI,TANJUNG ENIM LESTARI,TARAHAN,SUMATERA SELATAN,787,350981,HONG WON,HONG WON PAPER MFG CO LTD,SOUTH KOREA,PYONGTAEK,SOUTH KOREA
2021,470329,SINAR MAS,INDAH KIAT,PERAWANG,RIAU,8820,4048380,SINAR MAS,GOLDEN PROFIT TRADING PTE LTD,SINGAPORE,QINZHOU,CHINA (MAINLAND)
2021,470329,MARUBENI,TANJUNG ENIM LESTARI,TARAHAN,SUMATERA SELATAN,99,44987,UNKNOWN AFFILIATION,YONGJIN CORP,SOUTH KOREA,PYONGTAEK,SOUTH KOREA
2021,470329,SINAR MAS,INDAH KIAT,PERAWANG,RIAU,2000,918000,CHINA UNION,CHINA UNION (MACAO COMMERCIAL OFFSHORE) CO LTD,MACAO,DAGANG,CHINA (MAINLAND)
2021,470329,SINAR MAS,INDAH KIAT,PERAWANG,RIAU,8600,3947400,CHINA UNION,CHINA UNION (MACAO COMMERCIAL OFFSHORE) CO LTD,MACAO,DAGANG,CHINA (MAINLAND)
2021,470329,SINAR MAS,INDAH KIAT,PERAWANG,RIAU,9600,4416000,SINAR MAS,GOLDEN PROFIT TRADING PTE LTD,SINGAPORE,NINGBO,CHINA (MAINLAND)
2021,470329,SINAR MAS,INDAH KIAT,PERAWANG,RIAU,2900,1334000,UNKNOWN AFFILIATION,FREELAND UNIVERSAL LTD,CHINA (HONG KONG),NINGBO,CHINA (MAINLAND)
2021,470329,ROYAL GOLDEN EAGLE,APRIL,FUTONG,RIAU,401,143145,ROYAL GOLDEN EAGLE,APRIL FAR EAST MALAYSIA SDN BHD,MALAYSIA,SINGAPORE,CHINA (MAINLAND)
2021,470329,ROYAL GOLDEN EAGLE,APRIL,FUTONG,RIAU,80,28665,ROYAL GOLDEN EAGLE,APRIL INTERNATIONAL ENTEPRISE PTE LTD,SINGAPORE,SINGAPORE,BANGLADESH
2021,470329,ROYAL GOLDEN EAGLE,APRIL,FUTONG,RIAU,503,179511,ROYAL GOLDEN EAGLE,APRIL INTERNATIONAL ENTEPRISE PTE LTD,SINGAPORE,SINGAPORE,BANGLADESH
2021,470329,ROYAL GOLDEN EAGLE,APRIL,FUTONG,RIAU,301,107501,ROYAL GOLDEN EAGLE,APRIL INTERNATIONAL ENTEPRISE PTE LTD,SINGAPORE,SINGAPORE,BANGLADESH
2021,470329,ROYAL GOLDEN EAGLE,APRIL,FUTONG,RIAU,502,179334,ROYAL GOLDEN EAGLE,APRIL INTERNATIONAL ENTEPRISE PTE LTD,SINGAPORE,SINGAPORE,BANGLADESH
2021,470329,ROYAL GOLDEN EAGLE,APRIL,FUTONG,RIAU,241,86011,ROYAL GOLDEN EAGLE,APRIL INTERNATIONAL ENTEPRISE PTE LTD,SINGAPORE,SINGAPORE,INDIA
2021,470329,ROYAL GOLDEN EAGLE,APRIL,FUTONG,RIAU,281,100408,ROYAL GOLDEN EAGLE,APRIL INTERNATIONAL ENTEPRISE PTE LTD,SINGAPORE,SINGAPORE,PAKISTAN
2021,470329,ROYAL GOLDEN EAGLE,APRIL,FUTONG,RIAU,200,71468,ROYAL GOLDEN EAGLE,APRIL INTERNATIONAL ENTEPRISE PTE LTD,SINGAPORE,SINGAPORE,INDIA
2021,470200,ROYAL GOLDEN EAGLE,APRIL,FUTONG,RIAU,506,231159,ROYAL GOLDEN EAGLE,APRIL FAR EAST MALAYSIA SDN BHD,MALAYSIA,SINGAPORE,CHINA (MAINLAND)
2021,470329,ROYAL GOLDEN EAGLE,APRIL,BUATAN,RIAU,503,179412,ROYAL GOLDEN EAGLE,APRIL INTERNATIONAL ENTEPRISE PTE LTD,SINGAPORE,SINGAPORE,INDIA
2021,470329,SINAR MAS,INDAH KIAT,PERAWANG,RIAU,5700,2624850,UNKNOWN AFFILIATION,BRIGHTENING SKY CO LTD,CHINA (HONG KONG),SHANGHAI,CHINA (MAINLAND)
2021,470329,SINAR MAS,INDAH KIAT,PERAWANG,RIAU,4500,2072250,UNKNOWN AFFILIATION,BRIGHTENING SKY CO LTD,CHINA (HONG KONG),SHANGHAI,CHINA (MAINLAND)
2021,470329,ROYAL GOLDEN EAGLE,APRIL,FUTONG,RIAU,10150,3623550,ROYAL GOLDEN EAGLE,APRIL INTERNATIONAL ENTEPRISE PTE LTD,SINGAPORE,CHITTAGONG,BANGLADESH
2021,470329,ROYAL GOLDEN EAGLE,APRIL,BUATAN,RIAU,201,71721,ROYAL GOLDEN EAGLE,APRIL INTERNATIONAL ENTEPRISE PTE LTD,SINGAPORE,SINGAPORE,INDIA
2021,470200,ROYAL GOLDEN EAGLE,APRIL,FUTONG,RIAU,508,232134,ROYAL GOLDEN EAGLE,APRIL FAR EAST MALAYSIA SDN BHD,MALAYSIA,PORT KELANG,CHINA (MAINLAND)
2021,470200,ROYAL GOLDEN EAGLE,TOBA PULP LESTARI,BELAWAN,SUMATERA UTARA,998,644661,ROYAL GOLDEN EAGLE,DP MARKETING INTERNATIONAL,MACAO,QINGDAO,CHINA (MAINLAND)
2021,470329,ROYAL GOLDEN EAGLE,APRIL,FUTONG,RIAU,10252,3659786,ROYAL GOLDEN EAGLE,APRIL FAR EAST MALAYSIA SDN BHD,MALAYSIA,CHANGSHU,CHINA (MAINLAND)
2021,470329,ROYAL GOLDEN EAGLE,APRIL,FUTONG,RIAU,609,215586,ROYAL GOLDEN EAGLE,APRIL INTERNATIONAL ENTEPRISE PTE LTD,SINGAPORE,CHANGSHU,CHINA (MAINLAND)
2021,470200,ROYAL GOLDEN EAGLE,APRIL,FUTONG,RIAU,203,92607,ROYAL GOLDEN EAGLE,APRIL FAR EAST MALAYSIA SDN BHD,MALAYSIA,PORT KELANG,CHINA (MAINLAND)
2021,470200,ROYAL GOLDEN EAGLE,APRIL,FUTONG,RIAU,506,231334,ROYAL GOLDEN EAGLE,APRIL FAR EAST MALAYSIA SDN BHD,MALAYSIA,PORT KELANG,CHINA (MAINLAND)
2021,470200,ROYAL GOLDEN EAGLE,APRIL,FUTONG,RIAU,506,231308,ROYAL GOLDEN EAGLE,APRIL FAR EAST MALAYSIA SDN BHD,MALAYSIA,PORT KELANG,CHINA (MAINLAND)
2021,470329,SINAR MAS,INDAH KIAT,PERAWANG,RIAU,10200,4684350,UNKNOWN AFFILIATION,FREELAND UNIVERSAL LTD,CHINA (HONG KONG),QINZHOU,CHINA (MAINLAND)
2021,470200,ROYAL GOLDEN EAGLE,APRIL,BUATAN,RIAU,506,231130,ROYAL GOLDEN EAGLE,APRIL FAR EAST MALAYSIA SDN BHD,MALAYSIA,SINGAPORE,CHINA (MAINLAND)
2021,470200,ROYAL GOLDEN EAGLE,APRIL,FUTONG,RIAU,506,231057,ROYAL GOLDEN EAGLE,APRIL FAR EAST MALAYSIA SDN BHD,MALAYSIA,PORT KELANG,CHINA (MAINLAND)
2021,470200,ROYAL GOLDEN EAGLE,APRIL,FUTONG,RIAU,506,231232,ROYAL GOLDEN EAGLE,APRIL FAR EAST MALAYSIA SDN BHD,MALAYSIA,PORT KELANG,CHINA (MAINLAND)
2021,470200,ROYAL GOLDEN EAGLE,APRIL,FUTONG,RIAU,142,64968,ROYAL GOLDEN EAGLE,APRIL FAR EAST MALAYSIA SDN BHD,MALAYSIA,PORT KELANG,CHINA (MAINLAND)
2021,470200,ROYAL GOLDEN EAGLE,APRIL,FUTONG,RIAU,506,231162,ROYAL GOLDEN EAGLE,APRIL FAR EAST MALAYSIA SDN BHD,MALAYSIA,PORT KELANG,CHINA (MAINLAND)
2021,470200,ROYAL GOLDEN EAGLE,APRIL,FUTONG,RIAU,506,231072,ROYAL GOLDEN EAGLE,APRIL FAR EAST MALAYSIA SDN BHD,MALAYSIA,PORT KELANG,CHINA (MAINLAND)
2021,470329,ROYAL GOLDEN EAGLE,APRIL,BUATAN,RIAU,96,34409,ROYAL GOLDEN EAGLE,APRIL INTERNATIONAL ENTEPRISE PTE LTD,SINGAPORE,SINGAPORE,TAIWAN
2021,470329,ROYAL GOLDEN EAGLE,APRIL,FUTONG,RIAU,161,57435,ROYAL GOLDEN EAGLE,APRIL INTERNATIONAL ENTEPRISE PTE LTD,SINGAPORE,SINGAPORE,PAKISTAN
2021,470329,ROYAL GOLDEN EAGLE,APRIL,FUTONG,RIAU,161,57462,ROYAL GOLDEN EAGLE,APRIL INTERNATIONAL ENTEPRISE PTE LTD,SINGAPORE,SINGAPORE,PAKISTAN
2021,470329,ROYAL GOLDEN EAGLE,APRIL,FUTONG,RIAU,200,71296,ROYAL GOLDEN EAGLE,APRIL INTERNATIONAL ENTEPRISE PTE LTD,SINGAPORE,SINGAPORE,INDIA
2021,470200,ROYAL GOLDEN EAGLE,APRIL,FUTONG,RIAU,263,120221,ROYAL GOLDEN EAGLE,APRIL FAR EAST MALAYSIA SDN BHD,MALAYSIA,SINGAPORE,CHINA (MAINLAND)
2021,470200,ROYAL GOLDEN EAGLE,APRIL,FUTONG,RIAU,243,110942,ROYAL GOLDEN EAGLE,APRIL FAR EAST MALAYSIA SDN BHD,MALAYSIA,SINGAPORE,CHINA (MAINLAND)
2021,470200,ROYAL GOLDEN EAGLE,APRIL,FUTONG,RIAU,506,231098,ROYAL GOLDEN EAGLE,APRIL FAR EAST MALAYSIA SDN BHD,MALAYSIA,SINGAPORE,CHINA (MAINLAND)
2021,470200,ROYAL GOLDEN EAGLE,APRIL,FUTONG,RIAU,202,92421,ROYAL GOLDEN EAGLE,APRIL FAR EAST MALAYSIA SDN BHD,MALAYSIA,SINGAPORE,CHINA (MAINLAND)
2021,470329,ROYAL GOLDEN EAGLE,APRIL,FUTONG,RIAU,502,179344,ROYAL GOLDEN EAGLE,APRIL INTERNATIONAL ENTEPRISE PTE LTD,SINGAPORE,SINGAPORE,INDIA
2021,470329,ROYAL GOLDEN EAGLE,APRIL,BUATAN,RIAU,100,35591,ROYAL GOLDEN EAGLE,APRIL INTERNATIONAL ENTEPRISE PTE LTD,SINGAPORE,SINGAPORE,INDIA
2021,470200,ROYAL GOLDEN EAGLE,APRIL,BUATAN,RIAU,506,231082,ROYAL GOLDEN EAGLE,APRIL FAR EAST MALAYSIA SDN BHD,MALAYSIA,SINGAPORE,CHINA (MAINLAND)
2021,470329,ROYAL GOLDEN EAGLE,APRIL,FUTONG,RIAU,5075,1811775,ROYAL GOLDEN EAGLE,APRIL INTERNATIONAL ENTEPRISE PTE LTD,SINGAPORE,ABU DHABI,UNITED ARAB EMIRATES
2021,470200,ROYAL GOLDEN EAGLE,APRIL,FUTONG,RIAU,506,231247,ROYAL GOLDEN EAGLE,APRIL FAR EAST MALAYSIA SDN BHD,MALAYSIA,SINGAPORE,CHINA (MAINLAND)
2021,470329,ROYAL GOLDEN EAGLE,APRIL,FUTONG,RIAU,201,71797,ROYAL GOLDEN EAGLE,APRIL INTERNATIONAL ENTEPRISE PTE LTD,SINGAPORE,SINGAPORE,VIETNAM
2021,470329,ROYAL GOLDEN EAGLE,APRIL,FUTONG,RIAU,503,179603,ROYAL GOLDEN EAGLE,APRIL INTERNATIONAL ENTEPRISE PTE LTD,SINGAPORE,SINGAPORE,INDIA
2021,470329,ROYAL GOLDEN EAGLE,APRIL,FUTONG,RIAU,201,71799,ROYAL GOLDEN EAGLE,APRIL INTERNATIONAL ENTEPRISE PTE LTD,SINGAPORE,SINGAPORE,VIETNAM
2021,470329,SINAR MAS,INDAH KIAT,PERAWANG,RIAU,506,229209,SINAR MAS,GOLDEN PROFIT TRADING PTE LTD,SINGAPORE,CHITTAGONG,BANGLADESH
2021,470329,SINAR MAS,INDAH KIAT,PERAWANG,RIAU,506,229209,SINAR MAS,GOLDEN PROFIT TRADING PTE LTD,SINGAPORE,CHITTAGONG,BANGLADESH
2021,470329,ROYAL GOLDEN EAGLE,APRIL,FUTONG,RIAU,6090,2174130,ROYAL GOLDEN EAGLE,APRIL INTERNATIONAL ENTEPRISE PTE LTD,SINGAPORE,KAKINADA,INDIA
2021,470329,ROYAL GOLDEN EAGLE,APRIL,BUATAN,RIAU,100,35841,ROYAL GOLDEN EAGLE,APRIL INTERNATIONAL ENTEPRISE PTE LTD,SINGAPORE,SINGAPORE,INDIA
2021,470329,ROYAL GOLDEN EAGLE,APRIL,BUATAN,RIAU,201,71784,ROYAL GOLDEN EAGLE,APRIL INTERNATIONAL ENTEPRISE PTE LTD,SINGAPORE,SINGAPORE,INDIA
2021,470329,ROYAL GOLDEN EAGLE,APRIL,BUATAN,RIAU,100,35809,ROYAL GOLDEN EAGLE,APRIL INTERNATIONAL ENTEPRISE PTE LTD,SINGAPORE,SINGAPORE,INDIA
2021,470200,ROYAL GOLDEN EAGLE,APRIL,FUTONG,RIAU,505,230993,ROYAL GOLDEN EAGLE,APRIL FAR EAST MALAYSIA SDN BHD,MALAYSIA,SINGAPORE,CHINA (MAINLAND)
2021,470200,ROYAL GOLDEN EAGLE,APRIL,FUTONG,RIAU,303,138691,ROYAL GOLDEN EAGLE,APRIL FAR EAST MALAYSIA SDN BHD,MALAYSIA,SINGAPORE,CHINA (MAINLAND)
2021,470329,SINAR MAS,INDAH KIAT,PERAWANG,RIAU,500,220390,SINAR MAS,GOLDEN PROFIT TRADING PTE LTD,SINGAPORE,LAT KRABANG,THAILAND
2021,470329,SINAR MAS,INDAH KIAT,PERAWANG,RIAU,500,220390,SINAR MAS,GOLDEN PROFIT TRADING PTE LTD,SINGAPORE,LAT KRABANG,THAILAND
2021,470200,ROYAL GOLDEN EAGLE,APRIL,FUTONG,RIAU,505,230936,ROYAL GOLDEN EAGLE,APRIL FAR EAST MALAYSIA SDN BHD,MALAYSIA,SINGAPORE,CHINA (MAINLAND)
2021,470329,SINAR MAS,INDAH KIAT,PERAWANG,RIAU,300,139980,SINAR MAS,GOLDEN PROFIT TRADING PTE LTD,SINGAPORE,CAT LAI,VIETNAM
2021,470329,SINAR MAS,INDAH KIAT,PERAWANG,RIAU,500,233572,SINAR MAS,GOLDEN PROFIT TRADING PTE LTD,SINGAPORE,HAIPHONG,VIETNAM
2021,470329,ROYAL GOLDEN EAGLE,APRIL,BUATAN,RIAU,201,71792,ROYAL GOLDEN EAGLE,APRIL INTERNATIONAL ENTEPRISE PTE LTD,SINGAPORE,SINGAPORE,INDIA
2021,470329,ROYAL GOLDEN EAGLE,APRIL,BUATAN,RIAU,401,143251,ROYAL GOLDEN EAGLE,APRIL INTERNATIONAL ENTEPRISE PTE LTD,SINGAPORE,SINGAPORE,PAKISTAN
2021,470329,ROYAL GOLDEN EAGLE,APRIL,BUATAN,RIAU,201,71731,ROYAL GOLDEN EAGLE,APRIL INTERNATIONAL ENTEPRISE PTE LTD,SINGAPORE,SINGAPORE,THAILAND
2021,470200,ROYAL GOLDEN EAGLE,APRIL,FUTONG,RIAU,162,74261,ROYAL GOLDEN EAGLE,APRIL FAR EAST MALAYSIA SDN BHD,MALAYSIA,PORT KELANG,CHINA (MAINLAND)
2021,470200,ROYAL GOLDEN EAGLE,APRIL,FUTONG,RIAU,506,231423,ROYAL GOLDEN EAGLE,APRIL FAR EAST MALAYSIA SDN BHD,MALAYSIA,PORT KELANG,CHINA (MAINLAND)
2021,470200,ROYAL GOLDEN EAGLE,APRIL,FUTONG,RIAU,506,231413,ROYAL GOLDEN EAGLE,APRIL FAR EAST MALAYSIA SDN BHD,MALAYSIA,PORT KELANG,CHINA (MAINLAND)
2021,470200,ROYAL GOLDEN EAGLE,TOBA PULP LESTARI,BELAWAN,SUMATERA UTARA,501,323360,UNKNOWN AFFILIATION,GREENPOINT GLOBAL TRADING (MACAO COMMERCIAL OFFSHORE) LTD,MACAO,QINGDAO,CHINA (MAINLAND)
2021,470200,ROYAL GOLDEN EAGLE,TOBA PULP LESTARI,BELAWAN,SUMATERA UTARA,501,323649,UNKNOWN AFFILIATION,GREENPOINT GLOBAL TRADING (MACAO COMMERCIAL OFFSHORE) LTD,MACAO,QINGDAO,CHINA (MAINLAND)
2021,470329,SINAR MAS,LONTAR PAPYRUS,KUALA TUNGKAL,JAMBI,1003,441974,SINAR MAS,GOLDEN PROFIT TRADING PTE LTD,SINGAPORE,DALIAN,CHINA (MAINLAND)
2021,470329,SINAR MAS,LONTAR PAPYRUS,KUALA TUNGKAL,JAMBI,1004,423122,SINAR MAS,GOLDEN PROFIT TRADING PTE LTD,SINGAPORE,DALIAN,CHINA (MAINLAND)
2021,470329,SINAR MAS,OKI,SULTAN MAHMUD BADARUDDIN (U),SUMATERA SELATAN,500,226500,SINAR MAS,GOLDEN PROFIT TRADING PTE LTD,SINGAPORE,MELBOURNE,AUSTRALIA
2021,470329,SINAR MAS,OKI,SULTAN MAHMUD BADARUDDIN (U),SUMATERA SELATAN,500,226500,SINAR MAS,GOLDEN PROFIT TRADING PTE LTD,SINGAPORE,MELBOURNE,AUSTRALIA
2021,470329,SINAR MAS,OKI,SULTAN MAHMUD BADARUDDIN (U),SUMATERA SELATAN,500,226500,SINAR MAS,GOLDEN PROFIT TRADING PTE LTD,SINGAPORE,MELBOURNE,AUSTRALIA
2021,470329,SINAR MAS,OKI,SULTAN MAHMUD BADARUDDIN (U),SUMATERA SELATAN,500,226500,SINAR MAS,GOLDEN PROFIT TRADING PTE LTD,SINGAPORE,MELBOURNE,AUSTRALIA
2021,470329,SINAR MAS,OKI,SULTAN MAHMUD BADARUDDIN (U),SUMATERA SELATAN,500,226500,SINAR MAS,GOLDEN PROFIT TRADING PTE LTD,SINGAPORE,MELBOURNE,AUSTRALIA
2021,470329,SINAR MAS,OKI,SULTAN MAHMUD BADARUDDIN (U),SUMATERA SELATAN,500,226500,SINAR MAS,GOLDEN PROFIT TRADING PTE LTD,SINGAPORE,MELBOURNE,AUSTRALIA
2021,470329,SINAR MAS,OKI,SULTAN MAHMUD BADARUDDIN (U),SUMATERA SELATAN,500,226500,SINAR MAS,GOLDEN PROFIT TRADING PTE LTD,SINGAPORE,MELBOURNE,AUSTRALIA
2021,470329,SINAR MAS,OKI,SULTAN MAHMUD BADARUDDIN (U),SUMATERA SELATAN,500,226500,SINAR MAS,GOLDEN PROFIT TRADING PTE LTD,SINGAPORE,MELBOURNE,AUSTRALIA
2021,470329,SINAR MAS,OKI,SULTAN MAHMUD BADARUDDIN (U),SUMATERA SELATAN,500,226500,SINAR MAS,GOLDEN PROFIT TRADING PTE LTD,SINGAPORE,MELBOURNE,AUSTRALIA
2021,470329,SINAR MAS,OKI,SULTAN MAHMUD BADARUDDIN (U),SUMATERA SELATAN,500,226500,SINAR MAS,GOLDEN PROFIT TRADING PTE LTD,SINGAPORE,MELBOURNE,AUSTRALIA
2021,470329,SINAR MAS,OKI,SULTAN MAHMUD BADARUDDIN (U),SUMATERA SELATAN,500,226500,SINAR MAS,GOLDEN PROFIT TRADING PTE LTD,SINGAPORE,MELBOURNE,AUSTRALIA
2021,470329,SINAR MAS,OKI,SULTAN MAHMUD BADARUDDIN (U),SUMATERA SELATAN,500,226500,SINAR MAS,GOLDEN PROFIT TRADING PTE LTD,SINGAPORE,MELBOURNE,AUSTRALIA
2021,470329,SINAR MAS,OKI,SULTAN MAHMUD BADARUDDIN (U),SUMATERA SELATAN,500,226500,SINAR MAS,GOLDEN PROFIT TRADING PTE LTD,SINGAPORE,MELBOURNE,AUSTRALIA
2021,470329,SINAR MAS,OKI,SULTAN MAHMUD BADARUDDIN (U),SUMATERA SELATAN,500,226500,SINAR MAS,GOLDEN PROFIT TRADING PTE LTD,SINGAPORE,MELBOURNE,AUSTRALIA
2021,470329,SINAR MAS,OKI,SULTAN MAHMUD BADARUDDIN (U),SUMATERA SELATAN,400,182060,CHINA UNION,CHINA UNION (MACAO COMMERCIAL OFFSHORE) CO LTD,MACAO,ZHENJIANG,CHINA (MAINLAND)
2021,470329,SINAR MAS,OKI,SULTAN MAHMUD BADARUDDIN (U),SUMATERA SELATAN,1600,725040,CHINA UNION,CHINA UNION (MACAO COMMERCIAL OFFSHORE) CO LTD,MACAO,ZHENJIANG,CHINA (MAINLAND)
2021,470329,SINAR MAS,OKI,SULTAN MAHMUD BADARUDDIN (U),SUMATERA SELATAN,5000,2265750,CHINA UNION,CHINA UNION (MACAO COMMERCIAL OFFSHORE) CO LTD,MACAO,ZHENJIANG,CHINA (MAINLAND)
2021,470329,SINAR MAS,OKI,SULTAN MAHMUD BADARUDDIN (U),SUMATERA SELATAN,1600,725040,CHINA UNION,CHINA UNION (MACAO COMMERCIAL OFFSHORE) CO LTD,MACAO,ZHENJIANG,CHINA (MAINLAND)
2021,470329,SINAR MAS,OKI,SULTAN MAHMUD BADARUDDIN (U),SUMATERA SELATAN,2400,1087560,CHINA UNION,CHINA UNION (MACAO COMMERCIAL OFFSHORE) CO LTD,MACAO,ZHENJIANG,CHINA (MAINLAND)
2021,470329,SINAR MAS,OKI,SULTAN MAHMUD BADARUDDIN (U),SUMATERA SELATAN,7500,3375000,SINAR MAS,GOLDEN PROFIT TRADING PTE LTD,SINGAPORE,KANDLA,INDIA
2021,470329,SINAR MAS,OKI,SULTAN MAHMUD BADARUDDIN (U),SUMATERA SELATAN,5000,2257750,UNKNOWN AFFILIATION,BRIGHTENING SKY CO LTD,CHINA (HONG KONG),NINGBO,CHINA (MAINLAND)
2021,470329,SINAR MAS,OKI,SULTAN MAHMUD BADARUDDIN (U),SUMATERA SELATAN,1500,680325,UNKNOWN AFFILIATION,FREELAND UNIVERSAL LTD,CHINA (HONG KONG),CHANGSHU,CHINA (MAINLAND)
2021,470329,SINAR MAS,OKI,SULTAN MAHMUD BADARUDDIN (U),SUMATERA SELATAN,5000,2267750,UNKNOWN AFFILIATION,FREELAND UNIVERSAL LTD,CHINA (HONG KONG),CHANGSHU,CHINA (MAINLAND)
2021,470329,SINAR MAS,OKI,SULTAN MAHMUD BADARUDDIN (U),SUMATERA SELATAN,1500,680325,UNKNOWN AFFILIATION,FREELAND UNIVERSAL LTD,CHINA (HONG KONG),CHANGSHU,CHINA (MAINLAND)
2021,470329,SINAR MAS,OKI,SULTAN MAHMUD BADARUDDIN (U),SUMATERA SELATAN,3462,1570190,UNKNOWN AFFILIATION,FREELAND UNIVERSAL LTD,CHINA (HONG KONG),NINGBO,CHINA (MAINLAND)
2021,470329,SINAR MAS,OKI,SULTAN MAHMUD BADARUDDIN (U),SUMATERA SELATAN,1038,472861,CHINA UNION,CHINA UNION (MACAO COMMERCIAL OFFSHORE) CO LTD,MACAO,NINGBO,CHINA (MAINLAND)
2021,470329,SINAR MAS,OKI,SULTAN MAHMUD BADARUDDIN (U),SUMATERA SELATAN,3000,1366650,CHINA UNION,CHINA UNION (MACAO COMMERCIAL OFFSHORE) CO LTD,MACAO,CHANGSHU,CHINA (MAINLAND)
2021,470329,SINAR MAS,OKI,SULTAN MAHMUD BADARUDDIN (U),SUMATERA SELATAN,2200,1002210,UNKNOWN AFFILIATION,FREELAND UNIVERSAL LTD,CHINA (HONG KONG),CHANGSHU,CHINA (MAINLAND)
2021,470329,SINAR MAS,OKI,SULTAN MAHMUD BADARUDDIN (U),SUMATERA SELATAN,5000,2277750,UNKNOWN AFFILIATION,FREELAND UNIVERSAL LTD,CHINA (HONG KONG),CHANGSHU,CHINA (MAINLAND)
2021,470329,SINAR MAS,OKI,SULTAN MAHMUD BADARUDDIN (U),SUMATERA SELATAN,1300,589615,UNKNOWN AFFILIATION,FREELAND UNIVERSAL LTD,CHINA (HONG KONG),CHANGSHU,CHINA (MAINLAND)
2021,470329,SINAR MAS,OKI,SULTAN MAHMUD BADARUDDIN (U),SUMATERA SELATAN,500,226775,UNKNOWN AFFILIATION,BRIGHTENING SKY CO LTD,CHINA (HONG KONG),CHANGSHU,CHINA (MAINLAND)
2021,470329,MARUBENI,TANJUNG ENIM LESTARI,PANJANG,SUMATERA SELATAN,468,184620,VINDA,VINDA PERSONAL CARE (CHINA) LTD,CHINA (MAINLAND),WUHAN,CHINA (MAINLAND)
2021,470329,MARUBENI,TANJUNG ENIM LESTARI,PANJANG,SUMATERA SELATAN,462,178234,VINDA,VINDA PAPER (SI CHUAN) CO LTD,CHINA (MAINLAND),CHONGQING,CHINA (MAINLAND)
2021,470329,MARUBENI,TANJUNG ENIM LESTARI,PANJANG,SUMATERA SELATAN,466,179724,VINDA,VINDA PAPER (SI CHUAN) CO LTD,CHINA (MAINLAND),CHONGQING,CHINA (MAINLAND)
2021,470329,MARUBENI,TANJUNG ENIM LESTARI,PANJANG,SUMATERA SELATAN,466,186450,UNKNOWN AFFILIATION,AMBER SUPER PAPER LIMITED,BANGLADESH,CHITTAGONG,BANGLADESH
2021,470329,MARUBENI,TANJUNG ENIM LESTARI,PANJANG,SUMATERA SELATAN,299,127722,UNKNOWN AFFILIATION,NIBONG TEBAL PAPER MILL SDN BHD,MALAYSIA,PENANG (GEORGETOWN),MALAYSIA
2021,470329,MARUBENI,TANJUNG ENIM LESTARI,PANJANG,SUMATERA SELATAN,126,59411,UNKNOWN AFFILIATION,TEPPATANA PAPER MILL CO LTD,THAILAND,LAEM CHABANG,THAILAND
2021,470329,MARUBENI,TANJUNG ENIM LESTARI,PANJANG,SUMATERA SELATAN,107,49367,UNKNOWN AFFILIATION,VECHEM ORGANICS PVT LTD,INDIA,JAWAHARLAL NEHRU (NHAVA S,INDIA
2021,470329,MARUBENI,TANJUNG ENIM LESTARI,PANJANG,SUMATERA SELATAN,107,49314,UNKNOWN AFFILIATION,VECHEM ORGANICS PVT LTD,INDIA,JAWAHARLAL NEHRU (NHAVA S,INDIA
2021,470329,MARUBENI,TANJUNG ENIM LESTARI,PANJANG,SUMATERA SELATAN,150,60601,UNKNOWN AFFILIATION,GURUKRUPA KRAFTS PVT LTD,INDIA,PIPAVAV (VICTOR) PORT,INDIA
2021,470329,MARUBENI,TANJUNG ENIM LESTARI,PANJANG,SUMATERA SELATAN,191,73815,VINDA,VINDA PAPER (SI CHUAN) CO LTD,CHINA (MAINLAND),CHONGQING,CHINA (MAINLAND)
2021,470329,MARUBENI,TANJUNG ENIM LESTARI,PANJANG,SUMATERA SELATAN,277,109488,VINDA,VINDA PAPER (SI CHUAN) CO LTD,CHINA (MAINLAND),CHONGQING,CHINA (MAINLAND)
2021,470329,SINAR MAS,OKI,SULTAN MAHMUD BADARUDDIN (U),SUMATERA SELATAN,3962,1800333,CHINA UNION,CHINA UNION (MACAO COMMERCIAL OFFSHORE) CO LTD,MACAO,NINGBO,CHINA (MAINLAND)
2021,470329,SINAR MAS,OKI,SULTAN MAHMUD BADARUDDIN (U),SUMATERA SELATAN,2000,908800,CHINA UNION,CHINA UNION (MACAO COMMERCIAL OFFSHORE) CO LTD,MACAO,NINGBO,CHINA (MAINLAND)
2021,470329,SINAR MAS,OKI,SULTAN MAHMUD BADARUDDIN (U),SUMATERA SELATAN,2500,1136000,SINAR MAS,GOLDEN PROFIT TRADING PTE LTD,SINGAPORE,NINGBO,CHINA (MAINLAND)
2021,470329,SINAR MAS,OKI,SULTAN MAHMUD BADARUDDIN (U),SUMATERA SELATAN,2500,1136000,SINAR MAS,GOLDEN PROFIT TRADING PTE LTD,SINGAPORE,NINGBO,CHINA (MAINLAND)
2021,470329,SINAR MAS,OKI,SULTAN MAHMUD BADARUDDIN (U),SUMATERA SELATAN,4500,2044800,UNKNOWN AFFILIATION,FREELAND UNIVERSAL LTD,CHINA (HONG KONG),NINGBO,CHINA (MAINLAND)
2021,470329,SINAR MAS,OKI,SULTAN MAHMUD BADARUDDIN (U),SUMATERA SELATAN,8800,3998720,UNKNOWN AFFILIATION,FREELAND UNIVERSAL LTD,CHINA (HONG KONG),SHANGHAI,CHINA (MAINLAND)
2021,470329,SINAR MAS,OKI,SULTAN MAHMUD BADARUDDIN (U),SUMATERA SELATAN,6500,2953600,SINAR MAS,GOLDEN PROFIT TRADING PTE LTD,SINGAPORE,SHANGHAI,CHINA (MAINLAND)
2021,470329,SINAR MAS,OKI,SULTAN MAHMUD BADARUDDIN (U),SUMATERA SELATAN,1200,540480,UNKNOWN AFFILIATION,FREELAND UNIVERSAL LTD,CHINA (HONG KONG),SHANGHAI,CHINA (MAINLAND)
2021,470329,SINAR MAS,OKI,SULTAN MAHMUD BADARUDDIN (U),SUMATERA SELATAN,3000,1363200,CHINA UNION,CHINA UNION (MACAO COMMERCIAL OFFSHORE) CO LTD,MACAO,NINGBO,CHINA (MAINLAND)
2021,470329,SINAR MAS,OKI,SULTAN MAHMUD BADARUDDIN (U),SUMATERA SELATAN,1038,471667,UNKNOWN AFFILIATION,FREELAND UNIVERSAL LTD,CHINA (HONG KONG),NINGBO,CHINA (MAINLAND)
2021,470329,SINAR MAS,OKI,SULTAN MAHMUD BADARUDDIN (U),SUMATERA SELATAN,2500,1136000,SINAR MAS,GOLDEN PROFIT TRADING PTE LTD,SINGAPORE,NINGBO,CHINA (MAINLAND)
2021,470329,SINAR MAS,OKI,SULTAN MAHMUD BADARUDDIN (U),SUMATERA SELATAN,2500,1136000,SINAR MAS,GOLDEN PROFIT TRADING PTE LTD,SINGAPORE,NINGBO,CHINA (MAINLAND)
2021,470329,SINAR MAS,OKI,SULTAN MAHMUD BADARUDDIN (U),SUMATERA SELATAN,1500,681600,UNKNOWN AFFILIATION,BRIGHTENING SKY CO LTD,CHINA (HONG KONG),SHANGHAI,CHINA (MAINLAND)
2021,470329,SINAR MAS,OKI,SULTAN MAHMUD BADARUDDIN (U),SUMATERA SELATAN,1500,681600,SINAR MAS,GOLDEN PROFIT TRADING PTE LTD,SINGAPORE,SHANGHAI,CHINA (MAINLAND)
2021,470329,SINAR MAS,OKI,SULTAN MAHMUD BADARUDDIN (U),SUMATERA SELATAN,1000,452400,SINAR MAS,GOLDEN PROFIT TRADING PTE LTD,SINGAPORE,NINGBO,CHINA (MAINLAND)
2021,470329,SINAR MAS,OKI,SULTAN MAHMUD BADARUDDIN (U),SUMATERA SELATAN,5000,2278250,SINAR MAS,GOLDEN PROFIT TRADING PTE LTD,SINGAPORE,QINGDAO,CHINA (MAINLAND)
2021,470329,SINAR MAS,OKI,SULTAN MAHMUD BADARUDDIN (U),SUMATERA SELATAN,2000,911300,SINAR MAS,GOLDEN PROFIT TRADING PTE LTD,SINGAPORE,QINGDAO,CHINA (MAINLAND)
2021,470329,SINAR MAS,OKI,SULTAN MAHMUD BADARUDDIN (U),SUMATERA SELATAN,1500,683475,SINAR MAS,GOLDEN PROFIT TRADING PTE LTD,SINGAPORE,QINGDAO,CHINA (MAINLAND)
2021,470329,SINAR MAS,OKI,SULTAN MAHMUD BADARUDDIN (U),SUMATERA SELATAN,2800,1270220,SINAR MAS,GOLDEN PROFIT TRADING PTE LTD,SINGAPORE,QINGDAO,CHINA (MAINLAND)
2021,470329,MARUBENI,TANJUNG ENIM LESTARI,PANJANG,SUMATERA SELATAN,106,41921,ANKIT,ANKIT PULPS AND BOARDS PVT LTD,INDIA,JAWAHARLAL NEHRU (NHAVA S,INDIA
2021,470329,MARUBENI,TANJUNG ENIM LESTARI,PANJANG,SUMATERA SELATAN,193,78973,ANKIT,ANKIT PULPS AND BOARDS PVT LTD,INDIA,JAWAHARLAL NEHRU (NHAVA S,INDIA
2021,470329,MARUBENI,TANJUNG ENIM LESTARI,PANJANG,SUMATERA SELATAN,214,116973,UNKNOWN AFFILIATION,VISY PULP AND PAPER PTY LTD,AUSTRALIA,MELBOURNE,AUSTRALIA
2021,470329,MARUBENI,TANJUNG ENIM LESTARI,TARAHAN,SUMATERA SELATAN,1802,759603,CHINATEX CORP,CHINATEX RAW MATERIALS IMPORT AND EXPORT,CHINA (MAINLAND),XINGANG,CHINA (MAINLAND)
2021,470329,MARUBENI,TANJUNG ENIM LESTARI,TARAHAN,SUMATERA SELATAN,903,380590,CHINATEX CORP,CHINATEX RAW MATERIALS IMPORT AND EXPORT,CHINA (MAINLAND),XINGANG,CHINA (MAINLAND)
2021,470329,MARUBENI,TANJUNG ENIM LESTARI,TARAHAN,SUMATERA SELATAN,1802,810796,UNKNOWN AFFILIATION,OVERSEAS RESOURCES CO LTD,CHINA (HONG KONG),XINGANG,CHINA (MAINLAND)
2021,470329,MARUBENI,TANJUNG ENIM LESTARI,TARAHAN,SUMATERA SELATAN,1352,647232,UNKNOWN AFFILIATION,OVERSEAS RESOURCES CO LTD,CHINA (HONG KONG),XINGANG,CHINA (MAINLAND)
2021,470329,MARUBENI,TANJUNG ENIM LESTARI,TARAHAN,SUMATERA SELATAN,902,406388,JIANGHE PAPER,HENAN JIANGHE PAPER CO LTD,CHINA (MAINLAND),QINGDAO,CHINA (MAINLAND)
2021,470329,MARUBENI,TANJUNG ENIM LESTARI,TARAHAN,SUMATERA SELATAN,903,406622,JIANGHE PAPER,HENAN JIANGHE PAPER CO LTD,CHINA (MAINLAND),QINGDAO,CHINA (MAINLAND)
2021,470329,MARUBENI,TANJUNG ENIM LESTARI,TARAHAN,SUMATERA SELATAN,902,406472,UNKNOWN AFFILIATION,KING ADVANCEMENT DEVELOPMENT (HONG KONG) LTD,CHINA (HONG KONG),QINGDAO,CHINA (MAINLAND)
2021,470329,MARUBENI,TANJUNG ENIM LESTARI,TARAHAN,SUMATERA SELATAN,902,397134,VINDA,VINDA PAPER (SHANDONG) CO LTD,CHINA (MAINLAND),QINGDAO,CHINA (MAINLAND)
2021,470329,MARUBENI,TANJUNG ENIM LESTARI,TARAHAN,SUMATERA SELATAN,632,296678,VINDA,VINDA PAPER (SHANDONG) CO LTD,CHINA (MAINLAND),QINGDAO,CHINA (MAINLAND)
2021,470329,SINAR MAS,OKI,SULTAN MAHMUD BADARUDDIN (U),SUMATERA SELATAN,8500,3873875,SINAR MAS,GOLDEN PROFIT TRADING PTE LTD,SINGAPORE,QINGDAO,CHINA (MAINLAND)
2021,470329,SINAR MAS,OKI,SULTAN MAHMUD BADARUDDIN (U),SUMATERA SELATAN,10000,4557500,CHINA UNION,CHINA UNION (MACAO COMMERCIAL OFFSHORE) CO LTD,MACAO,QINGDAO,CHINA (MAINLAND)
2021,470329,SINAR MAS,OKI,SULTAN MAHMUD BADARUDDIN (U),SUMATERA SELATAN,10000,4557500,CHINA UNION,CHINA UNION (MACAO COMMERCIAL OFFSHORE) CO LTD,MACAO,QINGDAO,CHINA (MAINLAND)
2021,470329,SINAR MAS,OKI,SULTAN MAHMUD BADARUDDIN (U),SUMATERA SELATAN,3364,1533143,CHINA UNION,CHINA UNION (MACAO COMMERCIAL OFFSHORE) CO LTD,MACAO,QINGDAO,CHINA (MAINLAND)
2021,470329,SINAR MAS,OKI,SULTAN MAHMUD BADARUDDIN (U),SUMATERA SELATAN,10000,4557500,CHINA UNION,CHINA UNION (MACAO COMMERCIAL OFFSHORE) CO LTD,MACAO,QINGDAO,CHINA (MAINLAND)
2021,470329,SINAR MAS,OKI,SULTAN MAHMUD BADARUDDIN (U),SUMATERA SELATAN,10000,4557500,CHINA UNION,CHINA UNION (MACAO COMMERCIAL OFFSHORE) CO LTD,MACAO,QINGDAO,CHINA (MAINLAND)
2021,470329,SINAR MAS,OKI,SULTAN MAHMUD BADARUDDIN (U),SUMATERA SELATAN,700,317555,SINAR MAS,GOLDEN PROFIT TRADING PTE LTD,SINGAPORE,CHITTAGONG,BANGLADESH
2021,470329,SINAR MAS,OKI,SULTAN MAHMUD BADARUDDIN (U),SUMATERA SELATAN,1500,680475,SINAR MAS,GOLDEN PROFIT TRADING PTE LTD,SINGAPORE,CHITTAGONG,BANGLADESH
2021,470329,SINAR MAS,OKI,SULTAN MAHMUD BADARUDDIN (U),SUMATERA SELATAN,1000,453650,SINAR MAS,GOLDEN PROFIT TRADING PTE LTD,SINGAPORE,CHITTAGONG,BANGLADESH
2021,470329,SINAR MAS,OKI,SULTAN MAHMUD BADARUDDIN (U),SUMATERA SELATAN,1000,453650,SINAR MAS,GOLDEN PROFIT TRADING PTE LTD,SINGAPORE,CHITTAGONG,BANGLADESH
2021,470329,SINAR MAS,OKI,SULTAN MAHMUD BADARUDDIN (U),SUMATERA SELATAN,900,408285,SINAR MAS,GOLDEN PROFIT TRADING PTE LTD,SINGAPORE,CHITTAGONG,BANGLADESH
2021,470329,SINAR MAS,OKI,SULTAN MAHMUD BADARUDDIN (U),SUMATERA SELATAN,900,408285,SINAR MAS,GOLDEN PROFIT TRADING PTE LTD,SINGAPORE,CHITTAGONG,BANGLADESH
2021,470329,SINAR MAS,OKI,SULTAN MAHMUD BADARUDDIN (U),SUMATERA SELATAN,500,226825,SINAR MAS,GOLDEN PROFIT TRADING PTE LTD,SINGAPORE,CHITTAGONG,BANGLADESH
2021,470329,MARUBENI,TANJUNG ENIM LESTARI,PANJANG,SUMATERA SELATAN,468,185001,VINDA,VINDA PAPER (LIAONING) CO LTD,CHINA (MAINLAND),YINGKOU,CHINA (MAINLAND)
2021,470329,SINAR MAS,OKI,SULTAN MAHMUD BADARUDDIN (U),SUMATERA SELATAN,180,82035,CHINA UNION,CHINA UNION (MACAO COMMERCIAL OFFSHORE) CO LTD,MACAO,QINGDAO,CHINA (MAINLAND)
2021,470329,SINAR MAS,OKI,SULTAN MAHMUD BADARUDDIN (U),SUMATERA SELATAN,3300,1494900,SINAR MAS,GOLDEN PROFIT TRADING PTE LTD,SINGAPORE,HAIPHONG,VIETNAM
2021,470329,SINAR MAS,OKI,SULTAN MAHMUD BADARUDDIN (U),SUMATERA SELATAN,2000,906000,SINAR MAS,GOLDEN PROFIT TRADING PTE LTD,SINGAPORE,HAIPHONG,VIETNAM
2021,470329,MARUBENI,TANJUNG ENIM LESTARI,PANJANG,SUMATERA SELATAN,467,183189,VINDA,VINDA PERSONAL CARE (CHINA) LTD,CHINA (MAINLAND),WUHAN,CHINA (MAINLAND)
2021,470329,MARUBENI,TANJUNG ENIM LESTARI,PANJANG,SUMATERA SELATAN,470,184464,VINDA,VINDA PERSONAL CARE (CHINA) LTD,CHINA (MAINLAND),WUHAN,CHINA (MAINLAND)
2021,470329,MARUBENI,TANJUNG ENIM LESTARI,PANJANG,SUMATERA SELATAN,257,133985,UNKNOWN AFFILIATION,VISY PULP AND PAPER PTY LTD,AUSTRALIA,MELBOURNE,AUSTRALIA
2021,470329,SINAR MAS,OKI,SULTAN MAHMUD BADARUDDIN (U),SUMATERA SELATAN,3400,1539860,CHINA UNION,CHINA UNION (MACAO COMMERCIAL OFFSHORE) CO LTD,MACAO,ZHENJIANG,CHINA (MAINLAND)
2021,470329,SINAR MAS,OKI,SULTAN MAHMUD BADARUDDIN (U),SUMATERA SELATAN,4000,1819600,CHINA UNION,CHINA UNION (MACAO COMMERCIAL OFFSHORE) CO LTD,MACAO,ZHENJIANG,CHINA (MAINLAND)
2021,470329,SINAR MAS,OKI,SULTAN MAHMUD BADARUDDIN (U),SUMATERA SELATAN,2000,913800,CHINA UNION,CHINA UNION (MACAO COMMERCIAL OFFSHORE) CO LTD,MACAO,ZHENJIANG,CHINA (MAINLAND)
2021,470329,SINAR MAS,OKI,SULTAN MAHMUD BADARUDDIN (U),SUMATERA SELATAN,2000,913800,CHINA UNION,CHINA UNION (MACAO COMMERCIAL OFFSHORE) CO LTD,MACAO,ZHENJIANG,CHINA (MAINLAND)
2021,470329,SINAR MAS,OKI,SULTAN MAHMUD BADARUDDIN (U),SUMATERA SELATAN,2500,1142250,CHINA UNION,CHINA UNION (MACAO COMMERCIAL OFFSHORE) CO LTD,MACAO,ZHENJIANG,CHINA (MAINLAND)
2021,470329,SINAR MAS,OKI,SULTAN MAHMUD BADARUDDIN (U),SUMATERA SELATAN,2500,1142250,CHINA UNION,CHINA UNION (MACAO COMMERCIAL OFFSHORE) CO LTD,MACAO,ZHENJIANG,CHINA (MAINLAND)
2021,470329,SINAR MAS,OKI,SULTAN MAHMUD BADARUDDIN (U),SUMATERA SELATAN,2500,1142250,CHINA UNION,CHINA UNION (MACAO COMMERCIAL OFFSHORE) CO LTD,MACAO,ZHENJIANG,CHINA (MAINLAND)
2021,470329,SINAR MAS,OKI,SULTAN MAHMUD BADARUDDIN (U),SUMATERA SELATAN,2500,1142250,CHINA UNION,CHINA UNION (MACAO COMMERCIAL OFFSHORE) CO LTD,MACAO,ZHENJIANG,CHINA (MAINLAND)
2021,470329,SINAR MAS,OKI,SULTAN MAHMUD BADARUDDIN (U),SUMATERA SELATAN,6000,2729400,CHINA UNION,CHINA UNION (MACAO COMMERCIAL OFFSHORE) CO LTD,MACAO,ZHENJIANG,CHINA (MAINLAND)
2021,470329,SINAR MAS,OKI,SULTAN MAHMUD BADARUDDIN (U),SUMATERA SELATAN,1000,456900,CHINA UNION,CHINA UNION (MACAO COMMERCIAL OFFSHORE) CO LTD,MACAO,ZHENJIANG,CHINA (MAINLAND)
2021,470329,SINAR MAS,OKI,SULTAN MAHMUD BADARUDDIN (U),SUMATERA SELATAN,1600,731040,CHINA UNION,CHINA UNION (MACAO COMMERCIAL OFFSHORE) CO LTD,MACAO,ZHENJIANG,CHINA (MAINLAND)
2021,470200,ROYAL GOLDEN EAGLE,APRIL,FUTONG,RIAU,506,231322,ROYAL GOLDEN EAGLE,APRIL FAR EAST MALAYSIA SDN BHD,MALAYSIA,PORT KELANG,CHINA (MAINLAND)
2021,470200,ROYAL GOLDEN EAGLE,APRIL,FUTONG,RIAU,506,250571,ROYAL GOLDEN EAGLE,APRIL FAR EAST MALAYSIA SDN BHD,MALAYSIA,PORT KELANG,CHINA (MAINLAND)
2021,470329,ROYAL GOLDEN EAGLE,APRIL,BUATAN,RIAU,201,79304,ROYAL GOLDEN EAGLE,APRIL INTERNATIONAL ENTEPRISE PTE LTD,SINGAPORE,SINGAPORE,VIETNAM
2021,470329,ROYAL GOLDEN EAGLE,APRIL,BUATAN,RIAU,502,198162,ROYAL GOLDEN EAGLE,APRIL INTERNATIONAL ENTEPRISE PTE LTD,SINGAPORE,SINGAPORE,VIETNAM
2021,470200,ROYAL GOLDEN EAGLE,APRIL,FUTONG,RIAU,13702,6397038,ROYAL GOLDEN EAGLE,APRIL FAR EAST MALAYSIA SDN BHD,MALAYSIA,CHANGSHU,CHINA (MAINLAND)
2021,470329,MARUBENI,TANJUNG ENIM LESTARI,PANJANG,SUMATERA SELATAN,105,48521,UNKNOWN AFFILIATION,VECHEM ORGANICS PVT LTD,INDIA,JAWAHARLAL NEHRU (NHAVA S,INDIA
2021,470329,ROYAL GOLDEN EAGLE,APRIL,BUATAN,RIAU,201,79340,ROYAL GOLDEN EAGLE,APRIL INTERNATIONAL ENTEPRISE PTE LTD,SINGAPORE,SINGAPORE,INDIA
2021,470329,ROYAL GOLDEN EAGLE,APRIL,BUATAN,RIAU,201,79255,ROYAL GOLDEN EAGLE,APRIL INTERNATIONAL ENTEPRISE PTE LTD,SINGAPORE,SINGAPORE,INDIA
2021,470329,SINAR MAS,INDAH KIAT,PERAWANG,RIAU,500,220390,SINAR MAS,GOLDEN PROFIT TRADING PTE LTD,SINGAPORE,LAT KRABANG,THAILAND
2021,470329,SINAR MAS,INDAH KIAT,PERAWANG,RIAU,500,220390,SINAR MAS,GOLDEN PROFIT TRADING PTE LTD,SINGAPORE,LAT KRABANG,THAILAND
2021,470329,SINAR MAS,INDAH KIAT,PERAWANG,RIAU,200,93320,SINAR MAS,GOLDEN PROFIT TRADING PTE LTD,SINGAPORE,CAT LAI,VIETNAM
2021,470329,ROYAL GOLDEN EAGLE,APRIL,BUATAN,RIAU,502,198321,ROYAL GOLDEN EAGLE,APRIL INTERNATIONAL ENTEPRISE PTE LTD,SINGAPORE,SINGAPORE,BANGLADESH
2021,470329,ROYAL GOLDEN EAGLE,APRIL,BUATAN,RIAU,302,119137,ROYAL GOLDEN EAGLE,APRIL INTERNATIONAL ENTEPRISE PTE LTD,SINGAPORE,SINGAPORE,THAILAND
2021,470329,ROYAL GOLDEN EAGLE,APRIL,FUTONG,RIAU,2233,882035,ROYAL GOLDEN EAGLE,APRIL FAR EAST MALAYSIA SDN BHD,MALAYSIA,QINGDAO,CHINA (MAINLAND)
2021,470329,ROYAL GOLDEN EAGLE,APRIL,FUTONG,RIAU,3146,1223582,ROYAL GOLDEN EAGLE,APRIL FAR EAST MALAYSIA SDN BHD,MALAYSIA,IYOMISHIMA,JAPAN
2021,470329,ROYAL GOLDEN EAGLE,APRIL,FUTONG,RIAU,5483,2105936,ROYAL GOLDEN EAGLE,APRIL FAR EAST MALAYSIA SDN BHD,MALAYSIA,NINGBO,CHINA (MAINLAND)
2021,470329,SINAR MAS,INDAH KIAT,PERAWANG,RIAU,500,220760,SINAR MAS,GOLDEN PROFIT TRADING PTE LTD,SINGAPORE,HAIPHONG,VIETNAM
2021,470200,ROYAL GOLDEN EAGLE,APRIL,FUTONG,RIAU,505,230930,ROYAL GOLDEN EAGLE,APRIL FAR EAST MALAYSIA SDN BHD,MALAYSIA,PORT KELANG,CHINA (MAINLAND)
2021,470200,ROYAL GOLDEN EAGLE,APRIL,FUTONG,RIAU,505,230704,ROYAL GOLDEN EAGLE,APRIL FAR EAST MALAYSIA SDN BHD,MALAYSIA,PORT KELANG,CHINA (MAINLAND)
2021,470329,SINAR MAS,INDAH KIAT,PERAWANG,RIAU,260,121599,SINAR MAS,GOLDEN PROFIT TRADING PTE LTD,SINGAPORE,CAT LAI,VIETNAM
2021,470329,SINAR MAS,INDAH KIAT,PERAWANG,RIAU,260,121599,SINAR MAS,GOLDEN PROFIT TRADING PTE LTD,SINGAPORE,CAT LAI,VIETNAM
2021,470329,MARUBENI,TANJUNG ENIM LESTARI,PANJANG,SUMATERA SELATAN,467,184642,VINDA,VINDA PAPER (LIAONING) CO LTD,CHINA (MAINLAND),YINGKOU,CHINA (MAINLAND)
2021,470200,ROYAL GOLDEN EAGLE,APRIL,FUTONG,RIAU,505,249766,ROYAL GOLDEN EAGLE,APRIL FAR EAST MALAYSIA SDN BHD,MALAYSIA,PORT KELANG,CHINA (MAINLAND)
2021,470329,ROYAL GOLDEN EAGLE,APRIL,FUTONG,RIAU,141,50211,ROYAL GOLDEN EAGLE,APRIL INTERNATIONAL ENTEPRISE PTE LTD,SINGAPORE,SINGAPORE,BANGLADESH
2021,470329,SINAR MAS,INDAH KIAT,PERAWANG,RIAU,2808,1283256,SINAR MAS,GOLDEN PROFIT TRADING PTE LTD,SINGAPORE,QINZHOU,CHINA (MAINLAND)
2021,470329,SINAR MAS,INDAH KIAT,PERAWANG,RIAU,3892,1786428,SINAR MAS,GOLDEN PROFIT TRADING PTE LTD,SINGAPORE,QINZHOU,CHINA (MAINLAND)
2021,470329,SINAR MAS,INDAH KIAT,PERAWANG,RIAU,1000,447625,SINAR MAS,GOLDEN PROFIT TRADING PTE LTD,SINGAPORE,ABU DHABI,UNITED ARAB EMIRATES
2021,470200,ROYAL GOLDEN EAGLE,APRIL,FUTONG,RIAU,506,250481,ROYAL GOLDEN EAGLE,APRIL FAR EAST MALAYSIA SDN BHD,MALAYSIA,PORT KELANG,CHINA (MAINLAND)
2021,470329,ROYAL GOLDEN EAGLE,APRIL,FUTONG,RIAU,1522,601388,ROYAL GOLDEN EAGLE,APRIL FAR EAST MALAYSIA SDN BHD,MALAYSIA,NANSHA,CHINA (MAINLAND)
2021,470329,ROYAL GOLDEN EAGLE,APRIL,FUTONG,RIAU,9135,3527328,ROYAL GOLDEN EAGLE,APRIL FAR EAST MALAYSIA SDN BHD,MALAYSIA,CHANGSHU,CHINA (MAINLAND)
2021,470200,ROYAL GOLDEN EAGLE,APRIL,FUTONG,RIAU,506,250457,ROYAL GOLDEN EAGLE,APRIL FAR EAST MALAYSIA SDN BHD,MALAYSIA,PORT KELANG,CHINA (MAINLAND)
2021,470200,ROYAL GOLDEN EAGLE,APRIL,FUTONG,RIAU,13195,6531525,ROYAL GOLDEN EAGLE,APRIL FAR EAST MALAYSIA SDN BHD,MALAYSIA,CHANGSHU,CHINA (MAINLAND)
2021,470329,MARUBENI,TANJUNG ENIM LESTARI,PANJANG,SUMATERA SELATAN,106,53887,UNKNOWN AFFILIATION,VECHEM ORGANICS PVT LTD,INDIA,JAWAHARLAL NEHRU (NHAVA S,INDIA
2021,470329,MARUBENI,TANJUNG ENIM LESTARI,PANJANG,SUMATERA SELATAN,43,16989,UNKNOWN AFFILIATION,SUNSHINE PAP TECH PVT LTD,INDIA,JAWAHARLAL NEHRU (NHAVA S,INDIA
2021,470329,MARUBENI,TANJUNG ENIM LESTARI,PANJANG,SUMATERA SELATAN,287,138980,DAIO PAPER CORP,TOKYO PULP AND PAPER INTERNATIONAL CO LTD,JAPAN,TOMAKOMAI,JAPAN
2021,470329,MARUBENI,TANJUNG ENIM LESTARI,PANJANG,SUMATERA SELATAN,276,149343,NIPPON PAPER,SIAM NIPPON INDUSTRIAL PAPER CO LTD,THAILAND,LAT KRABANG,THAILAND
2021,470329,MARUBENI,TANJUNG ENIM LESTARI,PANJANG,SUMATERA SELATAN,272,125186,NTPM HOLDINGS BHD,NTPM (VIETNAM) CO LTD,VIETNAM,CAT LAI,VIETNAM
2021,470329,ROYAL GOLDEN EAGLE,APRIL,FUTONG,RIAU,201,79423,ROYAL GOLDEN EAGLE,APRIL INTERNATIONAL ENTEPRISE PTE LTD,SINGAPORE,SINGAPORE,INDIA
2021,470329,ROYAL GOLDEN EAGLE,APRIL,FUTONG,RIAU,201,79220,ROYAL GOLDEN EAGLE,APRIL INTERNATIONAL ENTEPRISE PTE LTD,SINGAPORE,SINGAPORE,INDIA
2021,470329,ROYAL GOLDEN EAGLE,APRIL,FUTONG,RIAU,201,71696,ROYAL GOLDEN EAGLE,APRIL INTERNATIONAL ENTEPRISE PTE LTD,SINGAPORE,SINGAPORE,INDIA
2021,470329,ROYAL GOLDEN EAGLE,APRIL,FUTONG,RIAU,40,15863,ROYAL GOLDEN EAGLE,APRIL INTERNATIONAL ENTEPRISE PTE LTD,SINGAPORE,SINGAPORE,BANGLADESH
2021,470200,ROYAL GOLDEN EAGLE,APRIL,FUTONG,RIAU,304,138868,ROYAL GOLDEN EAGLE,APRIL FAR EAST MALAYSIA SDN BHD,MALAYSIA,SINGAPORE,CHINA (MAINLAND)
2021,470329,ROYAL GOLDEN EAGLE,APRIL,FUTONG,RIAU,301,119079,ROYAL GOLDEN EAGLE,APRIL INTERNATIONAL ENTEPRISE PTE LTD,SINGAPORE,SINGAPORE,VIETNAM
2021,470329,ROYAL GOLDEN EAGLE,APRIL,FUTONG,RIAU,160,63396,ROYAL GOLDEN EAGLE,APRIL INTERNATIONAL ENTEPRISE PTE LTD,SINGAPORE,SINGAPORE,BANGLADESH
2021,470329,ROYAL GOLDEN EAGLE,APRIL,FUTONG,RIAU,40,15894,ROYAL GOLDEN EAGLE,APRIL INTERNATIONAL ENTEPRISE PTE LTD,SINGAPORE,SINGAPORE,BANGLADESH
2021,470329,ROYAL GOLDEN EAGLE,APRIL,FUTONG,RIAU,201,79322,ROYAL GOLDEN EAGLE,APRIL INTERNATIONAL ENTEPRISE PTE LTD,SINGAPORE,SINGAPORE,INDIA
2021,470329,ROYAL GOLDEN EAGLE,APRIL,FUTONG,RIAU,201,79275,ROYAL GOLDEN EAGLE,APRIL INTERNATIONAL ENTEPRISE PTE LTD,SINGAPORE,SINGAPORE,INDIA
2021,470329,ROYAL GOLDEN EAGLE,APRIL,FUTONG,RIAU,503,198523,ROYAL GOLDEN EAGLE,APRIL INTERNATIONAL ENTEPRISE PTE LTD,SINGAPORE,SINGAPORE,BANGLADESH
2021,470329,ROYAL GOLDEN EAGLE,APRIL,FUTONG,RIAU,201,79378,ROYAL GOLDEN EAGLE,APRIL INTERNATIONAL ENTEPRISE PTE LTD,SINGAPORE,SINGAPORE,INDIA
2021,470329,ROYAL GOLDEN EAGLE,APRIL,FUTONG,RIAU,301,118930,ROYAL GOLDEN EAGLE,APRIL INTERNATIONAL ENTEPRISE PTE LTD,SINGAPORE,SINGAPORE,BANGLADESH
2021,470329,ROYAL GOLDEN EAGLE,APRIL,FUTONG,RIAU,503,198512,ROYAL GOLDEN EAGLE,APRIL INTERNATIONAL ENTEPRISE PTE LTD,SINGAPORE,SINGAPORE,UNITED ARAB EMIRATES
2021,470329,ROYAL GOLDEN EAGLE,APRIL,FUTONG,RIAU,60,23861,ROYAL GOLDEN EAGLE,APRIL INTERNATIONAL ENTEPRISE PTE LTD,SINGAPORE,SINGAPORE,INDIA
2021,470329,ROYAL GOLDEN EAGLE,APRIL,FUTONG,RIAU,101,39750,ROYAL GOLDEN EAGLE,APRIL INTERNATIONAL ENTEPRISE PTE LTD,SINGAPORE,SINGAPORE,INDIA
2021,470329,ROYAL GOLDEN EAGLE,APRIL,FUTONG,RIAU,100,39689,ROYAL GOLDEN EAGLE,APRIL INTERNATIONAL ENTEPRISE PTE LTD,SINGAPORE,SINGAPORE,INDIA
2021,470329,ROYAL GOLDEN EAGLE,APRIL,FUTONG,RIAU,201,79264,ROYAL GOLDEN EAGLE,APRIL INTERNATIONAL ENTEPRISE PTE LTD,SINGAPORE,SINGAPORE,INDIA
2021,470329,ROYAL GOLDEN EAGLE,APRIL,FUTONG,RIAU,503,198504,ROYAL GOLDEN EAGLE,APRIL INTERNATIONAL ENTEPRISE PTE LTD,SINGAPORE,SINGAPORE,UNITED ARAB EMIRATES
2021,470329,ROYAL GOLDEN EAGLE,APRIL,FUTONG,RIAU,60,23845,ROYAL GOLDEN EAGLE,APRIL INTERNATIONAL ENTEPRISE PTE LTD,SINGAPORE,SINGAPORE,INDIA
2021,470329,SINAR MAS,INDAH KIAT,PERAWANG,RIAU,240,114210,SINAR MAS,GOLDEN PROFIT TRADING PTE LTD,SINGAPORE,GARHI HARSARU,INDIA
2021,470329,SINAR MAS,INDAH KIAT,PERAWANG,RIAU,1000,463975,SINAR MAS,GOLDEN PROFIT TRADING PTE LTD,SINGAPORE,DALIAN,CHINA (MAINLAND)
2021,470200,ROYAL GOLDEN EAGLE,APRIL,BUATAN,RIAU,202,92541,ROYAL GOLDEN EAGLE,APRIL FAR EAST MALAYSIA SDN BHD,MALAYSIA,SINGAPORE,CHINA (MAINLAND)
2021,470200,ROYAL GOLDEN EAGLE,APRIL,BUATAN,RIAU,506,231463,ROYAL GOLDEN EAGLE,APRIL FAR EAST MALAYSIA SDN BHD,MALAYSIA,SINGAPORE,CHINA (MAINLAND)
2021,470200,ROYAL GOLDEN EAGLE,APRIL,FUTONG,RIAU,506,250638,ROYAL GOLDEN EAGLE,APRIL FAR EAST MALAYSIA SDN BHD,MALAYSIA,PORT KELANG,CHINA (MAINLAND)
2021,470200,ROYAL GOLDEN EAGLE,APRIL,FUTONG,RIAU,506,250329,ROYAL GOLDEN EAGLE,APRIL FAR EAST MALAYSIA SDN BHD,MALAYSIA,PORT KELANG,CHINA (MAINLAND)
2021,470200,ROYAL GOLDEN EAGLE,APRIL,FUTONG,RIAU,506,250644,ROYAL GOLDEN EAGLE,APRIL FAR EAST MALAYSIA SDN BHD,MALAYSIA,PORT KELANG,CHINA (MAINLAND)
2021,470200,ROYAL GOLDEN EAGLE,APRIL,FUTONG,RIAU,506,250529,ROYAL GOLDEN EAGLE,APRIL FAR EAST MALAYSIA SDN BHD,MALAYSIA,PORT KELANG,CHINA (MAINLAND)
2021,470200,ROYAL GOLDEN EAGLE,APRIL,FUTONG,RIAU,506,250701,ROYAL GOLDEN EAGLE,APRIL FAR EAST MALAYSIA SDN BHD,MALAYSIA,PORT KELANG,CHINA (MAINLAND)
2021,470329,ROYAL GOLDEN EAGLE,APRIL,BUATAN,RIAU,502,198356,ROYAL GOLDEN EAGLE,APRIL FAR EAST MALAYSIA SDN BHD,MALAYSIA,SINGAPORE,CHINA (MAINLAND)
2021,470200,ROYAL GOLDEN EAGLE,APRIL,FUTONG,RIAU,506,250594,ROYAL GOLDEN EAGLE,APRIL FAR EAST MALAYSIA SDN BHD,MALAYSIA,PORT KELANG,CHINA (MAINLAND)
2021,470329,SINAR MAS,INDAH KIAT,PERAWANG,RIAU,7000,3223500,SINAR MAS,GOLDEN PROFIT TRADING PTE LTD,SINGAPORE,ULSAN,SOUTH KOREA
2021,470329,SINAR MAS,INDAH KIAT,PERAWANG,RIAU,3200,1467200,UNKNOWN AFFILIATION,FREELAND UNIVERSAL LTD,CHINA (HONG KONG),NINGBO,CHINA (MAINLAND)
2021,470329,SINAR MAS,INDAH KIAT,PERAWANG,RIAU,3675,1690500,CHINA UNION,CHINA UNION (MACAO COMMERCIAL OFFSHORE) CO LTD,MACAO,SHANGHAI,CHINA (MAINLAND)
2021,470329,SINAR MAS,INDAH KIAT,PERAWANG,RIAU,8325,3829500,UNKNOWN AFFILIATION,BRIGHTENING SKY CO LTD,CHINA (HONG KONG),SHANGHAI,CHINA (MAINLAND)
2021,470200,ROYAL GOLDEN EAGLE,APRIL,FUTONG,RIAU,507,250924,ROYAL GOLDEN EAGLE,APRIL FAR EAST MALAYSIA SDN BHD,MALAYSIA,PORT KELANG,CHINA (MAINLAND)
2021,470329,SINAR MAS,INDAH KIAT,PERAWANG,RIAU,3500,1575000,SINAR MAS,GOLDEN PROFIT TRADING PTE LTD,SINGAPORE,HALDIA,INDIA
2021,470329,SINAR MAS,INDAH KIAT,PERAWANG,RIAU,4200,1890000,SINAR MAS,GOLDEN PROFIT TRADING PTE LTD,SINGAPORE,HALDIA,INDIA
2021,470200,ROYAL GOLDEN EAGLE,APRIL,FUTONG,RIAU,507,250903,ROYAL GOLDEN EAGLE,APRIL FAR EAST MALAYSIA SDN BHD,MALAYSIA,PORT KELANG,CHINA (MAINLAND)
2021,470200,ROYAL GOLDEN EAGLE,APRIL,FUTONG,RIAU,506,250429,ROYAL GOLDEN EAGLE,APRIL FAR EAST MALAYSIA SDN BHD,MALAYSIA,PORT KELANG,CHINA (MAINLAND)
2021,470200,ROYAL GOLDEN EAGLE,APRIL,FUTONG,RIAU,506,250607,ROYAL GOLDEN EAGLE,APRIL FAR EAST MALAYSIA SDN BHD,MALAYSIA,PORT KELANG,CHINA (MAINLAND)
2021,470329,ROYAL GOLDEN EAGLE,APRIL,FUTONG,RIAU,8424,3327678,ROYAL GOLDEN EAGLE,APRIL INTERNATIONAL ENTEPRISE PTE LTD,SINGAPORE,CHITTAGONG,BANGLADESH
2021,470329,ROYAL GOLDEN EAGLE,APRIL,FUTONG,RIAU,4364,1723978,ROYAL GOLDEN EAGLE,APRIL FAR EAST MALAYSIA SDN BHD,MALAYSIA,GUNSAN (ES KUNSAN),SOUTH KOREA
2021,470329,ROYAL GOLDEN EAGLE,APRIL,FUTONG,RIAU,3857,1523515,ROYAL GOLDEN EAGLE,APRIL FAR EAST MALAYSIA SDN BHD,MALAYSIA,PYONGTAEK,SOUTH KOREA
2021,470329,ROYAL GOLDEN EAGLE,APRIL,FUTONG,RIAU,3451,1343860,ROYAL GOLDEN EAGLE,APRIL FAR EAST MALAYSIA SDN BHD,MALAYSIA,ZHANJIANG,CHINA (MAINLAND)
2021,470200,ROYAL GOLDEN EAGLE,APRIL,FUTONG,RIAU,507,250739,ROYAL GOLDEN EAGLE,APRIL FAR EAST MALAYSIA SDN BHD,MALAYSIA,PORT KELANG,CHINA (MAINLAND)
2021,470200,ROYAL GOLDEN EAGLE,APRIL,FUTONG,RIAU,506,250601,ROYAL GOLDEN EAGLE,APRIL FAR EAST MALAYSIA SDN BHD,MALAYSIA,PORT KELANG,CHINA (MAINLAND)
2021,470200,ROYAL GOLDEN EAGLE,APRIL,FUTONG,RIAU,507,250718,ROYAL GOLDEN EAGLE,APRIL FAR EAST MALAYSIA SDN BHD,MALAYSIA,PORT KELANG,CHINA (MAINLAND)
2021,470200,ROYAL GOLDEN EAGLE,APRIL,FUTONG,RIAU,506,250665,ROYAL GOLDEN EAGLE,APRIL FAR EAST MALAYSIA SDN BHD,MALAYSIA,PORT KELANG,CHINA (MAINLAND)
2021,470329,ROYAL GOLDEN EAGLE,APRIL,BUATAN,RIAU,120,47593,ROYAL GOLDEN EAGLE,APRIL INTERNATIONAL ENTEPRISE PTE LTD,SINGAPORE,SINGAPORE,INDIA
2021,470329,ROYAL GOLDEN EAGLE,APRIL,FUTONG,RIAU,100,39689,ROYAL GOLDEN EAGLE,APRIL INTERNATIONAL ENTEPRISE PTE LTD,SINGAPORE,SINGAPORE,INDIA
2021,470329,ROYAL GOLDEN EAGLE,APRIL,FUTONG,RIAU,502,198112,ROYAL GOLDEN EAGLE,APRIL INTERNATIONAL ENTEPRISE PTE LTD,SINGAPORE,SINGAPORE,BANGLADESH
2021,470329,ROYAL GOLDEN EAGLE,APRIL,FUTONG,RIAU,502,198345,ROYAL GOLDEN EAGLE,APRIL INTERNATIONAL ENTEPRISE PTE LTD,SINGAPORE,SINGAPORE,INDIA
2021,470329,ROYAL GOLDEN EAGLE,APRIL,FUTONG,RIAU,803,317353,ROYAL GOLDEN EAGLE,APRIL INTERNATIONAL ENTEPRISE PTE LTD,SINGAPORE,SINGAPORE,VIETNAM
2021,470329,ROYAL GOLDEN EAGLE,APRIL,FUTONG,RIAU,301,119073,ROYAL GOLDEN EAGLE,APRIL INTERNATIONAL ENTEPRISE PTE LTD,SINGAPORE,SINGAPORE,INDIA
2021,470329,ROYAL GOLDEN EAGLE,APRIL,FUTONG,RIAU,502,198477,ROYAL GOLDEN EAGLE,APRIL INTERNATIONAL ENTEPRISE PTE LTD,SINGAPORE,SINGAPORE,UNITED ARAB EMIRATES
2021,470329,ROYAL GOLDEN EAGLE,APRIL,FUTONG,RIAU,502,198217,ROYAL GOLDEN EAGLE,APRIL FAR EAST MALAYSIA SDN BHD,MALAYSIA,SINGAPORE,CHINA (MAINLAND)
2021,470329,ROYAL GOLDEN EAGLE,APRIL,FUTONG,RIAU,200,71561,ROYAL GOLDEN EAGLE,APRIL INTERNATIONAL ENTEPRISE PTE LTD,SINGAPORE,SINGAPORE,INDIA
2021,470329,SINAR MAS,INDAH KIAT,PERAWANG,RIAU,2700,1239300,SINAR MAS,GOLDEN PROFIT TRADING PTE LTD,SINGAPORE,QINZHOU,CHINA (MAINLAND)
2021,470329,SINAR MAS,INDAH KIAT,PERAWANG,RIAU,5000,2295000,UNKNOWN AFFILIATION,BRIGHTENING SKY CO LTD,CHINA (HONG KONG),QINZHOU,CHINA (MAINLAND)
2021,470329,SINAR MAS,INDAH KIAT,PERAWANG,RIAU,3000,1377000,UNKNOWN AFFILIATION,BRIGHTENING SKY CO LTD,CHINA (HONG KONG),QINZHOU,CHINA (MAINLAND)
2021,470329,ROYAL GOLDEN EAGLE,APRIL,BUATAN,RIAU,20,7982,ROYAL GOLDEN EAGLE,APRIL INTERNATIONAL ENTEPRISE PTE LTD,SINGAPORE,SINGAPORE,VIETNAM
2021,470200,ROYAL GOLDEN EAGLE,APRIL,FUTONG,RIAU,13702,6782738,ROYAL GOLDEN EAGLE,APRIL FAR EAST MALAYSIA SDN BHD,MALAYSIA,CHANGSHU,CHINA (MAINLAND)
2021,470329,ROYAL GOLDEN EAGLE,APRIL,FUTONG,RIAU,402,158783,ROYAL GOLDEN EAGLE,APRIL INTERNATIONAL ENTEPRISE PTE LTD,SINGAPORE,SINGAPORE,THAILAND
2021,470329,ROYAL GOLDEN EAGLE,APRIL,FUTONG,RIAU,202,79685,ROYAL GOLDEN EAGLE,APRIL INTERNATIONAL ENTEPRISE PTE LTD,SINGAPORE,SINGAPORE,INDIA
2021,470329,ROYAL GOLDEN EAGLE,APRIL,FUTONG,RIAU,201,79474,ROYAL GOLDEN EAGLE,APRIL INTERNATIONAL ENTEPRISE PTE LTD,SINGAPORE,SINGAPORE,VIETNAM
2021,470329,ROYAL GOLDEN EAGLE,APRIL,FUTONG,RIAU,502,198475,ROYAL GOLDEN EAGLE,APRIL INTERNATIONAL ENTEPRISE PTE LTD,SINGAPORE,SINGAPORE,UNITED ARAB EMIRATES
2021,470329,ROYAL GOLDEN EAGLE,APRIL,FUTONG,RIAU,502,198450,ROYAL GOLDEN EAGLE,APRIL INTERNATIONAL ENTEPRISE PTE LTD,SINGAPORE,SINGAPORE,BANGLADESH
2021,470200,ROYAL GOLDEN EAGLE,APRIL,FUTONG,RIAU,507,250977,ROYAL GOLDEN EAGLE,APRIL FAR EAST MALAYSIA SDN BHD,MALAYSIA,PORT KELANG,CHINA (MAINLAND)
2021,470329,ROYAL GOLDEN EAGLE,APRIL,BUATAN,RIAU,502,198346,ROYAL GOLDEN EAGLE,APRIL FAR EAST MALAYSIA SDN BHD,MALAYSIA,SINGAPORE,CHINA (MAINLAND)
2021,470329,SINAR MAS,INDAH KIAT,PERAWANG,RIAU,1500,690000,SINAR MAS,GOLDEN PROFIT TRADING PTE LTD,SINGAPORE,HAIPHONG,VIETNAM
2021,470329,SINAR MAS,INDAH KIAT,PERAWANG,RIAU,500,230000,SINAR MAS,GOLDEN PROFIT TRADING PTE LTD,SINGAPORE,HAIPHONG,VIETNAM
2021,470200,ROYAL GOLDEN EAGLE,APRIL,FUTONG,RIAU,507,251049,ROYAL GOLDEN EAGLE,APRIL FAR EAST MALAYSIA SDN BHD,MALAYSIA,PORT KELANG,CHINA (MAINLAND)
2021,470200,ROYAL GOLDEN EAGLE,APRIL,FUTONG,RIAU,508,251558,ROYAL GOLDEN EAGLE,APRIL FAR EAST MALAYSIA SDN BHD,MALAYSIA,PORT KELANG,CHINA (MAINLAND)
2021,470329,ROYAL GOLDEN EAGLE,APRIL,BUATAN,RIAU,503,198562,ROYAL GOLDEN EAGLE,APRIL INTERNATIONAL ENTEPRISE PTE LTD,SINGAPORE,SINGAPORE,BANGLADESH
2021,470200,ROYAL GOLDEN EAGLE,APRIL,FUTONG,RIAU,507,250849,ROYAL GOLDEN EAGLE,APRIL FAR EAST MALAYSIA SDN BHD,MALAYSIA,PORT KELANG,CHINA (MAINLAND)
2021,470200,ROYAL GOLDEN EAGLE,APRIL,FUTONG,RIAU,508,251396,ROYAL GOLDEN EAGLE,APRIL FAR EAST MALAYSIA SDN BHD,MALAYSIA,PORT KELANG,CHINA (MAINLAND)
2021,470200,ROYAL GOLDEN EAGLE,APRIL,FUTONG,RIAU,506,250662,ROYAL GOLDEN EAGLE,APRIL FAR EAST MALAYSIA SDN BHD,MALAYSIA,PORT KELANG,CHINA (MAINLAND)
2021,470200,ROYAL GOLDEN EAGLE,APRIL,FUTONG,RIAU,506,250582,ROYAL GOLDEN EAGLE,APRIL FAR EAST MALAYSIA SDN BHD,MALAYSIA,PORT KELANG,CHINA (MAINLAND)
2021,470329,ROYAL GOLDEN EAGLE,APRIL,FUTONG,RIAU,6090,2405550,ROYAL GOLDEN EAGLE,APRIL FAR EAST MALAYSIA SDN BHD,MALAYSIA,CHANGSHU,CHINA (MAINLAND)
2021,470200,ROYAL GOLDEN EAGLE,APRIL,FUTONG,RIAU,4364,2160428,ROYAL GOLDEN EAGLE,APRIL FAR EAST MALAYSIA SDN BHD,MALAYSIA,XIUYING,CHINA (MAINLAND)
2021,470329,ROYAL GOLDEN EAGLE,APRIL,BUATAN,RIAU,1004,396763,ROYAL GOLDEN EAGLE,APRIL INTERNATIONAL ENTEPRISE PTE LTD,SINGAPORE,SINGAPORE,BANGLADESH
2021,470200,ROYAL GOLDEN EAGLE,APRIL,FUTONG,RIAU,506,250452,ROYAL GOLDEN EAGLE,APRIL FAR EAST MALAYSIA SDN BHD,MALAYSIA,PORT KELANG,CHINA (MAINLAND)
2021,470329,SINAR MAS,INDAH KIAT,PERAWANG,RIAU,600,290434,SINAR MAS,GOLDEN PROFIT TRADING PTE LTD,SINGAPORE,CAT LAI,VIETNAM
2021,470329,ROYAL GOLDEN EAGLE,APRIL,FUTONG,RIAU,6053,2391117,ROYAL GOLDEN EAGLE,APRIL INTERNATIONAL ENTEPRISE PTE LTD,SINGAPORE,KAKINADA,INDIA
2021,470329,SINAR MAS,INDAH KIAT,PERAWANG,RIAU,300,138000,SINAR MAS,KING PAPER SOURCE TRADING (SHANGHAI) CO LTD,CHINA (MAINLAND),DAGANG,CHINA (MAINLAND)
2021,470329,SINAR MAS,INDAH KIAT,PERAWANG,RIAU,1500,690000,CHINA UNION,CHINA UNION (MACAO COMMERCIAL OFFSHORE) CO LTD,MACAO,DAGANG,CHINA (MAINLAND)
2021,470329,SINAR MAS,INDAH KIAT,PERAWANG,RIAU,2500,1155000,CHINA UNION,CHINA UNION (MACAO COMMERCIAL OFFSHORE) CO LTD,MACAO,DAGANG,CHINA (MAINLAND)
2021,470329,SINAR MAS,INDAH KIAT,PERAWANG,RIAU,2500,1155000,CHINA UNION,CHINA UNION (MACAO COMMERCIAL OFFSHORE) CO LTD,MACAO,DAGANG,CHINA (MAINLAND)
2021,470329,SINAR MAS,INDAH KIAT,PERAWANG,RIAU,2500,1155000,CHINA UNION,CHINA UNION (MACAO COMMERCIAL OFFSHORE) CO LTD,MACAO,DAGANG,CHINA (MAINLAND)
2021,470329,SINAR MAS,INDAH KIAT,PERAWANG,RIAU,2300,1062600,CHINA UNION,CHINA UNION (MACAO COMMERCIAL OFFSHORE) CO LTD,MACAO,DAGANG,CHINA (MAINLAND)
2021,470329,ROYAL GOLDEN EAGLE,APRIL,BUATAN,RIAU,703,277869,ROYAL GOLDEN EAGLE,APRIL INTERNATIONAL ENTEPRISE PTE LTD,SINGAPORE,SINGAPORE,VIETNAM
2021,470200,ROYAL GOLDEN EAGLE,APRIL,FUTONG,RIAU,507,250933,ROYAL GOLDEN EAGLE,APRIL FAR EAST MALAYSIA SDN BHD,MALAYSIA,PORT KELANG,CHINA (MAINLAND)
2021,470329,ROYAL GOLDEN EAGLE,APRIL,FUTONG,RIAU,101,39786,ROYAL GOLDEN EAGLE,APRIL INTERNATIONAL ENTEPRISE PTE LTD,SINGAPORE,SINGAPORE,INDIA
2021,470329,ROYAL GOLDEN EAGLE,APRIL,FUTONG,RIAU,501,198066,ROYAL GOLDEN EAGLE,APRIL INTERNATIONAL ENTEPRISE PTE LTD,SINGAPORE,SINGAPORE,INDIA
2021,470329,ROYAL GOLDEN EAGLE,APRIL,FUTONG,RIAU,502,198213,ROYAL GOLDEN EAGLE,APRIL FAR EAST MALAYSIA SDN BHD,MALAYSIA,SINGAPORE,CHINA (MAINLAND)
2021,470329,ROYAL GOLDEN EAGLE,APRIL,BUATAN,RIAU,97,38230,ROYAL GOLDEN EAGLE,APRIL INTERNATIONAL ENTEPRISE PTE LTD,SINGAPORE,SINGAPORE,TAIWAN
2021,470329,ROYAL GOLDEN EAGLE,APRIL,BUATAN,RIAU,141,55588,ROYAL GOLDEN EAGLE,APRIL INTERNATIONAL ENTEPRISE PTE LTD,SINGAPORE,SINGAPORE,BANGLADESH
2021,470329,ROYAL GOLDEN EAGLE,APRIL,BUATAN,RIAU,502,198461,ROYAL GOLDEN EAGLE,APRIL FAR EAST MALAYSIA SDN BHD,MALAYSIA,SINGAPORE,CHINA (MAINLAND)
2021,470329,SINAR MAS,INDAH KIAT,PERAWANG,RIAU,5000,2295000,SINAR MAS,GOLDEN PROFIT TRADING PTE LTD,SINGAPORE,QINZHOU,CHINA (MAINLAND)
2021,470329,SINAR MAS,INDAH KIAT,PERAWANG,RIAU,2380,1092420,SINAR MAS,GOLDEN PROFIT TRADING PTE LTD,SINGAPORE,QINZHOU,CHINA (MAINLAND)
2021,470200,ROYAL GOLDEN EAGLE,APRIL,FUTONG,RIAU,506,250671,ROYAL GOLDEN EAGLE,APRIL FAR EAST MALAYSIA SDN BHD,MALAYSIA,PORT KELANG,CHINA (MAINLAND)
2021,470200,ROYAL GOLDEN EAGLE,APRIL,FUTONG,RIAU,506,250521,ROYAL GOLDEN EAGLE,APRIL FAR EAST MALAYSIA SDN BHD,MALAYSIA,PORT KELANG,CHINA (MAINLAND)
2021,470200,ROYAL GOLDEN EAGLE,APRIL,FUTONG,RIAU,506,250652,ROYAL GOLDEN EAGLE,APRIL FAR EAST MALAYSIA SDN BHD,MALAYSIA,PORT KELANG,CHINA (MAINLAND)
2021,470200,ROYAL GOLDEN EAGLE,APRIL,FUTONG,RIAU,506,250572,ROYAL GOLDEN EAGLE,APRIL FAR EAST MALAYSIA SDN BHD,MALAYSIA,PORT KELANG,CHINA (MAINLAND)
2021,470200,ROYAL GOLDEN EAGLE,APRIL,FUTONG,RIAU,507,250792,ROYAL GOLDEN EAGLE,APRIL FAR EAST MALAYSIA SDN BHD,MALAYSIA,PORT KELANG,CHINA (MAINLAND)
2021,470329,SINAR MAS,INDAH KIAT,PERAWANG,RIAU,500,235558,SINAR MAS,GOLDEN PROFIT TRADING PTE LTD,SINGAPORE,LAT KRABANG,THAILAND
2021,470329,ROYAL GOLDEN EAGLE,APRIL,FUTONG,RIAU,502,198349,ROYAL GOLDEN EAGLE,APRIL INTERNATIONAL ENTEPRISE PTE LTD,SINGAPORE,SINGAPORE,BANGLADESH
2021,470329,ROYAL GOLDEN EAGLE,APRIL,FUTONG,RIAU,503,198618,ROYAL GOLDEN EAGLE,APRIL INTERNATIONAL ENTEPRISE PTE LTD,SINGAPORE,SINGAPORE,BANGLADESH
2021,470329,ROYAL GOLDEN EAGLE,APRIL,FUTONG,RIAU,161,63417,ROYAL GOLDEN EAGLE,APRIL INTERNATIONAL ENTEPRISE PTE LTD,SINGAPORE,SINGAPORE,VIETNAM
2021,470329,ROYAL GOLDEN EAGLE,APRIL,FUTONG,RIAU,60,23792,ROYAL GOLDEN EAGLE,APRIL INTERNATIONAL ENTEPRISE PTE LTD,SINGAPORE,SINGAPORE,INDIA
2021,470329,ROYAL GOLDEN EAGLE,APRIL,FUTONG,RIAU,502,198183,ROYAL GOLDEN EAGLE,APRIL INTERNATIONAL ENTEPRISE PTE LTD,SINGAPORE,SINGAPORE,INDIA
2021,470200,ROYAL GOLDEN EAGLE,APRIL,FUTONG,RIAU,506,250495,ROYAL GOLDEN EAGLE,APRIL FAR EAST MALAYSIA SDN BHD,MALAYSIA,SINGAPORE,CHINA (MAINLAND)
2021,470329,ROYAL GOLDEN EAGLE,APRIL,FUTONG,RIAU,502,198388,ROYAL GOLDEN EAGLE,APRIL INTERNATIONAL ENTEPRISE PTE LTD,SINGAPORE,SINGAPORE,INDIA
2021,470329,SINAR MAS,INDAH KIAT,PERAWANG,RIAU,1000,486684,SINAR MAS,GOLDEN PROFIT TRADING PTE LTD,SINGAPORE,SHUAIBA,KUWAIT
2021,470329,ROYAL GOLDEN EAGLE,APRIL,FUTONG,RIAU,201,79430,ROYAL GOLDEN EAGLE,APRIL INTERNATIONAL ENTEPRISE PTE LTD,SINGAPORE,SINGAPORE,INDIA
2021,470329,ROYAL GOLDEN EAGLE,APRIL,FUTONG,RIAU,201,79404,ROYAL GOLDEN EAGLE,APRIL INTERNATIONAL ENTEPRISE PTE LTD,SINGAPORE,SINGAPORE,INDIA
2021,470329,ROYAL GOLDEN EAGLE,APRIL,FUTONG,RIAU,201,79365,ROYAL GOLDEN EAGLE,APRIL INTERNATIONAL ENTEPRISE PTE LTD,SINGAPORE,SINGAPORE,INDIA
2021,470329,ROYAL GOLDEN EAGLE,APRIL,FUTONG,RIAU,301,119040,ROYAL GOLDEN EAGLE,APRIL INTERNATIONAL ENTEPRISE PTE LTD,SINGAPORE,SINGAPORE,INDIA
2021,470329,SINAR MAS,INDAH KIAT,PERAWANG,RIAU,260,121599,SINAR MAS,GOLDEN PROFIT TRADING PTE LTD,SINGAPORE,CAT LAI,VIETNAM
2021,470329,SINAR MAS,INDAH KIAT,PERAWANG,RIAU,300,145217,SINAR MAS,GOLDEN PROFIT TRADING PTE LTD,SINGAPORE,CAT LAI,VIETNAM
2021,470329,ROYAL GOLDEN EAGLE,APRIL,FUTONG,RIAU,202,79603,ROYAL GOLDEN EAGLE,APRIL INTERNATIONAL ENTEPRISE PTE LTD,SINGAPORE,SINGAPORE,INDIA
2021,470329,ROYAL GOLDEN EAGLE,APRIL,FUTONG,RIAU,201,79355,ROYAL GOLDEN EAGLE,APRIL INTERNATIONAL ENTEPRISE PTE LTD,SINGAPORE,SINGAPORE,INDIA
2021,470329,ROYAL GOLDEN EAGLE,APRIL,FUTONG,RIAU,20,7922,ROYAL GOLDEN EAGLE,APRIL INTERNATIONAL ENTEPRISE PTE LTD,SINGAPORE,SINGAPORE,INDIA
2021,470200,ROYAL GOLDEN EAGLE,APRIL,FUTONG,RIAU,506,250397,ROYAL GOLDEN EAGLE,APRIL FAR EAST MALAYSIA SDN BHD,MALAYSIA,PORT KELANG,CHINA (MAINLAND)
2021,470329,ROYAL GOLDEN EAGLE,APRIL,BUATAN,RIAU,398,157283,ROYAL GOLDEN EAGLE,APRIL INTERNATIONAL ENTEPRISE PTE LTD,SINGAPORE,SINGAPORE,DJIBOUTI
2021,470329,ROYAL GOLDEN EAGLE,APRIL,BUATAN,RIAU,78,30929,ROYAL GOLDEN EAGLE,APRIL INTERNATIONAL ENTEPRISE PTE LTD,SINGAPORE,SINGAPORE,DJIBOUTI
2021,470200,ROYAL GOLDEN EAGLE,APRIL,FUTONG,RIAU,506,250508,ROYAL GOLDEN EAGLE,APRIL FAR EAST MALAYSIA SDN BHD,MALAYSIA,PORT KELANG,CHINA (MAINLAND)
2021,470200,ROYAL GOLDEN EAGLE,APRIL,FUTONG,RIAU,506,250378,ROYAL GOLDEN EAGLE,APRIL FAR EAST MALAYSIA SDN BHD,MALAYSIA,PORT KELANG,CHINA (MAINLAND)
2021,470200,ROYAL GOLDEN EAGLE,APRIL,FUTONG,RIAU,506,250403,ROYAL GOLDEN EAGLE,APRIL FAR EAST MALAYSIA SDN BHD,MALAYSIA,PORT KELANG,CHINA (MAINLAND)
2021,470200,ROYAL GOLDEN EAGLE,APRIL,FUTONG,RIAU,506,250357,ROYAL GOLDEN EAGLE,APRIL FAR EAST MALAYSIA SDN BHD,MALAYSIA,PORT KELANG,CHINA (MAINLAND)
2021,470200,ROYAL GOLDEN EAGLE,APRIL,FUTONG,RIAU,506,250417,ROYAL GOLDEN EAGLE,APRIL FAR EAST MALAYSIA SDN BHD,MALAYSIA,PORT KELANG,CHINA (MAINLAND)
2021,470200,ROYAL GOLDEN EAGLE,TOBA PULP LESTARI,BELAWAN,SUMATERA UTARA,712,459685,UNKNOWN AFFILIATION,GREENPOINT GLOBAL TRADING (MACAO COMMERCIAL OFFSHORE) LTD,MACAO,QINGDAO,CHINA (MAINLAND)
2021,470200,ROYAL GOLDEN EAGLE,TOBA PULP LESTARI,BELAWAN,SUMATERA UTARA,503,324910,UNKNOWN AFFILIATION,GREENPOINT GLOBAL TRADING (MACAO COMMERCIAL OFFSHORE) LTD,MACAO,QINGDAO,CHINA (MAINLAND)
2021,470200,ROYAL GOLDEN EAGLE,TOBA PULP LESTARI,BELAWAN,SUMATERA UTARA,309,199415,UNKNOWN AFFILIATION,GREENPOINT GLOBAL TRADING (MACAO COMMERCIAL OFFSHORE) LTD,MACAO,QINGDAO,CHINA (MAINLAND)
2021,470200,ROYAL GOLDEN EAGLE,TOBA PULP LESTARI,BELAWAN,SUMATERA UTARA,499,322111,UNKNOWN AFFILIATION,GREENPOINT GLOBAL TRADING (MACAO COMMERCIAL OFFSHORE) LTD,MACAO,QINGDAO,CHINA (MAINLAND)
2021,470329,SINAR MAS,LONTAR PAPYRUS,KUALA TUNGKAL,JAMBI,401,179195,SINAR MAS,GOLDEN PROFIT TRADING PTE LTD,SINGAPORE,HAIPHONG,VIETNAM
2021,470329,SINAR MAS,LONTAR PAPYRUS,KUALA TUNGKAL,JAMBI,402,185448,SINAR MAS,GOLDEN PROFIT TRADING PTE LTD,SINGAPORE,MANILA SOUTH HARBOUR,PHILIPPINES
2021,470329,SINAR MAS,OKI,SULTAN MAHMUD BADARUDDIN (U),SUMATERA SELATAN,5300,2393745,SINAR MAS,GOLDEN PROFIT TRADING PTE LTD,SINGAPORE,QINZHOU,CHINA (MAINLAND)
2021,470329,SINAR MAS,OKI,SULTAN MAHMUD BADARUDDIN (U),SUMATERA SELATAN,2200,993630,UNKNOWN AFFILIATION,FREELAND UNIVERSAL LTD,CHINA (HONG KONG),QINZHOU,CHINA (MAINLAND)
2021,470329,SINAR MAS,OKI,SULTAN MAHMUD BADARUDDIN (U),SUMATERA SELATAN,5500,2491500,SINAR MAS,GOLDEN PROFIT TRADING PTE LTD,SINGAPORE,MELBOURNE,AUSTRALIA
2021,470329,MARUBENI,TANJUNG ENIM LESTARI,PANJANG,SUMATERA SELATAN,202,93172,VINDA,VINDA PAPER (LIAONING) CO LTD,CHINA (MAINLAND),YINGKOU,CHINA (MAINLAND)
2021,470329,SINAR MAS,OKI,SULTAN MAHMUD BADARUDDIN (U),SUMATERA SELATAN,4500,2058300,UNKNOWN AFFILIATION,FREELAND UNIVERSAL LTD,CHINA (HONG KONG),NINGBO,CHINA (MAINLAND)
2021,470329,MARUBENI,TANJUNG ENIM LESTARI,PANJANG,SUMATERA SELATAN,96,45823,MARUBENI,MARUBENI CORP,JAPAN,SHIMIZU,JAPAN
2021,470329,SINAR MAS,OKI,SULTAN MAHMUD BADARUDDIN (U),SUMATERA SELATAN,15000,6861000,UNKNOWN AFFILIATION,BRIGHTENING SKY CO LTD,CHINA (HONG KONG),NINGBO,CHINA (MAINLAND)
2021,470329,MARUBENI,TANJUNG ENIM LESTARI,PANJANG,SUMATERA SELATAN,287,137758,MARUBENI,MARUBENI CORP,JAPAN,SHIMIZU,JAPAN
2021,470329,SINAR MAS,OKI,SULTAN MAHMUD BADARUDDIN (U),SUMATERA SELATAN,7000,3243800,UNKNOWN AFFILIATION,FREELAND UNIVERSAL LTD,CHINA (HONG KONG),NINGBO,CHINA (MAINLAND)
2021,470329,SINAR MAS,OKI,SULTAN MAHMUD BADARUDDIN (U),SUMATERA SELATAN,500,231700,UNKNOWN AFFILIATION,FREELAND UNIVERSAL LTD,CHINA (HONG KONG),NINGBO,CHINA (MAINLAND)
2021,470329,SINAR MAS,OKI,SULTAN MAHMUD BADARUDDIN (U),SUMATERA SELATAN,2000,910800,SINAR MAS,GOLDEN PROFIT TRADING PTE LTD,SINGAPORE,NINGBO,CHINA (MAINLAND)
2021,470329,SINAR MAS,OKI,SULTAN MAHMUD BADARUDDIN (U),SUMATERA SELATAN,1000,463400,SINAR MAS,GOLDEN PROFIT TRADING PTE LTD,SINGAPORE,NINGBO,CHINA (MAINLAND)
2021,470329,SINAR MAS,OKI,SULTAN MAHMUD BADARUDDIN (U),SUMATERA SELATAN,6000,2780400,SINAR MAS,GOLDEN PROFIT TRADING PTE LTD,SINGAPORE,CHANGSHU,CHINA (MAINLAND)
2021,470329,SINAR MAS,OKI,SULTAN MAHMUD BADARUDDIN (U),SUMATERA SELATAN,10000,4634000,SINAR MAS,GOLDEN PROFIT TRADING PTE LTD,SINGAPORE,CHANGSHU,CHINA (MAINLAND)
2021,470329,SINAR MAS,OKI,SULTAN MAHMUD BADARUDDIN (U),SUMATERA SELATAN,10000,4634000,SINAR MAS,GOLDEN PROFIT TRADING PTE LTD,SINGAPORE,CHANGSHU,CHINA (MAINLAND)
2021,470329,SINAR MAS,OKI,SULTAN MAHMUD BADARUDDIN (U),SUMATERA SELATAN,6000,2718000,SINAR MAS,GOLDEN PROFIT TRADING PTE LTD,SINGAPORE,AD DAMMAM,SAUDI ARABIA
2021,470329,MARUBENI,TANJUNG ENIM LESTARI,TARAHAN,SUMATERA SELATAN,182,72544,VINDA,VINDA PAPER NORTH (BEIJING) CO LTD,CHINA (MAINLAND),XINGANG,CHINA (MAINLAND)
2021,470329,MARUBENI,TANJUNG ENIM LESTARI,TARAHAN,SUMATERA SELATAN,1807,808476,UNKNOWN AFFILIATION,TRICELL (HK) LTD,CHINA (HONG KONG),XINGANG,CHINA (MAINLAND)
2021,470329,MARUBENI,TANJUNG ENIM LESTARI,TARAHAN,SUMATERA SELATAN,904,404365,UNKNOWN AFFILIATION,TRICELL (HK) LTD,CHINA (HONG KONG),XINGANG,CHINA (MAINLAND)
2021,470329,MARUBENI,TANJUNG ENIM LESTARI,TARAHAN,SUMATERA SELATAN,2711,1186884,VINDA,VINDA PAPER (CHINA) CO LTD,CHINA (MAINLAND),GAOLAN,CHINA (MAINLAND)
2021,470329,MARUBENI,TANJUNG ENIM LESTARI,TARAHAN,SUMATERA SELATAN,302,136974,HANSOL,HANSOL PAPER CO LTD,SOUTH KOREA,PYONGTAEK,SOUTH KOREA
2021,470329,MARUBENI,TANJUNG ENIM LESTARI,TARAHAN,SUMATERA SELATAN,1000,491173,HONG WON,HONG WON PAPER MFG CO LTD,SOUTH KOREA,PYONGTAEK,SOUTH KOREA
2021,470329,MARUBENI,TANJUNG ENIM LESTARI,TARAHAN,SUMATERA SELATAN,1000,491247,HONG WON,HONG WON PAPER MFG CO LTD,SOUTH KOREA,PYONGTAEK,SOUTH KOREA
2021,470329,MARUBENI,TANJUNG ENIM LESTARI,TARAHAN,SUMATERA SELATAN,800,392817,HONG WON,HONG WON PAPER MFG CO LTD,SOUTH KOREA,PYONGTAEK,SOUTH KOREA
2021,470329,MARUBENI,TANJUNG ENIM LESTARI,TARAHAN,SUMATERA SELATAN,1001,491373,HONG WON,HONG WON PAPER MFG CO LTD,SOUTH KOREA,PYONGTAEK,SOUTH KOREA
2021,470329,MARUBENI,TANJUNG ENIM LESTARI,TARAHAN,SUMATERA SELATAN,502,251961,HANSOL,HANSOL PAPER CO LTD,SOUTH KOREA,PYONGTAEK,SOUTH KOREA
2021,470329,SINAR MAS,OKI,SULTAN MAHMUD BADARUDDIN (U),SUMATERA SELATAN,2000,906000,SINAR MAS,GOLDEN PROFIT TRADING PTE LTD,SINGAPORE,HALDIA,INDIA
2021,470329,SINAR MAS,OKI,SULTAN MAHMUD BADARUDDIN (U),SUMATERA SELATAN,4000,1812000,SINAR MAS,GOLDEN PROFIT TRADING PTE LTD,SINGAPORE,HALDIA,INDIA
2021,470329,SINAR MAS,OKI,SULTAN MAHMUD BADARUDDIN (U),SUMATERA SELATAN,400,181200,SINAR MAS,GOLDEN PROFIT TRADING PTE LTD,SINGAPORE,HALDIA,INDIA
2021,470329,SINAR MAS,OKI,SULTAN MAHMUD BADARUDDIN (U),SUMATERA SELATAN,5000,2265750,SINAR MAS,GOLDEN PROFIT TRADING PTE LTD,SINGAPORE,GUNSAN (ES KUNSAN),SOUTH KOREA
2021,470329,SINAR MAS,OKI,SULTAN MAHMUD BADARUDDIN (U),SUMATERA SELATAN,1500,679725,SINAR MAS,GOLDEN PROFIT TRADING PTE LTD,SINGAPORE,GUNSAN (ES KUNSAN),SOUTH KOREA
2021,470329,SINAR MAS,OKI,SULTAN MAHMUD BADARUDDIN (U),SUMATERA SELATAN,762,349872,SINAR MAS,GOLDEN PROFIT TRADING PTE LTD,SINGAPORE,CHANGSHU,CHINA (MAINLAND)
2021,470329,SINAR MAS,OKI,SULTAN MAHMUD BADARUDDIN (U),SUMATERA SELATAN,4738,2175453,UNKNOWN AFFILIATION,BRIGHTENING SKY CO LTD,CHINA (HONG KONG),CHANGSHU,CHINA (MAINLAND)
2021,470329,MARUBENI,TANJUNG ENIM LESTARI,PANJANG,SUMATERA SELATAN,192,88210,ANKIT,ANKIT PULPS AND BOARDS PVT LTD,INDIA,JAWAHARLAL NEHRU (NHAVA S,INDIA
2021,470329,MARUBENI,TANJUNG ENIM LESTARI,PANJANG,SUMATERA SELATAN,104,47975,UNKNOWN AFFILIATION,NB ENTREPRENEURS,INDIA,JAWAHARLAL NEHRU (NHAVA S,INDIA
2021,470329,MARUBENI,TANJUNG ENIM LESTARI,PANJANG,SUMATERA SELATAN,106,53854,UNKNOWN AFFILIATION,VECHEM ORGANICS PVT LTD,INDIA,JAWAHARLAL NEHRU (NHAVA S,INDIA
2021,470329,MARUBENI,TANJUNG ENIM LESTARI,PANJANG,SUMATERA SELATAN,486,263983,UNKNOWN AFFILIATION,ELITE KRAFT PAPER CO LTD,THAILAND,LAEM CHABANG,THAILAND
2021,470329,MARUBENI,TANJUNG ENIM LESTARI,PANJANG,SUMATERA SELATAN,233,89171,VINDA,VINDA PAPER (SI CHUAN) CO LTD,CHINA (MAINLAND),CHONGQING,CHINA (MAINLAND)
2021,470329,MARUBENI,TANJUNG ENIM LESTARI,PANJANG,SUMATERA SELATAN,190,87801,VINDA,VINDA PAPER (LIAONING) CO LTD,CHINA (MAINLAND),YINGKOU,CHINA (MAINLAND)
2021,470329,SINAR MAS,OKI,SULTAN MAHMUD BADARUDDIN (U),SUMATERA SELATAN,5238,2381457,UNKNOWN AFFILIATION,FREELAND UNIVERSAL LTD,CHINA (HONG KONG),CHANGSHU,CHINA (MAINLAND)
2021,470329,SINAR MAS,OKI,SULTAN MAHMUD BADARUDDIN (U),SUMATERA SELATAN,2500,1136625,UNKNOWN AFFILIATION,FREELAND UNIVERSAL LTD,CHINA (HONG KONG),CHANGSHU,CHINA (MAINLAND)
2021,470329,SINAR MAS,OKI,SULTAN MAHMUD BADARUDDIN (U),SUMATERA SELATAN,2500,1136625,UNKNOWN AFFILIATION,FREELAND UNIVERSAL LTD,CHINA (HONG KONG),CHANGSHU,CHINA (MAINLAND)
2021,470329,SINAR MAS,OKI,SULTAN MAHMUD BADARUDDIN (U),SUMATERA SELATAN,262,120690,UNKNOWN AFFILIATION,BRIGHTENING SKY CO LTD,CHINA (HONG KONG),CHANGSHU,CHINA (MAINLAND)
2021,470329,SINAR MAS,OKI,SULTAN MAHMUD BADARUDDIN (U),SUMATERA SELATAN,5000,2303250,SINAR MAS,GOLDEN PROFIT TRADING PTE LTD,SINGAPORE,CHANGSHU,CHINA (MAINLAND)
2021,470329,SINAR MAS,OKI,SULTAN MAHMUD BADARUDDIN (U),SUMATERA SELATAN,2000,903300,UNKNOWN AFFILIATION,FREELAND UNIVERSAL LTD,CHINA (HONG KONG),NINGBO,CHINA (MAINLAND)
2021,470329,SINAR MAS,OKI,SULTAN MAHMUD BADARUDDIN (U),SUMATERA SELATAN,6500,2935725,SINAR MAS,GOLDEN PROFIT TRADING PTE LTD,SINGAPORE,SHANGHAI,CHINA (MAINLAND)
2021,470329,SINAR MAS,OKI,SULTAN MAHMUD BADARUDDIN (U),SUMATERA SELATAN,5000,2288250,UNKNOWN AFFILIATION,FREELAND UNIVERSAL LTD,CHINA (HONG KONG),NINGBO,CHINA (MAINLAND)
2021,470329,SINAR MAS,OKI,SULTAN MAHMUD BADARUDDIN (U),SUMATERA SELATAN,5500,2517075,UNKNOWN AFFILIATION,FREELAND UNIVERSAL LTD,CHINA (HONG KONG),NINGBO,CHINA (MAINLAND)
2021,470329,SINAR MAS,OKI,SULTAN MAHMUD BADARUDDIN (U),SUMATERA SELATAN,2000,915300,UNKNOWN AFFILIATION,BRIGHTENING SKY CO LTD,CHINA (HONG KONG),SHANGHAI,CHINA (MAINLAND)
2021,470329,SINAR MAS,OKI,SULTAN MAHMUD BADARUDDIN (U),SUMATERA SELATAN,5000,2288250,UNKNOWN AFFILIATION,BRIGHTENING SKY CO LTD,CHINA (HONG KONG),SHANGHAI,CHINA (MAINLAND)
2021,470329,SINAR MAS,OKI,SULTAN MAHMUD BADARUDDIN (U),SUMATERA SELATAN,3000,1348950,SINAR MAS,GOLDEN PROFIT TRADING PTE LTD,SINGAPORE,SHANGHAI,CHINA (MAINLAND)
2021,470329,SINAR MAS,OKI,SULTAN MAHMUD BADARUDDIN (U),SUMATERA SELATAN,3000,1372950,UNKNOWN AFFILIATION,FREELAND UNIVERSAL LTD,CHINA (HONG KONG),NINGBO,CHINA (MAINLAND)
2021,470329,SINAR MAS,OKI,SULTAN MAHMUD BADARUDDIN (U),SUMATERA SELATAN,5000,2288250,CHINA UNION,CHINA UNION (MACAO COMMERCIAL OFFSHORE) CO LTD,MACAO,NINGBO,CHINA (MAINLAND)
2021,470329,SINAR MAS,OKI,SULTAN MAHMUD BADARUDDIN (U),SUMATERA SELATAN,2000,915300,UNKNOWN AFFILIATION,FREELAND UNIVERSAL LTD,CHINA (HONG KONG),SHANGHAI,CHINA (MAINLAND)
2021,470329,SINAR MAS,OKI,SULTAN MAHMUD BADARUDDIN (U),SUMATERA SELATAN,2000,903300,UNKNOWN AFFILIATION,FREELAND UNIVERSAL LTD,CHINA (HONG KONG),NINGBO,CHINA (MAINLAND)
2021,470329,SINAR MAS,OKI,SULTAN MAHMUD BADARUDDIN (U),SUMATERA SELATAN,5000,2288250,SINAR MAS,GOLDEN PROFIT TRADING PTE LTD,SINGAPORE,NINGBO,CHINA (MAINLAND)
2021,470329,MARUBENI,TANJUNG ENIM LESTARI,TARAHAN,SUMATERA SELATAN,1804,861858,UNKNOWN AFFILIATION,KING ADVANCEMENT DEVELOPMENT (HONG KONG) LTD,CHINA (HONG KONG),QINGDAO,CHINA (MAINLAND)
2021,470329,MARUBENI,TANJUNG ENIM LESTARI,TARAHAN,SUMATERA SELATAN,1805,862034,UNKNOWN AFFILIATION,KING ADVANCEMENT DEVELOPMENT (HONG KONG) LTD,CHINA (HONG KONG),QINGDAO,CHINA (MAINLAND)
2021,470329,MARUBENI,TANJUNG ENIM LESTARI,TARAHAN,SUMATERA SELATAN,902,430870,JIANGHE PAPER,HENAN JIANGHE PAPER CO LTD,CHINA (MAINLAND),QINGDAO,CHINA (MAINLAND)
2021,470329,MARUBENI,TANJUNG ENIM LESTARI,TARAHAN,SUMATERA SELATAN,903,431397,JIANGHE PAPER,HENAN JIANGHE PAPER CO LTD,CHINA (MAINLAND),QINGDAO,CHINA (MAINLAND)
2021,470329,MARUBENI,TANJUNG ENIM LESTARI,TARAHAN,SUMATERA SELATAN,181,86280,UNKNOWN AFFILIATION,TRICELL (HK) LTD,CHINA (HONG KONG),QINGDAO,CHINA (MAINLAND)
2021,470329,MARUBENI,TANJUNG ENIM LESTARI,TARAHAN,SUMATERA SELATAN,2526,1206471,UNKNOWN AFFILIATION,KING ADVANCEMENT DEVELOPMENT (HONG KONG) LTD,CHINA (HONG KONG),QINGDAO,CHINA (MAINLAND)
2021,470329,MARUBENI,TANJUNG ENIM LESTARI,TARAHAN,SUMATERA SELATAN,1068,588807,HONG WON,HONG WON PAPER MFG CO LTD,SOUTH KOREA,PYONGTAEK,SOUTH KOREA
2021,470329,MARUBENI,TANJUNG ENIM LESTARI,TARAHAN,SUMATERA SELATAN,388,214070,HONG WON,HONG WON PAPER MFG CO LTD,SOUTH KOREA,PYONGTAEK,SOUTH KOREA
2021,470329,MARUBENI,TANJUNG ENIM LESTARI,PANJANG,SUMATERA SELATAN,466,186399,VINDA,VINDA PERSONAL CARE (CHINA) LTD,CHINA (MAINLAND),WUHAN,CHINA (MAINLAND)
2021,470329,MARUBENI,TANJUNG ENIM LESTARI,PANJANG,SUMATERA SELATAN,465,185856,VINDA,VINDA PERSONAL CARE (CHINA) LTD,CHINA (MAINLAND),WUHAN,CHINA (MAINLAND)
2021,470329,MARUBENI,TANJUNG ENIM LESTARI,PANJANG,SUMATERA SELATAN,275,127918,UNKNOWN AFFILIATION,NIBONG TEBAL PAPER MILL SDN BHD,MALAYSIA,PENANG (GEORGETOWN),MALAYSIA
2021,470329,MARUBENI,TANJUNG ENIM LESTARI,PANJANG,SUMATERA SELATAN,463,185200,VINDA,VINDA PERSONAL CARE (CHINA) LTD,CHINA (MAINLAND),WUHAN,CHINA (MAINLAND)
2021,470329,MARUBENI,TANJUNG ENIM LESTARI,PANJANG,SUMATERA SELATAN,469,181088,VINDA,VINDA PAPER (SI CHUAN) CO LTD,CHINA (MAINLAND),CHONGQING,CHINA (MAINLAND)
2021,470329,MARUBENI,TANJUNG ENIM LESTARI,PANJANG,SUMATERA SELATAN,275,145301,NTPM HOLDINGS BHD,NTPM (VIETNAM) CO LTD,VIETNAM,CAT LAI,VIETNAM
2021,470329,MARUBENI,TANJUNG ENIM LESTARI,PANJANG,SUMATERA SELATAN,104,52820,UNKNOWN AFFILIATION,NB ENTREPRENEURS,INDIA,JAWAHARLAL NEHRU (NHAVA S,INDIA
2021,470329,MARUBENI,TANJUNG ENIM LESTARI,PANJANG,SUMATERA SELATAN,106,53827,UNKNOWN AFFILIATION,VECHEM ORGANICS PVT LTD,INDIA,JAWAHARLAL NEHRU (NHAVA S,INDIA
2021,470329,MARUBENI,TANJUNG ENIM LESTARI,PANJANG,SUMATERA SELATAN,105,53484,UNKNOWN AFFILIATION,VECHEM ORGANICS PVT LTD,INDIA,JAWAHARLAL NEHRU (NHAVA S,INDIA
2021,470329,MARUBENI,TANJUNG ENIM LESTARI,PANJANG,SUMATERA SELATAN,463,177522,VINDA,VINDA PAPER (SI CHUAN) CO LTD,CHINA (MAINLAND),CHONGQING,CHINA (MAINLAND)
2021,470329,MARUBENI,TANJUNG ENIM LESTARI,PANJANG,SUMATERA SELATAN,471,217531,VINDA,VINDA PAPER (LIAONING) CO LTD,CHINA (MAINLAND),YINGKOU,CHINA (MAINLAND)
2021,470329,MARUBENI,TANJUNG ENIM LESTARI,PANJANG,SUMATERA SELATAN,555,256366,VINDA,VINDA PAPER (LIAONING) CO LTD,CHINA (MAINLAND),YINGKOU,CHINA (MAINLAND)
2021,470329,MARUBENI,TANJUNG ENIM LESTARI,PANJANG,SUMATERA SELATAN,467,210481,VINDA,VINDA PAPER (SI CHUAN) CO LTD,CHINA (MAINLAND),CHONGQING,CHINA (MAINLAND)
2021,470329,MARUBENI,TANJUNG ENIM LESTARI,PANJANG,SUMATERA SELATAN,232,89808,VINDA,VINDA PAPER (SI CHUAN) CO LTD,CHINA (MAINLAND),CHONGQING,CHINA (MAINLAND)
2021,470329,MARUBENI,TANJUNG ENIM LESTARI,PANJANG,SUMATERA SELATAN,467,186593,VINDA,VINDA PERSONAL CARE (CHINA) LTD,CHINA (MAINLAND),WUHAN,CHINA (MAINLAND)
2021,470329,MARUBENI,TANJUNG ENIM LESTARI,PANJANG,SUMATERA SELATAN,467,218055,VINDA,VINDA PERSONAL CARE (CHINA) LTD,CHINA (MAINLAND),WUHAN,CHINA (MAINLAND)
2021,470329,MARUBENI,TANJUNG ENIM LESTARI,PANJANG,SUMATERA SELATAN,465,214842,VINDA,VINDA PAPER (SI CHUAN) CO LTD,CHINA (MAINLAND),CHONGQING,CHINA (MAINLAND)
2021,470329,MARUBENI,TANJUNG ENIM LESTARI,PANJANG,SUMATERA SELATAN,468,202846,VINDA,VINDA PAPER (ZHEJIANG) CO LTD,CHINA (MAINLAND),NINGBO,CHINA (MAINLAND)
2021,470329,MARUBENI,TANJUNG ENIM LESTARI,PANJANG,SUMATERA SELATAN,276,146943,UNKNOWN AFFILIATION,NIBONG TEBAL PAPER MILL SDN BHD,MALAYSIA,PENANG (GEORGETOWN),MALAYSIA
2021,470329,MARUBENI,TANJUNG ENIM LESTARI,PANJANG,SUMATERA SELATAN,98,53425,MARUBENI,MARUBENI CORP,JAPAN,SHIMIZU,JAPAN
2021,470329,MARUBENI,TANJUNG ENIM LESTARI,PANJANG,SUMATERA SELATAN,96,52525,MARUBENI,MARUBENI CORP,JAPAN,SHIMIZU,JAPAN
2021,470329,MARUBENI,TANJUNG ENIM LESTARI,PANJANG,SUMATERA SELATAN,95,52135,NIPPON PAPER,NIPPON PAPER INDUSTRIES CO LTD,JAPAN,SHIMIZU,JAPAN
2021,470329,MARUBENI,TANJUNG ENIM LESTARI,PANJANG,SUMATERA SELATAN,96,52578,NIPPON PAPER,NIPPON PAPER INDUSTRIES CO LTD,JAPAN,OSAKA,JAPAN
2021,470329,MARUBENI,TANJUNG ENIM LESTARI,PANJANG,SUMATERA SELATAN,192,122492,SAIGON,SAIGON PAPER CORP,VIETNAM,CAT LAI,VIETNAM
2021,470329,MARUBENI,TANJUNG ENIM LESTARI,PANJANG,SUMATERA SELATAN,466,253407,VINDA,VINDA PAPER (CHINA) CO LTD,CHINA (MAINLAND),XINHUI,CHINA (MAINLAND)
2021,470329,MARUBENI,TANJUNG ENIM LESTARI,PANJANG,SUMATERA SELATAN,231,125609,VINDA,VINDA PAPER (CHINA) CO LTD,CHINA (MAINLAND),XINHUI,CHINA (MAINLAND)
2021,470329,MARUBENI,TANJUNG ENIM LESTARI,PANJANG,SUMATERA SELATAN,188,95403,ANKIT,ANKIT PULPS AND BOARDS PVT LTD,INDIA,JAWAHARLAL NEHRU (NHAVA S,INDIA
2021,470329,MARUBENI,TANJUNG ENIM LESTARI,PANJANG,SUMATERA SELATAN,466,202007,VINDA,VINDA PAPER (ZHEJIANG) CO LTD,CHINA (MAINLAND),NINGBO,CHINA (MAINLAND)
2021,470329,MARUBENI,TANJUNG ENIM LESTARI,PANJANG,SUMATERA SELATAN,236,126966,VINDA,VINDA PAPER (LIAONING) CO LTD,CHINA (MAINLAND),YINGKOU,CHINA (MAINLAND)
2021,470329,MARUBENI,TANJUNG ENIM LESTARI,PANJANG,SUMATERA SELATAN,105,42963,UNKNOWN AFFILIATION,GURUKRUPA KRAFTS PVT LTD,INDIA,PIPAVAV (VICTOR) PORT,INDIA
2021,470329,MARUBENI,TANJUNG ENIM LESTARI,PANJANG,SUMATERA SELATAN,287,156639,DAIO PAPER CORP,TOKYO PULP AND PAPER INTERNATIONAL CO LTD,JAPAN,TOMAKOMAI,JAPAN
2021,470329,MARUBENI,TANJUNG ENIM LESTARI,PANJANG,SUMATERA SELATAN,276,149316,C.A.S,C.A.S PAPER MILL CO LTD,THAILAND,LAEM CHABANG,THAILAND
2021,470329,MARUBENI,TANJUNG ENIM LESTARI,PANJANG,SUMATERA SELATAN,465,216972,VINDA,VINDA PERSONAL CARE (CHINA) LTD,CHINA (MAINLAND),WUHAN,CHINA (MAINLAND)
2021,470329,MARUBENI,TANJUNG ENIM LESTARI,PANJANG,SUMATERA SELATAN,464,216329,VINDA,VINDA PERSONAL CARE (CHINA) LTD,CHINA (MAINLAND),WUHAN,CHINA (MAINLAND)
2021,470329,MARUBENI,TANJUNG ENIM LESTARI,PANJANG,SUMATERA SELATAN,467,253569,VINDA,VINDA PERSONAL CARE (CHINA) LTD,CHINA (MAINLAND),WUHAN,CHINA (MAINLAND)
2021,470329,ROYAL GOLDEN EAGLE,APRIL,BUATAN,RIAU,60,23806,ROYAL GOLDEN EAGLE,APRIL INTERNATIONAL ENTEPRISE PTE LTD,SINGAPORE,SINGAPORE,INDIA
2021,470329,MARUBENI,TANJUNG ENIM LESTARI,PANJANG,SUMATERA SELATAN,469,253834,VINDA,VINDA PAPER (SI CHUAN) CO LTD,CHINA (MAINLAND),CHONGQING,CHINA (MAINLAND)
2021,470329,ROYAL GOLDEN EAGLE,APRIL,BUATAN,RIAU,141,55588,ROYAL GOLDEN EAGLE,APRIL INTERNATIONAL ENTEPRISE PTE LTD,SINGAPORE,SINGAPORE,VIETNAM
2021,470329,ROYAL GOLDEN EAGLE,APRIL,BUATAN,RIAU,60,23837,ROYAL GOLDEN EAGLE,APRIL INTERNATIONAL ENTEPRISE PTE LTD,SINGAPORE,SINGAPORE,INDIA
2021,470200,ROYAL GOLDEN EAGLE,APRIL,BUATAN,RIAU,506,303289,ROYAL GOLDEN EAGLE,APRIL FAR EAST MALAYSIA SDN BHD,MALAYSIA,SINGAPORE,CHINA (MAINLAND)
2021,470329,MARUBENI,TANJUNG ENIM LESTARI,PANJANG,SUMATERA SELATAN,465,252658,VINDA,VINDA PAPER (CHINA) CO LTD,CHINA (MAINLAND),XINHUI,CHINA (MAINLAND)
2021,470200,ROYAL GOLDEN EAGLE,APRIL,FUTONG,RIAU,11277,6738859,ROYAL GOLDEN EAGLE,APRIL FAR EAST MALAYSIA SDN BHD,MALAYSIA,LIANYUNGANG,CHINA (MAINLAND)
2021,470329,SINAR MAS,INDAH KIAT,PERAWANG,RIAU,1000,447750,SINAR MAS,GOLDEN PROFIT TRADING PTE LTD,SINGAPORE,ABU DHABI,UNITED ARAB EMIRATES
2021,470329,ROYAL GOLDEN EAGLE,APRIL,BUATAN,RIAU,302,127885,ROYAL GOLDEN EAGLE,APRIL INTERNATIONAL ENTEPRISE PTE LTD,SINGAPORE,SINGAPORE,VIETNAM
2021,470329,ROYAL GOLDEN EAGLE,APRIL,FUTONG,RIAU,5176,2153862,ROYAL GOLDEN EAGLE,APRIL FAR EAST MALAYSIA SDN BHD,MALAYSIA,CHANGSHU,CHINA (MAINLAND)
2021,470200,ROYAL GOLDEN EAGLE,APRIL,FUTONG,RIAU,5278,2612610,ROYAL GOLDEN EAGLE,APRIL FAR EAST MALAYSIA SDN BHD,MALAYSIA,XIUYING,CHINA (MAINLAND)
2021,470329,SINAR MAS,INDAH KIAT,PERAWANG,RIAU,1300,598000,CHINA UNION,CHINA UNION (MACAO COMMERCIAL OFFSHORE) CO LTD,MACAO,CHANGSHU,CHINA (MAINLAND)
2021,470329,SINAR MAS,INDAH KIAT,PERAWANG,RIAU,10200,4671600,CHINA UNION,CHINA UNION (MACAO COMMERCIAL OFFSHORE) CO LTD,MACAO,CHANGSHU,CHINA (MAINLAND)
2021,470329,SINAR MAS,INDAH KIAT,PERAWANG,RIAU,240,112245,SINAR MAS,GOLDEN PROFIT TRADING PTE LTD,SINGAPORE,CAT LAI,VIETNAM
2021,470329,SINAR MAS,INDAH KIAT,PERAWANG,RIAU,200,96812,SINAR MAS,GOLDEN PROFIT TRADING PTE LTD,SINGAPORE,CAT LAI,VIETNAM
2021,470329,ROYAL GOLDEN EAGLE,APRIL,FUTONG,RIAU,10150,4303600,ROYAL GOLDEN EAGLE,APRIL INTERNATIONAL ENTEPRISE PTE LTD,SINGAPORE,CHITTAGONG,BANGLADESH
2021,470329,ROYAL GOLDEN EAGLE,APRIL,FUTONG,RIAU,3096,1297880,ROYAL GOLDEN EAGLE,APRIL FAR EAST MALAYSIA SDN BHD,MALAYSIA,IYOMISHIMA,JAPAN
2021,470329,ROYAL GOLDEN EAGLE,APRIL,FUTONG,RIAU,7105,2991916,ROYAL GOLDEN EAGLE,APRIL FAR EAST MALAYSIA SDN BHD,MALAYSIA,NINGBO,CHINA (MAINLAND)
2021,470329,ROYAL GOLDEN EAGLE,APRIL,BUATAN,RIAU,241,102311,ROYAL GOLDEN EAGLE,APRIL INTERNATIONAL ENTEPRISE PTE LTD,SINGAPORE,SINGAPORE,PAKISTAN
2021,470329,ROYAL GOLDEN EAGLE,APRIL,BUATAN,RIAU,40,15865,ROYAL GOLDEN EAGLE,APRIL INTERNATIONAL ENTEPRISE PTE LTD,SINGAPORE,SINGAPORE,INDIA
2021,470329,SINAR MAS,INDAH KIAT,PERAWANG,RIAU,160,74788,SINAR MAS,GOLDEN PROFIT TRADING PTE LTD,SINGAPORE,KARACHI,PAKISTAN
2021,470329,SINAR MAS,INDAH KIAT,PERAWANG,RIAU,260,121530,SINAR MAS,GOLDEN PROFIT TRADING PTE LTD,SINGAPORE,KARACHI,PAKISTAN
2021,470200,ROYAL GOLDEN EAGLE,APRIL,FUTONG,RIAU,506,303345,ROYAL GOLDEN EAGLE,APRIL FAR EAST MALAYSIA SDN BHD,MALAYSIA,PORT KELANG,CHINA (MAINLAND)
2021,470329,SINAR MAS,INDAH KIAT,PERAWANG,RIAU,3000,1374000,SINAR MAS,GOLDEN PROFIT TRADING PTE LTD,SINGAPORE,QINZHOU,CHINA (MAINLAND)
2021,470329,SINAR MAS,INDAH KIAT,PERAWANG,RIAU,500,229000,SINAR MAS,GOLDEN PROFIT TRADING PTE LTD,SINGAPORE,QINZHOU,CHINA (MAINLAND)
2021,470329,SINAR MAS,INDAH KIAT,PERAWANG,RIAU,528,241824,SINAR MAS,GOLDEN PROFIT TRADING PTE LTD,SINGAPORE,QINZHOU,CHINA (MAINLAND)
2021,470329,SINAR MAS,INDAH KIAT,PERAWANG,RIAU,2672,1223776,SINAR MAS,GOLDEN PROFIT TRADING PTE LTD,SINGAPORE,QINZHOU,CHINA (MAINLAND)
2021,470329,ROYAL GOLDEN EAGLE,APRIL,BUATAN,RIAU,181,71434,ROYAL GOLDEN EAGLE,APRIL INTERNATIONAL ENTEPRISE PTE LTD,SINGAPORE,SINGAPORE,INDIA
2021,470200,ROYAL GOLDEN EAGLE,APRIL,FUTONG,RIAU,325,194819,ROYAL GOLDEN EAGLE,APRIL FAR EAST MALAYSIA SDN BHD,MALAYSIA,JIUJIANG,CHINA (MAINLAND)
2021,470200,ROYAL GOLDEN EAGLE,APRIL,FUTONG,RIAU,264,158170,ROYAL GOLDEN EAGLE,APRIL FAR EAST MALAYSIA SDN BHD,MALAYSIA,FUZHOU,CHINA (MAINLAND)
2021,470200,ROYAL GOLDEN EAGLE,APRIL,FUTONG,RIAU,506,303325,ROYAL GOLDEN EAGLE,APRIL FAR EAST MALAYSIA SDN BHD,MALAYSIA,FUZHOU,CHINA (MAINLAND)
2021,470200,ROYAL GOLDEN EAGLE,APRIL,FUTONG,RIAU,506,303085,ROYAL GOLDEN EAGLE,APRIL FAR EAST MALAYSIA SDN BHD,MALAYSIA,JIUJIANG,CHINA (MAINLAND)
2021,470200,ROYAL GOLDEN EAGLE,APRIL,FUTONG,RIAU,506,303033,ROYAL GOLDEN EAGLE,APRIL FAR EAST MALAYSIA SDN BHD,MALAYSIA,JIUJIANG,CHINA (MAINLAND)
2021,470200,ROYAL GOLDEN EAGLE,APRIL,FUTONG,RIAU,506,302854,ROYAL GOLDEN EAGLE,APRIL FAR EAST MALAYSIA SDN BHD,MALAYSIA,JIUJIANG,CHINA (MAINLAND)
2021,470200,ROYAL GOLDEN EAGLE,APRIL,FUTONG,RIAU,506,302909,ROYAL GOLDEN EAGLE,APRIL FAR EAST MALAYSIA SDN BHD,MALAYSIA,JIUJIANG,CHINA (MAINLAND)
2021,470200,ROYAL GOLDEN EAGLE,APRIL,FUTONG,RIAU,505,302782,ROYAL GOLDEN EAGLE,APRIL FAR EAST MALAYSIA SDN BHD,MALAYSIA,JIUJIANG,CHINA (MAINLAND)
2021,470200,ROYAL GOLDEN EAGLE,APRIL,FUTONG,RIAU,506,302921,ROYAL GOLDEN EAGLE,APRIL FAR EAST MALAYSIA SDN BHD,MALAYSIA,JIUJIANG,CHINA (MAINLAND)
2021,470200,ROYAL GOLDEN EAGLE,APRIL,FUTONG,RIAU,506,303345,ROYAL GOLDEN EAGLE,APRIL FAR EAST MALAYSIA SDN BHD,MALAYSIA,JIUJIANG,CHINA (MAINLAND)
2021,470200,ROYAL GOLDEN EAGLE,APRIL,FUTONG,RIAU,506,303311,ROYAL GOLDEN EAGLE,APRIL FAR EAST MALAYSIA SDN BHD,MALAYSIA,JIUJIANG,CHINA (MAINLAND)
2021,470200,ROYAL GOLDEN EAGLE,APRIL,FUTONG,RIAU,506,303093,ROYAL GOLDEN EAGLE,APRIL FAR EAST MALAYSIA SDN BHD,MALAYSIA,JIUJIANG,CHINA (MAINLAND)
2021,470200,ROYAL GOLDEN EAGLE,APRIL,FUTONG,RIAU,506,303168,ROYAL GOLDEN EAGLE,APRIL FAR EAST MALAYSIA SDN BHD,MALAYSIA,JIUJIANG,CHINA (MAINLAND)
2021,470200,ROYAL GOLDEN EAGLE,APRIL,FUTONG,RIAU,506,303179,ROYAL GOLDEN EAGLE,APRIL FAR EAST MALAYSIA SDN BHD,MALAYSIA,JIUJIANG,CHINA (MAINLAND)
2021,470200,ROYAL GOLDEN EAGLE,APRIL,FUTONG,RIAU,506,303087,ROYAL GOLDEN EAGLE,APRIL FAR EAST MALAYSIA SDN BHD,MALAYSIA,FUZHOU,CHINA (MAINLAND)
2021,470200,ROYAL GOLDEN EAGLE,APRIL,FUTONG,RIAU,506,302980,ROYAL GOLDEN EAGLE,APRIL FAR EAST MALAYSIA SDN BHD,MALAYSIA,FUZHOU,CHINA (MAINLAND)
2021,470200,ROYAL GOLDEN EAGLE,APRIL,FUTONG,RIAU,505,302609,ROYAL GOLDEN EAGLE,APRIL FAR EAST MALAYSIA SDN BHD,MALAYSIA,FUZHOU,CHINA (MAINLAND)
2021,470200,ROYAL GOLDEN EAGLE,APRIL,FUTONG,RIAU,506,303228,ROYAL GOLDEN EAGLE,APRIL FAR EAST MALAYSIA SDN BHD,MALAYSIA,FUZHOU,CHINA (MAINLAND)
2021,470200,ROYAL GOLDEN EAGLE,APRIL,FUTONG,RIAU,506,303283,ROYAL GOLDEN EAGLE,APRIL FAR EAST MALAYSIA SDN BHD,MALAYSIA,JIUJIANG,CHINA (MAINLAND)
2021,470200,ROYAL GOLDEN EAGLE,APRIL,FUTONG,RIAU,506,303201,ROYAL GOLDEN EAGLE,APRIL FAR EAST MALAYSIA SDN BHD,MALAYSIA,JIUJIANG,CHINA (MAINLAND)
2021,470200,ROYAL GOLDEN EAGLE,APRIL,FUTONG,RIAU,506,303277,ROYAL GOLDEN EAGLE,APRIL FAR EAST MALAYSIA SDN BHD,MALAYSIA,JIUJIANG,CHINA (MAINLAND)
2021,470200,ROYAL GOLDEN EAGLE,APRIL,FUTONG,RIAU,506,303321,ROYAL GOLDEN EAGLE,APRIL FAR EAST MALAYSIA SDN BHD,MALAYSIA,JIUJIANG,CHINA (MAINLAND)
2021,470200,ROYAL GOLDEN EAGLE,APRIL,FUTONG,RIAU,506,303074,ROYAL GOLDEN EAGLE,APRIL FAR EAST MALAYSIA SDN BHD,MALAYSIA,JIUJIANG,CHINA (MAINLAND)
2021,470200,ROYAL GOLDEN EAGLE,APRIL,FUTONG,RIAU,506,303013,ROYAL GOLDEN EAGLE,APRIL FAR EAST MALAYSIA SDN BHD,MALAYSIA,JIUJIANG,CHINA (MAINLAND)
2021,470200,ROYAL GOLDEN EAGLE,APRIL,FUTONG,RIAU,182,109141,ROYAL GOLDEN EAGLE,APRIL FAR EAST MALAYSIA SDN BHD,MALAYSIA,FUZHOU,CHINA (MAINLAND)
2021,470200,ROYAL GOLDEN EAGLE,APRIL,FUTONG,RIAU,61,36319,ROYAL GOLDEN EAGLE,APRIL FAR EAST MALAYSIA SDN BHD,MALAYSIA,FUZHOU,CHINA (MAINLAND)
2021,470200,ROYAL GOLDEN EAGLE,APRIL,FUTONG,RIAU,182,109137,ROYAL GOLDEN EAGLE,APRIL FAR EAST MALAYSIA SDN BHD,MALAYSIA,JIUJIANG,CHINA (MAINLAND)
2021,470200,ROYAL GOLDEN EAGLE,APRIL,BUATAN,RIAU,506,303186,ROYAL GOLDEN EAGLE,APRIL FAR EAST MALAYSIA SDN BHD,MALAYSIA,SINGAPORE,CHINA (MAINLAND)
2021,470329,ROYAL GOLDEN EAGLE,APRIL,BUATAN,RIAU,101,42699,ROYAL GOLDEN EAGLE,APRIL INTERNATIONAL ENTEPRISE PTE LTD,SINGAPORE,SINGAPORE,INDIA
2021,470200,ROYAL GOLDEN EAGLE,APRIL,FUTONG,RIAU,506,302860,ROYAL GOLDEN EAGLE,APRIL FAR EAST MALAYSIA SDN BHD,MALAYSIA,PORT KELANG,CHINA (MAINLAND)
2021,470200,ROYAL GOLDEN EAGLE,APRIL,FUTONG,RIAU,506,303081,ROYAL GOLDEN EAGLE,APRIL FAR EAST MALAYSIA SDN BHD,MALAYSIA,PORT KELANG,CHINA (MAINLAND)
2021,470200,ROYAL GOLDEN EAGLE,APRIL,FUTONG,RIAU,507,250776,ROYAL GOLDEN EAGLE,APRIL FAR EAST MALAYSIA SDN BHD,MALAYSIA,PORT KELANG,CHINA (MAINLAND)
2021,470200,ROYAL GOLDEN EAGLE,APRIL,FUTONG,RIAU,486,291048,ROYAL GOLDEN EAGLE,APRIL FAR EAST MALAYSIA SDN BHD,MALAYSIA,PORT KELANG,CHINA (MAINLAND)
2021,470200,ROYAL GOLDEN EAGLE,APRIL,FUTONG,RIAU,20,12115,ROYAL GOLDEN EAGLE,APRIL FAR EAST MALAYSIA SDN BHD,MALAYSIA,PORT KELANG,CHINA (MAINLAND)
2021,470329,ROYAL GOLDEN EAGLE,APRIL,FUTONG,RIAU,3857,1635368,ROYAL GOLDEN EAGLE,APRIL FAR EAST MALAYSIA SDN BHD,MALAYSIA,GUNSAN (ES KUNSAN),SOUTH KOREA
2021,470329,ROYAL GOLDEN EAGLE,APRIL,FUTONG,RIAU,2010,852113,ROYAL GOLDEN EAGLE,APRIL FAR EAST MALAYSIA SDN BHD,MALAYSIA,QINGDAO,CHINA (MAINLAND)
2021,470329,ROYAL GOLDEN EAGLE,APRIL,FUTONG,RIAU,4283,1816119,ROYAL GOLDEN EAGLE,APRIL FAR EAST MALAYSIA SDN BHD,MALAYSIA,PYONGTAEK,SOUTH KOREA
2021,470329,SINAR MAS,INDAH KIAT,PERAWANG,RIAU,5250,2401875,UNKNOWN AFFILIATION,FREELAND UNIVERSAL LTD,CHINA (HONG KONG),CHANGSHU,CHINA (MAINLAND)
2021,470329,SINAR MAS,INDAH KIAT,PERAWANG,RIAU,10500,4803750,UNKNOWN AFFILIATION,FREELAND UNIVERSAL LTD,CHINA (HONG KONG),CHANGSHU,CHINA (MAINLAND)
2021,470329,SINAR MAS,INDAH KIAT,PERAWANG,RIAU,1316,602070,UNKNOWN AFFILIATION,FREELAND UNIVERSAL LTD,CHINA (HONG KONG),CHANGSHU,CHINA (MAINLAND)
2021,470329,SINAR MAS,INDAH KIAT,PERAWANG,RIAU,9134,4178805,CHINA UNION,CHINA UNION (MACAO COMMERCIAL OFFSHORE) CO LTD,MACAO,CHANGSHU,CHINA (MAINLAND)
2021,470329,SINAR MAS,INDAH KIAT,PERAWANG,RIAU,480,220716,SINAR MAS,GOLDEN PROFIT TRADING PTE LTD,SINGAPORE,JEBEL ALI,UNITED ARAB EMIRATES
2021,470329,ROYAL GOLDEN EAGLE,APRIL,BUATAN,RIAU,201,85199,ROYAL GOLDEN EAGLE,APRIL INTERNATIONAL ENTEPRISE PTE LTD,SINGAPORE,SINGAPORE,BANGLADESH
2021,470200,ROYAL GOLDEN EAGLE,APRIL,FUTONG,RIAU,506,303375,ROYAL GOLDEN EAGLE,APRIL FAR EAST MALAYSIA SDN BHD,MALAYSIA,PORT KELANG,CHINA (MAINLAND)
2021,470329,ROYAL GOLDEN EAGLE,APRIL,BUATAN,RIAU,482,204543,ROYAL GOLDEN EAGLE,APRIL INTERNATIONAL ENTEPRISE PTE LTD,SINGAPORE,SINGAPORE,BANGLADESH
2021,470329,SINAR MAS,INDAH KIAT,PERAWANG,RIAU,80,37535,SINAR MAS,GOLDEN PROFIT TRADING PTE LTD,SINGAPORE,EL ISKANDARIYA (= ALEXAND,EGYPT
2021,470329,SINAR MAS,INDAH KIAT,PERAWANG,RIAU,280,131371,SINAR MAS,GOLDEN PROFIT TRADING PTE LTD,SINGAPORE,EL ISKANDARIYA (= ALEXAND,EGYPT
2021,470329,SINAR MAS,INDAH KIAT,PERAWANG,RIAU,500,223781,SINAR MAS,GOLDEN PROFIT TRADING PTE LTD,SINGAPORE,APAPA,NIGERIA
2021,470329,ROYAL GOLDEN EAGLE,APRIL,BUATAN,RIAU,201,85185,ROYAL GOLDEN EAGLE,APRIL INTERNATIONAL ENTEPRISE PTE LTD,SINGAPORE,SINGAPORE,VIETNAM
2021,470200,ROYAL GOLDEN EAGLE,APRIL,FUTONG,RIAU,506,303186,ROYAL GOLDEN EAGLE,APRIL FAR EAST MALAYSIA SDN BHD,MALAYSIA,PORT KELANG,CHINA (MAINLAND)
2021,470329,ROYAL GOLDEN EAGLE,APRIL,BUATAN,RIAU,302,127883,ROYAL GOLDEN EAGLE,APRIL INTERNATIONAL ENTEPRISE PTE LTD,SINGAPORE,SINGAPORE,VIETNAM
2021,470200,ROYAL GOLDEN EAGLE,APRIL,FUTONG,RIAU,506,303304,ROYAL GOLDEN EAGLE,APRIL FAR EAST MALAYSIA SDN BHD,MALAYSIA,PORT KELANG,CHINA (MAINLAND)
2021,470200,ROYAL GOLDEN EAGLE,APRIL,FUTONG,RIAU,507,303423,ROYAL GOLDEN EAGLE,APRIL FAR EAST MALAYSIA SDN BHD,MALAYSIA,PORT KELANG,CHINA (MAINLAND)
2021,470329,ROYAL GOLDEN EAGLE,APRIL,BUATAN,RIAU,20,8521,ROYAL GOLDEN EAGLE,APRIL INTERNATIONAL ENTEPRISE PTE LTD,SINGAPORE,SINGAPORE,BANGLADESH
2021,470200,ROYAL GOLDEN EAGLE,APRIL,FUTONG,RIAU,506,303154,ROYAL GOLDEN EAGLE,APRIL FAR EAST MALAYSIA SDN BHD,MALAYSIA,PORT KELANG,CHINA (MAINLAND)
2021,470329,ROYAL GOLDEN EAGLE,APRIL,BUATAN,RIAU,302,127857,ROYAL GOLDEN EAGLE,APRIL INTERNATIONAL ENTEPRISE PTE LTD,SINGAPORE,SINGAPORE,INDIA
2021,470329,ROYAL GOLDEN EAGLE,APRIL,BUATAN,RIAU,60,25540,ROYAL GOLDEN EAGLE,APRIL INTERNATIONAL ENTEPRISE PTE LTD,SINGAPORE,SINGAPORE,INDIA
2021,470329,ROYAL GOLDEN EAGLE,APRIL,BUATAN,RIAU,60,25595,ROYAL GOLDEN EAGLE,APRIL INTERNATIONAL ENTEPRISE PTE LTD,SINGAPORE,SINGAPORE,INDIA
2021,470329,ROYAL GOLDEN EAGLE,APRIL,BUATAN,RIAU,201,85214,ROYAL GOLDEN EAGLE,APRIL INTERNATIONAL ENTEPRISE PTE LTD,SINGAPORE,SINGAPORE,INDIA
2021,470329,ROYAL GOLDEN EAGLE,APRIL,BUATAN,RIAU,503,213074,ROYAL GOLDEN EAGLE,APRIL FAR EAST MALAYSIA SDN BHD,MALAYSIA,SINGAPORE,CHINA (MAINLAND)
2021,470200,ROYAL GOLDEN EAGLE,APRIL,BUATAN,RIAU,506,303074,ROYAL GOLDEN EAGLE,APRIL FAR EAST MALAYSIA SDN BHD,MALAYSIA,SINGAPORE,CHINA (MAINLAND)
2021,470329,SINAR MAS,INDAH KIAT,PERAWANG,RIAU,300,144891,SINAR MAS,GOLDEN PROFIT TRADING PTE LTD,SINGAPORE,CAT LAI,VIETNAM
2021,470329,ROYAL GOLDEN EAGLE,APRIL,BUATAN,RIAU,201,79480,ROYAL GOLDEN EAGLE,APRIL INTERNATIONAL ENTEPRISE PTE LTD,SINGAPORE,SINGAPORE,INDIA
2021,470329,ROYAL GOLDEN EAGLE,APRIL,BUATAN,RIAU,502,212983,ROYAL GOLDEN EAGLE,APRIL INTERNATIONAL ENTEPRISE PTE LTD,SINGAPORE,SINGAPORE,INDIA
2021,470329,ROYAL GOLDEN EAGLE,APRIL,BUATAN,RIAU,60,25598,ROYAL GOLDEN EAGLE,APRIL INTERNATIONAL ENTEPRISE PTE LTD,SINGAPORE,SINGAPORE,INDIA
2021,470329,SINAR MAS,INDAH KIAT,PERAWANG,RIAU,7400,3404000,SINAR MAS,GOLDEN PROFIT TRADING PTE LTD,SINGAPORE,ULSAN,SOUTH KOREA
2021,470329,SINAR MAS,INDAH KIAT,PERAWANG,RIAU,5000,2300000,SINAR MAS,GOLDEN PROFIT TRADING PTE LTD,SINGAPORE,ULSAN,SOUTH KOREA
2021,470200,ROYAL GOLDEN EAGLE,APRIL,FUTONG,RIAU,506,303187,ROYAL GOLDEN EAGLE,APRIL FAR EAST MALAYSIA SDN BHD,MALAYSIA,PORT KELANG,CHINA (MAINLAND)
2021,470200,ROYAL GOLDEN EAGLE,APRIL,FUTONG,RIAU,506,303237,ROYAL GOLDEN EAGLE,APRIL FAR EAST MALAYSIA SDN BHD,MALAYSIA,PORT KELANG,CHINA (MAINLAND)
2021,470200,ROYAL GOLDEN EAGLE,APRIL,FUTONG,RIAU,506,303027,ROYAL GOLDEN EAGLE,APRIL FAR EAST MALAYSIA SDN BHD,MALAYSIA,PORT KELANG,CHINA (MAINLAND)
2021,470200,ROYAL GOLDEN EAGLE,APRIL,FUTONG,RIAU,506,303128,ROYAL GOLDEN EAGLE,APRIL FAR EAST MALAYSIA SDN BHD,MALAYSIA,PORT KELANG,CHINA (MAINLAND)
2021,470200,ROYAL GOLDEN EAGLE,APRIL,FUTONG,RIAU,122,72810,ROYAL GOLDEN EAGLE,APRIL FAR EAST MALAYSIA SDN BHD,MALAYSIA,PORT KELANG,CHINA (MAINLAND)
2021,470200,ROYAL GOLDEN EAGLE,APRIL,FUTONG,RIAU,385,230538,ROYAL GOLDEN EAGLE,APRIL FAR EAST MALAYSIA SDN BHD,MALAYSIA,PORT KELANG,CHINA (MAINLAND)
2021,470329,ROYAL GOLDEN EAGLE,APRIL,BUATAN,RIAU,502,212899,ROYAL GOLDEN EAGLE,APRIL INTERNATIONAL ENTEPRISE PTE LTD,SINGAPORE,SINGAPORE,UNITED ARAB EMIRATES
2021,470329,SINAR MAS,INDAH KIAT,PERAWANG,RIAU,480,220716,SINAR MAS,GOLDEN PROFIT TRADING PTE LTD,SINGAPORE,JEBEL ALI,UNITED ARAB EMIRATES
2021,470329,SINAR MAS,INDAH KIAT,PERAWANG,RIAU,1000,486684,SINAR MAS,GOLDEN PROFIT TRADING PTE LTD,SINGAPORE,SHUAIBA,KUWAIT
2021,470200,ROYAL GOLDEN EAGLE,APRIL,FUTONG,RIAU,5770,3456231,ROYAL GOLDEN EAGLE,APRIL FAR EAST MALAYSIA SDN BHD,MALAYSIA,CHANGSHU,CHINA (MAINLAND)
2021,470329,ROYAL GOLDEN EAGLE,APRIL,FUTONG,RIAU,5014,2126027,ROYAL GOLDEN EAGLE,APRIL FAR EAST MALAYSIA SDN BHD,MALAYSIA,CHANGSHU,CHINA (MAINLAND)
2021,470329,SINAR MAS,INDAH KIAT,PERAWANG,RIAU,3300,1499850,CHINA UNION,CHINA UNION (MACAO COMMERCIAL OFFSHORE) CO LTD,MACAO,DAGANG,CHINA (MAINLAND)
2021,470329,SINAR MAS,INDAH KIAT,PERAWANG,RIAU,2000,913000,CHINA UNION,CHINA UNION (MACAO COMMERCIAL OFFSHORE) CO LTD,MACAO,DAGANG,CHINA (MAINLAND)
2021,470329,SINAR MAS,INDAH KIAT,PERAWANG,RIAU,2000,913000,CHINA UNION,CHINA UNION (MACAO COMMERCIAL OFFSHORE) CO LTD,MACAO,DAGANG,CHINA (MAINLAND)
2021,470329,SINAR MAS,INDAH KIAT,PERAWANG,RIAU,2000,913000,CHINA UNION,CHINA UNION (MACAO COMMERCIAL OFFSHORE) CO LTD,MACAO,DAGANG,CHINA (MAINLAND)
2021,470329,SINAR MAS,INDAH KIAT,PERAWANG,RIAU,2500,1141250,CHINA UNION,CHINA UNION (MACAO COMMERCIAL OFFSHORE) CO LTD,MACAO,DAGANG,CHINA (MAINLAND)
2021,470329,SINAR MAS,INDAH KIAT,PERAWANG,RIAU,2500,1141250,CHINA UNION,CHINA UNION (MACAO COMMERCIAL OFFSHORE) CO LTD,MACAO,DAGANG,CHINA (MAINLAND)
2021,470329,SINAR MAS,INDAH KIAT,PERAWANG,RIAU,2500,1141250,CHINA UNION,CHINA UNION (MACAO COMMERCIAL OFFSHORE) CO LTD,MACAO,DAGANG,CHINA (MAINLAND)
2021,470329,SINAR MAS,INDAH KIAT,PERAWANG,RIAU,1800,821700,CHINA UNION,CHINA UNION (MACAO COMMERCIAL OFFSHORE) CO LTD,MACAO,DAGANG,CHINA (MAINLAND)
2021,470329,SINAR MAS,INDAH KIAT,PERAWANG,RIAU,3900,1772550,UNKNOWN AFFILIATION,FREELAND UNIVERSAL LTD,CHINA (HONG KONG),NINGBO,CHINA (MAINLAND)
2021,470329,SINAR MAS,INDAH KIAT,PERAWANG,RIAU,2500,1136250,CHINA UNION,CHINA UNION (MACAO COMMERCIAL OFFSHORE) CO LTD,MACAO,NINGBO,CHINA (MAINLAND)
2021,470329,SINAR MAS,INDAH KIAT,PERAWANG,RIAU,2500,1136250,CHINA UNION,CHINA UNION (MACAO COMMERCIAL OFFSHORE) CO LTD,MACAO,NINGBO,CHINA (MAINLAND)
2021,470329,SINAR MAS,INDAH KIAT,PERAWANG,RIAU,2500,1136250,UNKNOWN AFFILIATION,BRIGHTENING SKY CO LTD,CHINA (HONG KONG),NINGBO,CHINA (MAINLAND)
2021,470329,SINAR MAS,INDAH KIAT,PERAWANG,RIAU,1706,775377,UNKNOWN AFFILIATION,FREELAND UNIVERSAL LTD,CHINA (HONG KONG),NINGBO,CHINA (MAINLAND)
2021,470329,SINAR MAS,INDAH KIAT,PERAWANG,RIAU,2500,1136250,UNKNOWN AFFILIATION,BRIGHTENING SKY CO LTD,CHINA (HONG KONG),NINGBO,CHINA (MAINLAND)
2021,470329,SINAR MAS,INDAH KIAT,PERAWANG,RIAU,7794,3557961,UNKNOWN AFFILIATION,BRIGHTENING SKY CO LTD,CHINA (HONG KONG),NINGBO,CHINA (MAINLAND)
2021,470329,SINAR MAS,INDAH KIAT,PERAWANG,RIAU,4000,1826000,CHINA UNION,CHINA UNION (MACAO COMMERCIAL OFFSHORE) CO LTD,MACAO,DAGANG,CHINA (MAINLAND)
2021,470329,ROYAL GOLDEN EAGLE,APRIL,BUATAN,RIAU,502,212926,ROYAL GOLDEN EAGLE,APRIL INTERNATIONAL ENTEPRISE PTE LTD,SINGAPORE,SINGAPORE,INDIA
2021,470200,ROYAL GOLDEN EAGLE,APRIL,FUTONG,RIAU,5061,3031806,ROYAL GOLDEN EAGLE,APRIL FAR EAST MALAYSIA SDN BHD,MALAYSIA,LIANYUNGANG,CHINA (MAINLAND)
2021,470200,ROYAL GOLDEN EAGLE,APRIL,FUTONG,RIAU,5062,3031997,ROYAL GOLDEN EAGLE,APRIL FAR EAST MALAYSIA SDN BHD,MALAYSIA,XIUYING,CHINA (MAINLAND)
2021,470329,SINAR MAS,INDAH KIAT,PERAWANG,RIAU,140,65686,SINAR MAS,GOLDEN PROFIT TRADING PTE LTD,SINGAPORE,EL ISKANDARIYA (= ALEXAND,EGYPT
2021,470329,SINAR MAS,INDAH KIAT,PERAWANG,RIAU,500,226438,SINAR MAS,GOLDEN PROFIT TRADING PTE LTD,SINGAPORE,ABU DHABI,UNITED ARAB EMIRATES
2021,470200,ROYAL GOLDEN EAGLE,APRIL,FUTONG,RIAU,506,302904,ROYAL GOLDEN EAGLE,APRIL FAR EAST MALAYSIA SDN BHD,MALAYSIA,PORT KELANG,CHINA (MAINLAND)
2021,470200,ROYAL GOLDEN EAGLE,APRIL,FUTONG,RIAU,506,303048,ROYAL GOLDEN EAGLE,APRIL FAR EAST MALAYSIA SDN BHD,MALAYSIA,PORT KELANG,CHINA (MAINLAND)
2021,470329,ROYAL GOLDEN EAGLE,APRIL,BUATAN,RIAU,502,213007,ROYAL GOLDEN EAGLE,APRIL INTERNATIONAL ENTEPRISE PTE LTD,SINGAPORE,SINGAPORE,UNITED ARAB EMIRATES
2021,470329,ROYAL GOLDEN EAGLE,APRIL,BUATAN,RIAU,502,212968,ROYAL GOLDEN EAGLE,APRIL INTERNATIONAL ENTEPRISE PTE LTD,SINGAPORE,SINGAPORE,UNITED ARAB EMIRATES
2021,470329,ROYAL GOLDEN EAGLE,APRIL,BUATAN,RIAU,201,85281,ROYAL GOLDEN EAGLE,APRIL INTERNATIONAL ENTEPRISE PTE LTD,SINGAPORE,SINGAPORE,INDIA
2021,470329,ROYAL GOLDEN EAGLE,APRIL,FUTONG,RIAU,5995,2542053,ROYAL GOLDEN EAGLE,APRIL INTERNATIONAL ENTEPRISE PTE LTD,SINGAPORE,KAKINADA,INDIA
2021,470329,SINAR MAS,INDAH KIAT,PERAWANG,RIAU,480,220716,SINAR MAS,GOLDEN PROFIT TRADING PTE LTD,SINGAPORE,JEBEL ALI,UNITED ARAB EMIRATES
2021,470329,SINAR MAS,INDAH KIAT,PERAWANG,RIAU,480,220716,SINAR MAS,GOLDEN PROFIT TRADING PTE LTD,SINGAPORE,JEBEL ALI,UNITED ARAB EMIRATES
2021,470329,SINAR MAS,INDAH KIAT,PERAWANG,RIAU,480,220716,SINAR MAS,GOLDEN PROFIT TRADING PTE LTD,SINGAPORE,JEBEL ALI,UNITED ARAB EMIRATES
2021,470329,ROYAL GOLDEN EAGLE,APRIL,BUATAN,RIAU,201,85257,ROYAL GOLDEN EAGLE,APRIL INTERNATIONAL ENTEPRISE PTE LTD,SINGAPORE,SINGAPORE,BANGLADESH
2021,470329,ROYAL GOLDEN EAGLE,APRIL,BUATAN,RIAU,101,42651,ROYAL GOLDEN EAGLE,APRIL INTERNATIONAL ENTEPRISE PTE LTD,SINGAPORE,SINGAPORE,BANGLADESH
2021,470329,SINAR MAS,INDAH KIAT,PERAWANG,RIAU,240,111984,SINAR MAS,GOLDEN PROFIT TRADING PTE LTD,SINGAPORE,CAT LAI,VIETNAM
2021,470329,ROYAL GOLDEN EAGLE,APRIL,BUATAN,RIAU,301,127716,ROYAL GOLDEN EAGLE,APRIL INTERNATIONAL ENTEPRISE PTE LTD,SINGAPORE,SINGAPORE,INDIA
2021,470329,ROYAL GOLDEN EAGLE,APRIL,BUATAN,RIAU,241,102357,ROYAL GOLDEN EAGLE,APRIL INTERNATIONAL ENTEPRISE PTE LTD,SINGAPORE,SINGAPORE,INDIA
2021,470329,ROYAL GOLDEN EAGLE,APRIL,BUATAN,RIAU,503,213289,ROYAL GOLDEN EAGLE,APRIL INTERNATIONAL ENTEPRISE PTE LTD,SINGAPORE,SINGAPORE,UNITED ARAB EMIRATES
2021,470329,ROYAL GOLDEN EAGLE,APRIL,BUATAN,RIAU,201,85226,ROYAL GOLDEN EAGLE,APRIL INTERNATIONAL ENTEPRISE PTE LTD,SINGAPORE,SINGAPORE,INDIA
2021,470329,ROYAL GOLDEN EAGLE,APRIL,BUATAN,RIAU,502,213037,ROYAL GOLDEN EAGLE,APRIL INTERNATIONAL ENTEPRISE PTE LTD,SINGAPORE,SINGAPORE,INDIA
2021,470329,ROYAL GOLDEN EAGLE,APRIL,BUATAN,RIAU,141,59647,ROYAL GOLDEN EAGLE,APRIL INTERNATIONAL ENTEPRISE PTE LTD,SINGAPORE,SINGAPORE,INDIA
2021,470329,ROYAL GOLDEN EAGLE,APRIL,FUTONG,RIAU,6019,2551946,ROYAL GOLDEN EAGLE,APRIL FAR EAST MALAYSIA SDN BHD,MALAYSIA,CHANGSHU,CHINA (MAINLAND)
2021,470200,ROYAL GOLDEN EAGLE,APRIL,FUTONG,RIAU,16821,10075798,ROYAL GOLDEN EAGLE,APRIL FAR EAST MALAYSIA SDN BHD,MALAYSIA,CHANGSHU,CHINA (MAINLAND)
2021,470200,ROYAL GOLDEN EAGLE,APRIL,FUTONG,RIAU,101,60636,ROYAL GOLDEN EAGLE,APRIL FAR EAST MALAYSIA SDN BHD,MALAYSIA,PORT KELANG,CHINA (MAINLAND)
2021,470200,ROYAL GOLDEN EAGLE,APRIL,FUTONG,RIAU,323,193711,ROYAL GOLDEN EAGLE,APRIL FAR EAST MALAYSIA SDN BHD,MALAYSIA,PORT KELANG,CHINA (MAINLAND)
2021,470200,ROYAL GOLDEN EAGLE,APRIL,FUTONG,RIAU,404,242192,ROYAL GOLDEN EAGLE,APRIL FAR EAST MALAYSIA SDN BHD,MALAYSIA,PORT KELANG,CHINA (MAINLAND)
2021,470200,ROYAL GOLDEN EAGLE,APRIL,FUTONG,RIAU,509,304729,ROYAL GOLDEN EAGLE,APRIL FAR EAST MALAYSIA SDN BHD,MALAYSIA,PORT KELANG,CHINA (MAINLAND)
2021,470200,ROYAL GOLDEN EAGLE,APRIL,FUTONG,RIAU,182,109070,ROYAL GOLDEN EAGLE,APRIL FAR EAST MALAYSIA SDN BHD,MALAYSIA,PORT KELANG,CHINA (MAINLAND)
2021,470329,ROYAL GOLDEN EAGLE,APRIL,FUTONG,RIAU,6030,2556514,ROYAL GOLDEN EAGLE,APRIL INTERNATIONAL ENTEPRISE PTE LTD,SINGAPORE,CHITTAGONG,BANGLADESH
2021,470329,ROYAL GOLDEN EAGLE,APRIL,BUATAN,RIAU,121,51267,ROYAL GOLDEN EAGLE,APRIL INTERNATIONAL ENTEPRISE PTE LTD,SINGAPORE,SINGAPORE,INDIA
2021,470329,ROYAL GOLDEN EAGLE,APRIL,BUATAN,RIAU,201,85322,ROYAL GOLDEN EAGLE,APRIL INTERNATIONAL ENTEPRISE PTE LTD,SINGAPORE,SINGAPORE,INDIA
2021,470329,ROYAL GOLDEN EAGLE,APRIL,BUATAN,RIAU,302,127888,ROYAL GOLDEN EAGLE,APRIL INTERNATIONAL ENTEPRISE PTE LTD,SINGAPORE,SINGAPORE,INDIA
2021,470329,ROYAL GOLDEN EAGLE,APRIL,BUATAN,RIAU,101,42627,ROYAL GOLDEN EAGLE,APRIL INTERNATIONAL ENTEPRISE PTE LTD,SINGAPORE,SINGAPORE,INDIA
2021,470329,ROYAL GOLDEN EAGLE,APRIL,BUATAN,RIAU,40,17048,ROYAL GOLDEN EAGLE,APRIL INTERNATIONAL ENTEPRISE PTE LTD,SINGAPORE,SINGAPORE,INDIA
2021,470329,SINAR MAS,INDAH KIAT,PERAWANG,RIAU,3500,1604750,UNKNOWN AFFILIATION,FREELAND UNIVERSAL LTD,CHINA (HONG KONG),CHANGSHU,CHINA (MAINLAND)
2021,470329,SINAR MAS,INDAH KIAT,PERAWANG,RIAU,2000,917000,UNKNOWN AFFILIATION,FREELAND UNIVERSAL LTD,CHINA (HONG KONG),SHANGHAI,CHINA (MAINLAND)
2021,470329,ROYAL GOLDEN EAGLE,APRIL,BUATAN,RIAU,80,34084,ROYAL GOLDEN EAGLE,APRIL INTERNATIONAL ENTEPRISE PTE LTD,SINGAPORE,SINGAPORE,INDIA
2021,470200,ROYAL GOLDEN EAGLE,APRIL,FUTONG,RIAU,505,302564,ROYAL GOLDEN EAGLE,APRIL FAR EAST MALAYSIA SDN BHD,MALAYSIA,FUZHOU,CHINA (MAINLAND)
2021,470200,ROYAL GOLDEN EAGLE,APRIL,FUTONG,RIAU,506,303170,ROYAL GOLDEN EAGLE,APRIL FAR EAST MALAYSIA SDN BHD,MALAYSIA,FUZHOU,CHINA (MAINLAND)
2021,470200,ROYAL GOLDEN EAGLE,APRIL,FUTONG,RIAU,506,302956,ROYAL GOLDEN EAGLE,APRIL FAR EAST MALAYSIA SDN BHD,MALAYSIA,FUZHOU,CHINA (MAINLAND)
2021,470200,ROYAL GOLDEN EAGLE,APRIL,FUTONG,RIAU,505,302300,ROYAL GOLDEN EAGLE,APRIL FAR EAST MALAYSIA SDN BHD,MALAYSIA,SHANGHAI,CHINA (MAINLAND)
2021,470200,ROYAL GOLDEN EAGLE,APRIL,FUTONG,RIAU,506,303088,ROYAL GOLDEN EAGLE,APRIL FAR EAST MALAYSIA SDN BHD,MALAYSIA,FUZHOU,CHINA (MAINLAND)
2021,470200,ROYAL GOLDEN EAGLE,APRIL,FUTONG,RIAU,505,302406,ROYAL GOLDEN EAGLE,APRIL FAR EAST MALAYSIA SDN BHD,MALAYSIA,SHANGHAI,CHINA (MAINLAND)
2021,470200,ROYAL GOLDEN EAGLE,APRIL,FUTONG,RIAU,506,303233,ROYAL GOLDEN EAGLE,APRIL FAR EAST MALAYSIA SDN BHD,MALAYSIA,SHANGHAI,CHINA (MAINLAND)
2021,470200,ROYAL GOLDEN EAGLE,APRIL,FUTONG,RIAU,507,303422,ROYAL GOLDEN EAGLE,APRIL FAR EAST MALAYSIA SDN BHD,MALAYSIA,SHANGHAI,CHINA (MAINLAND)
2021,470200,ROYAL GOLDEN EAGLE,APRIL,FUTONG,RIAU,507,303964,ROYAL GOLDEN EAGLE,APRIL FAR EAST MALAYSIA SDN BHD,MALAYSIA,SHANGHAI,CHINA (MAINLAND)
2021,470200,ROYAL GOLDEN EAGLE,APRIL,FUTONG,RIAU,505,302600,ROYAL GOLDEN EAGLE,APRIL FAR EAST MALAYSIA SDN BHD,MALAYSIA,SHANGHAI,CHINA (MAINLAND)
2021,470200,ROYAL GOLDEN EAGLE,APRIL,FUTONG,RIAU,506,303253,ROYAL GOLDEN EAGLE,APRIL FAR EAST MALAYSIA SDN BHD,MALAYSIA,FUZHOU,CHINA (MAINLAND)
2021,470200,ROYAL GOLDEN EAGLE,APRIL,FUTONG,RIAU,507,303816,ROYAL GOLDEN EAGLE,APRIL FAR EAST MALAYSIA SDN BHD,MALAYSIA,FUZHOU,CHINA (MAINLAND)
2021,470200,ROYAL GOLDEN EAGLE,APRIL,FUTONG,RIAU,507,303579,ROYAL GOLDEN EAGLE,APRIL FAR EAST MALAYSIA SDN BHD,MALAYSIA,FUZHOU,CHINA (MAINLAND)
2021,470200,ROYAL GOLDEN EAGLE,APRIL,FUTONG,RIAU,505,302471,ROYAL GOLDEN EAGLE,APRIL FAR EAST MALAYSIA SDN BHD,MALAYSIA,FUZHOU,CHINA (MAINLAND)
2021,470200,ROYAL GOLDEN EAGLE,APRIL,FUTONG,RIAU,505,302757,ROYAL GOLDEN EAGLE,APRIL FAR EAST MALAYSIA SDN BHD,MALAYSIA,FUZHOU,CHINA (MAINLAND)
2021,470329,ROYAL GOLDEN EAGLE,APRIL,BUATAN,RIAU,201,85108,ROYAL GOLDEN EAGLE,APRIL INTERNATIONAL ENTEPRISE PTE LTD,SINGAPORE,SINGAPORE,INDIA
2021,470329,ROYAL GOLDEN EAGLE,APRIL,BUATAN,RIAU,261,110864,ROYAL GOLDEN EAGLE,APRIL INTERNATIONAL ENTEPRISE PTE LTD,SINGAPORE,SINGAPORE,PAKISTAN
2021,470329,SINAR MAS,INDAH KIAT,PERAWANG,RIAU,100,46918,SINAR MAS,GOLDEN PROFIT TRADING PTE LTD,SINGAPORE,EL ISKANDARIYA (= ALEXAND,EGYPT
2021,470329,SINAR MAS,INDAH KIAT,PERAWANG,RIAU,140,65686,SINAR MAS,GOLDEN PROFIT TRADING PTE LTD,SINGAPORE,EL ISKANDARIYA (= ALEXAND,EGYPT
2021,470329,SINAR MAS,INDAH KIAT,PERAWANG,RIAU,700,322000,SINAR MAS,GOLDEN PROFIT TRADING PTE LTD,SINGAPORE,HAIPHONG,VIETNAM
2021,470329,SINAR MAS,INDAH KIAT,PERAWANG,RIAU,1200,552000,SINAR MAS,GOLDEN PROFIT TRADING PTE LTD,SINGAPORE,HAIPHONG,VIETNAM
2021,470329,ROYAL GOLDEN EAGLE,APRIL,BUATAN,RIAU,201,85299,ROYAL GOLDEN EAGLE,APRIL INTERNATIONAL ENTEPRISE PTE LTD,SINGAPORE,SINGAPORE,INDIA
2021,470329,ROYAL GOLDEN EAGLE,APRIL,BUATAN,RIAU,60,25596,ROYAL GOLDEN EAGLE,APRIL INTERNATIONAL ENTEPRISE PTE LTD,SINGAPORE,SINGAPORE,INDIA
2021,470329,ROYAL GOLDEN EAGLE,APRIL,BUATAN,RIAU,40,17060,ROYAL GOLDEN EAGLE,APRIL INTERNATIONAL ENTEPRISE PTE LTD,SINGAPORE,SINGAPORE,INDIA
2021,470329,ROYAL GOLDEN EAGLE,APRIL,BUATAN,RIAU,241,102258,ROYAL GOLDEN EAGLE,APRIL INTERNATIONAL ENTEPRISE PTE LTD,SINGAPORE,SINGAPORE,INDIA
2021,470329,ROYAL GOLDEN EAGLE,APRIL,BUATAN,RIAU,101,42647,ROYAL GOLDEN EAGLE,APRIL INTERNATIONAL ENTEPRISE PTE LTD,SINGAPORE,SINGAPORE,THAILAND
2021,470200,ROYAL GOLDEN EAGLE,APRIL,FUTONG,RIAU,505,302514,ROYAL GOLDEN EAGLE,APRIL FAR EAST MALAYSIA SDN BHD,MALAYSIA,FUZHOU,CHINA (MAINLAND)
2021,470200,ROYAL GOLDEN EAGLE,APRIL,FUTONG,RIAU,505,302277,ROYAL GOLDEN EAGLE,APRIL FAR EAST MALAYSIA SDN BHD,MALAYSIA,FUZHOU,CHINA (MAINLAND)
2021,470200,ROYAL GOLDEN EAGLE,APRIL,FUTONG,RIAU,284,170194,ROYAL GOLDEN EAGLE,APRIL FAR EAST MALAYSIA SDN BHD,MALAYSIA,SHANGHAI,CHINA (MAINLAND)
2021,470200,ROYAL GOLDEN EAGLE,APRIL,FUTONG,RIAU,505,302539,ROYAL GOLDEN EAGLE,APRIL FAR EAST MALAYSIA SDN BHD,MALAYSIA,FUZHOU,CHINA (MAINLAND)
2021,470200,ROYAL GOLDEN EAGLE,APRIL,FUTONG,RIAU,505,302624,ROYAL GOLDEN EAGLE,APRIL FAR EAST MALAYSIA SDN BHD,MALAYSIA,FUZHOU,CHINA (MAINLAND)
2021,470200,ROYAL GOLDEN EAGLE,APRIL,FUTONG,RIAU,506,303258,ROYAL GOLDEN EAGLE,APRIL FAR EAST MALAYSIA SDN BHD,MALAYSIA,FUZHOU,CHINA (MAINLAND)
2021,470200,ROYAL GOLDEN EAGLE,APRIL,FUTONG,RIAU,385,230789,ROYAL GOLDEN EAGLE,APRIL FAR EAST MALAYSIA SDN BHD,MALAYSIA,SHANGHAI,CHINA (MAINLAND)
2021,470200,ROYAL GOLDEN EAGLE,APRIL,FUTONG,RIAU,223,133415,ROYAL GOLDEN EAGLE,APRIL FAR EAST MALAYSIA SDN BHD,MALAYSIA,SHANGHAI,CHINA (MAINLAND)
2021,470200,ROYAL GOLDEN EAGLE,APRIL,FUTONG,RIAU,506,303032,ROYAL GOLDEN EAGLE,APRIL FAR EAST MALAYSIA SDN BHD,MALAYSIA,SHANGHAI,CHINA (MAINLAND)
2021,470200,ROYAL GOLDEN EAGLE,APRIL,FUTONG,RIAU,507,303489,ROYAL GOLDEN EAGLE,APRIL FAR EAST MALAYSIA SDN BHD,MALAYSIA,SHANGHAI,CHINA (MAINLAND)
2021,470329,SINAR MAS,INDAH KIAT,PERAWANG,RIAU,5684,2600430,UNKNOWN AFFILIATION,FREELAND UNIVERSAL LTD,CHINA (HONG KONG),CHANGSHU,CHINA (MAINLAND)
2021,470329,SINAR MAS,INDAH KIAT,PERAWANG,RIAU,1316,602070,UNKNOWN AFFILIATION,FREELAND UNIVERSAL LTD,CHINA (HONG KONG),CHANGSHU,CHINA (MAINLAND)
2021,470329,SINAR MAS,INDAH KIAT,PERAWANG,RIAU,3000,1372500,UNKNOWN AFFILIATION,FREELAND UNIVERSAL LTD,CHINA (HONG KONG),CHANGSHU,CHINA (MAINLAND)
2021,470200,ROYAL GOLDEN EAGLE,APRIL,FUTONG,RIAU,122,72904,ROYAL GOLDEN EAGLE,APRIL FAR EAST MALAYSIA SDN BHD,MALAYSIA,SHANGHAI,CHINA (MAINLAND)
2021,470329,SINAR MAS,INDAH KIAT,PERAWANG,RIAU,1000,460000,SINAR MAS,GOLDEN PROFIT TRADING PTE LTD,SINGAPORE,HAIPHONG,VIETNAM
2021,470329,SINAR MAS,INDAH KIAT,PERAWANG,RIAU,2000,920000,SINAR MAS,GOLDEN PROFIT TRADING PTE LTD,SINGAPORE,HAIPHONG,VIETNAM
2021,470329,SINAR MAS,INDAH KIAT,PERAWANG,RIAU,1000,460000,SINAR MAS,GOLDEN PROFIT TRADING PTE LTD,SINGAPORE,HAIPHONG,VIETNAM
2021,470329,SINAR MAS,INDAH KIAT,PERAWANG,RIAU,1000,460000,SINAR MAS,GOLDEN PROFIT TRADING PTE LTD,SINGAPORE,HAIPHONG,VIETNAM
2021,470200,ROYAL GOLDEN EAGLE,APRIL,FUTONG,RIAU,20,12100,ROYAL GOLDEN EAGLE,APRIL FAR EAST MALAYSIA SDN BHD,MALAYSIA,PORT KELANG,CHINA (MAINLAND)
2021,470200,ROYAL GOLDEN EAGLE,APRIL,FUTONG,RIAU,483,289396,ROYAL GOLDEN EAGLE,APRIL FAR EAST MALAYSIA SDN BHD,MALAYSIA,PORT KELANG,CHINA (MAINLAND)
2021,470200,ROYAL GOLDEN EAGLE,APRIL,FUTONG,RIAU,506,303149,ROYAL GOLDEN EAGLE,APRIL FAR EAST MALAYSIA SDN BHD,MALAYSIA,PORT KELANG,CHINA (MAINLAND)
2021,470200,ROYAL GOLDEN EAGLE,APRIL,FUTONG,RIAU,505,302238,ROYAL GOLDEN EAGLE,APRIL FAR EAST MALAYSIA SDN BHD,MALAYSIA,PORT KELANG,CHINA (MAINLAND)
2021,470200,ROYAL GOLDEN EAGLE,APRIL,FUTONG,RIAU,506,302891,ROYAL GOLDEN EAGLE,APRIL FAR EAST MALAYSIA SDN BHD,MALAYSIA,PORT KELANG,CHINA (MAINLAND)
2021,470200,ROYAL GOLDEN EAGLE,APRIL,FUTONG,RIAU,505,302747,ROYAL GOLDEN EAGLE,APRIL FAR EAST MALAYSIA SDN BHD,MALAYSIA,PORT KELANG,CHINA (MAINLAND)
2021,470329,SINAR MAS,INDAH KIAT,PERAWANG,RIAU,3100,1426000,SINAR MAS,GOLDEN PROFIT TRADING PTE LTD,SINGAPORE,HAIPHONG,VIETNAM
2021,470329,ROYAL GOLDEN EAGLE,APRIL,FUTONG,RIAU,241,102228,ROYAL GOLDEN EAGLE,APRIL INTERNATIONAL ENTEPRISE PTE LTD,SINGAPORE,PORT KELANG,INDIA
2021,470329,ROYAL GOLDEN EAGLE,APRIL,BUATAN,RIAU,261,110797,ROYAL GOLDEN EAGLE,APRIL INTERNATIONAL ENTEPRISE PTE LTD,SINGAPORE,SINGAPORE,PAKISTAN
2021,470329,SINAR MAS,INDAH KIAT,PERAWANG,RIAU,240,111984,SINAR MAS,GOLDEN PROFIT TRADING PTE LTD,SINGAPORE,CAT LAI,VIETNAM
2021,470329,SINAR MAS,INDAH KIAT,PERAWANG,RIAU,200,96594,SINAR MAS,GOLDEN PROFIT TRADING PTE LTD,SINGAPORE,CAT LAI,VIETNAM
2021,470329,ROYAL GOLDEN EAGLE,APRIL,BUATAN,RIAU,503,213065,ROYAL GOLDEN EAGLE,APRIL INTERNATIONAL ENTEPRISE PTE LTD,SINGAPORE,SINGAPORE,INDIA
2021,470329,ROYAL GOLDEN EAGLE,APRIL,BUATAN,RIAU,201,85228,ROYAL GOLDEN EAGLE,APRIL INTERNATIONAL ENTEPRISE PTE LTD,SINGAPORE,SINGAPORE,INDIA
2021,470329,ROYAL GOLDEN EAGLE,APRIL,BUATAN,RIAU,262,110954,ROYAL GOLDEN EAGLE,APRIL INTERNATIONAL ENTEPRISE PTE LTD,SINGAPORE,SINGAPORE,INDIA
2021,470329,ROYAL GOLDEN EAGLE,APRIL,BUATAN,RIAU,60,25598,ROYAL GOLDEN EAGLE,APRIL INTERNATIONAL ENTEPRISE PTE LTD,SINGAPORE,SINGAPORE,INDIA
2021,470329,ROYAL GOLDEN EAGLE,APRIL,FUTONG,RIAU,1827,774648,ROYAL GOLDEN EAGLE,APRIL FAR EAST MALAYSIA SDN BHD,MALAYSIA,NANSHA,CHINA (MAINLAND)
2021,470329,ROYAL GOLDEN EAGLE,APRIL,FUTONG,RIAU,5786,2391238,ROYAL GOLDEN EAGLE,APRIL FAR EAST MALAYSIA SDN BHD,MALAYSIA,ZHANJIANG,CHINA (MAINLAND)
2021,470329,ROYAL GOLDEN EAGLE,APRIL,BUATAN,RIAU,503,213087,ROYAL GOLDEN EAGLE,APRIL INTERNATIONAL ENTEPRISE PTE LTD,SINGAPORE,SINGAPORE,INDIA
2021,470329,ROYAL GOLDEN EAGLE,APRIL,BUATAN,RIAU,242,102430,ROYAL GOLDEN EAGLE,APRIL INTERNATIONAL ENTEPRISE PTE LTD,SINGAPORE,SINGAPORE,PAKISTAN
2021,470329,ROYAL GOLDEN EAGLE,APRIL,BUATAN,RIAU,48,20465,ROYAL GOLDEN EAGLE,APRIL INTERNATIONAL ENTEPRISE PTE LTD,SINGAPORE,SINGAPORE,TAIWAN
2021,470200,ROYAL GOLDEN EAGLE,TOBA PULP LESTARI,BELAWAN,SUMATERA UTARA,501,383620,UNKNOWN AFFILIATION,GREENPOINT GLOBAL TRADING (MACAO COMMERCIAL OFFSHORE) LTD,MACAO,QINGDAO,CHINA (MAINLAND)
2021,470200,ROYAL GOLDEN EAGLE,TOBA PULP LESTARI,BELAWAN,SUMATERA UTARA,500,382546,UNKNOWN AFFILIATION,GREENPOINT GLOBAL TRADING (MACAO COMMERCIAL OFFSHORE) LTD,MACAO,SHANGHAI,CHINA (MAINLAND)
2021,470200,ROYAL GOLDEN EAGLE,TOBA PULP LESTARI,BELAWAN,SUMATERA UTARA,503,385142,UNKNOWN AFFILIATION,GREENPOINT GLOBAL TRADING (MACAO COMMERCIAL OFFSHORE) LTD,MACAO,QINGDAO,CHINA (MAINLAND)
2021,470200,ROYAL GOLDEN EAGLE,TOBA PULP LESTARI,BELAWAN,SUMATERA UTARA,599,458483,UNKNOWN AFFILIATION,GREENPOINT GLOBAL TRADING (MACAO COMMERCIAL OFFSHORE) LTD,MACAO,QINGDAO,CHINA (MAINLAND)
2021,470329,SINAR MAS,LONTAR PAPYRUS,KUALA TUNGKAL,JAMBI,401,203076,SINAR MAS,GOLDEN PROFIT TRADING PTE LTD,SINGAPORE,MANILA SOUTH HARBOUR,PHILIPPINES
2021,470329,SINAR MAS,LONTAR PAPYRUS,KUALA TUNGKAL,JAMBI,1004,549962,SINAR MAS,GOLDEN PROFIT TRADING PTE LTD,SINGAPORE,DALIAN,CHINA (MAINLAND)
2021,470329,SINAR MAS,OKI,SULTAN MAHMUD BADARUDDIN (U),SUMATERA SELATAN,6000,2718000,SINAR MAS,GOLDEN PROFIT TRADING PTE LTD,SINGAPORE,CHITTAGONG,BANGLADESH
2021,470329,SINAR MAS,OKI,SULTAN MAHMUD BADARUDDIN (U),SUMATERA SELATAN,500,226500,SINAR MAS,GOLDEN PROFIT TRADING PTE LTD,SINGAPORE,CHITTAGONG,BANGLADESH
2021,470329,SINAR MAS,OKI,SULTAN MAHMUD BADARUDDIN (U),SUMATERA SELATAN,500,226500,SINAR MAS,GOLDEN PROFIT TRADING PTE LTD,SINGAPORE,CHITTAGONG,BANGLADESH
2021,470329,SINAR MAS,OKI,SULTAN MAHMUD BADARUDDIN (U),SUMATERA SELATAN,800,362400,SINAR MAS,GOLDEN PROFIT TRADING PTE LTD,SINGAPORE,CHITTAGONG,BANGLADESH
2021,470329,SINAR MAS,OKI,SULTAN MAHMUD BADARUDDIN (U),SUMATERA SELATAN,500,226500,SINAR MAS,GOLDEN PROFIT TRADING PTE LTD,SINGAPORE,CHITTAGONG,BANGLADESH
2021,470329,SINAR MAS,OKI,SULTAN MAHMUD BADARUDDIN (U),SUMATERA SELATAN,500,226500,SINAR MAS,GOLDEN PROFIT TRADING PTE LTD,SINGAPORE,CHITTAGONG,BANGLADESH
2021,470329,SINAR MAS,OKI,SULTAN MAHMUD BADARUDDIN (U),SUMATERA SELATAN,3700,1703850,UNKNOWN AFFILIATION,FREELAND UNIVERSAL LTD,CHINA (HONG KONG),DAFENG,CHINA (MAINLAND)
2021,470329,SINAR MAS,OKI,SULTAN MAHMUD BADARUDDIN (U),SUMATERA SELATAN,3000,1381500,UNKNOWN AFFILIATION,FREELAND UNIVERSAL LTD,CHINA (HONG KONG),DAFENG,CHINA (MAINLAND)
2021,470329,SINAR MAS,OKI,SULTAN MAHMUD BADARUDDIN (U),SUMATERA SELATAN,4000,1842000,SINAR MAS,GOLDEN PROFIT TRADING PTE LTD,SINGAPORE,DAFENG,CHINA (MAINLAND)
2021,470329,SINAR MAS,OKI,SULTAN MAHMUD BADARUDDIN (U),SUMATERA SELATAN,3500,1730750,SINAR MAS,GOLDEN PROFIT TRADING PTE LTD,SINGAPORE,DAFENG,CHINA (MAINLAND)
2021,470329,SINAR MAS,OKI,SULTAN MAHMUD BADARUDDIN (U),SUMATERA SELATAN,3500,1730750,SINAR MAS,GOLDEN PROFIT TRADING PTE LTD,SINGAPORE,DAFENG,CHINA (MAINLAND)
2021,470329,SINAR MAS,OKI,SULTAN MAHMUD BADARUDDIN (U),SUMATERA SELATAN,3300,1631850,SINAR MAS,GOLDEN PROFIT TRADING PTE LTD,SINGAPORE,DAFENG,CHINA (MAINLAND)
2021,470329,SINAR MAS,OKI,SULTAN MAHMUD BADARUDDIN (U),SUMATERA SELATAN,17686,8166510,UNKNOWN AFFILIATION,FREELAND UNIVERSAL LTD,CHINA (HONG KONG),NINGBO,CHINA (MAINLAND)
2021,470329,SINAR MAS,OKI,SULTAN MAHMUD BADARUDDIN (U),SUMATERA SELATAN,2000,921000,UNKNOWN AFFILIATION,FREELAND UNIVERSAL LTD,CHINA (HONG KONG),DAFENG,CHINA (MAINLAND)
2021,470329,SINAR MAS,OKI,SULTAN MAHMUD BADARUDDIN (U),SUMATERA SELATAN,3110,1436042,UNKNOWN AFFILIATION,FREELAND UNIVERSAL LTD,CHINA (HONG KONG),NINGBO,CHINA (MAINLAND)
2021,470329,SINAR MAS,OKI,SULTAN MAHMUD BADARUDDIN (U),SUMATERA SELATAN,3500,1730750,SINAR MAS,GOLDEN PROFIT TRADING PTE LTD,SINGAPORE,DAFENG,CHINA (MAINLAND)
2021,470329,SINAR MAS,OKI,SULTAN MAHMUD BADARUDDIN (U),SUMATERA SELATAN,3500,1730750,SINAR MAS,GOLDEN PROFIT TRADING PTE LTD,SINGAPORE,DAFENG,CHINA (MAINLAND)
2021,470329,SINAR MAS,OKI,SULTAN MAHMUD BADARUDDIN (U),SUMATERA SELATAN,1000,440750,CHINA UNION,CHINA UNION (MACAO COMMERCIAL OFFSHORE) CO LTD,MACAO,ZHENJIANG,CHINA (MAINLAND)
2021,470329,SINAR MAS,OKI,SULTAN MAHMUD BADARUDDIN (U),SUMATERA SELATAN,1400,617050,CHINA UNION,CHINA UNION (MACAO COMMERCIAL OFFSHORE) CO LTD,MACAO,ZHENJIANG,CHINA (MAINLAND)
2021,470329,SINAR MAS,OKI,SULTAN MAHMUD BADARUDDIN (U),SUMATERA SELATAN,3000,1322250,CHINA UNION,CHINA UNION (MACAO COMMERCIAL OFFSHORE) CO LTD,MACAO,ZHENJIANG,CHINA (MAINLAND)
2021,470329,SINAR MAS,OKI,SULTAN MAHMUD BADARUDDIN (U),SUMATERA SELATAN,3100,1366325,CHINA UNION,CHINA UNION (MACAO COMMERCIAL OFFSHORE) CO LTD,MACAO,ZHENJIANG,CHINA (MAINLAND)
2021,470329,SINAR MAS,OKI,SULTAN MAHMUD BADARUDDIN (U),SUMATERA SELATAN,500,223375,CHINA UNION,CHINA UNION (MACAO COMMERCIAL OFFSHORE) CO LTD,MACAO,ZHENJIANG,CHINA (MAINLAND)
2021,470329,SINAR MAS,OKI,SULTAN MAHMUD BADARUDDIN (U),SUMATERA SELATAN,9238,4127076,SINAR MAS,GOLDEN PROFIT TRADING PTE LTD,SINGAPORE,CHANGSHU,CHINA (MAINLAND)
2021,470329,SINAR MAS,OKI,SULTAN MAHMUD BADARUDDIN (U),SUMATERA SELATAN,2062,921198,UNKNOWN AFFILIATION,BRIGHTENING SKY CO LTD,CHINA (HONG KONG),CHANGSHU,CHINA (MAINLAND)
2021,470329,SINAR MAS,OKI,SULTAN MAHMUD BADARUDDIN (U),SUMATERA SELATAN,5000,2403750,SINAR MAS,GOLDEN PROFIT TRADING PTE LTD,SINGAPORE,CHANGSHU,CHINA (MAINLAND)
2021,470329,SINAR MAS,OKI,SULTAN MAHMUD BADARUDDIN (U),SUMATERA SELATAN,5700,2740275,SINAR MAS,GOLDEN PROFIT TRADING PTE LTD,SINGAPORE,CHANGSHU,CHINA (MAINLAND)
2021,470329,SINAR MAS,OKI,SULTAN MAHMUD BADARUDDIN (U),SUMATERA SELATAN,3000,1351950,CHINA UNION,CHINA UNION (MACAO COMMERCIAL OFFSHORE) CO LTD,MACAO,SHANGHAI,CHINA (MAINLAND)
2021,470329,SINAR MAS,OKI,SULTAN MAHMUD BADARUDDIN (U),SUMATERA SELATAN,5700,2568705,UNKNOWN AFFILIATION,FREELAND UNIVERSAL LTD,CHINA (HONG KONG),SHANGHAI,CHINA (MAINLAND)
2021,470329,SINAR MAS,OKI,SULTAN MAHMUD BADARUDDIN (U),SUMATERA SELATAN,3000,1453950,SINAR MAS,GOLDEN PROFIT TRADING PTE LTD,SINGAPORE,SHANGHAI,CHINA (MAINLAND)
2021,470329,SINAR MAS,OKI,SULTAN MAHMUD BADARUDDIN (U),SUMATERA SELATAN,2500,1132500,SINAR MAS,GOLDEN PROFIT TRADING PTE LTD,SINGAPORE,HALDIA,INDIA
2021,470329,SINAR MAS,OKI,SULTAN MAHMUD BADARUDDIN (U),SUMATERA SELATAN,5500,2491500,SINAR MAS,GOLDEN PROFIT TRADING PTE LTD,SINGAPORE,HALDIA,INDIA
2021,470329,SINAR MAS,OKI,SULTAN MAHMUD BADARUDDIN (U),SUMATERA SELATAN,3100,1381515,SINAR MAS,GOLDEN PROFIT TRADING PTE LTD,SINGAPORE,QINZHOU,CHINA (MAINLAND)
2021,470329,SINAR MAS,OKI,SULTAN MAHMUD BADARUDDIN (U),SUMATERA SELATAN,1900,861935,UNKNOWN AFFILIATION,BRIGHTENING SKY CO LTD,CHINA (HONG KONG),QINZHOU,CHINA (MAINLAND)
2021,470329,SINAR MAS,OKI,SULTAN MAHMUD BADARUDDIN (U),SUMATERA SELATAN,6380,2849627,UNKNOWN AFFILIATION,BRIGHTENING SKY CO LTD,CHINA (HONG KONG),QINZHOU,CHINA (MAINLAND)
2021,470329,SINAR MAS,OKI,SULTAN MAHMUD BADARUDDIN (U),SUMATERA SELATAN,2000,975300,CHINA UNION,CHINA UNION (MACAO COMMERCIAL OFFSHORE) CO LTD,MACAO,YANGPU,CHINA (MAINLAND)
2021,470329,SINAR MAS,OKI,SULTAN MAHMUD BADARUDDIN (U),SUMATERA SELATAN,7200,3266280,SINAR MAS,GOLDEN PROFIT TRADING PTE LTD,SINGAPORE,CHITTAGONG,BANGLADESH
2021,470329,SINAR MAS,OKI,SULTAN MAHMUD BADARUDDIN (U),SUMATERA SELATAN,500,226825,SINAR MAS,GOLDEN PROFIT TRADING PTE LTD,SINGAPORE,CHITTAGONG,BANGLADESH
2021,470329,SINAR MAS,OKI,SULTAN MAHMUD BADARUDDIN (U),SUMATERA SELATAN,500,226825,SINAR MAS,GOLDEN PROFIT TRADING PTE LTD,SINGAPORE,CHITTAGONG,BANGLADESH
2021,470329,SINAR MAS,OKI,SULTAN MAHMUD BADARUDDIN (U),SUMATERA SELATAN,500,226825,SINAR MAS,GOLDEN PROFIT TRADING PTE LTD,SINGAPORE,CHITTAGONG,BANGLADESH
2021,470329,SINAR MAS,OKI,SULTAN MAHMUD BADARUDDIN (U),SUMATERA SELATAN,500,226825,SINAR MAS,GOLDEN PROFIT TRADING PTE LTD,SINGAPORE,CHITTAGONG,BANGLADESH
2021,470329,SINAR MAS,OKI,SULTAN MAHMUD BADARUDDIN (U),SUMATERA SELATAN,1000,453650,SINAR MAS,GOLDEN PROFIT TRADING PTE LTD,SINGAPORE,CHITTAGONG,BANGLADESH
2021,470329,SINAR MAS,OKI,SULTAN MAHMUD BADARUDDIN (U),SUMATERA SELATAN,15000,7245000,DRAGON CROWN HOLDINGS,DRAGON CROWN (HK) TRADING LTD,CHINA (HONG KONG),MERSIN,TURKEY
2021,470329,SINAR MAS,OKI,SULTAN MAHMUD BADARUDDIN (U),SUMATERA SELATAN,7800,3533400,SINAR MAS,GOLDEN PROFIT TRADING PTE LTD,SINGAPORE,KARAIKAL,INDIA
2021,470329,SINAR MAS,OKI,SULTAN MAHMUD BADARUDDIN (U),SUMATERA SELATAN,1500,673725,CHINA UNION,CHINA UNION (MACAO COMMERCIAL OFFSHORE) CO LTD,MACAO,ZHENJIANG,CHINA (MAINLAND)
2021,470329,SINAR MAS,OKI,SULTAN MAHMUD BADARUDDIN (U),SUMATERA SELATAN,2000,898300,CHINA UNION,CHINA UNION (MACAO COMMERCIAL OFFSHORE) CO LTD,MACAO,ZHENJIANG,CHINA (MAINLAND)
2021,470329,SINAR MAS,OKI,SULTAN MAHMUD BADARUDDIN (U),SUMATERA SELATAN,3000,1347450,CHINA UNION,CHINA UNION (MACAO COMMERCIAL OFFSHORE) CO LTD,MACAO,ZHENJIANG,CHINA (MAINLAND)
2021,470329,SINAR MAS,OKI,SULTAN MAHMUD BADARUDDIN (U),SUMATERA SELATAN,3000,1347450,CHINA UNION,CHINA UNION (MACAO COMMERCIAL OFFSHORE) CO LTD,MACAO,ZHENJIANG,CHINA (MAINLAND)
2021,470329,SINAR MAS,OKI,SULTAN MAHMUD BADARUDDIN (U),SUMATERA SELATAN,1886,847097,CHINA UNION,CHINA UNION (MACAO COMMERCIAL OFFSHORE) CO LTD,MACAO,ZHENJIANG,CHINA (MAINLAND)
2021,470329,SINAR MAS,OKI,SULTAN MAHMUD BADARUDDIN (U),SUMATERA SELATAN,3000,1348950,UNKNOWN AFFILIATION,BRIGHTENING SKY CO LTD,CHINA (HONG KONG),CHANGSHU,CHINA (MAINLAND)
2021,470329,SINAR MAS,OKI,SULTAN MAHMUD BADARUDDIN (U),SUMATERA SELATAN,7600,3675740,SINAR MAS,GOLDEN PROFIT TRADING PTE LTD,SINGAPORE,CHANGSHU,CHINA (MAINLAND)
2021,470329,SINAR MAS,OKI,SULTAN MAHMUD BADARUDDIN (U),SUMATERA SELATAN,7436,3327610,UNKNOWN AFFILIATION,FREELAND UNIVERSAL LTD,CHINA (HONG KONG),SHANGHAI,CHINA (MAINLAND)
2021,470329,SINAR MAS,OKI,SULTAN MAHMUD BADARUDDIN (U),SUMATERA SELATAN,2500,1203750,UNKNOWN AFFILIATION,FREELAND UNIVERSAL LTD,CHINA (HONG KONG),SHANGHAI,CHINA (MAINLAND)
2021,470329,SINAR MAS,OKI,SULTAN MAHMUD BADARUDDIN (U),SUMATERA SELATAN,3000,1444500,UNKNOWN AFFILIATION,FREELAND UNIVERSAL LTD,CHINA (HONG KONG),SHANGHAI,CHINA (MAINLAND)
2021,470329,SINAR MAS,OKI,SULTAN MAHMUD BADARUDDIN (U),SUMATERA SELATAN,3000,1324500,SINAR MAS,GOLDEN PROFIT TRADING PTE LTD,SINGAPORE,SHANGHAI,CHINA (MAINLAND)
2021,470329,SINAR MAS,OKI,SULTAN MAHMUD BADARUDDIN (U),SUMATERA SELATAN,9500,4574250,SINAR MAS,GOLDEN PROFIT TRADING PTE LTD,SINGAPORE,CHANGSHU,CHINA (MAINLAND)
2021,470329,SINAR MAS,OKI,SULTAN MAHMUD BADARUDDIN (U),SUMATERA SELATAN,7400,3283010,CHINA UNION,CHINA UNION (MACAO COMMERCIAL OFFSHORE) CO LTD,MACAO,QINGDAO,CHINA (MAINLAND)
2021,470329,SINAR MAS,OKI,SULTAN MAHMUD BADARUDDIN (U),SUMATERA SELATAN,5000,2418250,SINAR MAS,GOLDEN PROFIT TRADING PTE LTD,SINGAPORE,QINGDAO,CHINA (MAINLAND)
2021,470329,SINAR MAS,OKI,SULTAN MAHMUD BADARUDDIN (U),SUMATERA SELATAN,500,241500,SINAR MAS,GOLDEN PROFIT TRADING PTE LTD,SINGAPORE,HAIPHONG,VIETNAM
2021,470329,SINAR MAS,OKI,SULTAN MAHMUD BADARUDDIN (U),SUMATERA SELATAN,2000,906000,SINAR MAS,GOLDEN PROFIT TRADING PTE LTD,SINGAPORE,HAIPHONG,VIETNAM
2021,470329,SINAR MAS,OKI,SULTAN MAHMUD BADARUDDIN (U),SUMATERA SELATAN,1500,679500,SINAR MAS,GOLDEN PROFIT TRADING PTE LTD,SINGAPORE,HAIPHONG,VIETNAM
2021,470329,SINAR MAS,OKI,SULTAN MAHMUD BADARUDDIN (U),SUMATERA SELATAN,2000,906000,SINAR MAS,GOLDEN PROFIT TRADING PTE LTD,SINGAPORE,HAIPHONG,VIETNAM
2021,470329,SINAR MAS,OKI,SULTAN MAHMUD BADARUDDIN (U),SUMATERA SELATAN,1000,483000,SINAR MAS,GOLDEN PROFIT TRADING PTE LTD,SINGAPORE,HAIPHONG,VIETNAM
2021,470329,MARUBENI,TANJUNG ENIM LESTARI,PANJANG,SUMATERA SELATAN,278,178929,NTPM HOLDINGS BHD,NTPM (VIETNAM) CO LTD,VIETNAM,CAT LAI,VIETNAM
2021,470329,SINAR MAS,OKI,SULTAN MAHMUD BADARUDDIN (U),SUMATERA SELATAN,5000,2265250,SINAR MAS,GOLDEN PROFIT TRADING PTE LTD,SINGAPORE,GUNSAN (ES KUNSAN),SOUTH KOREA
2021,470329,SINAR MAS,OKI,SULTAN MAHMUD BADARUDDIN (U),SUMATERA SELATAN,1500,679575,SINAR MAS,GOLDEN PROFIT TRADING PTE LTD,SINGAPORE,GUNSAN (ES KUNSAN),SOUTH KOREA
2021,470329,SINAR MAS,OKI,SULTAN MAHMUD BADARUDDIN (U),SUMATERA SELATAN,300,144915,SINAR MAS,GOLDEN PROFIT TRADING PTE LTD,SINGAPORE,GUNSAN (ES KUNSAN),SOUTH KOREA
2021,470329,SINAR MAS,OKI,SULTAN MAHMUD BADARUDDIN (U),SUMATERA SELATAN,4728,2283860,SINAR MAS,GOLDEN PROFIT TRADING PTE LTD,SINGAPORE,GUNSAN (ES KUNSAN),SOUTH KOREA
2021,470329,MARUBENI,TANJUNG ENIM LESTARI,PANJANG,SUMATERA SELATAN,232,125865,VINDA,VINDA PAPER (CHINA) CO LTD,CHINA (MAINLAND),XINHUI,CHINA (MAINLAND)
2021,470329,MARUBENI,TANJUNG ENIM LESTARI,PANJANG,SUMATERA SELATAN,462,199995,VINDA,VINDA PAPER (ZHEJIANG) CO LTD,CHINA (MAINLAND),NINGBO,CHINA (MAINLAND)
2021,470329,MARUBENI,TANJUNG ENIM LESTARI,PANJANG,SUMATERA SELATAN,464,200930,VINDA,VINDA PAPER (ZHEJIANG) CO LTD,CHINA (MAINLAND),NINGBO,CHINA (MAINLAND)
2021,470329,MARUBENI,TANJUNG ENIM LESTARI,PANJANG,SUMATERA SELATAN,278,177469,UNKNOWN AFFILIATION,NIBONG TEBAL PAPER MILL SDN BHD,MALAYSIA,PENANG (GEORGETOWN),MALAYSIA
2021,470329,MARUBENI,TANJUNG ENIM LESTARI,PANJANG,SUMATERA SELATAN,462,249960,VINDA,VINDA PERSONAL CARE (CHINA) LTD,CHINA (MAINLAND),WUHAN,CHINA (MAINLAND)
2021,470329,MARUBENI,TANJUNG ENIM LESTARI,PANJANG,SUMATERA SELATAN,460,249134,VINDA,VINDA PERSONAL CARE (CHINA) LTD,CHINA (MAINLAND),WUHAN,CHINA (MAINLAND)
2021,470329,MARUBENI,TANJUNG ENIM LESTARI,PANJANG,SUMATERA SELATAN,103,52026,UNKNOWN AFFILIATION,NB ENTREPRENEURS,INDIA,JAWAHARLAL NEHRU (NHAVA S,INDIA
2021,470329,MARUBENI,TANJUNG ENIM LESTARI,PANJANG,SUMATERA SELATAN,105,56665,UNKNOWN AFFILIATION,WANGPAPER CO LTD,THAILAND,BANGKOK,THAILAND
2021,470329,MARUBENI,TANJUNG ENIM LESTARI,PANJANG,SUMATERA SELATAN,480,303774,UNKNOWN AFFILIATION,ELITE KRAFT PAPER CO LTD,THAILAND,LAEM CHABANG,THAILAND
2021,470329,MARUBENI,TANJUNG ENIM LESTARI,PANJANG,SUMATERA SELATAN,106,67214,UNKNOWN AFFILIATION,VECHEM ORGANICS PVT LTD,INDIA,JAWAHARLAL NEHRU (NHAVA S,INDIA
2021,470329,MARUBENI,TANJUNG ENIM LESTARI,TARAHAN,SUMATERA SELATAN,745,349267,VINDA,VINDA PAPER (SHANDONG) CO LTD,CHINA (MAINLAND),QINGDAO,CHINA (MAINLAND)
2021,470329,MARUBENI,TANJUNG ENIM LESTARI,TARAHAN,SUMATERA SELATAN,931,436423,VINDA,VINDA PAPER (SHANDONG) CO LTD,CHINA (MAINLAND),QINGDAO,CHINA (MAINLAND)
2021,470329,MARUBENI,TANJUNG ENIM LESTARI,TARAHAN,SUMATERA SELATAN,1889,1067275,UNKNOWN AFFILIATION,KING ADVANCEMENT DEVELOPMENT (HONG KONG) LTD,CHINA (HONG KONG),QINGDAO,CHINA (MAINLAND)
2021,470329,MARUBENI,TANJUNG ENIM LESTARI,TARAHAN,SUMATERA SELATAN,1419,802121,UNKNOWN AFFILIATION,KING ADVANCEMENT DEVELOPMENT (HONG KONG) LTD,CHINA (HONG KONG),QINGDAO,CHINA (MAINLAND)
2021,470329,MARUBENI,TANJUNG ENIM LESTARI,TARAHAN,SUMATERA SELATAN,476,269094,UNKNOWN AFFILIATION,OVERSEAS RESOURCES CO LTD,CHINA (HONG KONG),QINGDAO,CHINA (MAINLAND)
2021,470329,MARUBENI,TANJUNG ENIM LESTARI,TARAHAN,SUMATERA SELATAN,600,331514,HONG WON,HONG WON PAPER MFG CO LTD,SOUTH KOREA,PYONGTAEK,SOUTH KOREA
2021,470329,MARUBENI,TANJUNG ENIM LESTARI,TARAHAN,SUMATERA SELATAN,500,276390,HONG WON,HONG WON PAPER MFG CO LTD,SOUTH KOREA,PYONGTAEK,SOUTH KOREA
2021,470329,MARUBENI,TANJUNG ENIM LESTARI,TARAHAN,SUMATERA SELATAN,502,281482,HANSOL,HANSOL PAPER CO LTD,SOUTH KOREA,PYONGTAEK,SOUTH KOREA
2021,470329,MARUBENI,TANJUNG ENIM LESTARI,TARAHAN,SUMATERA SELATAN,400,262320,HONG WON,HONG WON PAPER MFG CO LTD,SOUTH KOREA,PYONGTAEK,SOUTH KOREA
2021,470329,MARUBENI,TANJUNG ENIM LESTARI,TARAHAN,SUMATERA SELATAN,701,459392,HONG WON,HONG WON PAPER MFG CO LTD,SOUTH KOREA,PYONGTAEK,SOUTH KOREA
2021,470329,MARUBENI,TANJUNG ENIM LESTARI,TARAHAN,SUMATERA SELATAN,1001,656112,HONG WON,HONG WON PAPER MFG CO LTD,SOUTH KOREA,PYONGTAEK,SOUTH KOREA
2021,470329,MARUBENI,TANJUNG ENIM LESTARI,TARAHAN,SUMATERA SELATAN,501,328409,HONG WON,HONG WON PAPER MFG CO LTD,SOUTH KOREA,PYONGTAEK,SOUTH KOREA
2021,470329,MARUBENI,TANJUNG ENIM LESTARI,TARAHAN,SUMATERA SELATAN,500,333382,HANSOL,HANSOL PAPER CO LTD,SOUTH KOREA,PYONGTAEK,SOUTH KOREA
2021,470329,MARUBENI,TANJUNG ENIM LESTARI,PANJANG,SUMATERA SELATAN,457,195838,UNKNOWN AFFILIATION,AMBER SUPER PAPER LIMITED,BANGLADESH,CHITTAGONG,BANGLADESH
2021,470329,MARUBENI,TANJUNG ENIM LESTARI,PANJANG,SUMATERA SELATAN,104,52620,UNKNOWN AFFILIATION,ACCENT MICROCELL PTE LTD,INDIA,JAWAHARLAL NEHRU (NHAVA S,INDIA
2021,470329,MARUBENI,TANJUNG ENIM LESTARI,PANJANG,SUMATERA SELATAN,95,62850,MARUBENI,MARUBENI CORP,JAPAN,SHIMIZU,JAPAN
2021,470329,MARUBENI,TANJUNG ENIM LESTARI,PANJANG,SUMATERA SELATAN,96,63660,NIPPON PAPER,NIPPON PAPER INDUSTRIES CO LTD,JAPAN,SHIMIZU,JAPAN
2021,470329,MARUBENI,TANJUNG ENIM LESTARI,PANJANG,SUMATERA SELATAN,76,50057,MARUBENI,MARUBENI CORP,JAPAN,SHIMIZU,JAPAN
2021,470329,MARUBENI,TANJUNG ENIM LESTARI,PANJANG,SUMATERA SELATAN,94,62734,NIPPON PAPER,NIPPON PAPER INDUSTRIES CO LTD,JAPAN,OSAKA,JAPAN
2021,470329,MARUBENI,TANJUNG ENIM LESTARI,PANJANG,SUMATERA SELATAN,19,12811,MARUBENI,MARUBENI CORP,JAPAN,OSAKA,JAPAN
2021,470329,MARUBENI,TANJUNG ENIM LESTARI,PANJANG,SUMATERA SELATAN,283,187504,DAIO PAPER CORP,TOKYO PULP AND PAPER INTERNATIONAL CO LTD,JAPAN,TOMAKOMAI,JAPAN
2021,470329,MARUBENI,TANJUNG ENIM LESTARI,PANJANG,SUMATERA SELATAN,104,66363,UNKNOWN AFFILIATION,VECHEM ORGANICS PVT LTD,INDIA,JAWAHARLAL NEHRU (NHAVA S,INDIA
2021,470329,MARUBENI,TANJUNG ENIM LESTARI,PANJANG,SUMATERA SELATAN,103,65404,UNKNOWN AFFILIATION,VECHEM ORGANICS PVT LTD,INDIA,JAWAHARLAL NEHRU (NHAVA S,INDIA
2021,470329,MARUBENI,TANJUNG ENIM LESTARI,PANJANG,SUMATERA SELATAN,105,66777,UNKNOWN AFFILIATION,NB ENTREPRENEURS,INDIA,JAWAHARLAL NEHRU (NHAVA S,INDIA
2021,470329,MARUBENI,TANJUNG ENIM LESTARI,PANJANG,SUMATERA SELATAN,451,245157,VINDA,VINDA PERSONAL CARE (CHINA) LTD,CHINA (MAINLAND),WUHAN,CHINA (MAINLAND)
2021,470329,MARUBENI,TANJUNG ENIM LESTARI,PANJANG,SUMATERA SELATAN,456,247893,VINDA,VINDA PERSONAL CARE (CHINA) LTD,CHINA (MAINLAND),WUHAN,CHINA (MAINLAND)
2021,470329,MARUBENI,TANJUNG ENIM LESTARI,PANJANG,SUMATERA SELATAN,451,245055,VINDA,VINDA PERSONAL CARE (CHINA) LTD,CHINA (MAINLAND),WUHAN,CHINA (MAINLAND)
2021,470329,MARUBENI,TANJUNG ENIM LESTARI,PANJANG,SUMATERA SELATAN,271,171569,UNKNOWN AFFILIATION,PAPERTECH INDUSTRIES LTD,BANGLADESH,CHITTAGONG,BANGLADESH
2021,470329,MARUBENI,TANJUNG ENIM LESTARI,PANJANG,SUMATERA SELATAN,457,246050,VINDA,VINDA PAPER (LIAONING) CO LTD,CHINA (MAINLAND),YINGKOU,CHINA (MAINLAND)
2021,470329,MARUBENI,TANJUNG ENIM LESTARI,PANJANG,SUMATERA SELATAN,226,121563,VINDA,VINDA PAPER (LIAONING) CO LTD,CHINA (MAINLAND),YINGKOU,CHINA (MAINLAND)
2021,470329,MARUBENI,TANJUNG ENIM LESTARI,PANJANG,SUMATERA SELATAN,452,243421,VINDA,VINDA PAPER (ZHEJIANG) CO LTD,CHINA (MAINLAND),NINGBO,CHINA (MAINLAND)
2021,470329,MARUBENI,TANJUNG ENIM LESTARI,PANJANG,SUMATERA SELATAN,454,244453,VINDA,VINDA PAPER (ZHEJIANG) CO LTD,CHINA (MAINLAND),NINGBO,CHINA (MAINLAND)
2021,470329,MARUBENI,TANJUNG ENIM LESTARI,PANJANG,SUMATERA SELATAN,458,246902,VINDA,VINDA PAPER (LIAONING) CO LTD,CHINA (MAINLAND),YINGKOU,CHINA (MAINLAND)
2021,470329,MARUBENI,TANJUNG ENIM LESTARI,PANJANG,SUMATERA SELATAN,106,67674,UNKNOWN AFFILIATION,VECHEM ORGANICS PVT LTD,INDIA,JAWAHARLAL NEHRU (NHAVA S,INDIA
2021,470329,MARUBENI,TANJUNG ENIM LESTARI,PANJANG,SUMATERA SELATAN,105,66774,UNKNOWN AFFILIATION,NB ENTREPRENEURS,INDIA,JAWAHARLAL NEHRU (NHAVA S,INDIA
2021,470329,MARUBENI,TANJUNG ENIM LESTARI,PANJANG,SUMATERA SELATAN,106,75483,UNKNOWN AFFILIATION,VECHEM ORGANICS PVT LTD,INDIA,PIPAVAV (VICTOR) PORT,INDIA
2021,470329,MARUBENI,TANJUNG ENIM LESTARI,PANJANG,SUMATERA SELATAN,106,75745,UNKNOWN AFFILIATION,VECHEM ORGANICS PVT LTD,INDIA,PIPAVAV (VICTOR) PORT,INDIA
2021,470329,MARUBENI,TANJUNG ENIM LESTARI,PANJANG,SUMATERA SELATAN,507,331741,VINDA,VINDA PERSONAL CARE (CHINA) LTD,CHINA (MAINLAND),WUHAN,CHINA (MAINLAND)
2021,470329,MARUBENI,TANJUNG ENIM LESTARI,PANJANG,SUMATERA SELATAN,510,333861,VINDA,VINDA PERSONAL CARE (CHINA) LTD,CHINA (MAINLAND),WUHAN,CHINA (MAINLAND)
2021,470200,ROYAL GOLDEN EAGLE,APRIL,FUTONG,RIAU,507,303442,ROYAL GOLDEN EAGLE,APRIL FAR EAST MALAYSIA SDN BHD,MALAYSIA,PORT KELANG,CHINA (MAINLAND)
2021,470200,ROYAL GOLDEN EAGLE,APRIL,FUTONG,RIAU,504,301809,ROYAL GOLDEN EAGLE,APRIL FAR EAST MALAYSIA SDN BHD,MALAYSIA,PORT KELANG,CHINA (MAINLAND)
2021,470200,ROYAL GOLDEN EAGLE,APRIL,FUTONG,RIAU,486,291298,ROYAL GOLDEN EAGLE,APRIL FAR EAST MALAYSIA SDN BHD,MALAYSIA,PORT KELANG,CHINA (MAINLAND)
2021,470200,ROYAL GOLDEN EAGLE,APRIL,FUTONG,RIAU,507,303435,ROYAL GOLDEN EAGLE,APRIL FAR EAST MALAYSIA SDN BHD,MALAYSIA,PORT KELANG,CHINA (MAINLAND)
2021,470200,ROYAL GOLDEN EAGLE,APRIL,FUTONG,RIAU,506,302812,ROYAL GOLDEN EAGLE,APRIL FAR EAST MALAYSIA SDN BHD,MALAYSIA,PORT KELANG,CHINA (MAINLAND)
2021,470200,ROYAL GOLDEN EAGLE,APRIL,FUTONG,RIAU,507,303671,ROYAL GOLDEN EAGLE,APRIL FAR EAST MALAYSIA SDN BHD,MALAYSIA,PORT KELANG,CHINA (MAINLAND)
2021,470200,ROYAL GOLDEN EAGLE,APRIL,FUTONG,RIAU,506,303219,ROYAL GOLDEN EAGLE,APRIL FAR EAST MALAYSIA SDN BHD,MALAYSIA,PORT KELANG,CHINA (MAINLAND)
2021,470200,ROYAL GOLDEN EAGLE,APRIL,FUTONG,RIAU,507,303459,ROYAL GOLDEN EAGLE,APRIL FAR EAST MALAYSIA SDN BHD,MALAYSIA,PORT KELANG,CHINA (MAINLAND)
2021,470200,ROYAL GOLDEN EAGLE,APRIL,FUTONG,RIAU,20,12163,ROYAL GOLDEN EAGLE,APRIL FAR EAST MALAYSIA SDN BHD,MALAYSIA,PORT KELANG,CHINA (MAINLAND)
2021,470329,ROYAL GOLDEN EAGLE,APRIL,BUATAN,RIAU,80,34113,ROYAL GOLDEN EAGLE,APRIL INTERNATIONAL ENTEPRISE PTE LTD,SINGAPORE,SINGAPORE,INDIA
2021,470200,ROYAL GOLDEN EAGLE,APRIL,BUATAN,RIAU,506,357504,ROYAL GOLDEN EAGLE,APRIL FAR EAST MALAYSIA SDN BHD,MALAYSIA,SINGAPORE,CHINA (MAINLAND)
2021,470329,ROYAL GOLDEN EAGLE,APRIL,BUATAN,RIAU,503,213088,ROYAL GOLDEN EAGLE,APRIL INTERNATIONAL ENTEPRISE PTE LTD,SINGAPORE,SINGAPORE,INDIA
2021,470329,ROYAL GOLDEN EAGLE,APRIL,BUATAN,RIAU,301,127777,ROYAL GOLDEN EAGLE,APRIL INTERNATIONAL ENTEPRISE PTE LTD,SINGAPORE,SINGAPORE,INDIA
2021,470329,ROYAL GOLDEN EAGLE,APRIL,FUTONG,RIAU,201,85071,ROYAL GOLDEN EAGLE,APRIL INTERNATIONAL ENTEPRISE PTE LTD,SINGAPORE,PORT KELANG,INDIA
2021,470200,ROYAL GOLDEN EAGLE,APRIL,FUTONG,RIAU,7900,4745049,ROYAL GOLDEN EAGLE,APRIL FAR EAST MALAYSIA SDN BHD,MALAYSIA,CHANGSHU,CHINA (MAINLAND)
2021,470329,ROYAL GOLDEN EAGLE,APRIL,FUTONG,RIAU,2212,1077122,ROYAL GOLDEN EAGLE,APRIL INTERNATIONAL ENTEPRISE PTE LTD,SINGAPORE,HAIPHONG,VIETNAM
2021,470329,ROYAL GOLDEN EAGLE,APRIL,BUATAN,RIAU,241,117448,ROYAL GOLDEN EAGLE,APRIL INTERNATIONAL ENTEPRISE PTE LTD,SINGAPORE,SINGAPORE,UNITED ARAB EMIRATES
2021,470329,SINAR MAS,INDAH KIAT,PERAWANG,RIAU,80,34727,SINAR MAS,GOLDEN PROFIT TRADING PTE LTD,SINGAPORE,EL ISKANDARIYA (= ALEXAND,EGYPT
2021,470329,SINAR MAS,INDAH KIAT,PERAWANG,RIAU,480,223176,SINAR MAS,GOLDEN PROFIT TRADING PTE LTD,SINGAPORE,JEBEL ALI,UNITED ARAB EMIRATES
2021,470329,SINAR MAS,INDAH KIAT,PERAWANG,RIAU,480,223176,SINAR MAS,GOLDEN PROFIT TRADING PTE LTD,SINGAPORE,JEBEL ALI,UNITED ARAB EMIRATES
2021,470200,ROYAL GOLDEN EAGLE,APRIL,FUTONG,RIAU,15188,10737777,ROYAL GOLDEN EAGLE,APRIL FAR EAST MALAYSIA SDN BHD,MALAYSIA,CHANGSHU,CHINA (MAINLAND)
2021,470200,ROYAL GOLDEN EAGLE,APRIL,FUTONG,RIAU,7523,4724896,ROYAL GOLDEN EAGLE,APRIL FAR EAST MALAYSIA SDN BHD,MALAYSIA,LIANYUNGANG,CHINA (MAINLAND)
2021,470329,ROYAL GOLDEN EAGLE,APRIL,BUATAN,RIAU,161,78226,ROYAL GOLDEN EAGLE,APRIL INTERNATIONAL ENTEPRISE PTE LTD,SINGAPORE,SINGAPORE,INDIA
2021,470329,ROYAL GOLDEN EAGLE,APRIL,BUATAN,RIAU,401,195468,ROYAL GOLDEN EAGLE,APRIL FAR EAST MALAYSIA SDN BHD,MALAYSIA,SINGAPORE,CHINA (MAINLAND)
2021,470200,ROYAL GOLDEN EAGLE,APRIL,FUTONG,RIAU,506,303083,ROYAL GOLDEN EAGLE,APRIL FAR EAST MALAYSIA SDN BHD,MALAYSIA,PORT KELANG,CHINA (MAINLAND)
2021,470200,ROYAL GOLDEN EAGLE,APRIL,FUTONG,RIAU,505,302774,ROYAL GOLDEN EAGLE,APRIL FAR EAST MALAYSIA SDN BHD,MALAYSIA,PORT KELANG,CHINA (MAINLAND)
2021,470200,ROYAL GOLDEN EAGLE,APRIL,FUTONG,RIAU,504,301938,ROYAL GOLDEN EAGLE,APRIL FAR EAST MALAYSIA SDN BHD,MALAYSIA,PORT KELANG,CHINA (MAINLAND)
2021,470200,ROYAL GOLDEN EAGLE,APRIL,FUTONG,RIAU,507,303641,ROYAL GOLDEN EAGLE,APRIL FAR EAST MALAYSIA SDN BHD,MALAYSIA,PORT KELANG,CHINA (MAINLAND)
2021,470200,ROYAL GOLDEN EAGLE,APRIL,FUTONG,RIAU,506,302818,ROYAL GOLDEN EAGLE,APRIL FAR EAST MALAYSIA SDN BHD,MALAYSIA,PORT KELANG,CHINA (MAINLAND)
2021,470200,ROYAL GOLDEN EAGLE,APRIL,FUTONG,RIAU,385,272088,ROYAL GOLDEN EAGLE,APRIL FAR EAST MALAYSIA SDN BHD,MALAYSIA,PORT KELANG,CHINA (MAINLAND)
2021,470200,ROYAL GOLDEN EAGLE,APRIL,FUTONG,RIAU,506,303182,ROYAL GOLDEN EAGLE,APRIL FAR EAST MALAYSIA SDN BHD,MALAYSIA,PORT KELANG,CHINA (MAINLAND)
2021,470200,ROYAL GOLDEN EAGLE,APRIL,FUTONG,RIAU,506,303108,ROYAL GOLDEN EAGLE,APRIL FAR EAST MALAYSIA SDN BHD,MALAYSIA,PORT KELANG,CHINA (MAINLAND)
2021,470200,ROYAL GOLDEN EAGLE,APRIL,FUTONG,RIAU,506,303179,ROYAL GOLDEN EAGLE,APRIL FAR EAST MALAYSIA SDN BHD,MALAYSIA,PORT KELANG,CHINA (MAINLAND)
2021,470329,ROYAL GOLDEN EAGLE,APRIL,BUATAN,RIAU,301,146795,ROYAL GOLDEN EAGLE,APRIL INTERNATIONAL ENTEPRISE PTE LTD,SINGAPORE,SINGAPORE,INDIA
2021,470329,SINAR MAS,INDAH KIAT,PERAWANG,RIAU,700,314300,CHINA UNION,CHINA UNION (MACAO COMMERCIAL OFFSHORE) CO LTD,MACAO,DAGANG,CHINA (MAINLAND)
2021,470329,SINAR MAS,INDAH KIAT,PERAWANG,RIAU,4000,1796000,CHINA UNION,CHINA UNION (MACAO COMMERCIAL OFFSHORE) CO LTD,MACAO,DAGANG,CHINA (MAINLAND)
2021,470329,SINAR MAS,INDAH KIAT,PERAWANG,RIAU,4000,1796000,CHINA UNION,CHINA UNION (MACAO COMMERCIAL OFFSHORE) CO LTD,MACAO,DAGANG,CHINA (MAINLAND)
2021,470329,SINAR MAS,INDAH KIAT,PERAWANG,RIAU,1600,718400,CHINA UNION,CHINA UNION (MACAO COMMERCIAL OFFSHORE) CO LTD,MACAO,DAGANG,CHINA (MAINLAND)
2021,470329,ROYAL GOLDEN EAGLE,APRIL,BUATAN,RIAU,359,174666,ROYAL GOLDEN EAGLE,APRIL INTERNATIONAL ENTEPRISE PTE LTD,SINGAPORE,SINGAPORE,LEBANON
2021,470329,SINAR MAS,INDAH KIAT,PERAWANG,RIAU,180,77888,SINAR MAS,GOLDEN PROFIT TRADING PTE LTD,SINGAPORE,EL ISKANDARIYA (= ALEXAND,EGYPT
2021,470200,ROYAL GOLDEN EAGLE,APRIL,FUTONG,RIAU,508,359403,ROYAL GOLDEN EAGLE,APRIL FAR EAST MALAYSIA SDN BHD,MALAYSIA,PORT KELANG,CHINA (MAINLAND)
2021,470329,SINAR MAS,INDAH KIAT,PERAWANG,RIAU,500,226438,SINAR MAS,GOLDEN PROFIT TRADING PTE LTD,SINGAPORE,ABU DHABI,UNITED ARAB EMIRATES
2021,470200,ROYAL GOLDEN EAGLE,APRIL,FUTONG,RIAU,506,357717,ROYAL GOLDEN EAGLE,APRIL FAR EAST MALAYSIA SDN BHD,MALAYSIA,PORT KELANG,CHINA (MAINLAND)
2021,470200,ROYAL GOLDEN EAGLE,APRIL,FUTONG,RIAU,508,359338,ROYAL GOLDEN EAGLE,APRIL FAR EAST MALAYSIA SDN BHD,MALAYSIA,PORT KELANG,CHINA (MAINLAND)
2021,470200,ROYAL GOLDEN EAGLE,APRIL,FUTONG,RIAU,505,357347,ROYAL GOLDEN EAGLE,APRIL FAR EAST MALAYSIA SDN BHD,MALAYSIA,PORT KELANG,CHINA (MAINLAND)
2021,470329,ROYAL GOLDEN EAGLE,APRIL,BUATAN,RIAU,503,244961,ROYAL GOLDEN EAGLE,APRIL INTERNATIONAL ENTEPRISE PTE LTD,SINGAPORE,SINGAPORE,INDIA
2021,470329,SINAR MAS,INDAH KIAT,PERAWANG,RIAU,500,226438,SINAR MAS,GOLDEN PROFIT TRADING PTE LTD,SINGAPORE,ABU DHABI,UNITED ARAB EMIRATES
2021,470329,ROYAL GOLDEN EAGLE,APRIL,BUATAN,RIAU,302,147186,ROYAL GOLDEN EAGLE,APRIL INTERNATIONAL ENTEPRISE PTE LTD,SINGAPORE,SINGAPORE,VIETNAM
2021,470329,ROYAL GOLDEN EAGLE,APRIL,FUTONG,RIAU,10049,4893891,ROYAL GOLDEN EAGLE,APRIL INTERNATIONAL ENTEPRISE PTE LTD,SINGAPORE,CHITTAGONG,BANGLADESH
2021,470200,ROYAL GOLDEN EAGLE,APRIL,FUTONG,RIAU,506,302921,ROYAL GOLDEN EAGLE,APRIL FAR EAST MALAYSIA SDN BHD,MALAYSIA,PORT KELANG,CHINA (MAINLAND)
2021,470200,ROYAL GOLDEN EAGLE,APRIL,FUTONG,RIAU,505,302625,ROYAL GOLDEN EAGLE,APRIL FAR EAST MALAYSIA SDN BHD,MALAYSIA,PORT KELANG,CHINA (MAINLAND)
2021,470200,ROYAL GOLDEN EAGLE,APRIL,FUTONG,RIAU,40,24170,ROYAL GOLDEN EAGLE,APRIL FAR EAST MALAYSIA SDN BHD,MALAYSIA,PORT KELANG,CHINA (MAINLAND)
2021,470200,ROYAL GOLDEN EAGLE,APRIL,FUTONG,RIAU,507,303803,ROYAL GOLDEN EAGLE,APRIL FAR EAST MALAYSIA SDN BHD,MALAYSIA,PORT KELANG,CHINA (MAINLAND)
2021,470200,ROYAL GOLDEN EAGLE,APRIL,FUTONG,RIAU,468,280157,ROYAL GOLDEN EAGLE,APRIL FAR EAST MALAYSIA SDN BHD,MALAYSIA,PORT KELANG,CHINA (MAINLAND)
2021,470329,ROYAL GOLDEN EAGLE,APRIL,BUATAN,RIAU,201,98031,ROYAL GOLDEN EAGLE,APRIL INTERNATIONAL ENTEPRISE PTE LTD,SINGAPORE,SINGAPORE,INDIA
2021,470329,ROYAL GOLDEN EAGLE,APRIL,BUATAN,RIAU,262,127545,ROYAL GOLDEN EAGLE,APRIL INTERNATIONAL ENTEPRISE PTE LTD,SINGAPORE,SINGAPORE,UNITED ARAB EMIRATES
2021,470329,ROYAL GOLDEN EAGLE,APRIL,BUATAN,RIAU,60,25556,ROYAL GOLDEN EAGLE,APRIL INTERNATIONAL ENTEPRISE PTE LTD,SINGAPORE,SINGAPORE,INDIA
2021,470329,SINAR MAS,INDAH KIAT,PERAWANG,RIAU,480,223176,SINAR MAS,GOLDEN PROFIT TRADING PTE LTD,SINGAPORE,JEBEL ALI,UNITED ARAB EMIRATES
2021,470200,ROYAL GOLDEN EAGLE,APRIL,FUTONG,RIAU,203,143177,ROYAL GOLDEN EAGLE,APRIL FAR EAST MALAYSIA SDN BHD,MALAYSIA,SHANGHAI,CHINA (MAINLAND)
2021,470200,ROYAL GOLDEN EAGLE,APRIL,FUTONG,RIAU,607,429390,ROYAL GOLDEN EAGLE,APRIL FAR EAST MALAYSIA SDN BHD,MALAYSIA,SHANGHAI,CHINA (MAINLAND)
2021,470200,ROYAL GOLDEN EAGLE,APRIL,FUTONG,RIAU,506,357980,ROYAL GOLDEN EAGLE,APRIL FAR EAST MALAYSIA SDN BHD,MALAYSIA,SHANGHAI,CHINA (MAINLAND)
2021,470200,ROYAL GOLDEN EAGLE,APRIL,FUTONG,RIAU,1012,715327,ROYAL GOLDEN EAGLE,APRIL FAR EAST MALAYSIA SDN BHD,MALAYSIA,SHANGHAI,CHINA (MAINLAND)
2021,470200,ROYAL GOLDEN EAGLE,APRIL,FUTONG,RIAU,1012,715341,ROYAL GOLDEN EAGLE,APRIL FAR EAST MALAYSIA SDN BHD,MALAYSIA,SHANGHAI,CHINA (MAINLAND)
2021,470200,ROYAL GOLDEN EAGLE,APRIL,FUTONG,RIAU,1013,716048,ROYAL GOLDEN EAGLE,APRIL FAR EAST MALAYSIA SDN BHD,MALAYSIA,SHANGHAI,CHINA (MAINLAND)
2021,470200,ROYAL GOLDEN EAGLE,APRIL,FUTONG,RIAU,1011,714722,ROYAL GOLDEN EAGLE,APRIL FAR EAST MALAYSIA SDN BHD,MALAYSIA,SHANGHAI,CHINA (MAINLAND)
2021,470200,ROYAL GOLDEN EAGLE,APRIL,FUTONG,RIAU,1012,715600,ROYAL GOLDEN EAGLE,APRIL FAR EAST MALAYSIA SDN BHD,MALAYSIA,SHANGHAI,CHINA (MAINLAND)
2021,470200,ROYAL GOLDEN EAGLE,APRIL,FUTONG,RIAU,1011,714972,ROYAL GOLDEN EAGLE,APRIL FAR EAST MALAYSIA SDN BHD,MALAYSIA,FUZHOU,CHINA (MAINLAND)
2021,470200,ROYAL GOLDEN EAGLE,APRIL,FUTONG,RIAU,1013,716252,ROYAL GOLDEN EAGLE,APRIL FAR EAST MALAYSIA SDN BHD,MALAYSIA,FUZHOU,CHINA (MAINLAND)
2021,470200,ROYAL GOLDEN EAGLE,APRIL,FUTONG,RIAU,1013,716272,ROYAL GOLDEN EAGLE,APRIL FAR EAST MALAYSIA SDN BHD,MALAYSIA,FUZHOU,CHINA (MAINLAND)
2021,470200,ROYAL GOLDEN EAGLE,APRIL,FUTONG,RIAU,1014,716617,ROYAL GOLDEN EAGLE,APRIL FAR EAST MALAYSIA SDN BHD,MALAYSIA,FUZHOU,CHINA (MAINLAND)
2021,470200,ROYAL GOLDEN EAGLE,APRIL,FUTONG,RIAU,1011,605723,ROYAL GOLDEN EAGLE,APRIL FAR EAST MALAYSIA SDN BHD,MALAYSIA,FUZHOU,CHINA (MAINLAND)
2021,470200,ROYAL GOLDEN EAGLE,APRIL,FUTONG,RIAU,1011,605810,ROYAL GOLDEN EAGLE,APRIL FAR EAST MALAYSIA SDN BHD,MALAYSIA,FUZHOU,CHINA (MAINLAND)
2021,470200,ROYAL GOLDEN EAGLE,APRIL,FUTONG,RIAU,1012,606155,ROYAL GOLDEN EAGLE,APRIL FAR EAST MALAYSIA SDN BHD,MALAYSIA,FUZHOU,CHINA (MAINLAND)
2021,470200,ROYAL GOLDEN EAGLE,APRIL,FUTONG,RIAU,1013,606552,ROYAL GOLDEN EAGLE,APRIL FAR EAST MALAYSIA SDN BHD,MALAYSIA,FUZHOU,CHINA (MAINLAND)
2021,470200,ROYAL GOLDEN EAGLE,APRIL,FUTONG,RIAU,1013,716245,ROYAL GOLDEN EAGLE,APRIL FAR EAST MALAYSIA SDN BHD,MALAYSIA,TANJONG PELEPAS,CHINA (MAINLAND)
2021,470329,ROYAL GOLDEN EAGLE,APRIL,BUATAN,RIAU,241,117428,ROYAL GOLDEN EAGLE,APRIL INTERNATIONAL ENTEPRISE PTE LTD,SINGAPORE,SINGAPORE,INDIA
2021,470329,ROYAL GOLDEN EAGLE,APRIL,BUATAN,RIAU,24,11747,ROYAL GOLDEN EAGLE,APRIL FAR EAST MALAYSIA SDN BHD,MALAYSIA,SINGAPORE,JAPAN
2021,470329,ROYAL GOLDEN EAGLE,APRIL,FUTONG,RIAU,3818,1859376,ROYAL GOLDEN EAGLE,APRIL FAR EAST MALAYSIA SDN BHD,MALAYSIA,GUNSAN (ES KUNSAN),SOUTH KOREA
2021,470329,ROYAL GOLDEN EAGLE,APRIL,FUTONG,RIAU,3097,1508268,ROYAL GOLDEN EAGLE,APRIL FAR EAST MALAYSIA SDN BHD,MALAYSIA,QINGDAO,CHINA (MAINLAND)
2021,470329,ROYAL GOLDEN EAGLE,APRIL,FUTONG,RIAU,3115,1516764,ROYAL GOLDEN EAGLE,APRIL FAR EAST MALAYSIA SDN BHD,MALAYSIA,PYONGTAEK,SOUTH KOREA
2021,470329,ROYAL GOLDEN EAGLE,APRIL,FUTONG,RIAU,4021,1958115,ROYAL GOLDEN EAGLE,APRIL INTERNATIONAL ENTEPRISE PTE LTD,SINGAPORE,CHITTAGONG,BANGLADESH
2021,470329,ROYAL GOLDEN EAGLE,APRIL,FUTONG,RIAU,4019,1957444,ROYAL GOLDEN EAGLE,APRIL INTERNATIONAL ENTEPRISE PTE LTD,SINGAPORE,HALDIA,INDIA
2021,470329,SINAR MAS,INDAH KIAT,PERAWANG,RIAU,772,342961,UNKNOWN AFFILIATION,FREELAND UNIVERSAL LTD,CHINA (HONG KONG),QINZHOU,CHINA (MAINLAND)
2021,470329,SINAR MAS,INDAH KIAT,PERAWANG,RIAU,2000,892500,UNKNOWN AFFILIATION,FREELAND UNIVERSAL LTD,CHINA (HONG KONG),QINZHOU,CHINA (MAINLAND)
2021,470329,SINAR MAS,INDAH KIAT,PERAWANG,RIAU,3000,1338750,UNKNOWN AFFILIATION,FREELAND UNIVERSAL LTD,CHINA (HONG KONG),QINZHOU,CHINA (MAINLAND)
2021,470329,SINAR MAS,INDAH KIAT,PERAWANG,RIAU,4928,2199120,SINAR MAS,GOLDEN PROFIT TRADING PTE LTD,SINGAPORE,QINZHOU,CHINA (MAINLAND)
2021,470200,ROYAL GOLDEN EAGLE,APRIL,FUTONG,RIAU,506,303196,ROYAL GOLDEN EAGLE,APRIL FAR EAST MALAYSIA SDN BHD,MALAYSIA,PORT KELANG,CHINA (MAINLAND)
2021,470200,ROYAL GOLDEN EAGLE,APRIL,FUTONG,RIAU,506,303290,ROYAL GOLDEN EAGLE,APRIL FAR EAST MALAYSIA SDN BHD,MALAYSIA,PORT KELANG,CHINA (MAINLAND)
2021,470200,ROYAL GOLDEN EAGLE,APRIL,FUTONG,RIAU,506,357972,ROYAL GOLDEN EAGLE,APRIL FAR EAST MALAYSIA SDN BHD,MALAYSIA,PORT KELANG,CHINA (MAINLAND)
2021,470200,ROYAL GOLDEN EAGLE,APRIL,FUTONG,RIAU,506,357831,ROYAL GOLDEN EAGLE,APRIL FAR EAST MALAYSIA SDN BHD,MALAYSIA,PORT KELANG,CHINA (MAINLAND)
2021,470329,SINAR MAS,INDAH KIAT,PERAWANG,RIAU,3000,1345500,CHINA UNION,CHINA UNION (MACAO COMMERCIAL OFFSHORE) CO LTD,MACAO,DAGANG,CHINA (MAINLAND)
2021,470329,SINAR MAS,INDAH KIAT,PERAWANG,RIAU,1200,538200,CHINA UNION,CHINA UNION (MACAO COMMERCIAL OFFSHORE) CO LTD,MACAO,DAGANG,CHINA (MAINLAND)
2021,470329,SINAR MAS,INDAH KIAT,PERAWANG,RIAU,3000,1345500,CHINA UNION,CHINA UNION (MACAO COMMERCIAL OFFSHORE) CO LTD,MACAO,DAGANG,CHINA (MAINLAND)
2021,470329,SINAR MAS,INDAH KIAT,PERAWANG,RIAU,2500,1121250,CHINA UNION,CHINA UNION (MACAO COMMERCIAL OFFSHORE) CO LTD,MACAO,DAGANG,CHINA (MAINLAND)
2021,470329,ROYAL GOLDEN EAGLE,APRIL,BUATAN,RIAU,503,244830,ROYAL GOLDEN EAGLE,APRIL INTERNATIONAL ENTEPRISE PTE LTD,SINGAPORE,SINGAPORE,INDIA
2021,470200,ROYAL GOLDEN EAGLE,APRIL,FUTONG,RIAU,507,358109,ROYAL GOLDEN EAGLE,APRIL FAR EAST MALAYSIA SDN BHD,MALAYSIA,PORT KELANG,CHINA (MAINLAND)
2021,470329,SINAR MAS,INDAH KIAT,PERAWANG,RIAU,3550,1698320,UNKNOWN AFFILIATION,BRIGHTENING SKY CO LTD,CHINA (HONG KONG),NINGBO,CHINA (MAINLAND)
2021,470329,SINAR MAS,INDAH KIAT,PERAWANG,RIAU,3900,1733160,UNKNOWN AFFILIATION,BRIGHTENING SKY CO LTD,CHINA (HONG KONG),NINGBO,CHINA (MAINLAND)
2021,470329,SINAR MAS,INDAH KIAT,PERAWANG,RIAU,2500,1196000,SINAR MAS,GOLDEN PROFIT TRADING PTE LTD,SINGAPORE,CHANGSHU,CHINA (MAINLAND)
2021,470329,SINAR MAS,INDAH KIAT,PERAWANG,RIAU,3300,1578720,UNKNOWN AFFILIATION,FREELAND UNIVERSAL LTD,CHINA (HONG KONG),CHANGSHU,CHINA (MAINLAND)
2021,470329,SINAR MAS,INDAH KIAT,PERAWANG,RIAU,2500,1196000,SINAR MAS,GOLDEN PROFIT TRADING PTE LTD,SINGAPORE,CHANGSHU,CHINA (MAINLAND)
2021,470329,SINAR MAS,INDAH KIAT,PERAWANG,RIAU,16450,7869680,UNKNOWN AFFILIATION,BRIGHTENING SKY CO LTD,CHINA (HONG KONG),NINGBO,CHINA (MAINLAND)
2021,470329,ROYAL GOLDEN EAGLE,APRIL,BUATAN,RIAU,201,97880,ROYAL GOLDEN EAGLE,APRIL INTERNATIONAL ENTEPRISE PTE LTD,SINGAPORE,SINGAPORE,INDIA
2021,470200,ROYAL GOLDEN EAGLE,APRIL,FUTONG,RIAU,102,60984,ROYAL GOLDEN EAGLE,APRIL FAR EAST MALAYSIA SDN BHD,MALAYSIA,PORT KELANG,CHINA (MAINLAND)
2021,470200,ROYAL GOLDEN EAGLE,APRIL,FUTONG,RIAU,508,304174,ROYAL GOLDEN EAGLE,APRIL FAR EAST MALAYSIA SDN BHD,MALAYSIA,PORT KELANG,CHINA (MAINLAND)
2021,470200,ROYAL GOLDEN EAGLE,APRIL,FUTONG,RIAU,506,357680,ROYAL GOLDEN EAGLE,APRIL FAR EAST MALAYSIA SDN BHD,MALAYSIA,PORT KELANG,CHINA (MAINLAND)
2021,470200,ROYAL GOLDEN EAGLE,APRIL,FUTONG,RIAU,405,242461,ROYAL GOLDEN EAGLE,APRIL FAR EAST MALAYSIA SDN BHD,MALAYSIA,PORT KELANG,CHINA (MAINLAND)
2021,470329,ROYAL GOLDEN EAGLE,APRIL,BUATAN,RIAU,60,25581,ROYAL GOLDEN EAGLE,APRIL INTERNATIONAL ENTEPRISE PTE LTD,SINGAPORE,SINGAPORE,INDIA
2021,470329,ROYAL GOLDEN EAGLE,APRIL,BUATAN,RIAU,502,244521,ROYAL GOLDEN EAGLE,APRIL FAR EAST MALAYSIA SDN BHD,MALAYSIA,SINGAPORE,CHINA (MAINLAND)
2021,470329,ROYAL GOLDEN EAGLE,APRIL,FUTONG,RIAU,2036,960024,ROYAL GOLDEN EAGLE,APRIL FAR EAST MALAYSIA SDN BHD,MALAYSIA,IYOMISHIMA,JAPAN
2021,470329,ROYAL GOLDEN EAGLE,APRIL,FUTONG,RIAU,8011,3856809,ROYAL GOLDEN EAGLE,APRIL FAR EAST MALAYSIA SDN BHD,MALAYSIA,NINGBO,CHINA (MAINLAND)
2021,470329,ROYAL GOLDEN EAGLE,APRIL,BUATAN,RIAU,341,166288,ROYAL GOLDEN EAGLE,APRIL INTERNATIONAL ENTEPRISE PTE LTD,SINGAPORE,SINGAPORE,VIETNAM
2021,470329,ROYAL GOLDEN EAGLE,APRIL,BUATAN,RIAU,201,98030,ROYAL GOLDEN EAGLE,APRIL INTERNATIONAL ENTEPRISE PTE LTD,SINGAPORE,SINGAPORE,INDIA
2021,470329,ROYAL GOLDEN EAGLE,APRIL,BUATAN,RIAU,100,48829,ROYAL GOLDEN EAGLE,APRIL INTERNATIONAL ENTEPRISE PTE LTD,SINGAPORE,SINGAPORE,INDIA
2021,470200,ROYAL GOLDEN EAGLE,APRIL,FUTONG,RIAU,506,357845,ROYAL GOLDEN EAGLE,APRIL FAR EAST MALAYSIA SDN BHD,MALAYSIA,PORT KELANG,CHINA (MAINLAND)
2021,470200,ROYAL GOLDEN EAGLE,APRIL,FUTONG,RIAU,506,357647,ROYAL GOLDEN EAGLE,APRIL FAR EAST MALAYSIA SDN BHD,MALAYSIA,PORT KELANG,CHINA (MAINLAND)
2021,470200,ROYAL GOLDEN EAGLE,APRIL,FUTONG,RIAU,506,357697,ROYAL GOLDEN EAGLE,APRIL FAR EAST MALAYSIA SDN BHD,MALAYSIA,PORT KELANG,CHINA (MAINLAND)
2021,470200,ROYAL GOLDEN EAGLE,APRIL,FUTONG,RIAU,506,358063,ROYAL GOLDEN EAGLE,APRIL FAR EAST MALAYSIA SDN BHD,MALAYSIA,PORT KELANG,CHINA (MAINLAND)
2021,470200,ROYAL GOLDEN EAGLE,APRIL,FUTONG,RIAU,506,357611,ROYAL GOLDEN EAGLE,APRIL FAR EAST MALAYSIA SDN BHD,MALAYSIA,PORT KELANG,CHINA (MAINLAND)
2021,470200,ROYAL GOLDEN EAGLE,APRIL,FUTONG,RIAU,506,357953,ROYAL GOLDEN EAGLE,APRIL FAR EAST MALAYSIA SDN BHD,MALAYSIA,PORT KELANG,CHINA (MAINLAND)
2021,470200,ROYAL GOLDEN EAGLE,APRIL,FUTONG,RIAU,1013,716021,ROYAL GOLDEN EAGLE,APRIL FAR EAST MALAYSIA SDN BHD,MALAYSIA,SHANGHAI,CHINA (MAINLAND)
2021,470200,ROYAL GOLDEN EAGLE,APRIL,FUTONG,RIAU,1012,715402,ROYAL GOLDEN EAGLE,APRIL FAR EAST MALAYSIA SDN BHD,MALAYSIA,SHANGHAI,CHINA (MAINLAND)
2021,470200,ROYAL GOLDEN EAGLE,APRIL,FUTONG,RIAU,1012,715477,ROYAL GOLDEN EAGLE,APRIL FAR EAST MALAYSIA SDN BHD,MALAYSIA,SHANGHAI,CHINA (MAINLAND)
2021,470200,ROYAL GOLDEN EAGLE,APRIL,FUTONG,RIAU,1012,715492,ROYAL GOLDEN EAGLE,APRIL FAR EAST MALAYSIA SDN BHD,MALAYSIA,SHANGHAI,CHINA (MAINLAND)
2021,470200,ROYAL GOLDEN EAGLE,APRIL,FUTONG,RIAU,1012,715544,ROYAL GOLDEN EAGLE,APRIL FAR EAST MALAYSIA SDN BHD,MALAYSIA,SHANGHAI,CHINA (MAINLAND)
2021,470200,ROYAL GOLDEN EAGLE,APRIL,FUTONG,RIAU,1013,715954,ROYAL GOLDEN EAGLE,APRIL FAR EAST MALAYSIA SDN BHD,MALAYSIA,SHANGHAI,CHINA (MAINLAND)
2021,470200,ROYAL GOLDEN EAGLE,APRIL,FUTONG,RIAU,1012,715468,ROYAL GOLDEN EAGLE,APRIL FAR EAST MALAYSIA SDN BHD,MALAYSIA,SHANGHAI,CHINA (MAINLAND)
2021,470200,ROYAL GOLDEN EAGLE,APRIL,FUTONG,RIAU,1012,715787,ROYAL GOLDEN EAGLE,APRIL FAR EAST MALAYSIA SDN BHD,MALAYSIA,SHANGHAI,CHINA (MAINLAND)
2021,470200,ROYAL GOLDEN EAGLE,APRIL,FUTONG,RIAU,1012,715819,ROYAL GOLDEN EAGLE,APRIL FAR EAST MALAYSIA SDN BHD,MALAYSIA,FUZHOU,CHINA (MAINLAND)
2021,470200,ROYAL GOLDEN EAGLE,APRIL,FUTONG,RIAU,506,357874,ROYAL GOLDEN EAGLE,APRIL FAR EAST MALAYSIA SDN BHD,MALAYSIA,SHANGHAI,CHINA (MAINLAND)
2021,470329,SINAR MAS,INDAH KIAT,PERAWANG,RIAU,3000,1347000,CHINA UNION,CHINA UNION (MACAO COMMERCIAL OFFSHORE) CO LTD,MACAO,DAGANG,CHINA (MAINLAND)
2021,470329,SINAR MAS,INDAH KIAT,PERAWANG,RIAU,2800,1257200,CHINA UNION,CHINA UNION (MACAO COMMERCIAL OFFSHORE) CO LTD,MACAO,DAGANG,CHINA (MAINLAND)
2021,470329,SINAR MAS,INDAH KIAT,PERAWANG,RIAU,500,224500,CHINA UNION,CHINA UNION (MACAO COMMERCIAL OFFSHORE) CO LTD,MACAO,DAGANG,CHINA (MAINLAND)
2021,470329,SINAR MAS,INDAH KIAT,PERAWANG,RIAU,3000,1449000,CHINA UNION,CHINA UNION (MACAO COMMERCIAL OFFSHORE) CO LTD,MACAO,DAGANG,CHINA (MAINLAND)
2021,470329,SINAR MAS,INDAH KIAT,PERAWANG,RIAU,1000,483000,CHINA UNION,CHINA UNION (MACAO COMMERCIAL OFFSHORE) CO LTD,MACAO,DAGANG,CHINA (MAINLAND)
2021,470200,ROYAL GOLDEN EAGLE,APRIL,FUTONG,RIAU,1011,714761,ROYAL GOLDEN EAGLE,APRIL FAR EAST MALAYSIA SDN BHD,MALAYSIA,FUZHOU,CHINA (MAINLAND)
2021,470200,ROYAL GOLDEN EAGLE,APRIL,FUTONG,RIAU,1012,715372,ROYAL GOLDEN EAGLE,APRIL FAR EAST MALAYSIA SDN BHD,MALAYSIA,FUZHOU,CHINA (MAINLAND)
2021,470200,ROYAL GOLDEN EAGLE,APRIL,FUTONG,RIAU,1013,716165,ROYAL GOLDEN EAGLE,APRIL FAR EAST MALAYSIA SDN BHD,MALAYSIA,TANJONG PELEPAS,CHINA (MAINLAND)
2021,470329,ROYAL GOLDEN EAGLE,APRIL,BUATAN,RIAU,101,48973,ROYAL GOLDEN EAGLE,APRIL INTERNATIONAL ENTEPRISE PTE LTD,SINGAPORE,SINGAPORE,INDIA
2021,470200,ROYAL GOLDEN EAGLE,APRIL,FUTONG,RIAU,1012,715748,ROYAL GOLDEN EAGLE,APRIL FAR EAST MALAYSIA SDN BHD,MALAYSIA,FUZHOU,CHINA (MAINLAND)
2021,470329,ROYAL GOLDEN EAGLE,APRIL,BUATAN,RIAU,60,29397,ROYAL GOLDEN EAGLE,APRIL INTERNATIONAL ENTEPRISE PTE LTD,SINGAPORE,SINGAPORE,INDIA
2021,470200,ROYAL GOLDEN EAGLE,APRIL,FUTONG,RIAU,1012,715548,ROYAL GOLDEN EAGLE,APRIL FAR EAST MALAYSIA SDN BHD,MALAYSIA,FUZHOU,CHINA (MAINLAND)
2021,470329,ROYAL GOLDEN EAGLE,APRIL,BUATAN,RIAU,100,48829,ROYAL GOLDEN EAGLE,APRIL INTERNATIONAL ENTEPRISE PTE LTD,SINGAPORE,SINGAPORE,INDIA
2021,470329,ROYAL GOLDEN EAGLE,APRIL,BUATAN,RIAU,72,35264,ROYAL GOLDEN EAGLE,APRIL INTERNATIONAL ENTEPRISE PTE LTD,SINGAPORE,SINGAPORE,TAIWAN
2021,470200,ROYAL GOLDEN EAGLE,APRIL,FUTONG,RIAU,3036,2146508,ROYAL GOLDEN EAGLE,APRIL FAR EAST MALAYSIA SDN BHD,MALAYSIA,CHANGSHU,CHINA (MAINLAND)
2021,470329,ROYAL GOLDEN EAGLE,APRIL,FUTONG,RIAU,5998,2920801,ROYAL GOLDEN EAGLE,APRIL INTERNATIONAL ENTEPRISE PTE LTD,SINGAPORE,KAKINADA,INDIA
2021,470329,ROYAL GOLDEN EAGLE,APRIL,FUTONG,RIAU,7015,3302884,ROYAL GOLDEN EAGLE,APRIL FAR EAST MALAYSIA SDN BHD,MALAYSIA,CHANGSHU,CHINA (MAINLAND)
2021,470200,ROYAL GOLDEN EAGLE,APRIL,FUTONG,RIAU,506,357700,ROYAL GOLDEN EAGLE,APRIL FAR EAST MALAYSIA SDN BHD,MALAYSIA,PORT KELANG,CHINA (MAINLAND)
2021,470200,ROYAL GOLDEN EAGLE,APRIL,FUTONG,RIAU,506,357965,ROYAL GOLDEN EAGLE,APRIL FAR EAST MALAYSIA SDN BHD,MALAYSIA,PORT KELANG,CHINA (MAINLAND)
2021,470329,ROYAL GOLDEN EAGLE,APRIL,BUATAN,RIAU,241,117467,ROYAL GOLDEN EAGLE,APRIL INTERNATIONAL ENTEPRISE PTE LTD,SINGAPORE,SINGAPORE,INDIA
2021,470200,ROYAL GOLDEN EAGLE,APRIL,FUTONG,RIAU,506,357967,ROYAL GOLDEN EAGLE,APRIL FAR EAST MALAYSIA SDN BHD,MALAYSIA,PORT KELANG,CHINA (MAINLAND)
2021,470200,ROYAL GOLDEN EAGLE,APRIL,FUTONG,RIAU,507,358161,ROYAL GOLDEN EAGLE,APRIL FAR EAST MALAYSIA SDN BHD,MALAYSIA,PORT KELANG,CHINA (MAINLAND)
2021,470200,ROYAL GOLDEN EAGLE,APRIL,FUTONG,RIAU,506,357931,ROYAL GOLDEN EAGLE,APRIL FAR EAST MALAYSIA SDN BHD,MALAYSIA,PORT KELANG,CHINA (MAINLAND)
2021,470200,ROYAL GOLDEN EAGLE,APRIL,FUTONG,RIAU,506,357964,ROYAL GOLDEN EAGLE,APRIL FAR EAST MALAYSIA SDN BHD,MALAYSIA,PORT KELANG,CHINA (MAINLAND)
2021,470329,ROYAL GOLDEN EAGLE,APRIL,BUATAN,RIAU,302,147039,ROYAL GOLDEN EAGLE,APRIL INTERNATIONAL ENTEPRISE PTE LTD,SINGAPORE,SINGAPORE,INDIA
2021,470329,ROYAL GOLDEN EAGLE,APRIL,BUATAN,RIAU,502,244438,ROYAL GOLDEN EAGLE,APRIL FAR EAST MALAYSIA SDN BHD,MALAYSIA,SINGAPORE,CHINA (MAINLAND)
2021,470329,ROYAL GOLDEN EAGLE,APRIL,FUTONG,RIAU,502,244621,ROYAL GOLDEN EAGLE,APRIL INTERNATIONAL ENTEPRISE PTE LTD,SINGAPORE,PORT KELANG,INDIA
2021,470329,ROYAL GOLDEN EAGLE,APRIL,BUATAN,RIAU,261,127234,ROYAL GOLDEN EAGLE,APRIL INTERNATIONAL ENTEPRISE PTE LTD,SINGAPORE,SINGAPORE,INDIA
2021,470329,SINAR MAS,INDAH KIAT,PERAWANG,RIAU,100,50521,SINAR MAS,GOLDEN PROFIT TRADING PTE LTD,SINGAPORE,DA NANG,VIETNAM
2021,470329,ROYAL GOLDEN EAGLE,APRIL,BUATAN,RIAU,362,176205,ROYAL GOLDEN EAGLE,APRIL INTERNATIONAL ENTEPRISE PTE LTD,SINGAPORE,SINGAPORE,THAILAND
2021,470329,SINAR MAS,INDAH KIAT,PERAWANG,RIAU,500,259706,SINAR MAS,GOLDEN PROFIT TRADING PTE LTD,SINGAPORE,EL ISKANDARIYA (= ALEXAND,EGYPT
2021,470329,ROYAL GOLDEN EAGLE,APRIL,BUATAN,RIAU,402,195812,ROYAL GOLDEN EAGLE,APRIL FAR EAST MALAYSIA SDN BHD,MALAYSIA,SINGAPORE,CHINA (MAINLAND)
2021,470200,ROYAL GOLDEN EAGLE,APRIL,FUTONG,RIAU,506,357909,ROYAL GOLDEN EAGLE,APRIL FAR EAST MALAYSIA SDN BHD,MALAYSIA,SHANGHAI,CHINA (MAINLAND)
2021,470200,ROYAL GOLDEN EAGLE,APRIL,FUTONG,RIAU,1012,715298,ROYAL GOLDEN EAGLE,APRIL FAR EAST MALAYSIA SDN BHD,MALAYSIA,SHANGHAI,CHINA (MAINLAND)
2021,470200,ROYAL GOLDEN EAGLE,APRIL,FUTONG,RIAU,1012,715681,ROYAL GOLDEN EAGLE,APRIL FAR EAST MALAYSIA SDN BHD,MALAYSIA,SHANGHAI,CHINA (MAINLAND)
2021,470200,ROYAL GOLDEN EAGLE,APRIL,FUTONG,RIAU,1012,715737,ROYAL GOLDEN EAGLE,APRIL FAR EAST MALAYSIA SDN BHD,MALAYSIA,FUZHOU,CHINA (MAINLAND)
2021,470200,ROYAL GOLDEN EAGLE,APRIL,FUTONG,RIAU,1013,716146,ROYAL GOLDEN EAGLE,APRIL FAR EAST MALAYSIA SDN BHD,MALAYSIA,FUZHOU,CHINA (MAINLAND)
2021,470200,ROYAL GOLDEN EAGLE,APRIL,FUTONG,RIAU,1013,716153,ROYAL GOLDEN EAGLE,APRIL FAR EAST MALAYSIA SDN BHD,MALAYSIA,FUZHOU,CHINA (MAINLAND)
2021,470200,ROYAL GOLDEN EAGLE,APRIL,FUTONG,RIAU,1013,715860,ROYAL GOLDEN EAGLE,APRIL FAR EAST MALAYSIA SDN BHD,MALAYSIA,SHANGHAI,CHINA (MAINLAND)
2021,470329,SINAR MAS,INDAH KIAT,PERAWANG,RIAU,7000,3430000,SINAR MAS,GOLDEN PROFIT TRADING PTE LTD,SINGAPORE,ULSAN,SOUTH KOREA
2021,470329,SINAR MAS,INDAH KIAT,PERAWANG,RIAU,3300,1587300,CHINA UNION,CHINA UNION (MACAO COMMERCIAL OFFSHORE) CO LTD,MACAO,NINGBO,CHINA (MAINLAND)
2021,470200,ROYAL GOLDEN EAGLE,TOBA PULP LESTARI,BELAWAN,SUMATERA UTARA,501,442601,UNKNOWN AFFILIATION,GREENPOINT GLOBAL TRADING (MACAO COMMERCIAL OFFSHORE) LTD,MACAO,SHANGHAI,CHINA (MAINLAND)
2021,470200,ROYAL GOLDEN EAGLE,TOBA PULP LESTARI,BELAWAN,SUMATERA UTARA,502,383955,UNKNOWN AFFILIATION,GREENPOINT GLOBAL TRADING (MACAO COMMERCIAL OFFSHORE) LTD,MACAO,QINGDAO,CHINA (MAINLAND)
2021,470200,ROYAL GOLDEN EAGLE,TOBA PULP LESTARI,BELAWAN,SUMATERA UTARA,406,310815,UNKNOWN AFFILIATION,GREENPOINT GLOBAL TRADING (MACAO COMMERCIAL OFFSHORE) LTD,MACAO,QINGDAO,CHINA (MAINLAND)
2021,470200,ROYAL GOLDEN EAGLE,TOBA PULP LESTARI,BELAWAN,SUMATERA UTARA,504,445456,UNKNOWN AFFILIATION,GREENPOINT GLOBAL TRADING (MACAO COMMERCIAL OFFSHORE) LTD,MACAO,QINGDAO,CHINA (MAINLAND)
2021,470200,ROYAL GOLDEN EAGLE,TOBA PULP LESTARI,BELAWAN,SUMATERA UTARA,1008,891351,UNKNOWN AFFILIATION,GREENPOINT GLOBAL TRADING (MACAO COMMERCIAL OFFSHORE) LTD,MACAO,QINGDAO,CHINA (MAINLAND)
2021,470200,ROYAL GOLDEN EAGLE,TOBA PULP LESTARI,BELAWAN,SUMATERA UTARA,503,444578,UNKNOWN AFFILIATION,GREENPOINT GLOBAL TRADING (MACAO COMMERCIAL OFFSHORE) LTD,MACAO,QINGDAO,CHINA (MAINLAND)
2021,470200,ROYAL GOLDEN EAGLE,TOBA PULP LESTARI,BELAWAN,SUMATERA UTARA,504,445162,UNKNOWN AFFILIATION,GREENPOINT GLOBAL TRADING (MACAO COMMERCIAL OFFSHORE) LTD,MACAO,QINGDAO,CHINA (MAINLAND)
2021,470200,ROYAL GOLDEN EAGLE,TOBA PULP LESTARI,BELAWAN,SUMATERA UTARA,1006,888971,UNKNOWN AFFILIATION,GREENPOINT GLOBAL TRADING (MACAO COMMERCIAL OFFSHORE) LTD,MACAO,QINGDAO,CHINA (MAINLAND)
2021,470200,ROYAL GOLDEN EAGLE,TOBA PULP LESTARI,BELAWAN,SUMATERA UTARA,501,443231,UNKNOWN AFFILIATION,GREENPOINT GLOBAL TRADING (MACAO COMMERCIAL OFFSHORE) LTD,MACAO,QINGDAO,CHINA (MAINLAND)
2021,470200,ROYAL GOLDEN EAGLE,TOBA PULP LESTARI,BELAWAN,SUMATERA UTARA,503,444801,UNKNOWN AFFILIATION,GREENPOINT GLOBAL TRADING (MACAO COMMERCIAL OFFSHORE) LTD,MACAO,QINGDAO,CHINA (MAINLAND)
2021,470329,SINAR MAS,LONTAR PAPYRUS,KUALA TUNGKAL,JAMBI,1004,530519,SINAR MAS,GOLDEN PROFIT TRADING PTE LTD,SINGAPORE,DALIAN,CHINA (MAINLAND)
2021,470329,SINAR MAS,OKI,SULTAN MAHMUD BADARUDDIN (U),SUMATERA SELATAN,1000,489810,DRAGON CROWN HOLDINGS,DRAGON CROWN (HK) TRADING LTD,CHINA (HONG KONG),TIANJIN,CHINA (MAINLAND)
2021,470329,SINAR MAS,OKI,SULTAN MAHMUD BADARUDDIN (U),SUMATERA SELATAN,5000,2449051,DRAGON CROWN HOLDINGS,DRAGON CROWN (HK) TRADING LTD,CHINA (HONG KONG),TIANJIN,CHINA (MAINLAND)
2021,470329,SINAR MAS,OKI,SULTAN MAHMUD BADARUDDIN (U),SUMATERA SELATAN,5000,2449051,DRAGON CROWN HOLDINGS,DRAGON CROWN (HK) TRADING LTD,CHINA (HONG KONG),TIANJIN,CHINA (MAINLAND)
2021,470329,SINAR MAS,OKI,SULTAN MAHMUD BADARUDDIN (U),SUMATERA SELATAN,2600,1146860,CHINA UNION,CHINA UNION (MACAO COMMERCIAL OFFSHORE) CO LTD,MACAO,QINGDAO,CHINA (MAINLAND)
2021,470329,SINAR MAS,OKI,SULTAN MAHMUD BADARUDDIN (U),SUMATERA SELATAN,10000,4411000,CHINA UNION,CHINA UNION (MACAO COMMERCIAL OFFSHORE) CO LTD,MACAO,QINGDAO,CHINA (MAINLAND)
2021,470329,SINAR MAS,OKI,SULTAN MAHMUD BADARUDDIN (U),SUMATERA SELATAN,1000,489810,DRAGON CROWN HOLDINGS,DRAGON CROWN (HK) TRADING LTD,CHINA (HONG KONG),TIANJIN,CHINA (MAINLAND)
2021,470329,SINAR MAS,OKI,SULTAN MAHMUD BADARUDDIN (U),SUMATERA SELATAN,1000,489810,DRAGON CROWN HOLDINGS,DRAGON CROWN (HK) TRADING LTD,CHINA (HONG KONG),TIANJIN,CHINA (MAINLAND)
2021,470329,SINAR MAS,OKI,SULTAN MAHMUD BADARUDDIN (U),SUMATERA SELATAN,3800,1676180,CHINA UNION,CHINA UNION (MACAO COMMERCIAL OFFSHORE) CO LTD,MACAO,QINGDAO,CHINA (MAINLAND)
2021,470329,SINAR MAS,OKI,SULTAN MAHMUD BADARUDDIN (U),SUMATERA SELATAN,1000,489810,DRAGON CROWN HOLDINGS,DRAGON CROWN (HK) TRADING LTD,CHINA (HONG KONG),TIANJIN,CHINA (MAINLAND)
2021,470329,SINAR MAS,OKI,SULTAN MAHMUD BADARUDDIN (U),SUMATERA SELATAN,1000,489810,DRAGON CROWN HOLDINGS,DRAGON CROWN (HK) TRADING LTD,CHINA (HONG KONG),TIANJIN,CHINA (MAINLAND)
2021,470329,SINAR MAS,OKI,SULTAN MAHMUD BADARUDDIN (U),SUMATERA SELATAN,2000,898000,CHINA UNION,CHINA UNION (MACAO COMMERCIAL OFFSHORE) CO LTD,MACAO,ZHENJIANG,CHINA (MAINLAND)
2021,470329,SINAR MAS,OKI,SULTAN MAHMUD BADARUDDIN (U),SUMATERA SELATAN,1300,583700,CHINA UNION,CHINA UNION (MACAO COMMERCIAL OFFSHORE) CO LTD,MACAO,ZHENJIANG,CHINA (MAINLAND)
2021,470329,SINAR MAS,OKI,SULTAN MAHMUD BADARUDDIN (U),SUMATERA SELATAN,2000,898000,CHINA UNION,CHINA UNION (MACAO COMMERCIAL OFFSHORE) CO LTD,MACAO,ZHENJIANG,CHINA (MAINLAND)
2021,470329,SINAR MAS,OKI,SULTAN MAHMUD BADARUDDIN (U),SUMATERA SELATAN,3000,1347000,CHINA UNION,CHINA UNION (MACAO COMMERCIAL OFFSHORE) CO LTD,MACAO,ZHENJIANG,CHINA (MAINLAND)
2021,470329,SINAR MAS,OKI,SULTAN MAHMUD BADARUDDIN (U),SUMATERA SELATAN,3000,1347000,CHINA UNION,CHINA UNION (MACAO COMMERCIAL OFFSHORE) CO LTD,MACAO,ZHENJIANG,CHINA (MAINLAND)
2021,470329,SINAR MAS,OKI,SULTAN MAHMUD BADARUDDIN (U),SUMATERA SELATAN,3000,1377000,UNKNOWN AFFILIATION,FREELAND UNIVERSAL LTD,CHINA (HONG KONG),NINGBO,CHINA (MAINLAND)
2021,470329,SINAR MAS,OKI,SULTAN MAHMUD BADARUDDIN (U),SUMATERA SELATAN,1000,493000,CHINA UNION,CHINA UNION (MACAO COMMERCIAL OFFSHORE) CO LTD,MACAO,CHANGSHU,CHINA (MAINLAND)
2021,470329,SINAR MAS,OKI,SULTAN MAHMUD BADARUDDIN (U),SUMATERA SELATAN,1350,665550,UNKNOWN AFFILIATION,FREELAND UNIVERSAL LTD,CHINA (HONG KONG),CHANGSHU,CHINA (MAINLAND)
2021,470329,SINAR MAS,OKI,SULTAN MAHMUD BADARUDDIN (U),SUMATERA SELATAN,7596,3744828,SINAR MAS,GOLDEN PROFIT TRADING PTE LTD,SINGAPORE,NINGBO,CHINA (MAINLAND)
2021,470329,SINAR MAS,OKI,SULTAN MAHMUD BADARUDDIN (U),SUMATERA SELATAN,1000,453000,UNKNOWN AFFILIATION,FREELAND UNIVERSAL LTD,CHINA (HONG KONG),NINGBO,CHINA (MAINLAND)
2021,470329,SINAR MAS,OKI,SULTAN MAHMUD BADARUDDIN (U),SUMATERA SELATAN,1000,543000,CHINA UNION,CHINA UNION (MACAO COMMERCIAL OFFSHORE) CO LTD,MACAO,NINGBO,CHINA (MAINLAND)
2021,470329,SINAR MAS,OKI,SULTAN MAHMUD BADARUDDIN (U),SUMATERA SELATAN,5000,2465000,UNKNOWN AFFILIATION,FREELAND UNIVERSAL LTD,CHINA (HONG KONG),CHANGSHU,CHINA (MAINLAND)
2021,470329,SINAR MAS,OKI,SULTAN MAHMUD BADARUDDIN (U),SUMATERA SELATAN,9000,4131000,UNKNOWN AFFILIATION,FREELAND UNIVERSAL LTD,CHINA (HONG KONG),CHANGSHU,CHINA (MAINLAND)
2021,470329,SINAR MAS,OKI,SULTAN MAHMUD BADARUDDIN (U),SUMATERA SELATAN,13650,6729450,SINAR MAS,GOLDEN PROFIT TRADING PTE LTD,SINGAPORE,CHANGSHU,CHINA (MAINLAND)
2021,470329,SINAR MAS,OKI,SULTAN MAHMUD BADARUDDIN (U),SUMATERA SELATAN,8200,4042600,SINAR MAS,GOLDEN PROFIT TRADING PTE LTD,SINGAPORE,NINGBO,CHINA (MAINLAND)
2021,470329,SINAR MAS,OKI,SULTAN MAHMUD BADARUDDIN (U),SUMATERA SELATAN,380,183217,UNKNOWN AFFILIATION,BRIGHTENING SKY CO LTD,CHINA (HONG KONG),QINZHOU,CHINA (MAINLAND)
2021,470329,SINAR MAS,OKI,SULTAN MAHMUD BADARUDDIN (U),SUMATERA SELATAN,1000,483000,SINAR MAS,GOLDEN PROFIT TRADING PTE LTD,SINGAPORE,HAIPHONG,VIETNAM
2021,470329,SINAR MAS,OKI,SULTAN MAHMUD BADARUDDIN (U),SUMATERA SELATAN,1500,724500,SINAR MAS,GOLDEN PROFIT TRADING PTE LTD,SINGAPORE,HAIPHONG,VIETNAM
2021,470329,SINAR MAS,OKI,SULTAN MAHMUD BADARUDDIN (U),SUMATERA SELATAN,4120,1846378,UNKNOWN AFFILIATION,BRIGHTENING SKY CO LTD,CHINA (HONG KONG),QINZHOU,CHINA (MAINLAND)
2021,470329,SINAR MAS,OKI,SULTAN MAHMUD BADARUDDIN (U),SUMATERA SELATAN,7500,3397500,SINAR MAS,GOLDEN PROFIT TRADING PTE LTD,SINGAPORE,MELBOURNE,AUSTRALIA
2021,470329,SINAR MAS,OKI,SULTAN MAHMUD BADARUDDIN (U),SUMATERA SELATAN,10272,4961890,SINAR MAS,GOLDEN PROFIT TRADING PTE LTD,SINGAPORE,GUNSAN (ES KUNSAN),SOUTH KOREA
2021,470329,SINAR MAS,OKI,SULTAN MAHMUD BADARUDDIN (U),SUMATERA SELATAN,1500,724575,SINAR MAS,GOLDEN PROFIT TRADING PTE LTD,SINGAPORE,GUNSAN (ES KUNSAN),SOUTH KOREA
2021,470329,SINAR MAS,OKI,SULTAN MAHMUD BADARUDDIN (U),SUMATERA SELATAN,1500,818625,CHINA UNION,CHINA UNION (MACAO COMMERCIAL OFFSHORE) CO LTD,MACAO,NINGBO,CHINA (MAINLAND)
2021,470329,SINAR MAS,OKI,SULTAN MAHMUD BADARUDDIN (U),SUMATERA SELATAN,12000,5961000,UNKNOWN AFFILIATION,FREELAND UNIVERSAL LTD,CHINA (HONG KONG),SHANGHAI,CHINA (MAINLAND)
2021,470329,SINAR MAS,OKI,SULTAN MAHMUD BADARUDDIN (U),SUMATERA SELATAN,2000,1093500,UNKNOWN AFFILIATION,FREELAND UNIVERSAL LTD,CHINA (HONG KONG),SHANGHAI,CHINA (MAINLAND)
2021,470329,SINAR MAS,OKI,SULTAN MAHMUD BADARUDDIN (U),SUMATERA SELATAN,2500,1364375,CHINA UNION,CHINA UNION (MACAO COMMERCIAL OFFSHORE) CO LTD,MACAO,NINGBO,CHINA (MAINLAND)
2021,470329,SINAR MAS,OKI,SULTAN MAHMUD BADARUDDIN (U),SUMATERA SELATAN,10928,5963956,UNKNOWN AFFILIATION,FREELAND UNIVERSAL LTD,CHINA (HONG KONG),NINGBO,CHINA (MAINLAND)
2021,470329,SINAR MAS,OKI,SULTAN MAHMUD BADARUDDIN (U),SUMATERA SELATAN,9000,4461750,SINAR MAS,GOLDEN PROFIT TRADING PTE LTD,SINGAPORE,NINGBO,CHINA (MAINLAND)
2021,470329,SINAR MAS,OKI,SULTAN MAHMUD BADARUDDIN (U),SUMATERA SELATAN,3000,1640250,UNKNOWN AFFILIATION,FREELAND UNIVERSAL LTD,CHINA (HONG KONG),SHANGHAI,CHINA (MAINLAND)
2021,470329,SINAR MAS,OKI,SULTAN MAHMUD BADARUDDIN (U),SUMATERA SELATAN,3300,1800975,UNKNOWN AFFILIATION,FREELAND UNIVERSAL LTD,CHINA (HONG KONG),NINGBO,CHINA (MAINLAND)
2021,470329,SINAR MAS,OKI,SULTAN MAHMUD BADARUDDIN (U),SUMATERA SELATAN,1700,770100,CHINA UNION,CHINA UNION (MACAO COMMERCIAL OFFSHORE) CO LTD,MACAO,ZHENJIANG,CHINA (MAINLAND)
2021,470329,SINAR MAS,OKI,SULTAN MAHMUD BADARUDDIN (U),SUMATERA SELATAN,2000,906000,CHINA UNION,CHINA UNION (MACAO COMMERCIAL OFFSHORE) CO LTD,MACAO,ZHENJIANG,CHINA (MAINLAND)
2021,470329,SINAR MAS,OKI,SULTAN MAHMUD BADARUDDIN (U),SUMATERA SELATAN,3000,1461000,CHINA UNION,CHINA UNION (MACAO COMMERCIAL OFFSHORE) CO LTD,MACAO,ZHENJIANG,CHINA (MAINLAND)
2021,470329,SINAR MAS,OKI,SULTAN MAHMUD BADARUDDIN (U),SUMATERA SELATAN,3000,1461000,CHINA UNION,CHINA UNION (MACAO COMMERCIAL OFFSHORE) CO LTD,MACAO,ZHENJIANG,CHINA (MAINLAND)
2021,470329,SINAR MAS,OKI,SULTAN MAHMUD BADARUDDIN (U),SUMATERA SELATAN,1300,698100,CHINA UNION,CHINA UNION (MACAO COMMERCIAL OFFSHORE) CO LTD,MACAO,ZHENJIANG,CHINA (MAINLAND)
2021,470329,SINAR MAS,OKI,SULTAN MAHMUD BADARUDDIN (U),SUMATERA SELATAN,2500,1342500,CHINA UNION,CHINA UNION (MACAO COMMERCIAL OFFSHORE) CO LTD,MACAO,ZHENJIANG,CHINA (MAINLAND)
2021,470329,SINAR MAS,OKI,SULTAN MAHMUD BADARUDDIN (U),SUMATERA SELATAN,2750,1476750,CHINA UNION,CHINA UNION (MACAO COMMERCIAL OFFSHORE) CO LTD,MACAO,ZHENJIANG,CHINA (MAINLAND)
2021,470329,SINAR MAS,OKI,SULTAN MAHMUD BADARUDDIN (U),SUMATERA SELATAN,2000,974000,CHINA UNION,CHINA UNION (MACAO COMMERCIAL OFFSHORE) CO LTD,MACAO,ZHENJIANG,CHINA (MAINLAND)
2021,470329,SINAR MAS,OKI,SULTAN MAHMUD BADARUDDIN (U),SUMATERA SELATAN,2000,974000,CHINA UNION,CHINA UNION (MACAO COMMERCIAL OFFSHORE) CO LTD,MACAO,ZHENJIANG,CHINA (MAINLAND)
2021,470329,SINAR MAS,OKI,SULTAN MAHMUD BADARUDDIN (U),SUMATERA SELATAN,3000,1611000,CHINA UNION,CHINA UNION (MACAO COMMERCIAL OFFSHORE) CO LTD,MACAO,ZHENJIANG,CHINA (MAINLAND)
2021,470329,SINAR MAS,OKI,SULTAN MAHMUD BADARUDDIN (U),SUMATERA SELATAN,2000,1074000,CHINA UNION,CHINA UNION (MACAO COMMERCIAL OFFSHORE) CO LTD,MACAO,ZHENJIANG,CHINA (MAINLAND)
2021,470329,SINAR MAS,OKI,SULTAN MAHMUD BADARUDDIN (U),SUMATERA SELATAN,2750,1476750,CHINA UNION,CHINA UNION (MACAO COMMERCIAL OFFSHORE) CO LTD,MACAO,ZHENJIANG,CHINA (MAINLAND)
2021,470329,SINAR MAS,OKI,SULTAN MAHMUD BADARUDDIN (U),SUMATERA SELATAN,2500,1342500,CHINA UNION,CHINA UNION (MACAO COMMERCIAL OFFSHORE) CO LTD,MACAO,ZHENJIANG,CHINA (MAINLAND)
2021,470329,SINAR MAS,OKI,SULTAN MAHMUD BADARUDDIN (U),SUMATERA SELATAN,2000,965800,CHINA UNION,CHINA UNION (MACAO COMMERCIAL OFFSHORE) CO LTD,MACAO,CHANGSHU,CHINA (MAINLAND)
2021,470329,SINAR MAS,OKI,SULTAN MAHMUD BADARUDDIN (U),SUMATERA SELATAN,3500,1690150,UNKNOWN AFFILIATION,FREELAND UNIVERSAL LTD,CHINA (HONG KONG),CHANGSHU,CHINA (MAINLAND)
2021,470329,SINAR MAS,OKI,SULTAN MAHMUD BADARUDDIN (U),SUMATERA SELATAN,5000,2665000,SINAR MAS,GOLDEN PROFIT TRADING PTE LTD,SINGAPORE,GUNSAN (ES KUNSAN),SOUTH KOREA
2021,470329,SINAR MAS,OKI,SULTAN MAHMUD BADARUDDIN (U),SUMATERA SELATAN,1500,799500,SINAR MAS,GOLDEN PROFIT TRADING PTE LTD,SINGAPORE,GUNSAN (ES KUNSAN),SOUTH KOREA
2021,470329,SINAR MAS,OKI,SULTAN MAHMUD BADARUDDIN (U),SUMATERA SELATAN,1700,905930,SINAR MAS,GOLDEN PROFIT TRADING PTE LTD,SINGAPORE,CHANGSHU,CHINA (MAINLAND)
2021,470329,MARUBENI,TANJUNG ENIM LESTARI,PANJANG,SUMATERA SELATAN,251,176483,ITC,ITC LTD - PAPERBOARDS & SPECIALTY PAPERS DIVSION,INDIA,HALDIA,INDIA
2021,470329,MARUBENI,TANJUNG ENIM LESTARI,PANJANG,SUMATERA SELATAN,252,176927,ITC,ITC LTD - PAPERBOARDS & SPECIALTY PAPERS DIVSION,INDIA,HALDIA,INDIA
2021,470329,MARUBENI,TANJUNG ENIM LESTARI,TANJUNG PRIOK,SUMATERA SELATAN,467,251702,VINDA,VINDA PAPER (ZHEJIANG) CO LTD,CHINA (MAINLAND),NINGBO,CHINA (MAINLAND)
2021,470329,MARUBENI,TANJUNG ENIM LESTARI,TANJUNG PRIOK,SUMATERA SELATAN,502,327985,VINDA,VINDA PAPER (LIAONING) CO LTD,CHINA (MAINLAND),YINGKOU,CHINA (MAINLAND)
2021,470329,MARUBENI,TANJUNG ENIM LESTARI,TANJUNG PRIOK,SUMATERA SELATAN,508,332326,VINDA,VINDA PAPER (LIAONING) CO LTD,CHINA (MAINLAND),YINGKOU,CHINA (MAINLAND)
2021,470329,MARUBENI,TANJUNG ENIM LESTARI,PANJANG,SUMATERA SELATAN,504,331507,VINDA,VINDA PERSONAL CARE (CHINA) LTD,CHINA (MAINLAND),WUHAN,CHINA (MAINLAND)
2021,470329,MARUBENI,TANJUNG ENIM LESTARI,PANJANG,SUMATERA SELATAN,508,334151,VINDA,VINDA PERSONAL CARE (CHINA) LTD,CHINA (MAINLAND),WUHAN,CHINA (MAINLAND)
2021,470329,MARUBENI,TANJUNG ENIM LESTARI,PANJANG,SUMATERA SELATAN,509,332800,VINDA,VINDA PAPER (SI CHUAN) CO LTD,CHINA (MAINLAND),CHONGQING,CHINA (MAINLAND)
2021,470329,MARUBENI,TANJUNG ENIM LESTARI,PANJANG,SUMATERA SELATAN,499,326122,VINDA,VINDA PAPER (SI CHUAN) CO LTD,CHINA (MAINLAND),CHONGQING,CHINA (MAINLAND)
2021,470329,MARUBENI,TANJUNG ENIM LESTARI,PANJANG,SUMATERA SELATAN,293,208195,NTPM HOLDINGS BHD,NTPM (VIETNAM) CO LTD,VIETNAM,CAT LAI,VIETNAM
2021,470329,MARUBENI,TANJUNG ENIM LESTARI,PANJANG,SUMATERA SELATAN,106,75418,RENGO,VINA KRAFT PAPER CO LTD,VIETNAM,CAT LAI,VIETNAM
2021,470329,MARUBENI,TANJUNG ENIM LESTARI,PANJANG,SUMATERA SELATAN,294,192178,VINDA,VINDA PAPER (SI CHUAN) CO LTD,CHINA (MAINLAND),CHONGQING,CHINA (MAINLAND)
2021,470329,MARUBENI,TANJUNG ENIM LESTARI,PANJANG,SUMATERA SELATAN,56,30062,UNKNOWN AFFILIATION,GLOBAL POWER CO LTD,MYANMAR,YANGON,MYANMAR
2021,470329,MARUBENI,TANJUNG ENIM LESTARI,PANJANG,SUMATERA SELATAN,190,134249,SAIGON,SAIGON PAPER CORP,VIETNAM,CAT LAI,VIETNAM
2021,470329,MARUBENI,TANJUNG ENIM LESTARI,TARAHAN,SUMATERA SELATAN,487,210312,VINDA,VINDA PAPER NORTH (BEIJING) CO LTD,CHINA (MAINLAND),XINGANG,CHINA (MAINLAND)
2021,470329,MARUBENI,TANJUNG ENIM LESTARI,TARAHAN,SUMATERA SELATAN,486,210253,VINDA,VINDA PAPER NORTH (BEIJING) CO LTD,CHINA (MAINLAND),XINGANG,CHINA (MAINLAND)
2021,470329,MARUBENI,TANJUNG ENIM LESTARI,TARAHAN,SUMATERA SELATAN,1456,686466,UNKNOWN AFFILIATION,TRICELL (HK) LTD,CHINA (HONG KONG),XINGANG,CHINA (MAINLAND)
2021,470329,MARUBENI,TANJUNG ENIM LESTARI,TARAHAN,SUMATERA SELATAN,971,458001,CHINATEX CORP,CHINATEX RAW MATERIALS IMPORT AND EXPORT,CHINA (MAINLAND),XINGANG,CHINA (MAINLAND)
2021,470329,MARUBENI,TANJUNG ENIM LESTARI,TARAHAN,SUMATERA SELATAN,487,224308,VINDA,VINDA PAPER NORTH (BEIJING) CO LTD,CHINA (MAINLAND),XINGANG,CHINA (MAINLAND)
2021,470329,MARUBENI,TANJUNG ENIM LESTARI,TARAHAN,SUMATERA SELATAN,1650,920895,UNKNOWN AFFILIATION,OVERSEAS RESOURCES CO LTD,CHINA (HONG KONG),XINGANG,CHINA (MAINLAND)
2021,470329,MARUBENI,TANJUNG ENIM LESTARI,TARAHAN,SUMATERA SELATAN,1455,811850,XIANMEN ITG,ITG RESOURCES (SINGAPORE) PTE LTD,SINGAPORE,XINGANG,CHINA (MAINLAND)
2021,470329,MARUBENI,TANJUNG ENIM LESTARI,TARAHAN,SUMATERA SELATAN,777,433420,CHINATEX CORP,CHINATEX RAW MATERIALS IMPORT AND EXPORT,CHINA (MAINLAND),XINGANG,CHINA (MAINLAND)
2021,470329,MARUBENI,TANJUNG ENIM LESTARI,TARAHAN,SUMATERA SELATAN,970,521583,VINDA,VINDA PAPER NORTH (BEIJING) CO LTD,CHINA (MAINLAND),XINGANG,CHINA (MAINLAND)
2021,470329,MARUBENI,TANJUNG ENIM LESTARI,TARAHAN,SUMATERA SELATAN,195,104569,VINDA,VINDA PAPER NORTH (BEIJING) CO LTD,CHINA (MAINLAND),XINGANG,CHINA (MAINLAND)
2021,470329,MARUBENI,TANJUNG ENIM LESTARI,TARAHAN,SUMATERA SELATAN,1650,1058646,UNKNOWN AFFILIATION,OVERSEAS RESOURCES CO LTD,CHINA (HONG KONG),XINGANG,CHINA (MAINLAND)
2021,470329,MARUBENI,TANJUNG ENIM LESTARI,TANJUNG PRIOK,SUMATERA SELATAN,529,346112,VINDA,VINDA PAPER (LIAONING) CO LTD,CHINA (MAINLAND),YINGKOU,CHINA (MAINLAND)
2021,470329,MARUBENI,TANJUNG ENIM LESTARI,TANJUNG PRIOK,SUMATERA SELATAN,529,345768,VINDA,VINDA PAPER (ZHEJIANG) CO LTD,CHINA (MAINLAND),NINGBO,CHINA (MAINLAND)
2021,470329,MARUBENI,TANJUNG ENIM LESTARI,TANJUNG PRIOK,SUMATERA SELATAN,287,203487,MARUBENI,MARUBENI CORP,JAPAN,SHIMIZU,JAPAN
2021,470329,MARUBENI,TANJUNG ENIM LESTARI,TANJUNG PRIOK,SUMATERA SELATAN,58,41137,NIPPON PAPER,NIPPON PAPER INDUSTRIES CO LTD,JAPAN,SHIMIZU,JAPAN
2021,470329,MARUBENI,TANJUNG ENIM LESTARI,TANJUNG PRIOK,SUMATERA SELATAN,195,138473,MARUBENI,MARUBENI CORP,JAPAN,SHIMIZU,JAPAN
2021,470329,MARUBENI,TANJUNG ENIM LESTARI,TARAHAN,SUMATERA SELATAN,2098,1184686,UNKNOWN AFFILIATION,KING ADVANCEMENT DEVELOPMENT (HONG KONG) LTD,CHINA (HONG KONG),QINGDAO,CHINA (MAINLAND)
2021,470329,MARUBENI,TANJUNG ENIM LESTARI,TARAHAN,SUMATERA SELATAN,951,536820,JIANGHE PAPER,HENAN JIANGHE PAPER CO LTD,CHINA (MAINLAND),QINGDAO,CHINA (MAINLAND)
2021,470329,MARUBENI,TANJUNG ENIM LESTARI,TARAHAN,SUMATERA SELATAN,951,537125,JIANGHE PAPER,HENAN JIANGHE PAPER CO LTD,CHINA (MAINLAND),QINGDAO,CHINA (MAINLAND)
2021,470329,MARUBENI,TANJUNG ENIM LESTARI,TARAHAN,SUMATERA SELATAN,1425,955055,UNKNOWN AFFILIATION,KING ADVANCEMENT DEVELOPMENT (HONG KONG) LTD,CHINA (HONG KONG),QINGDAO,CHINA (MAINLAND)
2021,470329,MARUBENI,TANJUNG ENIM LESTARI,TARAHAN,SUMATERA SELATAN,1100,782027,HONG WON,HONG WON PAPER MFG CO LTD,SOUTH KOREA,PYONGTAEK,SOUTH KOREA
2021,470329,MARUBENI,TANJUNG ENIM LESTARI,TARAHAN,SUMATERA SELATAN,1000,711056,HONG WON,HONG WON PAPER MFG CO LTD,SOUTH KOREA,PYONGTAEK,SOUTH KOREA
2021,470329,MARUBENI,TANJUNG ENIM LESTARI,TARAHAN,SUMATERA SELATAN,1002,711983,HONG WON,HONG WON PAPER MFG CO LTD,SOUTH KOREA,PYONGTAEK,SOUTH KOREA
2021,470329,MARUBENI,TANJUNG ENIM LESTARI,TARAHAN,SUMATERA SELATAN,401,285111,HONG WON,HONG WON PAPER MFG CO LTD,SOUTH KOREA,PYONGTAEK,SOUTH KOREA
2021,470329,MARUBENI,TANJUNG ENIM LESTARI,TARAHAN,SUMATERA SELATAN,501,361950,HANSOL,HANSOL PAPER CO LTD,SOUTH KOREA,PYONGTAEK,SOUTH KOREA
2021,470329,MARUBENI,TANJUNG ENIM LESTARI,TARAHAN,SUMATERA SELATAN,1102,795505,HANSOL,HANSOL PAPER CO LTD,SOUTH KOREA,PYONGTAEK,SOUTH KOREA
2021,470329,MARUBENI,TANJUNG ENIM LESTARI,PANJANG,SUMATERA SELATAN,297,213014,UNKNOWN AFFILIATION,NIBONG TEBAL PAPER MILL SDN BHD,MALAYSIA,PENANG (GEORGETOWN),MALAYSIA
2021,470329,MARUBENI,TANJUNG ENIM LESTARI,TANJUNG PRIOK,SUMATERA SELATAN,596,389888,VINDA,VINDA PAPER (ZHEJIANG) CO LTD,CHINA (MAINLAND),NINGBO,CHINA (MAINLAND)
2021,470329,MARUBENI,TANJUNG ENIM LESTARI,TANJUNG PRIOK,SUMATERA SELATAN,531,362603,VINDA,VINDA PAPER (LIAONING) CO LTD,CHINA (MAINLAND),YINGKOU,CHINA (MAINLAND)
2021,470329,MARUBENI,TANJUNG ENIM LESTARI,TANJUNG PRIOK,SUMATERA SELATAN,522,356297,VINDA,VINDA PAPER (ZHEJIANG) CO LTD,CHINA (MAINLAND),NINGBO,CHINA (MAINLAND)
2021,470329,MARUBENI,TANJUNG ENIM LESTARI,PANJANG,SUMATERA SELATAN,506,332464,VINDA,VINDA PERSONAL CARE (CHINA) LTD,CHINA (MAINLAND),WUHAN,CHINA (MAINLAND)
2021,470329,MARUBENI,TANJUNG ENIM LESTARI,PANJANG,SUMATERA SELATAN,585,386018,VINDA,VINDA PAPER (ZHEJIANG) CO LTD,CHINA (MAINLAND),NINGBO,CHINA (MAINLAND)
2021,470329,MARUBENI,TANJUNG ENIM LESTARI,PANJANG,SUMATERA SELATAN,504,332476,VINDA,VINDA PAPER (ZHEJIANG) CO LTD,CHINA (MAINLAND),NINGBO,CHINA (MAINLAND)
2021,470329,MARUBENI,TANJUNG ENIM LESTARI,PANJANG,SUMATERA SELATAN,405,265925,VINDA,VINDA PERSONAL CARE (CHINA) LTD,CHINA (MAINLAND),WUHAN,CHINA (MAINLAND)
2021,470329,MARUBENI,TANJUNG ENIM LESTARI,PANJANG,SUMATERA SELATAN,213,138937,VINDA,VINDA PAPER (SI CHUAN) CO LTD,CHINA (MAINLAND),CHONGQING,CHINA (MAINLAND)
2021,470329,MARUBENI,TANJUNG ENIM LESTARI,PANJANG,SUMATERA SELATAN,505,331952,VINDA,VINDA PERSONAL CARE (CHINA) LTD,CHINA (MAINLAND),WUHAN,CHINA (MAINLAND)
2021,470329,MARUBENI,TANJUNG ENIM LESTARI,PANJANG,SUMATERA SELATAN,105,74232,NIPPON PAPER,SIAM NIPPON INDUSTRIAL PAPER CO LTD,THAILAND,LAT KRABANG,THAILAND
2021,470329,ROYAL GOLDEN EAGLE,APRIL,FUTONG,RIAU,11246,5420625,ROYAL GOLDEN EAGLE,APRIL FAR EAST MALAYSIA SDN BHD,MALAYSIA,CHANGSHU,CHINA (MAINLAND)
2021,470200,ROYAL GOLDEN EAGLE,APRIL,FUTONG,RIAU,1012,715632,ROYAL GOLDEN EAGLE,APRIL FAR EAST MALAYSIA SDN BHD,MALAYSIA,SHANGHAI,CHINA (MAINLAND)
2021,470200,ROYAL GOLDEN EAGLE,APRIL,FUTONG,RIAU,1012,715586,ROYAL GOLDEN EAGLE,APRIL FAR EAST MALAYSIA SDN BHD,MALAYSIA,FUZHOU,CHINA (MAINLAND)
2021,470200,ROYAL GOLDEN EAGLE,APRIL,FUTONG,RIAU,1012,715593,ROYAL GOLDEN EAGLE,APRIL FAR EAST MALAYSIA SDN BHD,MALAYSIA,SHANGHAI,CHINA (MAINLAND)
2021,470329,ROYAL GOLDEN EAGLE,APRIL,BUATAN,RIAU,100,48925,ROYAL GOLDEN EAGLE,APRIL INTERNATIONAL ENTEPRISE PTE LTD,SINGAPORE,SINGAPORE,INDIA
2021,470329,ROYAL GOLDEN EAGLE,APRIL,BUATAN,RIAU,80,39125,ROYAL GOLDEN EAGLE,APRIL INTERNATIONAL ENTEPRISE PTE LTD,SINGAPORE,SINGAPORE,INDIA
2021,470200,ROYAL GOLDEN EAGLE,APRIL,FUTONG,RIAU,1012,712742,ROYAL GOLDEN EAGLE,APRIL FAR EAST MALAYSIA SDN BHD,MALAYSIA,SHANGHAI,CHINA (MAINLAND)
2021,470200,ROYAL GOLDEN EAGLE,APRIL,FUTONG,RIAU,1013,716024,ROYAL GOLDEN EAGLE,APRIL FAR EAST MALAYSIA SDN BHD,MALAYSIA,SHANGHAI,CHINA (MAINLAND)
2021,470200,ROYAL GOLDEN EAGLE,APRIL,FUTONG,RIAU,1012,715838,ROYAL GOLDEN EAGLE,APRIL FAR EAST MALAYSIA SDN BHD,MALAYSIA,TANJONG PELEPAS,CHINA (MAINLAND)
2021,470200,ROYAL GOLDEN EAGLE,APRIL,FUTONG,RIAU,1013,712956,ROYAL GOLDEN EAGLE,APRIL FAR EAST MALAYSIA SDN BHD,MALAYSIA,SHANGHAI,CHINA (MAINLAND)
2021,470200,ROYAL GOLDEN EAGLE,APRIL,FUTONG,RIAU,1012,712398,ROYAL GOLDEN EAGLE,APRIL FAR EAST MALAYSIA SDN BHD,MALAYSIA,SHANGHAI,CHINA (MAINLAND)
2021,470200,ROYAL GOLDEN EAGLE,APRIL,FUTONG,RIAU,1012,715575,ROYAL GOLDEN EAGLE,APRIL FAR EAST MALAYSIA SDN BHD,MALAYSIA,SHANGHAI,CHINA (MAINLAND)
2021,470329,ROYAL GOLDEN EAGLE,APRIL,BUATAN,RIAU,301,144671,ROYAL GOLDEN EAGLE,APRIL INTERNATIONAL ENTEPRISE PTE LTD,SINGAPORE,SINGAPORE,PHILIPPINES
2021,470329,ROYAL GOLDEN EAGLE,APRIL,BUATAN,RIAU,201,96493,ROYAL GOLDEN EAGLE,APRIL INTERNATIONAL ENTEPRISE PTE LTD,SINGAPORE,SINGAPORE,INDIA
2021,470200,ROYAL GOLDEN EAGLE,APRIL,FUTONG,RIAU,507,356609,ROYAL GOLDEN EAGLE,APRIL FAR EAST MALAYSIA SDN BHD,MALAYSIA,PORT KELANG,CHINA (MAINLAND)
2021,470200,ROYAL GOLDEN EAGLE,APRIL,FUTONG,RIAU,506,357967,ROYAL GOLDEN EAGLE,APRIL FAR EAST MALAYSIA SDN BHD,MALAYSIA,PORT KELANG,CHINA (MAINLAND)
2021,470200,ROYAL GOLDEN EAGLE,APRIL,FUTONG,RIAU,507,358112,ROYAL GOLDEN EAGLE,APRIL FAR EAST MALAYSIA SDN BHD,MALAYSIA,PORT KELANG,CHINA (MAINLAND)
2021,470200,ROYAL GOLDEN EAGLE,APRIL,FUTONG,RIAU,506,357934,ROYAL GOLDEN EAGLE,APRIL FAR EAST MALAYSIA SDN BHD,MALAYSIA,PORT KELANG,CHINA (MAINLAND)
2021,470200,ROYAL GOLDEN EAGLE,APRIL,FUTONG,RIAU,506,356316,ROYAL GOLDEN EAGLE,APRIL FAR EAST MALAYSIA SDN BHD,MALAYSIA,PORT KELANG,CHINA (MAINLAND)
2021,470200,ROYAL GOLDEN EAGLE,APRIL,FUTONG,RIAU,506,357973,ROYAL GOLDEN EAGLE,APRIL FAR EAST MALAYSIA SDN BHD,MALAYSIA,PORT KELANG,CHINA (MAINLAND)
2021,470329,ROYAL GOLDEN EAGLE,APRIL,BUATAN,RIAU,302,144865,ROYAL GOLDEN EAGLE,APRIL INTERNATIONAL ENTEPRISE PTE LTD,SINGAPORE,SINGAPORE,VIETNAM
2021,470200,ROYAL GOLDEN EAGLE,APRIL,FUTONG,RIAU,506,357914,ROYAL GOLDEN EAGLE,APRIL FAR EAST MALAYSIA SDN BHD,MALAYSIA,PORT KELANG,CHINA (MAINLAND)
2021,470200,ROYAL GOLDEN EAGLE,APRIL,FUTONG,RIAU,506,358057,ROYAL GOLDEN EAGLE,APRIL FAR EAST MALAYSIA SDN BHD,MALAYSIA,PORT KELANG,CHINA (MAINLAND)
2021,470329,ROYAL GOLDEN EAGLE,APRIL,FUTONG,RIAU,100,48169,ROYAL GOLDEN EAGLE,APRIL INTERNATIONAL ENTEPRISE PTE LTD,SINGAPORE,PORT KELANG,INDIA
2021,470329,SINAR MAS,INDAH KIAT,SUNGAI PAKNING,RIAU,3000,1449000,CHINA UNION,CHINA UNION (MACAO COMMERCIAL OFFSHORE) CO LTD,MACAO,DAGANG,CHINA (MAINLAND)
2021,470329,SINAR MAS,INDAH KIAT,SUNGAI PAKNING,RIAU,1500,724500,CHINA UNION,CHINA UNION (MACAO COMMERCIAL OFFSHORE) CO LTD,MACAO,DAGANG,CHINA (MAINLAND)
2021,470329,SINAR MAS,INDAH KIAT,SUNGAI PAKNING,RIAU,1000,483000,CHINA UNION,CHINA UNION (MACAO COMMERCIAL OFFSHORE) CO LTD,MACAO,DAGANG,CHINA (MAINLAND)
2021,470329,SINAR MAS,INDAH KIAT,SUNGAI PAKNING,RIAU,3000,1449000,CHINA UNION,CHINA UNION (MACAO COMMERCIAL OFFSHORE) CO LTD,MACAO,DAGANG,CHINA (MAINLAND)
2021,470329,SINAR MAS,INDAH KIAT,SUNGAI PAKNING,RIAU,2200,1062600,CHINA UNION,CHINA UNION (MACAO COMMERCIAL OFFSHORE) CO LTD,MACAO,DAGANG,CHINA (MAINLAND)
2021,470329,ROYAL GOLDEN EAGLE,APRIL,BUATAN,RIAU,261,125451,ROYAL GOLDEN EAGLE,APRIL INTERNATIONAL ENTEPRISE PTE LTD,SINGAPORE,SINGAPORE,PAKISTAN
2021,470200,ROYAL GOLDEN EAGLE,APRIL,FUTONG,RIAU,1012,712482,ROYAL GOLDEN EAGLE,APRIL FAR EAST MALAYSIA SDN BHD,MALAYSIA,SHANGHAI,CHINA (MAINLAND)
2021,470329,ROYAL GOLDEN EAGLE,APRIL,BUATAN,RIAU,241,115790,ROYAL GOLDEN EAGLE,APRIL INTERNATIONAL ENTEPRISE PTE LTD,SINGAPORE,SINGAPORE,PAKISTAN
2021,470329,ROYAL GOLDEN EAGLE,APRIL,FUTONG,RIAU,2813,1350222,ROYAL GOLDEN EAGLE,APRIL FAR EAST MALAYSIA SDN BHD,MALAYSIA,GUNSAN (ES KUNSAN),SOUTH KOREA
2021,470329,ROYAL GOLDEN EAGLE,APRIL,FUTONG,RIAU,1907,917375,ROYAL GOLDEN EAGLE,APRIL FAR EAST MALAYSIA SDN BHD,MALAYSIA,QINGDAO,CHINA (MAINLAND)
2021,470329,ROYAL GOLDEN EAGLE,APRIL,FUTONG,RIAU,3417,1640144,ROYAL GOLDEN EAGLE,APRIL FAR EAST MALAYSIA SDN BHD,MALAYSIA,PYONGTAEK,SOUTH KOREA
2021,470200,ROYAL GOLDEN EAGLE,APRIL,FUTONG,RIAU,1013,712823,ROYAL GOLDEN EAGLE,APRIL FAR EAST MALAYSIA SDN BHD,MALAYSIA,SHANGHAI,CHINA (MAINLAND)
2021,470200,ROYAL GOLDEN EAGLE,APRIL,FUTONG,RIAU,1012,712673,ROYAL GOLDEN EAGLE,APRIL FAR EAST MALAYSIA SDN BHD,MALAYSIA,SHANGHAI,CHINA (MAINLAND)
2021,470200,ROYAL GOLDEN EAGLE,APRIL,FUTONG,RIAU,1012,712316,ROYAL GOLDEN EAGLE,APRIL FAR EAST MALAYSIA SDN BHD,MALAYSIA,SHANGHAI,CHINA (MAINLAND)
2021,470329,ROYAL GOLDEN EAGLE,APRIL,BUATAN,RIAU,362,176088,ROYAL GOLDEN EAGLE,APRIL INTERNATIONAL ENTEPRISE PTE LTD,SINGAPORE,SINGAPORE,VIETNAM
2021,470329,ROYAL GOLDEN EAGLE,APRIL,BUATAN,RIAU,241,115692,ROYAL GOLDEN EAGLE,APRIL INTERNATIONAL ENTEPRISE PTE LTD,SINGAPORE,SINGAPORE,PAKISTAN
2021,470329,SINAR MAS,INDAH KIAT,PERAWANG,RIAU,500,239800,SINAR MAS,GOLDEN PROFIT TRADING PTE LTD,SINGAPORE,ABU DHABI,UNITED ARAB EMIRATES
2021,470329,SINAR MAS,INDAH KIAT,PERAWANG,RIAU,500,239800,SINAR MAS,GOLDEN PROFIT TRADING PTE LTD,SINGAPORE,ABU DHABI,UNITED ARAB EMIRATES
2021,470329,ROYAL GOLDEN EAGLE,APRIL,BUATAN,RIAU,502,244677,ROYAL GOLDEN EAGLE,APRIL INTERNATIONAL ENTEPRISE PTE LTD,SINGAPORE,SINGAPORE,INDIA
2021,470200,ROYAL GOLDEN EAGLE,APRIL,FUTONG,RIAU,1012,712605,ROYAL GOLDEN EAGLE,APRIL FAR EAST MALAYSIA SDN BHD,MALAYSIA,SHANGHAI,CHINA (MAINLAND)
2021,470200,ROYAL GOLDEN EAGLE,APRIL,FUTONG,RIAU,1012,712236,ROYAL GOLDEN EAGLE,APRIL FAR EAST MALAYSIA SDN BHD,MALAYSIA,SHANGHAI,CHINA (MAINLAND)
2021,470329,SINAR MAS,INDAH KIAT,PERAWANG,RIAU,100,52963,SINAR MAS,GOLDEN PROFIT TRADING PTE LTD,SINGAPORE,KARACHI,PAKISTAN
2021,470329,SINAR MAS,INDAH KIAT,PERAWANG,RIAU,506,241034,SINAR MAS,GOLDEN PROFIT TRADING PTE LTD,SINGAPORE,CHITTAGONG,BANGLADESH
2021,470329,SINAR MAS,INDAH KIAT,SUNGAI PAKNING,RIAU,2500,1123750,CHINA UNION,CHINA UNION (MACAO COMMERCIAL OFFSHORE) CO LTD,MACAO,DAGANG,CHINA (MAINLAND)
2021,470329,SINAR MAS,INDAH KIAT,SUNGAI PAKNING,RIAU,3000,1348500,CHINA UNION,CHINA UNION (MACAO COMMERCIAL OFFSHORE) CO LTD,MACAO,DAGANG,CHINA (MAINLAND)
2021,470329,SINAR MAS,INDAH KIAT,SUNGAI PAKNING,RIAU,1900,854050,CHINA UNION,CHINA UNION (MACAO COMMERCIAL OFFSHORE) CO LTD,MACAO,DAGANG,CHINA (MAINLAND)
2021,470329,SINAR MAS,INDAH KIAT,SUNGAI PAKNING,RIAU,2600,1168700,CHINA UNION,CHINA UNION (MACAO COMMERCIAL OFFSHORE) CO LTD,MACAO,DAGANG,CHINA (MAINLAND)
2021,470329,SINAR MAS,INDAH KIAT,SUNGAI PAKNING,RIAU,2000,967000,CHINA UNION,CHINA UNION (MACAO COMMERCIAL OFFSHORE) CO LTD,MACAO,DAGANG,CHINA (MAINLAND)
2021,470329,SINAR MAS,INDAH KIAT,SUNGAI PAKNING,RIAU,1500,725250,CHINA UNION,CHINA UNION (MACAO COMMERCIAL OFFSHORE) CO LTD,MACAO,DAGANG,CHINA (MAINLAND)
2021,470329,ROYAL GOLDEN EAGLE,APRIL,BUATAN,RIAU,261,125426,ROYAL GOLDEN EAGLE,APRIL INTERNATIONAL ENTEPRISE PTE LTD,SINGAPORE,SINGAPORE,PAKISTAN
2021,470200,ROYAL GOLDEN EAGLE,APRIL,FUTONG,RIAU,1012,712399,ROYAL GOLDEN EAGLE,APRIL FAR EAST MALAYSIA SDN BHD,MALAYSIA,SHANGHAI,CHINA (MAINLAND)
2021,470200,ROYAL GOLDEN EAGLE,APRIL,FUTONG,RIAU,1012,712599,ROYAL GOLDEN EAGLE,APRIL FAR EAST MALAYSIA SDN BHD,MALAYSIA,SHANGHAI,CHINA (MAINLAND)
2021,470200,ROYAL GOLDEN EAGLE,APRIL,FUTONG,RIAU,1012,712511,ROYAL GOLDEN EAGLE,APRIL FAR EAST MALAYSIA SDN BHD,MALAYSIA,SHANGHAI,CHINA (MAINLAND)
2021,470200,ROYAL GOLDEN EAGLE,APRIL,FUTONG,RIAU,1012,712657,ROYAL GOLDEN EAGLE,APRIL FAR EAST MALAYSIA SDN BHD,MALAYSIA,SHANGHAI,CHINA (MAINLAND)
2021,470200,ROYAL GOLDEN EAGLE,APRIL,FUTONG,RIAU,1013,712808,ROYAL GOLDEN EAGLE,APRIL FAR EAST MALAYSIA SDN BHD,MALAYSIA,SHANGHAI,CHINA (MAINLAND)
2021,470200,ROYAL GOLDEN EAGLE,APRIL,FUTONG,RIAU,1012,712419,ROYAL GOLDEN EAGLE,APRIL FAR EAST MALAYSIA SDN BHD,MALAYSIA,SHANGHAI,CHINA (MAINLAND)
2021,470329,ROYAL GOLDEN EAGLE,APRIL,FUTONG,RIAU,1005,482291,ROYAL GOLDEN EAGLE,APRIL FAR EAST MALAYSIA SDN BHD,MALAYSIA,NINGBO,CHINA (MAINLAND)
2021,470200,ROYAL GOLDEN EAGLE,APRIL,FUTONG,RIAU,506,357832,ROYAL GOLDEN EAGLE,APRIL FAR EAST MALAYSIA SDN BHD,MALAYSIA,PORT KELANG,CHINA (MAINLAND)
2021,470200,ROYAL GOLDEN EAGLE,APRIL,FUTONG,RIAU,506,357908,ROYAL GOLDEN EAGLE,APRIL FAR EAST MALAYSIA SDN BHD,MALAYSIA,PORT KELANG,CHINA (MAINLAND)
2021,470200,ROYAL GOLDEN EAGLE,APRIL,FUTONG,RIAU,506,356400,ROYAL GOLDEN EAGLE,APRIL FAR EAST MALAYSIA SDN BHD,MALAYSIA,PORT KELANG,CHINA (MAINLAND)
2021,470329,ROYAL GOLDEN EAGLE,APRIL,FUTONG,RIAU,602,289180,ROYAL GOLDEN EAGLE,APRIL INTERNATIONAL ENTEPRISE PTE LTD,SINGAPORE,PORT KELANG,INDIA
2021,470200,ROYAL GOLDEN EAGLE,APRIL,FUTONG,RIAU,506,356314,ROYAL GOLDEN EAGLE,APRIL FAR EAST MALAYSIA SDN BHD,MALAYSIA,PORT KELANG,CHINA (MAINLAND)
2021,470329,SINAR MAS,INDAH KIAT,PERAWANG,RIAU,500,266375,SINAR MAS,GOLDEN PROFIT TRADING PTE LTD,SINGAPORE,ABU DHABI,UNITED ARAB EMIRATES
2021,470329,SINAR MAS,INDAH KIAT,PERAWANG,RIAU,500,266375,SINAR MAS,GOLDEN PROFIT TRADING PTE LTD,SINGAPORE,ABU DHABI,UNITED ARAB EMIRATES
2021,470329,ROYAL GOLDEN EAGLE,APRIL,FUTONG,RIAU,5027,2412745,ROYAL GOLDEN EAGLE,APRIL FAR EAST MALAYSIA SDN BHD,MALAYSIA,XINHUI,CHINA (MAINLAND)
2021,470329,ROYAL GOLDEN EAGLE,APRIL,FUTONG,RIAU,2712,1251259,ROYAL GOLDEN EAGLE,APRIL FAR EAST MALAYSIA SDN BHD,MALAYSIA,ZHANJIANG,CHINA (MAINLAND)
2021,470200,ROYAL GOLDEN EAGLE,APRIL,FUTONG,RIAU,1012,715801,ROYAL GOLDEN EAGLE,APRIL FAR EAST MALAYSIA SDN BHD,MALAYSIA,FUZHOU,CHINA (MAINLAND)
2021,470200,ROYAL GOLDEN EAGLE,APRIL,FUTONG,RIAU,1012,715628,ROYAL GOLDEN EAGLE,APRIL FAR EAST MALAYSIA SDN BHD,MALAYSIA,FUZHOU,CHINA (MAINLAND)
2021,470200,ROYAL GOLDEN EAGLE,APRIL,FUTONG,RIAU,1012,715566,ROYAL GOLDEN EAGLE,APRIL FAR EAST MALAYSIA SDN BHD,MALAYSIA,FUZHOU,CHINA (MAINLAND)
2021,470329,ROYAL GOLDEN EAGLE,APRIL,BUATAN,RIAU,141,67839,ROYAL GOLDEN EAGLE,APRIL INTERNATIONAL ENTEPRISE PTE LTD,SINGAPORE,SINGAPORE,UNITED ARAB EMIRATES
2021,470329,ROYAL GOLDEN EAGLE,APRIL,BUATAN,RIAU,402,193034,ROYAL GOLDEN EAGLE,APRIL INTERNATIONAL ENTEPRISE PTE LTD,SINGAPORE,SINGAPORE,VIETNAM
2021,470329,ROYAL GOLDEN EAGLE,APRIL,BUATAN,RIAU,60,29410,ROYAL GOLDEN EAGLE,APRIL INTERNATIONAL ENTEPRISE PTE LTD,SINGAPORE,SINGAPORE,INDIA
2021,470329,ROYAL GOLDEN EAGLE,APRIL,BUATAN,RIAU,101,48269,ROYAL GOLDEN EAGLE,APRIL INTERNATIONAL ENTEPRISE PTE LTD,SINGAPORE,SINGAPORE,INDIA
2021,470200,ROYAL GOLDEN EAGLE,APRIL,FUTONG,RIAU,1013,712962,ROYAL GOLDEN EAGLE,APRIL FAR EAST MALAYSIA SDN BHD,MALAYSIA,SHANGHAI,CHINA (MAINLAND)
2021,470200,ROYAL GOLDEN EAGLE,APRIL,BUATAN,RIAU,506,356427,ROYAL GOLDEN EAGLE,APRIL FAR EAST MALAYSIA SDN BHD,MALAYSIA,SINGAPORE,CHINA (MAINLAND)
2021,470200,ROYAL GOLDEN EAGLE,APRIL,BUATAN,RIAU,506,356239,ROYAL GOLDEN EAGLE,APRIL FAR EAST MALAYSIA SDN BHD,MALAYSIA,SINGAPORE,CHINA (MAINLAND)
2021,470329,ROYAL GOLDEN EAGLE,APRIL,BUATAN,RIAU,201,96506,ROYAL GOLDEN EAGLE,APRIL INTERNATIONAL ENTEPRISE PTE LTD,SINGAPORE,SINGAPORE,VIETNAM
2021,470200,ROYAL GOLDEN EAGLE,APRIL,BUATAN,RIAU,506,356430,ROYAL GOLDEN EAGLE,APRIL FAR EAST MALAYSIA SDN BHD,MALAYSIA,SINGAPORE,CHINA (MAINLAND)
2021,470329,ROYAL GOLDEN EAGLE,APRIL,FUTONG,RIAU,604,289707,ROYAL GOLDEN EAGLE,APRIL INTERNATIONAL ENTEPRISE PTE LTD,SINGAPORE,PORT KELANG,INDIA
2021,470200,ROYAL GOLDEN EAGLE,APRIL,FUTONG,RIAU,1013,713023,ROYAL GOLDEN EAGLE,APRIL FAR EAST MALAYSIA SDN BHD,MALAYSIA,SHANGHAI,CHINA (MAINLAND)
2021,470200,ROYAL GOLDEN EAGLE,APRIL,FUTONG,RIAU,1012,712666,ROYAL GOLDEN EAGLE,APRIL FAR EAST MALAYSIA SDN BHD,MALAYSIA,SHANGHAI,CHINA (MAINLAND)
2021,470200,ROYAL GOLDEN EAGLE,APRIL,FUTONG,RIAU,1012,712727,ROYAL GOLDEN EAGLE,APRIL FAR EAST MALAYSIA SDN BHD,MALAYSIA,FUZHOU,CHINA (MAINLAND)
2021,470200,ROYAL GOLDEN EAGLE,APRIL,FUTONG,RIAU,1012,712722,ROYAL GOLDEN EAGLE,APRIL FAR EAST MALAYSIA SDN BHD,MALAYSIA,SHANGHAI,CHINA (MAINLAND)
2021,470329,ROYAL GOLDEN EAGLE,APRIL,BUATAN,RIAU,81,38646,ROYAL GOLDEN EAGLE,APRIL INTERNATIONAL ENTEPRISE PTE LTD,SINGAPORE,SINGAPORE,INDIA
2021,470329,ROYAL GOLDEN EAGLE,APRIL,BUATAN,RIAU,503,241292,ROYAL GOLDEN EAGLE,APRIL FAR EAST MALAYSIA SDN BHD,MALAYSIA,SINGAPORE,CHINA (MAINLAND)
2021,470200,ROYAL GOLDEN EAGLE,APRIL,FUTONG,RIAU,1012,712742,ROYAL GOLDEN EAGLE,APRIL FAR EAST MALAYSIA SDN BHD,MALAYSIA,SHANGHAI,CHINA (MAINLAND)
2021,470200,ROYAL GOLDEN EAGLE,APRIL,FUTONG,RIAU,1013,712902,ROYAL GOLDEN EAGLE,APRIL FAR EAST MALAYSIA SDN BHD,MALAYSIA,SHANGHAI,CHINA (MAINLAND)
2021,470329,SINAR MAS,INDAH KIAT,PERAWANG,RIAU,500,259913,SINAR MAS,GOLDEN PROFIT TRADING PTE LTD,SINGAPORE,EL ISKANDARIYA (= ALEXAND,EGYPT
2021,470329,SINAR MAS,INDAH KIAT,SUNGAI PAKNING,RIAU,7500,3352500,UNKNOWN AFFILIATION,FREELAND UNIVERSAL LTD,CHINA (HONG KONG),QINZHOU,CHINA (MAINLAND)
2021,470200,ROYAL GOLDEN EAGLE,APRIL,FUTONG,RIAU,1012,712573,ROYAL GOLDEN EAGLE,APRIL FAR EAST MALAYSIA SDN BHD,MALAYSIA,SHANGHAI,CHINA (MAINLAND)
2021,470200,ROYAL GOLDEN EAGLE,APRIL,FUTONG,RIAU,10120,7124360,ROYAL GOLDEN EAGLE,APRIL FAR EAST MALAYSIA SDN BHD,MALAYSIA,LIANYUNGANG,CHINA (MAINLAND)
2021,470200,ROYAL GOLDEN EAGLE,APRIL,FUTONG,RIAU,506,356466,ROYAL GOLDEN EAGLE,APRIL FAR EAST MALAYSIA SDN BHD,MALAYSIA,PORT KELANG,CHINA (MAINLAND)
2021,470200,ROYAL GOLDEN EAGLE,APRIL,FUTONG,RIAU,506,356303,ROYAL GOLDEN EAGLE,APRIL FAR EAST MALAYSIA SDN BHD,MALAYSIA,PORT KELANG,CHINA (MAINLAND)
2021,470329,ROYAL GOLDEN EAGLE,APRIL,FUTONG,RIAU,261,125367,ROYAL GOLDEN EAGLE,APRIL INTERNATIONAL ENTEPRISE PTE LTD,SINGAPORE,PORT KELANG,INDIA
2021,470329,ROYAL GOLDEN EAGLE,APRIL,BUATAN,RIAU,100,48215,ROYAL GOLDEN EAGLE,APRIL INTERNATIONAL ENTEPRISE PTE LTD,SINGAPORE,SINGAPORE,THAILAND
2021,470329,ROYAL GOLDEN EAGLE,APRIL,BUATAN,RIAU,40,19599,ROYAL GOLDEN EAGLE,APRIL INTERNATIONAL ENTEPRISE PTE LTD,SINGAPORE,SINGAPORE,INDIA
2021,470200,ROYAL GOLDEN EAGLE,APRIL,FUTONG,RIAU,506,356117,ROYAL GOLDEN EAGLE,APRIL FAR EAST MALAYSIA SDN BHD,MALAYSIA,PORT KELANG,CHINA (MAINLAND)
2021,470200,ROYAL GOLDEN EAGLE,APRIL,FUTONG,RIAU,506,356328,ROYAL GOLDEN EAGLE,APRIL FAR EAST MALAYSIA SDN BHD,MALAYSIA,PORT KELANG,CHINA (MAINLAND)
2021,470200,ROYAL GOLDEN EAGLE,APRIL,FUTONG,RIAU,506,356275,ROYAL GOLDEN EAGLE,APRIL FAR EAST MALAYSIA SDN BHD,MALAYSIA,PORT KELANG,CHINA (MAINLAND)
2021,470329,ROYAL GOLDEN EAGLE,APRIL,BUATAN,RIAU,201,96596,ROYAL GOLDEN EAGLE,APRIL INTERNATIONAL ENTEPRISE PTE LTD,SINGAPORE,SINGAPORE,INDIA
2021,470200,ROYAL GOLDEN EAGLE,APRIL,FUTONG,RIAU,506,356373,ROYAL GOLDEN EAGLE,APRIL FAR EAST MALAYSIA SDN BHD,MALAYSIA,PORT KELANG,CHINA (MAINLAND)
2021,470200,ROYAL GOLDEN EAGLE,APRIL,FUTONG,RIAU,506,356374,ROYAL GOLDEN EAGLE,APRIL FAR EAST MALAYSIA SDN BHD,MALAYSIA,PORT KELANG,CHINA (MAINLAND)
2021,470200,ROYAL GOLDEN EAGLE,APRIL,FUTONG,RIAU,506,355973,ROYAL GOLDEN EAGLE,APRIL FAR EAST MALAYSIA SDN BHD,MALAYSIA,PORT KELANG,CHINA (MAINLAND)
2021,470200,ROYAL GOLDEN EAGLE,APRIL,FUTONG,RIAU,506,356324,ROYAL GOLDEN EAGLE,APRIL FAR EAST MALAYSIA SDN BHD,MALAYSIA,PORT KELANG,CHINA (MAINLAND)
2021,470329,ROYAL GOLDEN EAGLE,APRIL,BUATAN,RIAU,502,241030,ROYAL GOLDEN EAGLE,APRIL INTERNATIONAL ENTEPRISE PTE LTD,SINGAPORE,SINGAPORE,UNITED ARAB EMIRATES
2021,470200,ROYAL GOLDEN EAGLE,APRIL,FUTONG,RIAU,509,358199,ROYAL GOLDEN EAGLE,APRIL FAR EAST MALAYSIA SDN BHD,MALAYSIA,PORT KELANG,CHINA (MAINLAND)
2021,470200,ROYAL GOLDEN EAGLE,APRIL,FUTONG,RIAU,142,99821,ROYAL GOLDEN EAGLE,APRIL FAR EAST MALAYSIA SDN BHD,MALAYSIA,PORT KELANG,CHINA (MAINLAND)
2021,470200,ROYAL GOLDEN EAGLE,APRIL,FUTONG,RIAU,506,356308,ROYAL GOLDEN EAGLE,APRIL FAR EAST MALAYSIA SDN BHD,MALAYSIA,PORT KELANG,CHINA (MAINLAND)
2021,470200,ROYAL GOLDEN EAGLE,APRIL,FUTONG,RIAU,364,256405,ROYAL GOLDEN EAGLE,APRIL FAR EAST MALAYSIA SDN BHD,MALAYSIA,PORT KELANG,CHINA (MAINLAND)
2021,470329,SINAR MAS,INDAH KIAT,SUNGAI PAKNING,RIAU,5000,2235000,UNKNOWN AFFILIATION,FREELAND UNIVERSAL LTD,CHINA (HONG KONG),QINGDAO,CHINA (MAINLAND)
2021,470329,SINAR MAS,INDAH KIAT,SUNGAI PAKNING,RIAU,9800,4380600,SINAR MAS,GOLDEN PROFIT TRADING PTE LTD,SINGAPORE,QINGDAO,CHINA (MAINLAND)
2021,470329,SINAR MAS,INDAH KIAT,SUNGAI PAKNING,RIAU,500,223500,UNKNOWN AFFILIATION,FREELAND UNIVERSAL LTD,CHINA (HONG KONG),QINGDAO,CHINA (MAINLAND)
2021,470329,ROYAL GOLDEN EAGLE,APRIL,BUATAN,RIAU,502,244553,ROYAL GOLDEN EAGLE,APRIL INTERNATIONAL ENTEPRISE PTE LTD,SINGAPORE,PORT KELANG,INDIA
2021,470329,ROYAL GOLDEN EAGLE,APRIL,BUATAN,RIAU,101,48310,ROYAL GOLDEN EAGLE,APRIL INTERNATIONAL ENTEPRISE PTE LTD,SINGAPORE,SINGAPORE,INDIA
2021,470329,ROYAL GOLDEN EAGLE,APRIL,BUATAN,RIAU,201,96424,ROYAL GOLDEN EAGLE,APRIL INTERNATIONAL ENTEPRISE PTE LTD,SINGAPORE,SINGAPORE,INDIA
2021,470329,SINAR MAS,INDAH KIAT,SUNGAI PAKNING,RIAU,1250,602500,UNKNOWN AFFILIATION,BRIGHTENING SKY CO LTD,CHINA (HONG KONG),NINGBO,CHINA (MAINLAND)
2021,470329,SINAR MAS,INDAH KIAT,SUNGAI PAKNING,RIAU,1700,819400,CHINA UNION,CHINA UNION (MACAO COMMERCIAL OFFSHORE) CO LTD,MACAO,NINGBO,CHINA (MAINLAND)
2021,470329,SINAR MAS,INDAH KIAT,SUNGAI PAKNING,RIAU,2180,1050760,UNKNOWN AFFILIATION,BRIGHTENING SKY CO LTD,CHINA (HONG KONG),NINGBO,CHINA (MAINLAND)
2021,470329,SINAR MAS,INDAH KIAT,SUNGAI PAKNING,RIAU,3500,1568000,UNKNOWN AFFILIATION,FREELAND UNIVERSAL LTD,CHINA (HONG KONG),CHANGSHU,CHINA (MAINLAND)
2021,470329,SINAR MAS,INDAH KIAT,SUNGAI PAKNING,RIAU,1670,804940,UNKNOWN AFFILIATION,BRIGHTENING SKY CO LTD,CHINA (HONG KONG),NINGBO,CHINA (MAINLAND)
2021,470200,ROYAL GOLDEN EAGLE,APRIL,FUTONG,RIAU,1012,712556,ROYAL GOLDEN EAGLE,APRIL FAR EAST MALAYSIA SDN BHD,MALAYSIA,SHANGHAI,CHINA (MAINLAND)
2021,470200,ROYAL GOLDEN EAGLE,APRIL,FUTONG,RIAU,1012,712528,ROYAL GOLDEN EAGLE,APRIL FAR EAST MALAYSIA SDN BHD,MALAYSIA,SHANGHAI,CHINA (MAINLAND)
2021,470200,ROYAL GOLDEN EAGLE,APRIL,FUTONG,RIAU,1012,712494,ROYAL GOLDEN EAGLE,APRIL FAR EAST MALAYSIA SDN BHD,MALAYSIA,SHANGHAI,CHINA (MAINLAND)
2021,470200,ROYAL GOLDEN EAGLE,APRIL,FUTONG,RIAU,1012,712471,ROYAL GOLDEN EAGLE,APRIL FAR EAST MALAYSIA SDN BHD,MALAYSIA,SHANGHAI,CHINA (MAINLAND)
2021,470200,ROYAL GOLDEN EAGLE,APRIL,FUTONG,RIAU,1012,712506,ROYAL GOLDEN EAGLE,APRIL FAR EAST MALAYSIA SDN BHD,MALAYSIA,SHANGHAI,CHINA (MAINLAND)
2021,470200,ROYAL GOLDEN EAGLE,APRIL,FUTONG,RIAU,1011,711784,ROYAL GOLDEN EAGLE,APRIL FAR EAST MALAYSIA SDN BHD,MALAYSIA,SHANGHAI,CHINA (MAINLAND)
2021,470329,ROYAL GOLDEN EAGLE,APRIL,BUATAN,RIAU,40,19300,ROYAL GOLDEN EAGLE,APRIL INTERNATIONAL ENTEPRISE PTE LTD,SINGAPORE,SINGAPORE,BANGLADESH
2021,470329,ROYAL GOLDEN EAGLE,APRIL,BUATAN,RIAU,201,96510,ROYAL GOLDEN EAGLE,APRIL INTERNATIONAL ENTEPRISE PTE LTD,SINGAPORE,SINGAPORE,VIETNAM
2021,470329,SINAR MAS,INDAH KIAT,SUNGAI PAKNING,RIAU,5300,2824900,UNKNOWN AFFILIATION,FREELAND UNIVERSAL LTD,CHINA (HONG KONG),QINZHOU,CHINA (MAINLAND)
2021,470329,SINAR MAS,INDAH KIAT,SUNGAI PAKNING,RIAU,4700,2505100,UNKNOWN AFFILIATION,FREELAND UNIVERSAL LTD,CHINA (HONG KONG),QINZHOU,CHINA (MAINLAND)
2021,470200,ROYAL GOLDEN EAGLE,APRIL,FUTONG,RIAU,1012,712139,ROYAL GOLDEN EAGLE,APRIL FAR EAST MALAYSIA SDN BHD,MALAYSIA,FUZHOU,CHINA (MAINLAND)
2021,470200,ROYAL GOLDEN EAGLE,APRIL,FUTONG,RIAU,1013,713074,ROYAL GOLDEN EAGLE,APRIL FAR EAST MALAYSIA SDN BHD,MALAYSIA,FUZHOU,CHINA (MAINLAND)
2021,470200,ROYAL GOLDEN EAGLE,APRIL,FUTONG,RIAU,506,356483,ROYAL GOLDEN EAGLE,APRIL FAR EAST MALAYSIA SDN BHD,MALAYSIA,FUZHOU,CHINA (MAINLAND)
2021,470200,ROYAL GOLDEN EAGLE,APRIL,FUTONG,RIAU,1012,712660,ROYAL GOLDEN EAGLE,APRIL FAR EAST MALAYSIA SDN BHD,MALAYSIA,SHANGHAI,CHINA (MAINLAND)
2021,470329,ROYAL GOLDEN EAGLE,APRIL,BUATAN,RIAU,499,239290,ROYAL GOLDEN EAGLE,APRIL INTERNATIONAL ENTEPRISE PTE LTD,SINGAPORE,SINGAPORE,UNITED ARAB EMIRATES
2021,470329,SINAR MAS,INDAH KIAT,PERAWANG,RIAU,100,55521,SINAR MAS,GOLDEN PROFIT TRADING PTE LTD,SINGAPORE,DA NANG,VIETNAM
2021,470329,SINAR MAS,INDAH KIAT,PERAWANG,RIAU,400,188988,SINAR MAS,GOLDEN PROFIT TRADING PTE LTD,SINGAPORE,CAT LAI,VIETNAM
2021,470329,ROYAL GOLDEN EAGLE,APRIL,BUATAN,RIAU,503,241441,ROYAL GOLDEN EAGLE,APRIL INTERNATIONAL ENTEPRISE PTE LTD,SINGAPORE,SINGAPORE,UNITED ARAB EMIRATES
2021,470329,ROYAL GOLDEN EAGLE,APRIL,FUTONG,RIAU,7437,3569856,ROYAL GOLDEN EAGLE,APRIL INTERNATIONAL ENTEPRISE PTE LTD,SINGAPORE,CHITTAGONG,BANGLADESH
2021,470200,ROYAL GOLDEN EAGLE,APRIL,FUTONG,RIAU,244,171485,ROYAL GOLDEN EAGLE,APRIL FAR EAST MALAYSIA SDN BHD,MALAYSIA,FUZHOU,CHINA (MAINLAND)
2021,470200,ROYAL GOLDEN EAGLE,APRIL,FUTONG,RIAU,263,185273,ROYAL GOLDEN EAGLE,APRIL FAR EAST MALAYSIA SDN BHD,MALAYSIA,FUZHOU,CHINA (MAINLAND)
2021,470200,ROYAL GOLDEN EAGLE,APRIL,FUTONG,RIAU,1012,712618,ROYAL GOLDEN EAGLE,APRIL FAR EAST MALAYSIA SDN BHD,MALAYSIA,SHANGHAI,CHINA (MAINLAND)
2021,470200,ROYAL GOLDEN EAGLE,APRIL,FUTONG,RIAU,1012,712573,ROYAL GOLDEN EAGLE,APRIL FAR EAST MALAYSIA SDN BHD,MALAYSIA,SHANGHAI,CHINA (MAINLAND)
2021,470200,ROYAL GOLDEN EAGLE,APRIL,FUTONG,RIAU,1012,712551,ROYAL GOLDEN EAGLE,APRIL FAR EAST MALAYSIA SDN BHD,MALAYSIA,SHANGHAI,CHINA (MAINLAND)
2021,470200,ROYAL GOLDEN EAGLE,APRIL,FUTONG,RIAU,1012,712513,ROYAL GOLDEN EAGLE,APRIL FAR EAST MALAYSIA SDN BHD,MALAYSIA,SHANGHAI,CHINA (MAINLAND)
2021,470200,ROYAL GOLDEN EAGLE,APRIL,FUTONG,RIAU,1012,712404,ROYAL GOLDEN EAGLE,APRIL FAR EAST MALAYSIA SDN BHD,MALAYSIA,SHANGHAI,CHINA (MAINLAND)
2021,470200,ROYAL GOLDEN EAGLE,APRIL,FUTONG,RIAU,506,356249,ROYAL GOLDEN EAGLE,APRIL FAR EAST MALAYSIA SDN BHD,MALAYSIA,PORT KELANG,CHINA (MAINLAND)
2021,470200,ROYAL GOLDEN EAGLE,APRIL,FUTONG,RIAU,506,356208,ROYAL GOLDEN EAGLE,APRIL FAR EAST MALAYSIA SDN BHD,MALAYSIA,PORT KELANG,CHINA (MAINLAND)
2021,470200,ROYAL GOLDEN EAGLE,APRIL,FUTONG,RIAU,223,156693,ROYAL GOLDEN EAGLE,APRIL FAR EAST MALAYSIA SDN BHD,MALAYSIA,PORT KELANG,CHINA (MAINLAND)
2021,470200,ROYAL GOLDEN EAGLE,APRIL,FUTONG,RIAU,506,356322,ROYAL GOLDEN EAGLE,APRIL FAR EAST MALAYSIA SDN BHD,MALAYSIA,PORT KELANG,CHINA (MAINLAND)
2021,470200,ROYAL GOLDEN EAGLE,APRIL,FUTONG,RIAU,506,356327,ROYAL GOLDEN EAGLE,APRIL FAR EAST MALAYSIA SDN BHD,MALAYSIA,PORT KELANG,CHINA (MAINLAND)
2021,470200,ROYAL GOLDEN EAGLE,APRIL,FUTONG,RIAU,507,356589,ROYAL GOLDEN EAGLE,APRIL FAR EAST MALAYSIA SDN BHD,MALAYSIA,PORT KELANG,CHINA (MAINLAND)
2021,470200,ROYAL GOLDEN EAGLE,APRIL,FUTONG,RIAU,506,356078,ROYAL GOLDEN EAGLE,APRIL FAR EAST MALAYSIA SDN BHD,MALAYSIA,PORT KELANG,CHINA (MAINLAND)
2021,470200,ROYAL GOLDEN EAGLE,APRIL,FUTONG,RIAU,506,356216,ROYAL GOLDEN EAGLE,APRIL FAR EAST MALAYSIA SDN BHD,MALAYSIA,PORT KELANG,CHINA (MAINLAND)
2021,470329,ROYAL GOLDEN EAGLE,APRIL,FUTONG,RIAU,603,289601,ROYAL GOLDEN EAGLE,APRIL INTERNATIONAL ENTEPRISE PTE LTD,SINGAPORE,PORT KELANG,INDIA
2021,470200,ROYAL GOLDEN EAGLE,APRIL,BUATAN,RIAU,506,355970,ROYAL GOLDEN EAGLE,APRIL FAR EAST MALAYSIA SDN BHD,MALAYSIA,SINGAPORE,CHINA (MAINLAND)
2021,470200,ROYAL GOLDEN EAGLE,APRIL,BUATAN,RIAU,506,356387,ROYAL GOLDEN EAGLE,APRIL FAR EAST MALAYSIA SDN BHD,MALAYSIA,SINGAPORE,CHINA (MAINLAND)
2021,470329,ROYAL GOLDEN EAGLE,APRIL,BUATAN,RIAU,140,67429,ROYAL GOLDEN EAGLE,APRIL INTERNATIONAL ENTEPRISE PTE LTD,SINGAPORE,SINGAPORE,INDIA
2021,470329,ROYAL GOLDEN EAGLE,APRIL,BUATAN,RIAU,101,48253,ROYAL GOLDEN EAGLE,APRIL INTERNATIONAL ENTEPRISE PTE LTD,SINGAPORE,SINGAPORE,INDIA
2021,470329,ROYAL GOLDEN EAGLE,APRIL,BUATAN,RIAU,202,96830,ROYAL GOLDEN EAGLE,APRIL INTERNATIONAL ENTEPRISE PTE LTD,SINGAPORE,SINGAPORE,INDIA
2021,470329,ROYAL GOLDEN EAGLE,APRIL,BUATAN,RIAU,503,241206,ROYAL GOLDEN EAGLE,APRIL FAR EAST MALAYSIA SDN BHD,MALAYSIA,SINGAPORE,CHINA (MAINLAND)
2021,470200,ROYAL GOLDEN EAGLE,APRIL,FUTONG,RIAU,1012,712383,ROYAL GOLDEN EAGLE,APRIL FAR EAST MALAYSIA SDN BHD,MALAYSIA,SHANGHAI,CHINA (MAINLAND)
2021,470200,ROYAL GOLDEN EAGLE,APRIL,FUTONG,RIAU,1012,712697,ROYAL GOLDEN EAGLE,APRIL FAR EAST MALAYSIA SDN BHD,MALAYSIA,SHANGHAI,CHINA (MAINLAND)
2021,470200,ROYAL GOLDEN EAGLE,APRIL,FUTONG,RIAU,1012,712312,ROYAL GOLDEN EAGLE,APRIL FAR EAST MALAYSIA SDN BHD,MALAYSIA,SHANGHAI,CHINA (MAINLAND)
2021,470329,ROYAL GOLDEN EAGLE,APRIL,BUATAN,RIAU,241,115744,ROYAL GOLDEN EAGLE,APRIL INTERNATIONAL ENTEPRISE PTE LTD,SINGAPORE,SINGAPORE,INDIA
2021,470329,ROYAL GOLDEN EAGLE,APRIL,BUATAN,RIAU,301,144491,ROYAL GOLDEN EAGLE,APRIL INTERNATIONAL ENTEPRISE PTE LTD,SINGAPORE,SINGAPORE,INDIA
2021,470329,SINAR MAS,INDAH KIAT,PERAWANG,RIAU,480,237576,SINAR MAS,GOLDEN PROFIT TRADING PTE LTD,SINGAPORE,JEBEL ALI,UNITED ARAB EMIRATES
2021,470200,ROYAL GOLDEN EAGLE,APRIL,FUTONG,RIAU,1011,711991,ROYAL GOLDEN EAGLE,APRIL FAR EAST MALAYSIA SDN BHD,MALAYSIA,SHANGHAI,CHINA (MAINLAND)
2021,470200,ROYAL GOLDEN EAGLE,APRIL,FUTONG,RIAU,1012,712649,ROYAL GOLDEN EAGLE,APRIL FAR EAST MALAYSIA SDN BHD,MALAYSIA,FUZHOU,CHINA (MAINLAND)
2021,470200,ROYAL GOLDEN EAGLE,APRIL,FUTONG,RIAU,1013,712916,ROYAL GOLDEN EAGLE,APRIL FAR EAST MALAYSIA SDN BHD,MALAYSIA,FUZHOU,CHINA (MAINLAND)
2021,470329,ROYAL GOLDEN EAGLE,APRIL,FUTONG,RIAU,15079,7237955,ROYAL GOLDEN EAGLE,APRIL INTERNATIONAL ENTEPRISE PTE LTD,SINGAPORE,ABU DHABI,UNITED ARAB EMIRATES
2021,470329,SINAR MAS,INDAH KIAT,SUNGAI PAKNING,RIAU,2900,1545700,UNKNOWN AFFILIATION,FREELAND UNIVERSAL LTD,CHINA (HONG KONG),QINZHOU,CHINA (MAINLAND)
2021,470329,SINAR MAS,INDAH KIAT,SUNGAI PAKNING,RIAU,7300,3890900,UNKNOWN AFFILIATION,BRIGHTENING SKY CO LTD,CHINA (HONG KONG),QINZHOU,CHINA (MAINLAND)
2021,470329,ROYAL GOLDEN EAGLE,APRIL,BUATAN,RIAU,201,96461,ROYAL GOLDEN EAGLE,APRIL INTERNATIONAL ENTEPRISE PTE LTD,SINGAPORE,SINGAPORE,SAUDI ARABIA
2021,470329,ROYAL GOLDEN EAGLE,APRIL,BUATAN,RIAU,60,28908,ROYAL GOLDEN EAGLE,APRIL INTERNATIONAL ENTEPRISE PTE LTD,SINGAPORE,SINGAPORE,INDIA
2021,470329,ROYAL GOLDEN EAGLE,APRIL,BUATAN,RIAU,241,115661,ROYAL GOLDEN EAGLE,APRIL INTERNATIONAL ENTEPRISE PTE LTD,SINGAPORE,SINGAPORE,PAKISTAN
2021,470200,ROYAL GOLDEN EAGLE,APRIL,FUTONG,RIAU,1012,712726,ROYAL GOLDEN EAGLE,APRIL FAR EAST MALAYSIA SDN BHD,MALAYSIA,SHANGHAI,CHINA (MAINLAND)
2021,470200,ROYAL GOLDEN EAGLE,APRIL,FUTONG,RIAU,61,42741,ROYAL GOLDEN EAGLE,APRIL FAR EAST MALAYSIA SDN BHD,MALAYSIA,FUZHOU,CHINA (MAINLAND)
2021,470200,ROYAL GOLDEN EAGLE,APRIL,FUTONG,RIAU,122,85537,ROYAL GOLDEN EAGLE,APRIL FAR EAST MALAYSIA SDN BHD,MALAYSIA,FUZHOU,CHINA (MAINLAND)
2021,470200,ROYAL GOLDEN EAGLE,APRIL,FUTONG,RIAU,81,57031,ROYAL GOLDEN EAGLE,APRIL FAR EAST MALAYSIA SDN BHD,MALAYSIA,FUZHOU,CHINA (MAINLAND)
2021,470200,ROYAL GOLDEN EAGLE,APRIL,FUTONG,RIAU,285,200442,ROYAL GOLDEN EAGLE,APRIL FAR EAST MALAYSIA SDN BHD,MALAYSIA,FUZHOU,CHINA (MAINLAND)
2021,470200,ROYAL GOLDEN EAGLE,APRIL,FUTONG,RIAU,1013,712808,ROYAL GOLDEN EAGLE,APRIL FAR EAST MALAYSIA SDN BHD,MALAYSIA,SHANGHAI,CHINA (MAINLAND)
2021,470200,ROYAL GOLDEN EAGLE,APRIL,FUTONG,RIAU,285,200603,ROYAL GOLDEN EAGLE,APRIL FAR EAST MALAYSIA SDN BHD,MALAYSIA,FUZHOU,CHINA (MAINLAND)
2021,470200,ROYAL GOLDEN EAGLE,APRIL,FUTONG,RIAU,182,128034,ROYAL GOLDEN EAGLE,APRIL FAR EAST MALAYSIA SDN BHD,MALAYSIA,FUZHOU,CHINA (MAINLAND)
2021,470200,ROYAL GOLDEN EAGLE,APRIL,FUTONG,RIAU,1011,712073,ROYAL GOLDEN EAGLE,APRIL FAR EAST MALAYSIA SDN BHD,MALAYSIA,SHANGHAI,CHINA (MAINLAND)
2021,470200,ROYAL GOLDEN EAGLE,APRIL,FUTONG,RIAU,1012,712499,ROYAL GOLDEN EAGLE,APRIL FAR EAST MALAYSIA SDN BHD,MALAYSIA,SHANGHAI,CHINA (MAINLAND)
2021,470329,ROYAL GOLDEN EAGLE,APRIL,BUATAN,RIAU,201,96503,ROYAL GOLDEN EAGLE,APRIL INTERNATIONAL ENTEPRISE PTE LTD,SINGAPORE,SINGAPORE,INDIA
2021,470329,ROYAL GOLDEN EAGLE,APRIL,BUATAN,RIAU,121,57918,ROYAL GOLDEN EAGLE,APRIL INTERNATIONAL ENTEPRISE PTE LTD,SINGAPORE,SINGAPORE,INDIA
2021,470329,ROYAL GOLDEN EAGLE,APRIL,BUATAN,RIAU,97,46331,ROYAL GOLDEN EAGLE,APRIL INTERNATIONAL ENTEPRISE PTE LTD,SINGAPORE,SINGAPORE,TAIWAN
2021,470329,ROYAL GOLDEN EAGLE,APRIL,BUATAN,RIAU,120,57757,ROYAL GOLDEN EAGLE,APRIL INTERNATIONAL ENTEPRISE PTE LTD,SINGAPORE,SINGAPORE,INDIA
2021,470329,ROYAL GOLDEN EAGLE,APRIL,BUATAN,RIAU,602,289198,ROYAL GOLDEN EAGLE,APRIL INTERNATIONAL ENTEPRISE PTE LTD,SINGAPORE,SINGAPORE,INDIA
2021,470200,ROYAL GOLDEN EAGLE,TOBA PULP LESTARI,BELAWAN,SUMATERA UTARA,77,66957,UNKNOWN AFFILIATION,GREENPOINT GLOBAL TRADING (MACAO COMMERCIAL OFFSHORE) LTD,MACAO,TAOYUAN,TAIWAN
2021,470200,ROYAL GOLDEN EAGLE,TOBA PULP LESTARI,BELAWAN,SUMATERA UTARA,500,441804,UNKNOWN AFFILIATION,GREENPOINT GLOBAL TRADING (MACAO COMMERCIAL OFFSHORE) LTD,MACAO,QINGDAO,CHINA (MAINLAND)
2021,470200,ROYAL GOLDEN EAGLE,TOBA PULP LESTARI,BELAWAN,SUMATERA UTARA,599,529295,UNKNOWN AFFILIATION,GREENPOINT GLOBAL TRADING (MACAO COMMERCIAL OFFSHORE) LTD,MACAO,QINGDAO,CHINA (MAINLAND)
2021,470200,ROYAL GOLDEN EAGLE,TOBA PULP LESTARI,BELAWAN,SUMATERA UTARA,404,349477,UNKNOWN AFFILIATION,GREENPOINT GLOBAL TRADING (MACAO COMMERCIAL OFFSHORE) LTD,MACAO,QINGDAO,CHINA (MAINLAND)
2021,470200,ROYAL GOLDEN EAGLE,TOBA PULP LESTARI,BELAWAN,SUMATERA UTARA,404,357337,UNKNOWN AFFILIATION,GREENPOINT GLOBAL TRADING (MACAO COMMERCIAL OFFSHORE) LTD,MACAO,QINGDAO,CHINA (MAINLAND)
2021,470200,ROYAL GOLDEN EAGLE,TOBA PULP LESTARI,BELAWAN,SUMATERA UTARA,599,517670,UNKNOWN AFFILIATION,GREENPOINT GLOBAL TRADING (MACAO COMMERCIAL OFFSHORE) LTD,MACAO,QINGDAO,CHINA (MAINLAND)
2021,470200,ROYAL GOLDEN EAGLE,TOBA PULP LESTARI,BELAWAN,SUMATERA UTARA,501,433212,UNKNOWN AFFILIATION,GREENPOINT GLOBAL TRADING (MACAO COMMERCIAL OFFSHORE) LTD,MACAO,QINGDAO,CHINA (MAINLAND)
2021,470200,ROYAL GOLDEN EAGLE,TOBA PULP LESTARI,BELAWAN,SUMATERA UTARA,502,433432,UNKNOWN AFFILIATION,GREENPOINT GLOBAL TRADING (MACAO COMMERCIAL OFFSHORE) LTD,MACAO,QINGDAO,CHINA (MAINLAND)
2021,470329,SINAR MAS,LONTAR PAPYRUS,KUALA TUNGKAL,JAMBI,1004,604802,SINAR MAS,GOLDEN PROFIT TRADING PTE LTD,SINGAPORE,HAIPHONG,VIETNAM
2021,470329,SINAR MAS,LONTAR PAPYRUS,KUALA TUNGKAL,JAMBI,1003,609750,SINAR MAS,GOLDEN PROFIT TRADING PTE LTD,SINGAPORE,DALIAN,CHINA (MAINLAND)
2021,470329,SINAR MAS,LONTAR PAPYRUS,KUALA TUNGKAL,JAMBI,502,327388,SINAR MAS,GOLDEN PROFIT TRADING PTE LTD,SINGAPORE,HAIPHONG,VIETNAM
2021,470329,SINAR MAS,OKI,SULTAN MAHMUD BADARUDDIN (U),SUMATERA SELATAN,346,156738,SINAR MAS,GOLDEN PROFIT TRADING PTE LTD,SINGAPORE,AD DAMMAM,SAUDI ARABIA
2021,470329,SINAR MAS,OKI,SULTAN MAHMUD BADARUDDIN (U),SUMATERA SELATAN,10000,4830000,SINAR MAS,GOLDEN PROFIT TRADING PTE LTD,SINGAPORE,ABU DHABI,UNITED ARAB EMIRATES
2021,470329,SINAR MAS,OKI,SULTAN MAHMUD BADARUDDIN (U),SUMATERA SELATAN,2000,1066000,SINAR MAS,GOLDEN PROFIT TRADING PTE LTD,SINGAPORE,ABU DHABI,UNITED ARAB EMIRATES
2021,470329,SINAR MAS,OKI,SULTAN MAHMUD BADARUDDIN (U),SUMATERA SELATAN,1400,634200,SINAR MAS,GOLDEN PROFIT TRADING PTE LTD,SINGAPORE,KARAIKAL,INDIA
2021,470329,SINAR MAS,OKI,SULTAN MAHMUD BADARUDDIN (U),SUMATERA SELATAN,4800,2174400,SINAR MAS,GOLDEN PROFIT TRADING PTE LTD,SINGAPORE,KARAIKAL,INDIA
2021,470329,SINAR MAS,OKI,SULTAN MAHMUD BADARUDDIN (U),SUMATERA SELATAN,1000,504460,DRAGON CROWN HOLDINGS,DRAGON CROWN (HK) TRADING LTD,CHINA (HONG KONG),TIANJIN,CHINA (MAINLAND)
2021,470329,SINAR MAS,OKI,SULTAN MAHMUD BADARUDDIN (U),SUMATERA SELATAN,1000,504460,DRAGON CROWN HOLDINGS,DRAGON CROWN (HK) TRADING LTD,CHINA (HONG KONG),TIANJIN,CHINA (MAINLAND)
2021,470329,SINAR MAS,OKI,SULTAN MAHMUD BADARUDDIN (U),SUMATERA SELATAN,1000,504460,DRAGON CROWN HOLDINGS,DRAGON CROWN (HK) TRADING LTD,CHINA (HONG KONG),TIANJIN,CHINA (MAINLAND)
2021,470329,SINAR MAS,OKI,SULTAN MAHMUD BADARUDDIN (U),SUMATERA SELATAN,5000,2522301,DRAGON CROWN HOLDINGS,DRAGON CROWN (HK) TRADING LTD,CHINA (HONG KONG),TIANJIN,CHINA (MAINLAND)
2021,470329,SINAR MAS,OKI,SULTAN MAHMUD BADARUDDIN (U),SUMATERA SELATAN,5000,2522301,DRAGON CROWN HOLDINGS,DRAGON CROWN (HK) TRADING LTD,CHINA (HONG KONG),TIANJIN,CHINA (MAINLAND)
2021,470329,SINAR MAS,OKI,SULTAN MAHMUD BADARUDDIN (U),SUMATERA SELATAN,5000,2728750,SINAR MAS,GOLDEN PROFIT TRADING PTE LTD,SINGAPORE,QINGDAO,CHINA (MAINLAND)
2021,470329,SINAR MAS,OKI,SULTAN MAHMUD BADARUDDIN (U),SUMATERA SELATAN,8700,4748025,SINAR MAS,GOLDEN PROFIT TRADING PTE LTD,SINGAPORE,QINGDAO,CHINA (MAINLAND)
2021,470329,SINAR MAS,OKI,SULTAN MAHMUD BADARUDDIN (U),SUMATERA SELATAN,3300,1800975,SINAR MAS,GOLDEN PROFIT TRADING PTE LTD,SINGAPORE,QINGDAO,CHINA (MAINLAND)
2021,470329,SINAR MAS,OKI,SULTAN MAHMUD BADARUDDIN (U),SUMATERA SELATAN,1000,504460,DRAGON CROWN HOLDINGS,DRAGON CROWN (HK) TRADING LTD,CHINA (HONG KONG),TIANJIN,CHINA (MAINLAND)
2021,470329,SINAR MAS,OKI,SULTAN MAHMUD BADARUDDIN (U),SUMATERA SELATAN,1000,504460,DRAGON CROWN HOLDINGS,DRAGON CROWN (HK) TRADING LTD,CHINA (HONG KONG),TIANJIN,CHINA (MAINLAND)
2021,470329,SINAR MAS,OKI,SULTAN MAHMUD BADARUDDIN (U),SUMATERA SELATAN,2700,1230525,CHINA UNION,CHINA UNION (MACAO COMMERCIAL OFFSHORE) CO LTD,MACAO,QINGDAO,CHINA (MAINLAND)
2021,470329,SINAR MAS,OKI,SULTAN MAHMUD BADARUDDIN (U),SUMATERA SELATAN,6300,3438225,SINAR MAS,GOLDEN PROFIT TRADING PTE LTD,SINGAPORE,QINGDAO,CHINA (MAINLAND)
2021,470329,SINAR MAS,OKI,SULTAN MAHMUD BADARUDDIN (U),SUMATERA SELATAN,15000,7436250,SINAR MAS,GOLDEN PROFIT TRADING PTE LTD,SINGAPORE,QINGDAO,CHINA (MAINLAND)
2021,470329,SINAR MAS,OKI,SULTAN MAHMUD BADARUDDIN (U),SUMATERA SELATAN,3000,1602000,UNKNOWN AFFILIATION,FREELAND UNIVERSAL LTD,CHINA (HONG KONG),CHANGSHU,CHINA (MAINLAND)
2021,470329,SINAR MAS,OKI,SULTAN MAHMUD BADARUDDIN (U),SUMATERA SELATAN,5000,2955000,SINAR MAS,GOLDEN PROFIT TRADING PTE LTD,SINGAPORE,GUNSAN (ES KUNSAN),SOUTH KOREA
2021,470329,SINAR MAS,OKI,SULTAN MAHMUD BADARUDDIN (U),SUMATERA SELATAN,1500,886500,SINAR MAS,GOLDEN PROFIT TRADING PTE LTD,SINGAPORE,GUNSAN (ES KUNSAN),SOUTH KOREA
2021,470329,SINAR MAS,OKI,SULTAN MAHMUD BADARUDDIN (U),SUMATERA SELATAN,2000,1206000,CHINA UNION,CHINA UNION (MACAO COMMERCIAL OFFSHORE) CO LTD,MACAO,ZHENJIANG,CHINA (MAINLAND)
2021,470329,SINAR MAS,OKI,SULTAN MAHMUD BADARUDDIN (U),SUMATERA SELATAN,3000,1809000,CHINA UNION,CHINA UNION (MACAO COMMERCIAL OFFSHORE) CO LTD,MACAO,ZHENJIANG,CHINA (MAINLAND)
2021,470329,SINAR MAS,OKI,SULTAN MAHMUD BADARUDDIN (U),SUMATERA SELATAN,3900,1913925,SINAR MAS,GOLDEN PROFIT TRADING PTE LTD,SINGAPORE,DAFENG,CHINA (MAINLAND)
2021,470329,SINAR MAS,OKI,SULTAN MAHMUD BADARUDDIN (U),SUMATERA SELATAN,3000,1472250,SINAR MAS,GOLDEN PROFIT TRADING PTE LTD,SINGAPORE,DAFENG,CHINA (MAINLAND)
2021,470329,SINAR MAS,OKI,SULTAN MAHMUD BADARUDDIN (U),SUMATERA SELATAN,10000,5407500,SINAR MAS,GOLDEN PROFIT TRADING PTE LTD,SINGAPORE,DAFENG,CHINA (MAINLAND)
2021,470329,SINAR MAS,OKI,SULTAN MAHMUD BADARUDDIN (U),SUMATERA SELATAN,10000,5407500,SINAR MAS,GOLDEN PROFIT TRADING PTE LTD,SINGAPORE,DAFENG,CHINA (MAINLAND)
2021,470329,SINAR MAS,OKI,SULTAN MAHMUD BADARUDDIN (U),SUMATERA SELATAN,10000,5407500,SINAR MAS,GOLDEN PROFIT TRADING PTE LTD,SINGAPORE,DAFENG,CHINA (MAINLAND)
2021,470329,SINAR MAS,OKI,SULTAN MAHMUD BADARUDDIN (U),SUMATERA SELATAN,5000,3015000,CHINA UNION,CHINA UNION (MACAO COMMERCIAL OFFSHORE) CO LTD,MACAO,ZHENJIANG,CHINA (MAINLAND)
2021,470329,SINAR MAS,OKI,SULTAN MAHMUD BADARUDDIN (U),SUMATERA SELATAN,3100,1676325,SINAR MAS,GOLDEN PROFIT TRADING PTE LTD,SINGAPORE,DAFENG,CHINA (MAINLAND)
2021,470329,SINAR MAS,OKI,SULTAN MAHMUD BADARUDDIN (U),SUMATERA SELATAN,7700,4951100,SINAR MAS,GOLDEN PROFIT TRADING PTE LTD,SINGAPORE,KARAIKAL,INDIA
2021,470329,MARUBENI,TANJUNG ENIM LESTARI,PANJANG,SUMATERA SELATAN,287,203918,DAIO PAPER CORP,TOKYO PULP AND PAPER INTERNATIONAL CO LTD,JAPAN,TOMAKOMAI,JAPAN
2021,470329,MARUBENI,TANJUNG ENIM LESTARI,PANJANG,SUMATERA SELATAN,506,363873,UNKNOWN AFFILIATION,JIH SUN PAPER INDUSTRY CO LTD.,TAIWAN,TAOYUAN,TAIWAN
2021,470329,MARUBENI,TANJUNG ENIM LESTARI,TARAHAN,SUMATERA SELATAN,1999,1307228,UNKNOWN AFFILIATION,KING ADVANCEMENT DEVELOPMENT (HONG KONG) LTD,CHINA (HONG KONG),QINGDAO,CHINA (MAINLAND)
2021,470329,MARUBENI,TANJUNG ENIM LESTARI,TARAHAN,SUMATERA SELATAN,1999,1307115,UNKNOWN AFFILIATION,KING ADVANCEMENT DEVELOPMENT (HONG KONG) LTD,CHINA (HONG KONG),QINGDAO,CHINA (MAINLAND)
2021,470329,MARUBENI,TANJUNG ENIM LESTARI,TARAHAN,SUMATERA SELATAN,1000,653737,UNKNOWN AFFILIATION,KING ADVANCEMENT DEVELOPMENT (HONG KONG) LTD,CHINA (HONG KONG),QINGDAO,CHINA (MAINLAND)
2021,470329,MARUBENI,TANJUNG ENIM LESTARI,TARAHAN,SUMATERA SELATAN,499,326236,UNKNOWN AFFILIATION,KING ADVANCEMENT DEVELOPMENT (HONG KONG) LTD,CHINA (HONG KONG),QINGDAO,CHINA (MAINLAND)
2021,470329,MARUBENI,TANJUNG ENIM LESTARI,TARAHAN,SUMATERA SELATAN,499,326575,JIANGHE PAPER,HENAN JIANGHE PAPER CO LTD,CHINA (MAINLAND),QINGDAO,CHINA (MAINLAND)
2021,470329,MARUBENI,TANJUNG ENIM LESTARI,TARAHAN,SUMATERA SELATAN,499,326139,UNKNOWN AFFILIATION,KING ADVANCEMENT DEVELOPMENT (HONG KONG) LTD,CHINA (HONG KONG),QINGDAO,CHINA (MAINLAND)
2021,470329,MARUBENI,TANJUNG ENIM LESTARI,TARAHAN,SUMATERA SELATAN,1998,1363929,UNKNOWN AFFILIATION,KING ADVANCEMENT DEVELOPMENT (HONG KONG) LTD,CHINA (HONG KONG),QINGDAO,CHINA (MAINLAND)
2021,470329,MARUBENI,TANJUNG ENIM LESTARI,TARAHAN,SUMATERA SELATAN,1999,1402957,UNKNOWN AFFILIATION,KING ADVANCEMENT DEVELOPMENT (HONG KONG) LTD,CHINA (HONG KONG),QINGDAO,CHINA (MAINLAND)
2021,470329,MARUBENI,TANJUNG ENIM LESTARI,PANJANG,SUMATERA SELATAN,528,361905,VINDA,VINDA PAPER (CHINA) CO LTD,CHINA (MAINLAND),XINHUI,CHINA (MAINLAND)
2021,470329,MARUBENI,TANJUNG ENIM LESTARI,PANJANG,SUMATERA SELATAN,531,364187,VINDA,VINDA PAPER (CHINA) CO LTD,CHINA (MAINLAND),XINHUI,CHINA (MAINLAND)
2021,470329,MARUBENI,TANJUNG ENIM LESTARI,PANJANG,SUMATERA SELATAN,526,363622,VINDA,VINDA PAPER (ZHEJIANG) CO LTD,CHINA (MAINLAND),NINGBO,CHINA (MAINLAND)
2021,470329,MARUBENI,TANJUNG ENIM LESTARI,PANJANG,SUMATERA SELATAN,521,360450,VINDA,VINDA PAPER (ZHEJIANG) CO LTD,CHINA (MAINLAND),NINGBO,CHINA (MAINLAND)
2021,470329,MARUBENI,TANJUNG ENIM LESTARI,TARAHAN,SUMATERA SELATAN,960,658449,JIANGHE PAPER,HENAN JIANGHE PAPER CO LTD,CHINA (MAINLAND),QINGDAO,CHINA (MAINLAND)
2021,470329,MARUBENI,TANJUNG ENIM LESTARI,TARAHAN,SUMATERA SELATAN,970,413515,VINDA,VINDA PAPER (CHINA) CO LTD,CHINA (MAINLAND),GAOLAN,CHINA (MAINLAND)
2021,470329,MARUBENI,TANJUNG ENIM LESTARI,TARAHAN,SUMATERA SELATAN,2905,1322463,VINDA,VINDA PAPER (CHINA) CO LTD,CHINA (MAINLAND),GAOLAN,CHINA (MAINLAND)
2021,470329,MARUBENI,TANJUNG ENIM LESTARI,TARAHAN,SUMATERA SELATAN,1936,1328561,UNKNOWN AFFILIATION,KING ADVANCEMENT DEVELOPMENT (HONG KONG) LTD,CHINA (HONG KONG),QINGDAO,CHINA (MAINLAND)
2021,470329,MARUBENI,TANJUNG ENIM LESTARI,TARAHAN,SUMATERA SELATAN,968,664101,UNKNOWN AFFILIATION,KING ADVANCEMENT DEVELOPMENT (HONG KONG) LTD,CHINA (HONG KONG),QINGDAO,CHINA (MAINLAND)
2021,470329,MARUBENI,TANJUNG ENIM LESTARI,TARAHAN,SUMATERA SELATAN,1942,1332094,UNKNOWN AFFILIATION,KING ADVANCEMENT DEVELOPMENT (HONG KONG) LTD,CHINA (HONG KONG),QINGDAO,CHINA (MAINLAND)
2021,470329,MARUBENI,TANJUNG ENIM LESTARI,TARAHAN,SUMATERA SELATAN,484,331992,UNKNOWN AFFILIATION,KING ADVANCEMENT DEVELOPMENT (HONG KONG) LTD,CHINA (HONG KONG),QINGDAO,CHINA (MAINLAND)
2021,470329,MARUBENI,TANJUNG ENIM LESTARI,PANJANG,SUMATERA SELATAN,211,151908,C.A.S,C.A.S PAPER MILL CO LTD,THAILAND,LAT KRABANG,THAILAND
2021,470329,MARUBENI,TANJUNG ENIM LESTARI,PANJANG,SUMATERA SELATAN,317,228500,C.A.S,C.A.S PAPER MILL CO LTD,THAILAND,LAT KRABANG,THAILAND
2021,470329,MARUBENI,TANJUNG ENIM LESTARI,PANJANG,SUMATERA SELATAN,105,74530,UNKNOWN AFFILIATION,NB LABORATORIES PTE LTd,INDIA,JAWAHARLAL NEHRU (NHAVA S,INDIA
2021,470329,MARUBENI,TANJUNG ENIM LESTARI,PANJANG,SUMATERA SELATAN,104,73895,UNKNOWN AFFILIATION,NB LABORATORIES PTE LTd,INDIA,JAWAHARLAL NEHRU (NHAVA S,INDIA
2021,470329,MARUBENI,TANJUNG ENIM LESTARI,PANJANG,SUMATERA SELATAN,102,72784,UNKNOWN AFFILIATION,NB ENTREPRENEURS,INDIA,JAWAHARLAL NEHRU (NHAVA S,INDIA
2021,470329,MARUBENI,TANJUNG ENIM LESTARI,PANJANG,SUMATERA SELATAN,102,72900,UNKNOWN AFFILIATION,NB ENTREPRENEURS,INDIA,JAWAHARLAL NEHRU (NHAVA S,INDIA
2021,470329,MARUBENI,TANJUNG ENIM LESTARI,PANJANG,SUMATERA SELATAN,251,175622,ITC,ITC LTD - PAPERBOARDS & SPECIALTY PAPERS DIVSION,INDIA,HALDIA,INDIA
2021,470329,MARUBENI,TANJUNG ENIM LESTARI,PANJANG,SUMATERA SELATAN,314,224060,NTPM HOLDINGS BHD,NTPM (VIETNAM) CO LTD,VIETNAM,CAT LAI,VIETNAM
2021,470329,MARUBENI,TANJUNG ENIM LESTARI,TANJUNG PRIOK,SUMATERA SELATAN,525,358195,VINDA,VINDA PAPER (ZHEJIANG) CO LTD,CHINA (MAINLAND),NINGBO,CHINA (MAINLAND)
2021,470329,MARUBENI,TANJUNG ENIM LESTARI,TANJUNG PRIOK,SUMATERA SELATAN,269,191066,MARUBENI,MARUBENI CORP,JAPAN,SHIMIZU,JAPAN
2021,470329,MARUBENI,TANJUNG ENIM LESTARI,TANJUNG PRIOK,SUMATERA SELATAN,57,40624,NIPPON PAPER,NIPPON PAPER INDUSTRIES CO LTD,JAPAN,SHIMIZU,JAPAN
2021,470329,MARUBENI,TANJUNG ENIM LESTARI,TANJUNG PRIOK,SUMATERA SELATAN,115,81910,MARUBENI,MARUBENI CORP,JAPAN,SHIMIZU,JAPAN
2021,470329,MARUBENI,TANJUNG ENIM LESTARI,TANJUNG PRIOK,SUMATERA SELATAN,19,13653,MARUBENI,MARUBENI CORP,JAPAN,OSAKA,JAPAN
2021,470329,MARUBENI,TANJUNG ENIM LESTARI,TANJUNG PRIOK,SUMATERA SELATAN,314,223299,BPM,BANGLANE PAPER MILL CO LTD,THAILAND,LAT KRABANG,THAILAND
2021,470329,MARUBENI,TANJUNG ENIM LESTARI,TANJUNG PRIOK,SUMATERA SELATAN,209,144875,UNKNOWN AFFILIATION,THE EASTERN INDUSTRIAL CO LTD,THAILAND,LAT KRABANG,THAILAND
2021,470329,MARUBENI,TANJUNG ENIM LESTARI,TANJUNG PRIOK,SUMATERA SELATAN,126,87931,UNKNOWN AFFILIATION,TEPPATANA PAPER MILL CO LTD,THAILAND,LAT KRABANG,THAILAND
2021,470329,MARUBENI,TANJUNG ENIM LESTARI,PANJANG,SUMATERA SELATAN,523,357974,VINDA,VINDA PAPER (CHINA) CO LTD,CHINA (MAINLAND),XINHUI,CHINA (MAINLAND)
2021,470329,MARUBENI,TANJUNG ENIM LESTARI,PANJANG,SUMATERA SELATAN,523,356674,VINDA,VINDA PERSONAL CARE (CHINA) LTD,CHINA (MAINLAND),WUHAN,CHINA (MAINLAND)
2021,470329,MARUBENI,TANJUNG ENIM LESTARI,PANJANG,SUMATERA SELATAN,522,358640,UNKNOWN AFFILIATION,PAPERTECH INDUSTRIES LTD,BANGLADESH,CHITTAGONG,BANGLADESH
2021,470329,MARUBENI,TANJUNG ENIM LESTARI,PANJANG,SUMATERA SELATAN,104,73912,UNKNOWN AFFILIATION,NB ENTREPRENEURS,INDIA,JAWAHARLAL NEHRU (NHAVA S,INDIA
2021,470329,MARUBENI,TANJUNG ENIM LESTARI,PANJANG,SUMATERA SELATAN,212,150764,UNKNOWN AFFILIATION,ACCENT MICROCELL PTE LTD,INDIA,JAWAHARLAL NEHRU (NHAVA S,INDIA
2021,470329,MARUBENI,TANJUNG ENIM LESTARI,PANJANG,SUMATERA SELATAN,400,285163,DAIO PAPER CORP,TOKYO PULP AND PAPER INTERNATIONAL CO LTD,JAPAN,TOMAKOMAI,JAPAN
2021,470329,MARUBENI,TANJUNG ENIM LESTARI,TANJUNG PRIOK,SUMATERA SELATAN,753,506667,VINDA,VINDA PAPER (LIAONING) CO LTD,CHINA (MAINLAND),YINGKOU,CHINA (MAINLAND)
2021,470329,MARUBENI,TANJUNG ENIM LESTARI,PANJANG,SUMATERA SELATAN,526,359510,VINDA,VINDA PERSONAL CARE (CHINA) LTD,CHINA (MAINLAND),WUHAN,CHINA (MAINLAND)
2021,470329,MARUBENI,TANJUNG ENIM LESTARI,PANJANG,SUMATERA SELATAN,529,348821,UNKNOWN AFFILIATION,PAPERTECH INDUSTRIES LTD,BANGLADESH,CHITTAGONG,BANGLADESH
2021,470329,MARUBENI,TANJUNG ENIM LESTARI,TANJUNG PRIOK,SUMATERA SELATAN,527,355885,VINDA,VINDA PAPER (CHINA) CO LTD,CHINA (MAINLAND),XINHUI,CHINA (MAINLAND)
2021,470329,MARUBENI,TANJUNG ENIM LESTARI,TANJUNG PRIOK,SUMATERA SELATAN,526,353753,VINDA,VINDA PAPER (ZHEJIANG) CO LTD,CHINA (MAINLAND),NINGBO,CHINA (MAINLAND)
2021,470329,MARUBENI,TANJUNG ENIM LESTARI,TANJUNG PRIOK,SUMATERA SELATAN,526,359697,C.A.S,C.A.S PAPER MILL CO LTD,THAILAND,LAT KRABANG,THAILAND
2021,470329,MARUBENI,TANJUNG ENIM LESTARI,PANJANG,SUMATERA SELATAN,525,359766,VINDA,VINDA PAPER (CHINA) CO LTD,CHINA (MAINLAND),XINHUI,CHINA (MAINLAND)
2021,470329,MARUBENI,TANJUNG ENIM LESTARI,PANJANG,SUMATERA SELATAN,209,143073,VINDA,VINDA PERSONAL CARE (CHINA) LTD,CHINA (MAINLAND),WUHAN,CHINA (MAINLAND)
2021,470329,MARUBENI,TANJUNG ENIM LESTARI,TARAHAN,SUMATERA SELATAN,1649,1100067,CHINATEX CORP,CHINATEX RAW MATERIALS IMPORT AND EXPORT,CHINA (MAINLAND),XINGANG,CHINA (MAINLAND)
2021,470329,MARUBENI,TANJUNG ENIM LESTARI,TARAHAN,SUMATERA SELATAN,878,585558,CHINATEX CORP,CHINATEX RAW MATERIALS IMPORT AND EXPORT,CHINA (MAINLAND),XINGANG,CHINA (MAINLAND)
2021,470329,MARUBENI,TANJUNG ENIM LESTARI,TARAHAN,SUMATERA SELATAN,329,229006,CHINATEX CORP,CHINATEX RAW MATERIALS IMPORT AND EXPORT,CHINA (MAINLAND),XINGANG,CHINA (MAINLAND)
2021,470329,MARUBENI,TANJUNG ENIM LESTARI,TARAHAN,SUMATERA SELATAN,329,225060,VINDA,VINDA PAPER NORTH (BEIJING) CO LTD,CHINA (MAINLAND),XINGANG,CHINA (MAINLAND)
2021,470329,MARUBENI,TANJUNG ENIM LESTARI,TARAHAN,SUMATERA SELATAN,2198,1445448,UNKNOWN AFFILIATION,KING ADVANCEMENT DEVELOPMENT (HONG KONG) LTD,CHINA (HONG KONG),QINGDAO,CHINA (MAINLAND)
2021,470329,MARUBENI,TANJUNG ENIM LESTARI,TARAHAN,SUMATERA SELATAN,523,370245,HONG WON,HONG WON PAPER MFG CO LTD,SOUTH KOREA,PYONGTAEK,SOUTH KOREA
2021,470329,MARUBENI,TANJUNG ENIM LESTARI,TARAHAN,SUMATERA SELATAN,1050,743247,HONG WON,HONG WON PAPER MFG CO LTD,SOUTH KOREA,PYONGTAEK,SOUTH KOREA
2021,470329,MARUBENI,TANJUNG ENIM LESTARI,TARAHAN,SUMATERA SELATAN,1048,742218,HONG WON,HONG WON PAPER MFG CO LTD,SOUTH KOREA,PYONGTAEK,SOUTH KOREA
2021,470329,MARUBENI,TANJUNG ENIM LESTARI,TARAHAN,SUMATERA SELATAN,734,519469,HONG WON,HONG WON PAPER MFG CO LTD,SOUTH KOREA,PYONGTAEK,SOUTH KOREA
2021,470329,MARUBENI,TANJUNG ENIM LESTARI,TARAHAN,SUMATERA SELATAN,549,394760,HANSOL,HANSOL PAPER CO LTD,SOUTH KOREA,PYONGTAEK,SOUTH KOREA
2021,470329,MARUBENI,TANJUNG ENIM LESTARI,PANJANG,SUMATERA SELATAN,527,360060,VINDA,VINDA PERSONAL CARE (CHINA) LTD,CHINA (MAINLAND),WUHAN,CHINA (MAINLAND)
2021,470329,MARUBENI,TANJUNG ENIM LESTARI,PANJANG,SUMATERA SELATAN,525,358821,VINDA,VINDA PERSONAL CARE (CHINA) LTD,CHINA (MAINLAND),WUHAN,CHINA (MAINLAND)
2021,470329,MARUBENI,TANJUNG ENIM LESTARI,PANJANG,SUMATERA SELATAN,314,214886,VINDA,VINDA PERSONAL CARE (CHINA) LTD,CHINA (MAINLAND),WUHAN,CHINA (MAINLAND)
2021,470329,MARUBENI,TANJUNG ENIM LESTARI,PANJANG,SUMATERA SELATAN,103,65173,ANKIT,ANKIT PULPS AND BOARDS PVT LTD,INDIA,JAWAHARLAL NEHRU (NHAVA S,INDIA
2021,470329,MARUBENI,TANJUNG ENIM LESTARI,PANJANG,SUMATERA SELATAN,42,30235,UNKNOWN AFFILIATION,NB ENTREPRENEURS,INDIA,JAWAHARLAL NEHRU (NHAVA S,INDIA
2021,470329,MARUBENI,TANJUNG ENIM LESTARI,PANJANG,SUMATERA SELATAN,103,71551,UNKNOWN AFFILIATION,NB ENTREPRENEURS,INDIA,JAWAHARLAL NEHRU (NHAVA S,INDIA
2021,470329,MARUBENI,TANJUNG ENIM LESTARI,PANJANG,SUMATERA SELATAN,104,72105,UNKNOWN AFFILIATION,NB ENTREPRENEURS,INDIA,JAWAHARLAL NEHRU (NHAVA S,INDIA
2021,470329,MARUBENI,TANJUNG ENIM LESTARI,PANJANG,SUMATERA SELATAN,104,71884,UNKNOWN AFFILIATION,NB ENTREPRENEURS,INDIA,JAWAHARLAL NEHRU (NHAVA S,INDIA
2021,470200,ROYAL GOLDEN EAGLE,APRIL,FUTONG,RIAU,1012,751173,ROYAL GOLDEN EAGLE,APRIL FAR EAST MALAYSIA SDN BHD,MALAYSIA,JIUJIANG,CHINA (MAINLAND)
2021,470200,ROYAL GOLDEN EAGLE,APRIL,FUTONG,RIAU,628,465629,ROYAL GOLDEN EAGLE,APRIL FAR EAST MALAYSIA SDN BHD,MALAYSIA,JIUJIANG,CHINA (MAINLAND)
2021,470200,ROYAL GOLDEN EAGLE,APRIL,FUTONG,RIAU,607,450666,ROYAL GOLDEN EAGLE,APRIL FAR EAST MALAYSIA SDN BHD,MALAYSIA,JIUJIANG,CHINA (MAINLAND)
2021,470200,ROYAL GOLDEN EAGLE,APRIL,FUTONG,RIAU,1012,750998,ROYAL GOLDEN EAGLE,APRIL FAR EAST MALAYSIA SDN BHD,MALAYSIA,JIUJIANG,CHINA (MAINLAND)
2021,470329,ROYAL GOLDEN EAGLE,APRIL,BUATAN,RIAU,201,96367,ROYAL GOLDEN EAGLE,APRIL INTERNATIONAL ENTEPRISE PTE LTD,SINGAPORE,JEDDAH,SAUDI ARABIA
2021,470329,ROYAL GOLDEN EAGLE,APRIL,BUATAN,RIAU,603,289670,ROYAL GOLDEN EAGLE,APRIL INTERNATIONAL ENTEPRISE PTE LTD,SINGAPORE,JAWAHARLAL NEHRU (NHAVA S,INDIA
2021,470329,ROYAL GOLDEN EAGLE,APRIL,BUATAN,RIAU,201,96411,ROYAL GOLDEN EAGLE,APRIL INTERNATIONAL ENTEPRISE PTE LTD,SINGAPORE,JEDDAH,SAUDI ARABIA
2021,470200,ROYAL GOLDEN EAGLE,APRIL,FUTONG,RIAU,1012,751072,ROYAL GOLDEN EAGLE,APRIL FAR EAST MALAYSIA SDN BHD,MALAYSIA,JIUJIANG,CHINA (MAINLAND)
2021,470200,ROYAL GOLDEN EAGLE,APRIL,FUTONG,RIAU,1012,750801,ROYAL GOLDEN EAGLE,APRIL FAR EAST MALAYSIA SDN BHD,MALAYSIA,JIUJIANG,CHINA (MAINLAND)
2021,470200,ROYAL GOLDEN EAGLE,APRIL,FUTONG,RIAU,405,300315,ROYAL GOLDEN EAGLE,APRIL FAR EAST MALAYSIA SDN BHD,MALAYSIA,JIUJIANG,CHINA (MAINLAND)
2021,470200,ROYAL GOLDEN EAGLE,APRIL,FUTONG,RIAU,405,300258,ROYAL GOLDEN EAGLE,APRIL FAR EAST MALAYSIA SDN BHD,MALAYSIA,JIUJIANG,CHINA (MAINLAND)
2021,470200,ROYAL GOLDEN EAGLE,APRIL,FUTONG,RIAU,61,45164,ROYAL GOLDEN EAGLE,APRIL FAR EAST MALAYSIA SDN BHD,MALAYSIA,LIANYUNGANG,CHINA (MAINLAND)
2021,470200,ROYAL GOLDEN EAGLE,APRIL,FUTONG,RIAU,607,450492,ROYAL GOLDEN EAGLE,APRIL FAR EAST MALAYSIA SDN BHD,MALAYSIA,JIUJIANG,CHINA (MAINLAND)
2021,470200,ROYAL GOLDEN EAGLE,APRIL,FUTONG,RIAU,385,285644,ROYAL GOLDEN EAGLE,APRIL FAR EAST MALAYSIA SDN BHD,MALAYSIA,JIUJIANG,CHINA (MAINLAND)
2021,470200,ROYAL GOLDEN EAGLE,APRIL,FUTONG,RIAU,1013,751333,ROYAL GOLDEN EAGLE,APRIL FAR EAST MALAYSIA SDN BHD,MALAYSIA,JIUJIANG,CHINA (MAINLAND)
2021,470200,ROYAL GOLDEN EAGLE,APRIL,FUTONG,RIAU,1013,751352,ROYAL GOLDEN EAGLE,APRIL FAR EAST MALAYSIA SDN BHD,MALAYSIA,JIUJIANG,CHINA (MAINLAND)
2021,470200,ROYAL GOLDEN EAGLE,APRIL,FUTONG,RIAU,689,510979,ROYAL GOLDEN EAGLE,APRIL FAR EAST MALAYSIA SDN BHD,MALAYSIA,LIANYUNGANG,CHINA (MAINLAND)
2021,470200,ROYAL GOLDEN EAGLE,APRIL,FUTONG,RIAU,81,60057,ROYAL GOLDEN EAGLE,APRIL FAR EAST MALAYSIA SDN BHD,MALAYSIA,LIANYUNGANG,CHINA (MAINLAND)
2021,470200,ROYAL GOLDEN EAGLE,APRIL,FUTONG,RIAU,182,135161,ROYAL GOLDEN EAGLE,APRIL FAR EAST MALAYSIA SDN BHD,MALAYSIA,LIANYUNGANG,CHINA (MAINLAND)
2021,470329,SINAR MAS,INDAH KIAT,SUNGAI PAKNING,RIAU,10200,5508000,SINAR MAS,GOLDEN PROFIT TRADING PTE LTD,SINGAPORE,ULSAN,SOUTH KOREA
2021,470329,SINAR MAS,INDAH KIAT,PERAWANG,RIAU,120,63556,SINAR MAS,GOLDEN PROFIT TRADING PTE LTD,SINGAPORE,KARACHI,PAKISTAN
2021,470329,SINAR MAS,INDAH KIAT,PERAWANG,RIAU,500,259913,SINAR MAS,GOLDEN PROFIT TRADING PTE LTD,SINGAPORE,EL ISKANDARIYA (= ALEXAND,EGYPT
2021,470329,SINAR MAS,INDAH KIAT,PERAWANG,RIAU,260,127770,SINAR MAS,GOLDEN PROFIT TRADING PTE LTD,SINGAPORE,CAT LAI,VIETNAM
2021,470329,SINAR MAS,INDAH KIAT,PERAWANG,RIAU,140,70196,SINAR MAS,GOLDEN PROFIT TRADING PTE LTD,SINGAPORE,CAT LAI,VIETNAM
2021,470329,ROYAL GOLDEN EAGLE,APRIL,FUTONG,RIAU,2816,1439017,ROYAL GOLDEN EAGLE,APRIL FAR EAST MALAYSIA SDN BHD,MALAYSIA,GUNSAN (ES KUNSAN),SOUTH KOREA
2021,470329,ROYAL GOLDEN EAGLE,APRIL,FUTONG,RIAU,2010,1027173,ROYAL GOLDEN EAGLE,APRIL FAR EAST MALAYSIA SDN BHD,MALAYSIA,IYOMISHIMA,JAPAN
2021,470329,ROYAL GOLDEN EAGLE,APRIL,FUTONG,RIAU,3716,1898961,ROYAL GOLDEN EAGLE,APRIL FAR EAST MALAYSIA SDN BHD,MALAYSIA,PYONGTAEK,SOUTH KOREA
2021,470329,ROYAL GOLDEN EAGLE,APRIL,FUTONG,RIAU,2011,1027479,ROYAL GOLDEN EAGLE,APRIL FAR EAST MALAYSIA SDN BHD,MALAYSIA,PYONGTAEK,SOUTH KOREA
2021,470329,ROYAL GOLDEN EAGLE,APRIL,BUATAN,RIAU,221,106272,ROYAL GOLDEN EAGLE,APRIL INTERNATIONAL ENTEPRISE PTE LTD,SINGAPORE,#N/A,INDIA
2021,470200,ROYAL GOLDEN EAGLE,APRIL,BUATAN,RIAU,506,356456,ROYAL GOLDEN EAGLE,APRIL FAR EAST MALAYSIA SDN BHD,MALAYSIA,LIANYUNGANG,CHINA (MAINLAND)
2021,470329,ROYAL GOLDEN EAGLE,APRIL,FUTONG,RIAU,7031,3556517,ROYAL GOLDEN EAGLE,APRIL FAR EAST MALAYSIA SDN BHD,MALAYSIA,NINGBO,CHINA (MAINLAND)
2021,470329,SINAR MAS,INDAH KIAT,SUNGAI PAKNING,RIAU,3000,1450500,CHINA UNION,CHINA UNION (MACAO COMMERCIAL OFFSHORE) CO LTD,MACAO,DAGANG,CHINA (MAINLAND)
2021,470329,SINAR MAS,INDAH KIAT,SUNGAI PAKNING,RIAU,3000,1450500,CHINA UNION,CHINA UNION (MACAO COMMERCIAL OFFSHORE) CO LTD,MACAO,DAGANG,CHINA (MAINLAND)
2021,470329,SINAR MAS,INDAH KIAT,SUNGAI PAKNING,RIAU,2500,1208750,CHINA UNION,CHINA UNION (MACAO COMMERCIAL OFFSHORE) CO LTD,MACAO,DAGANG,CHINA (MAINLAND)
2021,470329,SINAR MAS,INDAH KIAT,SUNGAI PAKNING,RIAU,3000,1450500,CHINA UNION,CHINA UNION (MACAO COMMERCIAL OFFSHORE) CO LTD,MACAO,DAGANG,CHINA (MAINLAND)
2021,470329,SINAR MAS,INDAH KIAT,SUNGAI PAKNING,RIAU,100,53350,CHINA UNION,CHINA UNION (MACAO COMMERCIAL OFFSHORE) CO LTD,MACAO,DAGANG,CHINA (MAINLAND)
2021,470200,ROYAL GOLDEN EAGLE,APRIL,BUATAN,RIAU,506,356463,ROYAL GOLDEN EAGLE,APRIL FAR EAST MALAYSIA SDN BHD,MALAYSIA,LIANYUNGANG,CHINA (MAINLAND)
2021,470200,ROYAL GOLDEN EAGLE,APRIL,BUATAN,RIAU,506,356477,ROYAL GOLDEN EAGLE,APRIL FAR EAST MALAYSIA SDN BHD,MALAYSIA,LIANYUNGANG,CHINA (MAINLAND)
2021,470200,ROYAL GOLDEN EAGLE,APRIL,BUATAN,RIAU,507,356591,ROYAL GOLDEN EAGLE,APRIL FAR EAST MALAYSIA SDN BHD,MALAYSIA,FUZHOU,CHINA (MAINLAND)
2021,470200,ROYAL GOLDEN EAGLE,APRIL,BUATAN,RIAU,506,356459,ROYAL GOLDEN EAGLE,APRIL FAR EAST MALAYSIA SDN BHD,MALAYSIA,LIANYUNGANG,CHINA (MAINLAND)
2021,470200,ROYAL GOLDEN EAGLE,APRIL,BUATAN,RIAU,506,355969,ROYAL GOLDEN EAGLE,APRIL FAR EAST MALAYSIA SDN BHD,MALAYSIA,LIANYUNGANG,CHINA (MAINLAND)
2021,470200,ROYAL GOLDEN EAGLE,APRIL,BUATAN,RIAU,506,356054,ROYAL GOLDEN EAGLE,APRIL FAR EAST MALAYSIA SDN BHD,MALAYSIA,LIANYUNGANG,CHINA (MAINLAND)
2021,470329,ROYAL GOLDEN EAGLE,APRIL,BUATAN,RIAU,242,123472,ROYAL GOLDEN EAGLE,APRIL INTERNATIONAL ENTEPRISE PTE LTD,SINGAPORE,JAWAHARLAL NEHRU (NHAVA S,INDIA
2021,470329,ROYAL GOLDEN EAGLE,APRIL,BUATAN,RIAU,261,133311,ROYAL GOLDEN EAGLE,APRIL INTERNATIONAL ENTEPRISE PTE LTD,SINGAPORE,KARACHI,PAKISTAN
2021,470329,ROYAL GOLDEN EAGLE,APRIL,BUATAN,RIAU,141,67543,ROYAL GOLDEN EAGLE,APRIL INTERNATIONAL ENTEPRISE PTE LTD,SINGAPORE,PIPAVAV (VICTOR) PORT,INDIA
2021,470200,ROYAL GOLDEN EAGLE,APRIL,BUATAN,RIAU,506,356351,ROYAL GOLDEN EAGLE,APRIL FAR EAST MALAYSIA SDN BHD,MALAYSIA,LIANYUNGANG,CHINA (MAINLAND)
2021,470200,ROYAL GOLDEN EAGLE,APRIL,BUATAN,RIAU,284,199783,ROYAL GOLDEN EAGLE,APRIL FAR EAST MALAYSIA SDN BHD,MALAYSIA,LIANYUNGANG,CHINA (MAINLAND)
2021,470200,ROYAL GOLDEN EAGLE,APRIL,BUATAN,RIAU,506,356449,ROYAL GOLDEN EAGLE,APRIL FAR EAST MALAYSIA SDN BHD,MALAYSIA,FUZHOU,CHINA (MAINLAND)
2021,470329,ROYAL GOLDEN EAGLE,APRIL,BUATAN,RIAU,503,256865,ROYAL GOLDEN EAGLE,APRIL INTERNATIONAL ENTEPRISE PTE LTD,SINGAPORE,PIPAVAV (VICTOR) PORT,INDIA
2021,470329,ROYAL GOLDEN EAGLE,APRIL,BUATAN,RIAU,301,153949,ROYAL GOLDEN EAGLE,APRIL INTERNATIONAL ENTEPRISE PTE LTD,SINGAPORE,PIPAVAV (VICTOR) PORT,INDIA
2021,470329,ROYAL GOLDEN EAGLE,APRIL,BUATAN,RIAU,181,92583,ROYAL GOLDEN EAGLE,APRIL INTERNATIONAL ENTEPRISE PTE LTD,SINGAPORE,JEBEL ALI,UNITED ARAB EMIRATES
2021,470200,ROYAL GOLDEN EAGLE,APRIL,FUTONG,RIAU,1012,751144,ROYAL GOLDEN EAGLE,APRIL FAR EAST MALAYSIA SDN BHD,MALAYSIA,JIUJIANG,CHINA (MAINLAND)
2021,470200,ROYAL GOLDEN EAGLE,APRIL,FUTONG,RIAU,1013,751618,ROYAL GOLDEN EAGLE,APRIL FAR EAST MALAYSIA SDN BHD,MALAYSIA,JIUJIANG,CHINA (MAINLAND)
2021,470329,SINAR MAS,INDAH KIAT,PERAWANG,RIAU,740,415575,SINAR MAS,GOLDEN PROFIT TRADING PTE LTD,SINGAPORE,SHUAIBA,KUWAIT
2021,470329,ROYAL GOLDEN EAGLE,APRIL,BUATAN,RIAU,201,96469,ROYAL GOLDEN EAGLE,APRIL INTERNATIONAL ENTEPRISE PTE LTD,SINGAPORE,JEDDAH,SAUDI ARABIA
2021,470329,ROYAL GOLDEN EAGLE,APRIL,BUATAN,RIAU,201,102739,ROYAL GOLDEN EAGLE,APRIL FAR EAST MALAYSIA SDN BHD,MALAYSIA,NINGBO,CHINA (MAINLAND)
2021,470329,ROYAL GOLDEN EAGLE,APRIL,BUATAN,RIAU,201,96454,ROYAL GOLDEN EAGLE,APRIL INTERNATIONAL ENTEPRISE PTE LTD,SINGAPORE,JEDDAH,SAUDI ARABIA
2021,470329,ROYAL GOLDEN EAGLE,APRIL,BUATAN,RIAU,241,115816,ROYAL GOLDEN EAGLE,APRIL INTERNATIONAL ENTEPRISE PTE LTD,SINGAPORE,ABU DHABI,UNITED ARAB EMIRATES
2021,470200,ROYAL GOLDEN EAGLE,APRIL,FUTONG,RIAU,1013,751550,ROYAL GOLDEN EAGLE,APRIL FAR EAST MALAYSIA SDN BHD,MALAYSIA,FUZHOU,CHINA (MAINLAND)
2021,470200,ROYAL GOLDEN EAGLE,APRIL,FUTONG,RIAU,1013,751661,ROYAL GOLDEN EAGLE,APRIL FAR EAST MALAYSIA SDN BHD,MALAYSIA,FUZHOU,CHINA (MAINLAND)
2021,470200,ROYAL GOLDEN EAGLE,APRIL,FUTONG,RIAU,405,300526,ROYAL GOLDEN EAGLE,APRIL FAR EAST MALAYSIA SDN BHD,MALAYSIA,LIANYUNGANG,CHINA (MAINLAND)
2021,470200,ROYAL GOLDEN EAGLE,APRIL,FUTONG,RIAU,81,59911,ROYAL GOLDEN EAGLE,APRIL FAR EAST MALAYSIA SDN BHD,MALAYSIA,LIANYUNGANG,CHINA (MAINLAND)
2021,470200,ROYAL GOLDEN EAGLE,APRIL,FUTONG,RIAU,1013,751811,ROYAL GOLDEN EAGLE,APRIL FAR EAST MALAYSIA SDN BHD,MALAYSIA,JIUJIANG,CHINA (MAINLAND)
2021,470200,ROYAL GOLDEN EAGLE,APRIL,FUTONG,RIAU,1012,751190,ROYAL GOLDEN EAGLE,APRIL FAR EAST MALAYSIA SDN BHD,MALAYSIA,FUZHOU,CHINA (MAINLAND)
2021,470200,ROYAL GOLDEN EAGLE,APRIL,FUTONG,RIAU,1013,751487,ROYAL GOLDEN EAGLE,APRIL FAR EAST MALAYSIA SDN BHD,MALAYSIA,FUZHOU,CHINA (MAINLAND)
2021,470200,ROYAL GOLDEN EAGLE,APRIL,FUTONG,RIAU,61,45033,ROYAL GOLDEN EAGLE,APRIL FAR EAST MALAYSIA SDN BHD,MALAYSIA,LIANYUNGANG,CHINA (MAINLAND)
2021,470329,ROYAL GOLDEN EAGLE,APRIL,BUATAN,RIAU,503,256779,ROYAL GOLDEN EAGLE,APRIL FAR EAST MALAYSIA SDN BHD,MALAYSIA,NINGBO,CHINA (MAINLAND)
2021,470200,ROYAL GOLDEN EAGLE,APRIL,FUTONG,RIAU,1012,750779,ROYAL GOLDEN EAGLE,APRIL FAR EAST MALAYSIA SDN BHD,MALAYSIA,JIUJIANG,CHINA (MAINLAND)
2021,470200,ROYAL GOLDEN EAGLE,APRIL,FUTONG,RIAU,1011,750372,ROYAL GOLDEN EAGLE,APRIL FAR EAST MALAYSIA SDN BHD,MALAYSIA,JIUJIANG,CHINA (MAINLAND)
2021,470200,ROYAL GOLDEN EAGLE,APRIL,FUTONG,RIAU,465,345350,ROYAL GOLDEN EAGLE,APRIL FAR EAST MALAYSIA SDN BHD,MALAYSIA,LIANYUNGANG,CHINA (MAINLAND)
2021,470200,ROYAL GOLDEN EAGLE,APRIL,FUTONG,RIAU,1011,750486,ROYAL GOLDEN EAGLE,APRIL FAR EAST MALAYSIA SDN BHD,MALAYSIA,JIUJIANG,CHINA (MAINLAND)
2021,470329,ROYAL GOLDEN EAGLE,APRIL,BUATAN,RIAU,201,102654,ROYAL GOLDEN EAGLE,APRIL INTERNATIONAL ENTEPRISE PTE LTD,SINGAPORE,JAWAHARLAL NEHRU (NHAVA S,INDIA
2021,470329,ROYAL GOLDEN EAGLE,APRIL,BUATAN,RIAU,201,96386,ROYAL GOLDEN EAGLE,APRIL INTERNATIONAL ENTEPRISE PTE LTD,SINGAPORE,SANAND,INDIA
2021,470200,ROYAL GOLDEN EAGLE,APRIL,BUATAN,RIAU,506,356342,ROYAL GOLDEN EAGLE,APRIL FAR EAST MALAYSIA SDN BHD,MALAYSIA,FUZHOU,CHINA (MAINLAND)
2021,470200,ROYAL GOLDEN EAGLE,APRIL,BUATAN,RIAU,506,356020,ROYAL GOLDEN EAGLE,APRIL FAR EAST MALAYSIA SDN BHD,MALAYSIA,FUZHOU,CHINA (MAINLAND)
2021,470329,ROYAL GOLDEN EAGLE,APRIL,BUATAN,RIAU,463,236365,ROYAL GOLDEN EAGLE,APRIL INTERNATIONAL ENTEPRISE PTE LTD,SINGAPORE,AD DAMMAM,SAUDI ARABIA
2021,470200,ROYAL GOLDEN EAGLE,APRIL,BUATAN,RIAU,507,376496,ROYAL GOLDEN EAGLE,APRIL FAR EAST MALAYSIA SDN BHD,MALAYSIA,LIANYUNGANG,CHINA (MAINLAND)
2021,470200,ROYAL GOLDEN EAGLE,APRIL,BUATAN,RIAU,506,375602,ROYAL GOLDEN EAGLE,APRIL FAR EAST MALAYSIA SDN BHD,MALAYSIA,JIUJIANG,CHINA (MAINLAND)
2021,470200,ROYAL GOLDEN EAGLE,APRIL,BUATAN,RIAU,506,375471,ROYAL GOLDEN EAGLE,APRIL FAR EAST MALAYSIA SDN BHD,MALAYSIA,JIUJIANG,CHINA (MAINLAND)
2021,470200,ROYAL GOLDEN EAGLE,APRIL,BUATAN,RIAU,506,375577,ROYAL GOLDEN EAGLE,APRIL FAR EAST MALAYSIA SDN BHD,MALAYSIA,JIUJIANG,CHINA (MAINLAND)
2021,470200,ROYAL GOLDEN EAGLE,APRIL,BUATAN,RIAU,506,375419,ROYAL GOLDEN EAGLE,APRIL FAR EAST MALAYSIA SDN BHD,MALAYSIA,JIUJIANG,CHINA (MAINLAND)
2021,470200,ROYAL GOLDEN EAGLE,APRIL,BUATAN,RIAU,506,375398,ROYAL GOLDEN EAGLE,APRIL FAR EAST MALAYSIA SDN BHD,MALAYSIA,JIUJIANG,CHINA (MAINLAND)
2021,470200,ROYAL GOLDEN EAGLE,APRIL,FUTONG,RIAU,1015,752912,ROYAL GOLDEN EAGLE,APRIL FAR EAST MALAYSIA SDN BHD,MALAYSIA,JIUJIANG,CHINA (MAINLAND)
2021,470200,ROYAL GOLDEN EAGLE,APRIL,FUTONG,RIAU,1014,752430,ROYAL GOLDEN EAGLE,APRIL FAR EAST MALAYSIA SDN BHD,MALAYSIA,JIUJIANG,CHINA (MAINLAND)
2021,470329,SINAR MAS,INDAH KIAT,PERAWANG,RIAU,100,61521,SINAR MAS,GOLDEN PROFIT TRADING PTE LTD,SINGAPORE,DA NANG,VIETNAM
2021,470200,ROYAL GOLDEN EAGLE,APRIL,FUTONG,RIAU,1016,753645,ROYAL GOLDEN EAGLE,APRIL FAR EAST MALAYSIA SDN BHD,MALAYSIA,JIUJIANG,CHINA (MAINLAND)
2021,470200,ROYAL GOLDEN EAGLE,APRIL,FUTONG,RIAU,1012,750734,ROYAL GOLDEN EAGLE,APRIL FAR EAST MALAYSIA SDN BHD,MALAYSIA,JIUJIANG,CHINA (MAINLAND)
2021,470200,ROYAL GOLDEN EAGLE,APRIL,FUTONG,RIAU,1012,750888,ROYAL GOLDEN EAGLE,APRIL FAR EAST MALAYSIA SDN BHD,MALAYSIA,JIUJIANG,CHINA (MAINLAND)
2021,470200,ROYAL GOLDEN EAGLE,APRIL,FUTONG,RIAU,1012,750974,ROYAL GOLDEN EAGLE,APRIL FAR EAST MALAYSIA SDN BHD,MALAYSIA,FUZHOU,CHINA (MAINLAND)
2021,470200,ROYAL GOLDEN EAGLE,APRIL,BUATAN,RIAU,506,375619,ROYAL GOLDEN EAGLE,APRIL FAR EAST MALAYSIA SDN BHD,MALAYSIA,LIANYUNGANG,CHINA (MAINLAND)
2021,470200,ROYAL GOLDEN EAGLE,APRIL,FUTONG,RIAU,1016,753590,ROYAL GOLDEN EAGLE,APRIL FAR EAST MALAYSIA SDN BHD,MALAYSIA,JIUJIANG,CHINA (MAINLAND)
2021,470329,ROYAL GOLDEN EAGLE,APRIL,BUATAN,RIAU,241,123246,ROYAL GOLDEN EAGLE,APRIL INTERNATIONAL ENTEPRISE PTE LTD,SINGAPORE,KARACHI,PAKISTAN
2021,470329,ROYAL GOLDEN EAGLE,APRIL,BUATAN,RIAU,771,393978,ROYAL GOLDEN EAGLE,APRIL INTERNATIONAL ENTEPRISE PTE LTD,SINGAPORE,SHUAIBA,KUWAIT
2021,470329,SINAR MAS,INDAH KIAT,SUNGAI PAKNING,RIAU,1000,450500,UNKNOWN AFFILIATION,FREELAND UNIVERSAL LTD,CHINA (HONG KONG),SHANGHAI,CHINA (MAINLAND)
2021,470329,SINAR MAS,INDAH KIAT,SUNGAI PAKNING,RIAU,9700,5184650,UNKNOWN AFFILIATION,FREELAND UNIVERSAL LTD,CHINA (HONG KONG),SHANGHAI,CHINA (MAINLAND)
2021,470200,ROYAL GOLDEN EAGLE,APRIL,FUTONG,RIAU,1013,751383,ROYAL GOLDEN EAGLE,APRIL FAR EAST MALAYSIA SDN BHD,MALAYSIA,JIUJIANG,CHINA (MAINLAND)
2021,470200,ROYAL GOLDEN EAGLE,APRIL,FUTONG,RIAU,345,255785,ROYAL GOLDEN EAGLE,APRIL FAR EAST MALAYSIA SDN BHD,MALAYSIA,LIANYUNGANG,CHINA (MAINLAND)
2021,470200,ROYAL GOLDEN EAGLE,APRIL,FUTONG,RIAU,1014,752568,ROYAL GOLDEN EAGLE,APRIL FAR EAST MALAYSIA SDN BHD,MALAYSIA,JIUJIANG,CHINA (MAINLAND)
2021,470329,ROYAL GOLDEN EAGLE,APRIL,FUTONG,RIAU,9591,4900966,ROYAL GOLDEN EAGLE,APRIL INTERNATIONAL ENTEPRISE PTE LTD,SINGAPORE,CHITTAGONG,BANGLADESH
2021,470200,ROYAL GOLDEN EAGLE,APRIL,BUATAN,RIAU,506,375419,ROYAL GOLDEN EAGLE,APRIL FAR EAST MALAYSIA SDN BHD,MALAYSIA,LIANYUNGANG,CHINA (MAINLAND)
2021,470200,ROYAL GOLDEN EAGLE,APRIL,BUATAN,RIAU,507,376379,ROYAL GOLDEN EAGLE,APRIL FAR EAST MALAYSIA SDN BHD,MALAYSIA,JIUJIANG,CHINA (MAINLAND)
2021,470329,ROYAL GOLDEN EAGLE,APRIL,BUATAN,RIAU,1004,513030,ROYAL GOLDEN EAGLE,APRIL FAR EAST MALAYSIA SDN BHD,MALAYSIA,NINGBO,CHINA (MAINLAND)
2021,470329,SINAR MAS,INDAH KIAT,PERAWANG,RIAU,500,278900,SINAR MAS,GOLDEN PROFIT TRADING PTE LTD,SINGAPORE,CAT LAI,VIETNAM
2021,470200,ROYAL GOLDEN EAGLE,APRIL,FUTONG,RIAU,1013,751602,ROYAL GOLDEN EAGLE,APRIL FAR EAST MALAYSIA SDN BHD,MALAYSIA,FUZHOU,CHINA (MAINLAND)
2021,470200,ROYAL GOLDEN EAGLE,APRIL,FUTONG,RIAU,1013,751930,ROYAL GOLDEN EAGLE,APRIL FAR EAST MALAYSIA SDN BHD,MALAYSIA,JIUJIANG,CHINA (MAINLAND)
2021,470200,ROYAL GOLDEN EAGLE,APRIL,FUTONG,RIAU,1014,752276,ROYAL GOLDEN EAGLE,APRIL FAR EAST MALAYSIA SDN BHD,MALAYSIA,JIUJIANG,CHINA (MAINLAND)
2021,470200,ROYAL GOLDEN EAGLE,APRIL,FUTONG,RIAU,668,495965,ROYAL GOLDEN EAGLE,APRIL FAR EAST MALAYSIA SDN BHD,MALAYSIA,LIANYUNGANG,CHINA (MAINLAND)
2021,470200,ROYAL GOLDEN EAGLE,APRIL,FUTONG,RIAU,1012,751020,ROYAL GOLDEN EAGLE,APRIL FAR EAST MALAYSIA SDN BHD,MALAYSIA,JIUJIANG,CHINA (MAINLAND)
2021,470200,ROYAL GOLDEN EAGLE,APRIL,FUTONG,RIAU,1012,751073,ROYAL GOLDEN EAGLE,APRIL FAR EAST MALAYSIA SDN BHD,MALAYSIA,FUZHOU,CHINA (MAINLAND)
2021,470200,ROYAL GOLDEN EAGLE,APRIL,BUATAN,RIAU,506,375396,ROYAL GOLDEN EAGLE,APRIL FAR EAST MALAYSIA SDN BHD,MALAYSIA,LIANYUNGANG,CHINA (MAINLAND)
2021,470329,ROYAL GOLDEN EAGLE,APRIL,BUATAN,RIAU,181,92469,ROYAL GOLDEN EAGLE,APRIL INTERNATIONAL ENTEPRISE PTE LTD,SINGAPORE,JEBEL ALI,UNITED ARAB EMIRATES
2021,470200,ROYAL GOLDEN EAGLE,APRIL,FUTONG,RIAU,1013,751630,ROYAL GOLDEN EAGLE,APRIL FAR EAST MALAYSIA SDN BHD,MALAYSIA,FUZHOU,CHINA (MAINLAND)
2021,470329,SINAR MAS,INDAH KIAT,SUNGAI PAKNING,RIAU,1150,557175,UNKNOWN AFFILIATION,BRIGHTENING SKY CO LTD,CHINA (HONG KONG),NINGBO,CHINA (MAINLAND)
2021,470329,SINAR MAS,INDAH KIAT,SUNGAI PAKNING,RIAU,9550,5104475,UNKNOWN AFFILIATION,BRIGHTENING SKY CO LTD,CHINA (HONG KONG),NINGBO,CHINA (MAINLAND)
2021,470329,SINAR MAS,INDAH KIAT,PERAWANG,RIAU,500,294816,SINAR MAS,GOLDEN PROFIT TRADING PTE LTD,SINGAPORE,KARACHI,PAKISTAN
2021,470200,ROYAL GOLDEN EAGLE,APRIL,BUATAN,RIAU,122,90245,ROYAL GOLDEN EAGLE,APRIL FAR EAST MALAYSIA SDN BHD,MALAYSIA,LIANYUNGANG,CHINA (MAINLAND)
2021,470200,ROYAL GOLDEN EAGLE,APRIL,BUATAN,RIAU,385,285366,ROYAL GOLDEN EAGLE,APRIL FAR EAST MALAYSIA SDN BHD,MALAYSIA,LIANYUNGANG,CHINA (MAINLAND)
2021,470329,ROYAL GOLDEN EAGLE,APRIL,BUATAN,RIAU,301,153957,ROYAL GOLDEN EAGLE,APRIL INTERNATIONAL ENTEPRISE PTE LTD,SINGAPORE,#N/A,INDIA
2021,470329,ROYAL GOLDEN EAGLE,APRIL,BUATAN,RIAU,100,51209,ROYAL GOLDEN EAGLE,APRIL INTERNATIONAL ENTEPRISE PTE LTD,SINGAPORE,SANAND,INDIA
2021,470329,ROYAL GOLDEN EAGLE,APRIL,BUATAN,RIAU,261,125276,ROYAL GOLDEN EAGLE,APRIL INTERNATIONAL ENTEPRISE PTE LTD,SINGAPORE,PIPAVAV (VICTOR) PORT,INDIA
2021,470329,ROYAL GOLDEN EAGLE,APRIL,BUATAN,RIAU,201,102712,ROYAL GOLDEN EAGLE,APRIL INTERNATIONAL ENTEPRISE PTE LTD,SINGAPORE,PIPAVAV (VICTOR) PORT,INDIA
2021,470329,ROYAL GOLDEN EAGLE,APRIL,BUATAN,RIAU,301,153962,ROYAL GOLDEN EAGLE,APRIL INTERNATIONAL ENTEPRISE PTE LTD,SINGAPORE,#N/A,INDIA
2021,470200,ROYAL GOLDEN EAGLE,APRIL,BUATAN,RIAU,506,375620,ROYAL GOLDEN EAGLE,APRIL FAR EAST MALAYSIA SDN BHD,MALAYSIA,LIANYUNGANG,CHINA (MAINLAND)
2021,470200,ROYAL GOLDEN EAGLE,APRIL,BUATAN,RIAU,506,375475,ROYAL GOLDEN EAGLE,APRIL FAR EAST MALAYSIA SDN BHD,MALAYSIA,FUZHOU,CHINA (MAINLAND)
2021,470200,ROYAL GOLDEN EAGLE,APRIL,BUATAN,RIAU,506,375799,ROYAL GOLDEN EAGLE,APRIL FAR EAST MALAYSIA SDN BHD,MALAYSIA,FUZHOU,CHINA (MAINLAND)
2021,470200,ROYAL GOLDEN EAGLE,APRIL,BUATAN,RIAU,506,375755,ROYAL GOLDEN EAGLE,APRIL FAR EAST MALAYSIA SDN BHD,MALAYSIA,JIUJIANG,CHINA (MAINLAND)
2021,470200,ROYAL GOLDEN EAGLE,APRIL,BUATAN,RIAU,506,375394,ROYAL GOLDEN EAGLE,APRIL FAR EAST MALAYSIA SDN BHD,MALAYSIA,FUZHOU,CHINA (MAINLAND)
2021,470200,ROYAL GOLDEN EAGLE,APRIL,BUATAN,RIAU,508,376788,ROYAL GOLDEN EAGLE,APRIL FAR EAST MALAYSIA SDN BHD,MALAYSIA,FUZHOU,CHINA (MAINLAND)
2021,470200,ROYAL GOLDEN EAGLE,APRIL,BUATAN,RIAU,505,374444,ROYAL GOLDEN EAGLE,APRIL FAR EAST MALAYSIA SDN BHD,MALAYSIA,JIUJIANG,CHINA (MAINLAND)
2021,470200,ROYAL GOLDEN EAGLE,APRIL,BUATAN,RIAU,505,374958,ROYAL GOLDEN EAGLE,APRIL FAR EAST MALAYSIA SDN BHD,MALAYSIA,JIUJIANG,CHINA (MAINLAND)
2021,470200,ROYAL GOLDEN EAGLE,APRIL,FUTONG,RIAU,10118,7507416,ROYAL GOLDEN EAGLE,APRIL FAR EAST MALAYSIA SDN BHD,MALAYSIA,LIANYUNGANG,CHINA (MAINLAND)
2021,470329,ROYAL GOLDEN EAGLE,APRIL,FUTONG,RIAU,7428,3795545,ROYAL GOLDEN EAGLE,APRIL INTERNATIONAL ENTEPRISE PTE LTD,SINGAPORE,KAKINADA,INDIA
2021,470329,ROYAL GOLDEN EAGLE,APRIL,BUATAN,RIAU,301,154062,ROYAL GOLDEN EAGLE,APRIL FAR EAST MALAYSIA SDN BHD,MALAYSIA,CHANGSHU,CHINA (MAINLAND)
2021,470329,ROYAL GOLDEN EAGLE,APRIL,BUATAN,RIAU,161,77203,ROYAL GOLDEN EAGLE,APRIL INTERNATIONAL ENTEPRISE PTE LTD,SINGAPORE,JAWAHARLAL NEHRU (NHAVA S,INDIA
2021,470200,ROYAL GOLDEN EAGLE,APRIL,FUTONG,RIAU,9612,7132194,ROYAL GOLDEN EAGLE,APRIL FAR EAST MALAYSIA SDN BHD,MALAYSIA,CHANGSHU,CHINA (MAINLAND)
2021,470200,ROYAL GOLDEN EAGLE,APRIL,BUATAN,RIAU,506,375738,ROYAL GOLDEN EAGLE,APRIL FAR EAST MALAYSIA SDN BHD,MALAYSIA,FUZHOU,CHINA (MAINLAND)
2021,470200,ROYAL GOLDEN EAGLE,APRIL,BUATAN,RIAU,506,375488,ROYAL GOLDEN EAGLE,APRIL FAR EAST MALAYSIA SDN BHD,MALAYSIA,JIUJIANG,CHINA (MAINLAND)
2021,470200,ROYAL GOLDEN EAGLE,APRIL,BUATAN,RIAU,505,374503,ROYAL GOLDEN EAGLE,APRIL FAR EAST MALAYSIA SDN BHD,MALAYSIA,FUZHOU,CHINA (MAINLAND)
2021,470200,ROYAL GOLDEN EAGLE,APRIL,BUATAN,RIAU,506,375324,ROYAL GOLDEN EAGLE,APRIL FAR EAST MALAYSIA SDN BHD,MALAYSIA,LIANYUNGANG,CHINA (MAINLAND)
2021,470329,SINAR MAS,INDAH KIAT,SUNGAI PAKNING,RIAU,4400,2324300,UNKNOWN AFFILIATION,FREELAND UNIVERSAL LTD,CHINA (HONG KONG),SHANGHAI,CHINA (MAINLAND)
2021,470329,SINAR MAS,INDAH KIAT,SUNGAI PAKNING,RIAU,300,158475,UNKNOWN AFFILIATION,FREELAND UNIVERSAL LTD,CHINA (HONG KONG),SHANGHAI,CHINA (MAINLAND)
2021,470329,SINAR MAS,INDAH KIAT,SUNGAI PAKNING,RIAU,5000,3000000,SINAR MAS,GOLDEN PROFIT TRADING PTE LTD,SINGAPORE,ULSAN,SOUTH KOREA
2021,470200,ROYAL GOLDEN EAGLE,APRIL,FUTONG,RIAU,405,300222,ROYAL GOLDEN EAGLE,APRIL FAR EAST MALAYSIA SDN BHD,MALAYSIA,LIANYUNGANG,CHINA (MAINLAND)
2021,470200,ROYAL GOLDEN EAGLE,APRIL,FUTONG,RIAU,202,150000,ROYAL GOLDEN EAGLE,APRIL FAR EAST MALAYSIA SDN BHD,MALAYSIA,LIANYUNGANG,CHINA (MAINLAND)
2021,470200,ROYAL GOLDEN EAGLE,APRIL,FUTONG,RIAU,810,601079,ROYAL GOLDEN EAGLE,APRIL FAR EAST MALAYSIA SDN BHD,MALAYSIA,FUZHOU,CHINA (MAINLAND)
2021,470200,ROYAL GOLDEN EAGLE,APRIL,FUTONG,RIAU,284,210391,ROYAL GOLDEN EAGLE,APRIL FAR EAST MALAYSIA SDN BHD,MALAYSIA,FUZHOU,CHINA (MAINLAND)
2021,470329,ROYAL GOLDEN EAGLE,APRIL,FUTONG,RIAU,7022,3588057,ROYAL GOLDEN EAGLE,APRIL FAR EAST MALAYSIA SDN BHD,MALAYSIA,XINHUI,CHINA (MAINLAND)
2021,470200,ROYAL GOLDEN EAGLE,APRIL,FUTONG,RIAU,1013,751388,ROYAL GOLDEN EAGLE,APRIL FAR EAST MALAYSIA SDN BHD,MALAYSIA,FUZHOU,CHINA (MAINLAND)
2021,470200,ROYAL GOLDEN EAGLE,APRIL,FUTONG,RIAU,1012,750957,ROYAL GOLDEN EAGLE,APRIL FAR EAST MALAYSIA SDN BHD,MALAYSIA,FUZHOU,CHINA (MAINLAND)
2021,470200,ROYAL GOLDEN EAGLE,APRIL,FUTONG,RIAU,1012,750806,ROYAL GOLDEN EAGLE,APRIL FAR EAST MALAYSIA SDN BHD,MALAYSIA,JIUJIANG,CHINA (MAINLAND)
2021,470200,ROYAL GOLDEN EAGLE,APRIL,FUTONG,RIAU,1011,749792,ROYAL GOLDEN EAGLE,APRIL FAR EAST MALAYSIA SDN BHD,MALAYSIA,JIUJIANG,CHINA (MAINLAND)
2021,470200,ROYAL GOLDEN EAGLE,APRIL,FUTONG,RIAU,1010,749099,ROYAL GOLDEN EAGLE,APRIL FAR EAST MALAYSIA SDN BHD,MALAYSIA,JIUJIANG,CHINA (MAINLAND)
2021,470200,ROYAL GOLDEN EAGLE,APRIL,FUTONG,RIAU,223,165256,ROYAL GOLDEN EAGLE,APRIL FAR EAST MALAYSIA SDN BHD,MALAYSIA,JIUJIANG,CHINA (MAINLAND)
2021,470200,ROYAL GOLDEN EAGLE,APRIL,FUTONG,RIAU,1011,750160,ROYAL GOLDEN EAGLE,APRIL FAR EAST MALAYSIA SDN BHD,MALAYSIA,JIUJIANG,CHINA (MAINLAND)
2021,470200,ROYAL GOLDEN EAGLE,APRIL,FUTONG,RIAU,1012,750856,ROYAL GOLDEN EAGLE,APRIL FAR EAST MALAYSIA SDN BHD,MALAYSIA,JIUJIANG,CHINA (MAINLAND)
2021,470200,ROYAL GOLDEN EAGLE,APRIL,FUTONG,RIAU,1012,750811,ROYAL GOLDEN EAGLE,APRIL FAR EAST MALAYSIA SDN BHD,MALAYSIA,JIUJIANG,CHINA (MAINLAND)
2021,470200,ROYAL GOLDEN EAGLE,APRIL,FUTONG,RIAU,1014,752325,ROYAL GOLDEN EAGLE,APRIL FAR EAST MALAYSIA SDN BHD,MALAYSIA,FUZHOU,CHINA (MAINLAND)
2021,470200,ROYAL GOLDEN EAGLE,APRIL,FUTONG,RIAU,1012,750698,ROYAL GOLDEN EAGLE,APRIL FAR EAST MALAYSIA SDN BHD,MALAYSIA,JIUJIANG,CHINA (MAINLAND)
2021,470200,ROYAL GOLDEN EAGLE,APRIL,FUTONG,RIAU,1012,751038,ROYAL GOLDEN EAGLE,APRIL FAR EAST MALAYSIA SDN BHD,MALAYSIA,JIUJIANG,CHINA (MAINLAND)
2021,470200,ROYAL GOLDEN EAGLE,APRIL,FUTONG,RIAU,405,300335,ROYAL GOLDEN EAGLE,APRIL FAR EAST MALAYSIA SDN BHD,MALAYSIA,LIANYUNGANG,CHINA (MAINLAND)
2021,470200,ROYAL GOLDEN EAGLE,APRIL,FUTONG,RIAU,1013,751349,ROYAL GOLDEN EAGLE,APRIL FAR EAST MALAYSIA SDN BHD,MALAYSIA,JIUJIANG,CHINA (MAINLAND)
2021,470200,ROYAL GOLDEN EAGLE,APRIL,FUTONG,RIAU,203,150324,ROYAL GOLDEN EAGLE,APRIL FAR EAST MALAYSIA SDN BHD,MALAYSIA,FUZHOU,CHINA (MAINLAND)
2021,470200,ROYAL GOLDEN EAGLE,APRIL,FUTONG,RIAU,728,539890,ROYAL GOLDEN EAGLE,APRIL FAR EAST MALAYSIA SDN BHD,MALAYSIA,FUZHOU,CHINA (MAINLAND)
2021,470200,ROYAL GOLDEN EAGLE,APRIL,FUTONG,RIAU,791,586632,ROYAL GOLDEN EAGLE,APRIL FAR EAST MALAYSIA SDN BHD,MALAYSIA,JIUJIANG,CHINA (MAINLAND)
2021,470329,SINAR MAS,INDAH KIAT,PERAWANG,RIAU,480,293069,SINAR MAS,GOLDEN PROFIT TRADING PTE LTD,SINGAPORE,JEBEL ALI,UNITED ARAB EMIRATES
2021,470200,ROYAL GOLDEN EAGLE,APRIL,BUATAN,RIAU,508,376688,ROYAL GOLDEN EAGLE,APRIL FAR EAST MALAYSIA SDN BHD,MALAYSIA,FUZHOU,CHINA (MAINLAND)
2021,470329,ROYAL GOLDEN EAGLE,APRIL,BUATAN,RIAU,101,48297,ROYAL GOLDEN EAGLE,APRIL INTERNATIONAL ENTEPRISE PTE LTD,SINGAPORE,JAWAHARLAL NEHRU (NHAVA S,INDIA
2021,470329,SINAR MAS,INDAH KIAT,SUNGAI PAKNING,RIAU,4700,2512150,CHINA UNION,CHINA UNION (MACAO COMMERCIAL OFFSHORE) CO LTD,MACAO,DAGANG,CHINA (MAINLAND)
2021,470329,SINAR MAS,INDAH KIAT,SUNGAI PAKNING,RIAU,3900,2084550,CHINA UNION,CHINA UNION (MACAO COMMERCIAL OFFSHORE) CO LTD,MACAO,DAGANG,CHINA (MAINLAND)
2021,470329,SINAR MAS,INDAH KIAT,SUNGAI PAKNING,RIAU,3500,1870750,CHINA UNION,CHINA UNION (MACAO COMMERCIAL OFFSHORE) CO LTD,MACAO,DAGANG,CHINA (MAINLAND)
2021,470200,ROYAL GOLDEN EAGLE,APRIL,BUATAN,RIAU,506,375576,ROYAL GOLDEN EAGLE,APRIL FAR EAST MALAYSIA SDN BHD,MALAYSIA,JIUJIANG,CHINA (MAINLAND)
2021,470200,ROYAL GOLDEN EAGLE,APRIL,BUATAN,RIAU,506,375728,ROYAL GOLDEN EAGLE,APRIL FAR EAST MALAYSIA SDN BHD,MALAYSIA,JIUJIANG,CHINA (MAINLAND)
2021,470200,ROYAL GOLDEN EAGLE,APRIL,BUATAN,RIAU,506,375668,ROYAL GOLDEN EAGLE,APRIL FAR EAST MALAYSIA SDN BHD,MALAYSIA,JIUJIANG,CHINA (MAINLAND)
2021,470200,ROYAL GOLDEN EAGLE,APRIL,BUATAN,RIAU,344,255426,ROYAL GOLDEN EAGLE,APRIL FAR EAST MALAYSIA SDN BHD,MALAYSIA,JIUJIANG,CHINA (MAINLAND)
2021,470200,ROYAL GOLDEN EAGLE,APRIL,BUATAN,RIAU,285,211332,ROYAL GOLDEN EAGLE,APRIL FAR EAST MALAYSIA SDN BHD,MALAYSIA,JIUJIANG,CHINA (MAINLAND)
2021,470329,ROYAL GOLDEN EAGLE,APRIL,BUATAN,RIAU,604,308827,ROYAL GOLDEN EAGLE,APRIL INTERNATIONAL ENTEPRISE PTE LTD,SINGAPORE,CAT LAI,VIETNAM
2021,470329,ROYAL GOLDEN EAGLE,APRIL,BUATAN,RIAU,241,123372,ROYAL GOLDEN EAGLE,APRIL INTERNATIONAL ENTEPRISE PTE LTD,SINGAPORE,HAIPHONG,VIETNAM
2021,470329,ROYAL GOLDEN EAGLE,APRIL,BUATAN,RIAU,403,205847,ROYAL GOLDEN EAGLE,APRIL INTERNATIONAL ENTEPRISE PTE LTD,SINGAPORE,CAT LAI,VIETNAM
2021,470329,SINAR MAS,INDAH KIAT,SUNGAI PAKNING,RIAU,1000,534500,CHINA UNION,CHINA UNION (MACAO COMMERCIAL OFFSHORE) CO LTD,MACAO,DAGANG,CHINA (MAINLAND)
2021,470329,SINAR MAS,INDAH KIAT,SUNGAI PAKNING,RIAU,2000,1069000,CHINA UNION,CHINA UNION (MACAO COMMERCIAL OFFSHORE) CO LTD,MACAO,DAGANG,CHINA (MAINLAND)
2021,470329,SINAR MAS,INDAH KIAT,SUNGAI PAKNING,RIAU,3400,1817300,CHINA UNION,CHINA UNION (MACAO COMMERCIAL OFFSHORE) CO LTD,MACAO,DAGANG,CHINA (MAINLAND)
2021,470329,SINAR MAS,INDAH KIAT,SUNGAI PAKNING,RIAU,400,213800,CHINA UNION,CHINA UNION (MACAO COMMERCIAL OFFSHORE) CO LTD,MACAO,DAGANG,CHINA (MAINLAND)
2021,470329,ROYAL GOLDEN EAGLE,APRIL,BUATAN,RIAU,97,49329,ROYAL GOLDEN EAGLE,APRIL INTERNATIONAL ENTEPRISE PTE LTD,SINGAPORE,TAOYUAN,TAIWAN
2021,470200,ROYAL GOLDEN EAGLE,APRIL,FUTONG,RIAU,1012,750655,ROYAL GOLDEN EAGLE,APRIL FAR EAST MALAYSIA SDN BHD,MALAYSIA,JIUJIANG,CHINA (MAINLAND)
2021,470200,ROYAL GOLDEN EAGLE,APRIL,FUTONG,RIAU,1012,750801,ROYAL GOLDEN EAGLE,APRIL FAR EAST MALAYSIA SDN BHD,MALAYSIA,JIUJIANG,CHINA (MAINLAND)
2021,470200,ROYAL GOLDEN EAGLE,APRIL,FUTONG,RIAU,506,375696,ROYAL GOLDEN EAGLE,APRIL FAR EAST MALAYSIA SDN BHD,MALAYSIA,JIUJIANG,CHINA (MAINLAND)
2021,470329,ROYAL GOLDEN EAGLE,APRIL,BUATAN,RIAU,503,256890,ROYAL GOLDEN EAGLE,APRIL INTERNATIONAL ENTEPRISE PTE LTD,SINGAPORE,KARACHI,PAKISTAN
2021,470200,ROYAL GOLDEN EAGLE,TOBA PULP LESTARI,BELAWAN,SUMATERA UTARA,502,456607,UNKNOWN AFFILIATION,GREENPOINT GLOBAL TRADING (MACAO COMMERCIAL OFFSHORE) LTD,MACAO,QINGDAO,CHINA (MAINLAND)
2021,470200,ROYAL GOLDEN EAGLE,TOBA PULP LESTARI,BELAWAN,SUMATERA UTARA,308,280702,UNKNOWN AFFILIATION,GREENPOINT GLOBAL TRADING (MACAO COMMERCIAL OFFSHORE) LTD,MACAO,QINGDAO,CHINA (MAINLAND)
2021,470200,ROYAL GOLDEN EAGLE,TOBA PULP LESTARI,BELAWAN,SUMATERA UTARA,500,455036,UNKNOWN AFFILIATION,GREENPOINT GLOBAL TRADING (MACAO COMMERCIAL OFFSHORE) LTD,MACAO,QINGDAO,CHINA (MAINLAND)
2021,470200,ROYAL GOLDEN EAGLE,TOBA PULP LESTARI,BELAWAN,SUMATERA UTARA,500,454933,UNKNOWN AFFILIATION,GREENPOINT GLOBAL TRADING (MACAO COMMERCIAL OFFSHORE) LTD,MACAO,QINGDAO,CHINA (MAINLAND)
2021,470200,ROYAL GOLDEN EAGLE,TOBA PULP LESTARI,BELAWAN,SUMATERA UTARA,213,193567,UNKNOWN AFFILIATION,GREENPOINT GLOBAL TRADING (MACAO COMMERCIAL OFFSHORE) LTD,MACAO,QINGDAO,CHINA (MAINLAND)
2021,470200,ROYAL GOLDEN EAGLE,TOBA PULP LESTARI,BELAWAN,SUMATERA UTARA,500,463874,UNKNOWN AFFILIATION,GREENPOINT GLOBAL TRADING (MACAO COMMERCIAL OFFSHORE) LTD,MACAO,QINGDAO,CHINA (MAINLAND)
2021,470200,ROYAL GOLDEN EAGLE,TOBA PULP LESTARI,BELAWAN,SUMATERA UTARA,501,464510,UNKNOWN AFFILIATION,GREENPOINT GLOBAL TRADING (MACAO COMMERCIAL OFFSHORE) LTD,MACAO,QINGDAO,CHINA (MAINLAND)
2021,470200,ROYAL GOLDEN EAGLE,TOBA PULP LESTARI,BELAWAN,SUMATERA UTARA,502,465087,UNKNOWN AFFILIATION,GREENPOINT GLOBAL TRADING (MACAO COMMERCIAL OFFSHORE) LTD,MACAO,QINGDAO,CHINA (MAINLAND)
2021,470200,ROYAL GOLDEN EAGLE,TOBA PULP LESTARI,BELAWAN,SUMATERA UTARA,502,465166,UNKNOWN AFFILIATION,GREENPOINT GLOBAL TRADING (MACAO COMMERCIAL OFFSHORE) LTD,MACAO,QINGDAO,CHINA (MAINLAND)
2021,470200,ROYAL GOLDEN EAGLE,TOBA PULP LESTARI,BELAWAN,SUMATERA UTARA,503,466613,UNKNOWN AFFILIATION,GREENPOINT GLOBAL TRADING (MACAO COMMERCIAL OFFSHORE) LTD,MACAO,QINGDAO,CHINA (MAINLAND)
2021,470200,ROYAL GOLDEN EAGLE,TOBA PULP LESTARI,BELAWAN,SUMATERA UTARA,1006,932308,UNKNOWN AFFILIATION,GREENPOINT GLOBAL TRADING (MACAO COMMERCIAL OFFSHORE) LTD,MACAO,QINGDAO,CHINA (MAINLAND)
2021,470329,SINAR MAS,INDAH KIAT,PERAWANG,RIAU,100,65959,UNKNOWN AFFILIATION,A CHAU ARCHITECTURE & TRADING COMPANY LIMITED,VIETNAM,DA NANG,VIETNAM
2021,470329,SINAR MAS,INDAH KIAT,PERAWANG,RIAU,120,78516,UNKNOWN AFFILIATION,MEDITERRANEAN PAPER CO,EGYPT,EL ISKANDARIYA (=ALEXANDRIA),EGYPT
2021,470329,SINAR MAS,INDAH KIAT,PERAWANG,RIAU,200,123560,SAIGON,SAIGON PAPER CORP,VIETNAM,CAT LAI,VIETNAM
2021,470329,SINAR MAS,INDAH KIAT,PERAWANG,RIAU,240,161250,UNKNOWN AFFILIATION,LINH AN TISSUE CO LTD,VIETNAM,HAIPHONG,VIETNAM
2021,470329,SINAR MAS,INDAH KIAT,PERAWANG,RIAU,400,242789,UNKNOWN AFFILIATION,PARAMOUNT SHIPPING & FORWARDING LLC,UNITED ARAB EMIRATES,JEBEL ALI,UNITED ARAB EMIRATES
2021,470329,SINAR MAS,INDAH KIAT,PERAWANG,RIAU,500,258878,UNKNOWN AFFILIATION,MEDITERRANEAN PAPER CO,EGYPT,EL ISKANDARIYA (=ALEXANDRIA),EGYPT
2021,470329,SINAR MAS,INDAH KIAT,PERAWANG,RIAU,800,537500,UNKNOWN AFFILIATION,TAN HUNG JSC,VIETNAM,HAIPHONG,VIETNAM
2021,470329,SINAR MAS,INDAH KIAT,SUNGAI PAKNING,RIAU,200,89500,SINAR MAS,SHANDONG BOHUI PAPER INDUSTRY CO LTD,CHINA (MAINLAND),QINGDAO,CHINA (MAINLAND)
2021,470329,SINAR MAS,INDAH KIAT,SUNGAI PAKNING,RIAU,300,159900,SINAR MAS,KING PAPER SOURCE TRADING (SHANGHAI) CO LTD,CHINA (MAINLAND),SHANGHAI,CHINA (MAINLAND)
2021,470329,SINAR MAS,INDAH KIAT,SUNGAI PAKNING,RIAU,500,296500,SINAR MAS,KING PAPER SOURCE TRADING (SHANGHAI) CO LTD,CHINA (MAINLAND),SHANGHAI,CHINA (MAINLAND)
2021,470329,SINAR MAS,INDAH KIAT,SUNGAI PAKNING,RIAU,1500,887250,SINAR MAS,KING PAPER SOURCE TRADING (SHANGHAI) CO LTD,CHINA (MAINLAND),SHANGHAI,CHINA (MAINLAND)
2021,470329,SINAR MAS,INDAH KIAT,SUNGAI PAKNING,RIAU,1700,904400,SINAR MAS,KING PAPER SOURCE TRADING (SHANGHAI) CO LTD,CHINA (MAINLAND),DAGANG,CHINA (MAINLAND)
2021,470329,SINAR MAS,INDAH KIAT,SUNGAI PAKNING,RIAU,2000,1184000,SINAR MAS,KING PAPER SOURCE TRADING (SHANGHAI) CO LTD,CHINA (MAINLAND),DAGANG,CHINA (MAINLAND)
2021,470329,SINAR MAS,INDAH KIAT,SUNGAI PAKNING,RIAU,2100,943950,SINAR MAS,SHANDONG BOHUI PAPER INDUSTRY CO LTD,CHINA (MAINLAND),QINGDAO,CHINA (MAINLAND)
2021,470329,SINAR MAS,INDAH KIAT,SUNGAI PAKNING,RIAU,2200,1302400,SINAR MAS,KING PAPER SOURCE TRADING (SHANGHAI) CO LTD,CHINA (MAINLAND),DAGANG,CHINA (MAINLAND)
2021,470329,SINAR MAS,INDAH KIAT,SUNGAI PAKNING,RIAU,2500,1482500,SINAR MAS,KING PAPER SOURCE TRADING (SHANGHAI) CO LTD,CHINA (MAINLAND),SHANGHAI,CHINA (MAINLAND)
2021,470329,SINAR MAS,INDAH KIAT,SUNGAI PAKNING,RIAU,3000,1596000,SINAR MAS,KING PAPER SOURCE TRADING (SHANGHAI) CO LTD,CHINA (MAINLAND),DAGANG,CHINA (MAINLAND)
2021,470329,SINAR MAS,INDAH KIAT,SUNGAI PAKNING,RIAU,4700,2787100,SINAR MAS,KING PAPER SOURCE TRADING (SHANGHAI) CO LTD,CHINA (MAINLAND),SHANGHAI,CHINA (MAINLAND)
2021,470329,SINAR MAS,INDAH KIAT,SUNGAI PAKNING,RIAU,5000,2237500,SINAR MAS,SHANDONG BOHUI PAPER INDUSTRY CO LTD,CHINA (MAINLAND),QINGDAO,CHINA (MAINLAND)
2021,470329,SINAR MAS,INDAH KIAT,SUNGAI PAKNING,RIAU,6700,3554350,SINAR MAS,KING PAPER SOURCE TRADING (SHANGHAI) CO LTD,CHINA (MAINLAND),QINZHOU,CHINA (MAINLAND)
2021,470329,SINAR MAS,INDAH KIAT,SUNGAI PAKNING,RIAU,8000,3560000,SINAR MAS,SHANDONG BOHUI PAPER INDUSTRY CO LTD,CHINA (MAINLAND),QINGDAO,CHINA (MAINLAND)
2021,470200,ROYAL GOLDEN EAGLE,APRIL,BUATAN,RIAU,162,120073,ROYAL GOLDEN EAGLE,APRIL FAR EAST MALAYSIA SDN BHD,MALAYSIA,PORT KELANG,CHINA (MAINLAND)
2021,470200,ROYAL GOLDEN EAGLE,APRIL,BUATAN,RIAU,506,348580,ROYAL GOLDEN EAGLE,APRIL FAR EAST MALAYSIA SDN BHD,MALAYSIA,PORT KELANG,CHINA (MAINLAND)
2021,470200,ROYAL GOLDEN EAGLE,APRIL,BUATAN,RIAU,506,375409,ROYAL GOLDEN EAGLE,APRIL FAR EAST MALAYSIA SDN BHD,MALAYSIA,PORT KELANG,CHINA (MAINLAND)
2021,470200,ROYAL GOLDEN EAGLE,APRIL,BUATAN,RIAU,506,348596,ROYAL GOLDEN EAGLE,APRIL FAR EAST MALAYSIA SDN BHD,MALAYSIA,PORT KELANG,CHINA (MAINLAND)
2021,470200,ROYAL GOLDEN EAGLE,APRIL,BUATAN,RIAU,506,348600,ROYAL GOLDEN EAGLE,APRIL FAR EAST MALAYSIA SDN BHD,MALAYSIA,PORT KELANG,CHINA (MAINLAND)
2021,470200,ROYAL GOLDEN EAGLE,APRIL,BUATAN,RIAU,506,348622,ROYAL GOLDEN EAGLE,APRIL FAR EAST MALAYSIA SDN BHD,MALAYSIA,PORT KELANG,CHINA (MAINLAND)
2021,470200,ROYAL GOLDEN EAGLE,APRIL,BUATAN,RIAU,506,375459,ROYAL GOLDEN EAGLE,APRIL FAR EAST MALAYSIA SDN BHD,MALAYSIA,PORT KELANG,CHINA (MAINLAND)
2021,470200,ROYAL GOLDEN EAGLE,APRIL,BUATAN,RIAU,506,375462,ROYAL GOLDEN EAGLE,APRIL FAR EAST MALAYSIA SDN BHD,MALAYSIA,PORT KELANG,CHINA (MAINLAND)
2021,470200,ROYAL GOLDEN EAGLE,APRIL,BUATAN,RIAU,506,348668,ROYAL GOLDEN EAGLE,APRIL FAR EAST MALAYSIA SDN BHD,MALAYSIA,PORT KELANG,CHINA (MAINLAND)
2021,470200,ROYAL GOLDEN EAGLE,APRIL,BUATAN,RIAU,506,348714,ROYAL GOLDEN EAGLE,APRIL FAR EAST MALAYSIA SDN BHD,MALAYSIA,PORT KELANG,CHINA (MAINLAND)
2021,470200,ROYAL GOLDEN EAGLE,APRIL,BUATAN,RIAU,506,375574,ROYAL GOLDEN EAGLE,APRIL FAR EAST MALAYSIA SDN BHD,MALAYSIA,PORT KELANG,CHINA (MAINLAND)
2021,470200,ROYAL GOLDEN EAGLE,APRIL,BUATAN,RIAU,506,348786,ROYAL GOLDEN EAGLE,APRIL FAR EAST MALAYSIA SDN BHD,MALAYSIA,PORT KELANG,CHINA (MAINLAND)
2021,470200,ROYAL GOLDEN EAGLE,APRIL,BUATAN,RIAU,506,375668,ROYAL GOLDEN EAGLE,APRIL FAR EAST MALAYSIA SDN BHD,MALAYSIA,SINGAPORE,CHINA (MAINLAND)
2021,470200,ROYAL GOLDEN EAGLE,APRIL,BUATAN,RIAU,506,375674,ROYAL GOLDEN EAGLE,APRIL FAR EAST MALAYSIA SDN BHD,MALAYSIA,PORT KELANG,CHINA (MAINLAND)
2021,470200,ROYAL GOLDEN EAGLE,APRIL,BUATAN,RIAU,506,375706,ROYAL GOLDEN EAGLE,APRIL FAR EAST MALAYSIA SDN BHD,MALAYSIA,PORT KELANG,CHINA (MAINLAND)
2021,470200,ROYAL GOLDEN EAGLE,APRIL,BUATAN,RIAU,506,375727,ROYAL GOLDEN EAGLE,APRIL FAR EAST MALAYSIA SDN BHD,MALAYSIA,PORT KELANG,CHINA (MAINLAND)
2021,470200,ROYAL GOLDEN EAGLE,APRIL,BUATAN,RIAU,506,375747,ROYAL GOLDEN EAGLE,APRIL FAR EAST MALAYSIA SDN BHD,MALAYSIA,PORT KELANG,CHINA (MAINLAND)
2021,470200,ROYAL GOLDEN EAGLE,APRIL,BUATAN,RIAU,506,375761,ROYAL GOLDEN EAGLE,APRIL FAR EAST MALAYSIA SDN BHD,MALAYSIA,PORT KELANG,CHINA (MAINLAND)
2021,470200,ROYAL GOLDEN EAGLE,APRIL,BUATAN,RIAU,506,348942,ROYAL GOLDEN EAGLE,APRIL FAR EAST MALAYSIA SDN BHD,MALAYSIA,PORT KELANG,CHINA (MAINLAND)
2021,470200,ROYAL GOLDEN EAGLE,APRIL,BUATAN,RIAU,506,348958,ROYAL GOLDEN EAGLE,APRIL FAR EAST MALAYSIA SDN BHD,MALAYSIA,PORT KELANG,CHINA (MAINLAND)
2021,470200,ROYAL GOLDEN EAGLE,APRIL,BUATAN,RIAU,507,349010,ROYAL GOLDEN EAGLE,APRIL FAR EAST MALAYSIA SDN BHD,MALAYSIA,PORT KELANG,CHINA (MAINLAND)
2021,470200,ROYAL GOLDEN EAGLE,APRIL,BUATAN,RIAU,507,349012,ROYAL GOLDEN EAGLE,APRIL FAR EAST MALAYSIA SDN BHD,MALAYSIA,PORT KELANG,CHINA (MAINLAND)
2021,470200,ROYAL GOLDEN EAGLE,APRIL,BUATAN,RIAU,507,349043,ROYAL GOLDEN EAGLE,APRIL FAR EAST MALAYSIA SDN BHD,MALAYSIA,PORT KELANG,CHINA (MAINLAND)
2021,470200,ROYAL GOLDEN EAGLE,APRIL,BUATAN,RIAU,507,375943,ROYAL GOLDEN EAGLE,APRIL FAR EAST MALAYSIA SDN BHD,MALAYSIA,PORT KELANG,CHINA (MAINLAND)
2021,470200,ROYAL GOLDEN EAGLE,APRIL,BUATAN,RIAU,507,349320,ROYAL GOLDEN EAGLE,APRIL FAR EAST MALAYSIA SDN BHD,MALAYSIA,PORT KELANG,CHINA (MAINLAND)
2021,470200,ROYAL GOLDEN EAGLE,APRIL,BUATAN,RIAU,507,349375,ROYAL GOLDEN EAGLE,APRIL FAR EAST MALAYSIA SDN BHD,MALAYSIA,PORT KELANG,CHINA (MAINLAND)
2021,470200,ROYAL GOLDEN EAGLE,APRIL,BUATAN,RIAU,507,349500,ROYAL GOLDEN EAGLE,APRIL FAR EAST MALAYSIA SDN BHD,MALAYSIA,PORT KELANG,CHINA (MAINLAND)
2021,470200,ROYAL GOLDEN EAGLE,APRIL,BUATAN,RIAU,507,349574,ROYAL GOLDEN EAGLE,APRIL FAR EAST MALAYSIA SDN BHD,MALAYSIA,PORT KELANG,CHINA (MAINLAND)
2021,470200,ROYAL GOLDEN EAGLE,APRIL,BUATAN,RIAU,507,349575,ROYAL GOLDEN EAGLE,APRIL FAR EAST MALAYSIA SDN BHD,MALAYSIA,PORT KELANG,CHINA (MAINLAND)
2021,470200,ROYAL GOLDEN EAGLE,APRIL,BUATAN,RIAU,508,349734,ROYAL GOLDEN EAGLE,APRIL FAR EAST MALAYSIA SDN BHD,MALAYSIA,PORT KELANG,CHINA (MAINLAND)
2021,470200,ROYAL GOLDEN EAGLE,APRIL,BUATAN,RIAU,508,349754,ROYAL GOLDEN EAGLE,APRIL FAR EAST MALAYSIA SDN BHD,MALAYSIA,PORT KELANG,CHINA (MAINLAND)
2021,470200,ROYAL GOLDEN EAGLE,APRIL,BUATAN,RIAU,508,349769,ROYAL GOLDEN EAGLE,APRIL FAR EAST MALAYSIA SDN BHD,MALAYSIA,PORT KELANG,CHINA (MAINLAND)
2021,470200,ROYAL GOLDEN EAGLE,APRIL,BUATAN,RIAU,508,349901,ROYAL GOLDEN EAGLE,APRIL FAR EAST MALAYSIA SDN BHD,MALAYSIA,PORT KELANG,CHINA (MAINLAND)
2021,470200,ROYAL GOLDEN EAGLE,APRIL,BUATAN,RIAU,508,349978,ROYAL GOLDEN EAGLE,APRIL FAR EAST MALAYSIA SDN BHD,MALAYSIA,PORT KELANG,CHINA (MAINLAND)
2021,470200,ROYAL GOLDEN EAGLE,APRIL,BUATAN,RIAU,508,349980,ROYAL GOLDEN EAGLE,APRIL FAR EAST MALAYSIA SDN BHD,MALAYSIA,PORT KELANG,CHINA (MAINLAND)
2021,470200,ROYAL GOLDEN EAGLE,APRIL,BUATAN,RIAU,508,350019,ROYAL GOLDEN EAGLE,APRIL FAR EAST MALAYSIA SDN BHD,MALAYSIA,PORT KELANG,CHINA (MAINLAND)
2021,470200,ROYAL GOLDEN EAGLE,APRIL,UNKNOWN,RIAU,506,375283,ROYAL GOLDEN EAGLE,APRIL FAR EAST MALAYSIA SDN BHD,MALAYSIA,SHANGHAI,CHINA (MAINLAND)
2021,470200,ROYAL GOLDEN EAGLE,APRIL,UNKNOWN,RIAU,506,375487,ROYAL GOLDEN EAGLE,APRIL FAR EAST MALAYSIA SDN BHD,MALAYSIA,SHANGHAI,CHINA (MAINLAND)
2021,470200,ROYAL GOLDEN EAGLE,APRIL,UNKNOWN,RIAU,506,375675,ROYAL GOLDEN EAGLE,APRIL FAR EAST MALAYSIA SDN BHD,MALAYSIA,SHANGHAI,CHINA (MAINLAND)
2021,470200,ROYAL GOLDEN EAGLE,APRIL,UNKNOWN,RIAU,526,390416,ROYAL GOLDEN EAGLE,APRIL FAR EAST MALAYSIA SDN BHD,MALAYSIA,SHANGHAI,CHINA (MAINLAND)
2021,470200,ROYAL GOLDEN EAGLE,APRIL,UNKNOWN,RIAU,1012,750554,ROYAL GOLDEN EAGLE,APRIL FAR EAST MALAYSIA SDN BHD,MALAYSIA,FUZHOU,CHINA (MAINLAND)
2021,470200,ROYAL GOLDEN EAGLE,APRIL,UNKNOWN,RIAU,1012,696989,ROYAL GOLDEN EAGLE,APRIL FAR EAST MALAYSIA SDN BHD,MALAYSIA,SHANGHAI,CHINA (MAINLAND)
2021,470200,ROYAL GOLDEN EAGLE,APRIL,UNKNOWN,RIAU,1012,750635,ROYAL GOLDEN EAGLE,APRIL FAR EAST MALAYSIA SDN BHD,MALAYSIA,FUZHOU,CHINA (MAINLAND)
2021,470200,ROYAL GOLDEN EAGLE,APRIL,UNKNOWN,RIAU,1012,697064,ROYAL GOLDEN EAGLE,APRIL FAR EAST MALAYSIA SDN BHD,MALAYSIA,SHANGHAI,CHINA (MAINLAND)
2021,470200,ROYAL GOLDEN EAGLE,APRIL,UNKNOWN,RIAU,1012,697146,ROYAL GOLDEN EAGLE,APRIL FAR EAST MALAYSIA SDN BHD,MALAYSIA,SHANGHAI,CHINA (MAINLAND)
2021,470200,ROYAL GOLDEN EAGLE,APRIL,UNKNOWN,RIAU,1012,697156,ROYAL GOLDEN EAGLE,APRIL FAR EAST MALAYSIA SDN BHD,MALAYSIA,SHANGHAI,CHINA (MAINLAND)
2021,470200,ROYAL GOLDEN EAGLE,APRIL,UNKNOWN,RIAU,1012,750880,ROYAL GOLDEN EAGLE,APRIL FAR EAST MALAYSIA SDN BHD,MALAYSIA,SHANGHAI,CHINA (MAINLAND)
2021,470200,ROYAL GOLDEN EAGLE,APRIL,UNKNOWN,RIAU,1012,697324,ROYAL GOLDEN EAGLE,APRIL FAR EAST MALAYSIA SDN BHD,MALAYSIA,SHANGHAI,CHINA (MAINLAND)
2021,470200,ROYAL GOLDEN EAGLE,APRIL,UNKNOWN,RIAU,1012,697361,ROYAL GOLDEN EAGLE,APRIL FAR EAST MALAYSIA SDN BHD,MALAYSIA,TANJUNG PELEPAS,CHINA (MAINLAND)
2021,470200,ROYAL GOLDEN EAGLE,APRIL,UNKNOWN,RIAU,1012,751035,ROYAL GOLDEN EAGLE,APRIL FAR EAST MALAYSIA SDN BHD,MALAYSIA,SHANGHAI,CHINA (MAINLAND)
2021,470200,ROYAL GOLDEN EAGLE,APRIL,UNKNOWN,RIAU,1012,751061,ROYAL GOLDEN EAGLE,APRIL FAR EAST MALAYSIA SDN BHD,MALAYSIA,SHANGHAI,CHINA (MAINLAND)
2021,470200,ROYAL GOLDEN EAGLE,APRIL,UNKNOWN,RIAU,1012,751205,ROYAL GOLDEN EAGLE,APRIL FAR EAST MALAYSIA SDN BHD,MALAYSIA,SHANGHAI,CHINA (MAINLAND)
2021,470200,ROYAL GOLDEN EAGLE,APRIL,UNKNOWN,RIAU,1014,698767,ROYAL GOLDEN EAGLE,APRIL FAR EAST MALAYSIA SDN BHD,MALAYSIA,FUZHOU,CHINA (MAINLAND)
2021,470200,ROYAL GOLDEN EAGLE,APRIL,UNKNOWN,RIAU,1015,699429,ROYAL GOLDEN EAGLE,APRIL FAR EAST MALAYSIA SDN BHD,MALAYSIA,FUZHOU,CHINA (MAINLAND)
2021,470200,ROYAL GOLDEN EAGLE,APRIL,UNKNOWN,RIAU,1015,699589,ROYAL GOLDEN EAGLE,APRIL FAR EAST MALAYSIA SDN BHD,MALAYSIA,SHANGHAI,CHINA (MAINLAND)
2021,470200,ROYAL GOLDEN EAGLE,APRIL,UNKNOWN,RIAU,1015,699610,ROYAL GOLDEN EAGLE,APRIL FAR EAST MALAYSIA SDN BHD,MALAYSIA,SHANGHAI,CHINA (MAINLAND)
2021,470200,ROYAL GOLDEN EAGLE,APRIL,UNKNOWN,RIAU,5572,3865829,ROYAL GOLDEN EAGLE,APRIL FAR EAST MALAYSIA SDN BHD,MALAYSIA,CHANGSHU,CHINA (MAINLAND)
2021,470200,ROYAL GOLDEN EAGLE,APRIL,UNKNOWN,RIAU,8112,5589212,ROYAL GOLDEN EAGLE,APRIL FAR EAST MALAYSIA SDN BHD,MALAYSIA,LIANYUNGANG,CHINA (MAINLAND)
2021,470200,ROYAL GOLDEN EAGLE,APRIL,UNKNOWN,RIAU,13663,9521040,ROYAL GOLDEN EAGLE,APRIL FAR EAST MALAYSIA SDN BHD,MALAYSIA,LIANYUNGANG,CHINA (MAINLAND)
2021,470200,ROYAL GOLDEN EAGLE,APRIL,BUATAN,RIAU,224,166066,ROYAL GOLDEN EAGLE,APRIL FAR EAST MALAYSIA SDN BHD,MALAYSIA,PORT KELANG,CHINA (MAINLAND)
2021,470200,ROYAL GOLDEN EAGLE,APRIL,BUATAN,RIAU,507,349110,ROYAL GOLDEN EAGLE,APRIL FAR EAST MALAYSIA SDN BHD,MALAYSIA,PORT KELANG,CHINA (MAINLAND)
2021,470200,ROYAL GOLDEN EAGLE,APRIL,BUATAN,RIAU,507,349303,ROYAL GOLDEN EAGLE,APRIL FAR EAST MALAYSIA SDN BHD,MALAYSIA,PORT KELANG,CHINA (MAINLAND)
2021,470200,ROYAL GOLDEN EAGLE,APRIL,BUATAN,RIAU,508,349684,ROYAL GOLDEN EAGLE,APRIL FAR EAST MALAYSIA SDN BHD,MALAYSIA,PORT KELANG,CHINA (MAINLAND)
2021,470200,ROYAL GOLDEN EAGLE,APRIL,BUATAN,RIAU,508,349944,ROYAL GOLDEN EAGLE,APRIL FAR EAST MALAYSIA SDN BHD,MALAYSIA,PORT KELANG,CHINA (MAINLAND)
2021,470200,ROYAL GOLDEN EAGLE,APRIL,BUATAN,RIAU,508,350035,ROYAL GOLDEN EAGLE,APRIL FAR EAST MALAYSIA SDN BHD,MALAYSIA,PORT KELANG,CHINA (MAINLAND)
2021,470200,ROYAL GOLDEN EAGLE,APRIL,UNKNOWN,RIAU,264,181898,ROYAL GOLDEN EAGLE,APRIL FAR EAST MALAYSIA SDN BHD,MALAYSIA,SHANGHAI,CHINA (MAINLAND)
2021,470200,ROYAL GOLDEN EAGLE,APRIL,UNKNOWN,RIAU,405,278909,ROYAL GOLDEN EAGLE,APRIL FAR EAST MALAYSIA SDN BHD,MALAYSIA,SHANGHAI,CHINA (MAINLAND)
2021,470200,ROYAL GOLDEN EAGLE,APRIL,UNKNOWN,RIAU,405,279183,ROYAL GOLDEN EAGLE,APRIL FAR EAST MALAYSIA SDN BHD,MALAYSIA,SHANGHAI,CHINA (MAINLAND)
2021,470200,ROYAL GOLDEN EAGLE,APRIL,UNKNOWN,RIAU,506,348679,ROYAL GOLDEN EAGLE,APRIL FAR EAST MALAYSIA SDN BHD,MALAYSIA,FUZHOU,CHINA (MAINLAND)
2021,470200,ROYAL GOLDEN EAGLE,APRIL,UNKNOWN,RIAU,506,348801,ROYAL GOLDEN EAGLE,APRIL FAR EAST MALAYSIA SDN BHD,MALAYSIA,FUZHOU,CHINA (MAINLAND)
2021,470200,ROYAL GOLDEN EAGLE,APRIL,UNKNOWN,RIAU,607,418020,ROYAL GOLDEN EAGLE,APRIL FAR EAST MALAYSIA SDN BHD,MALAYSIA,SHANGHAI,CHINA (MAINLAND)
2021,470200,ROYAL GOLDEN EAGLE,APRIL,UNKNOWN,RIAU,608,419226,ROYAL GOLDEN EAGLE,APRIL FAR EAST MALAYSIA SDN BHD,MALAYSIA,SHANGHAI,CHINA (MAINLAND)
2021,470200,ROYAL GOLDEN EAGLE,APRIL,UNKNOWN,RIAU,689,511097,ROYAL GOLDEN EAGLE,APRIL FAR EAST MALAYSIA SDN BHD,MALAYSIA,SHANGHAI,CHINA (MAINLAND)
2021,470200,ROYAL GOLDEN EAGLE,APRIL,UNKNOWN,RIAU,750,516542,ROYAL GOLDEN EAGLE,APRIL FAR EAST MALAYSIA SDN BHD,MALAYSIA,SHANGHAI,CHINA (MAINLAND)
2021,470200,ROYAL GOLDEN EAGLE,APRIL,UNKNOWN,RIAU,810,600955,ROYAL GOLDEN EAGLE,APRIL FAR EAST MALAYSIA SDN BHD,MALAYSIA,SHANGHAI,CHINA (MAINLAND)
2021,470200,ROYAL GOLDEN EAGLE,APRIL,UNKNOWN,RIAU,1010,695898,ROYAL GOLDEN EAGLE,APRIL FAR EAST MALAYSIA SDN BHD,MALAYSIA,SHANGHAI,CHINA (MAINLAND)
2021,470200,ROYAL GOLDEN EAGLE,APRIL,UNKNOWN,RIAU,1010,695932,ROYAL GOLDEN EAGLE,APRIL FAR EAST MALAYSIA SDN BHD,MALAYSIA,SHANGHAI,CHINA (MAINLAND)
2021,470200,ROYAL GOLDEN EAGLE,APRIL,UNKNOWN,RIAU,1011,696397,ROYAL GOLDEN EAGLE,APRIL FAR EAST MALAYSIA SDN BHD,MALAYSIA,SHANGHAI,CHINA (MAINLAND)
2021,470200,ROYAL GOLDEN EAGLE,APRIL,UNKNOWN,RIAU,1011,696658,ROYAL GOLDEN EAGLE,APRIL FAR EAST MALAYSIA SDN BHD,MALAYSIA,TANJUNG PELEPAS,CHINA (MAINLAND)
2021,470200,ROYAL GOLDEN EAGLE,APRIL,UNKNOWN,RIAU,1011,696830,ROYAL GOLDEN EAGLE,APRIL FAR EAST MALAYSIA SDN BHD,MALAYSIA,SHANGHAI,CHINA (MAINLAND)
2021,470200,ROYAL GOLDEN EAGLE,APRIL,UNKNOWN,RIAU,1011,696923,ROYAL GOLDEN EAGLE,APRIL FAR EAST MALAYSIA SDN BHD,MALAYSIA,SHANGHAI,CHINA (MAINLAND)
2021,470200,ROYAL GOLDEN EAGLE,APRIL,UNKNOWN,RIAU,1012,696926,ROYAL GOLDEN EAGLE,APRIL FAR EAST MALAYSIA SDN BHD,MALAYSIA,SHANGHAI,CHINA (MAINLAND)
2021,470200,ROYAL GOLDEN EAGLE,APRIL,UNKNOWN,RIAU,1012,696957,ROYAL GOLDEN EAGLE,APRIL FAR EAST MALAYSIA SDN BHD,MALAYSIA,SHANGHAI,CHINA (MAINLAND)
2021,470200,ROYAL GOLDEN EAGLE,APRIL,UNKNOWN,RIAU,1012,697035,ROYAL GOLDEN EAGLE,APRIL FAR EAST MALAYSIA SDN BHD,MALAYSIA,FUZHOU,CHINA (MAINLAND)
2021,470200,ROYAL GOLDEN EAGLE,APRIL,UNKNOWN,RIAU,1012,697110,ROYAL GOLDEN EAGLE,APRIL FAR EAST MALAYSIA SDN BHD,MALAYSIA,FUZHOU,CHINA (MAINLAND)
2021,470200,ROYAL GOLDEN EAGLE,APRIL,UNKNOWN,RIAU,1012,697224,ROYAL GOLDEN EAGLE,APRIL FAR EAST MALAYSIA SDN BHD,MALAYSIA,SHANGHAI,CHINA (MAINLAND)
2021,470200,ROYAL GOLDEN EAGLE,APRIL,UNKNOWN,RIAU,1012,697262,ROYAL GOLDEN EAGLE,APRIL FAR EAST MALAYSIA SDN BHD,MALAYSIA,SHANGHAI,CHINA (MAINLAND)
2021,470200,ROYAL GOLDEN EAGLE,APRIL,UNKNOWN,RIAU,1012,697263,ROYAL GOLDEN EAGLE,APRIL FAR EAST MALAYSIA SDN BHD,MALAYSIA,FUZHOU,CHINA (MAINLAND)
2021,470200,ROYAL GOLDEN EAGLE,APRIL,UNKNOWN,RIAU,1012,697341,ROYAL GOLDEN EAGLE,APRIL FAR EAST MALAYSIA SDN BHD,MALAYSIA,SHANGHAI,CHINA (MAINLAND)
2021,470200,ROYAL GOLDEN EAGLE,APRIL,UNKNOWN,RIAU,1012,697343,ROYAL GOLDEN EAGLE,APRIL FAR EAST MALAYSIA SDN BHD,MALAYSIA,FUZHOU,CHINA (MAINLAND)
2021,470200,ROYAL GOLDEN EAGLE,APRIL,UNKNOWN,RIAU,1012,697372,ROYAL GOLDEN EAGLE,APRIL FAR EAST MALAYSIA SDN BHD,MALAYSIA,FUZHOU,CHINA (MAINLAND)
2021,470200,ROYAL GOLDEN EAGLE,APRIL,UNKNOWN,RIAU,1012,697378,ROYAL GOLDEN EAGLE,APRIL FAR EAST MALAYSIA SDN BHD,MALAYSIA,SHANGHAI,CHINA (MAINLAND)
2021,470200,ROYAL GOLDEN EAGLE,APRIL,UNKNOWN,RIAU,1012,697435,ROYAL GOLDEN EAGLE,APRIL FAR EAST MALAYSIA SDN BHD,MALAYSIA,SHANGHAI,CHINA (MAINLAND)
2021,470200,ROYAL GOLDEN EAGLE,APRIL,UNKNOWN,RIAU,1012,697514,ROYAL GOLDEN EAGLE,APRIL FAR EAST MALAYSIA SDN BHD,MALAYSIA,SHANGHAI,CHINA (MAINLAND)
2021,470200,ROYAL GOLDEN EAGLE,APRIL,UNKNOWN,RIAU,1013,697621,ROYAL GOLDEN EAGLE,APRIL FAR EAST MALAYSIA SDN BHD,MALAYSIA,SHANGHAI,CHINA (MAINLAND)
2021,470200,ROYAL GOLDEN EAGLE,APRIL,UNKNOWN,RIAU,1013,697645,ROYAL GOLDEN EAGLE,APRIL FAR EAST MALAYSIA SDN BHD,MALAYSIA,SHANGHAI,CHINA (MAINLAND)
2021,470200,ROYAL GOLDEN EAGLE,APRIL,UNKNOWN,RIAU,1013,697662,ROYAL GOLDEN EAGLE,APRIL FAR EAST MALAYSIA SDN BHD,MALAYSIA,SHANGHAI,CHINA (MAINLAND)
2021,470200,ROYAL GOLDEN EAGLE,APRIL,UNKNOWN,RIAU,1013,697670,ROYAL GOLDEN EAGLE,APRIL FAR EAST MALAYSIA SDN BHD,MALAYSIA,TANJUNG PELEPAS,CHINA (MAINLAND)
2021,470200,ROYAL GOLDEN EAGLE,APRIL,UNKNOWN,RIAU,1013,697679,ROYAL GOLDEN EAGLE,APRIL FAR EAST MALAYSIA SDN BHD,MALAYSIA,SHANGHAI,CHINA (MAINLAND)
2021,470200,ROYAL GOLDEN EAGLE,APRIL,UNKNOWN,RIAU,1013,697722,ROYAL GOLDEN EAGLE,APRIL FAR EAST MALAYSIA SDN BHD,MALAYSIA,FUZHOU,CHINA (MAINLAND)
2021,470200,ROYAL GOLDEN EAGLE,APRIL,UNKNOWN,RIAU,1013,697805,ROYAL GOLDEN EAGLE,APRIL FAR EAST MALAYSIA SDN BHD,MALAYSIA,SHANGHAI,CHINA (MAINLAND)
2021,470200,ROYAL GOLDEN EAGLE,APRIL,UNKNOWN,RIAU,1013,697937,ROYAL GOLDEN EAGLE,APRIL FAR EAST MALAYSIA SDN BHD,MALAYSIA,SHANGHAI,CHINA (MAINLAND)
2021,470200,ROYAL GOLDEN EAGLE,APRIL,UNKNOWN,RIAU,1013,697952,ROYAL GOLDEN EAGLE,APRIL FAR EAST MALAYSIA SDN BHD,MALAYSIA,SHANGHAI,CHINA (MAINLAND)
2021,470200,ROYAL GOLDEN EAGLE,APRIL,UNKNOWN,RIAU,1013,698050,ROYAL GOLDEN EAGLE,APRIL FAR EAST MALAYSIA SDN BHD,MALAYSIA,TANJUNG PELEPAS,CHINA (MAINLAND)
2021,470200,ROYAL GOLDEN EAGLE,APRIL,UNKNOWN,RIAU,1013,698115,ROYAL GOLDEN EAGLE,APRIL FAR EAST MALAYSIA SDN BHD,MALAYSIA,FUZHOU,CHINA (MAINLAND)
2021,470200,ROYAL GOLDEN EAGLE,APRIL,UNKNOWN,RIAU,1013,698133,ROYAL GOLDEN EAGLE,APRIL FAR EAST MALAYSIA SDN BHD,MALAYSIA,SHANGHAI,CHINA (MAINLAND)
2021,470200,ROYAL GOLDEN EAGLE,APRIL,UNKNOWN,RIAU,1013,698205,ROYAL GOLDEN EAGLE,APRIL FAR EAST MALAYSIA SDN BHD,MALAYSIA,SHANGHAI,CHINA (MAINLAND)
2021,470200,ROYAL GOLDEN EAGLE,APRIL,UNKNOWN,RIAU,1013,698273,ROYAL GOLDEN EAGLE,APRIL FAR EAST MALAYSIA SDN BHD,MALAYSIA,SHANGHAI,CHINA (MAINLAND)
2021,470200,ROYAL GOLDEN EAGLE,APRIL,UNKNOWN,RIAU,1014,698319,ROYAL GOLDEN EAGLE,APRIL FAR EAST MALAYSIA SDN BHD,MALAYSIA,SHANGHAI,CHINA (MAINLAND)
2021,470200,ROYAL GOLDEN EAGLE,APRIL,UNKNOWN,RIAU,1014,698342,ROYAL GOLDEN EAGLE,APRIL FAR EAST MALAYSIA SDN BHD,MALAYSIA,SHANGHAI,CHINA (MAINLAND)
2021,470200,ROYAL GOLDEN EAGLE,APRIL,UNKNOWN,RIAU,1014,698500,ROYAL GOLDEN EAGLE,APRIL FAR EAST MALAYSIA SDN BHD,MALAYSIA,FUZHOU,CHINA (MAINLAND)
2021,470200,ROYAL GOLDEN EAGLE,APRIL,UNKNOWN,RIAU,1014,698523,ROYAL GOLDEN EAGLE,APRIL FAR EAST MALAYSIA SDN BHD,MALAYSIA,SHANGHAI,CHINA (MAINLAND)
2021,470200,ROYAL GOLDEN EAGLE,APRIL,UNKNOWN,RIAU,1014,698870,ROYAL GOLDEN EAGLE,APRIL FAR EAST MALAYSIA SDN BHD,MALAYSIA,SHANGHAI,CHINA (MAINLAND)
2021,470200,ROYAL GOLDEN EAGLE,APRIL,UNKNOWN,RIAU,1014,698957,ROYAL GOLDEN EAGLE,APRIL FAR EAST MALAYSIA SDN BHD,MALAYSIA,FUZHOU,CHINA (MAINLAND)
2021,470200,ROYAL GOLDEN EAGLE,APRIL,UNKNOWN,RIAU,1015,752779,ROYAL GOLDEN EAGLE,APRIL FAR EAST MALAYSIA SDN BHD,MALAYSIA,FUZHOU,CHINA (MAINLAND)
2021,470200,ROYAL GOLDEN EAGLE,APRIL,UNKNOWN,RIAU,1016,699713,ROYAL GOLDEN EAGLE,APRIL FAR EAST MALAYSIA SDN BHD,MALAYSIA,SHANGHAI,CHINA (MAINLAND)
2021,470200,ROYAL GOLDEN EAGLE,APRIL,UNKNOWN,RIAU,1016,753562,ROYAL GOLDEN EAGLE,APRIL FAR EAST MALAYSIA SDN BHD,MALAYSIA,FUZHOU,CHINA (MAINLAND)
2021,470200,ROYAL GOLDEN EAGLE,APRIL,UNKNOWN,RIAU,1016,699747,ROYAL GOLDEN EAGLE,APRIL FAR EAST MALAYSIA SDN BHD,MALAYSIA,SHANGHAI,CHINA (MAINLAND)
2021,470329,ROYAL GOLDEN EAGLE,APRIL,BUATAN,RIAU,20,10290,ROYAL GOLDEN EAGLE,APRIL INTERNATIONAL ENTEPRISE PTE LTD,SINGAPORE,SINGAPORE,SAUDI ARABIA
2021,470329,ROYAL GOLDEN EAGLE,APRIL,BUATAN,RIAU,81,36155,ROYAL GOLDEN EAGLE,APRIL INTERNATIONAL ENTEPRISE PTE LTD,SINGAPORE,SINGAPORE,INDIA
2021,470329,ROYAL GOLDEN EAGLE,APRIL,BUATAN,RIAU,100,45074,ROYAL GOLDEN EAGLE,APRIL INTERNATIONAL ENTEPRISE PTE LTD,SINGAPORE,SINGAPORE,INDIA
2021,470329,ROYAL GOLDEN EAGLE,APRIL,BUATAN,RIAU,100,45078,ROYAL GOLDEN EAGLE,APRIL INTERNATIONAL ENTEPRISE PTE LTD,SINGAPORE,PORT KELANG,UNITED ARAB EMIRATES
2021,470329,ROYAL GOLDEN EAGLE,APRIL,BUATAN,RIAU,100,45118,ROYAL GOLDEN EAGLE,APRIL INTERNATIONAL ENTEPRISE PTE LTD,SINGAPORE,SINGAPORE,BANGLADESH
2021,470329,ROYAL GOLDEN EAGLE,APRIL,BUATAN,RIAU,100,45120,ROYAL GOLDEN EAGLE,APRIL INTERNATIONAL ENTEPRISE PTE LTD,SINGAPORE,PORT KELANG,UNITED ARAB EMIRATES
2021,470329,ROYAL GOLDEN EAGLE,APRIL,BUATAN,RIAU,101,45127,ROYAL GOLDEN EAGLE,APRIL INTERNATIONAL ENTEPRISE PTE LTD,SINGAPORE,PORT KELANG,UNITED ARAB EMIRATES
2021,470329,ROYAL GOLDEN EAGLE,APRIL,BUATAN,RIAU,101,45163,ROYAL GOLDEN EAGLE,APRIL INTERNATIONAL ENTEPRISE PTE LTD,SINGAPORE,SINGAPORE,INDIA
2021,470329,ROYAL GOLDEN EAGLE,APRIL,BUATAN,RIAU,119,53310,ROYAL GOLDEN EAGLE,APRIL INTERNATIONAL ENTEPRISE PTE LTD,SINGAPORE,SINGAPORE,DJIBOUTI
2021,470329,ROYAL GOLDEN EAGLE,APRIL,BUATAN,RIAU,120,61546,ROYAL GOLDEN EAGLE,APRIL INTERNATIONAL ENTEPRISE PTE LTD,SINGAPORE,PORT KELANG,SAUDI ARABIA
2021,470329,ROYAL GOLDEN EAGLE,APRIL,BUATAN,RIAU,121,54115,ROYAL GOLDEN EAGLE,APRIL INTERNATIONAL ENTEPRISE PTE LTD,SINGAPORE,PORT KELANG,UNITED ARAB EMIRATES
2021,470329,ROYAL GOLDEN EAGLE,APRIL,BUATAN,RIAU,121,54152,ROYAL GOLDEN EAGLE,APRIL INTERNATIONAL ENTEPRISE PTE LTD,SINGAPORE,PORT KELANG,UNITED ARAB EMIRATES
2021,470329,ROYAL GOLDEN EAGLE,APRIL,BUATAN,RIAU,161,82193,ROYAL GOLDEN EAGLE,APRIL INTERNATIONAL ENTEPRISE PTE LTD,SINGAPORE,SINGAPORE,INDIA
2021,470329,ROYAL GOLDEN EAGLE,APRIL,BUATAN,RIAU,180,80883,ROYAL GOLDEN EAGLE,APRIL INTERNATIONAL ENTEPRISE PTE LTD,SINGAPORE,SINGAPORE,INDIA
2021,470329,ROYAL GOLDEN EAGLE,APRIL,BUATAN,RIAU,201,102519,ROYAL GOLDEN EAGLE,APRIL INTERNATIONAL ENTEPRISE PTE LTD,SINGAPORE,PORT KELANG,SAUDI ARABIA
2021,470329,ROYAL GOLDEN EAGLE,APRIL,BUATAN,RIAU,201,102557,ROYAL GOLDEN EAGLE,APRIL INTERNATIONAL ENTEPRISE PTE LTD,SINGAPORE,PORT KELANG,SAUDI ARABIA
2021,470329,ROYAL GOLDEN EAGLE,APRIL,BUATAN,RIAU,201,90141,ROYAL GOLDEN EAGLE,APRIL INTERNATIONAL ENTEPRISE PTE LTD,SINGAPORE,PORT KELANG,BANGLADESH
2021,470329,ROYAL GOLDEN EAGLE,APRIL,BUATAN,RIAU,201,90157,ROYAL GOLDEN EAGLE,APRIL FAR EAST MALAYSIA SDN BHD,MALAYSIA,SINGAPORE,CHINA (MAINLAND)
2021,470329,ROYAL GOLDEN EAGLE,APRIL,BUATAN,RIAU,201,102645,ROYAL GOLDEN EAGLE,APRIL FAR EAST MALAYSIA SDN BHD,MALAYSIA,SINGAPORE,CHINA (MAINLAND)
2021,470329,ROYAL GOLDEN EAGLE,APRIL,BUATAN,RIAU,201,102671,ROYAL GOLDEN EAGLE,APRIL INTERNATIONAL ENTEPRISE PTE LTD,SINGAPORE,PORT KELANG,SAUDI ARABIA
2021,470329,ROYAL GOLDEN EAGLE,APRIL,BUATAN,RIAU,201,90218,ROYAL GOLDEN EAGLE,APRIL INTERNATIONAL ENTEPRISE PTE LTD,SINGAPORE,PORT KELANG,BANGLADESH
2021,470329,ROYAL GOLDEN EAGLE,APRIL,BUATAN,RIAU,201,90231,ROYAL GOLDEN EAGLE,APRIL INTERNATIONAL ENTEPRISE PTE LTD,SINGAPORE,PORT KELANG,UNITED ARAB EMIRATES
2021,470329,ROYAL GOLDEN EAGLE,APRIL,BUATAN,RIAU,201,102695,ROYAL GOLDEN EAGLE,APRIL INTERNATIONAL ENTEPRISE PTE LTD,SINGAPORE,SINGAPORE,UNITED ARAB EMIRATES
2021,470329,ROYAL GOLDEN EAGLE,APRIL,BUATAN,RIAU,201,90254,ROYAL GOLDEN EAGLE,APRIL INTERNATIONAL ENTEPRISE PTE LTD,SINGAPORE,PORT KELANG,UNITED ARAB EMIRATES
2021,470329,ROYAL GOLDEN EAGLE,APRIL,BUATAN,RIAU,201,90265,ROYAL GOLDEN EAGLE,APRIL INTERNATIONAL ENTEPRISE PTE LTD,SINGAPORE,PORT KELANG,BANGLADESH
2021,470329,ROYAL GOLDEN EAGLE,APRIL,BUATAN,RIAU,201,90266,ROYAL GOLDEN EAGLE,APRIL INTERNATIONAL ENTEPRISE PTE LTD,SINGAPORE,PORT KELANG,BANGLADESH
2021,470329,ROYAL GOLDEN EAGLE,APRIL,BUATAN,RIAU,201,90269,ROYAL GOLDEN EAGLE,APRIL INTERNATIONAL ENTEPRISE PTE LTD,SINGAPORE,PORT KELANG,UNITED ARAB EMIRATES
2021,470329,ROYAL GOLDEN EAGLE,APRIL,BUATAN,RIAU,201,102734,ROYAL GOLDEN EAGLE,APRIL INTERNATIONAL ENTEPRISE PTE LTD,SINGAPORE,SINGAPORE,THAILAND
2021,470329,ROYAL GOLDEN EAGLE,APRIL,BUATAN,RIAU,201,90278,ROYAL GOLDEN EAGLE,APRIL INTERNATIONAL ENTEPRISE PTE LTD,SINGAPORE,PORT KELANG,UNITED ARAB EMIRATES
2021,470329,ROYAL GOLDEN EAGLE,APRIL,BUATAN,RIAU,201,90280,ROYAL GOLDEN EAGLE,APRIL INTERNATIONAL ENTEPRISE PTE LTD,SINGAPORE,SINGAPORE,INDIA
2021,470329,ROYAL GOLDEN EAGLE,APRIL,BUATAN,RIAU,201,90282,ROYAL GOLDEN EAGLE,APRIL INTERNATIONAL ENTEPRISE PTE LTD,SINGAPORE,SINGAPORE,BANGLADESH
2021,470329,ROYAL GOLDEN EAGLE,APRIL,BUATAN,RIAU,201,90284,ROYAL GOLDEN EAGLE,APRIL INTERNATIONAL ENTEPRISE PTE LTD,SINGAPORE,SINGAPORE,INDIA
2021,470329,ROYAL GOLDEN EAGLE,APRIL,BUATAN,RIAU,201,90287,ROYAL GOLDEN EAGLE,APRIL INTERNATIONAL ENTEPRISE PTE LTD,SINGAPORE,PORT KELANG,UNITED ARAB EMIRATES
2021,470329,ROYAL GOLDEN EAGLE,APRIL,BUATAN,RIAU,201,90287,ROYAL GOLDEN EAGLE,APRIL INTERNATIONAL ENTEPRISE PTE LTD,SINGAPORE,PORT KELANG,BANGLADESH
2021,470329,ROYAL GOLDEN EAGLE,APRIL,BUATAN,RIAU,201,90289,ROYAL GOLDEN EAGLE,APRIL INTERNATIONAL ENTEPRISE PTE LTD,SINGAPORE,SINGAPORE,BANGLADESH
2021,470329,ROYAL GOLDEN EAGLE,APRIL,BUATAN,RIAU,201,90295,ROYAL GOLDEN EAGLE,APRIL INTERNATIONAL ENTEPRISE PTE LTD,SINGAPORE,PORT KELANG,UNITED ARAB EMIRATES
2021,470329,ROYAL GOLDEN EAGLE,APRIL,BUATAN,RIAU,201,90298,ROYAL GOLDEN EAGLE,APRIL FAR EAST MALAYSIA SDN BHD,MALAYSIA,SINGAPORE,CHINA (MAINLAND)
2021,470329,ROYAL GOLDEN EAGLE,APRIL,BUATAN,RIAU,201,90317,ROYAL GOLDEN EAGLE,APRIL INTERNATIONAL ENTEPRISE PTE LTD,SINGAPORE,PORT KELANG,BANGLADESH
2021,470329,ROYAL GOLDEN EAGLE,APRIL,BUATAN,RIAU,201,102810,ROYAL GOLDEN EAGLE,APRIL INTERNATIONAL ENTEPRISE PTE LTD,SINGAPORE,SINGAPORE,THAILAND
2021,470329,ROYAL GOLDEN EAGLE,APRIL,BUATAN,RIAU,201,90340,ROYAL GOLDEN EAGLE,APRIL INTERNATIONAL ENTEPRISE PTE LTD,SINGAPORE,PORT KELANG,BANGLADESH
2021,470329,ROYAL GOLDEN EAGLE,APRIL,BUATAN,RIAU,241,108374,ROYAL GOLDEN EAGLE,APRIL INTERNATIONAL ENTEPRISE PTE LTD,SINGAPORE,PORT KELANG,PAKISTAN
2021,470329,ROYAL GOLDEN EAGLE,APRIL,BUATAN,RIAU,241,108432,ROYAL GOLDEN EAGLE,APRIL INTERNATIONAL ENTEPRISE PTE LTD,SINGAPORE,PORT KELANG,BANGLADESH
2021,470329,ROYAL GOLDEN EAGLE,APRIL,BUATAN,RIAU,261,117306,ROYAL GOLDEN EAGLE,APRIL INTERNATIONAL ENTEPRISE PTE LTD,SINGAPORE,PORT KELANG,PAKISTAN
2021,470329,ROYAL GOLDEN EAGLE,APRIL,BUATAN,RIAU,261,117311,ROYAL GOLDEN EAGLE,APRIL INTERNATIONAL ENTEPRISE PTE LTD,SINGAPORE,PORT KELANG,BANGLADESH
2021,470329,ROYAL GOLDEN EAGLE,APRIL,BUATAN,RIAU,301,135310,ROYAL GOLDEN EAGLE,APRIL INTERNATIONAL ENTEPRISE PTE LTD,SINGAPORE,PORT KELANG,BANGLADESH
2021,470329,ROYAL GOLDEN EAGLE,APRIL,BUATAN,RIAU,302,154066,ROYAL GOLDEN EAGLE,APRIL INTERNATIONAL ENTEPRISE PTE LTD,SINGAPORE,PORT KELANG,SAUDI ARABIA
2021,470329,ROYAL GOLDEN EAGLE,APRIL,BUATAN,RIAU,362,184837,ROYAL GOLDEN EAGLE,APRIL INTERNATIONAL ENTEPRISE PTE LTD,SINGAPORE,SINGAPORE,VIETNAM
2021,470329,ROYAL GOLDEN EAGLE,APRIL,BUATAN,RIAU,500,224648,ROYAL GOLDEN EAGLE,APRIL FAR EAST MALAYSIA SDN BHD,MALAYSIA,SINGAPORE,CHINA (MAINLAND)
2021,470329,ROYAL GOLDEN EAGLE,APRIL,BUATAN,RIAU,500,224724,ROYAL GOLDEN EAGLE,APRIL FAR EAST MALAYSIA SDN BHD,MALAYSIA,SINGAPORE,CHINA (MAINLAND)
2021,470329,ROYAL GOLDEN EAGLE,APRIL,BUATAN,RIAU,501,224833,ROYAL GOLDEN EAGLE,APRIL FAR EAST MALAYSIA SDN BHD,MALAYSIA,SINGAPORE,CHINA (MAINLAND)
2021,470329,ROYAL GOLDEN EAGLE,APRIL,BUATAN,RIAU,501,224930,ROYAL GOLDEN EAGLE,APRIL FAR EAST MALAYSIA SDN BHD,MALAYSIA,SINGAPORE,CHINA (MAINLAND)
2021,470329,ROYAL GOLDEN EAGLE,APRIL,BUATAN,RIAU,502,225446,ROYAL GOLDEN EAGLE,APRIL INTERNATIONAL ENTEPRISE PTE LTD,SINGAPORE,SINGAPORE,VIETNAM
2021,470329,ROYAL GOLDEN EAGLE,APRIL,BUATAN,RIAU,502,225475,ROYAL GOLDEN EAGLE,APRIL INTERNATIONAL ENTEPRISE PTE LTD,SINGAPORE,SINGAPORE,VIETNAM
2021,470329,ROYAL GOLDEN EAGLE,APRIL,BUATAN,RIAU,502,225605,ROYAL GOLDEN EAGLE,APRIL INTERNATIONAL ENTEPRISE PTE LTD,SINGAPORE,SINGAPORE,PAKISTAN
2021,470329,ROYAL GOLDEN EAGLE,APRIL,BUATAN,RIAU,503,225639,ROYAL GOLDEN EAGLE,APRIL INTERNATIONAL ENTEPRISE PTE LTD,SINGAPORE,SINGAPORE,BANGLADESH
2021,470329,ROYAL GOLDEN EAGLE,APRIL,BUATAN,RIAU,503,257025,ROYAL GOLDEN EAGLE,APRIL FAR EAST MALAYSIA SDN BHD,MALAYSIA,SINGAPORE,CHINA (MAINLAND)
2021,470329,ROYAL GOLDEN EAGLE,APRIL,BUATAN,RIAU,1004,450878,ROYAL GOLDEN EAGLE,APRIL FAR EAST MALAYSIA SDN BHD,MALAYSIA,SINGAPORE,CHINA (MAINLAND)
2021,470329,ROYAL GOLDEN EAGLE,APRIL,BUATAN,RIAU,1005,451294,ROYAL GOLDEN EAGLE,APRIL FAR EAST MALAYSIA SDN BHD,MALAYSIA,SINGAPORE,CHINA (MAINLAND)
2021,470329,ROYAL GOLDEN EAGLE,APRIL,UNKNOWN,RIAU,512,229993,ROYAL GOLDEN EAGLE,APRIL FAR EAST MALAYSIA SDN BHD,MALAYSIA,PYEONGTAEK,SOUTH KOREA
2021,470329,ROYAL GOLDEN EAGLE,APRIL,UNKNOWN,RIAU,805,361249,ROYAL GOLDEN EAGLE,APRIL INTERNATIONAL ENTEPRISE PTE LTD,SINGAPORE,TANJUNG PELEPAS,BANGLADESH
2021,470329,ROYAL GOLDEN EAGLE,APRIL,UNKNOWN,RIAU,1005,451137,ROYAL GOLDEN EAGLE,APRIL INTERNATIONAL ENTEPRISE PTE LTD,SINGAPORE,TANJUNG PELEPAS,VIETNAM
2021,470329,ROYAL GOLDEN EAGLE,APRIL,UNKNOWN,RIAU,2101,943314,ROYAL GOLDEN EAGLE,APRIL FAR EAST MALAYSIA SDN BHD,MALAYSIA,PYEONGTAEK,SOUTH KOREA
2021,470329,ROYAL GOLDEN EAGLE,APRIL,UNKNOWN,RIAU,2413,1083497,ROYAL GOLDEN EAGLE,APRIL FAR EAST MALAYSIA SDN BHD,MALAYSIA,GUNSAN,SOUTH KOREA
2021,470329,ROYAL GOLDEN EAGLE,APRIL,UNKNOWN,RIAU,4020,1804760,ROYAL GOLDEN EAGLE,APRIL FAR EAST MALAYSIA SDN BHD,MALAYSIA,NINGBO,CHINA (MAINLAND)
2021,470329,SINAR MAS,OKI,SULTAN MAHMUD BADARUDDIN (U),SUMATERA SELATAN,64,29232,SINAR MAS,KING PAPER SOURCE TRADING (SHANGHAI) CO LTD,CHINA (MAINLAND),SINGAPORE,CHINA (MAINLAND)
2021,470329,SINAR MAS,OKI,SULTAN MAHMUD BADARUDDIN (U),SUMATERA SELATAN,500,241500,EMAMI,EMAMI PAPER MILLS LTD,INDIA,HALDIA,INDIA
2021,470329,SINAR MAS,OKI,SULTAN MAHMUD BADARUDDIN (U),SUMATERA SELATAN,790,515870,SINAR MAS,JIANGSU BOHUI PAPER INDUSTRY CO LTD.,CHINA (MAINLAND),CHANGSHU,CHINA (MAINLAND)
2021,470329,SINAR MAS,OKI,SULTAN MAHMUD BADARUDDIN (U),SUMATERA SELATAN,1000,483000,EMAMI,EMAMI PAPER MILLS LTD,INDIA,HALDIA,INDIA
2021,470329,SINAR MAS,OKI,SULTAN MAHMUD BADARUDDIN (U),SUMATERA SELATAN,1020,604860,SINAR MAS,KING PAPER SOURCE TRADING (SHANGHAI) CO LTD,CHINA (MAINLAND),NINGBO,CHINA (MAINLAND)
2021,470329,SINAR MAS,OKI,SULTAN MAHMUD BADARUDDIN (U),SUMATERA SELATAN,1290,828180,SINAR MAS,JIANGSU BOHUI PAPER INDUSTRY CO LTD.,CHINA (MAINLAND),CHANGSHU,CHINA (MAINLAND)
2021,470329,SINAR MAS,OKI,SULTAN MAHMUD BADARUDDIN (U),SUMATERA SELATAN,1300,835900,EMAMI,EMAMI PAPER MILLS LTD,INDIA,HALDIA,INDIA
2021,470329,SINAR MAS,OKI,SULTAN MAHMUD BADARUDDIN (U),SUMATERA SELATAN,1390,754770,SINAR MAS,JIANGSU BOHUI PAPER INDUSTRY CO LTD.,CHINA (MAINLAND),CHANGSHU,CHINA (MAINLAND)
2021,470329,SINAR MAS,OKI,SULTAN MAHMUD BADARUDDIN (U),SUMATERA SELATAN,1480,892440,SINAR MAS,KING PAPER SOURCE TRADING (SHANGHAI) CO LTD,CHINA (MAINLAND),NINGBO,CHINA (MAINLAND)
2021,470329,SINAR MAS,OKI,SULTAN MAHMUD BADARUDDIN (U),SUMATERA SELATAN,1500,966000,SINAR MAS,KING PAPER SOURCE TRADING (SHANGHAI) CO LTD,CHINA (MAINLAND),CHANGSHU,CHINA (MAINLAND)
2021,470329,SINAR MAS,OKI,SULTAN MAHMUD BADARUDDIN (U),SUMATERA SELATAN,1700,1093100,EMAMI,EMAMI PAPER MILLS LTD,INDIA,HALDIA,INDIA
2021,470329,SINAR MAS,OKI,SULTAN MAHMUD BADARUDDIN (U),SUMATERA SELATAN,1900,917700,EMAMI,EMAMI PAPER MILLS LTD,INDIA,HALDIA,INDIA
2021,470329,SINAR MAS,OKI,SULTAN MAHMUD BADARUDDIN (U),SUMATERA SELATAN,1980,1174140,SINAR MAS,KING PAPER SOURCE TRADING (SHANGHAI) CO LTD,CHINA (MAINLAND),NINGBO,CHINA (MAINLAND)
2021,470329,SINAR MAS,OKI,SULTAN MAHMUD BADARUDDIN (U),SUMATERA SELATAN,2000,1068000,SINAR MAS,KING PAPER SOURCE TRADING (SHANGHAI) CO LTD,CHINA (MAINLAND),CHANGSHU,CHINA (MAINLAND)
2021,470329,SINAR MAS,OKI,SULTAN MAHMUD BADARUDDIN (U),SUMATERA SELATAN,2500,1482500,SINAR MAS,KING PAPER SOURCE TRADING (SHANGHAI) CO LTD,CHINA (MAINLAND),NINGBO,CHINA (MAINLAND)
2021,470329,SINAR MAS,OKI,SULTAN MAHMUD BADARUDDIN (U),SUMATERA SELATAN,2620,1258910,SINAR MAS,KING PAPER SOURCE TRADING (SHANGHAI) CO LTD,CHINA (MAINLAND),QINZHOU,CHINA (MAINLAND)
2021,470329,SINAR MAS,OKI,SULTAN MAHMUD BADARUDDIN (U),SUMATERA SELATAN,3000,1779000,SINAR MAS,KING PAPER SOURCE TRADING (SHANGHAI) CO LTD,CHINA (MAINLAND),NINGBO,CHINA (MAINLAND)
2021,470329,SINAR MAS,OKI,SULTAN MAHMUD BADARUDDIN (U),SUMATERA SELATAN,3500,2250500,EMAMI,EMAMI PAPER MILLS LTD,INDIA,HALDIA,INDIA
2021,470329,SINAR MAS,OKI,SULTAN MAHMUD BADARUDDIN (U),SUMATERA SELATAN,3600,1738800,EMAMI,EMAMI PAPER MILLS LTD,INDIA,HALDIA,INDIA
2021,470329,SINAR MAS,OKI,SULTAN MAHMUD BADARUDDIN (U),SUMATERA SELATAN,3710,2422630,SINAR MAS,JIANGSU BOHUI PAPER INDUSTRY CO LTD.,CHINA (MAINLAND),CHANGSHU,CHINA (MAINLAND)
2021,470329,SINAR MAS,OKI,SULTAN MAHMUD BADARUDDIN (U),SUMATERA SELATAN,4000,2572000,ITTIHAD PAPER MILL,CROWN PAPER MILLS LTD,UNITED ARAB EMIRATES,ABU DHABI,UNITED ARAB EMIRATES
2021,470329,SINAR MAS,OKI,SULTAN MAHMUD BADARUDDIN (U),SUMATERA SELATAN,4100,2630150,SINAR MAS,SHANDONG BOHUI PAPER INDUSTRY CO LTD,CHINA (MAINLAND),QINGDAO,CHINA (MAINLAND)
2021,470329,SINAR MAS,OKI,SULTAN MAHMUD BADARUDDIN (U),SUMATERA SELATAN,4210,2702820,SINAR MAS,JIANGSU BOHUI PAPER INDUSTRY CO LTD.,CHINA (MAINLAND),CHANGSHU,CHINA (MAINLAND)
2021,470329,SINAR MAS,OKI,SULTAN MAHMUD BADARUDDIN (U),SUMATERA SELATAN,4380,2104590,SINAR MAS,KING PAPER SOURCE TRADING (SHANGHAI) CO LTD,CHINA (MAINLAND),QINZHOU,CHINA (MAINLAND)
2021,470329,SINAR MAS,OKI,SULTAN MAHMUD BADARUDDIN (U),SUMATERA SELATAN,5000,3210000,SINAR MAS,JIANGSU BOHUI PAPER INDUSTRY CO LTD.,CHINA (MAINLAND),CHANGSHU,CHINA (MAINLAND)
2021,470329,SINAR MAS,OKI,SULTAN MAHMUD BADARUDDIN (U),SUMATERA SELATAN,6000,3564000,SINAR MAS,KING PAPER SOURCE TRADING (SHANGHAI) CO LTD,CHINA (MAINLAND),CHANGSHU,CHINA (MAINLAND)
2021,470329,SINAR MAS,OKI,SULTAN MAHMUD BADARUDDIN (U),SUMATERA SELATAN,6200,3667300,SINAR MAS,SHANDONG BOHUI PAPER INDUSTRY CO LTD,CHINA (MAINLAND),QINGDAO,CHINA (MAINLAND)
2021,470329,SINAR MAS,OKI,SULTAN MAHMUD BADARUDDIN (U),SUMATERA SELATAN,6700,3584500,SINAR MAS,SHANDONG BOHUI PAPER INDUSTRY CO LTD,CHINA (MAINLAND),QINGDAO,CHINA (MAINLAND)
2021,470329,SINAR MAS,OKI,SULTAN MAHMUD BADARUDDIN (U),SUMATERA SELATAN,8000,4744000,MEGHNA GROUP OF INDUSTRIES,MEGHNA PULP AND PAPER MILLS LTD,BANGLADESH,CHITTAGONG,BANGLADESH
2021,470329,SINAR MAS,OKI,SULTAN MAHMUD BADARUDDIN (U),SUMATERA SELATAN,8610,4605317,SINAR MAS,JIANGSU BOHUI PAPER INDUSTRY CO LTD.,CHINA (MAINLAND),CHANGSHU,CHINA (MAINLAND)
2021,470329,SINAR MAS,OKI,SULTAN MAHMUD BADARUDDIN (U),SUMATERA SELATAN,8800,5236000,SINAR MAS,SHANDONG BOHUI PAPER INDUSTRY CO LTD,CHINA (MAINLAND),QINGDAO,CHINA (MAINLAND)
2021,470329,SINAR MAS,OKI,SULTAN MAHMUD BADARUDDIN (U),SUMATERA SELATAN,9390,6055423,SINAR MAS,KING PAPER SOURCE TRADING (SHANGHAI) CO LTD,CHINA (MAINLAND),SHANGHAI,CHINA (MAINLAND)
2021,470329,SINAR MAS,OKI,SULTAN MAHMUD BADARUDDIN (U),SUMATERA SELATAN,10000,5950000,SINAR MAS,SHANDONG BOHUI PAPER INDUSTRY CO LTD,CHINA (MAINLAND),QINGDAO,CHINA (MAINLAND)
2021,470329,SINAR MAS,LONTAR PAPYRUS,KUALA TUNGKAL,JAMBI,300,183390,UNKNOWN AFFILIATION,ALL YEAR HOME PRODUCTS INC,PHILIPPINES,MANILA NORTH HARBOUR,PHILIPPINES
2021,470329,SINAR MAS,LONTAR PAPYRUS,KUALA TUNGKAL,JAMBI,1002,591529,SINAR MAS,KING PAPER SOURCE TRADING (SHANGHAI) CO LTD,CHINA (MAINLAND),DALIAN,CHINA (MAINLAND)
2021,470329,SINAR MAS,LONTAR PAPYRUS,KUALA TUNGKAL,JAMBI,1004,593287,SINAR MAS,KING PAPER SOURCE TRADING (SHANGHAI) CO LTD,CHINA (MAINLAND),DALIAN,CHINA (MAINLAND)
2021,470329,MARUBENI,TANJUNG ENIM LESTARI,PANJANG,SUMATERA SELATAN,104,65200,MARUBENI,MARUBENI CORP,JAPAN,JAWAHARLAL NEHRU (NHAVA SHEVA),INDIA
2021,470329,MARUBENI,TANJUNG ENIM LESTARI,PANJANG,SUMATERA SELATAN,210,145593,MARUBENI,MARUBENI CORP,JAPAN,CHONGQING,CHINA (MAINLAND)
2021,470329,MARUBENI,TANJUNG ENIM LESTARI,PANJANG,SUMATERA SELATAN,287,204296,MARUBENI,MARUBENI CORP,JAPAN,TOMAKOMAI,JAPAN
2021,470329,MARUBENI,TANJUNG ENIM LESTARI,PANJANG,SUMATERA SELATAN,313,211851,MARUBENI,MARUBENI CORP,JAPAN,WUHAN,CHINA (MAINLAND)
2021,470329,MARUBENI,TANJUNG ENIM LESTARI,PANJANG,SUMATERA SELATAN,316,226468,MARUBENI,MARUBENI CORP,JAPAN,PENANG (GEORGETOWN),MALAYSIA
2021,470329,MARUBENI,TANJUNG ENIM LESTARI,PANJANG,SUMATERA SELATAN,419,283979,MARUBENI,MARUBENI CORP,JAPAN,WUHAN,CHINA (MAINLAND)
2021,470329,MARUBENI,TANJUNG ENIM LESTARI,PANJANG,SUMATERA SELATAN,523,350487,MARUBENI,MARUBENI CORP,JAPAN,WUHAN,CHINA (MAINLAND)
2021,470329,MARUBENI,TANJUNG ENIM LESTARI,PANJANG,SUMATERA SELATAN,526,355889,MARUBENI,MARUBENI CORP,JAPAN,WUHAN,CHINA (MAINLAND)
2021,470329,MARUBENI,TANJUNG ENIM LESTARI,PANJANG,SUMATERA SELATAN,527,352863,MARUBENI,MARUBENI CORP,JAPAN,WUHAN,CHINA (MAINLAND)
2021,470329,MARUBENI,TANJUNG ENIM LESTARI,PANJANG,SUMATERA SELATAN,531,355311,MARUBENI,MARUBENI CORP,JAPAN,WUHAN,CHINA (MAINLAND)
2021,470329,MARUBENI,TANJUNG ENIM LESTARI,PANJANG,SUMATERA SELATAN,736,525061,MARUBENI,MARUBENI CORP,JAPAN,KEELUNG (CHILUNG),TAIWAN
2021,470329,MARUBENI,TANJUNG ENIM LESTARI,TANJUNG PRIOK,SUMATERA SELATAN,104,72216,MARUBENI,MARUBENI CORP,JAPAN,JAWAHARLAL NEHRU (NHAVA SHEVA),INDIA
2021,470329,MARUBENI,TANJUNG ENIM LESTARI,TANJUNG PRIOK,SUMATERA SELATAN,104,68741,MARUBENI,MARUBENI CORP,JAPAN,JAWAHARLAL NEHRU (NHAVA SHEVA),INDIA
2021,470329,MARUBENI,TANJUNG ENIM LESTARI,TANJUNG PRIOK,SUMATERA SELATAN,105,68583,MARUBENI,MARUBENI CORP,JAPAN,PIPAVAV (VICTOR) PORT,INDIA
2021,470329,MARUBENI,TANJUNG ENIM LESTARI,TANJUNG PRIOK,SUMATERA SELATAN,106,73760,MARUBENI,MARUBENI CORP,JAPAN,PIPAVAV (VICTOR) PORT,INDIA
2021,470329,MARUBENI,TANJUNG ENIM LESTARI,TANJUNG PRIOK,SUMATERA SELATAN,106,74221,MARUBENI,MARUBENI CORP,JAPAN,PIPAVAV (VICTOR) PORT,INDIA
2021,470329,MARUBENI,TANJUNG ENIM LESTARI,TANJUNG PRIOK,SUMATERA SELATAN,107,71268,MARUBENI,MARUBENI CORP,JAPAN,PENANG (GEORGETOWN),MALAYSIA
2021,470329,MARUBENI,TANJUNG ENIM LESTARI,TANJUNG PRIOK,SUMATERA SELATAN,148,104208,MARUBENI,MARUBENI CORP,JAPAN,WESTPORT/PORT KLANG,MALAYSIA
2021,470329,MARUBENI,TANJUNG ENIM LESTARI,TANJUNG PRIOK,SUMATERA SELATAN,208,136606,MARUBENI,MARUBENI CORP,JAPAN,LAEM CHABANG,THAILAND
2021,470329,MARUBENI,TANJUNG ENIM LESTARI,TANJUNG PRIOK,SUMATERA SELATAN,209,141411,MARUBENI,MARUBENI CORP,JAPAN,CAT LAI,VIETNAM
2021,470329,MARUBENI,TANJUNG ENIM LESTARI,TANJUNG PRIOK,SUMATERA SELATAN,212,139794,MARUBENI,MARUBENI CORP,JAPAN,WUHAN,CHINA (MAINLAND)
2021,470329,MARUBENI,TANJUNG ENIM LESTARI,TANJUNG PRIOK,SUMATERA SELATAN,254,170977,MARUBENI,MARUBENI CORP,JAPAN,NINGBO,CHINA (MAINLAND)
2021,470329,MARUBENI,TANJUNG ENIM LESTARI,TANJUNG PRIOK,SUMATERA SELATAN,290,206475,MARUBENI,MARUBENI CORP,JAPAN,TOMAKOMAI,JAPAN
2021,470329,MARUBENI,TANJUNG ENIM LESTARI,TANJUNG PRIOK,SUMATERA SELATAN,317,215856,MARUBENI,MARUBENI CORP,JAPAN,CAT LAI,VIETNAM
2021,470329,MARUBENI,TANJUNG ENIM LESTARI,TANJUNG PRIOK,SUMATERA SELATAN,317,212595,MARUBENI,MARUBENI CORP,JAPAN,CHONGQING,CHINA (MAINLAND)
2021,470329,MARUBENI,TANJUNG ENIM LESTARI,TANJUNG PRIOK,SUMATERA SELATAN,401,285777,MARUBENI,MARUBENI CORP,JAPAN,TOMAKOMAI,JAPAN
2021,470329,MARUBENI,TANJUNG ENIM LESTARI,TANJUNG PRIOK,SUMATERA SELATAN,422,300792,MARUBENI,MARUBENI CORP,JAPAN,TOMAKOMAI,JAPAN
2021,470329,MARUBENI,TANJUNG ENIM LESTARI,TANJUNG PRIOK,SUMATERA SELATAN,521,351827,MARUBENI,MARUBENI CORP,JAPAN,XINHUI,CHINA (MAINLAND)
2021,470329,MARUBENI,TANJUNG ENIM LESTARI,TANJUNG PRIOK,SUMATERA SELATAN,523,351683,MARUBENI,MARUBENI CORP,JAPAN,NINGBO,CHINA (MAINLAND)
2021,470329,MARUBENI,TANJUNG ENIM LESTARI,TANJUNG PRIOK,SUMATERA SELATAN,523,353265,MARUBENI,MARUBENI CORP,JAPAN,XINHUI,CHINA (MAINLAND)
2021,470329,MARUBENI,TANJUNG ENIM LESTARI,TANJUNG PRIOK,SUMATERA SELATAN,524,353639,MARUBENI,MARUBENI CORP,JAPAN,XINHUI,CHINA (MAINLAND)
2021,470329,MARUBENI,TANJUNG ENIM LESTARI,TANJUNG PRIOK,SUMATERA SELATAN,525,353025,MARUBENI,MARUBENI CORP,JAPAN,NINGBO,CHINA (MAINLAND)
2021,470329,MARUBENI,TANJUNG ENIM LESTARI,TANJUNG PRIOK,SUMATERA SELATAN,525,353076,MARUBENI,MARUBENI CORP,JAPAN,NINGBO,CHINA (MAINLAND)
2021,470329,MARUBENI,TANJUNG ENIM LESTARI,TANJUNG PRIOK,SUMATERA SELATAN,526,351121,MARUBENI,MARUBENI CORP,JAPAN,CHONGQING,CHINA (MAINLAND)
2021,470329,MARUBENI,TANJUNG ENIM LESTARI,TANJUNG PRIOK,SUMATERA SELATAN,526,354141,MARUBENI,MARUBENI CORP,JAPAN,NINGBO,CHINA (MAINLAND)
2021,470329,MARUBENI,TANJUNG ENIM LESTARI,TANJUNG PRIOK,SUMATERA SELATAN,527,355553,MARUBENI,MARUBENI CORP,JAPAN,XINHUI,CHINA (MAINLAND)
2021,470329,MARUBENI,TANJUNG ENIM LESTARI,TANJUNG PRIOK,SUMATERA SELATAN,843,576858,MARUBENI,MARUBENI CORP,JAPAN,LAT KRABANG,THAILAND
2021,470329,MARUBENI,TANJUNG ENIM LESTARI,TARAHAN,SUMATERA SELATAN,217,140120,MARUBENI,MARUBENI CORP,JAPAN,QINGDAO,CHINA (MAINLAND)
2021,470329,MARUBENI,TANJUNG ENIM LESTARI,TARAHAN,SUMATERA SELATAN,327,173604,MARUBENI,MARUBENI CORP,JAPAN,QINGDAO,CHINA (MAINLAND)
2021,470329,MARUBENI,TANJUNG ENIM LESTARI,TARAHAN,SUMATERA SELATAN,547,290302,MARUBENI,MARUBENI CORP,JAPAN,QINGDAO,CHINA (MAINLAND)
2021,470329,MARUBENI,TANJUNG ENIM LESTARI,TARAHAN,SUMATERA SELATAN,549,355374,MARUBENI,MARUBENI CORP,JAPAN,QINGDAO,CHINA (MAINLAND)
2021,470329,MARUBENI,TANJUNG ENIM LESTARI,TARAHAN,SUMATERA SELATAN,798,538503,MARUBENI,MARUBENI CORP,JAPAN,QINGDAO,CHINA (MAINLAND)
2021,470329,MARUBENI,TANJUNG ENIM LESTARI,TARAHAN,SUMATERA SELATAN,1099,709778,MARUBENI,MARUBENI CORP,JAPAN,QINGDAO,CHINA (MAINLAND)
2021,470329,MARUBENI,TANJUNG ENIM LESTARI,TARAHAN,SUMATERA SELATAN,1648,1065918,MARUBENI,MARUBENI CORP,JAPAN,QINGDAO,CHINA (MAINLAND)
2021,470329,MARUBENI,TANJUNG ENIM LESTARI,TARAHAN,SUMATERA SELATAN,2191,1416710,MARUBENI,MARUBENI CORP,JAPAN,QINGDAO,CHINA (MAINLAND)
2021,470329,MARUBENI,TANJUNG ENIM LESTARI,TARAHAN,SUMATERA SELATAN,2193,1418136,MARUBENI,MARUBENI CORP,JAPAN,QINGDAO,CHINA (MAINLAND)
2021,470329,MARUBENI,TANJUNG ENIM LESTARI,TARAHAN,SUMATERA SELATAN,2193,1418529,MARUBENI,MARUBENI CORP,JAPAN,QINGDAO,CHINA (MAINLAND)
2021,470329,MARUBENI,TANJUNG ENIM LESTARI,TARAHAN,SUMATERA SELATAN,2196,1420238,MARUBENI,MARUBENI CORP,JAPAN,QINGDAO,CHINA (MAINLAND)
2021,470200,ROYAL GOLDEN EAGLE,TOBA PULP LESTARI,BELAWAN,SUMATERA UTARA,193,179028,UNKNOWN AFFILIATION,GREENPOINT GLOBAL TRADING (MACAO COMMERCIAL OFFSHORE) LTD,MACAO,QINGDAO,CHINA (MAINLAND)
2021,470200,ROYAL GOLDEN EAGLE,TOBA PULP LESTARI,BELAWAN,SUMATERA UTARA,251,221392,UNKNOWN AFFILIATION,GREENPOINT GLOBAL TRADING (MACAO COMMERCIAL OFFSHORE) LTD,MACAO,QINGDAO,CHINA (MAINLAND)
2021,470200,ROYAL GOLDEN EAGLE,TOBA PULP LESTARI,BELAWAN,SUMATERA UTARA,251,221496,UNKNOWN AFFILIATION,GREENPOINT GLOBAL TRADING (MACAO COMMERCIAL OFFSHORE) LTD,MACAO,QINGDAO,CHINA (MAINLAND)
2021,470200,ROYAL GOLDEN EAGLE,TOBA PULP LESTARI,BELAWAN,SUMATERA UTARA,308,285624,UNKNOWN AFFILIATION,GREENPOINT GLOBAL TRADING (MACAO COMMERCIAL OFFSHORE) LTD,MACAO,QINGDAO,CHINA (MAINLAND)
2021,470200,ROYAL GOLDEN EAGLE,TOBA PULP LESTARI,BELAWAN,SUMATERA UTARA,309,272103,UNKNOWN AFFILIATION,GREENPOINT GLOBAL TRADING (MACAO COMMERCIAL OFFSHORE) LTD,MACAO,QINGDAO,CHINA (MAINLAND)
2021,470200,ROYAL GOLDEN EAGLE,TOBA PULP LESTARI,BELAWAN,SUMATERA UTARA,309,272550,UNKNOWN AFFILIATION,GREENPOINT GLOBAL TRADING (MACAO COMMERCIAL OFFSHORE) LTD,MACAO,QINGDAO,CHINA (MAINLAND)
2021,470200,ROYAL GOLDEN EAGLE,TOBA PULP LESTARI,BELAWAN,SUMATERA UTARA,386,340536,UNKNOWN AFFILIATION,GREENPOINT GLOBAL TRADING (MACAO COMMERCIAL OFFSHORE) LTD,MACAO,QINGDAO,CHINA (MAINLAND)
2021,470200,ROYAL GOLDEN EAGLE,TOBA PULP LESTARI,BELAWAN,SUMATERA UTARA,500,463189,UNKNOWN AFFILIATION,GREENPOINT GLOBAL TRADING (MACAO COMMERCIAL OFFSHORE) LTD,MACAO,QINGDAO,CHINA (MAINLAND)
2021,470200,ROYAL GOLDEN EAGLE,TOBA PULP LESTARI,BELAWAN,SUMATERA UTARA,500,463814,UNKNOWN AFFILIATION,GREENPOINT GLOBAL TRADING (MACAO COMMERCIAL OFFSHORE) LTD,MACAO,QINGDAO,CHINA (MAINLAND)
2021,470200,ROYAL GOLDEN EAGLE,TOBA PULP LESTARI,BELAWAN,SUMATERA UTARA,501,464394,UNKNOWN AFFILIATION,GREENPOINT GLOBAL TRADING (MACAO COMMERCIAL OFFSHORE) LTD,MACAO,QINGDAO,CHINA (MAINLAND)
2021,470200,ROYAL GOLDEN EAGLE,TOBA PULP LESTARI,BELAWAN,SUMATERA UTARA,501,464434,UNKNOWN AFFILIATION,GREENPOINT GLOBAL TRADING (MACAO COMMERCIAL OFFSHORE) LTD,MACAO,QINGDAO,CHINA (MAINLAND)
2021,470200,ROYAL GOLDEN EAGLE,TOBA PULP LESTARI,BELAWAN,SUMATERA UTARA,501,442022,UNKNOWN AFFILIATION,GREENPOINT GLOBAL TRADING (MACAO COMMERCIAL OFFSHORE) LTD,MACAO,QINGDAO,CHINA (MAINLAND)
2021,470200,ROYAL GOLDEN EAGLE,TOBA PULP LESTARI,BELAWAN,SUMATERA UTARA,502,465352,UNKNOWN AFFILIATION,GREENPOINT GLOBAL TRADING (MACAO COMMERCIAL OFFSHORE) LTD,MACAO,QINGDAO,CHINA (MAINLAND)
2021,470200,ROYAL GOLDEN EAGLE,TOBA PULP LESTARI,BELAWAN,SUMATERA UTARA,1002,884164,UNKNOWN AFFILIATION,GREENPOINT GLOBAL TRADING (MACAO COMMERCIAL OFFSHORE) LTD,MACAO,QINGDAO,CHINA (MAINLAND)
2021,470200,ROYAL GOLDEN EAGLE,TOBA PULP LESTARI,BELAWAN,SUMATERA UTARA,1004,931027,UNKNOWN AFFILIATION,GREENPOINT GLOBAL TRADING (MACAO COMMERCIAL OFFSHORE) LTD,MACAO,QINGDAO,CHINA (MAINLAND)
2021,470329,SINAR MAS,INDAH KIAT,PERAWANG,RIAU,100,64494,LAKSON,CENTURY PAPER AND BOARD MILLS LTD,PAKISTAN,KARACHI,PAKISTAN
2021,470329,SINAR MAS,INDAH KIAT,PERAWANG,RIAU,140,91602,UNKNOWN AFFILIATION,MEDITERRANEAN PAPER CO,EGYPT,EL ISKANDARIYA (=ALEXANDRIA),EGYPT
2021,470329,SINAR MAS,INDAH KIAT,PERAWANG,RIAU,220,143118,CREATIVE,CREATIVE PAPER MILLS LTD,BANGLADESH,CHITTAGONG,BANGLADESH
2021,470329,SINAR MAS,INDAH KIAT,PERAWANG,RIAU,242,157429,CREATIVE,CREATIVE PAPER MILLS LTD,BANGLADESH,CHITTAGONG,BANGLADESH
2021,470329,SINAR MAS,INDAH KIAT,PERAWANG,RIAU,260,174688,UNKNOWN AFFILIATION,LINH AN TISSUE CO LTD,VIETNAM,HAIPHONG,VIETNAM
2021,470329,SINAR MAS,INDAH KIAT,PERAWANG,RIAU,380,253947,GULF PAPER,GULF PAPER MANUFACTURING CO KSC,KUWAIT,SHUAIBA,KUWAIT
2021,470329,SINAR MAS,INDAH KIAT,PERAWANG,RIAU,500,327678,SINAR MAS,KING PAPER SOURCE TRADING (SHANGHAI) CO LTD,CHINA (MAINLAND),DALIAN,CHINA (MAINLAND)
2021,470329,SINAR MAS,INDAH KIAT,PERAWANG,RIAU,520,340785,SINAR MAS,KING PAPER SOURCE TRADING (SHANGHAI) CO LTD,CHINA (MAINLAND),DALIAN,CHINA (MAINLAND)
2021,470329,SINAR MAS,INDAH KIAT,PERAWANG,RIAU,1000,655355,SINAR MAS,KING PAPER SOURCE TRADING (SHANGHAI) CO LTD,CHINA (MAINLAND),DALIAN,CHINA (MAINLAND)
2021,470329,SINAR MAS,INDAH KIAT,SUNGAI PAKNING,RIAU,646,412148,SINAR MAS,KING PAPER SOURCE TRADING (SHANGHAI) CO LTD,CHINA (MAINLAND),QINZHOU,CHINA (MAINLAND)
2021,470329,SINAR MAS,INDAH KIAT,SUNGAI PAKNING,RIAU,1000,650000,IMEXCO BACGIANG,BAC GIANG IMPORT EXPORT JOINT STOCK CO,VIETNAM,HAIPHONG,VIETNAM
2021,470329,SINAR MAS,INDAH KIAT,SUNGAI PAKNING,RIAU,1090,694875,SINAR MAS,KING PAPER SOURCE TRADING (SHANGHAI) CO LTD,CHINA (MAINLAND),DAGANG,CHINA (MAINLAND)
2021,470329,SINAR MAS,INDAH KIAT,SUNGAI PAKNING,RIAU,1200,780000,UNKNOWN AFFILIATION,VIETNAM PAPER CORP (VINAPACO),VIETNAM,HAIPHONG,VIETNAM
2021,470329,SINAR MAS,INDAH KIAT,SUNGAI PAKNING,RIAU,1300,744900,SINAR MAS,KING PAPER SOURCE TRADING (SHANGHAI) CO LTD,CHINA (MAINLAND),DAGANG,CHINA (MAINLAND)
2021,470329,SINAR MAS,INDAH KIAT,SUNGAI PAKNING,RIAU,1500,859500,SINAR MAS,KING PAPER SOURCE TRADING (SHANGHAI) CO LTD,CHINA (MAINLAND),DAGANG,CHINA (MAINLAND)
2021,470329,SINAR MAS,INDAH KIAT,SUNGAI PAKNING,RIAU,1854,978912,SINAR MAS,KING PAPER SOURCE TRADING (SHANGHAI) CO LTD,CHINA (MAINLAND),QINZHOU,CHINA (MAINLAND)
2021,470329,SINAR MAS,INDAH KIAT,SUNGAI PAKNING,RIAU,1910,1189930,SINAR MAS,KING PAPER SOURCE TRADING (SHANGHAI) CO LTD,CHINA (MAINLAND),DAGANG,CHINA (MAINLAND)
2021,470329,SINAR MAS,INDAH KIAT,SUNGAI PAKNING,RIAU,2000,1300000,IMEXCO BACGIANG,BAC GIANG IMPORT EXPORT JOINT STOCK CO,VIETNAM,HAIPHONG,VIETNAM
2021,470329,SINAR MAS,INDAH KIAT,SUNGAI PAKNING,RIAU,2890,1655970,SINAR MAS,KING PAPER SOURCE TRADING (SHANGHAI) CO LTD,CHINA (MAINLAND),DAGANG,CHINA (MAINLAND)
2021,470329,SINAR MAS,INDAH KIAT,SUNGAI PAKNING,RIAU,3110,1640525,SINAR MAS,KING PAPER SOURCE TRADING (SHANGHAI) CO LTD,CHINA (MAINLAND),DAGANG,CHINA (MAINLAND)
2021,470329,SINAR MAS,INDAH KIAT,SUNGAI PAKNING,RIAU,4000,2110000,SINAR MAS,KING PAPER SOURCE TRADING (SHANGHAI) CO LTD,CHINA (MAINLAND),DAGANG,CHINA (MAINLAND)
2021,470329,SINAR MAS,INDAH KIAT,SUNGAI PAKNING,RIAU,5000,3250000,HANKUK,HANKUK PAPER MFG CO LTD,SOUTH KOREA,ULSAN,SOUTH KOREA
2021,470329,SINAR MAS,INDAH KIAT,SUNGAI PAKNING,RIAU,5200,2984800,SINAR MAS,KING PAPER SOURCE TRADING (SHANGHAI) CO LTD,CHINA (MAINLAND),SHANGHAI,CHINA (MAINLAND)
2021,470329,SINAR MAS,INDAH KIAT,SUNGAI PAKNING,RIAU,12500,7662500,UNKNOWN AFFILIATION,GREAT CHAMP (L) BHD,MALAYSIA,QINGDAO,CHINA (MAINLAND)
2021,470200,ROYAL GOLDEN EAGLE,APRIL,BUATAN,RIAU,507,333230,ROYAL GOLDEN EAGLE,APRIL FAR EAST MALAYSIA SDN BHD,MALAYSIA,PORT KELANG,CHINA (MAINLAND)
2021,470200,ROYAL GOLDEN EAGLE,APRIL,BUATAN,RIAU,507,333282,ROYAL GOLDEN EAGLE,APRIL FAR EAST MALAYSIA SDN BHD,MALAYSIA,PORT KELANG,CHINA (MAINLAND)
2021,470200,ROYAL GOLDEN EAGLE,APRIL,BUATAN,RIAU,507,333308,ROYAL GOLDEN EAGLE,APRIL FAR EAST MALAYSIA SDN BHD,MALAYSIA,PORT KELANG,CHINA (MAINLAND)
2021,470200,ROYAL GOLDEN EAGLE,APRIL,BUATAN,RIAU,507,333327,ROYAL GOLDEN EAGLE,APRIL FAR EAST MALAYSIA SDN BHD,MALAYSIA,PORT KELANG,CHINA (MAINLAND)
2021,470200,ROYAL GOLDEN EAGLE,APRIL,BUATAN,RIAU,507,333330,ROYAL GOLDEN EAGLE,APRIL FAR EAST MALAYSIA SDN BHD,MALAYSIA,PORT KELANG,CHINA (MAINLAND)
2021,470200,ROYAL GOLDEN EAGLE,APRIL,BUATAN,RIAU,507,333341,ROYAL GOLDEN EAGLE,APRIL FAR EAST MALAYSIA SDN BHD,MALAYSIA,PORT KELANG,CHINA (MAINLAND)
2021,470200,ROYAL GOLDEN EAGLE,APRIL,BUATAN,RIAU,507,333372,ROYAL GOLDEN EAGLE,APRIL FAR EAST MALAYSIA SDN BHD,MALAYSIA,PORT KELANG,CHINA (MAINLAND)
2021,470200,ROYAL GOLDEN EAGLE,APRIL,BUATAN,RIAU,507,333381,ROYAL GOLDEN EAGLE,APRIL FAR EAST MALAYSIA SDN BHD,MALAYSIA,PORT KELANG,CHINA (MAINLAND)
2021,470200,ROYAL GOLDEN EAGLE,APRIL,BUATAN,RIAU,507,333401,ROYAL GOLDEN EAGLE,APRIL FAR EAST MALAYSIA SDN BHD,MALAYSIA,PORT KELANG,CHINA (MAINLAND)
2021,470200,ROYAL GOLDEN EAGLE,APRIL,BUATAN,RIAU,508,333442,ROYAL GOLDEN EAGLE,APRIL FAR EAST MALAYSIA SDN BHD,MALAYSIA,PORT KELANG,CHINA (MAINLAND)
2021,470200,ROYAL GOLDEN EAGLE,APRIL,BUATAN,RIAU,508,333443,ROYAL GOLDEN EAGLE,APRIL FAR EAST MALAYSIA SDN BHD,MALAYSIA,PORT KELANG,CHINA (MAINLAND)
2021,470200,ROYAL GOLDEN EAGLE,APRIL,BUATAN,RIAU,508,333477,ROYAL GOLDEN EAGLE,APRIL FAR EAST MALAYSIA SDN BHD,MALAYSIA,PORT KELANG,CHINA (MAINLAND)
2021,470200,ROYAL GOLDEN EAGLE,APRIL,BUATAN,RIAU,508,349744,ROYAL GOLDEN EAGLE,APRIL FAR EAST MALAYSIA SDN BHD,MALAYSIA,PORT KELANG,CHINA (MAINLAND)
2021,470200,ROYAL GOLDEN EAGLE,APRIL,BUATAN,RIAU,508,333515,ROYAL GOLDEN EAGLE,APRIL FAR EAST MALAYSIA SDN BHD,MALAYSIA,PORT KELANG,CHINA (MAINLAND)
2021,470200,ROYAL GOLDEN EAGLE,APRIL,BUATAN,RIAU,508,333517,ROYAL GOLDEN EAGLE,APRIL FAR EAST MALAYSIA SDN BHD,MALAYSIA,PORT KELANG,CHINA (MAINLAND)
2021,470200,ROYAL GOLDEN EAGLE,APRIL,BUATAN,RIAU,508,349771,ROYAL GOLDEN EAGLE,APRIL FAR EAST MALAYSIA SDN BHD,MALAYSIA,PORT KELANG,CHINA (MAINLAND)
2021,470200,ROYAL GOLDEN EAGLE,APRIL,BUATAN,RIAU,508,333532,ROYAL GOLDEN EAGLE,APRIL FAR EAST MALAYSIA SDN BHD,MALAYSIA,PORT KELANG,CHINA (MAINLAND)
2021,470200,ROYAL GOLDEN EAGLE,APRIL,BUATAN,RIAU,508,333538,ROYAL GOLDEN EAGLE,APRIL FAR EAST MALAYSIA SDN BHD,MALAYSIA,PORT KELANG,CHINA (MAINLAND)
2021,470200,ROYAL GOLDEN EAGLE,APRIL,BUATAN,RIAU,508,333543,ROYAL GOLDEN EAGLE,APRIL FAR EAST MALAYSIA SDN BHD,MALAYSIA,PORT KELANG,CHINA (MAINLAND)
2021,470200,ROYAL GOLDEN EAGLE,APRIL,BUATAN,RIAU,508,333547,ROYAL GOLDEN EAGLE,APRIL INTERNATIONAL ENTEPRISE PTE LTD,SINGAPORE,SINGAPORE,CHINA (MAINLAND)
2021,470200,ROYAL GOLDEN EAGLE,APRIL,BUATAN,RIAU,508,333548,ROYAL GOLDEN EAGLE,APRIL FAR EAST MALAYSIA SDN BHD,MALAYSIA,PORT KELANG,CHINA (MAINLAND)
2021,470200,ROYAL GOLDEN EAGLE,APRIL,BUATAN,RIAU,508,333556,ROYAL GOLDEN EAGLE,APRIL FAR EAST MALAYSIA SDN BHD,MALAYSIA,PORT KELANG,CHINA (MAINLAND)
2021,470200,ROYAL GOLDEN EAGLE,APRIL,BUATAN,RIAU,508,333574,ROYAL GOLDEN EAGLE,APRIL INTERNATIONAL ENTEPRISE PTE LTD,SINGAPORE,SINGAPORE,CHINA (MAINLAND)
2021,470200,ROYAL GOLDEN EAGLE,APRIL,BUATAN,RIAU,508,333577,ROYAL GOLDEN EAGLE,APRIL FAR EAST MALAYSIA SDN BHD,MALAYSIA,PORT KELANG,CHINA (MAINLAND)
2021,470200,ROYAL GOLDEN EAGLE,APRIL,BUATAN,RIAU,508,333612,ROYAL GOLDEN EAGLE,APRIL INTERNATIONAL ENTEPRISE PTE LTD,SINGAPORE,SINGAPORE,CHINA (MAINLAND)
2021,470200,ROYAL GOLDEN EAGLE,APRIL,BUATAN,RIAU,508,333634,ROYAL GOLDEN EAGLE,APRIL INTERNATIONAL ENTEPRISE PTE LTD,SINGAPORE,SINGAPORE,CHINA (MAINLAND)
2021,470200,ROYAL GOLDEN EAGLE,APRIL,BUATAN,RIAU,508,333639,ROYAL GOLDEN EAGLE,APRIL FAR EAST MALAYSIA SDN BHD,MALAYSIA,PORT KELANG,CHINA (MAINLAND)
2021,470200,ROYAL GOLDEN EAGLE,APRIL,BUATAN,RIAU,508,333652,ROYAL GOLDEN EAGLE,APRIL FAR EAST MALAYSIA SDN BHD,MALAYSIA,PORT KELANG,CHINA (MAINLAND)
2021,470200,ROYAL GOLDEN EAGLE,APRIL,BUATAN,RIAU,508,333665,ROYAL GOLDEN EAGLE,APRIL FAR EAST MALAYSIA SDN BHD,MALAYSIA,PORT KELANG,CHINA (MAINLAND)
2021,470200,ROYAL GOLDEN EAGLE,APRIL,BUATAN,RIAU,508,333678,ROYAL GOLDEN EAGLE,APRIL INTERNATIONAL ENTEPRISE PTE LTD,SINGAPORE,SINGAPORE,CHINA (MAINLAND)
2021,470200,ROYAL GOLDEN EAGLE,APRIL,BUATAN,RIAU,508,333707,ROYAL GOLDEN EAGLE,APRIL FAR EAST MALAYSIA SDN BHD,MALAYSIA,PORT KELANG,CHINA (MAINLAND)
2021,470200,ROYAL GOLDEN EAGLE,APRIL,BUATAN,RIAU,508,333710,ROYAL GOLDEN EAGLE,APRIL INTERNATIONAL ENTEPRISE PTE LTD,SINGAPORE,SINGAPORE,CHINA (MAINLAND)
2021,470200,ROYAL GOLDEN EAGLE,APRIL,BUATAN,RIAU,508,333747,ROYAL GOLDEN EAGLE,APRIL FAR EAST MALAYSIA SDN BHD,MALAYSIA,PORT KELANG,CHINA (MAINLAND)
2021,470200,ROYAL GOLDEN EAGLE,APRIL,BUATAN,RIAU,508,350129,ROYAL GOLDEN EAGLE,APRIL FAR EAST MALAYSIA SDN BHD,MALAYSIA,PORT KELANG,CHINA (MAINLAND)
2021,470200,ROYAL GOLDEN EAGLE,APRIL,FUTONG,RIAU,1014,698532,ROYAL GOLDEN EAGLE,APRIL FAR EAST MALAYSIA SDN BHD,MALAYSIA,SHANGHAI,CHINA (MAINLAND)
2021,470200,ROYAL GOLDEN EAGLE,APRIL,FUTONG,RIAU,1014,666132,ROYAL GOLDEN EAGLE,APRIL FAR EAST MALAYSIA SDN BHD,MALAYSIA,SHANGHAI,CHINA (MAINLAND)
2021,470200,ROYAL GOLDEN EAGLE,APRIL,FUTONG,RIAU,1015,699019,ROYAL GOLDEN EAGLE,APRIL FAR EAST MALAYSIA SDN BHD,MALAYSIA,SHANGHAI,CHINA (MAINLAND)
2021,470200,ROYAL GOLDEN EAGLE,APRIL,FUTONG,RIAU,1015,699056,ROYAL GOLDEN EAGLE,APRIL FAR EAST MALAYSIA SDN BHD,MALAYSIA,SHANGHAI,CHINA (MAINLAND)
2021,470200,ROYAL GOLDEN EAGLE,APRIL,FUTONG,RIAU,1015,752844,ROYAL GOLDEN EAGLE,APRIL FAR EAST MALAYSIA SDN BHD,MALAYSIA,FUZHOU,CHINA (MAINLAND)
2021,470200,ROYAL GOLDEN EAGLE,APRIL,FUTONG,RIAU,1015,666680,ROYAL GOLDEN EAGLE,APRIL FAR EAST MALAYSIA SDN BHD,MALAYSIA,SHANGHAI,CHINA (MAINLAND)
2021,470200,ROYAL GOLDEN EAGLE,APRIL,FUTONG,RIAU,1015,666685,ROYAL GOLDEN EAGLE,APRIL FAR EAST MALAYSIA SDN BHD,MALAYSIA,SHANGHAI,CHINA (MAINLAND)
2021,470200,ROYAL GOLDEN EAGLE,APRIL,FUTONG,RIAU,1015,666695,ROYAL GOLDEN EAGLE,APRIL FAR EAST MALAYSIA SDN BHD,MALAYSIA,SHANGHAI,CHINA (MAINLAND)
2021,470200,ROYAL GOLDEN EAGLE,APRIL,FUTONG,RIAU,1015,699276,ROYAL GOLDEN EAGLE,APRIL FAR EAST MALAYSIA SDN BHD,MALAYSIA,SHANGHAI,CHINA (MAINLAND)
2021,470200,ROYAL GOLDEN EAGLE,APRIL,FUTONG,RIAU,1015,699444,ROYAL GOLDEN EAGLE,APRIL INTERNATIONAL ENTEPRISE PTE LTD,SINGAPORE,TANJUNG PELEPAS,CHINA (MAINLAND)
2021,470200,ROYAL GOLDEN EAGLE,APRIL,FUTONG,RIAU,1015,699474,ROYAL GOLDEN EAGLE,APRIL FAR EAST MALAYSIA SDN BHD,MALAYSIA,SHANGHAI,CHINA (MAINLAND)
2021,470200,ROYAL GOLDEN EAGLE,APRIL,FUTONG,RIAU,1015,753290,ROYAL GOLDEN EAGLE,APRIL FAR EAST MALAYSIA SDN BHD,MALAYSIA,FUZHOU,CHINA (MAINLAND)
2021,470200,ROYAL GOLDEN EAGLE,APRIL,FUTONG,RIAU,1015,753306,ROYAL GOLDEN EAGLE,APRIL FAR EAST MALAYSIA SDN BHD,MALAYSIA,FUZHOU,CHINA (MAINLAND)
2021,470200,ROYAL GOLDEN EAGLE,APRIL,FUTONG,RIAU,1015,667084,ROYAL GOLDEN EAGLE,APRIL FAR EAST MALAYSIA SDN BHD,MALAYSIA,SHANGHAI,CHINA (MAINLAND)
2021,470200,ROYAL GOLDEN EAGLE,APRIL,FUTONG,RIAU,1016,667264,ROYAL GOLDEN EAGLE,APRIL INTERNATIONAL ENTEPRISE PTE LTD,SINGAPORE,TANJUNG PELEPAS,CHINA (MAINLAND)
2021,470200,ROYAL GOLDEN EAGLE,APRIL,FUTONG,RIAU,1016,667276,ROYAL GOLDEN EAGLE,APRIL FAR EAST MALAYSIA SDN BHD,MALAYSIA,SHANGHAI,CHINA (MAINLAND)
2021,470200,ROYAL GOLDEN EAGLE,APRIL,FUTONG,RIAU,1016,667331,ROYAL GOLDEN EAGLE,APRIL FAR EAST MALAYSIA SDN BHD,MALAYSIA,SHANGHAI,CHINA (MAINLAND)
2021,470200,ROYAL GOLDEN EAGLE,APRIL,FUTONG,RIAU,1016,700203,ROYAL GOLDEN EAGLE,APRIL INTERNATIONAL ENTEPRISE PTE LTD,SINGAPORE,TANJUNG PELEPAS,CHINA (MAINLAND)
2021,470200,ROYAL GOLDEN EAGLE,APRIL,FUTONG,RIAU,2035,1336995,ROYAL GOLDEN EAGLE,APRIL INTERNATIONAL ENTEPRISE PTE LTD,SINGAPORE,LIANYUNGANG,CHINA (MAINLAND)
2021,470200,ROYAL GOLDEN EAGLE,APRIL,FUTONG,RIAU,3045,2000514,ROYAL GOLDEN EAGLE,APRIL INTERNATIONAL ENTEPRISE PTE LTD,SINGAPORE,LIANYUNGANG,CHINA (MAINLAND)
2021,470200,ROYAL GOLDEN EAGLE,APRIL,FUTONG,RIAU,5577,3842325,ROYAL GOLDEN EAGLE,APRIL FAR EAST MALAYSIA SDN BHD,MALAYSIA,CHANGSHU,CHINA (MAINLAND)
2021,470200,ROYAL GOLDEN EAGLE,APRIL,FUTONG,RIAU,7212,4738295,ROYAL GOLDEN EAGLE,APRIL FAR EAST MALAYSIA SDN BHD,MALAYSIA,XIUYING,CHINA (MAINLAND)
2021,470200,ROYAL GOLDEN EAGLE,APRIL,FUTONG,RIAU,7530,4946882,ROYAL GOLDEN EAGLE,APRIL FAR EAST MALAYSIA SDN BHD,MALAYSIA,LIANYUNGANG,CHINA (MAINLAND)
2021,470200,ROYAL GOLDEN EAGLE,APRIL,FUTONG,RIAU,10653,7340214,ROYAL GOLDEN EAGLE,APRIL FAR EAST MALAYSIA SDN BHD,MALAYSIA,LIANYUNGANG,CHINA (MAINLAND)
2021,470200,ROYAL GOLDEN EAGLE,APRIL,FUTONG,RIAU,304,199896,ROYAL GOLDEN EAGLE,APRIL FAR EAST MALAYSIA SDN BHD,MALAYSIA,SHANGHAI,CHINA (MAINLAND)
2021,470200,ROYAL GOLDEN EAGLE,APRIL,FUTONG,RIAU,365,239667,ROYAL GOLDEN EAGLE,APRIL FAR EAST MALAYSIA SDN BHD,MALAYSIA,SHANGHAI,CHINA (MAINLAND)
2021,470200,ROYAL GOLDEN EAGLE,APRIL,FUTONG,RIAU,406,266537,ROYAL GOLDEN EAGLE,APRIL FAR EAST MALAYSIA SDN BHD,MALAYSIA,SHANGHAI,CHINA (MAINLAND)
2021,470200,ROYAL GOLDEN EAGLE,APRIL,FUTONG,RIAU,608,418975,ROYAL GOLDEN EAGLE,APRIL FAR EAST MALAYSIA SDN BHD,MALAYSIA,SHANGHAI,CHINA (MAINLAND)
2021,470200,ROYAL GOLDEN EAGLE,APRIL,FUTONG,RIAU,650,426818,ROYAL GOLDEN EAGLE,APRIL FAR EAST MALAYSIA SDN BHD,MALAYSIA,SHANGHAI,CHINA (MAINLAND)
2021,470200,ROYAL GOLDEN EAGLE,APRIL,FUTONG,RIAU,710,489344,ROYAL GOLDEN EAGLE,APRIL FAR EAST MALAYSIA SDN BHD,MALAYSIA,SHANGHAI,CHINA (MAINLAND)
2021,470200,ROYAL GOLDEN EAGLE,APRIL,FUTONG,RIAU,1011,696863,ROYAL GOLDEN EAGLE,APRIL FAR EAST MALAYSIA SDN BHD,MALAYSIA,SHANGHAI,CHINA (MAINLAND)
2021,470200,ROYAL GOLDEN EAGLE,APRIL,FUTONG,RIAU,1012,697014,ROYAL GOLDEN EAGLE,APRIL FAR EAST MALAYSIA SDN BHD,MALAYSIA,SHANGHAI,CHINA (MAINLAND)
2021,470200,ROYAL GOLDEN EAGLE,APRIL,FUTONG,RIAU,1013,665326,ROYAL GOLDEN EAGLE,APRIL FAR EAST MALAYSIA SDN BHD,MALAYSIA,SHANGHAI,CHINA (MAINLAND)
2021,470200,ROYAL GOLDEN EAGLE,APRIL,FUTONG,RIAU,1013,665417,ROYAL GOLDEN EAGLE,APRIL INTERNATIONAL ENTEPRISE PTE LTD,SINGAPORE,TANJUNG PELEPAS,CHINA (MAINLAND)
2021,470200,ROYAL GOLDEN EAGLE,APRIL,FUTONG,RIAU,1013,697940,ROYAL GOLDEN EAGLE,APRIL FAR EAST MALAYSIA SDN BHD,MALAYSIA,SHANGHAI,CHINA (MAINLAND)
2021,470200,ROYAL GOLDEN EAGLE,APRIL,FUTONG,RIAU,1013,665532,ROYAL GOLDEN EAGLE,APRIL FAR EAST MALAYSIA SDN BHD,MALAYSIA,SHANGHAI,CHINA (MAINLAND)
2021,470200,ROYAL GOLDEN EAGLE,APRIL,FUTONG,RIAU,1013,665852,ROYAL GOLDEN EAGLE,APRIL FAR EAST MALAYSIA SDN BHD,MALAYSIA,SHANGHAI,CHINA (MAINLAND)
2021,470200,ROYAL GOLDEN EAGLE,APRIL,FUTONG,RIAU,1014,698355,ROYAL GOLDEN EAGLE,APRIL FAR EAST MALAYSIA SDN BHD,MALAYSIA,SHANGHAI,CHINA (MAINLAND)
2021,470200,ROYAL GOLDEN EAGLE,APRIL,FUTONG,RIAU,1014,665967,ROYAL GOLDEN EAGLE,APRIL FAR EAST MALAYSIA SDN BHD,MALAYSIA,SHANGHAI,CHINA (MAINLAND)
2021,470200,ROYAL GOLDEN EAGLE,APRIL,FUTONG,RIAU,1014,698441,ROYAL GOLDEN EAGLE,APRIL FAR EAST MALAYSIA SDN BHD,MALAYSIA,SHANGHAI,CHINA (MAINLAND)
2021,470200,ROYAL GOLDEN EAGLE,APRIL,FUTONG,RIAU,1014,666067,ROYAL GOLDEN EAGLE,APRIL FAR EAST MALAYSIA SDN BHD,MALAYSIA,SHANGHAI,CHINA (MAINLAND)
2021,470200,ROYAL GOLDEN EAGLE,APRIL,FUTONG,RIAU,1014,666092,ROYAL GOLDEN EAGLE,APRIL FAR EAST MALAYSIA SDN BHD,MALAYSIA,SHANGHAI,CHINA (MAINLAND)
2021,470200,ROYAL GOLDEN EAGLE,APRIL,FUTONG,RIAU,1014,666101,ROYAL GOLDEN EAGLE,APRIL FAR EAST MALAYSIA SDN BHD,MALAYSIA,SHANGHAI,CHINA (MAINLAND)
2021,470200,ROYAL GOLDEN EAGLE,APRIL,FUTONG,RIAU,1014,698575,ROYAL GOLDEN EAGLE,APRIL FAR EAST MALAYSIA SDN BHD,MALAYSIA,SHANGHAI,CHINA (MAINLAND)
2021,470200,ROYAL GOLDEN EAGLE,APRIL,FUTONG,RIAU,1014,666266,ROYAL GOLDEN EAGLE,APRIL FAR EAST MALAYSIA SDN BHD,MALAYSIA,SHANGHAI,CHINA (MAINLAND)
2021,470200,ROYAL GOLDEN EAGLE,APRIL,FUTONG,RIAU,1014,698765,ROYAL GOLDEN EAGLE,APRIL FAR EAST MALAYSIA SDN BHD,MALAYSIA,FUZHOU,CHINA (MAINLAND)
2021,470200,ROYAL GOLDEN EAGLE,APRIL,FUTONG,RIAU,1014,698776,ROYAL GOLDEN EAGLE,APRIL FAR EAST MALAYSIA SDN BHD,MALAYSIA,SHANGHAI,CHINA (MAINLAND)
2021,470200,ROYAL GOLDEN EAGLE,APRIL,FUTONG,RIAU,1014,698780,ROYAL GOLDEN EAGLE,APRIL FAR EAST MALAYSIA SDN BHD,MALAYSIA,SHANGHAI,CHINA (MAINLAND)
2021,470200,ROYAL GOLDEN EAGLE,APRIL,FUTONG,RIAU,1014,666368,ROYAL GOLDEN EAGLE,APRIL FAR EAST MALAYSIA SDN BHD,MALAYSIA,SHANGHAI,CHINA (MAINLAND)
2021,470200,ROYAL GOLDEN EAGLE,APRIL,FUTONG,RIAU,1014,698977,ROYAL GOLDEN EAGLE,APRIL FAR EAST MALAYSIA SDN BHD,MALAYSIA,SHANGHAI,CHINA (MAINLAND)
2021,470200,ROYAL GOLDEN EAGLE,APRIL,FUTONG,RIAU,1015,666531,ROYAL GOLDEN EAGLE,APRIL FAR EAST MALAYSIA SDN BHD,MALAYSIA,SHANGHAI,CHINA (MAINLAND)
2021,470200,ROYAL GOLDEN EAGLE,APRIL,FUTONG,RIAU,1015,666576,ROYAL GOLDEN EAGLE,APRIL FAR EAST MALAYSIA SDN BHD,MALAYSIA,SHANGHAI,CHINA (MAINLAND)
2021,470200,ROYAL GOLDEN EAGLE,APRIL,FUTONG,RIAU,1015,699144,ROYAL GOLDEN EAGLE,APRIL FAR EAST MALAYSIA SDN BHD,MALAYSIA,SHANGHAI,CHINA (MAINLAND)
2021,470200,ROYAL GOLDEN EAGLE,APRIL,FUTONG,RIAU,1015,666681,ROYAL GOLDEN EAGLE,APRIL FAR EAST MALAYSIA SDN BHD,MALAYSIA,SHANGHAI,CHINA (MAINLAND)
2021,470200,ROYAL GOLDEN EAGLE,APRIL,FUTONG,RIAU,1015,699429,ROYAL GOLDEN EAGLE,APRIL FAR EAST MALAYSIA SDN BHD,MALAYSIA,SHANGHAI,CHINA (MAINLAND)
2021,470200,ROYAL GOLDEN EAGLE,APRIL,FUTONG,RIAU,1015,699482,ROYAL GOLDEN EAGLE,APRIL FAR EAST MALAYSIA SDN BHD,MALAYSIA,SHANGHAI,CHINA (MAINLAND)
2021,470200,ROYAL GOLDEN EAGLE,APRIL,FUTONG,RIAU,1016,699687,ROYAL GOLDEN EAGLE,APRIL FAR EAST MALAYSIA SDN BHD,MALAYSIA,SHANGHAI,CHINA (MAINLAND)
2021,470329,ROYAL GOLDEN EAGLE,APRIL,BUATAN,RIAU,24,9874,ROYAL GOLDEN EAGLE,APRIL FAR EAST MALAYSIA SDN BHD,MALAYSIA,SINGAPORE,JAPAN
2021,470329,ROYAL GOLDEN EAGLE,APRIL,BUATAN,RIAU,40,18079,ROYAL GOLDEN EAGLE,APRIL INTERNATIONAL ENTEPRISE PTE LTD,SINGAPORE,SINGAPORE,INDIA
2021,470329,ROYAL GOLDEN EAGLE,APRIL,BUATAN,RIAU,48,19824,ROYAL GOLDEN EAGLE,APRIL INTERNATIONAL ENTEPRISE PTE LTD,SINGAPORE,SINGAPORE,TAIWAN
2021,470329,ROYAL GOLDEN EAGLE,APRIL,BUATAN,RIAU,60,24714,ROYAL GOLDEN EAGLE,APRIL INTERNATIONAL ENTEPRISE PTE LTD,SINGAPORE,SINGAPORE,INDIA
2021,470329,ROYAL GOLDEN EAGLE,APRIL,BUATAN,RIAU,96,43236,ROYAL GOLDEN EAGLE,APRIL INTERNATIONAL ENTEPRISE PTE LTD,SINGAPORE,SINGAPORE,DJIBOUTI
2021,470329,ROYAL GOLDEN EAGLE,APRIL,BUATAN,RIAU,98,44136,ROYAL GOLDEN EAGLE,APRIL INTERNATIONAL ENTEPRISE PTE LTD,SINGAPORE,SINGAPORE,DJIBOUTI
2021,470329,ROYAL GOLDEN EAGLE,APRIL,BUATAN,RIAU,100,45049,ROYAL GOLDEN EAGLE,APRIL INTERNATIONAL ENTEPRISE PTE LTD,SINGAPORE,SINGAPORE,INDIA
2021,470329,ROYAL GOLDEN EAGLE,APRIL,BUATAN,RIAU,100,41163,ROYAL GOLDEN EAGLE,APRIL INTERNATIONAL ENTEPRISE PTE LTD,SINGAPORE,SINGAPORE,INDIA
2021,470329,ROYAL GOLDEN EAGLE,APRIL,BUATAN,RIAU,101,45144,ROYAL GOLDEN EAGLE,APRIL INTERNATIONAL ENTEPRISE PTE LTD,SINGAPORE,SINGAPORE,INDIA
2021,470329,ROYAL GOLDEN EAGLE,APRIL,BUATAN,RIAU,115,51522,ROYAL GOLDEN EAGLE,APRIL INTERNATIONAL ENTEPRISE PTE LTD,SINGAPORE,SINGAPORE,DJIBOUTI
2021,470329,ROYAL GOLDEN EAGLE,APRIL,BUATAN,RIAU,141,57609,ROYAL GOLDEN EAGLE,APRIL INTERNATIONAL ENTEPRISE PTE LTD,SINGAPORE,PORT KELANG,KUWAIT
2021,470329,ROYAL GOLDEN EAGLE,APRIL,BUATAN,RIAU,141,57672,ROYAL GOLDEN EAGLE,APRIL INTERNATIONAL ENTEPRISE PTE LTD,SINGAPORE,PORT KELANG,KUWAIT
2021,470329,ROYAL GOLDEN EAGLE,APRIL,BUATAN,RIAU,141,57748,ROYAL GOLDEN EAGLE,APRIL INTERNATIONAL ENTEPRISE PTE LTD,SINGAPORE,SINGAPORE,INDIA
2021,470329,ROYAL GOLDEN EAGLE,APRIL,BUATAN,RIAU,154,63336,ROYAL GOLDEN EAGLE,APRIL INTERNATIONAL ENTEPRISE PTE LTD,SINGAPORE,PORT KELANG,KUWAIT
2021,470329,ROYAL GOLDEN EAGLE,APRIL,BUATAN,RIAU,155,63376,ROYAL GOLDEN EAGLE,APRIL INTERNATIONAL ENTEPRISE PTE LTD,SINGAPORE,PORT KELANG,KUWAIT
2021,470329,ROYAL GOLDEN EAGLE,APRIL,BUATAN,RIAU,155,63384,ROYAL GOLDEN EAGLE,APRIL INTERNATIONAL ENTEPRISE PTE LTD,SINGAPORE,PORT KELANG,KUWAIT
2021,470329,ROYAL GOLDEN EAGLE,APRIL,BUATAN,RIAU,155,63404,ROYAL GOLDEN EAGLE,APRIL INTERNATIONAL ENTEPRISE PTE LTD,SINGAPORE,PORT KELANG,KUWAIT
2021,470329,ROYAL GOLDEN EAGLE,APRIL,BUATAN,RIAU,155,63412,ROYAL GOLDEN EAGLE,APRIL INTERNATIONAL ENTEPRISE PTE LTD,SINGAPORE,PORT KELANG,KUWAIT
2021,470329,ROYAL GOLDEN EAGLE,APRIL,BUATAN,RIAU,155,63418,ROYAL GOLDEN EAGLE,APRIL INTERNATIONAL ENTEPRISE PTE LTD,SINGAPORE,PORT KELANG,KUWAIT
2021,470329,ROYAL GOLDEN EAGLE,APRIL,BUATAN,RIAU,155,63433,ROYAL GOLDEN EAGLE,APRIL INTERNATIONAL ENTEPRISE PTE LTD,SINGAPORE,PORT KELANG,KUWAIT
2021,470329,ROYAL GOLDEN EAGLE,APRIL,BUATAN,RIAU,155,63441,ROYAL GOLDEN EAGLE,APRIL INTERNATIONAL ENTEPRISE PTE LTD,SINGAPORE,PORT KELANG,KUWAIT
2021,470329,ROYAL GOLDEN EAGLE,APRIL,BUATAN,RIAU,161,72177,ROYAL GOLDEN EAGLE,APRIL INTERNATIONAL ENTEPRISE PTE LTD,SINGAPORE,SINGAPORE,INDIA
2021,470329,ROYAL GOLDEN EAGLE,APRIL,BUATAN,RIAU,161,72231,ROYAL GOLDEN EAGLE,APRIL INTERNATIONAL ENTEPRISE PTE LTD,SINGAPORE,SINGAPORE,INDIA
2021,470329,ROYAL GOLDEN EAGLE,APRIL,BUATAN,RIAU,199,81565,ROYAL GOLDEN EAGLE,APRIL INTERNATIONAL ENTEPRISE PTE LTD,SINGAPORE,SINGAPORE,LEBANON
2021,470329,ROYAL GOLDEN EAGLE,APRIL,BUATAN,RIAU,199,81576,ROYAL GOLDEN EAGLE,APRIL INTERNATIONAL ENTEPRISE PTE LTD,SINGAPORE,SINGAPORE,LEBANON
2021,470329,ROYAL GOLDEN EAGLE,APRIL,BUATAN,RIAU,201,82296,ROYAL GOLDEN EAGLE,APRIL INTERNATIONAL ENTEPRISE PTE LTD,SINGAPORE,SINGAPORE,INDIA
2021,470329,ROYAL GOLDEN EAGLE,APRIL,BUATAN,RIAU,201,82376,ROYAL GOLDEN EAGLE,APRIL INTERNATIONAL ENTEPRISE PTE LTD,SINGAPORE,SINGAPORE,INDIA
2021,470329,ROYAL GOLDEN EAGLE,APRIL,BUATAN,RIAU,201,82380,ROYAL GOLDEN EAGLE,APRIL FAR EAST MALAYSIA SDN BHD,MALAYSIA,SINGAPORE,CHINA (MAINLAND)
2021,470329,ROYAL GOLDEN EAGLE,APRIL,BUATAN,RIAU,201,102736,ROYAL GOLDEN EAGLE,APRIL INTERNATIONAL ENTEPRISE PTE LTD,SINGAPORE,SINGAPORE,UNITED ARAB EMIRATES
2021,470329,ROYAL GOLDEN EAGLE,APRIL,BUATAN,RIAU,201,82467,ROYAL GOLDEN EAGLE,APRIL INTERNATIONAL ENTEPRISE PTE LTD,SINGAPORE,SINGAPORE,INDIA
2021,470329,ROYAL GOLDEN EAGLE,APRIL,BUATAN,RIAU,229,117059,ROYAL GOLDEN EAGLE,APRIL INTERNATIONAL ENTEPRISE PTE LTD,SINGAPORE,SINGAPORE,UNITED ARAB EMIRATES
2021,470329,ROYAL GOLDEN EAGLE,APRIL,BUATAN,RIAU,241,98794,ROYAL GOLDEN EAGLE,APRIL INTERNATIONAL ENTEPRISE PTE LTD,SINGAPORE,PORT KELANG,PAKISTAN
2021,470329,ROYAL GOLDEN EAGLE,APRIL,BUATAN,RIAU,241,98909,ROYAL GOLDEN EAGLE,APRIL INTERNATIONAL ENTEPRISE PTE LTD,SINGAPORE,SINGAPORE,INDIA
2021,470329,ROYAL GOLDEN EAGLE,APRIL,BUATAN,RIAU,261,107145,ROYAL GOLDEN EAGLE,APRIL INTERNATIONAL ENTEPRISE PTE LTD,SINGAPORE,PORT KELANG,PAKISTAN
2021,470329,ROYAL GOLDEN EAGLE,APRIL,BUATAN,RIAU,261,107196,ROYAL GOLDEN EAGLE,APRIL INTERNATIONAL ENTEPRISE PTE LTD,SINGAPORE,SINGAPORE,UNITED ARAB EMIRATES
2021,470329,ROYAL GOLDEN EAGLE,APRIL,BUATAN,RIAU,361,148163,ROYAL GOLDEN EAGLE,APRIL INTERNATIONAL ENTEPRISE PTE LTD,SINGAPORE,SINGAPORE,PHILIPPINES
2021,470329,ROYAL GOLDEN EAGLE,APRIL,BUATAN,RIAU,402,180434,ROYAL GOLDEN EAGLE,APRIL FAR EAST MALAYSIA SDN BHD,MALAYSIA,SINGAPORE,CHINA (MAINLAND)
2021,470329,ROYAL GOLDEN EAGLE,APRIL,BUATAN,RIAU,502,205780,ROYAL GOLDEN EAGLE,APRIL INTERNATIONAL ENTEPRISE PTE LTD,SINGAPORE,SINGAPORE,BANGLADESH
2021,470329,ROYAL GOLDEN EAGLE,APRIL,BUATAN,RIAU,502,205813,ROYAL GOLDEN EAGLE,APRIL FAR EAST MALAYSIA SDN BHD,MALAYSIA,SINGAPORE,CHINA (MAINLAND)
2021,470329,ROYAL GOLDEN EAGLE,APRIL,BUATAN,RIAU,502,205817,ROYAL GOLDEN EAGLE,APRIL INTERNATIONAL ENTEPRISE PTE LTD,SINGAPORE,SINGAPORE,CHINA (MAINLAND)
2021,470329,ROYAL GOLDEN EAGLE,APRIL,BUATAN,RIAU,502,205833,ROYAL GOLDEN EAGLE,APRIL INTERNATIONAL ENTEPRISE PTE LTD,SINGAPORE,SINGAPORE,BANGLADESH
2021,470329,ROYAL GOLDEN EAGLE,APRIL,BUATAN,RIAU,502,205838,ROYAL GOLDEN EAGLE,APRIL FAR EAST MALAYSIA SDN BHD,MALAYSIA,SINGAPORE,CHINA (MAINLAND)
2021,470329,ROYAL GOLDEN EAGLE,APRIL,BUATAN,RIAU,502,205851,ROYAL GOLDEN EAGLE,APRIL INTERNATIONAL ENTEPRISE PTE LTD,SINGAPORE,SINGAPORE,INDIA
2021,470329,ROYAL GOLDEN EAGLE,APRIL,BUATAN,RIAU,502,205988,ROYAL GOLDEN EAGLE,APRIL INTERNATIONAL ENTEPRISE PTE LTD,SINGAPORE,SINGAPORE,VIETNAM
2021,470329,ROYAL GOLDEN EAGLE,APRIL,BUATAN,RIAU,503,206209,ROYAL GOLDEN EAGLE,APRIL INTERNATIONAL ENTEPRISE PTE LTD,SINGAPORE,SINGAPORE,CHINA (MAINLAND)
2021,470329,ROYAL GOLDEN EAGLE,APRIL,BUATAN,RIAU,603,247067,ROYAL GOLDEN EAGLE,APRIL FAR EAST MALAYSIA SDN BHD,MALAYSIA,SINGAPORE,CHINA (MAINLAND)
2021,470329,ROYAL GOLDEN EAGLE,APRIL,FUTONG,RIAU,502,225446,ROYAL GOLDEN EAGLE,APRIL INTERNATIONAL ENTEPRISE PTE LTD,SINGAPORE,TANJUNG PELEPAS,VIETNAM
2021,470329,ROYAL GOLDEN EAGLE,APRIL,FUTONG,RIAU,1005,451289,ROYAL GOLDEN EAGLE,APRIL FAR EAST MALAYSIA SDN BHD,MALAYSIA,NINGBO,CHINA (MAINLAND)
2021,470329,ROYAL GOLDEN EAGLE,APRIL,FUTONG,RIAU,1005,451459,ROYAL GOLDEN EAGLE,APRIL FAR EAST MALAYSIA SDN BHD,MALAYSIA,NINGBO,CHINA (MAINLAND)
2021,470329,ROYAL GOLDEN EAGLE,APRIL,FUTONG,RIAU,1896,867581,ROYAL GOLDEN EAGLE,APRIL FAR EAST MALAYSIA SDN BHD,MALAYSIA,IYOMISHIMA,JAPAN
2021,470329,ROYAL GOLDEN EAGLE,APRIL,FUTONG,RIAU,2010,824100,ROYAL GOLDEN EAGLE,APRIL FAR EAST MALAYSIA SDN BHD,MALAYSIA,ZHANJIANG,CHINA (MAINLAND)
2021,470329,ROYAL GOLDEN EAGLE,APRIL,FUTONG,RIAU,3337,1368270,ROYAL GOLDEN EAGLE,APRIL FAR EAST MALAYSIA SDN BHD,MALAYSIA,PYEONGTAEK,SOUTH KOREA
2021,470329,ROYAL GOLDEN EAGLE,APRIL,FUTONG,RIAU,3518,1442414,ROYAL GOLDEN EAGLE,APRIL FAR EAST MALAYSIA SDN BHD,MALAYSIA,GUNSAN,SOUTH KOREA
2021,470329,ROYAL GOLDEN EAGLE,APRIL,FUTONG,RIAU,4015,1802717,ROYAL GOLDEN EAGLE,APRIL FAR EAST MALAYSIA SDN BHD,MALAYSIA,CHANGSHU,CHINA (MAINLAND)
2021,470329,ROYAL GOLDEN EAGLE,APRIL,FUTONG,RIAU,5425,2224433,ROYAL GOLDEN EAGLE,APRIL FAR EAST MALAYSIA SDN BHD,MALAYSIA,XINHUI,CHINA (MAINLAND)
2021,470329,ROYAL GOLDEN EAGLE,APRIL,FUTONG,RIAU,9572,3924644,ROYAL GOLDEN EAGLE,APRIL INTERNATIONAL ENTEPRISE PTE LTD,SINGAPORE,CHITTAGONG,BANGLADESH
2021,470329,SINAR MAS,OKI,SULTAN MAHMUD BADARUDDIN (U),SUMATERA SELATAN,320,146160,SINAR MAS,KING PAPER SOURCE TRADING (SHANGHAI) CO LTD,CHINA (MAINLAND),SINGAPORE,CHINA (MAINLAND)
2021,470329,SINAR MAS,OKI,SULTAN MAHMUD BADARUDDIN (U),SUMATERA SELATAN,432,198792,SINAR MAS,KING PAPER SOURCE TRADING (SHANGHAI) CO LTD,CHINA (MAINLAND),SINGAPORE,CHINA (MAINLAND)
2021,470329,SINAR MAS,OKI,SULTAN MAHMUD BADARUDDIN (U),SUMATERA SELATAN,556,350753,SINAR MAS,KING PAPER SOURCE TRADING (SHANGHAI) CO LTD,CHINA (MAINLAND),NINGBO,CHINA (MAINLAND)
2021,470329,SINAR MAS,OKI,SULTAN MAHMUD BADARUDDIN (U),SUMATERA SELATAN,900,576450,SINAR MAS,SHANDONG BOHUI PAPER INDUSTRY CO LTD,CHINA (MAINLAND),QINGDAO,CHINA (MAINLAND)
2021,470329,SINAR MAS,OKI,SULTAN MAHMUD BADARUDDIN (U),SUMATERA SELATAN,1000,613632,XIANMEN C&D,HONG KONG PAPER SOURCES CO LTD,CHINA (HONG KONG),TIANJIN,CHINA (MAINLAND)
2021,470329,SINAR MAS,OKI,SULTAN MAHMUD BADARUDDIN (U),SUMATERA SELATAN,1480,933658,SINAR MAS,KING PAPER SOURCE TRADING (SHANGHAI) CO LTD,CHINA (MAINLAND),NINGBO,CHINA (MAINLAND)
2021,470329,SINAR MAS,OKI,SULTAN MAHMUD BADARUDDIN (U),SUMATERA SELATAN,1500,962625,SINAR MAS,KING PAPER SOURCE TRADING (SHANGHAI) CO LTD,CHINA (MAINLAND),ZHENJIANG,CHINA (MAINLAND)
2021,470329,SINAR MAS,OKI,SULTAN MAHMUD BADARUDDIN (U),SUMATERA SELATAN,1600,1024800,SINAR MAS,SHANDONG BOHUI PAPER INDUSTRY CO LTD,CHINA (MAINLAND),QINGDAO,CHINA (MAINLAND)
2021,470329,SINAR MAS,OKI,SULTAN MAHMUD BADARUDDIN (U),SUMATERA SELATAN,1850,1174750,SINAR MAS,KING PAPER SOURCE TRADING (SHANGHAI) CO LTD,CHINA (MAINLAND),SHANGHAI,CHINA (MAINLAND)
2021,470329,SINAR MAS,OKI,SULTAN MAHMUD BADARUDDIN (U),SUMATERA SELATAN,2000,1242263,XIANMEN C&D,HONG KONG PAPER SOURCES CO LTD,CHINA (HONG KONG),QINGDAO,CHINA (MAINLAND)
2021,470329,SINAR MAS,OKI,SULTAN MAHMUD BADARUDDIN (U),SUMATERA SELATAN,2500,1604375,SINAR MAS,KING PAPER SOURCE TRADING (SHANGHAI) CO LTD,CHINA (MAINLAND),ZHENJIANG,CHINA (MAINLAND)
2021,470329,SINAR MAS,OKI,SULTAN MAHMUD BADARUDDIN (U),SUMATERA SELATAN,3000,1925250,SINAR MAS,KING PAPER SOURCE TRADING (SHANGHAI) CO LTD,CHINA (MAINLAND),ZHENJIANG,CHINA (MAINLAND)
2021,470329,SINAR MAS,OKI,SULTAN MAHMUD BADARUDDIN (U),SUMATERA SELATAN,3650,2317750,SINAR MAS,KING PAPER SOURCE TRADING (SHANGHAI) CO LTD,CHINA (MAINLAND),SHANGHAI,CHINA (MAINLAND)
2021,470329,SINAR MAS,OKI,SULTAN MAHMUD BADARUDDIN (U),SUMATERA SELATAN,4000,2523400,SINAR MAS,KING PAPER SOURCE TRADING (SHANGHAI) CO LTD,CHINA (MAINLAND),ZHENJIANG,CHINA (MAINLAND)
2021,470329,SINAR MAS,OKI,SULTAN MAHMUD BADARUDDIN (U),SUMATERA SELATAN,5000,3154250,SINAR MAS,KING PAPER SOURCE TRADING (SHANGHAI) CO LTD,CHINA (MAINLAND),ZHENJIANG,CHINA (MAINLAND)
2021,470329,SINAR MAS,OKI,SULTAN MAHMUD BADARUDDIN (U),SUMATERA SELATAN,6300,4035150,SINAR MAS,SHANDONG BOHUI PAPER INDUSTRY CO LTD,CHINA (MAINLAND),QINGDAO,CHINA (MAINLAND)
2021,470329,SINAR MAS,OKI,SULTAN MAHMUD BADARUDDIN (U),SUMATERA SELATAN,17500,10869801,UNKNOWN AFFILIATION,GREAT CHAMP (L) BHD,MALAYSIA,QINGDAO,CHINA (MAINLAND)
2021,470329,SINAR MAS,LONTAR PAPYRUS,KUALA TUNGKAL,JAMBI,502,321276,SINAR MAS,KING PAPER SOURCE TRADING (SHANGHAI) CO LTD,CHINA (MAINLAND),DALIAN,CHINA (MAINLAND)
2021,470329,SINAR MAS,LONTAR PAPYRUS,KUALA TUNGKAL,JAMBI,502,321486,SINAR MAS,KING PAPER SOURCE TRADING (SHANGHAI) CO LTD,CHINA (MAINLAND),DALIAN,CHINA (MAINLAND)
2021,470329,SINAR MAS,LONTAR PAPYRUS,KUALA TUNGKAL,JAMBI,502,321539,SINAR MAS,KING PAPER SOURCE TRADING (SHANGHAI) CO LTD,CHINA (MAINLAND),DALIAN,CHINA (MAINLAND)
2021,470329,SINAR MAS,LONTAR PAPYRUS,KUALA TUNGKAL,JAMBI,502,321567,SINAR MAS,KING PAPER SOURCE TRADING (SHANGHAI) CO LTD,CHINA (MAINLAND),DALIAN,CHINA (MAINLAND)
2021,470329,SINAR MAS,LONTAR PAPYRUS,KUALA TUNGKAL,JAMBI,502,326686,UNKNOWN AFFILIATION,THUAN PHAT IMPORT AND EXPORT CO LTD,VIETNAM,HAIPHONG,VIETNAM
2021,470329,SINAR MAS,LONTAR PAPYRUS,KUALA TUNGKAL,JAMBI,1009,646939,SINAR MAS,KING PAPER SOURCE TRADING (SHANGHAI) CO LTD,CHINA (MAINLAND),DALIAN,CHINA (MAINLAND)
2021,470329,MARUBENI,TANJUNG ENIM LESTARI,PANJANG,SUMATERA SELATAN,57,35426,MARUBENI,MARUBENI CORP,JAPAN,YANGON,MYANMAR
2021,470329,MARUBENI,TANJUNG ENIM LESTARI,PANJANG,SUMATERA SELATAN,105,59840,MARUBENI,MARUBENI CORP,JAPAN,CHITTAGONG,BANGLADESH
2021,470329,MARUBENI,TANJUNG ENIM LESTARI,PANJANG,SUMATERA SELATAN,105,70729,MARUBENI,MARUBENI CORP,JAPAN,WUHAN,CHINA (MAINLAND)
2021,470329,MARUBENI,TANJUNG ENIM LESTARI,PANJANG,SUMATERA SELATAN,207,141795,MARUBENI,MARUBENI CORP,JAPAN,XINGANG,CHINA (MAINLAND)
2021,470329,MARUBENI,TANJUNG ENIM LESTARI,PANJANG,SUMATERA SELATAN,208,136565,MARUBENI,MARUBENI CORP,JAPAN,XINGANG,CHINA (MAINLAND)
2021,470329,MARUBENI,TANJUNG ENIM LESTARI,PANJANG,SUMATERA SELATAN,272,185970,MARUBENI,MARUBENI CORP,JAPAN,QINGDAO,CHINA (MAINLAND)
2021,470329,MARUBENI,TANJUNG ENIM LESTARI,PANJANG,SUMATERA SELATAN,398,226245,MARUBENI,MARUBENI CORP,JAPAN,CHITTAGONG,BANGLADESH
2021,470329,MARUBENI,TANJUNG ENIM LESTARI,PANJANG,SUMATERA SELATAN,524,329060,MARUBENI,MARUBENI CORP,JAPAN,CHITTAGONG,BANGLADESH
2021,470329,MARUBENI,TANJUNG ENIM LESTARI,PANJANG,SUMATERA SELATAN,524,352030,MARUBENI,MARUBENI CORP,JAPAN,WUHAN,CHINA (MAINLAND)
2021,470329,MARUBENI,TANJUNG ENIM LESTARI,PANJANG,SUMATERA SELATAN,525,352451,MARUBENI,MARUBENI CORP,JAPAN,WUHAN,CHINA (MAINLAND)
2021,470329,MARUBENI,TANJUNG ENIM LESTARI,PANJANG,SUMATERA SELATAN,528,301406,MARUBENI,MARUBENI CORP,JAPAN,CHITTAGONG,BANGLADESH
2021,470329,MARUBENI,TANJUNG ENIM LESTARI,PANJANG,SUMATERA SELATAN,529,284293,MARUBENI,MARUBENI CORP,JAPAN,WUHAN,CHINA (MAINLAND)
2021,470329,MARUBENI,TANJUNG ENIM LESTARI,PANJANG,SUMATERA SELATAN,529,284719,MARUBENI,MARUBENI CORP,JAPAN,WUHAN,CHINA (MAINLAND)
2021,470329,MARUBENI,TANJUNG ENIM LESTARI,PANJANG,SUMATERA SELATAN,530,312955,MARUBENI,MARUBENI CORP,JAPAN,CHITTAGONG,BANGLADESH
2021,470329,MARUBENI,TANJUNG ENIM LESTARI,PANJANG,SUMATERA SELATAN,743,522856,MARUBENI,MARUBENI CORP,JAPAN,KEELUNG (CHILUNG),TAIWAN
2021,470329,MARUBENI,TANJUNG ENIM LESTARI,TANJUNG PRIOK,SUMATERA SELATAN,19,11837,MARUBENI,MARUBENI CORP,JAPAN,OSAKA,JAPAN
2021,470329,MARUBENI,TANJUNG ENIM LESTARI,TANJUNG PRIOK,SUMATERA SELATAN,42,24209,MARUBENI,MARUBENI CORP,JAPAN,JAWAHARLAL NEHRU (NHAVA SHEVA),INDIA
2021,470329,MARUBENI,TANJUNG ENIM LESTARI,TANJUNG PRIOK,SUMATERA SELATAN,57,34868,MARUBENI,MARUBENI CORP,JAPAN,SHIMIZU,JAPAN
2021,470329,MARUBENI,TANJUNG ENIM LESTARI,TANJUNG PRIOK,SUMATERA SELATAN,63,36677,MARUBENI,MARUBENI CORP,JAPAN,JAWAHARLAL NEHRU (NHAVA SHEVA),INDIA
2021,470329,MARUBENI,TANJUNG ENIM LESTARI,TANJUNG PRIOK,SUMATERA SELATAN,105,70936,MARUBENI,MARUBENI CORP,JAPAN,JAWAHARLAL NEHRU (NHAVA SHEVA),INDIA
2021,470329,MARUBENI,TANJUNG ENIM LESTARI,TANJUNG PRIOK,SUMATERA SELATAN,105,69096,MARUBENI,MARUBENI CORP,JAPAN,LAEM CHABANG,THAILAND
2021,470329,MARUBENI,TANJUNG ENIM LESTARI,TANJUNG PRIOK,SUMATERA SELATAN,105,68326,MARUBENI,MARUBENI CORP,JAPAN,JAWAHARLAL NEHRU (NHAVA SHEVA),INDIA
2021,470329,MARUBENI,TANJUNG ENIM LESTARI,TANJUNG PRIOK,SUMATERA SELATAN,105,69659,MARUBENI,MARUBENI CORP,JAPAN,HO CHI MINH CITY,VIETNAM
2021,470329,MARUBENI,TANJUNG ENIM LESTARI,TANJUNG PRIOK,SUMATERA SELATAN,106,73253,MARUBENI,MARUBENI CORP,JAPAN,JAWAHARLAL NEHRU (NHAVA SHEVA),INDIA
2021,470329,MARUBENI,TANJUNG ENIM LESTARI,TANJUNG PRIOK,SUMATERA SELATAN,106,54104,MARUBENI,MARUBENI CORP,JAPAN,PIPAVAV (VICTOR) PORT,INDIA
2021,470329,MARUBENI,TANJUNG ENIM LESTARI,TANJUNG PRIOK,SUMATERA SELATAN,106,71575,MARUBENI,MARUBENI CORP,JAPAN,JAWAHARLAL NEHRU (NHAVA SHEVA),INDIA
2021,470329,MARUBENI,TANJUNG ENIM LESTARI,TANJUNG PRIOK,SUMATERA SELATAN,106,72280,MARUBENI,MARUBENI CORP,JAPAN,JAWAHARLAL NEHRU (NHAVA SHEVA),INDIA
2021,470329,MARUBENI,TANJUNG ENIM LESTARI,TANJUNG PRIOK,SUMATERA SELATAN,107,62532,MARUBENI,MARUBENI CORP,JAPAN,PIPAVAV (VICTOR) PORT,INDIA
2021,470329,MARUBENI,TANJUNG ENIM LESTARI,TANJUNG PRIOK,SUMATERA SELATAN,107,63604,MARUBENI,MARUBENI CORP,JAPAN,HO CHI MINH CITY,VIETNAM
2021,470329,MARUBENI,TANJUNG ENIM LESTARI,TANJUNG PRIOK,SUMATERA SELATAN,190,116882,MARUBENI,MARUBENI CORP,JAPAN,SHIMIZU,JAPAN
2021,470329,MARUBENI,TANJUNG ENIM LESTARI,TANJUNG PRIOK,SUMATERA SELATAN,194,119014,MARUBENI,MARUBENI CORP,JAPAN,YOKOHAMA,JAPAN
2021,470329,MARUBENI,TANJUNG ENIM LESTARI,TANJUNG PRIOK,SUMATERA SELATAN,210,139365,MARUBENI,MARUBENI CORP,JAPAN,LAEM CHABANG,THAILAND
2021,470329,MARUBENI,TANJUNG ENIM LESTARI,TANJUNG PRIOK,SUMATERA SELATAN,211,138445,MARUBENI,MARUBENI CORP,JAPAN,LAEM CHABANG,THAILAND
2021,470329,MARUBENI,TANJUNG ENIM LESTARI,TANJUNG PRIOK,SUMATERA SELATAN,286,170319,MARUBENI,MARUBENI CORP,JAPAN,SHIMIZU,JAPAN
2021,470329,MARUBENI,TANJUNG ENIM LESTARI,TANJUNG PRIOK,SUMATERA SELATAN,315,207408,MARUBENI,MARUBENI CORP,JAPAN,LAEM CHABANG,THAILAND
2021,470329,MARUBENI,TANJUNG ENIM LESTARI,TANJUNG PRIOK,SUMATERA SELATAN,316,193828,MARUBENI,MARUBENI CORP,JAPAN,HALDIA,INDIA
2021,470329,MARUBENI,TANJUNG ENIM LESTARI,TANJUNG PRIOK,SUMATERA SELATAN,317,188223,MARUBENI,MARUBENI CORP,JAPAN,PENANG (GEORGETOWN),MALAYSIA
2021,470329,MARUBENI,TANJUNG ENIM LESTARI,TANJUNG PRIOK,SUMATERA SELATAN,317,186092,MARUBENI,MARUBENI CORP,JAPAN,CAT LAI,VIETNAM
2021,470329,MARUBENI,TANJUNG ENIM LESTARI,TANJUNG PRIOK,SUMATERA SELATAN,383,234213,MARUBENI,MARUBENI CORP,JAPAN,TOMAKOMAI,JAPAN
2021,470329,MARUBENI,TANJUNG ENIM LESTARI,TANJUNG PRIOK,SUMATERA SELATAN,383,234933,MARUBENI,MARUBENI CORP,JAPAN,TOMAKOMAI,JAPAN
2021,470329,MARUBENI,TANJUNG ENIM LESTARI,TANJUNG PRIOK,SUMATERA SELATAN,498,297661,MARUBENI,MARUBENI CORP,JAPAN,TOMAKOMAI,JAPAN
2021,470329,MARUBENI,TANJUNG ENIM LESTARI,TANJUNG PRIOK,SUMATERA SELATAN,526,348093,MARUBENI,MARUBENI CORP,JAPAN,LAEM CHABANG,THAILAND
2021,470329,MARUBENI,TANJUNG ENIM LESTARI,TANJUNG PRIOK,SUMATERA SELATAN,526,351059,MARUBENI,MARUBENI CORP,JAPAN,CHONGQING,CHINA (MAINLAND)
2021,470329,MARUBENI,TANJUNG ENIM LESTARI,TANJUNG PRIOK,SUMATERA SELATAN,958,588329,MARUBENI,MARUBENI CORP,JAPAN,SHIMIZU,JAPAN
2021,470329,MARUBENI,TANJUNG ENIM LESTARI,TANJUNG PRIOK,SUMATERA SELATAN,960,589781,MARUBENI,MARUBENI CORP,JAPAN,SHIMIZU,JAPAN
2021,470329,MARUBENI,TANJUNG ENIM LESTARI,TARAHAN,SUMATERA SELATAN,100,60482,MARUBENI,MARUBENI CORP,JAPAN,PYEONGTAEK,SOUTH KOREA
2021,470329,MARUBENI,TANJUNG ENIM LESTARI,TARAHAN,SUMATERA SELATAN,399,239971,MARUBENI,MARUBENI CORP,JAPAN,PYEONGTAEK,SOUTH KOREA
2021,470329,MARUBENI,TANJUNG ENIM LESTARI,TARAHAN,SUMATERA SELATAN,500,305760,MARUBENI,MARUBENI CORP,JAPAN,PYEONGTAEK,SOUTH KOREA
2021,470329,MARUBENI,TANJUNG ENIM LESTARI,TARAHAN,SUMATERA SELATAN,519,349246,MARUBENI,MARUBENI CORP,JAPAN,PYEONGTAEK,SOUTH KOREA
2021,470329,MARUBENI,TANJUNG ENIM LESTARI,TARAHAN,SUMATERA SELATAN,520,349872,MARUBENI,MARUBENI CORP,JAPAN,PYEONGTAEK,SOUTH KOREA
2021,470329,MARUBENI,TANJUNG ENIM LESTARI,TARAHAN,SUMATERA SELATAN,534,321350,MARUBENI,MARUBENI CORP,JAPAN,QINGDAO,CHINA (MAINLAND)
2021,470329,MARUBENI,TANJUNG ENIM LESTARI,TARAHAN,SUMATERA SELATAN,535,365680,MARUBENI,MARUBENI CORP,JAPAN,PYEONGTAEK,SOUTH KOREA
2021,470329,MARUBENI,TANJUNG ENIM LESTARI,TARAHAN,SUMATERA SELATAN,537,322928,MARUBENI,MARUBENI CORP,JAPAN,QINGDAO,CHINA (MAINLAND)
2021,470329,MARUBENI,TANJUNG ENIM LESTARI,TARAHAN,SUMATERA SELATAN,600,360706,MARUBENI,MARUBENI CORP,JAPAN,PYEONGTAEK,SOUTH KOREA
2021,470329,MARUBENI,TANJUNG ENIM LESTARI,TARAHAN,SUMATERA SELATAN,999,600651,MARUBENI,MARUBENI CORP,JAPAN,PYEONGTAEK,SOUTH KOREA
2021,470329,MARUBENI,TANJUNG ENIM LESTARI,TARAHAN,SUMATERA SELATAN,1039,698853,MARUBENI,MARUBENI CORP,JAPAN,PYEONGTAEK,SOUTH KOREA
2021,470329,MARUBENI,TANJUNG ENIM LESTARI,TARAHAN,SUMATERA SELATAN,1074,621385,MARUBENI,MARUBENI CORP,JAPAN,QINGDAO,CHINA (MAINLAND)
2021,470329,MARUBENI,TANJUNG ENIM LESTARI,TARAHAN,SUMATERA SELATAN,1612,970298,MARUBENI,MARUBENI CORP,JAPAN,QINGDAO,CHINA (MAINLAND)
2021,470329,MARUBENI,TANJUNG ENIM LESTARI,TARAHAN,SUMATERA SELATAN,2140,1286704,MARUBENI,MARUBENI CORP,JAPAN,QINGDAO,CHINA (MAINLAND)
2021,470329,MARUBENI,TANJUNG ENIM LESTARI,TARAHAN,SUMATERA SELATAN,2141,1287397,MARUBENI,MARUBENI CORP,JAPAN,QINGDAO,CHINA (MAINLAND)
2021,470329,MARUBENI,TANJUNG ENIM LESTARI,TARAHAN,SUMATERA SELATAN,2148,1292979,MARUBENI,MARUBENI CORP,JAPAN,QINGDAO,CHINA (MAINLAND)
2021,470329,MARUBENI,TANJUNG ENIM LESTARI,TARAHAN,SUMATERA SELATAN,2149,1293336,MARUBENI,MARUBENI CORP,JAPAN,QINGDAO,CHINA (MAINLAND)
2021,470329,MARUBENI,TANJUNG ENIM LESTARI,TARAHAN,SUMATERA SELATAN,2676,1609018,MARUBENI,MARUBENI CORP,JAPAN,QINGDAO,CHINA (MAINLAND)
2021,470200,ROYAL GOLDEN EAGLE,TOBA PULP LESTARI,BELAWAN,SUMATERA UTARA,193,170094,UNKNOWN AFFILIATION,GREENPOINT GLOBAL TRADING (MACAO COMMERCIAL OFFSHORE) LTD,MACAO,QINGDAO,CHINA (MAINLAND)
2021,470200,ROYAL GOLDEN EAGLE,TOBA PULP LESTARI,BELAWAN,SUMATERA UTARA,194,170901,UNKNOWN AFFILIATION,GREENPOINT GLOBAL TRADING (MACAO COMMERCIAL OFFSHORE) LTD,MACAO,QINGDAO,CHINA (MAINLAND)
2021,470200,ROYAL GOLDEN EAGLE,TOBA PULP LESTARI,BELAWAN,SUMATERA UTARA,251,221312,UNKNOWN AFFILIATION,GREENPOINT GLOBAL TRADING (MACAO COMMERCIAL OFFSHORE) LTD,MACAO,QINGDAO,CHINA (MAINLAND)
2021,470200,ROYAL GOLDEN EAGLE,TOBA PULP LESTARI,BELAWAN,SUMATERA UTARA,251,221417,UNKNOWN AFFILIATION,GREENPOINT GLOBAL TRADING (MACAO COMMERCIAL OFFSHORE) LTD,MACAO,QINGDAO,CHINA (MAINLAND)
2021,470200,ROYAL GOLDEN EAGLE,TOBA PULP LESTARI,BELAWAN,SUMATERA UTARA,309,272358,UNKNOWN AFFILIATION,GREENPOINT GLOBAL TRADING (MACAO COMMERCIAL OFFSHORE) LTD,MACAO,QINGDAO,CHINA (MAINLAND)
2021,470200,ROYAL GOLDEN EAGLE,TOBA PULP LESTARI,BELAWAN,SUMATERA UTARA,309,272845,UNKNOWN AFFILIATION,GREENPOINT GLOBAL TRADING (MACAO COMMERCIAL OFFSHORE) LTD,MACAO,QINGDAO,CHINA (MAINLAND)
2021,470200,ROYAL GOLDEN EAGLE,TOBA PULP LESTARI,BELAWAN,SUMATERA UTARA,501,441711,UNKNOWN AFFILIATION,GREENPOINT GLOBAL TRADING (MACAO COMMERCIAL OFFSHORE) LTD,MACAO,QINGDAO,CHINA (MAINLAND)
2021,470200,ROYAL GOLDEN EAGLE,TOBA PULP LESTARI,BELAWAN,SUMATERA UTARA,502,442473,UNKNOWN AFFILIATION,GREENPOINT GLOBAL TRADING (MACAO COMMERCIAL OFFSHORE) LTD,MACAO,QINGDAO,CHINA (MAINLAND)
2021,470200,ROYAL GOLDEN EAGLE,TOBA PULP LESTARI,BELAWAN,SUMATERA UTARA,502,443147,UNKNOWN AFFILIATION,GREENPOINT GLOBAL TRADING (MACAO COMMERCIAL OFFSHORE) LTD,MACAO,QINGDAO,CHINA (MAINLAND)
2021,470200,ROYAL GOLDEN EAGLE,TOBA PULP LESTARI,BELAWAN,SUMATERA UTARA,1002,883435,UNKNOWN AFFILIATION,GREENPOINT GLOBAL TRADING (MACAO COMMERCIAL OFFSHORE) LTD,MACAO,SHANGHAI,CHINA (MAINLAND)
2021,470200,ROYAL GOLDEN EAGLE,TOBA PULP LESTARI,BELAWAN,SUMATERA UTARA,1003,884522,UNKNOWN AFFILIATION,GREENPOINT GLOBAL TRADING (MACAO COMMERCIAL OFFSHORE) LTD,MACAO,QINGDAO,CHINA (MAINLAND)
2021,470329,SINAR MAS,INDAH KIAT,PERAWANG,RIAU,100,59966,GULF PAPER,GULF PAPER MANUFACTURING CO KSC,KUWAIT,SHUAIBA,KUWAIT
2021,470329,SINAR MAS,INDAH KIAT,PERAWANG,RIAU,132,81911,CREATIVE,CREATIVE PAPER MILLS LTD,BANGLADESH,CHITTAGONG,BANGLADESH
2021,470329,SINAR MAS,INDAH KIAT,PERAWANG,RIAU,140,93492,UNKNOWN AFFILIATION,NEW TOYO PULPPY (VIETNAM) CO LTD,VIETNAM,CAT LAI,VIETNAM
2021,470329,SINAR MAS,INDAH KIAT,PERAWANG,RIAU,160,106848,UNKNOWN AFFILIATION,NEW TOYO PULPPY (VIETNAM) CO LTD,VIETNAM,CAT LAI,VIETNAM
2021,470329,SINAR MAS,INDAH KIAT,PERAWANG,RIAU,200,119932,GULF PAPER,GULF PAPER MANUFACTURING CO KSC,KUWAIT,SHUAIBA,KUWAIT
2021,470329,SINAR MAS,INDAH KIAT,PERAWANG,RIAU,220,136518,CREATIVE,CREATIVE PAPER MILLS LTD,BANGLADESH,CHITTAGONG,BANGLADESH
2021,470329,SINAR MAS,INDAH KIAT,PERAWANG,RIAU,242,130916,DAHUA,DAHUA PAPER CO NIGERIA LTD,NIGERIA,APAPA,NIGERIA
2021,470329,SINAR MAS,INDAH KIAT,PERAWANG,RIAU,300,189176,UNKNOWN AFFILIATION,LINH AN TISSUE CO LTD,VIETNAM,HAIPHONG,VIETNAM
2021,470329,SINAR MAS,INDAH KIAT,PERAWANG,RIAU,380,253947,GULF PAPER,GULF PAPER MANUFACTURING CO KSC,KUWAIT,SHUAIBA,KUWAIT
2021,470329,SINAR MAS,INDAH KIAT,PERAWANG,RIAU,400,260005,SINAR MAS,KING PAPER SOURCE TRADING (SHANGHAI) CO LTD,CHINA (MAINLAND),QINZHOU,CHINA (MAINLAND)
2021,470329,SINAR MAS,INDAH KIAT,PERAWANG,RIAU,480,314570,SINAR MAS,KING PAPER SOURCE TRADING (SHANGHAI) CO LTD,CHINA (MAINLAND),DALIAN,CHINA (MAINLAND)
2021,470329,SINAR MAS,INDAH KIAT,PERAWANG,RIAU,500,321438,UNKNOWN AFFILIATION,P.P TRADING & MANUFACTURING JSC,VIETNAM,HAIPHONG,VIETNAM
2021,470329,SINAR MAS,INDAH KIAT,PERAWANG,RIAU,600,382680,SAIGON,SAIGON PAPER CORP,VIETNAM,CAT LAI,VIETNAM
2021,470329,SINAR MAS,INDAH KIAT,SUNGAI PAKNING,RIAU,400,246853,UNKNOWN AFFILIATION,GREAT CHAMP (L) BHD,MALAYSIA,QINGDAO,CHINA (MAINLAND)
2021,470329,SINAR MAS,INDAH KIAT,SUNGAI PAKNING,RIAU,500,310000,UNKNOWN AFFILIATION,TRUONG XUAN PAPER JOINT STOCK CO,VIETNAM,HAIPHONG,VIETNAM
2021,470329,SINAR MAS,INDAH KIAT,SUNGAI PAKNING,RIAU,706,444074,SINAR MAS,KING PAPER SOURCE TRADING (SHANGHAI) CO LTD,CHINA (MAINLAND),QINZHOU,CHINA (MAINLAND)
2021,470329,SINAR MAS,INDAH KIAT,SUNGAI PAKNING,RIAU,800,496800,SINAR MAS,KING PAPER SOURCE TRADING (SHANGHAI) CO LTD,CHINA (MAINLAND),QINZHOU,CHINA (MAINLAND)
2021,470329,SINAR MAS,INDAH KIAT,SUNGAI PAKNING,RIAU,1000,620000,IMEXCO BACGIANG,BAC GIANG IMPORT EXPORT JOINT STOCK CO,VIETNAM,HAIPHONG,VIETNAM
2021,470329,SINAR MAS,INDAH KIAT,SUNGAI PAKNING,RIAU,1200,678783,DRAGON CROWN HOLDINGS,DRAGON CROWN (HK) TRADING LTD,CHINA (HONG KONG),QINGDAO,CHINA (MAINLAND)
2021,470329,SINAR MAS,INDAH KIAT,SUNGAI PAKNING,RIAU,1590,799770,SINAR MAS,KING PAPER SOURCE TRADING (SHANGHAI) CO LTD,CHINA (MAINLAND),DAGANG,CHINA (MAINLAND)
2021,470329,SINAR MAS,INDAH KIAT,SUNGAI PAKNING,RIAU,1800,1101837,UNKNOWN AFFILIATION,GREAT CHAMP (L) BHD,MALAYSIA,CHANGSHU,CHINA (MAINLAND)
2021,470329,SINAR MAS,INDAH KIAT,SUNGAI PAKNING,RIAU,1840,1157360,SINAR MAS,KING PAPER SOURCE TRADING (SHANGHAI) CO LTD,CHINA (MAINLAND),QINZHOU,CHINA (MAINLAND)
2021,470329,SINAR MAS,INDAH KIAT,SUNGAI PAKNING,RIAU,1910,1075330,SINAR MAS,KING PAPER SOURCE TRADING (SHANGHAI) CO LTD,CHINA (MAINLAND),DAGANG,CHINA (MAINLAND)
2021,470329,SINAR MAS,INDAH KIAT,SUNGAI PAKNING,RIAU,2000,1116000,SINAR MAS,KING PAPER SOURCE TRADING (SHANGHAI) CO LTD,CHINA (MAINLAND),NINGBO,CHINA (MAINLAND)
2021,470329,SINAR MAS,INDAH KIAT,SUNGAI PAKNING,RIAU,2500,1407500,SINAR MAS,KING PAPER SOURCE TRADING (SHANGHAI) CO LTD,CHINA (MAINLAND),DAGANG,CHINA (MAINLAND)
2021,470329,SINAR MAS,INDAH KIAT,SUNGAI PAKNING,RIAU,2700,1581232,DRAGON CROWN HOLDINGS,DRAGON CROWN (HK) TRADING LTD,CHINA (HONG KONG),QINGDAO,CHINA (MAINLAND)
2021,470329,SINAR MAS,INDAH KIAT,SUNGAI PAKNING,RIAU,3000,1689000,SINAR MAS,KING PAPER SOURCE TRADING (SHANGHAI) CO LTD,CHINA (MAINLAND),DAGANG,CHINA (MAINLAND)
2021,470329,SINAR MAS,INDAH KIAT,SUNGAI PAKNING,RIAU,3354,2109666,SINAR MAS,KING PAPER SOURCE TRADING (SHANGHAI) CO LTD,CHINA (MAINLAND),QINZHOU,CHINA (MAINLAND)
2021,470329,SINAR MAS,INDAH KIAT,SUNGAI PAKNING,RIAU,4000,2456447,XIANMEN C&D,HONG KONG PAPER SOURCES CO LTD,CHINA (HONG KONG),CHONGQING,CHINA (MAINLAND)
2021,470329,SINAR MAS,INDAH KIAT,SUNGAI PAKNING,RIAU,4200,2601900,SINAR MAS,KING PAPER SOURCE TRADING (SHANGHAI) CO LTD,CHINA (MAINLAND),QINZHOU,CHINA (MAINLAND)
2021,470329,SINAR MAS,INDAH KIAT,SUNGAI PAKNING,RIAU,4500,2763587,DRAGON CROWN HOLDINGS,DRAGON CROWN (HK) TRADING LTD,CHINA (HONG KONG),CHANGSHU,CHINA (MAINLAND)
2021,470329,SINAR MAS,INDAH KIAT,SUNGAI PAKNING,RIAU,5000,3000000,SINAR MAS,KING PAPER SOURCE TRADING (SHANGHAI) CO LTD,CHINA (MAINLAND),NINGBO,CHINA (MAINLAND)
2021,470329,SINAR MAS,INDAH KIAT,SUNGAI PAKNING,RIAU,8100,4715421,DRAGON CROWN HOLDINGS,DRAGON CROWN (HK) TRADING LTD,CHINA (HONG KONG),QINGDAO,CHINA (MAINLAND)
2021,470329,SINAR MAS,INDAH KIAT,SUNGAI PAKNING,RIAU,9300,5446465,DRAGON CROWN HOLDINGS,DRAGON CROWN (HK) TRADING LTD,CHINA (HONG KONG),QINGDAO,CHINA (MAINLAND)
2021,470329,SINAR MAS,INDAH KIAT,SUNGAI PAKNING,RIAU,10800,6109046,SINAR MAS,KING PAPER SOURCE TRADING (SHANGHAI) CO LTD,CHINA (MAINLAND),QINGDAO,CHINA (MAINLAND)
2021,470200,ROYAL GOLDEN EAGLE,APRIL,BUATAN,RIAU,203,138173,ROYAL GOLDEN EAGLE,APRIL FAR EAST MALAYSIA SDN BHD,MALAYSIA,PORT KELANG,CHINA (MAINLAND)
2021,470200,ROYAL GOLDEN EAGLE,APRIL,BUATAN,RIAU,305,207250,ROYAL GOLDEN EAGLE,APRIL FAR EAST MALAYSIA SDN BHD,MALAYSIA,SINGAPORE,CHINA (MAINLAND)
2021,470200,ROYAL GOLDEN EAGLE,APRIL,BUATAN,RIAU,467,317720,ROYAL GOLDEN EAGLE,APRIL FAR EAST MALAYSIA SDN BHD,MALAYSIA,PORT KELANG,CHINA (MAINLAND)
2021,470200,ROYAL GOLDEN EAGLE,APRIL,BUATAN,RIAU,507,344821,ROYAL GOLDEN EAGLE,APRIL INTERNATIONAL ENTEPRISE PTE LTD,SINGAPORE,PORT KELANG,CHINA (MAINLAND)
2021,470200,ROYAL GOLDEN EAGLE,APRIL,BUATAN,RIAU,507,333289,ROYAL GOLDEN EAGLE,APRIL FAR EAST MALAYSIA SDN BHD,MALAYSIA,PORT KELANG,CHINA (MAINLAND)
2021,470200,ROYAL GOLDEN EAGLE,APRIL,BUATAN,RIAU,507,344976,ROYAL GOLDEN EAGLE,APRIL FAR EAST MALAYSIA SDN BHD,MALAYSIA,SINGAPORE,CHINA (MAINLAND)
2021,470200,ROYAL GOLDEN EAGLE,APRIL,BUATAN,RIAU,507,345071,ROYAL GOLDEN EAGLE,APRIL INTERNATIONAL ENTEPRISE PTE LTD,SINGAPORE,PORT KELANG,CHINA (MAINLAND)
2021,470200,ROYAL GOLDEN EAGLE,APRIL,BUATAN,RIAU,507,345076,ROYAL GOLDEN EAGLE,APRIL FAR EAST MALAYSIA SDN BHD,MALAYSIA,SINGAPORE,CHINA (MAINLAND)
2021,470200,ROYAL GOLDEN EAGLE,APRIL,BUATAN,RIAU,507,345096,ROYAL GOLDEN EAGLE,APRIL FAR EAST MALAYSIA SDN BHD,MALAYSIA,SINGAPORE,CHINA (MAINLAND)
2021,470200,ROYAL GOLDEN EAGLE,APRIL,BUATAN,RIAU,508,345154,ROYAL GOLDEN EAGLE,APRIL FAR EAST MALAYSIA SDN BHD,MALAYSIA,SINGAPORE,CHINA (MAINLAND)
2021,470200,ROYAL GOLDEN EAGLE,APRIL,BUATAN,RIAU,508,345171,ROYAL GOLDEN EAGLE,APRIL FAR EAST MALAYSIA SDN BHD,MALAYSIA,PORT KELANG,CHINA (MAINLAND)
2021,470200,ROYAL GOLDEN EAGLE,APRIL,BUATAN,RIAU,508,345179,ROYAL GOLDEN EAGLE,APRIL INTERNATIONAL ENTEPRISE PTE LTD,SINGAPORE,PORT KELANG,CHINA (MAINLAND)
2021,470200,ROYAL GOLDEN EAGLE,APRIL,BUATAN,RIAU,508,333515,ROYAL GOLDEN EAGLE,APRIL FAR EAST MALAYSIA SDN BHD,MALAYSIA,PORT KELANG,CHINA (MAINLAND)
2021,470200,ROYAL GOLDEN EAGLE,APRIL,BUATAN,RIAU,508,345216,ROYAL GOLDEN EAGLE,APRIL FAR EAST MALAYSIA SDN BHD,MALAYSIA,SINGAPORE,CHINA (MAINLAND)
2021,470200,ROYAL GOLDEN EAGLE,APRIL,BUATAN,RIAU,508,345225,ROYAL GOLDEN EAGLE,APRIL INTERNATIONAL ENTEPRISE PTE LTD,SINGAPORE,PORT KELANG,CHINA (MAINLAND)
2021,470200,ROYAL GOLDEN EAGLE,APRIL,BUATAN,RIAU,508,345253,ROYAL GOLDEN EAGLE,APRIL FAR EAST MALAYSIA SDN BHD,MALAYSIA,SINGAPORE,CHINA (MAINLAND)
2021,470200,ROYAL GOLDEN EAGLE,APRIL,BUATAN,RIAU,508,333580,ROYAL GOLDEN EAGLE,APRIL FAR EAST MALAYSIA SDN BHD,MALAYSIA,PORT KELANG,CHINA (MAINLAND)
2021,470200,ROYAL GOLDEN EAGLE,APRIL,BUATAN,RIAU,508,345283,ROYAL GOLDEN EAGLE,APRIL FAR EAST MALAYSIA SDN BHD,MALAYSIA,SINGAPORE,CHINA (MAINLAND)
2021,470200,ROYAL GOLDEN EAGLE,APRIL,BUATAN,RIAU,508,345299,ROYAL GOLDEN EAGLE,APRIL FAR EAST MALAYSIA SDN BHD,MALAYSIA,PORT KELANG,CHINA (MAINLAND)
2021,470200,ROYAL GOLDEN EAGLE,APRIL,BUATAN,RIAU,508,345340,ROYAL GOLDEN EAGLE,APRIL FAR EAST MALAYSIA SDN BHD,MALAYSIA,SINGAPORE,CHINA (MAINLAND)
2021,470200,ROYAL GOLDEN EAGLE,APRIL,BUATAN,RIAU,508,345343,ROYAL GOLDEN EAGLE,APRIL FAR EAST MALAYSIA SDN BHD,MALAYSIA,PORT KELANG,CHINA (MAINLAND)
2021,470200,ROYAL GOLDEN EAGLE,APRIL,BUATAN,RIAU,508,345343,ROYAL GOLDEN EAGLE,APRIL FAR EAST MALAYSIA SDN BHD,MALAYSIA,PORT KELANG,CHINA (MAINLAND)
2021,470200,ROYAL GOLDEN EAGLE,APRIL,BUATAN,RIAU,508,345371,ROYAL GOLDEN EAGLE,APRIL FAR EAST MALAYSIA SDN BHD,MALAYSIA,SINGAPORE,CHINA (MAINLAND)
2021,470200,ROYAL GOLDEN EAGLE,APRIL,BUATAN,RIAU,508,345397,ROYAL GOLDEN EAGLE,APRIL INTERNATIONAL ENTEPRISE PTE LTD,SINGAPORE,PORT KELANG,CHINA (MAINLAND)
2021,470200,ROYAL GOLDEN EAGLE,APRIL,BUATAN,RIAU,508,345443,ROYAL GOLDEN EAGLE,APRIL INTERNATIONAL ENTEPRISE PTE LTD,SINGAPORE,PORT KELANG,CHINA (MAINLAND)
2021,470200,ROYAL GOLDEN EAGLE,APRIL,BUATAN,RIAU,508,345513,ROYAL GOLDEN EAGLE,APRIL INTERNATIONAL ENTEPRISE PTE LTD,SINGAPORE,PORT KELANG,CHINA (MAINLAND)
2021,470200,ROYAL GOLDEN EAGLE,APRIL,UNKNOWN,RIAU,203,138160,ROYAL GOLDEN EAGLE,APRIL INTERNATIONAL ENTEPRISE PTE LTD,SINGAPORE,FUZHOU,CHINA (MAINLAND)
2021,470200,ROYAL GOLDEN EAGLE,APRIL,UNKNOWN,RIAU,264,179638,ROYAL GOLDEN EAGLE,APRIL INTERNATIONAL ENTEPRISE PTE LTD,SINGAPORE,FUZHOU,CHINA (MAINLAND)
2021,470200,ROYAL GOLDEN EAGLE,APRIL,UNKNOWN,RIAU,751,510721,ROYAL GOLDEN EAGLE,APRIL INTERNATIONAL ENTEPRISE PTE LTD,SINGAPORE,FUZHOU,CHINA (MAINLAND)
2021,470200,ROYAL GOLDEN EAGLE,APRIL,UNKNOWN,RIAU,1014,689615,ROYAL GOLDEN EAGLE,APRIL FAR EAST MALAYSIA SDN BHD,MALAYSIA,SHANGHAI,CHINA (MAINLAND)
2021,470200,ROYAL GOLDEN EAGLE,APRIL,UNKNOWN,RIAU,1015,689927,ROYAL GOLDEN EAGLE,APRIL FAR EAST MALAYSIA SDN BHD,MALAYSIA,SHANGHAI,CHINA (MAINLAND)
2021,470200,ROYAL GOLDEN EAGLE,APRIL,UNKNOWN,RIAU,1015,689965,ROYAL GOLDEN EAGLE,APRIL FAR EAST MALAYSIA SDN BHD,MALAYSIA,SHANGHAI,CHINA (MAINLAND)
2021,470200,ROYAL GOLDEN EAGLE,APRIL,UNKNOWN,RIAU,1015,690040,ROYAL GOLDEN EAGLE,APRIL FAR EAST MALAYSIA SDN BHD,MALAYSIA,SHANGHAI,CHINA (MAINLAND)
2021,470200,ROYAL GOLDEN EAGLE,APRIL,UNKNOWN,RIAU,1015,690114,ROYAL GOLDEN EAGLE,APRIL FAR EAST MALAYSIA SDN BHD,MALAYSIA,SHANGHAI,CHINA (MAINLAND)
2021,470200,ROYAL GOLDEN EAGLE,APRIL,UNKNOWN,RIAU,1015,690201,ROYAL GOLDEN EAGLE,APRIL INTERNATIONAL ENTEPRISE PTE LTD,SINGAPORE,FUZHOU,CHINA (MAINLAND)
2021,470200,ROYAL GOLDEN EAGLE,APRIL,UNKNOWN,RIAU,1015,690225,ROYAL GOLDEN EAGLE,APRIL FAR EAST MALAYSIA SDN BHD,MALAYSIA,SHANGHAI,CHINA (MAINLAND)
2021,470200,ROYAL GOLDEN EAGLE,APRIL,UNKNOWN,RIAU,1015,690255,ROYAL GOLDEN EAGLE,APRIL FAR EAST MALAYSIA SDN BHD,MALAYSIA,SHANGHAI,CHINA (MAINLAND)
2021,470200,ROYAL GOLDEN EAGLE,APRIL,UNKNOWN,RIAU,1015,690285,ROYAL GOLDEN EAGLE,APRIL FAR EAST MALAYSIA SDN BHD,MALAYSIA,TANJUNG PELEPAS,CHINA (MAINLAND)
2021,470200,ROYAL GOLDEN EAGLE,APRIL,UNKNOWN,RIAU,1015,690290,ROYAL GOLDEN EAGLE,APRIL FAR EAST MALAYSIA SDN BHD,MALAYSIA,SHANGHAI,CHINA (MAINLAND)
2021,470200,ROYAL GOLDEN EAGLE,APRIL,UNKNOWN,RIAU,1015,690294,ROYAL GOLDEN EAGLE,APRIL FAR EAST MALAYSIA SDN BHD,MALAYSIA,SHANGHAI,CHINA (MAINLAND)
2021,470200,ROYAL GOLDEN EAGLE,APRIL,UNKNOWN,RIAU,1015,690354,ROYAL GOLDEN EAGLE,APRIL FAR EAST MALAYSIA SDN BHD,MALAYSIA,SHANGHAI,CHINA (MAINLAND)
2021,470200,ROYAL GOLDEN EAGLE,APRIL,UNKNOWN,RIAU,1015,690373,ROYAL GOLDEN EAGLE,APRIL FAR EAST MALAYSIA SDN BHD,MALAYSIA,SHANGHAI,CHINA (MAINLAND)
2021,470200,ROYAL GOLDEN EAGLE,APRIL,UNKNOWN,RIAU,1015,690406,ROYAL GOLDEN EAGLE,APRIL FAR EAST MALAYSIA SDN BHD,MALAYSIA,SHANGHAI,CHINA (MAINLAND)
2021,470200,ROYAL GOLDEN EAGLE,APRIL,UNKNOWN,RIAU,1015,690415,ROYAL GOLDEN EAGLE,APRIL FAR EAST MALAYSIA SDN BHD,MALAYSIA,SHANGHAI,CHINA (MAINLAND)
2021,470200,ROYAL GOLDEN EAGLE,APRIL,UNKNOWN,RIAU,1015,690438,ROYAL GOLDEN EAGLE,APRIL FAR EAST MALAYSIA SDN BHD,MALAYSIA,SHANGHAI,CHINA (MAINLAND)
2021,470200,ROYAL GOLDEN EAGLE,APRIL,UNKNOWN,RIAU,1015,690441,ROYAL GOLDEN EAGLE,APRIL FAR EAST MALAYSIA SDN BHD,MALAYSIA,SHANGHAI,CHINA (MAINLAND)
2021,470200,ROYAL GOLDEN EAGLE,APRIL,UNKNOWN,RIAU,1015,690497,ROYAL GOLDEN EAGLE,APRIL FAR EAST MALAYSIA SDN BHD,MALAYSIA,SHANGHAI,CHINA (MAINLAND)
2021,470200,ROYAL GOLDEN EAGLE,APRIL,UNKNOWN,RIAU,1016,690568,ROYAL GOLDEN EAGLE,APRIL FAR EAST MALAYSIA SDN BHD,MALAYSIA,SHANGHAI,CHINA (MAINLAND)
2021,470200,ROYAL GOLDEN EAGLE,APRIL,UNKNOWN,RIAU,1016,690581,ROYAL GOLDEN EAGLE,APRIL FAR EAST MALAYSIA SDN BHD,MALAYSIA,SHANGHAI,CHINA (MAINLAND)
2021,470200,ROYAL GOLDEN EAGLE,APRIL,UNKNOWN,RIAU,1016,690626,ROYAL GOLDEN EAGLE,APRIL FAR EAST MALAYSIA SDN BHD,MALAYSIA,SHANGHAI,CHINA (MAINLAND)
2021,470200,ROYAL GOLDEN EAGLE,APRIL,UNKNOWN,RIAU,1016,690644,ROYAL GOLDEN EAGLE,APRIL FAR EAST MALAYSIA SDN BHD,MALAYSIA,SHANGHAI,CHINA (MAINLAND)
2021,470200,ROYAL GOLDEN EAGLE,APRIL,UNKNOWN,RIAU,1016,690717,ROYAL GOLDEN EAGLE,APRIL FAR EAST MALAYSIA SDN BHD,MALAYSIA,SHANGHAI,CHINA (MAINLAND)
2021,470200,ROYAL GOLDEN EAGLE,APRIL,UNKNOWN,RIAU,1016,691074,ROYAL GOLDEN EAGLE,APRIL INTERNATIONAL ENTEPRISE PTE LTD,SINGAPORE,SHANGHAI,CHINA (MAINLAND)
2021,470200,ROYAL GOLDEN EAGLE,APRIL,UNKNOWN,RIAU,1016,691087,ROYAL GOLDEN EAGLE,APRIL INTERNATIONAL ENTEPRISE PTE LTD,SINGAPORE,SHANGHAI,CHINA (MAINLAND)
2021,470200,ROYAL GOLDEN EAGLE,APRIL,UNKNOWN,RIAU,1017,691432,ROYAL GOLDEN EAGLE,APRIL FAR EAST MALAYSIA SDN BHD,MALAYSIA,SHANGHAI,CHINA (MAINLAND)
2021,470200,ROYAL GOLDEN EAGLE,APRIL,UNKNOWN,RIAU,3552,2415455,ROYAL GOLDEN EAGLE,APRIL FAR EAST MALAYSIA SDN BHD,MALAYSIA,CHANGSHU,CHINA (MAINLAND)
2021,470200,ROYAL GOLDEN EAGLE,APRIL,UNKNOWN,RIAU,3961,2602112,ROYAL GOLDEN EAGLE,APRIL FAR EAST MALAYSIA SDN BHD,MALAYSIA,XIUYING,CHINA (MAINLAND)
2021,470200,ROYAL GOLDEN EAGLE,APRIL,UNKNOWN,RIAU,5079,3453528,ROYAL GOLDEN EAGLE,APRIL FAR EAST MALAYSIA SDN BHD,MALAYSIA,LIANYUNGANG,CHINA (MAINLAND)
2021,470200,ROYAL GOLDEN EAGLE,APRIL,UNKNOWN,RIAU,5785,3933697,ROYAL GOLDEN EAGLE,APRIL FAR EAST MALAYSIA SDN BHD,MALAYSIA,CHANGSHU,CHINA (MAINLAND)
2021,470200,ROYAL GOLDEN EAGLE,APRIL,UNKNOWN,RIAU,6545,4450576,ROYAL GOLDEN EAGLE,APRIL INTERNATIONAL ENTEPRISE PTE LTD,SINGAPORE,CHANGSHU,CHINA (MAINLAND)
2021,470200,ROYAL GOLDEN EAGLE,APRIL,UNKNOWN,RIAU,9747,6627834,ROYAL GOLDEN EAGLE,APRIL INTERNATIONAL ENTEPRISE PTE LTD,SINGAPORE,XIUYING,CHINA (MAINLAND)
2021,470200,ROYAL GOLDEN EAGLE,APRIL,UNKNOWN,RIAU,18277,12390799,ROYAL GOLDEN EAGLE,APRIL FAR EAST MALAYSIA SDN BHD,MALAYSIA,LIANYUNGANG,CHINA (MAINLAND)
2021,470200,ROYAL GOLDEN EAGLE,APRIL,BUATAN,RIAU,345,234663,ROYAL GOLDEN EAGLE,APRIL FAR EAST MALAYSIA SDN BHD,MALAYSIA,PORT KELANG,CHINA (MAINLAND)
2021,470200,ROYAL GOLDEN EAGLE,APRIL,BUATAN,RIAU,506,343968,ROYAL GOLDEN EAGLE,APRIL FAR EAST MALAYSIA SDN BHD,MALAYSIA,PORT KELANG,CHINA (MAINLAND)
2021,470200,ROYAL GOLDEN EAGLE,APRIL,BUATAN,RIAU,506,344176,ROYAL GOLDEN EAGLE,APRIL FAR EAST MALAYSIA SDN BHD,MALAYSIA,PORT KELANG,CHINA (MAINLAND)
2021,470200,ROYAL GOLDEN EAGLE,APRIL,BUATAN,RIAU,507,344515,ROYAL GOLDEN EAGLE,APRIL INTERNATIONAL ENTEPRISE PTE LTD,SINGAPORE,PORT KELANG,CHINA (MAINLAND)
2021,470200,ROYAL GOLDEN EAGLE,APRIL,BUATAN,RIAU,507,344611,ROYAL GOLDEN EAGLE,APRIL FAR EAST MALAYSIA SDN BHD,MALAYSIA,PORT KELANG,CHINA (MAINLAND)
2021,470200,ROYAL GOLDEN EAGLE,APRIL,BUATAN,RIAU,507,344736,ROYAL GOLDEN EAGLE,APRIL FAR EAST MALAYSIA SDN BHD,MALAYSIA,SINGAPORE,CHINA (MAINLAND)
2021,470200,ROYAL GOLDEN EAGLE,APRIL,BUATAN,RIAU,507,344958,ROYAL GOLDEN EAGLE,APRIL FAR EAST MALAYSIA SDN BHD,MALAYSIA,PORT KELANG,CHINA (MAINLAND)
2021,470200,ROYAL GOLDEN EAGLE,APRIL,BUATAN,RIAU,507,345082,ROYAL GOLDEN EAGLE,APRIL FAR EAST MALAYSIA SDN BHD,MALAYSIA,PORT KELANG,CHINA (MAINLAND)
2021,470200,ROYAL GOLDEN EAGLE,APRIL,UNKNOWN,RIAU,162,110175,ROYAL GOLDEN EAGLE,APRIL INTERNATIONAL ENTEPRISE PTE LTD,SINGAPORE,FUZHOU,CHINA (MAINLAND)
2021,470200,ROYAL GOLDEN EAGLE,APRIL,UNKNOWN,RIAU,223,151958,ROYAL GOLDEN EAGLE,APRIL INTERNATIONAL ENTEPRISE PTE LTD,SINGAPORE,FUZHOU,CHINA (MAINLAND)
2021,470200,ROYAL GOLDEN EAGLE,APRIL,UNKNOWN,RIAU,426,289976,ROYAL GOLDEN EAGLE,APRIL INTERNATIONAL ENTEPRISE PTE LTD,SINGAPORE,FUZHOU,CHINA (MAINLAND)
2021,470200,ROYAL GOLDEN EAGLE,APRIL,UNKNOWN,RIAU,507,344889,ROYAL GOLDEN EAGLE,APRIL FAR EAST MALAYSIA SDN BHD,MALAYSIA,SHANGHAI,CHINA (MAINLAND)
2021,470200,ROYAL GOLDEN EAGLE,APRIL,UNKNOWN,RIAU,507,345062,ROYAL GOLDEN EAGLE,APRIL FAR EAST MALAYSIA SDN BHD,MALAYSIA,SHANGHAI,CHINA (MAINLAND)
2021,470200,ROYAL GOLDEN EAGLE,APRIL,UNKNOWN,RIAU,1013,688899,ROYAL GOLDEN EAGLE,APRIL FAR EAST MALAYSIA SDN BHD,MALAYSIA,SHANGHAI,CHINA (MAINLAND)
2021,470200,ROYAL GOLDEN EAGLE,APRIL,UNKNOWN,RIAU,1013,688943,ROYAL GOLDEN EAGLE,APRIL FAR EAST MALAYSIA SDN BHD,MALAYSIA,TANJUNG PELEPAS,CHINA (MAINLAND)
2021,470200,ROYAL GOLDEN EAGLE,APRIL,UNKNOWN,RIAU,1013,689052,ROYAL GOLDEN EAGLE,APRIL FAR EAST MALAYSIA SDN BHD,MALAYSIA,SHANGHAI,CHINA (MAINLAND)
2021,470200,ROYAL GOLDEN EAGLE,APRIL,UNKNOWN,RIAU,1014,689189,ROYAL GOLDEN EAGLE,APRIL FAR EAST MALAYSIA SDN BHD,MALAYSIA,SHANGHAI,CHINA (MAINLAND)
2021,470200,ROYAL GOLDEN EAGLE,APRIL,UNKNOWN,RIAU,1014,689227,ROYAL GOLDEN EAGLE,APRIL FAR EAST MALAYSIA SDN BHD,MALAYSIA,SHANGHAI,CHINA (MAINLAND)
2021,470200,ROYAL GOLDEN EAGLE,APRIL,UNKNOWN,RIAU,1014,689277,ROYAL GOLDEN EAGLE,APRIL FAR EAST MALAYSIA SDN BHD,MALAYSIA,SHANGHAI,CHINA (MAINLAND)
2021,470200,ROYAL GOLDEN EAGLE,APRIL,UNKNOWN,RIAU,1014,689295,ROYAL GOLDEN EAGLE,APRIL FAR EAST MALAYSIA SDN BHD,MALAYSIA,SHANGHAI,CHINA (MAINLAND)
2021,470200,ROYAL GOLDEN EAGLE,APRIL,UNKNOWN,RIAU,1014,689334,ROYAL GOLDEN EAGLE,APRIL FAR EAST MALAYSIA SDN BHD,MALAYSIA,TANJUNG PELEPAS,CHINA (MAINLAND)
2021,470200,ROYAL GOLDEN EAGLE,APRIL,UNKNOWN,RIAU,1014,689349,ROYAL GOLDEN EAGLE,APRIL FAR EAST MALAYSIA SDN BHD,MALAYSIA,TANJUNG PELEPAS,CHINA (MAINLAND)
2021,470200,ROYAL GOLDEN EAGLE,APRIL,UNKNOWN,RIAU,1014,689377,ROYAL GOLDEN EAGLE,APRIL FAR EAST MALAYSIA SDN BHD,MALAYSIA,SHANGHAI,CHINA (MAINLAND)
2021,470200,ROYAL GOLDEN EAGLE,APRIL,UNKNOWN,RIAU,1014,689440,ROYAL GOLDEN EAGLE,APRIL FAR EAST MALAYSIA SDN BHD,MALAYSIA,SHANGHAI,CHINA (MAINLAND)
2021,470200,ROYAL GOLDEN EAGLE,APRIL,UNKNOWN,RIAU,1014,689476,ROYAL GOLDEN EAGLE,APRIL FAR EAST MALAYSIA SDN BHD,MALAYSIA,SHANGHAI,CHINA (MAINLAND)
2021,470200,ROYAL GOLDEN EAGLE,APRIL,UNKNOWN,RIAU,1014,689495,ROYAL GOLDEN EAGLE,APRIL FAR EAST MALAYSIA SDN BHD,MALAYSIA,SHANGHAI,CHINA (MAINLAND)
2021,470200,ROYAL GOLDEN EAGLE,APRIL,UNKNOWN,RIAU,1014,689581,ROYAL GOLDEN EAGLE,APRIL FAR EAST MALAYSIA SDN BHD,MALAYSIA,SHANGHAI,CHINA (MAINLAND)
2021,470200,ROYAL GOLDEN EAGLE,APRIL,UNKNOWN,RIAU,1014,689588,ROYAL GOLDEN EAGLE,APRIL FAR EAST MALAYSIA SDN BHD,MALAYSIA,SHANGHAI,CHINA (MAINLAND)
2021,470200,ROYAL GOLDEN EAGLE,APRIL,UNKNOWN,RIAU,1014,689600,ROYAL GOLDEN EAGLE,APRIL FAR EAST MALAYSIA SDN BHD,MALAYSIA,SHANGHAI,CHINA (MAINLAND)
2021,470200,ROYAL GOLDEN EAGLE,APRIL,UNKNOWN,RIAU,1014,689708,ROYAL GOLDEN EAGLE,APRIL FAR EAST MALAYSIA SDN BHD,MALAYSIA,SHANGHAI,CHINA (MAINLAND)
2021,470200,ROYAL GOLDEN EAGLE,APRIL,UNKNOWN,RIAU,1014,689724,ROYAL GOLDEN EAGLE,APRIL FAR EAST MALAYSIA SDN BHD,MALAYSIA,SHANGHAI,CHINA (MAINLAND)
2021,470200,ROYAL GOLDEN EAGLE,APRIL,UNKNOWN,RIAU,1014,689784,ROYAL GOLDEN EAGLE,APRIL FAR EAST MALAYSIA SDN BHD,MALAYSIA,SHANGHAI,CHINA (MAINLAND)
2021,470200,ROYAL GOLDEN EAGLE,APRIL,UNKNOWN,RIAU,1014,689831,ROYAL GOLDEN EAGLE,APRIL FAR EAST MALAYSIA SDN BHD,MALAYSIA,SHANGHAI,CHINA (MAINLAND)
2021,470200,ROYAL GOLDEN EAGLE,APRIL,UNKNOWN,RIAU,1014,689850,ROYAL GOLDEN EAGLE,APRIL FAR EAST MALAYSIA SDN BHD,MALAYSIA,SHANGHAI,CHINA (MAINLAND)
2021,470200,ROYAL GOLDEN EAGLE,APRIL,UNKNOWN,RIAU,1015,689891,ROYAL GOLDEN EAGLE,APRIL FAR EAST MALAYSIA SDN BHD,MALAYSIA,SHANGHAI,CHINA (MAINLAND)
2021,470200,ROYAL GOLDEN EAGLE,APRIL,UNKNOWN,RIAU,1015,689961,ROYAL GOLDEN EAGLE,APRIL FAR EAST MALAYSIA SDN BHD,MALAYSIA,SHANGHAI,CHINA (MAINLAND)
2021,470200,ROYAL GOLDEN EAGLE,APRIL,UNKNOWN,RIAU,1015,690148,ROYAL GOLDEN EAGLE,APRIL FAR EAST MALAYSIA SDN BHD,MALAYSIA,SHANGHAI,CHINA (MAINLAND)
2021,470200,ROYAL GOLDEN EAGLE,APRIL,UNKNOWN,RIAU,1015,690239,ROYAL GOLDEN EAGLE,APRIL FAR EAST MALAYSIA SDN BHD,MALAYSIA,SHANGHAI,CHINA (MAINLAND)
2021,470200,ROYAL GOLDEN EAGLE,APRIL,UNKNOWN,RIAU,1015,690284,ROYAL GOLDEN EAGLE,APRIL FAR EAST MALAYSIA SDN BHD,MALAYSIA,SHANGHAI,CHINA (MAINLAND)
2021,470200,ROYAL GOLDEN EAGLE,APRIL,UNKNOWN,RIAU,1015,690323,ROYAL GOLDEN EAGLE,APRIL FAR EAST MALAYSIA SDN BHD,MALAYSIA,SHANGHAI,CHINA (MAINLAND)
2021,470329,ROYAL GOLDEN EAGLE,APRIL,BUATAN,RIAU,60,25858,ROYAL GOLDEN EAGLE,APRIL INTERNATIONAL ENTEPRISE PTE LTD,SINGAPORE,SINGAPORE,INDIA
2021,470329,ROYAL GOLDEN EAGLE,APRIL,BUATAN,RIAU,98,42085,ROYAL GOLDEN EAGLE,APRIL INTERNATIONAL ENTEPRISE PTE LTD,SINGAPORE,SINGAPORE,CHINA (MAINLAND)
2021,470329,ROYAL GOLDEN EAGLE,APRIL,BUATAN,RIAU,100,42934,ROYAL GOLDEN EAGLE,APRIL INTERNATIONAL ENTEPRISE PTE LTD,SINGAPORE,SINGAPORE,INDIA
2021,470329,ROYAL GOLDEN EAGLE,APRIL,BUATAN,RIAU,100,43009,ROYAL GOLDEN EAGLE,APRIL INTERNATIONAL ENTEPRISE PTE LTD,SINGAPORE,PORT KELANG,INDIA
2021,470329,ROYAL GOLDEN EAGLE,APRIL,BUATAN,RIAU,100,43012,ROYAL GOLDEN EAGLE,APRIL INTERNATIONAL ENTEPRISE PTE LTD,SINGAPORE,SINGAPORE,BANGLADESH
2021,470329,ROYAL GOLDEN EAGLE,APRIL,BUATAN,RIAU,101,43038,ROYAL GOLDEN EAGLE,APRIL INTERNATIONAL ENTEPRISE PTE LTD,SINGAPORE,SINGAPORE,BANGLADESH
2021,470329,ROYAL GOLDEN EAGLE,APRIL,BUATAN,RIAU,101,43040,ROYAL GOLDEN EAGLE,APRIL INTERNATIONAL ENTEPRISE PTE LTD,SINGAPORE,SINGAPORE,INDIA
2021,470329,ROYAL GOLDEN EAGLE,APRIL,BUATAN,RIAU,101,43105,ROYAL GOLDEN EAGLE,APRIL INTERNATIONAL ENTEPRISE PTE LTD,SINGAPORE,SINGAPORE,BANGLADESH
2021,470329,ROYAL GOLDEN EAGLE,APRIL,BUATAN,RIAU,101,43106,ROYAL GOLDEN EAGLE,APRIL INTERNATIONAL ENTEPRISE PTE LTD,SINGAPORE,PORT KELANG,INDIA
2021,470329,ROYAL GOLDEN EAGLE,APRIL,BUATAN,RIAU,101,43150,ROYAL GOLDEN EAGLE,APRIL INTERNATIONAL ENTEPRISE PTE LTD,SINGAPORE,PORT KELANG,INDIA
2021,470329,ROYAL GOLDEN EAGLE,APRIL,BUATAN,RIAU,141,60154,ROYAL GOLDEN EAGLE,APRIL INTERNATIONAL ENTEPRISE PTE LTD,SINGAPORE,PORT KELANG,UNITED ARAB EMIRATES
2021,470329,ROYAL GOLDEN EAGLE,APRIL,BUATAN,RIAU,141,60277,ROYAL GOLDEN EAGLE,APRIL INTERNATIONAL ENTEPRISE PTE LTD,SINGAPORE,PORT KELANG,INDIA
2021,470329,ROYAL GOLDEN EAGLE,APRIL,BUATAN,RIAU,161,68820,ROYAL GOLDEN EAGLE,APRIL INTERNATIONAL ENTEPRISE PTE LTD,SINGAPORE,PORT KELANG,UNITED ARAB EMIRATES
2021,470329,ROYAL GOLDEN EAGLE,APRIL,BUATAN,RIAU,200,82162,ROYAL GOLDEN EAGLE,APRIL INTERNATIONAL ENTEPRISE PTE LTD,SINGAPORE,PORT KELANG,INDIA
2021,470329,ROYAL GOLDEN EAGLE,APRIL,BUATAN,RIAU,201,82236,ROYAL GOLDEN EAGLE,APRIL INTERNATIONAL ENTEPRISE PTE LTD,SINGAPORE,PORT KELANG,INDIA
2021,470329,ROYAL GOLDEN EAGLE,APRIL,BUATAN,RIAU,201,85882,ROYAL GOLDEN EAGLE,APRIL INTERNATIONAL ENTEPRISE PTE LTD,SINGAPORE,SINGAPORE,INDIA
2021,470329,ROYAL GOLDEN EAGLE,APRIL,BUATAN,RIAU,201,85884,ROYAL GOLDEN EAGLE,APRIL INTERNATIONAL ENTEPRISE PTE LTD,SINGAPORE,PORT KELANG,INDIA
2021,470329,ROYAL GOLDEN EAGLE,APRIL,BUATAN,RIAU,201,85896,ROYAL GOLDEN EAGLE,APRIL INTERNATIONAL ENTEPRISE PTE LTD,SINGAPORE,PORT KELANG,INDIA
2021,470329,ROYAL GOLDEN EAGLE,APRIL,BUATAN,RIAU,201,82290,ROYAL GOLDEN EAGLE,APRIL INTERNATIONAL ENTEPRISE PTE LTD,SINGAPORE,PORT KELANG,INDIA
2021,470329,ROYAL GOLDEN EAGLE,APRIL,BUATAN,RIAU,201,85907,ROYAL GOLDEN EAGLE,APRIL INTERNATIONAL ENTEPRISE PTE LTD,SINGAPORE,PORT KELANG,UNITED ARAB EMIRATES
2021,470329,ROYAL GOLDEN EAGLE,APRIL,BUATAN,RIAU,201,85933,ROYAL GOLDEN EAGLE,APRIL INTERNATIONAL ENTEPRISE PTE LTD,SINGAPORE,PORT KELANG,UNITED ARAB EMIRATES
2021,470329,ROYAL GOLDEN EAGLE,APRIL,BUATAN,RIAU,201,85948,ROYAL GOLDEN EAGLE,APRIL INTERNATIONAL ENTEPRISE PTE LTD,SINGAPORE,PORT KELANG,UNITED ARAB EMIRATES
2021,470329,ROYAL GOLDEN EAGLE,APRIL,BUATAN,RIAU,201,85961,ROYAL GOLDEN EAGLE,APRIL FAR EAST MALAYSIA SDN BHD,MALAYSIA,SINGAPORE,CHINA (MAINLAND)
2021,470329,ROYAL GOLDEN EAGLE,APRIL,BUATAN,RIAU,201,85977,ROYAL GOLDEN EAGLE,APRIL INTERNATIONAL ENTEPRISE PTE LTD,SINGAPORE,PORT KELANG,UNITED ARAB EMIRATES
2021,470329,ROYAL GOLDEN EAGLE,APRIL,BUATAN,RIAU,201,85994,ROYAL GOLDEN EAGLE,APRIL INTERNATIONAL ENTEPRISE PTE LTD,SINGAPORE,PORT KELANG,INDIA
2021,470329,ROYAL GOLDEN EAGLE,APRIL,BUATAN,RIAU,201,86002,ROYAL GOLDEN EAGLE,APRIL INTERNATIONAL ENTEPRISE PTE LTD,SINGAPORE,PORT KELANG,UNITED ARAB EMIRATES
2021,470329,ROYAL GOLDEN EAGLE,APRIL,BUATAN,RIAU,201,86003,ROYAL GOLDEN EAGLE,APRIL INTERNATIONAL ENTEPRISE PTE LTD,SINGAPORE,SINGAPORE,INDIA
2021,470329,ROYAL GOLDEN EAGLE,APRIL,BUATAN,RIAU,201,86006,ROYAL GOLDEN EAGLE,APRIL INTERNATIONAL ENTEPRISE PTE LTD,SINGAPORE,SINGAPORE,CHINA (MAINLAND)
2021,470329,ROYAL GOLDEN EAGLE,APRIL,BUATAN,RIAU,201,86014,ROYAL GOLDEN EAGLE,APRIL INTERNATIONAL ENTEPRISE PTE LTD,SINGAPORE,PORT KELANG,UNITED ARAB EMIRATES
2021,470329,ROYAL GOLDEN EAGLE,APRIL,BUATAN,RIAU,201,82421,ROYAL GOLDEN EAGLE,APRIL INTERNATIONAL ENTEPRISE PTE LTD,SINGAPORE,PORT KELANG,INDIA
2021,470329,ROYAL GOLDEN EAGLE,APRIL,BUATAN,RIAU,201,86058,ROYAL GOLDEN EAGLE,APRIL INTERNATIONAL ENTEPRISE PTE LTD,SINGAPORE,SINGAPORE,BANGLADESH
2021,470329,ROYAL GOLDEN EAGLE,APRIL,BUATAN,RIAU,201,82450,ROYAL GOLDEN EAGLE,APRIL INTERNATIONAL ENTEPRISE PTE LTD,SINGAPORE,PORT KELANG,INDIA
2021,470329,ROYAL GOLDEN EAGLE,APRIL,BUATAN,RIAU,201,86087,ROYAL GOLDEN EAGLE,APRIL INTERNATIONAL ENTEPRISE PTE LTD,SINGAPORE,SINGAPORE,INDIA
2021,470329,ROYAL GOLDEN EAGLE,APRIL,BUATAN,RIAU,201,82478,ROYAL GOLDEN EAGLE,APRIL INTERNATIONAL ENTEPRISE PTE LTD,SINGAPORE,SINGAPORE,INDIA
2021,470329,ROYAL GOLDEN EAGLE,APRIL,BUATAN,RIAU,201,86100,ROYAL GOLDEN EAGLE,APRIL INTERNATIONAL ENTEPRISE PTE LTD,SINGAPORE,SINGAPORE,INDIA
2021,470329,ROYAL GOLDEN EAGLE,APRIL,BUATAN,RIAU,201,86129,ROYAL GOLDEN EAGLE,APRIL INTERNATIONAL ENTEPRISE PTE LTD,SINGAPORE,SINGAPORE,INDIA
2021,470329,ROYAL GOLDEN EAGLE,APRIL,BUATAN,RIAU,201,86167,ROYAL GOLDEN EAGLE,APRIL INTERNATIONAL ENTEPRISE PTE LTD,SINGAPORE,PORT KELANG,INDIA
2021,470329,ROYAL GOLDEN EAGLE,APRIL,BUATAN,RIAU,201,86237,ROYAL GOLDEN EAGLE,APRIL INTERNATIONAL ENTEPRISE PTE LTD,SINGAPORE,SINGAPORE,BANGLADESH
2021,470329,ROYAL GOLDEN EAGLE,APRIL,BUATAN,RIAU,261,111774,ROYAL GOLDEN EAGLE,APRIL INTERNATIONAL ENTEPRISE PTE LTD,SINGAPORE,SINGAPORE,CHINA (MAINLAND)
2021,470329,ROYAL GOLDEN EAGLE,APRIL,BUATAN,RIAU,279,119475,ROYAL GOLDEN EAGLE,APRIL INTERNATIONAL ENTEPRISE PTE LTD,SINGAPORE,SINGAPORE,DJIBOUTI
2021,470329,ROYAL GOLDEN EAGLE,APRIL,BUATAN,RIAU,301,128915,ROYAL GOLDEN EAGLE,APRIL INTERNATIONAL ENTEPRISE PTE LTD,SINGAPORE,SINGAPORE,THAILAND
2021,470329,ROYAL GOLDEN EAGLE,APRIL,BUATAN,RIAU,301,128971,ROYAL GOLDEN EAGLE,APRIL INTERNATIONAL ENTEPRISE PTE LTD,SINGAPORE,SINGAPORE,BANGLADESH
2021,470329,ROYAL GOLDEN EAGLE,APRIL,BUATAN,RIAU,402,164624,ROYAL GOLDEN EAGLE,APRIL INTERNATIONAL ENTEPRISE PTE LTD,SINGAPORE,SINGAPORE,THAILAND
2021,470329,ROYAL GOLDEN EAGLE,APRIL,BUATAN,RIAU,402,172153,ROYAL GOLDEN EAGLE,APRIL INTERNATIONAL ENTEPRISE PTE LTD,SINGAPORE,SINGAPORE,BANGLADESH
2021,470329,ROYAL GOLDEN EAGLE,APRIL,BUATAN,RIAU,502,214706,ROYAL GOLDEN EAGLE,APRIL FAR EAST MALAYSIA SDN BHD,MALAYSIA,SINGAPORE,CHINA (MAINLAND)
2021,470329,ROYAL GOLDEN EAGLE,APRIL,BUATAN,RIAU,502,214762,ROYAL GOLDEN EAGLE,APRIL INTERNATIONAL ENTEPRISE PTE LTD,SINGAPORE,SINGAPORE,CHINA (MAINLAND)
2021,470329,ROYAL GOLDEN EAGLE,APRIL,BUATAN,RIAU,502,205734,ROYAL GOLDEN EAGLE,APRIL INTERNATIONAL ENTEPRISE PTE LTD,SINGAPORE,SINGAPORE,INDIA
2021,470329,ROYAL GOLDEN EAGLE,APRIL,BUATAN,RIAU,502,215040,ROYAL GOLDEN EAGLE,APRIL FAR EAST MALAYSIA SDN BHD,MALAYSIA,SINGAPORE,CHINA (MAINLAND)
2021,470329,ROYAL GOLDEN EAGLE,APRIL,BUATAN,RIAU,503,215073,ROYAL GOLDEN EAGLE,APRIL INTERNATIONAL ENTEPRISE PTE LTD,SINGAPORE,SINGAPORE,BANGLADESH
2021,470329,ROYAL GOLDEN EAGLE,APRIL,BUATAN,RIAU,503,215090,ROYAL GOLDEN EAGLE,APRIL INTERNATIONAL ENTEPRISE PTE LTD,SINGAPORE,SINGAPORE,BANGLADESH
2021,470329,ROYAL GOLDEN EAGLE,APRIL,BUATAN,RIAU,503,215170,ROYAL GOLDEN EAGLE,APRIL INTERNATIONAL ENTEPRISE PTE LTD,SINGAPORE,SINGAPORE,BANGLADESH
2021,470329,ROYAL GOLDEN EAGLE,APRIL,BUATAN,RIAU,503,215291,ROYAL GOLDEN EAGLE,APRIL INTERNATIONAL ENTEPRISE PTE LTD,SINGAPORE,SINGAPORE,CHINA (MAINLAND)
2021,470329,ROYAL GOLDEN EAGLE,APRIL,UNKNOWN,RIAU,171,69939,ROYAL GOLDEN EAGLE,APRIL FAR EAST MALAYSIA SDN BHD,MALAYSIA,PYEONGTAEK,SOUTH KOREA
2021,470329,ROYAL GOLDEN EAGLE,APRIL,UNKNOWN,RIAU,502,214965,ROYAL GOLDEN EAGLE,APRIL INTERNATIONAL ENTEPRISE PTE LTD,SINGAPORE,CHANGSHU,CHINA (MAINLAND)
2021,470329,ROYAL GOLDEN EAGLE,APRIL,UNKNOWN,RIAU,653,279485,ROYAL GOLDEN EAGLE,APRIL INTERNATIONAL ENTEPRISE PTE LTD,SINGAPORE,PYEONGTAEK,SOUTH KOREA
2021,470329,ROYAL GOLDEN EAGLE,APRIL,UNKNOWN,RIAU,703,300702,ROYAL GOLDEN EAGLE,APRIL INTERNATIONAL ENTEPRISE PTE LTD,SINGAPORE,NINGBO,CHINA (MAINLAND)
2021,470329,ROYAL GOLDEN EAGLE,APRIL,UNKNOWN,RIAU,803,343615,ROYAL GOLDEN EAGLE,APRIL INTERNATIONAL ENTEPRISE PTE LTD,SINGAPORE,NINGBO,CHINA (MAINLAND)
2021,470329,ROYAL GOLDEN EAGLE,APRIL,UNKNOWN,RIAU,1004,429811,ROYAL GOLDEN EAGLE,APRIL INTERNATIONAL ENTEPRISE PTE LTD,SINGAPORE,NINGBO,CHINA (MAINLAND)
2021,470329,ROYAL GOLDEN EAGLE,APRIL,UNKNOWN,RIAU,1507,645051,ROYAL GOLDEN EAGLE,APRIL INTERNATIONAL ENTEPRISE PTE LTD,SINGAPORE,NINGBO,CHINA (MAINLAND)
2021,470329,ROYAL GOLDEN EAGLE,APRIL,UNKNOWN,RIAU,2009,860024,ROYAL GOLDEN EAGLE,APRIL INTERNATIONAL ENTEPRISE PTE LTD,SINGAPORE,ZHANJIANG,CHINA (MAINLAND)
2021,470329,ROYAL GOLDEN EAGLE,APRIL,UNKNOWN,RIAU,2541,1087596,ROYAL GOLDEN EAGLE,APRIL FAR EAST MALAYSIA SDN BHD,MALAYSIA,IYOMISHIMA,JAPAN
2021,470329,ROYAL GOLDEN EAGLE,APRIL,UNKNOWN,RIAU,3215,1384333,ROYAL GOLDEN EAGLE,APRIL FAR EAST MALAYSIA SDN BHD,MALAYSIA,CHANGSHU,CHINA (MAINLAND)
2021,470329,ROYAL GOLDEN EAGLE,APRIL,UNKNOWN,RIAU,3466,1483351,ROYAL GOLDEN EAGLE,APRIL INTERNATIONAL ENTEPRISE PTE LTD,SINGAPORE,PYEONGTAEK,SOUTH KOREA
2021,470329,ROYAL GOLDEN EAGLE,APRIL,UNKNOWN,RIAU,4319,1848591,ROYAL GOLDEN EAGLE,APRIL INTERNATIONAL ENTEPRISE PTE LTD,SINGAPORE,CHANGSHU,CHINA (MAINLAND)
2021,470329,ROYAL GOLDEN EAGLE,APRIL,UNKNOWN,RIAU,4723,2021429,ROYAL GOLDEN EAGLE,APRIL INTERNATIONAL ENTEPRISE PTE LTD,SINGAPORE,GUNSAN,SOUTH KOREA
2021,470329,ROYAL GOLDEN EAGLE,APRIL,UNKNOWN,RIAU,5023,2149787,ROYAL GOLDEN EAGLE,APRIL FAR EAST MALAYSIA SDN BHD,MALAYSIA,GAOLAN,CHINA (MAINLAND)
2021,470329,ROYAL GOLDEN EAGLE,APRIL,UNKNOWN,RIAU,5023,2149805,ROYAL GOLDEN EAGLE,APRIL INTERNATIONAL ENTEPRISE PTE LTD,SINGAPORE,CHANGSHU,CHINA (MAINLAND)
2021,470329,ROYAL GOLDEN EAGLE,APRIL,UNKNOWN,RIAU,6328,2708279,ROYAL GOLDEN EAGLE,APRIL FAR EAST MALAYSIA SDN BHD,MALAYSIA,NINGBO,CHINA (MAINLAND)
2021,470329,SINAR MAS,OKI,SULTAN MAHMUD BADARUDDIN (U),SUMATERA SELATAN,200,129000,SINAR MAS,KING PAPER SOURCE TRADING (SHANGHAI) CO LTD,CHINA (MAINLAND),CHANGSHU,CHINA (MAINLAND)
2021,470329,SINAR MAS,OKI,SULTAN MAHMUD BADARUDDIN (U),SUMATERA SELATAN,800,434400,SINAR MAS,KING PAPER SOURCE TRADING (SHANGHAI) CO LTD,CHINA (MAINLAND),CHANGSHU,CHINA (MAINLAND)
2021,470329,SINAR MAS,OKI,SULTAN MAHMUD BADARUDDIN (U),SUMATERA SELATAN,1000,614139,XIANMEN C&D,HONG KONG PAPER SOURCES CO LTD,CHINA (HONG KONG),CHANGSHU,CHINA (MAINLAND)
2021,470329,SINAR MAS,OKI,SULTAN MAHMUD BADARUDDIN (U),SUMATERA SELATAN,1500,920457,XIANMEN C&D,HONG KONG PAPER SOURCES CO LTD,CHINA (HONG KONG),QINGDAO,CHINA (MAINLAND)
2021,470329,SINAR MAS,OKI,SULTAN MAHMUD BADARUDDIN (U),SUMATERA SELATAN,1600,1042800,SINAR MAS,SHANDONG BOHUI PAPER INDUSTRY CO LTD,CHINA (MAINLAND),QINGDAO,CHINA (MAINLAND)
2021,470329,SINAR MAS,OKI,SULTAN MAHMUD BADARUDDIN (U),SUMATERA SELATAN,1700,1044037,UNKNOWN AFFILIATION,GREAT CHAMP (L) BHD,MALAYSIA,CHANGSHU,CHINA (MAINLAND)
2021,470329,SINAR MAS,OKI,SULTAN MAHMUD BADARUDDIN (U),SUMATERA SELATAN,2000,1228278,XIANMEN C&D,HONG KONG PAPER SOURCES CO LTD,CHINA (HONG KONG),CHANGSHU,CHINA (MAINLAND)
2021,470329,SINAR MAS,OKI,SULTAN MAHMUD BADARUDDIN (U),SUMATERA SELATAN,2500,1535348,XIANMEN C&D,HONG KONG PAPER SOURCES CO LTD,CHINA (HONG KONG),CHANGSHU,CHINA (MAINLAND)
2021,470329,SINAR MAS,OKI,SULTAN MAHMUD BADARUDDIN (U),SUMATERA SELATAN,3000,1959000,SINAR MAS,KING PAPER SOURCE TRADING (SHANGHAI) CO LTD,CHINA (MAINLAND),CHANGSHU,CHINA (MAINLAND)
2021,470329,SINAR MAS,OKI,SULTAN MAHMUD BADARUDDIN (U),SUMATERA SELATAN,3400,2146720,UNKNOWN AFFILIATION,GREAT CHAMP (L) BHD,MALAYSIA,QINGDAO,CHINA (MAINLAND)
2021,470329,SINAR MAS,OKI,SULTAN MAHMUD BADARUDDIN (U),SUMATERA SELATAN,4500,2938500,SINAR MAS,KING PAPER SOURCE TRADING (SHANGHAI) CO LTD,CHINA (MAINLAND),CHANGSHU,CHINA (MAINLAND)
2021,470329,SINAR MAS,OKI,SULTAN MAHMUD BADARUDDIN (U),SUMATERA SELATAN,4536,2916648,UNKNOWN AFFILIATION,GEODIS AUSTRALIA PTY LTD,AUSTRALIA,MELBOURNE,AUSTRALIA
2021,470329,SINAR MAS,OKI,SULTAN MAHMUD BADARUDDIN (U),SUMATERA SELATAN,5000,3265000,SINAR MAS,KING PAPER SOURCE TRADING (SHANGHAI) CO LTD,CHINA (MAINLAND),CHANGSHU,CHINA (MAINLAND)
2021,470329,SINAR MAS,OKI,SULTAN MAHMUD BADARUDDIN (U),SUMATERA SELATAN,5050,2987075,SINAR MAS,SHANDONG BOHUI PAPER INDUSTRY CO LTD,CHINA (MAINLAND),QINGDAO,CHINA (MAINLAND)
2021,470329,SINAR MAS,OKI,SULTAN MAHMUD BADARUDDIN (U),SUMATERA SELATAN,7000,4571000,SINAR MAS,KING PAPER SOURCE TRADING (SHANGHAI) CO LTD,CHINA (MAINLAND),CHANGSHU,CHINA (MAINLAND)
2021,470329,SINAR MAS,OKI,SULTAN MAHMUD BADARUDDIN (U),SUMATERA SELATAN,10000,6212315,SINAR MAS,KING PAPER SOURCE TRADING (SHANGHAI) CO LTD,CHINA (MAINLAND),QINGDAO,CHINA (MAINLAND)
2021,470329,SINAR MAS,OKI,SULTAN MAHMUD BADARUDDIN (U),SUMATERA SELATAN,12000,7740000,SINAR MAS,KING PAPER SOURCE TRADING (SHANGHAI) CO LTD,CHINA (MAINLAND),CHANGSHU,CHINA (MAINLAND)
2021,470329,SINAR MAS,OKI,SULTAN MAHMUD BADARUDDIN (U),SUMATERA SELATAN,12200,7486385,UNKNOWN AFFILIATION,GREAT CHAMP (L) BHD,MALAYSIA,QINGDAO,CHINA (MAINLAND)
2021,470329,SINAR MAS,OKI,SULTAN MAHMUD BADARUDDIN (U),SUMATERA SELATAN,12310,7176730,DRAGON CROWN HOLDINGS,DRAGON CROWN (HK) TRADING LTD,CHINA (HONG KONG),CHANGSHU,CHINA (MAINLAND)
2021,470329,SINAR MAS,OKI,SULTAN MAHMUD BADARUDDIN (U),SUMATERA SELATAN,15000,8745000,DRAGON CROWN HOLDINGS,DRAGON CROWN (HK) TRADING LTD,CHINA (HONG KONG),CHANGSHU,CHINA (MAINLAND)
2021,470329,SINAR MAS,OKI,SULTAN MAHMUD BADARUDDIN (U),SUMATERA SELATAN,19600,12176137,UNKNOWN AFFILIATION,GREAT CHAMP (L) BHD,MALAYSIA,QINGDAO,CHINA (MAINLAND)
2021,470329,SINAR MAS,LONTAR PAPYRUS,KUALA TUNGKAL,JAMBI,301,181936,BATAAN,BATAAN 2020 INC,PHILIPPINES,MANILA NORTH HARBOUR,PHILIPPINES
2021,470329,SINAR MAS,LONTAR PAPYRUS,SULTAN MAHMUD BADARUDDIN (U),JAMBI,10034,5808691,DRAGON CROWN HOLDINGS,DRAGON CROWN (HK) TRADING LTD,CHINA (HONG KONG),CHANGSHU,CHINA (MAINLAND)
2021,470329,SINAR MAS,LONTAR PAPYRUS,SULTAN MAHMUD BADARUDDIN (U),JAMBI,10035,5805964,DRAGON CROWN HOLDINGS,DRAGON CROWN (HK) TRADING LTD,CHINA (HONG KONG),CHANGSHU,CHINA (MAINLAND)
2021,470329,SINAR MAS,LONTAR PAPYRUS,SULTAN MAHMUD BADARUDDIN (U),JAMBI,10036,5809906,DRAGON CROWN HOLDINGS,DRAGON CROWN (HK) TRADING LTD,CHINA (HONG KONG),CHANGSHU,CHINA (MAINLAND)
2021,470329,MARUBENI,TANJUNG ENIM LESTARI,PANJANG,SUMATERA SELATAN,96,56250,MARUBENI,MARUBENI CORP,JAPAN,YANGON,MYANMAR
2021,470329,MARUBENI,TANJUNG ENIM LESTARI,PANJANG,SUMATERA SELATAN,314,169525,MARUBENI,MARUBENI CORP,JAPAN,QINGDAO,CHINA (MAINLAND)
2021,470329,MARUBENI,TANJUNG ENIM LESTARI,PANJANG,SUMATERA SELATAN,482,271465,MARUBENI,MARUBENI CORP,JAPAN,QINGDAO,CHINA (MAINLAND)
2021,470329,MARUBENI,TANJUNG ENIM LESTARI,PANJANG,SUMATERA SELATAN,483,272102,MARUBENI,MARUBENI CORP,JAPAN,QINGDAO,CHINA (MAINLAND)
2021,470329,MARUBENI,TANJUNG ENIM LESTARI,PANJANG,SUMATERA SELATAN,485,276965,MARUBENI,MARUBENI CORP,JAPAN,QINGDAO,CHINA (MAINLAND)
2021,470329,MARUBENI,TANJUNG ENIM LESTARI,PANJANG,SUMATERA SELATAN,485,273085,MARUBENI,MARUBENI CORP,JAPAN,QINGDAO,CHINA (MAINLAND)
2021,470329,MARUBENI,TANJUNG ENIM LESTARI,PANJANG,SUMATERA SELATAN,485,273329,MARUBENI,MARUBENI CORP,JAPAN,QINGDAO,CHINA (MAINLAND)
2021,470329,MARUBENI,TANJUNG ENIM LESTARI,PANJANG,SUMATERA SELATAN,486,277332,MARUBENI,MARUBENI CORP,JAPAN,QINGDAO,CHINA (MAINLAND)
2021,470329,MARUBENI,TANJUNG ENIM LESTARI,PANJANG,SUMATERA SELATAN,486,273866,MARUBENI,MARUBENI CORP,JAPAN,QINGDAO,CHINA (MAINLAND)
2021,470329,MARUBENI,TANJUNG ENIM LESTARI,PANJANG,SUMATERA SELATAN,522,282888,MARUBENI,MARUBENI CORP,JAPAN,NINGBO,CHINA (MAINLAND)
2021,470329,MARUBENI,TANJUNG ENIM LESTARI,PANJANG,SUMATERA SELATAN,525,280330,MARUBENI,MARUBENI CORP,JAPAN,WUHAN,CHINA (MAINLAND)
2021,470329,MARUBENI,TANJUNG ENIM LESTARI,PANJANG,SUMATERA SELATAN,527,293932,MARUBENI,MARUBENI CORP,JAPAN,NINGBO,CHINA (MAINLAND)
2021,470329,MARUBENI,TANJUNG ENIM LESTARI,PANJANG,SUMATERA SELATAN,527,281615,MARUBENI,MARUBENI CORP,JAPAN,WUHAN,CHINA (MAINLAND)
2021,470329,MARUBENI,TANJUNG ENIM LESTARI,PANJANG,SUMATERA SELATAN,528,291672,MARUBENI,MARUBENI CORP,JAPAN,WUHAN,CHINA (MAINLAND)
2021,470329,MARUBENI,TANJUNG ENIM LESTARI,PANJANG,SUMATERA SELATAN,528,282158,MARUBENI,MARUBENI CORP,JAPAN,WUHAN,CHINA (MAINLAND)
2021,470329,MARUBENI,TANJUNG ENIM LESTARI,PANJANG,SUMATERA SELATAN,528,282381,MARUBENI,MARUBENI CORP,JAPAN,WUHAN,CHINA (MAINLAND)
2021,470329,MARUBENI,TANJUNG ENIM LESTARI,PANJANG,SUMATERA SELATAN,530,292735,MARUBENI,MARUBENI CORP,JAPAN,WUHAN,CHINA (MAINLAND)
2021,470329,MARUBENI,TANJUNG ENIM LESTARI,PANJANG,SUMATERA SELATAN,530,287616,MARUBENI,MARUBENI CORP,JAPAN,XINHUI,CHINA (MAINLAND)
2021,470329,MARUBENI,TANJUNG ENIM LESTARI,PANJANG,SUMATERA SELATAN,532,287723,MARUBENI,MARUBENI CORP,JAPAN,NINGBO,CHINA (MAINLAND)
2021,470329,MARUBENI,TANJUNG ENIM LESTARI,PANJANG,SUMATERA SELATAN,532,297126,MARUBENI,MARUBENI CORP,JAPAN,XINHUI,CHINA (MAINLAND)
2021,470329,MARUBENI,TANJUNG ENIM LESTARI,PANJANG,SUMATERA SELATAN,533,297455,MARUBENI,MARUBENI CORP,JAPAN,XINHUI,CHINA (MAINLAND)
2021,470329,MARUBENI,TANJUNG ENIM LESTARI,PANJANG,SUMATERA SELATAN,534,288819,MARUBENI,MARUBENI CORP,JAPAN,NINGBO,CHINA (MAINLAND)
2021,470329,MARUBENI,TANJUNG ENIM LESTARI,PANJANG,SUMATERA SELATAN,736,459663,MARUBENI,MARUBENI CORP,JAPAN,KEELUNG (CHILUNG),TAIWAN
2021,470329,MARUBENI,TANJUNG ENIM LESTARI,TANJUNG PRIOK,SUMATERA SELATAN,64,36407,MARUBENI,MARUBENI CORP,JAPAN,PIPAVAV (VICTOR) PORT,INDIA
2021,470329,MARUBENI,TANJUNG ENIM LESTARI,TANJUNG PRIOK,SUMATERA SELATAN,77,45770,MARUBENI,MARUBENI CORP,JAPAN,SHIMIZU,JAPAN
2021,470329,MARUBENI,TANJUNG ENIM LESTARI,TANJUNG PRIOK,SUMATERA SELATAN,127,78470,MARUBENI,MARUBENI CORP,JAPAN,LAEM CHABANG,THAILAND
2021,470329,MARUBENI,TANJUNG ENIM LESTARI,TANJUNG PRIOK,SUMATERA SELATAN,147,83045,MARUBENI,MARUBENI CORP,JAPAN,WESTPORT/PORT KLANG,MALAYSIA
2021,470329,MARUBENI,TANJUNG ENIM LESTARI,TANJUNG PRIOK,SUMATERA SELATAN,148,78745,MARUBENI,MARUBENI CORP,JAPAN,JAWAHARLAL NEHRU (NHAVA SHEVA),INDIA
2021,470329,MARUBENI,TANJUNG ENIM LESTARI,TANJUNG PRIOK,SUMATERA SELATAN,149,99263,MARUBENI,MARUBENI CORP,JAPAN,JAWAHARLAL NEHRU (NHAVA SHEVA),INDIA
2021,470329,MARUBENI,TANJUNG ENIM LESTARI,TANJUNG PRIOK,SUMATERA SELATAN,189,115364,MARUBENI,MARUBENI CORP,JAPAN,LAT KRABANG,THAILAND
2021,470329,MARUBENI,TANJUNG ENIM LESTARI,TANJUNG PRIOK,SUMATERA SELATAN,190,107373,MARUBENI,MARUBENI CORP,JAPAN,LAEM CHABANG,THAILAND
2021,470329,MARUBENI,TANJUNG ENIM LESTARI,TANJUNG PRIOK,SUMATERA SELATAN,190,100836,MARUBENI,MARUBENI CORP,JAPAN,PIPAVAV (VICTOR) PORT,INDIA
2021,470329,MARUBENI,TANJUNG ENIM LESTARI,TANJUNG PRIOK,SUMATERA SELATAN,192,113892,MARUBENI,MARUBENI CORP,JAPAN,SHIMIZU,JAPAN
2021,470329,MARUBENI,TANJUNG ENIM LESTARI,TANJUNG PRIOK,SUMATERA SELATAN,210,135461,MARUBENI,MARUBENI CORP,JAPAN,JAWAHARLAL NEHRU (NHAVA SHEVA),INDIA
2021,470329,MARUBENI,TANJUNG ENIM LESTARI,TANJUNG PRIOK,SUMATERA SELATAN,296,160681,MARUBENI,MARUBENI CORP,JAPAN,QINGDAO,CHINA (MAINLAND)
2021,470329,MARUBENI,TANJUNG ENIM LESTARI,TANJUNG PRIOK,SUMATERA SELATAN,316,179568,MARUBENI,MARUBENI CORP,JAPAN,PENANG (GEORGETOWN),MALAYSIA
2021,470329,MARUBENI,TANJUNG ENIM LESTARI,TANJUNG PRIOK,SUMATERA SELATAN,318,188671,MARUBENI,MARUBENI CORP,JAPAN,LAEM CHABANG,THAILAND
2021,470329,MARUBENI,TANJUNG ENIM LESTARI,TANJUNG PRIOK,SUMATERA SELATAN,318,179029,MARUBENI,MARUBENI CORP,JAPAN,CAT LAI,VIETNAM
2021,470329,MARUBENI,TANJUNG ENIM LESTARI,TANJUNG PRIOK,SUMATERA SELATAN,482,273584,MARUBENI,MARUBENI CORP,JAPAN,QINGDAO,CHINA (MAINLAND)
2021,470329,MARUBENI,TANJUNG ENIM LESTARI,TANJUNG PRIOK,SUMATERA SELATAN,483,274321,MARUBENI,MARUBENI CORP,JAPAN,QINGDAO,CHINA (MAINLAND)
2021,470329,MARUBENI,TANJUNG ENIM LESTARI,TANJUNG PRIOK,SUMATERA SELATAN,483,259803,MARUBENI,MARUBENI CORP,JAPAN,VISAKHAPATNAM,INDIA
2021,470329,MARUBENI,TANJUNG ENIM LESTARI,TANJUNG PRIOK,SUMATERA SELATAN,484,260739,MARUBENI,MARUBENI CORP,JAPAN,QINGDAO,CHINA (MAINLAND)
2021,470329,MARUBENI,TANJUNG ENIM LESTARI,TANJUNG PRIOK,SUMATERA SELATAN,485,263883,MARUBENI,MARUBENI CORP,JAPAN,XINHUI,CHINA (MAINLAND)
2021,470329,MARUBENI,TANJUNG ENIM LESTARI,TANJUNG PRIOK,SUMATERA SELATAN,486,277106,MARUBENI,MARUBENI CORP,JAPAN,QINGDAO,CHINA (MAINLAND)
2021,470329,MARUBENI,TANJUNG ENIM LESTARI,TANJUNG PRIOK,SUMATERA SELATAN,499,296884,MARUBENI,MARUBENI CORP,JAPAN,SHIMIZU,JAPAN
2021,470329,MARUBENI,TANJUNG ENIM LESTARI,TANJUNG PRIOK,SUMATERA SELATAN,504,280062,MARUBENI,MARUBENI CORP,JAPAN,SHIMIZU,JAPAN
2021,470329,MARUBENI,TANJUNG ENIM LESTARI,TANJUNG PRIOK,SUMATERA SELATAN,505,287559,MARUBENI,MARUBENI CORP,JAPAN,QINGDAO,CHINA (MAINLAND)
2021,470329,MARUBENI,TANJUNG ENIM LESTARI,TANJUNG PRIOK,SUMATERA SELATAN,508,306750,MARUBENI,MARUBENI CORP,JAPAN,LAEM CHABANG,THAILAND
2021,470329,MARUBENI,TANJUNG ENIM LESTARI,TANJUNG PRIOK,SUMATERA SELATAN,508,285885,MARUBENI,MARUBENI CORP,JAPAN,QINGDAO,CHINA (MAINLAND)
2021,470329,MARUBENI,TANJUNG ENIM LESTARI,TANJUNG PRIOK,SUMATERA SELATAN,527,352595,MARUBENI,MARUBENI CORP,JAPAN,CHONGQING,CHINA (MAINLAND)
2021,470329,MARUBENI,TANJUNG ENIM LESTARI,TANJUNG PRIOK,SUMATERA SELATAN,665,358007,MARUBENI,MARUBENI CORP,JAPAN,WUHAN,CHINA (MAINLAND)
2021,470329,MARUBENI,TANJUNG ENIM LESTARI,TANJUNG PRIOK,SUMATERA SELATAN,675,392416,MARUBENI,MARUBENI CORP,JAPAN,KAOHSIUNG,TAIWAN
2021,470329,MARUBENI,TANJUNG ENIM LESTARI,TARAHAN,SUMATERA SELATAN,300,170966,MARUBENI,MARUBENI CORP,JAPAN,PYEONGTAEK,SOUTH KOREA
2021,470329,MARUBENI,TANJUNG ENIM LESTARI,TARAHAN,SUMATERA SELATAN,499,284313,MARUBENI,MARUBENI CORP,JAPAN,PYEONGTAEK,SOUTH KOREA
2021,470329,MARUBENI,TANJUNG ENIM LESTARI,TARAHAN,SUMATERA SELATAN,500,289546,MARUBENI,MARUBENI CORP,JAPAN,PYEONGTAEK,SOUTH KOREA
2021,470329,MARUBENI,TANJUNG ENIM LESTARI,TARAHAN,SUMATERA SELATAN,990,572335,MARUBENI,MARUBENI CORP,JAPAN,QINGDAO,CHINA (MAINLAND)
2021,470329,MARUBENI,TANJUNG ENIM LESTARI,TARAHAN,SUMATERA SELATAN,1000,573194,MARUBENI,MARUBENI CORP,JAPAN,QINGDAO,CHINA (MAINLAND)
2021,470329,MARUBENI,TANJUNG ENIM LESTARI,TARAHAN,SUMATERA SELATAN,1200,683811,MARUBENI,MARUBENI CORP,JAPAN,PYEONGTAEK,SOUTH KOREA
2021,470329,MARUBENI,TANJUNG ENIM LESTARI,TARAHAN,SUMATERA SELATAN,1970,1129450,MARUBENI,MARUBENI CORP,JAPAN,QINGDAO,CHINA (MAINLAND)
2021,470329,MARUBENI,TANJUNG ENIM LESTARI,TARAHAN,SUMATERA SELATAN,1971,1129818,MARUBENI,MARUBENI CORP,JAPAN,QINGDAO,CHINA (MAINLAND)
2021,470329,MARUBENI,TANJUNG ENIM LESTARI,TARAHAN,SUMATERA SELATAN,1971,1130105,MARUBENI,MARUBENI CORP,JAPAN,QINGDAO,CHINA (MAINLAND)
2021,470200,ROYAL GOLDEN EAGLE,APRIL,BUATAN,RIAU,507,344063,ROYAL GOLDEN EAGLE,APRIL INTERNATIONAL ENTEPRISE PTE LTD,SINGAPORE,PORT KELANG,CHINA (MAINLAND)
2021,470200,ROYAL GOLDEN EAGLE,APRIL,BUATAN,RIAU,507,344064,ROYAL GOLDEN EAGLE,APRIL INTERNATIONAL ENTEPRISE PTE LTD,SINGAPORE,PORT KELANG,CHINA (MAINLAND)
2021,470200,ROYAL GOLDEN EAGLE,APRIL,BUATAN,RIAU,507,344165,ROYAL GOLDEN EAGLE,APRIL INTERNATIONAL ENTEPRISE PTE LTD,SINGAPORE,PORT KELANG,CHINA (MAINLAND)
2021,470200,ROYAL GOLDEN EAGLE,APRIL,BUATAN,RIAU,507,344343,ROYAL GOLDEN EAGLE,APRIL INTERNATIONAL ENTEPRISE PTE LTD,SINGAPORE,PORT KELANG,CHINA (MAINLAND)
2021,470200,ROYAL GOLDEN EAGLE,APRIL,BUATAN,RIAU,507,344357,ROYAL GOLDEN EAGLE,APRIL INTERNATIONAL ENTEPRISE PTE LTD,SINGAPORE,PORT KELANG,CHINA (MAINLAND)
2021,470200,ROYAL GOLDEN EAGLE,APRIL,BUATAN,RIAU,507,344402,ROYAL GOLDEN EAGLE,APRIL INTERNATIONAL ENTEPRISE PTE LTD,SINGAPORE,PORT KELANG,CHINA (MAINLAND)
2021,470200,ROYAL GOLDEN EAGLE,APRIL,BUATAN,RIAU,507,344418,ROYAL GOLDEN EAGLE,APRIL FAR EAST MALAYSIA SDN BHD,MALAYSIA,PORT KELANG,CHINA (MAINLAND)
2021,470200,ROYAL GOLDEN EAGLE,APRIL,BUATAN,RIAU,508,344711,ROYAL GOLDEN EAGLE,APRIL INTERNATIONAL ENTEPRISE PTE LTD,SINGAPORE,SINGAPORE,CHINA (MAINLAND)
2021,470200,ROYAL GOLDEN EAGLE,APRIL,BUATAN,RIAU,508,344779,ROYAL GOLDEN EAGLE,APRIL FAR EAST MALAYSIA SDN BHD,MALAYSIA,PORT KELANG,CHINA (MAINLAND)
2021,470200,ROYAL GOLDEN EAGLE,APRIL,BUATAN,RIAU,508,344812,ROYAL GOLDEN EAGLE,APRIL FAR EAST MALAYSIA SDN BHD,MALAYSIA,PORT KELANG,CHINA (MAINLAND)
2021,470200,ROYAL GOLDEN EAGLE,APRIL,BUATAN,RIAU,508,344812,ROYAL GOLDEN EAGLE,APRIL FAR EAST MALAYSIA SDN BHD,MALAYSIA,PORT KELANG,CHINA (MAINLAND)
2021,470200,ROYAL GOLDEN EAGLE,APRIL,BUATAN,RIAU,508,344838,ROYAL GOLDEN EAGLE,APRIL FAR EAST MALAYSIA SDN BHD,MALAYSIA,SINGAPORE,CHINA (MAINLAND)
2021,470200,ROYAL GOLDEN EAGLE,APRIL,BUATAN,RIAU,508,344878,ROYAL GOLDEN EAGLE,APRIL FAR EAST MALAYSIA SDN BHD,MALAYSIA,SINGAPORE,CHINA (MAINLAND)
2021,470200,ROYAL GOLDEN EAGLE,APRIL,BUATAN,RIAU,508,344952,ROYAL GOLDEN EAGLE,APRIL FAR EAST MALAYSIA SDN BHD,MALAYSIA,SINGAPORE,CHINA (MAINLAND)
2021,470200,ROYAL GOLDEN EAGLE,APRIL,BUATAN,RIAU,508,344996,ROYAL GOLDEN EAGLE,APRIL FAR EAST MALAYSIA SDN BHD,MALAYSIA,PORT KELANG,CHINA (MAINLAND)
2021,470200,ROYAL GOLDEN EAGLE,APRIL,FUTONG,RIAU,102,68971,ROYAL GOLDEN EAGLE,APRIL INTERNATIONAL ENTEPRISE PTE LTD,SINGAPORE,SHANGHAI,CHINA (MAINLAND)
2021,470200,ROYAL GOLDEN EAGLE,APRIL,FUTONG,RIAU,405,275221,ROYAL GOLDEN EAGLE,APRIL INTERNATIONAL ENTEPRISE PTE LTD,SINGAPORE,SHANGHAI,CHINA (MAINLAND)
2021,470200,ROYAL GOLDEN EAGLE,APRIL,FUTONG,RIAU,1013,687699,ROYAL GOLDEN EAGLE,APRIL INTERNATIONAL ENTEPRISE PTE LTD,SINGAPORE,SHANGHAI,CHINA (MAINLAND)
2021,470200,ROYAL GOLDEN EAGLE,APRIL,FUTONG,RIAU,1013,688076,ROYAL GOLDEN EAGLE,APRIL INTERNATIONAL ENTEPRISE PTE LTD,SINGAPORE,SHANGHAI,CHINA (MAINLAND)
2021,470200,ROYAL GOLDEN EAGLE,APRIL,FUTONG,RIAU,1014,688562,ROYAL GOLDEN EAGLE,APRIL INTERNATIONAL ENTEPRISE PTE LTD,SINGAPORE,SHANGHAI,CHINA (MAINLAND)
2021,470200,ROYAL GOLDEN EAGLE,APRIL,FUTONG,RIAU,1014,688601,ROYAL GOLDEN EAGLE,APRIL INTERNATIONAL ENTEPRISE PTE LTD,SINGAPORE,SHANGHAI,CHINA (MAINLAND)
2021,470200,ROYAL GOLDEN EAGLE,APRIL,FUTONG,RIAU,1014,688640,ROYAL GOLDEN EAGLE,APRIL INTERNATIONAL ENTEPRISE PTE LTD,SINGAPORE,SHANGHAI,CHINA (MAINLAND)
2021,470200,ROYAL GOLDEN EAGLE,APRIL,FUTONG,RIAU,1014,688732,ROYAL GOLDEN EAGLE,APRIL INTERNATIONAL ENTEPRISE PTE LTD,SINGAPORE,FUZHOU,CHINA (MAINLAND)
2021,470200,ROYAL GOLDEN EAGLE,APRIL,FUTONG,RIAU,1015,688886,ROYAL GOLDEN EAGLE,APRIL INTERNATIONAL ENTEPRISE PTE LTD,SINGAPORE,SHANGHAI,CHINA (MAINLAND)
2021,470200,ROYAL GOLDEN EAGLE,APRIL,FUTONG,RIAU,1015,688890,ROYAL GOLDEN EAGLE,APRIL FAR EAST MALAYSIA SDN BHD,MALAYSIA,SHANGHAI,CHINA (MAINLAND)
2021,470200,ROYAL GOLDEN EAGLE,APRIL,FUTONG,RIAU,1015,689054,ROYAL GOLDEN EAGLE,APRIL INTERNATIONAL ENTEPRISE PTE LTD,SINGAPORE,FUZHOU,CHINA (MAINLAND)
2021,470200,ROYAL GOLDEN EAGLE,APRIL,FUTONG,RIAU,1015,689120,ROYAL GOLDEN EAGLE,APRIL INTERNATIONAL ENTEPRISE PTE LTD,SINGAPORE,FUZHOU,CHINA (MAINLAND)
2021,470200,ROYAL GOLDEN EAGLE,APRIL,FUTONG,RIAU,1015,689142,ROYAL GOLDEN EAGLE,APRIL INTERNATIONAL ENTEPRISE PTE LTD,SINGAPORE,FUZHOU,CHINA (MAINLAND)
2021,470200,ROYAL GOLDEN EAGLE,APRIL,FUTONG,RIAU,1015,689280,ROYAL GOLDEN EAGLE,APRIL FAR EAST MALAYSIA SDN BHD,MALAYSIA,SHANGHAI,CHINA (MAINLAND)
2021,470200,ROYAL GOLDEN EAGLE,APRIL,FUTONG,RIAU,1015,689311,ROYAL GOLDEN EAGLE,APRIL FAR EAST MALAYSIA SDN BHD,MALAYSIA,SHANGHAI,CHINA (MAINLAND)
2021,470200,ROYAL GOLDEN EAGLE,APRIL,FUTONG,RIAU,1015,689313,ROYAL GOLDEN EAGLE,APRIL FAR EAST MALAYSIA SDN BHD,MALAYSIA,SHANGHAI,CHINA (MAINLAND)
2021,470200,ROYAL GOLDEN EAGLE,APRIL,FUTONG,RIAU,1015,689402,ROYAL GOLDEN EAGLE,APRIL INTERNATIONAL ENTEPRISE PTE LTD,SINGAPORE,SHANGHAI,CHINA (MAINLAND)
2021,470200,ROYAL GOLDEN EAGLE,APRIL,FUTONG,RIAU,1015,689437,ROYAL GOLDEN EAGLE,APRIL FAR EAST MALAYSIA SDN BHD,MALAYSIA,SHANGHAI,CHINA (MAINLAND)
2021,470200,ROYAL GOLDEN EAGLE,APRIL,FUTONG,RIAU,1016,689593,ROYAL GOLDEN EAGLE,APRIL FAR EAST MALAYSIA SDN BHD,MALAYSIA,SHANGHAI,CHINA (MAINLAND)
2021,470200,ROYAL GOLDEN EAGLE,APRIL,FUTONG,RIAU,1016,689628,ROYAL GOLDEN EAGLE,APRIL INTERNATIONAL ENTEPRISE PTE LTD,SINGAPORE,FUZHOU,CHINA (MAINLAND)
2021,470200,ROYAL GOLDEN EAGLE,APRIL,FUTONG,RIAU,1016,689673,ROYAL GOLDEN EAGLE,APRIL INTERNATIONAL ENTEPRISE PTE LTD,SINGAPORE,SHANGHAI,CHINA (MAINLAND)
2021,470200,ROYAL GOLDEN EAGLE,APRIL,FUTONG,RIAU,1016,689680,ROYAL GOLDEN EAGLE,APRIL FAR EAST MALAYSIA SDN BHD,MALAYSIA,SHANGHAI,CHINA (MAINLAND)
2021,470200,ROYAL GOLDEN EAGLE,APRIL,FUTONG,RIAU,1016,689698,ROYAL GOLDEN EAGLE,APRIL FAR EAST MALAYSIA SDN BHD,MALAYSIA,SHANGHAI,CHINA (MAINLAND)
2021,470200,ROYAL GOLDEN EAGLE,APRIL,FUTONG,RIAU,1016,689816,ROYAL GOLDEN EAGLE,APRIL INTERNATIONAL ENTEPRISE PTE LTD,SINGAPORE,FUZHOU,CHINA (MAINLAND)
2021,470200,ROYAL GOLDEN EAGLE,APRIL,FUTONG,RIAU,1016,689829,ROYAL GOLDEN EAGLE,APRIL INTERNATIONAL ENTEPRISE PTE LTD,SINGAPORE,SHANGHAI,CHINA (MAINLAND)
2021,470200,ROYAL GOLDEN EAGLE,APRIL,FUTONG,RIAU,1016,689856,ROYAL GOLDEN EAGLE,APRIL INTERNATIONAL ENTEPRISE PTE LTD,SINGAPORE,SHANGHAI,CHINA (MAINLAND)
2021,470200,ROYAL GOLDEN EAGLE,APRIL,FUTONG,RIAU,1016,690087,ROYAL GOLDEN EAGLE,APRIL FAR EAST MALAYSIA SDN BHD,MALAYSIA,SHANGHAI,CHINA (MAINLAND)
2021,470200,ROYAL GOLDEN EAGLE,APRIL,FUTONG,RIAU,1016,690174,ROYAL GOLDEN EAGLE,APRIL INTERNATIONAL ENTEPRISE PTE LTD,SINGAPORE,SHANGHAI,CHINA (MAINLAND)
2021,470200,ROYAL GOLDEN EAGLE,TOBA PULP LESTARI,BELAWAN,SUMATERA UTARA,115,101636,UNKNOWN AFFILIATION,GREENPOINT GLOBAL TRADING (MACAO COMMERCIAL OFFSHORE) LTD,MACAO,QINGDAO,CHINA (MAINLAND)
2021,470200,ROYAL GOLDEN EAGLE,TOBA PULP LESTARI,BELAWAN,SUMATERA UTARA,385,339424,UNKNOWN AFFILIATION,GREENPOINT GLOBAL TRADING (MACAO COMMERCIAL OFFSHORE) LTD,MACAO,QINGDAO,CHINA (MAINLAND)
2021,470200,ROYAL GOLDEN EAGLE,TOBA PULP LESTARI,BELAWAN,SUMATERA UTARA,502,465393,UNKNOWN AFFILIATION,GREENPOINT GLOBAL TRADING (MACAO COMMERCIAL OFFSHORE) LTD,MACAO,QINGDAO,CHINA (MAINLAND)
2021,470329,SINAR MAS,INDAH KIAT,PERAWANG,RIAU,24,13299,SINAR MAS,GOLDEN PROFIT TRADING PTE LTD,SINGAPORE,SOUTHAMPTON,UNITED KINGDOM
2021,470329,SINAR MAS,INDAH KIAT,PERAWANG,RIAU,100,62000,SINAR MAS,GOLDEN PROFIT TRADING PTE LTD,SINGAPORE,GUNSAN (ES KUNSAN),SOUTH KOREA
2021,470329,SINAR MAS,INDAH KIAT,PERAWANG,RIAU,120,44492,SINAR MAS,GOLDEN PROFIT TRADING PTE LTD,SINGAPORE,EL ISKANDARIYA (= ALEXAND,EGYPT
2021,470329,SINAR MAS,INDAH KIAT,PERAWANG,RIAU,200,74153,SINAR MAS,GOLDEN PROFIT TRADING PTE LTD,SINGAPORE,EL ISKANDARIYA (= ALEXAND,EGYPT
2021,470329,SINAR MAS,INDAH KIAT,PERAWANG,RIAU,240,147618,SINAR MAS,GOLDEN PROFIT TRADING PTE LTD,SINGAPORE,JEBEL ALI,UNITED ARAB EMIRATES
2021,470329,SINAR MAS,INDAH KIAT,PERAWANG,RIAU,400,236000,SINAR MAS,GOLDEN PROFIT TRADING PTE LTD,SINGAPORE,GUNSAN (ES KUNSAN),SOUTH KOREA
2021,470329,SINAR MAS,INDAH KIAT,PERAWANG,RIAU,500,316569,SINAR MAS,GOLDEN PROFIT TRADING PTE LTD,SINGAPORE,HAIPHONG,VIETNAM
2021,470329,SINAR MAS,INDAH KIAT,PERAWANG,RIAU,624,368784,CHINA UNION,CHINA UNION (MACAO COMMERCIAL OFFSHORE) CO LTD,MACAO,SHANGHAI,CHINA (MAINLAND)
2021,470329,SINAR MAS,INDAH KIAT,PERAWANG,RIAU,700,383950,SINAR MAS,GOLDEN PROFIT TRADING PTE LTD,SINGAPORE,HAIPHONG,VIETNAM
2021,470329,SINAR MAS,INDAH KIAT,PERAWANG,RIAU,1000,548500,SINAR MAS,GOLDEN PROFIT TRADING PTE LTD,SINGAPORE,HAIPHONG,VIETNAM
2021,470329,SINAR MAS,INDAH KIAT,PERAWANG,RIAU,1882,1112262,CHINA UNION,CHINA UNION (MACAO COMMERCIAL OFFSHORE) CO LTD,MACAO,SHANGHAI,CHINA (MAINLAND)
2021,470329,SINAR MAS,INDAH KIAT,PERAWANG,RIAU,2000,1097000,SINAR MAS,GOLDEN PROFIT TRADING PTE LTD,SINGAPORE,HAIPHONG,VIETNAM
2021,470329,SINAR MAS,INDAH KIAT,PERAWANG,RIAU,2100,1249500,SINAR MAS,GOLDEN PROFIT TRADING PTE LTD,SINGAPORE,QINZHOU,CHINA (MAINLAND)
2021,470329,SINAR MAS,INDAH KIAT,PERAWANG,RIAU,2200,1309000,SINAR MAS,GOLDEN PROFIT TRADING PTE LTD,SINGAPORE,QINZHOU,CHINA (MAINLAND)
2021,470329,SINAR MAS,INDAH KIAT,PERAWANG,RIAU,3000,1650000,SINAR MAS,GOLDEN PROFIT TRADING PTE LTD,SINGAPORE,HAIPHONG,VIETNAM
2021,470329,SINAR MAS,INDAH KIAT,PERAWANG,RIAU,3150,1861650,CHINA UNION,CHINA UNION (MACAO COMMERCIAL OFFSHORE) CO LTD,MACAO,SHANGHAI,CHINA (MAINLAND)
2021,470329,SINAR MAS,INDAH KIAT,PERAWANG,RIAU,3674,2171334,CHINA UNION,CHINA UNION (MACAO COMMERCIAL OFFSHORE) CO LTD,MACAO,SHANGHAI,CHINA (MAINLAND)
2021,470329,SINAR MAS,INDAH KIAT,PERAWANG,RIAU,5000,3100000,SINAR MAS,GOLDEN PROFIT TRADING PTE LTD,SINGAPORE,GUNSAN (ES KUNSAN),SOUTH KOREA
2021,470329,ROYAL GOLDEN EAGLE,APRIL,BUATAN,RIAU,24,9137,ROYAL GOLDEN EAGLE,APRIL FAR EAST MALAYSIA SDN BHD,MALAYSIA,SINGAPORE,JAPAN
2021,470329,ROYAL GOLDEN EAGLE,APRIL,BUATAN,RIAU,80,30555,ROYAL GOLDEN EAGLE,APRIL INTERNATIONAL ENTEPRISE PTE LTD,SINGAPORE,SINGAPORE,SAUDI ARABIA
2021,470329,ROYAL GOLDEN EAGLE,APRIL,BUATAN,RIAU,80,30582,ROYAL GOLDEN EAGLE,APRIL INTERNATIONAL ENTEPRISE PTE LTD,SINGAPORE,SINGAPORE,INDIA
2021,470329,ROYAL GOLDEN EAGLE,APRIL,BUATAN,RIAU,101,38367,ROYAL GOLDEN EAGLE,APRIL INTERNATIONAL ENTEPRISE PTE LTD,SINGAPORE,PORT KELANG,INDIA
2021,470329,ROYAL GOLDEN EAGLE,APRIL,BUATAN,RIAU,121,45817,ROYAL GOLDEN EAGLE,APRIL INTERNATIONAL ENTEPRISE PTE LTD,SINGAPORE,SINGAPORE,INDIA
2021,470329,ROYAL GOLDEN EAGLE,APRIL,BUATAN,RIAU,201,76278,ROYAL GOLDEN EAGLE,APRIL INTERNATIONAL ENTEPRISE PTE LTD,SINGAPORE,PORT KELANG,INDIA
2021,470329,ROYAL GOLDEN EAGLE,APRIL,BUATAN,RIAU,201,76307,ROYAL GOLDEN EAGLE,APRIL INTERNATIONAL ENTEPRISE PTE LTD,SINGAPORE,SINGAPORE,CHINA (MAINLAND)
2021,470329,ROYAL GOLDEN EAGLE,APRIL,BUATAN,RIAU,201,76339,ROYAL GOLDEN EAGLE,APRIL INTERNATIONAL ENTEPRISE PTE LTD,SINGAPORE,SINGAPORE,INDIA
2021,470329,ROYAL GOLDEN EAGLE,APRIL,BUATAN,RIAU,201,76348,ROYAL GOLDEN EAGLE,APRIL INTERNATIONAL ENTEPRISE PTE LTD,SINGAPORE,SINGAPORE,INDIA
2021,470329,ROYAL GOLDEN EAGLE,APRIL,BUATAN,RIAU,201,76367,ROYAL GOLDEN EAGLE,APRIL INTERNATIONAL ENTEPRISE PTE LTD,SINGAPORE,SINGAPORE,INDIA
2021,470329,ROYAL GOLDEN EAGLE,APRIL,BUATAN,RIAU,201,76404,ROYAL GOLDEN EAGLE,APRIL INTERNATIONAL ENTEPRISE PTE LTD,SINGAPORE,SINGAPORE,INDIA
2021,470329,ROYAL GOLDEN EAGLE,APRIL,BUATAN,RIAU,201,76415,ROYAL GOLDEN EAGLE,APRIL INTERNATIONAL ENTEPRISE PTE LTD,SINGAPORE,SINGAPORE,INDIA
2021,470329,ROYAL GOLDEN EAGLE,APRIL,BUATAN,RIAU,201,86113,ROYAL GOLDEN EAGLE,APRIL INTERNATIONAL ENTEPRISE PTE LTD,SINGAPORE,SINGAPORE,INDIA
2021,470329,ROYAL GOLDEN EAGLE,APRIL,BUATAN,RIAU,261,99108,ROYAL GOLDEN EAGLE,APRIL INTERNATIONAL ENTEPRISE PTE LTD,SINGAPORE,SINGAPORE,CHINA (MAINLAND)
2021,470329,ROYAL GOLDEN EAGLE,APRIL,BUATAN,RIAU,261,99313,ROYAL GOLDEN EAGLE,APRIL INTERNATIONAL ENTEPRISE PTE LTD,SINGAPORE,SINGAPORE,THAILAND
2021,470329,ROYAL GOLDEN EAGLE,APRIL,BUATAN,RIAU,301,114431,ROYAL GOLDEN EAGLE,APRIL INTERNATIONAL ENTEPRISE PTE LTD,SINGAPORE,SINGAPORE,CHINA (MAINLAND)
2021,470329,ROYAL GOLDEN EAGLE,APRIL,BUATAN,RIAU,322,122198,ROYAL GOLDEN EAGLE,APRIL INTERNATIONAL ENTEPRISE PTE LTD,SINGAPORE,SINGAPORE,INDIA
2021,470329,ROYAL GOLDEN EAGLE,APRIL,BUATAN,RIAU,502,190664,ROYAL GOLDEN EAGLE,APRIL INTERNATIONAL ENTEPRISE PTE LTD,SINGAPORE,SINGAPORE,CHINA (MAINLAND)
2021,470329,ROYAL GOLDEN EAGLE,APRIL,BUATAN,RIAU,502,190705,ROYAL GOLDEN EAGLE,APRIL FAR EAST MALAYSIA SDN BHD,MALAYSIA,SINGAPORE,CHINA (MAINLAND)
2021,470329,ROYAL GOLDEN EAGLE,APRIL,BUATAN,RIAU,502,190749,ROYAL GOLDEN EAGLE,APRIL INTERNATIONAL ENTEPRISE PTE LTD,SINGAPORE,PORT KELANG,INDIA
2021,470329,ROYAL GOLDEN EAGLE,APRIL,BUATAN,RIAU,502,190800,ROYAL GOLDEN EAGLE,APRIL INTERNATIONAL ENTEPRISE PTE LTD,SINGAPORE,SINGAPORE,CHINA (MAINLAND)
2021,470329,ROYAL GOLDEN EAGLE,APRIL,BUATAN,RIAU,502,190879,ROYAL GOLDEN EAGLE,APRIL INTERNATIONAL ENTEPRISE PTE LTD,SINGAPORE,SINGAPORE,CHINA (MAINLAND)
2021,470329,ROYAL GOLDEN EAGLE,APRIL,BUATAN,RIAU,502,190914,ROYAL GOLDEN EAGLE,APRIL INTERNATIONAL ENTEPRISE PTE LTD,SINGAPORE,PORT KELANG,INDIA
2021,470329,ROYAL GOLDEN EAGLE,APRIL,BUATAN,RIAU,502,190930,ROYAL GOLDEN EAGLE,APRIL INTERNATIONAL ENTEPRISE PTE LTD,SINGAPORE,PORT KELANG,INDIA
2021,470329,ROYAL GOLDEN EAGLE,APRIL,BUATAN,RIAU,503,190968,ROYAL GOLDEN EAGLE,APRIL INTERNATIONAL ENTEPRISE PTE LTD,SINGAPORE,SINGAPORE,CHINA (MAINLAND)
2021,470329,ROYAL GOLDEN EAGLE,APRIL,BUATAN,RIAU,503,191007,ROYAL GOLDEN EAGLE,APRIL INTERNATIONAL ENTEPRISE PTE LTD,SINGAPORE,SINGAPORE,CHINA (MAINLAND)
2021,470329,ROYAL GOLDEN EAGLE,APRIL,BUATAN,RIAU,503,191016,ROYAL GOLDEN EAGLE,APRIL INTERNATIONAL ENTEPRISE PTE LTD,SINGAPORE,SINGAPORE,VIETNAM
2021,470329,ROYAL GOLDEN EAGLE,APRIL,FUTONG,RIAU,201,76332,ROYAL GOLDEN EAGLE,APRIL INTERNATIONAL ENTEPRISE PTE LTD,SINGAPORE,TANJONG PELEPAS,BANGLADESH
2021,470329,ROYAL GOLDEN EAGLE,APRIL,FUTONG,RIAU,502,190793,ROYAL GOLDEN EAGLE,APRIL INTERNATIONAL ENTEPRISE PTE LTD,SINGAPORE,TANJONG PELEPAS,BANGLADESH
2021,470329,ROYAL GOLDEN EAGLE,APRIL,FUTONG,RIAU,1004,381504,ROYAL GOLDEN EAGLE,APRIL INTERNATIONAL ENTEPRISE PTE LTD,SINGAPORE,NINGBO,CHINA (MAINLAND)
2021,470329,ROYAL GOLDEN EAGLE,APRIL,FUTONG,RIAU,1004,381616,ROYAL GOLDEN EAGLE,APRIL INTERNATIONAL ENTEPRISE PTE LTD,SINGAPORE,SHANGHAI,CHINA (MAINLAND)
2021,470329,ROYAL GOLDEN EAGLE,APRIL,FUTONG,RIAU,1004,381709,ROYAL GOLDEN EAGLE,APRIL INTERNATIONAL ENTEPRISE PTE LTD,SINGAPORE,NINGBO,CHINA (MAINLAND)
2021,470329,ROYAL GOLDEN EAGLE,APRIL,FUTONG,RIAU,1005,381972,ROYAL GOLDEN EAGLE,APRIL INTERNATIONAL ENTEPRISE PTE LTD,SINGAPORE,NINGBO,CHINA (MAINLAND)
2021,470329,ROYAL GOLDEN EAGLE,APRIL,FUTONG,RIAU,1005,382025,ROYAL GOLDEN EAGLE,APRIL INTERNATIONAL ENTEPRISE PTE LTD,SINGAPORE,NINGBO,CHINA (MAINLAND)
2021,470329,ROYAL GOLDEN EAGLE,APRIL,FUTONG,RIAU,3100,1177999,ROYAL GOLDEN EAGLE,APRIL INTERNATIONAL ENTEPRISE PTE LTD,SINGAPORE,TUTICORIN,INDIA
2021,470329,ROYAL GOLDEN EAGLE,APRIL,FUTONG,RIAU,8038,3078520,ROYAL GOLDEN EAGLE,APRIL INTERNATIONAL ENTEPRISE PTE LTD,SINGAPORE,CHITTAGONG,BANGLADESH
2021,470329,ROYAL GOLDEN EAGLE,APRIL,FUTONG,RIAU,16467,6257460,ROYAL GOLDEN EAGLE,APRIL INTERNATIONAL ENTEPRISE PTE LTD,SINGAPORE,MUMBAI (EX BOMBAY),INDIA
2021,470329,SINAR MAS,LONTAR PAPYRUS,KUALA TUNGKAL,JAMBI,300,181835,SINAR MAS,GOLDEN PROFIT TRADING PTE LTD,SINGAPORE,MANILA NORTH HARBOUR,PHILIPPINES
2021,470329,SINAR MAS,LONTAR PAPYRUS,KUALA TUNGKAL,JAMBI,301,186990,UNKNOWN AFFILIATION,FREELAND UNIVERSAL LTD,CHINA (HONG KONG),DALIAN,CHINA (MAINLAND)
2021,470329,SINAR MAS,LONTAR PAPYRUS,KUALA TUNGKAL,JAMBI,503,279775,SINAR MAS,GOLDEN PROFIT TRADING PTE LTD,SINGAPORE,HAIPHONG,VIETNAM
2021,470329,SINAR MAS,OKI,SULTAN MAHMUD BADARUDDIN (U),SUMATERA SELATAN,16,9651,UNKNOWN AFFILIATION,BRIGHTENING SKY CO LTD,CHINA (HONG KONG),SINGAPORE,CHINA (MAINLAND)
2021,470329,SINAR MAS,OKI,SULTAN MAHMUD BADARUDDIN (U),SUMATERA SELATAN,480,293528,UNKNOWN AFFILIATION,BRIGHTENING SKY CO LTD,CHINA (HONG KONG),SINGAPORE,CHINA (MAINLAND)
2021,470329,SINAR MAS,OKI,SULTAN MAHMUD BADARUDDIN (U),SUMATERA SELATAN,500,291500,SINAR MAS,GOLDEN PROFIT TRADING PTE LTD,SINGAPORE,CHITTAGONG,BANGLADESH
2021,470329,SINAR MAS,OKI,SULTAN MAHMUD BADARUDDIN (U),SUMATERA SELATAN,504,308204,UNKNOWN AFFILIATION,BRIGHTENING SKY CO LTD,CHINA (HONG KONG),SINGAPORE,CHINA (MAINLAND)
2021,470329,SINAR MAS,OKI,SULTAN MAHMUD BADARUDDIN (U),SUMATERA SELATAN,660,429000,CHINA UNION,CHINA UNION (MACAO COMMERCIAL OFFSHORE) CO LTD,MACAO,SHANGHAI,CHINA (MAINLAND)
2021,470329,SINAR MAS,OKI,SULTAN MAHMUD BADARUDDIN (U),SUMATERA SELATAN,726,394218,SINAR MAS,GOLDEN PROFIT TRADING PTE LTD,SINGAPORE,HALDIA,INDIA
2021,470329,SINAR MAS,OKI,SULTAN MAHMUD BADARUDDIN (U),SUMATERA SELATAN,1000,617500,CHINA UNION,CHINA UNION (MACAO COMMERCIAL OFFSHORE) CO LTD,MACAO,SHANGHAI,CHINA (MAINLAND)
2021,470329,SINAR MAS,OKI,SULTAN MAHMUD BADARUDDIN (U),SUMATERA SELATAN,1100,597300,SINAR MAS,GOLDEN PROFIT TRADING PTE LTD,SINGAPORE,HALDIA,INDIA
2021,470329,SINAR MAS,OKI,SULTAN MAHMUD BADARUDDIN (U),SUMATERA SELATAN,1500,975000,CHINA UNION,CHINA UNION (MACAO COMMERCIAL OFFSHORE) CO LTD,MACAO,SHANGHAI,CHINA (MAINLAND)
2021,470329,SINAR MAS,OKI,SULTAN MAHMUD BADARUDDIN (U),SUMATERA SELATAN,1540,1001000,CHINA UNION,CHINA UNION (MACAO COMMERCIAL OFFSHORE) CO LTD,MACAO,SHANGHAI,CHINA (MAINLAND)
2021,470329,SINAR MAS,OKI,SULTAN MAHMUD BADARUDDIN (U),SUMATERA SELATAN,1800,977400,SINAR MAS,GOLDEN PROFIT TRADING PTE LTD,SINGAPORE,HALDIA,INDIA
2021,470329,SINAR MAS,OKI,SULTAN MAHMUD BADARUDDIN (U),SUMATERA SELATAN,1956,1271400,UNKNOWN AFFILIATION,SUZHOU GUANBAO TRADING LTD,CHINA (MAINLAND),SHANGHAI,CHINA (MAINLAND)
2021,470329,SINAR MAS,OKI,SULTAN MAHMUD BADARUDDIN (U),SUMATERA SELATAN,2000,1235000,CHINA UNION,CHINA UNION (MACAO COMMERCIAL OFFSHORE) CO LTD,MACAO,SHANGHAI,CHINA (MAINLAND)
2021,470329,SINAR MAS,OKI,SULTAN MAHMUD BADARUDDIN (U),SUMATERA SELATAN,2500,1543750,CHINA UNION,CHINA UNION (MACAO COMMERCIAL OFFSHORE) CO LTD,MACAO,SHANGHAI,CHINA (MAINLAND)
2021,470329,SINAR MAS,OKI,SULTAN MAHMUD BADARUDDIN (U),SUMATERA SELATAN,3000,1852500,UNKNOWN AFFILIATION,BRIGHTENING SKY CO LTD,CHINA (HONG KONG),SHANGHAI,CHINA (MAINLAND)
2021,470329,SINAR MAS,OKI,SULTAN MAHMUD BADARUDDIN (U),SUMATERA SELATAN,3300,1922739,DRAGON CROWN HOLDINGS,DRAGON CROWN (HK) TRADING LTD,CHINA (HONG KONG),QINGDAO,CHINA (MAINLAND)
2021,470329,SINAR MAS,OKI,SULTAN MAHMUD BADARUDDIN (U),SUMATERA SELATAN,3444,2238600,UNKNOWN AFFILIATION,SUZHOU GUANBAO TRADING LTD,CHINA (MAINLAND),SHANGHAI,CHINA (MAINLAND)
2021,470329,SINAR MAS,OKI,SULTAN MAHMUD BADARUDDIN (U),SUMATERA SELATAN,3500,2275000,CHINA UNION,CHINA UNION (MACAO COMMERCIAL OFFSHORE) CO LTD,MACAO,SHANGHAI,CHINA (MAINLAND)
2021,470329,SINAR MAS,OKI,SULTAN MAHMUD BADARUDDIN (U),SUMATERA SELATAN,3800,2439600,UNKNOWN AFFILIATION,BRIGHTENING SKY CO LTD,CHINA (HONG KONG),SHANGHAI,CHINA (MAINLAND)
2021,470329,SINAR MAS,OKI,SULTAN MAHMUD BADARUDDIN (U),SUMATERA SELATAN,4000,2568000,UNKNOWN AFFILIATION,BRIGHTENING SKY CO LTD,CHINA (HONG KONG),SHANGHAI,CHINA (MAINLAND)
2021,470329,SINAR MAS,OKI,SULTAN MAHMUD BADARUDDIN (U),SUMATERA SELATAN,4346,2648887,UNKNOWN AFFILIATION,BRIGHTENING SKY CO LTD,CHINA (HONG KONG),SHANGHAI,CHINA (MAINLAND)
2021,470329,SINAR MAS,OKI,SULTAN MAHMUD BADARUDDIN (U),SUMATERA SELATAN,4500,2621917,DRAGON CROWN HOLDINGS,DRAGON CROWN (HK) TRADING LTD,CHINA (HONG KONG),QINGDAO,CHINA (MAINLAND)
2021,470329,SINAR MAS,OKI,SULTAN MAHMUD BADARUDDIN (U),SUMATERA SELATAN,4600,2685928,DRAGON CROWN HOLDINGS,DRAGON CROWN (HK) TRADING LTD,CHINA (HONG KONG),TIANJIN,CHINA (MAINLAND)
2021,470329,SINAR MAS,OKI,SULTAN MAHMUD BADARUDDIN (U),SUMATERA SELATAN,5040,2938320,SINAR MAS,GOLDEN PROFIT TRADING PTE LTD,SINGAPORE,MELBOURNE,AUSTRALIA
2021,470329,SINAR MAS,OKI,SULTAN MAHMUD BADARUDDIN (U),SUMATERA SELATAN,5500,2986500,SINAR MAS,GOLDEN PROFIT TRADING PTE LTD,SINGAPORE,CHITTAGONG,BANGLADESH
2021,470329,SINAR MAS,OKI,SULTAN MAHMUD BADARUDDIN (U),SUMATERA SELATAN,5610,3464175,UNKNOWN AFFILIATION,BRIGHTENING SKY CO LTD,CHINA (HONG KONG),SHANGHAI,CHINA (MAINLAND)
2021,470329,SINAR MAS,OKI,SULTAN MAHMUD BADARUDDIN (U),SUMATERA SELATAN,7350,4285050,SINAR MAS,GOLDEN PROFIT TRADING PTE LTD,SINGAPORE,KARAIKAL,INDIA
2021,470329,SINAR MAS,OKI,SULTAN MAHMUD BADARUDDIN (U),SUMATERA SELATAN,8044,4967170,UNKNOWN AFFILIATION,SUZHOU GUANBAO TRADING LTD,CHINA (MAINLAND),SHANGHAI,CHINA (MAINLAND)
2021,470329,SINAR MAS,OKI,SULTAN MAHMUD BADARUDDIN (U),SUMATERA SELATAN,13140,7655998,DRAGON CROWN HOLDINGS,DRAGON CROWN (HK) TRADING LTD,CHINA (HONG KONG),QINGDAO,CHINA (MAINLAND)
2021,470329,MARUBENI,TANJUNG ENIM LESTARI,PANJANG,SUMATERA SELATAN,19,11088,MARUBENI,MARUBENI CORP,JAPAN,OSAKA,JAPAN
2021,470329,MARUBENI,TANJUNG ENIM LESTARI,PANJANG,SUMATERA SELATAN,21,11467,UNKNOWN AFFILIATION,NEXTGREEN PULP & PAPER SDN BHD,MALAYSIA,PORT KELANG,MALAYSIA
2021,470329,MARUBENI,TANJUNG ENIM LESTARI,PANJANG,SUMATERA SELATAN,38,22089,NIPPON PAPER,NIPPON PAPER INDUSTRIES CO LTD,JAPAN,SHIMIZU,JAPAN
2021,470329,MARUBENI,TANJUNG ENIM LESTARI,PANJANG,SUMATERA SELATAN,96,55211,MARUBENI,MARUBENI CORP,JAPAN,SHIMIZU,JAPAN
2021,470329,MARUBENI,TANJUNG ENIM LESTARI,PANJANG,SUMATERA SELATAN,104,53121,ITC,ITC LTD - PAPERBOARDS & SPECIALTY PAPERS DIVSION,INDIA,VISAKHAPATNAM,INDIA
2021,470329,MARUBENI,TANJUNG ENIM LESTARI,PANJANG,SUMATERA SELATAN,104,52584,UNKNOWN AFFILIATION,NB ENTREPRENEURS,INDIA,JAWAHARLAL NEHRU (NHAVA S,INDIA
2021,470329,MARUBENI,TANJUNG ENIM LESTARI,PANJANG,SUMATERA SELATAN,106,54010,ITC,ITC LTD - PAPERBOARDS & SPECIALTY PAPERS DIVSION,INDIA,VISAKHAPATNAM,INDIA
2021,470329,MARUBENI,TANJUNG ENIM LESTARI,PANJANG,SUMATERA SELATAN,106,53378,ANKIT,ANKIT PULPS AND BOARDS PVT LTD,INDIA,JAWAHARLAL NEHRU (NHAVA S,INDIA
2021,470329,MARUBENI,TANJUNG ENIM LESTARI,PANJANG,SUMATERA SELATAN,126,71902,UNKNOWN AFFILIATION,TEPPATANA PAPER MILL CO LTD,THAILAND,LAEM CHABANG,THAILAND
2021,470329,MARUBENI,TANJUNG ENIM LESTARI,PANJANG,SUMATERA SELATAN,148,74355,UNKNOWN AFFILIATION,VECHEM ORGANICS PVT LTD,INDIA,JAWAHARLAL NEHRU (NHAVA S,INDIA
2021,470329,MARUBENI,TANJUNG ENIM LESTARI,PANJANG,SUMATERA SELATAN,250,143800,MARUBENI,MARUBENI CORP,JAPAN,SHIMIZU,JAPAN
2021,470329,MARUBENI,TANJUNG ENIM LESTARI,PANJANG,SUMATERA SELATAN,252,132202,VINDA,VINDA PAPER (ZHEJIANG) CO LTD,CHINA (MAINLAND),NINGBO,CHINA (MAINLAND)
2021,470329,MARUBENI,TANJUNG ENIM LESTARI,PANJANG,SUMATERA SELATAN,254,133274,VINDA,VINDA PAPER (ZHEJIANG) CO LTD,CHINA (MAINLAND),NINGBO,CHINA (MAINLAND)
2021,470329,MARUBENI,TANJUNG ENIM LESTARI,PANJANG,SUMATERA SELATAN,294,158686,NTPM HOLDINGS BHD,NTPM (VIETNAM) CO LTD,VIETNAM,CAT LAI,VIETNAM
2021,470329,MARUBENI,TANJUNG ENIM LESTARI,PANJANG,SUMATERA SELATAN,482,259476,VINDA,VINDA PAPER (ZHEJIANG) CO LTD,CHINA (MAINLAND),NINGBO,CHINA (MAINLAND)
2021,470329,MARUBENI,TANJUNG ENIM LESTARI,PANJANG,SUMATERA SELATAN,503,265553,VINDA,VINDA PAPER (CHINA) CO LTD,CHINA (MAINLAND),XINHUI,CHINA (MAINLAND)
2021,470329,MARUBENI,TANJUNG ENIM LESTARI,PANJANG,SUMATERA SELATAN,504,265179,VINDA,VINDA PAPER (ZHEJIANG) CO LTD,CHINA (MAINLAND),NINGBO,CHINA (MAINLAND)
2021,470329,MARUBENI,TANJUNG ENIM LESTARI,PANJANG,SUMATERA SELATAN,506,269511,VINDA,VINDA PAPER (SI CHUAN) CO LTD,CHINA (MAINLAND),CHONGQING,CHINA (MAINLAND)
2021,470329,MARUBENI,TANJUNG ENIM LESTARI,PANJANG,SUMATERA SELATAN,507,267830,VINDA,VINDA PAPER (CHINA) CO LTD,CHINA (MAINLAND),XINHUI,CHINA (MAINLAND)
2021,470329,MARUBENI,TANJUNG ENIM LESTARI,PANJANG,SUMATERA SELATAN,508,267287,VINDA,VINDA PERSONAL CARE (CHINA) LTD,CHINA (MAINLAND),WUHAN,CHINA (MAINLAND)
2021,470329,MARUBENI,TANJUNG ENIM LESTARI,PANJANG,SUMATERA SELATAN,508,267340,VINDA,VINDA PERSONAL CARE (CHINA) LTD,CHINA (MAINLAND),WUHAN,CHINA (MAINLAND)
2021,470329,MARUBENI,TANJUNG ENIM LESTARI,PANJANG,SUMATERA SELATAN,509,269324,VINDA,VINDA PAPER (ZHEJIANG) CO LTD,CHINA (MAINLAND),NINGBO,CHINA (MAINLAND)
2021,470329,MARUBENI,TANJUNG ENIM LESTARI,PANJANG,SUMATERA SELATAN,510,269780,VINDA,VINDA PAPER (ZHEJIANG) CO LTD,CHINA (MAINLAND),NINGBO,CHINA (MAINLAND)
2021,470329,MARUBENI,TANJUNG ENIM LESTARI,PANJANG,SUMATERA SELATAN,510,270782,VINDA,VINDA PAPER (CHINA) CO LTD,CHINA (MAINLAND),XINHUI,CHINA (MAINLAND)
2021,470329,MARUBENI,TANJUNG ENIM LESTARI,PANJANG,SUMATERA SELATAN,512,266661,UNKNOWN AFFILIATION,KING ADVANCEMENT DEVELOPMENT (HONG KONG) LTD,CHINA (HONG KONG),XINGANG,CHINA (MAINLAND)
2021,470329,MARUBENI,TANJUNG ENIM LESTARI,PANJANG,SUMATERA SELATAN,527,280583,VINDA,VINDA PERSONAL CARE (CHINA) LTD,CHINA (MAINLAND),WUHAN,CHINA (MAINLAND)
2021,470329,MARUBENI,TANJUNG ENIM LESTARI,PANJANG,SUMATERA SELATAN,529,278656,VINDA,VINDA PERSONAL CARE (CHINA) LTD,CHINA (MAINLAND),WUHAN,CHINA (MAINLAND)
2021,470329,MARUBENI,TANJUNG ENIM LESTARI,PANJANG,SUMATERA SELATAN,1021,587404,NIPPON PAPER,NIPPON PAPER INDUSTRIES CO LTD,JAPAN,SHIMIZU,JAPAN
2021,470329,MARUBENI,TANJUNG ENIM LESTARI,TARAHAN,SUMATERA SELATAN,461,254988,HANSOL,HANSOL PAPER CO LTD,SOUTH KOREA,PYONGTAEK,SOUTH KOREA
2021,470329,MARUBENI,TANJUNG ENIM LESTARI,TARAHAN,SUMATERA SELATAN,475,258924,HONG WON,HONG WON PAPER MFG CO LTD,SOUTH KOREA,PYONGTAEK,SOUTH KOREA
2021,470329,MARUBENI,TANJUNG ENIM LESTARI,TARAHAN,SUMATERA SELATAN,553,300219,UNKNOWN AFFILIATION,KING ADVANCEMENT DEVELOPMENT (HONG KONG) LTD,CHINA (HONG KONG),QINGDAO,CHINA (MAINLAND)
2021,470329,MARUBENI,TANJUNG ENIM LESTARI,TARAHAN,SUMATERA SELATAN,763,415345,HONG WON,HONG WON PAPER MFG CO LTD,SOUTH KOREA,PYONGTAEK,SOUTH KOREA
2021,470329,MARUBENI,TANJUNG ENIM LESTARI,TARAHAN,SUMATERA SELATAN,920,508732,OJI HOLDINGS CORP,SUNSHINE OJI (SHOUGUANG) SPECIALTY PAPER CO LTD,CHINA (MAINLAND),QINGDAO,CHINA (MAINLAND)
2021,470329,MARUBENI,TANJUNG ENIM LESTARI,TARAHAN,SUMATERA SELATAN,921,500160,JIANGHE PAPER,HENAN JIANGHE PAPER CO LTD,CHINA (MAINLAND),QINGDAO,CHINA (MAINLAND)
2021,470329,MARUBENI,TANJUNG ENIM LESTARI,TARAHAN,SUMATERA SELATAN,951,517785,HONG WON,HONG WON PAPER MFG CO LTD,SOUTH KOREA,PYONGTAEK,SOUTH KOREA
2021,470329,MARUBENI,TANJUNG ENIM LESTARI,TARAHAN,SUMATERA SELATAN,1820,988675,UNKNOWN AFFILIATION,KING ADVANCEMENT DEVELOPMENT (HONG KONG) LTD,CHINA (HONG KONG),QINGDAO,CHINA (MAINLAND)
2021,470329,MARUBENI,TANJUNG ENIM LESTARI,TARAHAN,SUMATERA SELATAN,1822,989515,UNKNOWN AFFILIATION,KING ADVANCEMENT DEVELOPMENT (HONG KONG) LTD,CHINA (HONG KONG),QINGDAO,CHINA (MAINLAND)
2021,470329,MARUBENI,TANJUNG ENIM LESTARI,TARAHAN,SUMATERA SELATAN,1822,989554,UNKNOWN AFFILIATION,KING ADVANCEMENT DEVELOPMENT (HONG KONG) LTD,CHINA (HONG KONG),QINGDAO,CHINA (MAINLAND)
2021,470200,ROYAL GOLDEN EAGLE,APRIL,BUATAN,RIAU,506,340265,ROYAL GOLDEN EAGLE,APRIL FAR EAST MALAYSIA SDN BHD,MALAYSIA,PORT KELANG,CHINA (MAINLAND)
2021,470200,ROYAL GOLDEN EAGLE,APRIL,BUATAN,RIAU,506,340639,ROYAL GOLDEN EAGLE,APRIL FAR EAST MALAYSIA SDN BHD,MALAYSIA,PORT KELANG,CHINA (MAINLAND)
2021,470200,ROYAL GOLDEN EAGLE,APRIL,BUATAN,RIAU,506,340677,ROYAL GOLDEN EAGLE,APRIL FAR EAST MALAYSIA SDN BHD,MALAYSIA,PORT KELANG,CHINA (MAINLAND)
2021,470200,ROYAL GOLDEN EAGLE,APRIL,BUATAN,RIAU,507,340999,ROYAL GOLDEN EAGLE,APRIL FAR EAST MALAYSIA SDN BHD,MALAYSIA,PORT KELANG,CHINA (MAINLAND)
2021,470200,ROYAL GOLDEN EAGLE,APRIL,BUATAN,RIAU,507,341105,ROYAL GOLDEN EAGLE,APRIL FAR EAST MALAYSIA SDN BHD,MALAYSIA,PORT KELANG,CHINA (MAINLAND)
2021,470200,ROYAL GOLDEN EAGLE,APRIL,BUATAN,RIAU,507,341204,ROYAL GOLDEN EAGLE,APRIL FAR EAST MALAYSIA SDN BHD,MALAYSIA,PORT KELANG,CHINA (MAINLAND)
2021,470200,ROYAL GOLDEN EAGLE,APRIL,BUATAN,RIAU,507,341461,ROYAL GOLDEN EAGLE,APRIL FAR EAST MALAYSIA SDN BHD,MALAYSIA,PORT KELANG,CHINA (MAINLAND)
2021,470200,ROYAL GOLDEN EAGLE,APRIL,FUTONG,RIAU,182,122604,ROYAL GOLDEN EAGLE,APRIL INTERNATIONAL ENTEPRISE PTE LTD,SINGAPORE,FUZHOU,CHINA (MAINLAND)
2021,470200,ROYAL GOLDEN EAGLE,APRIL,FUTONG,RIAU,527,354756,ROYAL GOLDEN EAGLE,APRIL FAR EAST MALAYSIA SDN BHD,MALAYSIA,SHANGHAI,CHINA (MAINLAND)
2021,470200,ROYAL GOLDEN EAGLE,APRIL,FUTONG,RIAU,833,560338,ROYAL GOLDEN EAGLE,APRIL INTERNATIONAL ENTEPRISE PTE LTD,SINGAPORE,FUZHOU,CHINA (MAINLAND)
2021,470200,ROYAL GOLDEN EAGLE,APRIL,FUTONG,RIAU,1012,680891,ROYAL GOLDEN EAGLE,APRIL FAR EAST MALAYSIA SDN BHD,MALAYSIA,SHANGHAI,CHINA (MAINLAND)
2021,470200,ROYAL GOLDEN EAGLE,APRIL,FUTONG,RIAU,1013,681469,ROYAL GOLDEN EAGLE,APRIL FAR EAST MALAYSIA SDN BHD,MALAYSIA,SHANGHAI,CHINA (MAINLAND)
2021,470200,ROYAL GOLDEN EAGLE,APRIL,FUTONG,RIAU,1013,681637,ROYAL GOLDEN EAGLE,APRIL FAR EAST MALAYSIA SDN BHD,MALAYSIA,SHANGHAI,CHINA (MAINLAND)
2021,470200,ROYAL GOLDEN EAGLE,APRIL,FUTONG,RIAU,1014,682089,ROYAL GOLDEN EAGLE,APRIL INTERNATIONAL ENTEPRISE PTE LTD,SINGAPORE,FUZHOU,CHINA (MAINLAND)
2021,470200,ROYAL GOLDEN EAGLE,APRIL,FUTONG,RIAU,1014,682616,ROYAL GOLDEN EAGLE,APRIL FAR EAST MALAYSIA SDN BHD,MALAYSIA,SHANGHAI,CHINA (MAINLAND)
2021,470200,ROYAL GOLDEN EAGLE,APRIL,BUATAN,RIAU,142,95419,ROYAL GOLDEN EAGLE,APRIL INTERNATIONAL ENTEPRISE PTE LTD,SINGAPORE,PORT KELANG,CHINA (MAINLAND)
2021,470200,ROYAL GOLDEN EAGLE,APRIL,BUATAN,RIAU,366,246219,ROYAL GOLDEN EAGLE,APRIL INTERNATIONAL ENTEPRISE PTE LTD,SINGAPORE,PORT KELANG,CHINA (MAINLAND)
2021,470200,ROYAL GOLDEN EAGLE,APRIL,BUATAN,RIAU,507,344013,ROYAL GOLDEN EAGLE,APRIL FAR EAST MALAYSIA SDN BHD,MALAYSIA,PORT KELANG,CHINA (MAINLAND)
2021,470200,ROYAL GOLDEN EAGLE,APRIL,BUATAN,RIAU,507,341347,ROYAL GOLDEN EAGLE,APRIL FAR EAST MALAYSIA SDN BHD,MALAYSIA,PORT KELANG,CHINA (MAINLAND)
2021,470200,ROYAL GOLDEN EAGLE,APRIL,BUATAN,RIAU,507,344466,ROYAL GOLDEN EAGLE,APRIL FAR EAST MALAYSIA SDN BHD,MALAYSIA,PORT KELANG,CHINA (MAINLAND)
2021,470200,ROYAL GOLDEN EAGLE,APRIL,BUATAN,RIAU,507,344502,ROYAL GOLDEN EAGLE,APRIL FAR EAST MALAYSIA SDN BHD,MALAYSIA,PORT KELANG,CHINA (MAINLAND)
2021,470200,ROYAL GOLDEN EAGLE,APRIL,BUATAN,RIAU,507,344533,ROYAL GOLDEN EAGLE,APRIL INTERNATIONAL ENTEPRISE PTE LTD,SINGAPORE,PORT KELANG,CHINA (MAINLAND)
2021,470200,ROYAL GOLDEN EAGLE,APRIL,BUATAN,RIAU,507,344542,ROYAL GOLDEN EAGLE,APRIL FAR EAST MALAYSIA SDN BHD,MALAYSIA,SINGAPORE,CHINA (MAINLAND)
2021,470200,ROYAL GOLDEN EAGLE,APRIL,BUATAN,RIAU,507,344552,ROYAL GOLDEN EAGLE,APRIL INTERNATIONAL ENTEPRISE PTE LTD,SINGAPORE,SINGAPORE,CHINA (MAINLAND)
2021,470200,ROYAL GOLDEN EAGLE,APRIL,BUATAN,RIAU,508,344604,ROYAL GOLDEN EAGLE,APRIL FAR EAST MALAYSIA SDN BHD,MALAYSIA,PORT KELANG,CHINA (MAINLAND)
2021,470200,ROYAL GOLDEN EAGLE,APRIL,BUATAN,RIAU,508,344668,ROYAL GOLDEN EAGLE,APRIL INTERNATIONAL ENTEPRISE PTE LTD,SINGAPORE,PORT KELANG,CHINA (MAINLAND)
2021,470200,ROYAL GOLDEN EAGLE,APRIL,BUATAN,RIAU,508,344682,ROYAL GOLDEN EAGLE,APRIL FAR EAST MALAYSIA SDN BHD,MALAYSIA,PORT KELANG,CHINA (MAINLAND)
2021,470200,ROYAL GOLDEN EAGLE,APRIL,BUATAN,RIAU,508,341692,ROYAL GOLDEN EAGLE,APRIL FAR EAST MALAYSIA SDN BHD,MALAYSIA,PORT KELANG,CHINA (MAINLAND)
2021,470200,ROYAL GOLDEN EAGLE,APRIL,BUATAN,RIAU,508,344749,ROYAL GOLDEN EAGLE,APRIL INTERNATIONAL ENTEPRISE PTE LTD,SINGAPORE,PORT KELANG,CHINA (MAINLAND)
2021,470200,ROYAL GOLDEN EAGLE,APRIL,BUATAN,RIAU,508,341725,ROYAL GOLDEN EAGLE,APRIL FAR EAST MALAYSIA SDN BHD,MALAYSIA,SINGAPORE,CHINA (MAINLAND)
2021,470200,ROYAL GOLDEN EAGLE,APRIL,BUATAN,RIAU,508,344787,ROYAL GOLDEN EAGLE,APRIL INTERNATIONAL ENTEPRISE PTE LTD,SINGAPORE,SINGAPORE,CHINA (MAINLAND)
2021,470200,ROYAL GOLDEN EAGLE,APRIL,BUATAN,RIAU,508,344857,ROYAL GOLDEN EAGLE,APRIL FAR EAST MALAYSIA SDN BHD,MALAYSIA,SINGAPORE,CHINA (MAINLAND)
2021,470200,ROYAL GOLDEN EAGLE,APRIL,BUATAN,RIAU,508,344878,ROYAL GOLDEN EAGLE,APRIL FAR EAST MALAYSIA SDN BHD,MALAYSIA,PORT KELANG,CHINA (MAINLAND)
2021,470200,ROYAL GOLDEN EAGLE,APRIL,BUATAN,RIAU,508,344899,ROYAL GOLDEN EAGLE,APRIL FAR EAST MALAYSIA SDN BHD,MALAYSIA,PORT KELANG,CHINA (MAINLAND)
2021,470200,ROYAL GOLDEN EAGLE,APRIL,BUATAN,RIAU,508,344922,ROYAL GOLDEN EAGLE,APRIL FAR EAST MALAYSIA SDN BHD,MALAYSIA,PORT KELANG,CHINA (MAINLAND)
2021,470200,ROYAL GOLDEN EAGLE,APRIL,BUATAN,RIAU,508,344930,ROYAL GOLDEN EAGLE,APRIL INTERNATIONAL ENTEPRISE PTE LTD,SINGAPORE,PORT KELANG,CHINA (MAINLAND)
2021,470200,ROYAL GOLDEN EAGLE,APRIL,BUATAN,RIAU,508,341935,ROYAL GOLDEN EAGLE,APRIL FAR EAST MALAYSIA SDN BHD,MALAYSIA,SINGAPORE,CHINA (MAINLAND)
2021,470200,ROYAL GOLDEN EAGLE,APRIL,BUATAN,RIAU,508,341954,ROYAL GOLDEN EAGLE,APRIL FAR EAST MALAYSIA SDN BHD,MALAYSIA,PORT KELANG,CHINA (MAINLAND)
2021,470200,ROYAL GOLDEN EAGLE,APRIL,FUTONG,RIAU,223,151700,ROYAL GOLDEN EAGLE,APRIL FAR EAST MALAYSIA SDN BHD,MALAYSIA,SHANGHAI,CHINA (MAINLAND)
2021,470200,ROYAL GOLDEN EAGLE,APRIL,FUTONG,RIAU,263,178870,ROYAL GOLDEN EAGLE,APRIL FAR EAST MALAYSIA SDN BHD,MALAYSIA,SHANGHAI,CHINA (MAINLAND)
2021,470200,ROYAL GOLDEN EAGLE,APRIL,FUTONG,RIAU,487,328040,ROYAL GOLDEN EAGLE,APRIL FAR EAST MALAYSIA SDN BHD,MALAYSIA,SHANGHAI,CHINA (MAINLAND)
2021,470200,ROYAL GOLDEN EAGLE,APRIL,FUTONG,RIAU,528,358549,ROYAL GOLDEN EAGLE,APRIL FAR EAST MALAYSIA SDN BHD,MALAYSIA,SHANGHAI,CHINA (MAINLAND)
2021,470200,ROYAL GOLDEN EAGLE,APRIL,FUTONG,RIAU,1012,681155,ROYAL GOLDEN EAGLE,APRIL INTERNATIONAL ENTEPRISE PTE LTD,SINGAPORE,FUZHOU,CHINA (MAINLAND)
2021,470200,ROYAL GOLDEN EAGLE,APRIL,FUTONG,RIAU,1014,682261,ROYAL GOLDEN EAGLE,APRIL INTERNATIONAL ENTEPRISE PTE LTD,SINGAPORE,FUZHOU,CHINA (MAINLAND)
2021,470200,ROYAL GOLDEN EAGLE,APRIL,FUTONG,RIAU,1014,682732,ROYAL GOLDEN EAGLE,APRIL INTERNATIONAL ENTEPRISE PTE LTD,SINGAPORE,SHANGHAI,CHINA (MAINLAND)
2021,470200,ROYAL GOLDEN EAGLE,APRIL,FUTONG,RIAU,1015,682771,ROYAL GOLDEN EAGLE,APRIL INTERNATIONAL ENTEPRISE PTE LTD,SINGAPORE,FUZHOU,CHINA (MAINLAND)
2021,470200,ROYAL GOLDEN EAGLE,APRIL,FUTONG,RIAU,1015,688864,ROYAL GOLDEN EAGLE,APRIL FAR EAST MALAYSIA SDN BHD,MALAYSIA,SHANGHAI,CHINA (MAINLAND)
2021,470200,ROYAL GOLDEN EAGLE,APRIL,FUTONG,RIAU,1015,682786,ROYAL GOLDEN EAGLE,APRIL INTERNATIONAL ENTEPRISE PTE LTD,SINGAPORE,FUZHOU,CHINA (MAINLAND)
2021,470200,ROYAL GOLDEN EAGLE,APRIL,FUTONG,RIAU,1015,682899,ROYAL GOLDEN EAGLE,APRIL INTERNATIONAL ENTEPRISE PTE LTD,SINGAPORE,FUZHOU,CHINA (MAINLAND)
2021,470200,ROYAL GOLDEN EAGLE,APRIL,FUTONG,RIAU,1015,682911,ROYAL GOLDEN EAGLE,APRIL INTERNATIONAL ENTEPRISE PTE LTD,SINGAPORE,SHANGHAI,CHINA (MAINLAND)
2021,470200,ROYAL GOLDEN EAGLE,APRIL,FUTONG,RIAU,1015,682936,ROYAL GOLDEN EAGLE,APRIL FAR EAST MALAYSIA SDN BHD,MALAYSIA,SHANGHAI,CHINA (MAINLAND)
2021,470200,ROYAL GOLDEN EAGLE,APRIL,FUTONG,RIAU,1015,682979,ROYAL GOLDEN EAGLE,APRIL FAR EAST MALAYSIA SDN BHD,MALAYSIA,SHANGHAI,CHINA (MAINLAND)
2021,470200,ROYAL GOLDEN EAGLE,APRIL,FUTONG,RIAU,1015,682987,ROYAL GOLDEN EAGLE,APRIL INTERNATIONAL ENTEPRISE PTE LTD,SINGAPORE,FUZHOU,CHINA (MAINLAND)
2021,470200,ROYAL GOLDEN EAGLE,APRIL,FUTONG,RIAU,1015,689116,ROYAL GOLDEN EAGLE,APRIL FAR EAST MALAYSIA SDN BHD,MALAYSIA,SHANGHAI,CHINA (MAINLAND)
2021,470200,ROYAL GOLDEN EAGLE,APRIL,FUTONG,RIAU,1015,689125,ROYAL GOLDEN EAGLE,APRIL FAR EAST MALAYSIA SDN BHD,MALAYSIA,SHANGHAI,CHINA (MAINLAND)
2021,470200,ROYAL GOLDEN EAGLE,APRIL,FUTONG,RIAU,1015,683135,ROYAL GOLDEN EAGLE,APRIL FAR EAST MALAYSIA SDN BHD,MALAYSIA,TANJONG PELEPAS,CHINA (MAINLAND)
2021,470200,ROYAL GOLDEN EAGLE,APRIL,FUTONG,RIAU,1015,683142,ROYAL GOLDEN EAGLE,APRIL INTERNATIONAL ENTEPRISE PTE LTD,SINGAPORE,FUZHOU,CHINA (MAINLAND)
2021,470200,ROYAL GOLDEN EAGLE,APRIL,FUTONG,RIAU,1015,689239,ROYAL GOLDEN EAGLE,APRIL FAR EAST MALAYSIA SDN BHD,MALAYSIA,SHANGHAI,CHINA (MAINLAND)
2021,470200,ROYAL GOLDEN EAGLE,APRIL,FUTONG,RIAU,1015,683156,ROYAL GOLDEN EAGLE,APRIL FAR EAST MALAYSIA SDN BHD,MALAYSIA,SHANGHAI,CHINA (MAINLAND)
2021,470200,ROYAL GOLDEN EAGLE,APRIL,FUTONG,RIAU,1015,683163,ROYAL GOLDEN EAGLE,APRIL FAR EAST MALAYSIA SDN BHD,MALAYSIA,SHANGHAI,CHINA (MAINLAND)
2021,470200,ROYAL GOLDEN EAGLE,APRIL,FUTONG,RIAU,1015,683172,ROYAL GOLDEN EAGLE,APRIL INTERNATIONAL ENTEPRISE PTE LTD,SINGAPORE,SHANGHAI,CHINA (MAINLAND)
2021,470200,ROYAL GOLDEN EAGLE,APRIL,FUTONG,RIAU,1015,683180,ROYAL GOLDEN EAGLE,APRIL FAR EAST MALAYSIA SDN BHD,MALAYSIA,SHANGHAI,CHINA (MAINLAND)
2021,470200,ROYAL GOLDEN EAGLE,APRIL,FUTONG,RIAU,1015,689363,ROYAL GOLDEN EAGLE,APRIL INTERNATIONAL ENTEPRISE PTE LTD,SINGAPORE,SHANGHAI,CHINA (MAINLAND)
2021,470200,ROYAL GOLDEN EAGLE,APRIL,FUTONG,RIAU,1015,683291,ROYAL GOLDEN EAGLE,APRIL INTERNATIONAL ENTEPRISE PTE LTD,SINGAPORE,SHANGHAI,CHINA (MAINLAND)
2021,470200,ROYAL GOLDEN EAGLE,APRIL,FUTONG,RIAU,1015,689383,ROYAL GOLDEN EAGLE,APRIL FAR EAST MALAYSIA SDN BHD,MALAYSIA,SHANGHAI,CHINA (MAINLAND)
2021,470200,ROYAL GOLDEN EAGLE,APRIL,FUTONG,RIAU,1015,683295,ROYAL GOLDEN EAGLE,APRIL FAR EAST MALAYSIA SDN BHD,MALAYSIA,SHANGHAI,CHINA (MAINLAND)
2021,470200,ROYAL GOLDEN EAGLE,APRIL,FUTONG,RIAU,1015,683324,ROYAL GOLDEN EAGLE,APRIL INTERNATIONAL ENTEPRISE PTE LTD,SINGAPORE,FUZHOU,CHINA (MAINLAND)
2021,470200,ROYAL GOLDEN EAGLE,APRIL,FUTONG,RIAU,1015,683335,ROYAL GOLDEN EAGLE,APRIL INTERNATIONAL ENTEPRISE PTE LTD,SINGAPORE,FUZHOU,CHINA (MAINLAND)
2021,470200,ROYAL GOLDEN EAGLE,APRIL,FUTONG,RIAU,1015,689465,ROYAL GOLDEN EAGLE,APRIL INTERNATIONAL ENTEPRISE PTE LTD,SINGAPORE,SHANGHAI,CHINA (MAINLAND)
2021,470200,ROYAL GOLDEN EAGLE,APRIL,FUTONG,RIAU,1015,683381,ROYAL GOLDEN EAGLE,APRIL INTERNATIONAL ENTEPRISE PTE LTD,SINGAPORE,FUZHOU,CHINA (MAINLAND)
2021,470200,ROYAL GOLDEN EAGLE,APRIL,FUTONG,RIAU,1015,683382,ROYAL GOLDEN EAGLE,APRIL INTERNATIONAL ENTEPRISE PTE LTD,SINGAPORE,FUZHOU,CHINA (MAINLAND)
2021,470200,ROYAL GOLDEN EAGLE,APRIL,FUTONG,RIAU,1015,683421,ROYAL GOLDEN EAGLE,APRIL FAR EAST MALAYSIA SDN BHD,MALAYSIA,SHANGHAI,CHINA (MAINLAND)
2021,470200,ROYAL GOLDEN EAGLE,APRIL,FUTONG,RIAU,1016,689555,ROYAL GOLDEN EAGLE,APRIL FAR EAST MALAYSIA SDN BHD,MALAYSIA,SHANGHAI,CHINA (MAINLAND)
2021,470200,ROYAL GOLDEN EAGLE,APRIL,FUTONG,RIAU,1016,683486,ROYAL GOLDEN EAGLE,APRIL FAR EAST MALAYSIA SDN BHD,MALAYSIA,TANJONG PELEPAS,CHINA (MAINLAND)
2021,470200,ROYAL GOLDEN EAGLE,APRIL,FUTONG,RIAU,1016,683499,ROYAL GOLDEN EAGLE,APRIL FAR EAST MALAYSIA SDN BHD,MALAYSIA,SHANGHAI,CHINA (MAINLAND)
2021,470200,ROYAL GOLDEN EAGLE,APRIL,FUTONG,RIAU,1016,683619,ROYAL GOLDEN EAGLE,APRIL FAR EAST MALAYSIA SDN BHD,MALAYSIA,SHANGHAI,CHINA (MAINLAND)
2021,470200,ROYAL GOLDEN EAGLE,APRIL,FUTONG,RIAU,1016,689748,ROYAL GOLDEN EAGLE,APRIL FAR EAST MALAYSIA SDN BHD,MALAYSIA,SHANGHAI,CHINA (MAINLAND)
2021,470200,ROYAL GOLDEN EAGLE,APRIL,FUTONG,RIAU,1016,683682,ROYAL GOLDEN EAGLE,APRIL FAR EAST MALAYSIA SDN BHD,MALAYSIA,SHANGHAI,CHINA (MAINLAND)
2021,470200,ROYAL GOLDEN EAGLE,APRIL,FUTONG,RIAU,1016,683685,ROYAL GOLDEN EAGLE,APRIL INTERNATIONAL ENTEPRISE PTE LTD,SINGAPORE,FUZHOU,CHINA (MAINLAND)
2021,470200,ROYAL GOLDEN EAGLE,APRIL,FUTONG,RIAU,1016,683738,ROYAL GOLDEN EAGLE,APRIL FAR EAST MALAYSIA SDN BHD,MALAYSIA,SHANGHAI,CHINA (MAINLAND)
2021,470200,ROYAL GOLDEN EAGLE,APRIL,FUTONG,RIAU,1016,683847,ROYAL GOLDEN EAGLE,APRIL INTERNATIONAL ENTEPRISE PTE LTD,SINGAPORE,SHANGHAI,CHINA (MAINLAND)
2021,470200,ROYAL GOLDEN EAGLE,APRIL,FUTONG,RIAU,1016,683959,ROYAL GOLDEN EAGLE,APRIL INTERNATIONAL ENTEPRISE PTE LTD,SINGAPORE,FUZHOU,CHINA (MAINLAND)
2021,470200,ROYAL GOLDEN EAGLE,APRIL,FUTONG,RIAU,4060,2732159,ROYAL GOLDEN EAGLE,APRIL INTERNATIONAL ENTEPRISE PTE LTD,SINGAPORE,SHANGHAI,CHINA (MAINLAND)
2021,470200,ROYAL GOLDEN EAGLE,APRIL,FUTONG,RIAU,4568,3074455,ROYAL GOLDEN EAGLE,APRIL FAR EAST MALAYSIA SDN BHD,MALAYSIA,SHANGHAI,CHINA (MAINLAND)
2021,470200,ROYAL GOLDEN EAGLE,TOBA PULP LESTARI,BELAWAN,SUMATERA UTARA,309,255326,UNKNOWN AFFILIATION,GREENPOINT GLOBAL TRADING (MACAO COMMERCIAL OFFSHORE) LTD,MACAO,QINGDAO,CHINA (MAINLAND)
2021,470200,ROYAL GOLDEN EAGLE,TOBA PULP LESTARI,BELAWAN,SUMATERA UTARA,501,413251,UNKNOWN AFFILIATION,GREENPOINT GLOBAL TRADING (MACAO COMMERCIAL OFFSHORE) LTD,MACAO,QINGDAO,CHINA (MAINLAND)
2021,470329,SINAR MAS,INDAH KIAT,PERAWANG,RIAU,40,23163,SINAR MAS,GOLDEN PROFIT TRADING PTE LTD,SINGAPORE,KARACHI,PAKISTAN
2021,470329,SINAR MAS,INDAH KIAT,PERAWANG,RIAU,96,59211,SINAR MAS,GOLDEN PROFIT TRADING PTE LTD,SINGAPORE,CAUCEDO,DOMINICAN REPUBLIC
2021,470329,SINAR MAS,INDAH KIAT,PERAWANG,RIAU,100,60526,SINAR MAS,GOLDEN PROFIT TRADING PTE LTD,SINGAPORE,SHUAIBA,KUWAIT
2021,470329,SINAR MAS,INDAH KIAT,PERAWANG,RIAU,160,91630,SINAR MAS,GOLDEN PROFIT TRADING PTE LTD,SINGAPORE,KAOHSIUNG,TAIWAN
2021,470329,SINAR MAS,INDAH KIAT,PERAWANG,RIAU,200,121052,SINAR MAS,GOLDEN PROFIT TRADING PTE LTD,SINGAPORE,SHUAIBA,KUWAIT
2021,470329,SINAR MAS,INDAH KIAT,PERAWANG,RIAU,240,131016,SINAR MAS,GOLDEN PROFIT TRADING PTE LTD,SINGAPORE,HAIPHONG,VIETNAM
2021,470329,SINAR MAS,INDAH KIAT,PERAWANG,RIAU,242,128578,SINAR MAS,GOLDEN PROFIT TRADING PTE LTD,SINGAPORE,APAPA,NIGERIA
2021,470329,SINAR MAS,INDAH KIAT,PERAWANG,RIAU,260,141934,SINAR MAS,GOLDEN PROFIT TRADING PTE LTD,SINGAPORE,HAIPHONG,VIETNAM
2021,470329,SINAR MAS,INDAH KIAT,PERAWANG,RIAU,264,140267,SINAR MAS,GOLDEN PROFIT TRADING PTE LTD,SINGAPORE,APAPA,NIGERIA
2021,470329,SINAR MAS,INDAH KIAT,PERAWANG,RIAU,300,165000,SINAR MAS,GOLDEN PROFIT TRADING PTE LTD,SINGAPORE,HAIPHONG,VIETNAM
2021,470329,SINAR MAS,INDAH KIAT,PERAWANG,RIAU,500,275000,SINAR MAS,GOLDEN PROFIT TRADING PTE LTD,SINGAPORE,CHITTAGONG,BANGLADESH
2021,470329,SINAR MAS,INDAH KIAT,PERAWANG,RIAU,550,302500,SINAR MAS,GOLDEN PROFIT TRADING PTE LTD,SINGAPORE,CHITTAGONG,BANGLADESH
2021,470329,SINAR MAS,INDAH KIAT,PERAWANG,RIAU,660,363000,SINAR MAS,GOLDEN PROFIT TRADING PTE LTD,SINGAPORE,CHITTAGONG,BANGLADESH
2021,470329,SINAR MAS,INDAH KIAT,PERAWANG,RIAU,742,444458,CHINA UNION,CHINA UNION (MACAO COMMERCIAL OFFSHORE) CO LTD,MACAO,SHANGHAI,CHINA (MAINLAND)
2021,470329,SINAR MAS,INDAH KIAT,PERAWANG,RIAU,800,483200,UNKNOWN AFFILIATION,BRIGHTENING SKY CO LTD,CHINA (HONG KONG),QINGDAO,CHINA (MAINLAND)
2021,470329,SINAR MAS,INDAH KIAT,PERAWANG,RIAU,900,505800,UNKNOWN AFFILIATION,BRIGHTENING SKY CO LTD,CHINA (HONG KONG),QINZHOU,CHINA (MAINLAND)
2021,470329,SINAR MAS,INDAH KIAT,PERAWANG,RIAU,1000,550000,SINAR MAS,GOLDEN PROFIT TRADING PTE LTD,SINGAPORE,HAIPHONG,VIETNAM
2021,470329,SINAR MAS,INDAH KIAT,PERAWANG,RIAU,1200,724800,UNKNOWN AFFILIATION,BRIGHTENING SKY CO LTD,CHINA (HONG KONG),QINGDAO,CHINA (MAINLAND)
2021,470329,SINAR MAS,INDAH KIAT,PERAWANG,RIAU,1400,828100,UNKNOWN AFFILIATION,SUZHOU GUANBAO TRADING LTD,CHINA (MAINLAND),QINZHOU,CHINA (MAINLAND)
2021,470329,SINAR MAS,INDAH KIAT,PERAWANG,RIAU,1758,979206,CHINA UNION,CHINA UNION (MACAO COMMERCIAL OFFSHORE) CO LTD,MACAO,SHANGHAI,CHINA (MAINLAND)
2021,470329,SINAR MAS,INDAH KIAT,PERAWANG,RIAU,2000,1209000,UNKNOWN AFFILIATION,SUZHOU GUANBAO TRADING LTD,CHINA (MAINLAND),QINZHOU,CHINA (MAINLAND)
2021,470329,SINAR MAS,INDAH KIAT,PERAWANG,RIAU,2300,1265000,SINAR MAS,GOLDEN PROFIT TRADING PTE LTD,SINGAPORE,HAIPHONG,VIETNAM
2021,470329,SINAR MAS,INDAH KIAT,PERAWANG,RIAU,2400,1455600,SINAR MAS,GOLDEN PROFIT TRADING PTE LTD,SINGAPORE,DAFENG,CHINA (MAINLAND)
2021,470329,SINAR MAS,INDAH KIAT,PERAWANG,RIAU,2500,1510000,UNKNOWN AFFILIATION,BRIGHTENING SKY CO LTD,CHINA (HONG KONG),QINGDAO,CHINA (MAINLAND)
2021,470329,SINAR MAS,INDAH KIAT,PERAWANG,RIAU,2600,1524900,SINAR MAS,GOLDEN PROFIT TRADING PTE LTD,SINGAPORE,DAFENG,CHINA (MAINLAND)
2021,470329,SINAR MAS,INDAH KIAT,PERAWANG,RIAU,2800,1691200,UNKNOWN AFFILIATION,SUZHOU GUANBAO TRADING LTD,CHINA (MAINLAND),QINZHOU,CHINA (MAINLAND)
2021,470329,SINAR MAS,INDAH KIAT,PERAWANG,RIAU,3000,1686000,UNKNOWN AFFILIATION,BRIGHTENING SKY CO LTD,CHINA (HONG KONG),QINZHOU,CHINA (MAINLAND)
2021,470329,SINAR MAS,INDAH KIAT,PERAWANG,RIAU,3100,1705000,SINAR MAS,GOLDEN PROFIT TRADING PTE LTD,SINGAPORE,HAIPHONG,VIETNAM
2021,470329,SINAR MAS,INDAH KIAT,PERAWANG,RIAU,3500,1949500,CHINA UNION,CHINA UNION (MACAO COMMERCIAL OFFSHORE) CO LTD,MACAO,SHANGHAI,CHINA (MAINLAND)
2021,470329,SINAR MAS,INDAH KIAT,PERAWANG,RIAU,4000,2228000,CHINA UNION,CHINA UNION (MACAO COMMERCIAL OFFSHORE) CO LTD,MACAO,SHANGHAI,CHINA (MAINLAND)
2021,470329,SINAR MAS,INDAH KIAT,PERAWANG,RIAU,4090,2249500,SINAR MAS,GOLDEN PROFIT TRADING PTE LTD,SINGAPORE,CHITTAGONG,BANGLADESH
2021,470329,SINAR MAS,INDAH KIAT,PERAWANG,RIAU,4500,2718000,UNKNOWN AFFILIATION,BRIGHTENING SKY CO LTD,CHINA (HONG KONG),QINGDAO,CHINA (MAINLAND)
2021,470329,SINAR MAS,INDAH KIAT,PERAWANG,RIAU,5000,2754172,UNKNOWN AFFILIATION,NINGBO GUAN PAO STORAGE CO LTD,CHINA (MAINLAND),ULSAN,SOUTH KOREA
2021,470329,SINAR MAS,INDAH KIAT,PERAWANG,RIAU,5600,3038924,DRAGON CROWN HOLDINGS,DRAGON CROWN (HK) TRADING LTD,CHINA (HONG KONG),QINGDAO,CHINA (MAINLAND)
2021,470329,SINAR MAS,INDAH KIAT,PERAWANG,RIAU,6000,3624000,UNKNOWN AFFILIATION,BRIGHTENING SKY CO LTD,CHINA (HONG KONG),QINGDAO,CHINA (MAINLAND)
2021,470329,SINAR MAS,INDAH KIAT,PERAWANG,RIAU,6200,3364523,DRAGON CROWN HOLDINGS,DRAGON CROWN (HK) TRADING LTD,CHINA (HONG KONG),QINGDAO,CHINA (MAINLAND)
2021,470329,SINAR MAS,INDAH KIAT,PERAWANG,RIAU,7000,4228000,UNKNOWN AFFILIATION,BRIGHTENING SKY CO LTD,CHINA (HONG KONG),QINGDAO,CHINA (MAINLAND)
2021,470329,SINAR MAS,INDAH KIAT,PERAWANG,RIAU,8500,4717500,UNKNOWN AFFILIATION,FREELAND UNIVERSAL LTD,CHINA (HONG KONG),SHANGHAI,CHINA (MAINLAND)
2021,470329,SINAR MAS,INDAH KIAT,PERAWANG,RIAU,11664,6376275,DRAGON CROWN HOLDINGS,DRAGON CROWN (HK) TRADING LTD,CHINA (HONG KONG),QINGDAO,CHINA (MAINLAND)
2021,470329,ROYAL GOLDEN EAGLE,APRIL,BUATAN,RIAU,24,8962,ROYAL GOLDEN EAGLE,APRIL FAR EAST MALAYSIA SDN BHD,MALAYSIA,SINGAPORE,JAPAN
2021,470329,ROYAL GOLDEN EAGLE,APRIL,BUATAN,RIAU,60,22387,ROYAL GOLDEN EAGLE,APRIL INTERNATIONAL ENTEPRISE PTE LTD,SINGAPORE,SINGAPORE,SAUDI ARABIA
2021,470329,ROYAL GOLDEN EAGLE,APRIL,BUATAN,RIAU,60,22393,ROYAL GOLDEN EAGLE,APRIL INTERNATIONAL ENTEPRISE PTE LTD,SINGAPORE,SINGAPORE,SAUDI ARABIA
2021,470329,ROYAL GOLDEN EAGLE,APRIL,BUATAN,RIAU,97,35972,ROYAL GOLDEN EAGLE,APRIL INTERNATIONAL ENTEPRISE PTE LTD,SINGAPORE,SINGAPORE,TAIWAN
2021,470329,ROYAL GOLDEN EAGLE,APRIL,BUATAN,RIAU,99,36712,ROYAL GOLDEN EAGLE,APRIL INTERNATIONAL ENTEPRISE PTE LTD,SINGAPORE,SINGAPORE,CHINA (MAINLAND)
2021,470329,ROYAL GOLDEN EAGLE,APRIL,BUATAN,RIAU,100,38138,ROYAL GOLDEN EAGLE,APRIL INTERNATIONAL ENTEPRISE PTE LTD,SINGAPORE,SINGAPORE,INDIA
2021,470329,ROYAL GOLDEN EAGLE,APRIL,BUATAN,RIAU,101,43059,ROYAL GOLDEN EAGLE,APRIL INTERNATIONAL ENTEPRISE PTE LTD,SINGAPORE,SINGAPORE,INDIA
2021,470329,ROYAL GOLDEN EAGLE,APRIL,BUATAN,RIAU,199,73990,ROYAL GOLDEN EAGLE,APRIL INTERNATIONAL ENTEPRISE PTE LTD,SINGAPORE,SINGAPORE,CHINA (MAINLAND)
2021,470329,ROYAL GOLDEN EAGLE,APRIL,BUATAN,RIAU,199,73994,ROYAL GOLDEN EAGLE,APRIL INTERNATIONAL ENTEPRISE PTE LTD,SINGAPORE,SINGAPORE,CHINA (MAINLAND)
2021,470329,ROYAL GOLDEN EAGLE,APRIL,BUATAN,RIAU,200,74263,ROYAL GOLDEN EAGLE,APRIL INTERNATIONAL ENTEPRISE PTE LTD,SINGAPORE,SINGAPORE,CHINA (MAINLAND)
2021,470329,ROYAL GOLDEN EAGLE,APRIL,BUATAN,RIAU,201,74708,ROYAL GOLDEN EAGLE,APRIL INTERNATIONAL ENTEPRISE PTE LTD,SINGAPORE,SINGAPORE,INDIA
2021,470329,ROYAL GOLDEN EAGLE,APRIL,BUATAN,RIAU,201,74717,ROYAL GOLDEN EAGLE,APRIL INTERNATIONAL ENTEPRISE PTE LTD,SINGAPORE,SINGAPORE,CHINA (MAINLAND)
2021,470329,ROYAL GOLDEN EAGLE,APRIL,BUATAN,RIAU,201,76329,ROYAL GOLDEN EAGLE,APRIL INTERNATIONAL ENTEPRISE PTE LTD,SINGAPORE,SINGAPORE,INDIA
2021,470329,ROYAL GOLDEN EAGLE,APRIL,BUATAN,RIAU,201,76353,ROYAL GOLDEN EAGLE,APRIL INTERNATIONAL ENTEPRISE PTE LTD,SINGAPORE,SINGAPORE,INDIA
2021,470329,ROYAL GOLDEN EAGLE,APRIL,BUATAN,RIAU,201,74829,ROYAL GOLDEN EAGLE,APRIL INTERNATIONAL ENTEPRISE PTE LTD,SINGAPORE,SINGAPORE,INDIA
2021,470329,ROYAL GOLDEN EAGLE,APRIL,BUATAN,RIAU,201,74837,ROYAL GOLDEN EAGLE,APRIL INTERNATIONAL ENTEPRISE PTE LTD,SINGAPORE,SINGAPORE,CHINA (MAINLAND)
2021,470329,ROYAL GOLDEN EAGLE,APRIL,BUATAN,RIAU,241,89663,ROYAL GOLDEN EAGLE,APRIL INTERNATIONAL ENTEPRISE PTE LTD,SINGAPORE,SINGAPORE,INDIA
2021,470329,ROYAL GOLDEN EAGLE,APRIL,BUATAN,RIAU,301,112064,ROYAL GOLDEN EAGLE,APRIL INTERNATIONAL ENTEPRISE PTE LTD,SINGAPORE,SINGAPORE,THAILAND
2021,470329,ROYAL GOLDEN EAGLE,APRIL,BUATAN,RIAU,502,190628,ROYAL GOLDEN EAGLE,APRIL INTERNATIONAL ENTEPRISE PTE LTD,SINGAPORE,SINGAPORE,CHINA (MAINLAND)
2021,470329,ROYAL GOLDEN EAGLE,APRIL,BUATAN,RIAU,502,186755,ROYAL GOLDEN EAGLE,APRIL INTERNATIONAL ENTEPRISE PTE LTD,SINGAPORE,SINGAPORE,CHINA (MAINLAND)
2021,470329,ROYAL GOLDEN EAGLE,APRIL,BUATAN,RIAU,502,186795,ROYAL GOLDEN EAGLE,APRIL INTERNATIONAL ENTEPRISE PTE LTD,SINGAPORE,SINGAPORE,VIETNAM
2021,470329,ROYAL GOLDEN EAGLE,APRIL,BUATAN,RIAU,502,186816,ROYAL GOLDEN EAGLE,APRIL INTERNATIONAL ENTEPRISE PTE LTD,SINGAPORE,SINGAPORE,CHINA (MAINLAND)
2021,470329,ROYAL GOLDEN EAGLE,APRIL,BUATAN,RIAU,502,186908,ROYAL GOLDEN EAGLE,APRIL INTERNATIONAL ENTEPRISE PTE LTD,SINGAPORE,SINGAPORE,CHINA (MAINLAND)
2021,470329,ROYAL GOLDEN EAGLE,APRIL,BUATAN,RIAU,502,186914,ROYAL GOLDEN EAGLE,APRIL INTERNATIONAL ENTEPRISE PTE LTD,SINGAPORE,SINGAPORE,VIETNAM
2021,470329,ROYAL GOLDEN EAGLE,APRIL,BUATAN,RIAU,502,186923,ROYAL GOLDEN EAGLE,APRIL INTERNATIONAL ENTEPRISE PTE LTD,SINGAPORE,SINGAPORE,CHINA (MAINLAND)
2021,470329,ROYAL GOLDEN EAGLE,APRIL,BUATAN,RIAU,503,186949,ROYAL GOLDEN EAGLE,APRIL INTERNATIONAL ENTEPRISE PTE LTD,SINGAPORE,SINGAPORE,VIETNAM
2021,470329,ROYAL GOLDEN EAGLE,APRIL,BUATAN,RIAU,503,186960,ROYAL GOLDEN EAGLE,APRIL INTERNATIONAL ENTEPRISE PTE LTD,SINGAPORE,SINGAPORE,CHINA (MAINLAND)
2021,470329,ROYAL GOLDEN EAGLE,APRIL,BUATAN,RIAU,598,222287,ROYAL GOLDEN EAGLE,APRIL INTERNATIONAL ENTEPRISE PTE LTD,SINGAPORE,SINGAPORE,CHINA (MAINLAND)
2021,470329,ROYAL GOLDEN EAGLE,APRIL,BUATAN,RIAU,603,224369,ROYAL GOLDEN EAGLE,APRIL INTERNATIONAL ENTEPRISE PTE LTD,SINGAPORE,SINGAPORE,VIETNAM
2021,470329,ROYAL GOLDEN EAGLE,APRIL,BUATAN,RIAU,703,261672,ROYAL GOLDEN EAGLE,APRIL INTERNATIONAL ENTEPRISE PTE LTD,SINGAPORE,SINGAPORE,VIETNAM
2021,470329,ROYAL GOLDEN EAGLE,APRIL,BUATAN,RIAU,1005,373784,ROYAL GOLDEN EAGLE,APRIL INTERNATIONAL ENTEPRISE PTE LTD,SINGAPORE,SINGAPORE,CHINA (MAINLAND)
2021,470329,ROYAL GOLDEN EAGLE,APRIL,FUTONG,RIAU,502,186812,ROYAL GOLDEN EAGLE,APRIL INTERNATIONAL ENTEPRISE PTE LTD,SINGAPORE,NINGBO,CHINA (MAINLAND)
2021,470329,ROYAL GOLDEN EAGLE,APRIL,FUTONG,RIAU,502,186869,ROYAL GOLDEN EAGLE,APRIL INTERNATIONAL ENTEPRISE PTE LTD,SINGAPORE,FUZHOU,CHINA (MAINLAND)
2021,470329,ROYAL GOLDEN EAGLE,APRIL,FUTONG,RIAU,593,220517,ROYAL GOLDEN EAGLE,APRIL INTERNATIONAL ENTEPRISE PTE LTD,SINGAPORE,PYONGTAEK,SOUTH KOREA
2021,470329,ROYAL GOLDEN EAGLE,APRIL,FUTONG,RIAU,657,244430,ROYAL GOLDEN EAGLE,APRIL INTERNATIONAL ENTEPRISE PTE LTD,SINGAPORE,MINA ZAYED,UNITED ARAB EMIRATES
2021,470329,ROYAL GOLDEN EAGLE,APRIL,FUTONG,RIAU,1004,373429,ROYAL GOLDEN EAGLE,APRIL INTERNATIONAL ENTEPRISE PTE LTD,SINGAPORE,NINGBO,CHINA (MAINLAND)
2021,470329,ROYAL GOLDEN EAGLE,APRIL,FUTONG,RIAU,1004,373556,ROYAL GOLDEN EAGLE,APRIL INTERNATIONAL ENTEPRISE PTE LTD,SINGAPORE,NINGBO,CHINA (MAINLAND)
2021,470329,ROYAL GOLDEN EAGLE,APRIL,FUTONG,RIAU,1005,373697,ROYAL GOLDEN EAGLE,APRIL INTERNATIONAL ENTEPRISE PTE LTD,SINGAPORE,NINGBO,CHINA (MAINLAND)
2021,470329,ROYAL GOLDEN EAGLE,APRIL,FUTONG,RIAU,1005,373843,ROYAL GOLDEN EAGLE,APRIL INTERNATIONAL ENTEPRISE PTE LTD,SINGAPORE,NINGBO,CHINA (MAINLAND)
2021,470329,ROYAL GOLDEN EAGLE,APRIL,FUTONG,RIAU,2170,817712,ROYAL GOLDEN EAGLE,APRIL FAR EAST MALAYSIA SDN BHD,MALAYSIA,IYOMISHIMA,JAPAN
2021,470329,ROYAL GOLDEN EAGLE,APRIL,FUTONG,RIAU,2914,1084068,ROYAL GOLDEN EAGLE,APRIL INTERNATIONAL ENTEPRISE PTE LTD,SINGAPORE,PYONGTAEK,SOUTH KOREA
2021,470329,ROYAL GOLDEN EAGLE,APRIL,FUTONG,RIAU,4520,1681362,ROYAL GOLDEN EAGLE,APRIL INTERNATIONAL ENTEPRISE PTE LTD,SINGAPORE,SHANGHAI,CHINA (MAINLAND)
2021,470329,ROYAL GOLDEN EAGLE,APRIL,FUTONG,RIAU,5387,2003865,ROYAL GOLDEN EAGLE,APRIL INTERNATIONAL ENTEPRISE PTE LTD,SINGAPORE,QINGDAO,CHINA (MAINLAND)
2021,470329,ROYAL GOLDEN EAGLE,APRIL,FUTONG,RIAU,5873,2191754,ROYAL GOLDEN EAGLE,APRIL INTERNATIONAL ENTEPRISE PTE LTD,SINGAPORE,GUNSAN (ES KUNSAN),SOUTH KOREA
2021,470329,ROYAL GOLDEN EAGLE,APRIL,FUTONG,RIAU,8039,2990390,ROYAL GOLDEN EAGLE,APRIL INTERNATIONAL ENTEPRISE PTE LTD,SINGAPORE,MINA ZAYED,UNITED ARAB EMIRATES
2021,470329,ROYAL GOLDEN EAGLE,APRIL,FUTONG,RIAU,8605,3201169,ROYAL GOLDEN EAGLE,APRIL INTERNATIONAL ENTEPRISE PTE LTD,SINGAPORE,QINGDAO,CHINA (MAINLAND)
2021,470329,ROYAL GOLDEN EAGLE,APRIL,FUTONG,RIAU,9642,3604248,ROYAL GOLDEN EAGLE,APRIL INTERNATIONAL ENTEPRISE PTE LTD,SINGAPORE,CHITTAGONG,BANGLADESH
2021,470329,ROYAL GOLDEN EAGLE,APRIL,FUTONG,RIAU,9707,3611078,ROYAL GOLDEN EAGLE,APRIL INTERNATIONAL ENTEPRISE PTE LTD,SINGAPORE,CHITTAGONG,BANGLADESH
2021,470329,ROYAL GOLDEN EAGLE,APRIL,FUTONG,RIAU,14068,5233199,ROYAL GOLDEN EAGLE,APRIL INTERNATIONAL ENTEPRISE PTE LTD,SINGAPORE,MINA ZAYED,UNITED ARAB EMIRATES
2021,470329,SINAR MAS,LONTAR PAPYRUS,KUALA TUNGKAL,JAMBI,702,437647,UNKNOWN AFFILIATION,FREELAND UNIVERSAL LTD,CHINA (HONG KONG),DALIAN,CHINA (MAINLAND)
2021,470329,SINAR MAS,OKI,SULTAN MAHMUD BADARUDDIN (U),SUMATERA SELATAN,16,9187,UNKNOWN AFFILIATION,BRIGHTENING SKY CO LTD,CHINA (HONG KONG),SINGAPORE,CHINA (MAINLAND)
2021,470329,SINAR MAS,OKI,SULTAN MAHMUD BADARUDDIN (U),SUMATERA SELATAN,100,58300,SINAR MAS,GOLDEN PROFIT TRADING PTE LTD,SINGAPORE,GUNSAN (ES KUNSAN),SOUTH KOREA
2021,470329,SINAR MAS,OKI,SULTAN MAHMUD BADARUDDIN (U),SUMATERA SELATAN,216,131652,UNKNOWN AFFILIATION,BRIGHTENING SKY CO LTD,CHINA (HONG KONG),SHANGHAI,CHINA (MAINLAND)
2021,470329,SINAR MAS,OKI,SULTAN MAHMUD BADARUDDIN (U),SUMATERA SELATAN,300,185400,CHINA UNION,CHINA UNION (MACAO COMMERCIAL OFFSHORE) CO LTD,MACAO,SHANGHAI,CHINA (MAINLAND)
2021,470329,SINAR MAS,OKI,SULTAN MAHMUD BADARUDDIN (U),SUMATERA SELATAN,374,201960,SINAR MAS,GOLDEN PROFIT TRADING PTE LTD,SINGAPORE,HALDIA,INDIA
2021,470329,SINAR MAS,OKI,SULTAN MAHMUD BADARUDDIN (U),SUMATERA SELATAN,480,279608,UNKNOWN AFFILIATION,BRIGHTENING SKY CO LTD,CHINA (HONG KONG),SINGAPORE,CHINA (MAINLAND)
2021,470329,SINAR MAS,OKI,SULTAN MAHMUD BADARUDDIN (U),SUMATERA SELATAN,500,271333,DRAGON CROWN HOLDINGS,DRAGON CROWN (HK) TRADING LTD,CHINA (HONG KONG),TIANJIN,CHINA (MAINLAND)
2021,470329,SINAR MAS,OKI,SULTAN MAHMUD BADARUDDIN (U),SUMATERA SELATAN,504,293588,UNKNOWN AFFILIATION,BRIGHTENING SKY CO LTD,CHINA (HONG KONG),SINGAPORE,CHINA (MAINLAND)
2021,470329,SINAR MAS,OKI,SULTAN MAHMUD BADARUDDIN (U),SUMATERA SELATAN,550,297000,SINAR MAS,GOLDEN PROFIT TRADING PTE LTD,SINGAPORE,CHITTAGONG,BANGLADESH
2021,470329,SINAR MAS,OKI,SULTAN MAHMUD BADARUDDIN (U),SUMATERA SELATAN,558,328383,UNKNOWN AFFILIATION,BRIGHTENING SKY CO LTD,CHINA (HONG KONG),SHANGHAI,CHINA (MAINLAND)
2021,470329,SINAR MAS,OKI,SULTAN MAHMUD BADARUDDIN (U),SUMATERA SELATAN,584,374198,UNKNOWN AFFILIATION,BRIGHTENING SKY CO LTD,CHINA (HONG KONG),SHANGHAI,CHINA (MAINLAND)
2021,470329,SINAR MAS,OKI,SULTAN MAHMUD BADARUDDIN (U),SUMATERA SELATAN,894,539082,UNKNOWN AFFILIATION,SUZHOU GUANBAO TRADING LTD,CHINA (MAINLAND),CHANGSHU,CHINA (MAINLAND)
2021,470329,SINAR MAS,OKI,SULTAN MAHMUD BADARUDDIN (U),SUMATERA SELATAN,966,626692,UNKNOWN AFFILIATION,BRIGHTENING SKY CO LTD,CHINA (HONG KONG),SHANGHAI,CHINA (MAINLAND)
2021,470329,SINAR MAS,OKI,SULTAN MAHMUD BADARUDDIN (U),SUMATERA SELATAN,1000,589000,UNKNOWN AFFILIATION,BRIGHTENING SKY CO LTD,CHINA (HONG KONG),SHANGHAI,CHINA (MAINLAND)
2021,470329,SINAR MAS,OKI,SULTAN MAHMUD BADARUDDIN (U),SUMATERA SELATAN,1100,596955,DRAGON CROWN HOLDINGS,DRAGON CROWN (HK) TRADING LTD,CHINA (HONG KONG),CHANGSHU,CHINA (MAINLAND)
2021,470329,SINAR MAS,OKI,SULTAN MAHMUD BADARUDDIN (U),SUMATERA SELATAN,1106,690144,UNKNOWN AFFILIATION,BRIGHTENING SKY CO LTD,CHINA (HONG KONG),CHANGSHU,CHINA (MAINLAND)
2021,470329,SINAR MAS,OKI,SULTAN MAHMUD BADARUDDIN (U),SUMATERA SELATAN,1500,919500,SINAR MAS,GOLDEN PROFIT TRADING PTE LTD,SINGAPORE,GUNSAN (ES KUNSAN),SOUTH KOREA
2021,470329,SINAR MAS,OKI,SULTAN MAHMUD BADARUDDIN (U),SUMATERA SELATAN,2000,1239500,UNKNOWN AFFILIATION,BRIGHTENING SKY CO LTD,CHINA (HONG KONG),SHANGHAI,CHINA (MAINLAND)
2021,470329,SINAR MAS,OKI,SULTAN MAHMUD BADARUDDIN (U),SUMATERA SELATAN,2306,1406660,UNKNOWN AFFILIATION,BRIGHTENING SKY CO LTD,CHINA (HONG KONG),SHANGHAI,CHINA (MAINLAND)
2021,470329,SINAR MAS,OKI,SULTAN MAHMUD BADARUDDIN (U),SUMATERA SELATAN,2500,1356663,DRAGON CROWN HOLDINGS,DRAGON CROWN (HK) TRADING LTD,CHINA (HONG KONG),TIANJIN,CHINA (MAINLAND)
2021,470329,SINAR MAS,OKI,SULTAN MAHMUD BADARUDDIN (U),SUMATERA SELATAN,2654,1618940,UNKNOWN AFFILIATION,BRIGHTENING SKY CO LTD,CHINA (HONG KONG),SHANGHAI,CHINA (MAINLAND)
2021,470329,SINAR MAS,OKI,SULTAN MAHMUD BADARUDDIN (U),SUMATERA SELATAN,3000,1704000,UNKNOWN AFFILIATION,BRIGHTENING SKY CO LTD,CHINA (HONG KONG),SHANGHAI,CHINA (MAINLAND)
2021,470329,SINAR MAS,OKI,SULTAN MAHMUD BADARUDDIN (U),SUMATERA SELATAN,3034,1880322,UNKNOWN AFFILIATION,BRIGHTENING SKY CO LTD,CHINA (HONG KONG),SHANGHAI,CHINA (MAINLAND)
2021,470329,SINAR MAS,OKI,SULTAN MAHMUD BADARUDDIN (U),SUMATERA SELATAN,3240,2002320,UNKNOWN AFFILIATION,SUZHOU GUANBAO TRADING LTD,CHINA (MAINLAND),SHANGHAI,CHINA (MAINLAND)
2021,470329,SINAR MAS,OKI,SULTAN MAHMUD BADARUDDIN (U),SUMATERA SELATAN,3760,2321800,UNKNOWN AFFILIATION,SUZHOU GUANBAO TRADING LTD,CHINA (MAINLAND),SHANGHAI,CHINA (MAINLAND)
2021,470329,SINAR MAS,OKI,SULTAN MAHMUD BADARUDDIN (U),SUMATERA SELATAN,4000,2440000,UNKNOWN AFFILIATION,BRIGHTENING SKY CO LTD,CHINA (HONG KONG),SHANGHAI,CHINA (MAINLAND)
2021,470329,SINAR MAS,OKI,SULTAN MAHMUD BADARUDDIN (U),SUMATERA SELATAN,4600,2681800,SINAR MAS,GOLDEN PROFIT TRADING PTE LTD,SINGAPORE,GUNSAN (ES KUNSAN),SOUTH KOREA
2021,470329,SINAR MAS,OKI,SULTAN MAHMUD BADARUDDIN (U),SUMATERA SELATAN,4800,2604893,DRAGON CROWN HOLDINGS,DRAGON CROWN (HK) TRADING LTD,CHINA (HONG KONG),CHANGSHU,CHINA (MAINLAND)
2021,470329,SINAR MAS,OKI,SULTAN MAHMUD BADARUDDIN (U),SUMATERA SELATAN,5000,2713430,DRAGON CROWN HOLDINGS,DRAGON CROWN (HK) TRADING LTD,CHINA (HONG KONG),CHANGSHU,CHINA (MAINLAND)
2021,470329,SINAR MAS,OKI,SULTAN MAHMUD BADARUDDIN (U),SUMATERA SELATAN,5126,2768040,SINAR MAS,GOLDEN PROFIT TRADING PTE LTD,SINGAPORE,HALDIA,INDIA
2021,470329,SINAR MAS,OKI,SULTAN MAHMUD BADARUDDIN (U),SUMATERA SELATAN,6000,3256027,DRAGON CROWN HOLDINGS,DRAGON CROWN (HK) TRADING LTD,CHINA (HONG KONG),CHANGSHU,CHINA (MAINLAND)
2021,470329,SINAR MAS,OKI,SULTAN MAHMUD BADARUDDIN (U),SUMATERA SELATAN,6534,4038012,UNKNOWN AFFILIATION,BRIGHTENING SKY CO LTD,CHINA (HONG KONG),SHANGHAI,CHINA (MAINLAND)
2021,470329,SINAR MAS,OKI,SULTAN MAHMUD BADARUDDIN (U),SUMATERA SELATAN,7000,4051250,UNKNOWN AFFILIATION,BRIGHTENING SKY CO LTD,CHINA (HONG KONG),SHANGHAI,CHINA (MAINLAND)
2021,470329,SINAR MAS,OKI,SULTAN MAHMUD BADARUDDIN (U),SUMATERA SELATAN,8000,4341501,DRAGON CROWN HOLDINGS,DRAGON CROWN (HK) TRADING LTD,CHINA (HONG KONG),CHANGSHU,CHINA (MAINLAND)
2021,470329,SINAR MAS,OKI,SULTAN MAHMUD BADARUDDIN (U),SUMATERA SELATAN,10000,5426860,DRAGON CROWN HOLDINGS,DRAGON CROWN (HK) TRADING LTD,CHINA (HONG KONG),CHANGSHU,CHINA (MAINLAND)
2021,470329,SINAR MAS,OKI,SULTAN MAHMUD BADARUDDIN (U),SUMATERA SELATAN,15000,8139976,DRAGON CROWN HOLDINGS,DRAGON CROWN (HK) TRADING LTD,CHINA (HONG KONG),TIANJIN,CHINA (MAINLAND)
2021,470329,SINAR MAS,OKI,SULTAN MAHMUD BADARUDDIN (U),SUMATERA SELATAN,17000,9225409,DRAGON CROWN HOLDINGS,DRAGON CROWN (HK) TRADING LTD,CHINA (HONG KONG),CHANGSHU,CHINA (MAINLAND)
2021,470329,SINAR MAS,OKI,SULTAN MAHMUD BADARUDDIN (U),SUMATERA SELATAN,22000,11939127,DRAGON CROWN HOLDINGS,DRAGON CROWN (HK) TRADING LTD,CHINA (HONG KONG),CHANGSHU,CHINA (MAINLAND)
2021,470329,MARUBENI,TANJUNG ENIM LESTARI,PANJANG,SUMATERA SELATAN,58,31521,MARUBENI,MARUBENI CORP,JAPAN,SHIMIZU,JAPAN
2021,470329,MARUBENI,TANJUNG ENIM LESTARI,PANJANG,SUMATERA SELATAN,84,40407,ANKIT,ANKIT PULPS AND BOARDS PVT LTD,INDIA,JAWAHARLAL NEHRU (NHAVA S,INDIA
2021,470329,MARUBENI,TANJUNG ENIM LESTARI,PANJANG,SUMATERA SELATAN,103,49998,ITC,ITC LTD - PAPERBOARDS & SPECIALTY PAPERS DIVSION,INDIA,VISAKHAPATNAM,INDIA
2021,470329,MARUBENI,TANJUNG ENIM LESTARI,PANJANG,SUMATERA SELATAN,105,50695,ITC,ITC LTD - PAPERBOARDS & SPECIALTY PAPERS DIVSION,INDIA,VISAKHAPATNAM,INDIA
2021,470329,MARUBENI,TANJUNG ENIM LESTARI,PANJANG,SUMATERA SELATAN,106,51061,ITC,ITC LTD - PAPERBOARDS & SPECIALTY PAPERS DIVSION,INDIA,VISAKHAPATNAM,INDIA
2021,470329,MARUBENI,TANJUNG ENIM LESTARI,PANJANG,SUMATERA SELATAN,106,50303,ANKIT,ANKIT PULPS AND BOARDS PVT LTD,INDIA,JAWAHARLAL NEHRU (NHAVA S,INDIA
2021,470329,MARUBENI,TANJUNG ENIM LESTARI,PANJANG,SUMATERA SELATAN,106,50524,ANKIT,ANKIT PULPS AND BOARDS PVT LTD,INDIA,JAWAHARLAL NEHRU (NHAVA S,INDIA
2021,470329,MARUBENI,TANJUNG ENIM LESTARI,PANJANG,SUMATERA SELATAN,146,69623,UNKNOWN AFFILIATION,VECHEM ORGANICS PVT LTD,INDIA,PIPAVAV (VICTOR) PORT,INDIA
2021,470329,MARUBENI,TANJUNG ENIM LESTARI,PANJANG,SUMATERA SELATAN,148,70404,UNKNOWN AFFILIATION,VECHEM ORGANICS PVT LTD,INDIA,PIPAVAV (VICTOR) PORT,INDIA
2021,470329,MARUBENI,TANJUNG ENIM LESTARI,PANJANG,SUMATERA SELATAN,148,70501,UNKNOWN AFFILIATION,VECHEM ORGANICS PVT LTD,INDIA,JAWAHARLAL NEHRU (NHAVA S,INDIA
2021,470329,MARUBENI,TANJUNG ENIM LESTARI,PANJANG,SUMATERA SELATAN,209,111220,VINDA,VINDA PAPER NORTH (BEIJING) CO LTD,CHINA (MAINLAND),XINGANG,CHINA (MAINLAND)
2021,470329,MARUBENI,TANJUNG ENIM LESTARI,PANJANG,SUMATERA SELATAN,210,96530,UNKNOWN AFFILIATION,ACCENT MICROCELL PTE LTD,INDIA,JAWAHARLAL NEHRU (NHAVA S,INDIA
2021,470329,MARUBENI,TANJUNG ENIM LESTARI,PANJANG,SUMATERA SELATAN,210,111502,NIPPON PAPER,SIAM NIPPON INDUSTRIAL PAPER CO LTD,THAILAND,LAEM CHABANG,THAILAND
2021,470329,MARUBENI,TANJUNG ENIM LESTARI,PANJANG,SUMATERA SELATAN,253,140057,UNKNOWN AFFILIATION,JIH SUN PAPER INDUSTRY CO LTD.,TAIWAN,KAOHSIUNG,TAIWAN
2021,470329,MARUBENI,TANJUNG ENIM LESTARI,PANJANG,SUMATERA SELATAN,308,171448,DAIO PAPER CORP,TOKYO PULP AND PAPER INTERNATIONAL CO LTD,JAPAN,TOMAKOMAI,JAPAN
2021,470329,MARUBENI,TANJUNG ENIM LESTARI,PANJANG,SUMATERA SELATAN,317,148183,VINDA,VINDA PAPER (ZHEJIANG) CO LTD,CHINA (MAINLAND),NINGBO,CHINA (MAINLAND)
2021,470329,MARUBENI,TANJUNG ENIM LESTARI,PANJANG,SUMATERA SELATAN,319,163922,UNKNOWN AFFILIATION,NIBONG TEBAL PAPER MILL SDN BHD,MALAYSIA,PENANG (GEORGETOWN),MALAYSIA
2021,470329,MARUBENI,TANJUNG ENIM LESTARI,PANJANG,SUMATERA SELATAN,320,162612,NTPM HOLDINGS BHD,NTPM (VIETNAM) CO LTD,VIETNAM,CAT LAI,VIETNAM
2021,470329,MARUBENI,TANJUNG ENIM LESTARI,PANJANG,SUMATERA SELATAN,460,252437,UNKNOWN AFFILIATION,JIH SUN PAPER INDUSTRY CO LTD.,TAIWAN,KEELUNG (CHILUNG),TAIWAN
2021,470329,MARUBENI,TANJUNG ENIM LESTARI,PANJANG,SUMATERA SELATAN,501,266390,VINDA,VINDA PAPER NORTH (BEIJING) CO LTD,CHINA (MAINLAND),XINGANG,CHINA (MAINLAND)
2021,470329,MARUBENI,TANJUNG ENIM LESTARI,PANJANG,SUMATERA SELATAN,503,232075,VINDA,VINDA PAPER (ZHEJIANG) CO LTD,CHINA (MAINLAND),NINGBO,CHINA (MAINLAND)
2021,470329,MARUBENI,TANJUNG ENIM LESTARI,PANJANG,SUMATERA SELATAN,503,231614,VINDA,VINDA PAPER (CHINA) CO LTD,CHINA (MAINLAND),XINHUI,CHINA (MAINLAND)
2021,470329,MARUBENI,TANJUNG ENIM LESTARI,PANJANG,SUMATERA SELATAN,503,264533,VINDA,VINDA PERSONAL CARE (CHINA) LTD,CHINA (MAINLAND),WUHAN,CHINA (MAINLAND)
2021,470329,MARUBENI,TANJUNG ENIM LESTARI,PANJANG,SUMATERA SELATAN,504,243164,UNKNOWN AFFILIATION,PHUONG TRANG BAC GIANG CO LTD,VIETNAM,HAIPHONG,VIETNAM
2021,470329,MARUBENI,TANJUNG ENIM LESTARI,PANJANG,SUMATERA SELATAN,504,265077,VINDA,VINDA PERSONAL CARE (CHINA) LTD,CHINA (MAINLAND),WUHAN,CHINA (MAINLAND)
2021,470329,MARUBENI,TANJUNG ENIM LESTARI,PANJANG,SUMATERA SELATAN,505,232201,VINDA,VINDA PAPER (CHINA) CO LTD,CHINA (MAINLAND),XINHUI,CHINA (MAINLAND)
2021,470329,MARUBENI,TANJUNG ENIM LESTARI,PANJANG,SUMATERA SELATAN,507,238595,VINDA,VINDA PERSONAL CARE (CHINA) LTD,CHINA (MAINLAND),WUHAN,CHINA (MAINLAND)
2021,470329,MARUBENI,TANJUNG ENIM LESTARI,PANJANG,SUMATERA SELATAN,528,247132,VINDA,VINDA PAPER (ZHEJIANG) CO LTD,CHINA (MAINLAND),NINGBO,CHINA (MAINLAND)
2021,470329,MARUBENI,TANJUNG ENIM LESTARI,PANJANG,SUMATERA SELATAN,530,243947,VINDA,VINDA PAPER (CHINA) CO LTD,CHINA (MAINLAND),XINHUI,CHINA (MAINLAND)
2021,470329,MARUBENI,TANJUNG ENIM LESTARI,PANJANG,SUMATERA SELATAN,530,248315,VINDA,VINDA PAPER (ZHEJIANG) CO LTD,CHINA (MAINLAND),NINGBO,CHINA (MAINLAND)
2021,470329,MARUBENI,TANJUNG ENIM LESTARI,PANJANG,SUMATERA SELATAN,530,248303,VINDA,VINDA PAPER (ZHEJIANG) CO LTD,CHINA (MAINLAND),NINGBO,CHINA (MAINLAND)
2021,470329,MARUBENI,TANJUNG ENIM LESTARI,TARAHAN,SUMATERA SELATAN,202,112169,MARUBENI,MARUBENI CORP,JAPAN,TAGONOURA,JAPAN
2021,470329,MARUBENI,TANJUNG ENIM LESTARI,TARAHAN,SUMATERA SELATAN,505,260827,MARUBENI,MARUBENI CORP,JAPAN,TAGONOURA,JAPAN
2021,470329,MARUBENI,TANJUNG ENIM LESTARI,TARAHAN,SUMATERA SELATAN,974,435450,UNKNOWN AFFILIATION,KING ADVANCEMENT DEVELOPMENT (HONG KONG) LTD,CHINA (HONG KONG),QINGDAO,CHINA (MAINLAND)
2021,470329,MARUBENI,TANJUNG ENIM LESTARI,TARAHAN,SUMATERA SELATAN,975,435938,UNKNOWN AFFILIATION,OVERSEAS RESOURCES CO LTD,CHINA (HONG KONG),QINGDAO,CHINA (MAINLAND)
2021,470329,MARUBENI,TANJUNG ENIM LESTARI,TARAHAN,SUMATERA SELATAN,999,503480,HONG WON,HONG WON PAPER MFG CO LTD,SOUTH KOREA,PYONGTAEK,SOUTH KOREA
2021,470329,MARUBENI,TANJUNG ENIM LESTARI,TARAHAN,SUMATERA SELATAN,999,469839,UNKNOWN AFFILIATION,KING ADVANCEMENT DEVELOPMENT (HONG KONG) LTD,CHINA (HONG KONG),QINGDAO,CHINA (MAINLAND)
2021,470329,MARUBENI,TANJUNG ENIM LESTARI,TARAHAN,SUMATERA SELATAN,1000,503819,HONG WON,HONG WON PAPER MFG CO LTD,SOUTH KOREA,PYONGTAEK,SOUTH KOREA
2021,470329,MARUBENI,TANJUNG ENIM LESTARI,TARAHAN,SUMATERA SELATAN,1000,503986,HONG WON,HONG WON PAPER MFG CO LTD,SOUTH KOREA,PYONGTAEK,SOUTH KOREA
2021,470329,MARUBENI,TANJUNG ENIM LESTARI,TARAHAN,SUMATERA SELATAN,1001,475490,UNKNOWN AFFILIATION,SHANDONG CENTURY SUNSHINE PAPER GROUP CO LTD,CHINA (MAINLAND),QINGDAO,CHINA (MAINLAND)
2021,470329,MARUBENI,TANJUNG ENIM LESTARI,TARAHAN,SUMATERA SELATAN,1099,562865,HANSOL,HANSOL PAPER CO LTD,SOUTH KOREA,PYONGTAEK,SOUTH KOREA
2021,470329,MARUBENI,TANJUNG ENIM LESTARI,TARAHAN,SUMATERA SELATAN,1938,865979,UNKNOWN AFFILIATION,KING ADVANCEMENT DEVELOPMENT (HONG KONG) LTD,CHINA (HONG KONG),QINGDAO,CHINA (MAINLAND)
2021,470329,MARUBENI,TANJUNG ENIM LESTARI,TARAHAN,SUMATERA SELATAN,1940,866759,UNKNOWN AFFILIATION,KING ADVANCEMENT DEVELOPMENT (HONG KONG) LTD,CHINA (HONG KONG),QINGDAO,CHINA (MAINLAND)
2021,470329,MARUBENI,TANJUNG ENIM LESTARI,TARAHAN,SUMATERA SELATAN,1940,866991,UNKNOWN AFFILIATION,KING ADVANCEMENT DEVELOPMENT (HONG KONG) LTD,CHINA (HONG KONG),QINGDAO,CHINA (MAINLAND)
2021,470329,MARUBENI,TANJUNG ENIM LESTARI,TARAHAN,SUMATERA SELATAN,1999,939835,UNKNOWN AFFILIATION,KING ADVANCEMENT DEVELOPMENT (HONG KONG) LTD,CHINA (HONG KONG),QINGDAO,CHINA (MAINLAND)
2021,470329,MARUBENI,TANJUNG ENIM LESTARI,TARAHAN,SUMATERA SELATAN,2004,951694,OJI HOLDINGS CORP,SUNSHINE OJI (SHOUGUANG) SPECIALTY PAPER CO LTD,CHINA (MAINLAND),QINGDAO,CHINA (MAINLAND)
2021,470329,MARUBENI,TANJUNG ENIM LESTARI,TARAHAN,SUMATERA SELATAN,2019,1043208,MARUBENI,MARUBENI CORP,JAPAN,TAGONOURA,JAPAN
2021,470329,MARUBENI,TANJUNG ENIM LESTARI,TARAHAN,SUMATERA SELATAN,2150,1011351,JIANGHE PAPER,HENAN JIANGHE PAPER CO LTD,CHINA (MAINLAND),QINGDAO,CHINA (MAINLAND)
2021,470329,MARUBENI,TANJUNG ENIM LESTARI,TARAHAN,SUMATERA SELATAN,2151,1083756,OJI HOLDINGS CORP,SUNSHINE OJI (SHOUGUANG) SPECIALTY PAPER CO LTD,CHINA (MAINLAND),QINGDAO,CHINA (MAINLAND)
2021,470329,MARUBENI,TANJUNG ENIM LESTARI,TARAHAN,SUMATERA SELATAN,2923,1307343,UNKNOWN AFFILIATION,KING ADVANCEMENT DEVELOPMENT (HONG KONG) LTD,CHINA (HONG KONG),QINGDAO,CHINA (MAINLAND)
2021,470329,MARUBENI,TANJUNG ENIM LESTARI,TARAHAN,SUMATERA SELATAN,3226,1518481,UNKNOWN AFFILIATION,ASIAWIDE RESOURCES LTD,CHINA (HONG KONG),QINGDAO,CHINA (MAINLAND)
2021,470200,ROYAL GOLDEN EAGLE,APRIL,BUATAN,RIAU,506,340796,ROYAL GOLDEN EAGLE,APRIL FAR EAST MALAYSIA SDN BHD,MALAYSIA,PORT KELANG,CHINA (MAINLAND)
2021,470200,ROYAL GOLDEN EAGLE,APRIL,BUATAN,RIAU,507,341270,ROYAL GOLDEN EAGLE,APRIL FAR EAST MALAYSIA SDN BHD,MALAYSIA,PORT KELANG,CHINA (MAINLAND)
2021,470200,ROYAL GOLDEN EAGLE,APRIL,BUATAN,RIAU,508,320309,ROYAL GOLDEN EAGLE,APRIL FAR EAST MALAYSIA SDN BHD,MALAYSIA,SINGAPORE,CHINA (MAINLAND)
2021,470200,ROYAL GOLDEN EAGLE,APRIL,FUTONG,RIAU,1010,680059,ROYAL GOLDEN EAGLE,APRIL INTERNATIONAL ENTEPRISE PTE LTD,SINGAPORE,FUZHOU,CHINA (MAINLAND)
2021,470200,ROYAL GOLDEN EAGLE,APRIL,FUTONG,RIAU,1011,637845,ROYAL GOLDEN EAGLE,APRIL FAR EAST MALAYSIA SDN BHD,MALAYSIA,SHANGHAI,CHINA (MAINLAND)
2021,470200,ROYAL GOLDEN EAGLE,APRIL,FUTONG,RIAU,1012,680904,ROYAL GOLDEN EAGLE,APRIL FAR EAST MALAYSIA SDN BHD,MALAYSIA,SHANGHAI,CHINA (MAINLAND)
2021,470200,ROYAL GOLDEN EAGLE,APRIL,FUTONG,RIAU,1012,681210,ROYAL GOLDEN EAGLE,APRIL FAR EAST MALAYSIA SDN BHD,MALAYSIA,SHANGHAI,CHINA (MAINLAND)
2021,470200,ROYAL GOLDEN EAGLE,APRIL,FUTONG,RIAU,1013,681506,ROYAL GOLDEN EAGLE,APRIL FAR EAST MALAYSIA SDN BHD,MALAYSIA,SHANGHAI,CHINA (MAINLAND)
2021,470200,ROYAL GOLDEN EAGLE,APRIL,FUTONG,RIAU,1013,639013,ROYAL GOLDEN EAGLE,APRIL INTERNATIONAL ENTEPRISE PTE LTD,SINGAPORE,FUZHOU,CHINA (MAINLAND)
2021,470200,ROYAL GOLDEN EAGLE,APRIL,FUTONG,RIAU,1013,639086,ROYAL GOLDEN EAGLE,APRIL INTERNATIONAL ENTEPRISE PTE LTD,SINGAPORE,FUZHOU,CHINA (MAINLAND)
2021,470200,ROYAL GOLDEN EAGLE,APRIL,FUTONG,RIAU,1013,639342,ROYAL GOLDEN EAGLE,APRIL FAR EAST MALAYSIA SDN BHD,MALAYSIA,SHANGHAI,CHINA (MAINLAND)
2021,470200,ROYAL GOLDEN EAGLE,APRIL,FUTONG,RIAU,1013,681939,ROYAL GOLDEN EAGLE,APRIL FAR EAST MALAYSIA SDN BHD,MALAYSIA,SHANGHAI,CHINA (MAINLAND)
2021,470200,ROYAL GOLDEN EAGLE,APRIL,FUTONG,RIAU,1013,681949,ROYAL GOLDEN EAGLE,APRIL INTERNATIONAL ENTEPRISE PTE LTD,SINGAPORE,FUZHOU,CHINA (MAINLAND)
2021,470200,ROYAL GOLDEN EAGLE,APRIL,FUTONG,RIAU,1013,682010,ROYAL GOLDEN EAGLE,APRIL INTERNATIONAL ENTEPRISE PTE LTD,SINGAPORE,FUZHOU,CHINA (MAINLAND)
2021,470200,ROYAL GOLDEN EAGLE,APRIL,FUTONG,RIAU,1013,682063,ROYAL GOLDEN EAGLE,APRIL FAR EAST MALAYSIA SDN BHD,MALAYSIA,SHANGHAI,CHINA (MAINLAND)
2021,470200,ROYAL GOLDEN EAGLE,APRIL,FUTONG,RIAU,1014,682499,ROYAL GOLDEN EAGLE,APRIL FAR EAST MALAYSIA SDN BHD,MALAYSIA,SHANGHAI,CHINA (MAINLAND)
2021,470200,ROYAL GOLDEN EAGLE,APRIL,FUTONG,RIAU,1014,639970,ROYAL GOLDEN EAGLE,APRIL FAR EAST MALAYSIA SDN BHD,MALAYSIA,SHANGHAI,CHINA (MAINLAND)
2021,470200,ROYAL GOLDEN EAGLE,APRIL,FUTONG,RIAU,1015,640421,ROYAL GOLDEN EAGLE,APRIL INTERNATIONAL ENTEPRISE PTE LTD,SINGAPORE,FUZHOU,CHINA (MAINLAND)
2021,470200,ROYAL GOLDEN EAGLE,APRIL,FUTONG,RIAU,1016,641402,ROYAL GOLDEN EAGLE,APRIL FAR EAST MALAYSIA SDN BHD,MALAYSIA,SHANGHAI,CHINA (MAINLAND)
2021,470200,ROYAL GOLDEN EAGLE,APRIL,FUTONG,RIAU,1018,642311,ROYAL GOLDEN EAGLE,APRIL FAR EAST MALAYSIA SDN BHD,MALAYSIA,SHANGHAI,CHINA (MAINLAND)
2021,470200,ROYAL GOLDEN EAGLE,APRIL,BUATAN,RIAU,203,128324,ROYAL GOLDEN EAGLE,APRIL FAR EAST MALAYSIA SDN BHD,MALAYSIA,SINGAPORE,CHINA (MAINLAND)
2021,470200,ROYAL GOLDEN EAGLE,APRIL,BUATAN,RIAU,305,192203,ROYAL GOLDEN EAGLE,APRIL FAR EAST MALAYSIA SDN BHD,MALAYSIA,SINGAPORE,CHINA (MAINLAND)
2021,470200,ROYAL GOLDEN EAGLE,APRIL,BUATAN,RIAU,507,341271,ROYAL GOLDEN EAGLE,APRIL INTERNATIONAL ENTEPRISE PTE LTD,SINGAPORE,PORT KELANG,CHINA (MAINLAND)
2021,470200,ROYAL GOLDEN EAGLE,APRIL,BUATAN,RIAU,507,344318,ROYAL GOLDEN EAGLE,APRIL INTERNATIONAL ENTEPRISE PTE LTD,SINGAPORE,SINGAPORE,CHINA (MAINLAND)
2021,470200,ROYAL GOLDEN EAGLE,APRIL,BUATAN,RIAU,507,320038,ROYAL GOLDEN EAGLE,APRIL FAR EAST MALAYSIA SDN BHD,MALAYSIA,SINGAPORE,CHINA (MAINLAND)
2021,470200,ROYAL GOLDEN EAGLE,APRIL,BUATAN,RIAU,507,320065,ROYAL GOLDEN EAGLE,APRIL FAR EAST MALAYSIA SDN BHD,MALAYSIA,SINGAPORE,CHINA (MAINLAND)
2021,470200,ROYAL GOLDEN EAGLE,APRIL,BUATAN,RIAU,507,320137,ROYAL GOLDEN EAGLE,APRIL FAR EAST MALAYSIA SDN BHD,MALAYSIA,SINGAPORE,CHINA (MAINLAND)
2021,470200,ROYAL GOLDEN EAGLE,APRIL,BUATAN,RIAU,507,341479,ROYAL GOLDEN EAGLE,APRIL FAR EAST MALAYSIA SDN BHD,MALAYSIA,SINGAPORE,CHINA (MAINLAND)
2021,470200,ROYAL GOLDEN EAGLE,APRIL,BUATAN,RIAU,507,320183,ROYAL GOLDEN EAGLE,APRIL FAR EAST MALAYSIA SDN BHD,MALAYSIA,PORT KELANG,CHINA (MAINLAND)
2021,470200,ROYAL GOLDEN EAGLE,APRIL,BUATAN,RIAU,507,320186,ROYAL GOLDEN EAGLE,APRIL FAR EAST MALAYSIA SDN BHD,MALAYSIA,SINGAPORE,CHINA (MAINLAND)
2021,470200,ROYAL GOLDEN EAGLE,APRIL,BUATAN,RIAU,507,320191,ROYAL GOLDEN EAGLE,APRIL FAR EAST MALAYSIA SDN BHD,MALAYSIA,PORT KELANG,CHINA (MAINLAND)
2021,470200,ROYAL GOLDEN EAGLE,APRIL,BUATAN,RIAU,507,320202,ROYAL GOLDEN EAGLE,APRIL FAR EAST MALAYSIA SDN BHD,MALAYSIA,PORT KELANG,CHINA (MAINLAND)
2021,470200,ROYAL GOLDEN EAGLE,APRIL,BUATAN,RIAU,507,344580,ROYAL GOLDEN EAGLE,APRIL INTERNATIONAL ENTEPRISE PTE LTD,SINGAPORE,SINGAPORE,CHINA (MAINLAND)
2021,470200,ROYAL GOLDEN EAGLE,APRIL,BUATAN,RIAU,507,320231,ROYAL GOLDEN EAGLE,APRIL FAR EAST MALAYSIA SDN BHD,MALAYSIA,PORT KELANG,CHINA (MAINLAND)
2021,470200,ROYAL GOLDEN EAGLE,APRIL,BUATAN,RIAU,508,320246,ROYAL GOLDEN EAGLE,APRIL FAR EAST MALAYSIA SDN BHD,MALAYSIA,SINGAPORE,CHINA (MAINLAND)
2021,470200,ROYAL GOLDEN EAGLE,APRIL,BUATAN,RIAU,508,344632,ROYAL GOLDEN EAGLE,APRIL INTERNATIONAL ENTEPRISE PTE LTD,SINGAPORE,PORT KELANG,CHINA (MAINLAND)
2021,470200,ROYAL GOLDEN EAGLE,APRIL,BUATAN,RIAU,508,320282,ROYAL GOLDEN EAGLE,APRIL FAR EAST MALAYSIA SDN BHD,MALAYSIA,SINGAPORE,CHINA (MAINLAND)
2021,470200,ROYAL GOLDEN EAGLE,APRIL,BUATAN,RIAU,508,320292,ROYAL GOLDEN EAGLE,APRIL FAR EAST MALAYSIA SDN BHD,MALAYSIA,PORT KELANG,CHINA (MAINLAND)
2021,470200,ROYAL GOLDEN EAGLE,APRIL,BUATAN,RIAU,508,344660,ROYAL GOLDEN EAGLE,APRIL INTERNATIONAL ENTEPRISE PTE LTD,SINGAPORE,SINGAPORE,CHINA (MAINLAND)
2021,470200,ROYAL GOLDEN EAGLE,APRIL,BUATAN,RIAU,508,344703,ROYAL GOLDEN EAGLE,APRIL INTERNATIONAL ENTEPRISE PTE LTD,SINGAPORE,SINGAPORE,CHINA (MAINLAND)
2021,470200,ROYAL GOLDEN EAGLE,APRIL,BUATAN,RIAU,508,320336,ROYAL GOLDEN EAGLE,APRIL FAR EAST MALAYSIA SDN BHD,MALAYSIA,PORT KELANG,CHINA (MAINLAND)
2021,470200,ROYAL GOLDEN EAGLE,APRIL,BUATAN,RIAU,508,320352,ROYAL GOLDEN EAGLE,APRIL FAR EAST MALAYSIA SDN BHD,MALAYSIA,PORT KELANG,CHINA (MAINLAND)
2021,470200,ROYAL GOLDEN EAGLE,APRIL,BUATAN,RIAU,508,320356,ROYAL GOLDEN EAGLE,APRIL FAR EAST MALAYSIA SDN BHD,MALAYSIA,PORT KELANG,CHINA (MAINLAND)
2021,470200,ROYAL GOLDEN EAGLE,APRIL,BUATAN,RIAU,508,344729,ROYAL GOLDEN EAGLE,APRIL INTERNATIONAL ENTEPRISE PTE LTD,SINGAPORE,SINGAPORE,CHINA (MAINLAND)
2021,470200,ROYAL GOLDEN EAGLE,APRIL,BUATAN,RIAU,508,320455,ROYAL GOLDEN EAGLE,APRIL FAR EAST MALAYSIA SDN BHD,MALAYSIA,PORT KELANG,CHINA (MAINLAND)
2021,470200,ROYAL GOLDEN EAGLE,APRIL,BUATAN,RIAU,508,320457,ROYAL GOLDEN EAGLE,APRIL INTERNATIONAL ENTEPRISE PTE LTD,SINGAPORE,PORT KELANG,CHINA (MAINLAND)
2021,470200,ROYAL GOLDEN EAGLE,APRIL,BUATAN,RIAU,508,344844,ROYAL GOLDEN EAGLE,APRIL INTERNATIONAL ENTEPRISE PTE LTD,SINGAPORE,PORT KELANG,CHINA (MAINLAND)
2021,470200,ROYAL GOLDEN EAGLE,APRIL,BUATAN,RIAU,508,320565,ROYAL GOLDEN EAGLE,APRIL INTERNATIONAL ENTEPRISE PTE LTD,SINGAPORE,PORT KELANG,CHINA (MAINLAND)
2021,470200,ROYAL GOLDEN EAGLE,APRIL,BUATAN,RIAU,508,320619,ROYAL GOLDEN EAGLE,APRIL FAR EAST MALAYSIA SDN BHD,MALAYSIA,PORT KELANG,CHINA (MAINLAND)
2021,470200,ROYAL GOLDEN EAGLE,APRIL,FUTONG,RIAU,1014,639753,ROYAL GOLDEN EAGLE,APRIL INTERNATIONAL ENTEPRISE PTE LTD,SINGAPORE,FUZHOU,CHINA (MAINLAND)
2021,470200,ROYAL GOLDEN EAGLE,APRIL,FUTONG,RIAU,1014,639888,ROYAL GOLDEN EAGLE,APRIL FAR EAST MALAYSIA SDN BHD,MALAYSIA,SHANGHAI,CHINA (MAINLAND)
2021,470200,ROYAL GOLDEN EAGLE,APRIL,FUTONG,RIAU,1014,682538,ROYAL GOLDEN EAGLE,APRIL FAR EAST MALAYSIA SDN BHD,MALAYSIA,SHANGHAI,CHINA (MAINLAND)
2021,470200,ROYAL GOLDEN EAGLE,APRIL,FUTONG,RIAU,1015,640178,ROYAL GOLDEN EAGLE,APRIL FAR EAST MALAYSIA SDN BHD,MALAYSIA,SHANGHAI,CHINA (MAINLAND)
2021,470200,ROYAL GOLDEN EAGLE,APRIL,FUTONG,RIAU,1015,640298,ROYAL GOLDEN EAGLE,APRIL INTERNATIONAL ENTEPRISE PTE LTD,SINGAPORE,FUZHOU,CHINA (MAINLAND)
2021,470200,ROYAL GOLDEN EAGLE,APRIL,FUTONG,RIAU,1015,640314,ROYAL GOLDEN EAGLE,APRIL FAR EAST MALAYSIA SDN BHD,MALAYSIA,TANJONG PELEPAS,CHINA (MAINLAND)
2021,470200,ROYAL GOLDEN EAGLE,APRIL,FUTONG,RIAU,1015,640393,ROYAL GOLDEN EAGLE,APRIL FAR EAST MALAYSIA SDN BHD,MALAYSIA,SHANGHAI,CHINA (MAINLAND)
2021,470200,ROYAL GOLDEN EAGLE,APRIL,FUTONG,RIAU,1015,683030,ROYAL GOLDEN EAGLE,APRIL FAR EAST MALAYSIA SDN BHD,MALAYSIA,SHANGHAI,CHINA (MAINLAND)
2021,470200,ROYAL GOLDEN EAGLE,APRIL,FUTONG,RIAU,1015,640427,ROYAL GOLDEN EAGLE,APRIL FAR EAST MALAYSIA SDN BHD,MALAYSIA,SHANGHAI,CHINA (MAINLAND)
2021,470200,ROYAL GOLDEN EAGLE,APRIL,FUTONG,RIAU,1015,640442,ROYAL GOLDEN EAGLE,APRIL FAR EAST MALAYSIA SDN BHD,MALAYSIA,SHANGHAI,CHINA (MAINLAND)
2021,470200,ROYAL GOLDEN EAGLE,APRIL,FUTONG,RIAU,1015,640443,ROYAL GOLDEN EAGLE,APRIL FAR EAST MALAYSIA SDN BHD,MALAYSIA,SHANGHAI,CHINA (MAINLAND)
2021,470200,ROYAL GOLDEN EAGLE,APRIL,FUTONG,RIAU,1015,640452,ROYAL GOLDEN EAGLE,APRIL INTERNATIONAL ENTEPRISE PTE LTD,SINGAPORE,FUZHOU,CHINA (MAINLAND)
2021,470200,ROYAL GOLDEN EAGLE,APRIL,FUTONG,RIAU,1015,683093,ROYAL GOLDEN EAGLE,APRIL FAR EAST MALAYSIA SDN BHD,MALAYSIA,SHANGHAI,CHINA (MAINLAND)
2021,470200,ROYAL GOLDEN EAGLE,APRIL,FUTONG,RIAU,1015,640481,ROYAL GOLDEN EAGLE,APRIL FAR EAST MALAYSIA SDN BHD,MALAYSIA,SHANGHAI,CHINA (MAINLAND)
2021,470200,ROYAL GOLDEN EAGLE,APRIL,FUTONG,RIAU,1015,640491,ROYAL GOLDEN EAGLE,APRIL FAR EAST MALAYSIA SDN BHD,MALAYSIA,SHANGHAI,CHINA (MAINLAND)
2021,470200,ROYAL GOLDEN EAGLE,APRIL,FUTONG,RIAU,1015,640492,ROYAL GOLDEN EAGLE,APRIL FAR EAST MALAYSIA SDN BHD,MALAYSIA,SHANGHAI,CHINA (MAINLAND)
2021,470200,ROYAL GOLDEN EAGLE,APRIL,FUTONG,RIAU,1015,683166,ROYAL GOLDEN EAGLE,APRIL FAR EAST MALAYSIA SDN BHD,MALAYSIA,SHANGHAI,CHINA (MAINLAND)
2021,470200,ROYAL GOLDEN EAGLE,APRIL,FUTONG,RIAU,1015,640543,ROYAL GOLDEN EAGLE,APRIL FAR EAST MALAYSIA SDN BHD,MALAYSIA,SHANGHAI,CHINA (MAINLAND)
2021,470200,ROYAL GOLDEN EAGLE,APRIL,FUTONG,RIAU,1015,683180,ROYAL GOLDEN EAGLE,APRIL FAR EAST MALAYSIA SDN BHD,MALAYSIA,SHANGHAI,CHINA (MAINLAND)
2021,470200,ROYAL GOLDEN EAGLE,APRIL,FUTONG,RIAU,1015,640549,ROYAL GOLDEN EAGLE,APRIL FAR EAST MALAYSIA SDN BHD,MALAYSIA,SHANGHAI,CHINA (MAINLAND)
2021,470200,ROYAL GOLDEN EAGLE,APRIL,FUTONG,RIAU,1015,640556,ROYAL GOLDEN EAGLE,APRIL FAR EAST MALAYSIA SDN BHD,MALAYSIA,SHANGHAI,CHINA (MAINLAND)
2021,470200,ROYAL GOLDEN EAGLE,APRIL,FUTONG,RIAU,1015,640563,ROYAL GOLDEN EAGLE,APRIL FAR EAST MALAYSIA SDN BHD,MALAYSIA,SHANGHAI,CHINA (MAINLAND)
2021,470200,ROYAL GOLDEN EAGLE,APRIL,FUTONG,RIAU,1015,640576,ROYAL GOLDEN EAGLE,APRIL FAR EAST MALAYSIA SDN BHD,MALAYSIA,SHANGHAI,CHINA (MAINLAND)
2021,470200,ROYAL GOLDEN EAGLE,APRIL,FUTONG,RIAU,1015,640590,ROYAL GOLDEN EAGLE,APRIL FAR EAST MALAYSIA SDN BHD,MALAYSIA,SHANGHAI,CHINA (MAINLAND)
2021,470200,ROYAL GOLDEN EAGLE,APRIL,FUTONG,RIAU,1015,640591,ROYAL GOLDEN EAGLE,APRIL INTERNATIONAL ENTEPRISE PTE LTD,SINGAPORE,FUZHOU,CHINA (MAINLAND)
2021,470200,ROYAL GOLDEN EAGLE,APRIL,FUTONG,RIAU,1015,640608,ROYAL GOLDEN EAGLE,APRIL FAR EAST MALAYSIA SDN BHD,MALAYSIA,SHANGHAI,CHINA (MAINLAND)
2021,470200,ROYAL GOLDEN EAGLE,APRIL,FUTONG,RIAU,1015,640616,ROYAL GOLDEN EAGLE,APRIL INTERNATIONAL ENTEPRISE PTE LTD,SINGAPORE,FUZHOU,CHINA (MAINLAND)
2021,470200,ROYAL GOLDEN EAGLE,APRIL,FUTONG,RIAU,1015,683265,ROYAL GOLDEN EAGLE,APRIL FAR EAST MALAYSIA SDN BHD,MALAYSIA,SHANGHAI,CHINA (MAINLAND)
2021,470200,ROYAL GOLDEN EAGLE,APRIL,FUTONG,RIAU,1015,640627,ROYAL GOLDEN EAGLE,APRIL INTERNATIONAL ENTEPRISE PTE LTD,SINGAPORE,FUZHOU,CHINA (MAINLAND)
2021,470200,ROYAL GOLDEN EAGLE,APRIL,FUTONG,RIAU,1015,640647,ROYAL GOLDEN EAGLE,APRIL FAR EAST MALAYSIA SDN BHD,MALAYSIA,SHANGHAI,CHINA (MAINLAND)
2021,470200,ROYAL GOLDEN EAGLE,APRIL,FUTONG,RIAU,1015,640775,ROYAL GOLDEN EAGLE,APRIL FAR EAST MALAYSIA SDN BHD,MALAYSIA,SHANGHAI,CHINA (MAINLAND)
2021,470200,ROYAL GOLDEN EAGLE,APRIL,FUTONG,RIAU,1016,640816,ROYAL GOLDEN EAGLE,APRIL FAR EAST MALAYSIA SDN BHD,MALAYSIA,SHANGHAI,CHINA (MAINLAND)
2021,470200,ROYAL GOLDEN EAGLE,APRIL,FUTONG,RIAU,1016,683677,ROYAL GOLDEN EAGLE,APRIL FAR EAST MALAYSIA SDN BHD,MALAYSIA,SHANGHAI,CHINA (MAINLAND)
2021,470200,ROYAL GOLDEN EAGLE,APRIL,FUTONG,RIAU,1016,683709,ROYAL GOLDEN EAGLE,APRIL FAR EAST MALAYSIA SDN BHD,MALAYSIA,SHANGHAI,CHINA (MAINLAND)
2021,470200,ROYAL GOLDEN EAGLE,APRIL,FUTONG,RIAU,4569,2883317,ROYAL GOLDEN EAGLE,APRIL FAR EAST MALAYSIA SDN BHD,MALAYSIA,CHANGSHU,CHINA (MAINLAND)
2021,470200,ROYAL GOLDEN EAGLE,APRIL,FUTONG,RIAU,4773,3113954,ROYAL GOLDEN EAGLE,APRIL FAR EAST MALAYSIA SDN BHD,MALAYSIA,LIANYUNGANG,CHINA (MAINLAND)
2021,470200,ROYAL GOLDEN EAGLE,APRIL,FUTONG,RIAU,9336,6294732,ROYAL GOLDEN EAGLE,APRIL FAR EAST MALAYSIA SDN BHD,MALAYSIA,LIANYUNGANG,CHINA (MAINLAND)
2021,470329,SINAR MAS,INDAH KIAT,PERAWANG,RIAU,80,42770,SINAR MAS,GOLDEN PROFIT TRADING PTE LTD,SINGAPORE,PIPAVAV (VICTOR) PORT,INDIA
2021,470329,SINAR MAS,INDAH KIAT,PERAWANG,RIAU,100,60750,SINAR MAS,GOLDEN PROFIT TRADING PTE LTD,SINGAPORE,CHANGSHU,CHINA (MAINLAND)
2021,470329,SINAR MAS,INDAH KIAT,PERAWANG,RIAU,160,55422,SINAR MAS,GOLDEN PROFIT TRADING PTE LTD,SINGAPORE,EL ISKANDARIYA (= ALEXAND,EGYPT
2021,470329,SINAR MAS,INDAH KIAT,PERAWANG,RIAU,200,104860,SINAR MAS,GOLDEN PROFIT TRADING PTE LTD,SINGAPORE,CAT LAI,VIETNAM
2021,470329,SINAR MAS,INDAH KIAT,PERAWANG,RIAU,240,138978,SINAR MAS,GOLDEN PROFIT TRADING PTE LTD,SINGAPORE,KARACHI,PAKISTAN
2021,470329,SINAR MAS,INDAH KIAT,PERAWANG,RIAU,260,150560,SINAR MAS,GOLDEN PROFIT TRADING PTE LTD,SINGAPORE,KARACHI,PAKISTAN
2021,470329,SINAR MAS,INDAH KIAT,PERAWANG,RIAU,300,169290,SINAR MAS,GOLDEN PROFIT TRADING PTE LTD,SINGAPORE,CAT LAI,VIETNAM
2021,470329,SINAR MAS,INDAH KIAT,PERAWANG,RIAU,400,209720,SINAR MAS,GOLDEN PROFIT TRADING PTE LTD,SINGAPORE,CAT LAI,VIETNAM
2021,470329,SINAR MAS,INDAH KIAT,PERAWANG,RIAU,500,271500,SINAR MAS,GOLDEN PROFIT TRADING PTE LTD,SINGAPORE,CHITTAGONG,BANGLADESH
2021,470329,SINAR MAS,INDAH KIAT,PERAWANG,RIAU,550,298650,SINAR MAS,GOLDEN PROFIT TRADING PTE LTD,SINGAPORE,CHITTAGONG,BANGLADESH
2021,470329,SINAR MAS,INDAH KIAT,PERAWANG,RIAU,650,352950,SINAR MAS,GOLDEN PROFIT TRADING PTE LTD,SINGAPORE,CHITTAGONG,BANGLADESH
2021,470329,SINAR MAS,INDAH KIAT,PERAWANG,RIAU,700,385000,SINAR MAS,GOLDEN PROFIT TRADING PTE LTD,SINGAPORE,HAIPHONG,VIETNAM
2021,470329,SINAR MAS,INDAH KIAT,PERAWANG,RIAU,800,488000,SINAR MAS,GOLDEN PROFIT TRADING PTE LTD,SINGAPORE,CHANGSHU,CHINA (MAINLAND)
2021,470329,SINAR MAS,INDAH KIAT,PERAWANG,RIAU,824,457320,SINAR MAS,GOLDEN PROFIT TRADING PTE LTD,SINGAPORE,CHITTAGONG,BANGLADESH
2021,470329,SINAR MAS,INDAH KIAT,PERAWANG,RIAU,826,458430,SINAR MAS,GOLDEN PROFIT TRADING PTE LTD,SINGAPORE,CHITTAGONG,BANGLADESH
2021,470329,SINAR MAS,INDAH KIAT,PERAWANG,RIAU,858,469755,SINAR MAS,GOLDEN PROFIT TRADING PTE LTD,SINGAPORE,CHANGSHU,CHINA (MAINLAND)
2021,470329,SINAR MAS,INDAH KIAT,PERAWANG,RIAU,900,495000,SINAR MAS,GOLDEN PROFIT TRADING PTE LTD,SINGAPORE,HAIPHONG,VIETNAM
2021,470329,SINAR MAS,INDAH KIAT,PERAWANG,RIAU,1000,562000,UNKNOWN AFFILIATION,BRIGHTENING SKY CO LTD,CHINA (HONG KONG),QINZHOU,CHINA (MAINLAND)
2021,470329,SINAR MAS,INDAH KIAT,PERAWANG,RIAU,1100,671000,SINAR MAS,GOLDEN PROFIT TRADING PTE LTD,SINGAPORE,CHANGSHU,CHINA (MAINLAND)
2021,470329,SINAR MAS,INDAH KIAT,PERAWANG,RIAU,1500,828750,UNKNOWN AFFILIATION,FREELAND UNIVERSAL LTD,CHINA (HONG KONG),CHANGSHU,CHINA (MAINLAND)
2021,470329,SINAR MAS,INDAH KIAT,PERAWANG,RIAU,1600,980800,SINAR MAS,GOLDEN PROFIT TRADING PTE LTD,SINGAPORE,CHITTAGONG,BANGLADESH
2021,470329,SINAR MAS,INDAH KIAT,PERAWANG,RIAU,1700,946900,SINAR MAS,GOLDEN PROFIT TRADING PTE LTD,SINGAPORE,QINZHOU,CHINA (MAINLAND)
2021,470329,SINAR MAS,INDAH KIAT,PERAWANG,RIAU,1800,1002600,SINAR MAS,GOLDEN PROFIT TRADING PTE LTD,SINGAPORE,QINZHOU,CHINA (MAINLAND)
2021,470329,SINAR MAS,INDAH KIAT,PERAWANG,RIAU,1900,1045000,SINAR MAS,GOLDEN PROFIT TRADING PTE LTD,SINGAPORE,HAIPHONG,VIETNAM
2021,470329,SINAR MAS,INDAH KIAT,PERAWANG,RIAU,2000,1100000,SINAR MAS,GOLDEN PROFIT TRADING PTE LTD,SINGAPORE,HAIPHONG,VIETNAM
2021,470329,SINAR MAS,INDAH KIAT,PERAWANG,RIAU,2242,1238705,CHINA UNION,CHINA UNION (MACAO COMMERCIAL OFFSHORE) CO LTD,MACAO,CHANGSHU,CHINA (MAINLAND)
2021,470329,SINAR MAS,INDAH KIAT,PERAWANG,RIAU,2300,1397250,UNKNOWN AFFILIATION,BRIGHTENING SKY CO LTD,CHINA (HONG KONG),QINGDAO,CHINA (MAINLAND)
2021,470329,SINAR MAS,INDAH KIAT,PERAWANG,RIAU,2500,1520000,SINAR MAS,GOLDEN PROFIT TRADING PTE LTD,SINGAPORE,QINGDAO,CHINA (MAINLAND)
2021,470329,SINAR MAS,INDAH KIAT,PERAWANG,RIAU,2700,1641600,UNKNOWN AFFILIATION,BRIGHTENING SKY CO LTD,CHINA (HONG KONG),QINGDAO,CHINA (MAINLAND)
2021,470329,SINAR MAS,INDAH KIAT,PERAWANG,RIAU,3000,1822500,UNKNOWN AFFILIATION,BRIGHTENING SKY CO LTD,CHINA (HONG KONG),QINGDAO,CHINA (MAINLAND)
2021,470329,SINAR MAS,INDAH KIAT,PERAWANG,RIAU,3100,1742200,UNKNOWN AFFILIATION,BRIGHTENING SKY CO LTD,CHINA (HONG KONG),QINZHOU,CHINA (MAINLAND)
2021,470329,SINAR MAS,INDAH KIAT,PERAWANG,RIAU,3300,1838100,SINAR MAS,GOLDEN PROFIT TRADING PTE LTD,SINGAPORE,QINZHOU,CHINA (MAINLAND)
2021,470329,SINAR MAS,INDAH KIAT,PERAWANG,RIAU,3900,2369250,SINAR MAS,GOLDEN PROFIT TRADING PTE LTD,SINGAPORE,CHANGSHU,CHINA (MAINLAND)
2021,470329,SINAR MAS,INDAH KIAT,PERAWANG,RIAU,3988,2165484,SINAR MAS,GOLDEN PROFIT TRADING PTE LTD,SINGAPORE,CHITTAGONG,BANGLADESH
2021,470329,SINAR MAS,INDAH KIAT,PERAWANG,RIAU,4000,2228000,UNKNOWN AFFILIATION,SUZHOU GUANBAO TRADING LTD,CHINA (MAINLAND),QINZHOU,CHINA (MAINLAND)
2021,470329,SINAR MAS,INDAH KIAT,PERAWANG,RIAU,4200,2625000,SINAR MAS,GOLDEN PROFIT TRADING PTE LTD,SINGAPORE,QINZHOU,CHINA (MAINLAND)
2021,470329,SINAR MAS,INDAH KIAT,PERAWANG,RIAU,4500,2506500,UNKNOWN AFFILIATION,SUZHOU GUANBAO TRADING LTD,CHINA (MAINLAND),QINZHOU,CHINA (MAINLAND)
2021,470329,SINAR MAS,INDAH KIAT,PERAWANG,RIAU,5000,2737500,UNKNOWN AFFILIATION,BRIGHTENING SKY CO LTD,CHINA (HONG KONG),QINGDAO,CHINA (MAINLAND)
2021,470329,SINAR MAS,INDAH KIAT,PERAWANG,RIAU,5800,3625000,SINAR MAS,GOLDEN PROFIT TRADING PTE LTD,SINGAPORE,QINZHOU,CHINA (MAINLAND)
2021,470329,SINAR MAS,INDAH KIAT,PERAWANG,RIAU,6700,3731900,SINAR MAS,GOLDEN PROFIT TRADING PTE LTD,SINGAPORE,QINZHOU,CHINA (MAINLAND)
2021,470329,SINAR MAS,INDAH KIAT,PERAWANG,RIAU,9500,5244000,SINAR MAS,GOLDEN PROFIT TRADING PTE LTD,SINGAPORE,SHANGHAI,CHINA (MAINLAND)
2021,470329,ROYAL GOLDEN EAGLE,APRIL,BUATAN,RIAU,24,8264,ROYAL GOLDEN EAGLE,APRIL FAR EAST MALAYSIA SDN BHD,MALAYSIA,SINGAPORE,JAPAN
2021,470329,ROYAL GOLDEN EAGLE,APRIL,BUATAN,RIAU,60,22417,ROYAL GOLDEN EAGLE,APRIL INTERNATIONAL ENTEPRISE PTE LTD,SINGAPORE,SINGAPORE,SAUDI ARABIA
2021,470329,ROYAL GOLDEN EAGLE,APRIL,BUATAN,RIAU,60,20622,ROYAL GOLDEN EAGLE,APRIL INTERNATIONAL ENTEPRISE PTE LTD,SINGAPORE,PORT KELANG,INDIA
2021,470329,ROYAL GOLDEN EAGLE,APRIL,BUATAN,RIAU,80,29825,ROYAL GOLDEN EAGLE,APRIL INTERNATIONAL ENTEPRISE PTE LTD,SINGAPORE,SINGAPORE,SAUDI ARABIA
2021,470329,ROYAL GOLDEN EAGLE,APRIL,BUATAN,RIAU,96,32952,ROYAL GOLDEN EAGLE,APRIL INTERNATIONAL ENTEPRISE PTE LTD,SINGAPORE,SINGAPORE,TAIWAN
2021,470329,ROYAL GOLDEN EAGLE,APRIL,BUATAN,RIAU,100,34286,ROYAL GOLDEN EAGLE,APRIL INTERNATIONAL ENTEPRISE PTE LTD,SINGAPORE,SINGAPORE,THAILAND
2021,470329,ROYAL GOLDEN EAGLE,APRIL,BUATAN,RIAU,100,37318,ROYAL GOLDEN EAGLE,APRIL INTERNATIONAL ENTEPRISE PTE LTD,SINGAPORE,SINGAPORE,CHINA (MAINLAND)
2021,470329,ROYAL GOLDEN EAGLE,APRIL,BUATAN,RIAU,101,37416,ROYAL GOLDEN EAGLE,APRIL INTERNATIONAL ENTEPRISE PTE LTD,SINGAPORE,SINGAPORE,BANGLADESH
2021,470329,ROYAL GOLDEN EAGLE,APRIL,BUATAN,RIAU,121,41227,ROYAL GOLDEN EAGLE,APRIL INTERNATIONAL ENTEPRISE PTE LTD,SINGAPORE,SINGAPORE,CHINA (MAINLAND)
2021,470329,ROYAL GOLDEN EAGLE,APRIL,BUATAN,RIAU,140,47902,ROYAL GOLDEN EAGLE,APRIL INTERNATIONAL ENTEPRISE PTE LTD,SINGAPORE,PORT KELANG,INDIA
2021,470329,ROYAL GOLDEN EAGLE,APRIL,BUATAN,RIAU,179,61146,ROYAL GOLDEN EAGLE,APRIL INTERNATIONAL ENTEPRISE PTE LTD,SINGAPORE,SINGAPORE,CHINA (MAINLAND)
2021,470329,ROYAL GOLDEN EAGLE,APRIL,BUATAN,RIAU,193,65903,ROYAL GOLDEN EAGLE,APRIL INTERNATIONAL ENTEPRISE PTE LTD,SINGAPORE,SINGAPORE,TAIWAN
2021,470329,ROYAL GOLDEN EAGLE,APRIL,BUATAN,RIAU,199,68201,ROYAL GOLDEN EAGLE,APRIL INTERNATIONAL ENTEPRISE PTE LTD,SINGAPORE,SINGAPORE,CHINA (MAINLAND)
2021,470329,ROYAL GOLDEN EAGLE,APRIL,BUATAN,RIAU,201,74767,ROYAL GOLDEN EAGLE,APRIL INTERNATIONAL ENTEPRISE PTE LTD,SINGAPORE,SINGAPORE,CHINA (MAINLAND)
2021,470329,ROYAL GOLDEN EAGLE,APRIL,BUATAN,RIAU,201,74785,ROYAL GOLDEN EAGLE,APRIL INTERNATIONAL ENTEPRISE PTE LTD,SINGAPORE,SINGAPORE,CHINA (MAINLAND)
2021,470329,ROYAL GOLDEN EAGLE,APRIL,BUATAN,RIAU,201,68788,ROYAL GOLDEN EAGLE,APRIL INTERNATIONAL ENTEPRISE PTE LTD,SINGAPORE,SINGAPORE,CHINA (MAINLAND)
2021,470329,ROYAL GOLDEN EAGLE,APRIL,BUATAN,RIAU,201,68792,ROYAL GOLDEN EAGLE,APRIL INTERNATIONAL ENTEPRISE PTE LTD,SINGAPORE,SINGAPORE,BANGLADESH
2021,470329,ROYAL GOLDEN EAGLE,APRIL,BUATAN,RIAU,209,71388,ROYAL GOLDEN EAGLE,APRIL INTERNATIONAL ENTEPRISE PTE LTD,SINGAPORE,SINGAPORE,CHINA (MAINLAND)
2021,470329,ROYAL GOLDEN EAGLE,APRIL,BUATAN,RIAU,209,71450,ROYAL GOLDEN EAGLE,APRIL INTERNATIONAL ENTEPRISE PTE LTD,SINGAPORE,SINGAPORE,INDIA
2021,470329,ROYAL GOLDEN EAGLE,APRIL,BUATAN,RIAU,221,75557,ROYAL GOLDEN EAGLE,APRIL INTERNATIONAL ENTEPRISE PTE LTD,SINGAPORE,SINGAPORE,DJIBOUTI
2021,470329,ROYAL GOLDEN EAGLE,APRIL,BUATAN,RIAU,237,88267,ROYAL GOLDEN EAGLE,APRIL INTERNATIONAL ENTEPRISE PTE LTD,SINGAPORE,SINGAPORE,EGYPT
2021,470329,ROYAL GOLDEN EAGLE,APRIL,BUATAN,RIAU,241,89632,ROYAL GOLDEN EAGLE,APRIL INTERNATIONAL ENTEPRISE PTE LTD,SINGAPORE,SINGAPORE,CHINA (MAINLAND)
2021,470329,ROYAL GOLDEN EAGLE,APRIL,BUATAN,RIAU,257,95653,ROYAL GOLDEN EAGLE,APRIL INTERNATIONAL ENTEPRISE PTE LTD,SINGAPORE,SINGAPORE,EGYPT
2021,470329,ROYAL GOLDEN EAGLE,APRIL,BUATAN,RIAU,261,89276,ROYAL GOLDEN EAGLE,APRIL INTERNATIONAL ENTEPRISE PTE LTD,SINGAPORE,SINGAPORE,THAILAND
2021,470329,ROYAL GOLDEN EAGLE,APRIL,BUATAN,RIAU,261,97155,ROYAL GOLDEN EAGLE,APRIL INTERNATIONAL ENTEPRISE PTE LTD,SINGAPORE,SINGAPORE,CHINA (MAINLAND)
2021,470329,ROYAL GOLDEN EAGLE,APRIL,BUATAN,RIAU,281,96048,ROYAL GOLDEN EAGLE,APRIL INTERNATIONAL ENTEPRISE PTE LTD,SINGAPORE,SINGAPORE,DJIBOUTI
2021,470329,ROYAL GOLDEN EAGLE,APRIL,BUATAN,RIAU,301,112061,ROYAL GOLDEN EAGLE,APRIL INTERNATIONAL ENTEPRISE PTE LTD,SINGAPORE,SINGAPORE,CHINA (MAINLAND)
2021,470329,ROYAL GOLDEN EAGLE,APRIL,BUATAN,RIAU,301,103093,ROYAL GOLDEN EAGLE,APRIL INTERNATIONAL ENTEPRISE PTE LTD,SINGAPORE,SINGAPORE,PAKISTAN
2021,470329,ROYAL GOLDEN EAGLE,APRIL,BUATAN,RIAU,366,125131,ROYAL GOLDEN EAGLE,APRIL INTERNATIONAL ENTEPRISE PTE LTD,SINGAPORE,SINGAPORE,PHILIPPINES
2021,470329,ROYAL GOLDEN EAGLE,APRIL,BUATAN,RIAU,402,137560,ROYAL GOLDEN EAGLE,APRIL INTERNATIONAL ENTEPRISE PTE LTD,SINGAPORE,SINGAPORE,VIETNAM
2021,470329,ROYAL GOLDEN EAGLE,APRIL,BUATAN,RIAU,418,142914,ROYAL GOLDEN EAGLE,APRIL INTERNATIONAL ENTEPRISE PTE LTD,SINGAPORE,SINGAPORE,VIETNAM
2021,470329,ROYAL GOLDEN EAGLE,APRIL,BUATAN,RIAU,483,165117,ROYAL GOLDEN EAGLE,APRIL INTERNATIONAL ENTEPRISE PTE LTD,SINGAPORE,SINGAPORE,CHINA (MAINLAND)
2021,470329,ROYAL GOLDEN EAGLE,APRIL,BUATAN,RIAU,502,186669,ROYAL GOLDEN EAGLE,APRIL INTERNATIONAL ENTEPRISE PTE LTD,SINGAPORE,SINGAPORE,CHINA (MAINLAND)
2021,470329,ROYAL GOLDEN EAGLE,APRIL,BUATAN,RIAU,502,171636,ROYAL GOLDEN EAGLE,APRIL INTERNATIONAL ENTEPRISE PTE LTD,SINGAPORE,SINGAPORE,BANGLADESH
2021,470329,ROYAL GOLDEN EAGLE,APRIL,BUATAN,RIAU,506,188207,ROYAL GOLDEN EAGLE,APRIL INTERNATIONAL ENTEPRISE PTE LTD,SINGAPORE,SINGAPORE,CHINA (MAINLAND)
2021,470329,ROYAL GOLDEN EAGLE,APRIL,BUATAN,RIAU,602,206033,ROYAL GOLDEN EAGLE,APRIL INTERNATIONAL ENTEPRISE PTE LTD,SINGAPORE,SINGAPORE,VIETNAM
2021,470329,ROYAL GOLDEN EAGLE,APRIL,BUATAN,RIAU,603,206171,ROYAL GOLDEN EAGLE,APRIL INTERNATIONAL ENTEPRISE PTE LTD,SINGAPORE,SINGAPORE,CHINA (MAINLAND)
2021,470329,ROYAL GOLDEN EAGLE,APRIL,BUATAN,RIAU,703,261653,ROYAL GOLDEN EAGLE,APRIL INTERNATIONAL ENTEPRISE PTE LTD,SINGAPORE,SINGAPORE,VIETNAM
2021,470329,ROYAL GOLDEN EAGLE,APRIL,BUATAN,RIAU,1018,348321,ROYAL GOLDEN EAGLE,APRIL INTERNATIONAL ENTEPRISE PTE LTD,SINGAPORE,SINGAPORE,VIETNAM
2021,470329,ROYAL GOLDEN EAGLE,APRIL,FUTONG,RIAU,100,34319,ROYAL GOLDEN EAGLE,APRIL INTERNATIONAL ENTEPRISE PTE LTD,SINGAPORE,TANJONG PELEPAS,BANGLADESH
2021,470329,ROYAL GOLDEN EAGLE,APRIL,FUTONG,RIAU,201,68742,ROYAL GOLDEN EAGLE,APRIL INTERNATIONAL ENTEPRISE PTE LTD,SINGAPORE,"PASIR GUDANG, JOHOR",BANGLADESH
2021,470329,ROYAL GOLDEN EAGLE,APRIL,FUTONG,RIAU,201,68806,ROYAL GOLDEN EAGLE,APRIL INTERNATIONAL ENTEPRISE PTE LTD,SINGAPORE,FUZHOU,CHINA (MAINLAND)
2021,470329,ROYAL GOLDEN EAGLE,APRIL,FUTONG,RIAU,593,202722,ROYAL GOLDEN EAGLE,APRIL INTERNATIONAL ENTEPRISE PTE LTD,SINGAPORE,PYONGTAEK,SOUTH KOREA
2021,470329,ROYAL GOLDEN EAGLE,APRIL,FUTONG,RIAU,703,240478,ROYAL GOLDEN EAGLE,APRIL INTERNATIONAL ENTEPRISE PTE LTD,SINGAPORE,"PASIR GUDANG, JOHOR",BANGLADESH
2021,470329,ROYAL GOLDEN EAGLE,APRIL,FUTONG,RIAU,1004,343412,ROYAL GOLDEN EAGLE,APRIL INTERNATIONAL ENTEPRISE PTE LTD,SINGAPORE,NINGBO,CHINA (MAINLAND)
2021,470329,ROYAL GOLDEN EAGLE,APRIL,FUTONG,RIAU,1004,373614,ROYAL GOLDEN EAGLE,APRIL INTERNATIONAL ENTEPRISE PTE LTD,SINGAPORE,NINGBO,CHINA (MAINLAND)
2021,470329,ROYAL GOLDEN EAGLE,APRIL,FUTONG,RIAU,1004,343515,ROYAL GOLDEN EAGLE,APRIL INTERNATIONAL ENTEPRISE PTE LTD,SINGAPORE,NINGBO,CHINA (MAINLAND)
2021,470329,ROYAL GOLDEN EAGLE,APRIL,FUTONG,RIAU,1004,343515,ROYAL GOLDEN EAGLE,APRIL INTERNATIONAL ENTEPRISE PTE LTD,SINGAPORE,NINGBO,CHINA (MAINLAND)
2021,470329,ROYAL GOLDEN EAGLE,APRIL,FUTONG,RIAU,1005,343574,ROYAL GOLDEN EAGLE,APRIL INTERNATIONAL ENTEPRISE PTE LTD,SINGAPORE,SHANGHAI,CHINA (MAINLAND)
2021,470329,ROYAL GOLDEN EAGLE,APRIL,FUTONG,RIAU,1005,343616,ROYAL GOLDEN EAGLE,APRIL INTERNATIONAL ENTEPRISE PTE LTD,SINGAPORE,SHANGHAI,CHINA (MAINLAND)
2021,470329,ROYAL GOLDEN EAGLE,APRIL,FUTONG,RIAU,1005,373860,ROYAL GOLDEN EAGLE,APRIL INTERNATIONAL ENTEPRISE PTE LTD,SINGAPORE,NINGBO,CHINA (MAINLAND)
2021,470329,ROYAL GOLDEN EAGLE,APRIL,FUTONG,RIAU,1005,343766,ROYAL GOLDEN EAGLE,APRIL INTERNATIONAL ENTEPRISE PTE LTD,SINGAPORE,NINGBO,CHINA (MAINLAND)
2021,470329,ROYAL GOLDEN EAGLE,APRIL,FUTONG,RIAU,2009,687021,ROYAL GOLDEN EAGLE,APRIL INTERNATIONAL ENTEPRISE PTE LTD,SINGAPORE,HAIPHONG,VIETNAM
2021,470329,ROYAL GOLDEN EAGLE,APRIL,FUTONG,RIAU,2106,750441,ROYAL GOLDEN EAGLE,APRIL FAR EAST MALAYSIA SDN BHD,MALAYSIA,IYOMISHIMA,JAPAN
2021,470329,ROYAL GOLDEN EAGLE,APRIL,FUTONG,RIAU,2520,861825,ROYAL GOLDEN EAGLE,APRIL INTERNATIONAL ENTEPRISE PTE LTD,SINGAPORE,PYONGTAEK,SOUTH KOREA
2021,470329,ROYAL GOLDEN EAGLE,APRIL,FUTONG,RIAU,5423,1854680,ROYAL GOLDEN EAGLE,APRIL INTERNATIONAL ENTEPRISE PTE LTD,SINGAPORE,GUNSAN (ES KUNSAN),SOUTH KOREA
2021,470329,ROYAL GOLDEN EAGLE,APRIL,FUTONG,RIAU,5623,1923185,ROYAL GOLDEN EAGLE,APRIL INTERNATIONAL ENTEPRISE PTE LTD,SINGAPORE,ZHANJIANG,CHINA (MAINLAND)
2021,470329,ROYAL GOLDEN EAGLE,APRIL,FUTONG,RIAU,6126,2094939,ROYAL GOLDEN EAGLE,APRIL FAR EAST MALAYSIA SDN BHD,MALAYSIA,XINHUI,CHINA (MAINLAND)
2021,470329,ROYAL GOLDEN EAGLE,APRIL,FUTONG,RIAU,8033,2988291,ROYAL GOLDEN EAGLE,APRIL INTERNATIONAL ENTEPRISE PTE LTD,SINGAPORE,CHITTAGONG,BANGLADESH
2021,470329,ROYAL GOLDEN EAGLE,APRIL,FUTONG,RIAU,9645,3298644,ROYAL GOLDEN EAGLE,APRIL INTERNATIONAL ENTEPRISE PTE LTD,SINGAPORE,CHITTAGONG,BANGLADESH
2021,470329,ROYAL GOLDEN EAGLE,APRIL,FUTONG,RIAU,14696,5026108,ROYAL GOLDEN EAGLE,APRIL INTERNATIONAL ENTEPRISE PTE LTD,SINGAPORE,MUMBAI (EX BOMBAY),INDIA
2021,470329,SINAR MAS,LONTAR PAPYRUS,KUALA TUNGKAL,JAMBI,100,52145,SINAR MAS,GOLDEN PROFIT TRADING PTE LTD,SINGAPORE,HAIPHONG,VIETNAM
2021,470329,SINAR MAS,LONTAR PAPYRUS,KUALA TUNGKAL,JAMBI,101,54817,SINAR MAS,GOLDEN PROFIT TRADING PTE LTD,SINGAPORE,CAT LAI,VIETNAM
2021,470329,SINAR MAS,LONTAR PAPYRUS,KUALA TUNGKAL,JAMBI,201,104849,SINAR MAS,GOLDEN PROFIT TRADING PTE LTD,SINGAPORE,HAIPHONG,VIETNAM
2021,470329,SINAR MAS,LONTAR PAPYRUS,KUALA TUNGKAL,JAMBI,301,156861,SINAR MAS,GOLDEN PROFIT TRADING PTE LTD,SINGAPORE,HAIPHONG,VIETNAM
2021,470329,SINAR MAS,LONTAR PAPYRUS,KUALA TUNGKAL,JAMBI,302,157287,SINAR MAS,GOLDEN PROFIT TRADING PTE LTD,SINGAPORE,HAIPHONG,VIETNAM
2021,470329,SINAR MAS,LONTAR PAPYRUS,KUALA TUNGKAL,JAMBI,613,328753,DRAGON CROWN HOLDINGS,DRAGON CROWN (HK) TRADING LTD,CHINA (HONG KONG),TIANJIN,CHINA (MAINLAND)
2021,470329,SINAR MAS,LONTAR PAPYRUS,KUALA TUNGKAL,JAMBI,803,430723,DRAGON CROWN HOLDINGS,DRAGON CROWN (HK) TRADING LTD,CHINA (HONG KONG),TIANJIN,CHINA (MAINLAND)
2021,470329,SINAR MAS,LONTAR PAPYRUS,KUALA TUNGKAL,JAMBI,1007,550578,SINAR MAS,GOLDEN PROFIT TRADING PTE LTD,SINGAPORE,HAIPHONG,VIETNAM
2021,470329,SINAR MAS,LONTAR PAPYRUS,KUALA TUNGKAL,JAMBI,1116,598893,DRAGON CROWN HOLDINGS,DRAGON CROWN (HK) TRADING LTD,CHINA (HONG KONG),TIANJIN,CHINA (MAINLAND)
2021,470329,SINAR MAS,LONTAR PAPYRUS,KUALA TUNGKAL,JAMBI,2005,1075859,DRAGON CROWN HOLDINGS,DRAGON CROWN (HK) TRADING LTD,CHINA (HONG KONG),TIANJIN,CHINA (MAINLAND)
2021,470329,SINAR MAS,LONTAR PAPYRUS,KUALA TUNGKAL,JAMBI,2006,1076502,DRAGON CROWN HOLDINGS,DRAGON CROWN (HK) TRADING LTD,CHINA (HONG KONG),TIANJIN,CHINA (MAINLAND)
2021,470329,SINAR MAS,LONTAR PAPYRUS,KUALA TUNGKAL,JAMBI,2006,1066929,SINAR MAS,GOLDEN PROFIT TRADING PTE LTD,SINGAPORE,KANDLA,INDIA
2021,470329,SINAR MAS,LONTAR PAPYRUS,KUALA TUNGKAL,JAMBI,2007,1077220,DRAGON CROWN HOLDINGS,DRAGON CROWN (HK) TRADING LTD,CHINA (HONG KONG),TIANJIN,CHINA (MAINLAND)
2021,470329,SINAR MAS,LONTAR PAPYRUS,KUALA TUNGKAL,JAMBI,2007,1077215,DRAGON CROWN HOLDINGS,DRAGON CROWN (HK) TRADING LTD,CHINA (HONG KONG),TIANJIN,CHINA (MAINLAND)
2021,470329,SINAR MAS,LONTAR PAPYRUS,KUALA TUNGKAL,JAMBI,2007,1077376,DRAGON CROWN HOLDINGS,DRAGON CROWN (HK) TRADING LTD,CHINA (HONG KONG),TIANJIN,CHINA (MAINLAND)
2021,470329,SINAR MAS,LONTAR PAPYRUS,KUALA TUNGKAL,JAMBI,2008,1077837,DRAGON CROWN HOLDINGS,DRAGON CROWN (HK) TRADING LTD,CHINA (HONG KONG),TIANJIN,CHINA (MAINLAND)
2021,470329,SINAR MAS,LONTAR PAPYRUS,KUALA TUNGKAL,JAMBI,2009,1068618,SINAR MAS,GOLDEN PROFIT TRADING PTE LTD,SINGAPORE,KANDLA,INDIA
2021,470329,SINAR MAS,LONTAR PAPYRUS,KUALA TUNGKAL,JAMBI,2010,1078623,DRAGON CROWN HOLDINGS,DRAGON CROWN (HK) TRADING LTD,CHINA (HONG KONG),TIANJIN,CHINA (MAINLAND)
2021,470329,SINAR MAS,LONTAR PAPYRUS,KUALA TUNGKAL,JAMBI,3311,1777162,DRAGON CROWN HOLDINGS,DRAGON CROWN (HK) TRADING LTD,CHINA (HONG KONG),TIANJIN,CHINA (MAINLAND)
2021,470329,SINAR MAS,LONTAR PAPYRUS,KUALA TUNGKAL,JAMBI,8032,4296827,SINAR MAS,GOLDEN PROFIT TRADING PTE LTD,SINGAPORE,KARAIKAL,INDIA
2021,470329,SINAR MAS,OKI,SULTAN MAHMUD BADARUDDIN (U),SUMATERA SELATAN,66,37950,UNKNOWN AFFILIATION,SUZHOU GUANBAO TRADING LTD,CHINA (MAINLAND),CHANGSHU,CHINA (MAINLAND)
2021,470329,SINAR MAS,OKI,SULTAN MAHMUD BADARUDDIN (U),SUMATERA SELATAN,250,177500,SINAR MAS,GOLDEN PROFIT TRADING PTE LTD,SINGAPORE,IZMIT,TURKEY
2021,470329,SINAR MAS,OKI,SULTAN MAHMUD BADARUDDIN (U),SUMATERA SELATAN,500,270000,SINAR MAS,GOLDEN PROFIT TRADING PTE LTD,SINGAPORE,EL ISKANDARIYA (= ALEXAND,EGYPT
2021,470329,SINAR MAS,OKI,SULTAN MAHMUD BADARUDDIN (U),SUMATERA SELATAN,560,322000,UNKNOWN AFFILIATION,SUZHOU GUANBAO TRADING LTD,CHINA (MAINLAND),CHANGSHU,CHINA (MAINLAND)
2021,470329,SINAR MAS,OKI,SULTAN MAHMUD BADARUDDIN (U),SUMATERA SELATAN,566,323752,UNKNOWN AFFILIATION,SUZHOU GUANBAO TRADING LTD,CHINA (MAINLAND),CHANGSHU,CHINA (MAINLAND)
2021,470329,SINAR MAS,OKI,SULTAN MAHMUD BADARUDDIN (U),SUMATERA SELATAN,620,353865,UNKNOWN AFFILIATION,SUZHOU GUANBAO TRADING LTD,CHINA (MAINLAND),CHANGSHU,CHINA (MAINLAND)
2021,470329,SINAR MAS,OKI,SULTAN MAHMUD BADARUDDIN (U),SUMATERA SELATAN,650,461500,SINAR MAS,GOLDEN PROFIT TRADING PTE LTD,SINGAPORE,IZMIT,TURKEY
2021,470329,SINAR MAS,OKI,SULTAN MAHMUD BADARUDDIN (U),SUMATERA SELATAN,700,378000,SINAR MAS,GOLDEN PROFIT TRADING PTE LTD,SINGAPORE,IZMIT,TURKEY
2021,470329,SINAR MAS,OKI,SULTAN MAHMUD BADARUDDIN (U),SUMATERA SELATAN,874,498836,UNKNOWN AFFILIATION,SUZHOU GUANBAO TRADING LTD,CHINA (MAINLAND),CHANGSHU,CHINA (MAINLAND)
2021,470329,SINAR MAS,OKI,SULTAN MAHMUD BADARUDDIN (U),SUMATERA SELATAN,1000,540000,SINAR MAS,GOLDEN PROFIT TRADING PTE LTD,SINGAPORE,ABU DHABI,UNITED ARAB EMIRATES
2021,470329,SINAR MAS,OKI,SULTAN MAHMUD BADARUDDIN (U),SUMATERA SELATAN,1042,596024,CHINA UNION,CHINA UNION (MACAO COMMERCIAL OFFSHORE) CO LTD,MACAO,CHANGSHU,CHINA (MAINLAND)
2021,470329,SINAR MAS,OKI,SULTAN MAHMUD BADARUDDIN (U),SUMATERA SELATAN,1358,776776,UNKNOWN AFFILIATION,BRIGHTENING SKY CO LTD,CHINA (HONG KONG),CHANGSHU,CHINA (MAINLAND)
2021,470329,SINAR MAS,OKI,SULTAN MAHMUD BADARUDDIN (U),SUMATERA SELATAN,1440,828000,UNKNOWN AFFILIATION,BRIGHTENING SKY CO LTD,CHINA (HONG KONG),CHANGSHU,CHINA (MAINLAND)
2021,470329,SINAR MAS,OKI,SULTAN MAHMUD BADARUDDIN (U),SUMATERA SELATAN,1500,814500,SINAR MAS,GOLDEN PROFIT TRADING PTE LTD,SINGAPORE,KANDLA,INDIA
2021,470329,SINAR MAS,OKI,SULTAN MAHMUD BADARUDDIN (U),SUMATERA SELATAN,2000,1080000,SINAR MAS,GOLDEN PROFIT TRADING PTE LTD,SINGAPORE,AD DAMMAM,SAUDI ARABIA
2021,470329,SINAR MAS,OKI,SULTAN MAHMUD BADARUDDIN (U),SUMATERA SELATAN,2500,1350000,SINAR MAS,GOLDEN PROFIT TRADING PTE LTD,SINGAPORE,EL ISKANDARIYA (= ALEXAND,EGYPT
2021,470329,SINAR MAS,OKI,SULTAN MAHMUD BADARUDDIN (U),SUMATERA SELATAN,2934,1687050,UNKNOWN AFFILIATION,SUZHOU GUANBAO TRADING LTD,CHINA (MAINLAND),CHANGSHU,CHINA (MAINLAND)
2021,470329,SINAR MAS,OKI,SULTAN MAHMUD BADARUDDIN (U),SUMATERA SELATAN,2940,1681680,UNKNOWN AFFILIATION,SUZHOU GUANBAO TRADING LTD,CHINA (MAINLAND),CHANGSHU,CHINA (MAINLAND)
2021,470329,SINAR MAS,OKI,SULTAN MAHMUD BADARUDDIN (U),SUMATERA SELATAN,2950,1600878,UNKNOWN AFFILIATION,GREAT CHAMP (L) BHD,MALAYSIA,NANSHA,CHINA (MAINLAND)
2021,470329,SINAR MAS,OKI,SULTAN MAHMUD BADARUDDIN (U),SUMATERA SELATAN,3000,1620000,SINAR MAS,GOLDEN PROFIT TRADING PTE LTD,SINGAPORE,ABU DHABI,UNITED ARAB EMIRATES
2021,470329,SINAR MAS,OKI,SULTAN MAHMUD BADARUDDIN (U),SUMATERA SELATAN,3100,1773200,CHINA UNION,CHINA UNION (MACAO COMMERCIAL OFFSHORE) CO LTD,MACAO,CHANGSHU,CHINA (MAINLAND)
2021,470329,SINAR MAS,OKI,SULTAN MAHMUD BADARUDDIN (U),SUMATERA SELATAN,3400,2414000,SINAR MAS,GOLDEN PROFIT TRADING PTE LTD,SINGAPORE,IZMIT,TURKEY
2021,470329,SINAR MAS,OKI,SULTAN MAHMUD BADARUDDIN (U),SUMATERA SELATAN,3500,2002000,UNKNOWN AFFILIATION,SUZHOU GUANBAO TRADING LTD,CHINA (MAINLAND),CHANGSHU,CHINA (MAINLAND)
2021,470329,SINAR MAS,OKI,SULTAN MAHMUD BADARUDDIN (U),SUMATERA SELATAN,3894,2227368,UNKNOWN AFFILIATION,BRIGHTENING SKY CO LTD,CHINA (HONG KONG),CHANGSHU,CHINA (MAINLAND)
2021,470329,SINAR MAS,OKI,SULTAN MAHMUD BADARUDDIN (U),SUMATERA SELATAN,4000,2283000,UNKNOWN AFFILIATION,BRIGHTENING SKY CO LTD,CHINA (HONG KONG),CHANGSHU,CHINA (MAINLAND)
2021,470329,SINAR MAS,OKI,SULTAN MAHMUD BADARUDDIN (U),SUMATERA SELATAN,4400,2511300,UNKNOWN AFFILIATION,BRIGHTENING SKY CO LTD,CHINA (HONG KONG),CHANGSHU,CHINA (MAINLAND)
2021,470329,SINAR MAS,OKI,SULTAN MAHMUD BADARUDDIN (U),SUMATERA SELATAN,4600,2631200,UNKNOWN AFFILIATION,BRIGHTENING SKY CO LTD,CHINA (HONG KONG),CHANGSHU,CHINA (MAINLAND)
2021,470329,SINAR MAS,OKI,SULTAN MAHMUD BADARUDDIN (U),SUMATERA SELATAN,5000,2713353,UNKNOWN AFFILIATION,GREAT CHAMP (L) BHD,MALAYSIA,NANSHA,CHINA (MAINLAND)
2021,470329,SINAR MAS,OKI,SULTAN MAHMUD BADARUDDIN (U),SUMATERA SELATAN,5106,3057218,UNKNOWN AFFILIATION,SUZHOU GUANBAO TRADING LTD,CHINA (MAINLAND),CHANGSHU,CHINA (MAINLAND)
2021,470329,SINAR MAS,OKI,SULTAN MAHMUD BADARUDDIN (U),SUMATERA SELATAN,5500,2986500,SINAR MAS,GOLDEN PROFIT TRADING PTE LTD,SINGAPORE,GUNSAN (ES KUNSAN),SOUTH KOREA
2021,470329,SINAR MAS,OKI,SULTAN MAHMUD BADARUDDIN (U),SUMATERA SELATAN,9000,5175000,UNKNOWN AFFILIATION,BRIGHTENING SKY CO LTD,CHINA (HONG KONG),CHANGSHU,CHINA (MAINLAND)
2021,470329,SINAR MAS,OKI,SULTAN MAHMUD BADARUDDIN (U),SUMATERA SELATAN,10000,5430000,SINAR MAS,GOLDEN PROFIT TRADING PTE LTD,SINGAPORE,KANDLA,INDIA
2021,470329,SINAR MAS,OKI,SULTAN MAHMUD BADARUDDIN (U),SUMATERA SELATAN,10100,5807500,UNKNOWN AFFILIATION,BRIGHTENING SKY CO LTD,CHINA (HONG KONG),CHANGSHU,CHINA (MAINLAND)
2021,470329,MARUBENI,TANJUNG ENIM LESTARI,PANJANG,SUMATERA SELATAN,95,53438,UNKNOWN AFFILIATION,GLOBAL POWER CO LTD,MYANMAR,YANGON,MYANMAR
2021,470329,MARUBENI,TANJUNG ENIM LESTARI,PANJANG,SUMATERA SELATAN,96,50110,MARUBENI,MARUBENI CORP,JAPAN,SHIMIZU,JAPAN
2021,470329,MARUBENI,TANJUNG ENIM LESTARI,PANJANG,SUMATERA SELATAN,104,47541,ANKIT,ANKIT PULPS AND BOARDS PVT LTD,INDIA,JAWAHARLAL NEHRU (NHAVA S,INDIA
2021,470329,MARUBENI,TANJUNG ENIM LESTARI,PANJANG,SUMATERA SELATAN,104,47437,UNKNOWN AFFILIATION,VECHEM ORGANICS PVT LTD,INDIA,PIPAVAV (VICTOR) PORT,INDIA
2021,470329,MARUBENI,TANJUNG ENIM LESTARI,PANJANG,SUMATERA SELATAN,105,47629,UNKNOWN AFFILIATION,VECHEM ORGANICS PVT LTD,INDIA,JAWAHARLAL NEHRU (NHAVA S,INDIA
2021,470329,MARUBENI,TANJUNG ENIM LESTARI,PANJANG,SUMATERA SELATAN,105,47641,ANKIT,ANKIT PULPS AND BOARDS PVT LTD,INDIA,JAWAHARLAL NEHRU (NHAVA S,INDIA
2021,470329,MARUBENI,TANJUNG ENIM LESTARI,PANJANG,SUMATERA SELATAN,107,49124,UNKNOWN AFFILIATION,GURUKRUPA KRAFTS PVT LTD,INDIA,PIPAVAV (VICTOR) PORT,INDIA
2021,470329,MARUBENI,TANJUNG ENIM LESTARI,PANJANG,SUMATERA SELATAN,127,67308,UNKNOWN AFFILIATION,TEPPATANA PAPER MILL CO LTD,THAILAND,LAT KRABANG,THAILAND
2021,470329,MARUBENI,TANJUNG ENIM LESTARI,PANJANG,SUMATERA SELATAN,148,67398,UNKNOWN AFFILIATION,VECHEM ORGANICS PVT LTD,INDIA,JAWAHARLAL NEHRU (NHAVA S,INDIA
2021,470329,MARUBENI,TANJUNG ENIM LESTARI,PANJANG,SUMATERA SELATAN,175,91782,MARUBENI,MARUBENI CORP,JAPAN,SHIMIZU,JAPAN
2021,470329,MARUBENI,TANJUNG ENIM LESTARI,PANJANG,SUMATERA SELATAN,192,87749,ANKIT,ANKIT PULPS AND BOARDS PVT LTD,INDIA,JAWAHARLAL NEHRU (NHAVA S,INDIA
2021,470329,MARUBENI,TANJUNG ENIM LESTARI,PANJANG,SUMATERA SELATAN,193,103160,DAIO PAPER CORP,TOKYO PULP AND PAPER INTERNATIONAL CO LTD,JAPAN,TOMAKOMAI,JAPAN
2021,470329,MARUBENI,TANJUNG ENIM LESTARI,PANJANG,SUMATERA SELATAN,209,105710,SAIGON,SAIGON PAPER CORP,VIETNAM,CAT LAI,VIETNAM
2021,470329,MARUBENI,TANJUNG ENIM LESTARI,PANJANG,SUMATERA SELATAN,211,99984,VINDA,VINDA PAPER NORTH (BEIJING) CO LTD,CHINA (MAINLAND),XINGANG,CHINA (MAINLAND)
2021,470329,MARUBENI,TANJUNG ENIM LESTARI,PANJANG,SUMATERA SELATAN,290,155124,DAIO PAPER CORP,TOKYO PULP AND PAPER INTERNATIONAL CO LTD,JAPAN,TOMAKOMAI,JAPAN
2021,470329,MARUBENI,TANJUNG ENIM LESTARI,PANJANG,SUMATERA SELATAN,316,147751,VINDA,VINDA PAPER (ZHEJIANG) CO LTD,CHINA (MAINLAND),NINGBO,CHINA (MAINLAND)
2021,470329,MARUBENI,TANJUNG ENIM LESTARI,PANJANG,SUMATERA SELATAN,322,136644,ITC,ITC LTD - PAPERBOARDS & SPECIALTY PAPERS DIVSION,INDIA,HALDIA,INDIA
2021,470329,MARUBENI,TANJUNG ENIM LESTARI,PANJANG,SUMATERA SELATAN,427,199738,VINDA,VINDA PAPER (ZHEJIANG) CO LTD,CHINA (MAINLAND),NINGBO,CHINA (MAINLAND)
2021,470329,MARUBENI,TANJUNG ENIM LESTARI,PANJANG,SUMATERA SELATAN,429,200855,VINDA,VINDA PAPER (ZHEJIANG) CO LTD,CHINA (MAINLAND),NINGBO,CHINA (MAINLAND)
2021,470329,MARUBENI,TANJUNG ENIM LESTARI,PANJANG,SUMATERA SELATAN,499,237331,VINDA,VINDA PAPER (ZHEJIANG) CO LTD,CHINA (MAINLAND),NINGBO,CHINA (MAINLAND)
2021,470329,MARUBENI,TANJUNG ENIM LESTARI,PANJANG,SUMATERA SELATAN,499,228766,VINDA,VINDA PERSONAL CARE (CHINA) LTD,CHINA (MAINLAND),WUHAN,CHINA (MAINLAND)
2021,470329,MARUBENI,TANJUNG ENIM LESTARI,PANJANG,SUMATERA SELATAN,502,262682,NIPPON PAPER,NIPPON PAPER INDUSTRIES CO LTD,JAPAN,SHIMIZU,JAPAN
2021,470329,MARUBENI,TANJUNG ENIM LESTARI,PANJANG,SUMATERA SELATAN,503,230062,VINDA,VINDA PERSONAL CARE (CHINA) LTD,CHINA (MAINLAND),WUHAN,CHINA (MAINLAND)
2021,470329,MARUBENI,TANJUNG ENIM LESTARI,PANJANG,SUMATERA SELATAN,503,230624,VINDA,VINDA PERSONAL CARE (CHINA) LTD,CHINA (MAINLAND),WUHAN,CHINA (MAINLAND)
2021,470329,MARUBENI,TANJUNG ENIM LESTARI,PANJANG,SUMATERA SELATAN,505,264513,NIPPON PAPER,NIPPON PAPER INDUSTRIES CO LTD,JAPAN,SHIMIZU,JAPAN
2021,470329,MARUBENI,TANJUNG ENIM LESTARI,PANJANG,SUMATERA SELATAN,506,238039,VINDA,VINDA PERSONAL CARE (CHINA) LTD,CHINA (MAINLAND),WUHAN,CHINA (MAINLAND)
2021,470329,MARUBENI,TANJUNG ENIM LESTARI,PANJANG,SUMATERA SELATAN,507,238641,VINDA,VINDA PERSONAL CARE (CHINA) LTD,CHINA (MAINLAND),WUHAN,CHINA (MAINLAND)
2021,470329,MARUBENI,TANJUNG ENIM LESTARI,PANJANG,SUMATERA SELATAN,508,233717,VINDA,VINDA PERSONAL CARE (CHINA) LTD,CHINA (MAINLAND),WUHAN,CHINA (MAINLAND)
2021,470329,MARUBENI,TANJUNG ENIM LESTARI,PANJANG,SUMATERA SELATAN,508,245498,UNKNOWN AFFILIATION,P.P TRADING & MANUFACTURING JSC,VIETNAM,HAIPHONG,VIETNAM
2021,470329,MARUBENI,TANJUNG ENIM LESTARI,PANJANG,SUMATERA SELATAN,510,245991,UNKNOWN AFFILIATION,PHUONG TRANG BAC GIANG CO LTD,VIETNAM,HAIPHONG,VIETNAM
2021,470329,MARUBENI,TANJUNG ENIM LESTARI,PANJANG,SUMATERA SELATAN,510,246314,UNKNOWN AFFILIATION,PHUONG TRANG BAC GIANG CO LTD,VIETNAM,HAIPHONG,VIETNAM
2021,470329,MARUBENI,TANJUNG ENIM LESTARI,PANJANG,SUMATERA SELATAN,510,246426,UNKNOWN AFFILIATION,PHUONG TRANG BAC GIANG CO LTD,VIETNAM,HAIPHONG,VIETNAM
2021,470329,MARUBENI,TANJUNG ENIM LESTARI,PANJANG,SUMATERA SELATAN,513,234700,VINDA,VINDA PERSONAL CARE (CHINA) LTD,CHINA (MAINLAND),WUHAN,CHINA (MAINLAND)
2021,470329,MARUBENI,TANJUNG ENIM LESTARI,PANJANG,SUMATERA SELATAN,530,260818,NIPPON PAPER,SIAM NIPPON INDUSTRIAL PAPER CO LTD,THAILAND,LAEM CHABANG,THAILAND
2021,470329,MARUBENI,TANJUNG ENIM LESTARI,PANJANG,SUMATERA SELATAN,607,283085,VINDA,VINDA PAPER (ZHEJIANG) CO LTD,CHINA (MAINLAND),NINGBO,CHINA (MAINLAND)
2021,470329,MARUBENI,TANJUNG ENIM LESTARI,PANJANG,SUMATERA SELATAN,707,350205,UNKNOWN AFFILIATION,JIH SUN PAPER INDUSTRY CO LTD.,TAIWAN,KEELUNG (CHILUNG),TAIWAN
2021,470329,MARUBENI,TANJUNG ENIM LESTARI,TARAHAN,SUMATERA SELATAN,399,195099,HONG WON,HONG WON PAPER MFG CO LTD,SOUTH KOREA,PYONGTAEK,SOUTH KOREA
2021,470329,MARUBENI,TANJUNG ENIM LESTARI,TARAHAN,SUMATERA SELATAN,1001,471724,JIANGHE PAPER,HENAN JIANGHE PAPER CO LTD,CHINA (MAINLAND),QINGDAO,CHINA (MAINLAND)
2021,470329,MARUBENI,TANJUNG ENIM LESTARI,TARAHAN,SUMATERA SELATAN,1100,546868,HANSOL,HANSOL PAPER CO LTD,SOUTH KOREA,PYONGTAEK,SOUTH KOREA
2021,470329,MARUBENI,TANJUNG ENIM LESTARI,TARAHAN,SUMATERA SELATAN,1100,538177,HONG WON,HONG WON PAPER MFG CO LTD,SOUTH KOREA,PYONGTAEK,SOUTH KOREA
2021,470329,MARUBENI,TANJUNG ENIM LESTARI,TARAHAN,SUMATERA SELATAN,1500,732785,HONG WON,HONG WON PAPER MFG CO LTD,SOUTH KOREA,PYONGTAEK,SOUTH KOREA
2021,470329,MARUBENI,TANJUNG ENIM LESTARI,TARAHAN,SUMATERA SELATAN,1501,734613,HONG WON,HONG WON PAPER MFG CO LTD,SOUTH KOREA,PYONGTAEK,SOUTH KOREA
2021,470329,MARUBENI,TANJUNG ENIM LESTARI,TARAHAN,SUMATERA SELATAN,2000,981950,CHINATEX CORP,CHINATEX RAW MATERIALS IMPORT AND EXPORT,CHINA (MAINLAND),QINGDAO,CHINA (MAINLAND)
2021,470329,MARUBENI,TANJUNG ENIM LESTARI,TARAHAN,SUMATERA SELATAN,2000,982083,UNKNOWN AFFILIATION,NANTONG CHEMICAL & LIGHT INDUSTRY CO LTD,CHINA (MAINLAND),QINGDAO,CHINA (MAINLAND)