YEAR,HS_CODE,MILL_CORPORATE_GROUP,MILL,PORT_OF_EXPORT,PROVINCE_OF_EXPORT,PULP_EXPORT_VOLUME_TONNES,FOB_VALUES_USD,IMPORTER_CORPORATE_GROUP,IMPORTER,COUNTRY_OF_IMPORTER,PORT_OF_DESTINATION,COUNTRY_OF_DESTINATION
2019,470329,ROYAL GOLDEN EAGLE,APRIL,FUTONG,RIAU,1499,704460,ROYAL GOLDEN EAGLE,APRIL FAR EAST MALAYSIA SDN BHD,MALAYSIA,PYONGTAEK,SOUTH KOREA
2019,470329,ROYAL GOLDEN EAGLE,APRIL,BUATAN,RIAU,507,309056,ROYAL GOLDEN EAGLE,APRIL FAR EAST MALAYSIA SDN BHD,MALAYSIA,FUZHOU,CHINA (MAINLAND)
2019,470329,ROYAL GOLDEN EAGLE,APRIL,BUATAN,RIAU,504,304827,ROYAL GOLDEN EAGLE,APRIL FAR EAST MALAYSIA SDN BHD,MALAYSIA,JIUJIANG,CHINA (MAINLAND)
2019,470329,ROYAL GOLDEN EAGLE,APRIL,BUATAN,RIAU,824,387368,ROYAL GOLDEN EAGLE,APRIL INTERNATIONAL ENTEPRISE PTE LTD,SINGAPORE,SHUAIBA,KUWAIT
2019,470329,ROYAL GOLDEN EAGLE,APRIL,BUATAN,RIAU,502,236033,ROYAL GOLDEN EAGLE,APRIL INTERNATIONAL ENTEPRISE PTE LTD,SINGAPORE,CHITTAGONG,BANGLADESH
2019,470329,ROYAL GOLDEN EAGLE,APRIL,FUTONG,RIAU,1357,637971,ROYAL GOLDEN EAGLE,APRIL INTERNATIONAL ENTEPRISE PTE LTD,SINGAPORE,IYOMISHIMA,JAPAN
2019,470329,ROYAL GOLDEN EAGLE,APRIL,FUTONG,RIAU,5122,2407374,ROYAL GOLDEN EAGLE,APRIL FAR EAST MALAYSIA SDN BHD,MALAYSIA,GUNSAN (ES KUNSAN),SOUTH KOREA
2019,470329,ROYAL GOLDEN EAGLE,APRIL,BUATAN,RIAU,503,261302,ROYAL GOLDEN EAGLE,APRIL FAR EAST MALAYSIA SDN BHD,MALAYSIA,JIUJIANG,CHINA (MAINLAND)
2019,470329,ROYAL GOLDEN EAGLE,APRIL,FUTONG,RIAU,2094,984330,ROYAL GOLDEN EAGLE,APRIL INTERNATIONAL ENTEPRISE PTE LTD,SINGAPORE,CHANGSHU,CHINA (MAINLAND)
2019,470329,ROYAL GOLDEN EAGLE,APRIL,BUATAN,RIAU,60,28333,ROYAL GOLDEN EAGLE,APRIL INTERNATIONAL ENTEPRISE PTE LTD,SINGAPORE,JAWAHARLAL NEHRU (NHAVA S,INDIA
2019,470329,ROYAL GOLDEN EAGLE,APRIL,BUATAN,RIAU,60,28364,ROYAL GOLDEN EAGLE,APRIL INTERNATIONAL ENTEPRISE PTE LTD,SINGAPORE,ANKLESHWAR,INDIA
2019,470329,SINAR MAS,OKI,SULTAN MAHMUD BADARUDDIN (U),SUMATERA SELATAN,600,410100,UNKNOWN AFFILIATION,SUZHOU HUANG YI TRADE CO LTD,CHINA (MAINLAND),NINGBO,CHINA (MAINLAND)
2019,470329,SINAR MAS,INDAH KIAT,PERAWANG,RIAU,500,342563,SINAR MAS,GOLDEN PROFIT TRADING PTE LTD,SINGAPORE,PIPAVAV (VICTOR) PORT,INDIA
2019,470329,ROYAL GOLDEN EAGLE,APRIL,BUATAN,RIAU,502,303476,ROYAL GOLDEN EAGLE,APRIL FAR EAST MALAYSIA SDN BHD,MALAYSIA,JIUJIANG,CHINA (MAINLAND)
2019,470329,ROYAL GOLDEN EAGLE,APRIL,BUATAN,RIAU,60,28372,ROYAL GOLDEN EAGLE,APRIL INTERNATIONAL ENTEPRISE PTE LTD,SINGAPORE,MUNDRA,INDIA
2019,470329,SINAR MAS,INDAH KIAT,PERAWANG,RIAU,500,339480,SINAR MAS,GOLDEN PROFIT TRADING PTE LTD,SINGAPORE,PIPAVAV (VICTOR) PORT,INDIA
2019,470329,ROYAL GOLDEN EAGLE,APRIL,BUATAN,RIAU,502,261107,ROYAL GOLDEN EAGLE,APRIL FAR EAST MALAYSIA SDN BHD,MALAYSIA,JIUJIANG,CHINA (MAINLAND)
2019,470329,MARUBENI,TANJUNG ENIM LESTARI,PANJANG,SUMATERA SELATAN,1589,916068,IMEXCO BACGIANG,BAC GIANG IMPORT EXPORT JOINT STOCK CO,VIETNAM,HAIPHONG,VIETNAM
2019,470329,SINAR MAS,OKI,SULTAN MAHMUD BADARUDDIN (U),SUMATERA SELATAN,3600,2496600,CHINA UNION,CHINA UNION (MACAO COMMERCIAL OFFSHORE) CO LTD,MACAO,CHANGSHU,CHINA (MAINLAND)
2019,470329,SINAR MAS,OKI,SULTAN MAHMUD BADARUDDIN (U),SUMATERA SELATAN,3200,2155200,SINAR MAS,GOLDEN PROFIT TRADING PTE LTD,SINGAPORE,NINGBO,CHINA (MAINLAND)
2019,470329,ROYAL GOLDEN EAGLE,APRIL,BUATAN,RIAU,503,261798,ROYAL GOLDEN EAGLE,APRIL FAR EAST MALAYSIA SDN BHD,MALAYSIA,JIUJIANG,CHINA (MAINLAND)
2019,470329,SINAR MAS,OKI,SULTAN MAHMUD BADARUDDIN (U),SUMATERA SELATAN,2600,1751100,UNKNOWN AFFILIATION,BRIGHTENING SKY CO LTD,CHINA (HONG KONG),NINGBO,CHINA (MAINLAND)
2019,470329,MARUBENI,TANJUNG ENIM LESTARI,PANJANG,SUMATERA SELATAN,300,173979,UNKNOWN AFFILIATION,YUEN FOONG YU CONSUMER PRODUCTS CO LTD,TAIWAN,TAICHUNG,TAIWAN
2019,470329,ROYAL GOLDEN EAGLE,APRIL,BUATAN,RIAU,502,303519,ROYAL GOLDEN EAGLE,APRIL FAR EAST MALAYSIA SDN BHD,MALAYSIA,JIUJIANG,CHINA (MAINLAND)
2019,470329,ROYAL GOLDEN EAGLE,APRIL,BUATAN,RIAU,505,262373,ROYAL GOLDEN EAGLE,APRIL FAR EAST MALAYSIA SDN BHD,MALAYSIA,JIUJIANG,CHINA (MAINLAND)
2019,470329,ROYAL GOLDEN EAGLE,APRIL,BUATAN,RIAU,504,304880,ROYAL GOLDEN EAGLE,APRIL FAR EAST MALAYSIA SDN BHD,MALAYSIA,JIUJIANG,CHINA (MAINLAND)
2019,470329,SINAR MAS,LONTAR PAPYRUS,KUALA TUNGKAL,JAMBI,980,656600,SINAR MAS,GOLDEN PROFIT TRADING PTE LTD,SINGAPORE,JEBEL ALI,UNITED ARAB EMIRATES
2019,470329,ROYAL GOLDEN EAGLE,APRIL,BUATAN,RIAU,506,308723,ROYAL GOLDEN EAGLE,APRIL FAR EAST MALAYSIA SDN BHD,MALAYSIA,FUZHOU,CHINA (MAINLAND)
2019,470329,ROYAL GOLDEN EAGLE,APRIL,BUATAN,RIAU,506,263301,ROYAL GOLDEN EAGLE,APRIL FAR EAST MALAYSIA SDN BHD,MALAYSIA,FUZHOU,CHINA (MAINLAND)
2019,470329,SINAR MAS,INDAH KIAT,PERAWANG,RIAU,500,339480,SINAR MAS,GOLDEN PROFIT TRADING PTE LTD,SINGAPORE,PIPAVAV (VICTOR) PORT,INDIA
2019,470329,ROYAL GOLDEN EAGLE,APRIL,BUATAN,RIAU,503,261586,ROYAL GOLDEN EAGLE,APRIL FAR EAST MALAYSIA SDN BHD,MALAYSIA,JIUJIANG,CHINA (MAINLAND)
2019,470329,ROYAL GOLDEN EAGLE,APRIL,BUATAN,RIAU,504,262306,ROYAL GOLDEN EAGLE,APRIL FAR EAST MALAYSIA SDN BHD,MALAYSIA,FUZHOU,CHINA (MAINLAND)
2019,470329,SINAR MAS,INDAH KIAT,PERAWANG,RIAU,80,55061,SINAR MAS,GOLDEN PROFIT TRADING PTE LTD,SINGAPORE,DA NANG,VIETNAM
2019,470329,ROYAL GOLDEN EAGLE,APRIL,BUATAN,RIAU,503,261622,ROYAL GOLDEN EAGLE,APRIL FAR EAST MALAYSIA SDN BHD,MALAYSIA,FUZHOU,CHINA (MAINLAND)
2019,470329,ROYAL GOLDEN EAGLE,APRIL,BUATAN,RIAU,503,261379,ROYAL GOLDEN EAGLE,APRIL FAR EAST MALAYSIA SDN BHD,MALAYSIA,FUZHOU,CHINA (MAINLAND)
2019,470329,ROYAL GOLDEN EAGLE,APRIL,BUATAN,RIAU,503,261490,ROYAL GOLDEN EAGLE,APRIL FAR EAST MALAYSIA SDN BHD,MALAYSIA,JIUJIANG,CHINA (MAINLAND)
2019,470329,ROYAL GOLDEN EAGLE,APRIL,BUATAN,RIAU,504,262140,ROYAL GOLDEN EAGLE,APRIL FAR EAST MALAYSIA SDN BHD,MALAYSIA,FUZHOU,CHINA (MAINLAND)
2019,470329,ROYAL GOLDEN EAGLE,APRIL,BUATAN,RIAU,502,236108,ROYAL GOLDEN EAGLE,APRIL INTERNATIONAL ENTEPRISE PTE LTD,SINGAPORE,CHITTAGONG,BANGLADESH
2019,470329,ROYAL GOLDEN EAGLE,APRIL,BUATAN,RIAU,504,262236,ROYAL GOLDEN EAGLE,APRIL FAR EAST MALAYSIA SDN BHD,MALAYSIA,FUZHOU,CHINA (MAINLAND)
2019,470329,ROYAL GOLDEN EAGLE,APRIL,BUATAN,RIAU,503,261301,ROYAL GOLDEN EAGLE,APRIL FAR EAST MALAYSIA SDN BHD,MALAYSIA,FUZHOU,CHINA (MAINLAND)
2019,470329,SINAR MAS,OKI,SULTAN MAHMUD BADARUDDIN (U),SUMATERA SELATAN,600,415200,CHINA UNION,CHINA UNION (MACAO COMMERCIAL OFFSHORE) CO LTD,MACAO,ZHENJIANG,CHINA (MAINLAND)
2019,470329,SINAR MAS,OKI,SULTAN MAHMUD BADARUDDIN (U),SUMATERA SELATAN,3000,2076000,CHINA UNION,CHINA UNION (MACAO COMMERCIAL OFFSHORE) CO LTD,MACAO,ZHENJIANG,CHINA (MAINLAND)
2019,470329,ROYAL GOLDEN EAGLE,APRIL,BUATAN,RIAU,503,236192,ROYAL GOLDEN EAGLE,APRIL INTERNATIONAL ENTEPRISE PTE LTD,SINGAPORE,CHITTAGONG,BANGLADESH
2019,470329,ROYAL GOLDEN EAGLE,APRIL,BUATAN,RIAU,503,304484,ROYAL GOLDEN EAGLE,APRIL FAR EAST MALAYSIA SDN BHD,MALAYSIA,JIUJIANG,CHINA (MAINLAND)
2019,470329,ROYAL GOLDEN EAGLE,APRIL,BUATAN,RIAU,503,304526,ROYAL GOLDEN EAGLE,APRIL FAR EAST MALAYSIA SDN BHD,MALAYSIA,JIUJIANG,CHINA (MAINLAND)
2019,470329,SINAR MAS,OKI,SULTAN MAHMUD BADARUDDIN (U),SUMATERA SELATAN,3000,2076000,CHINA UNION,CHINA UNION (MACAO COMMERCIAL OFFSHORE) CO LTD,MACAO,ZHENJIANG,CHINA (MAINLAND)
2019,470329,SINAR MAS,OKI,SULTAN MAHMUD BADARUDDIN (U),SUMATERA SELATAN,2900,1977800,CHINA UNION,CHINA UNION (MACAO COMMERCIAL OFFSHORE) CO LTD,MACAO,ZHENJIANG,CHINA (MAINLAND)
2019,470329,SINAR MAS,OKI,SULTAN MAHMUD BADARUDDIN (U),SUMATERA SELATAN,4000,2768000,CHINA UNION,CHINA UNION (MACAO COMMERCIAL OFFSHORE) CO LTD,MACAO,ZHENJIANG,CHINA (MAINLAND)
2019,470329,ROYAL GOLDEN EAGLE,APRIL,BUATAN,RIAU,503,261553,ROYAL GOLDEN EAGLE,APRIL FAR EAST MALAYSIA SDN BHD,MALAYSIA,FUZHOU,CHINA (MAINLAND)
2019,470329,ROYAL GOLDEN EAGLE,APRIL,BUATAN,RIAU,504,304743,ROYAL GOLDEN EAGLE,APRIL FAR EAST MALAYSIA SDN BHD,MALAYSIA,JIUJIANG,CHINA (MAINLAND)
2019,470329,ROYAL GOLDEN EAGLE,APRIL,BUATAN,RIAU,504,261893,ROYAL GOLDEN EAGLE,APRIL FAR EAST MALAYSIA SDN BHD,MALAYSIA,JIUJIANG,CHINA (MAINLAND)
2019,470329,ROYAL GOLDEN EAGLE,APRIL,BUATAN,RIAU,502,260934,ROYAL GOLDEN EAGLE,APRIL FAR EAST MALAYSIA SDN BHD,MALAYSIA,JIUJIANG,CHINA (MAINLAND)
2019,470329,ROYAL GOLDEN EAGLE,APRIL,BUATAN,RIAU,503,261693,ROYAL GOLDEN EAGLE,APRIL FAR EAST MALAYSIA SDN BHD,MALAYSIA,JIUJIANG,CHINA (MAINLAND)
2019,470329,ROYAL GOLDEN EAGLE,APRIL,BUATAN,RIAU,504,261930,ROYAL GOLDEN EAGLE,APRIL FAR EAST MALAYSIA SDN BHD,MALAYSIA,JIUJIANG,CHINA (MAINLAND)
2019,470329,ROYAL GOLDEN EAGLE,APRIL,BUATAN,RIAU,503,261383,ROYAL GOLDEN EAGLE,APRIL FAR EAST MALAYSIA SDN BHD,MALAYSIA,JIUJIANG,CHINA (MAINLAND)
2019,470329,ROYAL GOLDEN EAGLE,APRIL,BUATAN,RIAU,504,261874,ROYAL GOLDEN EAGLE,APRIL FAR EAST MALAYSIA SDN BHD,MALAYSIA,JIUJIANG,CHINA (MAINLAND)
2019,470329,ROYAL GOLDEN EAGLE,APRIL,BUATAN,RIAU,501,260709,ROYAL GOLDEN EAGLE,APRIL FAR EAST MALAYSIA SDN BHD,MALAYSIA,JIUJIANG,CHINA (MAINLAND)
2019,470329,ROYAL GOLDEN EAGLE,APRIL,BUATAN,RIAU,504,261933,ROYAL GOLDEN EAGLE,APRIL FAR EAST MALAYSIA SDN BHD,MALAYSIA,JIUJIANG,CHINA (MAINLAND)
2019,470329,ROYAL GOLDEN EAGLE,APRIL,BUATAN,RIAU,502,261176,ROYAL GOLDEN EAGLE,APRIL FAR EAST MALAYSIA SDN BHD,MALAYSIA,JIUJIANG,CHINA (MAINLAND)
2019,470329,ROYAL GOLDEN EAGLE,APRIL,BUATAN,RIAU,505,262398,ROYAL GOLDEN EAGLE,APRIL FAR EAST MALAYSIA SDN BHD,MALAYSIA,JIUJIANG,CHINA (MAINLAND)
2019,470329,ROYAL GOLDEN EAGLE,APRIL,BUATAN,RIAU,603,283468,ROYAL GOLDEN EAGLE,APRIL INTERNATIONAL ENTEPRISE PTE LTD,SINGAPORE,CHITTAGONG,BANGLADESH
2019,470329,ROYAL GOLDEN EAGLE,APRIL,BUATAN,RIAU,503,261483,ROYAL GOLDEN EAGLE,APRIL FAR EAST MALAYSIA SDN BHD,MALAYSIA,JIUJIANG,CHINA (MAINLAND)
2019,470329,MARUBENI,TANJUNG ENIM LESTARI,PANJANG,SUMATERA SELATAN,983,545907,UNKNOWN AFFILIATION,YUEN FOONG YU INVESTMENT CO LTD,CHINA (MAINLAND),YANGZHOU,CHINA (MAINLAND)
2019,470329,ROYAL GOLDEN EAGLE,APRIL,BUATAN,RIAU,161,75586,ROYAL GOLDEN EAGLE,APRIL INTERNATIONAL ENTEPRISE PTE LTD,SINGAPORE,MUNDRA,INDIA
2019,470329,ROYAL GOLDEN EAGLE,APRIL,BUATAN,RIAU,504,262291,ROYAL GOLDEN EAGLE,APRIL FAR EAST MALAYSIA SDN BHD,MALAYSIA,JIUJIANG,CHINA (MAINLAND)
2019,470329,ROYAL GOLDEN EAGLE,APRIL,BUATAN,RIAU,503,261308,ROYAL GOLDEN EAGLE,APRIL FAR EAST MALAYSIA SDN BHD,MALAYSIA,JIUJIANG,CHINA (MAINLAND)
2019,470329,ROYAL GOLDEN EAGLE,APRIL,BUATAN,RIAU,504,294425,ROYAL GOLDEN EAGLE,APRIL FAR EAST MALAYSIA SDN BHD,MALAYSIA,JIUJIANG,CHINA (MAINLAND)
2019,470329,ROYAL GOLDEN EAGLE,APRIL,BUATAN,RIAU,505,294933,ROYAL GOLDEN EAGLE,APRIL FAR EAST MALAYSIA SDN BHD,MALAYSIA,JIUJIANG,CHINA (MAINLAND)
2019,470329,MARUBENI,TANJUNG ENIM LESTARI,PANJANG,SUMATERA SELATAN,506,354105,ASALEO,ASALEO CARE AUSTRALIA PTY LTD,AUSTRALIA,MELBOURNE,AUSTRALIA
2019,470329,MARUBENI,TANJUNG ENIM LESTARI,PANJANG,SUMATERA SELATAN,489,287402,VINDA,VINDA PAPER (ZHEJIANG) CO LTD,CHINA (MAINLAND),NINGBO,CHINA (MAINLAND)
2019,470329,MARUBENI,TANJUNG ENIM LESTARI,PANJANG,SUMATERA SELATAN,979,576256,VINDA,VINDA PERSONAL CARE (CHINA) LTD,CHINA (MAINLAND),WUHAN,CHINA (MAINLAND)
2019,470329,ROYAL GOLDEN EAGLE,APRIL,BUATAN,RIAU,503,294005,ROYAL GOLDEN EAGLE,APRIL FAR EAST MALAYSIA SDN BHD,MALAYSIA,JIUJIANG,CHINA (MAINLAND)
2019,470329,ROYAL GOLDEN EAGLE,APRIL,BUATAN,RIAU,804,418138,ROYAL GOLDEN EAGLE,APRIL FAR EAST MALAYSIA SDN BHD,MALAYSIA,JIUJIANG,CHINA (MAINLAND)
2019,470329,ROYAL GOLDEN EAGLE,APRIL,BUATAN,RIAU,40,18918,ROYAL GOLDEN EAGLE,APRIL INTERNATIONAL ENTEPRISE PTE LTD,SINGAPORE,JAWAHARLAL NEHRU (NHAVA S,INDIA
2019,470329,ROYAL GOLDEN EAGLE,APRIL,BUATAN,RIAU,60,28382,ROYAL GOLDEN EAGLE,APRIL INTERNATIONAL ENTEPRISE PTE LTD,SINGAPORE,CHENNAI (EX MADRAS),INDIA
2019,470329,ROYAL GOLDEN EAGLE,APRIL,BUATAN,RIAU,201,94578,ROYAL GOLDEN EAGLE,APRIL INTERNATIONAL ENTEPRISE PTE LTD,SINGAPORE,PIPAVAV (VICTOR) PORT,INDIA
2019,470329,SINAR MAS,INDAH KIAT,PERAWANG,RIAU,500,319890,CREATIVE,CREATIVE PAPER MILLS LTD,BANGLADESH,CHITTAGONG,BANGLADESH
2019,470329,ROYAL GOLDEN EAGLE,APRIL,BUATAN,RIAU,201,94503,ROYAL GOLDEN EAGLE,APRIL INTERNATIONAL ENTEPRISE PTE LTD,SINGAPORE,MUNDRA,INDIA
2019,470329,ROYAL GOLDEN EAGLE,APRIL,BUATAN,RIAU,201,94506,ROYAL GOLDEN EAGLE,APRIL INTERNATIONAL ENTEPRISE PTE LTD,SINGAPORE,JAWAHARLAL NEHRU (NHAVA S,INDIA
2019,470329,ROYAL GOLDEN EAGLE,APRIL,BUATAN,RIAU,504,262083,ROYAL GOLDEN EAGLE,APRIL FAR EAST MALAYSIA SDN BHD,MALAYSIA,JIUJIANG,CHINA (MAINLAND)
2019,470329,ROYAL GOLDEN EAGLE,APRIL,BUATAN,RIAU,302,141836,ROYAL GOLDEN EAGLE,APRIL INTERNATIONAL ENTEPRISE PTE LTD,SINGAPORE,PIPAVAV (VICTOR) PORT,INDIA
2019,470329,MARUBENI,TANJUNG ENIM LESTARI,PANJANG,SUMATERA SELATAN,505,348997,VINDA,VINDA PERSONAL CARE (CHINA) LTD,CHINA (MAINLAND),WUHAN,CHINA (MAINLAND)
2019,470329,SINAR MAS,INDAH KIAT,PERAWANG,RIAU,500,340672,SINAR MAS,GOLDEN PROFIT TRADING PTE LTD,SINGAPORE,HAIPHONG,VIETNAM
2019,470329,ROYAL GOLDEN EAGLE,APRIL,BUATAN,RIAU,502,261129,ROYAL GOLDEN EAGLE,APRIL FAR EAST MALAYSIA SDN BHD,MALAYSIA,JIUJIANG,CHINA (MAINLAND)
2019,470329,ROYAL GOLDEN EAGLE,APRIL,BUATAN,RIAU,503,261596,ROYAL GOLDEN EAGLE,APRIL FAR EAST MALAYSIA SDN BHD,MALAYSIA,FUZHOU,CHINA (MAINLAND)
2019,470329,ROYAL GOLDEN EAGLE,APRIL,BUATAN,RIAU,342,177767,ROYAL GOLDEN EAGLE,APRIL FAR EAST MALAYSIA SDN BHD,MALAYSIA,JIUJIANG,CHINA (MAINLAND)
2019,470329,ROYAL GOLDEN EAGLE,APRIL,BUATAN,RIAU,141,66088,ROYAL GOLDEN EAGLE,APRIL INTERNATIONAL ENTEPRISE PTE LTD,SINGAPORE,TUGLAKABAD,INDIA
2019,470329,ROYAL GOLDEN EAGLE,APRIL,BUATAN,RIAU,502,236136,ROYAL GOLDEN EAGLE,APRIL INTERNATIONAL ENTEPRISE PTE LTD,SINGAPORE,CHITTAGONG,BANGLADESH
2019,470329,ROYAL GOLDEN EAGLE,APRIL,BUATAN,RIAU,162,84014,ROYAL GOLDEN EAGLE,APRIL FAR EAST MALAYSIA SDN BHD,MALAYSIA,JIUJIANG,CHINA (MAINLAND)
2019,470329,SINAR MAS,INDAH KIAT,PERAWANG,RIAU,500,319890,CREATIVE,CREATIVE PAPER MILLS LTD,BANGLADESH,CHITTAGONG,BANGLADESH
2019,470329,ROYAL GOLDEN EAGLE,APRIL,BUATAN,RIAU,502,261007,ROYAL GOLDEN EAGLE,APRIL FAR EAST MALAYSIA SDN BHD,MALAYSIA,JIUJIANG,CHINA (MAINLAND)
2019,470329,ROYAL GOLDEN EAGLE,APRIL,BUATAN,RIAU,201,94539,ROYAL GOLDEN EAGLE,APRIL INTERNATIONAL ENTEPRISE PTE LTD,SINGAPORE,CHITTAGONG,BANGLADESH
2019,470329,ROYAL GOLDEN EAGLE,APRIL,BUATAN,RIAU,24,11332,ROYAL GOLDEN EAGLE,APRIL INTERNATIONAL ENTEPRISE PTE LTD,SINGAPORE,TAOYUAN,TAIWAN
2019,470329,ROYAL GOLDEN EAGLE,APRIL,BUATAN,RIAU,507,295800,ROYAL GOLDEN EAGLE,APRIL FAR EAST MALAYSIA SDN BHD,MALAYSIA,JIUJIANG,CHINA (MAINLAND)
2019,470329,ROYAL GOLDEN EAGLE,APRIL,BUATAN,RIAU,24,11346,ROYAL GOLDEN EAGLE,APRIL INTERNATIONAL ENTEPRISE PTE LTD,SINGAPORE,TAOYUAN,TAIWAN
2019,470329,SINAR MAS,LONTAR PAPYRUS,KUALA TUNGKAL,JAMBI,1002,691218,SINAR MAS,GOLDEN PROFIT TRADING PTE LTD,SINGAPORE,KARACHI,PAKISTAN
2019,470329,ROYAL GOLDEN EAGLE,APRIL,BUATAN,RIAU,507,296114,ROYAL GOLDEN EAGLE,APRIL FAR EAST MALAYSIA SDN BHD,MALAYSIA,JIUJIANG,CHINA (MAINLAND)
2019,470329,ROYAL GOLDEN EAGLE,APRIL,BUATAN,RIAU,603,283361,ROYAL GOLDEN EAGLE,APRIL INTERNATIONAL ENTEPRISE PTE LTD,SINGAPORE,CHITTAGONG,BANGLADESH
2019,470329,ROYAL GOLDEN EAGLE,APRIL,BUATAN,RIAU,507,296290,ROYAL GOLDEN EAGLE,APRIL FAR EAST MALAYSIA SDN BHD,MALAYSIA,JIUJIANG,CHINA (MAINLAND)
2019,470329,SINAR MAS,OKI,SULTAN MAHMUD BADARUDDIN (U),SUMATERA SELATAN,3400,2167500,UNKNOWN AFFILIATION,FREELAND UNIVERSAL LTD,CHINA (HONG KONG),YANGPU,CHINA (MAINLAND)
2019,470329,ROYAL GOLDEN EAGLE,APRIL,BUATAN,RIAU,503,253862,ROYAL GOLDEN EAGLE,APRIL INTERNATIONAL ENTEPRISE PTE LTD,SINGAPORE,AD DAMMAM,SAUDI ARABIA
2019,470329,SINAR MAS,OKI,SULTAN MAHMUD BADARUDDIN (U),SUMATERA SELATAN,4800,3026400,SINAR MAS,GOLDEN PROFIT TRADING PTE LTD,SINGAPORE,ZHENJIANG,CHINA (MAINLAND)
2019,470329,SINAR MAS,OKI,SULTAN MAHMUD BADARUDDIN (U),SUMATERA SELATAN,3600,2475000,UNKNOWN AFFILIATION,BRIGHTENING SKY CO LTD,CHINA (HONG KONG),YANGPU,CHINA (MAINLAND)
2019,470329,ROYAL GOLDEN EAGLE,APRIL,BUATAN,RIAU,503,236452,ROYAL GOLDEN EAGLE,APRIL INTERNATIONAL ENTEPRISE PTE LTD,SINGAPORE,HAIPHONG,VIETNAM
2019,470329,ROYAL GOLDEN EAGLE,APRIL,BUATAN,RIAU,302,141851,ROYAL GOLDEN EAGLE,APRIL INTERNATIONAL ENTEPRISE PTE LTD,SINGAPORE,HAIPHONG,VIETNAM
2019,470329,ROYAL GOLDEN EAGLE,APRIL,BUATAN,RIAU,522,245445,ROYAL GOLDEN EAGLE,APRIL INTERNATIONAL ENTEPRISE PTE LTD,SINGAPORE,CHITTAGONG,BANGLADESH
2019,470329,ROYAL GOLDEN EAGLE,APRIL,FUTONG,RIAU,5023,2360645,ROYAL GOLDEN EAGLE,APRIL FAR EAST MALAYSIA SDN BHD,MALAYSIA,XINHUI,CHINA (MAINLAND)
2019,470329,ROYAL GOLDEN EAGLE,APRIL,BUATAN,RIAU,834,392035,ROYAL GOLDEN EAGLE,APRIL INTERNATIONAL ENTEPRISE PTE LTD,SINGAPORE,ABU DHABI,UNITED ARAB EMIRATES
2019,470329,ROYAL GOLDEN EAGLE,APRIL,BUATAN,RIAU,506,295500,ROYAL GOLDEN EAGLE,APRIL FAR EAST MALAYSIA SDN BHD,MALAYSIA,JIUJIANG,CHINA (MAINLAND)
2019,470329,ROYAL GOLDEN EAGLE,APRIL,BUATAN,RIAU,505,294733,ROYAL GOLDEN EAGLE,APRIL FAR EAST MALAYSIA SDN BHD,MALAYSIA,JIUJIANG,CHINA (MAINLAND)
2019,470329,MARUBENI,TANJUNG ENIM LESTARI,PANJANG,SUMATERA SELATAN,999,686172,VINDA,VINDA PAPER (SI CHUAN) CO LTD,CHINA (MAINLAND),CHONGQING,CHINA (MAINLAND)
2019,470329,ROYAL GOLDEN EAGLE,APRIL,BUATAN,RIAU,502,236037,ROYAL GOLDEN EAGLE,APRIL INTERNATIONAL ENTEPRISE PTE LTD,SINGAPORE,CHITTAGONG,BANGLADESH
2019,470329,ROYAL GOLDEN EAGLE,APRIL,BUATAN,RIAU,504,294505,ROYAL GOLDEN EAGLE,APRIL FAR EAST MALAYSIA SDN BHD,MALAYSIA,JIUJIANG,CHINA (MAINLAND)
2019,470329,SINAR MAS,OKI,SULTAN MAHMUD BADARUDDIN (U),SUMATERA SELATAN,396,255555,SINAR MAS,GOLDEN PROFIT TRADING PTE LTD,SINGAPORE,KWANGYANG,SOUTH KOREA
2019,470329,MARUBENI,TANJUNG ENIM LESTARI,PANJANG,SUMATERA SELATAN,506,354349,ASALEO,ASALEO CARE AUSTRALIA PTY LTD,AUSTRALIA,MELBOURNE,AUSTRALIA
2019,470329,ROYAL GOLDEN EAGLE,APRIL,BUATAN,RIAU,60,28317,ROYAL GOLDEN EAGLE,APRIL INTERNATIONAL ENTEPRISE PTE LTD,SINGAPORE,JAWAHARLAL NEHRU (NHAVA S,INDIA
2019,470329,MARUBENI,TANJUNG ENIM LESTARI,PANJANG,SUMATERA SELATAN,507,344439,VINDA,VINDA PAPER (LIAONING) CO LTD,CHINA (MAINLAND),YINGKOU,CHINA (MAINLAND)
2019,470329,ROYAL GOLDEN EAGLE,APRIL,BUATAN,RIAU,502,235837,ROYAL GOLDEN EAGLE,APRIL INTERNATIONAL ENTEPRISE PTE LTD,SINGAPORE,CHITTAGONG,BANGLADESH
2019,470329,ROYAL GOLDEN EAGLE,APRIL,BUATAN,RIAU,503,236298,ROYAL GOLDEN EAGLE,APRIL INTERNATIONAL ENTEPRISE PTE LTD,SINGAPORE,CHITTAGONG,BANGLADESH
2019,470329,ROYAL GOLDEN EAGLE,APRIL,BUATAN,RIAU,822,386521,ROYAL GOLDEN EAGLE,APRIL INTERNATIONAL ENTEPRISE PTE LTD,SINGAPORE,ABU DHABI,UNITED ARAB EMIRATES
2019,470329,ROYAL GOLDEN EAGLE,APRIL,BUATAN,RIAU,500,292185,ROYAL GOLDEN EAGLE,APRIL FAR EAST MALAYSIA SDN BHD,MALAYSIA,FUZHOU,CHINA (MAINLAND)
2019,470329,ROYAL GOLDEN EAGLE,APRIL,BUATAN,RIAU,502,293011,ROYAL GOLDEN EAGLE,APRIL FAR EAST MALAYSIA SDN BHD,MALAYSIA,FUZHOU,CHINA (MAINLAND)
2019,470329,ROYAL GOLDEN EAGLE,APRIL,BUATAN,RIAU,507,295974,ROYAL GOLDEN EAGLE,APRIL FAR EAST MALAYSIA SDN BHD,MALAYSIA,FUZHOU,CHINA (MAINLAND)
2019,470329,ROYAL GOLDEN EAGLE,APRIL,BUATAN,RIAU,38,17899,ROYAL GOLDEN EAGLE,APRIL INTERNATIONAL ENTEPRISE PTE LTD,SINGAPORE,BANGKOK,THAILAND
2019,470329,ROYAL GOLDEN EAGLE,APRIL,BUATAN,RIAU,302,141710,ROYAL GOLDEN EAGLE,APRIL INTERNATIONAL ENTEPRISE PTE LTD,SINGAPORE,BANGKOK,THAILAND
2019,470329,ROYAL GOLDEN EAGLE,APRIL,BUATAN,RIAU,502,293327,ROYAL GOLDEN EAGLE,APRIL FAR EAST MALAYSIA SDN BHD,MALAYSIA,FUZHOU,CHINA (MAINLAND)
2019,470329,ROYAL GOLDEN EAGLE,APRIL,BUATAN,RIAU,502,293291,ROYAL GOLDEN EAGLE,APRIL FAR EAST MALAYSIA SDN BHD,MALAYSIA,FUZHOU,CHINA (MAINLAND)
2019,470329,ROYAL GOLDEN EAGLE,APRIL,BUATAN,RIAU,201,94471,ROYAL GOLDEN EAGLE,APRIL INTERNATIONAL ENTEPRISE PTE LTD,SINGAPORE,JAWAHARLAL NEHRU (NHAVA S,INDIA
2019,470329,ROYAL GOLDEN EAGLE,APRIL,BUATAN,RIAU,502,236153,ROYAL GOLDEN EAGLE,APRIL INTERNATIONAL ENTEPRISE PTE LTD,SINGAPORE,CHITTAGONG,BANGLADESH
2019,470329,ROYAL GOLDEN EAGLE,APRIL,BUATAN,RIAU,503,293951,ROYAL GOLDEN EAGLE,APRIL FAR EAST MALAYSIA SDN BHD,MALAYSIA,FUZHOU,CHINA (MAINLAND)
2019,470329,ROYAL GOLDEN EAGLE,APRIL,BUATAN,RIAU,503,293864,ROYAL GOLDEN EAGLE,APRIL FAR EAST MALAYSIA SDN BHD,MALAYSIA,FUZHOU,CHINA (MAINLAND)
2019,470329,ROYAL GOLDEN EAGLE,APRIL,BUATAN,RIAU,302,141873,ROYAL GOLDEN EAGLE,APRIL INTERNATIONAL ENTEPRISE PTE LTD,SINGAPORE,BANGKOK,THAILAND
2019,470329,MARUBENI,TANJUNG ENIM LESTARI,PANJANG,SUMATERA SELATAN,491,305481,UNKNOWN AFFILIATION,THAI PAPER CO LTD,THAILAND,LAT KRABANG,THAILAND
2019,470329,ROYAL GOLDEN EAGLE,APRIL,BUATAN,RIAU,504,294488,ROYAL GOLDEN EAGLE,APRIL FAR EAST MALAYSIA SDN BHD,MALAYSIA,JIUJIANG,CHINA (MAINLAND)
2019,470329,SINAR MAS,OKI,SULTAN MAHMUD BADARUDDIN (U),SUMATERA SELATAN,1000,635000,UNKNOWN AFFILIATION,BRIGHTENING SKY CO LTD,CHINA (HONG KONG),CHANGSHU,CHINA (MAINLAND)
2019,470329,ROYAL GOLDEN EAGLE,APRIL,BUATAN,RIAU,484,282598,ROYAL GOLDEN EAGLE,APRIL FAR EAST MALAYSIA SDN BHD,MALAYSIA,FUZHOU,CHINA (MAINLAND)
2019,470329,MARUBENI,TANJUNG ENIM LESTARI,PANJANG,SUMATERA SELATAN,298,179659,UNKNOWN AFFILIATION,THE EASTERN INDUSTRIAL CO LTD,THAILAND,LAT KRABANG,THAILAND
2019,470329,MARUBENI,TANJUNG ENIM LESTARI,PANJANG,SUMATERA SELATAN,105,62730,ANKIT,ANKIT PULPS AND BOARDS PVT LTD,INDIA,NAGPUR,INDIA
2019,470329,SINAR MAS,OKI,SULTAN MAHMUD BADARUDDIN (U),SUMATERA SELATAN,2400,1524000,UNKNOWN AFFILIATION,FREELAND UNIVERSAL LTD,CHINA (HONG KONG),CHANGSHU,CHINA (MAINLAND)
2019,470329,ROYAL GOLDEN EAGLE,APRIL,BUATAN,RIAU,501,292608,ROYAL GOLDEN EAGLE,APRIL FAR EAST MALAYSIA SDN BHD,MALAYSIA,JIUJIANG,CHINA (MAINLAND)
2019,470329,SINAR MAS,OKI,SULTAN MAHMUD BADARUDDIN (U),SUMATERA SELATAN,4900,3111500,SINAR MAS,GOLDEN PROFIT TRADING PTE LTD,SINGAPORE,CHANGSHU,CHINA (MAINLAND)
2019,470329,MARUBENI,TANJUNG ENIM LESTARI,PANJANG,SUMATERA SELATAN,108,62980,UNKNOWN AFFILIATION,VECHEM ORGANICS PVT LTD,INDIA,REWARI,INDIA
2019,470329,SINAR MAS,LONTAR PAPYRUS,KUALA TUNGKAL,JAMBI,1004,669856,SINAR MAS,GOLDEN PROFIT TRADING PTE LTD,SINGAPORE,HAZIRA,INDIA
2019,470329,ROYAL GOLDEN EAGLE,APRIL,BUATAN,RIAU,505,294852,ROYAL GOLDEN EAGLE,APRIL FAR EAST MALAYSIA SDN BHD,MALAYSIA,JIUJIANG,CHINA (MAINLAND)
2019,470329,SINAR MAS,OKI,SULTAN MAHMUD BADARUDDIN (U),SUMATERA SELATAN,3000,1905000,UNKNOWN AFFILIATION,FREELAND UNIVERSAL LTD,CHINA (HONG KONG),CHANGSHU,CHINA (MAINLAND)
2019,470329,ROYAL GOLDEN EAGLE,APRIL,BUATAN,RIAU,503,236190,ROYAL GOLDEN EAGLE,APRIL INTERNATIONAL ENTEPRISE PTE LTD,SINGAPORE,CHITTAGONG,BANGLADESH
2019,470329,SINAR MAS,INDAH KIAT,PERAWANG,RIAU,500,319890,CREATIVE,CREATIVE PAPER MILLS LTD,BANGLADESH,CHITTAGONG,BANGLADESH
2019,470329,SINAR MAS,INDAH KIAT,PERAWANG,RIAU,40,27224,SINAR MAS,GOLDEN PROFIT TRADING PTE LTD,SINGAPORE,AD DAMMAM,SAUDI ARABIA
2019,470329,ROYAL GOLDEN EAGLE,APRIL,BUATAN,RIAU,503,236221,ROYAL GOLDEN EAGLE,APRIL INTERNATIONAL ENTEPRISE PTE LTD,SINGAPORE,CHITTAGONG,BANGLADESH
2019,470329,MARUBENI,TANJUNG ENIM LESTARI,TARAHAN,SUMATERA SELATAN,2999,1694955,UNKNOWN AFFILIATION,OVERSEAS RESOURCES CO LTD,CHINA (HONG KONG),CHANGSHU,CHINA (MAINLAND)
2019,470329,MARUBENI,TANJUNG ENIM LESTARI,TARAHAN,SUMATERA SELATAN,3001,1667138,JIANGHE PAPER,HENAN JIANGHE PAPER CO LTD,CHINA (MAINLAND),QINGDAO,CHINA (MAINLAND)
2019,470329,MARUBENI,TANJUNG ENIM LESTARI,TARAHAN,SUMATERA SELATAN,3119,1732672,JIANGHE PAPER,HENAN JIANGHE PAPER CO LTD,CHINA (MAINLAND),QINGDAO,CHINA (MAINLAND)
2019,470329,ROYAL GOLDEN EAGLE,APRIL,BUATAN,RIAU,201,94579,ROYAL GOLDEN EAGLE,APRIL INTERNATIONAL ENTEPRISE PTE LTD,SINGAPORE,PIPAVAV (VICTOR) PORT,INDIA
2019,470329,ROYAL GOLDEN EAGLE,APRIL,BUATAN,RIAU,503,236196,ROYAL GOLDEN EAGLE,APRIL INTERNATIONAL ENTEPRISE PTE LTD,SINGAPORE,CHITTAGONG,BANGLADESH
2019,470329,SINAR MAS,INDAH KIAT,PERAWANG,RIAU,500,319890,CREATIVE,CREATIVE PAPER MILLS LTD,BANGLADESH,CHITTAGONG,BANGLADESH
2019,470329,ROYAL GOLDEN EAGLE,APRIL,BUATAN,RIAU,503,236317,ROYAL GOLDEN EAGLE,APRIL INTERNATIONAL ENTEPRISE PTE LTD,SINGAPORE,CHITTAGONG,BANGLADESH
2019,470329,MARUBENI,TANJUNG ENIM LESTARI,PANJANG,SUMATERA SELATAN,996,618437,VINDA,VINDA PAPER (ZHEJIANG) CO LTD,CHINA (MAINLAND),NINGBO,CHINA (MAINLAND)
2019,470329,ROYAL GOLDEN EAGLE,APRIL,BUATAN,RIAU,502,293153,ROYAL GOLDEN EAGLE,APRIL FAR EAST MALAYSIA SDN BHD,MALAYSIA,FUZHOU,CHINA (MAINLAND)
2019,470329,MARUBENI,TANJUNG ENIM LESTARI,PANJANG,SUMATERA SELATAN,995,585979,VINDA,VINDA PERSONAL CARE (CHINA) LTD,CHINA (MAINLAND),WUHAN,CHINA (MAINLAND)
2019,470329,ROYAL GOLDEN EAGLE,APRIL,BUATAN,RIAU,502,236070,ROYAL GOLDEN EAGLE,APRIL INTERNATIONAL ENTEPRISE PTE LTD,SINGAPORE,CHITTAGONG,BANGLADESH
2019,470329,ROYAL GOLDEN EAGLE,APRIL,BUATAN,RIAU,502,293112,ROYAL GOLDEN EAGLE,APRIL FAR EAST MALAYSIA SDN BHD,MALAYSIA,FUZHOU,CHINA (MAINLAND)
2019,470329,ROYAL GOLDEN EAGLE,APRIL,BUATAN,RIAU,502,236022,ROYAL GOLDEN EAGLE,APRIL INTERNATIONAL ENTEPRISE PTE LTD,SINGAPORE,ABU DHABI,UNITED ARAB EMIRATES
2019,470329,ROYAL GOLDEN EAGLE,APRIL,BUATAN,RIAU,100,47231,ROYAL GOLDEN EAGLE,APRIL INTERNATIONAL ENTEPRISE PTE LTD,SINGAPORE,PIPAVAV (VICTOR) PORT,INDIA
2019,470329,SINAR MAS,OKI,SULTAN MAHMUD BADARUDDIN (U),SUMATERA SELATAN,5020,3111145,SINAR MAS,GOLDEN PROFIT TRADING PTE LTD,SINGAPORE,GUNSAN (ES KUNSAN),SOUTH KOREA
2019,470329,SINAR MAS,OKI,SULTAN MAHMUD BADARUDDIN (U),SUMATERA SELATAN,1500,947625,UNKNOWN AFFILIATION,BRIGHTENING SKY CO LTD,CHINA (HONG KONG),CHANGSHU,CHINA (MAINLAND)
2019,470329,SINAR MAS,OKI,SULTAN MAHMUD BADARUDDIN (U),SUMATERA SELATAN,3500,2211125,UNKNOWN AFFILIATION,FREELAND UNIVERSAL LTD,CHINA (HONG KONG),CHANGSHU,CHINA (MAINLAND)
2019,470329,SINAR MAS,LONTAR PAPYRUS,KUALA TUNGKAL,JAMBI,1003,669394,SINAR MAS,GOLDEN PROFIT TRADING PTE LTD,SINGAPORE,HAZIRA,INDIA
2019,470329,ROYAL GOLDEN EAGLE,APRIL,BUATAN,RIAU,502,236139,ROYAL GOLDEN EAGLE,APRIL INTERNATIONAL ENTEPRISE PTE LTD,SINGAPORE,QINGDAO,CHINA (MAINLAND)
2019,470329,ROYAL GOLDEN EAGLE,APRIL,BUATAN,RIAU,282,132377,ROYAL GOLDEN EAGLE,APRIL INTERNATIONAL ENTEPRISE PTE LTD,SINGAPORE,KARACHI,PAKISTAN
2019,470329,ROYAL GOLDEN EAGLE,APRIL,BUATAN,RIAU,502,236133,ROYAL GOLDEN EAGLE,APRIL INTERNATIONAL ENTEPRISE PTE LTD,SINGAPORE,CHITTAGONG,BANGLADESH
2019,470329,ROYAL GOLDEN EAGLE,APRIL,BUATAN,RIAU,101,47287,ROYAL GOLDEN EAGLE,APRIL INTERNATIONAL ENTEPRISE PTE LTD,SINGAPORE,ANKLESHWAR,INDIA
2019,470329,ROYAL GOLDEN EAGLE,APRIL,BUATAN,RIAU,201,94378,ROYAL GOLDEN EAGLE,APRIL INTERNATIONAL ENTEPRISE PTE LTD,SINGAPORE,MUNDRA,INDIA
2019,470329,ROYAL GOLDEN EAGLE,APRIL,BUATAN,RIAU,141,66161,ROYAL GOLDEN EAGLE,APRIL INTERNATIONAL ENTEPRISE PTE LTD,SINGAPORE,TUGLAKABAD,INDIA
2019,470329,ROYAL GOLDEN EAGLE,APRIL,BUATAN,RIAU,121,56759,ROYAL GOLDEN EAGLE,APRIL INTERNATIONAL ENTEPRISE PTE LTD,SINGAPORE,KARACHI,PAKISTAN
2019,470329,MARUBENI,TANJUNG ENIM LESTARI,PANJANG,SUMATERA SELATAN,512,298681,VINDA,VINDA PAPER (SI CHUAN) CO LTD,CHINA (MAINLAND),CHONGQING,CHINA (MAINLAND)
2019,470329,ROYAL GOLDEN EAGLE,APRIL,BUATAN,RIAU,503,236428,ROYAL GOLDEN EAGLE,APRIL INTERNATIONAL ENTEPRISE PTE LTD,SINGAPORE,HAIPHONG,VIETNAM
2019,470329,ROYAL GOLDEN EAGLE,APRIL,BUATAN,RIAU,1042,489684,ROYAL GOLDEN EAGLE,APRIL INTERNATIONAL ENTEPRISE PTE LTD,SINGAPORE,JEDDAH,SAUDI ARABIA
2019,470329,ROYAL GOLDEN EAGLE,APRIL,BUATAN,RIAU,60,28398,ROYAL GOLDEN EAGLE,APRIL INTERNATIONAL ENTEPRISE PTE LTD,SINGAPORE,MUNDRA,INDIA
2019,470329,MARUBENI,TANJUNG ENIM LESTARI,PANJANG,SUMATERA SELATAN,509,312630,EMAMI,EMAMI PAPER MILLS LTD,INDIA,HALDIA,INDIA
2019,470329,ROYAL GOLDEN EAGLE,APRIL,FUTONG,RIAU,14571,6848473,ROYAL GOLDEN EAGLE,APRIL INTERNATIONAL ENTEPRISE PTE LTD,SINGAPORE,LIMAS,TURKEY
2019,470329,SINAR MAS,INDAH KIAT,PERAWANG,RIAU,96,61061,SINAR MAS,GOLDEN PROFIT TRADING PTE LTD,SINGAPORE,TAICHUNG,TAIWAN
2019,470329,MARUBENI,TANJUNG ENIM LESTARI,PANJANG,SUMATERA SELATAN,493,291848,VINDA,VINDA PAPER NORTH (BEIJING) CO LTD,CHINA (MAINLAND),XINGANG,CHINA (MAINLAND)
2019,470329,ROYAL GOLDEN EAGLE,APRIL,FUTONG,RIAU,6482,3046689,ROYAL GOLDEN EAGLE,APRIL INTERNATIONAL ENTEPRISE PTE LTD,SINGAPORE,MERSIN,TURKEY
2019,470329,ROYAL GOLDEN EAGLE,APRIL,FUTONG,RIAU,6980,3280762,ROYAL GOLDEN EAGLE,APRIL INTERNATIONAL ENTEPRISE PTE LTD,SINGAPORE,SOKHNA PORT,EGYPT
2019,470329,ROYAL GOLDEN EAGLE,APRIL,BUATAN,RIAU,100,47178,ROYAL GOLDEN EAGLE,APRIL INTERNATIONAL ENTEPRISE PTE LTD,SINGAPORE,PIPAVAV (VICTOR) PORT,INDIA
2019,470329,MARUBENI,TANJUNG ENIM LESTARI,PANJANG,SUMATERA SELATAN,497,325590,UNKNOWN AFFILIATION,PUDUMJEE PAPER PRODUCTS LTD,INDIA,JAWAHARLAL NEHRU (NHAVA S,INDIA
2019,470329,ROYAL GOLDEN EAGLE,APRIL,FUTONG,RIAU,503,236241,ROYAL GOLDEN EAGLE,APRIL INTERNATIONAL ENTEPRISE PTE LTD,SINGAPORE,MERSIN,TURKEY
2019,470329,MARUBENI,TANJUNG ENIM LESTARI,PANJANG,SUMATERA SELATAN,507,300466,BJC,BERLI JUCKER CELLOX LTD,THAILAND,LAT KRABANG,THAILAND
2019,470329,MARUBENI,TANJUNG ENIM LESTARI,TARAHAN,SUMATERA SELATAN,50,32169,NIPPON PAPER,LINTEC CORP,JAPAN,IYOMISHIMA,JAPAN
2019,470329,MARUBENI,TANJUNG ENIM LESTARI,TARAHAN,SUMATERA SELATAN,50,33572,NIPPON PAPER,LINTEC CORP,JAPAN,IYOMISHIMA,JAPAN
2019,470329,MARUBENI,TANJUNG ENIM LESTARI,TARAHAN,SUMATERA SELATAN,501,322304,MARUBENI,MARUBENI CORP,JAPAN,IYOMISHIMA,JAPAN
2019,470329,MARUBENI,TANJUNG ENIM LESTARI,TARAHAN,SUMATERA SELATAN,1065,591822,UNKNOWN AFFILIATION,TRICELL (HK) LTD,CHINA (HONG KONG),NANSHA,CHINA (MAINLAND)
2019,470329,ROYAL GOLDEN EAGLE,APRIL,BUATAN,RIAU,543,255055,ROYAL GOLDEN EAGLE,APRIL INTERNATIONAL ENTEPRISE PTE LTD,SINGAPORE,KARACHI,PAKISTAN
2019,470329,MARUBENI,TANJUNG ENIM LESTARI,PANJANG,SUMATERA SELATAN,106,62110,UNKNOWN AFFILIATION,VECHEM ORGANICS PVT LTD,INDIA,REWARI,INDIA
2019,470329,SINAR MAS,LONTAR PAPYRUS,KUALA TUNGKAL,JAMBI,240,147618,SINAR MAS,GOLDEN PROFIT TRADING PTE LTD,SINGAPORE,GARHI HARSARU,INDIA
2019,470329,MARUBENI,TANJUNG ENIM LESTARI,TARAHAN,SUMATERA SELATAN,1598,887991,UNKNOWN AFFILIATION,TRICELL (HK) LTD,CHINA (HONG KONG),NANSHA,CHINA (MAINLAND)
2019,470329,MARUBENI,TANJUNG ENIM LESTARI,TARAHAN,SUMATERA SELATAN,961,534251,UNKNOWN AFFILIATION,TRICELL (HK) LTD,CHINA (HONG KONG),NANSHA,CHINA (MAINLAND)
2019,470329,MARUBENI,TANJUNG ENIM LESTARI,PANJANG,SUMATERA SELATAN,105,61589,UNKNOWN AFFILIATION,VECHEM ORGANICS PVT LTD,INDIA,NAGPUR,INDIA
2019,470329,MARUBENI,TANJUNG ENIM LESTARI,TARAHAN,SUMATERA SELATAN,700,423479,NIPPON PAPER,NIPPON PAPER INDUSTRIES CO LTD,JAPAN,IYOMISHIMA,JAPAN
2019,470329,MARUBENI,TANJUNG ENIM LESTARI,TARAHAN,SUMATERA SELATAN,699,470125,MARUBENI,MARUBENI CORP,JAPAN,IYOMISHIMA,JAPAN
2019,470329,MARUBENI,TANJUNG ENIM LESTARI,TARAHAN,SUMATERA SELATAN,960,533882,UNKNOWN AFFILIATION,TRICELL (HK) LTD,CHINA (HONG KONG),NANSHA,CHINA (MAINLAND)
2019,470329,MARUBENI,TANJUNG ENIM LESTARI,TARAHAN,SUMATERA SELATAN,961,533932,UNKNOWN AFFILIATION,TRICELL (HK) LTD,CHINA (HONG KONG),NANSHA,CHINA (MAINLAND)
2019,470329,MARUBENI,TANJUNG ENIM LESTARI,TARAHAN,SUMATERA SELATAN,300,201359,MARUBENI,MARUBENI CORP,JAPAN,IYOMISHIMA,JAPAN
2019,470329,MARUBENI,TANJUNG ENIM LESTARI,TARAHAN,SUMATERA SELATAN,500,321779,MARUBENI,MARUBENI CORP,JAPAN,IYOMISHIMA,JAPAN
2019,470329,MARUBENI,TANJUNG ENIM LESTARI,TARAHAN,SUMATERA SELATAN,1597,887828,UNKNOWN AFFILIATION,TRICELL (HK) LTD,CHINA (HONG KONG),NANSHA,CHINA (MAINLAND)
2019,470329,SINAR MAS,LONTAR PAPYRUS,KUALA TUNGKAL,JAMBI,501,313089,SINAR MAS,GOLDEN PROFIT TRADING PTE LTD,SINGAPORE,DALIAN,CHINA (MAINLAND)
2019,470329,ROYAL GOLDEN EAGLE,APRIL,BUATAN,RIAU,262,122949,ROYAL GOLDEN EAGLE,APRIL INTERNATIONAL ENTEPRISE PTE LTD,SINGAPORE,KARACHI,PAKISTAN
2019,470329,ROYAL GOLDEN EAGLE,APRIL,BUATAN,RIAU,503,236325,ROYAL GOLDEN EAGLE,APRIL INTERNATIONAL ENTEPRISE PTE LTD,SINGAPORE,CHITTAGONG,BANGLADESH
2019,470329,SINAR MAS,LONTAR PAPYRUS,KUALA TUNGKAL,JAMBI,502,313621,SINAR MAS,GOLDEN PROFIT TRADING PTE LTD,SINGAPORE,DALIAN,CHINA (MAINLAND)
2019,470329,SINAR MAS,LONTAR PAPYRUS,KUALA TUNGKAL,JAMBI,502,313720,SINAR MAS,GOLDEN PROFIT TRADING PTE LTD,SINGAPORE,DALIAN,CHINA (MAINLAND)
2019,470329,ROYAL GOLDEN EAGLE,APRIL,BUATAN,RIAU,502,236127,ROYAL GOLDEN EAGLE,APRIL INTERNATIONAL ENTEPRISE PTE LTD,SINGAPORE,CHITTAGONG,BANGLADESH
2019,470329,ROYAL GOLDEN EAGLE,APRIL,BUATAN,RIAU,402,189087,ROYAL GOLDEN EAGLE,APRIL INTERNATIONAL ENTEPRISE PTE LTD,SINGAPORE,PIPAVAV (VICTOR) PORT,INDIA
2019,470329,ROYAL GOLDEN EAGLE,APRIL,BUATAN,RIAU,543,255174,ROYAL GOLDEN EAGLE,APRIL INTERNATIONAL ENTEPRISE PTE LTD,SINGAPORE,KARACHI,PAKISTAN
2019,470329,ROYAL GOLDEN EAGLE,APRIL,BUATAN,RIAU,201,94509,ROYAL GOLDEN EAGLE,APRIL INTERNATIONAL ENTEPRISE PTE LTD,SINGAPORE,MUNDRA,INDIA
2019,470329,ROYAL GOLDEN EAGLE,APRIL,BUATAN,RIAU,201,94412,ROYAL GOLDEN EAGLE,APRIL INTERNATIONAL ENTEPRISE PTE LTD,SINGAPORE,PIPAVAV (VICTOR) PORT,INDIA
2019,470329,MARUBENI,TANJUNG ENIM LESTARI,TARAHAN,SUMATERA SELATAN,951,585013,HONG WON,HONG WON PAPER MFG CO LTD,SOUTH KOREA,PYONGTAEK,SOUTH KOREA
2019,470329,MARUBENI,TANJUNG ENIM LESTARI,TARAHAN,SUMATERA SELATAN,6,3573,UNKNOWN AFFILIATION,SAMWHA PAPER CO LTD,SOUTH KOREA,PYONGTAEK,SOUTH KOREA
2019,470329,MARUBENI,TANJUNG ENIM LESTARI,TARAHAN,SUMATERA SELATAN,951,585092,HONG WON,HONG WON PAPER MFG CO LTD,SOUTH KOREA,PYONGTAEK,SOUTH KOREA
2019,470329,MARUBENI,TANJUNG ENIM LESTARI,TARAHAN,SUMATERA SELATAN,476,292724,HONG WON,HONG WON PAPER MFG CO LTD,SOUTH KOREA,PYONGTAEK,SOUTH KOREA
2019,470329,MARUBENI,TANJUNG ENIM LESTARI,PANJANG,SUMATERA SELATAN,507,282016,VINDA,VINDA PAPER (LIAONING) CO LTD,CHINA (MAINLAND),YINGKOU,CHINA (MAINLAND)
2019,470329,MARUBENI,TANJUNG ENIM LESTARI,TARAHAN,SUMATERA SELATAN,451,276376,HANSOL,HANSOL PAPER CO LTD,SOUTH KOREA,PYONGTAEK,SOUTH KOREA
2019,470329,MARUBENI,TANJUNG ENIM LESTARI,TARAHAN,SUMATERA SELATAN,952,633066,HONG WON,HONG WON PAPER MFG CO LTD,SOUTH KOREA,PYONGTAEK,SOUTH KOREA
2019,470329,MARUBENI,TANJUNG ENIM LESTARI,TARAHAN,SUMATERA SELATAN,452,299800,HANSOL,HANSOL PAPER CO LTD,SOUTH KOREA,PYONGTAEK,SOUTH KOREA
2019,470329,SINAR MAS,INDAH KIAT,PERAWANG,RIAU,140,89241,SINAR MAS,GOLDEN PROFIT TRADING PTE LTD,SINGAPORE,TAICHUNG,TAIWAN
2019,470329,MARUBENI,TANJUNG ENIM LESTARI,TARAHAN,SUMATERA SELATAN,181,111039,HONG WON,HONG WON PAPER MFG CO LTD,SOUTH KOREA,PYONGTAEK,SOUTH KOREA
2019,470329,MARUBENI,TANJUNG ENIM LESTARI,TARAHAN,SUMATERA SELATAN,1802,1115522,HANKUK,HANKUK PAPER MFG CO LTD,SOUTH KOREA,ULSAN,SOUTH KOREA
2019,470329,MARUBENI,TANJUNG ENIM LESTARI,TARAHAN,SUMATERA SELATAN,182,120951,HONG WON,HONG WON PAPER MFG CO LTD,SOUTH KOREA,PYONGTAEK,SOUTH KOREA
2019,470329,ROYAL GOLDEN EAGLE,APRIL,BUATAN,RIAU,503,236403,ROYAL GOLDEN EAGLE,APRIL INTERNATIONAL ENTEPRISE PTE LTD,SINGAPORE,CHITTAGONG,BANGLADESH
2019,470329,MARUBENI,TANJUNG ENIM LESTARI,TARAHAN,SUMATERA SELATAN,271,181517,HANSOL,HANSOL PAPER CO LTD,SOUTH KOREA,PYONGTAEK,SOUTH KOREA
2019,470329,MARUBENI,TANJUNG ENIM LESTARI,TARAHAN,SUMATERA SELATAN,1802,1205248,HANKUK,HANKUK PAPER MFG CO LTD,SOUTH KOREA,ULSAN,SOUTH KOREA
2019,470329,MARUBENI,TANJUNG ENIM LESTARI,TARAHAN,SUMATERA SELATAN,571,379630,HONG WON,HONG WON PAPER MFG CO LTD,SOUTH KOREA,PYONGTAEK,SOUTH KOREA
2019,470329,MARUBENI,TANJUNG ENIM LESTARI,TARAHAN,SUMATERA SELATAN,272,168034,HANSOL,HANSOL PAPER CO LTD,SOUTH KOREA,PYONGTAEK,SOUTH KOREA
2019,470329,MARUBENI,TANJUNG ENIM LESTARI,TARAHAN,SUMATERA SELATAN,952,632559,HONG WON,HONG WON PAPER MFG CO LTD,SOUTH KOREA,PYONGTAEK,SOUTH KOREA
2019,470329,SINAR MAS,OKI,SULTAN MAHMUD BADARUDDIN (U),SUMATERA SELATAN,2000,1267000,UNKNOWN AFFILIATION,FREELAND UNIVERSAL LTD,CHINA (HONG KONG),CHANGSHU,CHINA (MAINLAND)
2019,470329,SINAR MAS,OKI,SULTAN MAHMUD BADARUDDIN (U),SUMATERA SELATAN,5000,3152500,SINAR MAS,GOLDEN PROFIT TRADING PTE LTD,SINGAPORE,ZHENJIANG,CHINA (MAINLAND)
2019,470329,SINAR MAS,OKI,SULTAN MAHMUD BADARUDDIN (U),SUMATERA SELATAN,3400,2136900,UNKNOWN AFFILIATION,BRIGHTENING SKY CO LTD,CHINA (HONG KONG),CHANGSHU,CHINA (MAINLAND)
2019,470329,MARUBENI,TANJUNG ENIM LESTARI,PANJANG,SUMATERA SELATAN,193,122072,MARUBENI,MARUBENI CORP,JAPAN,SHIMIZU,JAPAN
2019,470329,SINAR MAS,OKI,SULTAN MAHMUD BADARUDDIN (U),SUMATERA SELATAN,3100,1963850,SINAR MAS,GOLDEN PROFIT TRADING PTE LTD,SINGAPORE,CHANGSHU,CHINA (MAINLAND)
2019,470329,MARUBENI,TANJUNG ENIM LESTARI,PANJANG,SUMATERA SELATAN,486,288547,UNKNOWN AFFILIATION,WEST COAST PAPER MILLS LTD,INDIA,JAWAHARLAL NEHRU (NHAVA S,INDIA
2019,470329,MARUBENI,TANJUNG ENIM LESTARI,PANJANG,SUMATERA SELATAN,19,12280,MARUBENI,MARUBENI CORP,JAPAN,OSAKA,JAPAN
2019,470329,SINAR MAS,INDAH KIAT,PERAWANG,RIAU,1008,640248,SINAR MAS,GOLDEN PROFIT TRADING PTE LTD,SINGAPORE,HAIPHONG,VIETNAM
2019,470329,MARUBENI,TANJUNG ENIM LESTARI,PANJANG,SUMATERA SELATAN,700,407421,ITC,ITC LTD - PAPERBOARDS & SPECIALTY PAPERS DIVSION,INDIA,HALDIA,INDIA
2019,470329,MARUBENI,TANJUNG ENIM LESTARI,PANJANG,SUMATERA SELATAN,96,60713,MARUBENI,MARUBENI CORP,JAPAN,SHIMIZU,JAPAN
2019,470329,ROYAL GOLDEN EAGLE,APRIL,BUATAN,RIAU,503,236223,ROYAL GOLDEN EAGLE,APRIL INTERNATIONAL ENTEPRISE PTE LTD,SINGAPORE,HUANGPU,CHINA (MAINLAND)
2019,470329,MARUBENI,TANJUNG ENIM LESTARI,PANJANG,SUMATERA SELATAN,296,171335,ITC,ITC LTD - PAPERBOARDS & SPECIALTY PAPERS DIVSION,INDIA,HALDIA,INDIA
2019,470329,SINAR MAS,INDAH KIAT,PERAWANG,RIAU,340,235191,UNKNOWN AFFILIATION,EKMAN PULP AND PAPER LTD,CHINA (HONG KONG),SHUAIBA,KUWAIT
2019,470329,SINAR MAS,INDAH KIAT,PERAWANG,RIAU,400,276695,UNKNOWN AFFILIATION,EKMAN PULP AND PAPER LTD,CHINA (HONG KONG),SHUAIBA,KUWAIT
2019,470329,MARUBENI,TANJUNG ENIM LESTARI,PANJANG,SUMATERA SELATAN,514,302950,UNKNOWN AFFILIATION,WEST COAST PAPER MILLS LTD,INDIA,JAWAHARLAL NEHRU (NHAVA S,INDIA
2019,470329,ROYAL GOLDEN EAGLE,APRIL,BUATAN,RIAU,41,17442,ROYAL GOLDEN EAGLE,APRIL INTERNATIONAL ENTEPRISE PTE LTD,SINGAPORE,JAWAHARLAL NEHRU (NHAVA S,INDIA
2019,470329,SINAR MAS,LONTAR PAPYRUS,KUALA TUNGKAL,JAMBI,503,335625,SINAR MAS,GOLDEN PROFIT TRADING PTE LTD,SINGAPORE,HAZIRA,INDIA
2019,470329,ROYAL GOLDEN EAGLE,APRIL,BUATAN,RIAU,60,25859,ROYAL GOLDEN EAGLE,APRIL INTERNATIONAL ENTEPRISE PTE LTD,SINGAPORE,JAWAHARLAL NEHRU (NHAVA S,INDIA
2019,470329,SINAR MAS,LONTAR PAPYRUS,KUALA TUNGKAL,JAMBI,501,334498,SINAR MAS,GOLDEN PROFIT TRADING PTE LTD,SINGAPORE,HAZIRA,INDIA
2019,470329,SINAR MAS,OKI,SULTAN MAHMUD BADARUDDIN (U),SUMATERA SELATAN,3200,2017600,UNKNOWN AFFILIATION,FREELAND UNIVERSAL LTD,CHINA (HONG KONG),ZHENJIANG,CHINA (MAINLAND)
2019,470329,SINAR MAS,OKI,SULTAN MAHMUD BADARUDDIN (U),SUMATERA SELATAN,6600,4207500,UNKNOWN AFFILIATION,FREELAND UNIVERSAL LTD,CHINA (HONG KONG),YANGPU,CHINA (MAINLAND)
2019,470329,SINAR MAS,OKI,SULTAN MAHMUD BADARUDDIN (U),SUMATERA SELATAN,200,126100,SINAR MAS,GOLDEN PROFIT TRADING PTE LTD,SINGAPORE,ZHENJIANG,CHINA (MAINLAND)
2019,470329,SINAR MAS,OKI,SULTAN MAHMUD BADARUDDIN (U),SUMATERA SELATAN,2000,1340000,SINAR MAS,GOLDEN PROFIT TRADING PTE LTD,SINGAPORE,CHITTAGONG,BANGLADESH
2019,470329,SINAR MAS,OKI,SULTAN MAHMUD BADARUDDIN (U),SUMATERA SELATAN,1500,1005000,SINAR MAS,GOLDEN PROFIT TRADING PTE LTD,SINGAPORE,CHITTAGONG,BANGLADESH
2019,470329,SINAR MAS,OKI,SULTAN MAHMUD BADARUDDIN (U),SUMATERA SELATAN,2250,1507500,SINAR MAS,GOLDEN PROFIT TRADING PTE LTD,SINGAPORE,CHITTAGONG,BANGLADESH
2019,470329,SINAR MAS,OKI,SULTAN MAHMUD BADARUDDIN (U),SUMATERA SELATAN,2250,1507500,SINAR MAS,GOLDEN PROFIT TRADING PTE LTD,SINGAPORE,CHITTAGONG,BANGLADESH
2019,470329,SINAR MAS,OKI,SULTAN MAHMUD BADARUDDIN (U),SUMATERA SELATAN,500,335000,SINAR MAS,GOLDEN PROFIT TRADING PTE LTD,SINGAPORE,CHITTAGONG,BANGLADESH
2019,470329,SINAR MAS,OKI,SULTAN MAHMUD BADARUDDIN (U),SUMATERA SELATAN,1500,1005000,SINAR MAS,GOLDEN PROFIT TRADING PTE LTD,SINGAPORE,CHITTAGONG,BANGLADESH
2019,470329,ROYAL GOLDEN EAGLE,APRIL,BUATAN,RIAU,72,31099,ROYAL GOLDEN EAGLE,APRIL INTERNATIONAL ENTEPRISE PTE LTD,SINGAPORE,TAOYUAN,TAIWAN
2019,470329,ROYAL GOLDEN EAGLE,APRIL,BUATAN,RIAU,503,236338,ROYAL GOLDEN EAGLE,APRIL INTERNATIONAL ENTEPRISE PTE LTD,SINGAPORE,CHITTAGONG,BANGLADESH
2019,470329,ROYAL GOLDEN EAGLE,APRIL,BUATAN,RIAU,502,216071,ROYAL GOLDEN EAGLE,APRIL INTERNATIONAL ENTEPRISE PTE LTD,SINGAPORE,CHITTAGONG,BANGLADESH
2019,470329,MARUBENI,TANJUNG ENIM LESTARI,PANJANG,SUMATERA SELATAN,512,295792,ITC,ITC LTD - PAPERBOARDS & SPECIALTY PAPERS DIVSION,INDIA,HALDIA,INDIA
2019,470329,SINAR MAS,OKI,SULTAN MAHMUD BADARUDDIN (U),SUMATERA SELATAN,1500,945750,CHINA UNION,CHINA UNION (MACAO COMMERCIAL OFFSHORE) CO LTD,MACAO,ZHENJIANG,CHINA (MAINLAND)
2019,470329,SINAR MAS,OKI,SULTAN MAHMUD BADARUDDIN (U),SUMATERA SELATAN,5000,3152500,CHINA UNION,CHINA UNION (MACAO COMMERCIAL OFFSHORE) CO LTD,MACAO,ZHENJIANG,CHINA (MAINLAND)
2019,470329,ROYAL GOLDEN EAGLE,APRIL,BUATAN,RIAU,199,85498,ROYAL GOLDEN EAGLE,APRIL INTERNATIONAL ENTEPRISE PTE LTD,SINGAPORE,SOUTHAMPTON,UNITED KINGDOM
2019,470329,MARUBENI,TANJUNG ENIM LESTARI,PANJANG,SUMATERA SELATAN,511,303012,UNKNOWN AFFILIATION,WEST COAST PAPER MILLS LTD,INDIA,JAWAHARLAL NEHRU (NHAVA S,INDIA
2019,470329,SINAR MAS,OKI,SULTAN MAHMUD BADARUDDIN (U),SUMATERA SELATAN,2000,1267000,CHINA UNION,CHINA UNION (MACAO COMMERCIAL OFFSHORE) CO LTD,MACAO,CHANGSHU,CHINA (MAINLAND)
2019,470329,MARUBENI,TANJUNG ENIM LESTARI,PANJANG,SUMATERA SELATAN,516,291047,VINDA,VINDA PAPER (SI CHUAN) CO LTD,CHINA (MAINLAND),CHONGQING,CHINA (MAINLAND)
2019,470329,SINAR MAS,LONTAR PAPYRUS,KUALA TUNGKAL,JAMBI,141,95740,SINAR MAS,GOLDEN PROFIT TRADING PTE LTD,SINGAPORE,CAT LAI,VIETNAM
2019,470329,ROYAL GOLDEN EAGLE,APRIL,BUATAN,RIAU,60,25968,ROYAL GOLDEN EAGLE,APRIL INTERNATIONAL ENTEPRISE PTE LTD,SINGAPORE,ANKLESHWAR,INDIA
2019,470329,SINAR MAS,OKI,SULTAN MAHMUD BADARUDDIN (U),SUMATERA SELATAN,5000,3152500,CHINA UNION,CHINA UNION (MACAO COMMERCIAL OFFSHORE) CO LTD,MACAO,ZHENJIANG,CHINA (MAINLAND)
2019,470329,ROYAL GOLDEN EAGLE,APRIL,BUATAN,RIAU,503,216139,ROYAL GOLDEN EAGLE,APRIL INTERNATIONAL ENTEPRISE PTE LTD,SINGAPORE,PUNE,INDIA
2019,470329,MARUBENI,TANJUNG ENIM LESTARI,PANJANG,SUMATERA SELATAN,509,356474,ASALEO,ASALEO CARE AUSTRALIA PTY LTD,AUSTRALIA,MELBOURNE,AUSTRALIA
2019,470329,MARUBENI,TANJUNG ENIM LESTARI,PANJANG,SUMATERA SELATAN,405,241914,UNKNOWN AFFILIATION,PUDUMJEE PAPER PRODUCTS LTD,INDIA,JAWAHARLAL NEHRU (NHAVA S,INDIA
2019,470329,SINAR MAS,LONTAR PAPYRUS,KUALA TUNGKAL,JAMBI,140,95669,SINAR MAS,GOLDEN PROFIT TRADING PTE LTD,SINGAPORE,CAT LAI,VIETNAM
2019,470329,MARUBENI,TANJUNG ENIM LESTARI,PANJANG,SUMATERA SELATAN,1006,576831,VINDA,VINDA PAPER (ZHEJIANG) CO LTD,CHINA (MAINLAND),NINGBO,CHINA (MAINLAND)
2019,470329,ROYAL GOLDEN EAGLE,APRIL,BUATAN,RIAU,301,129620,ROYAL GOLDEN EAGLE,APRIL INTERNATIONAL ENTEPRISE PTE LTD,SINGAPORE,BANGKOK,THAILAND
2019,470329,ROYAL GOLDEN EAGLE,APRIL,BUATAN,RIAU,60,25949,ROYAL GOLDEN EAGLE,APRIL INTERNATIONAL ENTEPRISE PTE LTD,SINGAPORE,CHENNAI (EX MADRAS),INDIA
2019,470329,ROYAL GOLDEN EAGLE,APRIL,BUATAN,RIAU,40,17284,ROYAL GOLDEN EAGLE,APRIL INTERNATIONAL ENTEPRISE PTE LTD,SINGAPORE,CHENNAI (EX MADRAS),INDIA
2019,470329,ROYAL GOLDEN EAGLE,APRIL,BUATAN,RIAU,193,82960,ROYAL GOLDEN EAGLE,APRIL INTERNATIONAL ENTEPRISE PTE LTD,SINGAPORE,HAMBURG,GERMANY
2019,470329,ROYAL GOLDEN EAGLE,APRIL,BUATAN,RIAU,502,215995,ROYAL GOLDEN EAGLE,APRIL INTERNATIONAL ENTEPRISE PTE LTD,SINGAPORE,CHITTAGONG,BANGLADESH
2019,470329,ROYAL GOLDEN EAGLE,APRIL,BUATAN,RIAU,201,86464,ROYAL GOLDEN EAGLE,APRIL INTERNATIONAL ENTEPRISE PTE LTD,SINGAPORE,BANGKOK,THAILAND
2019,470329,SINAR MAS,OKI,SULTAN MAHMUD BADARUDDIN (U),SUMATERA SELATAN,3000,1899000,SINAR MAS,GOLDEN PROFIT TRADING PTE LTD,SINGAPORE,QINZHOU,CHINA (MAINLAND)
2019,470329,MARUBENI,TANJUNG ENIM LESTARI,PANJANG,SUMATERA SELATAN,1010,594388,VINDA,VINDA PERSONAL CARE (CHINA) LTD,CHINA (MAINLAND),WUHAN,CHINA (MAINLAND)
2019,470329,SINAR MAS,OKI,SULTAN MAHMUD BADARUDDIN (U),SUMATERA SELATAN,3600,2260800,UNKNOWN AFFILIATION,SUZHOU GUANBAO TRADING LTD,CHINA (MAINLAND),CHANGSHU,CHINA (MAINLAND)
2019,470329,MARUBENI,TANJUNG ENIM LESTARI,PANJANG,SUMATERA SELATAN,107,62701,UNKNOWN AFFILIATION,VECHEM ORGANICS PVT LTD,INDIA,NAGPUR,INDIA
2019,470329,ROYAL GOLDEN EAGLE,APRIL,BUATAN,RIAU,100,43208,ROYAL GOLDEN EAGLE,APRIL INTERNATIONAL ENTEPRISE PTE LTD,SINGAPORE,TUTICORIN,INDIA
2019,470329,MARUBENI,TANJUNG ENIM LESTARI,PANJANG,SUMATERA SELATAN,491,281477,ITC,ITC LTD - PAPERBOARDS & SPECIALTY PAPERS DIVSION,INDIA,HALDIA,INDIA
2019,470329,SINAR MAS,OKI,SULTAN MAHMUD BADARUDDIN (U),SUMATERA SELATAN,4700,2951600,UNKNOWN AFFILIATION,BRIGHTENING SKY CO LTD,CHINA (HONG KONG),CHANGSHU,CHINA (MAINLAND)
2019,470329,ROYAL GOLDEN EAGLE,APRIL,BUATAN,RIAU,502,216023,ROYAL GOLDEN EAGLE,APRIL INTERNATIONAL ENTEPRISE PTE LTD,SINGAPORE,CHITTAGONG,BANGLADESH
2019,470329,ROYAL GOLDEN EAGLE,APRIL,BUATAN,RIAU,502,216066,ROYAL GOLDEN EAGLE,APRIL INTERNATIONAL ENTEPRISE PTE LTD,SINGAPORE,WESTPORT/PORT KLANG,MALAYSIA
2019,470329,ROYAL GOLDEN EAGLE,APRIL,FUTONG,RIAU,1809,777833,ROYAL GOLDEN EAGLE,APRIL INTERNATIONAL ENTEPRISE PTE LTD,SINGAPORE,CHANGSHU,CHINA (MAINLAND)
2019,470329,SINAR MAS,OKI,SULTAN MAHMUD BADARUDDIN (U),SUMATERA SELATAN,2000,1275000,SINAR MAS,GOLDEN PROFIT TRADING PTE LTD,SINGAPORE,HALDIA,INDIA
2019,470329,SINAR MAS,INDAH KIAT,PERAWANG,RIAU,500,340012,SINAR MAS,GOLDEN PROFIT TRADING PTE LTD,SINGAPORE,AD DAMMAM,SAUDI ARABIA
2019,470329,SINAR MAS,OKI,SULTAN MAHMUD BADARUDDIN (U),SUMATERA SELATAN,2000,1275000,SINAR MAS,GOLDEN PROFIT TRADING PTE LTD,SINGAPORE,HALDIA,INDIA
2019,470329,ROYAL GOLDEN EAGLE,APRIL,BUATAN,RIAU,40,17249,ROYAL GOLDEN EAGLE,APRIL INTERNATIONAL ENTEPRISE PTE LTD,SINGAPORE,JAWAHARLAL NEHRU (NHAVA S,INDIA
2019,470329,SINAR MAS,OKI,SULTAN MAHMUD BADARUDDIN (U),SUMATERA SELATAN,2000,1275000,SINAR MAS,GOLDEN PROFIT TRADING PTE LTD,SINGAPORE,HALDIA,INDIA
2019,470329,SINAR MAS,INDAH KIAT,PERAWANG,RIAU,500,340012,SINAR MAS,GOLDEN PROFIT TRADING PTE LTD,SINGAPORE,AD DAMMAM,SAUDI ARABIA
2019,470329,ROYAL GOLDEN EAGLE,APRIL,FUTONG,RIAU,4923,2116757,ROYAL GOLDEN EAGLE,APRIL FAR EAST MALAYSIA SDN BHD,MALAYSIA,GUNSAN (ES KUNSAN),SOUTH KOREA
2019,470329,SINAR MAS,INDAH KIAT,PERAWANG,RIAU,300,180453,KISAGUN,AVORTEX LTD,UNITED KINGDOM,YILPORT,TURKEY
2019,470329,ROYAL GOLDEN EAGLE,APRIL,FUTONG,RIAU,3215,1382516,ROYAL GOLDEN EAGLE,APRIL FAR EAST MALAYSIA SDN BHD,MALAYSIA,PYONGTAEK,SOUTH KOREA
2019,470329,ROYAL GOLDEN EAGLE,APRIL,BUATAN,RIAU,502,216032,ROYAL GOLDEN EAGLE,APRIL INTERNATIONAL ENTEPRISE PTE LTD,SINGAPORE,CHITTAGONG,BANGLADESH
2019,470329,ROYAL GOLDEN EAGLE,APRIL,BUATAN,RIAU,1004,431634,ROYAL GOLDEN EAGLE,APRIL INTERNATIONAL ENTEPRISE PTE LTD,SINGAPORE,HAIPHONG,VIETNAM
2019,470329,SINAR MAS,OKI,SULTAN MAHMUD BADARUDDIN (U),SUMATERA SELATAN,10000,6300000,UNKNOWN AFFILIATION,SUZHOU GUANBAO TRADING LTD,CHINA (MAINLAND),YANGPU,CHINA (MAINLAND)
2019,470329,SINAR MAS,OKI,SULTAN MAHMUD BADARUDDIN (U),SUMATERA SELATAN,2900,1832800,UNKNOWN AFFILIATION,FREELAND UNIVERSAL LTD,CHINA (HONG KONG),ZHENJIANG,CHINA (MAINLAND)
2019,470329,SINAR MAS,OKI,SULTAN MAHMUD BADARUDDIN (U),SUMATERA SELATAN,8500,5372000,SINAR MAS,GOLDEN PROFIT TRADING PTE LTD,SINGAPORE,ZHENJIANG,CHINA (MAINLAND)
2019,470329,ROYAL GOLDEN EAGLE,APRIL,BUATAN,RIAU,121,56745,ROYAL GOLDEN EAGLE,APRIL INTERNATIONAL ENTEPRISE PTE LTD,SINGAPORE,TUGLAKABAD,INDIA
2019,470329,SINAR MAS,INDAH KIAT,PERAWANG,RIAU,500,300401,KISAGUN,AVORTEX LTD,UNITED KINGDOM,ISKENDERUN,TURKEY
2019,470329,SINAR MAS,INDAH KIAT,PERAWANG,RIAU,200,120160,KISAGUN,AVORTEX LTD,UNITED KINGDOM,ISKENDERUN,TURKEY
2019,470329,ROYAL GOLDEN EAGLE,APRIL,BUATAN,RIAU,201,86426,ROYAL GOLDEN EAGLE,APRIL INTERNATIONAL ENTEPRISE PTE LTD,SINGAPORE,TUTICORIN,INDIA
2019,470329,ROYAL GOLDEN EAGLE,APRIL,FUTONG,RIAU,6028,2591846,ROYAL GOLDEN EAGLE,APRIL INTERNATIONAL ENTEPRISE PTE LTD,SINGAPORE,KAKINADA,INDIA
2019,470329,ROYAL GOLDEN EAGLE,APRIL,BUATAN,RIAU,503,216127,ROYAL GOLDEN EAGLE,APRIL INTERNATIONAL ENTEPRISE PTE LTD,SINGAPORE,CHITTAGONG,BANGLADESH
2019,470329,ROYAL GOLDEN EAGLE,APRIL,BUATAN,RIAU,201,86381,ROYAL GOLDEN EAGLE,APRIL INTERNATIONAL ENTEPRISE PTE LTD,SINGAPORE,BANGKOK,THAILAND
2019,470329,ROYAL GOLDEN EAGLE,APRIL,BUATAN,RIAU,501,215624,ROYAL GOLDEN EAGLE,APRIL INTERNATIONAL ENTEPRISE PTE LTD,SINGAPORE,CHITTAGONG,BANGLADESH
2019,470329,ROYAL GOLDEN EAGLE,APRIL,BUATAN,RIAU,301,129485,ROYAL GOLDEN EAGLE,APRIL INTERNATIONAL ENTEPRISE PTE LTD,SINGAPORE,CHITTAGONG,BANGLADESH
2019,470329,ROYAL GOLDEN EAGLE,APRIL,BUATAN,RIAU,198,85346,ROYAL GOLDEN EAGLE,APRIL INTERNATIONAL ENTEPRISE PTE LTD,SINGAPORE,EL ISKANDARIYA (= ALEXAND,EGYPT
2019,470329,MARUBENI,TANJUNG ENIM LESTARI,PANJANG,SUMATERA SELATAN,491,281955,ITC,ITC LTD - PAPERBOARDS & SPECIALTY PAPERS DIVSION,INDIA,HALDIA,INDIA
2019,470329,ROYAL GOLDEN EAGLE,APRIL,BUATAN,RIAU,502,215723,ROYAL GOLDEN EAGLE,APRIL INTERNATIONAL ENTEPRISE PTE LTD,SINGAPORE,WESTPORT/PORT KLANG,MALAYSIA
2019,470329,SINAR MAS,OKI,SULTAN MAHMUD BADARUDDIN (U),SUMATERA SELATAN,10000,6300000,CHINA UNION,CHINA UNION (MACAO COMMERCIAL OFFSHORE) CO LTD,MACAO,ZHENJIANG,CHINA (MAINLAND)
2019,470329,ROYAL GOLDEN EAGLE,APRIL,BUATAN,RIAU,1004,431641,ROYAL GOLDEN EAGLE,APRIL INTERNATIONAL ENTEPRISE PTE LTD,SINGAPORE,HAIPHONG,VIETNAM
2019,470329,MARUBENI,TANJUNG ENIM LESTARI,PANJANG,SUMATERA SELATAN,407,232055,UNKNOWN AFFILIATION,YUEN FOONG YU INVESTMENT CO LTD,CHINA (MAINLAND),YANGZHOU,CHINA (MAINLAND)
2019,470329,SINAR MAS,LONTAR PAPYRUS,KUALA TUNGKAL,JAMBI,161,109771,SINAR MAS,GOLDEN PROFIT TRADING PTE LTD,SINGAPORE,CAT LAI,VIETNAM
2019,470329,SINAR MAS,LONTAR PAPYRUS,KUALA TUNGKAL,JAMBI,497,305823,SINAR MAS,GOLDEN PROFIT TRADING PTE LTD,SINGAPORE,PIPAVAV (VICTOR) PORT,INDIA
2019,470329,SINAR MAS,LONTAR PAPYRUS,KUALA TUNGKAL,JAMBI,502,308883,SINAR MAS,GOLDEN PROFIT TRADING PTE LTD,SINGAPORE,PIPAVAV (VICTOR) PORT,INDIA
2019,470329,ROYAL GOLDEN EAGLE,APRIL,BUATAN,RIAU,502,235829,ROYAL GOLDEN EAGLE,APRIL INTERNATIONAL ENTEPRISE PTE LTD,SINGAPORE,CHITTAGONG,BANGLADESH
2019,470329,ROYAL GOLDEN EAGLE,APRIL,BUATAN,RIAU,201,86267,ROYAL GOLDEN EAGLE,APRIL INTERNATIONAL ENTEPRISE PTE LTD,SINGAPORE,MUNDRA,INDIA
2019,470329,SINAR MAS,LONTAR PAPYRUS,KUALA TUNGKAL,JAMBI,301,189146,SINAR MAS,GOLDEN PROFIT TRADING PTE LTD,SINGAPORE,PENANG (GEORGETOWN),MALAYSIA
2019,470329,SINAR MAS,INDAH KIAT,PERAWANG,RIAU,500,317094,CHINA UNION,CHINA UNION (MACAO COMMERCIAL OFFSHORE) CO LTD,MACAO,CHANGSHU,CHINA (MAINLAND)
2019,470329,SINAR MAS,LONTAR PAPYRUS,KUALA TUNGKAL,JAMBI,498,306554,SINAR MAS,GOLDEN PROFIT TRADING PTE LTD,SINGAPORE,PIPAVAV (VICTOR) PORT,INDIA
2019,470329,SINAR MAS,LONTAR PAPYRUS,KUALA TUNGKAL,JAMBI,160,101140,SINAR MAS,GOLDEN PROFIT TRADING PTE LTD,SINGAPORE,CAT LAI,VIETNAM
2019,470329,ROYAL GOLDEN EAGLE,APRIL,BUATAN,RIAU,200,94198,ROYAL GOLDEN EAGLE,APRIL INTERNATIONAL ENTEPRISE PTE LTD,SINGAPORE,MUNDRA,INDIA
2019,470329,MARUBENI,TANJUNG ENIM LESTARI,PANJANG,SUMATERA SELATAN,982,563937,VINDA,VINDA PAPER (ZHEJIANG) CO LTD,CHINA (MAINLAND),NINGBO,CHINA (MAINLAND)
2019,470329,SINAR MAS,INDAH KIAT,PERAWANG,RIAU,240,153588,SINAR MAS,GOLDEN PROFIT TRADING PTE LTD,SINGAPORE,KAOHSIUNG,TAIWAN
2019,470329,ROYAL GOLDEN EAGLE,APRIL,BUATAN,RIAU,201,94279,ROYAL GOLDEN EAGLE,APRIL INTERNATIONAL ENTEPRISE PTE LTD,SINGAPORE,PIPAVAV (VICTOR) PORT,INDIA
2019,470329,SINAR MAS,LONTAR PAPYRUS,KUALA TUNGKAL,JAMBI,501,308057,SINAR MAS,GOLDEN PROFIT TRADING PTE LTD,SINGAPORE,PIPAVAV (VICTOR) PORT,INDIA
2019,470329,SINAR MAS,OKI,SULTAN MAHMUD BADARUDDIN (U),SUMATERA SELATAN,500,336500,SINAR MAS,GOLDEN PROFIT TRADING PTE LTD,SINGAPORE,HAIPHONG,VIETNAM
2019,470329,MARUBENI,TANJUNG ENIM LESTARI,PANJANG,SUMATERA SELATAN,191,119802,UNKNOWN AFFILIATION,NBP KWALITY CHEMICAL INDUSTRIES LTD,BANGLADESH,CHITTAGONG,BANGLADESH
2019,470329,SINAR MAS,OKI,SULTAN MAHMUD BADARUDDIN (U),SUMATERA SELATAN,500,311500,SINAR MAS,GOLDEN PROFIT TRADING PTE LTD,SINGAPORE,HAIPHONG,VIETNAM
2019,470329,MARUBENI,TANJUNG ENIM LESTARI,PANJANG,SUMATERA SELATAN,107,63026,UNKNOWN AFFILIATION,PUDUMJEE PAPER PRODUCTS LTD,INDIA,JAWAHARLAL NEHRU (NHAVA S,INDIA
2019,470329,MARUBENI,TANJUNG ENIM LESTARI,PANJANG,SUMATERA SELATAN,190,123538,ITTIHAD PAPER MILL,CROWN PAPER MILLS LTD,UNITED ARAB EMIRATES,ABU DHABI,UNITED ARAB EMIRATES
2019,470329,SINAR MAS,OKI,SULTAN MAHMUD BADARUDDIN (U),SUMATERA SELATAN,1500,934500,SINAR MAS,GOLDEN PROFIT TRADING PTE LTD,SINGAPORE,HAIPHONG,VIETNAM
2019,470329,SINAR MAS,OKI,SULTAN MAHMUD BADARUDDIN (U),SUMATERA SELATAN,1000,623000,SINAR MAS,GOLDEN PROFIT TRADING PTE LTD,SINGAPORE,HAIPHONG,VIETNAM
2019,470329,MARUBENI,TANJUNG ENIM LESTARI,PANJANG,SUMATERA SELATAN,492,280034,VINDA,VINDA PERSONAL CARE (CHINA) LTD,CHINA (MAINLAND),WUHAN,CHINA (MAINLAND)
2019,470329,SINAR MAS,OKI,SULTAN MAHMUD BADARUDDIN (U),SUMATERA SELATAN,1000,623000,SINAR MAS,GOLDEN PROFIT TRADING PTE LTD,SINGAPORE,HAIPHONG,VIETNAM
2019,470329,SINAR MAS,OKI,SULTAN MAHMUD BADARUDDIN (U),SUMATERA SELATAN,500,311500,SINAR MAS,GOLDEN PROFIT TRADING PTE LTD,SINGAPORE,HAIPHONG,VIETNAM
2019,470329,MARUBENI,TANJUNG ENIM LESTARI,PANJANG,SUMATERA SELATAN,493,317461,ITTIHAD PAPER MILL,CROWN PAPER MILLS LTD,UNITED ARAB EMIRATES,ABU DHABI,UNITED ARAB EMIRATES
2019,470329,MARUBENI,TANJUNG ENIM LESTARI,PANJANG,SUMATERA SELATAN,491,284243,VINDA,VINDA PAPER NORTH (BEIJING) CO LTD,CHINA (MAINLAND),XINGANG,CHINA (MAINLAND)
2019,470329,MARUBENI,TANJUNG ENIM LESTARI,PANJANG,SUMATERA SELATAN,107,63691,ANKIT,ANKIT PULPS AND BOARDS PVT LTD,INDIA,NAGPUR,INDIA
2019,470329,ROYAL GOLDEN EAGLE,APRIL,BUATAN,RIAU,502,216015,ROYAL GOLDEN EAGLE,APRIL INTERNATIONAL ENTEPRISE PTE LTD,SINGAPORE,CHITTAGONG,BANGLADESH
2019,470329,ROYAL GOLDEN EAGLE,APRIL,BUATAN,RIAU,503,216109,ROYAL GOLDEN EAGLE,APRIL INTERNATIONAL ENTEPRISE PTE LTD,SINGAPORE,CHITTAGONG,BANGLADESH
2019,470329,ROYAL GOLDEN EAGLE,APRIL,BUATAN,RIAU,397,170906,ROYAL GOLDEN EAGLE,APRIL INTERNATIONAL ENTEPRISE PTE LTD,SINGAPORE,EL ISKANDARIYA (= ALEXAND,EGYPT
2019,470329,MARUBENI,TANJUNG ENIM LESTARI,PANJANG,SUMATERA SELATAN,106,64717,UNKNOWN AFFILIATION,VECHEM ORGANICS PVT LTD,INDIA,REWARI,INDIA
2019,470329,ROYAL GOLDEN EAGLE,APRIL,BUATAN,RIAU,502,215869,ROYAL GOLDEN EAGLE,APRIL INTERNATIONAL ENTEPRISE PTE LTD,SINGAPORE,CHITTAGONG,BANGLADESH
2019,470329,MARUBENI,TANJUNG ENIM LESTARI,PANJANG,SUMATERA SELATAN,494,316775,UNKNOWN AFFILIATION,KUANTUM PAPERS LTD,INDIA,LUDHIANA,INDIA
2019,470329,ROYAL GOLDEN EAGLE,APRIL,BUATAN,RIAU,302,129724,ROYAL GOLDEN EAGLE,APRIL INTERNATIONAL ENTEPRISE PTE LTD,SINGAPORE,BANGKOK,THAILAND
2019,470329,ROYAL GOLDEN EAGLE,APRIL,BUATAN,RIAU,502,215966,ROYAL GOLDEN EAGLE,APRIL INTERNATIONAL ENTEPRISE PTE LTD,SINGAPORE,QINGDAO,CHINA (MAINLAND)
2019,470329,ROYAL GOLDEN EAGLE,APRIL,BUATAN,RIAU,201,86217,ROYAL GOLDEN EAGLE,APRIL INTERNATIONAL ENTEPRISE PTE LTD,SINGAPORE,BANGKOK,THAILAND
2019,470329,MARUBENI,TANJUNG ENIM LESTARI,PANJANG,SUMATERA SELATAN,645,367268,UNKNOWN AFFILIATION,YUEN FOONG YU CONSUMER PRODUCTS CO LTD,CHINA (MAINLAND),YANGZHOU,CHINA (MAINLAND)
2019,470329,SINAR MAS,INDAH KIAT,PERAWANG,RIAU,500,340012,SINAR MAS,GOLDEN PROFIT TRADING PTE LTD,SINGAPORE,AD DAMMAM,SAUDI ARABIA
2019,470329,ROYAL GOLDEN EAGLE,APRIL,BUATAN,RIAU,1005,432061,ROYAL GOLDEN EAGLE,APRIL INTERNATIONAL ENTEPRISE PTE LTD,SINGAPORE,HUANGPU,CHINA (MAINLAND)
2019,470329,MARUBENI,TANJUNG ENIM LESTARI,PANJANG,SUMATERA SELATAN,494,281415,VINDA,VINDA PERSONAL CARE (CHINA) LTD,CHINA (MAINLAND),WUHAN,CHINA (MAINLAND)
2019,470329,ROYAL GOLDEN EAGLE,APRIL,BUATAN,RIAU,502,215948,ROYAL GOLDEN EAGLE,APRIL INTERNATIONAL ENTEPRISE PTE LTD,SINGAPORE,JAWAHARLAL NEHRU (NHAVA S,INDIA
2019,470329,ROYAL GOLDEN EAGLE,APRIL,BUATAN,RIAU,201,86494,ROYAL GOLDEN EAGLE,APRIL INTERNATIONAL ENTEPRISE PTE LTD,SINGAPORE,HAIPHONG,VIETNAM
2019,470329,ROYAL GOLDEN EAGLE,APRIL,BUATAN,RIAU,502,235890,ROYAL GOLDEN EAGLE,APRIL INTERNATIONAL ENTEPRISE PTE LTD,SINGAPORE,CHITTAGONG,BANGLADESH
2019,470329,ROYAL GOLDEN EAGLE,APRIL,BUATAN,RIAU,503,216106,ROYAL GOLDEN EAGLE,APRIL INTERNATIONAL ENTEPRISE PTE LTD,SINGAPORE,CHITTAGONG,BANGLADESH
2019,470329,MARUBENI,TANJUNG ENIM LESTARI,PANJANG,SUMATERA SELATAN,686,408343,UNKNOWN AFFILIATION,HOA LOI TRADING CO LTD,VIETNAM,HAIPHONG,VIETNAM
2019,470329,ROYAL GOLDEN EAGLE,APRIL,BUATAN,RIAU,502,216032,ROYAL GOLDEN EAGLE,APRIL INTERNATIONAL ENTEPRISE PTE LTD,SINGAPORE,CHITTAGONG,BANGLADESH
2019,470329,SINAR MAS,INDAH KIAT,PERAWANG,RIAU,144,90728,SINAR MAS,GOLDEN PROFIT TRADING PTE LTD,SINGAPORE,TAICHUNG,TAIWAN
2019,470329,MARUBENI,TANJUNG ENIM LESTARI,PANJANG,SUMATERA SELATAN,191,111735,UNKNOWN AFFILIATION,YUEN FOONG YU CONSUMER PRODUCTS CO LTD,TAIWAN,TAICHUNG,TAIWAN
2019,470329,ROYAL GOLDEN EAGLE,APRIL,BUATAN,RIAU,502,215977,ROYAL GOLDEN EAGLE,APRIL INTERNATIONAL ENTEPRISE PTE LTD,SINGAPORE,CHITTAGONG,BANGLADESH
2019,470329,MARUBENI,TANJUNG ENIM LESTARI,PANJANG,SUMATERA SELATAN,195,122090,UNKNOWN AFFILIATION,NBP KWALITY CHEMICAL INDUSTRIES LTD,BANGLADESH,CHITTAGONG,BANGLADESH
2019,470329,ROYAL GOLDEN EAGLE,APRIL,BUATAN,RIAU,1005,432328,ROYAL GOLDEN EAGLE,APRIL INTERNATIONAL ENTEPRISE PTE LTD,SINGAPORE,HAIPHONG,VIETNAM
2019,470329,SINAR MAS,OKI,SULTAN MAHMUD BADARUDDIN (U),SUMATERA SELATAN,18000,11295000,SINAR MAS,GOLDEN PROFIT TRADING PTE LTD,SINGAPORE,GUNSAN (ES KUNSAN),SOUTH KOREA
2019,470329,ROYAL GOLDEN EAGLE,APRIL,BUATAN,RIAU,502,215934,ROYAL GOLDEN EAGLE,APRIL INTERNATIONAL ENTEPRISE PTE LTD,SINGAPORE,CHITTAGONG,BANGLADESH
2019,470329,ROYAL GOLDEN EAGLE,APRIL,BUATAN,RIAU,201,86364,ROYAL GOLDEN EAGLE,APRIL INTERNATIONAL ENTEPRISE PTE LTD,SINGAPORE,TUTICORIN,INDIA
2019,470329,SINAR MAS,OKI,SULTAN MAHMUD BADARUDDIN (U),SUMATERA SELATAN,2030,1273825,SINAR MAS,GOLDEN PROFIT TRADING PTE LTD,SINGAPORE,GUNSAN (ES KUNSAN),SOUTH KOREA
2019,470329,MARUBENI,TANJUNG ENIM LESTARI,PANJANG,SUMATERA SELATAN,108,65492,UNKNOWN AFFILIATION,VECHEM ORGANICS PVT LTD,INDIA,REWARI,INDIA
2019,470329,MARUBENI,TANJUNG ENIM LESTARI,PANJANG,SUMATERA SELATAN,108,64011,UNKNOWN AFFILIATION,NB ENTREPRENEURS,INDIA,NAGPUR,INDIA
2019,470329,SINAR MAS,LONTAR PAPYRUS,KUALA TUNGKAL,JAMBI,300,188676,SINAR MAS,GOLDEN PROFIT TRADING PTE LTD,SINGAPORE,PENANG (GEORGETOWN),MALAYSIA
2019,470329,MARUBENI,TANJUNG ENIM LESTARI,PANJANG,SUMATERA SELATAN,105,63782,UNKNOWN AFFILIATION,VECHEM ORGANICS PVT LTD,INDIA,REWARI,INDIA
2019,470329,SINAR MAS,LONTAR PAPYRUS,KUALA TUNGKAL,JAMBI,1004,626887,UNKNOWN AFFILIATION,FREELAND UNIVERSAL LTD,CHINA (HONG KONG),DALIAN,CHINA (MAINLAND)
2019,470329,MARUBENI,TANJUNG ENIM LESTARI,PANJANG,SUMATERA SELATAN,684,409409,UNKNOWN AFFILIATION,HOA LOI TRADING CO LTD,VIETNAM,HAIPHONG,VIETNAM
2019,470329,SINAR MAS,INDAH KIAT,PERAWANG,RIAU,100,63744,SINAR MAS,GOLDEN PROFIT TRADING PTE LTD,SINGAPORE,TAICHUNG,TAIWAN
2019,470329,ROYAL GOLDEN EAGLE,APRIL,BUATAN,RIAU,241,103618,ROYAL GOLDEN EAGLE,APRIL INTERNATIONAL ENTEPRISE PTE LTD,SINGAPORE,LUDHIANA,INDIA
2019,470329,ROYAL GOLDEN EAGLE,APRIL,BUATAN,RIAU,1005,432147,ROYAL GOLDEN EAGLE,APRIL INTERNATIONAL ENTEPRISE PTE LTD,SINGAPORE,JAWAHARLAL NEHRU (NHAVA S,INDIA
2019,470329,SINAR MAS,LONTAR PAPYRUS,KUALA TUNGKAL,JAMBI,462,290997,SINAR MAS,GOLDEN PROFIT TRADING PTE LTD,SINGAPORE,LAT KRABANG,THAILAND
2019,470329,ROYAL GOLDEN EAGLE,APRIL,BUATAN,RIAU,100,43190,ROYAL GOLDEN EAGLE,APRIL INTERNATIONAL ENTEPRISE PTE LTD,SINGAPORE,NAGPUR,INDIA
2019,470329,SINAR MAS,LONTAR PAPYRUS,KUALA TUNGKAL,JAMBI,301,190747,SINAR MAS,GOLDEN PROFIT TRADING PTE LTD,SINGAPORE,HAIPHONG,VIETNAM
2019,470329,ROYAL GOLDEN EAGLE,APRIL,BUATAN,RIAU,101,43283,ROYAL GOLDEN EAGLE,APRIL INTERNATIONAL ENTEPRISE PTE LTD,SINGAPORE,NAGPUR,INDIA
2019,470329,SINAR MAS,INDAH KIAT,PERAWANG,RIAU,200,120562,SINAR MAS,GOLDEN PROFIT TRADING PTE LTD,SINGAPORE,CAT LAI,VIETNAM
2019,470329,ROYAL GOLDEN EAGLE,APRIL,BUATAN,RIAU,302,129662,ROYAL GOLDEN EAGLE,APRIL INTERNATIONAL ENTEPRISE PTE LTD,SINGAPORE,JAWAHARLAL NEHRU (NHAVA S,INDIA
2019,470329,ROYAL GOLDEN EAGLE,APRIL,BUATAN,RIAU,101,43282,ROYAL GOLDEN EAGLE,APRIL INTERNATIONAL ENTEPRISE PTE LTD,SINGAPORE,MUNDRA,INDIA
2019,470329,ROYAL GOLDEN EAGLE,APRIL,BUATAN,RIAU,201,86395,ROYAL GOLDEN EAGLE,APRIL INTERNATIONAL ENTEPRISE PTE LTD,SINGAPORE,BANGKOK,THAILAND
2019,470329,SINAR MAS,LONTAR PAPYRUS,KUALA TUNGKAL,JAMBI,301,189593,SINAR MAS,GOLDEN PROFIT TRADING PTE LTD,SINGAPORE,LAT KRABANG,THAILAND
2019,470329,ROYAL GOLDEN EAGLE,APRIL,BUATAN,RIAU,500,215203,ROYAL GOLDEN EAGLE,APRIL INTERNATIONAL ENTEPRISE PTE LTD,SINGAPORE,PUNE,INDIA
2019,470329,SINAR MAS,OKI,SULTAN MAHMUD BADARUDDIN (U),SUMATERA SELATAN,625,372238,UNKNOWN AFFILIATION,LEACONFIELD CAPITAL PTE LTD,SINGAPORE,JEBEL ALI,UNITED ARAB EMIRATES
2019,470329,SINAR MAS,OKI,SULTAN MAHMUD BADARUDDIN (U),SUMATERA SELATAN,625,372238,UNKNOWN AFFILIATION,LEACONFIELD CAPITAL PTE LTD,SINGAPORE,JEBEL ALI,UNITED ARAB EMIRATES
2019,470329,MARUBENI,TANJUNG ENIM LESTARI,TARAHAN,SUMATERA SELATAN,1025,691884,VINDA,VINDA PAPER (CHINA) CO LTD,CHINA (MAINLAND),NANSHA,CHINA (MAINLAND)
2019,470329,SINAR MAS,OKI,SULTAN MAHMUD BADARUDDIN (U),SUMATERA SELATAN,625,372238,UNKNOWN AFFILIATION,LEACONFIELD CAPITAL PTE LTD,SINGAPORE,JEBEL ALI,UNITED ARAB EMIRATES
2019,470329,SINAR MAS,OKI,SULTAN MAHMUD BADARUDDIN (U),SUMATERA SELATAN,2000,1259285,DRAGON CROWN HOLDINGS,DRAGON CROWN (HK) TRADING LTD,CHINA (HONG KONG),CHANGSHU,CHINA (MAINLAND)
2019,470329,ROYAL GOLDEN EAGLE,APRIL,BUATAN,RIAU,301,129522,ROYAL GOLDEN EAGLE,APRIL INTERNATIONAL ENTEPRISE PTE LTD,SINGAPORE,ZHAPU,CHINA (MAINLAND)
2019,470329,SINAR MAS,OKI,SULTAN MAHMUD BADARUDDIN (U),SUMATERA SELATAN,625,372238,UNKNOWN AFFILIATION,LEACONFIELD CAPITAL PTE LTD,SINGAPORE,JEBEL ALI,UNITED ARAB EMIRATES
2019,470329,SINAR MAS,OKI,SULTAN MAHMUD BADARUDDIN (U),SUMATERA SELATAN,625,372238,UNKNOWN AFFILIATION,LEACONFIELD CAPITAL PTE LTD,SINGAPORE,JEBEL ALI,UNITED ARAB EMIRATES
2019,470329,SINAR MAS,OKI,SULTAN MAHMUD BADARUDDIN (U),SUMATERA SELATAN,597,355562,UNKNOWN AFFILIATION,LEACONFIELD CAPITAL PTE LTD,SINGAPORE,JEBEL ALI,UNITED ARAB EMIRATES
2019,470329,SINAR MAS,LONTAR PAPYRUS,KUALA TUNGKAL,JAMBI,241,148249,SINAR MAS,GOLDEN PROFIT TRADING PTE LTD,SINGAPORE,PIPAVAV (VICTOR) PORT,INDIA
2019,470329,SINAR MAS,OKI,SULTAN MAHMUD BADARUDDIN (U),SUMATERA SELATAN,4100,2603500,UNKNOWN AFFILIATION,BRIGHTENING SKY CO LTD,CHINA (HONG KONG),CHANGSHU,CHINA (MAINLAND)
2019,470329,SINAR MAS,OKI,SULTAN MAHMUD BADARUDDIN (U),SUMATERA SELATAN,1000,630000,UNKNOWN AFFILIATION,SUZHOU GUANBAO TRADING LTD,CHINA (MAINLAND),CHANGSHU,CHINA (MAINLAND)
2019,470329,SINAR MAS,OKI,SULTAN MAHMUD BADARUDDIN (U),SUMATERA SELATAN,625,372238,UNKNOWN AFFILIATION,LEACONFIELD CAPITAL PTE LTD,SINGAPORE,JEBEL ALI,UNITED ARAB EMIRATES
2019,470329,SINAR MAS,OKI,SULTAN MAHMUD BADARUDDIN (U),SUMATERA SELATAN,625,372238,UNKNOWN AFFILIATION,LEACONFIELD CAPITAL PTE LTD,SINGAPORE,JEBEL ALI,UNITED ARAB EMIRATES
2019,470329,SINAR MAS,OKI,SULTAN MAHMUD BADARUDDIN (U),SUMATERA SELATAN,625,372238,UNKNOWN AFFILIATION,LEACONFIELD CAPITAL PTE LTD,SINGAPORE,JEBEL ALI,UNITED ARAB EMIRATES
2019,470329,SINAR MAS,OKI,SULTAN MAHMUD BADARUDDIN (U),SUMATERA SELATAN,625,372238,UNKNOWN AFFILIATION,LEACONFIELD CAPITAL PTE LTD,SINGAPORE,JEBEL ALI,UNITED ARAB EMIRATES
2019,470329,MARUBENI,TANJUNG ENIM LESTARI,TARAHAN,SUMATERA SELATAN,511,296335,VINDA,VINDA PAPER (SHANDONG) CO LTD,CHINA (MAINLAND),QINGDAO,CHINA (MAINLAND)
2019,470329,SINAR MAS,LONTAR PAPYRUS,KUALA TUNGKAL,JAMBI,743,467578,SINAR MAS,GOLDEN PROFIT TRADING PTE LTD,SINGAPORE,LAT KRABANG,THAILAND
2019,470329,SINAR MAS,OKI,SULTAN MAHMUD BADARUDDIN (U),SUMATERA SELATAN,625,372238,UNKNOWN AFFILIATION,LEACONFIELD CAPITAL PTE LTD,SINGAPORE,JEBEL ALI,UNITED ARAB EMIRATES
2019,470329,SINAR MAS,INDAH KIAT,PERAWANG,RIAU,200,127428,SINAR MAS,GOLDEN PROFIT TRADING PTE LTD,SINGAPORE,MANILA SOUTH HARBOUR,PHILIPPINES
2019,470329,SINAR MAS,OKI,SULTAN MAHMUD BADARUDDIN (U),SUMATERA SELATAN,625,372238,UNKNOWN AFFILIATION,LEACONFIELD CAPITAL PTE LTD,SINGAPORE,JEBEL ALI,UNITED ARAB EMIRATES
2019,470329,MARUBENI,TANJUNG ENIM LESTARI,TARAHAN,SUMATERA SELATAN,1021,565545,UNKNOWN AFFILIATION,KING ADVANCEMENT DEVELOPMENT (HONG KONG) LTD,CHINA (HONG KONG),QINGDAO,CHINA (MAINLAND)
2019,470329,SINAR MAS,OKI,SULTAN MAHMUD BADARUDDIN (U),SUMATERA SELATAN,625,372238,UNKNOWN AFFILIATION,LEACONFIELD CAPITAL PTE LTD,SINGAPORE,JEBEL ALI,UNITED ARAB EMIRATES
2019,470329,SINAR MAS,OKI,SULTAN MAHMUD BADARUDDIN (U),SUMATERA SELATAN,625,372238,UNKNOWN AFFILIATION,LEACONFIELD CAPITAL PTE LTD,SINGAPORE,JEBEL ALI,UNITED ARAB EMIRATES
2019,470329,SINAR MAS,OKI,SULTAN MAHMUD BADARUDDIN (U),SUMATERA SELATAN,500,314821,DRAGON CROWN HOLDINGS,DRAGON CROWN (HK) TRADING LTD,CHINA (HONG KONG),CHANGSHU,CHINA (MAINLAND)
2019,470329,MARUBENI,TANJUNG ENIM LESTARI,TARAHAN,SUMATERA SELATAN,1022,584773,VINDA,VINDA PAPER (CHINA) CO LTD,CHINA (MAINLAND),NANSHA,CHINA (MAINLAND)
2019,470329,MARUBENI,TANJUNG ENIM LESTARI,TARAHAN,SUMATERA SELATAN,769,424305,VINDA,VINDA PAPER (CHINA) CO LTD,CHINA (MAINLAND),NANSHA,CHINA (MAINLAND)
2019,470329,MARUBENI,TANJUNG ENIM LESTARI,TARAHAN,SUMATERA SELATAN,765,422154,VINDA,VINDA PAPER (CHINA) CO LTD,CHINA (MAINLAND),NANSHA,CHINA (MAINLAND)
2019,470329,MARUBENI,TANJUNG ENIM LESTARI,TARAHAN,SUMATERA SELATAN,1020,572162,VINDA,VINDA PAPER (SHANDONG) CO LTD,CHINA (MAINLAND),QINGDAO,CHINA (MAINLAND)
2019,470329,SINAR MAS,OKI,SULTAN MAHMUD BADARUDDIN (U),SUMATERA SELATAN,6000,3780000,UNKNOWN AFFILIATION,SUZHOU HUANG YI TRADE CO LTD,CHINA (MAINLAND),CHANGSHU,CHINA (MAINLAND)
2019,470329,MARUBENI,TANJUNG ENIM LESTARI,TARAHAN,SUMATERA SELATAN,1021,584506,VINDA,VINDA PAPER (CHINA) CO LTD,CHINA (MAINLAND),NANSHA,CHINA (MAINLAND)
2019,470329,ROYAL GOLDEN EAGLE,APRIL,BUATAN,RIAU,502,215934,ROYAL GOLDEN EAGLE,APRIL INTERNATIONAL ENTEPRISE PTE LTD,SINGAPORE,CHITTAGONG,BANGLADESH
2019,470329,MARUBENI,TANJUNG ENIM LESTARI,TARAHAN,SUMATERA SELATAN,1021,584175,VINDA,VINDA PAPER (CHINA) CO LTD,CHINA (MAINLAND),NANSHA,CHINA (MAINLAND)
2019,470329,SINAR MAS,OKI,SULTAN MAHMUD BADARUDDIN (U),SUMATERA SELATAN,625,372238,UNKNOWN AFFILIATION,LEACONFIELD CAPITAL PTE LTD,SINGAPORE,JEBEL ALI,UNITED ARAB EMIRATES
2019,470329,MARUBENI,TANJUNG ENIM LESTARI,TARAHAN,SUMATERA SELATAN,1021,593577,VINDA,VINDA PAPER (SHANDONG) CO LTD,CHINA (MAINLAND),QINGDAO,CHINA (MAINLAND)
2019,470329,SINAR MAS,OKI,SULTAN MAHMUD BADARUDDIN (U),SUMATERA SELATAN,3000,1890000,UNKNOWN AFFILIATION,SUZHOU GUANBAO TRADING LTD,CHINA (MAINLAND),ZHENJIANG,CHINA (MAINLAND)
2019,470329,ROYAL GOLDEN EAGLE,APRIL,FUTONG,RIAU,8040,3457124,ROYAL GOLDEN EAGLE,APRIL INTERNATIONAL ENTEPRISE PTE LTD,SINGAPORE,CHITTAGONG,BANGLADESH
2019,470329,SINAR MAS,OKI,SULTAN MAHMUD BADARUDDIN (U),SUMATERA SELATAN,3030,1908900,UNKNOWN AFFILIATION,SUZHOU GUANBAO TRADING LTD,CHINA (MAINLAND),ZHENJIANG,CHINA (MAINLAND)
2019,470329,ROYAL GOLDEN EAGLE,APRIL,BUATAN,RIAU,201,86425,ROYAL GOLDEN EAGLE,APRIL INTERNATIONAL ENTEPRISE PTE LTD,SINGAPORE,ZHAPU,CHINA (MAINLAND)
2019,470329,SINAR MAS,OKI,SULTAN MAHMUD BADARUDDIN (U),SUMATERA SELATAN,625,372238,UNKNOWN AFFILIATION,LEACONFIELD CAPITAL PTE LTD,SINGAPORE,JEBEL ALI,UNITED ARAB EMIRATES
2019,470329,SINAR MAS,OKI,SULTAN MAHMUD BADARUDDIN (U),SUMATERA SELATAN,2970,1877040,UNKNOWN AFFILIATION,BRIGHTENING SKY CO LTD,CHINA (HONG KONG),ZHENJIANG,CHINA (MAINLAND)
2019,470329,SINAR MAS,OKI,SULTAN MAHMUD BADARUDDIN (U),SUMATERA SELATAN,2500,1580000,UNKNOWN AFFILIATION,BRIGHTENING SKY CO LTD,CHINA (HONG KONG),ZHENJIANG,CHINA (MAINLAND)
2019,470329,ROYAL GOLDEN EAGLE,APRIL,BUATAN,RIAU,40,17142,ROYAL GOLDEN EAGLE,APRIL INTERNATIONAL ENTEPRISE PTE LTD,SINGAPORE,JAWAHARLAL NEHRU (NHAVA S,INDIA
2019,470329,ROYAL GOLDEN EAGLE,APRIL,BUATAN,RIAU,398,171121,ROYAL GOLDEN EAGLE,APRIL INTERNATIONAL ENTEPRISE PTE LTD,SINGAPORE,EL ISKANDARIYA (= ALEXAND,EGYPT
2019,470329,ROYAL GOLDEN EAGLE,APRIL,FUTONG,RIAU,5027,2161493,ROYAL GOLDEN EAGLE,APRIL INTERNATIONAL ENTEPRISE PTE LTD,SINGAPORE,NINGBO,CHINA (MAINLAND)
2019,470329,SINAR MAS,OKI,SULTAN MAHMUD BADARUDDIN (U),SUMATERA SELATAN,4530,2856165,UNKNOWN AFFILIATION,BRIGHTENING SKY CO LTD,CHINA (HONG KONG),ZHENJIANG,CHINA (MAINLAND)
2019,470329,SINAR MAS,OKI,SULTAN MAHMUD BADARUDDIN (U),SUMATERA SELATAN,5000,3135712,UNKNOWN AFFILIATION,SUZHOU HUANG YI TRADE CO LTD,CHINA (MAINLAND),QINGDAO,CHINA (MAINLAND)
2019,470329,ROYAL GOLDEN EAGLE,APRIL,BUATAN,RIAU,161,69222,ROYAL GOLDEN EAGLE,APRIL INTERNATIONAL ENTEPRISE PTE LTD,SINGAPORE,GEBZE,TURKEY
2019,470329,SINAR MAS,INDAH KIAT,PERAWANG,RIAU,260,160503,SINAR MAS,GOLDEN PROFIT TRADING PTE LTD,SINGAPORE,EL ISKANDARIYA (= ALEXAND,EGYPT
2019,470329,ROYAL GOLDEN EAGLE,APRIL,FUTONG,RIAU,2210,950473,ROYAL GOLDEN EAGLE,APRIL INTERNATIONAL ENTEPRISE PTE LTD,SINGAPORE,IYOMISHIMA,JAPAN
2019,470329,ROYAL GOLDEN EAGLE,APRIL,BUATAN,RIAU,502,215856,ROYAL GOLDEN EAGLE,APRIL INTERNATIONAL ENTEPRISE PTE LTD,SINGAPORE,JAWAHARLAL NEHRU (NHAVA S,INDIA
2019,470329,SINAR MAS,OKI,SULTAN MAHMUD BADARUDDIN (U),SUMATERA SELATAN,10000,6300000,UNKNOWN AFFILIATION,BRIGHTENING SKY CO LTD,CHINA (HONG KONG),NINGBO,CHINA (MAINLAND)
2019,470329,SINAR MAS,INDAH KIAT,PERAWANG,RIAU,240,148156,SINAR MAS,GOLDEN PROFIT TRADING PTE LTD,SINGAPORE,EL ISKANDARIYA (= ALEXAND,EGYPT
2019,470329,ROYAL GOLDEN EAGLE,APRIL,BUATAN,RIAU,502,215997,ROYAL GOLDEN EAGLE,APRIL INTERNATIONAL ENTEPRISE PTE LTD,SINGAPORE,CHITTAGONG,BANGLADESH
2019,470329,MARUBENI,TANJUNG ENIM LESTARI,PANJANG,SUMATERA SELATAN,985,560803,VINDA,VINDA PERSONAL CARE (CHINA) LTD,CHINA (MAINLAND),WUHAN,CHINA (MAINLAND)
2019,470329,SINAR MAS,OKI,SULTAN MAHMUD BADARUDDIN (U),SUMATERA SELATAN,1270,800735,UNKNOWN AFFILIATION,FREELAND UNIVERSAL LTD,CHINA (HONG KONG),ZHENJIANG,CHINA (MAINLAND)
2019,470329,ROYAL GOLDEN EAGLE,APRIL,BUATAN,RIAU,503,216143,ROYAL GOLDEN EAGLE,APRIL INTERNATIONAL ENTEPRISE PTE LTD,SINGAPORE,CHITTAGONG,BANGLADESH
2019,470329,ROYAL GOLDEN EAGLE,APRIL,BUATAN,RIAU,502,216060,ROYAL GOLDEN EAGLE,APRIL INTERNATIONAL ENTEPRISE PTE LTD,SINGAPORE,CHITTAGONG,BANGLADESH
2019,470329,MARUBENI,TANJUNG ENIM LESTARI,TARAHAN,SUMATERA SELATAN,510,298200,HANSOL,HANSOL PAPER CO LTD,SOUTH KOREA,PYONGTAEK,SOUTH KOREA
2019,470329,MARUBENI,TANJUNG ENIM LESTARI,TARAHAN,SUMATERA SELATAN,2040,1162317,VINDA,VINDA PAPER (CHINA) CO LTD,CHINA (MAINLAND),ZHUHAI,CHINA (MAINLAND)
2019,470329,MARUBENI,TANJUNG ENIM LESTARI,TARAHAN,SUMATERA SELATAN,304,178024,HANSOL,HANSOL PAPER CO LTD,SOUTH KOREA,PYONGTAEK,SOUTH KOREA
2019,470329,MARUBENI,TANJUNG ENIM LESTARI,TARAHAN,SUMATERA SELATAN,1222,694920,HONG WON,HONG WON PAPER MFG CO LTD,SOUTH KOREA,PYONGTAEK,SOUTH KOREA
2019,470329,MARUBENI,TANJUNG ENIM LESTARI,TARAHAN,SUMATERA SELATAN,510,289854,HONG WON,HONG WON PAPER MFG CO LTD,SOUTH KOREA,PYONGTAEK,SOUTH KOREA
2019,470329,MARUBENI,TANJUNG ENIM LESTARI,TARAHAN,SUMATERA SELATAN,1020,579792,HONG WON,HONG WON PAPER MFG CO LTD,SOUTH KOREA,PYONGTAEK,SOUTH KOREA
2019,470329,MARUBENI,TANJUNG ENIM LESTARI,TARAHAN,SUMATERA SELATAN,1325,753335,HONG WON,HONG WON PAPER MFG CO LTD,SOUTH KOREA,PYONGTAEK,SOUTH KOREA
2019,470329,MARUBENI,TANJUNG ENIM LESTARI,TARAHAN,SUMATERA SELATAN,3058,1807077,JIANGHE PAPER,HENAN JIANGHE PAPER CO LTD,CHINA (MAINLAND),QINGDAO,CHINA (MAINLAND)
2019,470329,ROYAL GOLDEN EAGLE,APRIL,BUATAN,RIAU,201,86351,ROYAL GOLDEN EAGLE,APRIL INTERNATIONAL ENTEPRISE PTE LTD,SINGAPORE,CHITTAGONG,BANGLADESH
2019,470329,MARUBENI,TANJUNG ENIM LESTARI,PANJANG,SUMATERA SELATAN,495,283163,VINDA,VINDA PAPER NORTH (BEIJING) CO LTD,CHINA (MAINLAND),XINGANG,CHINA (MAINLAND)
2019,470329,MARUBENI,TANJUNG ENIM LESTARI,PANJANG,SUMATERA SELATAN,493,343033,ASALEO,ASALEO CARE AUSTRALIA PTY LTD,AUSTRALIA,MELBOURNE,AUSTRALIA
2019,470329,ROYAL GOLDEN EAGLE,APRIL,BUATAN,RIAU,995,427997,ROYAL GOLDEN EAGLE,APRIL INTERNATIONAL ENTEPRISE PTE LTD,SINGAPORE,ABU DHABI,UNITED ARAB EMIRATES
2019,470329,ROYAL GOLDEN EAGLE,APRIL,BUATAN,RIAU,402,173013,ROYAL GOLDEN EAGLE,APRIL INTERNATIONAL ENTEPRISE PTE LTD,SINGAPORE,CHITTAGONG,BANGLADESH
2019,470329,MARUBENI,TANJUNG ENIM LESTARI,PANJANG,SUMATERA SELATAN,488,308316,BPM,BANGLANE PAPER MILL CO LTD,THAILAND,LAT KRABANG,THAILAND
2019,470329,MARUBENI,TANJUNG ENIM LESTARI,PANJANG,SUMATERA SELATAN,107,63916,UNKNOWN AFFILIATION,NB ENTREPRENEURS,INDIA,NAGPUR,INDIA
2019,470329,SINAR MAS,OKI,SULTAN MAHMUD BADARUDDIN (U),SUMATERA SELATAN,2500,1575000,UNKNOWN AFFILIATION,BRIGHTENING SKY CO LTD,CHINA (HONG KONG),NINGBO,CHINA (MAINLAND)
2019,470329,MARUBENI,TANJUNG ENIM LESTARI,PANJANG,SUMATERA SELATAN,300,189382,UNKNOWN AFFILIATION,THAI CARD BOARD CO LTD,THAILAND,LAT KRABANG,THAILAND
2019,470329,SINAR MAS,OKI,SULTAN MAHMUD BADARUDDIN (U),SUMATERA SELATAN,2500,1575000,UNKNOWN AFFILIATION,BRIGHTENING SKY CO LTD,CHINA (HONG KONG),NINGBO,CHINA (MAINLAND)
2019,470329,SINAR MAS,OKI,SULTAN MAHMUD BADARUDDIN (U),SUMATERA SELATAN,5000,3150000,UNKNOWN AFFILIATION,SUZHOU HUANG YI TRADE CO LTD,CHINA (MAINLAND),NINGBO,CHINA (MAINLAND)
2019,470329,SINAR MAS,OKI,SULTAN MAHMUD BADARUDDIN (U),SUMATERA SELATAN,3700,2331000,UNKNOWN AFFILIATION,BRIGHTENING SKY CO LTD,CHINA (HONG KONG),NINGBO,CHINA (MAINLAND)
2019,470329,SINAR MAS,INDAH KIAT,PERAWANG,RIAU,500,319672,SINAR MAS,GOLDEN PROFIT TRADING PTE LTD,SINGAPORE,HAIPHONG,VIETNAM
2019,470329,MARUBENI,TANJUNG ENIM LESTARI,PANJANG,SUMATERA SELATAN,983,559350,VINDA,VINDA PERSONAL CARE (CHINA) LTD,CHINA (MAINLAND),WUHAN,CHINA (MAINLAND)
2019,470329,ROYAL GOLDEN EAGLE,APRIL,BUATAN,RIAU,101,43233,ROYAL GOLDEN EAGLE,APRIL INTERNATIONAL ENTEPRISE PTE LTD,SINGAPORE,JAWAHARLAL NEHRU (NHAVA S,INDIA
2019,470329,ROYAL GOLDEN EAGLE,APRIL,BUATAN,RIAU,716,307841,ROYAL GOLDEN EAGLE,APRIL INTERNATIONAL ENTEPRISE PTE LTD,SINGAPORE,ABU DHABI,UNITED ARAB EMIRATES
2019,470329,ROYAL GOLDEN EAGLE,APRIL,BUATAN,RIAU,603,259334,ROYAL GOLDEN EAGLE,APRIL INTERNATIONAL ENTEPRISE PTE LTD,SINGAPORE,ISKENDERUN,TURKEY
2019,470329,ROYAL GOLDEN EAGLE,APRIL,BUATAN,RIAU,60,25914,ROYAL GOLDEN EAGLE,APRIL INTERNATIONAL ENTEPRISE PTE LTD,SINGAPORE,PIPAVAV (VICTOR) PORT,INDIA
2019,470329,MARUBENI,TANJUNG ENIM LESTARI,PANJANG,SUMATERA SELATAN,196,124248,MARUBENI,MARUBENI CORP,JAPAN,SHIMIZU,JAPAN
2019,470329,MARUBENI,TANJUNG ENIM LESTARI,PANJANG,SUMATERA SELATAN,498,284818,VINDA,VINDA PAPER (ZHEJIANG) CO LTD,CHINA (MAINLAND),NINGBO,CHINA (MAINLAND)
2019,470329,ROYAL GOLDEN EAGLE,APRIL,BUATAN,RIAU,100,43175,ROYAL GOLDEN EAGLE,APRIL INTERNATIONAL ENTEPRISE PTE LTD,SINGAPORE,PIPAVAV (VICTOR) PORT,INDIA
2019,470329,MARUBENI,TANJUNG ENIM LESTARI,PANJANG,SUMATERA SELATAN,294,186416,NIPPON PAPER,NIPPON PAPER INDUSTRIES CO LTD,JAPAN,SHIMIZU,JAPAN
2019,470329,MARUBENI,TANJUNG ENIM LESTARI,PANJANG,SUMATERA SELATAN,59,37284,MARUBENI,MARUBENI CORP,JAPAN,SHIMIZU,JAPAN
2019,470329,SINAR MAS,INDAH KIAT,PERAWANG,RIAU,1000,640825,SINAR MAS,GOLDEN PROFIT TRADING PTE LTD,SINGAPORE,HAIPHONG,VIETNAM
2019,470329,ROYAL GOLDEN EAGLE,APRIL,BUATAN,RIAU,502,215909,ROYAL GOLDEN EAGLE,APRIL INTERNATIONAL ENTEPRISE PTE LTD,SINGAPORE,CHITTAGONG,BANGLADESH
2019,470329,SINAR MAS,INDAH KIAT,PERAWANG,RIAU,2000,1240000,SINAR MAS,GOLDEN PROFIT TRADING PTE LTD,SINGAPORE,HALDIA,INDIA
2019,470329,ROYAL GOLDEN EAGLE,APRIL,BUATAN,RIAU,201,86360,ROYAL GOLDEN EAGLE,APRIL INTERNATIONAL ENTEPRISE PTE LTD,SINGAPORE,PIPAVAV (VICTOR) PORT,INDIA
2019,470329,SINAR MAS,INDAH KIAT,PERAWANG,RIAU,2000,1240000,SINAR MAS,GOLDEN PROFIT TRADING PTE LTD,SINGAPORE,HALDIA,INDIA
2019,470329,SINAR MAS,OKI,SULTAN MAHMUD BADARUDDIN (U),SUMATERA SELATAN,11000,6919000,SINAR MAS,GOLDEN PROFIT TRADING PTE LTD,SINGAPORE,ULSAN,SOUTH KOREA
2019,470329,ROYAL GOLDEN EAGLE,APRIL,BUATAN,RIAU,40,17298,ROYAL GOLDEN EAGLE,APRIL INTERNATIONAL ENTEPRISE PTE LTD,SINGAPORE,JAWAHARLAL NEHRU (NHAVA S,INDIA
2019,470329,ROYAL GOLDEN EAGLE,APRIL,BUATAN,RIAU,60,25986,ROYAL GOLDEN EAGLE,APRIL INTERNATIONAL ENTEPRISE PTE LTD,SINGAPORE,JAWAHARLAL NEHRU (NHAVA S,INDIA
2019,470329,ROYAL GOLDEN EAGLE,APRIL,BUATAN,RIAU,72,31158,ROYAL GOLDEN EAGLE,APRIL INTERNATIONAL ENTEPRISE PTE LTD,SINGAPORE,TAOYUAN,TAIWAN
2019,470329,ROYAL GOLDEN EAGLE,APRIL,BUATAN,RIAU,282,121123,ROYAL GOLDEN EAGLE,APRIL INTERNATIONAL ENTEPRISE PTE LTD,SINGAPORE,ABU DHABI,UNITED ARAB EMIRATES
2019,470329,ROYAL GOLDEN EAGLE,APRIL,BUATAN,RIAU,60,25949,ROYAL GOLDEN EAGLE,APRIL INTERNATIONAL ENTEPRISE PTE LTD,SINGAPORE,JAWAHARLAL NEHRU (NHAVA S,INDIA
2019,470329,SINAR MAS,INDAH KIAT,PERAWANG,RIAU,2000,1240000,SINAR MAS,GOLDEN PROFIT TRADING PTE LTD,SINGAPORE,HALDIA,INDIA
2019,470329,ROYAL GOLDEN EAGLE,APRIL,BUATAN,RIAU,60,25865,ROYAL GOLDEN EAGLE,APRIL INTERNATIONAL ENTEPRISE PTE LTD,SINGAPORE,MUNDRA,INDIA
2019,470329,ROYAL GOLDEN EAGLE,APRIL,BUATAN,RIAU,362,155583,ROYAL GOLDEN EAGLE,APRIL INTERNATIONAL ENTEPRISE PTE LTD,SINGAPORE,LUDHIANA,INDIA
2019,470329,ROYAL GOLDEN EAGLE,APRIL,BUATAN,RIAU,161,69026,ROYAL GOLDEN EAGLE,APRIL INTERNATIONAL ENTEPRISE PTE LTD,SINGAPORE,TUGLAKABAD,INDIA
2019,470329,ROYAL GOLDEN EAGLE,APRIL,BUATAN,RIAU,261,112223,ROYAL GOLDEN EAGLE,APRIL INTERNATIONAL ENTEPRISE PTE LTD,SINGAPORE,LUDHIANA,INDIA
2019,470329,ROYAL GOLDEN EAGLE,APRIL,BUATAN,RIAU,503,216386,ROYAL GOLDEN EAGLE,APRIL INTERNATIONAL ENTEPRISE PTE LTD,SINGAPORE,HUANGPU,CHINA (MAINLAND)
2019,470329,ROYAL GOLDEN EAGLE,APRIL,BUATAN,RIAU,60,25982,ROYAL GOLDEN EAGLE,APRIL INTERNATIONAL ENTEPRISE PTE LTD,SINGAPORE,JAWAHARLAL NEHRU (NHAVA S,INDIA
2019,470329,ROYAL GOLDEN EAGLE,APRIL,BUATAN,RIAU,201,86447,ROYAL GOLDEN EAGLE,APRIL INTERNATIONAL ENTEPRISE PTE LTD,SINGAPORE,PIPAVAV (VICTOR) PORT,INDIA
2019,470329,SINAR MAS,OKI,SULTAN MAHMUD BADARUDDIN (U),SUMATERA SELATAN,2000,1219303,DRAGON CROWN HOLDINGS,DRAGON CROWN (HK) TRADING LTD,CHINA (HONG KONG),QINGDAO,CHINA (MAINLAND)
2019,470329,ROYAL GOLDEN EAGLE,APRIL,BUATAN,RIAU,502,215936,ROYAL GOLDEN EAGLE,APRIL INTERNATIONAL ENTEPRISE PTE LTD,SINGAPORE,CHITTAGONG,BANGLADESH
2019,470329,SINAR MAS,OKI,SULTAN MAHMUD BADARUDDIN (U),SUMATERA SELATAN,2000,1219303,DRAGON CROWN HOLDINGS,DRAGON CROWN (HK) TRADING LTD,CHINA (HONG KONG),QINGDAO,CHINA (MAINLAND)
2019,470329,SINAR MAS,OKI,SULTAN MAHMUD BADARUDDIN (U),SUMATERA SELATAN,2000,1220305,DRAGON CROWN HOLDINGS,DRAGON CROWN (HK) TRADING LTD,CHINA (HONG KONG),CHANGSHU,CHINA (MAINLAND)
2019,470329,SINAR MAS,OKI,SULTAN MAHMUD BADARUDDIN (U),SUMATERA SELATAN,1000,610152,DRAGON CROWN HOLDINGS,DRAGON CROWN (HK) TRADING LTD,CHINA (HONG KONG),CHANGSHU,CHINA (MAINLAND)
2019,470329,SINAR MAS,OKI,SULTAN MAHMUD BADARUDDIN (U),SUMATERA SELATAN,2000,1220305,DRAGON CROWN HOLDINGS,DRAGON CROWN (HK) TRADING LTD,CHINA (HONG KONG),CHANGSHU,CHINA (MAINLAND)
2019,470329,ROYAL GOLDEN EAGLE,APRIL,BUATAN,RIAU,261,112388,ROYAL GOLDEN EAGLE,APRIL INTERNATIONAL ENTEPRISE PTE LTD,SINGAPORE,JAWAHARLAL NEHRU (NHAVA S,INDIA
2019,470329,ROYAL GOLDEN EAGLE,APRIL,BUATAN,RIAU,503,228790,ROYAL GOLDEN EAGLE,APRIL INTERNATIONAL ENTEPRISE PTE LTD,SINGAPORE,CHITTAGONG,BANGLADESH
2019,470329,SINAR MAS,OKI,SULTAN MAHMUD BADARUDDIN (U),SUMATERA SELATAN,1500,950250,UNKNOWN AFFILIATION,BRIGHTENING SKY CO LTD,CHINA (HONG KONG),CHANGSHU,CHINA (MAINLAND)
2019,470329,SINAR MAS,OKI,SULTAN MAHMUD BADARUDDIN (U),SUMATERA SELATAN,1000,627142,DRAGON CROWN HOLDINGS,DRAGON CROWN (HK) TRADING LTD,CHINA (HONG KONG),QINGDAO,CHINA (MAINLAND)
2019,470329,SINAR MAS,OKI,SULTAN MAHMUD BADARUDDIN (U),SUMATERA SELATAN,2000,1222303,DRAGON CROWN HOLDINGS,DRAGON CROWN (HK) TRADING LTD,CHINA (HONG KONG),QINGDAO,CHINA (MAINLAND)
2019,470329,SINAR MAS,OKI,SULTAN MAHMUD BADARUDDIN (U),SUMATERA SELATAN,5300,3339749,UNKNOWN AFFILIATION,SUZHOU GUANBAO TRADING LTD,CHINA (MAINLAND),TIANJIN,CHINA (MAINLAND)
2019,470329,SINAR MAS,OKI,SULTAN MAHMUD BADARUDDIN (U),SUMATERA SELATAN,3500,2129750,UNKNOWN AFFILIATION,SUZHOU HUANG YI TRADE CO LTD,CHINA (MAINLAND),CHANGSHU,CHINA (MAINLAND)
2019,470329,SINAR MAS,OKI,SULTAN MAHMUD BADARUDDIN (U),SUMATERA SELATAN,5300,3339749,UNKNOWN AFFILIATION,SUZHOU HUANG YI TRADE CO LTD,CHINA (MAINLAND),TIANJIN,CHINA (MAINLAND)
2019,470329,SINAR MAS,OKI,SULTAN MAHMUD BADARUDDIN (U),SUMATERA SELATAN,500,313571,DRAGON CROWN HOLDINGS,DRAGON CROWN (HK) TRADING LTD,CHINA (HONG KONG),QINGDAO,CHINA (MAINLAND)
2019,470329,SINAR MAS,OKI,SULTAN MAHMUD BADARUDDIN (U),SUMATERA SELATAN,1000,628500,UNKNOWN AFFILIATION,SUZHOU HUANG YI TRADE CO LTD,CHINA (MAINLAND),CHANGSHU,CHINA (MAINLAND)
2019,470329,SINAR MAS,OKI,SULTAN MAHMUD BADARUDDIN (U),SUMATERA SELATAN,1000,607154,DRAGON CROWN HOLDINGS,DRAGON CROWN (HK) TRADING LTD,CHINA (HONG KONG),QINGDAO,CHINA (MAINLAND)
2019,470329,ROYAL GOLDEN EAGLE,APRIL,BUATAN,RIAU,101,43272,ROYAL GOLDEN EAGLE,APRIL INTERNATIONAL ENTEPRISE PTE LTD,SINGAPORE,ANKLESHWAR,INDIA
2019,470329,SINAR MAS,LONTAR PAPYRUS,KUALA TUNGKAL,JAMBI,160,101247,SINAR MAS,GOLDEN PROFIT TRADING PTE LTD,SINGAPORE,CAT LAI,VIETNAM
2019,470329,SINAR MAS,LONTAR PAPYRUS,KUALA TUNGKAL,JAMBI,702,441929,SINAR MAS,GOLDEN PROFIT TRADING PTE LTD,SINGAPORE,LAT KRABANG,THAILAND
2019,470329,SINAR MAS,LONTAR PAPYRUS,KUALA TUNGKAL,JAMBI,1004,627310,UNKNOWN AFFILIATION,FREELAND UNIVERSAL LTD,CHINA (HONG KONG),DALIAN,CHINA (MAINLAND)
2019,470329,ROYAL GOLDEN EAGLE,APRIL,BUATAN,RIAU,1005,432364,ROYAL GOLDEN EAGLE,APRIL INTERNATIONAL ENTEPRISE PTE LTD,SINGAPORE,JAWAHARLAL NEHRU (NHAVA S,INDIA
2019,470329,MARUBENI,TANJUNG ENIM LESTARI,PANJANG,SUMATERA SELATAN,1272,728063,UNKNOWN AFFILIATION,YUEN FOONG YU INVESTMENT CO LTD,CHINA (MAINLAND),YANGZHOU,CHINA (MAINLAND)
2019,470329,SINAR MAS,LONTAR PAPYRUS,KUALA TUNGKAL,JAMBI,141,88996,SINAR MAS,GOLDEN PROFIT TRADING PTE LTD,SINGAPORE,CAT LAI,VIETNAM
2019,470329,SINAR MAS,LONTAR PAPYRUS,KUALA TUNGKAL,JAMBI,401,252103,SINAR MAS,GOLDEN PROFIT TRADING PTE LTD,SINGAPORE,PENANG (GEORGETOWN),MALAYSIA
2019,470329,ROYAL GOLDEN EAGLE,APRIL,BUATAN,RIAU,101,43229,ROYAL GOLDEN EAGLE,APRIL INTERNATIONAL ENTEPRISE PTE LTD,SINGAPORE,BANGKOK,THAILAND
2019,470329,ROYAL GOLDEN EAGLE,APRIL,BUATAN,RIAU,503,228720,ROYAL GOLDEN EAGLE,APRIL INTERNATIONAL ENTEPRISE PTE LTD,SINGAPORE,CHITTAGONG,BANGLADESH
2019,470329,ROYAL GOLDEN EAGLE,APRIL,BUATAN,RIAU,101,43239,ROYAL GOLDEN EAGLE,APRIL INTERNATIONAL ENTEPRISE PTE LTD,SINGAPORE,BANGKOK,THAILAND
2019,470329,ROYAL GOLDEN EAGLE,APRIL,BUATAN,RIAU,60,25885,ROYAL GOLDEN EAGLE,APRIL INTERNATIONAL ENTEPRISE PTE LTD,SINGAPORE,ANKLESHWAR,INDIA
2019,470329,MARUBENI,TANJUNG ENIM LESTARI,PANJANG,SUMATERA SELATAN,490,285208,VINDA,VINDA PAPER (SI CHUAN) CO LTD,CHINA (MAINLAND),CHONGQING,CHINA (MAINLAND)
2019,470329,MARUBENI,TANJUNG ENIM LESTARI,PANJANG,SUMATERA SELATAN,488,282893,UNKNOWN AFFILIATION,PUDUMJEE PAPER PRODUCTS LTD,INDIA,JAWAHARLAL NEHRU (NHAVA S,INDIA
2019,470329,MARUBENI,TANJUNG ENIM LESTARI,PANJANG,SUMATERA SELATAN,192,120714,RENGO,VINA KRAFT PAPER CO LTD,VIETNAM,CAT LAI,VIETNAM
2019,470329,ROYAL GOLDEN EAGLE,APRIL,FUTONG,RIAU,10047,4571471,ROYAL GOLDEN EAGLE,APRIL INTERNATIONAL ENTEPRISE PTE LTD,SINGAPORE,CHITTAGONG,BANGLADESH
2019,470329,ROYAL GOLDEN EAGLE,APRIL,BUATAN,RIAU,60,25872,ROYAL GOLDEN EAGLE,APRIL INTERNATIONAL ENTEPRISE PTE LTD,SINGAPORE,MUNDRA,INDIA
2019,470329,MARUBENI,TANJUNG ENIM LESTARI,PANJANG,SUMATERA SELATAN,979,578369,VINDA,VINDA PAPER (ZHEJIANG) CO LTD,CHINA (MAINLAND),NINGBO,CHINA (MAINLAND)
2019,470329,ROYAL GOLDEN EAGLE,APRIL,BUATAN,RIAU,80,34613,ROYAL GOLDEN EAGLE,APRIL INTERNATIONAL ENTEPRISE PTE LTD,SINGAPORE,CHENNAI (EX MADRAS),INDIA
2019,470329,ROYAL GOLDEN EAGLE,APRIL,BUATAN,RIAU,502,228595,ROYAL GOLDEN EAGLE,APRIL INTERNATIONAL ENTEPRISE PTE LTD,SINGAPORE,CHITTAGONG,BANGLADESH
2019,470329,MARUBENI,TANJUNG ENIM LESTARI,PANJANG,SUMATERA SELATAN,1493,877693,VINDA,VINDA PERSONAL CARE (CHINA) LTD,CHINA (MAINLAND),WUHAN,CHINA (MAINLAND)
2019,470329,MARUBENI,TANJUNG ENIM LESTARI,PANJANG,SUMATERA SELATAN,107,63671,UNKNOWN AFFILIATION,NB ENTREPRENEURS,INDIA,NAGPUR,INDIA
2019,470329,SINAR MAS,OKI,SULTAN MAHMUD BADARUDDIN (U),SUMATERA SELATAN,2000,1223303,DRAGON CROWN HOLDINGS,DRAGON CROWN (HK) TRADING LTD,CHINA (HONG KONG),QINGDAO,CHINA (MAINLAND)
2019,470329,SINAR MAS,OKI,SULTAN MAHMUD BADARUDDIN (U),SUMATERA SELATAN,2000,1223303,DRAGON CROWN HOLDINGS,DRAGON CROWN (HK) TRADING LTD,CHINA (HONG KONG),QINGDAO,CHINA (MAINLAND)
2019,470329,SINAR MAS,OKI,SULTAN MAHMUD BADARUDDIN (U),SUMATERA SELATAN,2000,1223303,DRAGON CROWN HOLDINGS,DRAGON CROWN (HK) TRADING LTD,CHINA (HONG KONG),QINGDAO,CHINA (MAINLAND)
2019,470329,ROYAL GOLDEN EAGLE,APRIL,BUATAN,RIAU,1041,473836,ROYAL GOLDEN EAGLE,APRIL INTERNATIONAL ENTEPRISE PTE LTD,SINGAPORE,ABU DHABI,UNITED ARAB EMIRATES
2019,470329,SINAR MAS,OKI,SULTAN MAHMUD BADARUDDIN (U),SUMATERA SELATAN,2000,1223303,DRAGON CROWN HOLDINGS,DRAGON CROWN (HK) TRADING LTD,CHINA (HONG KONG),QINGDAO,CHINA (MAINLAND)
2019,470329,ROYAL GOLDEN EAGLE,APRIL,BUATAN,RIAU,502,215974,ROYAL GOLDEN EAGLE,APRIL INTERNATIONAL ENTEPRISE PTE LTD,SINGAPORE,CHITTAGONG,BANGLADESH
2019,470329,SINAR MAS,OKI,SULTAN MAHMUD BADARUDDIN (U),SUMATERA SELATAN,2000,1223303,DRAGON CROWN HOLDINGS,DRAGON CROWN (HK) TRADING LTD,CHINA (HONG KONG),QINGDAO,CHINA (MAINLAND)
2019,470329,ROYAL GOLDEN EAGLE,APRIL,BUATAN,RIAU,40,18281,ROYAL GOLDEN EAGLE,APRIL INTERNATIONAL ENTEPRISE PTE LTD,SINGAPORE,JAWAHARLAL NEHRU (NHAVA S,INDIA
2019,470329,ROYAL GOLDEN EAGLE,APRIL,FUTONG,RIAU,362,164509,ROYAL GOLDEN EAGLE,APRIL INTERNATIONAL ENTEPRISE PTE LTD,SINGAPORE,CHITTAGONG,BANGLADESH
2019,470329,ROYAL GOLDEN EAGLE,APRIL,BUATAN,RIAU,60,27447,ROYAL GOLDEN EAGLE,APRIL INTERNATIONAL ENTEPRISE PTE LTD,SINGAPORE,JAWAHARLAL NEHRU (NHAVA S,INDIA
2019,470329,ROYAL GOLDEN EAGLE,APRIL,BUATAN,RIAU,503,228919,ROYAL GOLDEN EAGLE,APRIL INTERNATIONAL ENTEPRISE PTE LTD,SINGAPORE,JAWAHARLAL NEHRU (NHAVA S,INDIA
2019,470329,ROYAL GOLDEN EAGLE,APRIL,BUATAN,RIAU,201,91382,ROYAL GOLDEN EAGLE,APRIL INTERNATIONAL ENTEPRISE PTE LTD,SINGAPORE,CHITTAGONG,BANGLADESH
2019,470329,ROYAL GOLDEN EAGLE,APRIL,BUATAN,RIAU,241,103718,ROYAL GOLDEN EAGLE,APRIL INTERNATIONAL ENTEPRISE PTE LTD,SINGAPORE,JAWAHARLAL NEHRU (NHAVA S,INDIA
2019,470329,ROYAL GOLDEN EAGLE,APRIL,BUATAN,RIAU,201,91560,ROYAL GOLDEN EAGLE,APRIL INTERNATIONAL ENTEPRISE PTE LTD,SINGAPORE,PIPAVAV (VICTOR) PORT,INDIA
2019,470329,ROYAL GOLDEN EAGLE,APRIL,BUATAN,RIAU,60,27382,ROYAL GOLDEN EAGLE,APRIL INTERNATIONAL ENTEPRISE PTE LTD,SINGAPORE,CHITTAGONG,BANGLADESH
2019,470329,ROYAL GOLDEN EAGLE,APRIL,FUTONG,RIAU,5575,2536696,ROYAL GOLDEN EAGLE,APRIL FAR EAST MALAYSIA SDN BHD,MALAYSIA,GUNSAN (ES KUNSAN),SOUTH KOREA
2019,470329,SINAR MAS,OKI,SULTAN MAHMUD BADARUDDIN (U),SUMATERA SELATAN,2000,1220305,DRAGON CROWN HOLDINGS,DRAGON CROWN (HK) TRADING LTD,CHINA (HONG KONG),CHANGSHU,CHINA (MAINLAND)
2019,470329,ROYAL GOLDEN EAGLE,APRIL,FUTONG,RIAU,3065,1394574,ROYAL GOLDEN EAGLE,APRIL FAR EAST MALAYSIA SDN BHD,MALAYSIA,PYONGTAEK,SOUTH KOREA
2019,470329,SINAR MAS,OKI,SULTAN MAHMUD BADARUDDIN (U),SUMATERA SELATAN,2000,1217805,DRAGON CROWN HOLDINGS,DRAGON CROWN (HK) TRADING LTD,CHINA (HONG KONG),QINGDAO,CHINA (MAINLAND)
2019,470329,SINAR MAS,OKI,SULTAN MAHMUD BADARUDDIN (U),SUMATERA SELATAN,500,303452,DRAGON CROWN HOLDINGS,DRAGON CROWN (HK) TRADING LTD,CHINA (HONG KONG),QINGDAO,CHINA (MAINLAND)
2019,470329,SINAR MAS,OKI,SULTAN MAHMUD BADARUDDIN (U),SUMATERA SELATAN,2000,1217805,DRAGON CROWN HOLDINGS,DRAGON CROWN (HK) TRADING LTD,CHINA (HONG KONG),QINGDAO,CHINA (MAINLAND)
2019,470329,ROYAL GOLDEN EAGLE,APRIL,FUTONG,RIAU,6001,2730317,ROYAL GOLDEN EAGLE,APRIL INTERNATIONAL ENTEPRISE PTE LTD,SINGAPORE,CHANGSHU,CHINA (MAINLAND)
2019,470329,MARUBENI,TANJUNG ENIM LESTARI,PANJANG,SUMATERA SELATAN,366,230613,ADNPM,ABU DHABI NATIONAL PAPER MILL LLC,UNITED ARAB EMIRATES,ABU DHABI,UNITED ARAB EMIRATES
2019,470329,SINAR MAS,OKI,SULTAN MAHMUD BADARUDDIN (U),SUMATERA SELATAN,1500,913354,DRAGON CROWN HOLDINGS,DRAGON CROWN (HK) TRADING LTD,CHINA (HONG KONG),QINGDAO,CHINA (MAINLAND)
2019,470329,ROYAL GOLDEN EAGLE,APRIL,FUTONG,RIAU,2004,911607,ROYAL GOLDEN EAGLE,APRIL INTERNATIONAL ENTEPRISE PTE LTD,SINGAPORE,QINGDAO,CHINA (MAINLAND)
2019,470329,SINAR MAS,OKI,SULTAN MAHMUD BADARUDDIN (U),SUMATERA SELATAN,2000,1217805,DRAGON CROWN HOLDINGS,DRAGON CROWN (HK) TRADING LTD,CHINA (HONG KONG),QINGDAO,CHINA (MAINLAND)
2019,470329,SINAR MAS,INDAH KIAT,PERAWANG,RIAU,168,102489,SINAR MAS,GOLDEN PROFIT TRADING PTE LTD,SINGAPORE,TAICHUNG,TAIWAN
2019,470329,SINAR MAS,INDAH KIAT,PERAWANG,RIAU,500,304753,SINAR MAS,GOLDEN PROFIT TRADING PTE LTD,SINGAPORE,MANILA SOUTH HARBOUR,PHILIPPINES
2019,470329,ROYAL GOLDEN EAGLE,APRIL,BUATAN,RIAU,362,155687,ROYAL GOLDEN EAGLE,APRIL INTERNATIONAL ENTEPRISE PTE LTD,SINGAPORE,LUDHIANA,INDIA
2019,470329,ROYAL GOLDEN EAGLE,APRIL,BUATAN,RIAU,795,361923,ROYAL GOLDEN EAGLE,APRIL INTERNATIONAL ENTEPRISE PTE LTD,SINGAPORE,DJIBOUTI,DJIBOUTI
2019,470329,MARUBENI,TANJUNG ENIM LESTARI,PANJANG,SUMATERA SELATAN,512,316559,VINDA,VINDA PAPER (SI CHUAN) CO LTD,CHINA (MAINLAND),CHONGQING,CHINA (MAINLAND)
2019,470329,SINAR MAS,OKI,SULTAN MAHMUD BADARUDDIN (U),SUMATERA SELATAN,1000,610152,DRAGON CROWN HOLDINGS,DRAGON CROWN (HK) TRADING LTD,CHINA (HONG KONG),CHANGSHU,CHINA (MAINLAND)
2019,470329,MARUBENI,TANJUNG ENIM LESTARI,PANJANG,SUMATERA SELATAN,991,585616,VINDA,VINDA PAPER (ZHEJIANG) CO LTD,CHINA (MAINLAND),NINGBO,CHINA (MAINLAND)
2019,470329,ROYAL GOLDEN EAGLE,APRIL,BUATAN,RIAU,60,27412,ROYAL GOLDEN EAGLE,APRIL INTERNATIONAL ENTEPRISE PTE LTD,SINGAPORE,HYDERABAD,INDIA
2019,470329,ROYAL GOLDEN EAGLE,APRIL,BUATAN,RIAU,502,228588,ROYAL GOLDEN EAGLE,APRIL INTERNATIONAL ENTEPRISE PTE LTD,SINGAPORE,CHITTAGONG,BANGLADESH
2019,470329,SINAR MAS,OKI,SULTAN MAHMUD BADARUDDIN (U),SUMATERA SELATAN,4600,2800951,DRAGON CROWN HOLDINGS,DRAGON CROWN (HK) TRADING LTD,CHINA (HONG KONG),QINGDAO,CHINA (MAINLAND)
2019,470329,SINAR MAS,OKI,SULTAN MAHMUD BADARUDDIN (U),SUMATERA SELATAN,2000,1220305,DRAGON CROWN HOLDINGS,DRAGON CROWN (HK) TRADING LTD,CHINA (HONG KONG),NINGBO,CHINA (MAINLAND)
2019,470329,SINAR MAS,INDAH KIAT,PERAWANG,RIAU,500,319672,SINAR MAS,GOLDEN PROFIT TRADING PTE LTD,SINGAPORE,HAIPHONG,VIETNAM
2019,470329,ROYAL GOLDEN EAGLE,APRIL,BUATAN,RIAU,60,25872,ROYAL GOLDEN EAGLE,APRIL INTERNATIONAL ENTEPRISE PTE LTD,SINGAPORE,MUNDRA,INDIA
2019,470329,ROYAL GOLDEN EAGLE,APRIL,BUATAN,RIAU,101,43237,ROYAL GOLDEN EAGLE,APRIL INTERNATIONAL ENTEPRISE PTE LTD,SINGAPORE,ANKLESHWAR,INDIA
2019,470329,SINAR MAS,OKI,SULTAN MAHMUD BADARUDDIN (U),SUMATERA SELATAN,3100,1887597,DRAGON CROWN HOLDINGS,DRAGON CROWN (HK) TRADING LTD,CHINA (HONG KONG),QINGDAO,CHINA (MAINLAND)
2019,470329,SINAR MAS,OKI,SULTAN MAHMUD BADARUDDIN (U),SUMATERA SELATAN,1000,610152,DRAGON CROWN HOLDINGS,DRAGON CROWN (HK) TRADING LTD,CHINA (HONG KONG),NINGBO,CHINA (MAINLAND)
2019,470329,SINAR MAS,OKI,SULTAN MAHMUD BADARUDDIN (U),SUMATERA SELATAN,600,366391,DRAGON CROWN HOLDINGS,DRAGON CROWN (HK) TRADING LTD,CHINA (HONG KONG),QINGDAO,CHINA (MAINLAND)
2019,470329,SINAR MAS,OKI,SULTAN MAHMUD BADARUDDIN (U),SUMATERA SELATAN,2000,1221305,DRAGON CROWN HOLDINGS,DRAGON CROWN (HK) TRADING LTD,CHINA (HONG KONG),QINGDAO,CHINA (MAINLAND)
2019,470329,SINAR MAS,OKI,SULTAN MAHMUD BADARUDDIN (U),SUMATERA SELATAN,1800,1099174,DRAGON CROWN HOLDINGS,DRAGON CROWN (HK) TRADING LTD,CHINA (HONG KONG),QINGDAO,CHINA (MAINLAND)
2019,470329,SINAR MAS,OKI,SULTAN MAHMUD BADARUDDIN (U),SUMATERA SELATAN,1000,610652,DRAGON CROWN HOLDINGS,DRAGON CROWN (HK) TRADING LTD,CHINA (HONG KONG),QINGDAO,CHINA (MAINLAND)
2019,470329,SINAR MAS,INDAH KIAT,PERAWANG,RIAU,540,324815,KISAGUN,AVORTEX LTD,UNITED KINGDOM,YILPORT,TURKEY
2019,470329,MARUBENI,TANJUNG ENIM LESTARI,PANJANG,SUMATERA SELATAN,510,353792,ASALEO,ASALEO CARE AUSTRALIA PTY LTD,AUSTRALIA,MELBOURNE,AUSTRALIA
2019,470329,SINAR MAS,OKI,SULTAN MAHMUD BADARUDDIN (U),SUMATERA SELATAN,2000,1221305,DRAGON CROWN HOLDINGS,DRAGON CROWN (HK) TRADING LTD,CHINA (HONG KONG),QINGDAO,CHINA (MAINLAND)
2019,470329,MARUBENI,TANJUNG ENIM LESTARI,PANJANG,SUMATERA SELATAN,301,206129,UNKNOWN AFFILIATION,NIBONG TEBAL PAPER MILL SDN BHD,MALAYSIA,PENANG (GEORGETOWN),MALAYSIA
2019,470329,MARUBENI,TANJUNG ENIM LESTARI,PANJANG,SUMATERA SELATAN,515,329833,UNKNOWN AFFILIATION,KUANTUM PAPERS LTD,INDIA,LUDHIANA,INDIA
2019,470329,SINAR MAS,INDAH KIAT,PERAWANG,RIAU,300,182852,SINAR MAS,GOLDEN PROFIT TRADING PTE LTD,SINGAPORE,MANILA SOUTH HARBOUR,PHILIPPINES
2019,470329,SINAR MAS,OKI,SULTAN MAHMUD BADARUDDIN (U),SUMATERA SELATAN,3200,1954088,DRAGON CROWN HOLDINGS,DRAGON CROWN (HK) TRADING LTD,CHINA (HONG KONG),QINGDAO,CHINA (MAINLAND)
2019,470329,MARUBENI,TANJUNG ENIM LESTARI,PANJANG,SUMATERA SELATAN,991,582891,VINDA,VINDA PERSONAL CARE (CHINA) LTD,CHINA (MAINLAND),WUHAN,CHINA (MAINLAND)
2019,470329,ROYAL GOLDEN EAGLE,APRIL,BUATAN,RIAU,503,216079,ROYAL GOLDEN EAGLE,APRIL INTERNATIONAL ENTEPRISE PTE LTD,SINGAPORE,CHITTAGONG,BANGLADESH
2019,470329,ROYAL GOLDEN EAGLE,APRIL,BUATAN,RIAU,497,226074,ROYAL GOLDEN EAGLE,APRIL INTERNATIONAL ENTEPRISE PTE LTD,SINGAPORE,EL ISKANDARIYA (= ALEXAND,EGYPT
2019,470329,ROYAL GOLDEN EAGLE,APRIL,BUATAN,RIAU,502,228454,ROYAL GOLDEN EAGLE,APRIL INTERNATIONAL ENTEPRISE PTE LTD,SINGAPORE,CHITTAGONG,BANGLADESH
2019,470329,ROYAL GOLDEN EAGLE,APRIL,BUATAN,RIAU,201,91393,ROYAL GOLDEN EAGLE,APRIL INTERNATIONAL ENTEPRISE PTE LTD,SINGAPORE,CHITTAGONG,BANGLADESH
2019,470329,MARUBENI,TANJUNG ENIM LESTARI,PANJANG,SUMATERA SELATAN,300,186463,UNKNOWN AFFILIATION,THAI PAPER CO LTD,THAILAND,LAT KRABANG,THAILAND
2019,470329,SINAR MAS,LONTAR PAPYRUS,KUALA TUNGKAL,JAMBI,1003,626572,UNKNOWN AFFILIATION,FREELAND UNIVERSAL LTD,CHINA (HONG KONG),DALIAN,CHINA (MAINLAND)
2019,470329,SINAR MAS,LONTAR PAPYRUS,KUALA TUNGKAL,JAMBI,201,121406,SINAR MAS,GOLDEN PROFIT TRADING PTE LTD,SINGAPORE,LAT KRABANG,THAILAND
2019,470329,ROYAL GOLDEN EAGLE,APRIL,BUATAN,RIAU,100,45670,ROYAL GOLDEN EAGLE,APRIL INTERNATIONAL ENTEPRISE PTE LTD,SINGAPORE,PIPAVAV (VICTOR) PORT,INDIA
2019,470329,ROYAL GOLDEN EAGLE,APRIL,BUATAN,RIAU,241,109835,ROYAL GOLDEN EAGLE,APRIL INTERNATIONAL ENTEPRISE PTE LTD,SINGAPORE,PIPAVAV (VICTOR) PORT,INDIA
2019,470329,ROYAL GOLDEN EAGLE,APRIL,BUATAN,RIAU,100,45717,ROYAL GOLDEN EAGLE,APRIL INTERNATIONAL ENTEPRISE PTE LTD,SINGAPORE,NAGPUR,INDIA
2019,470329,ROYAL GOLDEN EAGLE,APRIL,BUATAN,RIAU,201,91552,ROYAL GOLDEN EAGLE,APRIL INTERNATIONAL ENTEPRISE PTE LTD,SINGAPORE,NAGPUR,INDIA
2019,470329,ROYAL GOLDEN EAGLE,APRIL,BUATAN,RIAU,100,43147,ROYAL GOLDEN EAGLE,APRIL INTERNATIONAL ENTEPRISE PTE LTD,SINGAPORE,TUTICORIN,INDIA
2019,470329,MARUBENI,TANJUNG ENIM LESTARI,PANJANG,SUMATERA SELATAN,1388,871981,ADNPM,ABU DHABI NATIONAL PAPER MILL LLC,UNITED ARAB EMIRATES,ABU DHABI,UNITED ARAB EMIRATES
2019,470329,ROYAL GOLDEN EAGLE,APRIL,BUATAN,RIAU,101,45759,ROYAL GOLDEN EAGLE,APRIL INTERNATIONAL ENTEPRISE PTE LTD,SINGAPORE,ANKLESHWAR,INDIA
2019,470329,SINAR MAS,LONTAR PAPYRUS,KUALA TUNGKAL,JAMBI,1004,618203,SINAR MAS,GOLDEN PROFIT TRADING PTE LTD,SINGAPORE,TUTICORIN,INDIA
2019,470329,ROYAL GOLDEN EAGLE,APRIL,BUATAN,RIAU,40,18285,ROYAL GOLDEN EAGLE,APRIL INTERNATIONAL ENTEPRISE PTE LTD,SINGAPORE,JAWAHARLAL NEHRU (NHAVA S,INDIA
2019,470329,SINAR MAS,LONTAR PAPYRUS,KUALA TUNGKAL,JAMBI,502,302745,SINAR MAS,GOLDEN PROFIT TRADING PTE LTD,SINGAPORE,LAT KRABANG,THAILAND
2019,470329,ROYAL GOLDEN EAGLE,APRIL,BUATAN,RIAU,96,43821,ROYAL GOLDEN EAGLE,APRIL INTERNATIONAL ENTEPRISE PTE LTD,SINGAPORE,TAOYUAN,TAIWAN
2019,470329,ROYAL GOLDEN EAGLE,APRIL,BUATAN,RIAU,80,36604,ROYAL GOLDEN EAGLE,APRIL INTERNATIONAL ENTEPRISE PTE LTD,SINGAPORE,TUGLAKABAD,INDIA
2019,470329,ROYAL GOLDEN EAGLE,APRIL,BUATAN,RIAU,502,228612,ROYAL GOLDEN EAGLE,APRIL INTERNATIONAL ENTEPRISE PTE LTD,SINGAPORE,PUNE,INDIA
2019,470329,ROYAL GOLDEN EAGLE,APRIL,BUATAN,RIAU,302,137396,ROYAL GOLDEN EAGLE,APRIL INTERNATIONAL ENTEPRISE PTE LTD,SINGAPORE,BANGKOK,THAILAND
2019,470329,ROYAL GOLDEN EAGLE,APRIL,BUATAN,RIAU,1004,431664,ROYAL GOLDEN EAGLE,APRIL INTERNATIONAL ENTEPRISE PTE LTD,SINGAPORE,JAWAHARLAL NEHRU (NHAVA S,INDIA
2019,470329,ROYAL GOLDEN EAGLE,APRIL,BUATAN,RIAU,40,18280,ROYAL GOLDEN EAGLE,APRIL INTERNATIONAL ENTEPRISE PTE LTD,SINGAPORE,CHITTAGONG,BANGLADESH
2019,470329,ROYAL GOLDEN EAGLE,APRIL,BUATAN,RIAU,61,27570,ROYAL GOLDEN EAGLE,APRIL INTERNATIONAL ENTEPRISE PTE LTD,SINGAPORE,TUGLAKABAD,INDIA
2019,470329,SINAR MAS,INDAH KIAT,PERAWANG,RIAU,500,302800,SINAR MAS,GOLDEN PROFIT TRADING PTE LTD,SINGAPORE,CHITTAGONG,BANGLADESH
2019,470329,SINAR MAS,INDAH KIAT,PERAWANG,RIAU,500,319672,SINAR MAS,GOLDEN PROFIT TRADING PTE LTD,SINGAPORE,HAIPHONG,VIETNAM
2019,470329,SINAR MAS,INDAH KIAT,PERAWANG,RIAU,500,312800,SINAR MAS,GOLDEN PROFIT TRADING PTE LTD,SINGAPORE,CHITTAGONG,BANGLADESH
2019,470329,SINAR MAS,LONTAR PAPYRUS,KUALA TUNGKAL,JAMBI,201,121782,SINAR MAS,GOLDEN PROFIT TRADING PTE LTD,SINGAPORE,HAZIRA,INDIA
2019,470329,SINAR MAS,OKI,SULTAN MAHMUD BADARUDDIN (U),SUMATERA SELATAN,1000,608902,DRAGON CROWN HOLDINGS,DRAGON CROWN (HK) TRADING LTD,CHINA (HONG KONG),QINGDAO,CHINA (MAINLAND)
2019,470329,SINAR MAS,LONTAR PAPYRUS,KUALA TUNGKAL,JAMBI,401,243113,SINAR MAS,GOLDEN PROFIT TRADING PTE LTD,SINGAPORE,HAZIRA,INDIA
2019,470329,ROYAL GOLDEN EAGLE,APRIL,BUATAN,RIAU,60,27417,ROYAL GOLDEN EAGLE,APRIL INTERNATIONAL ENTEPRISE PTE LTD,SINGAPORE,PIPAVAV (VICTOR) PORT,INDIA
2019,470329,ROYAL GOLDEN EAGLE,APRIL,BUATAN,RIAU,161,73114,ROYAL GOLDEN EAGLE,APRIL INTERNATIONAL ENTEPRISE PTE LTD,SINGAPORE,TUGLAKABAD,INDIA
2019,470329,SINAR MAS,OKI,SULTAN MAHMUD BADARUDDIN (U),SUMATERA SELATAN,2100,1260000,CHINA UNION,CHINA UNION (MACAO COMMERCIAL OFFSHORE) CO LTD,MACAO,ZHENJIANG,CHINA (MAINLAND)
2019,470329,ROYAL GOLDEN EAGLE,APRIL,BUATAN,RIAU,261,118716,ROYAL GOLDEN EAGLE,APRIL INTERNATIONAL ENTEPRISE PTE LTD,SINGAPORE,CHITTAGONG,BANGLADESH
2019,470329,ROYAL GOLDEN EAGLE,APRIL,BUATAN,RIAU,141,63929,ROYAL GOLDEN EAGLE,APRIL INTERNATIONAL ENTEPRISE PTE LTD,SINGAPORE,PIPAVAV (VICTOR) PORT,INDIA
2019,470329,SINAR MAS,OKI,SULTAN MAHMUD BADARUDDIN (U),SUMATERA SELATAN,5200,3120000,CHINA UNION,CHINA UNION (MACAO COMMERCIAL OFFSHORE) CO LTD,MACAO,ZHENJIANG,CHINA (MAINLAND)
2019,470329,SINAR MAS,LONTAR PAPYRUS,KUALA TUNGKAL,JAMBI,401,243283,SINAR MAS,GOLDEN PROFIT TRADING PTE LTD,SINGAPORE,HAZIRA,INDIA
2019,470329,SINAR MAS,OKI,SULTAN MAHMUD BADARUDDIN (U),SUMATERA SELATAN,1000,608902,DRAGON CROWN HOLDINGS,DRAGON CROWN (HK) TRADING LTD,CHINA (HONG KONG),QINGDAO,CHINA (MAINLAND)
2019,470329,MARUBENI,TANJUNG ENIM LESTARI,PANJANG,SUMATERA SELATAN,1004,630935,VINDA,VINDA PAPER (ZHEJIANG) CO LTD,CHINA (MAINLAND),NINGBO,CHINA (MAINLAND)
2019,470329,SINAR MAS,OKI,SULTAN MAHMUD BADARUDDIN (U),SUMATERA SELATAN,3000,1885500,UNKNOWN AFFILIATION,BRIGHTENING SKY CO LTD,CHINA (HONG KONG),NINGBO,CHINA (MAINLAND)
2019,470329,ROYAL GOLDEN EAGLE,APRIL,BUATAN,RIAU,402,182904,ROYAL GOLDEN EAGLE,APRIL INTERNATIONAL ENTEPRISE PTE LTD,SINGAPORE,BANGKOK,THAILAND
2019,470329,SINAR MAS,OKI,SULTAN MAHMUD BADARUDDIN (U),SUMATERA SELATAN,2100,1260000,CHINA UNION,CHINA UNION (MACAO COMMERCIAL OFFSHORE) CO LTD,MACAO,ZHENJIANG,CHINA (MAINLAND)
2019,470329,SINAR MAS,OKI,SULTAN MAHMUD BADARUDDIN (U),SUMATERA SELATAN,6000,3641421,DRAGON CROWN HOLDINGS,DRAGON CROWN (HK) TRADING LTD,CHINA (HONG KONG),QINGDAO,CHINA (MAINLAND)
2019,470329,MARUBENI,TANJUNG ENIM LESTARI,TARAHAN,SUMATERA SELATAN,525,322470,VINDA,VINDA PAPER (SHANDONG) CO LTD,CHINA (MAINLAND),QINGDAO,CHINA (MAINLAND)
2019,470329,MARUBENI,TANJUNG ENIM LESTARI,TARAHAN,SUMATERA SELATAN,501,314952,MARUBENI,MARUBENI CORP,JAPAN,IYOMISHIMA,JAPAN
2019,470329,MARUBENI,TANJUNG ENIM LESTARI,TARAHAN,SUMATERA SELATAN,1095,644760,UNKNOWN AFFILIATION,OVERSEAS RESOURCES CO LTD,CHINA (HONG KONG),QINGDAO,CHINA (MAINLAND)
2019,470329,MARUBENI,TANJUNG ENIM LESTARI,TARAHAN,SUMATERA SELATAN,501,314935,MARUBENI,MARUBENI CORP,JAPAN,IYOMISHIMA,JAPAN
2019,470329,MARUBENI,TANJUNG ENIM LESTARI,TARAHAN,SUMATERA SELATAN,51,32273,NIPPON PAPER,LINTEC CORP,JAPAN,IYOMISHIMA,JAPAN
2019,470329,MARUBENI,TANJUNG ENIM LESTARI,TARAHAN,SUMATERA SELATAN,1094,644061,UNKNOWN AFFILIATION,OVERSEAS RESOURCES CO LTD,CHINA (HONG KONG),QINGDAO,CHINA (MAINLAND)
2019,470329,ROYAL GOLDEN EAGLE,APRIL,BUATAN,RIAU,502,216043,ROYAL GOLDEN EAGLE,APRIL INTERNATIONAL ENTEPRISE PTE LTD,SINGAPORE,CHITTAGONG,BANGLADESH
2019,470329,MARUBENI,TANJUNG ENIM LESTARI,TARAHAN,SUMATERA SELATAN,700,433291,MARUBENI,MARUBENI CORP,JAPAN,IYOMISHIMA,JAPAN
2019,470329,ROYAL GOLDEN EAGLE,APRIL,BUATAN,RIAU,502,228371,ROYAL GOLDEN EAGLE,APRIL INTERNATIONAL ENTEPRISE PTE LTD,SINGAPORE,HAIPHONG,VIETNAM
2019,470329,SINAR MAS,INDAH KIAT,PERAWANG,RIAU,240,145126,SINAR MAS,GOLDEN PROFIT TRADING PTE LTD,SINGAPORE,EL ISKANDARIYA (= ALEXAND,EGYPT
2019,470329,MARUBENI,TANJUNG ENIM LESTARI,TARAHAN,SUMATERA SELATAN,2189,1326050,VINDA,VINDA PAPER (CHINA) CO LTD,CHINA (MAINLAND),ZHUHAI,CHINA (MAINLAND)
2019,470329,MARUBENI,TANJUNG ENIM LESTARI,TARAHAN,SUMATERA SELATAN,2189,1393106,CHINATEX CORP,CHINATEX RAW MATERIALS IMPORT AND EXPORT,CHINA (MAINLAND),QINGDAO,CHINA (MAINLAND)
2019,470329,MARUBENI,TANJUNG ENIM LESTARI,TARAHAN,SUMATERA SELATAN,301,186166,MARUBENI,MARUBENI CORP,JAPAN,IYOMISHIMA,JAPAN
2019,470329,SINAR MAS,INDAH KIAT,PERAWANG,RIAU,260,157220,SINAR MAS,GOLDEN PROFIT TRADING PTE LTD,SINGAPORE,EL ISKANDARIYA (= ALEXAND,EGYPT
2019,470329,MARUBENI,TANJUNG ENIM LESTARI,TARAHAN,SUMATERA SELATAN,49,31386,NIPPON PAPER,LINTEC CORP,JAPAN,IYOMISHIMA,JAPAN
2019,470329,ROYAL GOLDEN EAGLE,APRIL,BUATAN,RIAU,1151,523800,ROYAL GOLDEN EAGLE,APRIL INTERNATIONAL ENTEPRISE PTE LTD,SINGAPORE,ABU DHABI,UNITED ARAB EMIRATES
2019,470329,SINAR MAS,OKI,SULTAN MAHMUD BADARUDDIN (U),SUMATERA SELATAN,2000,1225303,DRAGON CROWN HOLDINGS,DRAGON CROWN (HK) TRADING LTD,CHINA (HONG KONG),TIANJIN,CHINA (MAINLAND)
2019,470329,SINAR MAS,INDAH KIAT,PERAWANG,RIAU,100,61644,SINAR MAS,GOLDEN PROFIT TRADING PTE LTD,SINGAPORE,TAICHUNG,TAIWAN
2019,470329,SINAR MAS,OKI,SULTAN MAHMUD BADARUDDIN (U),SUMATERA SELATAN,1000,610652,DRAGON CROWN HOLDINGS,DRAGON CROWN (HK) TRADING LTD,CHINA (HONG KONG),TIANJIN,CHINA (MAINLAND)
2019,470329,SINAR MAS,INDAH KIAT,PERAWANG,RIAU,300,185985,SINAR MAS,GOLDEN PROFIT TRADING PTE LTD,SINGAPORE,KAOHSIUNG,TAIWAN
2019,470329,SINAR MAS,OKI,SULTAN MAHMUD BADARUDDIN (U),SUMATERA SELATAN,1500,909750,CHINA UNION,CHINA UNION (MACAO COMMERCIAL OFFSHORE) CO LTD,MACAO,CHANGSHU,CHINA (MAINLAND)
2019,470329,SINAR MAS,OKI,SULTAN MAHMUD BADARUDDIN (U),SUMATERA SELATAN,7600,4609400,CHINA UNION,CHINA UNION (MACAO COMMERCIAL OFFSHORE) CO LTD,MACAO,ZHENJIANG,CHINA (MAINLAND)
2019,470329,SINAR MAS,OKI,SULTAN MAHMUD BADARUDDIN (U),SUMATERA SELATAN,1500,915979,DRAGON CROWN HOLDINGS,DRAGON CROWN (HK) TRADING LTD,CHINA (HONG KONG),TIANJIN,CHINA (MAINLAND)
2019,470329,SINAR MAS,OKI,SULTAN MAHMUD BADARUDDIN (U),SUMATERA SELATAN,1000,610652,DRAGON CROWN HOLDINGS,DRAGON CROWN (HK) TRADING LTD,CHINA (HONG KONG),TIANJIN,CHINA (MAINLAND)
2019,470329,SINAR MAS,OKI,SULTAN MAHMUD BADARUDDIN (U),SUMATERA SELATAN,1000,610652,DRAGON CROWN HOLDINGS,DRAGON CROWN (HK) TRADING LTD,CHINA (HONG KONG),TIANJIN,CHINA (MAINLAND)
2019,470329,SINAR MAS,OKI,SULTAN MAHMUD BADARUDDIN (U),SUMATERA SELATAN,1000,610652,DRAGON CROWN HOLDINGS,DRAGON CROWN (HK) TRADING LTD,CHINA (HONG KONG),TIANJIN,CHINA (MAINLAND)
2019,470329,SINAR MAS,OKI,SULTAN MAHMUD BADARUDDIN (U),SUMATERA SELATAN,2000,1213000,UNKNOWN AFFILIATION,FREELAND UNIVERSAL LTD,CHINA (HONG KONG),CHANGSHU,CHINA (MAINLAND)
2019,470329,MARUBENI,TANJUNG ENIM LESTARI,PANJANG,SUMATERA SELATAN,491,290984,VINDA,VINDA PAPER NORTH (BEIJING) CO LTD,CHINA (MAINLAND),XINGANG,CHINA (MAINLAND)
2019,470329,SINAR MAS,OKI,SULTAN MAHMUD BADARUDDIN (U),SUMATERA SELATAN,1000,610652,DRAGON CROWN HOLDINGS,DRAGON CROWN (HK) TRADING LTD,CHINA (HONG KONG),TIANJIN,CHINA (MAINLAND)
2019,470329,MARUBENI,TANJUNG ENIM LESTARI,PANJANG,SUMATERA SELATAN,193,115657,UNKNOWN AFFILIATION,YUEN FOONG YU CONSUMER PRODUCTS CO LTD,TAIWAN,TAICHUNG,TAIWAN
2019,470329,SINAR MAS,OKI,SULTAN MAHMUD BADARUDDIN (U),SUMATERA SELATAN,1500,918977,DRAGON CROWN HOLDINGS,DRAGON CROWN (HK) TRADING LTD,CHINA (HONG KONG),TIANJIN,CHINA (MAINLAND)
2019,470329,SINAR MAS,OKI,SULTAN MAHMUD BADARUDDIN (U),SUMATERA SELATAN,500,305326,DRAGON CROWN HOLDINGS,DRAGON CROWN (HK) TRADING LTD,CHINA (HONG KONG),TIANJIN,CHINA (MAINLAND)
2019,470329,SINAR MAS,OKI,SULTAN MAHMUD BADARUDDIN (U),SUMATERA SELATAN,5000,3132500,CHINA UNION,CHINA UNION (MACAO COMMERCIAL OFFSHORE) CO LTD,MACAO,CHANGSHU,CHINA (MAINLAND)
2019,470329,SINAR MAS,OKI,SULTAN MAHMUD BADARUDDIN (U),SUMATERA SELATAN,1000,608152,DRAGON CROWN HOLDINGS,DRAGON CROWN (HK) TRADING LTD,CHINA (HONG KONG),CHANGSHU,CHINA (MAINLAND)
2019,470329,SINAR MAS,OKI,SULTAN MAHMUD BADARUDDIN (U),SUMATERA SELATAN,1000,610652,DRAGON CROWN HOLDINGS,DRAGON CROWN (HK) TRADING LTD,CHINA (HONG KONG),TIANJIN,CHINA (MAINLAND)
2019,470329,SINAR MAS,OKI,SULTAN MAHMUD BADARUDDIN (U),SUMATERA SELATAN,1500,915979,DRAGON CROWN HOLDINGS,DRAGON CROWN (HK) TRADING LTD,CHINA (HONG KONG),TIANJIN,CHINA (MAINLAND)
2019,470329,SINAR MAS,OKI,SULTAN MAHMUD BADARUDDIN (U),SUMATERA SELATAN,1000,610652,DRAGON CROWN HOLDINGS,DRAGON CROWN (HK) TRADING LTD,CHINA (HONG KONG),TIANJIN,CHINA (MAINLAND)
2019,470329,SINAR MAS,OKI,SULTAN MAHMUD BADARUDDIN (U),SUMATERA SELATAN,1400,877100,CHINA UNION,CHINA UNION (MACAO COMMERCIAL OFFSHORE) CO LTD,MACAO,ZHENJIANG,CHINA (MAINLAND)
2019,470329,SINAR MAS,OKI,SULTAN MAHMUD BADARUDDIN (U),SUMATERA SELATAN,1500,915979,DRAGON CROWN HOLDINGS,DRAGON CROWN (HK) TRADING LTD,CHINA (HONG KONG),TIANJIN,CHINA (MAINLAND)
2019,470329,SINAR MAS,OKI,SULTAN MAHMUD BADARUDDIN (U),SUMATERA SELATAN,1500,909750,SINAR MAS,GOLDEN PROFIT TRADING PTE LTD,SINGAPORE,CHANGSHU,CHINA (MAINLAND)
2019,470329,SINAR MAS,INDAH KIAT,PERAWANG,RIAU,500,312800,SINAR MAS,GOLDEN PROFIT TRADING PTE LTD,SINGAPORE,CHITTAGONG,BANGLADESH
2019,470329,MARUBENI,TANJUNG ENIM LESTARI,PANJANG,SUMATERA SELATAN,107,68892,UNKNOWN AFFILIATION,VECHEM ORGANICS PVT LTD,INDIA,REWARI,INDIA
2019,470329,MARUBENI,TANJUNG ENIM LESTARI,PANJANG,SUMATERA SELATAN,107,69359,UNKNOWN AFFILIATION,VECHEM ORGANICS PVT LTD,INDIA,REWARI,INDIA
2019,470329,MARUBENI,TANJUNG ENIM LESTARI,PANJANG,SUMATERA SELATAN,410,249106,UNKNOWN AFFILIATION,YUEN FOONG YU INVESTMENT CO LTD,CHINA (MAINLAND),XINGANG,CHINA (MAINLAND)
2019,470329,ROYAL GOLDEN EAGLE,APRIL,BUATAN,RIAU,502,228592,ROYAL GOLDEN EAGLE,APRIL INTERNATIONAL ENTEPRISE PTE LTD,SINGAPORE,CHITTAGONG,BANGLADESH
2019,470329,ROYAL GOLDEN EAGLE,APRIL,BUATAN,RIAU,60,27384,ROYAL GOLDEN EAGLE,APRIL INTERNATIONAL ENTEPRISE PTE LTD,SINGAPORE,CHITTAGONG,BANGLADESH
2019,470329,ROYAL GOLDEN EAGLE,APRIL,BUATAN,RIAU,201,91329,ROYAL GOLDEN EAGLE,APRIL INTERNATIONAL ENTEPRISE PTE LTD,SINGAPORE,CHITTAGONG,BANGLADESH
2019,470329,ROYAL GOLDEN EAGLE,APRIL,FUTONG,RIAU,6028,2742809,ROYAL GOLDEN EAGLE,APRIL INTERNATIONAL ENTEPRISE PTE LTD,SINGAPORE,KAKINADA,INDIA
2019,470329,MARUBENI,TANJUNG ENIM LESTARI,PANJANG,SUMATERA SELATAN,978,612220,VINDA,VINDA PERSONAL CARE (CHINA) LTD,CHINA (MAINLAND),WUHAN,CHINA (MAINLAND)
2019,470329,ROYAL GOLDEN EAGLE,APRIL,BUATAN,RIAU,502,228502,ROYAL GOLDEN EAGLE,APRIL INTERNATIONAL ENTEPRISE PTE LTD,SINGAPORE,CHITTAGONG,BANGLADESH
2019,470329,SINAR MAS,INDAH KIAT,PERAWANG,RIAU,5000,3055000,SINAR MAS,GOLDEN PROFIT TRADING PTE LTD,SINGAPORE,ULSAN,SOUTH KOREA
2019,470329,SINAR MAS,INDAH KIAT,PERAWANG,RIAU,19000,11647000,SINAR MAS,GOLDEN PROFIT TRADING PTE LTD,SINGAPORE,GUNSAN (ES KUNSAN),SOUTH KOREA
2019,470329,SINAR MAS,INDAH KIAT,PERAWANG,RIAU,500,306500,SINAR MAS,GOLDEN PROFIT TRADING PTE LTD,SINGAPORE,GUNSAN (ES KUNSAN),SOUTH KOREA
2019,470329,SINAR MAS,INDAH KIAT,PERAWANG,RIAU,1000,647982,SINAR MAS,GOLDEN PROFIT TRADING PTE LTD,SINGAPORE,TUTICORIN,INDIA
2019,470329,ROYAL GOLDEN EAGLE,APRIL,BUATAN,RIAU,503,228889,ROYAL GOLDEN EAGLE,APRIL INTERNATIONAL ENTEPRISE PTE LTD,SINGAPORE,CHITTAGONG,BANGLADESH
2019,470329,ROYAL GOLDEN EAGLE,APRIL,BUATAN,RIAU,301,137038,ROYAL GOLDEN EAGLE,APRIL INTERNATIONAL ENTEPRISE PTE LTD,SINGAPORE,TUTICORIN,INDIA
2019,470329,SINAR MAS,LONTAR PAPYRUS,KUALA TUNGKAL,JAMBI,201,122367,SINAR MAS,GOLDEN PROFIT TRADING PTE LTD,SINGAPORE,LAT KRABANG,THAILAND
2019,470329,SINAR MAS,LONTAR PAPYRUS,KUALA TUNGKAL,JAMBI,502,305781,SINAR MAS,GOLDEN PROFIT TRADING PTE LTD,SINGAPORE,LAT KRABANG,THAILAND
2019,470329,ROYAL GOLDEN EAGLE,APRIL,BUATAN,RIAU,261,118832,ROYAL GOLDEN EAGLE,APRIL INTERNATIONAL ENTEPRISE PTE LTD,SINGAPORE,JAWAHARLAL NEHRU (NHAVA S,INDIA
2019,470329,SINAR MAS,LONTAR PAPYRUS,KUALA TUNGKAL,JAMBI,1006,628295,UNKNOWN AFFILIATION,BRIGHTENING SKY CO LTD,CHINA (HONG KONG),DALIAN,CHINA (MAINLAND)
2019,470329,ROYAL GOLDEN EAGLE,APRIL,BUATAN,RIAU,502,228471,ROYAL GOLDEN EAGLE,APRIL INTERNATIONAL ENTEPRISE PTE LTD,SINGAPORE,TALEGOAN,INDIA
2019,470329,ROYAL GOLDEN EAGLE,APRIL,BUATAN,RIAU,502,215931,ROYAL GOLDEN EAGLE,APRIL INTERNATIONAL ENTEPRISE PTE LTD,SINGAPORE,CHITTAGONG,BANGLADESH
2019,470329,ROYAL GOLDEN EAGLE,APRIL,BUATAN,RIAU,503,228829,ROYAL GOLDEN EAGLE,APRIL INTERNATIONAL ENTEPRISE PTE LTD,SINGAPORE,WUHAN,CHINA (MAINLAND)
2019,470329,ROYAL GOLDEN EAGLE,APRIL,BUATAN,RIAU,201,91323,ROYAL GOLDEN EAGLE,APRIL INTERNATIONAL ENTEPRISE PTE LTD,SINGAPORE,PIPAVAV (VICTOR) PORT,INDIA
2019,470329,SINAR MAS,INDAH KIAT,PERAWANG,RIAU,60,36179,SINAR MAS,GOLDEN PROFIT TRADING PTE LTD,SINGAPORE,KARACHI,PAKISTAN
2019,470329,ROYAL GOLDEN EAGLE,APRIL,BUATAN,RIAU,98,44778,ROYAL GOLDEN EAGLE,APRIL INTERNATIONAL ENTEPRISE PTE LTD,SINGAPORE,DURBAN,SOUTH AFRICA
2019,470329,ROYAL GOLDEN EAGLE,APRIL,BUATAN,RIAU,502,228552,ROYAL GOLDEN EAGLE,APRIL INTERNATIONAL ENTEPRISE PTE LTD,SINGAPORE,CHITTAGONG,BANGLADESH
2019,470329,ROYAL GOLDEN EAGLE,APRIL,BUATAN,RIAU,201,91569,ROYAL GOLDEN EAGLE,APRIL INTERNATIONAL ENTEPRISE PTE LTD,SINGAPORE,BANGKOK,THAILAND
2019,470329,SINAR MAS,LONTAR PAPYRUS,KUALA TUNGKAL,JAMBI,502,304178,SINAR MAS,GOLDEN PROFIT TRADING PTE LTD,SINGAPORE,HAIPHONG,VIETNAM
2019,470329,SINAR MAS,LONTAR PAPYRUS,KUALA TUNGKAL,JAMBI,402,244205,SINAR MAS,GOLDEN PROFIT TRADING PTE LTD,SINGAPORE,PORT KELANG,MALAYSIA
2019,470329,ROYAL GOLDEN EAGLE,APRIL,BUATAN,RIAU,502,228466,ROYAL GOLDEN EAGLE,APRIL INTERNATIONAL ENTEPRISE PTE LTD,SINGAPORE,CHITTAGONG,BANGLADESH
2019,470329,ROYAL GOLDEN EAGLE,APRIL,BUATAN,RIAU,342,146855,ROYAL GOLDEN EAGLE,APRIL INTERNATIONAL ENTEPRISE PTE LTD,SINGAPORE,LUDHIANA,INDIA
2019,470329,SINAR MAS,LONTAR PAPYRUS,KUALA TUNGKAL,JAMBI,161,98294,SINAR MAS,GOLDEN PROFIT TRADING PTE LTD,SINGAPORE,CAT LAI,VIETNAM
2019,470329,SINAR MAS,OKI,SULTAN MAHMUD BADARUDDIN (U),SUMATERA SELATAN,3000,1824457,DRAGON CROWN HOLDINGS,DRAGON CROWN (HK) TRADING LTD,CHINA (HONG KONG),NINGBO,CHINA (MAINLAND)
2019,470329,SINAR MAS,OKI,SULTAN MAHMUD BADARUDDIN (U),SUMATERA SELATAN,1500,918225,DRAGON CROWN HOLDINGS,DRAGON CROWN (HK) TRADING LTD,CHINA (HONG KONG),QINGDAO,CHINA (MAINLAND)
2019,470329,SINAR MAS,OKI,SULTAN MAHMUD BADARUDDIN (U),SUMATERA SELATAN,1500,918225,DRAGON CROWN HOLDINGS,DRAGON CROWN (HK) TRADING LTD,CHINA (HONG KONG),QINGDAO,CHINA (MAINLAND)
2019,470329,SINAR MAS,OKI,SULTAN MAHMUD BADARUDDIN (U),SUMATERA SELATAN,1500,918225,DRAGON CROWN HOLDINGS,DRAGON CROWN (HK) TRADING LTD,CHINA (HONG KONG),QINGDAO,CHINA (MAINLAND)
2019,470329,SINAR MAS,OKI,SULTAN MAHMUD BADARUDDIN (U),SUMATERA SELATAN,1000,608152,DRAGON CROWN HOLDINGS,DRAGON CROWN (HK) TRADING LTD,CHINA (HONG KONG),NINGBO,CHINA (MAINLAND)
2019,470329,SINAR MAS,OKI,SULTAN MAHMUD BADARUDDIN (U),SUMATERA SELATAN,1500,918225,DRAGON CROWN HOLDINGS,DRAGON CROWN (HK) TRADING LTD,CHINA (HONG KONG),QINGDAO,CHINA (MAINLAND)
2019,470329,ROYAL GOLDEN EAGLE,APRIL,BUATAN,RIAU,496,225624,ROYAL GOLDEN EAGLE,APRIL INTERNATIONAL ENTEPRISE PTE LTD,SINGAPORE,EL ISKANDARIYA (= ALEXAND,EGYPT
2019,470329,MARUBENI,TANJUNG ENIM LESTARI,TARAHAN,SUMATERA SELATAN,211,133182,UNKNOWN AFFILIATION,RIZHAO BAFANG PAPER CO LTD,CHINA (MAINLAND),QINGDAO,CHINA (MAINLAND)
2019,470329,SINAR MAS,OKI,SULTAN MAHMUD BADARUDDIN (U),SUMATERA SELATAN,4000,2448000,CHINA UNION,CHINA UNION (MACAO COMMERCIAL OFFSHORE) CO LTD,MACAO,NINGBO,CHINA (MAINLAND)
2019,470329,MARUBENI,TANJUNG ENIM LESTARI,TARAHAN,SUMATERA SELATAN,1590,967876,VINDA,VINDA PAPER (SHANDONG) CO LTD,CHINA (MAINLAND),QINGDAO,CHINA (MAINLAND)
2019,470329,ROYAL GOLDEN EAGLE,APRIL,FUTONG,RIAU,1772,806192,ROYAL GOLDEN EAGLE,APRIL INTERNATIONAL ENTEPRISE PTE LTD,SINGAPORE,IYOMISHIMA,JAPAN
2019,470329,MARUBENI,TANJUNG ENIM LESTARI,TARAHAN,SUMATERA SELATAN,1029,586595,HONG WON,HONG WON PAPER MFG CO LTD,SOUTH KOREA,PYONGTAEK,SOUTH KOREA
2019,470329,MARUBENI,TANJUNG ENIM LESTARI,TARAHAN,SUMATERA SELATAN,524,307228,HANSOL,HANSOL PAPER CO LTD,SOUTH KOREA,PYONGTAEK,SOUTH KOREA
2019,470329,SINAR MAS,OKI,SULTAN MAHMUD BADARUDDIN (U),SUMATERA SELATAN,2000,1260000,UNKNOWN AFFILIATION,BRIGHTENING SKY CO LTD,CHINA (HONG KONG),NINGBO,CHINA (MAINLAND)
2019,470329,ROYAL GOLDEN EAGLE,APRIL,FUTONG,RIAU,1493,679281,ROYAL GOLDEN EAGLE,APRIL INTERNATIONAL ENTEPRISE PTE LTD,SINGAPORE,TAGONOURA,JAPAN
2019,470329,MARUBENI,TANJUNG ENIM LESTARI,TARAHAN,SUMATERA SELATAN,1030,587100,HONG WON,HONG WON PAPER MFG CO LTD,SOUTH KOREA,PYONGTAEK,SOUTH KOREA
2019,470329,SINAR MAS,OKI,SULTAN MAHMUD BADARUDDIN (U),SUMATERA SELATAN,5000,3150000,CHINA UNION,CHINA UNION (MACAO COMMERCIAL OFFSHORE) CO LTD,MACAO,NINGBO,CHINA (MAINLAND)
2019,470329,MARUBENI,TANJUNG ENIM LESTARI,TARAHAN,SUMATERA SELATAN,823,469069,HONG WON,HONG WON PAPER MFG CO LTD,SOUTH KOREA,PYONGTAEK,SOUTH KOREA
2019,470329,MARUBENI,TANJUNG ENIM LESTARI,TARAHAN,SUMATERA SELATAN,2120,1316432,UNKNOWN AFFILIATION,HENAN MAY AND WELL I/E CO LTD,CHINA (MAINLAND),QINGDAO,CHINA (MAINLAND)
2019,470329,MARUBENI,TANJUNG ENIM LESTARI,TARAHAN,SUMATERA SELATAN,735,418912,HONG WON,HONG WON PAPER MFG CO LTD,SOUTH KOREA,PYONGTAEK,SOUTH KOREA
2019,470329,MARUBENI,TANJUNG ENIM LESTARI,TARAHAN,SUMATERA SELATAN,314,183949,HANSOL,HANSOL PAPER CO LTD,SOUTH KOREA,PYONGTAEK,SOUTH KOREA
2019,470329,MARUBENI,TANJUNG ENIM LESTARI,TARAHAN,SUMATERA SELATAN,1060,658147,UNKNOWN AFFILIATION,WEALTHY TECH (HONGKONG) CO LTD,CHINA (HONG KONG),QINGDAO,CHINA (MAINLAND)
2019,470329,MARUBENI,TANJUNG ENIM LESTARI,TARAHAN,SUMATERA SELATAN,515,293465,HONG WON,HONG WON PAPER MFG CO LTD,SOUTH KOREA,PYONGTAEK,SOUTH KOREA
2019,470329,ROYAL GOLDEN EAGLE,APRIL,FUTONG,RIAU,3119,1419035,ROYAL GOLDEN EAGLE,APRIL INTERNATIONAL ENTEPRISE PTE LTD,SINGAPORE,NINGBO,CHINA (MAINLAND)
2019,470329,ROYAL GOLDEN EAGLE,APRIL,BUATAN,RIAU,1006,457604,ROYAL GOLDEN EAGLE,APRIL INTERNATIONAL ENTEPRISE PTE LTD,SINGAPORE,ZHAPU,CHINA (MAINLAND)
2019,470329,MARUBENI,TANJUNG ENIM LESTARI,PANJANG,SUMATERA SELATAN,446,282133,MARUBENI,MARUBENI CORP,JAPAN,SHIMIZU,JAPAN
2019,470329,SINAR MAS,INDAH KIAT,PERAWANG,RIAU,500,302800,SINAR MAS,GOLDEN PROFIT TRADING PTE LTD,SINGAPORE,CHITTAGONG,BANGLADESH
2019,470329,MARUBENI,TANJUNG ENIM LESTARI,PANJANG,SUMATERA SELATAN,194,123119,MARUBENI,MARUBENI CORP,JAPAN,SHIMIZU,JAPAN
2019,470329,ROYAL GOLDEN EAGLE,APRIL,FUTONG,RIAU,4196,1909224,ROYAL GOLDEN EAGLE,APRIL FAR EAST MALAYSIA SDN BHD,MALAYSIA,GAOLAN,CHINA (MAINLAND)
2019,470329,ROYAL GOLDEN EAGLE,APRIL,FUTONG,RIAU,2009,914238,ROYAL GOLDEN EAGLE,APRIL INTERNATIONAL ENTEPRISE PTE LTD,SINGAPORE,XINHUI,CHINA (MAINLAND)
2019,470329,SINAR MAS,INDAH KIAT,PERAWANG,RIAU,260,157220,SINAR MAS,GOLDEN PROFIT TRADING PTE LTD,SINGAPORE,EL ISKANDARIYA (= ALEXAND,EGYPT
2019,470329,MARUBENI,TANJUNG ENIM LESTARI,PANJANG,SUMATERA SELATAN,489,307633,VINDA,VINDA PAPER (ZHEJIANG) CO LTD,CHINA (MAINLAND),NINGBO,CHINA (MAINLAND)
2019,470329,ROYAL GOLDEN EAGLE,APRIL,BUATAN,RIAU,502,228354,ROYAL GOLDEN EAGLE,APRIL INTERNATIONAL ENTEPRISE PTE LTD,SINGAPORE,HAIPHONG,VIETNAM
2019,470329,SINAR MAS,INDAH KIAT,PERAWANG,RIAU,240,145126,SINAR MAS,GOLDEN PROFIT TRADING PTE LTD,SINGAPORE,EL ISKANDARIYA (= ALEXAND,EGYPT
2019,470329,SINAR MAS,INDAH KIAT,PERAWANG,RIAU,500,310917,DRAGON CROWN HOLDINGS,DRAGON CROWN (HK) TRADING LTD,CHINA (HONG KONG),CHANGSHU,CHINA (MAINLAND)
2019,470329,SINAR MAS,INDAH KIAT,PERAWANG,RIAU,100,61642,SINAR MAS,GOLDEN PROFIT TRADING PTE LTD,SINGAPORE,TAICHUNG,TAIWAN
2019,470329,SINAR MAS,INDAH KIAT,PERAWANG,RIAU,500,310412,SINAR MAS,GOLDEN PROFIT TRADING PTE LTD,SINGAPORE,HAIPHONG,VIETNAM
2019,470329,ROYAL GOLDEN EAGLE,APRIL,FUTONG,RIAU,4019,1828789,ROYAL GOLDEN EAGLE,APRIL FAR EAST MALAYSIA SDN BHD,MALAYSIA,XINHUI,CHINA (MAINLAND)
2019,470329,MARUBENI,TANJUNG ENIM LESTARI,PANJANG,SUMATERA SELATAN,105,67536,UNKNOWN AFFILIATION,VECHEM ORGANICS PVT LTD,INDIA,REWARI,INDIA
2019,470329,SINAR MAS,INDAH KIAT,PERAWANG,RIAU,500,312800,SINAR MAS,GOLDEN PROFIT TRADING PTE LTD,SINGAPORE,CHITTAGONG,BANGLADESH
2019,470329,SINAR MAS,INDAH KIAT,PERAWANG,RIAU,500,309031,SINAR MAS,GOLDEN PROFIT TRADING PTE LTD,SINGAPORE,LAT KRABANG,THAILAND
2019,470329,ROYAL GOLDEN EAGLE,APRIL,BUATAN,RIAU,60,27421,ROYAL GOLDEN EAGLE,APRIL INTERNATIONAL ENTEPRISE PTE LTD,SINGAPORE,JAWAHARLAL NEHRU (NHAVA S,INDIA
2019,470329,SINAR MAS,INDAH KIAT,PERAWANG,RIAU,500,310917,DRAGON CROWN HOLDINGS,DRAGON CROWN (HK) TRADING LTD,CHINA (HONG KONG),CHANGSHU,CHINA (MAINLAND)
2019,470329,SINAR MAS,LONTAR PAPYRUS,KUALA TUNGKAL,JAMBI,2110,1267516,UNKNOWN AFFILIATION,SUZHOU HUANG YI TRADE CO LTD,CHINA (MAINLAND),CHANGSHU,CHINA (MAINLAND)
2019,470329,SINAR MAS,OKI,SULTAN MAHMUD BADARUDDIN (U),SUMATERA SELATAN,1100,672267,DRAGON CROWN HOLDINGS,DRAGON CROWN (HK) TRADING LTD,CHINA (HONG KONG),SHANGHAI,CHINA (MAINLAND)
2019,470329,ROYAL GOLDEN EAGLE,APRIL,BUATAN,RIAU,101,45749,ROYAL GOLDEN EAGLE,APRIL INTERNATIONAL ENTEPRISE PTE LTD,SINGAPORE,ANKLESHWAR,INDIA
2019,470329,SINAR MAS,OKI,SULTAN MAHMUD BADARUDDIN (U),SUMATERA SELATAN,1650,1008401,DRAGON CROWN HOLDINGS,DRAGON CROWN (HK) TRADING LTD,CHINA (HONG KONG),SHANGHAI,CHINA (MAINLAND)
2019,470329,MARUBENI,TANJUNG ENIM LESTARI,PANJANG,SUMATERA SELATAN,301,188304,UNKNOWN AFFILIATION,NIBONG TEBAL PAPER MILL SDN BHD,MALAYSIA,PENANG (GEORGETOWN),MALAYSIA
2019,470329,SINAR MAS,OKI,SULTAN MAHMUD BADARUDDIN (U),SUMATERA SELATAN,1600,977843,DRAGON CROWN HOLDINGS,DRAGON CROWN (HK) TRADING LTD,CHINA (HONG KONG),SHANGHAI,CHINA (MAINLAND)
2019,470329,ROYAL GOLDEN EAGLE,APRIL,BUATAN,RIAU,503,228837,ROYAL GOLDEN EAGLE,APRIL INTERNATIONAL ENTEPRISE PTE LTD,SINGAPORE,WUHAN,CHINA (MAINLAND)
2019,470329,ROYAL GOLDEN EAGLE,APRIL,BUATAN,RIAU,502,228413,ROYAL GOLDEN EAGLE,APRIL INTERNATIONAL ENTEPRISE PTE LTD,SINGAPORE,CHITTAGONG,BANGLADESH
2019,470329,ROYAL GOLDEN EAGLE,APRIL,BUATAN,RIAU,502,228455,ROYAL GOLDEN EAGLE,APRIL INTERNATIONAL ENTEPRISE PTE LTD,SINGAPORE,CHITTAGONG,BANGLADESH
2019,470329,ROYAL GOLDEN EAGLE,APRIL,BUATAN,RIAU,40,18309,ROYAL GOLDEN EAGLE,APRIL INTERNATIONAL ENTEPRISE PTE LTD,SINGAPORE,JAWAHARLAL NEHRU (NHAVA S,INDIA
2019,470329,ROYAL GOLDEN EAGLE,APRIL,BUATAN,RIAU,100,45698,ROYAL GOLDEN EAGLE,APRIL INTERNATIONAL ENTEPRISE PTE LTD,SINGAPORE,MUNDRA,INDIA
2019,470329,SINAR MAS,OKI,SULTAN MAHMUD BADARUDDIN (U),SUMATERA SELATAN,1600,977843,DRAGON CROWN HOLDINGS,DRAGON CROWN (HK) TRADING LTD,CHINA (HONG KONG),SHANGHAI,CHINA (MAINLAND)
2019,470329,SINAR MAS,OKI,SULTAN MAHMUD BADARUDDIN (U),SUMATERA SELATAN,1000,611152,DRAGON CROWN HOLDINGS,DRAGON CROWN (HK) TRADING LTD,CHINA (HONG KONG),SHANGHAI,CHINA (MAINLAND)
2019,470329,SINAR MAS,OKI,SULTAN MAHMUD BADARUDDIN (U),SUMATERA SELATAN,1100,672267,DRAGON CROWN HOLDINGS,DRAGON CROWN (HK) TRADING LTD,CHINA (HONG KONG),SHANGHAI,CHINA (MAINLAND)
2019,470329,ROYAL GOLDEN EAGLE,APRIL,BUATAN,RIAU,503,228771,ROYAL GOLDEN EAGLE,APRIL INTERNATIONAL ENTEPRISE PTE LTD,SINGAPORE,CHITTAGONG,BANGLADESH
2019,470329,SINAR MAS,OKI,SULTAN MAHMUD BADARUDDIN (U),SUMATERA SELATAN,1100,672267,DRAGON CROWN HOLDINGS,DRAGON CROWN (HK) TRADING LTD,CHINA (HONG KONG),SHANGHAI,CHINA (MAINLAND)
2019,470329,ROYAL GOLDEN EAGLE,APRIL,BUATAN,RIAU,502,228602,ROYAL GOLDEN EAGLE,APRIL INTERNATIONAL ENTEPRISE PTE LTD,SINGAPORE,CHITTAGONG,BANGLADESH
2019,470329,SINAR MAS,INDAH KIAT,PERAWANG,RIAU,500,310917,DRAGON CROWN HOLDINGS,DRAGON CROWN (HK) TRADING LTD,CHINA (HONG KONG),CHANGSHU,CHINA (MAINLAND)
2019,470329,SINAR MAS,OKI,SULTAN MAHMUD BADARUDDIN (U),SUMATERA SELATAN,1650,1008401,DRAGON CROWN HOLDINGS,DRAGON CROWN (HK) TRADING LTD,CHINA (HONG KONG),SHANGHAI,CHINA (MAINLAND)
2019,470329,ROYAL GOLDEN EAGLE,APRIL,BUATAN,RIAU,502,228607,ROYAL GOLDEN EAGLE,APRIL INTERNATIONAL ENTEPRISE PTE LTD,SINGAPORE,CHITTAGONG,BANGLADESH
2019,470329,SINAR MAS,LONTAR PAPYRUS,KUALA TUNGKAL,JAMBI,3169,1967619,SINAR MAS,GOLDEN PROFIT TRADING PTE LTD,SINGAPORE,CHANGSHU,CHINA (MAINLAND)
2019,470329,SINAR MAS,LONTAR PAPYRUS,KUALA TUNGKAL,JAMBI,5262,3161153,UNKNOWN AFFILIATION,SUZHOU GUANBAO TRADING LTD,CHINA (MAINLAND),CHANGSHU,CHINA (MAINLAND)
2019,470329,SINAR MAS,OKI,SULTAN MAHMUD BADARUDDIN (U),SUMATERA SELATAN,2000,1202315,DRAGON CROWN HOLDINGS,DRAGON CROWN (HK) TRADING LTD,CHINA (HONG KONG),GAOLAN,CHINA (MAINLAND)
2019,470329,SINAR MAS,OKI,SULTAN MAHMUD BADARUDDIN (U),SUMATERA SELATAN,1100,672267,DRAGON CROWN HOLDINGS,DRAGON CROWN (HK) TRADING LTD,CHINA (HONG KONG),SHANGHAI,CHINA (MAINLAND)
2019,470329,SINAR MAS,OKI,SULTAN MAHMUD BADARUDDIN (U),SUMATERA SELATAN,1070,653932,DRAGON CROWN HOLDINGS,DRAGON CROWN (HK) TRADING LTD,CHINA (HONG KONG),SHANGHAI,CHINA (MAINLAND)
2019,470329,ROYAL GOLDEN EAGLE,APRIL,BUATAN,RIAU,241,109594,ROYAL GOLDEN EAGLE,APRIL INTERNATIONAL ENTEPRISE PTE LTD,SINGAPORE,JAWAHARLAL NEHRU (NHAVA S,INDIA
2019,470329,ROYAL GOLDEN EAGLE,APRIL,BUATAN,RIAU,502,228460,ROYAL GOLDEN EAGLE,APRIL INTERNATIONAL ENTEPRISE PTE LTD,SINGAPORE,TALEGOAN,INDIA
2019,470329,ROYAL GOLDEN EAGLE,APRIL,BUATAN,RIAU,201,91466,ROYAL GOLDEN EAGLE,APRIL INTERNATIONAL ENTEPRISE PTE LTD,SINGAPORE,PIPAVAV (VICTOR) PORT,INDIA
2019,470329,ROYAL GOLDEN EAGLE,APRIL,BUATAN,RIAU,100,45596,ROYAL GOLDEN EAGLE,APRIL INTERNATIONAL ENTEPRISE PTE LTD,SINGAPORE,NAGPUR,INDIA
2019,470329,SINAR MAS,INDAH KIAT,PERAWANG,RIAU,1000,619559,DRAGON CROWN HOLDINGS,DRAGON CROWN (HK) TRADING LTD,CHINA (HONG KONG),CHONGQING,CHINA (MAINLAND)
2019,470329,SINAR MAS,INDAH KIAT,PERAWANG,RIAU,500,317577,DRAGON CROWN HOLDINGS,DRAGON CROWN (HK) TRADING LTD,CHINA (HONG KONG),CHANGSHU,CHINA (MAINLAND)
2019,470329,SINAR MAS,INDAH KIAT,PERAWANG,RIAU,500,304753,SINAR MAS,GOLDEN PROFIT TRADING PTE LTD,SINGAPORE,MANILA SOUTH HARBOUR,PHILIPPINES
2019,470329,SINAR MAS,LONTAR PAPYRUS,KUALA TUNGKAL,JAMBI,141,85888,SINAR MAS,GOLDEN PROFIT TRADING PTE LTD,SINGAPORE,CAT LAI,VIETNAM
2019,470329,SINAR MAS,LONTAR PAPYRUS,KUALA TUNGKAL,JAMBI,342,213363,UNKNOWN AFFILIATION,BRIGHTENING SKY CO LTD,CHINA (HONG KONG),DALIAN,CHINA (MAINLAND)
2019,470329,SINAR MAS,INDAH KIAT,PERAWANG,RIAU,700,436521,DRAGON CROWN HOLDINGS,DRAGON CROWN (HK) TRADING LTD,CHINA (HONG KONG),NINGBO,CHINA (MAINLAND)
2019,470329,SINAR MAS,LONTAR PAPYRUS,KUALA TUNGKAL,JAMBI,1304,793755,SINAR MAS,GOLDEN PROFIT TRADING PTE LTD,SINGAPORE,LAT KRABANG,THAILAND
2019,470329,SINAR MAS,INDAH KIAT,PERAWANG,RIAU,192,117130,SINAR MAS,GOLDEN PROFIT TRADING PTE LTD,SINGAPORE,TAICHUNG,TAIWAN
2019,470329,SINAR MAS,INDAH KIAT,PERAWANG,RIAU,100,60298,SINAR MAS,GOLDEN PROFIT TRADING PTE LTD,SINGAPORE,KARACHI,PAKISTAN
2019,470329,SINAR MAS,LONTAR PAPYRUS,KUALA TUNGKAL,JAMBI,502,303999,SINAR MAS,GOLDEN PROFIT TRADING PTE LTD,SINGAPORE,HAIPHONG,VIETNAM
2019,470329,SINAR MAS,INDAH KIAT,PERAWANG,RIAU,1080,680200,SINAR MAS,GOLDEN PROFIT TRADING PTE LTD,SINGAPORE,TUTICORIN,INDIA
2019,470329,ROYAL GOLDEN EAGLE,APRIL,BUATAN,RIAU,201,91245,ROYAL GOLDEN EAGLE,APRIL INTERNATIONAL ENTEPRISE PTE LTD,SINGAPORE,PIPAVAV (VICTOR) PORT,INDIA
2019,470329,ROYAL GOLDEN EAGLE,APRIL,BUATAN,RIAU,161,73172,ROYAL GOLDEN EAGLE,APRIL INTERNATIONAL ENTEPRISE PTE LTD,SINGAPORE,KARACHI,PAKISTAN
2019,470329,ROYAL GOLDEN EAGLE,APRIL,BUATAN,RIAU,502,228551,ROYAL GOLDEN EAGLE,APRIL INTERNATIONAL ENTEPRISE PTE LTD,SINGAPORE,CHITTAGONG,BANGLADESH
2019,470329,MARUBENI,TANJUNG ENIM LESTARI,PANJANG,SUMATERA SELATAN,383,240609,VINDA,VINDA PAPER (ZHEJIANG) CO LTD,CHINA (MAINLAND),NINGBO,CHINA (MAINLAND)
2019,470329,ROYAL GOLDEN EAGLE,APRIL,BUATAN,RIAU,597,271461,ROYAL GOLDEN EAGLE,APRIL INTERNATIONAL ENTEPRISE PTE LTD,SINGAPORE,CASABLANCA,MOROCCO
2019,470329,SINAR MAS,OKI,SULTAN MAHMUD BADARUDDIN (U),SUMATERA SELATAN,2000,1220296,DRAGON CROWN HOLDINGS,DRAGON CROWN (HK) TRADING LTD,CHINA (HONG KONG),XINHUI,CHINA (MAINLAND)
2019,470329,SINAR MAS,OKI,SULTAN MAHMUD BADARUDDIN (U),SUMATERA SELATAN,600,366089,DRAGON CROWN HOLDINGS,DRAGON CROWN (HK) TRADING LTD,CHINA (HONG KONG),XINHUI,CHINA (MAINLAND)
2019,470329,ROYAL GOLDEN EAGLE,APRIL,BUATAN,RIAU,503,228794,ROYAL GOLDEN EAGLE,APRIL INTERNATIONAL ENTEPRISE PTE LTD,SINGAPORE,CHITTAGONG,BANGLADESH
2019,470329,SINAR MAS,OKI,SULTAN MAHMUD BADARUDDIN (U),SUMATERA SELATAN,700,425600,UNKNOWN AFFILIATION,SUZHOU GUANBAO TRADING LTD,CHINA (MAINLAND),YANGPU,CHINA (MAINLAND)
2019,470329,SINAR MAS,OKI,SULTAN MAHMUD BADARUDDIN (U),SUMATERA SELATAN,450,282600,UNKNOWN AFFILIATION,SUZHOU GUANBAO TRADING LTD,CHINA (MAINLAND),YANGPU,CHINA (MAINLAND)
2019,470329,SINAR MAS,OKI,SULTAN MAHMUD BADARUDDIN (U),SUMATERA SELATAN,500,305074,DRAGON CROWN HOLDINGS,DRAGON CROWN (HK) TRADING LTD,CHINA (HONG KONG),XINHUI,CHINA (MAINLAND)
2019,470329,SINAR MAS,OKI,SULTAN MAHMUD BADARUDDIN (U),SUMATERA SELATAN,500,305074,DRAGON CROWN HOLDINGS,DRAGON CROWN (HK) TRADING LTD,CHINA (HONG KONG),XINHUI,CHINA (MAINLAND)
2019,470329,SINAR MAS,OKI,SULTAN MAHMUD BADARUDDIN (U),SUMATERA SELATAN,5250,3192000,CHINA UNION,CHINA UNION (MACAO COMMERCIAL OFFSHORE) CO LTD,MACAO,YANGPU,CHINA (MAINLAND)
2019,470329,SINAR MAS,OKI,SULTAN MAHMUD BADARUDDIN (U),SUMATERA SELATAN,2500,1522500,UNKNOWN AFFILIATION,SUZHOU HUANG YI TRADE CO LTD,CHINA (MAINLAND),CHANGSHU,CHINA (MAINLAND)
2019,470329,SINAR MAS,OKI,SULTAN MAHMUD BADARUDDIN (U),SUMATERA SELATAN,770,484330,UNKNOWN AFFILIATION,SUZHOU GUANBAO TRADING LTD,CHINA (MAINLAND),ZHENJIANG,CHINA (MAINLAND)
2019,470329,SINAR MAS,OKI,SULTAN MAHMUD BADARUDDIN (U),SUMATERA SELATAN,3180,1942980,UNKNOWN AFFILIATION,FREELAND UNIVERSAL LTD,CHINA (HONG KONG),ZHENJIANG,CHINA (MAINLAND)
2019,470329,ROYAL GOLDEN EAGLE,APRIL,BUATAN,RIAU,503,228701,ROYAL GOLDEN EAGLE,APRIL INTERNATIONAL ENTEPRISE PTE LTD,SINGAPORE,CHITTAGONG,BANGLADESH
2019,470329,SINAR MAS,OKI,SULTAN MAHMUD BADARUDDIN (U),SUMATERA SELATAN,1900,1195100,UNKNOWN AFFILIATION,BRIGHTENING SKY CO LTD,CHINA (HONG KONG),CHANGSHU,CHINA (MAINLAND)
2019,470329,SINAR MAS,OKI,SULTAN MAHMUD BADARUDDIN (U),SUMATERA SELATAN,1000,609000,UNKNOWN AFFILIATION,FREELAND UNIVERSAL LTD,CHINA (HONG KONG),CHANGSHU,CHINA (MAINLAND)
2019,470329,SINAR MAS,OKI,SULTAN MAHMUD BADARUDDIN (U),SUMATERA SELATAN,10000,6110000,UNKNOWN AFFILIATION,SUZHOU HUANG YI TRADE CO LTD,CHINA (MAINLAND),ZHENJIANG,CHINA (MAINLAND)
2019,470329,SINAR MAS,OKI,SULTAN MAHMUD BADARUDDIN (U),SUMATERA SELATAN,4600,2893400,UNKNOWN AFFILIATION,SUZHOU GUANBAO TRADING LTD,CHINA (MAINLAND),CHANGSHU,CHINA (MAINLAND)
2019,470329,SINAR MAS,INDAH KIAT,PERAWANG,RIAU,1060,647830,SINAR MAS,GOLDEN PROFIT TRADING PTE LTD,SINGAPORE,TUTICORIN,INDIA
2019,470329,SINAR MAS,INDAH KIAT,PERAWANG,RIAU,260,156748,SINAR MAS,GOLDEN PROFIT TRADING PTE LTD,SINGAPORE,EL ISKANDARIYA (= ALEXAND,EGYPT
2019,470329,SINAR MAS,INDAH KIAT,PERAWANG,RIAU,240,144690,SINAR MAS,GOLDEN PROFIT TRADING PTE LTD,SINGAPORE,EL ISKANDARIYA (= ALEXAND,EGYPT
2019,470329,SINAR MAS,INDAH KIAT,PERAWANG,RIAU,500,298016,SINAR MAS,GOLDEN PROFIT TRADING PTE LTD,SINGAPORE,APAPA,NIGERIA
2019,470329,ROYAL GOLDEN EAGLE,APRIL,BUATAN,RIAU,644,299254,ROYAL GOLDEN EAGLE,APRIL INTERNATIONAL ENTEPRISE PTE LTD,SINGAPORE,ABU DHABI,UNITED ARAB EMIRATES
2019,470329,SINAR MAS,OKI,SULTAN MAHMUD BADARUDDIN (U),SUMATERA SELATAN,2000,1236296,DRAGON CROWN HOLDINGS,DRAGON CROWN (HK) TRADING LTD,CHINA (HONG KONG),XINHUI,CHINA (MAINLAND)
2019,470329,SINAR MAS,OKI,SULTAN MAHMUD BADARUDDIN (U),SUMATERA SELATAN,1000,618148,DRAGON CROWN HOLDINGS,DRAGON CROWN (HK) TRADING LTD,CHINA (HONG KONG),XINHUI,CHINA (MAINLAND)
2019,470329,ROYAL GOLDEN EAGLE,APRIL,BUATAN,RIAU,497,230874,ROYAL GOLDEN EAGLE,APRIL INTERNATIONAL ENTEPRISE PTE LTD,SINGAPORE,JEBEL ALI,UNITED ARAB EMIRATES
2019,470329,SINAR MAS,OKI,SULTAN MAHMUD BADARUDDIN (U),SUMATERA SELATAN,4000,2434000,UNKNOWN AFFILIATION,SUZHOU GUANBAO TRADING LTD,CHINA (MAINLAND),YANGPU,CHINA (MAINLAND)
2019,470329,MARUBENI,TANJUNG ENIM LESTARI,PANJANG,SUMATERA SELATAN,995,647479,XIANMEN ITG,ITG RESOURCES (SINGAPORE) PTE LTD,SINGAPORE,SHANGHAI,CHINA (MAINLAND)
2019,470329,SINAR MAS,OKI,SULTAN MAHMUD BADARUDDIN (U),SUMATERA SELATAN,1000,618148,DRAGON CROWN HOLDINGS,DRAGON CROWN (HK) TRADING LTD,CHINA (HONG KONG),XINHUI,CHINA (MAINLAND)
2019,470329,ROYAL GOLDEN EAGLE,APRIL,BUATAN,RIAU,1105,514036,ROYAL GOLDEN EAGLE,APRIL INTERNATIONAL ENTEPRISE PTE LTD,SINGAPORE,ABU DHABI,UNITED ARAB EMIRATES
2019,470329,SINAR MAS,INDAH KIAT,PERAWANG,RIAU,500,306000,UNKNOWN AFFILIATION,FREELAND UNIVERSAL LTD,CHINA (HONG KONG),CHANGSHU,CHINA (MAINLAND)
2019,470329,SINAR MAS,OKI,SULTAN MAHMUD BADARUDDIN (U),SUMATERA SELATAN,1500,915228,DRAGON CROWN HOLDINGS,DRAGON CROWN (HK) TRADING LTD,CHINA (HONG KONG),TIANJIN,CHINA (MAINLAND)
2019,470329,SINAR MAS,INDAH KIAT,PERAWANG,RIAU,1200,734400,UNKNOWN AFFILIATION,SUZHOU GUANBAO TRADING LTD,CHINA (MAINLAND),CHANGSHU,CHINA (MAINLAND)
2019,470329,ROYAL GOLDEN EAGLE,APRIL,BUATAN,RIAU,496,230795,ROYAL GOLDEN EAGLE,APRIL INTERNATIONAL ENTEPRISE PTE LTD,SINGAPORE,JEBEL ALI,UNITED ARAB EMIRATES
2019,470329,SINAR MAS,INDAH KIAT,PERAWANG,RIAU,3100,1897200,UNKNOWN AFFILIATION,SUZHOU HUANG YI TRADE CO LTD,CHINA (MAINLAND),CHANGSHU,CHINA (MAINLAND)
2019,470329,SINAR MAS,OKI,SULTAN MAHMUD BADARUDDIN (U),SUMATERA SELATAN,1000,609152,DRAGON CROWN HOLDINGS,DRAGON CROWN (HK) TRADING LTD,CHINA (HONG KONG),TIANJIN,CHINA (MAINLAND)
2019,470329,SINAR MAS,OKI,SULTAN MAHMUD BADARUDDIN (U),SUMATERA SELATAN,1500,915228,DRAGON CROWN HOLDINGS,DRAGON CROWN (HK) TRADING LTD,CHINA (HONG KONG),TIANJIN,CHINA (MAINLAND)
2019,470329,SINAR MAS,OKI,SULTAN MAHMUD BADARUDDIN (U),SUMATERA SELATAN,1000,613150,DRAGON CROWN HOLDINGS,DRAGON CROWN (HK) TRADING LTD,CHINA (HONG KONG),QINGDAO,CHINA (MAINLAND)
2019,470329,SINAR MAS,OKI,SULTAN MAHMUD BADARUDDIN (U),SUMATERA SELATAN,1000,609152,DRAGON CROWN HOLDINGS,DRAGON CROWN (HK) TRADING LTD,CHINA (HONG KONG),TIANJIN,CHINA (MAINLAND)
2019,470329,SINAR MAS,OKI,SULTAN MAHMUD BADARUDDIN (U),SUMATERA SELATAN,1000,613150,DRAGON CROWN HOLDINGS,DRAGON CROWN (HK) TRADING LTD,CHINA (HONG KONG),QINGDAO,CHINA (MAINLAND)
2019,470329,SINAR MAS,INDAH KIAT,PERAWANG,RIAU,500,306000,UNKNOWN AFFILIATION,BRIGHTENING SKY CO LTD,CHINA (HONG KONG),CHANGSHU,CHINA (MAINLAND)
2019,470329,SINAR MAS,INDAH KIAT,PERAWANG,RIAU,1900,1162800,UNKNOWN AFFILIATION,FREELAND UNIVERSAL LTD,CHINA (HONG KONG),CHANGSHU,CHINA (MAINLAND)
2019,470329,SINAR MAS,INDAH KIAT,PERAWANG,RIAU,3800,2325600,UNKNOWN AFFILIATION,SUZHOU GUANBAO TRADING LTD,CHINA (MAINLAND),CHANGSHU,CHINA (MAINLAND)
2019,470329,SINAR MAS,OKI,SULTAN MAHMUD BADARUDDIN (U),SUMATERA SELATAN,1000,609152,DRAGON CROWN HOLDINGS,DRAGON CROWN (HK) TRADING LTD,CHINA (HONG KONG),TIANJIN,CHINA (MAINLAND)
2019,470329,SINAR MAS,OKI,SULTAN MAHMUD BADARUDDIN (U),SUMATERA SELATAN,1000,609152,DRAGON CROWN HOLDINGS,DRAGON CROWN (HK) TRADING LTD,CHINA (HONG KONG),TIANJIN,CHINA (MAINLAND)
2019,470329,SINAR MAS,OKI,SULTAN MAHMUD BADARUDDIN (U),SUMATERA SELATAN,1000,609152,DRAGON CROWN HOLDINGS,DRAGON CROWN (HK) TRADING LTD,CHINA (HONG KONG),TIANJIN,CHINA (MAINLAND)
2019,470329,SINAR MAS,OKI,SULTAN MAHMUD BADARUDDIN (U),SUMATERA SELATAN,500,305076,DRAGON CROWN HOLDINGS,DRAGON CROWN (HK) TRADING LTD,CHINA (HONG KONG),QINGDAO,CHINA (MAINLAND)
2019,470329,ROYAL GOLDEN EAGLE,APRIL,FUTONG,RIAU,9250,4301103,ROYAL GOLDEN EAGLE,APRIL INTERNATIONAL ENTEPRISE PTE LTD,SINGAPORE,CHITTAGONG,BANGLADESH
2019,470329,SINAR MAS,OKI,SULTAN MAHMUD BADARUDDIN (U),SUMATERA SELATAN,1000,630141,DRAGON CROWN HOLDINGS,DRAGON CROWN (HK) TRADING LTD,CHINA (HONG KONG),QINGDAO,CHINA (MAINLAND)
2019,470329,SINAR MAS,OKI,SULTAN MAHMUD BADARUDDIN (U),SUMATERA SELATAN,2200,1340135,DRAGON CROWN HOLDINGS,DRAGON CROWN (HK) TRADING LTD,CHINA (HONG KONG),QINGDAO,CHINA (MAINLAND)
2019,470329,ROYAL GOLDEN EAGLE,APRIL,FUTONG,RIAU,5988,2784300,ROYAL GOLDEN EAGLE,APRIL INTERNATIONAL ENTEPRISE PTE LTD,SINGAPORE,ABU DHABI,UNITED ARAB EMIRATES
2019,470329,SINAR MAS,OKI,SULTAN MAHMUD BADARUDDIN (U),SUMATERA SELATAN,300,183196,DRAGON CROWN HOLDINGS,DRAGON CROWN (HK) TRADING LTD,CHINA (HONG KONG),CHANGSHU,CHINA (MAINLAND)
2019,470329,MARUBENI,TANJUNG ENIM LESTARI,PANJANG,SUMATERA SELATAN,538,340379,MARUBENI,MARUBENI CORP,JAPAN,SHIMIZU,JAPAN
2019,470329,SINAR MAS,OKI,SULTAN MAHMUD BADARUDDIN (U),SUMATERA SELATAN,2000,1222000,UNKNOWN AFFILIATION,FREELAND UNIVERSAL LTD,CHINA (HONG KONG),CHANGSHU,CHINA (MAINLAND)
2019,470329,SINAR MAS,OKI,SULTAN MAHMUD BADARUDDIN (U),SUMATERA SELATAN,2000,1221305,DRAGON CROWN HOLDINGS,DRAGON CROWN (HK) TRADING LTD,CHINA (HONG KONG),CHANGSHU,CHINA (MAINLAND)
2019,470329,SINAR MAS,OKI,SULTAN MAHMUD BADARUDDIN (U),SUMATERA SELATAN,7000,4277000,UNKNOWN AFFILIATION,FREELAND UNIVERSAL LTD,CHINA (HONG KONG),ZHENJIANG,CHINA (MAINLAND)
2019,470329,SINAR MAS,INDAH KIAT,PERAWANG,RIAU,500,311066,SINAR MAS,GOLDEN PROFIT TRADING PTE LTD,SINGAPORE,HAIPHONG,VIETNAM
2019,470329,SINAR MAS,OKI,SULTAN MAHMUD BADARUDDIN (U),SUMATERA SELATAN,1000,610652,DRAGON CROWN HOLDINGS,DRAGON CROWN (HK) TRADING LTD,CHINA (HONG KONG),CHANGSHU,CHINA (MAINLAND)
2019,470329,SINAR MAS,OKI,SULTAN MAHMUD BADARUDDIN (U),SUMATERA SELATAN,6300,3836700,UNKNOWN AFFILIATION,FREELAND UNIVERSAL LTD,CHINA (HONG KONG),CHANGSHU,CHINA (MAINLAND)
2019,470329,ROYAL GOLDEN EAGLE,APRIL,BUATAN,RIAU,503,233756,ROYAL GOLDEN EAGLE,APRIL INTERNATIONAL ENTEPRISE PTE LTD,SINGAPORE,CHITTAGONG,BANGLADESH
2019,470329,SINAR MAS,OKI,SULTAN MAHMUD BADARUDDIN (U),SUMATERA SELATAN,2000,1225296,DRAGON CROWN HOLDINGS,DRAGON CROWN (HK) TRADING LTD,CHINA (HONG KONG),XINHUI,CHINA (MAINLAND)
2019,470329,SINAR MAS,OKI,SULTAN MAHMUD BADARUDDIN (U),SUMATERA SELATAN,2000,1225296,DRAGON CROWN HOLDINGS,DRAGON CROWN (HK) TRADING LTD,CHINA (HONG KONG),XINHUI,CHINA (MAINLAND)
2019,470329,ROYAL GOLDEN EAGLE,APRIL,BUATAN,RIAU,704,327176,ROYAL GOLDEN EAGLE,APRIL INTERNATIONAL ENTEPRISE PTE LTD,SINGAPORE,WESTPORT/PORT KLANG,MALAYSIA
2019,470329,SINAR MAS,INDAH KIAT,PERAWANG,RIAU,2000,1217100,SINAR MAS,GOLDEN PROFIT TRADING PTE LTD,SINGAPORE,HALDIA,INDIA
2019,470329,SINAR MAS,OKI,SULTAN MAHMUD BADARUDDIN (U),SUMATERA SELATAN,1400,855400,UNKNOWN AFFILIATION,SUZHOU HUANG YI TRADE CO LTD,CHINA (MAINLAND),ZHENJIANG,CHINA (MAINLAND)
2019,470329,SINAR MAS,OKI,SULTAN MAHMUD BADARUDDIN (U),SUMATERA SELATAN,992,596962,DRAGON CROWN HOLDINGS,DRAGON CROWN (HK) TRADING LTD,CHINA (HONG KONG),XIAMEN,CHINA (MAINLAND)
2019,470329,SINAR MAS,OKI,SULTAN MAHMUD BADARUDDIN (U),SUMATERA SELATAN,3000,1836451,DRAGON CROWN HOLDINGS,DRAGON CROWN (HK) TRADING LTD,CHINA (HONG KONG),ZHANJIANG,CHINA (MAINLAND)
2019,470329,SINAR MAS,OKI,SULTAN MAHMUD BADARUDDIN (U),SUMATERA SELATAN,2000,1221305,DRAGON CROWN HOLDINGS,DRAGON CROWN (HK) TRADING LTD,CHINA (HONG KONG),CHANGSHU,CHINA (MAINLAND)
2019,470329,SINAR MAS,INDAH KIAT,PERAWANG,RIAU,1500,962271,SINAR MAS,GOLDEN PROFIT TRADING PTE LTD,SINGAPORE,HALDIA,INDIA
2019,470329,MARUBENI,TANJUNG ENIM LESTARI,PANJANG,SUMATERA SELATAN,509,295200,UPM-KYMMENE,UPM (CHINA) CO LTD,CHINA (MAINLAND),CHANGSHU,CHINA (MAINLAND)
2019,470329,SINAR MAS,OKI,SULTAN MAHMUD BADARUDDIN (U),SUMATERA SELATAN,2000,1221305,DRAGON CROWN HOLDINGS,DRAGON CROWN (HK) TRADING LTD,CHINA (HONG KONG),QINGDAO,CHINA (MAINLAND)
2019,470329,SINAR MAS,OKI,SULTAN MAHMUD BADARUDDIN (U),SUMATERA SELATAN,2000,1221305,DRAGON CROWN HOLDINGS,DRAGON CROWN (HK) TRADING LTD,CHINA (HONG KONG),QINGDAO,CHINA (MAINLAND)
2019,470329,ROYAL GOLDEN EAGLE,APRIL,BUATAN,RIAU,60,27404,ROYAL GOLDEN EAGLE,APRIL INTERNATIONAL ENTEPRISE PTE LTD,SINGAPORE,JAWAHARLAL NEHRU (NHAVA S,INDIA
2019,470329,SINAR MAS,LONTAR PAPYRUS,KUALA TUNGKAL,JAMBI,501,310470,SINAR MAS,GOLDEN PROFIT TRADING PTE LTD,SINGAPORE,HAIPHONG,VIETNAM
2019,470329,SINAR MAS,OKI,SULTAN MAHMUD BADARUDDIN (U),SUMATERA SELATAN,2000,1221305,DRAGON CROWN HOLDINGS,DRAGON CROWN (HK) TRADING LTD,CHINA (HONG KONG),QINGDAO,CHINA (MAINLAND)
2019,470329,SINAR MAS,OKI,SULTAN MAHMUD BADARUDDIN (U),SUMATERA SELATAN,1700,1038109,DRAGON CROWN HOLDINGS,DRAGON CROWN (HK) TRADING LTD,CHINA (HONG KONG),QINGDAO,CHINA (MAINLAND)
2019,470329,MARUBENI,TANJUNG ENIM LESTARI,PANJANG,SUMATERA SELATAN,495,305828,UNKNOWN AFFILIATION,YUEN FOONG YU INVESTMENT CO LTD,CHINA (MAINLAND),YANGZHOU,CHINA (MAINLAND)
2019,470329,SINAR MAS,LONTAR PAPYRUS,KUALA TUNGKAL,JAMBI,301,186435,SINAR MAS,GOLDEN PROFIT TRADING PTE LTD,SINGAPORE,HAIPHONG,VIETNAM
2019,470329,ROYAL GOLDEN EAGLE,APRIL,BUATAN,RIAU,100,45708,ROYAL GOLDEN EAGLE,APRIL INTERNATIONAL ENTEPRISE PTE LTD,SINGAPORE,ANKLESHWAR,INDIA
2019,470329,ROYAL GOLDEN EAGLE,APRIL,BUATAN,RIAU,40,18682,ROYAL GOLDEN EAGLE,APRIL INTERNATIONAL ENTEPRISE PTE LTD,SINGAPORE,NAGPUR,INDIA
2019,470329,ROYAL GOLDEN EAGLE,APRIL,BUATAN,RIAU,100,46660,ROYAL GOLDEN EAGLE,APRIL INTERNATIONAL ENTEPRISE PTE LTD,SINGAPORE,JAWAHARLAL NEHRU (NHAVA S,INDIA
2019,470329,MARUBENI,TANJUNG ENIM LESTARI,PANJANG,SUMATERA SELATAN,194,122609,MARUBENI,MARUBENI CORP,JAPAN,SHIMIZU,JAPAN
2019,470329,ROYAL GOLDEN EAGLE,APRIL,BUATAN,RIAU,261,121256,ROYAL GOLDEN EAGLE,APRIL INTERNATIONAL ENTEPRISE PTE LTD,SINGAPORE,LUDHIANA,INDIA
2019,470329,SINAR MAS,OKI,SULTAN MAHMUD BADARUDDIN (U),SUMATERA SELATAN,1000,610652,DRAGON CROWN HOLDINGS,DRAGON CROWN (HK) TRADING LTD,CHINA (HONG KONG),QINGDAO,CHINA (MAINLAND)
2019,470329,ROYAL GOLDEN EAGLE,APRIL,BUATAN,RIAU,40,18305,ROYAL GOLDEN EAGLE,APRIL INTERNATIONAL ENTEPRISE PTE LTD,SINGAPORE,MUNDRA,INDIA
2019,470329,SINAR MAS,OKI,SULTAN MAHMUD BADARUDDIN (U),SUMATERA SELATAN,2000,1221305,DRAGON CROWN HOLDINGS,DRAGON CROWN (HK) TRADING LTD,CHINA (HONG KONG),QINGDAO,CHINA (MAINLAND)
2019,470329,ROYAL GOLDEN EAGLE,APRIL,BUATAN,RIAU,60,27423,ROYAL GOLDEN EAGLE,APRIL INTERNATIONAL ENTEPRISE PTE LTD,SINGAPORE,JAWAHARLAL NEHRU (NHAVA S,INDIA
2019,470329,ROYAL GOLDEN EAGLE,APRIL,BUATAN,RIAU,502,233382,ROYAL GOLDEN EAGLE,APRIL INTERNATIONAL ENTEPRISE PTE LTD,SINGAPORE,TALEGOAN,INDIA
2019,470329,MARUBENI,TANJUNG ENIM LESTARI,PANJANG,SUMATERA SELATAN,299,186841,UNKNOWN AFFILIATION,YUEN FOONG YU CONSUMER PRODUCTS CO LTD,TAIWAN,TAICHUNG,TAIWAN
2019,470329,ROYAL GOLDEN EAGLE,APRIL,BUATAN,RIAU,502,228285,ROYAL GOLDEN EAGLE,APRIL INTERNATIONAL ENTEPRISE PTE LTD,SINGAPORE,CHITTAGONG,BANGLADESH
2019,470329,ROYAL GOLDEN EAGLE,APRIL,BUATAN,RIAU,501,227909,ROYAL GOLDEN EAGLE,APRIL INTERNATIONAL ENTEPRISE PTE LTD,SINGAPORE,CHITTAGONG,BANGLADESH
2019,470329,SINAR MAS,INDAH KIAT,PERAWANG,RIAU,500,310412,SINAR MAS,GOLDEN PROFIT TRADING PTE LTD,SINGAPORE,HAIPHONG,VIETNAM
2019,470329,SINAR MAS,OKI,SULTAN MAHMUD BADARUDDIN (U),SUMATERA SELATAN,2000,1217307,DRAGON CROWN HOLDINGS,DRAGON CROWN (HK) TRADING LTD,CHINA (HONG KONG),QINGDAO,CHINA (MAINLAND)
2019,470329,SINAR MAS,OKI,SULTAN MAHMUD BADARUDDIN (U),SUMATERA SELATAN,2000,1217307,DRAGON CROWN HOLDINGS,DRAGON CROWN (HK) TRADING LTD,CHINA (HONG KONG),QINGDAO,CHINA (MAINLAND)
2019,470329,SINAR MAS,OKI,SULTAN MAHMUD BADARUDDIN (U),SUMATERA SELATAN,2000,1217307,DRAGON CROWN HOLDINGS,DRAGON CROWN (HK) TRADING LTD,CHINA (HONG KONG),QINGDAO,CHINA (MAINLAND)
2019,470329,ROYAL GOLDEN EAGLE,APRIL,BUATAN,RIAU,262,121615,ROYAL GOLDEN EAGLE,APRIL INTERNATIONAL ENTEPRISE PTE LTD,SINGAPORE,BIRGUNJ,NEPAL
2019,470329,SINAR MAS,OKI,SULTAN MAHMUD BADARUDDIN (U),SUMATERA SELATAN,1000,608654,DRAGON CROWN HOLDINGS,DRAGON CROWN (HK) TRADING LTD,CHINA (HONG KONG),QINGDAO,CHINA (MAINLAND)
2019,470329,ROYAL GOLDEN EAGLE,APRIL,BUATAN,RIAU,502,233400,ROYAL GOLDEN EAGLE,APRIL INTERNATIONAL ENTEPRISE PTE LTD,SINGAPORE,CHITTAGONG,BANGLADESH
2019,470329,ROYAL GOLDEN EAGLE,APRIL,FUTONG,RIAU,2714,1261880,ROYAL GOLDEN EAGLE,APRIL FAR EAST MALAYSIA SDN BHD,MALAYSIA,PYONGTAEK,SOUTH KOREA
2019,470329,SINAR MAS,OKI,SULTAN MAHMUD BADARUDDIN (U),SUMATERA SELATAN,2000,1217307,DRAGON CROWN HOLDINGS,DRAGON CROWN (HK) TRADING LTD,CHINA (HONG KONG),QINGDAO,CHINA (MAINLAND)
2019,470329,ROYAL GOLDEN EAGLE,APRIL,BUATAN,RIAU,80,36592,ROYAL GOLDEN EAGLE,APRIL INTERNATIONAL ENTEPRISE PTE LTD,SINGAPORE,CHENNAI (EX MADRAS),INDIA
2019,470329,MARUBENI,TANJUNG ENIM LESTARI,PANJANG,SUMATERA SELATAN,993,620320,VINDA,VINDA PERSONAL CARE (CHINA) LTD,CHINA (MAINLAND),WUHAN,CHINA (MAINLAND)
2019,470329,ROYAL GOLDEN EAGLE,APRIL,BUATAN,RIAU,40,18768,ROYAL GOLDEN EAGLE,APRIL INTERNATIONAL ENTEPRISE PTE LTD,SINGAPORE,HAIPHONG,VIETNAM
2019,470329,ROYAL GOLDEN EAGLE,APRIL,FUTONG,RIAU,4823,2242736,ROYAL GOLDEN EAGLE,APRIL FAR EAST MALAYSIA SDN BHD,MALAYSIA,GUNSAN (ES KUNSAN),SOUTH KOREA
2019,470329,MARUBENI,TANJUNG ENIM LESTARI,PANJANG,SUMATERA SELATAN,495,310829,UNKNOWN AFFILIATION,PUDUMJEE PAPER PRODUCTS LTD,INDIA,JAWAHARLAL NEHRU (NHAVA S,INDIA
2019,470329,SINAR MAS,OKI,SULTAN MAHMUD BADARUDDIN (U),SUMATERA SELATAN,2000,1217307,DRAGON CROWN HOLDINGS,DRAGON CROWN (HK) TRADING LTD,CHINA (HONG KONG),QINGDAO,CHINA (MAINLAND)
2019,470329,ROYAL GOLDEN EAGLE,TOBA PULP LESTARI,BELAWAN,SUMATERA UTARA,205,98517,ROYAL GOLDEN EAGLE,DP MARKETING INTERNATIONAL,MACAO,JAWAHARLAL NEHRU (NHAVA S,INDIA
2019,470329,MARUBENI,TANJUNG ENIM LESTARI,PANJANG,SUMATERA SELATAN,299,192655,UNKNOWN AFFILIATION,NIBONG TEBAL PAPER MILL SDN BHD,MALAYSIA,PENANG (GEORGETOWN),MALAYSIA
2019,470329,MARUBENI,TANJUNG ENIM LESTARI,PANJANG,SUMATERA SELATAN,191,121655,RENGO,VINA KRAFT PAPER CO LTD,VIETNAM,CAT LAI,VIETNAM
2019,470329,SINAR MAS,INDAH KIAT,PERAWANG,RIAU,660,416650,UNKNOWN AFFILIATION,BRIGHTENING SKY CO LTD,CHINA (HONG KONG),DALIAN,CHINA (MAINLAND)
2019,470329,MARUBENI,TANJUNG ENIM LESTARI,PANJANG,SUMATERA SELATAN,510,321519,UNKNOWN AFFILIATION,THAI CANE PAPER PUBLIC CO LTD,THAILAND,LAT KRABANG,THAILAND
2019,470329,SINAR MAS,OKI,SULTAN MAHMUD BADARUDDIN (U),SUMATERA SELATAN,1000,610652,DRAGON CROWN HOLDINGS,DRAGON CROWN (HK) TRADING LTD,CHINA (HONG KONG),TIANJIN,CHINA (MAINLAND)
2019,470329,SINAR MAS,OKI,SULTAN MAHMUD BADARUDDIN (U),SUMATERA SELATAN,1600,977044,DRAGON CROWN HOLDINGS,DRAGON CROWN (HK) TRADING LTD,CHINA (HONG KONG),TIANJIN,CHINA (MAINLAND)
2019,470329,ROYAL GOLDEN EAGLE,APRIL,BUATAN,RIAU,496,230757,ROYAL GOLDEN EAGLE,APRIL INTERNATIONAL ENTEPRISE PTE LTD,SINGAPORE,JEBEL ALI,UNITED ARAB EMIRATES
2019,470329,SINAR MAS,OKI,SULTAN MAHMUD BADARUDDIN (U),SUMATERA SELATAN,1600,977044,DRAGON CROWN HOLDINGS,DRAGON CROWN (HK) TRADING LTD,CHINA (HONG KONG),TIANJIN,CHINA (MAINLAND)
2019,470329,SINAR MAS,OKI,SULTAN MAHMUD BADARUDDIN (U),SUMATERA SELATAN,1600,977044,DRAGON CROWN HOLDINGS,DRAGON CROWN (HK) TRADING LTD,CHINA (HONG KONG),TIANJIN,CHINA (MAINLAND)
2019,470329,SINAR MAS,OKI,SULTAN MAHMUD BADARUDDIN (U),SUMATERA SELATAN,1100,671718,DRAGON CROWN HOLDINGS,DRAGON CROWN (HK) TRADING LTD,CHINA (HONG KONG),TIANJIN,CHINA (MAINLAND)
2019,470329,SINAR MAS,OKI,SULTAN MAHMUD BADARUDDIN (U),SUMATERA SELATAN,1000,610652,DRAGON CROWN HOLDINGS,DRAGON CROWN (HK) TRADING LTD,CHINA (HONG KONG),TIANJIN,CHINA (MAINLAND)
2019,470329,SINAR MAS,OKI,SULTAN MAHMUD BADARUDDIN (U),SUMATERA SELATAN,1600,977044,DRAGON CROWN HOLDINGS,DRAGON CROWN (HK) TRADING LTD,CHINA (HONG KONG),TIANJIN,CHINA (MAINLAND)
2019,470329,SINAR MAS,OKI,SULTAN MAHMUD BADARUDDIN (U),SUMATERA SELATAN,1600,977044,DRAGON CROWN HOLDINGS,DRAGON CROWN (HK) TRADING LTD,CHINA (HONG KONG),TIANJIN,CHINA (MAINLAND)
2019,470329,ROYAL GOLDEN EAGLE,TOBA PULP LESTARI,BELAWAN,SUMATERA UTARA,397,190395,ROYAL GOLDEN EAGLE,DP MARKETING INTERNATIONAL,MACAO,PIPAVAV (VICTOR) PORT,INDIA
2019,470329,ROYAL GOLDEN EAGLE,APRIL,FUTONG,RIAU,10045,4670998,ROYAL GOLDEN EAGLE,APRIL INTERNATIONAL ENTEPRISE PTE LTD,SINGAPORE,CHANGSHU,CHINA (MAINLAND)
2019,470329,SINAR MAS,OKI,SULTAN MAHMUD BADARUDDIN (U),SUMATERA SELATAN,1000,610652,DRAGON CROWN HOLDINGS,DRAGON CROWN (HK) TRADING LTD,CHINA (HONG KONG),TIANJIN,CHINA (MAINLAND)
2019,470329,SINAR MAS,OKI,SULTAN MAHMUD BADARUDDIN (U),SUMATERA SELATAN,1600,977044,DRAGON CROWN HOLDINGS,DRAGON CROWN (HK) TRADING LTD,CHINA (HONG KONG),TIANJIN,CHINA (MAINLAND)
2019,470329,ROYAL GOLDEN EAGLE,APRIL,BUATAN,RIAU,141,65365,ROYAL GOLDEN EAGLE,APRIL INTERNATIONAL ENTEPRISE PTE LTD,SINGAPORE,PIPAVAV (VICTOR) PORT,INDIA
2019,470329,ROYAL GOLDEN EAGLE,APRIL,BUATAN,RIAU,503,233671,ROYAL GOLDEN EAGLE,APRIL INTERNATIONAL ENTEPRISE PTE LTD,SINGAPORE,CHITTAGONG,BANGLADESH
2019,470329,ROYAL GOLDEN EAGLE,APRIL,BUATAN,RIAU,261,121439,ROYAL GOLDEN EAGLE,APRIL INTERNATIONAL ENTEPRISE PTE LTD,SINGAPORE,CHITTAGONG,BANGLADESH
2019,470329,ROYAL GOLDEN EAGLE,APRIL,BUATAN,RIAU,502,233343,ROYAL GOLDEN EAGLE,APRIL INTERNATIONAL ENTEPRISE PTE LTD,SINGAPORE,TALEGOAN,INDIA
2019,470329,ROYAL GOLDEN EAGLE,APRIL,BUATAN,RIAU,201,93403,ROYAL GOLDEN EAGLE,APRIL INTERNATIONAL ENTEPRISE PTE LTD,SINGAPORE,PIPAVAV (VICTOR) PORT,INDIA
2019,470329,ROYAL GOLDEN EAGLE,TOBA PULP LESTARI,BELAWAN,SUMATERA UTARA,208,100040,ROYAL GOLDEN EAGLE,DP MARKETING INTERNATIONAL,MACAO,PIPAVAV (VICTOR) PORT,INDIA
2019,470329,SINAR MAS,LONTAR PAPYRUS,KUALA TUNGKAL,JAMBI,161,98594,SINAR MAS,GOLDEN PROFIT TRADING PTE LTD,SINGAPORE,CAT LAI,VIETNAM
2019,470329,ROYAL GOLDEN EAGLE,APRIL,BUATAN,RIAU,241,112121,ROYAL GOLDEN EAGLE,APRIL INTERNATIONAL ENTEPRISE PTE LTD,SINGAPORE,CHITTAGONG,BANGLADESH
2019,470329,SINAR MAS,LONTAR PAPYRUS,KUALA TUNGKAL,JAMBI,663,415732,UNKNOWN AFFILIATION,BRIGHTENING SKY CO LTD,CHINA (HONG KONG),DALIAN,CHINA (MAINLAND)
2019,470329,ROYAL GOLDEN EAGLE,APRIL,BUATAN,RIAU,261,121378,ROYAL GOLDEN EAGLE,APRIL INTERNATIONAL ENTEPRISE PTE LTD,SINGAPORE,CHITTAGONG,BANGLADESH
2019,470329,ROYAL GOLDEN EAGLE,APRIL,BUATAN,RIAU,60,28012,ROYAL GOLDEN EAGLE,APRIL INTERNATIONAL ENTEPRISE PTE LTD,SINGAPORE,JAWAHARLAL NEHRU (NHAVA S,INDIA
2019,470329,SINAR MAS,LONTAR PAPYRUS,KUALA TUNGKAL,JAMBI,502,309060,SINAR MAS,GOLDEN PROFIT TRADING PTE LTD,SINGAPORE,HAIPHONG,VIETNAM
2019,470329,SINAR MAS,LONTAR PAPYRUS,KUALA TUNGKAL,JAMBI,843,528319,UNKNOWN AFFILIATION,BRIGHTENING SKY CO LTD,CHINA (HONG KONG),DALIAN,CHINA (MAINLAND)
2019,470329,SINAR MAS,LONTAR PAPYRUS,KUALA TUNGKAL,JAMBI,301,181496,SINAR MAS,GOLDEN PROFIT TRADING PTE LTD,SINGAPORE,PENANG (GEORGETOWN),MALAYSIA
2019,470329,SINAR MAS,INDAH KIAT,PERAWANG,RIAU,1000,605258,SINAR MAS,GOLDEN PROFIT TRADING PTE LTD,SINGAPORE,AD DAMMAM,SAUDI ARABIA
2019,470329,SINAR MAS,INDAH KIAT,PERAWANG,RIAU,500,315363,SINAR MAS,GOLDEN PROFIT TRADING PTE LTD,SINGAPORE,CHITTAGONG,BANGLADESH
2019,470329,ROYAL GOLDEN EAGLE,APRIL,BUATAN,RIAU,118,54955,ROYAL GOLDEN EAGLE,APRIL INTERNATIONAL ENTEPRISE PTE LTD,SINGAPORE,SOUTHAMPTON,UNITED KINGDOM
2019,470329,ROYAL GOLDEN EAGLE,APRIL,BUATAN,RIAU,60,27425,ROYAL GOLDEN EAGLE,APRIL INTERNATIONAL ENTEPRISE PTE LTD,SINGAPORE,JAWAHARLAL NEHRU (NHAVA S,INDIA
2019,470329,ROYAL GOLDEN EAGLE,APRIL,BUATAN,RIAU,302,137248,ROYAL GOLDEN EAGLE,APRIL INTERNATIONAL ENTEPRISE PTE LTD,SINGAPORE,BANGKOK,THAILAND
2019,470329,ROYAL GOLDEN EAGLE,APRIL,BUATAN,RIAU,100,45674,ROYAL GOLDEN EAGLE,APRIL INTERNATIONAL ENTEPRISE PTE LTD,SINGAPORE,ANKLESHWAR,INDIA
2019,470329,ROYAL GOLDEN EAGLE,APRIL,BUATAN,RIAU,402,182773,ROYAL GOLDEN EAGLE,APRIL INTERNATIONAL ENTEPRISE PTE LTD,SINGAPORE,BANGKOK,THAILAND
2019,470329,ROYAL GOLDEN EAGLE,APRIL,BUATAN,RIAU,161,73081,ROYAL GOLDEN EAGLE,APRIL INTERNATIONAL ENTEPRISE PTE LTD,SINGAPORE,KARACHI,PAKISTAN
2019,470329,ROYAL GOLDEN EAGLE,APRIL,BUATAN,RIAU,60,27404,ROYAL GOLDEN EAGLE,APRIL INTERNATIONAL ENTEPRISE PTE LTD,SINGAPORE,JAWAHARLAL NEHRU (NHAVA S,INDIA
2019,470329,SINAR MAS,INDAH KIAT,PERAWANG,RIAU,500,305363,SINAR MAS,GOLDEN PROFIT TRADING PTE LTD,SINGAPORE,CHITTAGONG,BANGLADESH
2019,470329,SINAR MAS,OKI,SULTAN MAHMUD BADARUDDIN (U),SUMATERA SELATAN,1000,635000,UNKNOWN AFFILIATION,FREELAND UNIVERSAL LTD,CHINA (HONG KONG),CHANGSHU,CHINA (MAINLAND)
2019,470329,SINAR MAS,INDAH KIAT,PERAWANG,RIAU,500,308519,SINAR MAS,GOLDEN PROFIT TRADING PTE LTD,SINGAPORE,HAIPHONG,VIETNAM
2019,470329,SINAR MAS,INDAH KIAT,PERAWANG,RIAU,300,181929,SINAR MAS,GOLDEN PROFIT TRADING PTE LTD,SINGAPORE,MANILA SOUTH HARBOUR,PHILIPPINES
2019,470329,SINAR MAS,OKI,SULTAN MAHMUD BADARUDDIN (U),SUMATERA SELATAN,1000,630000,UNKNOWN AFFILIATION,SUZHOU HUANG YI TRADE CO LTD,CHINA (MAINLAND),CHANGSHU,CHINA (MAINLAND)
2019,470329,SINAR MAS,OKI,SULTAN MAHMUD BADARUDDIN (U),SUMATERA SELATAN,2700,1647000,UNKNOWN AFFILIATION,SUZHOU HUANG YI TRADE CO LTD,CHINA (MAINLAND),CHANGSHU,CHINA (MAINLAND)
2019,470329,SINAR MAS,OKI,SULTAN MAHMUD BADARUDDIN (U),SUMATERA SELATAN,1300,793000,CHINA UNION,CHINA UNION (MACAO COMMERCIAL OFFSHORE) CO LTD,MACAO,CHANGSHU,CHINA (MAINLAND)
2019,470329,SINAR MAS,INDAH KIAT,PERAWANG,RIAU,300,185985,SINAR MAS,GOLDEN PROFIT TRADING PTE LTD,SINGAPORE,KAOHSIUNG,TAIWAN
2019,470329,SINAR MAS,OKI,SULTAN MAHMUD BADARUDDIN (U),SUMATERA SELATAN,192,115541,DRAGON CROWN HOLDINGS,DRAGON CROWN (HK) TRADING LTD,CHINA (HONG KONG),XIAMEN,CHINA (MAINLAND)
2019,470329,SINAR MAS,OKI,SULTAN MAHMUD BADARUDDIN (U),SUMATERA SELATAN,2000,1219299,DRAGON CROWN HOLDINGS,DRAGON CROWN (HK) TRADING LTD,CHINA (HONG KONG),XINHUI,CHINA (MAINLAND)
2019,470329,SINAR MAS,OKI,SULTAN MAHMUD BADARUDDIN (U),SUMATERA SELATAN,2700,1642950,UNKNOWN AFFILIATION,SUZHOU HUANG YI TRADE CO LTD,CHINA (MAINLAND),YANGPU,CHINA (MAINLAND)
2019,470329,SINAR MAS,OKI,SULTAN MAHMUD BADARUDDIN (U),SUMATERA SELATAN,2000,1224288,DRAGON CROWN HOLDINGS,DRAGON CROWN (HK) TRADING LTD,CHINA (HONG KONG),WUHAN,CHINA (MAINLAND)
2019,470329,SINAR MAS,OKI,SULTAN MAHMUD BADARUDDIN (U),SUMATERA SELATAN,3000,1836432,DRAGON CROWN HOLDINGS,DRAGON CROWN (HK) TRADING LTD,CHINA (HONG KONG),WUHAN,CHINA (MAINLAND)
2019,470329,SINAR MAS,OKI,SULTAN MAHMUD BADARUDDIN (U),SUMATERA SELATAN,550,335500,UNKNOWN AFFILIATION,FREELAND UNIVERSAL LTD,CHINA (HONG KONG),CHANGSHU,CHINA (MAINLAND)
2019,470329,ROYAL GOLDEN EAGLE,APRIL,BUATAN,RIAU,80,37428,ROYAL GOLDEN EAGLE,APRIL INTERNATIONAL ENTEPRISE PTE LTD,SINGAPORE,CHITTAGONG,BANGLADESH
2019,470329,MARUBENI,TANJUNG ENIM LESTARI,PANJANG,SUMATERA SELATAN,503,303979,VINDA,VINDA PAPER (LIAONING) CO LTD,CHINA (MAINLAND),YINGKOU,CHINA (MAINLAND)
2019,470329,ROYAL GOLDEN EAGLE,APRIL,BUATAN,RIAU,40,18697,ROYAL GOLDEN EAGLE,APRIL INTERNATIONAL ENTEPRISE PTE LTD,SINGAPORE,PIPAVAV (VICTOR) PORT,INDIA
2019,470329,ROYAL GOLDEN EAGLE,APRIL,BUATAN,RIAU,502,233518,ROYAL GOLDEN EAGLE,APRIL INTERNATIONAL ENTEPRISE PTE LTD,SINGAPORE,HAIPHONG,VIETNAM
2019,470329,MARUBENI,TANJUNG ENIM LESTARI,PANJANG,SUMATERA SELATAN,496,309136,UNKNOWN AFFILIATION,YUEN FOONG YU INVESTMENT CO LTD,CHINA (MAINLAND),YANGZHOU,CHINA (MAINLAND)
2019,470329,ROYAL GOLDEN EAGLE,APRIL,BUATAN,RIAU,502,233359,ROYAL GOLDEN EAGLE,APRIL INTERNATIONAL ENTEPRISE PTE LTD,SINGAPORE,HAIPHONG,VIETNAM
2019,470329,ROYAL GOLDEN EAGLE,APRIL,BUATAN,RIAU,241,112244,ROYAL GOLDEN EAGLE,APRIL INTERNATIONAL ENTEPRISE PTE LTD,SINGAPORE,BIRGUNJ,NEPAL
2019,470329,SINAR MAS,INDAH KIAT,PERAWANG,RIAU,500,311066,SINAR MAS,GOLDEN PROFIT TRADING PTE LTD,SINGAPORE,HAIPHONG,VIETNAM
2019,470329,SINAR MAS,OKI,SULTAN MAHMUD BADARUDDIN (U),SUMATERA SELATAN,2300,1394950,UNKNOWN AFFILIATION,SUZHOU GUANBAO TRADING LTD,CHINA (MAINLAND),YANGPU,CHINA (MAINLAND)
2019,470329,MARUBENI,TANJUNG ENIM LESTARI,PANJANG,SUMATERA SELATAN,285,180209,MARUBENI,MARUBENI CORP,JAPAN,SHIMIZU,JAPAN
2019,470329,SINAR MAS,LONTAR PAPYRUS,KUALA TUNGKAL,JAMBI,502,309289,SINAR MAS,GOLDEN PROFIT TRADING PTE LTD,SINGAPORE,HAIPHONG,VIETNAM
2019,470329,MARUBENI,TANJUNG ENIM LESTARI,PANJANG,SUMATERA SELATAN,1466,912062,VINDA,VINDA PERSONAL CARE (CHINA) LTD,CHINA (MAINLAND),WUHAN,CHINA (MAINLAND)
2019,470329,SINAR MAS,LONTAR PAPYRUS,KUALA TUNGKAL,JAMBI,503,309078,SINAR MAS,GOLDEN PROFIT TRADING PTE LTD,SINGAPORE,ANKLESHWAR,INDIA
2019,470329,ROYAL GOLDEN EAGLE,TOBA PULP LESTARI,BELAWAN,SUMATERA UTARA,95,45437,ROYAL GOLDEN EAGLE,DP MARKETING INTERNATIONAL,MACAO,PIPAVAV (VICTOR) PORT,INDIA
2019,470329,ROYAL GOLDEN EAGLE,TOBA PULP LESTARI,BELAWAN,SUMATERA UTARA,3051,1525289,ROYAL GOLDEN EAGLE,DP MARKETING INTERNATIONAL,MACAO,KAKINADA,INDIA
2019,470329,ROYAL GOLDEN EAGLE,TOBA PULP LESTARI,BELAWAN,SUMATERA UTARA,298,143233,ROYAL GOLDEN EAGLE,DP MARKETING INTERNATIONAL,MACAO,PIPAVAV (VICTOR) PORT,INDIA
2019,470329,SINAR MAS,LONTAR PAPYRUS,KUALA TUNGKAL,JAMBI,1006,619340,UNKNOWN AFFILIATION,SUZHOU HUANG YI TRADE CO LTD,CHINA (MAINLAND),DALIAN,CHINA (MAINLAND)
2019,470329,ROYAL GOLDEN EAGLE,APRIL,BUATAN,RIAU,96,44786,ROYAL GOLDEN EAGLE,APRIL INTERNATIONAL ENTEPRISE PTE LTD,SINGAPORE,TAOYUAN,TAIWAN
2019,470329,SINAR MAS,LONTAR PAPYRUS,KUALA TUNGKAL,JAMBI,502,309138,UNKNOWN AFFILIATION,SUZHOU HUANG YI TRADE CO LTD,CHINA (MAINLAND),DALIAN,CHINA (MAINLAND)
2019,470329,SINAR MAS,INDAH KIAT,PERAWANG,RIAU,500,315363,SINAR MAS,GOLDEN PROFIT TRADING PTE LTD,SINGAPORE,CHITTAGONG,BANGLADESH
2019,470329,ROYAL GOLDEN EAGLE,APRIL,FUTONG,RIAU,3513,1633572,ROYAL GOLDEN EAGLE,APRIL INTERNATIONAL ENTEPRISE PTE LTD,SINGAPORE,NINGBO,CHINA (MAINLAND)
2019,470329,SINAR MAS,LONTAR PAPYRUS,KUALA TUNGKAL,JAMBI,502,308782,SINAR MAS,GOLDEN PROFIT TRADING PTE LTD,SINGAPORE,JAWAHARLAL NEHRU (NHAVA S,INDIA
2019,470329,ROYAL GOLDEN EAGLE,APRIL,FUTONG,RIAU,6023,2800683,ROYAL GOLDEN EAGLE,APRIL FAR EAST MALAYSIA SDN BHD,MALAYSIA,XINHUI,CHINA (MAINLAND)
2019,470329,ROYAL GOLDEN EAGLE,TOBA PULP LESTARI,BELAWAN,SUMATERA UTARA,3048,1524080,ROYAL GOLDEN EAGLE,DP MARKETING INTERNATIONAL,MACAO,KAKINADA,INDIA
2019,470329,ROYAL GOLDEN EAGLE,APRIL,FUTONG,RIAU,4567,2123854,ROYAL GOLDEN EAGLE,APRIL INTERNATIONAL ENTEPRISE PTE LTD,SINGAPORE,CHANGSHU,CHINA (MAINLAND)
2019,470329,ROYAL GOLDEN EAGLE,APRIL,BUATAN,RIAU,502,233560,ROYAL GOLDEN EAGLE,APRIL INTERNATIONAL ENTEPRISE PTE LTD,SINGAPORE,TALEGOAN,INDIA
2019,470329,ROYAL GOLDEN EAGLE,APRIL,BUATAN,RIAU,201,91425,ROYAL GOLDEN EAGLE,APRIL INTERNATIONAL ENTEPRISE PTE LTD,SINGAPORE,CHITTAGONG,BANGLADESH
2019,470329,ROYAL GOLDEN EAGLE,APRIL,BUATAN,RIAU,241,109862,ROYAL GOLDEN EAGLE,APRIL INTERNATIONAL ENTEPRISE PTE LTD,SINGAPORE,CHITTAGONG,BANGLADESH
2019,470329,MARUBENI,TANJUNG ENIM LESTARI,PANJANG,SUMATERA SELATAN,108,67639,VINDA,VINDA PAPER (ZHEJIANG) CO LTD,CHINA (MAINLAND),NINGBO,CHINA (MAINLAND)
2019,470329,SINAR MAS,INDAH KIAT,PERAWANG,RIAU,1000,637912,SINAR MAS,GOLDEN PROFIT TRADING PTE LTD,SINGAPORE,ABU DHABI,UNITED ARAB EMIRATES
2019,470329,SINAR MAS,INDAH KIAT,PERAWANG,RIAU,5000,3042500,SINAR MAS,GOLDEN PROFIT TRADING PTE LTD,SINGAPORE,ULSAN,SOUTH KOREA
2019,470329,MARUBENI,TANJUNG ENIM LESTARI,PANJANG,SUMATERA SELATAN,990,612677,VINDA,VINDA PAPER (ZHEJIANG) CO LTD,CHINA (MAINLAND),NINGBO,CHINA (MAINLAND)
2019,470329,ROYAL GOLDEN EAGLE,TOBA PULP LESTARI,BELAWAN,SUMATERA UTARA,93,46740,ROYAL GOLDEN EAGLE,DP MARKETING INTERNATIONAL,MACAO,TAOYUAN,TAIWAN
2019,470329,SINAR MAS,INDAH KIAT,PERAWANG,RIAU,1200,730200,UNKNOWN AFFILIATION,SUZHOU GUANBAO TRADING LTD,CHINA (MAINLAND),CHANGSHU,CHINA (MAINLAND)
2019,470329,MARUBENI,TANJUNG ENIM LESTARI,PANJANG,SUMATERA SELATAN,495,314302,VINDA,VINDA PAPER NORTH (BEIJING) CO LTD,CHINA (MAINLAND),XINGANG,CHINA (MAINLAND)
2019,470329,SINAR MAS,INDAH KIAT,PERAWANG,RIAU,4352,2656896,UNKNOWN AFFILIATION,FREELAND UNIVERSAL LTD,CHINA (HONG KONG),CHANGSHU,CHINA (MAINLAND)
2019,470329,SINAR MAS,OKI,SULTAN MAHMUD BADARUDDIN (U),SUMATERA SELATAN,3300,2015974,DRAGON CROWN HOLDINGS,DRAGON CROWN (HK) TRADING LTD,CHINA (HONG KONG),QINGDAO,CHINA (MAINLAND)
2019,470329,SINAR MAS,OKI,SULTAN MAHMUD BADARUDDIN (U),SUMATERA SELATAN,3100,1899219,DRAGON CROWN HOLDINGS,DRAGON CROWN (HK) TRADING LTD,CHINA (HONG KONG),QINGDAO,CHINA (MAINLAND)
2019,470329,SINAR MAS,OKI,SULTAN MAHMUD BADARUDDIN (U),SUMATERA SELATAN,6000,3663914,DRAGON CROWN HOLDINGS,DRAGON CROWN (HK) TRADING LTD,CHINA (HONG KONG),QINGDAO,CHINA (MAINLAND)
2019,470329,SINAR MAS,OKI,SULTAN MAHMUD BADARUDDIN (U),SUMATERA SELATAN,2200,1343983,DRAGON CROWN HOLDINGS,DRAGON CROWN (HK) TRADING LTD,CHINA (HONG KONG),QINGDAO,CHINA (MAINLAND)
2019,470329,SINAR MAS,OKI,SULTAN MAHMUD BADARUDDIN (U),SUMATERA SELATAN,6400,3916800,UNKNOWN AFFILIATION,FREELAND UNIVERSAL LTD,CHINA (HONG KONG),NINGBO,CHINA (MAINLAND)
2019,470329,ROYAL GOLDEN EAGLE,APRIL,FUTONG,RIAU,8811,4097201,ROYAL GOLDEN EAGLE,APRIL INTERNATIONAL ENTEPRISE PTE LTD,SINGAPORE,CHANGSHU,CHINA (MAINLAND)
2019,470329,SINAR MAS,OKI,SULTAN MAHMUD BADARUDDIN (U),SUMATERA SELATAN,3300,2015974,DRAGON CROWN HOLDINGS,DRAGON CROWN (HK) TRADING LTD,CHINA (HONG KONG),QINGDAO,CHINA (MAINLAND)
2019,470329,SINAR MAS,OKI,SULTAN MAHMUD BADARUDDIN (U),SUMATERA SELATAN,1300,819000,UNKNOWN AFFILIATION,BRIGHTENING SKY CO LTD,CHINA (HONG KONG),NINGBO,CHINA (MAINLAND)
2019,470329,SINAR MAS,OKI,SULTAN MAHMUD BADARUDDIN (U),SUMATERA SELATAN,11000,6744016,UNKNOWN AFFILIATION,HAYAT KIMYA SANAYI A.S,TURKEY,LIMAS,TURKEY
2019,470329,SINAR MAS,OKI,SULTAN MAHMUD BADARUDDIN (U),SUMATERA SELATAN,2200,1342333,DRAGON CROWN HOLDINGS,DRAGON CROWN (HK) TRADING LTD,CHINA (HONG KONG),DALIAN,CHINA (MAINLAND)
2019,470329,SINAR MAS,OKI,SULTAN MAHMUD BADARUDDIN (U),SUMATERA SELATAN,3000,1834957,DRAGON CROWN HOLDINGS,DRAGON CROWN (HK) TRADING LTD,CHINA (HONG KONG),NINGBO,CHINA (MAINLAND)
2019,470329,ROYAL GOLDEN EAGLE,APRIL,FUTONG,RIAU,2088,971044,ROYAL GOLDEN EAGLE,APRIL INTERNATIONAL ENTEPRISE PTE LTD,SINGAPORE,HUANGPU,CHINA (MAINLAND)
2019,470329,SINAR MAS,OKI,SULTAN MAHMUD BADARUDDIN (U),SUMATERA SELATAN,2700,1654159,DRAGON CROWN HOLDINGS,DRAGON CROWN (HK) TRADING LTD,CHINA (HONG KONG),QINGDAO,CHINA (MAINLAND)
2019,470329,SINAR MAS,OKI,SULTAN MAHMUD BADARUDDIN (U),SUMATERA SELATAN,18000,11035663,UNKNOWN AFFILIATION,HAYAT KIMYA SANAYI A.S,TURKEY,MERSIN,TURKEY
2019,470329,SINAR MAS,LONTAR PAPYRUS,KUALA TUNGKAL,JAMBI,502,298185,UNKNOWN AFFILIATION,SUZHOU HUANG YI TRADE CO LTD,CHINA (MAINLAND),DALIAN,CHINA (MAINLAND)
2019,470329,ROYAL GOLDEN EAGLE,APRIL,BUATAN,RIAU,302,140234,ROYAL GOLDEN EAGLE,APRIL INTERNATIONAL ENTEPRISE PTE LTD,SINGAPORE,BANGKOK,THAILAND
2019,470329,ROYAL GOLDEN EAGLE,APRIL,BUATAN,RIAU,502,233404,ROYAL GOLDEN EAGLE,APRIL INTERNATIONAL ENTEPRISE PTE LTD,SINGAPORE,ZHAPU,CHINA (MAINLAND)
2019,470329,SINAR MAS,LONTAR PAPYRUS,KUALA TUNGKAL,JAMBI,1003,612588,SINAR MAS,GOLDEN PROFIT TRADING PTE LTD,SINGAPORE,LAT KRABANG,THAILAND
2019,470329,SINAR MAS,INDAH KIAT,PERAWANG,RIAU,540,392629,UNKNOWN AFFILIATION,INTERNATIONAL COMMERCIAL TRADINGPTE LTD,SINGAPORE,JEBEL ALI,UNITED ARAB EMIRATES
2019,470329,ROYAL GOLDEN EAGLE,APRIL,BUATAN,RIAU,502,233522,ROYAL GOLDEN EAGLE,APRIL INTERNATIONAL ENTEPRISE PTE LTD,SINGAPORE,CHITTAGONG,BANGLADESH
2019,470329,SINAR MAS,LONTAR PAPYRUS,KUALA TUNGKAL,JAMBI,141,86411,SINAR MAS,GOLDEN PROFIT TRADING PTE LTD,SINGAPORE,CAT LAI,VIETNAM
2019,470329,SINAR MAS,LONTAR PAPYRUS,KUALA TUNGKAL,JAMBI,1004,596185,UNKNOWN AFFILIATION,SUZHOU HUANG YI TRADE CO LTD,CHINA (MAINLAND),DALIAN,CHINA (MAINLAND)
2019,470329,MARUBENI,TANJUNG ENIM LESTARI,PANJANG,SUMATERA SELATAN,986,593341,VINDA,VINDA PAPER (SI CHUAN) CO LTD,CHINA (MAINLAND),CHONGQING,CHINA (MAINLAND)
2019,470329,ROYAL GOLDEN EAGLE,APRIL,BUATAN,RIAU,100,46680,ROYAL GOLDEN EAGLE,APRIL INTERNATIONAL ENTEPRISE PTE LTD,SINGAPORE,ANKLESHWAR,INDIA
2019,470329,ROYAL GOLDEN EAGLE,APRIL,BUATAN,RIAU,242,112322,ROYAL GOLDEN EAGLE,APRIL INTERNATIONAL ENTEPRISE PTE LTD,SINGAPORE,LUDHIANA,INDIA
2019,470329,ROYAL GOLDEN EAGLE,APRIL,BUATAN,RIAU,502,233443,ROYAL GOLDEN EAGLE,APRIL INTERNATIONAL ENTEPRISE PTE LTD,SINGAPORE,HAIPHONG,VIETNAM
2019,470329,ROYAL GOLDEN EAGLE,APRIL,BUATAN,RIAU,302,140213,ROYAL GOLDEN EAGLE,APRIL INTERNATIONAL ENTEPRISE PTE LTD,SINGAPORE,KARACHI,PAKISTAN
2019,470329,ROYAL GOLDEN EAGLE,APRIL,BUATAN,RIAU,60,28013,ROYAL GOLDEN EAGLE,APRIL INTERNATIONAL ENTEPRISE PTE LTD,SINGAPORE,JAWAHARLAL NEHRU (NHAVA S,INDIA
2019,470329,ROYAL GOLDEN EAGLE,APRIL,BUATAN,RIAU,299,139127,ROYAL GOLDEN EAGLE,APRIL INTERNATIONAL ENTEPRISE PTE LTD,SINGAPORE,QINGDAO,CHINA (MAINLAND)
2019,470329,ROYAL GOLDEN EAGLE,APRIL,BUATAN,RIAU,502,233490,ROYAL GOLDEN EAGLE,APRIL INTERNATIONAL ENTEPRISE PTE LTD,SINGAPORE,CHITTAGONG,BANGLADESH
2019,470329,ROYAL GOLDEN EAGLE,APRIL,BUATAN,RIAU,502,233604,ROYAL GOLDEN EAGLE,APRIL INTERNATIONAL ENTEPRISE PTE LTD,SINGAPORE,CHITTAGONG,BANGLADESH
2019,470329,SINAR MAS,INDAH KIAT,PERAWANG,RIAU,500,312662,SINAR MAS,GOLDEN PROFIT TRADING PTE LTD,SINGAPORE,HAIPHONG,VIETNAM
2019,470329,SINAR MAS,OKI,SULTAN MAHMUD BADARUDDIN (U),SUMATERA SELATAN,1900,1156150,CHINA UNION,CHINA UNION (MACAO COMMERCIAL OFFSHORE) CO LTD,MACAO,ZHENJIANG,CHINA (MAINLAND)
2019,470329,MARUBENI,TANJUNG ENIM LESTARI,PANJANG,SUMATERA SELATAN,301,193778,UNKNOWN AFFILIATION,NIBONG TEBAL PAPER MILL SDN BHD,MALAYSIA,PENANG (GEORGETOWN),MALAYSIA
2019,470329,SINAR MAS,OKI,SULTAN MAHMUD BADARUDDIN (U),SUMATERA SELATAN,3500,2129750,CHINA UNION,CHINA UNION (MACAO COMMERCIAL OFFSHORE) CO LTD,MACAO,ZHENJIANG,CHINA (MAINLAND)
2019,470329,SINAR MAS,OKI,SULTAN MAHMUD BADARUDDIN (U),SUMATERA SELATAN,2000,1221000,UNKNOWN AFFILIATION,FREELAND UNIVERSAL LTD,CHINA (HONG KONG),NINGBO,CHINA (MAINLAND)
2019,470329,SINAR MAS,INDAH KIAT,PERAWANG,RIAU,500,305363,SINAR MAS,GOLDEN PROFIT TRADING PTE LTD,SINGAPORE,CHITTAGONG,BANGLADESH
2019,470329,SINAR MAS,OKI,SULTAN MAHMUD BADARUDDIN (U),SUMATERA SELATAN,1000,610500,CHINA UNION,CHINA UNION (MACAO COMMERCIAL OFFSHORE) CO LTD,MACAO,NINGBO,CHINA (MAINLAND)
2019,470329,SINAR MAS,OKI,SULTAN MAHMUD BADARUDDIN (U),SUMATERA SELATAN,1100,669350,CHINA UNION,CHINA UNION (MACAO COMMERCIAL OFFSHORE) CO LTD,MACAO,ZHENJIANG,CHINA (MAINLAND)
2019,470329,SINAR MAS,OKI,SULTAN MAHMUD BADARUDDIN (U),SUMATERA SELATAN,2000,1221000,CHINA UNION,CHINA UNION (MACAO COMMERCIAL OFFSHORE) CO LTD,MACAO,NINGBO,CHINA (MAINLAND)
2019,470329,SINAR MAS,INDAH KIAT,PERAWANG,RIAU,500,324178,SINAR MAS,GOLDEN PROFIT TRADING PTE LTD,SINGAPORE,CHITTAGONG,BANGLADESH
2019,470329,ROYAL GOLDEN EAGLE,APRIL,BUATAN,RIAU,398,184961,ROYAL GOLDEN EAGLE,APRIL INTERNATIONAL ENTEPRISE PTE LTD,SINGAPORE,ABU DHABI,UNITED ARAB EMIRATES
2019,470329,ROYAL GOLDEN EAGLE,APRIL,BUATAN,RIAU,100,46707,ROYAL GOLDEN EAGLE,APRIL INTERNATIONAL ENTEPRISE PTE LTD,SINGAPORE,KHODIYAR,INDIA
2019,470329,ROYAL GOLDEN EAGLE,APRIL,BUATAN,RIAU,496,230826,ROYAL GOLDEN EAGLE,APRIL INTERNATIONAL ENTEPRISE PTE LTD,SINGAPORE,JEBEL ALI,UNITED ARAB EMIRATES
2019,470329,SINAR MAS,OKI,SULTAN MAHMUD BADARUDDIN (U),SUMATERA SELATAN,2000,1253000,CHINA UNION,CHINA UNION (MACAO COMMERCIAL OFFSHORE) CO LTD,MACAO,CHANGSHU,CHINA (MAINLAND)
2019,470329,SINAR MAS,OKI,SULTAN MAHMUD BADARUDDIN (U),SUMATERA SELATAN,6500,3978000,CHINA UNION,CHINA UNION (MACAO COMMERCIAL OFFSHORE) CO LTD,MACAO,ZHENJIANG,CHINA (MAINLAND)
2019,470329,SINAR MAS,OKI,SULTAN MAHMUD BADARUDDIN (U),SUMATERA SELATAN,3000,1830454,UNKNOWN AFFILIATION,SUZHOU GUANBAO TRADING LTD,CHINA (MAINLAND),CHANGSHU,CHINA (MAINLAND)
2019,470329,ROYAL GOLDEN EAGLE,TOBA PULP LESTARI,BELAWAN,SUMATERA UTARA,205,102688,ROYAL GOLDEN EAGLE,DP MARKETING INTERNATIONAL,MACAO,CHENNAI (EX MADRAS),INDIA
2019,470329,SINAR MAS,OKI,SULTAN MAHMUD BADARUDDIN (U),SUMATERA SELATAN,1900,1159000,CHINA UNION,CHINA UNION (MACAO COMMERCIAL OFFSHORE) CO LTD,MACAO,ZHENJIANG,CHINA (MAINLAND)
2019,470329,SINAR MAS,OKI,SULTAN MAHMUD BADARUDDIN (U),SUMATERA SELATAN,2600,1591200,UNKNOWN AFFILIATION,NINGBO GUANPAO TRADING (HONGKONG) CO LTD,CHINA (HONG KONG),ZHENJIANG,CHINA (MAINLAND)
2019,470329,SINAR MAS,OKI,SULTAN MAHMUD BADARUDDIN (U),SUMATERA SELATAN,3000,1824457,DRAGON CROWN HOLDINGS,DRAGON CROWN (HK) TRADING LTD,CHINA (HONG KONG),HUANGPU,CHINA (MAINLAND)
2019,470329,MARUBENI,TANJUNG ENIM LESTARI,PANJANG,SUMATERA SELATAN,105,65913,UNKNOWN AFFILIATION,VECHEM ORGANICS PVT LTD,INDIA,REWARI,INDIA
2019,470329,SINAR MAS,OKI,SULTAN MAHMUD BADARUDDIN (U),SUMATERA SELATAN,2000,1216305,DRAGON CROWN HOLDINGS,DRAGON CROWN (HK) TRADING LTD,CHINA (HONG KONG),CHANGSHU,CHINA (MAINLAND)
2019,470329,ROYAL GOLDEN EAGLE,APRIL,BUATAN,RIAU,1004,467010,ROYAL GOLDEN EAGLE,APRIL INTERNATIONAL ENTEPRISE PTE LTD,SINGAPORE,HAIPHONG,VIETNAM
2019,470329,SINAR MAS,OKI,SULTAN MAHMUD BADARUDDIN (U),SUMATERA SELATAN,200,121700,SINAR MAS,GOLDEN PROFIT TRADING PTE LTD,SINGAPORE,GUNSAN (ES KUNSAN),SOUTH KOREA
2019,470329,SINAR MAS,OKI,SULTAN MAHMUD BADARUDDIN (U),SUMATERA SELATAN,7000,4259500,SINAR MAS,GOLDEN PROFIT TRADING PTE LTD,SINGAPORE,GUNSAN (ES KUNSAN),SOUTH KOREA
2019,470329,ROYAL GOLDEN EAGLE,TOBA PULP LESTARI,BELAWAN,SUMATERA UTARA,204,97867,ROYAL GOLDEN EAGLE,DP MARKETING INTERNATIONAL,MACAO,PIPAVAV (VICTOR) PORT,INDIA
2019,470329,SINAR MAS,INDAH KIAT,PERAWANG,RIAU,5500,3300000,SINAR MAS,GOLDEN PROFIT TRADING PTE LTD,SINGAPORE,CHITTAGONG,BANGLADESH
2019,470329,SINAR MAS,OKI,SULTAN MAHMUD BADARUDDIN (U),SUMATERA SELATAN,700,426650,CHINA UNION,CHINA UNION (MACAO COMMERCIAL OFFSHORE) CO LTD,MACAO,NINGBO,CHINA (MAINLAND)
2019,470329,SINAR MAS,OKI,SULTAN MAHMUD BADARUDDIN (U),SUMATERA SELATAN,1300,792350,CHINA UNION,CHINA UNION (MACAO COMMERCIAL OFFSHORE) CO LTD,MACAO,NINGBO,CHINA (MAINLAND)
2019,470329,SINAR MAS,LONTAR PAPYRUS,KUALA TUNGKAL,JAMBI,501,321383,SINAR MAS,GOLDEN PROFIT TRADING PTE LTD,SINGAPORE,CHITTAGONG,BANGLADESH
2019,470329,SINAR MAS,INDAH KIAT,PERAWANG,RIAU,500,300000,SINAR MAS,GOLDEN PROFIT TRADING PTE LTD,SINGAPORE,CHITTAGONG,BANGLADESH
2019,470329,SINAR MAS,OKI,SULTAN MAHMUD BADARUDDIN (U),SUMATERA SELATAN,1000,608500,SINAR MAS,GOLDEN PROFIT TRADING PTE LTD,SINGAPORE,GUNSAN (ES KUNSAN),SOUTH KOREA
2019,470329,SINAR MAS,OKI,SULTAN MAHMUD BADARUDDIN (U),SUMATERA SELATAN,2000,1219000,UNKNOWN AFFILIATION,SUZHOU GUANBAO TRADING LTD,CHINA (MAINLAND),NINGBO,CHINA (MAINLAND)
2019,470329,SINAR MAS,OKI,SULTAN MAHMUD BADARUDDIN (U),SUMATERA SELATAN,5000,3050759,DRAGON CROWN HOLDINGS,DRAGON CROWN (HK) TRADING LTD,CHINA (HONG KONG),ZHANJIANG,CHINA (MAINLAND)
2019,470329,SINAR MAS,OKI,SULTAN MAHMUD BADARUDDIN (U),SUMATERA SELATAN,8000,4868000,SINAR MAS,GOLDEN PROFIT TRADING PTE LTD,SINGAPORE,PYONGTAEK,SOUTH KOREA
2019,470329,SINAR MAS,OKI,SULTAN MAHMUD BADARUDDIN (U),SUMATERA SELATAN,1000,609500,CHINA UNION,CHINA UNION (MACAO COMMERCIAL OFFSHORE) CO LTD,MACAO,NINGBO,CHINA (MAINLAND)
2019,470329,ROYAL GOLDEN EAGLE,APRIL,BUATAN,RIAU,502,233585,ROYAL GOLDEN EAGLE,APRIL INTERNATIONAL ENTEPRISE PTE LTD,SINGAPORE,CHITTAGONG,BANGLADESH
2019,470329,ROYAL GOLDEN EAGLE,APRIL,BUATAN,RIAU,60,28028,ROYAL GOLDEN EAGLE,APRIL INTERNATIONAL ENTEPRISE PTE LTD,SINGAPORE,JAWAHARLAL NEHRU (NHAVA S,INDIA
2019,470329,ROYAL GOLDEN EAGLE,APRIL,BUATAN,RIAU,502,233285,ROYAL GOLDEN EAGLE,APRIL INTERNATIONAL ENTEPRISE PTE LTD,SINGAPORE,TALEGOAN,INDIA
2019,470329,SINAR MAS,LONTAR PAPYRUS,KUALA TUNGKAL,JAMBI,500,320797,SINAR MAS,GOLDEN PROFIT TRADING PTE LTD,SINGAPORE,CHITTAGONG,BANGLADESH
2019,470329,ROYAL GOLDEN EAGLE,APRIL,FUTONG,RIAU,6029,2803331,ROYAL GOLDEN EAGLE,APRIL FAR EAST MALAYSIA SDN BHD,MALAYSIA,XINHUI,CHINA (MAINLAND)
2019,470329,ROYAL GOLDEN EAGLE,APRIL,BUATAN,RIAU,502,233290,ROYAL GOLDEN EAGLE,APRIL INTERNATIONAL ENTEPRISE PTE LTD,SINGAPORE,CHITTAGONG,BANGLADESH
2019,470329,MARUBENI,TANJUNG ENIM LESTARI,TARAHAN,SUMATERA SELATAN,510,304513,HONG WON,HONG WON PAPER MFG CO LTD,SOUTH KOREA,PYONGTAEK,SOUTH KOREA
2019,470329,MARUBENI,TANJUNG ENIM LESTARI,TARAHAN,SUMATERA SELATAN,305,187448,HANSOL,HANSOL PAPER CO LTD,SOUTH KOREA,PYONGTAEK,SOUTH KOREA
2019,470329,SINAR MAS,INDAH KIAT,PERAWANG,RIAU,1000,611608,UNKNOWN AFFILIATION,SUZHOU HUANG YI TRADE CO LTD,CHINA (MAINLAND),SHANGHAI,CHINA (MAINLAND)
2019,470329,MARUBENI,TANJUNG ENIM LESTARI,TARAHAN,SUMATERA SELATAN,510,316255,CHINATEX CORP,CHINATEX RAW MATERIALS IMPORT AND EXPORT,CHINA (MAINLAND),QINGDAO,CHINA (MAINLAND)
2019,470329,MARUBENI,TANJUNG ENIM LESTARI,TARAHAN,SUMATERA SELATAN,1018,608016,HONG WON,HONG WON PAPER MFG CO LTD,SOUTH KOREA,PYONGTAEK,SOUTH KOREA
2019,470329,MARUBENI,TANJUNG ENIM LESTARI,TARAHAN,SUMATERA SELATAN,1019,608537,HONG WON,HONG WON PAPER MFG CO LTD,SOUTH KOREA,PYONGTAEK,SOUTH KOREA
2019,470329,MARUBENI,TANJUNG ENIM LESTARI,TARAHAN,SUMATERA SELATAN,304,194628,UNKNOWN AFFILIATION,TRICELL (HK) LTD,CHINA (HONG KONG),QINGDAO,CHINA (MAINLAND)
2019,470329,MARUBENI,TANJUNG ENIM LESTARI,TARAHAN,SUMATERA SELATAN,3059,1895190,UNKNOWN AFFILIATION,KING ADVANCEMENT DEVELOPMENT (HONG KONG) LTD,CHINA (HONG KONG),QINGDAO,CHINA (MAINLAND)
2019,470329,ROYAL GOLDEN EAGLE,APRIL,BUATAN,RIAU,80,36601,ROYAL GOLDEN EAGLE,APRIL INTERNATIONAL ENTEPRISE PTE LTD,SINGAPORE,CHENNAI (EX MADRAS),INDIA
2019,470329,MARUBENI,TANJUNG ENIM LESTARI,TARAHAN,SUMATERA SELATAN,102,62757,UNKNOWN AFFILIATION,YONGJIN CORP,SOUTH KOREA,PYONGTAEK,SOUTH KOREA
2019,470329,MARUBENI,TANJUNG ENIM LESTARI,TARAHAN,SUMATERA SELATAN,2040,1263447,UNKNOWN AFFILIATION,KING ADVANCEMENT DEVELOPMENT (HONG KONG) LTD,CHINA (HONG KONG),QINGDAO,CHINA (MAINLAND)
2019,470329,MARUBENI,TANJUNG ENIM LESTARI,TARAHAN,SUMATERA SELATAN,509,312354,HANSOL,HANSOL PAPER CO LTD,SOUTH KOREA,PYONGTAEK,SOUTH KOREA
2019,470329,MARUBENI,TANJUNG ENIM LESTARI,TARAHAN,SUMATERA SELATAN,1019,608329,HONG WON,HONG WON PAPER MFG CO LTD,SOUTH KOREA,PYONGTAEK,SOUTH KOREA
2019,470329,MARUBENI,TANJUNG ENIM LESTARI,PANJANG,SUMATERA SELATAN,289,182662,MARUBENI,MARUBENI CORP,JAPAN,SHIMIZU,JAPAN
2019,470329,ROYAL GOLDEN EAGLE,APRIL,BUATAN,RIAU,502,233648,ROYAL GOLDEN EAGLE,APRIL INTERNATIONAL ENTEPRISE PTE LTD,SINGAPORE,CHITTAGONG,BANGLADESH
2019,470329,MARUBENI,TANJUNG ENIM LESTARI,PANJANG,SUMATERA SELATAN,96,60986,NIPPON PAPER,NIPPON PAPER INDUSTRIES CO LTD,JAPAN,SHIMIZU,JAPAN
2019,470329,SINAR MAS,LONTAR PAPYRUS,KUALA TUNGKAL,JAMBI,300,180767,SINAR MAS,GOLDEN PROFIT TRADING PTE LTD,SINGAPORE,PENANG (GEORGETOWN),MALAYSIA
2019,470329,SINAR MAS,LONTAR PAPYRUS,KUALA TUNGKAL,JAMBI,502,309145,UNKNOWN AFFILIATION,FREELAND UNIVERSAL LTD,CHINA (HONG KONG),DALIAN,CHINA (MAINLAND)
2019,470329,ROYAL GOLDEN EAGLE,APRIL,BUATAN,RIAU,796,370145,ROYAL GOLDEN EAGLE,APRIL INTERNATIONAL ENTEPRISE PTE LTD,SINGAPORE,DJIBOUTI,DJIBOUTI
2019,470329,MARUBENI,TANJUNG ENIM LESTARI,PANJANG,SUMATERA SELATAN,154,97375,MARUBENI,MARUBENI CORP,JAPAN,SHIMIZU,JAPAN
2019,470329,SINAR MAS,LONTAR PAPYRUS,KUALA TUNGKAL,JAMBI,1004,618234,UNKNOWN AFFILIATION,FREELAND UNIVERSAL LTD,CHINA (HONG KONG),DALIAN,CHINA (MAINLAND)
2019,470329,ROYAL GOLDEN EAGLE,APRIL,BUATAN,RIAU,502,233352,ROYAL GOLDEN EAGLE,APRIL INTERNATIONAL ENTEPRISE PTE LTD,SINGAPORE,JAWAHARLAL NEHRU (NHAVA S,INDIA
2019,470329,SINAR MAS,INDAH KIAT,PERAWANG,RIAU,500,312314,DRAGON CROWN HOLDINGS,DRAGON CROWN (HK) TRADING LTD,CHINA (HONG KONG),HUANGPU OLD PORT,CHINA (MAINLAND)
2019,470329,SINAR MAS,OKI,SULTAN MAHMUD BADARUDDIN (U),SUMATERA SELATAN,9000,5400000,UNKNOWN AFFILIATION,NINGBO GUANPAO TRADING (HONGKONG) CO LTD,CHINA (HONG KONG),ZHENJIANG,CHINA (MAINLAND)
2019,470329,ROYAL GOLDEN EAGLE,APRIL,BUATAN,RIAU,100,46624,ROYAL GOLDEN EAGLE,APRIL INTERNATIONAL ENTEPRISE PTE LTD,SINGAPORE,MUNDRA,INDIA
2019,470329,SINAR MAS,INDAH KIAT,PERAWANG,RIAU,500,305363,SINAR MAS,GOLDEN PROFIT TRADING PTE LTD,SINGAPORE,CHITTAGONG,BANGLADESH
2019,470329,SINAR MAS,INDAH KIAT,PERAWANG,RIAU,1000,625912,SINAR MAS,GOLDEN PROFIT TRADING PTE LTD,SINGAPORE,AD DAMMAM,SAUDI ARABIA
2019,470329,ROYAL GOLDEN EAGLE,APRIL,BUATAN,RIAU,321,149173,ROYAL GOLDEN EAGLE,APRIL INTERNATIONAL ENTEPRISE PTE LTD,SINGAPORE,KARACHI,PAKISTAN
2019,470329,MARUBENI,TANJUNG ENIM LESTARI,PANJANG,SUMATERA SELATAN,991,597944,IMEXCO BACGIANG,BAC GIANG IMPORT EXPORT JOINT STOCK CO,VIETNAM,HAIPHONG,VIETNAM
2019,470329,ROYAL GOLDEN EAGLE,APRIL,BUATAN,RIAU,501,233142,ROYAL GOLDEN EAGLE,APRIL INTERNATIONAL ENTEPRISE PTE LTD,SINGAPORE,CHITTAGONG,BANGLADESH
2019,470329,SINAR MAS,INDAH KIAT,PERAWANG,RIAU,1000,637912,SINAR MAS,GOLDEN PROFIT TRADING PTE LTD,SINGAPORE,ABU DHABI,UNITED ARAB EMIRATES
2019,470329,ROYAL GOLDEN EAGLE,APRIL,BUATAN,RIAU,502,233385,ROYAL GOLDEN EAGLE,APRIL INTERNATIONAL ENTEPRISE PTE LTD,SINGAPORE,BANGKOK,THAILAND
2019,470329,ROYAL GOLDEN EAGLE,APRIL,BUATAN,RIAU,501,227950,ROYAL GOLDEN EAGLE,APRIL INTERNATIONAL ENTEPRISE PTE LTD,SINGAPORE,CHITTAGONG,BANGLADESH
2019,470329,ROYAL GOLDEN EAGLE,APRIL,BUATAN,RIAU,201,93472,ROYAL GOLDEN EAGLE,APRIL INTERNATIONAL ENTEPRISE PTE LTD,SINGAPORE,BANGKOK,THAILAND
2019,470329,ROYAL GOLDEN EAGLE,APRIL,BUATAN,RIAU,100,46692,ROYAL GOLDEN EAGLE,APRIL INTERNATIONAL ENTEPRISE PTE LTD,SINGAPORE,YANGON,MYANMAR
2019,470329,ROYAL GOLDEN EAGLE,APRIL,BUATAN,RIAU,502,233629,ROYAL GOLDEN EAGLE,APRIL INTERNATIONAL ENTEPRISE PTE LTD,SINGAPORE,CHITTAGONG,BANGLADESH
2019,470329,SINAR MAS,INDAH KIAT,PERAWANG,RIAU,500,305363,SINAR MAS,GOLDEN PROFIT TRADING PTE LTD,SINGAPORE,CHITTAGONG,BANGLADESH
2019,470329,SINAR MAS,INDAH KIAT,PERAWANG,RIAU,90,61070,SINAR MAS,GOLDEN PROFIT TRADING PTE LTD,SINGAPORE,SHIMIZU,JAPAN
2019,470329,MARUBENI,TANJUNG ENIM LESTARI,PANJANG,SUMATERA SELATAN,106,62243,UNKNOWN AFFILIATION,VECHEM ORGANICS PVT LTD,INDIA,REWARI,INDIA
2019,470329,SINAR MAS,OKI,SULTAN MAHMUD BADARUDDIN (U),SUMATERA SELATAN,3000,1800000,UNKNOWN AFFILIATION,NINGBO GUANPAO TRADING (HONGKONG) CO LTD,CHINA (HONG KONG),ZHENJIANG,CHINA (MAINLAND)
2019,470329,SINAR MAS,LONTAR PAPYRUS,KUALA TUNGKAL,JAMBI,1004,613006,SINAR MAS,GOLDEN PROFIT TRADING PTE LTD,SINGAPORE,LAT KRABANG,THAILAND
2019,470329,SINAR MAS,INDAH KIAT,PERAWANG,RIAU,500,306304,DRAGON CROWN HOLDINGS,DRAGON CROWN (HK) TRADING LTD,CHINA (HONG KONG),NINGBO,CHINA (MAINLAND)
2019,470329,SINAR MAS,LONTAR PAPYRUS,KUALA TUNGKAL,JAMBI,502,309279,SINAR MAS,GOLDEN PROFIT TRADING PTE LTD,SINGAPORE,HAIPHONG,VIETNAM
2019,470329,MARUBENI,TANJUNG ENIM LESTARI,PANJANG,SUMATERA SELATAN,296,194217,UNKNOWN AFFILIATION,ELITE KRAFT PAPER CO LTD,THAILAND,LAEM CHABANG,THAILAND
2019,470329,SINAR MAS,OKI,SULTAN MAHMUD BADARUDDIN (U),SUMATERA SELATAN,7500,4500000,SINAR MAS,GOLDEN PROFIT TRADING PTE LTD,SINGAPORE,ZHENJIANG,CHINA (MAINLAND)
2019,470329,ROYAL GOLDEN EAGLE,APRIL,BUATAN,RIAU,503,228656,ROYAL GOLDEN EAGLE,APRIL INTERNATIONAL ENTEPRISE PTE LTD,SINGAPORE,CHITTAGONG,BANGLADESH
2019,470329,SINAR MAS,INDAH KIAT,PERAWANG,RIAU,504,313819,SINAR MAS,GOLDEN PROFIT TRADING PTE LTD,SINGAPORE,HAIPHONG,VIETNAM
2019,470329,SINAR MAS,INDAH KIAT,PERAWANG,RIAU,100,61444,SINAR MAS,GOLDEN PROFIT TRADING PTE LTD,SINGAPORE,TAICHUNG,TAIWAN
2019,470329,SINAR MAS,INDAH KIAT,PERAWANG,RIAU,1000,611608,UNKNOWN AFFILIATION,SUZHOU HUANG YI TRADE CO LTD,CHINA (MAINLAND),SHANGHAI,CHINA (MAINLAND)
2019,470329,SINAR MAS,INDAH KIAT,PERAWANG,RIAU,540,335246,SINAR MAS,GOLDEN PROFIT TRADING PTE LTD,SINGAPORE,HAIPHONG,VIETNAM
2019,470329,SINAR MAS,INDAH KIAT,PERAWANG,RIAU,984,612693,SINAR MAS,GOLDEN PROFIT TRADING PTE LTD,SINGAPORE,HAIPHONG,VIETNAM
2019,470329,SINAR MAS,INDAH KIAT,PERAWANG,RIAU,300,181929,SINAR MAS,GOLDEN PROFIT TRADING PTE LTD,SINGAPORE,MANILA SOUTH HARBOUR,PHILIPPINES
2019,470329,ROYAL GOLDEN EAGLE,APRIL,BUATAN,RIAU,60,27993,ROYAL GOLDEN EAGLE,APRIL INTERNATIONAL ENTEPRISE PTE LTD,SINGAPORE,JAWAHARLAL NEHRU (NHAVA S,INDIA
2019,470329,ROYAL GOLDEN EAGLE,APRIL,BUATAN,RIAU,502,228316,ROYAL GOLDEN EAGLE,APRIL INTERNATIONAL ENTEPRISE PTE LTD,SINGAPORE,CHITTAGONG,BANGLADESH
2019,470329,ROYAL GOLDEN EAGLE,APRIL,BUATAN,RIAU,201,91491,ROYAL GOLDEN EAGLE,APRIL INTERNATIONAL ENTEPRISE PTE LTD,SINGAPORE,KATHUWAS ICD/ALWAR,INDIA
2019,470329,SINAR MAS,OKI,SULTAN MAHMUD BADARUDDIN (U),SUMATERA SELATAN,1000,609652,DRAGON CROWN HOLDINGS,DRAGON CROWN (HK) TRADING LTD,CHINA (HONG KONG),QINGDAO,CHINA (MAINLAND)
2019,470329,SINAR MAS,OKI,SULTAN MAHMUD BADARUDDIN (U),SUMATERA SELATAN,3500,2133783,DRAGON CROWN HOLDINGS,DRAGON CROWN (HK) TRADING LTD,CHINA (HONG KONG),QINGDAO,CHINA (MAINLAND)
2019,470329,ROYAL GOLDEN EAGLE,APRIL,FUTONG,RIAU,10091,4591589,ROYAL GOLDEN EAGLE,APRIL INTERNATIONAL ENTEPRISE PTE LTD,SINGAPORE,CHANGSHU,CHINA (MAINLAND)
2019,470329,SINAR MAS,OKI,SULTAN MAHMUD BADARUDDIN (U),SUMATERA SELATAN,1700,1036409,DRAGON CROWN HOLDINGS,DRAGON CROWN (HK) TRADING LTD,CHINA (HONG KONG),CHANGSHU,CHINA (MAINLAND)
2019,470329,SINAR MAS,OKI,SULTAN MAHMUD BADARUDDIN (U),SUMATERA SELATAN,500,305826,UNKNOWN AFFILIATION,SUZHOU GUANBAO TRADING LTD,CHINA (MAINLAND),CHANGSHU,CHINA (MAINLAND)
2019,470329,SINAR MAS,OKI,SULTAN MAHMUD BADARUDDIN (U),SUMATERA SELATAN,800,488000,CHINA UNION,CHINA UNION (MACAO COMMERCIAL OFFSHORE) CO LTD,MACAO,CHANGSHU,CHINA (MAINLAND)
2019,470329,SINAR MAS,OKI,SULTAN MAHMUD BADARUDDIN (U),SUMATERA SELATAN,1000,610000,CHINA UNION,CHINA UNION (MACAO COMMERCIAL OFFSHORE) CO LTD,MACAO,CHANGSHU,CHINA (MAINLAND)
2019,470329,SINAR MAS,OKI,SULTAN MAHMUD BADARUDDIN (U),SUMATERA SELATAN,1500,914479,DRAGON CROWN HOLDINGS,DRAGON CROWN (HK) TRADING LTD,CHINA (HONG KONG),QINGDAO,CHINA (MAINLAND)
2019,470329,ROYAL GOLDEN EAGLE,APRIL,BUATAN,RIAU,201,91283,ROYAL GOLDEN EAGLE,APRIL INTERNATIONAL ENTEPRISE PTE LTD,SINGAPORE,KATHUWAS ICD/ALWAR,INDIA
2019,470329,SINAR MAS,OKI,SULTAN MAHMUD BADARUDDIN (U),SUMATERA SELATAN,500,304826,DRAGON CROWN HOLDINGS,DRAGON CROWN (HK) TRADING LTD,CHINA (HONG KONG),QINGDAO,CHINA (MAINLAND)
2019,470329,ROYAL GOLDEN EAGLE,APRIL,BUATAN,RIAU,503,233819,ROYAL GOLDEN EAGLE,APRIL INTERNATIONAL ENTEPRISE PTE LTD,SINGAPORE,JAWAHARLAL NEHRU (NHAVA S,INDIA
2019,470329,SINAR MAS,OKI,SULTAN MAHMUD BADARUDDIN (U),SUMATERA SELATAN,6770,4143240,UNKNOWN AFFILIATION,FREELAND UNIVERSAL LTD,CHINA (HONG KONG),ZHENJIANG,CHINA (MAINLAND)
2019,470329,SINAR MAS,OKI,SULTAN MAHMUD BADARUDDIN (U),SUMATERA SELATAN,2200,1337600,CHINA UNION,CHINA UNION (MACAO COMMERCIAL OFFSHORE) CO LTD,MACAO,CHANGSHU,CHINA (MAINLAND)
2019,470329,SINAR MAS,OKI,SULTAN MAHMUD BADARUDDIN (U),SUMATERA SELATAN,1600,979200,UNKNOWN AFFILIATION,SUZHOU HUANG YI TRADE CO LTD,CHINA (MAINLAND),ZHENJIANG,CHINA (MAINLAND)
2019,470329,SINAR MAS,OKI,SULTAN MAHMUD BADARUDDIN (U),SUMATERA SELATAN,2630,1612190,UNKNOWN AFFILIATION,FREELAND UNIVERSAL LTD,CHINA (HONG KONG),ZHENJIANG,CHINA (MAINLAND)
2019,470329,SINAR MAS,OKI,SULTAN MAHMUD BADARUDDIN (U),SUMATERA SELATAN,2000,1216000,UNKNOWN AFFILIATION,SUZHOU HUANG YI TRADE CO LTD,CHINA (MAINLAND),CHANGSHU,CHINA (MAINLAND)
2019,470329,SINAR MAS,INDAH KIAT,PERAWANG,RIAU,504,313818,SINAR MAS,GOLDEN PROFIT TRADING PTE LTD,SINGAPORE,HAIPHONG,VIETNAM
2019,470329,ROYAL GOLDEN EAGLE,APRIL,BUATAN,RIAU,502,228519,ROYAL GOLDEN EAGLE,APRIL INTERNATIONAL ENTEPRISE PTE LTD,SINGAPORE,CHITTAGONG,BANGLADESH
2019,470329,ROYAL GOLDEN EAGLE,APRIL,BUATAN,RIAU,501,228169,ROYAL GOLDEN EAGLE,APRIL INTERNATIONAL ENTEPRISE PTE LTD,SINGAPORE,BEIRUT,LEBANON
2019,470329,ROYAL GOLDEN EAGLE,APRIL,BUATAN,RIAU,40,18267,ROYAL GOLDEN EAGLE,APRIL INTERNATIONAL ENTEPRISE PTE LTD,SINGAPORE,JAWAHARLAL NEHRU (NHAVA S,INDIA
2019,470329,ROYAL GOLDEN EAGLE,APRIL,BUATAN,RIAU,1005,467321,ROYAL GOLDEN EAGLE,APRIL INTERNATIONAL ENTEPRISE PTE LTD,SINGAPORE,JAWAHARLAL NEHRU (NHAVA S,INDIA
2019,470329,ROYAL GOLDEN EAGLE,APRIL,BUATAN,RIAU,100,46692,ROYAL GOLDEN EAGLE,APRIL INTERNATIONAL ENTEPRISE PTE LTD,SINGAPORE,ANKLESHWAR,INDIA
2019,470329,ROYAL GOLDEN EAGLE,APRIL,BUATAN,RIAU,60,28047,ROYAL GOLDEN EAGLE,APRIL INTERNATIONAL ENTEPRISE PTE LTD,SINGAPORE,JAWAHARLAL NEHRU (NHAVA S,INDIA
2019,470329,ROYAL GOLDEN EAGLE,APRIL,BUATAN,RIAU,496,225525,ROYAL GOLDEN EAGLE,APRIL INTERNATIONAL ENTEPRISE PTE LTD,SINGAPORE,EL ISKANDARIYA (= ALEXAND,EGYPT
2019,470329,ROYAL GOLDEN EAGLE,APRIL,BUATAN,RIAU,100,45704,ROYAL GOLDEN EAGLE,APRIL INTERNATIONAL ENTEPRISE PTE LTD,SINGAPORE,TUGLAKABAD,INDIA
2019,470329,ROYAL GOLDEN EAGLE,APRIL,BUATAN,RIAU,40,18272,ROYAL GOLDEN EAGLE,APRIL INTERNATIONAL ENTEPRISE PTE LTD,SINGAPORE,PIPAVAV (VICTOR) PORT,INDIA
2019,470329,ROYAL GOLDEN EAGLE,APRIL,BUATAN,RIAU,503,228726,ROYAL GOLDEN EAGLE,APRIL INTERNATIONAL ENTEPRISE PTE LTD,SINGAPORE,MERSIN,TURKEY
2019,470329,ROYAL GOLDEN EAGLE,APRIL,BUATAN,RIAU,301,136996,ROYAL GOLDEN EAGLE,APRIL INTERNATIONAL ENTEPRISE PTE LTD,SINGAPORE,NINGBO,CHINA (MAINLAND)
2019,470329,MARUBENI,TANJUNG ENIM LESTARI,TARAHAN,SUMATERA SELATAN,2119,1283763,VINDA,VINDA PAPER (CHINA) CO LTD,CHINA (MAINLAND),ZHUHAI,CHINA (MAINLAND)
2019,470329,ROYAL GOLDEN EAGLE,APRIL,BUATAN,RIAU,503,228707,ROYAL GOLDEN EAGLE,APRIL INTERNATIONAL ENTEPRISE PTE LTD,SINGAPORE,BEIRUT,LEBANON
2019,470329,MARUBENI,TANJUNG ENIM LESTARI,TARAHAN,SUMATERA SELATAN,49,31591,NIPPON PAPER,LINTEC CORP,JAPAN,IYOMISHIMA,JAPAN
2019,470329,SINAR MAS,OKI,SULTAN MAHMUD BADARUDDIN (U),SUMATERA SELATAN,1000,608500,UNKNOWN AFFILIATION,SUZHOU HUANG YI TRADE CO LTD,CHINA (MAINLAND),YANGPU,CHINA (MAINLAND)
2019,470329,MARUBENI,TANJUNG ENIM LESTARI,TARAHAN,SUMATERA SELATAN,400,251647,MARUBENI,MARUBENI CORP,JAPAN,IYOMISHIMA,JAPAN
2019,470329,ROYAL GOLDEN EAGLE,APRIL,BUATAN,RIAU,503,228643,ROYAL GOLDEN EAGLE,APRIL INTERNATIONAL ENTEPRISE PTE LTD,SINGAPORE,MERSIN,TURKEY
2019,470329,SINAR MAS,OKI,SULTAN MAHMUD BADARUDDIN (U),SUMATERA SELATAN,1000,609500,UNKNOWN AFFILIATION,SUZHOU HUANG YI TRADE CO LTD,CHINA (MAINLAND),QINZHOU,CHINA (MAINLAND)
2019,470329,MARUBENI,TANJUNG ENIM LESTARI,TARAHAN,SUMATERA SELATAN,999,626617,UNKNOWN AFFILIATION,TRICELL (HK) LTD,CHINA (HONG KONG),QINGDAO,CHINA (MAINLAND)
2019,470329,ROYAL GOLDEN EAGLE,APRIL,BUATAN,RIAU,693,322359,ROYAL GOLDEN EAGLE,APRIL INTERNATIONAL ENTEPRISE PTE LTD,SINGAPORE,ABU DHABI,UNITED ARAB EMIRATES
2019,470329,MARUBENI,TANJUNG ENIM LESTARI,TARAHAN,SUMATERA SELATAN,2119,1306782,UNKNOWN AFFILIATION,KING ADVANCEMENT DEVELOPMENT (HONG KONG) LTD,CHINA (HONG KONG),QINGDAO,CHINA (MAINLAND)
2019,470329,MARUBENI,TANJUNG ENIM LESTARI,TARAHAN,SUMATERA SELATAN,318,196393,UNKNOWN AFFILIATION,TRICELL (HK) LTD,CHINA (HONG KONG),QINGDAO,CHINA (MAINLAND)
2019,470329,SINAR MAS,OKI,SULTAN MAHMUD BADARUDDIN (U),SUMATERA SELATAN,1000,609500,UNKNOWN AFFILIATION,SUZHOU HUANG YI TRADE CO LTD,CHINA (MAINLAND),QINZHOU,CHINA (MAINLAND)
2019,470329,MARUBENI,TANJUNG ENIM LESTARI,TARAHAN,SUMATERA SELATAN,700,440195,MARUBENI,MARUBENI CORP,JAPAN,IYOMISHIMA,JAPAN
2019,470329,MARUBENI,TANJUNG ENIM LESTARI,TARAHAN,SUMATERA SELATAN,50,31663,NIPPON PAPER,LINTEC CORP,JAPAN,IYOMISHIMA,JAPAN
2019,470329,MARUBENI,TANJUNG ENIM LESTARI,TARAHAN,SUMATERA SELATAN,400,251260,MARUBENI,MARUBENI CORP,JAPAN,IYOMISHIMA,JAPAN
2019,470329,MARUBENI,TANJUNG ENIM LESTARI,TARAHAN,SUMATERA SELATAN,998,626107,UNKNOWN AFFILIATION,TRICELL (HK) LTD,CHINA (HONG KONG),QINGDAO,CHINA (MAINLAND)
2019,470329,MARUBENI,TANJUNG ENIM LESTARI,TARAHAN,SUMATERA SELATAN,1059,641421,VINDA,VINDA PAPER (SHANDONG) CO LTD,CHINA (MAINLAND),QINGDAO,CHINA (MAINLAND)
2019,470329,MARUBENI,TANJUNG ENIM LESTARI,PANJANG,SUMATERA SELATAN,990,593828,ITC,ITC LTD - PAPERBOARDS & SPECIALTY PAPERS DIVSION,INDIA,HALDIA,INDIA
2019,470329,ROYAL GOLDEN EAGLE,APRIL,BUATAN,RIAU,502,233552,ROYAL GOLDEN EAGLE,APRIL INTERNATIONAL ENTEPRISE PTE LTD,SINGAPORE,CHITTAGONG,BANGLADESH
2019,470329,ROYAL GOLDEN EAGLE,APRIL,BUATAN,RIAU,241,112251,ROYAL GOLDEN EAGLE,APRIL INTERNATIONAL ENTEPRISE PTE LTD,SINGAPORE,CHITTAGONG,BANGLADESH
2019,470329,ROYAL GOLDEN EAGLE,APRIL,FUTONG,RIAU,5023,2285266,ROYAL GOLDEN EAGLE,APRIL INTERNATIONAL ENTEPRISE PTE LTD,SINGAPORE,ZHANJIANG,CHINA (MAINLAND)
2019,470329,SINAR MAS,OKI,SULTAN MAHMUD BADARUDDIN (U),SUMATERA SELATAN,4300,2616550,UNKNOWN AFFILIATION,SUZHOU HUANG YI TRADE CO LTD,CHINA (MAINLAND),YANGPU,CHINA (MAINLAND)
2019,470329,MARUBENI,TANJUNG ENIM LESTARI,TARAHAN,SUMATERA SELATAN,600,377333,MARUBENI,MARUBENI CORP,JAPAN,IYOMISHIMA,JAPAN
2019,470329,ROYAL GOLDEN EAGLE,APRIL,FUTONG,RIAU,2713,1234530,ROYAL GOLDEN EAGLE,APRIL FAR EAST MALAYSIA SDN BHD,MALAYSIA,XINHUI,CHINA (MAINLAND)
2019,470329,ROYAL GOLDEN EAGLE,APRIL,BUATAN,RIAU,502,228607,ROYAL GOLDEN EAGLE,APRIL INTERNATIONAL ENTEPRISE PTE LTD,SINGAPORE,TALEGOAN,INDIA
2019,470329,MARUBENI,TANJUNG ENIM LESTARI,PANJANG,SUMATERA SELATAN,986,607957,UNKNOWN AFFILIATION,GUANGXI GUIHAI FOREST AND PULP-PAPER CO,CHINA (HONG KONG),BEIHAI,CHINA (MAINLAND)
2019,470329,SINAR MAS,INDAH KIAT,PERAWANG,RIAU,500,303288,CHINA UNION,CHINA UNION (MACAO COMMERCIAL OFFSHORE) CO LTD,MACAO,CHANGSHU,CHINA (MAINLAND)
2019,470329,SINAR MAS,OKI,SULTAN MAHMUD BADARUDDIN (U),SUMATERA SELATAN,2000,1223304,DRAGON CROWN HOLDINGS,DRAGON CROWN (HK) TRADING LTD,CHINA (HONG KONG),QINGDAO,CHINA (MAINLAND)
2019,470329,SINAR MAS,OKI,SULTAN MAHMUD BADARUDDIN (U),SUMATERA SELATAN,2000,1223304,DRAGON CROWN HOLDINGS,DRAGON CROWN (HK) TRADING LTD,CHINA (HONG KONG),QINGDAO,CHINA (MAINLAND)
2019,470329,MARUBENI,TANJUNG ENIM LESTARI,PANJANG,SUMATERA SELATAN,103,63134,UNKNOWN AFFILIATION,VECHEM ORGANICS PVT LTD,INDIA,REWARI,INDIA
2019,470329,SINAR MAS,OKI,SULTAN MAHMUD BADARUDDIN (U),SUMATERA SELATAN,2000,1223304,DRAGON CROWN HOLDINGS,DRAGON CROWN (HK) TRADING LTD,CHINA (HONG KONG),QINGDAO,CHINA (MAINLAND)
2019,470329,ROYAL GOLDEN EAGLE,APRIL,BUATAN,RIAU,181,82196,ROYAL GOLDEN EAGLE,APRIL INTERNATIONAL ENTEPRISE PTE LTD,SINGAPORE,PIPAVAV (VICTOR) PORT,INDIA
2019,470329,SINAR MAS,OKI,SULTAN MAHMUD BADARUDDIN (U),SUMATERA SELATAN,1000,611652,DRAGON CROWN HOLDINGS,DRAGON CROWN (HK) TRADING LTD,CHINA (HONG KONG),QINGDAO,CHINA (MAINLAND)
2019,470329,SINAR MAS,OKI,SULTAN MAHMUD BADARUDDIN (U),SUMATERA SELATAN,2000,1223304,DRAGON CROWN HOLDINGS,DRAGON CROWN (HK) TRADING LTD,CHINA (HONG KONG),QINGDAO,CHINA (MAINLAND)
2019,470329,SINAR MAS,OKI,SULTAN MAHMUD BADARUDDIN (U),SUMATERA SELATAN,1400,856313,DRAGON CROWN HOLDINGS,DRAGON CROWN (HK) TRADING LTD,CHINA (HONG KONG),QINGDAO,CHINA (MAINLAND)
2019,470329,SINAR MAS,INDAH KIAT,PERAWANG,RIAU,1000,627420,DRAGON CROWN HOLDINGS,DRAGON CROWN (HK) TRADING LTD,CHINA (HONG KONG),HUANGPU OLD PORT,CHINA (MAINLAND)
2019,470329,SINAR MAS,INDAH KIAT,PERAWANG,RIAU,500,305363,SINAR MAS,GOLDEN PROFIT TRADING PTE LTD,SINGAPORE,CHITTAGONG,BANGLADESH
2019,470329,SINAR MAS,OKI,SULTAN MAHMUD BADARUDDIN (U),SUMATERA SELATAN,2000,1223304,DRAGON CROWN HOLDINGS,DRAGON CROWN (HK) TRADING LTD,CHINA (HONG KONG),QINGDAO,CHINA (MAINLAND)
2019,470329,SINAR MAS,LONTAR PAPYRUS,KUALA TUNGKAL,JAMBI,501,321405,SINAR MAS,GOLDEN PROFIT TRADING PTE LTD,SINGAPORE,CHITTAGONG,BANGLADESH
2019,470329,SINAR MAS,LONTAR PAPYRUS,KUALA TUNGKAL,JAMBI,141,90094,SINAR MAS,GOLDEN PROFIT TRADING PTE LTD,SINGAPORE,CHITTAGONG,BANGLADESH
2019,470329,SINAR MAS,OKI,SULTAN MAHMUD BADARUDDIN (U),SUMATERA SELATAN,7000,4274567,DRAGON CROWN HOLDINGS,DRAGON CROWN (HK) TRADING LTD,CHINA (HONG KONG),QINGDAO,CHINA (MAINLAND)
2019,470329,SINAR MAS,INDAH KIAT,PERAWANG,RIAU,60,36742,SINAR MAS,GOLDEN PROFIT TRADING PTE LTD,SINGAPORE,DA NANG,VIETNAM
2019,470329,ROYAL GOLDEN EAGLE,APRIL,FUTONG,RIAU,2310,1051125,ROYAL GOLDEN EAGLE,APRIL FAR EAST MALAYSIA SDN BHD,MALAYSIA,PYONGTAEK,SOUTH KOREA
2019,470329,SINAR MAS,INDAH KIAT,PERAWANG,RIAU,300,181929,SINAR MAS,GOLDEN PROFIT TRADING PTE LTD,SINGAPORE,MANILA SOUTH HARBOUR,PHILIPPINES
2019,470329,ROYAL GOLDEN EAGLE,APRIL,FUTONG,RIAU,5324,2422430,ROYAL GOLDEN EAGLE,APRIL FAR EAST MALAYSIA SDN BHD,MALAYSIA,GUNSAN (ES KUNSAN),SOUTH KOREA
2019,470329,SINAR MAS,OKI,SULTAN MAHMUD BADARUDDIN (U),SUMATERA SELATAN,5000,3053262,DRAGON CROWN HOLDINGS,DRAGON CROWN (HK) TRADING LTD,CHINA (HONG KONG),QINGDAO,CHINA (MAINLAND)
2019,470329,SINAR MAS,INDAH KIAT,PERAWANG,RIAU,1000,608507,DRAGON CROWN HOLDINGS,DRAGON CROWN (HK) TRADING LTD,CHINA (HONG KONG),XIAMEN,CHINA (MAINLAND)
2019,470329,SINAR MAS,INDAH KIAT,PERAWANG,RIAU,500,305363,SINAR MAS,GOLDEN PROFIT TRADING PTE LTD,SINGAPORE,CHITTAGONG,BANGLADESH
2019,470329,ROYAL GOLDEN EAGLE,APRIL,BUATAN,RIAU,496,225509,ROYAL GOLDEN EAGLE,APRIL INTERNATIONAL ENTEPRISE PTE LTD,SINGAPORE,JEBEL ALI,UNITED ARAB EMIRATES
2019,470329,ROYAL GOLDEN EAGLE,APRIL,BUATAN,RIAU,100,45642,ROYAL GOLDEN EAGLE,APRIL INTERNATIONAL ENTEPRISE PTE LTD,SINGAPORE,CHENNAI (EX MADRAS),INDIA
2019,470329,MARUBENI,TANJUNG ENIM LESTARI,PANJANG,SUMATERA SELATAN,994,578806,VINDA,VINDA PAPER (SI CHUAN) CO LTD,CHINA (MAINLAND),CHONGQING,CHINA (MAINLAND)
2019,470329,ROYAL GOLDEN EAGLE,APRIL,BUATAN,RIAU,496,225615,ROYAL GOLDEN EAGLE,APRIL INTERNATIONAL ENTEPRISE PTE LTD,SINGAPORE,JEBEL ALI,UNITED ARAB EMIRATES
2019,470329,SINAR MAS,INDAH KIAT,PERAWANG,RIAU,1000,630942,SINAR MAS,GOLDEN PROFIT TRADING PTE LTD,SINGAPORE,ABU DHABI,UNITED ARAB EMIRATES
2019,470329,ROYAL GOLDEN EAGLE,APRIL,BUATAN,RIAU,201,91257,ROYAL GOLDEN EAGLE,APRIL INTERNATIONAL ENTEPRISE PTE LTD,SINGAPORE,KATHUWAS ICD/ALWAR,INDIA
2019,470329,ROYAL GOLDEN EAGLE,APRIL,BUATAN,RIAU,40,18241,ROYAL GOLDEN EAGLE,APRIL INTERNATIONAL ENTEPRISE PTE LTD,SINGAPORE,PIPAVAV (VICTOR) PORT,INDIA
2019,470329,SINAR MAS,INDAH KIAT,PERAWANG,RIAU,1000,601318,SINAR MAS,GOLDEN PROFIT TRADING PTE LTD,SINGAPORE,SHUAIBA,KUWAIT
2019,470329,ROYAL GOLDEN EAGLE,APRIL,BUATAN,RIAU,1005,467458,ROYAL GOLDEN EAGLE,APRIL INTERNATIONAL ENTEPRISE PTE LTD,SINGAPORE,JAWAHARLAL NEHRU (NHAVA S,INDIA
2019,470329,ROYAL GOLDEN EAGLE,APRIL,BUATAN,RIAU,201,91484,ROYAL GOLDEN EAGLE,APRIL INTERNATIONAL ENTEPRISE PTE LTD,SINGAPORE,KATHUWAS ICD/ALWAR,INDIA
2019,470329,ROYAL GOLDEN EAGLE,APRIL,BUATAN,RIAU,502,228430,ROYAL GOLDEN EAGLE,APRIL INTERNATIONAL ENTEPRISE PTE LTD,SINGAPORE,TALEGOAN,INDIA
2019,470329,SINAR MAS,OKI,SULTAN MAHMUD BADARUDDIN (U),SUMATERA SELATAN,2000,1223303,DRAGON CROWN HOLDINGS,DRAGON CROWN (HK) TRADING LTD,CHINA (HONG KONG),TIANJIN,CHINA (MAINLAND)
2019,470329,SINAR MAS,INDAH KIAT,PERAWANG,RIAU,5000,3060000,UNKNOWN AFFILIATION,BRIGHTENING SKY CO LTD,CHINA (HONG KONG),CHANGSHU,CHINA (MAINLAND)
2019,470329,SINAR MAS,INDAH KIAT,PERAWANG,RIAU,3000,1836000,SINAR MAS,GOLDEN PROFIT TRADING PTE LTD,SINGAPORE,CHANGSHU,CHINA (MAINLAND)
2019,470329,SINAR MAS,OKI,SULTAN MAHMUD BADARUDDIN (U),SUMATERA SELATAN,5350,3274200,SINAR MAS,GOLDEN PROFIT TRADING PTE LTD,SINGAPORE,CHANGSHU,CHINA (MAINLAND)
2019,470329,SINAR MAS,OKI,SULTAN MAHMUD BADARUDDIN (U),SUMATERA SELATAN,6150,3763800,UNKNOWN AFFILIATION,SUZHOU HUANG YI TRADE CO LTD,CHINA (MAINLAND),CHANGSHU,CHINA (MAINLAND)
2019,470329,ROYAL GOLDEN EAGLE,APRIL,FUTONG,RIAU,7433,3382015,ROYAL GOLDEN EAGLE,APRIL INTERNATIONAL ENTEPRISE PTE LTD,SINGAPORE,CHANGSHU,CHINA (MAINLAND)
2019,470329,ROYAL GOLDEN EAGLE,APRIL,BUATAN,RIAU,502,228205,ROYAL GOLDEN EAGLE,APRIL INTERNATIONAL ENTEPRISE PTE LTD,SINGAPORE,PUNE,INDIA
2019,470329,SINAR MAS,INDAH KIAT,PERAWANG,RIAU,2000,1224000,UNKNOWN AFFILIATION,FREELAND UNIVERSAL LTD,CHINA (HONG KONG),CHANGSHU,CHINA (MAINLAND)
2019,470329,SINAR MAS,OKI,SULTAN MAHMUD BADARUDDIN (U),SUMATERA SELATAN,2000,1223303,DRAGON CROWN HOLDINGS,DRAGON CROWN (HK) TRADING LTD,CHINA (HONG KONG),TIANJIN,CHINA (MAINLAND)
2019,470329,MARUBENI,TANJUNG ENIM LESTARI,PANJANG,SUMATERA SELATAN,985,578904,JK,JK PAPER LTD (UNIT CENTRAL PULP MILLS),INDIA,ANKLESHWAR,INDIA
2019,470329,MARUBENI,TANJUNG ENIM LESTARI,PANJANG,SUMATERA SELATAN,295,186607,UNKNOWN AFFILIATION,THAI PAPER CO LTD,THAILAND,LAT KRABANG,THAILAND
2019,470329,MARUBENI,TANJUNG ENIM LESTARI,PANJANG,SUMATERA SELATAN,976,577996,VINDA,VINDA PAPER (ZHEJIANG) CO LTD,CHINA (MAINLAND),NINGBO,CHINA (MAINLAND)
2019,470329,ROYAL GOLDEN EAGLE,APRIL,BUATAN,RIAU,302,140227,ROYAL GOLDEN EAGLE,APRIL INTERNATIONAL ENTEPRISE PTE LTD,SINGAPORE,BANGKOK,THAILAND
2019,470329,ROYAL GOLDEN EAGLE,APRIL,BUATAN,RIAU,40,18277,ROYAL GOLDEN EAGLE,APRIL INTERNATIONAL ENTEPRISE PTE LTD,SINGAPORE,JAWAHARLAL NEHRU (NHAVA S,INDIA
2019,470329,ROYAL GOLDEN EAGLE,APRIL,BUATAN,RIAU,100,45645,ROYAL GOLDEN EAGLE,APRIL INTERNATIONAL ENTEPRISE PTE LTD,SINGAPORE,TUGLAKABAD,INDIA
2019,470329,MARUBENI,TANJUNG ENIM LESTARI,PANJANG,SUMATERA SELATAN,106,62166,UNKNOWN AFFILIATION,VECHEM ORGANICS PVT LTD,INDIA,REWARI,INDIA
2019,470329,ROYAL GOLDEN EAGLE,APRIL,BUATAN,RIAU,503,228764,ROYAL GOLDEN EAGLE,APRIL INTERNATIONAL ENTEPRISE PTE LTD,SINGAPORE,HAIPHONG,VIETNAM
2019,470329,SINAR MAS,INDAH KIAT,PERAWANG,RIAU,500,305363,SINAR MAS,GOLDEN PROFIT TRADING PTE LTD,SINGAPORE,CHITTAGONG,BANGLADESH
2019,470329,ROYAL GOLDEN EAGLE,APRIL,BUATAN,RIAU,301,140181,ROYAL GOLDEN EAGLE,APRIL INTERNATIONAL ENTEPRISE PTE LTD,SINGAPORE,BANGKOK,THAILAND
2019,470329,SINAR MAS,LONTAR PAPYRUS,KUALA TUNGKAL,JAMBI,1004,609237,UNKNOWN AFFILIATION,FREELAND UNIVERSAL LTD,CHINA (HONG KONG),DALIAN,CHINA (MAINLAND)
2019,470329,MARUBENI,TANJUNG ENIM LESTARI,PANJANG,SUMATERA SELATAN,988,586365,VINDA,VINDA PERSONAL CARE (CHINA) LTD,CHINA (MAINLAND),WUHAN,CHINA (MAINLAND)
2019,470329,SINAR MAS,LONTAR PAPYRUS,KUALA TUNGKAL,JAMBI,1003,608911,UNKNOWN AFFILIATION,FREELAND UNIVERSAL LTD,CHINA (HONG KONG),DALIAN,CHINA (MAINLAND)
2019,470329,SINAR MAS,OKI,SULTAN MAHMUD BADARUDDIN (U),SUMATERA SELATAN,1000,609152,DRAGON CROWN HOLDINGS,DRAGON CROWN (HK) TRADING LTD,CHINA (HONG KONG),QINGDAO,CHINA (MAINLAND)
2019,470329,SINAR MAS,OKI,SULTAN MAHMUD BADARUDDIN (U),SUMATERA SELATAN,1500,917250,UNKNOWN AFFILIATION,SUZHOU GUANBAO TRADING LTD,CHINA (MAINLAND),NINGBO,CHINA (MAINLAND)
2019,470329,SINAR MAS,OKI,SULTAN MAHMUD BADARUDDIN (U),SUMATERA SELATAN,5700,3485550,UNKNOWN AFFILIATION,BRIGHTENING SKY CO LTD,CHINA (HONG KONG),NINGBO,CHINA (MAINLAND)
2019,470329,ROYAL GOLDEN EAGLE,APRIL,BUATAN,RIAU,496,225886,ROYAL GOLDEN EAGLE,APRIL INTERNATIONAL ENTEPRISE PTE LTD,SINGAPORE,EL ISKANDARIYA (= ALEXAND,EGYPT
2019,470329,SINAR MAS,LONTAR PAPYRUS,KUALA TUNGKAL,JAMBI,161,99151,SINAR MAS,GOLDEN PROFIT TRADING PTE LTD,SINGAPORE,CAT LAI,VIETNAM
2019,470329,SINAR MAS,OKI,SULTAN MAHMUD BADARUDDIN (U),SUMATERA SELATAN,3500,2140250,UNKNOWN AFFILIATION,FREELAND UNIVERSAL LTD,CHINA (HONG KONG),NINGBO,CHINA (MAINLAND)
2019,470329,SINAR MAS,INDAH KIAT,PERAWANG,RIAU,1000,600400,DRAGON CROWN HOLDINGS,DRAGON CROWN (HK) TRADING LTD,CHINA (HONG KONG),CHENGDU,CHINA (MAINLAND)
2019,470329,SINAR MAS,LONTAR PAPYRUS,KUALA TUNGKAL,JAMBI,1002,611278,UNKNOWN AFFILIATION,FREELAND UNIVERSAL LTD,CHINA (HONG KONG),DALIAN,CHINA (MAINLAND)
2019,470329,SINAR MAS,OKI,SULTAN MAHMUD BADARUDDIN (U),SUMATERA SELATAN,500,304576,DRAGON CROWN HOLDINGS,DRAGON CROWN (HK) TRADING LTD,CHINA (HONG KONG),QINGDAO,CHINA (MAINLAND)
2019,470329,ROYAL GOLDEN EAGLE,APRIL,BUATAN,RIAU,241,109680,ROYAL GOLDEN EAGLE,APRIL INTERNATIONAL ENTEPRISE PTE LTD,SINGAPORE,CHITTAGONG,BANGLADESH
2019,470329,SINAR MAS,LONTAR PAPYRUS,KUALA TUNGKAL,JAMBI,502,316607,SINAR MAS,GOLDEN PROFIT TRADING PTE LTD,SINGAPORE,CHITTAGONG,BANGLADESH
2019,470329,SINAR MAS,OKI,SULTAN MAHMUD BADARUDDIN (U),SUMATERA SELATAN,1000,609152,DRAGON CROWN HOLDINGS,DRAGON CROWN (HK) TRADING LTD,CHINA (HONG KONG),QINGDAO,CHINA (MAINLAND)
2019,470329,SINAR MAS,LONTAR PAPYRUS,KUALA TUNGKAL,JAMBI,502,306674,SINAR MAS,GOLDEN PROFIT TRADING PTE LTD,SINGAPORE,CHITTAGONG,BANGLADESH
2019,470329,SINAR MAS,OKI,SULTAN MAHMUD BADARUDDIN (U),SUMATERA SELATAN,500,304576,DRAGON CROWN HOLDINGS,DRAGON CROWN (HK) TRADING LTD,CHINA (HONG KONG),QINGDAO,CHINA (MAINLAND)
2019,470329,ROYAL GOLDEN EAGLE,APRIL,BUATAN,RIAU,96,43846,ROYAL GOLDEN EAGLE,APRIL INTERNATIONAL ENTEPRISE PTE LTD,SINGAPORE,TAOYUAN,TAIWAN
2019,470329,SINAR MAS,INDAH KIAT,PERAWANG,RIAU,500,305363,SINAR MAS,GOLDEN PROFIT TRADING PTE LTD,SINGAPORE,CHITTAGONG,BANGLADESH
2019,470329,ROYAL GOLDEN EAGLE,APRIL,BUATAN,RIAU,60,27967,ROYAL GOLDEN EAGLE,APRIL INTERNATIONAL ENTEPRISE PTE LTD,SINGAPORE,JAWAHARLAL NEHRU (NHAVA S,INDIA
2019,470329,SINAR MAS,INDAH KIAT,PERAWANG,RIAU,1000,630942,SINAR MAS,GOLDEN PROFIT TRADING PTE LTD,SINGAPORE,ABU DHABI,UNITED ARAB EMIRATES
2019,470329,ROYAL GOLDEN EAGLE,APRIL,FUTONG,RIAU,6027,2742240,ROYAL GOLDEN EAGLE,APRIL INTERNATIONAL ENTEPRISE PTE LTD,SINGAPORE,KAKINADA,INDIA
2019,470329,ROYAL GOLDEN EAGLE,APRIL,BUATAN,RIAU,502,228500,ROYAL GOLDEN EAGLE,APRIL INTERNATIONAL ENTEPRISE PTE LTD,SINGAPORE,HAIPHONG,VIETNAM
2019,470329,SINAR MAS,OKI,SULTAN MAHMUD BADARUDDIN (U),SUMATERA SELATAN,3500,2145500,UNKNOWN AFFILIATION,SUZHOU GUANBAO TRADING LTD,CHINA (MAINLAND),NINGBO,CHINA (MAINLAND)
2019,470329,SINAR MAS,OKI,SULTAN MAHMUD BADARUDDIN (U),SUMATERA SELATAN,1500,919500,UNKNOWN AFFILIATION,FREELAND UNIVERSAL LTD,CHINA (HONG KONG),NINGBO,CHINA (MAINLAND)
2019,470329,SINAR MAS,OKI,SULTAN MAHMUD BADARUDDIN (U),SUMATERA SELATAN,4950,3034350,UNKNOWN AFFILIATION,SUZHOU HUANG YI TRADE CO LTD,CHINA (MAINLAND),CHANGSHU,CHINA (MAINLAND)
2019,470329,SINAR MAS,OKI,SULTAN MAHMUD BADARUDDIN (U),SUMATERA SELATAN,1000,613000,UNKNOWN AFFILIATION,BRIGHTENING SKY CO LTD,CHINA (HONG KONG),CHANGSHU,CHINA (MAINLAND)
2019,470329,SINAR MAS,OKI,SULTAN MAHMUD BADARUDDIN (U),SUMATERA SELATAN,2450,1501850,SINAR MAS,GOLDEN PROFIT TRADING PTE LTD,SINGAPORE,CHANGSHU,CHINA (MAINLAND)
2019,470329,SINAR MAS,OKI,SULTAN MAHMUD BADARUDDIN (U),SUMATERA SELATAN,3300,2008050,UNKNOWN AFFILIATION,SUZHOU HUANG YI TRADE CO LTD,CHINA (MAINLAND),CHANGSHU,CHINA (MAINLAND)
2019,470329,SINAR MAS,OKI,SULTAN MAHMUD BADARUDDIN (U),SUMATERA SELATAN,7600,4647400,UNKNOWN AFFILIATION,SUZHOU GUANBAO TRADING LTD,CHINA (MAINLAND),ZHENJIANG,CHINA (MAINLAND)
2019,470329,SINAR MAS,OKI,SULTAN MAHMUD BADARUDDIN (U),SUMATERA SELATAN,4800,2942400,UNKNOWN AFFILIATION,BRIGHTENING SKY CO LTD,CHINA (HONG KONG),NINGBO,CHINA (MAINLAND)
2019,470329,SINAR MAS,OKI,SULTAN MAHMUD BADARUDDIN (U),SUMATERA SELATAN,500,305826,DRAGON CROWN HOLDINGS,DRAGON CROWN (HK) TRADING LTD,CHINA (HONG KONG),CHANGSHU,CHINA (MAINLAND)
2019,470329,SINAR MAS,OKI,SULTAN MAHMUD BADARUDDIN (U),SUMATERA SELATAN,2200,1345300,SINAR MAS,GOLDEN PROFIT TRADING PTE LTD,SINGAPORE,CHANGSHU,CHINA (MAINLAND)
2019,470329,SINAR MAS,OKI,SULTAN MAHMUD BADARUDDIN (U),SUMATERA SELATAN,1000,611652,DRAGON CROWN HOLDINGS,DRAGON CROWN (HK) TRADING LTD,CHINA (HONG KONG),CHANGSHU,CHINA (MAINLAND)
2019,470329,SINAR MAS,OKI,SULTAN MAHMUD BADARUDDIN (U),SUMATERA SELATAN,500,305826,DRAGON CROWN HOLDINGS,DRAGON CROWN (HK) TRADING LTD,CHINA (HONG KONG),CHANGSHU,CHINA (MAINLAND)
2019,470329,ROYAL GOLDEN EAGLE,APRIL,BUATAN,RIAU,1004,456966,ROYAL GOLDEN EAGLE,APRIL INTERNATIONAL ENTEPRISE PTE LTD,SINGAPORE,YANGZHOU,CHINA (MAINLAND)
2019,470329,SINAR MAS,LONTAR PAPYRUS,KUALA TUNGKAL,JAMBI,501,321248,SINAR MAS,GOLDEN PROFIT TRADING PTE LTD,SINGAPORE,CHITTAGONG,BANGLADESH
2019,470329,SINAR MAS,LONTAR PAPYRUS,KUALA TUNGKAL,JAMBI,502,304677,UNKNOWN AFFILIATION,FREELAND UNIVERSAL LTD,CHINA (HONG KONG),DALIAN,CHINA (MAINLAND)
2019,470329,MARUBENI,TANJUNG ENIM LESTARI,PANJANG,SUMATERA SELATAN,493,303070,UNKNOWN AFFILIATION,YUEN FOONG YU INVESTMENT CO LTD,CHINA (MAINLAND),YANGZHOU,CHINA (MAINLAND)
2019,470329,MARUBENI,TANJUNG ENIM LESTARI,PANJANG,SUMATERA SELATAN,190,117472,UNKNOWN AFFILIATION,YUEN FOONG YU CONSUMER PRODUCTS CO LTD,TAIWAN,TAICHUNG,TAIWAN
2019,470329,SINAR MAS,LONTAR PAPYRUS,KUALA TUNGKAL,JAMBI,663,406309,SINAR MAS,GOLDEN PROFIT TRADING PTE LTD,SINGAPORE,ABU DHABI,UNITED ARAB EMIRATES
2019,470329,ROYAL GOLDEN EAGLE,APRIL,BUATAN,RIAU,100,45721,ROYAL GOLDEN EAGLE,APRIL INTERNATIONAL ENTEPRISE PTE LTD,SINGAPORE,ANKLESHWAR,INDIA
2019,470329,SINAR MAS,INDAH KIAT,PERAWANG,RIAU,800,488400,CHINA UNION,CHINA UNION (MACAO COMMERCIAL OFFSHORE) CO LTD,MACAO,CHANGSHU,CHINA (MAINLAND)
2019,470329,SINAR MAS,INDAH KIAT,PERAWANG,RIAU,5000,3032500,SINAR MAS,GOLDEN PROFIT TRADING PTE LTD,SINGAPORE,ULSAN,SOUTH KOREA
2019,470329,MARUBENI,TANJUNG ENIM LESTARI,PANJANG,SUMATERA SELATAN,298,190785,UNKNOWN AFFILIATION,NIBONG TEBAL PAPER MILL SDN BHD,MALAYSIA,PENANG (GEORGETOWN),MALAYSIA
2019,470329,SINAR MAS,INDAH KIAT,PERAWANG,RIAU,1200,732600,UNKNOWN AFFILIATION,BRIGHTENING SKY CO LTD,CHINA (HONG KONG),CHANGSHU,CHINA (MAINLAND)
2019,470329,MARUBENI,TANJUNG ENIM LESTARI,PANJANG,SUMATERA SELATAN,983,582133,VINDA,VINDA PAPER (ZHEJIANG) CO LTD,CHINA (MAINLAND),NINGBO,CHINA (MAINLAND)
2019,470329,SINAR MAS,INDAH KIAT,PERAWANG,RIAU,3800,2312300,UNKNOWN AFFILIATION,SUZHOU GUANBAO TRADING LTD,CHINA (MAINLAND),CHANGSHU,CHINA (MAINLAND)
2019,470329,SINAR MAS,LONTAR PAPYRUS,KUALA TUNGKAL,JAMBI,140,86446,SINAR MAS,GOLDEN PROFIT TRADING PTE LTD,SINGAPORE,CAT LAI,VIETNAM
2019,470329,ROYAL GOLDEN EAGLE,APRIL,BUATAN,RIAU,497,225920,ROYAL GOLDEN EAGLE,APRIL INTERNATIONAL ENTEPRISE PTE LTD,SINGAPORE,JEBEL ALI,UNITED ARAB EMIRATES
2019,470329,ROYAL GOLDEN EAGLE,APRIL,BUATAN,RIAU,60,27425,ROYAL GOLDEN EAGLE,APRIL INTERNATIONAL ENTEPRISE PTE LTD,SINGAPORE,JAWAHARLAL NEHRU (NHAVA S,INDIA
2019,470329,ROYAL GOLDEN EAGLE,APRIL,BUATAN,RIAU,496,225766,ROYAL GOLDEN EAGLE,APRIL INTERNATIONAL ENTEPRISE PTE LTD,SINGAPORE,JEBEL ALI,UNITED ARAB EMIRATES
2019,470329,SINAR MAS,LONTAR PAPYRUS,KUALA TUNGKAL,JAMBI,161,102766,SINAR MAS,GOLDEN PROFIT TRADING PTE LTD,SINGAPORE,CHITTAGONG,BANGLADESH
2019,470329,SINAR MAS,LONTAR PAPYRUS,KUALA TUNGKAL,JAMBI,502,311312,SINAR MAS,GOLDEN PROFIT TRADING PTE LTD,SINGAPORE,CHITTAGONG,BANGLADESH
2019,470329,MARUBENI,TANJUNG ENIM LESTARI,TARAHAN,SUMATERA SELATAN,1000,611072,HONG WON,HONG WON PAPER MFG CO LTD,SOUTH KOREA,PYONGTAEK,SOUTH KOREA
2019,470329,MARUBENI,TANJUNG ENIM LESTARI,TARAHAN,SUMATERA SELATAN,1001,611689,HONG WON,HONG WON PAPER MFG CO LTD,SOUTH KOREA,PYONGTAEK,SOUTH KOREA
2019,470329,MARUBENI,TANJUNG ENIM LESTARI,PANJANG,SUMATERA SELATAN,981,582654,VINDA,VINDA PERSONAL CARE (CHINA) LTD,CHINA (MAINLAND),WUHAN,CHINA (MAINLAND)
2019,470329,SINAR MAS,OKI,SULTAN MAHMUD BADARUDDIN (U),SUMATERA SELATAN,800,503200,UNKNOWN AFFILIATION,SUZHOU GUANBAO TRADING LTD,CHINA (MAINLAND),CHANGSHU,CHINA (MAINLAND)
2019,470329,SINAR MAS,INDAH KIAT,PERAWANG,RIAU,120,73287,SINAR MAS,GOLDEN PROFIT TRADING PTE LTD,SINGAPORE,CHITTAGONG,BANGLADESH
2019,470329,SINAR MAS,OKI,SULTAN MAHMUD BADARUDDIN (U),SUMATERA SELATAN,3200,1955200,CHINA UNION,CHINA UNION (MACAO COMMERCIAL OFFSHORE) CO LTD,MACAO,CHANGSHU,CHINA (MAINLAND)
2019,470329,SINAR MAS,OKI,SULTAN MAHMUD BADARUDDIN (U),SUMATERA SELATAN,600,367200,UNKNOWN AFFILIATION,SUZHOU HUANG YI TRADE CO LTD,CHINA (MAINLAND),CHANGSHU,CHINA (MAINLAND)
2019,470329,MARUBENI,TANJUNG ENIM LESTARI,TARAHAN,SUMATERA SELATAN,100,63032,HANSOL,HANSOL PAPER CO LTD,SOUTH KOREA,PYONGTAEK,SOUTH KOREA
2019,470329,SINAR MAS,INDAH KIAT,PERAWANG,RIAU,120,73287,SINAR MAS,GOLDEN PROFIT TRADING PTE LTD,SINGAPORE,CHITTAGONG,BANGLADESH
2019,470329,SINAR MAS,OKI,SULTAN MAHMUD BADARUDDIN (U),SUMATERA SELATAN,4400,2692800,UNKNOWN AFFILIATION,FREELAND UNIVERSAL LTD,CHINA (HONG KONG),ZHENJIANG,CHINA (MAINLAND)
2019,470329,SINAR MAS,OKI,SULTAN MAHMUD BADARUDDIN (U),SUMATERA SELATAN,10000,6120000,CHINA UNION,CHINA UNION (MACAO COMMERCIAL OFFSHORE) CO LTD,MACAO,CHANGSHU,CHINA (MAINLAND)
2019,470329,MARUBENI,TANJUNG ENIM LESTARI,TARAHAN,SUMATERA SELATAN,999,610950,HONG WON,HONG WON PAPER MFG CO LTD,SOUTH KOREA,PYONGTAEK,SOUTH KOREA
2019,470329,SINAR MAS,INDAH KIAT,PERAWANG,RIAU,500,305363,SINAR MAS,GOLDEN PROFIT TRADING PTE LTD,SINGAPORE,CHITTAGONG,BANGLADESH
2019,470329,MARUBENI,TANJUNG ENIM LESTARI,TARAHAN,SUMATERA SELATAN,1000,610992,HONG WON,HONG WON PAPER MFG CO LTD,SOUTH KOREA,PYONGTAEK,SOUTH KOREA
2019,470329,MARUBENI,TANJUNG ENIM LESTARI,TARAHAN,SUMATERA SELATAN,300,188867,HANSOL,HANSOL PAPER CO LTD,SOUTH KOREA,PYONGTAEK,SOUTH KOREA
2019,470329,SINAR MAS,OKI,SULTAN MAHMUD BADARUDDIN (U),SUMATERA SELATAN,1150,703800,UNKNOWN AFFILIATION,BRIGHTENING SKY CO LTD,CHINA (HONG KONG),CHANGSHU,CHINA (MAINLAND)
2019,470329,SINAR MAS,OKI,SULTAN MAHMUD BADARUDDIN (U),SUMATERA SELATAN,1850,1132200,UNKNOWN AFFILIATION,SUZHOU HUANG YI TRADE CO LTD,CHINA (MAINLAND),CHANGSHU,CHINA (MAINLAND)
2019,470329,MARUBENI,TANJUNG ENIM LESTARI,TARAHAN,SUMATERA SELATAN,4000,2390728,HANKUK,HANKUK PAPER MFG CO LTD,SOUTH KOREA,ULSAN,SOUTH KOREA
2019,470329,MARUBENI,TANJUNG ENIM LESTARI,TARAHAN,SUMATERA SELATAN,125,78883,UNKNOWN AFFILIATION,YONGJIN CORP,SOUTH KOREA,PYONGTAEK,SOUTH KOREA
2019,470329,MARUBENI,TANJUNG ENIM LESTARI,TARAHAN,SUMATERA SELATAN,1499,853484,VINDA,VINDA PAPER (CHINA) CO LTD,CHINA (MAINLAND),ZHUHAI,CHINA (MAINLAND)
2019,470329,ROYAL GOLDEN EAGLE,APRIL,BUATAN,RIAU,503,228708,ROYAL GOLDEN EAGLE,APRIL INTERNATIONAL ENTEPRISE PTE LTD,SINGAPORE,PUNE,INDIA
2019,470329,SINAR MAS,OKI,SULTAN MAHMUD BADARUDDIN (U),SUMATERA SELATAN,7988,4884662,SINAR MAS,GOLDEN PROFIT TRADING PTE LTD,SINGAPORE,YANGPU,CHINA (MAINLAND)
2019,470329,ROYAL GOLDEN EAGLE,TOBA PULP LESTARI,BELAWAN,SUMATERA UTARA,2578,1263042,ROYAL GOLDEN EAGLE,DP MARKETING INTERNATIONAL,MACAO,CHITTAGONG,BANGLADESH
2019,470329,ROYAL GOLDEN EAGLE,APRIL,BUATAN,RIAU,101,45757,ROYAL GOLDEN EAGLE,APRIL INTERNATIONAL ENTEPRISE PTE LTD,SINGAPORE,NAGPUR,INDIA
2019,470329,MARUBENI,TANJUNG ENIM LESTARI,PANJANG,SUMATERA SELATAN,104,62047,UNKNOWN AFFILIATION,NB ENTREPRENEURS,INDIA,NAGPUR,INDIA
2019,470329,ROYAL GOLDEN EAGLE,TOBA PULP LESTARI,BELAWAN,SUMATERA UTARA,1573,770902,ROYAL GOLDEN EAGLE,DP MARKETING INTERNATIONAL,MACAO,CHITTAGONG,BANGLADESH
2019,470329,ROYAL GOLDEN EAGLE,TOBA PULP LESTARI,BELAWAN,SUMATERA UTARA,1285,629753,ROYAL GOLDEN EAGLE,DP MARKETING INTERNATIONAL,MACAO,CHITTAGONG,BANGLADESH
2019,470329,ROYAL GOLDEN EAGLE,APRIL,BUATAN,RIAU,60,27434,ROYAL GOLDEN EAGLE,APRIL INTERNATIONAL ENTEPRISE PTE LTD,SINGAPORE,HYDERABAD,INDIA
2019,470329,ROYAL GOLDEN EAGLE,APRIL,BUATAN,RIAU,140,63919,ROYAL GOLDEN EAGLE,APRIL INTERNATIONAL ENTEPRISE PTE LTD,SINGAPORE,PIPAVAV (VICTOR) PORT,INDIA
2019,470329,ROYAL GOLDEN EAGLE,APRIL,BUATAN,RIAU,101,45808,ROYAL GOLDEN EAGLE,APRIL INTERNATIONAL ENTEPRISE PTE LTD,SINGAPORE,PIPAVAV (VICTOR) PORT,INDIA
2019,470329,ROYAL GOLDEN EAGLE,TOBA PULP LESTARI,BELAWAN,SUMATERA UTARA,2078,1018132,ROYAL GOLDEN EAGLE,DP MARKETING INTERNATIONAL,MACAO,CHITTAGONG,BANGLADESH
2019,470329,ROYAL GOLDEN EAGLE,APRIL,BUATAN,RIAU,60,27393,ROYAL GOLDEN EAGLE,APRIL INTERNATIONAL ENTEPRISE PTE LTD,SINGAPORE,HYDERABAD,INDIA
2019,470329,SINAR MAS,OKI,SULTAN MAHMUD BADARUDDIN (U),SUMATERA SELATAN,2000,1220304,DRAGON CROWN HOLDINGS,DRAGON CROWN (HK) TRADING LTD,CHINA (HONG KONG),ZHANJIANG,CHINA (MAINLAND)
2019,470329,ROYAL GOLDEN EAGLE,APRIL,BUATAN,RIAU,503,228785,ROYAL GOLDEN EAGLE,APRIL INTERNATIONAL ENTEPRISE PTE LTD,SINGAPORE,KARACHI,PAKISTAN
2019,470329,SINAR MAS,OKI,SULTAN MAHMUD BADARUDDIN (U),SUMATERA SELATAN,6900,4229700,UNKNOWN AFFILIATION,SUZHOU GUANBAO TRADING LTD,CHINA (MAINLAND),ZHENJIANG,CHINA (MAINLAND)
2019,470329,ROYAL GOLDEN EAGLE,APRIL,BUATAN,RIAU,60,27440,ROYAL GOLDEN EAGLE,APRIL INTERNATIONAL ENTEPRISE PTE LTD,SINGAPORE,JAWAHARLAL NEHRU (NHAVA S,INDIA
2019,470329,SINAR MAS,OKI,SULTAN MAHMUD BADARUDDIN (U),SUMATERA SELATAN,3600,2203200,UNKNOWN AFFILIATION,NINGBO GUANPAO TRADING (HONGKONG) CO LTD,CHINA (HONG KONG),ZHENJIANG,CHINA (MAINLAND)
2019,470329,ROYAL GOLDEN EAGLE,APRIL,BUATAN,RIAU,497,226068,ROYAL GOLDEN EAGLE,APRIL INTERNATIONAL ENTEPRISE PTE LTD,SINGAPORE,JEBEL ALI,UNITED ARAB EMIRATES
2019,470329,ROYAL GOLDEN EAGLE,APRIL,BUATAN,RIAU,100,45642,ROYAL GOLDEN EAGLE,APRIL INTERNATIONAL ENTEPRISE PTE LTD,SINGAPORE,ANKLESHWAR,INDIA
2019,470329,ROYAL GOLDEN EAGLE,TOBA PULP LESTARI,BELAWAN,SUMATERA UTARA,2543,1246026,ROYAL GOLDEN EAGLE,DP MARKETING INTERNATIONAL,MACAO,CHITTAGONG,BANGLADESH
2019,470329,SINAR MAS,OKI,SULTAN MAHMUD BADARUDDIN (U),SUMATERA SELATAN,100,60750,SINAR MAS,GOLDEN PROFIT TRADING PTE LTD,SINGAPORE,GUNSAN (ES KUNSAN),SOUTH KOREA
2019,470329,SINAR MAS,OKI,SULTAN MAHMUD BADARUDDIN (U),SUMATERA SELATAN,500,300215,SINAR MAS,GOLDEN PROFIT TRADING PTE LTD,SINGAPORE,HAIPHONG,VIETNAM
2019,470329,SINAR MAS,OKI,SULTAN MAHMUD BADARUDDIN (U),SUMATERA SELATAN,3100,1886350,UNKNOWN AFFILIATION,BRIGHTENING SKY CO LTD,CHINA (HONG KONG),CHANGSHU,CHINA (MAINLAND)
2019,470329,SINAR MAS,OKI,SULTAN MAHMUD BADARUDDIN (U),SUMATERA SELATAN,3800,2312300,UNKNOWN AFFILIATION,SUZHOU HUANG YI TRADE CO LTD,CHINA (MAINLAND),CHANGSHU,CHINA (MAINLAND)
2019,470329,SINAR MAS,OKI,SULTAN MAHMUD BADARUDDIN (U),SUMATERA SELATAN,3600,2194200,CHINA UNION,CHINA UNION (MACAO COMMERCIAL OFFSHORE) CO LTD,MACAO,ZHENJIANG,CHINA (MAINLAND)
2019,470329,SINAR MAS,OKI,SULTAN MAHMUD BADARUDDIN (U),SUMATERA SELATAN,500,303750,SINAR MAS,GOLDEN PROFIT TRADING PTE LTD,SINGAPORE,GUNSAN (ES KUNSAN),SOUTH KOREA
2019,470329,SINAR MAS,OKI,SULTAN MAHMUD BADARUDDIN (U),SUMATERA SELATAN,2900,1767550,CHINA UNION,CHINA UNION (MACAO COMMERCIAL OFFSHORE) CO LTD,MACAO,ZHENJIANG,CHINA (MAINLAND)
2019,470329,SINAR MAS,OKI,SULTAN MAHMUD BADARUDDIN (U),SUMATERA SELATAN,1500,911250,SINAR MAS,GOLDEN PROFIT TRADING PTE LTD,SINGAPORE,GUNSAN (ES KUNSAN),SOUTH KOREA
2019,470329,SINAR MAS,OKI,SULTAN MAHMUD BADARUDDIN (U),SUMATERA SELATAN,2000,1200860,SINAR MAS,GOLDEN PROFIT TRADING PTE LTD,SINGAPORE,HAIPHONG,VIETNAM
2019,470329,SINAR MAS,OKI,SULTAN MAHMUD BADARUDDIN (U),SUMATERA SELATAN,1000,607500,SINAR MAS,GOLDEN PROFIT TRADING PTE LTD,SINGAPORE,GUNSAN (ES KUNSAN),SOUTH KOREA
2019,470329,SINAR MAS,OKI,SULTAN MAHMUD BADARUDDIN (U),SUMATERA SELATAN,1000,600430,SINAR MAS,GOLDEN PROFIT TRADING PTE LTD,SINGAPORE,HAIPHONG,VIETNAM
2019,470329,SINAR MAS,INDAH KIAT,PERAWANG,RIAU,580,352860,SINAR MAS,GOLDEN PROFIT TRADING PTE LTD,SINGAPORE,JEBEL ALI,UNITED ARAB EMIRATES
2019,470329,SINAR MAS,INDAH KIAT,PERAWANG,RIAU,500,309238,SINAR MAS,GOLDEN PROFIT TRADING PTE LTD,SINGAPORE,TUTICORIN,INDIA
2019,470329,SINAR MAS,INDAH KIAT,PERAWANG,RIAU,500,309238,SINAR MAS,GOLDEN PROFIT TRADING PTE LTD,SINGAPORE,TUTICORIN,INDIA
2019,470329,ROYAL GOLDEN EAGLE,APRIL,BUATAN,RIAU,995,452704,ROYAL GOLDEN EAGLE,APRIL INTERNATIONAL ENTEPRISE PTE LTD,SINGAPORE,JEBEL ALI,UNITED ARAB EMIRATES
2019,470329,SINAR MAS,INDAH KIAT,PERAWANG,RIAU,500,305363,SINAR MAS,GOLDEN PROFIT TRADING PTE LTD,SINGAPORE,CHITTAGONG,BANGLADESH
2019,470329,ROYAL GOLDEN EAGLE,APRIL,BUATAN,RIAU,496,225888,ROYAL GOLDEN EAGLE,APRIL INTERNATIONAL ENTEPRISE PTE LTD,SINGAPORE,EL ISKANDARIYA (= ALEXAND,EGYPT
2019,470329,ROYAL GOLDEN EAGLE,APRIL,FUTONG,RIAU,2611,1188077,ROYAL GOLDEN EAGLE,APRIL FAR EAST MALAYSIA SDN BHD,MALAYSIA,GAOLAN,CHINA (MAINLAND)
2019,470329,ROYAL GOLDEN EAGLE,APRIL,FUTONG,RIAU,1506,685197,ROYAL GOLDEN EAGLE,APRIL INTERNATIONAL ENTEPRISE PTE LTD,SINGAPORE,CHANGSHU,CHINA (MAINLAND)
2019,470329,MARUBENI,TANJUNG ENIM LESTARI,PANJANG,SUMATERA SELATAN,481,295930,UNKNOWN AFFILIATION,YUEN FOONG YU INVESTMENT CO LTD,CHINA (MAINLAND),YANGZHOU,CHINA (MAINLAND)
2019,470329,ROYAL GOLDEN EAGLE,APRIL,BUATAN,RIAU,502,228495,ROYAL GOLDEN EAGLE,APRIL INTERNATIONAL ENTEPRISE PTE LTD,SINGAPORE,CHITTAGONG,BANGLADESH
2019,470329,ROYAL GOLDEN EAGLE,APRIL,FUTONG,RIAU,4018,1828367,ROYAL GOLDEN EAGLE,APRIL INTERNATIONAL ENTEPRISE PTE LTD,SINGAPORE,NINGBO,CHINA (MAINLAND)
2019,470329,ROYAL GOLDEN EAGLE,APRIL,BUATAN,RIAU,201,91561,ROYAL GOLDEN EAGLE,APRIL INTERNATIONAL ENTEPRISE PTE LTD,SINGAPORE,CHITTAGONG,BANGLADESH
2019,470329,ROYAL GOLDEN EAGLE,APRIL,BUATAN,RIAU,503,228680,ROYAL GOLDEN EAGLE,APRIL INTERNATIONAL ENTEPRISE PTE LTD,SINGAPORE,CHITTAGONG,BANGLADESH
2019,470329,SINAR MAS,LONTAR PAPYRUS,KUALA TUNGKAL,JAMBI,1005,613079,SINAR MAS,GOLDEN PROFIT TRADING PTE LTD,SINGAPORE,LAT KRABANG,THAILAND
2019,470329,SINAR MAS,LONTAR PAPYRUS,KUALA TUNGKAL,JAMBI,201,123618,SINAR MAS,GOLDEN PROFIT TRADING PTE LTD,SINGAPORE,CAT LAI,VIETNAM
2019,470329,MARUBENI,TANJUNG ENIM LESTARI,PANJANG,SUMATERA SELATAN,620,347197,ITC,ITC LTD - PAPERBOARDS & SPECIALTY PAPERS DIVSION,INDIA,HALDIA,INDIA
2019,470329,ROYAL GOLDEN EAGLE,APRIL,BUATAN,RIAU,261,118912,ROYAL GOLDEN EAGLE,APRIL INTERNATIONAL ENTEPRISE PTE LTD,SINGAPORE,CHITTAGONG,BANGLADESH
2019,470329,MARUBENI,TANJUNG ENIM LESTARI,PANJANG,SUMATERA SELATAN,103,61872,UNKNOWN AFFILIATION,NB ENTREPRENEURS,INDIA,NAGPUR,INDIA
2019,470329,SINAR MAS,LONTAR PAPYRUS,KUALA TUNGKAL,JAMBI,505,310687,SINAR MAS,GOLDEN PROFIT TRADING PTE LTD,SINGAPORE,HAIPHONG,VIETNAM
2019,470329,MARUBENI,TANJUNG ENIM LESTARI,PANJANG,SUMATERA SELATAN,962,525976,IMEXCO BACGIANG,BAC GIANG IMPORT EXPORT JOINT STOCK CO,VIETNAM,HAIPHONG,VIETNAM
2019,470329,ROYAL GOLDEN EAGLE,APRIL,BUATAN,RIAU,101,45769,ROYAL GOLDEN EAGLE,APRIL INTERNATIONAL ENTEPRISE PTE LTD,SINGAPORE,ANKLESHWAR,INDIA
2019,470329,SINAR MAS,OKI,SULTAN MAHMUD BADARUDDIN (U),SUMATERA SELATAN,496,296715,DRAGON CROWN HOLDINGS,DRAGON CROWN (HK) TRADING LTD,CHINA (HONG KONG),XINHUI,CHINA (MAINLAND)
2019,470329,ROYAL GOLDEN EAGLE,APRIL,BUATAN,RIAU,100,45680,ROYAL GOLDEN EAGLE,APRIL INTERNATIONAL ENTEPRISE PTE LTD,SINGAPORE,TUGLAKABAD,INDIA
2019,470329,ROYAL GOLDEN EAGLE,APRIL,BUATAN,RIAU,60,27398,ROYAL GOLDEN EAGLE,APRIL INTERNATIONAL ENTEPRISE PTE LTD,SINGAPORE,JAWAHARLAL NEHRU (NHAVA S,INDIA
2019,470329,SINAR MAS,LONTAR PAPYRUS,KUALA TUNGKAL,JAMBI,141,86644,SINAR MAS,GOLDEN PROFIT TRADING PTE LTD,SINGAPORE,CAT LAI,VIETNAM
2019,470329,SINAR MAS,OKI,SULTAN MAHMUD BADARUDDIN (U),SUMATERA SELATAN,3500,2136750,CHINA UNION,CHINA UNION (MACAO COMMERCIAL OFFSHORE) CO LTD,MACAO,NINGBO,CHINA (MAINLAND)
2019,470329,SINAR MAS,LONTAR PAPYRUS,KUALA TUNGKAL,JAMBI,502,306569,SINAR MAS,GOLDEN PROFIT TRADING PTE LTD,SINGAPORE,LAT KRABANG,THAILAND
2019,470329,MARUBENI,TANJUNG ENIM LESTARI,PANJANG,SUMATERA SELATAN,1462,865822,VINDA,VINDA PAPER (CHINA) CO LTD,CHINA (MAINLAND),XINHUI,CHINA (MAINLAND)
2019,470329,SINAR MAS,OKI,SULTAN MAHMUD BADARUDDIN (U),SUMATERA SELATAN,1000,609152,DRAGON CROWN HOLDINGS,DRAGON CROWN (HK) TRADING LTD,CHINA (HONG KONG),QINGDAO,CHINA (MAINLAND)
2019,470329,SINAR MAS,LONTAR PAPYRUS,KUALA TUNGKAL,JAMBI,602,367252,SINAR MAS,GOLDEN PROFIT TRADING PTE LTD,SINGAPORE,PIPAVAV (VICTOR) PORT,INDIA
2019,470329,ROYAL GOLDEN EAGLE,APRIL,BUATAN,RIAU,1004,456965,ROYAL GOLDEN EAGLE,APRIL INTERNATIONAL ENTEPRISE PTE LTD,SINGAPORE,HAIPHONG,VIETNAM
2019,470329,SINAR MAS,LONTAR PAPYRUS,KUALA TUNGKAL,JAMBI,502,308771,SINAR MAS,GOLDEN PROFIT TRADING PTE LTD,SINGAPORE,TUTICORIN,INDIA
2019,470329,SINAR MAS,OKI,SULTAN MAHMUD BADARUDDIN (U),SUMATERA SELATAN,500,304576,DRAGON CROWN HOLDINGS,DRAGON CROWN (HK) TRADING LTD,CHINA (HONG KONG),QINGDAO,CHINA (MAINLAND)
2019,470329,SINAR MAS,OKI,SULTAN MAHMUD BADARUDDIN (U),SUMATERA SELATAN,1500,915228,DRAGON CROWN HOLDINGS,DRAGON CROWN (HK) TRADING LTD,CHINA (HONG KONG),NINGBO,CHINA (MAINLAND)
2019,470329,SINAR MAS,LONTAR PAPYRUS,KUALA TUNGKAL,JAMBI,662,404913,SINAR MAS,GOLDEN PROFIT TRADING PTE LTD,SINGAPORE,PIPAVAV (VICTOR) PORT,INDIA
2019,470329,SINAR MAS,OKI,SULTAN MAHMUD BADARUDDIN (U),SUMATERA SELATAN,500,304576,DRAGON CROWN HOLDINGS,DRAGON CROWN (HK) TRADING LTD,CHINA (HONG KONG),QINGDAO,CHINA (MAINLAND)
2019,470329,SINAR MAS,LONTAR PAPYRUS,KUALA TUNGKAL,JAMBI,503,309646,SINAR MAS,GOLDEN PROFIT TRADING PTE LTD,SINGAPORE,HAIPHONG,VIETNAM
2019,470329,SINAR MAS,OKI,SULTAN MAHMUD BADARUDDIN (U),SUMATERA SELATAN,3500,2136750,UNKNOWN AFFILIATION,SUZHOU GUANBAO TRADING LTD,CHINA (MAINLAND),NINGBO,CHINA (MAINLAND)
2019,470329,SINAR MAS,INDAH KIAT,PERAWANG,RIAU,420,256919,SINAR MAS,GOLDEN PROFIT TRADING PTE LTD,SINGAPORE,JEBEL ALI,UNITED ARAB EMIRATES
2019,470329,SINAR MAS,INDAH KIAT,PERAWANG,RIAU,120,73206,SINAR MAS,GOLDEN PROFIT TRADING PTE LTD,SINGAPORE,TAICHUNG,TAIWAN
2019,470329,ROYAL GOLDEN EAGLE,APRIL,BUATAN,RIAU,101,45852,ROYAL GOLDEN EAGLE,APRIL INTERNATIONAL ENTEPRISE PTE LTD,SINGAPORE,CHITTAGONG,BANGLADESH
2019,470329,SINAR MAS,INDAH KIAT,PERAWANG,RIAU,500,305031,SINAR MAS,GOLDEN PROFIT TRADING PTE LTD,SINGAPORE,CAT LAI,VIETNAM
2019,470329,SINAR MAS,INDAH KIAT,PERAWANG,RIAU,500,312044,SINAR MAS,GOLDEN PROFIT TRADING PTE LTD,SINGAPORE,JAWAHARLAL NEHRU (NHAVA S,INDIA
2019,470329,SINAR MAS,INDAH KIAT,PERAWANG,RIAU,500,303693,SINAR MAS,GOLDEN PROFIT TRADING PTE LTD,SINGAPORE,CHITTAGONG,BANGLADESH
2019,470329,SINAR MAS,OKI,SULTAN MAHMUD BADARUDDIN (U),SUMATERA SELATAN,976,586969,DRAGON CROWN HOLDINGS,DRAGON CROWN (HK) TRADING LTD,CHINA (HONG KONG),GAOLAN,CHINA (MAINLAND)
2019,470329,ROYAL GOLDEN EAGLE,APRIL,BUATAN,RIAU,402,182818,ROYAL GOLDEN EAGLE,APRIL INTERNATIONAL ENTEPRISE PTE LTD,SINGAPORE,PIPAVAV (VICTOR) PORT,INDIA
2019,470329,ROYAL GOLDEN EAGLE,APRIL,BUATAN,RIAU,1004,456886,ROYAL GOLDEN EAGLE,APRIL INTERNATIONAL ENTEPRISE PTE LTD,SINGAPORE,YANGZHOU,CHINA (MAINLAND)
2019,470329,ROYAL GOLDEN EAGLE,APRIL,BUATAN,RIAU,496,225619,ROYAL GOLDEN EAGLE,APRIL INTERNATIONAL ENTEPRISE PTE LTD,SINGAPORE,JEBEL ALI,UNITED ARAB EMIRATES
2019,470329,ROYAL GOLDEN EAGLE,APRIL,BUATAN,RIAU,100,45461,ROYAL GOLDEN EAGLE,APRIL INTERNATIONAL ENTEPRISE PTE LTD,SINGAPORE,NAGPUR,INDIA
2019,470329,ROYAL GOLDEN EAGLE,APRIL,BUATAN,RIAU,502,228553,ROYAL GOLDEN EAGLE,APRIL INTERNATIONAL ENTEPRISE PTE LTD,SINGAPORE,CHITTAGONG,BANGLADESH
2019,470329,ROYAL GOLDEN EAGLE,APRIL,BUATAN,RIAU,402,170649,ROYAL GOLDEN EAGLE,APRIL INTERNATIONAL ENTEPRISE PTE LTD,SINGAPORE,PUNE,INDIA
2019,470329,ROYAL GOLDEN EAGLE,APRIL,BUATAN,RIAU,100,42700,ROYAL GOLDEN EAGLE,APRIL INTERNATIONAL ENTEPRISE PTE LTD,SINGAPORE,PUNE,INDIA
2019,470329,SINAR MAS,OKI,SULTAN MAHMUD BADARUDDIN (U),SUMATERA SELATAN,6400,3913600,CHINA UNION,CHINA UNION (MACAO COMMERCIAL OFFSHORE) CO LTD,MACAO,ZHENJIANG,CHINA (MAINLAND)
2019,470329,ROYAL GOLDEN EAGLE,APRIL,BUATAN,RIAU,200,85193,ROYAL GOLDEN EAGLE,APRIL INTERNATIONAL ENTEPRISE PTE LTD,SINGAPORE,KATHUWAS ICD/ALWAR,INDIA
2019,470329,ROYAL GOLDEN EAGLE,APRIL,BUATAN,RIAU,40,17068,ROYAL GOLDEN EAGLE,APRIL INTERNATIONAL ENTEPRISE PTE LTD,SINGAPORE,JAWAHARLAL NEHRU (NHAVA S,INDIA
2019,470329,SINAR MAS,OKI,SULTAN MAHMUD BADARUDDIN (U),SUMATERA SELATAN,1600,978400,CHINA UNION,CHINA UNION (MACAO COMMERCIAL OFFSHORE) CO LTD,MACAO,ZHENJIANG,CHINA (MAINLAND)
2019,470329,ROYAL GOLDEN EAGLE,APRIL,BUATAN,RIAU,60,27420,ROYAL GOLDEN EAGLE,APRIL INTERNATIONAL ENTEPRISE PTE LTD,SINGAPORE,JAWAHARLAL NEHRU (NHAVA S,INDIA
2019,470329,SINAR MAS,OKI,SULTAN MAHMUD BADARUDDIN (U),SUMATERA SELATAN,1000,609152,DRAGON CROWN HOLDINGS,DRAGON CROWN (HK) TRADING LTD,CHINA (HONG KONG),GAOLAN,CHINA (MAINLAND)
2019,470329,SINAR MAS,LONTAR PAPYRUS,KUALA TUNGKAL,JAMBI,663,406726,SINAR MAS,GOLDEN PROFIT TRADING PTE LTD,SINGAPORE,ABU DHABI,UNITED ARAB EMIRATES
2019,470329,SINAR MAS,OKI,SULTAN MAHMUD BADARUDDIN (U),SUMATERA SELATAN,1000,610152,DRAGON CROWN HOLDINGS,DRAGON CROWN (HK) TRADING LTD,CHINA (HONG KONG),GAOLAN,CHINA (MAINLAND)
2019,470329,ROYAL GOLDEN EAGLE,APRIL,FUTONG,RIAU,1456,618978,ROYAL GOLDEN EAGLE,APRIL FAR EAST MALAYSIA SDN BHD,MALAYSIA,GUNSAN (ES KUNSAN),SOUTH KOREA
2019,470329,ROYAL GOLDEN EAGLE,APRIL,BUATAN,RIAU,502,228309,ROYAL GOLDEN EAGLE,APRIL INTERNATIONAL ENTEPRISE PTE LTD,SINGAPORE,CHITTAGONG,BANGLADESH
2019,470329,ROYAL GOLDEN EAGLE,APRIL,FUTONG,RIAU,6834,2904261,ROYAL GOLDEN EAGLE,APRIL FAR EAST MALAYSIA SDN BHD,MALAYSIA,GUNSAN (ES KUNSAN),SOUTH KOREA
2019,470329,ROYAL GOLDEN EAGLE,APRIL,FUTONG,RIAU,1256,533864,ROYAL GOLDEN EAGLE,APRIL FAR EAST MALAYSIA SDN BHD,MALAYSIA,PYONGTAEK,SOUTH KOREA
2019,470329,SINAR MAS,LONTAR PAPYRUS,KUALA TUNGKAL,JAMBI,1002,614821,UNKNOWN AFFILIATION,FREELAND UNIVERSAL LTD,CHINA (HONG KONG),DALIAN,CHINA (MAINLAND)
2019,470329,SINAR MAS,LONTAR PAPYRUS,KUALA TUNGKAL,JAMBI,301,185040,SINAR MAS,GOLDEN PROFIT TRADING PTE LTD,SINGAPORE,HAIPHONG,VIETNAM
2019,470329,SINAR MAS,LONTAR PAPYRUS,KUALA TUNGKAL,JAMBI,501,303874,SINAR MAS,GOLDEN PROFIT TRADING PTE LTD,SINGAPORE,CHITTAGONG,BANGLADESH
2019,470329,ROYAL GOLDEN EAGLE,APRIL,BUATAN,RIAU,502,213183,ROYAL GOLDEN EAGLE,APRIL INTERNATIONAL ENTEPRISE PTE LTD,SINGAPORE,ZHAPU,CHINA (MAINLAND)
2019,470329,SINAR MAS,LONTAR PAPYRUS,KUALA TUNGKAL,JAMBI,161,99194,SINAR MAS,GOLDEN PROFIT TRADING PTE LTD,SINGAPORE,CAT LAI,VIETNAM
2019,470329,SINAR MAS,OKI,SULTAN MAHMUD BADARUDDIN (U),SUMATERA SELATAN,2350,1437025,SINAR MAS,GOLDEN PROFIT TRADING PTE LTD,SINGAPORE,CHANGSHU,CHINA (MAINLAND)
2019,470329,SINAR MAS,OKI,SULTAN MAHMUD BADARUDDIN (U),SUMATERA SELATAN,2650,1624450,UNKNOWN AFFILIATION,SUZHOU HUANG YI TRADE CO LTD,CHINA (MAINLAND),CHANGSHU,CHINA (MAINLAND)
2019,470329,SINAR MAS,OKI,SULTAN MAHMUD BADARUDDIN (U),SUMATERA SELATAN,2000,1226000,UNKNOWN AFFILIATION,BRIGHTENING SKY CO LTD,CHINA (HONG KONG),CHANGSHU,CHINA (MAINLAND)
2019,470329,SINAR MAS,OKI,SULTAN MAHMUD BADARUDDIN (U),SUMATERA SELATAN,2600,1593800,UNKNOWN AFFILIATION,SUZHOU HUANG YI TRADE CO LTD,CHINA (MAINLAND),CHANGSHU,CHINA (MAINLAND)
2019,470329,SINAR MAS,OKI,SULTAN MAHMUD BADARUDDIN (U),SUMATERA SELATAN,1350,825525,UNKNOWN AFFILIATION,FREELAND UNIVERSAL LTD,CHINA (HONG KONG),CHANGSHU,CHINA (MAINLAND)
2019,470329,SINAR MAS,OKI,SULTAN MAHMUD BADARUDDIN (U),SUMATERA SELATAN,4150,2543950,SINAR MAS,GOLDEN PROFIT TRADING PTE LTD,SINGAPORE,CHANGSHU,CHINA (MAINLAND)
2019,470329,ROYAL GOLDEN EAGLE,APRIL,BUATAN,RIAU,502,213356,ROYAL GOLDEN EAGLE,APRIL INTERNATIONAL ENTEPRISE PTE LTD,SINGAPORE,CHITTAGONG,BANGLADESH
2019,470329,ROYAL GOLDEN EAGLE,APRIL,BUATAN,RIAU,502,213158,ROYAL GOLDEN EAGLE,APRIL INTERNATIONAL ENTEPRISE PTE LTD,SINGAPORE,PUNE,INDIA
2019,470329,SINAR MAS,OKI,SULTAN MAHMUD BADARUDDIN (U),SUMATERA SELATAN,4960,3040480,CHINA UNION,CHINA UNION (MACAO COMMERCIAL OFFSHORE) CO LTD,MACAO,ZHENJIANG,CHINA (MAINLAND)
2019,470329,SINAR MAS,OKI,SULTAN MAHMUD BADARUDDIN (U),SUMATERA SELATAN,3680,2255840,SINAR MAS,GOLDEN PROFIT TRADING PTE LTD,SINGAPORE,ZHENJIANG,CHINA (MAINLAND)
2019,470329,ROYAL GOLDEN EAGLE,APRIL,BUATAN,RIAU,201,85332,ROYAL GOLDEN EAGLE,APRIL INTERNATIONAL ENTEPRISE PTE LTD,SINGAPORE,PIPAVAV (VICTOR) PORT,INDIA
2019,470329,SINAR MAS,OKI,SULTAN MAHMUD BADARUDDIN (U),SUMATERA SELATAN,2000,1218305,DRAGON CROWN HOLDINGS,DRAGON CROWN (HK) TRADING LTD,CHINA (HONG KONG),QINGDAO,CHINA (MAINLAND)
2019,470329,SINAR MAS,OKI,SULTAN MAHMUD BADARUDDIN (U),SUMATERA SELATAN,3000,1827457,DRAGON CROWN HOLDINGS,DRAGON CROWN (HK) TRADING LTD,CHINA (HONG KONG),CHANGSHU,CHINA (MAINLAND)
2019,470329,ROYAL GOLDEN EAGLE,APRIL,BUATAN,RIAU,503,213573,ROYAL GOLDEN EAGLE,APRIL INTERNATIONAL ENTEPRISE PTE LTD,SINGAPORE,CHITTAGONG,BANGLADESH
2019,470329,SINAR MAS,OKI,SULTAN MAHMUD BADARUDDIN (U),SUMATERA SELATAN,1320,809160,UNKNOWN AFFILIATION,FREELAND UNIVERSAL LTD,CHINA (HONG KONG),ZHENJIANG,CHINA (MAINLAND)
2019,470329,ROYAL GOLDEN EAGLE,APRIL,BUATAN,RIAU,1005,427092,ROYAL GOLDEN EAGLE,APRIL INTERNATIONAL ENTEPRISE PTE LTD,SINGAPORE,NINGBO,CHINA (MAINLAND)
2019,470329,SINAR MAS,OKI,SULTAN MAHMUD BADARUDDIN (U),SUMATERA SELATAN,3000,1827457,DRAGON CROWN HOLDINGS,DRAGON CROWN (HK) TRADING LTD,CHINA (HONG KONG),QINGDAO,CHINA (MAINLAND)
2019,470329,SINAR MAS,OKI,SULTAN MAHMUD BADARUDDIN (U),SUMATERA SELATAN,3000,1827457,DRAGON CROWN HOLDINGS,DRAGON CROWN (HK) TRADING LTD,CHINA (HONG KONG),CHANGSHU,CHINA (MAINLAND)
2019,470329,ROYAL GOLDEN EAGLE,APRIL,BUATAN,RIAU,40,18302,ROYAL GOLDEN EAGLE,APRIL INTERNATIONAL ENTEPRISE PTE LTD,SINGAPORE,JAWAHARLAL NEHRU (NHAVA S,INDIA
2019,470329,ROYAL GOLDEN EAGLE,APRIL,BUATAN,RIAU,60,27413,ROYAL GOLDEN EAGLE,APRIL INTERNATIONAL ENTEPRISE PTE LTD,SINGAPORE,JAWAHARLAL NEHRU (NHAVA S,INDIA
2019,470329,ROYAL GOLDEN EAGLE,APRIL,BUATAN,RIAU,60,27421,ROYAL GOLDEN EAGLE,APRIL INTERNATIONAL ENTEPRISE PTE LTD,SINGAPORE,JAWAHARLAL NEHRU (NHAVA S,INDIA
2019,470329,ROYAL GOLDEN EAGLE,APRIL,BUATAN,RIAU,301,127807,ROYAL GOLDEN EAGLE,APRIL INTERNATIONAL ENTEPRISE PTE LTD,SINGAPORE,HAIPHONG,VIETNAM
2019,470329,SINAR MAS,INDAH KIAT,PERAWANG,RIAU,120,73405,SINAR MAS,GOLDEN PROFIT TRADING PTE LTD,SINGAPORE,JEBEL ALI,UNITED ARAB EMIRATES
2019,470329,ROYAL GOLDEN EAGLE,APRIL,BUATAN,RIAU,301,127910,ROYAL GOLDEN EAGLE,APRIL INTERNATIONAL ENTEPRISE PTE LTD,SINGAPORE,HAIPHONG,VIETNAM
2019,470329,MARUBENI,TANJUNG ENIM LESTARI,TARAHAN,SUMATERA SELATAN,998,583909,JIANGHE PAPER,HENAN JIANGHE PAPER CO LTD,CHINA (MAINLAND),QINGDAO,CHINA (MAINLAND)
2019,470329,MARUBENI,TANJUNG ENIM LESTARI,TARAHAN,SUMATERA SELATAN,3153,1844610,UPM-KYMMENE,UPM (CHINA) CO LTD,CHINA (MAINLAND),CHANGSHU,CHINA (MAINLAND)
2019,470329,MARUBENI,TANJUNG ENIM LESTARI,TARAHAN,SUMATERA SELATAN,499,290999,CHINATEX CORP,CHINATEX RAW MATERIALS IMPORT AND EXPORT,CHINA (MAINLAND),QINGDAO,CHINA (MAINLAND)
2019,470329,MARUBENI,TANJUNG ENIM LESTARI,TARAHAN,SUMATERA SELATAN,2108,1227342,UNKNOWN AFFILIATION,KING ADVANCEMENT DEVELOPMENT (HONG KONG) LTD,CHINA (HONG KONG),QINGDAO,CHINA (MAINLAND)
2019,470329,MARUBENI,TANJUNG ENIM LESTARI,TARAHAN,SUMATERA SELATAN,2086,1214503,UNKNOWN AFFILIATION,KING ADVANCEMENT DEVELOPMENT (HONG KONG) LTD,CHINA (HONG KONG),QINGDAO,CHINA (MAINLAND)
2019,470329,MARUBENI,TANJUNG ENIM LESTARI,TARAHAN,SUMATERA SELATAN,1045,608460,UNKNOWN AFFILIATION,KING ADVANCEMENT DEVELOPMENT (HONG KONG) LTD,CHINA (HONG KONG),QINGDAO,CHINA (MAINLAND)
2019,470329,SINAR MAS,OKI,SULTAN MAHMUD BADARUDDIN (U),SUMATERA SELATAN,7000,4264067,DRAGON CROWN HOLDINGS,DRAGON CROWN (HK) TRADING LTD,CHINA (HONG KONG),QINGDAO,CHINA (MAINLAND)
2019,470329,SINAR MAS,INDAH KIAT,PERAWANG,RIAU,800,485680,CHINA UNION,CHINA UNION (MACAO COMMERCIAL OFFSHORE) CO LTD,MACAO,SHANGHAI,CHINA (MAINLAND)
2019,470329,SINAR MAS,OKI,SULTAN MAHMUD BADARUDDIN (U),SUMATERA SELATAN,3000,1827457,DRAGON CROWN HOLDINGS,DRAGON CROWN (HK) TRADING LTD,CHINA (HONG KONG),QINGDAO,CHINA (MAINLAND)
2019,470329,SINAR MAS,INDAH KIAT,PERAWANG,RIAU,500,303693,SINAR MAS,GOLDEN PROFIT TRADING PTE LTD,SINGAPORE,CHITTAGONG,BANGLADESH
2019,470329,SINAR MAS,INDAH KIAT,PERAWANG,RIAU,500,313693,SINAR MAS,GOLDEN PROFIT TRADING PTE LTD,SINGAPORE,CHITTAGONG,BANGLADESH
2019,470329,ROYAL GOLDEN EAGLE,APRIL,FUTONG,RIAU,5670,2424995,ROYAL GOLDEN EAGLE,APRIL INTERNATIONAL ENTEPRISE PTE LTD,SINGAPORE,CHANGSHU,CHINA (MAINLAND)
2019,470329,ROYAL GOLDEN EAGLE,APRIL,FUTONG,RIAU,1960,832815,ROYAL GOLDEN EAGLE,APRIL FAR EAST MALAYSIA SDN BHD,MALAYSIA,GUNSAN (ES KUNSAN),SOUTH KOREA
2019,470329,ROYAL GOLDEN EAGLE,APRIL,FUTONG,RIAU,1658,704624,ROYAL GOLDEN EAGLE,APRIL INTERNATIONAL ENTEPRISE PTE LTD,SINGAPORE,IYOMISHIMA,JAPAN
2019,470329,SINAR MAS,LONTAR PAPYRUS,KUALA TUNGKAL,JAMBI,681,417453,SINAR MAS,GOLDEN PROFIT TRADING PTE LTD,SINGAPORE,ABU DHABI,UNITED ARAB EMIRATES
2019,470329,ROYAL GOLDEN EAGLE,TOBA PULP LESTARI,BELAWAN,SUMATERA UTARA,488,239166,ROYAL GOLDEN EAGLE,DP MARKETING INTERNATIONAL,MACAO,CHITTAGONG,BANGLADESH
2019,470329,ROYAL GOLDEN EAGLE,TOBA PULP LESTARI,BELAWAN,SUMATERA UTARA,487,238599,ROYAL GOLDEN EAGLE,DP MARKETING INTERNATIONAL,MACAO,CHITTAGONG,BANGLADESH
2019,470329,MARUBENI,TANJUNG ENIM LESTARI,PANJANG,SUMATERA SELATAN,522,336611,SINAR MAS,SORBENT PAPER CO PTY LTD,AUSTRALIA,MELBOURNE,AUSTRALIA
2019,470329,MARUBENI,TANJUNG ENIM LESTARI,PANJANG,SUMATERA SELATAN,520,318231,BPM,BANGLANE PAPER MILL CO LTD,THAILAND,LAT KRABANG,THAILAND
2019,470329,SINAR MAS,LONTAR PAPYRUS,KUALA TUNGKAL,JAMBI,401,241566,SINAR MAS,GOLDEN PROFIT TRADING PTE LTD,SINGAPORE,PENANG (GEORGETOWN),MALAYSIA
2019,470329,SINAR MAS,LONTAR PAPYRUS,KUALA TUNGKAL,JAMBI,502,308027,UNKNOWN AFFILIATION,FREELAND UNIVERSAL LTD,CHINA (HONG KONG),DALIAN,CHINA (MAINLAND)
2019,470329,MARUBENI,TANJUNG ENIM LESTARI,PANJANG,SUMATERA SELATAN,314,192095,UNKNOWN AFFILIATION,THAI CARD BOARD CO LTD,THAILAND,LAT KRABANG,THAILAND
2019,470329,SINAR MAS,LONTAR PAPYRUS,KUALA TUNGKAL,JAMBI,301,183922,SINAR MAS,GOLDEN PROFIT TRADING PTE LTD,SINGAPORE,LAT KRABANG,THAILAND
2019,470329,ROYAL GOLDEN EAGLE,APRIL,BUATAN,RIAU,503,213645,ROYAL GOLDEN EAGLE,APRIL INTERNATIONAL ENTEPRISE PTE LTD,SINGAPORE,BANGKOK,THAILAND
2019,470329,SINAR MAS,LONTAR PAPYRUS,KUALA TUNGKAL,JAMBI,502,304103,SINAR MAS,GOLDEN PROFIT TRADING PTE LTD,SINGAPORE,CHITTAGONG,BANGLADESH
2019,470329,SINAR MAS,LONTAR PAPYRUS,KUALA TUNGKAL,JAMBI,140,86414,SINAR MAS,GOLDEN PROFIT TRADING PTE LTD,SINGAPORE,CAT LAI,VIETNAM
2019,470329,SINAR MAS,OKI,SULTAN MAHMUD BADARUDDIN (U),SUMATERA SELATAN,3000,1830000,UNKNOWN AFFILIATION,SUZHOU HUANG YI TRADE CO LTD,CHINA (MAINLAND),YANGPU,CHINA (MAINLAND)
2019,470329,SINAR MAS,INDAH KIAT,PERAWANG,RIAU,400,243372,SINAR MAS,GOLDEN PROFIT TRADING PTE LTD,SINGAPORE,MANILA SOUTH HARBOUR,PHILIPPINES
2019,470329,SINAR MAS,INDAH KIAT,PERAWANG,RIAU,500,318843,SINAR MAS,GOLDEN PROFIT TRADING PTE LTD,SINGAPORE,TUTICORIN,INDIA
2019,470329,SINAR MAS,INDAH KIAT,PERAWANG,RIAU,500,303693,SINAR MAS,GOLDEN PROFIT TRADING PTE LTD,SINGAPORE,CHITTAGONG,BANGLADESH
2019,470329,SINAR MAS,OKI,SULTAN MAHMUD BADARUDDIN (U),SUMATERA SELATAN,2000,1220000,UNKNOWN AFFILIATION,SUZHOU HUANG YI TRADE CO LTD,CHINA (MAINLAND),YANGPU,CHINA (MAINLAND)
2019,470329,SINAR MAS,INDAH KIAT,PERAWANG,RIAU,500,303693,SINAR MAS,GOLDEN PROFIT TRADING PTE LTD,SINGAPORE,CHITTAGONG,BANGLADESH
2019,470329,SINAR MAS,OKI,SULTAN MAHMUD BADARUDDIN (U),SUMATERA SELATAN,2000,1222000,SINAR MAS,GOLDEN PROFIT TRADING PTE LTD,SINGAPORE,YANGPU,CHINA (MAINLAND)
2019,470329,ROYAL GOLDEN EAGLE,APRIL,BUATAN,RIAU,503,213698,ROYAL GOLDEN EAGLE,APRIL INTERNATIONAL ENTEPRISE PTE LTD,SINGAPORE,KARACHI,PAKISTAN
2019,470329,ROYAL GOLDEN EAGLE,APRIL,BUATAN,RIAU,342,155440,ROYAL GOLDEN EAGLE,APRIL INTERNATIONAL ENTEPRISE PTE LTD,SINGAPORE,PIPAVAV (VICTOR) PORT,INDIA
2019,470329,ROYAL GOLDEN EAGLE,APRIL,FUTONG,RIAU,6027,2561522,ROYAL GOLDEN EAGLE,APRIL INTERNATIONAL ENTEPRISE PTE LTD,SINGAPORE,KAKINADA,INDIA
2019,470329,MARUBENI,TANJUNG ENIM LESTARI,PANJANG,SUMATERA SELATAN,1020,516402,VINDA,VINDA PAPER (ZHEJIANG) CO LTD,CHINA (MAINLAND),NINGBO,CHINA (MAINLAND)
2019,470329,ROYAL GOLDEN EAGLE,APRIL,BUATAN,RIAU,101,45777,ROYAL GOLDEN EAGLE,APRIL INTERNATIONAL ENTEPRISE PTE LTD,SINGAPORE,TUGLAKABAD,INDIA
2019,470329,ROYAL GOLDEN EAGLE,APRIL,BUATAN,RIAU,1005,427216,ROYAL GOLDEN EAGLE,APRIL INTERNATIONAL ENTEPRISE PTE LTD,SINGAPORE,BEIRUT,LEBANON
2019,470329,ROYAL GOLDEN EAGLE,APRIL,BUATAN,RIAU,40,17053,ROYAL GOLDEN EAGLE,APRIL INTERNATIONAL ENTEPRISE PTE LTD,SINGAPORE,PIPAVAV (VICTOR) PORT,INDIA
2019,470329,ROYAL GOLDEN EAGLE,APRIL,BUATAN,RIAU,502,213426,ROYAL GOLDEN EAGLE,APRIL INTERNATIONAL ENTEPRISE PTE LTD,SINGAPORE,PUNE,INDIA
2019,470329,ROYAL GOLDEN EAGLE,APRIL,BUATAN,RIAU,101,45776,ROYAL GOLDEN EAGLE,APRIL INTERNATIONAL ENTEPRISE PTE LTD,SINGAPORE,NAGPUR,INDIA
2019,470329,SINAR MAS,OKI,SULTAN MAHMUD BADARUDDIN (U),SUMATERA SELATAN,4550,2789150,UNKNOWN AFFILIATION,FREELAND UNIVERSAL LTD,CHINA (HONG KONG),CHANGSHU,CHINA (MAINLAND)
2019,470329,MARUBENI,TANJUNG ENIM LESTARI,PANJANG,SUMATERA SELATAN,524,337655,SINAR MAS,SORBENT PAPER CO PTY LTD,AUSTRALIA,MELBOURNE,AUSTRALIA
2019,470329,SINAR MAS,OKI,SULTAN MAHMUD BADARUDDIN (U),SUMATERA SELATAN,500,303335,SINAR MAS,GOLDEN PROFIT TRADING PTE LTD,SINGAPORE,HAIPHONG,VIETNAM
2019,470329,SINAR MAS,OKI,SULTAN MAHMUD BADARUDDIN (U),SUMATERA SELATAN,900,546003,SINAR MAS,GOLDEN PROFIT TRADING PTE LTD,SINGAPORE,HAIPHONG,VIETNAM
2019,470329,SINAR MAS,OKI,SULTAN MAHMUD BADARUDDIN (U),SUMATERA SELATAN,300,182001,SINAR MAS,GOLDEN PROFIT TRADING PTE LTD,SINGAPORE,HAIPHONG,VIETNAM
2019,470329,SINAR MAS,OKI,SULTAN MAHMUD BADARUDDIN (U),SUMATERA SELATAN,2450,1501850,UNKNOWN AFFILIATION,FREELAND UNIVERSAL LTD,CHINA (HONG KONG),CHANGSHU,CHINA (MAINLAND)
2019,470329,SINAR MAS,OKI,SULTAN MAHMUD BADARUDDIN (U),SUMATERA SELATAN,300,182001,SINAR MAS,GOLDEN PROFIT TRADING PTE LTD,SINGAPORE,HAIPHONG,VIETNAM
2019,470329,SINAR MAS,INDAH KIAT,PERAWANG,RIAU,480,297213,SINAR MAS,GOLDEN PROFIT TRADING PTE LTD,SINGAPORE,JEBEL ALI,UNITED ARAB EMIRATES
2019,470329,SINAR MAS,OKI,SULTAN MAHMUD BADARUDDIN (U),SUMATERA SELATAN,1000,606670,SINAR MAS,GOLDEN PROFIT TRADING PTE LTD,SINGAPORE,HAIPHONG,VIETNAM
2019,470329,ROYAL GOLDEN EAGLE,APRIL,BUATAN,RIAU,1005,427012,ROYAL GOLDEN EAGLE,APRIL INTERNATIONAL ENTEPRISE PTE LTD,SINGAPORE,HAIPHONG,VIETNAM
2019,470329,SINAR MAS,LONTAR PAPYRUS,KUALA TUNGKAL,JAMBI,401,250053,SINAR MAS,GOLDEN PROFIT TRADING PTE LTD,SINGAPORE,CALCUTTA,INDIA
2019,470329,ROYAL GOLDEN EAGLE,APRIL,BUATAN,RIAU,1004,426700,ROYAL GOLDEN EAGLE,APRIL INTERNATIONAL ENTEPRISE PTE LTD,SINGAPORE,HAIPHONG,VIETNAM
2019,470329,ROYAL GOLDEN EAGLE,APRIL,BUATAN,RIAU,317,134807,ROYAL GOLDEN EAGLE,APRIL INTERNATIONAL ENTEPRISE PTE LTD,SINGAPORE,JEBEL ALI,UNITED ARAB EMIRATES
2019,470329,SINAR MAS,LONTAR PAPYRUS,KUALA TUNGKAL,JAMBI,602,370946,SINAR MAS,GOLDEN PROFIT TRADING PTE LTD,SINGAPORE,CAT LAI,VIETNAM
2019,470329,MARUBENI,TANJUNG ENIM LESTARI,PANJANG,SUMATERA SELATAN,104,52349,UNKNOWN AFFILIATION,VECHEM ORGANICS PVT LTD,INDIA,REWARI,INDIA
2019,470329,SINAR MAS,LONTAR PAPYRUS,KUALA TUNGKAL,JAMBI,1004,615851,UNKNOWN AFFILIATION,FREELAND UNIVERSAL LTD,CHINA (HONG KONG),DALIAN,CHINA (MAINLAND)
2019,470329,MARUBENI,TANJUNG ENIM LESTARI,PANJANG,SUMATERA SELATAN,650,353965,ITC,ITC LTD - PAPERBOARDS & SPECIALTY PAPERS DIVSION,INDIA,HALDIA,INDIA
2019,470329,MARUBENI,TANJUNG ENIM LESTARI,PANJANG,SUMATERA SELATAN,104,68338,UNKNOWN AFFILIATION,GEMINI GRAAPHICS PVT LTD,INDIA,CHENNAI (EX MADRAS),INDIA
2019,470329,MARUBENI,TANJUNG ENIM LESTARI,PANJANG,SUMATERA SELATAN,104,55091,UNKNOWN AFFILIATION,VECHEM ORGANICS PVT LTD,INDIA,REWARI,INDIA
2019,470329,MARUBENI,TANJUNG ENIM LESTARI,PANJANG,SUMATERA SELATAN,104,62611,UNKNOWN AFFILIATION,NB ENTREPRENEURS,INDIA,NAGPUR,INDIA
2019,470329,ROYAL GOLDEN EAGLE,TOBA PULP LESTARI,BELAWAN,SUMATERA UTARA,487,234133,ROYAL GOLDEN EAGLE,DP MARKETING INTERNATIONAL,MACAO,CHITTAGONG,BANGLADESH
2019,470329,SINAR MAS,LONTAR PAPYRUS,KUALA TUNGKAL,JAMBI,502,304595,SINAR MAS,GOLDEN PROFIT TRADING PTE LTD,SINGAPORE,CHITTAGONG,BANGLADESH
2019,470329,MARUBENI,TANJUNG ENIM LESTARI,PANJANG,SUMATERA SELATAN,495,289662,MARUBENI,MARUBENI CORP,JAPAN,SHIMIZU,JAPAN
2019,470329,MARUBENI,TANJUNG ENIM LESTARI,PANJANG,SUMATERA SELATAN,76,44509,MARUBENI,MARUBENI CORP,JAPAN,SHIMIZU,JAPAN
2019,470329,MARUBENI,TANJUNG ENIM LESTARI,PANJANG,SUMATERA SELATAN,95,55862,MARUBENI,MARUBENI CORP,JAPAN,SHIMIZU,JAPAN
2019,470329,MARUBENI,TANJUNG ENIM LESTARI,PANJANG,SUMATERA SELATAN,104,52499,UNKNOWN AFFILIATION,VECHEM ORGANICS PVT LTD,INDIA,REWARI,INDIA
2019,470329,MARUBENI,TANJUNG ENIM LESTARI,PANJANG,SUMATERA SELATAN,104,65189,ANKIT,ANKIT PULPS AND BOARDS PVT LTD,INDIA,NAGPUR,INDIA
2019,470329,SINAR MAS,INDAH KIAT,PERAWANG,RIAU,500,311099,DRAGON CROWN HOLDINGS,DRAGON CROWN (HK) TRADING LTD,CHINA (HONG KONG),CHONGQING,CHINA (MAINLAND)
2019,470329,SINAR MAS,OKI,SULTAN MAHMUD BADARUDDIN (U),SUMATERA SELATAN,9632,5398061,DRAGON CROWN HOLDINGS,DRAGON CROWN (HK) TRADING LTD,CHINA (HONG KONG),ZHANJIANG,CHINA (MAINLAND)
2019,470329,ROYAL GOLDEN EAGLE,TOBA PULP LESTARI,BELAWAN,SUMATERA UTARA,303,148682,ROYAL GOLDEN EAGLE,DP MARKETING INTERNATIONAL,MACAO,PIPAVAV (VICTOR) PORT,INDIA
2019,470329,SINAR MAS,OKI,SULTAN MAHMUD BADARUDDIN (U),SUMATERA SELATAN,2000,1120860,DRAGON CROWN HOLDINGS,DRAGON CROWN (HK) TRADING LTD,CHINA (HONG KONG),HUANGPU,CHINA (MAINLAND)
2019,470329,ROYAL GOLDEN EAGLE,TOBA PULP LESTARI,BELAWAN,SUMATERA UTARA,488,234635,ROYAL GOLDEN EAGLE,DP MARKETING INTERNATIONAL,MACAO,CHITTAGONG,BANGLADESH
2019,470329,MARUBENI,TANJUNG ENIM LESTARI,PANJANG,SUMATERA SELATAN,1027,523027,VINDA,VINDA PERSONAL CARE (CHINA) LTD,CHINA (MAINLAND),WUHAN,CHINA (MAINLAND)
2019,470329,ROYAL GOLDEN EAGLE,APRIL,BUATAN,RIAU,350,148558,ROYAL GOLDEN EAGLE,APRIL INTERNATIONAL ENTEPRISE PTE LTD,SINGAPORE,JEBEL ALI,UNITED ARAB EMIRATES
2019,470329,SINAR MAS,INDAH KIAT,PERAWANG,RIAU,500,313693,SINAR MAS,GOLDEN PROFIT TRADING PTE LTD,SINGAPORE,CHITTAGONG,BANGLADESH
2019,470329,SINAR MAS,INDAH KIAT,PERAWANG,RIAU,500,318843,SINAR MAS,GOLDEN PROFIT TRADING PTE LTD,SINGAPORE,TUTICORIN,INDIA
2019,470329,ROYAL GOLDEN EAGLE,APRIL,BUATAN,RIAU,40,18275,ROYAL GOLDEN EAGLE,APRIL INTERNATIONAL ENTEPRISE PTE LTD,SINGAPORE,JAWAHARLAL NEHRU (NHAVA S,INDIA
2019,470329,ROYAL GOLDEN EAGLE,APRIL,BUATAN,RIAU,301,128119,ROYAL GOLDEN EAGLE,APRIL INTERNATIONAL ENTEPRISE PTE LTD,SINGAPORE,CHITTAGONG,BANGLADESH
2019,470329,ROYAL GOLDEN EAGLE,APRIL,BUATAN,RIAU,502,213429,ROYAL GOLDEN EAGLE,APRIL INTERNATIONAL ENTEPRISE PTE LTD,SINGAPORE,CHITTAGONG,BANGLADESH
2019,470329,ROYAL GOLDEN EAGLE,APRIL,BUATAN,RIAU,502,213390,ROYAL GOLDEN EAGLE,APRIL INTERNATIONAL ENTEPRISE PTE LTD,SINGAPORE,CHITTAGONG,BANGLADESH
2019,470329,SINAR MAS,OKI,SULTAN MAHMUD BADARUDDIN (U),SUMATERA SELATAN,4424,2473812,DRAGON CROWN HOLDINGS,DRAGON CROWN (HK) TRADING LTD,CHINA (HONG KONG),QINGDAO,CHINA (MAINLAND)
2019,470329,SINAR MAS,OKI,SULTAN MAHMUD BADARUDDIN (U),SUMATERA SELATAN,3000,1827457,DRAGON CROWN HOLDINGS,DRAGON CROWN (HK) TRADING LTD,CHINA (HONG KONG),QINGDAO,CHINA (MAINLAND)
2019,470329,SINAR MAS,OKI,SULTAN MAHMUD BADARUDDIN (U),SUMATERA SELATAN,416,232619,DRAGON CROWN HOLDINGS,DRAGON CROWN (HK) TRADING LTD,CHINA (HONG KONG),QINGDAO,CHINA (MAINLAND)
2019,470329,ROYAL GOLDEN EAGLE,APRIL,BUATAN,RIAU,1005,427102,ROYAL GOLDEN EAGLE,APRIL INTERNATIONAL ENTEPRISE PTE LTD,SINGAPORE,CHONGQING,CHINA (MAINLAND)
2019,470329,ROYAL GOLDEN EAGLE,APRIL,FUTONG,RIAU,5025,2135656,ROYAL GOLDEN EAGLE,APRIL FAR EAST MALAYSIA SDN BHD,MALAYSIA,GAOLAN,CHINA (MAINLAND)
2019,470329,SINAR MAS,INDAH KIAT,PERAWANG,RIAU,2400,1336800,SINAR MAS,GOLDEN PROFIT TRADING PTE LTD,SINGAPORE,ULSAN,SOUTH KOREA
2019,470329,ROYAL GOLDEN EAGLE,APRIL,FUTONG,RIAU,5727,2455093,ROYAL GOLDEN EAGLE,APRIL FAR EAST MALAYSIA SDN BHD,MALAYSIA,XINHUI,CHINA (MAINLAND)
2019,470329,SINAR MAS,INDAH KIAT,PERAWANG,RIAU,500,303693,SINAR MAS,GOLDEN PROFIT TRADING PTE LTD,SINGAPORE,CHITTAGONG,BANGLADESH
2019,470329,ROYAL GOLDEN EAGLE,APRIL,BUATAN,RIAU,40,17053,ROYAL GOLDEN EAGLE,APRIL INTERNATIONAL ENTEPRISE PTE LTD,SINGAPORE,CHITTAGONG,BANGLADESH
2019,470329,ROYAL GOLDEN EAGLE,APRIL,BUATAN,RIAU,496,210924,ROYAL GOLDEN EAGLE,APRIL INTERNATIONAL ENTEPRISE PTE LTD,SINGAPORE,JEBEL ALI,UNITED ARAB EMIRATES
2019,470329,ROYAL GOLDEN EAGLE,APRIL,BUATAN,RIAU,496,210878,ROYAL GOLDEN EAGLE,APRIL INTERNATIONAL ENTEPRISE PTE LTD,SINGAPORE,JEBEL ALI,UNITED ARAB EMIRATES
2019,470329,SINAR MAS,INDAH KIAT,PERAWANG,RIAU,4700,2617900,SINAR MAS,GOLDEN PROFIT TRADING PTE LTD,SINGAPORE,ULSAN,SOUTH KOREA
2019,470329,SINAR MAS,LONTAR PAPYRUS,KUALA TUNGKAL,JAMBI,140,86544,SINAR MAS,GOLDEN PROFIT TRADING PTE LTD,SINGAPORE,CAT LAI,VIETNAM
2019,470329,SINAR MAS,OKI,SULTAN MAHMUD BADARUDDIN (U),SUMATERA SELATAN,1500,840270,DRAGON CROWN HOLDINGS,DRAGON CROWN (HK) TRADING LTD,CHINA (HONG KONG),TIANJIN,CHINA (MAINLAND)
2019,470329,ROYAL GOLDEN EAGLE,APRIL,BUATAN,RIAU,502,213375,ROYAL GOLDEN EAGLE,APRIL INTERNATIONAL ENTEPRISE PTE LTD,SINGAPORE,CHITTAGONG,BANGLADESH
2019,470329,SINAR MAS,OKI,SULTAN MAHMUD BADARUDDIN (U),SUMATERA SELATAN,1650,924709,DRAGON CROWN HOLDINGS,DRAGON CROWN (HK) TRADING LTD,CHINA (HONG KONG),TIANJIN,CHINA (MAINLAND)
2019,470329,ROYAL GOLDEN EAGLE,APRIL,BUATAN,RIAU,60,25621,ROYAL GOLDEN EAGLE,APRIL INTERNATIONAL ENTEPRISE PTE LTD,SINGAPORE,PIPAVAV (VICTOR) PORT,INDIA
2019,470329,SINAR MAS,OKI,SULTAN MAHMUD BADARUDDIN (U),SUMATERA SELATAN,3000,1834500,UNKNOWN AFFILIATION,SUZHOU GUANBAO TRADING LTD,CHINA (MAINLAND),YANGPU,CHINA (MAINLAND)
2019,470329,SINAR MAS,OKI,SULTAN MAHMUD BADARUDDIN (U),SUMATERA SELATAN,1650,924709,DRAGON CROWN HOLDINGS,DRAGON CROWN (HK) TRADING LTD,CHINA (HONG KONG),TIANJIN,CHINA (MAINLAND)
2019,470329,SINAR MAS,OKI,SULTAN MAHMUD BADARUDDIN (U),SUMATERA SELATAN,1650,924709,DRAGON CROWN HOLDINGS,DRAGON CROWN (HK) TRADING LTD,CHINA (HONG KONG),TIANJIN,CHINA (MAINLAND)
2019,470329,SINAR MAS,OKI,SULTAN MAHMUD BADARUDDIN (U),SUMATERA SELATAN,3000,1834500,UNKNOWN AFFILIATION,SUZHOU HUANG YI TRADE CO LTD,CHINA (MAINLAND),YANGPU,CHINA (MAINLAND)
2019,470329,SINAR MAS,OKI,SULTAN MAHMUD BADARUDDIN (U),SUMATERA SELATAN,1100,616198,DRAGON CROWN HOLDINGS,DRAGON CROWN (HK) TRADING LTD,CHINA (HONG KONG),TIANJIN,CHINA (MAINLAND)
2019,470329,MARUBENI,TANJUNG ENIM LESTARI,PANJANG,SUMATERA SELATAN,211,119312,UNKNOWN AFFILIATION,YUEN FOONG YU CONSUMER PRODUCTS CO LTD,TAIWAN,TAICHUNG,TAIWAN
2019,470329,SINAR MAS,OKI,SULTAN MAHMUD BADARUDDIN (U),SUMATERA SELATAN,1500,840270,DRAGON CROWN HOLDINGS,DRAGON CROWN (HK) TRADING LTD,CHINA (HONG KONG),TIANJIN,CHINA (MAINLAND)
2019,470329,SINAR MAS,OKI,SULTAN MAHMUD BADARUDDIN (U),SUMATERA SELATAN,2000,1120360,DRAGON CROWN HOLDINGS,DRAGON CROWN (HK) TRADING LTD,CHINA (HONG KONG),GAOLAN,CHINA (MAINLAND)
2019,470329,SINAR MAS,OKI,SULTAN MAHMUD BADARUDDIN (U),SUMATERA SELATAN,2000,1223000,UNKNOWN AFFILIATION,SUZHOU HUANG YI TRADE CO LTD,CHINA (MAINLAND),YANGPU,CHINA (MAINLAND)
2019,470329,ROYAL GOLDEN EAGLE,APRIL,FUTONG,RIAU,5982,2542251,ROYAL GOLDEN EAGLE,APRIL INTERNATIONAL ENTEPRISE PTE LTD,SINGAPORE,MINA ZAYED,UNITED ARAB EMIRATES
2019,470329,SINAR MAS,LONTAR PAPYRUS,KUALA TUNGKAL,JAMBI,301,181090,SINAR MAS,GOLDEN PROFIT TRADING PTE LTD,SINGAPORE,PENANG (GEORGETOWN),MALAYSIA
2019,470329,MARUBENI,TANJUNG ENIM LESTARI,PANJANG,SUMATERA SELATAN,1046,529661,VINDA,VINDA PAPER (ZHEJIANG) CO LTD,CHINA (MAINLAND),NINGBO,CHINA (MAINLAND)
2019,470329,ROYAL GOLDEN EAGLE,APRIL,BUATAN,RIAU,140,59591,ROYAL GOLDEN EAGLE,APRIL INTERNATIONAL ENTEPRISE PTE LTD,SINGAPORE,KATHUWAS ICD/ALWAR,INDIA
2019,470329,SINAR MAS,OKI,SULTAN MAHMUD BADARUDDIN (U),SUMATERA SELATAN,2400,1467600,UNKNOWN AFFILIATION,SUZHOU GUANBAO TRADING LTD,CHINA (MAINLAND),YANGPU,CHINA (MAINLAND)
2019,470329,ROYAL GOLDEN EAGLE,APRIL,FUTONG,RIAU,5026,2135887,ROYAL GOLDEN EAGLE,APRIL INTERNATIONAL ENTEPRISE PTE LTD,SINGAPORE,JEBEL ALI,UNITED ARAB EMIRATES
2019,470329,ROYAL GOLDEN EAGLE,APRIL,BUATAN,RIAU,502,213339,ROYAL GOLDEN EAGLE,APRIL INTERNATIONAL ENTEPRISE PTE LTD,SINGAPORE,PUNE,INDIA
2019,470329,SINAR MAS,OKI,SULTAN MAHMUD BADARUDDIN (U),SUMATERA SELATAN,1650,924709,DRAGON CROWN HOLDINGS,DRAGON CROWN (HK) TRADING LTD,CHINA (HONG KONG),TIANJIN,CHINA (MAINLAND)
2019,470329,SINAR MAS,OKI,SULTAN MAHMUD BADARUDDIN (U),SUMATERA SELATAN,2300,1409900,UNKNOWN AFFILIATION,FREELAND UNIVERSAL LTD,CHINA (HONG KONG),CHANGSHU,CHINA (MAINLAND)
2019,470329,SINAR MAS,OKI,SULTAN MAHMUD BADARUDDIN (U),SUMATERA SELATAN,500,306500,UNKNOWN AFFILIATION,NINGBO GUANPAO TRADING (HONGKONG) CO LTD,CHINA (HONG KONG),CHANGSHU,CHINA (MAINLAND)
2019,470329,MARUBENI,TANJUNG ENIM LESTARI,PANJANG,SUMATERA SELATAN,2089,1068130,CHINATEX CORP,CHINATEX RAW MATERIALS IMPORT AND EXPORT,CHINA (MAINLAND),XINGANG,CHINA (MAINLAND)
2019,470329,ROYAL GOLDEN EAGLE,APRIL,BUATAN,RIAU,60,25542,ROYAL GOLDEN EAGLE,APRIL INTERNATIONAL ENTEPRISE PTE LTD,SINGAPORE,CHENNAI (EX MADRAS),INDIA
2019,470329,SINAR MAS,LONTAR PAPYRUS,KUALA TUNGKAL,JAMBI,1004,554004,SINAR MAS,GOLDEN PROFIT TRADING PTE LTD,SINGAPORE,ANKLESHWAR,INDIA
2019,470329,SINAR MAS,OKI,SULTAN MAHMUD BADARUDDIN (U),SUMATERA SELATAN,2000,1226000,CHINA UNION,CHINA UNION (MACAO COMMERCIAL OFFSHORE) CO LTD,MACAO,CHANGSHU,CHINA (MAINLAND)
2019,470329,ROYAL GOLDEN EAGLE,APRIL,BUATAN,RIAU,178,75836,ROYAL GOLDEN EAGLE,APRIL INTERNATIONAL ENTEPRISE PTE LTD,SINGAPORE,JEBEL ALI,UNITED ARAB EMIRATES
2019,470329,SINAR MAS,OKI,SULTAN MAHMUD BADARUDDIN (U),SUMATERA SELATAN,3000,1685040,DRAGON CROWN HOLDINGS,DRAGON CROWN (HK) TRADING LTD,CHINA (HONG KONG),CHANGSHU,CHINA (MAINLAND)
2019,470329,SINAR MAS,LONTAR PAPYRUS,KUALA TUNGKAL,JAMBI,603,341913,SINAR MAS,GOLDEN PROFIT TRADING PTE LTD,SINGAPORE,CAT LAI,VIETNAM
2019,470329,SINAR MAS,INDAH KIAT,PERAWANG,RIAU,1000,559253,DRAGON CROWN HOLDINGS,DRAGON CROWN (HK) TRADING LTD,CHINA (HONG KONG),CHANGSHU,CHINA (MAINLAND)
2019,470329,SINAR MAS,OKI,SULTAN MAHMUD BADARUDDIN (U),SUMATERA SELATAN,2000,1226000,UNKNOWN AFFILIATION,SUZHOU GUANBAO TRADING LTD,CHINA (MAINLAND),NINGBO,CHINA (MAINLAND)
2019,470329,SINAR MAS,OKI,SULTAN MAHMUD BADARUDDIN (U),SUMATERA SELATAN,2000,1226000,UNKNOWN AFFILIATION,SUZHOU GUANBAO TRADING LTD,CHINA (MAINLAND),NINGBO,CHINA (MAINLAND)
2019,470329,SINAR MAS,OKI,SULTAN MAHMUD BADARUDDIN (U),SUMATERA SELATAN,2600,1593800,UNKNOWN AFFILIATION,SUZHOU GUANBAO TRADING LTD,CHINA (MAINLAND),NINGBO,CHINA (MAINLAND)
2019,470329,SINAR MAS,OKI,SULTAN MAHMUD BADARUDDIN (U),SUMATERA SELATAN,1000,562000,UNKNOWN AFFILIATION,BRIGHTENING SKY CO LTD,CHINA (HONG KONG),NINGBO,CHINA (MAINLAND)
2019,470329,SINAR MAS,OKI,SULTAN MAHMUD BADARUDDIN (U),SUMATERA SELATAN,2000,1123360,DRAGON CROWN HOLDINGS,DRAGON CROWN (HK) TRADING LTD,CHINA (HONG KONG),NINGBO,CHINA (MAINLAND)
2019,470329,ROYAL GOLDEN EAGLE,APRIL,FUTONG,RIAU,2055,873522,ROYAL GOLDEN EAGLE,APRIL INTERNATIONAL ENTEPRISE PTE LTD,SINGAPORE,QINGDAO,CHINA (MAINLAND)
2019,470329,MARUBENI,TANJUNG ENIM LESTARI,PANJANG,SUMATERA SELATAN,105,55954,UNKNOWN AFFILIATION,VECHEM ORGANICS PVT LTD,INDIA,REWARI,INDIA
2019,470329,SINAR MAS,LONTAR PAPYRUS,KUALA TUNGKAL,JAMBI,502,308833,SINAR MAS,GOLDEN PROFIT TRADING PTE LTD,SINGAPORE,LAT KRABANG,THAILAND
2019,470329,MARUBENI,TANJUNG ENIM LESTARI,PANJANG,SUMATERA SELATAN,311,158700,UNKNOWN AFFILIATION,THE EASTERN INDUSTRIAL CO LTD,THAILAND,LAT KRABANG,THAILAND
2019,470329,ROYAL GOLDEN EAGLE,APRIL,FUTONG,RIAU,8572,3653686,ROYAL GOLDEN EAGLE,APRIL INTERNATIONAL ENTEPRISE PTE LTD,SINGAPORE,CHANGSHU,CHINA (MAINLAND)
2019,470329,SINAR MAS,LONTAR PAPYRUS,KUALA TUNGKAL,JAMBI,241,135195,SINAR MAS,GOLDEN PROFIT TRADING PTE LTD,SINGAPORE,GARHI HARSARU,INDIA
2019,470329,ROYAL GOLDEN EAGLE,APRIL,BUATAN,RIAU,302,128152,ROYAL GOLDEN EAGLE,APRIL INTERNATIONAL ENTEPRISE PTE LTD,SINGAPORE,HAIPHONG,VIETNAM
2019,470329,ROYAL GOLDEN EAGLE,APRIL,BUATAN,RIAU,502,213455,ROYAL GOLDEN EAGLE,APRIL INTERNATIONAL ENTEPRISE PTE LTD,SINGAPORE,CHITTAGONG,BANGLADESH
2019,470329,ROYAL GOLDEN EAGLE,APRIL,BUATAN,RIAU,159,67503,ROYAL GOLDEN EAGLE,APRIL INTERNATIONAL ENTEPRISE PTE LTD,SINGAPORE,JEBEL ALI,UNITED ARAB EMIRATES
2019,470329,SINAR MAS,LONTAR PAPYRUS,KUALA TUNGKAL,JAMBI,301,155434,SINAR MAS,GOLDEN PROFIT TRADING PTE LTD,SINGAPORE,HAIPHONG,VIETNAM
2019,470329,SINAR MAS,LONTAR PAPYRUS,KUALA TUNGKAL,JAMBI,302,186207,SINAR MAS,GOLDEN PROFIT TRADING PTE LTD,SINGAPORE,CAT LAI,VIETNAM
2019,470329,MARUBENI,TANJUNG ENIM LESTARI,PANJANG,SUMATERA SELATAN,1047,533131,VINDA,VINDA PERSONAL CARE (CHINA) LTD,CHINA (MAINLAND),WUHAN,CHINA (MAINLAND)
2019,470329,SINAR MAS,LONTAR PAPYRUS,KUALA TUNGKAL,JAMBI,502,304358,SINAR MAS,GOLDEN PROFIT TRADING PTE LTD,SINGAPORE,CHITTAGONG,BANGLADESH
2019,470329,SINAR MAS,LONTAR PAPYRUS,KUALA TUNGKAL,JAMBI,301,181296,SINAR MAS,GOLDEN PROFIT TRADING PTE LTD,SINGAPORE,PENANG (GEORGETOWN),MALAYSIA
2019,470329,SINAR MAS,LONTAR PAPYRUS,KUALA TUNGKAL,JAMBI,502,307623,UNKNOWN AFFILIATION,FREELAND UNIVERSAL LTD,CHINA (HONG KONG),DALIAN,CHINA (MAINLAND)
2019,470329,ROYAL GOLDEN EAGLE,APRIL,BUATAN,RIAU,127,53797,ROYAL GOLDEN EAGLE,APRIL INTERNATIONAL ENTEPRISE PTE LTD,SINGAPORE,JEBEL ALI,UNITED ARAB EMIRATES
2019,470329,MARUBENI,TANJUNG ENIM LESTARI,TARAHAN,SUMATERA SELATAN,524,300001,HONG WON,HONG WON PAPER MFG CO LTD,SOUTH KOREA,PYONGTAEK,SOUTH KOREA
2019,470329,MARUBENI,TANJUNG ENIM LESTARI,TARAHAN,SUMATERA SELATAN,55,32311,UNKNOWN AFFILIATION,YONGJIN CORP,SOUTH KOREA,PYONGTAEK,SOUTH KOREA
2019,470329,SINAR MAS,INDAH KIAT,PERAWANG,RIAU,500,318843,SINAR MAS,GOLDEN PROFIT TRADING PTE LTD,SINGAPORE,TUTICORIN,INDIA
2019,470329,MARUBENI,TANJUNG ENIM LESTARI,TARAHAN,SUMATERA SELATAN,1050,601285,HONG WON,HONG WON PAPER MFG CO LTD,SOUTH KOREA,PYONGTAEK,SOUTH KOREA
2019,470329,MARUBENI,TANJUNG ENIM LESTARI,TARAHAN,SUMATERA SELATAN,1049,600959,HONG WON,HONG WON PAPER MFG CO LTD,SOUTH KOREA,PYONGTAEK,SOUTH KOREA
2019,470329,SINAR MAS,INDAH KIAT,PERAWANG,RIAU,240,150573,SINAR MAS,GOLDEN PROFIT TRADING PTE LTD,SINGAPORE,CHITTAGONG,BANGLADESH
2019,470329,MARUBENI,TANJUNG ENIM LESTARI,TARAHAN,SUMATERA SELATAN,3300,1601904,VINDA,VINDA PAPER (CHINA) CO LTD,CHINA (MAINLAND),ZHUHAI,CHINA (MAINLAND)
2019,470329,MARUBENI,TANJUNG ENIM LESTARI,TARAHAN,SUMATERA SELATAN,839,489013,MARUBENI,MARUBENI CORP,JAPAN,IYOMISHIMA,JAPAN
2019,470329,SINAR MAS,INDAH KIAT,PERAWANG,RIAU,300,169748,SINAR MAS,GOLDEN PROFIT TRADING PTE LTD,SINGAPORE,HAIPHONG,VIETNAM
2019,470329,SINAR MAS,INDAH KIAT,PERAWANG,RIAU,480,292022,SINAR MAS,GOLDEN PROFIT TRADING PTE LTD,SINGAPORE,JEBEL ALI,UNITED ARAB EMIRATES
2019,470329,MARUBENI,TANJUNG ENIM LESTARI,TARAHAN,SUMATERA SELATAN,1049,600608,HONG WON,HONG WON PAPER MFG CO LTD,SOUTH KOREA,PYONGTAEK,SOUTH KOREA
2019,470329,ROYAL GOLDEN EAGLE,APRIL,BUATAN,RIAU,503,213808,ROYAL GOLDEN EAGLE,APRIL INTERNATIONAL ENTEPRISE PTE LTD,SINGAPORE,CHITTAGONG,BANGLADESH
2019,470329,MARUBENI,TANJUNG ENIM LESTARI,TARAHAN,SUMATERA SELATAN,1259,734129,MARUBENI,MARUBENI CORP,JAPAN,IYOMISHIMA,JAPAN
2019,470329,SINAR MAS,INDAH KIAT,PERAWANG,RIAU,1500,932914,SINAR MAS,GOLDEN PROFIT TRADING PTE LTD,SINGAPORE,ABU DHABI,UNITED ARAB EMIRATES
2019,470329,MARUBENI,TANJUNG ENIM LESTARI,TARAHAN,SUMATERA SELATAN,525,309043,HANSOL,HANSOL PAPER CO LTD,SOUTH KOREA,PYONGTAEK,SOUTH KOREA
2019,470329,SINAR MAS,INDAH KIAT,PERAWANG,RIAU,500,303693,SINAR MAS,GOLDEN PROFIT TRADING PTE LTD,SINGAPORE,CHITTAGONG,BANGLADESH
2019,470329,SINAR MAS,INDAH KIAT,PERAWANG,RIAU,120,67926,SINAR MAS,GOLDEN PROFIT TRADING PTE LTD,SINGAPORE,TAICHUNG,TAIWAN
2019,470329,SINAR MAS,INDAH KIAT,PERAWANG,RIAU,200,124590,SINAR MAS,GOLDEN PROFIT TRADING PTE LTD,SINGAPORE,KAOHSIUNG,TAIWAN
2019,470329,MARUBENI,TANJUNG ENIM LESTARI,TARAHAN,SUMATERA SELATAN,328,193345,HANSOL,HANSOL PAPER CO LTD,SOUTH KOREA,PYONGTAEK,SOUTH KOREA
2019,470329,SINAR MAS,INDAH KIAT,PERAWANG,RIAU,460,279855,SINAR MAS,GOLDEN PROFIT TRADING PTE LTD,SINGAPORE,JEBEL ALI,UNITED ARAB EMIRATES
2019,470329,SINAR MAS,INDAH KIAT,PERAWANG,RIAU,480,292022,SINAR MAS,GOLDEN PROFIT TRADING PTE LTD,SINGAPORE,JEBEL ALI,UNITED ARAB EMIRATES
2019,470329,SINAR MAS,INDAH KIAT,PERAWANG,RIAU,1000,560397,SINAR MAS,GOLDEN PROFIT TRADING PTE LTD,SINGAPORE,JEBEL ALI,UNITED ARAB EMIRATES
2019,470329,SINAR MAS,INDAH KIAT,PERAWANG,RIAU,480,292022,SINAR MAS,GOLDEN PROFIT TRADING PTE LTD,SINGAPORE,JEBEL ALI,UNITED ARAB EMIRATES
2019,470329,ROYAL GOLDEN EAGLE,APRIL,BUATAN,RIAU,503,213612,ROYAL GOLDEN EAGLE,APRIL INTERNATIONAL ENTEPRISE PTE LTD,SINGAPORE,CHITTAGONG,BANGLADESH
2019,470329,ROYAL GOLDEN EAGLE,APRIL,BUATAN,RIAU,1005,427053,ROYAL GOLDEN EAGLE,APRIL INTERNATIONAL ENTEPRISE PTE LTD,SINGAPORE,NINGBO,CHINA (MAINLAND)
2019,470329,SINAR MAS,OKI,SULTAN MAHMUD BADARUDDIN (U),SUMATERA SELATAN,5000,2798400,DRAGON CROWN HOLDINGS,DRAGON CROWN (HK) TRADING LTD,CHINA (HONG KONG),QINGDAO,CHINA (MAINLAND)
2019,470329,SINAR MAS,OKI,SULTAN MAHMUD BADARUDDIN (U),SUMATERA SELATAN,2150,1317950,UNKNOWN AFFILIATION,FREELAND UNIVERSAL LTD,CHINA (HONG KONG),ZHENJIANG,CHINA (MAINLAND)
2019,470329,ROYAL GOLDEN EAGLE,APRIL,BUATAN,RIAU,402,170777,ROYAL GOLDEN EAGLE,APRIL INTERNATIONAL ENTEPRISE PTE LTD,SINGAPORE,BANGKOK,THAILAND
2019,470329,SINAR MAS,OKI,SULTAN MAHMUD BADARUDDIN (U),SUMATERA SELATAN,1000,559680,DRAGON CROWN HOLDINGS,DRAGON CROWN (HK) TRADING LTD,CHINA (HONG KONG),QINGDAO,CHINA (MAINLAND)
2019,470329,SINAR MAS,OKI,SULTAN MAHMUD BADARUDDIN (U),SUMATERA SELATAN,1000,613000,CHINA UNION,CHINA UNION (MACAO COMMERCIAL OFFSHORE) CO LTD,MACAO,ZHENJIANG,CHINA (MAINLAND)
2019,470329,SINAR MAS,OKI,SULTAN MAHMUD BADARUDDIN (U),SUMATERA SELATAN,2250,1379250,CHINA UNION,CHINA UNION (MACAO COMMERCIAL OFFSHORE) CO LTD,MACAO,ZHENJIANG,CHINA (MAINLAND)
2019,470329,SINAR MAS,OKI,SULTAN MAHMUD BADARUDDIN (U),SUMATERA SELATAN,160,89549,DRAGON CROWN HOLDINGS,DRAGON CROWN (HK) TRADING LTD,CHINA (HONG KONG),QINGDAO,CHINA (MAINLAND)
2019,470329,SINAR MAS,OKI,SULTAN MAHMUD BADARUDDIN (U),SUMATERA SELATAN,4000,2238720,DRAGON CROWN HOLDINGS,DRAGON CROWN (HK) TRADING LTD,CHINA (HONG KONG),QINGDAO,CHINA (MAINLAND)
2019,470329,SINAR MAS,OKI,SULTAN MAHMUD BADARUDDIN (U),SUMATERA SELATAN,1000,613000,SINAR MAS,GOLDEN PROFIT TRADING PTE LTD,SINGAPORE,ZHENJIANG,CHINA (MAINLAND)
2019,470329,ROYAL GOLDEN EAGLE,APRIL,BUATAN,RIAU,201,85526,ROYAL GOLDEN EAGLE,APRIL INTERNATIONAL ENTEPRISE PTE LTD,SINGAPORE,NAGPUR,INDIA
2019,470329,ROYAL GOLDEN EAGLE,APRIL,BUATAN,RIAU,502,213504,ROYAL GOLDEN EAGLE,APRIL INTERNATIONAL ENTEPRISE PTE LTD,SINGAPORE,CHITTAGONG,BANGLADESH
2019,470329,SINAR MAS,OKI,SULTAN MAHMUD BADARUDDIN (U),SUMATERA SELATAN,340,190291,DRAGON CROWN HOLDINGS,DRAGON CROWN (HK) TRADING LTD,CHINA (HONG KONG),QINGDAO,CHINA (MAINLAND)
2019,470329,ROYAL GOLDEN EAGLE,APRIL,BUATAN,RIAU,139,58937,ROYAL GOLDEN EAGLE,APRIL INTERNATIONAL ENTEPRISE PTE LTD,SINGAPORE,JEBEL ALI,UNITED ARAB EMIRATES
2019,470329,SINAR MAS,OKI,SULTAN MAHMUD BADARUDDIN (U),SUMATERA SELATAN,1100,674300,UNKNOWN AFFILIATION,SUZHOU GUANBAO TRADING LTD,CHINA (MAINLAND),ZHENJIANG,CHINA (MAINLAND)
2019,470329,ROYAL GOLDEN EAGLE,APRIL,BUATAN,RIAU,502,213459,ROYAL GOLDEN EAGLE,APRIL INTERNATIONAL ENTEPRISE PTE LTD,SINGAPORE,CHITTAGONG,BANGLADESH
2019,470329,SINAR MAS,OKI,SULTAN MAHMUD BADARUDDIN (U),SUMATERA SELATAN,3000,1839000,CHINA UNION,CHINA UNION (MACAO COMMERCIAL OFFSHORE) CO LTD,MACAO,ZHENJIANG,CHINA (MAINLAND)
2019,470329,SINAR MAS,OKI,SULTAN MAHMUD BADARUDDIN (U),SUMATERA SELATAN,1350,827550,CHINA UNION,CHINA UNION (MACAO COMMERCIAL OFFSHORE) CO LTD,MACAO,ZHENJIANG,CHINA (MAINLAND)
2019,470329,ROYAL GOLDEN EAGLE,APRIL,BUATAN,RIAU,72,30731,ROYAL GOLDEN EAGLE,APRIL INTERNATIONAL ENTEPRISE PTE LTD,SINGAPORE,TAOYUAN,TAIWAN
2019,470329,ROYAL GOLDEN EAGLE,TOBA PULP LESTARI,BELAWAN,SUMATERA UTARA,298,146089,ROYAL GOLDEN EAGLE,DP MARKETING INTERNATIONAL,MACAO,PIPAVAV (VICTOR) PORT,INDIA
2019,470329,ROYAL GOLDEN EAGLE,APRIL,BUATAN,RIAU,462,196420,ROYAL GOLDEN EAGLE,APRIL INTERNATIONAL ENTEPRISE PTE LTD,SINGAPORE,PUNE,INDIA
2019,470329,MARUBENI,TANJUNG ENIM LESTARI,PANJANG,SUMATERA SELATAN,320,189507,UNKNOWN AFFILIATION,NIBONG TEBAL PAPER MILL SDN BHD,MALAYSIA,PENANG (GEORGETOWN),MALAYSIA
2019,470329,SINAR MAS,INDAH KIAT,PERAWANG,RIAU,260,156931,SINAR MAS,GOLDEN PROFIT TRADING PTE LTD,SINGAPORE,EL ISKANDARIYA (= ALEXAND,EGYPT
2019,470329,ROYAL GOLDEN EAGLE,APRIL,BUATAN,RIAU,502,213343,ROYAL GOLDEN EAGLE,APRIL INTERNATIONAL ENTEPRISE PTE LTD,SINGAPORE,CHITTAGONG,BANGLADESH
2019,470329,SINAR MAS,INDAH KIAT,PERAWANG,RIAU,3000,1800000,SINAR MAS,GOLDEN PROFIT TRADING PTE LTD,SINGAPORE,HALDIA,INDIA
2019,470329,SINAR MAS,INDAH KIAT,PERAWANG,RIAU,240,135453,SINAR MAS,GOLDEN PROFIT TRADING PTE LTD,SINGAPORE,EL ISKANDARIYA (= ALEXAND,EGYPT
2019,470329,SINAR MAS,INDAH KIAT,PERAWANG,RIAU,500,275000,SINAR MAS,GOLDEN PROFIT TRADING PTE LTD,SINGAPORE,CHITTAGONG,BANGLADESH
2019,470329,SINAR MAS,INDAH KIAT,PERAWANG,RIAU,5000,2798400,DRAGON CROWN HOLDINGS,DRAGON CROWN (HK) TRADING LTD,CHINA (HONG KONG),QINGDAO,CHINA (MAINLAND)
2019,470329,MARUBENI,TANJUNG ENIM LESTARI,PANJANG,SUMATERA SELATAN,108,69932,UNKNOWN AFFILIATION,RONIT ENTERPRISE,INDIA,MUNDRA,INDIA
2019,470329,MARUBENI,TANJUNG ENIM LESTARI,PANJANG,SUMATERA SELATAN,510,277103,UNKNOWN AFFILIATION,PUDUMJEE PAPER PRODUCTS LTD,INDIA,JAWAHARLAL NEHRU (NHAVA S,INDIA
2019,470329,SINAR MAS,INDAH KIAT,PERAWANG,RIAU,5500,3025000,SINAR MAS,GOLDEN PROFIT TRADING PTE LTD,SINGAPORE,CHITTAGONG,BANGLADESH
2019,470329,SINAR MAS,LONTAR PAPYRUS,KUALA TUNGKAL,JAMBI,1004,567060,SINAR MAS,GOLDEN PROFIT TRADING PTE LTD,SINGAPORE,ANKLESHWAR,INDIA
2019,470329,MARUBENI,TANJUNG ENIM LESTARI,PANJANG,SUMATERA SELATAN,104,65219,ANKIT,ANKIT PULPS AND BOARDS PVT LTD,INDIA,NAGPUR,INDIA
2019,470329,SINAR MAS,OKI,SULTAN MAHMUD BADARUDDIN (U),SUMATERA SELATAN,3000,1834500,UNKNOWN AFFILIATION,NINGBO GUANPAO TRADING (HONGKONG) CO LTD,CHINA (HONG KONG),ZHENJIANG,CHINA (MAINLAND)
2019,470329,SINAR MAS,OKI,SULTAN MAHMUD BADARUDDIN (U),SUMATERA SELATAN,638,357714,DRAGON CROWN HOLDINGS,DRAGON CROWN (HK) TRADING LTD,CHINA (HONG KONG),QINGDAO,CHINA (MAINLAND)
2019,470329,SINAR MAS,OKI,SULTAN MAHMUD BADARUDDIN (U),SUMATERA SELATAN,4000,2242720,DRAGON CROWN HOLDINGS,DRAGON CROWN (HK) TRADING LTD,CHINA (HONG KONG),QINGDAO,CHINA (MAINLAND)
2019,470329,SINAR MAS,OKI,SULTAN MAHMUD BADARUDDIN (U),SUMATERA SELATAN,1000,611000,SINAR MAS,GOLDEN PROFIT TRADING PTE LTD,SINGAPORE,GUNSAN (ES KUNSAN),SOUTH KOREA
2019,470329,ROYAL GOLDEN EAGLE,APRIL,FUTONG,RIAU,1408,506702,ROYAL GOLDEN EAGLE,APRIL FAR EAST MALAYSIA SDN BHD,MALAYSIA,PYONGTAEK,SOUTH KOREA
2019,470329,SINAR MAS,OKI,SULTAN MAHMUD BADARUDDIN (U),SUMATERA SELATAN,1800,1100700,CHINA UNION,CHINA UNION (MACAO COMMERCIAL OFFSHORE) CO LTD,MACAO,ZHENJIANG,CHINA (MAINLAND)
2019,470329,ROYAL GOLDEN EAGLE,APRIL,BUATAN,RIAU,502,180887,ROYAL GOLDEN EAGLE,APRIL INTERNATIONAL ENTEPRISE PTE LTD,SINGAPORE,CHITTAGONG,BANGLADESH
2019,470329,ROYAL GOLDEN EAGLE,APRIL,FUTONG,RIAU,12957,4664641,ROYAL GOLDEN EAGLE,APRIL FAR EAST MALAYSIA SDN BHD,MALAYSIA,GUNSAN (ES KUNSAN),SOUTH KOREA
2019,470329,SINAR MAS,OKI,SULTAN MAHMUD BADARUDDIN (U),SUMATERA SELATAN,4660,2612768,DRAGON CROWN HOLDINGS,DRAGON CROWN (HK) TRADING LTD,CHINA (HONG KONG),QINGDAO,CHINA (MAINLAND)
2019,470329,SINAR MAS,OKI,SULTAN MAHMUD BADARUDDIN (U),SUMATERA SELATAN,1500,916500,CHINA UNION,CHINA UNION (MACAO COMMERCIAL OFFSHORE) CO LTD,MACAO,NINGBO,CHINA (MAINLAND)
2019,470329,SINAR MAS,OKI,SULTAN MAHMUD BADARUDDIN (U),SUMATERA SELATAN,3000,1834500,UNKNOWN AFFILIATION,NINGBO GUANPAO TRADING (HONGKONG) CO LTD,CHINA (HONG KONG),ZHENJIANG,CHINA (MAINLAND)
2019,470329,SINAR MAS,OKI,SULTAN MAHMUD BADARUDDIN (U),SUMATERA SELATAN,6000,3666000,SINAR MAS,GOLDEN PROFIT TRADING PTE LTD,SINGAPORE,GUNSAN (ES KUNSAN),SOUTH KOREA
2019,470329,SINAR MAS,OKI,SULTAN MAHMUD BADARUDDIN (U),SUMATERA SELATAN,1000,560680,DRAGON CROWN HOLDINGS,DRAGON CROWN (HK) TRADING LTD,CHINA (HONG KONG),QINGDAO,CHINA (MAINLAND)
2019,470329,ROYAL GOLDEN EAGLE,APRIL,FUTONG,RIAU,904,325421,ROYAL GOLDEN EAGLE,APRIL FAR EAST MALAYSIA SDN BHD,MALAYSIA,PYONGTAEK,SOUTH KOREA
2019,470329,ROYAL GOLDEN EAGLE,APRIL,BUATAN,RIAU,502,213320,ROYAL GOLDEN EAGLE,APRIL INTERNATIONAL ENTEPRISE PTE LTD,SINGAPORE,CHITTAGONG,BANGLADESH
2019,470329,SINAR MAS,OKI,SULTAN MAHMUD BADARUDDIN (U),SUMATERA SELATAN,100,61100,SINAR MAS,GOLDEN PROFIT TRADING PTE LTD,SINGAPORE,GUNSAN (ES KUNSAN),SOUTH KOREA
2019,470329,SINAR MAS,OKI,SULTAN MAHMUD BADARUDDIN (U),SUMATERA SELATAN,1700,1038700,UNKNOWN AFFILIATION,NINGBO GUANPAO TRADING (HONGKONG) CO LTD,CHINA (HONG KONG),NINGBO,CHINA (MAINLAND)
2019,470329,ROYAL GOLDEN EAGLE,APRIL,BUATAN,RIAU,201,72476,ROYAL GOLDEN EAGLE,APRIL INTERNATIONAL ENTEPRISE PTE LTD,SINGAPORE,CHITTAGONG,BANGLADESH
2019,470329,SINAR MAS,OKI,SULTAN MAHMUD BADARUDDIN (U),SUMATERA SELATAN,202,113257,DRAGON CROWN HOLDINGS,DRAGON CROWN (HK) TRADING LTD,CHINA (HONG KONG),QINGDAO,CHINA (MAINLAND)
2019,470329,MARUBENI,TANJUNG ENIM LESTARI,TARAHAN,SUMATERA SELATAN,1075,532915,JIANGHE PAPER,HENAN JIANGHE PAPER CO LTD,CHINA (MAINLAND),QINGDAO,CHINA (MAINLAND)
2019,470329,SINAR MAS,OKI,SULTAN MAHMUD BADARUDDIN (U),SUMATERA SELATAN,3800,2135600,UNKNOWN AFFILIATION,SUZHOU HUANG YI TRADE CO LTD,CHINA (MAINLAND),CHANGSHU,CHINA (MAINLAND)
2019,470329,MARUBENI,TANJUNG ENIM LESTARI,TARAHAN,SUMATERA SELATAN,2149,1065417,UNKNOWN AFFILIATION,KING ADVANCEMENT DEVELOPMENT (HONG KONG) LTD,CHINA (HONG KONG),QINGDAO,CHINA (MAINLAND)
2019,470329,ROYAL GOLDEN EAGLE,APRIL,BUATAN,RIAU,1005,427136,ROYAL GOLDEN EAGLE,APRIL INTERNATIONAL ENTEPRISE PTE LTD,SINGAPORE,NINGBO,CHINA (MAINLAND)
2019,470329,SINAR MAS,OKI,SULTAN MAHMUD BADARUDDIN (U),SUMATERA SELATAN,3000,1839000,UNKNOWN AFFILIATION,FREELAND UNIVERSAL LTD,CHINA (HONG KONG),CHANGSHU,CHINA (MAINLAND)
2019,470329,SINAR MAS,OKI,SULTAN MAHMUD BADARUDDIN (U),SUMATERA SELATAN,2000,1124000,SINAR MAS,GOLDEN PROFIT TRADING PTE LTD,SINGAPORE,CHANGSHU,CHINA (MAINLAND)
2019,470329,MARUBENI,TANJUNG ENIM LESTARI,TARAHAN,SUMATERA SELATAN,3050,1456819,UPM-KYMMENE,UPM (CHINA) CO LTD,CHINA (MAINLAND),CHANGSHU,CHINA (MAINLAND)
2019,470329,SINAR MAS,OKI,SULTAN MAHMUD BADARUDDIN (U),SUMATERA SELATAN,1600,899200,UNKNOWN AFFILIATION,FREELAND UNIVERSAL LTD,CHINA (HONG KONG),CHANGSHU,CHINA (MAINLAND)
2019,470329,MARUBENI,TANJUNG ENIM LESTARI,TARAHAN,SUMATERA SELATAN,2149,1065431,UNKNOWN AFFILIATION,KING ADVANCEMENT DEVELOPMENT (HONG KONG) LTD,CHINA (HONG KONG),QINGDAO,CHINA (MAINLAND)
2019,470329,ROYAL GOLDEN EAGLE,APRIL,BUATAN,RIAU,479,172603,ROYAL GOLDEN EAGLE,APRIL INTERNATIONAL ENTEPRISE PTE LTD,SINGAPORE,CHONGQING,CHINA (MAINLAND)
2019,470329,MARUBENI,TANJUNG ENIM LESTARI,TARAHAN,SUMATERA SELATAN,1074,532395,UNKNOWN AFFILIATION,KING ADVANCEMENT DEVELOPMENT (HONG KONG) LTD,CHINA (HONG KONG),QINGDAO,CHINA (MAINLAND)
2019,470329,SINAR MAS,OKI,SULTAN MAHMUD BADARUDDIN (U),SUMATERA SELATAN,3650,2237450,UNKNOWN AFFILIATION,FREELAND UNIVERSAL LTD,CHINA (HONG KONG),CHANGSHU,CHINA (MAINLAND)
2019,470329,ROYAL GOLDEN EAGLE,APRIL,FUTONG,RIAU,302,108556,ROYAL GOLDEN EAGLE,APRIL FAR EAST MALAYSIA SDN BHD,MALAYSIA,PYONGTAEK,SOUTH KOREA
2019,470329,SINAR MAS,OKI,SULTAN MAHMUD BADARUDDIN (U),SUMATERA SELATAN,950,533900,UNKNOWN AFFILIATION,SUZHOU HUANG YI TRADE CO LTD,CHINA (MAINLAND),CHANGSHU,CHINA (MAINLAND)
2019,470329,ROYAL GOLDEN EAGLE,APRIL,FUTONG,RIAU,1999,719802,ROYAL GOLDEN EAGLE,APRIL INTERNATIONAL ENTEPRISE PTE LTD,SINGAPORE,XIAMEN,CHINA (MAINLAND)
2019,470329,SINAR MAS,INDAH KIAT,PERAWANG,RIAU,500,301681,SINAR MAS,SORBENT PAPER CO PTY LTD,AUSTRALIA,MELBOURNE,AUSTRALIA
2019,470329,ROYAL GOLDEN EAGLE,APRIL,FUTONG,RIAU,3014,1084914,ROYAL GOLDEN EAGLE,APRIL INTERNATIONAL ENTEPRISE PTE LTD,SINGAPORE,ZHANJIANG,CHINA (MAINLAND)
2019,470329,ROYAL GOLDEN EAGLE,APRIL,FUTONG,RIAU,8004,2881491,ROYAL GOLDEN EAGLE,APRIL INTERNATIONAL ENTEPRISE PTE LTD,SINGAPORE,CHANGSHU,CHINA (MAINLAND)
2019,470329,ROYAL GOLDEN EAGLE,APRIL,BUATAN,RIAU,201,72275,ROYAL GOLDEN EAGLE,APRIL INTERNATIONAL ENTEPRISE PTE LTD,SINGAPORE,CHITTAGONG,BANGLADESH
2019,470329,SINAR MAS,INDAH KIAT,PERAWANG,RIAU,500,278693,SINAR MAS,GOLDEN PROFIT TRADING PTE LTD,SINGAPORE,CHITTAGONG,BANGLADESH
2019,470329,SINAR MAS,INDAH KIAT,PERAWANG,RIAU,500,318484,SINAR MAS,GOLDEN PROFIT TRADING PTE LTD,SINGAPORE,TUTICORIN,INDIA
2019,470329,ROYAL GOLDEN EAGLE,APRIL,FUTONG,RIAU,6029,2170415,ROYAL GOLDEN EAGLE,APRIL INTERNATIONAL ENTEPRISE PTE LTD,SINGAPORE,KAKINADA,INDIA
2019,470329,MARUBENI,TANJUNG ENIM LESTARI,PANJANG,SUMATERA SELATAN,1015,504271,VINDA,VINDA PAPER (SI CHUAN) CO LTD,CHINA (MAINLAND),CHONGQING,CHINA (MAINLAND)
2019,470329,MARUBENI,TANJUNG ENIM LESTARI,PANJANG,SUMATERA SELATAN,567,314958,MARUBENI,MARUBENI CORP,JAPAN,SHIMIZU,JAPAN
2019,470329,SINAR MAS,OKI,SULTAN MAHMUD BADARUDDIN (U),SUMATERA SELATAN,3400,2079100,SINAR MAS,GOLDEN PROFIT TRADING PTE LTD,SINGAPORE,ZHENJIANG,CHINA (MAINLAND)
2019,470329,ROYAL GOLDEN EAGLE,APRIL,BUATAN,RIAU,40,17003,ROYAL GOLDEN EAGLE,APRIL INTERNATIONAL ENTEPRISE PTE LTD,SINGAPORE,PUNE,INDIA
2019,470329,SINAR MAS,OKI,SULTAN MAHMUD BADARUDDIN (U),SUMATERA SELATAN,2000,1120360,DRAGON CROWN HOLDINGS,DRAGON CROWN (HK) TRADING LTD,CHINA (HONG KONG),NINGBO,CHINA (MAINLAND)
2019,470329,SINAR MAS,OKI,SULTAN MAHMUD BADARUDDIN (U),SUMATERA SELATAN,1200,672600,UNKNOWN AFFILIATION,BRIGHTENING SKY CO LTD,CHINA (HONG KONG),NINGBO,CHINA (MAINLAND)
2019,470329,SINAR MAS,OKI,SULTAN MAHMUD BADARUDDIN (U),SUMATERA SELATAN,1400,784252,DRAGON CROWN HOLDINGS,DRAGON CROWN (HK) TRADING LTD,CHINA (HONG KONG),NINGBO,CHINA (MAINLAND)
2019,470329,SINAR MAS,OKI,SULTAN MAHMUD BADARUDDIN (U),SUMATERA SELATAN,2000,1121000,UNKNOWN AFFILIATION,BRIGHTENING SKY CO LTD,CHINA (HONG KONG),NINGBO,CHINA (MAINLAND)
2019,470329,SINAR MAS,INDAH KIAT,PERAWANG,RIAU,480,292022,SINAR MAS,GOLDEN PROFIT TRADING PTE LTD,SINGAPORE,JEBEL ALI,UNITED ARAB EMIRATES
2019,470329,ROYAL GOLDEN EAGLE,APRIL,FUTONG,RIAU,1156,416032,ROYAL GOLDEN EAGLE,APRIL INTERNATIONAL ENTEPRISE PTE LTD,SINGAPORE,TAGONOURA,JAPAN
2019,470329,ROYAL GOLDEN EAGLE,APRIL,FUTONG,RIAU,2060,741533,ROYAL GOLDEN EAGLE,APRIL INTERNATIONAL ENTEPRISE PTE LTD,SINGAPORE,IYOMISHIMA,JAPAN
2019,470329,ROYAL GOLDEN EAGLE,APRIL,BUATAN,RIAU,100,36163,ROYAL GOLDEN EAGLE,APRIL INTERNATIONAL ENTEPRISE PTE LTD,SINGAPORE,TUGLAKABAD,INDIA
2019,470329,SINAR MAS,LONTAR PAPYRUS,KUALA TUNGKAL,JAMBI,261,146210,SINAR MAS,GOLDEN PROFIT TRADING PTE LTD,SINGAPORE,GARHI HARSARU,INDIA
2019,470329,MARUBENI,TANJUNG ENIM LESTARI,PANJANG,SUMATERA SELATAN,1019,459178,IMEXCO BACGIANG,BAC GIANG IMPORT EXPORT JOINT STOCK CO,VIETNAM,HAIPHONG,VIETNAM
2019,470329,SINAR MAS,OKI,SULTAN MAHMUD BADARUDDIN (U),SUMATERA SELATAN,2000,1223000,UNKNOWN AFFILIATION,SUZHOU GUANBAO TRADING LTD,CHINA (MAINLAND),YANGPU,CHINA (MAINLAND)
2019,470329,MARUBENI,TANJUNG ENIM LESTARI,PANJANG,SUMATERA SELATAN,214,100857,UNKNOWN AFFILIATION,YUEN FOONG YU CONSUMER PRODUCTS CO LTD,TAIWAN,TAICHUNG,TAIWAN
2019,470329,SINAR MAS,LONTAR PAPYRUS,KUALA TUNGKAL,JAMBI,502,307623,UNKNOWN AFFILIATION,FREELAND UNIVERSAL LTD,CHINA (HONG KONG),DALIAN,CHINA (MAINLAND)
2019,470329,SINAR MAS,OKI,SULTAN MAHMUD BADARUDDIN (U),SUMATERA SELATAN,2792,1564022,DRAGON CROWN HOLDINGS,DRAGON CROWN (HK) TRADING LTD,CHINA (HONG KONG),GAOLAN,CHINA (MAINLAND)
2019,470329,MARUBENI,TANJUNG ENIM LESTARI,PANJANG,SUMATERA SELATAN,339,149730,IMEXCO BACGIANG,BAC GIANG IMPORT EXPORT JOINT STOCK CO,VIETNAM,HAIPHONG,VIETNAM
2019,470329,SINAR MAS,OKI,SULTAN MAHMUD BADARUDDIN (U),SUMATERA SELATAN,1500,917250,UNKNOWN AFFILIATION,SUZHOU GUANBAO TRADING LTD,CHINA (MAINLAND),YANGPU,CHINA (MAINLAND)
2019,470329,SINAR MAS,OKI,SULTAN MAHMUD BADARUDDIN (U),SUMATERA SELATAN,3000,1680540,DRAGON CROWN HOLDINGS,DRAGON CROWN (HK) TRADING LTD,CHINA (HONG KONG),GAOLAN,CHINA (MAINLAND)
2019,470329,SINAR MAS,INDAH KIAT,PERAWANG,RIAU,60,33742,SINAR MAS,GOLDEN PROFIT TRADING PTE LTD,SINGAPORE,DA NANG,VIETNAM
2019,470329,SINAR MAS,INDAH KIAT,PERAWANG,RIAU,480,292022,SINAR MAS,GOLDEN PROFIT TRADING PTE LTD,SINGAPORE,JEBEL ALI,UNITED ARAB EMIRATES
2019,470329,SINAR MAS,LONTAR PAPYRUS,KUALA TUNGKAL,JAMBI,401,224699,SINAR MAS,GOLDEN PROFIT TRADING PTE LTD,SINGAPORE,MANILA SOUTH HARBOUR,PHILIPPINES
2019,470329,ROYAL GOLDEN EAGLE,APRIL,FUTONG,RIAU,5185,1866594,ROYAL GOLDEN EAGLE,APRIL INTERNATIONAL ENTEPRISE PTE LTD,SINGAPORE,NINGBO,CHINA (MAINLAND)
2019,470329,ROYAL GOLDEN EAGLE,APRIL,BUATAN,RIAU,40,14474,ROYAL GOLDEN EAGLE,APRIL INTERNATIONAL ENTEPRISE PTE LTD,SINGAPORE,PIPAVAV (VICTOR) PORT,INDIA
2019,470329,SINAR MAS,OKI,SULTAN MAHMUD BADARUDDIN (U),SUMATERA SELATAN,2500,1528750,UNKNOWN AFFILIATION,SUZHOU GUANBAO TRADING LTD,CHINA (MAINLAND),YANGPU,CHINA (MAINLAND)
2019,470329,SINAR MAS,OKI,SULTAN MAHMUD BADARUDDIN (U),SUMATERA SELATAN,208,116517,DRAGON CROWN HOLDINGS,DRAGON CROWN (HK) TRADING LTD,CHINA (HONG KONG),GAOLAN,CHINA (MAINLAND)
2019,470329,ROYAL GOLDEN EAGLE,APRIL,BUATAN,RIAU,1005,361709,ROYAL GOLDEN EAGLE,APRIL INTERNATIONAL ENTEPRISE PTE LTD,SINGAPORE,QINGDAO,CHINA (MAINLAND)
2019,470329,MARUBENI,TANJUNG ENIM LESTARI,PANJANG,SUMATERA SELATAN,520,272736,BPM,BANGLANE PAPER MILL CO LTD,THAILAND,LAT KRABANG,THAILAND
2019,470329,SINAR MAS,OKI,SULTAN MAHMUD BADARUDDIN (U),SUMATERA SELATAN,1000,559180,DRAGON CROWN HOLDINGS,DRAGON CROWN (HK) TRADING LTD,CHINA (HONG KONG),TIANJIN,CHINA (MAINLAND)
2019,470329,SINAR MAS,OKI,SULTAN MAHMUD BADARUDDIN (U),SUMATERA SELATAN,2540,1420317,DRAGON CROWN HOLDINGS,DRAGON CROWN (HK) TRADING LTD,CHINA (HONG KONG),QINGDAO,CHINA (MAINLAND)
2019,470329,SINAR MAS,OKI,SULTAN MAHMUD BADARUDDIN (U),SUMATERA SELATAN,5608,3135881,DRAGON CROWN HOLDINGS,DRAGON CROWN (HK) TRADING LTD,CHINA (HONG KONG),QINGDAO,CHINA (MAINLAND)
2019,470329,ROYAL GOLDEN EAGLE,APRIL,BUATAN,RIAU,502,180729,ROYAL GOLDEN EAGLE,APRIL INTERNATIONAL ENTEPRISE PTE LTD,SINGAPORE,CHITTAGONG,BANGLADESH
2019,470329,SINAR MAS,OKI,SULTAN MAHMUD BADARUDDIN (U),SUMATERA SELATAN,1000,559180,DRAGON CROWN HOLDINGS,DRAGON CROWN (HK) TRADING LTD,CHINA (HONG KONG),TIANJIN,CHINA (MAINLAND)
2019,470329,SINAR MAS,OKI,SULTAN MAHMUD BADARUDDIN (U),SUMATERA SELATAN,2000,1118360,DRAGON CROWN HOLDINGS,DRAGON CROWN (HK) TRADING LTD,CHINA (HONG KONG),QINGDAO,CHINA (MAINLAND)
2019,470329,ROYAL GOLDEN EAGLE,APRIL,BUATAN,RIAU,502,233622,ROYAL GOLDEN EAGLE,APRIL INTERNATIONAL ENTEPRISE PTE LTD,SINGAPORE,ABU DHABI,UNITED ARAB EMIRATES
2019,470329,MARUBENI,TANJUNG ENIM LESTARI,PANJANG,SUMATERA SELATAN,312,163560,UNKNOWN AFFILIATION,THAI CARD BOARD CO LTD,THAILAND,LAT KRABANG,THAILAND
2019,470329,SINAR MAS,OKI,SULTAN MAHMUD BADARUDDIN (U),SUMATERA SELATAN,1552,867847,DRAGON CROWN HOLDINGS,DRAGON CROWN (HK) TRADING LTD,CHINA (HONG KONG),QINGDAO,CHINA (MAINLAND)
2019,470329,ROYAL GOLDEN EAGLE,APRIL,BUATAN,RIAU,121,43409,ROYAL GOLDEN EAGLE,APRIL INTERNATIONAL ENTEPRISE PTE LTD,SINGAPORE,JAWAHARLAL NEHRU (NHAVA S,INDIA
2019,470329,ROYAL GOLDEN EAGLE,APRIL,BUATAN,RIAU,603,217213,ROYAL GOLDEN EAGLE,APRIL INTERNATIONAL ENTEPRISE PTE LTD,SINGAPORE,CHITTAGONG,BANGLADESH
2019,470329,ROYAL GOLDEN EAGLE,APRIL,BUATAN,RIAU,80,36564,ROYAL GOLDEN EAGLE,APRIL INTERNATIONAL ENTEPRISE PTE LTD,SINGAPORE,JAWAHARLAL NEHRU (NHAVA S,INDIA
2019,470329,ROYAL GOLDEN EAGLE,APRIL,BUATAN,RIAU,60,21649,ROYAL GOLDEN EAGLE,APRIL INTERNATIONAL ENTEPRISE PTE LTD,SINGAPORE,PIPAVAV (VICTOR) PORT,INDIA
2019,470329,ROYAL GOLDEN EAGLE,APRIL,BUATAN,RIAU,502,213505,ROYAL GOLDEN EAGLE,APRIL INTERNATIONAL ENTEPRISE PTE LTD,SINGAPORE,PUNE,INDIA
2019,470329,ROYAL GOLDEN EAGLE,TOBA PULP LESTARI,BELAWAN,SUMATERA UTARA,488,210866,ROYAL GOLDEN EAGLE,DP MARKETING INTERNATIONAL,MACAO,CHITTAGONG,BANGLADESH
2019,470329,ROYAL GOLDEN EAGLE,TOBA PULP LESTARI,BELAWAN,SUMATERA UTARA,489,211452,ROYAL GOLDEN EAGLE,DP MARKETING INTERNATIONAL,MACAO,CHITTAGONG,BANGLADESH
2019,470329,ROYAL GOLDEN EAGLE,APRIL,BUATAN,RIAU,302,108679,ROYAL GOLDEN EAGLE,APRIL INTERNATIONAL ENTEPRISE PTE LTD,SINGAPORE,JAWAHARLAL NEHRU (NHAVA S,INDIA
2019,470329,ROYAL GOLDEN EAGLE,APRIL,BUATAN,RIAU,201,72396,ROYAL GOLDEN EAGLE,APRIL INTERNATIONAL ENTEPRISE PTE LTD,SINGAPORE,KATHUWAS ICD/ALWAR,INDIA
2019,470329,SINAR MAS,INDAH KIAT,PERAWANG,RIAU,2500,1375000,SINAR MAS,GOLDEN PROFIT TRADING PTE LTD,SINGAPORE,HALDIA,INDIA
2019,470329,SINAR MAS,INDAH KIAT,PERAWANG,RIAU,2000,1100000,SINAR MAS,GOLDEN PROFIT TRADING PTE LTD,SINGAPORE,HALDIA,INDIA
2019,470329,SINAR MAS,INDAH KIAT,PERAWANG,RIAU,2000,1100000,SINAR MAS,GOLDEN PROFIT TRADING PTE LTD,SINGAPORE,HALDIA,INDIA
2019,470329,ROYAL GOLDEN EAGLE,APRIL,BUATAN,RIAU,503,213698,ROYAL GOLDEN EAGLE,APRIL INTERNATIONAL ENTEPRISE PTE LTD,SINGAPORE,CHITTAGONG,BANGLADESH
2019,470329,ROYAL GOLDEN EAGLE,APRIL,FUTONG,RIAU,10050,3617995,ROYAL GOLDEN EAGLE,APRIL INTERNATIONAL ENTEPRISE PTE LTD,SINGAPORE,CHITTAGONG,BANGLADESH
2019,470329,ROYAL GOLDEN EAGLE,APRIL,BUATAN,RIAU,502,180875,ROYAL GOLDEN EAGLE,APRIL INTERNATIONAL ENTEPRISE PTE LTD,SINGAPORE,HAIPHONG,VIETNAM
2019,470329,SINAR MAS,OKI,SULTAN MAHMUD BADARUDDIN (U),SUMATERA SELATAN,2000,1106868,DRAGON CROWN HOLDINGS,DRAGON CROWN (HK) TRADING LTD,CHINA (HONG KONG),NANSHA,CHINA (MAINLAND)
2019,470329,SINAR MAS,INDAH KIAT,PERAWANG,RIAU,800,460764,CHINA UNION,CHINA UNION (MACAO COMMERCIAL OFFSHORE) CO LTD,MACAO,SHANGHAI,CHINA (MAINLAND)
2019,470329,SINAR MAS,INDAH KIAT,PERAWANG,RIAU,500,281019,SINAR MAS,GOLDEN PROFIT TRADING PTE LTD,SINGAPORE,HAIPHONG,VIETNAM
2019,470329,ROYAL GOLDEN EAGLE,APRIL,FUTONG,RIAU,6903,2485086,ROYAL GOLDEN EAGLE,APRIL INTERNATIONAL ENTEPRISE PTE LTD,SINGAPORE,XINGANG,CHINA (MAINLAND)
2019,470329,SINAR MAS,OKI,SULTAN MAHMUD BADARUDDIN (U),SUMATERA SELATAN,4900,2746450,UNKNOWN AFFILIATION,FREELAND UNIVERSAL LTD,CHINA (HONG KONG),CHANGSHU,CHINA (MAINLAND)
2019,470329,SINAR MAS,OKI,SULTAN MAHMUD BADARUDDIN (U),SUMATERA SELATAN,2800,1569400,UNKNOWN AFFILIATION,SUZHOU HUANG YI TRADE CO LTD,CHINA (MAINLAND),CHANGSHU,CHINA (MAINLAND)
2019,470329,ROYAL GOLDEN EAGLE,APRIL,FUTONG,RIAU,2097,754876,ROYAL GOLDEN EAGLE,APRIL INTERNATIONAL ENTEPRISE PTE LTD,SINGAPORE,ZHANJIANG,CHINA (MAINLAND)
2019,470329,SINAR MAS,OKI,SULTAN MAHMUD BADARUDDIN (U),SUMATERA SELATAN,624,337063,DRAGON CROWN HOLDINGS,DRAGON CROWN (HK) TRADING LTD,CHINA (HONG KONG),CHONGQING,CHINA (MAINLAND)
2019,470329,SINAR MAS,OKI,SULTAN MAHMUD BADARUDDIN (U),SUMATERA SELATAN,688,387862,DRAGON CROWN HOLDINGS,DRAGON CROWN (HK) TRADING LTD,CHINA (HONG KONG),CHONGQING,CHINA (MAINLAND)
2019,470329,ROYAL GOLDEN EAGLE,APRIL,BUATAN,RIAU,483,173746,ROYAL GOLDEN EAGLE,APRIL INTERNATIONAL ENTEPRISE PTE LTD,SINGAPORE,ABU DHABI,UNITED ARAB EMIRATES
2019,470329,ROYAL GOLDEN EAGLE,APRIL,BUATAN,RIAU,40,14482,ROYAL GOLDEN EAGLE,APRIL INTERNATIONAL ENTEPRISE PTE LTD,SINGAPORE,MUNDRA,INDIA
2019,470329,ROYAL GOLDEN EAGLE,APRIL,BUATAN,RIAU,497,178830,ROYAL GOLDEN EAGLE,APRIL INTERNATIONAL ENTEPRISE PTE LTD,SINGAPORE,EL ISKANDARIYA (= ALEXAND,EGYPT
2019,470329,ROYAL GOLDEN EAGLE,APRIL,BUATAN,RIAU,60,21723,ROYAL GOLDEN EAGLE,APRIL INTERNATIONAL ENTEPRISE PTE LTD,SINGAPORE,JAWAHARLAL NEHRU (NHAVA S,INDIA
2019,470329,MARUBENI,TANJUNG ENIM LESTARI,PANJANG,SUMATERA SELATAN,1025,462118,IMEXCO BACGIANG,BAC GIANG IMPORT EXPORT JOINT STOCK CO,VIETNAM,HAIPHONG,VIETNAM
2019,470329,ROYAL GOLDEN EAGLE,APRIL,BUATAN,RIAU,302,108635,ROYAL GOLDEN EAGLE,APRIL INTERNATIONAL ENTEPRISE PTE LTD,SINGAPORE,CHITTAGONG,BANGLADESH
2019,470329,SINAR MAS,INDAH KIAT,PERAWANG,RIAU,500,261703,SINAR MAS,SORBENT PAPER CO PTY LTD,AUSTRALIA,MELBOURNE,AUSTRALIA
2019,470329,MARUBENI,TANJUNG ENIM LESTARI,PANJANG,SUMATERA SELATAN,526,234082,VINDA,VINDA PAPER (ZHEJIANG) CO LTD,CHINA (MAINLAND),NINGBO,CHINA (MAINLAND)
2019,470329,SINAR MAS,OKI,SULTAN MAHMUD BADARUDDIN (U),SUMATERA SELATAN,832,456138,DRAGON CROWN HOLDINGS,DRAGON CROWN (HK) TRADING LTD,CHINA (HONG KONG),XINHUI,CHINA (MAINLAND)
2019,470329,MARUBENI,TANJUNG ENIM LESTARI,PANJANG,SUMATERA SELATAN,492,230466,MARUBENI,MARUBENI CORP,JAPAN,SHIMIZU,JAPAN
2019,470329,SINAR MAS,OKI,SULTAN MAHMUD BADARUDDIN (U),SUMATERA SELATAN,160,87469,DRAGON CROWN HOLDINGS,DRAGON CROWN (HK) TRADING LTD,CHINA (HONG KONG),XINHUI,CHINA (MAINLAND)
2019,470329,MARUBENI,TANJUNG ENIM LESTARI,PANJANG,SUMATERA SELATAN,212,117638,MARUBENI,MARUBENI CORP,JAPAN,SHIMIZU,JAPAN
2019,470329,SINAR MAS,INDAH KIAT,PERAWANG,RIAU,144,81543,SINAR MAS,GOLDEN PROFIT TRADING PTE LTD,SINGAPORE,SOUTHAMPTON,UNITED KINGDOM
2019,470329,SINAR MAS,LONTAR PAPYRUS,KUALA TUNGKAL,JAMBI,502,284987,SINAR MAS,GOLDEN PROFIT TRADING PTE LTD,SINGAPORE,SONEPAT,INDIA
2019,470329,SINAR MAS,INDAH KIAT,PERAWANG,RIAU,500,261703,SINAR MAS,SORBENT PAPER CO PTY LTD,AUSTRALIA,MELBOURNE,AUSTRALIA
2019,470329,ROYAL GOLDEN EAGLE,APRIL,BUATAN,RIAU,40,14517,ROYAL GOLDEN EAGLE,APRIL INTERNATIONAL ENTEPRISE PTE LTD,SINGAPORE,JAWAHARLAL NEHRU (NHAVA S,INDIA
2019,470329,SINAR MAS,OKI,SULTAN MAHMUD BADARUDDIN (U),SUMATERA SELATAN,688,387862,DRAGON CROWN HOLDINGS,DRAGON CROWN (HK) TRADING LTD,CHINA (HONG KONG),CHONGQING,CHINA (MAINLAND)
2019,470329,ROYAL GOLDEN EAGLE,APRIL,BUATAN,RIAU,1006,362014,ROYAL GOLDEN EAGLE,APRIL INTERNATIONAL ENTEPRISE PTE LTD,SINGAPORE,MERSIN,TURKEY
2019,470329,SINAR MAS,OKI,SULTAN MAHMUD BADARUDDIN (U),SUMATERA SELATAN,476,266170,DRAGON CROWN HOLDINGS,DRAGON CROWN (HK) TRADING LTD,CHINA (HONG KONG),QINGDAO,CHINA (MAINLAND)
2019,470329,SINAR MAS,OKI,SULTAN MAHMUD BADARUDDIN (U),SUMATERA SELATAN,1500,843000,UNKNOWN AFFILIATION,SUZHOU GUANBAO TRADING LTD,CHINA (MAINLAND),NINGBO,CHINA (MAINLAND)
2019,470329,SINAR MAS,OKI,SULTAN MAHMUD BADARUDDIN (U),SUMATERA SELATAN,500,279590,DRAGON CROWN HOLDINGS,DRAGON CROWN (HK) TRADING LTD,CHINA (HONG KONG),QINGDAO,CHINA (MAINLAND)
2019,470329,SINAR MAS,OKI,SULTAN MAHMUD BADARUDDIN (U),SUMATERA SELATAN,2000,1226000,UNKNOWN AFFILIATION,NINGBO GUANPAO TRADING (HONGKONG) CO LTD,CHINA (HONG KONG),ZHENJIANG,CHINA (MAINLAND)
2019,470329,SINAR MAS,OKI,SULTAN MAHMUD BADARUDDIN (U),SUMATERA SELATAN,1000,559180,DRAGON CROWN HOLDINGS,DRAGON CROWN (HK) TRADING LTD,CHINA (HONG KONG),QINGDAO,CHINA (MAINLAND)
2019,470329,SINAR MAS,OKI,SULTAN MAHMUD BADARUDDIN (U),SUMATERA SELATAN,1000,559180,DRAGON CROWN HOLDINGS,DRAGON CROWN (HK) TRADING LTD,CHINA (HONG KONG),QINGDAO,CHINA (MAINLAND)
2019,470329,SINAR MAS,OKI,SULTAN MAHMUD BADARUDDIN (U),SUMATERA SELATAN,2350,1440550,UNKNOWN AFFILIATION,NINGBO GUANPAO TRADING (HONGKONG) CO LTD,CHINA (HONG KONG),ZHENJIANG,CHINA (MAINLAND)
2019,470329,ROYAL GOLDEN EAGLE,APRIL,BUATAN,RIAU,302,108545,ROYAL GOLDEN EAGLE,APRIL INTERNATIONAL ENTEPRISE PTE LTD,SINGAPORE,BANGKOK,THAILAND
2019,470329,SINAR MAS,OKI,SULTAN MAHMUD BADARUDDIN (U),SUMATERA SELATAN,1000,559180,DRAGON CROWN HOLDINGS,DRAGON CROWN (HK) TRADING LTD,CHINA (HONG KONG),QINGDAO,CHINA (MAINLAND)
2019,470329,SINAR MAS,OKI,SULTAN MAHMUD BADARUDDIN (U),SUMATERA SELATAN,3000,1681500,UNKNOWN AFFILIATION,SUZHOU HUANG YI TRADE CO LTD,CHINA (MAINLAND),CHANGSHU,CHINA (MAINLAND)
2019,470329,SINAR MAS,OKI,SULTAN MAHMUD BADARUDDIN (U),SUMATERA SELATAN,2000,1226000,UNKNOWN AFFILIATION,NINGBO GUANPAO TRADING (HONGKONG) CO LTD,CHINA (HONG KONG),ZHENJIANG,CHINA (MAINLAND)
2019,470329,SINAR MAS,OKI,SULTAN MAHMUD BADARUDDIN (U),SUMATERA SELATAN,2740,1532153,DRAGON CROWN HOLDINGS,DRAGON CROWN (HK) TRADING LTD,CHINA (HONG KONG),QINGDAO,CHINA (MAINLAND)
2019,470329,SINAR MAS,INDAH KIAT,PERAWANG,RIAU,500,278693,SINAR MAS,GOLDEN PROFIT TRADING PTE LTD,SINGAPORE,CHITTAGONG,BANGLADESH
2019,470329,SINAR MAS,OKI,SULTAN MAHMUD BADARUDDIN (U),SUMATERA SELATAN,1800,1103400,UNKNOWN AFFILIATION,NINGBO GUANPAO TRADING (HONGKONG) CO LTD,CHINA (HONG KONG),NINGBO,CHINA (MAINLAND)
2019,470329,SINAR MAS,OKI,SULTAN MAHMUD BADARUDDIN (U),SUMATERA SELATAN,1000,559198,DRAGON CROWN HOLDINGS,DRAGON CROWN (HK) TRADING LTD,CHINA (HONG KONG),QINGDAO,CHINA (MAINLAND)
2019,470329,MARUBENI,TANJUNG ENIM LESTARI,PANJANG,SUMATERA SELATAN,340,158471,UNKNOWN AFFILIATION,KRISHNA TISSUES PVT LTD,INDIA,CALCUTTA,INDIA
2019,470329,SINAR MAS,OKI,SULTAN MAHMUD BADARUDDIN (U),SUMATERA SELATAN,1000,613000,UNKNOWN AFFILIATION,NINGBO GUANPAO TRADING (HONGKONG) CO LTD,CHINA (HONG KONG),NINGBO,CHINA (MAINLAND)
2019,470329,SINAR MAS,OKI,SULTAN MAHMUD BADARUDDIN (U),SUMATERA SELATAN,2650,1624450,UNKNOWN AFFILIATION,NINGBO GUANPAO TRADING (HONGKONG) CO LTD,CHINA (HONG KONG),ZHENJIANG,CHINA (MAINLAND)
2019,470329,ROYAL GOLDEN EAGLE,APRIL,BUATAN,RIAU,503,180935,ROYAL GOLDEN EAGLE,APRIL INTERNATIONAL ENTEPRISE PTE LTD,SINGAPORE,CHITTAGONG,BANGLADESH
2019,470329,SINAR MAS,OKI,SULTAN MAHMUD BADARUDDIN (U),SUMATERA SELATAN,1700,955400,SINAR MAS,GOLDEN PROFIT TRADING PTE LTD,SINGAPORE,NINGBO,CHINA (MAINLAND)
2019,470329,SINAR MAS,OKI,SULTAN MAHMUD BADARUDDIN (U),SUMATERA SELATAN,1000,559180,DRAGON CROWN HOLDINGS,DRAGON CROWN (HK) TRADING LTD,CHINA (HONG KONG),QINGDAO,CHINA (MAINLAND)
2019,470329,SINAR MAS,OKI,SULTAN MAHMUD BADARUDDIN (U),SUMATERA SELATAN,984,550233,DRAGON CROWN HOLDINGS,DRAGON CROWN (HK) TRADING LTD,CHINA (HONG KONG),QINGDAO,CHINA (MAINLAND)
2019,470329,SINAR MAS,OKI,SULTAN MAHMUD BADARUDDIN (U),SUMATERA SELATAN,1800,1011600,UNKNOWN AFFILIATION,BRIGHTENING SKY CO LTD,CHINA (HONG KONG),NINGBO,CHINA (MAINLAND)
2019,470329,SINAR MAS,OKI,SULTAN MAHMUD BADARUDDIN (U),SUMATERA SELATAN,1000,613000,UNKNOWN AFFILIATION,NINGBO GUANPAO TRADING (HONGKONG) CO LTD,CHINA (HONG KONG),ZHENJIANG,CHINA (MAINLAND)
2019,470329,SINAR MAS,INDAH KIAT,PERAWANG,RIAU,600,382181,SINAR MAS,GOLDEN PROFIT TRADING PTE LTD,SINGAPORE,TUTICORIN,INDIA
2019,470329,SINAR MAS,OKI,SULTAN MAHMUD BADARUDDIN (U),SUMATERA SELATAN,2200,1348600,UNKNOWN AFFILIATION,NINGBO GUANPAO TRADING (HONGKONG) CO LTD,CHINA (HONG KONG),NINGBO,CHINA (MAINLAND)
2019,470329,SINAR MAS,OKI,SULTAN MAHMUD BADARUDDIN (U),SUMATERA SELATAN,1000,559180,DRAGON CROWN HOLDINGS,DRAGON CROWN (HK) TRADING LTD,CHINA (HONG KONG),QINGDAO,CHINA (MAINLAND)
2019,470329,ROYAL GOLDEN EAGLE,APRIL,BUATAN,RIAU,402,144637,ROYAL GOLDEN EAGLE,APRIL INTERNATIONAL ENTEPRISE PTE LTD,SINGAPORE,CHITTAGONG,BANGLADESH
2019,470329,ROYAL GOLDEN EAGLE,APRIL,BUATAN,RIAU,1005,361707,ROYAL GOLDEN EAGLE,APRIL INTERNATIONAL ENTEPRISE PTE LTD,SINGAPORE,ZHAPU,CHINA (MAINLAND)
2019,470329,MARUBENI,TANJUNG ENIM LESTARI,PANJANG,SUMATERA SELATAN,668,306729,ITC,ITC LTD - PAPERBOARDS & SPECIALTY PAPERS DIVSION,INDIA,HALDIA,INDIA
2019,470329,ROYAL GOLDEN EAGLE,TOBA PULP LESTARI,BELAWAN,SUMATERA UTARA,262,113076,ROYAL GOLDEN EAGLE,DP MARKETING INTERNATIONAL,MACAO,PIPAVAV (VICTOR) PORT,INDIA
2019,470329,ROYAL GOLDEN EAGLE,APRIL,BUATAN,RIAU,502,180788,ROYAL GOLDEN EAGLE,APRIL INTERNATIONAL ENTEPRISE PTE LTD,SINGAPORE,YARIMCA,TURKEY
2019,470329,ROYAL GOLDEN EAGLE,TOBA PULP LESTARI,BELAWAN,SUMATERA UTARA,264,114196,ROYAL GOLDEN EAGLE,DP MARKETING INTERNATIONAL,MACAO,PIPAVAV (VICTOR) PORT,INDIA
2019,470329,ROYAL GOLDEN EAGLE,APRIL,BUATAN,RIAU,1005,427083,ROYAL GOLDEN EAGLE,APRIL INTERNATIONAL ENTEPRISE PTE LTD,SINGAPORE,NINGBO,CHINA (MAINLAND)
2019,470329,SINAR MAS,OKI,SULTAN MAHMUD BADARUDDIN (U),SUMATERA SELATAN,1024,558896,DRAGON CROWN HOLDINGS,DRAGON CROWN (HK) TRADING LTD,CHINA (HONG KONG),YUNFU,CHINA (MAINLAND)
2019,470329,ROYAL GOLDEN EAGLE,APRIL,BUATAN,RIAU,100,36134,ROYAL GOLDEN EAGLE,APRIL INTERNATIONAL ENTEPRISE PTE LTD,SINGAPORE,CHITTAGONG,BANGLADESH
2019,470329,ROYAL GOLDEN EAGLE,APRIL,BUATAN,RIAU,241,86732,ROYAL GOLDEN EAGLE,APRIL INTERNATIONAL ENTEPRISE PTE LTD,SINGAPORE,HAIPHONG,VIETNAM
2019,470329,ROYAL GOLDEN EAGLE,APRIL,BUATAN,RIAU,503,213681,ROYAL GOLDEN EAGLE,APRIL INTERNATIONAL ENTEPRISE PTE LTD,SINGAPORE,NINGBO,CHINA (MAINLAND)
2019,470329,SINAR MAS,INDAH KIAT,PERAWANG,RIAU,500,261703,SINAR MAS,SORBENT PAPER CO PTY LTD,AUSTRALIA,MELBOURNE,AUSTRALIA
2019,470329,MARUBENI,TANJUNG ENIM LESTARI,PANJANG,SUMATERA SELATAN,1045,467951,VINDA,VINDA PERSONAL CARE (CHINA) LTD,CHINA (MAINLAND),WUHAN,CHINA (MAINLAND)
2019,470329,ROYAL GOLDEN EAGLE,APRIL,BUATAN,RIAU,20,7223,ROYAL GOLDEN EAGLE,APRIL INTERNATIONAL ENTEPRISE PTE LTD,SINGAPORE,CHITTAGONG,BANGLADESH
2019,470329,SINAR MAS,LONTAR PAPYRUS,KUALA TUNGKAL,JAMBI,503,279870,SINAR MAS,GOLDEN PROFIT TRADING PTE LTD,SINGAPORE,CHITTAGONG,BANGLADESH
2019,470329,SINAR MAS,OKI,SULTAN MAHMUD BADARUDDIN (U),SUMATERA SELATAN,2000,1226000,UNKNOWN AFFILIATION,NINGBO GUANPAO TRADING (HONGKONG) CO LTD,CHINA (HONG KONG),ZHENJIANG,CHINA (MAINLAND)
2019,470329,SINAR MAS,OKI,SULTAN MAHMUD BADARUDDIN (U),SUMATERA SELATAN,1530,859860,CHINA UNION,CHINA UNION (MACAO COMMERCIAL OFFSHORE) CO LTD,MACAO,ZHENJIANG,CHINA (MAINLAND)
2019,470329,SINAR MAS,OKI,SULTAN MAHMUD BADARUDDIN (U),SUMATERA SELATAN,2380,1458940,UNKNOWN AFFILIATION,NINGBO GUANPAO TRADING (HONGKONG) CO LTD,CHINA (HONG KONG),ZHENJIANG,CHINA (MAINLAND)
2019,470329,SINAR MAS,OKI,SULTAN MAHMUD BADARUDDIN (U),SUMATERA SELATAN,1000,558000,SINAR MAS,GOLDEN PROFIT TRADING PTE LTD,SINGAPORE,GUNSAN (ES KUNSAN),SOUTH KOREA
2019,470329,SINAR MAS,OKI,SULTAN MAHMUD BADARUDDIN (U),SUMATERA SELATAN,3470,2127110,SINAR MAS,GOLDEN PROFIT TRADING PTE LTD,SINGAPORE,ZHENJIANG,CHINA (MAINLAND)
2019,470329,ROYAL GOLDEN EAGLE,APRIL,BUATAN,RIAU,503,213678,ROYAL GOLDEN EAGLE,APRIL INTERNATIONAL ENTEPRISE PTE LTD,SINGAPORE,PUNE,INDIA
2019,470329,MARUBENI,TANJUNG ENIM LESTARI,PANJANG,SUMATERA SELATAN,253,128050,RENGO,VINA KRAFT PAPER CO LTD,VIETNAM,CAT LAI,VIETNAM
2019,470329,MARUBENI,TANJUNG ENIM LESTARI,PANJANG,SUMATERA SELATAN,322,165958,UNKNOWN AFFILIATION,NIBONG TEBAL PAPER MILL SDN BHD,MALAYSIA,PENANG (GEORGETOWN),MALAYSIA
2019,470329,ROYAL GOLDEN EAGLE,APRIL,BUATAN,RIAU,1006,427521,ROYAL GOLDEN EAGLE,APRIL INTERNATIONAL ENTEPRISE PTE LTD,SINGAPORE,NINGBO,CHINA (MAINLAND)
2019,470329,ROYAL GOLDEN EAGLE,APRIL,BUATAN,RIAU,342,159170,ROYAL GOLDEN EAGLE,APRIL INTERNATIONAL ENTEPRISE PTE LTD,SINGAPORE,ABU DHABI,UNITED ARAB EMIRATES
2019,470329,SINAR MAS,OKI,SULTAN MAHMUD BADARUDDIN (U),SUMATERA SELATAN,1620,993060,UNKNOWN AFFILIATION,NINGBO GUANPAO TRADING (HONGKONG) CO LTD,CHINA (HONG KONG),ZHENJIANG,CHINA (MAINLAND)
2019,470329,ROYAL GOLDEN EAGLE,APRIL,BUATAN,RIAU,502,180881,ROYAL GOLDEN EAGLE,APRIL INTERNATIONAL ENTEPRISE PTE LTD,SINGAPORE,CHITTAGONG,BANGLADESH
2019,470329,SINAR MAS,OKI,SULTAN MAHMUD BADARUDDIN (U),SUMATERA SELATAN,6000,3336000,SINAR MAS,GOLDEN PROFIT TRADING PTE LTD,SINGAPORE,GUNSAN (ES KUNSAN),SOUTH KOREA
2019,470329,SINAR MAS,INDAH KIAT,PERAWANG,RIAU,500,282974,SINAR MAS,GOLDEN PROFIT TRADING PTE LTD,SINGAPORE,KARACHI,PAKISTAN
2019,470329,SINAR MAS,OKI,SULTAN MAHMUD BADARUDDIN (U),SUMATERA SELATAN,1000,561680,DRAGON CROWN HOLDINGS,DRAGON CROWN (HK) TRADING LTD,CHINA (HONG KONG),CHANGSHU,CHINA (MAINLAND)
2019,470329,SINAR MAS,OKI,SULTAN MAHMUD BADARUDDIN (U),SUMATERA SELATAN,2250,1264500,UNKNOWN AFFILIATION,SUZHOU HUANG YI TRADE CO LTD,CHINA (MAINLAND),CHANGSHU,CHINA (MAINLAND)
2019,470329,SINAR MAS,OKI,SULTAN MAHMUD BADARUDDIN (U),SUMATERA SELATAN,1000,561680,DRAGON CROWN HOLDINGS,DRAGON CROWN (HK) TRADING LTD,CHINA (HONG KONG),CHANGSHU,CHINA (MAINLAND)
2019,470329,SINAR MAS,OKI,SULTAN MAHMUD BADARUDDIN (U),SUMATERA SELATAN,1000,562000,UNKNOWN AFFILIATION,FREELAND UNIVERSAL LTD,CHINA (HONG KONG),CHANGSHU,CHINA (MAINLAND)
2019,470329,SINAR MAS,OKI,SULTAN MAHMUD BADARUDDIN (U),SUMATERA SELATAN,1000,561680,DRAGON CROWN HOLDINGS,DRAGON CROWN (HK) TRADING LTD,CHINA (HONG KONG),CHANGSHU,CHINA (MAINLAND)
2019,470329,SINAR MAS,OKI,SULTAN MAHMUD BADARUDDIN (U),SUMATERA SELATAN,2420,1479830,SINAR MAS,GOLDEN PROFIT TRADING PTE LTD,SINGAPORE,ZHENJIANG,CHINA (MAINLAND)
2019,470329,SINAR MAS,OKI,SULTAN MAHMUD BADARUDDIN (U),SUMATERA SELATAN,600,337200,UNKNOWN AFFILIATION,FREELAND UNIVERSAL LTD,CHINA (HONG KONG),CHANGSHU,CHINA (MAINLAND)
2019,470329,SINAR MAS,OKI,SULTAN MAHMUD BADARUDDIN (U),SUMATERA SELATAN,3880,2372620,SINAR MAS,GOLDEN PROFIT TRADING PTE LTD,SINGAPORE,ZHENJIANG,CHINA (MAINLAND)
2019,470329,ROYAL GOLDEN EAGLE,APRIL,BUATAN,RIAU,161,57950,ROYAL GOLDEN EAGLE,APRIL INTERNATIONAL ENTEPRISE PTE LTD,SINGAPORE,TUTICORIN,INDIA
2019,470329,SINAR MAS,OKI,SULTAN MAHMUD BADARUDDIN (U),SUMATERA SELATAN,3000,1680540,DRAGON CROWN HOLDINGS,DRAGON CROWN (HK) TRADING LTD,CHINA (HONG KONG),HUANGPU,CHINA (MAINLAND)
2019,470329,SINAR MAS,OKI,SULTAN MAHMUD BADARUDDIN (U),SUMATERA SELATAN,1000,560180,DRAGON CROWN HOLDINGS,DRAGON CROWN (HK) TRADING LTD,CHINA (HONG KONG),HUANGPU,CHINA (MAINLAND)
2019,470329,SINAR MAS,OKI,SULTAN MAHMUD BADARUDDIN (U),SUMATERA SELATAN,2150,1208300,UNKNOWN AFFILIATION,BRIGHTENING SKY CO LTD,CHINA (HONG KONG),CHANGSHU,CHINA (MAINLAND)
2019,470329,SINAR MAS,OKI,SULTAN MAHMUD BADARUDDIN (U),SUMATERA SELATAN,1500,840270,DRAGON CROWN HOLDINGS,DRAGON CROWN (HK) TRADING LTD,CHINA (HONG KONG),HUANGPU,CHINA (MAINLAND)
2019,470329,SINAR MAS,INDAH KIAT,PERAWANG,RIAU,120,67485,SINAR MAS,GOLDEN PROFIT TRADING PTE LTD,SINGAPORE,DA NANG,VIETNAM
2019,470329,SINAR MAS,INDAH KIAT,PERAWANG,RIAU,180,103741,SINAR MAS,GOLDEN PROFIT TRADING PTE LTD,SINGAPORE,APAPA,NIGERIA
2019,470329,SINAR MAS,OKI,SULTAN MAHMUD BADARUDDIN (U),SUMATERA SELATAN,500,280840,DRAGON CROWN HOLDINGS,DRAGON CROWN (HK) TRADING LTD,CHINA (HONG KONG),CHANGSHU,CHINA (MAINLAND)
2019,470329,SINAR MAS,OKI,SULTAN MAHMUD BADARUDDIN (U),SUMATERA SELATAN,500,280840,DRAGON CROWN HOLDINGS,DRAGON CROWN (HK) TRADING LTD,CHINA (HONG KONG),CHANGSHU,CHINA (MAINLAND)
2019,470329,SINAR MAS,INDAH KIAT,PERAWANG,RIAU,480,269277,SINAR MAS,GOLDEN PROFIT TRADING PTE LTD,SINGAPORE,JEBEL ALI,UNITED ARAB EMIRATES
2019,470329,ROYAL GOLDEN EAGLE,APRIL,BUATAN,RIAU,503,181023,ROYAL GOLDEN EAGLE,APRIL INTERNATIONAL ENTEPRISE PTE LTD,SINGAPORE,IZMIT,TURKEY
2019,470329,ROYAL GOLDEN EAGLE,APRIL,BUATAN,RIAU,301,108333,ROYAL GOLDEN EAGLE,APRIL INTERNATIONAL ENTEPRISE PTE LTD,SINGAPORE,CAT LAI,VIETNAM
2019,470329,ROYAL GOLDEN EAGLE,APRIL,BUATAN,RIAU,100,36152,ROYAL GOLDEN EAGLE,APRIL INTERNATIONAL ENTEPRISE PTE LTD,SINGAPORE,TUGLAKABAD,INDIA
2019,470329,ROYAL GOLDEN EAGLE,APRIL,BUATAN,RIAU,100,36140,ROYAL GOLDEN EAGLE,APRIL INTERNATIONAL ENTEPRISE PTE LTD,SINGAPORE,PIPAVAV (VICTOR) PORT,INDIA
2019,470329,ROYAL GOLDEN EAGLE,APRIL,BUATAN,RIAU,805,289697,ROYAL GOLDEN EAGLE,APRIL INTERNATIONAL ENTEPRISE PTE LTD,SINGAPORE,NINGBO,CHINA (MAINLAND)
2019,470329,MARUBENI,TANJUNG ENIM LESTARI,PANJANG,SUMATERA SELATAN,1032,459477,VINDA,VINDA PAPER (ZHEJIANG) CO LTD,CHINA (MAINLAND),NINGBO,CHINA (MAINLAND)
2019,470329,ROYAL GOLDEN EAGLE,APRIL,BUATAN,RIAU,502,180819,ROYAL GOLDEN EAGLE,APRIL INTERNATIONAL ENTEPRISE PTE LTD,SINGAPORE,ABU DHABI,UNITED ARAB EMIRATES
2019,470329,MARUBENI,TANJUNG ENIM LESTARI,PANJANG,SUMATERA SELATAN,532,227237,VINDA,VINDA PAPER (SI CHUAN) CO LTD,CHINA (MAINLAND),CHONGQING,CHINA (MAINLAND)
2019,470329,ROYAL GOLDEN EAGLE,APRIL,BUATAN,RIAU,257,92559,ROYAL GOLDEN EAGLE,APRIL INTERNATIONAL ENTEPRISE PTE LTD,SINGAPORE,EL ISKANDARIYA (= ALEXAND,EGYPT
2019,470329,ROYAL GOLDEN EAGLE,APRIL,BUATAN,RIAU,502,180891,ROYAL GOLDEN EAGLE,APRIL INTERNATIONAL ENTEPRISE PTE LTD,SINGAPORE,ABU DHABI,UNITED ARAB EMIRATES
2019,470329,ROYAL GOLDEN EAGLE,APRIL,BUATAN,RIAU,503,180994,ROYAL GOLDEN EAGLE,APRIL INTERNATIONAL ENTEPRISE PTE LTD,SINGAPORE,IZMIT,TURKEY
2019,470329,ROYAL GOLDEN EAGLE,APRIL,BUATAN,RIAU,502,180818,ROYAL GOLDEN EAGLE,APRIL INTERNATIONAL ENTEPRISE PTE LTD,SINGAPORE,ABU DHABI,UNITED ARAB EMIRATES
2019,470329,ROYAL GOLDEN EAGLE,APRIL,BUATAN,RIAU,502,180811,ROYAL GOLDEN EAGLE,APRIL INTERNATIONAL ENTEPRISE PTE LTD,SINGAPORE,CHITTAGONG,BANGLADESH
2019,470329,ROYAL GOLDEN EAGLE,APRIL,BUATAN,RIAU,100,36148,ROYAL GOLDEN EAGLE,APRIL INTERNATIONAL ENTEPRISE PTE LTD,SINGAPORE,BANGKOK,THAILAND
2019,470329,SINAR MAS,OKI,SULTAN MAHMUD BADARUDDIN (U),SUMATERA SELATAN,976,532698,DRAGON CROWN HOLDINGS,DRAGON CROWN (HK) TRADING LTD,CHINA (HONG KONG),YUNFU,CHINA (MAINLAND)
2019,470329,ROYAL GOLDEN EAGLE,APRIL,BUATAN,RIAU,703,252989,ROYAL GOLDEN EAGLE,APRIL INTERNATIONAL ENTEPRISE PTE LTD,SINGAPORE,HAIPHONG,VIETNAM
2019,470329,ROYAL GOLDEN EAGLE,APRIL,BUATAN,RIAU,201,72260,ROYAL GOLDEN EAGLE,APRIL INTERNATIONAL ENTEPRISE PTE LTD,SINGAPORE,BANGKOK,THAILAND
2019,470329,ROYAL GOLDEN EAGLE,APRIL,BUATAN,RIAU,476,171462,ROYAL GOLDEN EAGLE,APRIL INTERNATIONAL ENTEPRISE PTE LTD,SINGAPORE,JEBEL ALI,UNITED ARAB EMIRATES
2019,470329,SINAR MAS,OKI,SULTAN MAHMUD BADARUDDIN (U),SUMATERA SELATAN,2500,1401250,CHINA UNION,CHINA UNION (MACAO COMMERCIAL OFFSHORE) CO LTD,MACAO,ZHENJIANG,CHINA (MAINLAND)
2019,470329,ROYAL GOLDEN EAGLE,APRIL,BUATAN,RIAU,503,213603,ROYAL GOLDEN EAGLE,APRIL INTERNATIONAL ENTEPRISE PTE LTD,SINGAPORE,NINGBO,CHINA (MAINLAND)
2019,470329,ROYAL GOLDEN EAGLE,APRIL,BUATAN,RIAU,503,181071,ROYAL GOLDEN EAGLE,APRIL INTERNATIONAL ENTEPRISE PTE LTD,SINGAPORE,ABU DHABI,UNITED ARAB EMIRATES
2019,470329,SINAR MAS,INDAH KIAT,PERAWANG,RIAU,5300,2970650,SINAR MAS,GOLDEN PROFIT TRADING PTE LTD,SINGAPORE,ULSAN,SOUTH KOREA
2019,470329,SINAR MAS,OKI,SULTAN MAHMUD BADARUDDIN (U),SUMATERA SELATAN,2000,1223000,UNKNOWN AFFILIATION,NINGBO GUANPAO TRADING (HONGKONG) CO LTD,CHINA (HONG KONG),CHANGSHU,CHINA (MAINLAND)
2019,470329,SINAR MAS,OKI,SULTAN MAHMUD BADARUDDIN (U),SUMATERA SELATAN,500,279750,UNKNOWN AFFILIATION,FREELAND UNIVERSAL LTD,CHINA (HONG KONG),YANGPU,CHINA (MAINLAND)
2019,470329,SINAR MAS,OKI,SULTAN MAHMUD BADARUDDIN (U),SUMATERA SELATAN,2000,1221000,UNKNOWN AFFILIATION,SUZHOU GUANBAO TRADING LTD,CHINA (MAINLAND),YANGPU,CHINA (MAINLAND)
2019,470329,SINAR MAS,OKI,SULTAN MAHMUD BADARUDDIN (U),SUMATERA SELATAN,1000,560500,CHINA UNION,CHINA UNION (MACAO COMMERCIAL OFFSHORE) CO LTD,MACAO,ZHENJIANG,CHINA (MAINLAND)
2019,470329,SINAR MAS,OKI,SULTAN MAHMUD BADARUDDIN (U),SUMATERA SELATAN,6000,3357000,UNKNOWN AFFILIATION,FREELAND UNIVERSAL LTD,CHINA (HONG KONG),QINZHOU,CHINA (MAINLAND)
2019,470329,MARUBENI,TANJUNG ENIM LESTARI,PANJANG,SUMATERA SELATAN,528,227079,UNKNOWN AFFILIATION,WEST COAST PAPER MILLS LTD,INDIA,JAWAHARLAL NEHRU (NHAVA S,INDIA
2019,470329,SINAR MAS,OKI,SULTAN MAHMUD BADARUDDIN (U),SUMATERA SELATAN,1500,915750,UNKNOWN AFFILIATION,SUZHOU GUANBAO TRADING LTD,CHINA (MAINLAND),YANGPU,CHINA (MAINLAND)
2019,470329,SINAR MAS,OKI,SULTAN MAHMUD BADARUDDIN (U),SUMATERA SELATAN,2500,1528750,UNKNOWN AFFILIATION,NINGBO GUANPAO TRADING (HONGKONG) CO LTD,CHINA (HONG KONG),CHANGSHU,CHINA (MAINLAND)
2019,470329,SINAR MAS,INDAH KIAT,PERAWANG,RIAU,4800,2690400,UNKNOWN AFFILIATION,SUZHOU HUANG YI TRADE CO LTD,CHINA (MAINLAND),NINGBO,CHINA (MAINLAND)
2019,470329,ROYAL GOLDEN EAGLE,APRIL,BUATAN,RIAU,502,180797,ROYAL GOLDEN EAGLE,APRIL INTERNATIONAL ENTEPRISE PTE LTD,SINGAPORE,CHITTAGONG,BANGLADESH
2019,470329,SINAR MAS,OKI,SULTAN MAHMUD BADARUDDIN (U),SUMATERA SELATAN,2000,1121000,CHINA UNION,CHINA UNION (MACAO COMMERCIAL OFFSHORE) CO LTD,MACAO,ZHENJIANG,CHINA (MAINLAND)
2019,470329,MARUBENI,TANJUNG ENIM LESTARI,PANJANG,SUMATERA SELATAN,529,227447,UNKNOWN AFFILIATION,WEST COAST PAPER MILLS LTD,INDIA,JAWAHARLAL NEHRU (NHAVA S,INDIA
2019,470329,ROYAL GOLDEN EAGLE,APRIL,BUATAN,RIAU,60,21696,ROYAL GOLDEN EAGLE,APRIL INTERNATIONAL ENTEPRISE PTE LTD,SINGAPORE,JAWAHARLAL NEHRU (NHAVA S,INDIA
2019,470329,MARUBENI,TANJUNG ENIM LESTARI,PANJANG,SUMATERA SELATAN,1029,460830,VINDA,VINDA PERSONAL CARE (CHINA) LTD,CHINA (MAINLAND),WUHAN,CHINA (MAINLAND)
2019,470329,ROYAL GOLDEN EAGLE,APRIL,BUATAN,RIAU,502,213544,ROYAL GOLDEN EAGLE,APRIL INTERNATIONAL ENTEPRISE PTE LTD,SINGAPORE,PUNE,INDIA
2019,470329,MARUBENI,TANJUNG ENIM LESTARI,PANJANG,SUMATERA SELATAN,678,311221,ITC,ITC LTD - PAPERBOARDS & SPECIALTY PAPERS DIVSION,INDIA,HALDIA,INDIA
2019,470329,ROYAL GOLDEN EAGLE,TOBA PULP LESTARI,BELAWAN,SUMATERA UTARA,376,162626,ROYAL GOLDEN EAGLE,DP MARKETING INTERNATIONAL,MACAO,PIPAVAV (VICTOR) PORT,INDIA
2019,470329,ROYAL GOLDEN EAGLE,TOBA PULP LESTARI,BELAWAN,SUMATERA UTARA,94,40428,ROYAL GOLDEN EAGLE,DP MARKETING INTERNATIONAL,MACAO,PIPAVAV (VICTOR) PORT,INDIA
2019,470329,ROYAL GOLDEN EAGLE,TOBA PULP LESTARI,BELAWAN,SUMATERA UTARA,57,24747,ROYAL GOLDEN EAGLE,DP MARKETING INTERNATIONAL,MACAO,JAWAHARLAL NEHRU (NHAVA S,INDIA
2019,470329,ROYAL GOLDEN EAGLE,TOBA PULP LESTARI,BELAWAN,SUMATERA UTARA,245,105878,ROYAL GOLDEN EAGLE,DP MARKETING INTERNATIONAL,MACAO,PIPAVAV (VICTOR) PORT,INDIA
2019,470329,ROYAL GOLDEN EAGLE,APRIL,BUATAN,RIAU,161,57938,ROYAL GOLDEN EAGLE,APRIL INTERNATIONAL ENTEPRISE PTE LTD,SINGAPORE,KATHUWAS ICD/ALWAR,INDIA
2019,470329,SINAR MAS,INDAH KIAT,PERAWANG,RIAU,144,80648,SINAR MAS,GOLDEN PROFIT TRADING PTE LTD,SINGAPORE,TAICHUNG,TAIWAN
2019,470329,SINAR MAS,INDAH KIAT,PERAWANG,RIAU,3400,1897200,UNKNOWN AFFILIATION,SUZHOU HUANG YI TRADE CO LTD,CHINA (MAINLAND),NINGBO,CHINA (MAINLAND)
2019,470329,SINAR MAS,LONTAR PAPYRUS,KUALA TUNGKAL,JAMBI,1003,569681,SINAR MAS,GOLDEN PROFIT TRADING PTE LTD,SINGAPORE,LAT KRABANG,THAILAND
2019,470329,SINAR MAS,INDAH KIAT,PERAWANG,RIAU,500,261703,SINAR MAS,SORBENT PAPER CO PTY LTD,AUSTRALIA,MELBOURNE,AUSTRALIA
2019,470329,SINAR MAS,INDAH KIAT,PERAWANG,RIAU,1000,559253,DRAGON CROWN HOLDINGS,DRAGON CROWN (HK) TRADING LTD,CHINA (HONG KONG),CHANGSHU,CHINA (MAINLAND)
2019,470329,ROYAL GOLDEN EAGLE,APRIL,BUATAN,RIAU,237,85285,ROYAL GOLDEN EAGLE,APRIL INTERNATIONAL ENTEPRISE PTE LTD,SINGAPORE,EL ISKANDARIYA (= ALEXAND,EGYPT
2019,470329,ROYAL GOLDEN EAGLE,APRIL,FUTONG,RIAU,4523,1628159,ROYAL GOLDEN EAGLE,APRIL FAR EAST MALAYSIA SDN BHD,MALAYSIA,RIZHAO,CHINA (MAINLAND)
2019,470329,MARUBENI,TANJUNG ENIM LESTARI,TARAHAN,SUMATERA SELATAN,1099,492263,UNKNOWN AFFILIATION,TRICELL (HK) LTD,CHINA (HONG KONG),QINGDAO,CHINA (MAINLAND)
2019,470329,ROYAL GOLDEN EAGLE,APRIL,FUTONG,RIAU,2009,723141,ROYAL GOLDEN EAGLE,APRIL INTERNATIONAL ENTEPRISE PTE LTD,SINGAPORE,XINGANG,CHINA (MAINLAND)
2019,470329,MARUBENI,TANJUNG ENIM LESTARI,TARAHAN,SUMATERA SELATAN,2198,982940,UNKNOWN AFFILIATION,KING ADVANCEMENT DEVELOPMENT (HONG KONG) LTD,CHINA (HONG KONG),QINGDAO,CHINA (MAINLAND)
2019,470329,ROYAL GOLDEN EAGLE,APRIL,FUTONG,RIAU,3014,1084963,ROYAL GOLDEN EAGLE,APRIL INTERNATIONAL ENTEPRISE PTE LTD,SINGAPORE,QINGDAO,CHINA (MAINLAND)
2019,470329,MARUBENI,TANJUNG ENIM LESTARI,TARAHAN,SUMATERA SELATAN,1048,516026,HONG WON,HONG WON PAPER MFG CO LTD,SOUTH KOREA,PYONGTAEK,SOUTH KOREA
2019,470329,MARUBENI,TANJUNG ENIM LESTARI,TARAHAN,SUMATERA SELATAN,1049,516354,HONG WON,HONG WON PAPER MFG CO LTD,SOUTH KOREA,PYONGTAEK,SOUTH KOREA
2019,470329,SINAR MAS,INDAH KIAT,PERAWANG,RIAU,240,137746,SINAR MAS,GOLDEN PROFIT TRADING PTE LTD,SINGAPORE,ABU DHABI,UNITED ARAB EMIRATES
2019,470329,MARUBENI,TANJUNG ENIM LESTARI,TARAHAN,SUMATERA SELATAN,1258,619482,HONG WON,HONG WON PAPER MFG CO LTD,SOUTH KOREA,PYONGTAEK,SOUTH KOREA
2019,470329,MARUBENI,TANJUNG ENIM LESTARI,TARAHAN,SUMATERA SELATAN,54,27247,UNKNOWN AFFILIATION,YONGJIN CORP,SOUTH KOREA,PYONGTAEK,SOUTH KOREA
2019,470329,SINAR MAS,INDAH KIAT,PERAWANG,RIAU,260,149225,SINAR MAS,GOLDEN PROFIT TRADING PTE LTD,SINGAPORE,ABU DHABI,UNITED ARAB EMIRATES
2019,470329,SINAR MAS,INDAH KIAT,PERAWANG,RIAU,800,448400,SINAR MAS,GOLDEN PROFIT TRADING PTE LTD,SINGAPORE,HAIPHONG,VIETNAM
2019,470329,SINAR MAS,LONTAR PAPYRUS,KUALA TUNGKAL,JAMBI,300,169686,SINAR MAS,GOLDEN PROFIT TRADING PTE LTD,SINGAPORE,HAIPHONG,VIETNAM
2019,470329,SINAR MAS,LONTAR PAPYRUS,KUALA TUNGKAL,JAMBI,1004,565300,SINAR MAS,GOLDEN PROFIT TRADING PTE LTD,SINGAPORE,DALIAN,CHINA (MAINLAND)
2019,470329,SINAR MAS,LONTAR PAPYRUS,KUALA TUNGKAL,JAMBI,400,241505,SINAR MAS,GOLDEN PROFIT TRADING PTE LTD,SINGAPORE,PENANG (GEORGETOWN),MALAYSIA
2019,470329,MARUBENI,TANJUNG ENIM LESTARI,TARAHAN,SUMATERA SELATAN,1098,491216,UNKNOWN AFFILIATION,KING ADVANCEMENT DEVELOPMENT (HONG KONG) LTD,CHINA (HONG KONG),QINGDAO,CHINA (MAINLAND)
2019,470329,MARUBENI,TANJUNG ENIM LESTARI,TARAHAN,SUMATERA SELATAN,328,166270,HANSOL,HANSOL PAPER CO LTD,SOUTH KOREA,PYONGTAEK,SOUTH KOREA
2019,470329,SINAR MAS,INDAH KIAT,PERAWANG,RIAU,2200,1222100,SINAR MAS,GOLDEN PROFIT TRADING PTE LTD,SINGAPORE,HAIPHONG,VIETNAM
2019,470329,MARUBENI,TANJUNG ENIM LESTARI,TARAHAN,SUMATERA SELATAN,550,278552,HANSOL,HANSOL PAPER CO LTD,SOUTH KOREA,PYONGTAEK,SOUTH KOREA
2019,470329,SINAR MAS,INDAH KIAT,PERAWANG,RIAU,500,277516,SINAR MAS,GOLDEN PROFIT TRADING PTE LTD,SINGAPORE,KARACHI,PAKISTAN
2019,470329,MARUBENI,TANJUNG ENIM LESTARI,TARAHAN,SUMATERA SELATAN,550,237294,VINDA,VINDA PAPER (SHANDONG) CO LTD,CHINA (MAINLAND),QINGDAO,CHINA (MAINLAND)
2019,470329,ROYAL GOLDEN EAGLE,APRIL,BUATAN,RIAU,98,35435,ROYAL GOLDEN EAGLE,APRIL INTERNATIONAL ENTEPRISE PTE LTD,SINGAPORE,TUTICORIN,INDIA
2019,470329,SINAR MAS,INDAH KIAT,PERAWANG,RIAU,2000,1121000,SINAR MAS,GOLDEN PROFIT TRADING PTE LTD,SINGAPORE,HAIPHONG,VIETNAM
2019,470329,ROYAL GOLDEN EAGLE,APRIL,BUATAN,RIAU,301,108320,ROYAL GOLDEN EAGLE,APRIL INTERNATIONAL ENTEPRISE PTE LTD,SINGAPORE,BANGKOK,THAILAND
2019,470329,SINAR MAS,INDAH KIAT,PERAWANG,RIAU,3000,1686750,SINAR MAS,GOLDEN PROFIT TRADING PTE LTD,SINGAPORE,HAIPHONG,VIETNAM
2019,470329,ROYAL GOLDEN EAGLE,APRIL,BUATAN,RIAU,503,180949,ROYAL GOLDEN EAGLE,APRIL INTERNATIONAL ENTEPRISE PTE LTD,SINGAPORE,CHITTAGONG,BANGLADESH
2019,470329,SINAR MAS,INDAH KIAT,PERAWANG,RIAU,480,268022,SINAR MAS,GOLDEN PROFIT TRADING PTE LTD,SINGAPORE,JEBEL ALI,UNITED ARAB EMIRATES
2019,470329,ROYAL GOLDEN EAGLE,APRIL,BUATAN,RIAU,60,21667,ROYAL GOLDEN EAGLE,APRIL INTERNATIONAL ENTEPRISE PTE LTD,SINGAPORE,JAWAHARLAL NEHRU (NHAVA S,INDIA
2019,470329,SINAR MAS,INDAH KIAT,PERAWANG,RIAU,2800,1574300,SINAR MAS,GOLDEN PROFIT TRADING PTE LTD,SINGAPORE,HAIPHONG,VIETNAM
2019,470329,ROYAL GOLDEN EAGLE,APRIL,BUATAN,RIAU,502,180587,ROYAL GOLDEN EAGLE,APRIL INTERNATIONAL ENTEPRISE PTE LTD,SINGAPORE,CHITTAGONG,BANGLADESH
2019,470329,ROYAL GOLDEN EAGLE,APRIL,BUATAN,RIAU,38,13774,ROYAL GOLDEN EAGLE,APRIL INTERNATIONAL ENTEPRISE PTE LTD,SINGAPORE,JEBEL ALI,UNITED ARAB EMIRATES
2019,470329,SINAR MAS,OKI,SULTAN MAHMUD BADARUDDIN (U),SUMATERA SELATAN,10000,5590000,SINAR MAS,GOLDEN PROFIT TRADING PTE LTD,SINGAPORE,PYONGTAEK,SOUTH KOREA
2019,470329,SINAR MAS,INDAH KIAT,PERAWANG,RIAU,1800,1012050,SINAR MAS,GOLDEN PROFIT TRADING PTE LTD,SINGAPORE,HAIPHONG,VIETNAM
2019,470329,SINAR MAS,INDAH KIAT,PERAWANG,RIAU,180,103682,SINAR MAS,GOLDEN PROFIT TRADING PTE LTD,SINGAPORE,APAPA,NIGERIA
2019,470329,SINAR MAS,INDAH KIAT,PERAWANG,RIAU,480,268022,SINAR MAS,GOLDEN PROFIT TRADING PTE LTD,SINGAPORE,JEBEL ALI,UNITED ARAB EMIRATES
2019,470329,ROYAL GOLDEN EAGLE,APRIL,BUATAN,RIAU,100,36154,ROYAL GOLDEN EAGLE,APRIL INTERNATIONAL ENTEPRISE PTE LTD,SINGAPORE,ANKLESHWAR,INDIA
2019,470329,SINAR MAS,INDAH KIAT,PERAWANG,RIAU,480,268022,SINAR MAS,GOLDEN PROFIT TRADING PTE LTD,SINGAPORE,JEBEL ALI,UNITED ARAB EMIRATES
2019,470329,SINAR MAS,INDAH KIAT,PERAWANG,RIAU,480,268022,SINAR MAS,GOLDEN PROFIT TRADING PTE LTD,SINGAPORE,JEBEL ALI,UNITED ARAB EMIRATES
2019,470329,ROYAL GOLDEN EAGLE,APRIL,BUATAN,RIAU,40,14442,ROYAL GOLDEN EAGLE,APRIL INTERNATIONAL ENTEPRISE PTE LTD,SINGAPORE,MUNDRA,INDIA
2019,470329,ROYAL GOLDEN EAGLE,APRIL,BUATAN,RIAU,501,180271,ROYAL GOLDEN EAGLE,APRIL INTERNATIONAL ENTEPRISE PTE LTD,SINGAPORE,CHITTAGONG,BANGLADESH
2019,470329,ROYAL GOLDEN EAGLE,APRIL,BUATAN,RIAU,201,72284,ROYAL GOLDEN EAGLE,APRIL INTERNATIONAL ENTEPRISE PTE LTD,SINGAPORE,NAGPUR,INDIA
2019,470329,SINAR MAS,OKI,SULTAN MAHMUD BADARUDDIN (U),SUMATERA SELATAN,2300,1292600,CHINA UNION,CHINA UNION (MACAO COMMERCIAL OFFSHORE) CO LTD,MACAO,ZHENJIANG,CHINA (MAINLAND)
2019,470329,SINAR MAS,OKI,SULTAN MAHMUD BADARUDDIN (U),SUMATERA SELATAN,2850,1597425,SINAR MAS,GOLDEN PROFIT TRADING PTE LTD,SINGAPORE,CHANGSHU,CHINA (MAINLAND)
2019,470329,SINAR MAS,LONTAR PAPYRUS,KUALA TUNGKAL,JAMBI,401,224789,SINAR MAS,GOLDEN PROFIT TRADING PTE LTD,SINGAPORE,MANILA SOUTH HARBOUR,PHILIPPINES
2019,470329,ROYAL GOLDEN EAGLE,APRIL,BUATAN,RIAU,201,72372,ROYAL GOLDEN EAGLE,APRIL INTERNATIONAL ENTEPRISE PTE LTD,SINGAPORE,KATHUWAS ICD/ALWAR,INDIA
2019,470329,ROYAL GOLDEN EAGLE,APRIL,BUATAN,RIAU,1005,361838,ROYAL GOLDEN EAGLE,APRIL INTERNATIONAL ENTEPRISE PTE LTD,SINGAPORE,JIUJIANG,CHINA (MAINLAND)
2019,470329,SINAR MAS,OKI,SULTAN MAHMUD BADARUDDIN (U),SUMATERA SELATAN,2000,1124000,CHINA UNION,CHINA UNION (MACAO COMMERCIAL OFFSHORE) CO LTD,MACAO,ZHENJIANG,CHINA (MAINLAND)
2019,470329,SINAR MAS,LONTAR PAPYRUS,KUALA TUNGKAL,JAMBI,503,279861,SINAR MAS,GOLDEN PROFIT TRADING PTE LTD,SINGAPORE,CHITTAGONG,BANGLADESH
2019,470329,ROYAL GOLDEN EAGLE,APRIL,BUATAN,RIAU,502,180815,ROYAL GOLDEN EAGLE,APRIL INTERNATIONAL ENTEPRISE PTE LTD,SINGAPORE,CHITTAGONG,BANGLADESH
2019,470329,MARUBENI,TANJUNG ENIM LESTARI,PANJANG,SUMATERA SELATAN,533,232359,VINDA,VINDA PAPER (LIAONING) CO LTD,CHINA (MAINLAND),YINGKOU,CHINA (MAINLAND)
2019,470329,SINAR MAS,OKI,SULTAN MAHMUD BADARUDDIN (U),SUMATERA SELATAN,5000,2800900,DRAGON CROWN HOLDINGS,DRAGON CROWN (HK) TRADING LTD,CHINA (HONG KONG),NINGBO,CHINA (MAINLAND)
2019,470329,SINAR MAS,OKI,SULTAN MAHMUD BADARUDDIN (U),SUMATERA SELATAN,2000,1121000,SINAR MAS,GOLDEN PROFIT TRADING PTE LTD,SINGAPORE,CHANGSHU,CHINA (MAINLAND)
2019,470329,ROYAL GOLDEN EAGLE,APRIL,BUATAN,RIAU,501,180328,ROYAL GOLDEN EAGLE,APRIL INTERNATIONAL ENTEPRISE PTE LTD,SINGAPORE,CHITTAGONG,BANGLADESH
2019,470329,SINAR MAS,OKI,SULTAN MAHMUD BADARUDDIN (U),SUMATERA SELATAN,4000,1790904,UNKNOWN AFFILIATION,TURA GLOBAL TRADING FZE,UNITED ARAB EMIRATES,SOKHNA PORT,EGYPT
2019,470329,SINAR MAS,INDAH KIAT,PERAWANG,RIAU,500,285971,SINAR MAS,GOLDEN PROFIT TRADING PTE LTD,SINGAPORE,ABU DHABI,UNITED ARAB EMIRATES
2019,470329,SINAR MAS,OKI,SULTAN MAHMUD BADARUDDIN (U),SUMATERA SELATAN,17000,7611340,UNKNOWN AFFILIATION,HAYAT KIMYA SANAYI A.S,TURKEY,MERSIN,TURKEY
2019,470329,ROYAL GOLDEN EAGLE,APRIL,BUATAN,RIAU,403,144948,ROYAL GOLDEN EAGLE,APRIL INTERNATIONAL ENTEPRISE PTE LTD,SINGAPORE,CHITTAGONG,BANGLADESH
2019,470329,SINAR MAS,INDAH KIAT,PERAWANG,RIAU,500,285971,SINAR MAS,GOLDEN PROFIT TRADING PTE LTD,SINGAPORE,ABU DHABI,UNITED ARAB EMIRATES
2019,470329,SINAR MAS,OKI,SULTAN MAHMUD BADARUDDIN (U),SUMATERA SELATAN,3000,1686000,CHINA UNION,CHINA UNION (MACAO COMMERCIAL OFFSHORE) CO LTD,MACAO,ZHENJIANG,CHINA (MAINLAND)
2019,470329,SINAR MAS,OKI,SULTAN MAHMUD BADARUDDIN (U),SUMATERA SELATAN,3000,1686000,CHINA UNION,CHINA UNION (MACAO COMMERCIAL OFFSHORE) CO LTD,MACAO,ZHENJIANG,CHINA (MAINLAND)
2019,470329,ROYAL GOLDEN EAGLE,APRIL,BUATAN,RIAU,161,57870,ROYAL GOLDEN EAGLE,APRIL INTERNATIONAL ENTEPRISE PTE LTD,SINGAPORE,PIPAVAV (VICTOR) PORT,INDIA
2019,470329,SINAR MAS,OKI,SULTAN MAHMUD BADARUDDIN (U),SUMATERA SELATAN,9000,4029533,UNKNOWN AFFILIATION,HAYAT KIMYA SANAYI A.S,TURKEY,LIMAS,TURKEY
2019,470329,ROYAL GOLDEN EAGLE,APRIL,FUTONG,RIAU,6030,2170895,ROYAL GOLDEN EAGLE,APRIL INTERNATIONAL ENTEPRISE PTE LTD,SINGAPORE,ABU DHABI,UNITED ARAB EMIRATES
2019,470329,ROYAL GOLDEN EAGLE,APRIL,BUATAN,RIAU,72,26011,ROYAL GOLDEN EAGLE,APRIL INTERNATIONAL ENTEPRISE PTE LTD,SINGAPORE,TAOYUAN,TAIWAN
2019,470329,MARUBENI,TANJUNG ENIM LESTARI,PANJANG,SUMATERA SELATAN,1035,466557,IMEXCO BACGIANG,BAC GIANG IMPORT EXPORT JOINT STOCK CO,VIETNAM,HAIPHONG,VIETNAM
2019,470329,SINAR MAS,INDAH KIAT,PERAWANG,RIAU,2000,1101706,DRAGON CROWN HOLDINGS,DRAGON CROWN (HK) TRADING LTD,CHINA (HONG KONG),ZHANJIANG,CHINA (MAINLAND)
2019,470329,ROYAL GOLDEN EAGLE,APRIL,BUATAN,RIAU,598,215109,ROYAL GOLDEN EAGLE,APRIL INTERNATIONAL ENTEPRISE PTE LTD,SINGAPORE,BEIRUT,LEBANON
2019,470329,SINAR MAS,LONTAR PAPYRUS,KUALA TUNGKAL,JAMBI,502,287637,SINAR MAS,GOLDEN PROFIT TRADING PTE LTD,SINGAPORE,PIPAVAV (VICTOR) PORT,INDIA
2019,470329,MARUBENI,TANJUNG ENIM LESTARI,PANJANG,SUMATERA SELATAN,527,226259,UNKNOWN AFFILIATION,WEST COAST PAPER MILLS LTD,INDIA,JAWAHARLAL NEHRU (NHAVA S,INDIA
2019,470329,ROYAL GOLDEN EAGLE,APRIL,BUATAN,RIAU,502,180796,ROYAL GOLDEN EAGLE,APRIL INTERNATIONAL ENTEPRISE PTE LTD,SINGAPORE,CHITTAGONG,BANGLADESH
2019,470329,SINAR MAS,OKI,SULTAN MAHMUD BADARUDDIN (U),SUMATERA SELATAN,1000,560430,DRAGON CROWN HOLDINGS,DRAGON CROWN (HK) TRADING LTD,CHINA (HONG KONG),QINGDAO,CHINA (MAINLAND)
2019,470329,SINAR MAS,OKI,SULTAN MAHMUD BADARUDDIN (U),SUMATERA SELATAN,1000,560430,DRAGON CROWN HOLDINGS,DRAGON CROWN (HK) TRADING LTD,CHINA (HONG KONG),QINGDAO,CHINA (MAINLAND)
2019,470329,SINAR MAS,OKI,SULTAN MAHMUD BADARUDDIN (U),SUMATERA SELATAN,5000,2802150,DRAGON CROWN HOLDINGS,DRAGON CROWN (HK) TRADING LTD,CHINA (HONG KONG),QINGDAO,CHINA (MAINLAND)
2019,470329,SINAR MAS,INDAH KIAT,PERAWANG,RIAU,240,137508,SINAR MAS,GOLDEN PROFIT TRADING PTE LTD,SINGAPORE,KAOHSIUNG,TAIWAN
2019,470329,ROYAL GOLDEN EAGLE,TOBA PULP LESTARI,BELAWAN,SUMATERA UTARA,246,106276,ROYAL GOLDEN EAGLE,DP MARKETING INTERNATIONAL,MACAO,PIPAVAV (VICTOR) PORT,INDIA
2019,470329,SINAR MAS,OKI,SULTAN MAHMUD BADARUDDIN (U),SUMATERA SELATAN,1000,560430,DRAGON CROWN HOLDINGS,DRAGON CROWN (HK) TRADING LTD,CHINA (HONG KONG),QINGDAO,CHINA (MAINLAND)
2019,470329,MARUBENI,TANJUNG ENIM LESTARI,PANJANG,SUMATERA SELATAN,1037,464628,VINDA,VINDA PERSONAL CARE (CHINA) LTD,CHINA (MAINLAND),WUHAN,CHINA (MAINLAND)
2019,470329,SINAR MAS,INDAH KIAT,PERAWANG,RIAU,500,278693,SINAR MAS,GOLDEN PROFIT TRADING PTE LTD,SINGAPORE,CHITTAGONG,BANGLADESH
2019,470329,SINAR MAS,OKI,SULTAN MAHMUD BADARUDDIN (U),SUMATERA SELATAN,1000,560430,DRAGON CROWN HOLDINGS,DRAGON CROWN (HK) TRADING LTD,CHINA (HONG KONG),QINGDAO,CHINA (MAINLAND)
2019,470329,SINAR MAS,INDAH KIAT,PERAWANG,RIAU,500,278693,SINAR MAS,GOLDEN PROFIT TRADING PTE LTD,SINGAPORE,CHITTAGONG,BANGLADESH
2019,470329,SINAR MAS,OKI,SULTAN MAHMUD BADARUDDIN (U),SUMATERA SELATAN,500,280215,DRAGON CROWN HOLDINGS,DRAGON CROWN (HK) TRADING LTD,CHINA (HONG KONG),QINGDAO,CHINA (MAINLAND)
2019,470329,SINAR MAS,INDAH KIAT,PERAWANG,RIAU,1000,550400,DRAGON CROWN HOLDINGS,DRAGON CROWN (HK) TRADING LTD,CHINA (HONG KONG),CHONGQING,CHINA (MAINLAND)
2019,470329,SINAR MAS,INDAH KIAT,PERAWANG,RIAU,500,261703,SINAR MAS,SORBENT PAPER CO PTY LTD,AUSTRALIA,MELBOURNE,AUSTRALIA
2019,470329,SINAR MAS,OKI,SULTAN MAHMUD BADARUDDIN (U),SUMATERA SELATAN,500,280215,DRAGON CROWN HOLDINGS,DRAGON CROWN (HK) TRADING LTD,CHINA (HONG KONG),QINGDAO,CHINA (MAINLAND)
2019,470329,SINAR MAS,OKI,SULTAN MAHMUD BADARUDDIN (U),SUMATERA SELATAN,560,313841,DRAGON CROWN HOLDINGS,DRAGON CROWN (HK) TRADING LTD,CHINA (HONG KONG),QINGDAO,CHINA (MAINLAND)
2019,470329,SINAR MAS,INDAH KIAT,PERAWANG,RIAU,180,103741,SINAR MAS,GOLDEN PROFIT TRADING PTE LTD,SINGAPORE,APAPA,NIGERIA
2019,470329,SINAR MAS,OKI,SULTAN MAHMUD BADARUDDIN (U),SUMATERA SELATAN,440,246589,DRAGON CROWN HOLDINGS,DRAGON CROWN (HK) TRADING LTD,CHINA (HONG KONG),QINGDAO,CHINA (MAINLAND)
2019,470329,SINAR MAS,INDAH KIAT,PERAWANG,RIAU,5000,2799574,DRAGON CROWN HOLDINGS,DRAGON CROWN (HK) TRADING LTD,CHINA (HONG KONG),CHONGQING,CHINA (MAINLAND)
2019,470329,SINAR MAS,INDAH KIAT,PERAWANG,RIAU,6300,3540600,UNKNOWN AFFILIATION,SUZHOU HUANG YI TRADE CO LTD,CHINA (MAINLAND),CHANGSHU,CHINA (MAINLAND)
2019,470329,ROYAL GOLDEN EAGLE,APRIL,BUATAN,RIAU,1005,361785,ROYAL GOLDEN EAGLE,APRIL INTERNATIONAL ENTEPRISE PTE LTD,SINGAPORE,MERSIN,TURKEY
2019,470329,MARUBENI,TANJUNG ENIM LESTARI,PANJANG,SUMATERA SELATAN,529,227328,UNKNOWN AFFILIATION,WEST COAST PAPER MILLS LTD,INDIA,JAWAHARLAL NEHRU (NHAVA S,INDIA
2019,470329,SINAR MAS,INDAH KIAT,PERAWANG,RIAU,700,395275,DRAGON CROWN HOLDINGS,DRAGON CROWN (HK) TRADING LTD,CHINA (HONG KONG),CHANGSHU,CHINA (MAINLAND)
2019,470329,ROYAL GOLDEN EAGLE,APRIL,BUATAN,RIAU,502,180730,ROYAL GOLDEN EAGLE,APRIL INTERNATIONAL ENTEPRISE PTE LTD,SINGAPORE,CHITTAGONG,BANGLADESH
2019,470329,SINAR MAS,LONTAR PAPYRUS,KUALA TUNGKAL,JAMBI,300,169678,SINAR MAS,GOLDEN PROFIT TRADING PTE LTD,SINGAPORE,HAIPHONG,VIETNAM
2019,470329,ROYAL GOLDEN EAGLE,APRIL,BUATAN,RIAU,703,243330,ROYAL GOLDEN EAGLE,APRIL INTERNATIONAL ENTEPRISE PTE LTD,SINGAPORE,NINGBO,CHINA (MAINLAND)
2019,470329,ROYAL GOLDEN EAGLE,APRIL,BUATAN,RIAU,503,173977,ROYAL GOLDEN EAGLE,APRIL INTERNATIONAL ENTEPRISE PTE LTD,SINGAPORE,CHITTAGONG,BANGLADESH
2019,470329,ROYAL GOLDEN EAGLE,APRIL,BUATAN,RIAU,603,208801,ROYAL GOLDEN EAGLE,APRIL INTERNATIONAL ENTEPRISE PTE LTD,SINGAPORE,CHITTAGONG,BANGLADESH
2019,470329,ROYAL GOLDEN EAGLE,APRIL,BUATAN,RIAU,200,69318,ROYAL GOLDEN EAGLE,APRIL INTERNATIONAL ENTEPRISE PTE LTD,SINGAPORE,CHITTAGONG,BANGLADESH
2019,470329,MARUBENI,TANJUNG ENIM LESTARI,PANJANG,SUMATERA SELATAN,106,48630,UNKNOWN AFFILIATION,VECHEM ORGANICS PVT LTD,INDIA,REWARI,INDIA
2019,470329,SINAR MAS,INDAH KIAT,PERAWANG,RIAU,1000,824378,SINAR MAS,GOLDEN PROFIT TRADING PTE LTD,SINGAPORE,HAIPHONG,VIETNAM
2019,470329,ROYAL GOLDEN EAGLE,APRIL,BUATAN,RIAU,302,108622,ROYAL GOLDEN EAGLE,APRIL INTERNATIONAL ENTEPRISE PTE LTD,SINGAPORE,BANGKOK,THAILAND
2019,470329,SINAR MAS,OKI,SULTAN MAHMUD BADARUDDIN (U),SUMATERA SELATAN,1012,536397,UNKNOWN AFFILIATION,FREELAND UNIVERSAL LTD,CHINA (HONG KONG),DALIAN,CHINA (MAINLAND)
2019,470329,SINAR MAS,INDAH KIAT,PERAWANG,RIAU,500,278693,SINAR MAS,GOLDEN PROFIT TRADING PTE LTD,SINGAPORE,CHITTAGONG,BANGLADESH
2019,470329,SINAR MAS,INDAH KIAT,PERAWANG,RIAU,500,278693,SINAR MAS,GOLDEN PROFIT TRADING PTE LTD,SINGAPORE,CHITTAGONG,BANGLADESH
2019,470329,SINAR MAS,INDAH KIAT,PERAWANG,RIAU,800,458260,SINAR MAS,GOLDEN PROFIT TRADING PTE LTD,SINGAPORE,HAIPHONG,VIETNAM
2019,470329,MARUBENI,TANJUNG ENIM LESTARI,TARAHAN,SUMATERA SELATAN,2179,933561,VINDA,VINDA PAPER (CHINA) CO LTD,CHINA (MAINLAND),NANSHA,CHINA (MAINLAND)
2019,470329,MARUBENI,TANJUNG ENIM LESTARI,TARAHAN,SUMATERA SELATAN,500,245775,MARUBENI,MARUBENI CORP,JAPAN,IYOMISHIMA,JAPAN
2019,470329,ROYAL GOLDEN EAGLE,APRIL,BUATAN,RIAU,81,27906,ROYAL GOLDEN EAGLE,APRIL INTERNATIONAL ENTEPRISE PTE LTD,SINGAPORE,JAWAHARLAL NEHRU (NHAVA S,INDIA
2019,470329,ROYAL GOLDEN EAGLE,APRIL,BUATAN,RIAU,20,6942,ROYAL GOLDEN EAGLE,APRIL INTERNATIONAL ENTEPRISE PTE LTD,SINGAPORE,JIANGMEN,CHINA (MAINLAND)
2019,470329,SINAR MAS,LONTAR PAPYRUS,KUALA TUNGKAL,JAMBI,1003,569671,SINAR MAS,GOLDEN PROFIT TRADING PTE LTD,SINGAPORE,LAT KRABANG,THAILAND
2019,470329,ROYAL GOLDEN EAGLE,APRIL,BUATAN,RIAU,201,69600,ROYAL GOLDEN EAGLE,APRIL INTERNATIONAL ENTEPRISE PTE LTD,SINGAPORE,ABU DHABI,UNITED ARAB EMIRATES
2019,470329,SINAR MAS,OKI,SULTAN MAHMUD BADARUDDIN (U),SUMATERA SELATAN,1500,829392,DRAGON CROWN HOLDINGS,DRAGON CROWN (HK) TRADING LTD,CHINA (HONG KONG),JIUJIANG,CHINA (MAINLAND)
2019,470329,ROYAL GOLDEN EAGLE,APRIL,BUATAN,RIAU,101,34773,ROYAL GOLDEN EAGLE,APRIL INTERNATIONAL ENTEPRISE PTE LTD,SINGAPORE,TUGLAKABAD,INDIA
2019,470329,MARUBENI,TANJUNG ENIM LESTARI,TARAHAN,SUMATERA SELATAN,325,144247,JIANGHE PAPER,HENAN JIANGHE PAPER CO LTD,CHINA (MAINLAND),QINGDAO,CHINA (MAINLAND)
2019,470329,MARUBENI,TANJUNG ENIM LESTARI,TARAHAN,SUMATERA SELATAN,799,370022,MARUBENI,MARUBENI CORP,JAPAN,IYOMISHIMA,JAPAN
2019,470329,ROYAL GOLDEN EAGLE,APRIL,BUATAN,RIAU,398,143157,ROYAL GOLDEN EAGLE,APRIL INTERNATIONAL ENTEPRISE PTE LTD,SINGAPORE,BEIRUT,LEBANON
2019,470329,SINAR MAS,OKI,SULTAN MAHMUD BADARUDDIN (U),SUMATERA SELATAN,1000,552928,DRAGON CROWN HOLDINGS,DRAGON CROWN (HK) TRADING LTD,CHINA (HONG KONG),JIUJIANG,CHINA (MAINLAND)
2019,470329,ROYAL GOLDEN EAGLE,APRIL,BUATAN,RIAU,40,13896,ROYAL GOLDEN EAGLE,APRIL INTERNATIONAL ENTEPRISE PTE LTD,SINGAPORE,JAWAHARLAL NEHRU (NHAVA S,INDIA
2019,470329,SINAR MAS,OKI,SULTAN MAHMUD BADARUDDIN (U),SUMATERA SELATAN,4740,2656438,DRAGON CROWN HOLDINGS,DRAGON CROWN (HK) TRADING LTD,CHINA (HONG KONG),QINGDAO,CHINA (MAINLAND)
2019,470329,SINAR MAS,OKI,SULTAN MAHMUD BADARUDDIN (U),SUMATERA SELATAN,1000,562000,SINAR MAS,GOLDEN PROFIT TRADING PTE LTD,SINGAPORE,CHANGSHU,CHINA (MAINLAND)
2019,470329,MARUBENI,TANJUNG ENIM LESTARI,TARAHAN,SUMATERA SELATAN,2178,943946,CHINATEX CORP,CHINATEX RAW MATERIALS IMPORT AND EXPORT,CHINA (MAINLAND),XINGANG,CHINA (MAINLAND)
2019,470329,SINAR MAS,LONTAR PAPYRUS,KUALA TUNGKAL,JAMBI,903,508154,DRAGON CROWN HOLDINGS,DRAGON CROWN (HK) TRADING LTD,CHINA (HONG KONG),ZHANJIANG,CHINA (MAINLAND)
2019,470329,SINAR MAS,OKI,SULTAN MAHMUD BADARUDDIN (U),SUMATERA SELATAN,2000,1124000,UNKNOWN AFFILIATION,FREELAND UNIVERSAL LTD,CHINA (HONG KONG),CHANGSHU,CHINA (MAINLAND)
2019,470329,SINAR MAS,OKI,SULTAN MAHMUD BADARUDDIN (U),SUMATERA SELATAN,500,276464,DRAGON CROWN HOLDINGS,DRAGON CROWN (HK) TRADING LTD,CHINA (HONG KONG),JIUJIANG,CHINA (MAINLAND)
2019,470329,MARUBENI,TANJUNG ENIM LESTARI,TARAHAN,SUMATERA SELATAN,2942,1304540,JIANGHE PAPER,HENAN JIANGHE PAPER CO LTD,CHINA (MAINLAND),QINGDAO,CHINA (MAINLAND)
2019,470329,SINAR MAS,OKI,SULTAN MAHMUD BADARUDDIN (U),SUMATERA SELATAN,3000,1686000,UNKNOWN AFFILIATION,BRIGHTENING SKY CO LTD,CHINA (HONG KONG),CHANGSHU,CHINA (MAINLAND)
2019,470329,MARUBENI,TANJUNG ENIM LESTARI,TARAHAN,SUMATERA SELATAN,762,293733,VINDA,VINDA PAPER (CHINA) CO LTD,CHINA (MAINLAND),NANSHA,CHINA (MAINLAND)
2019,470329,SINAR MAS,OKI,SULTAN MAHMUD BADARUDDIN (U),SUMATERA SELATAN,6260,3508291,DRAGON CROWN HOLDINGS,DRAGON CROWN (HK) TRADING LTD,CHINA (HONG KONG),QINGDAO,CHINA (MAINLAND)
2019,470329,SINAR MAS,OKI,SULTAN MAHMUD BADARUDDIN (U),SUMATERA SELATAN,2000,1124000,UNKNOWN AFFILIATION,NINGBO GUANPAO TRADING (HONGKONG) CO LTD,CHINA (HONG KONG),CHANGSHU,CHINA (MAINLAND)
2019,470329,MARUBENI,TANJUNG ENIM LESTARI,PANJANG,SUMATERA SELATAN,527,226704,UNKNOWN AFFILIATION,WEST COAST PAPER MILLS LTD,INDIA,JAWAHARLAL NEHRU (NHAVA S,INDIA
2019,470329,SINAR MAS,OKI,SULTAN MAHMUD BADARUDDIN (U),SUMATERA SELATAN,992,533170,DRAGON CROWN HOLDINGS,DRAGON CROWN (HK) TRADING LTD,CHINA (HONG KONG),NINGBO,CHINA (MAINLAND)
2019,470329,ROYAL GOLDEN EAGLE,APRIL,BUATAN,RIAU,503,173875,ROYAL GOLDEN EAGLE,APRIL INTERNATIONAL ENTEPRISE PTE LTD,SINGAPORE,CHITTAGONG,BANGLADESH
2019,470329,SINAR MAS,OKI,SULTAN MAHMUD BADARUDDIN (U),SUMATERA SELATAN,6500,3630250,CHINA UNION,CHINA UNION (MACAO COMMERCIAL OFFSHORE) CO LTD,MACAO,ZHENJIANG,CHINA (MAINLAND)
2019,470329,MARUBENI,TANJUNG ENIM LESTARI,PANJANG,SUMATERA SELATAN,93,43763,MARUBENI,MARUBENI CORP,JAPAN,SHIMIZU,JAPAN
2019,470329,SINAR MAS,INDAH KIAT,PERAWANG,RIAU,180,103741,SINAR MAS,GOLDEN PROFIT TRADING PTE LTD,SINGAPORE,APAPA,NIGERIA
2019,470329,MARUBENI,TANJUNG ENIM LESTARI,PANJANG,SUMATERA SELATAN,94,44083,MARUBENI,MARUBENI CORP,JAPAN,SHIMIZU,JAPAN
2019,470329,ROYAL GOLDEN EAGLE,APRIL,BUATAN,RIAU,503,173879,ROYAL GOLDEN EAGLE,APRIL INTERNATIONAL ENTEPRISE PTE LTD,SINGAPORE,CHITTAGONG,BANGLADESH
2019,470329,SINAR MAS,OKI,SULTAN MAHMUD BADARUDDIN (U),SUMATERA SELATAN,3500,1953630,DRAGON CROWN HOLDINGS,DRAGON CROWN (HK) TRADING LTD,CHINA (HONG KONG),ZHANJIANG,CHINA (MAINLAND)
2019,470329,MARUBENI,TANJUNG ENIM LESTARI,PANJANG,SUMATERA SELATAN,522,224680,UNKNOWN AFFILIATION,WEST COAST PAPER MILLS LTD,INDIA,JAWAHARLAL NEHRU (NHAVA S,INDIA
2019,470329,SINAR MAS,OKI,SULTAN MAHMUD BADARUDDIN (U),SUMATERA SELATAN,1200,674400,CHINA UNION,CHINA UNION (MACAO COMMERCIAL OFFSHORE) CO LTD,MACAO,CHANGSHU,CHINA (MAINLAND)
2019,470329,SINAR MAS,OKI,SULTAN MAHMUD BADARUDDIN (U),SUMATERA SELATAN,2700,1517400,UNKNOWN AFFILIATION,NINGBO GUANPAO TRADING (HONGKONG) CO LTD,CHINA (HONG KONG),CHANGSHU,CHINA (MAINLAND)
2019,470329,SINAR MAS,OKI,SULTAN MAHMUD BADARUDDIN (U),SUMATERA SELATAN,3000,1685040,DRAGON CROWN HOLDINGS,DRAGON CROWN (HK) TRADING LTD,CHINA (HONG KONG),CHANGSHU,CHINA (MAINLAND)
2019,470329,ROYAL GOLDEN EAGLE,APRIL,BUATAN,RIAU,101,36282,ROYAL GOLDEN EAGLE,APRIL INTERNATIONAL ENTEPRISE PTE LTD,SINGAPORE,ANKLESHWAR,INDIA
2019,470329,SINAR MAS,LONTAR PAPYRUS,KUALA TUNGKAL,JAMBI,199,111770,DRAGON CROWN HOLDINGS,DRAGON CROWN (HK) TRADING LTD,CHINA (HONG KONG),ZHANJIANG,CHINA (MAINLAND)
2019,470329,SINAR MAS,OKI,SULTAN MAHMUD BADARUDDIN (U),SUMATERA SELATAN,1000,562000,UNKNOWN AFFILIATION,NINGBO GUANPAO TRADING (HONGKONG) CO LTD,CHINA (HONG KONG),CHANGSHU,CHINA (MAINLAND)
2019,470329,ROYAL GOLDEN EAGLE,APRIL,BUATAN,RIAU,100,34727,ROYAL GOLDEN EAGLE,APRIL INTERNATIONAL ENTEPRISE PTE LTD,SINGAPORE,NINGBO,CHINA (MAINLAND)
2019,470329,SINAR MAS,OKI,SULTAN MAHMUD BADARUDDIN (U),SUMATERA SELATAN,850,477700,UNKNOWN AFFILIATION,BRIGHTENING SKY CO LTD,CHINA (HONG KONG),CHANGSHU,CHINA (MAINLAND)
2019,470329,ROYAL GOLDEN EAGLE,TOBA PULP LESTARI,BELAWAN,SUMATERA UTARA,490,211781,ROYAL GOLDEN EAGLE,DP MARKETING INTERNATIONAL,MACAO,CHITTAGONG,BANGLADESH
2019,470329,SINAR MAS,LONTAR PAPYRUS,KUALA TUNGKAL,JAMBI,502,284331,SINAR MAS,GOLDEN PROFIT TRADING PTE LTD,SINGAPORE,CHITTAGONG,BANGLADESH
2019,470329,ROYAL GOLDEN EAGLE,TOBA PULP LESTARI,BELAWAN,SUMATERA UTARA,376,162473,ROYAL GOLDEN EAGLE,DP MARKETING INTERNATIONAL,MACAO,PIPAVAV (VICTOR) PORT,INDIA
2019,470329,SINAR MAS,OKI,SULTAN MAHMUD BADARUDDIN (U),SUMATERA SELATAN,3800,2135600,UNKNOWN AFFILIATION,FREELAND UNIVERSAL LTD,CHINA (HONG KONG),CHANGSHU,CHINA (MAINLAND)
2019,470329,SINAR MAS,LONTAR PAPYRUS,KUALA TUNGKAL,JAMBI,1079,599104,DRAGON CROWN HOLDINGS,DRAGON CROWN (HK) TRADING LTD,CHINA (HONG KONG),ZHANJIANG,CHINA (MAINLAND)
2019,470329,SINAR MAS,OKI,SULTAN MAHMUD BADARUDDIN (U),SUMATERA SELATAN,1150,645932,DRAGON CROWN HOLDINGS,DRAGON CROWN (HK) TRADING LTD,CHINA (HONG KONG),CHANGSHU,CHINA (MAINLAND)
2019,470329,ROYAL GOLDEN EAGLE,APRIL,BUATAN,RIAU,501,173361,ROYAL GOLDEN EAGLE,APRIL INTERNATIONAL ENTEPRISE PTE LTD,SINGAPORE,CHITTAGONG,BANGLADESH
2019,470329,ROYAL GOLDEN EAGLE,TOBA PULP LESTARI,BELAWAN,SUMATERA UTARA,490,211503,ROYAL GOLDEN EAGLE,DP MARKETING INTERNATIONAL,MACAO,CHITTAGONG,BANGLADESH
2019,470329,SINAR MAS,INDAH KIAT,PERAWANG,RIAU,260,146741,SINAR MAS,GOLDEN PROFIT TRADING PTE LTD,SINGAPORE,EL ISKANDARIYA (= ALEXAND,EGYPT
2019,470329,SINAR MAS,OKI,SULTAN MAHMUD BADARUDDIN (U),SUMATERA SELATAN,6000,3364079,DRAGON CROWN HOLDINGS,DRAGON CROWN (HK) TRADING LTD,CHINA (HONG KONG),QINGDAO,CHINA (MAINLAND)
2019,470329,ROYAL GOLDEN EAGLE,APRIL,BUATAN,RIAU,201,69510,ROYAL GOLDEN EAGLE,APRIL INTERNATIONAL ENTEPRISE PTE LTD,SINGAPORE,BANGKOK,THAILAND
2019,470329,SINAR MAS,LONTAR PAPYRUS,KUALA TUNGKAL,JAMBI,502,284228,SINAR MAS,GOLDEN PROFIT TRADING PTE LTD,SINGAPORE,CHITTAGONG,BANGLADESH
2019,470329,MARUBENI,TANJUNG ENIM LESTARI,PANJANG,SUMATERA SELATAN,105,49993,ANKIT,ANKIT PULPS AND BOARDS PVT LTD,INDIA,NAGPUR,INDIA
2019,470329,SINAR MAS,OKI,SULTAN MAHMUD BADARUDDIN (U),SUMATERA SELATAN,1000,560680,DRAGON CROWN HOLDINGS,DRAGON CROWN (HK) TRADING LTD,CHINA (HONG KONG),QINGDAO,CHINA (MAINLAND)
2019,470329,SINAR MAS,OKI,SULTAN MAHMUD BADARUDDIN (U),SUMATERA SELATAN,1000,560680,DRAGON CROWN HOLDINGS,DRAGON CROWN (HK) TRADING LTD,CHINA (HONG KONG),QINGDAO,CHINA (MAINLAND)
2019,470329,SINAR MAS,OKI,SULTAN MAHMUD BADARUDDIN (U),SUMATERA SELATAN,1000,562000,UNKNOWN AFFILIATION,SUZHOU GUANBAO TRADING LTD,CHINA (MAINLAND),NINGBO,CHINA (MAINLAND)
2019,470329,SINAR MAS,OKI,SULTAN MAHMUD BADARUDDIN (U),SUMATERA SELATAN,3000,1686000,SINAR MAS,GOLDEN PROFIT TRADING PTE LTD,SINGAPORE,NINGBO,CHINA (MAINLAND)
2019,470329,ROYAL GOLDEN EAGLE,APRIL,BUATAN,RIAU,100,36103,ROYAL GOLDEN EAGLE,APRIL INTERNATIONAL ENTEPRISE PTE LTD,SINGAPORE,BANGKOK,THAILAND
2019,470329,SINAR MAS,OKI,SULTAN MAHMUD BADARUDDIN (U),SUMATERA SELATAN,1000,560680,DRAGON CROWN HOLDINGS,DRAGON CROWN (HK) TRADING LTD,CHINA (HONG KONG),QINGDAO,CHINA (MAINLAND)
2019,470329,SINAR MAS,OKI,SULTAN MAHMUD BADARUDDIN (U),SUMATERA SELATAN,1740,975583,DRAGON CROWN HOLDINGS,DRAGON CROWN (HK) TRADING LTD,CHINA (HONG KONG),QINGDAO,CHINA (MAINLAND)
2019,470329,SINAR MAS,OKI,SULTAN MAHMUD BADARUDDIN (U),SUMATERA SELATAN,2500,1405000,UNKNOWN AFFILIATION,SUZHOU GUANBAO TRADING LTD,CHINA (MAINLAND),NINGBO,CHINA (MAINLAND)
2019,470329,SINAR MAS,OKI,SULTAN MAHMUD BADARUDDIN (U),SUMATERA SELATAN,1500,843000,UNKNOWN AFFILIATION,SUZHOU HUANG YI TRADE CO LTD,CHINA (MAINLAND),NINGBO,CHINA (MAINLAND)
2019,470329,ROYAL GOLDEN EAGLE,APRIL,BUATAN,RIAU,1006,347990,ROYAL GOLDEN EAGLE,APRIL INTERNATIONAL ENTEPRISE PTE LTD,SINGAPORE,ZHAPU,CHINA (MAINLAND)
2019,470329,SINAR MAS,INDAH KIAT,PERAWANG,RIAU,240,135453,SINAR MAS,GOLDEN PROFIT TRADING PTE LTD,SINGAPORE,EL ISKANDARIYA (= ALEXAND,EGYPT
2019,470329,SINAR MAS,OKI,SULTAN MAHMUD BADARUDDIN (U),SUMATERA SELATAN,1300,730600,SINAR MAS,GOLDEN PROFIT TRADING PTE LTD,SINGAPORE,NINGBO,CHINA (MAINLAND)
2019,470329,ROYAL GOLDEN EAGLE,APRIL,BUATAN,RIAU,764,264454,ROYAL GOLDEN EAGLE,APRIL INTERNATIONAL ENTEPRISE PTE LTD,SINGAPORE,ABU DHABI,UNITED ARAB EMIRATES
2019,470329,MARUBENI,TANJUNG ENIM LESTARI,PANJANG,SUMATERA SELATAN,105,48242,UNKNOWN AFFILIATION,VECHEM ORGANICS PVT LTD,INDIA,REWARI,INDIA
2019,470329,SINAR MAS,OKI,SULTAN MAHMUD BADARUDDIN (U),SUMATERA SELATAN,260,145777,DRAGON CROWN HOLDINGS,DRAGON CROWN (HK) TRADING LTD,CHINA (HONG KONG),QINGDAO,CHINA (MAINLAND)
2019,470329,ROYAL GOLDEN EAGLE,APRIL,BUATAN,RIAU,60,20847,ROYAL GOLDEN EAGLE,APRIL INTERNATIONAL ENTEPRISE PTE LTD,SINGAPORE,JAWAHARLAL NEHRU (NHAVA S,INDIA
2019,470329,MARUBENI,TANJUNG ENIM LESTARI,PANJANG,SUMATERA SELATAN,106,46592,UNKNOWN AFFILIATION,EMIRATES FINE TISSUE INDUSTRY LLC,UNITED ARAB EMIRATES,ABU DHABI,UNITED ARAB EMIRATES
2019,470329,SINAR MAS,OKI,SULTAN MAHMUD BADARUDDIN (U),SUMATERA SELATAN,1700,955400,SINAR MAS,GOLDEN PROFIT TRADING PTE LTD,SINGAPORE,NINGBO,CHINA (MAINLAND)
2019,470329,SINAR MAS,INDAH KIAT,PERAWANG,RIAU,3000,1690285,DRAGON CROWN HOLDINGS,DRAGON CROWN (HK) TRADING LTD,CHINA (HONG KONG),NANSHA,CHINA (MAINLAND)
2019,470329,ROYAL GOLDEN EAGLE,APRIL,BUATAN,RIAU,503,174138,ROYAL GOLDEN EAGLE,APRIL INTERNATIONAL ENTEPRISE PTE LTD,SINGAPORE,CHITTAGONG,BANGLADESH
2019,470329,SINAR MAS,INDAH KIAT,PERAWANG,RIAU,6800,3811400,UNKNOWN AFFILIATION,SUZHOU HUANG YI TRADE CO LTD,CHINA (MAINLAND),DAGANG,CHINA (MAINLAND)
2019,470329,SINAR MAS,INDAH KIAT,PERAWANG,RIAU,500,278693,SINAR MAS,GOLDEN PROFIT TRADING PTE LTD,SINGAPORE,CHITTAGONG,BANGLADESH
2019,470329,SINAR MAS,INDAH KIAT,PERAWANG,RIAU,200,113360,SINAR MAS,GOLDEN PROFIT TRADING PTE LTD,SINGAPORE,CAT LAI,VIETNAM
2019,470329,SINAR MAS,LONTAR PAPYRUS,KUALA TUNGKAL,JAMBI,502,284370,SINAR MAS,GOLDEN PROFIT TRADING PTE LTD,SINGAPORE,CHITTAGONG,BANGLADESH
2019,470329,SINAR MAS,INDAH KIAT,PERAWANG,RIAU,180,103049,SINAR MAS,GOLDEN PROFIT TRADING PTE LTD,SINGAPORE,APAPA,NIGERIA
2019,470329,SINAR MAS,INDAH KIAT,PERAWANG,RIAU,800,454360,CHINA UNION,CHINA UNION (MACAO COMMERCIAL OFFSHORE) CO LTD,MACAO,SHANGHAI,CHINA (MAINLAND)
2019,470329,ROYAL GOLDEN EAGLE,APRIL,BUATAN,RIAU,443,153264,ROYAL GOLDEN EAGLE,APRIL INTERNATIONAL ENTEPRISE PTE LTD,SINGAPORE,ABU DHABI,UNITED ARAB EMIRATES
2019,470329,SINAR MAS,INDAH KIAT,PERAWANG,RIAU,1000,550400,DRAGON CROWN HOLDINGS,DRAGON CROWN (HK) TRADING LTD,CHINA (HONG KONG),CHENGDU,CHINA (MAINLAND)
2019,470329,ROYAL GOLDEN EAGLE,APRIL,BUATAN,RIAU,403,144910,ROYAL GOLDEN EAGLE,APRIL INTERNATIONAL ENTEPRISE PTE LTD,SINGAPORE,CHITTAGONG,BANGLADESH
2019,470329,ROYAL GOLDEN EAGLE,APRIL,BUATAN,RIAU,403,139320,ROYAL GOLDEN EAGLE,APRIL INTERNATIONAL ENTEPRISE PTE LTD,SINGAPORE,ABU DHABI,UNITED ARAB EMIRATES
2019,470329,ROYAL GOLDEN EAGLE,APRIL,BUATAN,RIAU,423,146247,ROYAL GOLDEN EAGLE,APRIL INTERNATIONAL ENTEPRISE PTE LTD,SINGAPORE,ABU DHABI,UNITED ARAB EMIRATES
2019,470329,SINAR MAS,INDAH KIAT,PERAWANG,RIAU,48,26882,SINAR MAS,GOLDEN PROFIT TRADING PTE LTD,SINGAPORE,TAICHUNG,TAIWAN
2019,470329,SINAR MAS,INDAH KIAT,PERAWANG,RIAU,1000,567298,SINAR MAS,GOLDEN PROFIT TRADING PTE LTD,SINGAPORE,MELBOURNE,AUSTRALIA
2019,470329,SINAR MAS,INDAH KIAT,PERAWANG,RIAU,100,57249,SINAR MAS,GOLDEN PROFIT TRADING PTE LTD,SINGAPORE,APAPA,NIGERIA
2019,470329,ROYAL GOLDEN EAGLE,APRIL,BUATAN,RIAU,242,83571,ROYAL GOLDEN EAGLE,APRIL INTERNATIONAL ENTEPRISE PTE LTD,SINGAPORE,ABU DHABI,UNITED ARAB EMIRATES
2019,470329,ROYAL GOLDEN EAGLE,APRIL,BUATAN,RIAU,503,174046,ROYAL GOLDEN EAGLE,APRIL INTERNATIONAL ENTEPRISE PTE LTD,SINGAPORE,CHITTAGONG,BANGLADESH
2019,470329,SINAR MAS,OKI,SULTAN MAHMUD BADARUDDIN (U),SUMATERA SELATAN,330,174912,UNKNOWN AFFILIATION,FREELAND UNIVERSAL LTD,CHINA (HONG KONG),DALIAN,CHINA (MAINLAND)
2019,470329,ROYAL GOLDEN EAGLE,APRIL,BUATAN,RIAU,503,173990,ROYAL GOLDEN EAGLE,APRIL INTERNATIONAL ENTEPRISE PTE LTD,SINGAPORE,BIRGUNJ,NEPAL
2019,470329,ROYAL GOLDEN EAGLE,APRIL,FUTONG,RIAU,1808,625442,ROYAL GOLDEN EAGLE,APRIL INTERNATIONAL ENTEPRISE PTE LTD,SINGAPORE,IYOMISHIMA,JAPAN
2019,470329,ROYAL GOLDEN EAGLE,APRIL,BUATAN,RIAU,201,69629,ROYAL GOLDEN EAGLE,APRIL INTERNATIONAL ENTEPRISE PTE LTD,SINGAPORE,CHITTAGONG,BANGLADESH
2019,470329,ROYAL GOLDEN EAGLE,APRIL,BUATAN,RIAU,161,55611,ROYAL GOLDEN EAGLE,APRIL INTERNATIONAL ENTEPRISE PTE LTD,SINGAPORE,CHITTAGONG,BANGLADESH
2019,470329,SINAR MAS,OKI,SULTAN MAHMUD BADARUDDIN (U),SUMATERA SELATAN,6000,3363000,CHINA UNION,CHINA UNION (MACAO COMMERCIAL OFFSHORE) CO LTD,MACAO,ZHENJIANG,CHINA (MAINLAND)
2019,470329,SINAR MAS,OKI,SULTAN MAHMUD BADARUDDIN (U),SUMATERA SELATAN,330,174912,UNKNOWN AFFILIATION,FREELAND UNIVERSAL LTD,CHINA (HONG KONG),DALIAN,CHINA (MAINLAND)
2019,470329,SINAR MAS,OKI,SULTAN MAHMUD BADARUDDIN (U),SUMATERA SELATAN,1850,1036333,DRAGON CROWN HOLDINGS,DRAGON CROWN (HK) TRADING LTD,CHINA (HONG KONG),CHANGSHU,CHINA (MAINLAND)
2019,470329,ROYAL GOLDEN EAGLE,APRIL,BUATAN,RIAU,503,173950,ROYAL GOLDEN EAGLE,APRIL INTERNATIONAL ENTEPRISE PTE LTD,SINGAPORE,CHITTAGONG,BANGLADESH
2019,470329,SINAR MAS,OKI,SULTAN MAHMUD BADARUDDIN (U),SUMATERA SELATAN,3150,1765575,UNKNOWN AFFILIATION,FREELAND UNIVERSAL LTD,CHINA (HONG KONG),CHANGSHU,CHINA (MAINLAND)
2019,470329,ROYAL GOLDEN EAGLE,APRIL,FUTONG,RIAU,6328,2189522,ROYAL GOLDEN EAGLE,APRIL FAR EAST MALAYSIA SDN BHD,MALAYSIA,GUNSAN (ES KUNSAN),SOUTH KOREA
2019,470329,SINAR MAS,INDAH KIAT,PERAWANG,RIAU,500,278693,SINAR MAS,GOLDEN PROFIT TRADING PTE LTD,SINGAPORE,CHITTAGONG,BANGLADESH
2019,470329,ROYAL GOLDEN EAGLE,APRIL,BUATAN,RIAU,477,164886,ROYAL GOLDEN EAGLE,APRIL INTERNATIONAL ENTEPRISE PTE LTD,SINGAPORE,JEBEL ALI,UNITED ARAB EMIRATES
2019,470329,ROYAL GOLDEN EAGLE,APRIL,BUATAN,RIAU,477,164995,ROYAL GOLDEN EAGLE,APRIL INTERNATIONAL ENTEPRISE PTE LTD,SINGAPORE,JEBEL ALI,UNITED ARAB EMIRATES
2019,470329,MARUBENI,TANJUNG ENIM LESTARI,PANJANG,SUMATERA SELATAN,499,235814,MARUBENI,MARUBENI CORP,JAPAN,SHIMIZU,JAPAN
2019,470329,MARUBENI,TANJUNG ENIM LESTARI,PANJANG,SUMATERA SELATAN,1053,433765,VINDA,VINDA PAPER (ZHEJIANG) CO LTD,CHINA (MAINLAND),NINGBO,CHINA (MAINLAND)
2019,470329,ROYAL GOLDEN EAGLE,APRIL,BUATAN,RIAU,1005,347570,ROYAL GOLDEN EAGLE,APRIL INTERNATIONAL ENTEPRISE PTE LTD,SINGAPORE,NINGBO,CHINA (MAINLAND)
2019,470329,ROYAL GOLDEN EAGLE,APRIL,BUATAN,RIAU,502,173852,ROYAL GOLDEN EAGLE,APRIL INTERNATIONAL ENTEPRISE PTE LTD,SINGAPORE,CHITTAGONG,BANGLADESH
2019,470329,ROYAL GOLDEN EAGLE,APRIL,BUATAN,RIAU,402,139115,ROYAL GOLDEN EAGLE,APRIL INTERNATIONAL ENTEPRISE PTE LTD,SINGAPORE,CHITTAGONG,BANGLADESH
2019,470329,SINAR MAS,OKI,SULTAN MAHMUD BADARUDDIN (U),SUMATERA SELATAN,2000,1119359,DRAGON CROWN HOLDINGS,DRAGON CROWN (HK) TRADING LTD,CHINA (HONG KONG),TIANJIN,CHINA (MAINLAND)
2019,470329,ROYAL GOLDEN EAGLE,TOBA PULP LESTARI,BELAWAN,SUMATERA UTARA,2997,1294533,ROYAL GOLDEN EAGLE,DP MARKETING INTERNATIONAL,MACAO,KAKINADA,INDIA
2019,470329,SINAR MAS,INDAH KIAT,PERAWANG,RIAU,500,270897,SINAR MAS,GOLDEN PROFIT TRADING PTE LTD,SINGAPORE,CHITTAGONG,BANGLADESH
2019,470329,SINAR MAS,OKI,SULTAN MAHMUD BADARUDDIN (U),SUMATERA SELATAN,1000,559180,DRAGON CROWN HOLDINGS,DRAGON CROWN (HK) TRADING LTD,CHINA (HONG KONG),QINGDAO,CHINA (MAINLAND)
2019,470329,SINAR MAS,OKI,SULTAN MAHMUD BADARUDDIN (U),SUMATERA SELATAN,4140,2315005,DRAGON CROWN HOLDINGS,DRAGON CROWN (HK) TRADING LTD,CHINA (HONG KONG),QINGDAO,CHINA (MAINLAND)
2019,470329,SINAR MAS,OKI,SULTAN MAHMUD BADARUDDIN (U),SUMATERA SELATAN,990,538506,UNKNOWN AFFILIATION,FREELAND UNIVERSAL LTD,CHINA (HONG KONG),DALIAN,CHINA (MAINLAND)
2019,470329,SINAR MAS,LONTAR PAPYRUS,KUALA TUNGKAL,JAMBI,301,181989,SINAR MAS,GOLDEN PROFIT TRADING PTE LTD,SINGAPORE,PENANG (GEORGETOWN),MALAYSIA
2019,470329,ROYAL GOLDEN EAGLE,APRIL,BUATAN,RIAU,503,173953,ROYAL GOLDEN EAGLE,APRIL INTERNATIONAL ENTEPRISE PTE LTD,SINGAPORE,CHITTAGONG,BANGLADESH
2019,470329,ROYAL GOLDEN EAGLE,TOBA PULP LESTARI,BELAWAN,SUMATERA UTARA,2999,1295466,ROYAL GOLDEN EAGLE,DP MARKETING INTERNATIONAL,MACAO,KAKINADA,INDIA
2019,470329,SINAR MAS,INDAH KIAT,PERAWANG,RIAU,500,266572,SINAR MAS,GOLDEN PROFIT TRADING PTE LTD,SINGAPORE,CHITTAGONG,BANGLADESH
2019,470329,SINAR MAS,INDAH KIAT,PERAWANG,RIAU,800,452660,SINAR MAS,GOLDEN PROFIT TRADING PTE LTD,SINGAPORE,HAIPHONG,VIETNAM
2019,470329,SINAR MAS,INDAH KIAT,PERAWANG,RIAU,300,161216,SINAR MAS,GOLDEN PROFIT TRADING PTE LTD,SINGAPORE,CHITTAGONG,BANGLADESH
2019,470329,SINAR MAS,OKI,SULTAN MAHMUD BADARUDDIN (U),SUMATERA SELATAN,1104,617335,DRAGON CROWN HOLDINGS,DRAGON CROWN (HK) TRADING LTD,CHINA (HONG KONG),QINGDAO,CHINA (MAINLAND)
2019,470329,SINAR MAS,OKI,SULTAN MAHMUD BADARUDDIN (U),SUMATERA SELATAN,4156,2323952,DRAGON CROWN HOLDINGS,DRAGON CROWN (HK) TRADING LTD,CHINA (HONG KONG),QINGDAO,CHINA (MAINLAND)
2019,470329,ROYAL GOLDEN EAGLE,APRIL,BUATAN,RIAU,201,69439,ROYAL GOLDEN EAGLE,APRIL INTERNATIONAL ENTEPRISE PTE LTD,SINGAPORE,KATHUWAS ICD/ALWAR,INDIA
2019,470329,SINAR MAS,LONTAR PAPYRUS,KUALA TUNGKAL,JAMBI,903,510535,DRAGON CROWN HOLDINGS,DRAGON CROWN (HK) TRADING LTD,CHINA (HONG KONG),ZHANJIANG,CHINA (MAINLAND)
2019,470329,SINAR MAS,LONTAR PAPYRUS,KUALA TUNGKAL,JAMBI,1003,559659,SINAR MAS,GOLDEN PROFIT TRADING PTE LTD,SINGAPORE,TUTICORIN,INDIA
2019,470329,SINAR MAS,OKI,SULTAN MAHMUD BADARUDDIN (U),SUMATERA SELATAN,528,290727,DRAGON CROWN HOLDINGS,DRAGON CROWN (HK) TRADING LTD,CHINA (HONG KONG),NINGBO,CHINA (MAINLAND)
2019,470329,ROYAL GOLDEN EAGLE,APRIL,BUATAN,RIAU,502,173684,ROYAL GOLDEN EAGLE,APRIL INTERNATIONAL ENTEPRISE PTE LTD,SINGAPORE,CHITTAGONG,BANGLADESH
2019,470329,MARUBENI,TANJUNG ENIM LESTARI,PANJANG,SUMATERA SELATAN,105,49916,ANKIT,ANKIT PULPS AND BOARDS PVT LTD,INDIA,JAWAHARLAL NEHRU (NHAVA S,INDIA
2019,470329,ROYAL GOLDEN EAGLE,APRIL,BUATAN,RIAU,503,173913,ROYAL GOLDEN EAGLE,APRIL INTERNATIONAL ENTEPRISE PTE LTD,SINGAPORE,CHITTAGONG,BANGLADESH
2019,470329,MARUBENI,TANJUNG ENIM LESTARI,PANJANG,SUMATERA SELATAN,1578,654566,VINDA,VINDA PERSONAL CARE (CHINA) LTD,CHINA (MAINLAND),WUHAN,CHINA (MAINLAND)
2019,470329,MARUBENI,TANJUNG ENIM LESTARI,PANJANG,SUMATERA SELATAN,84,39599,UNKNOWN AFFILIATION,CLAIRES LTD,BULGARIA,VARNA,BULGARIA
2019,470329,ROYAL GOLDEN EAGLE,TOBA PULP LESTARI,BELAWAN,SUMATERA UTARA,378,163388,ROYAL GOLDEN EAGLE,DP MARKETING INTERNATIONAL,MACAO,PIPAVAV (VICTOR) PORT,INDIA
2019,470329,ROYAL GOLDEN EAGLE,APRIL,BUATAN,RIAU,201,72276,ROYAL GOLDEN EAGLE,APRIL INTERNATIONAL ENTEPRISE PTE LTD,SINGAPORE,BANGKOK,THAILAND
2019,470329,ROYAL GOLDEN EAGLE,APRIL,BUATAN,RIAU,1004,347526,ROYAL GOLDEN EAGLE,APRIL INTERNATIONAL ENTEPRISE PTE LTD,SINGAPORE,NINGBO,CHINA (MAINLAND)
2019,470329,SINAR MAS,LONTAR PAPYRUS,KUALA TUNGKAL,JAMBI,442,245703,DRAGON CROWN HOLDINGS,DRAGON CROWN (HK) TRADING LTD,CHINA (HONG KONG),ZHANJIANG,CHINA (MAINLAND)
2019,470329,SINAR MAS,LONTAR PAPYRUS,KUALA TUNGKAL,JAMBI,281,158667,DRAGON CROWN HOLDINGS,DRAGON CROWN (HK) TRADING LTD,CHINA (HONG KONG),ZHANJIANG,CHINA (MAINLAND)
2019,470329,SINAR MAS,OKI,SULTAN MAHMUD BADARUDDIN (U),SUMATERA SELATAN,3000,1677540,DRAGON CROWN HOLDINGS,DRAGON CROWN (HK) TRADING LTD,CHINA (HONG KONG),GAOLAN,CHINA (MAINLAND)
2019,470329,SINAR MAS,OKI,SULTAN MAHMUD BADARUDDIN (U),SUMATERA SELATAN,3000,1678500,UNKNOWN AFFILIATION,FREELAND UNIVERSAL LTD,CHINA (HONG KONG),YANGPU,CHINA (MAINLAND)
2019,470329,SINAR MAS,OKI,SULTAN MAHMUD BADARUDDIN (U),SUMATERA SELATAN,1500,839250,UNKNOWN AFFILIATION,FREELAND UNIVERSAL LTD,CHINA (HONG KONG),YANGPU,CHINA (MAINLAND)
2019,470329,SINAR MAS,OKI,SULTAN MAHMUD BADARUDDIN (U),SUMATERA SELATAN,2500,1398750,UNKNOWN AFFILIATION,FREELAND UNIVERSAL LTD,CHINA (HONG KONG),YANGPU,CHINA (MAINLAND)
2019,470329,SINAR MAS,OKI,SULTAN MAHMUD BADARUDDIN (U),SUMATERA SELATAN,484,263942,DRAGON CROWN HOLDINGS,DRAGON CROWN (HK) TRADING LTD,CHINA (HONG KONG),XIAMEN,CHINA (MAINLAND)
2019,470329,SINAR MAS,OKI,SULTAN MAHMUD BADARUDDIN (U),SUMATERA SELATAN,464,255783,DRAGON CROWN HOLDINGS,DRAGON CROWN (HK) TRADING LTD,CHINA (HONG KONG),NINGBO,CHINA (MAINLAND)
2019,470329,SINAR MAS,LONTAR PAPYRUS,KUALA TUNGKAL,JAMBI,1003,558521,DRAGON CROWN HOLDINGS,DRAGON CROWN (HK) TRADING LTD,CHINA (HONG KONG),ZHANJIANG,CHINA (MAINLAND)
2019,470329,SINAR MAS,OKI,SULTAN MAHMUD BADARUDDIN (U),SUMATERA SELATAN,330,174912,UNKNOWN AFFILIATION,FREELAND UNIVERSAL LTD,CHINA (HONG KONG),DALIAN,CHINA (MAINLAND)
2019,470329,SINAR MAS,INDAH KIAT,PERAWANG,RIAU,1000,565772,DRAGON CROWN HOLDINGS,DRAGON CROWN (HK) TRADING LTD,CHINA (HONG KONG),QINGDAO,CHINA (MAINLAND)
2019,470329,SINAR MAS,LONTAR PAPYRUS,KUALA TUNGKAL,JAMBI,643,363404,DRAGON CROWN HOLDINGS,DRAGON CROWN (HK) TRADING LTD,CHINA (HONG KONG),ZHANJIANG,CHINA (MAINLAND)
2019,470329,SINAR MAS,INDAH KIAT,PERAWANG,RIAU,500,280075,SINAR MAS,GOLDEN PROFIT TRADING PTE LTD,SINGAPORE,CHITTAGONG,BANGLADESH
2019,470329,ROYAL GOLDEN EAGLE,APRIL,BUATAN,RIAU,221,76488,ROYAL GOLDEN EAGLE,APRIL INTERNATIONAL ENTEPRISE PTE LTD,SINGAPORE,HAIPHONG,VIETNAM
2019,470329,MARUBENI,TANJUNG ENIM LESTARI,PANJANG,SUMATERA SELATAN,521,214836,VINDA,VINDA PAPER (ZHEJIANG) CO LTD,CHINA (MAINLAND),NINGBO,CHINA (MAINLAND)
2019,470329,SINAR MAS,LONTAR PAPYRUS,KUALA TUNGKAL,JAMBI,1004,567678,DRAGON CROWN HOLDINGS,DRAGON CROWN (HK) TRADING LTD,CHINA (HONG KONG),ZHANJIANG,CHINA (MAINLAND)
2019,470329,SINAR MAS,INDAH KIAT,PERAWANG,RIAU,5500,3080825,MEGHNA GROUP OF INDUSTRIES,MEGHNA PULP AND PAPER MILLS LTD,SINGAPORE,CHITTAGONG,BANGLADESH
2019,470329,SINAR MAS,INDAH KIAT,PERAWANG,RIAU,3000,1686000,UNKNOWN AFFILIATION,SUZHOU HUANG YI TRADE CO LTD,CHINA (MAINLAND),DAGANG,CHINA (MAINLAND)
2019,470329,SINAR MAS,INDAH KIAT,PERAWANG,RIAU,500,278693,SINAR MAS,GOLDEN PROFIT TRADING PTE LTD,SINGAPORE,CHITTAGONG,BANGLADESH
2019,470329,ROYAL GOLDEN EAGLE,APRIL,BUATAN,RIAU,40,13904,ROYAL GOLDEN EAGLE,APRIL INTERNATIONAL ENTEPRISE PTE LTD,SINGAPORE,CHENNAI (EX MADRAS),INDIA
2019,470329,SINAR MAS,INDAH KIAT,PERAWANG,RIAU,7600,4271200,CHINA UNION,CHINA UNION (MACAO COMMERCIAL OFFSHORE) CO LTD,MACAO,DAGANG,CHINA (MAINLAND)
2019,470329,SINAR MAS,INDAH KIAT,PERAWANG,RIAU,1000,561972,DRAGON CROWN HOLDINGS,DRAGON CROWN (HK) TRADING LTD,CHINA (HONG KONG),QINGDAO,CHINA (MAINLAND)
2019,470329,ROYAL GOLDEN EAGLE,APRIL,BUATAN,RIAU,1005,347668,ROYAL GOLDEN EAGLE,APRIL INTERNATIONAL ENTEPRISE PTE LTD,SINGAPORE,NINGBO,CHINA (MAINLAND)
2019,470329,SINAR MAS,LONTAR PAPYRUS,KUALA TUNGKAL,JAMBI,1004,567536,DRAGON CROWN HOLDINGS,DRAGON CROWN (HK) TRADING LTD,CHINA (HONG KONG),ZHANJIANG,CHINA (MAINLAND)
2019,470329,SINAR MAS,OKI,SULTAN MAHMUD BADARUDDIN (U),SUMATERA SELATAN,2000,1121000,UNKNOWN AFFILIATION,SUZHOU HUANG YI TRADE CO LTD,CHINA (MAINLAND),NINGBO,CHINA (MAINLAND)
2019,470329,SINAR MAS,OKI,SULTAN MAHMUD BADARUDDIN (U),SUMATERA SELATAN,500,281000,UNKNOWN AFFILIATION,FREELAND UNIVERSAL LTD,CHINA (HONG KONG),CHANGSHU,CHINA (MAINLAND)
2019,470329,ROYAL GOLDEN EAGLE,APRIL,BUATAN,RIAU,1005,347782,ROYAL GOLDEN EAGLE,APRIL INTERNATIONAL ENTEPRISE PTE LTD,SINGAPORE,NINGBO,CHINA (MAINLAND)
2019,470329,SINAR MAS,OKI,SULTAN MAHMUD BADARUDDIN (U),SUMATERA SELATAN,5600,3138800,CHINA UNION,CHINA UNION (MACAO COMMERCIAL OFFSHORE) CO LTD,MACAO,ZHENJIANG,CHINA (MAINLAND)
2019,470329,SINAR MAS,OKI,SULTAN MAHMUD BADARUDDIN (U),SUMATERA SELATAN,5246,2841710,DRAGON CROWN HOLDINGS,DRAGON CROWN (HK) TRADING LTD,CHINA (HONG KONG),CHANGSHU,CHINA (MAINLAND)
2019,470329,SINAR MAS,OKI,SULTAN MAHMUD BADARUDDIN (U),SUMATERA SELATAN,1300,728650,SINAR MAS,GOLDEN PROFIT TRADING PTE LTD,SINGAPORE,NINGBO,CHINA (MAINLAND)
2019,470329,SINAR MAS,OKI,SULTAN MAHMUD BADARUDDIN (U),SUMATERA SELATAN,4754,2575199,DRAGON CROWN HOLDINGS,DRAGON CROWN (HK) TRADING LTD,CHINA (HONG KONG),CHANGSHU,CHINA (MAINLAND)
2019,470329,SINAR MAS,OKI,SULTAN MAHMUD BADARUDDIN (U),SUMATERA SELATAN,700,392350,UNKNOWN AFFILIATION,BRIGHTENING SKY CO LTD,CHINA (HONG KONG),NINGBO,CHINA (MAINLAND)
2019,470329,SINAR MAS,OKI,SULTAN MAHMUD BADARUDDIN (U),SUMATERA SELATAN,500,281000,UNKNOWN AFFILIATION,BRIGHTENING SKY CO LTD,CHINA (HONG KONG),CHANGSHU,CHINA (MAINLAND)
2019,470329,SINAR MAS,OKI,SULTAN MAHMUD BADARUDDIN (U),SUMATERA SELATAN,1000,560500,UNKNOWN AFFILIATION,SUZHOU HUANG YI TRADE CO LTD,CHINA (MAINLAND),NINGBO,CHINA (MAINLAND)
2019,470329,ROYAL GOLDEN EAGLE,APRIL,BUATAN,RIAU,60,20864,ROYAL GOLDEN EAGLE,APRIL INTERNATIONAL ENTEPRISE PTE LTD,SINGAPORE,JAWAHARLAL NEHRU (NHAVA S,INDIA
2019,470329,SINAR MAS,INDAH KIAT,PERAWANG,RIAU,500,283854,SINAR MAS,GOLDEN PROFIT TRADING PTE LTD,SINGAPORE,MELBOURNE,AUSTRALIA
2019,470329,SINAR MAS,INDAH KIAT,PERAWANG,RIAU,1000,561281,SINAR MAS,GOLDEN PROFIT TRADING PTE LTD,SINGAPORE,ABU DHABI,UNITED ARAB EMIRATES
2019,470329,SINAR MAS,INDAH KIAT,PERAWANG,RIAU,400,222012,SINAR MAS,GOLDEN PROFIT TRADING PTE LTD,SINGAPORE,KARACHI,PAKISTAN
2019,470329,ROYAL GOLDEN EAGLE,APRIL,BUATAN,RIAU,503,174039,ROYAL GOLDEN EAGLE,APRIL INTERNATIONAL ENTEPRISE PTE LTD,SINGAPORE,ZHAPU,CHINA (MAINLAND)
2019,470329,SINAR MAS,INDAH KIAT,PERAWANG,RIAU,200,111006,SINAR MAS,GOLDEN PROFIT TRADING PTE LTD,SINGAPORE,KARACHI,PAKISTAN
2019,470329,SINAR MAS,INDAH KIAT,PERAWANG,RIAU,1000,550400,DRAGON CROWN HOLDINGS,DRAGON CROWN (HK) TRADING LTD,CHINA (HONG KONG),CHENGDU,CHINA (MAINLAND)
2019,470329,SINAR MAS,INDAH KIAT,PERAWANG,RIAU,400,222012,SINAR MAS,GOLDEN PROFIT TRADING PTE LTD,SINGAPORE,KARACHI,PAKISTAN
2019,470329,SINAR MAS,INDAH KIAT,PERAWANG,RIAU,400,228765,SINAR MAS,GOLDEN PROFIT TRADING PTE LTD,SINGAPORE,PIPAVAV (VICTOR) PORT,INDIA
2019,470329,ROYAL GOLDEN EAGLE,APRIL,FUTONG,RIAU,3707,1282709,ROYAL GOLDEN EAGLE,APRIL INTERNATIONAL ENTEPRISE PTE LTD,SINGAPORE,CHANGSHU,CHINA (MAINLAND)
2019,470329,MARUBENI,TANJUNG ENIM LESTARI,PANJANG,SUMATERA SELATAN,1050,422375,VINDA,VINDA PAPER (SI CHUAN) CO LTD,CHINA (MAINLAND),CHONGQING,CHINA (MAINLAND)
2019,470329,SINAR MAS,OKI,SULTAN MAHMUD BADARUDDIN (U),SUMATERA SELATAN,748,410231,DRAGON CROWN HOLDINGS,DRAGON CROWN (HK) TRADING LTD,CHINA (HONG KONG),NINGBO,CHINA (MAINLAND)
2019,470329,ROYAL GOLDEN EAGLE,APRIL,BUATAN,RIAU,563,194879,ROYAL GOLDEN EAGLE,APRIL INTERNATIONAL ENTEPRISE PTE LTD,SINGAPORE,ABU DHABI,UNITED ARAB EMIRATES
2019,470329,ROYAL GOLDEN EAGLE,APRIL,FUTONG,RIAU,2011,724126,ROYAL GOLDEN EAGLE,APRIL INTERNATIONAL ENTEPRISE PTE LTD,SINGAPORE,QINGDAO,CHINA (MAINLAND)
2019,470329,SINAR MAS,OKI,SULTAN MAHMUD BADARUDDIN (U),SUMATERA SELATAN,496,271340,DRAGON CROWN HOLDINGS,DRAGON CROWN (HK) TRADING LTD,CHINA (HONG KONG),NINGBO,CHINA (MAINLAND)
2019,470329,ROYAL GOLDEN EAGLE,APRIL,BUATAN,RIAU,1005,347611,ROYAL GOLDEN EAGLE,APRIL INTERNATIONAL ENTEPRISE PTE LTD,SINGAPORE,NINGBO,CHINA (MAINLAND)
2019,470329,SINAR MAS,INDAH KIAT,PERAWANG,RIAU,200,107477,SINAR MAS,GOLDEN PROFIT TRADING PTE LTD,SINGAPORE,CHITTAGONG,BANGLADESH
2019,470329,ROYAL GOLDEN EAGLE,APRIL,FUTONG,RIAU,2009,695202,ROYAL GOLDEN EAGLE,APRIL INTERNATIONAL ENTEPRISE PTE LTD,SINGAPORE,CHANGSHU,CHINA (MAINLAND)
2019,470329,SINAR MAS,LONTAR PAPYRUS,KUALA TUNGKAL,JAMBI,484,272116,DRAGON CROWN HOLDINGS,DRAGON CROWN (HK) TRADING LTD,CHINA (HONG KONG),ZHANJIANG,CHINA (MAINLAND)
2019,470329,SINAR MAS,INDAH KIAT,PERAWANG,RIAU,4990,2692105,SINAR MAS,GOLDEN PROFIT TRADING PTE LTD,SINGAPORE,ULSAN,SOUTH KOREA
2019,470329,SINAR MAS,INDAH KIAT,PERAWANG,RIAU,2100,1174950,UNKNOWN AFFILIATION,SUZHOU HUANG YI TRADE CO LTD,CHINA (MAINLAND),NINGBO,CHINA (MAINLAND)
2019,470329,SINAR MAS,INDAH KIAT,PERAWANG,RIAU,800,475468,SINAR MAS,GOLDEN PROFIT TRADING PTE LTD,SINGAPORE,TUTICORIN,INDIA
2019,470329,SINAR MAS,INDAH KIAT,PERAWANG,RIAU,800,452660,SINAR MAS,GOLDEN PROFIT TRADING PTE LTD,SINGAPORE,HAIPHONG,VIETNAM
2019,470329,MARUBENI,TANJUNG ENIM LESTARI,PANJANG,SUMATERA SELATAN,494,221818,MARUBENI,MARUBENI CORP,JAPAN,SHIMIZU,JAPAN
2019,470329,SINAR MAS,INDAH KIAT,PERAWANG,RIAU,800,440000,SINAR MAS,GOLDEN PROFIT TRADING PTE LTD,SINGAPORE,DJIBOUTI,DJIBOUTI
2019,470329,SINAR MAS,INDAH KIAT,PERAWANG,RIAU,500,278693,SINAR MAS,GOLDEN PROFIT TRADING PTE LTD,SINGAPORE,CHITTAGONG,BANGLADESH
2019,470329,MARUBENI,TANJUNG ENIM LESTARI,PANJANG,SUMATERA SELATAN,502,225551,UNKNOWN AFFILIATION,VISY PULP AND PAPER PTY LTD,AUSTRALIA,MELBOURNE,AUSTRALIA
2019,470329,SINAR MAS,LONTAR PAPYRUS,KUALA TUNGKAL,JAMBI,1001,560125,DRAGON CROWN HOLDINGS,DRAGON CROWN (HK) TRADING LTD,CHINA (HONG KONG),ZHANJIANG,CHINA (MAINLAND)
2019,470329,ROYAL GOLDEN EAGLE,APRIL,BUATAN,RIAU,402,139108,ROYAL GOLDEN EAGLE,APRIL INTERNATIONAL ENTEPRISE PTE LTD,SINGAPORE,CHITTAGONG,BANGLADESH
2019,470329,ROYAL GOLDEN EAGLE,APRIL,BUATAN,RIAU,161,57913,ROYAL GOLDEN EAGLE,APRIL INTERNATIONAL ENTEPRISE PTE LTD,SINGAPORE,PIPAVAV (VICTOR) PORT,INDIA
2019,470329,ROYAL GOLDEN EAGLE,APRIL,BUATAN,RIAU,502,173792,ROYAL GOLDEN EAGLE,APRIL INTERNATIONAL ENTEPRISE PTE LTD,SINGAPORE,CHITTAGONG,BANGLADESH
2019,470329,ROYAL GOLDEN EAGLE,APRIL,BUATAN,RIAU,302,104401,ROYAL GOLDEN EAGLE,APRIL INTERNATIONAL ENTEPRISE PTE LTD,SINGAPORE,BANGKOK,THAILAND
2019,470329,ROYAL GOLDEN EAGLE,APRIL,BUATAN,RIAU,503,173933,ROYAL GOLDEN EAGLE,APRIL INTERNATIONAL ENTEPRISE PTE LTD,SINGAPORE,CHITTAGONG,BANGLADESH
2019,470329,ROYAL GOLDEN EAGLE,APRIL,BUATAN,RIAU,100,34769,ROYAL GOLDEN EAGLE,APRIL INTERNATIONAL ENTEPRISE PTE LTD,SINGAPORE,ANKLESHWAR,INDIA
2019,470329,ROYAL GOLDEN EAGLE,TOBA PULP LESTARI,BELAWAN,SUMATERA UTARA,510,220438,ROYAL GOLDEN EAGLE,DP MARKETING INTERNATIONAL,MACAO,PIPAVAV (VICTOR) PORT,INDIA
2019,470329,ROYAL GOLDEN EAGLE,TOBA PULP LESTARI,BELAWAN,SUMATERA UTARA,494,213475,ROYAL GOLDEN EAGLE,DP MARKETING INTERNATIONAL,MACAO,PIPAVAV (VICTOR) PORT,INDIA
2019,470329,ROYAL GOLDEN EAGLE,APRIL,BUATAN,RIAU,40,14475,ROYAL GOLDEN EAGLE,APRIL INTERNATIONAL ENTEPRISE PTE LTD,SINGAPORE,MUNDRA,INDIA
2019,470329,MARUBENI,TANJUNG ENIM LESTARI,PANJANG,SUMATERA SELATAN,521,234244,UNKNOWN AFFILIATION,WEST COAST PAPER MILLS LTD,INDIA,JAWAHARLAL NEHRU (NHAVA S,INDIA
2019,470329,ROYAL GOLDEN EAGLE,TOBA PULP LESTARI,BELAWAN,SUMATERA UTARA,380,163961,ROYAL GOLDEN EAGLE,DP MARKETING INTERNATIONAL,MACAO,PIPAVAV (VICTOR) PORT,INDIA
2019,470329,SINAR MAS,OKI,SULTAN MAHMUD BADARUDDIN (U),SUMATERA SELATAN,748,406104,DRAGON CROWN HOLDINGS,DRAGON CROWN (HK) TRADING LTD,CHINA (HONG KONG),NINGBO,CHINA (MAINLAND)
2019,470329,SINAR MAS,INDAH KIAT,PERAWANG,RIAU,1000,546062,SINAR MAS,GOLDEN PROFIT TRADING PTE LTD,SINGAPORE,AD DAMMAM,SAUDI ARABIA
2019,470329,MARUBENI,TANJUNG ENIM LESTARI,PANJANG,SUMATERA SELATAN,522,231670,ITC,ITC LTD - PAPERBOARDS & SPECIALTY PAPERS DIVSION,INDIA,HALDIA,INDIA
2019,470329,SINAR MAS,INDAH KIAT,PERAWANG,RIAU,800,436850,SINAR MAS,GOLDEN PROFIT TRADING PTE LTD,SINGAPORE,AD DAMMAM,SAUDI ARABIA
2019,470329,SINAR MAS,INDAH KIAT,PERAWANG,RIAU,1000,541374,DRAGON CROWN HOLDINGS,DRAGON CROWN (HK) TRADING LTD,CHINA (HONG KONG),QINZHOU,CHINA (MAINLAND)
2019,470329,MARUBENI,TANJUNG ENIM LESTARI,PANJANG,SUMATERA SELATAN,523,234892,UNKNOWN AFFILIATION,WEST COAST PAPER MILLS LTD,INDIA,JAWAHARLAL NEHRU (NHAVA S,INDIA
2019,470329,SINAR MAS,INDAH KIAT,PERAWANG,RIAU,500,280774,SINAR MAS,GOLDEN PROFIT TRADING PTE LTD,SINGAPORE,CAT LAI,VIETNAM
2019,470329,SINAR MAS,INDAH KIAT,PERAWANG,RIAU,3000,1622073,DRAGON CROWN HOLDINGS,DRAGON CROWN (HK) TRADING LTD,CHINA (HONG KONG),TIANJIN,CHINA (MAINLAND)
2019,470329,SINAR MAS,INDAH KIAT,PERAWANG,RIAU,260,146741,SINAR MAS,GOLDEN PROFIT TRADING PTE LTD,SINGAPORE,EL ISKANDARIYA (= ALEXAND,EGYPT
2019,470329,SINAR MAS,INDAH KIAT,PERAWANG,RIAU,2000,1081382,DRAGON CROWN HOLDINGS,DRAGON CROWN (HK) TRADING LTD,CHINA (HONG KONG),TIANJIN,CHINA (MAINLAND)
2019,470329,SINAR MAS,INDAH KIAT,PERAWANG,RIAU,3000,1622073,DRAGON CROWN HOLDINGS,DRAGON CROWN (HK) TRADING LTD,CHINA (HONG KONG),TIANJIN,CHINA (MAINLAND)
2019,470329,SINAR MAS,INDAH KIAT,PERAWANG,RIAU,3000,1622073,DRAGON CROWN HOLDINGS,DRAGON CROWN (HK) TRADING LTD,CHINA (HONG KONG),TIANJIN,CHINA (MAINLAND)
2019,470329,SINAR MAS,INDAH KIAT,PERAWANG,RIAU,240,135453,SINAR MAS,GOLDEN PROFIT TRADING PTE LTD,SINGAPORE,EL ISKANDARIYA (= ALEXAND,EGYPT
2019,470329,SINAR MAS,INDAH KIAT,PERAWANG,RIAU,1000,540691,DRAGON CROWN HOLDINGS,DRAGON CROWN (HK) TRADING LTD,CHINA (HONG KONG),TIANJIN,CHINA (MAINLAND)
2019,470329,SINAR MAS,INDAH KIAT,PERAWANG,RIAU,1000,540691,DRAGON CROWN HOLDINGS,DRAGON CROWN (HK) TRADING LTD,CHINA (HONG KONG),TIANJIN,CHINA (MAINLAND)
2019,470329,ROYAL GOLDEN EAGLE,APRIL,BUATAN,RIAU,302,104368,ROYAL GOLDEN EAGLE,APRIL INTERNATIONAL ENTEPRISE PTE LTD,SINGAPORE,HAIPHONG,VIETNAM
2019,470329,SINAR MAS,INDAH KIAT,PERAWANG,RIAU,1000,550400,DRAGON CROWN HOLDINGS,DRAGON CROWN (HK) TRADING LTD,CHINA (HONG KONG),CHONGQING,CHINA (MAINLAND)
2019,470329,SINAR MAS,INDAH KIAT,PERAWANG,RIAU,1000,540691,DRAGON CROWN HOLDINGS,DRAGON CROWN (HK) TRADING LTD,CHINA (HONG KONG),TIANJIN,CHINA (MAINLAND)
2019,470329,SINAR MAS,LONTAR PAPYRUS,KUALA TUNGKAL,JAMBI,301,181514,SINAR MAS,GOLDEN PROFIT TRADING PTE LTD,SINGAPORE,PENANG (GEORGETOWN),MALAYSIA
2019,470329,SINAR MAS,OKI,SULTAN MAHMUD BADARUDDIN (U),SUMATERA SELATAN,6200,3466915,DRAGON CROWN HOLDINGS,DRAGON CROWN (HK) TRADING LTD,CHINA (HONG KONG),QINGDAO,CHINA (MAINLAND)
2019,470329,SINAR MAS,LONTAR PAPYRUS,KUALA TUNGKAL,JAMBI,301,164404,SINAR MAS,GOLDEN PROFIT TRADING PTE LTD,SINGAPORE,HAIPHONG,VIETNAM
2019,470329,SINAR MAS,OKI,SULTAN MAHMUD BADARUDDIN (U),SUMATERA SELATAN,3500,1958250,SINAR MAS,GOLDEN PROFIT TRADING PTE LTD,SINGAPORE,NINGBO,CHINA (MAINLAND)
2019,470329,SINAR MAS,LONTAR PAPYRUS,KUALA TUNGKAL,JAMBI,301,170034,SINAR MAS,GOLDEN PROFIT TRADING PTE LTD,SINGAPORE,HAIPHONG,VIETNAM
2019,470329,MARUBENI,TANJUNG ENIM LESTARI,PANJANG,SUMATERA SELATAN,321,154171,UNKNOWN AFFILIATION,NIBONG TEBAL PAPER MILL SDN BHD,MALAYSIA,PENANG (GEORGETOWN),MALAYSIA
2019,470329,ROYAL GOLDEN EAGLE,APRIL,BUATAN,RIAU,502,173725,ROYAL GOLDEN EAGLE,APRIL INTERNATIONAL ENTEPRISE PTE LTD,SINGAPORE,CHITTAGONG,BANGLADESH
2019,470329,MARUBENI,TANJUNG ENIM LESTARI,PANJANG,SUMATERA SELATAN,105,50293,ANKIT,ANKIT PULPS AND BOARDS PVT LTD,INDIA,JAWAHARLAL NEHRU (NHAVA S,INDIA
2019,470329,SINAR MAS,LONTAR PAPYRUS,KUALA TUNGKAL,JAMBI,80,45422,DRAGON CROWN HOLDINGS,DRAGON CROWN (HK) TRADING LTD,CHINA (HONG KONG),ZHANJIANG,CHINA (MAINLAND)
2019,470329,SINAR MAS,INDAH KIAT,PERAWANG,RIAU,500,283649,SINAR MAS,GOLDEN PROFIT TRADING PTE LTD,SINGAPORE,MELBOURNE,AUSTRALIA
2019,470329,SINAR MAS,LONTAR PAPYRUS,KUALA TUNGKAL,JAMBI,301,170630,SINAR MAS,GOLDEN PROFIT TRADING PTE LTD,SINGAPORE,CAT LAI,VIETNAM
2019,470329,ROYAL GOLDEN EAGLE,APRIL,BUATAN,RIAU,503,173905,ROYAL GOLDEN EAGLE,APRIL INTERNATIONAL ENTEPRISE PTE LTD,SINGAPORE,ZHAPU,CHINA (MAINLAND)
2019,470329,SINAR MAS,LONTAR PAPYRUS,KUALA TUNGKAL,JAMBI,1003,564989,SINAR MAS,GOLDEN PROFIT TRADING PTE LTD,SINGAPORE,TUTICORIN,INDIA
2019,470329,SINAR MAS,LONTAR PAPYRUS,KUALA TUNGKAL,JAMBI,402,224152,SINAR MAS,GOLDEN PROFIT TRADING PTE LTD,SINGAPORE,MANILA SOUTH HARBOUR,PHILIPPINES
2019,470329,SINAR MAS,OKI,SULTAN MAHMUD BADARUDDIN (U),SUMATERA SELATAN,800,447600,UNKNOWN AFFILIATION,BRIGHTENING SKY CO LTD,CHINA (HONG KONG),NINGBO,CHINA (MAINLAND)
2019,470329,ROYAL GOLDEN EAGLE,APRIL,BUATAN,RIAU,502,173712,ROYAL GOLDEN EAGLE,APRIL INTERNATIONAL ENTEPRISE PTE LTD,SINGAPORE,CHITTAGONG,BANGLADESH
2019,470329,SINAR MAS,INDAH KIAT,PERAWANG,RIAU,1000,568338,SINAR MAS,GOLDEN PROFIT TRADING PTE LTD,SINGAPORE,LAT KRABANG,THAILAND
2019,470329,SINAR MAS,INDAH KIAT,PERAWANG,RIAU,500,278693,SINAR MAS,GOLDEN PROFIT TRADING PTE LTD,SINGAPORE,CHITTAGONG,BANGLADESH
2019,470329,ROYAL GOLDEN EAGLE,APRIL,BUATAN,RIAU,476,164744,ROYAL GOLDEN EAGLE,APRIL INTERNATIONAL ENTEPRISE PTE LTD,SINGAPORE,JEBEL ALI,UNITED ARAB EMIRATES
2019,470329,SINAR MAS,INDAH KIAT,PERAWANG,RIAU,820,464914,SINAR MAS,GOLDEN PROFIT TRADING PTE LTD,SINGAPORE,TUTICORIN,INDIA
2019,470329,ROYAL GOLDEN EAGLE,APRIL,BUATAN,RIAU,502,173796,ROYAL GOLDEN EAGLE,APRIL INTERNATIONAL ENTEPRISE PTE LTD,SINGAPORE,CHITTAGONG,BANGLADESH
2019,470329,ROYAL GOLDEN EAGLE,APRIL,BUATAN,RIAU,1005,347733,ROYAL GOLDEN EAGLE,APRIL INTERNATIONAL ENTEPRISE PTE LTD,SINGAPORE,HAIPHONG,VIETNAM
2019,470329,ROYAL GOLDEN EAGLE,APRIL,BUATAN,RIAU,60,20890,ROYAL GOLDEN EAGLE,APRIL INTERNATIONAL ENTEPRISE PTE LTD,SINGAPORE,JAWAHARLAL NEHRU (NHAVA S,INDIA
2019,470329,SINAR MAS,LONTAR PAPYRUS,KUALA TUNGKAL,JAMBI,1003,556164,SINAR MAS,GOLDEN PROFIT TRADING PTE LTD,SINGAPORE,LAT KRABANG,THAILAND
2019,470329,ROYAL GOLDEN EAGLE,APRIL,BUATAN,RIAU,302,104500,ROYAL GOLDEN EAGLE,APRIL INTERNATIONAL ENTEPRISE PTE LTD,SINGAPORE,JAWAHARLAL NEHRU (NHAVA S,INDIA
2019,470329,ROYAL GOLDEN EAGLE,APRIL,BUATAN,RIAU,101,34786,ROYAL GOLDEN EAGLE,APRIL INTERNATIONAL ENTEPRISE PTE LTD,SINGAPORE,ANKLESHWAR,INDIA
2019,470329,SINAR MAS,INDAH KIAT,PERAWANG,RIAU,600,343148,SINAR MAS,GOLDEN PROFIT TRADING PTE LTD,SINGAPORE,PIPAVAV (VICTOR) PORT,INDIA
2019,470329,MARUBENI,TANJUNG ENIM LESTARI,PANJANG,SUMATERA SELATAN,589,278496,MARUBENI,MARUBENI CORP,JAPAN,SHIMIZU,JAPAN
2019,470329,ROYAL GOLDEN EAGLE,APRIL,BUATAN,RIAU,502,173828,ROYAL GOLDEN EAGLE,APRIL INTERNATIONAL ENTEPRISE PTE LTD,SINGAPORE,CHITTAGONG,BANGLADESH
2019,470329,SINAR MAS,INDAH KIAT,PERAWANG,RIAU,800,452660,SINAR MAS,GOLDEN PROFIT TRADING PTE LTD,SINGAPORE,HAIPHONG,VIETNAM
2019,470329,ROYAL GOLDEN EAGLE,APRIL,FUTONG,RIAU,5023,1738044,ROYAL GOLDEN EAGLE,APRIL FAR EAST MALAYSIA SDN BHD,MALAYSIA,XINHUI,CHINA (MAINLAND)
2019,470329,SINAR MAS,INDAH KIAT,PERAWANG,RIAU,500,268693,SINAR MAS,GOLDEN PROFIT TRADING PTE LTD,SINGAPORE,CHITTAGONG,BANGLADESH
2019,470329,SINAR MAS,INDAH KIAT,PERAWANG,RIAU,200,109212,SINAR MAS,GOLDEN PROFIT TRADING PTE LTD,SINGAPORE,AD DAMMAM,SAUDI ARABIA
2019,470329,SINAR MAS,OKI,SULTAN MAHMUD BADARUDDIN (U),SUMATERA SELATAN,5000,2810000,CHINA UNION,CHINA UNION (MACAO COMMERCIAL OFFSHORE) CO LTD,MACAO,NINGBO,CHINA (MAINLAND)
2019,470329,SINAR MAS,LONTAR PAPYRUS,KUALA TUNGKAL,JAMBI,1005,568109,DRAGON CROWN HOLDINGS,DRAGON CROWN (HK) TRADING LTD,CHINA (HONG KONG),ZHANJIANG,CHINA (MAINLAND)
2019,470329,SINAR MAS,OKI,SULTAN MAHMUD BADARUDDIN (U),SUMATERA SELATAN,1000,560000,SINAR MAS,GOLDEN PROFIT TRADING PTE LTD,SINGAPORE,GUNSAN (ES KUNSAN),SOUTH KOREA
2019,470329,SINAR MAS,OKI,SULTAN MAHMUD BADARUDDIN (U),SUMATERA SELATAN,5000,2800000,SINAR MAS,GOLDEN PROFIT TRADING PTE LTD,SINGAPORE,GUNSAN (ES KUNSAN),SOUTH KOREA
2019,470329,SINAR MAS,OKI,SULTAN MAHMUD BADARUDDIN (U),SUMATERA SELATAN,150,84000,SINAR MAS,GOLDEN PROFIT TRADING PTE LTD,SINGAPORE,GUNSAN (ES KUNSAN),SOUTH KOREA
2019,470329,ROYAL GOLDEN EAGLE,TOBA PULP LESTARI,BELAWAN,SUMATERA UTARA,515,222406,ROYAL GOLDEN EAGLE,DP MARKETING INTERNATIONAL,MACAO,PIPAVAV (VICTOR) PORT,INDIA
2019,470329,SINAR MAS,OKI,SULTAN MAHMUD BADARUDDIN (U),SUMATERA SELATAN,5000,2810000,SINAR MAS,GOLDEN PROFIT TRADING PTE LTD,SINGAPORE,NINGBO,CHINA (MAINLAND)
2019,470329,SINAR MAS,LONTAR PAPYRUS,KUALA TUNGKAL,JAMBI,1003,559531,SINAR MAS,GOLDEN PROFIT TRADING PTE LTD,SINGAPORE,TUTICORIN,INDIA
2019,470329,ROYAL GOLDEN EAGLE,APRIL,BUATAN,RIAU,502,173786,ROYAL GOLDEN EAGLE,APRIL INTERNATIONAL ENTEPRISE PTE LTD,SINGAPORE,CHITTAGONG,BANGLADESH
2019,470329,SINAR MAS,LONTAR PAPYRUS,KUALA TUNGKAL,JAMBI,201,113581,SINAR MAS,GOLDEN PROFIT TRADING PTE LTD,SINGAPORE,CAT LAI,VIETNAM
2019,470329,SINAR MAS,OKI,SULTAN MAHMUD BADARUDDIN (U),SUMATERA SELATAN,6000,3360000,SINAR MAS,GOLDEN PROFIT TRADING PTE LTD,SINGAPORE,GUNSAN (ES KUNSAN),SOUTH KOREA
2019,470329,ROYAL GOLDEN EAGLE,TOBA PULP LESTARI,BELAWAN,SUMATERA UTARA,518,223700,ROYAL GOLDEN EAGLE,DP MARKETING INTERNATIONAL,MACAO,PIPAVAV (VICTOR) PORT,INDIA
2019,470329,SINAR MAS,LONTAR PAPYRUS,KUALA TUNGKAL,JAMBI,504,304473,SINAR MAS,GOLDEN PROFIT TRADING PTE LTD,SINGAPORE,PENANG (GEORGETOWN),MALAYSIA
2019,470329,MARUBENI,TANJUNG ENIM LESTARI,PANJANG,SUMATERA SELATAN,523,232154,ITC,ITC LTD - PAPERBOARDS & SPECIALTY PAPERS DIVSION,INDIA,HALDIA,INDIA
2019,470329,MARUBENI,TANJUNG ENIM LESTARI,TARAHAN,SUMATERA SELATAN,1039,471870,HONG WON,HONG WON PAPER MFG CO LTD,SOUTH KOREA,PYONGTAEK,SOUTH KOREA
2019,470329,MARUBENI,TANJUNG ENIM LESTARI,TARAHAN,SUMATERA SELATAN,53,25027,UNKNOWN AFFILIATION,YONGJIN CORP,SOUTH KOREA,PYONGTAEK,SOUTH KOREA
2019,470329,SINAR MAS,LONTAR PAPYRUS,KUALA TUNGKAL,JAMBI,1003,562099,SINAR MAS,GOLDEN PROFIT TRADING PTE LTD,SINGAPORE,DALIAN,CHINA (MAINLAND)
2019,470329,MARUBENI,TANJUNG ENIM LESTARI,TARAHAN,SUMATERA SELATAN,3270,1346052,UPM-KYMMENE,UPM (CHINA) CO LTD,CHINA (MAINLAND),CHANGSHU,CHINA (MAINLAND)
2019,470329,MARUBENI,TANJUNG ENIM LESTARI,TARAHAN,SUMATERA SELATAN,1039,472030,HONG WON,HONG WON PAPER MFG CO LTD,SOUTH KOREA,PYONGTAEK,SOUTH KOREA
2019,470329,ROYAL GOLDEN EAGLE,APRIL,BUATAN,RIAU,201,69658,ROYAL GOLDEN EAGLE,APRIL INTERNATIONAL ENTEPRISE PTE LTD,SINGAPORE,KATHUWAS ICD/ALWAR,INDIA
2019,470329,MARUBENI,TANJUNG ENIM LESTARI,PANJANG,SUMATERA SELATAN,537,221176,VINDA,VINDA PAPER NORTH (BEIJING) CO LTD,CHINA (MAINLAND),XINGANG,CHINA (MAINLAND)
2019,470329,ROYAL GOLDEN EAGLE,APRIL,FUTONG,RIAU,2603,900513,ROYAL GOLDEN EAGLE,APRIL INTERNATIONAL ENTEPRISE PTE LTD,SINGAPORE,NINGBO,CHINA (MAINLAND)
2019,470329,ROYAL GOLDEN EAGLE,APRIL,BUATAN,RIAU,503,174123,ROYAL GOLDEN EAGLE,APRIL INTERNATIONAL ENTEPRISE PTE LTD,SINGAPORE,PUNE,INDIA
2019,470329,MARUBENI,TANJUNG ENIM LESTARI,TARAHAN,SUMATERA SELATAN,545,254674,HANSOL,HANSOL PAPER CO LTD,SOUTH KOREA,PYONGTAEK,SOUTH KOREA
2019,470329,SINAR MAS,INDAH KIAT,PERAWANG,RIAU,1000,546022,DRAGON CROWN HOLDINGS,DRAGON CROWN (HK) TRADING LTD,CHINA (HONG KONG),QINZHOU,CHINA (MAINLAND)
2019,470329,MARUBENI,TANJUNG ENIM LESTARI,TARAHAN,SUMATERA SELATAN,2179,831755,VINDA,VINDA PAPER (CHINA) CO LTD,CHINA (MAINLAND),NANSHA,CHINA (MAINLAND)
2019,470329,ROYAL GOLDEN EAGLE,APRIL,FUTONG,RIAU,3628,1255448,ROYAL GOLDEN EAGLE,APRIL INTERNATIONAL ENTEPRISE PTE LTD,SINGAPORE,XINGANG,CHINA (MAINLAND)
2019,470329,ROYAL GOLDEN EAGLE,TOBA PULP LESTARI,BELAWAN,SUMATERA UTARA,498,214938,ROYAL GOLDEN EAGLE,DP MARKETING INTERNATIONAL,MACAO,PIPAVAV (VICTOR) PORT,INDIA
2019,470329,MARUBENI,TANJUNG ENIM LESTARI,TARAHAN,SUMATERA SELATAN,1042,473093,HONG WON,HONG WON PAPER MFG CO LTD,SOUTH KOREA,PYONGTAEK,SOUTH KOREA
2019,470329,MARUBENI,TANJUNG ENIM LESTARI,TARAHAN,SUMATERA SELATAN,326,152196,HANSOL,HANSOL PAPER CO LTD,SOUTH KOREA,PYONGTAEK,SOUTH KOREA
2019,470329,MARUBENI,TANJUNG ENIM LESTARI,TARAHAN,SUMATERA SELATAN,519,235729,HONG WON,HONG WON PAPER MFG CO LTD,SOUTH KOREA,PYONGTAEK,SOUTH KOREA
2019,470329,SINAR MAS,INDAH KIAT,PERAWANG,RIAU,500,283854,SINAR MAS,GOLDEN PROFIT TRADING PTE LTD,SINGAPORE,MELBOURNE,AUSTRALIA
2019,470329,ROYAL GOLDEN EAGLE,APRIL,FUTONG,RIAU,3648,1262215,ROYAL GOLDEN EAGLE,APRIL INTERNATIONAL ENTEPRISE PTE LTD,SINGAPORE,QINGDAO,CHINA (MAINLAND)
2019,470329,ROYAL GOLDEN EAGLE,APRIL,BUATAN,RIAU,402,138946,ROYAL GOLDEN EAGLE,APRIL INTERNATIONAL ENTEPRISE PTE LTD,SINGAPORE,CHITTAGONG,BANGLADESH
2019,470329,SINAR MAS,INDAH KIAT,PERAWANG,RIAU,1000,566968,SINAR MAS,GOLDEN PROFIT TRADING PTE LTD,SINGAPORE,TUTICORIN,INDIA
2019,470329,SINAR MAS,INDAH KIAT,PERAWANG,RIAU,2000,1122740,SINAR MAS,GOLDEN PROFIT TRADING PTE LTD,SINGAPORE,HALDIA,INDIA
2019,470329,SINAR MAS,INDAH KIAT,PERAWANG,RIAU,500,268693,SINAR MAS,GOLDEN PROFIT TRADING PTE LTD,SINGAPORE,CHITTAGONG,BANGLADESH
2019,470329,SINAR MAS,INDAH KIAT,PERAWANG,RIAU,2000,1122740,SINAR MAS,GOLDEN PROFIT TRADING PTE LTD,SINGAPORE,HALDIA,INDIA
2019,470329,SINAR MAS,INDAH KIAT,PERAWANG,RIAU,200,110688,SINAR MAS,GOLDEN PROFIT TRADING PTE LTD,SINGAPORE,TAICHUNG,TAIWAN
2019,470329,ROYAL GOLDEN EAGLE,APRIL,BUATAN,RIAU,161,55621,ROYAL GOLDEN EAGLE,APRIL INTERNATIONAL ENTEPRISE PTE LTD,SINGAPORE,TUTICORIN,INDIA
2019,470329,ROYAL GOLDEN EAGLE,APRIL,BUATAN,RIAU,301,128117,ROYAL GOLDEN EAGLE,APRIL INTERNATIONAL ENTEPRISE PTE LTD,SINGAPORE,BANGKOK,THAILAND
2019,470329,SINAR MAS,INDAH KIAT,PERAWANG,RIAU,500,280685,SINAR MAS,GOLDEN PROFIT TRADING PTE LTD,SINGAPORE,HALDIA,INDIA
2019,470329,SINAR MAS,INDAH KIAT,PERAWANG,RIAU,2000,1122740,SINAR MAS,GOLDEN PROFIT TRADING PTE LTD,SINGAPORE,HALDIA,INDIA
2019,470329,SINAR MAS,INDAH KIAT,PERAWANG,RIAU,600,322432,SINAR MAS,GOLDEN PROFIT TRADING PTE LTD,SINGAPORE,CHITTAGONG,BANGLADESH
2019,470329,MARUBENI,TANJUNG ENIM LESTARI,PANJANG,SUMATERA SELATAN,107,50914,UNKNOWN AFFILIATION,NB ENTREPRENEURS,INDIA,NAGPUR,INDIA
2019,470329,ROYAL GOLDEN EAGLE,APRIL,BUATAN,RIAU,302,104321,ROYAL GOLDEN EAGLE,APRIL INTERNATIONAL ENTEPRISE PTE LTD,SINGAPORE,BANGKOK,THAILAND
2019,470329,SINAR MAS,OKI,SULTAN MAHMUD BADARUDDIN (U),SUMATERA SELATAN,2200,1233100,UNKNOWN AFFILIATION,BRIGHTENING SKY CO LTD,CHINA (HONG KONG),CHANGSHU,CHINA (MAINLAND)
2019,470329,SINAR MAS,OKI,SULTAN MAHMUD BADARUDDIN (U),SUMATERA SELATAN,3000,1681500,UNKNOWN AFFILIATION,FREELAND UNIVERSAL LTD,CHINA (HONG KONG),CHANGSHU,CHINA (MAINLAND)
2019,470329,ROYAL GOLDEN EAGLE,APRIL,FUTONG,RIAU,2714,938876,ROYAL GOLDEN EAGLE,APRIL INTERNATIONAL ENTEPRISE PTE LTD,SINGAPORE,NINGBO,CHINA (MAINLAND)
2019,470329,SINAR MAS,INDAH KIAT,PERAWANG,RIAU,7600,3420000,UNKNOWN AFFILIATION,TURA GLOBAL TRADING FZE,UNITED ARAB EMIRATES,MERSIN,TURKEY
2019,470329,ROYAL GOLDEN EAGLE,APRIL,FUTONG,RIAU,1507,521437,ROYAL GOLDEN EAGLE,APRIL INTERNATIONAL ENTEPRISE PTE LTD,SINGAPORE,IYOMISHIMA,JAPAN
2019,470329,MARUBENI,TANJUNG ENIM LESTARI,PANJANG,SUMATERA SELATAN,684,298153,UNKNOWN AFFILIATION,KUANTUM PAPERS LTD,INDIA,PIPAVAV (VICTOR) PORT,INDIA
2019,470329,SINAR MAS,INDAH KIAT,PERAWANG,RIAU,8000,3586181,UNKNOWN AFFILIATION,TURA GLOBAL TRADING FZE,UNITED ARAB EMIRATES,MERSIN,TURKEY
2019,470329,SINAR MAS,INDAH KIAT,PERAWANG,RIAU,10886,4898700,UNKNOWN AFFILIATION,TURA GLOBAL TRADING FZE,UNITED ARAB EMIRATES,LIMAS,TURKEY
2019,470329,SINAR MAS,INDAH KIAT,PERAWANG,RIAU,500,268693,SINAR MAS,GOLDEN PROFIT TRADING PTE LTD,SINGAPORE,CHITTAGONG,BANGLADESH
2019,470329,ROYAL GOLDEN EAGLE,APRIL,BUATAN,RIAU,905,312978,ROYAL GOLDEN EAGLE,APRIL INTERNATIONAL ENTEPRISE PTE LTD,SINGAPORE,ABU DHABI,UNITED ARAB EMIRATES
2019,470329,ROYAL GOLDEN EAGLE,APRIL,FUTONG,RIAU,2008,694914,ROYAL GOLDEN EAGLE,APRIL INTERNATIONAL ENTEPRISE PTE LTD,SINGAPORE,CHANGSHU,CHINA (MAINLAND)
2019,470329,SINAR MAS,OKI,SULTAN MAHMUD BADARUDDIN (U),SUMATERA SELATAN,3900,2185950,CHINA UNION,CHINA UNION (MACAO COMMERCIAL OFFSHORE) CO LTD,MACAO,ZHENJIANG,CHINA (MAINLAND)
2019,470329,ROYAL GOLDEN EAGLE,APRIL,FUTONG,RIAU,1809,625837,ROYAL GOLDEN EAGLE,APRIL INTERNATIONAL ENTEPRISE PTE LTD,SINGAPORE,TAGONOURA,JAPAN
2019,470329,SINAR MAS,OKI,SULTAN MAHMUD BADARUDDIN (U),SUMATERA SELATAN,900,504450,CHINA UNION,CHINA UNION (MACAO COMMERCIAL OFFSHORE) CO LTD,MACAO,ZHENJIANG,CHINA (MAINLAND)
2019,470329,SINAR MAS,INDAH KIAT,PERAWANG,RIAU,120,66726,SINAR MAS,GOLDEN PROFIT TRADING PTE LTD,SINGAPORE,TAICHUNG,TAIWAN
2019,470329,SINAR MAS,INDAH KIAT,PERAWANG,RIAU,300,165885,SINAR MAS,GOLDEN PROFIT TRADING PTE LTD,SINGAPORE,KAOHSIUNG,TAIWAN
2019,470329,ROYAL GOLDEN EAGLE,APRIL,BUATAN,RIAU,502,173758,ROYAL GOLDEN EAGLE,APRIL INTERNATIONAL ENTEPRISE PTE LTD,SINGAPORE,ABU DHABI,UNITED ARAB EMIRATES
2019,470329,ROYAL GOLDEN EAGLE,APRIL,BUATAN,RIAU,257,90030,ROYAL GOLDEN EAGLE,APRIL INTERNATIONAL ENTEPRISE PTE LTD,SINGAPORE,EL ISKANDARIYA (= ALEXAND,EGYPT
2019,470329,ROYAL GOLDEN EAGLE,APRIL,BUATAN,RIAU,237,83002,ROYAL GOLDEN EAGLE,APRIL INTERNATIONAL ENTEPRISE PTE LTD,SINGAPORE,EL ISKANDARIYA (= ALEXAND,EGYPT
2019,470329,ROYAL GOLDEN EAGLE,APRIL,BUATAN,RIAU,804,281466,ROYAL GOLDEN EAGLE,APRIL INTERNATIONAL ENTEPRISE PTE LTD,SINGAPORE,ABU DHABI,UNITED ARAB EMIRATES
2019,470329,ROYAL GOLDEN EAGLE,APRIL,BUATAN,RIAU,501,175483,ROYAL GOLDEN EAGLE,APRIL INTERNATIONAL ENTEPRISE PTE LTD,SINGAPORE,CHITTAGONG,BANGLADESH
2019,470329,ROYAL GOLDEN EAGLE,APRIL,BUATAN,RIAU,502,175696,ROYAL GOLDEN EAGLE,APRIL INTERNATIONAL ENTEPRISE PTE LTD,SINGAPORE,CHITTAGONG,BANGLADESH
2019,470329,MARUBENI,TANJUNG ENIM LESTARI,PANJANG,SUMATERA SELATAN,214,92461,UNKNOWN AFFILIATION,YUEN FOONG YU CONSUMER PRODUCTS CO LTD,TAIWAN,TAICHUNG,TAIWAN
2019,470329,ROYAL GOLDEN EAGLE,APRIL,BUATAN,RIAU,60,20915,ROYAL GOLDEN EAGLE,APRIL INTERNATIONAL ENTEPRISE PTE LTD,SINGAPORE,JAWAHARLAL NEHRU (NHAVA S,INDIA
2019,470329,ROYAL GOLDEN EAGLE,APRIL,BUATAN,RIAU,503,174032,ROYAL GOLDEN EAGLE,APRIL INTERNATIONAL ENTEPRISE PTE LTD,SINGAPORE,PUNE,INDIA
2019,470329,SINAR MAS,LONTAR PAPYRUS,KUALA TUNGKAL,JAMBI,1004,555234,DRAGON CROWN HOLDINGS,DRAGON CROWN (HK) TRADING LTD,CHINA (HONG KONG),ZHANJIANG,CHINA (MAINLAND)
2019,470329,ROYAL GOLDEN EAGLE,APRIL,BUATAN,RIAU,100,35155,ROYAL GOLDEN EAGLE,APRIL INTERNATIONAL ENTEPRISE PTE LTD,SINGAPORE,BANGKOK,THAILAND
2019,470329,ROYAL GOLDEN EAGLE,APRIL,FUTONG,RIAU,10446,3614290,ROYAL GOLDEN EAGLE,APRIL INTERNATIONAL ENTEPRISE PTE LTD,SINGAPORE,CHITTAGONG,BANGLADESH
2019,470329,SINAR MAS,INDAH KIAT,PERAWANG,RIAU,10200,5528400,UNKNOWN AFFILIATION,FREELAND UNIVERSAL LTD,CHINA (HONG KONG),NINGBO,CHINA (MAINLAND)
2019,470329,ROYAL GOLDEN EAGLE,APRIL,BUATAN,RIAU,503,175887,ROYAL GOLDEN EAGLE,APRIL INTERNATIONAL ENTEPRISE PTE LTD,SINGAPORE,CHITTAGONG,BANGLADESH
2019,470329,ROYAL GOLDEN EAGLE,APRIL,BUATAN,RIAU,301,105458,ROYAL GOLDEN EAGLE,APRIL INTERNATIONAL ENTEPRISE PTE LTD,SINGAPORE,CHITTAGONG,BANGLADESH
2019,470329,MARUBENI,TANJUNG ENIM LESTARI,PANJANG,SUMATERA SELATAN,498,218404,MARUBENI,MARUBENI CORP,JAPAN,SHIMIZU,JAPAN
2019,470329,ROYAL GOLDEN EAGLE,APRIL,BUATAN,RIAU,60,20853,ROYAL GOLDEN EAGLE,APRIL INTERNATIONAL ENTEPRISE PTE LTD,SINGAPORE,JAWAHARLAL NEHRU (NHAVA S,INDIA
2019,470329,SINAR MAS,LONTAR PAPYRUS,KUALA TUNGKAL,JAMBI,1003,563038,SINAR MAS,GOLDEN PROFIT TRADING PTE LTD,SINGAPORE,LAT KRABANG,THAILAND
2019,470329,ROYAL GOLDEN EAGLE,APRIL,BUATAN,RIAU,201,70465,ROYAL GOLDEN EAGLE,APRIL INTERNATIONAL ENTEPRISE PTE LTD,SINGAPORE,BANGKOK,THAILAND
2019,470329,ROYAL GOLDEN EAGLE,APRIL,BUATAN,RIAU,503,174125,ROYAL GOLDEN EAGLE,APRIL INTERNATIONAL ENTEPRISE PTE LTD,SINGAPORE,CHITTAGONG,BANGLADESH
2019,470329,ROYAL GOLDEN EAGLE,APRIL,BUATAN,RIAU,502,175700,ROYAL GOLDEN EAGLE,APRIL INTERNATIONAL ENTEPRISE PTE LTD,SINGAPORE,CHITTAGONG,BANGLADESH
2019,470329,ROYAL GOLDEN EAGLE,APRIL,BUATAN,RIAU,201,69526,ROYAL GOLDEN EAGLE,APRIL INTERNATIONAL ENTEPRISE PTE LTD,SINGAPORE,BANGKOK,THAILAND
2019,470329,ROYAL GOLDEN EAGLE,APRIL,BUATAN,RIAU,100,34687,ROYAL GOLDEN EAGLE,APRIL INTERNATIONAL ENTEPRISE PTE LTD,SINGAPORE,ANKLESHWAR,INDIA
2019,470329,SINAR MAS,INDAH KIAT,PERAWANG,RIAU,180,100650,SINAR MAS,GOLDEN PROFIT TRADING PTE LTD,SINGAPORE,MELBOURNE,AUSTRALIA
2019,470329,MARUBENI,TANJUNG ENIM LESTARI,PANJANG,SUMATERA SELATAN,106,50529,UNKNOWN AFFILIATION,NB ENTREPRENEURS,INDIA,NAGPUR,INDIA
2019,470329,MARUBENI,TANJUNG ENIM LESTARI,PANJANG,SUMATERA SELATAN,679,296081,UNKNOWN AFFILIATION,KUANTUM PAPERS LTD,INDIA,PIPAVAV (VICTOR) PORT,INDIA
2019,470329,ROYAL GOLDEN EAGLE,APRIL,BUATAN,RIAU,603,211020,ROYAL GOLDEN EAGLE,APRIL INTERNATIONAL ENTEPRISE PTE LTD,SINGAPORE,CHITTAGONG,BANGLADESH
2019,470329,ROYAL GOLDEN EAGLE,APRIL,BUATAN,RIAU,1006,352243,ROYAL GOLDEN EAGLE,APRIL INTERNATIONAL ENTEPRISE PTE LTD,SINGAPORE,NINGBO,CHINA (MAINLAND)
2019,470329,MARUBENI,TANJUNG ENIM LESTARI,PANJANG,SUMATERA SELATAN,21,9381,UNKNOWN AFFILIATION,FANSA GROUP KAGIT VE TEKSTIL SAN TIC LTD STI,TURKEY,IZMIR (SMYRNA),TURKEY
2019,470329,MARUBENI,TANJUNG ENIM LESTARI,PANJANG,SUMATERA SELATAN,533,249980,UNKNOWN AFFILIATION,PUDUMJEE PAPER PRODUCTS LTD,INDIA,JAWAHARLAL NEHRU (NHAVA S,INDIA
2019,470329,SINAR MAS,INDAH KIAT,PERAWANG,RIAU,640,352488,SINAR MAS,GOLDEN PROFIT TRADING PTE LTD,SINGAPORE,CHITTAGONG,BANGLADESH
2019,470329,SINAR MAS,INDAH KIAT,PERAWANG,RIAU,500,268693,SINAR MAS,GOLDEN PROFIT TRADING PTE LTD,SINGAPORE,CHITTAGONG,BANGLADESH
2019,470329,MARUBENI,TANJUNG ENIM LESTARI,PANJANG,SUMATERA SELATAN,42,18986,RENGO,VINA KRAFT PAPER CO LTD,VIETNAM,CAT LAI,VIETNAM
2019,470329,SINAR MAS,OKI,SULTAN MAHMUD BADARUDDIN (U),SUMATERA SELATAN,288,155529,DRAGON CROWN HOLDINGS,DRAGON CROWN (HK) TRADING LTD,CHINA (HONG KONG),NINGBO,CHINA (MAINLAND)
2019,470329,SINAR MAS,OKI,SULTAN MAHMUD BADARUDDIN (U),SUMATERA SELATAN,1008,548198,DRAGON CROWN HOLDINGS,DRAGON CROWN (HK) TRADING LTD,CHINA (HONG KONG),NINGBO,CHINA (MAINLAND)
2019,470329,ROYAL GOLDEN EAGLE,TOBA PULP LESTARI,BELAWAN,SUMATERA UTARA,491,212235,ROYAL GOLDEN EAGLE,DP MARKETING INTERNATIONAL,MACAO,PIPAVAV (VICTOR) PORT,INDIA
2019,470329,ROYAL GOLDEN EAGLE,TOBA PULP LESTARI,BELAWAN,SUMATERA UTARA,511,220713,ROYAL GOLDEN EAGLE,DP MARKETING INTERNATIONAL,MACAO,PIPAVAV (VICTOR) PORT,INDIA
2019,470329,MARUBENI,TANJUNG ENIM LESTARI,PANJANG,SUMATERA SELATAN,211,101380,UNKNOWN AFFILIATION,NIBONG TEBAL PAPER MILL SDN BHD,MALAYSIA,PENANG (GEORGETOWN),MALAYSIA
2019,470329,SINAR MAS,INDAH KIAT,PERAWANG,RIAU,500,282621,SINAR MAS,GOLDEN PROFIT TRADING PTE LTD,SINGAPORE,CALCUTTA,INDIA
2019,470329,SINAR MAS,INDAH KIAT,PERAWANG,RIAU,200,111006,SINAR MAS,GOLDEN PROFIT TRADING PTE LTD,SINGAPORE,KARACHI,PAKISTAN
2019,470329,SINAR MAS,INDAH KIAT,PERAWANG,RIAU,200,111006,SINAR MAS,GOLDEN PROFIT TRADING PTE LTD,SINGAPORE,KARACHI,PAKISTAN
2019,470329,ROYAL GOLDEN EAGLE,APRIL,FUTONG,RIAU,2007,702612,ROYAL GOLDEN EAGLE,APRIL INTERNATIONAL ENTEPRISE PTE LTD,SINGAPORE,HUANGPU,CHINA (MAINLAND)
2019,470329,SINAR MAS,LONTAR PAPYRUS,KUALA TUNGKAL,JAMBI,301,164987,SINAR MAS,GOLDEN PROFIT TRADING PTE LTD,SINGAPORE,HAIPHONG,VIETNAM
2019,470329,SINAR MAS,LONTAR PAPYRUS,KUALA TUNGKAL,JAMBI,301,165096,SINAR MAS,GOLDEN PROFIT TRADING PTE LTD,SINGAPORE,HAIPHONG,VIETNAM
2019,470329,ROYAL GOLDEN EAGLE,APRIL,FUTONG,RIAU,1909,668190,ROYAL GOLDEN EAGLE,APRIL FAR EAST MALAYSIA SDN BHD,MALAYSIA,PYONGTAEK,SOUTH KOREA
2019,470329,ROYAL GOLDEN EAGLE,APRIL,FUTONG,RIAU,6128,2144776,ROYAL GOLDEN EAGLE,APRIL FAR EAST MALAYSIA SDN BHD,MALAYSIA,GUNSAN (ES KUNSAN),SOUTH KOREA
2019,470329,SINAR MAS,LONTAR PAPYRUS,KUALA TUNGKAL,JAMBI,1004,549692,DRAGON CROWN HOLDINGS,DRAGON CROWN (HK) TRADING LTD,CHINA (HONG KONG),ZHANJIANG,CHINA (MAINLAND)
2019,470329,SINAR MAS,INDAH KIAT,PERAWANG,RIAU,500,275381,SINAR MAS,GOLDEN PROFIT TRADING PTE LTD,SINGAPORE,CHITTAGONG,BANGLADESH
2019,470329,SINAR MAS,INDAH KIAT,PERAWANG,RIAU,200,111006,SINAR MAS,GOLDEN PROFIT TRADING PTE LTD,SINGAPORE,KARACHI,PAKISTAN
2019,470329,SINAR MAS,INDAH KIAT,PERAWANG,RIAU,200,111006,SINAR MAS,GOLDEN PROFIT TRADING PTE LTD,SINGAPORE,KARACHI,PAKISTAN
2019,470329,SINAR MAS,INDAH KIAT,PERAWANG,RIAU,200,111006,SINAR MAS,GOLDEN PROFIT TRADING PTE LTD,SINGAPORE,KARACHI,PAKISTAN
2019,470329,ROYAL GOLDEN EAGLE,APRIL,FUTONG,RIAU,5026,1759043,ROYAL GOLDEN EAGLE,APRIL INTERNATIONAL ENTEPRISE PTE LTD,SINGAPORE,ZHANJIANG,CHINA (MAINLAND)
2019,470329,SINAR MAS,OKI,SULTAN MAHMUD BADARUDDIN (U),SUMATERA SELATAN,984,535146,DRAGON CROWN HOLDINGS,DRAGON CROWN (HK) TRADING LTD,CHINA (HONG KONG),NINGBO,CHINA (MAINLAND)
2019,470329,MARUBENI,TANJUNG ENIM LESTARI,TARAHAN,SUMATERA SELATAN,2180,910356,UNKNOWN AFFILIATION,KING ADVANCEMENT DEVELOPMENT (HONG KONG) LTD,CHINA (HONG KONG),QINGDAO,CHINA (MAINLAND)
2019,470329,SINAR MAS,LONTAR PAPYRUS,KUALA TUNGKAL,JAMBI,1004,555516,DRAGON CROWN HOLDINGS,DRAGON CROWN (HK) TRADING LTD,CHINA (HONG KONG),ZHANJIANG,CHINA (MAINLAND)
2019,470329,SINAR MAS,LONTAR PAPYRUS,KUALA TUNGKAL,JAMBI,1004,563429,SINAR MAS,GOLDEN PROFIT TRADING PTE LTD,SINGAPORE,LAT KRABANG,THAILAND
2019,470329,MARUBENI,TANJUNG ENIM LESTARI,PANJANG,SUMATERA SELATAN,19,9224,UNKNOWN AFFILIATION,GLOBAL POWER CO LTD,MYANMAR,YANGON,MYANMAR
2019,470329,SINAR MAS,INDAH KIAT,PERAWANG,RIAU,1000,551834,DRAGON CROWN HOLDINGS,DRAGON CROWN (HK) TRADING LTD,CHINA (HONG KONG),SHANGHAI,CHINA (MAINLAND)
2019,470329,ROYAL GOLDEN EAGLE,APRIL,BUATAN,RIAU,803,281046,ROYAL GOLDEN EAGLE,APRIL INTERNATIONAL ENTEPRISE PTE LTD,SINGAPORE,ABU DHABI,UNITED ARAB EMIRATES
2019,470329,MARUBENI,TANJUNG ENIM LESTARI,TARAHAN,SUMATERA SELATAN,1089,455181,CHINATEX CORP,CHINATEX RAW MATERIALS IMPORT AND EXPORT,CHINA (MAINLAND),XINGANG,CHINA (MAINLAND)
2019,470329,SINAR MAS,INDAH KIAT,PERAWANG,RIAU,1000,549422,DRAGON CROWN HOLDINGS,DRAGON CROWN (HK) TRADING LTD,CHINA (HONG KONG),SHANGHAI,CHINA (MAINLAND)
2019,470329,MARUBENI,TANJUNG ENIM LESTARI,TARAHAN,SUMATERA SELATAN,872,362827,UNKNOWN AFFILIATION,TIANJIN PORT FREE TRADE ZONE MANTE,CHINA (MAINLAND),QINGDAO,CHINA (MAINLAND)
2019,470329,MARUBENI,TANJUNG ENIM LESTARI,TARAHAN,SUMATERA SELATAN,1089,455435,WHYWIN,ANHUI TIME TECHNOLOGY CO LTD,CHINA (MAINLAND),QINGDAO,CHINA (MAINLAND)
2019,470329,SINAR MAS,LONTAR PAPYRUS,KUALA TUNGKAL,JAMBI,502,303108,SINAR MAS,GOLDEN PROFIT TRADING PTE LTD,SINGAPORE,PENANG (GEORGETOWN),MALAYSIA
2019,470329,MARUBENI,TANJUNG ENIM LESTARI,TARAHAN,SUMATERA SELATAN,2179,910621,CHINATEX CORP,CHINATEX RAW MATERIALS IMPORT AND EXPORT,CHINA (MAINLAND),XINGANG,CHINA (MAINLAND)
2019,470329,SINAR MAS,LONTAR PAPYRUS,KUALA TUNGKAL,JAMBI,504,270241,SINAR MAS,GOLDEN PROFIT TRADING PTE LTD,SINGAPORE,CHITTAGONG,BANGLADESH
2019,470329,SINAR MAS,INDAH KIAT,PERAWANG,RIAU,500,275716,DRAGON CROWN HOLDINGS,DRAGON CROWN (HK) TRADING LTD,CHINA (HONG KONG),SHANGHAI,CHINA (MAINLAND)
2019,470329,MARUBENI,TANJUNG ENIM LESTARI,TARAHAN,SUMATERA SELATAN,1249,569765,MARUBENI,MARUBENI CORP,JAPAN,TAGONOURA,JAPAN
2019,470329,MARUBENI,TANJUNG ENIM LESTARI,TARAHAN,SUMATERA SELATAN,149,68059,MARUBENI,MARUBENI CORP,JAPAN,TAGONOURA,JAPAN
2019,470329,MARUBENI,TANJUNG ENIM LESTARI,TARAHAN,SUMATERA SELATAN,525,219041,UNKNOWN AFFILIATION,KING ADVANCEMENT DEVELOPMENT (HONG KONG) LTD,CHINA (HONG KONG),QINGDAO,CHINA (MAINLAND)
2019,470329,SINAR MAS,INDAH KIAT,PERAWANG,RIAU,700,384595,DRAGON CROWN HOLDINGS,DRAGON CROWN (HK) TRADING LTD,CHINA (HONG KONG),SHANGHAI,CHINA (MAINLAND)
2019,470329,SINAR MAS,OKI,SULTAN MAHMUD BADARUDDIN (U),SUMATERA SELATAN,2300,1288000,UNKNOWN AFFILIATION,SUZHOU GUANBAO TRADING LTD,CHINA (MAINLAND),YANGPU,CHINA (MAINLAND)
2019,470329,SINAR MAS,OKI,SULTAN MAHMUD BADARUDDIN (U),SUMATERA SELATAN,3000,1680000,UNKNOWN AFFILIATION,SUZHOU GUANBAO TRADING LTD,CHINA (MAINLAND),YANGPU,CHINA (MAINLAND)
2019,470329,SINAR MAS,INDAH KIAT,PERAWANG,RIAU,500,273011,SINAR MAS,GOLDEN PROFIT TRADING PTE LTD,SINGAPORE,HAZIRA,INDIA
2019,470329,SINAR MAS,INDAH KIAT,PERAWANG,RIAU,1000,549422,DRAGON CROWN HOLDINGS,DRAGON CROWN (HK) TRADING LTD,CHINA (HONG KONG),SHANGHAI,CHINA (MAINLAND)
2019,470329,SINAR MAS,INDAH KIAT,PERAWANG,RIAU,120,65565,SINAR MAS,GOLDEN PROFIT TRADING PTE LTD,SINGAPORE,DA NANG,VIETNAM
2019,470329,SINAR MAS,INDAH KIAT,PERAWANG,RIAU,500,273011,SINAR MAS,GOLDEN PROFIT TRADING PTE LTD,SINGAPORE,HAZIRA,INDIA
2019,470329,SINAR MAS,OKI,SULTAN MAHMUD BADARUDDIN (U),SUMATERA SELATAN,1500,840000,UNKNOWN AFFILIATION,FREELAND UNIVERSAL LTD,CHINA (HONG KONG),YANGPU,CHINA (MAINLAND)
2019,470329,SINAR MAS,OKI,SULTAN MAHMUD BADARUDDIN (U),SUMATERA SELATAN,2000,1075000,SINAR MAS,GOLDEN PROFIT TRADING PTE LTD,SINGAPORE,HAIPHONG,VIETNAM
2019,470329,ROYAL GOLDEN EAGLE,APRIL,BUATAN,RIAU,503,175880,ROYAL GOLDEN EAGLE,APRIL INTERNATIONAL ENTEPRISE PTE LTD,SINGAPORE,CHITTAGONG,BANGLADESH
2019,470329,ROYAL GOLDEN EAGLE,APRIL,BUATAN,RIAU,760,266084,ROYAL GOLDEN EAGLE,APRIL INTERNATIONAL ENTEPRISE PTE LTD,SINGAPORE,SHUAIBA,KUWAIT
2019,470329,ROYAL GOLDEN EAGLE,APRIL,BUATAN,RIAU,502,175708,ROYAL GOLDEN EAGLE,APRIL INTERNATIONAL ENTEPRISE PTE LTD,SINGAPORE,ABU DHABI,UNITED ARAB EMIRATES
2019,470329,SINAR MAS,OKI,SULTAN MAHMUD BADARUDDIN (U),SUMATERA SELATAN,704,382690,DRAGON CROWN HOLDINGS,DRAGON CROWN (HK) TRADING LTD,CHINA (HONG KONG),NINGBO,CHINA (MAINLAND)
2019,470329,ROYAL GOLDEN EAGLE,APRIL,BUATAN,RIAU,40,14089,ROYAL GOLDEN EAGLE,APRIL INTERNATIONAL ENTEPRISE PTE LTD,SINGAPORE,PIPAVAV (VICTOR) PORT,INDIA
2019,470329,ROYAL GOLDEN EAGLE,APRIL,BUATAN,RIAU,502,173758,ROYAL GOLDEN EAGLE,APRIL INTERNATIONAL ENTEPRISE PTE LTD,SINGAPORE,PUNE,INDIA
2019,470329,ROYAL GOLDEN EAGLE,APRIL,BUATAN,RIAU,502,175707,ROYAL GOLDEN EAGLE,APRIL INTERNATIONAL ENTEPRISE PTE LTD,SINGAPORE,CHITTAGONG,BANGLADESH
2019,470329,ROYAL GOLDEN EAGLE,APRIL,BUATAN,RIAU,201,70308,ROYAL GOLDEN EAGLE,APRIL INTERNATIONAL ENTEPRISE PTE LTD,SINGAPORE,PIPAVAV (VICTOR) PORT,INDIA
2019,470329,ROYAL GOLDEN EAGLE,APRIL,BUATAN,RIAU,40,14058,ROYAL GOLDEN EAGLE,APRIL INTERNATIONAL ENTEPRISE PTE LTD,SINGAPORE,JAWAHARLAL NEHRU (NHAVA S,INDIA
2019,470329,ROYAL GOLDEN EAGLE,APRIL,BUATAN,RIAU,72,25326,ROYAL GOLDEN EAGLE,APRIL INTERNATIONAL ENTEPRISE PTE LTD,SINGAPORE,TAOYUAN,TAIWAN
2019,470329,ROYAL GOLDEN EAGLE,APRIL,BUATAN,RIAU,502,175626,ROYAL GOLDEN EAGLE,APRIL INTERNATIONAL ENTEPRISE PTE LTD,SINGAPORE,CHITTAGONG,BANGLADESH
2019,470329,ROYAL GOLDEN EAGLE,APRIL,BUATAN,RIAU,221,77330,ROYAL GOLDEN EAGLE,APRIL INTERNATIONAL ENTEPRISE PTE LTD,SINGAPORE,HAIPHONG,VIETNAM
2019,470329,ROYAL GOLDEN EAGLE,APRIL,BUATAN,RIAU,60,21097,ROYAL GOLDEN EAGLE,APRIL INTERNATIONAL ENTEPRISE PTE LTD,SINGAPORE,MUNDRA,INDIA
2019,470329,ROYAL GOLDEN EAGLE,APRIL,BUATAN,RIAU,201,70347,ROYAL GOLDEN EAGLE,APRIL INTERNATIONAL ENTEPRISE PTE LTD,SINGAPORE,KATHUWAS ICD/ALWAR,INDIA
2019,470329,ROYAL GOLDEN EAGLE,APRIL,BUATAN,RIAU,100,35150,ROYAL GOLDEN EAGLE,APRIL INTERNATIONAL ENTEPRISE PTE LTD,SINGAPORE,TUGLAKABAD,INDIA
2019,470329,MARUBENI,TANJUNG ENIM LESTARI,PANJANG,SUMATERA SELATAN,524,231165,UNKNOWN AFFILIATION,VISY PULP AND PAPER PTY LTD,AUSTRALIA,MELBOURNE,AUSTRALIA
2019,470329,ROYAL GOLDEN EAGLE,APRIL,BUATAN,RIAU,60,20799,ROYAL GOLDEN EAGLE,APRIL INTERNATIONAL ENTEPRISE PTE LTD,SINGAPORE,JAWAHARLAL NEHRU (NHAVA S,INDIA
2019,470329,ROYAL GOLDEN EAGLE,APRIL,BUATAN,RIAU,217,75959,ROYAL GOLDEN EAGLE,APRIL INTERNATIONAL ENTEPRISE PTE LTD,SINGAPORE,HAMBURG,GERMANY
2019,470329,ROYAL GOLDEN EAGLE,APRIL,BUATAN,RIAU,302,105629,ROYAL GOLDEN EAGLE,APRIL INTERNATIONAL ENTEPRISE PTE LTD,SINGAPORE,BANGKOK,THAILAND
2019,470329,ROYAL GOLDEN EAGLE,APRIL,BUATAN,RIAU,502,175738,ROYAL GOLDEN EAGLE,APRIL INTERNATIONAL ENTEPRISE PTE LTD,SINGAPORE,HAIPHONG,VIETNAM
2019,470329,SINAR MAS,INDAH KIAT,PERAWANG,RIAU,2000,1081382,DRAGON CROWN HOLDINGS,DRAGON CROWN (HK) TRADING LTD,CHINA (HONG KONG),TIANJIN,CHINA (MAINLAND)
2019,470329,ROYAL GOLDEN EAGLE,APRIL,BUATAN,RIAU,502,175689,ROYAL GOLDEN EAGLE,APRIL INTERNATIONAL ENTEPRISE PTE LTD,SINGAPORE,CHITTAGONG,BANGLADESH
2019,470329,ROYAL GOLDEN EAGLE,APRIL,BUATAN,RIAU,1005,351898,ROYAL GOLDEN EAGLE,APRIL INTERNATIONAL ENTEPRISE PTE LTD,SINGAPORE,ZHAPU,CHINA (MAINLAND)
2019,470329,SINAR MAS,LONTAR PAPYRUS,KUALA TUNGKAL,JAMBI,1004,550143,DRAGON CROWN HOLDINGS,DRAGON CROWN (HK) TRADING LTD,CHINA (HONG KONG),ZHANJIANG,CHINA (MAINLAND)
2019,470329,SINAR MAS,LONTAR PAPYRUS,KUALA TUNGKAL,JAMBI,464,247311,DRAGON CROWN HOLDINGS,DRAGON CROWN (HK) TRADING LTD,CHINA (HONG KONG),ZHANJIANG,CHINA (MAINLAND)
2019,470329,SINAR MAS,INDAH KIAT,PERAWANG,RIAU,1500,811036,DRAGON CROWN HOLDINGS,DRAGON CROWN (HK) TRADING LTD,CHINA (HONG KONG),TIANJIN,CHINA (MAINLAND)
2019,470329,SINAR MAS,INDAH KIAT,PERAWANG,RIAU,1500,811036,DRAGON CROWN HOLDINGS,DRAGON CROWN (HK) TRADING LTD,CHINA (HONG KONG),TIANJIN,CHINA (MAINLAND)
2019,470329,SINAR MAS,INDAH KIAT,PERAWANG,RIAU,1500,811036,DRAGON CROWN HOLDINGS,DRAGON CROWN (HK) TRADING LTD,CHINA (HONG KONG),TIANJIN,CHINA (MAINLAND)
2019,470329,SINAR MAS,INDAH KIAT,PERAWANG,RIAU,1500,811036,DRAGON CROWN HOLDINGS,DRAGON CROWN (HK) TRADING LTD,CHINA (HONG KONG),TIANJIN,CHINA (MAINLAND)
2019,470329,SINAR MAS,INDAH KIAT,PERAWANG,RIAU,1000,540691,DRAGON CROWN HOLDINGS,DRAGON CROWN (HK) TRADING LTD,CHINA (HONG KONG),TIANJIN,CHINA (MAINLAND)
2019,470329,SINAR MAS,LONTAR PAPYRUS,KUALA TUNGKAL,JAMBI,663,360176,DRAGON CROWN HOLDINGS,DRAGON CROWN (HK) TRADING LTD,CHINA (HONG KONG),ZHANJIANG,CHINA (MAINLAND)
2019,470329,MARUBENI,TANJUNG ENIM LESTARI,PANJANG,SUMATERA SELATAN,1049,421465,VINDA,VINDA PAPER (SI CHUAN) CO LTD,CHINA (MAINLAND),CHONGQING,CHINA (MAINLAND)
2019,470329,ROYAL GOLDEN EAGLE,APRIL,BUATAN,RIAU,503,175943,ROYAL GOLDEN EAGLE,APRIL INTERNATIONAL ENTEPRISE PTE LTD,SINGAPORE,KARACHI,PAKISTAN
2019,470329,SINAR MAS,INDAH KIAT,PERAWANG,RIAU,1820,984057,DRAGON CROWN HOLDINGS,DRAGON CROWN (HK) TRADING LTD,CHINA (HONG KONG),TIANJIN,CHINA (MAINLAND)
2019,470329,SINAR MAS,INDAH KIAT,PERAWANG,RIAU,5000,2703454,DRAGON CROWN HOLDINGS,DRAGON CROWN (HK) TRADING LTD,CHINA (HONG KONG),QINGDAO,CHINA (MAINLAND)
2019,470329,SINAR MAS,INDAH KIAT,PERAWANG,RIAU,1500,811036,DRAGON CROWN HOLDINGS,DRAGON CROWN (HK) TRADING LTD,CHINA (HONG KONG),TIANJIN,CHINA (MAINLAND)
2019,470329,ROYAL GOLDEN EAGLE,APRIL,BUATAN,RIAU,502,175629,ROYAL GOLDEN EAGLE,APRIL INTERNATIONAL ENTEPRISE PTE LTD,SINGAPORE,CHITTAGONG,BANGLADESH
2019,470329,SINAR MAS,INDAH KIAT,PERAWANG,RIAU,1500,811036,DRAGON CROWN HOLDINGS,DRAGON CROWN (HK) TRADING LTD,CHINA (HONG KONG),TIANJIN,CHINA (MAINLAND)
2019,470329,SINAR MAS,INDAH KIAT,PERAWANG,RIAU,1500,811036,DRAGON CROWN HOLDINGS,DRAGON CROWN (HK) TRADING LTD,CHINA (HONG KONG),TIANJIN,CHINA (MAINLAND)
2019,470329,SINAR MAS,INDAH KIAT,PERAWANG,RIAU,1500,811036,DRAGON CROWN HOLDINGS,DRAGON CROWN (HK) TRADING LTD,CHINA (HONG KONG),TIANJIN,CHINA (MAINLAND)
2019,470329,SINAR MAS,INDAH KIAT,PERAWANG,RIAU,1000,549422,DRAGON CROWN HOLDINGS,DRAGON CROWN (HK) TRADING LTD,CHINA (HONG KONG),SHANGHAI,CHINA (MAINLAND)
2019,470329,SINAR MAS,INDAH KIAT,PERAWANG,RIAU,1500,811036,DRAGON CROWN HOLDINGS,DRAGON CROWN (HK) TRADING LTD,CHINA (HONG KONG),TIANJIN,CHINA (MAINLAND)
2019,470329,SINAR MAS,INDAH KIAT,PERAWANG,RIAU,680,367670,DRAGON CROWN HOLDINGS,DRAGON CROWN (HK) TRADING LTD,CHINA (HONG KONG),TIANJIN,CHINA (MAINLAND)
2019,470329,SINAR MAS,LONTAR PAPYRUS,KUALA TUNGKAL,JAMBI,542,296976,DRAGON CROWN HOLDINGS,DRAGON CROWN (HK) TRADING LTD,CHINA (HONG KONG),ZHANJIANG,CHINA (MAINLAND)
2019,470329,ROYAL GOLDEN EAGLE,APRIL,BUATAN,RIAU,804,281503,ROYAL GOLDEN EAGLE,APRIL INTERNATIONAL ENTEPRISE PTE LTD,SINGAPORE,NINGBO,CHINA (MAINLAND)
2019,470329,ROYAL GOLDEN EAGLE,APRIL,BUATAN,RIAU,503,176057,ROYAL GOLDEN EAGLE,APRIL INTERNATIONAL ENTEPRISE PTE LTD,SINGAPORE,CHITTAGONG,BANGLADESH
2019,470329,ROYAL GOLDEN EAGLE,TOBA PULP LESTARI,BELAWAN,SUMATERA UTARA,75,32096,ROYAL GOLDEN EAGLE,DP MARKETING INTERNATIONAL,MACAO,CHENNAI (EX MADRAS),INDIA
2019,470329,SINAR MAS,INDAH KIAT,PERAWANG,RIAU,320,175136,SINAR MAS,GOLDEN PROFIT TRADING PTE LTD,SINGAPORE,MELBOURNE,AUSTRALIA
2019,470329,ROYAL GOLDEN EAGLE,APRIL,BUATAN,RIAU,201,70318,ROYAL GOLDEN EAGLE,APRIL INTERNATIONAL ENTEPRISE PTE LTD,SINGAPORE,CHITTAGONG,BANGLADESH
2019,470329,ROYAL GOLDEN EAGLE,TOBA PULP LESTARI,BELAWAN,SUMATERA UTARA,94,40747,ROYAL GOLDEN EAGLE,DP MARKETING INTERNATIONAL,MACAO,CHENNAI (EX MADRAS),INDIA
2019,470329,ROYAL GOLDEN EAGLE,APRIL,FUTONG,RIAU,5024,1758427,ROYAL GOLDEN EAGLE,APRIL FAR EAST MALAYSIA SDN BHD,MALAYSIA,XINHUI,CHINA (MAINLAND)
2019,470329,ROYAL GOLDEN EAGLE,APRIL,BUATAN,RIAU,301,105417,ROYAL GOLDEN EAGLE,APRIL INTERNATIONAL ENTEPRISE PTE LTD,SINGAPORE,KARACHI,PAKISTAN
2019,470329,SINAR MAS,INDAH KIAT,PERAWANG,RIAU,1012,552799,UNKNOWN AFFILIATION,BRIGHTENING SKY CO LTD,CHINA (HONG KONG),SHANGHAI,CHINA (MAINLAND)
2019,470329,SINAR MAS,INDAH KIAT,PERAWANG,RIAU,1000,540691,UNKNOWN AFFILIATION,BRIGHTENING SKY CO LTD,CHINA (HONG KONG),QINGDAO,CHINA (MAINLAND)
2019,470329,ROYAL GOLDEN EAGLE,TOBA PULP LESTARI,BELAWAN,SUMATERA UTARA,372,160043,ROYAL GOLDEN EAGLE,DP MARKETING INTERNATIONAL,MACAO,PIPAVAV (VICTOR) PORT,INDIA
2019,470329,SINAR MAS,OKI,SULTAN MAHMUD BADARUDDIN (U),SUMATERA SELATAN,9700,5257400,UNKNOWN AFFILIATION,SUZHOU HUANG YI TRADE CO LTD,CHINA (MAINLAND),ZHENJIANG,CHINA (MAINLAND)
2019,470329,SINAR MAS,OKI,SULTAN MAHMUD BADARUDDIN (U),SUMATERA SELATAN,3400,1829849,UNKNOWN AFFILIATION,BRIGHTENING SKY CO LTD,CHINA (HONG KONG),QINGDAO,CHINA (MAINLAND)
2019,470329,SINAR MAS,OKI,SULTAN MAHMUD BADARUDDIN (U),SUMATERA SELATAN,2000,1076382,DRAGON CROWN HOLDINGS,DRAGON CROWN (HK) TRADING LTD,CHINA (HONG KONG),QINGDAO,CHINA (MAINLAND)
2019,470329,ROYAL GOLDEN EAGLE,TOBA PULP LESTARI,BELAWAN,SUMATERA UTARA,38,16237,ROYAL GOLDEN EAGLE,DP MARKETING INTERNATIONAL,MACAO,MUNDRA,INDIA
2019,470329,ROYAL GOLDEN EAGLE,APRIL,BUATAN,RIAU,504,176396,ROYAL GOLDEN EAGLE,APRIL INTERNATIONAL ENTEPRISE PTE LTD,SINGAPORE,CHITTAGONG,BANGLADESH
2019,470329,ROYAL GOLDEN EAGLE,TOBA PULP LESTARI,BELAWAN,SUMATERA UTARA,75,32189,ROYAL GOLDEN EAGLE,DP MARKETING INTERNATIONAL,MACAO,TUTICORIN,INDIA
2019,470329,SINAR MAS,OKI,SULTAN MAHMUD BADARUDDIN (U),SUMATERA SELATAN,2000,1076382,DRAGON CROWN HOLDINGS,DRAGON CROWN (HK) TRADING LTD,CHINA (HONG KONG),NINGBO,CHINA (MAINLAND)
2019,470329,ROYAL GOLDEN EAGLE,APRIL,BUATAN,RIAU,101,35204,ROYAL GOLDEN EAGLE,APRIL INTERNATIONAL ENTEPRISE PTE LTD,SINGAPORE,CAT LAI,VIETNAM
2019,470329,ROYAL GOLDEN EAGLE,APRIL,BUATAN,RIAU,302,105557,ROYAL GOLDEN EAGLE,APRIL INTERNATIONAL ENTEPRISE PTE LTD,SINGAPORE,CHITTAGONG,BANGLADESH
2019,470329,SINAR MAS,LONTAR PAPYRUS,KUALA TUNGKAL,JAMBI,1004,562623,SINAR MAS,GOLDEN PROFIT TRADING PTE LTD,SINGAPORE,DALIAN,CHINA (MAINLAND)
2019,470329,MARUBENI,TANJUNG ENIM LESTARI,PANJANG,SUMATERA SELATAN,315,141416,UNKNOWN AFFILIATION,THE EASTERN INDUSTRIAL CO LTD,THAILAND,LAT KRABANG,THAILAND
2019,470329,SINAR MAS,LONTAR PAPYRUS,KUALA TUNGKAL,JAMBI,1005,556007,DRAGON CROWN HOLDINGS,DRAGON CROWN (HK) TRADING LTD,CHINA (HONG KONG),ZHANJIANG,CHINA (MAINLAND)
2019,470329,SINAR MAS,INDAH KIAT,PERAWANG,RIAU,500,273649,SINAR MAS,GOLDEN PROFIT TRADING PTE LTD,SINGAPORE,MELBOURNE,AUSTRALIA
2019,470329,ROYAL GOLDEN EAGLE,APRIL,BUATAN,RIAU,161,56288,ROYAL GOLDEN EAGLE,APRIL INTERNATIONAL ENTEPRISE PTE LTD,SINGAPORE,CHITTAGONG,BANGLADESH
2019,470329,SINAR MAS,INDAH KIAT,PERAWANG,RIAU,500,273758,DRAGON CROWN HOLDINGS,DRAGON CROWN (HK) TRADING LTD,CHINA (HONG KONG),QINGDAO,CHINA (MAINLAND)
2019,470329,ROYAL GOLDEN EAGLE,APRIL,BUATAN,RIAU,703,246042,ROYAL GOLDEN EAGLE,APRIL INTERNATIONAL ENTEPRISE PTE LTD,SINGAPORE,HAIPHONG,VIETNAM
2019,470329,SINAR MAS,INDAH KIAT,PERAWANG,RIAU,506,280605,SINAR MAS,GOLDEN PROFIT TRADING PTE LTD,SINGAPORE,CHITTAGONG,BANGLADESH
2019,470329,SINAR MAS,INDAH KIAT,PERAWANG,RIAU,500,273011,SINAR MAS,GOLDEN PROFIT TRADING PTE LTD,SINGAPORE,HAZIRA,INDIA
2019,470329,SINAR MAS,INDAH KIAT,PERAWANG,RIAU,506,280605,SINAR MAS,GOLDEN PROFIT TRADING PTE LTD,SINGAPORE,CHITTAGONG,BANGLADESH
2019,470329,SINAR MAS,INDAH KIAT,PERAWANG,RIAU,500,273011,SINAR MAS,GOLDEN PROFIT TRADING PTE LTD,SINGAPORE,HAZIRA,INDIA
2019,470329,MARUBENI,TANJUNG ENIM LESTARI,PANJANG,SUMATERA SELATAN,523,218584,ITC,ITC LTD - PAPERBOARDS & SPECIALTY PAPERS DIVSION,INDIA,CALCUTTA,INDIA
2019,470329,ROYAL GOLDEN EAGLE,APRIL,BUATAN,RIAU,503,174075,ROYAL GOLDEN EAGLE,APRIL INTERNATIONAL ENTEPRISE PTE LTD,SINGAPORE,PUNE,INDIA
2019,470329,ROYAL GOLDEN EAGLE,APRIL,BUATAN,RIAU,100,34723,ROYAL GOLDEN EAGLE,APRIL INTERNATIONAL ENTEPRISE PTE LTD,SINGAPORE,ABU DHABI,UNITED ARAB EMIRATES
2019,470329,ROYAL GOLDEN EAGLE,APRIL,BUATAN,RIAU,402,140663,ROYAL GOLDEN EAGLE,APRIL INTERNATIONAL ENTEPRISE PTE LTD,SINGAPORE,HAIPHONG,VIETNAM
2019,470329,MARUBENI,TANJUNG ENIM LESTARI,PANJANG,SUMATERA SELATAN,1579,649869,VINDA,VINDA PAPER (ZHEJIANG) CO LTD,CHINA (MAINLAND),NINGBO,CHINA (MAINLAND)
2019,470329,SINAR MAS,LONTAR PAPYRUS,KUALA TUNGKAL,JAMBI,401,219509,SINAR MAS,GOLDEN PROFIT TRADING PTE LTD,SINGAPORE,CHITTAGONG,BANGLADESH
2019,470329,ROYAL GOLDEN EAGLE,APRIL,BUATAN,RIAU,302,105558,ROYAL GOLDEN EAGLE,APRIL INTERNATIONAL ENTEPRISE PTE LTD,SINGAPORE,BANGKOK,THAILAND
2019,470329,SINAR MAS,INDAH KIAT,PERAWANG,RIAU,500,276178,DRAGON CROWN HOLDINGS,DRAGON CROWN (HK) TRADING LTD,CHINA (HONG KONG),SHANTOU,CHINA (MAINLAND)
2019,470329,ROYAL GOLDEN EAGLE,APRIL,BUATAN,RIAU,60,20722,ROYAL GOLDEN EAGLE,APRIL INTERNATIONAL ENTEPRISE PTE LTD,SINGAPORE,JAWAHARLAL NEHRU (NHAVA S,INDIA
2019,470329,ROYAL GOLDEN EAGLE,APRIL,BUATAN,RIAU,252,88308,ROYAL GOLDEN EAGLE,APRIL INTERNATIONAL ENTEPRISE PTE LTD,SINGAPORE,SHUAIBA,KUWAIT
2019,470329,SINAR MAS,INDAH KIAT,PERAWANG,RIAU,1012,552799,UNKNOWN AFFILIATION,BRIGHTENING SKY CO LTD,CHINA (HONG KONG),SHANGHAI,CHINA (MAINLAND)
2019,470329,SINAR MAS,INDAH KIAT,PERAWANG,RIAU,1000,552357,DRAGON CROWN HOLDINGS,DRAGON CROWN (HK) TRADING LTD,CHINA (HONG KONG),SHANTOU,CHINA (MAINLAND)
2019,470329,SINAR MAS,LONTAR PAPYRUS,KUALA TUNGKAL,JAMBI,341,188737,DRAGON CROWN HOLDINGS,DRAGON CROWN (HK) TRADING LTD,CHINA (HONG KONG),ZHANJIANG,CHINA (MAINLAND)
2019,470329,SINAR MAS,LONTAR PAPYRUS,KUALA TUNGKAL,JAMBI,502,274692,SINAR MAS,GOLDEN PROFIT TRADING PTE LTD,SINGAPORE,CHITTAGONG,BANGLADESH
2019,470329,SINAR MAS,OKI,SULTAN MAHMUD BADARUDDIN (U),SUMATERA SELATAN,3872,2093555,UNKNOWN AFFILIATION,BRIGHTENING SKY CO LTD,CHINA (HONG KONG),QINGDAO,CHINA (MAINLAND)
2019,470329,SINAR MAS,OKI,SULTAN MAHMUD BADARUDDIN (U),SUMATERA SELATAN,7128,3854045,UNKNOWN AFFILIATION,BRIGHTENING SKY CO LTD,CHINA (HONG KONG),QINGDAO,CHINA (MAINLAND)
2019,470329,SINAR MAS,INDAH KIAT,PERAWANG,RIAU,600,323998,DRAGON CROWN HOLDINGS,DRAGON CROWN (HK) TRADING LTD,CHINA (HONG KONG),QINGDAO,CHINA (MAINLAND)
2019,470329,SINAR MAS,INDAH KIAT,PERAWANG,RIAU,1000,539997,DRAGON CROWN HOLDINGS,DRAGON CROWN (HK) TRADING LTD,CHINA (HONG KONG),QINGDAO,CHINA (MAINLAND)
2019,470329,ROYAL GOLDEN EAGLE,APRIL,BUATAN,RIAU,502,175685,ROYAL GOLDEN EAGLE,APRIL INTERNATIONAL ENTEPRISE PTE LTD,SINGAPORE,CHITTAGONG,BANGLADESH
2019,470329,SINAR MAS,INDAH KIAT,PERAWANG,RIAU,500,273649,SINAR MAS,GOLDEN PROFIT TRADING PTE LTD,SINGAPORE,MELBOURNE,AUSTRALIA
2019,470329,SINAR MAS,LONTAR PAPYRUS,KUALA TUNGKAL,JAMBI,502,278164,SINAR MAS,GOLDEN PROFIT TRADING PTE LTD,SINGAPORE,PENANG (GEORGETOWN),MALAYSIA
2019,470329,SINAR MAS,LONTAR PAPYRUS,KUALA TUNGKAL,JAMBI,1004,555579,DRAGON CROWN HOLDINGS,DRAGON CROWN (HK) TRADING LTD,CHINA (HONG KONG),ZHANJIANG,CHINA (MAINLAND)
2019,470329,ROYAL GOLDEN EAGLE,TOBA PULP LESTARI,BELAWAN,SUMATERA UTARA,264,113495,ROYAL GOLDEN EAGLE,DP MARKETING INTERNATIONAL,MACAO,PIPAVAV (VICTOR) PORT,INDIA
2019,470329,SINAR MAS,LONTAR PAPYRUS,KUALA TUNGKAL,JAMBI,502,277902,UNKNOWN AFFILIATION,BRIGHTENING SKY CO LTD,CHINA (HONG KONG),ZHANJIANG,CHINA (MAINLAND)
2019,470329,MARUBENI,TANJUNG ENIM LESTARI,PANJANG,SUMATERA SELATAN,107,46109,UNKNOWN AFFILIATION,DUY HUNG CO LTD,VIETNAM,HAIPHONG,VIETNAM
2019,470329,SINAR MAS,INDAH KIAT,PERAWANG,RIAU,500,271019,SINAR MAS,GOLDEN PROFIT TRADING PTE LTD,SINGAPORE,HAIPHONG,VIETNAM
2019,470329,SINAR MAS,INDAH KIAT,PERAWANG,RIAU,1000,540191,UNKNOWN AFFILIATION,BRIGHTENING SKY CO LTD,CHINA (HONG KONG),HUANGPU,CHINA (MAINLAND)
2019,470329,SINAR MAS,INDAH KIAT,PERAWANG,RIAU,500,270095,UNKNOWN AFFILIATION,BRIGHTENING SKY CO LTD,CHINA (HONG KONG),HUANGPU,CHINA (MAINLAND)
2019,470329,SINAR MAS,INDAH KIAT,PERAWANG,RIAU,1500,810286,UNKNOWN AFFILIATION,BRIGHTENING SKY CO LTD,CHINA (HONG KONG),HUANGPU,CHINA (MAINLAND)
2019,470329,SINAR MAS,INDAH KIAT,PERAWANG,RIAU,2000,1080382,UNKNOWN AFFILIATION,BRIGHTENING SKY CO LTD,CHINA (HONG KONG),HUANGPU,CHINA (MAINLAND)
2019,470329,ROYAL GOLDEN EAGLE,APRIL,BUATAN,RIAU,262,91751,ROYAL GOLDEN EAGLE,APRIL INTERNATIONAL ENTEPRISE PTE LTD,SINGAPORE,WESTPORT/PORT KLANG,MALAYSIA
2019,470329,SINAR MAS,INDAH KIAT,PERAWANG,RIAU,1000,547517,DRAGON CROWN HOLDINGS,DRAGON CROWN (HK) TRADING LTD,CHINA (HONG KONG),QINGDAO,CHINA (MAINLAND)
2019,470329,ROYAL GOLDEN EAGLE,TOBA PULP LESTARI,BELAWAN,SUMATERA UTARA,246,105715,ROYAL GOLDEN EAGLE,DP MARKETING INTERNATIONAL,MACAO,PIPAVAV (VICTOR) PORT,INDIA
2019,470329,SINAR MAS,INDAH KIAT,PERAWANG,RIAU,2000,1080382,UNKNOWN AFFILIATION,BRIGHTENING SKY CO LTD,CHINA (HONG KONG),HUANGPU,CHINA (MAINLAND)
2019,470329,SINAR MAS,INDAH KIAT,PERAWANG,RIAU,2200,1188420,UNKNOWN AFFILIATION,BRIGHTENING SKY CO LTD,CHINA (HONG KONG),QINGDAO,CHINA (MAINLAND)
2019,470329,SINAR MAS,LONTAR PAPYRUS,KUALA TUNGKAL,JAMBI,301,170608,SINAR MAS,GOLDEN PROFIT TRADING PTE LTD,SINGAPORE,CAT LAI,VIETNAM
2019,470329,SINAR MAS,INDAH KIAT,PERAWANG,RIAU,2200,1188420,UNKNOWN AFFILIATION,BRIGHTENING SKY CO LTD,CHINA (HONG KONG),QINGDAO,CHINA (MAINLAND)
2019,470329,ROYAL GOLDEN EAGLE,APRIL,BUATAN,RIAU,237,83039,ROYAL GOLDEN EAGLE,APRIL INTERNATIONAL ENTEPRISE PTE LTD,SINGAPORE,EL ISKANDARIYA (= ALEXAND,EGYPT
2019,470329,SINAR MAS,LONTAR PAPYRUS,KUALA TUNGKAL,JAMBI,502,269254,SINAR MAS,GOLDEN PROFIT TRADING PTE LTD,SINGAPORE,CHITTAGONG,BANGLADESH
2019,470329,ROYAL GOLDEN EAGLE,TOBA PULP LESTARI,BELAWAN,SUMATERA UTARA,264,113710,ROYAL GOLDEN EAGLE,DP MARKETING INTERNATIONAL,MACAO,PIPAVAV (VICTOR) PORT,INDIA
2019,470329,SINAR MAS,INDAH KIAT,PERAWANG,RIAU,500,273031,SINAR MAS,GOLDEN PROFIT TRADING PTE LTD,SINGAPORE,CAT LAI,VIETNAM
2019,470329,SINAR MAS,INDAH KIAT,PERAWANG,RIAU,1000,540191,UNKNOWN AFFILIATION,BRIGHTENING SKY CO LTD,CHINA (HONG KONG),QINGDAO,CHINA (MAINLAND)
2019,470329,MARUBENI,TANJUNG ENIM LESTARI,PANJANG,SUMATERA SELATAN,316,147843,BPM,BANGLANE PAPER MILL CO LTD,THAILAND,LAT KRABANG,THAILAND
2019,470329,MARUBENI,TANJUNG ENIM LESTARI,PANJANG,SUMATERA SELATAN,315,147233,UNKNOWN AFFILIATION,THAI CARD BOARD CO LTD,THAILAND,LAT KRABANG,THAILAND
2019,470329,MARUBENI,TANJUNG ENIM LESTARI,PANJANG,SUMATERA SELATAN,105,45375,UNKNOWN AFFILIATION,DUY HUNG CO LTD,VIETNAM,HAIPHONG,VIETNAM
2019,470329,ROYAL GOLDEN EAGLE,APRIL,BUATAN,RIAU,503,175944,ROYAL GOLDEN EAGLE,APRIL INTERNATIONAL ENTEPRISE PTE LTD,SINGAPORE,CHITTAGONG,BANGLADESH
2019,470329,SINAR MAS,INDAH KIAT,PERAWANG,RIAU,506,280605,SINAR MAS,GOLDEN PROFIT TRADING PTE LTD,SINGAPORE,CHITTAGONG,BANGLADESH
2019,470329,ROYAL GOLDEN EAGLE,APRIL,BUATAN,RIAU,502,175830,ROYAL GOLDEN EAGLE,APRIL INTERNATIONAL ENTEPRISE PTE LTD,SINGAPORE,HAIPHONG,VIETNAM
2019,470329,ROYAL GOLDEN EAGLE,APRIL,BUATAN,RIAU,257,90011,ROYAL GOLDEN EAGLE,APRIL INTERNATIONAL ENTEPRISE PTE LTD,SINGAPORE,EL ISKANDARIYA (= ALEXAND,EGYPT
2019,470329,SINAR MAS,LONTAR PAPYRUS,KUALA TUNGKAL,JAMBI,1005,549750,SINAR MAS,GOLDEN PROFIT TRADING PTE LTD,SINGAPORE,LAT KRABANG,THAILAND
2019,470329,SINAR MAS,INDAH KIAT,PERAWANG,RIAU,506,280605,SINAR MAS,GOLDEN PROFIT TRADING PTE LTD,SINGAPORE,CHITTAGONG,BANGLADESH
2019,470329,SINAR MAS,LONTAR PAPYRUS,KUALA TUNGKAL,JAMBI,301,164813,SINAR MAS,GOLDEN PROFIT TRADING PTE LTD,SINGAPORE,CHITTAGONG,BANGLADESH
2019,470329,SINAR MAS,INDAH KIAT,PERAWANG,RIAU,500,275534,SINAR MAS,GOLDEN PROFIT TRADING PTE LTD,SINGAPORE,CHITTAGONG,BANGLADESH
2019,470329,SINAR MAS,INDAH KIAT,PERAWANG,RIAU,506,280605,SINAR MAS,GOLDEN PROFIT TRADING PTE LTD,SINGAPORE,CHITTAGONG,BANGLADESH
2019,470329,ROYAL GOLDEN EAGLE,APRIL,BUATAN,RIAU,302,105777,ROYAL GOLDEN EAGLE,APRIL INTERNATIONAL ENTEPRISE PTE LTD,SINGAPORE,HAIPHONG,VIETNAM
2019,470329,ROYAL GOLDEN EAGLE,APRIL,BUATAN,RIAU,36,12630,ROYAL GOLDEN EAGLE,APRIL INTERNATIONAL ENTEPRISE PTE LTD,SINGAPORE,JEBEL ALI,UNITED ARAB EMIRATES
2019,470329,ROYAL GOLDEN EAGLE,APRIL,BUATAN,RIAU,60,20897,ROYAL GOLDEN EAGLE,APRIL INTERNATIONAL ENTEPRISE PTE LTD,SINGAPORE,CHENNAI (EX MADRAS),INDIA
2019,470329,ROYAL GOLDEN EAGLE,APRIL,BUATAN,RIAU,1006,351931,ROYAL GOLDEN EAGLE,APRIL INTERNATIONAL ENTEPRISE PTE LTD,SINGAPORE,NINGBO,CHINA (MAINLAND)
2019,470329,SINAR MAS,OKI,SULTAN MAHMUD BADARUDDIN (U),SUMATERA SELATAN,8036,4344992,UNKNOWN AFFILIATION,BRIGHTENING SKY CO LTD,CHINA (HONG KONG),QINGDAO,CHINA (MAINLAND)
2019,470329,SINAR MAS,OKI,SULTAN MAHMUD BADARUDDIN (U),SUMATERA SELATAN,1856,1003522,UNKNOWN AFFILIATION,BRIGHTENING SKY CO LTD,CHINA (HONG KONG),QINGDAO,CHINA (MAINLAND)
2019,470329,ROYAL GOLDEN EAGLE,APRIL,BUATAN,RIAU,1006,352184,ROYAL GOLDEN EAGLE,APRIL INTERNATIONAL ENTEPRISE PTE LTD,SINGAPORE,NINGBO,CHINA (MAINLAND)
2019,470329,SINAR MAS,OKI,SULTAN MAHMUD BADARUDDIN (U),SUMATERA SELATAN,500,265000,SINAR MAS,GOLDEN PROFIT TRADING PTE LTD,SINGAPORE,CHITTAGONG,BANGLADESH
2019,470329,SINAR MAS,OKI,SULTAN MAHMUD BADARUDDIN (U),SUMATERA SELATAN,5700,3092250,UNKNOWN AFFILIATION,BRIGHTENING SKY CO LTD,CHINA (HONG KONG),ZHENJIANG,CHINA (MAINLAND)
2019,470329,SINAR MAS,OKI,SULTAN MAHMUD BADARUDDIN (U),SUMATERA SELATAN,5000,2712500,UNKNOWN AFFILIATION,BRIGHTENING SKY CO LTD,CHINA (HONG KONG),ZHENJIANG,CHINA (MAINLAND)
2019,470329,SINAR MAS,OKI,SULTAN MAHMUD BADARUDDIN (U),SUMATERA SELATAN,3744,2024347,UNKNOWN AFFILIATION,BRIGHTENING SKY CO LTD,CHINA (HONG KONG),QINGDAO,CHINA (MAINLAND)
2019,470329,SINAR MAS,OKI,SULTAN MAHMUD BADARUDDIN (U),SUMATERA SELATAN,5500,2915000,SINAR MAS,GOLDEN PROFIT TRADING PTE LTD,SINGAPORE,CHITTAGONG,BANGLADESH
2019,470329,SINAR MAS,OKI,SULTAN MAHMUD BADARUDDIN (U),SUMATERA SELATAN,4500,2531250,CHINA UNION,CHINA UNION (MACAO COMMERCIAL OFFSHORE) CO LTD,MACAO,ZHENJIANG,CHINA (MAINLAND)
2019,470329,ROYAL GOLDEN EAGLE,APRIL,BUATAN,RIAU,201,70365,ROYAL GOLDEN EAGLE,APRIL INTERNATIONAL ENTEPRISE PTE LTD,SINGAPORE,KATHUWAS ICD/ALWAR,INDIA
2019,470329,SINAR MAS,OKI,SULTAN MAHMUD BADARUDDIN (U),SUMATERA SELATAN,300,162750,UNKNOWN AFFILIATION,SUZHOU HUANG YI TRADE CO LTD,CHINA (MAINLAND),ZHENJIANG,CHINA (MAINLAND)
2019,470329,ROYAL GOLDEN EAGLE,APRIL,BUATAN,RIAU,161,56220,ROYAL GOLDEN EAGLE,APRIL INTERNATIONAL ENTEPRISE PTE LTD,SINGAPORE,KATHUWAS ICD/ALWAR,INDIA
2019,470329,ROYAL GOLDEN EAGLE,APRIL,BUATAN,RIAU,201,70420,ROYAL GOLDEN EAGLE,APRIL INTERNATIONAL ENTEPRISE PTE LTD,SINGAPORE,PIPAVAV (VICTOR) PORT,INDIA
2019,470329,SINAR MAS,INDAH KIAT,PERAWANG,RIAU,500,275957,SINAR MAS,GOLDEN PROFIT TRADING PTE LTD,SINGAPORE,PIPAVAV (VICTOR) PORT,INDIA
2019,470329,SINAR MAS,INDAH KIAT,PERAWANG,RIAU,500,275957,SINAR MAS,GOLDEN PROFIT TRADING PTE LTD,SINGAPORE,PIPAVAV (VICTOR) PORT,INDIA
2019,470329,SINAR MAS,INDAH KIAT,PERAWANG,RIAU,500,267362,SINAR MAS,GOLDEN PROFIT TRADING PTE LTD,SINGAPORE,KARACHI,PAKISTAN
2019,470329,ROYAL GOLDEN EAGLE,APRIL,BUATAN,RIAU,503,176062,ROYAL GOLDEN EAGLE,APRIL INTERNATIONAL ENTEPRISE PTE LTD,SINGAPORE,CHITTAGONG,BANGLADESH
2019,470329,SINAR MAS,INDAH KIAT,PERAWANG,RIAU,400,213889,SINAR MAS,GOLDEN PROFIT TRADING PTE LTD,SINGAPORE,KARACHI,PAKISTAN
2019,470329,SINAR MAS,LONTAR PAPYRUS,KUALA TUNGKAL,JAMBI,502,269447,SINAR MAS,GOLDEN PROFIT TRADING PTE LTD,SINGAPORE,CHITTAGONG,BANGLADESH
2019,470329,SINAR MAS,INDAH KIAT,PERAWANG,RIAU,500,275957,SINAR MAS,GOLDEN PROFIT TRADING PTE LTD,SINGAPORE,PIPAVAV (VICTOR) PORT,INDIA
2019,470329,MARUBENI,TANJUNG ENIM LESTARI,PANJANG,SUMATERA SELATAN,526,217457,UNKNOWN AFFILIATION,VISY PULP AND PAPER PTY LTD,AUSTRALIA,MELBOURNE,AUSTRALIA
2019,470329,SINAR MAS,LONTAR PAPYRUS,KUALA TUNGKAL,JAMBI,1004,563274,SINAR MAS,GOLDEN PROFIT TRADING PTE LTD,SINGAPORE,LAT KRABANG,THAILAND
2019,470329,ROYAL GOLDEN EAGLE,APRIL,BUATAN,RIAU,503,175898,ROYAL GOLDEN EAGLE,APRIL INTERNATIONAL ENTEPRISE PTE LTD,SINGAPORE,CHITTAGONG,BANGLADESH
2019,470329,MARUBENI,TANJUNG ENIM LESTARI,PANJANG,SUMATERA SELATAN,780,323713,ITC,ITC LTD - PAPERBOARDS & SPECIALTY PAPERS DIVSION,INDIA,HALDIA,INDIA
2019,470329,ROYAL GOLDEN EAGLE,APRIL,BUATAN,RIAU,1206,422152,ROYAL GOLDEN EAGLE,APRIL INTERNATIONAL ENTEPRISE PTE LTD,SINGAPORE,BEIRUT,LEBANON
2019,470329,SINAR MAS,LONTAR PAPYRUS,KUALA TUNGKAL,JAMBI,502,278355,SINAR MAS,GOLDEN PROFIT TRADING PTE LTD,SINGAPORE,PENANG (GEORGETOWN),MALAYSIA
2019,470329,SINAR MAS,OKI,SULTAN MAHMUD BADARUDDIN (U),SUMATERA SELATAN,288,156628,DRAGON CROWN HOLDINGS,DRAGON CROWN (HK) TRADING LTD,CHINA (HONG KONG),NINGBO,CHINA (MAINLAND)
2019,470329,SINAR MAS,INDAH KIAT,PERAWANG,RIAU,1000,561370,SINAR MAS,GOLDEN PROFIT TRADING PTE LTD,SINGAPORE,HALDIA,INDIA
2019,470329,SINAR MAS,INDAH KIAT,PERAWANG,RIAU,500,275957,SINAR MAS,GOLDEN PROFIT TRADING PTE LTD,SINGAPORE,PIPAVAV (VICTOR) PORT,INDIA
2019,470329,ROYAL GOLDEN EAGLE,APRIL,BUATAN,RIAU,201,70264,ROYAL GOLDEN EAGLE,APRIL INTERNATIONAL ENTEPRISE PTE LTD,SINGAPORE,PIPAVAV (VICTOR) PORT,INDIA
2019,470329,SINAR MAS,INDAH KIAT,PERAWANG,RIAU,7000,3789590,SINAR MAS,GOLDEN PROFIT TRADING PTE LTD,SINGAPORE,HALDIA,INDIA
2019,470329,SINAR MAS,INDAH KIAT,PERAWANG,RIAU,500,275957,SINAR MAS,GOLDEN PROFIT TRADING PTE LTD,SINGAPORE,PIPAVAV (VICTOR) PORT,INDIA
2019,470329,ROYAL GOLDEN EAGLE,APRIL,BUATAN,RIAU,402,140596,ROYAL GOLDEN EAGLE,APRIL INTERNATIONAL ENTEPRISE PTE LTD,SINGAPORE,JEBEL ALI,UNITED ARAB EMIRATES
2019,470329,ROYAL GOLDEN EAGLE,APRIL,BUATAN,RIAU,503,175892,ROYAL GOLDEN EAGLE,APRIL INTERNATIONAL ENTEPRISE PTE LTD,SINGAPORE,CHITTAGONG,BANGLADESH
2019,470329,SINAR MAS,OKI,SULTAN MAHMUD BADARUDDIN (U),SUMATERA SELATAN,528,282418,DRAGON CROWN HOLDINGS,DRAGON CROWN (HK) TRADING LTD,CHINA (HONG KONG),NINGBO,CHINA (MAINLAND)
2019,470329,SINAR MAS,OKI,SULTAN MAHMUD BADARUDDIN (U),SUMATERA SELATAN,496,269622,DRAGON CROWN HOLDINGS,DRAGON CROWN (HK) TRADING LTD,CHINA (HONG KONG),NINGBO,CHINA (MAINLAND)
2019,470329,ROYAL GOLDEN EAGLE,TOBA PULP LESTARI,BELAWAN,SUMATERA UTARA,207,89071,ROYAL GOLDEN EAGLE,DP MARKETING INTERNATIONAL,MACAO,PIPAVAV (VICTOR) PORT,INDIA
2019,470329,ROYAL GOLDEN EAGLE,TOBA PULP LESTARI,BELAWAN,SUMATERA UTARA,75,32391,ROYAL GOLDEN EAGLE,DP MARKETING INTERNATIONAL,MACAO,CHENNAI (EX MADRAS),INDIA
2019,470329,SINAR MAS,INDAH KIAT,PERAWANG,RIAU,144,78600,SINAR MAS,GOLDEN PROFIT TRADING PTE LTD,SINGAPORE,SOUTHAMPTON,UNITED KINGDOM
2019,470329,ROYAL GOLDEN EAGLE,TOBA PULP LESTARI,BELAWAN,SUMATERA UTARA,75,32229,ROYAL GOLDEN EAGLE,DP MARKETING INTERNATIONAL,MACAO,TUTICORIN,INDIA
2019,470329,SINAR MAS,INDAH KIAT,PERAWANG,RIAU,90,61185,SINAR MAS,GOLDEN PROFIT TRADING PTE LTD,SINGAPORE,SHIMIZU,JAPAN
2019,470329,MARUBENI,TANJUNG ENIM LESTARI,TARAHAN,SUMATERA SELATAN,1028,439552,HONG WON,HONG WON PAPER MFG CO LTD,SOUTH KOREA,PYONGTAEK,SOUTH KOREA
2019,470329,MARUBENI,TANJUNG ENIM LESTARI,TARAHAN,SUMATERA SELATAN,320,140798,HANSOL,HANSOL PAPER CO LTD,SOUTH KOREA,PYONGTAEK,SOUTH KOREA
2019,470329,SINAR MAS,OKI,SULTAN MAHMUD BADARUDDIN (U),SUMATERA SELATAN,650,351650,UNKNOWN AFFILIATION,SUZHOU HUANG YI TRADE CO LTD,CHINA (MAINLAND),SHANGHAI,CHINA (MAINLAND)
2019,470329,SINAR MAS,OKI,SULTAN MAHMUD BADARUDDIN (U),SUMATERA SELATAN,5000,2710000,UNKNOWN AFFILIATION,FREELAND UNIVERSAL LTD,CHINA (HONG KONG),CHANGSHU,CHINA (MAINLAND)
2019,470329,SINAR MAS,OKI,SULTAN MAHMUD BADARUDDIN (U),SUMATERA SELATAN,5200,2917200,UNKNOWN AFFILIATION,FREELAND UNIVERSAL LTD,CHINA (HONG KONG),SHANGHAI,CHINA (MAINLAND)
2019,470329,MARUBENI,TANJUNG ENIM LESTARI,TARAHAN,SUMATERA SELATAN,2575,1081969,JIANGHE PAPER,HENAN JIANGHE PAPER CO LTD,CHINA (MAINLAND),QINGDAO,CHINA (MAINLAND)
2019,470329,SINAR MAS,OKI,SULTAN MAHMUD BADARUDDIN (U),SUMATERA SELATAN,550,309100,UNKNOWN AFFILIATION,NINGBO GUANPAO TRADING (HONGKONG) CO LTD,CHINA (HONG KONG),CHANGSHU,CHINA (MAINLAND)
2019,470329,SINAR MAS,INDAH KIAT,PERAWANG,RIAU,2300,1242439,DRAGON CROWN HOLDINGS,DRAGON CROWN (HK) TRADING LTD,CHINA (HONG KONG),CHANGSHU,CHINA (MAINLAND)
2019,470329,MARUBENI,TANJUNG ENIM LESTARI,TARAHAN,SUMATERA SELATAN,1029,439657,HONG WON,HONG WON PAPER MFG CO LTD,SOUTH KOREA,PYONGTAEK,SOUTH KOREA
2019,470329,MARUBENI,TANJUNG ENIM LESTARI,TARAHAN,SUMATERA SELATAN,534,234788,HANSOL,HANSOL PAPER CO LTD,SOUTH KOREA,PYONGTAEK,SOUTH KOREA
2019,470329,SINAR MAS,OKI,SULTAN MAHMUD BADARUDDIN (U),SUMATERA SELATAN,1250,702500,UNKNOWN AFFILIATION,BRIGHTENING SKY CO LTD,CHINA (HONG KONG),CHANGSHU,CHINA (MAINLAND)
2019,470329,SINAR MAS,OKI,SULTAN MAHMUD BADARUDDIN (U),SUMATERA SELATAN,2200,1192400,SINAR MAS,GOLDEN PROFIT TRADING PTE LTD,SINGAPORE,CHANGSHU,CHINA (MAINLAND)
2019,470329,SINAR MAS,OKI,SULTAN MAHMUD BADARUDDIN (U),SUMATERA SELATAN,300,168600,UNKNOWN AFFILIATION,NINGBO GUANPAO TRADING (HONGKONG) CO LTD,CHINA (HONG KONG),CHANGSHU,CHINA (MAINLAND)
2019,470329,SINAR MAS,INDAH KIAT,PERAWANG,RIAU,1200,630600,UNKNOWN AFFILIATION,FREELAND UNIVERSAL LTD,CHINA (HONG KONG),CHANGSHU,CHINA (MAINLAND)
2019,470329,SINAR MAS,OKI,SULTAN MAHMUD BADARUDDIN (U),SUMATERA SELATAN,5600,3035200,SINAR MAS,GOLDEN PROFIT TRADING PTE LTD,SINGAPORE,GUNSAN (ES KUNSAN),SOUTH KOREA
2019,470329,SINAR MAS,LONTAR PAPYRUS,KUALA TUNGKAL,JAMBI,1004,546827,UNKNOWN AFFILIATION,BRIGHTENING SKY CO LTD,CHINA (HONG KONG),ZHANJIANG,CHINA (MAINLAND)
2019,470329,SINAR MAS,OKI,SULTAN MAHMUD BADARUDDIN (U),SUMATERA SELATAN,100,54200,SINAR MAS,GOLDEN PROFIT TRADING PTE LTD,SINGAPORE,GUNSAN (ES KUNSAN),SOUTH KOREA
2019,470329,SINAR MAS,INDAH KIAT,PERAWANG,RIAU,500,271006,SINAR MAS,GOLDEN PROFIT TRADING PTE LTD,SINGAPORE,HAIPHONG,VIETNAM
2019,470329,SINAR MAS,INDAH KIAT,PERAWANG,RIAU,4000,2160764,UNKNOWN AFFILIATION,BRIGHTENING SKY CO LTD,CHINA (HONG KONG),HUANGPU,CHINA (MAINLAND)
2019,470329,SINAR MAS,OKI,SULTAN MAHMUD BADARUDDIN (U),SUMATERA SELATAN,1000,542000,SINAR MAS,GOLDEN PROFIT TRADING PTE LTD,SINGAPORE,GUNSAN (ES KUNSAN),SOUTH KOREA
2019,470329,SINAR MAS,LONTAR PAPYRUS,KUALA TUNGKAL,JAMBI,1003,546281,UNKNOWN AFFILIATION,BRIGHTENING SKY CO LTD,CHINA (HONG KONG),ZHANJIANG,CHINA (MAINLAND)
2019,470329,ROYAL GOLDEN EAGLE,APRIL,BUATAN,RIAU,503,175993,ROYAL GOLDEN EAGLE,APRIL INTERNATIONAL ENTEPRISE PTE LTD,SINGAPORE,CHITTAGONG,BANGLADESH
2019,470329,MARUBENI,TANJUNG ENIM LESTARI,TARAHAN,SUMATERA SELATAN,514,219700,HONG WON,HONG WON PAPER MFG CO LTD,SOUTH KOREA,PYONGTAEK,SOUTH KOREA
2019,470329,SINAR MAS,OKI,SULTAN MAHMUD BADARUDDIN (U),SUMATERA SELATAN,5000,2810000,SINAR MAS,GOLDEN PROFIT TRADING PTE LTD,SINGAPORE,GUNSAN (ES KUNSAN),SOUTH KOREA
2019,470329,SINAR MAS,INDAH KIAT,PERAWANG,RIAU,3000,1620573,UNKNOWN AFFILIATION,BRIGHTENING SKY CO LTD,CHINA (HONG KONG),HUANGPU,CHINA (MAINLAND)
2019,470329,MARUBENI,TANJUNG ENIM LESTARI,TARAHAN,SUMATERA SELATAN,2054,843687,JIANGHE PAPER,HENAN JIANGHE PAPER CO LTD,CHINA (MAINLAND),QINGDAO,CHINA (MAINLAND)
2019,470329,SINAR MAS,OKI,SULTAN MAHMUD BADARUDDIN (U),SUMATERA SELATAN,1200,650400,UNKNOWN AFFILIATION,FREELAND UNIVERSAL LTD,CHINA (HONG KONG),CHANGSHU,CHINA (MAINLAND)
2019,470329,SINAR MAS,OKI,SULTAN MAHMUD BADARUDDIN (U),SUMATERA SELATAN,1550,869550,UNKNOWN AFFILIATION,FREELAND UNIVERSAL LTD,CHINA (HONG KONG),SHANGHAI,CHINA (MAINLAND)
2019,470329,MARUBENI,TANJUNG ENIM LESTARI,TARAHAN,SUMATERA SELATAN,1544,660018,HONG WON,HONG WON PAPER MFG CO LTD,SOUTH KOREA,PYONGTAEK,SOUTH KOREA
2019,470329,SINAR MAS,LONTAR PAPYRUS,KUALA TUNGKAL,JAMBI,301,164453,SINAR MAS,GOLDEN PROFIT TRADING PTE LTD,SINGAPORE,CHITTAGONG,BANGLADESH
2019,470329,SINAR MAS,LONTAR PAPYRUS,KUALA TUNGKAL,JAMBI,503,269771,SINAR MAS,GOLDEN PROFIT TRADING PTE LTD,SINGAPORE,CHITTAGONG,BANGLADESH
2019,470329,SINAR MAS,LONTAR PAPYRUS,KUALA TUNGKAL,JAMBI,1004,542178,SINAR MAS,GOLDEN PROFIT TRADING PTE LTD,SINGAPORE,LAT KRABANG,THAILAND
2019,470329,MARUBENI,TANJUNG ENIM LESTARI,PANJANG,SUMATERA SELATAN,494,230654,NIPPON PAPER,NIPPON PAPER INDUSTRIES CO LTD,JAPAN,IWAKUNI,JAPAN
2019,470329,SINAR MAS,LONTAR PAPYRUS,KUALA TUNGKAL,JAMBI,301,163708,SINAR MAS,GOLDEN PROFIT TRADING PTE LTD,SINGAPORE,MANILA SOUTH HARBOUR,PHILIPPINES
2019,470329,SINAR MAS,OKI,SULTAN MAHMUD BADARUDDIN (U),SUMATERA SELATAN,496,265176,DRAGON CROWN HOLDINGS,DRAGON CROWN (HK) TRADING LTD,CHINA (HONG KONG),NINGBO,CHINA (MAINLAND)
2019,470329,ROYAL GOLDEN EAGLE,APRIL,BUATAN,RIAU,201,70294,ROYAL GOLDEN EAGLE,APRIL INTERNATIONAL ENTEPRISE PTE LTD,SINGAPORE,KATHUWAS ICD/ALWAR,INDIA
2019,470329,SINAR MAS,LONTAR PAPYRUS,KUALA TUNGKAL,JAMBI,501,277556,SINAR MAS,GOLDEN PROFIT TRADING PTE LTD,SINGAPORE,PENANG (GEORGETOWN),MALAYSIA
2019,470329,MARUBENI,TANJUNG ENIM LESTARI,PANJANG,SUMATERA SELATAN,857,354963,VINDA,VINDA PERSONAL CARE (CHINA) LTD,CHINA (MAINLAND),WUHAN,CHINA (MAINLAND)
2019,470329,ROYAL GOLDEN EAGLE,APRIL,BUATAN,RIAU,201,70196,ROYAL GOLDEN EAGLE,APRIL INTERNATIONAL ENTEPRISE PTE LTD,SINGAPORE,BANGKOK,THAILAND
2019,470329,SINAR MAS,OKI,SULTAN MAHMUD BADARUDDIN (U),SUMATERA SELATAN,320,171081,DRAGON CROWN HOLDINGS,DRAGON CROWN (HK) TRADING LTD,CHINA (HONG KONG),NINGBO,CHINA (MAINLAND)
2019,470329,SINAR MAS,LONTAR PAPYRUS,KUALA TUNGKAL,JAMBI,502,269056,SINAR MAS,GOLDEN PROFIT TRADING PTE LTD,SINGAPORE,CHITTAGONG,BANGLADESH
2019,470329,MARUBENI,TANJUNG ENIM LESTARI,PANJANG,SUMATERA SELATAN,1055,436858,VINDA,VINDA PERSONAL CARE (CHINA) LTD,CHINA (MAINLAND),WUHAN,CHINA (MAINLAND)
2019,470329,SINAR MAS,INDAH KIAT,PERAWANG,RIAU,506,280605,SINAR MAS,GOLDEN PROFIT TRADING PTE LTD,SINGAPORE,CHITTAGONG,BANGLADESH
2019,470329,SINAR MAS,INDAH KIAT,PERAWANG,RIAU,1000,553818,SINAR MAS,GOLDEN PROFIT TRADING PTE LTD,SINGAPORE,SHUAIBA,KUWAIT
2019,470329,SINAR MAS,INDAH KIAT,PERAWANG,RIAU,300,160417,SINAR MAS,GOLDEN PROFIT TRADING PTE LTD,SINGAPORE,KARACHI,PAKISTAN
2019,470329,SINAR MAS,INDAH KIAT,PERAWANG,RIAU,500,275957,SINAR MAS,GOLDEN PROFIT TRADING PTE LTD,SINGAPORE,PIPAVAV (VICTOR) PORT,INDIA
2019,470329,SINAR MAS,INDAH KIAT,PERAWANG,RIAU,300,160417,SINAR MAS,GOLDEN PROFIT TRADING PTE LTD,SINGAPORE,KARACHI,PAKISTAN
2019,470329,SINAR MAS,INDAH KIAT,PERAWANG,RIAU,500,276909,SINAR MAS,GOLDEN PROFIT TRADING PTE LTD,SINGAPORE,SHUAIBA,KUWAIT
2019,470329,ROYAL GOLDEN EAGLE,APRIL,FUTONG,RIAU,5023,1757926,ROYAL GOLDEN EAGLE,APRIL FAR EAST MALAYSIA SDN BHD,MALAYSIA,XINHUI,CHINA (MAINLAND)
2019,470329,ROYAL GOLDEN EAGLE,APRIL,BUATAN,RIAU,1005,351820,ROYAL GOLDEN EAGLE,APRIL INTERNATIONAL ENTEPRISE PTE LTD,SINGAPORE,JAWAHARLAL NEHRU (NHAVA S,INDIA
2019,470329,SINAR MAS,INDAH KIAT,PERAWANG,RIAU,1012,554758,UNKNOWN AFFILIATION,BRIGHTENING SKY CO LTD,CHINA (HONG KONG),TIANJIN,CHINA (MAINLAND)
2019,470329,SINAR MAS,INDAH KIAT,PERAWANG,RIAU,500,267362,SINAR MAS,GOLDEN PROFIT TRADING PTE LTD,SINGAPORE,KARACHI,PAKISTAN
2019,470329,ROYAL GOLDEN EAGLE,APRIL,BUATAN,RIAU,40,14043,ROYAL GOLDEN EAGLE,APRIL INTERNATIONAL ENTEPRISE PTE LTD,SINGAPORE,PIPAVAV (VICTOR) PORT,INDIA
2019,470329,SINAR MAS,INDAH KIAT,PERAWANG,RIAU,138,72875,SINAR MAS,GOLDEN PROFIT TRADING PTE LTD,SINGAPORE,DJIBOUTI,DJIBOUTI
2019,470329,SINAR MAS,OKI,SULTAN MAHMUD BADARUDDIN (U),SUMATERA SELATAN,5500,2981000,CHINA UNION,CHINA UNION (MACAO COMMERCIAL OFFSHORE) CO LTD,MACAO,ZHENJIANG,CHINA (MAINLAND)
2019,470329,SINAR MAS,OKI,SULTAN MAHMUD BADARUDDIN (U),SUMATERA SELATAN,288,146827,DRAGON CROWN HOLDINGS,DRAGON CROWN (HK) TRADING LTD,CHINA (HONG KONG),NINGBO,CHINA (MAINLAND)
2019,470329,SINAR MAS,OKI,SULTAN MAHMUD BADARUDDIN (U),SUMATERA SELATAN,900,487800,CHINA UNION,CHINA UNION (MACAO COMMERCIAL OFFSHORE) CO LTD,MACAO,ZHENJIANG,CHINA (MAINLAND)
2019,470329,SINAR MAS,OKI,SULTAN MAHMUD BADARUDDIN (U),SUMATERA SELATAN,360,192558,DRAGON CROWN HOLDINGS,DRAGON CROWN (HK) TRADING LTD,CHINA (HONG KONG),NINGBO,CHINA (MAINLAND)
2019,470329,ROYAL GOLDEN EAGLE,APRIL,BUATAN,RIAU,99,34793,ROYAL GOLDEN EAGLE,APRIL INTERNATIONAL ENTEPRISE PTE LTD,SINGAPORE,ANKLESHWAR,INDIA
2019,470329,SINAR MAS,OKI,SULTAN MAHMUD BADARUDDIN (U),SUMATERA SELATAN,4300,2322821,DRAGON CROWN HOLDINGS,DRAGON CROWN (HK) TRADING LTD,CHINA (HONG KONG),NANSHA,CHINA (MAINLAND)
2019,470329,SINAR MAS,OKI,SULTAN MAHMUD BADARUDDIN (U),SUMATERA SELATAN,720,387929,DRAGON CROWN HOLDINGS,DRAGON CROWN (HK) TRADING LTD,CHINA (HONG KONG),NINGBO,CHINA (MAINLAND)
2019,470329,SINAR MAS,OKI,SULTAN MAHMUD BADARUDDIN (U),SUMATERA SELATAN,4450,2403850,DRAGON CROWN HOLDINGS,DRAGON CROWN (HK) TRADING LTD,CHINA (HONG KONG),CHANGSHU,CHINA (MAINLAND)
2019,470329,SINAR MAS,OKI,SULTAN MAHMUD BADARUDDIN (U),SUMATERA SELATAN,1550,868775,UNKNOWN AFFILIATION,BRIGHTENING SKY CO LTD,CHINA (HONG KONG),CHANGSHU,CHINA (MAINLAND)
2019,470329,ROYAL GOLDEN EAGLE,APRIL,BUATAN,RIAU,197,69037,ROYAL GOLDEN EAGLE,APRIL INTERNATIONAL ENTEPRISE PTE LTD,SINGAPORE,TUGLAKABAD,INDIA
2019,470329,ROYAL GOLDEN EAGLE,APRIL,BUATAN,RIAU,58,20270,ROYAL GOLDEN EAGLE,APRIL INTERNATIONAL ENTEPRISE PTE LTD,SINGAPORE,JAWAHARLAL NEHRU (NHAVA S,INDIA
2019,470329,SINAR MAS,INDAH KIAT,PERAWANG,RIAU,500,267362,SINAR MAS,GOLDEN PROFIT TRADING PTE LTD,SINGAPORE,KARACHI,PAKISTAN
2019,470329,SINAR MAS,OKI,SULTAN MAHMUD BADARUDDIN (U),SUMATERA SELATAN,7300,3956600,CHINA UNION,CHINA UNION (MACAO COMMERCIAL OFFSHORE) CO LTD,MACAO,ZHENJIANG,CHINA (MAINLAND)
2019,470329,SINAR MAS,OKI,SULTAN MAHMUD BADARUDDIN (U),SUMATERA SELATAN,1100,594550,SINAR MAS,GOLDEN PROFIT TRADING PTE LTD,SINGAPORE,CHANGSHU,CHINA (MAINLAND)
2019,470329,SINAR MAS,INDAH KIAT,PERAWANG,RIAU,5010,2707905,SINAR MAS,GOLDEN PROFIT TRADING PTE LTD,SINGAPORE,ULSAN,SOUTH KOREA
2019,470329,SINAR MAS,OKI,SULTAN MAHMUD BADARUDDIN (U),SUMATERA SELATAN,3000,1626000,UNKNOWN AFFILIATION,NINGBO GUANPAO TRADING (HONGKONG) CO LTD,CHINA (HONG KONG),ZHENJIANG,CHINA (MAINLAND)
2019,470329,MARUBENI,TANJUNG ENIM LESTARI,PANJANG,SUMATERA SELATAN,251,103944,ITC,ITC LTD - PAPERBOARDS & SPECIALTY PAPERS DIVSION,INDIA,HALDIA,INDIA
2019,470329,SINAR MAS,OKI,SULTAN MAHMUD BADARUDDIN (U),SUMATERA SELATAN,3000,1626000,UNKNOWN AFFILIATION,NINGBO GUANPAO TRADING (HONGKONG) CO LTD,CHINA (HONG KONG),ZHENJIANG,CHINA (MAINLAND)
2019,470329,MARUBENI,TANJUNG ENIM LESTARI,PANJANG,SUMATERA SELATAN,211,89422,UNKNOWN AFFILIATION,YUEN FOONG YU CONSUMER PRODUCTS CO LTD,TAIWAN,TAICHUNG,TAIWAN
2019,470329,SINAR MAS,INDAH KIAT,PERAWANG,RIAU,1700,916625,DRAGON CROWN HOLDINGS,DRAGON CROWN (HK) TRADING LTD,CHINA (HONG KONG),CHANGSHU,CHINA (MAINLAND)
2019,470329,SINAR MAS,LONTAR PAPYRUS,KUALA TUNGKAL,JAMBI,1002,530956,UNKNOWN AFFILIATION,BRIGHTENING SKY CO LTD,CHINA (HONG KONG),ZHANJIANG,CHINA (MAINLAND)
2019,470329,MARUBENI,TANJUNG ENIM LESTARI,PANJANG,SUMATERA SELATAN,521,217239,CHINATEX CORP,CHINATEX RAW MATERIALS IMPORT AND EXPORT,CHINA (MAINLAND),XINGANG,CHINA (MAINLAND)
2019,470329,SINAR MAS,OKI,SULTAN MAHMUD BADARUDDIN (U),SUMATERA SELATAN,4100,2304200,CHINA UNION,CHINA UNION (MACAO COMMERCIAL OFFSHORE) CO LTD,MACAO,ZHENJIANG,CHINA (MAINLAND)
2019,470329,MARUBENI,TANJUNG ENIM LESTARI,PANJANG,SUMATERA SELATAN,527,217859,UNKNOWN AFFILIATION,VISY PULP AND PAPER PTY LTD,AUSTRALIA,MELBOURNE,AUSTRALIA
2019,470329,SINAR MAS,OKI,SULTAN MAHMUD BADARUDDIN (U),SUMATERA SELATAN,1000,562000,CHINA UNION,CHINA UNION (MACAO COMMERCIAL OFFSHORE) CO LTD,MACAO,ZHENJIANG,CHINA (MAINLAND)
2019,470329,ROYAL GOLDEN EAGLE,APRIL,BUATAN,RIAU,501,175215,ROYAL GOLDEN EAGLE,APRIL INTERNATIONAL ENTEPRISE PTE LTD,SINGAPORE,CHITTAGONG,BANGLADESH
2019,470329,SINAR MAS,OKI,SULTAN MAHMUD BADARUDDIN (U),SUMATERA SELATAN,2600,1409200,CHINA UNION,CHINA UNION (MACAO COMMERCIAL OFFSHORE) CO LTD,MACAO,ZHENJIANG,CHINA (MAINLAND)
2019,470329,SINAR MAS,LONTAR PAPYRUS,KUALA TUNGKAL,JAMBI,502,274213,SINAR MAS,GOLDEN PROFIT TRADING PTE LTD,SINGAPORE,CHITTAGONG,BANGLADESH
2019,470329,SINAR MAS,INDAH KIAT,PERAWANG,RIAU,3290,1774955,UNKNOWN AFFILIATION,FREELAND UNIVERSAL LTD,CHINA (HONG KONG),CHANGSHU,CHINA (MAINLAND)
2019,470329,ROYAL GOLDEN EAGLE,APRIL,BUATAN,RIAU,1004,351379,ROYAL GOLDEN EAGLE,APRIL INTERNATIONAL ENTEPRISE PTE LTD,SINGAPORE,JAWAHARLAL NEHRU (NHAVA S,INDIA
2019,470329,ROYAL GOLDEN EAGLE,APRIL,BUATAN,RIAU,696,243470,ROYAL GOLDEN EAGLE,APRIL INTERNATIONAL ENTEPRISE PTE LTD,SINGAPORE,EL ISKANDARIYA (= ALEXAND,EGYPT
2019,470329,SINAR MAS,OKI,SULTAN MAHMUD BADARUDDIN (U),SUMATERA SELATAN,10000,5416909,DRAGON CROWN HOLDINGS,DRAGON CROWN (HK) TRADING LTD,CHINA (HONG KONG),CHANGSHU,CHINA (MAINLAND)
2019,470329,MARUBENI,TANJUNG ENIM LESTARI,PANJANG,SUMATERA SELATAN,521,215789,VINDA,VINDA PERSONAL CARE (CHINA) LTD,CHINA (MAINLAND),WUHAN,CHINA (MAINLAND)
2019,470329,ROYAL GOLDEN EAGLE,TOBA PULP LESTARI,BELAWAN,SUMATERA UTARA,398,171232,ROYAL GOLDEN EAGLE,DP MARKETING INTERNATIONAL,MACAO,PIPAVAV (VICTOR) PORT,INDIA
2019,470329,ROYAL GOLDEN EAGLE,TOBA PULP LESTARI,BELAWAN,SUMATERA UTARA,38,16349,ROYAL GOLDEN EAGLE,DP MARKETING INTERNATIONAL,MACAO,JAWAHARLAL NEHRU (NHAVA S,INDIA
2019,470329,MARUBENI,TANJUNG ENIM LESTARI,PANJANG,SUMATERA SELATAN,317,141438,UNKNOWN AFFILIATION,NIBONG TEBAL PAPER MILL SDN BHD,MALAYSIA,PENANG (GEORGETOWN),MALAYSIA
2019,470329,SINAR MAS,OKI,SULTAN MAHMUD BADARUDDIN (U),SUMATERA SELATAN,400,216676,DRAGON CROWN HOLDINGS,DRAGON CROWN (HK) TRADING LTD,CHINA (HONG KONG),CHANGSHU,CHINA (MAINLAND)
2019,470329,SINAR MAS,OKI,SULTAN MAHMUD BADARUDDIN (U),SUMATERA SELATAN,5000,2810000,CHINA UNION,CHINA UNION (MACAO COMMERCIAL OFFSHORE) CO LTD,MACAO,NINGBO,CHINA (MAINLAND)
2019,470329,SINAR MAS,INDAH KIAT,PERAWANG,RIAU,300,163912,SINAR MAS,GOLDEN PROFIT TRADING PTE LTD,SINGAPORE,DA NANG,VIETNAM
2019,470329,SINAR MAS,LONTAR PAPYRUS,KUALA TUNGKAL,JAMBI,502,278313,SINAR MAS,GOLDEN PROFIT TRADING PTE LTD,SINGAPORE,PENANG (GEORGETOWN),MALAYSIA
2019,470329,SINAR MAS,LONTAR PAPYRUS,KUALA TUNGKAL,JAMBI,101,55278,SINAR MAS,GOLDEN PROFIT TRADING PTE LTD,SINGAPORE,CAT LAI,VIETNAM
2019,470329,SINAR MAS,OKI,SULTAN MAHMUD BADARUDDIN (U),SUMATERA SELATAN,500,281000,UNKNOWN AFFILIATION,SUZHOU HUANG YI TRADE CO LTD,CHINA (MAINLAND),NINGBO,CHINA (MAINLAND)
2019,470329,SINAR MAS,LONTAR PAPYRUS,KUALA TUNGKAL,JAMBI,1002,554613,UNKNOWN AFFILIATION,BRIGHTENING SKY CO LTD,CHINA (HONG KONG),ZHANJIANG,CHINA (MAINLAND)
2019,470329,SINAR MAS,LONTAR PAPYRUS,KUALA TUNGKAL,JAMBI,502,277852,UNKNOWN AFFILIATION,BRIGHTENING SKY CO LTD,CHINA (HONG KONG),ZHANJIANG,CHINA (MAINLAND)
2019,470329,SINAR MAS,LONTAR PAPYRUS,KUALA TUNGKAL,JAMBI,298,162775,SINAR MAS,GOLDEN PROFIT TRADING PTE LTD,SINGAPORE,HAIPHONG,VIETNAM
2019,470329,SINAR MAS,INDAH KIAT,PERAWANG,RIAU,1000,549942,SINAR MAS,GOLDEN PROFIT TRADING PTE LTD,SINGAPORE,ABU DHABI,UNITED ARAB EMIRATES
2019,470329,SINAR MAS,LONTAR PAPYRUS,KUALA TUNGKAL,JAMBI,300,170027,SINAR MAS,GOLDEN PROFIT TRADING PTE LTD,SINGAPORE,CAT LAI,VIETNAM
2019,470329,SINAR MAS,INDAH KIAT,PERAWANG,RIAU,792,431383,CHINA UNION,CHINA UNION (MACAO COMMERCIAL OFFSHORE) CO LTD,MACAO,SHANGHAI,CHINA (MAINLAND)
2019,470329,SINAR MAS,LONTAR PAPYRUS,KUALA TUNGKAL,JAMBI,201,114076,SINAR MAS,GOLDEN PROFIT TRADING PTE LTD,SINGAPORE,CAT LAI,VIETNAM
2019,470329,SINAR MAS,OKI,SULTAN MAHMUD BADARUDDIN (U),SUMATERA SELATAN,4500,2529000,SINAR MAS,GOLDEN PROFIT TRADING PTE LTD,SINGAPORE,NINGBO,CHINA (MAINLAND)
2019,470329,SINAR MAS,INDAH KIAT,PERAWANG,RIAU,700,379426,SINAR MAS,GOLDEN PROFIT TRADING PTE LTD,SINGAPORE,HAIPHONG,VIETNAM
2019,470329,MARUBENI,TANJUNG ENIM LESTARI,PANJANG,SUMATERA SELATAN,859,355901,VINDA,VINDA PERSONAL CARE (CHINA) LTD,CHINA (MAINLAND),WUHAN,CHINA (MAINLAND)
2019,470329,SINAR MAS,INDAH KIAT,PERAWANG,RIAU,506,280605,SINAR MAS,GOLDEN PROFIT TRADING PTE LTD,SINGAPORE,CHITTAGONG,BANGLADESH
2019,470329,SINAR MAS,OKI,SULTAN MAHMUD BADARUDDIN (U),SUMATERA SELATAN,360,193964,UNKNOWN AFFILIATION,BRIGHTENING SKY CO LTD,CHINA (HONG KONG),NINGBO,CHINA (MAINLAND)
2019,470329,ROYAL GOLDEN EAGLE,APRIL,BUATAN,RIAU,502,165615,ROYAL GOLDEN EAGLE,APRIL INTERNATIONAL ENTEPRISE PTE LTD,SINGAPORE,CHITTAGONG,BANGLADESH
2019,470329,ROYAL GOLDEN EAGLE,APRIL,BUATAN,RIAU,160,52895,ROYAL GOLDEN EAGLE,APRIL INTERNATIONAL ENTEPRISE PTE LTD,SINGAPORE,TUTICORIN,INDIA
2019,470329,SINAR MAS,OKI,SULTAN MAHMUD BADARUDDIN (U),SUMATERA SELATAN,480,260925,UNKNOWN AFFILIATION,BRIGHTENING SKY CO LTD,CHINA (HONG KONG),NINGBO,CHINA (MAINLAND)
2019,470329,ROYAL GOLDEN EAGLE,APRIL,BUATAN,RIAU,502,165817,ROYAL GOLDEN EAGLE,APRIL INTERNATIONAL ENTEPRISE PTE LTD,SINGAPORE,CHITTAGONG,BANGLADESH
2019,470329,ROYAL GOLDEN EAGLE,APRIL,BUATAN,RIAU,1004,351574,ROYAL GOLDEN EAGLE,APRIL INTERNATIONAL ENTEPRISE PTE LTD,SINGAPORE,JAWAHARLAL NEHRU (NHAVA S,INDIA
2019,470329,MARUBENI,TANJUNG ENIM LESTARI,PANJANG,SUMATERA SELATAN,104,45361,UNKNOWN AFFILIATION,KOOKA PAPER MANUFACTURING SDN BHD,MALAYSIA,WESTPORT/PORT KLANG,MALAYSIA
2019,470329,MARUBENI,TANJUNG ENIM LESTARI,PANJANG,SUMATERA SELATAN,19,8199,MARUBENI,MARUBENI CORP,JAPAN,OSAKA,JAPAN
2019,470329,SINAR MAS,INDAH KIAT,PERAWANG,RIAU,308,170590,SINAR MAS,GOLDEN PROFIT TRADING PTE LTD,SINGAPORE,KAOHSIUNG,TAIWAN
2019,470329,ROYAL GOLDEN EAGLE,APRIL,BUATAN,RIAU,72,25370,ROYAL GOLDEN EAGLE,APRIL INTERNATIONAL ENTEPRISE PTE LTD,SINGAPORE,JEBEL ALI,UNITED ARAB EMIRATES
2019,470329,SINAR MAS,INDAH KIAT,PERAWANG,RIAU,506,269593,UNKNOWN AFFILIATION,BRIGHTENING SKY CO LTD,CHINA (HONG KONG),HUANGPU,CHINA (MAINLAND)
2019,470329,ROYAL GOLDEN EAGLE,APRIL,BUATAN,RIAU,502,165561,ROYAL GOLDEN EAGLE,APRIL INTERNATIONAL ENTEPRISE PTE LTD,SINGAPORE,CHITTAGONG,BANGLADESH
2019,470329,ROYAL GOLDEN EAGLE,APRIL,BUATAN,RIAU,80,26409,ROYAL GOLDEN EAGLE,APRIL INTERNATIONAL ENTEPRISE PTE LTD,SINGAPORE,CHITTAGONG,BANGLADESH
2019,470329,SINAR MAS,INDAH KIAT,PERAWANG,RIAU,242,134112,SINAR MAS,GOLDEN PROFIT TRADING PTE LTD,SINGAPORE,CHITTAGONG,BANGLADESH
2019,470329,SINAR MAS,INDAH KIAT,PERAWANG,RIAU,1000,545825,SINAR MAS,GOLDEN PROFIT TRADING PTE LTD,SINGAPORE,HAIPHONG,VIETNAM
2019,470329,MARUBENI,TANJUNG ENIM LESTARI,PANJANG,SUMATERA SELATAN,291,123268,MARUBENI,MARUBENI CORP,JAPAN,IYOMISHIMA,JAPAN
2019,470329,ROYAL GOLDEN EAGLE,APRIL,BUATAN,RIAU,1005,351813,ROYAL GOLDEN EAGLE,APRIL INTERNATIONAL ENTEPRISE PTE LTD,SINGAPORE,NINGBO,CHINA (MAINLAND)
2019,470329,ROYAL GOLDEN EAGLE,APRIL,BUATAN,RIAU,40,13297,ROYAL GOLDEN EAGLE,APRIL INTERNATIONAL ENTEPRISE PTE LTD,SINGAPORE,CHITTAGONG,BANGLADESH
2019,470329,ROYAL GOLDEN EAGLE,APRIL,FUTONG,RIAU,9438,3114616,ROYAL GOLDEN EAGLE,APRIL INTERNATIONAL ENTEPRISE PTE LTD,SINGAPORE,CHITTAGONG,BANGLADESH
2019,470329,SINAR MAS,INDAH KIAT,PERAWANG,RIAU,1000,549532,SINAR MAS,GOLDEN PROFIT TRADING PTE LTD,SINGAPORE,ABU DHABI,UNITED ARAB EMIRATES
2019,470329,ROYAL GOLDEN EAGLE,APRIL,BUATAN,RIAU,503,175890,ROYAL GOLDEN EAGLE,APRIL INTERNATIONAL ENTEPRISE PTE LTD,SINGAPORE,CHITTAGONG,BANGLADESH
2019,470329,SINAR MAS,INDAH KIAT,PERAWANG,RIAU,500,273649,SINAR MAS,GOLDEN PROFIT TRADING PTE LTD,SINGAPORE,MELBOURNE,AUSTRALIA
2019,470329,ROYAL GOLDEN EAGLE,APRIL,BUATAN,RIAU,181,59616,ROYAL GOLDEN EAGLE,APRIL INTERNATIONAL ENTEPRISE PTE LTD,SINGAPORE,TUTICORIN,INDIA
2019,470329,ROYAL GOLDEN EAGLE,APRIL,BUATAN,RIAU,72,23903,ROYAL GOLDEN EAGLE,APRIL INTERNATIONAL ENTEPRISE PTE LTD,SINGAPORE,TAOYUAN,TAIWAN
2019,470329,MARUBENI,TANJUNG ENIM LESTARI,PANJANG,SUMATERA SELATAN,292,126691,MARUBENI,MARUBENI CORP,JAPAN,IYOMISHIMA,JAPAN
2019,470329,ROYAL GOLDEN EAGLE,APRIL,BUATAN,RIAU,60,19874,ROYAL GOLDEN EAGLE,APRIL INTERNATIONAL ENTEPRISE PTE LTD,SINGAPORE,JAWAHARLAL NEHRU (NHAVA S,INDIA
2019,470329,ROYAL GOLDEN EAGLE,APRIL,FUTONG,RIAU,5824,1921831,ROYAL GOLDEN EAGLE,APRIL FAR EAST MALAYSIA SDN BHD,MALAYSIA,GUNSAN (ES KUNSAN),SOUTH KOREA
2019,470329,SINAR MAS,OKI,SULTAN MAHMUD BADARUDDIN (U),SUMATERA SELATAN,900,502650,UNKNOWN AFFILIATION,SUZHOU GUANBAO TRADING LTD,CHINA (MAINLAND),YANGPU,CHINA (MAINLAND)
2019,470329,SINAR MAS,OKI,SULTAN MAHMUD BADARUDDIN (U),SUMATERA SELATAN,3000,1675500,UNKNOWN AFFILIATION,SUZHOU GUANBAO TRADING LTD,CHINA (MAINLAND),YANGPU,CHINA (MAINLAND)
2019,470329,SINAR MAS,OKI,SULTAN MAHMUD BADARUDDIN (U),SUMATERA SELATAN,6000,3339000,SINAR MAS,GOLDEN PROFIT TRADING PTE LTD,SINGAPORE,QINZHOU,CHINA (MAINLAND)
2019,470329,SINAR MAS,OKI,SULTAN MAHMUD BADARUDDIN (U),SUMATERA SELATAN,700,390950,UNKNOWN AFFILIATION,SUZHOU GUANBAO TRADING LTD,CHINA (MAINLAND),YANGPU,CHINA (MAINLAND)
2019,470329,ROYAL GOLDEN EAGLE,APRIL,FUTONG,RIAU,2261,746279,ROYAL GOLDEN EAGLE,APRIL INTERNATIONAL ENTEPRISE PTE LTD,SINGAPORE,IYOMISHIMA,JAPAN
2019,470329,ROYAL GOLDEN EAGLE,APRIL,BUATAN,RIAU,398,139420,ROYAL GOLDEN EAGLE,APRIL INTERNATIONAL ENTEPRISE PTE LTD,SINGAPORE,EL ISKANDARIYA (= ALEXAND,EGYPT
2019,470329,SINAR MAS,OKI,SULTAN MAHMUD BADARUDDIN (U),SUMATERA SELATAN,9900,5352840,DRAGON CROWN HOLDINGS,DRAGON CROWN (HK) TRADING LTD,CHINA (HONG KONG),QINGDAO,CHINA (MAINLAND)
2019,470329,ROYAL GOLDEN EAGLE,APRIL,FUTONG,RIAU,2561,845010,ROYAL GOLDEN EAGLE,APRIL FAR EAST MALAYSIA SDN BHD,MALAYSIA,PYONGTAEK,SOUTH KOREA
2019,470329,ROYAL GOLDEN EAGLE,APRIL,BUATAN,RIAU,60,19852,ROYAL GOLDEN EAGLE,APRIL INTERNATIONAL ENTEPRISE PTE LTD,SINGAPORE,JAWAHARLAL NEHRU (NHAVA S,INDIA
2019,470329,ROYAL GOLDEN EAGLE,APRIL,BUATAN,RIAU,200,66162,ROYAL GOLDEN EAGLE,APRIL INTERNATIONAL ENTEPRISE PTE LTD,SINGAPORE,PIPAVAV (VICTOR) PORT,INDIA
2019,470329,ROYAL GOLDEN EAGLE,APRIL,BUATAN,RIAU,297,103981,ROYAL GOLDEN EAGLE,APRIL INTERNATIONAL ENTEPRISE PTE LTD,SINGAPORE,EL ISKANDARIYA (= ALEXAND,EGYPT
2019,470329,SINAR MAS,OKI,SULTAN MAHMUD BADARUDDIN (U),SUMATERA SELATAN,2000,1082000,CHINA UNION,CHINA UNION (MACAO COMMERCIAL OFFSHORE) CO LTD,MACAO,NINGBO,CHINA (MAINLAND)
2019,470329,SINAR MAS,OKI,SULTAN MAHMUD BADARUDDIN (U),SUMATERA SELATAN,7500,4057500,UNKNOWN AFFILIATION,FREELAND UNIVERSAL LTD,CHINA (HONG KONG),NINGBO,CHINA (MAINLAND)
2019,470329,SINAR MAS,OKI,SULTAN MAHMUD BADARUDDIN (U),SUMATERA SELATAN,500,280500,SINAR MAS,GOLDEN PROFIT TRADING PTE LTD,SINGAPORE,NINGBO,CHINA (MAINLAND)
2019,470329,SINAR MAS,OKI,SULTAN MAHMUD BADARUDDIN (U),SUMATERA SELATAN,4350,2459250,CHINA UNION,CHINA UNION (MACAO COMMERCIAL OFFSHORE) CO LTD,MACAO,CHANGSHU,CHINA (MAINLAND)
2019,470329,MARUBENI,TANJUNG ENIM LESTARI,PANJANG,SUMATERA SELATAN,1050,430475,ITC,ITC LTD - PAPERBOARDS & SPECIALTY PAPERS DIVSION,INDIA,HALDIA,INDIA
2019,470329,SINAR MAS,OKI,SULTAN MAHMUD BADARUDDIN (U),SUMATERA SELATAN,1300,703300,UNKNOWN AFFILIATION,BRIGHTENING SKY CO LTD,CHINA (HONG KONG),CHANGSHU,CHINA (MAINLAND)
2019,470329,SINAR MAS,LONTAR PAPYRUS,KUALA TUNGKAL,JAMBI,502,274043,SINAR MAS,GOLDEN PROFIT TRADING PTE LTD,SINGAPORE,CHITTAGONG,BANGLADESH
2019,470329,SINAR MAS,LONTAR PAPYRUS,KUALA TUNGKAL,JAMBI,486,259856,DRAGON CROWN HOLDINGS,DRAGON CROWN (HK) TRADING LTD,CHINA (HONG KONG),ZHANJIANG,CHINA (MAINLAND)
2019,470329,ROYAL GOLDEN EAGLE,APRIL,BUATAN,RIAU,100,33139,ROYAL GOLDEN EAGLE,APRIL INTERNATIONAL ENTEPRISE PTE LTD,SINGAPORE,YANGON,MYANMAR
2019,470329,SINAR MAS,LONTAR PAPYRUS,KUALA TUNGKAL,JAMBI,1004,549890,SINAR MAS,GOLDEN PROFIT TRADING PTE LTD,SINGAPORE,LAT KRABANG,THAILAND
2019,470329,SINAR MAS,OKI,SULTAN MAHMUD BADARUDDIN (U),SUMATERA SELATAN,5900,3191900,SINAR MAS,GOLDEN PROFIT TRADING PTE LTD,SINGAPORE,CHANGSHU,CHINA (MAINLAND)
2019,470329,SINAR MAS,OKI,SULTAN MAHMUD BADARUDDIN (U),SUMATERA SELATAN,1450,813450,UNKNOWN AFFILIATION,NINGBO GUANPAO TRADING (HONGKONG) CO LTD,CHINA (HONG KONG),CHANGSHU,CHINA (MAINLAND)
2019,470329,SINAR MAS,INDAH KIAT,PERAWANG,RIAU,10130,5470967,DRAGON CROWN HOLDINGS,DRAGON CROWN (HK) TRADING LTD,CHINA (HONG KONG),CHONGQING,CHINA (MAINLAND)
2019,470329,ROYAL GOLDEN EAGLE,APRIL,BUATAN,RIAU,1003,351180,ROYAL GOLDEN EAGLE,APRIL INTERNATIONAL ENTEPRISE PTE LTD,SINGAPORE,NINGBO,CHINA (MAINLAND)
2019,470329,MARUBENI,TANJUNG ENIM LESTARI,PANJANG,SUMATERA SELATAN,105,44290,UNKNOWN AFFILIATION,PUDUMJEE PAPER PRODUCTS LTD,INDIA,JAWAHARLAL NEHRU (NHAVA S,INDIA
2019,470329,SINAR MAS,OKI,SULTAN MAHMUD BADARUDDIN (U),SUMATERA SELATAN,4700,2540350,CHINA UNION,CHINA UNION (MACAO COMMERCIAL OFFSHORE) CO LTD,MACAO,ZHENJIANG,CHINA (MAINLAND)
2019,470329,ROYAL GOLDEN EAGLE,APRIL,BUATAN,RIAU,301,99424,ROYAL GOLDEN EAGLE,APRIL INTERNATIONAL ENTEPRISE PTE LTD,SINGAPORE,CAT LAI,VIETNAM
2019,470329,MARUBENI,TANJUNG ENIM LESTARI,PANJANG,SUMATERA SELATAN,105,45536,UNKNOWN AFFILIATION,KOOKA PAPER MANUFACTURING SDN BHD,MALAYSIA,WESTPORT/PORT KLANG,MALAYSIA
2019,470329,SINAR MAS,OKI,SULTAN MAHMUD BADARUDDIN (U),SUMATERA SELATAN,2000,1081000,UNKNOWN AFFILIATION,FREELAND UNIVERSAL LTD,CHINA (HONG KONG),NINGBO,CHINA (MAINLAND)
2019,470329,SINAR MAS,OKI,SULTAN MAHMUD BADARUDDIN (U),SUMATERA SELATAN,3300,1783650,SINAR MAS,GOLDEN PROFIT TRADING PTE LTD,SINGAPORE,ZHENJIANG,CHINA (MAINLAND)
2019,470329,ROYAL GOLDEN EAGLE,APRIL,BUATAN,RIAU,702,231760,ROYAL GOLDEN EAGLE,APRIL INTERNATIONAL ENTEPRISE PTE LTD,SINGAPORE,HAIPHONG,VIETNAM
2019,470329,SINAR MAS,INDAH KIAT,PERAWANG,RIAU,6500,3510492,DRAGON CROWN HOLDINGS,DRAGON CROWN (HK) TRADING LTD,CHINA (HONG KONG),CHONGQING,CHINA (MAINLAND)
2019,470329,ROYAL GOLDEN EAGLE,APRIL,BUATAN,RIAU,503,165855,ROYAL GOLDEN EAGLE,APRIL INTERNATIONAL ENTEPRISE PTE LTD,SINGAPORE,CHITTAGONG,BANGLADESH
2019,470329,ROYAL GOLDEN EAGLE,APRIL,BUATAN,RIAU,502,165648,ROYAL GOLDEN EAGLE,APRIL INTERNATIONAL ENTEPRISE PTE LTD,SINGAPORE,CHITTAGONG,BANGLADESH
2019,470329,SINAR MAS,INDAH KIAT,PERAWANG,RIAU,5500,2970459,DRAGON CROWN HOLDINGS,DRAGON CROWN (HK) TRADING LTD,CHINA (HONG KONG),JIANGXI,CHINA (MAINLAND)
2019,470329,ROYAL GOLDEN EAGLE,TOBA PULP LESTARI,BELAWAN,SUMATERA UTARA,268,115031,ROYAL GOLDEN EAGLE,DP MARKETING INTERNATIONAL,MACAO,PIPAVAV (VICTOR) PORT,INDIA
2019,470329,SINAR MAS,OKI,SULTAN MAHMUD BADARUDDIN (U),SUMATERA SELATAN,3000,1683000,UNKNOWN AFFILIATION,FREELAND UNIVERSAL LTD,CHINA (HONG KONG),YANGPU,CHINA (MAINLAND)
2019,470329,SINAR MAS,OKI,SULTAN MAHMUD BADARUDDIN (U),SUMATERA SELATAN,3000,1620573,DRAGON CROWN HOLDINGS,DRAGON CROWN (HK) TRADING LTD,CHINA (HONG KONG),GAOLAN,CHINA (MAINLAND)
2019,470329,SINAR MAS,OKI,SULTAN MAHMUD BADARUDDIN (U),SUMATERA SELATAN,688,373992,UNKNOWN AFFILIATION,BRIGHTENING SKY CO LTD,CHINA (HONG KONG),NINGBO,CHINA (MAINLAND)
2019,470329,SINAR MAS,OKI,SULTAN MAHMUD BADARUDDIN (U),SUMATERA SELATAN,2850,1597425,UNKNOWN AFFILIATION,FREELAND UNIVERSAL LTD,CHINA (HONG KONG),YANGPU,CHINA (MAINLAND)
2019,470329,ROYAL GOLDEN EAGLE,APRIL,BUATAN,RIAU,503,165912,ROYAL GOLDEN EAGLE,APRIL INTERNATIONAL ENTEPRISE PTE LTD,SINGAPORE,CHITTAGONG,BANGLADESH
2019,470329,SINAR MAS,LONTAR PAPYRUS,KUALA TUNGKAL,JAMBI,397,212384,DRAGON CROWN HOLDINGS,DRAGON CROWN (HK) TRADING LTD,CHINA (HONG KONG),ZHANJIANG,CHINA (MAINLAND)
2019,470329,ROYAL GOLDEN EAGLE,APRIL,BUATAN,RIAU,1005,331596,ROYAL GOLDEN EAGLE,APRIL INTERNATIONAL ENTEPRISE PTE LTD,SINGAPORE,NINGBO,CHINA (MAINLAND)
2019,470329,SINAR MAS,OKI,SULTAN MAHMUD BADARUDDIN (U),SUMATERA SELATAN,2500,1401250,UNKNOWN AFFILIATION,FREELAND UNIVERSAL LTD,CHINA (HONG KONG),YANGPU,CHINA (MAINLAND)
2019,470329,SINAR MAS,LONTAR PAPYRUS,KUALA TUNGKAL,JAMBI,1004,541277,DRAGON CROWN HOLDINGS,DRAGON CROWN (HK) TRADING LTD,CHINA (HONG KONG),ZHANJIANG,CHINA (MAINLAND)
2019,470329,SINAR MAS,OKI,SULTAN MAHMUD BADARUDDIN (U),SUMATERA SELATAN,2600,1457300,UNKNOWN AFFILIATION,SUZHOU GUANBAO TRADING LTD,CHINA (MAINLAND),YANGPU,CHINA (MAINLAND)
2019,470329,ROYAL GOLDEN EAGLE,APRIL,BUATAN,RIAU,101,33183,ROYAL GOLDEN EAGLE,APRIL INTERNATIONAL ENTEPRISE PTE LTD,SINGAPORE,JAWAHARLAL NEHRU (NHAVA S,INDIA
2019,470329,MARUBENI,TANJUNG ENIM LESTARI,PANJANG,SUMATERA SELATAN,317,137196,UNKNOWN AFFILIATION,NIBONG TEBAL PAPER MILL SDN BHD,MALAYSIA,PENANG (GEORGETOWN),MALAYSIA
2019,470329,MARUBENI,TANJUNG ENIM LESTARI,PANJANG,SUMATERA SELATAN,83,39468,UNKNOWN AFFILIATION,CLAIRES LTD,BULGARIA,VARNA,BULGARIA
2019,470329,SINAR MAS,OKI,SULTAN MAHMUD BADARUDDIN (U),SUMATERA SELATAN,240,129607,DRAGON CROWN HOLDINGS,DRAGON CROWN (HK) TRADING LTD,CHINA (HONG KONG),NINGBO,CHINA (MAINLAND)
2019,470329,SINAR MAS,LONTAR PAPYRUS,KUALA TUNGKAL,JAMBI,501,274400,DRAGON CROWN HOLDINGS,DRAGON CROWN (HK) TRADING LTD,CHINA (HONG KONG),ZHANJIANG,CHINA (MAINLAND)
2019,470329,SINAR MAS,OKI,SULTAN MAHMUD BADARUDDIN (U),SUMATERA SELATAN,4000,2164000,UNKNOWN AFFILIATION,SUZHOU GUANBAO TRADING LTD,CHINA (MAINLAND),YANGPU,CHINA (MAINLAND)
2019,470329,ROYAL GOLDEN EAGLE,APRIL,BUATAN,RIAU,502,165744,ROYAL GOLDEN EAGLE,APRIL INTERNATIONAL ENTEPRISE PTE LTD,SINGAPORE,CHITTAGONG,BANGLADESH
2019,470329,SINAR MAS,LONTAR PAPYRUS,KUALA TUNGKAL,JAMBI,500,270491,SINAR MAS,GOLDEN PROFIT TRADING PTE LTD,SINGAPORE,PIPAVAV (VICTOR) PORT,INDIA
2019,470329,SINAR MAS,LONTAR PAPYRUS,KUALA TUNGKAL,JAMBI,1003,541768,SINAR MAS,GOLDEN PROFIT TRADING PTE LTD,SINGAPORE,LAT KRABANG,THAILAND
2019,470329,SINAR MAS,INDAH KIAT,PERAWANG,RIAU,500,272912,SINAR MAS,GOLDEN PROFIT TRADING PTE LTD,SINGAPORE,HAIPHONG,VIETNAM
2019,470329,ROYAL GOLDEN EAGLE,APRIL,BUATAN,RIAU,502,165682,ROYAL GOLDEN EAGLE,APRIL INTERNATIONAL ENTEPRISE PTE LTD,SINGAPORE,CHITTAGONG,BANGLADESH
2019,470329,ROYAL GOLDEN EAGLE,APRIL,BUATAN,RIAU,402,132571,ROYAL GOLDEN EAGLE,APRIL INTERNATIONAL ENTEPRISE PTE LTD,SINGAPORE,CHITTAGONG,BANGLADESH
2019,470329,SINAR MAS,LONTAR PAPYRUS,KUALA TUNGKAL,JAMBI,502,271759,SINAR MAS,GOLDEN PROFIT TRADING PTE LTD,SINGAPORE,PIPAVAV (VICTOR) PORT,INDIA
2019,470329,SINAR MAS,LONTAR PAPYRUS,KUALA TUNGKAL,JAMBI,502,271434,SINAR MAS,GOLDEN PROFIT TRADING PTE LTD,SINGAPORE,PIPAVAV (VICTOR) PORT,INDIA
2019,470329,SINAR MAS,INDAH KIAT,PERAWANG,RIAU,120,66726,SINAR MAS,GOLDEN PROFIT TRADING PTE LTD,SINGAPORE,TAICHUNG,TAIWAN
2019,470329,ROYAL GOLDEN EAGLE,APRIL,BUATAN,RIAU,760,250730,ROYAL GOLDEN EAGLE,APRIL INTERNATIONAL ENTEPRISE PTE LTD,SINGAPORE,SHUAIBA,KUWAIT
2019,470329,SINAR MAS,INDAH KIAT,PERAWANG,RIAU,500,273982,SINAR MAS,GOLDEN PROFIT TRADING PTE LTD,SINGAPORE,MELBOURNE,AUSTRALIA
2019,470329,SINAR MAS,LONTAR PAPYRUS,KUALA TUNGKAL,JAMBI,503,271803,SINAR MAS,GOLDEN PROFIT TRADING PTE LTD,SINGAPORE,PIPAVAV (VICTOR) PORT,INDIA
2019,470329,SINAR MAS,OKI,SULTAN MAHMUD BADARUDDIN (U),SUMATERA SELATAN,3500,1897000,UNKNOWN AFFILIATION,FREELAND UNIVERSAL LTD,CHINA (HONG KONG),ZHENJIANG,CHINA (MAINLAND)
2019,470329,SINAR MAS,OKI,SULTAN MAHMUD BADARUDDIN (U),SUMATERA SELATAN,5000,2710000,UNKNOWN AFFILIATION,FREELAND UNIVERSAL LTD,CHINA (HONG KONG),NINGBO,CHINA (MAINLAND)
2019,470329,ROYAL GOLDEN EAGLE,APRIL,BUATAN,RIAU,502,165817,ROYAL GOLDEN EAGLE,APRIL INTERNATIONAL ENTEPRISE PTE LTD,SINGAPORE,CHITTAGONG,BANGLADESH
2019,470329,SINAR MAS,OKI,SULTAN MAHMUD BADARUDDIN (U),SUMATERA SELATAN,1292,700264,UNKNOWN AFFILIATION,NINGBO GUANPAO TRADING (HONGKONG) CO LTD,CHINA (HONG KONG),NINGBO,CHINA (MAINLAND)
2019,470329,SINAR MAS,OKI,SULTAN MAHMUD BADARUDDIN (U),SUMATERA SELATAN,504,259241,UNKNOWN AFFILIATION,SUZHOU HUANG YI TRADE CO LTD,CHINA (MAINLAND),DALIAN,CHINA (MAINLAND)
2019,470329,ROYAL GOLDEN EAGLE,APRIL,BUATAN,RIAU,100,35126,ROYAL GOLDEN EAGLE,APRIL INTERNATIONAL ENTEPRISE PTE LTD,SINGAPORE,ANKLESHWAR,INDIA
2019,470329,SINAR MAS,OKI,SULTAN MAHMUD BADARUDDIN (U),SUMATERA SELATAN,1000,542000,CHINA UNION,CHINA UNION (MACAO COMMERCIAL OFFSHORE) CO LTD,MACAO,NINGBO,CHINA (MAINLAND)
2019,470329,SINAR MAS,OKI,SULTAN MAHMUD BADARUDDIN (U),SUMATERA SELATAN,6700,3631400,SINAR MAS,GOLDEN PROFIT TRADING PTE LTD,SINGAPORE,ZHENJIANG,CHINA (MAINLAND)
2019,470329,SINAR MAS,OKI,SULTAN MAHMUD BADARUDDIN (U),SUMATERA SELATAN,500,271000,UNKNOWN AFFILIATION,FREELAND UNIVERSAL LTD,CHINA (HONG KONG),NINGBO,CHINA (MAINLAND)
2019,470329,SINAR MAS,OKI,SULTAN MAHMUD BADARUDDIN (U),SUMATERA SELATAN,2000,1084000,UNKNOWN AFFILIATION,NINGBO GUANPAO TRADING (HONGKONG) CO LTD,CHINA (HONG KONG),NINGBO,CHINA (MAINLAND)
2019,470329,ROYAL GOLDEN EAGLE,APRIL,BUATAN,RIAU,503,165845,ROYAL GOLDEN EAGLE,APRIL INTERNATIONAL ENTEPRISE PTE LTD,SINGAPORE,CHITTAGONG,BANGLADESH
2019,470329,ROYAL GOLDEN EAGLE,APRIL,BUATAN,RIAU,503,165849,ROYAL GOLDEN EAGLE,APRIL INTERNATIONAL ENTEPRISE PTE LTD,SINGAPORE,CHITTAGONG,BANGLADESH
2019,470329,ROYAL GOLDEN EAGLE,APRIL,FUTONG,RIAU,4989,1646213,ROYAL GOLDEN EAGLE,APRIL INTERNATIONAL ENTEPRISE PTE LTD,SINGAPORE,JEBEL ALI,UNITED ARAB EMIRATES
2019,470329,MARUBENI,TANJUNG ENIM LESTARI,PANJANG,SUMATERA SELATAN,1054,418892,VINDA,VINDA PAPER (SI CHUAN) CO LTD,CHINA (MAINLAND),CHONGQING,CHINA (MAINLAND)
2019,470329,ROYAL GOLDEN EAGLE,APRIL,BUATAN,RIAU,503,165885,ROYAL GOLDEN EAGLE,APRIL INTERNATIONAL ENTEPRISE PTE LTD,SINGAPORE,CHITTAGONG,BANGLADESH
2019,470329,ROYAL GOLDEN EAGLE,APRIL,BUATAN,RIAU,503,165964,ROYAL GOLDEN EAGLE,APRIL INTERNATIONAL ENTEPRISE PTE LTD,SINGAPORE,CHITTAGONG,BANGLADESH
2019,470329,ROYAL GOLDEN EAGLE,APRIL,BUATAN,RIAU,502,165786,ROYAL GOLDEN EAGLE,APRIL INTERNATIONAL ENTEPRISE PTE LTD,SINGAPORE,HUANGPU,CHINA (MAINLAND)
2019,470329,MARUBENI,TANJUNG ENIM LESTARI,PANJANG,SUMATERA SELATAN,529,217106,ITC,ITC LTD - PAPERBOARDS & SPECIALTY PAPERS DIVSION,INDIA,HALDIA,INDIA
2019,470329,ROYAL GOLDEN EAGLE,APRIL,BUATAN,RIAU,503,166009,ROYAL GOLDEN EAGLE,APRIL INTERNATIONAL ENTEPRISE PTE LTD,SINGAPORE,HAIPHONG,VIETNAM
2019,470329,ROYAL GOLDEN EAGLE,APRIL,BUATAN,RIAU,100,33163,ROYAL GOLDEN EAGLE,APRIL INTERNATIONAL ENTEPRISE PTE LTD,SINGAPORE,BANGKOK,THAILAND
2019,470329,ROYAL GOLDEN EAGLE,APRIL,BUATAN,RIAU,1004,331416,ROYAL GOLDEN EAGLE,APRIL INTERNATIONAL ENTEPRISE PTE LTD,SINGAPORE,JIUJIANG,CHINA (MAINLAND)
2019,470329,SINAR MAS,LONTAR PAPYRUS,KUALA TUNGKAL,JAMBI,1004,546835,DRAGON CROWN HOLDINGS,DRAGON CROWN (HK) TRADING LTD,CHINA (HONG KONG),ZHANJIANG,CHINA (MAINLAND)
2019,470329,SINAR MAS,LONTAR PAPYRUS,KUALA TUNGKAL,JAMBI,501,277635,SINAR MAS,GOLDEN PROFIT TRADING PTE LTD,SINGAPORE,PENANG (GEORGETOWN),MALAYSIA
2019,470329,SINAR MAS,INDAH KIAT,PERAWANG,RIAU,800,448061,DRAGON CROWN HOLDINGS,DRAGON CROWN (HK) TRADING LTD,CHINA (HONG KONG),CHONGQING,CHINA (MAINLAND)
2019,470329,SINAR MAS,INDAH KIAT,PERAWANG,RIAU,2200,1191720,DRAGON CROWN HOLDINGS,DRAGON CROWN (HK) TRADING LTD,CHINA (HONG KONG),CHANGSHU,CHINA (MAINLAND)
2019,470329,SINAR MAS,LONTAR PAPYRUS,KUALA TUNGKAL,JAMBI,201,113648,SINAR MAS,GOLDEN PROFIT TRADING PTE LTD,SINGAPORE,CAT LAI,VIETNAM
2019,470329,SINAR MAS,LONTAR PAPYRUS,KUALA TUNGKAL,JAMBI,141,77266,SINAR MAS,GOLDEN PROFIT TRADING PTE LTD,SINGAPORE,CAT LAI,VIETNAM
2019,470329,SINAR MAS,LONTAR PAPYRUS,KUALA TUNGKAL,JAMBI,1005,555875,DRAGON CROWN HOLDINGS,DRAGON CROWN (HK) TRADING LTD,CHINA (HONG KONG),ZHANJIANG,CHINA (MAINLAND)
2019,470329,SINAR MAS,LONTAR PAPYRUS,KUALA TUNGKAL,JAMBI,401,218044,SINAR MAS,GOLDEN PROFIT TRADING PTE LTD,SINGAPORE,MANILA SOUTH HARBOUR,PHILIPPINES
2019,470329,SINAR MAS,LONTAR PAPYRUS,KUALA TUNGKAL,JAMBI,241,130369,SINAR MAS,GOLDEN PROFIT TRADING PTE LTD,SINGAPORE,PIPAVAV (VICTOR) PORT,INDIA
2019,470329,SINAR MAS,INDAH KIAT,PERAWANG,RIAU,480,292233,ROYAL GOLDEN EAGLE,ASIA PACIFIC ENERGY CORP GENERAL TRADING LLC,UNITED ARAB EMIRATES,JEBEL ALI,UNITED ARAB EMIRATES
2019,470329,SINAR MAS,INDAH KIAT,PERAWANG,RIAU,1700,921400,UNKNOWN AFFILIATION,FREELAND UNIVERSAL LTD,CHINA (HONG KONG),CHANGSHU,CHINA (MAINLAND)
2019,470329,SINAR MAS,INDAH KIAT,PERAWANG,RIAU,5500,3080416,DRAGON CROWN HOLDINGS,DRAGON CROWN (HK) TRADING LTD,CHINA (HONG KONG),CHONGQING,CHINA (MAINLAND)
2019,470329,ROYAL GOLDEN EAGLE,TOBA PULP LESTARI,BELAWAN,SUMATERA UTARA,57,24525,ROYAL GOLDEN EAGLE,DP MARKETING INTERNATIONAL,MACAO,JAWAHARLAL NEHRU (NHAVA S,INDIA
2019,470329,ROYAL GOLDEN EAGLE,APRIL,BUATAN,RIAU,1004,331440,ROYAL GOLDEN EAGLE,APRIL INTERNATIONAL ENTEPRISE PTE LTD,SINGAPORE,ZHAPU,CHINA (MAINLAND)
2019,470329,MARUBENI,TANJUNG ENIM LESTARI,PANJANG,SUMATERA SELATAN,502,229530,NIPPON PAPER,NIPPON PAPER INDUSTRIES CO LTD,JAPAN,IWAKUNI,JAPAN
2019,470329,SINAR MAS,OKI,SULTAN MAHMUD BADARUDDIN (U),SUMATERA SELATAN,8150,4417300,UNKNOWN AFFILIATION,SUZHOU HUANG YI TRADE CO LTD,CHINA (MAINLAND),SHANGHAI,CHINA (MAINLAND)
2019,470329,MARUBENI,TANJUNG ENIM LESTARI,TARAHAN,SUMATERA SELATAN,2200,886296,CHINATEX CORP,CHINATEX RAW MATERIALS IMPORT AND EXPORT,CHINA (MAINLAND),XINGANG,CHINA (MAINLAND)
2019,470329,ROYAL GOLDEN EAGLE,APRIL,BUATAN,RIAU,402,132661,ROYAL GOLDEN EAGLE,APRIL INTERNATIONAL ENTEPRISE PTE LTD,SINGAPORE,CHITTAGONG,BANGLADESH
2019,470329,ROYAL GOLDEN EAGLE,TOBA PULP LESTARI,BELAWAN,SUMATERA UTARA,266,114205,ROYAL GOLDEN EAGLE,DP MARKETING INTERNATIONAL,MACAO,PIPAVAV (VICTOR) PORT,INDIA
2019,470329,MARUBENI,TANJUNG ENIM LESTARI,TARAHAN,SUMATERA SELATAN,2750,1107767,CHINATEX CORP,CHINATEX RAW MATERIALS IMPORT AND EXPORT,CHINA (MAINLAND),XINGANG,CHINA (MAINLAND)
2019,470329,MARUBENI,TANJUNG ENIM LESTARI,TARAHAN,SUMATERA SELATAN,1100,443150,UNKNOWN AFFILIATION,SINOLIGHT MATERIALS CO LTD,CHINA (MAINLAND),XINGANG,CHINA (MAINLAND)
2019,470329,ROYAL GOLDEN EAGLE,APRIL,BUATAN,RIAU,202,70553,ROYAL GOLDEN EAGLE,APRIL INTERNATIONAL ENTEPRISE PTE LTD,SINGAPORE,KATHUWAS ICD/ALWAR,INDIA
2019,470329,MARUBENI,TANJUNG ENIM LESTARI,TARAHAN,SUMATERA SELATAN,2199,885900,UNKNOWN AFFILIATION,QINGDAO FREE TRADE SUPPLY CHAIN,CHINA (MAINLAND),QINGDAO,CHINA (MAINLAND)
2019,470329,ROYAL GOLDEN EAGLE,APRIL,BUATAN,RIAU,100,34984,ROYAL GOLDEN EAGLE,APRIL INTERNATIONAL ENTEPRISE PTE LTD,SINGAPORE,TUGLAKABAD,INDIA
2019,470329,MARUBENI,TANJUNG ENIM LESTARI,TARAHAN,SUMATERA SELATAN,1096,441758,XIANMEN C&D,HONG KONG PAPER SOURCES CO LTD,CHINA (HONG KONG),QINGDAO,CHINA (MAINLAND)
2019,470329,SINAR MAS,OKI,SULTAN MAHMUD BADARUDDIN (U),SUMATERA SELATAN,2500,1348750,UNKNOWN AFFILIATION,BRIGHTENING SKY CO LTD,CHINA (HONG KONG),CHANGSHU,CHINA (MAINLAND)
2019,470329,SINAR MAS,OKI,SULTAN MAHMUD BADARUDDIN (U),SUMATERA SELATAN,1850,1002700,UNKNOWN AFFILIATION,BRIGHTENING SKY CO LTD,CHINA (HONG KONG),SHANGHAI,CHINA (MAINLAND)
2019,470329,SINAR MAS,OKI,SULTAN MAHMUD BADARUDDIN (U),SUMATERA SELATAN,1000,539500,SINAR MAS,GOLDEN PROFIT TRADING PTE LTD,SINGAPORE,CHANGSHU,CHINA (MAINLAND)
2019,470329,MARUBENI,TANJUNG ENIM LESTARI,PANJANG,SUMATERA SELATAN,106,43681,UNKNOWN AFFILIATION,VECHEM ORGANICS PVT LTD,INDIA,REWARI,INDIA
2019,470329,SINAR MAS,OKI,SULTAN MAHMUD BADARUDDIN (U),SUMATERA SELATAN,3000,1618500,UNKNOWN AFFILIATION,BRIGHTENING SKY CO LTD,CHINA (HONG KONG),CHANGSHU,CHINA (MAINLAND)
2019,470329,MARUBENI,TANJUNG ENIM LESTARI,TARAHAN,SUMATERA SELATAN,549,215271,VINDA,VINDA PAPER NORTH (BEIJING) CO LTD,CHINA (MAINLAND),XINGANG,CHINA (MAINLAND)
2019,470329,SINAR MAS,INDAH KIAT,PERAWANG,RIAU,500,274766,SINAR MAS,GOLDEN PROFIT TRADING PTE LTD,SINGAPORE,ABU DHABI,UNITED ARAB EMIRATES
2019,470329,SINAR MAS,OKI,SULTAN MAHMUD BADARUDDIN (U),SUMATERA SELATAN,504,271550,DRAGON CROWN HOLDINGS,DRAGON CROWN (HK) TRADING LTD,CHINA (HONG KONG),NINGBO,CHINA (MAINLAND)
2019,470329,ROYAL GOLDEN EAGLE,APRIL,BUATAN,RIAU,502,165796,ROYAL GOLDEN EAGLE,APRIL INTERNATIONAL ENTEPRISE PTE LTD,SINGAPORE,CHITTAGONG,BANGLADESH
2019,470329,ROYAL GOLDEN EAGLE,APRIL,BUATAN,RIAU,60,19886,ROYAL GOLDEN EAGLE,APRIL INTERNATIONAL ENTEPRISE PTE LTD,SINGAPORE,JAWAHARLAL NEHRU (NHAVA S,INDIA
2019,470329,MARUBENI,TANJUNG ENIM LESTARI,PANJANG,SUMATERA SELATAN,499,228122,NIPPON PAPER,NIPPON PAPER INDUSTRIES CO LTD,JAPAN,IWAKUNI,JAPAN
2019,470329,SINAR MAS,INDAH KIAT,PERAWANG,RIAU,792,434700,CHINA UNION,CHINA UNION (MACAO COMMERCIAL OFFSHORE) CO LTD,MACAO,SHANGHAI,CHINA (MAINLAND)
2019,470329,SINAR MAS,INDAH KIAT,PERAWANG,RIAU,2500,1353425,SINAR MAS,GOLDEN PROFIT TRADING PTE LTD,SINGAPORE,HALDIA,INDIA
2019,470329,SINAR MAS,OKI,SULTAN MAHMUD BADARUDDIN (U),SUMATERA SELATAN,800,431600,UNKNOWN AFFILIATION,BRIGHTENING SKY CO LTD,CHINA (HONG KONG),CHANGSHU,CHINA (MAINLAND)
2019,470329,SINAR MAS,INDAH KIAT,PERAWANG,RIAU,2240,1212669,SINAR MAS,GOLDEN PROFIT TRADING PTE LTD,SINGAPORE,HALDIA,INDIA
2019,470329,SINAR MAS,OKI,SULTAN MAHMUD BADARUDDIN (U),SUMATERA SELATAN,3200,1734400,CHINA UNION,CHINA UNION (MACAO COMMERCIAL OFFSHORE) CO LTD,MACAO,ZHENJIANG,CHINA (MAINLAND)
2019,470329,SINAR MAS,OKI,SULTAN MAHMUD BADARUDDIN (U),SUMATERA SELATAN,15000,8087864,DRAGON CROWN HOLDINGS,DRAGON CROWN (HK) TRADING LTD,CHINA (HONG KONG),QINGDAO,CHINA (MAINLAND)
2019,470329,SINAR MAS,OKI,SULTAN MAHMUD BADARUDDIN (U),SUMATERA SELATAN,4400,2373800,UNKNOWN AFFILIATION,BRIGHTENING SKY CO LTD,CHINA (HONG KONG),CHANGSHU,CHINA (MAINLAND)
2019,470329,SINAR MAS,INDAH KIAT,PERAWANG,RIAU,120,66512,SINAR MAS,GOLDEN PROFIT TRADING PTE LTD,SINGAPORE,DA NANG,VIETNAM
2019,470329,SINAR MAS,OKI,SULTAN MAHMUD BADARUDDIN (U),SUMATERA SELATAN,5000,2695954,DRAGON CROWN HOLDINGS,DRAGON CROWN (HK) TRADING LTD,CHINA (HONG KONG),QINGDAO,CHINA (MAINLAND)
2019,470329,MARUBENI,TANJUNG ENIM LESTARI,PANJANG,SUMATERA SELATAN,43,19193,UNKNOWN AFFILIATION,TEPPATANA PAPER MILL CO LTD,THAILAND,LAT KRABANG,THAILAND
2019,470329,MARUBENI,TANJUNG ENIM LESTARI,PANJANG,SUMATERA SELATAN,319,138998,UNKNOWN AFFILIATION,THE EASTERN INDUSTRIAL CO LTD,THAILAND,LAT KRABANG,THAILAND
2019,470329,SINAR MAS,OKI,SULTAN MAHMUD BADARUDDIN (U),SUMATERA SELATAN,7000,3794000,UNKNOWN AFFILIATION,FREELAND UNIVERSAL LTD,CHINA (HONG KONG),ZHENJIANG,CHINA (MAINLAND)
2019,470329,SINAR MAS,OKI,SULTAN MAHMUD BADARUDDIN (U),SUMATERA SELATAN,3200,1726400,UNKNOWN AFFILIATION,BRIGHTENING SKY CO LTD,CHINA (HONG KONG),CHANGSHU,CHINA (MAINLAND)
2019,470329,MARUBENI,TANJUNG ENIM LESTARI,PANJANG,SUMATERA SELATAN,1059,433605,VINDA,VINDA PERSONAL CARE (CHINA) LTD,CHINA (MAINLAND),WUHAN,CHINA (MAINLAND)
2019,470329,ROYAL GOLDEN EAGLE,APRIL,FUTONG,RIAU,5121,1689824,ROYAL GOLDEN EAGLE,APRIL INTERNATIONAL ENTEPRISE PTE LTD,SINGAPORE,XINGANG,CHINA (MAINLAND)
2019,470329,SINAR MAS,OKI,SULTAN MAHMUD BADARUDDIN (U),SUMATERA SELATAN,1000,539500,SINAR MAS,GOLDEN PROFIT TRADING PTE LTD,SINGAPORE,CHANGSHU,CHINA (MAINLAND)
2019,470329,ROYAL GOLDEN EAGLE,APRIL,FUTONG,RIAU,3507,1157352,ROYAL GOLDEN EAGLE,APRIL INTERNATIONAL ENTEPRISE PTE LTD,SINGAPORE,QINGDAO,CHINA (MAINLAND)
2019,470329,SINAR MAS,INDAH KIAT,PERAWANG,RIAU,20,10572,UNKNOWN AFFILIATION,BRIGHTENING SKY CO LTD,CHINA (HONG KONG),QINGDAO,CHINA (MAINLAND)
2019,470329,ROYAL GOLDEN EAGLE,APRIL,FUTONG,RIAU,12931,4267109,ROYAL GOLDEN EAGLE,APRIL INTERNATIONAL ENTEPRISE PTE LTD,SINGAPORE,CHANGSHU,CHINA (MAINLAND)
2019,470329,SINAR MAS,INDAH KIAT,PERAWANG,RIAU,2500,1353425,SINAR MAS,GOLDEN PROFIT TRADING PTE LTD,SINGAPORE,HALDIA,INDIA
2019,470329,SINAR MAS,OKI,SULTAN MAHMUD BADARUDDIN (U),SUMATERA SELATAN,648,352413,DRAGON CROWN HOLDINGS,DRAGON CROWN (HK) TRADING LTD,CHINA (HONG KONG),NINGBO,CHINA (MAINLAND)
2019,470329,ROYAL GOLDEN EAGLE,APRIL,BUATAN,RIAU,502,165573,ROYAL GOLDEN EAGLE,APRIL INTERNATIONAL ENTEPRISE PTE LTD,SINGAPORE,HAIPHONG,VIETNAM
2019,470329,SINAR MAS,OKI,SULTAN MAHMUD BADARUDDIN (U),SUMATERA SELATAN,336,177111,UNKNOWN AFFILIATION,SUZHOU HUANG YI TRADE CO LTD,CHINA (MAINLAND),DALIAN,CHINA (MAINLAND)
2019,470329,ROYAL GOLDEN EAGLE,APRIL,BUATAN,RIAU,60,19935,ROYAL GOLDEN EAGLE,APRIL INTERNATIONAL ENTEPRISE PTE LTD,SINGAPORE,CHITTAGONG,BANGLADESH
2019,470329,ROYAL GOLDEN EAGLE,APRIL,BUATAN,RIAU,501,165466,ROYAL GOLDEN EAGLE,APRIL INTERNATIONAL ENTEPRISE PTE LTD,SINGAPORE,CHITTAGONG,BANGLADESH
2019,470329,ROYAL GOLDEN EAGLE,APRIL,FUTONG,RIAU,5374,1773533,ROYAL GOLDEN EAGLE,APRIL FAR EAST MALAYSIA SDN BHD,MALAYSIA,PYONGTAEK,SOUTH KOREA
2019,470329,SINAR MAS,INDAH KIAT,PERAWANG,RIAU,300,163440,SINAR MAS,GOLDEN PROFIT TRADING PTE LTD,SINGAPORE,CAT LAI,VIETNAM
2019,470329,MARUBENI,TANJUNG ENIM LESTARI,TARAHAN,SUMATERA SELATAN,1501,634311,HONG WON,HONG WON PAPER MFG CO LTD,SOUTH KOREA,PYONGTAEK,SOUTH KOREA
2019,470329,ROYAL GOLDEN EAGLE,APRIL,FUTONG,RIAU,3868,1276438,ROYAL GOLDEN EAGLE,APRIL INTERNATIONAL ENTEPRISE PTE LTD,SINGAPORE,NINGBO,CHINA (MAINLAND)
2019,470329,MARUBENI,TANJUNG ENIM LESTARI,TARAHAN,SUMATERA SELATAN,1000,430134,MARUBENI,MARUBENI CORP,JAPAN,TAGONOURA,JAPAN
2019,470329,MARUBENI,TANJUNG ENIM LESTARI,TARAHAN,SUMATERA SELATAN,500,211541,HONG WON,HONG WON PAPER MFG CO LTD,SOUTH KOREA,PYONGTAEK,SOUTH KOREA
2019,470329,MARUBENI,TANJUNG ENIM LESTARI,TARAHAN,SUMATERA SELATAN,2399,1078215,NIPPON PAPER,NIPPON PAPER INDUSTRIES CO LTD,JAPAN,IYOMISHIMA,JAPAN
2019,470329,MARUBENI,TANJUNG ENIM LESTARI,TARAHAN,SUMATERA SELATAN,1200,507132,HONG WON,HONG WON PAPER MFG CO LTD,SOUTH KOREA,PYONGTAEK,SOUTH KOREA
2019,470329,MARUBENI,TANJUNG ENIM LESTARI,TARAHAN,SUMATERA SELATAN,1500,673910,NIPPON PAPER,NIPPON PAPER INDUSTRIES CO LTD,JAPAN,TAGONOURA,JAPAN
2019,470329,ROYAL GOLDEN EAGLE,APRIL,BUATAN,RIAU,60,19901,ROYAL GOLDEN EAGLE,APRIL INTERNATIONAL ENTEPRISE PTE LTD,SINGAPORE,JAWAHARLAL NEHRU (NHAVA S,INDIA
2019,470329,MARUBENI,TANJUNG ENIM LESTARI,TARAHAN,SUMATERA SELATAN,201,90154,MARUBENI,MARUBENI CORP,JAPAN,TAGONOURA,JAPAN
2019,470329,SINAR MAS,INDAH KIAT,PERAWANG,RIAU,1012,554758,UNKNOWN AFFILIATION,BRIGHTENING SKY CO LTD,CHINA (HONG KONG),TIANJIN,CHINA (MAINLAND)
2019,470329,SINAR MAS,INDAH KIAT,PERAWANG,RIAU,506,280416,SINAR MAS,GOLDEN PROFIT TRADING PTE LTD,SINGAPORE,CHITTAGONG,BANGLADESH
2019,470329,MARUBENI,TANJUNG ENIM LESTARI,TARAHAN,SUMATERA SELATAN,1001,422968,HONG WON,HONG WON PAPER MFG CO LTD,SOUTH KOREA,PYONGTAEK,SOUTH KOREA
2019,470329,ROYAL GOLDEN EAGLE,APRIL,FUTONG,RIAU,2010,663310,ROYAL GOLDEN EAGLE,APRIL INTERNATIONAL ENTEPRISE PTE LTD,SINGAPORE,ZHANJIANG,CHINA (MAINLAND)
2019,470329,ROYAL GOLDEN EAGLE,APRIL,BUATAN,RIAU,100,33164,ROYAL GOLDEN EAGLE,APRIL INTERNATIONAL ENTEPRISE PTE LTD,SINGAPORE,PUNE,INDIA
2019,470329,MARUBENI,TANJUNG ENIM LESTARI,TARAHAN,SUMATERA SELATAN,50,22556,NIPPON PAPER,NIPPON PAPER INDUSTRIES CO LTD,JAPAN,TAGONOURA,JAPAN
2019,470329,MARUBENI,TANJUNG ENIM LESTARI,TARAHAN,SUMATERA SELATAN,300,130471,HANSOL,HANSOL PAPER CO LTD,SOUTH KOREA,PYONGTAEK,SOUTH KOREA
2019,470329,MARUBENI,TANJUNG ENIM LESTARI,TARAHAN,SUMATERA SELATAN,499,217161,HANSOL,HANSOL PAPER CO LTD,SOUTH KOREA,PYONGTAEK,SOUTH KOREA
2019,470329,ROYAL GOLDEN EAGLE,APRIL,BUATAN,RIAU,402,132652,ROYAL GOLDEN EAGLE,APRIL INTERNATIONAL ENTEPRISE PTE LTD,SINGAPORE,CHITTAGONG,BANGLADESH
2019,470329,SINAR MAS,INDAH KIAT,PERAWANG,RIAU,1012,554758,UNKNOWN AFFILIATION,BRIGHTENING SKY CO LTD,CHINA (HONG KONG),TIANJIN,CHINA (MAINLAND)
2019,470329,ROYAL GOLDEN EAGLE,APRIL,BUATAN,RIAU,201,66203,ROYAL GOLDEN EAGLE,APRIL INTERNATIONAL ENTEPRISE PTE LTD,SINGAPORE,PIPAVAV (VICTOR) PORT,INDIA
2019,470329,SINAR MAS,LONTAR PAPYRUS,KUALA TUNGKAL,JAMBI,1245,663826,SINAR MAS,GOLDEN PROFIT TRADING PTE LTD,SINGAPORE,SHUAIBA,KUWAIT
2019,470329,ROYAL GOLDEN EAGLE,APRIL,BUATAN,RIAU,201,70298,ROYAL GOLDEN EAGLE,APRIL INTERNATIONAL ENTEPRISE PTE LTD,SINGAPORE,PIPAVAV (VICTOR) PORT,INDIA
2019,470329,SINAR MAS,OKI,SULTAN MAHMUD BADARUDDIN (U),SUMATERA SELATAN,5500,2981000,CHINA UNION,CHINA UNION (MACAO COMMERCIAL OFFSHORE) CO LTD,MACAO,ZHENJIANG,CHINA (MAINLAND)
2019,470329,SINAR MAS,OKI,SULTAN MAHMUD BADARUDDIN (U),SUMATERA SELATAN,1000,542000,CHINA UNION,CHINA UNION (MACAO COMMERCIAL OFFSHORE) CO LTD,MACAO,ZHENJIANG,CHINA (MAINLAND)
2019,470329,MARUBENI,TANJUNG ENIM LESTARI,PANJANG,SUMATERA SELATAN,1061,431884,VINDA,VINDA PAPER (ZHEJIANG) CO LTD,CHINA (MAINLAND),NINGBO,CHINA (MAINLAND)
2019,470329,SINAR MAS,OKI,SULTAN MAHMUD BADARUDDIN (U),SUMATERA SELATAN,3700,2005400,CHINA UNION,CHINA UNION (MACAO COMMERCIAL OFFSHORE) CO LTD,MACAO,ZHENJIANG,CHINA (MAINLAND)
2019,470329,ROYAL GOLDEN EAGLE,APRIL,BUATAN,RIAU,402,132609,ROYAL GOLDEN EAGLE,APRIL INTERNATIONAL ENTEPRISE PTE LTD,SINGAPORE,PUNE,INDIA
2019,470329,MARUBENI,TANJUNG ENIM LESTARI,PANJANG,SUMATERA SELATAN,532,211201,VINDA,VINDA PAPER (SI CHUAN) CO LTD,CHINA (MAINLAND),CHONGQING,CHINA (MAINLAND)
2019,470329,SINAR MAS,LONTAR PAPYRUS,KUALA TUNGKAL,JAMBI,502,278146,SINAR MAS,GOLDEN PROFIT TRADING PTE LTD,SINGAPORE,PENANG (GEORGETOWN),MALAYSIA
2019,470329,SINAR MAS,INDAH KIAT,PERAWANG,RIAU,920,507913,CHINA UNION,CHINA UNION (MACAO COMMERCIAL OFFSHORE) CO LTD,MACAO,NINGBO,CHINA (MAINLAND)
2019,470329,SINAR MAS,LONTAR PAPYRUS,KUALA TUNGKAL,JAMBI,301,163756,SINAR MAS,GOLDEN PROFIT TRADING PTE LTD,SINGAPORE,MANILA SOUTH HARBOUR,PHILIPPINES
2019,470329,SINAR MAS,LONTAR PAPYRUS,KUALA TUNGKAL,JAMBI,601,327288,DRAGON CROWN HOLDINGS,DRAGON CROWN (HK) TRADING LTD,CHINA (HONG KONG),ZHANJIANG,CHINA (MAINLAND)
2019,470329,ROYAL GOLDEN EAGLE,APRIL,BUATAN,RIAU,398,139340,ROYAL GOLDEN EAGLE,APRIL INTERNATIONAL ENTEPRISE PTE LTD,SINGAPORE,EL ISKANDARIYA (= ALEXAND,EGYPT
2019,470329,ROYAL GOLDEN EAGLE,APRIL,BUATAN,RIAU,1004,331426,ROYAL GOLDEN EAGLE,APRIL INTERNATIONAL ENTEPRISE PTE LTD,SINGAPORE,ZHAPU,CHINA (MAINLAND)
2019,470329,ROYAL GOLDEN EAGLE,APRIL,BUATAN,RIAU,60,19843,ROYAL GOLDEN EAGLE,APRIL INTERNATIONAL ENTEPRISE PTE LTD,SINGAPORE,CHENNAI (EX MADRAS),INDIA
2019,470329,SINAR MAS,LONTAR PAPYRUS,KUALA TUNGKAL,JAMBI,200,109963,SINAR MAS,GOLDEN PROFIT TRADING PTE LTD,SINGAPORE,CAT LAI,VIETNAM
2019,470329,SINAR MAS,LONTAR PAPYRUS,KUALA TUNGKAL,JAMBI,201,110236,SINAR MAS,GOLDEN PROFIT TRADING PTE LTD,SINGAPORE,CAT LAI,VIETNAM
2019,470329,SINAR MAS,LONTAR PAPYRUS,KUALA TUNGKAL,JAMBI,502,269481,SINAR MAS,GOLDEN PROFIT TRADING PTE LTD,SINGAPORE,CHITTAGONG,BANGLADESH
2019,470329,ROYAL GOLDEN EAGLE,APRIL,BUATAN,RIAU,253,83626,ROYAL GOLDEN EAGLE,APRIL INTERNATIONAL ENTEPRISE PTE LTD,SINGAPORE,SHUAIBA,KUWAIT
2019,470329,SINAR MAS,LONTAR PAPYRUS,KUALA TUNGKAL,JAMBI,1005,542768,SINAR MAS,GOLDEN PROFIT TRADING PTE LTD,SINGAPORE,LAT KRABANG,THAILAND
2019,470329,SINAR MAS,LONTAR PAPYRUS,KUALA TUNGKAL,JAMBI,301,165559,SINAR MAS,GOLDEN PROFIT TRADING PTE LTD,SINGAPORE,CAT LAI,VIETNAM
2019,470329,MARUBENI,TANJUNG ENIM LESTARI,PANJANG,SUMATERA SELATAN,533,212156,VINDA,VINDA PAPER (LIAONING) CO LTD,CHINA (MAINLAND),YINGKOU,CHINA (MAINLAND)
2019,470329,SINAR MAS,INDAH KIAT,PERAWANG,RIAU,1012,554758,UNKNOWN AFFILIATION,BRIGHTENING SKY CO LTD,CHINA (HONG KONG),TIANJIN,CHINA (MAINLAND)
2019,470329,SINAR MAS,OKI,SULTAN MAHMUD BADARUDDIN (U),SUMATERA SELATAN,5000,2710000,UNKNOWN AFFILIATION,FREELAND UNIVERSAL LTD,CHINA (HONG KONG),NINGBO,CHINA (MAINLAND)
2019,470329,ROYAL GOLDEN EAGLE,APRIL,BUATAN,RIAU,1004,331214,ROYAL GOLDEN EAGLE,APRIL INTERNATIONAL ENTEPRISE PTE LTD,SINGAPORE,NINGBO,CHINA (MAINLAND)
2019,470329,ROYAL GOLDEN EAGLE,APRIL,BUATAN,RIAU,40,13255,ROYAL GOLDEN EAGLE,APRIL INTERNATIONAL ENTEPRISE PTE LTD,SINGAPORE,BANGKOK,THAILAND
2019,470329,ROYAL GOLDEN EAGLE,APRIL,BUATAN,RIAU,301,99352,ROYAL GOLDEN EAGLE,APRIL INTERNATIONAL ENTEPRISE PTE LTD,SINGAPORE,BANGKOK,THAILAND
2019,470329,MARUBENI,TANJUNG ENIM LESTARI,PANJANG,SUMATERA SELATAN,403,168016,UNKNOWN AFFILIATION,KUANTUM PAPERS LTD,INDIA,PIPAVAV (VICTOR) PORT,INDIA
2019,470329,ROYAL GOLDEN EAGLE,APRIL,FUTONG,RIAU,5992,1977248,ROYAL GOLDEN EAGLE,APRIL INTERNATIONAL ENTEPRISE PTE LTD,SINGAPORE,KAKINADA,INDIA
2019,470329,SINAR MAS,OKI,SULTAN MAHMUD BADARUDDIN (U),SUMATERA SELATAN,1000,541691,DRAGON CROWN HOLDINGS,DRAGON CROWN (HK) TRADING LTD,CHINA (HONG KONG),NINGBO,CHINA (MAINLAND)
2019,470329,SINAR MAS,OKI,SULTAN MAHMUD BADARUDDIN (U),SUMATERA SELATAN,2000,1083382,DRAGON CROWN HOLDINGS,DRAGON CROWN (HK) TRADING LTD,CHINA (HONG KONG),NINGBO,CHINA (MAINLAND)
2019,470329,MARUBENI,TANJUNG ENIM LESTARI,PANJANG,SUMATERA SELATAN,106,43468,UNKNOWN AFFILIATION,VECHEM ORGANICS PVT LTD,INDIA,REWARI,INDIA
2019,470329,ROYAL GOLDEN EAGLE,APRIL,BUATAN,RIAU,139,45723,ROYAL GOLDEN EAGLE,APRIL INTERNATIONAL ENTEPRISE PTE LTD,SINGAPORE,JEBEL ALI,UNITED ARAB EMIRATES
2019,470329,SINAR MAS,OKI,SULTAN MAHMUD BADARUDDIN (U),SUMATERA SELATAN,2000,1083382,DRAGON CROWN HOLDINGS,DRAGON CROWN (HK) TRADING LTD,CHINA (HONG KONG),NINGBO,CHINA (MAINLAND)
2019,470329,ROYAL GOLDEN EAGLE,TOBA PULP LESTARI,BELAWAN,SUMATERA UTARA,132,56782,ROYAL GOLDEN EAGLE,DP MARKETING INTERNATIONAL,MACAO,PIPAVAV (VICTOR) PORT,INDIA
2019,470329,MARUBENI,TANJUNG ENIM LESTARI,PANJANG,SUMATERA SELATAN,510,207807,VINDA,VINDA PAPER NORTH (BEIJING) CO LTD,CHINA (MAINLAND),XINGANG,CHINA (MAINLAND)
2019,470329,ROYAL GOLDEN EAGLE,APRIL,BUATAN,RIAU,297,103967,ROYAL GOLDEN EAGLE,APRIL INTERNATIONAL ENTEPRISE PTE LTD,SINGAPORE,EL ISKANDARIYA (= ALEXAND,EGYPT
2019,470329,ROYAL GOLDEN EAGLE,TOBA PULP LESTARI,BELAWAN,SUMATERA UTARA,343,147363,ROYAL GOLDEN EAGLE,DP MARKETING INTERNATIONAL,MACAO,PIPAVAV (VICTOR) PORT,INDIA
2019,470329,ROYAL GOLDEN EAGLE,APRIL,BUATAN,RIAU,401,132454,ROYAL GOLDEN EAGLE,APRIL INTERNATIONAL ENTEPRISE PTE LTD,SINGAPORE,NINGBO,CHINA (MAINLAND)
2019,470329,SINAR MAS,OKI,SULTAN MAHMUD BADARUDDIN (U),SUMATERA SELATAN,656,348410,UNKNOWN AFFILIATION,SUZHOU HUANG YI TRADE CO LTD,CHINA (MAINLAND),DALIAN,CHINA (MAINLAND)
2019,470329,SINAR MAS,INDAH KIAT,PERAWANG,RIAU,2468,1330723,DRAGON CROWN HOLDINGS,DRAGON CROWN (HK) TRADING LTD,CHINA (HONG KONG),CHANGSHU,CHINA (MAINLAND)
2019,470329,MARUBENI,TANJUNG ENIM LESTARI,PANJANG,SUMATERA SELATAN,504,198336,UNKNOWN AFFILIATION,PHUONG TRANG BAC GIANG CO LTD,VIETNAM,HAIPHONG,VIETNAM
2019,470329,ROYAL GOLDEN EAGLE,APRIL,BUATAN,RIAU,502,165741,ROYAL GOLDEN EAGLE,APRIL INTERNATIONAL ENTEPRISE PTE LTD,SINGAPORE,CHITTAGONG,BANGLADESH
2019,470329,SINAR MAS,INDAH KIAT,PERAWANG,RIAU,3000,1617573,DRAGON CROWN HOLDINGS,DRAGON CROWN (HK) TRADING LTD,CHINA (HONG KONG),QINGDAO,CHINA (MAINLAND)
2019,470329,MARUBENI,TANJUNG ENIM LESTARI,PANJANG,SUMATERA SELATAN,106,46246,BPM,BANGLANE PAPER MILL CO LTD,THAILAND,LAT KRABANG,THAILAND
2019,470329,SINAR MAS,OKI,SULTAN MAHMUD BADARUDDIN (U),SUMATERA SELATAN,7050,3821805,UNKNOWN AFFILIATION,FREELAND UNIVERSAL LTD,CHINA (HONG KONG),SHANGHAI,CHINA (MAINLAND)
2019,470329,MARUBENI,TANJUNG ENIM LESTARI,PANJANG,SUMATERA SELATAN,191,91966,UNKNOWN AFFILIATION,GEMINI GRAAPHICS PVT LTD,INDIA,CHENNAI (EX MADRAS),INDIA
2019,470329,ROYAL GOLDEN EAGLE,APRIL,BUATAN,RIAU,502,165649,ROYAL GOLDEN EAGLE,APRIL INTERNATIONAL ENTEPRISE PTE LTD,SINGAPORE,CHITTAGONG,BANGLADESH
2019,470329,MARUBENI,TANJUNG ENIM LESTARI,PANJANG,SUMATERA SELATAN,211,92529,UNKNOWN AFFILIATION,THAI CARD BOARD CO LTD,THAILAND,LAT KRABANG,THAILAND
2019,470329,SINAR MAS,OKI,SULTAN MAHMUD BADARUDDIN (U),SUMATERA SELATAN,650,352365,UNKNOWN AFFILIATION,BRIGHTENING SKY CO LTD,CHINA (HONG KONG),SHANGHAI,CHINA (MAINLAND)
2019,470329,SINAR MAS,OKI,SULTAN MAHMUD BADARUDDIN (U),SUMATERA SELATAN,2000,1084200,CHINA UNION,CHINA UNION (MACAO COMMERCIAL OFFSHORE) CO LTD,MACAO,SHANGHAI,CHINA (MAINLAND)
2019,470329,SINAR MAS,OKI,SULTAN MAHMUD BADARUDDIN (U),SUMATERA SELATAN,304,161458,UNKNOWN AFFILIATION,SUZHOU HUANG YI TRADE CO LTD,CHINA (MAINLAND),DALIAN,CHINA (MAINLAND)
2019,470329,MARUBENI,TANJUNG ENIM LESTARI,PANJANG,SUMATERA SELATAN,811,332179,VINDA,VINDA PERSONAL CARE (CHINA) LTD,CHINA (MAINLAND),WUHAN,CHINA (MAINLAND)
2019,470329,SINAR MAS,INDAH KIAT,PERAWANG,RIAU,4000,2156764,DRAGON CROWN HOLDINGS,DRAGON CROWN (HK) TRADING LTD,CHINA (HONG KONG),CHANGSHU,CHINA (MAINLAND)
2019,470329,SINAR MAS,OKI,SULTAN MAHMUD BADARUDDIN (U),SUMATERA SELATAN,4000,2156764,DRAGON CROWN HOLDINGS,DRAGON CROWN (HK) TRADING LTD,CHINA (HONG KONG),TIANJIN,CHINA (MAINLAND)
2019,470329,SINAR MAS,LONTAR PAPYRUS,KUALA TUNGKAL,JAMBI,501,268916,SINAR MAS,GOLDEN PROFIT TRADING PTE LTD,SINGAPORE,CHITTAGONG,BANGLADESH
2019,470329,ROYAL GOLDEN EAGLE,APRIL,BUATAN,RIAU,703,232148,ROYAL GOLDEN EAGLE,APRIL INTERNATIONAL ENTEPRISE PTE LTD,SINGAPORE,SHANGHAI,CHINA (MAINLAND)
2019,470329,SINAR MAS,LONTAR PAPYRUS,KUALA TUNGKAL,JAMBI,502,278049,SINAR MAS,GOLDEN PROFIT TRADING PTE LTD,SINGAPORE,PENANG (GEORGETOWN),MALAYSIA
2019,470329,ROYAL GOLDEN EAGLE,APRIL,BUATAN,RIAU,503,165895,ROYAL GOLDEN EAGLE,APRIL INTERNATIONAL ENTEPRISE PTE LTD,SINGAPORE,HAIPHONG,VIETNAM
2019,470329,SINAR MAS,OKI,SULTAN MAHMUD BADARUDDIN (U),SUMATERA SELATAN,6800,3678800,CHINA UNION,CHINA UNION (MACAO COMMERCIAL OFFSHORE) CO LTD,MACAO,ZHENJIANG,CHINA (MAINLAND)
2019,470329,SINAR MAS,LONTAR PAPYRUS,KUALA TUNGKAL,JAMBI,302,165690,SINAR MAS,GOLDEN PROFIT TRADING PTE LTD,SINGAPORE,CAT LAI,VIETNAM
2019,470329,SINAR MAS,OKI,SULTAN MAHMUD BADARUDDIN (U),SUMATERA SELATAN,3000,1617573,DRAGON CROWN HOLDINGS,DRAGON CROWN (HK) TRADING LTD,CHINA (HONG KONG),TIANJIN,CHINA (MAINLAND)
2019,470329,SINAR MAS,LONTAR PAPYRUS,KUALA TUNGKAL,JAMBI,200,109997,SINAR MAS,GOLDEN PROFIT TRADING PTE LTD,SINGAPORE,CAT LAI,VIETNAM
2019,470329,SINAR MAS,INDAH KIAT,PERAWANG,RIAU,500,267362,SINAR MAS,GOLDEN PROFIT TRADING PTE LTD,SINGAPORE,KARACHI,PAKISTAN
2019,470329,SINAR MAS,LONTAR PAPYRUS,KUALA TUNGKAL,JAMBI,502,269302,SINAR MAS,GOLDEN PROFIT TRADING PTE LTD,SINGAPORE,CHITTAGONG,BANGLADESH
2019,470329,SINAR MAS,INDAH KIAT,PERAWANG,RIAU,300,161474,SINAR MAS,GOLDEN PROFIT TRADING PTE LTD,SINGAPORE,CAT LAI,VIETNAM
2019,470329,SINAR MAS,OKI,SULTAN MAHMUD BADARUDDIN (U),SUMATERA SELATAN,200,108200,CHINA UNION,CHINA UNION (MACAO COMMERCIAL OFFSHORE) CO LTD,MACAO,ZHENJIANG,CHINA (MAINLAND)
2019,470329,SINAR MAS,INDAH KIAT,PERAWANG,RIAU,500,273981,SINAR MAS,GOLDEN PROFIT TRADING PTE LTD,SINGAPORE,MELBOURNE,AUSTRALIA
2019,470329,SINAR MAS,OKI,SULTAN MAHMUD BADARUDDIN (U),SUMATERA SELATAN,3000,1617573,DRAGON CROWN HOLDINGS,DRAGON CROWN (HK) TRADING LTD,CHINA (HONG KONG),TIANJIN,CHINA (MAINLAND)
2019,470329,SINAR MAS,LONTAR PAPYRUS,KUALA TUNGKAL,JAMBI,1005,549354,SINAR MAS,GOLDEN PROFIT TRADING PTE LTD,SINGAPORE,HAIPHONG,VIETNAM
2019,470329,SINAR MAS,LONTAR PAPYRUS,KUALA TUNGKAL,JAMBI,501,273869,SINAR MAS,GOLDEN PROFIT TRADING PTE LTD,SINGAPORE,CHITTAGONG,BANGLADESH
2019,470329,SINAR MAS,OKI,SULTAN MAHMUD BADARUDDIN (U),SUMATERA SELATAN,1000,540000,SINAR MAS,GOLDEN PROFIT TRADING PTE LTD,SINGAPORE,GUNSAN (ES KUNSAN),SOUTH KOREA
2019,470329,ROYAL GOLDEN EAGLE,APRIL,BUATAN,RIAU,402,140639,ROYAL GOLDEN EAGLE,APRIL INTERNATIONAL ENTEPRISE PTE LTD,SINGAPORE,ABU DHABI,UNITED ARAB EMIRATES
2019,470329,ROYAL GOLDEN EAGLE,APRIL,BUATAN,RIAU,502,165678,ROYAL GOLDEN EAGLE,APRIL INTERNATIONAL ENTEPRISE PTE LTD,SINGAPORE,CHITTAGONG,BANGLADESH
2019,470329,SINAR MAS,OKI,SULTAN MAHMUD BADARUDDIN (U),SUMATERA SELATAN,6400,3456000,SINAR MAS,GOLDEN PROFIT TRADING PTE LTD,SINGAPORE,GUNSAN (ES KUNSAN),SOUTH KOREA
2019,470329,ROYAL GOLDEN EAGLE,APRIL,BUATAN,RIAU,502,165631,ROYAL GOLDEN EAGLE,APRIL INTERNATIONAL ENTEPRISE PTE LTD,SINGAPORE,CHITTAGONG,BANGLADESH
2019,470329,ROYAL GOLDEN EAGLE,APRIL,BUATAN,RIAU,40,13235,ROYAL GOLDEN EAGLE,APRIL INTERNATIONAL ENTEPRISE PTE LTD,SINGAPORE,JAWAHARLAL NEHRU (NHAVA S,INDIA
2019,470329,ROYAL GOLDEN EAGLE,APRIL,BUATAN,RIAU,201,66324,ROYAL GOLDEN EAGLE,APRIL INTERNATIONAL ENTEPRISE PTE LTD,SINGAPORE,CHITTAGONG,BANGLADESH
2019,470329,ROYAL GOLDEN EAGLE,APRIL,BUATAN,RIAU,60,19818,ROYAL GOLDEN EAGLE,APRIL INTERNATIONAL ENTEPRISE PTE LTD,SINGAPORE,MUNDRA,INDIA
2019,470329,ROYAL GOLDEN EAGLE,APRIL,BUATAN,RIAU,101,35177,ROYAL GOLDEN EAGLE,APRIL INTERNATIONAL ENTEPRISE PTE LTD,SINGAPORE,ANKLESHWAR,INDIA
2019,470329,ROYAL GOLDEN EAGLE,APRIL,BUATAN,RIAU,60,19904,ROYAL GOLDEN EAGLE,APRIL INTERNATIONAL ENTEPRISE PTE LTD,SINGAPORE,JAWAHARLAL NEHRU (NHAVA S,INDIA
2019,470329,ROYAL GOLDEN EAGLE,APRIL,FUTONG,RIAU,2010,663323,ROYAL GOLDEN EAGLE,APRIL INTERNATIONAL ENTEPRISE PTE LTD,SINGAPORE,HUANGPU,CHINA (MAINLAND)
2019,470329,ROYAL GOLDEN EAGLE,APRIL,BUATAN,RIAU,502,165775,ROYAL GOLDEN EAGLE,APRIL INTERNATIONAL ENTEPRISE PTE LTD,SINGAPORE,CHITTAGONG,BANGLADESH
2019,470329,SINAR MAS,INDAH KIAT,PERAWANG,RIAU,500,269341,DRAGON CROWN HOLDINGS,DRAGON CROWN (HK) TRADING LTD,CHINA (HONG KONG),NINGBO,CHINA (MAINLAND)
2019,470329,ROYAL GOLDEN EAGLE,APRIL,FUTONG,RIAU,5022,1657133,ROYAL GOLDEN EAGLE,APRIL FAR EAST MALAYSIA SDN BHD,MALAYSIA,XINHUI,CHINA (MAINLAND)
2019,470329,ROYAL GOLDEN EAGLE,APRIL,BUATAN,RIAU,502,165791,ROYAL GOLDEN EAGLE,APRIL INTERNATIONAL ENTEPRISE PTE LTD,SINGAPORE,PUNE,INDIA
2019,470329,MARUBENI,TANJUNG ENIM LESTARI,PANJANG,SUMATERA SELATAN,504,198759,UNKNOWN AFFILIATION,PHUONG TRANG BAC GIANG CO LTD,VIETNAM,HAIPHONG,VIETNAM
2019,470329,SINAR MAS,OKI,SULTAN MAHMUD BADARUDDIN (U),SUMATERA SELATAN,624,334509,DRAGON CROWN HOLDINGS,DRAGON CROWN (HK) TRADING LTD,CHINA (HONG KONG),NINGBO,CHINA (MAINLAND)
2019,470329,MARUBENI,TANJUNG ENIM LESTARI,PANJANG,SUMATERA SELATAN,1062,432647,VINDA,VINDA PAPER (ZHEJIANG) CO LTD,CHINA (MAINLAND),NINGBO,CHINA (MAINLAND)
2019,470329,SINAR MAS,INDAH KIAT,PERAWANG,RIAU,120,66726,SINAR MAS,GOLDEN PROFIT TRADING PTE LTD,SINGAPORE,TAICHUNG,TAIWAN
2019,470329,SINAR MAS,OKI,SULTAN MAHMUD BADARUDDIN (U),SUMATERA SELATAN,464,252227,UNKNOWN AFFILIATION,BRIGHTENING SKY CO LTD,CHINA (HONG KONG),NINGBO,CHINA (MAINLAND)
2019,470329,ROYAL GOLDEN EAGLE,APRIL,BUATAN,RIAU,201,70178,ROYAL GOLDEN EAGLE,APRIL INTERNATIONAL ENTEPRISE PTE LTD,SINGAPORE,KATHUWAS ICD/ALWAR,INDIA
2019,470329,SINAR MAS,INDAH KIAT,PERAWANG,RIAU,506,280416,SINAR MAS,GOLDEN PROFIT TRADING PTE LTD,SINGAPORE,CHITTAGONG,BANGLADESH
2019,470329,ROYAL GOLDEN EAGLE,APRIL,BUATAN,RIAU,402,132772,ROYAL GOLDEN EAGLE,APRIL INTERNATIONAL ENTEPRISE PTE LTD,SINGAPORE,CHITTAGONG,BANGLADESH
2019,470329,SINAR MAS,OKI,SULTAN MAHMUD BADARUDDIN (U),SUMATERA SELATAN,7500,3982500,SINAR MAS,GOLDEN PROFIT TRADING PTE LTD,SINGAPORE,CHITTAGONG,BANGLADESH
2019,470329,SINAR MAS,OKI,SULTAN MAHMUD BADARUDDIN (U),SUMATERA SELATAN,288,152649,DRAGON CROWN HOLDINGS,DRAGON CROWN (HK) TRADING LTD,CHINA (HONG KONG),NINGBO,CHINA (MAINLAND)
2019,470329,SINAR MAS,OKI,SULTAN MAHMUD BADARUDDIN (U),SUMATERA SELATAN,2000,1062000,SINAR MAS,GOLDEN PROFIT TRADING PTE LTD,SINGAPORE,CHITTAGONG,BANGLADESH
2019,470329,SINAR MAS,OKI,SULTAN MAHMUD BADARUDDIN (U),SUMATERA SELATAN,480,270282,DRAGON CROWN HOLDINGS,DRAGON CROWN (HK) TRADING LTD,CHINA (HONG KONG),ZHAPU,CHINA (MAINLAND)
2019,470329,SINAR MAS,INDAH KIAT,PERAWANG,RIAU,220,121429,CHINA UNION,CHINA UNION (MACAO COMMERCIAL OFFSHORE) CO LTD,MACAO,NINGBO,CHINA (MAINLAND)
2019,470329,SINAR MAS,INDAH KIAT,PERAWANG,RIAU,200,110790,SINAR MAS,GOLDEN PROFIT TRADING PTE LTD,SINGAPORE,TAICHUNG,TAIWAN
2019,470329,ROYAL GOLDEN EAGLE,APRIL,BUATAN,RIAU,1004,331182,ROYAL GOLDEN EAGLE,APRIL INTERNATIONAL ENTEPRISE PTE LTD,SINGAPORE,NINGBO,CHINA (MAINLAND)
2019,470329,SINAR MAS,OKI,SULTAN MAHMUD BADARUDDIN (U),SUMATERA SELATAN,500,265500,SINAR MAS,GOLDEN PROFIT TRADING PTE LTD,SINGAPORE,CHITTAGONG,BANGLADESH
2019,470329,ROYAL GOLDEN EAGLE,APRIL,FUTONG,RIAU,9441,3115501,ROYAL GOLDEN EAGLE,APRIL INTERNATIONAL ENTEPRISE PTE LTD,SINGAPORE,CHITTAGONG,BANGLADESH
2019,470329,MARUBENI,TANJUNG ENIM LESTARI,PANJANG,SUMATERA SELATAN,1052,432117,VINDA,VINDA PERSONAL CARE (CHINA) LTD,CHINA (MAINLAND),WUHAN,CHINA (MAINLAND)
2019,470329,SINAR MAS,LONTAR PAPYRUS,KUALA TUNGKAL,JAMBI,1264,673520,SINAR MAS,GOLDEN PROFIT TRADING PTE LTD,SINGAPORE,SHUAIBA,KUWAIT
2019,470329,ROYAL GOLDEN EAGLE,APRIL,BUATAN,RIAU,1005,331525,ROYAL GOLDEN EAGLE,APRIL INTERNATIONAL ENTEPRISE PTE LTD,SINGAPORE,NINGBO,CHINA (MAINLAND)
2019,470329,MARUBENI,TANJUNG ENIM LESTARI,PANJANG,SUMATERA SELATAN,404,168120,UNKNOWN AFFILIATION,KUANTUM PAPERS LTD,INDIA,PIPAVAV (VICTOR) PORT,INDIA
2019,470329,SINAR MAS,LONTAR PAPYRUS,KUALA TUNGKAL,JAMBI,502,274235,SINAR MAS,GOLDEN PROFIT TRADING PTE LTD,SINGAPORE,CHITTAGONG,BANGLADESH
2019,470329,SINAR MAS,INDAH KIAT,PERAWANG,RIAU,1012,536765,DRAGON CROWN HOLDINGS,DRAGON CROWN (HK) TRADING LTD,CHINA (HONG KONG),CHENGDU,CHINA (MAINLAND)
2019,470329,MARUBENI,TANJUNG ENIM LESTARI,PANJANG,SUMATERA SELATAN,104,44732,UNKNOWN AFFILIATION,NB ENTREPRENEURS,INDIA,NAGPUR,INDIA
2019,470329,SINAR MAS,INDAH KIAT,PERAWANG,RIAU,1000,547965,SINAR MAS,GOLDEN PROFIT TRADING PTE LTD,SINGAPORE,MELBOURNE,AUSTRALIA
2019,470329,ROYAL GOLDEN EAGLE,APRIL,BUATAN,RIAU,302,99616,ROYAL GOLDEN EAGLE,APRIL INTERNATIONAL ENTEPRISE PTE LTD,SINGAPORE,HAIPHONG,VIETNAM
2019,470329,SINAR MAS,OKI,SULTAN MAHMUD BADARUDDIN (U),SUMATERA SELATAN,384,208941,UNKNOWN AFFILIATION,BRIGHTENING SKY CO LTD,CHINA (HONG KONG),DALIAN,CHINA (MAINLAND)
2019,470329,ROYAL GOLDEN EAGLE,APRIL,BUATAN,RIAU,1004,331389,ROYAL GOLDEN EAGLE,APRIL INTERNATIONAL ENTEPRISE PTE LTD,SINGAPORE,NINGBO,CHINA (MAINLAND)
2019,470329,ROYAL GOLDEN EAGLE,APRIL,BUATAN,RIAU,502,165602,ROYAL GOLDEN EAGLE,APRIL INTERNATIONAL ENTEPRISE PTE LTD,SINGAPORE,CHITTAGONG,BANGLADESH
2019,470329,SINAR MAS,OKI,SULTAN MAHMUD BADARUDDIN (U),SUMATERA SELATAN,2000,1076382,DRAGON CROWN HOLDINGS,DRAGON CROWN (HK) TRADING LTD,CHINA (HONG KONG),NANSHA,CHINA (MAINLAND)
2019,470329,SINAR MAS,OKI,SULTAN MAHMUD BADARUDDIN (U),SUMATERA SELATAN,6000,3231000,UNKNOWN AFFILIATION,FREELAND UNIVERSAL LTD,CHINA (HONG KONG),NINGBO,CHINA (MAINLAND)
2019,470329,ROYAL GOLDEN EAGLE,APRIL,BUATAN,RIAU,502,165620,ROYAL GOLDEN EAGLE,APRIL INTERNATIONAL ENTEPRISE PTE LTD,SINGAPORE,CHITTAGONG,BANGLADESH
2019,470329,SINAR MAS,LONTAR PAPYRUS,KUALA TUNGKAL,JAMBI,201,110250,SINAR MAS,GOLDEN PROFIT TRADING PTE LTD,SINGAPORE,CAT LAI,VIETNAM
2019,470329,ROYAL GOLDEN EAGLE,APRIL,BUATAN,RIAU,97,31857,ROYAL GOLDEN EAGLE,APRIL INTERNATIONAL ENTEPRISE PTE LTD,SINGAPORE,TAOYUAN,TAIWAN
2019,470329,SINAR MAS,LONTAR PAPYRUS,KUALA TUNGKAL,JAMBI,502,277960,SINAR MAS,GOLDEN PROFIT TRADING PTE LTD,SINGAPORE,PENANG (GEORGETOWN),MALAYSIA
2019,470329,SINAR MAS,OKI,SULTAN MAHMUD BADARUDDIN (U),SUMATERA SELATAN,500,269250,UNKNOWN AFFILIATION,NINGBO GUANPAO TRADING (HONGKONG) CO LTD,CHINA (HONG KONG),NINGBO,CHINA (MAINLAND)
2019,470329,SINAR MAS,LONTAR PAPYRUS,KUALA TUNGKAL,JAMBI,301,165375,SINAR MAS,GOLDEN PROFIT TRADING PTE LTD,SINGAPORE,CAT LAI,VIETNAM
2019,470329,SINAR MAS,LONTAR PAPYRUS,KUALA TUNGKAL,JAMBI,300,165048,SINAR MAS,GOLDEN PROFIT TRADING PTE LTD,SINGAPORE,CAT LAI,VIETNAM
2019,470329,SINAR MAS,OKI,SULTAN MAHMUD BADARUDDIN (U),SUMATERA SELATAN,432,235058,UNKNOWN AFFILIATION,BRIGHTENING SKY CO LTD,CHINA (HONG KONG),DALIAN,CHINA (MAINLAND)
2019,470329,SINAR MAS,LONTAR PAPYRUS,KUALA TUNGKAL,JAMBI,1004,555502,DRAGON CROWN HOLDINGS,DRAGON CROWN (HK) TRADING LTD,CHINA (HONG KONG),ZHANJIANG,CHINA (MAINLAND)
2019,470329,ROYAL GOLDEN EAGLE,APRIL,BUATAN,RIAU,402,132666,ROYAL GOLDEN EAGLE,APRIL INTERNATIONAL ENTEPRISE PTE LTD,SINGAPORE,CHITTAGONG,BANGLADESH
2019,470329,SINAR MAS,LONTAR PAPYRUS,KUALA TUNGKAL,JAMBI,1004,555576,DRAGON CROWN HOLDINGS,DRAGON CROWN (HK) TRADING LTD,CHINA (HONG KONG),ZHANJIANG,CHINA (MAINLAND)
2019,470329,SINAR MAS,OKI,SULTAN MAHMUD BADARUDDIN (U),SUMATERA SELATAN,456,245688,DRAGON CROWN HOLDINGS,DRAGON CROWN (HK) TRADING LTD,CHINA (HONG KONG),NINGBO,CHINA (MAINLAND)
2019,470329,SINAR MAS,OKI,SULTAN MAHMUD BADARUDDIN (U),SUMATERA SELATAN,1500,807750,UNKNOWN AFFILIATION,BRIGHTENING SKY CO LTD,CHINA (HONG KONG),NINGBO,CHINA (MAINLAND)
2019,470329,SINAR MAS,OKI,SULTAN MAHMUD BADARUDDIN (U),SUMATERA SELATAN,544,295715,DRAGON CROWN HOLDINGS,DRAGON CROWN (HK) TRADING LTD,CHINA (HONG KONG),NINGBO,CHINA (MAINLAND)
2019,470329,SINAR MAS,OKI,SULTAN MAHMUD BADARUDDIN (U),SUMATERA SELATAN,1000,539691,DRAGON CROWN HOLDINGS,DRAGON CROWN (HK) TRADING LTD,CHINA (HONG KONG),TIANJIN,CHINA (MAINLAND)
2019,470329,SINAR MAS,OKI,SULTAN MAHMUD BADARUDDIN (U),SUMATERA SELATAN,1000,540000,SINAR MAS,GOLDEN PROFIT TRADING PTE LTD,SINGAPORE,HAIPHONG,VIETNAM
2019,470329,SINAR MAS,OKI,SULTAN MAHMUD BADARUDDIN (U),SUMATERA SELATAN,900,485722,DRAGON CROWN HOLDINGS,DRAGON CROWN (HK) TRADING LTD,CHINA (HONG KONG),TIANJIN,CHINA (MAINLAND)
2019,470329,ROYAL GOLDEN EAGLE,APRIL,BUATAN,RIAU,60,18374,ROYAL GOLDEN EAGLE,APRIL INTERNATIONAL ENTEPRISE PTE LTD,SINGAPORE,JAWAHARLAL NEHRU (NHAVA S,INDIA
2019,470329,ROYAL GOLDEN EAGLE,APRIL,BUATAN,RIAU,301,99447,ROYAL GOLDEN EAGLE,APRIL INTERNATIONAL ENTEPRISE PTE LTD,SINGAPORE,BANGKOK,THAILAND
2019,470329,SINAR MAS,OKI,SULTAN MAHMUD BADARUDDIN (U),SUMATERA SELATAN,7000,3787000,UNKNOWN AFFILIATION,BRIGHTENING SKY CO LTD,CHINA (HONG KONG),CHANGSHU,CHINA (MAINLAND)
2019,470329,ROYAL GOLDEN EAGLE,APRIL,BUATAN,RIAU,100,30632,ROYAL GOLDEN EAGLE,APRIL INTERNATIONAL ENTEPRISE PTE LTD,SINGAPORE,BANGKOK,THAILAND
2019,470329,SINAR MAS,OKI,SULTAN MAHMUD BADARUDDIN (U),SUMATERA SELATAN,2000,1078381,DRAGON CROWN HOLDINGS,DRAGON CROWN (HK) TRADING LTD,CHINA (HONG KONG),XINHUI,CHINA (MAINLAND)
2019,470329,SINAR MAS,INDAH KIAT,PERAWANG,RIAU,484,274390,DRAGON CROWN HOLDINGS,DRAGON CROWN (HK) TRADING LTD,CHINA (HONG KONG),ZHAPU,CHINA (MAINLAND)
2019,470329,ROYAL GOLDEN EAGLE,APRIL,BUATAN,RIAU,60,18377,ROYAL GOLDEN EAGLE,APRIL INTERNATIONAL ENTEPRISE PTE LTD,SINGAPORE,JAWAHARLAL NEHRU (NHAVA S,INDIA
2019,470329,ROYAL GOLDEN EAGLE,APRIL,BUATAN,RIAU,201,61178,ROYAL GOLDEN EAGLE,APRIL INTERNATIONAL ENTEPRISE PTE LTD,SINGAPORE,NAGPUR,INDIA
2019,470329,ROYAL GOLDEN EAGLE,APRIL,BUATAN,RIAU,502,165731,ROYAL GOLDEN EAGLE,APRIL INTERNATIONAL ENTEPRISE PTE LTD,SINGAPORE,PUNE,INDIA
2019,470329,SINAR MAS,OKI,SULTAN MAHMUD BADARUDDIN (U),SUMATERA SELATAN,950,512706,DRAGON CROWN HOLDINGS,DRAGON CROWN (HK) TRADING LTD,CHINA (HONG KONG),TIANJIN,CHINA (MAINLAND)
2019,470329,SINAR MAS,OKI,SULTAN MAHMUD BADARUDDIN (U),SUMATERA SELATAN,3000,1619073,DRAGON CROWN HOLDINGS,DRAGON CROWN (HK) TRADING LTD,CHINA (HONG KONG),TIANJIN,CHINA (MAINLAND)
2019,470329,ROYAL GOLDEN EAGLE,APRIL,BUATAN,RIAU,100,30611,ROYAL GOLDEN EAGLE,APRIL INTERNATIONAL ENTEPRISE PTE LTD,SINGAPORE,ANKLESHWAR,INDIA
2019,470329,ROYAL GOLDEN EAGLE,APRIL,BUATAN,RIAU,60,18377,ROYAL GOLDEN EAGLE,APRIL INTERNATIONAL ENTEPRISE PTE LTD,SINGAPORE,JAWAHARLAL NEHRU (NHAVA S,INDIA
2019,470329,ROYAL GOLDEN EAGLE,APRIL,BUATAN,RIAU,965,318358,ROYAL GOLDEN EAGLE,APRIL INTERNATIONAL ENTEPRISE PTE LTD,SINGAPORE,ZHAOQING,CHINA (MAINLAND)
2019,470329,ROYAL GOLDEN EAGLE,APRIL,BUATAN,RIAU,40,12256,ROYAL GOLDEN EAGLE,APRIL INTERNATIONAL ENTEPRISE PTE LTD,SINGAPORE,PIPAVAV (VICTOR) PORT,INDIA
2019,470329,SINAR MAS,OKI,SULTAN MAHMUD BADARUDDIN (U),SUMATERA SELATAN,4400,2376000,SINAR MAS,GOLDEN PROFIT TRADING PTE LTD,SINGAPORE,HAIPHONG,VIETNAM
2019,470329,ROYAL GOLDEN EAGLE,APRIL,BUATAN,RIAU,60,18390,ROYAL GOLDEN EAGLE,APRIL INTERNATIONAL ENTEPRISE PTE LTD,SINGAPORE,JAWAHARLAL NEHRU (NHAVA S,INDIA
2019,470329,ROYAL GOLDEN EAGLE,APRIL,BUATAN,RIAU,201,61199,ROYAL GOLDEN EAGLE,APRIL INTERNATIONAL ENTEPRISE PTE LTD,SINGAPORE,KATHUWAS ICD/ALWAR,INDIA
2019,470329,SINAR MAS,OKI,SULTAN MAHMUD BADARUDDIN (U),SUMATERA SELATAN,3000,1623000,UNKNOWN AFFILIATION,BRIGHTENING SKY CO LTD,CHINA (HONG KONG),CHANGSHU,CHINA (MAINLAND)
2019,470329,SINAR MAS,OKI,SULTAN MAHMUD BADARUDDIN (U),SUMATERA SELATAN,2800,1511135,DRAGON CROWN HOLDINGS,DRAGON CROWN (HK) TRADING LTD,CHINA (HONG KONG),TIANJIN,CHINA (MAINLAND)
2019,470329,SINAR MAS,OKI,SULTAN MAHMUD BADARUDDIN (U),SUMATERA SELATAN,500,269845,DRAGON CROWN HOLDINGS,DRAGON CROWN (HK) TRADING LTD,CHINA (HONG KONG),TIANJIN,CHINA (MAINLAND)
2019,470329,SINAR MAS,OKI,SULTAN MAHMUD BADARUDDIN (U),SUMATERA SELATAN,500,269845,DRAGON CROWN HOLDINGS,DRAGON CROWN (HK) TRADING LTD,CHINA (HONG KONG),TIANJIN,CHINA (MAINLAND)
2019,470329,ROYAL GOLDEN EAGLE,APRIL,FUTONG,RIAU,7323,2233399,ROYAL GOLDEN EAGLE,APRIL INTERNATIONAL ENTEPRISE PTE LTD,SINGAPORE,QINGDAO,CHINA (MAINLAND)
2019,470329,SINAR MAS,OKI,SULTAN MAHMUD BADARUDDIN (U),SUMATERA SELATAN,500,269845,DRAGON CROWN HOLDINGS,DRAGON CROWN (HK) TRADING LTD,CHINA (HONG KONG),TIANJIN,CHINA (MAINLAND)
2019,470329,ROYAL GOLDEN EAGLE,APRIL,BUATAN,RIAU,178,54273,ROYAL GOLDEN EAGLE,APRIL INTERNATIONAL ENTEPRISE PTE LTD,SINGAPORE,PIPAVAV (VICTOR) PORT,INDIA
2019,470329,ROYAL GOLDEN EAGLE,APRIL,BUATAN,RIAU,161,49138,ROYAL GOLDEN EAGLE,APRIL INTERNATIONAL ENTEPRISE PTE LTD,SINGAPORE,TUGLAKABAD,INDIA
2019,470329,ROYAL GOLDEN EAGLE,APRIL,BUATAN,RIAU,40,12258,ROYAL GOLDEN EAGLE,APRIL INTERNATIONAL ENTEPRISE PTE LTD,SINGAPORE,CHITTAGONG,BANGLADESH
2019,470329,ROYAL GOLDEN EAGLE,APRIL,BUATAN,RIAU,502,153119,ROYAL GOLDEN EAGLE,APRIL INTERNATIONAL ENTEPRISE PTE LTD,SINGAPORE,CHITTAGONG,BANGLADESH
2019,470329,ROYAL GOLDEN EAGLE,APRIL,BUATAN,RIAU,80,24482,ROYAL GOLDEN EAGLE,APRIL INTERNATIONAL ENTEPRISE PTE LTD,SINGAPORE,CHITTAGONG,BANGLADESH
2019,470329,ROYAL GOLDEN EAGLE,APRIL,BUATAN,RIAU,301,91912,ROYAL GOLDEN EAGLE,APRIL INTERNATIONAL ENTEPRISE PTE LTD,SINGAPORE,CHITTAGONG,BANGLADESH
2019,470329,ROYAL GOLDEN EAGLE,APRIL,BUATAN,RIAU,502,153024,ROYAL GOLDEN EAGLE,APRIL INTERNATIONAL ENTEPRISE PTE LTD,SINGAPORE,CHITTAGONG,BANGLADESH
2019,470329,SINAR MAS,LONTAR PAPYRUS,KUALA TUNGKAL,JAMBI,1003,555259,DRAGON CROWN HOLDINGS,DRAGON CROWN (HK) TRADING LTD,CHINA (HONG KONG),ZHANJIANG,CHINA (MAINLAND)
2019,470329,ROYAL GOLDEN EAGLE,APRIL,BUATAN,RIAU,201,61292,ROYAL GOLDEN EAGLE,APRIL INTERNATIONAL ENTEPRISE PTE LTD,SINGAPORE,CHITTAGONG,BANGLADESH
2019,470329,ROYAL GOLDEN EAGLE,APRIL,BUATAN,RIAU,602,198607,ROYAL GOLDEN EAGLE,APRIL INTERNATIONAL ENTEPRISE PTE LTD,SINGAPORE,NINGBO,CHINA (MAINLAND)
2019,470329,SINAR MAS,INDAH KIAT,PERAWANG,RIAU,1012,536765,DRAGON CROWN HOLDINGS,DRAGON CROWN (HK) TRADING LTD,CHINA (HONG KONG),CHENGDU,CHINA (MAINLAND)
2019,470329,MARUBENI,TANJUNG ENIM LESTARI,PANJANG,SUMATERA SELATAN,289,121263,MARUBENI,MARUBENI CORP,JAPAN,SHIMIZU,JAPAN
2019,470329,SINAR MAS,LONTAR PAPYRUS,KUALA TUNGKAL,JAMBI,1005,555888,DRAGON CROWN HOLDINGS,DRAGON CROWN (HK) TRADING LTD,CHINA (HONG KONG),ZHANJIANG,CHINA (MAINLAND)
2019,470329,SINAR MAS,LONTAR PAPYRUS,KUALA TUNGKAL,JAMBI,301,163922,SINAR MAS,GOLDEN PROFIT TRADING PTE LTD,SINGAPORE,MANILA SOUTH HARBOUR,PHILIPPINES
2019,470329,ROYAL GOLDEN EAGLE,APRIL,BUATAN,RIAU,402,132718,ROYAL GOLDEN EAGLE,APRIL INTERNATIONAL ENTEPRISE PTE LTD,SINGAPORE,CHITTAGONG,BANGLADESH
2019,470329,ROYAL GOLDEN EAGLE,APRIL,BUATAN,RIAU,502,153030,ROYAL GOLDEN EAGLE,APRIL INTERNATIONAL ENTEPRISE PTE LTD,SINGAPORE,CHITTAGONG,BANGLADESH
2019,470329,SINAR MAS,INDAH KIAT,PERAWANG,RIAU,500,266838,DRAGON CROWN HOLDINGS,DRAGON CROWN (HK) TRADING LTD,CHINA (HONG KONG),NINGBO,CHINA (MAINLAND)
2019,470329,SINAR MAS,LONTAR PAPYRUS,KUALA TUNGKAL,JAMBI,501,277500,SINAR MAS,GOLDEN PROFIT TRADING PTE LTD,SINGAPORE,PENANG (GEORGETOWN),MALAYSIA
2019,470329,ROYAL GOLDEN EAGLE,APRIL,BUATAN,RIAU,502,153126,ROYAL GOLDEN EAGLE,APRIL INTERNATIONAL ENTEPRISE PTE LTD,SINGAPORE,CHITTAGONG,BANGLADESH
2019,470329,SINAR MAS,LONTAR PAPYRUS,KUALA TUNGKAL,JAMBI,501,268733,SINAR MAS,GOLDEN PROFIT TRADING PTE LTD,SINGAPORE,CHITTAGONG,BANGLADESH
2019,470329,MARUBENI,TANJUNG ENIM LESTARI,TARAHAN,SUMATERA SELATAN,2048,791395,VINDA,VINDA PAPER (CHINA) CO LTD,CHINA (MAINLAND),NANSHA,CHINA (MAINLAND)
2019,470329,ROYAL GOLDEN EAGLE,APRIL,BUATAN,RIAU,502,152985,ROYAL GOLDEN EAGLE,APRIL INTERNATIONAL ENTEPRISE PTE LTD,SINGAPORE,CHITTAGONG,BANGLADESH
2019,470329,MARUBENI,TANJUNG ENIM LESTARI,PANJANG,SUMATERA SELATAN,54,22772,MARUBENI,MARUBENI CORP,JAPAN,SHIMIZU,JAPAN
2019,470329,MARUBENI,TANJUNG ENIM LESTARI,TARAHAN,SUMATERA SELATAN,668,257986,VINDA,VINDA PAPER (CHINA) CO LTD,CHINA (MAINLAND),NANSHA,CHINA (MAINLAND)
2019,470329,SINAR MAS,OKI,SULTAN MAHMUD BADARUDDIN (U),SUMATERA SELATAN,288,155824,DRAGON CROWN HOLDINGS,DRAGON CROWN (HK) TRADING LTD,CHINA (HONG KONG),JIUJIANG,CHINA (MAINLAND)
2019,470329,MARUBENI,TANJUNG ENIM LESTARI,TARAHAN,SUMATERA SELATAN,684,267546,VINDA,VINDA PAPER (SHANDONG) CO LTD,CHINA (MAINLAND),QINGDAO,CHINA (MAINLAND)
2019,470329,ROYAL GOLDEN EAGLE,APRIL,BUATAN,RIAU,503,153303,ROYAL GOLDEN EAGLE,APRIL INTERNATIONAL ENTEPRISE PTE LTD,SINGAPORE,CHITTAGONG,BANGLADESH
2019,470329,ROYAL GOLDEN EAGLE,APRIL,BUATAN,RIAU,161,49051,ROYAL GOLDEN EAGLE,APRIL INTERNATIONAL ENTEPRISE PTE LTD,SINGAPORE,CHITTAGONG,BANGLADESH
2019,470329,MARUBENI,TANJUNG ENIM LESTARI,PANJANG,SUMATERA SELATAN,19,8113,MARUBENI,MARUBENI CORP,JAPAN,OSAKA,JAPAN
2019,470329,MARUBENI,TANJUNG ENIM LESTARI,TARAHAN,SUMATERA SELATAN,2099,833726,UNKNOWN AFFILIATION,QINGDAO FREE TRADE SUPPLY CHAIN,CHINA (MAINLAND),QINGDAO,CHINA (MAINLAND)
2019,470329,SINAR MAS,OKI,SULTAN MAHMUD BADARUDDIN (U),SUMATERA SELATAN,624,339529,UNKNOWN AFFILIATION,BRIGHTENING SKY CO LTD,CHINA (HONG KONG),DALIAN,CHINA (MAINLAND)
2019,470329,MARUBENI,TANJUNG ENIM LESTARI,TARAHAN,SUMATERA SELATAN,2098,852640,JIANGHE PAPER,HENAN JIANGHE PAPER CO LTD,CHINA (MAINLAND),QINGDAO,CHINA (MAINLAND)
2019,470329,MARUBENI,TANJUNG ENIM LESTARI,PANJANG,SUMATERA SELATAN,193,81016,MARUBENI,MARUBENI CORP,JAPAN,SHIMIZU,JAPAN
2019,470329,MARUBENI,TANJUNG ENIM LESTARI,TARAHAN,SUMATERA SELATAN,2099,852728,JIANGHE PAPER,HENAN JIANGHE PAPER CO LTD,CHINA (MAINLAND),QINGDAO,CHINA (MAINLAND)
2019,470329,SINAR MAS,INDAH KIAT,PERAWANG,RIAU,500,266838,DRAGON CROWN HOLDINGS,DRAGON CROWN (HK) TRADING LTD,CHINA (HONG KONG),NINGBO,CHINA (MAINLAND)
2019,470329,ROYAL GOLDEN EAGLE,APRIL,BUATAN,RIAU,502,153116,ROYAL GOLDEN EAGLE,APRIL INTERNATIONAL ENTEPRISE PTE LTD,SINGAPORE,CHITTAGONG,BANGLADESH
2019,470329,SINAR MAS,OKI,SULTAN MAHMUD BADARUDDIN (U),SUMATERA SELATAN,2000,1079382,DRAGON CROWN HOLDINGS,DRAGON CROWN (HK) TRADING LTD,CHINA (HONG KONG),TIANJIN,CHINA (MAINLAND)
2019,470329,SINAR MAS,INDAH KIAT,PERAWANG,RIAU,3000,1615750,DRAGON CROWN HOLDINGS,DRAGON CROWN (HK) TRADING LTD,CHINA (HONG KONG),CHANGSHU,CHINA (MAINLAND)
2019,470329,SINAR MAS,OKI,SULTAN MAHMUD BADARUDDIN (U),SUMATERA SELATAN,500,269845,DRAGON CROWN HOLDINGS,DRAGON CROWN (HK) TRADING LTD,CHINA (HONG KONG),TIANJIN,CHINA (MAINLAND)
2019,470329,MARUBENI,TANJUNG ENIM LESTARI,PANJANG,SUMATERA SELATAN,596,260790,MARUBENI,MARUBENI CORP,JAPAN,IWAKUNI,JAPAN
2019,470329,SINAR MAS,INDAH KIAT,PERAWANG,RIAU,8500,4594250,SINAR MAS,GOLDEN PROFIT TRADING PTE LTD,SINGAPORE,DAGANG,CHINA (MAINLAND)
2019,470329,MARUBENI,TANJUNG ENIM LESTARI,PANJANG,SUMATERA SELATAN,588,257410,MARUBENI,MARUBENI CORP,JAPAN,IWAKUNI,JAPAN
2019,470329,SINAR MAS,INDAH KIAT,PERAWANG,RIAU,300,163519,SINAR MAS,GOLDEN PROFIT TRADING PTE LTD,SINGAPORE,CAT LAI,VIETNAM
2019,470329,SINAR MAS,OKI,SULTAN MAHMUD BADARUDDIN (U),SUMATERA SELATAN,264,143647,UNKNOWN AFFILIATION,BRIGHTENING SKY CO LTD,CHINA (HONG KONG),DALIAN,CHINA (MAINLAND)
2019,470329,ROYAL GOLDEN EAGLE,APRIL,FUTONG,RIAU,502,165817,ROYAL GOLDEN EAGLE,APRIL INTERNATIONAL ENTEPRISE PTE LTD,SINGAPORE,CHITTAGONG,BANGLADESH
2019,470329,SINAR MAS,INDAH KIAT,PERAWANG,RIAU,40,21329,SINAR MAS,GOLDEN PROFIT TRADING PTE LTD,SINGAPORE,KARACHI,PAKISTAN
2019,470329,ROYAL GOLDEN EAGLE,APRIL,BUATAN,RIAU,201,70324,ROYAL GOLDEN EAGLE,APRIL INTERNATIONAL ENTEPRISE PTE LTD,SINGAPORE,PIPAVAV (VICTOR) PORT,INDIA
2019,470329,SINAR MAS,INDAH KIAT,PERAWANG,RIAU,1500,813000,SINAR MAS,GOLDEN PROFIT TRADING PTE LTD,SINGAPORE,DAGANG,CHINA (MAINLAND)
2019,470329,ROYAL GOLDEN EAGLE,APRIL,BUATAN,RIAU,502,165796,ROYAL GOLDEN EAGLE,APRIL INTERNATIONAL ENTEPRISE PTE LTD,SINGAPORE,PUNE,INDIA
2019,470329,SINAR MAS,INDAH KIAT,PERAWANG,RIAU,500,271000,CHINA UNION,CHINA UNION (MACAO COMMERCIAL OFFSHORE) CO LTD,CHINA (MAINLAND),DAGANG,CHINA (MAINLAND)
2019,470329,SINAR MAS,INDAH KIAT,PERAWANG,RIAU,3700,2005400,SINAR MAS,GOLDEN PROFIT TRADING PTE LTD,SINGAPORE,DAGANG,CHINA (MAINLAND)
2019,470329,SINAR MAS,INDAH KIAT,PERAWANG,RIAU,4500,2439000,CHINA UNION,CHINA UNION (MACAO COMMERCIAL OFFSHORE) CO LTD,MACAO,DAGANG,CHINA (MAINLAND)
2019,470329,ROYAL GOLDEN EAGLE,APRIL,BUATAN,RIAU,100,30607,ROYAL GOLDEN EAGLE,APRIL INTERNATIONAL ENTEPRISE PTE LTD,SINGAPORE,ANKLESHWAR,INDIA
2019,470329,ROYAL GOLDEN EAGLE,APRIL,BUATAN,RIAU,1004,331458,ROYAL GOLDEN EAGLE,APRIL INTERNATIONAL ENTEPRISE PTE LTD,SINGAPORE,NINGBO,CHINA (MAINLAND)
2019,470329,ROYAL GOLDEN EAGLE,APRIL,BUATAN,RIAU,201,61221,ROYAL GOLDEN EAGLE,APRIL INTERNATIONAL ENTEPRISE PTE LTD,SINGAPORE,NAGPUR,INDIA
2019,470329,SINAR MAS,LONTAR PAPYRUS,KUALA TUNGKAL,JAMBI,502,271284,SINAR MAS,GOLDEN PROFIT TRADING PTE LTD,SINGAPORE,PIPAVAV (VICTOR) PORT,INDIA
2019,470329,SINAR MAS,LONTAR PAPYRUS,KUALA TUNGKAL,JAMBI,502,271653,SINAR MAS,GOLDEN PROFIT TRADING PTE LTD,SINGAPORE,PIPAVAV (VICTOR) PORT,INDIA
2019,470329,ROYAL GOLDEN EAGLE,APRIL,BUATAN,RIAU,402,132735,ROYAL GOLDEN EAGLE,APRIL INTERNATIONAL ENTEPRISE PTE LTD,SINGAPORE,CHITTAGONG,BANGLADESH
2019,470329,SINAR MAS,INDAH KIAT,PERAWANG,RIAU,1012,556738,SINAR MAS,GOLDEN PROFIT TRADING PTE LTD,SINGAPORE,DALIAN,CHINA (MAINLAND)
2019,470329,SINAR MAS,INDAH KIAT,PERAWANG,RIAU,1012,536765,DRAGON CROWN HOLDINGS,DRAGON CROWN (HK) TRADING LTD,CHINA (HONG KONG),CHONGQING,CHINA (MAINLAND)
2019,470329,SINAR MAS,LONTAR PAPYRUS,KUALA TUNGKAL,JAMBI,503,272008,SINAR MAS,GOLDEN PROFIT TRADING PTE LTD,SINGAPORE,PIPAVAV (VICTOR) PORT,INDIA
2019,470329,MARUBENI,TANJUNG ENIM LESTARI,PANJANG,SUMATERA SELATAN,192,78551,MARUBENI,MARUBENI CORP,JAPAN,TOMAKOMAI,JAPAN
2019,470329,SINAR MAS,LONTAR PAPYRUS,KUALA TUNGKAL,JAMBI,502,271270,SINAR MAS,GOLDEN PROFIT TRADING PTE LTD,SINGAPORE,PIPAVAV (VICTOR) PORT,INDIA
2019,470329,SINAR MAS,LONTAR PAPYRUS,KUALA TUNGKAL,JAMBI,502,273891,SINAR MAS,GOLDEN PROFIT TRADING PTE LTD,SINGAPORE,CHITTAGONG,BANGLADESH
2019,470329,MARUBENI,TANJUNG ENIM LESTARI,PANJANG,SUMATERA SELATAN,191,85765,SAIGON,SAIGON PAPER CORP,VIETNAM,CAT LAI,VIETNAM
2019,470329,MARUBENI,TANJUNG ENIM LESTARI,PANJANG,SUMATERA SELATAN,106,50374,ANKIT,ANKIT PULPS AND BOARDS PVT LTD,INDIA,NAGPUR,INDIA
2019,470329,SINAR MAS,LONTAR PAPYRUS,KUALA TUNGKAL,JAMBI,1004,535899,SINAR MAS,GOLDEN PROFIT TRADING PTE LTD,SINGAPORE,KARACHI,PAKISTAN
2019,470329,MARUBENI,TANJUNG ENIM LESTARI,PANJANG,SUMATERA SELATAN,105,45087,UNKNOWN AFFILIATION,NB ENTREPRENEURS,INDIA,NAGPUR,INDIA
2019,470329,ROYAL GOLDEN EAGLE,APRIL,BUATAN,RIAU,60,18331,ROYAL GOLDEN EAGLE,APRIL INTERNATIONAL ENTEPRISE PTE LTD,SINGAPORE,JAWAHARLAL NEHRU (NHAVA S,INDIA
2019,470329,MARUBENI,TANJUNG ENIM LESTARI,PANJANG,SUMATERA SELATAN,512,213363,UNKNOWN AFFILIATION,PUDUMJEE PAPER PRODUCTS LTD,INDIA,JAWAHARLAL NEHRU (NHAVA S,INDIA
2019,470329,MARUBENI,TANJUNG ENIM LESTARI,PANJANG,SUMATERA SELATAN,105,42562,UNKNOWN AFFILIATION,VECHEM ORGANICS PVT LTD,INDIA,REWARI,INDIA
2019,470329,ROYAL GOLDEN EAGLE,APRIL,BUATAN,RIAU,101,30685,ROYAL GOLDEN EAGLE,APRIL INTERNATIONAL ENTEPRISE PTE LTD,SINGAPORE,BANGKOK,THAILAND
2019,470329,ROYAL GOLDEN EAGLE,APRIL,BUATAN,RIAU,502,153130,ROYAL GOLDEN EAGLE,APRIL INTERNATIONAL ENTEPRISE PTE LTD,SINGAPORE,HAIPHONG,VIETNAM
2019,470329,ROYAL GOLDEN EAGLE,APRIL,BUATAN,RIAU,301,99487,ROYAL GOLDEN EAGLE,APRIL INTERNATIONAL ENTEPRISE PTE LTD,SINGAPORE,BANGKOK,THAILAND
2019,470329,ROYAL GOLDEN EAGLE,APRIL,BUATAN,RIAU,502,153061,ROYAL GOLDEN EAGLE,APRIL INTERNATIONAL ENTEPRISE PTE LTD,SINGAPORE,CHITTAGONG,BANGLADESH
2019,470329,SINAR MAS,INDAH KIAT,PERAWANG,RIAU,500,262281,SINAR MAS,GOLDEN PROFIT TRADING PTE LTD,SINGAPORE,AD DAMMAM,SAUDI ARABIA
2019,470329,ROYAL GOLDEN EAGLE,APRIL,BUATAN,RIAU,201,61408,ROYAL GOLDEN EAGLE,APRIL INTERNATIONAL ENTEPRISE PTE LTD,SINGAPORE,BANGKOK,THAILAND
2019,470329,SINAR MAS,INDAH KIAT,PERAWANG,RIAU,1000,524562,SINAR MAS,GOLDEN PROFIT TRADING PTE LTD,SINGAPORE,AD DAMMAM,SAUDI ARABIA
2019,470329,SINAR MAS,INDAH KIAT,PERAWANG,RIAU,500,273982,SINAR MAS,GOLDEN PROFIT TRADING PTE LTD,SINGAPORE,MELBOURNE,AUSTRALIA
2019,470329,SINAR MAS,INDAH KIAT,PERAWANG,RIAU,500,275752,SINAR MAS,GOLDEN PROFIT TRADING PTE LTD,SINGAPORE,PIPAVAV (VICTOR) PORT,INDIA
2019,470329,SINAR MAS,INDAH KIAT,PERAWANG,RIAU,1012,536765,DRAGON CROWN HOLDINGS,DRAGON CROWN (HK) TRADING LTD,CHINA (HONG KONG),CHONGQING,CHINA (MAINLAND)
2019,470329,ROYAL GOLDEN EAGLE,APRIL,FUTONG,RIAU,2864,882289,ROYAL GOLDEN EAGLE,APRIL FAR EAST MALAYSIA SDN BHD,MALAYSIA,PYONGTAEK,SOUTH KOREA
2019,470329,SINAR MAS,INDAH KIAT,PERAWANG,RIAU,500,275752,SINAR MAS,GOLDEN PROFIT TRADING PTE LTD,SINGAPORE,PIPAVAV (VICTOR) PORT,INDIA
2019,470329,SINAR MAS,OKI,SULTAN MAHMUD BADARUDDIN (U),SUMATERA SELATAN,1500,811500,UNKNOWN AFFILIATION,BRIGHTENING SKY CO LTD,CHINA (HONG KONG),ZHENJIANG,CHINA (MAINLAND)
2019,470329,SINAR MAS,OKI,SULTAN MAHMUD BADARUDDIN (U),SUMATERA SELATAN,10000,5410000,UNKNOWN AFFILIATION,FREELAND UNIVERSAL LTD,CHINA (HONG KONG),ZHENJIANG,CHINA (MAINLAND)
2019,470329,SINAR MAS,OKI,SULTAN MAHMUD BADARUDDIN (U),SUMATERA SELATAN,4000,2164000,UNKNOWN AFFILIATION,FREELAND UNIVERSAL LTD,CHINA (HONG KONG),NINGBO,CHINA (MAINLAND)
2019,470329,ROYAL GOLDEN EAGLE,APRIL,BUATAN,RIAU,1004,306371,ROYAL GOLDEN EAGLE,APRIL INTERNATIONAL ENTEPRISE PTE LTD,SINGAPORE,NINGBO,CHINA (MAINLAND)
2019,470329,SINAR MAS,INDAH KIAT,PERAWANG,RIAU,500,272531,SINAR MAS,GOLDEN PROFIT TRADING PTE LTD,SINGAPORE,CAT LAI,VIETNAM
2019,470329,ROYAL GOLDEN EAGLE,APRIL,BUATAN,RIAU,338,102997,ROYAL GOLDEN EAGLE,APRIL INTERNATIONAL ENTEPRISE PTE LTD,SINGAPORE,EL ISKANDARIYA (= ALEXAND,EGYPT
2019,470329,ROYAL GOLDEN EAGLE,APRIL,FUTONG,RIAU,6079,1854241,ROYAL GOLDEN EAGLE,APRIL FAR EAST MALAYSIA SDN BHD,MALAYSIA,GUNSAN (ES KUNSAN),SOUTH KOREA
2019,470329,SINAR MAS,INDAH KIAT,PERAWANG,RIAU,1012,556266,SINAR MAS,GOLDEN PROFIT TRADING PTE LTD,SINGAPORE,DALIAN,CHINA (MAINLAND)
2019,470329,SINAR MAS,OKI,SULTAN MAHMUD BADARUDDIN (U),SUMATERA SELATAN,8500,4594250,UNKNOWN AFFILIATION,BRIGHTENING SKY CO LTD,CHINA (HONG KONG),ZHENJIANG,CHINA (MAINLAND)
2019,470329,ROYAL GOLDEN EAGLE,APRIL,BUATAN,RIAU,502,153183,ROYAL GOLDEN EAGLE,APRIL INTERNATIONAL ENTEPRISE PTE LTD,SINGAPORE,CHITTAGONG,BANGLADESH
2019,470329,SINAR MAS,LONTAR PAPYRUS,KUALA TUNGKAL,JAMBI,1003,555048,DRAGON CROWN HOLDINGS,DRAGON CROWN (HK) TRADING LTD,CHINA (HONG KONG),ZHANJIANG,CHINA (MAINLAND)
2019,470329,SINAR MAS,OKI,SULTAN MAHMUD BADARUDDIN (U),SUMATERA SELATAN,480,258978,DRAGON CROWN HOLDINGS,DRAGON CROWN (HK) TRADING LTD,CHINA (HONG KONG),YUNFU,CHINA (MAINLAND)
2019,470329,SINAR MAS,OKI,SULTAN MAHMUD BADARUDDIN (U),SUMATERA SELATAN,1200,648600,UNKNOWN AFFILIATION,BRIGHTENING SKY CO LTD,CHINA (HONG KONG),ZHENJIANG,CHINA (MAINLAND)
2019,470329,SINAR MAS,OKI,SULTAN MAHMUD BADARUDDIN (U),SUMATERA SELATAN,624,339202,DRAGON CROWN HOLDINGS,DRAGON CROWN (HK) TRADING LTD,CHINA (HONG KONG),NINGBO,CHINA (MAINLAND)
2019,470329,SINAR MAS,OKI,SULTAN MAHMUD BADARUDDIN (U),SUMATERA SELATAN,3920,2118760,UNKNOWN AFFILIATION,FREELAND UNIVERSAL LTD,CHINA (HONG KONG),NINGBO,CHINA (MAINLAND)
2019,470329,SINAR MAS,LONTAR PAPYRUS,KUALA TUNGKAL,JAMBI,402,215641,SINAR MAS,GOLDEN PROFIT TRADING PTE LTD,SINGAPORE,CHITTAGONG,BANGLADESH
2019,470329,SINAR MAS,LONTAR PAPYRUS,KUALA TUNGKAL,JAMBI,1003,554988,DRAGON CROWN HOLDINGS,DRAGON CROWN (HK) TRADING LTD,CHINA (HONG KONG),ZHANJIANG,CHINA (MAINLAND)
2019,470329,SINAR MAS,OKI,SULTAN MAHMUD BADARUDDIN (U),SUMATERA SELATAN,480,262459,DRAGON CROWN HOLDINGS,DRAGON CROWN (HK) TRADING LTD,CHINA (HONG KONG),WUHAN,CHINA (MAINLAND)
2019,470329,SINAR MAS,LONTAR PAPYRUS,KUALA TUNGKAL,JAMBI,302,165762,SINAR MAS,GOLDEN PROFIT TRADING PTE LTD,SINGAPORE,CAT LAI,VIETNAM
2019,470329,SINAR MAS,LONTAR PAPYRUS,KUALA TUNGKAL,JAMBI,502,268952,SINAR MAS,GOLDEN PROFIT TRADING PTE LTD,SINGAPORE,CHITTAGONG,BANGLADESH
2019,470329,SINAR MAS,INDAH KIAT,PERAWANG,RIAU,500,275752,SINAR MAS,GOLDEN PROFIT TRADING PTE LTD,SINGAPORE,PIPAVAV (VICTOR) PORT,INDIA
2019,470329,MARUBENI,TANJUNG ENIM LESTARI,TARAHAN,SUMATERA SELATAN,2039,795202,CHINATEX CORP,CHINATEX RAW MATERIALS IMPORT AND EXPORT,CHINA (MAINLAND),XINGANG,CHINA (MAINLAND)
2019,470329,MARUBENI,TANJUNG ENIM LESTARI,PANJANG,SUMATERA SELATAN,105,42593,UNKNOWN AFFILIATION,VECHEM ORGANICS PVT LTD,INDIA,REWARI,INDIA
2019,470329,SINAR MAS,OKI,SULTAN MAHMUD BADARUDDIN (U),SUMATERA SELATAN,950,513950,UNKNOWN AFFILIATION,FREELAND UNIVERSAL LTD,CHINA (HONG KONG),SHANGHAI,CHINA (MAINLAND)
2019,470329,MARUBENI,TANJUNG ENIM LESTARI,TARAHAN,SUMATERA SELATAN,510,198769,WHYWIN,ANHUI TIME TECHNOLOGY CO LTD,CHINA (MAINLAND),XINGANG,CHINA (MAINLAND)
2019,470329,ROYAL GOLDEN EAGLE,APRIL,BUATAN,RIAU,139,42292,ROYAL GOLDEN EAGLE,APRIL INTERNATIONAL ENTEPRISE PTE LTD,SINGAPORE,EL ISKANDARIYA (= ALEXAND,EGYPT
2019,470329,MARUBENI,TANJUNG ENIM LESTARI,TARAHAN,SUMATERA SELATAN,2400,1012726,NIPPON PAPER,NIPPON PAPER INDUSTRIES CO LTD,JAPAN,IYOMISHIMA,JAPAN
2019,470329,MARUBENI,TANJUNG ENIM LESTARI,PANJANG,SUMATERA SELATAN,105,44952,UNKNOWN AFFILIATION,NB ENTREPRENEURS,INDIA,NAGPUR,INDIA
2019,470329,SINAR MAS,INDAH KIAT,PERAWANG,RIAU,500,266838,DRAGON CROWN HOLDINGS,DRAGON CROWN (HK) TRADING LTD,CHINA (HONG KONG),NINGBO,CHINA (MAINLAND)
2019,470329,MARUBENI,TANJUNG ENIM LESTARI,TARAHAN,SUMATERA SELATAN,509,195236,VINDA,VINDA PAPER NORTH (BEIJING) CO LTD,CHINA (MAINLAND),XINGANG,CHINA (MAINLAND)
2019,470329,SINAR MAS,INDAH KIAT,PERAWANG,RIAU,500,275752,SINAR MAS,GOLDEN PROFIT TRADING PTE LTD,SINGAPORE,PIPAVAV (VICTOR) PORT,INDIA
2019,470329,SINAR MAS,OKI,SULTAN MAHMUD BADARUDDIN (U),SUMATERA SELATAN,2000,1082000,UNKNOWN AFFILIATION,FREELAND UNIVERSAL LTD,CHINA (HONG KONG),SHANGHAI,CHINA (MAINLAND)
2019,470329,ROYAL GOLDEN EAGLE,APRIL,BUATAN,RIAU,357,109027,ROYAL GOLDEN EAGLE,APRIL INTERNATIONAL ENTEPRISE PTE LTD,SINGAPORE,EL ISKANDARIYA (= ALEXAND,EGYPT
2019,470329,SINAR MAS,OKI,SULTAN MAHMUD BADARUDDIN (U),SUMATERA SELATAN,384,208941,UNKNOWN AFFILIATION,BRIGHTENING SKY CO LTD,CHINA (HONG KONG),DALIAN,CHINA (MAINLAND)
2019,470329,SINAR MAS,INDAH KIAT,PERAWANG,RIAU,120,66042,SINAR MAS,GOLDEN PROFIT TRADING PTE LTD,SINGAPORE,CHITTAGONG,BANGLADESH
2019,470329,SINAR MAS,OKI,SULTAN MAHMUD BADARUDDIN (U),SUMATERA SELATAN,4030,2180230,UNKNOWN AFFILIATION,BRIGHTENING SKY CO LTD,CHINA (HONG KONG),SHANGHAI,CHINA (MAINLAND)
2019,470329,MARUBENI,TANJUNG ENIM LESTARI,TARAHAN,SUMATERA SELATAN,201,82688,MARUBENI,MARUBENI CORP,JAPAN,IYOMISHIMA,JAPAN
2019,470329,MARUBENI,TANJUNG ENIM LESTARI,TARAHAN,SUMATERA SELATAN,1020,397747,WHYWIN,ANHUI TIME TECHNOLOGY CO LTD,CHINA (MAINLAND),XINGANG,CHINA (MAINLAND)
2019,470329,SINAR MAS,INDAH KIAT,PERAWANG,RIAU,500,275752,SINAR MAS,GOLDEN PROFIT TRADING PTE LTD,SINGAPORE,PIPAVAV (VICTOR) PORT,INDIA
2019,470329,SINAR MAS,INDAH KIAT,PERAWANG,RIAU,308,171020,SINAR MAS,GOLDEN PROFIT TRADING PTE LTD,SINGAPORE,KAOHSIUNG,TAIWAN
2019,470329,MARUBENI,TANJUNG ENIM LESTARI,TARAHAN,SUMATERA SELATAN,3059,1193337,CHINATEX CORP,CHINATEX RAW MATERIALS IMPORT AND EXPORT,CHINA (MAINLAND),XINGANG,CHINA (MAINLAND)
2019,470329,SINAR MAS,LONTAR PAPYRUS,KUALA TUNGKAL,JAMBI,701,374376,SINAR MAS,GOLDEN PROFIT TRADING PTE LTD,SINGAPORE,PENANG (GEORGETOWN),MALAYSIA
2019,470329,SINAR MAS,LONTAR PAPYRUS,KUALA TUNGKAL,JAMBI,1002,554512,DRAGON CROWN HOLDINGS,DRAGON CROWN (HK) TRADING LTD,CHINA (HONG KONG),ZHANJIANG,CHINA (MAINLAND)
2019,470329,SINAR MAS,INDAH KIAT,PERAWANG,RIAU,990,544635,SINAR MAS,GOLDEN PROFIT TRADING PTE LTD,SINGAPORE,DALIAN,CHINA (MAINLAND)
2019,470329,ROYAL GOLDEN EAGLE,APRIL,BUATAN,RIAU,1005,306453,ROYAL GOLDEN EAGLE,APRIL INTERNATIONAL ENTEPRISE PTE LTD,SINGAPORE,JIUJIANG,CHINA (MAINLAND)
2019,470329,ROYAL GOLDEN EAGLE,APRIL,FUTONG,RIAU,502,153081,ROYAL GOLDEN EAGLE,APRIL INTERNATIONAL ENTEPRISE PTE LTD,SINGAPORE,PUNE,INDIA
2019,470329,SINAR MAS,LONTAR PAPYRUS,KUALA TUNGKAL,JAMBI,302,165700,SINAR MAS,GOLDEN PROFIT TRADING PTE LTD,SINGAPORE,CAT LAI,VIETNAM
2019,470329,SINAR MAS,LONTAR PAPYRUS,KUALA TUNGKAL,JAMBI,502,269057,SINAR MAS,GOLDEN PROFIT TRADING PTE LTD,SINGAPORE,CHITTAGONG,BANGLADESH
2019,470329,MARUBENI,TANJUNG ENIM LESTARI,PANJANG,SUMATERA SELATAN,456,187198,VINDA,VINDA PERSONAL CARE (CHINA) LTD,CHINA (MAINLAND),WUHAN,CHINA (MAINLAND)
2019,470329,SINAR MAS,LONTAR PAPYRUS,KUALA TUNGKAL,JAMBI,1003,555238,DRAGON CROWN HOLDINGS,DRAGON CROWN (HK) TRADING LTD,CHINA (HONG KONG),ZHANJIANG,CHINA (MAINLAND)
2019,470329,ROYAL GOLDEN EAGLE,APRIL,BUATAN,RIAU,501,152749,ROYAL GOLDEN EAGLE,APRIL INTERNATIONAL ENTEPRISE PTE LTD,SINGAPORE,CHITTAGONG,BANGLADESH
2019,470329,ROYAL GOLDEN EAGLE,APRIL,BUATAN,RIAU,80,24513,ROYAL GOLDEN EAGLE,APRIL INTERNATIONAL ENTEPRISE PTE LTD,SINGAPORE,CHITTAGONG,BANGLADESH
2019,470329,ROYAL GOLDEN EAGLE,APRIL,BUATAN,RIAU,201,61264,ROYAL GOLDEN EAGLE,APRIL INTERNATIONAL ENTEPRISE PTE LTD,SINGAPORE,PIPAVAV (VICTOR) PORT,INDIA
2019,470329,ROYAL GOLDEN EAGLE,APRIL,BUATAN,RIAU,501,152774,ROYAL GOLDEN EAGLE,APRIL INTERNATIONAL ENTEPRISE PTE LTD,SINGAPORE,CHITTAGONG,BANGLADESH
2019,470329,ROYAL GOLDEN EAGLE,APRIL,BUATAN,RIAU,200,61062,ROYAL GOLDEN EAGLE,APRIL INTERNATIONAL ENTEPRISE PTE LTD,SINGAPORE,KATHUWAS ICD/ALWAR,INDIA
2019,470329,ROYAL GOLDEN EAGLE,APRIL,BUATAN,RIAU,201,61387,ROYAL GOLDEN EAGLE,APRIL INTERNATIONAL ENTEPRISE PTE LTD,SINGAPORE,CHITTAGONG,BANGLADESH
2019,470329,ROYAL GOLDEN EAGLE,APRIL,BUATAN,RIAU,1003,306028,ROYAL GOLDEN EAGLE,APRIL INTERNATIONAL ENTEPRISE PTE LTD,SINGAPORE,JIUJIANG,CHINA (MAINLAND)
2019,470329,SINAR MAS,INDAH KIAT,PERAWANG,RIAU,4000,2155764,DRAGON CROWN HOLDINGS,DRAGON CROWN (HK) TRADING LTD,CHINA (HONG KONG),QINGDAO,CHINA (MAINLAND)
2019,470329,SINAR MAS,OKI,SULTAN MAHMUD BADARUDDIN (U),SUMATERA SELATAN,400,216200,UNKNOWN AFFILIATION,FREELAND UNIVERSAL LTD,CHINA (HONG KONG),CHANGSHU,CHINA (MAINLAND)
2019,470329,ROYAL GOLDEN EAGLE,APRIL,FUTONG,RIAU,2309,704375,ROYAL GOLDEN EAGLE,APRIL INTERNATIONAL ENTEPRISE PTE LTD,SINGAPORE,IYOMISHIMA,JAPAN
2019,470329,SINAR MAS,INDAH KIAT,PERAWANG,RIAU,2000,1077882,DRAGON CROWN HOLDINGS,DRAGON CROWN (HK) TRADING LTD,CHINA (HONG KONG),QINGDAO,CHINA (MAINLAND)
2019,470329,ROYAL GOLDEN EAGLE,APRIL,FUTONG,RIAU,4016,1224956,ROYAL GOLDEN EAGLE,APRIL INTERNATIONAL ENTEPRISE PTE LTD,SINGAPORE,NINGBO,CHINA (MAINLAND)
2019,470329,ROYAL GOLDEN EAGLE,APRIL,BUATAN,RIAU,379,115661,ROYAL GOLDEN EAGLE,APRIL INTERNATIONAL ENTEPRISE PTE LTD,SINGAPORE,PIPAVAV (VICTOR) PORT,INDIA
2019,470329,ROYAL GOLDEN EAGLE,APRIL,BUATAN,RIAU,297,90669,ROYAL GOLDEN EAGLE,APRIL INTERNATIONAL ENTEPRISE PTE LTD,SINGAPORE,EL ISKANDARIYA (= ALEXAND,EGYPT
2019,470329,SINAR MAS,INDAH KIAT,PERAWANG,RIAU,1000,538941,DRAGON CROWN HOLDINGS,DRAGON CROWN (HK) TRADING LTD,CHINA (HONG KONG),QINGDAO,CHINA (MAINLAND)
2019,470329,SINAR MAS,OKI,SULTAN MAHMUD BADARUDDIN (U),SUMATERA SELATAN,1000,540500,CHINA UNION,CHINA UNION (MACAO COMMERCIAL OFFSHORE) CO LTD,MACAO,CHANGSHU,CHINA (MAINLAND)
2019,470329,SINAR MAS,OKI,SULTAN MAHMUD BADARUDDIN (U),SUMATERA SELATAN,7800,4215900,UNKNOWN AFFILIATION,BRIGHTENING SKY CO LTD,CHINA (HONG KONG),ZHENJIANG,CHINA (MAINLAND)
2019,470329,SINAR MAS,OKI,SULTAN MAHMUD BADARUDDIN (U),SUMATERA SELATAN,544,298520,UNKNOWN AFFILIATION,BRIGHTENING SKY CO LTD,CHINA (HONG KONG),DALIAN,CHINA (MAINLAND)
2019,470329,SINAR MAS,OKI,SULTAN MAHMUD BADARUDDIN (U),SUMATERA SELATAN,1200,648600,CHINA UNION,CHINA UNION (MACAO COMMERCIAL OFFSHORE) CO LTD,MACAO,ZHENJIANG,CHINA (MAINLAND)
2019,470329,SINAR MAS,OKI,SULTAN MAHMUD BADARUDDIN (U),SUMATERA SELATAN,600,324300,UNKNOWN AFFILIATION,BRIGHTENING SKY CO LTD,CHINA (HONG KONG),CHANGSHU,CHINA (MAINLAND)
2019,470329,ROYAL GOLDEN EAGLE,APRIL,FUTONG,RIAU,5023,1532010,ROYAL GOLDEN EAGLE,APRIL INTERNATIONAL ENTEPRISE PTE LTD,SINGAPORE,ZHANJIANG,CHINA (MAINLAND)
2019,470329,ROYAL GOLDEN EAGLE,APRIL,BUATAN,RIAU,40,12278,ROYAL GOLDEN EAGLE,APRIL INTERNATIONAL ENTEPRISE PTE LTD,SINGAPORE,BANGKOK,THAILAND
2019,470329,ROYAL GOLDEN EAGLE,APRIL,FUTONG,RIAU,2080,634365,ROYAL GOLDEN EAGLE,APRIL INTERNATIONAL ENTEPRISE PTE LTD,SINGAPORE,NANSHA,CHINA (MAINLAND)
2019,470329,SINAR MAS,OKI,SULTAN MAHMUD BADARUDDIN (U),SUMATERA SELATAN,1000,540500,UNKNOWN AFFILIATION,BRIGHTENING SKY CO LTD,CHINA (HONG KONG),CHANGSHU,CHINA (MAINLAND)
2019,470329,ROYAL GOLDEN EAGLE,APRIL,FUTONG,RIAU,8535,2603145,ROYAL GOLDEN EAGLE,APRIL INTERNATIONAL ENTEPRISE PTE LTD,SINGAPORE,CHANGSHU,CHINA (MAINLAND)
2019,470329,SINAR MAS,INDAH KIAT,PERAWANG,RIAU,3600,1945800,SINAR MAS,GOLDEN PROFIT TRADING PTE LTD,SINGAPORE,DAGANG,CHINA (MAINLAND)
2019,470329,ROYAL GOLDEN EAGLE,APRIL,BUATAN,RIAU,1001,305165,ROYAL GOLDEN EAGLE,APRIL INTERNATIONAL ENTEPRISE PTE LTD,SINGAPORE,SHANGHAI,CHINA (MAINLAND)
2019,470329,ROYAL GOLDEN EAGLE,APRIL,BUATAN,RIAU,60,18365,ROYAL GOLDEN EAGLE,APRIL INTERNATIONAL ENTEPRISE PTE LTD,SINGAPORE,JAWAHARLAL NEHRU (NHAVA S,INDIA
2019,470329,ROYAL GOLDEN EAGLE,APRIL,BUATAN,RIAU,498,151832,ROYAL GOLDEN EAGLE,APRIL INTERNATIONAL ENTEPRISE PTE LTD,SINGAPORE,CHITTAGONG,BANGLADESH
2019,470329,ROYAL GOLDEN EAGLE,APRIL,BUATAN,RIAU,159,48477,ROYAL GOLDEN EAGLE,APRIL INTERNATIONAL ENTEPRISE PTE LTD,SINGAPORE,EL ISKANDARIYA (= ALEXAND,EGYPT
2019,470329,SINAR MAS,OKI,SULTAN MAHMUD BADARUDDIN (U),SUMATERA SELATAN,704,382690,DRAGON CROWN HOLDINGS,DRAGON CROWN (HK) TRADING LTD,CHINA (HONG KONG),NINGBO,CHINA (MAINLAND)
2019,470329,SINAR MAS,OKI,SULTAN MAHMUD BADARUDDIN (U),SUMATERA SELATAN,3850,2154075,CHINA UNION,CHINA UNION (MACAO COMMERCIAL OFFSHORE) CO LTD,MACAO,SHANGHAI,CHINA (MAINLAND)
2019,470329,SINAR MAS,OKI,SULTAN MAHMUD BADARUDDIN (U),SUMATERA SELATAN,840,456832,DRAGON CROWN HOLDINGS,DRAGON CROWN (HK) TRADING LTD,CHINA (HONG KONG),NINGBO,CHINA (MAINLAND)
2019,470329,SINAR MAS,OKI,SULTAN MAHMUD BADARUDDIN (U),SUMATERA SELATAN,1600,895200,CHINA UNION,CHINA UNION (MACAO COMMERCIAL OFFSHORE) CO LTD,MACAO,SHANGHAI,CHINA (MAINLAND)
2019,470329,SINAR MAS,LONTAR PAPYRUS,KUALA TUNGKAL,JAMBI,402,219553,SINAR MAS,GOLDEN PROFIT TRADING PTE LTD,SINGAPORE,CHITTAGONG,BANGLADESH
2019,470329,SINAR MAS,INDAH KIAT,PERAWANG,RIAU,500,273982,SINAR MAS,GOLDEN PROFIT TRADING PTE LTD,SINGAPORE,MELBOURNE,AUSTRALIA
2019,470329,SINAR MAS,LONTAR PAPYRUS,KUALA TUNGKAL,JAMBI,241,130171,SINAR MAS,GOLDEN PROFIT TRADING PTE LTD,SINGAPORE,PIPAVAV (VICTOR) PORT,INDIA
2019,470329,SINAR MAS,OKI,SULTAN MAHMUD BADARUDDIN (U),SUMATERA SELATAN,1000,539191,DRAGON CROWN HOLDINGS,DRAGON CROWN (HK) TRADING LTD,CHINA (HONG KONG),QINGDAO,CHINA (MAINLAND)
2019,470329,SINAR MAS,INDAH KIAT,PERAWANG,RIAU,500,275752,SINAR MAS,GOLDEN PROFIT TRADING PTE LTD,SINGAPORE,PIPAVAV (VICTOR) PORT,INDIA
2019,470329,SINAR MAS,OKI,SULTAN MAHMUD BADARUDDIN (U),SUMATERA SELATAN,1000,539191,DRAGON CROWN HOLDINGS,DRAGON CROWN (HK) TRADING LTD,CHINA (HONG KONG),QINGDAO,CHINA (MAINLAND)
2019,470329,SINAR MAS,OKI,SULTAN MAHMUD BADARUDDIN (U),SUMATERA SELATAN,480,261047,DRAGON CROWN HOLDINGS,DRAGON CROWN (HK) TRADING LTD,CHINA (HONG KONG),NINGBO,CHINA (MAINLAND)
2019,470329,SINAR MAS,OKI,SULTAN MAHMUD BADARUDDIN (U),SUMATERA SELATAN,2550,1375725,UNKNOWN AFFILIATION,BRIGHTENING SKY CO LTD,CHINA (HONG KONG),SHANGHAI,CHINA (MAINLAND)
2019,470329,ROYAL GOLDEN EAGLE,APRIL,BUATAN,RIAU,1004,306108,ROYAL GOLDEN EAGLE,APRIL INTERNATIONAL ENTEPRISE PTE LTD,SINGAPORE,NINGBO,CHINA (MAINLAND)
2019,470329,SINAR MAS,OKI,SULTAN MAHMUD BADARUDDIN (U),SUMATERA SELATAN,160,86656,DRAGON CROWN HOLDINGS,DRAGON CROWN (HK) TRADING LTD,CHINA (HONG KONG),YUNFU,CHINA (MAINLAND)
2019,470329,SINAR MAS,LONTAR PAPYRUS,KUALA TUNGKAL,JAMBI,1004,546945,DRAGON CROWN HOLDINGS,DRAGON CROWN (HK) TRADING LTD,CHINA (HONG KONG),ZHANJIANG,CHINA (MAINLAND)
2019,470329,ROYAL GOLDEN EAGLE,APRIL,BUATAN,RIAU,60,18370,ROYAL GOLDEN EAGLE,APRIL INTERNATIONAL ENTEPRISE PTE LTD,SINGAPORE,JAWAHARLAL NEHRU (NHAVA S,INDIA
2019,470329,ROYAL GOLDEN EAGLE,APRIL,BUATAN,RIAU,402,122626,ROYAL GOLDEN EAGLE,APRIL INTERNATIONAL ENTEPRISE PTE LTD,SINGAPORE,BANGKOK,THAILAND
2019,470329,ROYAL GOLDEN EAGLE,APRIL,FUTONG,RIAU,5022,1531699,ROYAL GOLDEN EAGLE,APRIL FAR EAST MALAYSIA SDN BHD,MALAYSIA,XINHUI,CHINA (MAINLAND)
2019,470329,MARUBENI,TANJUNG ENIM LESTARI,PANJANG,SUMATERA SELATAN,298,128220,UNKNOWN AFFILIATION,NIBONG TEBAL PAPER MILL SDN BHD,MALAYSIA,PENANG (GEORGETOWN),MALAYSIA
2019,470329,MARUBENI,TANJUNG ENIM LESTARI,PANJANG,SUMATERA SELATAN,102,45131,UNKNOWN AFFILIATION,TEPPATANA PAPER MILL CO LTD,THAILAND,LAT KRABANG,THAILAND
2019,470329,ROYAL GOLDEN EAGLE,TOBA PULP LESTARI,BELAWAN,SUMATERA UTARA,397,159464,ROYAL GOLDEN EAGLE,DP MARKETING INTERNATIONAL,MACAO,CALCUTTA,INDIA
2019,470329,SINAR MAS,OKI,SULTAN MAHMUD BADARUDDIN (U),SUMATERA SELATAN,512,282492,DRAGON CROWN HOLDINGS,DRAGON CROWN (HK) TRADING LTD,CHINA (HONG KONG),WUHAN,CHINA (MAINLAND)
2019,470329,ROYAL GOLDEN EAGLE,APRIL,BUATAN,RIAU,1004,306267,ROYAL GOLDEN EAGLE,APRIL INTERNATIONAL ENTEPRISE PTE LTD,SINGAPORE,JIUJIANG,CHINA (MAINLAND)
2019,470329,ROYAL GOLDEN EAGLE,APRIL,BUATAN,RIAU,159,48574,ROYAL GOLDEN EAGLE,APRIL INTERNATIONAL ENTEPRISE PTE LTD,SINGAPORE,TUTICORIN,INDIA
2019,470329,ROYAL GOLDEN EAGLE,APRIL,FUTONG,RIAU,1998,609356,ROYAL GOLDEN EAGLE,APRIL INTERNATIONAL ENTEPRISE PTE LTD,SINGAPORE,XIAMEN,CHINA (MAINLAND)
2019,470329,SINAR MAS,LONTAR PAPYRUS,KUALA TUNGKAL,JAMBI,1004,542172,SINAR MAS,GOLDEN PROFIT TRADING PTE LTD,SINGAPORE,LAT KRABANG,THAILAND
2019,470329,SINAR MAS,LONTAR PAPYRUS,KUALA TUNGKAL,JAMBI,401,220452,SINAR MAS,GOLDEN PROFIT TRADING PTE LTD,SINGAPORE,CAT LAI,VIETNAM
2019,470329,ROYAL GOLDEN EAGLE,APRIL,BUATAN,RIAU,302,91961,ROYAL GOLDEN EAGLE,APRIL INTERNATIONAL ENTEPRISE PTE LTD,SINGAPORE,KARACHI,PAKISTAN
2019,470329,ROYAL GOLDEN EAGLE,APRIL,BUATAN,RIAU,60,18337,ROYAL GOLDEN EAGLE,APRIL INTERNATIONAL ENTEPRISE PTE LTD,SINGAPORE,JAWAHARLAL NEHRU (NHAVA S,INDIA
2019,470329,SINAR MAS,OKI,SULTAN MAHMUD BADARUDDIN (U),SUMATERA SELATAN,720,394918,DRAGON CROWN HOLDINGS,DRAGON CROWN (HK) TRADING LTD,CHINA (HONG KONG),JIUJIANG,CHINA (MAINLAND)
2019,470329,SINAR MAS,OKI,SULTAN MAHMUD BADARUDDIN (U),SUMATERA SELATAN,7500,3975000,SINAR MAS,GOLDEN PROFIT TRADING PTE LTD,SINGAPORE,CHITTAGONG,BANGLADESH
2019,470329,SINAR MAS,OKI,SULTAN MAHMUD BADARUDDIN (U),SUMATERA SELATAN,8000,4336000,SINAR MAS,GOLDEN PROFIT TRADING PTE LTD,SINGAPORE,NINGBO,CHINA (MAINLAND)
2019,470329,SINAR MAS,OKI,SULTAN MAHMUD BADARUDDIN (U),SUMATERA SELATAN,500,265000,SINAR MAS,GOLDEN PROFIT TRADING PTE LTD,SINGAPORE,CHITTAGONG,BANGLADESH
2019,470329,SINAR MAS,OKI,SULTAN MAHMUD BADARUDDIN (U),SUMATERA SELATAN,1000,542000,SINAR MAS,GOLDEN PROFIT TRADING PTE LTD,SINGAPORE,NINGBO,CHINA (MAINLAND)
2019,470329,SINAR MAS,OKI,SULTAN MAHMUD BADARUDDIN (U),SUMATERA SELATAN,208,112736,UNKNOWN AFFILIATION,NINGBO GUANPAO TRADING (HONGKONG) CO LTD,CHINA (HONG KONG),NINGBO,CHINA (MAINLAND)
2019,470329,SINAR MAS,LONTAR PAPYRUS,KUALA TUNGKAL,JAMBI,702,374838,SINAR MAS,GOLDEN PROFIT TRADING PTE LTD,SINGAPORE,PENANG (GEORGETOWN),MALAYSIA
2019,470329,ROYAL GOLDEN EAGLE,APRIL,BUATAN,RIAU,502,153109,ROYAL GOLDEN EAGLE,APRIL INTERNATIONAL ENTEPRISE PTE LTD,SINGAPORE,CHITTAGONG,BANGLADESH
2019,470329,SINAR MAS,LONTAR PAPYRUS,KUALA TUNGKAL,JAMBI,501,268915,SINAR MAS,GOLDEN PROFIT TRADING PTE LTD,SINGAPORE,CHITTAGONG,BANGLADESH
2019,470329,SINAR MAS,OKI,SULTAN MAHMUD BADARUDDIN (U),SUMATERA SELATAN,1000,542000,UNKNOWN AFFILIATION,BRIGHTENING SKY CO LTD,CHINA (HONG KONG),NINGBO,CHINA (MAINLAND)
2019,470329,ROYAL GOLDEN EAGLE,APRIL,BUATAN,RIAU,199,60612,ROYAL GOLDEN EAGLE,APRIL INTERNATIONAL ENTEPRISE PTE LTD,SINGAPORE,EL ISKANDARIYA (= ALEXAND,EGYPT
2019,470329,SINAR MAS,LONTAR PAPYRUS,KUALA TUNGKAL,JAMBI,1003,555006,DRAGON CROWN HOLDINGS,DRAGON CROWN (HK) TRADING LTD,CHINA (HONG KONG),ZHANJIANG,CHINA (MAINLAND)
2019,470329,SINAR MAS,OKI,SULTAN MAHMUD BADARUDDIN (U),SUMATERA SELATAN,1792,971264,UNKNOWN AFFILIATION,BRIGHTENING SKY CO LTD,CHINA (HONG KONG),NINGBO,CHINA (MAINLAND)
2019,470329,SINAR MAS,LONTAR PAPYRUS,KUALA TUNGKAL,JAMBI,141,77338,SINAR MAS,GOLDEN PROFIT TRADING PTE LTD,SINGAPORE,CAT LAI,VIETNAM
2019,470329,SINAR MAS,LONTAR PAPYRUS,KUALA TUNGKAL,JAMBI,702,374595,SINAR MAS,GOLDEN PROFIT TRADING PTE LTD,SINGAPORE,PENANG (GEORGETOWN),MALAYSIA
2019,470329,ROYAL GOLDEN EAGLE,APRIL,BUATAN,RIAU,502,153087,ROYAL GOLDEN EAGLE,APRIL INTERNATIONAL ENTEPRISE PTE LTD,SINGAPORE,CHITTAGONG,BANGLADESH
2019,470329,SINAR MAS,OKI,SULTAN MAHMUD BADARUDDIN (U),SUMATERA SELATAN,400,217437,DRAGON CROWN HOLDINGS,DRAGON CROWN (HK) TRADING LTD,CHINA (HONG KONG),NINGBO,CHINA (MAINLAND)
2019,470329,SINAR MAS,LONTAR PAPYRUS,KUALA TUNGKAL,JAMBI,302,164637,SINAR MAS,GOLDEN PROFIT TRADING PTE LTD,SINGAPORE,HAIPHONG,VIETNAM
2019,470329,SINAR MAS,LONTAR PAPYRUS,KUALA TUNGKAL,JAMBI,302,165908,SINAR MAS,GOLDEN PROFIT TRADING PTE LTD,SINGAPORE,CAT LAI,VIETNAM
2019,470329,ROYAL GOLDEN EAGLE,APRIL,FUTONG,RIAU,9235,2816659,ROYAL GOLDEN EAGLE,APRIL INTERNATIONAL ENTEPRISE PTE LTD,SINGAPORE,CHANGSHU,CHINA (MAINLAND)
2019,470329,ROYAL GOLDEN EAGLE,APRIL,FUTONG,RIAU,2007,612171,ROYAL GOLDEN EAGLE,APRIL INTERNATIONAL ENTEPRISE PTE LTD,SINGAPORE,QINGDAO,CHINA (MAINLAND)
2019,470329,SINAR MAS,LONTAR PAPYRUS,KUALA TUNGKAL,JAMBI,402,215590,SINAR MAS,GOLDEN PROFIT TRADING PTE LTD,SINGAPORE,CHITTAGONG,BANGLADESH
2019,470329,SINAR MAS,LONTAR PAPYRUS,KUALA TUNGKAL,JAMBI,161,88467,SINAR MAS,GOLDEN PROFIT TRADING PTE LTD,SINGAPORE,CAT LAI,VIETNAM
2019,470329,ROYAL GOLDEN EAGLE,APRIL,BUATAN,RIAU,301,91894,ROYAL GOLDEN EAGLE,APRIL INTERNATIONAL ENTEPRISE PTE LTD,SINGAPORE,BANGKOK,THAILAND
2019,470329,SINAR MAS,OKI,SULTAN MAHMUD BADARUDDIN (U),SUMATERA SELATAN,848,459276,DRAGON CROWN HOLDINGS,DRAGON CROWN (HK) TRADING LTD,CHINA (HONG KONG),YUNFU,CHINA (MAINLAND)
2019,470329,SINAR MAS,LONTAR PAPYRUS,KUALA TUNGKAL,JAMBI,502,269179,SINAR MAS,GOLDEN PROFIT TRADING PTE LTD,SINGAPORE,CHITTAGONG,BANGLADESH
2019,470329,ROYAL GOLDEN EAGLE,APRIL,FUTONG,RIAU,502,153252,ROYAL GOLDEN EAGLE,APRIL INTERNATIONAL ENTEPRISE PTE LTD,SINGAPORE,PUNE,INDIA
2019,470329,ROYAL GOLDEN EAGLE,APRIL,BUATAN,RIAU,1004,306185,ROYAL GOLDEN EAGLE,APRIL INTERNATIONAL ENTEPRISE PTE LTD,SINGAPORE,NINGBO,CHINA (MAINLAND)
2019,470329,SINAR MAS,OKI,SULTAN MAHMUD BADARUDDIN (U),SUMATERA SELATAN,2000,1084000,UNKNOWN AFFILIATION,FREELAND UNIVERSAL LTD,CHINA (HONG KONG),CHANGSHU,CHINA (MAINLAND)
2019,470329,SINAR MAS,OKI,SULTAN MAHMUD BADARUDDIN (U),SUMATERA SELATAN,1300,704600,SINAR MAS,GOLDEN PROFIT TRADING PTE LTD,SINGAPORE,CHANGSHU,CHINA (MAINLAND)
2019,470329,SINAR MAS,OKI,SULTAN MAHMUD BADARUDDIN (U),SUMATERA SELATAN,600,325200,UNKNOWN AFFILIATION,BRIGHTENING SKY CO LTD,CHINA (HONG KONG),CHANGSHU,CHINA (MAINLAND)
2019,470329,SINAR MAS,OKI,SULTAN MAHMUD BADARUDDIN (U),SUMATERA SELATAN,1000,542000,UNKNOWN AFFILIATION,BRIGHTENING SKY CO LTD,CHINA (HONG KONG),CHANGSHU,CHINA (MAINLAND)
2019,470329,SINAR MAS,OKI,SULTAN MAHMUD BADARUDDIN (U),SUMATERA SELATAN,2000,1084000,UNKNOWN AFFILIATION,FREELAND UNIVERSAL LTD,CHINA (HONG KONG),CHANGSHU,CHINA (MAINLAND)
2019,470329,SINAR MAS,OKI,SULTAN MAHMUD BADARUDDIN (U),SUMATERA SELATAN,2700,1463400,UNKNOWN AFFILIATION,BRIGHTENING SKY CO LTD,CHINA (HONG KONG),CHANGSHU,CHINA (MAINLAND)
2019,470329,ROYAL GOLDEN EAGLE,APRIL,FUTONG,RIAU,1005,306426,ROYAL GOLDEN EAGLE,APRIL INTERNATIONAL ENTEPRISE PTE LTD,SINGAPORE,JIUJIANG,CHINA (MAINLAND)
2019,470329,SINAR MAS,INDAH KIAT,PERAWANG,RIAU,140,77457,SINAR MAS,GOLDEN PROFIT TRADING PTE LTD,SINGAPORE,DA NANG,VIETNAM
2019,470329,SINAR MAS,OKI,SULTAN MAHMUD BADARUDDIN (U),SUMATERA SELATAN,2000,1079852,DRAGON CROWN HOLDINGS,DRAGON CROWN (HK) TRADING LTD,CHINA (HONG KONG),CHONGQING,CHINA (MAINLAND)
2019,470329,ROYAL GOLDEN EAGLE,APRIL,BUATAN,RIAU,1005,306403,ROYAL GOLDEN EAGLE,APRIL INTERNATIONAL ENTEPRISE PTE LTD,SINGAPORE,ZHAPU,CHINA (MAINLAND)
2019,470329,ROYAL GOLDEN EAGLE,APRIL,BUATAN,RIAU,139,42321,ROYAL GOLDEN EAGLE,APRIL INTERNATIONAL ENTEPRISE PTE LTD,SINGAPORE,EL ISKANDARIYA (= ALEXAND,EGYPT
2019,470329,ROYAL GOLDEN EAGLE,APRIL,BUATAN,RIAU,357,109018,ROYAL GOLDEN EAGLE,APRIL INTERNATIONAL ENTEPRISE PTE LTD,SINGAPORE,EL ISKANDARIYA (= ALEXAND,EGYPT
2019,470329,ROYAL GOLDEN EAGLE,APRIL,BUATAN,RIAU,502,153259,ROYAL GOLDEN EAGLE,APRIL INTERNATIONAL ENTEPRISE PTE LTD,SINGAPORE,PUNE,INDIA
2019,470329,ROYAL GOLDEN EAGLE,APRIL,BUATAN,RIAU,97,29447,ROYAL GOLDEN EAGLE,APRIL INTERNATIONAL ENTEPRISE PTE LTD,SINGAPORE,TAOYUAN,TAIWAN
2019,470329,SINAR MAS,OKI,SULTAN MAHMUD BADARUDDIN (U),SUMATERA SELATAN,368,201940,UNKNOWN AFFILIATION,BRIGHTENING SKY CO LTD,CHINA (HONG KONG),DALIAN,CHINA (MAINLAND)
2019,470329,MARUBENI,TANJUNG ENIM LESTARI,PANJANG,SUMATERA SELATAN,972,395960,VINDA,VINDA PAPER (ZHEJIANG) CO LTD,CHINA (MAINLAND),NINGBO,CHINA (MAINLAND)
2019,470329,SINAR MAS,OKI,SULTAN MAHMUD BADARUDDIN (U),SUMATERA SELATAN,504,271927,DRAGON CROWN HOLDINGS,DRAGON CROWN (HK) TRADING LTD,CHINA (HONG KONG),YUNFU,CHINA (MAINLAND)
2019,470329,ROYAL GOLDEN EAGLE,APRIL,BUATAN,RIAU,201,61246,ROYAL GOLDEN EAGLE,APRIL INTERNATIONAL ENTEPRISE PTE LTD,SINGAPORE,KATHUWAS ICD/ALWAR,INDIA
2019,470329,SINAR MAS,OKI,SULTAN MAHMUD BADARUDDIN (U),SUMATERA SELATAN,608,328339,DRAGON CROWN HOLDINGS,DRAGON CROWN (HK) TRADING LTD,CHINA (HONG KONG),NINGBO,CHINA (MAINLAND)
2019,470329,SINAR MAS,INDAH KIAT,PERAWANG,RIAU,2500,1353425,SINAR MAS,GOLDEN PROFIT TRADING PTE LTD,SINGAPORE,HALDIA,INDIA
2019,470329,MARUBENI,TANJUNG ENIM LESTARI,TARAHAN,SUMATERA SELATAN,518,217348,HANSOL,HANSOL PAPER CO LTD,SOUTH KOREA,PYONGTAEK,SOUTH KOREA
2019,470329,ROYAL GOLDEN EAGLE,APRIL,BUATAN,RIAU,381,116316,ROYAL GOLDEN EAGLE,APRIL INTERNATIONAL ENTEPRISE PTE LTD,SINGAPORE,PIPAVAV (VICTOR) PORT,INDIA
2019,470329,SINAR MAS,INDAH KIAT,PERAWANG,RIAU,2500,1353425,SINAR MAS,GOLDEN PROFIT TRADING PTE LTD,SINGAPORE,HALDIA,INDIA
2019,470329,MARUBENI,TANJUNG ENIM LESTARI,TARAHAN,SUMATERA SELATAN,1080,440042,HONG WON,HONG WON PAPER MFG CO LTD,SOUTH KOREA,PYONGTAEK,SOUTH KOREA
2019,470329,SINAR MAS,OKI,SULTAN MAHMUD BADARUDDIN (U),SUMATERA SELATAN,224,121765,DRAGON CROWN HOLDINGS,DRAGON CROWN (HK) TRADING LTD,CHINA (HONG KONG),NINGBO,CHINA (MAINLAND)
2019,470329,MARUBENI,TANJUNG ENIM LESTARI,TARAHAN,SUMATERA SELATAN,1500,597641,UNKNOWN AFFILIATION,KING ADVANCEMENT DEVELOPMENT (HONG KONG) LTD,CHINA (HONG KONG),QINGDAO,CHINA (MAINLAND)
2019,470329,SINAR MAS,INDAH KIAT,PERAWANG,RIAU,1000,541370,SINAR MAS,GOLDEN PROFIT TRADING PTE LTD,SINGAPORE,HALDIA,INDIA
2019,470329,MARUBENI,TANJUNG ENIM LESTARI,TARAHAN,SUMATERA SELATAN,312,130832,HANSOL,HANSOL PAPER CO LTD,SOUTH KOREA,PYONGTAEK,SOUTH KOREA
2019,470329,ROYAL GOLDEN EAGLE,APRIL,BUATAN,RIAU,1004,306087,ROYAL GOLDEN EAGLE,APRIL INTERNATIONAL ENTEPRISE PTE LTD,SINGAPORE,NINGBO,CHINA (MAINLAND)
2019,470329,SINAR MAS,INDAH KIAT,PERAWANG,RIAU,2500,1353425,SINAR MAS,GOLDEN PROFIT TRADING PTE LTD,SINGAPORE,HALDIA,INDIA
2019,470329,ROYAL GOLDEN EAGLE,APRIL,BUATAN,RIAU,301,91884,ROYAL GOLDEN EAGLE,APRIL INTERNATIONAL ENTEPRISE PTE LTD,SINGAPORE,BANGKOK,THAILAND
2019,470329,MARUBENI,TANJUNG ENIM LESTARI,TARAHAN,SUMATERA SELATAN,1082,441161,HONG WON,HONG WON PAPER MFG CO LTD,SOUTH KOREA,PYONGTAEK,SOUTH KOREA
2019,470329,MARUBENI,TANJUNG ENIM LESTARI,TARAHAN,SUMATERA SELATAN,1082,441179,HONG WON,HONG WON PAPER MFG CO LTD,SOUTH KOREA,PYONGTAEK,SOUTH KOREA
2019,470329,MARUBENI,TANJUNG ENIM LESTARI,TARAHAN,SUMATERA SELATAN,1499,597239,UNKNOWN AFFILIATION,KING ADVANCEMENT DEVELOPMENT (HONG KONG) LTD,CHINA (HONG KONG),QINGDAO,CHINA (MAINLAND)
2019,470329,MARUBENI,TANJUNG ENIM LESTARI,TARAHAN,SUMATERA SELATAN,1081,440601,HONG WON,HONG WON PAPER MFG CO LTD,SOUTH KOREA,PYONGTAEK,SOUTH KOREA
2019,470329,MARUBENI,TANJUNG ENIM LESTARI,PANJANG,SUMATERA SELATAN,580,227929,VINDA,VINDA PAPER (LIAONING) CO LTD,CHINA (MAINLAND),YINGKOU,CHINA (MAINLAND)
2019,470329,SINAR MAS,LONTAR PAPYRUS,KUALA TUNGKAL,JAMBI,502,271240,SINAR MAS,GOLDEN PROFIT TRADING PTE LTD,SINGAPORE,PIPAVAV (VICTOR) PORT,INDIA
2019,470329,ROYAL GOLDEN EAGLE,APRIL,BUATAN,RIAU,101,30810,ROYAL GOLDEN EAGLE,APRIL INTERNATIONAL ENTEPRISE PTE LTD,SINGAPORE,JAWAHARLAL NEHRU (NHAVA S,INDIA
2019,470329,MARUBENI,TANJUNG ENIM LESTARI,PANJANG,SUMATERA SELATAN,207,84914,UNKNOWN AFFILIATION,VECHEM ORGANICS PVT LTD,INDIA,NAGPUR,INDIA
2019,470329,SINAR MAS,INDAH KIAT,PERAWANG,RIAU,460,252528,CHINA UNION,CHINA UNION (MACAO COMMERCIAL OFFSHORE) CO LTD,MACAO,SHANGHAI,CHINA (MAINLAND)
2019,470329,MARUBENI,TANJUNG ENIM LESTARI,PANJANG,SUMATERA SELATAN,104,43570,ANKIT,ANKIT PULPS AND BOARDS PVT LTD,INDIA,NAGPUR,INDIA
2019,470329,SINAR MAS,LONTAR PAPYRUS,KUALA TUNGKAL,JAMBI,503,275440,SINAR MAS,GOLDEN PROFIT TRADING PTE LTD,SINGAPORE,PIPAVAV (VICTOR) PORT,INDIA
2019,470329,SINAR MAS,LONTAR PAPYRUS,KUALA TUNGKAL,JAMBI,502,274629,SINAR MAS,GOLDEN PROFIT TRADING PTE LTD,SINGAPORE,PIPAVAV (VICTOR) PORT,INDIA
2019,470329,SINAR MAS,LONTAR PAPYRUS,KUALA TUNGKAL,JAMBI,199,106771,SINAR MAS,GOLDEN PROFIT TRADING PTE LTD,SINGAPORE,CAT LAI,VIETNAM
2019,470329,SINAR MAS,INDAH KIAT,PERAWANG,RIAU,506,278579,SINAR MAS,GOLDEN PROFIT TRADING PTE LTD,SINGAPORE,TUTICORIN,INDIA
2019,470329,ROYAL GOLDEN EAGLE,APRIL,BUATAN,RIAU,161,49005,ROYAL GOLDEN EAGLE,APRIL INTERNATIONAL ENTEPRISE PTE LTD,SINGAPORE,TUTICORIN,INDIA
2019,470329,SINAR MAS,LONTAR PAPYRUS,KUALA TUNGKAL,JAMBI,502,271300,SINAR MAS,GOLDEN PROFIT TRADING PTE LTD,SINGAPORE,PIPAVAV (VICTOR) PORT,INDIA
2019,470329,SINAR MAS,INDAH KIAT,PERAWANG,RIAU,300,164692,CHINA UNION,CHINA UNION (MACAO COMMERCIAL OFFSHORE) CO LTD,MACAO,SHANGHAI,CHINA (MAINLAND)
2019,470329,ROYAL GOLDEN EAGLE,APRIL,BUATAN,RIAU,603,183822,ROYAL GOLDEN EAGLE,APRIL INTERNATIONAL ENTEPRISE PTE LTD,SINGAPORE,CHITTAGONG,BANGLADESH
2019,470329,SINAR MAS,INDAH KIAT,PERAWANG,RIAU,500,275752,SINAR MAS,GOLDEN PROFIT TRADING PTE LTD,SINGAPORE,PIPAVAV (VICTOR) PORT,INDIA
2019,470329,ROYAL GOLDEN EAGLE,APRIL,BUATAN,RIAU,101,30728,ROYAL GOLDEN EAGLE,APRIL INTERNATIONAL ENTEPRISE PTE LTD,SINGAPORE,NAGPUR,INDIA
2019,470329,MARUBENI,TANJUNG ENIM LESTARI,TARAHAN,SUMATERA SELATAN,1999,796878,JIANGHE PAPER,HENAN JIANGHE PAPER CO LTD,CHINA (MAINLAND),QINGDAO,CHINA (MAINLAND)
2019,470329,SINAR MAS,INDAH KIAT,PERAWANG,RIAU,506,280416,SINAR MAS,GOLDEN PROFIT TRADING PTE LTD,SINGAPORE,CHITTAGONG,BANGLADESH
2019,470329,SINAR MAS,INDAH KIAT,PERAWANG,RIAU,500,265200,DRAGON CROWN HOLDINGS,DRAGON CROWN (HK) TRADING LTD,CHINA (HONG KONG),CHONGQING,CHINA (MAINLAND)
2019,470329,ROYAL GOLDEN EAGLE,APRIL,BUATAN,RIAU,40,12267,ROYAL GOLDEN EAGLE,APRIL INTERNATIONAL ENTEPRISE PTE LTD,SINGAPORE,PIPAVAV (VICTOR) PORT,INDIA
2019,470329,ROYAL GOLDEN EAGLE,APRIL,BUATAN,RIAU,502,153136,ROYAL GOLDEN EAGLE,APRIL INTERNATIONAL ENTEPRISE PTE LTD,SINGAPORE,ZHAPU,CHINA (MAINLAND)
2019,470329,SINAR MAS,OKI,SULTAN MAHMUD BADARUDDIN (U),SUMATERA SELATAN,3500,1891750,UNKNOWN AFFILIATION,BRIGHTENING SKY CO LTD,CHINA (HONG KONG),CHANGSHU,CHINA (MAINLAND)
2019,470329,SINAR MAS,OKI,SULTAN MAHMUD BADARUDDIN (U),SUMATERA SELATAN,6000,3243000,SINAR MAS,GOLDEN PROFIT TRADING PTE LTD,SINGAPORE,GUNSAN (ES KUNSAN),SOUTH KOREA
2019,470329,SINAR MAS,OKI,SULTAN MAHMUD BADARUDDIN (U),SUMATERA SELATAN,2000,1079000,SINAR MAS,GOLDEN PROFIT TRADING PTE LTD,SINGAPORE,NINGBO,CHINA (MAINLAND)
2019,470329,ROYAL GOLDEN EAGLE,APRIL,BUATAN,RIAU,201,61201,ROYAL GOLDEN EAGLE,APRIL INTERNATIONAL ENTEPRISE PTE LTD,SINGAPORE,FUQING,CHINA (MAINLAND)
2019,470329,SINAR MAS,OKI,SULTAN MAHMUD BADARUDDIN (U),SUMATERA SELATAN,1000,540500,SINAR MAS,GOLDEN PROFIT TRADING PTE LTD,SINGAPORE,GUNSAN (ES KUNSAN),SOUTH KOREA
2019,470329,SINAR MAS,OKI,SULTAN MAHMUD BADARUDDIN (U),SUMATERA SELATAN,1100,594550,UNKNOWN AFFILIATION,FREELAND UNIVERSAL LTD,CHINA (HONG KONG),CHANGSHU,CHINA (MAINLAND)
2019,470329,SINAR MAS,OKI,SULTAN MAHMUD BADARUDDIN (U),SUMATERA SELATAN,1000,539500,UNKNOWN AFFILIATION,BRIGHTENING SKY CO LTD,CHINA (HONG KONG),NINGBO,CHINA (MAINLAND)
2019,470329,MARUBENI,TANJUNG ENIM LESTARI,PANJANG,SUMATERA SELATAN,971,399067,VINDA,VINDA PERSONAL CARE (CHINA) LTD,CHINA (MAINLAND),WUHAN,CHINA (MAINLAND)
2019,470329,SINAR MAS,OKI,SULTAN MAHMUD BADARUDDIN (U),SUMATERA SELATAN,120,64860,SINAR MAS,GOLDEN PROFIT TRADING PTE LTD,SINGAPORE,GUNSAN (ES KUNSAN),SOUTH KOREA
2019,470329,SINAR MAS,OKI,SULTAN MAHMUD BADARUDDIN (U),SUMATERA SELATAN,480,261047,DRAGON CROWN HOLDINGS,DRAGON CROWN (HK) TRADING LTD,CHINA (HONG KONG),NINGBO,CHINA (MAINLAND)
2019,470329,SINAR MAS,OKI,SULTAN MAHMUD BADARUDDIN (U),SUMATERA SELATAN,1880,1014260,UNKNOWN AFFILIATION,FREELAND UNIVERSAL LTD,CHINA (HONG KONG),NINGBO,CHINA (MAINLAND)
2019,470329,SINAR MAS,OKI,SULTAN MAHMUD BADARUDDIN (U),SUMATERA SELATAN,620,335110,UNKNOWN AFFILIATION,FREELAND UNIVERSAL LTD,CHINA (HONG KONG),NINGBO,CHINA (MAINLAND)
2019,470329,SINAR MAS,OKI,SULTAN MAHMUD BADARUDDIN (U),SUMATERA SELATAN,456,247995,DRAGON CROWN HOLDINGS,DRAGON CROWN (HK) TRADING LTD,CHINA (HONG KONG),NINGBO,CHINA (MAINLAND)
2019,470329,SINAR MAS,OKI,SULTAN MAHMUD BADARUDDIN (U),SUMATERA SELATAN,2000,1081000,CHINA UNION,CHINA UNION (MACAO COMMERCIAL OFFSHORE) CO LTD,MACAO,CHANGSHU,CHINA (MAINLAND)
2019,470329,SINAR MAS,OKI,SULTAN MAHMUD BADARUDDIN (U),SUMATERA SELATAN,2500,1351250,UNKNOWN AFFILIATION,BRIGHTENING SKY CO LTD,CHINA (HONG KONG),NINGBO,CHINA (MAINLAND)
2019,470329,SINAR MAS,OKI,SULTAN MAHMUD BADARUDDIN (U),SUMATERA SELATAN,580,313490,UNKNOWN AFFILIATION,BRIGHTENING SKY CO LTD,CHINA (HONG KONG),NINGBO,CHINA (MAINLAND)
2019,470329,SINAR MAS,LONTAR PAPYRUS,KUALA TUNGKAL,JAMBI,1004,505517,DRAGON CROWN HOLDINGS,DRAGON CROWN (HK) TRADING LTD,CHINA (HONG KONG),ZHANJIANG,CHINA (MAINLAND)
2019,470329,SINAR MAS,LONTAR PAPYRUS,KUALA TUNGKAL,JAMBI,1004,505261,DRAGON CROWN HOLDINGS,DRAGON CROWN (HK) TRADING LTD,CHINA (HONG KONG),ZHANJIANG,CHINA (MAINLAND)
2019,470329,SINAR MAS,LONTAR PAPYRUS,KUALA TUNGKAL,JAMBI,1004,550995,SINAR MAS,GOLDEN PROFIT TRADING PTE LTD,SINGAPORE,HAIPHONG,VIETNAM
2019,470329,SINAR MAS,LONTAR PAPYRUS,KUALA TUNGKAL,JAMBI,502,268990,SINAR MAS,GOLDEN PROFIT TRADING PTE LTD,SINGAPORE,CHITTAGONG,BANGLADESH
2019,470329,SINAR MAS,INDAH KIAT,PERAWANG,RIAU,480,246709,DRAGON CROWN HOLDINGS,DRAGON CROWN (HK) TRADING LTD,CHINA (HONG KONG),CHANGSHU,CHINA (MAINLAND)
2019,470329,SINAR MAS,LONTAR PAPYRUS,KUALA TUNGKAL,JAMBI,502,274699,SINAR MAS,GOLDEN PROFIT TRADING PTE LTD,SINGAPORE,PIPAVAV (VICTOR) PORT,INDIA
2019,470329,SINAR MAS,LONTAR PAPYRUS,KUALA TUNGKAL,JAMBI,401,214267,SINAR MAS,GOLDEN PROFIT TRADING PTE LTD,SINGAPORE,PENANG (GEORGETOWN),MALAYSIA
2019,470329,MARUBENI,TANJUNG ENIM LESTARI,PANJANG,SUMATERA SELATAN,19,8809,UNKNOWN AFFILIATION,GLOBAL POWER CO LTD,MYANMAR,YANGON,MYANMAR
2019,470329,SINAR MAS,LONTAR PAPYRUS,KUALA TUNGKAL,JAMBI,502,271685,SINAR MAS,GOLDEN PROFIT TRADING PTE LTD,SINGAPORE,PIPAVAV (VICTOR) PORT,INDIA
2019,470329,ROYAL GOLDEN EAGLE,APRIL,BUATAN,RIAU,297,90729,ROYAL GOLDEN EAGLE,APRIL INTERNATIONAL ENTEPRISE PTE LTD,SINGAPORE,EL ISKANDARIYA (= ALEXAND,EGYPT
2019,470329,ROYAL GOLDEN EAGLE,APRIL,BUATAN,RIAU,297,90504,ROYAL GOLDEN EAGLE,APRIL INTERNATIONAL ENTEPRISE PTE LTD,SINGAPORE,EL ISKANDARIYA (= ALEXAND,EGYPT
2019,470329,SINAR MAS,LONTAR PAPYRUS,KUALA TUNGKAL,JAMBI,503,275139,SINAR MAS,GOLDEN PROFIT TRADING PTE LTD,SINGAPORE,PIPAVAV (VICTOR) PORT,INDIA
2019,470329,SINAR MAS,OKI,SULTAN MAHMUD BADARUDDIN (U),SUMATERA SELATAN,3800,2055800,UNKNOWN AFFILIATION,FREELAND UNIVERSAL LTD,CHINA (HONG KONG),CHANGSHU,CHINA (MAINLAND)
2019,470329,SINAR MAS,OKI,SULTAN MAHMUD BADARUDDIN (U),SUMATERA SELATAN,2872,1553752,SINAR MAS,GOLDEN PROFIT TRADING PTE LTD,SINGAPORE,NINGBO,CHINA (MAINLAND)
2019,470329,SINAR MAS,INDAH KIAT,PERAWANG,RIAU,520,271779,DRAGON CROWN HOLDINGS,DRAGON CROWN (HK) TRADING LTD,CHINA (HONG KONG),CHANGSHU,CHINA (MAINLAND)
2019,470329,ROYAL GOLDEN EAGLE,APRIL,BUATAN,RIAU,1003,305975,ROYAL GOLDEN EAGLE,APRIL INTERNATIONAL ENTEPRISE PTE LTD,SINGAPORE,HAIPHONG,VIETNAM
2019,470329,SINAR MAS,OKI,SULTAN MAHMUD BADARUDDIN (U),SUMATERA SELATAN,2128,1151248,UNKNOWN AFFILIATION,BRIGHTENING SKY CO LTD,CHINA (HONG KONG),NINGBO,CHINA (MAINLAND)
2019,470329,SINAR MAS,OKI,SULTAN MAHMUD BADARUDDIN (U),SUMATERA SELATAN,168,90642,DRAGON CROWN HOLDINGS,DRAGON CROWN (HK) TRADING LTD,CHINA (HONG KONG),YUNFU,CHINA (MAINLAND)
2019,470329,SINAR MAS,OKI,SULTAN MAHMUD BADARUDDIN (U),SUMATERA SELATAN,2000,1082000,SINAR MAS,GOLDEN PROFIT TRADING PTE LTD,SINGAPORE,NINGBO,CHINA (MAINLAND)
2019,470329,SINAR MAS,OKI,SULTAN MAHMUD BADARUDDIN (U),SUMATERA SELATAN,720,391570,DRAGON CROWN HOLDINGS,DRAGON CROWN (HK) TRADING LTD,CHINA (HONG KONG),NINGBO,CHINA (MAINLAND)
2019,470329,SINAR MAS,INDAH KIAT,PERAWANG,RIAU,500,265200,DRAGON CROWN HOLDINGS,DRAGON CROWN (HK) TRADING LTD,CHINA (HONG KONG),CHONGQING,CHINA (MAINLAND)
2019,470329,SINAR MAS,OKI,SULTAN MAHMUD BADARUDDIN (U),SUMATERA SELATAN,2000,1081382,DRAGON CROWN HOLDINGS,DRAGON CROWN (HK) TRADING LTD,CHINA (HONG KONG),CHANGSHU,CHINA (MAINLAND)
2019,470329,SINAR MAS,OKI,SULTAN MAHMUD BADARUDDIN (U),SUMATERA SELATAN,1200,649200,UNKNOWN AFFILIATION,BRIGHTENING SKY CO LTD,CHINA (HONG KONG),CHANGSHU,CHINA (MAINLAND)
2019,470329,ROYAL GOLDEN EAGLE,APRIL,FUTONG,RIAU,5975,1834304,ROYAL GOLDEN EAGLE,APRIL FAR EAST MALAYSIA SDN BHD,MALAYSIA,GUNSAN (ES KUNSAN),SOUTH KOREA
2019,470329,ROYAL GOLDEN EAGLE,APRIL,BUATAN,RIAU,1004,306369,ROYAL GOLDEN EAGLE,APRIL INTERNATIONAL ENTEPRISE PTE LTD,SINGAPORE,NINGBO,CHINA (MAINLAND)
2019,470329,ROYAL GOLDEN EAGLE,APRIL,BUATAN,RIAU,502,154081,ROYAL GOLDEN EAGLE,APRIL INTERNATIONAL ENTEPRISE PTE LTD,SINGAPORE,ZHAPU,CHINA (MAINLAND)
2019,470329,ROYAL GOLDEN EAGLE,APRIL,FUTONG,RIAU,1004,306210,ROYAL GOLDEN EAGLE,APRIL INTERNATIONAL ENTEPRISE PTE LTD,SINGAPORE,NINGBO,CHINA (MAINLAND)
2019,470329,ROYAL GOLDEN EAGLE,APRIL,BUATAN,RIAU,301,91782,ROYAL GOLDEN EAGLE,APRIL INTERNATIONAL ENTEPRISE PTE LTD,SINGAPORE,BANGKOK,THAILAND
2019,470329,ROYAL GOLDEN EAGLE,APRIL,BUATAN,RIAU,503,153302,ROYAL GOLDEN EAGLE,APRIL INTERNATIONAL ENTEPRISE PTE LTD,SINGAPORE,CHITTAGONG,BANGLADESH
2019,470329,ROYAL GOLDEN EAGLE,APRIL,BUATAN,RIAU,802,244646,ROYAL GOLDEN EAGLE,APRIL INTERNATIONAL ENTEPRISE PTE LTD,SINGAPORE,ZHAOQING,CHINA (MAINLAND)
2019,470329,ROYAL GOLDEN EAGLE,APRIL,FUTONG,RIAU,2864,879283,ROYAL GOLDEN EAGLE,APRIL FAR EAST MALAYSIA SDN BHD,MALAYSIA,PYONGTAEK,SOUTH KOREA
2019,470329,SINAR MAS,OKI,SULTAN MAHMUD BADARUDDIN (U),SUMATERA SELATAN,1500,810750,SINAR MAS,GOLDEN PROFIT TRADING PTE LTD,SINGAPORE,HAIPHONG,VIETNAM
2019,470329,ROYAL GOLDEN EAGLE,APRIL,FUTONG,RIAU,10630,3290996,ROYAL GOLDEN EAGLE,APRIL INTERNATIONAL ENTEPRISE PTE LTD,SINGAPORE,CHITTAGONG,BANGLADESH
2019,470329,SINAR MAS,OKI,SULTAN MAHMUD BADARUDDIN (U),SUMATERA SELATAN,432,231583,DRAGON CROWN HOLDINGS,DRAGON CROWN (HK) TRADING LTD,CHINA (HONG KONG),NINGBO,CHINA (MAINLAND)
2019,470329,MARUBENI,TANJUNG ENIM LESTARI,PANJANG,SUMATERA SELATAN,678,269051,VINDA,VINDA PAPER (SI CHUAN) CO LTD,CHINA (MAINLAND),CHONGQING,CHINA (MAINLAND)
2019,470329,SINAR MAS,OKI,SULTAN MAHMUD BADARUDDIN (U),SUMATERA SELATAN,1500,810750,SINAR MAS,GOLDEN PROFIT TRADING PTE LTD,SINGAPORE,HAIPHONG,VIETNAM
2019,470329,ROYAL GOLDEN EAGLE,APRIL,BUATAN,RIAU,101,30859,ROYAL GOLDEN EAGLE,APRIL INTERNATIONAL ENTEPRISE PTE LTD,SINGAPORE,ANKLESHWAR,INDIA
2019,470329,SINAR MAS,OKI,SULTAN MAHMUD BADARUDDIN (U),SUMATERA SELATAN,5600,3026800,SINAR MAS,GOLDEN PROFIT TRADING PTE LTD,SINGAPORE,HAIPHONG,VIETNAM
2019,470329,ROYAL GOLDEN EAGLE,APRIL,BUATAN,RIAU,100,30594,ROYAL GOLDEN EAGLE,APRIL INTERNATIONAL ENTEPRISE PTE LTD,SINGAPORE,NAGPUR,INDIA
2019,470329,ROYAL GOLDEN EAGLE,APRIL,BUATAN,RIAU,201,61298,ROYAL GOLDEN EAGLE,APRIL INTERNATIONAL ENTEPRISE PTE LTD,SINGAPORE,BANGKOK,THAILAND
2019,470329,ROYAL GOLDEN EAGLE,APRIL,BUATAN,RIAU,60,18318,ROYAL GOLDEN EAGLE,APRIL INTERNATIONAL ENTEPRISE PTE LTD,SINGAPORE,JAWAHARLAL NEHRU (NHAVA S,INDIA
2019,470329,ROYAL GOLDEN EAGLE,APRIL,BUATAN,RIAU,503,153283,ROYAL GOLDEN EAGLE,APRIL INTERNATIONAL ENTEPRISE PTE LTD,SINGAPORE,CHITTAGONG,BANGLADESH
2019,470329,SINAR MAS,OKI,SULTAN MAHMUD BADARUDDIN (U),SUMATERA SELATAN,1400,755300,SINAR MAS,GOLDEN PROFIT TRADING PTE LTD,SINGAPORE,YANGPU,CHINA (MAINLAND)
2019,470329,MARUBENI,TANJUNG ENIM LESTARI,PANJANG,SUMATERA SELATAN,501,203680,VINDA,VINDA PAPER (ZHEJIANG) CO LTD,CHINA (MAINLAND),NINGBO,CHINA (MAINLAND)
2019,470329,MARUBENI,TANJUNG ENIM LESTARI,PANJANG,SUMATERA SELATAN,285,119681,MARUBENI,MARUBENI CORP,JAPAN,SHIMIZU,JAPAN
2019,470329,MARUBENI,TANJUNG ENIM LESTARI,PANJANG,SUMATERA SELATAN,153,64152,MARUBENI,MARUBENI CORP,JAPAN,SHIMIZU,JAPAN
2019,470329,MARUBENI,TANJUNG ENIM LESTARI,PANJANG,SUMATERA SELATAN,53,22277,MARUBENI,MARUBENI CORP,JAPAN,SHIMIZU,JAPAN
2019,470329,SINAR MAS,LONTAR PAPYRUS,KUALA TUNGKAL,JAMBI,402,220794,SINAR MAS,GOLDEN PROFIT TRADING PTE LTD,SINGAPORE,CAT LAI,VIETNAM
2019,470329,SINAR MAS,LONTAR PAPYRUS,KUALA TUNGKAL,JAMBI,141,77526,SINAR MAS,GOLDEN PROFIT TRADING PTE LTD,SINGAPORE,CAT LAI,VIETNAM
2019,470329,SINAR MAS,LONTAR PAPYRUS,KUALA TUNGKAL,JAMBI,502,269214,SINAR MAS,GOLDEN PROFIT TRADING PTE LTD,SINGAPORE,CHITTAGONG,BANGLADESH
2019,470329,ROYAL GOLDEN EAGLE,TOBA PULP LESTARI,BELAWAN,SUMATERA UTARA,521,211136,ROYAL GOLDEN EAGLE,DP MARKETING INTERNATIONAL,MACAO,PIPAVAV (VICTOR) PORT,INDIA
2019,470329,MARUBENI,TANJUNG ENIM LESTARI,PANJANG,SUMATERA SELATAN,296,118602,MARUBENI,MARUBENI CORP,JAPAN,IYOMISHIMA,JAPAN
2019,470329,SINAR MAS,INDAH KIAT,PERAWANG,RIAU,484,256714,DRAGON CROWN HOLDINGS,DRAGON CROWN (HK) TRADING LTD,CHINA (HONG KONG),CHONGQING,CHINA (MAINLAND)
2019,470329,SINAR MAS,INDAH KIAT,PERAWANG,RIAU,500,271531,SINAR MAS,GOLDEN PROFIT TRADING PTE LTD,SINGAPORE,HAIPHONG,VIETNAM
2019,470329,SINAR MAS,INDAH KIAT,PERAWANG,RIAU,740,419057,SINAR MAS,GOLDEN PROFIT TRADING PTE LTD,SINGAPORE,CHITTAGONG,BANGLADESH
2019,470329,MARUBENI,TANJUNG ENIM LESTARI,PANJANG,SUMATERA SELATAN,194,80865,UNKNOWN AFFILIATION,PUDUMJEE PAPER PRODUCTS LTD,INDIA,JAWAHARLAL NEHRU (NHAVA S,INDIA
2019,470329,ROYAL GOLDEN EAGLE,APRIL,FUTONG,RIAU,8536,2612093,ROYAL GOLDEN EAGLE,APRIL INTERNATIONAL ENTEPRISE PTE LTD,SINGAPORE,CHANGSHU,CHINA (MAINLAND)
2019,470329,ROYAL GOLDEN EAGLE,APRIL,BUATAN,RIAU,1004,306336,ROYAL GOLDEN EAGLE,APRIL INTERNATIONAL ENTEPRISE PTE LTD,SINGAPORE,NINGBO,CHINA (MAINLAND)
2019,470329,ROYAL GOLDEN EAGLE,APRIL,BUATAN,RIAU,201,61721,ROYAL GOLDEN EAGLE,APRIL INTERNATIONAL ENTEPRISE PTE LTD,SINGAPORE,HAIPHONG,VIETNAM
2019,470329,ROYAL GOLDEN EAGLE,APRIL,FUTONG,RIAU,2078,637911,ROYAL GOLDEN EAGLE,APRIL INTERNATIONAL ENTEPRISE PTE LTD,SINGAPORE,QINGDAO,CHINA (MAINLAND)
2019,470329,MARUBENI,TANJUNG ENIM LESTARI,PANJANG,SUMATERA SELATAN,401,160284,MARUBENI,MARUBENI CORP,JAPAN,IYOMISHIMA,JAPAN
2019,470329,SINAR MAS,INDAH KIAT,PERAWANG,RIAU,4500,2220750,UNKNOWN AFFILIATION,BRIGHTENING SKY CO LTD,CHINA (HONG KONG),NINGBO,CHINA (MAINLAND)
2019,470329,SINAR MAS,INDAH KIAT,PERAWANG,RIAU,4990,2452585,SINAR MAS,GOLDEN PROFIT TRADING PTE LTD,SINGAPORE,ULSAN,SOUTH KOREA
2019,470329,SINAR MAS,INDAH KIAT,PERAWANG,RIAU,1000,491500,SINAR MAS,GOLDEN PROFIT TRADING PTE LTD,SINGAPORE,ULSAN,SOUTH KOREA
2019,470329,SINAR MAS,INDAH KIAT,PERAWANG,RIAU,520,277955,DRAGON CROWN HOLDINGS,DRAGON CROWN (HK) TRADING LTD,CHINA (HONG KONG),CHANGSHU,CHINA (MAINLAND)
2019,470329,SINAR MAS,INDAH KIAT,PERAWANG,RIAU,500,267264,DRAGON CROWN HOLDINGS,DRAGON CROWN (HK) TRADING LTD,CHINA (HONG KONG),CHANGSHU,CHINA (MAINLAND)
2019,470329,ROYAL GOLDEN EAGLE,APRIL,BUATAN,RIAU,503,154277,ROYAL GOLDEN EAGLE,APRIL INTERNATIONAL ENTEPRISE PTE LTD,SINGAPORE,HAIPHONG,VIETNAM
2019,470329,SINAR MAS,INDAH KIAT,PERAWANG,RIAU,500,267264,DRAGON CROWN HOLDINGS,DRAGON CROWN (HK) TRADING LTD,CHINA (HONG KONG),CHANGSHU,CHINA (MAINLAND)
2019,470329,ROYAL GOLDEN EAGLE,APRIL,BUATAN,RIAU,60,18412,ROYAL GOLDEN EAGLE,APRIL INTERNATIONAL ENTEPRISE PTE LTD,SINGAPORE,CHENNAI (EX MADRAS),INDIA
2019,470329,SINAR MAS,LONTAR PAPYRUS,KUALA TUNGKAL,JAMBI,1004,496653,DRAGON CROWN HOLDINGS,DRAGON CROWN (HK) TRADING LTD,CHINA (HONG KONG),ZHANJIANG,CHINA (MAINLAND)
2019,470329,MARUBENI,TANJUNG ENIM LESTARI,PANJANG,SUMATERA SELATAN,253,108269,SAIGON,SAIGON PAPER CORP,VIETNAM,CAT LAI,VIETNAM
2019,470329,SINAR MAS,OKI,SULTAN MAHMUD BADARUDDIN (U),SUMATERA SELATAN,2128,1150184,SINAR MAS,GOLDEN PROFIT TRADING PTE LTD,SINGAPORE,NINGBO,CHINA (MAINLAND)
2019,470329,SINAR MAS,OKI,SULTAN MAHMUD BADARUDDIN (U),SUMATERA SELATAN,2600,1283100,UNKNOWN AFFILIATION,FREELAND UNIVERSAL LTD,CHINA (HONG KONG),CHANGSHU,CHINA (MAINLAND)
2019,470329,SINAR MAS,OKI,SULTAN MAHMUD BADARUDDIN (U),SUMATERA SELATAN,1000,540500,UNKNOWN AFFILIATION,FREELAND UNIVERSAL LTD,CHINA (HONG KONG),CHANGSHU,CHINA (MAINLAND)
2019,470329,SINAR MAS,OKI,SULTAN MAHMUD BADARUDDIN (U),SUMATERA SELATAN,1000,493500,UNKNOWN AFFILIATION,BRIGHTENING SKY CO LTD,CHINA (HONG KONG),CHANGSHU,CHINA (MAINLAND)
2019,470329,SINAR MAS,OKI,SULTAN MAHMUD BADARUDDIN (U),SUMATERA SELATAN,500,270250,UNKNOWN AFFILIATION,FREELAND UNIVERSAL LTD,CHINA (HONG KONG),CHANGSHU,CHINA (MAINLAND)
2019,470329,SINAR MAS,OKI,SULTAN MAHMUD BADARUDDIN (U),SUMATERA SELATAN,500,270250,UNKNOWN AFFILIATION,BRIGHTENING SKY CO LTD,CHINA (HONG KONG),CHANGSHU,CHINA (MAINLAND)
2019,470329,SINAR MAS,OKI,SULTAN MAHMUD BADARUDDIN (U),SUMATERA SELATAN,1972,1065866,SINAR MAS,GOLDEN PROFIT TRADING PTE LTD,SINGAPORE,NINGBO,CHINA (MAINLAND)
2019,470329,ROYAL GOLDEN EAGLE,APRIL,BUATAN,RIAU,301,92366,ROYAL GOLDEN EAGLE,APRIL INTERNATIONAL ENTEPRISE PTE LTD,SINGAPORE,JAWAHARLAL NEHRU (NHAVA S,INDIA
2019,470329,ROYAL GOLDEN EAGLE,APRIL,BUATAN,RIAU,1004,308210,ROYAL GOLDEN EAGLE,APRIL INTERNATIONAL ENTEPRISE PTE LTD,SINGAPORE,NINGBO,CHINA (MAINLAND)
2019,470329,SINAR MAS,INDAH KIAT,PERAWANG,RIAU,792,397327,CHINA UNION,CHINA UNION (MACAO COMMERCIAL OFFSHORE) CO LTD,MACAO,SHANGHAI,CHINA (MAINLAND)
2019,470329,ROYAL GOLDEN EAGLE,APRIL,FUTONG,RIAU,503,153368,ROYAL GOLDEN EAGLE,APRIL INTERNATIONAL ENTEPRISE PTE LTD,SINGAPORE,PUNE,INDIA
2019,470329,ROYAL GOLDEN EAGLE,APRIL,FUTONG,RIAU,1004,308230,ROYAL GOLDEN EAGLE,APRIL INTERNATIONAL ENTEPRISE PTE LTD,SINGAPORE,NINGBO,CHINA (MAINLAND)
2019,470329,ROYAL GOLDEN EAGLE,APRIL,FUTONG,RIAU,503,153403,ROYAL GOLDEN EAGLE,APRIL INTERNATIONAL ENTEPRISE PTE LTD,SINGAPORE,CHITTAGONG,BANGLADESH
2019,470329,ROYAL GOLDEN EAGLE,APRIL,BUATAN,RIAU,502,154202,ROYAL GOLDEN EAGLE,APRIL INTERNATIONAL ENTEPRISE PTE LTD,SINGAPORE,ZHAPU,CHINA (MAINLAND)
2019,470329,ROYAL GOLDEN EAGLE,APRIL,BUATAN,RIAU,501,153957,ROYAL GOLDEN EAGLE,APRIL INTERNATIONAL ENTEPRISE PTE LTD,SINGAPORE,CHITTAGONG,BANGLADESH
2019,470329,ROYAL GOLDEN EAGLE,APRIL,BUATAN,RIAU,201,61676,ROYAL GOLDEN EAGLE,APRIL INTERNATIONAL ENTEPRISE PTE LTD,SINGAPORE,KATHUWAS ICD/ALWAR,INDIA
2019,470329,MARUBENI,TANJUNG ENIM LESTARI,PANJANG,SUMATERA SELATAN,987,401196,VINDA,VINDA PAPER (ZHEJIANG) CO LTD,CHINA (MAINLAND),NINGBO,CHINA (MAINLAND)
2019,470329,MARUBENI,TANJUNG ENIM LESTARI,PANJANG,SUMATERA SELATAN,523,208341,VINDA,VINDA PERSONAL CARE (CHINA) LTD,CHINA (MAINLAND),WUHAN,CHINA (MAINLAND)
2019,470329,ROYAL GOLDEN EAGLE,APRIL,BUATAN,RIAU,40,12323,ROYAL GOLDEN EAGLE,APRIL INTERNATIONAL ENTEPRISE PTE LTD,SINGAPORE,JAWAHARLAL NEHRU (NHAVA S,INDIA
2019,470329,ROYAL GOLDEN EAGLE,APRIL,FUTONG,RIAU,4944,1517781,ROYAL GOLDEN EAGLE,APRIL INTERNATIONAL ENTEPRISE PTE LTD,SINGAPORE,NANSHA,CHINA (MAINLAND)
2019,470329,ROYAL GOLDEN EAGLE,APRIL,FUTONG,RIAU,5223,1603365,ROYAL GOLDEN EAGLE,APRIL INTERNATIONAL ENTEPRISE PTE LTD,SINGAPORE,CHANGSHU,CHINA (MAINLAND)
2019,470329,ROYAL GOLDEN EAGLE,APRIL,BUATAN,RIAU,1003,307912,ROYAL GOLDEN EAGLE,APRIL INTERNATIONAL ENTEPRISE PTE LTD,SINGAPORE,JIUJIANG,CHINA (MAINLAND)
2019,470329,ROYAL GOLDEN EAGLE,APRIL,BUATAN,RIAU,201,61793,ROYAL GOLDEN EAGLE,APRIL INTERNATIONAL ENTEPRISE PTE LTD,SINGAPORE,SONIPAT,INDIA
2019,470329,ROYAL GOLDEN EAGLE,APRIL,BUATAN,RIAU,503,154404,ROYAL GOLDEN EAGLE,APRIL INTERNATIONAL ENTEPRISE PTE LTD,SINGAPORE,CHITTAGONG,BANGLADESH
2019,470329,ROYAL GOLDEN EAGLE,APRIL,BUATAN,RIAU,1005,308477,ROYAL GOLDEN EAGLE,APRIL INTERNATIONAL ENTEPRISE PTE LTD,SINGAPORE,JIUJIANG,CHINA (MAINLAND)
2019,470329,SINAR MAS,INDAH KIAT,PERAWANG,RIAU,1012,536765,DRAGON CROWN HOLDINGS,DRAGON CROWN (HK) TRADING LTD,CHINA (HONG KONG),CHONGQING,CHINA (MAINLAND)
2019,470329,ROYAL GOLDEN EAGLE,TOBA PULP LESTARI,BELAWAN,SUMATERA UTARA,102,41402,ROYAL GOLDEN EAGLE,DP MARKETING INTERNATIONAL,MACAO,PIPAVAV (VICTOR) PORT,INDIA
2019,470329,SINAR MAS,LONTAR PAPYRUS,KUALA TUNGKAL,JAMBI,1002,498714,DRAGON CROWN HOLDINGS,DRAGON CROWN (HK) TRADING LTD,CHINA (HONG KONG),ZHANJIANG,CHINA (MAINLAND)
2019,470329,SINAR MAS,INDAH KIAT,PERAWANG,RIAU,1012,536765,DRAGON CROWN HOLDINGS,DRAGON CROWN (HK) TRADING LTD,CHINA (HONG KONG),CHONGQING,CHINA (MAINLAND)
2019,470329,SINAR MAS,LONTAR PAPYRUS,KUALA TUNGKAL,JAMBI,501,249914,SINAR MAS,GOLDEN PROFIT TRADING PTE LTD,SINGAPORE,HAIPHONG,VIETNAM
2019,470329,SINAR MAS,OKI,SULTAN MAHMUD BADARUDDIN (U),SUMATERA SELATAN,4000,1980000,UNKNOWN AFFILIATION,FREELAND UNIVERSAL LTD,CHINA (HONG KONG),ZHENJIANG,CHINA (MAINLAND)
2019,470329,SINAR MAS,LONTAR PAPYRUS,KUALA TUNGKAL,JAMBI,1003,550606,SINAR MAS,GOLDEN PROFIT TRADING PTE LTD,SINGAPORE,HAIPHONG,VIETNAM
2019,470329,SINAR MAS,OKI,SULTAN MAHMUD BADARUDDIN (U),SUMATERA SELATAN,1000,542000,UNKNOWN AFFILIATION,BRIGHTENING SKY CO LTD,CHINA (HONG KONG),ZHENJIANG,CHINA (MAINLAND)
2019,470329,SINAR MAS,OKI,SULTAN MAHMUD BADARUDDIN (U),SUMATERA SELATAN,10000,4950000,SINAR MAS,GOLDEN PROFIT TRADING PTE LTD,SINGAPORE,ZHENJIANG,CHINA (MAINLAND)
2019,470329,ROYAL GOLDEN EAGLE,APRIL,BUATAN,RIAU,201,61725,ROYAL GOLDEN EAGLE,APRIL INTERNATIONAL ENTEPRISE PTE LTD,SINGAPORE,CHITTAGONG,BANGLADESH
2019,470329,SINAR MAS,INDAH KIAT,PERAWANG,RIAU,484,256714,DRAGON CROWN HOLDINGS,DRAGON CROWN (HK) TRADING LTD,CHINA (HONG KONG),CHONGQING,CHINA (MAINLAND)
2019,470329,SINAR MAS,INDAH KIAT,PERAWANG,RIAU,500,273982,SINAR MAS,GOLDEN PROFIT TRADING PTE LTD,SINGAPORE,MELBOURNE,AUSTRALIA
2019,470329,ROYAL GOLDEN EAGLE,APRIL,FUTONG,RIAU,1916,588310,ROYAL GOLDEN EAGLE,APRIL INTERNATIONAL ENTEPRISE PTE LTD,SINGAPORE,IYOMISHIMA,JAPAN
2019,470329,SINAR MAS,INDAH KIAT,PERAWANG,RIAU,1000,550791,SINAR MAS,GOLDEN PROFIT TRADING PTE LTD,SINGAPORE,ABU DHABI,UNITED ARAB EMIRATES
2019,470329,ROYAL GOLDEN EAGLE,APRIL,BUATAN,RIAU,502,154159,ROYAL GOLDEN EAGLE,APRIL INTERNATIONAL ENTEPRISE PTE LTD,SINGAPORE,CHITTAGONG,BANGLADESH
2019,470329,ROYAL GOLDEN EAGLE,APRIL,BUATAN,RIAU,502,153253,ROYAL GOLDEN EAGLE,APRIL INTERNATIONAL ENTEPRISE PTE LTD,SINGAPORE,CHITTAGONG,BANGLADESH
2019,470329,ROYAL GOLDEN EAGLE,APRIL,BUATAN,RIAU,141,42902,ROYAL GOLDEN EAGLE,APRIL INTERNATIONAL ENTEPRISE PTE LTD,SINGAPORE,CHITTAGONG,BANGLADESH
2019,470329,MARUBENI,TANJUNG ENIM LESTARI,PANJANG,SUMATERA SELATAN,989,412706,YUEN FOONG YU PAPER MANUFACTURING,CHUNG HWA PULP CORP,TAIWAN,KAOHSIUNG,TAIWAN
2019,470329,ROYAL GOLDEN EAGLE,APRIL,FUTONG,RIAU,5822,1785275,ROYAL GOLDEN EAGLE,APRIL INTERNATIONAL ENTEPRISE PTE LTD,SINGAPORE,NINGBO,CHINA (MAINLAND)
2019,470329,ROYAL GOLDEN EAGLE,APRIL,FUTONG,RIAU,1573,482988,ROYAL GOLDEN EAGLE,APRIL INTERNATIONAL ENTEPRISE PTE LTD,SINGAPORE,QINGDAO,CHINA (MAINLAND)
2019,470329,SINAR MAS,LONTAR PAPYRUS,KUALA TUNGKAL,JAMBI,201,99358,SINAR MAS,GOLDEN PROFIT TRADING PTE LTD,SINGAPORE,MANILA SOUTH HARBOUR,PHILIPPINES
2019,470329,SINAR MAS,LONTAR PAPYRUS,KUALA TUNGKAL,JAMBI,503,244506,SINAR MAS,GOLDEN PROFIT TRADING PTE LTD,SINGAPORE,CHITTAGONG,BANGLADESH
2019,470329,SINAR MAS,LONTAR PAPYRUS,KUALA TUNGKAL,JAMBI,502,268957,SINAR MAS,GOLDEN PROFIT TRADING PTE LTD,SINGAPORE,CHITTAGONG,BANGLADESH
2019,470329,SINAR MAS,OKI,SULTAN MAHMUD BADARUDDIN (U),SUMATERA SELATAN,800,430320,UNKNOWN AFFILIATION,BRIGHTENING SKY CO LTD,CHINA (HONG KONG),CHANGSHU,CHINA (MAINLAND)
2019,470329,SINAR MAS,OKI,SULTAN MAHMUD BADARUDDIN (U),SUMATERA SELATAN,2000,1075182,DRAGON CROWN HOLDINGS,DRAGON CROWN (HK) TRADING LTD,CHINA (HONG KONG),HUANGPU,CHINA (MAINLAND)
2019,470329,SINAR MAS,INDAH KIAT,PERAWANG,RIAU,500,246200,UNKNOWN AFFILIATION,BRIGHTENING SKY CO LTD,CHINA (HONG KONG),NINGBO,CHINA (MAINLAND)
2019,470329,SINAR MAS,INDAH KIAT,PERAWANG,RIAU,308,156236,SINAR MAS,GOLDEN PROFIT TRADING PTE LTD,SINGAPORE,KAOHSIUNG,TAIWAN
2019,470329,SINAR MAS,INDAH KIAT,PERAWANG,RIAU,4500,2215800,SINAR MAS,GOLDEN PROFIT TRADING PTE LTD,SINGAPORE,NINGBO,CHINA (MAINLAND)
2019,470329,ROYAL GOLDEN EAGLE,APRIL,BUATAN,RIAU,502,154224,ROYAL GOLDEN EAGLE,APRIL INTERNATIONAL ENTEPRISE PTE LTD,SINGAPORE,HAIPHONG,VIETNAM
2019,470329,SINAR MAS,INDAH KIAT,PERAWANG,RIAU,5000,2462000,SINAR MAS,GOLDEN PROFIT TRADING PTE LTD,SINGAPORE,NINGBO,CHINA (MAINLAND)
2019,470329,ROYAL GOLDEN EAGLE,APRIL,BUATAN,RIAU,101,30670,ROYAL GOLDEN EAGLE,APRIL INTERNATIONAL ENTEPRISE PTE LTD,SINGAPORE,NAGPUR,INDIA
2019,470329,SINAR MAS,OKI,SULTAN MAHMUD BADARUDDIN (U),SUMATERA SELATAN,500,245450,UNKNOWN AFFILIATION,BRIGHTENING SKY CO LTD,CHINA (HONG KONG),CHANGSHU,CHINA (MAINLAND)
2019,470329,SINAR MAS,OKI,SULTAN MAHMUD BADARUDDIN (U),SUMATERA SELATAN,500,268950,UNKNOWN AFFILIATION,FREELAND UNIVERSAL LTD,CHINA (HONG KONG),CHANGSHU,CHINA (MAINLAND)
2019,470329,ROYAL GOLDEN EAGLE,APRIL,BUATAN,RIAU,161,49309,ROYAL GOLDEN EAGLE,APRIL INTERNATIONAL ENTEPRISE PTE LTD,SINGAPORE,TUGLAKABAD,INDIA
2019,470329,SINAR MAS,OKI,SULTAN MAHMUD BADARUDDIN (U),SUMATERA SELATAN,1000,537591,DRAGON CROWN HOLDINGS,DRAGON CROWN (HK) TRADING LTD,CHINA (HONG KONG),HUANGPU,CHINA (MAINLAND)
2019,470329,SINAR MAS,OKI,SULTAN MAHMUD BADARUDDIN (U),SUMATERA SELATAN,800,392720,UNKNOWN AFFILIATION,BRIGHTENING SKY CO LTD,CHINA (HONG KONG),CHANGSHU,CHINA (MAINLAND)
2019,470329,SINAR MAS,OKI,SULTAN MAHMUD BADARUDDIN (U),SUMATERA SELATAN,1312,710579,DRAGON CROWN HOLDINGS,DRAGON CROWN (HK) TRADING LTD,CHINA (HONG KONG),YUNFU,CHINA (MAINLAND)
2019,470329,SINAR MAS,OKI,SULTAN MAHMUD BADARUDDIN (U),SUMATERA SELATAN,2700,1452330,UNKNOWN AFFILIATION,FREELAND UNIVERSAL LTD,CHINA (HONG KONG),CHANGSHU,CHINA (MAINLAND)
2019,470329,SINAR MAS,OKI,SULTAN MAHMUD BADARUDDIN (U),SUMATERA SELATAN,2300,1129070,UNKNOWN AFFILIATION,FREELAND UNIVERSAL LTD,CHINA (HONG KONG),CHANGSHU,CHINA (MAINLAND)
2019,470329,SINAR MAS,LONTAR PAPYRUS,KUALA TUNGKAL,JAMBI,501,268593,SINAR MAS,GOLDEN PROFIT TRADING PTE LTD,SINGAPORE,CHITTAGONG,BANGLADESH
2019,470329,SINAR MAS,LONTAR PAPYRUS,KUALA TUNGKAL,JAMBI,241,130549,SINAR MAS,GOLDEN PROFIT TRADING PTE LTD,SINGAPORE,PIPAVAV (VICTOR) PORT,INDIA
2019,470329,SINAR MAS,LONTAR PAPYRUS,KUALA TUNGKAL,JAMBI,160,88122,SINAR MAS,GOLDEN PROFIT TRADING PTE LTD,SINGAPORE,CAT LAI,VIETNAM
2019,470329,SINAR MAS,OKI,SULTAN MAHMUD BADARUDDIN (U),SUMATERA SELATAN,1000,489900,UNKNOWN AFFILIATION,BRIGHTENING SKY CO LTD,CHINA (HONG KONG),CHANGSHU,CHINA (MAINLAND)
2019,470329,SINAR MAS,OKI,SULTAN MAHMUD BADARUDDIN (U),SUMATERA SELATAN,1950,955305,UNKNOWN AFFILIATION,BRIGHTENING SKY CO LTD,CHINA (HONG KONG),CHANGSHU,CHINA (MAINLAND)
2019,470329,SINAR MAS,OKI,SULTAN MAHMUD BADARUDDIN (U),SUMATERA SELATAN,2200,1076900,UNKNOWN AFFILIATION,BRIGHTENING SKY CO LTD,CHINA (HONG KONG),NINGBO,CHINA (MAINLAND)
2019,470329,SINAR MAS,OKI,SULTAN MAHMUD BADARUDDIN (U),SUMATERA SELATAN,3000,1609773,DRAGON CROWN HOLDINGS,DRAGON CROWN (HK) TRADING LTD,CHINA (HONG KONG),TIANJIN,CHINA (MAINLAND)
2019,470329,SINAR MAS,OKI,SULTAN MAHMUD BADARUDDIN (U),SUMATERA SELATAN,3000,1609773,DRAGON CROWN HOLDINGS,DRAGON CROWN (HK) TRADING LTD,CHINA (HONG KONG),TIANJIN,CHINA (MAINLAND)
2019,470329,SINAR MAS,OKI,SULTAN MAHMUD BADARUDDIN (U),SUMATERA SELATAN,5100,2498490,UNKNOWN AFFILIATION,FREELAND UNIVERSAL LTD,CHINA (HONG KONG),CHANGSHU,CHINA (MAINLAND)
2019,470329,SINAR MAS,OKI,SULTAN MAHMUD BADARUDDIN (U),SUMATERA SELATAN,3000,1609773,DRAGON CROWN HOLDINGS,DRAGON CROWN (HK) TRADING LTD,CHINA (HONG KONG),TIANJIN,CHINA (MAINLAND)
2019,470329,SINAR MAS,INDAH KIAT,PERAWANG,RIAU,1000,549532,SINAR MAS,GOLDEN PROFIT TRADING PTE LTD,SINGAPORE,ABU DHABI,UNITED ARAB EMIRATES
2019,470329,SINAR MAS,OKI,SULTAN MAHMUD BADARUDDIN (U),SUMATERA SELATAN,3000,1609773,DRAGON CROWN HOLDINGS,DRAGON CROWN (HK) TRADING LTD,CHINA (HONG KONG),TIANJIN,CHINA (MAINLAND)
2019,470329,ROYAL GOLDEN EAGLE,APRIL,BUATAN,RIAU,60,18382,ROYAL GOLDEN EAGLE,APRIL INTERNATIONAL ENTEPRISE PTE LTD,SINGAPORE,JAWAHARLAL NEHRU (NHAVA S,INDIA
2019,470329,SINAR MAS,INDAH KIAT,PERAWANG,RIAU,1012,536765,DRAGON CROWN HOLDINGS,DRAGON CROWN (HK) TRADING LTD,CHINA (HONG KONG),CHONGQING,CHINA (MAINLAND)
2019,470329,SINAR MAS,INDAH KIAT,PERAWANG,RIAU,1012,536765,DRAGON CROWN HOLDINGS,DRAGON CROWN (HK) TRADING LTD,CHINA (HONG KONG),CHONGQING,CHINA (MAINLAND)
2019,470329,SINAR MAS,INDAH KIAT,PERAWANG,RIAU,990,525096,DRAGON CROWN HOLDINGS,DRAGON CROWN (HK) TRADING LTD,CHINA (HONG KONG),CHONGQING,CHINA (MAINLAND)
2019,470329,SINAR MAS,INDAH KIAT,PERAWANG,RIAU,500,275176,SINAR MAS,GOLDEN PROFIT TRADING PTE LTD,SINGAPORE,CHITTAGONG,BANGLADESH
2019,470329,SINAR MAS,OKI,SULTAN MAHMUD BADARUDDIN (U),SUMATERA SELATAN,3000,1609773,DRAGON CROWN HOLDINGS,DRAGON CROWN (HK) TRADING LTD,CHINA (HONG KONG),TIANJIN,CHINA (MAINLAND)
2019,470329,SINAR MAS,OKI,SULTAN MAHMUD BADARUDDIN (U),SUMATERA SELATAN,500,269095,DRAGON CROWN HOLDINGS,DRAGON CROWN (HK) TRADING LTD,CHINA (HONG KONG),GAOLAN,CHINA (MAINLAND)
2019,470329,SINAR MAS,OKI,SULTAN MAHMUD BADARUDDIN (U),SUMATERA SELATAN,5000,2447500,UNKNOWN AFFILIATION,BRIGHTENING SKY CO LTD,CHINA (HONG KONG),NINGBO,CHINA (MAINLAND)
2019,470329,SINAR MAS,OKI,SULTAN MAHMUD BADARUDDIN (U),SUMATERA SELATAN,1500,807286,DRAGON CROWN HOLDINGS,DRAGON CROWN (HK) TRADING LTD,CHINA (HONG KONG),GAOLAN,CHINA (MAINLAND)
2019,470329,SINAR MAS,OKI,SULTAN MAHMUD BADARUDDIN (U),SUMATERA SELATAN,1950,1046955,UNKNOWN AFFILIATION,BRIGHTENING SKY CO LTD,CHINA (HONG KONG),CHANGSHU,CHINA (MAINLAND)
2019,470329,ROYAL GOLDEN EAGLE,APRIL,BUATAN,RIAU,1005,308467,ROYAL GOLDEN EAGLE,APRIL INTERNATIONAL ENTEPRISE PTE LTD,SINGAPORE,NINGBO,CHINA (MAINLAND)
2019,470329,ROYAL GOLDEN EAGLE,APRIL,FUTONG,RIAU,1003,307934,ROYAL GOLDEN EAGLE,APRIL INTERNATIONAL ENTEPRISE PTE LTD,SINGAPORE,NINGBO,CHINA (MAINLAND)
2019,470329,SINAR MAS,OKI,SULTAN MAHMUD BADARUDDIN (U),SUMATERA SELATAN,656,320505,UNKNOWN AFFILIATION,BRIGHTENING SKY CO LTD,CHINA (HONG KONG),NINGBO,CHINA (MAINLAND)
2019,470329,SINAR MAS,OKI,SULTAN MAHMUD BADARUDDIN (U),SUMATERA SELATAN,1800,970920,CHINA UNION,CHINA UNION (MACAO COMMERCIAL OFFSHORE) CO LTD,MACAO,ZHENJIANG,CHINA (MAINLAND)
2019,470329,SINAR MAS,INDAH KIAT,PERAWANG,RIAU,1012,536765,DRAGON CROWN HOLDINGS,DRAGON CROWN (HK) TRADING LTD,CHINA (HONG KONG),CHONGQING,CHINA (MAINLAND)
2019,470329,ROYAL GOLDEN EAGLE,APRIL,BUATAN,RIAU,603,185116,ROYAL GOLDEN EAGLE,APRIL INTERNATIONAL ENTEPRISE PTE LTD,SINGAPORE,CHITTAGONG,BANGLADESH
2019,470329,SINAR MAS,INDAH KIAT,PERAWANG,RIAU,500,286734,SINAR MAS,GOLDEN PROFIT TRADING PTE LTD,SINGAPORE,APAPA,NIGERIA
2019,470329,SINAR MAS,OKI,SULTAN MAHMUD BADARUDDIN (U),SUMATERA SELATAN,1000,492400,UNKNOWN AFFILIATION,FREELAND UNIVERSAL LTD,CHINA (HONG KONG),ZHENJIANG,CHINA (MAINLAND)
2019,470329,SINAR MAS,OKI,SULTAN MAHMUD BADARUDDIN (U),SUMATERA SELATAN,5000,2462000,UNKNOWN AFFILIATION,FREELAND UNIVERSAL LTD,CHINA (HONG KONG),ZHENJIANG,CHINA (MAINLAND)
2019,470329,ROYAL GOLDEN EAGLE,APRIL,BUATAN,RIAU,502,154218,ROYAL GOLDEN EAGLE,APRIL INTERNATIONAL ENTEPRISE PTE LTD,SINGAPORE,PUNE,INDIA
2019,470329,SINAR MAS,INDAH KIAT,PERAWANG,RIAU,990,494415,DRAGON CROWN HOLDINGS,DRAGON CROWN (HK) TRADING LTD,CHINA (HONG KONG),HUANGPU OLD PORT,CHINA (MAINLAND)
2019,470329,ROYAL GOLDEN EAGLE,APRIL,BUATAN,RIAU,502,154089,ROYAL GOLDEN EAGLE,APRIL INTERNATIONAL ENTEPRISE PTE LTD,SINGAPORE,CHITTAGONG,BANGLADESH
2019,470329,SINAR MAS,INDAH KIAT,PERAWANG,RIAU,22,10987,DRAGON CROWN HOLDINGS,DRAGON CROWN (HK) TRADING LTD,CHINA (HONG KONG),HUANGPU OLD PORT,CHINA (MAINLAND)
2019,470329,ROYAL GOLDEN EAGLE,APRIL,FUTONG,RIAU,6027,1850351,ROYAL GOLDEN EAGLE,APRIL INTERNATIONAL ENTEPRISE PTE LTD,SINGAPORE,KAKINADA,INDIA
2019,470329,SINAR MAS,LONTAR PAPYRUS,KUALA TUNGKAL,JAMBI,501,263751,SINAR MAS,GOLDEN PROFIT TRADING PTE LTD,SINGAPORE,HAZIRA,INDIA
2019,470329,SINAR MAS,LONTAR PAPYRUS,KUALA TUNGKAL,JAMBI,501,248783,SINAR MAS,GOLDEN PROFIT TRADING PTE LTD,SINGAPORE,CHITTAGONG,BANGLADESH
2019,470329,ROYAL GOLDEN EAGLE,APRIL,BUATAN,RIAU,101,30913,ROYAL GOLDEN EAGLE,APRIL INTERNATIONAL ENTEPRISE PTE LTD,SINGAPORE,CHITTAGONG,BANGLADESH
2019,470329,SINAR MAS,INDAH KIAT,PERAWANG,RIAU,500,271531,SINAR MAS,GOLDEN PROFIT TRADING PTE LTD,SINGAPORE,HAIPHONG,VIETNAM
2019,470329,MARUBENI,TANJUNG ENIM LESTARI,PANJANG,SUMATERA SELATAN,499,209072,MARUBENI,MARUBENI CORP,JAPAN,SHIMIZU,JAPAN
2019,470329,MARUBENI,TANJUNG ENIM LESTARI,PANJANG,SUMATERA SELATAN,506,205674,VINDA,VINDA PAPER (ZHEJIANG) CO LTD,CHINA (MAINLAND),NINGBO,CHINA (MAINLAND)
2019,470329,SINAR MAS,INDAH KIAT,PERAWANG,RIAU,1000,539870,SINAR MAS,GOLDEN PROFIT TRADING PTE LTD,SINGAPORE,HALDIA,INDIA
2019,470329,ROYAL GOLDEN EAGLE,APRIL,BUATAN,RIAU,503,154297,ROYAL GOLDEN EAGLE,APRIL INTERNATIONAL ENTEPRISE PTE LTD,SINGAPORE,CHITTAGONG,BANGLADESH
2019,470329,MARUBENI,TANJUNG ENIM LESTARI,PANJANG,SUMATERA SELATAN,105,42565,UNKNOWN AFFILIATION,VECHEM ORGANICS PVT LTD,INDIA,REWARI,INDIA
2019,470329,ROYAL GOLDEN EAGLE,TOBA PULP LESTARI,BELAWAN,SUMATERA UTARA,75,30436,ROYAL GOLDEN EAGLE,DP MARKETING INTERNATIONAL,MACAO,PIPAVAV (VICTOR) PORT,INDIA
2019,470329,ROYAL GOLDEN EAGLE,APRIL,BUATAN,RIAU,301,91807,ROYAL GOLDEN EAGLE,APRIL INTERNATIONAL ENTEPRISE PTE LTD,SINGAPORE,BANGKOK,THAILAND
2019,470329,MARUBENI,TANJUNG ENIM LESTARI,PANJANG,SUMATERA SELATAN,105,42395,UNKNOWN AFFILIATION,VECHEM ORGANICS PVT LTD,INDIA,REWARI,INDIA
2019,470329,ROYAL GOLDEN EAGLE,APRIL,FUTONG,RIAU,1004,308156,ROYAL GOLDEN EAGLE,APRIL INTERNATIONAL ENTEPRISE PTE LTD,SINGAPORE,JIUJIANG,CHINA (MAINLAND)
2019,470329,SINAR MAS,INDAH KIAT,PERAWANG,RIAU,4000,2159480,SINAR MAS,GOLDEN PROFIT TRADING PTE LTD,SINGAPORE,HALDIA,INDIA
2019,470329,SINAR MAS,INDAH KIAT,PERAWANG,RIAU,2000,1079740,SINAR MAS,GOLDEN PROFIT TRADING PTE LTD,SINGAPORE,HALDIA,INDIA
2019,470329,SINAR MAS,INDAH KIAT,PERAWANG,RIAU,484,256714,DRAGON CROWN HOLDINGS,DRAGON CROWN (HK) TRADING LTD,CHINA (HONG KONG),CHONGQING,CHINA (MAINLAND)
2019,470329,SINAR MAS,INDAH KIAT,PERAWANG,RIAU,520,284637,SINAR MAS,GOLDEN PROFIT TRADING PTE LTD,SINGAPORE,TUTICORIN,INDIA
2019,470329,ROYAL GOLDEN EAGLE,APRIL,BUATAN,RIAU,502,154230,ROYAL GOLDEN EAGLE,APRIL INTERNATIONAL ENTEPRISE PTE LTD,SINGAPORE,CHITTAGONG,BANGLADESH
2019,470329,SINAR MAS,INDAH KIAT,PERAWANG,RIAU,520,284637,SINAR MAS,GOLDEN PROFIT TRADING PTE LTD,SINGAPORE,TUTICORIN,INDIA
2019,470329,SINAR MAS,OKI,SULTAN MAHMUD BADARUDDIN (U),SUMATERA SELATAN,2750,1354100,UNKNOWN AFFILIATION,FREELAND UNIVERSAL LTD,CHINA (HONG KONG),CHANGSHU,CHINA (MAINLAND)
2019,470329,SINAR MAS,OKI,SULTAN MAHMUD BADARUDDIN (U),SUMATERA SELATAN,1000,488118,DRAGON CROWN HOLDINGS,DRAGON CROWN (HK) TRADING LTD,CHINA (HONG KONG),NINGBO,CHINA (MAINLAND)
2019,470329,SINAR MAS,INDAH KIAT,PERAWANG,RIAU,1012,536765,DRAGON CROWN HOLDINGS,DRAGON CROWN (HK) TRADING LTD,CHINA (HONG KONG),CHONGQING,CHINA (MAINLAND)
2019,470329,SINAR MAS,OKI,SULTAN MAHMUD BADARUDDIN (U),SUMATERA SELATAN,1250,615500,UNKNOWN AFFILIATION,BRIGHTENING SKY CO LTD,CHINA (HONG KONG),CHANGSHU,CHINA (MAINLAND)
2019,470329,SINAR MAS,OKI,SULTAN MAHMUD BADARUDDIN (U),SUMATERA SELATAN,1000,489118,DRAGON CROWN HOLDINGS,DRAGON CROWN (HK) TRADING LTD,CHINA (HONG KONG),CHANGSHU,CHINA (MAINLAND)
2019,470329,ROYAL GOLDEN EAGLE,APRIL,BUATAN,RIAU,1004,308257,ROYAL GOLDEN EAGLE,APRIL INTERNATIONAL ENTEPRISE PTE LTD,SINGAPORE,NINGBO,CHINA (MAINLAND)
2019,470329,SINAR MAS,INDAH KIAT,PERAWANG,RIAU,500,273982,SINAR MAS,GOLDEN PROFIT TRADING PTE LTD,SINGAPORE,MELBOURNE,AUSTRALIA
2019,470329,SINAR MAS,OKI,SULTAN MAHMUD BADARUDDIN (U),SUMATERA SELATAN,6000,2948400,UNKNOWN AFFILIATION,BRIGHTENING SKY CO LTD,CHINA (HONG KONG),NINGBO,CHINA (MAINLAND)
2019,470329,SINAR MAS,OKI,SULTAN MAHMUD BADARUDDIN (U),SUMATERA SELATAN,5000,2462000,SINAR MAS,GOLDEN PROFIT TRADING PTE LTD,SINGAPORE,CHANGSHU,CHINA (MAINLAND)
2019,470329,SINAR MAS,LONTAR PAPYRUS,KUALA TUNGKAL,JAMBI,502,274376,SINAR MAS,GOLDEN PROFIT TRADING PTE LTD,SINGAPORE,CHITTAGONG,BANGLADESH
2019,470329,SINAR MAS,LONTAR PAPYRUS,KUALA TUNGKAL,JAMBI,502,248883,SINAR MAS,GOLDEN PROFIT TRADING PTE LTD,SINGAPORE,CHITTAGONG,BANGLADESH
2019,470329,SINAR MAS,LONTAR PAPYRUS,KUALA TUNGKAL,JAMBI,502,264016,SINAR MAS,GOLDEN PROFIT TRADING PTE LTD,SINGAPORE,HAZIRA,INDIA
2019,470329,ROYAL GOLDEN EAGLE,APRIL,BUATAN,RIAU,1004,308154,ROYAL GOLDEN EAGLE,APRIL INTERNATIONAL ENTEPRISE PTE LTD,SINGAPORE,NINGBO,CHINA (MAINLAND)
2019,470329,ROYAL GOLDEN EAGLE,APRIL,BUATAN,RIAU,402,123391,ROYAL GOLDEN EAGLE,APRIL INTERNATIONAL ENTEPRISE PTE LTD,SINGAPORE,CHITTAGONG,BANGLADESH
2019,470329,ROYAL GOLDEN EAGLE,APRIL,BUATAN,RIAU,1004,308257,ROYAL GOLDEN EAGLE,APRIL INTERNATIONAL ENTEPRISE PTE LTD,SINGAPORE,NINGBO,CHINA (MAINLAND)
2019,470329,MARUBENI,TANJUNG ENIM LESTARI,TARAHAN,SUMATERA SELATAN,1049,417710,CHINATEX CORP,CHINATEX RAW MATERIALS IMPORT AND EXPORT,CHINA (MAINLAND),XINGANG,CHINA (MAINLAND)
2019,470329,SINAR MAS,OKI,SULTAN MAHMUD BADARUDDIN (U),SUMATERA SELATAN,1190,642600,UNKNOWN AFFILIATION,BRIGHTENING SKY CO LTD,CHINA (HONG KONG),YANGPU,CHINA (MAINLAND)
2019,470329,SINAR MAS,OKI,SULTAN MAHMUD BADARUDDIN (U),SUMATERA SELATAN,1596,786828,SINAR MAS,GOLDEN PROFIT TRADING PTE LTD,SINGAPORE,YANGPU,CHINA (MAINLAND)
2019,470329,MARUBENI,TANJUNG ENIM LESTARI,TARAHAN,SUMATERA SELATAN,1059,421818,UNKNOWN AFFILIATION,KING ADVANCEMENT DEVELOPMENT (HONG KONG) LTD,CHINA (HONG KONG),QINGDAO,CHINA (MAINLAND)
2019,470329,ROYAL GOLDEN EAGLE,APRIL,BUATAN,RIAU,100,30830,ROYAL GOLDEN EAGLE,APRIL INTERNATIONAL ENTEPRISE PTE LTD,SINGAPORE,NAGPUR,INDIA
2019,470329,ROYAL GOLDEN EAGLE,APRIL,BUATAN,RIAU,100,30641,ROYAL GOLDEN EAGLE,APRIL INTERNATIONAL ENTEPRISE PTE LTD,SINGAPORE,NAGPUR,INDIA
2019,470329,MARUBENI,TANJUNG ENIM LESTARI,TARAHAN,SUMATERA SELATAN,2099,836010,CHINATEX CORP,CHINATEX RAW MATERIALS IMPORT AND EXPORT,CHINA (MAINLAND),XINGANG,CHINA (MAINLAND)
2019,470329,SINAR MAS,INDAH KIAT,PERAWANG,RIAU,484,256714,DRAGON CROWN HOLDINGS,DRAGON CROWN (HK) TRADING LTD,CHINA (HONG KONG),CHONGQING,CHINA (MAINLAND)
2019,470329,MARUBENI,TANJUNG ENIM LESTARI,TARAHAN,SUMATERA SELATAN,1059,422020,JIANGHE PAPER,HENAN JIANGHE PAPER CO LTD,CHINA (MAINLAND),QINGDAO,CHINA (MAINLAND)
2019,470329,MARUBENI,TANJUNG ENIM LESTARI,TARAHAN,SUMATERA SELATAN,499,195725,VINDA,VINDA PAPER NORTH (BEIJING) CO LTD,CHINA (MAINLAND),XINGANG,CHINA (MAINLAND)
2019,470329,SINAR MAS,LONTAR PAPYRUS,KUALA TUNGKAL,JAMBI,201,99562,SINAR MAS,GOLDEN PROFIT TRADING PTE LTD,SINGAPORE,MANILA SOUTH HARBOUR,PHILIPPINES
2019,470329,SINAR MAS,OKI,SULTAN MAHMUD BADARUDDIN (U),SUMATERA SELATAN,3864,2086560,SINAR MAS,GOLDEN PROFIT TRADING PTE LTD,SINGAPORE,YANGPU,CHINA (MAINLAND)
2019,470329,SINAR MAS,OKI,SULTAN MAHMUD BADARUDDIN (U),SUMATERA SELATAN,800,432000,UNKNOWN AFFILIATION,FREELAND UNIVERSAL LTD,CHINA (HONG KONG),YANGPU,CHINA (MAINLAND)
2019,470329,SINAR MAS,INDAH KIAT,PERAWANG,RIAU,990,510562,DRAGON CROWN HOLDINGS,DRAGON CROWN (HK) TRADING LTD,CHINA (HONG KONG),ZHANJIANG,CHINA (MAINLAND)
2019,470329,ROYAL GOLDEN EAGLE,APRIL,BUATAN,RIAU,100,30630,ROYAL GOLDEN EAGLE,APRIL INTERNATIONAL ENTEPRISE PTE LTD,SINGAPORE,NAGPUR,INDIA
2019,470329,MARUBENI,TANJUNG ENIM LESTARI,TARAHAN,SUMATERA SELATAN,2119,844242,JIANGHE PAPER,HENAN JIANGHE PAPER CO LTD,CHINA (MAINLAND),QINGDAO,CHINA (MAINLAND)
2019,470329,MARUBENI,TANJUNG ENIM LESTARI,TARAHAN,SUMATERA SELATAN,2120,844354,JIANGHE PAPER,HENAN JIANGHE PAPER CO LTD,CHINA (MAINLAND),QINGDAO,CHINA (MAINLAND)
2019,470329,SINAR MAS,LONTAR PAPYRUS,KUALA TUNGKAL,JAMBI,503,269623,SINAR MAS,GOLDEN PROFIT TRADING PTE LTD,SINGAPORE,CHITTAGONG,BANGLADESH
2019,470329,SINAR MAS,INDAH KIAT,PERAWANG,RIAU,484,256714,DRAGON CROWN HOLDINGS,DRAGON CROWN (HK) TRADING LTD,CHINA (HONG KONG),CHONGQING,CHINA (MAINLAND)
2019,470329,ROYAL GOLDEN EAGLE,APRIL,BUATAN,RIAU,201,61728,ROYAL GOLDEN EAGLE,APRIL INTERNATIONAL ENTEPRISE PTE LTD,SINGAPORE,KATHUWAS ICD/ALWAR,INDIA
2019,470329,SINAR MAS,INDAH KIAT,PERAWANG,RIAU,520,284637,SINAR MAS,GOLDEN PROFIT TRADING PTE LTD,SINGAPORE,TUTICORIN,INDIA
2019,470329,SINAR MAS,INDAH KIAT,PERAWANG,RIAU,484,256714,DRAGON CROWN HOLDINGS,DRAGON CROWN (HK) TRADING LTD,CHINA (HONG KONG),CHONGQING,CHINA (MAINLAND)
2019,470329,ROYAL GOLDEN EAGLE,APRIL,BUATAN,RIAU,201,61647,ROYAL GOLDEN EAGLE,APRIL INTERNATIONAL ENTEPRISE PTE LTD,SINGAPORE,SONEPAT,INDIA
2019,470329,SINAR MAS,OKI,SULTAN MAHMUD BADARUDDIN (U),SUMATERA SELATAN,120,58788,SINAR MAS,GOLDEN PROFIT TRADING PTE LTD,SINGAPORE,GUNSAN (ES KUNSAN),SOUTH KOREA
2019,470329,ROYAL GOLDEN EAGLE,APRIL,BUATAN,RIAU,181,55591,ROYAL GOLDEN EAGLE,APRIL INTERNATIONAL ENTEPRISE PTE LTD,SINGAPORE,TUGLAKABAD,INDIA
2019,470329,ROYAL GOLDEN EAGLE,APRIL,FUTONG,RIAU,2612,801818,ROYAL GOLDEN EAGLE,APRIL INTERNATIONAL ENTEPRISE PTE LTD,SINGAPORE,ZHANJIANG,CHINA (MAINLAND)
2019,470329,ROYAL GOLDEN EAGLE,APRIL,FUTONG,RIAU,2510,770592,ROYAL GOLDEN EAGLE,APRIL INTERNATIONAL ENTEPRISE PTE LTD,SINGAPORE,ZHANJIANG,CHINA (MAINLAND)
2019,470329,SINAR MAS,OKI,SULTAN MAHMUD BADARUDDIN (U),SUMATERA SELATAN,6000,2939400,SINAR MAS,GOLDEN PROFIT TRADING PTE LTD,SINGAPORE,GUNSAN (ES KUNSAN),SOUTH KOREA
2019,470329,SINAR MAS,OKI,SULTAN MAHMUD BADARUDDIN (U),SUMATERA SELATAN,1144,561590,UNKNOWN AFFILIATION,BRIGHTENING SKY CO LTD,CHINA (HONG KONG),NINGBO,CHINA (MAINLAND)
2019,470329,ROYAL GOLDEN EAGLE,APRIL,FUTONG,RIAU,5018,1540612,ROYAL GOLDEN EAGLE,APRIL INTERNATIONAL ENTEPRISE PTE LTD,SINGAPORE,CHANGSHU,CHINA (MAINLAND)
2019,470329,MARUBENI,TANJUNG ENIM LESTARI,PANJANG,SUMATERA SELATAN,104,45964,UNKNOWN AFFILIATION,HINDPRAKASH INDUSTRIES LTD,INDIA,MUNDRA,INDIA
2019,470329,SINAR MAS,OKI,SULTAN MAHMUD BADARUDDIN (U),SUMATERA SELATAN,1000,489900,SINAR MAS,GOLDEN PROFIT TRADING PTE LTD,SINGAPORE,GUNSAN (ES KUNSAN),SOUTH KOREA
2019,470329,ROYAL GOLDEN EAGLE,APRIL,BUATAN,RIAU,60,18485,ROYAL GOLDEN EAGLE,APRIL INTERNATIONAL ENTEPRISE PTE LTD,SINGAPORE,JAWAHARLAL NEHRU (NHAVA S,INDIA
2019,470329,MARUBENI,TANJUNG ENIM LESTARI,PANJANG,SUMATERA SELATAN,106,42703,UNKNOWN AFFILIATION,VECHEM ORGANICS PVT LTD,INDIA,PIPAVAV (VICTOR) PORT,INDIA
2019,470329,ROYAL GOLDEN EAGLE,APRIL,FUTONG,RIAU,1997,613022,ROYAL GOLDEN EAGLE,APRIL INTERNATIONAL ENTEPRISE PTE LTD,SINGAPORE,XIAMEN,CHINA (MAINLAND)
2019,470329,SINAR MAS,OKI,SULTAN MAHMUD BADARUDDIN (U),SUMATERA SELATAN,2736,1343102,UNKNOWN AFFILIATION,BRIGHTENING SKY CO LTD,CHINA (HONG KONG),NINGBO,CHINA (MAINLAND)
2019,470329,ROYAL GOLDEN EAGLE,APRIL,BUATAN,RIAU,1003,308064,ROYAL GOLDEN EAGLE,APRIL INTERNATIONAL ENTEPRISE PTE LTD,SINGAPORE,NINGBO,CHINA (MAINLAND)
2019,470329,ROYAL GOLDEN EAGLE,APRIL,FUTONG,RIAU,5022,1541651,ROYAL GOLDEN EAGLE,APRIL FAR EAST MALAYSIA SDN BHD,MALAYSIA,XINHUI,CHINA (MAINLAND)
2019,470329,ROYAL GOLDEN EAGLE,APRIL,FUTONG,RIAU,2512,771296,ROYAL GOLDEN EAGLE,APRIL INTERNATIONAL ENTEPRISE PTE LTD,SINGAPORE,HAIPHONG,VIETNAM
2019,470329,SINAR MAS,LONTAR PAPYRUS,KUALA TUNGKAL,JAMBI,501,268682,SINAR MAS,GOLDEN PROFIT TRADING PTE LTD,SINGAPORE,CHITTAGONG,BANGLADESH
2019,470329,SINAR MAS,INDAH KIAT,PERAWANG,RIAU,500,284176,SINAR MAS,GOLDEN PROFIT TRADING PTE LTD,SINGAPORE,CHITTAGONG,BANGLADESH
2019,470329,SINAR MAS,LONTAR PAPYRUS,KUALA TUNGKAL,JAMBI,501,243616,SINAR MAS,GOLDEN PROFIT TRADING PTE LTD,SINGAPORE,CHITTAGONG,BANGLADESH
2019,470329,MARUBENI,TANJUNG ENIM LESTARI,PANJANG,SUMATERA SELATAN,211,86161,UNKNOWN AFFILIATION,SHANGHAI LEXUAN INTERNATIONAL TRADE CO LTD,CHINA (MAINLAND),QINZHOU,CHINA (MAINLAND)
2019,470329,SINAR MAS,LONTAR PAPYRUS,KUALA TUNGKAL,JAMBI,502,243929,SINAR MAS,GOLDEN PROFIT TRADING PTE LTD,SINGAPORE,CHITTAGONG,BANGLADESH
2019,470329,SINAR MAS,LONTAR PAPYRUS,KUALA TUNGKAL,JAMBI,764,409823,SINAR MAS,GOLDEN PROFIT TRADING PTE LTD,SINGAPORE,CHITTAGONG,BANGLADESH
2019,470329,ROYAL GOLDEN EAGLE,APRIL,BUATAN,RIAU,502,154153,ROYAL GOLDEN EAGLE,APRIL INTERNATIONAL ENTEPRISE PTE LTD,SINGAPORE,TUTICORIN,INDIA
2019,470329,SINAR MAS,LONTAR PAPYRUS,KUALA TUNGKAL,JAMBI,502,249079,SINAR MAS,GOLDEN PROFIT TRADING PTE LTD,SINGAPORE,HAIPHONG,VIETNAM
2019,470329,ROYAL GOLDEN EAGLE,APRIL,BUATAN,RIAU,201,61650,ROYAL GOLDEN EAGLE,APRIL INTERNATIONAL ENTEPRISE PTE LTD,SINGAPORE,TUTICORIN,INDIA
2019,470329,ROYAL GOLDEN EAGLE,APRIL,FUTONG,RIAU,502,154261,ROYAL GOLDEN EAGLE,APRIL INTERNATIONAL ENTEPRISE PTE LTD,SINGAPORE,CHITTAGONG,BANGLADESH
2019,470329,ROYAL GOLDEN EAGLE,APRIL,BUATAN,RIAU,301,91790,ROYAL GOLDEN EAGLE,APRIL INTERNATIONAL ENTEPRISE PTE LTD,SINGAPORE,BANGKOK,THAILAND
2019,470329,ROYAL GOLDEN EAGLE,APRIL,BUATAN,RIAU,302,92590,ROYAL GOLDEN EAGLE,APRIL INTERNATIONAL ENTEPRISE PTE LTD,SINGAPORE,TUTICORIN,INDIA
2019,470329,SINAR MAS,INDAH KIAT,PERAWANG,RIAU,10000,4924000,SINAR MAS,GOLDEN PROFIT TRADING PTE LTD,SINGAPORE,DAGANG,CHINA (MAINLAND)
2019,470329,ROYAL GOLDEN EAGLE,APRIL,BUATAN,RIAU,100,30824,ROYAL GOLDEN EAGLE,APRIL INTERNATIONAL ENTEPRISE PTE LTD,SINGAPORE,JAWAHARLAL NEHRU (NHAVA S,INDIA
2019,470329,SINAR MAS,INDAH KIAT,PERAWANG,RIAU,1300,640120,UNKNOWN AFFILIATION,BRIGHTENING SKY CO LTD,CHINA (HONG KONG),DAGANG,CHINA (MAINLAND)
2019,470329,SINAR MAS,OKI,SULTAN MAHMUD BADARUDDIN (U),SUMATERA SELATAN,3800,2049720,CHINA UNION,CHINA UNION (MACAO COMMERCIAL OFFSHORE) CO LTD,MACAO,ZHENJIANG,CHINA (MAINLAND)
2019,470329,SINAR MAS,OKI,SULTAN MAHMUD BADARUDDIN (U),SUMATERA SELATAN,4000,1969600,CHINA UNION,CHINA UNION (MACAO COMMERCIAL OFFSHORE) CO LTD,MACAO,ZHENJIANG,CHINA (MAINLAND)
2019,470329,SINAR MAS,OKI,SULTAN MAHMUD BADARUDDIN (U),SUMATERA SELATAN,3200,1726080,CHINA UNION,CHINA UNION (MACAO COMMERCIAL OFFSHORE) CO LTD,MACAO,ZHENJIANG,CHINA (MAINLAND)
2019,470329,SINAR MAS,LONTAR PAPYRUS,KUALA TUNGKAL,JAMBI,503,264812,SINAR MAS,GOLDEN PROFIT TRADING PTE LTD,SINGAPORE,HAZIRA,INDIA
2019,470329,SINAR MAS,LONTAR PAPYRUS,KUALA TUNGKAL,JAMBI,1005,536766,SINAR MAS,GOLDEN PROFIT TRADING PTE LTD,SINGAPORE,KARACHI,PAKISTAN
2019,470329,SINAR MAS,INDAH KIAT,PERAWANG,RIAU,10000,4000000,UNKNOWN AFFILIATION,HAYAT KIMYA SANAYI A.S,TURKEY,MERSIN,TURKEY
2019,470329,SINAR MAS,INDAH KIAT,PERAWANG,RIAU,14000,5654924,UNKNOWN AFFILIATION,HAYAT KIMYA SANAYI A.S,TURKEY,MERSIN,TURKEY
2019,470329,ROYAL GOLDEN EAGLE,APRIL,BUATAN,RIAU,201,61600,ROYAL GOLDEN EAGLE,APRIL INTERNATIONAL ENTEPRISE PTE LTD,SINGAPORE,KATHUWAS ICD/ALWAR,INDIA
2019,470329,SINAR MAS,INDAH KIAT,PERAWANG,RIAU,3500,1400000,UNKNOWN AFFILIATION,HAYAT KIMYA SANAYI A.S,TURKEY,MERSIN,TURKEY
2019,470329,ROYAL GOLDEN EAGLE,APRIL,FUTONG,RIAU,1004,308184,ROYAL GOLDEN EAGLE,APRIL INTERNATIONAL ENTEPRISE PTE LTD,SINGAPORE,NINGBO,CHINA (MAINLAND)
2019,470329,SINAR MAS,INDAH KIAT,PERAWANG,RIAU,2500,1000000,UNKNOWN AFFILIATION,HAYAT KIMYA SANAYI A.S,TURKEY,MERSIN,TURKEY
2019,470329,SINAR MAS,OKI,SULTAN MAHMUD BADARUDDIN (U),SUMATERA SELATAN,2350,1257015,UNKNOWN AFFILIATION,FREELAND UNIVERSAL LTD,CHINA (HONG KONG),YANGPU,CHINA (MAINLAND)
2019,470329,SINAR MAS,OKI,SULTAN MAHMUD BADARUDDIN (U),SUMATERA SELATAN,4000,1958463,DRAGON CROWN HOLDINGS,DRAGON CROWN (HK) TRADING LTD,CHINA (HONG KONG),XINHUI,CHINA (MAINLAND)
2019,470329,ROYAL GOLDEN EAGLE,APRIL,BUATAN,RIAU,402,123357,ROYAL GOLDEN EAGLE,APRIL INTERNATIONAL ENTEPRISE PTE LTD,SINGAPORE,KARACHI,PAKISTAN
2019,470329,SINAR MAS,INDAH KIAT,PERAWANG,RIAU,120,61085,SINAR MAS,GOLDEN PROFIT TRADING PTE LTD,SINGAPORE,TAICHUNG,TAIWAN
2019,470329,SINAR MAS,OKI,SULTAN MAHMUD BADARUDDIN (U),SUMATERA SELATAN,1000,537900,SINAR MAS,GOLDEN PROFIT TRADING PTE LTD,SINGAPORE,YANGPU,CHINA (MAINLAND)
2019,470329,SINAR MAS,OKI,SULTAN MAHMUD BADARUDDIN (U),SUMATERA SELATAN,610,326289,UNKNOWN AFFILIATION,FREELAND UNIVERSAL LTD,CHINA (HONG KONG),YANGPU,CHINA (MAINLAND)
2019,470329,ROYAL GOLDEN EAGLE,APRIL,FUTONG,RIAU,9693,2975828,ROYAL GOLDEN EAGLE,APRIL INTERNATIONAL ENTEPRISE PTE LTD,SINGAPORE,CHITTAGONG,BANGLADESH
2019,470329,SINAR MAS,OKI,SULTAN MAHMUD BADARUDDIN (U),SUMATERA SELATAN,2000,979231,DRAGON CROWN HOLDINGS,DRAGON CROWN (HK) TRADING LTD,CHINA (HONG KONG),XINHUI,CHINA (MAINLAND)
2019,470329,SINAR MAS,OKI,SULTAN MAHMUD BADARUDDIN (U),SUMATERA SELATAN,2000,979231,DRAGON CROWN HOLDINGS,DRAGON CROWN (HK) TRADING LTD,CHINA (HONG KONG),XINHUI,CHINA (MAINLAND)
2019,470329,SINAR MAS,OKI,SULTAN MAHMUD BADARUDDIN (U),SUMATERA SELATAN,3200,1575680,SINAR MAS,GOLDEN PROFIT TRADING PTE LTD,SINGAPORE,CHANGSHU,CHINA (MAINLAND)
2019,470329,SINAR MAS,OKI,SULTAN MAHMUD BADARUDDIN (U),SUMATERA SELATAN,2800,1506120,UNKNOWN AFFILIATION,BRIGHTENING SKY CO LTD,CHINA (HONG KONG),YANGPU,CHINA (MAINLAND)
2019,470329,SINAR MAS,OKI,SULTAN MAHMUD BADARUDDIN (U),SUMATERA SELATAN,8450,4160780,UNKNOWN AFFILIATION,FREELAND UNIVERSAL LTD,CHINA (HONG KONG),CHANGSHU,CHINA (MAINLAND)
2019,470329,ROYAL GOLDEN EAGLE,APRIL,BUATAN,RIAU,503,154371,ROYAL GOLDEN EAGLE,APRIL INTERNATIONAL ENTEPRISE PTE LTD,SINGAPORE,CHITTAGONG,BANGLADESH
2019,470329,SINAR MAS,INDAH KIAT,PERAWANG,RIAU,500,275176,SINAR MAS,GOLDEN PROFIT TRADING PTE LTD,SINGAPORE,CHITTAGONG,BANGLADESH
2019,470329,SINAR MAS,INDAH KIAT,PERAWANG,RIAU,240,119550,SINAR MAS,GOLDEN PROFIT TRADING PTE LTD,SINGAPORE,CAT LAI,VIETNAM
2019,470329,SINAR MAS,LONTAR PAPYRUS,KUALA TUNGKAL,JAMBI,501,268541,SINAR MAS,GOLDEN PROFIT TRADING PTE LTD,SINGAPORE,CHITTAGONG,BANGLADESH
2019,470329,ROYAL GOLDEN EAGLE,APRIL,BUATAN,RIAU,502,154021,ROYAL GOLDEN EAGLE,APRIL INTERNATIONAL ENTEPRISE PTE LTD,SINGAPORE,TUTICORIN,INDIA
2019,470329,SINAR MAS,LONTAR PAPYRUS,KUALA TUNGKAL,JAMBI,501,268868,SINAR MAS,GOLDEN PROFIT TRADING PTE LTD,SINGAPORE,CHITTAGONG,BANGLADESH
2019,470329,ROYAL GOLDEN EAGLE,APRIL,BUATAN,RIAU,60,18482,ROYAL GOLDEN EAGLE,APRIL INTERNATIONAL ENTEPRISE PTE LTD,SINGAPORE,PIPAVAV (VICTOR) PORT,INDIA
2019,470329,SINAR MAS,LONTAR PAPYRUS,KUALA TUNGKAL,JAMBI,40,20387,SINAR MAS,GOLDEN PROFIT TRADING PTE LTD,SINGAPORE,CALCUTTA,INDIA
2019,470329,ROYAL GOLDEN EAGLE,APRIL,BUATAN,RIAU,242,74177,ROYAL GOLDEN EAGLE,APRIL INTERNATIONAL ENTEPRISE PTE LTD,SINGAPORE,PIPAVAV (VICTOR) PORT,INDIA
2019,470329,ROYAL GOLDEN EAGLE,APRIL,BUATAN,RIAU,40,12308,ROYAL GOLDEN EAGLE,APRIL INTERNATIONAL ENTEPRISE PTE LTD,SINGAPORE,PIPAVAV (VICTOR) PORT,INDIA
2019,470329,MARUBENI,TANJUNG ENIM LESTARI,PANJANG,SUMATERA SELATAN,295,127061,UNKNOWN AFFILIATION,NIBONG TEBAL PAPER MILL SDN BHD,MALAYSIA,PENANG (GEORGETOWN),MALAYSIA
2019,470329,ROYAL GOLDEN EAGLE,APRIL,BUATAN,RIAU,101,30688,ROYAL GOLDEN EAGLE,APRIL INTERNATIONAL ENTEPRISE PTE LTD,SINGAPORE,NAGPUR,INDIA
2019,470329,SINAR MAS,LONTAR PAPYRUS,KUALA TUNGKAL,JAMBI,402,200191,SINAR MAS,GOLDEN PROFIT TRADING PTE LTD,SINGAPORE,CAT LAI,VIETNAM
2019,470329,ROYAL GOLDEN EAGLE,APRIL,BUATAN,RIAU,402,123363,ROYAL GOLDEN EAGLE,APRIL INTERNATIONAL ENTEPRISE PTE LTD,SINGAPORE,CHITTAGONG,BANGLADESH
2019,470329,MARUBENI,TANJUNG ENIM LESTARI,PANJANG,SUMATERA SELATAN,127,54676,UNKNOWN AFFILIATION,KOOKA PAPER MANUFACTURING SDN BHD,MALAYSIA,WESTPORT/PORT KLANG,MALAYSIA
2019,470329,MARUBENI,TANJUNG ENIM LESTARI,PANJANG,SUMATERA SELATAN,697,290470,UNKNOWN AFFILIATION,ELITE KRAFT PAPER CO LTD,THAILAND,LAEM CHABANG,THAILAND
2019,470329,ROYAL GOLDEN EAGLE,APRIL,BUATAN,RIAU,81,24721,ROYAL GOLDEN EAGLE,APRIL INTERNATIONAL ENTEPRISE PTE LTD,SINGAPORE,JAWAHARLAL NEHRU (NHAVA S,INDIA
2019,470329,ROYAL GOLDEN EAGLE,APRIL,BUATAN,RIAU,60,18509,ROYAL GOLDEN EAGLE,APRIL INTERNATIONAL ENTEPRISE PTE LTD,SINGAPORE,JAWAHARLAL NEHRU (NHAVA S,INDIA
2019,470329,ROYAL GOLDEN EAGLE,APRIL,BUATAN,RIAU,201,61637,ROYAL GOLDEN EAGLE,APRIL INTERNATIONAL ENTEPRISE PTE LTD,SINGAPORE,CHITTAGONG,BANGLADESH
2019,470329,MARUBENI,TANJUNG ENIM LESTARI,PANJANG,SUMATERA SELATAN,525,215925,VINDA,VINDA PERSONAL CARE (CHINA) LTD,CHINA (MAINLAND),WUHAN,CHINA (MAINLAND)
2019,470329,ROYAL GOLDEN EAGLE,APRIL,BUATAN,RIAU,503,154298,ROYAL GOLDEN EAGLE,APRIL INTERNATIONAL ENTEPRISE PTE LTD,SINGAPORE,PUNE,INDIA
2019,470329,ROYAL GOLDEN EAGLE,APRIL,BUATAN,RIAU,201,61765,ROYAL GOLDEN EAGLE,APRIL INTERNATIONAL ENTEPRISE PTE LTD,SINGAPORE,KATHUWAS ICD/ALWAR,INDIA
2019,470329,ROYAL GOLDEN EAGLE,APRIL,BUATAN,RIAU,503,154295,ROYAL GOLDEN EAGLE,APRIL INTERNATIONAL ENTEPRISE PTE LTD,SINGAPORE,CHITTAGONG,BANGLADESH
2019,470200,ROYAL GOLDEN EAGLE,TOBA PULP LESTARI,BELAWAN,SUMATERA UTARA,503,392182,ROYAL GOLDEN EAGLE,DP MARKETING INTERNATIONAL,MACAO,QINGDAO,CHINA (MAINLAND)
2019,470200,ROYAL GOLDEN EAGLE,TOBA PULP LESTARI,BELAWAN,SUMATERA UTARA,502,391468,ROYAL GOLDEN EAGLE,DP MARKETING INTERNATIONAL,MACAO,QINGDAO,CHINA (MAINLAND)
2019,470200,ROYAL GOLDEN EAGLE,TOBA PULP LESTARI,BELAWAN,SUMATERA UTARA,503,392003,ROYAL GOLDEN EAGLE,DP MARKETING INTERNATIONAL,MACAO,QINGDAO,CHINA (MAINLAND)
2019,470200,ROYAL GOLDEN EAGLE,TOBA PULP LESTARI,BELAWAN,SUMATERA UTARA,407,317471,ROYAL GOLDEN EAGLE,DP MARKETING INTERNATIONAL,MACAO,QINGDAO,CHINA (MAINLAND)
2019,470200,ROYAL GOLDEN EAGLE,TOBA PULP LESTARI,BELAWAN,SUMATERA UTARA,502,391521,ROYAL GOLDEN EAGLE,DP MARKETING INTERNATIONAL,MACAO,SHANGHAI,CHINA (MAINLAND)
2019,470200,ROYAL GOLDEN EAGLE,TOBA PULP LESTARI,BELAWAN,SUMATERA UTARA,503,392354,ROYAL GOLDEN EAGLE,DP MARKETING INTERNATIONAL,MACAO,SHANGHAI,CHINA (MAINLAND)
2019,470200,ROYAL GOLDEN EAGLE,APRIL,BUATAN,RIAU,502,292959,ROYAL GOLDEN EAGLE,APRIL FAR EAST MALAYSIA SDN BHD,MALAYSIA,JIUJIANG,CHINA (MAINLAND)
2019,470200,ROYAL GOLDEN EAGLE,APRIL,BUATAN,RIAU,500,292208,ROYAL GOLDEN EAGLE,APRIL FAR EAST MALAYSIA SDN BHD,MALAYSIA,JIUJIANG,CHINA (MAINLAND)
2019,470200,ROYAL GOLDEN EAGLE,APRIL,BUATAN,RIAU,502,293247,ROYAL GOLDEN EAGLE,APRIL FAR EAST MALAYSIA SDN BHD,MALAYSIA,JIUJIANG,CHINA (MAINLAND)
2019,470200,ROYAL GOLDEN EAGLE,APRIL,BUATAN,RIAU,503,293998,ROYAL GOLDEN EAGLE,APRIL FAR EAST MALAYSIA SDN BHD,MALAYSIA,JIUJIANG,CHINA (MAINLAND)
2019,470200,ROYAL GOLDEN EAGLE,TOBA PULP LESTARI,BELAWAN,SUMATERA UTARA,503,392459,ROYAL GOLDEN EAGLE,DP MARKETING INTERNATIONAL,MACAO,SHANGHAI,CHINA (MAINLAND)
2019,470200,ROYAL GOLDEN EAGLE,TOBA PULP LESTARI,BELAWAN,SUMATERA UTARA,503,392033,ROYAL GOLDEN EAGLE,DP MARKETING INTERNATIONAL,MACAO,QINGDAO,CHINA (MAINLAND)
2019,470200,ROYAL GOLDEN EAGLE,APRIL,BUATAN,RIAU,501,292691,ROYAL GOLDEN EAGLE,APRIL FAR EAST MALAYSIA SDN BHD,MALAYSIA,JIUJIANG,CHINA (MAINLAND)
2019,470200,ROYAL GOLDEN EAGLE,TOBA PULP LESTARI,BELAWAN,SUMATERA UTARA,501,390923,ROYAL GOLDEN EAGLE,DP MARKETING INTERNATIONAL,MACAO,SHANGHAI,CHINA (MAINLAND)
2019,470200,ROYAL GOLDEN EAGLE,APRIL,BUATAN,RIAU,502,292920,ROYAL GOLDEN EAGLE,APRIL FAR EAST MALAYSIA SDN BHD,MALAYSIA,JIUJIANG,CHINA (MAINLAND)
2019,470200,ROYAL GOLDEN EAGLE,APRIL,BUATAN,RIAU,503,293501,ROYAL GOLDEN EAGLE,APRIL FAR EAST MALAYSIA SDN BHD,MALAYSIA,JIUJIANG,CHINA (MAINLAND)
2019,470200,ROYAL GOLDEN EAGLE,TOBA PULP LESTARI,BELAWAN,SUMATERA UTARA,500,389906,ROYAL GOLDEN EAGLE,DP MARKETING INTERNATIONAL,MACAO,SHANGHAI,CHINA (MAINLAND)
2019,470200,ROYAL GOLDEN EAGLE,APRIL,BUATAN,RIAU,502,293158,ROYAL GOLDEN EAGLE,APRIL FAR EAST MALAYSIA SDN BHD,MALAYSIA,JIUJIANG,CHINA (MAINLAND)
2019,470200,ROYAL GOLDEN EAGLE,APRIL,BUATAN,RIAU,500,292084,ROYAL GOLDEN EAGLE,APRIL FAR EAST MALAYSIA SDN BHD,MALAYSIA,JIUJIANG,CHINA (MAINLAND)
2019,470200,ROYAL GOLDEN EAGLE,APRIL,BUATAN,RIAU,503,293920,ROYAL GOLDEN EAGLE,APRIL FAR EAST MALAYSIA SDN BHD,MALAYSIA,JIUJIANG,CHINA (MAINLAND)
2019,470200,ROYAL GOLDEN EAGLE,APRIL,BUATAN,RIAU,501,292394,ROYAL GOLDEN EAGLE,APRIL FAR EAST MALAYSIA SDN BHD,MALAYSIA,JIUJIANG,CHINA (MAINLAND)
2019,470200,ROYAL GOLDEN EAGLE,APRIL,BUATAN,RIAU,504,294237,ROYAL GOLDEN EAGLE,APRIL FAR EAST MALAYSIA SDN BHD,MALAYSIA,JIUJIANG,CHINA (MAINLAND)
2019,470200,ROYAL GOLDEN EAGLE,APRIL,BUATAN,RIAU,506,295458,ROYAL GOLDEN EAGLE,APRIL FAR EAST MALAYSIA SDN BHD,MALAYSIA,JIUJIANG,CHINA (MAINLAND)
2019,470200,ROYAL GOLDEN EAGLE,APRIL,BUATAN,RIAU,499,291238,ROYAL GOLDEN EAGLE,APRIL FAR EAST MALAYSIA SDN BHD,MALAYSIA,JIUJIANG,CHINA (MAINLAND)
2019,470200,ROYAL GOLDEN EAGLE,APRIL,BUATAN,RIAU,503,293725,ROYAL GOLDEN EAGLE,APRIL FAR EAST MALAYSIA SDN BHD,MALAYSIA,FUZHOU,CHINA (MAINLAND)
2019,470200,ROYAL GOLDEN EAGLE,APRIL,BUATAN,RIAU,506,295276,ROYAL GOLDEN EAGLE,APRIL FAR EAST MALAYSIA SDN BHD,MALAYSIA,JIUJIANG,CHINA (MAINLAND)
2019,470200,ROYAL GOLDEN EAGLE,APRIL,BUATAN,RIAU,501,292718,ROYAL GOLDEN EAGLE,APRIL FAR EAST MALAYSIA SDN BHD,MALAYSIA,JIUJIANG,CHINA (MAINLAND)
2019,470200,ROYAL GOLDEN EAGLE,APRIL,BUATAN,RIAU,500,291953,ROYAL GOLDEN EAGLE,APRIL FAR EAST MALAYSIA SDN BHD,MALAYSIA,FUZHOU,CHINA (MAINLAND)
2019,470200,ROYAL GOLDEN EAGLE,APRIL,BUATAN,RIAU,498,290786,ROYAL GOLDEN EAGLE,APRIL FAR EAST MALAYSIA SDN BHD,MALAYSIA,JIUJIANG,CHINA (MAINLAND)
2019,470200,ROYAL GOLDEN EAGLE,APRIL,BUATAN,RIAU,501,292742,ROYAL GOLDEN EAGLE,APRIL FAR EAST MALAYSIA SDN BHD,MALAYSIA,JIUJIANG,CHINA (MAINLAND)
2019,470200,ROYAL GOLDEN EAGLE,APRIL,BUATAN,RIAU,498,290718,ROYAL GOLDEN EAGLE,APRIL FAR EAST MALAYSIA SDN BHD,MALAYSIA,JIUJIANG,CHINA (MAINLAND)
2019,470200,ROYAL GOLDEN EAGLE,APRIL,BUATAN,RIAU,500,292229,ROYAL GOLDEN EAGLE,APRIL FAR EAST MALAYSIA SDN BHD,MALAYSIA,FUZHOU,CHINA (MAINLAND)
2019,470200,ROYAL GOLDEN EAGLE,APRIL,BUATAN,RIAU,502,293137,ROYAL GOLDEN EAGLE,APRIL FAR EAST MALAYSIA SDN BHD,MALAYSIA,JIUJIANG,CHINA (MAINLAND)
2019,470200,ROYAL GOLDEN EAGLE,APRIL,BUATAN,RIAU,521,304366,ROYAL GOLDEN EAGLE,APRIL FAR EAST MALAYSIA SDN BHD,MALAYSIA,FUZHOU,CHINA (MAINLAND)
2019,470200,ROYAL GOLDEN EAGLE,APRIL,BUATAN,RIAU,500,291832,ROYAL GOLDEN EAGLE,APRIL FAR EAST MALAYSIA SDN BHD,MALAYSIA,JIUJIANG,CHINA (MAINLAND)
2019,470200,ROYAL GOLDEN EAGLE,APRIL,BUATAN,RIAU,502,293077,ROYAL GOLDEN EAGLE,APRIL FAR EAST MALAYSIA SDN BHD,MALAYSIA,JIUJIANG,CHINA (MAINLAND)
2019,470200,ROYAL GOLDEN EAGLE,APRIL,BUATAN,RIAU,498,290874,ROYAL GOLDEN EAGLE,APRIL FAR EAST MALAYSIA SDN BHD,MALAYSIA,FUZHOU,CHINA (MAINLAND)
2019,470200,ROYAL GOLDEN EAGLE,APRIL,BUATAN,RIAU,499,291566,ROYAL GOLDEN EAGLE,APRIL FAR EAST MALAYSIA SDN BHD,MALAYSIA,FUZHOU,CHINA (MAINLAND)
2019,470200,ROYAL GOLDEN EAGLE,APRIL,BUATAN,RIAU,506,295229,ROYAL GOLDEN EAGLE,APRIL FAR EAST MALAYSIA SDN BHD,MALAYSIA,JIUJIANG,CHINA (MAINLAND)
2019,470200,ROYAL GOLDEN EAGLE,APRIL,BUATAN,RIAU,500,292071,ROYAL GOLDEN EAGLE,APRIL FAR EAST MALAYSIA SDN BHD,MALAYSIA,JIUJIANG,CHINA (MAINLAND)
2019,470200,ROYAL GOLDEN EAGLE,TOBA PULP LESTARI,BELAWAN,SUMATERA UTARA,501,390887,ROYAL GOLDEN EAGLE,DP MARKETING INTERNATIONAL,MACAO,SHANGHAI,CHINA (MAINLAND)
2019,470200,ROYAL GOLDEN EAGLE,TOBA PULP LESTARI,BELAWAN,SUMATERA UTARA,502,391852,ROYAL GOLDEN EAGLE,DP MARKETING INTERNATIONAL,MACAO,SHANGHAI,CHINA (MAINLAND)
2019,470200,ROYAL GOLDEN EAGLE,APRIL,BUATAN,RIAU,499,291377,ROYAL GOLDEN EAGLE,APRIL FAR EAST MALAYSIA SDN BHD,MALAYSIA,JIUJIANG,CHINA (MAINLAND)
2019,470200,ROYAL GOLDEN EAGLE,TOBA PULP LESTARI,BELAWAN,SUMATERA UTARA,501,391126,ROYAL GOLDEN EAGLE,DP MARKETING INTERNATIONAL,MACAO,SHANGHAI,CHINA (MAINLAND)
2019,470200,ROYAL GOLDEN EAGLE,TOBA PULP LESTARI,BELAWAN,SUMATERA UTARA,503,392157,ROYAL GOLDEN EAGLE,DP MARKETING INTERNATIONAL,MACAO,SHANGHAI,CHINA (MAINLAND)
2019,470200,ROYAL GOLDEN EAGLE,APRIL,BUATAN,RIAU,499,291375,ROYAL GOLDEN EAGLE,APRIL FAR EAST MALAYSIA SDN BHD,MALAYSIA,FUZHOU,CHINA (MAINLAND)
2019,470200,ROYAL GOLDEN EAGLE,APRIL,BUATAN,RIAU,499,291443,ROYAL GOLDEN EAGLE,APRIL FAR EAST MALAYSIA SDN BHD,MALAYSIA,JIUJIANG,CHINA (MAINLAND)
2019,470200,ROYAL GOLDEN EAGLE,APRIL,BUATAN,RIAU,501,292769,ROYAL GOLDEN EAGLE,APRIL FAR EAST MALAYSIA SDN BHD,MALAYSIA,JIUJIANG,CHINA (MAINLAND)
2019,470200,ROYAL GOLDEN EAGLE,APRIL,BUATAN,RIAU,498,291017,ROYAL GOLDEN EAGLE,APRIL FAR EAST MALAYSIA SDN BHD,MALAYSIA,JIUJIANG,CHINA (MAINLAND)
2019,470200,ROYAL GOLDEN EAGLE,TOBA PULP LESTARI,BELAWAN,SUMATERA UTARA,501,390782,ROYAL GOLDEN EAGLE,DP MARKETING INTERNATIONAL,MACAO,SHANGHAI,CHINA (MAINLAND)
2019,470200,ROYAL GOLDEN EAGLE,APRIL,BUATAN,RIAU,502,293220,ROYAL GOLDEN EAGLE,APRIL FAR EAST MALAYSIA SDN BHD,MALAYSIA,JIUJIANG,CHINA (MAINLAND)
2019,470200,ROYAL GOLDEN EAGLE,APRIL,BUATAN,RIAU,502,292958,ROYAL GOLDEN EAGLE,APRIL FAR EAST MALAYSIA SDN BHD,MALAYSIA,FUZHOU,CHINA (MAINLAND)
2019,470200,ROYAL GOLDEN EAGLE,APRIL,BUATAN,RIAU,506,295734,ROYAL GOLDEN EAGLE,APRIL FAR EAST MALAYSIA SDN BHD,MALAYSIA,JIUJIANG,CHINA (MAINLAND)
2019,470200,ROYAL GOLDEN EAGLE,APRIL,BUATAN,RIAU,507,295847,ROYAL GOLDEN EAGLE,APRIL FAR EAST MALAYSIA SDN BHD,MALAYSIA,FUZHOU,CHINA (MAINLAND)
2019,470200,ROYAL GOLDEN EAGLE,APRIL,BUATAN,RIAU,505,295027,ROYAL GOLDEN EAGLE,APRIL FAR EAST MALAYSIA SDN BHD,MALAYSIA,JIUJIANG,CHINA (MAINLAND)
2019,470200,ROYAL GOLDEN EAGLE,APRIL,BUATAN,RIAU,507,296349,ROYAL GOLDEN EAGLE,APRIL FAR EAST MALAYSIA SDN BHD,MALAYSIA,JIUJIANG,CHINA (MAINLAND)
2019,470200,ROYAL GOLDEN EAGLE,APRIL,BUATAN,RIAU,503,293753,ROYAL GOLDEN EAGLE,APRIL FAR EAST MALAYSIA SDN BHD,MALAYSIA,FUZHOU,CHINA (MAINLAND)
2019,470200,ROYAL GOLDEN EAGLE,APRIL,BUATAN,RIAU,502,293358,ROYAL GOLDEN EAGLE,APRIL FAR EAST MALAYSIA SDN BHD,MALAYSIA,FUZHOU,CHINA (MAINLAND)
2019,470200,ROYAL GOLDEN EAGLE,APRIL,BUATAN,RIAU,501,292731,ROYAL GOLDEN EAGLE,APRIL FAR EAST MALAYSIA SDN BHD,MALAYSIA,FUZHOU,CHINA (MAINLAND)
2019,470200,ROYAL GOLDEN EAGLE,APRIL,BUATAN,RIAU,504,294528,ROYAL GOLDEN EAGLE,APRIL FAR EAST MALAYSIA SDN BHD,MALAYSIA,JIUJIANG,CHINA (MAINLAND)
2019,470200,ROYAL GOLDEN EAGLE,APRIL,BUATAN,RIAU,508,296739,ROYAL GOLDEN EAGLE,APRIL FAR EAST MALAYSIA SDN BHD,MALAYSIA,FUZHOU,CHINA (MAINLAND)
2019,470200,ROYAL GOLDEN EAGLE,APRIL,BUATAN,RIAU,501,292573,ROYAL GOLDEN EAGLE,APRIL FAR EAST MALAYSIA SDN BHD,MALAYSIA,JIUJIANG,CHINA (MAINLAND)
2019,470200,ROYAL GOLDEN EAGLE,APRIL,BUATAN,RIAU,501,292737,ROYAL GOLDEN EAGLE,APRIL FAR EAST MALAYSIA SDN BHD,MALAYSIA,JIUJIANG,CHINA (MAINLAND)
2019,470200,ROYAL GOLDEN EAGLE,APRIL,BUATAN,RIAU,502,292882,ROYAL GOLDEN EAGLE,APRIL FAR EAST MALAYSIA SDN BHD,MALAYSIA,FUZHOU,CHINA (MAINLAND)
2019,470200,ROYAL GOLDEN EAGLE,APRIL,BUATAN,RIAU,499,291128,ROYAL GOLDEN EAGLE,APRIL FAR EAST MALAYSIA SDN BHD,MALAYSIA,FUZHOU,CHINA (MAINLAND)
2019,470200,ROYAL GOLDEN EAGLE,APRIL,BUATAN,RIAU,504,294252,ROYAL GOLDEN EAGLE,APRIL FAR EAST MALAYSIA SDN BHD,MALAYSIA,FUZHOU,CHINA (MAINLAND)
2019,470200,ROYAL GOLDEN EAGLE,APRIL,BUATAN,RIAU,502,293020,ROYAL GOLDEN EAGLE,APRIL FAR EAST MALAYSIA SDN BHD,MALAYSIA,JIUJIANG,CHINA (MAINLAND)
2019,470200,ROYAL GOLDEN EAGLE,APRIL,BUATAN,RIAU,505,294949,ROYAL GOLDEN EAGLE,APRIL FAR EAST MALAYSIA SDN BHD,MALAYSIA,JIUJIANG,CHINA (MAINLAND)
2019,470200,ROYAL GOLDEN EAGLE,APRIL,BUATAN,RIAU,504,294585,ROYAL GOLDEN EAGLE,APRIL FAR EAST MALAYSIA SDN BHD,MALAYSIA,FUZHOU,CHINA (MAINLAND)
2019,470200,ROYAL GOLDEN EAGLE,APRIL,BUATAN,RIAU,507,296129,ROYAL GOLDEN EAGLE,APRIL FAR EAST MALAYSIA SDN BHD,MALAYSIA,JIUJIANG,CHINA (MAINLAND)
2019,470200,ROYAL GOLDEN EAGLE,APRIL,BUATAN,RIAU,508,296517,ROYAL GOLDEN EAGLE,APRIL FAR EAST MALAYSIA SDN BHD,MALAYSIA,JIUJIANG,CHINA (MAINLAND)
2019,470200,ROYAL GOLDEN EAGLE,APRIL,BUATAN,RIAU,505,294919,ROYAL GOLDEN EAGLE,APRIL FAR EAST MALAYSIA SDN BHD,MALAYSIA,JIUJIANG,CHINA (MAINLAND)
2019,470200,ROYAL GOLDEN EAGLE,APRIL,BUATAN,RIAU,503,293950,ROYAL GOLDEN EAGLE,APRIL FAR EAST MALAYSIA SDN BHD,MALAYSIA,JIUJIANG,CHINA (MAINLAND)
2019,470200,ROYAL GOLDEN EAGLE,APRIL,BUATAN,RIAU,503,294029,ROYAL GOLDEN EAGLE,APRIL FAR EAST MALAYSIA SDN BHD,MALAYSIA,JIUJIANG,CHINA (MAINLAND)
2019,470200,ROYAL GOLDEN EAGLE,APRIL,BUATAN,RIAU,506,295793,ROYAL GOLDEN EAGLE,APRIL FAR EAST MALAYSIA SDN BHD,MALAYSIA,FUZHOU,CHINA (MAINLAND)
2019,470200,ROYAL GOLDEN EAGLE,TOBA PULP LESTARI,BELAWAN,SUMATERA UTARA,502,391658,ROYAL GOLDEN EAGLE,DP MARKETING INTERNATIONAL,MACAO,QINGDAO,CHINA (MAINLAND)
2019,470200,ROYAL GOLDEN EAGLE,TOBA PULP LESTARI,BELAWAN,SUMATERA UTARA,501,390898,ROYAL GOLDEN EAGLE,DP MARKETING INTERNATIONAL,MACAO,SHANGHAI,CHINA (MAINLAND)
2019,470200,ROYAL GOLDEN EAGLE,APRIL,BUATAN,RIAU,507,296219,ROYAL GOLDEN EAGLE,APRIL FAR EAST MALAYSIA SDN BHD,MALAYSIA,JIUJIANG,CHINA (MAINLAND)
2019,470200,ROYAL GOLDEN EAGLE,APRIL,BUATAN,RIAU,508,296395,ROYAL GOLDEN EAGLE,APRIL FAR EAST MALAYSIA SDN BHD,MALAYSIA,FUZHOU,CHINA (MAINLAND)
2019,470200,ROYAL GOLDEN EAGLE,APRIL,BUATAN,RIAU,501,292624,ROYAL GOLDEN EAGLE,APRIL FAR EAST MALAYSIA SDN BHD,MALAYSIA,FUZHOU,CHINA (MAINLAND)
2019,470200,ROYAL GOLDEN EAGLE,APRIL,BUATAN,RIAU,502,293362,ROYAL GOLDEN EAGLE,APRIL FAR EAST MALAYSIA SDN BHD,MALAYSIA,FUZHOU,CHINA (MAINLAND)
2019,470200,ROYAL GOLDEN EAGLE,APRIL,BUATAN,RIAU,505,295168,ROYAL GOLDEN EAGLE,APRIL FAR EAST MALAYSIA SDN BHD,MALAYSIA,JIUJIANG,CHINA (MAINLAND)
2019,470200,ROYAL GOLDEN EAGLE,APRIL,BUATAN,RIAU,501,292682,ROYAL GOLDEN EAGLE,APRIL FAR EAST MALAYSIA SDN BHD,MALAYSIA,FUZHOU,CHINA (MAINLAND)
2019,470200,ROYAL GOLDEN EAGLE,APRIL,BUATAN,RIAU,499,291320,ROYAL GOLDEN EAGLE,APRIL FAR EAST MALAYSIA SDN BHD,MALAYSIA,FUZHOU,CHINA (MAINLAND)
2019,470200,ROYAL GOLDEN EAGLE,APRIL,BUATAN,RIAU,500,291809,ROYAL GOLDEN EAGLE,APRIL FAR EAST MALAYSIA SDN BHD,MALAYSIA,FUZHOU,CHINA (MAINLAND)
2019,470200,ROYAL GOLDEN EAGLE,APRIL,BUATAN,RIAU,499,291370,ROYAL GOLDEN EAGLE,APRIL FAR EAST MALAYSIA SDN BHD,MALAYSIA,JIUJIANG,CHINA (MAINLAND)
2019,470200,ROYAL GOLDEN EAGLE,APRIL,BUATAN,RIAU,499,291609,ROYAL GOLDEN EAGLE,APRIL FAR EAST MALAYSIA SDN BHD,MALAYSIA,FUZHOU,CHINA (MAINLAND)
2019,470200,ROYAL GOLDEN EAGLE,APRIL,BUATAN,RIAU,499,291552,ROYAL GOLDEN EAGLE,APRIL FAR EAST MALAYSIA SDN BHD,MALAYSIA,FUZHOU,CHINA (MAINLAND)
2019,470200,ROYAL GOLDEN EAGLE,APRIL,BUATAN,RIAU,501,292453,ROYAL GOLDEN EAGLE,APRIL FAR EAST MALAYSIA SDN BHD,MALAYSIA,FUZHOU,CHINA (MAINLAND)
2019,470200,ROYAL GOLDEN EAGLE,APRIL,BUATAN,RIAU,501,292294,ROYAL GOLDEN EAGLE,APRIL FAR EAST MALAYSIA SDN BHD,MALAYSIA,JIUJIANG,CHINA (MAINLAND)
2019,470200,ROYAL GOLDEN EAGLE,APRIL,BUATAN,RIAU,505,294946,ROYAL GOLDEN EAGLE,APRIL FAR EAST MALAYSIA SDN BHD,MALAYSIA,JIUJIANG,CHINA (MAINLAND)
2019,470200,ROYAL GOLDEN EAGLE,APRIL,BUATAN,RIAU,501,292312,ROYAL GOLDEN EAGLE,APRIL FAR EAST MALAYSIA SDN BHD,MALAYSIA,JIUJIANG,CHINA (MAINLAND)
2019,470200,ROYAL GOLDEN EAGLE,TOBA PULP LESTARI,BELAWAN,SUMATERA UTARA,501,391165,ROYAL GOLDEN EAGLE,DP MARKETING INTERNATIONAL,MACAO,QINGDAO,CHINA (MAINLAND)
2019,470200,ROYAL GOLDEN EAGLE,TOBA PULP LESTARI,BELAWAN,SUMATERA UTARA,503,392330,ROYAL GOLDEN EAGLE,DP MARKETING INTERNATIONAL,MACAO,QINGDAO,CHINA (MAINLAND)
2019,470200,ROYAL GOLDEN EAGLE,APRIL,BUATAN,RIAU,499,291302,ROYAL GOLDEN EAGLE,APRIL FAR EAST MALAYSIA SDN BHD,MALAYSIA,JIUJIANG,CHINA (MAINLAND)
2019,470200,ROYAL GOLDEN EAGLE,APRIL,BUATAN,RIAU,503,293754,ROYAL GOLDEN EAGLE,APRIL FAR EAST MALAYSIA SDN BHD,MALAYSIA,FUZHOU,CHINA (MAINLAND)
2019,470200,ROYAL GOLDEN EAGLE,TOBA PULP LESTARI,BELAWAN,SUMATERA UTARA,501,390513,ROYAL GOLDEN EAGLE,DP MARKETING INTERNATIONAL,MACAO,QINGDAO,CHINA (MAINLAND)
2019,470200,ROYAL GOLDEN EAGLE,APRIL,BUATAN,RIAU,506,295627,ROYAL GOLDEN EAGLE,APRIL FAR EAST MALAYSIA SDN BHD,MALAYSIA,FUZHOU,CHINA (MAINLAND)
2019,470200,ROYAL GOLDEN EAGLE,APRIL,BUATAN,RIAU,507,296183,ROYAL GOLDEN EAGLE,APRIL FAR EAST MALAYSIA SDN BHD,MALAYSIA,JIUJIANG,CHINA (MAINLAND)
2019,470200,ROYAL GOLDEN EAGLE,APRIL,BUATAN,RIAU,502,293410,ROYAL GOLDEN EAGLE,APRIL FAR EAST MALAYSIA SDN BHD,MALAYSIA,JIUJIANG,CHINA (MAINLAND)
2019,470200,ROYAL GOLDEN EAGLE,APRIL,BUATAN,RIAU,500,292144,ROYAL GOLDEN EAGLE,APRIL FAR EAST MALAYSIA SDN BHD,MALAYSIA,JIUJIANG,CHINA (MAINLAND)
2019,470200,ROYAL GOLDEN EAGLE,APRIL,BUATAN,RIAU,503,294004,ROYAL GOLDEN EAGLE,APRIL FAR EAST MALAYSIA SDN BHD,MALAYSIA,FUZHOU,CHINA (MAINLAND)
2019,470200,ROYAL GOLDEN EAGLE,APRIL,BUATAN,RIAU,500,291780,ROYAL GOLDEN EAGLE,APRIL FAR EAST MALAYSIA SDN BHD,MALAYSIA,JIUJIANG,CHINA (MAINLAND)
2019,470200,ROYAL GOLDEN EAGLE,APRIL,BUATAN,RIAU,506,295320,ROYAL GOLDEN EAGLE,APRIL FAR EAST MALAYSIA SDN BHD,MALAYSIA,JIUJIANG,CHINA (MAINLAND)
2019,470200,ROYAL GOLDEN EAGLE,APRIL,BUATAN,RIAU,504,294589,ROYAL GOLDEN EAGLE,APRIL FAR EAST MALAYSIA SDN BHD,MALAYSIA,FUZHOU,CHINA (MAINLAND)
2019,470200,ROYAL GOLDEN EAGLE,APRIL,BUATAN,RIAU,500,292019,ROYAL GOLDEN EAGLE,APRIL FAR EAST MALAYSIA SDN BHD,MALAYSIA,JIUJIANG,CHINA (MAINLAND)
2019,470200,ROYAL GOLDEN EAGLE,APRIL,BUATAN,RIAU,504,294221,ROYAL GOLDEN EAGLE,APRIL FAR EAST MALAYSIA SDN BHD,MALAYSIA,FUZHOU,CHINA (MAINLAND)
2019,470200,ROYAL GOLDEN EAGLE,APRIL,BUATAN,RIAU,501,292371,ROYAL GOLDEN EAGLE,APRIL FAR EAST MALAYSIA SDN BHD,MALAYSIA,JIUJIANG,CHINA (MAINLAND)
2019,470200,ROYAL GOLDEN EAGLE,APRIL,BUATAN,RIAU,501,292662,ROYAL GOLDEN EAGLE,APRIL FAR EAST MALAYSIA SDN BHD,MALAYSIA,JIUJIANG,CHINA (MAINLAND)
2019,470200,ROYAL GOLDEN EAGLE,APRIL,BUATAN,RIAU,499,291418,ROYAL GOLDEN EAGLE,APRIL FAR EAST MALAYSIA SDN BHD,MALAYSIA,JIUJIANG,CHINA (MAINLAND)
2019,470200,ROYAL GOLDEN EAGLE,APRIL,BUATAN,RIAU,503,293823,ROYAL GOLDEN EAGLE,APRIL FAR EAST MALAYSIA SDN BHD,MALAYSIA,JIUJIANG,CHINA (MAINLAND)
2019,470200,ROYAL GOLDEN EAGLE,APRIL,BUATAN,RIAU,499,291605,ROYAL GOLDEN EAGLE,APRIL FAR EAST MALAYSIA SDN BHD,MALAYSIA,JIUJIANG,CHINA (MAINLAND)
2019,470200,ROYAL GOLDEN EAGLE,APRIL,BUATAN,RIAU,500,291811,ROYAL GOLDEN EAGLE,APRIL FAR EAST MALAYSIA SDN BHD,MALAYSIA,FUZHOU,CHINA (MAINLAND)
2019,470200,ROYAL GOLDEN EAGLE,APRIL,BUATAN,RIAU,502,293363,ROYAL GOLDEN EAGLE,APRIL FAR EAST MALAYSIA SDN BHD,MALAYSIA,FUZHOU,CHINA (MAINLAND)
2019,470200,ROYAL GOLDEN EAGLE,TOBA PULP LESTARI,BELAWAN,SUMATERA UTARA,502,391718,ROYAL GOLDEN EAGLE,DP MARKETING INTERNATIONAL,MACAO,QINGDAO,CHINA (MAINLAND)
2019,470200,ROYAL GOLDEN EAGLE,APRIL,BUATAN,RIAU,500,291784,ROYAL GOLDEN EAGLE,APRIL FAR EAST MALAYSIA SDN BHD,MALAYSIA,FUZHOU,CHINA (MAINLAND)
2019,470200,ROYAL GOLDEN EAGLE,APRIL,BUATAN,RIAU,499,291514,ROYAL GOLDEN EAGLE,APRIL FAR EAST MALAYSIA SDN BHD,MALAYSIA,FUZHOU,CHINA (MAINLAND)
2019,470200,ROYAL GOLDEN EAGLE,APRIL,BUATAN,RIAU,499,291467,ROYAL GOLDEN EAGLE,APRIL FAR EAST MALAYSIA SDN BHD,MALAYSIA,FUZHOU,CHINA (MAINLAND)
2019,470200,ROYAL GOLDEN EAGLE,APRIL,BUATAN,RIAU,499,291690,ROYAL GOLDEN EAGLE,APRIL FAR EAST MALAYSIA SDN BHD,MALAYSIA,FUZHOU,CHINA (MAINLAND)
2019,470200,ROYAL GOLDEN EAGLE,APRIL,BUATAN,RIAU,501,292871,ROYAL GOLDEN EAGLE,APRIL FAR EAST MALAYSIA SDN BHD,MALAYSIA,FUZHOU,CHINA (MAINLAND)
2019,470200,ROYAL GOLDEN EAGLE,APRIL,BUATAN,RIAU,500,292006,ROYAL GOLDEN EAGLE,APRIL FAR EAST MALAYSIA SDN BHD,MALAYSIA,JIUJIANG,CHINA (MAINLAND)
2019,470200,ROYAL GOLDEN EAGLE,APRIL,BUATAN,RIAU,502,293039,ROYAL GOLDEN EAGLE,APRIL FAR EAST MALAYSIA SDN BHD,MALAYSIA,JIUJIANG,CHINA (MAINLAND)
2019,470200,ROYAL GOLDEN EAGLE,APRIL,BUATAN,RIAU,500,291911,ROYAL GOLDEN EAGLE,APRIL FAR EAST MALAYSIA SDN BHD,MALAYSIA,JIUJIANG,CHINA (MAINLAND)
2019,470200,ROYAL GOLDEN EAGLE,APRIL,BUATAN,RIAU,503,293818,ROYAL GOLDEN EAGLE,APRIL FAR EAST MALAYSIA SDN BHD,MALAYSIA,JIUJIANG,CHINA (MAINLAND)
2019,470200,ROYAL GOLDEN EAGLE,TOBA PULP LESTARI,BELAWAN,SUMATERA UTARA,503,379495,ROYAL GOLDEN EAGLE,DP MARKETING INTERNATIONAL,MACAO,QINGDAO,CHINA (MAINLAND)
2019,470200,ROYAL GOLDEN EAGLE,APRIL,BUATAN,RIAU,499,291478,ROYAL GOLDEN EAGLE,APRIL FAR EAST MALAYSIA SDN BHD,MALAYSIA,JIUJIANG,CHINA (MAINLAND)
2019,470200,ROYAL GOLDEN EAGLE,APRIL,BUATAN,RIAU,499,291535,ROYAL GOLDEN EAGLE,APRIL FAR EAST MALAYSIA SDN BHD,MALAYSIA,JIUJIANG,CHINA (MAINLAND)
2019,470200,ROYAL GOLDEN EAGLE,APRIL,BUATAN,RIAU,502,293200,ROYAL GOLDEN EAGLE,APRIL FAR EAST MALAYSIA SDN BHD,MALAYSIA,JIUJIANG,CHINA (MAINLAND)
2019,470200,ROYAL GOLDEN EAGLE,APRIL,BUATAN,RIAU,502,293454,ROYAL GOLDEN EAGLE,APRIL FAR EAST MALAYSIA SDN BHD,MALAYSIA,JIUJIANG,CHINA (MAINLAND)
2019,470200,ROYAL GOLDEN EAGLE,APRIL,BUATAN,RIAU,500,291862,ROYAL GOLDEN EAGLE,APRIL FAR EAST MALAYSIA SDN BHD,MALAYSIA,JIUJIANG,CHINA (MAINLAND)
2019,470200,ROYAL GOLDEN EAGLE,APRIL,BUATAN,RIAU,505,294818,ROYAL GOLDEN EAGLE,APRIL FAR EAST MALAYSIA SDN BHD,MALAYSIA,JIUJIANG,CHINA (MAINLAND)
2019,470200,ROYAL GOLDEN EAGLE,APRIL,BUATAN,RIAU,501,292505,ROYAL GOLDEN EAGLE,APRIL FAR EAST MALAYSIA SDN BHD,MALAYSIA,JIUJIANG,CHINA (MAINLAND)
2019,470200,ROYAL GOLDEN EAGLE,TOBA PULP LESTARI,BELAWAN,SUMATERA UTARA,1005,759137,ROYAL GOLDEN EAGLE,DP MARKETING INTERNATIONAL,MACAO,QINGDAO,CHINA (MAINLAND)
2019,470200,ROYAL GOLDEN EAGLE,APRIL,BUATAN,RIAU,499,291705,ROYAL GOLDEN EAGLE,APRIL FAR EAST MALAYSIA SDN BHD,MALAYSIA,JIUJIANG,CHINA (MAINLAND)
2019,470200,ROYAL GOLDEN EAGLE,APRIL,BUATAN,RIAU,502,293087,ROYAL GOLDEN EAGLE,APRIL FAR EAST MALAYSIA SDN BHD,MALAYSIA,JIUJIANG,CHINA (MAINLAND)
2019,470200,ROYAL GOLDEN EAGLE,APRIL,BUATAN,RIAU,501,292540,ROYAL GOLDEN EAGLE,APRIL FAR EAST MALAYSIA SDN BHD,MALAYSIA,JIUJIANG,CHINA (MAINLAND)
2019,470200,ROYAL GOLDEN EAGLE,APRIL,BUATAN,RIAU,504,294470,ROYAL GOLDEN EAGLE,APRIL FAR EAST MALAYSIA SDN BHD,MALAYSIA,JIUJIANG,CHINA (MAINLAND)
2019,470200,ROYAL GOLDEN EAGLE,APRIL,BUATAN,RIAU,507,296366,ROYAL GOLDEN EAGLE,APRIL FAR EAST MALAYSIA SDN BHD,MALAYSIA,JIUJIANG,CHINA (MAINLAND)
2019,470200,ROYAL GOLDEN EAGLE,APRIL,BUATAN,RIAU,500,291762,ROYAL GOLDEN EAGLE,APRIL FAR EAST MALAYSIA SDN BHD,MALAYSIA,FUZHOU,CHINA (MAINLAND)
2019,470200,ROYAL GOLDEN EAGLE,APRIL,BUATAN,RIAU,500,292219,ROYAL GOLDEN EAGLE,APRIL FAR EAST MALAYSIA SDN BHD,MALAYSIA,FUZHOU,CHINA (MAINLAND)
2019,470200,ROYAL GOLDEN EAGLE,APRIL,BUATAN,RIAU,506,295330,ROYAL GOLDEN EAGLE,APRIL FAR EAST MALAYSIA SDN BHD,MALAYSIA,JIUJIANG,CHINA (MAINLAND)
2019,470200,ROYAL GOLDEN EAGLE,APRIL,BUATAN,RIAU,504,294613,ROYAL GOLDEN EAGLE,APRIL FAR EAST MALAYSIA SDN BHD,MALAYSIA,JIUJIANG,CHINA (MAINLAND)
2019,470200,ROYAL GOLDEN EAGLE,APRIL,BUATAN,RIAU,507,295943,ROYAL GOLDEN EAGLE,APRIL FAR EAST MALAYSIA SDN BHD,MALAYSIA,JIUJIANG,CHINA (MAINLAND)
2019,470200,ROYAL GOLDEN EAGLE,APRIL,BUATAN,RIAU,506,295425,ROYAL GOLDEN EAGLE,APRIL FAR EAST MALAYSIA SDN BHD,MALAYSIA,JIUJIANG,CHINA (MAINLAND)
2019,470200,ROYAL GOLDEN EAGLE,APRIL,BUATAN,RIAU,506,295613,ROYAL GOLDEN EAGLE,APRIL FAR EAST MALAYSIA SDN BHD,MALAYSIA,JIUJIANG,CHINA (MAINLAND)
2019,470200,ROYAL GOLDEN EAGLE,APRIL,BUATAN,RIAU,507,295914,ROYAL GOLDEN EAGLE,APRIL FAR EAST MALAYSIA SDN BHD,MALAYSIA,JIUJIANG,CHINA (MAINLAND)
2019,470200,ROYAL GOLDEN EAGLE,APRIL,BUATAN,RIAU,506,295769,ROYAL GOLDEN EAGLE,APRIL FAR EAST MALAYSIA SDN BHD,MALAYSIA,JIUJIANG,CHINA (MAINLAND)
2019,470200,ROYAL GOLDEN EAGLE,APRIL,BUATAN,RIAU,507,295941,ROYAL GOLDEN EAGLE,APRIL FAR EAST MALAYSIA SDN BHD,MALAYSIA,JIUJIANG,CHINA (MAINLAND)
2019,470200,ROYAL GOLDEN EAGLE,APRIL,BUATAN,RIAU,507,295809,ROYAL GOLDEN EAGLE,APRIL FAR EAST MALAYSIA SDN BHD,MALAYSIA,JIUJIANG,CHINA (MAINLAND)
2019,470200,ROYAL GOLDEN EAGLE,APRIL,BUATAN,RIAU,506,295613,ROYAL GOLDEN EAGLE,APRIL FAR EAST MALAYSIA SDN BHD,MALAYSIA,JIUJIANG,CHINA (MAINLAND)
2019,470200,ROYAL GOLDEN EAGLE,APRIL,BUATAN,RIAU,506,295781,ROYAL GOLDEN EAGLE,APRIL FAR EAST MALAYSIA SDN BHD,MALAYSIA,JIUJIANG,CHINA (MAINLAND)
2019,470200,ROYAL GOLDEN EAGLE,APRIL,BUATAN,RIAU,507,295810,ROYAL GOLDEN EAGLE,APRIL FAR EAST MALAYSIA SDN BHD,MALAYSIA,JIUJIANG,CHINA (MAINLAND)
2019,470200,ROYAL GOLDEN EAGLE,APRIL,BUATAN,RIAU,506,295289,ROYAL GOLDEN EAGLE,APRIL FAR EAST MALAYSIA SDN BHD,MALAYSIA,JIUJIANG,CHINA (MAINLAND)
2019,470200,ROYAL GOLDEN EAGLE,APRIL,BUATAN,RIAU,507,296000,ROYAL GOLDEN EAGLE,APRIL FAR EAST MALAYSIA SDN BHD,MALAYSIA,JIUJIANG,CHINA (MAINLAND)
2019,470200,ROYAL GOLDEN EAGLE,APRIL,BUATAN,RIAU,506,295302,ROYAL GOLDEN EAGLE,APRIL FAR EAST MALAYSIA SDN BHD,MALAYSIA,JIUJIANG,CHINA (MAINLAND)
2019,470200,ROYAL GOLDEN EAGLE,APRIL,BUATAN,RIAU,507,295879,ROYAL GOLDEN EAGLE,APRIL FAR EAST MALAYSIA SDN BHD,MALAYSIA,JIUJIANG,CHINA (MAINLAND)
2019,470200,ROYAL GOLDEN EAGLE,APRIL,BUATAN,RIAU,506,295227,ROYAL GOLDEN EAGLE,APRIL FAR EAST MALAYSIA SDN BHD,MALAYSIA,FUZHOU,CHINA (MAINLAND)
2019,470200,ROYAL GOLDEN EAGLE,APRIL,BUATAN,RIAU,506,295672,ROYAL GOLDEN EAGLE,APRIL FAR EAST MALAYSIA SDN BHD,MALAYSIA,FUZHOU,CHINA (MAINLAND)
2019,470200,ROYAL GOLDEN EAGLE,APRIL,BUATAN,RIAU,506,295286,ROYAL GOLDEN EAGLE,APRIL FAR EAST MALAYSIA SDN BHD,MALAYSIA,JIUJIANG,CHINA (MAINLAND)
2019,470200,ROYAL GOLDEN EAGLE,APRIL,BUATAN,RIAU,505,295050,ROYAL GOLDEN EAGLE,APRIL FAR EAST MALAYSIA SDN BHD,MALAYSIA,FUZHOU,CHINA (MAINLAND)
2019,470200,ROYAL GOLDEN EAGLE,APRIL,BUATAN,RIAU,506,295336,ROYAL GOLDEN EAGLE,APRIL FAR EAST MALAYSIA SDN BHD,MALAYSIA,JIUJIANG,CHINA (MAINLAND)
2019,470200,ROYAL GOLDEN EAGLE,APRIL,BUATAN,RIAU,506,295592,ROYAL GOLDEN EAGLE,APRIL FAR EAST MALAYSIA SDN BHD,MALAYSIA,FUZHOU,CHINA (MAINLAND)
2019,470200,ROYAL GOLDEN EAGLE,APRIL,BUATAN,RIAU,505,295181,ROYAL GOLDEN EAGLE,APRIL FAR EAST MALAYSIA SDN BHD,MALAYSIA,JIUJIANG,CHINA (MAINLAND)
2019,470200,ROYAL GOLDEN EAGLE,APRIL,BUATAN,RIAU,505,295140,ROYAL GOLDEN EAGLE,APRIL FAR EAST MALAYSIA SDN BHD,MALAYSIA,FUZHOU,CHINA (MAINLAND)
2019,470200,ROYAL GOLDEN EAGLE,APRIL,BUATAN,RIAU,505,295189,ROYAL GOLDEN EAGLE,APRIL FAR EAST MALAYSIA SDN BHD,MALAYSIA,FUZHOU,CHINA (MAINLAND)
2019,470200,ROYAL GOLDEN EAGLE,APRIL,BUATAN,RIAU,505,294879,ROYAL GOLDEN EAGLE,APRIL FAR EAST MALAYSIA SDN BHD,MALAYSIA,JIUJIANG,CHINA (MAINLAND)
2019,470200,ROYAL GOLDEN EAGLE,APRIL,BUATAN,RIAU,507,278603,ROYAL GOLDEN EAGLE,APRIL FAR EAST MALAYSIA SDN BHD,MALAYSIA,FUZHOU,CHINA (MAINLAND)
2019,470200,ROYAL GOLDEN EAGLE,APRIL,BUATAN,RIAU,507,296223,ROYAL GOLDEN EAGLE,APRIL FAR EAST MALAYSIA SDN BHD,MALAYSIA,FUZHOU,CHINA (MAINLAND)
2019,470200,ROYAL GOLDEN EAGLE,APRIL,BUATAN,RIAU,504,294494,ROYAL GOLDEN EAGLE,APRIL FAR EAST MALAYSIA SDN BHD,MALAYSIA,JIUJIANG,CHINA (MAINLAND)
2019,470200,ROYAL GOLDEN EAGLE,APRIL,BUATAN,RIAU,505,277912,ROYAL GOLDEN EAGLE,APRIL FAR EAST MALAYSIA SDN BHD,MALAYSIA,JIUJIANG,CHINA (MAINLAND)
2019,470200,ROYAL GOLDEN EAGLE,APRIL,BUATAN,RIAU,507,295825,ROYAL GOLDEN EAGLE,APRIL FAR EAST MALAYSIA SDN BHD,MALAYSIA,FUZHOU,CHINA (MAINLAND)
2019,470200,ROYAL GOLDEN EAGLE,APRIL,BUATAN,RIAU,506,278398,ROYAL GOLDEN EAGLE,APRIL FAR EAST MALAYSIA SDN BHD,MALAYSIA,FUZHOU,CHINA (MAINLAND)
2019,470200,ROYAL GOLDEN EAGLE,APRIL,BUATAN,RIAU,507,278637,ROYAL GOLDEN EAGLE,APRIL FAR EAST MALAYSIA SDN BHD,MALAYSIA,FUZHOU,CHINA (MAINLAND)
2019,470200,ROYAL GOLDEN EAGLE,APRIL,BUATAN,RIAU,507,278686,ROYAL GOLDEN EAGLE,APRIL FAR EAST MALAYSIA SDN BHD,MALAYSIA,FUZHOU,CHINA (MAINLAND)
2019,470200,ROYAL GOLDEN EAGLE,TOBA PULP LESTARI,BELAWAN,SUMATERA UTARA,503,379723,ROYAL GOLDEN EAGLE,DP MARKETING INTERNATIONAL,MACAO,SHANGHAI,CHINA (MAINLAND)
2019,470200,ROYAL GOLDEN EAGLE,TOBA PULP LESTARI,BELAWAN,SUMATERA UTARA,501,378368,ROYAL GOLDEN EAGLE,DP MARKETING INTERNATIONAL,MACAO,SHANGHAI,CHINA (MAINLAND)
2019,470200,ROYAL GOLDEN EAGLE,APRIL,BUATAN,RIAU,505,277996,ROYAL GOLDEN EAGLE,APRIL FAR EAST MALAYSIA SDN BHD,MALAYSIA,FUZHOU,CHINA (MAINLAND)
2019,470200,ROYAL GOLDEN EAGLE,APRIL,BUATAN,RIAU,506,278180,ROYAL GOLDEN EAGLE,APRIL FAR EAST MALAYSIA SDN BHD,MALAYSIA,JIUJIANG,CHINA (MAINLAND)
2019,470200,ROYAL GOLDEN EAGLE,APRIL,BUATAN,RIAU,505,277678,ROYAL GOLDEN EAGLE,APRIL FAR EAST MALAYSIA SDN BHD,MALAYSIA,JIUJIANG,CHINA (MAINLAND)
2019,470200,ROYAL GOLDEN EAGLE,APRIL,BUATAN,RIAU,507,278611,ROYAL GOLDEN EAGLE,APRIL FAR EAST MALAYSIA SDN BHD,MALAYSIA,JIUJIANG,CHINA (MAINLAND)
2019,470200,ROYAL GOLDEN EAGLE,APRIL,BUATAN,RIAU,506,278423,ROYAL GOLDEN EAGLE,APRIL FAR EAST MALAYSIA SDN BHD,MALAYSIA,JIUJIANG,CHINA (MAINLAND)
2019,470200,ROYAL GOLDEN EAGLE,APRIL,BUATAN,RIAU,506,278487,ROYAL GOLDEN EAGLE,APRIL FAR EAST MALAYSIA SDN BHD,MALAYSIA,FUZHOU,CHINA (MAINLAND)
2019,470200,ROYAL GOLDEN EAGLE,APRIL,BUATAN,RIAU,505,277978,ROYAL GOLDEN EAGLE,APRIL FAR EAST MALAYSIA SDN BHD,MALAYSIA,JIUJIANG,CHINA (MAINLAND)
2019,470200,ROYAL GOLDEN EAGLE,TOBA PULP LESTARI,BELAWAN,SUMATERA UTARA,502,378648,ROYAL GOLDEN EAGLE,DP MARKETING INTERNATIONAL,MACAO,SHANGHAI,CHINA (MAINLAND)
2019,470200,ROYAL GOLDEN EAGLE,APRIL,BUATAN,RIAU,506,295365,ROYAL GOLDEN EAGLE,APRIL FAR EAST MALAYSIA SDN BHD,MALAYSIA,JIUJIANG,CHINA (MAINLAND)
2019,470200,ROYAL GOLDEN EAGLE,APRIL,BUATAN,RIAU,506,278279,ROYAL GOLDEN EAGLE,APRIL FAR EAST MALAYSIA SDN BHD,MALAYSIA,JIUJIANG,CHINA (MAINLAND)
2019,470200,ROYAL GOLDEN EAGLE,APRIL,BUATAN,RIAU,507,295878,ROYAL GOLDEN EAGLE,APRIL FAR EAST MALAYSIA SDN BHD,MALAYSIA,FUZHOU,CHINA (MAINLAND)
2019,470200,ROYAL GOLDEN EAGLE,APRIL,BUATAN,RIAU,506,295709,ROYAL GOLDEN EAGLE,APRIL FAR EAST MALAYSIA SDN BHD,MALAYSIA,FUZHOU,CHINA (MAINLAND)
2019,470200,ROYAL GOLDEN EAGLE,APRIL,BUATAN,RIAU,506,278553,ROYAL GOLDEN EAGLE,APRIL FAR EAST MALAYSIA SDN BHD,MALAYSIA,JIUJIANG,CHINA (MAINLAND)
2019,470200,ROYAL GOLDEN EAGLE,APRIL,BUATAN,RIAU,501,292812,ROYAL GOLDEN EAGLE,APRIL FAR EAST MALAYSIA SDN BHD,MALAYSIA,FUZHOU,CHINA (MAINLAND)
2019,470200,ROYAL GOLDEN EAGLE,APRIL,BUATAN,RIAU,507,278663,ROYAL GOLDEN EAGLE,APRIL FAR EAST MALAYSIA SDN BHD,MALAYSIA,FUZHOU,CHINA (MAINLAND)
2019,470200,ROYAL GOLDEN EAGLE,APRIL,BUATAN,RIAU,505,277990,ROYAL GOLDEN EAGLE,APRIL FAR EAST MALAYSIA SDN BHD,MALAYSIA,JIUJIANG,CHINA (MAINLAND)
2019,470200,ROYAL GOLDEN EAGLE,APRIL,BUATAN,RIAU,506,295422,ROYAL GOLDEN EAGLE,APRIL FAR EAST MALAYSIA SDN BHD,MALAYSIA,JIUJIANG,CHINA (MAINLAND)
2019,470200,ROYAL GOLDEN EAGLE,APRIL,BUATAN,RIAU,506,295650,ROYAL GOLDEN EAGLE,APRIL FAR EAST MALAYSIA SDN BHD,MALAYSIA,FUZHOU,CHINA (MAINLAND)
2019,470200,ROYAL GOLDEN EAGLE,APRIL,BUATAN,RIAU,507,296219,ROYAL GOLDEN EAGLE,APRIL FAR EAST MALAYSIA SDN BHD,MALAYSIA,FUZHOU,CHINA (MAINLAND)
2019,470200,ROYAL GOLDEN EAGLE,APRIL,BUATAN,RIAU,506,278566,ROYAL GOLDEN EAGLE,APRIL FAR EAST MALAYSIA SDN BHD,MALAYSIA,JIUJIANG,CHINA (MAINLAND)
2019,470200,ROYAL GOLDEN EAGLE,APRIL,BUATAN,RIAU,506,278563,ROYAL GOLDEN EAGLE,APRIL FAR EAST MALAYSIA SDN BHD,MALAYSIA,FUZHOU,CHINA (MAINLAND)
2019,470200,ROYAL GOLDEN EAGLE,APRIL,BUATAN,RIAU,506,278561,ROYAL GOLDEN EAGLE,APRIL FAR EAST MALAYSIA SDN BHD,MALAYSIA,JIUJIANG,CHINA (MAINLAND)
2019,470200,ROYAL GOLDEN EAGLE,APRIL,BUATAN,RIAU,506,278514,ROYAL GOLDEN EAGLE,APRIL FAR EAST MALAYSIA SDN BHD,MALAYSIA,FUZHOU,CHINA (MAINLAND)
2019,470200,ROYAL GOLDEN EAGLE,APRIL,BUATAN,RIAU,507,278715,ROYAL GOLDEN EAGLE,APRIL FAR EAST MALAYSIA SDN BHD,MALAYSIA,JIUJIANG,CHINA (MAINLAND)
2019,470200,ROYAL GOLDEN EAGLE,APRIL,BUATAN,RIAU,506,278385,ROYAL GOLDEN EAGLE,APRIL FAR EAST MALAYSIA SDN BHD,MALAYSIA,JIUJIANG,CHINA (MAINLAND)
2019,470200,ROYAL GOLDEN EAGLE,APRIL,BUATAN,RIAU,506,295461,ROYAL GOLDEN EAGLE,APRIL FAR EAST MALAYSIA SDN BHD,MALAYSIA,FUZHOU,CHINA (MAINLAND)
2019,470200,ROYAL GOLDEN EAGLE,APRIL,BUATAN,RIAU,507,278716,ROYAL GOLDEN EAGLE,APRIL FAR EAST MALAYSIA SDN BHD,MALAYSIA,JIUJIANG,CHINA (MAINLAND)
2019,470200,ROYAL GOLDEN EAGLE,APRIL,BUATAN,RIAU,506,278530,ROYAL GOLDEN EAGLE,APRIL FAR EAST MALAYSIA SDN BHD,MALAYSIA,FUZHOU,CHINA (MAINLAND)
2019,470200,ROYAL GOLDEN EAGLE,APRIL,BUATAN,RIAU,506,278516,ROYAL GOLDEN EAGLE,APRIL FAR EAST MALAYSIA SDN BHD,MALAYSIA,JIUJIANG,CHINA (MAINLAND)
2019,470200,ROYAL GOLDEN EAGLE,APRIL,BUATAN,RIAU,506,295297,ROYAL GOLDEN EAGLE,APRIL FAR EAST MALAYSIA SDN BHD,MALAYSIA,FUZHOU,CHINA (MAINLAND)
2019,470200,ROYAL GOLDEN EAGLE,APRIL,BUATAN,RIAU,506,295326,ROYAL GOLDEN EAGLE,APRIL FAR EAST MALAYSIA SDN BHD,MALAYSIA,FUZHOU,CHINA (MAINLAND)
2019,470200,ROYAL GOLDEN EAGLE,TOBA PULP LESTARI,BELAWAN,SUMATERA UTARA,502,378772,ROYAL GOLDEN EAGLE,DP MARKETING INTERNATIONAL,MACAO,SHANGHAI,CHINA (MAINLAND)
2019,470200,ROYAL GOLDEN EAGLE,TOBA PULP LESTARI,BELAWAN,SUMATERA UTARA,501,378539,ROYAL GOLDEN EAGLE,DP MARKETING INTERNATIONAL,MACAO,SHANGHAI,CHINA (MAINLAND)
2019,470200,ROYAL GOLDEN EAGLE,TOBA PULP LESTARI,BELAWAN,SUMATERA UTARA,502,378832,ROYAL GOLDEN EAGLE,DP MARKETING INTERNATIONAL,MACAO,SHANGHAI,CHINA (MAINLAND)
2019,470200,ROYAL GOLDEN EAGLE,TOBA PULP LESTARI,BELAWAN,SUMATERA UTARA,502,378725,ROYAL GOLDEN EAGLE,DP MARKETING INTERNATIONAL,MACAO,SHANGHAI,CHINA (MAINLAND)
2019,470200,ROYAL GOLDEN EAGLE,APRIL,BUATAN,RIAU,506,278298,ROYAL GOLDEN EAGLE,APRIL FAR EAST MALAYSIA SDN BHD,MALAYSIA,FUZHOU,CHINA (MAINLAND)
2019,470200,ROYAL GOLDEN EAGLE,APRIL,BUATAN,RIAU,506,278389,ROYAL GOLDEN EAGLE,APRIL FAR EAST MALAYSIA SDN BHD,MALAYSIA,JIUJIANG,CHINA (MAINLAND)
2019,470200,ROYAL GOLDEN EAGLE,APRIL,BUATAN,RIAU,506,278519,ROYAL GOLDEN EAGLE,APRIL FAR EAST MALAYSIA SDN BHD,MALAYSIA,FUZHOU,CHINA (MAINLAND)
2019,470200,ROYAL GOLDEN EAGLE,APRIL,BUATAN,RIAU,506,278316,ROYAL GOLDEN EAGLE,APRIL FAR EAST MALAYSIA SDN BHD,MALAYSIA,JIUJIANG,CHINA (MAINLAND)
2019,470200,ROYAL GOLDEN EAGLE,APRIL,BUATAN,RIAU,507,278593,ROYAL GOLDEN EAGLE,APRIL FAR EAST MALAYSIA SDN BHD,MALAYSIA,JIUJIANG,CHINA (MAINLAND)
2019,470200,ROYAL GOLDEN EAGLE,APRIL,BUATAN,RIAU,506,278387,ROYAL GOLDEN EAGLE,APRIL FAR EAST MALAYSIA SDN BHD,MALAYSIA,JIUJIANG,CHINA (MAINLAND)
2019,470200,ROYAL GOLDEN EAGLE,TOBA PULP LESTARI,BELAWAN,SUMATERA UTARA,504,380264,ROYAL GOLDEN EAGLE,DP MARKETING INTERNATIONAL,MACAO,SHANGHAI,CHINA (MAINLAND)
2019,470200,ROYAL GOLDEN EAGLE,APRIL,BUATAN,RIAU,506,278515,ROYAL GOLDEN EAGLE,APRIL FAR EAST MALAYSIA SDN BHD,MALAYSIA,JIUJIANG,CHINA (MAINLAND)
2019,470200,ROYAL GOLDEN EAGLE,TOBA PULP LESTARI,BELAWAN,SUMATERA UTARA,501,378306,ROYAL GOLDEN EAGLE,DP MARKETING INTERNATIONAL,MACAO,SHANGHAI,CHINA (MAINLAND)
2019,470200,ROYAL GOLDEN EAGLE,TOBA PULP LESTARI,BELAWAN,SUMATERA UTARA,502,378942,ROYAL GOLDEN EAGLE,DP MARKETING INTERNATIONAL,MACAO,SHANGHAI,CHINA (MAINLAND)
2019,470200,ROYAL GOLDEN EAGLE,APRIL,BUATAN,RIAU,506,278516,ROYAL GOLDEN EAGLE,APRIL FAR EAST MALAYSIA SDN BHD,MALAYSIA,JIUJIANG,CHINA (MAINLAND)
2019,470200,ROYAL GOLDEN EAGLE,APRIL,BUATAN,RIAU,141,77802,ROYAL GOLDEN EAGLE,APRIL FAR EAST MALAYSIA SDN BHD,MALAYSIA,FUZHOU,CHINA (MAINLAND)
2019,470200,ROYAL GOLDEN EAGLE,APRIL,BUATAN,RIAU,507,278719,ROYAL GOLDEN EAGLE,APRIL FAR EAST MALAYSIA SDN BHD,MALAYSIA,FUZHOU,CHINA (MAINLAND)
2019,470200,ROYAL GOLDEN EAGLE,APRIL,BUATAN,RIAU,506,278457,ROYAL GOLDEN EAGLE,APRIL FAR EAST MALAYSIA SDN BHD,MALAYSIA,JIUJIANG,CHINA (MAINLAND)
2019,470200,ROYAL GOLDEN EAGLE,APRIL,BUATAN,RIAU,506,278247,ROYAL GOLDEN EAGLE,APRIL FAR EAST MALAYSIA SDN BHD,MALAYSIA,JIUJIANG,CHINA (MAINLAND)
2019,470200,ROYAL GOLDEN EAGLE,APRIL,BUATAN,RIAU,507,278701,ROYAL GOLDEN EAGLE,APRIL FAR EAST MALAYSIA SDN BHD,MALAYSIA,JIUJIANG,CHINA (MAINLAND)
2019,470200,ROYAL GOLDEN EAGLE,APRIL,BUATAN,RIAU,506,278357,ROYAL GOLDEN EAGLE,APRIL FAR EAST MALAYSIA SDN BHD,MALAYSIA,JIUJIANG,CHINA (MAINLAND)
2019,470200,ROYAL GOLDEN EAGLE,APRIL,BUATAN,RIAU,506,278377,ROYAL GOLDEN EAGLE,APRIL FAR EAST MALAYSIA SDN BHD,MALAYSIA,FUZHOU,CHINA (MAINLAND)
2019,470200,ROYAL GOLDEN EAGLE,APRIL,BUATAN,RIAU,506,278373,ROYAL GOLDEN EAGLE,APRIL FAR EAST MALAYSIA SDN BHD,MALAYSIA,JIUJIANG,CHINA (MAINLAND)
2019,470200,ROYAL GOLDEN EAGLE,APRIL,BUATAN,RIAU,507,278621,ROYAL GOLDEN EAGLE,APRIL FAR EAST MALAYSIA SDN BHD,MALAYSIA,JIUJIANG,CHINA (MAINLAND)
2019,470200,ROYAL GOLDEN EAGLE,APRIL,BUATAN,RIAU,506,278490,ROYAL GOLDEN EAGLE,APRIL FAR EAST MALAYSIA SDN BHD,MALAYSIA,JIUJIANG,CHINA (MAINLAND)
2019,470200,ROYAL GOLDEN EAGLE,APRIL,BUATAN,RIAU,506,278568,ROYAL GOLDEN EAGLE,APRIL FAR EAST MALAYSIA SDN BHD,MALAYSIA,FUZHOU,CHINA (MAINLAND)
2019,470200,ROYAL GOLDEN EAGLE,APRIL,BUATAN,RIAU,506,278568,ROYAL GOLDEN EAGLE,APRIL FAR EAST MALAYSIA SDN BHD,MALAYSIA,JIUJIANG,CHINA (MAINLAND)
2019,470200,ROYAL GOLDEN EAGLE,APRIL,BUATAN,RIAU,365,200518,ROYAL GOLDEN EAGLE,APRIL FAR EAST MALAYSIA SDN BHD,MALAYSIA,FUZHOU,CHINA (MAINLAND)
2019,470200,ROYAL GOLDEN EAGLE,APRIL,BUATAN,RIAU,507,278590,ROYAL GOLDEN EAGLE,APRIL FAR EAST MALAYSIA SDN BHD,MALAYSIA,FUZHOU,CHINA (MAINLAND)
2019,470200,ROYAL GOLDEN EAGLE,APRIL,BUATAN,RIAU,466,256335,ROYAL GOLDEN EAGLE,APRIL FAR EAST MALAYSIA SDN BHD,MALAYSIA,FUZHOU,CHINA (MAINLAND)
2019,470200,ROYAL GOLDEN EAGLE,TOBA PULP LESTARI,BELAWAN,SUMATERA UTARA,501,378063,ROYAL GOLDEN EAGLE,DP MARKETING INTERNATIONAL,MACAO,QINGDAO,CHINA (MAINLAND)
2019,470200,ROYAL GOLDEN EAGLE,APRIL,BUATAN,RIAU,506,278436,ROYAL GOLDEN EAGLE,APRIL FAR EAST MALAYSIA SDN BHD,MALAYSIA,FUZHOU,CHINA (MAINLAND)
2019,470200,ROYAL GOLDEN EAGLE,APRIL,BUATAN,RIAU,506,278383,ROYAL GOLDEN EAGLE,APRIL FAR EAST MALAYSIA SDN BHD,MALAYSIA,JIUJIANG,CHINA (MAINLAND)
2019,470200,ROYAL GOLDEN EAGLE,TOBA PULP LESTARI,BELAWAN,SUMATERA UTARA,501,378238,ROYAL GOLDEN EAGLE,DP MARKETING INTERNATIONAL,MACAO,QINGDAO,CHINA (MAINLAND)
2019,470200,ROYAL GOLDEN EAGLE,APRIL,BUATAN,RIAU,506,278466,ROYAL GOLDEN EAGLE,APRIL FAR EAST MALAYSIA SDN BHD,MALAYSIA,JIUJIANG,CHINA (MAINLAND)
2019,470200,ROYAL GOLDEN EAGLE,TOBA PULP LESTARI,BELAWAN,SUMATERA UTARA,502,379141,ROYAL GOLDEN EAGLE,DP MARKETING INTERNATIONAL,MACAO,QINGDAO,CHINA (MAINLAND)
2019,470200,ROYAL GOLDEN EAGLE,APRIL,BUATAN,RIAU,506,278371,ROYAL GOLDEN EAGLE,APRIL FAR EAST MALAYSIA SDN BHD,MALAYSIA,JIUJIANG,CHINA (MAINLAND)
2019,470200,ROYAL GOLDEN EAGLE,APRIL,BUATAN,RIAU,507,278829,ROYAL GOLDEN EAGLE,APRIL FAR EAST MALAYSIA SDN BHD,MALAYSIA,JIUJIANG,CHINA (MAINLAND)
2019,470200,ROYAL GOLDEN EAGLE,APRIL,BUATAN,RIAU,506,278072,ROYAL GOLDEN EAGLE,APRIL FAR EAST MALAYSIA SDN BHD,MALAYSIA,FUZHOU,CHINA (MAINLAND)
2019,470200,ROYAL GOLDEN EAGLE,APRIL,BUATAN,RIAU,506,278140,ROYAL GOLDEN EAGLE,APRIL FAR EAST MALAYSIA SDN BHD,MALAYSIA,JIUJIANG,CHINA (MAINLAND)
2019,470200,ROYAL GOLDEN EAGLE,APRIL,BUATAN,RIAU,507,278577,ROYAL GOLDEN EAGLE,APRIL FAR EAST MALAYSIA SDN BHD,MALAYSIA,FUZHOU,CHINA (MAINLAND)
2019,470200,ROYAL GOLDEN EAGLE,APRIL,BUATAN,RIAU,507,278756,ROYAL GOLDEN EAGLE,APRIL FAR EAST MALAYSIA SDN BHD,MALAYSIA,JIUJIANG,CHINA (MAINLAND)
2019,470200,ROYAL GOLDEN EAGLE,APRIL,BUATAN,RIAU,507,278680,ROYAL GOLDEN EAGLE,APRIL FAR EAST MALAYSIA SDN BHD,MALAYSIA,JIUJIANG,CHINA (MAINLAND)
2019,470200,ROYAL GOLDEN EAGLE,APRIL,BUATAN,RIAU,506,278492,ROYAL GOLDEN EAGLE,APRIL FAR EAST MALAYSIA SDN BHD,MALAYSIA,JIUJIANG,CHINA (MAINLAND)
2019,470200,ROYAL GOLDEN EAGLE,APRIL,BUATAN,RIAU,505,278019,ROYAL GOLDEN EAGLE,APRIL FAR EAST MALAYSIA SDN BHD,MALAYSIA,JIUJIANG,CHINA (MAINLAND)
2019,470200,ROYAL GOLDEN EAGLE,APRIL,BUATAN,RIAU,41,22307,ROYAL GOLDEN EAGLE,APRIL FAR EAST MALAYSIA SDN BHD,MALAYSIA,FUZHOU,CHINA (MAINLAND)
2019,470200,ROYAL GOLDEN EAGLE,APRIL,BUATAN,RIAU,507,278631,ROYAL GOLDEN EAGLE,APRIL FAR EAST MALAYSIA SDN BHD,MALAYSIA,JIUJIANG,CHINA (MAINLAND)
2019,470200,ROYAL GOLDEN EAGLE,APRIL,BUATAN,RIAU,506,278429,ROYAL GOLDEN EAGLE,APRIL FAR EAST MALAYSIA SDN BHD,MALAYSIA,JIUJIANG,CHINA (MAINLAND)
2019,470200,ROYAL GOLDEN EAGLE,APRIL,BUATAN,RIAU,506,278514,ROYAL GOLDEN EAGLE,APRIL FAR EAST MALAYSIA SDN BHD,MALAYSIA,JIUJIANG,CHINA (MAINLAND)
2019,470200,ROYAL GOLDEN EAGLE,TOBA PULP LESTARI,BELAWAN,SUMATERA UTARA,502,379161,ROYAL GOLDEN EAGLE,DP MARKETING INTERNATIONAL,MACAO,SHANGHAI,CHINA (MAINLAND)
2019,470200,ROYAL GOLDEN EAGLE,APRIL,BUATAN,RIAU,506,278450,ROYAL GOLDEN EAGLE,APRIL FAR EAST MALAYSIA SDN BHD,MALAYSIA,JIUJIANG,CHINA (MAINLAND)
2019,470200,ROYAL GOLDEN EAGLE,APRIL,BUATAN,RIAU,506,278274,ROYAL GOLDEN EAGLE,APRIL FAR EAST MALAYSIA SDN BHD,MALAYSIA,JIUJIANG,CHINA (MAINLAND)
2019,470200,ROYAL GOLDEN EAGLE,APRIL,BUATAN,RIAU,506,278368,ROYAL GOLDEN EAGLE,APRIL FAR EAST MALAYSIA SDN BHD,MALAYSIA,JIUJIANG,CHINA (MAINLAND)
2019,470200,ROYAL GOLDEN EAGLE,APRIL,BUATAN,RIAU,507,278667,ROYAL GOLDEN EAGLE,APRIL FAR EAST MALAYSIA SDN BHD,MALAYSIA,JIUJIANG,CHINA (MAINLAND)
2019,470200,ROYAL GOLDEN EAGLE,APRIL,BUATAN,RIAU,506,278364,ROYAL GOLDEN EAGLE,APRIL FAR EAST MALAYSIA SDN BHD,MALAYSIA,JIUJIANG,CHINA (MAINLAND)
2019,470200,ROYAL GOLDEN EAGLE,APRIL,BUATAN,RIAU,505,277914,ROYAL GOLDEN EAGLE,APRIL FAR EAST MALAYSIA SDN BHD,MALAYSIA,JIUJIANG,CHINA (MAINLAND)
2019,470200,ROYAL GOLDEN EAGLE,TOBA PULP LESTARI,BELAWAN,SUMATERA UTARA,503,379649,ROYAL GOLDEN EAGLE,DP MARKETING INTERNATIONAL,MACAO,SHANGHAI,CHINA (MAINLAND)
2019,470200,ROYAL GOLDEN EAGLE,TOBA PULP LESTARI,BELAWAN,SUMATERA UTARA,503,379700,ROYAL GOLDEN EAGLE,DP MARKETING INTERNATIONAL,MACAO,QINGDAO,CHINA (MAINLAND)
2019,470200,ROYAL GOLDEN EAGLE,TOBA PULP LESTARI,BELAWAN,SUMATERA UTARA,501,378423,ROYAL GOLDEN EAGLE,DP MARKETING INTERNATIONAL,MACAO,QINGDAO,CHINA (MAINLAND)
2019,470200,ROYAL GOLDEN EAGLE,APRIL,BUATAN,RIAU,506,278516,ROYAL GOLDEN EAGLE,APRIL FAR EAST MALAYSIA SDN BHD,MALAYSIA,FUZHOU,CHINA (MAINLAND)
2019,470200,ROYAL GOLDEN EAGLE,APRIL,BUATAN,RIAU,506,278572,ROYAL GOLDEN EAGLE,APRIL FAR EAST MALAYSIA SDN BHD,MALAYSIA,JIUJIANG,CHINA (MAINLAND)
2019,470200,ROYAL GOLDEN EAGLE,APRIL,BUATAN,RIAU,506,278574,ROYAL GOLDEN EAGLE,APRIL FAR EAST MALAYSIA SDN BHD,MALAYSIA,FUZHOU,CHINA (MAINLAND)
2019,470200,ROYAL GOLDEN EAGLE,APRIL,BUATAN,RIAU,507,278595,ROYAL GOLDEN EAGLE,APRIL FAR EAST MALAYSIA SDN BHD,MALAYSIA,JIUJIANG,CHINA (MAINLAND)
2019,470200,ROYAL GOLDEN EAGLE,APRIL,BUATAN,RIAU,507,278601,ROYAL GOLDEN EAGLE,APRIL FAR EAST MALAYSIA SDN BHD,MALAYSIA,JIUJIANG,CHINA (MAINLAND)
2019,470200,ROYAL GOLDEN EAGLE,APRIL,BUATAN,RIAU,505,277994,ROYAL GOLDEN EAGLE,APRIL FAR EAST MALAYSIA SDN BHD,MALAYSIA,FUZHOU,CHINA (MAINLAND)
2019,470200,ROYAL GOLDEN EAGLE,APRIL,BUATAN,RIAU,506,278475,ROYAL GOLDEN EAGLE,APRIL FAR EAST MALAYSIA SDN BHD,MALAYSIA,JIUJIANG,CHINA (MAINLAND)
2019,470200,ROYAL GOLDEN EAGLE,APRIL,BUATAN,RIAU,506,278305,ROYAL GOLDEN EAGLE,APRIL FAR EAST MALAYSIA SDN BHD,MALAYSIA,FUZHOU,CHINA (MAINLAND)
2019,470200,ROYAL GOLDEN EAGLE,APRIL,BUATAN,RIAU,507,278661,ROYAL GOLDEN EAGLE,APRIL FAR EAST MALAYSIA SDN BHD,MALAYSIA,JIUJIANG,CHINA (MAINLAND)
2019,470200,ROYAL GOLDEN EAGLE,APRIL,BUATAN,RIAU,506,278517,ROYAL GOLDEN EAGLE,APRIL FAR EAST MALAYSIA SDN BHD,MALAYSIA,FUZHOU,CHINA (MAINLAND)
2019,470200,ROYAL GOLDEN EAGLE,APRIL,BUATAN,RIAU,506,278399,ROYAL GOLDEN EAGLE,APRIL FAR EAST MALAYSIA SDN BHD,MALAYSIA,FUZHOU,CHINA (MAINLAND)
2019,470200,ROYAL GOLDEN EAGLE,APRIL,BUATAN,RIAU,506,278502,ROYAL GOLDEN EAGLE,APRIL FAR EAST MALAYSIA SDN BHD,MALAYSIA,JIUJIANG,CHINA (MAINLAND)
2019,470200,ROYAL GOLDEN EAGLE,APRIL,BUATAN,RIAU,506,278364,ROYAL GOLDEN EAGLE,APRIL FAR EAST MALAYSIA SDN BHD,MALAYSIA,JIUJIANG,CHINA (MAINLAND)
2019,470200,ROYAL GOLDEN EAGLE,APRIL,BUATAN,RIAU,506,278523,ROYAL GOLDEN EAGLE,APRIL FAR EAST MALAYSIA SDN BHD,MALAYSIA,JIUJIANG,CHINA (MAINLAND)
2019,470200,ROYAL GOLDEN EAGLE,APRIL,BUATAN,RIAU,506,278394,ROYAL GOLDEN EAGLE,APRIL FAR EAST MALAYSIA SDN BHD,MALAYSIA,JIUJIANG,CHINA (MAINLAND)
2019,470200,ROYAL GOLDEN EAGLE,APRIL,BUATAN,RIAU,506,278514,ROYAL GOLDEN EAGLE,APRIL FAR EAST MALAYSIA SDN BHD,MALAYSIA,JIUJIANG,CHINA (MAINLAND)
2019,470200,ROYAL GOLDEN EAGLE,APRIL,BUATAN,RIAU,505,277763,ROYAL GOLDEN EAGLE,APRIL FAR EAST MALAYSIA SDN BHD,MALAYSIA,FUZHOU,CHINA (MAINLAND)
2019,470200,ROYAL GOLDEN EAGLE,APRIL,BUATAN,RIAU,506,278293,ROYAL GOLDEN EAGLE,APRIL FAR EAST MALAYSIA SDN BHD,MALAYSIA,JIUJIANG,CHINA (MAINLAND)
2019,470200,ROYAL GOLDEN EAGLE,APRIL,BUATAN,RIAU,506,278186,ROYAL GOLDEN EAGLE,APRIL FAR EAST MALAYSIA SDN BHD,MALAYSIA,FUZHOU,CHINA (MAINLAND)
2019,470200,ROYAL GOLDEN EAGLE,APRIL,BUATAN,RIAU,506,278364,ROYAL GOLDEN EAGLE,APRIL FAR EAST MALAYSIA SDN BHD,MALAYSIA,JIUJIANG,CHINA (MAINLAND)
2019,470200,ROYAL GOLDEN EAGLE,APRIL,BUATAN,RIAU,506,278437,ROYAL GOLDEN EAGLE,APRIL FAR EAST MALAYSIA SDN BHD,MALAYSIA,JIUJIANG,CHINA (MAINLAND)
2019,470200,ROYAL GOLDEN EAGLE,APRIL,BUATAN,RIAU,505,277980,ROYAL GOLDEN EAGLE,APRIL FAR EAST MALAYSIA SDN BHD,MALAYSIA,FUZHOU,CHINA (MAINLAND)
2019,470200,ROYAL GOLDEN EAGLE,APRIL,BUATAN,RIAU,506,278075,ROYAL GOLDEN EAGLE,APRIL FAR EAST MALAYSIA SDN BHD,MALAYSIA,FUZHOU,CHINA (MAINLAND)
2019,470200,ROYAL GOLDEN EAGLE,APRIL,BUATAN,RIAU,507,278670,ROYAL GOLDEN EAGLE,APRIL FAR EAST MALAYSIA SDN BHD,MALAYSIA,JIUJIANG,CHINA (MAINLAND)
2019,470200,ROYAL GOLDEN EAGLE,APRIL,BUATAN,RIAU,506,278250,ROYAL GOLDEN EAGLE,APRIL FAR EAST MALAYSIA SDN BHD,MALAYSIA,JIUJIANG,CHINA (MAINLAND)
2019,470200,ROYAL GOLDEN EAGLE,APRIL,BUATAN,RIAU,507,278642,ROYAL GOLDEN EAGLE,APRIL FAR EAST MALAYSIA SDN BHD,MALAYSIA,JIUJIANG,CHINA (MAINLAND)
2019,470200,ROYAL GOLDEN EAGLE,APRIL,BUATAN,RIAU,506,278220,ROYAL GOLDEN EAGLE,APRIL FAR EAST MALAYSIA SDN BHD,MALAYSIA,FUZHOU,CHINA (MAINLAND)
2019,470200,ROYAL GOLDEN EAGLE,APRIL,BUATAN,RIAU,507,278617,ROYAL GOLDEN EAGLE,APRIL FAR EAST MALAYSIA SDN BHD,MALAYSIA,FUZHOU,CHINA (MAINLAND)
2019,470200,ROYAL GOLDEN EAGLE,APRIL,BUATAN,RIAU,506,278316,ROYAL GOLDEN EAGLE,APRIL FAR EAST MALAYSIA SDN BHD,MALAYSIA,FUZHOU,CHINA (MAINLAND)
2019,470200,ROYAL GOLDEN EAGLE,APRIL,BUATAN,RIAU,506,278443,ROYAL GOLDEN EAGLE,APRIL FAR EAST MALAYSIA SDN BHD,MALAYSIA,JIUJIANG,CHINA (MAINLAND)
2019,470200,ROYAL GOLDEN EAGLE,APRIL,BUATAN,RIAU,506,278422,ROYAL GOLDEN EAGLE,APRIL FAR EAST MALAYSIA SDN BHD,MALAYSIA,FUZHOU,CHINA (MAINLAND)
2019,470200,ROYAL GOLDEN EAGLE,APRIL,BUATAN,RIAU,506,278350,ROYAL GOLDEN EAGLE,APRIL FAR EAST MALAYSIA SDN BHD,MALAYSIA,JIUJIANG,CHINA (MAINLAND)
2019,470200,ROYAL GOLDEN EAGLE,APRIL,BUATAN,RIAU,507,278638,ROYAL GOLDEN EAGLE,APRIL FAR EAST MALAYSIA SDN BHD,MALAYSIA,FUZHOU,CHINA (MAINLAND)
2019,470200,ROYAL GOLDEN EAGLE,APRIL,BUATAN,RIAU,506,278562,ROYAL GOLDEN EAGLE,APRIL FAR EAST MALAYSIA SDN BHD,MALAYSIA,JIUJIANG,CHINA (MAINLAND)
2019,470200,ROYAL GOLDEN EAGLE,APRIL,BUATAN,RIAU,507,278665,ROYAL GOLDEN EAGLE,APRIL FAR EAST MALAYSIA SDN BHD,MALAYSIA,FUZHOU,CHINA (MAINLAND)
2019,470200,ROYAL GOLDEN EAGLE,APRIL,BUATAN,RIAU,507,278709,ROYAL GOLDEN EAGLE,APRIL FAR EAST MALAYSIA SDN BHD,MALAYSIA,FUZHOU,CHINA (MAINLAND)
2019,470200,ROYAL GOLDEN EAGLE,APRIL,BUATAN,RIAU,506,278396,ROYAL GOLDEN EAGLE,APRIL FAR EAST MALAYSIA SDN BHD,MALAYSIA,FUZHOU,CHINA (MAINLAND)
2019,470200,ROYAL GOLDEN EAGLE,APRIL,BUATAN,RIAU,506,278404,ROYAL GOLDEN EAGLE,APRIL FAR EAST MALAYSIA SDN BHD,MALAYSIA,JIUJIANG,CHINA (MAINLAND)
2019,470200,ROYAL GOLDEN EAGLE,APRIL,BUATAN,RIAU,506,278550,ROYAL GOLDEN EAGLE,APRIL FAR EAST MALAYSIA SDN BHD,MALAYSIA,JIUJIANG,CHINA (MAINLAND)
2019,470200,ROYAL GOLDEN EAGLE,APRIL,BUATAN,RIAU,507,278665,ROYAL GOLDEN EAGLE,APRIL FAR EAST MALAYSIA SDN BHD,MALAYSIA,JIUJIANG,CHINA (MAINLAND)
2019,470200,ROYAL GOLDEN EAGLE,APRIL,BUATAN,RIAU,506,278294,ROYAL GOLDEN EAGLE,APRIL FAR EAST MALAYSIA SDN BHD,MALAYSIA,FUZHOU,CHINA (MAINLAND)
2019,470200,ROYAL GOLDEN EAGLE,APRIL,BUATAN,RIAU,506,278425,ROYAL GOLDEN EAGLE,APRIL FAR EAST MALAYSIA SDN BHD,MALAYSIA,JIUJIANG,CHINA (MAINLAND)
2019,470200,ROYAL GOLDEN EAGLE,APRIL,BUATAN,RIAU,506,278302,ROYAL GOLDEN EAGLE,APRIL FAR EAST MALAYSIA SDN BHD,MALAYSIA,JIUJIANG,CHINA (MAINLAND)
2019,470200,ROYAL GOLDEN EAGLE,APRIL,BUATAN,RIAU,506,278254,ROYAL GOLDEN EAGLE,APRIL FAR EAST MALAYSIA SDN BHD,MALAYSIA,JIUJIANG,CHINA (MAINLAND)
2019,470200,ROYAL GOLDEN EAGLE,APRIL,BUATAN,RIAU,506,278220,ROYAL GOLDEN EAGLE,APRIL FAR EAST MALAYSIA SDN BHD,MALAYSIA,JIUJIANG,CHINA (MAINLAND)
2019,470200,ROYAL GOLDEN EAGLE,APRIL,BUATAN,RIAU,505,277964,ROYAL GOLDEN EAGLE,APRIL FAR EAST MALAYSIA SDN BHD,MALAYSIA,JIUJIANG,CHINA (MAINLAND)
2019,470200,ROYAL GOLDEN EAGLE,APRIL,BUATAN,RIAU,506,278528,ROYAL GOLDEN EAGLE,APRIL FAR EAST MALAYSIA SDN BHD,MALAYSIA,JIUJIANG,CHINA (MAINLAND)
2019,470200,ROYAL GOLDEN EAGLE,APRIL,BUATAN,RIAU,506,278556,ROYAL GOLDEN EAGLE,APRIL FAR EAST MALAYSIA SDN BHD,MALAYSIA,JIUJIANG,CHINA (MAINLAND)
2019,470200,ROYAL GOLDEN EAGLE,APRIL,BUATAN,RIAU,506,278500,ROYAL GOLDEN EAGLE,APRIL FAR EAST MALAYSIA SDN BHD,MALAYSIA,JIUJIANG,CHINA (MAINLAND)
2019,470200,ROYAL GOLDEN EAGLE,APRIL,BUATAN,RIAU,507,278725,ROYAL GOLDEN EAGLE,APRIL FAR EAST MALAYSIA SDN BHD,MALAYSIA,JIUJIANG,CHINA (MAINLAND)
2019,470200,ROYAL GOLDEN EAGLE,APRIL,BUATAN,RIAU,506,278222,ROYAL GOLDEN EAGLE,APRIL FAR EAST MALAYSIA SDN BHD,MALAYSIA,JIUJIANG,CHINA (MAINLAND)
2019,470200,ROYAL GOLDEN EAGLE,APRIL,BUATAN,RIAU,506,278413,ROYAL GOLDEN EAGLE,APRIL FAR EAST MALAYSIA SDN BHD,MALAYSIA,JIUJIANG,CHINA (MAINLAND)
2019,470200,ROYAL GOLDEN EAGLE,APRIL,BUATAN,RIAU,506,278030,ROYAL GOLDEN EAGLE,APRIL FAR EAST MALAYSIA SDN BHD,MALAYSIA,FUZHOU,CHINA (MAINLAND)
2019,470200,ROYAL GOLDEN EAGLE,TOBA PULP LESTARI,BELAWAN,SUMATERA UTARA,1004,742779,ROYAL GOLDEN EAGLE,DP MARKETING INTERNATIONAL,MACAO,QINGDAO,CHINA (MAINLAND)
2019,470200,ROYAL GOLDEN EAGLE,APRIL,BUATAN,RIAU,506,278130,ROYAL GOLDEN EAGLE,APRIL FAR EAST MALAYSIA SDN BHD,MALAYSIA,JIUJIANG,CHINA (MAINLAND)
2019,470200,ROYAL GOLDEN EAGLE,APRIL,BUATAN,RIAU,506,278254,ROYAL GOLDEN EAGLE,APRIL FAR EAST MALAYSIA SDN BHD,MALAYSIA,JIUJIANG,CHINA (MAINLAND)
2019,470200,ROYAL GOLDEN EAGLE,APRIL,BUATAN,RIAU,506,278119,ROYAL GOLDEN EAGLE,APRIL FAR EAST MALAYSIA SDN BHD,MALAYSIA,FUZHOU,CHINA (MAINLAND)
2019,470200,ROYAL GOLDEN EAGLE,APRIL,BUATAN,RIAU,506,278057,ROYAL GOLDEN EAGLE,APRIL FAR EAST MALAYSIA SDN BHD,MALAYSIA,FUZHOU,CHINA (MAINLAND)
2019,470200,ROYAL GOLDEN EAGLE,APRIL,BUATAN,RIAU,505,277799,ROYAL GOLDEN EAGLE,APRIL FAR EAST MALAYSIA SDN BHD,MALAYSIA,FUZHOU,CHINA (MAINLAND)
2019,470200,ROYAL GOLDEN EAGLE,APRIL,BUATAN,RIAU,506,278120,ROYAL GOLDEN EAGLE,APRIL FAR EAST MALAYSIA SDN BHD,MALAYSIA,FUZHOU,CHINA (MAINLAND)
2019,470200,ROYAL GOLDEN EAGLE,APRIL,BUATAN,RIAU,506,278084,ROYAL GOLDEN EAGLE,APRIL FAR EAST MALAYSIA SDN BHD,MALAYSIA,JIUJIANG,CHINA (MAINLAND)
2019,470200,ROYAL GOLDEN EAGLE,APRIL,BUATAN,RIAU,505,277860,ROYAL GOLDEN EAGLE,APRIL FAR EAST MALAYSIA SDN BHD,MALAYSIA,JIUJIANG,CHINA (MAINLAND)
2019,470200,ROYAL GOLDEN EAGLE,APRIL,BUATAN,RIAU,506,278274,ROYAL GOLDEN EAGLE,APRIL FAR EAST MALAYSIA SDN BHD,MALAYSIA,JIUJIANG,CHINA (MAINLAND)
2019,470200,ROYAL GOLDEN EAGLE,APRIL,BUATAN,RIAU,506,278056,ROYAL GOLDEN EAGLE,APRIL FAR EAST MALAYSIA SDN BHD,MALAYSIA,JIUJIANG,CHINA (MAINLAND)
2019,470200,ROYAL GOLDEN EAGLE,APRIL,BUATAN,RIAU,506,278434,ROYAL GOLDEN EAGLE,APRIL FAR EAST MALAYSIA SDN BHD,MALAYSIA,JIUJIANG,CHINA (MAINLAND)
2019,470200,ROYAL GOLDEN EAGLE,APRIL,BUATAN,RIAU,506,278228,ROYAL GOLDEN EAGLE,APRIL FAR EAST MALAYSIA SDN BHD,MALAYSIA,JIUJIANG,CHINA (MAINLAND)
2019,470200,ROYAL GOLDEN EAGLE,APRIL,BUATAN,RIAU,506,278140,ROYAL GOLDEN EAGLE,APRIL FAR EAST MALAYSIA SDN BHD,MALAYSIA,JIUJIANG,CHINA (MAINLAND)
2019,470200,ROYAL GOLDEN EAGLE,APRIL,BUATAN,RIAU,505,277914,ROYAL GOLDEN EAGLE,APRIL FAR EAST MALAYSIA SDN BHD,MALAYSIA,FUZHOU,CHINA (MAINLAND)
2019,470200,ROYAL GOLDEN EAGLE,APRIL,BUATAN,RIAU,505,277987,ROYAL GOLDEN EAGLE,APRIL FAR EAST MALAYSIA SDN BHD,MALAYSIA,FUZHOU,CHINA (MAINLAND)
2019,470200,ROYAL GOLDEN EAGLE,APRIL,BUATAN,RIAU,485,266877,ROYAL GOLDEN EAGLE,APRIL FAR EAST MALAYSIA SDN BHD,MALAYSIA,JIUJIANG,CHINA (MAINLAND)
2019,470200,ROYAL GOLDEN EAGLE,APRIL,BUATAN,RIAU,505,277856,ROYAL GOLDEN EAGLE,APRIL FAR EAST MALAYSIA SDN BHD,MALAYSIA,FUZHOU,CHINA (MAINLAND)
2019,470200,ROYAL GOLDEN EAGLE,APRIL,BUATAN,RIAU,506,278156,ROYAL GOLDEN EAGLE,APRIL FAR EAST MALAYSIA SDN BHD,MALAYSIA,FUZHOU,CHINA (MAINLAND)
2019,470200,ROYAL GOLDEN EAGLE,APRIL,BUATAN,RIAU,506,278209,ROYAL GOLDEN EAGLE,APRIL FAR EAST MALAYSIA SDN BHD,MALAYSIA,FUZHOU,CHINA (MAINLAND)
2019,470200,ROYAL GOLDEN EAGLE,APRIL,BUATAN,RIAU,506,278029,ROYAL GOLDEN EAGLE,APRIL FAR EAST MALAYSIA SDN BHD,MALAYSIA,FUZHOU,CHINA (MAINLAND)
2019,470200,ROYAL GOLDEN EAGLE,APRIL,BUATAN,RIAU,505,277900,ROYAL GOLDEN EAGLE,APRIL FAR EAST MALAYSIA SDN BHD,MALAYSIA,JIUJIANG,CHINA (MAINLAND)
2019,470200,ROYAL GOLDEN EAGLE,APRIL,BUATAN,RIAU,506,278085,ROYAL GOLDEN EAGLE,APRIL FAR EAST MALAYSIA SDN BHD,MALAYSIA,JIUJIANG,CHINA (MAINLAND)
2019,470200,ROYAL GOLDEN EAGLE,APRIL,BUATAN,RIAU,506,278556,ROYAL GOLDEN EAGLE,APRIL FAR EAST MALAYSIA SDN BHD,MALAYSIA,FUZHOU,CHINA (MAINLAND)
2019,470200,ROYAL GOLDEN EAGLE,APRIL,BUATAN,RIAU,506,278424,ROYAL GOLDEN EAGLE,APRIL FAR EAST MALAYSIA SDN BHD,MALAYSIA,FUZHOU,CHINA (MAINLAND)
2019,470200,ROYAL GOLDEN EAGLE,APRIL,BUATAN,RIAU,505,278012,ROYAL GOLDEN EAGLE,APRIL FAR EAST MALAYSIA SDN BHD,MALAYSIA,JIUJIANG,CHINA (MAINLAND)
2019,470200,ROYAL GOLDEN EAGLE,APRIL,BUATAN,RIAU,505,277984,ROYAL GOLDEN EAGLE,APRIL FAR EAST MALAYSIA SDN BHD,MALAYSIA,FUZHOU,CHINA (MAINLAND)
2019,470200,ROYAL GOLDEN EAGLE,APRIL,BUATAN,RIAU,505,277795,ROYAL GOLDEN EAGLE,APRIL FAR EAST MALAYSIA SDN BHD,MALAYSIA,JIUJIANG,CHINA (MAINLAND)
2019,470200,ROYAL GOLDEN EAGLE,APRIL,BUATAN,RIAU,505,278010,ROYAL GOLDEN EAGLE,APRIL FAR EAST MALAYSIA SDN BHD,MALAYSIA,JIUJIANG,CHINA (MAINLAND)
2019,470200,ROYAL GOLDEN EAGLE,APRIL,BUATAN,RIAU,505,277881,ROYAL GOLDEN EAGLE,APRIL FAR EAST MALAYSIA SDN BHD,MALAYSIA,FUZHOU,CHINA (MAINLAND)
2019,470200,ROYAL GOLDEN EAGLE,APRIL,BUATAN,RIAU,506,278126,ROYAL GOLDEN EAGLE,APRIL FAR EAST MALAYSIA SDN BHD,MALAYSIA,JIUJIANG,CHINA (MAINLAND)
2019,470200,ROYAL GOLDEN EAGLE,APRIL,BUATAN,RIAU,506,278039,ROYAL GOLDEN EAGLE,APRIL FAR EAST MALAYSIA SDN BHD,MALAYSIA,JIUJIANG,CHINA (MAINLAND)
2019,470200,ROYAL GOLDEN EAGLE,APRIL,BUATAN,RIAU,505,277961,ROYAL GOLDEN EAGLE,APRIL FAR EAST MALAYSIA SDN BHD,MALAYSIA,JIUJIANG,CHINA (MAINLAND)
2019,470200,ROYAL GOLDEN EAGLE,APRIL,BUATAN,RIAU,505,277953,ROYAL GOLDEN EAGLE,APRIL FAR EAST MALAYSIA SDN BHD,MALAYSIA,JIUJIANG,CHINA (MAINLAND)
2019,470200,ROYAL GOLDEN EAGLE,APRIL,BUATAN,RIAU,505,277965,ROYAL GOLDEN EAGLE,APRIL FAR EAST MALAYSIA SDN BHD,MALAYSIA,FUZHOU,CHINA (MAINLAND)
2019,470200,ROYAL GOLDEN EAGLE,APRIL,BUATAN,RIAU,505,277962,ROYAL GOLDEN EAGLE,APRIL FAR EAST MALAYSIA SDN BHD,MALAYSIA,FUZHOU,CHINA (MAINLAND)
2019,470200,ROYAL GOLDEN EAGLE,APRIL,BUATAN,RIAU,505,277918,ROYAL GOLDEN EAGLE,APRIL FAR EAST MALAYSIA SDN BHD,MALAYSIA,FUZHOU,CHINA (MAINLAND)
2019,470200,ROYAL GOLDEN EAGLE,APRIL,BUATAN,RIAU,506,278265,ROYAL GOLDEN EAGLE,APRIL FAR EAST MALAYSIA SDN BHD,MALAYSIA,JIUJIANG,CHINA (MAINLAND)
2019,470200,ROYAL GOLDEN EAGLE,APRIL,BUATAN,RIAU,505,277726,ROYAL GOLDEN EAGLE,APRIL FAR EAST MALAYSIA SDN BHD,MALAYSIA,JIUJIANG,CHINA (MAINLAND)
2019,470200,ROYAL GOLDEN EAGLE,APRIL,BUATAN,RIAU,506,278066,ROYAL GOLDEN EAGLE,APRIL FAR EAST MALAYSIA SDN BHD,MALAYSIA,JIUJIANG,CHINA (MAINLAND)
2019,470200,ROYAL GOLDEN EAGLE,APRIL,BUATAN,RIAU,505,277680,ROYAL GOLDEN EAGLE,APRIL FAR EAST MALAYSIA SDN BHD,MALAYSIA,JIUJIANG,CHINA (MAINLAND)
2019,470200,ROYAL GOLDEN EAGLE,APRIL,BUATAN,RIAU,506,278291,ROYAL GOLDEN EAGLE,APRIL FAR EAST MALAYSIA SDN BHD,MALAYSIA,JIUJIANG,CHINA (MAINLAND)
2019,470200,ROYAL GOLDEN EAGLE,APRIL,BUATAN,RIAU,506,278189,ROYAL GOLDEN EAGLE,APRIL FAR EAST MALAYSIA SDN BHD,MALAYSIA,JIUJIANG,CHINA (MAINLAND)
2019,470200,ROYAL GOLDEN EAGLE,TOBA PULP LESTARI,BELAWAN,SUMATERA UTARA,1005,743470,ROYAL GOLDEN EAGLE,DP MARKETING INTERNATIONAL,MACAO,QINGDAO,CHINA (MAINLAND)
2019,470200,ROYAL GOLDEN EAGLE,APRIL,BUATAN,RIAU,505,277848,ROYAL GOLDEN EAGLE,APRIL FAR EAST MALAYSIA SDN BHD,MALAYSIA,JIUJIANG,CHINA (MAINLAND)
2019,470200,ROYAL GOLDEN EAGLE,APRIL,BUATAN,RIAU,506,278315,ROYAL GOLDEN EAGLE,APRIL FAR EAST MALAYSIA SDN BHD,MALAYSIA,FUZHOU,CHINA (MAINLAND)
2019,470200,ROYAL GOLDEN EAGLE,APRIL,BUATAN,RIAU,506,278115,ROYAL GOLDEN EAGLE,APRIL FAR EAST MALAYSIA SDN BHD,MALAYSIA,JIUJIANG,CHINA (MAINLAND)
2019,470200,ROYAL GOLDEN EAGLE,APRIL,BUATAN,RIAU,506,278296,ROYAL GOLDEN EAGLE,APRIL FAR EAST MALAYSIA SDN BHD,MALAYSIA,JIUJIANG,CHINA (MAINLAND)
2019,470200,ROYAL GOLDEN EAGLE,APRIL,BUATAN,RIAU,506,278464,ROYAL GOLDEN EAGLE,APRIL FAR EAST MALAYSIA SDN BHD,MALAYSIA,FUZHOU,CHINA (MAINLAND)
2019,470200,ROYAL GOLDEN EAGLE,APRIL,BUATAN,RIAU,506,278182,ROYAL GOLDEN EAGLE,APRIL FAR EAST MALAYSIA SDN BHD,MALAYSIA,JIUJIANG,CHINA (MAINLAND)
2019,470200,ROYAL GOLDEN EAGLE,APRIL,BUATAN,RIAU,506,278091,ROYAL GOLDEN EAGLE,APRIL FAR EAST MALAYSIA SDN BHD,MALAYSIA,JIUJIANG,CHINA (MAINLAND)
2019,470200,ROYAL GOLDEN EAGLE,APRIL,BUATAN,RIAU,505,277858,ROYAL GOLDEN EAGLE,APRIL FAR EAST MALAYSIA SDN BHD,MALAYSIA,JIUJIANG,CHINA (MAINLAND)
2019,470200,ROYAL GOLDEN EAGLE,APRIL,BUATAN,RIAU,505,277758,ROYAL GOLDEN EAGLE,APRIL FAR EAST MALAYSIA SDN BHD,MALAYSIA,JIUJIANG,CHINA (MAINLAND)
2019,470200,ROYAL GOLDEN EAGLE,APRIL,BUATAN,RIAU,20,11139,ROYAL GOLDEN EAGLE,APRIL FAR EAST MALAYSIA SDN BHD,MALAYSIA,JIUJIANG,CHINA (MAINLAND)
2019,470200,ROYAL GOLDEN EAGLE,APRIL,BUATAN,RIAU,505,277979,ROYAL GOLDEN EAGLE,APRIL FAR EAST MALAYSIA SDN BHD,MALAYSIA,JIUJIANG,CHINA (MAINLAND)
2019,470200,ROYAL GOLDEN EAGLE,APRIL,BUATAN,RIAU,506,278225,ROYAL GOLDEN EAGLE,APRIL FAR EAST MALAYSIA SDN BHD,MALAYSIA,JIUJIANG,CHINA (MAINLAND)
2019,470200,ROYAL GOLDEN EAGLE,APRIL,BUATAN,RIAU,506,278213,ROYAL GOLDEN EAGLE,APRIL FAR EAST MALAYSIA SDN BHD,MALAYSIA,JIUJIANG,CHINA (MAINLAND)
2019,470200,ROYAL GOLDEN EAGLE,APRIL,BUATAN,RIAU,506,278215,ROYAL GOLDEN EAGLE,APRIL FAR EAST MALAYSIA SDN BHD,MALAYSIA,JIUJIANG,CHINA (MAINLAND)
2019,470200,ROYAL GOLDEN EAGLE,APRIL,BUATAN,RIAU,506,278274,ROYAL GOLDEN EAGLE,APRIL FAR EAST MALAYSIA SDN BHD,MALAYSIA,JIUJIANG,CHINA (MAINLAND)
2019,470200,ROYAL GOLDEN EAGLE,APRIL,BUATAN,RIAU,505,277558,ROYAL GOLDEN EAGLE,APRIL FAR EAST MALAYSIA SDN BHD,MALAYSIA,JIUJIANG,CHINA (MAINLAND)
2019,470200,ROYAL GOLDEN EAGLE,APRIL,BUATAN,RIAU,506,278108,ROYAL GOLDEN EAGLE,APRIL FAR EAST MALAYSIA SDN BHD,MALAYSIA,JIUJIANG,CHINA (MAINLAND)
2019,470200,ROYAL GOLDEN EAGLE,APRIL,BUATAN,RIAU,506,278441,ROYAL GOLDEN EAGLE,APRIL FAR EAST MALAYSIA SDN BHD,MALAYSIA,FUZHOU,CHINA (MAINLAND)
2019,470200,ROYAL GOLDEN EAGLE,APRIL,BUATAN,RIAU,506,278036,ROYAL GOLDEN EAGLE,APRIL FAR EAST MALAYSIA SDN BHD,MALAYSIA,JIUJIANG,CHINA (MAINLAND)
2019,470200,ROYAL GOLDEN EAGLE,APRIL,BUATAN,RIAU,506,278306,ROYAL GOLDEN EAGLE,APRIL FAR EAST MALAYSIA SDN BHD,MALAYSIA,JIUJIANG,CHINA (MAINLAND)
2019,470200,ROYAL GOLDEN EAGLE,APRIL,BUATAN,RIAU,506,278062,ROYAL GOLDEN EAGLE,APRIL FAR EAST MALAYSIA SDN BHD,MALAYSIA,JIUJIANG,CHINA (MAINLAND)
2019,470200,ROYAL GOLDEN EAGLE,APRIL,BUATAN,RIAU,506,278364,ROYAL GOLDEN EAGLE,APRIL FAR EAST MALAYSIA SDN BHD,MALAYSIA,JIUJIANG,CHINA (MAINLAND)
2019,470200,ROYAL GOLDEN EAGLE,APRIL,BUATAN,RIAU,506,278230,ROYAL GOLDEN EAGLE,APRIL FAR EAST MALAYSIA SDN BHD,MALAYSIA,FUZHOU,CHINA (MAINLAND)
2019,470200,ROYAL GOLDEN EAGLE,APRIL,BUATAN,RIAU,506,278208,ROYAL GOLDEN EAGLE,APRIL FAR EAST MALAYSIA SDN BHD,MALAYSIA,JIUJIANG,CHINA (MAINLAND)
2019,470200,ROYAL GOLDEN EAGLE,APRIL,BUATAN,RIAU,506,278065,ROYAL GOLDEN EAGLE,APRIL FAR EAST MALAYSIA SDN BHD,MALAYSIA,JIUJIANG,CHINA (MAINLAND)
2019,470200,ROYAL GOLDEN EAGLE,TOBA PULP LESTARI,BELAWAN,SUMATERA UTARA,502,371232,ROYAL GOLDEN EAGLE,DP MARKETING INTERNATIONAL,MACAO,QINGDAO,CHINA (MAINLAND)
2019,470200,ROYAL GOLDEN EAGLE,APRIL,BUATAN,RIAU,506,278283,ROYAL GOLDEN EAGLE,APRIL FAR EAST MALAYSIA SDN BHD,MALAYSIA,JIUJIANG,CHINA (MAINLAND)
2019,470200,ROYAL GOLDEN EAGLE,APRIL,BUATAN,RIAU,505,278010,ROYAL GOLDEN EAGLE,APRIL FAR EAST MALAYSIA SDN BHD,MALAYSIA,JIUJIANG,CHINA (MAINLAND)
2019,470200,ROYAL GOLDEN EAGLE,APRIL,BUATAN,RIAU,506,278275,ROYAL GOLDEN EAGLE,APRIL FAR EAST MALAYSIA SDN BHD,MALAYSIA,JIUJIANG,CHINA (MAINLAND)
2019,470200,ROYAL GOLDEN EAGLE,APRIL,BUATAN,RIAU,506,278125,ROYAL GOLDEN EAGLE,APRIL FAR EAST MALAYSIA SDN BHD,MALAYSIA,JIUJIANG,CHINA (MAINLAND)
2019,470200,ROYAL GOLDEN EAGLE,APRIL,BUATAN,RIAU,506,278066,ROYAL GOLDEN EAGLE,APRIL FAR EAST MALAYSIA SDN BHD,MALAYSIA,JIUJIANG,CHINA (MAINLAND)
2019,470200,ROYAL GOLDEN EAGLE,APRIL,BUATAN,RIAU,506,278408,ROYAL GOLDEN EAGLE,APRIL FAR EAST MALAYSIA SDN BHD,MALAYSIA,JIUJIANG,CHINA (MAINLAND)
2019,470200,ROYAL GOLDEN EAGLE,APRIL,BUATAN,RIAU,506,278429,ROYAL GOLDEN EAGLE,APRIL FAR EAST MALAYSIA SDN BHD,MALAYSIA,JIUJIANG,CHINA (MAINLAND)
2019,470200,ROYAL GOLDEN EAGLE,APRIL,BUATAN,RIAU,506,278545,ROYAL GOLDEN EAGLE,APRIL FAR EAST MALAYSIA SDN BHD,MALAYSIA,JIUJIANG,CHINA (MAINLAND)
2019,470200,ROYAL GOLDEN EAGLE,APRIL,BUATAN,RIAU,506,278203,ROYAL GOLDEN EAGLE,APRIL FAR EAST MALAYSIA SDN BHD,MALAYSIA,JIUJIANG,CHINA (MAINLAND)
2019,470200,ROYAL GOLDEN EAGLE,APRIL,BUATAN,RIAU,505,277545,ROYAL GOLDEN EAGLE,APRIL FAR EAST MALAYSIA SDN BHD,MALAYSIA,JIUJIANG,CHINA (MAINLAND)
2019,470200,ROYAL GOLDEN EAGLE,APRIL,BUATAN,RIAU,506,278182,ROYAL GOLDEN EAGLE,APRIL FAR EAST MALAYSIA SDN BHD,MALAYSIA,JIUJIANG,CHINA (MAINLAND)
2019,470200,ROYAL GOLDEN EAGLE,TOBA PULP LESTARI,BELAWAN,SUMATERA UTARA,503,372130,ROYAL GOLDEN EAGLE,DP MARKETING INTERNATIONAL,MACAO,QINGDAO,CHINA (MAINLAND)
2019,470200,ROYAL GOLDEN EAGLE,TOBA PULP LESTARI,BELAWAN,SUMATERA UTARA,501,370933,ROYAL GOLDEN EAGLE,DP MARKETING INTERNATIONAL,MACAO,SHANGHAI,CHINA (MAINLAND)
2019,470200,ROYAL GOLDEN EAGLE,APRIL,BUATAN,RIAU,506,278043,ROYAL GOLDEN EAGLE,APRIL FAR EAST MALAYSIA SDN BHD,MALAYSIA,FUZHOU,CHINA (MAINLAND)
2019,470200,ROYAL GOLDEN EAGLE,APRIL,FUTONG,RIAU,506,278047,ROYAL GOLDEN EAGLE,APRIL FAR EAST MALAYSIA SDN BHD,MALAYSIA,FUZHOU,CHINA (MAINLAND)
2019,470200,ROYAL GOLDEN EAGLE,APRIL,FUTONG,RIAU,505,277825,ROYAL GOLDEN EAGLE,APRIL FAR EAST MALAYSIA SDN BHD,MALAYSIA,FUZHOU,CHINA (MAINLAND)
2019,470200,ROYAL GOLDEN EAGLE,APRIL,FUTONG,RIAU,506,278138,ROYAL GOLDEN EAGLE,APRIL FAR EAST MALAYSIA SDN BHD,MALAYSIA,JIUJIANG,CHINA (MAINLAND)
2019,470200,ROYAL GOLDEN EAGLE,APRIL,FUTONG,RIAU,505,277837,ROYAL GOLDEN EAGLE,APRIL FAR EAST MALAYSIA SDN BHD,MALAYSIA,JIUJIANG,CHINA (MAINLAND)
2019,470200,ROYAL GOLDEN EAGLE,APRIL,FUTONG,RIAU,506,278436,ROYAL GOLDEN EAGLE,APRIL FAR EAST MALAYSIA SDN BHD,MALAYSIA,JIUJIANG,CHINA (MAINLAND)
2019,470200,ROYAL GOLDEN EAGLE,APRIL,BUATAN,RIAU,506,278235,ROYAL GOLDEN EAGLE,APRIL FAR EAST MALAYSIA SDN BHD,MALAYSIA,JIUJIANG,CHINA (MAINLAND)
2019,470200,ROYAL GOLDEN EAGLE,APRIL,BUATAN,RIAU,505,277787,ROYAL GOLDEN EAGLE,APRIL FAR EAST MALAYSIA SDN BHD,MALAYSIA,JIUJIANG,CHINA (MAINLAND)
2019,470200,ROYAL GOLDEN EAGLE,APRIL,FUTONG,RIAU,506,278139,ROYAL GOLDEN EAGLE,APRIL FAR EAST MALAYSIA SDN BHD,MALAYSIA,JIUJIANG,CHINA (MAINLAND)
2019,470200,ROYAL GOLDEN EAGLE,APRIL,BUATAN,RIAU,506,278122,ROYAL GOLDEN EAGLE,APRIL FAR EAST MALAYSIA SDN BHD,MALAYSIA,JIUJIANG,CHINA (MAINLAND)
2019,470200,ROYAL GOLDEN EAGLE,APRIL,BUATAN,RIAU,506,278312,ROYAL GOLDEN EAGLE,APRIL FAR EAST MALAYSIA SDN BHD,MALAYSIA,JIUJIANG,CHINA (MAINLAND)
2019,470200,ROYAL GOLDEN EAGLE,APRIL,BUATAN,RIAU,506,278155,ROYAL GOLDEN EAGLE,APRIL FAR EAST MALAYSIA SDN BHD,MALAYSIA,FUZHOU,CHINA (MAINLAND)
2019,470200,ROYAL GOLDEN EAGLE,TOBA PULP LESTARI,BELAWAN,SUMATERA UTARA,501,365729,ROYAL GOLDEN EAGLE,DP MARKETING INTERNATIONAL,MACAO,SHANGHAI,CHINA (MAINLAND)
2019,470200,ROYAL GOLDEN EAGLE,APRIL,BUATAN,RIAU,506,278307,ROYAL GOLDEN EAGLE,APRIL FAR EAST MALAYSIA SDN BHD,MALAYSIA,JIUJIANG,CHINA (MAINLAND)
2019,470200,ROYAL GOLDEN EAGLE,APRIL,BUATAN,RIAU,506,278357,ROYAL GOLDEN EAGLE,APRIL FAR EAST MALAYSIA SDN BHD,MALAYSIA,JIUJIANG,CHINA (MAINLAND)
2019,470200,ROYAL GOLDEN EAGLE,TOBA PULP LESTARI,BELAWAN,SUMATERA UTARA,501,365911,ROYAL GOLDEN EAGLE,DP MARKETING INTERNATIONAL,MACAO,QINGDAO,CHINA (MAINLAND)
2019,470200,ROYAL GOLDEN EAGLE,TOBA PULP LESTARI,BELAWAN,SUMATERA UTARA,502,366715,ROYAL GOLDEN EAGLE,DP MARKETING INTERNATIONAL,MACAO,QINGDAO,CHINA (MAINLAND)
2019,470200,ROYAL GOLDEN EAGLE,APRIL,BUATAN,RIAU,505,260807,ROYAL GOLDEN EAGLE,APRIL FAR EAST MALAYSIA SDN BHD,MALAYSIA,LIANYUNGANG,CHINA (MAINLAND)
2019,470200,ROYAL GOLDEN EAGLE,TOBA PULP LESTARI,BELAWAN,SUMATERA UTARA,502,366756,ROYAL GOLDEN EAGLE,DP MARKETING INTERNATIONAL,MACAO,QINGDAO,CHINA (MAINLAND)
2019,470200,ROYAL GOLDEN EAGLE,APRIL,FUTONG,RIAU,506,278206,ROYAL GOLDEN EAGLE,APRIL FAR EAST MALAYSIA SDN BHD,MALAYSIA,FUZHOU,CHINA (MAINLAND)
2019,470200,ROYAL GOLDEN EAGLE,APRIL,FUTONG,RIAU,505,278021,ROYAL GOLDEN EAGLE,APRIL FAR EAST MALAYSIA SDN BHD,MALAYSIA,JIUJIANG,CHINA (MAINLAND)
2019,470200,ROYAL GOLDEN EAGLE,APRIL,BUATAN,RIAU,506,260929,ROYAL GOLDEN EAGLE,APRIL FAR EAST MALAYSIA SDN BHD,MALAYSIA,LIANYUNGANG,CHINA (MAINLAND)
2019,470200,ROYAL GOLDEN EAGLE,APRIL,FUTONG,RIAU,506,278094,ROYAL GOLDEN EAGLE,APRIL FAR EAST MALAYSIA SDN BHD,MALAYSIA,JIUJIANG,CHINA (MAINLAND)
2019,470200,ROYAL GOLDEN EAGLE,APRIL,FUTONG,RIAU,6061,3127410,ROYAL GOLDEN EAGLE,APRIL FAR EAST MALAYSIA SDN BHD,MALAYSIA,XIUYING,CHINA (MAINLAND)
2019,470200,ROYAL GOLDEN EAGLE,APRIL,FUTONG,RIAU,505,277874,ROYAL GOLDEN EAGLE,APRIL FAR EAST MALAYSIA SDN BHD,MALAYSIA,JIUJIANG,CHINA (MAINLAND)
2019,470200,ROYAL GOLDEN EAGLE,APRIL,FUTONG,RIAU,506,278154,ROYAL GOLDEN EAGLE,APRIL FAR EAST MALAYSIA SDN BHD,MALAYSIA,FUZHOU,CHINA (MAINLAND)
2019,470200,ROYAL GOLDEN EAGLE,APRIL,FUTONG,RIAU,505,277791,ROYAL GOLDEN EAGLE,APRIL FAR EAST MALAYSIA SDN BHD,MALAYSIA,JIUJIANG,CHINA (MAINLAND)
2019,470200,ROYAL GOLDEN EAGLE,TOBA PULP LESTARI,BELAWAN,SUMATERA UTARA,1001,730914,ROYAL GOLDEN EAGLE,DP MARKETING INTERNATIONAL,MACAO,QINGDAO,CHINA (MAINLAND)
2019,470200,ROYAL GOLDEN EAGLE,APRIL,BUATAN,RIAU,505,260778,ROYAL GOLDEN EAGLE,APRIL FAR EAST MALAYSIA SDN BHD,MALAYSIA,LIANYUNGANG,CHINA (MAINLAND)
2019,470200,ROYAL GOLDEN EAGLE,APRIL,FUTONG,RIAU,505,278012,ROYAL GOLDEN EAGLE,APRIL FAR EAST MALAYSIA SDN BHD,MALAYSIA,FUZHOU,CHINA (MAINLAND)
2019,470200,ROYAL GOLDEN EAGLE,APRIL,FUTONG,RIAU,505,277894,ROYAL GOLDEN EAGLE,APRIL FAR EAST MALAYSIA SDN BHD,MALAYSIA,JIUJIANG,CHINA (MAINLAND)
2019,470200,ROYAL GOLDEN EAGLE,APRIL,BUATAN,RIAU,505,260722,ROYAL GOLDEN EAGLE,APRIL FAR EAST MALAYSIA SDN BHD,MALAYSIA,LIANYUNGANG,CHINA (MAINLAND)
2019,470200,ROYAL GOLDEN EAGLE,APRIL,BUATAN,RIAU,506,278224,ROYAL GOLDEN EAGLE,APRIL FAR EAST MALAYSIA SDN BHD,MALAYSIA,FUZHOU,CHINA (MAINLAND)
2019,470200,ROYAL GOLDEN EAGLE,APRIL,BUATAN,RIAU,506,278185,ROYAL GOLDEN EAGLE,APRIL FAR EAST MALAYSIA SDN BHD,MALAYSIA,FUZHOU,CHINA (MAINLAND)
2019,470200,ROYAL GOLDEN EAGLE,APRIL,BUATAN,RIAU,505,277920,ROYAL GOLDEN EAGLE,APRIL FAR EAST MALAYSIA SDN BHD,MALAYSIA,FUZHOU,CHINA (MAINLAND)
2019,470200,ROYAL GOLDEN EAGLE,APRIL,BUATAN,RIAU,505,260728,ROYAL GOLDEN EAGLE,APRIL FAR EAST MALAYSIA SDN BHD,MALAYSIA,JIUJIANG,CHINA (MAINLAND)
2019,470200,ROYAL GOLDEN EAGLE,APRIL,BUATAN,RIAU,506,278246,ROYAL GOLDEN EAGLE,APRIL FAR EAST MALAYSIA SDN BHD,MALAYSIA,FUZHOU,CHINA (MAINLAND)
2019,470200,ROYAL GOLDEN EAGLE,APRIL,BUATAN,RIAU,505,277809,ROYAL GOLDEN EAGLE,APRIL FAR EAST MALAYSIA SDN BHD,MALAYSIA,FUZHOU,CHINA (MAINLAND)
2019,470200,ROYAL GOLDEN EAGLE,APRIL,BUATAN,RIAU,506,278140,ROYAL GOLDEN EAGLE,APRIL FAR EAST MALAYSIA SDN BHD,MALAYSIA,FUZHOU,CHINA (MAINLAND)
2019,470200,ROYAL GOLDEN EAGLE,APRIL,BUATAN,RIAU,506,260856,ROYAL GOLDEN EAGLE,APRIL FAR EAST MALAYSIA SDN BHD,MALAYSIA,LIANYUNGANG,CHINA (MAINLAND)
2019,470200,ROYAL GOLDEN EAGLE,APRIL,BUATAN,RIAU,505,260811,ROYAL GOLDEN EAGLE,APRIL FAR EAST MALAYSIA SDN BHD,MALAYSIA,JIUJIANG,CHINA (MAINLAND)
2019,470200,ROYAL GOLDEN EAGLE,APRIL,BUATAN,RIAU,466,240270,ROYAL GOLDEN EAGLE,APRIL FAR EAST MALAYSIA SDN BHD,MALAYSIA,LIANYUNGANG,CHINA (MAINLAND)
2019,470200,ROYAL GOLDEN EAGLE,APRIL,FUTONG,RIAU,505,277900,ROYAL GOLDEN EAGLE,APRIL FAR EAST MALAYSIA SDN BHD,MALAYSIA,JIUJIANG,CHINA (MAINLAND)
2019,470200,ROYAL GOLDEN EAGLE,TOBA PULP LESTARI,BELAWAN,SUMATERA UTARA,501,365763,ROYAL GOLDEN EAGLE,DP MARKETING INTERNATIONAL,MACAO,QINGDAO,CHINA (MAINLAND)
2019,470200,ROYAL GOLDEN EAGLE,APRIL,FUTONG,RIAU,505,277935,ROYAL GOLDEN EAGLE,APRIL FAR EAST MALAYSIA SDN BHD,MALAYSIA,FUZHOU,CHINA (MAINLAND)
2019,470200,ROYAL GOLDEN EAGLE,APRIL,FUTONG,RIAU,506,278047,ROYAL GOLDEN EAGLE,APRIL FAR EAST MALAYSIA SDN BHD,MALAYSIA,JIUJIANG,CHINA (MAINLAND)
2019,470200,ROYAL GOLDEN EAGLE,APRIL,BUATAN,RIAU,506,261271,ROYAL GOLDEN EAGLE,APRIL FAR EAST MALAYSIA SDN BHD,MALAYSIA,LIANYUNGANG,CHINA (MAINLAND)
2019,470200,ROYAL GOLDEN EAGLE,APRIL,FUTONG,RIAU,506,278163,ROYAL GOLDEN EAGLE,APRIL FAR EAST MALAYSIA SDN BHD,MALAYSIA,FUZHOU,CHINA (MAINLAND)
2019,470200,ROYAL GOLDEN EAGLE,APRIL,BUATAN,RIAU,506,260852,ROYAL GOLDEN EAGLE,APRIL FAR EAST MALAYSIA SDN BHD,MALAYSIA,JIUJIANG,CHINA (MAINLAND)
2019,470200,ROYAL GOLDEN EAGLE,APRIL,BUATAN,RIAU,505,260760,ROYAL GOLDEN EAGLE,APRIL FAR EAST MALAYSIA SDN BHD,MALAYSIA,JIUJIANG,CHINA (MAINLAND)
2019,470200,ROYAL GOLDEN EAGLE,APRIL,FUTONG,RIAU,506,278116,ROYAL GOLDEN EAGLE,APRIL FAR EAST MALAYSIA SDN BHD,MALAYSIA,JIUJIANG,CHINA (MAINLAND)
2019,470200,ROYAL GOLDEN EAGLE,APRIL,BUATAN,RIAU,506,260850,ROYAL GOLDEN EAGLE,APRIL FAR EAST MALAYSIA SDN BHD,MALAYSIA,JIUJIANG,CHINA (MAINLAND)
2019,470200,ROYAL GOLDEN EAGLE,APRIL,BUATAN,RIAU,507,261360,ROYAL GOLDEN EAGLE,APRIL FAR EAST MALAYSIA SDN BHD,MALAYSIA,JIUJIANG,CHINA (MAINLAND)
2019,470200,ROYAL GOLDEN EAGLE,APRIL,BUATAN,RIAU,506,260913,ROYAL GOLDEN EAGLE,APRIL FAR EAST MALAYSIA SDN BHD,MALAYSIA,JIUJIANG,CHINA (MAINLAND)
2019,470200,ROYAL GOLDEN EAGLE,APRIL,BUATAN,RIAU,506,260859,ROYAL GOLDEN EAGLE,APRIL FAR EAST MALAYSIA SDN BHD,MALAYSIA,JIUJIANG,CHINA (MAINLAND)
2019,470200,ROYAL GOLDEN EAGLE,APRIL,BUATAN,RIAU,505,260506,ROYAL GOLDEN EAGLE,APRIL FAR EAST MALAYSIA SDN BHD,MALAYSIA,JIUJIANG,CHINA (MAINLAND)
2019,470200,ROYAL GOLDEN EAGLE,APRIL,BUATAN,RIAU,506,260873,ROYAL GOLDEN EAGLE,APRIL FAR EAST MALAYSIA SDN BHD,MALAYSIA,LIANYUNGANG,CHINA (MAINLAND)
2019,470200,ROYAL GOLDEN EAGLE,APRIL,BUATAN,RIAU,506,278420,ROYAL GOLDEN EAGLE,APRIL FAR EAST MALAYSIA SDN BHD,MALAYSIA,FUZHOU,CHINA (MAINLAND)
2019,470200,ROYAL GOLDEN EAGLE,APRIL,BUATAN,RIAU,545,281425,ROYAL GOLDEN EAGLE,APRIL FAR EAST MALAYSIA SDN BHD,MALAYSIA,LIANYUNGANG,CHINA (MAINLAND)
2019,470200,ROYAL GOLDEN EAGLE,APRIL,BUATAN,RIAU,506,260871,ROYAL GOLDEN EAGLE,APRIL FAR EAST MALAYSIA SDN BHD,MALAYSIA,JIUJIANG,CHINA (MAINLAND)
2019,470200,ROYAL GOLDEN EAGLE,APRIL,BUATAN,RIAU,505,277868,ROYAL GOLDEN EAGLE,APRIL FAR EAST MALAYSIA SDN BHD,MALAYSIA,FUZHOU,CHINA (MAINLAND)
2019,470200,ROYAL GOLDEN EAGLE,TOBA PULP LESTARI,BELAWAN,SUMATERA UTARA,502,366598,ROYAL GOLDEN EAGLE,DP MARKETING INTERNATIONAL,MACAO,QINGDAO,CHINA (MAINLAND)
2019,470200,ROYAL GOLDEN EAGLE,APRIL,BUATAN,RIAU,505,277861,ROYAL GOLDEN EAGLE,APRIL FAR EAST MALAYSIA SDN BHD,MALAYSIA,FUZHOU,CHINA (MAINLAND)
2019,470200,ROYAL GOLDEN EAGLE,APRIL,BUATAN,RIAU,506,278068,ROYAL GOLDEN EAGLE,APRIL FAR EAST MALAYSIA SDN BHD,MALAYSIA,FUZHOU,CHINA (MAINLAND)
2019,470200,ROYAL GOLDEN EAGLE,APRIL,BUATAN,RIAU,505,260803,ROYAL GOLDEN EAGLE,APRIL FAR EAST MALAYSIA SDN BHD,MALAYSIA,JIUJIANG,CHINA (MAINLAND)
2019,470200,ROYAL GOLDEN EAGLE,APRIL,FUTONG,RIAU,10101,5212368,ROYAL GOLDEN EAGLE,APRIL FAR EAST MALAYSIA SDN BHD,MALAYSIA,CHANGSHU,CHINA (MAINLAND)
2019,470200,ROYAL GOLDEN EAGLE,APRIL,BUATAN,RIAU,505,260411,ROYAL GOLDEN EAGLE,APRIL FAR EAST MALAYSIA SDN BHD,MALAYSIA,JIUJIANG,CHINA (MAINLAND)
2019,470200,ROYAL GOLDEN EAGLE,APRIL,BUATAN,RIAU,506,261056,ROYAL GOLDEN EAGLE,APRIL FAR EAST MALAYSIA SDN BHD,MALAYSIA,JIUJIANG,CHINA (MAINLAND)
2019,470200,ROYAL GOLDEN EAGLE,APRIL,FUTONG,RIAU,506,260871,ROYAL GOLDEN EAGLE,APRIL FAR EAST MALAYSIA SDN BHD,MALAYSIA,LIANYUNGANG,CHINA (MAINLAND)
2019,470200,ROYAL GOLDEN EAGLE,APRIL,FUTONG,RIAU,506,260863,ROYAL GOLDEN EAGLE,APRIL FAR EAST MALAYSIA SDN BHD,MALAYSIA,LIANYUNGANG,CHINA (MAINLAND)
2019,470200,ROYAL GOLDEN EAGLE,APRIL,BUATAN,RIAU,505,260746,ROYAL GOLDEN EAGLE,APRIL FAR EAST MALAYSIA SDN BHD,MALAYSIA,JIUJIANG,CHINA (MAINLAND)
2019,470200,ROYAL GOLDEN EAGLE,APRIL,FUTONG,RIAU,506,260968,ROYAL GOLDEN EAGLE,APRIL FAR EAST MALAYSIA SDN BHD,MALAYSIA,JIUJIANG,CHINA (MAINLAND)
2019,470200,ROYAL GOLDEN EAGLE,APRIL,FUTONG,RIAU,505,277582,ROYAL GOLDEN EAGLE,APRIL FAR EAST MALAYSIA SDN BHD,MALAYSIA,FUZHOU,CHINA (MAINLAND)
2019,470200,ROYAL GOLDEN EAGLE,APRIL,BUATAN,RIAU,505,277987,ROYAL GOLDEN EAGLE,APRIL FAR EAST MALAYSIA SDN BHD,MALAYSIA,FUZHOU,CHINA (MAINLAND)
2019,470200,ROYAL GOLDEN EAGLE,APRIL,BUATAN,RIAU,505,277480,ROYAL GOLDEN EAGLE,APRIL FAR EAST MALAYSIA SDN BHD,MALAYSIA,FUZHOU,CHINA (MAINLAND)
2019,470200,ROYAL GOLDEN EAGLE,APRIL,BUATAN,RIAU,505,277986,ROYAL GOLDEN EAGLE,APRIL FAR EAST MALAYSIA SDN BHD,MALAYSIA,FUZHOU,CHINA (MAINLAND)
2019,470200,ROYAL GOLDEN EAGLE,APRIL,FUTONG,RIAU,506,260945,ROYAL GOLDEN EAGLE,APRIL FAR EAST MALAYSIA SDN BHD,MALAYSIA,JIUJIANG,CHINA (MAINLAND)
2019,470200,ROYAL GOLDEN EAGLE,TOBA PULP LESTARI,BELAWAN,SUMATERA UTARA,502,366270,ROYAL GOLDEN EAGLE,DP MARKETING INTERNATIONAL,MACAO,QINGDAO,CHINA (MAINLAND)
2019,470200,ROYAL GOLDEN EAGLE,APRIL,BUATAN,RIAU,506,260900,ROYAL GOLDEN EAGLE,APRIL FAR EAST MALAYSIA SDN BHD,MALAYSIA,JIUJIANG,CHINA (MAINLAND)
2019,470200,ROYAL GOLDEN EAGLE,APRIL,BUATAN,RIAU,505,260485,ROYAL GOLDEN EAGLE,APRIL FAR EAST MALAYSIA SDN BHD,MALAYSIA,JIUJIANG,CHINA (MAINLAND)
2019,470200,ROYAL GOLDEN EAGLE,TOBA PULP LESTARI,BELAWAN,SUMATERA UTARA,502,366660,ROYAL GOLDEN EAGLE,DP MARKETING INTERNATIONAL,MACAO,QINGDAO,CHINA (MAINLAND)
2019,470200,ROYAL GOLDEN EAGLE,TOBA PULP LESTARI,BELAWAN,SUMATERA UTARA,501,365964,ROYAL GOLDEN EAGLE,DP MARKETING INTERNATIONAL,MACAO,QINGDAO,CHINA (MAINLAND)
2019,470200,ROYAL GOLDEN EAGLE,APRIL,BUATAN,RIAU,506,260990,ROYAL GOLDEN EAGLE,APRIL FAR EAST MALAYSIA SDN BHD,MALAYSIA,LIANYUNGANG,CHINA (MAINLAND)
2019,470200,ROYAL GOLDEN EAGLE,APRIL,BUATAN,RIAU,506,278245,ROYAL GOLDEN EAGLE,APRIL FAR EAST MALAYSIA SDN BHD,MALAYSIA,FUZHOU,CHINA (MAINLAND)
2019,470200,ROYAL GOLDEN EAGLE,APRIL,FUTONG,RIAU,505,260814,ROYAL GOLDEN EAGLE,APRIL FAR EAST MALAYSIA SDN BHD,MALAYSIA,JIUJIANG,CHINA (MAINLAND)
2019,470200,ROYAL GOLDEN EAGLE,APRIL,FUTONG,RIAU,505,260644,ROYAL GOLDEN EAGLE,APRIL FAR EAST MALAYSIA SDN BHD,MALAYSIA,JIUJIANG,CHINA (MAINLAND)
2019,470200,ROYAL GOLDEN EAGLE,APRIL,FUTONG,RIAU,505,260639,ROYAL GOLDEN EAGLE,APRIL FAR EAST MALAYSIA SDN BHD,MALAYSIA,JIUJIANG,CHINA (MAINLAND)
2019,470200,ROYAL GOLDEN EAGLE,APRIL,BUATAN,RIAU,506,260984,ROYAL GOLDEN EAGLE,APRIL FAR EAST MALAYSIA SDN BHD,MALAYSIA,LIANYUNGANG,CHINA (MAINLAND)
2019,470200,ROYAL GOLDEN EAGLE,APRIL,BUATAN,RIAU,506,260992,ROYAL GOLDEN EAGLE,APRIL FAR EAST MALAYSIA SDN BHD,MALAYSIA,LIANYUNGANG,CHINA (MAINLAND)
2019,470200,ROYAL GOLDEN EAGLE,APRIL,BUATAN,RIAU,505,277731,ROYAL GOLDEN EAGLE,APRIL FAR EAST MALAYSIA SDN BHD,MALAYSIA,FUZHOU,CHINA (MAINLAND)
2019,470200,ROYAL GOLDEN EAGLE,APRIL,BUATAN,RIAU,505,260643,ROYAL GOLDEN EAGLE,APRIL FAR EAST MALAYSIA SDN BHD,MALAYSIA,JIUJIANG,CHINA (MAINLAND)
2019,470200,ROYAL GOLDEN EAGLE,APRIL,FUTONG,RIAU,505,260684,ROYAL GOLDEN EAGLE,APRIL FAR EAST MALAYSIA SDN BHD,MALAYSIA,JIUJIANG,CHINA (MAINLAND)
2019,470200,ROYAL GOLDEN EAGLE,APRIL,BUATAN,RIAU,505,277866,ROYAL GOLDEN EAGLE,APRIL FAR EAST MALAYSIA SDN BHD,MALAYSIA,FUZHOU,CHINA (MAINLAND)
2019,470200,ROYAL GOLDEN EAGLE,APRIL,FUTONG,RIAU,505,260198,ROYAL GOLDEN EAGLE,APRIL FAR EAST MALAYSIA SDN BHD,MALAYSIA,FUZHOU,CHINA (MAINLAND)
2019,470200,ROYAL GOLDEN EAGLE,APRIL,BUATAN,RIAU,504,259632,ROYAL GOLDEN EAGLE,APRIL FAR EAST MALAYSIA SDN BHD,MALAYSIA,JIUJIANG,CHINA (MAINLAND)
2019,470200,ROYAL GOLDEN EAGLE,APRIL,BUATAN,RIAU,505,260307,ROYAL GOLDEN EAGLE,APRIL FAR EAST MALAYSIA SDN BHD,MALAYSIA,JIUJIANG,CHINA (MAINLAND)
2019,470200,ROYAL GOLDEN EAGLE,APRIL,BUATAN,RIAU,323,166590,ROYAL GOLDEN EAGLE,APRIL FAR EAST MALAYSIA SDN BHD,MALAYSIA,JIUJIANG,CHINA (MAINLAND)
2019,470200,ROYAL GOLDEN EAGLE,APRIL,FUTONG,RIAU,464,239528,ROYAL GOLDEN EAGLE,APRIL FAR EAST MALAYSIA SDN BHD,MALAYSIA,JIUJIANG,CHINA (MAINLAND)
2019,470200,ROYAL GOLDEN EAGLE,APRIL,BUATAN,RIAU,505,260720,ROYAL GOLDEN EAGLE,APRIL FAR EAST MALAYSIA SDN BHD,MALAYSIA,JIUJIANG,CHINA (MAINLAND)
2019,470200,ROYAL GOLDEN EAGLE,APRIL,FUTONG,RIAU,506,260348,ROYAL GOLDEN EAGLE,APRIL FAR EAST MALAYSIA SDN BHD,MALAYSIA,FUZHOU,CHINA (MAINLAND)
2019,470200,ROYAL GOLDEN EAGLE,APRIL,FUTONG,RIAU,505,260761,ROYAL GOLDEN EAGLE,APRIL FAR EAST MALAYSIA SDN BHD,MALAYSIA,JIUJIANG,CHINA (MAINLAND)
2019,470200,ROYAL GOLDEN EAGLE,APRIL,FUTONG,RIAU,505,260809,ROYAL GOLDEN EAGLE,APRIL FAR EAST MALAYSIA SDN BHD,MALAYSIA,JIUJIANG,CHINA (MAINLAND)
2019,470200,ROYAL GOLDEN EAGLE,APRIL,FUTONG,RIAU,505,260507,ROYAL GOLDEN EAGLE,APRIL FAR EAST MALAYSIA SDN BHD,MALAYSIA,JIUJIANG,CHINA (MAINLAND)
2019,470200,ROYAL GOLDEN EAGLE,APRIL,BUATAN,RIAU,506,261063,ROYAL GOLDEN EAGLE,APRIL FAR EAST MALAYSIA SDN BHD,MALAYSIA,JIUJIANG,CHINA (MAINLAND)
2019,470200,ROYAL GOLDEN EAGLE,APRIL,FUTONG,RIAU,505,260660,ROYAL GOLDEN EAGLE,APRIL FAR EAST MALAYSIA SDN BHD,MALAYSIA,JIUJIANG,CHINA (MAINLAND)
2019,470200,ROYAL GOLDEN EAGLE,APRIL,BUATAN,RIAU,506,260348,ROYAL GOLDEN EAGLE,APRIL FAR EAST MALAYSIA SDN BHD,MALAYSIA,FUZHOU,CHINA (MAINLAND)
2019,470200,ROYAL GOLDEN EAGLE,APRIL,BUATAN,RIAU,505,260290,ROYAL GOLDEN EAGLE,APRIL FAR EAST MALAYSIA SDN BHD,MALAYSIA,JIUJIANG,CHINA (MAINLAND)
2019,470200,ROYAL GOLDEN EAGLE,APRIL,BUATAN,RIAU,506,260387,ROYAL GOLDEN EAGLE,APRIL FAR EAST MALAYSIA SDN BHD,MALAYSIA,JIUJIANG,CHINA (MAINLAND)
2019,470200,ROYAL GOLDEN EAGLE,APRIL,BUATAN,RIAU,505,260402,ROYAL GOLDEN EAGLE,APRIL FAR EAST MALAYSIA SDN BHD,MALAYSIA,LIANYUNGANG,CHINA (MAINLAND)
2019,470200,ROYAL GOLDEN EAGLE,APRIL,BUATAN,RIAU,505,260330,ROYAL GOLDEN EAGLE,APRIL FAR EAST MALAYSIA SDN BHD,MALAYSIA,JIUJIANG,CHINA (MAINLAND)
2019,470200,ROYAL GOLDEN EAGLE,APRIL,BUATAN,RIAU,505,260785,ROYAL GOLDEN EAGLE,APRIL FAR EAST MALAYSIA SDN BHD,MALAYSIA,LIANYUNGANG,CHINA (MAINLAND)
2019,470200,ROYAL GOLDEN EAGLE,TOBA PULP LESTARI,BELAWAN,SUMATERA UTARA,502,366413,ROYAL GOLDEN EAGLE,DP MARKETING INTERNATIONAL,MACAO,QINGDAO,CHINA (MAINLAND)
2019,470200,ROYAL GOLDEN EAGLE,TOBA PULP LESTARI,BELAWAN,SUMATERA UTARA,1005,713336,ROYAL GOLDEN EAGLE,DP MARKETING INTERNATIONAL,MACAO,SHANGHAI,CHINA (MAINLAND)
2019,470200,ROYAL GOLDEN EAGLE,APRIL,BUATAN,RIAU,506,260488,ROYAL GOLDEN EAGLE,APRIL FAR EAST MALAYSIA SDN BHD,MALAYSIA,JIUJIANG,CHINA (MAINLAND)
2019,470200,ROYAL GOLDEN EAGLE,APRIL,BUATAN,RIAU,506,260473,ROYAL GOLDEN EAGLE,APRIL FAR EAST MALAYSIA SDN BHD,MALAYSIA,JIUJIANG,CHINA (MAINLAND)
2019,470200,ROYAL GOLDEN EAGLE,APRIL,BUATAN,RIAU,465,240064,ROYAL GOLDEN EAGLE,APRIL FAR EAST MALAYSIA SDN BHD,MALAYSIA,JIUJIANG,CHINA (MAINLAND)
2019,470200,ROYAL GOLDEN EAGLE,APRIL,BUATAN,RIAU,142,72895,ROYAL GOLDEN EAGLE,APRIL FAR EAST MALAYSIA SDN BHD,MALAYSIA,FUZHOU,CHINA (MAINLAND)
2019,470200,ROYAL GOLDEN EAGLE,APRIL,BUATAN,RIAU,506,260611,ROYAL GOLDEN EAGLE,APRIL FAR EAST MALAYSIA SDN BHD,MALAYSIA,JIUJIANG,CHINA (MAINLAND)
2019,470200,ROYAL GOLDEN EAGLE,APRIL,BUATAN,RIAU,182,93823,ROYAL GOLDEN EAGLE,APRIL FAR EAST MALAYSIA SDN BHD,MALAYSIA,JIUJIANG,CHINA (MAINLAND)
2019,470200,ROYAL GOLDEN EAGLE,APRIL,BUATAN,RIAU,506,260450,ROYAL GOLDEN EAGLE,APRIL FAR EAST MALAYSIA SDN BHD,MALAYSIA,JIUJIANG,CHINA (MAINLAND)
2019,470200,ROYAL GOLDEN EAGLE,APRIL,BUATAN,RIAU,506,260596,ROYAL GOLDEN EAGLE,APRIL FAR EAST MALAYSIA SDN BHD,MALAYSIA,JIUJIANG,CHINA (MAINLAND)
2019,470200,ROYAL GOLDEN EAGLE,TOBA PULP LESTARI,BELAWAN,SUMATERA UTARA,1003,712043,ROYAL GOLDEN EAGLE,DP MARKETING INTERNATIONAL,MACAO,QINGDAO,CHINA (MAINLAND)
2019,470200,ROYAL GOLDEN EAGLE,TOBA PULP LESTARI,BELAWAN,SUMATERA UTARA,1004,733124,ROYAL GOLDEN EAGLE,DP MARKETING INTERNATIONAL,MACAO,QINGDAO,CHINA (MAINLAND)
2019,470200,ROYAL GOLDEN EAGLE,APRIL,FUTONG,RIAU,505,260315,ROYAL GOLDEN EAGLE,APRIL FAR EAST MALAYSIA SDN BHD,MALAYSIA,FUZHOU,CHINA (MAINLAND)
2019,470200,ROYAL GOLDEN EAGLE,APRIL,FUTONG,RIAU,506,260928,ROYAL GOLDEN EAGLE,APRIL FAR EAST MALAYSIA SDN BHD,MALAYSIA,JIUJIANG,CHINA (MAINLAND)
2019,470200,ROYAL GOLDEN EAGLE,APRIL,BUATAN,RIAU,506,260464,ROYAL GOLDEN EAGLE,APRIL FAR EAST MALAYSIA SDN BHD,MALAYSIA,JIUJIANG,CHINA (MAINLAND)
2019,470200,ROYAL GOLDEN EAGLE,APRIL,BUATAN,RIAU,506,260593,ROYAL GOLDEN EAGLE,APRIL FAR EAST MALAYSIA SDN BHD,MALAYSIA,JIUJIANG,CHINA (MAINLAND)
2019,470200,ROYAL GOLDEN EAGLE,APRIL,FUTONG,RIAU,505,260656,ROYAL GOLDEN EAGLE,APRIL FAR EAST MALAYSIA SDN BHD,MALAYSIA,LIANYUNGANG,CHINA (MAINLAND)
2019,470200,ROYAL GOLDEN EAGLE,APRIL,FUTONG,RIAU,505,260093,ROYAL GOLDEN EAGLE,APRIL FAR EAST MALAYSIA SDN BHD,MALAYSIA,FUZHOU,CHINA (MAINLAND)
2019,470200,ROYAL GOLDEN EAGLE,APRIL,BUATAN,RIAU,506,260561,ROYAL GOLDEN EAGLE,APRIL FAR EAST MALAYSIA SDN BHD,MALAYSIA,JIUJIANG,CHINA (MAINLAND)
2019,470200,ROYAL GOLDEN EAGLE,APRIL,BUATAN,RIAU,506,260495,ROYAL GOLDEN EAGLE,APRIL FAR EAST MALAYSIA SDN BHD,MALAYSIA,JIUJIANG,CHINA (MAINLAND)
2019,470200,ROYAL GOLDEN EAGLE,APRIL,FUTONG,RIAU,506,261282,ROYAL GOLDEN EAGLE,APRIL FAR EAST MALAYSIA SDN BHD,MALAYSIA,LIANYUNGANG,CHINA (MAINLAND)
2019,470200,ROYAL GOLDEN EAGLE,APRIL,FUTONG,RIAU,505,260788,ROYAL GOLDEN EAGLE,APRIL FAR EAST MALAYSIA SDN BHD,MALAYSIA,LIANYUNGANG,CHINA (MAINLAND)
2019,470200,ROYAL GOLDEN EAGLE,APRIL,FUTONG,RIAU,40,20857,ROYAL GOLDEN EAGLE,APRIL FAR EAST MALAYSIA SDN BHD,MALAYSIA,JIUJIANG,CHINA (MAINLAND)
2019,470200,ROYAL GOLDEN EAGLE,APRIL,FUTONG,RIAU,41,20918,ROYAL GOLDEN EAGLE,APRIL FAR EAST MALAYSIA SDN BHD,MALAYSIA,JIUJIANG,CHINA (MAINLAND)
2019,470200,ROYAL GOLDEN EAGLE,APRIL,FUTONG,RIAU,505,260223,ROYAL GOLDEN EAGLE,APRIL FAR EAST MALAYSIA SDN BHD,MALAYSIA,FUZHOU,CHINA (MAINLAND)
2019,470200,ROYAL GOLDEN EAGLE,APRIL,FUTONG,RIAU,364,187406,ROYAL GOLDEN EAGLE,APRIL FAR EAST MALAYSIA SDN BHD,MALAYSIA,FUZHOU,CHINA (MAINLAND)
2019,470200,ROYAL GOLDEN EAGLE,APRIL,FUTONG,RIAU,506,260878,ROYAL GOLDEN EAGLE,APRIL FAR EAST MALAYSIA SDN BHD,MALAYSIA,LIANYUNGANG,CHINA (MAINLAND)
2019,470200,ROYAL GOLDEN EAGLE,APRIL,BUATAN,RIAU,506,260486,ROYAL GOLDEN EAGLE,APRIL FAR EAST MALAYSIA SDN BHD,MALAYSIA,JIUJIANG,CHINA (MAINLAND)
2019,470200,ROYAL GOLDEN EAGLE,APRIL,BUATAN,RIAU,505,260262,ROYAL GOLDEN EAGLE,APRIL FAR EAST MALAYSIA SDN BHD,MALAYSIA,LIANYUNGANG,CHINA (MAINLAND)
2019,470200,ROYAL GOLDEN EAGLE,APRIL,BUATAN,RIAU,506,260461,ROYAL GOLDEN EAGLE,APRIL FAR EAST MALAYSIA SDN BHD,MALAYSIA,LIANYUNGANG,CHINA (MAINLAND)
2019,470200,ROYAL GOLDEN EAGLE,APRIL,BUATAN,RIAU,505,260215,ROYAL GOLDEN EAGLE,APRIL FAR EAST MALAYSIA SDN BHD,MALAYSIA,LIANYUNGANG,CHINA (MAINLAND)
2019,470200,ROYAL GOLDEN EAGLE,TOBA PULP LESTARI,BELAWAN,SUMATERA UTARA,956,678887,ROYAL GOLDEN EAGLE,DP MARKETING INTERNATIONAL,MACAO,SHANGHAI,CHINA (MAINLAND)
2019,470200,ROYAL GOLDEN EAGLE,APRIL,FUTONG,RIAU,505,260267,ROYAL GOLDEN EAGLE,APRIL FAR EAST MALAYSIA SDN BHD,MALAYSIA,JIUJIANG,CHINA (MAINLAND)
2019,470200,ROYAL GOLDEN EAGLE,APRIL,BUATAN,RIAU,505,260234,ROYAL GOLDEN EAGLE,APRIL FAR EAST MALAYSIA SDN BHD,MALAYSIA,JIUJIANG,CHINA (MAINLAND)
2019,470200,ROYAL GOLDEN EAGLE,APRIL,BUATAN,RIAU,505,260176,ROYAL GOLDEN EAGLE,APRIL FAR EAST MALAYSIA SDN BHD,MALAYSIA,LIANYUNGANG,CHINA (MAINLAND)
2019,470200,ROYAL GOLDEN EAGLE,APRIL,FUTONG,RIAU,506,260388,ROYAL GOLDEN EAGLE,APRIL FAR EAST MALAYSIA SDN BHD,MALAYSIA,JIUJIANG,CHINA (MAINLAND)
2019,470200,ROYAL GOLDEN EAGLE,APRIL,FUTONG,RIAU,505,260138,ROYAL GOLDEN EAGLE,APRIL FAR EAST MALAYSIA SDN BHD,MALAYSIA,JIUJIANG,CHINA (MAINLAND)
2019,470200,ROYAL GOLDEN EAGLE,APRIL,BUATAN,RIAU,505,260269,ROYAL GOLDEN EAGLE,APRIL FAR EAST MALAYSIA SDN BHD,MALAYSIA,LIANYUNGANG,CHINA (MAINLAND)
2019,470200,ROYAL GOLDEN EAGLE,APRIL,FUTONG,RIAU,505,260222,ROYAL GOLDEN EAGLE,APRIL FAR EAST MALAYSIA SDN BHD,MALAYSIA,FUZHOU,CHINA (MAINLAND)
2019,470200,ROYAL GOLDEN EAGLE,APRIL,BUATAN,RIAU,506,260408,ROYAL GOLDEN EAGLE,APRIL FAR EAST MALAYSIA SDN BHD,MALAYSIA,JIUJIANG,CHINA (MAINLAND)
2019,470200,ROYAL GOLDEN EAGLE,APRIL,FUTONG,RIAU,505,260297,ROYAL GOLDEN EAGLE,APRIL FAR EAST MALAYSIA SDN BHD,MALAYSIA,JIUJIANG,CHINA (MAINLAND)
2019,470200,ROYAL GOLDEN EAGLE,APRIL,FUTONG,RIAU,505,260003,ROYAL GOLDEN EAGLE,APRIL FAR EAST MALAYSIA SDN BHD,MALAYSIA,FUZHOU,CHINA (MAINLAND)
2019,470200,ROYAL GOLDEN EAGLE,APRIL,FUTONG,RIAU,505,260052,ROYAL GOLDEN EAGLE,APRIL FAR EAST MALAYSIA SDN BHD,MALAYSIA,FUZHOU,CHINA (MAINLAND)
2019,470200,ROYAL GOLDEN EAGLE,APRIL,FUTONG,RIAU,505,259986,ROYAL GOLDEN EAGLE,APRIL FAR EAST MALAYSIA SDN BHD,MALAYSIA,FUZHOU,CHINA (MAINLAND)
2019,470200,ROYAL GOLDEN EAGLE,APRIL,BUATAN,RIAU,506,260709,ROYAL GOLDEN EAGLE,APRIL FAR EAST MALAYSIA SDN BHD,MALAYSIA,FUZHOU,CHINA (MAINLAND)
2019,470200,ROYAL GOLDEN EAGLE,APRIL,BUATAN,RIAU,505,260022,ROYAL GOLDEN EAGLE,APRIL FAR EAST MALAYSIA SDN BHD,MALAYSIA,FUZHOU,CHINA (MAINLAND)
2019,470200,ROYAL GOLDEN EAGLE,APRIL,BUATAN,RIAU,506,260623,ROYAL GOLDEN EAGLE,APRIL FAR EAST MALAYSIA SDN BHD,MALAYSIA,JIUJIANG,CHINA (MAINLAND)
2019,470200,ROYAL GOLDEN EAGLE,APRIL,BUATAN,RIAU,505,260235,ROYAL GOLDEN EAGLE,APRIL FAR EAST MALAYSIA SDN BHD,MALAYSIA,JIUJIANG,CHINA (MAINLAND)
2019,470200,ROYAL GOLDEN EAGLE,APRIL,BUATAN,RIAU,506,260814,ROYAL GOLDEN EAGLE,APRIL FAR EAST MALAYSIA SDN BHD,MALAYSIA,JIUJIANG,CHINA (MAINLAND)
2019,470200,ROYAL GOLDEN EAGLE,TOBA PULP LESTARI,BELAWAN,SUMATERA UTARA,501,355889,ROYAL GOLDEN EAGLE,DP MARKETING INTERNATIONAL,MACAO,SHANGHAI,CHINA (MAINLAND)
2019,470200,ROYAL GOLDEN EAGLE,TOBA PULP LESTARI,BELAWAN,SUMATERA UTARA,501,355558,ROYAL GOLDEN EAGLE,DP MARKETING INTERNATIONAL,MACAO,SHANGHAI,CHINA (MAINLAND)
2019,470200,ROYAL GOLDEN EAGLE,APRIL,BUATAN,RIAU,504,259735,ROYAL GOLDEN EAGLE,APRIL FAR EAST MALAYSIA SDN BHD,MALAYSIA,JIUJIANG,CHINA (MAINLAND)
2019,470200,ROYAL GOLDEN EAGLE,APRIL,FUTONG,RIAU,506,260429,ROYAL GOLDEN EAGLE,APRIL FAR EAST MALAYSIA SDN BHD,MALAYSIA,JIUJIANG,CHINA (MAINLAND)
2019,470200,ROYAL GOLDEN EAGLE,APRIL,BUATAN,RIAU,323,166133,ROYAL GOLDEN EAGLE,APRIL FAR EAST MALAYSIA SDN BHD,MALAYSIA,JIUJIANG,CHINA (MAINLAND)
2019,470200,ROYAL GOLDEN EAGLE,APRIL,FUTONG,RIAU,506,260461,ROYAL GOLDEN EAGLE,APRIL FAR EAST MALAYSIA SDN BHD,MALAYSIA,FUZHOU,CHINA (MAINLAND)
2019,470200,ROYAL GOLDEN EAGLE,APRIL,FUTONG,RIAU,506,260483,ROYAL GOLDEN EAGLE,APRIL FAR EAST MALAYSIA SDN BHD,MALAYSIA,FUZHOU,CHINA (MAINLAND)
2019,470200,ROYAL GOLDEN EAGLE,TOBA PULP LESTARI,BELAWAN,SUMATERA UTARA,503,357290,ROYAL GOLDEN EAGLE,DP MARKETING INTERNATIONAL,MACAO,QINGDAO,CHINA (MAINLAND)
2019,470200,ROYAL GOLDEN EAGLE,APRIL,FUTONG,RIAU,506,260483,ROYAL GOLDEN EAGLE,APRIL FAR EAST MALAYSIA SDN BHD,MALAYSIA,JIUJIANG,CHINA (MAINLAND)
2019,470200,ROYAL GOLDEN EAGLE,APRIL,BUATAN,RIAU,182,93683,ROYAL GOLDEN EAGLE,APRIL FAR EAST MALAYSIA SDN BHD,MALAYSIA,JIUJIANG,CHINA (MAINLAND)
2019,470200,ROYAL GOLDEN EAGLE,APRIL,FUTONG,RIAU,505,260147,ROYAL GOLDEN EAGLE,APRIL FAR EAST MALAYSIA SDN BHD,MALAYSIA,JIUJIANG,CHINA (MAINLAND)
2019,470200,ROYAL GOLDEN EAGLE,TOBA PULP LESTARI,BELAWAN,SUMATERA UTARA,502,356215,ROYAL GOLDEN EAGLE,DP MARKETING INTERNATIONAL,MACAO,QINGDAO,CHINA (MAINLAND)
2019,470200,ROYAL GOLDEN EAGLE,TOBA PULP LESTARI,BELAWAN,SUMATERA UTARA,501,355920,ROYAL GOLDEN EAGLE,DP MARKETING INTERNATIONAL,MACAO,QINGDAO,CHINA (MAINLAND)
2019,470200,ROYAL GOLDEN EAGLE,TOBA PULP LESTARI,BELAWAN,SUMATERA UTARA,501,355879,ROYAL GOLDEN EAGLE,DP MARKETING INTERNATIONAL,MACAO,QINGDAO,CHINA (MAINLAND)
2019,470200,ROYAL GOLDEN EAGLE,APRIL,FUTONG,RIAU,505,260325,ROYAL GOLDEN EAGLE,APRIL FAR EAST MALAYSIA SDN BHD,MALAYSIA,FUZHOU,CHINA (MAINLAND)
2019,470200,ROYAL GOLDEN EAGLE,APRIL,FUTONG,RIAU,505,260243,ROYAL GOLDEN EAGLE,APRIL FAR EAST MALAYSIA SDN BHD,MALAYSIA,FUZHOU,CHINA (MAINLAND)
2019,470200,ROYAL GOLDEN EAGLE,APRIL,FUTONG,RIAU,506,260348,ROYAL GOLDEN EAGLE,APRIL FAR EAST MALAYSIA SDN BHD,MALAYSIA,FUZHOU,CHINA (MAINLAND)
2019,470200,ROYAL GOLDEN EAGLE,APRIL,BUATAN,RIAU,505,260300,ROYAL GOLDEN EAGLE,APRIL FAR EAST MALAYSIA SDN BHD,MALAYSIA,JIUJIANG,CHINA (MAINLAND)
2019,470200,ROYAL GOLDEN EAGLE,APRIL,FUTONG,RIAU,505,260327,ROYAL GOLDEN EAGLE,APRIL FAR EAST MALAYSIA SDN BHD,MALAYSIA,JIUJIANG,CHINA (MAINLAND)
2019,470200,ROYAL GOLDEN EAGLE,APRIL,BUATAN,RIAU,505,260205,ROYAL GOLDEN EAGLE,APRIL FAR EAST MALAYSIA SDN BHD,MALAYSIA,FUZHOU,CHINA (MAINLAND)
2019,470200,ROYAL GOLDEN EAGLE,APRIL,FUTONG,RIAU,505,259932,ROYAL GOLDEN EAGLE,APRIL FAR EAST MALAYSIA SDN BHD,MALAYSIA,FUZHOU,CHINA (MAINLAND)
2019,470200,ROYAL GOLDEN EAGLE,APRIL,FUTONG,RIAU,505,260303,ROYAL GOLDEN EAGLE,APRIL FAR EAST MALAYSIA SDN BHD,MALAYSIA,FUZHOU,CHINA (MAINLAND)
2019,470200,ROYAL GOLDEN EAGLE,APRIL,FUTONG,RIAU,505,260167,ROYAL GOLDEN EAGLE,APRIL FAR EAST MALAYSIA SDN BHD,MALAYSIA,FUZHOU,CHINA (MAINLAND)
2019,470200,ROYAL GOLDEN EAGLE,APRIL,FUTONG,RIAU,506,260357,ROYAL GOLDEN EAGLE,APRIL FAR EAST MALAYSIA SDN BHD,MALAYSIA,JIUJIANG,CHINA (MAINLAND)
2019,470200,ROYAL GOLDEN EAGLE,APRIL,FUTONG,RIAU,505,260134,ROYAL GOLDEN EAGLE,APRIL FAR EAST MALAYSIA SDN BHD,MALAYSIA,JIUJIANG,CHINA (MAINLAND)
2019,470200,ROYAL GOLDEN EAGLE,APRIL,BUATAN,RIAU,444,228758,ROYAL GOLDEN EAGLE,APRIL FAR EAST MALAYSIA SDN BHD,MALAYSIA,JIUJIANG,CHINA (MAINLAND)
2019,470200,ROYAL GOLDEN EAGLE,APRIL,FUTONG,RIAU,485,249781,ROYAL GOLDEN EAGLE,APRIL FAR EAST MALAYSIA SDN BHD,MALAYSIA,JIUJIANG,CHINA (MAINLAND)
2019,470200,ROYAL GOLDEN EAGLE,TOBA PULP LESTARI,BELAWAN,SUMATERA UTARA,1005,713388,ROYAL GOLDEN EAGLE,DP MARKETING INTERNATIONAL,MACAO,QINGDAO,CHINA (MAINLAND)
2019,470200,ROYAL GOLDEN EAGLE,TOBA PULP LESTARI,BELAWAN,SUMATERA UTARA,502,356495,ROYAL GOLDEN EAGLE,DP MARKETING INTERNATIONAL,MACAO,QINGDAO,CHINA (MAINLAND)
2019,470200,ROYAL GOLDEN EAGLE,APRIL,BUATAN,RIAU,505,260111,ROYAL GOLDEN EAGLE,APRIL FAR EAST MALAYSIA SDN BHD,MALAYSIA,LIANYUNGANG,CHINA (MAINLAND)
2019,470200,ROYAL GOLDEN EAGLE,APRIL,BUATAN,RIAU,505,260091,ROYAL GOLDEN EAGLE,APRIL FAR EAST MALAYSIA SDN BHD,MALAYSIA,LIANYUNGANG,CHINA (MAINLAND)
2019,470200,ROYAL GOLDEN EAGLE,APRIL,BUATAN,RIAU,505,260008,ROYAL GOLDEN EAGLE,APRIL FAR EAST MALAYSIA SDN BHD,MALAYSIA,LIANYUNGANG,CHINA (MAINLAND)
2019,470200,ROYAL GOLDEN EAGLE,APRIL,BUATAN,RIAU,505,260114,ROYAL GOLDEN EAGLE,APRIL FAR EAST MALAYSIA SDN BHD,MALAYSIA,LIANYUNGANG,CHINA (MAINLAND)
2019,470200,ROYAL GOLDEN EAGLE,TOBA PULP LESTARI,BELAWAN,SUMATERA UTARA,501,355936,ROYAL GOLDEN EAGLE,DP MARKETING INTERNATIONAL,MACAO,QINGDAO,CHINA (MAINLAND)
2019,470200,ROYAL GOLDEN EAGLE,APRIL,BUATAN,RIAU,505,260062,ROYAL GOLDEN EAGLE,APRIL FAR EAST MALAYSIA SDN BHD,MALAYSIA,LIANYUNGANG,CHINA (MAINLAND)
2019,470200,ROYAL GOLDEN EAGLE,APRIL,BUATAN,RIAU,60,31130,ROYAL GOLDEN EAGLE,APRIL FAR EAST MALAYSIA SDN BHD,MALAYSIA,JIUJIANG,CHINA (MAINLAND)
2019,470200,ROYAL GOLDEN EAGLE,APRIL,BUATAN,RIAU,20,10402,ROYAL GOLDEN EAGLE,APRIL FAR EAST MALAYSIA SDN BHD,MALAYSIA,JIUJIANG,CHINA (MAINLAND)
2019,470200,ROYAL GOLDEN EAGLE,APRIL,BUATAN,RIAU,506,260341,ROYAL GOLDEN EAGLE,APRIL FAR EAST MALAYSIA SDN BHD,MALAYSIA,FUZHOU,CHINA (MAINLAND)
2019,470200,ROYAL GOLDEN EAGLE,TOBA PULP LESTARI,BELAWAN,SUMATERA UTARA,502,356131,ROYAL GOLDEN EAGLE,DP MARKETING INTERNATIONAL,MACAO,QINGDAO,CHINA (MAINLAND)
2019,470200,ROYAL GOLDEN EAGLE,APRIL,BUATAN,RIAU,505,260174,ROYAL GOLDEN EAGLE,APRIL FAR EAST MALAYSIA SDN BHD,MALAYSIA,JIUJIANG,CHINA (MAINLAND)
2019,470200,ROYAL GOLDEN EAGLE,APRIL,BUATAN,RIAU,505,259979,ROYAL GOLDEN EAGLE,APRIL FAR EAST MALAYSIA SDN BHD,MALAYSIA,FUZHOU,CHINA (MAINLAND)
2019,470200,ROYAL GOLDEN EAGLE,APRIL,BUATAN,RIAU,506,260344,ROYAL GOLDEN EAGLE,APRIL FAR EAST MALAYSIA SDN BHD,MALAYSIA,JIUJIANG,CHINA (MAINLAND)
2019,470200,ROYAL GOLDEN EAGLE,APRIL,BUATAN,RIAU,505,260053,ROYAL GOLDEN EAGLE,APRIL FAR EAST MALAYSIA SDN BHD,MALAYSIA,JIUJIANG,CHINA (MAINLAND)
2019,470200,ROYAL GOLDEN EAGLE,APRIL,BUATAN,RIAU,505,260163,ROYAL GOLDEN EAGLE,APRIL FAR EAST MALAYSIA SDN BHD,MALAYSIA,JIUJIANG,CHINA (MAINLAND)
2019,470200,ROYAL GOLDEN EAGLE,APRIL,BUATAN,RIAU,506,260348,ROYAL GOLDEN EAGLE,APRIL FAR EAST MALAYSIA SDN BHD,MALAYSIA,LIANYUNGANG,CHINA (MAINLAND)
2019,470200,ROYAL GOLDEN EAGLE,APRIL,BUATAN,RIAU,505,260096,ROYAL GOLDEN EAGLE,APRIL FAR EAST MALAYSIA SDN BHD,MALAYSIA,FUZHOU,CHINA (MAINLAND)
2019,470200,ROYAL GOLDEN EAGLE,APRIL,BUATAN,RIAU,505,260226,ROYAL GOLDEN EAGLE,APRIL FAR EAST MALAYSIA SDN BHD,MALAYSIA,FUZHOU,CHINA (MAINLAND)
2019,470200,ROYAL GOLDEN EAGLE,APRIL,BUATAN,RIAU,303,155948,ROYAL GOLDEN EAGLE,APRIL FAR EAST MALAYSIA SDN BHD,MALAYSIA,FUZHOU,CHINA (MAINLAND)
2019,470200,ROYAL GOLDEN EAGLE,TOBA PULP LESTARI,BELAWAN,SUMATERA UTARA,502,356067,ROYAL GOLDEN EAGLE,DP MARKETING INTERNATIONAL,MACAO,QINGDAO,CHINA (MAINLAND)
2019,470200,ROYAL GOLDEN EAGLE,APRIL,BUATAN,RIAU,506,260494,ROYAL GOLDEN EAGLE,APRIL FAR EAST MALAYSIA SDN BHD,MALAYSIA,FUZHOU,CHINA (MAINLAND)
2019,470200,ROYAL GOLDEN EAGLE,APRIL,FUTONG,RIAU,505,260310,ROYAL GOLDEN EAGLE,APRIL FAR EAST MALAYSIA SDN BHD,MALAYSIA,JIUJIANG,CHINA (MAINLAND)
2019,470200,ROYAL GOLDEN EAGLE,APRIL,BUATAN,RIAU,506,260559,ROYAL GOLDEN EAGLE,APRIL FAR EAST MALAYSIA SDN BHD,MALAYSIA,FUZHOU,CHINA (MAINLAND)
2019,470200,ROYAL GOLDEN EAGLE,APRIL,BUATAN,RIAU,506,260600,ROYAL GOLDEN EAGLE,APRIL FAR EAST MALAYSIA SDN BHD,MALAYSIA,LIANYUNGANG,CHINA (MAINLAND)
2019,470200,ROYAL GOLDEN EAGLE,APRIL,FUTONG,RIAU,506,260451,ROYAL GOLDEN EAGLE,APRIL FAR EAST MALAYSIA SDN BHD,MALAYSIA,LIANYUNGANG,CHINA (MAINLAND)
2019,470200,ROYAL GOLDEN EAGLE,APRIL,FUTONG,RIAU,485,249949,ROYAL GOLDEN EAGLE,APRIL FAR EAST MALAYSIA SDN BHD,MALAYSIA,JIUJIANG,CHINA (MAINLAND)
2019,470200,ROYAL GOLDEN EAGLE,APRIL,BUATAN,RIAU,506,260649,ROYAL GOLDEN EAGLE,APRIL FAR EAST MALAYSIA SDN BHD,MALAYSIA,LIANYUNGANG,CHINA (MAINLAND)
2019,470200,ROYAL GOLDEN EAGLE,APRIL,FUTONG,RIAU,506,260497,ROYAL GOLDEN EAGLE,APRIL FAR EAST MALAYSIA SDN BHD,MALAYSIA,LIANYUNGANG,CHINA (MAINLAND)
2019,470200,ROYAL GOLDEN EAGLE,APRIL,FUTONG,RIAU,506,260411,ROYAL GOLDEN EAGLE,APRIL FAR EAST MALAYSIA SDN BHD,MALAYSIA,FUZHOU,CHINA (MAINLAND)
2019,470200,ROYAL GOLDEN EAGLE,APRIL,FUTONG,RIAU,505,260193,ROYAL GOLDEN EAGLE,APRIL FAR EAST MALAYSIA SDN BHD,MALAYSIA,LIANYUNGANG,CHINA (MAINLAND)
2019,470200,ROYAL GOLDEN EAGLE,APRIL,FUTONG,RIAU,505,260051,ROYAL GOLDEN EAGLE,APRIL FAR EAST MALAYSIA SDN BHD,MALAYSIA,JIUJIANG,CHINA (MAINLAND)
2019,470200,ROYAL GOLDEN EAGLE,APRIL,BUATAN,RIAU,506,260424,ROYAL GOLDEN EAGLE,APRIL FAR EAST MALAYSIA SDN BHD,MALAYSIA,LIANYUNGANG,CHINA (MAINLAND)
2019,470200,ROYAL GOLDEN EAGLE,APRIL,BUATAN,RIAU,507,261137,ROYAL GOLDEN EAGLE,APRIL FAR EAST MALAYSIA SDN BHD,MALAYSIA,FUZHOU,CHINA (MAINLAND)
2019,470200,ROYAL GOLDEN EAGLE,APRIL,BUATAN,RIAU,506,260695,ROYAL GOLDEN EAGLE,APRIL FAR EAST MALAYSIA SDN BHD,MALAYSIA,FUZHOU,CHINA (MAINLAND)
2019,470200,ROYAL GOLDEN EAGLE,APRIL,FUTONG,RIAU,506,260442,ROYAL GOLDEN EAGLE,APRIL FAR EAST MALAYSIA SDN BHD,MALAYSIA,FUZHOU,CHINA (MAINLAND)
2019,470200,ROYAL GOLDEN EAGLE,APRIL,FUTONG,RIAU,505,260260,ROYAL GOLDEN EAGLE,APRIL FAR EAST MALAYSIA SDN BHD,MALAYSIA,JIUJIANG,CHINA (MAINLAND)
2019,470200,ROYAL GOLDEN EAGLE,APRIL,BUATAN,RIAU,506,260670,ROYAL GOLDEN EAGLE,APRIL FAR EAST MALAYSIA SDN BHD,MALAYSIA,FUZHOU,CHINA (MAINLAND)
2019,470200,ROYAL GOLDEN EAGLE,APRIL,FUTONG,RIAU,505,260314,ROYAL GOLDEN EAGLE,APRIL FAR EAST MALAYSIA SDN BHD,MALAYSIA,JIUJIANG,CHINA (MAINLAND)
2019,470200,ROYAL GOLDEN EAGLE,APRIL,BUATAN,RIAU,506,260726,ROYAL GOLDEN EAGLE,APRIL FAR EAST MALAYSIA SDN BHD,MALAYSIA,LIANYUNGANG,CHINA (MAINLAND)
2019,470200,ROYAL GOLDEN EAGLE,APRIL,BUATAN,RIAU,506,260541,ROYAL GOLDEN EAGLE,APRIL FAR EAST MALAYSIA SDN BHD,MALAYSIA,FUZHOU,CHINA (MAINLAND)
2019,470200,ROYAL GOLDEN EAGLE,APRIL,BUATAN,RIAU,506,260413,ROYAL GOLDEN EAGLE,APRIL FAR EAST MALAYSIA SDN BHD,MALAYSIA,LIANYUNGANG,CHINA (MAINLAND)
2019,470200,ROYAL GOLDEN EAGLE,APRIL,BUATAN,RIAU,20,10429,ROYAL GOLDEN EAGLE,APRIL FAR EAST MALAYSIA SDN BHD,MALAYSIA,JIUJIANG,CHINA (MAINLAND)
2019,470200,ROYAL GOLDEN EAGLE,APRIL,BUATAN,RIAU,506,260794,ROYAL GOLDEN EAGLE,APRIL FAR EAST MALAYSIA SDN BHD,MALAYSIA,LIANYUNGANG,CHINA (MAINLAND)
2019,470200,ROYAL GOLDEN EAGLE,APRIL,FUTONG,RIAU,507,260862,ROYAL GOLDEN EAGLE,APRIL FAR EAST MALAYSIA SDN BHD,MALAYSIA,LIANYUNGANG,CHINA (MAINLAND)
2019,470200,ROYAL GOLDEN EAGLE,APRIL,FUTONG,RIAU,507,260894,ROYAL GOLDEN EAGLE,APRIL FAR EAST MALAYSIA SDN BHD,MALAYSIA,LIANYUNGANG,CHINA (MAINLAND)
2019,470200,ROYAL GOLDEN EAGLE,APRIL,BUATAN,RIAU,506,260801,ROYAL GOLDEN EAGLE,APRIL FAR EAST MALAYSIA SDN BHD,MALAYSIA,JIUJIANG,CHINA (MAINLAND)
2019,470200,ROYAL GOLDEN EAGLE,APRIL,FUTONG,RIAU,506,260654,ROYAL GOLDEN EAGLE,APRIL FAR EAST MALAYSIA SDN BHD,MALAYSIA,JIUJIANG,CHINA (MAINLAND)
2019,470200,ROYAL GOLDEN EAGLE,APRIL,BUATAN,RIAU,506,260669,ROYAL GOLDEN EAGLE,APRIL FAR EAST MALAYSIA SDN BHD,MALAYSIA,FUZHOU,CHINA (MAINLAND)
2019,470200,ROYAL GOLDEN EAGLE,APRIL,BUATAN,RIAU,506,260448,ROYAL GOLDEN EAGLE,APRIL FAR EAST MALAYSIA SDN BHD,MALAYSIA,JIUJIANG,CHINA (MAINLAND)
2019,470200,ROYAL GOLDEN EAGLE,APRIL,BUATAN,RIAU,506,260461,ROYAL GOLDEN EAGLE,APRIL FAR EAST MALAYSIA SDN BHD,MALAYSIA,JIUJIANG,CHINA (MAINLAND)
2019,470200,ROYAL GOLDEN EAGLE,APRIL,BUATAN,RIAU,506,260769,ROYAL GOLDEN EAGLE,APRIL FAR EAST MALAYSIA SDN BHD,MALAYSIA,FUZHOU,CHINA (MAINLAND)
2019,470200,ROYAL GOLDEN EAGLE,APRIL,FUTONG,RIAU,506,260532,ROYAL GOLDEN EAGLE,APRIL FAR EAST MALAYSIA SDN BHD,MALAYSIA,JIUJIANG,CHINA (MAINLAND)
2019,470200,ROYAL GOLDEN EAGLE,APRIL,BUATAN,RIAU,506,260562,ROYAL GOLDEN EAGLE,APRIL FAR EAST MALAYSIA SDN BHD,MALAYSIA,FUZHOU,CHINA (MAINLAND)
2019,470200,ROYAL GOLDEN EAGLE,APRIL,BUATAN,RIAU,405,208445,ROYAL GOLDEN EAGLE,APRIL FAR EAST MALAYSIA SDN BHD,MALAYSIA,LIANYUNGANG,CHINA (MAINLAND)
2019,470200,ROYAL GOLDEN EAGLE,APRIL,BUATAN,RIAU,506,260509,ROYAL GOLDEN EAGLE,APRIL FAR EAST MALAYSIA SDN BHD,MALAYSIA,FUZHOU,CHINA (MAINLAND)
2019,470200,ROYAL GOLDEN EAGLE,APRIL,BUATAN,RIAU,506,260616,ROYAL GOLDEN EAGLE,APRIL FAR EAST MALAYSIA SDN BHD,MALAYSIA,JIUJIANG,CHINA (MAINLAND)
2019,470200,ROYAL GOLDEN EAGLE,APRIL,FUTONG,RIAU,506,260778,ROYAL GOLDEN EAGLE,APRIL FAR EAST MALAYSIA SDN BHD,MALAYSIA,FUZHOU,CHINA (MAINLAND)
2019,470200,ROYAL GOLDEN EAGLE,APRIL,FUTONG,RIAU,506,260780,ROYAL GOLDEN EAGLE,APRIL FAR EAST MALAYSIA SDN BHD,MALAYSIA,FUZHOU,CHINA (MAINLAND)
2019,470200,ROYAL GOLDEN EAGLE,APRIL,BUATAN,RIAU,506,260605,ROYAL GOLDEN EAGLE,APRIL FAR EAST MALAYSIA SDN BHD,MALAYSIA,FUZHOU,CHINA (MAINLAND)
2019,470200,ROYAL GOLDEN EAGLE,APRIL,BUATAN,RIAU,506,260613,ROYAL GOLDEN EAGLE,APRIL FAR EAST MALAYSIA SDN BHD,MALAYSIA,FUZHOU,CHINA (MAINLAND)
2019,470200,ROYAL GOLDEN EAGLE,APRIL,FUTONG,RIAU,507,260862,ROYAL GOLDEN EAGLE,APRIL FAR EAST MALAYSIA SDN BHD,MALAYSIA,FUZHOU,CHINA (MAINLAND)
2019,470200,ROYAL GOLDEN EAGLE,APRIL,FUTONG,RIAU,507,260955,ROYAL GOLDEN EAGLE,APRIL FAR EAST MALAYSIA SDN BHD,MALAYSIA,LIANYUNGANG,CHINA (MAINLAND)
2019,470200,ROYAL GOLDEN EAGLE,APRIL,FUTONG,RIAU,507,260890,ROYAL GOLDEN EAGLE,APRIL FAR EAST MALAYSIA SDN BHD,MALAYSIA,LIANYUNGANG,CHINA (MAINLAND)
2019,470200,ROYAL GOLDEN EAGLE,APRIL,BUATAN,RIAU,506,260680,ROYAL GOLDEN EAGLE,APRIL FAR EAST MALAYSIA SDN BHD,MALAYSIA,LIANYUNGANG,CHINA (MAINLAND)
2019,470200,ROYAL GOLDEN EAGLE,APRIL,FUTONG,RIAU,506,260641,ROYAL GOLDEN EAGLE,APRIL FAR EAST MALAYSIA SDN BHD,MALAYSIA,FUZHOU,CHINA (MAINLAND)
2019,470200,ROYAL GOLDEN EAGLE,APRIL,FUTONG,RIAU,506,260781,ROYAL GOLDEN EAGLE,APRIL FAR EAST MALAYSIA SDN BHD,MALAYSIA,JIUJIANG,CHINA (MAINLAND)
2019,470200,ROYAL GOLDEN EAGLE,APRIL,FUTONG,RIAU,506,260618,ROYAL GOLDEN EAGLE,APRIL FAR EAST MALAYSIA SDN BHD,MALAYSIA,JIUJIANG,CHINA (MAINLAND)
2019,470200,ROYAL GOLDEN EAGLE,APRIL,BUATAN,RIAU,506,260698,ROYAL GOLDEN EAGLE,APRIL FAR EAST MALAYSIA SDN BHD,MALAYSIA,FUZHOU,CHINA (MAINLAND)
2019,470200,ROYAL GOLDEN EAGLE,APRIL,FUTONG,RIAU,506,260483,ROYAL GOLDEN EAGLE,APRIL FAR EAST MALAYSIA SDN BHD,MALAYSIA,JIUJIANG,CHINA (MAINLAND)
2019,470200,ROYAL GOLDEN EAGLE,APRIL,BUATAN,RIAU,506,260669,ROYAL GOLDEN EAGLE,APRIL FAR EAST MALAYSIA SDN BHD,MALAYSIA,FUZHOU,CHINA (MAINLAND)
2019,470200,ROYAL GOLDEN EAGLE,APRIL,BUATAN,RIAU,202,104260,ROYAL GOLDEN EAGLE,APRIL FAR EAST MALAYSIA SDN BHD,MALAYSIA,FUZHOU,CHINA (MAINLAND)
2019,470200,ROYAL GOLDEN EAGLE,APRIL,BUATAN,RIAU,506,260497,ROYAL GOLDEN EAGLE,APRIL FAR EAST MALAYSIA SDN BHD,MALAYSIA,FUZHOU,CHINA (MAINLAND)
2019,470200,ROYAL GOLDEN EAGLE,APRIL,BUATAN,RIAU,505,260326,ROYAL GOLDEN EAGLE,APRIL FAR EAST MALAYSIA SDN BHD,MALAYSIA,FUZHOU,CHINA (MAINLAND)
2019,470200,ROYAL GOLDEN EAGLE,TOBA PULP LESTARI,BELAWAN,SUMATERA UTARA,502,333859,ROYAL GOLDEN EAGLE,DP MARKETING INTERNATIONAL,MACAO,QINGDAO,CHINA (MAINLAND)
2019,470200,ROYAL GOLDEN EAGLE,APRIL,BUATAN,RIAU,505,260308,ROYAL GOLDEN EAGLE,APRIL FAR EAST MALAYSIA SDN BHD,MALAYSIA,LIANYUNGANG,CHINA (MAINLAND)
2019,470200,ROYAL GOLDEN EAGLE,APRIL,BUATAN,RIAU,506,260406,ROYAL GOLDEN EAGLE,APRIL FAR EAST MALAYSIA SDN BHD,MALAYSIA,LIANYUNGANG,CHINA (MAINLAND)
2019,470200,ROYAL GOLDEN EAGLE,APRIL,BUATAN,RIAU,505,260318,ROYAL GOLDEN EAGLE,APRIL FAR EAST MALAYSIA SDN BHD,MALAYSIA,FUZHOU,CHINA (MAINLAND)
2019,470200,ROYAL GOLDEN EAGLE,APRIL,BUATAN,RIAU,506,260543,ROYAL GOLDEN EAGLE,APRIL FAR EAST MALAYSIA SDN BHD,MALAYSIA,FUZHOU,CHINA (MAINLAND)
2019,470200,ROYAL GOLDEN EAGLE,APRIL,BUATAN,RIAU,506,260605,ROYAL GOLDEN EAGLE,APRIL FAR EAST MALAYSIA SDN BHD,MALAYSIA,FUZHOU,CHINA (MAINLAND)
2019,470200,ROYAL GOLDEN EAGLE,TOBA PULP LESTARI,BELAWAN,SUMATERA UTARA,501,333441,ROYAL GOLDEN EAGLE,DP MARKETING INTERNATIONAL,MACAO,QINGDAO,CHINA (MAINLAND)
2019,470200,ROYAL GOLDEN EAGLE,APRIL,BUATAN,RIAU,203,104354,ROYAL GOLDEN EAGLE,APRIL FAR EAST MALAYSIA SDN BHD,MALAYSIA,FUZHOU,CHINA (MAINLAND)
2019,470200,ROYAL GOLDEN EAGLE,APRIL,BUATAN,RIAU,506,260424,ROYAL GOLDEN EAGLE,APRIL FAR EAST MALAYSIA SDN BHD,MALAYSIA,FUZHOU,CHINA (MAINLAND)
2019,470200,ROYAL GOLDEN EAGLE,APRIL,BUATAN,RIAU,506,260751,ROYAL GOLDEN EAGLE,APRIL FAR EAST MALAYSIA SDN BHD,MALAYSIA,FUZHOU,CHINA (MAINLAND)
2019,470200,ROYAL GOLDEN EAGLE,APRIL,BUATAN,RIAU,506,260734,ROYAL GOLDEN EAGLE,APRIL FAR EAST MALAYSIA SDN BHD,MALAYSIA,LIANYUNGANG,CHINA (MAINLAND)
2019,470200,ROYAL GOLDEN EAGLE,TOBA PULP LESTARI,BELAWAN,SUMATERA UTARA,502,333518,ROYAL GOLDEN EAGLE,DP MARKETING INTERNATIONAL,MACAO,QINGDAO,CHINA (MAINLAND)
2019,470200,ROYAL GOLDEN EAGLE,APRIL,BUATAN,RIAU,506,260569,ROYAL GOLDEN EAGLE,APRIL FAR EAST MALAYSIA SDN BHD,MALAYSIA,FUZHOU,CHINA (MAINLAND)
2019,470200,ROYAL GOLDEN EAGLE,APRIL,BUATAN,RIAU,506,260675,ROYAL GOLDEN EAGLE,APRIL FAR EAST MALAYSIA SDN BHD,MALAYSIA,FUZHOU,CHINA (MAINLAND)
2019,470200,ROYAL GOLDEN EAGLE,APRIL,BUATAN,RIAU,506,260661,ROYAL GOLDEN EAGLE,APRIL FAR EAST MALAYSIA SDN BHD,MALAYSIA,LIANYUNGANG,CHINA (MAINLAND)
2019,470200,ROYAL GOLDEN EAGLE,APRIL,BUATAN,RIAU,505,259883,ROYAL GOLDEN EAGLE,APRIL FAR EAST MALAYSIA SDN BHD,MALAYSIA,LIANYUNGANG,CHINA (MAINLAND)
2019,470200,ROYAL GOLDEN EAGLE,APRIL,BUATAN,RIAU,505,260169,ROYAL GOLDEN EAGLE,APRIL FAR EAST MALAYSIA SDN BHD,MALAYSIA,FUZHOU,CHINA (MAINLAND)
2019,470200,ROYAL GOLDEN EAGLE,APRIL,BUATAN,RIAU,505,260221,ROYAL GOLDEN EAGLE,APRIL FAR EAST MALAYSIA SDN BHD,MALAYSIA,LIANYUNGANG,CHINA (MAINLAND)
2019,470200,ROYAL GOLDEN EAGLE,APRIL,BUATAN,RIAU,505,260128,ROYAL GOLDEN EAGLE,APRIL FAR EAST MALAYSIA SDN BHD,MALAYSIA,LIANYUNGANG,CHINA (MAINLAND)
2019,470200,ROYAL GOLDEN EAGLE,APRIL,BUATAN,RIAU,101,52224,ROYAL GOLDEN EAGLE,APRIL FAR EAST MALAYSIA SDN BHD,MALAYSIA,LIANYUNGANG,CHINA (MAINLAND)
2019,470200,ROYAL GOLDEN EAGLE,APRIL,BUATAN,RIAU,506,260635,ROYAL GOLDEN EAGLE,APRIL FAR EAST MALAYSIA SDN BHD,MALAYSIA,FUZHOU,CHINA (MAINLAND)
2019,470200,ROYAL GOLDEN EAGLE,APRIL,BUATAN,RIAU,506,260639,ROYAL GOLDEN EAGLE,APRIL FAR EAST MALAYSIA SDN BHD,MALAYSIA,LIANYUNGANG,CHINA (MAINLAND)
2019,470200,ROYAL GOLDEN EAGLE,APRIL,BUATAN,RIAU,506,260844,ROYAL GOLDEN EAGLE,APRIL FAR EAST MALAYSIA SDN BHD,MALAYSIA,LIANYUNGANG,CHINA (MAINLAND)
2019,470200,ROYAL GOLDEN EAGLE,APRIL,BUATAN,RIAU,506,260568,ROYAL GOLDEN EAGLE,APRIL FAR EAST MALAYSIA SDN BHD,MALAYSIA,LIANYUNGANG,CHINA (MAINLAND)
2019,470200,ROYAL GOLDEN EAGLE,APRIL,BUATAN,RIAU,505,260262,ROYAL GOLDEN EAGLE,APRIL FAR EAST MALAYSIA SDN BHD,MALAYSIA,LIANYUNGANG,CHINA (MAINLAND)
2019,470200,ROYAL GOLDEN EAGLE,APRIL,BUATAN,RIAU,506,260692,ROYAL GOLDEN EAGLE,APRIL FAR EAST MALAYSIA SDN BHD,MALAYSIA,LIANYUNGANG,CHINA (MAINLAND)
2019,470200,ROYAL GOLDEN EAGLE,APRIL,BUATAN,RIAU,507,261056,ROYAL GOLDEN EAGLE,APRIL FAR EAST MALAYSIA SDN BHD,MALAYSIA,LIANYUNGANG,CHINA (MAINLAND)
2019,470200,ROYAL GOLDEN EAGLE,APRIL,BUATAN,RIAU,506,260596,ROYAL GOLDEN EAGLE,APRIL FAR EAST MALAYSIA SDN BHD,MALAYSIA,LIANYUNGANG,CHINA (MAINLAND)
2019,470200,ROYAL GOLDEN EAGLE,APRIL,BUATAN,RIAU,303,156239,ROYAL GOLDEN EAGLE,APRIL FAR EAST MALAYSIA SDN BHD,MALAYSIA,FUZHOU,CHINA (MAINLAND)
2019,470200,ROYAL GOLDEN EAGLE,TOBA PULP LESTARI,BELAWAN,SUMATERA UTARA,1004,667709,ROYAL GOLDEN EAGLE,DP MARKETING INTERNATIONAL,MACAO,QINGDAO,CHINA (MAINLAND)
2019,470200,ROYAL GOLDEN EAGLE,APRIL,BUATAN,RIAU,506,260482,ROYAL GOLDEN EAGLE,APRIL FAR EAST MALAYSIA SDN BHD,MALAYSIA,LIANYUNGANG,CHINA (MAINLAND)
2019,470200,ROYAL GOLDEN EAGLE,APRIL,BUATAN,RIAU,505,260102,ROYAL GOLDEN EAGLE,APRIL FAR EAST MALAYSIA SDN BHD,MALAYSIA,LIANYUNGANG,CHINA (MAINLAND)
2019,470200,ROYAL GOLDEN EAGLE,APRIL,BUATAN,RIAU,506,260571,ROYAL GOLDEN EAGLE,APRIL FAR EAST MALAYSIA SDN BHD,MALAYSIA,JIUJIANG,CHINA (MAINLAND)
2019,470200,ROYAL GOLDEN EAGLE,APRIL,BUATAN,RIAU,506,260675,ROYAL GOLDEN EAGLE,APRIL FAR EAST MALAYSIA SDN BHD,MALAYSIA,LIANYUNGANG,CHINA (MAINLAND)
2019,470200,ROYAL GOLDEN EAGLE,APRIL,BUATAN,RIAU,505,260210,ROYAL GOLDEN EAGLE,APRIL FAR EAST MALAYSIA SDN BHD,MALAYSIA,JIUJIANG,CHINA (MAINLAND)
2019,470200,ROYAL GOLDEN EAGLE,APRIL,BUATAN,RIAU,506,260664,ROYAL GOLDEN EAGLE,APRIL FAR EAST MALAYSIA SDN BHD,MALAYSIA,LIANYUNGANG,CHINA (MAINLAND)
2019,470200,ROYAL GOLDEN EAGLE,APRIL,BUATAN,RIAU,506,260724,ROYAL GOLDEN EAGLE,APRIL FAR EAST MALAYSIA SDN BHD,MALAYSIA,LIANYUNGANG,CHINA (MAINLAND)
2019,470200,ROYAL GOLDEN EAGLE,APRIL,BUATAN,RIAU,506,260660,ROYAL GOLDEN EAGLE,APRIL FAR EAST MALAYSIA SDN BHD,MALAYSIA,LIANYUNGANG,CHINA (MAINLAND)
2019,470200,ROYAL GOLDEN EAGLE,APRIL,BUATAN,RIAU,506,260410,ROYAL GOLDEN EAGLE,APRIL FAR EAST MALAYSIA SDN BHD,MALAYSIA,LIANYUNGANG,CHINA (MAINLAND)
2019,470200,ROYAL GOLDEN EAGLE,APRIL,BUATAN,RIAU,506,260340,ROYAL GOLDEN EAGLE,APRIL FAR EAST MALAYSIA SDN BHD,MALAYSIA,LIANYUNGANG,CHINA (MAINLAND)
2019,470200,ROYAL GOLDEN EAGLE,APRIL,FUTONG,RIAU,506,260564,ROYAL GOLDEN EAGLE,APRIL FAR EAST MALAYSIA SDN BHD,MALAYSIA,JIUJIANG,CHINA (MAINLAND)
2019,470200,ROYAL GOLDEN EAGLE,APRIL,FUTONG,RIAU,506,260442,ROYAL GOLDEN EAGLE,APRIL FAR EAST MALAYSIA SDN BHD,MALAYSIA,JIUJIANG,CHINA (MAINLAND)
2019,470200,ROYAL GOLDEN EAGLE,APRIL,FUTONG,RIAU,507,260943,ROYAL GOLDEN EAGLE,APRIL FAR EAST MALAYSIA SDN BHD,MALAYSIA,JIUJIANG,CHINA (MAINLAND)
2019,470200,ROYAL GOLDEN EAGLE,APRIL,FUTONG,RIAU,506,260821,ROYAL GOLDEN EAGLE,APRIL FAR EAST MALAYSIA SDN BHD,MALAYSIA,FUZHOU,CHINA (MAINLAND)
2019,470200,ROYAL GOLDEN EAGLE,APRIL,FUTONG,RIAU,506,260646,ROYAL GOLDEN EAGLE,APRIL FAR EAST MALAYSIA SDN BHD,MALAYSIA,FUZHOU,CHINA (MAINLAND)
2019,470200,ROYAL GOLDEN EAGLE,APRIL,FUTONG,RIAU,506,260708,ROYAL GOLDEN EAGLE,APRIL FAR EAST MALAYSIA SDN BHD,MALAYSIA,JIUJIANG,CHINA (MAINLAND)
2019,470200,ROYAL GOLDEN EAGLE,APRIL,FUTONG,RIAU,506,260743,ROYAL GOLDEN EAGLE,APRIL FAR EAST MALAYSIA SDN BHD,MALAYSIA,JIUJIANG,CHINA (MAINLAND)
2019,470200,ROYAL GOLDEN EAGLE,APRIL,FUTONG,RIAU,506,260531,ROYAL GOLDEN EAGLE,APRIL FAR EAST MALAYSIA SDN BHD,MALAYSIA,LIANYUNGANG,CHINA (MAINLAND)
2019,470200,ROYAL GOLDEN EAGLE,APRIL,BUATAN,RIAU,505,260309,ROYAL GOLDEN EAGLE,APRIL FAR EAST MALAYSIA SDN BHD,MALAYSIA,LIANYUNGANG,CHINA (MAINLAND)
2019,470200,ROYAL GOLDEN EAGLE,APRIL,FUTONG,RIAU,506,260512,ROYAL GOLDEN EAGLE,APRIL FAR EAST MALAYSIA SDN BHD,MALAYSIA,FUZHOU,CHINA (MAINLAND)
2019,470200,ROYAL GOLDEN EAGLE,APRIL,FUTONG,RIAU,505,260306,ROYAL GOLDEN EAGLE,APRIL FAR EAST MALAYSIA SDN BHD,MALAYSIA,FUZHOU,CHINA (MAINLAND)
2019,470200,ROYAL GOLDEN EAGLE,APRIL,BUATAN,RIAU,506,260415,ROYAL GOLDEN EAGLE,APRIL FAR EAST MALAYSIA SDN BHD,MALAYSIA,JIUJIANG,CHINA (MAINLAND)
2019,470200,ROYAL GOLDEN EAGLE,APRIL,BUATAN,RIAU,506,260645,ROYAL GOLDEN EAGLE,APRIL FAR EAST MALAYSIA SDN BHD,MALAYSIA,JIUJIANG,CHINA (MAINLAND)
2019,470200,ROYAL GOLDEN EAGLE,APRIL,FUTONG,RIAU,507,261021,ROYAL GOLDEN EAGLE,APRIL FAR EAST MALAYSIA SDN BHD,MALAYSIA,JIUJIANG,CHINA (MAINLAND)
2019,470200,ROYAL GOLDEN EAGLE,APRIL,FUTONG,RIAU,507,261362,ROYAL GOLDEN EAGLE,APRIL FAR EAST MALAYSIA SDN BHD,MALAYSIA,LIANYUNGANG,CHINA (MAINLAND)
2019,470200,ROYAL GOLDEN EAGLE,APRIL,FUTONG,RIAU,507,260932,ROYAL GOLDEN EAGLE,APRIL FAR EAST MALAYSIA SDN BHD,MALAYSIA,JIUJIANG,CHINA (MAINLAND)
2019,470200,ROYAL GOLDEN EAGLE,APRIL,FUTONG,RIAU,507,260858,ROYAL GOLDEN EAGLE,APRIL FAR EAST MALAYSIA SDN BHD,MALAYSIA,JIUJIANG,CHINA (MAINLAND)
2019,470200,ROYAL GOLDEN EAGLE,APRIL,FUTONG,RIAU,507,261298,ROYAL GOLDEN EAGLE,APRIL FAR EAST MALAYSIA SDN BHD,MALAYSIA,LIANYUNGANG,CHINA (MAINLAND)
2019,470200,ROYAL GOLDEN EAGLE,APRIL,FUTONG,RIAU,506,260709,ROYAL GOLDEN EAGLE,APRIL FAR EAST MALAYSIA SDN BHD,MALAYSIA,JIUJIANG,CHINA (MAINLAND)
2019,470200,ROYAL GOLDEN EAGLE,APRIL,BUATAN,RIAU,506,260650,ROYAL GOLDEN EAGLE,APRIL FAR EAST MALAYSIA SDN BHD,MALAYSIA,JIUJIANG,CHINA (MAINLAND)
2019,470200,ROYAL GOLDEN EAGLE,APRIL,FUTONG,RIAU,507,261046,ROYAL GOLDEN EAGLE,APRIL FAR EAST MALAYSIA SDN BHD,MALAYSIA,JIUJIANG,CHINA (MAINLAND)
2019,470200,ROYAL GOLDEN EAGLE,APRIL,BUATAN,RIAU,507,260883,ROYAL GOLDEN EAGLE,APRIL FAR EAST MALAYSIA SDN BHD,MALAYSIA,JIUJIANG,CHINA (MAINLAND)
2019,470200,ROYAL GOLDEN EAGLE,APRIL,BUATAN,RIAU,506,260780,ROYAL GOLDEN EAGLE,APRIL FAR EAST MALAYSIA SDN BHD,MALAYSIA,JIUJIANG,CHINA (MAINLAND)
2019,470200,ROYAL GOLDEN EAGLE,APRIL,BUATAN,RIAU,506,260519,ROYAL GOLDEN EAGLE,APRIL FAR EAST MALAYSIA SDN BHD,MALAYSIA,JIUJIANG,CHINA (MAINLAND)
2019,470200,ROYAL GOLDEN EAGLE,APRIL,FUTONG,RIAU,507,260971,ROYAL GOLDEN EAGLE,APRIL FAR EAST MALAYSIA SDN BHD,MALAYSIA,JIUJIANG,CHINA (MAINLAND)
2019,470200,ROYAL GOLDEN EAGLE,APRIL,BUATAN,RIAU,506,260720,ROYAL GOLDEN EAGLE,APRIL FAR EAST MALAYSIA SDN BHD,MALAYSIA,LIANYUNGANG,CHINA (MAINLAND)
2019,470200,ROYAL GOLDEN EAGLE,TOBA PULP LESTARI,BELAWAN,SUMATERA UTARA,1004,667419,ROYAL GOLDEN EAGLE,DP MARKETING INTERNATIONAL,MACAO,QINGDAO,CHINA (MAINLAND)
2019,470200,ROYAL GOLDEN EAGLE,APRIL,BUATAN,RIAU,506,260791,ROYAL GOLDEN EAGLE,APRIL FAR EAST MALAYSIA SDN BHD,MALAYSIA,JIUJIANG,CHINA (MAINLAND)
2019,470200,ROYAL GOLDEN EAGLE,APRIL,BUATAN,RIAU,506,260554,ROYAL GOLDEN EAGLE,APRIL FAR EAST MALAYSIA SDN BHD,MALAYSIA,LIANYUNGANG,CHINA (MAINLAND)
2019,470200,ROYAL GOLDEN EAGLE,APRIL,BUATAN,RIAU,505,260300,ROYAL GOLDEN EAGLE,APRIL FAR EAST MALAYSIA SDN BHD,MALAYSIA,JIUJIANG,CHINA (MAINLAND)
2019,470200,ROYAL GOLDEN EAGLE,APRIL,BUATAN,RIAU,506,260650,ROYAL GOLDEN EAGLE,APRIL FAR EAST MALAYSIA SDN BHD,MALAYSIA,JIUJIANG,CHINA (MAINLAND)
2019,470200,ROYAL GOLDEN EAGLE,APRIL,BUATAN,RIAU,506,260350,ROYAL GOLDEN EAGLE,APRIL FAR EAST MALAYSIA SDN BHD,MALAYSIA,JIUJIANG,CHINA (MAINLAND)
2019,470200,ROYAL GOLDEN EAGLE,APRIL,FUTONG,RIAU,506,260733,ROYAL GOLDEN EAGLE,APRIL FAR EAST MALAYSIA SDN BHD,MALAYSIA,LIANYUNGANG,CHINA (MAINLAND)
2019,470200,ROYAL GOLDEN EAGLE,APRIL,BUATAN,RIAU,506,260370,ROYAL GOLDEN EAGLE,APRIL FAR EAST MALAYSIA SDN BHD,MALAYSIA,JIUJIANG,CHINA (MAINLAND)
2019,470200,ROYAL GOLDEN EAGLE,APRIL,FUTONG,RIAU,507,261185,ROYAL GOLDEN EAGLE,APRIL FAR EAST MALAYSIA SDN BHD,MALAYSIA,JIUJIANG,CHINA (MAINLAND)
2019,470200,ROYAL GOLDEN EAGLE,APRIL,FUTONG,RIAU,506,260809,ROYAL GOLDEN EAGLE,APRIL FAR EAST MALAYSIA SDN BHD,MALAYSIA,JIUJIANG,CHINA (MAINLAND)
2019,470200,ROYAL GOLDEN EAGLE,APRIL,FUTONG,RIAU,506,260543,ROYAL GOLDEN EAGLE,APRIL FAR EAST MALAYSIA SDN BHD,MALAYSIA,FUZHOU,CHINA (MAINLAND)
2019,470200,ROYAL GOLDEN EAGLE,APRIL,FUTONG,RIAU,507,261230,ROYAL GOLDEN EAGLE,APRIL FAR EAST MALAYSIA SDN BHD,MALAYSIA,JIUJIANG,CHINA (MAINLAND)
2019,470200,ROYAL GOLDEN EAGLE,APRIL,FUTONG,RIAU,506,260540,ROYAL GOLDEN EAGLE,APRIL FAR EAST MALAYSIA SDN BHD,MALAYSIA,JIUJIANG,CHINA (MAINLAND)
2019,470200,ROYAL GOLDEN EAGLE,APRIL,BUATAN,RIAU,506,260550,ROYAL GOLDEN EAGLE,APRIL FAR EAST MALAYSIA SDN BHD,MALAYSIA,JIUJIANG,CHINA (MAINLAND)
2019,470200,ROYAL GOLDEN EAGLE,APRIL,FUTONG,RIAU,506,260747,ROYAL GOLDEN EAGLE,APRIL FAR EAST MALAYSIA SDN BHD,MALAYSIA,FUZHOU,CHINA (MAINLAND)
2019,470200,ROYAL GOLDEN EAGLE,APRIL,BUATAN,RIAU,506,260521,ROYAL GOLDEN EAGLE,APRIL FAR EAST MALAYSIA SDN BHD,MALAYSIA,JIUJIANG,CHINA (MAINLAND)
2019,470200,ROYAL GOLDEN EAGLE,APRIL,BUATAN,RIAU,505,260202,ROYAL GOLDEN EAGLE,APRIL FAR EAST MALAYSIA SDN BHD,MALAYSIA,LIANYUNGANG,CHINA (MAINLAND)
2019,470200,ROYAL GOLDEN EAGLE,APRIL,BUATAN,RIAU,506,260385,ROYAL GOLDEN EAGLE,APRIL FAR EAST MALAYSIA SDN BHD,MALAYSIA,FUZHOU,CHINA (MAINLAND)
2019,470200,ROYAL GOLDEN EAGLE,APRIL,BUATAN,RIAU,507,260914,ROYAL GOLDEN EAGLE,APRIL FAR EAST MALAYSIA SDN BHD,MALAYSIA,FUZHOU,CHINA (MAINLAND)
2019,470200,ROYAL GOLDEN EAGLE,APRIL,FUTONG,RIAU,506,260747,ROYAL GOLDEN EAGLE,APRIL FAR EAST MALAYSIA SDN BHD,MALAYSIA,LIANYUNGANG,CHINA (MAINLAND)
2019,470200,ROYAL GOLDEN EAGLE,APRIL,BUATAN,RIAU,506,260522,ROYAL GOLDEN EAGLE,APRIL FAR EAST MALAYSIA SDN BHD,MALAYSIA,FUZHOU,CHINA (MAINLAND)
2019,470200,ROYAL GOLDEN EAGLE,APRIL,BUATAN,RIAU,506,260466,ROYAL GOLDEN EAGLE,APRIL FAR EAST MALAYSIA SDN BHD,MALAYSIA,LIANYUNGANG,CHINA (MAINLAND)
2019,470200,ROYAL GOLDEN EAGLE,APRIL,BUATAN,RIAU,202,104246,ROYAL GOLDEN EAGLE,APRIL FAR EAST MALAYSIA SDN BHD,MALAYSIA,JIUJIANG,CHINA (MAINLAND)
2019,470200,ROYAL GOLDEN EAGLE,APRIL,BUATAN,RIAU,506,260433,ROYAL GOLDEN EAGLE,APRIL FAR EAST MALAYSIA SDN BHD,MALAYSIA,LIANYUNGANG,CHINA (MAINLAND)
2019,470200,ROYAL GOLDEN EAGLE,APRIL,BUATAN,RIAU,505,260234,ROYAL GOLDEN EAGLE,APRIL FAR EAST MALAYSIA SDN BHD,MALAYSIA,LIANYUNGANG,CHINA (MAINLAND)
2019,470200,ROYAL GOLDEN EAGLE,APRIL,BUATAN,RIAU,506,260373,ROYAL GOLDEN EAGLE,APRIL FAR EAST MALAYSIA SDN BHD,MALAYSIA,FUZHOU,CHINA (MAINLAND)
2019,470200,ROYAL GOLDEN EAGLE,APRIL,BUATAN,RIAU,506,260408,ROYAL GOLDEN EAGLE,APRIL FAR EAST MALAYSIA SDN BHD,MALAYSIA,JIUJIANG,CHINA (MAINLAND)
2019,470200,ROYAL GOLDEN EAGLE,APRIL,BUATAN,RIAU,506,260333,ROYAL GOLDEN EAGLE,APRIL FAR EAST MALAYSIA SDN BHD,MALAYSIA,FUZHOU,CHINA (MAINLAND)
2019,470200,ROYAL GOLDEN EAGLE,APRIL,BUATAN,RIAU,506,260363,ROYAL GOLDEN EAGLE,APRIL FAR EAST MALAYSIA SDN BHD,MALAYSIA,JIUJIANG,CHINA (MAINLAND)
2019,470200,ROYAL GOLDEN EAGLE,APRIL,BUATAN,RIAU,505,260263,ROYAL GOLDEN EAGLE,APRIL FAR EAST MALAYSIA SDN BHD,MALAYSIA,JIUJIANG,CHINA (MAINLAND)
2019,470200,ROYAL GOLDEN EAGLE,APRIL,BUATAN,RIAU,505,260265,ROYAL GOLDEN EAGLE,APRIL FAR EAST MALAYSIA SDN BHD,MALAYSIA,FUZHOU,CHINA (MAINLAND)
2019,470200,ROYAL GOLDEN EAGLE,APRIL,FUTONG,RIAU,506,260637,ROYAL GOLDEN EAGLE,APRIL FAR EAST MALAYSIA SDN BHD,MALAYSIA,FUZHOU,CHINA (MAINLAND)
2019,470200,ROYAL GOLDEN EAGLE,APRIL,BUATAN,RIAU,506,260467,ROYAL GOLDEN EAGLE,APRIL FAR EAST MALAYSIA SDN BHD,MALAYSIA,LIANYUNGANG,CHINA (MAINLAND)
2019,470200,ROYAL GOLDEN EAGLE,APRIL,FUTONG,RIAU,506,260805,ROYAL GOLDEN EAGLE,APRIL FAR EAST MALAYSIA SDN BHD,MALAYSIA,JIUJIANG,CHINA (MAINLAND)
2019,470200,ROYAL GOLDEN EAGLE,APRIL,FUTONG,RIAU,506,260679,ROYAL GOLDEN EAGLE,APRIL FAR EAST MALAYSIA SDN BHD,MALAYSIA,FUZHOU,CHINA (MAINLAND)
2019,470200,ROYAL GOLDEN EAGLE,APRIL,BUATAN,RIAU,303,156266,ROYAL GOLDEN EAGLE,APRIL FAR EAST MALAYSIA SDN BHD,MALAYSIA,JIUJIANG,CHINA (MAINLAND)
2019,470200,ROYAL GOLDEN EAGLE,APRIL,FUTONG,RIAU,506,260421,ROYAL GOLDEN EAGLE,APRIL FAR EAST MALAYSIA SDN BHD,MALAYSIA,FUZHOU,CHINA (MAINLAND)
2019,470200,ROYAL GOLDEN EAGLE,APRIL,BUATAN,RIAU,506,260377,ROYAL GOLDEN EAGLE,APRIL FAR EAST MALAYSIA SDN BHD,MALAYSIA,LIANYUNGANG,CHINA (MAINLAND)
2019,470200,ROYAL GOLDEN EAGLE,APRIL,FUTONG,RIAU,506,260602,ROYAL GOLDEN EAGLE,APRIL FAR EAST MALAYSIA SDN BHD,MALAYSIA,JIUJIANG,CHINA (MAINLAND)
2019,470200,ROYAL GOLDEN EAGLE,APRIL,FUTONG,RIAU,506,260595,ROYAL GOLDEN EAGLE,APRIL FAR EAST MALAYSIA SDN BHD,MALAYSIA,FUZHOU,CHINA (MAINLAND)
2019,470200,ROYAL GOLDEN EAGLE,APRIL,FUTONG,RIAU,506,260815,ROYAL GOLDEN EAGLE,APRIL FAR EAST MALAYSIA SDN BHD,MALAYSIA,FUZHOU,CHINA (MAINLAND)
2019,470200,ROYAL GOLDEN EAGLE,APRIL,FUTONG,RIAU,506,260667,ROYAL GOLDEN EAGLE,APRIL FAR EAST MALAYSIA SDN BHD,MALAYSIA,JIUJIANG,CHINA (MAINLAND)
2019,470200,ROYAL GOLDEN EAGLE,APRIL,BUATAN,RIAU,506,260443,ROYAL GOLDEN EAGLE,APRIL FAR EAST MALAYSIA SDN BHD,MALAYSIA,JIUJIANG,CHINA (MAINLAND)
2019,470200,ROYAL GOLDEN EAGLE,APRIL,BUATAN,RIAU,506,260336,ROYAL GOLDEN EAGLE,APRIL FAR EAST MALAYSIA SDN BHD,MALAYSIA,JIUJIANG,CHINA (MAINLAND)
2019,470200,ROYAL GOLDEN EAGLE,TOBA PULP LESTARI,BELAWAN,SUMATERA UTARA,1005,642927,ROYAL GOLDEN EAGLE,DP MARKETING INTERNATIONAL,MACAO,QINGDAO,CHINA (MAINLAND)
2019,470200,ROYAL GOLDEN EAGLE,TOBA PULP LESTARI,BELAWAN,SUMATERA UTARA,1006,643544,ROYAL GOLDEN EAGLE,DP MARKETING INTERNATIONAL,MACAO,QINGDAO,CHINA (MAINLAND)
2019,470200,ROYAL GOLDEN EAGLE,APRIL,BUATAN,RIAU,506,260509,ROYAL GOLDEN EAGLE,APRIL FAR EAST MALAYSIA SDN BHD,MALAYSIA,JIUJIANG,CHINA (MAINLAND)
2019,470200,ROYAL GOLDEN EAGLE,APRIL,BUATAN,RIAU,506,260574,ROYAL GOLDEN EAGLE,APRIL FAR EAST MALAYSIA SDN BHD,MALAYSIA,JIUJIANG,CHINA (MAINLAND)
2019,470200,ROYAL GOLDEN EAGLE,APRIL,BUATAN,RIAU,506,260519,ROYAL GOLDEN EAGLE,APRIL FAR EAST MALAYSIA SDN BHD,MALAYSIA,FUZHOU,CHINA (MAINLAND)
2019,470200,ROYAL GOLDEN EAGLE,APRIL,BUATAN,RIAU,506,260508,ROYAL GOLDEN EAGLE,APRIL FAR EAST MALAYSIA SDN BHD,MALAYSIA,JIUJIANG,CHINA (MAINLAND)
2019,470200,ROYAL GOLDEN EAGLE,APRIL,BUATAN,RIAU,486,250209,ROYAL GOLDEN EAGLE,APRIL FAR EAST MALAYSIA SDN BHD,MALAYSIA,FUZHOU,CHINA (MAINLAND)
2019,470200,ROYAL GOLDEN EAGLE,TOBA PULP LESTARI,BELAWAN,SUMATERA UTARA,501,320948,ROYAL GOLDEN EAGLE,DP MARKETING INTERNATIONAL,MACAO,QINGDAO,CHINA (MAINLAND)
2019,470200,ROYAL GOLDEN EAGLE,APRIL,BUATAN,RIAU,506,260688,ROYAL GOLDEN EAGLE,APRIL FAR EAST MALAYSIA SDN BHD,MALAYSIA,JIUJIANG,CHINA (MAINLAND)
2019,470200,ROYAL GOLDEN EAGLE,APRIL,BUATAN,RIAU,506,260546,ROYAL GOLDEN EAGLE,APRIL FAR EAST MALAYSIA SDN BHD,MALAYSIA,JIUJIANG,CHINA (MAINLAND)
2019,470200,ROYAL GOLDEN EAGLE,APRIL,BUATAN,RIAU,506,260668,ROYAL GOLDEN EAGLE,APRIL FAR EAST MALAYSIA SDN BHD,MALAYSIA,FUZHOU,CHINA (MAINLAND)
2019,470200,ROYAL GOLDEN EAGLE,APRIL,BUATAN,RIAU,506,260556,ROYAL GOLDEN EAGLE,APRIL FAR EAST MALAYSIA SDN BHD,MALAYSIA,FUZHOU,CHINA (MAINLAND)
2019,470200,ROYAL GOLDEN EAGLE,TOBA PULP LESTARI,BELAWAN,SUMATERA UTARA,502,321487,ROYAL GOLDEN EAGLE,DP MARKETING INTERNATIONAL,MACAO,QINGDAO,CHINA (MAINLAND)
2019,470200,ROYAL GOLDEN EAGLE,APRIL,BUATAN,RIAU,505,260332,ROYAL GOLDEN EAGLE,APRIL FAR EAST MALAYSIA SDN BHD,MALAYSIA,JIUJIANG,CHINA (MAINLAND)
2019,470200,ROYAL GOLDEN EAGLE,APRIL,BUATAN,RIAU,506,260458,ROYAL GOLDEN EAGLE,APRIL FAR EAST MALAYSIA SDN BHD,MALAYSIA,JIUJIANG,CHINA (MAINLAND)
2019,470200,ROYAL GOLDEN EAGLE,APRIL,BUATAN,RIAU,506,260613,ROYAL GOLDEN EAGLE,APRIL FAR EAST MALAYSIA SDN BHD,MALAYSIA,FUZHOU,CHINA (MAINLAND)
2019,470200,ROYAL GOLDEN EAGLE,APRIL,BUATAN,RIAU,506,260711,ROYAL GOLDEN EAGLE,APRIL FAR EAST MALAYSIA SDN BHD,MALAYSIA,FUZHOU,CHINA (MAINLAND)
2019,470200,ROYAL GOLDEN EAGLE,APRIL,FUTONG,RIAU,506,260493,ROYAL GOLDEN EAGLE,APRIL FAR EAST MALAYSIA SDN BHD,MALAYSIA,JIUJIANG,CHINA (MAINLAND)
2019,470200,ROYAL GOLDEN EAGLE,TOBA PULP LESTARI,BELAWAN,SUMATERA UTARA,501,320748,ROYAL GOLDEN EAGLE,DP MARKETING INTERNATIONAL,MACAO,QINGDAO,CHINA (MAINLAND)
2019,470200,ROYAL GOLDEN EAGLE,APRIL,FUTONG,RIAU,506,260517,ROYAL GOLDEN EAGLE,APRIL FAR EAST MALAYSIA SDN BHD,MALAYSIA,JIUJIANG,CHINA (MAINLAND)
2019,470200,ROYAL GOLDEN EAGLE,APRIL,FUTONG,RIAU,506,260649,ROYAL GOLDEN EAGLE,APRIL FAR EAST MALAYSIA SDN BHD,MALAYSIA,FUZHOU,CHINA (MAINLAND)
2019,470200,ROYAL GOLDEN EAGLE,APRIL,BUATAN,RIAU,506,260485,ROYAL GOLDEN EAGLE,APRIL FAR EAST MALAYSIA SDN BHD,MALAYSIA,JIUJIANG,CHINA (MAINLAND)
2019,470200,ROYAL GOLDEN EAGLE,APRIL,FUTONG,RIAU,506,260390,ROYAL GOLDEN EAGLE,APRIL FAR EAST MALAYSIA SDN BHD,MALAYSIA,JIUJIANG,CHINA (MAINLAND)
2019,470200,ROYAL GOLDEN EAGLE,APRIL,BUATAN,RIAU,506,260527,ROYAL GOLDEN EAGLE,APRIL FAR EAST MALAYSIA SDN BHD,MALAYSIA,JIUJIANG,CHINA (MAINLAND)
2019,470200,ROYAL GOLDEN EAGLE,APRIL,BUATAN,RIAU,506,260616,ROYAL GOLDEN EAGLE,APRIL FAR EAST MALAYSIA SDN BHD,MALAYSIA,JIUJIANG,CHINA (MAINLAND)
2019,470200,ROYAL GOLDEN EAGLE,APRIL,FUTONG,RIAU,506,260703,ROYAL GOLDEN EAGLE,APRIL FAR EAST MALAYSIA SDN BHD,MALAYSIA,FUZHOU,CHINA (MAINLAND)
2019,470200,ROYAL GOLDEN EAGLE,APRIL,BUATAN,RIAU,233,119742,ROYAL GOLDEN EAGLE,APRIL FAR EAST MALAYSIA SDN BHD,MALAYSIA,JIUJIANG,CHINA (MAINLAND)
2019,470200,ROYAL GOLDEN EAGLE,APRIL,FUTONG,RIAU,506,260639,ROYAL GOLDEN EAGLE,APRIL FAR EAST MALAYSIA SDN BHD,MALAYSIA,FUZHOU,CHINA (MAINLAND)
2019,470200,ROYAL GOLDEN EAGLE,APRIL,BUATAN,RIAU,506,260450,ROYAL GOLDEN EAGLE,APRIL FAR EAST MALAYSIA SDN BHD,MALAYSIA,JIUJIANG,CHINA (MAINLAND)
2019,470200,ROYAL GOLDEN EAGLE,APRIL,FUTONG,RIAU,506,260549,ROYAL GOLDEN EAGLE,APRIL FAR EAST MALAYSIA SDN BHD,MALAYSIA,FUZHOU,CHINA (MAINLAND)
2019,470200,ROYAL GOLDEN EAGLE,APRIL,FUTONG,RIAU,506,260366,ROYAL GOLDEN EAGLE,APRIL FAR EAST MALAYSIA SDN BHD,MALAYSIA,FUZHOU,CHINA (MAINLAND)
2019,470200,ROYAL GOLDEN EAGLE,APRIL,BUATAN,RIAU,40,20822,ROYAL GOLDEN EAGLE,APRIL FAR EAST MALAYSIA SDN BHD,MALAYSIA,JIUJIANG,CHINA (MAINLAND)
2019,470200,ROYAL GOLDEN EAGLE,APRIL,BUATAN,RIAU,233,119810,ROYAL GOLDEN EAGLE,APRIL FAR EAST MALAYSIA SDN BHD,MALAYSIA,JIUJIANG,CHINA (MAINLAND)
2019,470200,ROYAL GOLDEN EAGLE,APRIL,BUATAN,RIAU,506,260465,ROYAL GOLDEN EAGLE,APRIL FAR EAST MALAYSIA SDN BHD,MALAYSIA,JIUJIANG,CHINA (MAINLAND)
2019,470200,ROYAL GOLDEN EAGLE,APRIL,BUATAN,RIAU,506,260525,ROYAL GOLDEN EAGLE,APRIL FAR EAST MALAYSIA SDN BHD,MALAYSIA,JIUJIANG,CHINA (MAINLAND)
2019,470200,ROYAL GOLDEN EAGLE,TOBA PULP LESTARI,BELAWAN,SUMATERA UTARA,502,320978,ROYAL GOLDEN EAGLE,DP MARKETING INTERNATIONAL,MACAO,QINGDAO,CHINA (MAINLAND)
2019,470200,ROYAL GOLDEN EAGLE,APRIL,BUATAN,RIAU,506,260485,ROYAL GOLDEN EAGLE,APRIL FAR EAST MALAYSIA SDN BHD,MALAYSIA,JIUJIANG,CHINA (MAINLAND)
2019,470200,ROYAL GOLDEN EAGLE,APRIL,BUATAN,RIAU,20,10465,ROYAL GOLDEN EAGLE,APRIL FAR EAST MALAYSIA SDN BHD,MALAYSIA,FUZHOU,CHINA (MAINLAND)
2019,470200,ROYAL GOLDEN EAGLE,APRIL,BUATAN,RIAU,506,260642,ROYAL GOLDEN EAGLE,APRIL FAR EAST MALAYSIA SDN BHD,MALAYSIA,FUZHOU,CHINA (MAINLAND)
2019,470200,ROYAL GOLDEN EAGLE,APRIL,BUATAN,RIAU,506,260548,ROYAL GOLDEN EAGLE,APRIL FAR EAST MALAYSIA SDN BHD,MALAYSIA,FUZHOU,CHINA (MAINLAND)
2019,470200,ROYAL GOLDEN EAGLE,APRIL,BUATAN,RIAU,405,208425,ROYAL GOLDEN EAGLE,APRIL FAR EAST MALAYSIA SDN BHD,MALAYSIA,FUZHOU,CHINA (MAINLAND)
2019,470200,ROYAL GOLDEN EAGLE,APRIL,BUATAN,RIAU,506,260402,ROYAL GOLDEN EAGLE,APRIL FAR EAST MALAYSIA SDN BHD,MALAYSIA,FUZHOU,CHINA (MAINLAND)
2019,470200,ROYAL GOLDEN EAGLE,APRIL,BUATAN,RIAU,101,52109,ROYAL GOLDEN EAGLE,APRIL FAR EAST MALAYSIA SDN BHD,MALAYSIA,JIUJIANG,CHINA (MAINLAND)
2019,470200,ROYAL GOLDEN EAGLE,APRIL,BUATAN,RIAU,506,260409,ROYAL GOLDEN EAGLE,APRIL FAR EAST MALAYSIA SDN BHD,MALAYSIA,FUZHOU,CHINA (MAINLAND)
2019,470200,ROYAL GOLDEN EAGLE,APRIL,BUATAN,RIAU,505,259957,ROYAL GOLDEN EAGLE,APRIL FAR EAST MALAYSIA SDN BHD,MALAYSIA,JIUJIANG,CHINA (MAINLAND)
2019,470200,ROYAL GOLDEN EAGLE,APRIL,BUATAN,RIAU,506,260364,ROYAL GOLDEN EAGLE,APRIL FAR EAST MALAYSIA SDN BHD,MALAYSIA,JIUJIANG,CHINA (MAINLAND)
2019,470200,ROYAL GOLDEN EAGLE,APRIL,BUATAN,RIAU,505,260147,ROYAL GOLDEN EAGLE,APRIL FAR EAST MALAYSIA SDN BHD,MALAYSIA,FUZHOU,CHINA (MAINLAND)
2019,470200,ROYAL GOLDEN EAGLE,APRIL,FUTONG,RIAU,506,260439,ROYAL GOLDEN EAGLE,APRIL FAR EAST MALAYSIA SDN BHD,MALAYSIA,JIUJIANG,CHINA (MAINLAND)
2019,470200,ROYAL GOLDEN EAGLE,APRIL,FUTONG,RIAU,506,260771,ROYAL GOLDEN EAGLE,APRIL FAR EAST MALAYSIA SDN BHD,MALAYSIA,JIUJIANG,CHINA (MAINLAND)
2019,470200,ROYAL GOLDEN EAGLE,APRIL,FUTONG,RIAU,506,260679,ROYAL GOLDEN EAGLE,APRIL FAR EAST MALAYSIA SDN BHD,MALAYSIA,FUZHOU,CHINA (MAINLAND)
2019,470200,ROYAL GOLDEN EAGLE,APRIL,FUTONG,RIAU,506,260584,ROYAL GOLDEN EAGLE,APRIL FAR EAST MALAYSIA SDN BHD,MALAYSIA,JIUJIANG,CHINA (MAINLAND)
2019,470200,ROYAL GOLDEN EAGLE,APRIL,BUATAN,RIAU,506,260603,ROYAL GOLDEN EAGLE,APRIL FAR EAST MALAYSIA SDN BHD,MALAYSIA,FUZHOU,CHINA (MAINLAND)
2019,470200,ROYAL GOLDEN EAGLE,APRIL,FUTONG,RIAU,506,260790,ROYAL GOLDEN EAGLE,APRIL FAR EAST MALAYSIA SDN BHD,MALAYSIA,JIUJIANG,CHINA (MAINLAND)
2019,470200,ROYAL GOLDEN EAGLE,APRIL,FUTONG,RIAU,506,260471,ROYAL GOLDEN EAGLE,APRIL FAR EAST MALAYSIA SDN BHD,MALAYSIA,FUZHOU,CHINA (MAINLAND)
2019,470200,ROYAL GOLDEN EAGLE,APRIL,FUTONG,RIAU,506,260589,ROYAL GOLDEN EAGLE,APRIL FAR EAST MALAYSIA SDN BHD,MALAYSIA,JIUJIANG,CHINA (MAINLAND)
2019,470200,ROYAL GOLDEN EAGLE,APRIL,BUATAN,RIAU,506,260402,ROYAL GOLDEN EAGLE,APRIL FAR EAST MALAYSIA SDN BHD,MALAYSIA,FUZHOU,CHINA (MAINLAND)
2019,470200,ROYAL GOLDEN EAGLE,APRIL,BUATAN,RIAU,506,260521,ROYAL GOLDEN EAGLE,APRIL FAR EAST MALAYSIA SDN BHD,MALAYSIA,FUZHOU,CHINA (MAINLAND)
2019,470200,ROYAL GOLDEN EAGLE,APRIL,FUTONG,RIAU,506,260735,ROYAL GOLDEN EAGLE,APRIL FAR EAST MALAYSIA SDN BHD,MALAYSIA,JIUJIANG,CHINA (MAINLAND)
2019,470200,ROYAL GOLDEN EAGLE,APRIL,BUATAN,RIAU,506,260471,ROYAL GOLDEN EAGLE,APRIL FAR EAST MALAYSIA SDN BHD,MALAYSIA,FUZHOU,CHINA (MAINLAND)
2019,470200,ROYAL GOLDEN EAGLE,APRIL,BUATAN,RIAU,607,312633,ROYAL GOLDEN EAGLE,APRIL FAR EAST MALAYSIA SDN BHD,MALAYSIA,JIUJIANG,CHINA (MAINLAND)
2019,470200,ROYAL GOLDEN EAGLE,APRIL,BUATAN,RIAU,606,312106,ROYAL GOLDEN EAGLE,APRIL FAR EAST MALAYSIA SDN BHD,MALAYSIA,JIUJIANG,CHINA (MAINLAND)
2019,470200,ROYAL GOLDEN EAGLE,APRIL,BUATAN,RIAU,606,312106,ROYAL GOLDEN EAGLE,APRIL FAR EAST MALAYSIA SDN BHD,MALAYSIA,JIUJIANG,CHINA (MAINLAND)
2019,470200,ROYAL GOLDEN EAGLE,APRIL,BUATAN,RIAU,607,312612,ROYAL GOLDEN EAGLE,APRIL FAR EAST MALAYSIA SDN BHD,MALAYSIA,JIUJIANG,CHINA (MAINLAND)
2019,470200,ROYAL GOLDEN EAGLE,APRIL,BUATAN,RIAU,506,260642,ROYAL GOLDEN EAGLE,APRIL FAR EAST MALAYSIA SDN BHD,MALAYSIA,JIUJIANG,CHINA (MAINLAND)
2019,470200,ROYAL GOLDEN EAGLE,APRIL,BUATAN,RIAU,506,260563,ROYAL GOLDEN EAGLE,APRIL FAR EAST MALAYSIA SDN BHD,MALAYSIA,JIUJIANG,CHINA (MAINLAND)
2019,470200,ROYAL GOLDEN EAGLE,APRIL,BUATAN,RIAU,101,52075,ROYAL GOLDEN EAGLE,APRIL FAR EAST MALAYSIA SDN BHD,MALAYSIA,FUZHOU,CHINA (MAINLAND)
2019,470200,ROYAL GOLDEN EAGLE,APRIL,BUATAN,RIAU,506,260468,ROYAL GOLDEN EAGLE,APRIL FAR EAST MALAYSIA SDN BHD,MALAYSIA,JIUJIANG,CHINA (MAINLAND)
2019,470200,ROYAL GOLDEN EAGLE,APRIL,BUATAN,RIAU,202,104183,ROYAL GOLDEN EAGLE,APRIL FAR EAST MALAYSIA SDN BHD,MALAYSIA,JIUJIANG,CHINA (MAINLAND)
2019,470200,ROYAL GOLDEN EAGLE,APRIL,BUATAN,RIAU,507,261069,ROYAL GOLDEN EAGLE,APRIL FAR EAST MALAYSIA SDN BHD,MALAYSIA,LIANYUNGANG,CHINA (MAINLAND)
2019,470200,ROYAL GOLDEN EAGLE,APRIL,BUATAN,RIAU,304,156361,ROYAL GOLDEN EAGLE,APRIL FAR EAST MALAYSIA SDN BHD,MALAYSIA,JIUJIANG,CHINA (MAINLAND)
2019,470200,ROYAL GOLDEN EAGLE,APRIL,BUATAN,RIAU,506,260525,ROYAL GOLDEN EAGLE,APRIL FAR EAST MALAYSIA SDN BHD,MALAYSIA,FUZHOU,CHINA (MAINLAND)
2019,470200,ROYAL GOLDEN EAGLE,APRIL,BUATAN,RIAU,506,260729,ROYAL GOLDEN EAGLE,APRIL FAR EAST MALAYSIA SDN BHD,MALAYSIA,LIANYUNGANG,CHINA (MAINLAND)
2019,470200,ROYAL GOLDEN EAGLE,APRIL,BUATAN,RIAU,506,260545,ROYAL GOLDEN EAGLE,APRIL FAR EAST MALAYSIA SDN BHD,MALAYSIA,FUZHOU,CHINA (MAINLAND)
2019,470200,ROYAL GOLDEN EAGLE,APRIL,FUTONG,RIAU,506,260656,ROYAL GOLDEN EAGLE,APRIL FAR EAST MALAYSIA SDN BHD,MALAYSIA,JIUJIANG,CHINA (MAINLAND)
2019,470200,ROYAL GOLDEN EAGLE,APRIL,FUTONG,RIAU,506,260814,ROYAL GOLDEN EAGLE,APRIL FAR EAST MALAYSIA SDN BHD,MALAYSIA,LIANYUNGANG,CHINA (MAINLAND)
2019,470200,ROYAL GOLDEN EAGLE,APRIL,BUATAN,RIAU,506,260453,ROYAL GOLDEN EAGLE,APRIL FAR EAST MALAYSIA SDN BHD,MALAYSIA,JIUJIANG,CHINA (MAINLAND)
2019,470200,ROYAL GOLDEN EAGLE,APRIL,FUTONG,RIAU,506,260609,ROYAL GOLDEN EAGLE,APRIL FAR EAST MALAYSIA SDN BHD,MALAYSIA,LIANYUNGANG,CHINA (MAINLAND)
2019,470200,ROYAL GOLDEN EAGLE,APRIL,FUTONG,RIAU,506,260610,ROYAL GOLDEN EAGLE,APRIL FAR EAST MALAYSIA SDN BHD,MALAYSIA,JIUJIANG,CHINA (MAINLAND)
2019,470200,ROYAL GOLDEN EAGLE,TOBA PULP LESTARI,BELAWAN,SUMATERA UTARA,501,293222,ROYAL GOLDEN EAGLE,DP MARKETING INTERNATIONAL,MACAO,QINGDAO,CHINA (MAINLAND)
2019,470200,ROYAL GOLDEN EAGLE,APRIL,FUTONG,RIAU,506,260617,ROYAL GOLDEN EAGLE,APRIL FAR EAST MALAYSIA SDN BHD,MALAYSIA,JIUJIANG,CHINA (MAINLAND)
2019,470200,ROYAL GOLDEN EAGLE,TOBA PULP LESTARI,BELAWAN,SUMATERA UTARA,1003,586529,ROYAL GOLDEN EAGLE,DP MARKETING INTERNATIONAL,MACAO,QINGDAO,CHINA (MAINLAND)
2019,470200,ROYAL GOLDEN EAGLE,APRIL,FUTONG,RIAU,506,260554,ROYAL GOLDEN EAGLE,APRIL FAR EAST MALAYSIA SDN BHD,MALAYSIA,FUZHOU,CHINA (MAINLAND)
2019,470200,ROYAL GOLDEN EAGLE,APRIL,BUATAN,RIAU,506,260444,ROYAL GOLDEN EAGLE,APRIL FAR EAST MALAYSIA SDN BHD,MALAYSIA,JIUJIANG,CHINA (MAINLAND)
2019,470200,ROYAL GOLDEN EAGLE,APRIL,FUTONG,RIAU,506,260610,ROYAL GOLDEN EAGLE,APRIL FAR EAST MALAYSIA SDN BHD,MALAYSIA,FUZHOU,CHINA (MAINLAND)
2019,470200,ROYAL GOLDEN EAGLE,APRIL,BUATAN,RIAU,506,260512,ROYAL GOLDEN EAGLE,APRIL FAR EAST MALAYSIA SDN BHD,MALAYSIA,LIANYUNGANG,CHINA (MAINLAND)
2019,470200,ROYAL GOLDEN EAGLE,APRIL,FUTONG,RIAU,505,260217,ROYAL GOLDEN EAGLE,APRIL FAR EAST MALAYSIA SDN BHD,MALAYSIA,JIUJIANG,CHINA (MAINLAND)
2019,470200,ROYAL GOLDEN EAGLE,APRIL,BUATAN,RIAU,506,260530,ROYAL GOLDEN EAGLE,APRIL FAR EAST MALAYSIA SDN BHD,MALAYSIA,JIUJIANG,CHINA (MAINLAND)
2019,470200,ROYAL GOLDEN EAGLE,APRIL,BUATAN,RIAU,505,260311,ROYAL GOLDEN EAGLE,APRIL FAR EAST MALAYSIA SDN BHD,MALAYSIA,LIANYUNGANG,CHINA (MAINLAND)
2019,470200,ROYAL GOLDEN EAGLE,APRIL,BUATAN,RIAU,506,260570,ROYAL GOLDEN EAGLE,APRIL FAR EAST MALAYSIA SDN BHD,MALAYSIA,JIUJIANG,CHINA (MAINLAND)
2019,470200,ROYAL GOLDEN EAGLE,APRIL,BUATAN,RIAU,505,260256,ROYAL GOLDEN EAGLE,APRIL FAR EAST MALAYSIA SDN BHD,MALAYSIA,JIUJIANG,CHINA (MAINLAND)
2019,470200,ROYAL GOLDEN EAGLE,APRIL,BUATAN,RIAU,506,260671,ROYAL GOLDEN EAGLE,APRIL FAR EAST MALAYSIA SDN BHD,MALAYSIA,LIANYUNGANG,CHINA (MAINLAND)
2019,470200,ROYAL GOLDEN EAGLE,APRIL,BUATAN,RIAU,506,260564,ROYAL GOLDEN EAGLE,APRIL FAR EAST MALAYSIA SDN BHD,MALAYSIA,JIUJIANG,CHINA (MAINLAND)
2019,470200,ROYAL GOLDEN EAGLE,APRIL,BUATAN,RIAU,505,260223,ROYAL GOLDEN EAGLE,APRIL FAR EAST MALAYSIA SDN BHD,MALAYSIA,LIANYUNGANG,CHINA (MAINLAND)
2019,470200,ROYAL GOLDEN EAGLE,APRIL,BUATAN,RIAU,506,260491,ROYAL GOLDEN EAGLE,APRIL FAR EAST MALAYSIA SDN BHD,MALAYSIA,JIUJIANG,CHINA (MAINLAND)
2019,470200,ROYAL GOLDEN EAGLE,APRIL,BUATAN,RIAU,505,260090,ROYAL GOLDEN EAGLE,APRIL FAR EAST MALAYSIA SDN BHD,MALAYSIA,FUZHOU,CHINA (MAINLAND)
2019,470200,ROYAL GOLDEN EAGLE,APRIL,BUATAN,RIAU,506,260594,ROYAL GOLDEN EAGLE,APRIL FAR EAST MALAYSIA SDN BHD,MALAYSIA,LIANYUNGANG,CHINA (MAINLAND)
2019,470200,ROYAL GOLDEN EAGLE,APRIL,BUATAN,RIAU,505,260106,ROYAL GOLDEN EAGLE,APRIL FAR EAST MALAYSIA SDN BHD,MALAYSIA,JIUJIANG,CHINA (MAINLAND)
2019,470200,ROYAL GOLDEN EAGLE,APRIL,BUATAN,RIAU,505,260311,ROYAL GOLDEN EAGLE,APRIL FAR EAST MALAYSIA SDN BHD,MALAYSIA,JIUJIANG,CHINA (MAINLAND)
2019,470200,ROYAL GOLDEN EAGLE,APRIL,BUATAN,RIAU,202,104052,ROYAL GOLDEN EAGLE,APRIL FAR EAST MALAYSIA SDN BHD,MALAYSIA,JIUJIANG,CHINA (MAINLAND)
2019,470200,ROYAL GOLDEN EAGLE,APRIL,BUATAN,RIAU,505,260260,ROYAL GOLDEN EAGLE,APRIL FAR EAST MALAYSIA SDN BHD,MALAYSIA,JIUJIANG,CHINA (MAINLAND)
2019,470200,ROYAL GOLDEN EAGLE,APRIL,BUATAN,RIAU,303,156146,ROYAL GOLDEN EAGLE,APRIL FAR EAST MALAYSIA SDN BHD,MALAYSIA,JIUJIANG,CHINA (MAINLAND)
2019,470200,ROYAL GOLDEN EAGLE,APRIL,BUATAN,RIAU,506,260618,ROYAL GOLDEN EAGLE,APRIL FAR EAST MALAYSIA SDN BHD,MALAYSIA,JIUJIANG,CHINA (MAINLAND)
2019,470200,ROYAL GOLDEN EAGLE,APRIL,BUATAN,RIAU,506,260569,ROYAL GOLDEN EAGLE,APRIL FAR EAST MALAYSIA SDN BHD,MALAYSIA,JIUJIANG,CHINA (MAINLAND)
2019,470200,ROYAL GOLDEN EAGLE,APRIL,BUATAN,RIAU,505,260234,ROYAL GOLDEN EAGLE,APRIL FAR EAST MALAYSIA SDN BHD,MALAYSIA,JIUJIANG,CHINA (MAINLAND)
2019,470200,ROYAL GOLDEN EAGLE,APRIL,BUATAN,RIAU,506,260597,ROYAL GOLDEN EAGLE,APRIL FAR EAST MALAYSIA SDN BHD,MALAYSIA,JIUJIANG,CHINA (MAINLAND)
2019,470200,ROYAL GOLDEN EAGLE,APRIL,BUATAN,RIAU,506,260548,ROYAL GOLDEN EAGLE,APRIL FAR EAST MALAYSIA SDN BHD,MALAYSIA,FUZHOU,CHINA (MAINLAND)
2019,470200,ROYAL GOLDEN EAGLE,APRIL,BUATAN,RIAU,506,260397,ROYAL GOLDEN EAGLE,APRIL FAR EAST MALAYSIA SDN BHD,MALAYSIA,FUZHOU,CHINA (MAINLAND)
2019,470200,ROYAL GOLDEN EAGLE,APRIL,BUATAN,RIAU,505,260202,ROYAL GOLDEN EAGLE,APRIL FAR EAST MALAYSIA SDN BHD,MALAYSIA,LIANYUNGANG,CHINA (MAINLAND)
2019,470200,ROYAL GOLDEN EAGLE,APRIL,BUATAN,RIAU,506,260409,ROYAL GOLDEN EAGLE,APRIL FAR EAST MALAYSIA SDN BHD,MALAYSIA,LIANYUNGANG,CHINA (MAINLAND)
2019,470200,ROYAL GOLDEN EAGLE,APRIL,FUTONG,RIAU,506,260696,ROYAL GOLDEN EAGLE,APRIL FAR EAST MALAYSIA SDN BHD,MALAYSIA,FUZHOU,CHINA (MAINLAND)
2019,470200,ROYAL GOLDEN EAGLE,APRIL,FUTONG,RIAU,506,260664,ROYAL GOLDEN EAGLE,APRIL FAR EAST MALAYSIA SDN BHD,MALAYSIA,JIUJIANG,CHINA (MAINLAND)
2019,470200,ROYAL GOLDEN EAGLE,APRIL,FUTONG,RIAU,506,260631,ROYAL GOLDEN EAGLE,APRIL FAR EAST MALAYSIA SDN BHD,MALAYSIA,JIUJIANG,CHINA (MAINLAND)
2019,470200,ROYAL GOLDEN EAGLE,APRIL,FUTONG,RIAU,506,260621,ROYAL GOLDEN EAGLE,APRIL FAR EAST MALAYSIA SDN BHD,MALAYSIA,LIANYUNGANG,CHINA (MAINLAND)
2019,470200,ROYAL GOLDEN EAGLE,APRIL,FUTONG,RIAU,506,260588,ROYAL GOLDEN EAGLE,APRIL FAR EAST MALAYSIA SDN BHD,MALAYSIA,LIANYUNGANG,CHINA (MAINLAND)
2019,470200,ROYAL GOLDEN EAGLE,APRIL,FUTONG,RIAU,507,260979,ROYAL GOLDEN EAGLE,APRIL FAR EAST MALAYSIA SDN BHD,MALAYSIA,JIUJIANG,CHINA (MAINLAND)
2019,470200,ROYAL GOLDEN EAGLE,APRIL,FUTONG,RIAU,506,260658,ROYAL GOLDEN EAGLE,APRIL FAR EAST MALAYSIA SDN BHD,MALAYSIA,FUZHOU,CHINA (MAINLAND)
2019,470200,ROYAL GOLDEN EAGLE,APRIL,FUTONG,RIAU,506,260515,ROYAL GOLDEN EAGLE,APRIL FAR EAST MALAYSIA SDN BHD,MALAYSIA,JIUJIANG,CHINA (MAINLAND)
2019,470200,ROYAL GOLDEN EAGLE,APRIL,BUATAN,RIAU,505,260203,ROYAL GOLDEN EAGLE,APRIL FAR EAST MALAYSIA SDN BHD,MALAYSIA,LIANYUNGANG,CHINA (MAINLAND)
2019,470200,ROYAL GOLDEN EAGLE,APRIL,BUATAN,RIAU,506,260481,ROYAL GOLDEN EAGLE,APRIL FAR EAST MALAYSIA SDN BHD,MALAYSIA,LIANYUNGANG,CHINA (MAINLAND)
2019,470200,ROYAL GOLDEN EAGLE,APRIL,BUATAN,RIAU,507,260939,ROYAL GOLDEN EAGLE,APRIL FAR EAST MALAYSIA SDN BHD,MALAYSIA,LIANYUNGANG,CHINA (MAINLAND)
2019,470200,ROYAL GOLDEN EAGLE,APRIL,BUATAN,RIAU,506,260657,ROYAL GOLDEN EAGLE,APRIL FAR EAST MALAYSIA SDN BHD,MALAYSIA,JIUJIANG,CHINA (MAINLAND)
2019,470200,ROYAL GOLDEN EAGLE,APRIL,BUATAN,RIAU,506,260706,ROYAL GOLDEN EAGLE,APRIL FAR EAST MALAYSIA SDN BHD,MALAYSIA,JIUJIANG,CHINA (MAINLAND)
2019,470200,ROYAL GOLDEN EAGLE,APRIL,BUATAN,RIAU,506,260600,ROYAL GOLDEN EAGLE,APRIL FAR EAST MALAYSIA SDN BHD,MALAYSIA,JIUJIANG,CHINA (MAINLAND)
2019,470200,ROYAL GOLDEN EAGLE,APRIL,BUATAN,RIAU,505,260275,ROYAL GOLDEN EAGLE,APRIL FAR EAST MALAYSIA SDN BHD,MALAYSIA,JIUJIANG,CHINA (MAINLAND)
2019,470200,ROYAL GOLDEN EAGLE,APRIL,BUATAN,RIAU,506,260376,ROYAL GOLDEN EAGLE,APRIL FAR EAST MALAYSIA SDN BHD,MALAYSIA,JIUJIANG,CHINA (MAINLAND)
2019,470200,ROYAL GOLDEN EAGLE,APRIL,BUATAN,RIAU,506,260406,ROYAL GOLDEN EAGLE,APRIL FAR EAST MALAYSIA SDN BHD,MALAYSIA,LIANYUNGANG,CHINA (MAINLAND)
2019,470200,ROYAL GOLDEN EAGLE,APRIL,BUATAN,RIAU,505,260322,ROYAL GOLDEN EAGLE,APRIL FAR EAST MALAYSIA SDN BHD,MALAYSIA,JIUJIANG,CHINA (MAINLAND)
2019,470200,ROYAL GOLDEN EAGLE,APRIL,BUATAN,RIAU,506,260363,ROYAL GOLDEN EAGLE,APRIL FAR EAST MALAYSIA SDN BHD,MALAYSIA,JIUJIANG,CHINA (MAINLAND)
2019,470200,ROYAL GOLDEN EAGLE,TOBA PULP LESTARI,BELAWAN,SUMATERA UTARA,1003,586482,ROYAL GOLDEN EAGLE,DP MARKETING INTERNATIONAL,MACAO,QINGDAO,CHINA (MAINLAND)
2019,470200,ROYAL GOLDEN EAGLE,APRIL,BUATAN,RIAU,506,260441,ROYAL GOLDEN EAGLE,APRIL FAR EAST MALAYSIA SDN BHD,MALAYSIA,JIUJIANG,CHINA (MAINLAND)
2019,470200,ROYAL GOLDEN EAGLE,APRIL,BUATAN,RIAU,505,260321,ROYAL GOLDEN EAGLE,APRIL FAR EAST MALAYSIA SDN BHD,MALAYSIA,JIUJIANG,CHINA (MAINLAND)
2019,470200,ROYAL GOLDEN EAGLE,APRIL,BUATAN,RIAU,508,261572,ROYAL GOLDEN EAGLE,APRIL FAR EAST MALAYSIA SDN BHD,MALAYSIA,JIUJIANG,CHINA (MAINLAND)
2019,470200,ROYAL GOLDEN EAGLE,APRIL,BUATAN,RIAU,505,260300,ROYAL GOLDEN EAGLE,APRIL FAR EAST MALAYSIA SDN BHD,MALAYSIA,LIANYUNGANG,CHINA (MAINLAND)
2019,470200,ROYAL GOLDEN EAGLE,APRIL,BUATAN,RIAU,506,260685,ROYAL GOLDEN EAGLE,APRIL FAR EAST MALAYSIA SDN BHD,MALAYSIA,JIUJIANG,CHINA (MAINLAND)
2019,470200,ROYAL GOLDEN EAGLE,APRIL,BUATAN,RIAU,505,260193,ROYAL GOLDEN EAGLE,APRIL FAR EAST MALAYSIA SDN BHD,MALAYSIA,LIANYUNGANG,CHINA (MAINLAND)
2019,470200,ROYAL GOLDEN EAGLE,APRIL,FUTONG,RIAU,508,261597,ROYAL GOLDEN EAGLE,APRIL FAR EAST MALAYSIA SDN BHD,MALAYSIA,JIUJIANG,CHINA (MAINLAND)
2019,470200,ROYAL GOLDEN EAGLE,APRIL,BUATAN,RIAU,506,260515,ROYAL GOLDEN EAGLE,APRIL FAR EAST MALAYSIA SDN BHD,MALAYSIA,LIANYUNGANG,CHINA (MAINLAND)
2019,470200,ROYAL GOLDEN EAGLE,APRIL,FUTONG,RIAU,508,261393,ROYAL GOLDEN EAGLE,APRIL FAR EAST MALAYSIA SDN BHD,MALAYSIA,JIUJIANG,CHINA (MAINLAND)
2019,470200,ROYAL GOLDEN EAGLE,APRIL,BUATAN,RIAU,506,260637,ROYAL GOLDEN EAGLE,APRIL FAR EAST MALAYSIA SDN BHD,MALAYSIA,LIANYUNGANG,CHINA (MAINLAND)
2019,470200,ROYAL GOLDEN EAGLE,APRIL,FUTONG,RIAU,507,261310,ROYAL GOLDEN EAGLE,APRIL FAR EAST MALAYSIA SDN BHD,MALAYSIA,FUZHOU,CHINA (MAINLAND)
2019,470200,ROYAL GOLDEN EAGLE,TOBA PULP LESTARI,BELAWAN,SUMATERA UTARA,502,293393,ROYAL GOLDEN EAGLE,DP MARKETING INTERNATIONAL,MACAO,QINGDAO,CHINA (MAINLAND)
2019,470200,ROYAL GOLDEN EAGLE,APRIL,BUATAN,RIAU,506,260385,ROYAL GOLDEN EAGLE,APRIL FAR EAST MALAYSIA SDN BHD,MALAYSIA,LIANYUNGANG,CHINA (MAINLAND)
2019,470200,ROYAL GOLDEN EAGLE,APRIL,FUTONG,RIAU,507,261357,ROYAL GOLDEN EAGLE,APRIL FAR EAST MALAYSIA SDN BHD,MALAYSIA,FUZHOU,CHINA (MAINLAND)
2019,470200,ROYAL GOLDEN EAGLE,TOBA PULP LESTARI,BELAWAN,SUMATERA UTARA,502,293557,ROYAL GOLDEN EAGLE,DP MARKETING INTERNATIONAL,MACAO,QINGDAO,CHINA (MAINLAND)
2019,470200,ROYAL GOLDEN EAGLE,APRIL,BUATAN,RIAU,506,260609,ROYAL GOLDEN EAGLE,APRIL FAR EAST MALAYSIA SDN BHD,MALAYSIA,JIUJIANG,CHINA (MAINLAND)
2019,470200,ROYAL GOLDEN EAGLE,APRIL,BUATAN,RIAU,506,260645,ROYAL GOLDEN EAGLE,APRIL FAR EAST MALAYSIA SDN BHD,MALAYSIA,LIANYUNGANG,CHINA (MAINLAND)
2019,470200,ROYAL GOLDEN EAGLE,TOBA PULP LESTARI,BELAWAN,SUMATERA UTARA,502,293420,ROYAL GOLDEN EAGLE,DP MARKETING INTERNATIONAL,MACAO,QINGDAO,CHINA (MAINLAND)
2019,470200,ROYAL GOLDEN EAGLE,APRIL,FUTONG,RIAU,508,261409,ROYAL GOLDEN EAGLE,APRIL FAR EAST MALAYSIA SDN BHD,MALAYSIA,JIUJIANG,CHINA (MAINLAND)
2019,470200,ROYAL GOLDEN EAGLE,APRIL,BUATAN,RIAU,506,260754,ROYAL GOLDEN EAGLE,APRIL FAR EAST MALAYSIA SDN BHD,MALAYSIA,JIUJIANG,CHINA (MAINLAND)
2019,470200,ROYAL GOLDEN EAGLE,APRIL,BUATAN,RIAU,506,260644,ROYAL GOLDEN EAGLE,APRIL FAR EAST MALAYSIA SDN BHD,MALAYSIA,LIANYUNGANG,CHINA (MAINLAND)
2019,470200,ROYAL GOLDEN EAGLE,APRIL,FUTONG,RIAU,508,261436,ROYAL GOLDEN EAGLE,APRIL FAR EAST MALAYSIA SDN BHD,MALAYSIA,FUZHOU,CHINA (MAINLAND)
2019,470200,ROYAL GOLDEN EAGLE,APRIL,BUATAN,RIAU,506,260548,ROYAL GOLDEN EAGLE,APRIL FAR EAST MALAYSIA SDN BHD,MALAYSIA,LIANYUNGANG,CHINA (MAINLAND)
2019,470200,ROYAL GOLDEN EAGLE,APRIL,FUTONG,RIAU,507,261344,ROYAL GOLDEN EAGLE,APRIL FAR EAST MALAYSIA SDN BHD,MALAYSIA,JIUJIANG,CHINA (MAINLAND)
2019,470200,ROYAL GOLDEN EAGLE,APRIL,BUATAN,RIAU,506,260537,ROYAL GOLDEN EAGLE,APRIL FAR EAST MALAYSIA SDN BHD,MALAYSIA,FUZHOU,CHINA (MAINLAND)
2019,470200,ROYAL GOLDEN EAGLE,APRIL,BUATAN,RIAU,507,261015,ROYAL GOLDEN EAGLE,APRIL FAR EAST MALAYSIA SDN BHD,MALAYSIA,LIANYUNGANG,CHINA (MAINLAND)
2019,470200,ROYAL GOLDEN EAGLE,APRIL,BUATAN,RIAU,506,260525,ROYAL GOLDEN EAGLE,APRIL FAR EAST MALAYSIA SDN BHD,MALAYSIA,FUZHOU,CHINA (MAINLAND)
2019,470200,ROYAL GOLDEN EAGLE,APRIL,FUTONG,RIAU,508,261478,ROYAL GOLDEN EAGLE,APRIL FAR EAST MALAYSIA SDN BHD,MALAYSIA,FUZHOU,CHINA (MAINLAND)
2019,470200,ROYAL GOLDEN EAGLE,APRIL,BUATAN,RIAU,506,260587,ROYAL GOLDEN EAGLE,APRIL FAR EAST MALAYSIA SDN BHD,MALAYSIA,FUZHOU,CHINA (MAINLAND)
2019,470200,ROYAL GOLDEN EAGLE,APRIL,BUATAN,RIAU,506,260568,ROYAL GOLDEN EAGLE,APRIL FAR EAST MALAYSIA SDN BHD,MALAYSIA,FUZHOU,CHINA (MAINLAND)
2019,470200,ROYAL GOLDEN EAGLE,APRIL,BUATAN,RIAU,506,260377,ROYAL GOLDEN EAGLE,APRIL FAR EAST MALAYSIA SDN BHD,MALAYSIA,LIANYUNGANG,CHINA (MAINLAND)
2019,470200,ROYAL GOLDEN EAGLE,APRIL,BUATAN,RIAU,506,260432,ROYAL GOLDEN EAGLE,APRIL FAR EAST MALAYSIA SDN BHD,MALAYSIA,LIANYUNGANG,CHINA (MAINLAND)
2019,470200,ROYAL GOLDEN EAGLE,APRIL,BUATAN,RIAU,508,261548,ROYAL GOLDEN EAGLE,APRIL FAR EAST MALAYSIA SDN BHD,MALAYSIA,FUZHOU,CHINA (MAINLAND)
2019,470200,ROYAL GOLDEN EAGLE,APRIL,BUATAN,RIAU,505,260317,ROYAL GOLDEN EAGLE,APRIL FAR EAST MALAYSIA SDN BHD,MALAYSIA,FUZHOU,CHINA (MAINLAND)
2019,470200,ROYAL GOLDEN EAGLE,APRIL,BUATAN,RIAU,508,261554,ROYAL GOLDEN EAGLE,APRIL FAR EAST MALAYSIA SDN BHD,MALAYSIA,FUZHOU,CHINA (MAINLAND)
2019,470200,ROYAL GOLDEN EAGLE,APRIL,BUATAN,RIAU,385,198442,ROYAL GOLDEN EAGLE,APRIL FAR EAST MALAYSIA SDN BHD,MALAYSIA,JIUJIANG,CHINA (MAINLAND)
2019,470200,ROYAL GOLDEN EAGLE,APRIL,BUATAN,RIAU,505,260262,ROYAL GOLDEN EAGLE,APRIL FAR EAST MALAYSIA SDN BHD,MALAYSIA,LIANYUNGANG,CHINA (MAINLAND)
2019,470200,ROYAL GOLDEN EAGLE,APRIL,BUATAN,RIAU,505,260303,ROYAL GOLDEN EAGLE,APRIL FAR EAST MALAYSIA SDN BHD,MALAYSIA,LIANYUNGANG,CHINA (MAINLAND)
2019,470200,ROYAL GOLDEN EAGLE,APRIL,BUATAN,RIAU,506,260538,ROYAL GOLDEN EAGLE,APRIL FAR EAST MALAYSIA SDN BHD,MALAYSIA,LIANYUNGANG,CHINA (MAINLAND)
2019,470200,ROYAL GOLDEN EAGLE,APRIL,BUATAN,RIAU,506,260408,ROYAL GOLDEN EAGLE,APRIL FAR EAST MALAYSIA SDN BHD,MALAYSIA,JIUJIANG,CHINA (MAINLAND)
2019,470200,ROYAL GOLDEN EAGLE,APRIL,BUATAN,RIAU,506,260704,ROYAL GOLDEN EAGLE,APRIL FAR EAST MALAYSIA SDN BHD,MALAYSIA,FUZHOU,CHINA (MAINLAND)
2019,470200,ROYAL GOLDEN EAGLE,APRIL,BUATAN,RIAU,487,250900,ROYAL GOLDEN EAGLE,APRIL FAR EAST MALAYSIA SDN BHD,MALAYSIA,JIUJIANG,CHINA (MAINLAND)
2019,470200,ROYAL GOLDEN EAGLE,APRIL,BUATAN,RIAU,505,260089,ROYAL GOLDEN EAGLE,APRIL FAR EAST MALAYSIA SDN BHD,MALAYSIA,LIANYUNGANG,CHINA (MAINLAND)
2019,470200,ROYAL GOLDEN EAGLE,APRIL,BUATAN,RIAU,506,260720,ROYAL GOLDEN EAGLE,APRIL FAR EAST MALAYSIA SDN BHD,MALAYSIA,JIUJIANG,CHINA (MAINLAND)
2019,470200,ROYAL GOLDEN EAGLE,APRIL,BUATAN,RIAU,507,261093,ROYAL GOLDEN EAGLE,APRIL FAR EAST MALAYSIA SDN BHD,MALAYSIA,JIUJIANG,CHINA (MAINLAND)
2019,470200,ROYAL GOLDEN EAGLE,APRIL,BUATAN,RIAU,506,260357,ROYAL GOLDEN EAGLE,APRIL FAR EAST MALAYSIA SDN BHD,MALAYSIA,LIANYUNGANG,CHINA (MAINLAND)
2019,470200,ROYAL GOLDEN EAGLE,APRIL,BUATAN,RIAU,507,260874,ROYAL GOLDEN EAGLE,APRIL FAR EAST MALAYSIA SDN BHD,MALAYSIA,LIANYUNGANG,CHINA (MAINLAND)
2019,470200,ROYAL GOLDEN EAGLE,APRIL,BUATAN,RIAU,506,260773,ROYAL GOLDEN EAGLE,APRIL FAR EAST MALAYSIA SDN BHD,MALAYSIA,LIANYUNGANG,CHINA (MAINLAND)
2019,470200,ROYAL GOLDEN EAGLE,APRIL,BUATAN,RIAU,506,260524,ROYAL GOLDEN EAGLE,APRIL FAR EAST MALAYSIA SDN BHD,MALAYSIA,FUZHOU,CHINA (MAINLAND)
2019,470200,ROYAL GOLDEN EAGLE,APRIL,BUATAN,RIAU,506,260494,ROYAL GOLDEN EAGLE,APRIL FAR EAST MALAYSIA SDN BHD,MALAYSIA,LIANYUNGANG,CHINA (MAINLAND)
2019,470200,ROYAL GOLDEN EAGLE,APRIL,FUTONG,RIAU,506,255676,ROYAL GOLDEN EAGLE,APRIL FAR EAST MALAYSIA SDN BHD,MALAYSIA,JIUJIANG,CHINA (MAINLAND)
2019,470200,ROYAL GOLDEN EAGLE,APRIL,FUTONG,RIAU,506,255719,ROYAL GOLDEN EAGLE,APRIL FAR EAST MALAYSIA SDN BHD,MALAYSIA,LIANYUNGANG,CHINA (MAINLAND)
2019,470200,ROYAL GOLDEN EAGLE,APRIL,BUATAN,RIAU,121,62539,ROYAL GOLDEN EAGLE,APRIL FAR EAST MALAYSIA SDN BHD,MALAYSIA,JIUJIANG,CHINA (MAINLAND)
2019,470200,ROYAL GOLDEN EAGLE,APRIL,FUTONG,RIAU,506,255602,ROYAL GOLDEN EAGLE,APRIL FAR EAST MALAYSIA SDN BHD,MALAYSIA,JIUJIANG,CHINA (MAINLAND)
2019,470200,ROYAL GOLDEN EAGLE,APRIL,FUTONG,RIAU,506,255744,ROYAL GOLDEN EAGLE,APRIL FAR EAST MALAYSIA SDN BHD,MALAYSIA,JIUJIANG,CHINA (MAINLAND)
2019,470200,ROYAL GOLDEN EAGLE,APRIL,FUTONG,RIAU,506,255308,ROYAL GOLDEN EAGLE,APRIL FAR EAST MALAYSIA SDN BHD,MALAYSIA,JIUJIANG,CHINA (MAINLAND)
2019,470200,ROYAL GOLDEN EAGLE,APRIL,BUATAN,RIAU,20,10434,ROYAL GOLDEN EAGLE,APRIL FAR EAST MALAYSIA SDN BHD,MALAYSIA,JIUJIANG,CHINA (MAINLAND)
2019,470200,ROYAL GOLDEN EAGLE,APRIL,FUTONG,RIAU,506,255707,ROYAL GOLDEN EAGLE,APRIL FAR EAST MALAYSIA SDN BHD,MALAYSIA,JIUJIANG,CHINA (MAINLAND)
2019,470200,ROYAL GOLDEN EAGLE,APRIL,FUTONG,RIAU,506,255697,ROYAL GOLDEN EAGLE,APRIL FAR EAST MALAYSIA SDN BHD,MALAYSIA,LIANYUNGANG,CHINA (MAINLAND)
2019,470200,ROYAL GOLDEN EAGLE,APRIL,BUATAN,RIAU,506,260668,ROYAL GOLDEN EAGLE,APRIL FAR EAST MALAYSIA SDN BHD,MALAYSIA,FUZHOU,CHINA (MAINLAND)
2019,470200,ROYAL GOLDEN EAGLE,APRIL,BUATAN,RIAU,506,260607,ROYAL GOLDEN EAGLE,APRIL FAR EAST MALAYSIA SDN BHD,MALAYSIA,FUZHOU,CHINA (MAINLAND)
2019,470200,ROYAL GOLDEN EAGLE,APRIL,BUATAN,RIAU,506,260630,ROYAL GOLDEN EAGLE,APRIL FAR EAST MALAYSIA SDN BHD,MALAYSIA,LIANYUNGANG,CHINA (MAINLAND)
2019,470200,ROYAL GOLDEN EAGLE,APRIL,BUATAN,RIAU,506,260392,ROYAL GOLDEN EAGLE,APRIL FAR EAST MALAYSIA SDN BHD,MALAYSIA,FUZHOU,CHINA (MAINLAND)
2019,470200,ROYAL GOLDEN EAGLE,APRIL,FUTONG,RIAU,506,255563,ROYAL GOLDEN EAGLE,APRIL FAR EAST MALAYSIA SDN BHD,MALAYSIA,JIUJIANG,CHINA (MAINLAND)
2019,470200,ROYAL GOLDEN EAGLE,APRIL,BUATAN,RIAU,506,255435,ROYAL GOLDEN EAGLE,APRIL FAR EAST MALAYSIA SDN BHD,MALAYSIA,JIUJIANG,CHINA (MAINLAND)
2019,470200,ROYAL GOLDEN EAGLE,APRIL,BUATAN,RIAU,506,255466,ROYAL GOLDEN EAGLE,APRIL FAR EAST MALAYSIA SDN BHD,MALAYSIA,LIANYUNGANG,CHINA (MAINLAND)
2019,470200,ROYAL GOLDEN EAGLE,APRIL,BUATAN,RIAU,506,260556,ROYAL GOLDEN EAGLE,APRIL FAR EAST MALAYSIA SDN BHD,MALAYSIA,JIUJIANG,CHINA (MAINLAND)
2019,470200,ROYAL GOLDEN EAGLE,APRIL,BUATAN,RIAU,506,260458,ROYAL GOLDEN EAGLE,APRIL FAR EAST MALAYSIA SDN BHD,MALAYSIA,LIANYUNGANG,CHINA (MAINLAND)
2019,470200,ROYAL GOLDEN EAGLE,APRIL,BUATAN,RIAU,506,255725,ROYAL GOLDEN EAGLE,APRIL FAR EAST MALAYSIA SDN BHD,MALAYSIA,LIANYUNGANG,CHINA (MAINLAND)
2019,470200,ROYAL GOLDEN EAGLE,APRIL,BUATAN,RIAU,507,256028,ROYAL GOLDEN EAGLE,APRIL FAR EAST MALAYSIA SDN BHD,MALAYSIA,JIUJIANG,CHINA (MAINLAND)
2019,470200,ROYAL GOLDEN EAGLE,APRIL,BUATAN,RIAU,505,254983,ROYAL GOLDEN EAGLE,APRIL FAR EAST MALAYSIA SDN BHD,MALAYSIA,JIUJIANG,CHINA (MAINLAND)
2019,470200,ROYAL GOLDEN EAGLE,APRIL,BUATAN,RIAU,506,260497,ROYAL GOLDEN EAGLE,APRIL FAR EAST MALAYSIA SDN BHD,MALAYSIA,FUZHOU,CHINA (MAINLAND)
2019,470200,ROYAL GOLDEN EAGLE,APRIL,BUATAN,RIAU,505,255181,ROYAL GOLDEN EAGLE,APRIL FAR EAST MALAYSIA SDN BHD,MALAYSIA,JIUJIANG,CHINA (MAINLAND)
2019,470200,ROYAL GOLDEN EAGLE,APRIL,BUATAN,RIAU,203,102330,ROYAL GOLDEN EAGLE,APRIL FAR EAST MALAYSIA SDN BHD,MALAYSIA,FUZHOU,CHINA (MAINLAND)
2019,470200,ROYAL GOLDEN EAGLE,TOBA PULP LESTARI,BELAWAN,SUMATERA UTARA,39,21516,ROYAL GOLDEN EAGLE,DP MARKETING INTERNATIONAL,MACAO,JAWAHARLAL NEHRU (NHAVA S,INDIA
2019,470200,ROYAL GOLDEN EAGLE,APRIL,BUATAN,RIAU,505,254948,ROYAL GOLDEN EAGLE,APRIL FAR EAST MALAYSIA SDN BHD,MALAYSIA,JIUJIANG,CHINA (MAINLAND)
2019,470200,ROYAL GOLDEN EAGLE,APRIL,BUATAN,RIAU,507,255784,ROYAL GOLDEN EAGLE,APRIL FAR EAST MALAYSIA SDN BHD,MALAYSIA,JIUJIANG,CHINA (MAINLAND)
2019,470200,ROYAL GOLDEN EAGLE,APRIL,BUATAN,RIAU,507,260860,ROYAL GOLDEN EAGLE,APRIL FAR EAST MALAYSIA SDN BHD,MALAYSIA,FUZHOU,CHINA (MAINLAND)
2019,470200,ROYAL GOLDEN EAGLE,APRIL,BUATAN,RIAU,506,255763,ROYAL GOLDEN EAGLE,APRIL FAR EAST MALAYSIA SDN BHD,MALAYSIA,LIANYUNGANG,CHINA (MAINLAND)
2019,470200,ROYAL GOLDEN EAGLE,APRIL,BUATAN,RIAU,506,260480,ROYAL GOLDEN EAGLE,APRIL FAR EAST MALAYSIA SDN BHD,MALAYSIA,JIUJIANG,CHINA (MAINLAND)
2019,470200,ROYAL GOLDEN EAGLE,TOBA PULP LESTARI,BELAWAN,SUMATERA UTARA,501,292839,ROYAL GOLDEN EAGLE,DP MARKETING INTERNATIONAL,MACAO,QINGDAO,CHINA (MAINLAND)
2019,470200,ROYAL GOLDEN EAGLE,APRIL,FUTONG,RIAU,506,255715,ROYAL GOLDEN EAGLE,APRIL FAR EAST MALAYSIA SDN BHD,MALAYSIA,FUZHOU,CHINA (MAINLAND)
2019,470200,ROYAL GOLDEN EAGLE,APRIL,BUATAN,RIAU,506,260526,ROYAL GOLDEN EAGLE,APRIL FAR EAST MALAYSIA SDN BHD,MALAYSIA,JIUJIANG,CHINA (MAINLAND)
2019,470200,ROYAL GOLDEN EAGLE,APRIL,FUTONG,RIAU,446,225020,ROYAL GOLDEN EAGLE,APRIL FAR EAST MALAYSIA SDN BHD,MALAYSIA,JIUJIANG,CHINA (MAINLAND)
2019,470200,ROYAL GOLDEN EAGLE,APRIL,FUTONG,RIAU,507,256001,ROYAL GOLDEN EAGLE,APRIL FAR EAST MALAYSIA SDN BHD,MALAYSIA,JIUJIANG,CHINA (MAINLAND)
2019,470200,ROYAL GOLDEN EAGLE,APRIL,FUTONG,RIAU,507,255821,ROYAL GOLDEN EAGLE,APRIL FAR EAST MALAYSIA SDN BHD,MALAYSIA,JIUJIANG,CHINA (MAINLAND)
2019,470200,ROYAL GOLDEN EAGLE,APRIL,FUTONG,RIAU,507,255832,ROYAL GOLDEN EAGLE,APRIL FAR EAST MALAYSIA SDN BHD,MALAYSIA,FUZHOU,CHINA (MAINLAND)
2019,470200,ROYAL GOLDEN EAGLE,APRIL,FUTONG,RIAU,506,255505,ROYAL GOLDEN EAGLE,APRIL FAR EAST MALAYSIA SDN BHD,MALAYSIA,JIUJIANG,CHINA (MAINLAND)
2019,470200,ROYAL GOLDEN EAGLE,APRIL,BUATAN,RIAU,506,255467,ROYAL GOLDEN EAGLE,APRIL FAR EAST MALAYSIA SDN BHD,MALAYSIA,LIANYUNGANG,CHINA (MAINLAND)
2019,470200,ROYAL GOLDEN EAGLE,APRIL,FUTONG,RIAU,506,255759,ROYAL GOLDEN EAGLE,APRIL FAR EAST MALAYSIA SDN BHD,MALAYSIA,JIUJIANG,CHINA (MAINLAND)
2019,470200,ROYAL GOLDEN EAGLE,APRIL,FUTONG,RIAU,507,255860,ROYAL GOLDEN EAGLE,APRIL FAR EAST MALAYSIA SDN BHD,MALAYSIA,JIUJIANG,CHINA (MAINLAND)
2019,470200,ROYAL GOLDEN EAGLE,APRIL,BUATAN,RIAU,507,256020,ROYAL GOLDEN EAGLE,APRIL FAR EAST MALAYSIA SDN BHD,MALAYSIA,LIANYUNGANG,CHINA (MAINLAND)
2019,470200,ROYAL GOLDEN EAGLE,APRIL,FUTONG,RIAU,61,30676,ROYAL GOLDEN EAGLE,APRIL FAR EAST MALAYSIA SDN BHD,MALAYSIA,JIUJIANG,CHINA (MAINLAND)
2019,470200,ROYAL GOLDEN EAGLE,APRIL,BUATAN,RIAU,506,255698,ROYAL GOLDEN EAGLE,APRIL FAR EAST MALAYSIA SDN BHD,MALAYSIA,LIANYUNGANG,CHINA (MAINLAND)
2019,470200,ROYAL GOLDEN EAGLE,APRIL,BUATAN,RIAU,505,255250,ROYAL GOLDEN EAGLE,APRIL FAR EAST MALAYSIA SDN BHD,MALAYSIA,JIUJIANG,CHINA (MAINLAND)
2019,470200,ROYAL GOLDEN EAGLE,APRIL,BUATAN,RIAU,303,153105,ROYAL GOLDEN EAGLE,APRIL FAR EAST MALAYSIA SDN BHD,MALAYSIA,FUZHOU,CHINA (MAINLAND)
2019,470200,ROYAL GOLDEN EAGLE,APRIL,BUATAN,RIAU,506,255383,ROYAL GOLDEN EAGLE,APRIL FAR EAST MALAYSIA SDN BHD,MALAYSIA,FUZHOU,CHINA (MAINLAND)
2019,470200,ROYAL GOLDEN EAGLE,APRIL,BUATAN,RIAU,506,255648,ROYAL GOLDEN EAGLE,APRIL FAR EAST MALAYSIA SDN BHD,MALAYSIA,JIUJIANG,CHINA (MAINLAND)
2019,470200,ROYAL GOLDEN EAGLE,APRIL,BUATAN,RIAU,506,260409,ROYAL GOLDEN EAGLE,APRIL FAR EAST MALAYSIA SDN BHD,MALAYSIA,JIUJIANG,CHINA (MAINLAND)
2019,470200,ROYAL GOLDEN EAGLE,APRIL,BUATAN,RIAU,505,255233,ROYAL GOLDEN EAGLE,APRIL FAR EAST MALAYSIA SDN BHD,MALAYSIA,LIANYUNGANG,CHINA (MAINLAND)
2019,470200,ROYAL GOLDEN EAGLE,APRIL,BUATAN,RIAU,505,255233,ROYAL GOLDEN EAGLE,APRIL FAR EAST MALAYSIA SDN BHD,MALAYSIA,JIUJIANG,CHINA (MAINLAND)
2019,470200,ROYAL GOLDEN EAGLE,APRIL,BUATAN,RIAU,506,255313,ROYAL GOLDEN EAGLE,APRIL FAR EAST MALAYSIA SDN BHD,MALAYSIA,FUZHOU,CHINA (MAINLAND)
2019,470200,ROYAL GOLDEN EAGLE,APRIL,BUATAN,RIAU,506,255434,ROYAL GOLDEN EAGLE,APRIL FAR EAST MALAYSIA SDN BHD,MALAYSIA,LIANYUNGANG,CHINA (MAINLAND)
2019,470200,ROYAL GOLDEN EAGLE,APRIL,BUATAN,RIAU,506,255307,ROYAL GOLDEN EAGLE,APRIL FAR EAST MALAYSIA SDN BHD,MALAYSIA,JIUJIANG,CHINA (MAINLAND)
2019,470200,ROYAL GOLDEN EAGLE,APRIL,BUATAN,RIAU,506,255305,ROYAL GOLDEN EAGLE,APRIL FAR EAST MALAYSIA SDN BHD,MALAYSIA,JIUJIANG,CHINA (MAINLAND)
2019,470200,ROYAL GOLDEN EAGLE,APRIL,FUTONG,RIAU,506,255639,ROYAL GOLDEN EAGLE,APRIL FAR EAST MALAYSIA SDN BHD,MALAYSIA,LIANYUNGANG,CHINA (MAINLAND)
2019,470200,ROYAL GOLDEN EAGLE,APRIL,BUATAN,RIAU,506,255329,ROYAL GOLDEN EAGLE,APRIL FAR EAST MALAYSIA SDN BHD,MALAYSIA,FUZHOU,CHINA (MAINLAND)
2019,470200,ROYAL GOLDEN EAGLE,APRIL,BUATAN,RIAU,506,255324,ROYAL GOLDEN EAGLE,APRIL FAR EAST MALAYSIA SDN BHD,MALAYSIA,JIUJIANG,CHINA (MAINLAND)
2019,470200,ROYAL GOLDEN EAGLE,APRIL,BUATAN,RIAU,506,255329,ROYAL GOLDEN EAGLE,APRIL FAR EAST MALAYSIA SDN BHD,MALAYSIA,JIUJIANG,CHINA (MAINLAND)
2019,470200,ROYAL GOLDEN EAGLE,APRIL,FUTONG,RIAU,506,255339,ROYAL GOLDEN EAGLE,APRIL FAR EAST MALAYSIA SDN BHD,MALAYSIA,LIANYUNGANG,CHINA (MAINLAND)
2019,470200,ROYAL GOLDEN EAGLE,APRIL,FUTONG,RIAU,505,255272,ROYAL GOLDEN EAGLE,APRIL FAR EAST MALAYSIA SDN BHD,MALAYSIA,JIUJIANG,CHINA (MAINLAND)
2019,470200,ROYAL GOLDEN EAGLE,APRIL,FUTONG,RIAU,506,255658,ROYAL GOLDEN EAGLE,APRIL FAR EAST MALAYSIA SDN BHD,MALAYSIA,FUZHOU,CHINA (MAINLAND)
2019,470200,ROYAL GOLDEN EAGLE,APRIL,BUATAN,RIAU,506,255391,ROYAL GOLDEN EAGLE,APRIL FAR EAST MALAYSIA SDN BHD,MALAYSIA,FUZHOU,CHINA (MAINLAND)
2019,470200,ROYAL GOLDEN EAGLE,APRIL,FUTONG,RIAU,506,255398,ROYAL GOLDEN EAGLE,APRIL FAR EAST MALAYSIA SDN BHD,MALAYSIA,JIUJIANG,CHINA (MAINLAND)
2019,470200,ROYAL GOLDEN EAGLE,APRIL,FUTONG,RIAU,506,255417,ROYAL GOLDEN EAGLE,APRIL FAR EAST MALAYSIA SDN BHD,MALAYSIA,FUZHOU,CHINA (MAINLAND)
2019,470200,ROYAL GOLDEN EAGLE,APRIL,BUATAN,RIAU,506,255355,ROYAL GOLDEN EAGLE,APRIL FAR EAST MALAYSIA SDN BHD,MALAYSIA,FUZHOU,CHINA (MAINLAND)
2019,470200,ROYAL GOLDEN EAGLE,APRIL,BUATAN,RIAU,505,255264,ROYAL GOLDEN EAGLE,APRIL FAR EAST MALAYSIA SDN BHD,MALAYSIA,LIANYUNGANG,CHINA (MAINLAND)
2019,470200,ROYAL GOLDEN EAGLE,APRIL,BUATAN,RIAU,506,255297,ROYAL GOLDEN EAGLE,APRIL FAR EAST MALAYSIA SDN BHD,MALAYSIA,LIANYUNGANG,CHINA (MAINLAND)
2019,470200,ROYAL GOLDEN EAGLE,APRIL,FUTONG,RIAU,505,255005,ROYAL GOLDEN EAGLE,APRIL FAR EAST MALAYSIA SDN BHD,MALAYSIA,JIUJIANG,CHINA (MAINLAND)
2019,470200,ROYAL GOLDEN EAGLE,APRIL,BUATAN,RIAU,506,255347,ROYAL GOLDEN EAGLE,APRIL FAR EAST MALAYSIA SDN BHD,MALAYSIA,FUZHOU,CHINA (MAINLAND)
2019,470200,ROYAL GOLDEN EAGLE,APRIL,BUATAN,RIAU,506,255547,ROYAL GOLDEN EAGLE,APRIL FAR EAST MALAYSIA SDN BHD,MALAYSIA,JIUJIANG,CHINA (MAINLAND)
2019,470200,ROYAL GOLDEN EAGLE,APRIL,BUATAN,RIAU,505,255077,ROYAL GOLDEN EAGLE,APRIL FAR EAST MALAYSIA SDN BHD,MALAYSIA,LIANYUNGANG,CHINA (MAINLAND)
2019,470200,ROYAL GOLDEN EAGLE,APRIL,BUATAN,RIAU,505,255069,ROYAL GOLDEN EAGLE,APRIL FAR EAST MALAYSIA SDN BHD,MALAYSIA,LIANYUNGANG,CHINA (MAINLAND)
2019,470200,ROYAL GOLDEN EAGLE,APRIL,BUATAN,RIAU,505,255152,ROYAL GOLDEN EAGLE,APRIL FAR EAST MALAYSIA SDN BHD,MALAYSIA,JIUJIANG,CHINA (MAINLAND)
2019,470200,ROYAL GOLDEN EAGLE,APRIL,BUATAN,RIAU,505,255271,ROYAL GOLDEN EAGLE,APRIL FAR EAST MALAYSIA SDN BHD,MALAYSIA,JIUJIANG,CHINA (MAINLAND)
2019,470200,ROYAL GOLDEN EAGLE,APRIL,BUATAN,RIAU,505,255256,ROYAL GOLDEN EAGLE,APRIL FAR EAST MALAYSIA SDN BHD,MALAYSIA,FUZHOU,CHINA (MAINLAND)
2019,470200,ROYAL GOLDEN EAGLE,APRIL,FUTONG,RIAU,505,255239,ROYAL GOLDEN EAGLE,APRIL FAR EAST MALAYSIA SDN BHD,MALAYSIA,JIUJIANG,CHINA (MAINLAND)
2019,470200,ROYAL GOLDEN EAGLE,APRIL,BUATAN,RIAU,505,260307,ROYAL GOLDEN EAGLE,APRIL FAR EAST MALAYSIA SDN BHD,MALAYSIA,JIUJIANG,CHINA (MAINLAND)
2019,470200,ROYAL GOLDEN EAGLE,APRIL,BUATAN,RIAU,465,235019,ROYAL GOLDEN EAGLE,APRIL FAR EAST MALAYSIA SDN BHD,MALAYSIA,LIANYUNGANG,CHINA (MAINLAND)
2019,470200,ROYAL GOLDEN EAGLE,APRIL,BUATAN,RIAU,486,245464,ROYAL GOLDEN EAGLE,APRIL FAR EAST MALAYSIA SDN BHD,MALAYSIA,FUZHOU,CHINA (MAINLAND)
2019,470200,ROYAL GOLDEN EAGLE,APRIL,BUATAN,RIAU,506,260364,ROYAL GOLDEN EAGLE,APRIL FAR EAST MALAYSIA SDN BHD,MALAYSIA,JIUJIANG,CHINA (MAINLAND)
2019,470200,ROYAL GOLDEN EAGLE,APRIL,BUATAN,RIAU,506,255308,ROYAL GOLDEN EAGLE,APRIL FAR EAST MALAYSIA SDN BHD,MALAYSIA,FUZHOU,CHINA (MAINLAND)
2019,470200,ROYAL GOLDEN EAGLE,APRIL,BUATAN,RIAU,506,255421,ROYAL GOLDEN EAGLE,APRIL FAR EAST MALAYSIA SDN BHD,MALAYSIA,JIUJIANG,CHINA (MAINLAND)
2019,470200,ROYAL GOLDEN EAGLE,APRIL,BUATAN,RIAU,506,255420,ROYAL GOLDEN EAGLE,APRIL FAR EAST MALAYSIA SDN BHD,MALAYSIA,LIANYUNGANG,CHINA (MAINLAND)
2019,470200,ROYAL GOLDEN EAGLE,APRIL,BUATAN,RIAU,20,10198,ROYAL GOLDEN EAGLE,APRIL FAR EAST MALAYSIA SDN BHD,MALAYSIA,FUZHOU,CHINA (MAINLAND)
2019,470200,ROYAL GOLDEN EAGLE,APRIL,BUATAN,RIAU,506,255316,ROYAL GOLDEN EAGLE,APRIL FAR EAST MALAYSIA SDN BHD,MALAYSIA,FUZHOU,CHINA (MAINLAND)
2019,470200,ROYAL GOLDEN EAGLE,APRIL,BUATAN,RIAU,506,260460,ROYAL GOLDEN EAGLE,APRIL FAR EAST MALAYSIA SDN BHD,MALAYSIA,JIUJIANG,CHINA (MAINLAND)
2019,470200,ROYAL GOLDEN EAGLE,APRIL,FUTONG,RIAU,506,255299,ROYAL GOLDEN EAGLE,APRIL FAR EAST MALAYSIA SDN BHD,MALAYSIA,JIUJIANG,CHINA (MAINLAND)
2019,470200,ROYAL GOLDEN EAGLE,APRIL,FUTONG,RIAU,506,255584,ROYAL GOLDEN EAGLE,APRIL FAR EAST MALAYSIA SDN BHD,MALAYSIA,FUZHOU,CHINA (MAINLAND)
2019,470200,ROYAL GOLDEN EAGLE,APRIL,FUTONG,RIAU,506,255414,ROYAL GOLDEN EAGLE,APRIL FAR EAST MALAYSIA SDN BHD,MALAYSIA,LIANYUNGANG,CHINA (MAINLAND)
2019,470200,ROYAL GOLDEN EAGLE,APRIL,FUTONG,RIAU,506,255375,ROYAL GOLDEN EAGLE,APRIL FAR EAST MALAYSIA SDN BHD,MALAYSIA,JIUJIANG,CHINA (MAINLAND)
2019,470200,ROYAL GOLDEN EAGLE,APRIL,FUTONG,RIAU,506,255506,ROYAL GOLDEN EAGLE,APRIL FAR EAST MALAYSIA SDN BHD,MALAYSIA,LIANYUNGANG,CHINA (MAINLAND)
2019,470200,ROYAL GOLDEN EAGLE,APRIL,FUTONG,RIAU,506,255482,ROYAL GOLDEN EAGLE,APRIL FAR EAST MALAYSIA SDN BHD,MALAYSIA,LIANYUNGANG,CHINA (MAINLAND)
2019,470200,ROYAL GOLDEN EAGLE,APRIL,FUTONG,RIAU,506,255406,ROYAL GOLDEN EAGLE,APRIL FAR EAST MALAYSIA SDN BHD,MALAYSIA,LIANYUNGANG,CHINA (MAINLAND)
2019,470200,ROYAL GOLDEN EAGLE,APRIL,BUATAN,RIAU,505,255176,ROYAL GOLDEN EAGLE,APRIL FAR EAST MALAYSIA SDN BHD,MALAYSIA,FUZHOU,CHINA (MAINLAND)
2019,470200,ROYAL GOLDEN EAGLE,APRIL,FUTONG,RIAU,506,255503,ROYAL GOLDEN EAGLE,APRIL FAR EAST MALAYSIA SDN BHD,MALAYSIA,JIUJIANG,CHINA (MAINLAND)
2019,470200,ROYAL GOLDEN EAGLE,APRIL,BUATAN,RIAU,506,255411,ROYAL GOLDEN EAGLE,APRIL FAR EAST MALAYSIA SDN BHD,MALAYSIA,FUZHOU,CHINA (MAINLAND)
2019,470200,ROYAL GOLDEN EAGLE,APRIL,BUATAN,RIAU,505,255202,ROYAL GOLDEN EAGLE,APRIL FAR EAST MALAYSIA SDN BHD,MALAYSIA,JIUJIANG,CHINA (MAINLAND)
2019,470200,ROYAL GOLDEN EAGLE,APRIL,BUATAN,RIAU,506,255311,ROYAL GOLDEN EAGLE,APRIL FAR EAST MALAYSIA SDN BHD,MALAYSIA,FUZHOU,CHINA (MAINLAND)
2019,470200,ROYAL GOLDEN EAGLE,APRIL,BUATAN,RIAU,506,255504,ROYAL GOLDEN EAGLE,APRIL FAR EAST MALAYSIA SDN BHD,MALAYSIA,JIUJIANG,CHINA (MAINLAND)
2019,470200,ROYAL GOLDEN EAGLE,APRIL,BUATAN,RIAU,506,255722,ROYAL GOLDEN EAGLE,APRIL FAR EAST MALAYSIA SDN BHD,MALAYSIA,JIUJIANG,CHINA (MAINLAND)
2019,470200,ROYAL GOLDEN EAGLE,TOBA PULP LESTARI,BELAWAN,SUMATERA UTARA,1004,557318,ROYAL GOLDEN EAGLE,DP MARKETING INTERNATIONAL,MACAO,QINGDAO,CHINA (MAINLAND)
2019,470200,ROYAL GOLDEN EAGLE,APRIL,BUATAN,RIAU,506,255619,ROYAL GOLDEN EAGLE,APRIL FAR EAST MALAYSIA SDN BHD,MALAYSIA,JIUJIANG,CHINA (MAINLAND)
2019,470200,ROYAL GOLDEN EAGLE,TOBA PULP LESTARI,BELAWAN,SUMATERA UTARA,500,277635,ROYAL GOLDEN EAGLE,DP MARKETING INTERNATIONAL,MACAO,QINGDAO,CHINA (MAINLAND)
2019,470200,ROYAL GOLDEN EAGLE,TOBA PULP LESTARI,BELAWAN,SUMATERA UTARA,1001,555677,ROYAL GOLDEN EAGLE,DP MARKETING INTERNATIONAL,MACAO,QINGDAO,CHINA (MAINLAND)
2019,470200,ROYAL GOLDEN EAGLE,APRIL,FUTONG,RIAU,506,255770,ROYAL GOLDEN EAGLE,APRIL FAR EAST MALAYSIA SDN BHD,MALAYSIA,FUZHOU,CHINA (MAINLAND)
2019,470200,ROYAL GOLDEN EAGLE,APRIL,FUTONG,RIAU,506,255714,ROYAL GOLDEN EAGLE,APRIL FAR EAST MALAYSIA SDN BHD,MALAYSIA,JIUJIANG,CHINA (MAINLAND)
2019,470200,ROYAL GOLDEN EAGLE,APRIL,FUTONG,RIAU,506,255548,ROYAL GOLDEN EAGLE,APRIL FAR EAST MALAYSIA SDN BHD,MALAYSIA,FUZHOU,CHINA (MAINLAND)
2019,470200,ROYAL GOLDEN EAGLE,APRIL,FUTONG,RIAU,506,255722,ROYAL GOLDEN EAGLE,APRIL FAR EAST MALAYSIA SDN BHD,MALAYSIA,JIUJIANG,CHINA (MAINLAND)
2019,470200,ROYAL GOLDEN EAGLE,APRIL,FUTONG,RIAU,507,255870,ROYAL GOLDEN EAGLE,APRIL FAR EAST MALAYSIA SDN BHD,MALAYSIA,FUZHOU,CHINA (MAINLAND)
2019,470200,ROYAL GOLDEN EAGLE,APRIL,FUTONG,RIAU,507,255826,ROYAL GOLDEN EAGLE,APRIL FAR EAST MALAYSIA SDN BHD,MALAYSIA,JIUJIANG,CHINA (MAINLAND)
2019,470200,ROYAL GOLDEN EAGLE,APRIL,FUTONG,RIAU,506,255645,ROYAL GOLDEN EAGLE,APRIL FAR EAST MALAYSIA SDN BHD,MALAYSIA,LIANYUNGANG,CHINA (MAINLAND)
2019,470200,ROYAL GOLDEN EAGLE,APRIL,FUTONG,RIAU,506,255705,ROYAL GOLDEN EAGLE,APRIL FAR EAST MALAYSIA SDN BHD,MALAYSIA,LIANYUNGANG,CHINA (MAINLAND)
2019,470200,ROYAL GOLDEN EAGLE,APRIL,BUATAN,RIAU,506,255526,ROYAL GOLDEN EAGLE,APRIL FAR EAST MALAYSIA SDN BHD,MALAYSIA,JIUJIANG,CHINA (MAINLAND)
2019,470200,ROYAL GOLDEN EAGLE,APRIL,FUTONG,RIAU,506,255466,ROYAL GOLDEN EAGLE,APRIL FAR EAST MALAYSIA SDN BHD,MALAYSIA,FUZHOU,CHINA (MAINLAND)
2019,470200,ROYAL GOLDEN EAGLE,APRIL,BUATAN,RIAU,506,255630,ROYAL GOLDEN EAGLE,APRIL FAR EAST MALAYSIA SDN BHD,MALAYSIA,FUZHOU,CHINA (MAINLAND)
2019,470200,ROYAL GOLDEN EAGLE,APRIL,BUATAN,RIAU,506,255551,ROYAL GOLDEN EAGLE,APRIL FAR EAST MALAYSIA SDN BHD,MALAYSIA,JIUJIANG,CHINA (MAINLAND)
2019,470200,ROYAL GOLDEN EAGLE,APRIL,FUTONG,RIAU,506,255601,ROYAL GOLDEN EAGLE,APRIL FAR EAST MALAYSIA SDN BHD,MALAYSIA,JIUJIANG,CHINA (MAINLAND)
2019,470200,ROYAL GOLDEN EAGLE,APRIL,FUTONG,RIAU,507,255799,ROYAL GOLDEN EAGLE,APRIL FAR EAST MALAYSIA SDN BHD,MALAYSIA,JIUJIANG,CHINA (MAINLAND)
2019,470200,ROYAL GOLDEN EAGLE,APRIL,FUTONG,RIAU,506,255469,ROYAL GOLDEN EAGLE,APRIL FAR EAST MALAYSIA SDN BHD,MALAYSIA,JIUJIANG,CHINA (MAINLAND)
2019,470200,ROYAL GOLDEN EAGLE,APRIL,BUATAN,RIAU,40,20423,ROYAL GOLDEN EAGLE,APRIL FAR EAST MALAYSIA SDN BHD,MALAYSIA,LIANYUNGANG,CHINA (MAINLAND)
2019,470200,ROYAL GOLDEN EAGLE,APRIL,BUATAN,RIAU,507,255830,ROYAL GOLDEN EAGLE,APRIL FAR EAST MALAYSIA SDN BHD,MALAYSIA,FUZHOU,CHINA (MAINLAND)
2019,470200,ROYAL GOLDEN EAGLE,APRIL,FUTONG,RIAU,507,255887,ROYAL GOLDEN EAGLE,APRIL FAR EAST MALAYSIA SDN BHD,MALAYSIA,JIUJIANG,CHINA (MAINLAND)
2019,470200,ROYAL GOLDEN EAGLE,APRIL,BUATAN,RIAU,506,255648,ROYAL GOLDEN EAGLE,APRIL FAR EAST MALAYSIA SDN BHD,MALAYSIA,JIUJIANG,CHINA (MAINLAND)
2019,470200,ROYAL GOLDEN EAGLE,APRIL,BUATAN,RIAU,506,255621,ROYAL GOLDEN EAGLE,APRIL FAR EAST MALAYSIA SDN BHD,MALAYSIA,FUZHOU,CHINA (MAINLAND)
2019,470200,ROYAL GOLDEN EAGLE,APRIL,BUATAN,RIAU,506,255557,ROYAL GOLDEN EAGLE,APRIL FAR EAST MALAYSIA SDN BHD,MALAYSIA,JIUJIANG,CHINA (MAINLAND)
2019,470200,ROYAL GOLDEN EAGLE,APRIL,BUATAN,RIAU,506,255540,ROYAL GOLDEN EAGLE,APRIL FAR EAST MALAYSIA SDN BHD,MALAYSIA,FUZHOU,CHINA (MAINLAND)
2019,470200,ROYAL GOLDEN EAGLE,APRIL,FUTONG,RIAU,507,255826,ROYAL GOLDEN EAGLE,APRIL FAR EAST MALAYSIA SDN BHD,MALAYSIA,JIUJIANG,CHINA (MAINLAND)
2019,470200,ROYAL GOLDEN EAGLE,APRIL,FUTONG,RIAU,506,255716,ROYAL GOLDEN EAGLE,APRIL FAR EAST MALAYSIA SDN BHD,MALAYSIA,FUZHOU,CHINA (MAINLAND)
2019,470200,ROYAL GOLDEN EAGLE,APRIL,BUATAN,RIAU,506,255317,ROYAL GOLDEN EAGLE,APRIL FAR EAST MALAYSIA SDN BHD,MALAYSIA,FUZHOU,CHINA (MAINLAND)
2019,470200,ROYAL GOLDEN EAGLE,APRIL,BUATAN,RIAU,506,255733,ROYAL GOLDEN EAGLE,APRIL FAR EAST MALAYSIA SDN BHD,MALAYSIA,JIUJIANG,CHINA (MAINLAND)
2019,470200,ROYAL GOLDEN EAGLE,APRIL,BUATAN,RIAU,506,255761,ROYAL GOLDEN EAGLE,APRIL FAR EAST MALAYSIA SDN BHD,MALAYSIA,JIUJIANG,CHINA (MAINLAND)
2019,470200,ROYAL GOLDEN EAGLE,APRIL,BUATAN,RIAU,506,255524,ROYAL GOLDEN EAGLE,APRIL FAR EAST MALAYSIA SDN BHD,MALAYSIA,JIUJIANG,CHINA (MAINLAND)
2019,470200,ROYAL GOLDEN EAGLE,APRIL,FUTONG,RIAU,507,255901,ROYAL GOLDEN EAGLE,APRIL FAR EAST MALAYSIA SDN BHD,MALAYSIA,LIANYUNGANG,CHINA (MAINLAND)
2019,470200,ROYAL GOLDEN EAGLE,APRIL,FUTONG,RIAU,486,245386,ROYAL GOLDEN EAGLE,APRIL FAR EAST MALAYSIA SDN BHD,MALAYSIA,FUZHOU,CHINA (MAINLAND)
2019,470200,ROYAL GOLDEN EAGLE,APRIL,BUATAN,RIAU,505,255192,ROYAL GOLDEN EAGLE,APRIL FAR EAST MALAYSIA SDN BHD,MALAYSIA,JIUJIANG,CHINA (MAINLAND)
2019,470200,ROYAL GOLDEN EAGLE,APRIL,FUTONG,RIAU,507,255989,ROYAL GOLDEN EAGLE,APRIL FAR EAST MALAYSIA SDN BHD,MALAYSIA,LIANYUNGANG,CHINA (MAINLAND)
2019,470200,ROYAL GOLDEN EAGLE,APRIL,FUTONG,RIAU,507,255784,ROYAL GOLDEN EAGLE,APRIL FAR EAST MALAYSIA SDN BHD,MALAYSIA,FUZHOU,CHINA (MAINLAND)
2019,470200,ROYAL GOLDEN EAGLE,APRIL,FUTONG,RIAU,507,255849,ROYAL GOLDEN EAGLE,APRIL FAR EAST MALAYSIA SDN BHD,MALAYSIA,FUZHOU,CHINA (MAINLAND)
2019,470200,ROYAL GOLDEN EAGLE,APRIL,FUTONG,RIAU,506,255751,ROYAL GOLDEN EAGLE,APRIL FAR EAST MALAYSIA SDN BHD,MALAYSIA,FUZHOU,CHINA (MAINLAND)
2019,470200,ROYAL GOLDEN EAGLE,APRIL,FUTONG,RIAU,506,255692,ROYAL GOLDEN EAGLE,APRIL FAR EAST MALAYSIA SDN BHD,MALAYSIA,LIANYUNGANG,CHINA (MAINLAND)
2019,470200,ROYAL GOLDEN EAGLE,APRIL,BUATAN,RIAU,506,255281,ROYAL GOLDEN EAGLE,APRIL FAR EAST MALAYSIA SDN BHD,MALAYSIA,LIANYUNGANG,CHINA (MAINLAND)
2019,470200,ROYAL GOLDEN EAGLE,APRIL,BUATAN,RIAU,20,10196,ROYAL GOLDEN EAGLE,APRIL FAR EAST MALAYSIA SDN BHD,MALAYSIA,FUZHOU,CHINA (MAINLAND)
2019,470200,ROYAL GOLDEN EAGLE,APRIL,BUATAN,RIAU,507,256038,ROYAL GOLDEN EAGLE,APRIL FAR EAST MALAYSIA SDN BHD,MALAYSIA,JIUJIANG,CHINA (MAINLAND)
2019,470200,ROYAL GOLDEN EAGLE,APRIL,BUATAN,RIAU,505,255228,ROYAL GOLDEN EAGLE,APRIL FAR EAST MALAYSIA SDN BHD,MALAYSIA,JIUJIANG,CHINA (MAINLAND)
2019,470200,ROYAL GOLDEN EAGLE,APRIL,BUATAN,RIAU,506,255759,ROYAL GOLDEN EAGLE,APRIL FAR EAST MALAYSIA SDN BHD,MALAYSIA,JIUJIANG,CHINA (MAINLAND)
2019,470200,ROYAL GOLDEN EAGLE,APRIL,BUATAN,RIAU,506,255414,ROYAL GOLDEN EAGLE,APRIL FAR EAST MALAYSIA SDN BHD,MALAYSIA,JIUJIANG,CHINA (MAINLAND)
2019,470200,ROYAL GOLDEN EAGLE,APRIL,BUATAN,RIAU,506,253092,ROYAL GOLDEN EAGLE,APRIL FAR EAST MALAYSIA SDN BHD,MALAYSIA,FUZHOU,CHINA (MAINLAND)
2019,470200,ROYAL GOLDEN EAGLE,APRIL,BUATAN,RIAU,505,255256,ROYAL GOLDEN EAGLE,APRIL FAR EAST MALAYSIA SDN BHD,MALAYSIA,JIUJIANG,CHINA (MAINLAND)
2019,470200,ROYAL GOLDEN EAGLE,APRIL,BUATAN,RIAU,506,255440,ROYAL GOLDEN EAGLE,APRIL FAR EAST MALAYSIA SDN BHD,MALAYSIA,JIUJIANG,CHINA (MAINLAND)
2019,470200,ROYAL GOLDEN EAGLE,APRIL,BUATAN,RIAU,506,253194,ROYAL GOLDEN EAGLE,APRIL FAR EAST MALAYSIA SDN BHD,MALAYSIA,JIUJIANG,CHINA (MAINLAND)
2019,470200,ROYAL GOLDEN EAGLE,APRIL,BUATAN,RIAU,505,252699,ROYAL GOLDEN EAGLE,APRIL FAR EAST MALAYSIA SDN BHD,MALAYSIA,JIUJIANG,CHINA (MAINLAND)
2019,470200,ROYAL GOLDEN EAGLE,APRIL,FUTONG,RIAU,507,253462,ROYAL GOLDEN EAGLE,APRIL FAR EAST MALAYSIA SDN BHD,MALAYSIA,FUZHOU,CHINA (MAINLAND)
2019,470200,ROYAL GOLDEN EAGLE,APRIL,FUTONG,RIAU,506,253220,ROYAL GOLDEN EAGLE,APRIL FAR EAST MALAYSIA SDN BHD,MALAYSIA,FUZHOU,CHINA (MAINLAND)
2019,470200,ROYAL GOLDEN EAGLE,APRIL,FUTONG,RIAU,506,253209,ROYAL GOLDEN EAGLE,APRIL FAR EAST MALAYSIA SDN BHD,MALAYSIA,LIANYUNGANG,CHINA (MAINLAND)
2019,470200,ROYAL GOLDEN EAGLE,APRIL,FUTONG,RIAU,507,253422,ROYAL GOLDEN EAGLE,APRIL FAR EAST MALAYSIA SDN BHD,MALAYSIA,JIUJIANG,CHINA (MAINLAND)
2019,470200,ROYAL GOLDEN EAGLE,APRIL,FUTONG,RIAU,507,253458,ROYAL GOLDEN EAGLE,APRIL FAR EAST MALAYSIA SDN BHD,MALAYSIA,LIANYUNGANG,CHINA (MAINLAND)
2019,470200,ROYAL GOLDEN EAGLE,APRIL,BUATAN,RIAU,506,252986,ROYAL GOLDEN EAGLE,APRIL FAR EAST MALAYSIA SDN BHD,MALAYSIA,JIUJIANG,CHINA (MAINLAND)
2019,470200,ROYAL GOLDEN EAGLE,APRIL,FUTONG,RIAU,507,253304,ROYAL GOLDEN EAGLE,APRIL FAR EAST MALAYSIA SDN BHD,MALAYSIA,JIUJIANG,CHINA (MAINLAND)
2019,470200,ROYAL GOLDEN EAGLE,APRIL,FUTONG,RIAU,507,253354,ROYAL GOLDEN EAGLE,APRIL FAR EAST MALAYSIA SDN BHD,MALAYSIA,JIUJIANG,CHINA (MAINLAND)
2019,470200,ROYAL GOLDEN EAGLE,APRIL,FUTONG,RIAU,507,253451,ROYAL GOLDEN EAGLE,APRIL FAR EAST MALAYSIA SDN BHD,MALAYSIA,JIUJIANG,CHINA (MAINLAND)
2019,470200,ROYAL GOLDEN EAGLE,APRIL,BUATAN,RIAU,506,252888,ROYAL GOLDEN EAGLE,APRIL FAR EAST MALAYSIA SDN BHD,MALAYSIA,LIANYUNGANG,CHINA (MAINLAND)
2019,470200,ROYAL GOLDEN EAGLE,APRIL,BUATAN,RIAU,505,252539,ROYAL GOLDEN EAGLE,APRIL FAR EAST MALAYSIA SDN BHD,MALAYSIA,JIUJIANG,CHINA (MAINLAND)
2019,470200,ROYAL GOLDEN EAGLE,APRIL,BUATAN,RIAU,506,252812,ROYAL GOLDEN EAGLE,APRIL FAR EAST MALAYSIA SDN BHD,MALAYSIA,FUZHOU,CHINA (MAINLAND)
2019,470200,ROYAL GOLDEN EAGLE,APRIL,BUATAN,RIAU,506,252848,ROYAL GOLDEN EAGLE,APRIL FAR EAST MALAYSIA SDN BHD,MALAYSIA,JIUJIANG,CHINA (MAINLAND)
2019,470200,ROYAL GOLDEN EAGLE,APRIL,FUTONG,RIAU,507,253284,ROYAL GOLDEN EAGLE,APRIL FAR EAST MALAYSIA SDN BHD,MALAYSIA,JIUJIANG,CHINA (MAINLAND)
2019,470200,ROYAL GOLDEN EAGLE,APRIL,FUTONG,RIAU,506,253098,ROYAL GOLDEN EAGLE,APRIL FAR EAST MALAYSIA SDN BHD,MALAYSIA,FUZHOU,CHINA (MAINLAND)
2019,470200,ROYAL GOLDEN EAGLE,APRIL,BUATAN,RIAU,506,252950,ROYAL GOLDEN EAGLE,APRIL FAR EAST MALAYSIA SDN BHD,MALAYSIA,JIUJIANG,CHINA (MAINLAND)
2019,470200,ROYAL GOLDEN EAGLE,APRIL,FUTONG,RIAU,507,253424,ROYAL GOLDEN EAGLE,APRIL FAR EAST MALAYSIA SDN BHD,MALAYSIA,JIUJIANG,CHINA (MAINLAND)
2019,470200,ROYAL GOLDEN EAGLE,APRIL,FUTONG,RIAU,507,253412,ROYAL GOLDEN EAGLE,APRIL FAR EAST MALAYSIA SDN BHD,MALAYSIA,JIUJIANG,CHINA (MAINLAND)
2019,470200,ROYAL GOLDEN EAGLE,APRIL,BUATAN,RIAU,506,252843,ROYAL GOLDEN EAGLE,APRIL FAR EAST MALAYSIA SDN BHD,MALAYSIA,LIANYUNGANG,CHINA (MAINLAND)
2019,470200,ROYAL GOLDEN EAGLE,APRIL,BUATAN,RIAU,506,252850,ROYAL GOLDEN EAGLE,APRIL FAR EAST MALAYSIA SDN BHD,MALAYSIA,JIUJIANG,CHINA (MAINLAND)
2019,470200,ROYAL GOLDEN EAGLE,APRIL,BUATAN,RIAU,506,255515,ROYAL GOLDEN EAGLE,APRIL FAR EAST MALAYSIA SDN BHD,MALAYSIA,LIANYUNGANG,CHINA (MAINLAND)
2019,470200,ROYAL GOLDEN EAGLE,APRIL,FUTONG,RIAU,506,253108,ROYAL GOLDEN EAGLE,APRIL FAR EAST MALAYSIA SDN BHD,MALAYSIA,FUZHOU,CHINA (MAINLAND)
2019,470200,ROYAL GOLDEN EAGLE,APRIL,FUTONG,RIAU,506,252784,ROYAL GOLDEN EAGLE,APRIL FAR EAST MALAYSIA SDN BHD,MALAYSIA,JIUJIANG,CHINA (MAINLAND)
2019,470200,ROYAL GOLDEN EAGLE,TOBA PULP LESTARI,BELAWAN,SUMATERA UTARA,500,289035,ROYAL GOLDEN EAGLE,DP MARKETING INTERNATIONAL,MACAO,QINGDAO,CHINA (MAINLAND)
2019,470200,ROYAL GOLDEN EAGLE,APRIL,FUTONG,RIAU,506,252874,ROYAL GOLDEN EAGLE,APRIL FAR EAST MALAYSIA SDN BHD,MALAYSIA,JIUJIANG,CHINA (MAINLAND)
2019,470200,ROYAL GOLDEN EAGLE,TOBA PULP LESTARI,BELAWAN,SUMATERA UTARA,1001,578749,ROYAL GOLDEN EAGLE,DP MARKETING INTERNATIONAL,MACAO,QINGDAO,CHINA (MAINLAND)
2019,470200,ROYAL GOLDEN EAGLE,APRIL,BUATAN,RIAU,506,253017,ROYAL GOLDEN EAGLE,APRIL FAR EAST MALAYSIA SDN BHD,MALAYSIA,FUZHOU,CHINA (MAINLAND)
2019,470200,ROYAL GOLDEN EAGLE,APRIL,BUATAN,RIAU,506,252983,ROYAL GOLDEN EAGLE,APRIL FAR EAST MALAYSIA SDN BHD,MALAYSIA,JIUJIANG,CHINA (MAINLAND)
2019,470200,ROYAL GOLDEN EAGLE,APRIL,BUATAN,RIAU,506,252909,ROYAL GOLDEN EAGLE,APRIL FAR EAST MALAYSIA SDN BHD,MALAYSIA,FUZHOU,CHINA (MAINLAND)
2019,470200,ROYAL GOLDEN EAGLE,APRIL,FUTONG,RIAU,506,253240,ROYAL GOLDEN EAGLE,APRIL FAR EAST MALAYSIA SDN BHD,MALAYSIA,JIUJIANG,CHINA (MAINLAND)
2019,470200,ROYAL GOLDEN EAGLE,APRIL,FUTONG,RIAU,506,252902,ROYAL GOLDEN EAGLE,APRIL FAR EAST MALAYSIA SDN BHD,MALAYSIA,JIUJIANG,CHINA (MAINLAND)
2019,470200,ROYAL GOLDEN EAGLE,APRIL,FUTONG,RIAU,506,252962,ROYAL GOLDEN EAGLE,APRIL FAR EAST MALAYSIA SDN BHD,MALAYSIA,FUZHOU,CHINA (MAINLAND)
2019,470200,ROYAL GOLDEN EAGLE,APRIL,BUATAN,RIAU,506,252955,ROYAL GOLDEN EAGLE,APRIL FAR EAST MALAYSIA SDN BHD,MALAYSIA,FUZHOU,CHINA (MAINLAND)
2019,470200,ROYAL GOLDEN EAGLE,APRIL,BUATAN,RIAU,506,252930,ROYAL GOLDEN EAGLE,APRIL FAR EAST MALAYSIA SDN BHD,MALAYSIA,JIUJIANG,CHINA (MAINLAND)
2019,470200,ROYAL GOLDEN EAGLE,APRIL,BUATAN,RIAU,505,252676,ROYAL GOLDEN EAGLE,APRIL FAR EAST MALAYSIA SDN BHD,MALAYSIA,FUZHOU,CHINA (MAINLAND)
2019,470200,ROYAL GOLDEN EAGLE,APRIL,FUTONG,RIAU,506,253228,ROYAL GOLDEN EAGLE,APRIL FAR EAST MALAYSIA SDN BHD,MALAYSIA,JIUJIANG,CHINA (MAINLAND)
2019,470200,ROYAL GOLDEN EAGLE,APRIL,FUTONG,RIAU,507,253396,ROYAL GOLDEN EAGLE,APRIL FAR EAST MALAYSIA SDN BHD,MALAYSIA,JIUJIANG,CHINA (MAINLAND)
2019,470200,ROYAL GOLDEN EAGLE,APRIL,BUATAN,RIAU,506,252990,ROYAL GOLDEN EAGLE,APRIL FAR EAST MALAYSIA SDN BHD,MALAYSIA,JIUJIANG,CHINA (MAINLAND)
2019,470200,ROYAL GOLDEN EAGLE,APRIL,BUATAN,RIAU,506,253080,ROYAL GOLDEN EAGLE,APRIL FAR EAST MALAYSIA SDN BHD,MALAYSIA,JIUJIANG,CHINA (MAINLAND)
2019,470200,ROYAL GOLDEN EAGLE,APRIL,FUTONG,RIAU,506,253104,ROYAL GOLDEN EAGLE,APRIL FAR EAST MALAYSIA SDN BHD,MALAYSIA,LIANYUNGANG,CHINA (MAINLAND)
2019,470200,ROYAL GOLDEN EAGLE,APRIL,BUATAN,RIAU,506,253021,ROYAL GOLDEN EAGLE,APRIL FAR EAST MALAYSIA SDN BHD,MALAYSIA,JIUJIANG,CHINA (MAINLAND)
2019,470200,ROYAL GOLDEN EAGLE,APRIL,BUATAN,RIAU,506,252937,ROYAL GOLDEN EAGLE,APRIL FAR EAST MALAYSIA SDN BHD,MALAYSIA,JIUJIANG,CHINA (MAINLAND)
2019,470200,ROYAL GOLDEN EAGLE,APRIL,FUTONG,RIAU,506,252933,ROYAL GOLDEN EAGLE,APRIL FAR EAST MALAYSIA SDN BHD,MALAYSIA,LIANYUNGANG,CHINA (MAINLAND)
2019,470200,ROYAL GOLDEN EAGLE,APRIL,FUTONG,RIAU,506,252774,ROYAL GOLDEN EAGLE,APRIL FAR EAST MALAYSIA SDN BHD,MALAYSIA,FUZHOU,CHINA (MAINLAND)
2019,470200,ROYAL GOLDEN EAGLE,APRIL,BUATAN,RIAU,506,252833,ROYAL GOLDEN EAGLE,APRIL FAR EAST MALAYSIA SDN BHD,MALAYSIA,FUZHOU,CHINA (MAINLAND)
2019,470200,ROYAL GOLDEN EAGLE,APRIL,BUATAN,RIAU,506,252924,ROYAL GOLDEN EAGLE,APRIL FAR EAST MALAYSIA SDN BHD,MALAYSIA,JIUJIANG,CHINA (MAINLAND)
2019,470200,ROYAL GOLDEN EAGLE,APRIL,BUATAN,RIAU,485,242672,ROYAL GOLDEN EAGLE,APRIL FAR EAST MALAYSIA SDN BHD,MALAYSIA,FUZHOU,CHINA (MAINLAND)
2019,470200,ROYAL GOLDEN EAGLE,APRIL,BUATAN,RIAU,505,252654,ROYAL GOLDEN EAGLE,APRIL FAR EAST MALAYSIA SDN BHD,MALAYSIA,JIUJIANG,CHINA (MAINLAND)
2019,470200,ROYAL GOLDEN EAGLE,APRIL,BUATAN,RIAU,507,255909,ROYAL GOLDEN EAGLE,APRIL FAR EAST MALAYSIA SDN BHD,MALAYSIA,LIANYUNGANG,CHINA (MAINLAND)
2019,470200,ROYAL GOLDEN EAGLE,APRIL,FUTONG,RIAU,506,253004,ROYAL GOLDEN EAGLE,APRIL FAR EAST MALAYSIA SDN BHD,MALAYSIA,JIUJIANG,CHINA (MAINLAND)
2019,470200,ROYAL GOLDEN EAGLE,APRIL,BUATAN,RIAU,506,252836,ROYAL GOLDEN EAGLE,APRIL FAR EAST MALAYSIA SDN BHD,MALAYSIA,JIUJIANG,CHINA (MAINLAND)
2019,470200,ROYAL GOLDEN EAGLE,APRIL,FUTONG,RIAU,507,253448,ROYAL GOLDEN EAGLE,APRIL FAR EAST MALAYSIA SDN BHD,MALAYSIA,JIUJIANG,CHINA (MAINLAND)
2019,470200,ROYAL GOLDEN EAGLE,APRIL,FUTONG,RIAU,507,253312,ROYAL GOLDEN EAGLE,APRIL FAR EAST MALAYSIA SDN BHD,MALAYSIA,JIUJIANG,CHINA (MAINLAND)
2019,470200,ROYAL GOLDEN EAGLE,APRIL,FUTONG,RIAU,506,253225,ROYAL GOLDEN EAGLE,APRIL FAR EAST MALAYSIA SDN BHD,MALAYSIA,JIUJIANG,CHINA (MAINLAND)
2019,470200,ROYAL GOLDEN EAGLE,TOBA PULP LESTARI,BELAWAN,SUMATERA UTARA,502,289979,ROYAL GOLDEN EAGLE,DP MARKETING INTERNATIONAL,MACAO,QINGDAO,CHINA (MAINLAND)
2019,470200,ROYAL GOLDEN EAGLE,APRIL,BUATAN,RIAU,506,253241,ROYAL GOLDEN EAGLE,APRIL FAR EAST MALAYSIA SDN BHD,MALAYSIA,JIUJIANG,CHINA (MAINLAND)
2019,470200,ROYAL GOLDEN EAGLE,APRIL,BUATAN,RIAU,20,10136,ROYAL GOLDEN EAGLE,APRIL FAR EAST MALAYSIA SDN BHD,MALAYSIA,FUZHOU,CHINA (MAINLAND)
2019,470200,ROYAL GOLDEN EAGLE,APRIL,BUATAN,RIAU,506,252944,ROYAL GOLDEN EAGLE,APRIL FAR EAST MALAYSIA SDN BHD,MALAYSIA,FUZHOU,CHINA (MAINLAND)
2019,470200,ROYAL GOLDEN EAGLE,APRIL,FUTONG,RIAU,506,253186,ROYAL GOLDEN EAGLE,APRIL FAR EAST MALAYSIA SDN BHD,MALAYSIA,JIUJIANG,CHINA (MAINLAND)
2019,470200,ROYAL GOLDEN EAGLE,APRIL,FUTONG,RIAU,507,253356,ROYAL GOLDEN EAGLE,APRIL FAR EAST MALAYSIA SDN BHD,MALAYSIA,JIUJIANG,CHINA (MAINLAND)
2019,470200,ROYAL GOLDEN EAGLE,APRIL,BUATAN,RIAU,506,255475,ROYAL GOLDEN EAGLE,APRIL FAR EAST MALAYSIA SDN BHD,MALAYSIA,LIANYUNGANG,CHINA (MAINLAND)
2019,470200,ROYAL GOLDEN EAGLE,APRIL,FUTONG,RIAU,506,252910,ROYAL GOLDEN EAGLE,APRIL FAR EAST MALAYSIA SDN BHD,MALAYSIA,JIUJIANG,CHINA (MAINLAND)
2019,470200,ROYAL GOLDEN EAGLE,APRIL,FUTONG,RIAU,507,253319,ROYAL GOLDEN EAGLE,APRIL FAR EAST MALAYSIA SDN BHD,MALAYSIA,JIUJIANG,CHINA (MAINLAND)
2019,470200,ROYAL GOLDEN EAGLE,APRIL,FUTONG,RIAU,506,252772,ROYAL GOLDEN EAGLE,APRIL FAR EAST MALAYSIA SDN BHD,MALAYSIA,FUZHOU,CHINA (MAINLAND)
2019,470200,ROYAL GOLDEN EAGLE,APRIL,BUATAN,RIAU,506,252768,ROYAL GOLDEN EAGLE,APRIL FAR EAST MALAYSIA SDN BHD,MALAYSIA,JIUJIANG,CHINA (MAINLAND)
2019,470200,ROYAL GOLDEN EAGLE,APRIL,FUTONG,RIAU,506,252762,ROYAL GOLDEN EAGLE,APRIL FAR EAST MALAYSIA SDN BHD,MALAYSIA,JIUJIANG,CHINA (MAINLAND)
2019,470200,ROYAL GOLDEN EAGLE,APRIL,BUATAN,RIAU,505,252680,ROYAL GOLDEN EAGLE,APRIL FAR EAST MALAYSIA SDN BHD,MALAYSIA,FUZHOU,CHINA (MAINLAND)
2019,470200,ROYAL GOLDEN EAGLE,APRIL,FUTONG,RIAU,505,252641,ROYAL GOLDEN EAGLE,APRIL FAR EAST MALAYSIA SDN BHD,MALAYSIA,JIUJIANG,CHINA (MAINLAND)
2019,470200,ROYAL GOLDEN EAGLE,APRIL,FUTONG,RIAU,506,252828,ROYAL GOLDEN EAGLE,APRIL FAR EAST MALAYSIA SDN BHD,MALAYSIA,FUZHOU,CHINA (MAINLAND)
2019,470200,ROYAL GOLDEN EAGLE,APRIL,BUATAN,RIAU,506,253085,ROYAL GOLDEN EAGLE,APRIL FAR EAST MALAYSIA SDN BHD,MALAYSIA,JIUJIANG,CHINA (MAINLAND)
2019,470200,ROYAL GOLDEN EAGLE,APRIL,BUATAN,RIAU,507,253356,ROYAL GOLDEN EAGLE,APRIL FAR EAST MALAYSIA SDN BHD,MALAYSIA,LIANYUNGANG,CHINA (MAINLAND)
2019,470200,ROYAL GOLDEN EAGLE,APRIL,FUTONG,RIAU,506,253199,ROYAL GOLDEN EAGLE,APRIL FAR EAST MALAYSIA SDN BHD,MALAYSIA,LIANYUNGANG,CHINA (MAINLAND)
2019,470200,ROYAL GOLDEN EAGLE,APRIL,FUTONG,RIAU,507,253390,ROYAL GOLDEN EAGLE,APRIL FAR EAST MALAYSIA SDN BHD,MALAYSIA,LIANYUNGANG,CHINA (MAINLAND)
2019,470200,ROYAL GOLDEN EAGLE,APRIL,FUTONG,RIAU,507,253318,ROYAL GOLDEN EAGLE,APRIL FAR EAST MALAYSIA SDN BHD,MALAYSIA,JIUJIANG,CHINA (MAINLAND)
2019,470200,ROYAL GOLDEN EAGLE,APRIL,BUATAN,RIAU,506,252948,ROYAL GOLDEN EAGLE,APRIL FAR EAST MALAYSIA SDN BHD,MALAYSIA,JIUJIANG,CHINA (MAINLAND)
2019,470200,ROYAL GOLDEN EAGLE,APRIL,BUATAN,RIAU,506,252966,ROYAL GOLDEN EAGLE,APRIL FAR EAST MALAYSIA SDN BHD,MALAYSIA,JIUJIANG,CHINA (MAINLAND)
2019,470200,ROYAL GOLDEN EAGLE,APRIL,BUATAN,RIAU,507,253286,ROYAL GOLDEN EAGLE,APRIL FAR EAST MALAYSIA SDN BHD,MALAYSIA,JIUJIANG,CHINA (MAINLAND)
2019,470200,ROYAL GOLDEN EAGLE,APRIL,BUATAN,RIAU,507,253308,ROYAL GOLDEN EAGLE,APRIL FAR EAST MALAYSIA SDN BHD,MALAYSIA,JIUJIANG,CHINA (MAINLAND)
2019,470200,ROYAL GOLDEN EAGLE,APRIL,BUATAN,RIAU,506,253219,ROYAL GOLDEN EAGLE,APRIL FAR EAST MALAYSIA SDN BHD,MALAYSIA,JIUJIANG,CHINA (MAINLAND)
2019,470200,ROYAL GOLDEN EAGLE,APRIL,BUATAN,RIAU,507,253326,ROYAL GOLDEN EAGLE,APRIL FAR EAST MALAYSIA SDN BHD,MALAYSIA,LIANYUNGANG,CHINA (MAINLAND)
2019,470200,ROYAL GOLDEN EAGLE,APRIL,FUTONG,RIAU,507,253364,ROYAL GOLDEN EAGLE,APRIL FAR EAST MALAYSIA SDN BHD,MALAYSIA,FUZHOU,CHINA (MAINLAND)
2019,470200,ROYAL GOLDEN EAGLE,APRIL,BUATAN,RIAU,506,252880,ROYAL GOLDEN EAGLE,APRIL FAR EAST MALAYSIA SDN BHD,MALAYSIA,JIUJIANG,CHINA (MAINLAND)
2019,470200,ROYAL GOLDEN EAGLE,APRIL,FUTONG,RIAU,506,253136,ROYAL GOLDEN EAGLE,APRIL FAR EAST MALAYSIA SDN BHD,MALAYSIA,JIUJIANG,CHINA (MAINLAND)
2019,470200,ROYAL GOLDEN EAGLE,APRIL,FUTONG,RIAU,506,253214,ROYAL GOLDEN EAGLE,APRIL FAR EAST MALAYSIA SDN BHD,MALAYSIA,JIUJIANG,CHINA (MAINLAND)
2019,470200,ROYAL GOLDEN EAGLE,APRIL,FUTONG,RIAU,506,252840,ROYAL GOLDEN EAGLE,APRIL FAR EAST MALAYSIA SDN BHD,MALAYSIA,FUZHOU,CHINA (MAINLAND)
2019,470200,ROYAL GOLDEN EAGLE,APRIL,FUTONG,RIAU,507,253288,ROYAL GOLDEN EAGLE,APRIL FAR EAST MALAYSIA SDN BHD,MALAYSIA,FUZHOU,CHINA (MAINLAND)
2019,470200,ROYAL GOLDEN EAGLE,APRIL,FUTONG,RIAU,506,253014,ROYAL GOLDEN EAGLE,APRIL FAR EAST MALAYSIA SDN BHD,MALAYSIA,FUZHOU,CHINA (MAINLAND)
2019,470200,ROYAL GOLDEN EAGLE,APRIL,BUATAN,RIAU,506,255522,ROYAL GOLDEN EAGLE,APRIL FAR EAST MALAYSIA SDN BHD,MALAYSIA,LIANYUNGANG,CHINA (MAINLAND)
2019,470200,ROYAL GOLDEN EAGLE,APRIL,BUATAN,RIAU,506,253015,ROYAL GOLDEN EAGLE,APRIL FAR EAST MALAYSIA SDN BHD,MALAYSIA,JIUJIANG,CHINA (MAINLAND)
2019,470200,ROYAL GOLDEN EAGLE,APRIL,BUATAN,RIAU,506,253110,ROYAL GOLDEN EAGLE,APRIL FAR EAST MALAYSIA SDN BHD,MALAYSIA,JIUJIANG,CHINA (MAINLAND)
2019,470200,ROYAL GOLDEN EAGLE,APRIL,BUATAN,RIAU,506,253107,ROYAL GOLDEN EAGLE,APRIL FAR EAST MALAYSIA SDN BHD,MALAYSIA,JIUJIANG,CHINA (MAINLAND)
2019,470200,ROYAL GOLDEN EAGLE,APRIL,BUATAN,RIAU,506,252997,ROYAL GOLDEN EAGLE,APRIL FAR EAST MALAYSIA SDN BHD,MALAYSIA,JIUJIANG,CHINA (MAINLAND)
2019,470200,ROYAL GOLDEN EAGLE,APRIL,FUTONG,RIAU,507,253348,ROYAL GOLDEN EAGLE,APRIL FAR EAST MALAYSIA SDN BHD,MALAYSIA,FUZHOU,CHINA (MAINLAND)
2019,470200,ROYAL GOLDEN EAGLE,APRIL,FUTONG,RIAU,507,253474,ROYAL GOLDEN EAGLE,APRIL FAR EAST MALAYSIA SDN BHD,MALAYSIA,JIUJIANG,CHINA (MAINLAND)
2019,470200,ROYAL GOLDEN EAGLE,APRIL,BUATAN,RIAU,506,253098,ROYAL GOLDEN EAGLE,APRIL FAR EAST MALAYSIA SDN BHD,MALAYSIA,FUZHOU,CHINA (MAINLAND)
2019,470200,ROYAL GOLDEN EAGLE,APRIL,BUATAN,RIAU,506,253156,ROYAL GOLDEN EAGLE,APRIL FAR EAST MALAYSIA SDN BHD,MALAYSIA,FUZHOU,CHINA (MAINLAND)
2019,470200,ROYAL GOLDEN EAGLE,APRIL,FUTONG,RIAU,507,253273,ROYAL GOLDEN EAGLE,APRIL FAR EAST MALAYSIA SDN BHD,MALAYSIA,JIUJIANG,CHINA (MAINLAND)
2019,470200,ROYAL GOLDEN EAGLE,APRIL,FUTONG,RIAU,507,255784,ROYAL GOLDEN EAGLE,APRIL FAR EAST MALAYSIA SDN BHD,MALAYSIA,LIANYUNGANG,CHINA (MAINLAND)
2019,470200,ROYAL GOLDEN EAGLE,APRIL,FUTONG,RIAU,506,253212,ROYAL GOLDEN EAGLE,APRIL FAR EAST MALAYSIA SDN BHD,MALAYSIA,FUZHOU,CHINA (MAINLAND)
2019,470200,ROYAL GOLDEN EAGLE,APRIL,BUATAN,RIAU,506,253008,ROYAL GOLDEN EAGLE,APRIL FAR EAST MALAYSIA SDN BHD,MALAYSIA,JIUJIANG,CHINA (MAINLAND)
2019,470200,ROYAL GOLDEN EAGLE,APRIL,BUATAN,RIAU,506,253120,ROYAL GOLDEN EAGLE,APRIL FAR EAST MALAYSIA SDN BHD,MALAYSIA,JIUJIANG,CHINA (MAINLAND)
2019,470200,ROYAL GOLDEN EAGLE,APRIL,FUTONG,RIAU,506,253109,ROYAL GOLDEN EAGLE,APRIL FAR EAST MALAYSIA SDN BHD,MALAYSIA,JIUJIANG,CHINA (MAINLAND)
2019,470200,ROYAL GOLDEN EAGLE,APRIL,FUTONG,RIAU,506,253120,ROYAL GOLDEN EAGLE,APRIL FAR EAST MALAYSIA SDN BHD,MALAYSIA,JIUJIANG,CHINA (MAINLAND)
2019,470200,ROYAL GOLDEN EAGLE,APRIL,FUTONG,RIAU,507,253436,ROYAL GOLDEN EAGLE,APRIL FAR EAST MALAYSIA SDN BHD,MALAYSIA,JIUJIANG,CHINA (MAINLAND)
2019,470200,ROYAL GOLDEN EAGLE,APRIL,FUTONG,RIAU,506,253133,ROYAL GOLDEN EAGLE,APRIL FAR EAST MALAYSIA SDN BHD,MALAYSIA,JIUJIANG,CHINA (MAINLAND)
2019,470200,ROYAL GOLDEN EAGLE,APRIL,FUTONG,RIAU,506,253007,ROYAL GOLDEN EAGLE,APRIL FAR EAST MALAYSIA SDN BHD,MALAYSIA,JIUJIANG,CHINA (MAINLAND)
2019,470200,ROYAL GOLDEN EAGLE,APRIL,FUTONG,RIAU,506,253144,ROYAL GOLDEN EAGLE,APRIL FAR EAST MALAYSIA SDN BHD,MALAYSIA,FUZHOU,CHINA (MAINLAND)
2019,470200,ROYAL GOLDEN EAGLE,APRIL,FUTONG,RIAU,506,252970,ROYAL GOLDEN EAGLE,APRIL FAR EAST MALAYSIA SDN BHD,MALAYSIA,FUZHOU,CHINA (MAINLAND)
2019,470200,ROYAL GOLDEN EAGLE,APRIL,FUTONG,RIAU,507,253406,ROYAL GOLDEN EAGLE,APRIL FAR EAST MALAYSIA SDN BHD,MALAYSIA,JIUJIANG,CHINA (MAINLAND)
2019,470200,ROYAL GOLDEN EAGLE,APRIL,BUATAN,RIAU,506,252862,ROYAL GOLDEN EAGLE,APRIL FAR EAST MALAYSIA SDN BHD,MALAYSIA,JIUJIANG,CHINA (MAINLAND)
2019,470200,ROYAL GOLDEN EAGLE,APRIL,BUATAN,RIAU,506,253180,ROYAL GOLDEN EAGLE,APRIL FAR EAST MALAYSIA SDN BHD,MALAYSIA,FUZHOU,CHINA (MAINLAND)
2019,470200,ROYAL GOLDEN EAGLE,APRIL,BUATAN,RIAU,506,253046,ROYAL GOLDEN EAGLE,APRIL FAR EAST MALAYSIA SDN BHD,MALAYSIA,LIANYUNGANG,CHINA (MAINLAND)
2019,470200,ROYAL GOLDEN EAGLE,APRIL,BUATAN,RIAU,506,253096,ROYAL GOLDEN EAGLE,APRIL FAR EAST MALAYSIA SDN BHD,MALAYSIA,JIUJIANG,CHINA (MAINLAND)
2019,470200,ROYAL GOLDEN EAGLE,APRIL,BUATAN,RIAU,505,252628,ROYAL GOLDEN EAGLE,APRIL FAR EAST MALAYSIA SDN BHD,MALAYSIA,LIANYUNGANG,CHINA (MAINLAND)
2019,470200,ROYAL GOLDEN EAGLE,APRIL,FUTONG,RIAU,506,253246,ROYAL GOLDEN EAGLE,APRIL FAR EAST MALAYSIA SDN BHD,MALAYSIA,LIANYUNGANG,CHINA (MAINLAND)
2019,470200,ROYAL GOLDEN EAGLE,APRIL,FUTONG,RIAU,507,253424,ROYAL GOLDEN EAGLE,APRIL FAR EAST MALAYSIA SDN BHD,MALAYSIA,LIANYUNGANG,CHINA (MAINLAND)
2019,470200,ROYAL GOLDEN EAGLE,APRIL,FUTONG,RIAU,506,252995,ROYAL GOLDEN EAGLE,APRIL FAR EAST MALAYSIA SDN BHD,MALAYSIA,JIUJIANG,CHINA (MAINLAND)
2019,470200,ROYAL GOLDEN EAGLE,APRIL,FUTONG,RIAU,504,251974,ROYAL GOLDEN EAGLE,APRIL FAR EAST MALAYSIA SDN BHD,MALAYSIA,JIUJIANG,CHINA (MAINLAND)
2019,470200,ROYAL GOLDEN EAGLE,APRIL,FUTONG,RIAU,506,252993,ROYAL GOLDEN EAGLE,APRIL FAR EAST MALAYSIA SDN BHD,MALAYSIA,FUZHOU,CHINA (MAINLAND)
2019,470200,ROYAL GOLDEN EAGLE,APRIL,BUATAN,RIAU,505,252543,ROYAL GOLDEN EAGLE,APRIL FAR EAST MALAYSIA SDN BHD,MALAYSIA,JIUJIANG,CHINA (MAINLAND)
2019,470200,ROYAL GOLDEN EAGLE,APRIL,BUATAN,RIAU,506,252753,ROYAL GOLDEN EAGLE,APRIL FAR EAST MALAYSIA SDN BHD,MALAYSIA,FUZHOU,CHINA (MAINLAND)
2019,470200,ROYAL GOLDEN EAGLE,APRIL,FUTONG,RIAU,505,252750,ROYAL GOLDEN EAGLE,APRIL FAR EAST MALAYSIA SDN BHD,MALAYSIA,JIUJIANG,CHINA (MAINLAND)
2019,470200,ROYAL GOLDEN EAGLE,APRIL,BUATAN,RIAU,506,255758,ROYAL GOLDEN EAGLE,APRIL FAR EAST MALAYSIA SDN BHD,MALAYSIA,LIANYUNGANG,CHINA (MAINLAND)
2019,470200,ROYAL GOLDEN EAGLE,APRIL,BUATAN,RIAU,505,252648,ROYAL GOLDEN EAGLE,APRIL FAR EAST MALAYSIA SDN BHD,MALAYSIA,JIUJIANG,CHINA (MAINLAND)
2019,470200,ROYAL GOLDEN EAGLE,APRIL,FUTONG,RIAU,506,253136,ROYAL GOLDEN EAGLE,APRIL FAR EAST MALAYSIA SDN BHD,MALAYSIA,FUZHOU,CHINA (MAINLAND)
2019,470200,ROYAL GOLDEN EAGLE,APRIL,FUTONG,RIAU,426,212767,ROYAL GOLDEN EAGLE,APRIL FAR EAST MALAYSIA SDN BHD,MALAYSIA,JIUJIANG,CHINA (MAINLAND)
2019,470200,ROYAL GOLDEN EAGLE,APRIL,BUATAN,RIAU,506,255282,ROYAL GOLDEN EAGLE,APRIL FAR EAST MALAYSIA SDN BHD,MALAYSIA,LIANYUNGANG,CHINA (MAINLAND)
2019,470200,ROYAL GOLDEN EAGLE,APRIL,FUTONG,RIAU,507,255889,ROYAL GOLDEN EAGLE,APRIL FAR EAST MALAYSIA SDN BHD,MALAYSIA,LIANYUNGANG,CHINA (MAINLAND)
2019,470200,ROYAL GOLDEN EAGLE,APRIL,FUTONG,RIAU,507,256069,ROYAL GOLDEN EAGLE,APRIL FAR EAST MALAYSIA SDN BHD,MALAYSIA,LIANYUNGANG,CHINA (MAINLAND)
2019,470200,ROYAL GOLDEN EAGLE,APRIL,FUTONG,RIAU,507,253352,ROYAL GOLDEN EAGLE,APRIL FAR EAST MALAYSIA SDN BHD,MALAYSIA,FUZHOU,CHINA (MAINLAND)
2019,470200,ROYAL GOLDEN EAGLE,APRIL,BUATAN,RIAU,81,40462,ROYAL GOLDEN EAGLE,APRIL FAR EAST MALAYSIA SDN BHD,MALAYSIA,JIUJIANG,CHINA (MAINLAND)
2019,470200,ROYAL GOLDEN EAGLE,APRIL,BUATAN,RIAU,506,252914,ROYAL GOLDEN EAGLE,APRIL FAR EAST MALAYSIA SDN BHD,MALAYSIA,JIUJIANG,CHINA (MAINLAND)
2019,470200,ROYAL GOLDEN EAGLE,APRIL,FUTONG,RIAU,505,252693,ROYAL GOLDEN EAGLE,APRIL FAR EAST MALAYSIA SDN BHD,MALAYSIA,FUZHOU,CHINA (MAINLAND)
2019,470200,ROYAL GOLDEN EAGLE,APRIL,BUATAN,RIAU,506,253197,ROYAL GOLDEN EAGLE,APRIL FAR EAST MALAYSIA SDN BHD,MALAYSIA,JIUJIANG,CHINA (MAINLAND)
2019,470200,ROYAL GOLDEN EAGLE,APRIL,BUATAN,RIAU,506,253078,ROYAL GOLDEN EAGLE,APRIL FAR EAST MALAYSIA SDN BHD,MALAYSIA,FUZHOU,CHINA (MAINLAND)
2019,470200,ROYAL GOLDEN EAGLE,APRIL,FUTONG,RIAU,506,207385,ROYAL GOLDEN EAGLE,APRIL FAR EAST MALAYSIA SDN BHD,MALAYSIA,LIANYUNGANG,CHINA (MAINLAND)
2019,470200,ROYAL GOLDEN EAGLE,APRIL,FUTONG,RIAU,506,207621,ROYAL GOLDEN EAGLE,APRIL FAR EAST MALAYSIA SDN BHD,MALAYSIA,JIUJIANG,CHINA (MAINLAND)
2019,470200,ROYAL GOLDEN EAGLE,APRIL,FUTONG,RIAU,506,207656,ROYAL GOLDEN EAGLE,APRIL FAR EAST MALAYSIA SDN BHD,MALAYSIA,JIUJIANG,CHINA (MAINLAND)
2019,470200,ROYAL GOLDEN EAGLE,APRIL,BUATAN,RIAU,506,252775,ROYAL GOLDEN EAGLE,APRIL FAR EAST MALAYSIA SDN BHD,MALAYSIA,JIUJIANG,CHINA (MAINLAND)
2019,470200,ROYAL GOLDEN EAGLE,APRIL,FUTONG,RIAU,507,207730,ROYAL GOLDEN EAGLE,APRIL FAR EAST MALAYSIA SDN BHD,MALAYSIA,JIUJIANG,CHINA (MAINLAND)
2019,470200,ROYAL GOLDEN EAGLE,APRIL,FUTONG,RIAU,81,33133,ROYAL GOLDEN EAGLE,APRIL FAR EAST MALAYSIA SDN BHD,MALAYSIA,LIANYUNGANG,CHINA (MAINLAND)
2019,470200,ROYAL GOLDEN EAGLE,APRIL,FUTONG,RIAU,425,174260,ROYAL GOLDEN EAGLE,APRIL FAR EAST MALAYSIA SDN BHD,MALAYSIA,LIANYUNGANG,CHINA (MAINLAND)
2019,470200,ROYAL GOLDEN EAGLE,APRIL,FUTONG,RIAU,507,207877,ROYAL GOLDEN EAGLE,APRIL FAR EAST MALAYSIA SDN BHD,MALAYSIA,JIUJIANG,CHINA (MAINLAND)
2019,470200,ROYAL GOLDEN EAGLE,APRIL,BUATAN,RIAU,506,207615,ROYAL GOLDEN EAGLE,APRIL FAR EAST MALAYSIA SDN BHD,MALAYSIA,FUZHOU,CHINA (MAINLAND)
2019,470200,ROYAL GOLDEN EAGLE,APRIL,FUTONG,RIAU,507,207739,ROYAL GOLDEN EAGLE,APRIL FAR EAST MALAYSIA SDN BHD,MALAYSIA,JIUJIANG,CHINA (MAINLAND)
2019,470200,ROYAL GOLDEN EAGLE,APRIL,BUATAN,RIAU,506,207540,ROYAL GOLDEN EAGLE,APRIL FAR EAST MALAYSIA SDN BHD,MALAYSIA,FUZHOU,CHINA (MAINLAND)
2019,470200,ROYAL GOLDEN EAGLE,APRIL,BUATAN,RIAU,506,252986,ROYAL GOLDEN EAGLE,APRIL FAR EAST MALAYSIA SDN BHD,MALAYSIA,FUZHOU,CHINA (MAINLAND)
2019,470200,ROYAL GOLDEN EAGLE,APRIL,FUTONG,RIAU,506,207655,ROYAL GOLDEN EAGLE,APRIL FAR EAST MALAYSIA SDN BHD,MALAYSIA,JIUJIANG,CHINA (MAINLAND)
2019,470200,ROYAL GOLDEN EAGLE,TOBA PULP LESTARI,BELAWAN,SUMATERA UTARA,503,289782,ROYAL GOLDEN EAGLE,DP MARKETING INTERNATIONAL,MACAO,QINGDAO,CHINA (MAINLAND)
2019,470200,ROYAL GOLDEN EAGLE,TOBA PULP LESTARI,BELAWAN,SUMATERA UTARA,502,289374,ROYAL GOLDEN EAGLE,DP MARKETING INTERNATIONAL,MACAO,QINGDAO,CHINA (MAINLAND)
2019,470200,ROYAL GOLDEN EAGLE,APRIL,BUATAN,RIAU,506,252900,ROYAL GOLDEN EAGLE,APRIL FAR EAST MALAYSIA SDN BHD,MALAYSIA,JIUJIANG,CHINA (MAINLAND)
2019,470200,ROYAL GOLDEN EAGLE,APRIL,FUTONG,RIAU,506,207603,ROYAL GOLDEN EAGLE,APRIL FAR EAST MALAYSIA SDN BHD,MALAYSIA,JIUJIANG,CHINA (MAINLAND)
2019,470200,ROYAL GOLDEN EAGLE,APRIL,FUTONG,RIAU,507,207789,ROYAL GOLDEN EAGLE,APRIL FAR EAST MALAYSIA SDN BHD,MALAYSIA,LIANYUNGANG,CHINA (MAINLAND)
2019,470200,ROYAL GOLDEN EAGLE,APRIL,BUATAN,RIAU,506,253010,ROYAL GOLDEN EAGLE,APRIL FAR EAST MALAYSIA SDN BHD,MALAYSIA,JIUJIANG,CHINA (MAINLAND)
2019,470200,ROYAL GOLDEN EAGLE,APRIL,FUTONG,RIAU,507,207770,ROYAL GOLDEN EAGLE,APRIL FAR EAST MALAYSIA SDN BHD,MALAYSIA,JIUJIANG,CHINA (MAINLAND)
2019,470200,ROYAL GOLDEN EAGLE,APRIL,BUATAN,RIAU,506,252954,ROYAL GOLDEN EAGLE,APRIL FAR EAST MALAYSIA SDN BHD,MALAYSIA,JIUJIANG,CHINA (MAINLAND)
2019,470200,ROYAL GOLDEN EAGLE,APRIL,FUTONG,RIAU,507,207785,ROYAL GOLDEN EAGLE,APRIL FAR EAST MALAYSIA SDN BHD,MALAYSIA,JIUJIANG,CHINA (MAINLAND)
2019,470200,ROYAL GOLDEN EAGLE,APRIL,FUTONG,RIAU,506,207526,ROYAL GOLDEN EAGLE,APRIL FAR EAST MALAYSIA SDN BHD,MALAYSIA,JIUJIANG,CHINA (MAINLAND)
2019,470200,ROYAL GOLDEN EAGLE,APRIL,FUTONG,RIAU,507,207779,ROYAL GOLDEN EAGLE,APRIL FAR EAST MALAYSIA SDN BHD,MALAYSIA,LIANYUNGANG,CHINA (MAINLAND)
2019,470200,ROYAL GOLDEN EAGLE,APRIL,FUTONG,RIAU,506,255746,ROYAL GOLDEN EAGLE,APRIL FAR EAST MALAYSIA SDN BHD,MALAYSIA,LIANYUNGANG,CHINA (MAINLAND)
2019,470200,ROYAL GOLDEN EAGLE,APRIL,FUTONG,RIAU,507,255939,ROYAL GOLDEN EAGLE,APRIL FAR EAST MALAYSIA SDN BHD,MALAYSIA,LIANYUNGANG,CHINA (MAINLAND)
2019,470200,ROYAL GOLDEN EAGLE,APRIL,FUTONG,RIAU,506,255755,ROYAL GOLDEN EAGLE,APRIL FAR EAST MALAYSIA SDN BHD,MALAYSIA,LIANYUNGANG,CHINA (MAINLAND)
2019,470200,ROYAL GOLDEN EAGLE,APRIL,BUATAN,RIAU,507,207682,ROYAL GOLDEN EAGLE,APRIL FAR EAST MALAYSIA SDN BHD,MALAYSIA,FUZHOU,CHINA (MAINLAND)
2019,470200,ROYAL GOLDEN EAGLE,APRIL,FUTONG,RIAU,507,207745,ROYAL GOLDEN EAGLE,APRIL FAR EAST MALAYSIA SDN BHD,MALAYSIA,JIUJIANG,CHINA (MAINLAND)
2019,470200,ROYAL GOLDEN EAGLE,APRIL,FUTONG,RIAU,507,207719,ROYAL GOLDEN EAGLE,APRIL FAR EAST MALAYSIA SDN BHD,MALAYSIA,JIUJIANG,CHINA (MAINLAND)
2019,470200,ROYAL GOLDEN EAGLE,APRIL,FUTONG,RIAU,506,207560,ROYAL GOLDEN EAGLE,APRIL FAR EAST MALAYSIA SDN BHD,MALAYSIA,JIUJIANG,CHINA (MAINLAND)
2019,470200,ROYAL GOLDEN EAGLE,APRIL,BUATAN,RIAU,506,207519,ROYAL GOLDEN EAGLE,APRIL FAR EAST MALAYSIA SDN BHD,MALAYSIA,JIUJIANG,CHINA (MAINLAND)
2019,470200,ROYAL GOLDEN EAGLE,APRIL,BUATAN,RIAU,506,207431,ROYAL GOLDEN EAGLE,APRIL FAR EAST MALAYSIA SDN BHD,MALAYSIA,JIUJIANG,CHINA (MAINLAND)
2019,470200,ROYAL GOLDEN EAGLE,APRIL,BUATAN,RIAU,506,207367,ROYAL GOLDEN EAGLE,APRIL FAR EAST MALAYSIA SDN BHD,MALAYSIA,JIUJIANG,CHINA (MAINLAND)
2019,470200,ROYAL GOLDEN EAGLE,APRIL,BUATAN,RIAU,505,207064,ROYAL GOLDEN EAGLE,APRIL FAR EAST MALAYSIA SDN BHD,MALAYSIA,LIANYUNGANG,CHINA (MAINLAND)
2019,470200,ROYAL GOLDEN EAGLE,APRIL,BUATAN,RIAU,506,253170,ROYAL GOLDEN EAGLE,APRIL FAR EAST MALAYSIA SDN BHD,MALAYSIA,JIUJIANG,CHINA (MAINLAND)
2019,470200,ROYAL GOLDEN EAGLE,APRIL,BUATAN,RIAU,506,207421,ROYAL GOLDEN EAGLE,APRIL FAR EAST MALAYSIA SDN BHD,MALAYSIA,JIUJIANG,CHINA (MAINLAND)
2019,470200,ROYAL GOLDEN EAGLE,APRIL,FUTONG,RIAU,506,207450,ROYAL GOLDEN EAGLE,APRIL FAR EAST MALAYSIA SDN BHD,MALAYSIA,FUZHOU,CHINA (MAINLAND)
2019,470200,ROYAL GOLDEN EAGLE,APRIL,FUTONG,RIAU,506,207433,ROYAL GOLDEN EAGLE,APRIL FAR EAST MALAYSIA SDN BHD,MALAYSIA,JIUJIANG,CHINA (MAINLAND)
2019,470200,ROYAL GOLDEN EAGLE,APRIL,BUATAN,RIAU,506,207333,ROYAL GOLDEN EAGLE,APRIL FAR EAST MALAYSIA SDN BHD,MALAYSIA,LIANYUNGANG,CHINA (MAINLAND)
2019,470200,ROYAL GOLDEN EAGLE,APRIL,FUTONG,RIAU,507,207800,ROYAL GOLDEN EAGLE,APRIL FAR EAST MALAYSIA SDN BHD,MALAYSIA,JIUJIANG,CHINA (MAINLAND)
2019,470200,ROYAL GOLDEN EAGLE,APRIL,BUATAN,RIAU,506,207403,ROYAL GOLDEN EAGLE,APRIL FAR EAST MALAYSIA SDN BHD,MALAYSIA,JIUJIANG,CHINA (MAINLAND)
2019,470200,ROYAL GOLDEN EAGLE,APRIL,FUTONG,RIAU,507,207681,ROYAL GOLDEN EAGLE,APRIL FAR EAST MALAYSIA SDN BHD,MALAYSIA,JIUJIANG,CHINA (MAINLAND)
2019,470200,ROYAL GOLDEN EAGLE,APRIL,BUATAN,RIAU,506,207607,ROYAL GOLDEN EAGLE,APRIL FAR EAST MALAYSIA SDN BHD,MALAYSIA,FUZHOU,CHINA (MAINLAND)
2019,470200,ROYAL GOLDEN EAGLE,APRIL,FUTONG,RIAU,506,207619,ROYAL GOLDEN EAGLE,APRIL FAR EAST MALAYSIA SDN BHD,MALAYSIA,FUZHOU,CHINA (MAINLAND)
2019,470200,ROYAL GOLDEN EAGLE,APRIL,FUTONG,RIAU,506,207640,ROYAL GOLDEN EAGLE,APRIL FAR EAST MALAYSIA SDN BHD,MALAYSIA,FUZHOU,CHINA (MAINLAND)
2019,470200,ROYAL GOLDEN EAGLE,APRIL,FUTONG,RIAU,506,207496,ROYAL GOLDEN EAGLE,APRIL FAR EAST MALAYSIA SDN BHD,MALAYSIA,JIUJIANG,CHINA (MAINLAND)
2019,470200,ROYAL GOLDEN EAGLE,APRIL,BUATAN,RIAU,506,207621,ROYAL GOLDEN EAGLE,APRIL FAR EAST MALAYSIA SDN BHD,MALAYSIA,FUZHOU,CHINA (MAINLAND)
2019,470200,ROYAL GOLDEN EAGLE,APRIL,FUTONG,RIAU,507,207676,ROYAL GOLDEN EAGLE,APRIL FAR EAST MALAYSIA SDN BHD,MALAYSIA,FUZHOU,CHINA (MAINLAND)
2019,470200,ROYAL GOLDEN EAGLE,APRIL,BUATAN,RIAU,506,207324,ROYAL GOLDEN EAGLE,APRIL FAR EAST MALAYSIA SDN BHD,MALAYSIA,FUZHOU,CHINA (MAINLAND)
2019,470200,ROYAL GOLDEN EAGLE,APRIL,BUATAN,RIAU,505,207224,ROYAL GOLDEN EAGLE,APRIL FAR EAST MALAYSIA SDN BHD,MALAYSIA,LIANYUNGANG,CHINA (MAINLAND)
2019,470200,ROYAL GOLDEN EAGLE,APRIL,BUATAN,RIAU,507,207715,ROYAL GOLDEN EAGLE,APRIL FAR EAST MALAYSIA SDN BHD,MALAYSIA,FUZHOU,CHINA (MAINLAND)
2019,470200,ROYAL GOLDEN EAGLE,APRIL,FUTONG,RIAU,506,207615,ROYAL GOLDEN EAGLE,APRIL FAR EAST MALAYSIA SDN BHD,MALAYSIA,JIUJIANG,CHINA (MAINLAND)
2019,470200,ROYAL GOLDEN EAGLE,APRIL,FUTONG,RIAU,507,207749,ROYAL GOLDEN EAGLE,APRIL FAR EAST MALAYSIA SDN BHD,MALAYSIA,JIUJIANG,CHINA (MAINLAND)
2019,470200,ROYAL GOLDEN EAGLE,APRIL,FUTONG,RIAU,506,207567,ROYAL GOLDEN EAGLE,APRIL FAR EAST MALAYSIA SDN BHD,MALAYSIA,JIUJIANG,CHINA (MAINLAND)
2019,470200,ROYAL GOLDEN EAGLE,APRIL,BUATAN,RIAU,223,91345,ROYAL GOLDEN EAGLE,APRIL FAR EAST MALAYSIA SDN BHD,MALAYSIA,JIUJIANG,CHINA (MAINLAND)
2019,470200,ROYAL GOLDEN EAGLE,APRIL,BUATAN,RIAU,506,207514,ROYAL GOLDEN EAGLE,APRIL FAR EAST MALAYSIA SDN BHD,MALAYSIA,JIUJIANG,CHINA (MAINLAND)
2019,470200,ROYAL GOLDEN EAGLE,APRIL,FUTONG,RIAU,507,207749,ROYAL GOLDEN EAGLE,APRIL FAR EAST MALAYSIA SDN BHD,MALAYSIA,FUZHOU,CHINA (MAINLAND)
2019,470200,ROYAL GOLDEN EAGLE,APRIL,BUATAN,RIAU,506,207378,ROYAL GOLDEN EAGLE,APRIL FAR EAST MALAYSIA SDN BHD,MALAYSIA,JIUJIANG,CHINA (MAINLAND)
2019,470200,ROYAL GOLDEN EAGLE,APRIL,FUTONG,RIAU,507,207740,ROYAL GOLDEN EAGLE,APRIL FAR EAST MALAYSIA SDN BHD,MALAYSIA,JIUJIANG,CHINA (MAINLAND)
2019,470200,ROYAL GOLDEN EAGLE,APRIL,FUTONG,RIAU,506,207573,ROYAL GOLDEN EAGLE,APRIL FAR EAST MALAYSIA SDN BHD,MALAYSIA,FUZHOU,CHINA (MAINLAND)
2019,470200,ROYAL GOLDEN EAGLE,APRIL,FUTONG,RIAU,505,207203,ROYAL GOLDEN EAGLE,APRIL FAR EAST MALAYSIA SDN BHD,MALAYSIA,FUZHOU,CHINA (MAINLAND)
2019,470200,ROYAL GOLDEN EAGLE,APRIL,BUATAN,RIAU,505,207127,ROYAL GOLDEN EAGLE,APRIL FAR EAST MALAYSIA SDN BHD,MALAYSIA,JIUJIANG,CHINA (MAINLAND)
2019,470200,ROYAL GOLDEN EAGLE,APRIL,FUTONG,RIAU,506,207305,ROYAL GOLDEN EAGLE,APRIL FAR EAST MALAYSIA SDN BHD,MALAYSIA,JIUJIANG,CHINA (MAINLAND)
2019,470200,ROYAL GOLDEN EAGLE,APRIL,FUTONG,RIAU,506,207574,ROYAL GOLDEN EAGLE,APRIL FAR EAST MALAYSIA SDN BHD,MALAYSIA,FUZHOU,CHINA (MAINLAND)
2019,470200,ROYAL GOLDEN EAGLE,APRIL,BUATAN,RIAU,505,207035,ROYAL GOLDEN EAGLE,APRIL FAR EAST MALAYSIA SDN BHD,MALAYSIA,FUZHOU,CHINA (MAINLAND)
2019,470200,ROYAL GOLDEN EAGLE,TOBA PULP LESTARI,BELAWAN,SUMATERA UTARA,1005,578777,ROYAL GOLDEN EAGLE,DP MARKETING INTERNATIONAL,MACAO,QINGDAO,CHINA (MAINLAND)
2019,470200,ROYAL GOLDEN EAGLE,APRIL,BUATAN,RIAU,506,207433,ROYAL GOLDEN EAGLE,APRIL FAR EAST MALAYSIA SDN BHD,MALAYSIA,FUZHOU,CHINA (MAINLAND)
2019,470200,ROYAL GOLDEN EAGLE,APRIL,FUTONG,RIAU,506,207314,ROYAL GOLDEN EAGLE,APRIL FAR EAST MALAYSIA SDN BHD,MALAYSIA,FUZHOU,CHINA (MAINLAND)
2019,470200,ROYAL GOLDEN EAGLE,APRIL,FUTONG,RIAU,506,207465,ROYAL GOLDEN EAGLE,APRIL FAR EAST MALAYSIA SDN BHD,MALAYSIA,JIUJIANG,CHINA (MAINLAND)
2019,470200,ROYAL GOLDEN EAGLE,APRIL,FUTONG,RIAU,504,206806,ROYAL GOLDEN EAGLE,APRIL FAR EAST MALAYSIA SDN BHD,MALAYSIA,JIUJIANG,CHINA (MAINLAND)
2019,470200,ROYAL GOLDEN EAGLE,APRIL,BUATAN,RIAU,506,207389,ROYAL GOLDEN EAGLE,APRIL FAR EAST MALAYSIA SDN BHD,MALAYSIA,JIUJIANG,CHINA (MAINLAND)
2019,470200,ROYAL GOLDEN EAGLE,APRIL,BUATAN,RIAU,283,116146,ROYAL GOLDEN EAGLE,APRIL FAR EAST MALAYSIA SDN BHD,MALAYSIA,JIUJIANG,CHINA (MAINLAND)
2019,470200,ROYAL GOLDEN EAGLE,APRIL,BUATAN,RIAU,505,207239,ROYAL GOLDEN EAGLE,APRIL FAR EAST MALAYSIA SDN BHD,MALAYSIA,JIUJIANG,CHINA (MAINLAND)
2019,470200,ROYAL GOLDEN EAGLE,APRIL,BUATAN,RIAU,506,207305,ROYAL GOLDEN EAGLE,APRIL FAR EAST MALAYSIA SDN BHD,MALAYSIA,FUZHOU,CHINA (MAINLAND)
2019,470200,ROYAL GOLDEN EAGLE,APRIL,BUATAN,RIAU,506,207386,ROYAL GOLDEN EAGLE,APRIL FAR EAST MALAYSIA SDN BHD,MALAYSIA,JIUJIANG,CHINA (MAINLAND)
2019,470200,ROYAL GOLDEN EAGLE,APRIL,BUATAN,RIAU,506,207285,ROYAL GOLDEN EAGLE,APRIL FAR EAST MALAYSIA SDN BHD,MALAYSIA,JIUJIANG,CHINA (MAINLAND)
2019,470200,ROYAL GOLDEN EAGLE,APRIL,BUATAN,RIAU,506,207415,ROYAL GOLDEN EAGLE,APRIL FAR EAST MALAYSIA SDN BHD,MALAYSIA,JIUJIANG,CHINA (MAINLAND)
2019,470200,ROYAL GOLDEN EAGLE,APRIL,FUTONG,RIAU,506,207528,ROYAL GOLDEN EAGLE,APRIL FAR EAST MALAYSIA SDN BHD,MALAYSIA,JIUJIANG,CHINA (MAINLAND)
2019,470200,ROYAL GOLDEN EAGLE,APRIL,BUATAN,RIAU,506,207330,ROYAL GOLDEN EAGLE,APRIL FAR EAST MALAYSIA SDN BHD,MALAYSIA,JIUJIANG,CHINA (MAINLAND)
2019,470200,ROYAL GOLDEN EAGLE,APRIL,BUATAN,RIAU,364,149381,ROYAL GOLDEN EAGLE,APRIL FAR EAST MALAYSIA SDN BHD,MALAYSIA,JIUJIANG,CHINA (MAINLAND)
2019,470200,ROYAL GOLDEN EAGLE,APRIL,FUTONG,RIAU,506,207642,ROYAL GOLDEN EAGLE,APRIL FAR EAST MALAYSIA SDN BHD,MALAYSIA,JIUJIANG,CHINA (MAINLAND)
2019,470200,ROYAL GOLDEN EAGLE,APRIL,FUTONG,RIAU,507,207669,ROYAL GOLDEN EAGLE,APRIL FAR EAST MALAYSIA SDN BHD,MALAYSIA,LIANYUNGANG,CHINA (MAINLAND)
2019,470200,ROYAL GOLDEN EAGLE,APRIL,FUTONG,RIAU,506,207601,ROYAL GOLDEN EAGLE,APRIL FAR EAST MALAYSIA SDN BHD,MALAYSIA,LIANYUNGANG,CHINA (MAINLAND)
2019,470200,ROYAL GOLDEN EAGLE,APRIL,FUTONG,RIAU,506,207588,ROYAL GOLDEN EAGLE,APRIL FAR EAST MALAYSIA SDN BHD,MALAYSIA,JIUJIANG,CHINA (MAINLAND)
2019,470200,ROYAL GOLDEN EAGLE,APRIL,FUTONG,RIAU,506,207606,ROYAL GOLDEN EAGLE,APRIL FAR EAST MALAYSIA SDN BHD,MALAYSIA,JIUJIANG,CHINA (MAINLAND)
2019,470200,ROYAL GOLDEN EAGLE,APRIL,FUTONG,RIAU,506,207574,ROYAL GOLDEN EAGLE,APRIL FAR EAST MALAYSIA SDN BHD,MALAYSIA,JIUJIANG,CHINA (MAINLAND)
2019,470200,ROYAL GOLDEN EAGLE,APRIL,BUATAN,RIAU,506,207303,ROYAL GOLDEN EAGLE,APRIL FAR EAST MALAYSIA SDN BHD,MALAYSIA,LIANYUNGANG,CHINA (MAINLAND)
2019,470200,ROYAL GOLDEN EAGLE,APRIL,FUTONG,RIAU,506,207576,ROYAL GOLDEN EAGLE,APRIL FAR EAST MALAYSIA SDN BHD,MALAYSIA,JIUJIANG,CHINA (MAINLAND)
2019,470200,ROYAL GOLDEN EAGLE,APRIL,BUATAN,RIAU,506,207574,ROYAL GOLDEN EAGLE,APRIL FAR EAST MALAYSIA SDN BHD,MALAYSIA,LIANYUNGANG,CHINA (MAINLAND)
2019,470200,ROYAL GOLDEN EAGLE,APRIL,BUATAN,RIAU,506,207446,ROYAL GOLDEN EAGLE,APRIL FAR EAST MALAYSIA SDN BHD,MALAYSIA,LIANYUNGANG,CHINA (MAINLAND)
2019,470200,ROYAL GOLDEN EAGLE,APRIL,BUATAN,RIAU,506,207433,ROYAL GOLDEN EAGLE,APRIL FAR EAST MALAYSIA SDN BHD,MALAYSIA,LIANYUNGANG,CHINA (MAINLAND)
2019,470200,ROYAL GOLDEN EAGLE,APRIL,FUTONG,RIAU,506,207426,ROYAL GOLDEN EAGLE,APRIL FAR EAST MALAYSIA SDN BHD,MALAYSIA,FUZHOU,CHINA (MAINLAND)
2019,470200,ROYAL GOLDEN EAGLE,APRIL,FUTONG,RIAU,506,207546,ROYAL GOLDEN EAGLE,APRIL FAR EAST MALAYSIA SDN BHD,MALAYSIA,JIUJIANG,CHINA (MAINLAND)
2019,470200,ROYAL GOLDEN EAGLE,APRIL,FUTONG,RIAU,506,207399,ROYAL GOLDEN EAGLE,APRIL FAR EAST MALAYSIA SDN BHD,MALAYSIA,JIUJIANG,CHINA (MAINLAND)
2019,470200,ROYAL GOLDEN EAGLE,APRIL,FUTONG,RIAU,506,207624,ROYAL GOLDEN EAGLE,APRIL FAR EAST MALAYSIA SDN BHD,MALAYSIA,FUZHOU,CHINA (MAINLAND)
2019,470200,ROYAL GOLDEN EAGLE,APRIL,FUTONG,RIAU,506,207581,ROYAL GOLDEN EAGLE,APRIL FAR EAST MALAYSIA SDN BHD,MALAYSIA,JIUJIANG,CHINA (MAINLAND)
2019,470200,ROYAL GOLDEN EAGLE,APRIL,FUTONG,RIAU,506,207406,ROYAL GOLDEN EAGLE,APRIL FAR EAST MALAYSIA SDN BHD,MALAYSIA,JIUJIANG,CHINA (MAINLAND)
2019,470200,ROYAL GOLDEN EAGLE,APRIL,FUTONG,RIAU,506,207311,ROYAL GOLDEN EAGLE,APRIL FAR EAST MALAYSIA SDN BHD,MALAYSIA,LIANYUNGANG,CHINA (MAINLAND)
2019,470200,ROYAL GOLDEN EAGLE,TOBA PULP LESTARI,BELAWAN,SUMATERA UTARA,1004,578090,ROYAL GOLDEN EAGLE,DP MARKETING INTERNATIONAL,MACAO,QINGDAO,CHINA (MAINLAND)
2019,470200,ROYAL GOLDEN EAGLE,APRIL,BUATAN,RIAU,506,207418,ROYAL GOLDEN EAGLE,APRIL FAR EAST MALAYSIA SDN BHD,MALAYSIA,LIANYUNGANG,CHINA (MAINLAND)
2019,470200,ROYAL GOLDEN EAGLE,APRIL,BUATAN,RIAU,506,207370,ROYAL GOLDEN EAGLE,APRIL FAR EAST MALAYSIA SDN BHD,MALAYSIA,JIUJIANG,CHINA (MAINLAND)
2019,470200,ROYAL GOLDEN EAGLE,APRIL,FUTONG,RIAU,506,207437,ROYAL GOLDEN EAGLE,APRIL FAR EAST MALAYSIA SDN BHD,MALAYSIA,FUZHOU,CHINA (MAINLAND)
2019,470200,ROYAL GOLDEN EAGLE,APRIL,BUATAN,RIAU,505,207228,ROYAL GOLDEN EAGLE,APRIL FAR EAST MALAYSIA SDN BHD,MALAYSIA,FUZHOU,CHINA (MAINLAND)
2019,470200,ROYAL GOLDEN EAGLE,APRIL,FUTONG,RIAU,506,207599,ROYAL GOLDEN EAGLE,APRIL FAR EAST MALAYSIA SDN BHD,MALAYSIA,FUZHOU,CHINA (MAINLAND)
2019,470200,ROYAL GOLDEN EAGLE,APRIL,FUTONG,RIAU,506,207458,ROYAL GOLDEN EAGLE,APRIL FAR EAST MALAYSIA SDN BHD,MALAYSIA,FUZHOU,CHINA (MAINLAND)
2019,470200,ROYAL GOLDEN EAGLE,APRIL,BUATAN,RIAU,505,207178,ROYAL GOLDEN EAGLE,APRIL FAR EAST MALAYSIA SDN BHD,MALAYSIA,FUZHOU,CHINA (MAINLAND)
2019,470200,ROYAL GOLDEN EAGLE,APRIL,BUATAN,RIAU,324,132703,ROYAL GOLDEN EAGLE,APRIL FAR EAST MALAYSIA SDN BHD,MALAYSIA,FUZHOU,CHINA (MAINLAND)
2019,470200,ROYAL GOLDEN EAGLE,APRIL,BUATAN,RIAU,506,207323,ROYAL GOLDEN EAGLE,APRIL FAR EAST MALAYSIA SDN BHD,MALAYSIA,LIANYUNGANG,CHINA (MAINLAND)
2019,470200,ROYAL GOLDEN EAGLE,APRIL,FUTONG,RIAU,506,207479,ROYAL GOLDEN EAGLE,APRIL FAR EAST MALAYSIA SDN BHD,MALAYSIA,FUZHOU,CHINA (MAINLAND)
2019,470200,ROYAL GOLDEN EAGLE,APRIL,BUATAN,RIAU,506,207280,ROYAL GOLDEN EAGLE,APRIL FAR EAST MALAYSIA SDN BHD,MALAYSIA,JIUJIANG,CHINA (MAINLAND)
2019,470200,ROYAL GOLDEN EAGLE,APRIL,FUTONG,RIAU,506,207362,ROYAL GOLDEN EAGLE,APRIL FAR EAST MALAYSIA SDN BHD,MALAYSIA,LIANYUNGANG,CHINA (MAINLAND)
2019,470200,ROYAL GOLDEN EAGLE,APRIL,BUATAN,RIAU,506,207457,ROYAL GOLDEN EAGLE,APRIL FAR EAST MALAYSIA SDN BHD,MALAYSIA,LIANYUNGANG,CHINA (MAINLAND)
2019,470200,ROYAL GOLDEN EAGLE,APRIL,BUATAN,RIAU,506,207573,ROYAL GOLDEN EAGLE,APRIL FAR EAST MALAYSIA SDN BHD,MALAYSIA,JIUJIANG,CHINA (MAINLAND)
2019,470200,ROYAL GOLDEN EAGLE,APRIL,FUTONG,RIAU,506,207531,ROYAL GOLDEN EAGLE,APRIL FAR EAST MALAYSIA SDN BHD,MALAYSIA,LIANYUNGANG,CHINA (MAINLAND)
2019,470200,ROYAL GOLDEN EAGLE,APRIL,BUATAN,RIAU,505,207212,ROYAL GOLDEN EAGLE,APRIL FAR EAST MALAYSIA SDN BHD,MALAYSIA,LIANYUNGANG,CHINA (MAINLAND)
2019,470200,ROYAL GOLDEN EAGLE,APRIL,BUATAN,RIAU,506,207282,ROYAL GOLDEN EAGLE,APRIL FAR EAST MALAYSIA SDN BHD,MALAYSIA,FUZHOU,CHINA (MAINLAND)
2019,470200,ROYAL GOLDEN EAGLE,APRIL,BUATAN,RIAU,506,207447,ROYAL GOLDEN EAGLE,APRIL FAR EAST MALAYSIA SDN BHD,MALAYSIA,FUZHOU,CHINA (MAINLAND)
2019,470200,ROYAL GOLDEN EAGLE,APRIL,BUATAN,RIAU,506,207403,ROYAL GOLDEN EAGLE,APRIL FAR EAST MALAYSIA SDN BHD,MALAYSIA,LIANYUNGANG,CHINA (MAINLAND)
2019,470200,ROYAL GOLDEN EAGLE,APRIL,BUATAN,RIAU,507,207716,ROYAL GOLDEN EAGLE,APRIL FAR EAST MALAYSIA SDN BHD,MALAYSIA,FUZHOU,CHINA (MAINLAND)
2019,470200,ROYAL GOLDEN EAGLE,APRIL,BUATAN,RIAU,61,24920,ROYAL GOLDEN EAGLE,APRIL FAR EAST MALAYSIA SDN BHD,MALAYSIA,JIUJIANG,CHINA (MAINLAND)