YEAR,HS_CODE,MILL_CORPORATE_GROUP,MILL,PORT_OF_EXPORT,PROVINCE_OF_EXPORT,PULP_EXPORT_VOLUME_TONNES,FOB_VALUES_USD,IMPORTER_CORPORATE_GROUP,IMPORTER,COUNTRY_OF_IMPORTER,PORT_OF_DESTINATION,COUNTRY_OF_DESTINATION
2016,470329,ROYAL GOLDEN EAGLE,APRIL,FUTONG,RIAU,2008,943566,ROYAL GOLDEN EAGLE,AP ENTERPRISES (MACAO) COMMERCIAL OFFSHORE LTD,MACAO,#N/A,SOUTH KOREA
2016,470329,ROYAL GOLDEN EAGLE,APRIL,FUTONG,RIAU,2111,992272,ROYAL GOLDEN EAGLE,AP ENTERPRISES (MACAO) COMMERCIAL OFFSHORE LTD,MACAO,#N/A,SOUTH KOREA
2016,470329,ROYAL GOLDEN EAGLE,APRIL,FUTONG,RIAU,402,188896,ROYAL GOLDEN EAGLE,AP ENTERPRISES (MACAO) COMMERCIAL OFFSHORE LTD,MACAO,#N/A,SOUTH KOREA
2016,470329,ROYAL GOLDEN EAGLE,APRIL,FUTONG,RIAU,3013,1416183,ROYAL GOLDEN EAGLE,AP ENTERPRISES (MACAO) COMMERCIAL OFFSHORE LTD,MACAO,#N/A,SOUTH KOREA
2016,470329,ROYAL GOLDEN EAGLE,APRIL,BUATAN,RIAU,603,283196,ROYAL GOLDEN EAGLE,ALKIRA TRADING (MACAO COMMERCIAL OFFSHORE) LTD,MACAO,#N/A,CHINA (MAINLAND)
2016,470329,ROYAL GOLDEN EAGLE,APRIL,FUTONG,RIAU,2511,1180077,ROYAL GOLDEN EAGLE,AP ENTERPRISES (MACAO) COMMERCIAL OFFSHORE LTD,MACAO,#N/A,SOUTH KOREA
2016,470329,ROYAL GOLDEN EAGLE,APRIL,BUATAN,RIAU,1003,471540,ROYAL GOLDEN EAGLE,ALKIRA TRADING (MACAO COMMERCIAL OFFSHORE) LTD,MACAO,#N/A,CHINA (MAINLAND)
2016,470329,SINAR MAS,INDAH KIAT,PERAWANG,RIAU,1000,550000,UNKNOWN AFFILIATION,NINGBO CROWN OF CHINA ENERGY CO LTD,CHINA (MAINLAND),#N/A,CHINA (MAINLAND)
2016,470329,SINAR MAS,INDAH KIAT,PERAWANG,RIAU,504,252583,UNKNOWN AFFILIATION,NINGBO CROWN OF CHINA ENERGY CO LTD,CHINA (MAINLAND),#N/A,CHINA (MAINLAND)
2016,470329,SINAR MAS,INDAH KIAT,PERAWANG,RIAU,1000,535116,UNKNOWN AFFILIATION,NINGBO CROWN OF CHINA ENERGY CO LTD,CHINA (MAINLAND),#N/A,CHINA (MAINLAND)
2016,470329,SINAR MAS,INDAH KIAT,PERAWANG,RIAU,500,266544,SINAR MAS,GOLDEN PROFIT TRADING PTE LTD,SINGAPORE,#N/A,THAILAND
2016,470329,ROYAL GOLDEN EAGLE,TOBA PULP LESTARI,BELAWAN,SUMATERA UTARA,513,259170,ROYAL GOLDEN EAGLE,DP MARKETING INTERNATIONAL,MACAO,#N/A,CHINA (MAINLAND)
2016,470329,ROYAL GOLDEN EAGLE,APRIL,BUATAN,RIAU,804,377714,ROYAL GOLDEN EAGLE,ALKIRA TRADING (MACAO COMMERCIAL OFFSHORE) LTD,MACAO,#N/A,CHINA (MAINLAND)
2016,470329,ROYAL GOLDEN EAGLE,TOBA PULP LESTARI,BELAWAN,SUMATERA UTARA,495,249745,ROYAL GOLDEN EAGLE,DP MARKETING INTERNATIONAL,MACAO,#N/A,CHINA (MAINLAND)
2016,470329,SINAR MAS,INDAH KIAT,PERAWANG,RIAU,1000,524631,UNKNOWN AFFILIATION,NINGBO CROWN OF CHINA ENERGY CO LTD,CHINA (MAINLAND),#N/A,CHINA (MAINLAND)
2016,470329,SINAR MAS,INDAH KIAT,PERAWANG,RIAU,500,268911,UNKNOWN AFFILIATION,NINGBO CROWN OF CHINA ENERGY CO LTD,CHINA (MAINLAND),#N/A,CHINA (MAINLAND)
2016,470329,MARUBENI,TANJUNG ENIM LESTARI,PANJANG,SUMATERA SELATAN,1014,531133,MARUBENI,MARUBENI CORP,JAPAN,#N/A,CHINA (MAINLAND)
2016,470329,MARUBENI,TANJUNG ENIM LESTARI,PANJANG,SUMATERA SELATAN,1011,521450,MARUBENI,MARUBENI CORP,JAPAN,#N/A,CHINA (MAINLAND)
2016,470329,MARUBENI,TANJUNG ENIM LESTARI,PANJANG,SUMATERA SELATAN,265,134272,MARUBENI,MARUBENI CORP,JAPAN,#N/A,INDIA
2016,470329,MARUBENI,TANJUNG ENIM LESTARI,PANJANG,SUMATERA SELATAN,505,263121,MARUBENI,MARUBENI CORP,JAPAN,#N/A,CHINA (MAINLAND)
2016,470329,MARUBENI,TANJUNG ENIM LESTARI,PANJANG,SUMATERA SELATAN,507,261550,CELLMARK,CELLMARK ASIA PTE LTD,SINGAPORE,#N/A,UNITED ARAB EMIRATES
2016,470329,MARUBENI,TANJUNG ENIM LESTARI,PANJANG,SUMATERA SELATAN,263,133082,MARUBENI,MARUBENI CORP,JAPAN,#N/A,INDIA
2016,470329,MARUBENI,TANJUNG ENIM LESTARI,PANJANG,SUMATERA SELATAN,308,166202,MARUBENI,MARUBENI CORP,JAPAN,#N/A,INDIA
2016,470329,MARUBENI,TANJUNG ENIM LESTARI,PANJANG,SUMATERA SELATAN,266,143837,MARUBENI,MARUBENI CORP,JAPAN,#N/A,MALAYSIA
2016,470329,ROYAL GOLDEN EAGLE,TOBA PULP LESTARI,BELAWAN,SUMATERA UTARA,514,259566,ROYAL GOLDEN EAGLE,DP MARKETING INTERNATIONAL,MACAO,#N/A,CHINA (MAINLAND)
2016,470329,ROYAL GOLDEN EAGLE,TOBA PULP LESTARI,BELAWAN,SUMATERA UTARA,988,498904,ROYAL GOLDEN EAGLE,DP MARKETING INTERNATIONAL,MACAO,#N/A,CHINA (MAINLAND)
2016,470329,ROYAL GOLDEN EAGLE,APRIL,BUATAN,RIAU,503,236269,ROYAL GOLDEN EAGLE,AP ENTERPRISES (MACAO) COMMERCIAL OFFSHORE LTD,MACAO,#N/A,BANGLADESH
2016,470329,ROYAL GOLDEN EAGLE,APRIL,BUATAN,RIAU,597,280606,ROYAL GOLDEN EAGLE,APEL ENTERPRISES (SINGAPORE) PTE LTD,SINGAPORE,#N/A,EGYPT
2016,470329,ROYAL GOLDEN EAGLE,APRIL,BUATAN,RIAU,241,113262,ROYAL GOLDEN EAGLE,APEL ENTERPRISES (SINGAPORE) PTE LTD,SINGAPORE,#N/A,INDIA
2016,470329,ROYAL GOLDEN EAGLE,APRIL,BUATAN,RIAU,101,47251,ROYAL GOLDEN EAGLE,AP ENTERPRISES (MACAO) COMMERCIAL OFFSHORE LTD,MACAO,#N/A,BANGLADESH
2016,470329,ROYAL GOLDEN EAGLE,APRIL,BUATAN,RIAU,501,235665,ROYAL GOLDEN EAGLE,AP ENTERPRISES (MACAO) COMMERCIAL OFFSHORE LTD,MACAO,#N/A,BANGLADESH
2016,470329,SINAR MAS,LONTAR PAPYRUS,KUALA TUNGKAL,JAMBI,299,139038,SINAR MAS,GOLDEN PROFIT TRADING PTE LTD,SINGAPORE,#N/A,BANGLADESH
2016,470329,ROYAL GOLDEN EAGLE,APRIL,BUATAN,RIAU,1004,471930,ROYAL GOLDEN EAGLE,APEL ENTERPRISES (SINGAPORE) PTE LTD,SINGAPORE,#N/A,INDIA
2016,470329,ROYAL GOLDEN EAGLE,APRIL,FUTONG,RIAU,4018,1888530,ROYAL GOLDEN EAGLE,ALKIRA TRADING (MACAO COMMERCIAL OFFSHORE) LTD,MACAO,#N/A,CHINA (MAINLAND)
2016,470329,ROYAL GOLDEN EAGLE,APRIL,FUTONG,RIAU,3015,1417172,ROYAL GOLDEN EAGLE,ALKIRA TRADING (MACAO COMMERCIAL OFFSHORE) LTD,MACAO,#N/A,CHINA (MAINLAND)
2016,470329,ROYAL GOLDEN EAGLE,APRIL,FUTONG,RIAU,3615,1698848,ROYAL GOLDEN EAGLE,ALKIRA TRADING (MACAO COMMERCIAL OFFSHORE) LTD,MACAO,#N/A,CHINA (MAINLAND)
2016,470329,SINAR MAS,INDAH KIAT,PERAWANG,RIAU,504,245810,UNKNOWN AFFILIATION,SUZHOU GUANBAO TRADING LTD,CHINA (MAINLAND),#N/A,CHINA (MAINLAND)
2016,470329,SINAR MAS,INDAH KIAT,PERAWANG,RIAU,132,65821,UNKNOWN AFFILIATION,SUZHOU GUANBAO TRADING LTD,CHINA (MAINLAND),#N/A,CHINA (MAINLAND)
2016,470329,SINAR MAS,LONTAR PAPYRUS,KUALA TUNGKAL,JAMBI,1696,898650,SINAR MAS,KING PAPER SOURCE TRADING (SHANGHAI) CO LTD,CHINA (MAINLAND),#N/A,CHINA (MAINLAND)
2016,470329,ROYAL GOLDEN EAGLE,APRIL,BUATAN,RIAU,502,235809,ROYAL GOLDEN EAGLE,AP ENTERPRISES (MACAO) COMMERCIAL OFFSHORE LTD,MACAO,#N/A,BANGLADESH
2016,470329,ROYAL GOLDEN EAGLE,APRIL,BUATAN,RIAU,502,235713,ROYAL GOLDEN EAGLE,AP ENTERPRISES (MACAO) COMMERCIAL OFFSHORE LTD,MACAO,#N/A,BANGLADESH
2016,470329,ROYAL GOLDEN EAGLE,TOBA PULP LESTARI,BELAWAN,SUMATERA UTARA,514,259491,ROYAL GOLDEN EAGLE,DP MARKETING INTERNATIONAL,MACAO,#N/A,CHINA (MAINLAND)
2016,470329,SINAR MAS,LONTAR PAPYRUS,KUALA TUNGKAL,JAMBI,998,528918,SINAR MAS,KING PAPER SOURCE TRADING (SHANGHAI) CO LTD,CHINA (MAINLAND),#N/A,CHINA (MAINLAND)
2016,470329,ROYAL GOLDEN EAGLE,APRIL,BUATAN,RIAU,301,141440,ROYAL GOLDEN EAGLE,AP ENTERPRISES (MACAO) COMMERCIAL OFFSHORE LTD,MACAO,#N/A,BANGLADESH
2016,470329,SINAR MAS,INDAH KIAT,PERAWANG,RIAU,1000,524631,UNKNOWN AFFILIATION,NINGBO CROWN OF CHINA ENERGY CO LTD,CHINA (MAINLAND),#N/A,CHINA (MAINLAND)
2016,470329,ROYAL GOLDEN EAGLE,APRIL,BUATAN,RIAU,1004,471986,ROYAL GOLDEN EAGLE,ALKIRA TRADING (MACAO COMMERCIAL OFFSHORE) LTD,MACAO,#N/A,CHINA (MAINLAND)
2016,470329,ROYAL GOLDEN EAGLE,APRIL,BUATAN,RIAU,100,47202,ROYAL GOLDEN EAGLE,APEL ENTERPRISES (SINGAPORE) PTE LTD,SINGAPORE,#N/A,INDIA
2016,470329,SINAR MAS,LONTAR PAPYRUS,KUALA TUNGKAL,JAMBI,999,531967,SINAR MAS,KING PAPER SOURCE TRADING (SHANGHAI) CO LTD,CHINA (MAINLAND),#N/A,CHINA (MAINLAND)
2016,470329,ROYAL GOLDEN EAGLE,APRIL,BUATAN,RIAU,501,235663,ROYAL GOLDEN EAGLE,AP ENTERPRISES (MACAO) COMMERCIAL OFFSHORE LTD,MACAO,#N/A,BANGLADESH
2016,470329,ROYAL GOLDEN EAGLE,TOBA PULP LESTARI,BELAWAN,SUMATERA UTARA,494,249405,ROYAL GOLDEN EAGLE,DP MARKETING INTERNATIONAL,MACAO,#N/A,CHINA (MAINLAND)
2016,470329,ROYAL GOLDEN EAGLE,APRIL,BUATAN,RIAU,200,94150,ROYAL GOLDEN EAGLE,AP ENTERPRISES (MACAO) COMMERCIAL OFFSHORE LTD,MACAO,#N/A,BANGLADESH
2016,470329,ROYAL GOLDEN EAGLE,APRIL,BUATAN,RIAU,502,236042,ROYAL GOLDEN EAGLE,ALKIRA TRADING (MACAO COMMERCIAL OFFSHORE) LTD,MACAO,#N/A,CHINA (MAINLAND)
2016,470329,ROYAL GOLDEN EAGLE,APRIL,FUTONG,RIAU,5914,2779704,ROYAL GOLDEN EAGLE,ALKIRA TRADING (MACAO COMMERCIAL OFFSHORE) LTD,MACAO,#N/A,CHINA (MAINLAND)
2016,470329,ROYAL GOLDEN EAGLE,APRIL,FUTONG,RIAU,4118,1935459,ROYAL GOLDEN EAGLE,ALKIRA TRADING (MACAO COMMERCIAL OFFSHORE) LTD,MACAO,#N/A,CHINA (MAINLAND)
2016,470329,ROYAL GOLDEN EAGLE,APRIL,BUATAN,RIAU,98,46219,ROYAL GOLDEN EAGLE,APEL ENTERPRISES (SINGAPORE) PTE LTD,SINGAPORE,#N/A,IRAN
2016,470329,ROYAL GOLDEN EAGLE,TOBA PULP LESTARI,BELAWAN,SUMATERA UTARA,989,499542,ROYAL GOLDEN EAGLE,DP MARKETING INTERNATIONAL,MACAO,#N/A,CHINA (MAINLAND)
2016,470329,ROYAL GOLDEN EAGLE,APRIL,BUATAN,RIAU,542,254514,ROYAL GOLDEN EAGLE,APEL ENTERPRISES (SINGAPORE) PTE LTD,SINGAPORE,#N/A,UNITED ARAB EMIRATES
2016,470329,ROYAL GOLDEN EAGLE,APRIL,FUTONG,RIAU,6160,2895363,ROYAL GOLDEN EAGLE,ALKIRA TRADING (MACAO COMMERCIAL OFFSHORE) LTD,MACAO,#N/A,CHINA (MAINLAND)
2016,470329,ROYAL GOLDEN EAGLE,APRIL,BUATAN,RIAU,201,94386,ROYAL GOLDEN EAGLE,APEL ENTERPRISES (SINGAPORE) PTE LTD,SINGAPORE,#N/A,INDIA
2016,470329,ROYAL GOLDEN EAGLE,APRIL,BUATAN,RIAU,241,113300,ROYAL GOLDEN EAGLE,APEL ENTERPRISES (SINGAPORE) PTE LTD,SINGAPORE,#N/A,INDIA
2016,470329,MARUBENI,TANJUNG ENIM LESTARI,TANJUNG PRIOK,SUMATERA SELATAN,1546,811283,MARUBENI,MARUBENI CORP,JAPAN,#N/A,THAILAND
2016,470329,ROYAL GOLDEN EAGLE,APRIL,BUATAN,RIAU,297,139513,ROYAL GOLDEN EAGLE,APEL ENTERPRISES (SINGAPORE) PTE LTD,SINGAPORE,#N/A,IRAN
2016,470329,ROYAL GOLDEN EAGLE,APRIL,BUATAN,RIAU,257,120827,ROYAL GOLDEN EAGLE,AP ENTERPRISES (MACAO) COMMERCIAL OFFSHORE LTD,MACAO,#N/A,PAKISTAN
2016,470329,MARUBENI,TANJUNG ENIM LESTARI,TANJUNG PRIOK,SUMATERA SELATAN,1009,509331,MARUBENI,MARUBENI CORP,JAPAN,#N/A,CHINA (MAINLAND)
2016,470329,ROYAL GOLDEN EAGLE,TOBA PULP LESTARI,BELAWAN,SUMATERA UTARA,516,260645,ROYAL GOLDEN EAGLE,DP MARKETING INTERNATIONAL,MACAO,#N/A,CHINA (MAINLAND)
2016,470329,ROYAL GOLDEN EAGLE,APRIL,FUTONG,RIAU,6029,2833732,ROYAL GOLDEN EAGLE,APEL ENTERPRISES (SINGAPORE) PTE LTD,SINGAPORE,#N/A,SOUTH KOREA
2016,470329,ROYAL GOLDEN EAGLE,APRIL,BUATAN,RIAU,502,236121,ROYAL GOLDEN EAGLE,ALKIRA TRADING (MACAO COMMERCIAL OFFSHORE) LTD,MACAO,#N/A,CHINA (MAINLAND)
2016,470329,ROYAL GOLDEN EAGLE,APRIL,FUTONG,RIAU,1004,471969,ROYAL GOLDEN EAGLE,AP ENTERPRISES (MACAO) COMMERCIAL OFFSHORE LTD,MACAO,#N/A,SOUTH KOREA
2016,470329,ROYAL GOLDEN EAGLE,APRIL,BUATAN,RIAU,502,236091,ROYAL GOLDEN EAGLE,ALKIRA TRADING (MACAO COMMERCIAL OFFSHORE) LTD,MACAO,#N/A,CHINA (MAINLAND)
2016,470329,ROYAL GOLDEN EAGLE,APRIL,FUTONG,RIAU,5940,2791591,ROYAL GOLDEN EAGLE,AP ENTERPRISES (MACAO) COMMERCIAL OFFSHORE LTD,MACAO,#N/A,SOUTH KOREA
2016,470329,SINAR MAS,LONTAR PAPYRUS,KUALA TUNGKAL,JAMBI,1397,748706,SINAR MAS,KING PAPER SOURCE TRADING (SHANGHAI) CO LTD,CHINA (MAINLAND),#N/A,CHINA (MAINLAND)
2016,470329,ROYAL GOLDEN EAGLE,APRIL,FUTONG,RIAU,4019,1889000,ROYAL GOLDEN EAGLE,APEL ENTERPRISES (SINGAPORE) PTE LTD,SINGAPORE,#N/A,SOUTH KOREA
2016,470329,ROYAL GOLDEN EAGLE,APRIL,FUTONG,RIAU,502,236053,ROYAL GOLDEN EAGLE,AP ENTERPRISES (MACAO) COMMERCIAL OFFSHORE LTD,MACAO,#N/A,SOUTH KOREA
2016,470329,MARUBENI,TANJUNG ENIM LESTARI,TANJUNG PRIOK,SUMATERA SELATAN,242,130112,MARUBENI,MARUBENI CORP,JAPAN,#N/A,JAPAN
2016,470329,ROYAL GOLDEN EAGLE,APRIL,BUATAN,RIAU,502,236004,ROYAL GOLDEN EAGLE,ALKIRA TRADING (MACAO COMMERCIAL OFFSHORE) LTD,MACAO,#N/A,CHINA (MAINLAND)
2016,470329,ROYAL GOLDEN EAGLE,APRIL,BUATAN,RIAU,516,242732,ROYAL GOLDEN EAGLE,AP ENTERPRISES (MACAO) COMMERCIAL OFFSHORE LTD,MACAO,#N/A,PAKISTAN
2016,470329,MARUBENI,TANJUNG ENIM LESTARI,TANJUNG PRIOK,SUMATERA SELATAN,20,10801,MARUBENI,MARUBENI CORP,JAPAN,#N/A,JAPAN
2016,470329,SINAR MAS,INDAH KIAT,PERAWANG,RIAU,1000,532248,SINAR MAS,KING PAPER SOURCE TRADING (SHANGHAI) CO LTD,CHINA (MAINLAND),#N/A,CHINA (MAINLAND)
2016,470329,ROYAL GOLDEN EAGLE,APRIL,FUTONG,RIAU,2602,1223090,ROYAL GOLDEN EAGLE,AP ENTERPRISES (MACAO) COMMERCIAL OFFSHORE LTD,MACAO,#N/A,SOUTH KOREA
2016,470329,MARUBENI,TANJUNG ENIM LESTARI,PANJANG,SUMATERA SELATAN,508,262467,CELLMARK,CELLMARK ASIA PTE LTD,SINGAPORE,#N/A,UNITED ARAB EMIRATES
2016,470329,MARUBENI,TANJUNG ENIM LESTARI,PANJANG,SUMATERA SELATAN,264,143045,MARUBENI,MARUBENI CORP,JAPAN,#N/A,MALAYSIA
2016,470329,SINAR MAS,LONTAR PAPYRUS,KUALA TUNGKAL,JAMBI,1399,749889,SINAR MAS,KING PAPER SOURCE TRADING (SHANGHAI) CO LTD,CHINA (MAINLAND),#N/A,CHINA (MAINLAND)
2016,470329,MARUBENI,TANJUNG ENIM LESTARI,PANJANG,SUMATERA SELATAN,109,56337,MARUBENI,MARUBENI CORP,JAPAN,#N/A,INDIA
2016,470329,ROYAL GOLDEN EAGLE,APRIL,BUATAN,RIAU,522,245115,ROYAL GOLDEN EAGLE,APEL ENTERPRISES (SINGAPORE) PTE LTD,SINGAPORE,#N/A,UNITED ARAB EMIRATES
2016,470329,ROYAL GOLDEN EAGLE,APRIL,BUATAN,RIAU,501,235406,ROYAL GOLDEN EAGLE,AP ENTERPRISES (MACAO) COMMERCIAL OFFSHORE LTD,MACAO,#N/A,BANGLADESH
2016,470329,ROYAL GOLDEN EAGLE,APRIL,BUATAN,RIAU,536,252078,ROYAL GOLDEN EAGLE,AP ENTERPRISES (MACAO) COMMERCIAL OFFSHORE LTD,MACAO,#N/A,PAKISTAN
2016,470329,MARUBENI,TANJUNG ENIM LESTARI,PANJANG,SUMATERA SELATAN,1010,515375,MARUBENI,MARUBENI CORP,JAPAN,#N/A,CHINA (MAINLAND)
2016,470329,ROYAL GOLDEN EAGLE,TOBA PULP LESTARI,BELAWAN,SUMATERA UTARA,495,249919,ROYAL GOLDEN EAGLE,DP MARKETING INTERNATIONAL,MACAO,#N/A,CHINA (MAINLAND)
2016,470329,ROYAL GOLDEN EAGLE,APRIL,BUATAN,RIAU,502,235730,ROYAL GOLDEN EAGLE,AP ENTERPRISES (MACAO) COMMERCIAL OFFSHORE LTD,MACAO,#N/A,BANGLADESH
2016,470329,ROYAL GOLDEN EAGLE,APRIL,BUATAN,RIAU,503,236578,ROYAL GOLDEN EAGLE,AP ENTERPRISES (MACAO) COMMERCIAL OFFSHORE LTD,MACAO,#N/A,BANGLADESH
2016,470329,ROYAL GOLDEN EAGLE,APRIL,FUTONG,RIAU,5075,2385250,ROYAL GOLDEN EAGLE,AP ENTERPRISES (MACAO) COMMERCIAL OFFSHORE LTD,MACAO,#N/A,CHINA (MAINLAND)
2016,470329,ROYAL GOLDEN EAGLE,APRIL,BUATAN,RIAU,201,94255,ROYAL GOLDEN EAGLE,APEL ENTERPRISES (SINGAPORE) PTE LTD,SINGAPORE,#N/A,INDIA
2016,470329,ROYAL GOLDEN EAGLE,APRIL,BUATAN,RIAU,502,235899,ROYAL GOLDEN EAGLE,AP ENTERPRISES (MACAO) COMMERCIAL OFFSHORE LTD,MACAO,#N/A,BANGLADESH
2016,470329,ROYAL GOLDEN EAGLE,APRIL,BUATAN,RIAU,503,236288,ROYAL GOLDEN EAGLE,APEL ENTERPRISES (SINGAPORE) PTE LTD,SINGAPORE,#N/A,INDIA
2016,470329,ROYAL GOLDEN EAGLE,APRIL,BUATAN,RIAU,277,130159,ROYAL GOLDEN EAGLE,AP ENTERPRISES (MACAO) COMMERCIAL OFFSHORE LTD,MACAO,#N/A,PAKISTAN
2016,470329,ROYAL GOLDEN EAGLE,TOBA PULP LESTARI,BELAWAN,SUMATERA UTARA,495,249902,ROYAL GOLDEN EAGLE,DP MARKETING INTERNATIONAL,MACAO,#N/A,CHINA (MAINLAND)
2016,470329,ROYAL GOLDEN EAGLE,APRIL,FUTONG,RIAU,2030,954100,ROYAL GOLDEN EAGLE,ALKIRA TRADING (MACAO COMMERCIAL OFFSHORE) LTD,MACAO,#N/A,CHINA (MAINLAND)
2016,470329,ROYAL GOLDEN EAGLE,APRIL,FUTONG,RIAU,3045,1431150,ROYAL GOLDEN EAGLE,ALKIRA TRADING (MACAO COMMERCIAL OFFSHORE) LTD,MACAO,#N/A,CHINA (MAINLAND)
2016,470329,ROYAL GOLDEN EAGLE,APRIL,BUATAN,RIAU,502,235807,ROYAL GOLDEN EAGLE,APEL ENTERPRISES (SINGAPORE) PTE LTD,SINGAPORE,#N/A,INDIA
2016,470329,SINAR MAS,LONTAR PAPYRUS,KUALA TUNGKAL,JAMBI,300,139325,SINAR MAS,GOLDEN PROFIT TRADING PTE LTD,SINGAPORE,#N/A,BANGLADESH
2016,470329,ROYAL GOLDEN EAGLE,APRIL,FUTONG,RIAU,5468,2569794,ROYAL GOLDEN EAGLE,ALKIRA TRADING (MACAO COMMERCIAL OFFSHORE) LTD,MACAO,#N/A,CHINA (MAINLAND)
2016,470329,SINAR MAS,INDAH KIAT,PERAWANG,RIAU,18,9498,SINAR MAS,GOLDEN PROFIT TRADING PTE LTD,SINGAPORE,#N/A,JAPAN
2016,470329,SINAR MAS,INDAH KIAT,PERAWANG,RIAU,1000,526800,SINAR MAS,KING PAPER SOURCE TRADING (SHANGHAI) CO LTD,CHINA (MAINLAND),#N/A,CHINA (MAINLAND)
2016,470329,SINAR MAS,INDAH KIAT,PERAWANG,RIAU,1000,532040,UNKNOWN AFFILIATION,NINGBO CROWN OF CHINA ENERGY CO LTD,CHINA (MAINLAND),#N/A,CHINA (MAINLAND)
2016,470329,SINAR MAS,INDAH KIAT,PERAWANG,RIAU,504,245810,UNKNOWN AFFILIATION,SUZHOU GUANBAO TRADING LTD,CHINA (MAINLAND),#N/A,CHINA (MAINLAND)
2016,470329,ROYAL GOLDEN EAGLE,APRIL,BUATAN,RIAU,501,235608,ROYAL GOLDEN EAGLE,AP ENTERPRISES (MACAO) COMMERCIAL OFFSHORE LTD,MACAO,#N/A,BANGLADESH
2016,470329,ROYAL GOLDEN EAGLE,TOBA PULP LESTARI,BELAWAN,SUMATERA UTARA,990,499720,ROYAL GOLDEN EAGLE,DP MARKETING INTERNATIONAL,MACAO,#N/A,CHINA (MAINLAND)
2016,470329,ROYAL GOLDEN EAGLE,APRIL,BUATAN,RIAU,596,280184,ROYAL GOLDEN EAGLE,APEL ENTERPRISES (SINGAPORE) PTE LTD,SINGAPORE,#N/A,EGYPT
2016,470329,SINAR MAS,INDAH KIAT,PERAWANG,RIAU,36,18502,SINAR MAS,GOLDEN PROFIT TRADING PTE LTD,SINGAPORE,#N/A,JAPAN
2016,470329,ROYAL GOLDEN EAGLE,TOBA PULP LESTARI,BELAWAN,SUMATERA UTARA,989,499433,ROYAL GOLDEN EAGLE,DP MARKETING INTERNATIONAL,MACAO,#N/A,CHINA (MAINLAND)
2016,470329,ROYAL GOLDEN EAGLE,APRIL,FUTONG,RIAU,4377,2057008,ROYAL GOLDEN EAGLE,ALKIRA TRADING (MACAO COMMERCIAL OFFSHORE) LTD,MACAO,#N/A,CHINA (MAINLAND)
2016,470329,SINAR MAS,LONTAR PAPYRUS,KUALA TUNGKAL,JAMBI,1400,741486,SINAR MAS,KING PAPER SOURCE TRADING (SHANGHAI) CO LTD,CHINA (MAINLAND),#N/A,CHINA (MAINLAND)
2016,470329,SINAR MAS,INDAH KIAT,PERAWANG,RIAU,1000,534625,SINAR MAS,KING PAPER SOURCE TRADING (SHANGHAI) CO LTD,CHINA (MAINLAND),#N/A,CHINA (MAINLAND)
2016,470329,MARUBENI,TANJUNG ENIM LESTARI,TANJUNG PRIOK,SUMATERA SELATAN,1010,512713,MARUBENI,MARUBENI CORP,JAPAN,#N/A,CHINA (MAINLAND)
2016,470329,MARUBENI,TANJUNG ENIM LESTARI,PANJANG,SUMATERA SELATAN,506,282127,MARUBENI,MARUBENI CORP,JAPAN,#N/A,AUSTRALIA
2016,470329,ROYAL GOLDEN EAGLE,APRIL,BUATAN,RIAU,502,235873,ROYAL GOLDEN EAGLE,APEL ENTERPRISES (SINGAPORE) PTE LTD,SINGAPORE,#N/A,INDIA
2016,470329,ROYAL GOLDEN EAGLE,APRIL,BUATAN,RIAU,803,377464,ROYAL GOLDEN EAGLE,APEL ENTERPRISES (SINGAPORE) PTE LTD,SINGAPORE,#N/A,KUWAIT
2016,470329,ROYAL GOLDEN EAGLE,APRIL,FUTONG,RIAU,6532,3069958,ROYAL GOLDEN EAGLE,AP ENTERPRISES (MACAO) COMMERCIAL OFFSHORE LTD,MACAO,#N/A,BANGLADESH
2016,470329,ROYAL GOLDEN EAGLE,APRIL,BUATAN,RIAU,843,396414,ROYAL GOLDEN EAGLE,APEL ENTERPRISES (SINGAPORE) PTE LTD,SINGAPORE,#N/A,UNITED ARAB EMIRATES
2016,470329,ROYAL GOLDEN EAGLE,APRIL,BUATAN,RIAU,261,122761,ROYAL GOLDEN EAGLE,APEL ENTERPRISES (SINGAPORE) PTE LTD,SINGAPORE,#N/A,KUWAIT
2016,470329,ROYAL GOLDEN EAGLE,APRIL,BUATAN,RIAU,402,188879,ROYAL GOLDEN EAGLE,AP ENTERPRISES (MACAO) COMMERCIAL OFFSHORE LTD,MACAO,#N/A,BANGLADESH
2016,470329,SINAR MAS,INDAH KIAT,PERAWANG,RIAU,1000,538550,UNKNOWN AFFILIATION,SUZHOU GUANBAO TRADING LTD,CHINA (MAINLAND),#N/A,CHINA (MAINLAND)
2016,470329,SINAR MAS,LONTAR PAPYRUS,KUALA TUNGKAL,JAMBI,501,258034,SINAR MAS,GOLDEN PROFIT TRADING PTE LTD,SINGAPORE,#N/A,BANGLADESH
2016,470329,SINAR MAS,INDAH KIAT,PERAWANG,RIAU,980,516264,SINAR MAS,KING PAPER SOURCE TRADING (SHANGHAI) CO LTD,CHINA (MAINLAND),#N/A,CHINA (MAINLAND)
2016,470329,MARUBENI,TANJUNG ENIM LESTARI,TANJUNG PRIOK,SUMATERA SELATAN,262,140730,MARUBENI,MARUBENI CORP,JAPAN,#N/A,JAPAN
2016,470329,MARUBENI,TANJUNG ENIM LESTARI,PANJANG,SUMATERA SELATAN,1542,773374,MARUBENI,MARUBENI CORP,JAPAN,#N/A,CHINA (MAINLAND)
2016,470329,ROYAL GOLDEN EAGLE,APRIL,BUATAN,RIAU,502,235812,ROYAL GOLDEN EAGLE,AP ENTERPRISES (MACAO) COMMERCIAL OFFSHORE LTD,MACAO,#N/A,BANGLADESH
2016,470329,SINAR MAS,LONTAR PAPYRUS,KUALA TUNGKAL,JAMBI,999,531784,UNKNOWN AFFILIATION,NINGBO CROWN OF CHINA ENERGY CO LTD,CHINA (MAINLAND),#N/A,CHINA (MAINLAND)
2016,470329,SINAR MAS,INDAH KIAT,PERAWANG,RIAU,1000,532040,UNKNOWN AFFILIATION,NINGBO CROWN OF CHINA ENERGY CO LTD,CHINA (MAINLAND),#N/A,CHINA (MAINLAND)
2016,470329,SINAR MAS,INDAH KIAT,PERAWANG,RIAU,1000,534625,SINAR MAS,KING PAPER SOURCE TRADING (SHANGHAI) CO LTD,CHINA (MAINLAND),#N/A,CHINA (MAINLAND)
2016,470329,ROYAL GOLDEN EAGLE,APRIL,BUATAN,RIAU,402,188797,ROYAL GOLDEN EAGLE,APEL ENTERPRISES (SINGAPORE) PTE LTD,SINGAPORE,#N/A,PHILIPPINES
2016,470329,ROYAL GOLDEN EAGLE,TOBA PULP LESTARI,BELAWAN,SUMATERA UTARA,495,249767,ROYAL GOLDEN EAGLE,DP MARKETING INTERNATIONAL,MACAO,#N/A,CHINA (MAINLAND)
2016,470329,MARUBENI,TANJUNG ENIM LESTARI,PANJANG,SUMATERA SELATAN,108,55600,MARUBENI,MARUBENI CORP,JAPAN,#N/A,INDIA
2016,470329,MARUBENI,TANJUNG ENIM LESTARI,PANJANG,SUMATERA SELATAN,108,55428,MARUBENI,MARUBENI CORP,JAPAN,#N/A,INDIA
2016,470329,MARUBENI,TANJUNG ENIM LESTARI,PANJANG,SUMATERA SELATAN,1001,505330,MARUBENI,MARUBENI CORP,JAPAN,#N/A,TAIWAN
2016,470329,ROYAL GOLDEN EAGLE,APRIL,BUATAN,RIAU,100,47167,ROYAL GOLDEN EAGLE,AP ENTERPRISES (MACAO) COMMERCIAL OFFSHORE LTD,MACAO,#N/A,BANGLADESH
2016,470329,MARUBENI,TANJUNG ENIM LESTARI,PANJANG,SUMATERA SELATAN,2000,983593,MARUBENI,MARUBENI CORP,JAPAN,#N/A,CHINA (MAINLAND)
2016,470329,MARUBENI,TANJUNG ENIM LESTARI,PANJANG,SUMATERA SELATAN,800,403688,MARUBENI,MARUBENI CORP,JAPAN,#N/A,TAIWAN
2016,470329,ROYAL GOLDEN EAGLE,TOBA PULP LESTARI,BELAWAN,SUMATERA UTARA,515,260313,ROYAL GOLDEN EAGLE,DP MARKETING INTERNATIONAL,MACAO,#N/A,CHINA (MAINLAND)
2016,470329,MARUBENI,TANJUNG ENIM LESTARI,PANJANG,SUMATERA SELATAN,1600,816551,MARUBENI,MARUBENI CORP,JAPAN,#N/A,JAPAN
2016,470329,MARUBENI,TANJUNG ENIM LESTARI,PANJANG,SUMATERA SELATAN,110,58603,MARUBENI,MARUBENI CORP,JAPAN,#N/A,INDIA
2016,470329,MARUBENI,TANJUNG ENIM LESTARI,PANJANG,SUMATERA SELATAN,5002,2518724,MARUBENI,MARUBENI CORP,JAPAN,#N/A,CHINA (MAINLAND)
2016,470329,MARUBENI,TANJUNG ENIM LESTARI,PANJANG,SUMATERA SELATAN,201,101310,MARUBENI,MARUBENI CORP,JAPAN,#N/A,TAIWAN
2016,470329,ROYAL GOLDEN EAGLE,APRIL,BUATAN,RIAU,501,235670,ROYAL GOLDEN EAGLE,AP ENTERPRISES (MACAO) COMMERCIAL OFFSHORE LTD,MACAO,#N/A,BANGLADESH
2016,470329,ROYAL GOLDEN EAGLE,TOBA PULP LESTARI,BELAWAN,SUMATERA UTARA,988,498838,ROYAL GOLDEN EAGLE,DP MARKETING INTERNATIONAL,MACAO,#N/A,CHINA (MAINLAND)
2016,470329,ROYAL GOLDEN EAGLE,TOBA PULP LESTARI,BELAWAN,SUMATERA UTARA,494,249687,ROYAL GOLDEN EAGLE,DP MARKETING INTERNATIONAL,MACAO,#N/A,CHINA (MAINLAND)
2016,470329,SINAR MAS,INDAH KIAT,PERAWANG,RIAU,504,251179,UNKNOWN AFFILIATION,SUZHOU GUANBAO TRADING LTD,CHINA (MAINLAND),#N/A,CHINA (MAINLAND)
2016,470329,ROYAL GOLDEN EAGLE,APRIL,FUTONG,RIAU,6028,2833091,ROYAL GOLDEN EAGLE,ALKIRA TRADING (MACAO COMMERCIAL OFFSHORE) LTD,MACAO,#N/A,CHINA (MAINLAND)
2016,470329,SINAR MAS,LONTAR PAPYRUS,KUALA TUNGKAL,JAMBI,1001,532585,UNKNOWN AFFILIATION,NINGBO CROWN OF CHINA ENERGY CO LTD,CHINA (MAINLAND),#N/A,CHINA (MAINLAND)
2016,470329,ROYAL GOLDEN EAGLE,APRIL,BUATAN,RIAU,1490,700335,ROYAL GOLDEN EAGLE,APEL ENTERPRISES (SINGAPORE) PTE LTD,SINGAPORE,#N/A,SAUDI ARABIA
2016,470329,SINAR MAS,INDAH KIAT,PERAWANG,RIAU,504,251179,UNKNOWN AFFILIATION,SUZHOU GUANBAO TRADING LTD,CHINA (MAINLAND),#N/A,CHINA (MAINLAND)
2016,470329,ROYAL GOLDEN EAGLE,APRIL,FUTONG,RIAU,3617,1699862,ROYAL GOLDEN EAGLE,AP ENTERPRISES (MACAO) COMMERCIAL OFFSHORE LTD,MACAO,#N/A,CHINA (MAINLAND)
2016,470329,MARUBENI,TANJUNG ENIM LESTARI,PANJANG,SUMATERA SELATAN,1014,520443,MARUBENI,MARUBENI CORP,JAPAN,#N/A,CHINA (MAINLAND)
2016,470329,ROYAL GOLDEN EAGLE,APRIL,FUTONG,RIAU,1006,472730,ROYAL GOLDEN EAGLE,ALKIRA TRADING (MACAO COMMERCIAL OFFSHORE) LTD,MACAO,#N/A,CHINA (MAINLAND)
2016,470329,ROYAL GOLDEN EAGLE,APRIL,BUATAN,RIAU,503,236265,ROYAL GOLDEN EAGLE,ALKIRA TRADING (MACAO COMMERCIAL OFFSHORE) LTD,MACAO,#N/A,CHINA (MAINLAND)
2016,470329,ROYAL GOLDEN EAGLE,APRIL,BUATAN,RIAU,502,235927,ROYAL GOLDEN EAGLE,ALKIRA TRADING (MACAO COMMERCIAL OFFSHORE) LTD,MACAO,#N/A,CHINA (MAINLAND)
2016,470329,ROYAL GOLDEN EAGLE,APRIL,BUATAN,RIAU,261,122803,ROYAL GOLDEN EAGLE,AP ENTERPRISES (MACAO) COMMERCIAL OFFSHORE LTD,MACAO,#N/A,BANGLADESH
2016,470329,ROYAL GOLDEN EAGLE,APRIL,BUATAN,RIAU,502,236042,ROYAL GOLDEN EAGLE,ALKIRA TRADING (MACAO COMMERCIAL OFFSHORE) LTD,MACAO,#N/A,CHINA (MAINLAND)
2016,470329,ROYAL GOLDEN EAGLE,TOBA PULP LESTARI,BELAWAN,SUMATERA UTARA,989,499684,ROYAL GOLDEN EAGLE,DP MARKETING INTERNATIONAL,MACAO,#N/A,CHINA (MAINLAND)
2016,470329,ROYAL GOLDEN EAGLE,APRIL,BUATAN,RIAU,502,235988,ROYAL GOLDEN EAGLE,AP ENTERPRISES (MACAO) COMMERCIAL OFFSHORE LTD,MACAO,#N/A,BANGLADESH
2016,470329,ROYAL GOLDEN EAGLE,APRIL,BUATAN,RIAU,201,94327,ROYAL GOLDEN EAGLE,ALKIRA TRADING (MACAO COMMERCIAL OFFSHORE) LTD,MACAO,#N/A,CHINA (MAINLAND)
2016,470329,ROYAL GOLDEN EAGLE,TOBA PULP LESTARI,BELAWAN,SUMATERA UTARA,515,259870,ROYAL GOLDEN EAGLE,DP MARKETING INTERNATIONAL,MACAO,#N/A,CHINA (MAINLAND)
2016,470329,SINAR MAS,LONTAR PAPYRUS,KUALA TUNGKAL,JAMBI,1701,907584,UNKNOWN AFFILIATION,SUZHOU GUANBAO TRADING LTD,CHINA (MAINLAND),#N/A,CHINA (MAINLAND)
2016,470329,SINAR MAS,LONTAR PAPYRUS,KUALA TUNGKAL,JAMBI,1699,910341,UNKNOWN AFFILIATION,SUZHOU GUANBAO TRADING LTD,CHINA (MAINLAND),#N/A,CHINA (MAINLAND)
2016,470329,SINAR MAS,INDAH KIAT,PERAWANG,RIAU,504,252052,UNKNOWN AFFILIATION,SUZHOU GUANBAO TRADING LTD,CHINA (MAINLAND),#N/A,CHINA (MAINLAND)
2016,470329,ROYAL GOLDEN EAGLE,APRIL,BUATAN,RIAU,301,141564,ROYAL GOLDEN EAGLE,APEL ENTERPRISES (SINGAPORE) PTE LTD,SINGAPORE,#N/A,INDIA
2016,470329,MARUBENI,TANJUNG ENIM LESTARI,PANJANG,SUMATERA SELATAN,64,34280,MARUBENI,MARUBENI CORP,JAPAN,#N/A,INDIA
2016,470329,MARUBENI,TANJUNG ENIM LESTARI,PANJANG,SUMATERA SELATAN,42,22323,MARUBENI,MARUBENI CORP,JAPAN,#N/A,INDIA
2016,470329,ROYAL GOLDEN EAGLE,APRIL,BUATAN,RIAU,1004,471995,ROYAL GOLDEN EAGLE,ALKIRA TRADING (MACAO COMMERCIAL OFFSHORE) LTD,MACAO,#N/A,CHINA (MAINLAND)
2016,470329,SINAR MAS,LONTAR PAPYRUS,KUALA TUNGKAL,JAMBI,1099,582251,UNKNOWN AFFILIATION,SUZHOU GUANBAO TRADING LTD,CHINA (MAINLAND),#N/A,CHINA (MAINLAND)
2016,470329,SINAR MAS,LONTAR PAPYRUS,KUALA TUNGKAL,JAMBI,1100,582708,SINAR MAS,KING PAPER SOURCE TRADING (SHANGHAI) CO LTD,CHINA (MAINLAND),#N/A,CHINA (MAINLAND)
2016,470329,ROYAL GOLDEN EAGLE,APRIL,BUATAN,RIAU,502,235779,ROYAL GOLDEN EAGLE,ALKIRA TRADING (MACAO COMMERCIAL OFFSHORE) LTD,MACAO,#N/A,CHINA (MAINLAND)
2016,470329,ROYAL GOLDEN EAGLE,APRIL,BUATAN,RIAU,153,71855,ROYAL GOLDEN EAGLE,APEL ENTERPRISES (SINGAPORE) PTE LTD,SINGAPORE,#N/A,EGYPT
2016,470329,MARUBENI,TANJUNG ENIM LESTARI,TANJUNG PRIOK,SUMATERA SELATAN,1008,499221,MARUBENI,MARUBENI CORP,JAPAN,#N/A,CHINA (MAINLAND)
2016,470329,ROYAL GOLDEN EAGLE,APRIL,BUATAN,RIAU,1490,700303,ROYAL GOLDEN EAGLE,APEL ENTERPRISES (SINGAPORE) PTE LTD,SINGAPORE,#N/A,SAUDI ARABIA
2016,470329,SINAR MAS,LONTAR PAPYRUS,KUALA TUNGKAL,JAMBI,120,63139,UNKNOWN AFFILIATION,SUZHOU GUANBAO TRADING LTD,CHINA (MAINLAND),#N/A,CHINA (MAINLAND)
2016,470329,ROYAL GOLDEN EAGLE,TOBA PULP LESTARI,BELAWAN,SUMATERA UTARA,990,499722,ROYAL GOLDEN EAGLE,DP MARKETING INTERNATIONAL,MACAO,#N/A,CHINA (MAINLAND)
2016,470329,SINAR MAS,LONTAR PAPYRUS,KUALA TUNGKAL,JAMBI,500,245371,SINAR MAS,GOLDEN PROFIT TRADING PTE LTD,SINGAPORE,#N/A,INDIA
2016,470329,ROYAL GOLDEN EAGLE,APRIL,BUATAN,RIAU,1044,490611,ROYAL GOLDEN EAGLE,APEL ENTERPRISES (SINGAPORE) PTE LTD,SINGAPORE,#N/A,UNITED ARAB EMIRATES
2016,470329,ROYAL GOLDEN EAGLE,APRIL,BUATAN,RIAU,101,47280,ROYAL GOLDEN EAGLE,APEL ENTERPRISES (SINGAPORE) PTE LTD,SINGAPORE,#N/A,INDIA
2016,470329,ROYAL GOLDEN EAGLE,APRIL,BUATAN,RIAU,302,141737,ROYAL GOLDEN EAGLE,AP ENTERPRISES (MACAO) COMMERCIAL OFFSHORE LTD,MACAO,#N/A,BANGLADESH
2016,470329,ROYAL GOLDEN EAGLE,APRIL,BUATAN,RIAU,502,235944,ROYAL GOLDEN EAGLE,AP ENTERPRISES (MACAO) COMMERCIAL OFFSHORE LTD,MACAO,#N/A,BANGLADESH
2016,470329,ROYAL GOLDEN EAGLE,APRIL,BUATAN,RIAU,239,112259,ROYAL GOLDEN EAGLE,AP ENTERPRISES (MACAO) COMMERCIAL OFFSHORE LTD,MACAO,#N/A,BANGLADESH
2016,470329,ROYAL GOLDEN EAGLE,APRIL,BUATAN,RIAU,1065,500323,ROYAL GOLDEN EAGLE,APEL ENTERPRISES (SINGAPORE) PTE LTD,SINGAPORE,#N/A,UNITED ARAB EMIRATES
2016,470329,SINAR MAS,INDAH KIAT,PERAWANG,RIAU,1060,565764,SINAR MAS,KING PAPER SOURCE TRADING (SHANGHAI) CO LTD,CHINA (MAINLAND),#N/A,CHINA (MAINLAND)
2016,470329,ROYAL GOLDEN EAGLE,APRIL,FUTONG,RIAU,6157,2893617,ROYAL GOLDEN EAGLE,ALKIRA TRADING (MACAO COMMERCIAL OFFSHORE) LTD,MACAO,#N/A,CHINA (MAINLAND)
2016,470329,MARUBENI,TANJUNG ENIM LESTARI,PANJANG,SUMATERA SELATAN,1011,517429,MARUBENI,MARUBENI CORP,JAPAN,#N/A,CHINA (MAINLAND)
2016,470329,MARUBENI,TANJUNG ENIM LESTARI,TANJUNG PRIOK,SUMATERA SELATAN,1012,511773,MARUBENI,MARUBENI CORP,JAPAN,#N/A,CHINA (MAINLAND)
2016,470329,MARUBENI,TANJUNG ENIM LESTARI,TANJUNG PRIOK,SUMATERA SELATAN,261,140265,MARUBENI,MARUBENI CORP,JAPAN,#N/A,JAPAN
2016,470329,ROYAL GOLDEN EAGLE,APRIL,FUTONG,RIAU,2429,1141702,ROYAL GOLDEN EAGLE,ALKIRA TRADING (MACAO COMMERCIAL OFFSHORE) LTD,MACAO,#N/A,CHINA (MAINLAND)
2016,470329,ROYAL GOLDEN EAGLE,APRIL,BUATAN,RIAU,501,235319,ROYAL GOLDEN EAGLE,AP ENTERPRISES (MACAO) COMMERCIAL OFFSHORE LTD,MACAO,#N/A,BANGLADESH
2016,470329,MARUBENI,TANJUNG ENIM LESTARI,TANJUNG PRIOK,SUMATERA SELATAN,20,10344,MARUBENI,MARUBENI CORP,JAPAN,#N/A,JAPAN
2016,470329,ROYAL GOLDEN EAGLE,APRIL,FUTONG,RIAU,7532,3539885,ROYAL GOLDEN EAGLE,APEL ENTERPRISES (SINGAPORE) PTE LTD,SINGAPORE,#N/A,INDIA
2016,470329,ROYAL GOLDEN EAGLE,APRIL,FUTONG,RIAU,111,52015,ROYAL GOLDEN EAGLE,ALKIRA TRADING (MACAO COMMERCIAL OFFSHORE) LTD,MACAO,#N/A,CHINA (MAINLAND)
2016,470329,MARUBENI,TANJUNG ENIM LESTARI,PANJANG,SUMATERA SELATAN,506,255618,MARUBENI,MARUBENI CORP,JAPAN,#N/A,CHINA (MAINLAND)
2016,470329,SINAR MAS,INDAH KIAT,PERAWANG,RIAU,1000,538550,UNKNOWN AFFILIATION,SUZHOU GUANBAO TRADING LTD,CHINA (MAINLAND),#N/A,CHINA (MAINLAND)
2016,470329,ROYAL GOLDEN EAGLE,TOBA PULP LESTARI,BELAWAN,SUMATERA UTARA,494,249573,ROYAL GOLDEN EAGLE,DP MARKETING INTERNATIONAL,MACAO,#N/A,CHINA (MAINLAND)
2016,470329,MARUBENI,TANJUNG ENIM LESTARI,PANJANG,SUMATERA SELATAN,219,106844,MARUBENI,MARUBENI CORP,JAPAN,#N/A,INDIA
2016,470329,ROYAL GOLDEN EAGLE,APRIL,BUATAN,RIAU,500,234934,ROYAL GOLDEN EAGLE,AP ENTERPRISES (MACAO) COMMERCIAL OFFSHORE LTD,MACAO,#N/A,BANGLADESH
2016,470329,SINAR MAS,LONTAR PAPYRUS,KUALA TUNGKAL,JAMBI,300,140400,SINAR MAS,GOLDEN PROFIT TRADING PTE LTD,SINGAPORE,#N/A,VIETNAM
2016,470329,SINAR MAS,INDAH KIAT,PERAWANG,RIAU,1000,528002,UNKNOWN AFFILIATION,NINGBO CROWN OF CHINA ENERGY CO LTD,CHINA (MAINLAND),#N/A,CHINA (MAINLAND)
2016,470329,ROYAL GOLDEN EAGLE,APRIL,FUTONG,RIAU,5019,2359071,ROYAL GOLDEN EAGLE,APEL ENTERPRISES (SINGAPORE) PTE LTD,SINGAPORE,#N/A,VIETNAM
2016,470329,MARUBENI,TANJUNG ENIM LESTARI,PANJANG,SUMATERA SELATAN,506,267843,CELLMARK,CELLMARK ASIA PTE LTD,SINGAPORE,#N/A,UNITED ARAB EMIRATES
2016,470329,SINAR MAS,LONTAR PAPYRUS,KUALA TUNGKAL,JAMBI,200,105520,UNKNOWN AFFILIATION,SUZHOU GUANBAO TRADING LTD,CHINA (MAINLAND),#N/A,CHINA (MAINLAND)
2016,470329,SINAR MAS,INDAH KIAT,PERAWANG,RIAU,200,96162,SINAR MAS,GOLDEN PROFIT TRADING PTE LTD,SINGAPORE,#N/A,TAIWAN
2016,470329,SINAR MAS,INDAH KIAT,SUNGAI PAKNING,RIAU,2500,1328875,SINAR MAS,KING PAPER SOURCE TRADING (SHANGHAI) CO LTD,CHINA (MAINLAND),#N/A,CHINA (MAINLAND)
2016,470329,SINAR MAS,INDAH KIAT,SUNGAI PAKNING,RIAU,4000,2126200,SINAR MAS,KING PAPER SOURCE TRADING (SHANGHAI) CO LTD,CHINA (MAINLAND),#N/A,CHINA (MAINLAND)
2016,470329,SINAR MAS,LONTAR PAPYRUS,KUALA TUNGKAL,JAMBI,1398,740612,UNKNOWN AFFILIATION,SUZHOU GUANBAO TRADING LTD,CHINA (MAINLAND),#N/A,CHINA (MAINLAND)
2016,470329,ROYAL GOLDEN EAGLE,TOBA PULP LESTARI,BELAWAN,SUMATERA UTARA,988,498865,ROYAL GOLDEN EAGLE,DP MARKETING INTERNATIONAL,MACAO,#N/A,CHINA (MAINLAND)
2016,470329,ROYAL GOLDEN EAGLE,TOBA PULP LESTARI,BELAWAN,SUMATERA UTARA,493,249150,ROYAL GOLDEN EAGLE,DP MARKETING INTERNATIONAL,MACAO,#N/A,CHINA (MAINLAND)
2016,470329,SINAR MAS,LONTAR PAPYRUS,KUALA TUNGKAL,JAMBI,500,245296,SINAR MAS,GOLDEN PROFIT TRADING PTE LTD,SINGAPORE,#N/A,INDIA
2016,470329,ROYAL GOLDEN EAGLE,APRIL,BUATAN,RIAU,221,103653,ROYAL GOLDEN EAGLE,APEL ENTERPRISES (SINGAPORE) PTE LTD,SINGAPORE,#N/A,UNITED ARAB EMIRATES
2016,470329,SINAR MAS,INDAH KIAT,PERAWANG,RIAU,1000,538212,UNKNOWN AFFILIATION,SUZHOU GUANBAO TRADING LTD,CHINA (MAINLAND),#N/A,CHINA (MAINLAND)
2016,470329,ROYAL GOLDEN EAGLE,APRIL,BUATAN,RIAU,501,235471,ROYAL GOLDEN EAGLE,AP ENTERPRISES (MACAO) COMMERCIAL OFFSHORE LTD,MACAO,#N/A,BANGLADESH
2016,470329,ROYAL GOLDEN EAGLE,APRIL,BUATAN,RIAU,502,236023,ROYAL GOLDEN EAGLE,ALKIRA TRADING (MACAO COMMERCIAL OFFSHORE) LTD,MACAO,#N/A,CHINA (MAINLAND)
2016,470329,ROYAL GOLDEN EAGLE,TOBA PULP LESTARI,BELAWAN,SUMATERA UTARA,987,498503,ROYAL GOLDEN EAGLE,DP MARKETING INTERNATIONAL,MACAO,#N/A,CHINA (MAINLAND)
2016,470329,ROYAL GOLDEN EAGLE,APRIL,BUATAN,RIAU,702,329868,ROYAL GOLDEN EAGLE,ALKIRA TRADING (MACAO COMMERCIAL OFFSHORE) LTD,MACAO,#N/A,GREECE
2016,470329,ROYAL GOLDEN EAGLE,APRIL,BUATAN,RIAU,503,236265,ROYAL GOLDEN EAGLE,ALKIRA TRADING (MACAO COMMERCIAL OFFSHORE) LTD,MACAO,#N/A,CHINA (MAINLAND)
2016,470329,ROYAL GOLDEN EAGLE,APRIL,BUATAN,RIAU,301,141512,ROYAL GOLDEN EAGLE,ALKIRA TRADING (MACAO COMMERCIAL OFFSHORE) LTD,MACAO,#N/A,GREECE
2016,470329,SINAR MAS,LONTAR PAPYRUS,KUALA TUNGKAL,JAMBI,1499,793999,UNKNOWN AFFILIATION,SUZHOU GUANBAO TRADING LTD,CHINA (MAINLAND),#N/A,CHINA (MAINLAND)
2016,470329,SINAR MAS,INDAH KIAT,PERAWANG,RIAU,312,153296,UNKNOWN AFFILIATION,SUZHOU GUANBAO TRADING LTD,CHINA (MAINLAND),#N/A,CHINA (MAINLAND)
2016,470329,SINAR MAS,LONTAR PAPYRUS,KUALA TUNGKAL,JAMBI,1379,730330,UNKNOWN AFFILIATION,SUZHOU GUANBAO TRADING LTD,CHINA (MAINLAND),#N/A,CHINA (MAINLAND)
2016,470329,MARUBENI,TANJUNG ENIM LESTARI,PANJANG,SUMATERA SELATAN,1013,503646,MARUBENI,MARUBENI CORP,JAPAN,#N/A,INDIA
2016,470329,SINAR MAS,INDAH KIAT,PERAWANG,RIAU,180,89707,UNKNOWN AFFILIATION,SUZHOU GUANBAO TRADING LTD,CHINA (MAINLAND),#N/A,CHINA (MAINLAND)
2016,470329,ROYAL GOLDEN EAGLE,APRIL,BUATAN,RIAU,500,234805,ROYAL GOLDEN EAGLE,ALKIRA TRADING (MACAO COMMERCIAL OFFSHORE) LTD,MACAO,#N/A,CHINA (MAINLAND)
2016,470329,ROYAL GOLDEN EAGLE,TOBA PULP LESTARI,BELAWAN,SUMATERA UTARA,494,249328,ROYAL GOLDEN EAGLE,DP MARKETING INTERNATIONAL,MACAO,#N/A,CHINA (MAINLAND)
2016,470329,SINAR MAS,INDAH KIAT,PERAWANG,RIAU,1000,523082,UNKNOWN AFFILIATION,NINGBO CROWN OF CHINA ENERGY CO LTD,CHINA (MAINLAND),#N/A,CHINA (MAINLAND)
2016,470329,MARUBENI,TANJUNG ENIM LESTARI,TANJUNG PRIOK,SUMATERA SELATAN,1532,803005,MARUBENI,MARUBENI CORP,JAPAN,#N/A,THAILAND
2016,470329,ROYAL GOLDEN EAGLE,TOBA PULP LESTARI,BELAWAN,SUMATERA UTARA,495,249849,ROYAL GOLDEN EAGLE,DP MARKETING INTERNATIONAL,MACAO,#N/A,CHINA (MAINLAND)
2016,470329,ROYAL GOLDEN EAGLE,APRIL,BUATAN,RIAU,502,235918,ROYAL GOLDEN EAGLE,ALKIRA TRADING (MACAO COMMERCIAL OFFSHORE) LTD,MACAO,#N/A,CHINA (MAINLAND)
2016,470329,SINAR MAS,INDAH KIAT,PERAWANG,RIAU,1000,537887,UNKNOWN AFFILIATION,SUZHOU GUANBAO TRADING LTD,CHINA (MAINLAND),#N/A,CHINA (MAINLAND)
2016,470329,ROYAL GOLDEN EAGLE,TOBA PULP LESTARI,BELAWAN,SUMATERA UTARA,515,259875,ROYAL GOLDEN EAGLE,DP MARKETING INTERNATIONAL,MACAO,#N/A,CHINA (MAINLAND)
2016,470329,SINAR MAS,INDAH KIAT,PERAWANG,RIAU,600,316080,SINAR MAS,KING PAPER SOURCE TRADING (SHANGHAI) CO LTD,CHINA (MAINLAND),#N/A,CHINA (MAINLAND)
2016,470329,ROYAL GOLDEN EAGLE,APRIL,BUATAN,RIAU,1004,472088,ROYAL GOLDEN EAGLE,ALKIRA TRADING (MACAO COMMERCIAL OFFSHORE) LTD,MACAO,#N/A,CHINA (MAINLAND)
2016,470329,ROYAL GOLDEN EAGLE,APRIL,BUATAN,RIAU,502,236100,ROYAL GOLDEN EAGLE,ALKIRA TRADING (MACAO COMMERCIAL OFFSHORE) LTD,MACAO,#N/A,CHINA (MAINLAND)
2016,470329,ROYAL GOLDEN EAGLE,APRIL,BUATAN,RIAU,803,377626,ROYAL GOLDEN EAGLE,APEL ENTERPRISES (SINGAPORE) PTE LTD,SINGAPORE,#N/A,LEBANON
2016,470329,MARUBENI,TANJUNG ENIM LESTARI,TANJUNG PRIOK,SUMATERA SELATAN,261,140642,MARUBENI,MARUBENI CORP,JAPAN,#N/A,JAPAN
2016,470329,ROYAL GOLDEN EAGLE,APRIL,FUTONG,RIAU,3418,1606341,ROYAL GOLDEN EAGLE,APEL ENTERPRISES (SINGAPORE) PTE LTD,SINGAPORE,#N/A,JAPAN
2016,470329,MARUBENI,TANJUNG ENIM LESTARI,TANJUNG PRIOK,SUMATERA SELATAN,20,11204,MARUBENI,MARUBENI CORP,JAPAN,#N/A,JAPAN
2016,470329,ROYAL GOLDEN EAGLE,APRIL,BUATAN,RIAU,603,277269,ROYAL GOLDEN EAGLE,ALKIRA TRADING (MACAO COMMERCIAL OFFSHORE) LTD,MACAO,#N/A,CHINA (MAINLAND)
2016,470329,MARUBENI,TANJUNG ENIM LESTARI,PANJANG,SUMATERA SELATAN,502,248183,MARUBENI,MARUBENI CORP,JAPAN,#N/A,CHINA (MAINLAND)
2016,470329,ROYAL GOLDEN EAGLE,APRIL,FUTONG,RIAU,2683,1261133,ROYAL GOLDEN EAGLE,APEL ENTERPRISES (SINGAPORE) PTE LTD,SINGAPORE,#N/A,JAPAN
2016,470329,MARUBENI,TANJUNG ENIM LESTARI,PANJANG,SUMATERA SELATAN,504,250843,MARUBENI,MARUBENI CORP,JAPAN,#N/A,CHINA (MAINLAND)
2016,470329,ROYAL GOLDEN EAGLE,APRIL,BUATAN,RIAU,1005,472446,ROYAL GOLDEN EAGLE,ALKIRA TRADING (MACAO COMMERCIAL OFFSHORE) LTD,MACAO,#N/A,CHINA (MAINLAND)
2016,470329,ROYAL GOLDEN EAGLE,APRIL,FUTONG,RIAU,4956,2329177,ROYAL GOLDEN EAGLE,ALKIRA TRADING (MACAO COMMERCIAL OFFSHORE) LTD,MACAO,#N/A,CHINA (MAINLAND)
2016,470329,SINAR MAS,LONTAR PAPYRUS,KUALA TUNGKAL,JAMBI,200,102923,SINAR MAS,GOLDEN PROFIT TRADING PTE LTD,SINGAPORE,#N/A,BANGLADESH
2016,470329,ROYAL GOLDEN EAGLE,APRIL,BUATAN,RIAU,60,27702,ROYAL GOLDEN EAGLE,AP ENTERPRISES (MACAO) COMMERCIAL OFFSHORE LTD,MACAO,#N/A,BANGLADESH
2016,470329,SINAR MAS,LONTAR PAPYRUS,KUALA TUNGKAL,JAMBI,498,244203,SINAR MAS,GOLDEN PROFIT TRADING PTE LTD,SINGAPORE,#N/A,INDIA
2016,470329,ROYAL GOLDEN EAGLE,APRIL,BUATAN,RIAU,60,27767,ROYAL GOLDEN EAGLE,APEL ENTERPRISES (SINGAPORE) PTE LTD,SINGAPORE,#N/A,INDIA
2016,470329,ROYAL GOLDEN EAGLE,APRIL,BUATAN,RIAU,804,369640,ROYAL GOLDEN EAGLE,ALKIRA TRADING (MACAO COMMERCIAL OFFSHORE) LTD,MACAO,#N/A,CHINA (MAINLAND)
2016,470329,ROYAL GOLDEN EAGLE,APRIL,BUATAN,RIAU,503,236234,ROYAL GOLDEN EAGLE,AP ENTERPRISES (MACAO) COMMERCIAL OFFSHORE LTD,MACAO,#N/A,BANGLADESH
2016,470329,ROYAL GOLDEN EAGLE,APRIL,BUATAN,RIAU,60,27750,ROYAL GOLDEN EAGLE,APEL ENTERPRISES (SINGAPORE) PTE LTD,SINGAPORE,#N/A,INDIA
2016,470329,ROYAL GOLDEN EAGLE,APRIL,BUATAN,RIAU,60,27767,ROYAL GOLDEN EAGLE,APEL ENTERPRISES (SINGAPORE) PTE LTD,SINGAPORE,#N/A,INDIA
2016,470329,SINAR MAS,LONTAR PAPYRUS,KUALA TUNGKAL,JAMBI,1000,500530,UNKNOWN AFFILIATION,NINGBO CROWN OF CHINA ENERGY CO LTD,CHINA (MAINLAND),#N/A,CHINA (MAINLAND)
2016,470329,ROYAL GOLDEN EAGLE,APRIL,BUATAN,RIAU,804,369755,ROYAL GOLDEN EAGLE,ALKIRA TRADING (MACAO COMMERCIAL OFFSHORE) LTD,MACAO,#N/A,CHINA (MAINLAND)
2016,470329,ROYAL GOLDEN EAGLE,APRIL,BUATAN,RIAU,60,27758,ROYAL GOLDEN EAGLE,APEL ENTERPRISES (SINGAPORE) PTE LTD,SINGAPORE,#N/A,INDIA
2016,470329,SINAR MAS,LONTAR PAPYRUS,KUALA TUNGKAL,JAMBI,499,257682,UNKNOWN AFFILIATION,NINGBO CROWN OF CHINA ENERGY CO LTD,CHINA (MAINLAND),#N/A,CHINA (MAINLAND)
2016,470329,ROYAL GOLDEN EAGLE,APRIL,BUATAN,RIAU,503,236193,ROYAL GOLDEN EAGLE,AP ENTERPRISES (MACAO) COMMERCIAL OFFSHORE LTD,MACAO,#N/A,BANGLADESH
2016,470329,ROYAL GOLDEN EAGLE,APRIL,BUATAN,RIAU,60,27730,ROYAL GOLDEN EAGLE,AP ENTERPRISES (MACAO) COMMERCIAL OFFSHORE LTD,MACAO,#N/A,BANGLADESH
2016,470329,ROYAL GOLDEN EAGLE,APRIL,BUATAN,RIAU,1005,472285,ROYAL GOLDEN EAGLE,ALKIRA TRADING (MACAO COMMERCIAL OFFSHORE) LTD,MACAO,#N/A,CHINA (MAINLAND)
2016,470329,ROYAL GOLDEN EAGLE,APRIL,BUATAN,RIAU,1006,462531,ROYAL GOLDEN EAGLE,ALKIRA TRADING (MACAO COMMERCIAL OFFSHORE) LTD,MACAO,#N/A,CHINA (MAINLAND)
2016,470329,ROYAL GOLDEN EAGLE,APRIL,BUATAN,RIAU,502,231021,ROYAL GOLDEN EAGLE,AP ENTERPRISES (MACAO) COMMERCIAL OFFSHORE LTD,MACAO,#N/A,BANGLADESH
2016,470329,ROYAL GOLDEN EAGLE,APRIL,BUATAN,RIAU,302,141798,ROYAL GOLDEN EAGLE,AP ENTERPRISES (MACAO) COMMERCIAL OFFSHORE LTD,MACAO,#N/A,BANGLADESH
2016,470329,ROYAL GOLDEN EAGLE,APRIL,BUATAN,RIAU,502,236135,ROYAL GOLDEN EAGLE,AP ENTERPRISES (MACAO) COMMERCIAL OFFSHORE LTD,MACAO,#N/A,BANGLADESH
2016,470329,SINAR MAS,INDAH KIAT,PERAWANG,RIAU,1520,809233,SINAR MAS,KING PAPER SOURCE TRADING (SHANGHAI) CO LTD,CHINA (MAINLAND),#N/A,CHINA (MAINLAND)
2016,470329,MARUBENI,TANJUNG ENIM LESTARI,PANJANG,SUMATERA SELATAN,506,251272,MARUBENI,MARUBENI CORP,JAPAN,#N/A,INDIA
2016,470329,SINAR MAS,INDAH KIAT,PERAWANG,RIAU,1000,526800,SINAR MAS,KING PAPER SOURCE TRADING (SHANGHAI) CO LTD,CHINA (MAINLAND),#N/A,CHINA (MAINLAND)
2016,470329,SINAR MAS,INDAH KIAT,PERAWANG,RIAU,1100,579480,SINAR MAS,KING PAPER SOURCE TRADING (SHANGHAI) CO LTD,CHINA (MAINLAND),#N/A,CHINA (MAINLAND)
2016,470329,SINAR MAS,INDAH KIAT,PERAWANG,RIAU,492,245339,UNKNOWN AFFILIATION,SUZHOU GUANBAO TRADING LTD,CHINA (MAINLAND),#N/A,CHINA (MAINLAND)
2016,470329,SINAR MAS,INDAH KIAT,PERAWANG,RIAU,492,245198,UNKNOWN AFFILIATION,SUZHOU GUANBAO TRADING LTD,CHINA (MAINLAND),#N/A,CHINA (MAINLAND)
2016,470329,SINAR MAS,LONTAR PAPYRUS,KUALA TUNGKAL,JAMBI,500,240799,SINAR MAS,GOLDEN PROFIT TRADING PTE LTD,SINGAPORE,#N/A,INDIA
2016,470329,SINAR MAS,LONTAR PAPYRUS,KUALA TUNGKAL,JAMBI,1098,549612,SINAR MAS,KING PAPER SOURCE TRADING (SHANGHAI) CO LTD,CHINA (MAINLAND),#N/A,CHINA (MAINLAND)
2016,470329,SINAR MAS,LONTAR PAPYRUS,KUALA TUNGKAL,JAMBI,400,206599,UNKNOWN AFFILIATION,NINGBO CROWN OF CHINA ENERGY CO LTD,CHINA (MAINLAND),#N/A,CHINA (MAINLAND)
2016,470329,ROYAL GOLDEN EAGLE,APRIL,BUATAN,RIAU,60,27639,ROYAL GOLDEN EAGLE,APEL ENTERPRISES (SINGAPORE) PTE LTD,SINGAPORE,#N/A,INDIA
2016,470329,ROYAL GOLDEN EAGLE,APRIL,FUTONG,RIAU,6018,2788244,ROYAL GOLDEN EAGLE,ALKIRA TRADING (MACAO COMMERCIAL OFFSHORE) LTD,MACAO,#N/A,CHINA (MAINLAND)
2016,470329,SINAR MAS,LONTAR PAPYRUS,KUALA TUNGKAL,JAMBI,200,102959,SINAR MAS,GOLDEN PROFIT TRADING PTE LTD,SINGAPORE,#N/A,BANGLADESH
2016,470329,ROYAL GOLDEN EAGLE,APRIL,BUATAN,RIAU,803,369565,ROYAL GOLDEN EAGLE,ALKIRA TRADING (MACAO COMMERCIAL OFFSHORE) LTD,MACAO,#N/A,CHINA (MAINLAND)
2016,470329,ROYAL GOLDEN EAGLE,APRIL,BUATAN,RIAU,60,27709,ROYAL GOLDEN EAGLE,APEL ENTERPRISES (SINGAPORE) PTE LTD,SINGAPORE,#N/A,INDIA
2016,470329,SINAR MAS,INDAH KIAT,PERAWANG,RIAU,720,384930,SINAR MAS,KING PAPER SOURCE TRADING (SHANGHAI) CO LTD,CHINA (MAINLAND),#N/A,CHINA (MAINLAND)
2016,470329,ROYAL GOLDEN EAGLE,APRIL,BUATAN,RIAU,502,230994,ROYAL GOLDEN EAGLE,ALKIRA TRADING (MACAO COMMERCIAL OFFSHORE) LTD,MACAO,#N/A,CHINA (MAINLAND)
2016,470329,ROYAL GOLDEN EAGLE,APRIL,FUTONG,RIAU,8035,3696105,ROYAL GOLDEN EAGLE,APEL ENTERPRISES (SINGAPORE) PTE LTD,SINGAPORE,#N/A,SOUTH KOREA
2016,470329,ROYAL GOLDEN EAGLE,APRIL,FUTONG,RIAU,1408,661605,ROYAL GOLDEN EAGLE,AP ENTERPRISES (MACAO) COMMERCIAL OFFSHORE LTD,MACAO,#N/A,CHINA (MAINLAND)
2016,470329,SINAR MAS,LONTAR PAPYRUS,KUALA TUNGKAL,JAMBI,900,480071,UNKNOWN AFFILIATION,SUZHOU GUANBAO TRADING LTD,CHINA (MAINLAND),#N/A,CHINA (MAINLAND)
2016,470329,SINAR MAS,INDAH KIAT,PERAWANG,RIAU,1100,579480,SINAR MAS,KING PAPER SOURCE TRADING (SHANGHAI) CO LTD,CHINA (MAINLAND),#N/A,CHINA (MAINLAND)
2016,470329,MARUBENI,TANJUNG ENIM LESTARI,PANJANG,SUMATERA SELATAN,503,262237,CELLMARK,CELLMARK ASIA PTE LTD,SINGAPORE,#N/A,UNITED ARAB EMIRATES
2016,470329,MARUBENI,TANJUNG ENIM LESTARI,PANJANG,SUMATERA SELATAN,110,55956,MARUBENI,MARUBENI CORP,JAPAN,#N/A,INDIA
2016,470329,MARUBENI,TANJUNG ENIM LESTARI,PANJANG,SUMATERA SELATAN,503,249277,MARUBENI,MARUBENI CORP,JAPAN,#N/A,THAILAND
2016,470329,SINAR MAS,LONTAR PAPYRUS,KUALA TUNGKAL,JAMBI,1097,571288,UNKNOWN AFFILIATION,NINGBO CROWN OF CHINA ENERGY CO LTD,CHINA (MAINLAND),#N/A,CHINA (MAINLAND)
2016,470329,SINAR MAS,INDAH KIAT,PERAWANG,RIAU,54,27752,SINAR MAS,GOLDEN PROFIT TRADING PTE LTD,SINGAPORE,#N/A,JAPAN
2016,470329,MARUBENI,TANJUNG ENIM LESTARI,PANJANG,SUMATERA SELATAN,506,240769,MARUBENI,MARUBENI CORP,JAPAN,#N/A,THAILAND
2016,470329,MARUBENI,TANJUNG ENIM LESTARI,PANJANG,SUMATERA SELATAN,788,384983,MARUBENI,MARUBENI CORP,JAPAN,#N/A,INDIA
2016,470329,SINAR MAS,LONTAR PAPYRUS,KUALA TUNGKAL,JAMBI,999,505101,UNKNOWN AFFILIATION,NINGBO CROWN OF CHINA ENERGY CO LTD,CHINA (MAINLAND),#N/A,CHINA (MAINLAND)
2016,470329,ROYAL GOLDEN EAGLE,APRIL,BUATAN,RIAU,1005,462122,ROYAL GOLDEN EAGLE,ALKIRA TRADING (MACAO COMMERCIAL OFFSHORE) LTD,MACAO,#N/A,CHINA (MAINLAND)
2016,470329,ROYAL GOLDEN EAGLE,APRIL,BUATAN,RIAU,803,369354,ROYAL GOLDEN EAGLE,ALKIRA TRADING (MACAO COMMERCIAL OFFSHORE) LTD,MACAO,#N/A,CHINA (MAINLAND)
2016,470329,ROYAL GOLDEN EAGLE,APRIL,BUATAN,RIAU,502,235879,ROYAL GOLDEN EAGLE,ALKIRA TRADING (MACAO COMMERCIAL OFFSHORE) LTD,MACAO,#N/A,CHINA (MAINLAND)
2016,470329,ROYAL GOLDEN EAGLE,APRIL,BUATAN,RIAU,100,46123,ROYAL GOLDEN EAGLE,APEL ENTERPRISES (SINGAPORE) PTE LTD,SINGAPORE,#N/A,THAILAND
2016,470329,ROYAL GOLDEN EAGLE,APRIL,BUATAN,RIAU,100,46201,ROYAL GOLDEN EAGLE,APEL ENTERPRISES (SINGAPORE) PTE LTD,SINGAPORE,#N/A,THAILAND
2016,470329,ROYAL GOLDEN EAGLE,APRIL,BUATAN,RIAU,502,236025,ROYAL GOLDEN EAGLE,APEL ENTERPRISES (SINGAPORE) PTE LTD,SINGAPORE,#N/A,INDIA
2016,470329,ROYAL GOLDEN EAGLE,APRIL,BUATAN,RIAU,703,323449,ROYAL GOLDEN EAGLE,ALKIRA TRADING (MACAO COMMERCIAL OFFSHORE) LTD,MACAO,#N/A,CHINA (MAINLAND)
2016,470329,ROYAL GOLDEN EAGLE,APRIL,BUATAN,RIAU,597,274617,ROYAL GOLDEN EAGLE,APEL ENTERPRISES (SINGAPORE) PTE LTD,SINGAPORE,#N/A,EGYPT
2016,470329,ROYAL GOLDEN EAGLE,APRIL,BUATAN,RIAU,1006,462567,ROYAL GOLDEN EAGLE,APEL ENTERPRISES (SINGAPORE) PTE LTD,SINGAPORE,#N/A,EGYPT
2016,470329,ROYAL GOLDEN EAGLE,TOBA PULP LESTARI,BELAWAN,SUMATERA UTARA,494,244723,ROYAL GOLDEN EAGLE,DP MARKETING INTERNATIONAL,MACAO,#N/A,CHINA (MAINLAND)
2016,470329,ROYAL GOLDEN EAGLE,APRIL,BUATAN,RIAU,502,230821,ROYAL GOLDEN EAGLE,AP ENTERPRISES (MACAO) COMMERCIAL OFFSHORE LTD,MACAO,#N/A,BANGLADESH
2016,470329,MARUBENI,TANJUNG ENIM LESTARI,PANJANG,SUMATERA SELATAN,1006,480811,MARUBENI,MARUBENI CORP,JAPAN,#N/A,CHINA (MAINLAND)
2016,470329,ROYAL GOLDEN EAGLE,APRIL,BUATAN,RIAU,241,110780,ROYAL GOLDEN EAGLE,AP ENTERPRISES (MACAO) COMMERCIAL OFFSHORE LTD,MACAO,#N/A,BANGLADESH
2016,470329,ROYAL GOLDEN EAGLE,APRIL,BUATAN,RIAU,301,138637,ROYAL GOLDEN EAGLE,APEL ENTERPRISES (SINGAPORE) PTE LTD,SINGAPORE,#N/A,EGYPT
2016,470329,ROYAL GOLDEN EAGLE,APRIL,FUTONG,RIAU,6165,2836043,ROYAL GOLDEN EAGLE,ALKIRA TRADING (MACAO COMMERCIAL OFFSHORE) LTD,MACAO,#N/A,CHINA (MAINLAND)
2016,470329,SINAR MAS,INDAH KIAT,SUNGAI PAKNING,RIAU,5000,2661250,SINAR MAS,KING PAPER SOURCE TRADING (SHANGHAI) CO LTD,CHINA (MAINLAND),#N/A,CHINA (MAINLAND)
2016,470329,SINAR MAS,INDAH KIAT,SUNGAI PAKNING,RIAU,3000,1596750,SINAR MAS,KING PAPER SOURCE TRADING (SHANGHAI) CO LTD,CHINA (MAINLAND),#N/A,CHINA (MAINLAND)
2016,470329,MARUBENI,TANJUNG ENIM LESTARI,PANJANG,SUMATERA SELATAN,44,22875,MARUBENI,MARUBENI CORP,JAPAN,#N/A,INDIA
2016,470329,MARUBENI,TANJUNG ENIM LESTARI,PANJANG,SUMATERA SELATAN,88,46222,MARUBENI,MARUBENI CORP,JAPAN,#N/A,INDIA
2016,470329,ROYAL GOLDEN EAGLE,APRIL,BUATAN,RIAU,261,120016,ROYAL GOLDEN EAGLE,AP ENTERPRISES (MACAO) COMMERCIAL OFFSHORE LTD,MACAO,#N/A,BANGLADESH
2016,470329,ROYAL GOLDEN EAGLE,APRIL,BUATAN,RIAU,96,44370,ROYAL GOLDEN EAGLE,ALKIRA TRADING (MACAO COMMERCIAL OFFSHORE) LTD,MACAO,#N/A,TAIWAN
2016,470329,ROYAL GOLDEN EAGLE,APRIL,FUTONG,RIAU,4189,1926735,ROYAL GOLDEN EAGLE,ALKIRA TRADING (MACAO COMMERCIAL OFFSHORE) LTD,MACAO,#N/A,CHINA (MAINLAND)
2016,470329,SINAR MAS,INDAH KIAT,PERAWANG,RIAU,2200,1170950,SINAR MAS,KING PAPER SOURCE TRADING (SHANGHAI) CO LTD,CHINA (MAINLAND),#N/A,CHINA (MAINLAND)
2016,470329,MARUBENI,TANJUNG ENIM LESTARI,PANJANG,SUMATERA SELATAN,1005,479901,MARUBENI,MARUBENI CORP,JAPAN,#N/A,CHINA (MAINLAND)
2016,470329,ROYAL GOLDEN EAGLE,APRIL,BUATAN,RIAU,501,230510,ROYAL GOLDEN EAGLE,AP ENTERPRISES (MACAO) COMMERCIAL OFFSHORE LTD,MACAO,#N/A,BANGLADESH
2016,470329,SINAR MAS,INDAH KIAT,PERAWANG,RIAU,492,241736,UNKNOWN AFFILIATION,SUZHOU GUANBAO TRADING LTD,CHINA (MAINLAND),#N/A,CHINA (MAINLAND)
2016,470329,SINAR MAS,LONTAR PAPYRUS,KUALA TUNGKAL,JAMBI,997,532224,SINAR MAS,KING PAPER SOURCE TRADING (SHANGHAI) CO LTD,CHINA (MAINLAND),#N/A,CHINA (MAINLAND)
2016,470329,ROYAL GOLDEN EAGLE,APRIL,BUATAN,RIAU,503,236445,ROYAL GOLDEN EAGLE,ALKIRA TRADING (MACAO COMMERCIAL OFFSHORE) LTD,MACAO,#N/A,CHINA (MAINLAND)
2016,470329,SINAR MAS,INDAH KIAT,PERAWANG,RIAU,1480,797054,UNKNOWN AFFILIATION,SUZHOU GUANBAO TRADING LTD,CHINA (MAINLAND),#N/A,CHINA (MAINLAND)
2016,470329,ROYAL GOLDEN EAGLE,APRIL,BUATAN,RIAU,502,236130,ROYAL GOLDEN EAGLE,ALKIRA TRADING (MACAO COMMERCIAL OFFSHORE) LTD,MACAO,#N/A,CHINA (MAINLAND)
2016,470329,ROYAL GOLDEN EAGLE,APRIL,BUATAN,RIAU,503,236205,ROYAL GOLDEN EAGLE,ALKIRA TRADING (MACAO COMMERCIAL OFFSHORE) LTD,MACAO,#N/A,CHINA (MAINLAND)
2016,470329,ROYAL GOLDEN EAGLE,APRIL,BUATAN,RIAU,502,236104,ROYAL GOLDEN EAGLE,ALKIRA TRADING (MACAO COMMERCIAL OFFSHORE) LTD,MACAO,#N/A,CHINA (MAINLAND)
2016,470329,SINAR MAS,INDAH KIAT,PERAWANG,RIAU,372,187306,UNKNOWN AFFILIATION,SUZHOU GUANBAO TRADING LTD,CHINA (MAINLAND),#N/A,CHINA (MAINLAND)
2016,470329,SINAR MAS,LONTAR PAPYRUS,KUALA TUNGKAL,JAMBI,998,499548,SINAR MAS,KING PAPER SOURCE TRADING (SHANGHAI) CO LTD,CHINA (MAINLAND),#N/A,CHINA (MAINLAND)
2016,470329,ROYAL GOLDEN EAGLE,APRIL,BUATAN,RIAU,503,236252,ROYAL GOLDEN EAGLE,ALKIRA TRADING (MACAO COMMERCIAL OFFSHORE) LTD,MACAO,#N/A,CHINA (MAINLAND)
2016,470329,ROYAL GOLDEN EAGLE,TOBA PULP LESTARI,BELAWAN,SUMATERA UTARA,989,489318,ROYAL GOLDEN EAGLE,DP MARKETING INTERNATIONAL,MACAO,#N/A,CHINA (MAINLAND)
2016,470329,ROYAL GOLDEN EAGLE,APRIL,BUATAN,RIAU,60,27679,ROYAL GOLDEN EAGLE,APEL ENTERPRISES (SINGAPORE) PTE LTD,SINGAPORE,#N/A,INDIA
2016,470329,ROYAL GOLDEN EAGLE,APRIL,BUATAN,RIAU,40,18493,ROYAL GOLDEN EAGLE,APEL ENTERPRISES (SINGAPORE) PTE LTD,SINGAPORE,#N/A,INDIA
2016,470329,SINAR MAS,INDAH KIAT,PERAWANG,RIAU,1000,532062,UNKNOWN AFFILIATION,NINGBO CROWN OF CHINA ENERGY CO LTD,CHINA (MAINLAND),#N/A,CHINA (MAINLAND)
2016,470329,ROYAL GOLDEN EAGLE,TOBA PULP LESTARI,BELAWAN,SUMATERA UTARA,494,244683,ROYAL GOLDEN EAGLE,DP MARKETING INTERNATIONAL,MACAO,#N/A,CHINA (MAINLAND)
2016,470329,ROYAL GOLDEN EAGLE,TOBA PULP LESTARI,BELAWAN,SUMATERA UTARA,1030,509748,ROYAL GOLDEN EAGLE,DP MARKETING INTERNATIONAL,MACAO,#N/A,CHINA (MAINLAND)
2016,470329,SINAR MAS,INDAH KIAT,PERAWANG,RIAU,300,158850,SINAR MAS,KING PAPER SOURCE TRADING (SHANGHAI) CO LTD,CHINA (MAINLAND),#N/A,CHINA (MAINLAND)
2016,470329,SINAR MAS,INDAH KIAT,PERAWANG,RIAU,1000,529500,SINAR MAS,KING PAPER SOURCE TRADING (SHANGHAI) CO LTD,CHINA (MAINLAND),#N/A,CHINA (MAINLAND)
2016,470329,ROYAL GOLDEN EAGLE,APRIL,BUATAN,RIAU,994,457405,ROYAL GOLDEN EAGLE,ALKIRA TRADING (MACAO COMMERCIAL OFFSHORE) LTD,MACAO,#N/A,CHINA (MAINLAND)
2016,470329,ROYAL GOLDEN EAGLE,APRIL,BUATAN,RIAU,502,236027,ROYAL GOLDEN EAGLE,ALKIRA TRADING (MACAO COMMERCIAL OFFSHORE) LTD,MACAO,#N/A,CHINA (MAINLAND)
2016,470329,ROYAL GOLDEN EAGLE,APRIL,BUATAN,RIAU,241,110792,ROYAL GOLDEN EAGLE,APEL ENTERPRISES (SINGAPORE) PTE LTD,SINGAPORE,#N/A,INDIA
2016,470329,SINAR MAS,LONTAR PAPYRUS,KUALA TUNGKAL,JAMBI,1000,500354,SINAR MAS,KING PAPER SOURCE TRADING (SHANGHAI) CO LTD,CHINA (MAINLAND),#N/A,CHINA (MAINLAND)
2016,470329,ROYAL GOLDEN EAGLE,APRIL,BUATAN,RIAU,100,46177,ROYAL GOLDEN EAGLE,APEL ENTERPRISES (SINGAPORE) PTE LTD,SINGAPORE,#N/A,INDIA
2016,470329,ROYAL GOLDEN EAGLE,APRIL,BUATAN,RIAU,502,230759,ROYAL GOLDEN EAGLE,AP ENTERPRISES (MACAO) COMMERCIAL OFFSHORE LTD,MACAO,#N/A,BANGLADESH
2016,470329,MARUBENI,TANJUNG ENIM LESTARI,TANJUNG PRIOK,SUMATERA SELATAN,504,240178,MARUBENI,MARUBENI CORP,JAPAN,#N/A,THAILAND
2016,470329,MARUBENI,TANJUNG ENIM LESTARI,TANJUNG PRIOK,SUMATERA SELATAN,1009,477179,MARUBENI,MARUBENI CORP,JAPAN,#N/A,CHINA (MAINLAND)
2016,470329,SINAR MAS,INDAH KIAT,SUNGAI PAKNING,RIAU,5000,2653750,SINAR MAS,KING PAPER SOURCE TRADING (SHANGHAI) CO LTD,CHINA (MAINLAND),#N/A,CHINA (MAINLAND)
2016,470329,SINAR MAS,INDAH KIAT,PERAWANG,RIAU,504,254205,UNKNOWN AFFILIATION,SUZHOU HUANG YI TRADE CO LTD,CHINA (MAINLAND),#N/A,CHINA (MAINLAND)
2016,470329,SINAR MAS,LONTAR PAPYRUS,KUALA TUNGKAL,JAMBI,838,443991,UNKNOWN AFFILIATION,SUZHOU HUANG YI TRADE CO LTD,CHINA (MAINLAND),#N/A,CHINA (MAINLAND)
2016,470329,ROYAL GOLDEN EAGLE,APRIL,BUATAN,RIAU,502,230737,ROYAL GOLDEN EAGLE,AP ENTERPRISES (MACAO) COMMERCIAL OFFSHORE LTD,MACAO,#N/A,BANGLADESH
2016,470329,ROYAL GOLDEN EAGLE,TOBA PULP LESTARI,BELAWAN,SUMATERA UTARA,494,244531,ROYAL GOLDEN EAGLE,DP MARKETING INTERNATIONAL,MACAO,#N/A,CHINA (MAINLAND)
2016,470329,SINAR MAS,INDAH KIAT,SUNGAI PAKNING,RIAU,5500,2919125,UNKNOWN AFFILIATION,NINGBO CROWN OF CHINA ENERGY CO LTD,CHINA (MAINLAND),#N/A,CHINA (MAINLAND)
2016,470329,ROYAL GOLDEN EAGLE,TOBA PULP LESTARI,BELAWAN,SUMATERA UTARA,494,244717,ROYAL GOLDEN EAGLE,DP MARKETING INTERNATIONAL,MACAO,#N/A,CHINA (MAINLAND)
2016,470329,SINAR MAS,INDAH KIAT,PERAWANG,RIAU,1000,530825,UNKNOWN AFFILIATION,NINGBO CROWN OF CHINA ENERGY CO LTD,CHINA (MAINLAND),#N/A,CHINA (MAINLAND)
2016,470329,ROYAL GOLDEN EAGLE,APRIL,BUATAN,RIAU,995,457648,ROYAL GOLDEN EAGLE,ALKIRA TRADING (MACAO COMMERCIAL OFFSHORE) LTD,MACAO,#N/A,CHINA (MAINLAND)
2016,470329,ROYAL GOLDEN EAGLE,APRIL,BUATAN,RIAU,201,92434,ROYAL GOLDEN EAGLE,APEL ENTERPRISES (SINGAPORE) PTE LTD,SINGAPORE,#N/A,THAILAND
2016,470329,ROYAL GOLDEN EAGLE,APRIL,BUATAN,RIAU,995,457551,ROYAL GOLDEN EAGLE,ALKIRA TRADING (MACAO COMMERCIAL OFFSHORE) LTD,MACAO,#N/A,CHINA (MAINLAND)
2016,470329,ROYAL GOLDEN EAGLE,APRIL,BUATAN,RIAU,502,230694,ROYAL GOLDEN EAGLE,AP ENTERPRISES (MACAO) COMMERCIAL OFFSHORE LTD,MACAO,#N/A,BANGLADESH
2016,470329,ROYAL GOLDEN EAGLE,APRIL,BUATAN,RIAU,501,230518,ROYAL GOLDEN EAGLE,AP ENTERPRISES (MACAO) COMMERCIAL OFFSHORE LTD,MACAO,#N/A,BANGLADESH
2016,470329,SINAR MAS,INDAH KIAT,PERAWANG,RIAU,1000,530825,UNKNOWN AFFILIATION,NINGBO CROWN OF CHINA ENERGY CO LTD,CHINA (MAINLAND),#N/A,CHINA (MAINLAND)
2016,470329,ROYAL GOLDEN EAGLE,APRIL,BUATAN,RIAU,803,377526,ROYAL GOLDEN EAGLE,ALKIRA TRADING (MACAO COMMERCIAL OFFSHORE) LTD,MACAO,#N/A,CHINA (MAINLAND)
2016,470329,ROYAL GOLDEN EAGLE,APRIL,BUATAN,RIAU,994,457451,ROYAL GOLDEN EAGLE,ALKIRA TRADING (MACAO COMMERCIAL OFFSHORE) LTD,MACAO,#N/A,CHINA (MAINLAND)
2016,470329,ROYAL GOLDEN EAGLE,TOBA PULP LESTARI,BELAWAN,SUMATERA UTARA,989,489487,ROYAL GOLDEN EAGLE,DP MARKETING INTERNATIONAL,MACAO,#N/A,CHINA (MAINLAND)
2016,470329,ROYAL GOLDEN EAGLE,APRIL,BUATAN,RIAU,994,457200,ROYAL GOLDEN EAGLE,ALKIRA TRADING (MACAO COMMERCIAL OFFSHORE) LTD,MACAO,#N/A,CHINA (MAINLAND)
2016,470329,ROYAL GOLDEN EAGLE,APRIL,FUTONG,RIAU,2010,924679,ROYAL GOLDEN EAGLE,AP ENTERPRISES (MACAO) COMMERCIAL OFFSHORE LTD,MACAO,#N/A,SOUTH KOREA
2016,470329,ROYAL GOLDEN EAGLE,APRIL,FUTONG,RIAU,3516,1617577,ROYAL GOLDEN EAGLE,AP ENTERPRISES (MACAO) COMMERCIAL OFFSHORE LTD,MACAO,#N/A,SOUTH KOREA
2016,470329,MARUBENI,TANJUNG ENIM LESTARI,PANJANG,SUMATERA SELATAN,1003,475376,MARUBENI,MARUBENI CORP,JAPAN,#N/A,CHINA (MAINLAND)
2016,470329,ROYAL GOLDEN EAGLE,APRIL,FUTONG,RIAU,4520,2079226,ROYAL GOLDEN EAGLE,AP ENTERPRISES (MACAO) COMMERCIAL OFFSHORE LTD,MACAO,#N/A,SOUTH KOREA
2016,470329,ROYAL GOLDEN EAGLE,APRIL,BUATAN,RIAU,201,92445,ROYAL GOLDEN EAGLE,APEL ENTERPRISES (SINGAPORE) PTE LTD,SINGAPORE,#N/A,THAILAND
2016,470329,MARUBENI,TANJUNG ENIM LESTARI,PANJANG,SUMATERA SELATAN,503,257680,MARUBENI,MARUBENI CORP,JAPAN,#N/A,INDIA
2016,470329,ROYAL GOLDEN EAGLE,APRIL,FUTONG,RIAU,2009,923958,ROYAL GOLDEN EAGLE,APEL ENTERPRISES (SINGAPORE) PTE LTD,SINGAPORE,#N/A,SOUTH KOREA
2016,470329,ROYAL GOLDEN EAGLE,APRIL,FUTONG,RIAU,5023,2310707,ROYAL GOLDEN EAGLE,APEL ENTERPRISES (SINGAPORE) PTE LTD,SINGAPORE,#N/A,SOUTH KOREA
2016,470329,ROYAL GOLDEN EAGLE,TOBA PULP LESTARI,BELAWAN,SUMATERA UTARA,493,244172,ROYAL GOLDEN EAGLE,DP MARKETING INTERNATIONAL,MACAO,#N/A,CHINA (MAINLAND)
2016,470329,ROYAL GOLDEN EAGLE,APRIL,BUATAN,RIAU,497,228553,ROYAL GOLDEN EAGLE,ALKIRA TRADING (MACAO COMMERCIAL OFFSHORE) LTD,MACAO,#N/A,CHINA (MAINLAND)
2016,470329,ROYAL GOLDEN EAGLE,APRIL,FUTONG,RIAU,703,323284,ROYAL GOLDEN EAGLE,AP ENTERPRISES (MACAO) COMMERCIAL OFFSHORE LTD,MACAO,#N/A,SOUTH KOREA
2016,470329,ROYAL GOLDEN EAGLE,APRIL,FUTONG,RIAU,2010,924709,ROYAL GOLDEN EAGLE,AP ENTERPRISES (MACAO) COMMERCIAL OFFSHORE LTD,MACAO,#N/A,SOUTH KOREA
2016,470329,ROYAL GOLDEN EAGLE,APRIL,FUTONG,RIAU,301,138667,ROYAL GOLDEN EAGLE,AP ENTERPRISES (MACAO) COMMERCIAL OFFSHORE LTD,MACAO,#N/A,SOUTH KOREA
2016,470329,MARUBENI,TANJUNG ENIM LESTARI,PANJANG,SUMATERA SELATAN,506,258446,MARUBENI,MARUBENI CORP,JAPAN,#N/A,INDIA
2016,470329,SINAR MAS,LONTAR PAPYRUS,KUALA TUNGKAL,JAMBI,499,257207,SINAR MAS,GOLDEN PROFIT TRADING PTE LTD,SINGAPORE,#N/A,BANGLADESH
2016,470329,SINAR MAS,LONTAR PAPYRUS,KUALA TUNGKAL,JAMBI,260,136872,UNKNOWN AFFILIATION,NINGBO CROWN OF CHINA ENERGY CO LTD,CHINA (MAINLAND),#N/A,EGYPT
2016,470329,ROYAL GOLDEN EAGLE,TOBA PULP LESTARI,BELAWAN,SUMATERA UTARA,990,490135,ROYAL GOLDEN EAGLE,DP MARKETING INTERNATIONAL,MACAO,#N/A,CHINA (MAINLAND)
2016,470329,MARUBENI,TANJUNG ENIM LESTARI,PANJANG,SUMATERA SELATAN,110,54763,MARUBENI,MARUBENI CORP,JAPAN,#N/A,INDIA
2016,470329,ROYAL GOLDEN EAGLE,APRIL,BUATAN,RIAU,502,235958,ROYAL GOLDEN EAGLE,ALKIRA TRADING (MACAO COMMERCIAL OFFSHORE) LTD,MACAO,#N/A,CHINA (MAINLAND)
2016,470329,SINAR MAS,LONTAR PAPYRUS,KUALA TUNGKAL,JAMBI,498,262059,UNKNOWN AFFILIATION,NINGBO CROWN OF CHINA ENERGY CO LTD,CHINA (MAINLAND),#N/A,BANGLADESH
2016,470329,ROYAL GOLDEN EAGLE,APRIL,BUATAN,RIAU,261,120041,ROYAL GOLDEN EAGLE,AP ENTERPRISES (MACAO) COMMERCIAL OFFSHORE LTD,MACAO,#N/A,BANGLADESH
2016,470329,MARUBENI,TANJUNG ENIM LESTARI,PANJANG,SUMATERA SELATAN,1002,473310,MARUBENI,MARUBENI CORP,JAPAN,#N/A,CHINA (MAINLAND)
2016,470329,ROYAL GOLDEN EAGLE,APRIL,BUATAN,RIAU,502,235980,ROYAL GOLDEN EAGLE,ALKIRA TRADING (MACAO COMMERCIAL OFFSHORE) LTD,MACAO,#N/A,CHINA (MAINLAND)
2016,470329,ROYAL GOLDEN EAGLE,APRIL,FUTONG,RIAU,6030,2834015,ROYAL GOLDEN EAGLE,ALKIRA TRADING (MACAO COMMERCIAL OFFSHORE) LTD,MACAO,#N/A,ITALY
2016,470329,SINAR MAS,LONTAR PAPYRUS,KUALA TUNGKAL,JAMBI,740,362524,SINAR MAS,GOLDEN PROFIT TRADING PTE LTD,SINGAPORE,#N/A,INDIA
2016,470329,ROYAL GOLDEN EAGLE,APRIL,FUTONG,RIAU,2011,944951,ROYAL GOLDEN EAGLE,ALKIRA TRADING (MACAO COMMERCIAL OFFSHORE) LTD,MACAO,#N/A,NETHERLANDS
2016,470329,SINAR MAS,INDAH KIAT,PERAWANG,RIAU,252,128940,UNKNOWN AFFILIATION,SUZHOU HUANG YI TRADE CO LTD,CHINA (MAINLAND),#N/A,CHINA (MAINLAND)
2016,470329,ROYAL GOLDEN EAGLE,APRIL,BUATAN,RIAU,301,138311,ROYAL GOLDEN EAGLE,APEL ENTERPRISES (SINGAPORE) PTE LTD,SINGAPORE,#N/A,EGYPT
2016,470329,ROYAL GOLDEN EAGLE,APRIL,BUATAN,RIAU,497,228465,ROYAL GOLDEN EAGLE,ALKIRA TRADING (MACAO COMMERCIAL OFFSHORE) LTD,MACAO,#N/A,CHINA (MAINLAND)
2016,470329,ROYAL GOLDEN EAGLE,APRIL,BUATAN,RIAU,201,94436,ROYAL GOLDEN EAGLE,ALKIRA TRADING (MACAO COMMERCIAL OFFSHORE) LTD,MACAO,#N/A,CHINA (MAINLAND)
2016,470329,ROYAL GOLDEN EAGLE,APRIL,FUTONG,RIAU,200,92135,ROYAL GOLDEN EAGLE,ALKIRA TRADING (MACAO COMMERCIAL OFFSHORE) LTD,MACAO,#N/A,ITALY
2016,470329,ROYAL GOLDEN EAGLE,APRIL,FUTONG,RIAU,804,369817,ROYAL GOLDEN EAGLE,ALKIRA TRADING (MACAO COMMERCIAL OFFSHORE) LTD,MACAO,#N/A,ITALY
2016,470329,MARUBENI,TANJUNG ENIM LESTARI,PANJANG,SUMATERA SELATAN,100,50536,MARUBENI,MARUBENI CORP,JAPAN,#N/A,SOUTH KOREA
2016,470329,MARUBENI,TANJUNG ENIM LESTARI,PANJANG,SUMATERA SELATAN,395,220510,MARUBENI,MARUBENI CORP,JAPAN,#N/A,AUSTRALIA
2016,470329,SINAR MAS,INDAH KIAT,PERAWANG,RIAU,1000,530825,UNKNOWN AFFILIATION,SUZHOU HUANG YI TRADE CO LTD,CHINA (MAINLAND),#N/A,CHINA (MAINLAND)
2016,470329,ROYAL GOLDEN EAGLE,APRIL,BUATAN,RIAU,502,230990,ROYAL GOLDEN EAGLE,AP ENTERPRISES (MACAO) COMMERCIAL OFFSHORE LTD,MACAO,#N/A,BANGLADESH
2016,470329,ROYAL GOLDEN EAGLE,APRIL,BUATAN,RIAU,201,92377,ROYAL GOLDEN EAGLE,APEL ENTERPRISES (SINGAPORE) PTE LTD,SINGAPORE,#N/A,INDIA
2016,470329,MARUBENI,TANJUNG ENIM LESTARI,PANJANG,SUMATERA SELATAN,500,266394,MARUBENI,MARUBENI CORP,JAPAN,#N/A,SOUTH KOREA
2016,470329,ROYAL GOLDEN EAGLE,APRIL,BUATAN,RIAU,1508,693772,ROYAL GOLDEN EAGLE,ALKIRA TRADING (MACAO COMMERCIAL OFFSHORE) LTD,MACAO,#N/A,CHINA (MAINLAND)
2016,470329,MARUBENI,TANJUNG ENIM LESTARI,PANJANG,SUMATERA SELATAN,300,148890,MARUBENI,MARUBENI CORP,JAPAN,#N/A,JAPAN
2016,470329,SINAR MAS,INDAH KIAT,PERAWANG,RIAU,504,247632,UNKNOWN AFFILIATION,SUZHOU GUANBAO TRADING LTD,CHINA (MAINLAND),#N/A,CHINA (MAINLAND)
2016,470329,MARUBENI,TANJUNG ENIM LESTARI,PANJANG,SUMATERA SELATAN,401,202813,MARUBENI,MARUBENI CORP,JAPAN,#N/A,SOUTH KOREA
2016,470329,MARUBENI,TANJUNG ENIM LESTARI,PANJANG,SUMATERA SELATAN,30,15565,MARUBENI,MARUBENI CORP,JAPAN,#N/A,JAPAN
2016,470329,MARUBENI,TANJUNG ENIM LESTARI,PANJANG,SUMATERA SELATAN,799,414233,MARUBENI,MARUBENI CORP,JAPAN,#N/A,CHINA (MAINLAND)
2016,470329,MARUBENI,TANJUNG ENIM LESTARI,PANJANG,SUMATERA SELATAN,1999,969064,MARUBENI,MARUBENI CORP,JAPAN,#N/A,CHINA (MAINLAND)
2016,470329,MARUBENI,TANJUNG ENIM LESTARI,PANJANG,SUMATERA SELATAN,399,213899,MARUBENI,MARUBENI CORP,JAPAN,#N/A,SOUTH KOREA
2016,470329,MARUBENI,TANJUNG ENIM LESTARI,PANJANG,SUMATERA SELATAN,100,53445,MARUBENI,MARUBENI CORP,JAPAN,#N/A,SOUTH KOREA
2016,470329,ROYAL GOLDEN EAGLE,APRIL,BUATAN,RIAU,261,122773,ROYAL GOLDEN EAGLE,ALKIRA TRADING (MACAO COMMERCIAL OFFSHORE) LTD,MACAO,#N/A,CHINA (MAINLAND)
2016,470329,MARUBENI,TANJUNG ENIM LESTARI,PANJANG,SUMATERA SELATAN,1201,604731,MARUBENI,MARUBENI CORP,JAPAN,#N/A,CHINA (MAINLAND)
2016,470329,MARUBENI,TANJUNG ENIM LESTARI,PANJANG,SUMATERA SELATAN,600,315640,MARUBENI,MARUBENI CORP,JAPAN,#N/A,JAPAN
2016,470329,MARUBENI,TANJUNG ENIM LESTARI,PANJANG,SUMATERA SELATAN,979,521357,MARUBENI,MARUBENI CORP,JAPAN,#N/A,SOUTH KOREA
2016,470329,MARUBENI,TANJUNG ENIM LESTARI,PANJANG,SUMATERA SELATAN,2958,1484328,MARUBENI,MARUBENI CORP,JAPAN,#N/A,SOUTH KOREA
2016,470329,MARUBENI,TANJUNG ENIM LESTARI,PANJANG,SUMATERA SELATAN,200,95493,MARUBENI,MARUBENI CORP,JAPAN,#N/A,JAPAN
2016,470329,MARUBENI,TANJUNG ENIM LESTARI,PANJANG,SUMATERA SELATAN,153,72073,CELLMARK,CELLMARK ASIA PTE LTD,SINGAPORE,#N/A,BANGLADESH
2016,470329,ROYAL GOLDEN EAGLE,APRIL,FUTONG,RIAU,1006,462570,ROYAL GOLDEN EAGLE,ALKIRA TRADING (MACAO COMMERCIAL OFFSHORE) LTD,MACAO,#N/A,ITALY
2016,470329,ROYAL GOLDEN EAGLE,TOBA PULP LESTARI,BELAWAN,SUMATERA UTARA,989,489459,ROYAL GOLDEN EAGLE,DP MARKETING INTERNATIONAL,MACAO,#N/A,CHINA (MAINLAND)
2016,470329,SINAR MAS,LONTAR PAPYRUS,KUALA TUNGKAL,JAMBI,838,423961,SINAR MAS,KING PAPER SOURCE TRADING (SHANGHAI) CO LTD,CHINA (MAINLAND),#N/A,CHINA (MAINLAND)
2016,470329,SINAR MAS,LONTAR PAPYRUS,KUALA TUNGKAL,JAMBI,1158,617856,UNKNOWN AFFILIATION,SUZHOU HUANG YI TRADE CO LTD,CHINA (MAINLAND),#N/A,CHINA (MAINLAND)
2016,470329,SINAR MAS,LONTAR PAPYRUS,KUALA TUNGKAL,JAMBI,997,521365,UNKNOWN AFFILIATION,NINGBO CROWN OF CHINA ENERGY CO LTD,CHINA (MAINLAND),#N/A,CHINA (MAINLAND)
2016,470329,ROYAL GOLDEN EAGLE,TOBA PULP LESTARI,BELAWAN,SUMATERA UTARA,495,244949,ROYAL GOLDEN EAGLE,DP MARKETING INTERNATIONAL,MACAO,#N/A,CHINA (MAINLAND)
2016,470329,ROYAL GOLDEN EAGLE,TOBA PULP LESTARI,BELAWAN,SUMATERA UTARA,495,244943,ROYAL GOLDEN EAGLE,DP MARKETING INTERNATIONAL,MACAO,#N/A,CHINA (MAINLAND)
2016,470329,SINAR MAS,LONTAR PAPYRUS,KUALA TUNGKAL,JAMBI,160,83557,SINAR MAS,KING PAPER SOURCE TRADING (SHANGHAI) CO LTD,CHINA (MAINLAND),#N/A,CHINA (MAINLAND)
2016,470329,ROYAL GOLDEN EAGLE,APRIL,BUATAN,RIAU,60,27663,ROYAL GOLDEN EAGLE,APEL ENTERPRISES (SINGAPORE) PTE LTD,SINGAPORE,#N/A,INDIA
2016,470329,SINAR MAS,LONTAR PAPYRUS,KUALA TUNGKAL,JAMBI,499,241333,SINAR MAS,GOLDEN PROFIT TRADING PTE LTD,SINGAPORE,#N/A,INDIA
2016,470329,ROYAL GOLDEN EAGLE,APRIL,BUATAN,RIAU,502,230747,ROYAL GOLDEN EAGLE,AP ENTERPRISES (MACAO) COMMERCIAL OFFSHORE LTD,MACAO,#N/A,BANGLADESH
2016,470329,SINAR MAS,INDAH KIAT,PERAWANG,RIAU,380,201210,SINAR MAS,KING PAPER SOURCE TRADING (SHANGHAI) CO LTD,CHINA (MAINLAND),#N/A,CHINA (MAINLAND)
2016,470329,SINAR MAS,LONTAR PAPYRUS,KUALA TUNGKAL,JAMBI,1001,530445,UNKNOWN AFFILIATION,SUZHOU HUANG YI TRADE CO LTD,CHINA (MAINLAND),#N/A,CHINA (MAINLAND)
2016,470329,SINAR MAS,LONTAR PAPYRUS,KUALA TUNGKAL,JAMBI,240,125372,UNKNOWN AFFILIATION,SUZHOU HUANG YI TRADE CO LTD,CHINA (MAINLAND),#N/A,CHINA (MAINLAND)
2016,470329,ROYAL GOLDEN EAGLE,TOBA PULP LESTARI,BELAWAN,SUMATERA UTARA,989,489719,ROYAL GOLDEN EAGLE,DP MARKETING INTERNATIONAL,MACAO,#N/A,CHINA (MAINLAND)
2016,470329,ROYAL GOLDEN EAGLE,APRIL,BUATAN,RIAU,6,2810,ROYAL GOLDEN EAGLE,ALKIRA TRADING (MACAO COMMERCIAL OFFSHORE) LTD,MACAO,#N/A,SWEDEN
2016,470329,ROYAL GOLDEN EAGLE,APRIL,BUATAN,RIAU,1004,461813,ROYAL GOLDEN EAGLE,ALKIRA TRADING (MACAO COMMERCIAL OFFSHORE) LTD,MACAO,#N/A,CHINA (MAINLAND)
2016,470329,ROYAL GOLDEN EAGLE,APRIL,BUATAN,RIAU,60,27685,ROYAL GOLDEN EAGLE,APEL ENTERPRISES (SINGAPORE) PTE LTD,SINGAPORE,#N/A,INDIA
2016,470329,MARUBENI,TANJUNG ENIM LESTARI,TANJUNG PRIOK,SUMATERA SELATAN,505,238307,MARUBENI,MARUBENI CORP,JAPAN,#N/A,CHINA (MAINLAND)
2016,470329,MARUBENI,TANJUNG ENIM LESTARI,TANJUNG PRIOK,SUMATERA SELATAN,809,393694,MARUBENI,MARUBENI CORP,JAPAN,#N/A,CHINA (MAINLAND)
2016,470329,ROYAL GOLDEN EAGLE,TOBA PULP LESTARI,BELAWAN,SUMATERA UTARA,494,244673,ROYAL GOLDEN EAGLE,DP MARKETING INTERNATIONAL,MACAO,#N/A,CHINA (MAINLAND)
2016,470329,ROYAL GOLDEN EAGLE,APRIL,FUTONG,RIAU,6602,3040272,ROYAL GOLDEN EAGLE,ALKIRA TRADING (MACAO COMMERCIAL OFFSHORE) LTD,MACAO,#N/A,CHINA (MAINLAND)
2016,470329,ROYAL GOLDEN EAGLE,APRIL,BUATAN,RIAU,501,230655,ROYAL GOLDEN EAGLE,AP ENTERPRISES (MACAO) COMMERCIAL OFFSHORE LTD,MACAO,#N/A,BANGLADESH
2016,470329,ROYAL GOLDEN EAGLE,APRIL,FUTONG,RIAU,2542,1169368,ROYAL GOLDEN EAGLE,ALKIRA TRADING (MACAO COMMERCIAL OFFSHORE) LTD,MACAO,#N/A,CHINA (MAINLAND)
2016,470329,SINAR MAS,INDAH KIAT,PERAWANG,RIAU,1000,530825,UNKNOWN AFFILIATION,SUZHOU HUANG YI TRADE CO LTD,CHINA (MAINLAND),#N/A,CHINA (MAINLAND)
2016,470329,ROYAL GOLDEN EAGLE,APRIL,FUTONG,RIAU,2098,964984,ROYAL GOLDEN EAGLE,ALKIRA TRADING (MACAO COMMERCIAL OFFSHORE) LTD,MACAO,#N/A,CHINA (MAINLAND)
2016,470329,SINAR MAS,INDAH KIAT,PERAWANG,RIAU,560,298252,UNKNOWN AFFILIATION,SUZHOU HUANG YI TRADE CO LTD,CHINA (MAINLAND),#N/A,CHINA (MAINLAND)
2016,470329,ROYAL GOLDEN EAGLE,APRIL,BUATAN,RIAU,502,230824,ROYAL GOLDEN EAGLE,AP ENTERPRISES (MACAO) COMMERCIAL OFFSHORE LTD,MACAO,#N/A,BANGLADESH
2016,470329,ROYAL GOLDEN EAGLE,APRIL,BUATAN,RIAU,502,235805,ROYAL GOLDEN EAGLE,APEL ENTERPRISES (SINGAPORE) PTE LTD,SINGAPORE,#N/A,INDIA
2016,470329,ROYAL GOLDEN EAGLE,APRIL,FUTONG,RIAU,7537,3466937,ROYAL GOLDEN EAGLE,AP ENTERPRISES (MACAO) COMMERCIAL OFFSHORE LTD,MACAO,#N/A,BANGLADESH
2016,470329,ROYAL GOLDEN EAGLE,APRIL,BUATAN,RIAU,1004,471997,ROYAL GOLDEN EAGLE,ALKIRA TRADING (MACAO COMMERCIAL OFFSHORE) LTD,MACAO,#N/A,CHINA (MAINLAND)
2016,470329,ROYAL GOLDEN EAGLE,APRIL,BUATAN,RIAU,502,230814,ROYAL GOLDEN EAGLE,AP ENTERPRISES (MACAO) COMMERCIAL OFFSHORE LTD,MACAO,#N/A,BANGLADESH
2016,470329,ROYAL GOLDEN EAGLE,APRIL,BUATAN,RIAU,201,92408,ROYAL GOLDEN EAGLE,APEL ENTERPRISES (SINGAPORE) PTE LTD,SINGAPORE,#N/A,THAILAND
2016,470329,MARUBENI,TANJUNG ENIM LESTARI,PANJANG,SUMATERA SELATAN,1539,727647,MARUBENI,MARUBENI CORP,JAPAN,#N/A,CHINA (MAINLAND)
2016,470329,ROYAL GOLDEN EAGLE,APRIL,BUATAN,RIAU,201,92412,ROYAL GOLDEN EAGLE,AP ENTERPRISES (MACAO) COMMERCIAL OFFSHORE LTD,MACAO,#N/A,BANGLADESH
2016,470329,ROYAL GOLDEN EAGLE,APRIL,BUATAN,RIAU,261,120006,ROYAL GOLDEN EAGLE,AP ENTERPRISES (MACAO) COMMERCIAL OFFSHORE LTD,MACAO,#N/A,BANGLADESH
2016,470329,ROYAL GOLDEN EAGLE,APRIL,BUATAN,RIAU,40,18527,ROYAL GOLDEN EAGLE,APEL ENTERPRISES (SINGAPORE) PTE LTD,SINGAPORE,#N/A,INDIA
2016,470329,ROYAL GOLDEN EAGLE,APRIL,BUATAN,RIAU,101,46232,ROYAL GOLDEN EAGLE,APEL ENTERPRISES (SINGAPORE) PTE LTD,SINGAPORE,#N/A,INDIA
2016,470329,ROYAL GOLDEN EAGLE,APRIL,BUATAN,RIAU,60,27723,ROYAL GOLDEN EAGLE,APEL ENTERPRISES (SINGAPORE) PTE LTD,SINGAPORE,#N/A,INDIA
2016,470329,SINAR MAS,INDAH KIAT,SUNGAI PAKNING,RIAU,5000,2661250,SINAR MAS,KING PAPER SOURCE TRADING (SHANGHAI) CO LTD,CHINA (MAINLAND),#N/A,CHINA (MAINLAND)
2016,470329,SINAR MAS,INDAH KIAT,SUNGAI PAKNING,RIAU,500,266125,SINAR MAS,KING PAPER SOURCE TRADING (SHANGHAI) CO LTD,CHINA (MAINLAND),#N/A,CHINA (MAINLAND)
2016,470329,ROYAL GOLDEN EAGLE,APRIL,BUATAN,RIAU,60,27718,ROYAL GOLDEN EAGLE,APEL ENTERPRISES (SINGAPORE) PTE LTD,SINGAPORE,#N/A,INDIA
2016,470329,SINAR MAS,INDAH KIAT,PERAWANG,RIAU,1000,530162,SINAR MAS,KING PAPER SOURCE TRADING (SHANGHAI) CO LTD,CHINA (MAINLAND),#N/A,CHINA (MAINLAND)
2016,470329,ROYAL GOLDEN EAGLE,APRIL,BUATAN,RIAU,201,92447,ROYAL GOLDEN EAGLE,APEL ENTERPRISES (SINGAPORE) PTE LTD,SINGAPORE,#N/A,INDIA
2016,470329,SINAR MAS,INDAH KIAT,PERAWANG,RIAU,504,249900,UNKNOWN AFFILIATION,SUZHOU HUANG YI TRADE CO LTD,CHINA (MAINLAND),#N/A,CHINA (MAINLAND)
2016,470329,ROYAL GOLDEN EAGLE,APRIL,BUATAN,RIAU,60,27711,ROYAL GOLDEN EAGLE,APEL ENTERPRISES (SINGAPORE) PTE LTD,SINGAPORE,#N/A,INDIA
2016,470329,ROYAL GOLDEN EAGLE,APRIL,BUATAN,RIAU,796,366098,ROYAL GOLDEN EAGLE,APEL ENTERPRISES (SINGAPORE) PTE LTD,SINGAPORE,#N/A,DJIBOUTI
2016,470329,SINAR MAS,LONTAR PAPYRUS,KUALA TUNGKAL,JAMBI,759,371860,SINAR MAS,GOLDEN PROFIT TRADING PTE LTD,SINGAPORE,#N/A,INDIA
2016,470329,SINAR MAS,LONTAR PAPYRUS,KUALA TUNGKAL,JAMBI,999,522982,UNKNOWN AFFILIATION,SUZHOU HUANG YI TRADE CO LTD,CHINA (MAINLAND),#N/A,CHINA (MAINLAND)
2016,470329,ROYAL GOLDEN EAGLE,TOBA PULP LESTARI,BELAWAN,SUMATERA UTARA,991,490609,ROYAL GOLDEN EAGLE,DP MARKETING INTERNATIONAL,MACAO,#N/A,CHINA (MAINLAND)
2016,470329,ROYAL GOLDEN EAGLE,APRIL,BUATAN,RIAU,20,9236,ROYAL GOLDEN EAGLE,APEL ENTERPRISES (SINGAPORE) PTE LTD,SINGAPORE,#N/A,UNITED ARAB EMIRATES
2016,470329,ROYAL GOLDEN EAGLE,APRIL,FUTONG,RIAU,5377,2473201,ROYAL GOLDEN EAGLE,AP ENTERPRISES (MACAO) COMMERCIAL OFFSHORE LTD,MACAO,#N/A,CHINA (MAINLAND)
2016,470329,ROYAL GOLDEN EAGLE,APRIL,FUTONG,RIAU,1055,485174,ROYAL GOLDEN EAGLE,ALKIRA TRADING (MACAO COMMERCIAL OFFSHORE) LTD,MACAO,#N/A,CHINA (MAINLAND)
2016,470329,ROYAL GOLDEN EAGLE,APRIL,BUATAN,RIAU,20,9244,ROYAL GOLDEN EAGLE,APEL ENTERPRISES (SINGAPORE) PTE LTD,SINGAPORE,#N/A,UNITED ARAB EMIRATES
2016,470329,ROYAL GOLDEN EAGLE,APRIL,BUATAN,RIAU,502,230863,ROYAL GOLDEN EAGLE,AP ENTERPRISES (MACAO) COMMERCIAL OFFSHORE LTD,MACAO,#N/A,BANGLADESH
2016,470329,ROYAL GOLDEN EAGLE,APRIL,BUATAN,RIAU,398,182931,ROYAL GOLDEN EAGLE,APEL ENTERPRISES (SINGAPORE) PTE LTD,SINGAPORE,#N/A,DJIBOUTI
2016,470329,ROYAL GOLDEN EAGLE,APRIL,BUATAN,RIAU,596,274247,ROYAL GOLDEN EAGLE,APEL ENTERPRISES (SINGAPORE) PTE LTD,SINGAPORE,#N/A,EGYPT
2016,470329,SINAR MAS,LONTAR PAPYRUS,KUALA TUNGKAL,JAMBI,500,257279,SINAR MAS,GOLDEN PROFIT TRADING PTE LTD,SINGAPORE,#N/A,BANGLADESH
2016,470329,MARUBENI,TANJUNG ENIM LESTARI,PANJANG,SUMATERA SELATAN,1011,484337,MARUBENI,MARUBENI CORP,JAPAN,#N/A,CHINA (MAINLAND)
2016,470329,SINAR MAS,LONTAR PAPYRUS,KUALA TUNGKAL,JAMBI,241,123031,SINAR MAS,GOLDEN PROFIT TRADING PTE LTD,SINGAPORE,#N/A,INDIA
2016,470329,ROYAL GOLDEN EAGLE,TOBA PULP LESTARI,BELAWAN,SUMATERA UTARA,495,245037,ROYAL GOLDEN EAGLE,DP MARKETING INTERNATIONAL,MACAO,#N/A,CHINA (MAINLAND)
2016,470329,MARUBENI,TANJUNG ENIM LESTARI,TANJUNG PRIOK,SUMATERA SELATAN,60,29559,MARUBENI,MARUBENI CORP,JAPAN,#N/A,JAPAN
2016,470329,ROYAL GOLDEN EAGLE,TOBA PULP LESTARI,BELAWAN,SUMATERA UTARA,496,245406,ROYAL GOLDEN EAGLE,DP MARKETING INTERNATIONAL,MACAO,#N/A,CHINA (MAINLAND)
2016,470329,ROYAL GOLDEN EAGLE,APRIL,BUATAN,RIAU,241,110821,ROYAL GOLDEN EAGLE,AP ENTERPRISES (MACAO) COMMERCIAL OFFSHORE LTD,MACAO,#N/A,BANGLADESH
2016,470329,ROYAL GOLDEN EAGLE,APRIL,BUATAN,RIAU,297,136713,ROYAL GOLDEN EAGLE,APEL ENTERPRISES (SINGAPORE) PTE LTD,SINGAPORE,#N/A,IRAN
2016,470329,SINAR MAS,INDAH KIAT,PERAWANG,RIAU,440,237160,UNKNOWN AFFILIATION,SUZHOU HUANG YI TRADE CO LTD,CHINA (MAINLAND),#N/A,CHINA (MAINLAND)
2016,470329,MARUBENI,TANJUNG ENIM LESTARI,PANJANG,SUMATERA SELATAN,504,257814,MARUBENI,MARUBENI CORP,JAPAN,#N/A,INDIA
2016,470329,SINAR MAS,INDAH KIAT,PERAWANG,RIAU,1000,528238,SINAR MAS,KING PAPER SOURCE TRADING (SHANGHAI) CO LTD,CHINA (MAINLAND),#N/A,CHINA (MAINLAND)
2016,470329,ROYAL GOLDEN EAGLE,APRIL,BUATAN,RIAU,704,330647,ROYAL GOLDEN EAGLE,APEL ENTERPRISES (SINGAPORE) PTE LTD,SINGAPORE,#N/A,LEBANON
2016,470329,MARUBENI,TANJUNG ENIM LESTARI,PANJANG,SUMATERA SELATAN,504,258381,MARUBENI,MARUBENI CORP,JAPAN,#N/A,INDIA
2016,470329,ROYAL GOLDEN EAGLE,TOBA PULP LESTARI,BELAWAN,SUMATERA UTARA,990,490254,ROYAL GOLDEN EAGLE,DP MARKETING INTERNATIONAL,MACAO,#N/A,CHINA (MAINLAND)
2016,470329,SINAR MAS,INDAH KIAT,PERAWANG,RIAU,504,248840,UNKNOWN AFFILIATION,SUZHOU HUANG YI TRADE CO LTD,CHINA (MAINLAND),#N/A,CHINA (MAINLAND)
2016,470329,ROYAL GOLDEN EAGLE,TOBA PULP LESTARI,BELAWAN,SUMATERA UTARA,497,246155,ROYAL GOLDEN EAGLE,DP MARKETING INTERNATIONAL,MACAO,#N/A,CHINA (MAINLAND)
2016,470329,SINAR MAS,INDAH KIAT,PERAWANG,RIAU,1000,463362,SINAR MAS,GOLDEN PROFIT TRADING PTE LTD,SINGAPORE,#N/A,VIETNAM
2016,470329,ROYAL GOLDEN EAGLE,APRIL,FUTONG,RIAU,6131,2820128,ROYAL GOLDEN EAGLE,ALKIRA TRADING (MACAO COMMERCIAL OFFSHORE) LTD,MACAO,#N/A,CHINA (MAINLAND)
2016,470329,SINAR MAS,LONTAR PAPYRUS,KUALA TUNGKAL,JAMBI,259,137524,UNKNOWN AFFILIATION,NINGBO CROWN OF CHINA ENERGY CO LTD,CHINA (MAINLAND),#N/A,EGYPT
2016,470329,ROYAL GOLDEN EAGLE,APRIL,BUATAN,RIAU,502,231007,ROYAL GOLDEN EAGLE,AP ENTERPRISES (MACAO) COMMERCIAL OFFSHORE LTD,MACAO,#N/A,BANGLADESH
2016,470329,ROYAL GOLDEN EAGLE,APRIL,FUTONG,RIAU,4017,1847814,ROYAL GOLDEN EAGLE,ALKIRA TRADING (MACAO COMMERCIAL OFFSHORE) LTD,MACAO,#N/A,CHINA (MAINLAND)
2016,470329,ROYAL GOLDEN EAGLE,APRIL,BUATAN,RIAU,502,230939,ROYAL GOLDEN EAGLE,AP ENTERPRISES (MACAO) COMMERCIAL OFFSHORE LTD,MACAO,#N/A,BANGLADESH
2016,470329,ROYAL GOLDEN EAGLE,APRIL,BUATAN,RIAU,100,46227,ROYAL GOLDEN EAGLE,APEL ENTERPRISES (SINGAPORE) PTE LTD,SINGAPORE,#N/A,UNITED ARAB EMIRATES
2016,470329,ROYAL GOLDEN EAGLE,APRIL,BUATAN,RIAU,401,184648,ROYAL GOLDEN EAGLE,APEL ENTERPRISES (SINGAPORE) PTE LTD,SINGAPORE,#N/A,THAILAND
2016,470329,ROYAL GOLDEN EAGLE,APRIL,BUATAN,RIAU,1005,462093,ROYAL GOLDEN EAGLE,ALKIRA TRADING (MACAO COMMERCIAL OFFSHORE) LTD,MACAO,#N/A,CHINA (MAINLAND)
2016,470329,ROYAL GOLDEN EAGLE,TOBA PULP LESTARI,BELAWAN,SUMATERA UTARA,494,244751,ROYAL GOLDEN EAGLE,DP MARKETING INTERNATIONAL,MACAO,#N/A,CHINA (MAINLAND)
2016,470329,SINAR MAS,LONTAR PAPYRUS,KUALA TUNGKAL,JAMBI,1000,529712,UNKNOWN AFFILIATION,SUZHOU HUANG YI TRADE CO LTD,CHINA (MAINLAND),#N/A,CHINA (MAINLAND)
2016,470329,SINAR MAS,LONTAR PAPYRUS,KUALA TUNGKAL,JAMBI,998,521655,SINAR MAS,KING PAPER SOURCE TRADING (SHANGHAI) CO LTD,CHINA (MAINLAND),#N/A,CHINA (MAINLAND)
2016,470329,SINAR MAS,LONTAR PAPYRUS,KUALA TUNGKAL,JAMBI,240,123549,SINAR MAS,GOLDEN PROFIT TRADING PTE LTD,SINGAPORE,#N/A,BANGLADESH
2016,470329,SINAR MAS,LONTAR PAPYRUS,KUALA TUNGKAL,JAMBI,1000,533822,UNKNOWN AFFILIATION,SUZHOU HUANG YI TRADE CO LTD,CHINA (MAINLAND),#N/A,CHINA (MAINLAND)
2016,470329,ROYAL GOLDEN EAGLE,TOBA PULP LESTARI,BELAWAN,SUMATERA UTARA,497,246220,ROYAL GOLDEN EAGLE,DP MARKETING INTERNATIONAL,MACAO,#N/A,CHINA (MAINLAND)
2016,470329,ROYAL GOLDEN EAGLE,TOBA PULP LESTARI,BELAWAN,SUMATERA UTARA,497,246104,ROYAL GOLDEN EAGLE,DP MARKETING INTERNATIONAL,MACAO,#N/A,CHINA (MAINLAND)
2016,470329,MARUBENI,TANJUNG ENIM LESTARI,PANJANG,SUMATERA SELATAN,108,61220,MARUBENI,MARUBENI CORP,JAPAN,#N/A,INDIA
2016,470329,ROYAL GOLDEN EAGLE,APRIL,BUATAN,RIAU,522,240154,ROYAL GOLDEN EAGLE,APEL ENTERPRISES (SINGAPORE) PTE LTD,SINGAPORE,#N/A,UNITED ARAB EMIRATES
2016,470329,SINAR MAS,LONTAR PAPYRUS,KUALA TUNGKAL,JAMBI,999,532806,UNKNOWN AFFILIATION,SUZHOU HUANG YI TRADE CO LTD,CHINA (MAINLAND),#N/A,CHINA (MAINLAND)
2016,470329,ROYAL GOLDEN EAGLE,APRIL,BUATAN,RIAU,502,236058,ROYAL GOLDEN EAGLE,APEL ENTERPRISES (SINGAPORE) PTE LTD,SINGAPORE,#N/A,INDIA
2016,470329,ROYAL GOLDEN EAGLE,APRIL,BUATAN,RIAU,543,249568,ROYAL GOLDEN EAGLE,APEL ENTERPRISES (SINGAPORE) PTE LTD,SINGAPORE,#N/A,KUWAIT
2016,470329,ROYAL GOLDEN EAGLE,APRIL,BUATAN,RIAU,60,27713,ROYAL GOLDEN EAGLE,APEL ENTERPRISES (SINGAPORE) PTE LTD,SINGAPORE,#N/A,INDIA
2016,470329,ROYAL GOLDEN EAGLE,APRIL,BUATAN,RIAU,201,92490,ROYAL GOLDEN EAGLE,APEL ENTERPRISES (SINGAPORE) PTE LTD,SINGAPORE,#N/A,THAILAND
2016,470329,SINAR MAS,INDAH KIAT,PERAWANG,RIAU,1000,539000,SINAR MAS,KING PAPER SOURCE TRADING (SHANGHAI) CO LTD,CHINA (MAINLAND),#N/A,CHINA (MAINLAND)
2016,470329,ROYAL GOLDEN EAGLE,APRIL,BUATAN,RIAU,60,27711,ROYAL GOLDEN EAGLE,APEL ENTERPRISES (SINGAPORE) PTE LTD,SINGAPORE,#N/A,INDIA
2016,470329,ROYAL GOLDEN EAGLE,APRIL,BUATAN,RIAU,813,374123,ROYAL GOLDEN EAGLE,AP ENTERPRISES (MACAO) COMMERCIAL OFFSHORE LTD,MACAO,#N/A,PAKISTAN
2016,470329,SINAR MAS,INDAH KIAT,PERAWANG,RIAU,522,265936,UNKNOWN AFFILIATION,SUZHOU HUANG YI TRADE CO LTD,CHINA (MAINLAND),#N/A,CHINA (MAINLAND)
2016,470329,SINAR MAS,INDAH KIAT,PERAWANG,RIAU,54,27511,UNKNOWN AFFILIATION,SUZHOU HUANG YI TRADE CO LTD,CHINA (MAINLAND),#N/A,CHINA (MAINLAND)
2016,470329,ROYAL GOLDEN EAGLE,APRIL,BUATAN,RIAU,58,26791,ROYAL GOLDEN EAGLE,AP ENTERPRISES (MACAO) COMMERCIAL OFFSHORE LTD,MACAO,#N/A,PAKISTAN
2016,470329,ROYAL GOLDEN EAGLE,APRIL,BUATAN,RIAU,60,27732,ROYAL GOLDEN EAGLE,APEL ENTERPRISES (SINGAPORE) PTE LTD,SINGAPORE,#N/A,INDIA
2016,470329,SINAR MAS,INDAH KIAT,PERAWANG,RIAU,240,124624,SINAR MAS,GOLDEN PROFIT TRADING PTE LTD,SINGAPORE,#N/A,PAKISTAN
2016,470329,SINAR MAS,INDAH KIAT,PERAWANG,RIAU,1000,527150,UNKNOWN AFFILIATION,NINGBO CROWN OF CHINA ENERGY CO LTD,CHINA (MAINLAND),#N/A,CHINA (MAINLAND)
2016,470329,ROYAL GOLDEN EAGLE,APRIL,BUATAN,RIAU,1005,462262,ROYAL GOLDEN EAGLE,ALKIRA TRADING (MACAO COMMERCIAL OFFSHORE) LTD,MACAO,#N/A,CHINA (MAINLAND)
2016,470329,SINAR MAS,INDAH KIAT,SUNGAI PAKNING,RIAU,1000,527000,SINAR MAS,GOLDEN PROFIT TRADING PTE LTD,SINGAPORE,#N/A,SOUTH KOREA
2016,470329,SINAR MAS,INDAH KIAT,SUNGAI PAKNING,RIAU,2100,1116255,UNKNOWN AFFILIATION,NINGBO CROWN OF CHINA ENERGY CO LTD,CHINA (MAINLAND),#N/A,CHINA (MAINLAND)
2016,470329,MARUBENI,TANJUNG ENIM LESTARI,TANJUNG PRIOK,SUMATERA SELATAN,500,242322,MARUBENI,MARUBENI CORP,JAPAN,#N/A,INDIA
2016,470329,SINAR MAS,INDAH KIAT,PERAWANG,RIAU,1000,539000,SINAR MAS,KING PAPER SOURCE TRADING (SHANGHAI) CO LTD,CHINA (MAINLAND),#N/A,CHINA (MAINLAND)
2016,470329,ROYAL GOLDEN EAGLE,TOBA PULP LESTARI,BELAWAN,SUMATERA UTARA,496,245342,ROYAL GOLDEN EAGLE,DP MARKETING INTERNATIONAL,MACAO,#N/A,CHINA (MAINLAND)
2016,470329,ROYAL GOLDEN EAGLE,APRIL,BUATAN,RIAU,502,230991,ROYAL GOLDEN EAGLE,AP ENTERPRISES (MACAO) COMMERCIAL OFFSHORE LTD,MACAO,#N/A,BANGLADESH
2016,470329,MARUBENI,TANJUNG ENIM LESTARI,PANJANG,SUMATERA SELATAN,2998,1504436,MARUBENI,MARUBENI CORP,JAPAN,#N/A,CHINA (MAINLAND)
2016,470329,SINAR MAS,INDAH KIAT,SUNGAI PAKNING,RIAU,5900,3136145,UNKNOWN AFFILIATION,NINGBO CROWN OF CHINA ENERGY CO LTD,CHINA (MAINLAND),#N/A,CHINA (MAINLAND)
2016,470329,MARUBENI,TANJUNG ENIM LESTARI,PANJANG,SUMATERA SELATAN,3899,1786293,MARUBENI,MARUBENI CORP,JAPAN,#N/A,CHINA (MAINLAND)
2016,470329,SINAR MAS,INDAH KIAT,PERAWANG,RIAU,500,265400,SINAR MAS,GOLDEN PROFIT TRADING PTE LTD,SINGAPORE,#N/A,VIETNAM
2016,470329,SINAR MAS,INDAH KIAT,SUNGAI PAKNING,RIAU,1500,781500,SINAR MAS,GOLDEN PROFIT TRADING PTE LTD,SINGAPORE,#N/A,BANGLADESH
2016,470329,MARUBENI,TANJUNG ENIM LESTARI,PANJANG,SUMATERA SELATAN,1199,563558,MARUBENI,MARUBENI CORP,JAPAN,#N/A,JAPAN
2016,470329,ROYAL GOLDEN EAGLE,APRIL,BUATAN,RIAU,502,231015,ROYAL GOLDEN EAGLE,AP ENTERPRISES (MACAO) COMMERCIAL OFFSHORE LTD,MACAO,#N/A,BANGLADESH
2016,470329,MARUBENI,TANJUNG ENIM LESTARI,PANJANG,SUMATERA SELATAN,99,47961,MARUBENI,MARUBENI CORP,JAPAN,#N/A,TAIWAN
2016,470329,MARUBENI,TANJUNG ENIM LESTARI,PANJANG,SUMATERA SELATAN,899,434132,MARUBENI,MARUBENI CORP,JAPAN,#N/A,TAIWAN
2016,470329,MARUBENI,TANJUNG ENIM LESTARI,PANJANG,SUMATERA SELATAN,199,96261,MARUBENI,MARUBENI CORP,JAPAN,#N/A,TAIWAN
2016,470329,MARUBENI,TANJUNG ENIM LESTARI,PANJANG,SUMATERA SELATAN,949,459192,MARUBENI,MARUBENI CORP,JAPAN,#N/A,TAIWAN
2016,470329,SINAR MAS,INDAH KIAT,PERAWANG,RIAU,1000,530162,SINAR MAS,KING PAPER SOURCE TRADING (SHANGHAI) CO LTD,CHINA (MAINLAND),#N/A,CHINA (MAINLAND)
2016,470329,SINAR MAS,INDAH KIAT,SUNGAI PAKNING,RIAU,500,263500,SINAR MAS,GOLDEN PROFIT TRADING PTE LTD,SINGAPORE,#N/A,SOUTH KOREA
2016,470329,SINAR MAS,INDAH KIAT,SUNGAI PAKNING,RIAU,1500,781500,SINAR MAS,GOLDEN PROFIT TRADING PTE LTD,SINGAPORE,#N/A,BANGLADESH
2016,470329,SINAR MAS,INDAH KIAT,PERAWANG,RIAU,504,247926,UNKNOWN AFFILIATION,SUZHOU GUANBAO TRADING LTD,CHINA (MAINLAND),#N/A,CHINA (MAINLAND)
2016,470329,MARUBENI,TANJUNG ENIM LESTARI,PANJANG,SUMATERA SELATAN,500,244147,MARUBENI,MARUBENI CORP,JAPAN,#N/A,TAIWAN
2016,470329,ROYAL GOLDEN EAGLE,APRIL,BUATAN,RIAU,201,92342,ROYAL GOLDEN EAGLE,APEL ENTERPRISES (SINGAPORE) PTE LTD,SINGAPORE,#N/A,INDIA
2016,470329,ROYAL GOLDEN EAGLE,APRIL,BUATAN,RIAU,502,226027,ROYAL GOLDEN EAGLE,AP ENTERPRISES (MACAO) COMMERCIAL OFFSHORE LTD,MACAO,#N/A,BANGLADESH
2016,470329,ROYAL GOLDEN EAGLE,APRIL,BUATAN,RIAU,100,46183,ROYAL GOLDEN EAGLE,APEL ENTERPRISES (SINGAPORE) PTE LTD,SINGAPORE,#N/A,INDIA
2016,470329,MARUBENI,TANJUNG ENIM LESTARI,PANJANG,SUMATERA SELATAN,108,56474,MARUBENI,MARUBENI CORP,JAPAN,#N/A,INDIA
2016,470329,MARUBENI,TANJUNG ENIM LESTARI,TANJUNG PRIOK,SUMATERA SELATAN,257,126347,MARUBENI,MARUBENI CORP,JAPAN,#N/A,JAPAN
2016,470329,ROYAL GOLDEN EAGLE,APRIL,BUATAN,RIAU,301,135594,ROYAL GOLDEN EAGLE,AP ENTERPRISES (MACAO) COMMERCIAL OFFSHORE LTD,MACAO,#N/A,BANGLADESH
2016,470329,MARUBENI,TANJUNG ENIM LESTARI,PANJANG,SUMATERA SELATAN,110,53423,MARUBENI,MARUBENI CORP,JAPAN,#N/A,INDIA
2016,470329,MARUBENI,TANJUNG ENIM LESTARI,PANJANG,SUMATERA SELATAN,154,72375,CELLMARK,CELLMARK ASIA PTE LTD,SINGAPORE,#N/A,BANGLADESH
2016,470329,SINAR MAS,LONTAR PAPYRUS,KUALA TUNGKAL,JAMBI,299,154168,SINAR MAS,GOLDEN PROFIT TRADING PTE LTD,SINGAPORE,#N/A,BANGLADESH
2016,470329,ROYAL GOLDEN EAGLE,APRIL,BUATAN,RIAU,402,180785,ROYAL GOLDEN EAGLE,APEL ENTERPRISES (SINGAPORE) PTE LTD,SINGAPORE,#N/A,PHILIPPINES
2016,470329,SINAR MAS,LONTAR PAPYRUS,KUALA TUNGKAL,JAMBI,999,529457,UNKNOWN AFFILIATION,SUZHOU HUANG YI TRADE CO LTD,CHINA (MAINLAND),#N/A,CHINA (MAINLAND)
2016,470329,ROYAL GOLDEN EAGLE,APRIL,FUTONG,RIAU,5024,2260688,ROYAL GOLDEN EAGLE,APEL ENTERPRISES (SINGAPORE) PTE LTD,SINGAPORE,#N/A,SOUTH KOREA
2016,470329,ROYAL GOLDEN EAGLE,APRIL,BUATAN,RIAU,597,268690,ROYAL GOLDEN EAGLE,APEL ENTERPRISES (SINGAPORE) PTE LTD,SINGAPORE,#N/A,EGYPT
2016,470329,ROYAL GOLDEN EAGLE,APRIL,BUATAN,RIAU,169,76079,ROYAL GOLDEN EAGLE,ALKIRA TRADING (MACAO COMMERCIAL OFFSHORE) LTD,MACAO,#N/A,UNITED KINGDOM
2016,470329,ROYAL GOLDEN EAGLE,APRIL,FUTONG,RIAU,5024,2260904,ROYAL GOLDEN EAGLE,AP ENTERPRISES (MACAO) COMMERCIAL OFFSHORE LTD,MACAO,#N/A,SOUTH KOREA
2016,470329,SINAR MAS,LONTAR PAPYRUS,KUALA TUNGKAL,JAMBI,500,258848,UNKNOWN AFFILIATION,SUZHOU HUANG YI TRADE CO LTD,CHINA (MAINLAND),#N/A,CHINA (MAINLAND)
2016,470329,MARUBENI,TANJUNG ENIM LESTARI,PANJANG,SUMATERA SELATAN,502,239132,MARUBENI,MARUBENI CORP,JAPAN,#N/A,INDIA
2016,470329,ROYAL GOLDEN EAGLE,APRIL,BUATAN,RIAU,60,27121,ROYAL GOLDEN EAGLE,APEL ENTERPRISES (SINGAPORE) PTE LTD,SINGAPORE,#N/A,INDIA
2016,470329,ROYAL GOLDEN EAGLE,APRIL,BUATAN,RIAU,994,447440,ROYAL GOLDEN EAGLE,APEL ENTERPRISES (SINGAPORE) PTE LTD,SINGAPORE,#N/A,SAUDI ARABIA
2016,470329,ROYAL GOLDEN EAGLE,TOBA PULP LESTARI,BELAWAN,SUMATERA UTARA,496,245393,ROYAL GOLDEN EAGLE,DP MARKETING INTERNATIONAL,MACAO,#N/A,CHINA (MAINLAND)
2016,470329,ROYAL GOLDEN EAGLE,TOBA PULP LESTARI,BELAWAN,SUMATERA UTARA,496,245472,ROYAL GOLDEN EAGLE,DP MARKETING INTERNATIONAL,MACAO,#N/A,CHINA (MAINLAND)
2016,470329,ROYAL GOLDEN EAGLE,APRIL,BUATAN,RIAU,60,27108,ROYAL GOLDEN EAGLE,APEL ENTERPRISES (SINGAPORE) PTE LTD,SINGAPORE,#N/A,INDIA
2016,470329,ROYAL GOLDEN EAGLE,APRIL,BUATAN,RIAU,96,43371,ROYAL GOLDEN EAGLE,ALKIRA TRADING (MACAO COMMERCIAL OFFSHORE) LTD,MACAO,#N/A,TAIWAN
2016,470329,SINAR MAS,INDAH KIAT,PERAWANG,RIAU,1000,515532,SINAR MAS,GOLDEN PROFIT TRADING PTE LTD,SINGAPORE,#N/A,BANGLADESH
2016,470329,ROYAL GOLDEN EAGLE,APRIL,FUTONG,RIAU,21702,9766072,ROYAL GOLDEN EAGLE,ALKIRA TRADING (MACAO COMMERCIAL OFFSHORE) LTD,MACAO,#N/A,TURKEY
2016,470329,ROYAL GOLDEN EAGLE,TOBA PULP LESTARI,BELAWAN,SUMATERA UTARA,496,245691,ROYAL GOLDEN EAGLE,DP MARKETING INTERNATIONAL,MACAO,#N/A,CHINA (MAINLAND)
2016,470329,ROYAL GOLDEN EAGLE,TOBA PULP LESTARI,BELAWAN,SUMATERA UTARA,496,245296,ROYAL GOLDEN EAGLE,DP MARKETING INTERNATIONAL,MACAO,#N/A,CHINA (MAINLAND)
2016,470329,ROYAL GOLDEN EAGLE,APRIL,BUATAN,RIAU,100,46214,ROYAL GOLDEN EAGLE,APEL ENTERPRISES (SINGAPORE) PTE LTD,SINGAPORE,#N/A,THAILAND
2016,470329,MARUBENI,TANJUNG ENIM LESTARI,TANJUNG PRIOK,SUMATERA SELATAN,504,243917,MARUBENI,MARUBENI CORP,JAPAN,#N/A,VIETNAM
2016,470329,ROYAL GOLDEN EAGLE,APRIL,BUATAN,RIAU,100,46193,ROYAL GOLDEN EAGLE,APEL ENTERPRISES (SINGAPORE) PTE LTD,SINGAPORE,#N/A,THAILAND
2016,470329,SINAR MAS,LONTAR PAPYRUS,KUALA TUNGKAL,JAMBI,499,248485,SINAR MAS,GOLDEN PROFIT TRADING PTE LTD,SINGAPORE,#N/A,INDIA
2016,470329,MARUBENI,TANJUNG ENIM LESTARI,TANJUNG PRIOK,SUMATERA SELATAN,504,261127,MARUBENI,MARUBENI CORP,JAPAN,#N/A,INDIA
2016,470329,SINAR MAS,LONTAR PAPYRUS,KUALA TUNGKAL,JAMBI,997,498309,UNKNOWN AFFILIATION,NINGBO CROWN OF CHINA ENERGY CO LTD,CHINA (MAINLAND),#N/A,CHINA (MAINLAND)
2016,470329,SINAR MAS,LONTAR PAPYRUS,KUALA TUNGKAL,JAMBI,759,402198,UNKNOWN AFFILIATION,SUZHOU HUANG YI TRADE CO LTD,CHINA (MAINLAND),#N/A,CHINA (MAINLAND)
2016,470329,ROYAL GOLDEN EAGLE,APRIL,BUATAN,RIAU,502,226001,ROYAL GOLDEN EAGLE,ALKIRA TRADING (MACAO COMMERCIAL OFFSHORE) LTD,MACAO,#N/A,CHINA (MAINLAND)
2016,470329,ROYAL GOLDEN EAGLE,APRIL,BUATAN,RIAU,1004,451946,ROYAL GOLDEN EAGLE,ALKIRA TRADING (MACAO COMMERCIAL OFFSHORE) LTD,MACAO,#N/A,CHINA (MAINLAND)
2016,470329,ROYAL GOLDEN EAGLE,APRIL,BUATAN,RIAU,60,27721,ROYAL GOLDEN EAGLE,APEL ENTERPRISES (SINGAPORE) PTE LTD,SINGAPORE,#N/A,INDIA
2016,470329,ROYAL GOLDEN EAGLE,APRIL,BUATAN,RIAU,995,447624,ROYAL GOLDEN EAGLE,APEL ENTERPRISES (SINGAPORE) PTE LTD,SINGAPORE,#N/A,SAUDI ARABIA
2016,470329,MARUBENI,TANJUNG ENIM LESTARI,TANJUNG PRIOK,SUMATERA SELATAN,499,231050,MARUBENI,MARUBENI CORP,JAPAN,#N/A,CHINA (MAINLAND)
2016,470329,ROYAL GOLDEN EAGLE,TOBA PULP LESTARI,BELAWAN,SUMATERA UTARA,991,490602,ROYAL GOLDEN EAGLE,DP MARKETING INTERNATIONAL,MACAO,#N/A,CHINA (MAINLAND)
2016,470329,ROYAL GOLDEN EAGLE,APRIL,BUATAN,RIAU,40,18081,ROYAL GOLDEN EAGLE,AP ENTERPRISES (MACAO) COMMERCIAL OFFSHORE LTD,MACAO,#N/A,BANGLADESH
2016,470329,MARUBENI,TANJUNG ENIM LESTARI,PANJANG,SUMATERA SELATAN,1006,461920,MARUBENI,MARUBENI CORP,JAPAN,#N/A,CHINA (MAINLAND)
2016,470329,ROYAL GOLDEN EAGLE,APRIL,BUATAN,RIAU,502,225912,ROYAL GOLDEN EAGLE,AP ENTERPRISES (MACAO) COMMERCIAL OFFSHORE LTD,MACAO,#N/A,BANGLADESH
2016,470329,ROYAL GOLDEN EAGLE,APRIL,BUATAN,RIAU,1005,462361,ROYAL GOLDEN EAGLE,ALKIRA TRADING (MACAO COMMERCIAL OFFSHORE) LTD,MACAO,#N/A,CHINA (MAINLAND)
2016,470329,MARUBENI,TANJUNG ENIM LESTARI,PANJANG,SUMATERA SELATAN,502,234961,MARUBENI,MARUBENI CORP,JAPAN,#N/A,INDIA
2016,470329,MARUBENI,TANJUNG ENIM LESTARI,TANJUNG PRIOK,SUMATERA SELATAN,238,116686,MARUBENI,MARUBENI CORP,JAPAN,#N/A,JAPAN
2016,470329,ROYAL GOLDEN EAGLE,APRIL,BUATAN,RIAU,502,226000,ROYAL GOLDEN EAGLE,AP ENTERPRISES (MACAO) COMMERCIAL OFFSHORE LTD,MACAO,#N/A,BANGLADESH
2016,470329,ROYAL GOLDEN EAGLE,APRIL,BUATAN,RIAU,1105,497249,ROYAL GOLDEN EAGLE,APEL ENTERPRISES (SINGAPORE) PTE LTD,SINGAPORE,#N/A,UNITED ARAB EMIRATES
2016,470329,MARUBENI,TANJUNG ENIM LESTARI,PANJANG,SUMATERA SELATAN,1000,451164,MARUBENI,MARUBENI CORP,JAPAN,#N/A,CHINA (MAINLAND)
2016,470329,MARUBENI,TANJUNG ENIM LESTARI,PANJANG,SUMATERA SELATAN,20,9896,MARUBENI,MARUBENI CORP,JAPAN,#N/A,JAPAN
2016,470329,ROYAL GOLDEN EAGLE,APRIL,BUATAN,RIAU,796,358088,ROYAL GOLDEN EAGLE,AP ENTERPRISES (MACAO) COMMERCIAL OFFSHORE LTD,MACAO,#N/A,PAKISTAN
2016,470329,MARUBENI,TANJUNG ENIM LESTARI,PANJANG,SUMATERA SELATAN,1050,482730,MARUBENI,MARUBENI CORP,JAPAN,#N/A,TAIWAN
2016,470329,SINAR MAS,INDAH KIAT,PERAWANG,RIAU,1000,496938,UNKNOWN AFFILIATION,SUZHOU HUANG YI TRADE CO LTD,CHINA (MAINLAND),#N/A,CHINA (MAINLAND)
2016,470329,ROYAL GOLDEN EAGLE,APRIL,BUATAN,RIAU,241,108410,ROYAL GOLDEN EAGLE,APEL ENTERPRISES (SINGAPORE) PTE LTD,SINGAPORE,#N/A,INDIA
2016,470329,MARUBENI,TANJUNG ENIM LESTARI,PANJANG,SUMATERA SELATAN,799,367070,MARUBENI,MARUBENI CORP,JAPAN,#N/A,TAIWAN
2016,470329,SINAR MAS,LONTAR PAPYRUS,KUALA TUNGKAL,JAMBI,140,62425,SINAR MAS,GOLDEN PROFIT TRADING PTE LTD,SINGAPORE,#N/A,BANGLADESH
2016,470329,SINAR MAS,LONTAR PAPYRUS,KUALA TUNGKAL,JAMBI,260,132376,SINAR MAS,GOLDEN PROFIT TRADING PTE LTD,SINGAPORE,#N/A,INDIA
2016,470329,MARUBENI,TANJUNG ENIM LESTARI,PANJANG,SUMATERA SELATAN,3029,1418966,MARUBENI,MARUBENI CORP,JAPAN,#N/A,CHINA (MAINLAND)
2016,470329,MARUBENI,TANJUNG ENIM LESTARI,PANJANG,SUMATERA SELATAN,400,188000,MARUBENI,MARUBENI CORP,JAPAN,#N/A,JAPAN
2016,470329,MARUBENI,TANJUNG ENIM LESTARI,PANJANG,SUMATERA SELATAN,120,56396,MARUBENI,MARUBENI CORP,JAPAN,#N/A,JAPAN
2016,470329,ROYAL GOLDEN EAGLE,TOBA PULP LESTARI,BELAWAN,SUMATERA UTARA,993,491770,ROYAL GOLDEN EAGLE,DP MARKETING INTERNATIONAL,MACAO,#N/A,CHINA (MAINLAND)
2016,470329,SINAR MAS,LONTAR PAPYRUS,KUALA TUNGKAL,JAMBI,997,486855,UNKNOWN AFFILIATION,NINGBO CROWN OF CHINA ENERGY CO LTD,CHINA (MAINLAND),#N/A,CHINA (MAINLAND)
2016,470329,SINAR MAS,LONTAR PAPYRUS,KUALA TUNGKAL,JAMBI,999,503154,UNKNOWN AFFILIATION,NINGBO CROWN OF CHINA ENERGY CO LTD,CHINA (MAINLAND),#N/A,CHINA (MAINLAND)
2016,470329,SINAR MAS,LONTAR PAPYRUS,KUALA TUNGKAL,JAMBI,1196,602640,UNKNOWN AFFILIATION,NINGBO CROWN OF CHINA ENERGY CO LTD,CHINA (MAINLAND),#N/A,CHINA (MAINLAND)
2016,470329,SINAR MAS,LONTAR PAPYRUS,KUALA TUNGKAL,JAMBI,500,256769,SINAR MAS,GOLDEN PROFIT TRADING PTE LTD,SINGAPORE,#N/A,BANGLADESH
2016,470329,MARUBENI,TANJUNG ENIM LESTARI,PANJANG,SUMATERA SELATAN,500,234808,MARUBENI,MARUBENI CORP,JAPAN,#N/A,TAIWAN
2016,470329,MARUBENI,TANJUNG ENIM LESTARI,PANJANG,SUMATERA SELATAN,3110,1477137,MARUBENI,MARUBENI CORP,JAPAN,#N/A,SOUTH KOREA
2016,470329,MARUBENI,TANJUNG ENIM LESTARI,PANJANG,SUMATERA SELATAN,600,305232,MARUBENI,MARUBENI CORP,JAPAN,#N/A,JAPAN
2016,470329,ROYAL GOLDEN EAGLE,TOBA PULP LESTARI,BELAWAN,SUMATERA UTARA,498,246405,ROYAL GOLDEN EAGLE,DP MARKETING INTERNATIONAL,MACAO,#N/A,CHINA (MAINLAND)
2016,470329,MARUBENI,TANJUNG ENIM LESTARI,PANJANG,SUMATERA SELATAN,101,46221,MARUBENI,MARUBENI CORP,JAPAN,#N/A,TAIWAN
2016,470329,SINAR MAS,INDAH KIAT,PERAWANG,RIAU,492,251740,UNKNOWN AFFILIATION,SUZHOU HUANG YI TRADE CO LTD,CHINA (MAINLAND),#N/A,CHINA (MAINLAND)
2016,470329,MARUBENI,TANJUNG ENIM LESTARI,PANJANG,SUMATERA SELATAN,108,51910,MARUBENI,MARUBENI CORP,JAPAN,#N/A,INDIA
2016,470329,SINAR MAS,LONTAR PAPYRUS,KUALA TUNGKAL,JAMBI,994,487633,UNKNOWN AFFILIATION,NINGBO CROWN OF CHINA ENERGY CO LTD,CHINA (MAINLAND),#N/A,CHINA (MAINLAND)
2016,470329,MARUBENI,TANJUNG ENIM LESTARI,PANJANG,SUMATERA SELATAN,300,140959,MARUBENI,MARUBENI CORP,JAPAN,#N/A,JAPAN
2016,470329,ROYAL GOLDEN EAGLE,APRIL,BUATAN,RIAU,1206,542618,ROYAL GOLDEN EAGLE,APEL ENTERPRISES (SINGAPORE) PTE LTD,SINGAPORE,#N/A,SAUDI ARABIA
2016,470329,ROYAL GOLDEN EAGLE,APRIL,BUATAN,RIAU,201,90358,ROYAL GOLDEN EAGLE,APEL ENTERPRISES (SINGAPORE) PTE LTD,SINGAPORE,#N/A,INDIA
2016,470329,ROYAL GOLDEN EAGLE,APRIL,BUATAN,RIAU,60,27102,ROYAL GOLDEN EAGLE,APEL ENTERPRISES (SINGAPORE) PTE LTD,SINGAPORE,#N/A,INDIA
2016,470329,ROYAL GOLDEN EAGLE,TOBA PULP LESTARI,BELAWAN,SUMATERA UTARA,497,245933,ROYAL GOLDEN EAGLE,DP MARKETING INTERNATIONAL,MACAO,#N/A,CHINA (MAINLAND)
2016,470329,ROYAL GOLDEN EAGLE,APRIL,BUATAN,RIAU,502,225818,ROYAL GOLDEN EAGLE,AP ENTERPRISES (MACAO) COMMERCIAL OFFSHORE LTD,MACAO,#N/A,BANGLADESH
2016,470329,SINAR MAS,INDAH KIAT,PERAWANG,RIAU,504,256765,UNKNOWN AFFILIATION,SUZHOU HUANG YI TRADE CO LTD,CHINA (MAINLAND),#N/A,CHINA (MAINLAND)
2016,470329,ROYAL GOLDEN EAGLE,APRIL,BUATAN,RIAU,201,90498,ROYAL GOLDEN EAGLE,APEL ENTERPRISES (SINGAPORE) PTE LTD,SINGAPORE,#N/A,THAILAND
2016,470329,ROYAL GOLDEN EAGLE,TOBA PULP LESTARI,BELAWAN,SUMATERA UTARA,497,241019,ROYAL GOLDEN EAGLE,DP MARKETING INTERNATIONAL,MACAO,#N/A,CHINA (MAINLAND)
2016,470329,ROYAL GOLDEN EAGLE,APRIL,BUATAN,RIAU,502,226104,ROYAL GOLDEN EAGLE,AP ENTERPRISES (MACAO) COMMERCIAL OFFSHORE LTD,MACAO,#N/A,BANGLADESH
2016,470329,ROYAL GOLDEN EAGLE,APRIL,BUATAN,RIAU,261,117595,ROYAL GOLDEN EAGLE,AP ENTERPRISES (MACAO) COMMERCIAL OFFSHORE LTD,MACAO,#N/A,BANGLADESH
2016,470329,ROYAL GOLDEN EAGLE,TOBA PULP LESTARI,BELAWAN,SUMATERA UTARA,495,245203,ROYAL GOLDEN EAGLE,DP MARKETING INTERNATIONAL,MACAO,#N/A,CHINA (MAINLAND)
2016,470329,ROYAL GOLDEN EAGLE,APRIL,BUATAN,RIAU,994,447358,ROYAL GOLDEN EAGLE,ALKIRA TRADING (MACAO COMMERCIAL OFFSHORE) LTD,MACAO,#N/A,CHINA (MAINLAND)
2016,470329,SINAR MAS,INDAH KIAT,SUNGAI PAKNING,RIAU,3000,1506000,UNKNOWN AFFILIATION,SUZHOU GUANBAO TRADING LTD,CHINA (MAINLAND),#N/A,CHINA (MAINLAND)
2016,470329,SINAR MAS,LONTAR PAPYRUS,KUALA TUNGKAL,JAMBI,999,499284,UNKNOWN AFFILIATION,NINGBO CROWN OF CHINA ENERGY CO LTD,CHINA (MAINLAND),#N/A,CHINA (MAINLAND)
2016,470329,SINAR MAS,INDAH KIAT,SUNGAI PAKNING,RIAU,2500,1255000,UNKNOWN AFFILIATION,SUZHOU GUANBAO TRADING LTD,CHINA (MAINLAND),#N/A,CHINA (MAINLAND)
2016,470329,ROYAL GOLDEN EAGLE,APRIL,BUATAN,RIAU,502,225977,ROYAL GOLDEN EAGLE,AP ENTERPRISES (MACAO) COMMERCIAL OFFSHORE LTD,MACAO,#N/A,BANGLADESH
2016,470329,ROYAL GOLDEN EAGLE,APRIL,FUTONG,RIAU,2010,904460,ROYAL GOLDEN EAGLE,ALKIRA TRADING (MACAO COMMERCIAL OFFSHORE) LTD,MACAO,#N/A,CHINA (MAINLAND)
2016,470329,ROYAL GOLDEN EAGLE,TOBA PULP LESTARI,BELAWAN,SUMATERA UTARA,992,490909,ROYAL GOLDEN EAGLE,DP MARKETING INTERNATIONAL,MACAO,#N/A,CHINA (MAINLAND)
2016,470329,ROYAL GOLDEN EAGLE,APRIL,FUTONG,RIAU,5607,2523359,ROYAL GOLDEN EAGLE,ALKIRA TRADING (MACAO COMMERCIAL OFFSHORE) LTD,MACAO,#N/A,CHINA (MAINLAND)
2016,470329,SINAR MAS,INDAH KIAT,PERAWANG,RIAU,492,242023,UNKNOWN AFFILIATION,SUZHOU HUANG YI TRADE CO LTD,CHINA (MAINLAND),#N/A,CHINA (MAINLAND)
2016,470329,ROYAL GOLDEN EAGLE,APRIL,BUATAN,RIAU,994,447314,ROYAL GOLDEN EAGLE,ALKIRA TRADING (MACAO COMMERCIAL OFFSHORE) LTD,MACAO,#N/A,CHINA (MAINLAND)
2016,470329,SINAR MAS,LONTAR PAPYRUS,KUALA TUNGKAL,JAMBI,1000,475119,UNKNOWN AFFILIATION,NINGBO CROWN OF CHINA ENERGY CO LTD,CHINA (MAINLAND),#N/A,CHINA (MAINLAND)
2016,470329,SINAR MAS,INDAH KIAT,SUNGAI PAKNING,RIAU,2500,1245000,SINAR MAS,GOLDEN PROFIT TRADING PTE LTD,SINGAPORE,#N/A,SOUTH KOREA
2016,470329,ROYAL GOLDEN EAGLE,TOBA PULP LESTARI,BELAWAN,SUMATERA UTARA,990,480296,ROYAL GOLDEN EAGLE,DP MARKETING INTERNATIONAL,MACAO,#N/A,CHINA (MAINLAND)
2016,470329,ROYAL GOLDEN EAGLE,APRIL,BUATAN,RIAU,994,447484,ROYAL GOLDEN EAGLE,ALKIRA TRADING (MACAO COMMERCIAL OFFSHORE) LTD,MACAO,#N/A,CHINA (MAINLAND)
2016,470329,ROYAL GOLDEN EAGLE,APRIL,FUTONG,RIAU,6533,2940053,ROYAL GOLDEN EAGLE,AP ENTERPRISES (MACAO) COMMERCIAL OFFSHORE LTD,MACAO,#N/A,SOUTH KOREA
2016,470329,SINAR MAS,INDAH KIAT,PERAWANG,RIAU,200,101810,SINAR MAS,GOLDEN PROFIT TRADING PTE LTD,SINGAPORE,#N/A,VIETNAM
2016,470329,SINAR MAS,INDAH KIAT,PERAWANG,RIAU,1000,500466,UNKNOWN AFFILIATION,SUZHOU HUANG YI TRADE CO LTD,CHINA (MAINLAND),#N/A,CHINA (MAINLAND)
2016,470329,ROYAL GOLDEN EAGLE,APRIL,FUTONG,RIAU,3366,1514747,ROYAL GOLDEN EAGLE,AP ENTERPRISES (MACAO) COMMERCIAL OFFSHORE LTD,MACAO,#N/A,SOUTH KOREA
2016,470329,ROYAL GOLDEN EAGLE,APRIL,FUTONG,RIAU,5023,2260207,ROYAL GOLDEN EAGLE,APEL ENTERPRISES (SINGAPORE) PTE LTD,SINGAPORE,#N/A,SOUTH KOREA
2016,470329,SINAR MAS,INDAH KIAT,PERAWANG,RIAU,300,151009,SINAR MAS,GOLDEN PROFIT TRADING PTE LTD,SINGAPORE,#N/A,VIETNAM
2016,470329,SINAR MAS,INDAH KIAT,PERAWANG,RIAU,492,242023,UNKNOWN AFFILIATION,NINGBO CROWN OF CHINA ENERGY CO LTD,CHINA (MAINLAND),#N/A,CHINA (MAINLAND)
2016,470329,ROYAL GOLDEN EAGLE,APRIL,BUATAN,RIAU,1506,677913,ROYAL GOLDEN EAGLE,ALKIRA TRADING (MACAO COMMERCIAL OFFSHORE) LTD,MACAO,#N/A,CHINA (MAINLAND)
2016,470329,SINAR MAS,INDAH KIAT,PERAWANG,RIAU,420,214900,UNKNOWN AFFILIATION,SUZHOU HUANG YI TRADE CO LTD,CHINA (MAINLAND),#N/A,CHINA (MAINLAND)
2016,470329,ROYAL GOLDEN EAGLE,APRIL,FUTONG,RIAU,1320,593775,ROYAL GOLDEN EAGLE,AP ENTERPRISES (MACAO) COMMERCIAL OFFSHORE LTD,MACAO,#N/A,SOUTH KOREA
2016,470329,ROYAL GOLDEN EAGLE,APRIL,FUTONG,RIAU,3248,1461600,ROYAL GOLDEN EAGLE,APEL ENTERPRISES (SINGAPORE) PTE LTD,SINGAPORE,#N/A,SOUTH KOREA
2016,470329,ROYAL GOLDEN EAGLE,APRIL,FUTONG,RIAU,703,316346,ROYAL GOLDEN EAGLE,AP ENTERPRISES (MACAO) COMMERCIAL OFFSHORE LTD,MACAO,#N/A,SOUTH KOREA
2016,470329,SINAR MAS,INDAH KIAT,PERAWANG,RIAU,168,85524,UNKNOWN AFFILIATION,SUZHOU HUANG YI TRADE CO LTD,CHINA (MAINLAND),#N/A,CHINA (MAINLAND)
2016,470329,ROYAL GOLDEN EAGLE,TOBA PULP LESTARI,BELAWAN,SUMATERA UTARA,495,244841,ROYAL GOLDEN EAGLE,DP MARKETING INTERNATIONAL,MACAO,#N/A,CHINA (MAINLAND)
2016,470329,SINAR MAS,INDAH KIAT,PERAWANG,RIAU,84,42980,UNKNOWN AFFILIATION,SUZHOU HUANG YI TRADE CO LTD,CHINA (MAINLAND),#N/A,CHINA (MAINLAND)
2016,470329,ROYAL GOLDEN EAGLE,APRIL,BUATAN,RIAU,502,225892,ROYAL GOLDEN EAGLE,AP ENTERPRISES (MACAO) COMMERCIAL OFFSHORE LTD,MACAO,#N/A,BANGLADESH
2016,470329,ROYAL GOLDEN EAGLE,APRIL,BUATAN,RIAU,995,447754,ROYAL GOLDEN EAGLE,ALKIRA TRADING (MACAO COMMERCIAL OFFSHORE) LTD,MACAO,#N/A,CHINA (MAINLAND)
2016,470329,MARUBENI,TANJUNG ENIM LESTARI,PANJANG,SUMATERA SELATAN,1463,669333,MARUBENI,MARUBENI CORP,JAPAN,#N/A,CHINA (MAINLAND)
2016,470329,ROYAL GOLDEN EAGLE,TOBA PULP LESTARI,BELAWAN,SUMATERA UTARA,993,491631,ROYAL GOLDEN EAGLE,DP MARKETING INTERNATIONAL,MACAO,#N/A,CHINA (MAINLAND)
2016,470329,SINAR MAS,INDAH KIAT,PERAWANG,RIAU,504,248840,UNKNOWN AFFILIATION,SUZHOU HUANG YI TRADE CO LTD,CHINA (MAINLAND),#N/A,CHINA (MAINLAND)
2016,470329,MARUBENI,TANJUNG ENIM LESTARI,TANJUNG PRIOK,SUMATERA SELATAN,257,126334,MARUBENI,MARUBENI CORP,JAPAN,#N/A,JAPAN
2016,470329,ROYAL GOLDEN EAGLE,APRIL,BUATAN,RIAU,496,223410,ROYAL GOLDEN EAGLE,AP ENTERPRISES (MACAO) COMMERCIAL OFFSHORE LTD,MACAO,#N/A,PAKISTAN
2016,470329,ROYAL GOLDEN EAGLE,APRIL,BUATAN,RIAU,993,447060,ROYAL GOLDEN EAGLE,ALKIRA TRADING (MACAO COMMERCIAL OFFSHORE) LTD,MACAO,#N/A,CHINA (MAINLAND)
2016,470329,MARUBENI,TANJUNG ENIM LESTARI,TANJUNG PRIOK,SUMATERA SELATAN,981,449220,MARUBENI,MARUBENI CORP,JAPAN,#N/A,CHINA (MAINLAND)
2016,470329,ROYAL GOLDEN EAGLE,TOBA PULP LESTARI,BELAWAN,SUMATERA UTARA,497,241093,ROYAL GOLDEN EAGLE,DP MARKETING INTERNATIONAL,MACAO,#N/A,CHINA (MAINLAND)
2016,470329,ROYAL GOLDEN EAGLE,APRIL,FUTONG,RIAU,2982,1341904,ROYAL GOLDEN EAGLE,ALKIRA TRADING (MACAO COMMERCIAL OFFSHORE) LTD,MACAO,#N/A,CHINA (MAINLAND)
2016,470329,MARUBENI,TANJUNG ENIM LESTARI,PANJANG,SUMATERA SELATAN,109,57650,MARUBENI,MARUBENI CORP,JAPAN,#N/A,INDIA
2016,470329,ROYAL GOLDEN EAGLE,APRIL,BUATAN,RIAU,502,225925,ROYAL GOLDEN EAGLE,AP ENTERPRISES (MACAO) COMMERCIAL OFFSHORE LTD,MACAO,#N/A,BANGLADESH
2016,470329,ROYAL GOLDEN EAGLE,APRIL,BUATAN,RIAU,502,226098,ROYAL GOLDEN EAGLE,APEL ENTERPRISES (SINGAPORE) PTE LTD,SINGAPORE,#N/A,INDIA
2016,470329,MARUBENI,TANJUNG ENIM LESTARI,PANJANG,SUMATERA SELATAN,393,215784,MARUBENI,MARUBENI CORP,JAPAN,#N/A,AUSTRALIA
2016,470329,ROYAL GOLDEN EAGLE,APRIL,FUTONG,RIAU,5023,2260319,ROYAL GOLDEN EAGLE,ALKIRA TRADING (MACAO COMMERCIAL OFFSHORE) LTD,MACAO,#N/A,CHINA (MAINLAND)
2016,470329,ROYAL GOLDEN EAGLE,APRIL,BUATAN,RIAU,502,225749,ROYAL GOLDEN EAGLE,ALKIRA TRADING (MACAO COMMERCIAL OFFSHORE) LTD,MACAO,#N/A,CHINA (MAINLAND)
2016,470329,ROYAL GOLDEN EAGLE,APRIL,BUATAN,RIAU,597,268861,ROYAL GOLDEN EAGLE,APEL ENTERPRISES (SINGAPORE) PTE LTD,SINGAPORE,#N/A,EGYPT
2016,470329,MARUBENI,TANJUNG ENIM LESTARI,PANJANG,SUMATERA SELATAN,109,57656,MARUBENI,MARUBENI CORP,JAPAN,#N/A,INDIA
2016,470329,MARUBENI,TANJUNG ENIM LESTARI,PANJANG,SUMATERA SELATAN,786,357393,MARUBENI,MARUBENI CORP,JAPAN,#N/A,CHINA (MAINLAND)
2016,470329,SINAR MAS,INDAH KIAT,PERAWANG,RIAU,100,43336,SINAR MAS,GOLDEN PROFIT TRADING PTE LTD,SINGAPORE,#N/A,VIETNAM
2016,470329,ROYAL GOLDEN EAGLE,APRIL,BUATAN,RIAU,193,86940,ROYAL GOLDEN EAGLE,ALKIRA TRADING (MACAO COMMERCIAL OFFSHORE) LTD,MACAO,#N/A,TAIWAN
2016,470329,ROYAL GOLDEN EAGLE,TOBA PULP LESTARI,BELAWAN,SUMATERA UTARA,990,480321,ROYAL GOLDEN EAGLE,DP MARKETING INTERNATIONAL,MACAO,#N/A,CHINA (MAINLAND)
2016,470329,SINAR MAS,LONTAR PAPYRUS,KUALA TUNGKAL,JAMBI,998,487313,UNKNOWN AFFILIATION,NINGBO CROWN OF CHINA ENERGY CO LTD,CHINA (MAINLAND),#N/A,CHINA (MAINLAND)
2016,470329,SINAR MAS,INDAH KIAT,PERAWANG,RIAU,1000,490275,UNKNOWN AFFILIATION,SUZHOU HUANG YI TRADE CO LTD,CHINA (MAINLAND),#N/A,CHINA (MAINLAND)
2016,470329,SINAR MAS,INDAH KIAT,PERAWANG,RIAU,492,245761,UNKNOWN AFFILIATION,SUZHOU HUANG YI TRADE CO LTD,CHINA (MAINLAND),#N/A,CHINA (MAINLAND)
2016,470329,ROYAL GOLDEN EAGLE,TOBA PULP LESTARI,BELAWAN,SUMATERA UTARA,497,241223,ROYAL GOLDEN EAGLE,DP MARKETING INTERNATIONAL,MACAO,#N/A,CHINA (MAINLAND)
2016,470329,SINAR MAS,INDAH KIAT,PERAWANG,RIAU,500,242412,SINAR MAS,GOLDEN PROFIT TRADING PTE LTD,SINGAPORE,#N/A,BANGLADESH
2016,470329,ROYAL GOLDEN EAGLE,APRIL,BUATAN,RIAU,502,226039,ROYAL GOLDEN EAGLE,AP ENTERPRISES (MACAO) COMMERCIAL OFFSHORE LTD,MACAO,#N/A,BANGLADESH
2016,470329,SINAR MAS,LONTAR PAPYRUS,KUALA TUNGKAL,JAMBI,999,503033,SINAR MAS,KING PAPER SOURCE TRADING (SHANGHAI) CO LTD,CHINA (MAINLAND),#N/A,CHINA (MAINLAND)
2016,470329,ROYAL GOLDEN EAGLE,APRIL,BUATAN,RIAU,217,97617,ROYAL GOLDEN EAGLE,ALKIRA TRADING (MACAO COMMERCIAL OFFSHORE) LTD,MACAO,#N/A,TAIWAN
2016,470329,SINAR MAS,INDAH KIAT,PERAWANG,RIAU,144,71890,SINAR MAS,GOLDEN PROFIT TRADING PTE LTD,SINGAPORE,#N/A,UNITED KINGDOM
2016,470329,SINAR MAS,INDAH KIAT,PERAWANG,RIAU,504,247926,UNKNOWN AFFILIATION,NINGBO CROWN OF CHINA ENERGY CO LTD,CHINA (MAINLAND),#N/A,CHINA (MAINLAND)
2016,470329,SINAR MAS,INDAH KIAT,PERAWANG,RIAU,100,50905,SINAR MAS,GOLDEN PROFIT TRADING PTE LTD,SINGAPORE,#N/A,VIETNAM
2016,470329,ROYAL GOLDEN EAGLE,APRIL,BUATAN,RIAU,100,45187,ROYAL GOLDEN EAGLE,APEL ENTERPRISES (SINGAPORE) PTE LTD,SINGAPORE,#N/A,INDIA
2016,470329,SINAR MAS,INDAH KIAT,PERAWANG,RIAU,288,141672,UNKNOWN AFFILIATION,SUZHOU HUANG YI TRADE CO LTD,CHINA (MAINLAND),#N/A,CHINA (MAINLAND)
2016,470329,SINAR MAS,INDAH KIAT,PERAWANG,RIAU,500,251681,SINAR MAS,GOLDEN PROFIT TRADING PTE LTD,SINGAPORE,#N/A,VIETNAM
2016,470329,SINAR MAS,LONTAR PAPYRUS,KUALA TUNGKAL,JAMBI,999,505361,SINAR MAS,KING PAPER SOURCE TRADING (SHANGHAI) CO LTD,CHINA (MAINLAND),#N/A,CHINA (MAINLAND)
2016,470329,SINAR MAS,INDAH KIAT,PERAWANG,RIAU,504,248840,UNKNOWN AFFILIATION,NINGBO CROWN OF CHINA ENERGY CO LTD,CHINA (MAINLAND),#N/A,CHINA (MAINLAND)
2016,470329,ROYAL GOLDEN EAGLE,APRIL,BUATAN,RIAU,100,45185,ROYAL GOLDEN EAGLE,APEL ENTERPRISES (SINGAPORE) PTE LTD,SINGAPORE,#N/A,INDIA
2016,470329,ROYAL GOLDEN EAGLE,APRIL,BUATAN,RIAU,201,90309,ROYAL GOLDEN EAGLE,APEL ENTERPRISES (SINGAPORE) PTE LTD,SINGAPORE,#N/A,INDIA
2016,470329,ROYAL GOLDEN EAGLE,APRIL,BUATAN,RIAU,994,447450,ROYAL GOLDEN EAGLE,ALKIRA TRADING (MACAO COMMERCIAL OFFSHORE) LTD,MACAO,#N/A,CHINA (MAINLAND)
2016,470329,ROYAL GOLDEN EAGLE,APRIL,BUATAN,RIAU,503,226293,ROYAL GOLDEN EAGLE,AP ENTERPRISES (MACAO) COMMERCIAL OFFSHORE LTD,MACAO,#N/A,BANGLADESH
2016,470329,ROYAL GOLDEN EAGLE,APRIL,BUATAN,RIAU,995,447718,ROYAL GOLDEN EAGLE,APEL ENTERPRISES (SINGAPORE) PTE LTD,SINGAPORE,#N/A,SAUDI ARABIA
2016,470329,ROYAL GOLDEN EAGLE,TOBA PULP LESTARI,BELAWAN,SUMATERA UTARA,496,245571,ROYAL GOLDEN EAGLE,DP MARKETING INTERNATIONAL,MACAO,#N/A,CHINA (MAINLAND)
2016,470329,SINAR MAS,LONTAR PAPYRUS,KUALA TUNGKAL,JAMBI,500,247574,SINAR MAS,GOLDEN PROFIT TRADING PTE LTD,SINGAPORE,#N/A,INDIA
2016,470329,MARUBENI,TANJUNG ENIM LESTARI,PANJANG,SUMATERA SELATAN,480,217443,MARUBENI,MARUBENI CORP,JAPAN,#N/A,CHINA (MAINLAND)
2016,470329,SINAR MAS,INDAH KIAT,SUNGAI PAKNING,RIAU,5300,2660600,UNKNOWN AFFILIATION,NINGBO CROWN OF CHINA ENERGY CO LTD,CHINA (MAINLAND),#N/A,CHINA (MAINLAND)
2016,470329,ROYAL GOLDEN EAGLE,APRIL,FUTONG,RIAU,10044,4519908,ROYAL GOLDEN EAGLE,APEL ENTERPRISES (SINGAPORE) PTE LTD,SINGAPORE,#N/A,SOUTH KOREA
2016,470329,MARUBENI,TANJUNG ENIM LESTARI,PANJANG,SUMATERA SELATAN,503,235683,MARUBENI,MARUBENI CORP,JAPAN,#N/A,THAILAND
2016,470329,ROYAL GOLDEN EAGLE,APRIL,BUATAN,RIAU,201,90258,ROYAL GOLDEN EAGLE,ALKIRA TRADING (MACAO COMMERCIAL OFFSHORE) LTD,MACAO,#N/A,CHINA (MAINLAND)
2016,470329,ROYAL GOLDEN EAGLE,TOBA PULP LESTARI,BELAWAN,SUMATERA UTARA,990,490230,ROYAL GOLDEN EAGLE,DP MARKETING INTERNATIONAL,MACAO,#N/A,CHINA (MAINLAND)
2016,470329,SINAR MAS,INDAH KIAT,PERAWANG,RIAU,1000,498238,UNKNOWN AFFILIATION,SUZHOU HUANG YI TRADE CO LTD,CHINA (MAINLAND),#N/A,CHINA (MAINLAND)
2016,470329,ROYAL GOLDEN EAGLE,APRIL,BUATAN,RIAU,1085,488033,ROYAL GOLDEN EAGLE,APEL ENTERPRISES (SINGAPORE) PTE LTD,SINGAPORE,#N/A,UNITED ARAB EMIRATES
2016,470329,ROYAL GOLDEN EAGLE,TOBA PULP LESTARI,BELAWAN,SUMATERA UTARA,497,245851,ROYAL GOLDEN EAGLE,DP MARKETING INTERNATIONAL,MACAO,#N/A,CHINA (MAINLAND)
2016,470329,ROYAL GOLDEN EAGLE,APRIL,BUATAN,RIAU,1014,456116,ROYAL GOLDEN EAGLE,ALKIRA TRADING (MACAO COMMERCIAL OFFSHORE) LTD,MACAO,#N/A,CHINA (MAINLAND)
2016,470329,SINAR MAS,LONTAR PAPYRUS,KUALA TUNGKAL,JAMBI,798,375484,UNKNOWN AFFILIATION,NINGBO CROWN OF CHINA ENERGY CO LTD,CHINA (MAINLAND),#N/A,CHINA (MAINLAND)
2016,470329,ROYAL GOLDEN EAGLE,TOBA PULP LESTARI,BELAWAN,SUMATERA UTARA,495,239966,ROYAL GOLDEN EAGLE,DP MARKETING INTERNATIONAL,MACAO,#N/A,CHINA (MAINLAND)
2016,470329,ROYAL GOLDEN EAGLE,APRIL,BUATAN,RIAU,502,225837,ROYAL GOLDEN EAGLE,AP ENTERPRISES (MACAO) COMMERCIAL OFFSHORE LTD,MACAO,#N/A,BANGLADESH
2016,470329,SINAR MAS,LONTAR PAPYRUS,KUALA TUNGKAL,JAMBI,799,402512,UNKNOWN AFFILIATION,NINGBO CROWN OF CHINA ENERGY CO LTD,CHINA (MAINLAND),#N/A,CHINA (MAINLAND)
2016,470329,SINAR MAS,LONTAR PAPYRUS,KUALA TUNGKAL,JAMBI,500,250349,UNKNOWN AFFILIATION,NINGBO CROWN OF CHINA ENERGY CO LTD,CHINA (MAINLAND),#N/A,BANGLADESH
2016,470329,SINAR MAS,INDAH KIAT,SUNGAI PAKNING,RIAU,100,50125,SINAR MAS,GOLDEN PROFIT TRADING PTE LTD,SINGAPORE,#N/A,SOUTH KOREA
2016,470329,SINAR MAS,INDAH KIAT,SUNGAI PAKNING,RIAU,1000,501250,SINAR MAS,GOLDEN PROFIT TRADING PTE LTD,SINGAPORE,#N/A,SOUTH KOREA
2016,470329,SINAR MAS,INDAH KIAT,SUNGAI PAKNING,RIAU,50,25062,SINAR MAS,GOLDEN PROFIT TRADING PTE LTD,SINGAPORE,#N/A,SOUTH KOREA
2016,470329,ROYAL GOLDEN EAGLE,APRIL,BUATAN,RIAU,503,226128,ROYAL GOLDEN EAGLE,AP ENTERPRISES (MACAO) COMMERCIAL OFFSHORE LTD,MACAO,#N/A,BANGLADESH
2016,470329,ROYAL GOLDEN EAGLE,APRIL,BUATAN,RIAU,502,225939,ROYAL GOLDEN EAGLE,APEL ENTERPRISES (SINGAPORE) PTE LTD,SINGAPORE,#N/A,INDIA
2016,470329,SINAR MAS,LONTAR PAPYRUS,KUALA TUNGKAL,JAMBI,998,498695,SINAR MAS,KING PAPER SOURCE TRADING (SHANGHAI) CO LTD,CHINA (MAINLAND),#N/A,CHINA (MAINLAND)
2016,470329,ROYAL GOLDEN EAGLE,APRIL,BUATAN,RIAU,200,90188,ROYAL GOLDEN EAGLE,APEL ENTERPRISES (SINGAPORE) PTE LTD,SINGAPORE,#N/A,INDIA
2016,470329,ROYAL GOLDEN EAGLE,APRIL,BUATAN,RIAU,101,45241,ROYAL GOLDEN EAGLE,APEL ENTERPRISES (SINGAPORE) PTE LTD,SINGAPORE,#N/A,INDIA
2016,470329,ROYAL GOLDEN EAGLE,APRIL,BUATAN,RIAU,100,45096,ROYAL GOLDEN EAGLE,APEL ENTERPRISES (SINGAPORE) PTE LTD,SINGAPORE,#N/A,INDIA
2016,470329,ROYAL GOLDEN EAGLE,APRIL,BUATAN,RIAU,201,90322,ROYAL GOLDEN EAGLE,APEL ENTERPRISES (SINGAPORE) PTE LTD,SINGAPORE,#N/A,INDIA
2016,470329,ROYAL GOLDEN EAGLE,APRIL,BUATAN,RIAU,502,226102,ROYAL GOLDEN EAGLE,AP ENTERPRISES (MACAO) COMMERCIAL OFFSHORE LTD,MACAO,#N/A,BANGLADESH
2016,470329,ROYAL GOLDEN EAGLE,APRIL,BUATAN,RIAU,502,226017,ROYAL GOLDEN EAGLE,AP ENTERPRISES (MACAO) COMMERCIAL OFFSHORE LTD,MACAO,#N/A,BANGLADESH
2016,470329,SINAR MAS,LONTAR PAPYRUS,KUALA TUNGKAL,JAMBI,499,249777,SINAR MAS,KING PAPER SOURCE TRADING (SHANGHAI) CO LTD,CHINA (MAINLAND),#N/A,BANGLADESH
2016,470329,SINAR MAS,LONTAR PAPYRUS,KUALA TUNGKAL,JAMBI,240,111783,SINAR MAS,GOLDEN PROFIT TRADING PTE LTD,SINGAPORE,#N/A,PAKISTAN
2016,470329,SINAR MAS,INDAH KIAT,PERAWANG,RIAU,1000,501428,UNKNOWN AFFILIATION,SUZHOU HUANG YI TRADE CO LTD,CHINA (MAINLAND),#N/A,CHINA (MAINLAND)
2016,470329,SINAR MAS,INDAH KIAT,SUNGAI PAKNING,RIAU,6620,3318275,UNKNOWN AFFILIATION,SUZHOU HUANG YI TRADE CO LTD,CHINA (MAINLAND),#N/A,CHINA (MAINLAND)
2016,470329,ROYAL GOLDEN EAGLE,APRIL,FUTONG,RIAU,7532,3389291,ROYAL GOLDEN EAGLE,APEL ENTERPRISES (SINGAPORE) PTE LTD,SINGAPORE,#N/A,INDIA
2016,470329,SINAR MAS,INDAH KIAT,SUNGAI PAKNING,RIAU,1630,817038,UNKNOWN AFFILIATION,SUZHOU HUANG YI TRADE CO LTD,CHINA (MAINLAND),#N/A,CHINA (MAINLAND)
2016,470329,SINAR MAS,LONTAR PAPYRUS,KUALA TUNGKAL,JAMBI,499,241243,SINAR MAS,GOLDEN PROFIT TRADING PTE LTD,SINGAPORE,#N/A,BANGLADESH
2016,470329,SINAR MAS,LONTAR PAPYRUS,KUALA TUNGKAL,JAMBI,499,248489,SINAR MAS,GOLDEN PROFIT TRADING PTE LTD,SINGAPORE,#N/A,INDIA
2016,470329,SINAR MAS,INDAH KIAT,PERAWANG,RIAU,1000,491421,UNKNOWN AFFILIATION,NINGBO CROWN OF CHINA ENERGY CO LTD,CHINA (MAINLAND),#N/A,CHINA (MAINLAND)
2016,470329,ROYAL GOLDEN EAGLE,APRIL,BUATAN,RIAU,201,90487,ROYAL GOLDEN EAGLE,ALKIRA TRADING (MACAO COMMERCIAL OFFSHORE) LTD,MACAO,#N/A,POLAND
2016,470329,ROYAL GOLDEN EAGLE,APRIL,BUATAN,RIAU,501,225595,ROYAL GOLDEN EAGLE,ALKIRA TRADING (MACAO COMMERCIAL OFFSHORE) LTD,MACAO,#N/A,SLOVENIA
2016,470329,ROYAL GOLDEN EAGLE,TOBA PULP LESTARI,BELAWAN,SUMATERA UTARA,497,241155,ROYAL GOLDEN EAGLE,DP MARKETING INTERNATIONAL,MACAO,#N/A,CHINA (MAINLAND)
2016,470329,ROYAL GOLDEN EAGLE,TOBA PULP LESTARI,BELAWAN,SUMATERA UTARA,498,241469,ROYAL GOLDEN EAGLE,DP MARKETING INTERNATIONAL,MACAO,#N/A,CHINA (MAINLAND)
2016,470329,ROYAL GOLDEN EAGLE,APRIL,FUTONG,RIAU,1206,542514,ROYAL GOLDEN EAGLE,APEL ENTERPRISES (SINGAPORE) PTE LTD,SINGAPORE,#N/A,JAPAN
2016,470329,SINAR MAS,LONTAR PAPYRUS,KUALA TUNGKAL,JAMBI,1000,499786,UNKNOWN AFFILIATION,NINGBO CROWN OF CHINA ENERGY CO LTD,CHINA (MAINLAND),#N/A,CHINA (MAINLAND)
2016,470329,ROYAL GOLDEN EAGLE,APRIL,BUATAN,RIAU,502,225706,ROYAL GOLDEN EAGLE,ALKIRA TRADING (MACAO COMMERCIAL OFFSHORE) LTD,MACAO,#N/A,CHINA (MAINLAND)
2016,470329,ROYAL GOLDEN EAGLE,APRIL,FUTONG,RIAU,3516,1582096,ROYAL GOLDEN EAGLE,ALKIRA TRADING (MACAO COMMERCIAL OFFSHORE) LTD,MACAO,#N/A,CHINA (MAINLAND)
2016,470329,SINAR MAS,INDAH KIAT,PERAWANG,RIAU,24,11385,UNKNOWN AFFILIATION,SUZHOU HUANG YI TRADE CO LTD,CHINA (MAINLAND),#N/A,CHINA (MAINLAND)
2016,470329,ROYAL GOLDEN EAGLE,APRIL,FUTONG,RIAU,3223,1450560,ROYAL GOLDEN EAGLE,APEL ENTERPRISES (SINGAPORE) PTE LTD,SINGAPORE,#N/A,JAPAN
2016,470329,ROYAL GOLDEN EAGLE,APRIL,BUATAN,RIAU,502,226065,ROYAL GOLDEN EAGLE,ALKIRA TRADING (MACAO COMMERCIAL OFFSHORE) LTD,MACAO,#N/A,SPAIN
2016,470329,SINAR MAS,LONTAR PAPYRUS,KUALA TUNGKAL,JAMBI,799,376028,SINAR MAS,KING PAPER SOURCE TRADING (SHANGHAI) CO LTD,CHINA (MAINLAND),#N/A,SINGAPORE
2016,470329,SINAR MAS,LONTAR PAPYRUS,KUALA TUNGKAL,JAMBI,240,116300,SINAR MAS,GOLDEN PROFIT TRADING PTE LTD,SINGAPORE,#N/A,BANGLADESH
2016,470329,ROYAL GOLDEN EAGLE,APRIL,FUTONG,RIAU,3606,1622804,ROYAL GOLDEN EAGLE,APEL ENTERPRISES (SINGAPORE) PTE LTD,SINGAPORE,#N/A,JAPAN
2016,470329,ROYAL GOLDEN EAGLE,TOBA PULP LESTARI,BELAWAN,SUMATERA UTARA,356,172842,ROYAL GOLDEN EAGLE,DP MARKETING INTERNATIONAL,MACAO,#N/A,CHINA (MAINLAND)
2016,470329,ROYAL GOLDEN EAGLE,APRIL,BUATAN,RIAU,984,442748,ROYAL GOLDEN EAGLE,ALKIRA TRADING (MACAO COMMERCIAL OFFSHORE) LTD,MACAO,#N/A,ITALY
2016,470329,ROYAL GOLDEN EAGLE,APRIL,BUATAN,RIAU,1004,451857,ROYAL GOLDEN EAGLE,ALKIRA TRADING (MACAO COMMERCIAL OFFSHORE) LTD,MACAO,#N/A,BELGIUM
2016,470329,ROYAL GOLDEN EAGLE,APRIL,FUTONG,RIAU,4021,1819279,ROYAL GOLDEN EAGLE,ALKIRA TRADING (MACAO COMMERCIAL OFFSHORE) LTD,MACAO,#N/A,CHINA (MAINLAND)
2016,470329,ROYAL GOLDEN EAGLE,TOBA PULP LESTARI,BELAWAN,SUMATERA UTARA,497,240815,ROYAL GOLDEN EAGLE,DP MARKETING INTERNATIONAL,MACAO,#N/A,CHINA (MAINLAND)
2016,470329,SINAR MAS,INDAH KIAT,PERAWANG,RIAU,480,227700,UNKNOWN AFFILIATION,SUZHOU HUANG YI TRADE CO LTD,CHINA (MAINLAND),#N/A,CHINA (MAINLAND)
2016,470329,ROYAL GOLDEN EAGLE,APRIL,BUATAN,RIAU,502,225790,ROYAL GOLDEN EAGLE,ALKIRA TRADING (MACAO COMMERCIAL OFFSHORE) LTD,MACAO,#N/A,CHINA (MAINLAND)
2016,470329,ROYAL GOLDEN EAGLE,TOBA PULP LESTARI,BELAWAN,SUMATERA UTARA,516,250331,ROYAL GOLDEN EAGLE,DP MARKETING INTERNATIONAL,MACAO,#N/A,CHINA (MAINLAND)
2016,470329,ROYAL GOLDEN EAGLE,TOBA PULP LESTARI,BELAWAN,SUMATERA UTARA,498,246527,ROYAL GOLDEN EAGLE,DP MARKETING INTERNATIONAL,MACAO,#N/A,CHINA (MAINLAND)
2016,470329,SINAR MAS,INDAH KIAT,PERAWANG,RIAU,500,242260,SINAR MAS,GOLDEN PROFIT TRADING PTE LTD,SINGAPORE,#N/A,BANGLADESH
2016,470329,SINAR MAS,LONTAR PAPYRUS,KUALA TUNGKAL,JAMBI,700,341815,SINAR MAS,KING PAPER SOURCE TRADING (SHANGHAI) CO LTD,CHINA (MAINLAND),#N/A,CHINA (MAINLAND)
2016,470329,SINAR MAS,INDAH KIAT,PERAWANG,RIAU,500,242260,SINAR MAS,GOLDEN PROFIT TRADING PTE LTD,SINGAPORE,#N/A,BANGLADESH
2016,470329,SINAR MAS,LONTAR PAPYRUS,KUALA TUNGKAL,JAMBI,1299,637257,UNKNOWN AFFILIATION,NINGBO CROWN OF CHINA ENERGY CO LTD,CHINA (MAINLAND),#N/A,CHINA (MAINLAND)
2016,470329,ROYAL GOLDEN EAGLE,TOBA PULP LESTARI,BELAWAN,SUMATERA UTARA,497,246214,ROYAL GOLDEN EAGLE,DP MARKETING INTERNATIONAL,MACAO,#N/A,CHINA (MAINLAND)
2016,470329,SINAR MAS,INDAH KIAT,PERAWANG,RIAU,504,239085,UNKNOWN AFFILIATION,SUZHOU HUANG YI TRADE CO LTD,CHINA (MAINLAND),#N/A,CHINA (MAINLAND)
2016,470329,ROYAL GOLDEN EAGLE,APRIL,BUATAN,RIAU,1004,451762,ROYAL GOLDEN EAGLE,ALKIRA TRADING (MACAO COMMERCIAL OFFSHORE) LTD,MACAO,#N/A,CHINA (MAINLAND)
2016,470329,ROYAL GOLDEN EAGLE,APRIL,BUATAN,RIAU,1004,451846,ROYAL GOLDEN EAGLE,ALKIRA TRADING (MACAO COMMERCIAL OFFSHORE) LTD,MACAO,#N/A,CHINA (MAINLAND)
2016,470329,SINAR MAS,LONTAR PAPYRUS,KUALA TUNGKAL,JAMBI,500,237680,SINAR MAS,KING PAPER SOURCE TRADING (SHANGHAI) CO LTD,CHINA (MAINLAND),#N/A,CHINA (MAINLAND)
2016,470329,SINAR MAS,LONTAR PAPYRUS,KUALA TUNGKAL,JAMBI,500,235350,SINAR MAS,KING PAPER SOURCE TRADING (SHANGHAI) CO LTD,CHINA (MAINLAND),#N/A,BANGLADESH
2016,470329,ROYAL GOLDEN EAGLE,APRIL,BUATAN,RIAU,501,225496,ROYAL GOLDEN EAGLE,AP ENTERPRISES (MACAO) COMMERCIAL OFFSHORE LTD,MACAO,#N/A,BANGLADESH
2016,470329,ROYAL GOLDEN EAGLE,APRIL,BUATAN,RIAU,597,268693,ROYAL GOLDEN EAGLE,APEL ENTERPRISES (SINGAPORE) PTE LTD,SINGAPORE,#N/A,EGYPT
2016,470329,ROYAL GOLDEN EAGLE,APRIL,FUTONG,RIAU,2010,904498,ROYAL GOLDEN EAGLE,ALKIRA TRADING (MACAO COMMERCIAL OFFSHORE) LTD,MACAO,#N/A,CHINA (MAINLAND)
2016,470329,ROYAL GOLDEN EAGLE,APRIL,BUATAN,RIAU,138,62294,ROYAL GOLDEN EAGLE,AP ENTERPRISES (MACAO) COMMERCIAL OFFSHORE LTD,MACAO,#N/A,PAKISTAN
2016,470329,ROYAL GOLDEN EAGLE,APRIL,FUTONG,RIAU,6828,3072596,ROYAL GOLDEN EAGLE,ALKIRA TRADING (MACAO COMMERCIAL OFFSHORE) LTD,MACAO,#N/A,CHINA (MAINLAND)
2016,470329,ROYAL GOLDEN EAGLE,APRIL,BUATAN,RIAU,398,178985,ROYAL GOLDEN EAGLE,AP ENTERPRISES (MACAO) COMMERCIAL OFFSHORE LTD,MACAO,#N/A,PAKISTAN
2016,470329,ROYAL GOLDEN EAGLE,TOBA PULP LESTARI,BELAWAN,SUMATERA UTARA,498,241373,ROYAL GOLDEN EAGLE,DP MARKETING INTERNATIONAL,MACAO,#N/A,CHINA (MAINLAND)
2016,470329,SINAR MAS,INDAH KIAT,PERAWANG,RIAU,492,244743,UNKNOWN AFFILIATION,NINGBO CROWN OF CHINA ENERGY CO LTD,CHINA (MAINLAND),#N/A,CHINA (MAINLAND)
2016,470329,ROYAL GOLDEN EAGLE,APRIL,BUATAN,RIAU,1507,678082,ROYAL GOLDEN EAGLE,ALKIRA TRADING (MACAO COMMERCIAL OFFSHORE) LTD,MACAO,#N/A,CHINA (MAINLAND)
2016,470329,SINAR MAS,INDAH KIAT,SUNGAI PAKNING,RIAU,2520,1267308,UNKNOWN AFFILIATION,SUZHOU GUANBAO TRADING LTD,CHINA (MAINLAND),#N/A,CHINA (MAINLAND)
2016,470329,ROYAL GOLDEN EAGLE,TOBA PULP LESTARI,BELAWAN,SUMATERA UTARA,993,491446,ROYAL GOLDEN EAGLE,DP MARKETING INTERNATIONAL,MACAO,#N/A,CHINA (MAINLAND)
2016,470329,SINAR MAS,INDAH KIAT,PERAWANG,RIAU,492,241887,UNKNOWN AFFILIATION,SUZHOU HUANG YI TRADE CO LTD,CHINA (MAINLAND),#N/A,CHINA (MAINLAND)
2016,470329,SINAR MAS,INDAH KIAT,SUNGAI PAKNING,RIAU,3150,1584135,UNKNOWN AFFILIATION,SUZHOU GUANBAO TRADING LTD,CHINA (MAINLAND),#N/A,CHINA (MAINLAND)
2016,470329,SINAR MAS,INDAH KIAT,SUNGAI PAKNING,RIAU,4000,2011600,UNKNOWN AFFILIATION,SUZHOU GUANBAO TRADING LTD,CHINA (MAINLAND),#N/A,CHINA (MAINLAND)
2016,470329,ROYAL GOLDEN EAGLE,APRIL,BUATAN,RIAU,502,225934,ROYAL GOLDEN EAGLE,AP ENTERPRISES (MACAO) COMMERCIAL OFFSHORE LTD,MACAO,#N/A,BANGLADESH
2016,470329,SINAR MAS,INDAH KIAT,SUNGAI PAKNING,RIAU,630,316827,UNKNOWN AFFILIATION,SUZHOU GUANBAO TRADING LTD,CHINA (MAINLAND),#N/A,CHINA (MAINLAND)
2016,470329,SINAR MAS,INDAH KIAT,PERAWANG,RIAU,504,233720,UNKNOWN AFFILIATION,NINGBO CROWN OF CHINA ENERGY CO LTD,CHINA (MAINLAND),#N/A,CHINA (MAINLAND)
2016,470329,ROYAL GOLDEN EAGLE,APRIL,FUTONG,RIAU,5022,2259819,ROYAL GOLDEN EAGLE,AP ENTERPRISES (MACAO) COMMERCIAL OFFSHORE LTD,MACAO,#N/A,CHINA (MAINLAND)
2016,470329,ROYAL GOLDEN EAGLE,APRIL,FUTONG,RIAU,7532,3389443,ROYAL GOLDEN EAGLE,AP ENTERPRISES (MACAO) COMMERCIAL OFFSHORE LTD,MACAO,#N/A,BANGLADESH
2016,470329,ROYAL GOLDEN EAGLE,APRIL,BUATAN,RIAU,200,89973,ROYAL GOLDEN EAGLE,APEL ENTERPRISES (SINGAPORE) PTE LTD,SINGAPORE,#N/A,INDIA
2016,470329,ROYAL GOLDEN EAGLE,APRIL,FUTONG,RIAU,502,226004,ROYAL GOLDEN EAGLE,ALKIRA TRADING (MACAO COMMERCIAL OFFSHORE) LTD,MACAO,#N/A,CHINA (MAINLAND)
2016,470329,ROYAL GOLDEN EAGLE,APRIL,FUTONG,RIAU,3015,1366835,ROYAL GOLDEN EAGLE,ALKIRA TRADING (MACAO COMMERCIAL OFFSHORE) LTD,MACAO,#N/A,CHINA (MAINLAND)
2016,470329,MARUBENI,TANJUNG ENIM LESTARI,TANJUNG PRIOK,SUMATERA SELATAN,257,126660,MARUBENI,MARUBENI CORP,JAPAN,#N/A,JAPAN
2016,470329,ROYAL GOLDEN EAGLE,APRIL,BUATAN,RIAU,501,225321,ROYAL GOLDEN EAGLE,AP ENTERPRISES (MACAO) COMMERCIAL OFFSHORE LTD,MACAO,#N/A,BANGLADESH
2016,470329,ROYAL GOLDEN EAGLE,APRIL,BUATAN,RIAU,198,89181,ROYAL GOLDEN EAGLE,APEL ENTERPRISES (SINGAPORE) PTE LTD,SINGAPORE,#N/A,IRAN
2016,470329,SINAR MAS,INDAH KIAT,PERAWANG,RIAU,1000,500166,SINAR MAS,KING PAPER SOURCE TRADING (SHANGHAI) CO LTD,CHINA (MAINLAND),#N/A,CHINA (MAINLAND)
2016,470329,MARUBENI,TANJUNG ENIM LESTARI,TANJUNG PRIOK,SUMATERA SELATAN,59,27291,MARUBENI,MARUBENI CORP,JAPAN,#N/A,JAPAN
2016,470329,MARUBENI,TANJUNG ENIM LESTARI,PANJANG,SUMATERA SELATAN,295,125638,MARUBENI,MARUBENI CORP,JAPAN,#N/A,JAPAN
2016,470329,ROYAL GOLDEN EAGLE,APRIL,BUATAN,RIAU,501,225410,ROYAL GOLDEN EAGLE,AP ENTERPRISES (MACAO) COMMERCIAL OFFSHORE LTD,MACAO,#N/A,BANGLADESH
2016,470329,ROYAL GOLDEN EAGLE,APRIL,BUATAN,RIAU,1004,451687,ROYAL GOLDEN EAGLE,AP ENTERPRISES (MACAO) COMMERCIAL OFFSHORE LTD,MACAO,#N/A,BANGLADESH
2016,470329,ROYAL GOLDEN EAGLE,TOBA PULP LESTARI,BELAWAN,SUMATERA UTARA,498,241324,ROYAL GOLDEN EAGLE,DP MARKETING INTERNATIONAL,MACAO,#N/A,CHINA (MAINLAND)
2016,470329,SINAR MAS,INDAH KIAT,PERAWANG,RIAU,1000,507203,UNKNOWN AFFILIATION,SUZHOU HUANG YI TRADE CO LTD,CHINA (MAINLAND),#N/A,CHINA (MAINLAND)
2016,470329,SINAR MAS,INDAH KIAT,PERAWANG,RIAU,1000,481562,SINAR MAS,KING PAPER SOURCE TRADING (SHANGHAI) CO LTD,CHINA (MAINLAND),#N/A,CHINA (MAINLAND)
2016,470329,ROYAL GOLDEN EAGLE,APRIL,BUATAN,RIAU,201,90516,ROYAL GOLDEN EAGLE,APEL ENTERPRISES (SINGAPORE) PTE LTD,SINGAPORE,#N/A,THAILAND
2016,470329,SINAR MAS,LONTAR PAPYRUS,KUALA TUNGKAL,JAMBI,400,194378,UNKNOWN AFFILIATION,NINGBO CROWN OF CHINA ENERGY CO LTD,CHINA (MAINLAND),#N/A,CHINA (MAINLAND)
2016,470329,SINAR MAS,INDAH KIAT,PERAWANG,RIAU,680,340924,UNKNOWN AFFILIATION,SUZHOU HUANG YI TRADE CO LTD,CHINA (MAINLAND),#N/A,CHINA (MAINLAND)
2016,470329,ROYAL GOLDEN EAGLE,APRIL,BUATAN,RIAU,401,180540,ROYAL GOLDEN EAGLE,APEL ENTERPRISES (SINGAPORE) PTE LTD,SINGAPORE,#N/A,UNITED ARAB EMIRATES
2016,470329,SINAR MAS,INDAH KIAT,PERAWANG,RIAU,500,242260,SINAR MAS,GOLDEN PROFIT TRADING PTE LTD,SINGAPORE,#N/A,BANGLADESH
2016,470329,SINAR MAS,INDAH KIAT,PERAWANG,RIAU,1000,491421,UNKNOWN AFFILIATION,NINGBO CROWN OF CHINA ENERGY CO LTD,CHINA (MAINLAND),#N/A,CHINA (MAINLAND)
2016,470329,SINAR MAS,INDAH KIAT,PERAWANG,RIAU,1180,591495,UNKNOWN AFFILIATION,SUZHOU HUANG YI TRADE CO LTD,CHINA (MAINLAND),#N/A,CHINA (MAINLAND)
2016,470329,SINAR MAS,INDAH KIAT,PERAWANG,RIAU,504,260201,UNKNOWN AFFILIATION,SUZHOU HUANG YI TRADE CO LTD,CHINA (MAINLAND),#N/A,CHINA (MAINLAND)
2016,470329,SINAR MAS,LONTAR PAPYRUS,KUALA TUNGKAL,JAMBI,300,143819,UNKNOWN AFFILIATION,NINGBO CROWN OF CHINA ENERGY CO LTD,CHINA (MAINLAND),#N/A,CHINA (MAINLAND)
2016,470329,ROYAL GOLDEN EAGLE,APRIL,BUATAN,RIAU,623,280184,ROYAL GOLDEN EAGLE,APEL ENTERPRISES (SINGAPORE) PTE LTD,SINGAPORE,#N/A,UNITED ARAB EMIRATES
2016,470329,SINAR MAS,INDAH KIAT,PERAWANG,RIAU,700,349996,UNKNOWN AFFILIATION,NINGBO CROWN OF CHINA ENERGY CO LTD,CHINA (MAINLAND),#N/A,CHINA (MAINLAND)
2016,470329,SINAR MAS,INDAH KIAT,PERAWANG,RIAU,1000,496938,UNKNOWN AFFILIATION,SUZHOU HUANG YI TRADE CO LTD,CHINA (MAINLAND),#N/A,CHINA (MAINLAND)
2016,470329,SINAR MAS,INDAH KIAT,PERAWANG,RIAU,492,236980,UNKNOWN AFFILIATION,SUZHOU GUANBAO TRADING LTD,CHINA (MAINLAND),#N/A,CHINA (MAINLAND)
2016,470329,SINAR MAS,INDAH KIAT,PERAWANG,RIAU,1000,507203,UNKNOWN AFFILIATION,SUZHOU HUANG YI TRADE CO LTD,CHINA (MAINLAND),#N/A,CHINA (MAINLAND)
2016,470329,SINAR MAS,INDAH KIAT,PERAWANG,RIAU,500,248350,SINAR MAS,GOLDEN PROFIT TRADING PTE LTD,SINGAPORE,#N/A,THAILAND
2016,470329,SINAR MAS,INDAH KIAT,PERAWANG,RIAU,144,65977,UNKNOWN AFFILIATION,NINGBO CROWN OF CHINA ENERGY CO LTD,CHINA (MAINLAND),#N/A,CHINA (MAINLAND)
2016,470329,ROYAL GOLDEN EAGLE,TOBA PULP LESTARI,BELAWAN,SUMATERA UTARA,995,482570,ROYAL GOLDEN EAGLE,DP MARKETING INTERNATIONAL,MACAO,#N/A,CHINA (MAINLAND)
2016,470329,SINAR MAS,INDAH KIAT,PERAWANG,RIAU,360,169710,UNKNOWN AFFILIATION,SUZHOU GUANBAO TRADING LTD,CHINA (MAINLAND),#N/A,CHINA (MAINLAND)
2016,470329,SINAR MAS,INDAH KIAT,PERAWANG,RIAU,144,69360,UNKNOWN AFFILIATION,SUZHOU GUANBAO TRADING LTD,CHINA (MAINLAND),#N/A,CHINA (MAINLAND)
2016,470329,SINAR MAS,INDAH KIAT,PERAWANG,RIAU,1000,508212,SINAR MAS,KING PAPER SOURCE TRADING (SHANGHAI) CO LTD,CHINA (MAINLAND),#N/A,CHINA (MAINLAND)
2016,470329,SINAR MAS,LONTAR PAPYRUS,KUALA TUNGKAL,JAMBI,499,249840,SINAR MAS,KING PAPER SOURCE TRADING (SHANGHAI) CO LTD,CHINA (MAINLAND),#N/A,BANGLADESH
2016,470329,ROYAL GOLDEN EAGLE,APRIL,BUATAN,RIAU,501,225530,ROYAL GOLDEN EAGLE,AP ENTERPRISES (MACAO) COMMERCIAL OFFSHORE LTD,MACAO,#N/A,BANGLADESH
2016,470329,ROYAL GOLDEN EAGLE,TOBA PULP LESTARI,BELAWAN,SUMATERA UTARA,994,482297,ROYAL GOLDEN EAGLE,DP MARKETING INTERNATIONAL,MACAO,#N/A,CHINA (MAINLAND)
2016,470329,SINAR MAS,LONTAR PAPYRUS,KUALA TUNGKAL,JAMBI,721,360919,SINAR MAS,KING PAPER SOURCE TRADING (SHANGHAI) CO LTD,CHINA (MAINLAND),#N/A,UNITED ARAB EMIRATES
2016,470329,SINAR MAS,LONTAR PAPYRUS,KUALA TUNGKAL,JAMBI,999,499422,UNKNOWN AFFILIATION,SUZHOU HUANG YI TRADE CO LTD,CHINA (MAINLAND),#N/A,CHINA (MAINLAND)
2016,470329,ROYAL GOLDEN EAGLE,APRIL,BUATAN,RIAU,96,39467,ROYAL GOLDEN EAGLE,ALKIRA TRADING (MACAO COMMERCIAL OFFSHORE) LTD,MACAO,#N/A,TAIWAN
2016,470329,ROYAL GOLDEN EAGLE,TOBA PULP LESTARI,BELAWAN,SUMATERA UTARA,995,482388,ROYAL GOLDEN EAGLE,DP MARKETING INTERNATIONAL,MACAO,#N/A,CHINA (MAINLAND)
2016,470329,ROYAL GOLDEN EAGLE,APRIL,BUATAN,RIAU,542,222366,ROYAL GOLDEN EAGLE,APEL ENTERPRISES (SINGAPORE) PTE LTD,SINGAPORE,#N/A,UNITED ARAB EMIRATES
2016,470329,SINAR MAS,LONTAR PAPYRUS,KUALA TUNGKAL,JAMBI,140,69935,SINAR MAS,KING PAPER SOURCE TRADING (SHANGHAI) CO LTD,CHINA (MAINLAND),#N/A,CHINA (MAINLAND)
2016,470329,ROYAL GOLDEN EAGLE,APRIL,BUATAN,RIAU,120,49223,ROYAL GOLDEN EAGLE,APEL ENTERPRISES (SINGAPORE) PTE LTD,SINGAPORE,#N/A,UNITED ARAB EMIRATES
2016,470329,ROYAL GOLDEN EAGLE,APRIL,BUATAN,RIAU,181,74028,ROYAL GOLDEN EAGLE,APEL ENTERPRISES (SINGAPORE) PTE LTD,SINGAPORE,#N/A,INDIA
2016,470329,ROYAL GOLDEN EAGLE,APRIL,BUATAN,RIAU,398,178893,ROYAL GOLDEN EAGLE,AP ENTERPRISES (MACAO) COMMERCIAL OFFSHORE LTD,MACAO,#N/A,PAKISTAN
2016,470329,SINAR MAS,LONTAR PAPYRUS,KUALA TUNGKAL,JAMBI,500,245661,SINAR MAS,GOLDEN PROFIT TRADING PTE LTD,SINGAPORE,#N/A,INDIA
2016,470329,SINAR MAS,LONTAR PAPYRUS,KUALA TUNGKAL,JAMBI,199,96945,UNKNOWN AFFILIATION,NINGBO CROWN OF CHINA ENERGY CO LTD,CHINA (MAINLAND),#N/A,CHINA (MAINLAND)
2016,470329,ROYAL GOLDEN EAGLE,APRIL,BUATAN,RIAU,1003,451453,ROYAL GOLDEN EAGLE,ALKIRA TRADING (MACAO COMMERCIAL OFFSHORE) LTD,MACAO,#N/A,CHINA (MAINLAND)
2016,470329,SINAR MAS,LONTAR PAPYRUS,KUALA TUNGKAL,JAMBI,500,236314,SINAR MAS,KING PAPER SOURCE TRADING (SHANGHAI) CO LTD,CHINA (MAINLAND),#N/A,CHINA (MAINLAND)
2016,470329,ROYAL GOLDEN EAGLE,TOBA PULP LESTARI,BELAWAN,SUMATERA UTARA,494,239630,ROYAL GOLDEN EAGLE,DP MARKETING INTERNATIONAL,MACAO,#N/A,CHINA (MAINLAND)
2016,470329,SINAR MAS,LONTAR PAPYRUS,KUALA TUNGKAL,JAMBI,859,433156,SINAR MAS,KING PAPER SOURCE TRADING (SHANGHAI) CO LTD,CHINA (MAINLAND),#N/A,CHINA (MAINLAND)
2016,470329,ROYAL GOLDEN EAGLE,APRIL,BUATAN,RIAU,100,41150,ROYAL GOLDEN EAGLE,AP ENTERPRISES (MACAO) COMMERCIAL OFFSHORE LTD,MACAO,#N/A,BANGLADESH
2016,470329,ROYAL GOLDEN EAGLE,APRIL,BUATAN,RIAU,502,205928,ROYAL GOLDEN EAGLE,AP ENTERPRISES (MACAO) COMMERCIAL OFFSHORE LTD,MACAO,#N/A,BANGLADESH
2016,470329,ROYAL GOLDEN EAGLE,APRIL,FUTONG,RIAU,6027,2470874,ROYAL GOLDEN EAGLE,ALKIRA TRADING (MACAO COMMERCIAL OFFSHORE) LTD,MACAO,#N/A,CHINA (MAINLAND)
2016,470329,SINAR MAS,INDAH KIAT,PERAWANG,RIAU,348,161378,UNKNOWN AFFILIATION,NINGBO CROWN OF CHINA ENERGY CO LTD,CHINA (MAINLAND),#N/A,CHINA (MAINLAND)
2016,470329,ROYAL GOLDEN EAGLE,APRIL,FUTONG,RIAU,5222,2140987,ROYAL GOLDEN EAGLE,ALKIRA TRADING (MACAO COMMERCIAL OFFSHORE) LTD,MACAO,#N/A,CHINA (MAINLAND)
2016,470329,ROYAL GOLDEN EAGLE,APRIL,BUATAN,RIAU,502,205788,ROYAL GOLDEN EAGLE,AP ENTERPRISES (MACAO) COMMERCIAL OFFSHORE LTD,MACAO,#N/A,BANGLADESH
2016,470329,ROYAL GOLDEN EAGLE,APRIL,BUATAN,RIAU,201,82285,ROYAL GOLDEN EAGLE,ALKIRA TRADING (MACAO COMMERCIAL OFFSHORE) LTD,MACAO,#N/A,CHINA (MAINLAND)
2016,470329,SINAR MAS,INDAH KIAT,PERAWANG,RIAU,1000,497150,UNKNOWN AFFILIATION,SUZHOU HUANG YI TRADE CO LTD,CHINA (MAINLAND),#N/A,CHINA (MAINLAND)
2016,470329,SINAR MAS,INDAH KIAT,PERAWANG,RIAU,1000,491421,UNKNOWN AFFILIATION,NINGBO CROWN OF CHINA ENERGY CO LTD,CHINA (MAINLAND),#N/A,CHINA (MAINLAND)
2016,470329,ROYAL GOLDEN EAGLE,APRIL,BUATAN,RIAU,502,226022,ROYAL GOLDEN EAGLE,AP ENTERPRISES (MACAO) COMMERCIAL OFFSHORE LTD,MACAO,#N/A,BANGLADESH
2016,470329,ROYAL GOLDEN EAGLE,APRIL,BUATAN,RIAU,98,40328,ROYAL GOLDEN EAGLE,AP ENTERPRISES (MACAO) COMMERCIAL OFFSHORE LTD,MACAO,#N/A,PAKISTAN
2016,470329,ROYAL GOLDEN EAGLE,APRIL,BUATAN,RIAU,502,225861,ROYAL GOLDEN EAGLE,AP ENTERPRISES (MACAO) COMMERCIAL OFFSHORE LTD,MACAO,#N/A,BANGLADESH
2016,470329,ROYAL GOLDEN EAGLE,TOBA PULP LESTARI,BELAWAN,SUMATERA UTARA,994,482056,ROYAL GOLDEN EAGLE,DP MARKETING INTERNATIONAL,MACAO,#N/A,CHINA (MAINLAND)
2016,470329,ROYAL GOLDEN EAGLE,APRIL,BUATAN,RIAU,237,97166,ROYAL GOLDEN EAGLE,APEL ENTERPRISES (SINGAPORE) PTE LTD,SINGAPORE,#N/A,IRAN
2016,470329,ROYAL GOLDEN EAGLE,APRIL,BUATAN,RIAU,362,166326,ROYAL GOLDEN EAGLE,APEL ENTERPRISES (SINGAPORE) PTE LTD,SINGAPORE,#N/A,EGYPT
2016,470329,ROYAL GOLDEN EAGLE,APRIL,BUATAN,RIAU,1506,617538,ROYAL GOLDEN EAGLE,ALKIRA TRADING (MACAO COMMERCIAL OFFSHORE) LTD,MACAO,#N/A,CHINA (MAINLAND)
2016,470329,SINAR MAS,INDAH KIAT,PERAWANG,RIAU,55,27842,UNKNOWN AFFILIATION,SUZHOU HUANG YI TRADE CO LTD,CHINA (MAINLAND),#N/A,CHINA (MAINLAND)
2016,470329,SINAR MAS,INDAH KIAT,PERAWANG,RIAU,65,32684,UNKNOWN AFFILIATION,SUZHOU HUANG YI TRADE CO LTD,CHINA (MAINLAND),#N/A,CHINA (MAINLAND)
2016,470329,ROYAL GOLDEN EAGLE,APRIL,BUATAN,RIAU,1003,411320,ROYAL GOLDEN EAGLE,ALKIRA TRADING (MACAO COMMERCIAL OFFSHORE) LTD,MACAO,#N/A,CHINA (MAINLAND)
2016,470329,ROYAL GOLDEN EAGLE,TOBA PULP LESTARI,BELAWAN,SUMATERA UTARA,995,482681,ROYAL GOLDEN EAGLE,DP MARKETING INTERNATIONAL,MACAO,#N/A,CHINA (MAINLAND)
2016,470329,SINAR MAS,INDAH KIAT,PERAWANG,RIAU,320,161480,UNKNOWN AFFILIATION,SUZHOU HUANG YI TRADE CO LTD,CHINA (MAINLAND),#N/A,CHINA (MAINLAND)
2016,470329,ROYAL GOLDEN EAGLE,APRIL,BUATAN,RIAU,121,49411,ROYAL GOLDEN EAGLE,APEL ENTERPRISES (SINGAPORE) PTE LTD,SINGAPORE,#N/A,INDIA
2016,470329,ROYAL GOLDEN EAGLE,APRIL,BUATAN,RIAU,1004,411620,ROYAL GOLDEN EAGLE,ALKIRA TRADING (MACAO COMMERCIAL OFFSHORE) LTD,MACAO,#N/A,CHINA (MAINLAND)
2016,470329,SINAR MAS,LONTAR PAPYRUS,KUALA TUNGKAL,JAMBI,400,187167,SINAR MAS,KING PAPER SOURCE TRADING (SHANGHAI) CO LTD,CHINA (MAINLAND),#N/A,CHINA (MAINLAND)
2016,470329,SINAR MAS,LONTAR PAPYRUS,KUALA TUNGKAL,JAMBI,600,282462,SINAR MAS,KING PAPER SOURCE TRADING (SHANGHAI) CO LTD,CHINA (MAINLAND),#N/A,CHINA (MAINLAND)
2016,470329,SINAR MAS,INDAH KIAT,PERAWANG,RIAU,240,117540,SINAR MAS,GOLDEN PROFIT TRADING PTE LTD,SINGAPORE,#N/A,TAIWAN
2016,470329,ROYAL GOLDEN EAGLE,TOBA PULP LESTARI,BELAWAN,SUMATERA UTARA,994,481929,ROYAL GOLDEN EAGLE,DP MARKETING INTERNATIONAL,MACAO,#N/A,CHINA (MAINLAND)
2016,470329,SINAR MAS,LONTAR PAPYRUS,KUALA TUNGKAL,JAMBI,999,505652,UNKNOWN AFFILIATION,SUZHOU HUANG YI TRADE CO LTD,CHINA (MAINLAND),#N/A,CHINA (MAINLAND)
2016,470329,SINAR MAS,LONTAR PAPYRUS,KUALA TUNGKAL,JAMBI,998,469884,SINAR MAS,KING PAPER SOURCE TRADING (SHANGHAI) CO LTD,CHINA (MAINLAND),#N/A,CHINA (MAINLAND)
2016,470329,ROYAL GOLDEN EAGLE,APRIL,FUTONG,RIAU,703,288126,ROYAL GOLDEN EAGLE,AP ENTERPRISES (MACAO) COMMERCIAL OFFSHORE LTD,MACAO,#N/A,SOUTH KOREA
2016,470329,ROYAL GOLDEN EAGLE,APRIL,BUATAN,RIAU,477,195659,ROYAL GOLDEN EAGLE,ALKIRA TRADING (MACAO COMMERCIAL OFFSHORE) LTD,MACAO,#N/A,CHINA (MAINLAND)
2016,470329,ROYAL GOLDEN EAGLE,TOBA PULP LESTARI,BELAWAN,SUMATERA UTARA,497,241265,ROYAL GOLDEN EAGLE,DP MARKETING INTERNATIONAL,MACAO,#N/A,CHINA (MAINLAND)
2016,470329,ROYAL GOLDEN EAGLE,APRIL,BUATAN,RIAU,803,329354,ROYAL GOLDEN EAGLE,APEL ENTERPRISES (SINGAPORE) PTE LTD,SINGAPORE,#N/A,KUWAIT
2016,470329,ROYAL GOLDEN EAGLE,APRIL,FUTONG,RIAU,5020,2058305,ROYAL GOLDEN EAGLE,APEL ENTERPRISES (SINGAPORE) PTE LTD,SINGAPORE,#N/A,SOUTH KOREA
2016,470329,ROYAL GOLDEN EAGLE,APRIL,FUTONG,RIAU,2962,1214596,ROYAL GOLDEN EAGLE,AP ENTERPRISES (MACAO) COMMERCIAL OFFSHORE LTD,MACAO,#N/A,SOUTH KOREA
2016,470329,ROYAL GOLDEN EAGLE,APRIL,FUTONG,RIAU,6529,2676982,ROYAL GOLDEN EAGLE,AP ENTERPRISES (MACAO) COMMERCIAL OFFSHORE LTD,MACAO,#N/A,SOUTH KOREA
2016,470329,ROYAL GOLDEN EAGLE,APRIL,BUATAN,RIAU,201,90422,ROYAL GOLDEN EAGLE,APEL ENTERPRISES (SINGAPORE) PTE LTD,SINGAPORE,#N/A,THAILAND
2016,470329,ROYAL GOLDEN EAGLE,APRIL,BUATAN,RIAU,502,205899,ROYAL GOLDEN EAGLE,AP ENTERPRISES (MACAO) COMMERCIAL OFFSHORE LTD,MACAO,#N/A,BANGLADESH
2016,470329,ROYAL GOLDEN EAGLE,TOBA PULP LESTARI,BELAWAN,SUMATERA UTARA,994,481981,ROYAL GOLDEN EAGLE,DP MARKETING INTERNATIONAL,MACAO,#N/A,CHINA (MAINLAND)
2016,470329,ROYAL GOLDEN EAGLE,TOBA PULP LESTARI,BELAWAN,SUMATERA UTARA,497,241013,ROYAL GOLDEN EAGLE,DP MARKETING INTERNATIONAL,MACAO,#N/A,CHINA (MAINLAND)
2016,470329,SINAR MAS,LONTAR PAPYRUS,KUALA TUNGKAL,JAMBI,999,471785,SINAR MAS,KING PAPER SOURCE TRADING (SHANGHAI) CO LTD,CHINA (MAINLAND),#N/A,CHINA (MAINLAND)
2016,470329,ROYAL GOLDEN EAGLE,APRIL,BUATAN,RIAU,118,53168,ROYAL GOLDEN EAGLE,AP ENTERPRISES (MACAO) COMMERCIAL OFFSHORE LTD,MACAO,#N/A,PAKISTAN
2016,470329,ROYAL GOLDEN EAGLE,APRIL,BUATAN,RIAU,60,24675,ROYAL GOLDEN EAGLE,APEL ENTERPRISES (SINGAPORE) PTE LTD,SINGAPORE,#N/A,INDIA
2016,470329,SINAR MAS,INDAH KIAT,SUNGAI PAKNING,RIAU,2000,959500,UNKNOWN AFFILIATION,NINGBO CROWN OF CHINA ENERGY CO LTD,CHINA (MAINLAND),#N/A,VIETNAM
2016,470329,SINAR MAS,INDAH KIAT,SUNGAI PAKNING,RIAU,1000,499750,SINAR MAS,GOLDEN PROFIT TRADING PTE LTD,SINGAPORE,#N/A,VIETNAM
2016,470329,ROYAL GOLDEN EAGLE,APRIL,BUATAN,RIAU,101,41209,ROYAL GOLDEN EAGLE,APEL ENTERPRISES (SINGAPORE) PTE LTD,SINGAPORE,#N/A,INDIA
2016,470329,SINAR MAS,INDAH KIAT,SUNGAI PAKNING,RIAU,500,239875,SINAR MAS,GOLDEN PROFIT TRADING PTE LTD,SINGAPORE,#N/A,VIETNAM
2016,470329,SINAR MAS,LONTAR PAPYRUS,KUALA TUNGKAL,JAMBI,280,140895,SINAR MAS,KING PAPER SOURCE TRADING (SHANGHAI) CO LTD,CHINA (MAINLAND),#N/A,UNITED ARAB EMIRATES
2016,470329,ROYAL GOLDEN EAGLE,APRIL,BUATAN,RIAU,502,205700,ROYAL GOLDEN EAGLE,ALKIRA TRADING (MACAO COMMERCIAL OFFSHORE) LTD,MACAO,#N/A,CHINA (MAINLAND)
2016,470329,ROYAL GOLDEN EAGLE,APRIL,BUATAN,RIAU,60,24693,ROYAL GOLDEN EAGLE,APEL ENTERPRISES (SINGAPORE) PTE LTD,SINGAPORE,#N/A,INDIA
2016,470329,SINAR MAS,LONTAR PAPYRUS,KUALA TUNGKAL,JAMBI,499,249856,UNKNOWN AFFILIATION,NINGBO CROWN OF CHINA ENERGY CO LTD,CHINA (MAINLAND),#N/A,CHINA (MAINLAND)
2016,470329,MARUBENI,TANJUNG ENIM LESTARI,TANJUNG PRIOK,SUMATERA SELATAN,491,224226,MARUBENI,MARUBENI CORP,JAPAN,#N/A,CHINA (MAINLAND)
2016,470329,ROYAL GOLDEN EAGLE,APRIL,BUATAN,RIAU,402,164680,ROYAL GOLDEN EAGLE,APEL ENTERPRISES (SINGAPORE) PTE LTD,SINGAPORE,#N/A,UNITED ARAB EMIRATES
2016,470329,SINAR MAS,LONTAR PAPYRUS,KUALA TUNGKAL,JAMBI,500,241707,SINAR MAS,GOLDEN PROFIT TRADING PTE LTD,SINGAPORE,#N/A,BANGLADESH
2016,470329,SINAR MAS,INDAH KIAT,SUNGAI PAKNING,RIAU,3000,1499250,SINAR MAS,GOLDEN PROFIT TRADING PTE LTD,SINGAPORE,#N/A,SOUTH KOREA
2016,470329,ROYAL GOLDEN EAGLE,APRIL,BUATAN,RIAU,597,268474,ROYAL GOLDEN EAGLE,APEL ENTERPRISES (SINGAPORE) PTE LTD,SINGAPORE,#N/A,EGYPT
2016,470329,ROYAL GOLDEN EAGLE,APRIL,BUATAN,RIAU,101,41262,ROYAL GOLDEN EAGLE,APEL ENTERPRISES (SINGAPORE) PTE LTD,SINGAPORE,#N/A,INDIA
2016,470329,SINAR MAS,INDAH KIAT,SUNGAI PAKNING,RIAU,3500,1679125,UNKNOWN AFFILIATION,NINGBO CROWN OF CHINA ENERGY CO LTD,CHINA (MAINLAND),#N/A,CHINA (MAINLAND)
2016,470329,ROYAL GOLDEN EAGLE,APRIL,BUATAN,RIAU,1506,617323,ROYAL GOLDEN EAGLE,ALKIRA TRADING (MACAO COMMERCIAL OFFSHORE) LTD,MACAO,#N/A,CHINA (MAINLAND)
2016,470329,ROYAL GOLDEN EAGLE,APRIL,BUATAN,RIAU,501,205526,ROYAL GOLDEN EAGLE,AP ENTERPRISES (MACAO) COMMERCIAL OFFSHORE LTD,MACAO,#N/A,BANGLADESH
2016,470329,SINAR MAS,INDAH KIAT,PERAWANG,RIAU,288,138720,UNKNOWN AFFILIATION,SUZHOU GUANBAO TRADING LTD,CHINA (MAINLAND),#N/A,CHINA (MAINLAND)
2016,470329,ROYAL GOLDEN EAGLE,APRIL,BUATAN,RIAU,301,123289,ROYAL GOLDEN EAGLE,APEL ENTERPRISES (SINGAPORE) PTE LTD,SINGAPORE,#N/A,PHILIPPINES
2016,470329,ROYAL GOLDEN EAGLE,APRIL,FUTONG,RIAU,3014,1235573,ROYAL GOLDEN EAGLE,ALKIRA TRADING (MACAO COMMERCIAL OFFSHORE) LTD,MACAO,#N/A,CHINA (MAINLAND)
2016,470329,ROYAL GOLDEN EAGLE,APRIL,FUTONG,RIAU,7332,3046301,ROYAL GOLDEN EAGLE,ALKIRA TRADING (MACAO COMMERCIAL OFFSHORE) LTD,MACAO,#N/A,CHINA (MAINLAND)
2016,470329,SINAR MAS,INDAH KIAT,PERAWANG,RIAU,1000,470275,UNKNOWN AFFILIATION,SUZHOU HUANG YI TRADE CO LTD,CHINA (MAINLAND),#N/A,CHINA (MAINLAND)
2016,470329,SINAR MAS,LONTAR PAPYRUS,KUALA TUNGKAL,JAMBI,500,236096,SINAR MAS,KING PAPER SOURCE TRADING (SHANGHAI) CO LTD,CHINA (MAINLAND),#N/A,CHINA (MAINLAND)
2016,470329,ROYAL GOLDEN EAGLE,TOBA PULP LESTARI,BELAWAN,SUMATERA UTARA,498,241321,ROYAL GOLDEN EAGLE,DP MARKETING INTERNATIONAL,MACAO,#N/A,CHINA (MAINLAND)
2016,470329,SINAR MAS,LONTAR PAPYRUS,KUALA TUNGKAL,JAMBI,400,195856,SINAR MAS,GOLDEN PROFIT TRADING PTE LTD,SINGAPORE,#N/A,BANGLADESH
2016,470329,MARUBENI,TANJUNG ENIM LESTARI,PANJANG,SUMATERA SELATAN,499,236835,MARUBENI,MARUBENI CORP,JAPAN,#N/A,CHINA (MAINLAND)
2016,470329,MARUBENI,TANJUNG ENIM LESTARI,PANJANG,SUMATERA SELATAN,106,49788,MARUBENI,MARUBENI CORP,JAPAN,#N/A,INDIA
2016,470329,ROYAL GOLDEN EAGLE,TOBA PULP LESTARI,BELAWAN,SUMATERA UTARA,991,480858,ROYAL GOLDEN EAGLE,DP MARKETING INTERNATIONAL,MACAO,#N/A,CHINA (MAINLAND)
2016,470329,ROYAL GOLDEN EAGLE,APRIL,BUATAN,RIAU,502,205863,ROYAL GOLDEN EAGLE,ALKIRA TRADING (MACAO COMMERCIAL OFFSHORE) LTD,MACAO,#N/A,CHINA (MAINLAND)
2016,470329,MARUBENI,TANJUNG ENIM LESTARI,PANJANG,SUMATERA SELATAN,195,93517,MARUBENI,MARUBENI CORP,JAPAN,#N/A,INDIA
2016,470329,MARUBENI,TANJUNG ENIM LESTARI,PANJANG,SUMATERA SELATAN,152,68860,CELLMARK,CELLMARK ASIA PTE LTD,SINGAPORE,#N/A,BANGLADESH
2016,470329,SINAR MAS,LONTAR PAPYRUS,KUALA TUNGKAL,JAMBI,998,483242,SINAR MAS,KING PAPER SOURCE TRADING (SHANGHAI) CO LTD,CHINA (MAINLAND),#N/A,CHINA (MAINLAND)
2016,470329,ROYAL GOLDEN EAGLE,APRIL,BUATAN,RIAU,100,41145,ROYAL GOLDEN EAGLE,APEL ENTERPRISES (SINGAPORE) PTE LTD,SINGAPORE,#N/A,INDIA
2016,470329,ROYAL GOLDEN EAGLE,APRIL,BUATAN,RIAU,503,206288,ROYAL GOLDEN EAGLE,AP ENTERPRISES (MACAO) COMMERCIAL OFFSHORE LTD,MACAO,#N/A,BANGLADESH
2016,470329,MARUBENI,TANJUNG ENIM LESTARI,PANJANG,SUMATERA SELATAN,147,66445,MARUBENI,MARUBENI CORP,JAPAN,#N/A,INDIA
2016,470329,MARUBENI,TANJUNG ENIM LESTARI,PANJANG,SUMATERA SELATAN,499,228281,MARUBENI,MARUBENI CORP,JAPAN,#N/A,INDIA
2016,470329,ROYAL GOLDEN EAGLE,TOBA PULP LESTARI,BELAWAN,SUMATERA UTARA,495,239972,ROYAL GOLDEN EAGLE,DP MARKETING INTERNATIONAL,MACAO,#N/A,CHINA (MAINLAND)
2016,470329,SINAR MAS,INDAH KIAT,PERAWANG,RIAU,1000,470275,UNKNOWN AFFILIATION,SUZHOU HUANG YI TRADE CO LTD,CHINA (MAINLAND),#N/A,CHINA (MAINLAND)
2016,470329,ROYAL GOLDEN EAGLE,APRIL,BUATAN,RIAU,201,90451,ROYAL GOLDEN EAGLE,APEL ENTERPRISES (SINGAPORE) PTE LTD,SINGAPORE,#N/A,THAILAND
2016,470329,ROYAL GOLDEN EAGLE,APRIL,BUATAN,RIAU,502,205816,ROYAL GOLDEN EAGLE,AP ENTERPRISES (MACAO) COMMERCIAL OFFSHORE LTD,MACAO,#N/A,BANGLADESH
2016,470329,ROYAL GOLDEN EAGLE,APRIL,BUATAN,RIAU,502,205821,ROYAL GOLDEN EAGLE,AP ENTERPRISES (MACAO) COMMERCIAL OFFSHORE LTD,MACAO,#N/A,BANGLADESH
2016,470329,MARUBENI,TANJUNG ENIM LESTARI,PANJANG,SUMATERA SELATAN,496,227363,MARUBENI,MARUBENI CORP,JAPAN,#N/A,CHINA (MAINLAND)
2016,470329,ROYAL GOLDEN EAGLE,APRIL,BUATAN,RIAU,266,108990,ROYAL GOLDEN EAGLE,ALKIRA TRADING (MACAO COMMERCIAL OFFSHORE) LTD,MACAO,#N/A,TAIWAN
2016,470329,SINAR MAS,INDAH KIAT,PERAWANG,RIAU,120,56253,UNKNOWN AFFILIATION,SUZHOU HUANG YI TRADE CO LTD,CHINA (MAINLAND),#N/A,CHINA (MAINLAND)
2016,470329,SINAR MAS,INDAH KIAT,PERAWANG,RIAU,1000,473500,UNKNOWN AFFILIATION,SUZHOU HUANG YI TRADE CO LTD,CHINA (MAINLAND),#N/A,CHINA (MAINLAND)
2016,470329,SINAR MAS,INDAH KIAT,SUNGAI PAKNING,RIAU,2000,964000,SINAR MAS,KING PAPER SOURCE TRADING (SHANGHAI) CO LTD,CHINA (MAINLAND),#N/A,CHINA (MAINLAND)
2016,470329,ROYAL GOLDEN EAGLE,APRIL,BUATAN,RIAU,1004,411767,ROYAL GOLDEN EAGLE,ALKIRA TRADING (MACAO COMMERCIAL OFFSHORE) LTD,MACAO,#N/A,CHINA (MAINLAND)
2016,470329,ROYAL GOLDEN EAGLE,APRIL,BUATAN,RIAU,402,164672,ROYAL GOLDEN EAGLE,APEL ENTERPRISES (SINGAPORE) PTE LTD,SINGAPORE,#N/A,INDIA
2016,470329,ROYAL GOLDEN EAGLE,APRIL,BUATAN,RIAU,60,24696,ROYAL GOLDEN EAGLE,APEL ENTERPRISES (SINGAPORE) PTE LTD,SINGAPORE,#N/A,INDIA
2016,470329,ROYAL GOLDEN EAGLE,APRIL,BUATAN,RIAU,60,24732,ROYAL GOLDEN EAGLE,APEL ENTERPRISES (SINGAPORE) PTE LTD,SINGAPORE,#N/A,INDIA
2016,470329,ROYAL GOLDEN EAGLE,APRIL,BUATAN,RIAU,201,82446,ROYAL GOLDEN EAGLE,APEL ENTERPRISES (SINGAPORE) PTE LTD,SINGAPORE,#N/A,INDIA
2016,470329,SINAR MAS,INDAH KIAT,SUNGAI PAKNING,RIAU,2500,1192500,SINAR MAS,GOLDEN PROFIT TRADING PTE LTD,SINGAPORE,#N/A,SOUTH KOREA
2016,470329,SINAR MAS,INDAH KIAT,PERAWANG,RIAU,1000,487596,SINAR MAS,KING PAPER SOURCE TRADING (SHANGHAI) CO LTD,CHINA (MAINLAND),#N/A,CHINA (MAINLAND)
2016,470329,SINAR MAS,INDAH KIAT,PERAWANG,RIAU,1000,473500,UNKNOWN AFFILIATION,SUZHOU HUANG YI TRADE CO LTD,CHINA (MAINLAND),#N/A,CHINA (MAINLAND)
2016,470329,ROYAL GOLDEN EAGLE,APRIL,BUATAN,RIAU,60,24715,ROYAL GOLDEN EAGLE,APEL ENTERPRISES (SINGAPORE) PTE LTD,SINGAPORE,#N/A,INDIA
2016,470329,ROYAL GOLDEN EAGLE,APRIL,BUATAN,RIAU,101,41213,ROYAL GOLDEN EAGLE,APEL ENTERPRISES (SINGAPORE) PTE LTD,SINGAPORE,#N/A,THAILAND
2016,470329,SINAR MAS,LONTAR PAPYRUS,KUALA TUNGKAL,JAMBI,1200,572994,SINAR MAS,GOLDEN PROFIT TRADING PTE LTD,SINGAPORE,#N/A,INDIA
2016,470329,ROYAL GOLDEN EAGLE,APRIL,BUATAN,RIAU,98,40362,ROYAL GOLDEN EAGLE,AP ENTERPRISES (MACAO) COMMERCIAL OFFSHORE LTD,MACAO,#N/A,PAKISTAN
2016,470329,ROYAL GOLDEN EAGLE,APRIL,BUATAN,RIAU,754,309180,ROYAL GOLDEN EAGLE,ALKIRA TRADING (MACAO COMMERCIAL OFFSHORE) LTD,MACAO,#N/A,CHINA (MAINLAND)
2016,470329,ROYAL GOLDEN EAGLE,APRIL,FUTONG,RIAU,2842,1165220,ROYAL GOLDEN EAGLE,AP ENTERPRISES (MACAO) COMMERCIAL OFFSHORE LTD,MACAO,#N/A,CHINA (MAINLAND)
2016,470329,ROYAL GOLDEN EAGLE,TOBA PULP LESTARI,BELAWAN,SUMATERA UTARA,989,479704,ROYAL GOLDEN EAGLE,DP MARKETING INTERNATIONAL,MACAO,#N/A,CHINA (MAINLAND)
2016,470329,SINAR MAS,INDAH KIAT,PERAWANG,RIAU,500,235138,UNKNOWN AFFILIATION,SUZHOU HUANG YI TRADE CO LTD,CHINA (MAINLAND),#N/A,CHINA (MAINLAND)
2016,470329,ROYAL GOLDEN EAGLE,APRIL,FUTONG,RIAU,11217,4598864,ROYAL GOLDEN EAGLE,ALKIRA TRADING (MACAO COMMERCIAL OFFSHORE) LTD,MACAO,#N/A,CHINA (MAINLAND)
2016,470329,ROYAL GOLDEN EAGLE,APRIL,FUTONG,RIAU,4060,1664600,ROYAL GOLDEN EAGLE,ALKIRA TRADING (MACAO COMMERCIAL OFFSHORE) LTD,MACAO,#N/A,CHINA (MAINLAND)
2016,470329,ROYAL GOLDEN EAGLE,APRIL,BUATAN,RIAU,402,164696,ROYAL GOLDEN EAGLE,APEL ENTERPRISES (SINGAPORE) PTE LTD,SINGAPORE,#N/A,INDIA
2016,470329,ROYAL GOLDEN EAGLE,TOBA PULP LESTARI,BELAWAN,SUMATERA UTARA,496,240624,ROYAL GOLDEN EAGLE,DP MARKETING INTERNATIONAL,MACAO,#N/A,CHINA (MAINLAND)
2016,470329,ROYAL GOLDEN EAGLE,APRIL,FUTONG,RIAU,1015,456750,ROYAL GOLDEN EAGLE,ALKIRA TRADING (MACAO COMMERCIAL OFFSHORE) LTD,MACAO,#N/A,CHINA (MAINLAND)
2016,470329,ROYAL GOLDEN EAGLE,APRIL,BUATAN,RIAU,754,309047,ROYAL GOLDEN EAGLE,ALKIRA TRADING (MACAO COMMERCIAL OFFSHORE) LTD,MACAO,#N/A,CHINA (MAINLAND)
2016,470329,ROYAL GOLDEN EAGLE,APRIL,BUATAN,RIAU,201,82428,ROYAL GOLDEN EAGLE,APEL ENTERPRISES (SINGAPORE) PTE LTD,SINGAPORE,#N/A,INDIA
2016,470329,SINAR MAS,INDAH KIAT,PERAWANG,RIAU,500,244108,SINAR MAS,KING PAPER SOURCE TRADING (SHANGHAI) CO LTD,CHINA (MAINLAND),#N/A,CHINA (MAINLAND)
2016,470329,SINAR MAS,INDAH KIAT,PERAWANG,RIAU,504,227031,UNKNOWN AFFILIATION,NINGBO CROWN OF CHINA ENERGY CO LTD,CHINA (MAINLAND),#N/A,CHINA (MAINLAND)
2016,470329,MARUBENI,TANJUNG ENIM LESTARI,TARAHAN,SUMATERA SELATAN,49,22399,MARUBENI,MARUBENI CORP,JAPAN,#N/A,JAPAN
2016,470329,ROYAL GOLDEN EAGLE,APRIL,FUTONG,RIAU,5525,2265287,ROYAL GOLDEN EAGLE,ALKIRA TRADING (MACAO COMMERCIAL OFFSHORE) LTD,MACAO,#N/A,CHINA (MAINLAND)
2016,470329,ROYAL GOLDEN EAGLE,APRIL,FUTONG,RIAU,1508,618172,ROYAL GOLDEN EAGLE,ALKIRA TRADING (MACAO COMMERCIAL OFFSHORE) LTD,MACAO,#N/A,CHINA (MAINLAND)
2016,470329,MARUBENI,TANJUNG ENIM LESTARI,TARAHAN,SUMATERA SELATAN,1000,415546,MARUBENI,MARUBENI CORP,JAPAN,#N/A,CHINA (MAINLAND)
2016,470329,ROYAL GOLDEN EAGLE,APRIL,FUTONG,RIAU,3013,1235435,ROYAL GOLDEN EAGLE,ALKIRA TRADING (MACAO COMMERCIAL OFFSHORE) LTD,MACAO,#N/A,CHINA (MAINLAND)
2016,470329,MARUBENI,TANJUNG ENIM LESTARI,TARAHAN,SUMATERA SELATAN,49,22607,MARUBENI,MARUBENI CORP,JAPAN,#N/A,JAPAN
2016,470329,MARUBENI,TANJUNG ENIM LESTARI,TARAHAN,SUMATERA SELATAN,300,137417,MARUBENI,MARUBENI CORP,JAPAN,#N/A,TAIWAN
2016,470329,MARUBENI,TANJUNG ENIM LESTARI,PANJANG,SUMATERA SELATAN,303,157793,MARUBENI,MARUBENI CORP,JAPAN,#N/A,MALAYSIA
2016,470329,MARUBENI,TANJUNG ENIM LESTARI,TARAHAN,SUMATERA SELATAN,299,129024,MARUBENI,MARUBENI CORP,JAPAN,#N/A,JAPAN
2016,470329,MARUBENI,TANJUNG ENIM LESTARI,TARAHAN,SUMATERA SELATAN,300,128725,MARUBENI,MARUBENI CORP,JAPAN,#N/A,TAIWAN
2016,470329,MARUBENI,TANJUNG ENIM LESTARI,TARAHAN,SUMATERA SELATAN,999,430069,MARUBENI,MARUBENI CORP,JAPAN,#N/A,TAIWAN
2016,470329,MARUBENI,TANJUNG ENIM LESTARI,TARAHAN,SUMATERA SELATAN,399,193195,MARUBENI,MARUBENI CORP,JAPAN,#N/A,SOUTH KOREA
2016,470329,MARUBENI,TANJUNG ENIM LESTARI,TARAHAN,SUMATERA SELATAN,1000,458457,MARUBENI,MARUBENI CORP,JAPAN,#N/A,CHINA (MAINLAND)
2016,470329,MARUBENI,TANJUNG ENIM LESTARI,TARAHAN,SUMATERA SELATAN,100,43152,MARUBENI,MARUBENI CORP,JAPAN,#N/A,TAIWAN
2016,470329,MARUBENI,TANJUNG ENIM LESTARI,TARAHAN,SUMATERA SELATAN,1382,574355,MARUBENI,MARUBENI CORP,JAPAN,#N/A,CHINA (MAINLAND)
2016,470329,MARUBENI,TANJUNG ENIM LESTARI,TARAHAN,SUMATERA SELATAN,2401,1035154,MARUBENI,MARUBENI CORP,JAPAN,#N/A,JAPAN
2016,470329,ROYAL GOLDEN EAGLE,TOBA PULP LESTARI,BELAWAN,SUMATERA UTARA,497,240869,ROYAL GOLDEN EAGLE,DP MARKETING INTERNATIONAL,MACAO,#N/A,CHINA (MAINLAND)
2016,470329,ROYAL GOLDEN EAGLE,TOBA PULP LESTARI,BELAWAN,SUMATERA UTARA,497,240908,ROYAL GOLDEN EAGLE,DP MARKETING INTERNATIONAL,MACAO,#N/A,CHINA (MAINLAND)
2016,470329,SINAR MAS,INDAH KIAT,PERAWANG,RIAU,200,96210,SINAR MAS,GOLDEN PROFIT TRADING PTE LTD,SINGAPORE,#N/A,BANGLADESH
2016,470329,MARUBENI,TANJUNG ENIM LESTARI,TARAHAN,SUMATERA SELATAN,399,183140,MARUBENI,MARUBENI CORP,JAPAN,#N/A,SOUTH KOREA
2016,470329,MARUBENI,TANJUNG ENIM LESTARI,TARAHAN,SUMATERA SELATAN,100,45828,MARUBENI,MARUBENI CORP,JAPAN,#N/A,SOUTH KOREA
2016,470329,MARUBENI,TANJUNG ENIM LESTARI,TARAHAN,SUMATERA SELATAN,816,386236,MARUBENI,MARUBENI CORP,JAPAN,#N/A,CHINA (MAINLAND)
2016,470329,MARUBENI,TANJUNG ENIM LESTARI,TARAHAN,SUMATERA SELATAN,100,48481,MARUBENI,MARUBENI CORP,JAPAN,#N/A,SOUTH KOREA
2016,470329,MARUBENI,TANJUNG ENIM LESTARI,TARAHAN,SUMATERA SELATAN,600,258641,MARUBENI,MARUBENI CORP,JAPAN,#N/A,JAPAN
2016,470329,MARUBENI,TANJUNG ENIM LESTARI,TARAHAN,SUMATERA SELATAN,399,191379,MARUBENI,MARUBENI CORP,JAPAN,#N/A,JAPAN
2016,470329,MARUBENI,TANJUNG ENIM LESTARI,TANJUNG PRIOK,SUMATERA SELATAN,993,454097,MARUBENI,MARUBENI CORP,JAPAN,#N/A,CHINA (MAINLAND)
2016,470329,ROYAL GOLDEN EAGLE,APRIL,BUATAN,RIAU,1191,488248,ROYAL GOLDEN EAGLE,ALKIRA TRADING (MACAO COMMERCIAL OFFSHORE) LTD,MACAO,#N/A,CHINA (MAINLAND)
2016,470329,SINAR MAS,INDAH KIAT,SUNGAI PAKNING,RIAU,2100,1014300,UNKNOWN AFFILIATION,SUZHOU GUANBAO TRADING LTD,CHINA (MAINLAND),#N/A,CHINA (MAINLAND)
2016,470329,SINAR MAS,INDAH KIAT,PERAWANG,RIAU,1000,487596,SINAR MAS,KING PAPER SOURCE TRADING (SHANGHAI) CO LTD,CHINA (MAINLAND),#N/A,CHINA (MAINLAND)
2016,470329,ROYAL GOLDEN EAGLE,APRIL,FUTONG,RIAU,3076,1261178,ROYAL GOLDEN EAGLE,ALKIRA TRADING (MACAO COMMERCIAL OFFSHORE) LTD,MACAO,#N/A,CHINA (MAINLAND)
2016,470329,SINAR MAS,INDAH KIAT,SUNGAI PAKNING,RIAU,1100,531300,UNKNOWN AFFILIATION,SUZHOU GUANBAO TRADING LTD,CHINA (MAINLAND),#N/A,CHINA (MAINLAND)
2016,470329,ROYAL GOLDEN EAGLE,TOBA PULP LESTARI,BELAWAN,SUMATERA UTARA,991,480532,ROYAL GOLDEN EAGLE,DP MARKETING INTERNATIONAL,MACAO,#N/A,CHINA (MAINLAND)
2016,470329,ROYAL GOLDEN EAGLE,APRIL,FUTONG,RIAU,6701,2838168,ROYAL GOLDEN EAGLE,ALKIRA TRADING (MACAO COMMERCIAL OFFSHORE) LTD,MACAO,#N/A,CHINA (MAINLAND)
2016,470329,ROYAL GOLDEN EAGLE,APRIL,BUATAN,RIAU,1490,610738,ROYAL GOLDEN EAGLE,ALKIRA TRADING (MACAO COMMERCIAL OFFSHORE) LTD,MACAO,#N/A,CHINA (MAINLAND)
2016,470329,SINAR MAS,INDAH KIAT,SUNGAI PAKNING,RIAU,2300,1109750,UNKNOWN AFFILIATION,SUZHOU GUANBAO TRADING LTD,CHINA (MAINLAND),#N/A,CHINA (MAINLAND)
2016,470329,SINAR MAS,INDAH KIAT,PERAWANG,RIAU,1000,487596,SINAR MAS,KING PAPER SOURCE TRADING (SHANGHAI) CO LTD,CHINA (MAINLAND),#N/A,CHINA (MAINLAND)
2016,470329,ROYAL GOLDEN EAGLE,APRIL,BUATAN,RIAU,992,406613,ROYAL GOLDEN EAGLE,ALKIRA TRADING (MACAO COMMERCIAL OFFSHORE) LTD,MACAO,#N/A,CHINA (MAINLAND)
2016,470329,ROYAL GOLDEN EAGLE,APRIL,BUATAN,RIAU,812,332920,ROYAL GOLDEN EAGLE,ALKIRA TRADING (MACAO COMMERCIAL OFFSHORE) LTD,MACAO,#N/A,CHINA (MAINLAND)
2016,470329,ROYAL GOLDEN EAGLE,APRIL,BUATAN,RIAU,1005,411972,ROYAL GOLDEN EAGLE,ALKIRA TRADING (MACAO COMMERCIAL OFFSHORE) LTD,MACAO,#N/A,CHINA (MAINLAND)
2016,470329,SINAR MAS,INDAH KIAT,PERAWANG,RIAU,216,104040,UNKNOWN AFFILIATION,SUZHOU GUANBAO TRADING LTD,CHINA (MAINLAND),#N/A,CHINA (MAINLAND)
2016,470329,ROYAL GOLDEN EAGLE,APRIL,BUATAN,RIAU,803,329199,ROYAL GOLDEN EAGLE,ALKIRA TRADING (MACAO COMMERCIAL OFFSHORE) LTD,MACAO,#N/A,CHINA (MAINLAND)
2016,470329,SINAR MAS,INDAH KIAT,PERAWANG,RIAU,500,235275,SINAR MAS,GOLDEN PROFIT TRADING PTE LTD,SINGAPORE,#N/A,UNITED ARAB EMIRATES
2016,470329,SINAR MAS,LONTAR PAPYRUS,KUALA TUNGKAL,JAMBI,1001,468580,UNKNOWN AFFILIATION,SUZHOU HUANG YI TRADE CO LTD,CHINA (MAINLAND),#N/A,CHINA (MAINLAND)
2016,470329,MARUBENI,TANJUNG ENIM LESTARI,PANJANG,SUMATERA SELATAN,500,228862,MARUBENI,MARUBENI CORP,JAPAN,#N/A,CHINA (MAINLAND)
2016,470329,SINAR MAS,LONTAR PAPYRUS,KUALA TUNGKAL,JAMBI,500,241332,SINAR MAS,KING PAPER SOURCE TRADING (SHANGHAI) CO LTD,CHINA (MAINLAND),#N/A,CHINA (MAINLAND)
2016,470329,SINAR MAS,LONTAR PAPYRUS,KUALA TUNGKAL,JAMBI,999,469956,SINAR MAS,KING PAPER SOURCE TRADING (SHANGHAI) CO LTD,CHINA (MAINLAND),#N/A,CHINA (MAINLAND)
2016,470329,MARUBENI,TANJUNG ENIM LESTARI,PANJANG,SUMATERA SELATAN,998,462975,MARUBENI,MARUBENI CORP,JAPAN,#N/A,CHINA (MAINLAND)
2016,470329,ROYAL GOLDEN EAGLE,TOBA PULP LESTARI,BELAWAN,SUMATERA UTARA,498,221786,ROYAL GOLDEN EAGLE,DP MARKETING INTERNATIONAL,MACAO,#N/A,CHINA (MAINLAND)
2016,470329,ROYAL GOLDEN EAGLE,APRIL,BUATAN,RIAU,1004,411727,ROYAL GOLDEN EAGLE,ALKIRA TRADING (MACAO COMMERCIAL OFFSHORE) LTD,MACAO,#N/A,CHINA (MAINLAND)
2016,470329,ROYAL GOLDEN EAGLE,TOBA PULP LESTARI,BELAWAN,SUMATERA UTARA,497,221335,ROYAL GOLDEN EAGLE,DP MARKETING INTERNATIONAL,MACAO,#N/A,CHINA (MAINLAND)
2016,470329,ROYAL GOLDEN EAGLE,APRIL,BUATAN,RIAU,261,107038,ROYAL GOLDEN EAGLE,AP ENTERPRISES (MACAO) COMMERCIAL OFFSHORE LTD,MACAO,#N/A,BANGLADESH
2016,470329,MARUBENI,TANJUNG ENIM LESTARI,PANJANG,SUMATERA SELATAN,391,210995,MARUBENI,MARUBENI CORP,JAPAN,#N/A,AUSTRALIA
2016,470329,ROYAL GOLDEN EAGLE,APRIL,BUATAN,RIAU,503,226176,ROYAL GOLDEN EAGLE,AP ENTERPRISES (MACAO) COMMERCIAL OFFSHORE LTD,MACAO,#N/A,BANGLADESH
2016,470329,MARUBENI,TANJUNG ENIM LESTARI,PANJANG,SUMATERA SELATAN,994,420174,MARUBENI,MARUBENI CORP,JAPAN,#N/A,CHINA (MAINLAND)
2016,470329,ROYAL GOLDEN EAGLE,APRIL,BUATAN,RIAU,300,123028,ROYAL GOLDEN EAGLE,AP ENTERPRISES (MACAO) COMMERCIAL OFFSHORE LTD,MACAO,#N/A,BANGLADESH
2016,470329,SINAR MAS,INDAH KIAT,SUNGAI PAKNING,RIAU,4500,2164500,SINAR MAS,KING PAPER SOURCE TRADING (SHANGHAI) CO LTD,CHINA (MAINLAND),#N/A,CHINA (MAINLAND)
2016,470329,ROYAL GOLDEN EAGLE,APRIL,BUATAN,RIAU,201,82409,ROYAL GOLDEN EAGLE,APEL ENTERPRISES (SINGAPORE) PTE LTD,SINGAPORE,#N/A,MOROCCO
2016,470329,SINAR MAS,INDAH KIAT,PERAWANG,RIAU,700,337036,SINAR MAS,KING PAPER SOURCE TRADING (SHANGHAI) CO LTD,CHINA (MAINLAND),#N/A,CHINA (MAINLAND)
2016,470329,SINAR MAS,LONTAR PAPYRUS,KUALA TUNGKAL,JAMBI,797,380192,SINAR MAS,GOLDEN PROFIT TRADING PTE LTD,SINGAPORE,#N/A,INDIA
2016,470329,SINAR MAS,INDAH KIAT,PERAWANG,RIAU,1000,481480,SINAR MAS,KING PAPER SOURCE TRADING (SHANGHAI) CO LTD,CHINA (MAINLAND),#N/A,CHINA (MAINLAND)
2016,470329,MARUBENI,TANJUNG ENIM LESTARI,PANJANG,SUMATERA SELATAN,499,232656,MARUBENI,MARUBENI CORP,JAPAN,#N/A,INDIA
2016,470329,MARUBENI,TANJUNG ENIM LESTARI,PANJANG,SUMATERA SELATAN,302,157430,MARUBENI,MARUBENI CORP,JAPAN,#N/A,VIETNAM
2016,470329,SINAR MAS,LONTAR PAPYRUS,KUALA TUNGKAL,JAMBI,499,234340,SINAR MAS,GOLDEN PROFIT TRADING PTE LTD,SINGAPORE,#N/A,UNITED ARAB EMIRATES
2016,470329,ROYAL GOLDEN EAGLE,APRIL,BUATAN,RIAU,803,329084,ROYAL GOLDEN EAGLE,APEL ENTERPRISES (SINGAPORE) PTE LTD,SINGAPORE,#N/A,KUWAIT
2016,470329,SINAR MAS,LONTAR PAPYRUS,KUALA TUNGKAL,JAMBI,599,275611,SINAR MAS,GOLDEN PROFIT TRADING PTE LTD,SINGAPORE,#N/A,BANGLADESH
2016,470329,SINAR MAS,LONTAR PAPYRUS,KUALA TUNGKAL,JAMBI,498,234194,SINAR MAS,GOLDEN PROFIT TRADING PTE LTD,SINGAPORE,#N/A,BANGLADESH
2016,470329,ROYAL GOLDEN EAGLE,APRIL,FUTONG,RIAU,5724,2346867,ROYAL GOLDEN EAGLE,AP ENTERPRISES (MACAO) COMMERCIAL OFFSHORE LTD,MACAO,#N/A,BANGLADESH
2016,470329,SINAR MAS,INDAH KIAT,PERAWANG,RIAU,200,89750,SINAR MAS,GOLDEN PROFIT TRADING PTE LTD,SINGAPORE,#N/A,BANGLADESH
2016,470329,ROYAL GOLDEN EAGLE,APRIL,FUTONG,RIAU,5019,2057766,ROYAL GOLDEN EAGLE,APEL ENTERPRISES (SINGAPORE) PTE LTD,SINGAPORE,#N/A,INDIA
2016,470329,ROYAL GOLDEN EAGLE,TOBA PULP LESTARI,BELAWAN,SUMATERA UTARA,496,240625,ROYAL GOLDEN EAGLE,DP MARKETING INTERNATIONAL,MACAO,#N/A,CHINA (MAINLAND)
2016,470329,ROYAL GOLDEN EAGLE,APRIL,FUTONG,RIAU,4018,1647484,ROYAL GOLDEN EAGLE,ALKIRA TRADING (MACAO COMMERCIAL OFFSHORE) LTD,MACAO,#N/A,CHINA (MAINLAND)
2016,470329,SINAR MAS,LONTAR PAPYRUS,KUALA TUNGKAL,JAMBI,500,234817,SINAR MAS,GOLDEN PROFIT TRADING PTE LTD,SINGAPORE,#N/A,BANGLADESH
2016,470329,ROYAL GOLDEN EAGLE,TOBA PULP LESTARI,BELAWAN,SUMATERA UTARA,497,240862,ROYAL GOLDEN EAGLE,DP MARKETING INTERNATIONAL,MACAO,#N/A,CHINA (MAINLAND)
2016,470329,ROYAL GOLDEN EAGLE,APRIL,FUTONG,RIAU,5525,2265453,ROYAL GOLDEN EAGLE,ALKIRA TRADING (MACAO COMMERCIAL OFFSHORE) LTD,MACAO,#N/A,CHINA (MAINLAND)
2016,470329,MARUBENI,TANJUNG ENIM LESTARI,PANJANG,SUMATERA SELATAN,346,177249,MARUBENI,MARUBENI CORP,JAPAN,#N/A,MALAYSIA
2016,470329,MARUBENI,TANJUNG ENIM LESTARI,PANJANG,SUMATERA SELATAN,296,125834,MARUBENI,MARUBENI CORP,JAPAN,#N/A,CHINA (MAINLAND)
2016,470329,SINAR MAS,LONTAR PAPYRUS,KUALA TUNGKAL,JAMBI,1000,490109,SINAR MAS,GOLDEN PROFIT TRADING PTE LTD,SINGAPORE,#N/A,BANGLADESH
2016,470329,ROYAL GOLDEN EAGLE,APRIL,BUATAN,RIAU,502,205884,ROYAL GOLDEN EAGLE,AP ENTERPRISES (MACAO) COMMERCIAL OFFSHORE LTD,MACAO,#N/A,BANGLADESH
2016,470329,SINAR MAS,INDAH KIAT,PERAWANG,RIAU,300,146700,UNKNOWN AFFILIATION,SUZHOU GUANBAO TRADING LTD,CHINA (MAINLAND),#N/A,CHINA (MAINLAND)
2016,470329,ROYAL GOLDEN EAGLE,TOBA PULP LESTARI,BELAWAN,SUMATERA UTARA,497,221185,ROYAL GOLDEN EAGLE,DP MARKETING INTERNATIONAL,MACAO,#N/A,CHINA (MAINLAND)
2016,470329,ROYAL GOLDEN EAGLE,APRIL,BUATAN,RIAU,1003,411425,ROYAL GOLDEN EAGLE,APEL ENTERPRISES (SINGAPORE) PTE LTD,SINGAPORE,#N/A,INDIA
2016,470329,SINAR MAS,LONTAR PAPYRUS,KUALA TUNGKAL,JAMBI,500,225448,UNKNOWN AFFILIATION,SUZHOU HUANG YI TRADE CO LTD,CHINA (MAINLAND),#N/A,CHINA (MAINLAND)
2016,470329,SINAR MAS,LONTAR PAPYRUS,KUALA TUNGKAL,JAMBI,200,96840,UNKNOWN AFFILIATION,NINGBO CROWN OF CHINA ENERGY CO LTD,CHINA (MAINLAND),#N/A,CHINA (MAINLAND)
2016,470329,ROYAL GOLDEN EAGLE,APRIL,BUATAN,RIAU,100,41175,ROYAL GOLDEN EAGLE,APEL ENTERPRISES (SINGAPORE) PTE LTD,SINGAPORE,#N/A,INDIA
2016,470329,SINAR MAS,INDAH KIAT,PERAWANG,RIAU,306,141906,UNKNOWN AFFILIATION,NINGBO CROWN OF CHINA ENERGY CO LTD,CHINA (MAINLAND),#N/A,CHINA (MAINLAND)
2016,470329,SINAR MAS,LONTAR PAPYRUS,KUALA TUNGKAL,JAMBI,199,99579,UNKNOWN AFFILIATION,NINGBO CROWN OF CHINA ENERGY CO LTD,CHINA (MAINLAND),#N/A,CHINA (MAINLAND)
2016,470329,ROYAL GOLDEN EAGLE,TOBA PULP LESTARI,BELAWAN,SUMATERA UTARA,990,440706,ROYAL GOLDEN EAGLE,DP MARKETING INTERNATIONAL,MACAO,#N/A,TAIWAN
2016,470329,ROYAL GOLDEN EAGLE,APRIL,BUATAN,RIAU,60,24717,ROYAL GOLDEN EAGLE,APEL ENTERPRISES (SINGAPORE) PTE LTD,SINGAPORE,#N/A,INDIA
2016,470329,ROYAL GOLDEN EAGLE,APRIL,BUATAN,RIAU,100,41146,ROYAL GOLDEN EAGLE,APEL ENTERPRISES (SINGAPORE) PTE LTD,SINGAPORE,#N/A,INDIA
2016,470329,ROYAL GOLDEN EAGLE,TOBA PULP LESTARI,BELAWAN,SUMATERA UTARA,497,221340,ROYAL GOLDEN EAGLE,DP MARKETING INTERNATIONAL,MACAO,#N/A,CHINA (MAINLAND)
2016,470329,SINAR MAS,INDAH KIAT,PERAWANG,RIAU,114,52867,UNKNOWN AFFILIATION,NINGBO CROWN OF CHINA ENERGY CO LTD,CHINA (MAINLAND),#N/A,CHINA (MAINLAND)
2016,470329,ROYAL GOLDEN EAGLE,APRIL,BUATAN,RIAU,60,24716,ROYAL GOLDEN EAGLE,APEL ENTERPRISES (SINGAPORE) PTE LTD,SINGAPORE,#N/A,INDIA
2016,470329,ROYAL GOLDEN EAGLE,APRIL,BUATAN,RIAU,40,16497,ROYAL GOLDEN EAGLE,APEL ENTERPRISES (SINGAPORE) PTE LTD,SINGAPORE,#N/A,INDIA
2016,470329,ROYAL GOLDEN EAGLE,APRIL,BUATAN,RIAU,100,41200,ROYAL GOLDEN EAGLE,AP ENTERPRISES (MACAO) COMMERCIAL OFFSHORE LTD,MACAO,#N/A,BANGLADESH
2016,470329,SINAR MAS,LONTAR PAPYRUS,KUALA TUNGKAL,JAMBI,821,397304,UNKNOWN AFFILIATION,SUZHOU GUANBAO TRADING LTD,CHINA (MAINLAND),#N/A,CHINA (MAINLAND)
2016,470329,ROYAL GOLDEN EAGLE,APRIL,BUATAN,RIAU,502,205815,ROYAL GOLDEN EAGLE,AP ENTERPRISES (MACAO) COMMERCIAL OFFSHORE LTD,MACAO,#N/A,BANGLADESH
2016,470329,SINAR MAS,INDAH KIAT,SUNGAI PAKNING,RIAU,2000,1002000,SINAR MAS,GOLDEN PROFIT TRADING PTE LTD,SINGAPORE,#N/A,SOUTH KOREA
2016,470329,ROYAL GOLDEN EAGLE,APRIL,BUATAN,RIAU,40,16474,ROYAL GOLDEN EAGLE,APEL ENTERPRISES (SINGAPORE) PTE LTD,SINGAPORE,#N/A,INDIA
2016,470329,SINAR MAS,LONTAR PAPYRUS,KUALA TUNGKAL,JAMBI,501,235095,UNKNOWN AFFILIATION,SUZHOU HUANG YI TRADE CO LTD,CHINA (MAINLAND),#N/A,CHINA (MAINLAND)
2016,470329,SINAR MAS,INDAH KIAT,PERAWANG,RIAU,200,96412,UNKNOWN AFFILIATION,NINGBO CROWN OF CHINA ENERGY CO LTD,CHINA (MAINLAND),#N/A,CHINA (MAINLAND)
2016,470329,SINAR MAS,INDAH KIAT,PERAWANG,RIAU,500,251681,SINAR MAS,GOLDEN PROFIT TRADING PTE LTD,SINGAPORE,#N/A,VIETNAM
2016,470329,ROYAL GOLDEN EAGLE,APRIL,BUATAN,RIAU,201,82270,ROYAL GOLDEN EAGLE,APEL ENTERPRISES (SINGAPORE) PTE LTD,SINGAPORE,#N/A,INDIA
2016,470329,ROYAL GOLDEN EAGLE,TOBA PULP LESTARI,BELAWAN,SUMATERA UTARA,498,221436,ROYAL GOLDEN EAGLE,DP MARKETING INTERNATIONAL,MACAO,#N/A,CHINA (MAINLAND)
2016,470329,SINAR MAS,INDAH KIAT,PERAWANG,RIAU,200,94000,SINAR MAS,GOLDEN PROFIT TRADING PTE LTD,SINGAPORE,#N/A,BANGLADESH
2016,470329,MARUBENI,TANJUNG ENIM LESTARI,TANJUNG PRIOK,SUMATERA SELATAN,999,426992,MARUBENI,MARUBENI CORP,JAPAN,#N/A,CHINA (MAINLAND)
2016,470329,ROYAL GOLDEN EAGLE,APRIL,BUATAN,RIAU,502,205728,ROYAL GOLDEN EAGLE,AP ENTERPRISES (MACAO) COMMERCIAL OFFSHORE LTD,MACAO,#N/A,BANGLADESH
2016,470329,SINAR MAS,LONTAR PAPYRUS,KUALA TUNGKAL,JAMBI,500,224096,SINAR MAS,GOLDEN PROFIT TRADING PTE LTD,SINGAPORE,#N/A,INDIA
2016,470329,ROYAL GOLDEN EAGLE,TOBA PULP LESTARI,BELAWAN,SUMATERA UTARA,495,220319,ROYAL GOLDEN EAGLE,DP MARKETING INTERNATIONAL,MACAO,#N/A,CHINA (MAINLAND)
2016,470329,SINAR MAS,INDAH KIAT,PERAWANG,RIAU,400,192825,UNKNOWN AFFILIATION,NINGBO CROWN OF CHINA ENERGY CO LTD,CHINA (MAINLAND),#N/A,CHINA (MAINLAND)
2016,470329,ROYAL GOLDEN EAGLE,APRIL,BUATAN,RIAU,501,205603,ROYAL GOLDEN EAGLE,AP ENTERPRISES (MACAO) COMMERCIAL OFFSHORE LTD,MACAO,#N/A,BANGLADESH
2016,470329,ROYAL GOLDEN EAGLE,APRIL,BUATAN,RIAU,501,205572,ROYAL GOLDEN EAGLE,AP ENTERPRISES (MACAO) COMMERCIAL OFFSHORE LTD,MACAO,#N/A,BANGLADESH
2016,470329,ROYAL GOLDEN EAGLE,APRIL,BUATAN,RIAU,1003,411254,ROYAL GOLDEN EAGLE,ALKIRA TRADING (MACAO COMMERCIAL OFFSHORE) LTD,MACAO,#N/A,CHINA (MAINLAND)
2016,470329,ROYAL GOLDEN EAGLE,APRIL,BUATAN,RIAU,1204,493754,ROYAL GOLDEN EAGLE,ALKIRA TRADING (MACAO COMMERCIAL OFFSHORE) LTD,MACAO,#N/A,CHINA (MAINLAND)
2016,470329,ROYAL GOLDEN EAGLE,APRIL,BUATAN,RIAU,804,329581,ROYAL GOLDEN EAGLE,APEL ENTERPRISES (SINGAPORE) PTE LTD,SINGAPORE,#N/A,UNITED ARAB EMIRATES
2016,470329,ROYAL GOLDEN EAGLE,APRIL,BUATAN,RIAU,1004,411558,ROYAL GOLDEN EAGLE,ALKIRA TRADING (MACAO COMMERCIAL OFFSHORE) LTD,MACAO,#N/A,CHINA (MAINLAND)
2016,470329,ROYAL GOLDEN EAGLE,APRIL,FUTONG,RIAU,4044,1657900,ROYAL GOLDEN EAGLE,ALKIRA TRADING (MACAO COMMERCIAL OFFSHORE) LTD,MACAO,#N/A,CHINA (MAINLAND)
2016,470329,MARUBENI,TANJUNG ENIM LESTARI,PANJANG,SUMATERA SELATAN,999,424247,MARUBENI,MARUBENI CORP,JAPAN,#N/A,CHINA (MAINLAND)
2016,470329,SINAR MAS,INDAH KIAT,SUNGAI PAKNING,RIAU,4000,1924000,UNKNOWN AFFILIATION,NINGBO CROWN OF CHINA ENERGY CO LTD,CHINA (MAINLAND),#N/A,CHINA (MAINLAND)
2016,470329,SINAR MAS,INDAH KIAT,PERAWANG,RIAU,200,90266,SINAR MAS,GOLDEN PROFIT TRADING PTE LTD,SINGAPORE,#N/A,BANGLADESH
2016,470329,MARUBENI,TANJUNG ENIM LESTARI,TANJUNG PRIOK,SUMATERA SELATAN,1007,426435,MARUBENI,MARUBENI CORP,JAPAN,#N/A,CHINA (MAINLAND)
2016,470329,ROYAL GOLDEN EAGLE,APRIL,FUTONG,RIAU,7194,2949735,ROYAL GOLDEN EAGLE,ALKIRA TRADING (MACAO COMMERCIAL OFFSHORE) LTD,MACAO,#N/A,CHINA (MAINLAND)
2016,470329,SINAR MAS,INDAH KIAT,SUNGAI PAKNING,RIAU,5000,2415000,UNKNOWN AFFILIATION,SUZHOU GUANBAO TRADING LTD,CHINA (MAINLAND),#N/A,CHINA (MAINLAND)
2016,470329,ROYAL GOLDEN EAGLE,APRIL,BUATAN,RIAU,991,406384,ROYAL GOLDEN EAGLE,ALKIRA TRADING (MACAO COMMERCIAL OFFSHORE) LTD,MACAO,#N/A,CHINA (MAINLAND)
2016,470329,ROYAL GOLDEN EAGLE,APRIL,FUTONG,RIAU,4523,1854394,ROYAL GOLDEN EAGLE,AP ENTERPRISES (MACAO) COMMERCIAL OFFSHORE LTD,MACAO,#N/A,CHINA (MAINLAND)
2016,470329,ROYAL GOLDEN EAGLE,APRIL,FUTONG,RIAU,1506,657477,ROYAL GOLDEN EAGLE,ALKIRA TRADING (MACAO COMMERCIAL OFFSHORE) LTD,MACAO,#N/A,CHINA (MAINLAND)
2016,470329,ROYAL GOLDEN EAGLE,TOBA PULP LESTARI,BELAWAN,SUMATERA UTARA,497,220989,ROYAL GOLDEN EAGLE,DP MARKETING INTERNATIONAL,MACAO,#N/A,CHINA (MAINLAND)
2016,470329,SINAR MAS,INDAH KIAT,PERAWANG,RIAU,500,235266,SINAR MAS,GOLDEN PROFIT TRADING PTE LTD,SINGAPORE,#N/A,INDIA
2016,470329,ROYAL GOLDEN EAGLE,APRIL,BUATAN,RIAU,1004,411476,ROYAL GOLDEN EAGLE,ALKIRA TRADING (MACAO COMMERCIAL OFFSHORE) LTD,MACAO,#N/A,CHINA (MAINLAND)
2016,470329,ROYAL GOLDEN EAGLE,APRIL,BUATAN,RIAU,522,214037,ROYAL GOLDEN EAGLE,APEL ENTERPRISES (SINGAPORE) PTE LTD,SINGAPORE,#N/A,MOROCCO
2016,470329,SINAR MAS,INDAH KIAT,PERAWANG,RIAU,1000,465425,UNKNOWN AFFILIATION,SUZHOU HUANG YI TRADE CO LTD,CHINA (MAINLAND),#N/A,CHINA (MAINLAND)
2016,470329,MARUBENI,TANJUNG ENIM LESTARI,PANJANG,SUMATERA SELATAN,1003,424310,MARUBENI,MARUBENI CORP,JAPAN,#N/A,CHINA (MAINLAND)
2016,470329,SINAR MAS,INDAH KIAT,SUNGAI PAKNING,RIAU,1000,480750,SINAR MAS,GOLDEN PROFIT TRADING PTE LTD,SINGAPORE,#N/A,SOUTH KOREA
2016,470329,MARUBENI,TANJUNG ENIM LESTARI,PANJANG,SUMATERA SELATAN,1005,424823,MARUBENI,MARUBENI CORP,JAPAN,#N/A,CHINA (MAINLAND)
2016,470329,SINAR MAS,INDAH KIAT,SUNGAI PAKNING,RIAU,100,48075,SINAR MAS,GOLDEN PROFIT TRADING PTE LTD,SINGAPORE,#N/A,SOUTH KOREA
2016,470329,ROYAL GOLDEN EAGLE,APRIL,BUATAN,RIAU,100,41139,ROYAL GOLDEN EAGLE,APEL ENTERPRISES (SINGAPORE) PTE LTD,SINGAPORE,#N/A,INDIA
2016,470329,ROYAL GOLDEN EAGLE,TOBA PULP LESTARI,BELAWAN,SUMATERA UTARA,799,355495,ROYAL GOLDEN EAGLE,DP MARKETING INTERNATIONAL,MACAO,#N/A,CHINA (MAINLAND)
2016,470329,ROYAL GOLDEN EAGLE,APRIL,BUATAN,RIAU,40,16461,ROYAL GOLDEN EAGLE,APEL ENTERPRISES (SINGAPORE) PTE LTD,SINGAPORE,#N/A,INDIA
2016,470329,ROYAL GOLDEN EAGLE,APRIL,BUATAN,RIAU,201,82451,ROYAL GOLDEN EAGLE,APEL ENTERPRISES (SINGAPORE) PTE LTD,SINGAPORE,#N/A,THAILAND
2016,470329,MARUBENI,TANJUNG ENIM LESTARI,PANJANG,SUMATERA SELATAN,152,70378,CELLMARK,CELLMARK ASIA PTE LTD,SINGAPORE,#N/A,BANGLADESH
2016,470329,ROYAL GOLDEN EAGLE,APRIL,BUATAN,RIAU,60,24681,ROYAL GOLDEN EAGLE,APEL ENTERPRISES (SINGAPORE) PTE LTD,SINGAPORE,#N/A,INDIA
2016,470329,ROYAL GOLDEN EAGLE,APRIL,FUTONG,RIAU,4521,1853458,ROYAL GOLDEN EAGLE,ALKIRA TRADING (MACAO COMMERCIAL OFFSHORE) LTD,MACAO,#N/A,CHINA (MAINLAND)
2016,470329,SINAR MAS,INDAH KIAT,SUNGAI PAKNING,RIAU,1000,480750,SINAR MAS,GOLDEN PROFIT TRADING PTE LTD,SINGAPORE,#N/A,SOUTH KOREA
2016,470329,ROYAL GOLDEN EAGLE,APRIL,FUTONG,RIAU,7527,3387235,ROYAL GOLDEN EAGLE,APEL ENTERPRISES (SINGAPORE) PTE LTD,SINGAPORE,#N/A,INDIA
2016,470329,SINAR MAS,LONTAR PAPYRUS,KUALA TUNGKAL,JAMBI,300,151854,UNKNOWN AFFILIATION,NINGBO CROWN OF CHINA ENERGY CO LTD,CHINA (MAINLAND),#N/A,CHINA (MAINLAND)
2016,470329,ROYAL GOLDEN EAGLE,APRIL,BUATAN,RIAU,502,205933,ROYAL GOLDEN EAGLE,AP ENTERPRISES (MACAO) COMMERCIAL OFFSHORE LTD,MACAO,#N/A,BANGLADESH
2016,470329,ROYAL GOLDEN EAGLE,APRIL,BUATAN,RIAU,100,41183,ROYAL GOLDEN EAGLE,APEL ENTERPRISES (SINGAPORE) PTE LTD,SINGAPORE,#N/A,INDIA
2016,470329,ROYAL GOLDEN EAGLE,APRIL,BUATAN,RIAU,794,325434,ROYAL GOLDEN EAGLE,ALKIRA TRADING (MACAO COMMERCIAL OFFSHORE) LTD,MACAO,#N/A,CHINA (MAINLAND)
2016,470329,SINAR MAS,LONTAR PAPYRUS,KUALA TUNGKAL,JAMBI,300,146420,UNKNOWN AFFILIATION,NINGBO CROWN OF CHINA ENERGY CO LTD,CHINA (MAINLAND),#N/A,CHINA (MAINLAND)
2016,470329,ROYAL GOLDEN EAGLE,TOBA PULP LESTARI,BELAWAN,SUMATERA UTARA,497,221356,ROYAL GOLDEN EAGLE,DP MARKETING INTERNATIONAL,MACAO,#N/A,CHINA (MAINLAND)
2016,470329,SINAR MAS,INDAH KIAT,PERAWANG,RIAU,1000,452423,DRAGON CROWN HOLDINGS,DRAGON CROWN (HK) TRADING LTD,CHINA (HONG KONG),#N/A,CHINA (MAINLAND)
2016,470329,ROYAL GOLDEN EAGLE,TOBA PULP LESTARI,BELAWAN,SUMATERA UTARA,497,221200,ROYAL GOLDEN EAGLE,DP MARKETING INTERNATIONAL,MACAO,#N/A,CHINA (MAINLAND)
2016,470329,SINAR MAS,INDAH KIAT,SUNGAI PAKNING,RIAU,2000,961500,UNKNOWN AFFILIATION,NINGBO CROWN OF CHINA ENERGY CO LTD,CHINA (MAINLAND),#N/A,CHINA (MAINLAND)
2016,470329,SINAR MAS,INDAH KIAT,SUNGAI PAKNING,RIAU,5100,2451825,UNKNOWN AFFILIATION,NINGBO CROWN OF CHINA ENERGY CO LTD,CHINA (MAINLAND),#N/A,CHINA (MAINLAND)
2016,470329,ROYAL GOLDEN EAGLE,TOBA PULP LESTARI,BELAWAN,SUMATERA UTARA,497,221000,ROYAL GOLDEN EAGLE,DP MARKETING INTERNATIONAL,MACAO,#N/A,TAIWAN
2016,470329,ROYAL GOLDEN EAGLE,APRIL,BUATAN,RIAU,193,79098,ROYAL GOLDEN EAGLE,ALKIRA TRADING (MACAO COMMERCIAL OFFSHORE) LTD,MACAO,#N/A,TAIWAN
2016,470329,SINAR MAS,INDAH KIAT,PERAWANG,RIAU,500,240740,SINAR MAS,KING PAPER SOURCE TRADING (SHANGHAI) CO LTD,CHINA (MAINLAND),#N/A,CHINA (MAINLAND)
2016,470329,ROYAL GOLDEN EAGLE,APRIL,BUATAN,RIAU,502,205835,ROYAL GOLDEN EAGLE,AP ENTERPRISES (MACAO) COMMERCIAL OFFSHORE LTD,MACAO,#N/A,BANGLADESH
2016,470329,SINAR MAS,INDAH KIAT,PERAWANG,RIAU,1000,452423,DRAGON CROWN HOLDINGS,DRAGON CROWN (HK) TRADING LTD,CHINA (HONG KONG),#N/A,CHINA (MAINLAND)
2016,470329,SINAR MAS,LONTAR PAPYRUS,KUALA TUNGKAL,JAMBI,300,150930,UNKNOWN AFFILIATION,NINGBO CROWN OF CHINA ENERGY CO LTD,CHINA (MAINLAND),#N/A,CHINA (MAINLAND)
2016,470329,SINAR MAS,INDAH KIAT,PERAWANG,RIAU,500,233834,UNKNOWN AFFILIATION,SUZHOU HUANG YI TRADE CO LTD,CHINA (MAINLAND),#N/A,CHINA (MAINLAND)
2016,470329,ROYAL GOLDEN EAGLE,TOBA PULP LESTARI,BELAWAN,SUMATERA UTARA,497,221035,ROYAL GOLDEN EAGLE,DP MARKETING INTERNATIONAL,MACAO,#N/A,CHINA (MAINLAND)
2016,470329,ROYAL GOLDEN EAGLE,TOBA PULP LESTARI,BELAWAN,SUMATERA UTARA,494,219913,ROYAL GOLDEN EAGLE,DP MARKETING INTERNATIONAL,MACAO,#N/A,CHINA (MAINLAND)
2016,470329,MARUBENI,TANJUNG ENIM LESTARI,PANJANG,SUMATERA SELATAN,350,178945,MARUBENI,MARUBENI CORP,JAPAN,#N/A,MALAYSIA
2016,470329,ROYAL GOLDEN EAGLE,APRIL,BUATAN,RIAU,60,24698,ROYAL GOLDEN EAGLE,APEL ENTERPRISES (SINGAPORE) PTE LTD,SINGAPORE,#N/A,INDIA
2016,470329,ROYAL GOLDEN EAGLE,TOBA PULP LESTARI,BELAWAN,SUMATERA UTARA,496,220771,ROYAL GOLDEN EAGLE,DP MARKETING INTERNATIONAL,MACAO,#N/A,CHINA (MAINLAND)
2016,470329,SINAR MAS,INDAH KIAT,PERAWANG,RIAU,200,96296,SINAR MAS,KING PAPER SOURCE TRADING (SHANGHAI) CO LTD,CHINA (MAINLAND),#N/A,CHINA (MAINLAND)
2016,470329,SINAR MAS,INDAH KIAT,PERAWANG,RIAU,1000,470000,SINAR MAS,GOLDEN PROFIT TRADING PTE LTD,SINGAPORE,#N/A,BANGLADESH
2016,470329,SINAR MAS,LONTAR PAPYRUS,KUALA TUNGKAL,JAMBI,200,100729,UNKNOWN AFFILIATION,NINGBO CROWN OF CHINA ENERGY CO LTD,CHINA (MAINLAND),#N/A,CHINA (MAINLAND)
2016,470329,SINAR MAS,INDAH KIAT,PERAWANG,RIAU,600,284415,SINAR MAS,GOLDEN PROFIT TRADING PTE LTD,SINGAPORE,#N/A,BANGLADESH
2016,470329,SINAR MAS,LONTAR PAPYRUS,KUALA TUNGKAL,JAMBI,500,229398,SINAR MAS,GOLDEN PROFIT TRADING PTE LTD,SINGAPORE,#N/A,BANGLADESH
2016,470329,ROYAL GOLDEN EAGLE,TOBA PULP LESTARI,BELAWAN,SUMATERA UTARA,497,221142,ROYAL GOLDEN EAGLE,DP MARKETING INTERNATIONAL,MACAO,#N/A,TAIWAN
2016,470329,ROYAL GOLDEN EAGLE,APRIL,BUATAN,RIAU,502,205773,ROYAL GOLDEN EAGLE,AP ENTERPRISES (MACAO) COMMERCIAL OFFSHORE LTD,MACAO,#N/A,BANGLADESH
2016,470329,SINAR MAS,INDAH KIAT,PERAWANG,RIAU,800,384103,UNKNOWN AFFILIATION,NINGBO CROWN OF CHINA ENERGY CO LTD,CHINA (MAINLAND),#N/A,CHINA (MAINLAND)
2016,470329,ROYAL GOLDEN EAGLE,TOBA PULP LESTARI,BELAWAN,SUMATERA UTARA,496,220789,ROYAL GOLDEN EAGLE,DP MARKETING INTERNATIONAL,MACAO,#N/A,CHINA (MAINLAND)
2016,470329,ROYAL GOLDEN EAGLE,APRIL,BUATAN,RIAU,60,24702,ROYAL GOLDEN EAGLE,APEL ENTERPRISES (SINGAPORE) PTE LTD,SINGAPORE,#N/A,INDIA
2016,470329,ROYAL GOLDEN EAGLE,APRIL,BUATAN,RIAU,60,24728,ROYAL GOLDEN EAGLE,APEL ENTERPRISES (SINGAPORE) PTE LTD,SINGAPORE,#N/A,INDIA
2016,470329,ROYAL GOLDEN EAGLE,APRIL,BUATAN,RIAU,341,139913,ROYAL GOLDEN EAGLE,APEL ENTERPRISES (SINGAPORE) PTE LTD,SINGAPORE,#N/A,INDIA
2016,470329,SINAR MAS,INDAH KIAT,SUNGAI PAKNING,RIAU,4200,2024400,SINAR MAS,KING PAPER SOURCE TRADING (SHANGHAI) CO LTD,CHINA (MAINLAND),#N/A,CHINA (MAINLAND)
2016,470329,SINAR MAS,INDAH KIAT,PERAWANG,RIAU,500,238981,UNKNOWN AFFILIATION,SUZHOU HUANG YI TRADE CO LTD,CHINA (MAINLAND),#N/A,CHINA (MAINLAND)
2016,470329,SINAR MAS,INDAH KIAT,SUNGAI PAKNING,RIAU,1100,530200,UNKNOWN AFFILIATION,NINGBO CROWN OF CHINA ENERGY CO LTD,CHINA (MAINLAND),#N/A,CHINA (MAINLAND)
2016,470329,ROYAL GOLDEN EAGLE,APRIL,BUATAN,RIAU,502,205857,ROYAL GOLDEN EAGLE,AP ENTERPRISES (MACAO) COMMERCIAL OFFSHORE LTD,MACAO,#N/A,BANGLADESH
2016,470329,ROYAL GOLDEN EAGLE,APRIL,BUATAN,RIAU,804,329501,ROYAL GOLDEN EAGLE,APEL ENTERPRISES (SINGAPORE) PTE LTD,SINGAPORE,#N/A,LEBANON
2016,470329,ROYAL GOLDEN EAGLE,APRIL,BUATAN,RIAU,1003,411229,ROYAL GOLDEN EAGLE,ALKIRA TRADING (MACAO COMMERCIAL OFFSHORE) LTD,MACAO,#N/A,CHINA (MAINLAND)
2016,470329,ROYAL GOLDEN EAGLE,APRIL,BUATAN,RIAU,1488,610082,ROYAL GOLDEN EAGLE,ALKIRA TRADING (MACAO COMMERCIAL OFFSHORE) LTD,MACAO,#N/A,CHINA (MAINLAND)
2016,470329,ROYAL GOLDEN EAGLE,APRIL,BUATAN,RIAU,502,205688,ROYAL GOLDEN EAGLE,AP ENTERPRISES (MACAO) COMMERCIAL OFFSHORE LTD,MACAO,#N/A,BANGLADESH
2016,470329,ROYAL GOLDEN EAGLE,APRIL,BUATAN,RIAU,804,329561,ROYAL GOLDEN EAGLE,ALKIRA TRADING (MACAO COMMERCIAL OFFSHORE) LTD,MACAO,#N/A,CHINA (MAINLAND)
2016,470329,ROYAL GOLDEN EAGLE,APRIL,BUATAN,RIAU,502,205669,ROYAL GOLDEN EAGLE,AP ENTERPRISES (MACAO) COMMERCIAL OFFSHORE LTD,MACAO,#N/A,BANGLADESH
2016,470329,SINAR MAS,LONTAR PAPYRUS,KUALA TUNGKAL,JAMBI,500,229260,SINAR MAS,GOLDEN PROFIT TRADING PTE LTD,SINGAPORE,#N/A,BANGLADESH
2016,470329,MARUBENI,TANJUNG ENIM LESTARI,PANJANG,SUMATERA SELATAN,257,113279,MARUBENI,MARUBENI CORP,JAPAN,#N/A,INDIA
2016,470329,SINAR MAS,LONTAR PAPYRUS,KUALA TUNGKAL,JAMBI,500,220438,SINAR MAS,GOLDEN PROFIT TRADING PTE LTD,SINGAPORE,#N/A,INDIA
2016,470329,MARUBENI,TANJUNG ENIM LESTARI,PANJANG,SUMATERA SELATAN,304,129630,MARUBENI,MARUBENI CORP,JAPAN,#N/A,CHINA (MAINLAND)
2016,470329,SINAR MAS,LONTAR PAPYRUS,KUALA TUNGKAL,JAMBI,1000,457578,SINAR MAS,GOLDEN PROFIT TRADING PTE LTD,SINGAPORE,#N/A,INDIA
2016,470329,MARUBENI,TANJUNG ENIM LESTARI,PANJANG,SUMATERA SELATAN,498,232500,MARUBENI,MARUBENI CORP,JAPAN,#N/A,INDIA
2016,470329,MARUBENI,TANJUNG ENIM LESTARI,TANJUNG PRIOK,SUMATERA SELATAN,59,26305,MARUBENI,MARUBENI CORP,JAPAN,#N/A,JAPAN
2016,470329,MARUBENI,TANJUNG ENIM LESTARI,PANJANG,SUMATERA SELATAN,800,338949,MARUBENI,MARUBENI CORP,JAPAN,#N/A,CHINA (MAINLAND)
2016,470329,MARUBENI,TANJUNG ENIM LESTARI,PANJANG,SUMATERA SELATAN,499,245111,MARUBENI,MARUBENI CORP,JAPAN,#N/A,INDIA
2016,470329,ROYAL GOLDEN EAGLE,APRIL,FUTONG,RIAU,3552,1456525,ROYAL GOLDEN EAGLE,ALKIRA TRADING (MACAO COMMERCIAL OFFSHORE) LTD,MACAO,#N/A,CHINA (MAINLAND)
2016,470329,ROYAL GOLDEN EAGLE,TOBA PULP LESTARI,BELAWAN,SUMATERA UTARA,496,220737,ROYAL GOLDEN EAGLE,DP MARKETING INTERNATIONAL,MACAO,#N/A,CHINA (MAINLAND)
2016,470329,ROYAL GOLDEN EAGLE,APRIL,FUTONG,RIAU,4019,1647618,ROYAL GOLDEN EAGLE,ALKIRA TRADING (MACAO COMMERCIAL OFFSHORE) LTD,MACAO,#N/A,CHINA (MAINLAND)
2016,470329,ROYAL GOLDEN EAGLE,APRIL,BUATAN,RIAU,361,148015,ROYAL GOLDEN EAGLE,APEL ENTERPRISES (SINGAPORE) PTE LTD,SINGAPORE,#N/A,INDIA
2016,470329,ROYAL GOLDEN EAGLE,APRIL,BUATAN,RIAU,1004,411464,ROYAL GOLDEN EAGLE,AP ENTERPRISES (MACAO) COMMERCIAL OFFSHORE LTD,MACAO,#N/A,BANGLADESH
2016,470329,ROYAL GOLDEN EAGLE,APRIL,BUATAN,RIAU,502,205914,ROYAL GOLDEN EAGLE,AP ENTERPRISES (MACAO) COMMERCIAL OFFSHORE LTD,MACAO,#N/A,BANGLADESH
2016,470329,ROYAL GOLDEN EAGLE,APRIL,BUATAN,RIAU,702,287780,ROYAL GOLDEN EAGLE,ALKIRA TRADING (MACAO COMMERCIAL OFFSHORE) LTD,MACAO,#N/A,CHINA (MAINLAND)
2016,470329,ROYAL GOLDEN EAGLE,TOBA PULP LESTARI,BELAWAN,SUMATERA UTARA,497,220971,ROYAL GOLDEN EAGLE,DP MARKETING INTERNATIONAL,MACAO,#N/A,CHINA (MAINLAND)
2016,470329,ROYAL GOLDEN EAGLE,APRIL,BUATAN,RIAU,803,329178,ROYAL GOLDEN EAGLE,ALKIRA TRADING (MACAO COMMERCIAL OFFSHORE) LTD,MACAO,#N/A,CHINA (MAINLAND)
2016,470329,SINAR MAS,LONTAR PAPYRUS,KUALA TUNGKAL,JAMBI,500,225524,SINAR MAS,GOLDEN PROFIT TRADING PTE LTD,SINGAPORE,#N/A,INDIA
2016,470329,ROYAL GOLDEN EAGLE,APRIL,BUATAN,RIAU,120,49375,ROYAL GOLDEN EAGLE,ALKIRA TRADING (MACAO COMMERCIAL OFFSHORE) LTD,MACAO,#N/A,CHINA (MAINLAND)
2016,470329,ROYAL GOLDEN EAGLE,APRIL,FUTONG,RIAU,1004,411631,ROYAL GOLDEN EAGLE,AP ENTERPRISES (MACAO) COMMERCIAL OFFSHORE LTD,MACAO,#N/A,SOUTH KOREA
2016,470329,ROYAL GOLDEN EAGLE,APRIL,FUTONG,RIAU,10046,4118896,ROYAL GOLDEN EAGLE,AP ENTERPRISES (MACAO) COMMERCIAL OFFSHORE LTD,MACAO,#N/A,SOUTH KOREA
2016,470329,SINAR MAS,LONTAR PAPYRUS,KUALA TUNGKAL,JAMBI,1000,469954,SINAR MAS,GOLDEN PROFIT TRADING PTE LTD,SINGAPORE,#N/A,BANGLADESH
2016,470329,ROYAL GOLDEN EAGLE,APRIL,FUTONG,RIAU,2610,1070129,ROYAL GOLDEN EAGLE,AP ENTERPRISES (MACAO) COMMERCIAL OFFSHORE LTD,MACAO,#N/A,SOUTH KOREA
2016,470329,SINAR MAS,INDAH KIAT,PERAWANG,RIAU,500,234625,SINAR MAS,GOLDEN PROFIT TRADING PTE LTD,SINGAPORE,#N/A,INDIA
2016,470329,SINAR MAS,LONTAR PAPYRUS,KUALA TUNGKAL,JAMBI,1000,469832,SINAR MAS,GOLDEN PROFIT TRADING PTE LTD,SINGAPORE,#N/A,BANGLADESH
2016,470329,ROYAL GOLDEN EAGLE,APRIL,FUTONG,RIAU,8929,3660987,ROYAL GOLDEN EAGLE,APEL ENTERPRISES (SINGAPORE) PTE LTD,SINGAPORE,#N/A,INDIA
2016,470329,ROYAL GOLDEN EAGLE,TOBA PULP LESTARI,BELAWAN,SUMATERA UTARA,496,220768,ROYAL GOLDEN EAGLE,DP MARKETING INTERNATIONAL,MACAO,#N/A,CHINA (MAINLAND)
2016,470329,SINAR MAS,INDAH KIAT,PERAWANG,RIAU,1000,477200,SINAR MAS,GOLDEN PROFIT TRADING PTE LTD,SINGAPORE,#N/A,THAILAND
2016,470329,ROYAL GOLDEN EAGLE,APRIL,FUTONG,RIAU,6427,2635044,ROYAL GOLDEN EAGLE,APEL ENTERPRISES (SINGAPORE) PTE LTD,SINGAPORE,#N/A,SOUTH KOREA
2016,470329,SINAR MAS,INDAH KIAT,PERAWANG,RIAU,200,89750,SINAR MAS,GOLDEN PROFIT TRADING PTE LTD,SINGAPORE,#N/A,BANGLADESH
2016,470329,ROYAL GOLDEN EAGLE,APRIL,BUATAN,RIAU,925,379077,ROYAL GOLDEN EAGLE,APEL ENTERPRISES (SINGAPORE) PTE LTD,SINGAPORE,#N/A,SAUDI ARABIA
2016,470329,ROYAL GOLDEN EAGLE,APRIL,BUATAN,RIAU,201,82321,ROYAL GOLDEN EAGLE,APEL ENTERPRISES (SINGAPORE) PTE LTD,SINGAPORE,#N/A,THAILAND
2016,470329,MARUBENI,TANJUNG ENIM LESTARI,PANJANG,SUMATERA SELATAN,380,181895,MARUBENI,MARUBENI CORP,JAPAN,#N/A,CHINA (MAINLAND)
2016,470329,ROYAL GOLDEN EAGLE,APRIL,BUATAN,RIAU,502,205764,ROYAL GOLDEN EAGLE,APEL ENTERPRISES (SINGAPORE) PTE LTD,SINGAPORE,#N/A,INDIA
2016,470329,ROYAL GOLDEN EAGLE,APRIL,BUATAN,RIAU,60,24678,ROYAL GOLDEN EAGLE,APEL ENTERPRISES (SINGAPORE) PTE LTD,SINGAPORE,#N/A,INDIA
2016,470329,ROYAL GOLDEN EAGLE,APRIL,FUTONG,RIAU,3000,1229926,ROYAL GOLDEN EAGLE,ALKIRA TRADING (MACAO COMMERCIAL OFFSHORE) LTD,MACAO,#N/A,CHINA (MAINLAND)
2016,470329,ROYAL GOLDEN EAGLE,APRIL,FUTONG,RIAU,5017,2056828,ROYAL GOLDEN EAGLE,ALKIRA TRADING (MACAO COMMERCIAL OFFSHORE) LTD,MACAO,#N/A,CHINA (MAINLAND)
2016,470329,ROYAL GOLDEN EAGLE,APRIL,FUTONG,RIAU,503,206117,ROYAL GOLDEN EAGLE,ALKIRA TRADING (MACAO COMMERCIAL OFFSHORE) LTD,MACAO,#N/A,CHINA (MAINLAND)
2016,470329,ROYAL GOLDEN EAGLE,APRIL,BUATAN,RIAU,734,301091,ROYAL GOLDEN EAGLE,APEL ENTERPRISES (SINGAPORE) PTE LTD,SINGAPORE,#N/A,DJIBOUTI
2016,470329,ROYAL GOLDEN EAGLE,APRIL,BUATAN,RIAU,502,205868,ROYAL GOLDEN EAGLE,AP ENTERPRISES (MACAO) COMMERCIAL OFFSHORE LTD,MACAO,#N/A,BANGLADESH
2016,470329,ROYAL GOLDEN EAGLE,APRIL,BUATAN,RIAU,501,205590,ROYAL GOLDEN EAGLE,AP ENTERPRISES (MACAO) COMMERCIAL OFFSHORE LTD,MACAO,#N/A,BANGLADESH
2016,470329,ROYAL GOLDEN EAGLE,APRIL,BUATAN,RIAU,60,24678,ROYAL GOLDEN EAGLE,APEL ENTERPRISES (SINGAPORE) PTE LTD,SINGAPORE,#N/A,INDIA
2016,470329,ROYAL GOLDEN EAGLE,APRIL,BUATAN,RIAU,201,82371,ROYAL GOLDEN EAGLE,APEL ENTERPRISES (SINGAPORE) PTE LTD,SINGAPORE,#N/A,INDIA
2016,470329,ROYAL GOLDEN EAGLE,APRIL,BUATAN,RIAU,60,24698,ROYAL GOLDEN EAGLE,APEL ENTERPRISES (SINGAPORE) PTE LTD,SINGAPORE,#N/A,INDIA
2016,470329,ROYAL GOLDEN EAGLE,APRIL,BUATAN,RIAU,100,41151,ROYAL GOLDEN EAGLE,APEL ENTERPRISES (SINGAPORE) PTE LTD,SINGAPORE,#N/A,INDIA
2016,470329,ROYAL GOLDEN EAGLE,APRIL,FUTONG,RIAU,3014,1235881,ROYAL GOLDEN EAGLE,ALKIRA TRADING (MACAO COMMERCIAL OFFSHORE) LTD,MACAO,#N/A,CHINA (MAINLAND)
2016,470329,ROYAL GOLDEN EAGLE,APRIL,BUATAN,RIAU,1004,411795,ROYAL GOLDEN EAGLE,ALKIRA TRADING (MACAO COMMERCIAL OFFSHORE) LTD,MACAO,#N/A,CHINA (MAINLAND)
2016,470329,ROYAL GOLDEN EAGLE,APRIL,BUATAN,RIAU,502,205842,ROYAL GOLDEN EAGLE,APEL ENTERPRISES (SINGAPORE) PTE LTD,SINGAPORE,#N/A,INDIA
2016,470329,ROYAL GOLDEN EAGLE,APRIL,BUATAN,RIAU,873,358122,ROYAL GOLDEN EAGLE,APEL ENTERPRISES (SINGAPORE) PTE LTD,SINGAPORE,#N/A,IRAN
2016,470329,ROYAL GOLDEN EAGLE,APRIL,BUATAN,RIAU,40,16459,ROYAL GOLDEN EAGLE,APEL ENTERPRISES (SINGAPORE) PTE LTD,SINGAPORE,#N/A,INDIA
2016,470329,SINAR MAS,INDAH KIAT,PERAWANG,RIAU,1000,465925,UNKNOWN AFFILIATION,SUZHOU HUANG YI TRADE CO LTD,CHINA (MAINLAND),#N/A,CHINA (MAINLAND)
2016,470329,SINAR MAS,INDAH KIAT,PERAWANG,RIAU,492,236980,UNKNOWN AFFILIATION,SUZHOU GUANBAO TRADING LTD,CHINA (MAINLAND),#N/A,CHINA (MAINLAND)
2016,470329,ROYAL GOLDEN EAGLE,APRIL,FUTONG,RIAU,4016,1646704,ROYAL GOLDEN EAGLE,AP ENTERPRISES (MACAO) COMMERCIAL OFFSHORE LTD,MACAO,#N/A,SOUTH KOREA
2016,470329,ROYAL GOLDEN EAGLE,APRIL,FUTONG,RIAU,1758,720609,ROYAL GOLDEN EAGLE,APEL ENTERPRISES (SINGAPORE) PTE LTD,SINGAPORE,#N/A,SOUTH KOREA
2016,470329,ROYAL GOLDEN EAGLE,APRIL,BUATAN,RIAU,1002,410955,ROYAL GOLDEN EAGLE,ALKIRA TRADING (MACAO COMMERCIAL OFFSHORE) LTD,MACAO,#N/A,CHINA (MAINLAND)
2016,470329,SINAR MAS,INDAH KIAT,PERAWANG,RIAU,198,93386,SINAR MAS,GOLDEN PROFIT TRADING PTE LTD,SINGAPORE,#N/A,JAPAN
2016,470329,ROYAL GOLDEN EAGLE,APRIL,FUTONG,RIAU,2761,1131891,ROYAL GOLDEN EAGLE,AP ENTERPRISES (MACAO) COMMERCIAL OFFSHORE LTD,MACAO,#N/A,SOUTH KOREA
2016,470329,ROYAL GOLDEN EAGLE,APRIL,BUATAN,RIAU,502,205702,ROYAL GOLDEN EAGLE,AP ENTERPRISES (MACAO) COMMERCIAL OFFSHORE LTD,MACAO,#N/A,BANGLADESH
2016,470329,ROYAL GOLDEN EAGLE,APRIL,BUATAN,RIAU,1004,411675,ROYAL GOLDEN EAGLE,ALKIRA TRADING (MACAO COMMERCIAL OFFSHORE) LTD,MACAO,#N/A,CHINA (MAINLAND)
2016,470329,SINAR MAS,INDAH KIAT,PERAWANG,RIAU,1000,481480,SINAR MAS,KING PAPER SOURCE TRADING (SHANGHAI) CO LTD,CHINA (MAINLAND),#N/A,CHINA (MAINLAND)
2016,470329,ROYAL GOLDEN EAGLE,APRIL,FUTONG,RIAU,803,329162,ROYAL GOLDEN EAGLE,AP ENTERPRISES (MACAO) COMMERCIAL OFFSHORE LTD,MACAO,#N/A,SOUTH KOREA
2016,470329,ROYAL GOLDEN EAGLE,APRIL,FUTONG,RIAU,703,288335,ROYAL GOLDEN EAGLE,AP ENTERPRISES (MACAO) COMMERCIAL OFFSHORE LTD,MACAO,#N/A,SOUTH KOREA
2016,470329,ROYAL GOLDEN EAGLE,APRIL,BUATAN,RIAU,502,205636,ROYAL GOLDEN EAGLE,AP ENTERPRISES (MACAO) COMMERCIAL OFFSHORE LTD,MACAO,#N/A,BANGLADESH
2016,470329,ROYAL GOLDEN EAGLE,APRIL,BUATAN,RIAU,501,205294,ROYAL GOLDEN EAGLE,AP ENTERPRISES (MACAO) COMMERCIAL OFFSHORE LTD,MACAO,#N/A,BANGLADESH
2016,470329,ROYAL GOLDEN EAGLE,APRIL,BUATAN,RIAU,261,107008,ROYAL GOLDEN EAGLE,APEL ENTERPRISES (SINGAPORE) PTE LTD,SINGAPORE,#N/A,MALAYSIA
2016,470329,ROYAL GOLDEN EAGLE,APRIL,BUATAN,RIAU,98,40309,ROYAL GOLDEN EAGLE,APEL ENTERPRISES (SINGAPORE) PTE LTD,SINGAPORE,#N/A,IRAN
2016,470329,ROYAL GOLDEN EAGLE,APRIL,BUATAN,RIAU,98,40295,ROYAL GOLDEN EAGLE,AP ENTERPRISES (MACAO) COMMERCIAL OFFSHORE LTD,MACAO,#N/A,PAKISTAN
2016,470329,ROYAL GOLDEN EAGLE,APRIL,BUATAN,RIAU,201,82366,ROYAL GOLDEN EAGLE,APEL ENTERPRISES (SINGAPORE) PTE LTD,SINGAPORE,#N/A,THAILAND
2016,470329,ROYAL GOLDEN EAGLE,APRIL,BUATAN,RIAU,60,24647,ROYAL GOLDEN EAGLE,APEL ENTERPRISES (SINGAPORE) PTE LTD,SINGAPORE,#N/A,INDIA
2016,470329,MARUBENI,TANJUNG ENIM LESTARI,TANJUNG PRIOK,SUMATERA SELATAN,1001,423301,MARUBENI,MARUBENI CORP,JAPAN,#N/A,CHINA (MAINLAND)
2016,470329,SINAR MAS,LONTAR PAPYRUS,KUALA TUNGKAL,JAMBI,1501,698997,SINAR MAS,KING PAPER SOURCE TRADING (SHANGHAI) CO LTD,CHINA (MAINLAND),#N/A,CHINA (MAINLAND)
2016,470329,SINAR MAS,LONTAR PAPYRUS,KUALA TUNGKAL,JAMBI,1501,695874,SINAR MAS,KING PAPER SOURCE TRADING (SHANGHAI) CO LTD,CHINA (MAINLAND),#N/A,CHINA (MAINLAND)
2016,470329,ROYAL GOLDEN EAGLE,APRIL,BUATAN,RIAU,96,39469,ROYAL GOLDEN EAGLE,ALKIRA TRADING (MACAO COMMERCIAL OFFSHORE) LTD,MACAO,#N/A,TAIWAN
2016,470329,MARUBENI,TANJUNG ENIM LESTARI,TANJUNG PRIOK,SUMATERA SELATAN,191,81770,MARUBENI,MARUBENI CORP,JAPAN,#N/A,CHINA (MAINLAND)
2016,470329,MARUBENI,TANJUNG ENIM LESTARI,PANJANG,SUMATERA SELATAN,109,47584,MARUBENI,MARUBENI CORP,JAPAN,#N/A,INDIA
2016,470329,ROYAL GOLDEN EAGLE,APRIL,BUATAN,RIAU,501,205429,ROYAL GOLDEN EAGLE,AP ENTERPRISES (MACAO) COMMERCIAL OFFSHORE LTD,MACAO,#N/A,BANGLADESH
2016,470329,ROYAL GOLDEN EAGLE,APRIL,BUATAN,RIAU,199,81406,ROYAL GOLDEN EAGLE,APEL ENTERPRISES (SINGAPORE) PTE LTD,SINGAPORE,#N/A,EGYPT
2016,470329,SINAR MAS,INDAH KIAT,PERAWANG,RIAU,800,385184,SINAR MAS,KING PAPER SOURCE TRADING (SHANGHAI) CO LTD,CHINA (MAINLAND),#N/A,CHINA (MAINLAND)
2016,470329,ROYAL GOLDEN EAGLE,APRIL,BUATAN,RIAU,241,98759,ROYAL GOLDEN EAGLE,APEL ENTERPRISES (SINGAPORE) PTE LTD,SINGAPORE,#N/A,INDIA
2016,470329,SINAR MAS,INDAH KIAT,PERAWANG,RIAU,500,241931,SINAR MAS,GOLDEN PROFIT TRADING PTE LTD,SINGAPORE,#N/A,VIETNAM
2016,470329,SINAR MAS,INDAH KIAT,PERAWANG,RIAU,200,93441,SINAR MAS,GOLDEN PROFIT TRADING PTE LTD,SINGAPORE,#N/A,BANGLADESH
2016,470329,SINAR MAS,INDAH KIAT,PERAWANG,RIAU,800,385107,SINAR MAS,KING PAPER SOURCE TRADING (SHANGHAI) CO LTD,CHINA (MAINLAND),#N/A,CHINA (MAINLAND)
2016,470329,ROYAL GOLDEN EAGLE,APRIL,BUATAN,RIAU,502,205780,ROYAL GOLDEN EAGLE,APEL ENTERPRISES (SINGAPORE) PTE LTD,SINGAPORE,#N/A,INDIA
2016,470329,MARUBENI,TANJUNG ENIM LESTARI,PANJANG,SUMATERA SELATAN,1003,429557,MARUBENI,MARUBENI CORP,JAPAN,#N/A,CHINA (MAINLAND)
2016,470329,ROYAL GOLDEN EAGLE,APRIL,BUATAN,RIAU,60,24651,ROYAL GOLDEN EAGLE,APEL ENTERPRISES (SINGAPORE) PTE LTD,SINGAPORE,#N/A,INDIA
2016,470329,SINAR MAS,INDAH KIAT,PERAWANG,RIAU,1000,477200,SINAR MAS,GOLDEN PROFIT TRADING PTE LTD,SINGAPORE,#N/A,THAILAND
2016,470329,MARUBENI,TANJUNG ENIM LESTARI,PANJANG,SUMATERA SELATAN,261,114927,MARUBENI,MARUBENI CORP,JAPAN,#N/A,INDIA
2016,470329,ROYAL GOLDEN EAGLE,APRIL,BUATAN,RIAU,60,24605,ROYAL GOLDEN EAGLE,APEL ENTERPRISES (SINGAPORE) PTE LTD,SINGAPORE,#N/A,INDIA
2016,470329,MARUBENI,TANJUNG ENIM LESTARI,PANJANG,SUMATERA SELATAN,105,45742,MARUBENI,MARUBENI CORP,JAPAN,#N/A,INDIA
2016,470329,ROYAL GOLDEN EAGLE,APRIL,BUATAN,RIAU,501,205595,ROYAL GOLDEN EAGLE,AP ENTERPRISES (MACAO) COMMERCIAL OFFSHORE LTD,MACAO,#N/A,BANGLADESH
2016,470329,ROYAL GOLDEN EAGLE,TOBA PULP LESTARI,BELAWAN,SUMATERA UTARA,497,220976,ROYAL GOLDEN EAGLE,DP MARKETING INTERNATIONAL,MACAO,#N/A,CHINA (MAINLAND)
2016,470329,SINAR MAS,INDAH KIAT,PERAWANG,RIAU,1000,477325,UNKNOWN AFFILIATION,SUZHOU HUANG YI TRADE CO LTD,CHINA (MAINLAND),#N/A,CHINA (MAINLAND)
2016,470329,SINAR MAS,LONTAR PAPYRUS,KUALA TUNGKAL,JAMBI,500,229316,SINAR MAS,GOLDEN PROFIT TRADING PTE LTD,SINGAPORE,#N/A,BANGLADESH
2016,470329,MARUBENI,TANJUNG ENIM LESTARI,PANJANG,SUMATERA SELATAN,192,81327,MARUBENI,MARUBENI CORP,JAPAN,#N/A,CHINA (MAINLAND)
2016,470329,MARUBENI,TANJUNG ENIM LESTARI,PANJANG,SUMATERA SELATAN,501,212036,MARUBENI,MARUBENI CORP,JAPAN,#N/A,CHINA (MAINLAND)
2016,470329,SINAR MAS,LONTAR PAPYRUS,KUALA TUNGKAL,JAMBI,500,220019,DRAGON CROWN HOLDINGS,DRAGON CROWN (HK) TRADING LTD,CHINA (HONG KONG),#N/A,CHINA (MAINLAND)
2016,470329,ROYAL GOLDEN EAGLE,APRIL,BUATAN,RIAU,398,163037,ROYAL GOLDEN EAGLE,APEL ENTERPRISES (SINGAPORE) PTE LTD,SINGAPORE,#N/A,EGYPT
2016,470329,SINAR MAS,INDAH KIAT,PERAWANG,RIAU,500,236869,UNKNOWN AFFILIATION,SUZHOU HUANG YI TRADE CO LTD,CHINA (MAINLAND),#N/A,CHINA (MAINLAND)
2016,470329,SINAR MAS,LONTAR PAPYRUS,KUALA TUNGKAL,JAMBI,1001,469106,SINAR MAS,GOLDEN PROFIT TRADING PTE LTD,SINGAPORE,#N/A,INDIA
2016,470329,SINAR MAS,LONTAR PAPYRUS,KUALA TUNGKAL,JAMBI,501,226949,SINAR MAS,GOLDEN PROFIT TRADING PTE LTD,SINGAPORE,#N/A,BANGLADESH
2016,470329,SINAR MAS,INDAH KIAT,PERAWANG,RIAU,1000,487596,SINAR MAS,KING PAPER SOURCE TRADING (SHANGHAI) CO LTD,CHINA (MAINLAND),#N/A,CHINA (MAINLAND)
2016,470329,MARUBENI,TANJUNG ENIM LESTARI,PANJANG,SUMATERA SELATAN,304,148151,MARUBENI,MARUBENI CORP,JAPAN,#N/A,MALAYSIA
2016,470329,SINAR MAS,INDAH KIAT,SUNGAI PAKNING,RIAU,5300,2525450,UNKNOWN AFFILIATION,SUZHOU HUANG YI TRADE CO LTD,CHINA (MAINLAND),#N/A,CHINA (MAINLAND)
2016,470329,ROYAL GOLDEN EAGLE,APRIL,BUATAN,RIAU,502,205802,ROYAL GOLDEN EAGLE,AP ENTERPRISES (MACAO) COMMERCIAL OFFSHORE LTD,MACAO,#N/A,BANGLADESH
2016,470329,ROYAL GOLDEN EAGLE,APRIL,FUTONG,RIAU,2979,1221240,ROYAL GOLDEN EAGLE,ALKIRA TRADING (MACAO COMMERCIAL OFFSHORE) LTD,MACAO,#N/A,CHINA (MAINLAND)
2016,470329,SINAR MAS,LONTAR PAPYRUS,KUALA TUNGKAL,JAMBI,501,235301,SINAR MAS,GOLDEN PROFIT TRADING PTE LTD,SINGAPORE,#N/A,BANGLADESH
2016,470329,SINAR MAS,LONTAR PAPYRUS,KUALA TUNGKAL,JAMBI,501,235399,SINAR MAS,GOLDEN PROFIT TRADING PTE LTD,SINGAPORE,#N/A,BANGLADESH
2016,470329,SINAR MAS,LONTAR PAPYRUS,KUALA TUNGKAL,JAMBI,500,230119,DRAGON CROWN HOLDINGS,DRAGON CROWN (HK) TRADING LTD,CHINA (HONG KONG),#N/A,CHINA (MAINLAND)
2016,470329,SINAR MAS,INDAH KIAT,PERAWANG,RIAU,600,280355,SINAR MAS,GOLDEN PROFIT TRADING PTE LTD,SINGAPORE,#N/A,BANGLADESH
2016,470329,MARUBENI,TANJUNG ENIM LESTARI,PANJANG,SUMATERA SELATAN,298,126783,MARUBENI,MARUBENI CORP,JAPAN,#N/A,CHINA (MAINLAND)
2016,470329,SINAR MAS,INDAH KIAT,PERAWANG,RIAU,1080,505603,UNKNOWN AFFILIATION,SUZHOU HUANG YI TRADE CO LTD,CHINA (MAINLAND),#N/A,CHINA (MAINLAND)
2016,470329,ROYAL GOLDEN EAGLE,TOBA PULP LESTARI,BELAWAN,SUMATERA UTARA,497,221193,ROYAL GOLDEN EAGLE,DP MARKETING INTERNATIONAL,MACAO,#N/A,CHINA (MAINLAND)
2016,470329,ROYAL GOLDEN EAGLE,APRIL,FUTONG,RIAU,5184,2125612,ROYAL GOLDEN EAGLE,ALKIRA TRADING (MACAO COMMERCIAL OFFSHORE) LTD,MACAO,#N/A,CHINA (MAINLAND)
2016,470329,SINAR MAS,INDAH KIAT,PERAWANG,RIAU,160,76507,UNKNOWN AFFILIATION,SUZHOU HUANG YI TRADE CO LTD,CHINA (MAINLAND),#N/A,CHINA (MAINLAND)
2016,470329,ROYAL GOLDEN EAGLE,APRIL,BUATAN,RIAU,502,205771,ROYAL GOLDEN EAGLE,AP ENTERPRISES (MACAO) COMMERCIAL OFFSHORE LTD,MACAO,#N/A,BANGLADESH
2016,470329,ROYAL GOLDEN EAGLE,APRIL,BUATAN,RIAU,993,407021,ROYAL GOLDEN EAGLE,ALKIRA TRADING (MACAO COMMERCIAL OFFSHORE) LTD,MACAO,#N/A,CHINA (MAINLAND)
2016,470329,ROYAL GOLDEN EAGLE,APRIL,BUATAN,RIAU,1003,411041,ROYAL GOLDEN EAGLE,ALKIRA TRADING (MACAO COMMERCIAL OFFSHORE) LTD,MACAO,#N/A,CHINA (MAINLAND)
2016,470329,SINAR MAS,INDAH KIAT,PERAWANG,RIAU,200,97131,SINAR MAS,GOLDEN PROFIT TRADING PTE LTD,SINGAPORE,#N/A,TAIWAN
2016,470329,SINAR MAS,INDAH KIAT,PERAWANG,RIAU,1000,478300,SINAR MAS,KING PAPER SOURCE TRADING (SHANGHAI) CO LTD,CHINA (MAINLAND),#N/A,CHINA (MAINLAND)
2016,470329,ROYAL GOLDEN EAGLE,APRIL,BUATAN,RIAU,502,205982,ROYAL GOLDEN EAGLE,AP ENTERPRISES (MACAO) COMMERCIAL OFFSHORE LTD,MACAO,#N/A,BANGLADESH
2016,470329,SINAR MAS,INDAH KIAT,PERAWANG,RIAU,1000,470000,SINAR MAS,GOLDEN PROFIT TRADING PTE LTD,SINGAPORE,#N/A,BANGLADESH
2016,470329,ROYAL GOLDEN EAGLE,APRIL,BUATAN,RIAU,201,82374,ROYAL GOLDEN EAGLE,ALKIRA TRADING (MACAO COMMERCIAL OFFSHORE) LTD,MACAO,#N/A,CHINA (MAINLAND)
2016,470329,SINAR MAS,INDAH KIAT,PERAWANG,RIAU,240,116127,SINAR MAS,GOLDEN PROFIT TRADING PTE LTD,SINGAPORE,#N/A,VIETNAM
2016,470329,SINAR MAS,INDAH KIAT,PERAWANG,RIAU,500,241931,SINAR MAS,GOLDEN PROFIT TRADING PTE LTD,SINGAPORE,#N/A,VIETNAM
2016,470329,ROYAL GOLDEN EAGLE,APRIL,BUATAN,RIAU,502,205975,ROYAL GOLDEN EAGLE,AP ENTERPRISES (MACAO) COMMERCIAL OFFSHORE LTD,MACAO,#N/A,BANGLADESH
2016,470329,SINAR MAS,INDAH KIAT,PERAWANG,RIAU,340,162804,UNKNOWN AFFILIATION,SUZHOU HUANG YI TRADE CO LTD,CHINA (MAINLAND),#N/A,CHINA (MAINLAND)
2016,470329,ROYAL GOLDEN EAGLE,APRIL,BUATAN,RIAU,502,205887,ROYAL GOLDEN EAGLE,AP ENTERPRISES (MACAO) COMMERCIAL OFFSHORE LTD,MACAO,#N/A,BANGLADESH
2016,470329,SINAR MAS,INDAH KIAT,PERAWANG,RIAU,920,439139,UNKNOWN AFFILIATION,SUZHOU HUANG YI TRADE CO LTD,CHINA (MAINLAND),#N/A,CHINA (MAINLAND)
2016,470329,ROYAL GOLDEN EAGLE,APRIL,BUATAN,RIAU,503,206099,ROYAL GOLDEN EAGLE,AP ENTERPRISES (MACAO) COMMERCIAL OFFSHORE LTD,MACAO,#N/A,BANGLADESH
2016,470329,ROYAL GOLDEN EAGLE,APRIL,BUATAN,RIAU,503,206044,ROYAL GOLDEN EAGLE,AP ENTERPRISES (MACAO) COMMERCIAL OFFSHORE LTD,MACAO,#N/A,BANGLADESH
2016,470329,ROYAL GOLDEN EAGLE,APRIL,BUATAN,RIAU,503,206059,ROYAL GOLDEN EAGLE,AP ENTERPRISES (MACAO) COMMERCIAL OFFSHORE LTD,MACAO,#N/A,BANGLADESH
2016,470329,ROYAL GOLDEN EAGLE,APRIL,FUTONG,RIAU,6027,2470936,ROYAL GOLDEN EAGLE,ALKIRA TRADING (MACAO COMMERCIAL OFFSHORE) LTD,MACAO,#N/A,CHINA (MAINLAND)
2016,470329,MARUBENI,TANJUNG ENIM LESTARI,TARAHAN,SUMATERA SELATAN,100,42858,MARUBENI,MARUBENI CORP,JAPAN,#N/A,JAPAN
2016,470329,MARUBENI,TANJUNG ENIM LESTARI,TARAHAN,SUMATERA SELATAN,501,214200,MARUBENI,MARUBENI CORP,JAPAN,#N/A,CHINA (MAINLAND)
2016,470329,MARUBENI,TANJUNG ENIM LESTARI,TARAHAN,SUMATERA SELATAN,1499,648097,MARUBENI,MARUBENI CORP,JAPAN,#N/A,CHINA (MAINLAND)
2016,470329,MARUBENI,TANJUNG ENIM LESTARI,TARAHAN,SUMATERA SELATAN,99,42697,MARUBENI,MARUBENI CORP,JAPAN,#N/A,TAIWAN
2016,470329,MARUBENI,TANJUNG ENIM LESTARI,TARAHAN,SUMATERA SELATAN,501,215488,MARUBENI,MARUBENI CORP,JAPAN,#N/A,JAPAN
2016,470329,MARUBENI,TANJUNG ENIM LESTARI,TARAHAN,SUMATERA SELATAN,501,216475,MARUBENI,MARUBENI CORP,JAPAN,#N/A,CHINA (MAINLAND)
2016,470329,MARUBENI,TANJUNG ENIM LESTARI,TARAHAN,SUMATERA SELATAN,451,194047,MARUBENI,MARUBENI CORP,JAPAN,#N/A,JAPAN
2016,470329,ROYAL GOLDEN EAGLE,APRIL,BUATAN,RIAU,1505,617223,ROYAL GOLDEN EAGLE,ALKIRA TRADING (MACAO COMMERCIAL OFFSHORE) LTD,MACAO,#N/A,CHINA (MAINLAND)
2016,470329,MARUBENI,TANJUNG ENIM LESTARI,TARAHAN,SUMATERA SELATAN,20,8988,MARUBENI,MARUBENI CORP,JAPAN,#N/A,JAPAN
2016,470329,MARUBENI,TANJUNG ENIM LESTARI,TARAHAN,SUMATERA SELATAN,301,129564,MARUBENI,MARUBENI CORP,JAPAN,#N/A,JAPAN
2016,470329,MARUBENI,TANJUNG ENIM LESTARI,TARAHAN,SUMATERA SELATAN,999,430234,MARUBENI,MARUBENI CORP,JAPAN,#N/A,JAPAN
2016,470329,MARUBENI,TANJUNG ENIM LESTARI,TARAHAN,SUMATERA SELATAN,51,21786,MARUBENI,MARUBENI CORP,JAPAN,#N/A,JAPAN
2016,470329,ROYAL GOLDEN EAGLE,APRIL,BUATAN,RIAU,502,205807,ROYAL GOLDEN EAGLE,ALKIRA TRADING (MACAO COMMERCIAL OFFSHORE) LTD,MACAO,#N/A,CHINA (MAINLAND)
2016,470329,MARUBENI,TANJUNG ENIM LESTARI,TARAHAN,SUMATERA SELATAN,49,21277,MARUBENI,MARUBENI CORP,JAPAN,#N/A,JAPAN
2016,470329,MARUBENI,TANJUNG ENIM LESTARI,TARAHAN,SUMATERA SELATAN,800,343030,MARUBENI,MARUBENI CORP,JAPAN,#N/A,TAIWAN
2016,470329,ROYAL GOLDEN EAGLE,APRIL,BUATAN,RIAU,462,189496,ROYAL GOLDEN EAGLE,AP ENTERPRISES (MACAO) COMMERCIAL OFFSHORE LTD,MACAO,#N/A,BANGLADESH
2016,470329,MARUBENI,TANJUNG ENIM LESTARI,TANJUNG PRIOK,SUMATERA SELATAN,903,386005,MARUBENI,MARUBENI CORP,JAPAN,#N/A,CHINA (MAINLAND)
2016,470329,MARUBENI,TANJUNG ENIM LESTARI,TARAHAN,SUMATERA SELATAN,500,214070,MARUBENI,MARUBENI CORP,JAPAN,#N/A,CHINA (MAINLAND)
2016,470329,MARUBENI,TANJUNG ENIM LESTARI,TARAHAN,SUMATERA SELATAN,899,386355,MARUBENI,MARUBENI CORP,JAPAN,#N/A,TAIWAN
2016,470329,MARUBENI,TANJUNG ENIM LESTARI,TARAHAN,SUMATERA SELATAN,1401,603036,MARUBENI,MARUBENI CORP,JAPAN,#N/A,JAPAN
2016,470329,MARUBENI,TANJUNG ENIM LESTARI,TARAHAN,SUMATERA SELATAN,700,301446,MARUBENI,MARUBENI CORP,JAPAN,#N/A,JAPAN
2016,470329,MARUBENI,TANJUNG ENIM LESTARI,TARAHAN,SUMATERA SELATAN,999,422738,MARUBENI,MARUBENI CORP,JAPAN,#N/A,CHINA (MAINLAND)
2016,470329,ROYAL GOLDEN EAGLE,APRIL,BUATAN,RIAU,502,205891,ROYAL GOLDEN EAGLE,AP ENTERPRISES (MACAO) COMMERCIAL OFFSHORE LTD,MACAO,#N/A,BANGLADESH
2016,470329,SINAR MAS,INDAH KIAT,PERAWANG,RIAU,500,238600,SINAR MAS,GOLDEN PROFIT TRADING PTE LTD,SINGAPORE,#N/A,THAILAND
2016,470329,ROYAL GOLDEN EAGLE,APRIL,BUATAN,RIAU,100,41176,ROYAL GOLDEN EAGLE,APEL ENTERPRISES (SINGAPORE) PTE LTD,SINGAPORE,#N/A,INDIA
2016,470329,SINAR MAS,INDAH KIAT,PERAWANG,RIAU,1000,476188,SINAR MAS,KING PAPER SOURCE TRADING (SHANGHAI) CO LTD,CHINA (MAINLAND),#N/A,CHINA (MAINLAND)
2016,470329,ROYAL GOLDEN EAGLE,APRIL,BUATAN,RIAU,1307,535728,ROYAL GOLDEN EAGLE,ALKIRA TRADING (MACAO COMMERCIAL OFFSHORE) LTD,MACAO,#N/A,CHINA (MAINLAND)
2016,470329,ROYAL GOLDEN EAGLE,APRIL,BUATAN,RIAU,201,82352,ROYAL GOLDEN EAGLE,APEL ENTERPRISES (SINGAPORE) PTE LTD,SINGAPORE,#N/A,THAILAND
2016,470329,ROYAL GOLDEN EAGLE,APRIL,BUATAN,RIAU,1004,411510,ROYAL GOLDEN EAGLE,ALKIRA TRADING (MACAO COMMERCIAL OFFSHORE) LTD,MACAO,#N/A,CHINA (MAINLAND)
2016,470329,SINAR MAS,INDAH KIAT,SUNGAI PAKNING,RIAU,2500,1168750,SINAR MAS,GOLDEN PROFIT TRADING PTE LTD,SINGAPORE,#N/A,SOUTH KOREA
2016,470329,SINAR MAS,LONTAR PAPYRUS,KUALA TUNGKAL,JAMBI,1001,465245,UNKNOWN AFFILIATION,SUZHOU GUANBAO TRADING LTD,CHINA (MAINLAND),#N/A,CHINA (MAINLAND)
2016,470329,SINAR MAS,INDAH KIAT,SUNGAI PAKNING,RIAU,5500,2626250,SINAR MAS,KING PAPER SOURCE TRADING (SHANGHAI) CO LTD,CHINA (MAINLAND),#N/A,CHINA (MAINLAND)
2016,470329,SINAR MAS,LONTAR PAPYRUS,KUALA TUNGKAL,JAMBI,500,236723,UNKNOWN AFFILIATION,SUZHOU HUANG YI TRADE CO LTD,CHINA (MAINLAND),#N/A,CHINA (MAINLAND)
2016,470329,SINAR MAS,LONTAR PAPYRUS,KUALA TUNGKAL,JAMBI,499,234638,SINAR MAS,GOLDEN PROFIT TRADING PTE LTD,SINGAPORE,#N/A,UNITED ARAB EMIRATES
2016,470329,MARUBENI,TANJUNG ENIM LESTARI,PANJANG,SUMATERA SELATAN,42,18777,MARUBENI,MARUBENI CORP,JAPAN,#N/A,INDIA
2016,470329,ROYAL GOLDEN EAGLE,TOBA PULP LESTARI,BELAWAN,SUMATERA UTARA,517,230254,ROYAL GOLDEN EAGLE,DP MARKETING INTERNATIONAL,MACAO,#N/A,CHINA (MAINLAND)
2016,470329,MARUBENI,TANJUNG ENIM LESTARI,PANJANG,SUMATERA SELATAN,413,217040,MARUBENI,MARUBENI CORP,JAPAN,#N/A,AUSTRALIA
2016,470329,ROYAL GOLDEN EAGLE,APRIL,BUATAN,RIAU,503,206219,ROYAL GOLDEN EAGLE,AP ENTERPRISES (MACAO) COMMERCIAL OFFSHORE LTD,MACAO,#N/A,BANGLADESH
2016,470329,ROYAL GOLDEN EAGLE,APRIL,BUATAN,RIAU,342,140081,ROYAL GOLDEN EAGLE,APEL ENTERPRISES (SINGAPORE) PTE LTD,SINGAPORE,#N/A,INDIA
2016,470329,SINAR MAS,LONTAR PAPYRUS,KUALA TUNGKAL,JAMBI,1001,473724,UNKNOWN AFFILIATION,SUZHOU HUANG YI TRADE CO LTD,CHINA (MAINLAND),#N/A,CHINA (MAINLAND)
2016,470329,MARUBENI,TANJUNG ENIM LESTARI,PANJANG,SUMATERA SELATAN,1002,433614,MARUBENI,MARUBENI CORP,JAPAN,#N/A,CHINA (MAINLAND)
2016,470329,SINAR MAS,LONTAR PAPYRUS,KUALA TUNGKAL,JAMBI,440,204929,SINAR MAS,KING PAPER SOURCE TRADING (SHANGHAI) CO LTD,CHINA (MAINLAND),#N/A,CHINA (MAINLAND)
2016,470329,MARUBENI,TANJUNG ENIM LESTARI,PANJANG,SUMATERA SELATAN,110,49741,MARUBENI,MARUBENI CORP,JAPAN,#N/A,INDIA
2016,470329,SINAR MAS,LONTAR PAPYRUS,KUALA TUNGKAL,JAMBI,501,229611,SINAR MAS,GOLDEN PROFIT TRADING PTE LTD,SINGAPORE,#N/A,BANGLADESH
2016,470329,SINAR MAS,INDAH KIAT,SUNGAI PAKNING,RIAU,2500,1168750,SINAR MAS,GOLDEN PROFIT TRADING PTE LTD,SINGAPORE,#N/A,SOUTH KOREA
2016,470329,SINAR MAS,INDAH KIAT,PERAWANG,RIAU,500,241931,SINAR MAS,GOLDEN PROFIT TRADING PTE LTD,SINGAPORE,#N/A,THAILAND
2016,470329,SINAR MAS,LONTAR PAPYRUS,KUALA TUNGKAL,JAMBI,480,222628,SINAR MAS,KING PAPER SOURCE TRADING (SHANGHAI) CO LTD,CHINA (MAINLAND),#N/A,CHINA (MAINLAND)
2016,470329,ROYAL GOLDEN EAGLE,APRIL,BUATAN,RIAU,993,407328,ROYAL GOLDEN EAGLE,ALKIRA TRADING (MACAO COMMERCIAL OFFSHORE) LTD,MACAO,#N/A,CHINA (MAINLAND)
2016,470329,MARUBENI,TANJUNG ENIM LESTARI,PANJANG,SUMATERA SELATAN,505,219113,MARUBENI,MARUBENI CORP,JAPAN,#N/A,INDIA
2016,470329,MARUBENI,TANJUNG ENIM LESTARI,PANJANG,SUMATERA SELATAN,296,130338,MARUBENI,MARUBENI CORP,JAPAN,#N/A,THAILAND
2016,470329,SINAR MAS,INDAH KIAT,SUNGAI PAKNING,RIAU,3000,1429500,UNKNOWN AFFILIATION,NINGBO CROWN OF CHINA ENERGY CO LTD,CHINA (MAINLAND),#N/A,CHINA (MAINLAND)
2016,470329,SINAR MAS,INDAH KIAT,SUNGAI PAKNING,RIAU,2000,953000,UNKNOWN AFFILIATION,NINGBO CROWN OF CHINA ENERGY CO LTD,CHINA (MAINLAND),#N/A,CHINA (MAINLAND)
2016,470329,ROYAL GOLDEN EAGLE,APRIL,BUATAN,RIAU,100,41196,ROYAL GOLDEN EAGLE,APEL ENTERPRISES (SINGAPORE) PTE LTD,SINGAPORE,#N/A,INDIA
2016,470329,ROYAL GOLDEN EAGLE,APRIL,BUATAN,RIAU,992,406854,ROYAL GOLDEN EAGLE,ALKIRA TRADING (MACAO COMMERCIAL OFFSHORE) LTD,MACAO,#N/A,CHINA (MAINLAND)
2016,470329,SINAR MAS,INDAH KIAT,SUNGAI PAKNING,RIAU,4600,2191900,SINAR MAS,KING PAPER SOURCE TRADING (SHANGHAI) CO LTD,CHINA (MAINLAND),#N/A,CHINA (MAINLAND)
2016,470329,ROYAL GOLDEN EAGLE,TOBA PULP LESTARI,BELAWAN,SUMATERA UTARA,518,230589,ROYAL GOLDEN EAGLE,DP MARKETING INTERNATIONAL,MACAO,#N/A,CHINA (MAINLAND)
2016,470329,ROYAL GOLDEN EAGLE,APRIL,FUTONG,RIAU,6016,2466562,ROYAL GOLDEN EAGLE,ALKIRA TRADING (MACAO COMMERCIAL OFFSHORE) LTD,MACAO,#N/A,CHINA (MAINLAND)
2016,470329,SINAR MAS,LONTAR PAPYRUS,KUALA TUNGKAL,JAMBI,500,235146,SINAR MAS,GOLDEN PROFIT TRADING PTE LTD,SINGAPORE,#N/A,BANGLADESH
2016,470329,SINAR MAS,LONTAR PAPYRUS,KUALA TUNGKAL,JAMBI,501,235607,SINAR MAS,GOLDEN PROFIT TRADING PTE LTD,SINGAPORE,#N/A,BANGLADESH
2016,470329,SINAR MAS,INDAH KIAT,PERAWANG,RIAU,260,125804,SINAR MAS,GOLDEN PROFIT TRADING PTE LTD,SINGAPORE,#N/A,VIETNAM
2016,470329,MARUBENI,TANJUNG ENIM LESTARI,PANJANG,SUMATERA SELATAN,309,130897,MARUBENI,MARUBENI CORP,JAPAN,#N/A,CHINA (MAINLAND)
2016,470329,ROYAL GOLDEN EAGLE,TOBA PULP LESTARI,BELAWAN,SUMATERA UTARA,498,221489,ROYAL GOLDEN EAGLE,DP MARKETING INTERNATIONAL,MACAO,#N/A,CHINA (MAINLAND)
2016,470329,SINAR MAS,LONTAR PAPYRUS,KUALA TUNGKAL,JAMBI,500,220448,SINAR MAS,GOLDEN PROFIT TRADING PTE LTD,SINGAPORE,#N/A,INDIA
2016,470329,ROYAL GOLDEN EAGLE,TOBA PULP LESTARI,BELAWAN,SUMATERA UTARA,497,221332,ROYAL GOLDEN EAGLE,DP MARKETING INTERNATIONAL,MACAO,#N/A,CHINA (MAINLAND)
2016,470329,ROYAL GOLDEN EAGLE,TOBA PULP LESTARI,BELAWAN,SUMATERA UTARA,518,230497,ROYAL GOLDEN EAGLE,DP MARKETING INTERNATIONAL,MACAO,#N/A,CHINA (MAINLAND)
2016,470329,ROYAL GOLDEN EAGLE,APRIL,BUATAN,RIAU,201,82379,ROYAL GOLDEN EAGLE,APEL ENTERPRISES (SINGAPORE) PTE LTD,SINGAPORE,#N/A,INDIA
2016,470329,ROYAL GOLDEN EAGLE,TOBA PULP LESTARI,BELAWAN,SUMATERA UTARA,496,220892,ROYAL GOLDEN EAGLE,DP MARKETING INTERNATIONAL,MACAO,#N/A,CHINA (MAINLAND)
2016,470329,ROYAL GOLDEN EAGLE,TOBA PULP LESTARI,BELAWAN,SUMATERA UTARA,496,220893,ROYAL GOLDEN EAGLE,DP MARKETING INTERNATIONAL,MACAO,#N/A,CHINA (MAINLAND)
2016,470329,ROYAL GOLDEN EAGLE,APRIL,FUTONG,RIAU,5025,2060131,ROYAL GOLDEN EAGLE,ALKIRA TRADING (MACAO COMMERCIAL OFFSHORE) LTD,MACAO,#N/A,CHINA (MAINLAND)
2016,470329,ROYAL GOLDEN EAGLE,TOBA PULP LESTARI,BELAWAN,SUMATERA UTARA,497,221060,ROYAL GOLDEN EAGLE,DP MARKETING INTERNATIONAL,MACAO,#N/A,CHINA (MAINLAND)
2016,470329,SINAR MAS,INDAH KIAT,PERAWANG,RIAU,1000,470106,SINAR MAS,KING PAPER SOURCE TRADING (SHANGHAI) CO LTD,CHINA (MAINLAND),#N/A,CHINA (MAINLAND)
2016,470329,ROYAL GOLDEN EAGLE,APRIL,BUATAN,RIAU,603,247094,ROYAL GOLDEN EAGLE,ALKIRA TRADING (MACAO COMMERCIAL OFFSHORE) LTD,MACAO,#N/A,CHINA (MAINLAND)
2016,470329,SINAR MAS,INDAH KIAT,PERAWANG,RIAU,300,152265,SINAR MAS,GOLDEN PROFIT TRADING PTE LTD,SINGAPORE,#N/A,TAIWAN
2016,470329,ROYAL GOLDEN EAGLE,APRIL,FUTONG,RIAU,2980,1221771,ROYAL GOLDEN EAGLE,ALKIRA TRADING (MACAO COMMERCIAL OFFSHORE) LTD,MACAO,#N/A,CHINA (MAINLAND)
2016,470329,ROYAL GOLDEN EAGLE,APRIL,BUATAN,RIAU,502,205914,ROYAL GOLDEN EAGLE,APEL ENTERPRISES (SINGAPORE) PTE LTD,SINGAPORE,#N/A,INDIA
2016,470329,ROYAL GOLDEN EAGLE,APRIL,BUATAN,RIAU,503,206113,ROYAL GOLDEN EAGLE,AP ENTERPRISES (MACAO) COMMERCIAL OFFSHORE LTD,MACAO,#N/A,BANGLADESH
2016,470329,ROYAL GOLDEN EAGLE,APRIL,FUTONG,RIAU,7105,2913050,ROYAL GOLDEN EAGLE,ALKIRA TRADING (MACAO COMMERCIAL OFFSHORE) LTD,MACAO,#N/A,CHINA (MAINLAND)
2016,470329,ROYAL GOLDEN EAGLE,APRIL,BUATAN,RIAU,100,41166,ROYAL GOLDEN EAGLE,APEL ENTERPRISES (SINGAPORE) PTE LTD,SINGAPORE,#N/A,INDIA
2016,470329,SINAR MAS,INDAH KIAT,PERAWANG,RIAU,1000,470106,SINAR MAS,KING PAPER SOURCE TRADING (SHANGHAI) CO LTD,CHINA (MAINLAND),#N/A,CHINA (MAINLAND)
2016,470329,SINAR MAS,INDAH KIAT,PERAWANG,RIAU,72,33996,UNKNOWN AFFILIATION,NINGBO CROWN OF CHINA ENERGY CO LTD,CHINA (MAINLAND),#N/A,CHINA (MAINLAND)
2016,470329,ROYAL GOLDEN EAGLE,APRIL,FUTONG,RIAU,3617,1483147,ROYAL GOLDEN EAGLE,ALKIRA TRADING (MACAO COMMERCIAL OFFSHORE) LTD,MACAO,#N/A,CHINA (MAINLAND)
2016,470329,SINAR MAS,INDAH KIAT,PERAWANG,RIAU,1000,486170,UNKNOWN AFFILIATION,SUZHOU GUANBAO TRADING LTD,CHINA (MAINLAND),#N/A,CHINA (MAINLAND)
2016,470329,ROYAL GOLDEN EAGLE,APRIL,BUATAN,RIAU,703,288228,ROYAL GOLDEN EAGLE,APEL ENTERPRISES (SINGAPORE) PTE LTD,SINGAPORE,#N/A,LEBANON
2016,470329,ROYAL GOLDEN EAGLE,APRIL,BUATAN,RIAU,993,406994,ROYAL GOLDEN EAGLE,ALKIRA TRADING (MACAO COMMERCIAL OFFSHORE) LTD,MACAO,#N/A,CHINA (MAINLAND)
2016,470329,ROYAL GOLDEN EAGLE,APRIL,BUATAN,RIAU,502,205753,ROYAL GOLDEN EAGLE,AP ENTERPRISES (MACAO) COMMERCIAL OFFSHORE LTD,MACAO,#N/A,BANGLADESH
2016,470329,ROYAL GOLDEN EAGLE,APRIL,BUATAN,RIAU,715,293284,ROYAL GOLDEN EAGLE,APEL ENTERPRISES (SINGAPORE) PTE LTD,SINGAPORE,#N/A,IRAN
2016,470329,SINAR MAS,INDAH KIAT,PERAWANG,RIAU,1000,470106,UNKNOWN AFFILIATION,SUZHOU GUANBAO TRADING LTD,CHINA (MAINLAND),#N/A,CHINA (MAINLAND)
2016,470329,ROYAL GOLDEN EAGLE,APRIL,BUATAN,RIAU,503,206046,ROYAL GOLDEN EAGLE,AP ENTERPRISES (MACAO) COMMERCIAL OFFSHORE LTD,MACAO,#N/A,BANGLADESH
2016,470329,ROYAL GOLDEN EAGLE,APRIL,BUATAN,RIAU,993,407098,ROYAL GOLDEN EAGLE,ALKIRA TRADING (MACAO COMMERCIAL OFFSHORE) LTD,MACAO,#N/A,CHINA (MAINLAND)
2016,470329,ROYAL GOLDEN EAGLE,APRIL,FUTONG,RIAU,4023,1649230,ROYAL GOLDEN EAGLE,ALKIRA TRADING (MACAO COMMERCIAL OFFSHORE) LTD,MACAO,#N/A,ITALY
2016,470329,MARUBENI,TANJUNG ENIM LESTARI,TANJUNG PRIOK,SUMATERA SELATAN,499,215903,MARUBENI,MARUBENI CORP,JAPAN,#N/A,CHINA (MAINLAND)
2016,470329,MARUBENI,TANJUNG ENIM LESTARI,TANJUNG PRIOK,SUMATERA SELATAN,501,219448,MARUBENI,MARUBENI CORP,JAPAN,#N/A,CHINA (MAINLAND)
2016,470329,MARUBENI,TANJUNG ENIM LESTARI,PANJANG,SUMATERA SELATAN,979,414661,MARUBENI,MARUBENI CORP,JAPAN,#N/A,CHINA (MAINLAND)
2016,470329,ROYAL GOLDEN EAGLE,TOBA PULP LESTARI,BELAWAN,SUMATERA UTARA,497,221284,ROYAL GOLDEN EAGLE,DP MARKETING INTERNATIONAL,MACAO,#N/A,CHINA (MAINLAND)
2016,470329,ROYAL GOLDEN EAGLE,APRIL,FUTONG,RIAU,1006,412321,ROYAL GOLDEN EAGLE,ALKIRA TRADING (MACAO COMMERCIAL OFFSHORE) LTD,MACAO,#N/A,ITALY
2016,470329,ROYAL GOLDEN EAGLE,APRIL,BUATAN,RIAU,502,205798,ROYAL GOLDEN EAGLE,AP ENTERPRISES (MACAO) COMMERCIAL OFFSHORE LTD,MACAO,#N/A,BANGLADESH
2016,470329,SINAR MAS,LONTAR PAPYRUS,KUALA TUNGKAL,JAMBI,1281,602363,SINAR MAS,KING PAPER SOURCE TRADING (SHANGHAI) CO LTD,CHINA (MAINLAND),#N/A,CHINA (MAINLAND)
2016,470329,ROYAL GOLDEN EAGLE,APRIL,BUATAN,RIAU,502,205899,ROYAL GOLDEN EAGLE,AP ENTERPRISES (MACAO) COMMERCIAL OFFSHORE LTD,MACAO,#N/A,BANGLADESH
2016,470329,SINAR MAS,LONTAR PAPYRUS,KUALA TUNGKAL,JAMBI,721,347998,SINAR MAS,GOLDEN PROFIT TRADING PTE LTD,SINGAPORE,#N/A,INDIA
2016,470329,ROYAL GOLDEN EAGLE,APRIL,FUTONG,RIAU,1006,412342,ROYAL GOLDEN EAGLE,ALKIRA TRADING (MACAO COMMERCIAL OFFSHORE) LTD,MACAO,#N/A,ITALY
2016,470329,ROYAL GOLDEN EAGLE,APRIL,FUTONG,RIAU,1005,411999,ROYAL GOLDEN EAGLE,ALKIRA TRADING (MACAO COMMERCIAL OFFSHORE) LTD,MACAO,#N/A,ITALY
2016,470329,ROYAL GOLDEN EAGLE,APRIL,FUTONG,RIAU,1006,412367,ROYAL GOLDEN EAGLE,ALKIRA TRADING (MACAO COMMERCIAL OFFSHORE) LTD,MACAO,#N/A,NETHERLANDS
2016,470329,ROYAL GOLDEN EAGLE,APRIL,FUTONG,RIAU,1005,412026,ROYAL GOLDEN EAGLE,ALKIRA TRADING (MACAO COMMERCIAL OFFSHORE) LTD,MACAO,#N/A,ITALY
2016,470329,ROYAL GOLDEN EAGLE,APRIL,FUTONG,RIAU,1004,411804,ROYAL GOLDEN EAGLE,ALKIRA TRADING (MACAO COMMERCIAL OFFSHORE) LTD,MACAO,#N/A,NETHERLANDS
2016,470329,MARUBENI,TANJUNG ENIM LESTARI,PANJANG,SUMATERA SELATAN,102,44556,MARUBENI,MARUBENI CORP,JAPAN,#N/A,INDIA
2016,470329,ROYAL GOLDEN EAGLE,TOBA PULP LESTARI,BELAWAN,SUMATERA UTARA,496,220777,ROYAL GOLDEN EAGLE,DP MARKETING INTERNATIONAL,MACAO,#N/A,CHINA (MAINLAND)
2016,470329,ROYAL GOLDEN EAGLE,APRIL,FUTONG,RIAU,4158,1704823,ROYAL GOLDEN EAGLE,APEL ENTERPRISES (SINGAPORE) PTE LTD,SINGAPORE,#N/A,JAPAN
2016,470329,ROYAL GOLDEN EAGLE,APRIL,BUATAN,RIAU,502,206005,ROYAL GOLDEN EAGLE,AP ENTERPRISES (MACAO) COMMERCIAL OFFSHORE LTD,MACAO,#N/A,BANGLADESH
2016,470329,MARUBENI,TANJUNG ENIM LESTARI,PANJANG,SUMATERA SELATAN,982,417925,MARUBENI,MARUBENI CORP,JAPAN,#N/A,CHINA (MAINLAND)
2016,470329,ROYAL GOLDEN EAGLE,APRIL,FUTONG,RIAU,1006,412294,ROYAL GOLDEN EAGLE,ALKIRA TRADING (MACAO COMMERCIAL OFFSHORE) LTD,MACAO,#N/A,CHINA (MAINLAND)
2016,470329,MARUBENI,TANJUNG ENIM LESTARI,PANJANG,SUMATERA SELATAN,498,211328,MARUBENI,MARUBENI CORP,JAPAN,#N/A,CHINA (MAINLAND)
2016,470329,ROYAL GOLDEN EAGLE,APRIL,BUATAN,RIAU,992,406920,ROYAL GOLDEN EAGLE,ALKIRA TRADING (MACAO COMMERCIAL OFFSHORE) LTD,MACAO,#N/A,CHINA (MAINLAND)
2016,470329,ROYAL GOLDEN EAGLE,APRIL,FUTONG,RIAU,2000,829825,ROYAL GOLDEN EAGLE,APEL ENTERPRISES (SINGAPORE) PTE LTD,SINGAPORE,#N/A,JAPAN
2016,470329,ROYAL GOLDEN EAGLE,APRIL,FUTONG,RIAU,5023,2059457,ROYAL GOLDEN EAGLE,AP ENTERPRISES (MACAO) COMMERCIAL OFFSHORE LTD,MACAO,#N/A,CHINA (MAINLAND)
2016,470329,ROYAL GOLDEN EAGLE,APRIL,BUATAN,RIAU,502,205907,ROYAL GOLDEN EAGLE,APEL ENTERPRISES (SINGAPORE) PTE LTD,SINGAPORE,#N/A,INDIA
2016,470329,ROYAL GOLDEN EAGLE,APRIL,BUATAN,RIAU,502,205956,ROYAL GOLDEN EAGLE,AP ENTERPRISES (MACAO) COMMERCIAL OFFSHORE LTD,MACAO,#N/A,BANGLADESH
2016,470329,ROYAL GOLDEN EAGLE,APRIL,FUTONG,RIAU,5026,2060505,ROYAL GOLDEN EAGLE,ALKIRA TRADING (MACAO COMMERCIAL OFFSHORE) LTD,MACAO,#N/A,CHINA (MAINLAND)
2016,470329,ROYAL GOLDEN EAGLE,APRIL,FUTONG,RIAU,2009,823579,ROYAL GOLDEN EAGLE,ALKIRA TRADING (MACAO COMMERCIAL OFFSHORE) LTD,MACAO,#N/A,CHINA (MAINLAND)
2016,470329,ROYAL GOLDEN EAGLE,TOBA PULP LESTARI,BELAWAN,SUMATERA UTARA,744,331079,ROYAL GOLDEN EAGLE,DP MARKETING INTERNATIONAL,MACAO,#N/A,TAIWAN
2016,470329,ROYAL GOLDEN EAGLE,APRIL,BUATAN,RIAU,502,205913,ROYAL GOLDEN EAGLE,AP ENTERPRISES (MACAO) COMMERCIAL OFFSHORE LTD,MACAO,#N/A,BANGLADESH
2016,470329,ROYAL GOLDEN EAGLE,APRIL,BUATAN,RIAU,993,407068,ROYAL GOLDEN EAGLE,ALKIRA TRADING (MACAO COMMERCIAL OFFSHORE) LTD,MACAO,#N/A,CHINA (MAINLAND)
2016,470329,SINAR MAS,INDAH KIAT,SUNGAI PAKNING,RIAU,2300,1075250,SINAR MAS,GOLDEN PROFIT TRADING PTE LTD,SINGAPORE,#N/A,SOUTH KOREA
2016,470329,ROYAL GOLDEN EAGLE,APRIL,FUTONG,RIAU,5224,2141763,ROYAL GOLDEN EAGLE,ALKIRA TRADING (MACAO COMMERCIAL OFFSHORE) LTD,MACAO,#N/A,CHINA (MAINLAND)
2016,470329,SINAR MAS,LONTAR PAPYRUS,KUALA TUNGKAL,JAMBI,500,239996,SINAR MAS,GOLDEN PROFIT TRADING PTE LTD,SINGAPORE,#N/A,INDIA
2016,470329,MARUBENI,TANJUNG ENIM LESTARI,PANJANG,SUMATERA SELATAN,109,48526,MARUBENI,MARUBENI CORP,JAPAN,#N/A,INDIA
2016,470329,SINAR MAS,LONTAR PAPYRUS,KUALA TUNGKAL,JAMBI,100,48447,SINAR MAS,GOLDEN PROFIT TRADING PTE LTD,SINGAPORE,#N/A,INDIA
2016,470329,ROYAL GOLDEN EAGLE,APRIL,BUATAN,RIAU,277,113760,ROYAL GOLDEN EAGLE,APEL ENTERPRISES (SINGAPORE) PTE LTD,SINGAPORE,#N/A,IRAN
2016,470329,SINAR MAS,LONTAR PAPYRUS,KUALA TUNGKAL,JAMBI,501,229582,SINAR MAS,GOLDEN PROFIT TRADING PTE LTD,SINGAPORE,#N/A,BANGLADESH
2016,470329,ROYAL GOLDEN EAGLE,APRIL,BUATAN,RIAU,201,82372,ROYAL GOLDEN EAGLE,APEL ENTERPRISES (SINGAPORE) PTE LTD,SINGAPORE,#N/A,THAILAND
2016,470329,ROYAL GOLDEN EAGLE,APRIL,BUATAN,RIAU,101,41241,ROYAL GOLDEN EAGLE,APEL ENTERPRISES (SINGAPORE) PTE LTD,SINGAPORE,#N/A,INDIA
2016,470329,ROYAL GOLDEN EAGLE,APRIL,FUTONG,RIAU,4524,1854762,ROYAL GOLDEN EAGLE,ALKIRA TRADING (MACAO COMMERCIAL OFFSHORE) LTD,MACAO,#N/A,CHINA (MAINLAND)
2016,470329,ROYAL GOLDEN EAGLE,APRIL,BUATAN,RIAU,502,206014,ROYAL GOLDEN EAGLE,AP ENTERPRISES (MACAO) COMMERCIAL OFFSHORE LTD,MACAO,#N/A,BANGLADESH
2016,470329,SINAR MAS,LONTAR PAPYRUS,KUALA TUNGKAL,JAMBI,681,328776,SINAR MAS,GOLDEN PROFIT TRADING PTE LTD,SINGAPORE,#N/A,INDIA
2016,470329,MARUBENI,TANJUNG ENIM LESTARI,TANJUNG PRIOK,SUMATERA SELATAN,297,127624,MARUBENI,MARUBENI CORP,JAPAN,#N/A,VIETNAM
2016,470329,ROYAL GOLDEN EAGLE,TOBA PULP LESTARI,BELAWAN,SUMATERA UTARA,496,220883,ROYAL GOLDEN EAGLE,DP MARKETING INTERNATIONAL,MACAO,#N/A,CHINA (MAINLAND)
2016,470329,ROYAL GOLDEN EAGLE,APRIL,BUATAN,RIAU,993,407281,ROYAL GOLDEN EAGLE,ALKIRA TRADING (MACAO COMMERCIAL OFFSHORE) LTD,MACAO,#N/A,CHINA (MAINLAND)
2016,470329,ROYAL GOLDEN EAGLE,TOBA PULP LESTARI,BELAWAN,SUMATERA UTARA,496,220893,ROYAL GOLDEN EAGLE,DP MARKETING INTERNATIONAL,MACAO,#N/A,CHINA (MAINLAND)
2016,470329,ROYAL GOLDEN EAGLE,TOBA PULP LESTARI,BELAWAN,SUMATERA UTARA,746,331796,ROYAL GOLDEN EAGLE,DP MARKETING INTERNATIONAL,MACAO,#N/A,TAIWAN
2016,470329,SINAR MAS,LONTAR PAPYRUS,KUALA TUNGKAL,JAMBI,1000,423078,DRAGON CROWN HOLDINGS,DRAGON CROWN (HK) TRADING LTD,CHINA (HONG KONG),#N/A,CHINA (MAINLAND)
2016,470329,SINAR MAS,LONTAR PAPYRUS,KUALA TUNGKAL,JAMBI,1001,465573,UNKNOWN AFFILIATION,SUZHOU GUANBAO TRADING LTD,CHINA (MAINLAND),#N/A,CHINA (MAINLAND)
2016,470329,ROYAL GOLDEN EAGLE,APRIL,BUATAN,RIAU,993,407228,ROYAL GOLDEN EAGLE,ALKIRA TRADING (MACAO COMMERCIAL OFFSHORE) LTD,MACAO,#N/A,CHINA (MAINLAND)
2016,470329,ROYAL GOLDEN EAGLE,TOBA PULP LESTARI,BELAWAN,SUMATERA UTARA,496,220740,ROYAL GOLDEN EAGLE,DP MARKETING INTERNATIONAL,MACAO,#N/A,CHINA (MAINLAND)
2016,470329,SINAR MAS,INDAH KIAT,PERAWANG,RIAU,1000,484800,UNKNOWN AFFILIATION,SESHASAYEE PAPER AND BOARDS LTD,SINGAPORE,#N/A,INDIA
2016,470329,ROYAL GOLDEN EAGLE,APRIL,BUATAN,RIAU,58,23888,ROYAL GOLDEN EAGLE,APEL ENTERPRISES (SINGAPORE) PTE LTD,SINGAPORE,#N/A,DJIBOUTI
2016,470329,MARUBENI,TANJUNG ENIM LESTARI,TANJUNG PRIOK,SUMATERA SELATAN,608,258361,MARUBENI,MARUBENI CORP,JAPAN,#N/A,VIETNAM
2016,470329,SINAR MAS,INDAH KIAT,PERAWANG,RIAU,500,244931,SINAR MAS,GOLDEN PROFIT TRADING PTE LTD,SINGAPORE,#N/A,VIETNAM
2016,470329,ROYAL GOLDEN EAGLE,APRIL,BUATAN,RIAU,501,205493,ROYAL GOLDEN EAGLE,AP ENTERPRISES (MACAO) COMMERCIAL OFFSHORE LTD,MACAO,#N/A,BANGLADESH
2016,470329,SINAR MAS,LONTAR PAPYRUS,KUALA TUNGKAL,JAMBI,500,222146,DRAGON CROWN HOLDINGS,DRAGON CROWN (HK) TRADING LTD,CHINA (HONG KONG),#N/A,CHINA (MAINLAND)
2016,470329,ROYAL GOLDEN EAGLE,TOBA PULP LESTARI,BELAWAN,SUMATERA UTARA,497,221186,ROYAL GOLDEN EAGLE,DP MARKETING INTERNATIONAL,MACAO,#N/A,CHINA (MAINLAND)
2016,470329,SINAR MAS,LONTAR PAPYRUS,KUALA TUNGKAL,JAMBI,500,223702,DRAGON CROWN HOLDINGS,DRAGON CROWN (HK) TRADING LTD,CHINA (HONG KONG),#N/A,CHINA (MAINLAND)
2016,470329,ROYAL GOLDEN EAGLE,APRIL,BUATAN,RIAU,502,205708,ROYAL GOLDEN EAGLE,AP ENTERPRISES (MACAO) COMMERCIAL OFFSHORE LTD,MACAO,#N/A,BANGLADESH
2016,470329,ROYAL GOLDEN EAGLE,APRIL,BUATAN,RIAU,502,205683,ROYAL GOLDEN EAGLE,AP ENTERPRISES (MACAO) COMMERCIAL OFFSHORE LTD,MACAO,#N/A,BANGLADESH
2016,470329,ROYAL GOLDEN EAGLE,APRIL,BUATAN,RIAU,502,205692,ROYAL GOLDEN EAGLE,AP ENTERPRISES (MACAO) COMMERCIAL OFFSHORE LTD,MACAO,#N/A,BANGLADESH
2016,470329,SINAR MAS,INDAH KIAT,SUNGAI PAKNING,RIAU,3000,1402500,SINAR MAS,GOLDEN PROFIT TRADING PTE LTD,SINGAPORE,#N/A,SOUTH KOREA
2016,470329,SINAR MAS,INDAH KIAT,SUNGAI PAKNING,RIAU,5200,2457000,UNKNOWN AFFILIATION,SUZHOU GUANBAO TRADING LTD,CHINA (MAINLAND),#N/A,CHINA (MAINLAND)
2016,470329,ROYAL GOLDEN EAGLE,APRIL,BUATAN,RIAU,502,205798,ROYAL GOLDEN EAGLE,AP ENTERPRISES (MACAO) COMMERCIAL OFFSHORE LTD,MACAO,#N/A,BANGLADESH
2016,470329,ROYAL GOLDEN EAGLE,APRIL,BUATAN,RIAU,602,246939,ROYAL GOLDEN EAGLE,ALKIRA TRADING (MACAO COMMERCIAL OFFSHORE) LTD,MACAO,#N/A,CHINA (MAINLAND)
2016,470329,ROYAL GOLDEN EAGLE,APRIL,BUATAN,RIAU,994,407556,ROYAL GOLDEN EAGLE,ALKIRA TRADING (MACAO COMMERCIAL OFFSHORE) LTD,MACAO,#N/A,CHINA (MAINLAND)
2016,470329,ROYAL GOLDEN EAGLE,APRIL,BUATAN,RIAU,502,205883,ROYAL GOLDEN EAGLE,AP ENTERPRISES (MACAO) COMMERCIAL OFFSHORE LTD,MACAO,#N/A,BANGLADESH
2016,470329,ROYAL GOLDEN EAGLE,APRIL,BUATAN,RIAU,201,82320,ROYAL GOLDEN EAGLE,ALKIRA TRADING (MACAO COMMERCIAL OFFSHORE) LTD,MACAO,#N/A,CHINA (MAINLAND)
2016,470329,ROYAL GOLDEN EAGLE,APRIL,BUATAN,RIAU,201,82323,ROYAL GOLDEN EAGLE,ALKIRA TRADING (MACAO COMMERCIAL OFFSHORE) LTD,MACAO,#N/A,CHINA (MAINLAND)
2016,470329,ROYAL GOLDEN EAGLE,APRIL,BUATAN,RIAU,261,107133,ROYAL GOLDEN EAGLE,APEL ENTERPRISES (SINGAPORE) PTE LTD,SINGAPORE,#N/A,INDIA
2016,470329,ROYAL GOLDEN EAGLE,APRIL,BUATAN,RIAU,502,205937,ROYAL GOLDEN EAGLE,AP ENTERPRISES (MACAO) COMMERCIAL OFFSHORE LTD,MACAO,#N/A,BANGLADESH
2016,470329,MARUBENI,TANJUNG ENIM LESTARI,TARAHAN,SUMATERA SELATAN,500,214908,MARUBENI,MARUBENI CORP,JAPAN,#N/A,CHINA (MAINLAND)
2016,470329,SINAR MAS,LONTAR PAPYRUS,KUALA TUNGKAL,JAMBI,501,243566,SINAR MAS,GOLDEN PROFIT TRADING PTE LTD,SINGAPORE,#N/A,INDIA
2016,470329,SINAR MAS,LONTAR PAPYRUS,KUALA TUNGKAL,JAMBI,140,67869,SINAR MAS,GOLDEN PROFIT TRADING PTE LTD,SINGAPORE,#N/A,INDIA
2016,470329,ROYAL GOLDEN EAGLE,APRIL,BUATAN,RIAU,301,123429,ROYAL GOLDEN EAGLE,APEL ENTERPRISES (SINGAPORE) PTE LTD,SINGAPORE,#N/A,PHILIPPINES
2016,470329,MARUBENI,TANJUNG ENIM LESTARI,TARAHAN,SUMATERA SELATAN,1618,674345,MARUBENI,MARUBENI CORP,JAPAN,#N/A,CHINA (MAINLAND)
2016,470329,MARUBENI,TANJUNG ENIM LESTARI,TARAHAN,SUMATERA SELATAN,800,361375,MARUBENI,MARUBENI CORP,JAPAN,#N/A,SOUTH KOREA
2016,470329,ROYAL GOLDEN EAGLE,APRIL,BUATAN,RIAU,502,205935,ROYAL GOLDEN EAGLE,APEL ENTERPRISES (SINGAPORE) PTE LTD,SINGAPORE,#N/A,INDIA
2016,470329,SINAR MAS,LONTAR PAPYRUS,KUALA TUNGKAL,JAMBI,500,240064,SINAR MAS,GOLDEN PROFIT TRADING PTE LTD,SINGAPORE,#N/A,INDIA
2016,470329,SINAR MAS,LONTAR PAPYRUS,KUALA TUNGKAL,JAMBI,40,19376,SINAR MAS,GOLDEN PROFIT TRADING PTE LTD,SINGAPORE,#N/A,INDIA
2016,470329,MARUBENI,TANJUNG ENIM LESTARI,TARAHAN,SUMATERA SELATAN,3001,1265180,MARUBENI,MARUBENI CORP,JAPAN,#N/A,CHINA (MAINLAND)
2016,470329,ROYAL GOLDEN EAGLE,APRIL,BUATAN,RIAU,297,121762,ROYAL GOLDEN EAGLE,APEL ENTERPRISES (SINGAPORE) PTE LTD,SINGAPORE,#N/A,IRAN
2016,470329,ROYAL GOLDEN EAGLE,APRIL,BUATAN,RIAU,241,98833,ROYAL GOLDEN EAGLE,APEL ENTERPRISES (SINGAPORE) PTE LTD,SINGAPORE,#N/A,MALAYSIA
2016,470329,SINAR MAS,LONTAR PAPYRUS,KUALA TUNGKAL,JAMBI,400,184105,SINAR MAS,GOLDEN PROFIT TRADING PTE LTD,SINGAPORE,#N/A,UNITED ARAB EMIRATES
2016,470329,SINAR MAS,LONTAR PAPYRUS,KUALA TUNGKAL,JAMBI,240,117409,SINAR MAS,GOLDEN PROFIT TRADING PTE LTD,SINGAPORE,#N/A,INDIA
2016,470329,ROYAL GOLDEN EAGLE,APRIL,BUATAN,RIAU,502,205955,ROYAL GOLDEN EAGLE,AP ENTERPRISES (MACAO) COMMERCIAL OFFSHORE LTD,MACAO,#N/A,BANGLADESH
2016,470329,MARUBENI,TANJUNG ENIM LESTARI,TARAHAN,SUMATERA SELATAN,201,90736,MARUBENI,MARUBENI CORP,JAPAN,#N/A,SOUTH KOREA
2016,470329,ROYAL GOLDEN EAGLE,APRIL,BUATAN,RIAU,502,205906,ROYAL GOLDEN EAGLE,APEL ENTERPRISES (SINGAPORE) PTE LTD,SINGAPORE,#N/A,INDIA
2016,470329,ROYAL GOLDEN EAGLE,APRIL,BUATAN,RIAU,502,205959,ROYAL GOLDEN EAGLE,APEL ENTERPRISES (SINGAPORE) PTE LTD,SINGAPORE,#N/A,THAILAND
2016,470329,SINAR MAS,INDAH KIAT,SUNGAI PAKNING,RIAU,3100,1475600,UNKNOWN AFFILIATION,NINGBO CROWN OF CHINA ENERGY CO LTD,CHINA (MAINLAND),#N/A,CHINA (MAINLAND)
2016,470329,ROYAL GOLDEN EAGLE,APRIL,BUATAN,RIAU,502,205829,ROYAL GOLDEN EAGLE,AP ENTERPRISES (MACAO) COMMERCIAL OFFSHORE LTD,MACAO,#N/A,BANGLADESH
2016,470329,MARUBENI,TANJUNG ENIM LESTARI,TARAHAN,SUMATERA SELATAN,499,212445,MARUBENI,MARUBENI CORP,JAPAN,#N/A,CHINA (MAINLAND)
2016,470329,MARUBENI,TANJUNG ENIM LESTARI,TARAHAN,SUMATERA SELATAN,1425,622550,MARUBENI,MARUBENI CORP,JAPAN,#N/A,CHINA (MAINLAND)
2016,470329,SINAR MAS,INDAH KIAT,PERAWANG,RIAU,500,235053,SINAR MAS,KING PAPER SOURCE TRADING (SHANGHAI) CO LTD,CHINA (MAINLAND),#N/A,CHINA (MAINLAND)
2016,470329,SINAR MAS,INDAH KIAT,PERAWANG,RIAU,500,239416,SINAR MAS,GOLDEN PROFIT TRADING PTE LTD,SINGAPORE,#N/A,BANGLADESH
2016,470329,SINAR MAS,INDAH KIAT,SUNGAI PAKNING,RIAU,100,46800,SINAR MAS,GOLDEN PROFIT TRADING PTE LTD,SINGAPORE,#N/A,SOUTH KOREA
2016,470329,SINAR MAS,INDAH KIAT,SUNGAI PAKNING,RIAU,1000,468000,SINAR MAS,GOLDEN PROFIT TRADING PTE LTD,SINGAPORE,#N/A,SOUTH KOREA
2016,470329,SINAR MAS,INDAH KIAT,SUNGAI PAKNING,RIAU,3600,1713600,UNKNOWN AFFILIATION,NINGBO CROWN OF CHINA ENERGY CO LTD,CHINA (MAINLAND),#N/A,CHINA (MAINLAND)
2016,470329,ROYAL GOLDEN EAGLE,APRIL,BUATAN,RIAU,602,247007,ROYAL GOLDEN EAGLE,ALKIRA TRADING (MACAO COMMERCIAL OFFSHORE) LTD,MACAO,#N/A,CHINA (MAINLAND)
2016,470329,SINAR MAS,INDAH KIAT,PERAWANG,RIAU,100,48988,SINAR MAS,GOLDEN PROFIT TRADING PTE LTD,SINGAPORE,#N/A,VIETNAM
2016,470329,SINAR MAS,INDAH KIAT,PERAWANG,RIAU,320,156756,SINAR MAS,GOLDEN PROFIT TRADING PTE LTD,SINGAPORE,#N/A,VIETNAM
2016,470329,SINAR MAS,INDAH KIAT,SUNGAI PAKNING,RIAU,500,234000,SINAR MAS,GOLDEN PROFIT TRADING PTE LTD,SINGAPORE,#N/A,SOUTH KOREA
2016,470329,SINAR MAS,INDAH KIAT,SUNGAI PAKNING,RIAU,500,238000,UNKNOWN AFFILIATION,NINGBO CROWN OF CHINA ENERGY CO LTD,CHINA (MAINLAND),#N/A,CHINA (MAINLAND)
2016,470329,ROYAL GOLDEN EAGLE,APRIL,BUATAN,RIAU,301,120560,ROYAL GOLDEN EAGLE,ALKIRA TRADING (MACAO COMMERCIAL OFFSHORE) LTD,MACAO,#N/A,CHINA (MAINLAND)
2016,470329,MARUBENI,TANJUNG ENIM LESTARI,PANJANG,SUMATERA SELATAN,483,211419,MARUBENI,MARUBENI CORP,JAPAN,#N/A,CHINA (MAINLAND)
2016,470329,ROYAL GOLDEN EAGLE,APRIL,BUATAN,RIAU,502,205862,ROYAL GOLDEN EAGLE,AP ENTERPRISES (MACAO) COMMERCIAL OFFSHORE LTD,MACAO,#N/A,BANGLADESH
2016,470329,ROYAL GOLDEN EAGLE,TOBA PULP LESTARI,BELAWAN,SUMATERA UTARA,995,442588,ROYAL GOLDEN EAGLE,DP MARKETING INTERNATIONAL,MACAO,#N/A,CHINA (MAINLAND)
2016,470329,ROYAL GOLDEN EAGLE,APRIL,BUATAN,RIAU,1004,401557,ROYAL GOLDEN EAGLE,ALKIRA TRADING (MACAO COMMERCIAL OFFSHORE) LTD,MACAO,#N/A,CHINA (MAINLAND)
2016,470329,MARUBENI,TANJUNG ENIM LESTARI,TARAHAN,SUMATERA SELATAN,1901,830376,MARUBENI,MARUBENI CORP,JAPAN,#N/A,CHINA (MAINLAND)
2016,470329,ROYAL GOLDEN EAGLE,APRIL,FUTONG,RIAU,5025,2009805,ROYAL GOLDEN EAGLE,AP ENTERPRISES (MACAO) COMMERCIAL OFFSHORE LTD,MACAO,#N/A,SOUTH KOREA
2016,470329,ROYAL GOLDEN EAGLE,APRIL,FUTONG,RIAU,3015,1206118,ROYAL GOLDEN EAGLE,APEL ENTERPRISES (SINGAPORE) PTE LTD,SINGAPORE,#N/A,SOUTH KOREA
2016,470329,ROYAL GOLDEN EAGLE,APRIL,FUTONG,RIAU,3367,1346821,ROYAL GOLDEN EAGLE,AP ENTERPRISES (MACAO) COMMERCIAL OFFSHORE LTD,MACAO,#N/A,SOUTH KOREA
2016,470329,ROYAL GOLDEN EAGLE,APRIL,FUTONG,RIAU,3016,1206214,ROYAL GOLDEN EAGLE,AP ENTERPRISES (MACAO) COMMERCIAL OFFSHORE LTD,MACAO,#N/A,SOUTH KOREA
2016,470329,ROYAL GOLDEN EAGLE,APRIL,BUATAN,RIAU,502,200840,ROYAL GOLDEN EAGLE,AP ENTERPRISES (MACAO) COMMERCIAL OFFSHORE LTD,MACAO,#N/A,BANGLADESH
2016,470329,ROYAL GOLDEN EAGLE,APRIL,BUATAN,RIAU,502,200899,ROYAL GOLDEN EAGLE,AP ENTERPRISES (MACAO) COMMERCIAL OFFSHORE LTD,MACAO,#N/A,BANGLADESH
2016,470329,ROYAL GOLDEN EAGLE,APRIL,BUATAN,RIAU,502,205935,ROYAL GOLDEN EAGLE,AP ENTERPRISES (MACAO) COMMERCIAL OFFSHORE LTD,MACAO,#N/A,BANGLADESH
2016,470329,ROYAL GOLDEN EAGLE,APRIL,FUTONG,RIAU,4873,1949334,ROYAL GOLDEN EAGLE,AP ENTERPRISES (MACAO) COMMERCIAL OFFSHORE LTD,MACAO,#N/A,SOUTH KOREA
2016,470329,ROYAL GOLDEN EAGLE,APRIL,FUTONG,RIAU,804,321522,ROYAL GOLDEN EAGLE,APEL ENTERPRISES (SINGAPORE) PTE LTD,SINGAPORE,#N/A,SOUTH KOREA
2016,470329,ROYAL GOLDEN EAGLE,APRIL,BUATAN,RIAU,502,200812,ROYAL GOLDEN EAGLE,AP ENTERPRISES (MACAO) COMMERCIAL OFFSHORE LTD,MACAO,#N/A,BANGLADESH
2016,470329,ROYAL GOLDEN EAGLE,APRIL,BUATAN,RIAU,502,205846,ROYAL GOLDEN EAGLE,AP ENTERPRISES (MACAO) COMMERCIAL OFFSHORE LTD,MACAO,#N/A,BANGLADESH
2016,470329,ROYAL GOLDEN EAGLE,APRIL,BUATAN,RIAU,1004,401522,ROYAL GOLDEN EAGLE,ALKIRA TRADING (MACAO COMMERCIAL OFFSHORE) LTD,MACAO,#N/A,CHINA (MAINLAND)
2016,470329,SINAR MAS,LONTAR PAPYRUS,KUALA TUNGKAL,JAMBI,498,234014,SINAR MAS,GOLDEN PROFIT TRADING PTE LTD,SINGAPORE,#N/A,UNITED ARAB EMIRATES
2016,470329,ROYAL GOLDEN EAGLE,APRIL,BUATAN,RIAU,100,41139,ROYAL GOLDEN EAGLE,APEL ENTERPRISES (SINGAPORE) PTE LTD,SINGAPORE,#N/A,INDIA
2016,470329,SINAR MAS,LONTAR PAPYRUS,KUALA TUNGKAL,JAMBI,500,229350,SINAR MAS,GOLDEN PROFIT TRADING PTE LTD,SINGAPORE,#N/A,BANGLADESH
2016,470329,ROYAL GOLDEN EAGLE,APRIL,BUATAN,RIAU,502,200974,ROYAL GOLDEN EAGLE,AP ENTERPRISES (MACAO) COMMERCIAL OFFSHORE LTD,MACAO,#N/A,BANGLADESH
2016,470329,SINAR MAS,LONTAR PAPYRUS,KUALA TUNGKAL,JAMBI,500,240797,SINAR MAS,GOLDEN PROFIT TRADING PTE LTD,SINGAPORE,#N/A,INDIA
2016,470329,ROYAL GOLDEN EAGLE,APRIL,BUATAN,RIAU,502,205829,ROYAL GOLDEN EAGLE,AP ENTERPRISES (MACAO) COMMERCIAL OFFSHORE LTD,MACAO,#N/A,BANGLADESH
2016,470329,ROYAL GOLDEN EAGLE,APRIL,BUATAN,RIAU,502,200777,ROYAL GOLDEN EAGLE,APEL ENTERPRISES (SINGAPORE) PTE LTD,SINGAPORE,#N/A,INDIA
2016,470329,ROYAL GOLDEN EAGLE,APRIL,BUATAN,RIAU,100,40185,ROYAL GOLDEN EAGLE,APEL ENTERPRISES (SINGAPORE) PTE LTD,SINGAPORE,#N/A,INDIA
2016,470329,ROYAL GOLDEN EAGLE,APRIL,BUATAN,RIAU,502,200852,ROYAL GOLDEN EAGLE,AP ENTERPRISES (MACAO) COMMERCIAL OFFSHORE LTD,MACAO,#N/A,BANGLADESH
2016,470329,ROYAL GOLDEN EAGLE,APRIL,BUATAN,RIAU,502,205867,ROYAL GOLDEN EAGLE,AP ENTERPRISES (MACAO) COMMERCIAL OFFSHORE LTD,MACAO,#N/A,BANGLADESH
2016,470329,ROYAL GOLDEN EAGLE,APRIL,BUATAN,RIAU,100,41157,ROYAL GOLDEN EAGLE,APEL ENTERPRISES (SINGAPORE) PTE LTD,SINGAPORE,#N/A,INDIA
2016,470329,SINAR MAS,INDAH KIAT,PERAWANG,RIAU,500,244931,SINAR MAS,GOLDEN PROFIT TRADING PTE LTD,SINGAPORE,#N/A,VIETNAM
2016,470329,ROYAL GOLDEN EAGLE,APRIL,BUATAN,RIAU,502,205788,ROYAL GOLDEN EAGLE,APEL ENTERPRISES (SINGAPORE) PTE LTD,SINGAPORE,#N/A,INDIA
2016,470329,ROYAL GOLDEN EAGLE,APRIL,BUATAN,RIAU,60,24033,ROYAL GOLDEN EAGLE,APEL ENTERPRISES (SINGAPORE) PTE LTD,SINGAPORE,#N/A,INDIA
2016,470329,ROYAL GOLDEN EAGLE,APRIL,BUATAN,RIAU,60,24062,ROYAL GOLDEN EAGLE,APEL ENTERPRISES (SINGAPORE) PTE LTD,SINGAPORE,#N/A,INDIA
2016,470329,ROYAL GOLDEN EAGLE,APRIL,BUATAN,RIAU,60,24138,ROYAL GOLDEN EAGLE,APEL ENTERPRISES (SINGAPORE) PTE LTD,SINGAPORE,#N/A,INDIA
2016,470329,ROYAL GOLDEN EAGLE,APRIL,BUATAN,RIAU,60,24704,ROYAL GOLDEN EAGLE,APEL ENTERPRISES (SINGAPORE) PTE LTD,SINGAPORE,#N/A,INDIA
2016,470329,ROYAL GOLDEN EAGLE,APRIL,BUATAN,RIAU,60,24072,ROYAL GOLDEN EAGLE,APEL ENTERPRISES (SINGAPORE) PTE LTD,SINGAPORE,#N/A,INDIA
2016,470329,ROYAL GOLDEN EAGLE,APRIL,BUATAN,RIAU,703,281046,ROYAL GOLDEN EAGLE,ALKIRA TRADING (MACAO COMMERCIAL OFFSHORE) LTD,MACAO,#N/A,CHINA (MAINLAND)
2016,470329,ROYAL GOLDEN EAGLE,APRIL,BUATAN,RIAU,60,24108,ROYAL GOLDEN EAGLE,APEL ENTERPRISES (SINGAPORE) PTE LTD,SINGAPORE,#N/A,INDIA
2016,470329,SINAR MAS,INDAH KIAT,PERAWANG,RIAU,100,50105,SINAR MAS,GOLDEN PROFIT TRADING PTE LTD,SINGAPORE,#N/A,PAKISTAN
2016,470329,SINAR MAS,INDAH KIAT,PERAWANG,RIAU,200,97972,SINAR MAS,GOLDEN PROFIT TRADING PTE LTD,SINGAPORE,#N/A,VIETNAM
2016,470329,ROYAL GOLDEN EAGLE,APRIL,BUATAN,RIAU,1508,603181,ROYAL GOLDEN EAGLE,ALKIRA TRADING (MACAO COMMERCIAL OFFSHORE) LTD,MACAO,#N/A,CHINA (MAINLAND)
2016,470329,SINAR MAS,LONTAR PAPYRUS,KUALA TUNGKAL,JAMBI,1003,445923,DRAGON CROWN HOLDINGS,DRAGON CROWN (HK) TRADING LTD,CHINA (HONG KONG),#N/A,CHINA (MAINLAND)
2016,470329,SINAR MAS,INDAH KIAT,PERAWANG,RIAU,80,40309,SINAR MAS,GOLDEN PROFIT TRADING PTE LTD,SINGAPORE,#N/A,VIETNAM
2016,470329,SINAR MAS,INDAH KIAT,PERAWANG,RIAU,1000,482800,SINAR MAS,GOLDEN PROFIT TRADING PTE LTD,SINGAPORE,#N/A,INDIA
2016,470329,SINAR MAS,LONTAR PAPYRUS,KUALA TUNGKAL,JAMBI,501,232850,SINAR MAS,GOLDEN PROFIT TRADING PTE LTD,SINGAPORE,#N/A,BANGLADESH
2016,470329,SINAR MAS,LONTAR PAPYRUS,KUALA TUNGKAL,JAMBI,500,216384,DRAGON CROWN HOLDINGS,DRAGON CROWN (HK) TRADING LTD,CHINA (HONG KONG),#N/A,CHINA (MAINLAND)
2016,470329,SINAR MAS,INDAH KIAT,PERAWANG,RIAU,240,120252,SINAR MAS,GOLDEN PROFIT TRADING PTE LTD,SINGAPORE,#N/A,PAKISTAN
2016,470329,ROYAL GOLDEN EAGLE,APRIL,BUATAN,RIAU,1507,602664,ROYAL GOLDEN EAGLE,ALKIRA TRADING (MACAO COMMERCIAL OFFSHORE) LTD,MACAO,#N/A,CHINA (MAINLAND)
2016,470329,MARUBENI,TANJUNG ENIM LESTARI,PANJANG,SUMATERA SELATAN,263,125379,MARUBENI,MARUBENI CORP,JAPAN,#N/A,MALAYSIA
2016,470329,ROYAL GOLDEN EAGLE,APRIL,BUATAN,RIAU,98,39372,ROYAL GOLDEN EAGLE,APEL ENTERPRISES (SINGAPORE) PTE LTD,SINGAPORE,#N/A,IRAN
2016,470329,ROYAL GOLDEN EAGLE,APRIL,BUATAN,RIAU,241,96412,ROYAL GOLDEN EAGLE,APEL ENTERPRISES (SINGAPORE) PTE LTD,SINGAPORE,#N/A,IRAN
2016,470329,ROYAL GOLDEN EAGLE,APRIL,BUATAN,RIAU,60,24654,ROYAL GOLDEN EAGLE,APEL ENTERPRISES (SINGAPORE) PTE LTD,SINGAPORE,#N/A,INDIA
2016,470329,ROYAL GOLDEN EAGLE,APRIL,BUATAN,RIAU,502,200984,ROYAL GOLDEN EAGLE,AP ENTERPRISES (MACAO) COMMERCIAL OFFSHORE LTD,MACAO,#N/A,BANGLADESH
2016,470329,MARUBENI,TANJUNG ENIM LESTARI,PANJANG,SUMATERA SELATAN,982,430819,MARUBENI,MARUBENI CORP,JAPAN,#N/A,CHINA (MAINLAND)
2016,470329,MARUBENI,TANJUNG ENIM LESTARI,TANJUNG PRIOK,SUMATERA SELATAN,1096,484212,MARUBENI,MARUBENI CORP,JAPAN,#N/A,CHINA (MAINLAND)
2016,470329,ROYAL GOLDEN EAGLE,APRIL,BUATAN,RIAU,1507,602706,ROYAL GOLDEN EAGLE,ALKIRA TRADING (MACAO COMMERCIAL OFFSHORE) LTD,MACAO,#N/A,CHINA (MAINLAND)
2016,470329,MARUBENI,TANJUNG ENIM LESTARI,PANJANG,SUMATERA SELATAN,106,47948,MARUBENI,MARUBENI CORP,JAPAN,#N/A,INDIA
2016,470329,ROYAL GOLDEN EAGLE,APRIL,BUATAN,RIAU,100,40176,ROYAL GOLDEN EAGLE,APEL ENTERPRISES (SINGAPORE) PTE LTD,SINGAPORE,#N/A,INDIA
2016,470329,ROYAL GOLDEN EAGLE,APRIL,BUATAN,RIAU,96,38552,ROYAL GOLDEN EAGLE,ALKIRA TRADING (MACAO COMMERCIAL OFFSHORE) LTD,MACAO,#N/A,TAIWAN
2016,470329,ROYAL GOLDEN EAGLE,APRIL,BUATAN,RIAU,402,160720,ROYAL GOLDEN EAGLE,ALKIRA TRADING (MACAO COMMERCIAL OFFSHORE) LTD,MACAO,#N/A,GREECE
2016,470329,MARUBENI,TANJUNG ENIM LESTARI,PANJANG,SUMATERA SELATAN,44,19935,MARUBENI,MARUBENI CORP,JAPAN,#N/A,INDIA
2016,470329,ROYAL GOLDEN EAGLE,APRIL,BUATAN,RIAU,502,200875,ROYAL GOLDEN EAGLE,AP ENTERPRISES (MACAO) COMMERCIAL OFFSHORE LTD,MACAO,#N/A,BANGLADESH
2016,470329,SINAR MAS,LONTAR PAPYRUS,KUALA TUNGKAL,JAMBI,500,226322,SINAR MAS,GOLDEN PROFIT TRADING PTE LTD,SINGAPORE,#N/A,BANGLADESH
2016,470329,ROYAL GOLDEN EAGLE,APRIL,BUATAN,RIAU,201,80316,ROYAL GOLDEN EAGLE,AP ENTERPRISES (MACAO) COMMERCIAL OFFSHORE LTD,MACAO,#N/A,BANGLADESH
2016,470329,ROYAL GOLDEN EAGLE,APRIL,FUTONG,RIAU,2011,804236,ROYAL GOLDEN EAGLE,ALKIRA TRADING (MACAO COMMERCIAL OFFSHORE) LTD,MACAO,#N/A,CHINA (MAINLAND)
2016,470329,ROYAL GOLDEN EAGLE,APRIL,FUTONG,RIAU,8988,3600193,ROYAL GOLDEN EAGLE,ALKIRA TRADING (MACAO COMMERCIAL OFFSHORE) LTD,MACAO,#N/A,CHINA (MAINLAND)
2016,470329,SINAR MAS,LONTAR PAPYRUS,KUALA TUNGKAL,JAMBI,260,127249,SINAR MAS,GOLDEN PROFIT TRADING PTE LTD,SINGAPORE,#N/A,INDIA
2016,470329,ROYAL GOLDEN EAGLE,APRIL,BUATAN,RIAU,963,385360,ROYAL GOLDEN EAGLE,APEL ENTERPRISES (SINGAPORE) PTE LTD,SINGAPORE,#N/A,UNITED ARAB EMIRATES
2016,470329,SINAR MAS,INDAH KIAT,PERAWANG,RIAU,1300,634900,UNKNOWN AFFILIATION,SUZHOU GUANBAO TRADING LTD,CHINA (MAINLAND),#N/A,CHINA (MAINLAND)
2016,470329,ROYAL GOLDEN EAGLE,APRIL,BUATAN,RIAU,199,79601,ROYAL GOLDEN EAGLE,APEL ENTERPRISES (SINGAPORE) PTE LTD,SINGAPORE,#N/A,INDIA
2016,470329,ROYAL GOLDEN EAGLE,APRIL,BUATAN,RIAU,598,239341,ROYAL GOLDEN EAGLE,ALKIRA TRADING (MACAO COMMERCIAL OFFSHORE) LTD,MACAO,#N/A,CHINA (MAINLAND)
2016,470329,ROYAL GOLDEN EAGLE,TOBA PULP LESTARI,BELAWAN,SUMATERA UTARA,497,215989,ROYAL GOLDEN EAGLE,DP MARKETING INTERNATIONAL,MACAO,#N/A,TAIWAN
2016,470329,SINAR MAS,LONTAR PAPYRUS,KUALA TUNGKAL,JAMBI,1001,478637,SINAR MAS,GOLDEN PROFIT TRADING PTE LTD,SINGAPORE,#N/A,INDIA
2016,470329,MARUBENI,TANJUNG ENIM LESTARI,TANJUNG PRIOK,SUMATERA SELATAN,980,423950,MARUBENI,MARUBENI CORP,JAPAN,#N/A,CHINA (MAINLAND)
2016,470329,SINAR MAS,LONTAR PAPYRUS,KUALA TUNGKAL,JAMBI,300,140354,DRAGON CROWN HOLDINGS,DRAGON CROWN (HK) TRADING LTD,CHINA (HONG KONG),#N/A,CHINA (MAINLAND)
2016,470329,SINAR MAS,LONTAR PAPYRUS,KUALA TUNGKAL,JAMBI,440,206498,UNKNOWN AFFILIATION,NINGBO CROWN OF CHINA ENERGY CO LTD,CHINA (MAINLAND),#N/A,CHINA (MAINLAND)
2016,470329,ROYAL GOLDEN EAGLE,APRIL,BUATAN,RIAU,40,16040,ROYAL GOLDEN EAGLE,APEL ENTERPRISES (SINGAPORE) PTE LTD,SINGAPORE,#N/A,INDIA
2016,470329,SINAR MAS,LONTAR PAPYRUS,KUALA TUNGKAL,JAMBI,500,239989,SINAR MAS,GOLDEN PROFIT TRADING PTE LTD,SINGAPORE,#N/A,INDIA
2016,470329,ROYAL GOLDEN EAGLE,APRIL,BUATAN,RIAU,795,318151,ROYAL GOLDEN EAGLE,ALKIRA TRADING (MACAO COMMERCIAL OFFSHORE) LTD,MACAO,#N/A,CHINA (MAINLAND)
2016,470329,ROYAL GOLDEN EAGLE,APRIL,BUATAN,RIAU,795,317950,ROYAL GOLDEN EAGLE,ALKIRA TRADING (MACAO COMMERCIAL OFFSHORE) LTD,MACAO,#N/A,CHINA (MAINLAND)
2016,470329,ROYAL GOLDEN EAGLE,TOBA PULP LESTARI,BELAWAN,SUMATERA UTARA,497,216280,ROYAL GOLDEN EAGLE,DP MARKETING INTERNATIONAL,MACAO,#N/A,TAIWAN
2016,470329,ROYAL GOLDEN EAGLE,APRIL,BUATAN,RIAU,596,244450,ROYAL GOLDEN EAGLE,APEL ENTERPRISES (SINGAPORE) PTE LTD,SINGAPORE,#N/A,EGYPT
2016,470329,SINAR MAS,INDAH KIAT,PERAWANG,RIAU,1000,482800,SINAR MAS,GOLDEN PROFIT TRADING PTE LTD,SINGAPORE,#N/A,INDIA
2016,470329,MARUBENI,TANJUNG ENIM LESTARI,TANJUNG PRIOK,SUMATERA SELATAN,501,219513,MARUBENI,MARUBENI CORP,JAPAN,#N/A,CHINA (MAINLAND)
2016,470329,ROYAL GOLDEN EAGLE,APRIL,BUATAN,RIAU,500,204852,ROYAL GOLDEN EAGLE,APEL ENTERPRISES (SINGAPORE) PTE LTD,SINGAPORE,#N/A,INDIA
2016,470329,ROYAL GOLDEN EAGLE,APRIL,BUATAN,RIAU,994,397547,ROYAL GOLDEN EAGLE,ALKIRA TRADING (MACAO COMMERCIAL OFFSHORE) LTD,MACAO,#N/A,CHINA (MAINLAND)
2016,470329,ROYAL GOLDEN EAGLE,APRIL,FUTONG,RIAU,6331,2535239,ROYAL GOLDEN EAGLE,AP ENTERPRISES (MACAO) COMMERCIAL OFFSHORE LTD,MACAO,#N/A,BANGLADESH
2016,470329,SINAR MAS,INDAH KIAT,PERAWANG,RIAU,1000,465256,SINAR MAS,KING PAPER SOURCE TRADING (SHANGHAI) CO LTD,CHINA (MAINLAND),#N/A,CHINA (MAINLAND)
2016,470329,ROYAL GOLDEN EAGLE,APRIL,BUATAN,RIAU,60,24677,ROYAL GOLDEN EAGLE,APEL ENTERPRISES (SINGAPORE) PTE LTD,SINGAPORE,#N/A,INDIA
2016,470329,ROYAL GOLDEN EAGLE,APRIL,BUATAN,RIAU,1522,609000,ROYAL GOLDEN EAGLE,ALKIRA TRADING (MACAO COMMERCIAL OFFSHORE) LTD,MACAO,#N/A,CHINA (MAINLAND)
2016,470329,ROYAL GOLDEN EAGLE,APRIL,BUATAN,RIAU,201,80306,ROYAL GOLDEN EAGLE,ALKIRA TRADING (MACAO COMMERCIAL OFFSHORE) LTD,MACAO,#N/A,GREECE
2016,470329,MARUBENI,TANJUNG ENIM LESTARI,PANJANG,SUMATERA SELATAN,979,428974,MARUBENI,MARUBENI CORP,JAPAN,#N/A,CHINA (MAINLAND)
2016,470329,ROYAL GOLDEN EAGLE,APRIL,BUATAN,RIAU,795,318116,ROYAL GOLDEN EAGLE,ALKIRA TRADING (MACAO COMMERCIAL OFFSHORE) LTD,MACAO,#N/A,CHINA (MAINLAND)
2016,470329,ROYAL GOLDEN EAGLE,APRIL,BUATAN,RIAU,1506,602202,ROYAL GOLDEN EAGLE,ALKIRA TRADING (MACAO COMMERCIAL OFFSHORE) LTD,MACAO,#N/A,CHINA (MAINLAND)
2016,470329,ROYAL GOLDEN EAGLE,APRIL,BUATAN,RIAU,241,96329,ROYAL GOLDEN EAGLE,APEL ENTERPRISES (SINGAPORE) PTE LTD,SINGAPORE,#N/A,INDIA
2016,470329,ROYAL GOLDEN EAGLE,TOBA PULP LESTARI,BELAWAN,SUMATERA UTARA,497,216234,ROYAL GOLDEN EAGLE,DP MARKETING INTERNATIONAL,MACAO,#N/A,TAIWAN
2016,470329,MARUBENI,TANJUNG ENIM LESTARI,PANJANG,SUMATERA SELATAN,700,309317,MARUBENI,MARUBENI CORP,JAPAN,#N/A,CHINA (MAINLAND)
2016,470329,MARUBENI,TANJUNG ENIM LESTARI,PANJANG,SUMATERA SELATAN,499,216139,MARUBENI,MARUBENI CORP,JAPAN,#N/A,CHINA (MAINLAND)
2016,470329,ROYAL GOLDEN EAGLE,TOBA PULP LESTARI,BELAWAN,SUMATERA UTARA,497,215999,ROYAL GOLDEN EAGLE,DP MARKETING INTERNATIONAL,MACAO,#N/A,TAIWAN
2016,470329,ROYAL GOLDEN EAGLE,APRIL,BUATAN,RIAU,993,397245,ROYAL GOLDEN EAGLE,ALKIRA TRADING (MACAO COMMERCIAL OFFSHORE) LTD,MACAO,#N/A,CHINA (MAINLAND)
2016,470329,SINAR MAS,INDAH KIAT,PERAWANG,RIAU,500,235053,SINAR MAS,KING PAPER SOURCE TRADING (SHANGHAI) CO LTD,CHINA (MAINLAND),#N/A,CHINA (MAINLAND)
2016,470329,ROYAL GOLDEN EAGLE,APRIL,BUATAN,RIAU,40,16060,ROYAL GOLDEN EAGLE,APEL ENTERPRISES (SINGAPORE) PTE LTD,SINGAPORE,#N/A,INDIA
2016,470329,MARUBENI,TANJUNG ENIM LESTARI,PANJANG,SUMATERA SELATAN,171,74540,MARUBENI,MARUBENI CORP,JAPAN,#N/A,CHINA (MAINLAND)
2016,470329,ROYAL GOLDEN EAGLE,APRIL,BUATAN,RIAU,995,397858,ROYAL GOLDEN EAGLE,ALKIRA TRADING (MACAO COMMERCIAL OFFSHORE) LTD,MACAO,#N/A,CHINA (MAINLAND)
2016,470329,ROYAL GOLDEN EAGLE,APRIL,BUATAN,RIAU,100,40186,ROYAL GOLDEN EAGLE,APEL ENTERPRISES (SINGAPORE) PTE LTD,SINGAPORE,#N/A,INDIA
2016,470329,ROYAL GOLDEN EAGLE,APRIL,BUATAN,RIAU,100,40158,ROYAL GOLDEN EAGLE,APEL ENTERPRISES (SINGAPORE) PTE LTD,SINGAPORE,#N/A,INDIA
2016,470329,ROYAL GOLDEN EAGLE,APRIL,BUATAN,RIAU,301,120456,ROYAL GOLDEN EAGLE,ALKIRA TRADING (MACAO COMMERCIAL OFFSHORE) LTD,MACAO,#N/A,CHINA (MAINLAND)
2016,470329,ROYAL GOLDEN EAGLE,APRIL,BUATAN,RIAU,994,397613,ROYAL GOLDEN EAGLE,ALKIRA TRADING (MACAO COMMERCIAL OFFSHORE) LTD,MACAO,#N/A,CHINA (MAINLAND)
2016,470329,ROYAL GOLDEN EAGLE,APRIL,BUATAN,RIAU,301,120487,ROYAL GOLDEN EAGLE,APEL ENTERPRISES (SINGAPORE) PTE LTD,SINGAPORE,#N/A,PHILIPPINES
2016,470329,ROYAL GOLDEN EAGLE,APRIL,BUATAN,RIAU,201,80284,ROYAL GOLDEN EAGLE,ALKIRA TRADING (MACAO COMMERCIAL OFFSHORE) LTD,MACAO,#N/A,CHINA (MAINLAND)
2016,470329,SINAR MAS,LONTAR PAPYRUS,KUALA TUNGKAL,JAMBI,996,442257,DRAGON CROWN HOLDINGS,DRAGON CROWN (HK) TRADING LTD,CHINA (HONG KONG),#N/A,CHINA (MAINLAND)
2016,470329,SINAR MAS,LONTAR PAPYRUS,KUALA TUNGKAL,JAMBI,499,235114,DRAGON CROWN HOLDINGS,DRAGON CROWN (HK) TRADING LTD,CHINA (HONG KONG),#N/A,CHINA (MAINLAND)
2016,470329,SINAR MAS,LONTAR PAPYRUS,KUALA TUNGKAL,JAMBI,1005,489233,SINAR MAS,GOLDEN PROFIT TRADING PTE LTD,SINGAPORE,#N/A,INDIA
2016,470329,ROYAL GOLDEN EAGLE,APRIL,FUTONG,RIAU,1507,602863,ROYAL GOLDEN EAGLE,ALKIRA TRADING (MACAO COMMERCIAL OFFSHORE) LTD,MACAO,#N/A,CHINA (MAINLAND)
2016,470329,SINAR MAS,LONTAR PAPYRUS,KUALA TUNGKAL,JAMBI,492,226534,DRAGON CROWN HOLDINGS,DRAGON CROWN (HK) TRADING LTD,CHINA (HONG KONG),#N/A,CHINA (MAINLAND)
2016,470329,ROYAL GOLDEN EAGLE,APRIL,FUTONG,RIAU,5965,2385929,ROYAL GOLDEN EAGLE,ALKIRA TRADING (MACAO COMMERCIAL OFFSHORE) LTD,MACAO,#N/A,CHINA (MAINLAND)
2016,470329,ROYAL GOLDEN EAGLE,TOBA PULP LESTARI,BELAWAN,SUMATERA UTARA,497,221020,ROYAL GOLDEN EAGLE,DP MARKETING INTERNATIONAL,MACAO,#N/A,CHINA (MAINLAND)
2016,470329,MARUBENI,TANJUNG ENIM LESTARI,TARAHAN,SUMATERA SELATAN,1399,605892,MARUBENI,MARUBENI CORP,JAPAN,#N/A,JAPAN
2016,470329,MARUBENI,TANJUNG ENIM LESTARI,TARAHAN,SUMATERA SELATAN,100,45600,MARUBENI,MARUBENI CORP,JAPAN,#N/A,JAPAN
2016,470329,MARUBENI,TANJUNG ENIM LESTARI,TARAHAN,SUMATERA SELATAN,999,432675,MARUBENI,MARUBENI CORP,JAPAN,#N/A,JAPAN
2016,470329,ROYAL GOLDEN EAGLE,APRIL,BUATAN,RIAU,994,397464,ROYAL GOLDEN EAGLE,ALKIRA TRADING (MACAO COMMERCIAL OFFSHORE) LTD,MACAO,#N/A,CHINA (MAINLAND)
2016,470329,ROYAL GOLDEN EAGLE,APRIL,BUATAN,RIAU,1005,401832,ROYAL GOLDEN EAGLE,ALKIRA TRADING (MACAO COMMERCIAL OFFSHORE) LTD,MACAO,#N/A,CHINA (MAINLAND)
2016,470329,MARUBENI,TANJUNG ENIM LESTARI,TARAHAN,SUMATERA SELATAN,599,262471,MARUBENI,MARUBENI CORP,JAPAN,#N/A,JAPAN
2016,470329,MARUBENI,TANJUNG ENIM LESTARI,TARAHAN,SUMATERA SELATAN,100,43939,MARUBENI,MARUBENI CORP,JAPAN,#N/A,TAIWAN
2016,470329,MARUBENI,TANJUNG ENIM LESTARI,TARAHAN,SUMATERA SELATAN,600,264523,MARUBENI,MARUBENI CORP,JAPAN,#N/A,TAIWAN
2016,470329,MARUBENI,TANJUNG ENIM LESTARI,TARAHAN,SUMATERA SELATAN,1999,878974,MARUBENI,MARUBENI CORP,JAPAN,#N/A,CHINA (MAINLAND)
2016,470329,MARUBENI,TANJUNG ENIM LESTARI,TARAHAN,SUMATERA SELATAN,1001,442214,MARUBENI,MARUBENI CORP,JAPAN,#N/A,TAIWAN
2016,470329,MARUBENI,TANJUNG ENIM LESTARI,TARAHAN,SUMATERA SELATAN,201,86980,MARUBENI,MARUBENI CORP,JAPAN,#N/A,JAPAN
2016,470329,MARUBENI,TANJUNG ENIM LESTARI,TARAHAN,SUMATERA SELATAN,1328,571065,MARUBENI,MARUBENI CORP,JAPAN,#N/A,CHINA (MAINLAND)
2016,470329,ROYAL GOLDEN EAGLE,TOBA PULP LESTARI,BELAWAN,SUMATERA UTARA,497,221149,ROYAL GOLDEN EAGLE,DP MARKETING INTERNATIONAL,MACAO,#N/A,CHINA (MAINLAND)
2016,470329,MARUBENI,TANJUNG ENIM LESTARI,TARAHAN,SUMATERA SELATAN,1000,440101,MARUBENI,MARUBENI CORP,JAPAN,#N/A,CHINA (MAINLAND)
2016,470329,SINAR MAS,INDAH KIAT,PERAWANG,RIAU,100,48986,SINAR MAS,GOLDEN PROFIT TRADING PTE LTD,SINGAPORE,#N/A,VIETNAM
2016,470329,SINAR MAS,LONTAR PAPYRUS,KUALA TUNGKAL,JAMBI,240,108906,SINAR MAS,GOLDEN PROFIT TRADING PTE LTD,SINGAPORE,#N/A,BANGLADESH
2016,470329,SINAR MAS,LONTAR PAPYRUS,KUALA TUNGKAL,JAMBI,500,243309,SINAR MAS,GOLDEN PROFIT TRADING PTE LTD,SINGAPORE,#N/A,INDIA
2016,470329,ROYAL GOLDEN EAGLE,APRIL,BUATAN,RIAU,100,40151,ROYAL GOLDEN EAGLE,APEL ENTERPRISES (SINGAPORE) PTE LTD,SINGAPORE,#N/A,INDIA
2016,470329,ROYAL GOLDEN EAGLE,APRIL,BUATAN,RIAU,261,104496,ROYAL GOLDEN EAGLE,APEL ENTERPRISES (SINGAPORE) PTE LTD,SINGAPORE,#N/A,INDIA
2016,470329,SINAR MAS,LONTAR PAPYRUS,KUALA TUNGKAL,JAMBI,1001,453349,SINAR MAS,GOLDEN PROFIT TRADING PTE LTD,SINGAPORE,#N/A,BANGLADESH
2016,470329,ROYAL GOLDEN EAGLE,APRIL,BUATAN,RIAU,1005,401823,ROYAL GOLDEN EAGLE,ALKIRA TRADING (MACAO COMMERCIAL OFFSHORE) LTD,MACAO,#N/A,CHINA (MAINLAND)
2016,470329,SINAR MAS,LONTAR PAPYRUS,KUALA TUNGKAL,JAMBI,300,140353,SINAR MAS,GOLDEN PROFIT TRADING PTE LTD,SINGAPORE,#N/A,INDIA
2016,470329,ROYAL GOLDEN EAGLE,APRIL,BUATAN,RIAU,301,120511,ROYAL GOLDEN EAGLE,ALKIRA TRADING (MACAO COMMERCIAL OFFSHORE) LTD,MACAO,#N/A,CHINA (MAINLAND)
2016,470329,ROYAL GOLDEN EAGLE,APRIL,BUATAN,RIAU,1507,602662,ROYAL GOLDEN EAGLE,ALKIRA TRADING (MACAO COMMERCIAL OFFSHORE) LTD,MACAO,#N/A,CHINA (MAINLAND)
2016,470329,ROYAL GOLDEN EAGLE,APRIL,BUATAN,RIAU,1004,401643,ROYAL GOLDEN EAGLE,ALKIRA TRADING (MACAO COMMERCIAL OFFSHORE) LTD,MACAO,#N/A,CHINA (MAINLAND)
2016,470329,ROYAL GOLDEN EAGLE,APRIL,BUATAN,RIAU,597,244600,ROYAL GOLDEN EAGLE,APEL ENTERPRISES (SINGAPORE) PTE LTD,SINGAPORE,#N/A,EGYPT
2016,470329,ROYAL GOLDEN EAGLE,APRIL,BUATAN,RIAU,596,238393,ROYAL GOLDEN EAGLE,ALKIRA TRADING (MACAO COMMERCIAL OFFSHORE) LTD,MACAO,#N/A,CHINA (MAINLAND)
2016,470329,ROYAL GOLDEN EAGLE,APRIL,BUATAN,RIAU,101,41220,ROYAL GOLDEN EAGLE,APEL ENTERPRISES (SINGAPORE) PTE LTD,SINGAPORE,#N/A,INDIA
2016,470329,ROYAL GOLDEN EAGLE,APRIL,BUATAN,RIAU,60,24117,ROYAL GOLDEN EAGLE,APEL ENTERPRISES (SINGAPORE) PTE LTD,SINGAPORE,#N/A,INDIA
2016,470329,ROYAL GOLDEN EAGLE,APRIL,FUTONG,RIAU,1909,763772,ROYAL GOLDEN EAGLE,ALKIRA TRADING (MACAO COMMERCIAL OFFSHORE) LTD,MACAO,#N/A,CHINA (MAINLAND)
2016,470329,ROYAL GOLDEN EAGLE,APRIL,FUTONG,RIAU,3013,1205250,ROYAL GOLDEN EAGLE,ALKIRA TRADING (MACAO COMMERCIAL OFFSHORE) LTD,MACAO,#N/A,CHINA (MAINLAND)
2016,470329,ROYAL GOLDEN EAGLE,APRIL,FUTONG,RIAU,4368,1747266,ROYAL GOLDEN EAGLE,ALKIRA TRADING (MACAO COMMERCIAL OFFSHORE) LTD,MACAO,#N/A,CHINA (MAINLAND)
2016,470329,ROYAL GOLDEN EAGLE,APRIL,BUATAN,RIAU,993,397132,ROYAL GOLDEN EAGLE,ALKIRA TRADING (MACAO COMMERCIAL OFFSHORE) LTD,MACAO,#N/A,CHINA (MAINLAND)
2016,470329,ROYAL GOLDEN EAGLE,APRIL,BUATAN,RIAU,502,200712,ROYAL GOLDEN EAGLE,APEL ENTERPRISES (SINGAPORE) PTE LTD,SINGAPORE,#N/A,VIETNAM
2016,470329,SINAR MAS,INDAH KIAT,SUNGAI PAKNING,RIAU,2500,1190000,UNKNOWN AFFILIATION,NINGBO CROWN OF CHINA ENERGY CO LTD,CHINA (MAINLAND),#N/A,CHINA (MAINLAND)
2016,470329,ROYAL GOLDEN EAGLE,APRIL,BUATAN,RIAU,702,280691,ROYAL GOLDEN EAGLE,ALKIRA TRADING (MACAO COMMERCIAL OFFSHORE) LTD,MACAO,#N/A,CHINA (MAINLAND)
2016,470329,ROYAL GOLDEN EAGLE,APRIL,BUATAN,RIAU,301,120577,ROYAL GOLDEN EAGLE,ALKIRA TRADING (MACAO COMMERCIAL OFFSHORE) LTD,MACAO,#N/A,CHINA (MAINLAND)
2016,470329,ROYAL GOLDEN EAGLE,APRIL,BUATAN,RIAU,321,128392,ROYAL GOLDEN EAGLE,APEL ENTERPRISES (SINGAPORE) PTE LTD,SINGAPORE,#N/A,UNITED ARAB EMIRATES
2016,470329,ROYAL GOLDEN EAGLE,APRIL,BUATAN,RIAU,502,200939,ROYAL GOLDEN EAGLE,APEL ENTERPRISES (SINGAPORE) PTE LTD,SINGAPORE,#N/A,INDIA
2016,470329,SINAR MAS,INDAH KIAT,SUNGAI PAKNING,RIAU,4000,1940000,UNKNOWN AFFILIATION,SUZHOU HUANG YI TRADE CO LTD,CHINA (MAINLAND),#N/A,CHINA (MAINLAND)
2016,470329,MARUBENI,TANJUNG ENIM LESTARI,PANJANG,SUMATERA SELATAN,106,48376,MARUBENI,MARUBENI CORP,JAPAN,#N/A,INDIA
2016,470329,MARUBENI,TANJUNG ENIM LESTARI,PANJANG,SUMATERA SELATAN,109,52246,MARUBENI,MARUBENI CORP,JAPAN,#N/A,INDIA
2016,470329,ROYAL GOLDEN EAGLE,APRIL,BUATAN,RIAU,502,200776,ROYAL GOLDEN EAGLE,APEL ENTERPRISES (SINGAPORE) PTE LTD,SINGAPORE,#N/A,INDIA
2016,470329,MARUBENI,TANJUNG ENIM LESTARI,PANJANG,SUMATERA SELATAN,497,224018,MARUBENI,MARUBENI CORP,JAPAN,#N/A,INDIA
2016,470329,ROYAL GOLDEN EAGLE,APRIL,BUATAN,RIAU,502,200903,ROYAL GOLDEN EAGLE,AP ENTERPRISES (MACAO) COMMERCIAL OFFSHORE LTD,MACAO,#N/A,BANGLADESH
2016,470329,ROYAL GOLDEN EAGLE,APRIL,BUATAN,RIAU,301,120468,ROYAL GOLDEN EAGLE,AP ENTERPRISES (MACAO) COMMERCIAL OFFSHORE LTD,MACAO,#N/A,BANGLADESH
2016,470329,ROYAL GOLDEN EAGLE,APRIL,BUATAN,RIAU,101,40205,ROYAL GOLDEN EAGLE,APEL ENTERPRISES (SINGAPORE) PTE LTD,SINGAPORE,#N/A,INDIA
2016,470329,ROYAL GOLDEN EAGLE,TOBA PULP LESTARI,BELAWAN,SUMATERA UTARA,197,87451,ROYAL GOLDEN EAGLE,DP MARKETING INTERNATIONAL,MACAO,#N/A,CHINA (MAINLAND)
2016,470329,SINAR MAS,INDAH KIAT,SUNGAI PAKNING,RIAU,1300,630500,UNKNOWN AFFILIATION,SUZHOU HUANG YI TRADE CO LTD,CHINA (MAINLAND),#N/A,CHINA (MAINLAND)
2016,470329,SINAR MAS,INDAH KIAT,SUNGAI PAKNING,RIAU,2500,1190000,UNKNOWN AFFILIATION,NINGBO CROWN OF CHINA ENERGY CO LTD,CHINA (MAINLAND),#N/A,CHINA (MAINLAND)
2016,470329,MARUBENI,TANJUNG ENIM LESTARI,PANJANG,SUMATERA SELATAN,495,227284,MARUBENI,MARUBENI CORP,JAPAN,#N/A,THAILAND
2016,470329,SINAR MAS,LONTAR PAPYRUS,KUALA TUNGKAL,JAMBI,561,263153,UNKNOWN AFFILIATION,NINGBO CROWN OF CHINA ENERGY CO LTD,CHINA (MAINLAND),#N/A,CHINA (MAINLAND)
2016,470329,ROYAL GOLDEN EAGLE,APRIL,BUATAN,RIAU,101,40219,ROYAL GOLDEN EAGLE,APEL ENTERPRISES (SINGAPORE) PTE LTD,SINGAPORE,#N/A,INDIA
2016,470329,SINAR MAS,LONTAR PAPYRUS,KUALA TUNGKAL,JAMBI,500,238732,SINAR MAS,GOLDEN PROFIT TRADING PTE LTD,SINGAPORE,#N/A,INDIA
2016,470329,SINAR MAS,LONTAR PAPYRUS,KUALA TUNGKAL,JAMBI,1201,563515,UNKNOWN AFFILIATION,NINGBO CROWN OF CHINA ENERGY CO LTD,CHINA (MAINLAND),#N/A,CHINA (MAINLAND)
2016,470329,ROYAL GOLDEN EAGLE,TOBA PULP LESTARI,BELAWAN,SUMATERA UTARA,442,196699,ROYAL GOLDEN EAGLE,DP MARKETING INTERNATIONAL,MACAO,#N/A,CHINA (MAINLAND)
2016,470329,ROYAL GOLDEN EAGLE,APRIL,BUATAN,RIAU,1005,402002,ROYAL GOLDEN EAGLE,ALKIRA TRADING (MACAO COMMERCIAL OFFSHORE) LTD,MACAO,#N/A,CHINA (MAINLAND)
2016,470329,ROYAL GOLDEN EAGLE,APRIL,BUATAN,RIAU,181,72276,ROYAL GOLDEN EAGLE,APEL ENTERPRISES (SINGAPORE) PTE LTD,SINGAPORE,#N/A,UNITED ARAB EMIRATES
2016,470329,ROYAL GOLDEN EAGLE,APRIL,BUATAN,RIAU,201,80358,ROYAL GOLDEN EAGLE,AP ENTERPRISES (MACAO) COMMERCIAL OFFSHORE LTD,MACAO,#N/A,BANGLADESH
2016,470329,ROYAL GOLDEN EAGLE,APRIL,BUATAN,RIAU,501,200465,ROYAL GOLDEN EAGLE,AP ENTERPRISES (MACAO) COMMERCIAL OFFSHORE LTD,MACAO,#N/A,BANGLADESH
2016,470329,ROYAL GOLDEN EAGLE,APRIL,FUTONG,RIAU,4520,1808113,ROYAL GOLDEN EAGLE,ALKIRA TRADING (MACAO COMMERCIAL OFFSHORE) LTD,MACAO,#N/A,CHINA (MAINLAND)
2016,470329,ROYAL GOLDEN EAGLE,APRIL,BUATAN,RIAU,904,361452,ROYAL GOLDEN EAGLE,APEL ENTERPRISES (SINGAPORE) PTE LTD,SINGAPORE,#N/A,UNITED ARAB EMIRATES
2016,470329,ROYAL GOLDEN EAGLE,APRIL,BUATAN,RIAU,120,48120,ROYAL GOLDEN EAGLE,ALKIRA TRADING (MACAO COMMERCIAL OFFSHORE) LTD,MACAO,#N/A,UNITED KINGDOM
2016,470329,ROYAL GOLDEN EAGLE,APRIL,BUATAN,RIAU,382,152660,ROYAL GOLDEN EAGLE,APEL ENTERPRISES (SINGAPORE) PTE LTD,SINGAPORE,#N/A,UNITED ARAB EMIRATES
2016,470329,ROYAL GOLDEN EAGLE,APRIL,BUATAN,RIAU,522,208941,ROYAL GOLDEN EAGLE,APEL ENTERPRISES (SINGAPORE) PTE LTD,SINGAPORE,#N/A,UNITED ARAB EMIRATES
2016,470329,ROYAL GOLDEN EAGLE,APRIL,BUATAN,RIAU,20,8046,ROYAL GOLDEN EAGLE,APEL ENTERPRISES (SINGAPORE) PTE LTD,SINGAPORE,#N/A,UNITED ARAB EMIRATES
2016,470329,ROYAL GOLDEN EAGLE,APRIL,BUATAN,RIAU,501,205531,ROYAL GOLDEN EAGLE,AP ENTERPRISES (MACAO) COMMERCIAL OFFSHORE LTD,MACAO,#N/A,BANGLADESH
2016,470329,ROYAL GOLDEN EAGLE,APRIL,BUATAN,RIAU,502,200789,ROYAL GOLDEN EAGLE,AP ENTERPRISES (MACAO) COMMERCIAL OFFSHORE LTD,MACAO,#N/A,BANGLADESH
2016,470329,ROYAL GOLDEN EAGLE,APRIL,BUATAN,RIAU,502,205644,ROYAL GOLDEN EAGLE,AP ENTERPRISES (MACAO) COMMERCIAL OFFSHORE LTD,MACAO,#N/A,BANGLADESH
2016,470329,SINAR MAS,INDAH KIAT,PERAWANG,RIAU,1000,481964,SINAR MAS,GOLDEN PROFIT TRADING PTE LTD,SINGAPORE,#N/A,INDIA
2016,470329,SINAR MAS,INDAH KIAT,PERAWANG,RIAU,300,146959,SINAR MAS,GOLDEN PROFIT TRADING PTE LTD,SINGAPORE,#N/A,VIETNAM
2016,470329,SINAR MAS,INDAH KIAT,PERAWANG,RIAU,500,241525,SINAR MAS,GOLDEN PROFIT TRADING PTE LTD,SINGAPORE,#N/A,SAUDI ARABIA
2016,470329,SINAR MAS,INDAH KIAT,SUNGAI PAKNING,RIAU,3500,1667750,UNKNOWN AFFILIATION,NINGBO CROWN OF CHINA ENERGY CO LTD,CHINA (MAINLAND),#N/A,CHINA (MAINLAND)
2016,470329,SINAR MAS,LONTAR PAPYRUS,KUALA TUNGKAL,JAMBI,1001,499839,UNKNOWN AFFILIATION,SUZHOU GUANBAO TRADING LTD,CHINA (MAINLAND),#N/A,CHINA (MAINLAND)
2016,470329,SINAR MAS,LONTAR PAPYRUS,KUALA TUNGKAL,JAMBI,601,284828,UNKNOWN AFFILIATION,SUZHOU HUANG YI TRADE CO LTD,CHINA (MAINLAND),#N/A,CHINA (MAINLAND)
2016,470329,ROYAL GOLDEN EAGLE,APRIL,BUATAN,RIAU,1506,602488,ROYAL GOLDEN EAGLE,ALKIRA TRADING (MACAO COMMERCIAL OFFSHORE) LTD,MACAO,#N/A,CHINA (MAINLAND)
2016,470329,ROYAL GOLDEN EAGLE,APRIL,BUATAN,RIAU,503,201034,ROYAL GOLDEN EAGLE,ALKIRA TRADING (MACAO COMMERCIAL OFFSHORE) LTD,MACAO,#N/A,CHINA (MAINLAND)
2016,470329,MARUBENI,TANJUNG ENIM LESTARI,TANJUNG PRIOK,SUMATERA SELATAN,20,9933,MARUBENI,MARUBENI CORP,JAPAN,#N/A,JAPAN
2016,470329,MARUBENI,TANJUNG ENIM LESTARI,TANJUNG PRIOK,SUMATERA SELATAN,742,331475,MARUBENI,MARUBENI CORP,JAPAN,#N/A,CHINA (MAINLAND)
2016,470329,SINAR MAS,LONTAR PAPYRUS,KUALA TUNGKAL,JAMBI,1000,467253,UNKNOWN AFFILIATION,SUZHOU GUANBAO TRADING LTD,CHINA (MAINLAND),#N/A,CHINA (MAINLAND)
2016,470329,SINAR MAS,INDAH KIAT,PERAWANG,RIAU,800,385000,SINAR MAS,GOLDEN PROFIT TRADING PTE LTD,SINGAPORE,#N/A,INDIA
2016,470329,SINAR MAS,INDAH KIAT,SUNGAI PAKNING,RIAU,2000,953000,UNKNOWN AFFILIATION,NINGBO CROWN OF CHINA ENERGY CO LTD,CHINA (MAINLAND),#N/A,CHINA (MAINLAND)
2016,470329,ROYAL GOLDEN EAGLE,TOBA PULP LESTARI,BELAWAN,SUMATERA UTARA,498,216624,ROYAL GOLDEN EAGLE,DP MARKETING INTERNATIONAL,MACAO,#N/A,CHINA (MAINLAND)
2016,470329,ROYAL GOLDEN EAGLE,APRIL,BUATAN,RIAU,1004,401520,ROYAL GOLDEN EAGLE,ALKIRA TRADING (MACAO COMMERCIAL OFFSHORE) LTD,MACAO,#N/A,CHINA (MAINLAND)
2016,470329,ROYAL GOLDEN EAGLE,APRIL,FUTONG,RIAU,3013,1205077,ROYAL GOLDEN EAGLE,APEL ENTERPRISES (SINGAPORE) PTE LTD,SINGAPORE,#N/A,SOUTH KOREA
2016,470329,ROYAL GOLDEN EAGLE,APRIL,FUTONG,RIAU,3010,1204185,ROYAL GOLDEN EAGLE,AP ENTERPRISES (MACAO) COMMERCIAL OFFSHORE LTD,MACAO,#N/A,SOUTH KOREA
2016,470329,ROYAL GOLDEN EAGLE,APRIL,BUATAN,RIAU,100,40192,ROYAL GOLDEN EAGLE,APEL ENTERPRISES (SINGAPORE) PTE LTD,SINGAPORE,#N/A,INDIA
2016,470329,ROYAL GOLDEN EAGLE,APRIL,BUATAN,RIAU,201,80342,ROYAL GOLDEN EAGLE,APEL ENTERPRISES (SINGAPORE) PTE LTD,SINGAPORE,#N/A,THAILAND
2016,470329,SINAR MAS,INDAH KIAT,SUNGAI PAKNING,RIAU,1500,714750,UNKNOWN AFFILIATION,NINGBO CROWN OF CHINA ENERGY CO LTD,CHINA (MAINLAND),#N/A,CHINA (MAINLAND)
2016,470329,SINAR MAS,INDAH KIAT,SUNGAI PAKNING,RIAU,3500,1667750,UNKNOWN AFFILIATION,NINGBO CROWN OF CHINA ENERGY CO LTD,CHINA (MAINLAND),#N/A,CHINA (MAINLAND)
2016,470329,ROYAL GOLDEN EAGLE,APRIL,BUATAN,RIAU,100,40104,ROYAL GOLDEN EAGLE,APEL ENTERPRISES (SINGAPORE) PTE LTD,SINGAPORE,#N/A,INDIA
2016,470329,ROYAL GOLDEN EAGLE,APRIL,BUATAN,RIAU,1002,400730,ROYAL GOLDEN EAGLE,ALKIRA TRADING (MACAO COMMERCIAL OFFSHORE) LTD,MACAO,#N/A,CHINA (MAINLAND)
2016,470329,ROYAL GOLDEN EAGLE,APRIL,BUATAN,RIAU,201,80352,ROYAL GOLDEN EAGLE,APEL ENTERPRISES (SINGAPORE) PTE LTD,SINGAPORE,#N/A,INDIA
2016,470329,ROYAL GOLDEN EAGLE,APRIL,BUATAN,RIAU,60,24144,ROYAL GOLDEN EAGLE,APEL ENTERPRISES (SINGAPORE) PTE LTD,SINGAPORE,#N/A,INDIA
2016,470329,ROYAL GOLDEN EAGLE,APRIL,FUTONG,RIAU,3265,1316094,ROYAL GOLDEN EAGLE,APEL ENTERPRISES (SINGAPORE) PTE LTD,SINGAPORE,#N/A,JAPAN
2016,470329,ROYAL GOLDEN EAGLE,APRIL,FUTONG,RIAU,1156,462406,ROYAL GOLDEN EAGLE,APEL ENTERPRISES (SINGAPORE) PTE LTD,SINGAPORE,#N/A,JAPAN
2016,470329,ROYAL GOLDEN EAGLE,APRIL,BUATAN,RIAU,502,200654,ROYAL GOLDEN EAGLE,AP ENTERPRISES (MACAO) COMMERCIAL OFFSHORE LTD,MACAO,#N/A,BANGLADESH
2016,470329,ROYAL GOLDEN EAGLE,APRIL,BUATAN,RIAU,501,200233,ROYAL GOLDEN EAGLE,AP ENTERPRISES (MACAO) COMMERCIAL OFFSHORE LTD,MACAO,#N/A,BANGLADESH
2016,470329,ROYAL GOLDEN EAGLE,APRIL,FUTONG,RIAU,3013,1205162,ROYAL GOLDEN EAGLE,ALKIRA TRADING (MACAO COMMERCIAL OFFSHORE) LTD,MACAO,#N/A,CHINA (MAINLAND)
2016,470329,ROYAL GOLDEN EAGLE,APRIL,FUTONG,RIAU,2005,802117,ROYAL GOLDEN EAGLE,ALKIRA TRADING (MACAO COMMERCIAL OFFSHORE) LTD,MACAO,#N/A,CHINA (MAINLAND)
2016,470329,ROYAL GOLDEN EAGLE,APRIL,BUATAN,RIAU,502,200803,ROYAL GOLDEN EAGLE,AP ENTERPRISES (MACAO) COMMERCIAL OFFSHORE LTD,MACAO,#N/A,BANGLADESH
2016,470329,ROYAL GOLDEN EAGLE,APRIL,FUTONG,RIAU,5522,2208950,ROYAL GOLDEN EAGLE,ALKIRA TRADING (MACAO COMMERCIAL OFFSHORE) LTD,MACAO,#N/A,CHINA (MAINLAND)
2016,470329,ROYAL GOLDEN EAGLE,APRIL,BUATAN,RIAU,100,40150,ROYAL GOLDEN EAGLE,APEL ENTERPRISES (SINGAPORE) PTE LTD,SINGAPORE,#N/A,INDIA
2016,470329,ROYAL GOLDEN EAGLE,APRIL,BUATAN,RIAU,703,281198,ROYAL GOLDEN EAGLE,ALKIRA TRADING (MACAO COMMERCIAL OFFSHORE) LTD,MACAO,#N/A,CHINA (MAINLAND)
2016,470329,ROYAL GOLDEN EAGLE,APRIL,FUTONG,RIAU,4060,1624000,ROYAL GOLDEN EAGLE,ALKIRA TRADING (MACAO COMMERCIAL OFFSHORE) LTD,MACAO,#N/A,CHINA (MAINLAND)
2016,470329,MARUBENI,TANJUNG ENIM LESTARI,TANJUNG PRIOK,SUMATERA SELATAN,507,228733,MARUBENI,MARUBENI CORP,JAPAN,#N/A,CHINA (MAINLAND)
2016,470329,SINAR MAS,LONTAR PAPYRUS,KUALA TUNGKAL,JAMBI,801,391635,UNKNOWN AFFILIATION,SUZHOU GUANBAO TRADING LTD,CHINA (MAINLAND),#N/A,CHINA (MAINLAND)
2016,470329,SINAR MAS,LONTAR PAPYRUS,KUALA TUNGKAL,JAMBI,500,225547,DRAGON CROWN HOLDINGS,DRAGON CROWN (HK) TRADING LTD,CHINA (HONG KONG),#N/A,CHINA (MAINLAND)
2016,470329,SINAR MAS,LONTAR PAPYRUS,KUALA TUNGKAL,JAMBI,1001,476621,UNKNOWN AFFILIATION,SUZHOU GUANBAO TRADING LTD,CHINA (MAINLAND),#N/A,CHINA (MAINLAND)
2016,470329,MARUBENI,TANJUNG ENIM LESTARI,PANJANG,SUMATERA SELATAN,483,199626,MARUBENI,MARUBENI CORP,JAPAN,#N/A,CHINA (MAINLAND)
2016,470329,SINAR MAS,INDAH KIAT,SUNGAI PAKNING,RIAU,5000,2377500,UNKNOWN AFFILIATION,SUZHOU HUANG YI TRADE CO LTD,CHINA (MAINLAND),#N/A,CHINA (MAINLAND)
2016,470329,SINAR MAS,INDAH KIAT,SUNGAI PAKNING,RIAU,2000,951000,SINAR MAS,KING PAPER SOURCE TRADING (SHANGHAI) CO LTD,CHINA (MAINLAND),#N/A,CHINA (MAINLAND)
2016,470329,ROYAL GOLDEN EAGLE,APRIL,BUATAN,RIAU,201,80394,ROYAL GOLDEN EAGLE,AP ENTERPRISES (MACAO) COMMERCIAL OFFSHORE LTD,MACAO,#N/A,BANGLADESH
2016,470329,MARUBENI,TANJUNG ENIM LESTARI,TANJUNG PRIOK,SUMATERA SELATAN,742,331186,MARUBENI,MARUBENI CORP,JAPAN,#N/A,CHINA (MAINLAND)
2016,470329,SINAR MAS,LONTAR PAPYRUS,KUALA TUNGKAL,JAMBI,1001,473565,UNKNOWN AFFILIATION,SUZHOU HUANG YI TRADE CO LTD,CHINA (MAINLAND),#N/A,CHINA (MAINLAND)
2016,470329,ROYAL GOLDEN EAGLE,APRIL,BUATAN,RIAU,503,201026,ROYAL GOLDEN EAGLE,AP ENTERPRISES (MACAO) COMMERCIAL OFFSHORE LTD,MACAO,#N/A,BANGLADESH
2016,470329,ROYAL GOLDEN EAGLE,APRIL,FUTONG,RIAU,7225,2895784,ROYAL GOLDEN EAGLE,ALKIRA TRADING (MACAO COMMERCIAL OFFSHORE) LTD,MACAO,#N/A,CHINA (MAINLAND)
2016,470329,ROYAL GOLDEN EAGLE,APRIL,BUATAN,RIAU,301,120490,ROYAL GOLDEN EAGLE,AP ENTERPRISES (MACAO) COMMERCIAL OFFSHORE LTD,MACAO,#N/A,BANGLADESH
2016,470329,ROYAL GOLDEN EAGLE,APRIL,BUATAN,RIAU,1004,401620,ROYAL GOLDEN EAGLE,ALKIRA TRADING (MACAO COMMERCIAL OFFSHORE) LTD,MACAO,#N/A,CHINA (MAINLAND)
2016,470329,ROYAL GOLDEN EAGLE,TOBA PULP LESTARI,BELAWAN,SUMATERA UTARA,870,387226,ROYAL GOLDEN EAGLE,DP MARKETING INTERNATIONAL,MACAO,#N/A,CHINA (MAINLAND)
2016,470329,MARUBENI,TANJUNG ENIM LESTARI,PANJANG,SUMATERA SELATAN,106,48302,MARUBENI,MARUBENI CORP,JAPAN,#N/A,INDIA
2016,470329,MARUBENI,TANJUNG ENIM LESTARI,PANJANG,SUMATERA SELATAN,109,54805,MARUBENI,MARUBENI CORP,JAPAN,#N/A,AUSTRALIA
2016,470329,MARUBENI,TANJUNG ENIM LESTARI,PANJANG,SUMATERA SELATAN,505,218678,MARUBENI,MARUBENI CORP,JAPAN,#N/A,CHINA (MAINLAND)
2016,470329,MARUBENI,TANJUNG ENIM LESTARI,PANJANG,SUMATERA SELATAN,1006,449404,MARUBENI,MARUBENI CORP,JAPAN,#N/A,CHINA (MAINLAND)
2016,470329,SINAR MAS,LONTAR PAPYRUS,KUALA TUNGKAL,JAMBI,499,243032,SINAR MAS,GOLDEN PROFIT TRADING PTE LTD,SINGAPORE,#N/A,INDIA
2016,470329,ROYAL GOLDEN EAGLE,TOBA PULP LESTARI,BELAWAN,SUMATERA UTARA,496,215817,ROYAL GOLDEN EAGLE,DP MARKETING INTERNATIONAL,MACAO,#N/A,CHINA (MAINLAND)
2016,470329,ROYAL GOLDEN EAGLE,TOBA PULP LESTARI,BELAWAN,SUMATERA UTARA,496,215975,ROYAL GOLDEN EAGLE,DP MARKETING INTERNATIONAL,MACAO,#N/A,CHINA (MAINLAND)
2016,470329,ROYAL GOLDEN EAGLE,APRIL,BUATAN,RIAU,237,94817,ROYAL GOLDEN EAGLE,APEL ENTERPRISES (SINGAPORE) PTE LTD,SINGAPORE,#N/A,IRAN
2016,470329,SINAR MAS,INDAH KIAT,SUNGAI PAKNING,RIAU,6300,3008250,UNKNOWN AFFILIATION,NINGBO CROWN OF CHINA ENERGY CO LTD,CHINA (MAINLAND),#N/A,CHINA (MAINLAND)
2016,470329,ROYAL GOLDEN EAGLE,APRIL,BUATAN,RIAU,297,118888,ROYAL GOLDEN EAGLE,APEL ENTERPRISES (SINGAPORE) PTE LTD,SINGAPORE,#N/A,IRAN
2016,470329,SINAR MAS,LONTAR PAPYRUS,KUALA TUNGKAL,JAMBI,400,184172,SINAR MAS,GOLDEN PROFIT TRADING PTE LTD,SINGAPORE,#N/A,UNITED ARAB EMIRATES
2016,470329,MARUBENI,TANJUNG ENIM LESTARI,PANJANG,SUMATERA SELATAN,298,133907,MARUBENI,MARUBENI CORP,JAPAN,#N/A,THAILAND
2016,470329,ROYAL GOLDEN EAGLE,APRIL,BUATAN,RIAU,1507,602824,ROYAL GOLDEN EAGLE,ALKIRA TRADING (MACAO COMMERCIAL OFFSHORE) LTD,MACAO,#N/A,CHINA (MAINLAND)
2016,470329,SINAR MAS,LONTAR PAPYRUS,KUALA TUNGKAL,JAMBI,500,246246,UNKNOWN AFFILIATION,SUZHOU GUANBAO TRADING LTD,CHINA (MAINLAND),#N/A,CHINA (MAINLAND)
2016,470329,ROYAL GOLDEN EAGLE,TOBA PULP LESTARI,BELAWAN,SUMATERA UTARA,497,216179,ROYAL GOLDEN EAGLE,DP MARKETING INTERNATIONAL,MACAO,#N/A,CHINA (MAINLAND)
2016,470329,MARUBENI,TANJUNG ENIM LESTARI,PANJANG,SUMATERA SELATAN,262,124985,MARUBENI,MARUBENI CORP,JAPAN,#N/A,MALAYSIA
2016,470329,SINAR MAS,LONTAR PAPYRUS,KUALA TUNGKAL,JAMBI,260,126999,SINAR MAS,GOLDEN PROFIT TRADING PTE LTD,SINGAPORE,#N/A,PAKISTAN
2016,470329,SINAR MAS,INDAH KIAT,PERAWANG,RIAU,1000,498768,SINAR MAS,GOLDEN PROFIT TRADING PTE LTD,SINGAPORE,#N/A,INDIA
2016,470329,SINAR MAS,LONTAR PAPYRUS,KUALA TUNGKAL,JAMBI,500,242403,SINAR MAS,GOLDEN PROFIT TRADING PTE LTD,SINGAPORE,#N/A,INDIA
2016,470329,SINAR MAS,INDAH KIAT,PERAWANG,RIAU,1000,493175,UNKNOWN AFFILIATION,SUZHOU GUANBAO TRADING LTD,CHINA (MAINLAND),#N/A,CHINA (MAINLAND)
2016,470329,SINAR MAS,LONTAR PAPYRUS,KUALA TUNGKAL,JAMBI,961,455451,UNKNOWN AFFILIATION,SUZHOU HUANG YI TRADE CO LTD,CHINA (MAINLAND),#N/A,CHINA (MAINLAND)
2016,470329,SINAR MAS,INDAH KIAT,SUNGAI PAKNING,RIAU,3300,1575750,UNKNOWN AFFILIATION,NINGBO CROWN OF CHINA ENERGY CO LTD,CHINA (MAINLAND),#N/A,CHINA (MAINLAND)
2016,470329,SINAR MAS,INDAH KIAT,PERAWANG,RIAU,1000,502602,SINAR MAS,GOLDEN PROFIT TRADING PTE LTD,SINGAPORE,#N/A,BANGLADESH
2016,470329,SINAR MAS,INDAH KIAT,PERAWANG,RIAU,800,386440,SINAR MAS,GOLDEN PROFIT TRADING PTE LTD,SINGAPORE,#N/A,SAUDI ARABIA
2016,470329,SINAR MAS,INDAH KIAT,PERAWANG,RIAU,1200,579660,SINAR MAS,GOLDEN PROFIT TRADING PTE LTD,SINGAPORE,#N/A,SAUDI ARABIA
2016,470329,SINAR MAS,INDAH KIAT,PERAWANG,RIAU,500,243406,SINAR MAS,GOLDEN PROFIT TRADING PTE LTD,SINGAPORE,#N/A,INDIA
2016,470329,SINAR MAS,LONTAR PAPYRUS,KUALA TUNGKAL,JAMBI,500,246281,UNKNOWN AFFILIATION,SUZHOU GUANBAO TRADING LTD,CHINA (MAINLAND),#N/A,CHINA (MAINLAND)
2016,470329,ROYAL GOLDEN EAGLE,APRIL,BUATAN,RIAU,804,321424,ROYAL GOLDEN EAGLE,ALKIRA TRADING (MACAO COMMERCIAL OFFSHORE) LTD,MACAO,#N/A,CHINA (MAINLAND)
2016,470329,ROYAL GOLDEN EAGLE,APRIL,BUATAN,RIAU,502,200943,ROYAL GOLDEN EAGLE,AP ENTERPRISES (MACAO) COMMERCIAL OFFSHORE LTD,MACAO,#N/A,BANGLADESH
2016,470329,ROYAL GOLDEN EAGLE,APRIL,BUATAN,RIAU,502,200858,ROYAL GOLDEN EAGLE,AP ENTERPRISES (MACAO) COMMERCIAL OFFSHORE LTD,MACAO,#N/A,BANGLADESH
2016,470329,SINAR MAS,INDAH KIAT,PERAWANG,RIAU,1000,493175,UNKNOWN AFFILIATION,SUZHOU GUANBAO TRADING LTD,CHINA (MAINLAND),#N/A,CHINA (MAINLAND)
2016,470329,SINAR MAS,LONTAR PAPYRUS,KUALA TUNGKAL,JAMBI,140,66163,UNKNOWN AFFILIATION,SUZHOU HUANG YI TRADE CO LTD,CHINA (MAINLAND),#N/A,CHINA (MAINLAND)
2016,470329,ROYAL GOLDEN EAGLE,TOBA PULP LESTARI,BELAWAN,SUMATERA UTARA,497,216026,ROYAL GOLDEN EAGLE,DP MARKETING INTERNATIONAL,MACAO,#N/A,CHINA (MAINLAND)
2016,470329,ROYAL GOLDEN EAGLE,APRIL,BUATAN,RIAU,1005,402001,ROYAL GOLDEN EAGLE,ALKIRA TRADING (MACAO COMMERCIAL OFFSHORE) LTD,MACAO,#N/A,CHINA (MAINLAND)
2016,470329,ROYAL GOLDEN EAGLE,APRIL,BUATAN,RIAU,319,127748,ROYAL GOLDEN EAGLE,AP ENTERPRISES (MACAO) COMMERCIAL OFFSHORE LTD,MACAO,#N/A,PAKISTAN
2016,470329,SINAR MAS,LONTAR PAPYRUS,KUALA TUNGKAL,JAMBI,1002,474661,UNKNOWN AFFILIATION,SUZHOU HUANG YI TRADE CO LTD,CHINA (MAINLAND),#N/A,CHINA (MAINLAND)
2016,470329,SINAR MAS,LONTAR PAPYRUS,KUALA TUNGKAL,JAMBI,500,245574,UNKNOWN AFFILIATION,SUZHOU GUANBAO TRADING LTD,CHINA (MAINLAND),#N/A,CHINA (MAINLAND)
2016,470329,ROYAL GOLDEN EAGLE,APRIL,BUATAN,RIAU,502,200844,ROYAL GOLDEN EAGLE,AP ENTERPRISES (MACAO) COMMERCIAL OFFSHORE LTD,MACAO,#N/A,BANGLADESH
2016,470329,ROYAL GOLDEN EAGLE,TOBA PULP LESTARI,BELAWAN,SUMATERA UTARA,992,431367,ROYAL GOLDEN EAGLE,DP MARKETING INTERNATIONAL,MACAO,#N/A,CHINA (MAINLAND)
2016,470329,ROYAL GOLDEN EAGLE,APRIL,BUATAN,RIAU,60,24097,ROYAL GOLDEN EAGLE,APEL ENTERPRISES (SINGAPORE) PTE LTD,SINGAPORE,#N/A,INDIA
2016,470329,ROYAL GOLDEN EAGLE,APRIL,BUATAN,RIAU,1004,401797,ROYAL GOLDEN EAGLE,ALKIRA TRADING (MACAO COMMERCIAL OFFSHORE) LTD,MACAO,#N/A,CHINA (MAINLAND)
2016,470329,ROYAL GOLDEN EAGLE,APRIL,FUTONG,RIAU,10848,4339120,ROYAL GOLDEN EAGLE,ALKIRA TRADING (MACAO COMMERCIAL OFFSHORE) LTD,MACAO,#N/A,TURKEY
2016,470329,ROYAL GOLDEN EAGLE,APRIL,FUTONG,RIAU,3370,1347920,ROYAL GOLDEN EAGLE,ALKIRA TRADING (MACAO COMMERCIAL OFFSHORE) LTD,MACAO,#N/A,CHINA (MAINLAND)
2016,470329,ROYAL GOLDEN EAGLE,APRIL,FUTONG,RIAU,2090,835906,ROYAL GOLDEN EAGLE,ALKIRA TRADING (MACAO COMMERCIAL OFFSHORE) LTD,MACAO,#N/A,CHINA (MAINLAND)
2016,470329,ROYAL GOLDEN EAGLE,APRIL,BUATAN,RIAU,502,200862,ROYAL GOLDEN EAGLE,APEL ENTERPRISES (SINGAPORE) PTE LTD,SINGAPORE,#N/A,INDIA
2016,470329,ROYAL GOLDEN EAGLE,APRIL,BUATAN,RIAU,40,16072,ROYAL GOLDEN EAGLE,APEL ENTERPRISES (SINGAPORE) PTE LTD,SINGAPORE,#N/A,INDIA
2016,470329,ROYAL GOLDEN EAGLE,APRIL,BUATAN,RIAU,96,38598,ROYAL GOLDEN EAGLE,ALKIRA TRADING (MACAO COMMERCIAL OFFSHORE) LTD,MACAO,#N/A,TAIWAN
2016,470329,ROYAL GOLDEN EAGLE,APRIL,BUATAN,RIAU,402,160839,ROYAL GOLDEN EAGLE,APEL ENTERPRISES (SINGAPORE) PTE LTD,SINGAPORE,#N/A,THAILAND
2016,470329,ROYAL GOLDEN EAGLE,APRIL,BUATAN,RIAU,60,24105,ROYAL GOLDEN EAGLE,APEL ENTERPRISES (SINGAPORE) PTE LTD,SINGAPORE,#N/A,INDIA
2016,470329,ROYAL GOLDEN EAGLE,APRIL,FUTONG,RIAU,3113,1245069,ROYAL GOLDEN EAGLE,APRIL FAR EAST MALAYSIA SDN BHD,MALAYSIA,#N/A,CHINA (MAINLAND)
2016,470329,ROYAL GOLDEN EAGLE,APRIL,BUATAN,RIAU,502,200868,ROYAL GOLDEN EAGLE,APEL ENTERPRISES (SINGAPORE) PTE LTD,SINGAPORE,#N/A,INDIA
2016,470329,ROYAL GOLDEN EAGLE,APRIL,BUATAN,RIAU,502,200977,ROYAL GOLDEN EAGLE,APEL ENTERPRISES (SINGAPORE) PTE LTD,SINGAPORE,#N/A,INDIA
2016,470329,ROYAL GOLDEN EAGLE,APRIL,BUATAN,RIAU,597,244738,ROYAL GOLDEN EAGLE,APEL ENTERPRISES (SINGAPORE) PTE LTD,SINGAPORE,#N/A,EGYPT
2016,470329,ROYAL GOLDEN EAGLE,APRIL,BUATAN,RIAU,101,40221,ROYAL GOLDEN EAGLE,APEL ENTERPRISES (SINGAPORE) PTE LTD,SINGAPORE,#N/A,INDIA
2016,470329,ROYAL GOLDEN EAGLE,APRIL,BUATAN,RIAU,201,80307,ROYAL GOLDEN EAGLE,APEL ENTERPRISES (SINGAPORE) PTE LTD,SINGAPORE,#N/A,INDIA
2016,470329,ROYAL GOLDEN EAGLE,APRIL,BUATAN,RIAU,60,24150,ROYAL GOLDEN EAGLE,APEL ENTERPRISES (SINGAPORE) PTE LTD,SINGAPORE,#N/A,INDIA
2016,470329,ROYAL GOLDEN EAGLE,APRIL,BUATAN,RIAU,502,200964,ROYAL GOLDEN EAGLE,APEL ENTERPRISES (SINGAPORE) PTE LTD,SINGAPORE,#N/A,INDIA
2016,470329,ROYAL GOLDEN EAGLE,APRIL,BUATAN,RIAU,502,200722,ROYAL GOLDEN EAGLE,AP ENTERPRISES (MACAO) COMMERCIAL OFFSHORE LTD,MACAO,#N/A,BANGLADESH
2016,470329,ROYAL GOLDEN EAGLE,APRIL,FUTONG,RIAU,13398,5359200,ROYAL GOLDEN EAGLE,ALKIRA TRADING (MACAO COMMERCIAL OFFSHORE) LTD,MACAO,#N/A,TURKEY
2016,470329,SINAR MAS,INDAH KIAT,SUNGAI PAKNING,RIAU,500,234200,SINAR MAS,GOLDEN PROFIT TRADING PTE LTD,SINGAPORE,#N/A,SOUTH KOREA
2016,470329,SINAR MAS,INDAH KIAT,SUNGAI PAKNING,RIAU,100,46840,SINAR MAS,GOLDEN PROFIT TRADING PTE LTD,SINGAPORE,#N/A,SOUTH KOREA
2016,470329,SINAR MAS,INDAH KIAT,SUNGAI PAKNING,RIAU,700,333200,SINAR MAS,KING PAPER SOURCE TRADING (SHANGHAI) CO LTD,CHINA (MAINLAND),#N/A,CHINA (MAINLAND)
2016,470329,SINAR MAS,INDAH KIAT,SUNGAI PAKNING,RIAU,3000,1428000,SINAR MAS,KING PAPER SOURCE TRADING (SHANGHAI) CO LTD,CHINA (MAINLAND),#N/A,CHINA (MAINLAND)
2016,470329,SINAR MAS,INDAH KIAT,SUNGAI PAKNING,RIAU,1000,468400,SINAR MAS,GOLDEN PROFIT TRADING PTE LTD,SINGAPORE,#N/A,SOUTH KOREA
2016,470329,SINAR MAS,INDAH KIAT,SUNGAI PAKNING,RIAU,3500,1666000,UNKNOWN AFFILIATION,NINGBO CROWN OF CHINA ENERGY CO LTD,CHINA (MAINLAND),#N/A,CHINA (MAINLAND)
2016,470329,ROYAL GOLDEN EAGLE,APRIL,BUATAN,RIAU,60,24116,ROYAL GOLDEN EAGLE,APEL ENTERPRISES (SINGAPORE) PTE LTD,SINGAPORE,#N/A,INDIA
2016,470329,ROYAL GOLDEN EAGLE,APRIL,BUATAN,RIAU,60,24131,ROYAL GOLDEN EAGLE,APEL ENTERPRISES (SINGAPORE) PTE LTD,SINGAPORE,#N/A,INDIA
2016,470329,ROYAL GOLDEN EAGLE,APRIL,FUTONG,RIAU,7641,3056364,ROYAL GOLDEN EAGLE,ALKIRA TRADING (MACAO COMMERCIAL OFFSHORE) LTD,MACAO,#N/A,CHINA (MAINLAND)
2016,470329,ROYAL GOLDEN EAGLE,APRIL,BUATAN,RIAU,503,201084,ROYAL GOLDEN EAGLE,AP ENTERPRISES (MACAO) COMMERCIAL OFFSHORE LTD,MACAO,#N/A,BANGLADESH
2016,470329,ROYAL GOLDEN EAGLE,APRIL,BUATAN,RIAU,502,200835,ROYAL GOLDEN EAGLE,AP ENTERPRISES (MACAO) COMMERCIAL OFFSHORE LTD,MACAO,#N/A,BANGLADESH
2016,470329,ROYAL GOLDEN EAGLE,APRIL,BUATAN,RIAU,502,200841,ROYAL GOLDEN EAGLE,APEL ENTERPRISES (SINGAPORE) PTE LTD,SINGAPORE,#N/A,INDIA
2016,470329,ROYAL GOLDEN EAGLE,APRIL,BUATAN,RIAU,101,40260,ROYAL GOLDEN EAGLE,APEL ENTERPRISES (SINGAPORE) PTE LTD,SINGAPORE,#N/A,INDIA
2016,470329,ROYAL GOLDEN EAGLE,APRIL,FUTONG,RIAU,3080,1232094,ROYAL GOLDEN EAGLE,ALKIRA TRADING (MACAO COMMERCIAL OFFSHORE) LTD,MACAO,#N/A,CHINA (MAINLAND)
2016,470329,ROYAL GOLDEN EAGLE,APRIL,BUATAN,RIAU,1004,401771,ROYAL GOLDEN EAGLE,ALKIRA TRADING (MACAO COMMERCIAL OFFSHORE) LTD,MACAO,#N/A,CHINA (MAINLAND)
2016,470329,ROYAL GOLDEN EAGLE,APRIL,BUATAN,RIAU,398,159066,ROYAL GOLDEN EAGLE,APEL ENTERPRISES (SINGAPORE) PTE LTD,SINGAPORE,#N/A,IRAN
2016,470329,ROYAL GOLDEN EAGLE,APRIL,BUATAN,RIAU,795,317852,ROYAL GOLDEN EAGLE,ALKIRA TRADING (MACAO COMMERCIAL OFFSHORE) LTD,MACAO,#N/A,CHINA (MAINLAND)
2016,470329,ROYAL GOLDEN EAGLE,APRIL,FUTONG,RIAU,3014,1205616,ROYAL GOLDEN EAGLE,AP ENTERPRISES (MACAO) COMMERCIAL OFFSHORE LTD,MACAO,#N/A,SOUTH KOREA
2016,470329,ROYAL GOLDEN EAGLE,APRIL,FUTONG,RIAU,4720,1888164,ROYAL GOLDEN EAGLE,AP ENTERPRISES (MACAO) COMMERCIAL OFFSHORE LTD,MACAO,#N/A,SOUTH KOREA
2016,470329,ROYAL GOLDEN EAGLE,APRIL,FUTONG,RIAU,3013,1205337,ROYAL GOLDEN EAGLE,AP ENTERPRISES (MACAO) COMMERCIAL OFFSHORE LTD,MACAO,#N/A,SOUTH KOREA
2016,470329,ROYAL GOLDEN EAGLE,APRIL,BUATAN,RIAU,803,321235,ROYAL GOLDEN EAGLE,APEL ENTERPRISES (SINGAPORE) PTE LTD,SINGAPORE,#N/A,KUWAIT
2016,470329,ROYAL GOLDEN EAGLE,APRIL,FUTONG,RIAU,9343,3737246,ROYAL GOLDEN EAGLE,APEL ENTERPRISES (SINGAPORE) PTE LTD,SINGAPORE,#N/A,SOUTH KOREA
2016,470329,ROYAL GOLDEN EAGLE,APRIL,BUATAN,RIAU,1505,601851,ROYAL GOLDEN EAGLE,ALKIRA TRADING (MACAO COMMERCIAL OFFSHORE) LTD,MACAO,#N/A,CHINA (MAINLAND)
2016,470329,SINAR MAS,INDAH KIAT,PERAWANG,RIAU,780,384014,UNKNOWN AFFILIATION,SUZHOU GUANBAO TRADING LTD,CHINA (MAINLAND),#N/A,CHINA (MAINLAND)
2016,470329,ROYAL GOLDEN EAGLE,APRIL,BUATAN,RIAU,402,160752,ROYAL GOLDEN EAGLE,APEL ENTERPRISES (SINGAPORE) PTE LTD,SINGAPORE,#N/A,PHILIPPINES
2016,470329,ROYAL GOLDEN EAGLE,APRIL,BUATAN,RIAU,502,200747,ROYAL GOLDEN EAGLE,AP ENTERPRISES (MACAO) COMMERCIAL OFFSHORE LTD,MACAO,#N/A,BANGLADESH
2016,470329,ROYAL GOLDEN EAGLE,APRIL,BUATAN,RIAU,201,80274,ROYAL GOLDEN EAGLE,APEL ENTERPRISES (SINGAPORE) PTE LTD,SINGAPORE,#N/A,THAILAND
2016,470329,ROYAL GOLDEN EAGLE,APRIL,BUATAN,RIAU,993,397264,ROYAL GOLDEN EAGLE,ALKIRA TRADING (MACAO COMMERCIAL OFFSHORE) LTD,MACAO,#N/A,CHINA (MAINLAND)
2016,470329,ROYAL GOLDEN EAGLE,APRIL,BUATAN,RIAU,503,201004,ROYAL GOLDEN EAGLE,AP ENTERPRISES (MACAO) COMMERCIAL OFFSHORE LTD,MACAO,#N/A,BANGLADESH
2016,470329,ROYAL GOLDEN EAGLE,APRIL,BUATAN,RIAU,993,397267,ROYAL GOLDEN EAGLE,ALKIRA TRADING (MACAO COMMERCIAL OFFSHORE) LTD,MACAO,#N/A,CHINA (MAINLAND)
2016,470329,ROYAL GOLDEN EAGLE,APRIL,BUATAN,RIAU,994,397551,ROYAL GOLDEN EAGLE,ALKIRA TRADING (MACAO COMMERCIAL OFFSHORE) LTD,MACAO,#N/A,CHINA (MAINLAND)
2016,470329,SINAR MAS,LONTAR PAPYRUS,KUALA TUNGKAL,JAMBI,700,342403,UNKNOWN AFFILIATION,SUZHOU GUANBAO TRADING LTD,CHINA (MAINLAND),#N/A,CHINA (MAINLAND)
2016,470329,MARUBENI,TANJUNG ENIM LESTARI,PANJANG,SUMATERA SELATAN,1000,445136,MARUBENI,MARUBENI CORP,JAPAN,#N/A,CHINA (MAINLAND)
2016,470329,ROYAL GOLDEN EAGLE,APRIL,BUATAN,RIAU,993,397171,ROYAL GOLDEN EAGLE,ALKIRA TRADING (MACAO COMMERCIAL OFFSHORE) LTD,MACAO,#N/A,CHINA (MAINLAND)
2016,470329,SINAR MAS,LONTAR PAPYRUS,KUALA TUNGKAL,JAMBI,801,372886,UNKNOWN AFFILIATION,NINGBO CROWN OF CHINA ENERGY CO LTD,CHINA (MAINLAND),#N/A,CHINA (MAINLAND)
2016,470329,SINAR MAS,LONTAR PAPYRUS,KUALA TUNGKAL,JAMBI,999,459786,DRAGON CROWN HOLDINGS,DRAGON CROWN (HK) TRADING LTD,CHINA (HONG KONG),#N/A,CHINA (MAINLAND)
2016,470329,MARUBENI,TANJUNG ENIM LESTARI,PANJANG,SUMATERA SELATAN,1002,448541,MARUBENI,MARUBENI CORP,JAPAN,#N/A,CHINA (MAINLAND)
2016,470329,ROYAL GOLDEN EAGLE,APRIL,BUATAN,RIAU,993,397316,ROYAL GOLDEN EAGLE,ALKIRA TRADING (MACAO COMMERCIAL OFFSHORE) LTD,MACAO,#N/A,CHINA (MAINLAND)
2016,470329,ROYAL GOLDEN EAGLE,APRIL,BUATAN,RIAU,60,24099,ROYAL GOLDEN EAGLE,AP ENTERPRISES (MACAO) COMMERCIAL OFFSHORE LTD,MACAO,#N/A,BANGLADESH
2016,470329,ROYAL GOLDEN EAGLE,APRIL,FUTONG,RIAU,3071,1228202,ROYAL GOLDEN EAGLE,ALKIRA TRADING (MACAO COMMERCIAL OFFSHORE) LTD,MACAO,#N/A,CHINA (MAINLAND)
2016,470329,ROYAL GOLDEN EAGLE,APRIL,FUTONG,RIAU,4017,1606640,ROYAL GOLDEN EAGLE,ALKIRA TRADING (MACAO COMMERCIAL OFFSHORE) LTD,MACAO,#N/A,CHINA (MAINLAND)
2016,470329,ROYAL GOLDEN EAGLE,APRIL,FUTONG,RIAU,3015,1206018,ROYAL GOLDEN EAGLE,ALKIRA TRADING (MACAO COMMERCIAL OFFSHORE) LTD,MACAO,#N/A,CHINA (MAINLAND)
2016,470329,ROYAL GOLDEN EAGLE,APRIL,FUTONG,RIAU,6208,2483158,ROYAL GOLDEN EAGLE,AP ENTERPRISES (MACAO) COMMERCIAL OFFSHORE LTD,MACAO,#N/A,BANGLADESH
2016,470329,ROYAL GOLDEN EAGLE,TOBA PULP LESTARI,BELAWAN,SUMATERA UTARA,993,432101,ROYAL GOLDEN EAGLE,DP MARKETING INTERNATIONAL,MACAO,#N/A,CHINA (MAINLAND)
2016,470329,ROYAL GOLDEN EAGLE,APRIL,BUATAN,RIAU,40,16024,ROYAL GOLDEN EAGLE,APEL ENTERPRISES (SINGAPORE) PTE LTD,SINGAPORE,#N/A,INDIA
2016,470329,MARUBENI,TANJUNG ENIM LESTARI,PANJANG,SUMATERA SELATAN,1006,452117,MARUBENI,MARUBENI CORP,JAPAN,#N/A,THAILAND
2016,470329,SINAR MAS,INDAH KIAT,PERAWANG,RIAU,740,350089,UNKNOWN AFFILIATION,SUZHOU GUANBAO TRADING LTD,CHINA (MAINLAND),#N/A,CHINA (MAINLAND)
2016,470329,MARUBENI,TANJUNG ENIM LESTARI,PANJANG,SUMATERA SELATAN,306,138185,MARUBENI,MARUBENI CORP,JAPAN,#N/A,CHINA (MAINLAND)
2016,470329,MARUBENI,TANJUNG ENIM LESTARI,PANJANG,SUMATERA SELATAN,262,124785,MARUBENI,MARUBENI CORP,JAPAN,#N/A,MALAYSIA
2016,470329,SINAR MAS,LONTAR PAPYRUS,KUALA TUNGKAL,JAMBI,1001,474204,UNKNOWN AFFILIATION,NINGBO CROWN OF CHINA ENERGY CO LTD,CHINA (MAINLAND),#N/A,CHINA (MAINLAND)
2016,470329,ROYAL GOLDEN EAGLE,APRIL,BUATAN,RIAU,775,310024,ROYAL GOLDEN EAGLE,APEL ENTERPRISES (SINGAPORE) PTE LTD,SINGAPORE,#N/A,DJIBOUTI
2016,470329,ROYAL GOLDEN EAGLE,APRIL,BUATAN,RIAU,1005,401906,ROYAL GOLDEN EAGLE,ALKIRA TRADING (MACAO COMMERCIAL OFFSHORE) LTD,MACAO,#N/A,CHINA (MAINLAND)
2016,470329,ROYAL GOLDEN EAGLE,TOBA PULP LESTARI,BELAWAN,SUMATERA UTARA,496,220841,ROYAL GOLDEN EAGLE,DP MARKETING INTERNATIONAL,MACAO,#N/A,CHINA (MAINLAND)
2016,470329,SINAR MAS,LONTAR PAPYRUS,KUALA TUNGKAL,JAMBI,1000,434877,SINAR MAS,GOLDEN PROFIT TRADING PTE LTD,SINGAPORE,#N/A,CHINA (MAINLAND)
2016,470329,ROYAL GOLDEN EAGLE,TOBA PULP LESTARI,BELAWAN,SUMATERA UTARA,495,215530,ROYAL GOLDEN EAGLE,DP MARKETING INTERNATIONAL,MACAO,#N/A,CHINA (MAINLAND)
2016,470329,SINAR MAS,LONTAR PAPYRUS,KUALA TUNGKAL,JAMBI,500,235005,DRAGON CROWN HOLDINGS,DRAGON CROWN (HK) TRADING LTD,CHINA (HONG KONG),#N/A,CHINA (MAINLAND)
2016,470329,SINAR MAS,LONTAR PAPYRUS,KUALA TUNGKAL,JAMBI,1000,470353,DRAGON CROWN HOLDINGS,DRAGON CROWN (HK) TRADING LTD,CHINA (HONG KONG),#N/A,CHINA (MAINLAND)
2016,470329,ROYAL GOLDEN EAGLE,TOBA PULP LESTARI,BELAWAN,SUMATERA UTARA,496,220821,ROYAL GOLDEN EAGLE,DP MARKETING INTERNATIONAL,MACAO,#N/A,CHINA (MAINLAND)
2016,470329,SINAR MAS,LONTAR PAPYRUS,KUALA TUNGKAL,JAMBI,100,48627,SINAR MAS,GOLDEN PROFIT TRADING PTE LTD,SINGAPORE,#N/A,INDIA
2016,470329,ROYAL GOLDEN EAGLE,APRIL,BUATAN,RIAU,502,200774,ROYAL GOLDEN EAGLE,APEL ENTERPRISES (SINGAPORE) PTE LTD,SINGAPORE,#N/A,INDIA
2016,470329,SINAR MAS,LONTAR PAPYRUS,KUALA TUNGKAL,JAMBI,500,242419,SINAR MAS,GOLDEN PROFIT TRADING PTE LTD,SINGAPORE,#N/A,INDIA
2016,470329,SINAR MAS,INDAH KIAT,PERAWANG,RIAU,1000,486626,UNKNOWN AFFILIATION,SUZHOU HUANG YI TRADE CO LTD,CHINA (MAINLAND),#N/A,CHINA (MAINLAND)
2016,470329,ROYAL GOLDEN EAGLE,APRIL,BUATAN,RIAU,502,200904,ROYAL GOLDEN EAGLE,APEL ENTERPRISES (SINGAPORE) PTE LTD,SINGAPORE,#N/A,INDIA
2016,470329,ROYAL GOLDEN EAGLE,APRIL,BUATAN,RIAU,993,397261,ROYAL GOLDEN EAGLE,ALKIRA TRADING (MACAO COMMERCIAL OFFSHORE) LTD,MACAO,#N/A,CHINA (MAINLAND)
2016,470329,ROYAL GOLDEN EAGLE,APRIL,BUATAN,RIAU,201,80435,ROYAL GOLDEN EAGLE,APEL ENTERPRISES (SINGAPORE) PTE LTD,SINGAPORE,#N/A,INDIA
2016,470329,SINAR MAS,LONTAR PAPYRUS,KUALA TUNGKAL,JAMBI,60,27210,SINAR MAS,GOLDEN PROFIT TRADING PTE LTD,SINGAPORE,#N/A,BANGLADESH
2016,470329,ROYAL GOLDEN EAGLE,TOBA PULP LESTARI,BELAWAN,SUMATERA UTARA,497,215998,ROYAL GOLDEN EAGLE,DP MARKETING INTERNATIONAL,MACAO,#N/A,CHINA (MAINLAND)
2016,470329,ROYAL GOLDEN EAGLE,APRIL,FUTONG,RIAU,502,200782,ROYAL GOLDEN EAGLE,ALKIRA TRADING (MACAO COMMERCIAL OFFSHORE) LTD,MACAO,#N/A,CHINA (MAINLAND)
2016,470329,ROYAL GOLDEN EAGLE,APRIL,BUATAN,RIAU,502,200877,ROYAL GOLDEN EAGLE,AP ENTERPRISES (MACAO) COMMERCIAL OFFSHORE LTD,MACAO,#N/A,BANGLADESH
2016,470329,SINAR MAS,LONTAR PAPYRUS,KUALA TUNGKAL,JAMBI,500,226497,SINAR MAS,GOLDEN PROFIT TRADING PTE LTD,SINGAPORE,#N/A,BANGLADESH
2016,470329,ROYAL GOLDEN EAGLE,APRIL,BUATAN,RIAU,1004,401787,ROYAL GOLDEN EAGLE,ALKIRA TRADING (MACAO COMMERCIAL OFFSHORE) LTD,MACAO,#N/A,CHINA (MAINLAND)
2016,470329,SINAR MAS,LONTAR PAPYRUS,KUALA TUNGKAL,JAMBI,500,237193,SINAR MAS,GOLDEN PROFIT TRADING PTE LTD,SINGAPORE,#N/A,UNITED ARAB EMIRATES
2016,470329,SINAR MAS,INDAH KIAT,PERAWANG,RIAU,900,420750,UNKNOWN AFFILIATION,SUZHOU GUANBAO TRADING LTD,CHINA (MAINLAND),#N/A,CHINA (MAINLAND)
2016,470329,ROYAL GOLDEN EAGLE,APRIL,BUATAN,RIAU,502,200791,ROYAL GOLDEN EAGLE,APEL ENTERPRISES (SINGAPORE) PTE LTD,SINGAPORE,#N/A,INDIA
2016,470329,ROYAL GOLDEN EAGLE,APRIL,BUATAN,RIAU,201,80408,ROYAL GOLDEN EAGLE,APEL ENTERPRISES (SINGAPORE) PTE LTD,SINGAPORE,#N/A,INDIA
2016,470329,ROYAL GOLDEN EAGLE,TOBA PULP LESTARI,BELAWAN,SUMATERA UTARA,496,215936,ROYAL GOLDEN EAGLE,DP MARKETING INTERNATIONAL,MACAO,#N/A,CHINA (MAINLAND)
2016,470329,ROYAL GOLDEN EAGLE,APRIL,BUATAN,RIAU,723,289080,ROYAL GOLDEN EAGLE,APEL ENTERPRISES (SINGAPORE) PTE LTD,SINGAPORE,#N/A,KUWAIT
2016,470329,ROYAL GOLDEN EAGLE,APRIL,FUTONG,RIAU,5024,2009609,ROYAL GOLDEN EAGLE,APRIL FAR EAST MALAYSIA SDN BHD,MALAYSIA,#N/A,CHINA (MAINLAND)
2016,470329,ROYAL GOLDEN EAGLE,APRIL,BUATAN,RIAU,502,200863,ROYAL GOLDEN EAGLE,AP ENTERPRISES (MACAO) COMMERCIAL OFFSHORE LTD,MACAO,#N/A,BANGLADESH
2016,470329,SINAR MAS,LONTAR PAPYRUS,KUALA TUNGKAL,JAMBI,501,233401,SINAR MAS,GOLDEN PROFIT TRADING PTE LTD,SINGAPORE,#N/A,CHINA (MAINLAND)
2016,470329,ROYAL GOLDEN EAGLE,APRIL,FUTONG,RIAU,3265,1306108,ROYAL GOLDEN EAGLE,APEL ENTERPRISES (SINGAPORE) PTE LTD,SINGAPORE,#N/A,SOUTH KOREA
2016,470329,MARUBENI,TANJUNG ENIM LESTARI,TANJUNG PRIOK,SUMATERA SELATAN,720,318643,MARUBENI,MARUBENI CORP,JAPAN,#N/A,CHINA (MAINLAND)
2016,470329,ROYAL GOLDEN EAGLE,APRIL,BUATAN,RIAU,542,216857,ROYAL GOLDEN EAGLE,APEL ENTERPRISES (SINGAPORE) PTE LTD,SINGAPORE,#N/A,UNITED ARAB EMIRATES
2016,470329,ROYAL GOLDEN EAGLE,APRIL,FUTONG,RIAU,2763,1105332,ROYAL GOLDEN EAGLE,AP ENTERPRISES (MACAO) COMMERCIAL OFFSHORE LTD,MACAO,#N/A,SOUTH KOREA
2016,470329,ROYAL GOLDEN EAGLE,APRIL,BUATAN,RIAU,1004,401697,ROYAL GOLDEN EAGLE,APEL ENTERPRISES (SINGAPORE) PTE LTD,SINGAPORE,#N/A,UNITED ARAB EMIRATES
2016,470329,ROYAL GOLDEN EAGLE,TOBA PULP LESTARI,BELAWAN,SUMATERA UTARA,994,432199,ROYAL GOLDEN EAGLE,DP MARKETING INTERNATIONAL,MACAO,#N/A,CHINA (MAINLAND)
2016,470329,MARUBENI,TANJUNG ENIM LESTARI,TANJUNG PRIOK,SUMATERA SELATAN,1005,438290,MARUBENI,MARUBENI CORP,JAPAN,#N/A,CHINA (MAINLAND)
2016,470329,ROYAL GOLDEN EAGLE,APRIL,FUTONG,RIAU,4018,1607064,ROYAL GOLDEN EAGLE,AP ENTERPRISES (MACAO) COMMERCIAL OFFSHORE LTD,MACAO,#N/A,SOUTH KOREA
2016,470329,SINAR MAS,INDAH KIAT,PERAWANG,RIAU,400,190110,UNKNOWN AFFILIATION,SUZHOU HUANG YI TRADE CO LTD,CHINA (MAINLAND),#N/A,CHINA (MAINLAND)
2016,470329,ROYAL GOLDEN EAGLE,APRIL,BUATAN,RIAU,502,200880,ROYAL GOLDEN EAGLE,AP ENTERPRISES (MACAO) COMMERCIAL OFFSHORE LTD,MACAO,#N/A,BANGLADESH
2016,470329,ROYAL GOLDEN EAGLE,APRIL,BUATAN,RIAU,1192,476809,ROYAL GOLDEN EAGLE,ALKIRA TRADING (MACAO COMMERCIAL OFFSHORE) LTD,MACAO,#N/A,CHINA (MAINLAND)
2016,470329,ROYAL GOLDEN EAGLE,APRIL,BUATAN,RIAU,320,127808,ROYAL GOLDEN EAGLE,AP ENTERPRISES (MACAO) COMMERCIAL OFFSHORE LTD,MACAO,#N/A,PAKISTAN
2016,470329,ROYAL GOLDEN EAGLE,APRIL,BUATAN,RIAU,502,200748,ROYAL GOLDEN EAGLE,AP ENTERPRISES (MACAO) COMMERCIAL OFFSHORE LTD,MACAO,#N/A,BANGLADESH
2016,470329,ROYAL GOLDEN EAGLE,APRIL,BUATAN,RIAU,201,80296,ROYAL GOLDEN EAGLE,AP ENTERPRISES (MACAO) COMMERCIAL OFFSHORE LTD,MACAO,#N/A,BANGLADESH
2016,470329,SINAR MAS,LONTAR PAPYRUS,KUALA TUNGKAL,JAMBI,901,435930,UNKNOWN AFFILIATION,NINGBO CROWN OF CHINA ENERGY CO LTD,CHINA (MAINLAND),#N/A,CHINA (MAINLAND)
2016,470329,ROYAL GOLDEN EAGLE,APRIL,BUATAN,RIAU,201,80426,ROYAL GOLDEN EAGLE,APEL ENTERPRISES (SINGAPORE) PTE LTD,SINGAPORE,#N/A,THAILAND
2016,470329,MARUBENI,TANJUNG ENIM LESTARI,PANJANG,SUMATERA SELATAN,505,226697,MARUBENI,MARUBENI CORP,JAPAN,#N/A,THAILAND
2016,470329,ROYAL GOLDEN EAGLE,APRIL,BUATAN,RIAU,1004,401516,ROYAL GOLDEN EAGLE,ALKIRA TRADING (MACAO COMMERCIAL OFFSHORE) LTD,MACAO,#N/A,CHINA (MAINLAND)
2016,470329,SINAR MAS,INDAH KIAT,SUNGAI PAKNING,RIAU,3500,1683500,UNKNOWN AFFILIATION,SUZHOU GUANBAO TRADING LTD,CHINA (MAINLAND),#N/A,CHINA (MAINLAND)
2016,470329,ROYAL GOLDEN EAGLE,APRIL,BUATAN,RIAU,100,40171,ROYAL GOLDEN EAGLE,APEL ENTERPRISES (SINGAPORE) PTE LTD,SINGAPORE,#N/A,INDIA
2016,470329,MARUBENI,TANJUNG ENIM LESTARI,PANJANG,SUMATERA SELATAN,44,20167,MARUBENI,MARUBENI CORP,JAPAN,#N/A,VIETNAM
2016,470329,ROYAL GOLDEN EAGLE,APRIL,BUATAN,RIAU,502,200855,ROYAL GOLDEN EAGLE,AP ENTERPRISES (MACAO) COMMERCIAL OFFSHORE LTD,MACAO,#N/A,BANGLADESH
2016,470329,ROYAL GOLDEN EAGLE,APRIL,BUATAN,RIAU,60,24093,ROYAL GOLDEN EAGLE,AP ENTERPRISES (MACAO) COMMERCIAL OFFSHORE LTD,MACAO,#N/A,BANGLADESH
2016,470329,SINAR MAS,INDAH KIAT,PERAWANG,RIAU,400,181945,SINAR MAS,GOLDEN PROFIT TRADING PTE LTD,SINGAPORE,#N/A,SAUDI ARABIA
2016,470329,ROYAL GOLDEN EAGLE,APRIL,BUATAN,RIAU,101,40248,ROYAL GOLDEN EAGLE,ALKIRA TRADING (MACAO COMMERCIAL OFFSHORE) LTD,MACAO,#N/A,TURKEY
2016,470329,ROYAL GOLDEN EAGLE,APRIL,BUATAN,RIAU,597,244706,ROYAL GOLDEN EAGLE,APEL ENTERPRISES (SINGAPORE) PTE LTD,SINGAPORE,#N/A,EGYPT
2016,470329,ROYAL GOLDEN EAGLE,APRIL,BUATAN,RIAU,100,40197,ROYAL GOLDEN EAGLE,APEL ENTERPRISES (SINGAPORE) PTE LTD,SINGAPORE,#N/A,INDIA
2016,470329,ROYAL GOLDEN EAGLE,APRIL,BUATAN,RIAU,402,160752,ROYAL GOLDEN EAGLE,ALKIRA TRADING (MACAO COMMERCIAL OFFSHORE) LTD,MACAO,#N/A,TURKEY
2016,470329,SINAR MAS,LONTAR PAPYRUS,KUALA TUNGKAL,JAMBI,1000,502099,SINAR MAS,GOLDEN PROFIT TRADING PTE LTD,SINGAPORE,#N/A,BANGLADESH
2016,470329,SINAR MAS,LONTAR PAPYRUS,KUALA TUNGKAL,JAMBI,500,246120,SINAR MAS,GOLDEN PROFIT TRADING PTE LTD,SINGAPORE,#N/A,BANGLADESH
2016,470329,ROYAL GOLDEN EAGLE,APRIL,BUATAN,RIAU,502,200972,ROYAL GOLDEN EAGLE,AP ENTERPRISES (MACAO) COMMERCIAL OFFSHORE LTD,MACAO,#N/A,BANGLADESH
2016,470329,MARUBENI,TANJUNG ENIM LESTARI,PANJANG,SUMATERA SELATAN,43,19423,MARUBENI,MARUBENI CORP,JAPAN,#N/A,THAILAND
2016,470329,ROYAL GOLDEN EAGLE,TOBA PULP LESTARI,BELAWAN,SUMATERA UTARA,724,322172,ROYAL GOLDEN EAGLE,DP MARKETING INTERNATIONAL,MACAO,#N/A,CHINA (MAINLAND)
2016,470329,ROYAL GOLDEN EAGLE,APRIL,FUTONG,RIAU,3463,1385274,ROYAL GOLDEN EAGLE,ALKIRA TRADING (MACAO COMMERCIAL OFFSHORE) LTD,MACAO,#N/A,CHINA (MAINLAND)
2016,470329,MARUBENI,TANJUNG ENIM LESTARI,PANJANG,SUMATERA SELATAN,22,10054,MARUBENI,MARUBENI CORP,JAPAN,#N/A,INDIA
2016,470329,ROYAL GOLDEN EAGLE,APRIL,BUATAN,RIAU,40,16086,ROYAL GOLDEN EAGLE,ALKIRA TRADING (MACAO COMMERCIAL OFFSHORE) LTD,MACAO,#N/A,TURKEY
2016,470329,ROYAL GOLDEN EAGLE,APRIL,BUATAN,RIAU,201,80426,ROYAL GOLDEN EAGLE,ALKIRA TRADING (MACAO COMMERCIAL OFFSHORE) LTD,MACAO,#N/A,TURKEY
2016,470329,ROYAL GOLDEN EAGLE,APRIL,FUTONG,RIAU,2060,823879,ROYAL GOLDEN EAGLE,ALKIRA TRADING (MACAO COMMERCIAL OFFSHORE) LTD,MACAO,#N/A,CHINA (MAINLAND)
2016,470329,ROYAL GOLDEN EAGLE,TOBA PULP LESTARI,BELAWAN,SUMATERA UTARA,496,215970,ROYAL GOLDEN EAGLE,DP MARKETING INTERNATIONAL,MACAO,#N/A,CHINA (MAINLAND)
2016,470329,ROYAL GOLDEN EAGLE,APRIL,BUATAN,RIAU,1005,402022,ROYAL GOLDEN EAGLE,ALKIRA TRADING (MACAO COMMERCIAL OFFSHORE) LTD,MACAO,#N/A,CHINA (MAINLAND)
2016,470329,ROYAL GOLDEN EAGLE,APRIL,BUATAN,RIAU,1005,401899,ROYAL GOLDEN EAGLE,ALKIRA TRADING (MACAO COMMERCIAL OFFSHORE) LTD,MACAO,#N/A,CHINA (MAINLAND)
2016,470329,SINAR MAS,INDAH KIAT,SUNGAI PAKNING,RIAU,2000,942000,UNKNOWN AFFILIATION,SUZHOU GUANBAO TRADING LTD,CHINA (MAINLAND),#N/A,CHINA (MAINLAND)
2016,470329,ROYAL GOLDEN EAGLE,APRIL,FUTONG,RIAU,2009,803765,ROYAL GOLDEN EAGLE,APEL ENTERPRISES (SINGAPORE) PTE LTD,SINGAPORE,#N/A,JAPAN
2016,470329,ROYAL GOLDEN EAGLE,APRIL,BUATAN,RIAU,502,200729,ROYAL GOLDEN EAGLE,ALKIRA TRADING (MACAO COMMERCIAL OFFSHORE) LTD,MACAO,#N/A,CHINA (MAINLAND)
2016,470329,MARUBENI,TANJUNG ENIM LESTARI,PANJANG,SUMATERA SELATAN,109,49063,MARUBENI,MARUBENI CORP,JAPAN,#N/A,INDIA
2016,470329,ROYAL GOLDEN EAGLE,APRIL,BUATAN,RIAU,161,64329,ROYAL GOLDEN EAGLE,ALKIRA TRADING (MACAO COMMERCIAL OFFSHORE) LTD,MACAO,#N/A,TURKEY
2016,470329,MARUBENI,TANJUNG ENIM LESTARI,PANJANG,SUMATERA SELATAN,44,19776,MARUBENI,MARUBENI CORP,JAPAN,#N/A,THAILAND
2016,470329,SINAR MAS,INDAH KIAT,PERAWANG,RIAU,500,246571,SINAR MAS,GOLDEN PROFIT TRADING PTE LTD,SINGAPORE,#N/A,BANGLADESH
2016,470329,ROYAL GOLDEN EAGLE,APRIL,BUATAN,RIAU,161,64283,ROYAL GOLDEN EAGLE,ALKIRA TRADING (MACAO COMMERCIAL OFFSHORE) LTD,MACAO,#N/A,TURKEY
2016,470329,SINAR MAS,INDAH KIAT,SUNGAI PAKNING,RIAU,5000,2380000,SINAR MAS,KING PAPER SOURCE TRADING (SHANGHAI) CO LTD,CHINA (MAINLAND),#N/A,CHINA (MAINLAND)
2016,470329,ROYAL GOLDEN EAGLE,APRIL,FUTONG,RIAU,2008,803305,ROYAL GOLDEN EAGLE,ALKIRA TRADING (MACAO COMMERCIAL OFFSHORE) LTD,MACAO,#N/A,CHINA (MAINLAND)
2016,470329,MARUBENI,TANJUNG ENIM LESTARI,PANJANG,SUMATERA SELATAN,260,123796,MARUBENI,MARUBENI CORP,JAPAN,#N/A,MALAYSIA
2016,470329,ROYAL GOLDEN EAGLE,APRIL,BUATAN,RIAU,502,200803,ROYAL GOLDEN EAGLE,ALKIRA TRADING (MACAO COMMERCIAL OFFSHORE) LTD,MACAO,#N/A,CHINA (MAINLAND)
2016,470329,ROYAL GOLDEN EAGLE,APRIL,BUATAN,RIAU,1005,401847,ROYAL GOLDEN EAGLE,ALKIRA TRADING (MACAO COMMERCIAL OFFSHORE) LTD,MACAO,#N/A,CHINA (MAINLAND)
2016,470329,ROYAL GOLDEN EAGLE,APRIL,BUATAN,RIAU,502,200699,ROYAL GOLDEN EAGLE,ALKIRA TRADING (MACAO COMMERCIAL OFFSHORE) LTD,MACAO,#N/A,CHINA (MAINLAND)
2016,470329,ROYAL GOLDEN EAGLE,TOBA PULP LESTARI,BELAWAN,SUMATERA UTARA,991,431195,ROYAL GOLDEN EAGLE,DP MARKETING INTERNATIONAL,MACAO,#N/A,CHINA (MAINLAND)
2016,470329,ROYAL GOLDEN EAGLE,APRIL,BUATAN,RIAU,100,40153,ROYAL GOLDEN EAGLE,AP ENTERPRISES (MACAO) COMMERCIAL OFFSHORE LTD,MACAO,#N/A,BANGLADESH
2016,470329,ROYAL GOLDEN EAGLE,APRIL,BUATAN,RIAU,201,80403,ROYAL GOLDEN EAGLE,APEL ENTERPRISES (SINGAPORE) PTE LTD,SINGAPORE,#N/A,INDIA
2016,470329,ROYAL GOLDEN EAGLE,APRIL,BUATAN,RIAU,100,40133,ROYAL GOLDEN EAGLE,AP ENTERPRISES (MACAO) COMMERCIAL OFFSHORE LTD,MACAO,#N/A,BANGLADESH
2016,470329,SINAR MAS,LONTAR PAPYRUS,KUALA TUNGKAL,JAMBI,500,237286,UNKNOWN AFFILIATION,SUZHOU GUANBAO TRADING LTD,CHINA (MAINLAND),#N/A,CHINA (MAINLAND)
2016,470329,ROYAL GOLDEN EAGLE,APRIL,BUATAN,RIAU,159,63456,ROYAL GOLDEN EAGLE,APEL ENTERPRISES (SINGAPORE) PTE LTD,SINGAPORE,#N/A,IRAN
2016,470329,ROYAL GOLDEN EAGLE,APRIL,BUATAN,RIAU,1340,535920,ROYAL GOLDEN EAGLE,APEL ENTERPRISES (SINGAPORE) PTE LTD,SINGAPORE,#N/A,UNITED ARAB EMIRATES
2016,470329,ROYAL GOLDEN EAGLE,APRIL,BUATAN,RIAU,543,217058,ROYAL GOLDEN EAGLE,APEL ENTERPRISES (SINGAPORE) PTE LTD,SINGAPORE,#N/A,UNITED ARAB EMIRATES
2016,470329,SINAR MAS,LONTAR PAPYRUS,KUALA TUNGKAL,JAMBI,993,474484,SINAR MAS,GOLDEN PROFIT TRADING PTE LTD,SINGAPORE,#N/A,INDIA
2016,470329,ROYAL GOLDEN EAGLE,TOBA PULP LESTARI,BELAWAN,SUMATERA UTARA,497,216249,ROYAL GOLDEN EAGLE,DP MARKETING INTERNATIONAL,MACAO,#N/A,CHINA (MAINLAND)
2016,470329,ROYAL GOLDEN EAGLE,TOBA PULP LESTARI,BELAWAN,SUMATERA UTARA,496,215755,ROYAL GOLDEN EAGLE,DP MARKETING INTERNATIONAL,MACAO,#N/A,CHINA (MAINLAND)
2016,470329,ROYAL GOLDEN EAGLE,APRIL,BUATAN,RIAU,101,40207,ROYAL GOLDEN EAGLE,AP ENTERPRISES (MACAO) COMMERCIAL OFFSHORE LTD,MACAO,#N/A,BANGLADESH
2016,470329,ROYAL GOLDEN EAGLE,APRIL,BUATAN,RIAU,501,200249,ROYAL GOLDEN EAGLE,AP ENTERPRISES (MACAO) COMMERCIAL OFFSHORE LTD,MACAO,#N/A,BANGLADESH
2016,470329,ROYAL GOLDEN EAGLE,APRIL,BUATAN,RIAU,502,200837,ROYAL GOLDEN EAGLE,APEL ENTERPRISES (SINGAPORE) PTE LTD,SINGAPORE,#N/A,INDIA
2016,470329,SINAR MAS,INDAH KIAT,PERAWANG,RIAU,260,124260,UNKNOWN AFFILIATION,SUZHOU GUANBAO TRADING LTD,CHINA (MAINLAND),#N/A,CHINA (MAINLAND)
2016,470329,ROYAL GOLDEN EAGLE,TOBA PULP LESTARI,BELAWAN,SUMATERA UTARA,496,215883,ROYAL GOLDEN EAGLE,DP MARKETING INTERNATIONAL,MACAO,#N/A,CHINA (MAINLAND)
2016,470329,ROYAL GOLDEN EAGLE,APRIL,BUATAN,RIAU,502,200969,ROYAL GOLDEN EAGLE,AP ENTERPRISES (MACAO) COMMERCIAL OFFSHORE LTD,MACAO,#N/A,BANGLADESH
2016,470329,ROYAL GOLDEN EAGLE,APRIL,BUATAN,RIAU,502,200640,ROYAL GOLDEN EAGLE,APEL ENTERPRISES (SINGAPORE) PTE LTD,SINGAPORE,#N/A,INDIA
2016,470329,ROYAL GOLDEN EAGLE,APRIL,BUATAN,RIAU,502,200732,ROYAL GOLDEN EAGLE,AP ENTERPRISES (MACAO) COMMERCIAL OFFSHORE LTD,MACAO,#N/A,BANGLADESH
2016,470329,ROYAL GOLDEN EAGLE,APRIL,BUATAN,RIAU,201,80456,ROYAL GOLDEN EAGLE,AP ENTERPRISES (MACAO) COMMERCIAL OFFSHORE LTD,MACAO,#N/A,BANGLADESH
2016,470329,SINAR MAS,LONTAR PAPYRUS,KUALA TUNGKAL,JAMBI,500,237221,UNKNOWN AFFILIATION,SUZHOU GUANBAO TRADING LTD,CHINA (MAINLAND),#N/A,CHINA (MAINLAND)
2016,470329,ROYAL GOLDEN EAGLE,APRIL,BUATAN,RIAU,261,104280,ROYAL GOLDEN EAGLE,AP ENTERPRISES (MACAO) COMMERCIAL OFFSHORE LTD,MACAO,#N/A,BANGLADESH
2016,470329,ROYAL GOLDEN EAGLE,APRIL,FUTONG,RIAU,1005,401809,ROYAL GOLDEN EAGLE,ALKIRA TRADING (MACAO COMMERCIAL OFFSHORE) LTD,MACAO,#N/A,ITALY
2016,470329,ROYAL GOLDEN EAGLE,APRIL,FUTONG,RIAU,1005,401841,ROYAL GOLDEN EAGLE,ALKIRA TRADING (MACAO COMMERCIAL OFFSHORE) LTD,MACAO,#N/A,ITALY
2016,470329,ROYAL GOLDEN EAGLE,APRIL,FUTONG,RIAU,301,120314,ROYAL GOLDEN EAGLE,ALKIRA TRADING (MACAO COMMERCIAL OFFSHORE) LTD,MACAO,#N/A,ITALY
2016,470329,ROYAL GOLDEN EAGLE,APRIL,FUTONG,RIAU,1004,401712,ROYAL GOLDEN EAGLE,ALKIRA TRADING (MACAO COMMERCIAL OFFSHORE) LTD,MACAO,#N/A,ITALY
2016,470329,ROYAL GOLDEN EAGLE,APRIL,FUTONG,RIAU,1005,401912,ROYAL GOLDEN EAGLE,ALKIRA TRADING (MACAO COMMERCIAL OFFSHORE) LTD,MACAO,#N/A,ITALY
2016,470329,ROYAL GOLDEN EAGLE,APRIL,FUTONG,RIAU,1005,401801,ROYAL GOLDEN EAGLE,ALKIRA TRADING (MACAO COMMERCIAL OFFSHORE) LTD,MACAO,#N/A,ITALY
2016,470329,ROYAL GOLDEN EAGLE,APRIL,FUTONG,RIAU,1004,401735,ROYAL GOLDEN EAGLE,ALKIRA TRADING (MACAO COMMERCIAL OFFSHORE) LTD,MACAO,#N/A,ITALY
2016,470329,ROYAL GOLDEN EAGLE,TOBA PULP LESTARI,BELAWAN,SUMATERA UTARA,994,432315,ROYAL GOLDEN EAGLE,DP MARKETING INTERNATIONAL,MACAO,#N/A,CHINA (MAINLAND)
2016,470329,ROYAL GOLDEN EAGLE,APRIL,FUTONG,RIAU,1005,402028,ROYAL GOLDEN EAGLE,ALKIRA TRADING (MACAO COMMERCIAL OFFSHORE) LTD,MACAO,#N/A,ITALY
2016,470329,ROYAL GOLDEN EAGLE,APRIL,BUATAN,RIAU,501,200548,ROYAL GOLDEN EAGLE,AP ENTERPRISES (MACAO) COMMERCIAL OFFSHORE LTD,MACAO,#N/A,BANGLADESH
2016,470329,ROYAL GOLDEN EAGLE,APRIL,FUTONG,RIAU,1005,402070,ROYAL GOLDEN EAGLE,ALKIRA TRADING (MACAO COMMERCIAL OFFSHORE) LTD,MACAO,#N/A,ITALY
2016,470329,SINAR MAS,INDAH KIAT,PERAWANG,RIAU,220,106931,UNKNOWN AFFILIATION,SUZHOU GUANBAO TRADING LTD,CHINA (MAINLAND),#N/A,CHINA (MAINLAND)
2016,470329,ROYAL GOLDEN EAGLE,APRIL,FUTONG,RIAU,703,281221,ROYAL GOLDEN EAGLE,ALKIRA TRADING (MACAO COMMERCIAL OFFSHORE) LTD,MACAO,#N/A,ITALY
2016,470329,SINAR MAS,LONTAR PAPYRUS,KUALA TUNGKAL,JAMBI,991,468747,UNKNOWN AFFILIATION,NINGBO CROWN OF CHINA ENERGY CO LTD,CHINA (MAINLAND),#N/A,CHINA (MAINLAND)
2016,470329,SINAR MAS,LONTAR PAPYRUS,KUALA TUNGKAL,JAMBI,160,75565,UNKNOWN AFFILIATION,NINGBO CROWN OF CHINA ENERGY CO LTD,CHINA (MAINLAND),#N/A,CHINA (MAINLAND)
2016,470329,ROYAL GOLDEN EAGLE,APRIL,FUTONG,RIAU,1005,401889,ROYAL GOLDEN EAGLE,ALKIRA TRADING (MACAO COMMERCIAL OFFSHORE) LTD,MACAO,#N/A,ITALY
2016,470329,ROYAL GOLDEN EAGLE,APRIL,BUATAN,RIAU,501,200533,ROYAL GOLDEN EAGLE,ALKIRA TRADING (MACAO COMMERCIAL OFFSHORE) LTD,MACAO,#N/A,CHINA (MAINLAND)
2016,470329,MARUBENI,TANJUNG ENIM LESTARI,TARAHAN,SUMATERA SELATAN,701,312162,MARUBENI,MARUBENI CORP,JAPAN,#N/A,JAPAN
2016,470329,ROYAL GOLDEN EAGLE,APRIL,BUATAN,RIAU,1324,529677,ROYAL GOLDEN EAGLE,APEL ENTERPRISES (SINGAPORE) PTE LTD,SINGAPORE,#N/A,UNITED ARAB EMIRATES
2016,470329,MARUBENI,TANJUNG ENIM LESTARI,TARAHAN,SUMATERA SELATAN,400,189925,MARUBENI,MARUBENI CORP,JAPAN,#N/A,SOUTH KOREA
2016,470329,MARUBENI,TANJUNG ENIM LESTARI,TARAHAN,SUMATERA SELATAN,529,231157,MARUBENI,MARUBENI CORP,JAPAN,#N/A,CHINA (MAINLAND)
2016,470329,MARUBENI,TANJUNG ENIM LESTARI,TARAHAN,SUMATERA SELATAN,201,88403,MARUBENI,MARUBENI CORP,JAPAN,#N/A,JAPAN
2016,470329,MARUBENI,TANJUNG ENIM LESTARI,TARAHAN,SUMATERA SELATAN,423,193969,MARUBENI,MARUBENI CORP,JAPAN,#N/A,TAIWAN
2016,470329,MARUBENI,TANJUNG ENIM LESTARI,TARAHAN,SUMATERA SELATAN,149,65751,MARUBENI,MARUBENI CORP,JAPAN,#N/A,JAPAN
2016,470329,SINAR MAS,INDAH KIAT,PERAWANG,RIAU,600,286980,UNKNOWN AFFILIATION,SUZHOU HUANG YI TRADE CO LTD,CHINA (MAINLAND),#N/A,CHINA (MAINLAND)
2016,470329,MARUBENI,TANJUNG ENIM LESTARI,TARAHAN,SUMATERA SELATAN,1400,610164,MARUBENI,MARUBENI CORP,JAPAN,#N/A,JAPAN
2016,470329,ROYAL GOLDEN EAGLE,APRIL,BUATAN,RIAU,1304,521402,ROYAL GOLDEN EAGLE,APEL ENTERPRISES (SINGAPORE) PTE LTD,SINGAPORE,#N/A,UNITED ARAB EMIRATES
2016,470329,ROYAL GOLDEN EAGLE,APRIL,BUATAN,RIAU,1004,401512,ROYAL GOLDEN EAGLE,ALKIRA TRADING (MACAO COMMERCIAL OFFSHORE) LTD,MACAO,#N/A,CHINA (MAINLAND)
2016,470329,MARUBENI,TANJUNG ENIM LESTARI,TARAHAN,SUMATERA SELATAN,529,236882,MARUBENI,MARUBENI CORP,JAPAN,#N/A,TAIWAN
2016,470329,MARUBENI,TANJUNG ENIM LESTARI,TARAHAN,SUMATERA SELATAN,1589,688119,MARUBENI,MARUBENI CORP,JAPAN,#N/A,CHINA (MAINLAND)
2016,470329,MARUBENI,TANJUNG ENIM LESTARI,TARAHAN,SUMATERA SELATAN,399,189288,MARUBENI,MARUBENI CORP,JAPAN,#N/A,SOUTH KOREA
2016,470329,MARUBENI,TANJUNG ENIM LESTARI,TARAHAN,SUMATERA SELATAN,100,47536,MARUBENI,MARUBENI CORP,JAPAN,#N/A,SOUTH KOREA
2016,470329,MARUBENI,TANJUNG ENIM LESTARI,TARAHAN,SUMATERA SELATAN,349,153905,MARUBENI,MARUBENI CORP,JAPAN,#N/A,JAPAN
2016,470329,MARUBENI,TANJUNG ENIM LESTARI,TARAHAN,SUMATERA SELATAN,100,47569,MARUBENI,MARUBENI CORP,JAPAN,#N/A,SOUTH KOREA
2016,470329,MARUBENI,TANJUNG ENIM LESTARI,TARAHAN,SUMATERA SELATAN,350,154224,MARUBENI,MARUBENI CORP,JAPAN,#N/A,JAPAN
2016,470329,MARUBENI,TANJUNG ENIM LESTARI,TARAHAN,SUMATERA SELATAN,120,55700,MARUBENI,MARUBENI CORP,JAPAN,#N/A,JAPAN
2016,470329,ROYAL GOLDEN EAGLE,APRIL,BUATAN,RIAU,502,200814,ROYAL GOLDEN EAGLE,AP ENTERPRISES (MACAO) COMMERCIAL OFFSHORE LTD,MACAO,#N/A,BANGLADESH
2016,470329,MARUBENI,TANJUNG ENIM LESTARI,TARAHAN,SUMATERA SELATAN,999,448227,MARUBENI,MARUBENI CORP,JAPAN,#N/A,TAIWAN
2016,470329,ROYAL GOLDEN EAGLE,TOBA PULP LESTARI,BELAWAN,SUMATERA UTARA,498,216510,ROYAL GOLDEN EAGLE,DP MARKETING INTERNATIONAL,MACAO,#N/A,CHINA (MAINLAND)
2016,470329,SINAR MAS,INDAH KIAT,PERAWANG,RIAU,700,334635,UNKNOWN AFFILIATION,SUZHOU HUANG YI TRADE CO LTD,CHINA (MAINLAND),#N/A,CHINA (MAINLAND)
2016,470329,MARUBENI,TANJUNG ENIM LESTARI,PANJANG,SUMATERA SELATAN,109,49786,MARUBENI,MARUBENI CORP,JAPAN,#N/A,INDIA
2016,470329,ROYAL GOLDEN EAGLE,APRIL,BUATAN,RIAU,101,40246,ROYAL GOLDEN EAGLE,APEL ENTERPRISES (SINGAPORE) PTE LTD,SINGAPORE,#N/A,THAILAND
2016,470329,SINAR MAS,INDAH KIAT,PERAWANG,RIAU,1000,482800,SINAR MAS,GOLDEN PROFIT TRADING PTE LTD,SINGAPORE,#N/A,INDIA
2016,470329,MARUBENI,TANJUNG ENIM LESTARI,PANJANG,SUMATERA SELATAN,88,44898,MARUBENI,MARUBENI CORP,JAPAN,#N/A,INDIA
2016,470329,ROYAL GOLDEN EAGLE,TOBA PULP LESTARI,BELAWAN,SUMATERA UTARA,495,215218,ROYAL GOLDEN EAGLE,DP MARKETING INTERNATIONAL,MACAO,#N/A,CHINA (MAINLAND)
2016,470329,ROYAL GOLDEN EAGLE,APRIL,BUATAN,RIAU,496,198573,ROYAL GOLDEN EAGLE,APEL ENTERPRISES (SINGAPORE) PTE LTD,SINGAPORE,#N/A,INDIA
2016,470329,MARUBENI,TANJUNG ENIM LESTARI,PANJANG,SUMATERA SELATAN,109,49018,MARUBENI,MARUBENI CORP,JAPAN,#N/A,INDIA
2016,470329,ROYAL GOLDEN EAGLE,APRIL,BUATAN,RIAU,1004,401655,ROYAL GOLDEN EAGLE,ALKIRA TRADING (MACAO COMMERCIAL OFFSHORE) LTD,MACAO,#N/A,CHINA (MAINLAND)
2016,470329,ROYAL GOLDEN EAGLE,APRIL,BUATAN,RIAU,60,24156,ROYAL GOLDEN EAGLE,APEL ENTERPRISES (SINGAPORE) PTE LTD,SINGAPORE,#N/A,INDIA
2016,470329,MARUBENI,TANJUNG ENIM LESTARI,PANJANG,SUMATERA SELATAN,432,195126,MARUBENI,MARUBENI CORP,JAPAN,#N/A,CHINA (MAINLAND)
2016,470329,SINAR MAS,INDAH KIAT,SUNGAI PAKNING,RIAU,2100,1003275,SINAR MAS,KING PAPER SOURCE TRADING (SHANGHAI) CO LTD,CHINA (MAINLAND),#N/A,CHINA (MAINLAND)
2016,470329,SINAR MAS,INDAH KIAT,PERAWANG,RIAU,198,98997,SINAR MAS,GOLDEN PROFIT TRADING PTE LTD,SINGAPORE,#N/A,JAPAN
2016,470329,MARUBENI,TANJUNG ENIM LESTARI,PANJANG,SUMATERA SELATAN,501,218794,MARUBENI,MARUBENI CORP,JAPAN,#N/A,INDIA
2016,470329,ROYAL GOLDEN EAGLE,APRIL,BUATAN,RIAU,40,16026,ROYAL GOLDEN EAGLE,APEL ENTERPRISES (SINGAPORE) PTE LTD,SINGAPORE,#N/A,UNITED ARAB EMIRATES
2016,470329,SINAR MAS,LONTAR PAPYRUS,KUALA TUNGKAL,JAMBI,500,251149,SINAR MAS,GOLDEN PROFIT TRADING PTE LTD,SINGAPORE,#N/A,BANGLADESH
2016,470329,SINAR MAS,LONTAR PAPYRUS,KUALA TUNGKAL,JAMBI,160,80317,SINAR MAS,GOLDEN PROFIT TRADING PTE LTD,SINGAPORE,#N/A,BANGLADESH
2016,470329,SINAR MAS,INDAH KIAT,SUNGAI PAKNING,RIAU,3000,1433250,SINAR MAS,KING PAPER SOURCE TRADING (SHANGHAI) CO LTD,CHINA (MAINLAND),#N/A,CHINA (MAINLAND)
2016,470329,ROYAL GOLDEN EAGLE,APRIL,FUTONG,RIAU,5220,2087920,ROYAL GOLDEN EAGLE,APEL ENTERPRISES (SINGAPORE) PTE LTD,SINGAPORE,#N/A,VIETNAM
2016,470329,ROYAL GOLDEN EAGLE,APRIL,BUATAN,RIAU,502,200719,ROYAL GOLDEN EAGLE,AP ENTERPRISES (MACAO) COMMERCIAL OFFSHORE LTD,MACAO,#N/A,BANGLADESH
2016,470329,ROYAL GOLDEN EAGLE,APRIL,BUATAN,RIAU,496,198301,ROYAL GOLDEN EAGLE,APEL ENTERPRISES (SINGAPORE) PTE LTD,SINGAPORE,#N/A,INDIA
2016,470329,ROYAL GOLDEN EAGLE,APRIL,BUATAN,RIAU,100,40128,ROYAL GOLDEN EAGLE,APEL ENTERPRISES (SINGAPORE) PTE LTD,SINGAPORE,#N/A,THAILAND
2016,470329,SINAR MAS,INDAH KIAT,SUNGAI PAKNING,RIAU,1100,525525,SINAR MAS,KING PAPER SOURCE TRADING (SHANGHAI) CO LTD,CHINA (MAINLAND),#N/A,CHINA (MAINLAND)
2016,470329,MARUBENI,TANJUNG ENIM LESTARI,PANJANG,SUMATERA SELATAN,108,52137,MARUBENI,MARUBENI CORP,JAPAN,#N/A,AUSTRALIA
2016,470329,SINAR MAS,LONTAR PAPYRUS,KUALA TUNGKAL,JAMBI,499,236826,UNKNOWN AFFILIATION,SUZHOU GUANBAO TRADING LTD,CHINA (MAINLAND),#N/A,CHINA (MAINLAND)
2016,470329,ROYAL GOLDEN EAGLE,APRIL,BUATAN,RIAU,501,200551,ROYAL GOLDEN EAGLE,AP ENTERPRISES (MACAO) COMMERCIAL OFFSHORE LTD,MACAO,#N/A,BANGLADESH
2016,470329,SINAR MAS,LONTAR PAPYRUS,KUALA TUNGKAL,JAMBI,1000,502137,SINAR MAS,GOLDEN PROFIT TRADING PTE LTD,SINGAPORE,#N/A,BANGLADESH
2016,470329,ROYAL GOLDEN EAGLE,APRIL,FUTONG,RIAU,6029,2411736,ROYAL GOLDEN EAGLE,APRIL FAR EAST MALAYSIA SDN BHD,MALAYSIA,#N/A,CHINA (MAINLAND)
2016,470329,SINAR MAS,LONTAR PAPYRUS,KUALA TUNGKAL,JAMBI,340,170710,SINAR MAS,GOLDEN PROFIT TRADING PTE LTD,SINGAPORE,#N/A,BANGLADESH
2016,470329,ROYAL GOLDEN EAGLE,APRIL,BUATAN,RIAU,100,40077,ROYAL GOLDEN EAGLE,APEL ENTERPRISES (SINGAPORE) PTE LTD,SINGAPORE,#N/A,THAILAND
2016,470329,SINAR MAS,LONTAR PAPYRUS,KUALA TUNGKAL,JAMBI,1281,620042,UNKNOWN AFFILIATION,NINGBO CROWN OF CHINA ENERGY CO LTD,CHINA (MAINLAND),#N/A,CHINA (MAINLAND)
2016,470329,SINAR MAS,INDAH KIAT,SUNGAI PAKNING,RIAU,4000,1911000,SINAR MAS,KING PAPER SOURCE TRADING (SHANGHAI) CO LTD,CHINA (MAINLAND),#N/A,CHINA (MAINLAND)
2016,470329,SINAR MAS,LONTAR PAPYRUS,KUALA TUNGKAL,JAMBI,499,235968,UNKNOWN AFFILIATION,NINGBO CROWN OF CHINA ENERGY CO LTD,CHINA (MAINLAND),#N/A,CHINA (MAINLAND)
2016,470329,ROYAL GOLDEN EAGLE,APRIL,BUATAN,RIAU,120,48016,ROYAL GOLDEN EAGLE,APEL ENTERPRISES (SINGAPORE) PTE LTD,SINGAPORE,#N/A,INDIA
2016,470329,ROYAL GOLDEN EAGLE,APRIL,BUATAN,RIAU,762,304746,ROYAL GOLDEN EAGLE,APEL ENTERPRISES (SINGAPORE) PTE LTD,SINGAPORE,#N/A,LEBANON
2016,470329,ROYAL GOLDEN EAGLE,APRIL,BUATAN,RIAU,501,200386,ROYAL GOLDEN EAGLE,AP ENTERPRISES (MACAO) COMMERCIAL OFFSHORE LTD,MACAO,#N/A,BANGLADESH
2016,470329,ROYAL GOLDEN EAGLE,APRIL,BUATAN,RIAU,501,200340,ROYAL GOLDEN EAGLE,APEL ENTERPRISES (SINGAPORE) PTE LTD,SINGAPORE,#N/A,INDIA
2016,470329,ROYAL GOLDEN EAGLE,APRIL,BUATAN,RIAU,502,200914,ROYAL GOLDEN EAGLE,APEL ENTERPRISES (SINGAPORE) PTE LTD,SINGAPORE,#N/A,INDIA
2016,470329,ROYAL GOLDEN EAGLE,APRIL,BUATAN,RIAU,202,80632,ROYAL GOLDEN EAGLE,APEL ENTERPRISES (SINGAPORE) PTE LTD,SINGAPORE,#N/A,INDIA
2016,470329,ROYAL GOLDEN EAGLE,APRIL,BUATAN,RIAU,201,80417,ROYAL GOLDEN EAGLE,APEL ENTERPRISES (SINGAPORE) PTE LTD,SINGAPORE,#N/A,INDIA
2016,470329,SINAR MAS,INDAH KIAT,PERAWANG,RIAU,1000,482425,SINAR MAS,GOLDEN PROFIT TRADING PTE LTD,SINGAPORE,#N/A,INDIA
2016,470329,SINAR MAS,INDAH KIAT,PERAWANG,RIAU,1000,493175,UNKNOWN AFFILIATION,SUZHOU GUANBAO TRADING LTD,CHINA (MAINLAND),#N/A,CHINA (MAINLAND)
2016,470329,SINAR MAS,INDAH KIAT,PERAWANG,RIAU,100,48392,SINAR MAS,GOLDEN PROFIT TRADING PTE LTD,SINGAPORE,#N/A,VIETNAM
2016,470329,ROYAL GOLDEN EAGLE,TOBA PULP LESTARI,BELAWAN,SUMATERA UTARA,495,215488,ROYAL GOLDEN EAGLE,DP MARKETING INTERNATIONAL,MACAO,#N/A,CHINA (MAINLAND)
2016,470329,ROYAL GOLDEN EAGLE,TOBA PULP LESTARI,BELAWAN,SUMATERA UTARA,496,215764,ROYAL GOLDEN EAGLE,DP MARKETING INTERNATIONAL,MACAO,#N/A,CHINA (MAINLAND)
2016,470329,ROYAL GOLDEN EAGLE,APRIL,BUATAN,RIAU,501,200515,ROYAL GOLDEN EAGLE,APEL ENTERPRISES (SINGAPORE) PTE LTD,SINGAPORE,#N/A,INDIA
2016,470329,ROYAL GOLDEN EAGLE,APRIL,BUATAN,RIAU,503,201099,ROYAL GOLDEN EAGLE,AP ENTERPRISES (MACAO) COMMERCIAL OFFSHORE LTD,MACAO,#N/A,BANGLADESH
2016,470329,ROYAL GOLDEN EAGLE,APRIL,BUATAN,RIAU,501,200436,ROYAL GOLDEN EAGLE,AP ENTERPRISES (MACAO) COMMERCIAL OFFSHORE LTD,MACAO,#N/A,BANGLADESH
2016,470329,ROYAL GOLDEN EAGLE,APRIL,BUATAN,RIAU,501,200581,ROYAL GOLDEN EAGLE,APEL ENTERPRISES (SINGAPORE) PTE LTD,SINGAPORE,#N/A,INDIA
2016,470329,ROYAL GOLDEN EAGLE,TOBA PULP LESTARI,BELAWAN,SUMATERA UTARA,497,216036,ROYAL GOLDEN EAGLE,DP MARKETING INTERNATIONAL,MACAO,#N/A,CHINA (MAINLAND)
2016,470329,ROYAL GOLDEN EAGLE,APRIL,FUTONG,RIAU,2010,803962,ROYAL GOLDEN EAGLE,ALKIRA TRADING (MACAO COMMERCIAL OFFSHORE) LTD,MACAO,#N/A,CHINA (MAINLAND)
2016,470329,ROYAL GOLDEN EAGLE,APRIL,FUTONG,RIAU,5024,2009644,ROYAL GOLDEN EAGLE,APRIL FAR EAST MALAYSIA SDN BHD,MALAYSIA,#N/A,CHINA (MAINLAND)
2016,470329,SINAR MAS,INDAH KIAT,PERAWANG,RIAU,500,238012,SINAR MAS,GOLDEN PROFIT TRADING PTE LTD,SINGAPORE,#N/A,INDIA
2016,470329,ROYAL GOLDEN EAGLE,APRIL,BUATAN,RIAU,201,80269,ROYAL GOLDEN EAGLE,APEL ENTERPRISES (SINGAPORE) PTE LTD,SINGAPORE,#N/A,THAILAND
2016,470329,ROYAL GOLDEN EAGLE,APRIL,BUATAN,RIAU,193,77207,ROYAL GOLDEN EAGLE,ALKIRA TRADING (MACAO COMMERCIAL OFFSHORE) LTD,MACAO,#N/A,POLAND
2016,470329,ROYAL GOLDEN EAGLE,APRIL,BUATAN,RIAU,416,166309,ROYAL GOLDEN EAGLE,AP ENTERPRISES (MACAO) COMMERCIAL OFFSHORE LTD,MACAO,#N/A,PAKISTAN
2016,470329,ROYAL GOLDEN EAGLE,APRIL,BUATAN,RIAU,502,200850,ROYAL GOLDEN EAGLE,APEL ENTERPRISES (SINGAPORE) PTE LTD,SINGAPORE,#N/A,INDIA
2016,470329,SINAR MAS,INDAH KIAT,PERAWANG,RIAU,500,239444,SINAR MAS,GOLDEN PROFIT TRADING PTE LTD,SINGAPORE,#N/A,INDIA
2016,470329,SINAR MAS,INDAH KIAT,PERAWANG,RIAU,1000,482800,SINAR MAS,GOLDEN PROFIT TRADING PTE LTD,SINGAPORE,#N/A,INDIA
2016,470329,ROYAL GOLDEN EAGLE,APRIL,BUATAN,RIAU,40,16082,ROYAL GOLDEN EAGLE,APEL ENTERPRISES (SINGAPORE) PTE LTD,SINGAPORE,#N/A,INDIA
2016,470329,SINAR MAS,INDAH KIAT,SUNGAI PAKNING,RIAU,3500,1707125,UNKNOWN AFFILIATION,NINGBO CROWN OF CHINA ENERGY CO LTD,CHINA (MAINLAND),#N/A,CHINA (MAINLAND)
2016,470329,ROYAL GOLDEN EAGLE,APRIL,BUATAN,RIAU,502,200798,ROYAL GOLDEN EAGLE,APEL ENTERPRISES (SINGAPORE) PTE LTD,SINGAPORE,#N/A,INDIA
2016,470329,ROYAL GOLDEN EAGLE,APRIL,BUATAN,RIAU,1003,401176,ROYAL GOLDEN EAGLE,ALKIRA TRADING (MACAO COMMERCIAL OFFSHORE) LTD,MACAO,#N/A,CHINA (MAINLAND)
2016,470329,ROYAL GOLDEN EAGLE,APRIL,BUATAN,RIAU,60,24120,ROYAL GOLDEN EAGLE,APEL ENTERPRISES (SINGAPORE) PTE LTD,SINGAPORE,#N/A,INDIA
2016,470329,SINAR MAS,INDAH KIAT,SUNGAI PAKNING,RIAU,1000,477750,UNKNOWN AFFILIATION,SUZHOU HUANG YI TRADE CO LTD,CHINA (MAINLAND),#N/A,CHINA (MAINLAND)
2016,470329,SINAR MAS,INDAH KIAT,SUNGAI PAKNING,RIAU,400,195100,UNKNOWN AFFILIATION,FREELAND UNIVERSAL LTD,CHINA (HONG KONG),#N/A,CHINA (MAINLAND)
2016,470329,SINAR MAS,INDAH KIAT,SUNGAI PAKNING,RIAU,4600,2243650,UNKNOWN AFFILIATION,NINGBO CROWN OF CHINA ENERGY CO LTD,CHINA (MAINLAND),#N/A,CHINA (MAINLAND)
2016,470329,ROYAL GOLDEN EAGLE,APRIL,BUATAN,RIAU,40,16134,ROYAL GOLDEN EAGLE,APEL ENTERPRISES (SINGAPORE) PTE LTD,SINGAPORE,#N/A,INDIA
2016,470329,SINAR MAS,INDAH KIAT,SUNGAI PAKNING,RIAU,800,390200,UNKNOWN AFFILIATION,NINGBO CROWN OF CHINA ENERGY CO LTD,CHINA (MAINLAND),#N/A,CHINA (MAINLAND)
2016,470329,ROYAL GOLDEN EAGLE,APRIL,BUATAN,RIAU,100,39096,ROYAL GOLDEN EAGLE,APEL ENTERPRISES (SINGAPORE) PTE LTD,SINGAPORE,#N/A,INDIA
2016,470329,ROYAL GOLDEN EAGLE,APRIL,BUATAN,RIAU,60,23490,ROYAL GOLDEN EAGLE,APEL ENTERPRISES (SINGAPORE) PTE LTD,SINGAPORE,#N/A,INDIA
2016,470329,SINAR MAS,LONTAR PAPYRUS,KUALA TUNGKAL,JAMBI,501,247124,SINAR MAS,GOLDEN PROFIT TRADING PTE LTD,SINGAPORE,#N/A,INDIA
2016,470329,SINAR MAS,LONTAR PAPYRUS,KUALA TUNGKAL,JAMBI,300,137283,SINAR MAS,GOLDEN PROFIT TRADING PTE LTD,SINGAPORE,#N/A,UNITED ARAB EMIRATES
2016,470329,SINAR MAS,LONTAR PAPYRUS,KUALA TUNGKAL,JAMBI,501,240297,SINAR MAS,GOLDEN PROFIT TRADING PTE LTD,SINGAPORE,#N/A,INDIA
2016,470329,ROYAL GOLDEN EAGLE,APRIL,FUTONG,RIAU,5025,1969690,ROYAL GOLDEN EAGLE,ALKIRA TRADING (MACAO COMMERCIAL OFFSHORE) LTD,MACAO,#N/A,CHINA (MAINLAND)
2016,470329,SINAR MAS,LONTAR PAPYRUS,KUALA TUNGKAL,JAMBI,760,359496,UNKNOWN AFFILIATION,NINGBO CROWN OF CHINA ENERGY CO LTD,CHINA (MAINLAND),#N/A,CHINA (MAINLAND)
2016,470329,ROYAL GOLDEN EAGLE,APRIL,BUATAN,RIAU,502,200905,ROYAL GOLDEN EAGLE,AP ENTERPRISES (MACAO) COMMERCIAL OFFSHORE LTD,MACAO,#N/A,BANGLADESH
2016,470329,MARUBENI,TANJUNG ENIM LESTARI,TANJUNG PRIOK,SUMATERA SELATAN,996,444257,MARUBENI,MARUBENI CORP,JAPAN,#N/A,CHINA (MAINLAND)
2016,470329,ROYAL GOLDEN EAGLE,APRIL,FUTONG,RIAU,1987,775033,ROYAL GOLDEN EAGLE,ALKIRA TRADING (MACAO COMMERCIAL OFFSHORE) LTD,MACAO,#N/A,CHINA (MAINLAND)
2016,470329,SINAR MAS,LONTAR PAPYRUS,KUALA TUNGKAL,JAMBI,361,167382,SINAR MAS,GOLDEN PROFIT TRADING PTE LTD,SINGAPORE,#N/A,UNITED ARAB EMIRATES
2016,470329,MARUBENI,TANJUNG ENIM LESTARI,TANJUNG PRIOK,SUMATERA SELATAN,541,244227,MARUBENI,MARUBENI CORP,JAPAN,#N/A,CHINA (MAINLAND)
2016,470329,ROYAL GOLDEN EAGLE,TOBA PULP LESTARI,BELAWAN,SUMATERA UTARA,991,431229,ROYAL GOLDEN EAGLE,DP MARKETING INTERNATIONAL,MACAO,#N/A,CHINA (MAINLAND)
2016,470329,MARUBENI,TANJUNG ENIM LESTARI,TANJUNG PRIOK,SUMATERA SELATAN,418,178632,MARUBENI,MARUBENI CORP,JAPAN,#N/A,CHINA (MAINLAND)
2016,470329,ROYAL GOLDEN EAGLE,APRIL,BUATAN,RIAU,502,200964,ROYAL GOLDEN EAGLE,APEL ENTERPRISES (SINGAPORE) PTE LTD,SINGAPORE,#N/A,INDIA
2016,470329,MARUBENI,TANJUNG ENIM LESTARI,PANJANG,SUMATERA SELATAN,995,444685,MARUBENI,MARUBENI CORP,JAPAN,#N/A,CHINA (MAINLAND)
2016,470329,ROYAL GOLDEN EAGLE,APRIL,BUATAN,RIAU,502,200625,ROYAL GOLDEN EAGLE,AP ENTERPRISES (MACAO) COMMERCIAL OFFSHORE LTD,MACAO,#N/A,BANGLADESH
2016,470329,ROYAL GOLDEN EAGLE,APRIL,BUATAN,RIAU,1491,581297,ROYAL GOLDEN EAGLE,ALKIRA TRADING (MACAO COMMERCIAL OFFSHORE) LTD,MACAO,#N/A,CHINA (MAINLAND)
2016,470329,MARUBENI,TANJUNG ENIM LESTARI,PANJANG,SUMATERA SELATAN,110,49753,MARUBENI,MARUBENI CORP,JAPAN,#N/A,INDIA
2016,470329,MARUBENI,TANJUNG ENIM LESTARI,PANJANG,SUMATERA SELATAN,1006,433634,MARUBENI,MARUBENI CORP,JAPAN,#N/A,THAILAND
2016,470329,MARUBENI,TANJUNG ENIM LESTARI,PANJANG,SUMATERA SELATAN,42,20360,MARUBENI,MARUBENI CORP,JAPAN,#N/A,INDIA
2016,470329,ROYAL GOLDEN EAGLE,APRIL,BUATAN,RIAU,796,318234,ROYAL GOLDEN EAGLE,APEL ENTERPRISES (SINGAPORE) PTE LTD,SINGAPORE,#N/A,DJIBOUTI
2016,470329,ROYAL GOLDEN EAGLE,TOBA PULP LESTARI,BELAWAN,SUMATERA UTARA,249,108158,ROYAL GOLDEN EAGLE,DP MARKETING INTERNATIONAL,MACAO,#N/A,TAIWAN
2016,470329,ROYAL GOLDEN EAGLE,APRIL,BUATAN,RIAU,993,387099,ROYAL GOLDEN EAGLE,ALKIRA TRADING (MACAO COMMERCIAL OFFSHORE) LTD,MACAO,#N/A,CHINA (MAINLAND)
2016,470329,ROYAL GOLDEN EAGLE,APRIL,BUATAN,RIAU,502,200798,ROYAL GOLDEN EAGLE,AP ENTERPRISES (MACAO) COMMERCIAL OFFSHORE LTD,MACAO,#N/A,BANGLADESH
2016,470329,MARUBENI,TANJUNG ENIM LESTARI,PANJANG,SUMATERA SELATAN,300,145739,MARUBENI,MARUBENI CORP,JAPAN,#N/A,MALAYSIA
2016,470329,ROYAL GOLDEN EAGLE,TOBA PULP LESTARI,BELAWAN,SUMATERA UTARA,498,216463,ROYAL GOLDEN EAGLE,DP MARKETING INTERNATIONAL,MACAO,#N/A,CHINA (MAINLAND)
2016,470329,ROYAL GOLDEN EAGLE,APRIL,BUATAN,RIAU,703,274221,ROYAL GOLDEN EAGLE,APEL ENTERPRISES (SINGAPORE) PTE LTD,SINGAPORE,#N/A,INDIA
2016,470329,ROYAL GOLDEN EAGLE,APRIL,BUATAN,RIAU,501,200432,ROYAL GOLDEN EAGLE,AP ENTERPRISES (MACAO) COMMERCIAL OFFSHORE LTD,MACAO,#N/A,BANGLADESH
2016,470329,SINAR MAS,INDAH KIAT,PERAWANG,RIAU,1000,483188,SINAR MAS,GOLDEN PROFIT TRADING PTE LTD,SINGAPORE,#N/A,INDIA
2016,470329,ROYAL GOLDEN EAGLE,TOBA PULP LESTARI,BELAWAN,SUMATERA UTARA,497,211062,ROYAL GOLDEN EAGLE,DP MARKETING INTERNATIONAL,MACAO,#N/A,CHINA (MAINLAND)
2016,470329,ROYAL GOLDEN EAGLE,APRIL,BUATAN,RIAU,502,195693,ROYAL GOLDEN EAGLE,AP ENTERPRISES (MACAO) COMMERCIAL OFFSHORE LTD,MACAO,#N/A,BANGLADESH
2016,470329,ROYAL GOLDEN EAGLE,APRIL,BUATAN,RIAU,497,193708,ROYAL GOLDEN EAGLE,ALKIRA TRADING (MACAO COMMERCIAL OFFSHORE) LTD,MACAO,#N/A,CHINA (MAINLAND)
2016,470329,ROYAL GOLDEN EAGLE,APRIL,BUATAN,RIAU,60,24080,ROYAL GOLDEN EAGLE,APEL ENTERPRISES (SINGAPORE) PTE LTD,SINGAPORE,#N/A,INDIA
2016,470329,ROYAL GOLDEN EAGLE,APRIL,BUATAN,RIAU,496,193412,ROYAL GOLDEN EAGLE,ALKIRA TRADING (MACAO COMMERCIAL OFFSHORE) LTD,MACAO,#N/A,CHINA (MAINLAND)
2016,470329,ROYAL GOLDEN EAGLE,TOBA PULP LESTARI,BELAWAN,SUMATERA UTARA,496,215884,ROYAL GOLDEN EAGLE,DP MARKETING INTERNATIONAL,MACAO,#N/A,CHINA (MAINLAND)
2016,470329,ROYAL GOLDEN EAGLE,APRIL,FUTONG,RIAU,5021,1958273,ROYAL GOLDEN EAGLE,AP ENTERPRISES (MACAO) COMMERCIAL OFFSHORE LTD,MACAO,#N/A,SOUTH KOREA
2016,470329,SINAR MAS,LONTAR PAPYRUS,KUALA TUNGKAL,JAMBI,500,249548,UNKNOWN AFFILIATION,FREELAND UNIVERSAL LTD,CHINA (HONG KONG),#N/A,CHINA (MAINLAND)
2016,470329,SINAR MAS,LONTAR PAPYRUS,KUALA TUNGKAL,JAMBI,342,171510,SINAR MAS,GOLDEN PROFIT TRADING PTE LTD,SINGAPORE,#N/A,BANGLADESH
2016,470329,ROYAL GOLDEN EAGLE,APRIL,FUTONG,RIAU,2462,960126,ROYAL GOLDEN EAGLE,AP ENTERPRISES (MACAO) COMMERCIAL OFFSHORE LTD,MACAO,#N/A,SOUTH KOREA
2016,470329,SINAR MAS,LONTAR PAPYRUS,KUALA TUNGKAL,JAMBI,501,248355,SINAR MAS,GOLDEN PROFIT TRADING PTE LTD,SINGAPORE,#N/A,INDIA
2016,470329,SINAR MAS,LONTAR PAPYRUS,KUALA TUNGKAL,JAMBI,200,90644,SINAR MAS,GOLDEN PROFIT TRADING PTE LTD,SINGAPORE,#N/A,BANGLADESH
2016,470329,SINAR MAS,INDAH KIAT,PERAWANG,RIAU,500,251162,SINAR MAS,GOLDEN PROFIT TRADING PTE LTD,SINGAPORE,#N/A,THAILAND
2016,470329,SINAR MAS,LONTAR PAPYRUS,KUALA TUNGKAL,JAMBI,501,251388,SINAR MAS,GOLDEN PROFIT TRADING PTE LTD,SINGAPORE,#N/A,BANGLADESH
2016,470329,ROYAL GOLDEN EAGLE,APRIL,BUATAN,RIAU,993,387180,ROYAL GOLDEN EAGLE,ALKIRA TRADING (MACAO COMMERCIAL OFFSHORE) LTD,MACAO,#N/A,CHINA (MAINLAND)
2016,470329,ROYAL GOLDEN EAGLE,APRIL,FUTONG,RIAU,7584,2957930,ROYAL GOLDEN EAGLE,APEL ENTERPRISES (SINGAPORE) PTE LTD,SINGAPORE,#N/A,SOUTH KOREA
2016,470329,ROYAL GOLDEN EAGLE,APRIL,FUTONG,RIAU,3011,1174421,ROYAL GOLDEN EAGLE,AP ENTERPRISES (MACAO) COMMERCIAL OFFSHORE LTD,MACAO,#N/A,SOUTH KOREA
2016,470329,SINAR MAS,INDAH KIAT,PERAWANG,RIAU,400,181945,SINAR MAS,GOLDEN PROFIT TRADING PTE LTD,SINGAPORE,#N/A,SAUDI ARABIA
2016,470329,SINAR MAS,INDAH KIAT,PERAWANG,RIAU,1000,483050,SINAR MAS,GOLDEN PROFIT TRADING PTE LTD,SINGAPORE,#N/A,SAUDI ARABIA
2016,470329,SINAR MAS,LONTAR PAPYRUS,KUALA TUNGKAL,JAMBI,300,145541,SINAR MAS,GOLDEN PROFIT TRADING PTE LTD,SINGAPORE,#N/A,BANGLADESH
2016,470329,SINAR MAS,INDAH KIAT,PERAWANG,RIAU,200,97972,SINAR MAS,GOLDEN PROFIT TRADING PTE LTD,SINGAPORE,#N/A,VIETNAM
2016,470329,SINAR MAS,INDAH KIAT,PERAWANG,RIAU,198,103458,SINAR MAS,GOLDEN PROFIT TRADING PTE LTD,SINGAPORE,#N/A,JAPAN
2016,470329,SINAR MAS,INDAH KIAT,PERAWANG,RIAU,100,48986,SINAR MAS,GOLDEN PROFIT TRADING PTE LTD,SINGAPORE,#N/A,VIETNAM
2016,470329,SINAR MAS,LONTAR PAPYRUS,KUALA TUNGKAL,JAMBI,1000,479032,SINAR MAS,GOLDEN PROFIT TRADING PTE LTD,SINGAPORE,#N/A,INDIA
2016,470329,ROYAL GOLDEN EAGLE,APRIL,BUATAN,RIAU,992,386764,ROYAL GOLDEN EAGLE,ALKIRA TRADING (MACAO COMMERCIAL OFFSHORE) LTD,MACAO,#N/A,CHINA (MAINLAND)
2016,470329,ROYAL GOLDEN EAGLE,APRIL,BUATAN,RIAU,241,94102,ROYAL GOLDEN EAGLE,AP ENTERPRISES (MACAO) COMMERCIAL OFFSHORE LTD,MACAO,#N/A,BANGLADESH
2016,470329,ROYAL GOLDEN EAGLE,TOBA PULP LESTARI,BELAWAN,SUMATERA UTARA,496,215827,ROYAL GOLDEN EAGLE,DP MARKETING INTERNATIONAL,MACAO,#N/A,CHINA (MAINLAND)
2016,470329,SINAR MAS,LONTAR PAPYRUS,KUALA TUNGKAL,JAMBI,502,243190,SINAR MAS,GOLDEN PROFIT TRADING PTE LTD,SINGAPORE,#N/A,INDIA
2016,470329,SINAR MAS,LONTAR PAPYRUS,KUALA TUNGKAL,JAMBI,1102,533251,UNKNOWN AFFILIATION,FREELAND UNIVERSAL LTD,CHINA (HONG KONG),#N/A,CHINA (MAINLAND)
2016,470329,SINAR MAS,LONTAR PAPYRUS,KUALA TUNGKAL,JAMBI,1001,479424,SINAR MAS,GOLDEN PROFIT TRADING PTE LTD,SINGAPORE,#N/A,INDIA
2016,470329,SINAR MAS,INDAH KIAT,PERAWANG,RIAU,80,41564,SINAR MAS,GOLDEN PROFIT TRADING PTE LTD,SINGAPORE,#N/A,VIETNAM
2016,470329,SINAR MAS,LONTAR PAPYRUS,KUALA TUNGKAL,JAMBI,1000,492244,SINAR MAS,GOLDEN PROFIT TRADING PTE LTD,SINGAPORE,#N/A,BANGLADESH
2016,470329,SINAR MAS,INDAH KIAT,PERAWANG,RIAU,160,79394,SINAR MAS,GOLDEN PROFIT TRADING PTE LTD,SINGAPORE,#N/A,MALAYSIA
2016,470329,SINAR MAS,INDAH KIAT,SUNGAI PAKNING,RIAU,3800,1808800,SINAR MAS,KING PAPER SOURCE TRADING (SHANGHAI) CO LTD,CHINA (MAINLAND),#N/A,CHINA (MAINLAND)
2016,470329,SINAR MAS,INDAH KIAT,PERAWANG,RIAU,1000,488300,UNKNOWN AFFILIATION,FREELAND UNIVERSAL LTD,CHINA (HONG KONG),#N/A,CHINA (MAINLAND)
2016,470329,ROYAL GOLDEN EAGLE,APRIL,BUATAN,RIAU,502,195757,ROYAL GOLDEN EAGLE,AP ENTERPRISES (MACAO) COMMERCIAL OFFSHORE LTD,MACAO,#N/A,BANGLADESH
2016,470329,ROYAL GOLDEN EAGLE,APRIL,BUATAN,RIAU,40,15696,ROYAL GOLDEN EAGLE,AP ENTERPRISES (MACAO) COMMERCIAL OFFSHORE LTD,MACAO,#N/A,BANGLADESH
2016,470329,ROYAL GOLDEN EAGLE,APRIL,BUATAN,RIAU,502,195720,ROYAL GOLDEN EAGLE,AP ENTERPRISES (MACAO) COMMERCIAL OFFSHORE LTD,MACAO,#N/A,BANGLADESH
2016,470329,ROYAL GOLDEN EAGLE,APRIL,BUATAN,RIAU,502,195628,ROYAL GOLDEN EAGLE,AP ENTERPRISES (MACAO) COMMERCIAL OFFSHORE LTD,MACAO,#N/A,BANGLADESH
2016,470329,ROYAL GOLDEN EAGLE,TOBA PULP LESTARI,BELAWAN,SUMATERA UTARA,497,211030,ROYAL GOLDEN EAGLE,DP MARKETING INTERNATIONAL,MACAO,#N/A,CHINA (MAINLAND)
2016,470329,SINAR MAS,INDAH KIAT,PERAWANG,RIAU,500,246486,SINAR MAS,GOLDEN PROFIT TRADING PTE LTD,SINGAPORE,#N/A,BANGLADESH
2016,470329,ROYAL GOLDEN EAGLE,APRIL,BUATAN,RIAU,436,174550,ROYAL GOLDEN EAGLE,AP ENTERPRISES (MACAO) COMMERCIAL OFFSHORE LTD,MACAO,#N/A,PAKISTAN
2016,470329,ROYAL GOLDEN EAGLE,TOBA PULP LESTARI,BELAWAN,SUMATERA UTARA,745,324246,ROYAL GOLDEN EAGLE,DP MARKETING INTERNATIONAL,MACAO,#N/A,TAIWAN
2016,470329,ROYAL GOLDEN EAGLE,APRIL,FUTONG,RIAU,5023,1958829,ROYAL GOLDEN EAGLE,APEL ENTERPRISES (SINGAPORE) PTE LTD,SINGAPORE,#N/A,SAUDI ARABIA
2016,470329,ROYAL GOLDEN EAGLE,APRIL,BUATAN,RIAU,1506,587159,ROYAL GOLDEN EAGLE,ALKIRA TRADING (MACAO COMMERCIAL OFFSHORE) LTD,MACAO,#N/A,CHINA (MAINLAND)
2016,470329,ROYAL GOLDEN EAGLE,APRIL,BUATAN,RIAU,501,195532,ROYAL GOLDEN EAGLE,AP ENTERPRISES (MACAO) COMMERCIAL OFFSHORE LTD,MACAO,#N/A,BANGLADESH
2016,470329,ROYAL GOLDEN EAGLE,APRIL,BUATAN,RIAU,502,195778,ROYAL GOLDEN EAGLE,AP ENTERPRISES (MACAO) COMMERCIAL OFFSHORE LTD,MACAO,#N/A,BANGLADESH
2016,470329,ROYAL GOLDEN EAGLE,APRIL,BUATAN,RIAU,502,195736,ROYAL GOLDEN EAGLE,AP ENTERPRISES (MACAO) COMMERCIAL OFFSHORE LTD,MACAO,#N/A,BANGLADESH
2016,470329,ROYAL GOLDEN EAGLE,APRIL,BUATAN,RIAU,502,200946,ROYAL GOLDEN EAGLE,AP ENTERPRISES (MACAO) COMMERCIAL OFFSHORE LTD,MACAO,#N/A,BANGLADESH
2016,470329,MARUBENI,TANJUNG ENIM LESTARI,TANJUNG PRIOK,SUMATERA SELATAN,1005,432179,MARUBENI,MARUBENI CORP,JAPAN,#N/A,THAILAND
2016,470329,ROYAL GOLDEN EAGLE,APRIL,FUTONG,RIAU,8168,3185355,ROYAL GOLDEN EAGLE,ALKIRA TRADING (MACAO COMMERCIAL OFFSHORE) LTD,MACAO,#N/A,CHINA (MAINLAND)
2016,470329,ROYAL GOLDEN EAGLE,APRIL,FUTONG,RIAU,1987,775113,ROYAL GOLDEN EAGLE,ALKIRA TRADING (MACAO COMMERCIAL OFFSHORE) LTD,MACAO,#N/A,CHINA (MAINLAND)
2016,470329,ROYAL GOLDEN EAGLE,APRIL,BUATAN,RIAU,743,297313,ROYAL GOLDEN EAGLE,APEL ENTERPRISES (SINGAPORE) PTE LTD,SINGAPORE,#N/A,LEBANON
2016,470329,MARUBENI,TANJUNG ENIM LESTARI,PANJANG,SUMATERA SELATAN,503,221967,MARUBENI,MARUBENI CORP,JAPAN,#N/A,THAILAND
2016,470329,ROYAL GOLDEN EAGLE,TOBA PULP LESTARI,BELAWAN,SUMATERA UTARA,497,211130,ROYAL GOLDEN EAGLE,DP MARKETING INTERNATIONAL,MACAO,#N/A,CHINA (MAINLAND)
2016,470329,SINAR MAS,INDAH KIAT,PERAWANG,RIAU,1000,502325,SINAR MAS,GOLDEN PROFIT TRADING PTE LTD,SINGAPORE,#N/A,THAILAND
2016,470329,ROYAL GOLDEN EAGLE,APRIL,BUATAN,RIAU,201,78300,ROYAL GOLDEN EAGLE,APEL ENTERPRISES (SINGAPORE) PTE LTD,SINGAPORE,#N/A,INDIA
2016,470329,ROYAL GOLDEN EAGLE,APRIL,BUATAN,RIAU,501,195504,ROYAL GOLDEN EAGLE,AP ENTERPRISES (MACAO) COMMERCIAL OFFSHORE LTD,MACAO,#N/A,BANGLADESH
2016,470329,SINAR MAS,INDAH KIAT,PERAWANG,RIAU,500,249918,SINAR MAS,GOLDEN PROFIT TRADING PTE LTD,SINGAPORE,#N/A,BANGLADESH
2016,470329,MARUBENI,TANJUNG ENIM LESTARI,PANJANG,SUMATERA SELATAN,502,220323,MARUBENI,MARUBENI CORP,JAPAN,#N/A,INDIA
2016,470329,ROYAL GOLDEN EAGLE,APRIL,FUTONG,RIAU,4419,1723504,ROYAL GOLDEN EAGLE,APRIL FAR EAST MALAYSIA SDN BHD,MALAYSIA,#N/A,CHINA (MAINLAND)
2016,470329,ROYAL GOLDEN EAGLE,APRIL,FUTONG,RIAU,1004,391583,ROYAL GOLDEN EAGLE,ALKIRA TRADING (MACAO COMMERCIAL OFFSHORE) LTD,MACAO,#N/A,CHINA (MAINLAND)
2016,470329,MARUBENI,TANJUNG ENIM LESTARI,PANJANG,SUMATERA SELATAN,501,223491,MARUBENI,MARUBENI CORP,JAPAN,#N/A,INDIA
2016,470329,SINAR MAS,INDAH KIAT,SUNGAI PAKNING,RIAU,300,142800,SINAR MAS,KING PAPER SOURCE TRADING (SHANGHAI) CO LTD,CHINA (MAINLAND),#N/A,CHINA (MAINLAND)
2016,470329,SINAR MAS,INDAH KIAT,SUNGAI PAKNING,RIAU,1000,478410,SINAR MAS,GOLDEN PROFIT TRADING PTE LTD,SINGAPORE,#N/A,CHINA (MAINLAND)
2016,470329,ROYAL GOLDEN EAGLE,APRIL,BUATAN,RIAU,201,80322,ROYAL GOLDEN EAGLE,APEL ENTERPRISES (SINGAPORE) PTE LTD,SINGAPORE,#N/A,THAILAND
2016,470329,SINAR MAS,INDAH KIAT,SUNGAI PAKNING,RIAU,2000,952000,SINAR MAS,KING PAPER SOURCE TRADING (SHANGHAI) CO LTD,CHINA (MAINLAND),#N/A,CHINA (MAINLAND)
2016,470329,ROYAL GOLDEN EAGLE,APRIL,FUTONG,RIAU,3618,1411143,ROYAL GOLDEN EAGLE,ALKIRA TRADING (MACAO COMMERCIAL OFFSHORE) LTD,MACAO,#N/A,CHINA (MAINLAND)
2016,470329,ROYAL GOLDEN EAGLE,APRIL,BUATAN,RIAU,100,39161,ROYAL GOLDEN EAGLE,APEL ENTERPRISES (SINGAPORE) PTE LTD,SINGAPORE,#N/A,INDIA
2016,470329,ROYAL GOLDEN EAGLE,APRIL,BUATAN,RIAU,1488,580430,ROYAL GOLDEN EAGLE,ALKIRA TRADING (MACAO COMMERCIAL OFFSHORE) LTD,MACAO,#N/A,CHINA (MAINLAND)
2016,470329,ROYAL GOLDEN EAGLE,APRIL,BUATAN,RIAU,241,93981,ROYAL GOLDEN EAGLE,APEL ENTERPRISES (SINGAPORE) PTE LTD,SINGAPORE,#N/A,IRAN
2016,470329,MARUBENI,TANJUNG ENIM LESTARI,PANJANG,SUMATERA SELATAN,504,218205,CELLMARK,CELLMARK ASIA PTE LTD,SINGAPORE,#N/A,UNITED ARAB EMIRATES
2016,470329,SINAR MAS,INDAH KIAT,PERAWANG,RIAU,100,50105,SINAR MAS,GOLDEN PROFIT TRADING PTE LTD,SINGAPORE,#N/A,PAKISTAN
2016,470329,ROYAL GOLDEN EAGLE,TOBA PULP LESTARI,BELAWAN,SUMATERA UTARA,1033,439098,ROYAL GOLDEN EAGLE,DP MARKETING INTERNATIONAL,MACAO,#N/A,CHINA (MAINLAND)
2016,470329,ROYAL GOLDEN EAGLE,APRIL,BUATAN,RIAU,502,200784,ROYAL GOLDEN EAGLE,APEL ENTERPRISES (SINGAPORE) PTE LTD,SINGAPORE,#N/A,INDIA
2016,470329,ROYAL GOLDEN EAGLE,APRIL,BUATAN,RIAU,121,47018,ROYAL GOLDEN EAGLE,ALKIRA TRADING (MACAO COMMERCIAL OFFSHORE) LTD,MACAO,#N/A,TAIWAN
2016,470329,ROYAL GOLDEN EAGLE,TOBA PULP LESTARI,BELAWAN,SUMATERA UTARA,496,210856,ROYAL GOLDEN EAGLE,DP MARKETING INTERNATIONAL,MACAO,#N/A,CHINA (MAINLAND)
2016,470329,ROYAL GOLDEN EAGLE,APRIL,BUATAN,RIAU,121,47039,ROYAL GOLDEN EAGLE,ALKIRA TRADING (MACAO COMMERCIAL OFFSHORE) LTD,MACAO,#N/A,TAIWAN
2016,470329,MARUBENI,TANJUNG ENIM LESTARI,PANJANG,SUMATERA SELATAN,106,45196,MARUBENI,MARUBENI CORP,JAPAN,#N/A,CHINA (MAINLAND)
2016,470329,ROYAL GOLDEN EAGLE,APRIL,FUTONG,RIAU,8037,3134418,ROYAL GOLDEN EAGLE,AP ENTERPRISES (MACAO) COMMERCIAL OFFSHORE LTD,MACAO,#N/A,BANGLADESH
2016,470329,MARUBENI,TANJUNG ENIM LESTARI,PANJANG,SUMATERA SELATAN,106,45173,MARUBENI,MARUBENI CORP,JAPAN,#N/A,CHINA (MAINLAND)
2016,470329,SINAR MAS,INDAH KIAT,PERAWANG,RIAU,700,338135,SINAR MAS,GOLDEN PROFIT TRADING PTE LTD,SINGAPORE,#N/A,SAUDI ARABIA
2016,470329,SINAR MAS,LONTAR PAPYRUS,KUALA TUNGKAL,JAMBI,240,122957,SINAR MAS,GOLDEN PROFIT TRADING PTE LTD,SINGAPORE,#N/A,PAKISTAN
2016,470329,MARUBENI,TANJUNG ENIM LESTARI,TARAHAN,SUMATERA SELATAN,150,63401,MARUBENI,MARUBENI CORP,JAPAN,#N/A,JAPAN
2016,470329,MARUBENI,TANJUNG ENIM LESTARI,TARAHAN,SUMATERA SELATAN,1000,442862,MARUBENI,MARUBENI CORP,JAPAN,#N/A,CHINA (MAINLAND)
2016,470329,MARUBENI,TANJUNG ENIM LESTARI,TARAHAN,SUMATERA SELATAN,353,149053,MARUBENI,MARUBENI CORP,JAPAN,#N/A,JAPAN
2016,470329,MARUBENI,TANJUNG ENIM LESTARI,TARAHAN,SUMATERA SELATAN,200,84336,MARUBENI,MARUBENI CORP,JAPAN,#N/A,JAPAN
2016,470329,SINAR MAS,LONTAR PAPYRUS,KUALA TUNGKAL,JAMBI,1001,484853,UNKNOWN AFFILIATION,FREELAND UNIVERSAL LTD,CHINA (HONG KONG),#N/A,CHINA (MAINLAND)
2016,470329,SINAR MAS,INDAH KIAT,PERAWANG,RIAU,600,292980,UNKNOWN AFFILIATION,FREELAND UNIVERSAL LTD,CHINA (HONG KONG),#N/A,CHINA (MAINLAND)
2016,470329,MARUBENI,TANJUNG ENIM LESTARI,TARAHAN,SUMATERA SELATAN,991,443973,MARUBENI,MARUBENI CORP,JAPAN,#N/A,CHINA (MAINLAND)
2016,470329,MARUBENI,TANJUNG ENIM LESTARI,TARAHAN,SUMATERA SELATAN,52,22265,MARUBENI,MARUBENI CORP,JAPAN,#N/A,TAIWAN
2016,470329,SINAR MAS,INDAH KIAT,PERAWANG,RIAU,1000,478410,SINAR MAS,GOLDEN PROFIT TRADING PTE LTD,SINGAPORE,#N/A,CHINA (MAINLAND)
2016,470329,MARUBENI,TANJUNG ENIM LESTARI,TARAHAN,SUMATERA SELATAN,1364,585291,MARUBENI,MARUBENI CORP,JAPAN,#N/A,TAIWAN
2016,470329,MARUBENI,TANJUNG ENIM LESTARI,TARAHAN,SUMATERA SELATAN,951,408577,MARUBENI,MARUBENI CORP,JAPAN,#N/A,TAIWAN
2016,470329,SINAR MAS,INDAH KIAT,SUNGAI PAKNING,RIAU,2100,1020600,UNKNOWN AFFILIATION,SUZHOU HUANG YI TRADE CO LTD,CHINA (MAINLAND),#N/A,CHINA (MAINLAND)
2016,470329,MARUBENI,TANJUNG ENIM LESTARI,TARAHAN,SUMATERA SELATAN,523,234476,MARUBENI,MARUBENI CORP,JAPAN,#N/A,CHINA (MAINLAND)
2016,470329,MARUBENI,TANJUNG ENIM LESTARI,TARAHAN,SUMATERA SELATAN,1300,548372,MARUBENI,MARUBENI CORP,JAPAN,#N/A,JAPAN
2016,470329,MARUBENI,TANJUNG ENIM LESTARI,TARAHAN,SUMATERA SELATAN,420,182465,MARUBENI,MARUBENI CORP,JAPAN,#N/A,TAIWAN
2016,470329,MARUBENI,TANJUNG ENIM LESTARI,TARAHAN,SUMATERA SELATAN,103,44212,MARUBENI,MARUBENI CORP,JAPAN,#N/A,TAIWAN
2016,470329,MARUBENI,TANJUNG ENIM LESTARI,TARAHAN,SUMATERA SELATAN,350,147519,MARUBENI,MARUBENI CORP,JAPAN,#N/A,JAPAN
2016,470329,SINAR MAS,LONTAR PAPYRUS,KUALA TUNGKAL,JAMBI,300,147705,SINAR MAS,GOLDEN PROFIT TRADING PTE LTD,SINGAPORE,#N/A,INDIA
2016,470329,SINAR MAS,LONTAR PAPYRUS,KUALA TUNGKAL,JAMBI,638,296352,UNKNOWN AFFILIATION,FREELAND UNIVERSAL LTD,CHINA (HONG KONG),#N/A,CHINA (MAINLAND)
2016,470329,MARUBENI,TANJUNG ENIM LESTARI,TARAHAN,SUMATERA SELATAN,700,312221,MARUBENI,MARUBENI CORP,JAPAN,#N/A,JAPAN
2016,470329,MARUBENI,TANJUNG ENIM LESTARI,TARAHAN,SUMATERA SELATAN,1000,442925,MARUBENI,MARUBENI CORP,JAPAN,#N/A,CHINA (MAINLAND)
2016,470329,ROYAL GOLDEN EAGLE,TOBA PULP LESTARI,BELAWAN,SUMATERA UTARA,993,421951,ROYAL GOLDEN EAGLE,DP MARKETING INTERNATIONAL,MACAO,#N/A,CHINA (MAINLAND)
2016,470329,ROYAL GOLDEN EAGLE,APRIL,BUATAN,RIAU,502,195970,ROYAL GOLDEN EAGLE,ALKIRA TRADING (MACAO COMMERCIAL OFFSHORE) LTD,MACAO,#N/A,CHINA (MAINLAND)
2016,470329,SINAR MAS,INDAH KIAT,PERAWANG,RIAU,1000,482800,SINAR MAS,GOLDEN PROFIT TRADING PTE LTD,SINGAPORE,#N/A,INDIA
2016,470329,ROYAL GOLDEN EAGLE,APRIL,FUTONG,RIAU,5126,1999042,ROYAL GOLDEN EAGLE,ALKIRA TRADING (MACAO COMMERCIAL OFFSHORE) LTD,MACAO,#N/A,CHINA (MAINLAND)
2016,470329,ROYAL GOLDEN EAGLE,TOBA PULP LESTARI,BELAWAN,SUMATERA UTARA,498,216466,ROYAL GOLDEN EAGLE,DP MARKETING INTERNATIONAL,MACAO,#N/A,CHINA (MAINLAND)
2016,470329,ROYAL GOLDEN EAGLE,APRIL,FUTONG,RIAU,6750,2632402,ROYAL GOLDEN EAGLE,ALKIRA TRADING (MACAO COMMERCIAL OFFSHORE) LTD,MACAO,#N/A,CHINA (MAINLAND)
2016,470329,ROYAL GOLDEN EAGLE,APRIL,BUATAN,RIAU,1004,391546,ROYAL GOLDEN EAGLE,ALKIRA TRADING (MACAO COMMERCIAL OFFSHORE) LTD,MACAO,#N/A,SLOVENIA
2016,470329,SINAR MAS,INDAH KIAT,PERAWANG,RIAU,500,241400,SINAR MAS,GOLDEN PROFIT TRADING PTE LTD,SINGAPORE,#N/A,INDIA
2016,470329,ROYAL GOLDEN EAGLE,TOBA PULP LESTARI,BELAWAN,SUMATERA UTARA,994,422342,ROYAL GOLDEN EAGLE,DP MARKETING INTERNATIONAL,MACAO,#N/A,CHINA (MAINLAND)
2016,470329,ROYAL GOLDEN EAGLE,APRIL,BUATAN,RIAU,502,195820,ROYAL GOLDEN EAGLE,ALKIRA TRADING (MACAO COMMERCIAL OFFSHORE) LTD,MACAO,#N/A,CHINA (MAINLAND)
2016,470329,ROYAL GOLDEN EAGLE,TOBA PULP LESTARI,BELAWAN,SUMATERA UTARA,497,211097,ROYAL GOLDEN EAGLE,DP MARKETING INTERNATIONAL,MACAO,#N/A,CHINA (MAINLAND)
2016,470329,ROYAL GOLDEN EAGLE,APRIL,FUTONG,RIAU,5627,2194345,ROYAL GOLDEN EAGLE,APRIL FAR EAST MALAYSIA SDN BHD,MALAYSIA,#N/A,CHINA (MAINLAND)
2016,470329,SINAR MAS,LONTAR PAPYRUS,KUALA TUNGKAL,JAMBI,1101,533436,UNKNOWN AFFILIATION,FREELAND UNIVERSAL LTD,CHINA (HONG KONG),#N/A,CHINA (MAINLAND)
2016,470329,ROYAL GOLDEN EAGLE,APRIL,BUATAN,RIAU,217,84615,ROYAL GOLDEN EAGLE,AP ENTERPRISES (MACAO) COMMERCIAL OFFSHORE LTD,MACAO,#N/A,PAKISTAN
2016,470329,ROYAL GOLDEN EAGLE,APRIL,BUATAN,RIAU,501,195441,ROYAL GOLDEN EAGLE,ALKIRA TRADING (MACAO COMMERCIAL OFFSHORE) LTD,MACAO,#N/A,CHINA (MAINLAND)
2016,470329,SINAR MAS,LONTAR PAPYRUS,KUALA TUNGKAL,JAMBI,160,79926,UNKNOWN AFFILIATION,FREELAND UNIVERSAL LTD,CHINA (HONG KONG),#N/A,CHINA (MAINLAND)
2016,470329,ROYAL GOLDEN EAGLE,APRIL,BUATAN,RIAU,601,234416,ROYAL GOLDEN EAGLE,ALKIRA TRADING (MACAO COMMERCIAL OFFSHORE) LTD,MACAO,#N/A,CHINA (MAINLAND)
2016,470329,SINAR MAS,LONTAR PAPYRUS,KUALA TUNGKAL,JAMBI,200,97539,SINAR MAS,GOLDEN PROFIT TRADING PTE LTD,SINGAPORE,#N/A,INDIA
2016,470329,ROYAL GOLDEN EAGLE,TOBA PULP LESTARI,BELAWAN,SUMATERA UTARA,497,216406,ROYAL GOLDEN EAGLE,DP MARKETING INTERNATIONAL,MACAO,#N/A,CHINA (MAINLAND)
2016,470329,SINAR MAS,LONTAR PAPYRUS,KUALA TUNGKAL,JAMBI,840,419275,UNKNOWN AFFILIATION,FREELAND UNIVERSAL LTD,CHINA (HONG KONG),#N/A,CHINA (MAINLAND)
2016,470329,SINAR MAS,LONTAR PAPYRUS,KUALA TUNGKAL,JAMBI,601,301691,SINAR MAS,GOLDEN PROFIT TRADING PTE LTD,SINGAPORE,#N/A,BANGLADESH
2016,470329,ROYAL GOLDEN EAGLE,APRIL,BUATAN,RIAU,401,156558,ROYAL GOLDEN EAGLE,ALKIRA TRADING (MACAO COMMERCIAL OFFSHORE) LTD,MACAO,#N/A,CHINA (MAINLAND)
2016,470329,MARUBENI,TANJUNG ENIM LESTARI,TANJUNG PRIOK,SUMATERA SELATAN,489,218137,MARUBENI,MARUBENI CORP,JAPAN,#N/A,CHINA (MAINLAND)
2016,470329,ROYAL GOLDEN EAGLE,APRIL,FUTONG,RIAU,2761,1076892,ROYAL GOLDEN EAGLE,AP ENTERPRISES (MACAO) COMMERCIAL OFFSHORE LTD,MACAO,#N/A,SOUTH KOREA
2016,470329,ROYAL GOLDEN EAGLE,APRIL,BUATAN,RIAU,502,195679,ROYAL GOLDEN EAGLE,ALKIRA TRADING (MACAO COMMERCIAL OFFSHORE) LTD,MACAO,#N/A,CHINA (MAINLAND)
2016,470329,SINAR MAS,LONTAR PAPYRUS,KUALA TUNGKAL,JAMBI,500,246028,SINAR MAS,GOLDEN PROFIT TRADING PTE LTD,SINGAPORE,#N/A,BANGLADESH
2016,470329,SINAR MAS,LONTAR PAPYRUS,KUALA TUNGKAL,JAMBI,1101,525903,UNKNOWN AFFILIATION,FREELAND UNIVERSAL LTD,CHINA (HONG KONG),#N/A,CHINA (MAINLAND)
2016,470329,ROYAL GOLDEN EAGLE,APRIL,FUTONG,RIAU,2260,881497,ROYAL GOLDEN EAGLE,APEL ENTERPRISES (SINGAPORE) PTE LTD,SINGAPORE,#N/A,SOUTH KOREA
2016,470329,ROYAL GOLDEN EAGLE,APRIL,FUTONG,RIAU,5022,1958693,ROYAL GOLDEN EAGLE,AP ENTERPRISES (MACAO) COMMERCIAL OFFSHORE LTD,MACAO,#N/A,SOUTH KOREA
2016,470329,ROYAL GOLDEN EAGLE,APRIL,BUATAN,RIAU,60,23561,ROYAL GOLDEN EAGLE,APEL ENTERPRISES (SINGAPORE) PTE LTD,SINGAPORE,#N/A,INDIA
2016,470329,SINAR MAS,LONTAR PAPYRUS,KUALA TUNGKAL,JAMBI,300,145871,SINAR MAS,GOLDEN PROFIT TRADING PTE LTD,SINGAPORE,#N/A,BANGLADESH
2016,470329,ROYAL GOLDEN EAGLE,APRIL,BUATAN,RIAU,502,195841,ROYAL GOLDEN EAGLE,AP ENTERPRISES (MACAO) COMMERCIAL OFFSHORE LTD,MACAO,#N/A,BANGLADESH
2016,470329,SINAR MAS,INDAH KIAT,PERAWANG,RIAU,500,249918,SINAR MAS,GOLDEN PROFIT TRADING PTE LTD,SINGAPORE,#N/A,BANGLADESH
2016,470329,ROYAL GOLDEN EAGLE,APRIL,BUATAN,RIAU,301,117433,ROYAL GOLDEN EAGLE,AP ENTERPRISES (MACAO) COMMERCIAL OFFSHORE LTD,MACAO,#N/A,BANGLADESH
2016,470329,MARUBENI,TANJUNG ENIM LESTARI,PANJANG,SUMATERA SELATAN,1002,431946,MARUBENI,MARUBENI CORP,JAPAN,#N/A,THAILAND
2016,470329,SINAR MAS,INDAH KIAT,PERAWANG,RIAU,1000,489862,SINAR MAS,GOLDEN PROFIT TRADING PTE LTD,SINGAPORE,#N/A,VIETNAM
2016,470329,ROYAL GOLDEN EAGLE,APRIL,BUATAN,RIAU,2007,782849,ROYAL GOLDEN EAGLE,ALKIRA TRADING (MACAO COMMERCIAL OFFSHORE) LTD,MACAO,#N/A,CHINA (MAINLAND)
2016,470329,ROYAL GOLDEN EAGLE,APRIL,BUATAN,RIAU,501,195427,ROYAL GOLDEN EAGLE,AP ENTERPRISES (MACAO) COMMERCIAL OFFSHORE LTD,MACAO,#N/A,BANGLADESH
2016,470329,ROYAL GOLDEN EAGLE,APRIL,BUATAN,RIAU,201,78509,ROYAL GOLDEN EAGLE,APEL ENTERPRISES (SINGAPORE) PTE LTD,SINGAPORE,#N/A,INDIA
2016,470329,ROYAL GOLDEN EAGLE,APRIL,BUATAN,RIAU,38,15290,ROYAL GOLDEN EAGLE,APEL ENTERPRISES (SINGAPORE) PTE LTD,SINGAPORE,#N/A,IRAN
2016,470329,ROYAL GOLDEN EAGLE,APRIL,BUATAN,RIAU,395,154144,ROYAL GOLDEN EAGLE,APEL ENTERPRISES (SINGAPORE) PTE LTD,SINGAPORE,#N/A,IRAN
2016,470329,ROYAL GOLDEN EAGLE,APRIL,FUTONG,RIAU,10468,4087616,ROYAL GOLDEN EAGLE,ALKIRA TRADING (MACAO COMMERCIAL OFFSHORE) LTD,MACAO,#N/A,CHINA (MAINLAND)
2016,470329,ROYAL GOLDEN EAGLE,APRIL,BUATAN,RIAU,101,39505,ROYAL GOLDEN EAGLE,APEL ENTERPRISES (SINGAPORE) PTE LTD,SINGAPORE,#N/A,INDIA
2016,470329,ROYAL GOLDEN EAGLE,APRIL,BUATAN,RIAU,502,195687,ROYAL GOLDEN EAGLE,APEL ENTERPRISES (SINGAPORE) PTE LTD,SINGAPORE,#N/A,INDIA
2016,470329,MARUBENI,TANJUNG ENIM LESTARI,PANJANG,SUMATERA SELATAN,494,221176,MARUBENI,MARUBENI CORP,JAPAN,#N/A,CHINA (MAINLAND)
2016,470329,MARUBENI,TANJUNG ENIM LESTARI,PANJANG,SUMATERA SELATAN,190,83205,MARUBENI,MARUBENI CORP,JAPAN,#N/A,CHINA (MAINLAND)
2016,470329,ROYAL GOLDEN EAGLE,APRIL,BUATAN,RIAU,61,23691,ROYAL GOLDEN EAGLE,APEL ENTERPRISES (SINGAPORE) PTE LTD,SINGAPORE,#N/A,INDIA
2016,470329,SINAR MAS,INDAH KIAT,PERAWANG,RIAU,500,244918,SINAR MAS,GOLDEN PROFIT TRADING PTE LTD,SINGAPORE,#N/A,BANGLADESH
2016,470329,ROYAL GOLDEN EAGLE,APRIL,BUATAN,RIAU,502,195743,ROYAL GOLDEN EAGLE,ALKIRA TRADING (MACAO COMMERCIAL OFFSHORE) LTD,MACAO,#N/A,CHINA (MAINLAND)
2016,470329,ROYAL GOLDEN EAGLE,TOBA PULP LESTARI,BELAWAN,SUMATERA UTARA,496,210780,ROYAL GOLDEN EAGLE,DP MARKETING INTERNATIONAL,MACAO,#N/A,CHINA (MAINLAND)
2016,470329,ROYAL GOLDEN EAGLE,TOBA PULP LESTARI,BELAWAN,SUMATERA UTARA,496,210989,ROYAL GOLDEN EAGLE,DP MARKETING INTERNATIONAL,MACAO,#N/A,CHINA (MAINLAND)
2016,470329,SINAR MAS,INDAH KIAT,PERAWANG,RIAU,1000,497338,SINAR MAS,GOLDEN PROFIT TRADING PTE LTD,SINGAPORE,#N/A,INDIA
2016,470329,MARUBENI,TANJUNG ENIM LESTARI,PANJANG,SUMATERA SELATAN,494,222847,MARUBENI,MARUBENI CORP,JAPAN,#N/A,CHINA (MAINLAND)
2016,470329,ROYAL GOLDEN EAGLE,APRIL,BUATAN,RIAU,60,23512,ROYAL GOLDEN EAGLE,APEL ENTERPRISES (SINGAPORE) PTE LTD,SINGAPORE,#N/A,INDIA
2016,470329,ROYAL GOLDEN EAGLE,APRIL,BUATAN,RIAU,101,39218,ROYAL GOLDEN EAGLE,APEL ENTERPRISES (SINGAPORE) PTE LTD,SINGAPORE,#N/A,INDIA
2016,470329,ROYAL GOLDEN EAGLE,APRIL,BUATAN,RIAU,602,234629,ROYAL GOLDEN EAGLE,ALKIRA TRADING (MACAO COMMERCIAL OFFSHORE) LTD,MACAO,#N/A,CHINA (MAINLAND)
2016,470329,ROYAL GOLDEN EAGLE,TOBA PULP LESTARI,BELAWAN,SUMATERA UTARA,496,210963,ROYAL GOLDEN EAGLE,DP MARKETING INTERNATIONAL,MACAO,#N/A,CHINA (MAINLAND)
2016,470329,ROYAL GOLDEN EAGLE,TOBA PULP LESTARI,BELAWAN,SUMATERA UTARA,496,210981,ROYAL GOLDEN EAGLE,DP MARKETING INTERNATIONAL,MACAO,#N/A,CHINA (MAINLAND)
2016,470329,ROYAL GOLDEN EAGLE,APRIL,BUATAN,RIAU,502,195641,ROYAL GOLDEN EAGLE,AP ENTERPRISES (MACAO) COMMERCIAL OFFSHORE LTD,MACAO,#N/A,BANGLADESH
2016,470329,SINAR MAS,INDAH KIAT,PERAWANG,RIAU,500,246400,SINAR MAS,GOLDEN PROFIT TRADING PTE LTD,SINGAPORE,#N/A,INDIA
2016,470329,ROYAL GOLDEN EAGLE,APRIL,BUATAN,RIAU,502,195619,ROYAL GOLDEN EAGLE,APRIL FAR EAST MALAYSIA SDN BHD,MALAYSIA,#N/A,CHINA (MAINLAND)
2016,470329,SINAR MAS,INDAH KIAT,PERAWANG,RIAU,1000,492800,SINAR MAS,GOLDEN PROFIT TRADING PTE LTD,SINGAPORE,#N/A,INDIA
2016,470329,ROYAL GOLDEN EAGLE,APRIL,FUTONG,RIAU,2060,803267,ROYAL GOLDEN EAGLE,APEL ENTERPRISES (SINGAPORE) PTE LTD,SINGAPORE,#N/A,JAPAN
2016,470329,ROYAL GOLDEN EAGLE,APRIL,BUATAN,RIAU,502,195735,ROYAL GOLDEN EAGLE,ALKIRA TRADING (MACAO COMMERCIAL OFFSHORE) LTD,MACAO,#N/A,CHINA (MAINLAND)
2016,470329,ROYAL GOLDEN EAGLE,TOBA PULP LESTARI,BELAWAN,SUMATERA UTARA,497,211127,ROYAL GOLDEN EAGLE,DP MARKETING INTERNATIONAL,MACAO,#N/A,CHINA (MAINLAND)
2016,470329,ROYAL GOLDEN EAGLE,APRIL,FUTONG,RIAU,5024,1959345,ROYAL GOLDEN EAGLE,ALKIRA TRADING (MACAO COMMERCIAL OFFSHORE) LTD,MACAO,#N/A,CHINA (MAINLAND)
2016,470329,ROYAL GOLDEN EAGLE,APRIL,BUATAN,RIAU,1004,391479,ROYAL GOLDEN EAGLE,APRIL FAR EAST MALAYSIA SDN BHD,MALAYSIA,#N/A,CHINA (MAINLAND)
2016,470329,SINAR MAS,LONTAR PAPYRUS,KUALA TUNGKAL,JAMBI,1000,488897,SINAR MAS,GOLDEN PROFIT TRADING PTE LTD,SINGAPORE,#N/A,INDIA
2016,470329,ROYAL GOLDEN EAGLE,APRIL,BUATAN,RIAU,804,313421,ROYAL GOLDEN EAGLE,APRIL FAR EAST MALAYSIA SDN BHD,MALAYSIA,#N/A,CHINA (MAINLAND)
2016,470329,ROYAL GOLDEN EAGLE,APRIL,FUTONG,RIAU,2059,803192,ROYAL GOLDEN EAGLE,APEL ENTERPRISES (SINGAPORE) PTE LTD,SINGAPORE,#N/A,JAPAN
2016,470329,ROYAL GOLDEN EAGLE,APRIL,FUTONG,RIAU,2010,783714,ROYAL GOLDEN EAGLE,APEL ENTERPRISES (SINGAPORE) PTE LTD,SINGAPORE,#N/A,JAPAN
2016,470329,ROYAL GOLDEN EAGLE,TOBA PULP LESTARI,BELAWAN,SUMATERA UTARA,518,220190,ROYAL GOLDEN EAGLE,DP MARKETING INTERNATIONAL,MACAO,#N/A,CHINA (MAINLAND)
2016,470329,ROYAL GOLDEN EAGLE,APRIL,BUATAN,RIAU,80,31301,ROYAL GOLDEN EAGLE,APEL ENTERPRISES (SINGAPORE) PTE LTD,SINGAPORE,#N/A,INDIA
2016,470329,MARUBENI,TANJUNG ENIM LESTARI,TARAHAN,SUMATERA SELATAN,401,184165,MARUBENI,MARUBENI CORP,JAPAN,#N/A,SOUTH KOREA
2016,470329,MARUBENI,TANJUNG ENIM LESTARI,TARAHAN,SUMATERA SELATAN,528,221632,MARUBENI,MARUBENI CORP,JAPAN,#N/A,SOUTH KOREA
2016,470329,MARUBENI,TANJUNG ENIM LESTARI,TARAHAN,SUMATERA SELATAN,200,85165,MARUBENI,MARUBENI CORP,JAPAN,#N/A,JAPAN
2016,470329,MARUBENI,TANJUNG ENIM LESTARI,TARAHAN,SUMATERA SELATAN,3001,1305682,MARUBENI,MARUBENI CORP,JAPAN,#N/A,CHINA (MAINLAND)
2016,470329,MARUBENI,TANJUNG ENIM LESTARI,TARAHAN,SUMATERA SELATAN,450,191575,MARUBENI,MARUBENI CORP,JAPAN,#N/A,JAPAN
2016,470329,MARUBENI,TANJUNG ENIM LESTARI,TARAHAN,SUMATERA SELATAN,100,45612,MARUBENI,MARUBENI CORP,JAPAN,#N/A,SOUTH KOREA
2016,470329,ROYAL GOLDEN EAGLE,APRIL,BUATAN,RIAU,501,195423,ROYAL GOLDEN EAGLE,ALKIRA TRADING (MACAO COMMERCIAL OFFSHORE) LTD,MACAO,#N/A,CHINA (MAINLAND)
2016,470329,ROYAL GOLDEN EAGLE,APRIL,BUATAN,RIAU,496,193353,ROYAL GOLDEN EAGLE,AP ENTERPRISES (MACAO) COMMERCIAL OFFSHORE LTD,MACAO,#N/A,BANGLADESH
2016,470329,ROYAL GOLDEN EAGLE,APRIL,BUATAN,RIAU,301,117435,ROYAL GOLDEN EAGLE,ALKIRA TRADING (MACAO COMMERCIAL OFFSHORE) LTD,MACAO,#N/A,CHINA (MAINLAND)
2016,470329,ROYAL GOLDEN EAGLE,APRIL,BUATAN,RIAU,1004,391387,ROYAL GOLDEN EAGLE,APEL ENTERPRISES (SINGAPORE) PTE LTD,SINGAPORE,#N/A,INDIA
2016,470329,MARUBENI,TANJUNG ENIM LESTARI,TARAHAN,SUMATERA SELATAN,699,301147,MARUBENI,MARUBENI CORP,JAPAN,#N/A,JAPAN
2016,470329,MARUBENI,TANJUNG ENIM LESTARI,TARAHAN,SUMATERA SELATAN,1060,444712,MARUBENI,MARUBENI CORP,JAPAN,#N/A,SOUTH KOREA
2016,470329,SINAR MAS,INDAH KIAT,PERAWANG,RIAU,500,249919,SINAR MAS,GOLDEN PROFIT TRADING PTE LTD,SINGAPORE,#N/A,BANGLADESH
2016,470329,MARUBENI,TANJUNG ENIM LESTARI,TARAHAN,SUMATERA SELATAN,1059,444226,MARUBENI,MARUBENI CORP,JAPAN,#N/A,SOUTH KOREA
2016,470329,SINAR MAS,LONTAR PAPYRUS,KUALA TUNGKAL,JAMBI,300,146510,SINAR MAS,GOLDEN PROFIT TRADING PTE LTD,SINGAPORE,#N/A,INDIA
2016,470329,SINAR MAS,INDAH KIAT,PERAWANG,RIAU,300,148176,SINAR MAS,GOLDEN PROFIT TRADING PTE LTD,SINGAPORE,#N/A,VIETNAM
2016,470329,SINAR MAS,INDAH KIAT,PERAWANG,RIAU,500,249919,SINAR MAS,GOLDEN PROFIT TRADING PTE LTD,SINGAPORE,#N/A,BANGLADESH
2016,470329,MARUBENI,TANJUNG ENIM LESTARI,TARAHAN,SUMATERA SELATAN,399,170005,MARUBENI,MARUBENI CORP,JAPAN,#N/A,JAPAN
2016,470329,ROYAL GOLDEN EAGLE,APRIL,BUATAN,RIAU,301,117399,ROYAL GOLDEN EAGLE,ALKIRA TRADING (MACAO COMMERCIAL OFFSHORE) LTD,MACAO,#N/A,CHINA (MAINLAND)
2016,470329,SINAR MAS,LONTAR PAPYRUS,KUALA TUNGKAL,JAMBI,1001,489726,SINAR MAS,GOLDEN PROFIT TRADING PTE LTD,SINGAPORE,#N/A,INDIA
2016,470329,SINAR MAS,INDAH KIAT,PERAWANG,RIAU,500,244918,SINAR MAS,GOLDEN PROFIT TRADING PTE LTD,SINGAPORE,#N/A,BANGLADESH
2016,470329,SINAR MAS,INDAH KIAT,PERAWANG,RIAU,1000,497338,SINAR MAS,GOLDEN PROFIT TRADING PTE LTD,SINGAPORE,#N/A,INDIA
2016,470329,SINAR MAS,INDAH KIAT,PERAWANG,RIAU,500,227994,SINAR MAS,GOLDEN PROFIT TRADING PTE LTD,SINGAPORE,#N/A,UNITED ARAB EMIRATES
2016,470329,MARUBENI,TANJUNG ENIM LESTARI,TARAHAN,SUMATERA SELATAN,59,27606,MARUBENI,MARUBENI CORP,JAPAN,#N/A,JAPAN
2016,470329,ROYAL GOLDEN EAGLE,APRIL,BUATAN,RIAU,802,312892,ROYAL GOLDEN EAGLE,APRIL FAR EAST MALAYSIA SDN BHD,MALAYSIA,#N/A,CHINA (MAINLAND)
2016,470329,ROYAL GOLDEN EAGLE,APRIL,BUATAN,RIAU,1004,391369,ROYAL GOLDEN EAGLE,APRIL FAR EAST MALAYSIA SDN BHD,MALAYSIA,#N/A,CHINA (MAINLAND)
2016,470329,ROYAL GOLDEN EAGLE,APRIL,BUATAN,RIAU,803,313198,ROYAL GOLDEN EAGLE,APRIL FAR EAST MALAYSIA SDN BHD,MALAYSIA,#N/A,CHINA (MAINLAND)
2016,470329,ROYAL GOLDEN EAGLE,APRIL,BUATAN,RIAU,503,196027,ROYAL GOLDEN EAGLE,AP ENTERPRISES (MACAO) COMMERCIAL OFFSHORE LTD,MACAO,#N/A,BANGLADESH
2016,470329,MARUBENI,TANJUNG ENIM LESTARI,PANJANG,SUMATERA SELATAN,803,360472,MARUBENI,MARUBENI CORP,JAPAN,#N/A,INDIA
2016,470329,SINAR MAS,INDAH KIAT,PERAWANG,RIAU,40,19735,SINAR MAS,GOLDEN PROFIT TRADING PTE LTD,SINGAPORE,#N/A,INDIA
2016,470329,SINAR MAS,INDAH KIAT,SUNGAI PAKNING,RIAU,2600,1264250,UNKNOWN AFFILIATION,SUZHOU HUANG YI TRADE CO LTD,CHINA (MAINLAND),#N/A,CHINA (MAINLAND)
2016,470329,SINAR MAS,INDAH KIAT,SUNGAI PAKNING,RIAU,2000,972500,UNKNOWN AFFILIATION,SUZHOU HUANG YI TRADE CO LTD,CHINA (MAINLAND),#N/A,CHINA (MAINLAND)
2016,470329,ROYAL GOLDEN EAGLE,APRIL,BUATAN,RIAU,201,78373,ROYAL GOLDEN EAGLE,APEL ENTERPRISES (SINGAPORE) PTE LTD,SINGAPORE,#N/A,INDIA
2016,470329,ROYAL GOLDEN EAGLE,APRIL,BUATAN,RIAU,241,93984,ROYAL GOLDEN EAGLE,AP ENTERPRISES (MACAO) COMMERCIAL OFFSHORE LTD,MACAO,#N/A,BANGLADESH
2016,470329,SINAR MAS,INDAH KIAT,SUNGAI PAKNING,RIAU,2600,1264250,UNKNOWN AFFILIATION,SUZHOU HUANG YI TRADE CO LTD,CHINA (MAINLAND),#N/A,CHINA (MAINLAND)
2016,470329,ROYAL GOLDEN EAGLE,APRIL,BUATAN,RIAU,803,313135,ROYAL GOLDEN EAGLE,APRIL FAR EAST MALAYSIA SDN BHD,MALAYSIA,#N/A,CHINA (MAINLAND)
2016,470329,SINAR MAS,INDAH KIAT,SUNGAI PAKNING,RIAU,2100,1021125,UNKNOWN AFFILIATION,NINGBO CROWN OF CHINA ENERGY CO LTD,CHINA (MAINLAND),#N/A,CHINA (MAINLAND)
2016,470329,ROYAL GOLDEN EAGLE,APRIL,BUATAN,RIAU,503,195978,ROYAL GOLDEN EAGLE,AP ENTERPRISES (MACAO) COMMERCIAL OFFSHORE LTD,MACAO,#N/A,BANGLADESH
2016,470329,SINAR MAS,INDAH KIAT,SUNGAI PAKNING,RIAU,1000,476250,UNKNOWN AFFILIATION,SUZHOU HUANG YI TRADE CO LTD,CHINA (MAINLAND),#N/A,CHINA (MAINLAND)
2016,470329,ROYAL GOLDEN EAGLE,APRIL,BUATAN,RIAU,201,78308,ROYAL GOLDEN EAGLE,APEL ENTERPRISES (SINGAPORE) PTE LTD,SINGAPORE,#N/A,UNITED ARAB EMIRATES
2016,470329,MARUBENI,TANJUNG ENIM LESTARI,PANJANG,SUMATERA SELATAN,542,245584,MARUBENI,MARUBENI CORP,JAPAN,#N/A,CHINA (MAINLAND)
2016,470329,MARUBENI,TANJUNG ENIM LESTARI,TANJUNG PRIOK,SUMATERA SELATAN,491,219198,MARUBENI,MARUBENI CORP,JAPAN,#N/A,CHINA (MAINLAND)
2016,470329,ROYAL GOLDEN EAGLE,TOBA PULP LESTARI,BELAWAN,SUMATERA UTARA,497,211032,ROYAL GOLDEN EAGLE,DP MARKETING INTERNATIONAL,MACAO,#N/A,CHINA (MAINLAND)
2016,470329,MARUBENI,TANJUNG ENIM LESTARI,PANJANG,SUMATERA SELATAN,192,86182,MARUBENI,MARUBENI CORP,JAPAN,#N/A,INDIA
2016,470329,ROYAL GOLDEN EAGLE,APRIL,BUATAN,RIAU,101,39205,ROYAL GOLDEN EAGLE,APEL ENTERPRISES (SINGAPORE) PTE LTD,SINGAPORE,#N/A,INDIA
2016,470329,ROYAL GOLDEN EAGLE,APRIL,BUATAN,RIAU,60,23560,ROYAL GOLDEN EAGLE,APEL ENTERPRISES (SINGAPORE) PTE LTD,SINGAPORE,#N/A,INDIA
2016,470329,MARUBENI,TANJUNG ENIM LESTARI,PANJANG,SUMATERA SELATAN,262,115421,CELLMARK,CELLMARK ASIA PTE LTD,SINGAPORE,#N/A,BANGLADESH
2016,470329,ROYAL GOLDEN EAGLE,APRIL,BUATAN,RIAU,217,84723,ROYAL GOLDEN EAGLE,ALKIRA TRADING (MACAO COMMERCIAL OFFSHORE) LTD,MACAO,#N/A,TAIWAN
2016,470329,ROYAL GOLDEN EAGLE,APRIL,BUATAN,RIAU,496,193586,ROYAL GOLDEN EAGLE,APEL ENTERPRISES (SINGAPORE) PTE LTD,SINGAPORE,#N/A,IRAN
2016,470329,ROYAL GOLDEN EAGLE,APRIL,BUATAN,RIAU,803,313160,ROYAL GOLDEN EAGLE,APRIL FAR EAST MALAYSIA SDN BHD,MALAYSIA,#N/A,CHINA (MAINLAND)
2016,470329,ROYAL GOLDEN EAGLE,APRIL,BUATAN,RIAU,1004,391614,ROYAL GOLDEN EAGLE,APRIL FAR EAST MALAYSIA SDN BHD,MALAYSIA,#N/A,CHINA (MAINLAND)
2016,470329,SINAR MAS,INDAH KIAT,PERAWANG,RIAU,600,295680,SINAR MAS,GOLDEN PROFIT TRADING PTE LTD,SINGAPORE,#N/A,INDIA
2016,470329,MARUBENI,TANJUNG ENIM LESTARI,PANJANG,SUMATERA SELATAN,109,48893,MARUBENI,MARUBENI CORP,JAPAN,#N/A,INDIA
2016,470329,SINAR MAS,LONTAR PAPYRUS,KUALA TUNGKAL,JAMBI,1000,501986,SINAR MAS,GOLDEN PROFIT TRADING PTE LTD,SINGAPORE,#N/A,BANGLADESH
2016,470329,SINAR MAS,LONTAR PAPYRUS,KUALA TUNGKAL,JAMBI,240,120677,SINAR MAS,GOLDEN PROFIT TRADING PTE LTD,SINGAPORE,#N/A,BANGLADESH
2016,470329,SINAR MAS,LONTAR PAPYRUS,KUALA TUNGKAL,JAMBI,361,172285,UNKNOWN AFFILIATION,FREELAND UNIVERSAL LTD,CHINA (HONG KONG),#N/A,CHINA (MAINLAND)
2016,470329,SINAR MAS,INDAH KIAT,PERAWANG,RIAU,1000,492800,SINAR MAS,GOLDEN PROFIT TRADING PTE LTD,SINGAPORE,#N/A,INDIA
2016,470329,ROYAL GOLDEN EAGLE,APRIL,BUATAN,RIAU,502,195729,ROYAL GOLDEN EAGLE,AP ENTERPRISES (MACAO) COMMERCIAL OFFSHORE LTD,MACAO,#N/A,BANGLADESH
2016,470329,SINAR MAS,LONTAR PAPYRUS,KUALA TUNGKAL,JAMBI,501,251452,SINAR MAS,GOLDEN PROFIT TRADING PTE LTD,SINGAPORE,#N/A,BANGLADESH
2016,470329,ROYAL GOLDEN EAGLE,APRIL,BUATAN,RIAU,803,313064,ROYAL GOLDEN EAGLE,APRIL FAR EAST MALAYSIA SDN BHD,MALAYSIA,#N/A,CHINA (MAINLAND)
2016,470329,ROYAL GOLDEN EAGLE,APRIL,BUATAN,RIAU,241,94133,ROYAL GOLDEN EAGLE,APEL ENTERPRISES (SINGAPORE) PTE LTD,SINGAPORE,#N/A,IRAN
2016,470329,SINAR MAS,INDAH KIAT,PERAWANG,RIAU,1200,598725,SINAR MAS,GOLDEN PROFIT TRADING PTE LTD,SINGAPORE,#N/A,INDIA
2016,470329,SINAR MAS,LONTAR PAPYRUS,KUALA TUNGKAL,JAMBI,501,244420,SINAR MAS,GOLDEN PROFIT TRADING PTE LTD,SINGAPORE,#N/A,INDIA
2016,470329,SINAR MAS,LONTAR PAPYRUS,KUALA TUNGKAL,JAMBI,140,66942,UNKNOWN AFFILIATION,FREELAND UNIVERSAL LTD,CHINA (HONG KONG),#N/A,CHINA (MAINLAND)
2016,470329,ROYAL GOLDEN EAGLE,APRIL,BUATAN,RIAU,298,116192,ROYAL GOLDEN EAGLE,APEL ENTERPRISES (SINGAPORE) PTE LTD,SINGAPORE,#N/A,EGYPT
2016,470329,SINAR MAS,LONTAR PAPYRUS,KUALA TUNGKAL,JAMBI,662,313948,UNKNOWN AFFILIATION,FREELAND UNIVERSAL LTD,CHINA (HONG KONG),#N/A,CHINA (MAINLAND)
2016,470329,SINAR MAS,LONTAR PAPYRUS,KUALA TUNGKAL,JAMBI,300,145712,SINAR MAS,GOLDEN PROFIT TRADING PTE LTD,SINGAPORE,#N/A,BANGLADESH
2016,470329,ROYAL GOLDEN EAGLE,APRIL,BUATAN,RIAU,201,78300,ROYAL GOLDEN EAGLE,APEL ENTERPRISES (SINGAPORE) PTE LTD,SINGAPORE,#N/A,THAILAND
2016,470329,ROYAL GOLDEN EAGLE,APRIL,BUATAN,RIAU,503,196063,ROYAL GOLDEN EAGLE,AP ENTERPRISES (MACAO) COMMERCIAL OFFSHORE LTD,MACAO,#N/A,BANGLADESH
2016,470329,ROYAL GOLDEN EAGLE,TOBA PULP LESTARI,BELAWAN,SUMATERA UTARA,496,210778,ROYAL GOLDEN EAGLE,DP MARKETING INTERNATIONAL,MACAO,#N/A,CHINA (MAINLAND)
2016,470329,ROYAL GOLDEN EAGLE,TOBA PULP LESTARI,BELAWAN,SUMATERA UTARA,496,210884,ROYAL GOLDEN EAGLE,DP MARKETING INTERNATIONAL,MACAO,#N/A,CHINA (MAINLAND)
2016,470329,ROYAL GOLDEN EAGLE,APRIL,BUATAN,RIAU,503,196023,ROYAL GOLDEN EAGLE,APEL ENTERPRISES (SINGAPORE) PTE LTD,SINGAPORE,#N/A,INDIA
2016,470329,ROYAL GOLDEN EAGLE,TOBA PULP LESTARI,BELAWAN,SUMATERA UTARA,496,215925,ROYAL GOLDEN EAGLE,DP MARKETING INTERNATIONAL,MACAO,#N/A,TAIWAN
2016,470329,ROYAL GOLDEN EAGLE,APRIL,BUATAN,RIAU,1004,391553,ROYAL GOLDEN EAGLE,ALKIRA TRADING (MACAO COMMERCIAL OFFSHORE) LTD,MACAO,#N/A,CHINA (MAINLAND)
2016,470329,SINAR MAS,LONTAR PAPYRUS,KUALA TUNGKAL,JAMBI,308,143012,UNKNOWN AFFILIATION,FREELAND UNIVERSAL LTD,CHINA (HONG KONG),#N/A,CHINA (MAINLAND)
2016,470329,ROYAL GOLDEN EAGLE,APRIL,BUATAN,RIAU,1003,391096,ROYAL GOLDEN EAGLE,APRIL FAR EAST MALAYSIA SDN BHD,MALAYSIA,#N/A,CHINA (MAINLAND)
2016,470329,SINAR MAS,INDAH KIAT,PERAWANG,RIAU,500,249945,SINAR MAS,GOLDEN PROFIT TRADING PTE LTD,SINGAPORE,#N/A,BANGLADESH
2016,470329,ROYAL GOLDEN EAGLE,TOBA PULP LESTARI,BELAWAN,SUMATERA UTARA,496,210953,ROYAL GOLDEN EAGLE,DP MARKETING INTERNATIONAL,MACAO,#N/A,CHINA (MAINLAND)
2016,470329,ROYAL GOLDEN EAGLE,TOBA PULP LESTARI,BELAWAN,SUMATERA UTARA,495,210537,ROYAL GOLDEN EAGLE,DP MARKETING INTERNATIONAL,MACAO,#N/A,CHINA (MAINLAND)
2016,470329,ROYAL GOLDEN EAGLE,APRIL,BUATAN,RIAU,782,305109,ROYAL GOLDEN EAGLE,APEL ENTERPRISES (SINGAPORE) PTE LTD,SINGAPORE,#N/A,KUWAIT
2016,470329,ROYAL GOLDEN EAGLE,APRIL,FUTONG,RIAU,5829,2273364,ROYAL GOLDEN EAGLE,ALKIRA TRADING (MACAO COMMERCIAL OFFSHORE) LTD,MACAO,#N/A,CHINA (MAINLAND)
2016,470329,ROYAL GOLDEN EAGLE,APRIL,BUATAN,RIAU,803,313274,ROYAL GOLDEN EAGLE,APRIL FAR EAST MALAYSIA SDN BHD,MALAYSIA,#N/A,CHINA (MAINLAND)
2016,470329,ROYAL GOLDEN EAGLE,APRIL,BUATAN,RIAU,201,78396,ROYAL GOLDEN EAGLE,APEL ENTERPRISES (SINGAPORE) PTE LTD,SINGAPORE,#N/A,INDIA
2016,470329,ROYAL GOLDEN EAGLE,APRIL,BUATAN,RIAU,1005,391839,ROYAL GOLDEN EAGLE,APEL ENTERPRISES (SINGAPORE) PTE LTD,SINGAPORE,#N/A,INDIA
2016,470329,ROYAL GOLDEN EAGLE,APRIL,FUTONG,RIAU,4524,1764183,ROYAL GOLDEN EAGLE,ALKIRA TRADING (MACAO COMMERCIAL OFFSHORE) LTD,MACAO,#N/A,CHINA (MAINLAND)
2016,470329,ROYAL GOLDEN EAGLE,APRIL,BUATAN,RIAU,201,78379,ROYAL GOLDEN EAGLE,AP ENTERPRISES (MACAO) COMMERCIAL OFFSHORE LTD,MACAO,#N/A,BANGLADESH
2016,470329,SINAR MAS,INDAH KIAT,PERAWANG,RIAU,260,132873,SINAR MAS,GOLDEN PROFIT TRADING PTE LTD,SINGAPORE,#N/A,PAKISTAN
2016,470329,MARUBENI,TANJUNG ENIM LESTARI,TANJUNG PRIOK,SUMATERA SELATAN,997,444779,MARUBENI,MARUBENI CORP,JAPAN,#N/A,CHINA (MAINLAND)
2016,470329,ROYAL GOLDEN EAGLE,APRIL,BUATAN,RIAU,1004,391372,ROYAL GOLDEN EAGLE,APRIL FAR EAST MALAYSIA SDN BHD,MALAYSIA,#N/A,CHINA (MAINLAND)
2016,470329,ROYAL GOLDEN EAGLE,APRIL,BUATAN,RIAU,602,234624,ROYAL GOLDEN EAGLE,APRIL FAR EAST MALAYSIA SDN BHD,MALAYSIA,#N/A,CHINA (MAINLAND)
2016,470329,ROYAL GOLDEN EAGLE,APRIL,BUATAN,RIAU,1003,391333,ROYAL GOLDEN EAGLE,APRIL FAR EAST MALAYSIA SDN BHD,MALAYSIA,#N/A,CHINA (MAINLAND)
2016,470329,ROYAL GOLDEN EAGLE,APRIL,BUATAN,RIAU,1005,391801,ROYAL GOLDEN EAGLE,ALKIRA TRADING (MACAO COMMERCIAL OFFSHORE) LTD,MACAO,#N/A,CHINA (MAINLAND)
2016,470329,ROYAL GOLDEN EAGLE,APRIL,BUATAN,RIAU,503,196054,ROYAL GOLDEN EAGLE,AP ENTERPRISES (MACAO) COMMERCIAL OFFSHORE LTD,MACAO,#N/A,BANGLADESH
2016,470329,ROYAL GOLDEN EAGLE,APRIL,FUTONG,RIAU,4017,1566440,ROYAL GOLDEN EAGLE,ALKIRA TRADING (MACAO COMMERCIAL OFFSHORE) LTD,MACAO,#N/A,CHINA (MAINLAND)
2016,470329,MARUBENI,TANJUNG ENIM LESTARI,PANJANG,SUMATERA SELATAN,108,49120,MARUBENI,MARUBENI CORP,JAPAN,#N/A,INDIA
2016,470329,ROYAL GOLDEN EAGLE,APRIL,BUATAN,RIAU,802,312846,ROYAL GOLDEN EAGLE,APRIL FAR EAST MALAYSIA SDN BHD,MALAYSIA,#N/A,CHINA (MAINLAND)
2016,470329,ROYAL GOLDEN EAGLE,TOBA PULP LESTARI,BELAWAN,SUMATERA UTARA,496,210837,ROYAL GOLDEN EAGLE,DP MARKETING INTERNATIONAL,MACAO,#N/A,CHINA (MAINLAND)
2016,470329,ROYAL GOLDEN EAGLE,TOBA PULP LESTARI,BELAWAN,SUMATERA UTARA,496,210834,ROYAL GOLDEN EAGLE,DP MARKETING INTERNATIONAL,MACAO,#N/A,CHINA (MAINLAND)
2016,470329,ROYAL GOLDEN EAGLE,APRIL,BUATAN,RIAU,1004,391377,ROYAL GOLDEN EAGLE,APRIL FAR EAST MALAYSIA SDN BHD,MALAYSIA,#N/A,CHINA (MAINLAND)
2016,470329,SINAR MAS,LONTAR PAPYRUS,KUALA TUNGKAL,JAMBI,500,236929,SINAR MAS,GOLDEN PROFIT TRADING PTE LTD,SINGAPORE,#N/A,UNITED ARAB EMIRATES
2016,470329,MARUBENI,TANJUNG ENIM LESTARI,PANJANG,SUMATERA SELATAN,491,219524,MARUBENI,MARUBENI CORP,JAPAN,#N/A,CHINA (MAINLAND)
2016,470329,SINAR MAS,LONTAR PAPYRUS,KUALA TUNGKAL,JAMBI,1002,488924,SINAR MAS,GOLDEN PROFIT TRADING PTE LTD,SINGAPORE,#N/A,INDIA
2016,470329,ROYAL GOLDEN EAGLE,APRIL,FUTONG,RIAU,4520,1762806,ROYAL GOLDEN EAGLE,ALKIRA TRADING (MACAO COMMERCIAL OFFSHORE) LTD,MACAO,#N/A,CHINA (MAINLAND)
2016,470329,MARUBENI,TANJUNG ENIM LESTARI,PANJANG,SUMATERA SELATAN,495,220746,MARUBENI,MARUBENI CORP,JAPAN,#N/A,CHINA (MAINLAND)
2016,470329,SINAR MAS,INDAH KIAT,PERAWANG,RIAU,500,227994,SINAR MAS,GOLDEN PROFIT TRADING PTE LTD,SINGAPORE,#N/A,UNITED ARAB EMIRATES
2016,470329,SINAR MAS,INDAH KIAT,PERAWANG,RIAU,500,249945,SINAR MAS,GOLDEN PROFIT TRADING PTE LTD,SINGAPORE,#N/A,BANGLADESH
2016,470329,MARUBENI,TANJUNG ENIM LESTARI,PANJANG,SUMATERA SELATAN,497,218527,MARUBENI,MARUBENI CORP,JAPAN,#N/A,CHINA (MAINLAND)
2016,470329,ROYAL GOLDEN EAGLE,TOBA PULP LESTARI,BELAWAN,SUMATERA UTARA,496,210821,ROYAL GOLDEN EAGLE,DP MARKETING INTERNATIONAL,MACAO,#N/A,CHINA (MAINLAND)
2016,470329,MARUBENI,TANJUNG ENIM LESTARI,PANJANG,SUMATERA SELATAN,108,47864,MARUBENI,MARUBENI CORP,JAPAN,#N/A,INDIA
2016,470329,MARUBENI,TANJUNG ENIM LESTARI,PANJANG,SUMATERA SELATAN,500,225559,MARUBENI,MARUBENI CORP,JAPAN,#N/A,CHINA (MAINLAND)
2016,470329,ROYAL GOLDEN EAGLE,APRIL,BUATAN,RIAU,1003,391190,ROYAL GOLDEN EAGLE,APEL ENTERPRISES (SINGAPORE) PTE LTD,SINGAPORE,#N/A,SAUDI ARABIA
2016,470329,ROYAL GOLDEN EAGLE,APRIL,BUATAN,RIAU,702,273617,ROYAL GOLDEN EAGLE,APRIL FAR EAST MALAYSIA SDN BHD,MALAYSIA,#N/A,CHINA (MAINLAND)
2016,470329,SINAR MAS,INDAH KIAT,SUNGAI PAKNING,RIAU,2700,1317600,UNKNOWN AFFILIATION,FREELAND UNIVERSAL LTD,CHINA (HONG KONG),#N/A,CHINA (MAINLAND)
2016,470329,ROYAL GOLDEN EAGLE,TOBA PULP LESTARI,BELAWAN,SUMATERA UTARA,994,422354,ROYAL GOLDEN EAGLE,DP MARKETING INTERNATIONAL,MACAO,#N/A,CHINA (MAINLAND)
2016,470329,SINAR MAS,INDAH KIAT,SUNGAI PAKNING,RIAU,4000,1952000,UNKNOWN AFFILIATION,FREELAND UNIVERSAL LTD,CHINA (HONG KONG),#N/A,CHINA (MAINLAND)
2016,470329,ROYAL GOLDEN EAGLE,APRIL,BUATAN,RIAU,802,312927,ROYAL GOLDEN EAGLE,APRIL FAR EAST MALAYSIA SDN BHD,MALAYSIA,#N/A,CHINA (MAINLAND)
2016,470329,SINAR MAS,INDAH KIAT,PERAWANG,RIAU,500,241594,SINAR MAS,GOLDEN PROFIT TRADING PTE LTD,SINGAPORE,#N/A,INDIA
2016,470329,SINAR MAS,INDAH KIAT,PERAWANG,RIAU,500,243411,SINAR MAS,GOLDEN PROFIT TRADING PTE LTD,SINGAPORE,#N/A,INDIA
2016,470329,SINAR MAS,INDAH KIAT,PERAWANG,RIAU,500,246400,SINAR MAS,GOLDEN PROFIT TRADING PTE LTD,SINGAPORE,#N/A,INDIA
2016,470329,ROYAL GOLDEN EAGLE,APRIL,BUATAN,RIAU,60,23486,ROYAL GOLDEN EAGLE,APEL ENTERPRISES (SINGAPORE) PTE LTD,SINGAPORE,#N/A,INDIA
2016,470329,SINAR MAS,INDAH KIAT,SUNGAI PAKNING,RIAU,1900,927200,UNKNOWN AFFILIATION,FREELAND UNIVERSAL LTD,CHINA (HONG KONG),#N/A,CHINA (MAINLAND)
2016,470329,ROYAL GOLDEN EAGLE,APRIL,BUATAN,RIAU,20,7825,ROYAL GOLDEN EAGLE,AP ENTERPRISES (MACAO) COMMERCIAL OFFSHORE LTD,MACAO,#N/A,BANGLADESH
2016,470329,ROYAL GOLDEN EAGLE,APRIL,BUATAN,RIAU,297,115824,ROYAL GOLDEN EAGLE,APEL ENTERPRISES (SINGAPORE) PTE LTD,SINGAPORE,#N/A,EGYPT
2016,470329,SINAR MAS,INDAH KIAT,SUNGAI PAKNING,RIAU,1900,927200,UNKNOWN AFFILIATION,SUZHOU HUANG YI TRADE CO LTD,CHINA (MAINLAND),#N/A,CHINA (MAINLAND)
2016,470329,ROYAL GOLDEN EAGLE,APRIL,BUATAN,RIAU,1505,587104,ROYAL GOLDEN EAGLE,APEL ENTERPRISES (SINGAPORE) PTE LTD,SINGAPORE,#N/A,SAUDI ARABIA
2016,470329,ROYAL GOLDEN EAGLE,APRIL,BUATAN,RIAU,634,247244,ROYAL GOLDEN EAGLE,AP ENTERPRISES (MACAO) COMMERCIAL OFFSHORE LTD,MACAO,#N/A,PAKISTAN
2016,470329,SINAR MAS,LONTAR PAPYRUS,KUALA TUNGKAL,JAMBI,320,152443,UNKNOWN AFFILIATION,FREELAND UNIVERSAL LTD,CHINA (HONG KONG),#N/A,CHINA (MAINLAND)
2016,470329,ROYAL GOLDEN EAGLE,APRIL,BUATAN,RIAU,501,195495,ROYAL GOLDEN EAGLE,AP ENTERPRISES (MACAO) COMMERCIAL OFFSHORE LTD,MACAO,#N/A,BANGLADESH
2016,470329,ROYAL GOLDEN EAGLE,APRIL,BUATAN,RIAU,241,96265,ROYAL GOLDEN EAGLE,AP ENTERPRISES (MACAO) COMMERCIAL OFFSHORE LTD,MACAO,#N/A,BANGLADESH
2016,470329,ROYAL GOLDEN EAGLE,APRIL,BUATAN,RIAU,217,84476,ROYAL GOLDEN EAGLE,AP ENTERPRISES (MACAO) COMMERCIAL OFFSHORE LTD,MACAO,#N/A,PAKISTAN
2016,470329,SINAR MAS,LONTAR PAPYRUS,KUALA TUNGKAL,JAMBI,677,320432,UNKNOWN AFFILIATION,FREELAND UNIVERSAL LTD,CHINA (HONG KONG),#N/A,CHINA (MAINLAND)
2016,470329,ROYAL GOLDEN EAGLE,APRIL,FUTONG,RIAU,3546,1382933,ROYAL GOLDEN EAGLE,ALKIRA TRADING (MACAO COMMERCIAL OFFSHORE) LTD,MACAO,#N/A,CHINA (MAINLAND)
2016,470329,ROYAL GOLDEN EAGLE,APRIL,FUTONG,RIAU,4091,1595439,ROYAL GOLDEN EAGLE,ALKIRA TRADING (MACAO COMMERCIAL OFFSHORE) LTD,MACAO,#N/A,CHINA (MAINLAND)
2016,470329,ROYAL GOLDEN EAGLE,APRIL,BUATAN,RIAU,1005,391800,ROYAL GOLDEN EAGLE,ALKIRA TRADING (MACAO COMMERCIAL OFFSHORE) LTD,MACAO,#N/A,CHINA (MAINLAND)
2016,470329,ROYAL GOLDEN EAGLE,APRIL,FUTONG,RIAU,10604,4135416,ROYAL GOLDEN EAGLE,ALKIRA TRADING (MACAO COMMERCIAL OFFSHORE) LTD,MACAO,#N/A,CHINA (MAINLAND)
2016,470329,ROYAL GOLDEN EAGLE,TOBA PULP LESTARI,BELAWAN,SUMATERA UTARA,496,210726,ROYAL GOLDEN EAGLE,DP MARKETING INTERNATIONAL,MACAO,#N/A,CHINA (MAINLAND)
2016,470329,ROYAL GOLDEN EAGLE,APRIL,BUATAN,RIAU,402,156593,ROYAL GOLDEN EAGLE,APEL ENTERPRISES (SINGAPORE) PTE LTD,SINGAPORE,#N/A,THAILAND
2016,470329,MARUBENI,TANJUNG ENIM LESTARI,TANJUNG PRIOK,SUMATERA SELATAN,494,208023,MARUBENI,MARUBENI CORP,JAPAN,#N/A,CHINA (MAINLAND)
2016,470329,ROYAL GOLDEN EAGLE,APRIL,BUATAN,RIAU,702,273787,ROYAL GOLDEN EAGLE,ALKIRA TRADING (MACAO COMMERCIAL OFFSHORE) LTD,MACAO,#N/A,CHINA (MAINLAND)
2016,470329,ROYAL GOLDEN EAGLE,TOBA PULP LESTARI,BELAWAN,SUMATERA UTARA,496,210929,ROYAL GOLDEN EAGLE,DP MARKETING INTERNATIONAL,MACAO,#N/A,CHINA (MAINLAND)
2016,470329,ROYAL GOLDEN EAGLE,APRIL,BUATAN,RIAU,201,78281,ROYAL GOLDEN EAGLE,APEL ENTERPRISES (SINGAPORE) PTE LTD,SINGAPORE,#N/A,PHILIPPINES
2016,470329,ROYAL GOLDEN EAGLE,TOBA PULP LESTARI,BELAWAN,SUMATERA UTARA,992,421577,ROYAL GOLDEN EAGLE,DP MARKETING INTERNATIONAL,MACAO,#N/A,CHINA (MAINLAND)
2016,470329,ROYAL GOLDEN EAGLE,APRIL,BUATAN,RIAU,201,78328,ROYAL GOLDEN EAGLE,APEL ENTERPRISES (SINGAPORE) PTE LTD,SINGAPORE,#N/A,THAILAND
2016,470329,ROYAL GOLDEN EAGLE,APRIL,BUATAN,RIAU,60,23468,ROYAL GOLDEN EAGLE,APEL ENTERPRISES (SINGAPORE) PTE LTD,SINGAPORE,#N/A,INDIA
2016,470329,SINAR MAS,INDAH KIAT,PERAWANG,RIAU,500,246400,SINAR MAS,GOLDEN PROFIT TRADING PTE LTD,SINGAPORE,#N/A,INDIA
2016,470329,ROYAL GOLDEN EAGLE,APRIL,BUATAN,RIAU,60,23530,ROYAL GOLDEN EAGLE,APEL ENTERPRISES (SINGAPORE) PTE LTD,SINGAPORE,#N/A,INDIA
2016,470329,ROYAL GOLDEN EAGLE,APRIL,BUATAN,RIAU,100,39107,ROYAL GOLDEN EAGLE,APEL ENTERPRISES (SINGAPORE) PTE LTD,SINGAPORE,#N/A,INDIA
2016,470329,SINAR MAS,LONTAR PAPYRUS,KUALA TUNGKAL,JAMBI,500,230357,SINAR MAS,GOLDEN PROFIT TRADING PTE LTD,SINGAPORE,#N/A,CHINA (MAINLAND)
2016,470329,ROYAL GOLDEN EAGLE,APRIL,BUATAN,RIAU,297,115756,ROYAL GOLDEN EAGLE,APEL ENTERPRISES (SINGAPORE) PTE LTD,SINGAPORE,#N/A,EGYPT
2016,470329,SINAR MAS,INDAH KIAT,PERAWANG,RIAU,1000,483330,UNKNOWN AFFILIATION,FREELAND UNIVERSAL LTD,CHINA (HONG KONG),#N/A,CHINA (MAINLAND)
2016,470329,SINAR MAS,INDAH KIAT,PERAWANG,RIAU,1000,488300,UNKNOWN AFFILIATION,SUZHOU HUANG YI TRADE CO LTD,CHINA (MAINLAND),#N/A,CHINA (MAINLAND)
2016,470329,ROYAL GOLDEN EAGLE,APRIL,BUATAN,RIAU,1005,391904,ROYAL GOLDEN EAGLE,ALKIRA TRADING (MACAO COMMERCIAL OFFSHORE) LTD,MACAO,#N/A,CHINA (MAINLAND)
2016,470329,ROYAL GOLDEN EAGLE,APRIL,FUTONG,RIAU,5513,2150215,ROYAL GOLDEN EAGLE,ALKIRA TRADING (MACAO COMMERCIAL OFFSHORE) LTD,MACAO,#N/A,CHINA (MAINLAND)
2016,470329,ROYAL GOLDEN EAGLE,APRIL,BUATAN,RIAU,1003,391213,ROYAL GOLDEN EAGLE,ALKIRA TRADING (MACAO COMMERCIAL OFFSHORE) LTD,MACAO,#N/A,CHINA (MAINLAND)
2016,470329,ROYAL GOLDEN EAGLE,APRIL,BUATAN,RIAU,994,387525,ROYAL GOLDEN EAGLE,ALKIRA TRADING (MACAO COMMERCIAL OFFSHORE) LTD,MACAO,#N/A,CHINA (MAINLAND)
2016,470329,ROYAL GOLDEN EAGLE,APRIL,FUTONG,RIAU,3975,1550198,ROYAL GOLDEN EAGLE,ALKIRA TRADING (MACAO COMMERCIAL OFFSHORE) LTD,MACAO,#N/A,CHINA (MAINLAND)
2016,470329,ROYAL GOLDEN EAGLE,APRIL,BUATAN,RIAU,501,195413,ROYAL GOLDEN EAGLE,AP ENTERPRISES (MACAO) COMMERCIAL OFFSHORE LTD,MACAO,#N/A,BANGLADESH
2016,470329,MARUBENI,TANJUNG ENIM LESTARI,TANJUNG PRIOK,SUMATERA SELATAN,1009,436412,MARUBENI,MARUBENI CORP,JAPAN,#N/A,CHINA (MAINLAND)
2016,470329,MARUBENI,TANJUNG ENIM LESTARI,PANJANG,SUMATERA SELATAN,490,206477,MARUBENI,MARUBENI CORP,JAPAN,#N/A,CHINA (MAINLAND)
2016,470329,ROYAL GOLDEN EAGLE,APRIL,BUATAN,RIAU,1505,586887,ROYAL GOLDEN EAGLE,APEL ENTERPRISES (SINGAPORE) PTE LTD,SINGAPORE,#N/A,SAUDI ARABIA
2016,470329,SINAR MAS,LONTAR PAPYRUS,KUALA TUNGKAL,JAMBI,1012,438609,SINAR MAS,GOLDEN PROFIT TRADING PTE LTD,SINGAPORE,#N/A,CHINA (MAINLAND)
2016,470329,ROYAL GOLDEN EAGLE,TOBA PULP LESTARI,BELAWAN,SUMATERA UTARA,994,422275,ROYAL GOLDEN EAGLE,DP MARKETING INTERNATIONAL,MACAO,#N/A,CHINA (MAINLAND)
2016,470329,SINAR MAS,INDAH KIAT,PERAWANG,RIAU,20,10272,SINAR MAS,GOLDEN PROFIT TRADING PTE LTD,SINGAPORE,#N/A,PAKISTAN
2016,470329,SINAR MAS,INDAH KIAT,PERAWANG,RIAU,40,20544,SINAR MAS,GOLDEN PROFIT TRADING PTE LTD,SINGAPORE,#N/A,PAKISTAN
2016,470329,ROYAL GOLDEN EAGLE,APRIL,BUATAN,RIAU,1104,430568,ROYAL GOLDEN EAGLE,APEL ENTERPRISES (SINGAPORE) PTE LTD,SINGAPORE,#N/A,UNITED ARAB EMIRATES
2016,470329,MARUBENI,TANJUNG ENIM LESTARI,PANJANG,SUMATERA SELATAN,1538,663834,MARUBENI,MARUBENI CORP,JAPAN,#N/A,CHINA (MAINLAND)
2016,470329,MARUBENI,TANJUNG ENIM LESTARI,PANJANG,SUMATERA SELATAN,496,211352,MARUBENI,MARUBENI CORP,JAPAN,#N/A,INDIA
2016,470329,MARUBENI,TANJUNG ENIM LESTARI,PANJANG,SUMATERA SELATAN,306,151772,MARUBENI,MARUBENI CORP,JAPAN,#N/A,MALAYSIA
2016,470329,MARUBENI,TANJUNG ENIM LESTARI,PANJANG,SUMATERA SELATAN,497,211710,MARUBENI,MARUBENI CORP,JAPAN,#N/A,INDIA
2016,470329,SINAR MAS,LONTAR PAPYRUS,KUALA TUNGKAL,JAMBI,1002,498746,SINAR MAS,GOLDEN PROFIT TRADING PTE LTD,SINGAPORE,#N/A,INDIA
2016,470329,ROYAL GOLDEN EAGLE,APRIL,BUATAN,RIAU,502,195899,ROYAL GOLDEN EAGLE,APEL ENTERPRISES (SINGAPORE) PTE LTD,SINGAPORE,#N/A,INDIA
2016,470329,ROYAL GOLDEN EAGLE,APRIL,BUATAN,RIAU,502,195760,ROYAL GOLDEN EAGLE,APEL ENTERPRISES (SINGAPORE) PTE LTD,SINGAPORE,#N/A,INDIA
2016,470329,SINAR MAS,INDAH KIAT,PERAWANG,RIAU,820,383301,UNKNOWN AFFILIATION,FREELAND UNIVERSAL LTD,CHINA (HONG KONG),#N/A,CHINA (MAINLAND)
2016,470329,ROYAL GOLDEN EAGLE,APRIL,FUTONG,RIAU,7030,2741844,ROYAL GOLDEN EAGLE,ALKIRA TRADING (MACAO COMMERCIAL OFFSHORE) LTD,MACAO,#N/A,CHINA (MAINLAND)
2016,470329,ROYAL GOLDEN EAGLE,APRIL,BUATAN,RIAU,501,195573,ROYAL GOLDEN EAGLE,AP ENTERPRISES (MACAO) COMMERCIAL OFFSHORE LTD,MACAO,#N/A,BANGLADESH
2016,470329,ROYAL GOLDEN EAGLE,TOBA PULP LESTARI,BELAWAN,SUMATERA UTARA,497,211161,ROYAL GOLDEN EAGLE,DP MARKETING INTERNATIONAL,MACAO,#N/A,CHINA (MAINLAND)
2016,470329,ROYAL GOLDEN EAGLE,APRIL,FUTONG,RIAU,11202,4368692,ROYAL GOLDEN EAGLE,ALKIRA TRADING (MACAO COMMERCIAL OFFSHORE) LTD,MACAO,#N/A,CHINA (MAINLAND)
2016,470329,ROYAL GOLDEN EAGLE,APRIL,BUATAN,RIAU,502,195598,ROYAL GOLDEN EAGLE,AP ENTERPRISES (MACAO) COMMERCIAL OFFSHORE LTD,MACAO,#N/A,BANGLADESH
2016,470329,ROYAL GOLDEN EAGLE,APRIL,BUATAN,RIAU,994,387496,ROYAL GOLDEN EAGLE,ALKIRA TRADING (MACAO COMMERCIAL OFFSHORE) LTD,MACAO,#N/A,CHINA (MAINLAND)
2016,470329,SINAR MAS,INDAH KIAT,PERAWANG,RIAU,180,84294,UNKNOWN AFFILIATION,FREELAND UNIVERSAL LTD,CHINA (HONG KONG),#N/A,CHINA (MAINLAND)
2016,470329,ROYAL GOLDEN EAGLE,APRIL,BUATAN,RIAU,502,195769,ROYAL GOLDEN EAGLE,APEL ENTERPRISES (SINGAPORE) PTE LTD,SINGAPORE,#N/A,INDIA
2016,470329,ROYAL GOLDEN EAGLE,APRIL,BUATAN,RIAU,994,387534,ROYAL GOLDEN EAGLE,ALKIRA TRADING (MACAO COMMERCIAL OFFSHORE) LTD,MACAO,#N/A,CHINA (MAINLAND)
2016,470329,ROYAL GOLDEN EAGLE,TOBA PULP LESTARI,BELAWAN,SUMATERA UTARA,497,211225,ROYAL GOLDEN EAGLE,DP MARKETING INTERNATIONAL,MACAO,#N/A,CHINA (MAINLAND)
2016,470329,SINAR MAS,INDAH KIAT,PERAWANG,RIAU,1000,468300,UNKNOWN AFFILIATION,FREELAND UNIVERSAL LTD,CHINA (HONG KONG),#N/A,CHINA (MAINLAND)
2016,470329,ROYAL GOLDEN EAGLE,APRIL,FUTONG,RIAU,3315,1292750,ROYAL GOLDEN EAGLE,ALKIRA TRADING (MACAO COMMERCIAL OFFSHORE) LTD,MACAO,#N/A,CHINA (MAINLAND)
2016,470329,ROYAL GOLDEN EAGLE,APRIL,BUATAN,RIAU,601,234576,ROYAL GOLDEN EAGLE,ALKIRA TRADING (MACAO COMMERCIAL OFFSHORE) LTD,MACAO,#N/A,GREECE
2016,470329,ROYAL GOLDEN EAGLE,APRIL,BUATAN,RIAU,496,193371,ROYAL GOLDEN EAGLE,AP ENTERPRISES (MACAO) COMMERCIAL OFFSHORE LTD,MACAO,#N/A,BANGLADESH
2016,470329,ROYAL GOLDEN EAGLE,APRIL,BUATAN,RIAU,1005,391769,ROYAL GOLDEN EAGLE,ALKIRA TRADING (MACAO COMMERCIAL OFFSHORE) LTD,MACAO,#N/A,CHINA (MAINLAND)
2016,470329,ROYAL GOLDEN EAGLE,APRIL,BUATAN,RIAU,200,78028,ROYAL GOLDEN EAGLE,AP ENTERPRISES (MACAO) COMMERCIAL OFFSHORE LTD,MACAO,#N/A,BANGLADESH
2016,470329,ROYAL GOLDEN EAGLE,APRIL,BUATAN,RIAU,241,93847,ROYAL GOLDEN EAGLE,AP ENTERPRISES (MACAO) COMMERCIAL OFFSHORE LTD,MACAO,#N/A,BANGLADESH
2016,470329,ROYAL GOLDEN EAGLE,APRIL,BUATAN,RIAU,297,115861,ROYAL GOLDEN EAGLE,APEL ENTERPRISES (SINGAPORE) PTE LTD,SINGAPORE,#N/A,EGYPT
2016,470329,ROYAL GOLDEN EAGLE,APRIL,BUATAN,RIAU,60,23513,ROYAL GOLDEN EAGLE,APEL ENTERPRISES (SINGAPORE) PTE LTD,SINGAPORE,#N/A,INDIA
2016,470329,ROYAL GOLDEN EAGLE,APRIL,FUTONG,RIAU,502,195803,ROYAL GOLDEN EAGLE,ALKIRA TRADING (MACAO COMMERCIAL OFFSHORE) LTD,MACAO,#N/A,CHINA (MAINLAND)
2016,470329,ROYAL GOLDEN EAGLE,APRIL,BUATAN,RIAU,503,195995,ROYAL GOLDEN EAGLE,APEL ENTERPRISES (SINGAPORE) PTE LTD,SINGAPORE,#N/A,INDIA
2016,470329,ROYAL GOLDEN EAGLE,APRIL,BUATAN,RIAU,501,195532,ROYAL GOLDEN EAGLE,AP ENTERPRISES (MACAO) COMMERCIAL OFFSHORE LTD,MACAO,#N/A,BANGLADESH
2016,470329,SINAR MAS,LONTAR PAPYRUS,KUALA TUNGKAL,JAMBI,502,232936,UNKNOWN AFFILIATION,FREELAND UNIVERSAL LTD,CHINA (HONG KONG),#N/A,CHINA (MAINLAND)
2016,470329,ROYAL GOLDEN EAGLE,TOBA PULP LESTARI,BELAWAN,SUMATERA UTARA,497,211327,ROYAL GOLDEN EAGLE,DP MARKETING INTERNATIONAL,MACAO,#N/A,CHINA (MAINLAND)
2016,470329,ROYAL GOLDEN EAGLE,APRIL,BUATAN,RIAU,993,387439,ROYAL GOLDEN EAGLE,ALKIRA TRADING (MACAO COMMERCIAL OFFSHORE) LTD,MACAO,#N/A,CHINA (MAINLAND)
2016,470329,SINAR MAS,LONTAR PAPYRUS,KUALA TUNGKAL,JAMBI,440,196331,UNKNOWN AFFILIATION,FREELAND UNIVERSAL LTD,CHINA (HONG KONG),#N/A,CHINA (MAINLAND)
2016,470329,SINAR MAS,LONTAR PAPYRUS,KUALA TUNGKAL,JAMBI,180,83012,UNKNOWN AFFILIATION,FREELAND UNIVERSAL LTD,CHINA (HONG KONG),#N/A,CHINA (MAINLAND)
2016,470329,ROYAL GOLDEN EAGLE,TOBA PULP LESTARI,BELAWAN,SUMATERA UTARA,620,263591,ROYAL GOLDEN EAGLE,DP MARKETING INTERNATIONAL,MACAO,#N/A,CHINA (MAINLAND)
2016,470329,ROYAL GOLDEN EAGLE,APRIL,BUATAN,RIAU,40,15639,ROYAL GOLDEN EAGLE,APEL ENTERPRISES (SINGAPORE) PTE LTD,SINGAPORE,#N/A,INDIA
2016,470329,ROYAL GOLDEN EAGLE,TOBA PULP LESTARI,BELAWAN,SUMATERA UTARA,498,211832,ROYAL GOLDEN EAGLE,DP MARKETING INTERNATIONAL,MACAO,#N/A,CHINA (MAINLAND)
2016,470329,ROYAL GOLDEN EAGLE,APRIL,BUATAN,RIAU,60,23521,ROYAL GOLDEN EAGLE,APEL ENTERPRISES (SINGAPORE) PTE LTD,SINGAPORE,#N/A,INDIA
2016,470329,SINAR MAS,LONTAR PAPYRUS,KUALA TUNGKAL,JAMBI,1160,520322,UNKNOWN AFFILIATION,FREELAND UNIVERSAL LTD,CHINA (HONG KONG),#N/A,CHINA (MAINLAND)
2016,470329,ROYAL GOLDEN EAGLE,APRIL,BUATAN,RIAU,60,23545,ROYAL GOLDEN EAGLE,APEL ENTERPRISES (SINGAPORE) PTE LTD,SINGAPORE,#N/A,INDIA
2016,470329,ROYAL GOLDEN EAGLE,APRIL,BUATAN,RIAU,60,23483,ROYAL GOLDEN EAGLE,APEL ENTERPRISES (SINGAPORE) PTE LTD,SINGAPORE,#N/A,INDIA
2016,470329,ROYAL GOLDEN EAGLE,APRIL,FUTONG,RIAU,2609,1017699,ROYAL GOLDEN EAGLE,AP ENTERPRISES (MACAO) COMMERCIAL OFFSHORE LTD,MACAO,#N/A,SOUTH KOREA
2016,470329,ROYAL GOLDEN EAGLE,APRIL,FUTONG,RIAU,3014,1175474,ROYAL GOLDEN EAGLE,AP ENTERPRISES (MACAO) COMMERCIAL OFFSHORE LTD,MACAO,#N/A,SOUTH KOREA
2016,470329,ROYAL GOLDEN EAGLE,APRIL,FUTONG,RIAU,7128,2780065,ROYAL GOLDEN EAGLE,APEL ENTERPRISES (SINGAPORE) PTE LTD,SINGAPORE,#N/A,SOUTH KOREA
2016,470329,MARUBENI,TANJUNG ENIM LESTARI,TANJUNG PRIOK,SUMATERA SELATAN,989,417116,MARUBENI,MARUBENI CORP,JAPAN,#N/A,THAILAND
2016,470329,ROYAL GOLDEN EAGLE,APRIL,BUATAN,RIAU,40,15652,ROYAL GOLDEN EAGLE,APEL ENTERPRISES (SINGAPORE) PTE LTD,SINGAPORE,#N/A,INDIA
2016,470329,ROYAL GOLDEN EAGLE,APRIL,FUTONG,RIAU,4118,1606034,ROYAL GOLDEN EAGLE,APEL ENTERPRISES (SINGAPORE) PTE LTD,SINGAPORE,#N/A,SOUTH KOREA
2016,470329,MARUBENI,TANJUNG ENIM LESTARI,TANJUNG PRIOK,SUMATERA SELATAN,500,213589,MARUBENI,MARUBENI CORP,JAPAN,#N/A,CHINA (MAINLAND)
2016,470329,ROYAL GOLDEN EAGLE,APRIL,BUATAN,RIAU,1506,587386,ROYAL GOLDEN EAGLE,ALKIRA TRADING (MACAO COMMERCIAL OFFSHORE) LTD,MACAO,#N/A,CHINA (MAINLAND)
2016,470329,SINAR MAS,INDAH KIAT,PERAWANG,RIAU,1000,467440,UNKNOWN AFFILIATION,FREELAND UNIVERSAL LTD,CHINA (HONG KONG),#N/A,CHINA (MAINLAND)
2016,470329,ROYAL GOLDEN EAGLE,APRIL,BUATAN,RIAU,201,78397,ROYAL GOLDEN EAGLE,APEL ENTERPRISES (SINGAPORE) PTE LTD,SINGAPORE,#N/A,INDIA
2016,470329,ROYAL GOLDEN EAGLE,APRIL,FUTONG,RIAU,5223,2036970,ROYAL GOLDEN EAGLE,AP ENTERPRISES (MACAO) COMMERCIAL OFFSHORE LTD,MACAO,#N/A,SOUTH KOREA
2016,470329,ROYAL GOLDEN EAGLE,APRIL,BUATAN,RIAU,503,196061,ROYAL GOLDEN EAGLE,APEL ENTERPRISES (SINGAPORE) PTE LTD,SINGAPORE,#N/A,INDIA
2016,470329,ROYAL GOLDEN EAGLE,APRIL,BUATAN,RIAU,502,195705,ROYAL GOLDEN EAGLE,APEL ENTERPRISES (SINGAPORE) PTE LTD,SINGAPORE,#N/A,INDIA
2016,470329,SINAR MAS,INDAH KIAT,PERAWANG,RIAU,640,299162,UNKNOWN AFFILIATION,FREELAND UNIVERSAL LTD,CHINA (HONG KONG),#N/A,CHINA (MAINLAND)
2016,470329,ROYAL GOLDEN EAGLE,APRIL,BUATAN,RIAU,96,37568,ROYAL GOLDEN EAGLE,ALKIRA TRADING (MACAO COMMERCIAL OFFSHORE) LTD,MACAO,#N/A,TAIWAN
2016,470329,ROYAL GOLDEN EAGLE,APRIL,BUATAN,RIAU,401,156432,ROYAL GOLDEN EAGLE,ALKIRA TRADING (MACAO COMMERCIAL OFFSHORE) LTD,MACAO,#N/A,CHINA (MAINLAND)
2016,470329,ROYAL GOLDEN EAGLE,APRIL,BUATAN,RIAU,502,195636,ROYAL GOLDEN EAGLE,AP ENTERPRISES (MACAO) COMMERCIAL OFFSHORE LTD,MACAO,#N/A,BANGLADESH
2016,470329,ROYAL GOLDEN EAGLE,APRIL,BUATAN,RIAU,201,78297,ROYAL GOLDEN EAGLE,AP ENTERPRISES (MACAO) COMMERCIAL OFFSHORE LTD,MACAO,#N/A,BANGLADESH
2016,470329,ROYAL GOLDEN EAGLE,APRIL,BUATAN,RIAU,240,93781,ROYAL GOLDEN EAGLE,AP ENTERPRISES (MACAO) COMMERCIAL OFFSHORE LTD,MACAO,#N/A,BANGLADESH
2016,470329,ROYAL GOLDEN EAGLE,APRIL,BUATAN,RIAU,1004,391392,ROYAL GOLDEN EAGLE,APEL ENTERPRISES (SINGAPORE) PTE LTD,SINGAPORE,#N/A,INDIA
2016,470329,ROYAL GOLDEN EAGLE,APRIL,BUATAN,RIAU,261,101824,ROYAL GOLDEN EAGLE,AP ENTERPRISES (MACAO) COMMERCIAL OFFSHORE LTD,MACAO,#N/A,BANGLADESH
2016,470329,ROYAL GOLDEN EAGLE,APRIL,BUATAN,RIAU,301,117484,ROYAL GOLDEN EAGLE,AP ENTERPRISES (MACAO) COMMERCIAL OFFSHORE LTD,MACAO,#N/A,BANGLADESH
2016,470329,ROYAL GOLDEN EAGLE,APRIL,BUATAN,RIAU,241,94010,ROYAL GOLDEN EAGLE,APEL ENTERPRISES (SINGAPORE) PTE LTD,SINGAPORE,#N/A,IRAN
2016,470329,ROYAL GOLDEN EAGLE,APRIL,BUATAN,RIAU,502,195843,ROYAL GOLDEN EAGLE,AP ENTERPRISES (MACAO) COMMERCIAL OFFSHORE LTD,MACAO,#N/A,BANGLADESH
2016,470329,ROYAL GOLDEN EAGLE,APRIL,BUATAN,RIAU,241,93977,ROYAL GOLDEN EAGLE,APEL ENTERPRISES (SINGAPORE) PTE LTD,SINGAPORE,#N/A,IRAN
2016,470329,ROYAL GOLDEN EAGLE,APRIL,BUATAN,RIAU,502,195807,ROYAL GOLDEN EAGLE,AP ENTERPRISES (MACAO) COMMERCIAL OFFSHORE LTD,MACAO,#N/A,BANGLADESH
2016,470329,MARUBENI,TANJUNG ENIM LESTARI,TARAHAN,SUMATERA SELATAN,1999,836629,MARUBENI,MARUBENI CORP,JAPAN,#N/A,CHINA (MAINLAND)
2016,470329,ROYAL GOLDEN EAGLE,APRIL,BUATAN,RIAU,503,195980,ROYAL GOLDEN EAGLE,APEL ENTERPRISES (SINGAPORE) PTE LTD,SINGAPORE,#N/A,INDIA
2016,470329,MARUBENI,TANJUNG ENIM LESTARI,TARAHAN,SUMATERA SELATAN,2000,836983,MARUBENI,MARUBENI CORP,JAPAN,#N/A,CHINA (MAINLAND)
2016,470329,MARUBENI,TANJUNG ENIM LESTARI,TARAHAN,SUMATERA SELATAN,1000,418493,MARUBENI,MARUBENI CORP,JAPAN,#N/A,CHINA (MAINLAND)
2016,470329,MARUBENI,TANJUNG ENIM LESTARI,TARAHAN,SUMATERA SELATAN,2001,837299,MARUBENI,MARUBENI CORP,JAPAN,#N/A,CHINA (MAINLAND)
2016,470329,ROYAL GOLDEN EAGLE,APRIL,BUATAN,RIAU,241,94051,ROYAL GOLDEN EAGLE,AP ENTERPRISES (MACAO) COMMERCIAL OFFSHORE LTD,MACAO,#N/A,BANGLADESH
2016,470329,SINAR MAS,INDAH KIAT,PERAWANG,RIAU,1000,474494,UNKNOWN AFFILIATION,NINGBO CROWN OF CHINA ENERGY CO LTD,CHINA (MAINLAND),#N/A,CHINA (MAINLAND)
2016,470329,ROYAL GOLDEN EAGLE,APRIL,BUATAN,RIAU,261,101891,ROYAL GOLDEN EAGLE,AP ENTERPRISES (MACAO) COMMERCIAL OFFSHORE LTD,MACAO,#N/A,BANGLADESH
2016,470329,MARUBENI,TANJUNG ENIM LESTARI,TARAHAN,SUMATERA SELATAN,999,428189,MARUBENI,MARUBENI CORP,JAPAN,#N/A,CHINA (MAINLAND)
2016,470329,ROYAL GOLDEN EAGLE,TOBA PULP LESTARI,BELAWAN,SUMATERA UTARA,498,211575,ROYAL GOLDEN EAGLE,DP MARKETING INTERNATIONAL,MACAO,#N/A,CHINA (MAINLAND)
2016,470329,ROYAL GOLDEN EAGLE,APRIL,BUATAN,RIAU,1004,391631,ROYAL GOLDEN EAGLE,ALKIRA TRADING (MACAO COMMERCIAL OFFSHORE) LTD,MACAO,#N/A,CHINA (MAINLAND)
2016,470329,MARUBENI,TANJUNG ENIM LESTARI,TARAHAN,SUMATERA SELATAN,1000,418531,MARUBENI,MARUBENI CORP,JAPAN,#N/A,CHINA (MAINLAND)
2016,470329,SINAR MAS,INDAH KIAT,PERAWANG,RIAU,820,389085,UNKNOWN AFFILIATION,NINGBO CROWN OF CHINA ENERGY CO LTD,CHINA (MAINLAND),#N/A,CHINA (MAINLAND)
2016,470329,MARUBENI,TANJUNG ENIM LESTARI,TARAHAN,SUMATERA SELATAN,1000,428232,MARUBENI,MARUBENI CORP,JAPAN,#N/A,CHINA (MAINLAND)
2016,470329,ROYAL GOLDEN EAGLE,APRIL,BUATAN,RIAU,201,78369,ROYAL GOLDEN EAGLE,AP ENTERPRISES (MACAO) COMMERCIAL OFFSHORE LTD,MACAO,#N/A,BANGLADESH
2016,470329,MARUBENI,TANJUNG ENIM LESTARI,PANJANG,SUMATERA SELATAN,502,221594,MARUBENI,MARUBENI CORP,JAPAN,#N/A,THAILAND
2016,470329,ROYAL GOLDEN EAGLE,APRIL,BUATAN,RIAU,502,195848,ROYAL GOLDEN EAGLE,AP ENTERPRISES (MACAO) COMMERCIAL OFFSHORE LTD,MACAO,#N/A,BANGLADESH
2016,470329,MARUBENI,TANJUNG ENIM LESTARI,PANJANG,SUMATERA SELATAN,1003,433238,MARUBENI,MARUBENI CORP,JAPAN,#N/A,CHINA (MAINLAND)
2016,470329,ROYAL GOLDEN EAGLE,APRIL,BUATAN,RIAU,402,156757,ROYAL GOLDEN EAGLE,APEL ENTERPRISES (SINGAPORE) PTE LTD,SINGAPORE,#N/A,PHILIPPINES
2016,470329,ROYAL GOLDEN EAGLE,TOBA PULP LESTARI,BELAWAN,SUMATERA UTARA,497,211263,ROYAL GOLDEN EAGLE,DP MARKETING INTERNATIONAL,MACAO,#N/A,CHINA (MAINLAND)
2016,470329,ROYAL GOLDEN EAGLE,APRIL,BUATAN,RIAU,502,195936,ROYAL GOLDEN EAGLE,AP ENTERPRISES (MACAO) COMMERCIAL OFFSHORE LTD,MACAO,#N/A,BANGLADESH
2016,470329,ROYAL GOLDEN EAGLE,APRIL,BUATAN,RIAU,502,195849,ROYAL GOLDEN EAGLE,AP ENTERPRISES (MACAO) COMMERCIAL OFFSHORE LTD,MACAO,#N/A,BANGLADESH
2016,470329,ROYAL GOLDEN EAGLE,APRIL,BUATAN,RIAU,502,195941,ROYAL GOLDEN EAGLE,AP ENTERPRISES (MACAO) COMMERCIAL OFFSHORE LTD,MACAO,#N/A,BANGLADESH
2016,470329,MARUBENI,TANJUNG ENIM LESTARI,PANJANG,SUMATERA SELATAN,109,47967,MARUBENI,MARUBENI CORP,JAPAN,#N/A,INDIA
2016,470329,ROYAL GOLDEN EAGLE,APRIL,BUATAN,RIAU,502,195668,ROYAL GOLDEN EAGLE,APEL ENTERPRISES (SINGAPORE) PTE LTD,SINGAPORE,#N/A,INDIA
2016,470329,ROYAL GOLDEN EAGLE,APRIL,BUATAN,RIAU,502,195889,ROYAL GOLDEN EAGLE,AP ENTERPRISES (MACAO) COMMERCIAL OFFSHORE LTD,MACAO,#N/A,BANGLADESH
2016,470329,SINAR MAS,LONTAR PAPYRUS,KUALA TUNGKAL,JAMBI,177,80230,UNKNOWN AFFILIATION,FREELAND UNIVERSAL LTD,CHINA (HONG KONG),#N/A,CHINA (MAINLAND)
2016,470329,MARUBENI,TANJUNG ENIM LESTARI,PANJANG,SUMATERA SELATAN,502,216236,MARUBENI,MARUBENI CORP,JAPAN,#N/A,CHINA (MAINLAND)
2016,470329,SINAR MAS,INDAH KIAT,PERAWANG,RIAU,500,233720,UNKNOWN AFFILIATION,SUZHOU HUANG YI TRADE CO LTD,CHINA (MAINLAND),#N/A,CHINA (MAINLAND)
2016,470329,ROYAL GOLDEN EAGLE,APRIL,BUATAN,RIAU,502,195866,ROYAL GOLDEN EAGLE,AP ENTERPRISES (MACAO) COMMERCIAL OFFSHORE LTD,MACAO,#N/A,BANGLADESH
2016,470329,ROYAL GOLDEN EAGLE,APRIL,BUATAN,RIAU,161,62717,ROYAL GOLDEN EAGLE,AP ENTERPRISES (MACAO) COMMERCIAL OFFSHORE LTD,MACAO,#N/A,BANGLADESH
2016,470329,ROYAL GOLDEN EAGLE,TOBA PULP LESTARI,BELAWAN,SUMATERA UTARA,497,211245,ROYAL GOLDEN EAGLE,DP MARKETING INTERNATIONAL,MACAO,#N/A,CHINA (MAINLAND)
2016,470329,SINAR MAS,INDAH KIAT,PERAWANG,RIAU,1000,467440,UNKNOWN AFFILIATION,SUZHOU HUANG YI TRADE CO LTD,CHINA (MAINLAND),#N/A,CHINA (MAINLAND)
2016,470329,ROYAL GOLDEN EAGLE,APRIL,BUATAN,RIAU,100,39171,ROYAL GOLDEN EAGLE,APEL ENTERPRISES (SINGAPORE) PTE LTD,SINGAPORE,#N/A,INDIA
2016,470329,SINAR MAS,LONTAR PAPYRUS,KUALA TUNGKAL,JAMBI,400,191543,UNKNOWN AFFILIATION,FREELAND UNIVERSAL LTD,CHINA (HONG KONG),#N/A,CHINA (MAINLAND)
2016,470329,ROYAL GOLDEN EAGLE,APRIL,BUATAN,RIAU,1005,391784,ROYAL GOLDEN EAGLE,ALKIRA TRADING (MACAO COMMERCIAL OFFSHORE) LTD,MACAO,#N/A,CHINA (MAINLAND)
2016,470329,ROYAL GOLDEN EAGLE,APRIL,BUATAN,RIAU,100,39136,ROYAL GOLDEN EAGLE,APEL ENTERPRISES (SINGAPORE) PTE LTD,SINGAPORE,#N/A,THAILAND
2016,470329,SINAR MAS,LONTAR PAPYRUS,KUALA TUNGKAL,JAMBI,500,250958,SINAR MAS,GOLDEN PROFIT TRADING PTE LTD,SINGAPORE,#N/A,BANGLADESH
2016,470329,ROYAL GOLDEN EAGLE,TOBA PULP LESTARI,BELAWAN,SUMATERA UTARA,496,210624,ROYAL GOLDEN EAGLE,DP MARKETING INTERNATIONAL,MACAO,#N/A,CHINA (MAINLAND)
2016,470329,SINAR MAS,INDAH KIAT,PERAWANG,RIAU,198,98336,SINAR MAS,GOLDEN PROFIT TRADING PTE LTD,SINGAPORE,#N/A,JAPAN
2016,470329,ROYAL GOLDEN EAGLE,APRIL,FUTONG,RIAU,508,197925,ROYAL GOLDEN EAGLE,ALKIRA TRADING (MACAO COMMERCIAL OFFSHORE) LTD,MACAO,#N/A,CHINA (MAINLAND)
2016,470329,ROYAL GOLDEN EAGLE,APRIL,BUATAN,RIAU,401,156583,ROYAL GOLDEN EAGLE,AP ENTERPRISES (MACAO) COMMERCIAL OFFSHORE LTD,MACAO,#N/A,BANGLADESH
2016,470329,SINAR MAS,LONTAR PAPYRUS,KUALA TUNGKAL,JAMBI,200,90144,UNKNOWN AFFILIATION,FREELAND UNIVERSAL LTD,CHINA (HONG KONG),#N/A,CHINA (MAINLAND)
2016,470329,ROYAL GOLDEN EAGLE,APRIL,FUTONG,RIAU,2030,791700,ROYAL GOLDEN EAGLE,ALKIRA TRADING (MACAO COMMERCIAL OFFSHORE) LTD,MACAO,#N/A,CHINA (MAINLAND)
2016,470329,SINAR MAS,LONTAR PAPYRUS,KUALA TUNGKAL,JAMBI,600,278635,UNKNOWN AFFILIATION,FREELAND UNIVERSAL LTD,CHINA (HONG KONG),#N/A,CHINA (MAINLAND)
2016,470329,SINAR MAS,LONTAR PAPYRUS,KUALA TUNGKAL,JAMBI,1001,487929,SINAR MAS,GOLDEN PROFIT TRADING PTE LTD,SINGAPORE,#N/A,INDIA
2016,470329,ROYAL GOLDEN EAGLE,APRIL,FUTONG,RIAU,3350,1306305,ROYAL GOLDEN EAGLE,APRIL FAR EAST MALAYSIA SDN BHD,MALAYSIA,#N/A,CHINA (MAINLAND)
2016,470329,ROYAL GOLDEN EAGLE,TOBA PULP LESTARI,BELAWAN,SUMATERA UTARA,497,211114,ROYAL GOLDEN EAGLE,DP MARKETING INTERNATIONAL,MACAO,#N/A,CHINA (MAINLAND)
2016,470329,ROYAL GOLDEN EAGLE,APRIL,BUATAN,RIAU,100,39162,ROYAL GOLDEN EAGLE,APEL ENTERPRISES (SINGAPORE) PTE LTD,SINGAPORE,#N/A,THAILAND
2016,470329,SINAR MAS,LONTAR PAPYRUS,KUALA TUNGKAL,JAMBI,320,139589,UNKNOWN AFFILIATION,FREELAND UNIVERSAL LTD,CHINA (HONG KONG),#N/A,CHINA (MAINLAND)
2016,470329,SINAR MAS,LONTAR PAPYRUS,KUALA TUNGKAL,JAMBI,1000,457492,UNKNOWN AFFILIATION,FREELAND UNIVERSAL LTD,CHINA (HONG KONG),#N/A,CHINA (MAINLAND)
2016,470329,ROYAL GOLDEN EAGLE,APRIL,BUATAN,RIAU,502,195908,ROYAL GOLDEN EAGLE,APEL ENTERPRISES (SINGAPORE) PTE LTD,SINGAPORE,#N/A,VIETNAM
2016,470329,SINAR MAS,INDAH KIAT,PERAWANG,RIAU,760,356820,UNKNOWN AFFILIATION,FREELAND UNIVERSAL LTD,CHINA (HONG KONG),#N/A,CHINA (MAINLAND)
2016,470329,SINAR MAS,INDAH KIAT,PERAWANG,RIAU,840,394380,UNKNOWN AFFILIATION,FREELAND UNIVERSAL LTD,CHINA (HONG KONG),#N/A,CHINA (MAINLAND)
2016,470329,ROYAL GOLDEN EAGLE,APRIL,BUATAN,RIAU,502,195783,ROYAL GOLDEN EAGLE,AP ENTERPRISES (MACAO) COMMERCIAL OFFSHORE LTD,MACAO,#N/A,BANGLADESH
2016,470329,ROYAL GOLDEN EAGLE,APRIL,BUATAN,RIAU,60,23384,ROYAL GOLDEN EAGLE,AP ENTERPRISES (MACAO) COMMERCIAL OFFSHORE LTD,MACAO,#N/A,BANGLADESH
2016,470329,ROYAL GOLDEN EAGLE,APRIL,BUATAN,RIAU,1005,391832,ROYAL GOLDEN EAGLE,APEL ENTERPRISES (SINGAPORE) PTE LTD,SINGAPORE,#N/A,INDIA
2016,470329,ROYAL GOLDEN EAGLE,APRIL,BUATAN,RIAU,60,23531,ROYAL GOLDEN EAGLE,APEL ENTERPRISES (SINGAPORE) PTE LTD,SINGAPORE,#N/A,INDIA
2016,470329,ROYAL GOLDEN EAGLE,APRIL,BUATAN,RIAU,502,195633,ROYAL GOLDEN EAGLE,APEL ENTERPRISES (SINGAPORE) PTE LTD,SINGAPORE,#N/A,INDIA
2016,470329,ROYAL GOLDEN EAGLE,APRIL,BUATAN,RIAU,60,23529,ROYAL GOLDEN EAGLE,APEL ENTERPRISES (SINGAPORE) PTE LTD,SINGAPORE,#N/A,INDIA
2016,470329,ROYAL GOLDEN EAGLE,APRIL,FUTONG,RIAU,9038,3524876,ROYAL GOLDEN EAGLE,AP ENTERPRISES (MACAO) COMMERCIAL OFFSHORE LTD,MACAO,#N/A,BANGLADESH
2016,470329,ROYAL GOLDEN EAGLE,APRIL,BUATAN,RIAU,60,23485,ROYAL GOLDEN EAGLE,APEL ENTERPRISES (SINGAPORE) PTE LTD,SINGAPORE,#N/A,INDIA
2016,470329,ROYAL GOLDEN EAGLE,APRIL,BUATAN,RIAU,241,93827,ROYAL GOLDEN EAGLE,APEL ENTERPRISES (SINGAPORE) PTE LTD,SINGAPORE,#N/A,IRAN
2016,470329,SINAR MAS,LONTAR PAPYRUS,KUALA TUNGKAL,JAMBI,500,250752,SINAR MAS,GOLDEN PROFIT TRADING PTE LTD,SINGAPORE,#N/A,BANGLADESH
2016,470329,ROYAL GOLDEN EAGLE,APRIL,BUATAN,RIAU,201,78356,ROYAL GOLDEN EAGLE,APEL ENTERPRISES (SINGAPORE) PTE LTD,SINGAPORE,#N/A,INDIA
2016,470329,MARUBENI,TANJUNG ENIM LESTARI,PANJANG,SUMATERA SELATAN,997,419491,MARUBENI,MARUBENI CORP,JAPAN,#N/A,THAILAND
2016,470329,ROYAL GOLDEN EAGLE,APRIL,BUATAN,RIAU,201,78352,ROYAL GOLDEN EAGLE,APEL ENTERPRISES (SINGAPORE) PTE LTD,SINGAPORE,#N/A,INDIA
2016,470329,SINAR MAS,LONTAR PAPYRUS,KUALA TUNGKAL,JAMBI,400,185935,UNKNOWN AFFILIATION,FREELAND UNIVERSAL LTD,CHINA (HONG KONG),#N/A,CHINA (MAINLAND)
2016,470329,ROYAL GOLDEN EAGLE,APRIL,BUATAN,RIAU,101,39234,ROYAL GOLDEN EAGLE,APEL ENTERPRISES (SINGAPORE) PTE LTD,SINGAPORE,#N/A,INDIA
2016,470329,MARUBENI,TANJUNG ENIM LESTARI,PANJANG,SUMATERA SELATAN,262,112095,MARUBENI,MARUBENI CORP,JAPAN,#N/A,INDIA
2016,470329,ROYAL GOLDEN EAGLE,TOBA PULP LESTARI,BELAWAN,SUMATERA UTARA,496,210766,ROYAL GOLDEN EAGLE,DP MARKETING INTERNATIONAL,MACAO,#N/A,CHINA (MAINLAND)
2016,470329,ROYAL GOLDEN EAGLE,TOBA PULP LESTARI,BELAWAN,SUMATERA UTARA,496,210708,ROYAL GOLDEN EAGLE,DP MARKETING INTERNATIONAL,MACAO,#N/A,CHINA (MAINLAND)
2016,470329,SINAR MAS,LONTAR PAPYRUS,KUALA TUNGKAL,JAMBI,1000,487387,SINAR MAS,GOLDEN PROFIT TRADING PTE LTD,SINGAPORE,#N/A,INDIA
2016,470329,ROYAL GOLDEN EAGLE,APRIL,BUATAN,RIAU,502,195800,ROYAL GOLDEN EAGLE,AP ENTERPRISES (MACAO) COMMERCIAL OFFSHORE LTD,MACAO,#N/A,BANGLADESH
2016,470329,ROYAL GOLDEN EAGLE,APRIL,BUATAN,RIAU,201,78350,ROYAL GOLDEN EAGLE,APEL ENTERPRISES (SINGAPORE) PTE LTD,SINGAPORE,#N/A,THAILAND
2016,470329,SINAR MAS,INDAH KIAT,PERAWANG,RIAU,1000,467440,UNKNOWN AFFILIATION,SUZHOU HUANG YI TRADE CO LTD,CHINA (MAINLAND),#N/A,CHINA (MAINLAND)
2016,470329,ROYAL GOLDEN EAGLE,APRIL,BUATAN,RIAU,503,196015,ROYAL GOLDEN EAGLE,ALKIRA TRADING (MACAO COMMERCIAL OFFSHORE) LTD,MACAO,#N/A,CHINA (MAINLAND)
2016,470329,ROYAL GOLDEN EAGLE,APRIL,BUATAN,RIAU,502,195924,ROYAL GOLDEN EAGLE,APEL ENTERPRISES (SINGAPORE) PTE LTD,SINGAPORE,#N/A,INDIA
2016,470329,MARUBENI,TANJUNG ENIM LESTARI,TARAHAN,SUMATERA SELATAN,5149,2163213,MARUBENI,MARUBENI CORP,JAPAN,#N/A,CHINA (MAINLAND)
2016,470329,MARUBENI,TANJUNG ENIM LESTARI,TARAHAN,SUMATERA SELATAN,1000,435914,MARUBENI,MARUBENI CORP,JAPAN,#N/A,TAIWAN
2016,470329,SINAR MAS,INDAH KIAT,PERAWANG,RIAU,1000,468300,UNKNOWN AFFILIATION,SUZHOU HUANG YI TRADE CO LTD,CHINA (MAINLAND),#N/A,CHINA (MAINLAND)
2016,470329,MARUBENI,TANJUNG ENIM LESTARI,TARAHAN,SUMATERA SELATAN,501,212525,MARUBENI,MARUBENI CORP,JAPAN,#N/A,CHINA (MAINLAND)
2016,470329,ROYAL GOLDEN EAGLE,APRIL,BUATAN,RIAU,201,78358,ROYAL GOLDEN EAGLE,APEL ENTERPRISES (SINGAPORE) PTE LTD,SINGAPORE,#N/A,INDIA
2016,470329,ROYAL GOLDEN EAGLE,APRIL,BUATAN,RIAU,501,195348,ROYAL GOLDEN EAGLE,APEL ENTERPRISES (SINGAPORE) PTE LTD,SINGAPORE,#N/A,INDIA
2016,470329,MARUBENI,TANJUNG ENIM LESTARI,TARAHAN,SUMATERA SELATAN,2059,853922,MARUBENI,MARUBENI CORP,JAPAN,#N/A,CHINA (MAINLAND)
2016,470329,MARUBENI,TANJUNG ENIM LESTARI,TARAHAN,SUMATERA SELATAN,99,43268,MARUBENI,MARUBENI CORP,JAPAN,#N/A,TAIWAN
2016,470329,ROYAL GOLDEN EAGLE,APRIL,BUATAN,RIAU,503,196055,ROYAL GOLDEN EAGLE,APEL ENTERPRISES (SINGAPORE) PTE LTD,SINGAPORE,#N/A,INDIA
2016,470329,ROYAL GOLDEN EAGLE,APRIL,BUATAN,RIAU,201,78337,ROYAL GOLDEN EAGLE,APEL ENTERPRISES (SINGAPORE) PTE LTD,SINGAPORE,#N/A,THAILAND
2016,470329,ROYAL GOLDEN EAGLE,APRIL,BUATAN,RIAU,502,195761,ROYAL GOLDEN EAGLE,AP ENTERPRISES (MACAO) COMMERCIAL OFFSHORE LTD,MACAO,#N/A,BANGLADESH
2016,470329,MARUBENI,TANJUNG ENIM LESTARI,TARAHAN,SUMATERA SELATAN,270,117516,MARUBENI,MARUBENI CORP,JAPAN,#N/A,TAIWAN
2016,470329,ROYAL GOLDEN EAGLE,APRIL,BUATAN,RIAU,201,78414,ROYAL GOLDEN EAGLE,APEL ENTERPRISES (SINGAPORE) PTE LTD,SINGAPORE,#N/A,INDIA
2016,470329,MARUBENI,TANJUNG ENIM LESTARI,TARAHAN,SUMATERA SELATAN,31,13384,MARUBENI,MARUBENI CORP,JAPAN,#N/A,TAIWAN
2016,470329,ROYAL GOLDEN EAGLE,APRIL,BUATAN,RIAU,60,23507,ROYAL GOLDEN EAGLE,APEL ENTERPRISES (SINGAPORE) PTE LTD,SINGAPORE,#N/A,INDIA
2016,470329,ROYAL GOLDEN EAGLE,TOBA PULP LESTARI,BELAWAN,SUMATERA UTARA,990,420672,ROYAL GOLDEN EAGLE,DP MARKETING INTERNATIONAL,MACAO,#N/A,CHINA (MAINLAND)
2016,470329,ROYAL GOLDEN EAGLE,APRIL,BUATAN,RIAU,996,388320,ROYAL GOLDEN EAGLE,APRIL FAR EAST MALAYSIA SDN BHD,MALAYSIA,#N/A,CHINA (MAINLAND)
2016,470329,ROYAL GOLDEN EAGLE,TOBA PULP LESTARI,BELAWAN,SUMATERA UTARA,497,211323,ROYAL GOLDEN EAGLE,DP MARKETING INTERNATIONAL,MACAO,#N/A,CHINA (MAINLAND)
2016,470329,ROYAL GOLDEN EAGLE,APRIL,BUATAN,RIAU,1005,391776,ROYAL GOLDEN EAGLE,ALKIRA TRADING (MACAO COMMERCIAL OFFSHORE) LTD,MACAO,#N/A,CHINA (MAINLAND)
2016,470329,ROYAL GOLDEN EAGLE,APRIL,FUTONG,RIAU,3013,1175069,ROYAL GOLDEN EAGLE,ALKIRA TRADING (MACAO COMMERCIAL OFFSHORE) LTD,MACAO,#N/A,CHINA (MAINLAND)
2016,470329,ROYAL GOLDEN EAGLE,APRIL,BUATAN,RIAU,60,23522,ROYAL GOLDEN EAGLE,APEL ENTERPRISES (SINGAPORE) PTE LTD,SINGAPORE,#N/A,INDIA
2016,470329,ROYAL GOLDEN EAGLE,APRIL,BUATAN,RIAU,1003,391149,ROYAL GOLDEN EAGLE,APEL ENTERPRISES (SINGAPORE) PTE LTD,SINGAPORE,#N/A,INDIA
2016,470329,ROYAL GOLDEN EAGLE,TOBA PULP LESTARI,BELAWAN,SUMATERA UTARA,494,210146,ROYAL GOLDEN EAGLE,DP MARKETING INTERNATIONAL,MACAO,#N/A,CHINA (MAINLAND)
2016,470329,ROYAL GOLDEN EAGLE,APRIL,BUATAN,RIAU,981,382555,ROYAL GOLDEN EAGLE,APRIL FAR EAST MALAYSIA SDN BHD,MALAYSIA,#N/A,CHINA (MAINLAND)
2016,470329,MARUBENI,TANJUNG ENIM LESTARI,TANJUNG PRIOK,SUMATERA SELATAN,504,217891,MARUBENI,MARUBENI CORP,JAPAN,#N/A,CHINA (MAINLAND)
2016,470329,ROYAL GOLDEN EAGLE,TOBA PULP LESTARI,BELAWAN,SUMATERA UTARA,495,210188,ROYAL GOLDEN EAGLE,DP MARKETING INTERNATIONAL,MACAO,#N/A,CHINA (MAINLAND)
2016,470329,ROYAL GOLDEN EAGLE,TOBA PULP LESTARI,BELAWAN,SUMATERA UTARA,993,421983,ROYAL GOLDEN EAGLE,DP MARKETING INTERNATIONAL,MACAO,#N/A,CHINA (MAINLAND)
2016,470329,ROYAL GOLDEN EAGLE,APRIL,FUTONG,RIAU,4273,1666394,ROYAL GOLDEN EAGLE,ALKIRA TRADING (MACAO COMMERCIAL OFFSHORE) LTD,MACAO,#N/A,CHINA (MAINLAND)
2016,470329,ROYAL GOLDEN EAGLE,APRIL,BUATAN,RIAU,1004,391595,ROYAL GOLDEN EAGLE,APRIL FAR EAST MALAYSIA SDN BHD,MALAYSIA,#N/A,CHINA (MAINLAND)
2016,470329,SINAR MAS,INDAH KIAT,PERAWANG,RIAU,300,158839,SINAR MAS,GOLDEN PROFIT TRADING PTE LTD,SINGAPORE,#N/A,VIETNAM
2016,470329,ROYAL GOLDEN EAGLE,APRIL,BUATAN,RIAU,60,23532,ROYAL GOLDEN EAGLE,APEL ENTERPRISES (SINGAPORE) PTE LTD,SINGAPORE,#N/A,INDIA
2016,470329,ROYAL GOLDEN EAGLE,APRIL,FUTONG,RIAU,508,197925,ROYAL GOLDEN EAGLE,ALKIRA TRADING (MACAO COMMERCIAL OFFSHORE) LTD,MACAO,#N/A,CHINA (MAINLAND)
2016,470329,ROYAL GOLDEN EAGLE,APRIL,FUTONG,RIAU,1758,685498,ROYAL GOLDEN EAGLE,APEL ENTERPRISES (SINGAPORE) PTE LTD,SINGAPORE,#N/A,JAPAN
2016,470329,ROYAL GOLDEN EAGLE,APRIL,BUATAN,RIAU,1005,392001,ROYAL GOLDEN EAGLE,APRIL FAR EAST MALAYSIA SDN BHD,MALAYSIA,#N/A,CHINA (MAINLAND)
2016,470329,ROYAL GOLDEN EAGLE,APRIL,FUTONG,RIAU,4568,1781325,ROYAL GOLDEN EAGLE,APRIL FAR EAST MALAYSIA SDN BHD,MALAYSIA,#N/A,CHINA (MAINLAND)
2016,470329,ROYAL GOLDEN EAGLE,APRIL,BUATAN,RIAU,501,195382,ROYAL GOLDEN EAGLE,APEL ENTERPRISES (SINGAPORE) PTE LTD,SINGAPORE,#N/A,VIETNAM
2016,470329,ROYAL GOLDEN EAGLE,APRIL,BUATAN,RIAU,1004,391709,ROYAL GOLDEN EAGLE,APRIL FAR EAST MALAYSIA SDN BHD,MALAYSIA,#N/A,CHINA (MAINLAND)
2016,470329,ROYAL GOLDEN EAGLE,APRIL,FUTONG,RIAU,4923,1920014,ROYAL GOLDEN EAGLE,ALKIRA TRADING (MACAO COMMERCIAL OFFSHORE) LTD,MACAO,#N/A,CHINA (MAINLAND)
2016,470329,ROYAL GOLDEN EAGLE,APRIL,FUTONG,RIAU,4469,1742768,ROYAL GOLDEN EAGLE,APEL ENTERPRISES (SINGAPORE) PTE LTD,SINGAPORE,#N/A,JAPAN
2016,470329,MARUBENI,TANJUNG ENIM LESTARI,PANJANG,SUMATERA SELATAN,1003,432253,MARUBENI,MARUBENI CORP,JAPAN,#N/A,CHINA (MAINLAND)
2016,470329,ROYAL GOLDEN EAGLE,APRIL,BUATAN,RIAU,1004,391623,ROYAL GOLDEN EAGLE,APRIL FAR EAST MALAYSIA SDN BHD,MALAYSIA,#N/A,CHINA (MAINLAND)
2016,470329,ROYAL GOLDEN EAGLE,APRIL,BUATAN,RIAU,1005,391836,ROYAL GOLDEN EAGLE,APRIL FAR EAST MALAYSIA SDN BHD,MALAYSIA,#N/A,CHINA (MAINLAND)
2016,470329,SINAR MAS,LONTAR PAPYRUS,KUALA TUNGKAL,JAMBI,500,248475,SINAR MAS,GOLDEN PROFIT TRADING PTE LTD,SINGAPORE,#N/A,BANGLADESH
2016,470329,MARUBENI,TANJUNG ENIM LESTARI,PANJANG,SUMATERA SELATAN,260,114917,CELLMARK,CELLMARK ASIA PTE LTD,SINGAPORE,#N/A,BANGLADESH
2016,470329,SINAR MAS,LONTAR PAPYRUS,KUALA TUNGKAL,JAMBI,701,325406,UNKNOWN AFFILIATION,FREELAND UNIVERSAL LTD,CHINA (HONG KONG),#N/A,CHINA (MAINLAND)
2016,470329,MARUBENI,TANJUNG ENIM LESTARI,PANJANG,SUMATERA SELATAN,261,107775,CELLMARK,CELLMARK ASIA PTE LTD,SINGAPORE,#N/A,BANGLADESH
2016,470329,SINAR MAS,LONTAR PAPYRUS,KUALA TUNGKAL,JAMBI,100,46425,UNKNOWN AFFILIATION,FREELAND UNIVERSAL LTD,CHINA (HONG KONG),#N/A,CHINA (MAINLAND)
2016,470329,SINAR MAS,INDAH KIAT,PERAWANG,RIAU,500,234150,UNKNOWN AFFILIATION,SUZHOU HUANG YI TRADE CO LTD,CHINA (MAINLAND),#N/A,CHINA (MAINLAND)
2016,470329,SINAR MAS,LONTAR PAPYRUS,KUALA TUNGKAL,JAMBI,901,412728,UNKNOWN AFFILIATION,FREELAND UNIVERSAL LTD,CHINA (HONG KONG),#N/A,CHINA (MAINLAND)
2016,470329,ROYAL GOLDEN EAGLE,APRIL,BUATAN,RIAU,100,39193,ROYAL GOLDEN EAGLE,APEL ENTERPRISES (SINGAPORE) PTE LTD,SINGAPORE,#N/A,INDIA
2016,470329,ROYAL GOLDEN EAGLE,APRIL,BUATAN,RIAU,1004,391592,ROYAL GOLDEN EAGLE,APEL ENTERPRISES (SINGAPORE) PTE LTD,SINGAPORE,#N/A,SAUDI ARABIA
2016,470329,ROYAL GOLDEN EAGLE,TOBA PULP LESTARI,BELAWAN,SUMATERA UTARA,991,421149,ROYAL GOLDEN EAGLE,DP MARKETING INTERNATIONAL,MACAO,#N/A,CHINA (MAINLAND)
2016,470329,MARUBENI,TANJUNG ENIM LESTARI,PANJANG,SUMATERA SELATAN,306,145530,MARUBENI,MARUBENI CORP,JAPAN,#N/A,MALAYSIA
2016,470329,ROYAL GOLDEN EAGLE,TOBA PULP LESTARI,BELAWAN,SUMATERA UTARA,496,210636,ROYAL GOLDEN EAGLE,DP MARKETING INTERNATIONAL,MACAO,#N/A,CHINA (MAINLAND)
2016,470329,ROYAL GOLDEN EAGLE,APRIL,BUATAN,RIAU,502,195741,ROYAL GOLDEN EAGLE,AP ENTERPRISES (MACAO) COMMERCIAL OFFSHORE LTD,MACAO,#N/A,BANGLADESH
2016,470329,ROYAL GOLDEN EAGLE,APRIL,BUATAN,RIAU,502,195825,ROYAL GOLDEN EAGLE,AP ENTERPRISES (MACAO) COMMERCIAL OFFSHORE LTD,MACAO,#N/A,BANGLADESH
2016,470329,ROYAL GOLDEN EAGLE,TOBA PULP LESTARI,BELAWAN,SUMATERA UTARA,495,210351,ROYAL GOLDEN EAGLE,DP MARKETING INTERNATIONAL,MACAO,#N/A,CHINA (MAINLAND)
2016,470329,ROYAL GOLDEN EAGLE,APRIL,BUATAN,RIAU,502,195851,ROYAL GOLDEN EAGLE,AP ENTERPRISES (MACAO) COMMERCIAL OFFSHORE LTD,MACAO,#N/A,BANGLADESH
2016,470329,ROYAL GOLDEN EAGLE,APRIL,BUATAN,RIAU,502,195800,ROYAL GOLDEN EAGLE,AP ENTERPRISES (MACAO) COMMERCIAL OFFSHORE LTD,MACAO,#N/A,BANGLADESH
2016,470329,ROYAL GOLDEN EAGLE,APRIL,BUATAN,RIAU,60,23459,ROYAL GOLDEN EAGLE,APEL ENTERPRISES (SINGAPORE) PTE LTD,SINGAPORE,#N/A,INDIA
2016,470329,ROYAL GOLDEN EAGLE,APRIL,BUATAN,RIAU,1004,391609,ROYAL GOLDEN EAGLE,APRIL FAR EAST MALAYSIA SDN BHD,MALAYSIA,#N/A,CHINA (MAINLAND)
2016,470329,ROYAL GOLDEN EAGLE,TOBA PULP LESTARI,BELAWAN,SUMATERA UTARA,496,210897,ROYAL GOLDEN EAGLE,DP MARKETING INTERNATIONAL,MACAO,#N/A,CHINA (MAINLAND)
2016,470329,ROYAL GOLDEN EAGLE,APRIL,BUATAN,RIAU,141,54895,ROYAL GOLDEN EAGLE,APEL ENTERPRISES (SINGAPORE) PTE LTD,SINGAPORE,#N/A,INDIA
2016,470329,ROYAL GOLDEN EAGLE,APRIL,BUATAN,RIAU,237,92394,ROYAL GOLDEN EAGLE,APEL ENTERPRISES (SINGAPORE) PTE LTD,SINGAPORE,#N/A,IRAN
2016,470329,ROYAL GOLDEN EAGLE,APRIL,BUATAN,RIAU,60,23505,ROYAL GOLDEN EAGLE,APEL ENTERPRISES (SINGAPORE) PTE LTD,SINGAPORE,#N/A,INDIA
2016,470329,ROYAL GOLDEN EAGLE,APRIL,BUATAN,RIAU,502,195902,ROYAL GOLDEN EAGLE,AP ENTERPRISES (MACAO) COMMERCIAL OFFSHORE LTD,MACAO,#N/A,BANGLADESH
2016,470329,ROYAL GOLDEN EAGLE,APRIL,BUATAN,RIAU,1004,391670,ROYAL GOLDEN EAGLE,APRIL FAR EAST MALAYSIA SDN BHD,MALAYSIA,#N/A,CHINA (MAINLAND)
2016,470329,SINAR MAS,LONTAR PAPYRUS,KUALA TUNGKAL,JAMBI,1000,487429,SINAR MAS,GOLDEN PROFIT TRADING PTE LTD,SINGAPORE,#N/A,INDIA
2016,470329,MARUBENI,TANJUNG ENIM LESTARI,PANJANG,SUMATERA SELATAN,304,124105,CELLMARK,CELLMARK ASIA PTE LTD,SINGAPORE,#N/A,BANGLADESH
2016,470329,SINAR MAS,INDAH KIAT,PERAWANG,RIAU,1000,468300,UNKNOWN AFFILIATION,FREELAND UNIVERSAL LTD,CHINA (HONG KONG),#N/A,CHINA (MAINLAND)
2016,470329,ROYAL GOLDEN EAGLE,APRIL,BUATAN,RIAU,141,54891,ROYAL GOLDEN EAGLE,AP ENTERPRISES (MACAO) COMMERCIAL OFFSHORE LTD,MACAO,#N/A,BANGLADESH
2016,470329,SINAR MAS,INDAH KIAT,PERAWANG,RIAU,500,234150,UNKNOWN AFFILIATION,FREELAND UNIVERSAL LTD,CHINA (HONG KONG),#N/A,CHINA (MAINLAND)
2016,470329,ROYAL GOLDEN EAGLE,APRIL,BUATAN,RIAU,502,195780,ROYAL GOLDEN EAGLE,AP ENTERPRISES (MACAO) COMMERCIAL OFFSHORE LTD,MACAO,#N/A,BANGLADESH
2016,470329,SINAR MAS,INDAH KIAT,PERAWANG,RIAU,180,83896,UNKNOWN AFFILIATION,NINGBO CROWN OF CHINA ENERGY CO LTD,CHINA (MAINLAND),#N/A,CHINA (MAINLAND)
2016,470329,ROYAL GOLDEN EAGLE,APRIL,FUTONG,RIAU,1505,586941,ROYAL GOLDEN EAGLE,ALKIRA TRADING (MACAO COMMERCIAL OFFSHORE) LTD,MACAO,#N/A,CHINA (MAINLAND)
2016,470329,ROYAL GOLDEN EAGLE,APRIL,FUTONG,RIAU,2010,783942,ROYAL GOLDEN EAGLE,ALKIRA TRADING (MACAO COMMERCIAL OFFSHORE) LTD,MACAO,#N/A,CHINA (MAINLAND)
2016,470329,MARUBENI,TANJUNG ENIM LESTARI,TARAHAN,SUMATERA SELATAN,501,212814,MARUBENI,MARUBENI CORP,JAPAN,#N/A,SOUTH KOREA
2016,470329,SINAR MAS,INDAH KIAT,PERAWANG,RIAU,240,112680,UNKNOWN AFFILIATION,FREELAND UNIVERSAL LTD,CHINA (HONG KONG),#N/A,CHINA (MAINLAND)
2016,470329,MARUBENI,TANJUNG ENIM LESTARI,TARAHAN,SUMATERA SELATAN,999,424775,MARUBENI,MARUBENI CORP,JAPAN,#N/A,SOUTH KOREA
2016,470329,MARUBENI,TANJUNG ENIM LESTARI,TARAHAN,SUMATERA SELATAN,200,84127,MARUBENI,MARUBENI CORP,JAPAN,#N/A,SOUTH KOREA
2016,470329,ROYAL GOLDEN EAGLE,APRIL,BUATAN,RIAU,1004,391620,ROYAL GOLDEN EAGLE,APRIL FAR EAST MALAYSIA SDN BHD,MALAYSIA,#N/A,CHINA (MAINLAND)
2016,470329,MARUBENI,TANJUNG ENIM LESTARI,TARAHAN,SUMATERA SELATAN,1001,425412,MARUBENI,MARUBENI CORP,JAPAN,#N/A,SOUTH KOREA
2016,470329,MARUBENI,TANJUNG ENIM LESTARI,TARAHAN,SUMATERA SELATAN,900,381550,MARUBENI,MARUBENI CORP,JAPAN,#N/A,JAPAN
2016,470329,MARUBENI,TANJUNG ENIM LESTARI,TARAHAN,SUMATERA SELATAN,61,28069,MARUBENI,MARUBENI CORP,JAPAN,#N/A,JAPAN
2016,470329,MARUBENI,TANJUNG ENIM LESTARI,TARAHAN,SUMATERA SELATAN,101,42887,MARUBENI,MARUBENI CORP,JAPAN,#N/A,SOUTH KOREA
2016,470329,ROYAL GOLDEN EAGLE,APRIL,BUATAN,RIAU,1004,391583,ROYAL GOLDEN EAGLE,APRIL FAR EAST MALAYSIA SDN BHD,MALAYSIA,#N/A,CHINA (MAINLAND)
2016,470329,MARUBENI,TANJUNG ENIM LESTARI,TARAHAN,SUMATERA SELATAN,3000,1275375,MARUBENI,MARUBENI CORP,JAPAN,#N/A,SOUTH KOREA
2016,470329,MARUBENI,TANJUNG ENIM LESTARI,TARAHAN,SUMATERA SELATAN,299,126973,MARUBENI,MARUBENI CORP,JAPAN,#N/A,JAPAN
2016,470329,MARUBENI,TANJUNG ENIM LESTARI,TARAHAN,SUMATERA SELATAN,400,177353,MARUBENI,MARUBENI CORP,JAPAN,#N/A,SOUTH KOREA
2016,470329,MARUBENI,TANJUNG ENIM LESTARI,TARAHAN,SUMATERA SELATAN,1301,551394,MARUBENI,MARUBENI CORP,JAPAN,#N/A,JAPAN
2016,470329,MARUBENI,TANJUNG ENIM LESTARI,TARAHAN,SUMATERA SELATAN,900,381617,MARUBENI,MARUBENI CORP,JAPAN,#N/A,JAPAN
2016,470329,MARUBENI,TANJUNG ENIM LESTARI,TARAHAN,SUMATERA SELATAN,499,211665,MARUBENI,MARUBENI CORP,JAPAN,#N/A,JAPAN
2016,470329,MARUBENI,TANJUNG ENIM LESTARI,TARAHAN,SUMATERA SELATAN,100,44207,MARUBENI,MARUBENI CORP,JAPAN,#N/A,SOUTH KOREA
2016,470329,ROYAL GOLDEN EAGLE,APRIL,FUTONG,RIAU,4321,1685169,ROYAL GOLDEN EAGLE,APRIL FAR EAST MALAYSIA SDN BHD,MALAYSIA,#N/A,CHINA (MAINLAND)
2016,470329,ROYAL GOLDEN EAGLE,APRIL,BUATAN,RIAU,642,250543,ROYAL GOLDEN EAGLE,ALKIRA TRADING (MACAO COMMERCIAL OFFSHORE) LTD,MACAO,#N/A,CHINA (MAINLAND)
2016,470329,ROYAL GOLDEN EAGLE,APRIL,BUATAN,RIAU,101,39257,ROYAL GOLDEN EAGLE,APEL ENTERPRISES (SINGAPORE) PTE LTD,SINGAPORE,#N/A,INDIA
2016,470329,ROYAL GOLDEN EAGLE,APRIL,BUATAN,RIAU,201,78278,ROYAL GOLDEN EAGLE,AP ENTERPRISES (MACAO) COMMERCIAL OFFSHORE LTD,MACAO,#N/A,BANGLADESH
2016,470329,ROYAL GOLDEN EAGLE,APRIL,BUATAN,RIAU,1005,391788,ROYAL GOLDEN EAGLE,APRIL FAR EAST MALAYSIA SDN BHD,MALAYSIA,#N/A,CHINA (MAINLAND)
2016,470329,ROYAL GOLDEN EAGLE,APRIL,BUATAN,RIAU,603,234997,ROYAL GOLDEN EAGLE,APRIL FAR EAST MALAYSIA SDN BHD,MALAYSIA,#N/A,CHINA (MAINLAND)
2016,470329,MARUBENI,TANJUNG ENIM LESTARI,TANJUNG PRIOK,SUMATERA SELATAN,1001,427921,MARUBENI,MARUBENI CORP,JAPAN,#N/A,CHINA (MAINLAND)
2016,470329,ROYAL GOLDEN EAGLE,APRIL,BUATAN,RIAU,503,196134,ROYAL GOLDEN EAGLE,APEL ENTERPRISES (SINGAPORE) PTE LTD,SINGAPORE,#N/A,INDIA
2016,470329,ROYAL GOLDEN EAGLE,APRIL,BUATAN,RIAU,1025,399613,ROYAL GOLDEN EAGLE,APRIL FAR EAST MALAYSIA SDN BHD,MALAYSIA,#N/A,CHINA (MAINLAND)
2016,470329,MARUBENI,TANJUNG ENIM LESTARI,TANJUNG PRIOK,SUMATERA SELATAN,498,211398,MARUBENI,MARUBENI CORP,JAPAN,#N/A,VIETNAM
2016,470329,ROYAL GOLDEN EAGLE,APRIL,FUTONG,RIAU,5024,1959364,ROYAL GOLDEN EAGLE,APRIL FAR EAST MALAYSIA SDN BHD,MALAYSIA,#N/A,CHINA (MAINLAND)
2016,470329,SINAR MAS,LONTAR PAPYRUS,KUALA TUNGKAL,JAMBI,501,233996,SINAR MAS,GOLDEN PROFIT TRADING PTE LTD,SINGAPORE,#N/A,INDIA
2016,470329,ROYAL GOLDEN EAGLE,APRIL,BUATAN,RIAU,502,195932,ROYAL GOLDEN EAGLE,AP ENTERPRISES (MACAO) COMMERCIAL OFFSHORE LTD,MACAO,#N/A,BANGLADESH
2016,470329,ROYAL GOLDEN EAGLE,APRIL,BUATAN,RIAU,40,16053,ROYAL GOLDEN EAGLE,APEL ENTERPRISES (SINGAPORE) PTE LTD,SINGAPORE,#N/A,INDIA
2016,470329,ROYAL GOLDEN EAGLE,APRIL,BUATAN,RIAU,60,24176,ROYAL GOLDEN EAGLE,APEL ENTERPRISES (SINGAPORE) PTE LTD,SINGAPORE,#N/A,INDIA
2016,470329,ROYAL GOLDEN EAGLE,APRIL,BUATAN,RIAU,60,23519,ROYAL GOLDEN EAGLE,APEL ENTERPRISES (SINGAPORE) PTE LTD,SINGAPORE,#N/A,INDIA
2016,470329,ROYAL GOLDEN EAGLE,APRIL,BUATAN,RIAU,502,195961,ROYAL GOLDEN EAGLE,APEL ENTERPRISES (SINGAPORE) PTE LTD,SINGAPORE,#N/A,VIETNAM
2016,470329,ROYAL GOLDEN EAGLE,APRIL,BUATAN,RIAU,60,24090,ROYAL GOLDEN EAGLE,APEL ENTERPRISES (SINGAPORE) PTE LTD,SINGAPORE,#N/A,INDIA
2016,470329,ROYAL GOLDEN EAGLE,APRIL,BUATAN,RIAU,501,195542,ROYAL GOLDEN EAGLE,APEL ENTERPRISES (SINGAPORE) PTE LTD,SINGAPORE,#N/A,INDIA
2016,470329,ROYAL GOLDEN EAGLE,APRIL,BUATAN,RIAU,502,195723,ROYAL GOLDEN EAGLE,AP ENTERPRISES (MACAO) COMMERCIAL OFFSHORE LTD,MACAO,#N/A,BANGLADESH
2016,470329,ROYAL GOLDEN EAGLE,APRIL,BUATAN,RIAU,502,200634,ROYAL GOLDEN EAGLE,AP ENTERPRISES (MACAO) COMMERCIAL OFFSHORE LTD,MACAO,#N/A,BANGLADESH
2016,470329,ROYAL GOLDEN EAGLE,APRIL,BUATAN,RIAU,596,238272,ROYAL GOLDEN EAGLE,APEL ENTERPRISES (SINGAPORE) PTE LTD,SINGAPORE,#N/A,EGYPT
2016,470329,ROYAL GOLDEN EAGLE,TOBA PULP LESTARI,BELAWAN,SUMATERA UTARA,498,211622,ROYAL GOLDEN EAGLE,DP MARKETING INTERNATIONAL,MACAO,#N/A,CHINA (MAINLAND)
2016,470329,ROYAL GOLDEN EAGLE,APRIL,BUATAN,RIAU,257,102803,ROYAL GOLDEN EAGLE,APEL ENTERPRISES (SINGAPORE) PTE LTD,SINGAPORE,#N/A,IRAN
2016,470329,ROYAL GOLDEN EAGLE,APRIL,BUATAN,RIAU,1004,391675,ROYAL GOLDEN EAGLE,APRIL FAR EAST MALAYSIA SDN BHD,MALAYSIA,#N/A,CHINA (MAINLAND)
2016,470329,SINAR MAS,LONTAR PAPYRUS,KUALA TUNGKAL,JAMBI,1001,461464,UNKNOWN AFFILIATION,FREELAND UNIVERSAL LTD,CHINA (HONG KONG),#N/A,CHINA (MAINLAND)
2016,470329,ROYAL GOLDEN EAGLE,TOBA PULP LESTARI,BELAWAN,SUMATERA UTARA,497,211118,ROYAL GOLDEN EAGLE,DP MARKETING INTERNATIONAL,MACAO,#N/A,CHINA (MAINLAND)
2016,470329,ROYAL GOLDEN EAGLE,APRIL,BUATAN,RIAU,80,32103,ROYAL GOLDEN EAGLE,APEL ENTERPRISES (SINGAPORE) PTE LTD,SINGAPORE,#N/A,INDIA
2016,470329,ROYAL GOLDEN EAGLE,TOBA PULP LESTARI,BELAWAN,SUMATERA UTARA,496,210770,ROYAL GOLDEN EAGLE,DP MARKETING INTERNATIONAL,MACAO,#N/A,CHINA (MAINLAND)
2016,470329,ROYAL GOLDEN EAGLE,APRIL,BUATAN,RIAU,1506,602438,ROYAL GOLDEN EAGLE,ALKIRA TRADING (MACAO COMMERCIAL OFFSHORE) LTD,MACAO,#N/A,CHINA (MAINLAND)
2016,470329,MARUBENI,TANJUNG ENIM LESTARI,PANJANG,SUMATERA SELATAN,810,340701,MARUBENI,MARUBENI CORP,JAPAN,#N/A,INDIA
2016,470329,ROYAL GOLDEN EAGLE,APRIL,BUATAN,RIAU,1005,391844,ROYAL GOLDEN EAGLE,APEL ENTERPRISES (SINGAPORE) PTE LTD,SINGAPORE,#N/A,INDIA
2016,470329,SINAR MAS,INDAH KIAT,PERAWANG,RIAU,700,335256,SINAR MAS,GOLDEN PROFIT TRADING PTE LTD,SINGAPORE,#N/A,INDIA
2016,470329,ROYAL GOLDEN EAGLE,APRIL,BUATAN,RIAU,402,156755,ROYAL GOLDEN EAGLE,APRIL FAR EAST MALAYSIA SDN BHD,MALAYSIA,#N/A,CHINA (MAINLAND)
2016,470329,MARUBENI,TANJUNG ENIM LESTARI,PANJANG,SUMATERA SELATAN,197,82682,MARUBENI,MARUBENI CORP,JAPAN,#N/A,INDIA
2016,470329,MARUBENI,TANJUNG ENIM LESTARI,PANJANG,SUMATERA SELATAN,502,216545,MARUBENI,MARUBENI CORP,JAPAN,#N/A,CHINA (MAINLAND)
2016,470329,ROYAL GOLDEN EAGLE,APRIL,BUATAN,RIAU,361,140846,ROYAL GOLDEN EAGLE,ALKIRA TRADING (MACAO COMMERCIAL OFFSHORE) LTD,MACAO,#N/A,CHINA (MAINLAND)
2016,470329,MARUBENI,TANJUNG ENIM LESTARI,PANJANG,SUMATERA SELATAN,109,46280,MARUBENI,MARUBENI CORP,JAPAN,#N/A,CHINA (MAINLAND)
2016,470329,ROYAL GOLDEN EAGLE,APRIL,BUATAN,RIAU,201,80497,ROYAL GOLDEN EAGLE,APEL ENTERPRISES (SINGAPORE) PTE LTD,SINGAPORE,#N/A,INDIA
2016,470329,ROYAL GOLDEN EAGLE,APRIL,BUATAN,RIAU,60,24168,ROYAL GOLDEN EAGLE,APEL ENTERPRISES (SINGAPORE) PTE LTD,SINGAPORE,#N/A,INDIA
2016,470329,ROYAL GOLDEN EAGLE,APRIL,BUATAN,RIAU,120,48144,ROYAL GOLDEN EAGLE,APEL ENTERPRISES (SINGAPORE) PTE LTD,SINGAPORE,#N/A,INDIA
2016,470329,ROYAL GOLDEN EAGLE,APRIL,FUTONG,RIAU,8167,3266814,ROYAL GOLDEN EAGLE,ALKIRA TRADING (MACAO COMMERCIAL OFFSHORE) LTD,MACAO,#N/A,CHINA (MAINLAND)
2016,470329,ROYAL GOLDEN EAGLE,APRIL,FUTONG,RIAU,3014,1205634,ROYAL GOLDEN EAGLE,ALKIRA TRADING (MACAO COMMERCIAL OFFSHORE) LTD,MACAO,#N/A,CHINA (MAINLAND)
2016,470329,ROYAL GOLDEN EAGLE,TOBA PULP LESTARI,BELAWAN,SUMATERA UTARA,495,210448,ROYAL GOLDEN EAGLE,DP MARKETING INTERNATIONAL,MACAO,#N/A,CHINA (MAINLAND)
2016,470329,ROYAL GOLDEN EAGLE,APRIL,BUATAN,RIAU,502,195605,ROYAL GOLDEN EAGLE,AP ENTERPRISES (MACAO) COMMERCIAL OFFSHORE LTD,MACAO,#N/A,BANGLADESH
2016,470329,ROYAL GOLDEN EAGLE,APRIL,FUTONG,RIAU,4592,1836732,ROYAL GOLDEN EAGLE,ALKIRA TRADING (MACAO COMMERCIAL OFFSHORE) LTD,MACAO,#N/A,CHINA (MAINLAND)
2016,470329,ROYAL GOLDEN EAGLE,APRIL,BUATAN,RIAU,993,397242,ROYAL GOLDEN EAGLE,ALKIRA TRADING (MACAO COMMERCIAL OFFSHORE) LTD,MACAO,#N/A,CHINA (MAINLAND)
2016,470329,ROYAL GOLDEN EAGLE,APRIL,BUATAN,RIAU,1002,400944,ROYAL GOLDEN EAGLE,ALKIRA TRADING (MACAO COMMERCIAL OFFSHORE) LTD,MACAO,#N/A,CHINA (MAINLAND)
2016,470329,ROYAL GOLDEN EAGLE,APRIL,FUTONG,RIAU,3015,1205954,ROYAL GOLDEN EAGLE,APRIL FAR EAST MALAYSIA SDN BHD,MALAYSIA,#N/A,CHINA (MAINLAND)
2016,470329,ROYAL GOLDEN EAGLE,APRIL,FUTONG,RIAU,2982,1192737,ROYAL GOLDEN EAGLE,ALKIRA TRADING (MACAO COMMERCIAL OFFSHORE) LTD,MACAO,#N/A,CHINA (MAINLAND)
2016,470329,SINAR MAS,LONTAR PAPYRUS,KUALA TUNGKAL,JAMBI,1001,464129,UNKNOWN AFFILIATION,FREELAND UNIVERSAL LTD,CHINA (HONG KONG),#N/A,CHINA (MAINLAND)
2016,470329,SINAR MAS,LONTAR PAPYRUS,KUALA TUNGKAL,JAMBI,501,248915,SINAR MAS,GOLDEN PROFIT TRADING PTE LTD,SINGAPORE,#N/A,BANGLADESH
2016,470329,ROYAL GOLDEN EAGLE,APRIL,BUATAN,RIAU,501,200571,ROYAL GOLDEN EAGLE,AP ENTERPRISES (MACAO) COMMERCIAL OFFSHORE LTD,MACAO,CHITTAGONG,BANGLADESH
2016,470329,ROYAL GOLDEN EAGLE,APRIL,FUTONG,RIAU,2512,1004981,ROYAL GOLDEN EAGLE,AP ENTERPRISES (MACAO) COMMERCIAL OFFSHORE LTD,MACAO,#N/A,SOUTH KOREA
2016,470329,ROYAL GOLDEN EAGLE,APRIL,BUATAN,RIAU,1507,602832,ROYAL GOLDEN EAGLE,ALKIRA TRADING (MACAO COMMERCIAL OFFSHORE) LTD,MACAO,#N/A,CHINA (MAINLAND)
2016,470329,ROYAL GOLDEN EAGLE,APRIL,FUTONG,RIAU,3214,1285591,ROYAL GOLDEN EAGLE,AP ENTERPRISES (MACAO) COMMERCIAL OFFSHORE LTD,MACAO,#N/A,SOUTH KOREA
2016,470329,SINAR MAS,LONTAR PAPYRUS,KUALA TUNGKAL,JAMBI,204,92062,UNKNOWN AFFILIATION,FREELAND UNIVERSAL LTD,CHINA (HONG KONG),#N/A,CHINA (MAINLAND)
2016,470329,SINAR MAS,LONTAR PAPYRUS,KUALA TUNGKAL,JAMBI,100,46849,SINAR MAS,GOLDEN PROFIT TRADING PTE LTD,SINGAPORE,#N/A,INDIA
2016,470329,ROYAL GOLDEN EAGLE,APRIL,BUATAN,RIAU,1005,401852,ROYAL GOLDEN EAGLE,ALKIRA TRADING (MACAO COMMERCIAL OFFSHORE) LTD,MACAO,#N/A,CHINA (MAINLAND)
2016,470329,ROYAL GOLDEN EAGLE,APRIL,FUTONG,RIAU,2913,1165244,ROYAL GOLDEN EAGLE,AP ENTERPRISES (MACAO) COMMERCIAL OFFSHORE LTD,MACAO,#N/A,SOUTH KOREA
2016,470329,MARUBENI,TANJUNG ENIM LESTARI,TANJUNG PRIOK,SUMATERA SELATAN,915,391346,MARUBENI,MARUBENI CORP,JAPAN,#N/A,CHINA (MAINLAND)
2016,470329,ROYAL GOLDEN EAGLE,APRIL,FUTONG,RIAU,3015,1205945,ROYAL GOLDEN EAGLE,AP ENTERPRISES (MACAO) COMMERCIAL OFFSHORE LTD,MACAO,#N/A,SOUTH KOREA
2016,470329,SINAR MAS,LONTAR PAPYRUS,KUALA TUNGKAL,JAMBI,100,46785,SINAR MAS,GOLDEN PROFIT TRADING PTE LTD,SINGAPORE,#N/A,INDIA
2016,470329,ROYAL GOLDEN EAGLE,APRIL,FUTONG,RIAU,2512,1004782,ROYAL GOLDEN EAGLE,APEL ENTERPRISES (SINGAPORE) PTE LTD,SINGAPORE,#N/A,SOUTH KOREA
2016,470329,ROYAL GOLDEN EAGLE,APRIL,FUTONG,RIAU,1908,763209,ROYAL GOLDEN EAGLE,AP ENTERPRISES (MACAO) COMMERCIAL OFFSHORE LTD,MACAO,#N/A,SOUTH KOREA
2016,470329,ROYAL GOLDEN EAGLE,APRIL,BUATAN,RIAU,502,200995,ROYAL GOLDEN EAGLE,APEL ENTERPRISES (SINGAPORE) PTE LTD,SINGAPORE,#N/A,INDIA
2016,470329,ROYAL GOLDEN EAGLE,APRIL,BUATAN,RIAU,993,397160,ROYAL GOLDEN EAGLE,ALKIRA TRADING (MACAO COMMERCIAL OFFSHORE) LTD,MACAO,#N/A,CHINA (MAINLAND)
2016,470329,ROYAL GOLDEN EAGLE,APRIL,BUATAN,RIAU,201,80474,ROYAL GOLDEN EAGLE,APEL ENTERPRISES (SINGAPORE) PTE LTD,SINGAPORE,#N/A,INDIA
2016,470329,ROYAL GOLDEN EAGLE,APRIL,BUATAN,RIAU,502,200920,ROYAL GOLDEN EAGLE,APEL ENTERPRISES (SINGAPORE) PTE LTD,SINGAPORE,#N/A,INDIA
2016,470329,ROYAL GOLDEN EAGLE,APRIL,BUATAN,RIAU,502,200965,ROYAL GOLDEN EAGLE,AP ENTERPRISES (MACAO) COMMERCIAL OFFSHORE LTD,MACAO,#N/A,BANGLADESH
2016,470329,ROYAL GOLDEN EAGLE,APRIL,BUATAN,RIAU,993,397382,ROYAL GOLDEN EAGLE,ALKIRA TRADING (MACAO COMMERCIAL OFFSHORE) LTD,MACAO,#N/A,CHINA (MAINLAND)
2016,470329,SINAR MAS,INDAH KIAT,PERAWANG,RIAU,800,383150,SINAR MAS,GOLDEN PROFIT TRADING PTE LTD,SINGAPORE,#N/A,INDIA
2016,470329,ROYAL GOLDEN EAGLE,APRIL,BUATAN,RIAU,1005,402006,ROYAL GOLDEN EAGLE,ALKIRA TRADING (MACAO COMMERCIAL OFFSHORE) LTD,MACAO,CHONGQING,CHINA (MAINLAND)
2016,470329,ROYAL GOLDEN EAGLE,APRIL,BUATAN,RIAU,993,397143,ROYAL GOLDEN EAGLE,ALKIRA TRADING (MACAO COMMERCIAL OFFSHORE) LTD,MACAO,CHONGQING,CHINA (MAINLAND)
2016,470329,ROYAL GOLDEN EAGLE,APRIL,BUATAN,RIAU,994,397489,ROYAL GOLDEN EAGLE,ALKIRA TRADING (MACAO COMMERCIAL OFFSHORE) LTD,MACAO,#N/A,CHINA (MAINLAND)
2016,470329,ROYAL GOLDEN EAGLE,APRIL,BUATAN,RIAU,201,80309,ROYAL GOLDEN EAGLE,APEL ENTERPRISES (SINGAPORE) PTE LTD,SINGAPORE,#N/A,INDIA
2016,470329,MARUBENI,TANJUNG ENIM LESTARI,TANJUNG PRIOK,SUMATERA SELATAN,488,204510,MARUBENI,MARUBENI CORP,JAPAN,#N/A,CHINA (MAINLAND)
2016,470329,MARUBENI,TANJUNG ENIM LESTARI,PANJANG,SUMATERA SELATAN,1006,434100,MARUBENI,MARUBENI CORP,JAPAN,#N/A,CHINA (MAINLAND)
2016,470329,ROYAL GOLDEN EAGLE,APRIL,BUATAN,RIAU,201,80405,ROYAL GOLDEN EAGLE,APEL ENTERPRISES (SINGAPORE) PTE LTD,SINGAPORE,#N/A,INDIA
2016,470329,ROYAL GOLDEN EAGLE,APRIL,BUATAN,RIAU,96,38560,ROYAL GOLDEN EAGLE,ALKIRA TRADING (MACAO COMMERCIAL OFFSHORE) LTD,MACAO,#N/A,TAIWAN
2016,470329,ROYAL GOLDEN EAGLE,APRIL,BUATAN,RIAU,1005,401860,ROYAL GOLDEN EAGLE,ALKIRA TRADING (MACAO COMMERCIAL OFFSHORE) LTD,MACAO,#N/A,CHINA (MAINLAND)
2016,470329,ROYAL GOLDEN EAGLE,APRIL,BUATAN,RIAU,884,344634,ROYAL GOLDEN EAGLE,APRIL FAR EAST MALAYSIA SDN BHD,MALAYSIA,#N/A,CHINA (MAINLAND)
2016,470329,SINAR MAS,INDAH KIAT,SUNGAI PAKNING,RIAU,5600,2620800,UNKNOWN AFFILIATION,FREELAND UNIVERSAL LTD,CHINA (HONG KONG),#N/A,CHINA (MAINLAND)
2016,470329,ROYAL GOLDEN EAGLE,APRIL,BUATAN,RIAU,1003,401396,ROYAL GOLDEN EAGLE,ALKIRA TRADING (MACAO COMMERCIAL OFFSHORE) LTD,MACAO,#N/A,CHINA (MAINLAND)
2016,470329,MARUBENI,TANJUNG ENIM LESTARI,PANJANG,SUMATERA SELATAN,1008,434162,MARUBENI,MARUBENI CORP,JAPAN,#N/A,CHINA (MAINLAND)
2016,470329,ROYAL GOLDEN EAGLE,APRIL,BUATAN,RIAU,201,80283,ROYAL GOLDEN EAGLE,APEL ENTERPRISES (SINGAPORE) PTE LTD,SINGAPORE,#N/A,INDIA
2016,470329,ROYAL GOLDEN EAGLE,APRIL,BUATAN,RIAU,261,104241,ROYAL GOLDEN EAGLE,APEL ENTERPRISES (SINGAPORE) PTE LTD,SINGAPORE,#N/A,INDIA
2016,470329,ROYAL GOLDEN EAGLE,APRIL,BUATAN,RIAU,141,56286,ROYAL GOLDEN EAGLE,APEL ENTERPRISES (SINGAPORE) PTE LTD,SINGAPORE,#N/A,INDIA
2016,470329,ROYAL GOLDEN EAGLE,APRIL,BUATAN,RIAU,502,200836,ROYAL GOLDEN EAGLE,ALKIRA TRADING (MACAO COMMERCIAL OFFSHORE) LTD,MACAO,#N/A,CHINA (MAINLAND)
2016,470329,ROYAL GOLDEN EAGLE,APRIL,FUTONG,RIAU,5983,2393017,ROYAL GOLDEN EAGLE,ALKIRA TRADING (MACAO COMMERCIAL OFFSHORE) LTD,MACAO,#N/A,CHINA (MAINLAND)
2016,470329,ROYAL GOLDEN EAGLE,APRIL,BUATAN,RIAU,502,195795,ROYAL GOLDEN EAGLE,AP ENTERPRISES (MACAO) COMMERCIAL OFFSHORE LTD,MACAO,#N/A,BANGLADESH
2016,470329,ROYAL GOLDEN EAGLE,APRIL,BUATAN,RIAU,1003,391346,ROYAL GOLDEN EAGLE,APEL ENTERPRISES (SINGAPORE) PTE LTD,SINGAPORE,#N/A,INDIA
2016,470329,ROYAL GOLDEN EAGLE,APRIL,FUTONG,RIAU,2260,904148,ROYAL GOLDEN EAGLE,ALKIRA TRADING (MACAO COMMERCIAL OFFSHORE) LTD,MACAO,#N/A,CHINA (MAINLAND)
2016,470329,SINAR MAS,INDAH KIAT,PERAWANG,RIAU,500,236266,SINAR MAS,GOLDEN PROFIT TRADING PTE LTD,SINGAPORE,#N/A,INDIA
2016,470329,ROYAL GOLDEN EAGLE,APRIL,BUATAN,RIAU,502,195743,ROYAL GOLDEN EAGLE,ALKIRA TRADING (MACAO COMMERCIAL OFFSHORE) LTD,MACAO,#N/A,CHINA (MAINLAND)
2016,470329,ROYAL GOLDEN EAGLE,APRIL,FUTONG,RIAU,3770,1505314,ROYAL GOLDEN EAGLE,ALKIRA TRADING (MACAO COMMERCIAL OFFSHORE) LTD,MACAO,#N/A,CHINA (MAINLAND)
2016,470329,ROYAL GOLDEN EAGLE,APRIL,BUATAN,RIAU,1004,401776,ROYAL GOLDEN EAGLE,APEL ENTERPRISES (SINGAPORE) PTE LTD,SINGAPORE,#N/A,SAUDI ARABIA
2016,470329,ROYAL GOLDEN EAGLE,APRIL,BUATAN,RIAU,101,40276,ROYAL GOLDEN EAGLE,APEL ENTERPRISES (SINGAPORE) PTE LTD,SINGAPORE,#N/A,INDIA
2016,470329,SINAR MAS,LONTAR PAPYRUS,KUALA TUNGKAL,JAMBI,101,46968,SINAR MAS,GOLDEN PROFIT TRADING PTE LTD,SINGAPORE,#N/A,INDIA
2016,470329,ROYAL GOLDEN EAGLE,APRIL,BUATAN,RIAU,1004,401706,ROYAL GOLDEN EAGLE,ALKIRA TRADING (MACAO COMMERCIAL OFFSHORE) LTD,MACAO,#N/A,CHINA (MAINLAND)
2016,470329,SINAR MAS,INDAH KIAT,PERAWANG,RIAU,500,237009,SINAR MAS,GOLDEN PROFIT TRADING PTE LTD,SINGAPORE,#N/A,INDIA
2016,470329,SINAR MAS,INDAH KIAT,SUNGAI PAKNING,RIAU,4600,2152800,UNKNOWN AFFILIATION,FREELAND UNIVERSAL LTD,CHINA (HONG KONG),#N/A,CHINA (MAINLAND)
2016,470329,ROYAL GOLDEN EAGLE,APRIL,BUATAN,RIAU,502,195630,ROYAL GOLDEN EAGLE,AP ENTERPRISES (MACAO) COMMERCIAL OFFSHORE LTD,MACAO,#N/A,BANGLADESH
2016,470329,ROYAL GOLDEN EAGLE,APRIL,BUATAN,RIAU,200,80176,ROYAL GOLDEN EAGLE,AP ENTERPRISES (MACAO) COMMERCIAL OFFSHORE LTD,MACAO,#N/A,BANGLADESH
2016,470329,SINAR MAS,LONTAR PAPYRUS,KUALA TUNGKAL,JAMBI,1001,464316,UNKNOWN AFFILIATION,FREELAND UNIVERSAL LTD,CHINA (HONG KONG),#N/A,CHINA (MAINLAND)
2016,470329,ROYAL GOLDEN EAGLE,APRIL,BUATAN,RIAU,1004,401697,ROYAL GOLDEN EAGLE,ALKIRA TRADING (MACAO COMMERCIAL OFFSHORE) LTD,MACAO,#N/A,CHINA (MAINLAND)
2016,470329,ROYAL GOLDEN EAGLE,APRIL,BUATAN,RIAU,241,96202,ROYAL GOLDEN EAGLE,AP ENTERPRISES (MACAO) COMMERCIAL OFFSHORE LTD,MACAO,#N/A,BANGLADESH
2016,470329,ROYAL GOLDEN EAGLE,APRIL,BUATAN,RIAU,502,200927,ROYAL GOLDEN EAGLE,AP ENTERPRISES (MACAO) COMMERCIAL OFFSHORE LTD,MACAO,#N/A,BANGLADESH
2016,470329,ROYAL GOLDEN EAGLE,APRIL,BUATAN,RIAU,58,23304,ROYAL GOLDEN EAGLE,APEL ENTERPRISES (SINGAPORE) PTE LTD,SINGAPORE,#N/A,MOZAMBIQUE
2016,470329,MARUBENI,TANJUNG ENIM LESTARI,PANJANG,SUMATERA SELATAN,188,80979,MARUBENI,MARUBENI CORP,JAPAN,#N/A,THAILAND
2016,470329,SINAR MAS,LONTAR PAPYRUS,KUALA TUNGKAL,JAMBI,100,46753,SINAR MAS,GOLDEN PROFIT TRADING PTE LTD,SINGAPORE,#N/A,INDIA
2016,470329,ROYAL GOLDEN EAGLE,APRIL,BUATAN,RIAU,201,80259,ROYAL GOLDEN EAGLE,AP ENTERPRISES (MACAO) COMMERCIAL OFFSHORE LTD,MACAO,#N/A,BANGLADESH
2016,470329,SINAR MAS,LONTAR PAPYRUS,KUALA TUNGKAL,JAMBI,1000,463852,UNKNOWN AFFILIATION,FREELAND UNIVERSAL LTD,CHINA (HONG KONG),#N/A,CHINA (MAINLAND)
2016,470329,ROYAL GOLDEN EAGLE,APRIL,BUATAN,RIAU,502,200804,ROYAL GOLDEN EAGLE,AP ENTERPRISES (MACAO) COMMERCIAL OFFSHORE LTD,MACAO,#N/A,BANGLADESH
2016,470329,ROYAL GOLDEN EAGLE,TOBA PULP LESTARI,BELAWAN,SUMATERA UTARA,495,215395,ROYAL GOLDEN EAGLE,DP MARKETING INTERNATIONAL,MACAO,#N/A,CHINA (MAINLAND)
2016,470329,ROYAL GOLDEN EAGLE,APRIL,BUATAN,RIAU,894,357752,ROYAL GOLDEN EAGLE,APEL ENTERPRISES (SINGAPORE) PTE LTD,SINGAPORE,#N/A,DJIBOUTI
2016,470329,SINAR MAS,INDAH KIAT,PERAWANG,RIAU,1000,458100,UNKNOWN AFFILIATION,NINGBO CROWN OF CHINA ENERGY CO LTD,CHINA (MAINLAND),#N/A,CHINA (MAINLAND)
2016,470329,ROYAL GOLDEN EAGLE,APRIL,BUATAN,RIAU,502,200798,ROYAL GOLDEN EAGLE,AP ENTERPRISES (MACAO) COMMERCIAL OFFSHORE LTD,MACAO,#N/A,BANGLADESH
2016,470329,ROYAL GOLDEN EAGLE,APRIL,BUATAN,RIAU,502,200842,ROYAL GOLDEN EAGLE,APEL ENTERPRISES (SINGAPORE) PTE LTD,SINGAPORE,#N/A,SAUDI ARABIA
2016,470329,ROYAL GOLDEN EAGLE,APRIL,BUATAN,RIAU,501,200495,ROYAL GOLDEN EAGLE,AP ENTERPRISES (MACAO) COMMERCIAL OFFSHORE LTD,MACAO,#N/A,BANGLADESH
2016,470329,ROYAL GOLDEN EAGLE,TOBA PULP LESTARI,BELAWAN,SUMATERA UTARA,496,215918,ROYAL GOLDEN EAGLE,DP MARKETING INTERNATIONAL,MACAO,#N/A,CHINA (MAINLAND)
2016,470329,ROYAL GOLDEN EAGLE,APRIL,BUATAN,RIAU,1092,436656,ROYAL GOLDEN EAGLE,APEL ENTERPRISES (SINGAPORE) PTE LTD,SINGAPORE,#N/A,UNITED ARAB EMIRATES
2016,470329,ROYAL GOLDEN EAGLE,APRIL,BUATAN,RIAU,241,96285,ROYAL GOLDEN EAGLE,APEL ENTERPRISES (SINGAPORE) PTE LTD,SINGAPORE,#N/A,INDIA
2016,470329,ROYAL GOLDEN EAGLE,APRIL,BUATAN,RIAU,1005,401914,ROYAL GOLDEN EAGLE,ALKIRA TRADING (MACAO COMMERCIAL OFFSHORE) LTD,MACAO,#N/A,CHINA (MAINLAND)
2016,470329,ROYAL GOLDEN EAGLE,APRIL,BUATAN,RIAU,502,200970,ROYAL GOLDEN EAGLE,ALKIRA TRADING (MACAO COMMERCIAL OFFSHORE) LTD,MACAO,#N/A,CHINA (MAINLAND)
2016,470329,ROYAL GOLDEN EAGLE,APRIL,BUATAN,RIAU,502,200769,ROYAL GOLDEN EAGLE,APEL ENTERPRISES (SINGAPORE) PTE LTD,SINGAPORE,#N/A,SAUDI ARABIA
2016,470329,SINAR MAS,LONTAR PAPYRUS,KUALA TUNGKAL,JAMBI,939,437046,UNKNOWN AFFILIATION,FREELAND UNIVERSAL LTD,CHINA (HONG KONG),#N/A,CHINA (MAINLAND)
2016,470329,ROYAL GOLDEN EAGLE,APRIL,BUATAN,RIAU,562,224912,ROYAL GOLDEN EAGLE,APEL ENTERPRISES (SINGAPORE) PTE LTD,SINGAPORE,#N/A,UNITED ARAB EMIRATES
2016,470329,SINAR MAS,LONTAR PAPYRUS,KUALA TUNGKAL,JAMBI,860,398975,UNKNOWN AFFILIATION,FREELAND UNIVERSAL LTD,CHINA (HONG KONG),#N/A,CHINA (MAINLAND)
2016,470329,ROYAL GOLDEN EAGLE,APRIL,FUTONG,RIAU,6027,2400890,ROYAL GOLDEN EAGLE,AP ENTERPRISES (MACAO) COMMERCIAL OFFSHORE LTD,MACAO,#N/A,BANGLADESH
2016,470329,ROYAL GOLDEN EAGLE,APRIL,BUATAN,RIAU,1004,401654,ROYAL GOLDEN EAGLE,APEL ENTERPRISES (SINGAPORE) PTE LTD,SINGAPORE,#N/A,SAUDI ARABIA
2016,470329,SINAR MAS,INDAH KIAT,PERAWANG,RIAU,300,142268,SINAR MAS,GOLDEN PROFIT TRADING PTE LTD,SINGAPORE,#N/A,VIETNAM
2016,470329,SINAR MAS,LONTAR PAPYRUS,KUALA TUNGKAL,JAMBI,1102,516030,UNKNOWN AFFILIATION,FREELAND UNIVERSAL LTD,CHINA (HONG KONG),#N/A,CHINA (MAINLAND)
2016,470329,MARUBENI,TANJUNG ENIM LESTARI,PANJANG,SUMATERA SELATAN,503,228147,MARUBENI,MARUBENI CORP,JAPAN,#N/A,INDIA
2016,470329,ROYAL GOLDEN EAGLE,APRIL,BUATAN,RIAU,502,200645,ROYAL GOLDEN EAGLE,ALKIRA TRADING (MACAO COMMERCIAL OFFSHORE) LTD,MACAO,#N/A,CHINA (MAINLAND)
2016,470329,MARUBENI,TANJUNG ENIM LESTARI,PANJANG,SUMATERA SELATAN,153,67552,MARUBENI,MARUBENI CORP,JAPAN,#N/A,INDIA
2016,470329,SINAR MAS,LONTAR PAPYRUS,KUALA TUNGKAL,JAMBI,500,248761,SINAR MAS,GOLDEN PROFIT TRADING PTE LTD,SINGAPORE,#N/A,BANGLADESH
2016,470329,ROYAL GOLDEN EAGLE,APRIL,BUATAN,RIAU,257,102782,ROYAL GOLDEN EAGLE,APEL ENTERPRISES (SINGAPORE) PTE LTD,SINGAPORE,#N/A,IRAN
2016,470329,SINAR MAS,INDAH KIAT,PERAWANG,RIAU,500,234150,UNKNOWN AFFILIATION,FREELAND UNIVERSAL LTD,CHINA (HONG KONG),#N/A,CHINA (MAINLAND)
2016,470329,ROYAL GOLDEN EAGLE,APRIL,BUATAN,RIAU,257,102835,ROYAL GOLDEN EAGLE,APEL ENTERPRISES (SINGAPORE) PTE LTD,SINGAPORE,#N/A,IRAN
2016,470329,ROYAL GOLDEN EAGLE,APRIL,BUATAN,RIAU,362,144644,ROYAL GOLDEN EAGLE,APEL ENTERPRISES (SINGAPORE) PTE LTD,SINGAPORE,#N/A,INDIA
2016,470329,ROYAL GOLDEN EAGLE,APRIL,BUATAN,RIAU,120,48178,ROYAL GOLDEN EAGLE,APEL ENTERPRISES (SINGAPORE) PTE LTD,SINGAPORE,#N/A,INDIA
2016,470329,ROYAL GOLDEN EAGLE,APRIL,BUATAN,RIAU,502,200873,ROYAL GOLDEN EAGLE,AP ENTERPRISES (MACAO) COMMERCIAL OFFSHORE LTD,MACAO,#N/A,BANGLADESH
2016,470329,ROYAL GOLDEN EAGLE,TOBA PULP LESTARI,BELAWAN,SUMATERA UTARA,495,215332,ROYAL GOLDEN EAGLE,DP MARKETING INTERNATIONAL,MACAO,#N/A,CHINA (MAINLAND)
2016,470329,ROYAL GOLDEN EAGLE,APRIL,BUATAN,RIAU,301,120535,ROYAL GOLDEN EAGLE,AP ENTERPRISES (MACAO) COMMERCIAL OFFSHORE LTD,MACAO,#N/A,BANGLADESH
2016,470329,MARUBENI,TANJUNG ENIM LESTARI,TARAHAN,SUMATERA SELATAN,823,356088,MARUBENI,MARUBENI CORP,JAPAN,#N/A,TAIWAN
2016,470329,MARUBENI,TANJUNG ENIM LESTARI,TARAHAN,SUMATERA SELATAN,2059,877422,MARUBENI,MARUBENI CORP,JAPAN,#N/A,SOUTH KOREA
2016,470329,MARUBENI,TANJUNG ENIM LESTARI,TARAHAN,SUMATERA SELATAN,1029,445713,MARUBENI,MARUBENI CORP,JAPAN,#N/A,TAIWAN
2016,470329,ROYAL GOLDEN EAGLE,APRIL,BUATAN,RIAU,596,238494,ROYAL GOLDEN EAGLE,APEL ENTERPRISES (SINGAPORE) PTE LTD,SINGAPORE,#N/A,EGYPT
2016,470329,ROYAL GOLDEN EAGLE,APRIL,BUATAN,RIAU,201,80212,ROYAL GOLDEN EAGLE,APEL ENTERPRISES (SINGAPORE) PTE LTD,SINGAPORE,#N/A,INDIA
2016,470329,ROYAL GOLDEN EAGLE,APRIL,BUATAN,RIAU,1004,401476,ROYAL GOLDEN EAGLE,ALKIRA TRADING (MACAO COMMERCIAL OFFSHORE) LTD,MACAO,#N/A,CHINA (MAINLAND)
2016,470329,MARUBENI,TANJUNG ENIM LESTARI,TARAHAN,SUMATERA SELATAN,5148,2148976,MARUBENI,MARUBENI CORP,JAPAN,#N/A,CHINA (MAINLAND)
2016,470329,ROYAL GOLDEN EAGLE,APRIL,BUATAN,RIAU,261,104404,ROYAL GOLDEN EAGLE,AP ENTERPRISES (MACAO) COMMERCIAL OFFSHORE LTD,MACAO,#N/A,BANGLADESH
2016,470329,ROYAL GOLDEN EAGLE,APRIL,BUATAN,RIAU,221,88372,ROYAL GOLDEN EAGLE,APEL ENTERPRISES (SINGAPORE) PTE LTD,SINGAPORE,#N/A,UNITED ARAB EMIRATES
2016,470329,ROYAL GOLDEN EAGLE,APRIL,BUATAN,RIAU,40,16106,ROYAL GOLDEN EAGLE,AP ENTERPRISES (MACAO) COMMERCIAL OFFSHORE LTD,MACAO,#N/A,BANGLADESH
2016,470329,ROYAL GOLDEN EAGLE,APRIL,BUATAN,RIAU,502,200891,ROYAL GOLDEN EAGLE,AP ENTERPRISES (MACAO) COMMERCIAL OFFSHORE LTD,MACAO,#N/A,BANGLADESH
2016,470329,ROYAL GOLDEN EAGLE,APRIL,BUATAN,RIAU,60,24114,ROYAL GOLDEN EAGLE,AP ENTERPRISES (MACAO) COMMERCIAL OFFSHORE LTD,MACAO,#N/A,BANGLADESH
2016,470329,ROYAL GOLDEN EAGLE,APRIL,BUATAN,RIAU,402,160790,ROYAL GOLDEN EAGLE,APEL ENTERPRISES (SINGAPORE) PTE LTD,SINGAPORE,#N/A,PHILIPPINES
2016,470329,ROYAL GOLDEN EAGLE,APRIL,BUATAN,RIAU,502,200854,ROYAL GOLDEN EAGLE,ALKIRA TRADING (MACAO COMMERCIAL OFFSHORE) LTD,MACAO,#N/A,GREECE
2016,470329,ROYAL GOLDEN EAGLE,APRIL,BUATAN,RIAU,502,200820,ROYAL GOLDEN EAGLE,AP ENTERPRISES (MACAO) COMMERCIAL OFFSHORE LTD,MACAO,#N/A,BANGLADESH
2016,470329,ROYAL GOLDEN EAGLE,APRIL,BUATAN,RIAU,502,200902,ROYAL GOLDEN EAGLE,AP ENTERPRISES (MACAO) COMMERCIAL OFFSHORE LTD,MACAO,#N/A,BANGLADESH
2016,470329,MARUBENI,TANJUNG ENIM LESTARI,PANJANG,SUMATERA SELATAN,304,140070,MARUBENI,MARUBENI CORP,JAPAN,#N/A,MALAYSIA
2016,470329,ROYAL GOLDEN EAGLE,APRIL,BUATAN,RIAU,502,200622,ROYAL GOLDEN EAGLE,AP ENTERPRISES (MACAO) COMMERCIAL OFFSHORE LTD,MACAO,#N/A,BANGLADESH
2016,470329,ROYAL GOLDEN EAGLE,TOBA PULP LESTARI,BELAWAN,SUMATERA UTARA,518,225350,ROYAL GOLDEN EAGLE,DP MARKETING INTERNATIONAL,MACAO,#N/A,CHINA (MAINLAND)
2016,470329,ROYAL GOLDEN EAGLE,TOBA PULP LESTARI,BELAWAN,SUMATERA UTARA,495,215406,ROYAL GOLDEN EAGLE,DP MARKETING INTERNATIONAL,MACAO,#N/A,CHINA (MAINLAND)
2016,470329,SINAR MAS,INDAH KIAT,PERAWANG,RIAU,1000,458100,UNKNOWN AFFILIATION,NINGBO CROWN OF CHINA ENERGY CO LTD,CHINA (MAINLAND),#N/A,CHINA (MAINLAND)
2016,470329,ROYAL GOLDEN EAGLE,APRIL,BUATAN,RIAU,502,200660,ROYAL GOLDEN EAGLE,AP ENTERPRISES (MACAO) COMMERCIAL OFFSHORE LTD,MACAO,#N/A,BANGLADESH
2016,470329,ROYAL GOLDEN EAGLE,TOBA PULP LESTARI,BELAWAN,SUMATERA UTARA,517,224761,ROYAL GOLDEN EAGLE,DP MARKETING INTERNATIONAL,MACAO,#N/A,CHINA (MAINLAND)
2016,470329,SINAR MAS,INDAH KIAT,PERAWANG,RIAU,144,71445,SINAR MAS,GOLDEN PROFIT TRADING PTE LTD,SINGAPORE,#N/A,JAPAN
2016,470329,SINAR MAS,LONTAR PAPYRUS,KUALA TUNGKAL,JAMBI,1001,464117,UNKNOWN AFFILIATION,FREELAND UNIVERSAL LTD,CHINA (HONG KONG),#N/A,CHINA (MAINLAND)
2016,470329,MARUBENI,TANJUNG ENIM LESTARI,TARAHAN,SUMATERA SELATAN,476,199390,MARUBENI,MARUBENI CORP,JAPAN,#N/A,CHINA (MAINLAND)
2016,470329,SINAR MAS,LONTAR PAPYRUS,KUALA TUNGKAL,JAMBI,501,236136,SINAR MAS,GOLDEN PROFIT TRADING PTE LTD,SINGAPORE,#N/A,INDIA
2016,470329,MARUBENI,TANJUNG ENIM LESTARI,TARAHAN,SUMATERA SELATAN,1000,423720,MARUBENI,MARUBENI CORP,JAPAN,#N/A,SOUTH KOREA
2016,470329,MARUBENI,TANJUNG ENIM LESTARI,TARAHAN,SUMATERA SELATAN,500,209649,MARUBENI,MARUBENI CORP,JAPAN,#N/A,CHINA (MAINLAND)
2016,470329,MARUBENI,TANJUNG ENIM LESTARI,TARAHAN,SUMATERA SELATAN,1001,424073,MARUBENI,MARUBENI CORP,JAPAN,#N/A,SOUTH KOREA
2016,470329,MARUBENI,TANJUNG ENIM LESTARI,TARAHAN,SUMATERA SELATAN,1300,549092,MARUBENI,MARUBENI CORP,JAPAN,#N/A,JAPAN
2016,470329,MARUBENI,TANJUNG ENIM LESTARI,TARAHAN,SUMATERA SELATAN,299,129294,MARUBENI,MARUBENI CORP,JAPAN,#N/A,JAPAN
2016,470329,MARUBENI,TANJUNG ENIM LESTARI,TARAHAN,SUMATERA SELATAN,61,28553,MARUBENI,MARUBENI CORP,JAPAN,#N/A,JAPAN
2016,470329,SINAR MAS,INDAH KIAT,PERAWANG,RIAU,1000,468350,UNKNOWN AFFILIATION,NINGBO CROWN OF CHINA ENERGY CO LTD,CHINA (MAINLAND),#N/A,CHINA (MAINLAND)
2016,470329,SINAR MAS,LONTAR PAPYRUS,KUALA TUNGKAL,JAMBI,500,237606,SINAR MAS,GOLDEN PROFIT TRADING PTE LTD,SINGAPORE,#N/A,BANGLADESH
2016,470329,MARUBENI,TANJUNG ENIM LESTARI,TARAHAN,SUMATERA SELATAN,201,86687,MARUBENI,MARUBENI CORP,JAPAN,#N/A,JAPAN
2016,470329,MARUBENI,TANJUNG ENIM LESTARI,TARAHAN,SUMATERA SELATAN,300,132494,MARUBENI,MARUBENI CORP,JAPAN,#N/A,SOUTH KOREA
2016,470329,MARUBENI,TANJUNG ENIM LESTARI,TARAHAN,SUMATERA SELATAN,500,213993,MARUBENI,MARUBENI CORP,JAPAN,#N/A,CHINA (MAINLAND)
2016,470329,ROYAL GOLDEN EAGLE,TOBA PULP LESTARI,BELAWAN,SUMATERA UTARA,991,431201,ROYAL GOLDEN EAGLE,DP MARKETING INTERNATIONAL,MACAO,#N/A,CHINA (MAINLAND)
2016,470329,MARUBENI,TANJUNG ENIM LESTARI,TARAHAN,SUMATERA SELATAN,699,295302,MARUBENI,MARUBENI CORP,JAPAN,#N/A,JAPAN
2016,470329,MARUBENI,TANJUNG ENIM LESTARI,TARAHAN,SUMATERA SELATAN,2851,1229125,MARUBENI,MARUBENI CORP,JAPAN,#N/A,CHINA (MAINLAND)
2016,470329,ROYAL GOLDEN EAGLE,APRIL,FUTONG,RIAU,5469,2187607,ROYAL GOLDEN EAGLE,APEL ENTERPRISES (SINGAPORE) PTE LTD,SINGAPORE,#N/A,INDIA
2016,470329,MARUBENI,TANJUNG ENIM LESTARI,TARAHAN,SUMATERA SELATAN,101,43523,MARUBENI,MARUBENI CORP,JAPAN,#N/A,JAPAN
2016,470329,MARUBENI,TANJUNG ENIM LESTARI,TARAHAN,SUMATERA SELATAN,476,199299,MARUBENI,MARUBENI CORP,JAPAN,#N/A,CHINA (MAINLAND)
2016,470329,ROYAL GOLDEN EAGLE,APRIL,BUATAN,RIAU,503,201090,ROYAL GOLDEN EAGLE,APEL ENTERPRISES (SINGAPORE) PTE LTD,SINGAPORE,#N/A,INDIA
2016,470329,MARUBENI,TANJUNG ENIM LESTARI,TARAHAN,SUMATERA SELATAN,399,176488,MARUBENI,MARUBENI CORP,JAPAN,#N/A,SOUTH KOREA
2016,470329,MARUBENI,TANJUNG ENIM LESTARI,TARAHAN,SUMATERA SELATAN,99,43786,MARUBENI,MARUBENI CORP,JAPAN,#N/A,SOUTH KOREA
2016,470329,ROYAL GOLDEN EAGLE,TOBA PULP LESTARI,BELAWAN,SUMATERA UTARA,495,215127,ROYAL GOLDEN EAGLE,DP MARKETING INTERNATIONAL,MACAO,#N/A,CHINA (MAINLAND)
2016,470329,ROYAL GOLDEN EAGLE,APRIL,BUATAN,RIAU,261,104371,ROYAL GOLDEN EAGLE,APEL ENTERPRISES (SINGAPORE) PTE LTD,SINGAPORE,#N/A,INDIA
2016,470329,ROYAL GOLDEN EAGLE,APRIL,BUATAN,RIAU,1004,401429,ROYAL GOLDEN EAGLE,ALKIRA TRADING (MACAO COMMERCIAL OFFSHORE) LTD,MACAO,#N/A,CHINA (MAINLAND)
2016,470329,ROYAL GOLDEN EAGLE,APRIL,BUATAN,RIAU,60,24126,ROYAL GOLDEN EAGLE,APEL ENTERPRISES (SINGAPORE) PTE LTD,SINGAPORE,#N/A,INDIA
2016,470329,ROYAL GOLDEN EAGLE,APRIL,BUATAN,RIAU,502,200731,ROYAL GOLDEN EAGLE,AP ENTERPRISES (MACAO) COMMERCIAL OFFSHORE LTD,MACAO,#N/A,BANGLADESH
2016,470329,ROYAL GOLDEN EAGLE,APRIL,BUATAN,RIAU,503,196078,ROYAL GOLDEN EAGLE,AP ENTERPRISES (MACAO) COMMERCIAL OFFSHORE LTD,MACAO,#N/A,BANGLADESH
2016,470329,ROYAL GOLDEN EAGLE,APRIL,BUATAN,RIAU,301,120470,ROYAL GOLDEN EAGLE,AP ENTERPRISES (MACAO) COMMERCIAL OFFSHORE LTD,MACAO,#N/A,BANGLADESH
2016,470329,ROYAL GOLDEN EAGLE,APRIL,BUATAN,RIAU,60,24128,ROYAL GOLDEN EAGLE,APEL ENTERPRISES (SINGAPORE) PTE LTD,SINGAPORE,#N/A,INDIA
2016,470329,ROYAL GOLDEN EAGLE,APRIL,BUATAN,RIAU,60,24109,ROYAL GOLDEN EAGLE,APEL ENTERPRISES (SINGAPORE) PTE LTD,SINGAPORE,#N/A,INDIA
2016,470329,ROYAL GOLDEN EAGLE,APRIL,FUTONG,RIAU,3016,1206280,ROYAL GOLDEN EAGLE,ALKIRA TRADING (MACAO COMMERCIAL OFFSHORE) LTD,MACAO,#N/A,CHINA (MAINLAND)
2016,470329,ROYAL GOLDEN EAGLE,APRIL,FUTONG,RIAU,6598,2611595,ROYAL GOLDEN EAGLE,APRIL FAR EAST MALAYSIA SDN BHD,MALAYSIA,#N/A,CHINA (MAINLAND)
2016,470329,ROYAL GOLDEN EAGLE,APRIL,BUATAN,RIAU,40,16030,ROYAL GOLDEN EAGLE,APEL ENTERPRISES (SINGAPORE) PTE LTD,SINGAPORE,#N/A,INDIA
2016,470329,ROYAL GOLDEN EAGLE,TOBA PULP LESTARI,BELAWAN,SUMATERA UTARA,991,431068,ROYAL GOLDEN EAGLE,DP MARKETING INTERNATIONAL,MACAO,#N/A,CHINA (MAINLAND)
2016,470329,MARUBENI,TANJUNG ENIM LESTARI,TANJUNG PRIOK,SUMATERA SELATAN,20,9813,MARUBENI,MARUBENI CORP,JAPAN,#N/A,JAPAN
2016,470329,ROYAL GOLDEN EAGLE,APRIL,BUATAN,RIAU,502,200767,ROYAL GOLDEN EAGLE,APEL ENTERPRISES (SINGAPORE) PTE LTD,SINGAPORE,#N/A,INDIA
2016,470329,ROYAL GOLDEN EAGLE,APRIL,BUATAN,RIAU,100,40127,ROYAL GOLDEN EAGLE,APEL ENTERPRISES (SINGAPORE) PTE LTD,SINGAPORE,#N/A,INDIA
2016,470329,MARUBENI,TANJUNG ENIM LESTARI,TANJUNG PRIOK,SUMATERA SELATAN,1004,434412,MARUBENI,MARUBENI CORP,JAPAN,#N/A,CHINA (MAINLAND)
2016,470329,SINAR MAS,LONTAR PAPYRUS,KUALA TUNGKAL,JAMBI,1001,464331,UNKNOWN AFFILIATION,FREELAND UNIVERSAL LTD,CHINA (HONG KONG),#N/A,CHINA (MAINLAND)
2016,470329,ROYAL GOLDEN EAGLE,APRIL,BUATAN,RIAU,1004,401566,ROYAL GOLDEN EAGLE,ALKIRA TRADING (MACAO COMMERCIAL OFFSHORE) LTD,MACAO,#N/A,CHINA (MAINLAND)
2016,470329,ROYAL GOLDEN EAGLE,TOBA PULP LESTARI,BELAWAN,SUMATERA UTARA,990,430627,ROYAL GOLDEN EAGLE,DP MARKETING INTERNATIONAL,MACAO,#N/A,CHINA (MAINLAND)
2016,470329,MARUBENI,TANJUNG ENIM LESTARI,TANJUNG PRIOK,SUMATERA SELATAN,502,217377,MARUBENI,MARUBENI CORP,JAPAN,#N/A,CHINA (MAINLAND)
2016,470329,SINAR MAS,LONTAR PAPYRUS,KUALA TUNGKAL,JAMBI,1001,463997,UNKNOWN AFFILIATION,FREELAND UNIVERSAL LTD,CHINA (HONG KONG),#N/A,CHINA (MAINLAND)
2016,470329,MARUBENI,TANJUNG ENIM LESTARI,PANJANG,SUMATERA SELATAN,379,156506,CELLMARK,CELLMARK ASIA PTE LTD,SINGAPORE,CHITTAGONG,BANGLADESH
2016,470329,ROYAL GOLDEN EAGLE,APRIL,BUATAN,RIAU,201,80486,ROYAL GOLDEN EAGLE,AP ENTERPRISES (MACAO) COMMERCIAL OFFSHORE LTD,MACAO,#N/A,BANGLADESH
2016,470329,MARUBENI,TANJUNG ENIM LESTARI,PANJANG,SUMATERA SELATAN,503,211737,MARUBENI,MARUBENI CORP,JAPAN,LUDHIANA,INDIA
2016,470329,MARUBENI,TANJUNG ENIM LESTARI,PANJANG,SUMATERA SELATAN,196,82518,MARUBENI,MARUBENI CORP,JAPAN,JAWAHARLAL NEHRU (NHAVA S,INDIA
2016,470329,ROYAL GOLDEN EAGLE,APRIL,FUTONG,RIAU,3014,1205709,ROYAL GOLDEN EAGLE,ALKIRA TRADING (MACAO COMMERCIAL OFFSHORE) LTD,MACAO,#N/A,CHINA (MAINLAND)
2016,470329,ROYAL GOLDEN EAGLE,APRIL,BUATAN,RIAU,1004,401482,ROYAL GOLDEN EAGLE,ALKIRA TRADING (MACAO COMMERCIAL OFFSHORE) LTD,MACAO,#N/A,CHINA (MAINLAND)
2016,470329,ROYAL GOLDEN EAGLE,TOBA PULP LESTARI,BELAWAN,SUMATERA UTARA,496,215844,ROYAL GOLDEN EAGLE,DP MARKETING INTERNATIONAL,MACAO,#N/A,CHINA (MAINLAND)
2016,470329,MARUBENI,TANJUNG ENIM LESTARI,PANJANG,SUMATERA SELATAN,491,206001,MARUBENI,MARUBENI CORP,JAPAN,ZHANJIANG,CHINA (MAINLAND)
2016,470329,ROYAL GOLDEN EAGLE,APRIL,FUTONG,RIAU,5426,2170206,ROYAL GOLDEN EAGLE,APEL ENTERPRISES (SINGAPORE) PTE LTD,SINGAPORE,#N/A,JAPAN
2016,470329,ROYAL GOLDEN EAGLE,APRIL,BUATAN,RIAU,502,200866,ROYAL GOLDEN EAGLE,AP ENTERPRISES (MACAO) COMMERCIAL OFFSHORE LTD,MACAO,#N/A,BANGLADESH
2016,470329,ROYAL GOLDEN EAGLE,APRIL,BUATAN,RIAU,100,40102,ROYAL GOLDEN EAGLE,APEL ENTERPRISES (SINGAPORE) PTE LTD,SINGAPORE,#N/A,INDIA
2016,470329,ROYAL GOLDEN EAGLE,APRIL,FUTONG,RIAU,2110,843853,ROYAL GOLDEN EAGLE,APEL ENTERPRISES (SINGAPORE) PTE LTD,SINGAPORE,#N/A,JAPAN
2016,470329,MARUBENI,TANJUNG ENIM LESTARI,PANJANG,SUMATERA SELATAN,500,218233,MARUBENI,MARUBENI CORP,JAPAN,QINGDAO,CHINA (MAINLAND)
2016,470329,ROYAL GOLDEN EAGLE,APRIL,BUATAN,RIAU,502,200906,ROYAL GOLDEN EAGLE,AP ENTERPRISES (MACAO) COMMERCIAL OFFSHORE LTD,MACAO,#N/A,BANGLADESH
2016,470329,SINAR MAS,INDAH KIAT,PERAWANG,RIAU,1000,468350,UNKNOWN AFFILIATION,NINGBO CROWN OF CHINA ENERGY CO LTD,CHINA (MAINLAND),#N/A,CHINA (MAINLAND)
2016,470329,ROYAL GOLDEN EAGLE,TOBA PULP LESTARI,BELAWAN,SUMATERA UTARA,495,215480,ROYAL GOLDEN EAGLE,DP MARKETING INTERNATIONAL,MACAO,#N/A,CHINA (MAINLAND)
2016,470329,ROYAL GOLDEN EAGLE,TOBA PULP LESTARI,BELAWAN,SUMATERA UTARA,496,215782,ROYAL GOLDEN EAGLE,DP MARKETING INTERNATIONAL,MACAO,#N/A,CHINA (MAINLAND)
2016,470329,ROYAL GOLDEN EAGLE,APRIL,BUATAN,RIAU,502,200744,ROYAL GOLDEN EAGLE,AP ENTERPRISES (MACAO) COMMERCIAL OFFSHORE LTD,MACAO,#N/A,BANGLADESH
2016,470329,ROYAL GOLDEN EAGLE,APRIL,BUATAN,RIAU,261,104494,ROYAL GOLDEN EAGLE,AP ENTERPRISES (MACAO) COMMERCIAL OFFSHORE LTD,MACAO,#N/A,BANGLADESH
2016,470329,ROYAL GOLDEN EAGLE,APRIL,BUATAN,RIAU,1005,401926,ROYAL GOLDEN EAGLE,APRIL FAR EAST MALAYSIA SDN BHD,MALAYSIA,#N/A,CHINA (MAINLAND)
2016,470329,SINAR MAS,LONTAR PAPYRUS,KUALA TUNGKAL,JAMBI,440,204364,SINAR MAS,KING PAPER SOURCE TRADING (SHANGHAI) CO LTD,CHINA (MAINLAND),CHANGSHU,CHINA (MAINLAND)
2016,470329,SINAR MAS,LONTAR PAPYRUS,KUALA TUNGKAL,JAMBI,501,234445,SINAR MAS,KING PAPER SOURCE TRADING (SHANGHAI) CO LTD,CHINA (MAINLAND),NINGBO,CHINA (MAINLAND)
2016,470329,ROYAL GOLDEN EAGLE,APRIL,BUATAN,RIAU,1005,402036,ROYAL GOLDEN EAGLE,APRIL FAR EAST MALAYSIA SDN BHD,MALAYSIA,#N/A,CHINA (MAINLAND)
2016,470329,SINAR MAS,LONTAR PAPYRUS,KUALA TUNGKAL,JAMBI,560,260307,SINAR MAS,KING PAPER SOURCE TRADING (SHANGHAI) CO LTD,CHINA (MAINLAND),CHANGSHU,CHINA (MAINLAND)
2016,470329,MARUBENI,TANJUNG ENIM LESTARI,PANJANG,SUMATERA SELATAN,65,27684,MARUBENI,MARUBENI CORP,JAPAN,CAT LAI,VIETNAM
2016,470329,SINAR MAS,LONTAR PAPYRUS,KUALA TUNGKAL,JAMBI,500,237262,CREATIVE,CREATIVE PAPER MILLS LTD,BANGLADESH,CHITTAGONG,BANGLADESH
2016,470329,SINAR MAS,LONTAR PAPYRUS,KUALA TUNGKAL,JAMBI,1001,464656,SINAR MAS,KING PAPER SOURCE TRADING (SHANGHAI) CO LTD,CHINA (MAINLAND),CHANGSHU,CHINA (MAINLAND)
2016,470329,ROYAL GOLDEN EAGLE,APRIL,BUATAN,RIAU,1002,400899,ROYAL GOLDEN EAGLE,APRIL FAR EAST MALAYSIA SDN BHD,MALAYSIA,#N/A,CHINA (MAINLAND)
2016,470329,SINAR MAS,LONTAR PAPYRUS,KUALA TUNGKAL,JAMBI,440,204364,SINAR MAS,KING PAPER SOURCE TRADING (SHANGHAI) CO LTD,CHINA (MAINLAND),CHANGSHU,CHINA (MAINLAND)
2016,470329,ROYAL GOLDEN EAGLE,APRIL,BUATAN,RIAU,1005,401961,ROYAL GOLDEN EAGLE,APRIL FAR EAST MALAYSIA SDN BHD,MALAYSIA,#N/A,CHINA (MAINLAND)
2016,470329,ROYAL GOLDEN EAGLE,TOBA PULP LESTARI,BELAWAN,SUMATERA UTARA,496,215769,ROYAL GOLDEN EAGLE,DP MARKETING INTERNATIONAL,MACAO,#N/A,CHINA (MAINLAND)
2016,470329,SINAR MAS,LONTAR PAPYRUS,KUALA TUNGKAL,JAMBI,501,233000,UNKNOWN AFFILIATION,KUANTUM PAPERS LTD,INDIA,#N/A,INDIA
2016,470329,SINAR MAS,LONTAR PAPYRUS,KUALA TUNGKAL,JAMBI,1002,471887,UNKNOWN AFFILIATION,KHANNA PAPER MILLS LTD,INDIA,#N/A,INDIA
2016,470329,ROYAL GOLDEN EAGLE,TOBA PULP LESTARI,BELAWAN,SUMATERA UTARA,495,215227,ROYAL GOLDEN EAGLE,DP MARKETING INTERNATIONAL,MACAO,#N/A,CHINA (MAINLAND)
2016,470329,SINAR MAS,INDAH KIAT,SUNGAI PAKNING,RIAU,5500,2568500,UNKNOWN AFFILIATION,FREELAND UNIVERSAL LTD,CHINA (HONG KONG),#N/A,CHINA (MAINLAND)
2016,470329,ROYAL GOLDEN EAGLE,APRIL,BUATAN,RIAU,1004,401796,ROYAL GOLDEN EAGLE,APRIL FAR EAST MALAYSIA SDN BHD,MALAYSIA,FUZHOU,CHINA (MAINLAND)
2016,470329,SINAR MAS,LONTAR PAPYRUS,KUALA TUNGKAL,JAMBI,1002,463089,SINAR MAS,KING PAPER SOURCE TRADING (SHANGHAI) CO LTD,CHINA (MAINLAND),#N/A,CHINA (MAINLAND)
2016,470329,ROYAL GOLDEN EAGLE,APRIL,BUATAN,RIAU,1004,401702,ROYAL GOLDEN EAGLE,APRIL FAR EAST MALAYSIA SDN BHD,MALAYSIA,JIUJIANG,CHINA (MAINLAND)
2016,470329,ROYAL GOLDEN EAGLE,APRIL,BUATAN,RIAU,1004,401717,ROYAL GOLDEN EAGLE,APRIL FAR EAST MALAYSIA SDN BHD,MALAYSIA,FUZHOU,CHINA (MAINLAND)
2016,470329,ROYAL GOLDEN EAGLE,APRIL,BUATAN,RIAU,985,394016,ROYAL GOLDEN EAGLE,APRIL FAR EAST MALAYSIA SDN BHD,MALAYSIA,JIUJIANG,CHINA (MAINLAND)
2016,470329,ROYAL GOLDEN EAGLE,APRIL,FUTONG,RIAU,14990,5995955,ROYAL GOLDEN EAGLE,ALKIRA TRADING (MACAO COMMERCIAL OFFSHORE) LTD,MACAO,EL ISKANDARIYA (= ALEXAND,EGYPT
2016,470329,ROYAL GOLDEN EAGLE,APRIL,FUTONG,RIAU,12554,5021633,ROYAL GOLDEN EAGLE,ALKIRA TRADING (MACAO COMMERCIAL OFFSHORE) LTD,MACAO,LIMAS,TURKEY
2016,470329,ROYAL GOLDEN EAGLE,APRIL,BUATAN,RIAU,1004,401796,ROYAL GOLDEN EAGLE,APRIL FAR EAST MALAYSIA SDN BHD,MALAYSIA,FUZHOU,CHINA (MAINLAND)
2016,470329,ROYAL GOLDEN EAGLE,APRIL,BUATAN,RIAU,503,195987,ROYAL GOLDEN EAGLE,APEL ENTERPRISES (SINGAPORE) PTE LTD,SINGAPORE,AD DAMMAM,SAUDI ARABIA
2016,470329,ROYAL GOLDEN EAGLE,APRIL,BUATAN,RIAU,503,196127,ROYAL GOLDEN EAGLE,APEL ENTERPRISES (SINGAPORE) PTE LTD,SINGAPORE,AD DAMMAM,SAUDI ARABIA
2016,470329,ROYAL GOLDEN EAGLE,APRIL,BUATAN,RIAU,60,24016,ROYAL GOLDEN EAGLE,APEL ENTERPRISES (SINGAPORE) PTE LTD,SINGAPORE,JAWAHARLAL NEHRU (NHAVA S,INDIA
2016,470329,MARUBENI,TANJUNG ENIM LESTARI,PANJANG,SUMATERA SELATAN,109,47446,MARUBENI,MARUBENI CORP,JAPAN,NAGPUR,INDIA
2016,470329,ROYAL GOLDEN EAGLE,APRIL,BUATAN,RIAU,257,102926,ROYAL GOLDEN EAGLE,APEL ENTERPRISES (SINGAPORE) PTE LTD,SINGAPORE,BANDAR ABBAS,IRAN
2016,470329,MARUBENI,TANJUNG ENIM LESTARI,PANJANG,SUMATERA SELATAN,805,339256,MARUBENI,MARUBENI CORP,JAPAN,JAWAHARLAL NEHRU (NHAVA S,INDIA
2016,470329,MARUBENI,TANJUNG ENIM LESTARI,PANJANG,SUMATERA SELATAN,503,213517,MARUBENI,MARUBENI CORP,JAPAN,YINGKOU,CHINA (MAINLAND)
2016,470329,MARUBENI,TANJUNG ENIM LESTARI,PANJANG,SUMATERA SELATAN,503,219374,MARUBENI,MARUBENI CORP,JAPAN,QINGDAO,CHINA (MAINLAND)
2016,470329,MARUBENI,TANJUNG ENIM LESTARI,PANJANG,SUMATERA SELATAN,262,110359,MARUBENI,MARUBENI CORP,JAPAN,LUDHIANA,INDIA
2016,470329,ROYAL GOLDEN EAGLE,APRIL,BUATAN,RIAU,40,15988,ROYAL GOLDEN EAGLE,APEL ENTERPRISES (SINGAPORE) PTE LTD,SINGAPORE,JAWAHARLAL NEHRU (NHAVA S,INDIA
2016,470329,MARUBENI,TANJUNG ENIM LESTARI,PANJANG,SUMATERA SELATAN,496,217222,MARUBENI,MARUBENI CORP,JAPAN,XINGANG,CHINA (MAINLAND)
2016,470329,SINAR MAS,INDAH KIAT,PERAWANG,RIAU,5000,2340000,UNKNOWN AFFILIATION,SUZHOU HUANG YI TRADE CO LTD,CHINA (MAINLAND),DAGANG,CHINA (MAINLAND)
2016,470329,ROYAL GOLDEN EAGLE,APRIL,BUATAN,RIAU,1005,402170,ROYAL GOLDEN EAGLE,APRIL FAR EAST MALAYSIA SDN BHD,MALAYSIA,JIUJIANG,CHINA (MAINLAND)
2016,470329,SINAR MAS,INDAH KIAT,PERAWANG,RIAU,1500,702000,UNKNOWN AFFILIATION,FREELAND UNIVERSAL LTD,CHINA (HONG KONG),DAGANG,CHINA (MAINLAND)
2016,470329,ROYAL GOLDEN EAGLE,APRIL,BUATAN,RIAU,60,24164,ROYAL GOLDEN EAGLE,APEL ENTERPRISES (SINGAPORE) PTE LTD,SINGAPORE,JAWAHARLAL NEHRU (NHAVA S,INDIA
2016,470329,ROYAL GOLDEN EAGLE,APRIL,BUATAN,RIAU,1005,402012,ROYAL GOLDEN EAGLE,APRIL FAR EAST MALAYSIA SDN BHD,MALAYSIA,JIUJIANG,CHINA (MAINLAND)
2016,470329,MARUBENI,TANJUNG ENIM LESTARI,PANJANG,SUMATERA SELATAN,502,216741,MARUBENI,MARUBENI CORP,JAPAN,XINHUI,CHINA (MAINLAND)
2016,470329,SINAR MAS,INDAH KIAT,PERAWANG,RIAU,1500,702000,UNKNOWN AFFILIATION,FREELAND UNIVERSAL LTD,CHINA (HONG KONG),PORT KELANG,CHINA (MAINLAND)
2016,470329,ROYAL GOLDEN EAGLE,APRIL,BUATAN,RIAU,60,24157,ROYAL GOLDEN EAGLE,APEL ENTERPRISES (SINGAPORE) PTE LTD,SINGAPORE,JAWAHARLAL NEHRU (NHAVA S,INDIA
2016,470329,SINAR MAS,INDAH KIAT,PERAWANG,RIAU,2000,936000,UNKNOWN AFFILIATION,NINGBO CROWN OF CHINA ENERGY CO LTD,CHINA (MAINLAND),DAGANG,CHINA (MAINLAND)
2016,470329,ROYAL GOLDEN EAGLE,APRIL,BUATAN,RIAU,40,16099,ROYAL GOLDEN EAGLE,APEL ENTERPRISES (SINGAPORE) PTE LTD,SINGAPORE,CHENNAI (EX MADRAS),INDIA
2016,470329,ROYAL GOLDEN EAGLE,APRIL,BUATAN,RIAU,1005,402068,ROYAL GOLDEN EAGLE,APRIL FAR EAST MALAYSIA SDN BHD,MALAYSIA,JIUJIANG,CHINA (MAINLAND)
2016,470329,ROYAL GOLDEN EAGLE,APRIL,BUATAN,RIAU,502,200692,ROYAL GOLDEN EAGLE,AP ENTERPRISES (MACAO) COMMERCIAL OFFSHORE LTD,MACAO,CHITTAGONG,BANGLADESH
2016,470329,SINAR MAS,LONTAR PAPYRUS,KUALA TUNGKAL,JAMBI,300,137175,SINAR MAS,KING PAPER SOURCE TRADING (SHANGHAI) CO LTD,CHINA (MAINLAND),CHANGSHU,CHINA (MAINLAND)
2016,470329,SINAR MAS,LONTAR PAPYRUS,KUALA TUNGKAL,JAMBI,1000,455510,SINAR MAS,KING PAPER SOURCE TRADING (SHANGHAI) CO LTD,CHINA (MAINLAND),DAGANG,CHINA (MAINLAND)
2016,470329,SINAR MAS,LONTAR PAPYRUS,KUALA TUNGKAL,JAMBI,200,90671,SINAR MAS,KING PAPER SOURCE TRADING (SHANGHAI) CO LTD,CHINA (MAINLAND),CHANGSHU,CHINA (MAINLAND)
2016,470329,ROYAL GOLDEN EAGLE,TOBA PULP LESTARI,BELAWAN,SUMATERA UTARA,496,215911,ROYAL GOLDEN EAGLE,DP MARKETING INTERNATIONAL,MACAO,QINGDAO,CHINA (MAINLAND)
2016,470329,MARUBENI,TANJUNG ENIM LESTARI,PANJANG,SUMATERA SELATAN,109,48315,MARUBENI,MARUBENI CORP,JAPAN,NEW DELHI,INDIA
2016,470329,ROYAL GOLDEN EAGLE,APRIL,BUATAN,RIAU,597,238730,ROYAL GOLDEN EAGLE,APEL ENTERPRISES (SINGAPORE) PTE LTD,SINGAPORE,EL ISKANDARIYA (= ALEXAND,EGYPT
2016,470329,ROYAL GOLDEN EAGLE,APRIL,FUTONG,RIAU,3517,1512235,ROYAL GOLDEN EAGLE,ALKIRA TRADING (MACAO COMMERCIAL OFFSHORE) LTD,MACAO,MAWEI,CHINA (MAINLAND)
2016,470329,SINAR MAS,INDAH KIAT,PERAWANG,RIAU,1000,468418,UNKNOWN AFFILIATION,SUZHOU HUANG YI TRADE CO LTD,CHINA (MAINLAND),QINZHOU,CHINA (MAINLAND)
2016,470329,ROYAL GOLDEN EAGLE,APRIL,FUTONG,RIAU,6521,2774035,ROYAL GOLDEN EAGLE,ALKIRA TRADING (MACAO COMMERCIAL OFFSHORE) LTD,MACAO,QINGDAO,CHINA (MAINLAND)
2016,470329,ROYAL GOLDEN EAGLE,TOBA PULP LESTARI,BELAWAN,SUMATERA UTARA,992,431407,ROYAL GOLDEN EAGLE,DP MARKETING INTERNATIONAL,MACAO,QINGDAO,CHINA (MAINLAND)
2016,470329,ROYAL GOLDEN EAGLE,APRIL,BUATAN,RIAU,500,199960,ROYAL GOLDEN EAGLE,ALKIRA TRADING (MACAO COMMERCIAL OFFSHORE) LTD,MACAO,CHONGQING,CHINA (MAINLAND)
2016,470329,SINAR MAS,LONTAR PAPYRUS,KUALA TUNGKAL,JAMBI,500,237469,CREATIVE,CREATIVE PAPER MILLS LTD,BANGLADESH,CHITTAGONG,BANGLADESH
2016,470329,ROYAL GOLDEN EAGLE,APRIL,BUATAN,RIAU,501,200452,ROYAL GOLDEN EAGLE,ALKIRA TRADING (MACAO COMMERCIAL OFFSHORE) LTD,MACAO,CHONGQING,CHINA (MAINLAND)
2016,470329,SINAR MAS,INDAH KIAT,PERAWANG,RIAU,200,94944,SINAR MAS,GOLDEN PROFIT TRADING PTE LTD,SINGAPORE,CHITTAGONG,BANGLADESH
2016,470329,SINAR MAS,LONTAR PAPYRUS,KUALA TUNGKAL,JAMBI,1000,464124,SINAR MAS,KING PAPER SOURCE TRADING (SHANGHAI) CO LTD,CHINA (MAINLAND),DAGANG,CHINA (MAINLAND)
2016,470329,ROYAL GOLDEN EAGLE,APRIL,BUATAN,RIAU,1005,401919,ROYAL GOLDEN EAGLE,APRIL FAR EAST MALAYSIA SDN BHD,MALAYSIA,JIUJIANG,CHINA (MAINLAND)
2016,470329,SINAR MAS,INDAH KIAT,PERAWANG,RIAU,1000,476038,UNKNOWN AFFILIATION,SUZHOU HUANG YI TRADE CO LTD,CHINA (MAINLAND),QINZHOU,CHINA (MAINLAND)
2016,470329,SINAR MAS,LONTAR PAPYRUS,KUALA TUNGKAL,JAMBI,741,344335,SINAR MAS,KING PAPER SOURCE TRADING (SHANGHAI) CO LTD,CHINA (MAINLAND),CHANGSHU,CHINA (MAINLAND)
2016,470329,SINAR MAS,INDAH KIAT,PERAWANG,RIAU,1000,465728,UNKNOWN AFFILIATION,NINGBO CROWN OF CHINA ENERGY CO LTD,CHINA (MAINLAND),CHANGSHU,CHINA (MAINLAND)
2016,470329,SINAR MAS,LONTAR PAPYRUS,KUALA TUNGKAL,JAMBI,500,228629,SINAR MAS,KING PAPER SOURCE TRADING (SHANGHAI) CO LTD,CHINA (MAINLAND),CHANGSHU,CHINA (MAINLAND)
2016,470329,ROYAL GOLDEN EAGLE,APRIL,BUATAN,RIAU,1004,401482,ROYAL GOLDEN EAGLE,ALKIRA TRADING (MACAO COMMERCIAL OFFSHORE) LTD,MACAO,CHONGQING,CHINA (MAINLAND)
2016,470329,ROYAL GOLDEN EAGLE,APRIL,BUATAN,RIAU,1003,391339,ROYAL GOLDEN EAGLE,APEL ENTERPRISES (SINGAPORE) PTE LTD,SINGAPORE,AD DAMMAM,SAUDI ARABIA
2016,470329,ROYAL GOLDEN EAGLE,TOBA PULP LESTARI,BELAWAN,SUMATERA UTARA,496,215803,ROYAL GOLDEN EAGLE,DP MARKETING INTERNATIONAL,MACAO,QINGDAO,CHINA (MAINLAND)
2016,470329,MARUBENI,TANJUNG ENIM LESTARI,PANJANG,SUMATERA SELATAN,109,49289,MARUBENI,MARUBENI CORP,JAPAN,MUNDRA,INDIA
2016,470329,SINAR MAS,LONTAR PAPYRUS,KUALA TUNGKAL,JAMBI,265,118895,SINAR MAS,KING PAPER SOURCE TRADING (SHANGHAI) CO LTD,CHINA (MAINLAND),CHANGSHU,CHINA (MAINLAND)
2016,470329,ROYAL GOLDEN EAGLE,APRIL,BUATAN,RIAU,1004,401716,ROYAL GOLDEN EAGLE,ALKIRA TRADING (MACAO COMMERCIAL OFFSHORE) LTD,MACAO,XINGANG,CHINA (MAINLAND)
2016,470329,ROYAL GOLDEN EAGLE,APRIL,BUATAN,RIAU,783,336791,ROYAL GOLDEN EAGLE,APEL ENTERPRISES (SINGAPORE) PTE LTD,SINGAPORE,SHUAIBA,KUWAIT
2016,470329,SINAR MAS,INDAH KIAT,PERAWANG,RIAU,500,235000,UNKNOWN AFFILIATION,SUZHOU HUANG YI TRADE CO LTD,CHINA (MAINLAND),SHANGHAI,CHINA (MAINLAND)
2016,470329,MARUBENI,TANJUNG ENIM LESTARI,TANJUNG PRIOK,SUMATERA SELATAN,1001,437408,MARUBENI,MARUBENI CORP,JAPAN,YANGZHOU,CHINA (MAINLAND)
2016,470329,ROYAL GOLDEN EAGLE,APRIL,FUTONG,RIAU,10584,4551236,ROYAL GOLDEN EAGLE,ALKIRA TRADING (MACAO COMMERCIAL OFFSHORE) LTD,MACAO,CHANGSHU,CHINA (MAINLAND)
2016,470329,ROYAL GOLDEN EAGLE,APRIL,BUATAN,RIAU,261,112298,ROYAL GOLDEN EAGLE,AP ENTERPRISES (MACAO) COMMERCIAL OFFSHORE LTD,MACAO,CHITTAGONG,BANGLADESH
2016,470329,ROYAL GOLDEN EAGLE,APRIL,BUATAN,RIAU,257,110644,ROYAL GOLDEN EAGLE,APEL ENTERPRISES (SINGAPORE) PTE LTD,SINGAPORE,BANDAR ABBAS,IRAN
2016,470329,ROYAL GOLDEN EAGLE,APRIL,BUATAN,RIAU,1005,401841,ROYAL GOLDEN EAGLE,APRIL FAR EAST MALAYSIA SDN BHD,MALAYSIA,JIUJIANG,CHINA (MAINLAND)
2016,470329,ROYAL GOLDEN EAGLE,APRIL,BUATAN,RIAU,60,25956,ROYAL GOLDEN EAGLE,APEL ENTERPRISES (SINGAPORE) PTE LTD,SINGAPORE,JAWAHARLAL NEHRU (NHAVA S,INDIA
2016,470329,ROYAL GOLDEN EAGLE,APRIL,BUATAN,RIAU,1025,409827,ROYAL GOLDEN EAGLE,APRIL FAR EAST MALAYSIA SDN BHD,MALAYSIA,JIUJIANG,CHINA (MAINLAND)
2016,470329,ROYAL GOLDEN EAGLE,APRIL,BUATAN,RIAU,1004,401797,ROYAL GOLDEN EAGLE,APRIL FAR EAST MALAYSIA SDN BHD,MALAYSIA,FUZHOU,CHINA (MAINLAND)
2016,470329,MARUBENI,TANJUNG ENIM LESTARI,TANJUNG PRIOK,SUMATERA SELATAN,1013,433301,MARUBENI,MARUBENI CORP,JAPAN,OSAKA,JAPAN
2016,470329,SINAR MAS,INDAH KIAT,PERAWANG,RIAU,220,100694,UNKNOWN AFFILIATION,NINGBO CROWN OF CHINA ENERGY CO LTD,CHINA (MAINLAND),CHANGSHU,CHINA (MAINLAND)
2016,470329,SINAR MAS,INDAH KIAT,PERAWANG,RIAU,100,49060,SINAR MAS,GOLDEN PROFIT TRADING PTE LTD,SINGAPORE,KARACHI,PAKISTAN
2016,470329,SINAR MAS,INDAH KIAT,PERAWANG,RIAU,1000,470001,UNKNOWN AFFILIATION,SUZHOU HUANG YI TRADE CO LTD,CHINA (MAINLAND),SHANGHAI,CHINA (MAINLAND)
2016,470329,ROYAL GOLDEN EAGLE,TOBA PULP LESTARI,BELAWAN,SUMATERA UTARA,993,431800,ROYAL GOLDEN EAGLE,DP MARKETING INTERNATIONAL,MACAO,QINGDAO,CHINA (MAINLAND)
2016,470329,SINAR MAS,INDAH KIAT,PERAWANG,RIAU,240,117744,SINAR MAS,GOLDEN PROFIT TRADING PTE LTD,SINGAPORE,KARACHI,PAKISTAN
2016,470329,SINAR MAS,INDAH KIAT,PERAWANG,RIAU,1000,471325,SINAR MAS,GOLDEN PROFIT TRADING PTE LTD,SINGAPORE,TUTICORIN,INDIA
2016,470329,ROYAL GOLDEN EAGLE,APRIL,BUATAN,RIAU,1006,432368,ROYAL GOLDEN EAGLE,ALKIRA TRADING (MACAO COMMERCIAL OFFSHORE) LTD,MACAO,NINGBO,CHINA (MAINLAND)
2016,470329,SINAR MAS,INDAH KIAT,SUNGAI PAKNING,RIAU,2000,934000,UNKNOWN AFFILIATION,FREELAND UNIVERSAL LTD,CHINA (HONG KONG),CHANGSHU,CHINA (MAINLAND)
2016,470329,SINAR MAS,INDAH KIAT,SUNGAI PAKNING,RIAU,3300,1541100,UNKNOWN AFFILIATION,FREELAND UNIVERSAL LTD,CHINA (HONG KONG),CHANGSHU,CHINA (MAINLAND)
2016,470329,ROYAL GOLDEN EAGLE,APRIL,BUATAN,RIAU,502,215980,ROYAL GOLDEN EAGLE,APEL ENTERPRISES (SINGAPORE) PTE LTD,SINGAPORE,PUNE,INDIA
2016,470329,ROYAL GOLDEN EAGLE,APRIL,BUATAN,RIAU,993,426954,ROYAL GOLDEN EAGLE,ALKIRA TRADING (MACAO COMMERCIAL OFFSHORE) LTD,MACAO,CHANGDE,CHINA (MAINLAND)
2016,470329,ROYAL GOLDEN EAGLE,APRIL,BUATAN,RIAU,804,345653,ROYAL GOLDEN EAGLE,APEL ENTERPRISES (SINGAPORE) PTE LTD,SINGAPORE,BEIRUT,LEBANON
2016,470329,SINAR MAS,LONTAR PAPYRUS,KUALA TUNGKAL,JAMBI,501,237894,CREATIVE,CREATIVE PAPER MILLS LTD,BANGLADESH,CHITTAGONG,BANGLADESH
2016,470329,MARUBENI,TANJUNG ENIM LESTARI,TANJUNG PRIOK,SUMATERA SELATAN,710,303490,MARUBENI,MARUBENI CORP,JAPAN,YOKOHAMA,JAPAN
2016,470329,ROYAL GOLDEN EAGLE,APRIL,BUATAN,RIAU,60,24082,ROYAL GOLDEN EAGLE,APEL ENTERPRISES (SINGAPORE) PTE LTD,SINGAPORE,JAWAHARLAL NEHRU (NHAVA S,INDIA
2016,470329,ROYAL GOLDEN EAGLE,APRIL,BUATAN,RIAU,1004,401768,ROYAL GOLDEN EAGLE,APRIL FAR EAST MALAYSIA SDN BHD,MALAYSIA,FUZHOU,CHINA (MAINLAND)
2016,470329,ROYAL GOLDEN EAGLE,APRIL,BUATAN,RIAU,201,86516,ROYAL GOLDEN EAGLE,ALKIRA TRADING (MACAO COMMERCIAL OFFSHORE) LTD,MACAO,FUZHOU,CHINA (MAINLAND)
2016,470329,ROYAL GOLDEN EAGLE,APRIL,BUATAN,RIAU,200,86101,ROYAL GOLDEN EAGLE,APEL ENTERPRISES (SINGAPORE) PTE LTD,SINGAPORE,REWARI,INDIA
2016,470329,SINAR MAS,LONTAR PAPYRUS,KUALA TUNGKAL,JAMBI,1001,495490,EMAMI,EMAMI PAPER MILLS LTD,INDIA,HALDIA,INDIA
2016,470329,ROYAL GOLDEN EAGLE,APRIL,BUATAN,RIAU,100,43143,ROYAL GOLDEN EAGLE,APEL ENTERPRISES (SINGAPORE) PTE LTD,SINGAPORE,NAGPUR,INDIA
2016,470329,MARUBENI,TANJUNG ENIM LESTARI,PANJANG,SUMATERA SELATAN,615,268640,MARUBENI,MARUBENI CORP,JAPAN,HUANGPU NEW PORT,CHINA (MAINLAND)
2016,470329,ROYAL GOLDEN EAGLE,TOBA PULP LESTARI,BELAWAN,SUMATERA UTARA,496,215944,ROYAL GOLDEN EAGLE,DP MARKETING INTERNATIONAL,MACAO,QINGDAO,CHINA (MAINLAND)
2016,470329,ROYAL GOLDEN EAGLE,APRIL,BUATAN,RIAU,60,24079,ROYAL GOLDEN EAGLE,APEL ENTERPRISES (SINGAPORE) PTE LTD,SINGAPORE,JAWAHARLAL NEHRU (NHAVA S,INDIA
2016,470329,ROYAL GOLDEN EAGLE,APRIL,BUATAN,RIAU,201,86337,ROYAL GOLDEN EAGLE,APEL ENTERPRISES (SINGAPORE) PTE LTD,SINGAPORE,LUDHIANA,INDIA
2016,470329,ROYAL GOLDEN EAGLE,APRIL,BUATAN,RIAU,60,25943,ROYAL GOLDEN EAGLE,APEL ENTERPRISES (SINGAPORE) PTE LTD,SINGAPORE,CHENNAI (EX MADRAS),INDIA
2016,470329,ROYAL GOLDEN EAGLE,APRIL,BUATAN,RIAU,201,86434,ROYAL GOLDEN EAGLE,APEL ENTERPRISES (SINGAPORE) PTE LTD,SINGAPORE,BANGKOK,THAILAND
2016,470329,ROYAL GOLDEN EAGLE,APRIL,BUATAN,RIAU,501,200585,ROYAL GOLDEN EAGLE,AP ENTERPRISES (MACAO) COMMERCIAL OFFSHORE LTD,MACAO,CHITTAGONG,BANGLADESH
2016,470329,ROYAL GOLDEN EAGLE,APRIL,BUATAN,RIAU,199,85694,ROYAL GOLDEN EAGLE,APEL ENTERPRISES (SINGAPORE) PTE LTD,SINGAPORE,SONEPAT,INDIA
2016,470329,SINAR MAS,LONTAR PAPYRUS,KUALA TUNGKAL,JAMBI,705,325265,SINAR MAS,KING PAPER SOURCE TRADING (SHANGHAI) CO LTD,CHINA (MAINLAND),NINGBO,CHINA (MAINLAND)
2016,470329,ROYAL GOLDEN EAGLE,TOBA PULP LESTARI,BELAWAN,SUMATERA UTARA,496,215926,ROYAL GOLDEN EAGLE,DP MARKETING INTERNATIONAL,MACAO,QINGDAO,CHINA (MAINLAND)
2016,470329,SINAR MAS,INDAH KIAT,PERAWANG,RIAU,1000,468350,UNKNOWN AFFILIATION,FREELAND UNIVERSAL LTD,CHINA (HONG KONG),CHANGSHU,CHINA (MAINLAND)
2016,470329,ROYAL GOLDEN EAGLE,APRIL,BUATAN,RIAU,993,427132,ROYAL GOLDEN EAGLE,ALKIRA TRADING (MACAO COMMERCIAL OFFSHORE) LTD,MACAO,CHONGQING,CHINA (MAINLAND)
2016,470329,ROYAL GOLDEN EAGLE,TOBA PULP LESTARI,BELAWAN,SUMATERA UTARA,495,230265,ROYAL GOLDEN EAGLE,DP MARKETING INTERNATIONAL,MACAO,QINGDAO,CHINA (MAINLAND)
2016,470329,SINAR MAS,INDAH KIAT,PERAWANG,RIAU,500,237359,SINAR MAS,GOLDEN PROFIT TRADING PTE LTD,SINGAPORE,CHITTAGONG,BANGLADESH
2016,470329,ROYAL GOLDEN EAGLE,APRIL,BUATAN,RIAU,1005,432199,ROYAL GOLDEN EAGLE,ALKIRA TRADING (MACAO COMMERCIAL OFFSHORE) LTD,MACAO,HUANGPU,CHINA (MAINLAND)
2016,470329,ROYAL GOLDEN EAGLE,APRIL,BUATAN,RIAU,241,103625,ROYAL GOLDEN EAGLE,APEL ENTERPRISES (SINGAPORE) PTE LTD,SINGAPORE,CALCUTTA,INDIA
2016,470329,ROYAL GOLDEN EAGLE,APRIL,BUATAN,RIAU,201,86404,ROYAL GOLDEN EAGLE,APEL ENTERPRISES (SINGAPORE) PTE LTD,SINGAPORE,LUDHIANA,INDIA
2016,470329,ROYAL GOLDEN EAGLE,APRIL,BUATAN,RIAU,502,200726,ROYAL GOLDEN EAGLE,AP ENTERPRISES (MACAO) COMMERCIAL OFFSHORE LTD,MACAO,CHITTAGONG,BANGLADESH
2016,470329,ROYAL GOLDEN EAGLE,APRIL,BUATAN,RIAU,1106,475453,ROYAL GOLDEN EAGLE,APEL ENTERPRISES (SINGAPORE) PTE LTD,SINGAPORE,ABU DHABI,UNITED ARAB EMIRATES
2016,470329,MARUBENI,TANJUNG ENIM LESTARI,PANJANG,SUMATERA SELATAN,505,219442,MARUBENI,MARUBENI CORP,JAPAN,LUDHIANA,INDIA
2016,470329,SINAR MAS,LONTAR PAPYRUS,KUALA TUNGKAL,JAMBI,1002,458277,SINAR MAS,KING PAPER SOURCE TRADING (SHANGHAI) CO LTD,CHINA (MAINLAND),CHANGSHU,CHINA (MAINLAND)
2016,470329,SINAR MAS,LONTAR PAPYRUS,KUALA TUNGKAL,JAMBI,500,231322,SINAR MAS,KING PAPER SOURCE TRADING (SHANGHAI) CO LTD,CHINA (MAINLAND),QINZHOU,CHINA (MAINLAND)
2016,470329,SINAR MAS,INDAH KIAT,PERAWANG,RIAU,198,97061,SINAR MAS,GOLDEN PROFIT TRADING PTE LTD,SINGAPORE,SHIMIZU,JAPAN
2016,470329,ROYAL GOLDEN EAGLE,APRIL,BUATAN,RIAU,816,350746,ROYAL GOLDEN EAGLE,ALKIRA TRADING (MACAO COMMERCIAL OFFSHORE) LTD,MACAO,CHANGDE,CHINA (MAINLAND)
2016,470329,SINAR MAS,LONTAR PAPYRUS,KUALA TUNGKAL,JAMBI,1001,457791,SINAR MAS,KING PAPER SOURCE TRADING (SHANGHAI) CO LTD,CHINA (MAINLAND),CHANGSHU,CHINA (MAINLAND)
2016,470329,ROYAL GOLDEN EAGLE,APRIL,BUATAN,RIAU,201,86486,ROYAL GOLDEN EAGLE,APEL ENTERPRISES (SINGAPORE) PTE LTD,SINGAPORE,LUDHIANA,INDIA
2016,470329,SINAR MAS,INDAH KIAT,PERAWANG,RIAU,1000,491330,SINAR MAS,GOLDEN PROFIT TRADING PTE LTD,SINGAPORE,HALDIA,INDIA
2016,470329,ROYAL GOLDEN EAGLE,APRIL,BUATAN,RIAU,40,15848,ROYAL GOLDEN EAGLE,APEL ENTERPRISES (SINGAPORE) PTE LTD,SINGAPORE,JAWAHARLAL NEHRU (NHAVA S,INDIA
2016,470329,ROYAL GOLDEN EAGLE,APRIL,BUATAN,RIAU,499,194687,ROYAL GOLDEN EAGLE,AP ENTERPRISES (MACAO) COMMERCIAL OFFSHORE LTD,MACAO,CHITTAGONG,BANGLADESH
2016,470329,ROYAL GOLDEN EAGLE,APRIL,BUATAN,RIAU,993,427081,ROYAL GOLDEN EAGLE,ALKIRA TRADING (MACAO COMMERCIAL OFFSHORE) LTD,MACAO,CHONGQING,CHINA (MAINLAND)
2016,470329,ROYAL GOLDEN EAGLE,APRIL,BUATAN,RIAU,502,216027,ROYAL GOLDEN EAGLE,AP ENTERPRISES (MACAO) COMMERCIAL OFFSHORE LTD,MACAO,CHITTAGONG,BANGLADESH
2016,470329,ROYAL GOLDEN EAGLE,TOBA PULP LESTARI,BELAWAN,SUMATERA UTARA,495,230260,ROYAL GOLDEN EAGLE,DP MARKETING INTERNATIONAL,MACAO,QINGDAO,CHINA (MAINLAND)
2016,470329,ROYAL GOLDEN EAGLE,APRIL,FUTONG,RIAU,3013,1295455,ROYAL GOLDEN EAGLE,AP ENTERPRISES (MACAO) COMMERCIAL OFFSHORE LTD,MACAO,GUNSAN (ES KUNSAN),SOUTH KOREA
2016,470329,SINAR MAS,INDAH KIAT,PERAWANG,RIAU,260,126224,SINAR MAS,GOLDEN PROFIT TRADING PTE LTD,SINGAPORE,KARACHI,PAKISTAN
2016,470329,ROYAL GOLDEN EAGLE,APRIL,FUTONG,RIAU,9032,3883592,ROYAL GOLDEN EAGLE,AP ENTERPRISES (MACAO) COMMERCIAL OFFSHORE LTD,MACAO,GUNSAN (ES KUNSAN),SOUTH KOREA
2016,470329,ROYAL GOLDEN EAGLE,APRIL,BUATAN,RIAU,760,326669,ROYAL GOLDEN EAGLE,ALKIRA TRADING (MACAO COMMERCIAL OFFSHORE) LTD,MACAO,JIANGMEN,CHINA (MAINLAND)
2016,470329,ROYAL GOLDEN EAGLE,APRIL,BUATAN,RIAU,1005,432273,ROYAL GOLDEN EAGLE,ALKIRA TRADING (MACAO COMMERCIAL OFFSHORE) LTD,MACAO,NINGBO,CHINA (MAINLAND)
2016,470329,ROYAL GOLDEN EAGLE,APRIL,BUATAN,RIAU,501,200499,ROYAL GOLDEN EAGLE,ALKIRA TRADING (MACAO COMMERCIAL OFFSHORE) LTD,MACAO,NINGBO,CHINA (MAINLAND)
2016,470329,ROYAL GOLDEN EAGLE,APRIL,BUATAN,RIAU,201,86444,ROYAL GOLDEN EAGLE,APEL ENTERPRISES (SINGAPORE) PTE LTD,SINGAPORE,PORT KELANG,MALAYSIA
2016,470329,SINAR MAS,INDAH KIAT,PERAWANG,RIAU,1200,560666,UNKNOWN AFFILIATION,FREELAND UNIVERSAL LTD,CHINA (HONG KONG),DAGANG,CHINA (MAINLAND)
2016,470329,ROYAL GOLDEN EAGLE,APRIL,FUTONG,RIAU,4186,1799795,ROYAL GOLDEN EAGLE,ALKIRA TRADING (MACAO COMMERCIAL OFFSHORE) LTD,MACAO,QINGDAO,CHINA (MAINLAND)
2016,470329,SINAR MAS,INDAH KIAT,PERAWANG,RIAU,1000,468350,UNKNOWN AFFILIATION,FREELAND UNIVERSAL LTD,CHINA (HONG KONG),DAGANG,CHINA (MAINLAND)
2016,470329,ROYAL GOLDEN EAGLE,APRIL,BUATAN,RIAU,179,76780,ROYAL GOLDEN EAGLE,ALKIRA TRADING (MACAO COMMERCIAL OFFSHORE) LTD,MACAO,CHANGDE,CHINA (MAINLAND)
2016,470329,ROYAL GOLDEN EAGLE,APRIL,FUTONG,RIAU,4423,1901794,ROYAL GOLDEN EAGLE,ALKIRA TRADING (MACAO COMMERCIAL OFFSHORE) LTD,MACAO,NINGBO,CHINA (MAINLAND)
2016,470329,ROYAL GOLDEN EAGLE,APRIL,FUTONG,RIAU,1987,854582,ROYAL GOLDEN EAGLE,ALKIRA TRADING (MACAO COMMERCIAL OFFSHORE) LTD,MACAO,XIAMEN,CHINA (MAINLAND)
2016,470329,SINAR MAS,INDAH KIAT,PERAWANG,RIAU,4100,1912650,UNKNOWN AFFILIATION,FREELAND UNIVERSAL LTD,CHINA (HONG KONG),DAGANG,CHINA (MAINLAND)
2016,470329,SINAR MAS,INDAH KIAT,PERAWANG,RIAU,4200,1959300,UNKNOWN AFFILIATION,FREELAND UNIVERSAL LTD,CHINA (HONG KONG),CHANGSHU,CHINA (MAINLAND)
2016,470329,ROYAL GOLDEN EAGLE,APRIL,BUATAN,RIAU,500,200169,ROYAL GOLDEN EAGLE,AP ENTERPRISES (MACAO) COMMERCIAL OFFSHORE LTD,MACAO,CHITTAGONG,BANGLADESH
2016,470329,ROYAL GOLDEN EAGLE,TOBA PULP LESTARI,BELAWAN,SUMATERA UTARA,496,230435,ROYAL GOLDEN EAGLE,DP MARKETING INTERNATIONAL,MACAO,QINGDAO,CHINA (MAINLAND)
2016,470329,SINAR MAS,INDAH KIAT,PERAWANG,RIAU,700,326550,UNKNOWN AFFILIATION,FREELAND UNIVERSAL LTD,CHINA (HONG KONG),CHANGSHU,CHINA (MAINLAND)
2016,470329,ROYAL GOLDEN EAGLE,APRIL,BUATAN,RIAU,241,103618,ROYAL GOLDEN EAGLE,APEL ENTERPRISES (SINGAPORE) PTE LTD,SINGAPORE,BANGKOK,THAILAND
2016,470329,ROYAL GOLDEN EAGLE,APRIL,BUATAN,RIAU,502,215986,ROYAL GOLDEN EAGLE,ALKIRA TRADING (MACAO COMMERCIAL OFFSHORE) LTD,MACAO,HUANGPU,CHINA (MAINLAND)
2016,470329,ROYAL GOLDEN EAGLE,APRIL,BUATAN,RIAU,1005,432038,ROYAL GOLDEN EAGLE,ALKIRA TRADING (MACAO COMMERCIAL OFFSHORE) LTD,MACAO,ZHAPU,CHINA (MAINLAND)
2016,470329,ROYAL GOLDEN EAGLE,APRIL,BUATAN,RIAU,501,215577,ROYAL GOLDEN EAGLE,ALKIRA TRADING (MACAO COMMERCIAL OFFSHORE) LTD,MACAO,CHONGQING,CHINA (MAINLAND)
2016,470329,ROYAL GOLDEN EAGLE,APRIL,BUATAN,RIAU,201,86356,ROYAL GOLDEN EAGLE,APEL ENTERPRISES (SINGAPORE) PTE LTD,SINGAPORE,BANGKOK,THAILAND
2016,470329,ROYAL GOLDEN EAGLE,APRIL,BUATAN,RIAU,503,216121,ROYAL GOLDEN EAGLE,ALKIRA TRADING (MACAO COMMERCIAL OFFSHORE) LTD,MACAO,DALIAN,CHINA (MAINLAND)
2016,470329,ROYAL GOLDEN EAGLE,APRIL,BUATAN,RIAU,241,96325,ROYAL GOLDEN EAGLE,AP ENTERPRISES (MACAO) COMMERCIAL OFFSHORE LTD,MACAO,CHITTAGONG,BANGLADESH
2016,470329,ROYAL GOLDEN EAGLE,APRIL,BUATAN,RIAU,257,110688,ROYAL GOLDEN EAGLE,APEL ENTERPRISES (SINGAPORE) PTE LTD,SINGAPORE,BANDAR ABBAS,IRAN
2016,470329,ROYAL GOLDEN EAGLE,APRIL,BUATAN,RIAU,903,388183,ROYAL GOLDEN EAGLE,APEL ENTERPRISES (SINGAPORE) PTE LTD,SINGAPORE,ABU DHABI,UNITED ARAB EMIRATES
2016,470329,MARUBENI,TANJUNG ENIM LESTARI,TARAHAN,SUMATERA SELATAN,501,211197,MARUBENI,MARUBENI CORP,JAPAN,QINGDAO,CHINA (MAINLAND)
2016,470329,SINAR MAS,LONTAR PAPYRUS,KUALA TUNGKAL,JAMBI,1000,476671,EMAMI,EMAMI PAPER MILLS LTD,INDIA,HALDIA,INDIA
2016,470329,ROYAL GOLDEN EAGLE,APRIL,FUTONG,RIAU,5528,2220160,ROYAL GOLDEN EAGLE,APRIL FAR EAST MALAYSIA SDN BHD,MALAYSIA,XINHUI,CHINA (MAINLAND)
2016,470329,MARUBENI,TANJUNG ENIM LESTARI,TARAHAN,SUMATERA SELATAN,2000,835392,MARUBENI,MARUBENI CORP,JAPAN,QINGDAO,CHINA (MAINLAND)
2016,470329,MARUBENI,TANJUNG ENIM LESTARI,PANJANG,SUMATERA SELATAN,153,69329,MARUBENI,MARUBENI CORP,JAPAN,TUTICORIN,INDIA
2016,470329,MARUBENI,TANJUNG ENIM LESTARI,TANJUNG PRIOK,SUMATERA SELATAN,498,212968,MARUBENI,MARUBENI CORP,JAPAN,OSAKA,JAPAN
2016,470329,SINAR MAS,LONTAR PAPYRUS,KUALA TUNGKAL,JAMBI,500,238679,EMAMI,EMAMI PAPER MILLS LTD,INDIA,HALDIA,INDIA
2016,470329,MARUBENI,TANJUNG ENIM LESTARI,TARAHAN,SUMATERA SELATAN,1501,648199,MARUBENI,MARUBENI CORP,JAPAN,SHANGHAI,CHINA (MAINLAND)
2016,470329,ROYAL GOLDEN EAGLE,APRIL,BUATAN,RIAU,60,25889,ROYAL GOLDEN EAGLE,APEL ENTERPRISES (SINGAPORE) PTE LTD,SINGAPORE,JAWAHARLAL NEHRU (NHAVA S,INDIA
2016,470329,MARUBENI,TANJUNG ENIM LESTARI,PANJANG,SUMATERA SELATAN,496,213130,MARUBENI,MARUBENI CORP,JAPAN,OSAKA,JAPAN
2016,470329,MARUBENI,TANJUNG ENIM LESTARI,TARAHAN,SUMATERA SELATAN,1000,417811,MARUBENI,MARUBENI CORP,JAPAN,QINGDAO,CHINA (MAINLAND)
2016,470329,ROYAL GOLDEN EAGLE,APRIL,BUATAN,RIAU,622,267601,ROYAL GOLDEN EAGLE,APEL ENTERPRISES (SINGAPORE) PTE LTD,SINGAPORE,SHUAIBA,KUWAIT
2016,470329,MARUBENI,TANJUNG ENIM LESTARI,TARAHAN,SUMATERA SELATAN,499,215535,MARUBENI,MARUBENI CORP,JAPAN,SHANGHAI,CHINA (MAINLAND)
2016,470329,MARUBENI,TANJUNG ENIM LESTARI,TARAHAN,SUMATERA SELATAN,1999,869207,MARUBENI,MARUBENI CORP,JAPAN,XINGANG,CHINA (MAINLAND)
2016,470329,ROYAL GOLDEN EAGLE,APRIL,BUATAN,RIAU,502,200886,ROYAL GOLDEN EAGLE,AP ENTERPRISES (MACAO) COMMERCIAL OFFSHORE LTD,MACAO,CHITTAGONG,BANGLADESH
2016,470329,MARUBENI,TANJUNG ENIM LESTARI,TARAHAN,SUMATERA SELATAN,2000,853343,MARUBENI,MARUBENI CORP,JAPAN,QINGDAO,CHINA (MAINLAND)
2016,470329,SINAR MAS,LONTAR PAPYRUS,KUALA TUNGKAL,JAMBI,1001,455652,SINAR MAS,KING PAPER SOURCE TRADING (SHANGHAI) CO LTD,CHINA (MAINLAND),DAGANG,CHINA (MAINLAND)
2016,470329,ROYAL GOLDEN EAGLE,APRIL,BUATAN,RIAU,502,215985,ROYAL GOLDEN EAGLE,APEL ENTERPRISES (SINGAPORE) PTE LTD,SINGAPORE,PUNE,INDIA
2016,470329,ROYAL GOLDEN EAGLE,APRIL,BUATAN,RIAU,1004,431833,ROYAL GOLDEN EAGLE,ALKIRA TRADING (MACAO COMMERCIAL OFFSHORE) LTD,MACAO,KOPER,SLOVENIA
2016,470329,SINAR MAS,LONTAR PAPYRUS,KUALA TUNGKAL,JAMBI,499,237212,CREATIVE,CREATIVE PAPER MILLS LTD,BANGLADESH,CHITTAGONG,BANGLADESH
2016,470329,SINAR MAS,LONTAR PAPYRUS,KUALA TUNGKAL,JAMBI,502,243825,UNKNOWN AFFILIATION,KUANTUM PAPERS LTD,INDIA,PIPAVAV (VICTOR) PORT,INDIA
2016,470329,MARUBENI,TANJUNG ENIM LESTARI,PANJANG,SUMATERA SELATAN,262,113849,MARUBENI,MARUBENI CORP,JAPAN,LUDHIANA,INDIA
2016,470329,ROYAL GOLDEN EAGLE,APRIL,BUATAN,RIAU,502,215723,ROYAL GOLDEN EAGLE,AP ENTERPRISES (MACAO) COMMERCIAL OFFSHORE LTD,MACAO,CHITTAGONG,BANGLADESH
2016,470329,SINAR MAS,LONTAR PAPYRUS,KUALA TUNGKAL,JAMBI,1000,463954,SINAR MAS,KING PAPER SOURCE TRADING (SHANGHAI) CO LTD,CHINA (MAINLAND),DAGANG,CHINA (MAINLAND)
2016,470329,SINAR MAS,LONTAR PAPYRUS,KUALA TUNGKAL,JAMBI,569,261913,SINAR MAS,KING PAPER SOURCE TRADING (SHANGHAI) CO LTD,CHINA (MAINLAND),CHANGSHU,CHINA (MAINLAND)
2016,470329,MARUBENI,TANJUNG ENIM LESTARI,PANJANG,SUMATERA SELATAN,290,129365,MARUBENI,MARUBENI CORP,JAPAN,PENANG (GEORGETOWN),MALAYSIA
2016,470329,SINAR MAS,LONTAR PAPYRUS,KUALA TUNGKAL,JAMBI,320,144157,SINAR MAS,KING PAPER SOURCE TRADING (SHANGHAI) CO LTD,CHINA (MAINLAND),CHANGSHU,CHINA (MAINLAND)
2016,470329,ROYAL GOLDEN EAGLE,APRIL,BUATAN,RIAU,1006,432451,ROYAL GOLDEN EAGLE,ALKIRA TRADING (MACAO COMMERCIAL OFFSHORE) LTD,MACAO,YUNFU,CHINA (MAINLAND)
2016,470329,MARUBENI,TANJUNG ENIM LESTARI,PANJANG,SUMATERA SELATAN,110,49825,MARUBENI,MARUBENI CORP,JAPAN,NAGPUR,INDIA
2016,470329,MARUBENI,TANJUNG ENIM LESTARI,PANJANG,SUMATERA SELATAN,502,213246,MARUBENI,MARUBENI CORP,JAPAN,ANKLESHWAR,INDIA
2016,470329,ROYAL GOLDEN EAGLE,APRIL,BUATAN,RIAU,96,41387,ROYAL GOLDEN EAGLE,ALKIRA TRADING (MACAO COMMERCIAL OFFSHORE) LTD,MACAO,TAOYUAN,TAIWAN
2016,470329,ROYAL GOLDEN EAGLE,APRIL,BUATAN,RIAU,502,215879,ROYAL GOLDEN EAGLE,AP ENTERPRISES (MACAO) COMMERCIAL OFFSHORE LTD,MACAO,CHITTAGONG,BANGLADESH
2016,470329,ROYAL GOLDEN EAGLE,APRIL,BUATAN,RIAU,502,215914,ROYAL GOLDEN EAGLE,AP ENTERPRISES (MACAO) COMMERCIAL OFFSHORE LTD,MACAO,CHITTAGONG,BANGLADESH
2016,470329,ROYAL GOLDEN EAGLE,APRIL,BUATAN,RIAU,1004,431903,ROYAL GOLDEN EAGLE,ALKIRA TRADING (MACAO COMMERCIAL OFFSHORE) LTD,MACAO,CHONGQING,CHINA (MAINLAND)
2016,470329,ROYAL GOLDEN EAGLE,APRIL,BUATAN,RIAU,241,103697,ROYAL GOLDEN EAGLE,AP ENTERPRISES (MACAO) COMMERCIAL OFFSHORE LTD,MACAO,CHITTAGONG,BANGLADESH
2016,470329,SINAR MAS,INDAH KIAT,PERAWANG,RIAU,500,238165,SINAR MAS,GOLDEN PROFIT TRADING PTE LTD,SINGAPORE,TUTICORIN,INDIA
2016,470329,SINAR MAS,INDAH KIAT,PERAWANG,RIAU,760,355946,UNKNOWN AFFILIATION,FREELAND UNIVERSAL LTD,CHINA (HONG KONG),CHANGSHU,CHINA (MAINLAND)
2016,470329,SINAR MAS,LONTAR PAPYRUS,KUALA TUNGKAL,JAMBI,970,449761,SINAR MAS,KING PAPER SOURCE TRADING (SHANGHAI) CO LTD,CHINA (MAINLAND),SHANGHAI,CHINA (MAINLAND)
2016,470329,ROYAL GOLDEN EAGLE,APRIL,BUATAN,RIAU,241,103627,ROYAL GOLDEN EAGLE,AP ENTERPRISES (MACAO) COMMERCIAL OFFSHORE LTD,MACAO,CHITTAGONG,BANGLADESH
2016,470329,SINAR MAS,INDAH KIAT,PERAWANG,RIAU,500,234175,UNKNOWN AFFILIATION,FREELAND UNIVERSAL LTD,CHINA (HONG KONG),CHANGSHU,CHINA (MAINLAND)
2016,470329,ROYAL GOLDEN EAGLE,APRIL,BUATAN,RIAU,261,112276,ROYAL GOLDEN EAGLE,AP ENTERPRISES (MACAO) COMMERCIAL OFFSHORE LTD,MACAO,CHITTAGONG,BANGLADESH
2016,470329,SINAR MAS,LONTAR PAPYRUS,KUALA TUNGKAL,JAMBI,500,237675,CREATIVE,CREATIVE PAPER MILLS LTD,BANGLADESH,CHITTAGONG,BANGLADESH
2016,470329,SINAR MAS,LONTAR PAPYRUS,KUALA TUNGKAL,JAMBI,160,72535,SINAR MAS,KING PAPER SOURCE TRADING (SHANGHAI) CO LTD,CHINA (MAINLAND),CHANGSHU,CHINA (MAINLAND)
2016,470329,ROYAL GOLDEN EAGLE,APRIL,BUATAN,RIAU,502,215894,ROYAL GOLDEN EAGLE,AP ENTERPRISES (MACAO) COMMERCIAL OFFSHORE LTD,MACAO,CHITTAGONG,BANGLADESH
2016,470329,ROYAL GOLDEN EAGLE,APRIL,BUATAN,RIAU,241,103738,ROYAL GOLDEN EAGLE,APEL ENTERPRISES (SINGAPORE) PTE LTD,SINGAPORE,TUTICORIN,INDIA
2016,470329,SINAR MAS,LONTAR PAPYRUS,KUALA TUNGKAL,JAMBI,1001,455744,SINAR MAS,KING PAPER SOURCE TRADING (SHANGHAI) CO LTD,CHINA (MAINLAND),DAGANG,CHINA (MAINLAND)
2016,470329,ROYAL GOLDEN EAGLE,APRIL,BUATAN,RIAU,201,86325,ROYAL GOLDEN EAGLE,APEL ENTERPRISES (SINGAPORE) PTE LTD,SINGAPORE,TUGLAKABAD,INDIA
2016,470329,ROYAL GOLDEN EAGLE,APRIL,BUATAN,RIAU,496,213329,ROYAL GOLDEN EAGLE,AP ENTERPRISES (MACAO) COMMERCIAL OFFSHORE LTD,MACAO,KARACHI,PAKISTAN
2016,470329,SINAR MAS,LONTAR PAPYRUS,KUALA TUNGKAL,JAMBI,100,46565,ARJUN,ARJUN PULP AND PAPER (INDIA) PVT LTD,INDIA,TUTICORIN,INDIA
2016,470329,SINAR MAS,LONTAR PAPYRUS,KUALA TUNGKAL,JAMBI,501,243296,UNKNOWN AFFILIATION,KUANTUM PAPERS LTD,INDIA,PIPAVAV (VICTOR) PORT,INDIA
2016,470329,MARUBENI,TANJUNG ENIM LESTARI,TANJUNG PRIOK,SUMATERA SELATAN,998,434781,MARUBENI,MARUBENI CORP,JAPAN,NANSHA,CHINA (MAINLAND)
2016,470329,ROYAL GOLDEN EAGLE,APRIL,BUATAN,RIAU,503,216116,ROYAL GOLDEN EAGLE,APEL ENTERPRISES (SINGAPORE) PTE LTD,SINGAPORE,JAWAHARLAL NEHRU (NHAVA S,INDIA
2016,470329,SINAR MAS,INDAH KIAT,PERAWANG,RIAU,4250,1963500,UNKNOWN AFFILIATION,FREELAND UNIVERSAL LTD,CHINA (HONG KONG),NINGBO,CHINA (MAINLAND)
2016,470329,SINAR MAS,INDAH KIAT,PERAWANG,RIAU,1050,485100,UNKNOWN AFFILIATION,FREELAND UNIVERSAL LTD,CHINA (HONG KONG),NINGBO,CHINA (MAINLAND)
2016,470329,SINAR MAS,LONTAR PAPYRUS,KUALA TUNGKAL,JAMBI,1000,462300,SINAR MAS,KING PAPER SOURCE TRADING (SHANGHAI) CO LTD,CHINA (MAINLAND),QINZHOU,CHINA (MAINLAND)
2016,470329,ROYAL GOLDEN EAGLE,APRIL,BUATAN,RIAU,1001,400515,ROYAL GOLDEN EAGLE,APRIL FAR EAST MALAYSIA SDN BHD,MALAYSIA,FUZHOU,CHINA (MAINLAND)
2016,470329,ROYAL GOLDEN EAGLE,TOBA PULP LESTARI,BELAWAN,SUMATERA UTARA,496,230489,ROYAL GOLDEN EAGLE,DP MARKETING INTERNATIONAL,MACAO,XINGANG,CHINA (MAINLAND)
2016,470329,SINAR MAS,INDAH KIAT,PERAWANG,RIAU,500,235662,SINAR MAS,GOLDEN PROFIT TRADING PTE LTD,SINGAPORE,TUTICORIN,INDIA
2016,470329,ROYAL GOLDEN EAGLE,APRIL,BUATAN,RIAU,502,215894,ROYAL GOLDEN EAGLE,APEL ENTERPRISES (SINGAPORE) PTE LTD,SINGAPORE,PUNE,INDIA
2016,470329,ROYAL GOLDEN EAGLE,APRIL,BUATAN,RIAU,1004,431655,ROYAL GOLDEN EAGLE,APEL ENTERPRISES (SINGAPORE) PTE LTD,SINGAPORE,AD DAMMAM,SAUDI ARABIA
2016,470329,SINAR MAS,LONTAR PAPYRUS,KUALA TUNGKAL,JAMBI,1001,457972,SINAR MAS,KING PAPER SOURCE TRADING (SHANGHAI) CO LTD,CHINA (MAINLAND),CHANGSHU,CHINA (MAINLAND)
2016,470329,SINAR MAS,INDAH KIAT,PERAWANG,RIAU,300,143824,SINAR MAS,GOLDEN PROFIT TRADING PTE LTD,SINGAPORE,HAIPHONG,VIETNAM
2016,470329,MARUBENI,TANJUNG ENIM LESTARI,TANJUNG PRIOK,SUMATERA SELATAN,995,435207,MARUBENI,MARUBENI CORP,JAPAN,CHONGQING,CHINA (MAINLAND)
2016,470329,ROYAL GOLDEN EAGLE,APRIL,FUTONG,RIAU,10046,4319722,ROYAL GOLDEN EAGLE,AP ENTERPRISES (MACAO) COMMERCIAL OFFSHORE LTD,MACAO,CHITTAGONG,BANGLADESH
2016,470329,ROYAL GOLDEN EAGLE,APRIL,BUATAN,RIAU,874,375863,ROYAL GOLDEN EAGLE,ALKIRA TRADING (MACAO COMMERCIAL OFFSHORE) LTD,MACAO,CHONGQING,CHINA (MAINLAND)
2016,470329,ROYAL GOLDEN EAGLE,APRIL,FUTONG,RIAU,1759,756361,ROYAL GOLDEN EAGLE,APEL ENTERPRISES (SINGAPORE) PTE LTD,SINGAPORE,IYOMISHIMA,JAPAN
2016,470329,ROYAL GOLDEN EAGLE,APRIL,FUTONG,RIAU,1608,691352,ROYAL GOLDEN EAGLE,APEL ENTERPRISES (SINGAPORE) PTE LTD,SINGAPORE,HITACHINAKA,JAPAN
2016,470329,ROYAL GOLDEN EAGLE,APRIL,FUTONG,RIAU,3468,1491068,ROYAL GOLDEN EAGLE,APEL ENTERPRISES (SINGAPORE) PTE LTD,SINGAPORE,TAGONOURA,JAPAN
2016,470329,ROYAL GOLDEN EAGLE,APRIL,FUTONG,RIAU,4320,1857593,ROYAL GOLDEN EAGLE,ALKIRA TRADING (MACAO COMMERCIAL OFFSHORE) LTD,MACAO,NINGBO,CHINA (MAINLAND)
2016,470329,ROYAL GOLDEN EAGLE,APRIL,BUATAN,RIAU,100,43203,ROYAL GOLDEN EAGLE,APEL ENTERPRISES (SINGAPORE) PTE LTD,SINGAPORE,BANGKOK,THAILAND
2016,470329,ROYAL GOLDEN EAGLE,APRIL,BUATAN,RIAU,502,215806,ROYAL GOLDEN EAGLE,AP ENTERPRISES (MACAO) COMMERCIAL OFFSHORE LTD,SINGAPORE,CHITTAGONG,BANGLADESH
2016,470329,ROYAL GOLDEN EAGLE,APRIL,BUATAN,RIAU,201,86380,ROYAL GOLDEN EAGLE,AP ENTERPRISES (MACAO) COMMERCIAL OFFSHORE LTD,SINGAPORE,CHITTAGONG,BANGLADESH
2016,470329,ROYAL GOLDEN EAGLE,APRIL,BUATAN,RIAU,201,86273,ROYAL GOLDEN EAGLE,AP ENTERPRISES (MACAO) COMMERCIAL OFFSHORE LTD,MACAO,CHITTAGONG,BANGLADESH
2016,470329,ROYAL GOLDEN EAGLE,APRIL,BUATAN,RIAU,100,43138,ROYAL GOLDEN EAGLE,AP ENTERPRISES (MACAO) COMMERCIAL OFFSHORE LTD,SINGAPORE,CHITTAGONG,BANGLADESH
2016,470329,ROYAL GOLDEN EAGLE,APRIL,BUATAN,RIAU,201,86399,ROYAL GOLDEN EAGLE,AP ENTERPRISES (MACAO) COMMERCIAL OFFSHORE LTD,MACAO,CHITTAGONG,BANGLADESH
2016,470329,ROYAL GOLDEN EAGLE,APRIL,BUATAN,RIAU,502,215759,ROYAL GOLDEN EAGLE,AP ENTERPRISES (MACAO) COMMERCIAL OFFSHORE LTD,MACAO,CHITTAGONG,BANGLADESH
2016,470329,ROYAL GOLDEN EAGLE,APRIL,BUATAN,RIAU,502,215921,ROYAL GOLDEN EAGLE,AP ENTERPRISES (MACAO) COMMERCIAL OFFSHORE LTD,MACAO,CHITTAGONG,BANGLADESH
2016,470329,ROYAL GOLDEN EAGLE,APRIL,BUATAN,RIAU,98,42318,ROYAL GOLDEN EAGLE,APEL ENTERPRISES (SINGAPORE) PTE LTD,SINGAPORE,BANDAR ABBAS,IRAN
2016,470329,ROYAL GOLDEN EAGLE,APRIL,BUATAN,RIAU,261,112245,ROYAL GOLDEN EAGLE,APEL ENTERPRISES (SINGAPORE) PTE LTD,SINGAPORE,BANGKOK,THAILAND
2016,470329,ROYAL GOLDEN EAGLE,APRIL,BUATAN,RIAU,261,112152,ROYAL GOLDEN EAGLE,ALKIRA TRADING (MACAO COMMERCIAL OFFSHORE) LTD,MACAO,ALIAGA,TURKEY
2016,470329,MARUBENI,TANJUNG ENIM LESTARI,TARAHAN,SUMATERA SELATAN,400,176258,MARUBENI,MARUBENI CORP,JAPAN,TAGONOURA,JAPAN
2016,470329,MARUBENI,TANJUNG ENIM LESTARI,TARAHAN,SUMATERA SELATAN,1301,560686,MARUBENI,MARUBENI CORP,JAPAN,IYOMISHIMA,JAPAN
2016,470329,MARUBENI,TANJUNG ENIM LESTARI,TARAHAN,SUMATERA SELATAN,999,432392,MARUBENI,MARUBENI CORP,JAPAN,PYONGTAEK,SOUTH KOREA
2016,470329,MARUBENI,TANJUNG ENIM LESTARI,TARAHAN,SUMATERA SELATAN,60,28668,MARUBENI,MARUBENI CORP,JAPAN,TAGONOURA,JAPAN
2016,470329,ROYAL GOLDEN EAGLE,APRIL,BUATAN,RIAU,496,213312,ROYAL GOLDEN EAGLE,APEL ENTERPRISES (SINGAPORE) PTE LTD,SINGAPORE,BANDAR ABBAS,IRAN
2016,470329,ROYAL GOLDEN EAGLE,APRIL,BUATAN,RIAU,201,86414,ROYAL GOLDEN EAGLE,AP ENTERPRISES (MACAO) COMMERCIAL OFFSHORE LTD,SINGAPORE,CHITTAGONG,BANGLADESH
2016,470329,MARUBENI,TANJUNG ENIM LESTARI,TARAHAN,SUMATERA SELATAN,999,432403,MARUBENI,MARUBENI CORP,JAPAN,PYONGTAEK,SOUTH KOREA
2016,470329,MARUBENI,TANJUNG ENIM LESTARI,TARAHAN,SUMATERA SELATAN,1000,438934,MARUBENI,MARUBENI CORP,JAPAN,TAICHUNG,TAIWAN
2016,470329,ROYAL GOLDEN EAGLE,APRIL,BUATAN,RIAU,1004,431798,ROYAL GOLDEN EAGLE,APEL ENTERPRISES (SINGAPORE) PTE LTD,SINGAPORE,AD DAMMAM,SAUDI ARABIA
2016,470329,MARUBENI,TANJUNG ENIM LESTARI,TARAHAN,SUMATERA SELATAN,900,387801,MARUBENI,MARUBENI CORP,JAPAN,TAGONOURA,JAPAN
2016,470329,MARUBENI,TANJUNG ENIM LESTARI,TARAHAN,SUMATERA SELATAN,400,179848,MARUBENI,MARUBENI CORP,JAPAN,PYONGTAEK,SOUTH KOREA
2016,470329,ROYAL GOLDEN EAGLE,APRIL,BUATAN,RIAU,257,110616,ROYAL GOLDEN EAGLE,APEL ENTERPRISES (SINGAPORE) PTE LTD,SINGAPORE,BANDAR ABBAS,IRAN
2016,470329,MARUBENI,TANJUNG ENIM LESTARI,TARAHAN,SUMATERA SELATAN,400,176292,MARUBENI,MARUBENI CORP,JAPAN,TAGONOURA,JAPAN
2016,470329,SINAR MAS,INDAH KIAT,PERAWANG,RIAU,500,235662,SINAR MAS,GOLDEN PROFIT TRADING PTE LTD,SINGAPORE,TUTICORIN,INDIA
2016,470329,MARUBENI,TANJUNG ENIM LESTARI,TARAHAN,SUMATERA SELATAN,100,45194,MARUBENI,MARUBENI CORP,JAPAN,PYONGTAEK,SOUTH KOREA
2016,470329,ROYAL GOLDEN EAGLE,APRIL,BUATAN,RIAU,119,51238,ROYAL GOLDEN EAGLE,ALKIRA TRADING (MACAO COMMERCIAL OFFSHORE) LTD,MACAO,CHONGQING,CHINA (MAINLAND)
2016,470329,ROYAL GOLDEN EAGLE,APRIL,BUATAN,RIAU,502,216018,ROYAL GOLDEN EAGLE,APEL ENTERPRISES (SINGAPORE) PTE LTD,SINGAPORE,TUTICORIN,INDIA
2016,470329,MARUBENI,TANJUNG ENIM LESTARI,TARAHAN,SUMATERA SELATAN,200,86347,MARUBENI,MARUBENI CORP,JAPAN,TAGONOURA,JAPAN
2016,470329,MARUBENI,TANJUNG ENIM LESTARI,TARAHAN,SUMATERA SELATAN,1999,861819,MARUBENI,MARUBENI CORP,JAPAN,QINGDAO,CHINA (MAINLAND)
2016,470329,MARUBENI,TANJUNG ENIM LESTARI,TARAHAN,SUMATERA SELATAN,301,132549,MARUBENI,MARUBENI CORP,JAPAN,TAGONOURA,JAPAN
2016,470329,ROYAL GOLDEN EAGLE,APRIL,BUATAN,RIAU,301,129492,ROYAL GOLDEN EAGLE,APEL ENTERPRISES (SINGAPORE) PTE LTD,SINGAPORE,PORT KELANG,MALAYSIA
2016,470329,ROYAL GOLDEN EAGLE,APRIL,BUATAN,RIAU,257,110540,ROYAL GOLDEN EAGLE,APEL ENTERPRISES (SINGAPORE) PTE LTD,SINGAPORE,BANDAR ABBAS,IRAN
2016,470329,MARUBENI,TANJUNG ENIM LESTARI,TARAHAN,SUMATERA SELATAN,901,395359,MARUBENI,MARUBENI CORP,JAPAN,TAICHUNG,TAIWAN
2016,470329,MARUBENI,TANJUNG ENIM LESTARI,TARAHAN,SUMATERA SELATAN,150,66001,MARUBENI,MARUBENI CORP,JAPAN,TAGONOURA,JAPAN
2016,470329,ROYAL GOLDEN EAGLE,APRIL,BUATAN,RIAU,241,103582,ROYAL GOLDEN EAGLE,AP ENTERPRISES (MACAO) COMMERCIAL OFFSHORE LTD,MACAO,CHITTAGONG,BANGLADESH
2016,470329,SINAR MAS,INDAH KIAT,SUNGAI PAKNING,RIAU,2000,933000,UNKNOWN AFFILIATION,FREELAND UNIVERSAL LTD,CHINA (HONG KONG),DAGANG,CHINA (MAINLAND)
2016,470329,MARUBENI,TANJUNG ENIM LESTARI,PANJANG,SUMATERA SELATAN,108,48841,MARUBENI,MARUBENI CORP,JAPAN,MUNDRA,INDIA
2016,470329,SINAR MAS,INDAH KIAT,PERAWANG,RIAU,1000,467426,UNKNOWN AFFILIATION,FREELAND UNIVERSAL LTD,CHINA (HONG KONG),DAGANG,CHINA (MAINLAND)
2016,470329,ROYAL GOLDEN EAGLE,APRIL,BUATAN,RIAU,502,215884,ROYAL GOLDEN EAGLE,APEL ENTERPRISES (SINGAPORE) PTE LTD,SINGAPORE,TUTICORIN,INDIA
2016,470329,SINAR MAS,INDAH KIAT,PERAWANG,RIAU,100,48472,SINAR MAS,GOLDEN PROFIT TRADING PTE LTD,SINGAPORE,CHITTAGONG,BANGLADESH
2016,470329,SINAR MAS,INDAH KIAT,PERAWANG,RIAU,500,242359,SINAR MAS,GOLDEN PROFIT TRADING PTE LTD,SINGAPORE,CHITTAGONG,BANGLADESH
2016,470329,MARUBENI,TANJUNG ENIM LESTARI,PANJANG,SUMATERA SELATAN,998,435278,MARUBENI,MARUBENI CORP,JAPAN,NANSHA,CHINA (MAINLAND)
2016,470329,MARUBENI,TANJUNG ENIM LESTARI,PANJANG,SUMATERA SELATAN,996,434230,MARUBENI,MARUBENI CORP,JAPAN,NANSHA,CHINA (MAINLAND)
2016,470329,ROYAL GOLDEN EAGLE,APRIL,BUATAN,RIAU,1004,431919,ROYAL GOLDEN EAGLE,APRIL FAR EAST MALAYSIA SDN BHD,MALAYSIA,FUZHOU,CHINA (MAINLAND)
2016,470329,ROYAL GOLDEN EAGLE,APRIL,BUATAN,RIAU,502,215955,ROYAL GOLDEN EAGLE,AP ENTERPRISES (MACAO) COMMERCIAL OFFSHORE LTD,MACAO,CHITTAGONG,BANGLADESH
2016,470329,ROYAL GOLDEN EAGLE,APRIL,BUATAN,RIAU,60,25912,ROYAL GOLDEN EAGLE,APEL ENTERPRISES (SINGAPORE) PTE LTD,SINGAPORE,JAWAHARLAL NEHRU (NHAVA S,INDIA
2016,470329,ROYAL GOLDEN EAGLE,APRIL,BUATAN,RIAU,502,215824,ROYAL GOLDEN EAGLE,AP ENTERPRISES (MACAO) COMMERCIAL OFFSHORE LTD,MACAO,CHITTAGONG,BANGLADESH
2016,470329,ROYAL GOLDEN EAGLE,APRIL,BUATAN,RIAU,60,25971,ROYAL GOLDEN EAGLE,APEL ENTERPRISES (SINGAPORE) PTE LTD,SINGAPORE,JAWAHARLAL NEHRU (NHAVA S,INDIA
2016,470329,SINAR MAS,INDAH KIAT,SUNGAI PAKNING,RIAU,1500,716250,SINAR MAS,GOLDEN PROFIT TRADING PTE LTD,SINGAPORE,HAIPHONG,VIETNAM
2016,470329,SINAR MAS,INDAH KIAT,SUNGAI PAKNING,RIAU,700,326550,UNKNOWN AFFILIATION,FREELAND UNIVERSAL LTD,CHINA (HONG KONG),DAGANG,CHINA (MAINLAND)
2016,470329,SINAR MAS,INDAH KIAT,SUNGAI PAKNING,RIAU,4600,2145900,UNKNOWN AFFILIATION,FREELAND UNIVERSAL LTD,CHINA (HONG KONG),DAGANG,CHINA (MAINLAND)
2016,470329,MARUBENI,TANJUNG ENIM LESTARI,PANJANG,SUMATERA SELATAN,108,46843,MARUBENI,MARUBENI CORP,JAPAN,NAGPUR,INDIA
2016,470329,ROYAL GOLDEN EAGLE,APRIL,BUATAN,RIAU,60,25943,ROYAL GOLDEN EAGLE,APEL ENTERPRISES (SINGAPORE) PTE LTD,SINGAPORE,JAWAHARLAL NEHRU (NHAVA S,INDIA
2016,470329,ROYAL GOLDEN EAGLE,APRIL,BUATAN,RIAU,1004,431617,ROYAL GOLDEN EAGLE,ALKIRA TRADING (MACAO COMMERCIAL OFFSHORE) LTD,MACAO,CHONGQING,CHINA (MAINLAND)
2016,470329,SINAR MAS,LONTAR PAPYRUS,KUALA TUNGKAL,JAMBI,1000,463789,SINAR MAS,KING PAPER SOURCE TRADING (SHANGHAI) CO LTD,CHINA (MAINLAND),DAGANG,CHINA (MAINLAND)
2016,470329,ROYAL GOLDEN EAGLE,APRIL,BUATAN,RIAU,241,103612,ROYAL GOLDEN EAGLE,APEL ENTERPRISES (SINGAPORE) PTE LTD,SINGAPORE,CALCUTTA,INDIA
2016,470329,SINAR MAS,INDAH KIAT,SUNGAI PAKNING,RIAU,1500,714750,UNKNOWN AFFILIATION,FREELAND UNIVERSAL LTD,CHINA (HONG KONG),DAGANG,CHINA (MAINLAND)
2016,470329,ROYAL GOLDEN EAGLE,APRIL,BUATAN,RIAU,704,302566,ROYAL GOLDEN EAGLE,APEL ENTERPRISES (SINGAPORE) PTE LTD,SINGAPORE,BEIRUT,LEBANON
2016,470329,SINAR MAS,INDAH KIAT,PERAWANG,RIAU,1000,467426,SINAR MAS,KING PAPER SOURCE TRADING (SHANGHAI) CO LTD,CHINA (HONG KONG),DAGANG,CHINA (MAINLAND)
2016,470329,SINAR MAS,INDAH KIAT,PERAWANG,RIAU,60,30546,UNKNOWN AFFILIATION,LINH XUAN PAPER JOINT STOCK CO,VIETNAM,CAT LAI,VIETNAM
2016,470329,SINAR MAS,LONTAR PAPYRUS,KUALA TUNGKAL,JAMBI,1001,479730,UNKNOWN AFFILIATION,KHANNA PAPER MILLS LTD,INDIA,LUDHIANA,INDIA
2016,470329,ROYAL GOLDEN EAGLE,APRIL,BUATAN,RIAU,1004,401663,ROYAL GOLDEN EAGLE,APRIL FAR EAST MALAYSIA SDN BHD,MALAYSIA,FUZHOU,CHINA (MAINLAND)
2016,470329,ROYAL GOLDEN EAGLE,APRIL,BUATAN,RIAU,1005,401850,ROYAL GOLDEN EAGLE,APRIL FAR EAST MALAYSIA SDN BHD,MALAYSIA,JIUJIANG,CHINA (MAINLAND)
2016,470329,MARUBENI,TANJUNG ENIM LESTARI,TANJUNG PRIOK,SUMATERA SELATAN,1519,660555,MARUBENI,MARUBENI CORP,JAPAN,XINHUI,CHINA (MAINLAND)
2016,470329,SINAR MAS,LONTAR PAPYRUS,KUALA TUNGKAL,JAMBI,500,237834,CREATIVE,CREATIVE PAPER MILLS LTD,BANGLADESH,CHITTAGONG,BANGLADESH
2016,470329,ROYAL GOLDEN EAGLE,APRIL,BUATAN,RIAU,1005,432089,ROYAL GOLDEN EAGLE,APRIL FAR EAST MALAYSIA SDN BHD,MALAYSIA,FUZHOU,CHINA (MAINLAND)
2016,470329,SINAR MAS,INDAH KIAT,PERAWANG,RIAU,500,244706,UNKNOWN AFFILIATION,QUANG HUY SERVICE TRADING PRODUCTION JOINT STOCK CO,VIETNAM,HAIPHONG,VIETNAM
2016,470329,ROYAL GOLDEN EAGLE,APRIL,BUATAN,RIAU,442,172560,ROYAL GOLDEN EAGLE,APEL ENTERPRISES (SINGAPORE) PTE LTD,SINGAPORE,RIYADH,SAUDI ARABIA
2016,470329,ROYAL GOLDEN EAGLE,APRIL,FUTONG,RIAU,2914,1252817,ROYAL GOLDEN EAGLE,AP ENTERPRISES (MACAO) COMMERCIAL OFFSHORE LTD,MACAO,PYONGTAEK,SOUTH KOREA
2016,470329,ROYAL GOLDEN EAGLE,APRIL,FUTONG,RIAU,8014,3446230,ROYAL GOLDEN EAGLE,ALKIRA TRADING (MACAO COMMERCIAL OFFSHORE) LTD,MACAO,CHANGSHU,CHINA (MAINLAND)
2016,470329,ROYAL GOLDEN EAGLE,APRIL,BUATAN,RIAU,503,216190,ROYAL GOLDEN EAGLE,APEL ENTERPRISES (SINGAPORE) PTE LTD,SINGAPORE,TUTICORIN,INDIA
2016,470329,ROYAL GOLDEN EAGLE,APRIL,BUATAN,RIAU,262,104615,ROYAL GOLDEN EAGLE,APEL ENTERPRISES (SINGAPORE) PTE LTD,SINGAPORE,JAWAHARLAL NEHRU (NHAVA S,INDIA
2016,470329,ROYAL GOLDEN EAGLE,APRIL,BUATAN,RIAU,502,216026,ROYAL GOLDEN EAGLE,APEL ENTERPRISES (SINGAPORE) PTE LTD,SINGAPORE,TUTICORIN,INDIA
2016,470329,ROYAL GOLDEN EAGLE,APRIL,BUATAN,RIAU,502,215954,ROYAL GOLDEN EAGLE,AP ENTERPRISES (MACAO) COMMERCIAL OFFSHORE LTD,MACAO,CHITTAGONG,BANGLADESH
2016,470329,ROYAL GOLDEN EAGLE,APRIL,BUATAN,RIAU,1003,431410,ROYAL GOLDEN EAGLE,APRIL FAR EAST MALAYSIA SDN BHD,MALAYSIA,JIUJIANG,CHINA (MAINLAND)
2016,470329,ROYAL GOLDEN EAGLE,APRIL,FUTONG,RIAU,4924,2117313,ROYAL GOLDEN EAGLE,AP ENTERPRISES (MACAO) COMMERCIAL OFFSHORE LTD,MACAO,PYONGTAEK,SOUTH KOREA
2016,470329,ROYAL GOLDEN EAGLE,APRIL,FUTONG,RIAU,2613,1123458,ROYAL GOLDEN EAGLE,APEL ENTERPRISES (SINGAPORE) PTE LTD,SINGAPORE,PYONGTAEK,SOUTH KOREA
2016,470329,ROYAL GOLDEN EAGLE,APRIL,FUTONG,RIAU,603,259363,ROYAL GOLDEN EAGLE,AP ENTERPRISES (MACAO) COMMERCIAL OFFSHORE LTD,MACAO,PYONGTAEK,SOUTH KOREA
2016,470329,ROYAL GOLDEN EAGLE,APRIL,BUATAN,RIAU,1004,431853,ROYAL GOLDEN EAGLE,APRIL FAR EAST MALAYSIA SDN BHD,MALAYSIA,JIUJIANG,CHINA (MAINLAND)
2016,470329,MARUBENI,TANJUNG ENIM LESTARI,PANJANG,SUMATERA SELATAN,498,220088,MARUBENI,MARUBENI CORP,JAPAN,XINGANG,CHINA (MAINLAND)
2016,470329,SINAR MAS,LONTAR PAPYRUS,KUALA TUNGKAL,JAMBI,480,228299,CREATIVE,CREATIVE PAPER MILLS LTD,BANGLADESH,CHITTAGONG,BANGLADESH
2016,470329,SINAR MAS,LONTAR PAPYRUS,KUALA TUNGKAL,JAMBI,501,229440,SINAR MAS,KING PAPER SOURCE TRADING (SHANGHAI) CO LTD,CHINA (MAINLAND),DALIAN,CHINA (MAINLAND)
2016,470329,SINAR MAS,LONTAR PAPYRUS,KUALA TUNGKAL,JAMBI,502,238237,EMAMI,EMAMI PAPER MILLS LTD,INDIA,HALDIA,INDIA
2016,470329,SINAR MAS,INDAH KIAT,PERAWANG,RIAU,1000,468350,SINAR MAS,KING PAPER SOURCE TRADING (SHANGHAI) CO LTD,CHINA (MAINLAND),DAGANG,CHINA (MAINLAND)
2016,470329,SINAR MAS,LONTAR PAPYRUS,KUALA TUNGKAL,JAMBI,1001,462912,SINAR MAS,KING PAPER SOURCE TRADING (SHANGHAI) CO LTD,CHINA (MAINLAND),QINZHOU,CHINA (MAINLAND)
2016,470329,SINAR MAS,INDAH KIAT,SUNGAI PAKNING,RIAU,1000,468000,SINAR MAS,KING PAPER SOURCE TRADING (SHANGHAI) CO LTD,CHINA (MAINLAND),CHANGSHU,CHINA (MAINLAND)
2016,470329,SINAR MAS,INDAH KIAT,SUNGAI PAKNING,RIAU,4500,2106000,SINAR MAS,KING PAPER SOURCE TRADING (SHANGHAI) CO LTD,CHINA (MAINLAND),CHANGSHU,CHINA (MAINLAND)
2016,470329,SINAR MAS,LONTAR PAPYRUS,KUALA TUNGKAL,JAMBI,140,63322,SINAR MAS,KING PAPER SOURCE TRADING (SHANGHAI) CO LTD,CHINA (MAINLAND),CHANGSHU,CHINA (MAINLAND)
2016,470329,SINAR MAS,INDAH KIAT,SUNGAI PAKNING,RIAU,1500,702000,SINAR MAS,KING PAPER SOURCE TRADING (SHANGHAI) CO LTD,CHINA (MAINLAND),CHANGSHU,CHINA (MAINLAND)
2016,470329,SINAR MAS,LONTAR PAPYRUS,KUALA TUNGKAL,JAMBI,100,49077,UNKNOWN AFFILIATION,OREN HYDROCARBONS PVT LTD,INDIA,KRISHNAPATNAM,INDIA
2016,470329,SINAR MAS,LONTAR PAPYRUS,KUALA TUNGKAL,JAMBI,1042,482891,SINAR MAS,KING PAPER SOURCE TRADING (SHANGHAI) CO LTD,CHINA (MAINLAND),SHANGHAI,CHINA (MAINLAND)
2016,470329,SINAR MAS,LONTAR PAPYRUS,KUALA TUNGKAL,JAMBI,1038,481020,SINAR MAS,KING PAPER SOURCE TRADING (SHANGHAI) CO LTD,CHINA (MAINLAND),SHANGHAI,CHINA (MAINLAND)
2016,470329,SINAR MAS,LONTAR PAPYRUS,KUALA TUNGKAL,JAMBI,500,221053,SINAR MAS,KING PAPER SOURCE TRADING (SHANGHAI) CO LTD,CHINA (MAINLAND),DALIAN,CHINA (MAINLAND)
2016,470329,ROYAL GOLDEN EAGLE,APRIL,BUATAN,RIAU,257,110593,ROYAL GOLDEN EAGLE,APEL ENTERPRISES (SINGAPORE) PTE LTD,SINGAPORE,BANDAR ABBAS,IRAN
2016,470329,ROYAL GOLDEN EAGLE,APRIL,BUATAN,RIAU,1003,431280,ROYAL GOLDEN EAGLE,APRIL FAR EAST MALAYSIA SDN BHD,MALAYSIA,FUZHOU,CHINA (MAINLAND)
2016,470329,SINAR MAS,LONTAR PAPYRUS,KUALA TUNGKAL,JAMBI,200,94947,UNKNOWN AFFILIATION,REGENT EXIM INTERNATIONAL LTD,INDIA,REWARI,INDIA
2016,470329,MARUBENI,TANJUNG ENIM LESTARI,PANJANG,SUMATERA SELATAN,2007,864570,MARUBENI,MARUBENI CORP,JAPAN,WUHAN,CHINA (MAINLAND)
2016,470329,SINAR MAS,INDAH KIAT,SUNGAI PAKNING,RIAU,500,233000,BASHUNDARA,BASHUNDHARA PAPER MILLS LTD,BANGLADESH,CHITTAGONG,BANGLADESH
2016,470329,ROYAL GOLDEN EAGLE,APRIL,FUTONG,RIAU,3519,1512985,ROYAL GOLDEN EAGLE,ALKIRA TRADING (MACAO COMMERCIAL OFFSHORE) LTD,MACAO,ZHANJIANG,CHINA (MAINLAND)
2016,470329,SINAR MAS,INDAH KIAT,SUNGAI PAKNING,RIAU,500,233000,BASHUNDARA,BASHUNDHARA MULTI PAPER INDUSTRIES LTD,BANGLADESH,CHITTAGONG,BANGLADESH
2016,470329,SINAR MAS,INDAH KIAT,SUNGAI PAKNING,RIAU,1000,466000,BASHUNDARA,BASHUNDHARA PAPER MILLS LTD,BANGLADESH,CHITTAGONG,BANGLADESH
2016,470329,SINAR MAS,INDAH KIAT,SUNGAI PAKNING,RIAU,1100,512600,BASHUNDARA,BASHUNDHARA MULTI PAPER INDUSTRIES LTD,BANGLADESH,CHITTAGONG,BANGLADESH
2016,470329,SINAR MAS,INDAH KIAT,SUNGAI PAKNING,RIAU,1100,512600,BASHUNDARA,BASHUNDHARA PAPER MILLS LTD,BANGLADESH,CHITTAGONG,BANGLADESH
2016,470329,ROYAL GOLDEN EAGLE,APRIL,BUATAN,RIAU,502,216001,ROYAL GOLDEN EAGLE,APEL ENTERPRISES (SINGAPORE) PTE LTD,SINGAPORE,PUNE,INDIA
2016,470329,ROYAL GOLDEN EAGLE,APRIL,BUATAN,RIAU,1004,431697,ROYAL GOLDEN EAGLE,APRIL FAR EAST MALAYSIA SDN BHD,MALAYSIA,FUZHOU,CHINA (MAINLAND)
2016,470329,SINAR MAS,INDAH KIAT,SUNGAI PAKNING,RIAU,2000,936000,SINAR MAS,KING PAPER SOURCE TRADING (SHANGHAI) CO LTD,CHINA (MAINLAND),CHANGSHU,CHINA (MAINLAND)
2016,470329,SINAR MAS,INDAH KIAT,PERAWANG,RIAU,500,234175,SINAR MAS,KING PAPER SOURCE TRADING (SHANGHAI) CO LTD,CHINA (MAINLAND),DAGANG,CHINA (MAINLAND)
2016,470329,ROYAL GOLDEN EAGLE,APRIL,BUATAN,RIAU,503,216204,ROYAL GOLDEN EAGLE,AP ENTERPRISES (MACAO) COMMERCIAL OFFSHORE LTD,SINGAPORE,CHITTAGONG,BANGLADESH
2016,470329,MARUBENI,TANJUNG ENIM LESTARI,PANJANG,SUMATERA SELATAN,198,89538,MARUBENI,MARUBENI CORP,JAPAN,TUTICORIN,INDIA
2016,470329,ROYAL GOLDEN EAGLE,APRIL,BUATAN,RIAU,1003,431325,ROYAL GOLDEN EAGLE,APRIL FAR EAST MALAYSIA SDN BHD,MALAYSIA,JIUJIANG,CHINA (MAINLAND)
2016,470329,ROYAL GOLDEN EAGLE,APRIL,FUTONG,RIAU,5532,2378868,ROYAL GOLDEN EAGLE,APRIL FAR EAST MALAYSIA SDN BHD,MALAYSIA,XINHUI,CHINA (MAINLAND)
2016,470329,MARUBENI,TANJUNG ENIM LESTARI,PANJANG,SUMATERA SELATAN,196,84968,MARUBENI,MARUBENI CORP,JAPAN,JAWAHARLAL NEHRU (NHAVA S,INDIA
2016,470329,ROYAL GOLDEN EAGLE,APRIL,BUATAN,RIAU,241,103680,ROYAL GOLDEN EAGLE,AP ENTERPRISES (MACAO) COMMERCIAL OFFSHORE LTD,MACAO,CHITTAGONG,BANGLADESH
2016,470329,ROYAL GOLDEN EAGLE,APRIL,BUATAN,RIAU,1003,431340,ROYAL GOLDEN EAGLE,APRIL FAR EAST MALAYSIA SDN BHD,MALAYSIA,FUZHOU,CHINA (MAINLAND)
2016,470329,ROYAL GOLDEN EAGLE,APRIL,BUATAN,RIAU,502,215755,ROYAL GOLDEN EAGLE,AP ENTERPRISES (MACAO) COMMERCIAL OFFSHORE LTD,MACAO,CHITTAGONG,BANGLADESH
2016,470329,ROYAL GOLDEN EAGLE,APRIL,BUATAN,RIAU,1004,431758,ROYAL GOLDEN EAGLE,ALKIRA TRADING (MACAO COMMERCIAL OFFSHORE) LTD,MACAO,CHONGQING,CHINA (MAINLAND)
2016,470329,ROYAL GOLDEN EAGLE,APRIL,BUATAN,RIAU,555,238627,ROYAL GOLDEN EAGLE,AP ENTERPRISES (MACAO) COMMERCIAL OFFSHORE LTD,MACAO,KARACHI,PAKISTAN
2016,470329,ROYAL GOLDEN EAGLE,APRIL,BUATAN,RIAU,18,7843,ROYAL GOLDEN EAGLE,AP ENTERPRISES (MACAO) COMMERCIAL OFFSHORE LTD,MACAO,KARACHI,PAKISTAN
2016,470329,ROYAL GOLDEN EAGLE,APRIL,BUATAN,RIAU,98,42284,ROYAL GOLDEN EAGLE,AP ENTERPRISES (MACAO) COMMERCIAL OFFSHORE LTD,MACAO,KARACHI,PAKISTAN
2016,470329,ROYAL GOLDEN EAGLE,APRIL,BUATAN,RIAU,502,215906,ROYAL GOLDEN EAGLE,AP ENTERPRISES (MACAO) COMMERCIAL OFFSHORE LTD,MACAO,CHITTAGONG,BANGLADESH
2016,470329,ROYAL GOLDEN EAGLE,APRIL,BUATAN,RIAU,1003,431386,ROYAL GOLDEN EAGLE,ALKIRA TRADING (MACAO COMMERCIAL OFFSHORE) LTD,MACAO,CHONGQING,CHINA (MAINLAND)
2016,470329,MARUBENI,TANJUNG ENIM LESTARI,TANJUNG PRIOK,SUMATERA SELATAN,1501,652715,MARUBENI,MARUBENI CORP,JAPAN,XINHUI,CHINA (MAINLAND)
2016,470329,ROYAL GOLDEN EAGLE,APRIL,FUTONG,RIAU,5674,2409612,ROYAL GOLDEN EAGLE,ALKIRA TRADING (MACAO COMMERCIAL OFFSHORE) LTD,MACAO,LIANYUNGANG,CHINA (MAINLAND)
2016,470329,ROYAL GOLDEN EAGLE,APRIL,BUATAN,RIAU,201,86376,ROYAL GOLDEN EAGLE,APEL ENTERPRISES (SINGAPORE) PTE LTD,SINGAPORE,SHUAIBA,KUWAIT
2016,470329,ROYAL GOLDEN EAGLE,APRIL,BUATAN,RIAU,60,25916,ROYAL GOLDEN EAGLE,APEL ENTERPRISES (SINGAPORE) PTE LTD,SINGAPORE,JAWAHARLAL NEHRU (NHAVA S,INDIA
2016,470329,ROYAL GOLDEN EAGLE,APRIL,FUTONG,RIAU,3065,1318036,ROYAL GOLDEN EAGLE,ALKIRA TRADING (MACAO COMMERCIAL OFFSHORE) LTD,MACAO,MAWEI,CHINA (MAINLAND)
2016,470329,ROYAL GOLDEN EAGLE,APRIL,BUATAN,RIAU,241,103676,ROYAL GOLDEN EAGLE,APEL ENTERPRISES (SINGAPORE) PTE LTD,SINGAPORE,ABU DHABI,UNITED ARAB EMIRATES
2016,470329,ROYAL GOLDEN EAGLE,APRIL,BUATAN,RIAU,179,76836,ROYAL GOLDEN EAGLE,AP ENTERPRISES (MACAO) COMMERCIAL OFFSHORE LTD,MACAO,KARACHI,PAKISTAN
2016,470329,ROYAL GOLDEN EAGLE,APRIL,FUTONG,RIAU,2514,1081081,ROYAL GOLDEN EAGLE,ALKIRA TRADING (MACAO COMMERCIAL OFFSHORE) LTD,MACAO,RIZHAO,CHINA (MAINLAND)
2016,470329,ROYAL GOLDEN EAGLE,APRIL,BUATAN,RIAU,1004,431593,ROYAL GOLDEN EAGLE,ALKIRA TRADING (MACAO COMMERCIAL OFFSHORE) LTD,MACAO,CHONGQING,CHINA (MAINLAND)
2016,470329,ROYAL GOLDEN EAGLE,APRIL,BUATAN,RIAU,60,25920,ROYAL GOLDEN EAGLE,APEL ENTERPRISES (SINGAPORE) PTE LTD,SINGAPORE,JAWAHARLAL NEHRU (NHAVA S,INDIA
2016,470329,ROYAL GOLDEN EAGLE,APRIL,BUATAN,RIAU,402,172688,ROYAL GOLDEN EAGLE,APEL ENTERPRISES (SINGAPORE) PTE LTD,SINGAPORE,MANILA,PHILIPPINES
2016,470329,ROYAL GOLDEN EAGLE,APRIL,BUATAN,RIAU,1003,431219,ROYAL GOLDEN EAGLE,APRIL FAR EAST MALAYSIA SDN BHD,MALAYSIA,FUZHOU,CHINA (MAINLAND)
2016,470329,ROYAL GOLDEN EAGLE,APRIL,BUATAN,RIAU,261,112421,ROYAL GOLDEN EAGLE,APEL ENTERPRISES (SINGAPORE) PTE LTD,SINGAPORE,BANGKOK,THAILAND
2016,470329,SINAR MAS,INDAH KIAT,PERAWANG,RIAU,1000,474500,SINAR MAS,KING PAPER SOURCE TRADING (SHANGHAI) CO LTD,CHINA (MAINLAND),DAGANG,CHINA (MAINLAND)
2016,470329,SINAR MAS,INDAH KIAT,PERAWANG,RIAU,1000,472911,SINAR MAS,KING PAPER SOURCE TRADING (SHANGHAI) CO LTD,CHINA (MAINLAND),CHANGSHU,CHINA (MAINLAND)
2016,470329,SINAR MAS,LONTAR PAPYRUS,KUALA TUNGKAL,JAMBI,701,335534,UNKNOWN AFFILIATION,KHANNA PAPER MILLS LTD,INDIA,LUDHIANA,INDIA
2016,470329,SINAR MAS,INDAH KIAT,PERAWANG,RIAU,1000,474500,UNKNOWN AFFILIATION,FREELAND UNIVERSAL LTD,CHINA (HONG KONG),DAGANG,CHINA (MAINLAND)
2016,470329,SINAR MAS,LONTAR PAPYRUS,KUALA TUNGKAL,JAMBI,440,204678,SINAR MAS,KING PAPER SOURCE TRADING (SHANGHAI) CO LTD,CHINA (MAINLAND),SHANGHAI,CHINA (MAINLAND)
2016,470329,ROYAL GOLDEN EAGLE,APRIL,BUATAN,RIAU,60,25906,ROYAL GOLDEN EAGLE,APEL ENTERPRISES (SINGAPORE) PTE LTD,SINGAPORE,CHENNAI (EX MADRAS),INDIA
2016,470329,ROYAL GOLDEN EAGLE,APRIL,BUATAN,RIAU,992,426591,ROYAL GOLDEN EAGLE,ALKIRA TRADING (MACAO COMMERCIAL OFFSHORE) LTD,MACAO,CHONGQING,CHINA (MAINLAND)
2016,470329,ROYAL GOLDEN EAGLE,APRIL,BUATAN,RIAU,1006,432434,ROYAL GOLDEN EAGLE,ALKIRA TRADING (MACAO COMMERCIAL OFFSHORE) LTD,MACAO,HUANGPU,CHINA (MAINLAND)
2016,470329,ROYAL GOLDEN EAGLE,APRIL,BUATAN,RIAU,502,215955,ROYAL GOLDEN EAGLE,AP ENTERPRISES (MACAO) COMMERCIAL OFFSHORE LTD,MACAO,CHITTAGONG,BANGLADESH
2016,470329,SINAR MAS,INDAH KIAT,PERAWANG,RIAU,500,238209,SINAR MAS,KING PAPER SOURCE TRADING (SHANGHAI) CO LTD,CHINA (MAINLAND),NINGBO,CHINA (MAINLAND)
2016,470329,SINAR MAS,INDAH KIAT,PERAWANG,RIAU,600,284700,SINAR MAS,KING PAPER SOURCE TRADING (SHANGHAI) CO LTD,CHINA (MAINLAND),DAGANG,CHINA (MAINLAND)
2016,470329,SINAR MAS,LONTAR PAPYRUS,KUALA TUNGKAL,JAMBI,441,204555,SINAR MAS,KING PAPER SOURCE TRADING (SHANGHAI) CO LTD,CHINA (MAINLAND),CHANGSHU,CHINA (MAINLAND)
2016,470329,SINAR MAS,LONTAR PAPYRUS,KUALA TUNGKAL,JAMBI,681,315826,SINAR MAS,KING PAPER SOURCE TRADING (SHANGHAI) CO LTD,CHINA (MAINLAND),CHANGSHU,CHINA (MAINLAND)
2016,470329,ROYAL GOLDEN EAGLE,APRIL,BUATAN,RIAU,60,25920,ROYAL GOLDEN EAGLE,APEL ENTERPRISES (SINGAPORE) PTE LTD,SINGAPORE,JAWAHARLAL NEHRU (NHAVA S,INDIA
2016,470329,SINAR MAS,LONTAR PAPYRUS,KUALA TUNGKAL,JAMBI,1000,475257,SINAR MAS,KING PAPER SOURCE TRADING (SHANGHAI) CO LTD,CHINA (MAINLAND),SHANGHAI,CHINA (MAINLAND)
2016,470329,MARUBENI,TANJUNG ENIM LESTARI,PANJANG,SUMATERA SELATAN,811,351991,MARUBENI,MARUBENI CORP,JAPAN,JAWAHARLAL NEHRU (NHAVA S,INDIA
2016,470329,ROYAL GOLDEN EAGLE,APRIL,BUATAN,RIAU,60,25963,ROYAL GOLDEN EAGLE,APEL ENTERPRISES (SINGAPORE) PTE LTD,SINGAPORE,NAGPUR,INDIA
2016,470329,ROYAL GOLDEN EAGLE,APRIL,BUATAN,RIAU,993,426935,ROYAL GOLDEN EAGLE,ALKIRA TRADING (MACAO COMMERCIAL OFFSHORE) LTD,MACAO,CHANGDE,CHINA (MAINLAND)
2016,470329,SINAR MAS,LONTAR PAPYRUS,KUALA TUNGKAL,JAMBI,800,369890,SINAR MAS,KING PAPER SOURCE TRADING (SHANGHAI) CO LTD,CHINA (MAINLAND),QINZHOU,CHINA (MAINLAND)
2016,470329,SINAR MAS,LONTAR PAPYRUS,KUALA TUNGKAL,JAMBI,1001,462685,SINAR MAS,KING PAPER SOURCE TRADING (SHANGHAI) CO LTD,CHINA (MAINLAND),QINZHOU,CHINA (MAINLAND)
2016,470329,SINAR MAS,LONTAR PAPYRUS,KUALA TUNGKAL,JAMBI,501,229738,SINAR MAS,KING PAPER SOURCE TRADING (SHANGHAI) CO LTD,CHINA (MAINLAND),DALIAN,CHINA (MAINLAND)
2016,470329,MARUBENI,TANJUNG ENIM LESTARI,TARAHAN,SUMATERA SELATAN,2998,1307259,MARUBENI,MARUBENI CORP,JAPAN,QINGDAO,CHINA (MAINLAND)
2016,470329,MARUBENI,TANJUNG ENIM LESTARI,TARAHAN,SUMATERA SELATAN,999,437449,MARUBENI,MARUBENI CORP,JAPAN,QINGDAO,CHINA (MAINLAND)
2016,470329,ROYAL GOLDEN EAGLE,APRIL,BUATAN,RIAU,503,216121,ROYAL GOLDEN EAGLE,APEL ENTERPRISES (SINGAPORE) PTE LTD,SINGAPORE,PUNE,INDIA
2016,470329,MARUBENI,TANJUNG ENIM LESTARI,TARAHAN,SUMATERA SELATAN,1501,660832,MARUBENI,MARUBENI CORP,JAPAN,QINGDAO,CHINA (MAINLAND)
2016,470329,MARUBENI,TANJUNG ENIM LESTARI,TARAHAN,SUMATERA SELATAN,1999,882361,MARUBENI,MARUBENI CORP,JAPAN,CHANGSHU,CHINA (MAINLAND)
2016,470329,MARUBENI,TANJUNG ENIM LESTARI,TARAHAN,SUMATERA SELATAN,3000,1308236,MARUBENI,MARUBENI CORP,JAPAN,QINGDAO,CHINA (MAINLAND)
2016,470329,SINAR MAS,INDAH KIAT,PERAWANG,RIAU,1000,478162,SINAR MAS,KING PAPER SOURCE TRADING (SHANGHAI) CO LTD,CHINA (MAINLAND),QINZHOU,CHINA (MAINLAND)
2016,470329,MARUBENI,TANJUNG ENIM LESTARI,PANJANG,SUMATERA SELATAN,196,87419,MARUBENI,MARUBENI CORP,JAPAN,XINGANG,CHINA (MAINLAND)
2016,470329,SINAR MAS,INDAH KIAT,SUNGAI PAKNING,RIAU,7300,3477355,SINAR MAS,KING PAPER SOURCE TRADING (SHANGHAI) CO LTD,CHINA (MAINLAND),DAGANG,CHINA (MAINLAND)
2016,470329,ROYAL GOLDEN EAGLE,APRIL,BUATAN,RIAU,80,34567,ROYAL GOLDEN EAGLE,AP ENTERPRISES (MACAO) COMMERCIAL OFFSHORE LTD,MACAO,CHITTAGONG,BANGLADESH
2016,470329,MARUBENI,TANJUNG ENIM LESTARI,PANJANG,SUMATERA SELATAN,196,87654,MARUBENI,MARUBENI CORP,JAPAN,SHANGHAI,CHINA (MAINLAND)
2016,470329,ROYAL GOLDEN EAGLE,APRIL,BUATAN,RIAU,201,86360,ROYAL GOLDEN EAGLE,ALKIRA TRADING (MACAO COMMERCIAL OFFSHORE) LTD,MACAO,PIRAEUS,GREECE
2016,470329,MARUBENI,TANJUNG ENIM LESTARI,PANJANG,SUMATERA SELATAN,197,87447,MARUBENI,MARUBENI CORP,JAPAN,HUANGPU NEW PORT,CHINA (MAINLAND)
2016,470329,ROYAL GOLDEN EAGLE,APRIL,BUATAN,RIAU,1205,518260,ROYAL GOLDEN EAGLE,ALKIRA TRADING (MACAO COMMERCIAL OFFSHORE) LTD,MACAO,NINGBO,CHINA (MAINLAND)
2016,470329,SINAR MAS,INDAH KIAT,PERAWANG,RIAU,1000,479694,SINAR MAS,KING PAPER SOURCE TRADING (SHANGHAI) CO LTD,CHINA (MAINLAND),DAGANG,CHINA (MAINLAND)
2016,470329,MARUBENI,TANJUNG ENIM LESTARI,PANJANG,SUMATERA SELATAN,110,49795,MARUBENI,MARUBENI CORP,JAPAN,NEW DELHI,INDIA
2016,470329,ROYAL GOLDEN EAGLE,APRIL,BUATAN,RIAU,101,43249,ROYAL GOLDEN EAGLE,AP ENTERPRISES (MACAO) COMMERCIAL OFFSHORE LTD,MACAO,CHITTAGONG,BANGLADESH
2016,470329,ROYAL GOLDEN EAGLE,APRIL,BUATAN,RIAU,1003,431407,ROYAL GOLDEN EAGLE,APRIL FAR EAST MALAYSIA SDN BHD,MALAYSIA,JIUJIANG,CHINA (MAINLAND)
2016,470329,ROYAL GOLDEN EAGLE,APRIL,BUATAN,RIAU,994,427242,ROYAL GOLDEN EAGLE,ALKIRA TRADING (MACAO COMMERCIAL OFFSHORE) LTD,MACAO,CHONGQING,CHINA (MAINLAND)
2016,470329,ROYAL GOLDEN EAGLE,APRIL,BUATAN,RIAU,1003,431163,ROYAL GOLDEN EAGLE,ALKIRA TRADING (MACAO COMMERCIAL OFFSHORE) LTD,MACAO,NINGBO,CHINA (MAINLAND)
2016,470329,MARUBENI,TANJUNG ENIM LESTARI,PANJANG,SUMATERA SELATAN,109,47514,MARUBENI,MARUBENI CORP,JAPAN,NAGPUR,INDIA
2016,470329,SINAR MAS,LONTAR PAPYRUS,KUALA TUNGKAL,JAMBI,501,229502,SINAR MAS,KING PAPER SOURCE TRADING (SHANGHAI) CO LTD,CHINA (MAINLAND),DALIAN,CHINA (MAINLAND)
2016,470329,SINAR MAS,LONTAR PAPYRUS,KUALA TUNGKAL,JAMBI,80,37909,SINAR MAS,KING PAPER SOURCE TRADING (SHANGHAI) CO LTD,CHINA (MAINLAND),SHANGHAI,CHINA (MAINLAND)
2016,470329,SINAR MAS,INDAH KIAT,PERAWANG,RIAU,1000,479694,SINAR MAS,KING PAPER SOURCE TRADING (SHANGHAI) CO LTD,CHINA (MAINLAND),DAGANG,CHINA (MAINLAND)
2016,470329,SINAR MAS,INDAH KIAT,SUNGAI PAKNING,RIAU,3000,1408050,HANKUK,HANKUK PAPER MFG CO LTD,SOUTH KOREA,ONSAN,SOUTH KOREA
2016,470329,SINAR MAS,LONTAR PAPYRUS,KUALA TUNGKAL,JAMBI,925,437908,SINAR MAS,KING PAPER SOURCE TRADING (SHANGHAI) CO LTD,CHINA (MAINLAND),SHANGHAI,CHINA (MAINLAND)
2016,470329,ROYAL GOLDEN EAGLE,APRIL,BUATAN,RIAU,1306,561386,ROYAL GOLDEN EAGLE,ALKIRA TRADING (MACAO COMMERCIAL OFFSHORE) LTD,MACAO,NINGBO,CHINA (MAINLAND)
2016,470329,ROYAL GOLDEN EAGLE,APRIL,BUATAN,RIAU,503,216136,ROYAL GOLDEN EAGLE,AP ENTERPRISES (MACAO) COMMERCIAL OFFSHORE LTD,MACAO,CHITTAGONG,BANGLADESH
2016,470329,SINAR MAS,LONTAR PAPYRUS,KUALA TUNGKAL,JAMBI,1001,489537,SINAR MAS,KING PAPER SOURCE TRADING (SHANGHAI) CO LTD,CHINA (MAINLAND),YANGPU,CHINA (MAINLAND)
2016,470329,ROYAL GOLDEN EAGLE,APRIL,BUATAN,RIAU,201,86403,ROYAL GOLDEN EAGLE,AP ENTERPRISES (MACAO) COMMERCIAL OFFSHORE LTD,MACAO,CHITTAGONG,BANGLADESH
2016,470329,ROYAL GOLDEN EAGLE,APRIL,BUATAN,RIAU,241,103756,ROYAL GOLDEN EAGLE,ALKIRA TRADING (MACAO COMMERCIAL OFFSHORE) LTD,MACAO,ALIAGA,TURKEY
2016,470329,ROYAL GOLDEN EAGLE,APRIL,BUATAN,RIAU,502,215969,ROYAL GOLDEN EAGLE,APEL ENTERPRISES (SINGAPORE) PTE LTD,SINGAPORE,TUTICORIN,INDIA
2016,470329,ROYAL GOLDEN EAGLE,APRIL,BUATAN,RIAU,987,424613,ROYAL GOLDEN EAGLE,ALKIRA TRADING (MACAO COMMERCIAL OFFSHORE) LTD,MACAO,CHANGDE,CHINA (MAINLAND)
2016,470329,ROYAL GOLDEN EAGLE,APRIL,BUATAN,RIAU,503,216136,ROYAL GOLDEN EAGLE,APEL ENTERPRISES (SINGAPORE) PTE LTD,SINGAPORE,TUTICORIN,INDIA
2016,470329,ROYAL GOLDEN EAGLE,APRIL,BUATAN,RIAU,502,216070,ROYAL GOLDEN EAGLE,AP ENTERPRISES (MACAO) COMMERCIAL OFFSHORE LTD,MACAO,CHITTAGONG,BANGLADESH
2016,470329,ROYAL GOLDEN EAGLE,APRIL,BUATAN,RIAU,993,427005,ROYAL GOLDEN EAGLE,ALKIRA TRADING (MACAO COMMERCIAL OFFSHORE) LTD,MACAO,CHONGQING,CHINA (MAINLAND)
2016,470329,SINAR MAS,LONTAR PAPYRUS,KUALA TUNGKAL,JAMBI,700,342191,SINAR MAS,KING PAPER SOURCE TRADING (SHANGHAI) CO LTD,CHINA (MAINLAND),YANGPU,CHINA (MAINLAND)
2016,470329,SINAR MAS,LONTAR PAPYRUS,KUALA TUNGKAL,JAMBI,1001,492042,SINAR MAS,KING PAPER SOURCE TRADING (SHANGHAI) CO LTD,CHINA (MAINLAND),YANGPU,CHINA (MAINLAND)
2016,470329,ROYAL GOLDEN EAGLE,APRIL,BUATAN,RIAU,992,426610,ROYAL GOLDEN EAGLE,ALKIRA TRADING (MACAO COMMERCIAL OFFSHORE) LTD,MACAO,CHONGQING,CHINA (MAINLAND)
2016,470329,SINAR MAS,LONTAR PAPYRUS,KUALA TUNGKAL,JAMBI,700,324854,SINAR MAS,KING PAPER SOURCE TRADING (SHANGHAI) CO LTD,CHINA (MAINLAND),CHANGSHU,CHINA (MAINLAND)
2016,470329,SINAR MAS,LONTAR PAPYRUS,KUALA TUNGKAL,JAMBI,500,234103,SINAR MAS,KING PAPER SOURCE TRADING (SHANGHAI) CO LTD,CHINA (MAINLAND),DALIAN,CHINA (MAINLAND)
2016,470329,SINAR MAS,LONTAR PAPYRUS,KUALA TUNGKAL,JAMBI,463,214313,SINAR MAS,KING PAPER SOURCE TRADING (SHANGHAI) CO LTD,CHINA (MAINLAND),DALIAN,CHINA (MAINLAND)
2016,470329,ROYAL GOLDEN EAGLE,APRIL,BUATAN,RIAU,993,427064,ROYAL GOLDEN EAGLE,ALKIRA TRADING (MACAO COMMERCIAL OFFSHORE) LTD,MACAO,CHANGDE,CHINA (MAINLAND)
2016,470329,ROYAL GOLDEN EAGLE,APRIL,BUATAN,RIAU,776,333483,ROYAL GOLDEN EAGLE,APEL ENTERPRISES (SINGAPORE) PTE LTD,SINGAPORE,SHUAIBA,KUWAIT
2016,470329,SINAR MAS,INDAH KIAT,PERAWANG,RIAU,1000,472911,SINAR MAS,KING PAPER SOURCE TRADING (SHANGHAI) CO LTD,CHINA (MAINLAND),CHANGSHU,CHINA (MAINLAND)
2016,470329,ROYAL GOLDEN EAGLE,APRIL,BUATAN,RIAU,201,86423,ROYAL GOLDEN EAGLE,AP ENTERPRISES (MACAO) COMMERCIAL OFFSHORE LTD,MACAO,CHITTAGONG,BANGLADESH
2016,470329,SINAR MAS,INDAH KIAT,PERAWANG,RIAU,980,468783,SINAR MAS,KING PAPER SOURCE TRADING (SHANGHAI) CO LTD,CHINA (MAINLAND),DAGANG,CHINA (MAINLAND)
2016,470329,SINAR MAS,INDAH KIAT,PERAWANG,RIAU,1000,472911,SINAR MAS,KING PAPER SOURCE TRADING (SHANGHAI) CO LTD,CHINA (MAINLAND),CHANGSHU,CHINA (MAINLAND)
2016,470329,SINAR MAS,INDAH KIAT,PERAWANG,RIAU,400,191340,SINAR MAS,KING PAPER SOURCE TRADING (SHANGHAI) CO LTD,CHINA (MAINLAND),DAGANG,CHINA (MAINLAND)
2016,470329,ROYAL GOLDEN EAGLE,APRIL,BUATAN,RIAU,1000,429940,ROYAL GOLDEN EAGLE,ALKIRA TRADING (MACAO COMMERCIAL OFFSHORE) LTD,MACAO,YUNFU,CHINA (MAINLAND)
2016,470329,ROYAL GOLDEN EAGLE,APRIL,BUATAN,RIAU,300,129138,ROYAL GOLDEN EAGLE,APEL ENTERPRISES (SINGAPORE) PTE LTD,SINGAPORE,ABU DHABI,UNITED ARAB EMIRATES
2016,470329,ROYAL GOLDEN EAGLE,APRIL,BUATAN,RIAU,201,86268,ROYAL GOLDEN EAGLE,ALKIRA TRADING (MACAO COMMERCIAL OFFSHORE) LTD,MACAO,PIRAEUS,GREECE
2016,470329,ROYAL GOLDEN EAGLE,APRIL,BUATAN,RIAU,261,112414,ROYAL GOLDEN EAGLE,APEL ENTERPRISES (SINGAPORE) PTE LTD,SINGAPORE,BANGKOK,THAILAND
2016,470329,ROYAL GOLDEN EAGLE,APRIL,BUATAN,RIAU,241,103730,ROYAL GOLDEN EAGLE,APEL ENTERPRISES (SINGAPORE) PTE LTD,SINGAPORE,BANGKOK,THAILAND
2016,470329,ROYAL GOLDEN EAGLE,APRIL,FUTONG,RIAU,5021,2158839,ROYAL GOLDEN EAGLE,ALKIRA TRADING (MACAO COMMERCIAL OFFSHORE) LTD,MACAO,XINHUI,CHINA (MAINLAND)
2016,470329,ROYAL GOLDEN EAGLE,APRIL,FUTONG,RIAU,2512,1080069,ROYAL GOLDEN EAGLE,APEL ENTERPRISES (SINGAPORE) PTE LTD,SINGAPORE,PYONGTAEK,SOUTH KOREA
2016,470329,ROYAL GOLDEN EAGLE,APRIL,FUTONG,RIAU,3013,1295698,ROYAL GOLDEN EAGLE,AP ENTERPRISES (MACAO) COMMERCIAL OFFSHORE LTD,MACAO,ONSAN,SOUTH KOREA
2016,470329,ROYAL GOLDEN EAGLE,APRIL,FUTONG,RIAU,1507,647817,ROYAL GOLDEN EAGLE,AP ENTERPRISES (MACAO) COMMERCIAL OFFSHORE LTD,MACAO,PYONGTAEK,SOUTH KOREA
2016,470329,ROYAL GOLDEN EAGLE,APRIL,FUTONG,RIAU,2009,863806,ROYAL GOLDEN EAGLE,AP ENTERPRISES (MACAO) COMMERCIAL OFFSHORE LTD,MACAO,GUNSAN (ES KUNSAN),SOUTH KOREA
2016,470329,ROYAL GOLDEN EAGLE,APRIL,BUATAN,RIAU,1001,430398,ROYAL GOLDEN EAGLE,ALKIRA TRADING (MACAO COMMERCIAL OFFSHORE) LTD,MACAO,XINHUI,CHINA (MAINLAND)
2016,470329,ROYAL GOLDEN EAGLE,APRIL,BUATAN,RIAU,596,232634,ROYAL GOLDEN EAGLE,APEL ENTERPRISES (SINGAPORE) PTE LTD,SINGAPORE,RIYADH,SAUDI ARABIA
2016,470329,ROYAL GOLDEN EAGLE,APRIL,FUTONG,RIAU,3016,1296785,ROYAL GOLDEN EAGLE,AP ENTERPRISES (MACAO) COMMERCIAL OFFSHORE LTD,MACAO,GUNSAN (ES KUNSAN),SOUTH KOREA
2016,470329,ROYAL GOLDEN EAGLE,APRIL,BUATAN,RIAU,221,95021,ROYAL GOLDEN EAGLE,APEL ENTERPRISES (SINGAPORE) PTE LTD,SINGAPORE,ABU DHABI,UNITED ARAB EMIRATES
2016,470329,ROYAL GOLDEN EAGLE,APRIL,FUTONG,RIAU,502,216048,ROYAL GOLDEN EAGLE,AP ENTERPRISES (MACAO) COMMERCIAL OFFSHORE LTD,MACAO,PYONGTAEK,SOUTH KOREA
2016,470329,ROYAL GOLDEN EAGLE,APRIL,BUATAN,RIAU,257,110708,ROYAL GOLDEN EAGLE,APEL ENTERPRISES (SINGAPORE) PTE LTD,SINGAPORE,BANDAR ABBAS,IRAN
2016,470329,ROYAL GOLDEN EAGLE,APRIL,FUTONG,RIAU,402,172785,ROYAL GOLDEN EAGLE,AP ENTERPRISES (MACAO) COMMERCIAL OFFSHORE LTD,MACAO,GUNSAN (ES KUNSAN),SOUTH KOREA
2016,470329,ROYAL GOLDEN EAGLE,APRIL,FUTONG,RIAU,5326,2290027,ROYAL GOLDEN EAGLE,AP ENTERPRISES (MACAO) COMMERCIAL OFFSHORE LTD,MACAO,PYONGTAEK,SOUTH KOREA
2016,470329,ROYAL GOLDEN EAGLE,APRIL,BUATAN,RIAU,1002,430863,ROYAL GOLDEN EAGLE,ALKIRA TRADING (MACAO COMMERCIAL OFFSHORE) LTD,MACAO,CHONGQING,CHINA (MAINLAND)
2016,470329,ROYAL GOLDEN EAGLE,APRIL,BUATAN,RIAU,96,41427,ROYAL GOLDEN EAGLE,ALKIRA TRADING (MACAO COMMERCIAL OFFSHORE) LTD,MACAO,TAOYUAN,TAIWAN
2016,470329,ROYAL GOLDEN EAGLE,APRIL,BUATAN,RIAU,98,42318,ROYAL GOLDEN EAGLE,APEL ENTERPRISES (SINGAPORE) PTE LTD,SINGAPORE,BANDAR ABBAS,IRAN
2016,470329,ROYAL GOLDEN EAGLE,APRIL,BUATAN,RIAU,60,25908,ROYAL GOLDEN EAGLE,APEL ENTERPRISES (SINGAPORE) PTE LTD,SINGAPORE,CHENNAI (EX MADRAS),INDIA
2016,470329,ROYAL GOLDEN EAGLE,APRIL,BUATAN,RIAU,258,110725,ROYAL GOLDEN EAGLE,APEL ENTERPRISES (SINGAPORE) PTE LTD,SINGAPORE,BANDAR ABBAS,IRAN
2016,470329,SINAR MAS,INDAH KIAT,PERAWANG,RIAU,1000,478162,SINAR MAS,KING PAPER SOURCE TRADING (SHANGHAI) CO LTD,CHINA (MAINLAND),QINZHOU,CHINA (MAINLAND)
2016,470329,MARUBENI,TANJUNG ENIM LESTARI,PANJANG,SUMATERA SELATAN,110,49920,MARUBENI,MARUBENI CORP,JAPAN,MUNDRA,INDIA
2016,470329,ROYAL GOLDEN EAGLE,APRIL,BUATAN,RIAU,261,112318,ROYAL GOLDEN EAGLE,APEL ENTERPRISES (SINGAPORE) PTE LTD,SINGAPORE,JAWAHARLAL NEHRU (NHAVA S,INDIA
2016,470329,SINAR MAS,INDAH KIAT,PERAWANG,RIAU,1000,477062,SINAR MAS,KING PAPER SOURCE TRADING (SHANGHAI) CO LTD,CHINA (MAINLAND),CHANGSHU,CHINA (MAINLAND)
2016,470329,SINAR MAS,INDAH KIAT,PERAWANG,RIAU,400,191877,SINAR MAS,KING PAPER SOURCE TRADING (SHANGHAI) CO LTD,CHINA (MAINLAND),DAGANG,CHINA (MAINLAND)
2016,470329,MARUBENI,TANJUNG ENIM LESTARI,PANJANG,SUMATERA SELATAN,197,86144,CELLMARK,CELLMARK ASIA PTE LTD,SINGAPORE,JEDDAH,SAUDI ARABIA
2016,470329,ROYAL GOLDEN EAGLE,APRIL,BUATAN,RIAU,502,216041,ROYAL GOLDEN EAGLE,AP ENTERPRISES (MACAO) COMMERCIAL OFFSHORE LTD,MACAO,CHITTAGONG,BANGLADESH
2016,470329,MARUBENI,TANJUNG ENIM LESTARI,PANJANG,SUMATERA SELATAN,197,85453,MARUBENI,MARUBENI CORP,JAPAN,LUDHIANA,INDIA
2016,470329,ROYAL GOLDEN EAGLE,APRIL,BUATAN,RIAU,80,34532,ROYAL GOLDEN EAGLE,ALKIRA TRADING (MACAO COMMERCIAL OFFSHORE) LTD,MACAO,LIVORNO,ITALY
2016,470329,ROYAL GOLDEN EAGLE,APRIL,BUATAN,RIAU,201,86416,ROYAL GOLDEN EAGLE,ALKIRA TRADING (MACAO COMMERCIAL OFFSHORE) LTD,MACAO,PIRAEUS,GREECE
2016,470329,ROYAL GOLDEN EAGLE,APRIL,BUATAN,RIAU,503,216093,ROYAL GOLDEN EAGLE,AP ENTERPRISES (MACAO) COMMERCIAL OFFSHORE LTD,MACAO,CHITTAGONG,BANGLADESH
2016,470329,SINAR MAS,INDAH KIAT,PERAWANG,RIAU,1100,527588,SINAR MAS,KING PAPER SOURCE TRADING (SHANGHAI) CO LTD,CHINA (MAINLAND),DAGANG,CHINA (MAINLAND)
2016,470329,SINAR MAS,LONTAR PAPYRUS,KUALA TUNGKAL,JAMBI,500,242734,CREATIVE,CREATIVE PAPER MILLS LTD,BANGLADESH,CHITTAGONG,BANGLADESH
2016,470329,SINAR MAS,LONTAR PAPYRUS,KUALA TUNGKAL,JAMBI,4003,1854856,SINAR MAS,KING PAPER SOURCE TRADING (SHANGHAI) CO LTD,CHINA (MAINLAND),NINGBO,CHINA (MAINLAND)
2016,470329,ROYAL GOLDEN EAGLE,APRIL,BUATAN,RIAU,502,215985,ROYAL GOLDEN EAGLE,AP ENTERPRISES (MACAO) COMMERCIAL OFFSHORE LTD,MACAO,CHITTAGONG,BANGLADESH
2016,470329,ROYAL GOLDEN EAGLE,APRIL,BUATAN,RIAU,502,215864,ROYAL GOLDEN EAGLE,AP ENTERPRISES (MACAO) COMMERCIAL OFFSHORE LTD,MACAO,CHITTAGONG,BANGLADESH
2016,470329,ROYAL GOLDEN EAGLE,APRIL,BUATAN,RIAU,201,86402,ROYAL GOLDEN EAGLE,AP ENTERPRISES (MACAO) COMMERCIAL OFFSHORE LTD,MACAO,CHITTAGONG,BANGLADESH
2016,470329,SINAR MAS,LONTAR PAPYRUS,KUALA TUNGKAL,JAMBI,4005,1855756,SINAR MAS,KING PAPER SOURCE TRADING (SHANGHAI) CO LTD,CHINA (MAINLAND),NINGBO,CHINA (MAINLAND)
2016,470329,SINAR MAS,LONTAR PAPYRUS,KUALA TUNGKAL,JAMBI,2003,927973,SINAR MAS,KING PAPER SOURCE TRADING (SHANGHAI) CO LTD,CHINA (MAINLAND),NINGBO,CHINA (MAINLAND)
2016,470329,SINAR MAS,LONTAR PAPYRUS,KUALA TUNGKAL,JAMBI,1005,465564,SINAR MAS,KING PAPER SOURCE TRADING (SHANGHAI) CO LTD,CHINA (MAINLAND),NINGBO,CHINA (MAINLAND)
2016,470329,SINAR MAS,INDAH KIAT,PERAWANG,RIAU,800,381650,SINAR MAS,KING PAPER SOURCE TRADING (SHANGHAI) CO LTD,CHINA (MAINLAND),CHANGSHU,CHINA (MAINLAND)
2016,470329,SINAR MAS,LONTAR PAPYRUS,KUALA TUNGKAL,JAMBI,1001,473715,SINAR MAS,KING PAPER SOURCE TRADING (SHANGHAI) CO LTD,CHINA (MAINLAND),SHANGHAI,CHINA (MAINLAND)
2016,470329,SINAR MAS,LONTAR PAPYRUS,KUALA TUNGKAL,JAMBI,595,281612,SINAR MAS,KING PAPER SOURCE TRADING (SHANGHAI) CO LTD,CHINA (MAINLAND),SHANGHAI,CHINA (MAINLAND)
2016,470329,ROYAL GOLDEN EAGLE,APRIL,BUATAN,RIAU,1004,431635,ROYAL GOLDEN EAGLE,ALKIRA TRADING (MACAO COMMERCIAL OFFSHORE) LTD,MACAO,CHONGQING,CHINA (MAINLAND)
2016,470329,SINAR MAS,INDAH KIAT,PERAWANG,RIAU,1480,703884,SINAR MAS,KING PAPER SOURCE TRADING (SHANGHAI) CO LTD,CHINA (MAINLAND),CHANGSHU,CHINA (MAINLAND)
2016,470329,ROYAL GOLDEN EAGLE,APRIL,BUATAN,RIAU,502,216009,ROYAL GOLDEN EAGLE,AP ENTERPRISES (MACAO) COMMERCIAL OFFSHORE LTD,MACAO,CHITTAGONG,BANGLADESH
2016,470329,ROYAL GOLDEN EAGLE,APRIL,BUATAN,RIAU,301,129396,ROYAL GOLDEN EAGLE,AP ENTERPRISES (MACAO) COMMERCIAL OFFSHORE LTD,MACAO,CHITTAGONG,BANGLADESH
2016,470329,ROYAL GOLDEN EAGLE,APRIL,FUTONG,RIAU,4872,2095137,ROYAL GOLDEN EAGLE,ALKIRA TRADING (MACAO COMMERCIAL OFFSHORE) LTD,MACAO,XINHUI,CHINA (MAINLAND)
2016,470329,ROYAL GOLDEN EAGLE,APRIL,FUTONG,RIAU,3116,1339918,ROYAL GOLDEN EAGLE,ALKIRA TRADING (MACAO COMMERCIAL OFFSHORE) LTD,MACAO,ZHANJIANG,CHINA (MAINLAND)
2016,470329,ROYAL GOLDEN EAGLE,APRIL,BUATAN,RIAU,100,43141,ROYAL GOLDEN EAGLE,AP ENTERPRISES (MACAO) COMMERCIAL OFFSHORE LTD,MACAO,CHITTAGONG,BANGLADESH
2016,470329,ROYAL GOLDEN EAGLE,APRIL,BUATAN,RIAU,1004,431583,ROYAL GOLDEN EAGLE,ALKIRA TRADING (MACAO COMMERCIAL OFFSHORE) LTD,MACAO,ZHAPU,CHINA (MAINLAND)
2016,470329,SINAR MAS,INDAH KIAT,SUNGAI PAKNING,RIAU,1000,476000,SINAR MAS,KING PAPER SOURCE TRADING (SHANGHAI) CO LTD,CHINA (MAINLAND),DAGANG,CHINA (MAINLAND)
2016,470329,ROYAL GOLDEN EAGLE,APRIL,BUATAN,RIAU,503,216089,ROYAL GOLDEN EAGLE,AP ENTERPRISES (MACAO) COMMERCIAL OFFSHORE LTD,MACAO,CHITTAGONG,BANGLADESH
2016,470329,MARUBENI,TANJUNG ENIM LESTARI,TARAHAN,SUMATERA SELATAN,850,389118,MARUBENI,MARUBENI CORP,JAPAN,TAGONOURA,JAPAN
2016,470329,MARUBENI,TANJUNG ENIM LESTARI,TARAHAN,SUMATERA SELATAN,874,389643,MARUBENI,MARUBENI CORP,JAPAN,TAICHUNG,TAIWAN
2016,470329,MARUBENI,TANJUNG ENIM LESTARI,TARAHAN,SUMATERA SELATAN,486,223859,MARUBENI,MARUBENI CORP,JAPAN,SHANGHAI,CHINA (MAINLAND)
2016,470329,MARUBENI,TANJUNG ENIM LESTARI,TARAHAN,SUMATERA SELATAN,499,220174,MARUBENI,MARUBENI CORP,JAPAN,SHANGHAI,CHINA (MAINLAND)
2016,470329,ROYAL GOLDEN EAGLE,APRIL,BUATAN,RIAU,502,215943,ROYAL GOLDEN EAGLE,AP ENTERPRISES (MACAO) COMMERCIAL OFFSHORE LTD,MACAO,CHITTAGONG,BANGLADESH
2016,470329,MARUBENI,TANJUNG ENIM LESTARI,TARAHAN,SUMATERA SELATAN,1299,569583,MARUBENI,MARUBENI CORP,JAPAN,IYOMISHIMA,JAPAN
2016,470329,MARUBENI,TANJUNG ENIM LESTARI,TARAHAN,SUMATERA SELATAN,201,91817,MARUBENI,MARUBENI CORP,JAPAN,TAGONOURA,JAPAN
2016,470329,MARUBENI,TANJUNG ENIM LESTARI,TARAHAN,SUMATERA SELATAN,400,183147,MARUBENI,MARUBENI CORP,JAPAN,TAGONOURA,JAPAN
2016,470329,ROYAL GOLDEN EAGLE,APRIL,BUATAN,RIAU,643,276349,ROYAL GOLDEN EAGLE,ALKIRA TRADING (MACAO COMMERCIAL OFFSHORE) LTD,MACAO,XINHUI,CHINA (MAINLAND)
2016,470329,MARUBENI,TANJUNG ENIM LESTARI,TARAHAN,SUMATERA SELATAN,250,114296,MARUBENI,MARUBENI CORP,JAPAN,TAGONOURA,JAPAN
2016,470329,SINAR MAS,INDAH KIAT,SUNGAI PAKNING,RIAU,6000,2856000,SINAR MAS,KING PAPER SOURCE TRADING (SHANGHAI) CO LTD,CHINA (MAINLAND),DAGANG,CHINA (MAINLAND)
2016,470329,MARUBENI,TANJUNG ENIM LESTARI,TARAHAN,SUMATERA SELATAN,1942,864065,MARUBENI,MARUBENI CORP,JAPAN,ONSAN,SOUTH KOREA
2016,470329,MARUBENI,TANJUNG ENIM LESTARI,TARAHAN,SUMATERA SELATAN,700,307089,MARUBENI,MARUBENI CORP,JAPAN,TAGONOURA,JAPAN
2016,470329,MARUBENI,TANJUNG ENIM LESTARI,TARAHAN,SUMATERA SELATAN,485,223475,MARUBENI,MARUBENI CORP,JAPAN,SHANGHAI,CHINA (MAINLAND)
2016,470329,MARUBENI,TANJUNG ENIM LESTARI,TARAHAN,SUMATERA SELATAN,971,423516,MARUBENI,MARUBENI CORP,JAPAN,SHANGHAI,CHINA (MAINLAND)
2016,470329,MARUBENI,TANJUNG ENIM LESTARI,TARAHAN,SUMATERA SELATAN,1000,446985,MARUBENI,MARUBENI CORP,JAPAN,TAICHUNG,TAIWAN
2016,470329,MARUBENI,TANJUNG ENIM LESTARI,TARAHAN,SUMATERA SELATAN,30,13630,MARUBENI,MARUBENI CORP,JAPAN,TAGONOURA,JAPAN
2016,470329,MARUBENI,TANJUNG ENIM LESTARI,TARAHAN,SUMATERA SELATAN,60,29929,MARUBENI,MARUBENI CORP,JAPAN,TAGONOURA,JAPAN
2016,470329,ROYAL GOLDEN EAGLE,APRIL,BUATAN,RIAU,1005,431987,ROYAL GOLDEN EAGLE,ALKIRA TRADING (MACAO COMMERCIAL OFFSHORE) LTD,MACAO,NINGBO,CHINA (MAINLAND)
2016,470329,MARUBENI,TANJUNG ENIM LESTARI,TARAHAN,SUMATERA SELATAN,100,44740,MARUBENI,MARUBENI CORP,JAPAN,TAICHUNG,TAIWAN
2016,470329,MARUBENI,TANJUNG ENIM LESTARI,TANJUNG PRIOK,SUMATERA SELATAN,960,422253,MARUBENI,MARUBENI CORP,JAPAN,XINHUI,CHINA (MAINLAND)
2016,470329,SINAR MAS,LONTAR PAPYRUS,KUALA TUNGKAL,JAMBI,1001,473489,SINAR MAS,KING PAPER SOURCE TRADING (SHANGHAI) CO LTD,CHINA (MAINLAND),SHANGHAI,CHINA (MAINLAND)
2016,470329,SINAR MAS,INDAH KIAT,PERAWANG,RIAU,1000,487581,SINAR MAS,KING PAPER SOURCE TRADING (SHANGHAI) CO LTD,CHINA (MAINLAND),YANGPU,CHINA (MAINLAND)
2016,470329,ROYAL GOLDEN EAGLE,APRIL,BUATAN,RIAU,301,129534,ROYAL GOLDEN EAGLE,APEL ENTERPRISES (SINGAPORE) PTE LTD,SINGAPORE,ABU DHABI,UNITED ARAB EMIRATES
2016,470329,SINAR MAS,INDAH KIAT,PERAWANG,RIAU,1000,472911,SINAR MAS,KING PAPER SOURCE TRADING (SHANGHAI) CO LTD,CHINA (MAINLAND),CHANGSHU,CHINA (MAINLAND)
2016,470329,ROYAL GOLDEN EAGLE,APRIL,BUATAN,RIAU,100,43197,ROYAL GOLDEN EAGLE,APEL ENTERPRISES (SINGAPORE) PTE LTD,SINGAPORE,NAGPUR,INDIA
2016,470329,SINAR MAS,INDAH KIAT,SUNGAI PAKNING,RIAU,4100,1959185,SINAR MAS,KING PAPER SOURCE TRADING (SHANGHAI) CO LTD,CHINA (MAINLAND),DAGANG,CHINA (MAINLAND)
2016,470329,SINAR MAS,LONTAR PAPYRUS,KUALA TUNGKAL,JAMBI,500,235547,ITTIHAD PAPER MILL,CROWN PAPER MILLS LTD,UNITED ARAB EMIRATES,ABU DHABI,UNITED ARAB EMIRATES
2016,470329,ROYAL GOLDEN EAGLE,APRIL,BUATAN,RIAU,201,86319,ROYAL GOLDEN EAGLE,APEL ENTERPRISES (SINGAPORE) PTE LTD,SINGAPORE,REWARI,INDIA
2016,470329,ROYAL GOLDEN EAGLE,APRIL,BUATAN,RIAU,502,216007,ROYAL GOLDEN EAGLE,APEL ENTERPRISES (SINGAPORE) PTE LTD,SINGAPORE,AD DAMMAM,SAUDI ARABIA
2016,470329,SINAR MAS,INDAH KIAT,PERAWANG,RIAU,1000,493225,SINAR MAS,KING PAPER SOURCE TRADING (SHANGHAI) CO LTD,CHINA (MAINLAND),YANGPU,CHINA (MAINLAND)
2016,470329,ROYAL GOLDEN EAGLE,APRIL,BUATAN,RIAU,483,207492,ROYAL GOLDEN EAGLE,APEL ENTERPRISES (SINGAPORE) PTE LTD,SINGAPORE,PUNE,INDIA
2016,470329,SINAR MAS,LONTAR PAPYRUS,KUALA TUNGKAL,JAMBI,16,7684,UNKNOWN AFFILIATION,WAH NOBEL CHEMICALS LTD,PAKISTAN,KARACHI,PAKISTAN
2016,470329,ROYAL GOLDEN EAGLE,APRIL,BUATAN,RIAU,502,216031,ROYAL GOLDEN EAGLE,APEL ENTERPRISES (SINGAPORE) PTE LTD,SINGAPORE,AD DAMMAM,SAUDI ARABIA
2016,470329,ROYAL GOLDEN EAGLE,APRIL,BUATAN,RIAU,502,215950,ROYAL GOLDEN EAGLE,APEL ENTERPRISES (SINGAPORE) PTE LTD,SINGAPORE,LUDHIANA,INDIA
2016,470329,ROYAL GOLDEN EAGLE,APRIL,BUATAN,RIAU,502,215665,ROYAL GOLDEN EAGLE,APEL ENTERPRISES (SINGAPORE) PTE LTD,SINGAPORE,LUDHIANA,INDIA
2016,470329,ROYAL GOLDEN EAGLE,APRIL,BUATAN,RIAU,502,216009,ROYAL GOLDEN EAGLE,APEL ENTERPRISES (SINGAPORE) PTE LTD,SINGAPORE,HALDIA,INDIA
2016,470329,ROYAL GOLDEN EAGLE,APRIL,BUATAN,RIAU,60,25916,ROYAL GOLDEN EAGLE,APEL ENTERPRISES (SINGAPORE) PTE LTD,SINGAPORE,CHENNAI (EX MADRAS),INDIA
2016,470329,SINAR MAS,LONTAR PAPYRUS,KUALA TUNGKAL,JAMBI,861,408618,SINAR MAS,KING PAPER SOURCE TRADING (SHANGHAI) CO LTD,CHINA (MAINLAND),SHANGHAI,CHINA (MAINLAND)
2016,470329,SINAR MAS,INDAH KIAT,PERAWANG,RIAU,500,245662,SINAR MAS,TAMIL NADU NEWSPRINT AND PAPERS LTD,INDIA,TUTICORIN,INDIA
2016,470329,SINAR MAS,LONTAR PAPYRUS,KUALA TUNGKAL,JAMBI,1180,560508,SINAR MAS,KING PAPER SOURCE TRADING (SHANGHAI) CO LTD,CHINA (MAINLAND),SHANGHAI,CHINA (MAINLAND)
2016,470329,SINAR MAS,INDAH KIAT,PERAWANG,RIAU,300,150180,LAKSON,CENTURY PAPER AND BOARD MILLS LTD,PAKISTAN,KARACHI,PAKISTAN
2016,470329,MARUBENI,TANJUNG ENIM LESTARI,TANJUNG PRIOK,SUMATERA SELATAN,480,209228,MARUBENI,MARUBENI CORP,JAPAN,WUHAN,CHINA (MAINLAND)
2016,470329,SINAR MAS,LONTAR PAPYRUS,KUALA TUNGKAL,JAMBI,500,239676,UNKNOWN AFFILIATION,KUANTUM PAPERS LTD,INDIA,LUDHIANA,INDIA
2016,470329,ROYAL GOLDEN EAGLE,APRIL,FUTONG,RIAU,7994,3437490,ROYAL GOLDEN EAGLE,ALKIRA TRADING (MACAO COMMERCIAL OFFSHORE) LTD,MACAO,CHANGSHU,CHINA (MAINLAND)
2016,470329,MARUBENI,TANJUNG ENIM LESTARI,TANJUNG PRIOK,SUMATERA SELATAN,960,418351,MARUBENI,MARUBENI CORP,JAPAN,WUHAN,CHINA (MAINLAND)
2016,470329,SINAR MAS,INDAH KIAT,PERAWANG,RIAU,1000,501330,EMAMI,EMAMI PAPER MILLS LTD,INDIA,HALDIA,INDIA
2016,470329,SINAR MAS,INDAH KIAT,PERAWANG,RIAU,340,164061,UNKNOWN AFFILIATION,KHANNA PAPER MILLS LTD,INDIA,LUDHIANA,INDIA
2016,470329,SINAR MAS,INDAH KIAT,PERAWANG,RIAU,200,93540,SINAR MAS,KING PAPER SOURCE TRADING (SHANGHAI) CO LTD,CHINA (MAINLAND),CHANGSHU,CHINA (MAINLAND)
2016,470329,SINAR MAS,LONTAR PAPYRUS,KUALA TUNGKAL,JAMBI,500,242378,CREATIVE,CREATIVE PAPER MILLS LTD,BANGLADESH,CHITTAGONG,BANGLADESH
2016,470329,SINAR MAS,INDAH KIAT,PERAWANG,RIAU,300,143824,IMEXCO BACGIANG,BAC GIANG IMPORT EXPORT JOINT STOCK CO,VIETNAM,HAIPHONG,VIETNAM
2016,470329,ROYAL GOLDEN EAGLE,APRIL,FUTONG,RIAU,1987,854245,ROYAL GOLDEN EAGLE,ALKIRA TRADING (MACAO COMMERCIAL OFFSHORE) LTD,MACAO,XIAMEN,CHINA (MAINLAND)
2016,470329,SINAR MAS,INDAH KIAT,PERAWANG,RIAU,200,101820,SAIGON,SAIGON PAPER CORP,VIETNAM,CAT LAI,VIETNAM
2016,470329,SINAR MAS,INDAH KIAT,SUNGAI PAKNING,RIAU,2000,955700,SINAR MAS,KING PAPER SOURCE TRADING (SHANGHAI) CO LTD,CHINA (MAINLAND),DAGANG,CHINA (MAINLAND)
2016,470329,MARUBENI,TANJUNG ENIM LESTARI,PANJANG,SUMATERA SELATAN,965,414183,MARUBENI,MARUBENI CORP,JAPAN,YINGKOU,CHINA (MAINLAND)
2016,470329,MARUBENI,TANJUNG ENIM LESTARI,PANJANG,SUMATERA SELATAN,496,211947,CELLMARK,CELLMARK ASIA PTE LTD,SINGAPORE,CHITTAGONG,BANGLADESH
2016,470329,ROYAL GOLDEN EAGLE,APRIL,BUATAN,RIAU,503,216215,ROYAL GOLDEN EAGLE,AP ENTERPRISES (MACAO) COMMERCIAL OFFSHORE LTD,MACAO,CHITTAGONG,BANGLADESH
2016,470329,ROYAL GOLDEN EAGLE,APRIL,BUATAN,RIAU,502,216053,ROYAL GOLDEN EAGLE,AP ENTERPRISES (MACAO) COMMERCIAL OFFSHORE LTD,MACAO,CHITTAGONG,BANGLADESH
2016,470329,ROYAL GOLDEN EAGLE,APRIL,BUATAN,RIAU,502,215998,ROYAL GOLDEN EAGLE,APEL ENTERPRISES (SINGAPORE) PTE LTD,SINGAPORE,AD DAMMAM,SAUDI ARABIA
2016,470329,SINAR MAS,INDAH KIAT,SUNGAI PAKNING,RIAU,2200,1051270,SINAR MAS,KING PAPER SOURCE TRADING (SHANGHAI) CO LTD,CHINA (MAINLAND),DAGANG,CHINA (MAINLAND)
2016,470329,MARUBENI,TANJUNG ENIM LESTARI,PANJANG,SUMATERA SELATAN,494,211026,CELLMARK,CELLMARK ASIA PTE LTD,SINGAPORE,CHITTAGONG,BANGLADESH
2016,470329,ROYAL GOLDEN EAGLE,APRIL,BUATAN,RIAU,502,215929,ROYAL GOLDEN EAGLE,APEL ENTERPRISES (SINGAPORE) PTE LTD,SINGAPORE,AD DAMMAM,SAUDI ARABIA
2016,470329,ROYAL GOLDEN EAGLE,APRIL,BUATAN,RIAU,502,215993,ROYAL GOLDEN EAGLE,AP ENTERPRISES (MACAO) COMMERCIAL OFFSHORE LTD,MACAO,CHITTAGONG,BANGLADESH
2016,470329,ROYAL GOLDEN EAGLE,APRIL,BUATAN,RIAU,502,215992,ROYAL GOLDEN EAGLE,AP ENTERPRISES (MACAO) COMMERCIAL OFFSHORE LTD,MACAO,CHITTAGONG,BANGLADESH
2016,470329,ROYAL GOLDEN EAGLE,APRIL,BUATAN,RIAU,100,43119,ROYAL GOLDEN EAGLE,APEL ENTERPRISES (SINGAPORE) PTE LTD,SINGAPORE,NAGPUR,INDIA
2016,470329,ROYAL GOLDEN EAGLE,APRIL,BUATAN,RIAU,502,215847,ROYAL GOLDEN EAGLE,AP ENTERPRISES (MACAO) COMMERCIAL OFFSHORE LTD,MACAO,CHITTAGONG,BANGLADESH
2016,470329,ROYAL GOLDEN EAGLE,APRIL,BUATAN,RIAU,503,216192,ROYAL GOLDEN EAGLE,AP ENTERPRISES (MACAO) COMMERCIAL OFFSHORE LTD,MACAO,CHITTAGONG,BANGLADESH
2016,470329,ROYAL GOLDEN EAGLE,APRIL,BUATAN,RIAU,201,86280,ROYAL GOLDEN EAGLE,APEL ENTERPRISES (SINGAPORE) PTE LTD,SINGAPORE,REWARI,INDIA
2016,470329,SINAR MAS,LONTAR PAPYRUS,KUALA TUNGKAL,JAMBI,7197,3335158,SINAR MAS,KING PAPER SOURCE TRADING (SHANGHAI) CO LTD,CHINA (MAINLAND),NINGBO,CHINA (MAINLAND)
2016,470329,ROYAL GOLDEN EAGLE,APRIL,BUATAN,RIAU,502,216049,ROYAL GOLDEN EAGLE,AP ENTERPRISES (MACAO) COMMERCIAL OFFSHORE LTD,MACAO,CHITTAGONG,BANGLADESH
2016,470329,SINAR MAS,LONTAR PAPYRUS,KUALA TUNGKAL,JAMBI,1002,464121,SINAR MAS,KING PAPER SOURCE TRADING (SHANGHAI) CO LTD,CHINA (MAINLAND),NINGBO,CHINA (MAINLAND)
2016,470329,ROYAL GOLDEN EAGLE,APRIL,BUATAN,RIAU,503,216169,ROYAL GOLDEN EAGLE,APEL ENTERPRISES (SINGAPORE) PTE LTD,SINGAPORE,AD DAMMAM,SAUDI ARABIA
2016,470329,MARUBENI,TANJUNG ENIM LESTARI,PANJANG,SUMATERA SELATAN,241,104498,MARUBENI,MARUBENI CORP,JAPAN,LUDHIANA,INDIA
2016,470329,ROYAL GOLDEN EAGLE,APRIL,BUATAN,RIAU,1006,432382,ROYAL GOLDEN EAGLE,ALKIRA TRADING (MACAO COMMERCIAL OFFSHORE) LTD,MACAO,NINGBO,CHINA (MAINLAND)
2016,470329,SINAR MAS,INDAH KIAT,SUNGAI PAKNING,RIAU,3500,1652000,SINAR MAS,KING PAPER SOURCE TRADING (SHANGHAI) CO LTD,CHINA (MAINLAND),NINGBO,CHINA (MAINLAND)
2016,470329,SINAR MAS,INDAH KIAT,SUNGAI PAKNING,RIAU,1600,755200,SINAR MAS,KING PAPER SOURCE TRADING (SHANGHAI) CO LTD,CHINA (HONG KONG),NINGBO,CHINA (MAINLAND)
2016,470329,ROYAL GOLDEN EAGLE,APRIL,BUATAN,RIAU,1005,432208,ROYAL GOLDEN EAGLE,ALKIRA TRADING (MACAO COMMERCIAL OFFSHORE) LTD,MACAO,NINGBO,CHINA (MAINLAND)
2016,470329,ROYAL GOLDEN EAGLE,APRIL,BUATAN,RIAU,201,86462,ROYAL GOLDEN EAGLE,AP ENTERPRISES (MACAO) COMMERCIAL OFFSHORE LTD,MACAO,CHITTAGONG,BANGLADESH
2016,470329,ROYAL GOLDEN EAGLE,APRIL,BUATAN,RIAU,1003,431332,ROYAL GOLDEN EAGLE,ALKIRA TRADING (MACAO COMMERCIAL OFFSHORE) LTD,MACAO,JIUJIANG,CHINA (MAINLAND)
2016,470329,ROYAL GOLDEN EAGLE,APRIL,BUATAN,RIAU,60,25897,ROYAL GOLDEN EAGLE,APEL ENTERPRISES (SINGAPORE) PTE LTD,SINGAPORE,JAWAHARLAL NEHRU (NHAVA S,INDIA
2016,470329,SINAR MAS,INDAH KIAT,PERAWANG,RIAU,240,115807,UNKNOWN AFFILIATION,KHANNA PAPER MILLS LTD,INDIA,PIPAVAV (VICTOR) PORT,INDIA
2016,470329,ROYAL GOLDEN EAGLE,APRIL,BUATAN,RIAU,1002,431058,ROYAL GOLDEN EAGLE,ALKIRA TRADING (MACAO COMMERCIAL OFFSHORE) LTD,MACAO,JIUJIANG,CHINA (MAINLAND)
2016,470329,ROYAL GOLDEN EAGLE,APRIL,BUATAN,RIAU,60,25716,ROYAL GOLDEN EAGLE,APEL ENTERPRISES (SINGAPORE) PTE LTD,SINGAPORE,JAWAHARLAL NEHRU (NHAVA S,INDIA
2016,470329,ROYAL GOLDEN EAGLE,APRIL,BUATAN,RIAU,241,103707,ROYAL GOLDEN EAGLE,APEL ENTERPRISES (SINGAPORE) PTE LTD,SINGAPORE,BANGKOK,THAILAND
2016,470329,ROYAL GOLDEN EAGLE,APRIL,BUATAN,RIAU,1105,475079,ROYAL GOLDEN EAGLE,APEL ENTERPRISES (SINGAPORE) PTE LTD,SINGAPORE,ABU DHABI,UNITED ARAB EMIRATES
2016,470329,SINAR MAS,LONTAR PAPYRUS,KUALA TUNGKAL,JAMBI,501,240097,UNKNOWN AFFILIATION,KHANNA PAPER MILLS LTD,INDIA,LUDHIANA,INDIA
2016,470329,ROYAL GOLDEN EAGLE,APRIL,FUTONG,RIAU,10150,4364500,ROYAL GOLDEN EAGLE,AP ENTERPRISES (MACAO) COMMERCIAL OFFSHORE LTD,MACAO,CHITTAGONG,BANGLADESH
2016,470329,SINAR MAS,INDAH KIAT,SUNGAI PAKNING,RIAU,700,330400,SINAR MAS,KING PAPER SOURCE TRADING (SHANGHAI) CO LTD,CHINA (MAINLAND),NINGBO,CHINA (MAINLAND)
2016,470329,SINAR MAS,LONTAR PAPYRUS,KUALA TUNGKAL,JAMBI,501,242996,CREATIVE,CREATIVE PAPER MILLS LTD,BANGLADESH,CHITTAGONG,BANGLADESH
2016,470329,SINAR MAS,LONTAR PAPYRUS,KUALA TUNGKAL,JAMBI,160,78254,SINAR MAS,KING PAPER SOURCE TRADING (SHANGHAI) CO LTD,CHINA (MAINLAND),YANGPU,CHINA (MAINLAND)
2016,470329,MARUBENI,TANJUNG ENIM LESTARI,PANJANG,SUMATERA SELATAN,196,84190,MARUBENI,MARUBENI CORP,JAPAN,NAGPUR,INDIA
2016,470329,SINAR MAS,LONTAR PAPYRUS,KUALA TUNGKAL,JAMBI,462,218871,SINAR MAS,KING PAPER SOURCE TRADING (SHANGHAI) CO LTD,CHINA (MAINLAND),SHANGHAI,CHINA (MAINLAND)
2016,470329,ROYAL GOLDEN EAGLE,APRIL,BUATAN,RIAU,60,25932,ROYAL GOLDEN EAGLE,APEL ENTERPRISES (SINGAPORE) PTE LTD,SINGAPORE,JAWAHARLAL NEHRU (NHAVA S,INDIA
2016,470329,SINAR MAS,LONTAR PAPYRUS,KUALA TUNGKAL,JAMBI,500,239761,UNKNOWN AFFILIATION,KHANNA PAPER MILLS LTD,INDIA,LUDHIANA,INDIA
2016,470329,ROYAL GOLDEN EAGLE,APRIL,BUATAN,RIAU,60,25803,ROYAL GOLDEN EAGLE,APEL ENTERPRISES (SINGAPORE) PTE LTD,SINGAPORE,JAWAHARLAL NEHRU (NHAVA S,INDIA
2016,470329,ROYAL GOLDEN EAGLE,APRIL,BUATAN,RIAU,503,216226,ROYAL GOLDEN EAGLE,APEL ENTERPRISES (SINGAPORE) PTE LTD,SINGAPORE,PUNE,INDIA
2016,470329,ROYAL GOLDEN EAGLE,APRIL,BUATAN,RIAU,503,216166,ROYAL GOLDEN EAGLE,APEL ENTERPRISES (SINGAPORE) PTE LTD,SINGAPORE,ANKLESHWAR,INDIA
2016,470329,ROYAL GOLDEN EAGLE,APRIL,BUATAN,RIAU,503,216097,ROYAL GOLDEN EAGLE,APEL ENTERPRISES (SINGAPORE) PTE LTD,SINGAPORE,AD DAMMAM,SAUDI ARABIA
2016,470329,ROYAL GOLDEN EAGLE,TOBA PULP LESTARI,BELAWAN,SUMATERA UTARA,495,230034,ROYAL GOLDEN EAGLE,DP MARKETING INTERNATIONAL,MACAO,DALIAN,CHINA (MAINLAND)
2016,470329,SINAR MAS,INDAH KIAT,PERAWANG,RIAU,1000,501330,EMAMI,EMAMI PAPER MILLS LTD,INDIA,HALDIA,INDIA
2016,470329,ROYAL GOLDEN EAGLE,APRIL,BUATAN,RIAU,193,82959,ROYAL GOLDEN EAGLE,ALKIRA TRADING (MACAO COMMERCIAL OFFSHORE) LTD,MACAO,TAOYUAN,TAIWAN
2016,470329,ROYAL GOLDEN EAGLE,APRIL,BUATAN,RIAU,201,86407,ROYAL GOLDEN EAGLE,APEL ENTERPRISES (SINGAPORE) PTE LTD,SINGAPORE,PUNE,INDIA
2016,470329,ROYAL GOLDEN EAGLE,APRIL,BUATAN,RIAU,502,215908,ROYAL GOLDEN EAGLE,ALKIRA TRADING (MACAO COMMERCIAL OFFSHORE) LTD,MACAO,JIUJIANG,CHINA (MAINLAND)
2016,470329,SINAR MAS,LONTAR PAPYRUS,KUALA TUNGKAL,JAMBI,101,39233,UNKNOWN AFFILIATION,VIET CUONG CO LTD,VIETNAM,HAIPHONG,VIETNAM
2016,470329,SINAR MAS,INDAH KIAT,PERAWANG,RIAU,400,191340,SINAR MAS,KING PAPER SOURCE TRADING (SHANGHAI) CO LTD,CHINA (MAINLAND),CHANGSHU,CHINA (MAINLAND)
2016,470329,SINAR MAS,INDAH KIAT,PERAWANG,RIAU,300,146824,UNKNOWN AFFILIATION,TAN HUY KIET CO LTD,VIETNAM,HAIPHONG,VIETNAM
2016,470329,SINAR MAS,INDAH KIAT,PERAWANG,RIAU,200,95882,IMEXCO BACGIANG,BAC GIANG IMPORT EXPORT JOINT STOCK CO,VIETNAM,HAIPHONG,VIETNAM
2016,470329,ROYAL GOLDEN EAGLE,APRIL,FUTONG,RIAU,6506,2776626,ROYAL GOLDEN EAGLE,ALKIRA TRADING (MACAO COMMERCIAL OFFSHORE) LTD,MACAO,CHANGSHU,CHINA (MAINLAND)
2016,470329,SINAR MAS,INDAH KIAT,PERAWANG,RIAU,500,239706,IMEXCO BACGIANG,BAC GIANG IMPORT EXPORT JOINT STOCK CO,VIETNAM,HAIPHONG,VIETNAM
2016,470329,ROYAL GOLDEN EAGLE,APRIL,FUTONG,RIAU,3718,1598839,ROYAL GOLDEN EAGLE,ALKIRA TRADING (MACAO COMMERCIAL OFFSHORE) LTD,MACAO,NINGBO,CHINA (MAINLAND)
2016,470329,ROYAL GOLDEN EAGLE,APRIL,BUATAN,RIAU,1004,431831,ROYAL GOLDEN EAGLE,ALKIRA TRADING (MACAO COMMERCIAL OFFSHORE) LTD,MACAO,JIUJIANG,CHINA (MAINLAND)
2016,470329,SINAR MAS,INDAH KIAT,SUNGAI PAKNING,RIAU,500,238125,SINAR MAS,KING PAPER SOURCE TRADING (SHANGHAI) CO LTD,CHINA (MAINLAND),DAGANG,CHINA (MAINLAND)
2016,470329,MARUBENI,TANJUNG ENIM LESTARI,TANJUNG PRIOK,SUMATERA SELATAN,871,388985,MARUBENI,MARUBENI CORP,JAPAN,YANGZHOU,CHINA (MAINLAND)
2016,470329,ROYAL GOLDEN EAGLE,APRIL,BUATAN,RIAU,141,60472,ROYAL GOLDEN EAGLE,APEL ENTERPRISES (SINGAPORE) PTE LTD,SINGAPORE,LUDHIANA,INDIA
2016,470329,SINAR MAS,INDAH KIAT,PERAWANG,RIAU,540,262460,SINAR MAS,KING PAPER SOURCE TRADING (SHANGHAI) CO LTD,CHINA (MAINLAND),QINZHOU,CHINA (MAINLAND)
2016,470329,ROYAL GOLDEN EAGLE,APRIL,BUATAN,RIAU,502,215892,ROYAL GOLDEN EAGLE,ALKIRA TRADING (MACAO COMMERCIAL OFFSHORE) LTD,MACAO,CHONGQING,CHINA (MAINLAND)
2016,470329,MARUBENI,TANJUNG ENIM LESTARI,PANJANG,SUMATERA SELATAN,962,420840,MARUBENI,MARUBENI CORP,JAPAN,CHONGQING,CHINA (MAINLAND)
2016,470329,ROYAL GOLDEN EAGLE,APRIL,FUTONG,RIAU,9862,4240512,ROYAL GOLDEN EAGLE,ALKIRA TRADING (MACAO COMMERCIAL OFFSHORE) LTD,MACAO,QINGDAO,CHINA (MAINLAND)
2016,470329,SINAR MAS,INDAH KIAT,SUNGAI PAKNING,RIAU,1800,857250,SINAR MAS,KING PAPER SOURCE TRADING (SHANGHAI) CO LTD,CHINA (MAINLAND),DAGANG,CHINA (MAINLAND)
2016,470329,ROYAL GOLDEN EAGLE,APRIL,BUATAN,RIAU,361,155357,ROYAL GOLDEN EAGLE,ALKIRA TRADING (MACAO COMMERCIAL OFFSHORE) LTD,MACAO,JIUJIANG,CHINA (MAINLAND)
2016,470329,SINAR MAS,INDAH KIAT,PERAWANG,RIAU,500,239706,IMEXCO BACGIANG,BAC GIANG IMPORT EXPORT JOINT STOCK CO,VIETNAM,HAIPHONG,VIETNAM
2016,470329,ROYAL GOLDEN EAGLE,APRIL,BUATAN,RIAU,502,215956,ROYAL GOLDEN EAGLE,ALKIRA TRADING (MACAO COMMERCIAL OFFSHORE) LTD,MACAO,JIUJIANG,CHINA (MAINLAND)
2016,470329,ROYAL GOLDEN EAGLE,APRIL,BUATAN,RIAU,503,216098,ROYAL GOLDEN EAGLE,APEL ENTERPRISES (SINGAPORE) PTE LTD,SINGAPORE,JAWAHARLAL NEHRU (NHAVA S,INDIA
2016,470329,ROYAL GOLDEN EAGLE,APRIL,BUATAN,RIAU,1004,431871,ROYAL GOLDEN EAGLE,ALKIRA TRADING (MACAO COMMERCIAL OFFSHORE) LTD,MACAO,JIUJIANG,CHINA (MAINLAND)
2016,470329,ROYAL GOLDEN EAGLE,APRIL,BUATAN,RIAU,503,216084,ROYAL GOLDEN EAGLE,APEL ENTERPRISES (SINGAPORE) PTE LTD,SINGAPORE,ANKLESHWAR,INDIA
2016,470329,SINAR MAS,LONTAR PAPYRUS,KUALA TUNGKAL,JAMBI,240,97819,IMEXCO BACGIANG,BAC GIANG IMPORT EXPORT JOINT STOCK CO,VIETNAM,HAIPHONG,VIETNAM
2016,470329,SINAR MAS,LONTAR PAPYRUS,KUALA TUNGKAL,JAMBI,500,232040,UNKNOWN AFFILIATION,KHANNA PAPER MILLS LTD,INDIA,LUDHIANA,INDIA
2016,470329,ROYAL GOLDEN EAGLE,TOBA PULP LESTARI,BELAWAN,SUMATERA UTARA,496,230767,ROYAL GOLDEN EAGLE,DP MARKETING INTERNATIONAL,MACAO,DALIAN,CHINA (MAINLAND)
2016,470329,SINAR MAS,LONTAR PAPYRUS,KUALA TUNGKAL,JAMBI,500,242463,CREATIVE,CREATIVE PAPER MILLS LTD,BANGLADESH,CHITTAGONG,BANGLADESH
2016,470329,SINAR MAS,INDAH KIAT,PERAWANG,RIAU,1000,486038,SINAR MAS,KING PAPER SOURCE TRADING (SHANGHAI) CO LTD,CHINA (MAINLAND),QINZHOU,CHINA (MAINLAND)
2016,470329,ROYAL GOLDEN EAGLE,APRIL,BUATAN,RIAU,1005,431984,ROYAL GOLDEN EAGLE,ALKIRA TRADING (MACAO COMMERCIAL OFFSHORE) LTD,MACAO,JIUJIANG,CHINA (MAINLAND)
2016,470329,SINAR MAS,INDAH KIAT,PERAWANG,RIAU,1000,501330,EMAMI,EMAMI PAPER MILLS LTD,INDIA,HALDIA,INDIA
2016,470329,ROYAL GOLDEN EAGLE,APRIL,BUATAN,RIAU,120,51808,ROYAL GOLDEN EAGLE,APEL ENTERPRISES (SINGAPORE) PTE LTD,SINGAPORE,TUTICORIN,INDIA
2016,470329,ROYAL GOLDEN EAGLE,APRIL,FUTONG,RIAU,3818,1641911,ROYAL GOLDEN EAGLE,APEL ENTERPRISES (SINGAPORE) PTE LTD,SINGAPORE,TAGONOURA,JAPAN
2016,470329,ROYAL GOLDEN EAGLE,APRIL,FUTONG,RIAU,1508,648333,ROYAL GOLDEN EAGLE,APEL ENTERPRISES (SINGAPORE) PTE LTD,SINGAPORE,IYOMISHIMA,JAPAN
2016,470329,ROYAL GOLDEN EAGLE,APRIL,FUTONG,RIAU,5376,2311467,ROYAL GOLDEN EAGLE,ALKIRA TRADING (MACAO COMMERCIAL OFFSHORE) LTD,MACAO,XINHUI,CHINA (MAINLAND)
2016,470329,ROYAL GOLDEN EAGLE,APRIL,BUATAN,RIAU,503,216195,ROYAL GOLDEN EAGLE,AP ENTERPRISES (MACAO) COMMERCIAL OFFSHORE LTD,MACAO,CHITTAGONG,BANGLADESH
2016,470329,MARUBENI,TANJUNG ENIM LESTARI,PANJANG,SUMATERA SELATAN,284,123185,MARUBENI,MARUBENI CORP,JAPAN,LUDHIANA,INDIA
2016,470329,MARUBENI,TANJUNG ENIM LESTARI,PANJANG,SUMATERA SELATAN,481,212668,MARUBENI,MARUBENI CORP,JAPAN,XINGANG,CHINA (MAINLAND)
2016,470329,ROYAL GOLDEN EAGLE,APRIL,BUATAN,RIAU,120,51808,ROYAL GOLDEN EAGLE,APEL ENTERPRISES (SINGAPORE) PTE LTD,SINGAPORE,TUTICORIN,INDIA
2016,470329,ROYAL GOLDEN EAGLE,APRIL,FUTONG,RIAU,4256,1830032,ROYAL GOLDEN EAGLE,ALKIRA TRADING (MACAO COMMERCIAL OFFSHORE) LTD,MACAO,NINGBO,CHINA (MAINLAND)
2016,470329,MARUBENI,TANJUNG ENIM LESTARI,PANJANG,SUMATERA SELATAN,504,215322,MARUBENI,MARUBENI CORP,JAPAN,CHITTAGONG,BANGLADESH
2016,470329,MARUBENI,TANJUNG ENIM LESTARI,PANJANG,SUMATERA SELATAN,503,215066,MARUBENI,MARUBENI CORP,JAPAN,CHITTAGONG,BANGLADESH
2016,470329,SINAR MAS,LONTAR PAPYRUS,KUALA TUNGKAL,JAMBI,1000,464652,SINAR MAS,KING PAPER SOURCE TRADING (SHANGHAI) CO LTD,CHINA (MAINLAND),QINZHOU,CHINA (MAINLAND)
2016,470329,SINAR MAS,INDAH KIAT,PERAWANG,RIAU,1000,491325,SINAR MAS,TAMIL NADU NEWSPRINT AND PAPERS LTD,INDIA,TUTICORIN,INDIA
2016,470329,ROYAL GOLDEN EAGLE,APRIL,FUTONG,RIAU,2009,864014,ROYAL GOLDEN EAGLE,ALKIRA TRADING (MACAO COMMERCIAL OFFSHORE) LTD,MACAO,ZHANJIANG,CHINA (MAINLAND)
2016,470329,MARUBENI,TANJUNG ENIM LESTARI,PANJANG,SUMATERA SELATAN,483,220396,MARUBENI,MARUBENI CORP,JAPAN,BUSAN (EX PUSAN),SOUTH KOREA
2016,470329,MARUBENI,TANJUNG ENIM LESTARI,PANJANG,SUMATERA SELATAN,509,217379,MARUBENI,MARUBENI CORP,JAPAN,CHITTAGONG,BANGLADESH
2016,470329,ROYAL GOLDEN EAGLE,TOBA PULP LESTARI,BELAWAN,SUMATERA UTARA,495,230222,ROYAL GOLDEN EAGLE,DP MARKETING INTERNATIONAL,MACAO,DALIAN,CHINA (MAINLAND)
2016,470329,SINAR MAS,LONTAR PAPYRUS,KUALA TUNGKAL,JAMBI,500,242812,CREATIVE,CREATIVE PAPER MILLS LTD,BANGLADESH,CHITTAGONG,BANGLADESH
2016,470329,SINAR MAS,LONTAR PAPYRUS,KUALA TUNGKAL,JAMBI,1001,461914,SINAR MAS,KING PAPER SOURCE TRADING (SHANGHAI) CO LTD,CHINA (MAINLAND),QINZHOU,CHINA (MAINLAND)
2016,470329,ROYAL GOLDEN EAGLE,APRIL,BUATAN,RIAU,1005,432275,ROYAL GOLDEN EAGLE,ALKIRA TRADING (MACAO COMMERCIAL OFFSHORE) LTD,MACAO,JIUJIANG,CHINA (MAINLAND)
2016,470329,MARUBENI,TANJUNG ENIM LESTARI,PANJANG,SUMATERA SELATAN,109,52230,MARUBENI,MARUBENI CORP,JAPAN,NEW DELHI,INDIA
2016,470329,ROYAL GOLDEN EAGLE,APRIL,BUATAN,RIAU,1005,432337,ROYAL GOLDEN EAGLE,ALKIRA TRADING (MACAO COMMERCIAL OFFSHORE) LTD,MACAO,JIUJIANG,CHINA (MAINLAND)
2016,470329,SINAR MAS,INDAH KIAT,SUNGAI PAKNING,RIAU,1000,476250,SINAR MAS,KING PAPER SOURCE TRADING (SHANGHAI) CO LTD,CHINA (MAINLAND),CHANGSHU,CHINA (MAINLAND)
2016,470329,SINAR MAS,INDAH KIAT,PERAWANG,RIAU,300,143824,IMEXCO BACGIANG,BAC GIANG IMPORT EXPORT JOINT STOCK CO,VIETNAM,HAIPHONG,VIETNAM
2016,470329,ROYAL GOLDEN EAGLE,APRIL,BUATAN,RIAU,502,216014,ROYAL GOLDEN EAGLE,ALKIRA TRADING (MACAO COMMERCIAL OFFSHORE) LTD,MACAO,XINGANG,CHINA (MAINLAND)
2016,470329,ROYAL GOLDEN EAGLE,APRIL,BUATAN,RIAU,503,216163,ROYAL GOLDEN EAGLE,ALKIRA TRADING (MACAO COMMERCIAL OFFSHORE) LTD,MACAO,JIUJIANG,CHINA (MAINLAND)
2016,470329,ROYAL GOLDEN EAGLE,APRIL,BUATAN,RIAU,502,216069,ROYAL GOLDEN EAGLE,APEL ENTERPRISES (SINGAPORE) PTE LTD,SINGAPORE,LUDHIANA,INDIA
2016,470329,ROYAL GOLDEN EAGLE,APRIL,BUATAN,RIAU,502,215877,ROYAL GOLDEN EAGLE,ALKIRA TRADING (MACAO COMMERCIAL OFFSHORE) LTD,MACAO,WUHAN,CHINA (MAINLAND)
2016,470329,MARUBENI,TANJUNG ENIM LESTARI,PANJANG,SUMATERA SELATAN,480,201855,MARUBENI,MARUBENI CORP,JAPAN,LUDHIANA,INDIA
2016,470329,SINAR MAS,INDAH KIAT,SUNGAI PAKNING,RIAU,2700,1285875,SINAR MAS,KING PAPER SOURCE TRADING (SHANGHAI) CO LTD,CHINA (MAINLAND),DAGANG,CHINA (MAINLAND)
2016,470329,SINAR MAS,LONTAR PAPYRUS,KUALA TUNGKAL,JAMBI,498,231311,SINAR MAS,KING PAPER SOURCE TRADING (SHANGHAI) CO LTD,CHINA (MAINLAND),QINZHOU,CHINA (MAINLAND)
2016,470329,ROYAL GOLDEN EAGLE,APRIL,BUATAN,RIAU,398,171035,ROYAL GOLDEN EAGLE,ALKIRA TRADING (MACAO COMMERCIAL OFFSHORE) LTD,MACAO,JIUJIANG,CHINA (MAINLAND)
2016,470329,ROYAL GOLDEN EAGLE,APRIL,BUATAN,RIAU,1006,432418,ROYAL GOLDEN EAGLE,ALKIRA TRADING (MACAO COMMERCIAL OFFSHORE) LTD,MACAO,JIUJIANG,CHINA (MAINLAND)
2016,470329,SINAR MAS,INDAH KIAT,SUNGAI PAKNING,RIAU,4500,2143125,SINAR MAS,KING PAPER SOURCE TRADING (SHANGHAI) CO LTD,CHINA (MAINLAND),CHANGSHU,CHINA (MAINLAND)
2016,470329,SINAR MAS,LONTAR PAPYRUS,KUALA TUNGKAL,JAMBI,501,241870,UNKNOWN AFFILIATION,SKYRUN (HONG KONG) CO LTD,CHINA (MAINLAND),CHONGQING,CHINA (MAINLAND)
2016,470329,ROYAL GOLDEN EAGLE,APRIL,BUATAN,RIAU,40,17280,ROYAL GOLDEN EAGLE,APEL ENTERPRISES (SINGAPORE) PTE LTD,SINGAPORE,JAWAHARLAL NEHRU (NHAVA S,INDIA
2016,470329,ROYAL GOLDEN EAGLE,APRIL,BUATAN,RIAU,201,86328,ROYAL GOLDEN EAGLE,AP ENTERPRISES (MACAO) COMMERCIAL OFFSHORE LTD,MACAO,CHITTAGONG,BANGLADESH
2016,470329,ROYAL GOLDEN EAGLE,APRIL,BUATAN,RIAU,201,86246,ROYAL GOLDEN EAGLE,APEL ENTERPRISES (SINGAPORE) PTE LTD,SINGAPORE,TUGLAKABAD,INDIA
2016,470329,ROYAL GOLDEN EAGLE,APRIL,BUATAN,RIAU,261,112184,ROYAL GOLDEN EAGLE,APEL ENTERPRISES (SINGAPORE) PTE LTD,SINGAPORE,PUNE,INDIA
2016,470329,ROYAL GOLDEN EAGLE,APRIL,BUATAN,RIAU,101,43260,ROYAL GOLDEN EAGLE,APEL ENTERPRISES (SINGAPORE) PTE LTD,SINGAPORE,NAGPUR,INDIA
2016,470329,ROYAL GOLDEN EAGLE,APRIL,BUATAN,RIAU,60,25845,ROYAL GOLDEN EAGLE,APEL ENTERPRISES (SINGAPORE) PTE LTD,SINGAPORE,JAWAHARLAL NEHRU (NHAVA S,INDIA
2016,470329,ROYAL GOLDEN EAGLE,APRIL,BUATAN,RIAU,1005,432250,ROYAL GOLDEN EAGLE,ALKIRA TRADING (MACAO COMMERCIAL OFFSHORE) LTD,MACAO,YUNFU,CHINA (MAINLAND)
2016,470329,SINAR MAS,INDAH KIAT,PERAWANG,RIAU,500,239156,AL NOOR,AL-NOOR PAPER AND BOARD MILLS LTD,BANGLADESH,CHITTAGONG,BANGLADESH
2016,470329,ROYAL GOLDEN EAGLE,APRIL,BUATAN,RIAU,20,8632,ROYAL GOLDEN EAGLE,APEL ENTERPRISES (SINGAPORE) PTE LTD,SINGAPORE,NAGPUR,INDIA
2016,470329,ROYAL GOLDEN EAGLE,APRIL,BUATAN,RIAU,100,43143,ROYAL GOLDEN EAGLE,APEL ENTERPRISES (SINGAPORE) PTE LTD,SINGAPORE,SONEPAT,INDIA
2016,470329,ROYAL GOLDEN EAGLE,APRIL,BUATAN,RIAU,100,43141,ROYAL GOLDEN EAGLE,APEL ENTERPRISES (SINGAPORE) PTE LTD,SINGAPORE,TUGLAKABAD,INDIA
2016,470329,SINAR MAS,INDAH KIAT,SUNGAI PAKNING,RIAU,3500,1671250,SINAR MAS,KING PAPER SOURCE TRADING (SHANGHAI) CO LTD,CHINA (MAINLAND),CHANGSHU,CHINA (MAINLAND)
2016,470329,ROYAL GOLDEN EAGLE,APRIL,BUATAN,RIAU,100,43122,ROYAL GOLDEN EAGLE,APEL ENTERPRISES (SINGAPORE) PTE LTD,SINGAPORE,CHENNAI (EX MADRAS),INDIA
2016,470329,SINAR MAS,LONTAR PAPYRUS,KUALA TUNGKAL,JAMBI,498,241132,UNKNOWN AFFILIATION,QUANG HUY SERVICE TRADING PRODUCTION JOINT STOCK CO,VIETNAM,HAIPHONG,VIETNAM
2016,470329,SINAR MAS,INDAH KIAT,PERAWANG,RIAU,40,19624,AKZO NOBEL SPECIALITY CHEMICALS / NOURYON,ALLIANCE CHEMICALS (PVT) LTD,PAKISTAN,KARACHI,PAKISTAN
2016,470329,SINAR MAS,INDAH KIAT,PERAWANG,RIAU,500,239156,AL NOOR,AL-NOOR PAPER AND BOARD MILLS LTD,BANGLADESH,CHITTAGONG,BANGLADESH
2016,470329,ROYAL GOLDEN EAGLE,TOBA PULP LESTARI,BELAWAN,SUMATERA UTARA,496,230451,ROYAL GOLDEN EAGLE,DP MARKETING INTERNATIONAL,MACAO,QINGDAO,CHINA (MAINLAND)
2016,470329,ROYAL GOLDEN EAGLE,TOBA PULP LESTARI,BELAWAN,SUMATERA UTARA,495,230306,ROYAL GOLDEN EAGLE,DP MARKETING INTERNATIONAL,MACAO,QINGDAO,CHINA (MAINLAND)
2016,470329,ROYAL GOLDEN EAGLE,APRIL,BUATAN,RIAU,257,110556,ROYAL GOLDEN EAGLE,APEL ENTERPRISES (SINGAPORE) PTE LTD,SINGAPORE,BANDAR ABBAS,IRAN
2016,470329,SINAR MAS,INDAH KIAT,PERAWANG,RIAU,500,246266,UNKNOWN AFFILIATION,KHANNA PAPER MILLS LTD,INDIA,PIPAVAV (VICTOR) PORT,INDIA
2016,470329,ROYAL GOLDEN EAGLE,TOBA PULP LESTARI,BELAWAN,SUMATERA UTARA,495,230284,ROYAL GOLDEN EAGLE,DP MARKETING INTERNATIONAL,MACAO,DALIAN,CHINA (MAINLAND)
2016,470329,ROYAL GOLDEN EAGLE,APRIL,BUATAN,RIAU,1004,431848,ROYAL GOLDEN EAGLE,ALKIRA TRADING (MACAO COMMERCIAL OFFSHORE) LTD,MACAO,JIUJIANG,CHINA (MAINLAND)
2016,470329,SINAR MAS,INDAH KIAT,PERAWANG,RIAU,500,246266,UNKNOWN AFFILIATION,KHANNA PAPER MILLS LTD,INDIA,PIPAVAV (VICTOR) PORT,INDIA
2016,470329,ROYAL GOLDEN EAGLE,TOBA PULP LESTARI,BELAWAN,SUMATERA UTARA,496,230421,ROYAL GOLDEN EAGLE,DP MARKETING INTERNATIONAL,MACAO,QINGDAO,CHINA (MAINLAND)
2016,470329,SINAR MAS,LONTAR PAPYRUS,KUALA TUNGKAL,JAMBI,360,146960,UNKNOWN AFFILIATION,TRUONG XUAN PAPER JOINT STOCK CO,VIETNAM,HAIPHONG,VIETNAM
2016,470329,ROYAL GOLDEN EAGLE,APRIL,BUATAN,RIAU,161,69255,ROYAL GOLDEN EAGLE,APEL ENTERPRISES (SINGAPORE) PTE LTD,SINGAPORE,JAWAHARLAL NEHRU (NHAVA S,INDIA
2016,470329,SINAR MAS,INDAH KIAT,PERAWANG,RIAU,500,241266,UNKNOWN AFFILIATION,KUANTUM PAPERS LTD,INDIA,LUDHIANA,INDIA
2016,470329,SINAR MAS,INDAH KIAT,PERAWANG,RIAU,500,246266,UNKNOWN AFFILIATION,KHANNA PAPER MILLS LTD,INDIA,PIPAVAV (VICTOR) PORT,INDIA
2016,470329,ROYAL GOLDEN EAGLE,APRIL,BUATAN,RIAU,503,216203,ROYAL GOLDEN EAGLE,APEL ENTERPRISES (SINGAPORE) PTE LTD,SINGAPORE,LUDHIANA,INDIA
2016,470329,ROYAL GOLDEN EAGLE,APRIL,BUATAN,RIAU,502,215891,ROYAL GOLDEN EAGLE,APEL ENTERPRISES (SINGAPORE) PTE LTD,SINGAPORE,HALDIA,INDIA
2016,470329,ROYAL GOLDEN EAGLE,APRIL,BUATAN,RIAU,502,215978,ROYAL GOLDEN EAGLE,ALKIRA TRADING (MACAO COMMERCIAL OFFSHORE) LTD,MACAO,JIUJIANG,CHINA (MAINLAND)
2016,470329,SINAR MAS,INDAH KIAT,SUNGAI PAKNING,RIAU,2000,955000,SINAR MAS,KING PAPER SOURCE TRADING (SHANGHAI) CO LTD,CHINA (MAINLAND),CHANGSHU,CHINA (MAINLAND)
2016,470329,SINAR MAS,INDAH KIAT,PERAWANG,RIAU,3500,1671250,SINAR MAS,KING PAPER SOURCE TRADING (SHANGHAI) CO LTD,CHINA (MAINLAND),CHANGSHU,CHINA (MAINLAND)
2016,470329,ROYAL GOLDEN EAGLE,APRIL,BUATAN,RIAU,141,60464,ROYAL GOLDEN EAGLE,ALKIRA TRADING (MACAO COMMERCIAL OFFSHORE) LTD,MACAO,JIUJIANG,CHINA (MAINLAND)
2016,470329,ROYAL GOLDEN EAGLE,APRIL,BUATAN,RIAU,241,103683,ROYAL GOLDEN EAGLE,ALKIRA TRADING (MACAO COMMERCIAL OFFSHORE) LTD,MACAO,JIUJIANG,CHINA (MAINLAND)
2016,470329,ROYAL GOLDEN EAGLE,APRIL,BUATAN,RIAU,502,215958,ROYAL GOLDEN EAGLE,APEL ENTERPRISES (SINGAPORE) PTE LTD,SINGAPORE,ANKLESHWAR,INDIA
2016,470329,ROYAL GOLDEN EAGLE,APRIL,BUATAN,RIAU,502,215835,ROYAL GOLDEN EAGLE,ALKIRA TRADING (MACAO COMMERCIAL OFFSHORE) LTD,MACAO,CHONGQING,CHINA (MAINLAND)
2016,470329,ROYAL GOLDEN EAGLE,APRIL,BUATAN,RIAU,503,216100,ROYAL GOLDEN EAGLE,ALKIRA TRADING (MACAO COMMERCIAL OFFSHORE) LTD,MACAO,CHONGQING,CHINA (MAINLAND)