YEAR,HS_CODE,MILL_CORPORATE_GROUP,MILL,PORT_OF_EXPORT,PROVINCE_OF_EXPORT,PULP_EXPORT_VOLUME_TONNES,FOB_VALUES_USD,IMPORTER_CORPORATE_GROUP,IMPORTER,COUNTRY_OF_IMPORTER,PORT_OF_DESTINATION,COUNTRY_OF_DESTINATION
2023,470329,SINAR MAS,OKI,SULTAN MAHMUD BADARUDDIN (U),SUMATERA SELATAN,1000,490390,HONG WON,HONG WON PAPER MFG CO LTD,SOUTH KOREA,GUNSAN (ES KUNSAN),SOUTH KOREA
2023,470329,SINAR MAS,OKI,SULTAN MAHMUD BADARUDDIN (U),SUMATERA SELATAN,3000,1471170,UNKNOWN AFFILIATION,MSS PULP CO LTD,SOUTH KOREA,GUNSAN (ES KUNSAN),SOUTH KOREA
2023,470200,ROYAL GOLDEN EAGLE,APRIL,BUATAN,RIAU,1010,602834,ROYAL GOLDEN EAGLE,APRIL FAR EAST MALAYSIA SDN BHD,MALAYSIA,JIUJIANG,CHINA (MAINLAND)
2023,470329,SINAR MAS,OKI,SULTAN MAHMUD BADARUDDIN (U),SUMATERA SELATAN,4000,1961560,HANSOL,HANSOL PAPER CO LTD,SOUTH KOREA,GUNSAN (ES KUNSAN),SOUTH KOREA
2023,470329,SINAR MAS,OKI,SULTAN MAHMUD BADARUDDIN (U),SUMATERA SELATAN,5000,2712500,SINAR MAS,SHANDONG BOHUI PAPER INDUSTRY CO LTD,CHINA (MAINLAND),QINGDAO,CHINA (MAINLAND)
2023,470200,ROYAL GOLDEN EAGLE,APRIL,BUATAN,RIAU,505,301506,ROYAL GOLDEN EAGLE,APRIL FAR EAST MALAYSIA SDN BHD,MALAYSIA,FUZHOU,CHINA (MAINLAND)
2023,470200,ROYAL GOLDEN EAGLE,APRIL,BUATAN,RIAU,505,301335,ROYAL GOLDEN EAGLE,APRIL FAR EAST MALAYSIA SDN BHD,MALAYSIA,LIANYUNGANG,CHINA (MAINLAND)
2023,440122,ROYAL GOLDEN EAGLE,BALIKPAPAN CHIP LESTARI,BALIKPAPAN,KALIMANTAN TIMUR,20138,2920052,ROYAL GOLDEN EAGLE,ASIA SYMBOL (SHANDONG) PULP AND PAPER,CHINA (MAINLAND),RIZHAO,CHINA (MAINLAND)
2023,470329,SINAR MAS,OKI,SULTAN MAHMUD BADARUDDIN (U),SUMATERA SELATAN,1000,490390,HONG WON,HONG WON PAPER MFG CO LTD,SOUTH KOREA,GUNSAN (ES KUNSAN),SOUTH KOREA
2023,470329,SINAR MAS,OKI,SULTAN MAHMUD BADARUDDIN (U),SUMATERA SELATAN,3000,1632000,SINAR MAS,KING PAPER SOURCE TRADING (SHANGHAI) CO LTD,CHINA (MAINLAND),ZHENJIANG,CHINA (MAINLAND)
2023,470329,SINAR MAS,OKI,SULTAN MAHMUD BADARUDDIN (U),SUMATERA SELATAN,1000,463000,SINAR MAS,KING PAPER SOURCE TRADING (SHANGHAI) CO LTD,CHINA (MAINLAND),ZHENJIANG,CHINA (MAINLAND)
2023,470329,SINAR MAS,INDAH KIAT,PERAWANG,RIAU,200,97151,UNKNOWN AFFILIATION,DUY HUNG CO LTD,VIETNAM,HAIPHONG,VIETNAM
2023,470329,SINAR MAS,INDAH KIAT,PERAWANG,RIAU,200,108370,UNKNOWN AFFILIATION,AMBER SUPER PAPER LIMITED,BANGLADESH,CHATTOGRAM,BANGLADESH
2023,470329,SINAR MAS,OKI,SULTAN MAHMUD BADARUDDIN (U),SUMATERA SELATAN,3500,1898750,SINAR MAS,SHANDONG BOHUI PAPER INDUSTRY CO LTD,CHINA (MAINLAND),QINGDAO,CHINA (MAINLAND)
2023,470329,SINAR MAS,OKI,SULTAN MAHMUD BADARUDDIN (U),SUMATERA SELATAN,1000,541500,SINAR MAS,SHANDONG BOHUI PAPER INDUSTRY CO LTD,CHINA (MAINLAND),QINGDAO,CHINA (MAINLAND)
2023,470200,ROYAL GOLDEN EAGLE,APRIL,FUTONG,RIAU,505,301456,ROYAL GOLDEN EAGLE,APRIL FAR EAST MALAYSIA SDN BHD,MALAYSIA,JIUJIANG,CHINA (MAINLAND)
2023,470200,ROYAL GOLDEN EAGLE,APRIL,BUATAN,RIAU,505,301388,ROYAL GOLDEN EAGLE,APRIL FAR EAST MALAYSIA SDN BHD,MALAYSIA,JIUJIANG,CHINA (MAINLAND)
2023,470329,SINAR MAS,OKI,SULTAN MAHMUD BADARUDDIN (U),SUMATERA SELATAN,3500,1904000,SINAR MAS,KING PAPER SOURCE TRADING (SHANGHAI) CO LTD,CHINA (MAINLAND),ZHENJIANG,CHINA (MAINLAND)
2023,470329,SINAR MAS,INDAH KIAT,PERAWANG,RIAU,200,108370,UNKNOWN AFFILIATION,AMBER SUPER PAPER LIMITED,BANGLADESH,CHATTOGRAM,BANGLADESH
2023,470329,ROYAL GOLDEN EAGLE,APRIL,BUATAN,RIAU,1010,448119,ROYAL GOLDEN EAGLE,APRIL INTERNATIONAL ENTEPRISE PTE LTD,SINGAPORE,ZHANJIANG,CHINA (MAINLAND)
2023,470329,SINAR MAS,INDAH KIAT,PERAWANG,RIAU,100,54185,UNKNOWN AFFILIATION,AMBER SUPER PAPER LIMITED,BANGLADESH,CHATTOGRAM,BANGLADESH
2023,470329,SINAR MAS,INDAH KIAT,PERAWANG,RIAU,120,65022,UNKNOWN AFFILIATION,AMBER SUPER PAPER LIMITED,BANGLADESH,CHATTOGRAM,BANGLADESH
2023,470200,ROYAL GOLDEN EAGLE,APRIL,BUATAN,RIAU,505,301533,ROYAL GOLDEN EAGLE,APRIL FAR EAST MALAYSIA SDN BHD,MALAYSIA,FUZHOU,CHINA (MAINLAND)
2023,470200,ROYAL GOLDEN EAGLE,APRIL,BUATAN,RIAU,505,300860,ROYAL GOLDEN EAGLE,APRIL FAR EAST MALAYSIA SDN BHD,MALAYSIA,JIUJIANG,CHINA (MAINLAND)
2023,470329,SINAR MAS,OKI,SULTAN MAHMUD BADARUDDIN (U),SUMATERA SELATAN,5000,2712500,SINAR MAS,SHANDONG BOHUI PAPER INDUSTRY CO LTD,CHINA (MAINLAND),QINGDAO,CHINA (MAINLAND)
2023,470329,SINAR MAS,INDAH KIAT,PERAWANG,RIAU,200,99370,CREATIVE,CREATIVE PAPER MILLS LTD,BANGLADESH,CHATTOGRAM,BANGLADESH
2023,470329,SINAR MAS,OKI,SULTAN MAHMUD BADARUDDIN (U),SUMATERA SELATAN,500,271250,SINAR MAS,SHANDONG BOHUI PAPER INDUSTRY CO LTD,CHINA (MAINLAND),QINGDAO,CHINA (MAINLAND)
2023,470329,SINAR MAS,OKI,SULTAN MAHMUD BADARUDDIN (U),SUMATERA SELATAN,3000,1389000,SINAR MAS,KING PAPER SOURCE TRADING (SHANGHAI) CO LTD,CHINA (MAINLAND),ZHENJIANG,CHINA (MAINLAND)
2023,470329,ROYAL GOLDEN EAGLE,APRIL,BUATAN,RIAU,202,89622,ROYAL GOLDEN EAGLE,APRIL INTERNATIONAL ENTEPRISE PTE LTD,SINGAPORE,ICD MIHAN,INDIA
2023,470329,SINAR MAS,INDAH KIAT,PERAWANG,RIAU,200,99370,CREATIVE,CREATIVE PAPER MILLS LTD,BANGLADESH,CHATTOGRAM,BANGLADESH
2023,470329,SINAR MAS,OKI,SULTAN MAHMUD BADARUDDIN (U),SUMATERA SELATAN,3000,1632000,SINAR MAS,KING PAPER SOURCE TRADING (SHANGHAI) CO LTD,CHINA (MAINLAND),ZHENJIANG,CHINA (MAINLAND)
2023,470329,ROYAL GOLDEN EAGLE,APRIL,BUATAN,RIAU,1010,448769,ROYAL GOLDEN EAGLE,APRIL INTERNATIONAL ENTEPRISE PTE LTD,SINGAPORE,NINGBO,CHINA (MAINLAND)
2023,470200,ROYAL GOLDEN EAGLE,APRIL,FUTONG,RIAU,1010,603548,ROYAL GOLDEN EAGLE,APRIL FAR EAST MALAYSIA SDN BHD,MALAYSIA,JIUJIANG,CHINA (MAINLAND)
2023,470329,SINAR MAS,INDAH KIAT,PERAWANG,RIAU,440,237600,SINAR MAS,JIANGSU BOHUI PAPER INDUSTRY CO LTD.,CHINA (MAINLAND),CHANGSHU,CHINA (MAINLAND)
2023,470329,SINAR MAS,INDAH KIAT,PERAWANG,RIAU,440,237600,SINAR MAS,JIANGSU BOHUI PAPER INDUSTRY CO LTD.,CHINA (MAINLAND),CHANGSHU,CHINA (MAINLAND)
2023,470329,SINAR MAS,INDAH KIAT,PERAWANG,RIAU,240,129600,SINAR MAS,JIANGSU BOHUI PAPER INDUSTRY CO LTD.,CHINA (MAINLAND),CHANGSHU,CHINA (MAINLAND)
2023,470329,ROYAL GOLDEN EAGLE,APRIL,FUTONG,RIAU,2021,896743,ROYAL GOLDEN EAGLE,APRIL INTERNATIONAL ENTEPRISE PTE LTD,SINGAPORE,XIAMEN,CHINA (MAINLAND)
2023,470329,SINAR MAS,INDAH KIAT,PERAWANG,RIAU,440,237600,SINAR MAS,JIANGSU BOHUI PAPER INDUSTRY CO LTD.,CHINA (MAINLAND),CHANGSHU,CHINA (MAINLAND)
2023,470329,SINAR MAS,INDAH KIAT,PERAWANG,RIAU,440,237600,SINAR MAS,JIANGSU BOHUI PAPER INDUSTRY CO LTD.,CHINA (MAINLAND),CHANGSHU,CHINA (MAINLAND)
2023,470329,ROYAL GOLDEN EAGLE,APRIL,BUATAN,RIAU,1011,449005,ROYAL GOLDEN EAGLE,APRIL INTERNATIONAL ENTEPRISE PTE LTD,SINGAPORE,NINGBO,CHINA (MAINLAND)
2023,470200,ROYAL GOLDEN EAGLE,APRIL,BUATAN,RIAU,1313,783501,ROYAL GOLDEN EAGLE,APRIL FAR EAST MALAYSIA SDN BHD,MALAYSIA,FUZHOU,CHINA (MAINLAND)
2023,470329,SINAR MAS,INDAH KIAT,PERAWANG,RIAU,440,237600,SINAR MAS,JIANGSU BOHUI PAPER INDUSTRY CO LTD.,CHINA (MAINLAND),CHANGSHU,CHINA (MAINLAND)
2023,470329,SINAR MAS,INDAH KIAT,PERAWANG,RIAU,360,194400,SINAR MAS,JIANGSU BOHUI PAPER INDUSTRY CO LTD.,CHINA (MAINLAND),CHANGSHU,CHINA (MAINLAND)
2023,470329,SINAR MAS,INDAH KIAT,PERAWANG,RIAU,100,49685,CREATIVE,CREATIVE PAPER MILLS LTD,BANGLADESH,CHATTOGRAM,BANGLADESH
2023,470200,ROYAL GOLDEN EAGLE,APRIL,BUATAN,RIAU,1010,603129,ROYAL GOLDEN EAGLE,APRIL FAR EAST MALAYSIA SDN BHD,MALAYSIA,FUZHOU,CHINA (MAINLAND)
2023,470200,ROYAL GOLDEN EAGLE,APRIL,BUATAN,RIAU,1212,722034,ROYAL GOLDEN EAGLE,APRIL FAR EAST MALAYSIA SDN BHD,MALAYSIA,JIUJIANG,CHINA (MAINLAND)
2023,470329,SINAR MAS,INDAH KIAT,PERAWANG,RIAU,440,237600,SINAR MAS,JIANGSU BOHUI PAPER INDUSTRY CO LTD.,CHINA (MAINLAND),CHANGSHU,CHINA (MAINLAND)
2023,470329,SINAR MAS,INDAH KIAT,PERAWANG,RIAU,440,237600,SINAR MAS,JIANGSU BOHUI PAPER INDUSTRY CO LTD.,CHINA (MAINLAND),CHANGSHU,CHINA (MAINLAND)
2023,470200,ROYAL GOLDEN EAGLE,APRIL,FUTONG,RIAU,8583,5133178,ROYAL GOLDEN EAGLE,APRIL FAR EAST MALAYSIA SDN BHD,MALAYSIA,SHANGHAI,CHINA (MAINLAND)
2023,470329,SINAR MAS,INDAH KIAT,PERAWANG,RIAU,440,237600,SINAR MAS,JIANGSU BOHUI PAPER INDUSTRY CO LTD.,CHINA (MAINLAND),CHANGSHU,CHINA (MAINLAND)
2023,470329,SINAR MAS,INDAH KIAT,PERAWANG,RIAU,200,99370,CREATIVE,CREATIVE PAPER MILLS LTD,BANGLADESH,CHATTOGRAM,BANGLADESH
2023,470200,ROYAL GOLDEN EAGLE,APRIL,FUTONG,RIAU,3030,1807016,ROYAL GOLDEN EAGLE,APRIL FAR EAST MALAYSIA SDN BHD,MALAYSIA,SHANGHAI,CHINA (MAINLAND)
2023,470329,SINAR MAS,INDAH KIAT,PERAWANG,RIAU,440,237600,SINAR MAS,JIANGSU BOHUI PAPER INDUSTRY CO LTD.,CHINA (MAINLAND),CHANGSHU,CHINA (MAINLAND)
2023,470329,ROYAL GOLDEN EAGLE,APRIL,BUATAN,RIAU,707,313512,ROYAL GOLDEN EAGLE,APRIL INTERNATIONAL ENTEPRISE PTE LTD,SINGAPORE,CHATTOGRAM,BANGLADESH
2023,470329,SINAR MAS,INDAH KIAT,PERAWANG,RIAU,440,237600,SINAR MAS,JIANGSU BOHUI PAPER INDUSTRY CO LTD.,CHINA (MAINLAND),CHANGSHU,CHINA (MAINLAND)
2023,470329,SINAR MAS,INDAH KIAT,PERAWANG,RIAU,440,237600,SINAR MAS,JIANGSU BOHUI PAPER INDUSTRY CO LTD.,CHINA (MAINLAND),CHANGSHU,CHINA (MAINLAND)
2023,470329,SINAR MAS,INDAH KIAT,PERAWANG,RIAU,440,237600,SINAR MAS,JIANGSU BOHUI PAPER INDUSTRY CO LTD.,CHINA (MAINLAND),CHANGSHU,CHINA (MAINLAND)
2023,470329,SINAR MAS,INDAH KIAT,PERAWANG,RIAU,380,205200,SINAR MAS,JIANGSU BOHUI PAPER INDUSTRY CO LTD.,CHINA (MAINLAND),CHANGSHU,CHINA (MAINLAND)
2023,470329,SINAR MAS,INDAH KIAT,PERAWANG,RIAU,200,108370,UNKNOWN AFFILIATION,AMBER SUPER PAPER LIMITED,BANGLADESH,CHATTOGRAM,BANGLADESH
2023,470200,ROYAL GOLDEN EAGLE,APRIL,FUTONG,RIAU,505,301357,ROYAL GOLDEN EAGLE,APRIL FAR EAST MALAYSIA SDN BHD,MALAYSIA,JIUJIANG,CHINA (MAINLAND)
2023,470329,SINAR MAS,INDAH KIAT,PERAWANG,RIAU,440,237600,SINAR MAS,JIANGSU BOHUI PAPER INDUSTRY CO LTD.,CHINA (MAINLAND),CHANGSHU,CHINA (MAINLAND)
2023,470329,SINAR MAS,INDAH KIAT,PERAWANG,RIAU,200,99370,CREATIVE,CREATIVE PAPER MILLS LTD,BANGLADESH,CHATTOGRAM,BANGLADESH
2023,470200,ROYAL GOLDEN EAGLE,APRIL,BUATAN,RIAU,505,301318,ROYAL GOLDEN EAGLE,APRIL FAR EAST MALAYSIA SDN BHD,MALAYSIA,LIANYUNGANG,CHINA (MAINLAND)
2023,470329,MARUBENI,TANJUNG ENIM LESTARI,TARAHAN,SUMATERA SELATAN,390,188785,HENAN JIANGHE PAPER,JIANGHE PAPER (HONG KONG) LTD,CHINA (HONG KONG),QINGDAO,CHINA (MAINLAND)
2023,470329,MARUBENI,TANJUNG ENIM LESTARI,TARAHAN,SUMATERA SELATAN,466,239199,HENGAN INTERNATIONAL,HENGAN MEGA JUMBO INVESTMENTS LTD,CHINA (HONG KONG),QINGDAO,CHINA (MAINLAND)
2023,470329,MARUBENI,TANJUNG ENIM LESTARI,TARAHAN,SUMATERA SELATAN,1999,1054013,HANSOL,HANSOL PAPER CO LTD,SOUTH KOREA,PYONGTAEK,SOUTH KOREA
2023,470329,ROYAL GOLDEN EAGLE,APRIL,FUTONG,RIAU,3636,1614351,ROYAL GOLDEN EAGLE,APRIL INTERNATIONAL ENTEPRISE PTE LTD,SINGAPORE,MUMBAI (EX BOMBAY),INDIA
2023,470200,ROYAL GOLDEN EAGLE,APRIL,FUTONG,RIAU,505,301392,ROYAL GOLDEN EAGLE,APRIL FAR EAST MALAYSIA SDN BHD,MALAYSIA,JIUJIANG,CHINA (MAINLAND)
2023,470200,ROYAL GOLDEN EAGLE,APRIL,FUTONG,RIAU,1010,602385,ROYAL GOLDEN EAGLE,APRIL FAR EAST MALAYSIA SDN BHD,MALAYSIA,JIUJIANG,CHINA (MAINLAND)
2023,470329,MARUBENI,TANJUNG ENIM LESTARI,TARAHAN,SUMATERA SELATAN,466,238613,UNKNOWN AFFILIATION,SHANDONG CENTURY SUNSHINE PAPER GROUP CO LTD,CHINA (MAINLAND),QINGDAO,CHINA (MAINLAND)
2023,470329,SINAR MAS,OKI,SULTAN MAHMUD BADARUDDIN (U),SUMATERA SELATAN,4600,2270100,SINAR MAS,JIANGSU BOHUI PAPER INDUSTRY CO LTD.,CHINA (MAINLAND),CHANGSHU,CHINA (MAINLAND)
2023,470200,ROYAL GOLDEN EAGLE,APRIL,BUATAN,RIAU,505,301228,ROYAL GOLDEN EAGLE,APRIL FAR EAST MALAYSIA SDN BHD,MALAYSIA,LIANYUNGANG,CHINA (MAINLAND)
2023,470329,MARUBENI,TANJUNG ENIM LESTARI,TARAHAN,SUMATERA SELATAN,799,459026,HONG WON,HONG WON PAPER MFG CO LTD,SOUTH KOREA,PYONGTAEK,SOUTH KOREA
2023,470200,ROYAL GOLDEN EAGLE,APRIL,FUTONG,RIAU,505,301247,ROYAL GOLDEN EAGLE,APRIL FAR EAST MALAYSIA SDN BHD,MALAYSIA,JIUJIANG,CHINA (MAINLAND)
2023,470329,MARUBENI,TANJUNG ENIM LESTARI,TARAHAN,SUMATERA SELATAN,99,56281,UNKNOWN AFFILIATION,KLEANNARA CO LTD,SOUTH KOREA,PYONGTAEK,SOUTH KOREA
2023,470329,SINAR MAS,OKI,SULTAN MAHMUD BADARUDDIN (U),SUMATERA SELATAN,8400,4573800,SINAR MAS,KING PAPER SOURCE TRADING (SHANGHAI) CO LTD,CHINA (MAINLAND),SHANGHAI,CHINA (MAINLAND)
2023,470329,MARUBENI,TANJUNG ENIM LESTARI,TARAHAN,SUMATERA SELATAN,467,239550,HENGAN INTERNATIONAL,HENGAN MEGA JUMBO INVESTMENTS LTD,CHINA (HONG KONG),QINGDAO,CHINA (MAINLAND)
2023,470200,ROYAL GOLDEN EAGLE,APRIL,FUTONG,RIAU,505,301489,ROYAL GOLDEN EAGLE,APRIL FAR EAST MALAYSIA SDN BHD,MALAYSIA,JIUJIANG,CHINA (MAINLAND)
2023,470329,MARUBENI,TANJUNG ENIM LESTARI,TARAHAN,SUMATERA SELATAN,945,484894,HIGH HOPE,HIGH HOPE ZHONGTIAN CORP,CHINA (MAINLAND),QINGDAO,CHINA (MAINLAND)
2023,470329,SINAR MAS,INDAH KIAT,PERAWANG,RIAU,200,108370,UNKNOWN AFFILIATION,AMBER SUPER PAPER LIMITED,BANGLADESH,CHATTOGRAM,BANGLADESH
2023,470200,ROYAL GOLDEN EAGLE,APRIL,BUATAN,RIAU,506,301467,ROYAL GOLDEN EAGLE,APRIL FAR EAST MALAYSIA SDN BHD,MALAYSIA,FUZHOU,CHINA (MAINLAND)
2023,470200,ROYAL GOLDEN EAGLE,APRIL,BUATAN,RIAU,525,313148,ROYAL GOLDEN EAGLE,APRIL FAR EAST MALAYSIA SDN BHD,MALAYSIA,JIUJIANG,CHINA (MAINLAND)
2023,470329,SINAR MAS,OKI,SULTAN MAHMUD BADARUDDIN (U),SUMATERA SELATAN,3400,1851300,SINAR MAS,JIANGSU BOHUI PAPER INDUSTRY CO LTD.,CHINA (MAINLAND),CHANGSHU,CHINA (MAINLAND)
2023,470329,MARUBENI,TANJUNG ENIM LESTARI,TARAHAN,SUMATERA SELATAN,1888,914951,HENAN JIANGHE PAPER,JIANGHE PAPER (HONG KONG) LTD,CHINA (HONG KONG),QINGDAO,CHINA (MAINLAND)
2023,470329,MARUBENI,TANJUNG ENIM LESTARI,TARAHAN,SUMATERA SELATAN,936,480397,HENGAN INTERNATIONAL,HENGAN MEGA JUMBO INVESTMENTS LTD,CHINA (HONG KONG),QINGDAO,CHINA (MAINLAND)
2023,470329,ROYAL GOLDEN EAGLE,APRIL,FUTONG,RIAU,15638,6936897,ROYAL GOLDEN EAGLE,APRIL INTERNATIONAL ENTEPRISE PTE LTD,SINGAPORE,MUMBAI (EX BOMBAY),INDIA
2023,470329,MARUBENI,TANJUNG ENIM LESTARI,TARAHAN,SUMATERA SELATAN,1499,759621,HENAN INVESTMENT,DAHE PAPER (HONG KONG) CO LTD,CHINA (HONG KONG),QINGDAO,CHINA (MAINLAND)
2023,470329,ROYAL GOLDEN EAGLE,APRIL,FUTONG,RIAU,5051,2242148,ROYAL GOLDEN EAGLE,APRIL INTERNATIONAL ENTEPRISE PTE LTD,SINGAPORE,ABU DHABI,NEW ZEALAND
2023,470200,ROYAL GOLDEN EAGLE,APRIL,FUTONG,RIAU,505,301273,ROYAL GOLDEN EAGLE,APRIL FAR EAST MALAYSIA SDN BHD,MALAYSIA,JIUJIANG,CHINA (MAINLAND)
2023,470200,ROYAL GOLDEN EAGLE,APRIL,FUTONG,RIAU,2,941432,ROYAL GOLDEN EAGLE,APRIL FAR EAST MALAYSIA SDN BHD,MALAYSIA,CHANGSHU,CHINA (MAINLAND)
2023,470329,SINAR MAS,OKI,SULTAN MAHMUD BADARUDDIN (U),SUMATERA SELATAN,2500,1233750,SINAR MAS,KING PAPER SOURCE TRADING (SHANGHAI) CO LTD,CHINA (MAINLAND),SHANGHAI,CHINA (MAINLAND)
2023,470329,SINAR MAS,OKI,SULTAN MAHMUD BADARUDDIN (U),SUMATERA SELATAN,1000,493500,SINAR MAS,KING PAPER SOURCE TRADING (SHANGHAI) CO LTD,CHINA (MAINLAND),SHANGHAI,CHINA (MAINLAND)
2023,470329,ROYAL GOLDEN EAGLE,APRIL,FUTONG,RIAU,3031,1345689,ROYAL GOLDEN EAGLE,APRIL INTERNATIONAL ENTEPRISE PTE LTD,SINGAPORE,QINGDAO,CHINA (MAINLAND)
2023,470329,ROYAL GOLDEN EAGLE,APRIL,BUATAN,RIAU,1010,448720,ROYAL GOLDEN EAGLE,APRIL INTERNATIONAL ENTEPRISE PTE LTD,SINGAPORE,NINGBO,CHINA (MAINLAND)
2023,470200,ROYAL GOLDEN EAGLE,APRIL,FUTONG,RIAU,5514,3326104,ROYAL GOLDEN EAGLE,APRIL FAR EAST MALAYSIA SDN BHD,MALAYSIA,CHANGSHU,CHINA (MAINLAND)
2023,470329,ROYAL GOLDEN EAGLE,APRIL,FUTONG,RIAU,2020,895936,ROYAL GOLDEN EAGLE,APRIL INTERNATIONAL ENTEPRISE PTE LTD,SINGAPORE,QINGDAO,CHINA (MAINLAND)
2023,470200,ROYAL GOLDEN EAGLE,APRIL,BUATAN,RIAU,505,301541,ROYAL GOLDEN EAGLE,APRIL FAR EAST MALAYSIA SDN BHD,MALAYSIA,FUZHOU,CHINA (MAINLAND)
2023,470329,SINAR MAS,INDAH KIAT,PERAWANG,RIAU,240,117971,UNKNOWN AFFILIATION,MEDITERRANEAN PAPER CO,EGYPT,EL DEKHEILA,EGYPT
2023,470329,SINAR MAS,INDAH KIAT,PERAWANG,RIAU,260,127802,UNKNOWN AFFILIATION,MEDITERRANEAN PAPER CO,EGYPT,EL DEKHEILA,EGYPT
2023,470329,SINAR MAS,OKI,SULTAN MAHMUD BADARUDDIN (U),SUMATERA SELATAN,2500,1361250,SINAR MAS,KING PAPER SOURCE TRADING (SHANGHAI) CO LTD,CHINA (MAINLAND),SHANGHAI,CHINA (MAINLAND)
2023,470329,SINAR MAS,OKI,SULTAN MAHMUD BADARUDDIN (U),SUMATERA SELATAN,1600,871200,SINAR MAS,KING PAPER SOURCE TRADING (SHANGHAI) CO LTD,CHINA (MAINLAND),SHANGHAI,CHINA (MAINLAND)
2023,470329,SINAR MAS,INDAH KIAT,PERAWANG,RIAU,260,127802,YOUSSEF ALLAM,AL MOUTAHEDA PAPER & BOARD UNIBOARD,EGYPT,EL DEKHEILA,EGYPT
2023,470329,SINAR MAS,INDAH KIAT,PERAWANG,RIAU,240,117971,YOUSSEF ALLAM,AL MOUTAHEDA PAPER & BOARD UNIBOARD,EGYPT,EL DEKHEILA,EGYPT
2023,470200,ROYAL GOLDEN EAGLE,APRIL,BUATAN,RIAU,506,301410,ROYAL GOLDEN EAGLE,APRIL FAR EAST MALAYSIA SDN BHD,MALAYSIA,LIANYUNGANG,CHINA (MAINLAND)
2023,470329,SINAR MAS,INDAH KIAT,PERAWANG,RIAU,260,127802,UNKNOWN AFFILIATION,MEDITERRANEAN PAPER CO,EGYPT,EL DEKHEILA,EGYPT
2023,470329,ROYAL GOLDEN EAGLE,APRIL,BUATAN,RIAU,141,62701,ROYAL GOLDEN EAGLE,APRIL INTERNATIONAL ENTEPRISE PTE LTD,SINGAPORE,JAWAHARLAL NEHRU (NHAVA S,INDIA
2023,470200,ROYAL GOLDEN EAGLE,APRIL,BUATAN,RIAU,786,468499,ROYAL GOLDEN EAGLE,APRIL FAR EAST MALAYSIA SDN BHD,MALAYSIA,JIUJIANG,CHINA (MAINLAND)
2023,470329,ROYAL GOLDEN EAGLE,APRIL,BUATAN,RIAU,303,134398,ROYAL GOLDEN EAGLE,APRIL INTERNATIONAL ENTEPRISE PTE LTD,SINGAPORE,CHATTOGRAM,BANGLADESH
2023,470329,ROYAL GOLDEN EAGLE,APRIL,BUATAN,RIAU,202,89566,ROYAL GOLDEN EAGLE,APRIL INTERNATIONAL ENTEPRISE PTE LTD,SINGAPORE,ICD MIHAN,INDIA
2023,470329,SINAR MAS,INDAH KIAT,PERAWANG,RIAU,240,117971,UNKNOWN AFFILIATION,MEDITERRANEAN PAPER CO,EGYPT,EL DEKHEILA,EGYPT
2023,470329,SINAR MAS,OKI,SULTAN MAHMUD BADARUDDIN (U),SUMATERA SELATAN,3000,1633500,SINAR MAS,KING PAPER SOURCE TRADING (SHANGHAI) CO LTD,CHINA (MAINLAND),SHANGHAI,CHINA (MAINLAND)
2023,470329,ROYAL GOLDEN EAGLE,APRIL,FUTONG,RIAU,2525,1120083,ROYAL GOLDEN EAGLE,APRIL INTERNATIONAL ENTEPRISE PTE LTD,SINGAPORE,CHANGSHU,CHINA (MAINLAND)
2023,470200,ROYAL GOLDEN EAGLE,APRIL,FUTONG,RIAU,3333,1988648,ROYAL GOLDEN EAGLE,APRIL FAR EAST MALAYSIA SDN BHD,MALAYSIA,CHANGSHU,CHINA (MAINLAND)
2023,470200,ROYAL GOLDEN EAGLE,APRIL,FUTONG,RIAU,6569,3929804,ROYAL GOLDEN EAGLE,APRIL FAR EAST MALAYSIA SDN BHD,MALAYSIA,CHANGSHU,CHINA (MAINLAND)
2023,470329,ROYAL GOLDEN EAGLE,APRIL,BUATAN,RIAU,1010,448779,ROYAL GOLDEN EAGLE,APRIL INTERNATIONAL ENTEPRISE PTE LTD,SINGAPORE,ZHAPU,CHINA (MAINLAND)
2023,470200,ROYAL GOLDEN EAGLE,APRIL,BUATAN,RIAU,505,301562,ROYAL GOLDEN EAGLE,APRIL FAR EAST MALAYSIA SDN BHD,MALAYSIA,LIANYUNGANG,CHINA (MAINLAND)
2023,470329,SINAR MAS,OKI,SULTAN MAHMUD BADARUDDIN (U),SUMATERA SELATAN,4000,2174000,SINAR MAS,KING PAPER SOURCE TRADING (SHANGHAI) CO LTD,CHINA (MAINLAND),SHANGHAI,CHINA (MAINLAND)
2023,470200,ROYAL GOLDEN EAGLE,APRIL,FUTONG,RIAU,3029,1807116,ROYAL GOLDEN EAGLE,APRIL FAR EAST MALAYSIA SDN BHD,MALAYSIA,JIUJIANG,CHINA (MAINLAND)
2023,470329,SINAR MAS,OKI,SULTAN MAHMUD BADARUDDIN (U),SUMATERA SELATAN,400,217400,SINAR MAS,KING PAPER SOURCE TRADING (SHANGHAI) CO LTD,CHINA (MAINLAND),SHANGHAI,CHINA (MAINLAND)
2023,470329,MARUBENI,TANJUNG ENIM LESTARI,PANJANG,SUMATERA SELATAN,485,264812,NIPPON PAPER,SIAM NIPPON INDUSTRIAL PAPER CO LTD,THAILAND,LAT KRABANG,THAILAND
2023,470329,SINAR MAS,OKI,SULTAN MAHMUD BADARUDDIN (U),SUMATERA SELATAN,3000,1477500,SINAR MAS,KING PAPER SOURCE TRADING (SHANGHAI) CO LTD,CHINA (MAINLAND),SHANGHAI,CHINA (MAINLAND)
2023,470329,SINAR MAS,OKI,SULTAN MAHMUD BADARUDDIN (U),SUMATERA SELATAN,2600,1413100,SINAR MAS,KING PAPER SOURCE TRADING (SHANGHAI) CO LTD,CHINA (MAINLAND),SHANGHAI,CHINA (MAINLAND)
2023,470329,SINAR MAS,OKI,SULTAN MAHMUD BADARUDDIN (U),SUMATERA SELATAN,1000,543500,SINAR MAS,KING PAPER SOURCE TRADING (SHANGHAI) CO LTD,CHINA (MAINLAND),SHANGHAI,CHINA (MAINLAND)
2023,470329,SINAR MAS,OKI,SULTAN MAHMUD BADARUDDIN (U),SUMATERA SELATAN,500,246250,SINAR MAS,KING PAPER SOURCE TRADING (SHANGHAI) CO LTD,CHINA (MAINLAND),SHANGHAI,CHINA (MAINLAND)
2023,470329,MARUBENI,TANJUNG ENIM LESTARI,PANJANG,SUMATERA SELATAN,105,58260,UNKNOWN AFFILIATION,VECHEM ORGANICS PVT LTD,INDIA,JAWAHARLAL NEHRU (NHAVA S,INDIA
2023,470329,MARUBENI,TANJUNG ENIM LESTARI,PANJANG,SUMATERA SELATAN,105,58118,UNKNOWN AFFILIATION,TESORO TRADELINKS,INDIA,CHENNAI (EX MADRAS),INDIA
2023,470329,MARUBENI,TANJUNG ENIM LESTARI,PANJANG,SUMATERA SELATAN,105,54382,UNKNOWN AFFILIATION,VECHEM ORGANICS PVT LTD,INDIA,JAWAHARLAL NEHRU (NHAVA S,INDIA
2023,470329,SINAR MAS,INDAH KIAT,PERAWANG,RIAU,440,237600,SINAR MAS,KING PAPER SOURCE TRADING (SHANGHAI) CO LTD,CHINA (MAINLAND),DAGANG,CHINA (MAINLAND)
2023,470329,SINAR MAS,INDAH KIAT,PERAWANG,RIAU,440,237600,SINAR MAS,KING PAPER SOURCE TRADING (SHANGHAI) CO LTD,CHINA (MAINLAND),DAGANG,CHINA (MAINLAND)
2023,470329,SINAR MAS,INDAH KIAT,PERAWANG,RIAU,40,19560,SINAR MAS,KING PAPER SOURCE TRADING (SHANGHAI) CO LTD,CHINA (MAINLAND),DAGANG,CHINA (MAINLAND)
2023,470329,SINAR MAS,INDAH KIAT,PERAWANG,RIAU,440,237600,SINAR MAS,KING PAPER SOURCE TRADING (SHANGHAI) CO LTD,CHINA (MAINLAND),DAGANG,CHINA (MAINLAND)
2023,470329,SINAR MAS,INDAH KIAT,PERAWANG,RIAU,440,237600,SINAR MAS,KING PAPER SOURCE TRADING (SHANGHAI) CO LTD,CHINA (MAINLAND),DAGANG,CHINA (MAINLAND)
2023,470329,SINAR MAS,INDAH KIAT,PERAWANG,RIAU,440,237600,SINAR MAS,KING PAPER SOURCE TRADING (SHANGHAI) CO LTD,CHINA (MAINLAND),DAGANG,CHINA (MAINLAND)
2023,470329,SINAR MAS,INDAH KIAT,PERAWANG,RIAU,440,237600,SINAR MAS,KING PAPER SOURCE TRADING (SHANGHAI) CO LTD,CHINA (MAINLAND),DAGANG,CHINA (MAINLAND)
2023,470329,SINAR MAS,INDAH KIAT,PERAWANG,RIAU,440,237600,SINAR MAS,KING PAPER SOURCE TRADING (SHANGHAI) CO LTD,CHINA (MAINLAND),DAGANG,CHINA (MAINLAND)
2023,470329,SINAR MAS,INDAH KIAT,PERAWANG,RIAU,560,299168,BATAAN,BATAAN 2020 INC,PHILIPPINES,MANILA NORTH HARBOUR,PHILIPPINES
2023,470329,ROYAL GOLDEN EAGLE,APRIL,FUTONG,RIAU,2020,896038,ROYAL GOLDEN EAGLE,APRIL INTERNATIONAL ENTEPRISE PTE LTD,SINGAPORE,CHATTOGRAM,BANGLADESH
2023,470200,ROYAL GOLDEN EAGLE,APRIL,FUTONG,RIAU,2020,1206311,ROYAL GOLDEN EAGLE,APRIL FAR EAST MALAYSIA SDN BHD,MALAYSIA,FUZHOU,CHINA (MAINLAND)
2023,470329,SINAR MAS,INDAH KIAT,PERAWANG,RIAU,440,237600,SINAR MAS,KING PAPER SOURCE TRADING (SHANGHAI) CO LTD,CHINA (MAINLAND),DAGANG,CHINA (MAINLAND)
2023,470329,SINAR MAS,INDAH KIAT,PERAWANG,RIAU,440,237600,SINAR MAS,KING PAPER SOURCE TRADING (SHANGHAI) CO LTD,CHINA (MAINLAND),DAGANG,CHINA (MAINLAND)
2023,470329,SINAR MAS,INDAH KIAT,PERAWANG,RIAU,440,237600,SINAR MAS,KING PAPER SOURCE TRADING (SHANGHAI) CO LTD,CHINA (MAINLAND),DAGANG,CHINA (MAINLAND)
2023,470329,SINAR MAS,INDAH KIAT,PERAWANG,RIAU,440,215160,SINAR MAS,KING PAPER SOURCE TRADING (SHANGHAI) CO LTD,CHINA (MAINLAND),DAGANG,CHINA (MAINLAND)
2023,470329,SINAR MAS,INDAH KIAT,PERAWANG,RIAU,440,237600,SINAR MAS,KING PAPER SOURCE TRADING (SHANGHAI) CO LTD,CHINA (MAINLAND),DAGANG,CHINA (MAINLAND)
2023,470329,SINAR MAS,INDAH KIAT,PERAWANG,RIAU,440,237600,SINAR MAS,KING PAPER SOURCE TRADING (SHANGHAI) CO LTD,CHINA (MAINLAND),DAGANG,CHINA (MAINLAND)
2023,470329,SINAR MAS,INDAH KIAT,PERAWANG,RIAU,200,107834,RENGO,VINA KRAFT PAPER CO LTD,VIETNAM,CAT LAI,VIETNAM
2023,470329,MARUBENI,TANJUNG ENIM LESTARI,PANJANG,SUMATERA SELATAN,294,157743,ITC,ITC LTD - PAPERBOARDS & SPECIALTY PAPERS DIVSION,INDIA,HALDIA,INDIA
2023,470329,SINAR MAS,INDAH KIAT,PERAWANG,RIAU,1000,421350,SINAR MAS,TAMIL NADU NEWSPRINT AND PAPERS LTD,INDIA,TUTICORIN,INDIA
2023,470329,MARUBENI,TANJUNG ENIM LESTARI,PANJANG,SUMATERA SELATAN,209,107701,ANKIT,ANKIT PULPS AND BOARDS PVT LTD,INDIA,ICD MIHAN,INDIA
2023,470329,SINAR MAS,INDAH KIAT,PERAWANG,RIAU,440,237600,SINAR MAS,KING PAPER SOURCE TRADING (SHANGHAI) CO LTD,CHINA (MAINLAND),DAGANG,CHINA (MAINLAND)
2023,470329,SINAR MAS,INDAH KIAT,PERAWANG,RIAU,440,237600,SINAR MAS,KING PAPER SOURCE TRADING (SHANGHAI) CO LTD,CHINA (MAINLAND),DAGANG,CHINA (MAINLAND)
2023,470329,SINAR MAS,INDAH KIAT,PERAWANG,RIAU,440,237600,SINAR MAS,KING PAPER SOURCE TRADING (SHANGHAI) CO LTD,CHINA (MAINLAND),DAGANG,CHINA (MAINLAND)
2023,470329,SINAR MAS,INDAH KIAT,PERAWANG,RIAU,440,237600,SINAR MAS,KING PAPER SOURCE TRADING (SHANGHAI) CO LTD,CHINA (MAINLAND),DAGANG,CHINA (MAINLAND)
2023,470329,SINAR MAS,INDAH KIAT,PERAWANG,RIAU,440,215160,SINAR MAS,KING PAPER SOURCE TRADING (SHANGHAI) CO LTD,CHINA (MAINLAND),DAGANG,CHINA (MAINLAND)
2023,470329,SINAR MAS,INDAH KIAT,PERAWANG,RIAU,440,215160,SINAR MAS,KING PAPER SOURCE TRADING (SHANGHAI) CO LTD,CHINA (MAINLAND),DAGANG,CHINA (MAINLAND)
2023,470329,SINAR MAS,INDAH KIAT,PERAWANG,RIAU,20,10800,SINAR MAS,KING PAPER SOURCE TRADING (SHANGHAI) CO LTD,CHINA (MAINLAND),DAGANG,CHINA (MAINLAND)
2023,470329,SINAR MAS,INDAH KIAT,PERAWANG,RIAU,440,237600,SINAR MAS,KING PAPER SOURCE TRADING (SHANGHAI) CO LTD,CHINA (MAINLAND),DAGANG,CHINA (MAINLAND)
2023,470329,SINAR MAS,INDAH KIAT,PERAWANG,RIAU,440,237600,SINAR MAS,KING PAPER SOURCE TRADING (SHANGHAI) CO LTD,CHINA (MAINLAND),DAGANG,CHINA (MAINLAND)
2023,470329,SINAR MAS,INDAH KIAT,PERAWANG,RIAU,440,237600,SINAR MAS,KING PAPER SOURCE TRADING (SHANGHAI) CO LTD,CHINA (MAINLAND),DAGANG,CHINA (MAINLAND)
2023,470329,SINAR MAS,INDAH KIAT,PERAWANG,RIAU,440,215160,SINAR MAS,KING PAPER SOURCE TRADING (SHANGHAI) CO LTD,CHINA (MAINLAND),DAGANG,CHINA (MAINLAND)
2023,470329,MARUBENI,TANJUNG ENIM LESTARI,PANJANG,SUMATERA SELATAN,106,58414,UNKNOWN AFFILIATION,VECHEM ORGANICS PVT LTD,INDIA,JAWAHARLAL NEHRU (NHAVA S,INDIA
2023,470329,MARUBENI,TANJUNG ENIM LESTARI,PANJANG,SUMATERA SELATAN,105,58283,UNKNOWN AFFILIATION,VECHEM ORGANICS PVT LTD,INDIA,SONIPAT,INDIA
2023,470329,SINAR MAS,INDAH KIAT,PERAWANG,RIAU,440,237600,SINAR MAS,KING PAPER SOURCE TRADING (SHANGHAI) CO LTD,CHINA (MAINLAND),DAGANG,CHINA (MAINLAND)
2023,470329,SINAR MAS,INDAH KIAT,PERAWANG,RIAU,440,237600,SINAR MAS,KING PAPER SOURCE TRADING (SHANGHAI) CO LTD,CHINA (MAINLAND),DAGANG,CHINA (MAINLAND)
2023,470329,SINAR MAS,INDAH KIAT,PERAWANG,RIAU,440,237600,SINAR MAS,KING PAPER SOURCE TRADING (SHANGHAI) CO LTD,CHINA (MAINLAND),DAGANG,CHINA (MAINLAND)
2023,470329,ROYAL GOLDEN EAGLE,APRIL,BUATAN,RIAU,121,53792,ROYAL GOLDEN EAGLE,APRIL INTERNATIONAL ENTEPRISE PTE LTD,SINGAPORE,KAOHSIUNG,TAIWAN
2023,470329,ROYAL GOLDEN EAGLE,APRIL,BUATAN,RIAU,727,322640,ROYAL GOLDEN EAGLE,APRIL INTERNATIONAL ENTEPRISE PTE LTD,SINGAPORE,CHATTOGRAM,BANGLADESH
2023,470200,ROYAL GOLDEN EAGLE,APRIL,FUTONG,RIAU,4040,2409767,ROYAL GOLDEN EAGLE,APRIL FAR EAST MALAYSIA SDN BHD,MALAYSIA,JIUJIANG,CHINA (MAINLAND)
2023,470329,SINAR MAS,INDAH KIAT,PERAWANG,RIAU,200,99370,CREATIVE,CREATIVE PAPER MILLS LTD,BANGLADESH,CHATTOGRAM,BANGLADESH
2023,470329,SINAR MAS,OKI,SULTAN MAHMUD BADARUDDIN (U),SUMATERA SELATAN,1000,493500,SINAR MAS,KING PAPER SOURCE TRADING (SHANGHAI) CO LTD,CHINA (MAINLAND),NINGBO,CHINA (MAINLAND)
2023,470329,SINAR MAS,OKI,SULTAN MAHMUD BADARUDDIN (U),SUMATERA SELATAN,500,246750,SINAR MAS,KING PAPER SOURCE TRADING (SHANGHAI) CO LTD,CHINA (MAINLAND),NINGBO,CHINA (MAINLAND)
2023,470329,ROYAL GOLDEN EAGLE,APRIL,BUATAN,RIAU,315,140052,ROYAL GOLDEN EAGLE,APRIL INTERNATIONAL ENTEPRISE PTE LTD,SINGAPORE,TAICHUNG,TAIWAN
2023,470200,ROYAL GOLDEN EAGLE,APRIL,BUATAN,RIAU,505,297175,ROYAL GOLDEN EAGLE,APRIL FAR EAST MALAYSIA SDN BHD,MALAYSIA,FUZHOU,CHINA (MAINLAND)
2023,470329,SINAR MAS,OKI,SULTAN MAHMUD BADARUDDIN (U),SUMATERA SELATAN,6800,3702600,SINAR MAS,KING PAPER SOURCE TRADING (SHANGHAI) CO LTD,CHINA (MAINLAND),NINGBO,CHINA (MAINLAND)
2023,470329,MARUBENI,TANJUNG ENIM LESTARI,PANJANG,SUMATERA SELATAN,105,57876,UNKNOWN AFFILIATION,TESORO TRADELINKS,INDIA,JAWAHARLAL NEHRU (NHAVA S,INDIA
2023,470329,MARUBENI,TANJUNG ENIM LESTARI,PANJANG,SUMATERA SELATAN,19,11562,NIPPON PAPER,NIPPON PAPER CRECIA CO LTD,JAPAN,SHIMIZU,JAPAN
2023,470329,SINAR MAS,INDAH KIAT,PERAWANG,RIAU,200,99370,CREATIVE,CREATIVE PAPER MILLS LTD,BANGLADESH,CHATTOGRAM,BANGLADESH
2023,470329,ROYAL GOLDEN EAGLE,APRIL,BUATAN,RIAU,506,224424,ROYAL GOLDEN EAGLE,APRIL INTERNATIONAL ENTEPRISE PTE LTD,SINGAPORE,CHATTOGRAM,BANGLADESH
2023,470329,SINAR MAS,OKI,SULTAN MAHMUD BADARUDDIN (U),SUMATERA SELATAN,4500,2450250,SINAR MAS,SHANDONG BOHUI PAPER INDUSTRY CO LTD,CHINA (MAINLAND),QINGDAO,CHINA (MAINLAND)
2023,470329,MARUBENI,TANJUNG ENIM LESTARI,PANJANG,SUMATERA SELATAN,96,57924,MARUBENI,MARUBENI CORP,JAPAN,SHIMIZU,JAPAN
2023,470329,ROYAL GOLDEN EAGLE,APRIL,BUATAN,RIAU,263,116408,ROYAL GOLDEN EAGLE,APRIL INTERNATIONAL ENTEPRISE PTE LTD,SINGAPORE,CHATTOGRAM,BANGLADESH
2023,470200,ROYAL GOLDEN EAGLE,APRIL,BUATAN,RIAU,505,301271,ROYAL GOLDEN EAGLE,APRIL FAR EAST MALAYSIA SDN BHD,MALAYSIA,FUZHOU,CHINA (MAINLAND)
2023,470329,MARUBENI,TANJUNG ENIM LESTARI,PANJANG,SUMATERA SELATAN,96,58238,MARUBENI,MARUBENI CORP,JAPAN,SHIMIZU,JAPAN
2023,470329,MARUBENI,TANJUNG ENIM LESTARI,PANJANG,SUMATERA SELATAN,190,115066,MARUBENI,MARUBENI CORP,JAPAN,SHIMIZU,JAPAN
2023,470329,SINAR MAS,OKI,SULTAN MAHMUD BADARUDDIN (U),SUMATERA SELATAN,2700,1332450,SINAR MAS,KING PAPER SOURCE TRADING (SHANGHAI) CO LTD,CHINA (MAINLAND),NINGBO,CHINA (MAINLAND)
2023,470329,ROYAL GOLDEN EAGLE,APRIL,BUATAN,RIAU,506,224333,ROYAL GOLDEN EAGLE,APRIL INTERNATIONAL ENTEPRISE PTE LTD,SINGAPORE,HAIPHONG,VIETNAM
2023,470329,ROYAL GOLDEN EAGLE,APRIL,BUATAN,RIAU,97,43055,ROYAL GOLDEN EAGLE,APRIL INTERNATIONAL ENTEPRISE PTE LTD,SINGAPORE,KAOHSIUNG,TAIWAN
2023,470329,MARUBENI,TANJUNG ENIM LESTARI,PANJANG,SUMATERA SELATAN,484,284035,ZHONGSHUN / C&S PAPER,JIANGMEN ZHONGSHUN PAPER INDUSTRY CO LTD,CHINA (MAINLAND),XINHUI,CHINA (MAINLAND)
2023,470329,ROYAL GOLDEN EAGLE,APRIL,BUATAN,RIAU,303,134464,ROYAL GOLDEN EAGLE,APRIL INTERNATIONAL ENTEPRISE PTE LTD,SINGAPORE,PAT BANGKOK,THAILAND
2023,470200,ROYAL GOLDEN EAGLE,APRIL,BUATAN,RIAU,505,301511,ROYAL GOLDEN EAGLE,APRIL FAR EAST MALAYSIA SDN BHD,MALAYSIA,FUZHOU,CHINA (MAINLAND)
2023,470200,ROYAL GOLDEN EAGLE,APRIL,BUATAN,RIAU,505,301170,ROYAL GOLDEN EAGLE,APRIL FAR EAST MALAYSIA SDN BHD,MALAYSIA,LIANYUNGANG,CHINA (MAINLAND)
2023,470329,SINAR MAS,OKI,SULTAN MAHMUD BADARUDDIN (U),SUMATERA SELATAN,4000,2178000,SINAR MAS,SHANDONG BOHUI PAPER INDUSTRY CO LTD,CHINA (MAINLAND),QINGDAO,CHINA (MAINLAND)
2023,470200,ROYAL GOLDEN EAGLE,APRIL,BUATAN,RIAU,505,300817,ROYAL GOLDEN EAGLE,APRIL FAR EAST MALAYSIA SDN BHD,MALAYSIA,FUZHOU,CHINA (MAINLAND)
2023,470329,MARUBENI,TANJUNG ENIM LESTARI,PANJANG,SUMATERA SELATAN,483,272925,YIBIN GRACE,YIBIN HIEST FIBRE LTD CORP,CHINA (MAINLAND),YIBIN,CHINA (MAINLAND)
2023,470329,MARUBENI,TANJUNG ENIM LESTARI,PANJANG,SUMATERA SELATAN,484,250195,VINDA,VINDA PAPER (LIAONING) CO LTD,CHINA (MAINLAND),YINGKOU,CHINA (MAINLAND)
2023,470329,SINAR MAS,OKI,SULTAN MAHMUD BADARUDDIN (U),SUMATERA SELATAN,5000,2722500,SINAR MAS,SHANDONG BOHUI PAPER INDUSTRY CO LTD,CHINA (MAINLAND),QINGDAO,CHINA (MAINLAND)
2023,470329,ROYAL GOLDEN EAGLE,APRIL,BUATAN,RIAU,1011,448306,ROYAL GOLDEN EAGLE,APRIL INTERNATIONAL ENTEPRISE PTE LTD,SINGAPORE,CHATTOGRAM,BANGLADESH
2023,470329,SINAR MAS,OKI,SULTAN MAHMUD BADARUDDIN (U),SUMATERA SELATAN,2500,1361250,SINAR MAS,SHANDONG BOHUI PAPER INDUSTRY CO LTD,CHINA (MAINLAND),QINGDAO,CHINA (MAINLAND)
2023,470329,ROYAL GOLDEN EAGLE,APRIL,BUATAN,RIAU,162,71658,ROYAL GOLDEN EAGLE,APRIL INTERNATIONAL ENTEPRISE PTE LTD,SINGAPORE,JAWAHARLAL NEHRU (NHAVA S,INDIA
2023,470329,MARUBENI,TANJUNG ENIM LESTARI,PANJANG,SUMATERA SELATAN,485,280143,HIGH HOPE,HIGH HOPE ZHONGTIAN CORP,CHINA (MAINLAND),XINGANG,CHINA (MAINLAND)
2023,470329,MARUBENI,TANJUNG ENIM LESTARI,PANJANG,SUMATERA SELATAN,484,279932,XIANMEN C&D,HONG KONG PAPER SOURCES CO LTD,CHINA (HONG KONG),XINGANG,CHINA (MAINLAND)
2023,470329,SINAR MAS,INDAH KIAT,PERAWANG,RIAU,200,98370,CREATIVE,CREATIVE PAPER MILLS LTD,BANGLADESH,CHATTOGRAM,BANGLADESH
2023,470329,SINAR MAS,INDAH KIAT,PERAWANG,RIAU,1000,458500,HANSOL,HANSOL PAPER CO LTD,CHINA (MAINLAND),ULSAN,SOUTH KOREA
2023,470329,SINAR MAS,INDAH KIAT,PERAWANG,RIAU,200,98370,CREATIVE,CREATIVE PAPER MILLS LTD,BANGLADESH,CHATTOGRAM,BANGLADESH
2023,470329,ROYAL GOLDEN EAGLE,APRIL,FUTONG,RIAU,1212,537218,ROYAL GOLDEN EAGLE,APRIL INTERNATIONAL ENTEPRISE PTE LTD,SINGAPORE,PYONGTAEK,SOUTH KOREA
2023,470329,ROYAL GOLDEN EAGLE,APRIL,BUATAN,RIAU,303,134186,ROYAL GOLDEN EAGLE,APRIL INTERNATIONAL ENTEPRISE PTE LTD,SINGAPORE,CHATTOGRAM,BANGLADESH
2023,470329,ROYAL GOLDEN EAGLE,APRIL,FUTONG,RIAU,3533,1565394,ROYAL GOLDEN EAGLE,APRIL INTERNATIONAL ENTEPRISE PTE LTD,SINGAPORE,GUNSAN (ES KUNSAN),SOUTH KOREA
2023,470329,SINAR MAS,INDAH KIAT,PERAWANG,RIAU,200,98370,CREATIVE,CREATIVE PAPER MILLS LTD,BANGLADESH,CHATTOGRAM,BANGLADESH
2023,470329,ROYAL GOLDEN EAGLE,APRIL,FUTONG,RIAU,1545,685512,ROYAL GOLDEN EAGLE,APRIL FAR EAST MALAYSIA SDN BHD,MALAYSIA,IYOMISHIMA,JAPAN
2023,470329,SINAR MAS,INDAH KIAT,PERAWANG,RIAU,6300,2699550,HANKUK,HANKUK PAPER MFG CO LTD,CHINA (MAINLAND),ULSAN,SOUTH KOREA
2023,470329,SINAR MAS,INDAH KIAT,PERAWANG,RIAU,200,98370,CREATIVE,CREATIVE PAPER MILLS LTD,BANGLADESH,CHATTOGRAM,BANGLADESH
2023,470329,ROYAL GOLDEN EAGLE,APRIL,BUATAN,RIAU,505,224058,ROYAL GOLDEN EAGLE,APRIL INTERNATIONAL ENTEPRISE PTE LTD,SINGAPORE,CHATTOGRAM,BANGLADESH
2023,470329,ROYAL GOLDEN EAGLE,APRIL,FUTONG,RIAU,1889,837679,ROYAL GOLDEN EAGLE,APRIL INTERNATIONAL ENTEPRISE PTE LTD,SINGAPORE,PYONGTAEK,SOUTH KOREA
2023,470200,ROYAL GOLDEN EAGLE,APRIL,BUATAN,RIAU,526,309035,ROYAL GOLDEN EAGLE,APRIL FAR EAST MALAYSIA SDN BHD,MALAYSIA,FUZHOU,CHINA (MAINLAND)
2023,470329,SINAR MAS,INDAH KIAT,PERAWANG,RIAU,200,98370,CREATIVE,CREATIVE PAPER MILLS LTD,BANGLADESH,CHATTOGRAM,BANGLADESH
2023,470200,ROYAL GOLDEN EAGLE,APRIL,BUATAN,RIAU,505,301135,ROYAL GOLDEN EAGLE,APRIL FAR EAST MALAYSIA SDN BHD,MALAYSIA,FUZHOU,CHINA (MAINLAND)
2023,470200,ROYAL GOLDEN EAGLE,APRIL,BUATAN,RIAU,505,301102,ROYAL GOLDEN EAGLE,APRIL FAR EAST MALAYSIA SDN BHD,MALAYSIA,FUZHOU,CHINA (MAINLAND)
2023,470329,MARUBENI,TANJUNG ENIM LESTARI,PANJANG,SUMATERA SELATAN,488,252621,VINDA,VINDA PAPER (LIAONING) CO LTD,CHINA (MAINLAND),YINGKOU,CHINA (MAINLAND)
2023,470329,ROYAL GOLDEN EAGLE,APRIL,BUATAN,RIAU,1010,448726,ROYAL GOLDEN EAGLE,APRIL INTERNATIONAL ENTEPRISE PTE LTD,SINGAPORE,HAIPHONG,VIETNAM
2023,470200,ROYAL GOLDEN EAGLE,APRIL,BUATAN,RIAU,1009,604186,ROYAL GOLDEN EAGLE,APRIL FAR EAST MALAYSIA SDN BHD,MALAYSIA,FUZHOU,CHINA (MAINLAND)
2023,470200,ROYAL GOLDEN EAGLE,APRIL,BUATAN,RIAU,505,301068,ROYAL GOLDEN EAGLE,APRIL FAR EAST MALAYSIA SDN BHD,MALAYSIA,FUZHOU,CHINA (MAINLAND)
2023,470329,ROYAL GOLDEN EAGLE,APRIL,BUATAN,RIAU,505,223988,ROYAL GOLDEN EAGLE,APRIL INTERNATIONAL ENTEPRISE PTE LTD,SINGAPORE,CAT LAI,VIETNAM
2023,470329,MARUBENI,TANJUNG ENIM LESTARI,PANJANG,SUMATERA SELATAN,488,254181,VINDA,VINDA PAPER (SI CHUAN) CO LTD,CHINA (MAINLAND),CHONGQING,CHINA (MAINLAND)
2023,470329,ROYAL GOLDEN EAGLE,APRIL,FUTONG,RIAU,5758,2545568,ROYAL GOLDEN EAGLE,APRIL INTERNATIONAL ENTEPRISE PTE LTD,SINGAPORE,SHANGHAI,CHINA (MAINLAND)
2023,470329,ROYAL GOLDEN EAGLE,APRIL,FUTONG,RIAU,1313,581262,ROYAL GOLDEN EAGLE,APRIL FAR EAST MALAYSIA SDN BHD,MALAYSIA,SHANGHAI,CHINA (MAINLAND)
2023,470329,SINAR MAS,INDAH KIAT,PERAWANG,RIAU,200,86370,PARTEX STAR,PARTEX PAPER MILLS LTD,BANGLADESH,CHATTOGRAM,BANGLADESH
2023,470329,MARUBENI,TANJUNG ENIM LESTARI,PANJANG,SUMATERA SELATAN,489,279644,ZHEIJANG WELBON PULP & PAPER GROUP,ZHEJIANG WELBON TRADING CO LTD,CHINA (MAINLAND),NINGBO,CHINA (MAINLAND)
2023,470200,ROYAL GOLDEN EAGLE,APRIL,FUTONG,RIAU,504,301706,ROYAL GOLDEN EAGLE,APRIL FAR EAST MALAYSIA SDN BHD,MALAYSIA,FUZHOU,CHINA (MAINLAND)
2023,470329,SINAR MAS,OKI,SULTAN MAHMUD BADARUDDIN (U),SUMATERA SELATAN,3150,1713600,SINAR MAS,KING PAPER SOURCE TRADING (SHANGHAI) CO LTD,CHINA (MAINLAND),NINGBO,CHINA (MAINLAND)
2023,470329,SINAR MAS,INDAH KIAT,PERAWANG,RIAU,100,43185,PARTEX STAR,PARTEX PAPER MILLS LTD,BANGLADESH,CHATTOGRAM,BANGLADESH
2023,470329,SINAR MAS,OKI,SULTAN MAHMUD BADARUDDIN (U),SUMATERA SELATAN,3150,1713600,SINAR MAS,KING PAPER SOURCE TRADING (SHANGHAI) CO LTD,CHINA (MAINLAND),NINGBO,CHINA (MAINLAND)
2023,470329,ROYAL GOLDEN EAGLE,APRIL,BUATAN,RIAU,505,223838,ROYAL GOLDEN EAGLE,APRIL INTERNATIONAL ENTEPRISE PTE LTD,SINGAPORE,CHATTOGRAM,BANGLADESH
2023,470200,ROYAL GOLDEN EAGLE,TOBA PULP LESTARI,BELAWAN,SUMATERA UTARA,498,409455,ROYAL GOLDEN EAGLE,APEX FIBER RESOURCES & TRADING FZCO,UNITED ARAB EMIRATES,QINGDAO,CHINA (MAINLAND)
2023,470329,SINAR MAS,INDAH KIAT,PERAWANG,RIAU,200,86370,PARTEX STAR,PARTEX PAPER MILLS LTD,BANGLADESH,CHATTOGRAM,BANGLADESH
2023,470329,SINAR MAS,OKI,SULTAN MAHMUD BADARUDDIN (U),SUMATERA SELATAN,3700,2012800,SINAR MAS,KING PAPER SOURCE TRADING (SHANGHAI) CO LTD,CHINA (MAINLAND),NINGBO,CHINA (MAINLAND)
2023,470329,MARUBENI,TANJUNG ENIM LESTARI,PANJANG,SUMATERA SELATAN,487,246155,UNKNOWN AFFILIATION,CHINA PAPER CORP,CHINA (MAINLAND),ZHANJIANG,CHINA (MAINLAND)
2023,470329,ROYAL GOLDEN EAGLE,APRIL,BUATAN,RIAU,505,224464,ROYAL GOLDEN EAGLE,APRIL INTERNATIONAL ENTEPRISE PTE LTD,SINGAPORE,CAT LAI,VIETNAM
2023,470329,ROYAL GOLDEN EAGLE,APRIL,BUATAN,RIAU,99,43891,ROYAL GOLDEN EAGLE,APRIL INTERNATIONAL ENTEPRISE PTE LTD,SINGAPORE,QINGDAO,CHINA (MAINLAND)
2023,470200,ROYAL GOLDEN EAGLE,APRIL,FUTONG,RIAU,8579,4993362,ROYAL GOLDEN EAGLE,APRIL FAR EAST MALAYSIA SDN BHD,MALAYSIA,SHANGHAI,CHINA (MAINLAND)
2023,470200,ROYAL GOLDEN EAGLE,APRIL,FUTONG,RIAU,4545,2718130,ROYAL GOLDEN EAGLE,APRIL FAR EAST MALAYSIA SDN BHD,MALAYSIA,SHANGHAI,CHINA (MAINLAND)
2023,470200,ROYAL GOLDEN EAGLE,APRIL,FUTONG,RIAU,504,301395,ROYAL GOLDEN EAGLE,APRIL FAR EAST MALAYSIA SDN BHD,MALAYSIA,FUZHOU,CHINA (MAINLAND)
2023,470200,ROYAL GOLDEN EAGLE,APRIL,FUTONG,RIAU,1010,602534,ROYAL GOLDEN EAGLE,APRIL FAR EAST MALAYSIA SDN BHD,MALAYSIA,JIUJIANG,CHINA (MAINLAND)
2023,470200,ROYAL GOLDEN EAGLE,APRIL,FUTONG,RIAU,709,424946,ROYAL GOLDEN EAGLE,APRIL FAR EAST MALAYSIA SDN BHD,MALAYSIA,NANTONG,CHINA (MAINLAND)
2023,470329,ROYAL GOLDEN EAGLE,APRIL,BUATAN,RIAU,505,224358,ROYAL GOLDEN EAGLE,APRIL INTERNATIONAL ENTEPRISE PTE LTD,SINGAPORE,HAIPHONG,VIETNAM
2023,470200,ROYAL GOLDEN EAGLE,APRIL,FUTONG,RIAU,505,300924,ROYAL GOLDEN EAGLE,APRIL FAR EAST MALAYSIA SDN BHD,MALAYSIA,LIANYUNGANG,CHINA (MAINLAND)
2023,470329,ROYAL GOLDEN EAGLE,APRIL,BUATAN,RIAU,97,57382,ROYAL GOLDEN EAGLE,APRIL INTERNATIONAL ENTEPRISE PTE LTD,SINGAPORE,TAOYUAN,TAIWAN
2023,470329,SINAR MAS,OKI,SULTAN MAHMUD BADARUDDIN (U),SUMATERA SELATAN,1300,709150,SINAR MAS,KING PAPER SOURCE TRADING (SHANGHAI) CO LTD,CHINA (MAINLAND),QINZHOU,CHINA (MAINLAND)
2023,470329,ROYAL GOLDEN EAGLE,APRIL,BUATAN,RIAU,202,83754,ROYAL GOLDEN EAGLE,APRIL INTERNATIONAL ENTEPRISE PTE LTD,SINGAPORE,ICD MIHAN,INDIA
2023,470200,ROYAL GOLDEN EAGLE,APRIL,FUTONG,RIAU,505,301119,ROYAL GOLDEN EAGLE,APRIL FAR EAST MALAYSIA SDN BHD,MALAYSIA,LIANYUNGANG,CHINA (MAINLAND)
2023,470329,SINAR MAS,OKI,SULTAN MAHMUD BADARUDDIN (U),SUMATERA SELATAN,6200,3065900,SINAR MAS,KING PAPER SOURCE TRADING (SHANGHAI) CO LTD,CHINA (MAINLAND),QINZHOU,CHINA (MAINLAND)
2023,470329,SINAR MAS,INDAH KIAT,PERAWANG,RIAU,200,99370,CREATIVE,CREATIVE PAPER MILLS LTD,BANGLADESH,CHATTOGRAM,BANGLADESH
2023,470329,ROYAL GOLDEN EAGLE,APRIL,BUATAN,RIAU,1475,653560,ROYAL GOLDEN EAGLE,APRIL INTERNATIONAL ENTEPRISE PTE LTD,SINGAPORE,ZHANJIANG,CHINA (MAINLAND)
2023,470329,ROYAL GOLDEN EAGLE,APRIL,BUATAN,RIAU,505,224189,ROYAL GOLDEN EAGLE,APRIL INTERNATIONAL ENTEPRISE PTE LTD,SINGAPORE,CHATTOGRAM,BANGLADESH
2023,470329,ROYAL GOLDEN EAGLE,APRIL,BUATAN,RIAU,499,221373,ROYAL GOLDEN EAGLE,APRIL INTERNATIONAL ENTEPRISE PTE LTD,SINGAPORE,CAT LAI,VIETNAM
2023,440122,ROYAL GOLDEN EAGLE,BALIKPAPAN CHIP LESTARI,BALIKPAPAN,KALIMANTAN TIMUR,20513,2974426,ROYAL GOLDEN EAGLE,ASIA SYMBOL (SHANDONG) PULP AND PAPER,CHINA (MAINLAND),RIZHAO,CHINA (MAINLAND)
2023,470329,ROYAL GOLDEN EAGLE,APRIL,BUATAN,RIAU,500,221526,ROYAL GOLDEN EAGLE,APRIL INTERNATIONAL ENTEPRISE PTE LTD,SINGAPORE,PENANG (GEORGETOWN),MALAYSIA
2023,470200,ROYAL GOLDEN EAGLE,APRIL,BUATAN,RIAU,505,301244,ROYAL GOLDEN EAGLE,APRIL FAR EAST MALAYSIA SDN BHD,MALAYSIA,FUZHOU,CHINA (MAINLAND)
2023,470329,ROYAL GOLDEN EAGLE,APRIL,BUATAN,RIAU,1051,465565,ROYAL GOLDEN EAGLE,APRIL INTERNATIONAL ENTEPRISE PTE LTD,SINGAPORE,ZHANJIANG,CHINA (MAINLAND)
2023,470329,MARUBENI,TANJUNG ENIM LESTARI,PANJANG,SUMATERA SELATAN,491,284075,UNKNOWN AFFILIATION,ZHEJIANG CHEMICALS IMPORT & EXPORT CO,CHINA (MAINLAND),QINGDAO,CHINA (MAINLAND)
2023,470329,SINAR MAS,INDAH KIAT,PERAWANG,RIAU,440,238260,SINAR MAS,KING PAPER SOURCE TRADING (SHANGHAI) CO LTD,CHINA (MAINLAND),QINZHOU,CHINA (MAINLAND)
2023,470329,SINAR MAS,INDAH KIAT,PERAWANG,RIAU,440,238260,SINAR MAS,KING PAPER SOURCE TRADING (SHANGHAI) CO LTD,CHINA (MAINLAND),QINZHOU,CHINA (MAINLAND)
2023,470329,SINAR MAS,INDAH KIAT,PERAWANG,RIAU,440,238260,SINAR MAS,KING PAPER SOURCE TRADING (SHANGHAI) CO LTD,CHINA (MAINLAND),QINZHOU,CHINA (MAINLAND)
2023,470329,SINAR MAS,INDAH KIAT,PERAWANG,RIAU,440,238260,SINAR MAS,KING PAPER SOURCE TRADING (SHANGHAI) CO LTD,CHINA (MAINLAND),QINZHOU,CHINA (MAINLAND)
2023,470329,SINAR MAS,INDAH KIAT,PERAWANG,RIAU,440,238260,SINAR MAS,KING PAPER SOURCE TRADING (SHANGHAI) CO LTD,CHINA (MAINLAND),QINZHOU,CHINA (MAINLAND)
2023,470329,SINAR MAS,INDAH KIAT,PERAWANG,RIAU,440,238260,SINAR MAS,KING PAPER SOURCE TRADING (SHANGHAI) CO LTD,CHINA (MAINLAND),QINZHOU,CHINA (MAINLAND)
2023,470329,SINAR MAS,INDAH KIAT,PERAWANG,RIAU,120,64980,SINAR MAS,KING PAPER SOURCE TRADING (SHANGHAI) CO LTD,CHINA (MAINLAND),QINZHOU,CHINA (MAINLAND)
2023,470329,SINAR MAS,INDAH KIAT,PERAWANG,RIAU,440,238260,SINAR MAS,KING PAPER SOURCE TRADING (SHANGHAI) CO LTD,CHINA (MAINLAND),QINZHOU,CHINA (MAINLAND)
2023,470329,MARUBENI,TANJUNG ENIM LESTARI,PANJANG,SUMATERA SELATAN,488,282214,HIGH HOPE,HIGH HOPE ZHONGTIAN CORP,CHINA (MAINLAND),XINGANG,CHINA (MAINLAND)
2023,470329,ROYAL GOLDEN EAGLE,APRIL,BUATAN,RIAU,202,89700,ROYAL GOLDEN EAGLE,APRIL INTERNATIONAL ENTEPRISE PTE LTD,SINGAPORE,FUZHOU,CHINA (MAINLAND)
2023,470329,ROYAL GOLDEN EAGLE,APRIL,BUATAN,RIAU,101,44869,ROYAL GOLDEN EAGLE,APRIL INTERNATIONAL ENTEPRISE PTE LTD,SINGAPORE,CHATTOGRAM,BANGLADESH
2023,470329,SINAR MAS,INDAH KIAT,PERAWANG,RIAU,440,238260,SINAR MAS,KING PAPER SOURCE TRADING (SHANGHAI) CO LTD,CHINA (MAINLAND),QINZHOU,CHINA (MAINLAND)
2023,470329,SINAR MAS,INDAH KIAT,PERAWANG,RIAU,440,238260,SINAR MAS,KING PAPER SOURCE TRADING (SHANGHAI) CO LTD,CHINA (MAINLAND),QINZHOU,CHINA (MAINLAND)
2023,470329,SINAR MAS,INDAH KIAT,PERAWANG,RIAU,440,238260,SINAR MAS,KING PAPER SOURCE TRADING (SHANGHAI) CO LTD,CHINA (MAINLAND),QINZHOU,CHINA (MAINLAND)
2023,470329,ROYAL GOLDEN EAGLE,APRIL,BUATAN,RIAU,505,223917,ROYAL GOLDEN EAGLE,APRIL INTERNATIONAL ENTEPRISE PTE LTD,SINGAPORE,CHATTOGRAM,BANGLADESH
2023,470329,ROYAL GOLDEN EAGLE,APRIL,BUATAN,RIAU,505,224134,ROYAL GOLDEN EAGLE,APRIL INTERNATIONAL ENTEPRISE PTE LTD,SINGAPORE,ABU DHABI,NEW ZEALAND
2023,470329,SINAR MAS,INDAH KIAT,PERAWANG,RIAU,440,238260,SINAR MAS,KING PAPER SOURCE TRADING (SHANGHAI) CO LTD,CHINA (MAINLAND),QINZHOU,CHINA (MAINLAND)
2023,470329,SINAR MAS,INDAH KIAT,PERAWANG,RIAU,440,238260,SINAR MAS,KING PAPER SOURCE TRADING (SHANGHAI) CO LTD,CHINA (MAINLAND),QINZHOU,CHINA (MAINLAND)
2023,470329,MARUBENI,TANJUNG ENIM LESTARI,PANJANG,SUMATERA SELATAN,489,282778,XIANMEN C&D,HONG KONG PAPER SOURCES CO LTD,CHINA (HONG KONG),XINGANG,CHINA (MAINLAND)
2023,470329,SINAR MAS,INDAH KIAT,PERAWANG,RIAU,440,238260,SINAR MAS,KING PAPER SOURCE TRADING (SHANGHAI) CO LTD,CHINA (MAINLAND),QINZHOU,CHINA (MAINLAND)
2023,470329,SINAR MAS,INDAH KIAT,PERAWANG,RIAU,440,238260,SINAR MAS,KING PAPER SOURCE TRADING (SHANGHAI) CO LTD,CHINA (MAINLAND),QINZHOU,CHINA (MAINLAND)
2023,470329,SINAR MAS,INDAH KIAT,PERAWANG,RIAU,420,227430,SINAR MAS,KING PAPER SOURCE TRADING (SHANGHAI) CO LTD,CHINA (MAINLAND),QINZHOU,CHINA (MAINLAND)
2023,470329,SINAR MAS,INDAH KIAT,PERAWANG,RIAU,440,238260,SINAR MAS,KING PAPER SOURCE TRADING (SHANGHAI) CO LTD,CHINA (MAINLAND),QINZHOU,CHINA (MAINLAND)
2023,470329,SINAR MAS,INDAH KIAT,PERAWANG,RIAU,360,194940,SINAR MAS,KING PAPER SOURCE TRADING (SHANGHAI) CO LTD,CHINA (MAINLAND),QINZHOU,CHINA (MAINLAND)
2023,470329,MARUBENI,TANJUNG ENIM LESTARI,PANJANG,SUMATERA SELATAN,484,255539,VINDA,VINDA PAPER (CHINA) CO LTD,CHINA (MAINLAND),XINHUI,CHINA (MAINLAND)
2023,470329,ROYAL GOLDEN EAGLE,APRIL,BUATAN,RIAU,505,224434,ROYAL GOLDEN EAGLE,APRIL INTERNATIONAL ENTEPRISE PTE LTD,SINGAPORE,NINGBO,CHINA (MAINLAND)
2023,470329,MARUBENI,TANJUNG ENIM LESTARI,PANJANG,SUMATERA SELATAN,490,258504,VINDA,VINDA PAPER (CHINA) CO LTD,CHINA (MAINLAND),XINHUI,CHINA (MAINLAND)
2023,470329,ROYAL GOLDEN EAGLE,APRIL,BUATAN,RIAU,505,223857,ROYAL GOLDEN EAGLE,APRIL INTERNATIONAL ENTEPRISE PTE LTD,SINGAPORE,CAT LAI,VIETNAM
2023,470329,ROYAL GOLDEN EAGLE,APRIL,BUATAN,RIAU,1008,447425,ROYAL GOLDEN EAGLE,APRIL INTERNATIONAL ENTEPRISE PTE LTD,SINGAPORE,CAT LAI,VIETNAM
2023,470329,SINAR MAS,INDAH KIAT,PERAWANG,RIAU,1500,632408,SINAR MAS,TAMIL NADU NEWSPRINT AND PAPERS LTD,INDIA,TUTICORIN,INDIA
2023,470329,ROYAL GOLDEN EAGLE,APRIL,BUATAN,RIAU,261,115609,ROYAL GOLDEN EAGLE,APRIL FINE PAPER TRADING MIDDLE EAST,UNITED ARAB EMIRATES,EL ISKANDARIYA (= ALEXAND,EGYPT
2023,470329,ROYAL GOLDEN EAGLE,APRIL,BUATAN,RIAU,261,115630,ROYAL GOLDEN EAGLE,APRIL FINE PAPER TRADING MIDDLE EAST,UNITED ARAB EMIRATES,EL ISKANDARIYA (= ALEXAND,EGYPT
2023,470329,MARUBENI,TANJUNG ENIM LESTARI,PANJANG,SUMATERA SELATAN,490,262496,UNKNOWN AFFILIATION,SESHASAYEE PAPER AND BOARDS LTD,INDIA,TUTICORIN,INDIA
2023,470329,SINAR MAS,INDAH KIAT,PERAWANG,RIAU,80,45392,UNKNOWN AFFILIATION,BUYERS CHOICE TRADING COMPANY LTD,MYANMAR,YANGON,MYANMAR
2023,470329,ROYAL GOLDEN EAGLE,APRIL,BUATAN,RIAU,1010,447890,ROYAL GOLDEN EAGLE,APRIL INTERNATIONAL ENTEPRISE PTE LTD,SINGAPORE,NINGBO,CHINA (MAINLAND)
2023,470329,ROYAL GOLDEN EAGLE,APRIL,BUATAN,RIAU,241,106674,ROYAL GOLDEN EAGLE,APRIL FINE PAPER TRADING MIDDLE EAST,UNITED ARAB EMIRATES,EL ISKANDARIYA (= ALEXAND,EGYPT
2023,470329,ROYAL GOLDEN EAGLE,APRIL,BUATAN,RIAU,240,106590,ROYAL GOLDEN EAGLE,APRIL FINE PAPER TRADING MIDDLE EAST,UNITED ARAB EMIRATES,EL ISKANDARIYA (= ALEXAND,EGYPT
2023,470329,MARUBENI,TANJUNG ENIM LESTARI,PANJANG,SUMATERA SELATAN,106,58446,UNKNOWN AFFILIATION,VECHEM ORGANICS PVT LTD,INDIA,SONIPAT,INDIA
2023,470329,SINAR MAS,INDAH KIAT,PERAWANG,RIAU,440,238260,SINAR MAS,KING PAPER SOURCE TRADING (SHANGHAI) CO LTD,CHINA (MAINLAND),QINZHOU,CHINA (MAINLAND)
2023,470329,SINAR MAS,INDAH KIAT,PERAWANG,RIAU,440,238260,SINAR MAS,KING PAPER SOURCE TRADING (SHANGHAI) CO LTD,CHINA (MAINLAND),QINZHOU,CHINA (MAINLAND)
2023,470329,SINAR MAS,INDAH KIAT,PERAWANG,RIAU,440,238260,SINAR MAS,KING PAPER SOURCE TRADING (SHANGHAI) CO LTD,CHINA (MAINLAND),QINZHOU,CHINA (MAINLAND)
2023,470329,SINAR MAS,INDAH KIAT,PERAWANG,RIAU,440,238260,SINAR MAS,KING PAPER SOURCE TRADING (SHANGHAI) CO LTD,CHINA (MAINLAND),QINZHOU,CHINA (MAINLAND)
2023,470329,SINAR MAS,INDAH KIAT,PERAWANG,RIAU,440,238260,SINAR MAS,KING PAPER SOURCE TRADING (SHANGHAI) CO LTD,CHINA (MAINLAND),QINZHOU,CHINA (MAINLAND)
2023,470329,SINAR MAS,INDAH KIAT,PERAWANG,RIAU,440,238260,SINAR MAS,KING PAPER SOURCE TRADING (SHANGHAI) CO LTD,CHINA (MAINLAND),QINZHOU,CHINA (MAINLAND)
2023,470329,SINAR MAS,INDAH KIAT,PERAWANG,RIAU,180,97470,SINAR MAS,KING PAPER SOURCE TRADING (SHANGHAI) CO LTD,CHINA (MAINLAND),QINZHOU,CHINA (MAINLAND)
2023,470329,ROYAL GOLDEN EAGLE,APRIL,BUATAN,RIAU,101,44852,ROYAL GOLDEN EAGLE,APRIL INTERNATIONAL ENTEPRISE PTE LTD,SINGAPORE,LUDHIANA,INDIA
2023,470329,SINAR MAS,OKI,SULTAN MAHMUD BADARUDDIN (U),SUMATERA SELATAN,7000,3804500,SINAR MAS,KING PAPER SOURCE TRADING (SHANGHAI) CO LTD,CHINA (MAINLAND),ZHENJIANG,CHINA (MAINLAND)
2023,470329,SINAR MAS,INDAH KIAT,PERAWANG,RIAU,440,238260,SINAR MAS,KING PAPER SOURCE TRADING (SHANGHAI) CO LTD,CHINA (MAINLAND),QINZHOU,CHINA (MAINLAND)
2023,470329,SINAR MAS,OKI,SULTAN MAHMUD BADARUDDIN (U),SUMATERA SELATAN,3600,1557000,SINAR MAS,KING PAPER SOURCE TRADING (SHANGHAI) CO LTD,CHINA (MAINLAND),ZHENJIANG,CHINA (MAINLAND)
2023,470329,SINAR MAS,OKI,SULTAN MAHMUD BADARUDDIN (U),SUMATERA SELATAN,800,370000,SINAR MAS,KING PAPER SOURCE TRADING (SHANGHAI) CO LTD,CHINA (MAINLAND),ZHENJIANG,CHINA (MAINLAND)
2023,470329,SINAR MAS,INDAH KIAT,PERAWANG,RIAU,440,238260,SINAR MAS,KING PAPER SOURCE TRADING (SHANGHAI) CO LTD,CHINA (MAINLAND),QINZHOU,CHINA (MAINLAND)
2023,470329,SINAR MAS,INDAH KIAT,PERAWANG,RIAU,440,238260,SINAR MAS,KING PAPER SOURCE TRADING (SHANGHAI) CO LTD,CHINA (MAINLAND),QINZHOU,CHINA (MAINLAND)
2023,470329,SINAR MAS,INDAH KIAT,PERAWANG,RIAU,300,162450,SINAR MAS,KING PAPER SOURCE TRADING (SHANGHAI) CO LTD,CHINA (MAINLAND),QINZHOU,CHINA (MAINLAND)
2023,470329,SINAR MAS,INDAH KIAT,PERAWANG,RIAU,300,162450,SINAR MAS,KING PAPER SOURCE TRADING (SHANGHAI) CO LTD,CHINA (MAINLAND),QINZHOU,CHINA (MAINLAND)
2023,470329,SINAR MAS,INDAH KIAT,PERAWANG,RIAU,440,238260,SINAR MAS,KING PAPER SOURCE TRADING (SHANGHAI) CO LTD,CHINA (MAINLAND),QINZHOU,CHINA (MAINLAND)
2023,470329,SINAR MAS,INDAH KIAT,PERAWANG,RIAU,440,238260,SINAR MAS,KING PAPER SOURCE TRADING (SHANGHAI) CO LTD,CHINA (MAINLAND),QINZHOU,CHINA (MAINLAND)
2023,470329,SINAR MAS,INDAH KIAT,PERAWANG,RIAU,300,162450,SINAR MAS,KING PAPER SOURCE TRADING (SHANGHAI) CO LTD,CHINA (MAINLAND),QINZHOU,CHINA (MAINLAND)
2023,470329,SINAR MAS,INDAH KIAT,PERAWANG,RIAU,440,238260,SINAR MAS,KING PAPER SOURCE TRADING (SHANGHAI) CO LTD,CHINA (MAINLAND),QINZHOU,CHINA (MAINLAND)
2023,470329,SINAR MAS,INDAH KIAT,PERAWANG,RIAU,440,238260,SINAR MAS,KING PAPER SOURCE TRADING (SHANGHAI) CO LTD,CHINA (MAINLAND),QINZHOU,CHINA (MAINLAND)
2023,470329,SINAR MAS,INDAH KIAT,PERAWANG,RIAU,360,194940,SINAR MAS,KING PAPER SOURCE TRADING (SHANGHAI) CO LTD,CHINA (MAINLAND),QINZHOU,CHINA (MAINLAND)
2023,470329,SINAR MAS,OKI,SULTAN MAHMUD BADARUDDIN (U),SUMATERA SELATAN,100,46250,SINAR MAS,KING PAPER SOURCE TRADING (SHANGHAI) CO LTD,CHINA (MAINLAND),ZHENJIANG,CHINA (MAINLAND)
2023,470329,SINAR MAS,INDAH KIAT,PERAWANG,RIAU,440,238260,SINAR MAS,KING PAPER SOURCE TRADING (SHANGHAI) CO LTD,CHINA (MAINLAND),QINZHOU,CHINA (MAINLAND)
2023,470329,SINAR MAS,INDAH KIAT,PERAWANG,RIAU,440,238260,SINAR MAS,KING PAPER SOURCE TRADING (SHANGHAI) CO LTD,CHINA (MAINLAND),QINZHOU,CHINA (MAINLAND)
2023,470329,SINAR MAS,INDAH KIAT,PERAWANG,RIAU,440,238260,SINAR MAS,KING PAPER SOURCE TRADING (SHANGHAI) CO LTD,CHINA (MAINLAND),QINZHOU,CHINA (MAINLAND)
2023,470329,SINAR MAS,INDAH KIAT,PERAWANG,RIAU,200,108300,SINAR MAS,KING PAPER SOURCE TRADING (SHANGHAI) CO LTD,CHINA (MAINLAND),QINZHOU,CHINA (MAINLAND)
2023,470329,ROYAL GOLDEN EAGLE,APRIL,BUATAN,RIAU,1009,447421,ROYAL GOLDEN EAGLE,APRIL INTERNATIONAL ENTEPRISE PTE LTD,SINGAPORE,HAIPHONG,VIETNAM
2023,470329,ROYAL GOLDEN EAGLE,APRIL,BUATAN,RIAU,1009,447139,ROYAL GOLDEN EAGLE,APRIL INTERNATIONAL ENTEPRISE PTE LTD,SINGAPORE,NINGBO,CHINA (MAINLAND)
2023,470329,ROYAL GOLDEN EAGLE,APRIL,BUATAN,RIAU,101,44881,ROYAL GOLDEN EAGLE,APRIL INTERNATIONAL ENTEPRISE PTE LTD,SINGAPORE,LUDHIANA,INDIA
2023,470329,SINAR MAS,INDAH KIAT,PERAWANG,RIAU,440,238260,SINAR MAS,KING PAPER SOURCE TRADING (SHANGHAI) CO LTD,CHINA (MAINLAND),QINZHOU,CHINA (MAINLAND)
2023,470329,SINAR MAS,INDAH KIAT,PERAWANG,RIAU,440,238260,SINAR MAS,KING PAPER SOURCE TRADING (SHANGHAI) CO LTD,CHINA (MAINLAND),QINZHOU,CHINA (MAINLAND)
2023,470329,SINAR MAS,INDAH KIAT,PERAWANG,RIAU,120,64980,SINAR MAS,KING PAPER SOURCE TRADING (SHANGHAI) CO LTD,CHINA (MAINLAND),QINZHOU,CHINA (MAINLAND)
2023,470329,ROYAL GOLDEN EAGLE,APRIL,BUATAN,RIAU,101,44794,ROYAL GOLDEN EAGLE,APRIL INTERNATIONAL ENTEPRISE PTE LTD,SINGAPORE,LUDHIANA,INDIA
2023,470329,SINAR MAS,INDAH KIAT,PERAWANG,RIAU,440,238260,SINAR MAS,KING PAPER SOURCE TRADING (SHANGHAI) CO LTD,CHINA (MAINLAND),QINZHOU,CHINA (MAINLAND)
2023,470329,SINAR MAS,INDAH KIAT,PERAWANG,RIAU,440,238260,SINAR MAS,KING PAPER SOURCE TRADING (SHANGHAI) CO LTD,CHINA (MAINLAND),QINZHOU,CHINA (MAINLAND)
2023,470329,SINAR MAS,INDAH KIAT,PERAWANG,RIAU,500,239500,KAILASH,GENUS PAPER & BOARDS LTD,INDIA,MUNDRA,INDIA
2023,470329,SINAR MAS,INDAH KIAT,PERAWANG,RIAU,440,238260,SINAR MAS,KING PAPER SOURCE TRADING (SHANGHAI) CO LTD,CHINA (MAINLAND),QINZHOU,CHINA (MAINLAND)
2023,470329,SINAR MAS,INDAH KIAT,PERAWANG,RIAU,300,162450,SINAR MAS,KING PAPER SOURCE TRADING (SHANGHAI) CO LTD,CHINA (MAINLAND),QINZHOU,CHINA (MAINLAND)
2023,470329,SINAR MAS,INDAH KIAT,PERAWANG,RIAU,440,238260,SINAR MAS,KING PAPER SOURCE TRADING (SHANGHAI) CO LTD,CHINA (MAINLAND),QINZHOU,CHINA (MAINLAND)
2023,470329,SINAR MAS,INDAH KIAT,PERAWANG,RIAU,500,239500,KAILASH,GENUS PAPER & BOARDS LTD,INDIA,MUNDRA,INDIA
2023,470329,SINAR MAS,INDAH KIAT,PERAWANG,RIAU,440,238260,SINAR MAS,KING PAPER SOURCE TRADING (SHANGHAI) CO LTD,CHINA (MAINLAND),QINZHOU,CHINA (MAINLAND)
2023,470329,ROYAL GOLDEN EAGLE,APRIL,BUATAN,RIAU,505,209314,ROYAL GOLDEN EAGLE,APRIL INTERNATIONAL ENTEPRISE PTE LTD,SINGAPORE,HAIPHONG,VIETNAM
2023,470329,SINAR MAS,INDAH KIAT,PERAWANG,RIAU,440,238260,SINAR MAS,KING PAPER SOURCE TRADING (SHANGHAI) CO LTD,CHINA (MAINLAND),QINZHOU,CHINA (MAINLAND)
2023,470200,ROYAL GOLDEN EAGLE,APRIL,BUATAN,RIAU,1051,627230,ROYAL GOLDEN EAGLE,APRIL FAR EAST MALAYSIA SDN BHD,MALAYSIA,LIANYUNGANG,CHINA (MAINLAND)
2023,470329,SINAR MAS,INDAH KIAT,PERAWANG,RIAU,440,238260,SINAR MAS,KING PAPER SOURCE TRADING (SHANGHAI) CO LTD,CHINA (MAINLAND),QINZHOU,CHINA (MAINLAND)
2023,470329,SINAR MAS,INDAH KIAT,PERAWANG,RIAU,440,238260,SINAR MAS,KING PAPER SOURCE TRADING (SHANGHAI) CO LTD,CHINA (MAINLAND),QINZHOU,CHINA (MAINLAND)
2023,470329,ROYAL GOLDEN EAGLE,APRIL,FUTONG,RIAU,1818,806386,ROYAL GOLDEN EAGLE,APRIL INTERNATIONAL ENTEPRISE PTE LTD,SINGAPORE,CHATTOGRAM,BANGLADESH
2023,470200,ROYAL GOLDEN EAGLE,APRIL,FUTONG,RIAU,505,301273,ROYAL GOLDEN EAGLE,APRIL FAR EAST MALAYSIA SDN BHD,MALAYSIA,FUZHOU,CHINA (MAINLAND)
2023,470329,MARUBENI,TANJUNG ENIM LESTARI,PANJANG,SUMATERA SELATAN,489,253279,UNKNOWN AFFILIATION,JIH SUN PAPER INDUSTRY CO LTD.,TAIWAN,TAOYUAN,TAIWAN
2023,470329,SINAR MAS,INDAH KIAT,PERAWANG,RIAU,440,240758,SINAR MAS,KING PAPER SOURCE TRADING (SHANGHAI) CO LTD,CHINA (MAINLAND),DALIAN,CHINA (MAINLAND)
2023,470329,SINAR MAS,INDAH KIAT,PERAWANG,RIAU,440,240758,SINAR MAS,KING PAPER SOURCE TRADING (SHANGHAI) CO LTD,CHINA (MAINLAND),DALIAN,CHINA (MAINLAND)
2023,470329,SINAR MAS,INDAH KIAT,PERAWANG,RIAU,120,65661,SINAR MAS,KING PAPER SOURCE TRADING (SHANGHAI) CO LTD,CHINA (MAINLAND),DALIAN,CHINA (MAINLAND)
2023,470329,MARUBENI,TANJUNG ENIM LESTARI,PANJANG,SUMATERA SELATAN,490,252833,UNKNOWN AFFILIATION,CHINA PAPER CORP,CHINA (MAINLAND),ZHANJIANG,CHINA (MAINLAND)
2023,470329,ROYAL GOLDEN EAGLE,APRIL,BUATAN,RIAU,1011,448126,ROYAL GOLDEN EAGLE,APRIL INTERNATIONAL ENTEPRISE PTE LTD,SINGAPORE,HAIPHONG,VIETNAM
2023,470329,ROYAL GOLDEN EAGLE,APRIL,FUTONG,RIAU,5050,2239804,ROYAL GOLDEN EAGLE,APRIL FAR EAST MALAYSIA SDN BHD,MALAYSIA,GAOLAN,CHINA (MAINLAND)
2023,470200,ROYAL GOLDEN EAGLE,APRIL,BUATAN,RIAU,505,301090,ROYAL GOLDEN EAGLE,APRIL FAR EAST MALAYSIA SDN BHD,MALAYSIA,FUZHOU,CHINA (MAINLAND)
2023,470329,SINAR MAS,INDAH KIAT,PERAWANG,RIAU,120,65661,SINAR MAS,KING PAPER SOURCE TRADING (SHANGHAI) CO LTD,CHINA (MAINLAND),DALIAN,CHINA (MAINLAND)
2023,470329,MARUBENI,TANJUNG ENIM LESTARI,PANJANG,SUMATERA SELATAN,489,248987,HIGH HOPE,HIGH HOPE ZHONGTIAN CORP,CHINA (MAINLAND),CHANGSHU,CHINA (MAINLAND)
2023,470329,MARUBENI,TANJUNG ENIM LESTARI,PANJANG,SUMATERA SELATAN,191,96898,ANKIT,ANKIT PULPS AND BOARDS PVT LTD,INDIA,ICD MIHAN,INDIA
2023,470329,SINAR MAS,INDAH KIAT,PERAWANG,RIAU,440,240758,SINAR MAS,KING PAPER SOURCE TRADING (SHANGHAI) CO LTD,CHINA (MAINLAND),DALIAN,CHINA (MAINLAND)
2023,470200,ROYAL GOLDEN EAGLE,APRIL,BUATAN,RIAU,970,578185,ROYAL GOLDEN EAGLE,APRIL FAR EAST MALAYSIA SDN BHD,MALAYSIA,LIANYUNGANG,CHINA (MAINLAND)
2023,470200,ROYAL GOLDEN EAGLE,APRIL,FUTONG,RIAU,505,301339,ROYAL GOLDEN EAGLE,APRIL FAR EAST MALAYSIA SDN BHD,MALAYSIA,LIANYUNGANG,CHINA (MAINLAND)
2023,470200,ROYAL GOLDEN EAGLE,APRIL,FUTONG,RIAU,505,300951,ROYAL GOLDEN EAGLE,APRIL FAR EAST MALAYSIA SDN BHD,MALAYSIA,LIANYUNGANG,CHINA (MAINLAND)
2023,470329,ROYAL GOLDEN EAGLE,APRIL,FUTONG,RIAU,101,44867,ROYAL GOLDEN EAGLE,APRIL INTERNATIONAL ENTEPRISE PTE LTD,SINGAPORE,CHATTOGRAM,BANGLADESH
2023,470200,ROYAL GOLDEN EAGLE,APRIL,FUTONG,RIAU,1010,603710,ROYAL GOLDEN EAGLE,APRIL FAR EAST MALAYSIA SDN BHD,MALAYSIA,FUZHOU,CHINA (MAINLAND)
2023,470329,SINAR MAS,INDAH KIAT,PERAWANG,RIAU,500,210802,SINAR MAS,TAMIL NADU NEWSPRINT AND PAPERS LTD,INDIA,TUTICORIN,INDIA
2023,470200,ROYAL GOLDEN EAGLE,APRIL,FUTONG,RIAU,1010,602542,ROYAL GOLDEN EAGLE,APRIL FAR EAST MALAYSIA SDN BHD,MALAYSIA,LIANYUNGANG,CHINA (MAINLAND)
2023,470329,SINAR MAS,OKI,SULTAN MAHMUD BADARUDDIN (U),SUMATERA SELATAN,10000,5302500,SINAR MAS,KING PAPER SOURCE TRADING (SHANGHAI) CO LTD,CHINA (MAINLAND),NINGBO,CHINA (MAINLAND)
2023,470200,ROYAL GOLDEN EAGLE,APRIL,FUTONG,RIAU,1010,603340,ROYAL GOLDEN EAGLE,APRIL FAR EAST MALAYSIA SDN BHD,MALAYSIA,FUZHOU,CHINA (MAINLAND)
2023,470329,SINAR MAS,OKI,SULTAN MAHMUD BADARUDDIN (U),SUMATERA SELATAN,4400,2108700,SINAR MAS,JIANGSU BOHUI PAPER INDUSTRY CO LTD.,CHINA (MAINLAND),SHANGHAI,CHINA (MAINLAND)
2023,470329,SINAR MAS,INDAH KIAT,PERAWANG,RIAU,500,253836,DAHUA,DAHUA PAPER CO NIGERIA LTD,NIGERIA,APAPA,NIGERIA
2023,470200,ROYAL GOLDEN EAGLE,APRIL,FUTONG,RIAU,1009,601604,ROYAL GOLDEN EAGLE,APRIL FAR EAST MALAYSIA SDN BHD,MALAYSIA,FUZHOU,CHINA (MAINLAND)
2023,470200,ROYAL GOLDEN EAGLE,APRIL,FUTONG,RIAU,505,300871,ROYAL GOLDEN EAGLE,APRIL FAR EAST MALAYSIA SDN BHD,MALAYSIA,FUZHOU,CHINA (MAINLAND)
2023,470200,ROYAL GOLDEN EAGLE,APRIL,FUTONG,RIAU,3777,2256513,ROYAL GOLDEN EAGLE,APRIL FAR EAST MALAYSIA SDN BHD,MALAYSIA,JIUJIANG,CHINA (MAINLAND)
2023,470329,SINAR MAS,INDAH KIAT,PERAWANG,RIAU,480,259086,UNKNOWN AFFILIATION,MAC-AAA FREIGHT & LOGISTICS LLC,UNITED ARAB EMIRATES,JEBEL ALI,NEW ZEALAND
2023,470200,ROYAL GOLDEN EAGLE,APRIL,BUATAN,RIAU,525,300588,ROYAL GOLDEN EAGLE,APRIL FAR EAST MALAYSIA SDN BHD,MALAYSIA,LIANYUNGANG,CHINA (MAINLAND)
2023,470200,ROYAL GOLDEN EAGLE,APRIL,FUTONG,RIAU,3292,1967732,ROYAL GOLDEN EAGLE,APRIL FAR EAST MALAYSIA SDN BHD,MALAYSIA,JIUJIANG,CHINA (MAINLAND)
2023,470329,MARUBENI,TANJUNG ENIM LESTARI,TARAHAN,SUMATERA SELATAN,1012,492744,HENGAN INTERNATIONAL,HENGAN MEGA JUMBO INVESTMENTS LTD,CHINA (HONG KONG),QINGDAO,CHINA (MAINLAND)
2023,470329,ROYAL GOLDEN EAGLE,APRIL,FUTONG,RIAU,15148,6601554,ROYAL GOLDEN EAGLE,APRIL FINE PAPER TRADING MIDDLE EAST,UNITED ARAB EMIRATES,GAOLAN,CHINA (MAINLAND)
2023,470329,MARUBENI,TANJUNG ENIM LESTARI,TARAHAN,SUMATERA SELATAN,2020,983803,HIGH HOPE,HIGH HOPE ZHONGTIAN CORP,CHINA (MAINLAND),QINGDAO,CHINA (MAINLAND)
2023,470329,ROYAL GOLDEN EAGLE,APRIL,BUATAN,RIAU,501,222142,ROYAL GOLDEN EAGLE,APRIL INTERNATIONAL ENTEPRISE PTE LTD,SINGAPORE,KARACHI,PAKISTAN
2023,470329,ROYAL GOLDEN EAGLE,APRIL,FUTONG,RIAU,5048,2239695,ROYAL GOLDEN EAGLE,APRIL FAR EAST MALAYSIA SDN BHD,MALAYSIA,GAOLAN,CHINA (MAINLAND)
2023,470329,MARUBENI,TANJUNG ENIM LESTARI,TARAHAN,SUMATERA SELATAN,2445,1144016,HENAN JIANGHE PAPER,JIANGHE PAPER (HONG KONG) LTD,CHINA (HONG KONG),QINGDAO,CHINA (MAINLAND)
2023,470329,MARUBENI,TANJUNG ENIM LESTARI,TARAHAN,SUMATERA SELATAN,1011,568964,CHINA FIRST HEAVY,CFHI INTERNATIONAL RESOURCES CO LTD,CHINA (MAINLAND),QINGDAO,CHINA (MAINLAND)
2023,470329,MARUBENI,TANJUNG ENIM LESTARI,TARAHAN,SUMATERA SELATAN,500,233763,HENAN JIANGHE PAPER,JIANGHE PAPER (HONG KONG) LTD,CHINA (HONG KONG),QINGDAO,CHINA (MAINLAND)
2023,470200,ROYAL GOLDEN EAGLE,APRIL,BUATAN,RIAU,1292,739925,ROYAL GOLDEN EAGLE,APRIL FAR EAST MALAYSIA SDN BHD,MALAYSIA,FUZHOU,CHINA (MAINLAND)
2023,470329,MARUBENI,TANJUNG ENIM LESTARI,TARAHAN,SUMATERA SELATAN,507,246783,HENGAN INTERNATIONAL,HENGAN MEGA JUMBO INVESTMENTS LTD,CHINA (HONG KONG),QINGDAO,CHINA (MAINLAND)
2023,470329,ROYAL GOLDEN EAGLE,APRIL,BUATAN,RIAU,505,224257,ROYAL GOLDEN EAGLE,APRIL INTERNATIONAL ENTEPRISE PTE LTD,SINGAPORE,NINGBO,CHINA (MAINLAND)
2023,470329,ROYAL GOLDEN EAGLE,APRIL,FUTONG,RIAU,6059,2512942,ROYAL GOLDEN EAGLE,APRIL FINE PAPER TRADING MIDDLE EAST,UNITED ARAB EMIRATES,GAOLAN,CHINA (MAINLAND)
2023,470200,ROYAL GOLDEN EAGLE,APRIL,FUTONG,RIAU,2020,1207579,ROYAL GOLDEN EAGLE,APRIL FAR EAST MALAYSIA SDN BHD,MALAYSIA,LIANYUNGANG,CHINA (MAINLAND)
2023,470200,ROYAL GOLDEN EAGLE,APRIL,FUTONG,RIAU,8077,4815055,ROYAL GOLDEN EAGLE,APRIL FAR EAST MALAYSIA SDN BHD,MALAYSIA,LIANYUNGANG,CHINA (MAINLAND)
2023,470200,ROYAL GOLDEN EAGLE,APRIL,BUATAN,RIAU,505,288893,ROYAL GOLDEN EAGLE,APRIL FAR EAST MALAYSIA SDN BHD,MALAYSIA,FUZHOU,CHINA (MAINLAND)
2023,470329,MARUBENI,TANJUNG ENIM LESTARI,TARAHAN,SUMATERA SELATAN,2020,1040354,UNKNOWN AFFILIATION,SHANDONG CENTURY SUNSHINE PAPER GROUP CO LTD,CHINA (MAINLAND),QINGDAO,CHINA (MAINLAND)
2023,470329,MARUBENI,TANJUNG ENIM LESTARI,TARAHAN,SUMATERA SELATAN,506,246228,HENGAN INTERNATIONAL,HENGAN MEGA JUMBO INVESTMENTS LTD,CHINA (HONG KONG),QINGDAO,CHINA (MAINLAND)
2023,470329,SINAR MAS,OKI,SULTAN MAHMUD BADARUDDIN (U),SUMATERA SELATAN,10000,5440000,SINAR MAS,KING PAPER SOURCE TRADING (SHANGHAI) CO LTD,CHINA (MAINLAND),ZHENJIANG,CHINA (MAINLAND)
2023,470329,SINAR MAS,INDAH KIAT,PERAWANG,RIAU,1000,491976,UNKNOWN AFFILIATION,TRUONG XUAN PAPER JOINT STOCK CO,VIETNAM,HAIPHONG,VIETNAM
2023,470329,SINAR MAS,OKI,SULTAN MAHMUD BADARUDDIN (U),SUMATERA SELATAN,500,265125,SINAR MAS,KING PAPER SOURCE TRADING (SHANGHAI) CO LTD,CHINA (MAINLAND),SHANGHAI,CHINA (MAINLAND)
2023,470329,ROYAL GOLDEN EAGLE,APRIL,BUATAN,RIAU,101,44785,ROYAL GOLDEN EAGLE,APRIL INTERNATIONAL ENTEPRISE PTE LTD,SINGAPORE,CHATTOGRAM,BANGLADESH
2023,470329,SINAR MAS,OKI,SULTAN MAHMUD BADARUDDIN (U),SUMATERA SELATAN,6600,3499650,SINAR MAS,KING PAPER SOURCE TRADING (SHANGHAI) CO LTD,CHINA (MAINLAND),SHANGHAI,CHINA (MAINLAND)
2023,470329,SINAR MAS,OKI,SULTAN MAHMUD BADARUDDIN (U),SUMATERA SELATAN,4000,2121000,SINAR MAS,KING PAPER SOURCE TRADING (SHANGHAI) CO LTD,CHINA (MAINLAND),SHANGHAI,CHINA (MAINLAND)
2023,470329,SINAR MAS,OKI,SULTAN MAHMUD BADARUDDIN (U),SUMATERA SELATAN,5000,2651250,SINAR MAS,JIANGSU BOHUI PAPER INDUSTRY CO LTD.,CHINA (MAINLAND),SHANGHAI,CHINA (MAINLAND)
2023,470329,SINAR MAS,OKI,SULTAN MAHMUD BADARUDDIN (U),SUMATERA SELATAN,1900,1007475,SINAR MAS,KING PAPER SOURCE TRADING (SHANGHAI) CO LTD,CHINA (MAINLAND),SHANGHAI,CHINA (MAINLAND)
2023,470329,SINAR MAS,OKI,SULTAN MAHMUD BADARUDDIN (U),SUMATERA SELATAN,1000,530250,SINAR MAS,KING PAPER SOURCE TRADING (SHANGHAI) CO LTD,CHINA (MAINLAND),SHANGHAI,CHINA (MAINLAND)
2023,470329,SINAR MAS,OKI,SULTAN MAHMUD BADARUDDIN (U),SUMATERA SELATAN,4000,2121000,SINAR MAS,JIANGSU BOHUI PAPER INDUSTRY CO LTD.,CHINA (MAINLAND),SHANGHAI,CHINA (MAINLAND)
2023,470329,ROYAL GOLDEN EAGLE,APRIL,BUATAN,RIAU,101,44915,ROYAL GOLDEN EAGLE,APRIL INTERNATIONAL ENTEPRISE PTE LTD,SINGAPORE,LUDHIANA,INDIA
2023,470329,ROYAL GOLDEN EAGLE,APRIL,BUATAN,RIAU,101,44924,ROYAL GOLDEN EAGLE,APRIL INTERNATIONAL ENTEPRISE PTE LTD,SINGAPORE,LUDHIANA,INDIA
2023,470329,SINAR MAS,INDAH KIAT,PERAWANG,RIAU,500,245925,UNKNOWN AFFILIATION,AMBER SUPER PAPER LIMITED,BANGLADESH,CHATTOGRAM,BANGLADESH
2023,470329,SINAR MAS,OKI,SULTAN MAHMUD BADARUDDIN (U),SUMATERA SELATAN,1000,530250,SINAR MAS,KING PAPER SOURCE TRADING (SHANGHAI) CO LTD,CHINA (MAINLAND),SHANGHAI,CHINA (MAINLAND)
2023,470329,SINAR MAS,OKI,SULTAN MAHMUD BADARUDDIN (U),SUMATERA SELATAN,5000,2651250,SINAR MAS,JIANGSU BOHUI PAPER INDUSTRY CO LTD.,CHINA (MAINLAND),SHANGHAI,CHINA (MAINLAND)
2023,470329,SINAR MAS,INDAH KIAT,PERAWANG,RIAU,440,240758,SINAR MAS,KING PAPER SOURCE TRADING (SHANGHAI) CO LTD,CHINA (MAINLAND),DALIAN,CHINA (MAINLAND)
2023,470329,SINAR MAS,OKI,SULTAN MAHMUD BADARUDDIN (U),SUMATERA SELATAN,1600,848400,SINAR MAS,JIANGSU BOHUI PAPER INDUSTRY CO LTD.,CHINA (MAINLAND),SHANGHAI,CHINA (MAINLAND)
2023,470329,SINAR MAS,INDAH KIAT,PERAWANG,RIAU,220,101635,UNKNOWN AFFILIATION,PHU HUNG TRADING & MANUFACTURING COMPANY LTD,VIETNAM,HAIPHONG,VIETNAM
2023,470329,SINAR MAS,OKI,SULTAN MAHMUD BADARUDDIN (U),SUMATERA SELATAN,600,259800,SINAR MAS,KING PAPER SOURCE TRADING (SHANGHAI) CO LTD,CHINA (MAINLAND),ZHENJIANG,CHINA (MAINLAND)
2023,470329,SINAR MAS,OKI,SULTAN MAHMUD BADARUDDIN (U),SUMATERA SELATAN,5000,2651250,SINAR MAS,JIANGSU BOHUI PAPER INDUSTRY CO LTD.,CHINA (MAINLAND),SHANGHAI,CHINA (MAINLAND)
2023,470329,ROYAL GOLDEN EAGLE,APRIL,BUATAN,RIAU,1011,448498,ROYAL GOLDEN EAGLE,APRIL INTERNATIONAL ENTEPRISE PTE LTD,SINGAPORE,TUTICORIN,INDIA
2023,470329,ROYAL GOLDEN EAGLE,APRIL,BUATAN,RIAU,101,44835,ROYAL GOLDEN EAGLE,APRIL INTERNATIONAL ENTEPRISE PTE LTD,SINGAPORE,LUDHIANA,INDIA
2023,470329,ROYAL GOLDEN EAGLE,APRIL,BUATAN,RIAU,526,233307,ROYAL GOLDEN EAGLE,APRIL INTERNATIONAL ENTEPRISE PTE LTD,SINGAPORE,PENANG (GEORGETOWN),MALAYSIA
2023,470329,ROYAL GOLDEN EAGLE,APRIL,BUATAN,RIAU,101,44691,ROYAL GOLDEN EAGLE,APRIL INTERNATIONAL ENTEPRISE PTE LTD,SINGAPORE,KARACHI,PAKISTAN
2023,470200,ROYAL GOLDEN EAGLE,TOBA PULP LESTARI,BELAWAN,SUMATERA UTARA,500,410744,ROYAL GOLDEN EAGLE,APEX FIBER RESOURCES & TRADING FZCO,UNITED ARAB EMIRATES,QINGDAO,CHINA (MAINLAND)
2023,470329,ROYAL GOLDEN EAGLE,APRIL,BUATAN,RIAU,1515,672544,ROYAL GOLDEN EAGLE,APRIL INTERNATIONAL ENTEPRISE PTE LTD,SINGAPORE,CHATTOGRAM,BANGLADESH
2023,470200,ROYAL GOLDEN EAGLE,APRIL,BUATAN,RIAU,1515,904155,ROYAL GOLDEN EAGLE,APRIL FAR EAST MALAYSIA SDN BHD,MALAYSIA,FUZHOU,CHINA (MAINLAND)
2023,470200,ROYAL GOLDEN EAGLE,APRIL,BUATAN,RIAU,505,301291,ROYAL GOLDEN EAGLE,APRIL FAR EAST MALAYSIA SDN BHD,MALAYSIA,LIANYUNGANG,CHINA (MAINLAND)
2023,470329,SINAR MAS,INDAH KIAT,PERAWANG,RIAU,500,245925,UNKNOWN AFFILIATION,AMBER SUPER PAPER LIMITED,BANGLADESH,CHATTOGRAM,BANGLADESH
2023,470200,ROYAL GOLDEN EAGLE,APRIL,BUATAN,RIAU,505,301506,ROYAL GOLDEN EAGLE,APRIL FAR EAST MALAYSIA SDN BHD,MALAYSIA,FUZHOU,CHINA (MAINLAND)
2023,470329,SINAR MAS,OKI,SULTAN MAHMUD BADARUDDIN (U),SUMATERA SELATAN,2000,983000,SINAR MAS,KING PAPER SOURCE TRADING (SHANGHAI) CO LTD,CHINA (MAINLAND),SHANGHAI,CHINA (MAINLAND)
2023,470329,SINAR MAS,INDAH KIAT,PERAWANG,RIAU,200,83654,NTPM HOLDINGS BHD,NTPM (VIETNAM) CO LTD,VIETNAM,CAT LAI,VIETNAM
2023,470329,SINAR MAS,OKI,SULTAN MAHMUD BADARUDDIN (U),SUMATERA SELATAN,5000,2457500,SINAR MAS,KING PAPER SOURCE TRADING (SHANGHAI) CO LTD,CHINA (MAINLAND),NINGBO,CHINA (MAINLAND)
2023,470200,ROYAL GOLDEN EAGLE,APRIL,BUATAN,RIAU,525,300617,ROYAL GOLDEN EAGLE,APRIL FAR EAST MALAYSIA SDN BHD,MALAYSIA,LIANYUNGANG,CHINA (MAINLAND)
2023,470200,ROYAL GOLDEN EAGLE,TOBA PULP LESTARI,BELAWAN,SUMATERA UTARA,502,412440,ROYAL GOLDEN EAGLE,APEX FIBER RESOURCES & TRADING FZCO,UNITED ARAB EMIRATES,SHANGHAI,CHINA (MAINLAND)
2023,470200,ROYAL GOLDEN EAGLE,TOBA PULP LESTARI,BELAWAN,SUMATERA UTARA,501,412001,ROYAL GOLDEN EAGLE,APEX FIBER RESOURCES & TRADING FZCO,UNITED ARAB EMIRATES,SHANGHAI,CHINA (MAINLAND)
2023,470329,SINAR MAS,INDAH KIAT,PERAWANG,RIAU,500,245988,UNKNOWN AFFILIATION,TRUONG XUAN PAPER JOINT STOCK CO,VIETNAM,HAIPHONG,VIETNAM
2023,470329,SINAR MAS,INDAH KIAT,PERAWANG,RIAU,1000,428600,UNKNOWN AFFILIATION,KHAI HOANG PAPER PRODUCTION SERVICE TRADING CO,VIETNAM,HAIPHONG,VIETNAM
2023,470329,ROYAL GOLDEN EAGLE,APRIL,BUATAN,RIAU,1009,447813,ROYAL GOLDEN EAGLE,APRIL INTERNATIONAL ENTEPRISE PTE LTD,SINGAPORE,HAIPHONG,VIETNAM
2023,470329,SINAR MAS,INDAH KIAT,PERAWANG,RIAU,1000,488600,UNKNOWN AFFILIATION,TRUONG XUAN PAPER JOINT STOCK CO,VIETNAM,HAIPHONG,VIETNAM
2023,470329,SINAR MAS,INDAH KIAT,PERAWANG,RIAU,1100,504460,UNKNOWN AFFILIATION,TAN HANH NGUYEN CO LTD,VIETNAM,HAIPHONG,VIETNAM
2023,470329,SINAR MAS,INDAH KIAT,PERAWANG,RIAU,3500,1500100,IMEXCO BACGIANG,BAC GIANG IMPORT EXPORT JOINT STOCK CO,VIETNAM,HAIPHONG,VIETNAM
2023,470329,ROYAL GOLDEN EAGLE,APRIL,BUATAN,RIAU,708,313706,ROYAL GOLDEN EAGLE,APRIL INTERNATIONAL ENTEPRISE PTE LTD,SINGAPORE,CHATTOGRAM,BANGLADESH
2023,470329,ROYAL GOLDEN EAGLE,APRIL,BUATAN,RIAU,61,26921,ROYAL GOLDEN EAGLE,APRIL INTERNATIONAL ENTEPRISE PTE LTD,SINGAPORE,KARACHI,PAKISTAN
2023,470329,ROYAL GOLDEN EAGLE,APRIL,BUATAN,RIAU,1010,447819,ROYAL GOLDEN EAGLE,APRIL INTERNATIONAL ENTEPRISE PTE LTD,SINGAPORE,TUTICORIN,INDIA
2023,470329,ROYAL GOLDEN EAGLE,APRIL,BUATAN,RIAU,1009,446832,ROYAL GOLDEN EAGLE,APRIL INTERNATIONAL ENTEPRISE PTE LTD,SINGAPORE,NINGBO,CHINA (MAINLAND)
2023,470200,ROYAL GOLDEN EAGLE,APRIL,BUATAN,RIAU,525,300472,ROYAL GOLDEN EAGLE,APRIL FAR EAST MALAYSIA SDN BHD,MALAYSIA,FUZHOU,CHINA (MAINLAND)
2023,440122,ROYAL GOLDEN EAGLE,BALIKPAPAN CHIP LESTARI,BALIKPAPAN,KALIMANTAN TIMUR,22557,3248173,ROYAL GOLDEN EAGLE,ASIA SYMBOL (SHANDONG) PULP AND PAPER,CHINA (MAINLAND),RIZHAO,CHINA (MAINLAND)
2023,470329,ROYAL GOLDEN EAGLE,APRIL,BUATAN,RIAU,504,223717,ROYAL GOLDEN EAGLE,APRIL INTERNATIONAL ENTEPRISE PTE LTD,SINGAPORE,HAIPHONG,VIETNAM
2023,470329,SINAR MAS,INDAH KIAT,PERAWANG,RIAU,500,239500,KAILASH,GENUS PAPER & BOARDS LTD,INDIA,MUNDRA,INDIA
2023,470200,ROYAL GOLDEN EAGLE,APRIL,BUATAN,RIAU,787,451145,ROYAL GOLDEN EAGLE,APRIL FAR EAST MALAYSIA SDN BHD,MALAYSIA,LIANYUNGANG,CHINA (MAINLAND)
2023,470329,SINAR MAS,INDAH KIAT,PERAWANG,RIAU,500,239500,KAILASH,GENUS PAPER & BOARDS LTD,INDIA,MUNDRA,INDIA
2023,470329,SINAR MAS,INDAH KIAT,PERAWANG,RIAU,480,259086,UNKNOWN AFFILIATION,MAC-AAA FREIGHT & LOGISTICS LLC,UNITED ARAB EMIRATES,JEBEL ALI,NEW ZEALAND
2023,470329,ROYAL GOLDEN EAGLE,APRIL,BUATAN,RIAU,1009,446801,ROYAL GOLDEN EAGLE,APRIL FINE PAPER TRADING MIDDLE EAST,UNITED ARAB EMIRATES,JEDDAH,SAUDI ARABIA
2023,470200,ROYAL GOLDEN EAGLE,APRIL,BUATAN,RIAU,384,228746,ROYAL GOLDEN EAGLE,APRIL FAR EAST MALAYSIA SDN BHD,MALAYSIA,LIANYUNGANG,CHINA (MAINLAND)
2023,470329,ROYAL GOLDEN EAGLE,APRIL,BUATAN,RIAU,505,224086,ROYAL GOLDEN EAGLE,APRIL INTERNATIONAL ENTEPRISE PTE LTD,SINGAPORE,HAIPHONG,VIETNAM
2023,470329,ROYAL GOLDEN EAGLE,APRIL,BUATAN,RIAU,202,89720,ROYAL GOLDEN EAGLE,APRIL INTERNATIONAL ENTEPRISE PTE LTD,SINGAPORE,SANAND,INDIA
2023,470329,ROYAL GOLDEN EAGLE,APRIL,BUATAN,RIAU,202,83959,ROYAL GOLDEN EAGLE,APRIL INTERNATIONAL ENTEPRISE PTE LTD,SINGAPORE,ICD MIHAN,INDIA
2023,470329,ROYAL GOLDEN EAGLE,APRIL,BUATAN,RIAU,364,146560,ROYAL GOLDEN EAGLE,APRIL INTERNATIONAL ENTEPRISE PTE LTD,SINGAPORE,JAWAHARLAL NEHRU (NHAVA S,INDIA
2023,470200,ROYAL GOLDEN EAGLE,APRIL,BUATAN,RIAU,202,121015,ROYAL GOLDEN EAGLE,APRIL FAR EAST MALAYSIA SDN BHD,MALAYSIA,FUZHOU,CHINA (MAINLAND)
2023,470329,ROYAL GOLDEN EAGLE,APRIL,BUATAN,RIAU,202,89730,ROYAL GOLDEN EAGLE,APRIL INTERNATIONAL ENTEPRISE PTE LTD,SINGAPORE,FUZHOU,CHINA (MAINLAND)
2023,470200,ROYAL GOLDEN EAGLE,APRIL,BUATAN,RIAU,1818,1071714,ROYAL GOLDEN EAGLE,APRIL FAR EAST MALAYSIA SDN BHD,MALAYSIA,LIANYUNGANG,CHINA (MAINLAND)
2023,470329,SINAR MAS,OKI,SULTAN MAHMUD BADARUDDIN (U),SUMATERA SELATAN,2500,1025000,BASHUNDARA,BASHUNDHARA PAPER MILLS LTD,BANGLADESH,CHATTOGRAM,BANGLADESH
2023,470329,SINAR MAS,OKI,SULTAN MAHMUD BADARUDDIN (U),SUMATERA SELATAN,2500,1025000,BASHUNDARA,BASHUNDHARA PAPER MILLS LTD,BANGLADESH,CHATTOGRAM,BANGLADESH
2023,470329,ROYAL GOLDEN EAGLE,APRIL,BUATAN,RIAU,1010,448353,ROYAL GOLDEN EAGLE,APRIL INTERNATIONAL ENTEPRISE PTE LTD,SINGAPORE,NINGBO,CHINA (MAINLAND)
2023,470329,ROYAL GOLDEN EAGLE,APRIL,BUATAN,RIAU,101,41862,ROYAL GOLDEN EAGLE,APRIL INTERNATIONAL ENTEPRISE PTE LTD,SINGAPORE,PIPAVAV (VICTOR) PORT,INDIA
2023,470329,SINAR MAS,OKI,SULTAN MAHMUD BADARUDDIN (U),SUMATERA SELATAN,2500,1025000,BASHUNDARA,BASHUNDHARA PAPER MILLS LTD,BANGLADESH,CHATTOGRAM,BANGLADESH
2023,470329,MARUBENI,TANJUNG ENIM LESTARI,PANJANG,SUMATERA SELATAN,978,497497,YIBIN GRACE,YIBIN HIEST FIBRE LTD CORP,CHINA (MAINLAND),YIBIN,CHINA (MAINLAND)
2023,470200,ROYAL GOLDEN EAGLE,APRIL,BUATAN,RIAU,1010,602198,ROYAL GOLDEN EAGLE,APRIL FAR EAST MALAYSIA SDN BHD,MALAYSIA,JIUJIANG,CHINA (MAINLAND)
2023,470329,SINAR MAS,OKI,SULTAN MAHMUD BADARUDDIN (U),SUMATERA SELATAN,2500,1025000,BASHUNDARA,BASHUNDHARA PAPER MILLS LTD,BANGLADESH,CHATTOGRAM,BANGLADESH
2023,470200,ROYAL GOLDEN EAGLE,APRIL,FUTONG,RIAU,3734,2144008,ROYAL GOLDEN EAGLE,APRIL FAR EAST MALAYSIA SDN BHD,MALAYSIA,LIANYUNGANG,CHINA (MAINLAND)
2023,470329,ROYAL GOLDEN EAGLE,APRIL,BUATAN,RIAU,101,42222,ROYAL GOLDEN EAGLE,APRIL INTERNATIONAL ENTEPRISE PTE LTD,SINGAPORE,ICD MIHAN,INDIA
2023,470200,ROYAL GOLDEN EAGLE,APRIL,BUATAN,RIAU,808,462191,ROYAL GOLDEN EAGLE,APRIL FAR EAST MALAYSIA SDN BHD,MALAYSIA,LIANYUNGANG,CHINA (MAINLAND)
2023,470200,ROYAL GOLDEN EAGLE,APRIL,BUATAN,RIAU,706,404431,ROYAL GOLDEN EAGLE,APRIL FAR EAST MALAYSIA SDN BHD,MALAYSIA,LIANYUNGANG,CHINA (MAINLAND)
2023,470329,ROYAL GOLDEN EAGLE,APRIL,BUATAN,RIAU,121,50306,ROYAL GOLDEN EAGLE,APRIL INTERNATIONAL ENTEPRISE PTE LTD,SINGAPORE,JAWAHARLAL NEHRU (NHAVA S,INDIA
2023,470329,ROYAL GOLDEN EAGLE,APRIL,BUATAN,RIAU,505,209601,ROYAL GOLDEN EAGLE,APRIL INTERNATIONAL ENTEPRISE PTE LTD,SINGAPORE,CHATTOGRAM,BANGLADESH
2023,470200,ROYAL GOLDEN EAGLE,APRIL,FUTONG,RIAU,5679,3265965,ROYAL GOLDEN EAGLE,APRIL FAR EAST MALAYSIA SDN BHD,MALAYSIA,LIANYUNGANG,CHINA (MAINLAND)
2023,470329,ROYAL GOLDEN EAGLE,APRIL,BUATAN,RIAU,315,130733,ROYAL GOLDEN EAGLE,APRIL INTERNATIONAL ENTEPRISE PTE LTD,SINGAPORE,TAICHUNG,TAIWAN
2023,470200,ROYAL GOLDEN EAGLE,APRIL,FUTONG,RIAU,945,542025,ROYAL GOLDEN EAGLE,APRIL FAR EAST MALAYSIA SDN BHD,MALAYSIA,LIANYUNGANG,CHINA (MAINLAND)
2023,470200,ROYAL GOLDEN EAGLE,APRIL,BUATAN,RIAU,505,288786,ROYAL GOLDEN EAGLE,APRIL FAR EAST MALAYSIA SDN BHD,MALAYSIA,JIUJIANG,CHINA (MAINLAND)
2023,470329,ROYAL GOLDEN EAGLE,APRIL,FUTONG,RIAU,808,335031,ROYAL GOLDEN EAGLE,APRIL INTERNATIONAL ENTEPRISE PTE LTD,SINGAPORE,GAOLAN,CHINA (MAINLAND)
2023,470329,ROYAL GOLDEN EAGLE,APRIL,FUTONG,RIAU,4042,1676013,ROYAL GOLDEN EAGLE,APRIL FINE PAPER TRADING MIDDLE EAST,UNITED ARAB EMIRATES,GAOLAN,CHINA (MAINLAND)
2023,470329,ROYAL GOLDEN EAGLE,APRIL,BUATAN,RIAU,505,209565,ROYAL GOLDEN EAGLE,APRIL INTERNATIONAL ENTEPRISE PTE LTD,SINGAPORE,CHATTOGRAM,BANGLADESH
2023,470329,ROYAL GOLDEN EAGLE,APRIL,FUTONG,RIAU,1615,669897,ROYAL GOLDEN EAGLE,APRIL FAR EAST MALAYSIA SDN BHD,MALAYSIA,CHANGSHU,CHINA (MAINLAND)
2023,470200,ROYAL GOLDEN EAGLE,APRIL,FUTONG,RIAU,3537,2096094,ROYAL GOLDEN EAGLE,APRIL FAR EAST MALAYSIA SDN BHD,MALAYSIA,CHANGSHU,CHINA (MAINLAND)
2023,470329,SINAR MAS,OKI,SULTAN MAHMUD BADARUDDIN (U),SUMATERA SELATAN,2300,1064900,SINAR MAS,KING PAPER SOURCE TRADING (SHANGHAI) CO LTD,CHINA (MAINLAND),ZHENJIANG,CHINA (MAINLAND)
2023,470329,ROYAL GOLDEN EAGLE,APRIL,BUATAN,RIAU,404,167350,ROYAL GOLDEN EAGLE,APRIL INTERNATIONAL ENTEPRISE PTE LTD,SINGAPORE,PIPAVAV (VICTOR) PORT,INDIA
2023,470329,SINAR MAS,OKI,SULTAN MAHMUD BADARUDDIN (U),SUMATERA SELATAN,14000,6902000,SINAR MAS,KING PAPER SOURCE TRADING (SHANGHAI) CO LTD,CHINA (MAINLAND),ZHENJIANG,CHINA (MAINLAND)
2023,470329,ROYAL GOLDEN EAGLE,APRIL,FUTONG,RIAU,303,125498,ROYAL GOLDEN EAGLE,APRIL INTERNATIONAL ENTEPRISE PTE LTD,SINGAPORE,CHANGSHU,CHINA (MAINLAND)
2023,470329,ROYAL GOLDEN EAGLE,APRIL,FUTONG,RIAU,16455,6824632,ROYAL GOLDEN EAGLE,APRIL FINE PAPER TRADING MIDDLE EAST,UNITED ARAB EMIRATES,GAOLAN,CHINA (MAINLAND)
2023,470200,ROYAL GOLDEN EAGLE,APRIL,BUATAN,RIAU,1009,577704,ROYAL GOLDEN EAGLE,APRIL FAR EAST MALAYSIA SDN BHD,MALAYSIA,LIANYUNGANG,CHINA (MAINLAND)
2023,470200,ROYAL GOLDEN EAGLE,APRIL,BUATAN,RIAU,789,465385,ROYAL GOLDEN EAGLE,APRIL FAR EAST MALAYSIA SDN BHD,MALAYSIA,FUZHOU,CHINA (MAINLAND)
2023,470200,ROYAL GOLDEN EAGLE,APRIL,FUTONG,RIAU,14644,8421402,ROYAL GOLDEN EAGLE,APRIL FAR EAST MALAYSIA SDN BHD,MALAYSIA,CHANGSHU,CHINA (MAINLAND)
2023,470329,ROYAL GOLDEN EAGLE,APRIL,BUATAN,RIAU,1009,418679,ROYAL GOLDEN EAGLE,APRIL INTERNATIONAL ENTEPRISE PTE LTD,SINGAPORE,HAIPHONG,VIETNAM
2023,470200,ROYAL GOLDEN EAGLE,APRIL,BUATAN,RIAU,1010,578070,ROYAL GOLDEN EAGLE,APRIL FAR EAST MALAYSIA SDN BHD,MALAYSIA,LIANYUNGANG,CHINA (MAINLAND)
2023,470329,ROYAL GOLDEN EAGLE,APRIL,BUATAN,RIAU,506,209562,ROYAL GOLDEN EAGLE,APRIL INTERNATIONAL ENTEPRISE PTE LTD,SINGAPORE,HAIPHONG,VIETNAM
2023,470200,ROYAL GOLDEN EAGLE,APRIL,BUATAN,RIAU,505,288677,ROYAL GOLDEN EAGLE,APRIL FAR EAST MALAYSIA SDN BHD,MALAYSIA,LIANYUNGANG,CHINA (MAINLAND)
2023,470200,ROYAL GOLDEN EAGLE,APRIL,BUATAN,RIAU,506,290744,ROYAL GOLDEN EAGLE,APRIL FAR EAST MALAYSIA SDN BHD,MALAYSIA,LIANYUNGANG,CHINA (MAINLAND)
2023,470329,SINAR MAS,INDAH KIAT,PERAWANG,RIAU,480,234720,SINAR MAS,KING PAPER SOURCE TRADING (SHANGHAI) CO LTD,CHINA (MAINLAND),DAGANG,CHINA (MAINLAND)
2023,470329,SINAR MAS,INDAH KIAT,PERAWANG,RIAU,480,234720,SINAR MAS,KING PAPER SOURCE TRADING (SHANGHAI) CO LTD,CHINA (MAINLAND),DAGANG,CHINA (MAINLAND)
2023,470329,SINAR MAS,INDAH KIAT,PERAWANG,RIAU,220,107580,SINAR MAS,KING PAPER SOURCE TRADING (SHANGHAI) CO LTD,CHINA (MAINLAND),DAGANG,CHINA (MAINLAND)
2023,470329,SINAR MAS,INDAH KIAT,PERAWANG,RIAU,680,356252,MEPCO,MIDDLE EAST PAPER CO,SAUDI ARABIA,JEDDAH,SAUDI ARABIA
2023,470329,SINAR MAS,OKI,SULTAN MAHMUD BADARUDDIN (U),SUMATERA SELATAN,2000,986000,SINAR MAS,KING PAPER SOURCE TRADING (SHANGHAI) CO LTD,CHINA (MAINLAND),SHANGHAI,CHINA (MAINLAND)
2023,470329,SINAR MAS,INDAH KIAT,PERAWANG,RIAU,480,234720,SINAR MAS,KING PAPER SOURCE TRADING (SHANGHAI) CO LTD,CHINA (MAINLAND),DAGANG,CHINA (MAINLAND)
2023,470329,SINAR MAS,INDAH KIAT,PERAWANG,RIAU,660,345774,MEPCO,MIDDLE EAST PAPER CO,SAUDI ARABIA,JEDDAH,SAUDI ARABIA
2023,470329,SINAR MAS,INDAH KIAT,PERAWANG,RIAU,480,234720,SINAR MAS,KING PAPER SOURCE TRADING (SHANGHAI) CO LTD,CHINA (MAINLAND),DAGANG,CHINA (MAINLAND)
2023,470329,SINAR MAS,INDAH KIAT,PERAWANG,RIAU,480,234720,SINAR MAS,KING PAPER SOURCE TRADING (SHANGHAI) CO LTD,CHINA (MAINLAND),DAGANG,CHINA (MAINLAND)
2023,470329,SINAR MAS,INDAH KIAT,PERAWANG,RIAU,480,234720,SINAR MAS,KING PAPER SOURCE TRADING (SHANGHAI) CO LTD,CHINA (MAINLAND),DAGANG,CHINA (MAINLAND)
2023,470329,SINAR MAS,INDAH KIAT,PERAWANG,RIAU,480,234720,SINAR MAS,KING PAPER SOURCE TRADING (SHANGHAI) CO LTD,CHINA (MAINLAND),DAGANG,CHINA (MAINLAND)
2023,470329,SINAR MAS,INDAH KIAT,PERAWANG,RIAU,480,234720,SINAR MAS,KING PAPER SOURCE TRADING (SHANGHAI) CO LTD,CHINA (MAINLAND),DAGANG,CHINA (MAINLAND)
2023,470329,ROYAL GOLDEN EAGLE,APRIL,BUATAN,RIAU,81,33487,ROYAL GOLDEN EAGLE,APRIL INTERNATIONAL ENTEPRISE PTE LTD,SINGAPORE,JAWAHARLAL NEHRU (NHAVA S,INDIA
2023,470200,ROYAL GOLDEN EAGLE,APRIL,BUATAN,RIAU,505,288868,ROYAL GOLDEN EAGLE,APRIL FAR EAST MALAYSIA SDN BHD,MALAYSIA,JIUJIANG,CHINA (MAINLAND)
2023,470329,SINAR MAS,OKI,SULTAN MAHMUD BADARUDDIN (U),SUMATERA SELATAN,5000,2465000,SINAR MAS,KING PAPER SOURCE TRADING (SHANGHAI) CO LTD,CHINA (MAINLAND),SHANGHAI,CHINA (MAINLAND)
2023,470329,SINAR MAS,INDAH KIAT,PERAWANG,RIAU,499,234720,SINAR MAS,KING PAPER SOURCE TRADING (SHANGHAI) CO LTD,CHINA (MAINLAND),DAGANG,CHINA (MAINLAND)
2023,470329,SINAR MAS,INDAH KIAT,PERAWANG,RIAU,480,234720,SINAR MAS,KING PAPER SOURCE TRADING (SHANGHAI) CO LTD,CHINA (MAINLAND),DAGANG,CHINA (MAINLAND)
2023,470329,SINAR MAS,INDAH KIAT,PERAWANG,RIAU,480,234720,SINAR MAS,KING PAPER SOURCE TRADING (SHANGHAI) CO LTD,CHINA (MAINLAND),DAGANG,CHINA (MAINLAND)
2023,470329,SINAR MAS,INDAH KIAT,PERAWANG,RIAU,480,234720,SINAR MAS,KING PAPER SOURCE TRADING (SHANGHAI) CO LTD,CHINA (MAINLAND),DAGANG,CHINA (MAINLAND)
2023,470329,ROYAL GOLDEN EAGLE,APRIL,FUTONG,RIAU,8079,3351078,ROYAL GOLDEN EAGLE,APRIL INTERNATIONAL ENTEPRISE PTE LTD,SINGAPORE,HALDIA,INDIA
2023,470329,ROYAL GOLDEN EAGLE,APRIL,FUTONG,RIAU,404,167701,ROYAL GOLDEN EAGLE,APRIL INTERNATIONAL ENTEPRISE PTE LTD,SINGAPORE,HALDIA,INDIA
2023,470200,ROYAL GOLDEN EAGLE,APRIL,BUATAN,RIAU,203,119498,ROYAL GOLDEN EAGLE,APRIL FAR EAST MALAYSIA SDN BHD,MALAYSIA,FUZHOU,CHINA (MAINLAND)
2023,470329,SINAR MAS,OKI,SULTAN MAHMUD BADARUDDIN (U),SUMATERA SELATAN,5000,2465000,SINAR MAS,KING PAPER SOURCE TRADING (SHANGHAI) CO LTD,CHINA (MAINLAND),SHANGHAI,CHINA (MAINLAND)
2023,470329,SINAR MAS,INDAH KIAT,PERAWANG,RIAU,480,234720,SINAR MAS,KING PAPER SOURCE TRADING (SHANGHAI) CO LTD,CHINA (MAINLAND),DAGANG,CHINA (MAINLAND)
2023,470329,SINAR MAS,INDAH KIAT,PERAWANG,RIAU,480,234720,SINAR MAS,KING PAPER SOURCE TRADING (SHANGHAI) CO LTD,CHINA (MAINLAND),DAGANG,CHINA (MAINLAND)
2023,470329,SINAR MAS,INDAH KIAT,PERAWANG,RIAU,480,234720,SINAR MAS,KING PAPER SOURCE TRADING (SHANGHAI) CO LTD,CHINA (MAINLAND),DAGANG,CHINA (MAINLAND)
2023,470329,SINAR MAS,INDAH KIAT,PERAWANG,RIAU,60,29340,SINAR MAS,KING PAPER SOURCE TRADING (SHANGHAI) CO LTD,CHINA (MAINLAND),DAGANG,CHINA (MAINLAND)
2023,470329,ROYAL GOLDEN EAGLE,APRIL,BUATAN,RIAU,505,209234,ROYAL GOLDEN EAGLE,APRIL INTERNATIONAL ENTEPRISE PTE LTD,SINGAPORE,PIPAVAV (VICTOR) PORT,INDIA
2023,470329,SINAR MAS,INDAH KIAT,PERAWANG,RIAU,660,345774,MEPCO,MIDDLE EAST PAPER CO,SAUDI ARABIA,JEDDAH,SAUDI ARABIA
2023,470329,SINAR MAS,INDAH KIAT,PERAWANG,RIAU,480,234720,SINAR MAS,KING PAPER SOURCE TRADING (SHANGHAI) CO LTD,CHINA (MAINLAND),DAGANG,CHINA (MAINLAND)
2023,470329,SINAR MAS,INDAH KIAT,PERAWANG,RIAU,480,234720,SINAR MAS,KING PAPER SOURCE TRADING (SHANGHAI) CO LTD,CHINA (MAINLAND),DAGANG,CHINA (MAINLAND)
2023,470329,SINAR MAS,INDAH KIAT,PERAWANG,RIAU,480,234720,SINAR MAS,KING PAPER SOURCE TRADING (SHANGHAI) CO LTD,CHINA (MAINLAND),DAGANG,CHINA (MAINLAND)
2023,470329,SINAR MAS,INDAH KIAT,PERAWANG,RIAU,480,234720,SINAR MAS,KING PAPER SOURCE TRADING (SHANGHAI) CO LTD,CHINA (MAINLAND),DAGANG,CHINA (MAINLAND)
2023,470329,SINAR MAS,INDAH KIAT,PERAWANG,RIAU,200,97800,SINAR MAS,KING PAPER SOURCE TRADING (SHANGHAI) CO LTD,CHINA (MAINLAND),DAGANG,CHINA (MAINLAND)
2023,470200,ROYAL GOLDEN EAGLE,APRIL,BUATAN,RIAU,505,288818,ROYAL GOLDEN EAGLE,APRIL FAR EAST MALAYSIA SDN BHD,MALAYSIA,LIANYUNGANG,CHINA (MAINLAND)
2023,470329,SINAR MAS,INDAH KIAT,PERAWANG,RIAU,480,234720,SINAR MAS,KING PAPER SOURCE TRADING (SHANGHAI) CO LTD,CHINA (MAINLAND),DAGANG,CHINA (MAINLAND)
2023,470329,SINAR MAS,INDAH KIAT,PERAWANG,RIAU,480,234720,SINAR MAS,KING PAPER SOURCE TRADING (SHANGHAI) CO LTD,CHINA (MAINLAND),DAGANG,CHINA (MAINLAND)
2023,470329,SINAR MAS,INDAH KIAT,PERAWANG,RIAU,480,234720,SINAR MAS,KING PAPER SOURCE TRADING (SHANGHAI) CO LTD,CHINA (MAINLAND),DAGANG,CHINA (MAINLAND)
2023,470329,ROYAL GOLDEN EAGLE,APRIL,BUATAN,RIAU,303,125602,ROYAL GOLDEN EAGLE,APRIL INTERNATIONAL ENTEPRISE PTE LTD,SINGAPORE,HAIPHONG,VIETNAM
2023,470200,ROYAL GOLDEN EAGLE,APRIL,BUATAN,RIAU,505,288830,ROYAL GOLDEN EAGLE,APRIL FAR EAST MALAYSIA SDN BHD,MALAYSIA,JIUJIANG,CHINA (MAINLAND)
2023,470329,ROYAL GOLDEN EAGLE,APRIL,BUATAN,RIAU,505,209751,ROYAL GOLDEN EAGLE,APRIL INTERNATIONAL ENTEPRISE PTE LTD,SINGAPORE,KARACHI,PAKISTAN
2023,470329,ROYAL GOLDEN EAGLE,APRIL,BUATAN,RIAU,201,83602,ROYAL GOLDEN EAGLE,APRIL INTERNATIONAL ENTEPRISE PTE LTD,SINGAPORE,JAWAHARLAL NEHRU (NHAVA S,INDIA
2023,470200,ROYAL GOLDEN EAGLE,APRIL,BUATAN,RIAU,505,288933,ROYAL GOLDEN EAGLE,APRIL FAR EAST MALAYSIA SDN BHD,MALAYSIA,LIANYUNGANG,CHINA (MAINLAND)
2023,470329,SINAR MAS,INDAH KIAT,PERAWANG,RIAU,500,245120,SINAR MAS,KING PAPER SOURCE TRADING (SHANGHAI) CO LTD,CHINA (MAINLAND),DALIAN,CHINA (MAINLAND)
2023,470329,SINAR MAS,INDAH KIAT,PERAWANG,RIAU,500,245120,SINAR MAS,KING PAPER SOURCE TRADING (SHANGHAI) CO LTD,CHINA (MAINLAND),DALIAN,CHINA (MAINLAND)
2023,470200,ROYAL GOLDEN EAGLE,APRIL,BUATAN,RIAU,788,450793,ROYAL GOLDEN EAGLE,APRIL FAR EAST MALAYSIA SDN BHD,MALAYSIA,LIANYUNGANG,CHINA (MAINLAND)
2023,470200,ROYAL GOLDEN EAGLE,APRIL,BUATAN,RIAU,505,288863,ROYAL GOLDEN EAGLE,APRIL FAR EAST MALAYSIA SDN BHD,MALAYSIA,FUZHOU,CHINA (MAINLAND)
2023,470329,ROYAL GOLDEN EAGLE,APRIL,BUATAN,RIAU,707,292812,ROYAL GOLDEN EAGLE,APRIL INTERNATIONAL ENTEPRISE PTE LTD,SINGAPORE,HAIPHONG,VIETNAM
2023,470200,ROYAL GOLDEN EAGLE,APRIL,BUATAN,RIAU,505,289676,ROYAL GOLDEN EAGLE,APRIL FAR EAST MALAYSIA SDN BHD,MALAYSIA,LIANYUNGANG,CHINA (MAINLAND)
2023,470200,ROYAL GOLDEN EAGLE,APRIL,BUATAN,RIAU,505,288880,ROYAL GOLDEN EAGLE,APRIL FAR EAST MALAYSIA SDN BHD,MALAYSIA,FUZHOU,CHINA (MAINLAND)
2023,470200,ROYAL GOLDEN EAGLE,APRIL,BUATAN,RIAU,506,289536,ROYAL GOLDEN EAGLE,APRIL FAR EAST MALAYSIA SDN BHD,MALAYSIA,JIUJIANG,CHINA (MAINLAND)
2023,470200,ROYAL GOLDEN EAGLE,APRIL,BUATAN,RIAU,505,297091,ROYAL GOLDEN EAGLE,APRIL FAR EAST MALAYSIA SDN BHD,MALAYSIA,FUZHOU,CHINA (MAINLAND)
2023,470200,ROYAL GOLDEN EAGLE,APRIL,BUATAN,RIAU,506,297605,ROYAL GOLDEN EAGLE,APRIL FAR EAST MALAYSIA SDN BHD,MALAYSIA,FUZHOU,CHINA (MAINLAND)
2023,470200,ROYAL GOLDEN EAGLE,APRIL,BUATAN,RIAU,505,289630,ROYAL GOLDEN EAGLE,APRIL FAR EAST MALAYSIA SDN BHD,MALAYSIA,JIUJIANG,CHINA (MAINLAND)
2023,470200,ROYAL GOLDEN EAGLE,APRIL,BUATAN,RIAU,505,289052,ROYAL GOLDEN EAGLE,APRIL FAR EAST MALAYSIA SDN BHD,MALAYSIA,FUZHOU,CHINA (MAINLAND)
2023,470200,ROYAL GOLDEN EAGLE,APRIL,BUATAN,RIAU,505,288883,ROYAL GOLDEN EAGLE,APRIL FAR EAST MALAYSIA SDN BHD,MALAYSIA,LIANYUNGANG,CHINA (MAINLAND)
2023,470200,ROYAL GOLDEN EAGLE,APRIL,BUATAN,RIAU,505,289145,ROYAL GOLDEN EAGLE,APRIL FAR EAST MALAYSIA SDN BHD,MALAYSIA,FUZHOU,CHINA (MAINLAND)
2023,470200,ROYAL GOLDEN EAGLE,APRIL,BUATAN,RIAU,505,289256,ROYAL GOLDEN EAGLE,APRIL FAR EAST MALAYSIA SDN BHD,MALAYSIA,JIUJIANG,CHINA (MAINLAND)
2023,470329,SINAR MAS,INDAH KIAT,PERAWANG,RIAU,480,234720,SINAR MAS,KING PAPER SOURCE TRADING (SHANGHAI) CO LTD,CHINA (MAINLAND),DAGANG,CHINA (MAINLAND)
2023,470329,SINAR MAS,INDAH KIAT,PERAWANG,RIAU,480,234720,SINAR MAS,KING PAPER SOURCE TRADING (SHANGHAI) CO LTD,CHINA (MAINLAND),DAGANG,CHINA (MAINLAND)
2023,470329,SINAR MAS,INDAH KIAT,PERAWANG,RIAU,480,234720,SINAR MAS,KING PAPER SOURCE TRADING (SHANGHAI) CO LTD,CHINA (MAINLAND),DAGANG,CHINA (MAINLAND)
2023,470329,SINAR MAS,INDAH KIAT,PERAWANG,RIAU,480,234720,SINAR MAS,KING PAPER SOURCE TRADING (SHANGHAI) CO LTD,CHINA (MAINLAND),DAGANG,CHINA (MAINLAND)
2023,470329,SINAR MAS,INDAH KIAT,PERAWANG,RIAU,480,234720,SINAR MAS,KING PAPER SOURCE TRADING (SHANGHAI) CO LTD,CHINA (MAINLAND),DAGANG,CHINA (MAINLAND)
2023,470329,SINAR MAS,INDAH KIAT,PERAWANG,RIAU,220,107580,SINAR MAS,KING PAPER SOURCE TRADING (SHANGHAI) CO LTD,CHINA (MAINLAND),DAGANG,CHINA (MAINLAND)
2023,470329,SINAR MAS,INDAH KIAT,PERAWANG,RIAU,160,78240,SINAR MAS,KING PAPER SOURCE TRADING (SHANGHAI) CO LTD,CHINA (MAINLAND),DAGANG,CHINA (MAINLAND)
2023,470329,SINAR MAS,INDAH KIAT,PERAWANG,RIAU,480,234720,SINAR MAS,KING PAPER SOURCE TRADING (SHANGHAI) CO LTD,CHINA (MAINLAND),DAGANG,CHINA (MAINLAND)
2023,470329,SINAR MAS,INDAH KIAT,PERAWANG,RIAU,480,234720,SINAR MAS,KING PAPER SOURCE TRADING (SHANGHAI) CO LTD,CHINA (MAINLAND),DAGANG,CHINA (MAINLAND)
2023,470329,SINAR MAS,INDAH KIAT,PERAWANG,RIAU,660,306612,GULF PAPER,GULF PAPER MANUFACTURING CO KSC,KUWAIT,SHUAIBA,KUWAIT
2023,470329,SINAR MAS,INDAH KIAT,PERAWANG,RIAU,480,234720,SINAR MAS,KING PAPER SOURCE TRADING (SHANGHAI) CO LTD,CHINA (MAINLAND),DAGANG,CHINA (MAINLAND)
2023,470329,SINAR MAS,INDAH KIAT,PERAWANG,RIAU,480,234720,SINAR MAS,KING PAPER SOURCE TRADING (SHANGHAI) CO LTD,CHINA (MAINLAND),DAGANG,CHINA (MAINLAND)
2023,470329,SINAR MAS,INDAH KIAT,PERAWANG,RIAU,480,234720,SINAR MAS,KING PAPER SOURCE TRADING (SHANGHAI) CO LTD,CHINA (MAINLAND),DAGANG,CHINA (MAINLAND)
2023,470329,SINAR MAS,INDAH KIAT,PERAWANG,RIAU,480,234720,SINAR MAS,KING PAPER SOURCE TRADING (SHANGHAI) CO LTD,CHINA (MAINLAND),DAGANG,CHINA (MAINLAND)
2023,470329,ROYAL GOLDEN EAGLE,APRIL,BUATAN,RIAU,243,100591,ROYAL GOLDEN EAGLE,APRIL INTERNATIONAL ENTEPRISE PTE LTD,SINGAPORE,CHATTOGRAM,BANGLADESH
2023,470200,ROYAL GOLDEN EAGLE,APRIL,BUATAN,RIAU,990,566359,ROYAL GOLDEN EAGLE,APRIL FAR EAST MALAYSIA SDN BHD,MALAYSIA,FUZHOU,CHINA (MAINLAND)
2023,470329,SINAR MAS,INDAH KIAT,PERAWANG,RIAU,480,234720,SINAR MAS,KING PAPER SOURCE TRADING (SHANGHAI) CO LTD,CHINA (MAINLAND),DAGANG,CHINA (MAINLAND)
2023,470329,SINAR MAS,INDAH KIAT,PERAWANG,RIAU,480,234720,SINAR MAS,KING PAPER SOURCE TRADING (SHANGHAI) CO LTD,CHINA (MAINLAND),DAGANG,CHINA (MAINLAND)
2023,470329,SINAR MAS,INDAH KIAT,PERAWANG,RIAU,480,234720,SINAR MAS,KING PAPER SOURCE TRADING (SHANGHAI) CO LTD,CHINA (MAINLAND),DAGANG,CHINA (MAINLAND)
2023,470329,SINAR MAS,INDAH KIAT,PERAWANG,RIAU,240,117360,SINAR MAS,KING PAPER SOURCE TRADING (SHANGHAI) CO LTD,CHINA (MAINLAND),DAGANG,CHINA (MAINLAND)
2023,470329,SINAR MAS,INDAH KIAT,PERAWANG,RIAU,480,234720,SINAR MAS,KING PAPER SOURCE TRADING (SHANGHAI) CO LTD,CHINA (MAINLAND),DAGANG,CHINA (MAINLAND)
2023,470329,SINAR MAS,INDAH KIAT,PERAWANG,RIAU,480,234720,SINAR MAS,KING PAPER SOURCE TRADING (SHANGHAI) CO LTD,CHINA (MAINLAND),DAGANG,CHINA (MAINLAND)
2023,470329,SINAR MAS,INDAH KIAT,PERAWANG,RIAU,480,234720,SINAR MAS,KING PAPER SOURCE TRADING (SHANGHAI) CO LTD,CHINA (MAINLAND),DAGANG,CHINA (MAINLAND)
2023,470329,SINAR MAS,INDAH KIAT,PERAWANG,RIAU,480,234720,SINAR MAS,KING PAPER SOURCE TRADING (SHANGHAI) CO LTD,CHINA (MAINLAND),DAGANG,CHINA (MAINLAND)
2023,470329,SINAR MAS,INDAH KIAT,PERAWANG,RIAU,480,234720,SINAR MAS,KING PAPER SOURCE TRADING (SHANGHAI) CO LTD,CHINA (MAINLAND),DAGANG,CHINA (MAINLAND)
2023,470329,SINAR MAS,INDAH KIAT,PERAWANG,RIAU,480,234720,SINAR MAS,KING PAPER SOURCE TRADING (SHANGHAI) CO LTD,CHINA (MAINLAND),DAGANG,CHINA (MAINLAND)
2023,470329,SINAR MAS,OKI,SULTAN MAHMUD BADARUDDIN (U),SUMATERA SELATAN,6100,2998150,SINAR MAS,KING PAPER SOURCE TRADING (SHANGHAI) CO LTD,CHINA (MAINLAND),SHANGHAI,CHINA (MAINLAND)
2023,470329,SINAR MAS,OKI,SULTAN MAHMUD BADARUDDIN (U),SUMATERA SELATAN,3000,1474500,SINAR MAS,KING PAPER SOURCE TRADING (SHANGHAI) CO LTD,CHINA (MAINLAND),SHANGHAI,CHINA (MAINLAND)
2023,470329,SINAR MAS,INDAH KIAT,PERAWANG,RIAU,480,234720,SINAR MAS,KING PAPER SOURCE TRADING (SHANGHAI) CO LTD,CHINA (MAINLAND),DAGANG,CHINA (MAINLAND)
2023,470329,SINAR MAS,INDAH KIAT,PERAWANG,RIAU,480,234720,SINAR MAS,KING PAPER SOURCE TRADING (SHANGHAI) CO LTD,CHINA (MAINLAND),DAGANG,CHINA (MAINLAND)
2023,470329,SINAR MAS,INDAH KIAT,PERAWANG,RIAU,480,234720,SINAR MAS,KING PAPER SOURCE TRADING (SHANGHAI) CO LTD,CHINA (MAINLAND),DAGANG,CHINA (MAINLAND)
2023,470200,ROYAL GOLDEN EAGLE,APRIL,BUATAN,RIAU,505,289028,ROYAL GOLDEN EAGLE,APRIL FAR EAST MALAYSIA SDN BHD,MALAYSIA,LIANYUNGANG,CHINA (MAINLAND)
2023,470329,ROYAL GOLDEN EAGLE,APRIL,BUATAN,RIAU,80,33595,ROYAL GOLDEN EAGLE,APRIL INTERNATIONAL ENTEPRISE PTE LTD,SINGAPORE,JAWAHARLAL NEHRU (NHAVA S,INDIA
2023,470329,SINAR MAS,OKI,SULTAN MAHMUD BADARUDDIN (U),SUMATERA SELATAN,1500,737250,SINAR MAS,KING PAPER SOURCE TRADING (SHANGHAI) CO LTD,CHINA (MAINLAND),SHANGHAI,CHINA (MAINLAND)
2023,470329,SINAR MAS,OKI,SULTAN MAHMUD BADARUDDIN (U),SUMATERA SELATAN,2000,983000,SINAR MAS,KING PAPER SOURCE TRADING (SHANGHAI) CO LTD,CHINA (MAINLAND),SHANGHAI,CHINA (MAINLAND)
2023,470200,ROYAL GOLDEN EAGLE,APRIL,BUATAN,RIAU,505,297261,ROYAL GOLDEN EAGLE,APRIL FAR EAST MALAYSIA SDN BHD,MALAYSIA,FUZHOU,CHINA (MAINLAND)
2023,470329,SINAR MAS,OKI,SULTAN MAHMUD BADARUDDIN (U),SUMATERA SELATAN,2500,1228750,SINAR MAS,KING PAPER SOURCE TRADING (SHANGHAI) CO LTD,CHINA (MAINLAND),ZHENJIANG,CHINA (MAINLAND)
2023,470329,ROYAL GOLDEN EAGLE,APRIL,BUATAN,RIAU,1011,419294,ROYAL GOLDEN EAGLE,APRIL INTERNATIONAL ENTEPRISE PTE LTD,SINGAPORE,CAT LAI,VIETNAM
2023,470329,SINAR MAS,OKI,SULTAN MAHMUD BADARUDDIN (U),SUMATERA SELATAN,500,245750,SINAR MAS,KING PAPER SOURCE TRADING (SHANGHAI) CO LTD,CHINA (MAINLAND),ZHENJIANG,CHINA (MAINLAND)
2023,470329,ROYAL GOLDEN EAGLE,APRIL,BUATAN,RIAU,121,50344,ROYAL GOLDEN EAGLE,APRIL INTERNATIONAL ENTEPRISE PTE LTD,SINGAPORE,TUTICORIN,INDIA
2023,470329,ROYAL GOLDEN EAGLE,APRIL,BUATAN,RIAU,121,50045,ROYAL GOLDEN EAGLE,APRIL INTERNATIONAL ENTEPRISE PTE LTD,SINGAPORE,JAWAHARLAL NEHRU (NHAVA S,INDIA
2023,470329,ROYAL GOLDEN EAGLE,APRIL,BUATAN,RIAU,121,50215,ROYAL GOLDEN EAGLE,APRIL INTERNATIONAL ENTEPRISE PTE LTD,SINGAPORE,TUTICORIN,INDIA
2023,470329,ROYAL GOLDEN EAGLE,APRIL,BUATAN,RIAU,121,50277,ROYAL GOLDEN EAGLE,APRIL INTERNATIONAL ENTEPRISE PTE LTD,SINGAPORE,JAWAHARLAL NEHRU (NHAVA S,INDIA
2023,470200,ROYAL GOLDEN EAGLE,APRIL,BUATAN,RIAU,505,297826,ROYAL GOLDEN EAGLE,APRIL FAR EAST MALAYSIA SDN BHD,MALAYSIA,FUZHOU,CHINA (MAINLAND)
2023,470329,ROYAL GOLDEN EAGLE,APRIL,BUATAN,RIAU,161,66883,ROYAL GOLDEN EAGLE,APRIL INTERNATIONAL ENTEPRISE PTE LTD,SINGAPORE,JAWAHARLAL NEHRU (NHAVA S,INDIA
2023,440122,ROYAL GOLDEN EAGLE,BALIKPAPAN CHIP LESTARI,BALIKPAPAN,KALIMANTAN TIMUR,20402,2937951,ROYAL GOLDEN EAGLE,ASIA SYMBOL (SHANDONG) PULP AND PAPER,CHINA (MAINLAND),RIZHAO,CHINA (MAINLAND)
2023,470329,SINAR MAS,INDAH KIAT,PERAWANG,RIAU,480,234720,SINAR MAS,KING PAPER SOURCE TRADING (SHANGHAI) CO LTD,CHINA (MAINLAND),DAGANG,CHINA (MAINLAND)
2023,470329,SINAR MAS,INDAH KIAT,PERAWANG,RIAU,480,234720,SINAR MAS,KING PAPER SOURCE TRADING (SHANGHAI) CO LTD,CHINA (MAINLAND),DAGANG,CHINA (MAINLAND)
2023,470329,SINAR MAS,INDAH KIAT,PERAWANG,RIAU,480,234720,SINAR MAS,KING PAPER SOURCE TRADING (SHANGHAI) CO LTD,CHINA (MAINLAND),DAGANG,CHINA (MAINLAND)
2023,470329,SINAR MAS,INDAH KIAT,PERAWANG,RIAU,500,245120,SINAR MAS,KING PAPER SOURCE TRADING (SHANGHAI) CO LTD,CHINA (MAINLAND),DALIAN,CHINA (MAINLAND)
2023,470200,ROYAL GOLDEN EAGLE,APRIL,BUATAN,RIAU,1030,589488,ROYAL GOLDEN EAGLE,APRIL FAR EAST MALAYSIA SDN BHD,MALAYSIA,LIANYUNGANG,CHINA (MAINLAND)
2023,470329,SINAR MAS,INDAH KIAT,PERAWANG,RIAU,400,167308,UNKNOWN AFFILIATION,NEW TOYO PULPPY (VIETNAM) CO LTD,VIETNAM,CAT LAI,VIETNAM
2023,470329,SINAR MAS,INDAH KIAT,PERAWANG,RIAU,480,234720,SINAR MAS,KING PAPER SOURCE TRADING (SHANGHAI) CO LTD,CHINA (MAINLAND),DAGANG,CHINA (MAINLAND)
2023,470329,SINAR MAS,INDAH KIAT,PERAWANG,RIAU,300,146700,SINAR MAS,KING PAPER SOURCE TRADING (SHANGHAI) CO LTD,CHINA (MAINLAND),DAGANG,CHINA (MAINLAND)
2023,470200,ROYAL GOLDEN EAGLE,APRIL,BUATAN,RIAU,222,127273,ROYAL GOLDEN EAGLE,APRIL FAR EAST MALAYSIA SDN BHD,MALAYSIA,FUZHOU,CHINA (MAINLAND)
2023,470200,ROYAL GOLDEN EAGLE,APRIL,BUATAN,RIAU,505,289673,ROYAL GOLDEN EAGLE,APRIL FAR EAST MALAYSIA SDN BHD,MALAYSIA,FUZHOU,CHINA (MAINLAND)
2023,470200,ROYAL GOLDEN EAGLE,APRIL,BUATAN,RIAU,504,289352,ROYAL GOLDEN EAGLE,APRIL FAR EAST MALAYSIA SDN BHD,MALAYSIA,JIUJIANG,CHINA (MAINLAND)
2023,470329,SINAR MAS,INDAH KIAT,PERAWANG,RIAU,480,234720,SINAR MAS,KING PAPER SOURCE TRADING (SHANGHAI) CO LTD,CHINA (MAINLAND),DAGANG,CHINA (MAINLAND)
2023,470329,SINAR MAS,INDAH KIAT,PERAWANG,RIAU,480,234720,SINAR MAS,KING PAPER SOURCE TRADING (SHANGHAI) CO LTD,CHINA (MAINLAND),DAGANG,CHINA (MAINLAND)
2023,470329,SINAR MAS,INDAH KIAT,PERAWANG,RIAU,480,234720,SINAR MAS,KING PAPER SOURCE TRADING (SHANGHAI) CO LTD,CHINA (MAINLAND),DAGANG,CHINA (MAINLAND)
2023,470329,SINAR MAS,INDAH KIAT,PERAWANG,RIAU,480,234720,SINAR MAS,KING PAPER SOURCE TRADING (SHANGHAI) CO LTD,CHINA (MAINLAND),DAGANG,CHINA (MAINLAND)
2023,470329,SINAR MAS,INDAH KIAT,PERAWANG,RIAU,60,29340,SINAR MAS,KING PAPER SOURCE TRADING (SHANGHAI) CO LTD,CHINA (MAINLAND),DAGANG,CHINA (MAINLAND)
2023,470329,ROYAL GOLDEN EAGLE,APRIL,FUTONG,RIAU,5022,2082808,ROYAL GOLDEN EAGLE,APRIL INTERNATIONAL ENTEPRISE PTE LTD,SINGAPORE,JEBEL ALI,NEW ZEALAND
2023,470329,ROYAL GOLDEN EAGLE,APRIL,FUTONG,RIAU,17072,7083756,ROYAL GOLDEN EAGLE,APRIL INTERNATIONAL ENTEPRISE PTE LTD,SINGAPORE,MUMBAI (EX BOMBAY),INDIA
2023,470200,ROYAL GOLDEN EAGLE,APRIL,BUATAN,RIAU,505,289036,ROYAL GOLDEN EAGLE,APRIL FAR EAST MALAYSIA SDN BHD,MALAYSIA,JIUJIANG,CHINA (MAINLAND)
2023,470329,SINAR MAS,INDAH KIAT,PERAWANG,RIAU,480,234720,SINAR MAS,KING PAPER SOURCE TRADING (SHANGHAI) CO LTD,CHINA (MAINLAND),DAGANG,CHINA (MAINLAND)
2023,470329,SINAR MAS,INDAH KIAT,PERAWANG,RIAU,480,234720,SINAR MAS,KING PAPER SOURCE TRADING (SHANGHAI) CO LTD,CHINA (MAINLAND),DAGANG,CHINA (MAINLAND)
2023,470329,SINAR MAS,INDAH KIAT,PERAWANG,RIAU,480,234720,SINAR MAS,KING PAPER SOURCE TRADING (SHANGHAI) CO LTD,CHINA (MAINLAND),DAGANG,CHINA (MAINLAND)
2023,470329,SINAR MAS,INDAH KIAT,PERAWANG,RIAU,480,234720,SINAR MAS,KING PAPER SOURCE TRADING (SHANGHAI) CO LTD,CHINA (MAINLAND),DAGANG,CHINA (MAINLAND)
2023,470329,ROYAL GOLDEN EAGLE,APRIL,BUATAN,RIAU,40,16753,ROYAL GOLDEN EAGLE,APRIL INTERNATIONAL ENTEPRISE PTE LTD,SINGAPORE,MUNDRA,INDIA
2023,470329,MARUBENI,TANJUNG ENIM LESTARI,PANJANG,SUMATERA SELATAN,193,98947,ANKIT,ANKIT PULPS AND BOARDS PVT LTD,INDIA,ICD MIHAN,INDIA
2023,470329,ROYAL GOLDEN EAGLE,APRIL,FUTONG,RIAU,899,372891,ROYAL GOLDEN EAGLE,APRIL INTERNATIONAL ENTEPRISE PTE LTD,SINGAPORE,MUMBAI (EX BOMBAY),INDIA
2023,470329,ROYAL GOLDEN EAGLE,APRIL,BUATAN,RIAU,121,50118,ROYAL GOLDEN EAGLE,APRIL INTERNATIONAL ENTEPRISE PTE LTD,SINGAPORE,MUNDRA,INDIA
2023,470200,ROYAL GOLDEN EAGLE,APRIL,BUATAN,RIAU,505,297347,ROYAL GOLDEN EAGLE,APRIL FAR EAST MALAYSIA SDN BHD,MALAYSIA,JIUJIANG,CHINA (MAINLAND)
2023,470329,SINAR MAS,INDAH KIAT,PERAWANG,RIAU,480,234720,SINAR MAS,KING PAPER SOURCE TRADING (SHANGHAI) CO LTD,CHINA (MAINLAND),DAGANG,CHINA (MAINLAND)
2023,470200,ROYAL GOLDEN EAGLE,APRIL,BUATAN,RIAU,506,290223,ROYAL GOLDEN EAGLE,APRIL FAR EAST MALAYSIA SDN BHD,MALAYSIA,FUZHOU,CHINA (MAINLAND)
2023,470329,SINAR MAS,INDAH KIAT,PERAWANG,RIAU,480,234720,SINAR MAS,KING PAPER SOURCE TRADING (SHANGHAI) CO LTD,CHINA (MAINLAND),DAGANG,CHINA (MAINLAND)
2023,470329,SINAR MAS,INDAH KIAT,PERAWANG,RIAU,480,234720,SINAR MAS,KING PAPER SOURCE TRADING (SHANGHAI) CO LTD,CHINA (MAINLAND),DAGANG,CHINA (MAINLAND)
2023,470200,ROYAL GOLDEN EAGLE,APRIL,BUATAN,RIAU,505,289093,ROYAL GOLDEN EAGLE,APRIL FAR EAST MALAYSIA SDN BHD,MALAYSIA,JIUJIANG,CHINA (MAINLAND)
2023,470200,ROYAL GOLDEN EAGLE,APRIL,BUATAN,RIAU,505,289747,ROYAL GOLDEN EAGLE,APRIL FAR EAST MALAYSIA SDN BHD,MALAYSIA,JIUJIANG,CHINA (MAINLAND)
2023,470200,ROYAL GOLDEN EAGLE,APRIL,FUTONG,RIAU,2020,1152940,ROYAL GOLDEN EAGLE,APRIL FAR EAST MALAYSIA SDN BHD,MALAYSIA,JIUJIANG,CHINA (MAINLAND)
2023,470329,SINAR MAS,INDAH KIAT,PERAWANG,RIAU,480,234720,SINAR MAS,KING PAPER SOURCE TRADING (SHANGHAI) CO LTD,CHINA (MAINLAND),DAGANG,CHINA (MAINLAND)
2023,470329,ROYAL GOLDEN EAGLE,APRIL,BUATAN,RIAU,97,40238,ROYAL GOLDEN EAGLE,APRIL INTERNATIONAL ENTEPRISE PTE LTD,SINGAPORE,TAOYUAN,TAIWAN
2023,470329,SINAR MAS,INDAH KIAT,PERAWANG,RIAU,480,234720,SINAR MAS,KING PAPER SOURCE TRADING (SHANGHAI) CO LTD,CHINA (MAINLAND),DAGANG,CHINA (MAINLAND)
2023,470329,SINAR MAS,INDAH KIAT,PERAWANG,RIAU,480,234720,SINAR MAS,KING PAPER SOURCE TRADING (SHANGHAI) CO LTD,CHINA (MAINLAND),DAGANG,CHINA (MAINLAND)
2023,470329,ROYAL GOLDEN EAGLE,APRIL,FUTONG,RIAU,1010,419331,ROYAL GOLDEN EAGLE,APRIL INTERNATIONAL ENTEPRISE PTE LTD,SINGAPORE,HAIPHONG,VIETNAM
2023,470329,ROYAL GOLDEN EAGLE,APRIL,BUATAN,RIAU,1010,418649,ROYAL GOLDEN EAGLE,APRIL FINE PAPER TRADING MIDDLE EAST,UNITED ARAB EMIRATES,JEDDAH,SAUDI ARABIA
2023,470200,ROYAL GOLDEN EAGLE,APRIL,BUATAN,RIAU,787,463252,ROYAL GOLDEN EAGLE,APRIL FAR EAST MALAYSIA SDN BHD,MALAYSIA,LIANYUNGANG,CHINA (MAINLAND)
2023,470329,SINAR MAS,INDAH KIAT,PERAWANG,RIAU,480,234720,SINAR MAS,KING PAPER SOURCE TRADING (SHANGHAI) CO LTD,CHINA (MAINLAND),DAGANG,CHINA (MAINLAND)
2023,470329,ROYAL GOLDEN EAGLE,APRIL,BUATAN,RIAU,81,33503,ROYAL GOLDEN EAGLE,APRIL INTERNATIONAL ENTEPRISE PTE LTD,SINGAPORE,JAWAHARLAL NEHRU (NHAVA S,INDIA
2023,470329,ROYAL GOLDEN EAGLE,APRIL,FUTONG,RIAU,1009,418733,ROYAL GOLDEN EAGLE,APRIL INTERNATIONAL ENTEPRISE PTE LTD,SINGAPORE,CAT LAI,VIETNAM
2023,470329,SINAR MAS,INDAH KIAT,PERAWANG,RIAU,500,208744,UNKNOWN AFFILIATION,NIBONG TEBAL PAPER MILL SDN BHD,MALAYSIA,PENANG (GEORGETOWN),MALAYSIA
2023,470329,ROYAL GOLDEN EAGLE,APRIL,FUTONG,RIAU,1010,419027,ROYAL GOLDEN EAGLE,APRIL INTERNATIONAL ENTEPRISE PTE LTD,SINGAPORE,HAIPHONG,VIETNAM
2023,470329,SINAR MAS,INDAH KIAT,PERAWANG,RIAU,500,242114,BATAAN,BATAAN 2020 INC,PHILIPPINES,MANILA NORTH HARBOUR,PHILIPPINES
2023,470329,SINAR MAS,INDAH KIAT,PERAWANG,RIAU,480,234720,SINAR MAS,KING PAPER SOURCE TRADING (SHANGHAI) CO LTD,CHINA (MAINLAND),DAGANG,CHINA (MAINLAND)
2023,470329,SINAR MAS,INDAH KIAT,PERAWANG,RIAU,480,234720,SINAR MAS,KING PAPER SOURCE TRADING (SHANGHAI) CO LTD,CHINA (MAINLAND),DAGANG,CHINA (MAINLAND)
2023,470329,SINAR MAS,INDAH KIAT,PERAWANG,RIAU,480,234720,SINAR MAS,KING PAPER SOURCE TRADING (SHANGHAI) CO LTD,CHINA (MAINLAND),DAGANG,CHINA (MAINLAND)
2023,470329,SINAR MAS,INDAH KIAT,PERAWANG,RIAU,20,9780,SINAR MAS,KING PAPER SOURCE TRADING (SHANGHAI) CO LTD,CHINA (MAINLAND),DAGANG,CHINA (MAINLAND)
2023,470200,ROYAL GOLDEN EAGLE,APRIL,FUTONG,RIAU,1010,578111,ROYAL GOLDEN EAGLE,APRIL FAR EAST MALAYSIA SDN BHD,MALAYSIA,JIUJIANG,CHINA (MAINLAND)
2023,470200,ROYAL GOLDEN EAGLE,APRIL,BUATAN,RIAU,424,246243,ROYAL GOLDEN EAGLE,APRIL FAR EAST MALAYSIA SDN BHD,MALAYSIA,LIANYUNGANG,CHINA (MAINLAND)
2023,470200,ROYAL GOLDEN EAGLE,APRIL,FUTONG,RIAU,1008,577790,ROYAL GOLDEN EAGLE,APRIL FAR EAST MALAYSIA SDN BHD,MALAYSIA,JIUJIANG,CHINA (MAINLAND)
2023,470200,ROYAL GOLDEN EAGLE,APRIL,FUTONG,RIAU,3028,1736322,ROYAL GOLDEN EAGLE,APRIL FAR EAST MALAYSIA SDN BHD,MALAYSIA,JIUJIANG,CHINA (MAINLAND)
2023,470329,SINAR MAS,INDAH KIAT,PERAWANG,RIAU,480,234720,SINAR MAS,KING PAPER SOURCE TRADING (SHANGHAI) CO LTD,CHINA (MAINLAND),DAGANG,CHINA (MAINLAND)
2023,470329,SINAR MAS,INDAH KIAT,PERAWANG,RIAU,480,234720,SINAR MAS,KING PAPER SOURCE TRADING (SHANGHAI) CO LTD,CHINA (MAINLAND),DAGANG,CHINA (MAINLAND)
2023,470329,SINAR MAS,INDAH KIAT,PERAWANG,RIAU,480,235440,SINAR MAS,KING PAPER SOURCE TRADING (SHANGHAI) CO LTD,CHINA (MAINLAND),QINZHOU,CHINA (MAINLAND)
2023,470329,SINAR MAS,INDAH KIAT,PERAWANG,RIAU,480,235440,SINAR MAS,KING PAPER SOURCE TRADING (SHANGHAI) CO LTD,CHINA (MAINLAND),QINZHOU,CHINA (MAINLAND)
2023,470329,SINAR MAS,INDAH KIAT,PERAWANG,RIAU,72,30479,UNKNOWN AFFILIATION,INTERNATIONAL FOREST PRODUCTS (UK),UNITED KINGDOM,SOUTHAMPTON,UNITED KINGDOM
2023,470329,SINAR MAS,INDAH KIAT,PERAWANG,RIAU,480,235440,SINAR MAS,KING PAPER SOURCE TRADING (SHANGHAI) CO LTD,CHINA (MAINLAND),QINZHOU,CHINA (MAINLAND)
2023,470329,SINAR MAS,INDAH KIAT,PERAWANG,RIAU,480,235440,SINAR MAS,KING PAPER SOURCE TRADING (SHANGHAI) CO LTD,CHINA (MAINLAND),QINZHOU,CHINA (MAINLAND)
2023,470329,SINAR MAS,INDAH KIAT,PERAWANG,RIAU,480,235440,SINAR MAS,KING PAPER SOURCE TRADING (SHANGHAI) CO LTD,CHINA (MAINLAND),QINZHOU,CHINA (MAINLAND)
2023,470329,SINAR MAS,INDAH KIAT,PERAWANG,RIAU,480,235440,SINAR MAS,KING PAPER SOURCE TRADING (SHANGHAI) CO LTD,CHINA (MAINLAND),QINZHOU,CHINA (MAINLAND)
2023,470329,SINAR MAS,INDAH KIAT,PERAWANG,RIAU,480,235440,SINAR MAS,KING PAPER SOURCE TRADING (SHANGHAI) CO LTD,CHINA (MAINLAND),QINZHOU,CHINA (MAINLAND)
2023,470329,SINAR MAS,INDAH KIAT,PERAWANG,RIAU,480,235440,SINAR MAS,KING PAPER SOURCE TRADING (SHANGHAI) CO LTD,CHINA (MAINLAND),QINZHOU,CHINA (MAINLAND)
2023,470329,SINAR MAS,INDAH KIAT,PERAWANG,RIAU,480,235440,SINAR MAS,KING PAPER SOURCE TRADING (SHANGHAI) CO LTD,CHINA (MAINLAND),QINZHOU,CHINA (MAINLAND)
2023,470200,ROYAL GOLDEN EAGLE,APRIL,BUATAN,RIAU,504,289192,ROYAL GOLDEN EAGLE,APRIL FAR EAST MALAYSIA SDN BHD,MALAYSIA,LIANYUNGANG,CHINA (MAINLAND)
2023,470329,SINAR MAS,INDAH KIAT,PERAWANG,RIAU,500,245925,PARTEX STAR,PARTEX PAPER MILLS LTD,BANGLADESH,CHATTOGRAM,BANGLADESH
2023,470329,SINAR MAS,INDAH KIAT,PERAWANG,RIAU,480,235440,SINAR MAS,KING PAPER SOURCE TRADING (SHANGHAI) CO LTD,CHINA (MAINLAND),QINZHOU,CHINA (MAINLAND)
2023,470329,SINAR MAS,INDAH KIAT,PERAWANG,RIAU,480,235440,SINAR MAS,KING PAPER SOURCE TRADING (SHANGHAI) CO LTD,CHINA (MAINLAND),QINZHOU,CHINA (MAINLAND)
2023,470329,SINAR MAS,INDAH KIAT,PERAWANG,RIAU,300,125084,NTPM HOLDINGS BHD,NTPM (VIETNAM) CO LTD,VIETNAM,CAT LAI,VIETNAM
2023,470329,SINAR MAS,INDAH KIAT,PERAWANG,RIAU,300,147150,SINAR MAS,KING PAPER SOURCE TRADING (SHANGHAI) CO LTD,CHINA (MAINLAND),QINZHOU,CHINA (MAINLAND)
2023,470329,ROYAL GOLDEN EAGLE,APRIL,BUATAN,RIAU,202,83878,ROYAL GOLDEN EAGLE,APRIL INTERNATIONAL ENTEPRISE PTE LTD,SINGAPORE,"TUMB, GUJARAT",INDIA
2023,470200,ROYAL GOLDEN EAGLE,APRIL,FUTONG,RIAU,4548,2588363,ROYAL GOLDEN EAGLE,APRIL FAR EAST MALAYSIA SDN BHD,MALAYSIA,LIANYUNGANG,CHINA (MAINLAND)
2023,470200,ROYAL GOLDEN EAGLE,APRIL,BUATAN,RIAU,1009,593840,ROYAL GOLDEN EAGLE,APRIL FAR EAST MALAYSIA SDN BHD,MALAYSIA,JIUJIANG,CHINA (MAINLAND)
2023,470329,SINAR MAS,INDAH KIAT,PERAWANG,RIAU,480,235440,SINAR MAS,KING PAPER SOURCE TRADING (SHANGHAI) CO LTD,CHINA (MAINLAND),QINZHOU,CHINA (MAINLAND)
2023,470329,SINAR MAS,INDAH KIAT,PERAWANG,RIAU,480,235440,SINAR MAS,KING PAPER SOURCE TRADING (SHANGHAI) CO LTD,CHINA (MAINLAND),QINZHOU,CHINA (MAINLAND)
2023,470329,SINAR MAS,INDAH KIAT,PERAWANG,RIAU,480,235440,SINAR MAS,KING PAPER SOURCE TRADING (SHANGHAI) CO LTD,CHINA (MAINLAND),QINZHOU,CHINA (MAINLAND)
2023,470329,SINAR MAS,INDAH KIAT,PERAWANG,RIAU,480,235440,SINAR MAS,KING PAPER SOURCE TRADING (SHANGHAI) CO LTD,CHINA (MAINLAND),QINZHOU,CHINA (MAINLAND)
2023,470200,ROYAL GOLDEN EAGLE,APRIL,FUTONG,RIAU,4747,2721789,ROYAL GOLDEN EAGLE,APRIL FAR EAST MALAYSIA SDN BHD,MALAYSIA,LIANYUNGANG,CHINA (MAINLAND)
2023,470329,MARUBENI,TANJUNG ENIM LESTARI,PANJANG,SUMATERA SELATAN,987,502142,YIBIN GRACE,YIBIN HIEST FIBRE LTD CORP,CHINA (MAINLAND),YIBIN,CHINA (MAINLAND)
2023,470329,ROYAL GOLDEN EAGLE,APRIL,BUATAN,RIAU,101,41878,ROYAL GOLDEN EAGLE,APRIL INTERNATIONAL ENTEPRISE PTE LTD,SINGAPORE,JAWAHARLAL NEHRU (NHAVA S,INDIA
2023,470329,MARUBENI,TANJUNG ENIM LESTARI,PANJANG,SUMATERA SELATAN,257,128300,UNKNOWN AFFILIATION,SESHASAYEE PAPER AND BOARDS LTD,INDIA,TUTICORIN,INDIA
2023,470329,SINAR MAS,INDAH KIAT,PERAWANG,RIAU,500,245120,SINAR MAS,KING PAPER SOURCE TRADING (SHANGHAI) CO LTD,CHINA (MAINLAND),DALIAN,CHINA (MAINLAND)
2023,470329,ROYAL GOLDEN EAGLE,APRIL,BUATAN,RIAU,505,209470,ROYAL GOLDEN EAGLE,APRIL INTERNATIONAL ENTEPRISE PTE LTD,SINGAPORE,ABU DHABI,NEW ZEALAND
2023,470200,ROYAL GOLDEN EAGLE,APRIL,BUATAN,RIAU,505,296941,ROYAL GOLDEN EAGLE,APRIL FAR EAST MALAYSIA SDN BHD,MALAYSIA,LIANYUNGANG,CHINA (MAINLAND)
2023,470329,SINAR MAS,INDAH KIAT,PERAWANG,RIAU,480,220320,SINAR MAS,JIANGSU BOHUI PAPER INDUSTRY CO LTD.,CHINA (MAINLAND),CHANGSHU,CHINA (MAINLAND)
2023,470329,SINAR MAS,INDAH KIAT,PERAWANG,RIAU,180,88020,SINAR MAS,JIANGSU BOHUI PAPER INDUSTRY CO LTD.,CHINA (MAINLAND),CHANGSHU,CHINA (MAINLAND)
2023,470329,ROYAL GOLDEN EAGLE,APRIL,BUATAN,RIAU,1010,418721,ROYAL GOLDEN EAGLE,APRIL INTERNATIONAL ENTEPRISE PTE LTD,SINGAPORE,JAWAHARLAL NEHRU (NHAVA S,INDIA
2023,470200,ROYAL GOLDEN EAGLE,APRIL,BUATAN,RIAU,505,289011,ROYAL GOLDEN EAGLE,APRIL FAR EAST MALAYSIA SDN BHD,MALAYSIA,JIUJIANG,CHINA (MAINLAND)
2023,470329,SINAR MAS,OKI,SULTAN MAHMUD BADARUDDIN (U),SUMATERA SELATAN,600,295800,SINAR MAS,KING PAPER SOURCE TRADING (SHANGHAI) CO LTD,CHINA (MAINLAND),QINZHOU,CHINA (MAINLAND)
2023,470329,SINAR MAS,OKI,SULTAN MAHMUD BADARUDDIN (U),SUMATERA SELATAN,200,92600,SINAR MAS,KING PAPER SOURCE TRADING (SHANGHAI) CO LTD,CHINA (MAINLAND),QINZHOU,CHINA (MAINLAND)
2023,470329,SINAR MAS,INDAH KIAT,PERAWANG,RIAU,410,200490,SINAR MAS,JIANGSU BOHUI PAPER INDUSTRY CO LTD.,CHINA (MAINLAND),CHANGSHU,CHINA (MAINLAND)
2023,470329,SINAR MAS,OKI,SULTAN MAHMUD BADARUDDIN (U),SUMATERA SELATAN,7900,3894700,SINAR MAS,KING PAPER SOURCE TRADING (SHANGHAI) CO LTD,CHINA (MAINLAND),QINZHOU,CHINA (MAINLAND)
2023,470329,SINAR MAS,INDAH KIAT,PERAWANG,RIAU,480,234720,SINAR MAS,JIANGSU BOHUI PAPER INDUSTRY CO LTD.,CHINA (MAINLAND),CHANGSHU,CHINA (MAINLAND)
2023,470329,SINAR MAS,INDAH KIAT,PERAWANG,RIAU,480,220320,SINAR MAS,JIANGSU BOHUI PAPER INDUSTRY CO LTD.,CHINA (MAINLAND),CHANGSHU,CHINA (MAINLAND)
2023,470329,SINAR MAS,INDAH KIAT,PERAWANG,RIAU,480,220320,SINAR MAS,JIANGSU BOHUI PAPER INDUSTRY CO LTD.,CHINA (MAINLAND),CHANGSHU,CHINA (MAINLAND)
2023,470329,SINAR MAS,INDAH KIAT,PERAWANG,RIAU,480,234720,SINAR MAS,JIANGSU BOHUI PAPER INDUSTRY CO LTD.,CHINA (MAINLAND),CHANGSHU,CHINA (MAINLAND)
2023,470329,SINAR MAS,INDAH KIAT,PERAWANG,RIAU,480,220320,SINAR MAS,JIANGSU BOHUI PAPER INDUSTRY CO LTD.,CHINA (MAINLAND),CHANGSHU,CHINA (MAINLAND)
2023,470329,SINAR MAS,OKI,SULTAN MAHMUD BADARUDDIN (U),SUMATERA SELATAN,2000,836813,XIANMEN C&D,HONG KONG PAPER SOURCES CO LTD,CHINA (HONG KONG),NANSHA,CHINA (MAINLAND)
2023,470329,SINAR MAS,OKI,SULTAN MAHMUD BADARUDDIN (U),SUMATERA SELATAN,2000,836813,XIANMEN C&D,HONG KONG PAPER SOURCES CO LTD,CHINA (HONG KONG),NANSHA,CHINA (MAINLAND)
2023,470329,SINAR MAS,OKI,SULTAN MAHMUD BADARUDDIN (U),SUMATERA SELATAN,400,167363,XIANMEN C&D,HONG KONG PAPER SOURCES CO LTD,CHINA (HONG KONG),NANSHA,CHINA (MAINLAND)
2023,470329,SINAR MAS,OKI,SULTAN MAHMUD BADARUDDIN (U),SUMATERA SELATAN,1500,641102,UNKNOWN AFFILIATION,CHONGQING BAIJUN SUPPLY CHAIN SERVICE CO LTD,CHINA (MAINLAND),NANSHA,CHINA (MAINLAND)
2023,470329,SINAR MAS,OKI,SULTAN MAHMUD BADARUDDIN (U),SUMATERA SELATAN,1100,542300,SINAR MAS,KING PAPER SOURCE TRADING (SHANGHAI) CO LTD,CHINA (MAINLAND),QINZHOU,CHINA (MAINLAND)
2023,470329,SINAR MAS,INDAH KIAT,PERAWANG,RIAU,480,234720,SINAR MAS,JIANGSU BOHUI PAPER INDUSTRY CO LTD.,CHINA (MAINLAND),CHANGSHU,CHINA (MAINLAND)
2023,470329,SINAR MAS,INDAH KIAT,PERAWANG,RIAU,480,234720,SINAR MAS,JIANGSU BOHUI PAPER INDUSTRY CO LTD.,CHINA (MAINLAND),CHANGSHU,CHINA (MAINLAND)
2023,470329,SINAR MAS,INDAH KIAT,PERAWANG,RIAU,480,234720,SINAR MAS,JIANGSU BOHUI PAPER INDUSTRY CO LTD.,CHINA (MAINLAND),CHANGSHU,CHINA (MAINLAND)
2023,470329,ROYAL GOLDEN EAGLE,APRIL,BUATAN,RIAU,1011,419323,ROYAL GOLDEN EAGLE,APRIL INTERNATIONAL ENTEPRISE PTE LTD,SINGAPORE,JAWAHARLAL NEHRU (NHAVA S,INDIA
2023,470200,ROYAL GOLDEN EAGLE,APRIL,BUATAN,RIAU,505,288951,ROYAL GOLDEN EAGLE,APRIL FAR EAST MALAYSIA SDN BHD,MALAYSIA,FUZHOU,CHINA (MAINLAND)
2023,470329,SINAR MAS,INDAH KIAT,PERAWANG,RIAU,480,234720,SINAR MAS,JIANGSU BOHUI PAPER INDUSTRY CO LTD.,CHINA (MAINLAND),CHANGSHU,CHINA (MAINLAND)
2023,470200,ROYAL GOLDEN EAGLE,APRIL,BUATAN,RIAU,1010,578464,ROYAL GOLDEN EAGLE,APRIL FAR EAST MALAYSIA SDN BHD,MALAYSIA,JIUJIANG,CHINA (MAINLAND)
2023,470329,SINAR MAS,INDAH KIAT,PERAWANG,RIAU,480,234720,SINAR MAS,JIANGSU BOHUI PAPER INDUSTRY CO LTD.,CHINA (MAINLAND),CHANGSHU,CHINA (MAINLAND)
2023,470329,SINAR MAS,INDAH KIAT,PERAWANG,RIAU,480,220320,SINAR MAS,JIANGSU BOHUI PAPER INDUSTRY CO LTD.,CHINA (MAINLAND),CHANGSHU,CHINA (MAINLAND)
2023,470329,SINAR MAS,INDAH KIAT,PERAWANG,RIAU,350,160650,SINAR MAS,JIANGSU BOHUI PAPER INDUSTRY CO LTD.,CHINA (MAINLAND),CHANGSHU,CHINA (MAINLAND)
2023,470329,ROYAL GOLDEN EAGLE,APRIL,BUATAN,RIAU,505,209402,ROYAL GOLDEN EAGLE,APRIL INTERNATIONAL ENTEPRISE PTE LTD,SINGAPORE,PIPAVAV (VICTOR) PORT,INDIA
2023,470329,ROYAL GOLDEN EAGLE,APRIL,BUATAN,RIAU,202,83600,ROYAL GOLDEN EAGLE,APRIL INTERNATIONAL ENTEPRISE PTE LTD,SINGAPORE,SANAND,INDIA
2023,470200,ROYAL GOLDEN EAGLE,APRIL,BUATAN,RIAU,505,297043,ROYAL GOLDEN EAGLE,APRIL FAR EAST MALAYSIA SDN BHD,MALAYSIA,JIUJIANG,CHINA (MAINLAND)
2023,470329,SINAR MAS,INDAH KIAT,PERAWANG,RIAU,500,245925,PARTEX STAR,PARTEX PAPER MILLS LTD,BANGLADESH,CHATTOGRAM,BANGLADESH
2023,470329,SINAR MAS,INDAH KIAT,PERAWANG,RIAU,480,235440,SINAR MAS,KING PAPER SOURCE TRADING (SHANGHAI) CO LTD,CHINA (MAINLAND),QINZHOU,CHINA (MAINLAND)
2023,470329,SINAR MAS,INDAH KIAT,PERAWANG,RIAU,480,221040,SINAR MAS,KING PAPER SOURCE TRADING (SHANGHAI) CO LTD,CHINA (MAINLAND),QINZHOU,CHINA (MAINLAND)
2023,470329,SINAR MAS,INDAH KIAT,PERAWANG,RIAU,480,235440,SINAR MAS,KING PAPER SOURCE TRADING (SHANGHAI) CO LTD,CHINA (MAINLAND),QINZHOU,CHINA (MAINLAND)
2023,470329,SINAR MAS,INDAH KIAT,PERAWANG,RIAU,480,235440,SINAR MAS,KING PAPER SOURCE TRADING (SHANGHAI) CO LTD,CHINA (MAINLAND),QINZHOU,CHINA (MAINLAND)
2023,470329,SINAR MAS,INDAH KIAT,PERAWANG,RIAU,480,235440,SINAR MAS,KING PAPER SOURCE TRADING (SHANGHAI) CO LTD,CHINA (MAINLAND),QINZHOU,CHINA (MAINLAND)
2023,470329,ROYAL GOLDEN EAGLE,APRIL,BUATAN,RIAU,505,209571,ROYAL GOLDEN EAGLE,APRIL INTERNATIONAL ENTEPRISE PTE LTD,SINGAPORE,VISAKHAPATNAM,INDIA
2023,470329,ROYAL GOLDEN EAGLE,APRIL,FUTONG,RIAU,404,162433,ROYAL GOLDEN EAGLE,APRIL INTERNATIONAL ENTEPRISE PTE LTD,SINGAPORE,HALDIA,INDIA
2023,470329,SINAR MAS,INDAH KIAT,PERAWANG,RIAU,500,245120,SINAR MAS,KING PAPER SOURCE TRADING (SHANGHAI) CO LTD,CHINA (MAINLAND),DALIAN,CHINA (MAINLAND)
2023,470329,SINAR MAS,INDAH KIAT,PERAWANG,RIAU,480,235440,SINAR MAS,KING PAPER SOURCE TRADING (SHANGHAI) CO LTD,CHINA (MAINLAND),QINZHOU,CHINA (MAINLAND)
2023,470329,SINAR MAS,INDAH KIAT,PERAWANG,RIAU,480,235440,SINAR MAS,KING PAPER SOURCE TRADING (SHANGHAI) CO LTD,CHINA (MAINLAND),QINZHOU,CHINA (MAINLAND)
2023,470329,ROYAL GOLDEN EAGLE,APRIL,BUATAN,RIAU,505,209304,ROYAL GOLDEN EAGLE,APRIL INTERNATIONAL ENTEPRISE PTE LTD,SINGAPORE,VISAKHAPATNAM,INDIA
2023,470200,ROYAL GOLDEN EAGLE,APRIL,BUATAN,RIAU,990,582772,ROYAL GOLDEN EAGLE,APRIL FAR EAST MALAYSIA SDN BHD,MALAYSIA,LIANYUNGANG,CHINA (MAINLAND)
2023,470200,ROYAL GOLDEN EAGLE,APRIL,FUTONG,RIAU,4043,2327353,ROYAL GOLDEN EAGLE,APRIL FAR EAST MALAYSIA SDN BHD,MALAYSIA,CHANGSHU,CHINA (MAINLAND)
2023,470200,ROYAL GOLDEN EAGLE,APRIL,BUATAN,RIAU,505,297119,ROYAL GOLDEN EAGLE,APRIL FAR EAST MALAYSIA SDN BHD,MALAYSIA,JIUJIANG,CHINA (MAINLAND)
2023,470200,ROYAL GOLDEN EAGLE,APRIL,FUTONG,RIAU,505,297782,ROYAL GOLDEN EAGLE,APRIL FAR EAST MALAYSIA SDN BHD,MALAYSIA,CHANGSHU,CHINA (MAINLAND)
2023,470329,SINAR MAS,OKI,SULTAN MAHMUD BADARUDDIN (U),SUMATERA SELATAN,3300,1581525,SINAR MAS,KING PAPER SOURCE TRADING (SHANGHAI) CO LTD,CHINA (MAINLAND),NINGBO,CHINA (MAINLAND)
2023,470329,SINAR MAS,INDAH KIAT,PERAWANG,RIAU,480,235440,SINAR MAS,KING PAPER SOURCE TRADING (SHANGHAI) CO LTD,CHINA (MAINLAND),QINZHOU,CHINA (MAINLAND)
2023,470329,SINAR MAS,INDAH KIAT,PERAWANG,RIAU,480,235440,SINAR MAS,KING PAPER SOURCE TRADING (SHANGHAI) CO LTD,CHINA (MAINLAND),QINZHOU,CHINA (MAINLAND)
2023,470329,SINAR MAS,INDAH KIAT,PERAWANG,RIAU,480,235440,SINAR MAS,KING PAPER SOURCE TRADING (SHANGHAI) CO LTD,CHINA (MAINLAND),QINZHOU,CHINA (MAINLAND)
2023,470329,SINAR MAS,INDAH KIAT,PERAWANG,RIAU,360,165780,SINAR MAS,KING PAPER SOURCE TRADING (SHANGHAI) CO LTD,CHINA (MAINLAND),QINZHOU,CHINA (MAINLAND)
2023,470329,ROYAL GOLDEN EAGLE,APRIL,FUTONG,RIAU,6262,2541321,ROYAL GOLDEN EAGLE,APRIL FINE PAPER TRADING MIDDLE EAST,UNITED ARAB EMIRATES,GAOLAN,CHINA (MAINLAND)
2023,470329,SINAR MAS,OKI,SULTAN MAHMUD BADARUDDIN (U),SUMATERA SELATAN,1000,479250,SINAR MAS,KING PAPER SOURCE TRADING (SHANGHAI) CO LTD,CHINA (MAINLAND),NINGBO,CHINA (MAINLAND)
2023,470329,SINAR MAS,INDAH KIAT,PERAWANG,RIAU,480,235440,SINAR MAS,KING PAPER SOURCE TRADING (SHANGHAI) CO LTD,CHINA (MAINLAND),QINZHOU,CHINA (MAINLAND)
2023,470329,SINAR MAS,INDAH KIAT,PERAWANG,RIAU,480,235440,SINAR MAS,KING PAPER SOURCE TRADING (SHANGHAI) CO LTD,CHINA (MAINLAND),QINZHOU,CHINA (MAINLAND)
2023,470329,SINAR MAS,INDAH KIAT,PERAWANG,RIAU,480,235440,SINAR MAS,KING PAPER SOURCE TRADING (SHANGHAI) CO LTD,CHINA (MAINLAND),QINZHOU,CHINA (MAINLAND)
2023,470329,SINAR MAS,INDAH KIAT,PERAWANG,RIAU,480,235440,SINAR MAS,KING PAPER SOURCE TRADING (SHANGHAI) CO LTD,CHINA (MAINLAND),QINZHOU,CHINA (MAINLAND)
2023,470329,SINAR MAS,INDAH KIAT,PERAWANG,RIAU,480,235440,SINAR MAS,KING PAPER SOURCE TRADING (SHANGHAI) CO LTD,CHINA (MAINLAND),QINZHOU,CHINA (MAINLAND)
2023,470329,SINAR MAS,INDAH KIAT,PERAWANG,RIAU,480,221040,SINAR MAS,KING PAPER SOURCE TRADING (SHANGHAI) CO LTD,CHINA (MAINLAND),QINZHOU,CHINA (MAINLAND)
2023,470329,ROYAL GOLDEN EAGLE,APRIL,FUTONG,RIAU,4341,1799610,ROYAL GOLDEN EAGLE,APRIL FINE PAPER TRADING MIDDLE EAST,UNITED ARAB EMIRATES,GAOLAN,CHINA (MAINLAND)
2023,470329,SINAR MAS,INDAH KIAT,PERAWANG,RIAU,480,235440,SINAR MAS,KING PAPER SOURCE TRADING (SHANGHAI) CO LTD,CHINA (MAINLAND),QINZHOU,CHINA (MAINLAND)
2023,470329,SINAR MAS,INDAH KIAT,PERAWANG,RIAU,480,235440,SINAR MAS,KING PAPER SOURCE TRADING (SHANGHAI) CO LTD,CHINA (MAINLAND),QINZHOU,CHINA (MAINLAND)
2023,470329,SINAR MAS,INDAH KIAT,PERAWANG,RIAU,480,235440,SINAR MAS,KING PAPER SOURCE TRADING (SHANGHAI) CO LTD,CHINA (MAINLAND),QINZHOU,CHINA (MAINLAND)
2023,470329,SINAR MAS,INDAH KIAT,PERAWANG,RIAU,400,196200,SINAR MAS,KING PAPER SOURCE TRADING (SHANGHAI) CO LTD,CHINA (MAINLAND),QINZHOU,CHINA (MAINLAND)
2023,470329,SINAR MAS,INDAH KIAT,PERAWANG,RIAU,200,98100,SINAR MAS,KING PAPER SOURCE TRADING (SHANGHAI) CO LTD,CHINA (MAINLAND),QINZHOU,CHINA (MAINLAND)
2023,470329,SINAR MAS,OKI,SULTAN MAHMUD BADARUDDIN (U),SUMATERA SELATAN,5000,2098736,UNKNOWN AFFILIATION,CHONGQING BAIJUN SUPPLY CHAIN SERVICE CO LTD,CHINA (MAINLAND),QINGDAO,CHINA (MAINLAND)
2023,470329,ROYAL GOLDEN EAGLE,APRIL,BUATAN,RIAU,61,25127,ROYAL GOLDEN EAGLE,APRIL INTERNATIONAL ENTEPRISE PTE LTD,SINGAPORE,VISAKHAPATNAM,INDIA
2023,470329,ROYAL GOLDEN EAGLE,APRIL,FUTONG,RIAU,7672,3183134,ROYAL GOLDEN EAGLE,APRIL INTERNATIONAL ENTEPRISE PTE LTD,SINGAPORE,HALDIA,INDIA
2023,470329,ROYAL GOLDEN EAGLE,APRIL,FUTONG,RIAU,3736,1543179,ROYAL GOLDEN EAGLE,APRIL INTERNATIONAL ENTEPRISE PTE LTD,SINGAPORE,CHANGSHU,CHINA (MAINLAND)
2023,470329,SINAR MAS,INDAH KIAT,PERAWANG,RIAU,480,235440,SINAR MAS,KING PAPER SOURCE TRADING (SHANGHAI) CO LTD,CHINA (MAINLAND),QINZHOU,CHINA (MAINLAND)
2023,470329,SINAR MAS,INDAH KIAT,PERAWANG,RIAU,480,235440,SINAR MAS,KING PAPER SOURCE TRADING (SHANGHAI) CO LTD,CHINA (MAINLAND),QINZHOU,CHINA (MAINLAND)
2023,470329,SINAR MAS,INDAH KIAT,PERAWANG,RIAU,480,221040,SINAR MAS,KING PAPER SOURCE TRADING (SHANGHAI) CO LTD,CHINA (MAINLAND),QINZHOU,CHINA (MAINLAND)
2023,470329,SINAR MAS,OKI,SULTAN MAHMUD BADARUDDIN (U),SUMATERA SELATAN,6000,2875500,SINAR MAS,KING PAPER SOURCE TRADING (SHANGHAI) CO LTD,CHINA (MAINLAND),NINGBO,CHINA (MAINLAND)
2023,470329,SINAR MAS,INDAH KIAT,PERAWANG,RIAU,480,235440,SINAR MAS,KING PAPER SOURCE TRADING (SHANGHAI) CO LTD,CHINA (MAINLAND),QINZHOU,CHINA (MAINLAND)
2023,470329,ROYAL GOLDEN EAGLE,APRIL,FUTONG,RIAU,505,209562,ROYAL GOLDEN EAGLE,APRIL INTERNATIONAL ENTEPRISE PTE LTD,SINGAPORE,GAOLAN,CHINA (MAINLAND)
2023,470200,ROYAL GOLDEN EAGLE,APRIL,FUTONG,RIAU,4347,2473556,ROYAL GOLDEN EAGLE,APRIL FAR EAST MALAYSIA SDN BHD,MALAYSIA,CHANGSHU,CHINA (MAINLAND)
2023,470329,SINAR MAS,OKI,SULTAN MAHMUD BADARUDDIN (U),SUMATERA SELATAN,1000,479250,SINAR MAS,KING PAPER SOURCE TRADING (SHANGHAI) CO LTD,CHINA (MAINLAND),NINGBO,CHINA (MAINLAND)
2023,470329,SINAR MAS,OKI,SULTAN MAHMUD BADARUDDIN (U),SUMATERA SELATAN,5000,2396250,SINAR MAS,KING PAPER SOURCE TRADING (SHANGHAI) CO LTD,CHINA (MAINLAND),NINGBO,CHINA (MAINLAND)
2023,470329,SINAR MAS,INDAH KIAT,PERAWANG,RIAU,660,306612,GULF PAPER,GULF PAPER MANUFACTURING CO KSC,KUWAIT,SHUAIBA,KUWAIT
2023,470329,SINAR MAS,OKI,SULTAN MAHMUD BADARUDDIN (U),SUMATERA SELATAN,5000,2387500,SINAR MAS,SHANDONG BOHUI PAPER INDUSTRY CO LTD,CHINA (MAINLAND),QINGDAO,CHINA (MAINLAND)
2023,470329,SINAR MAS,OKI,SULTAN MAHMUD BADARUDDIN (U),SUMATERA SELATAN,3800,1814500,SINAR MAS,SHANDONG BOHUI PAPER INDUSTRY CO LTD,CHINA (MAINLAND),QINGDAO,CHINA (MAINLAND)
2023,470329,SINAR MAS,OKI,SULTAN MAHMUD BADARUDDIN (U),SUMATERA SELATAN,6000,2865000,SINAR MAS,SHANDONG BOHUI PAPER INDUSTRY CO LTD,CHINA (MAINLAND),QINGDAO,CHINA (MAINLAND)
2023,470329,SINAR MAS,OKI,SULTAN MAHMUD BADARUDDIN (U),SUMATERA SELATAN,5000,2387500,SINAR MAS,SHANDONG BOHUI PAPER INDUSTRY CO LTD,CHINA (MAINLAND),QINGDAO,CHINA (MAINLAND)
2023,470329,ROYAL GOLDEN EAGLE,APRIL,BUATAN,RIAU,1010,418824,ROYAL GOLDEN EAGLE,APRIL INTERNATIONAL ENTEPRISE PTE LTD,SINGAPORE,TUTICORIN,INDIA
2023,470329,SINAR MAS,OKI,SULTAN MAHMUD BADARUDDIN (U),SUMATERA SELATAN,5000,2387500,SINAR MAS,SHANDONG BOHUI PAPER INDUSTRY CO LTD,CHINA (MAINLAND),QINGDAO,CHINA (MAINLAND)
2023,470329,SINAR MAS,OKI,SULTAN MAHMUD BADARUDDIN (U),SUMATERA SELATAN,3900,1869075,SINAR MAS,KING PAPER SOURCE TRADING (SHANGHAI) CO LTD,CHINA (MAINLAND),NINGBO,CHINA (MAINLAND)
2023,470329,SINAR MAS,OKI,SULTAN MAHMUD BADARUDDIN (U),SUMATERA SELATAN,2000,819506,XIANMEN C&D,HONG KONG PAPER SOURCES CO LTD,CHINA (HONG KONG),QINGDAO,CHINA (MAINLAND)
2023,470329,ROYAL GOLDEN EAGLE,APRIL,FUTONG,RIAU,1716,710490,ROYAL GOLDEN EAGLE,APRIL FAR EAST MALAYSIA SDN BHD,MALAYSIA,SHANGHAI,CHINA (MAINLAND)
2023,470329,ROYAL GOLDEN EAGLE,APRIL,BUATAN,RIAU,101,41884,ROYAL GOLDEN EAGLE,APRIL INTERNATIONAL ENTEPRISE PTE LTD,SINGAPORE,JAWAHARLAL NEHRU (NHAVA S,INDIA
2023,470329,ROYAL GOLDEN EAGLE,APRIL,FUTONG,RIAU,6864,2842360,ROYAL GOLDEN EAGLE,APRIL INTERNATIONAL ENTEPRISE PTE LTD,SINGAPORE,SHANGHAI,CHINA (MAINLAND)
2023,470200,ROYAL GOLDEN EAGLE,APRIL,FUTONG,RIAU,5053,2880521,ROYAL GOLDEN EAGLE,APRIL FAR EAST MALAYSIA SDN BHD,MALAYSIA,XIUYING,CHINA (MAINLAND)
2023,470329,SINAR MAS,INDAH KIAT,PERAWANG,RIAU,400,167308,UNKNOWN AFFILIATION,NEW TOYO PULPPY (VIETNAM) CO LTD,VIETNAM,CAT LAI,VIETNAM
2023,470329,ROYAL GOLDEN EAGLE,APRIL,BUATAN,RIAU,505,209381,ROYAL GOLDEN EAGLE,APRIL INTERNATIONAL ENTEPRISE PTE LTD,SINGAPORE,VISAKHAPATNAM,INDIA
2023,470329,SINAR MAS,INDAH KIAT,PERAWANG,RIAU,500,245925,UNKNOWN AFFILIATION,AMBER SUPER PAPER LIMITED,BANGLADESH,CHATTOGRAM,BANGLADESH
2023,470329,SINAR MAS,INDAH KIAT,PERAWANG,RIAU,500,228388,XSD INTERNATIONAL,XSD INTERNATIONAL PAPER SDN BHD,MALAYSIA,PENANG (GEORGETOWN),MALAYSIA
2023,470329,SINAR MAS,INDAH KIAT,PERAWANG,RIAU,500,245120,SINAR MAS,KING PAPER SOURCE TRADING (SHANGHAI) CO LTD,CHINA (MAINLAND),DALIAN,CHINA (MAINLAND)
2023,470329,SINAR MAS,INDAH KIAT,PERAWANG,RIAU,100,46667,UNKNOWN AFFILIATION,A CHAU ARCHITECTURE & TRADING COMPANY LIMITED,VIETNAM,DA NANG,VIETNAM
2023,470329,SINAR MAS,INDAH KIAT,PERAWANG,RIAU,500,245120,SINAR MAS,KING PAPER SOURCE TRADING (SHANGHAI) CO LTD,CHINA (MAINLAND),DALIAN,CHINA (MAINLAND)
2023,470329,SINAR MAS,INDAH KIAT,PERAWANG,RIAU,140,64158,RENGO,VINA KRAFT PAPER CO LTD,VIETNAM,CAT LAI,VIETNAM
2023,470329,SINAR MAS,INDAH KIAT,PERAWANG,RIAU,200,97654,RENGO,VINA KRAFT PAPER CO LTD,VIETNAM,CAT LAI,VIETNAM
2023,470329,SINAR MAS,INDAH KIAT,PERAWANG,RIAU,180,83156,UNKNOWN AFFILIATION,PHU HUNG TRADING & MANUFACTURING COMPANY LTD,VIETNAM,HAIPHONG,VIETNAM
2023,470329,ROYAL GOLDEN EAGLE,APRIL,BUATAN,RIAU,1011,419155,ROYAL GOLDEN EAGLE,APRIL INTERNATIONAL ENTEPRISE PTE LTD,SINGAPORE,TUTICORIN,INDIA
2023,470329,SINAR MAS,INDAH KIAT,PERAWANG,RIAU,500,245925,UNKNOWN AFFILIATION,AMBER SUPER PAPER LIMITED,BANGLADESH,CHATTOGRAM,BANGLADESH
2023,470329,SINAR MAS,INDAH KIAT,PERAWANG,RIAU,2500,1071500,IMEXCO BACGIANG,BAC GIANG IMPORT EXPORT JOINT STOCK CO,VIETNAM,HAIPHONG,VIETNAM
2023,470329,SINAR MAS,INDAH KIAT,PERAWANG,RIAU,500,229300,UNKNOWN AFFILIATION,VIET CUONG CO LTD,VIETNAM,HAIPHONG,VIETNAM
2023,470200,ROYAL GOLDEN EAGLE,APRIL,FUTONG,RIAU,2343,1339999,ROYAL GOLDEN EAGLE,APRIL FAR EAST MALAYSIA SDN BHD,MALAYSIA,JIUJIANG,CHINA (MAINLAND)
2023,470329,SINAR MAS,INDAH KIAT,PERAWANG,RIAU,2500,1071500,IMEXCO BACGIANG,BAC GIANG IMPORT EXPORT JOINT STOCK CO,VIETNAM,HAIPHONG,VIETNAM
2023,470329,ROYAL GOLDEN EAGLE,APRIL,FUTONG,RIAU,1575,653335,ROYAL GOLDEN EAGLE,APRIL INTERNATIONAL ENTEPRISE PTE LTD,SINGAPORE,CHATTOGRAM,BANGLADESH
2023,470329,ROYAL GOLDEN EAGLE,APRIL,BUATAN,RIAU,505,209707,ROYAL GOLDEN EAGLE,APRIL INTERNATIONAL ENTEPRISE PTE LTD,SINGAPORE,KARACHI,PAKISTAN
2023,470329,ROYAL GOLDEN EAGLE,APRIL,FUTONG,RIAU,445,184620,ROYAL GOLDEN EAGLE,APRIL INTERNATIONAL ENTEPRISE PTE LTD,SINGAPORE,CHATTOGRAM,BANGLADESH
2023,470329,ROYAL GOLDEN EAGLE,APRIL,BUATAN,RIAU,121,50066,ROYAL GOLDEN EAGLE,APRIL INTERNATIONAL ENTEPRISE PTE LTD,SINGAPORE,JAWAHARLAL NEHRU (NHAVA S,INDIA
2023,470329,ROYAL GOLDEN EAGLE,APRIL,BUATAN,RIAU,505,209515,ROYAL GOLDEN EAGLE,APRIL INTERNATIONAL ENTEPRISE PTE LTD,SINGAPORE,SAHNEWAL,INDIA
2023,470200,ROYAL GOLDEN EAGLE,APRIL,FUTONG,RIAU,1010,578768,ROYAL GOLDEN EAGLE,APRIL FAR EAST MALAYSIA SDN BHD,MALAYSIA,JIUJIANG,CHINA (MAINLAND)
2023,470329,SINAR MAS,INDAH KIAT,PERAWANG,RIAU,1000,458600,UNKNOWN AFFILIATION,VIET CUONG CO LTD,VIETNAM,HAIPHONG,VIETNAM
2023,470329,SINAR MAS,INDAH KIAT,PERAWANG,RIAU,1000,428600,IMEXCO BACGIANG,BAC GIANG IMPORT EXPORT JOINT STOCK CO,VIETNAM,HAIPHONG,VIETNAM
2023,470329,ROYAL GOLDEN EAGLE,APRIL,BUATAN,RIAU,404,167430,ROYAL GOLDEN EAGLE,APRIL INTERNATIONAL ENTEPRISE PTE LTD,SINGAPORE,KATHUWAS ICD/ALWAR,INDIA
2023,470329,ROYAL GOLDEN EAGLE,APRIL,BUATAN,RIAU,81,32419,ROYAL GOLDEN EAGLE,APRIL INTERNATIONAL ENTEPRISE PTE LTD,SINGAPORE,JAWAHARLAL NEHRU (NHAVA S,INDIA
2023,470329,ROYAL GOLDEN EAGLE,APRIL,FUTONG,RIAU,1011,419053,ROYAL GOLDEN EAGLE,APRIL INTERNATIONAL ENTEPRISE PTE LTD,SINGAPORE,HAIPHONG,VIETNAM
2023,470200,ROYAL GOLDEN EAGLE,APRIL,FUTONG,RIAU,3718,2127973,ROYAL GOLDEN EAGLE,APRIL FAR EAST MALAYSIA SDN BHD,MALAYSIA,JIUJIANG,CHINA (MAINLAND)
2023,470329,ROYAL GOLDEN EAGLE,APRIL,FUTONG,RIAU,1011,419115,ROYAL GOLDEN EAGLE,APRIL INTERNATIONAL ENTEPRISE PTE LTD,SINGAPORE,CAT LAI,VIETNAM
2023,470329,SINAR MAS,INDAH KIAT,PERAWANG,RIAU,680,315903,GULF PAPER,GULF PAPER MANUFACTURING CO KSC,KUWAIT,SHUAIBA,KUWAIT
2023,470329,ROYAL GOLDEN EAGLE,APRIL,BUATAN,RIAU,101,42043,ROYAL GOLDEN EAGLE,APRIL INTERNATIONAL ENTEPRISE PTE LTD,SINGAPORE,ICD MIHAN,INDIA
2023,470200,ROYAL GOLDEN EAGLE,APRIL,BUATAN,RIAU,222,130692,ROYAL GOLDEN EAGLE,APRIL FAR EAST MALAYSIA SDN BHD,MALAYSIA,LIANYUNGANG,CHINA (MAINLAND)
2023,470329,MARUBENI,TANJUNG ENIM LESTARI,PANJANG,SUMATERA SELATAN,258,128908,UNKNOWN AFFILIATION,SESHASAYEE PAPER AND BOARDS LTD,INDIA,TUTICORIN,INDIA
2023,470329,MARUBENI,TANJUNG ENIM LESTARI,PANJANG,SUMATERA SELATAN,495,257686,HIGH HOPE,HIGH HOPE ZHONGTIAN CORP,CHINA (MAINLAND),QINGDAO,CHINA (MAINLAND)
2023,470329,MARUBENI,TANJUNG ENIM LESTARI,PANJANG,SUMATERA SELATAN,495,257584,HIGH HOPE,HIGH HOPE ZHONGTIAN CORP,CHINA (MAINLAND),QINGDAO,CHINA (MAINLAND)
2023,470329,ROYAL GOLDEN EAGLE,APRIL,BUATAN,RIAU,506,209760,ROYAL GOLDEN EAGLE,APRIL INTERNATIONAL ENTEPRISE PTE LTD,SINGAPORE,PIPAVAV (VICTOR) PORT,INDIA
2023,470200,ROYAL GOLDEN EAGLE,APRIL,BUATAN,RIAU,1515,866758,ROYAL GOLDEN EAGLE,APRIL FAR EAST MALAYSIA SDN BHD,MALAYSIA,JIUJIANG,CHINA (MAINLAND)
2023,470329,ROYAL GOLDEN EAGLE,APRIL,BUATAN,RIAU,1011,419065,ROYAL GOLDEN EAGLE,APRIL INTERNATIONAL ENTEPRISE PTE LTD,SINGAPORE,JAWAHARLAL NEHRU (NHAVA S,INDIA
2023,470329,ROYAL GOLDEN EAGLE,APRIL,BUATAN,RIAU,101,41838,ROYAL GOLDEN EAGLE,APRIL INTERNATIONAL ENTEPRISE PTE LTD,SINGAPORE,ICD MIHAN,INDIA
2023,470200,ROYAL GOLDEN EAGLE,APRIL,BUATAN,RIAU,505,289303,ROYAL GOLDEN EAGLE,APRIL FAR EAST MALAYSIA SDN BHD,MALAYSIA,JIUJIANG,CHINA (MAINLAND)
2023,470329,SINAR MAS,INDAH KIAT,PERAWANG,RIAU,500,215988,VIETNAM PAPER CORP,VAN DIEM PAPER JSC,VIETNAM,HAIPHONG,VIETNAM
2023,470329,SINAR MAS,OKI,SULTAN MAHMUD BADARUDDIN (U),SUMATERA SELATAN,3000,1480500,SINAR MAS,JIANGSU BOHUI PAPER INDUSTRY CO LTD.,CHINA (MAINLAND),CHANGSHU,CHINA (MAINLAND)
2023,470329,SINAR MAS,OKI,SULTAN MAHMUD BADARUDDIN (U),SUMATERA SELATAN,3400,1677900,SINAR MAS,JIANGSU BOHUI PAPER INDUSTRY CO LTD.,CHINA (MAINLAND),CHANGSHU,CHINA (MAINLAND)
2023,470329,SINAR MAS,OKI,SULTAN MAHMUD BADARUDDIN (U),SUMATERA SELATAN,100,46350,SINAR MAS,KING PAPER SOURCE TRADING (SHANGHAI) CO LTD,CHINA (MAINLAND),CHANGSHU,CHINA (MAINLAND)
2023,470329,MARUBENI,TANJUNG ENIM LESTARI,PANJANG,SUMATERA SELATAN,215,119142,NTPM HOLDINGS BHD,NTPM (VIETNAM) CO LTD,VIETNAM,CAT LAI,VIETNAM
2023,470329,SINAR MAS,OKI,SULTAN MAHMUD BADARUDDIN (U),SUMATERA SELATAN,3000,1398540,UNKNOWN AFFILIATION,MSS PULP CO LTD,SOUTH KOREA,GUNSAN (ES KUNSAN),SOUTH KOREA
2023,470329,SINAR MAS,OKI,SULTAN MAHMUD BADARUDDIN (U),SUMATERA SELATAN,2000,987000,SINAR MAS,JIANGSU BOHUI PAPER INDUSTRY CO LTD.,CHINA (MAINLAND),CHANGSHU,CHINA (MAINLAND)
2023,470329,SINAR MAS,OKI,SULTAN MAHMUD BADARUDDIN (U),SUMATERA SELATAN,1000,466180,HONG WON,HONG WON PAPER MFG CO LTD,SOUTH KOREA,GUNSAN (ES KUNSAN),SOUTH KOREA
2023,470329,ROYAL GOLDEN EAGLE,APRIL,BUATAN,RIAU,505,209426,ROYAL GOLDEN EAGLE,APRIL INTERNATIONAL ENTEPRISE PTE LTD,SINGAPORE,ZHAPU,CHINA (MAINLAND)
2023,470329,SINAR MAS,OKI,SULTAN MAHMUD BADARUDDIN (U),SUMATERA SELATAN,1000,466180,HONG WON,HONG WON PAPER MFG CO LTD,SOUTH KOREA,GUNSAN (ES KUNSAN),SOUTH KOREA
2023,470329,SINAR MAS,INDAH KIAT,PERAWANG,RIAU,1000,461976,UNKNOWN AFFILIATION,TRUONG XUAN PAPER JOINT STOCK CO,VIETNAM,HAIPHONG,VIETNAM
2023,470329,SINAR MAS,OKI,SULTAN MAHMUD BADARUDDIN (U),SUMATERA SELATAN,8900,4392150,SINAR MAS,KING PAPER SOURCE TRADING (SHANGHAI) CO LTD,CHINA (MAINLAND),CHANGSHU,CHINA (MAINLAND)
2023,470329,SINAR MAS,OKI,SULTAN MAHMUD BADARUDDIN (U),SUMATERA SELATAN,600,296100,SINAR MAS,JIANGSU BOHUI PAPER INDUSTRY CO LTD.,CHINA (MAINLAND),CHANGSHU,CHINA (MAINLAND)
2023,470329,SINAR MAS,OKI,SULTAN MAHMUD BADARUDDIN (U),SUMATERA SELATAN,4000,1864720,HANSOL,HANSOL PAPER CO LTD,SOUTH KOREA,GUNSAN (ES KUNSAN),SOUTH KOREA
2023,470329,MARUBENI,TANJUNG ENIM LESTARI,PANJANG,SUMATERA SELATAN,98,56666,MARUBENI,MARUBENI CORP,JAPAN,SHIMIZU,JAPAN
2023,470329,ROYAL GOLDEN EAGLE,APRIL,BUATAN,RIAU,606,243198,ROYAL GOLDEN EAGLE,APRIL INTERNATIONAL ENTEPRISE PTE LTD,SINGAPORE,NINGBO,CHINA (MAINLAND)
2023,470329,ROYAL GOLDEN EAGLE,APRIL,BUATAN,RIAU,505,209287,ROYAL GOLDEN EAGLE,APRIL INTERNATIONAL ENTEPRISE PTE LTD,SINGAPORE,VISAKHAPATNAM,INDIA
2023,470329,MARUBENI,TANJUNG ENIM LESTARI,PANJANG,SUMATERA SELATAN,20,11238,OITA SEISHI CORP,OITA PAPER PRODUCTS LTD,JAPAN,KITAKYUSHU- MOJI,JAPAN
2023,470329,MARUBENI,TANJUNG ENIM LESTARI,PANJANG,SUMATERA SELATAN,20,11267,MARUBENI,MARUBENI CORP,JAPAN,SHIMIZU,JAPAN
2023,470329,ROYAL GOLDEN EAGLE,APRIL,BUATAN,RIAU,404,167478,ROYAL GOLDEN EAGLE,APRIL INTERNATIONAL ENTEPRISE PTE LTD,SINGAPORE,ICD MIHAN,INDIA
2023,470329,SINAR MAS,OKI,SULTAN MAHMUD BADARUDDIN (U),SUMATERA SELATAN,1600,678804,UNKNOWN AFFILIATION,CHONGQING BAIJUN SUPPLY CHAIN SERVICE CO LTD,CHINA (MAINLAND),TIANJIN,CHINA (MAINLAND)
2023,470329,ROYAL GOLDEN EAGLE,APRIL,BUATAN,RIAU,400,165906,ROYAL GOLDEN EAGLE,APRIL INTERNATIONAL ENTEPRISE PTE LTD,SINGAPORE,DJIBOUTI,DJIBOUTI
2023,470329,ROYAL GOLDEN EAGLE,APRIL,BUATAN,RIAU,505,209309,ROYAL GOLDEN EAGLE,APRIL INTERNATIONAL ENTEPRISE PTE LTD,SINGAPORE,ANKLESHWAR,INDIA
2023,470329,ROYAL GOLDEN EAGLE,APRIL,BUATAN,RIAU,505,209336,ROYAL GOLDEN EAGLE,APRIL INTERNATIONAL ENTEPRISE PTE LTD,SINGAPORE,ANKLESHWAR,INDIA
2023,470329,ROYAL GOLDEN EAGLE,APRIL,BUATAN,RIAU,606,243600,ROYAL GOLDEN EAGLE,APRIL INTERNATIONAL ENTEPRISE PTE LTD,SINGAPORE,NINGBO,CHINA (MAINLAND)
2023,470329,ROYAL GOLDEN EAGLE,APRIL,BUATAN,RIAU,505,202815,ROYAL GOLDEN EAGLE,APRIL INTERNATIONAL ENTEPRISE PTE LTD,SINGAPORE,HAIPHONG,VIETNAM
2023,470329,SINAR MAS,INDAH KIAT,PERAWANG,RIAU,2500,1046500,UNKNOWN AFFILIATION,SAUDI PAPER MANUFACTURING CO,SAUDI ARABIA,AD DAMMAM,SAUDI ARABIA
2023,470329,SINAR MAS,INDAH KIAT,PERAWANG,RIAU,480,220686,UNKNOWN AFFILIATION,MAC-AAA FREIGHT & LOGISTICS LLC,UNITED ARAB EMIRATES,JEBEL ALI,NEW ZEALAND
2023,470329,SINAR MAS,INDAH KIAT,PERAWANG,RIAU,300,146580,KAILASH,GENUS PAPER & BOARDS LTD,INDIA,KANDLA,INDIA
2023,470329,SINAR MAS,INDAH KIAT,PERAWANG,RIAU,500,244300,ADITYA BIRLA,CENTURY PULP AND PAPER,INDIA,KANDLA,INDIA
2023,470329,SINAR MAS,INDAH KIAT,PERAWANG,RIAU,500,244300,ADITYA BIRLA,CENTURY PULP AND PAPER,INDIA,KANDLA,INDIA
2023,470329,SINAR MAS,INDAH KIAT,PERAWANG,RIAU,500,244300,ADITYA BIRLA,CENTURY PULP AND PAPER,INDIA,KANDLA,INDIA
2023,470329,ROYAL GOLDEN EAGLE,APRIL,BUATAN,RIAU,506,209562,ROYAL GOLDEN EAGLE,APRIL INTERNATIONAL ENTEPRISE PTE LTD,SINGAPORE,ANKLESHWAR,INDIA
2023,470329,SINAR MAS,INDAH KIAT,PERAWANG,RIAU,500,244300,KAILASH,GENUS PAPER & BOARDS LTD,INDIA,KANDLA,INDIA
2023,470329,SINAR MAS,INDAH KIAT,PERAWANG,RIAU,500,244300,KAILASH,GENUS PAPER & BOARDS LTD,INDIA,KANDLA,INDIA
2023,470329,SINAR MAS,INDAH KIAT,PERAWANG,RIAU,500,244300,ADITYA BIRLA,CENTURY PULP AND PAPER,INDIA,KANDLA,INDIA
2023,470329,SINAR MAS,INDAH KIAT,PERAWANG,RIAU,500,244300,ADITYA BIRLA,CENTURY PULP AND PAPER,INDIA,KANDLA,INDIA
2023,470329,ROYAL GOLDEN EAGLE,APRIL,BUATAN,RIAU,1010,406532,ROYAL GOLDEN EAGLE,APRIL INTERNATIONAL ENTEPRISE PTE LTD,SINGAPORE,NINGBO,CHINA (MAINLAND)
2023,470329,ROYAL GOLDEN EAGLE,APRIL,BUATAN,RIAU,303,125318,ROYAL GOLDEN EAGLE,APRIL INTERNATIONAL ENTEPRISE PTE LTD,SINGAPORE,PAT BANGKOK,THAILAND
2023,470329,SINAR MAS,INDAH KIAT,PERAWANG,RIAU,2500,1046500,UNKNOWN AFFILIATION,SAUDI PAPER MANUFACTURING CO,SAUDI ARABIA,AD DAMMAM,SAUDI ARABIA
2023,470329,SINAR MAS,INDAH KIAT,PERAWANG,RIAU,480,220686,UNKNOWN AFFILIATION,MAC-AAA FREIGHT & LOGISTICS LLC,UNITED ARAB EMIRATES,JEBEL ALI,NEW ZEALAND
2023,470329,SINAR MAS,INDAH KIAT,PERAWANG,RIAU,500,244300,ADITYA BIRLA,CENTURY PULP AND PAPER,INDIA,KANDLA,INDIA
2023,470329,SINAR MAS,INDAH KIAT,PERAWANG,RIAU,500,244300,ADITYA BIRLA,CENTURY PULP AND PAPER,INDIA,KANDLA,INDIA
2023,470329,SINAR MAS,INDAH KIAT,PERAWANG,RIAU,500,244300,ADITYA BIRLA,CENTURY PULP AND PAPER,INDIA,KANDLA,INDIA
2023,470329,SINAR MAS,INDAH KIAT,PERAWANG,RIAU,500,244300,ADITYA BIRLA,CENTURY PULP AND PAPER,INDIA,KANDLA,INDIA
2023,470200,ROYAL GOLDEN EAGLE,APRIL,FUTONG,RIAU,8088,4603069,ROYAL GOLDEN EAGLE,APRIL FAR EAST MALAYSIA SDN BHD,MALAYSIA,XIUYING,CHINA (MAINLAND)
2023,470200,ROYAL GOLDEN EAGLE,APRIL,BUATAN,RIAU,1010,577902,ROYAL GOLDEN EAGLE,APRIL FAR EAST MALAYSIA SDN BHD,MALAYSIA,FUZHOU,CHINA (MAINLAND)
2023,470200,ROYAL GOLDEN EAGLE,APRIL,BUATAN,RIAU,505,288968,ROYAL GOLDEN EAGLE,APRIL FAR EAST MALAYSIA SDN BHD,MALAYSIA,JIUJIANG,CHINA (MAINLAND)
2023,470329,SINAR MAS,INDAH KIAT,PERAWANG,RIAU,2500,1046500,UNKNOWN AFFILIATION,SAUDI PAPER MANUFACTURING CO,SAUDI ARABIA,AD DAMMAM,SAUDI ARABIA
2023,470329,SINAR MAS,INDAH KIAT,PERAWANG,RIAU,300,146580,KAILASH,GENUS PAPER & BOARDS LTD,INDIA,KANDLA,INDIA
2023,470329,SINAR MAS,INDAH KIAT,PERAWANG,RIAU,500,244300,ADITYA BIRLA,CENTURY PULP AND PAPER,INDIA,KANDLA,INDIA
2023,470329,SINAR MAS,INDAH KIAT,PERAWANG,RIAU,500,244300,ADITYA BIRLA,CENTURY PULP AND PAPER,INDIA,KANDLA,INDIA
2023,470329,SINAR MAS,INDAH KIAT,PERAWANG,RIAU,500,244300,ADITYA BIRLA,CENTURY PULP AND PAPER,INDIA,KANDLA,INDIA
2023,470329,ROYAL GOLDEN EAGLE,APRIL,FUTONG,RIAU,3030,1256421,ROYAL GOLDEN EAGLE,APRIL INTERNATIONAL ENTEPRISE PTE LTD,SINGAPORE,XIAMEN,CHINA (MAINLAND)
2023,470329,SINAR MAS,INDAH KIAT,PERAWANG,RIAU,2500,1046500,UNKNOWN AFFILIATION,SAUDI PAPER MANUFACTURING CO,SAUDI ARABIA,AD DAMMAM,SAUDI ARABIA
2023,470329,SINAR MAS,INDAH KIAT,PERAWANG,RIAU,400,167308,UNKNOWN AFFILIATION,NEW TOYO PULPPY (VIETNAM) CO LTD,VIETNAM,CAT LAI,VIETNAM
2023,470329,SINAR MAS,INDAH KIAT,PERAWANG,RIAU,500,244300,ADITYA BIRLA,CENTURY PULP AND PAPER,INDIA,KANDLA,INDIA
2023,470200,ROYAL GOLDEN EAGLE,APRIL,BUATAN,RIAU,505,297043,ROYAL GOLDEN EAGLE,APRIL FAR EAST MALAYSIA SDN BHD,MALAYSIA,JIUJIANG,CHINA (MAINLAND)
2023,470200,ROYAL GOLDEN EAGLE,APRIL,BUATAN,RIAU,505,288886,ROYAL GOLDEN EAGLE,APRIL FAR EAST MALAYSIA SDN BHD,MALAYSIA,LIANYUNGANG,CHINA (MAINLAND)
2023,470329,SINAR MAS,INDAH KIAT,PERAWANG,RIAU,500,244300,ADITYA BIRLA,CENTURY PULP AND PAPER,INDIA,KANDLA,INDIA
2023,470329,SINAR MAS,INDAH KIAT,PERAWANG,RIAU,500,244300,ADITYA BIRLA,CENTURY PULP AND PAPER,INDIA,KANDLA,INDIA
2023,470329,SINAR MAS,INDAH KIAT,PERAWANG,RIAU,480,220686,UNKNOWN AFFILIATION,MAC-AAA FREIGHT & LOGISTICS LLC,UNITED ARAB EMIRATES,JEBEL ALI,NEW ZEALAND
2023,470329,SINAR MAS,INDAH KIAT,PERAWANG,RIAU,500,244300,ADITYA BIRLA,CENTURY PULP AND PAPER,INDIA,KANDLA,INDIA
2023,470329,SINAR MAS,INDAH KIAT,PERAWANG,RIAU,500,244300,ADITYA BIRLA,CENTURY PULP AND PAPER,INDIA,KANDLA,INDIA
2023,470329,SINAR MAS,INDAH KIAT,PERAWANG,RIAU,500,244300,ADITYA BIRLA,CENTURY PULP AND PAPER,INDIA,KANDLA,INDIA
2023,470200,ROYAL GOLDEN EAGLE,APRIL,BUATAN,RIAU,505,288963,ROYAL GOLDEN EAGLE,APRIL FAR EAST MALAYSIA SDN BHD,MALAYSIA,JIUJIANG,CHINA (MAINLAND)
2023,470329,SINAR MAS,INDAH KIAT,PERAWANG,RIAU,400,195440,KAILASH,GENUS PAPER & BOARDS LTD,INDIA,KANDLA,INDIA
2023,470329,SINAR MAS,INDAH KIAT,PERAWANG,RIAU,500,244300,ADITYA BIRLA,CENTURY PULP AND PAPER,INDIA,KANDLA,INDIA
2023,470329,SINAR MAS,INDAH KIAT,PERAWANG,RIAU,500,244300,ADITYA BIRLA,CENTURY PULP AND PAPER,INDIA,KANDLA,INDIA
2023,470329,SINAR MAS,OKI,SULTAN MAHMUD BADARUDDIN (U),SUMATERA SELATAN,500,212126,UNKNOWN AFFILIATION,CHONGQING BAIJUN SUPPLY CHAIN SERVICE CO LTD,CHINA (MAINLAND),TIANJIN,CHINA (MAINLAND)
2023,470329,ROYAL GOLDEN EAGLE,APRIL,FUTONG,RIAU,3231,1339289,ROYAL GOLDEN EAGLE,APRIL INTERNATIONAL ENTEPRISE PTE LTD,SINGAPORE,GUNSAN (ES KUNSAN),SOUTH KOREA
2023,470200,ROYAL GOLDEN EAGLE,APRIL,BUATAN,RIAU,505,288952,ROYAL GOLDEN EAGLE,APRIL FAR EAST MALAYSIA SDN BHD,MALAYSIA,JIUJIANG,CHINA (MAINLAND)
2023,470329,ROYAL GOLDEN EAGLE,APRIL,BUATAN,RIAU,505,209633,ROYAL GOLDEN EAGLE,APRIL INTERNATIONAL ENTEPRISE PTE LTD,SINGAPORE,ANKLESHWAR,INDIA
2023,470329,ROYAL GOLDEN EAGLE,APRIL,FUTONG,RIAU,1514,627238,ROYAL GOLDEN EAGLE,APRIL FAR EAST MALAYSIA SDN BHD,MALAYSIA,IYOMISHIMA,JAPAN
2023,470200,ROYAL GOLDEN EAGLE,APRIL,BUATAN,RIAU,788,463822,ROYAL GOLDEN EAGLE,APRIL FAR EAST MALAYSIA SDN BHD,MALAYSIA,LIANYUNGANG,CHINA (MAINLAND)
2023,470200,ROYAL GOLDEN EAGLE,APRIL,BUATAN,RIAU,505,289142,ROYAL GOLDEN EAGLE,APRIL FAR EAST MALAYSIA SDN BHD,MALAYSIA,JIUJIANG,CHINA (MAINLAND)
2023,470329,ROYAL GOLDEN EAGLE,APRIL,FUTONG,RIAU,3433,1424900,ROYAL GOLDEN EAGLE,APRIL INTERNATIONAL ENTEPRISE PTE LTD,SINGAPORE,PYONGTAEK,SOUTH KOREA
2023,470200,ROYAL GOLDEN EAGLE,APRIL,BUATAN,RIAU,505,289202,ROYAL GOLDEN EAGLE,APRIL FAR EAST MALAYSIA SDN BHD,MALAYSIA,JIUJIANG,CHINA (MAINLAND)
2023,470200,ROYAL GOLDEN EAGLE,APRIL,BUATAN,RIAU,504,288811,ROYAL GOLDEN EAGLE,APRIL FAR EAST MALAYSIA SDN BHD,MALAYSIA,LIANYUNGANG,CHINA (MAINLAND)
2023,470329,SINAR MAS,OKI,SULTAN MAHMUD BADARUDDIN (U),SUMATERA SELATAN,6500,2999750,SINAR MAS,KING PAPER SOURCE TRADING (SHANGHAI) CO LTD,CHINA (MAINLAND),ZHENJIANG,CHINA (MAINLAND)
2023,470329,SINAR MAS,OKI,SULTAN MAHMUD BADARUDDIN (U),SUMATERA SELATAN,1000,424253,UNKNOWN AFFILIATION,CHONGQING BAIJUN SUPPLY CHAIN SERVICE CO LTD,CHINA (MAINLAND),TIANJIN,CHINA (MAINLAND)
2023,470329,SINAR MAS,OKI,SULTAN MAHMUD BADARUDDIN (U),SUMATERA SELATAN,500,212126,UNKNOWN AFFILIATION,CHONGQING BAIJUN SUPPLY CHAIN SERVICE CO LTD,CHINA (MAINLAND),TIANJIN,CHINA (MAINLAND)
2023,470329,SINAR MAS,OKI,SULTAN MAHMUD BADARUDDIN (U),SUMATERA SELATAN,500,212126,UNKNOWN AFFILIATION,CHONGQING BAIJUN SUPPLY CHAIN SERVICE CO LTD,CHINA (MAINLAND),TIANJIN,CHINA (MAINLAND)
2023,470329,SINAR MAS,OKI,SULTAN MAHMUD BADARUDDIN (U),SUMATERA SELATAN,500,212126,UNKNOWN AFFILIATION,CHONGQING BAIJUN SUPPLY CHAIN SERVICE CO LTD,CHINA (MAINLAND),TIANJIN,CHINA (MAINLAND)
2023,470329,MARUBENI,TANJUNG ENIM LESTARI,PANJANG,SUMATERA SELATAN,517,253066,YIBIN GRACE,YIBIN HIEST FIBRE LTD CORP,CHINA (MAINLAND),YIBIN,CHINA (MAINLAND)
2023,470329,SINAR MAS,OKI,SULTAN MAHMUD BADARUDDIN (U),SUMATERA SELATAN,500,212126,UNKNOWN AFFILIATION,CHONGQING BAIJUN SUPPLY CHAIN SERVICE CO LTD,CHINA (MAINLAND),TIANJIN,CHINA (MAINLAND)
2023,470329,ROYAL GOLDEN EAGLE,APRIL,BUATAN,RIAU,303,125654,ROYAL GOLDEN EAGLE,APRIL INTERNATIONAL ENTEPRISE PTE LTD,SINGAPORE,PIPAVAV (VICTOR) PORT,INDIA
2023,470329,MARUBENI,TANJUNG ENIM LESTARI,PANJANG,SUMATERA SELATAN,517,253125,YIBIN GRACE,YIBIN HIEST FIBRE LTD CORP,CHINA (MAINLAND),YIBIN,CHINA (MAINLAND)
2023,470329,SINAR MAS,INDAH KIAT,PERAWANG,RIAU,200,93880,UNKNOWN AFFILIATION,REGENT EXIM INTERNATIONAL LTD,INDIA,MUNDRA,INDIA
2023,470329,SINAR MAS,OKI,SULTAN MAHMUD BADARUDDIN (U),SUMATERA SELATAN,8000,3692000,SINAR MAS,KING PAPER SOURCE TRADING (SHANGHAI) CO LTD,CHINA (MAINLAND),NINGBO,CHINA (MAINLAND)
2023,470329,SINAR MAS,OKI,SULTAN MAHMUD BADARUDDIN (U),SUMATERA SELATAN,500,212126,UNKNOWN AFFILIATION,CHONGQING BAIJUN SUPPLY CHAIN SERVICE CO LTD,CHINA (MAINLAND),TIANJIN,CHINA (MAINLAND)
2023,470329,SINAR MAS,OKI,SULTAN MAHMUD BADARUDDIN (U),SUMATERA SELATAN,500,212126,UNKNOWN AFFILIATION,CHONGQING BAIJUN SUPPLY CHAIN SERVICE CO LTD,CHINA (MAINLAND),TIANJIN,CHINA (MAINLAND)
2023,470329,SINAR MAS,OKI,SULTAN MAHMUD BADARUDDIN (U),SUMATERA SELATAN,500,212126,UNKNOWN AFFILIATION,CHONGQING BAIJUN SUPPLY CHAIN SERVICE CO LTD,CHINA (MAINLAND),TIANJIN,CHINA (MAINLAND)
2023,470329,SINAR MAS,OKI,SULTAN MAHMUD BADARUDDIN (U),SUMATERA SELATAN,500,210907,UNKNOWN AFFILIATION,CHONGQING BAIJUN SUPPLY CHAIN SERVICE CO LTD,CHINA (MAINLAND),CHANGSHU,CHINA (MAINLAND)
2023,470329,SINAR MAS,OKI,SULTAN MAHMUD BADARUDDIN (U),SUMATERA SELATAN,300,127276,UNKNOWN AFFILIATION,CHONGQING BAIJUN SUPPLY CHAIN SERVICE CO LTD,CHINA (MAINLAND),TIANJIN,CHINA (MAINLAND)
2023,470200,ROYAL GOLDEN EAGLE,APRIL,BUATAN,RIAU,1010,586094,ROYAL GOLDEN EAGLE,APRIL FAR EAST MALAYSIA SDN BHD,MALAYSIA,FUZHOU,CHINA (MAINLAND)
2023,470329,SINAR MAS,OKI,SULTAN MAHMUD BADARUDDIN (U),SUMATERA SELATAN,2000,843628,UNKNOWN AFFILIATION,CHONGQING BAIJUN SUPPLY CHAIN SERVICE CO LTD,CHINA (MAINLAND),CHANGSHU,CHINA (MAINLAND)
2023,470329,SINAR MAS,OKI,SULTAN MAHMUD BADARUDDIN (U),SUMATERA SELATAN,1000,421814,UNKNOWN AFFILIATION,CHONGQING BAIJUN SUPPLY CHAIN SERVICE CO LTD,CHINA (MAINLAND),CHANGSHU,CHINA (MAINLAND)
2023,470329,SINAR MAS,OKI,SULTAN MAHMUD BADARUDDIN (U),SUMATERA SELATAN,800,339402,UNKNOWN AFFILIATION,CHONGQING BAIJUN SUPPLY CHAIN SERVICE CO LTD,CHINA (MAINLAND),TIANJIN,CHINA (MAINLAND)
2023,470329,SINAR MAS,OKI,SULTAN MAHMUD BADARUDDIN (U),SUMATERA SELATAN,1500,692250,SINAR MAS,KING PAPER SOURCE TRADING (SHANGHAI) CO LTD,CHINA (MAINLAND),ZHENJIANG,CHINA (MAINLAND)
2023,470329,SINAR MAS,OKI,SULTAN MAHMUD BADARUDDIN (U),SUMATERA SELATAN,4000,1846000,SINAR MAS,KING PAPER SOURCE TRADING (SHANGHAI) CO LTD,CHINA (MAINLAND),ZHENJIANG,CHINA (MAINLAND)
2023,470329,SINAR MAS,INDAH KIAT,PERAWANG,RIAU,158,76978,SINAR MAS,KING PAPER SOURCE TRADING (SHANGHAI) CO LTD,CHINA (MAINLAND),DAGANG,CHINA (MAINLAND)
2023,470329,SINAR MAS,INDAH KIAT,PERAWANG,RIAU,500,243600,SINAR MAS,KING PAPER SOURCE TRADING (SHANGHAI) CO LTD,CHINA (MAINLAND),DAGANG,CHINA (MAINLAND)
2023,470329,SINAR MAS,INDAH KIAT,PERAWANG,RIAU,500,243600,SINAR MAS,KING PAPER SOURCE TRADING (SHANGHAI) CO LTD,CHINA (MAINLAND),DAGANG,CHINA (MAINLAND)
2023,470329,SINAR MAS,INDAH KIAT,PERAWANG,RIAU,242,103382,SINAR MAS,KING PAPER SOURCE TRADING (SHANGHAI) CO LTD,CHINA (MAINLAND),DAGANG,CHINA (MAINLAND)
2023,470329,SINAR MAS,INDAH KIAT,PERAWANG,RIAU,500,243600,SINAR MAS,KING PAPER SOURCE TRADING (SHANGHAI) CO LTD,CHINA (MAINLAND),DAGANG,CHINA (MAINLAND)
2023,470329,ROYAL GOLDEN EAGLE,APRIL,BUATAN,RIAU,404,167649,ROYAL GOLDEN EAGLE,APRIL INTERNATIONAL ENTEPRISE PTE LTD,SINGAPORE,ICD MIHAN,INDIA
2023,470329,ROYAL GOLDEN EAGLE,APRIL,BUATAN,RIAU,303,125651,ROYAL GOLDEN EAGLE,APRIL INTERNATIONAL ENTEPRISE PTE LTD,SINGAPORE,PIPAVAV (VICTOR) PORT,INDIA
2023,470329,SINAR MAS,OKI,SULTAN MAHMUD BADARUDDIN (U),SUMATERA SELATAN,200,92300,SINAR MAS,KING PAPER SOURCE TRADING (SHANGHAI) CO LTD,CHINA (MAINLAND),ZHENJIANG,CHINA (MAINLAND)
2023,470329,SINAR MAS,INDAH KIAT,PERAWANG,RIAU,500,243600,SINAR MAS,KING PAPER SOURCE TRADING (SHANGHAI) CO LTD,CHINA (MAINLAND),DAGANG,CHINA (MAINLAND)
2023,470329,SINAR MAS,INDAH KIAT,PERAWANG,RIAU,500,243600,SINAR MAS,KING PAPER SOURCE TRADING (SHANGHAI) CO LTD,CHINA (MAINLAND),DAGANG,CHINA (MAINLAND)
2023,470329,SINAR MAS,INDAH KIAT,PERAWANG,RIAU,500,243600,SINAR MAS,KING PAPER SOURCE TRADING (SHANGHAI) CO LTD,CHINA (MAINLAND),DAGANG,CHINA (MAINLAND)
2023,470329,SINAR MAS,OKI,SULTAN MAHMUD BADARUDDIN (U),SUMATERA SELATAN,1000,461500,SINAR MAS,KING PAPER SOURCE TRADING (SHANGHAI) CO LTD,CHINA (MAINLAND),NINGBO,CHINA (MAINLAND)
2023,470329,SINAR MAS,INDAH KIAT,PERAWANG,RIAU,500,243600,SINAR MAS,KING PAPER SOURCE TRADING (SHANGHAI) CO LTD,CHINA (MAINLAND),DAGANG,CHINA (MAINLAND)
2023,470329,SINAR MAS,INDAH KIAT,PERAWANG,RIAU,500,243600,SINAR MAS,KING PAPER SOURCE TRADING (SHANGHAI) CO LTD,CHINA (MAINLAND),DAGANG,CHINA (MAINLAND)
2023,470329,ROYAL GOLDEN EAGLE,APRIL,BUATAN,RIAU,506,209584,ROYAL GOLDEN EAGLE,APRIL INTERNATIONAL ENTEPRISE PTE LTD,SINGAPORE,SAHNEWAL,INDIA
2023,470329,SINAR MAS,INDAH KIAT,PERAWANG,RIAU,500,243600,SINAR MAS,KING PAPER SOURCE TRADING (SHANGHAI) CO LTD,CHINA (MAINLAND),DAGANG,CHINA (MAINLAND)
2023,470329,SINAR MAS,INDAH KIAT,PERAWANG,RIAU,500,243600,SINAR MAS,KING PAPER SOURCE TRADING (SHANGHAI) CO LTD,CHINA (MAINLAND),DAGANG,CHINA (MAINLAND)
2023,470329,SINAR MAS,INDAH KIAT,PERAWANG,RIAU,500,243600,SINAR MAS,KING PAPER SOURCE TRADING (SHANGHAI) CO LTD,CHINA (MAINLAND),DAGANG,CHINA (MAINLAND)
2023,470329,SINAR MAS,INDAH KIAT,PERAWANG,RIAU,500,213600,SINAR MAS,KING PAPER SOURCE TRADING (SHANGHAI) CO LTD,CHINA (MAINLAND),DAGANG,CHINA (MAINLAND)
2023,470329,MARUBENI,TANJUNG ENIM LESTARI,PANJANG,SUMATERA SELATAN,474,246314,BAIZID,BAIZID NEWSPRINT MILLS LTD,BANGLADESH,CHATTOGRAM,BANGLADESH
2023,470329,SINAR MAS,INDAH KIAT,PERAWANG,RIAU,500,243600,SINAR MAS,KING PAPER SOURCE TRADING (SHANGHAI) CO LTD,CHINA (MAINLAND),DAGANG,CHINA (MAINLAND)
2023,470329,SINAR MAS,INDAH KIAT,PERAWANG,RIAU,500,243600,SINAR MAS,KING PAPER SOURCE TRADING (SHANGHAI) CO LTD,CHINA (MAINLAND),DAGANG,CHINA (MAINLAND)
2023,470200,ROYAL GOLDEN EAGLE,APRIL,BUATAN,RIAU,505,297131,ROYAL GOLDEN EAGLE,APRIL FAR EAST MALAYSIA SDN BHD,MALAYSIA,JIUJIANG,CHINA (MAINLAND)
2023,470329,SINAR MAS,INDAH KIAT,PERAWANG,RIAU,500,243600,SINAR MAS,KING PAPER SOURCE TRADING (SHANGHAI) CO LTD,CHINA (MAINLAND),DAGANG,CHINA (MAINLAND)
2023,470329,SINAR MAS,INDAH KIAT,PERAWANG,RIAU,500,213600,SINAR MAS,KING PAPER SOURCE TRADING (SHANGHAI) CO LTD,CHINA (MAINLAND),DAGANG,CHINA (MAINLAND)
2023,470329,ROYAL GOLDEN EAGLE,APRIL,BUATAN,RIAU,506,209623,ROYAL GOLDEN EAGLE,APRIL INTERNATIONAL ENTEPRISE PTE LTD,SINGAPORE,ANKLESHWAR,INDIA
2023,470329,ROYAL GOLDEN EAGLE,APRIL,BUATAN,RIAU,202,83783,ROYAL GOLDEN EAGLE,APRIL INTERNATIONAL ENTEPRISE PTE LTD,SINGAPORE,SANAND,INDIA
2023,470200,ROYAL GOLDEN EAGLE,APRIL,BUATAN,RIAU,1009,593249,ROYAL GOLDEN EAGLE,APRIL FAR EAST MALAYSIA SDN BHD,MALAYSIA,LIANYUNGANG,CHINA (MAINLAND)
2023,470329,MARUBENI,TANJUNG ENIM LESTARI,PANJANG,SUMATERA SELATAN,519,258973,UNKNOWN AFFILIATION,SESHASAYEE PAPER AND BOARDS LTD,INDIA,TUTICORIN,INDIA
2023,470329,SINAR MAS,INDAH KIAT,PERAWANG,RIAU,500,243600,SINAR MAS,KING PAPER SOURCE TRADING (SHANGHAI) CO LTD,CHINA (MAINLAND),DAGANG,CHINA (MAINLAND)
2023,470329,SINAR MAS,INDAH KIAT,PERAWANG,RIAU,500,243600,SINAR MAS,KING PAPER SOURCE TRADING (SHANGHAI) CO LTD,CHINA (MAINLAND),DAGANG,CHINA (MAINLAND)
2023,470329,SINAR MAS,INDAH KIAT,PERAWANG,RIAU,100,42720,SINAR MAS,KING PAPER SOURCE TRADING (SHANGHAI) CO LTD,CHINA (MAINLAND),DAGANG,CHINA (MAINLAND)
2023,470329,ROYAL GOLDEN EAGLE,APRIL,BUATAN,RIAU,505,209622,ROYAL GOLDEN EAGLE,APRIL INTERNATIONAL ENTEPRISE PTE LTD,SINGAPORE,ANKLESHWAR,INDIA
2023,470329,SINAR MAS,INDAH KIAT,PERAWANG,RIAU,500,243600,SINAR MAS,KING PAPER SOURCE TRADING (SHANGHAI) CO LTD,CHINA (MAINLAND),DAGANG,CHINA (MAINLAND)
2023,470329,SINAR MAS,INDAH KIAT,PERAWANG,RIAU,500,243600,SINAR MAS,KING PAPER SOURCE TRADING (SHANGHAI) CO LTD,CHINA (MAINLAND),DAGANG,CHINA (MAINLAND)
2023,470329,SINAR MAS,INDAH KIAT,PERAWANG,RIAU,500,243600,SINAR MAS,KING PAPER SOURCE TRADING (SHANGHAI) CO LTD,CHINA (MAINLAND),DAGANG,CHINA (MAINLAND)
2023,470329,SINAR MAS,INDAH KIAT,PERAWANG,RIAU,500,243600,SINAR MAS,KING PAPER SOURCE TRADING (SHANGHAI) CO LTD,CHINA (MAINLAND),DAGANG,CHINA (MAINLAND)
2023,470329,ROYAL GOLDEN EAGLE,APRIL,BUATAN,RIAU,202,83879,ROYAL GOLDEN EAGLE,APRIL INTERNATIONAL ENTEPRISE PTE LTD,SINGAPORE,FUZHOU,CHINA (MAINLAND)
2023,470329,SINAR MAS,OKI,SULTAN MAHMUD BADARUDDIN (U),SUMATERA SELATAN,2000,926000,SINAR MAS,KING PAPER SOURCE TRADING (SHANGHAI) CO LTD,CHINA (MAINLAND),ZHENJIANG,CHINA (MAINLAND)
2023,470329,SINAR MAS,INDAH KIAT,PERAWANG,RIAU,500,208744,UNKNOWN AFFILIATION,NIBONG TEBAL PAPER MILL SDN BHD,MALAYSIA,PENANG (GEORGETOWN),MALAYSIA
2023,470329,SINAR MAS,OKI,SULTAN MAHMUD BADARUDDIN (U),SUMATERA SELATAN,3500,1620500,SINAR MAS,KING PAPER SOURCE TRADING (SHANGHAI) CO LTD,CHINA (MAINLAND),ZHENJIANG,CHINA (MAINLAND)
2023,470329,SINAR MAS,INDAH KIAT,PERAWANG,RIAU,500,247200,CREATIVE,CREATIVE PAPER MILLS LTD,BANGLADESH,CHATTOGRAM,BANGLADESH
2023,470329,MARUBENI,TANJUNG ENIM LESTARI,PANJANG,SUMATERA SELATAN,108,53431,ANKIT,ANKIT PULPS AND BOARDS PVT LTD,INDIA,ICD MIHAN,INDIA
2023,470329,MARUBENI,TANJUNG ENIM LESTARI,PANJANG,SUMATERA SELATAN,108,55803,UNKNOWN AFFILIATION,VECHEM ORGANICS PVT LTD,INDIA,PIPAVAV (VICTOR) PORT,INDIA
2023,470329,SINAR MAS,INDAH KIAT,PERAWANG,RIAU,500,247200,CREATIVE,CREATIVE PAPER MILLS LTD,BANGLADESH,CHATTOGRAM,BANGLADESH
2023,470329,SINAR MAS,INDAH KIAT,PERAWANG,RIAU,500,228388,XSD INTERNATIONAL,XSD INTERNATIONAL PAPER SDN BHD,MALAYSIA,PENANG (GEORGETOWN),MALAYSIA
2023,470329,SINAR MAS,INDAH KIAT,PERAWANG,RIAU,500,247200,UNKNOWN AFFILIATION,AMBER SUPER PAPER LIMITED,BANGLADESH,CHATTOGRAM,BANGLADESH
2023,470200,ROYAL GOLDEN EAGLE,APRIL,BUATAN,RIAU,505,297111,ROYAL GOLDEN EAGLE,APRIL FAR EAST MALAYSIA SDN BHD,MALAYSIA,FUZHOU,CHINA (MAINLAND)
2023,470329,SINAR MAS,INDAH KIAT,PERAWANG,RIAU,500,247200,CREATIVE,CREATIVE PAPER MILLS LTD,BANGLADESH,CHATTOGRAM,BANGLADESH
2023,470329,SINAR MAS,OKI,SULTAN MAHMUD BADARUDDIN (U),SUMATERA SELATAN,6100,2824300,SINAR MAS,KING PAPER SOURCE TRADING (SHANGHAI) CO LTD,CHINA (MAINLAND),ZHENJIANG,CHINA (MAINLAND)
2023,470329,MARUBENI,TANJUNG ENIM LESTARI,PANJANG,SUMATERA SELATAN,108,55206,UNKNOWN AFFILIATION,VECHEM ORGANICS PVT LTD,INDIA,JAWAHARLAL NEHRU (NHAVA S,INDIA
2023,470329,ROYAL GOLDEN EAGLE,APRIL,BUATAN,RIAU,506,203022,ROYAL GOLDEN EAGLE,APRIL INTERNATIONAL ENTEPRISE PTE LTD,SINGAPORE,HAIPHONG,VIETNAM
2023,470329,SINAR MAS,INDAH KIAT,PERAWANG,RIAU,500,247200,UNKNOWN AFFILIATION,AMBER SUPER PAPER LIMITED,BANGLADESH,CHATTOGRAM,BANGLADESH
2023,470329,ROYAL GOLDEN EAGLE,APRIL,BUATAN,RIAU,1011,405967,ROYAL GOLDEN EAGLE,APRIL INTERNATIONAL ENTEPRISE PTE LTD,SINGAPORE,TUTICORIN,INDIA
2023,470329,ROYAL GOLDEN EAGLE,APRIL,FUTONG,RIAU,4037,1620522,ROYAL GOLDEN EAGLE,APRIL INTERNATIONAL ENTEPRISE PTE LTD,SINGAPORE,ZHANJIANG,CHINA (MAINLAND)
2023,470329,SINAR MAS,INDAH KIAT,PERAWANG,RIAU,500,247200,UNKNOWN AFFILIATION,AMBER SUPER PAPER LIMITED,BANGLADESH,CHATTOGRAM,BANGLADESH
2023,470200,ROYAL GOLDEN EAGLE,APRIL,FUTONG,RIAU,1465,870796,ROYAL GOLDEN EAGLE,APRIL FAR EAST MALAYSIA SDN BHD,MALAYSIA,QINGDAO,CHINA (MAINLAND)
2023,470200,ROYAL GOLDEN EAGLE,APRIL,BUATAN,RIAU,505,296674,ROYAL GOLDEN EAGLE,APRIL FAR EAST MALAYSIA SDN BHD,MALAYSIA,JIUJIANG,CHINA (MAINLAND)
2023,470329,MARUBENI,TANJUNG ENIM LESTARI,PANJANG,SUMATERA SELATAN,518,257298,UNKNOWN AFFILIATION,JIH SUN PAPER INDUSTRY CO LTD.,TAIWAN,TAOYUAN,TAIWAN
2023,470329,ROYAL GOLDEN EAGLE,APRIL,FUTONG,RIAU,2023,812713,ROYAL GOLDEN EAGLE,APRIL INTERNATIONAL ENTEPRISE PTE LTD,SINGAPORE,QINGDAO,CHINA (MAINLAND)
2023,470200,ROYAL GOLDEN EAGLE,APRIL,BUATAN,RIAU,525,309017,ROYAL GOLDEN EAGLE,APRIL FAR EAST MALAYSIA SDN BHD,MALAYSIA,FUZHOU,CHINA (MAINLAND)
2023,470329,MARUBENI,TANJUNG ENIM LESTARI,PANJANG,SUMATERA SELATAN,517,269353,XIANMEN C&D,HONG KONG PAPER SOURCES CO LTD,CHINA (HONG KONG),XINGANG,CHINA (MAINLAND)
2023,470329,MARUBENI,TANJUNG ENIM LESTARI,PANJANG,SUMATERA SELATAN,517,269268,XIANMEN C&D,HONG KONG PAPER SOURCES CO LTD,CHINA (HONG KONG),XINGANG,CHINA (MAINLAND)
2023,470329,ROYAL GOLDEN EAGLE,APRIL,FUTONG,RIAU,6108,2447226,ROYAL GOLDEN EAGLE,APRIL INTERNATIONAL ENTEPRISE PTE LTD,SINGAPORE,QINGDAO,CHINA (MAINLAND)
2023,470329,MARUBENI,TANJUNG ENIM LESTARI,PANJANG,SUMATERA SELATAN,517,258905,ZHEIJANG WELBON PULP & PAPER GROUP,ZHEJIANG WELBON TRADING CO LTD,CHINA (MAINLAND),NINGBO,CHINA (MAINLAND)
2023,470329,SINAR MAS,INDAH KIAT,PERAWANG,RIAU,500,228388,XSD INTERNATIONAL,XSD INTERNATIONAL PAPER SDN BHD,MALAYSIA,PENANG (GEORGETOWN),MALAYSIA
2023,470329,MARUBENI,TANJUNG ENIM LESTARI,PANJANG,SUMATERA SELATAN,518,269355,JIANGSU OVERSEAS,JOC INTERNATIONAL TECHNICAL ENGINEERING CO LTD,CHINA (MAINLAND),QINGDAO,CHINA (MAINLAND)
2023,470200,ROYAL GOLDEN EAGLE,APRIL,BUATAN,RIAU,504,296598,ROYAL GOLDEN EAGLE,APRIL FAR EAST MALAYSIA SDN BHD,MALAYSIA,LIANYUNGANG,CHINA (MAINLAND)
2023,440122,ROYAL GOLDEN EAGLE,BALIKPAPAN CHIP LESTARI,BALIKPAPAN,KALIMANTAN TIMUR,18972,2769892,ROYAL GOLDEN EAGLE,ASIA SYMBOL (SHANDONG) PULP AND PAPER,CHINA (MAINLAND),RIZHAO,CHINA (MAINLAND)
2023,470329,MARUBENI,TANJUNG ENIM LESTARI,TARAHAN,SUMATERA SELATAN,499,233555,HENGAN INTERNATIONAL,HENGAN MEGA JUMBO INVESTMENTS LTD,CHINA (HONG KONG),QINGDAO,CHINA (MAINLAND)
2023,470329,MARUBENI,TANJUNG ENIM LESTARI,TARAHAN,SUMATERA SELATAN,2001,936312,HENAN JIANGHE PAPER,JIANGHE PAPER (HONG KONG) LTD,CHINA (HONG KONG),QINGDAO,CHINA (MAINLAND)
2023,470329,MARUBENI,TANJUNG ENIM LESTARI,TARAHAN,SUMATERA SELATAN,500,233839,HIGH HOPE,HIGH HOPE ZHONGTIAN CORP,CHINA (MAINLAND),QINGDAO,CHINA (MAINLAND)
2023,470329,MARUBENI,TANJUNG ENIM LESTARI,TARAHAN,SUMATERA SELATAN,999,467641,HENGAN INTERNATIONAL,HENGAN MEGA JUMBO INVESTMENTS LTD,CHINA (HONG KONG),QINGDAO,CHINA (MAINLAND)
2023,470329,MARUBENI,TANJUNG ENIM LESTARI,TARAHAN,SUMATERA SELATAN,1000,449156,JIANGHE PAPER,HENAN JIANGHE PAPER CO LTD,CHINA (MAINLAND),QINGDAO,CHINA (MAINLAND)
2023,470329,ROYAL GOLDEN EAGLE,APRIL,FUTONG,RIAU,2780,1116873,ROYAL GOLDEN EAGLE,APRIL INTERNATIONAL ENTEPRISE PTE LTD,SINGAPORE,KAKINADA,INDIA
2023,470329,MARUBENI,TANJUNG ENIM LESTARI,TARAHAN,SUMATERA SELATAN,999,486323,OJI HOLDINGS CORP,SUNSHINE OJI (SHOUGUANG) SPECIALTY PAPER CO LTD,CHINA (MAINLAND),QINGDAO,CHINA (MAINLAND)
2023,470329,MARUBENI,TANJUNG ENIM LESTARI,TARAHAN,SUMATERA SELATAN,1001,468266,HENAN JIANGHE PAPER,JIANGHE PAPER (HONG KONG) LTD,CHINA (HONG KONG),QINGDAO,CHINA (MAINLAND)
2023,470329,MARUBENI,TANJUNG ENIM LESTARI,TARAHAN,SUMATERA SELATAN,1500,730466,HENAN INVESTMENT,DAHE PAPER (HONG KONG) CO LTD,CHINA (HONG KONG),QINGDAO,CHINA (MAINLAND)
2023,470329,ROYAL GOLDEN EAGLE,APRIL,FUTONG,RIAU,11658,4685614,ROYAL GOLDEN EAGLE,APRIL INTERNATIONAL ENTEPRISE PTE LTD,SINGAPORE,KAKINADA,INDIA
2023,470329,ROYAL GOLDEN EAGLE,APRIL,BUATAN,RIAU,1008,404500,ROYAL GOLDEN EAGLE,APRIL INTERNATIONAL ENTEPRISE PTE LTD,SINGAPORE,NINGBO,CHINA (MAINLAND)
2023,470329,MARUBENI,TANJUNG ENIM LESTARI,TARAHAN,SUMATERA SELATAN,1501,730314,OJI HOLDINGS CORP,SUNSHINE OJI (SHOUGUANG) SPECIALTY PAPER CO LTD,CHINA (MAINLAND),QINGDAO,CHINA (MAINLAND)
2023,470329,MARUBENI,TANJUNG ENIM LESTARI,TARAHAN,SUMATERA SELATAN,501,234125,OJI HOLDINGS CORP,SUNSHINE OJI (SHOUGUANG) SPECIALTY PAPER CO LTD,CHINA (MAINLAND),QINGDAO,CHINA (MAINLAND)
2023,470329,ROYAL GOLDEN EAGLE,APRIL,BUATAN,RIAU,1009,404918,ROYAL GOLDEN EAGLE,APRIL INTERNATIONAL ENTEPRISE PTE LTD,SINGAPORE,NINGBO,CHINA (MAINLAND)
2023,470329,MARUBENI,TANJUNG ENIM LESTARI,TARAHAN,SUMATERA SELATAN,499,233637,HENGAN INTERNATIONAL,HENGAN MEGA JUMBO INVESTMENTS LTD,CHINA (HONG KONG),QINGDAO,CHINA (MAINLAND)
2023,470200,ROYAL GOLDEN EAGLE,APRIL,BUATAN,RIAU,505,296904,ROYAL GOLDEN EAGLE,APRIL FAR EAST MALAYSIA SDN BHD,MALAYSIA,FUZHOU,CHINA (MAINLAND)
2023,470200,ROYAL GOLDEN EAGLE,APRIL,BUATAN,RIAU,202,118894,ROYAL GOLDEN EAGLE,APRIL FAR EAST MALAYSIA SDN BHD,MALAYSIA,FUZHOU,CHINA (MAINLAND)
2023,470329,SINAR MAS,OKI,SULTAN MAHMUD BADARUDDIN (U),SUMATERA SELATAN,3500,1438150,MEGHNA GROUP OF INDUSTRIES,MEGHNA PULP AND PAPER MILLS LTD,BANGLADESH,CHATTOGRAM,BANGLADESH
2023,470200,ROYAL GOLDEN EAGLE,APRIL,BUATAN,RIAU,505,297172,ROYAL GOLDEN EAGLE,APRIL FAR EAST MALAYSIA SDN BHD,MALAYSIA,JIUJIANG,CHINA (MAINLAND)
2023,470329,ROYAL GOLDEN EAGLE,APRIL,BUATAN,RIAU,1009,405164,ROYAL GOLDEN EAGLE,APRIL INTERNATIONAL ENTEPRISE PTE LTD,SINGAPORE,NINGBO,CHINA (MAINLAND)
2023,470329,SINAR MAS,OKI,SULTAN MAHMUD BADARUDDIN (U),SUMATERA SELATAN,3500,1438150,MEGHNA GROUP OF INDUSTRIES,MEGHNA PULP AND PAPER MILLS LTD,BANGLADESH,CHATTOGRAM,BANGLADESH
2023,470329,ROYAL GOLDEN EAGLE,APRIL,FUTONG,RIAU,506,203063,ROYAL GOLDEN EAGLE,APRIL INTERNATIONAL ENTEPRISE PTE LTD,SINGAPORE,CHATTOGRAM,BANGLADESH
2023,470329,SINAR MAS,OKI,SULTAN MAHMUD BADARUDDIN (U),SUMATERA SELATAN,2500,1157500,SINAR MAS,KING PAPER SOURCE TRADING (SHANGHAI) CO LTD,CHINA (MAINLAND),ZHENJIANG,CHINA (MAINLAND)
2023,470329,SINAR MAS,OKI,SULTAN MAHMUD BADARUDDIN (U),SUMATERA SELATAN,500,231500,SINAR MAS,KING PAPER SOURCE TRADING (SHANGHAI) CO LTD,CHINA (MAINLAND),ZHENJIANG,CHINA (MAINLAND)
2023,470329,SINAR MAS,INDAH KIAT,PERAWANG,RIAU,3300,1381380,HANKUK,HANKUK PAPER MFG CO LTD,SOUTH KOREA,ULSAN,SOUTH KOREA
2023,470329,SINAR MAS,OKI,SULTAN MAHMUD BADARUDDIN (U),SUMATERA SELATAN,2100,971250,SINAR MAS,KING PAPER SOURCE TRADING (SHANGHAI) CO LTD,CHINA (MAINLAND),CHANGSHU,CHINA (MAINLAND)
2023,470329,SINAR MAS,OKI,SULTAN MAHMUD BADARUDDIN (U),SUMATERA SELATAN,2000,866000,SINAR MAS,KING PAPER SOURCE TRADING (SHANGHAI) CO LTD,CHINA (MAINLAND),ZHENJIANG,CHINA (MAINLAND)
2023,470329,SINAR MAS,OKI,SULTAN MAHMUD BADARUDDIN (U),SUMATERA SELATAN,1000,469962,SINAR MAS,KING PAPER SOURCE TRADING (SHANGHAI) CO LTD,CHINA (MAINLAND),ZHENJIANG,CHINA (MAINLAND)
2023,470329,SINAR MAS,INDAH KIAT,PERAWANG,RIAU,6300,2637180,HANKUK,HANKUK PAPER MFG CO LTD,SOUTH KOREA,ULSAN,SOUTH KOREA
2023,470329,SINAR MAS,INDAH KIAT,PERAWANG,RIAU,500,248092,CREATIVE,CREATIVE PAPER MILLS LTD,BANGLADESH,CHATTOGRAM,BANGLADESH
2023,470200,ROYAL GOLDEN EAGLE,APRIL,BUATAN,RIAU,202,118914,ROYAL GOLDEN EAGLE,APRIL FAR EAST MALAYSIA SDN BHD,MALAYSIA,JIUJIANG,CHINA (MAINLAND)
2023,470329,ROYAL GOLDEN EAGLE,APRIL,FUTONG,RIAU,1515,608750,ROYAL GOLDEN EAGLE,APRIL INTERNATIONAL ENTEPRISE PTE LTD,SINGAPORE,CHATTOGRAM,BANGLADESH
2023,470200,ROYAL GOLDEN EAGLE,APRIL,BUATAN,RIAU,788,463233,ROYAL GOLDEN EAGLE,APRIL FAR EAST MALAYSIA SDN BHD,MALAYSIA,FUZHOU,CHINA (MAINLAND)
2023,470329,SINAR MAS,OKI,SULTAN MAHMUD BADARUDDIN (U),SUMATERA SELATAN,7000,3241000,SINAR MAS,KING PAPER SOURCE TRADING (SHANGHAI) CO LTD,CHINA (MAINLAND),ZHENJIANG,CHINA (MAINLAND)
2023,470329,ROYAL GOLDEN EAGLE,APRIL,BUATAN,RIAU,202,81067,ROYAL GOLDEN EAGLE,APRIL INTERNATIONAL ENTEPRISE PTE LTD,SINGAPORE,MUNDRA,INDIA
2023,470329,ROYAL GOLDEN EAGLE,APRIL,BUATAN,RIAU,505,202842,ROYAL GOLDEN EAGLE,APRIL INTERNATIONAL ENTEPRISE PTE LTD,SINGAPORE,HAIPHONG,VIETNAM
2023,470200,ROYAL GOLDEN EAGLE,APRIL,BUATAN,RIAU,525,308890,ROYAL GOLDEN EAGLE,APRIL FAR EAST MALAYSIA SDN BHD,MALAYSIA,JIUJIANG,CHINA (MAINLAND)
2023,470329,SINAR MAS,OKI,SULTAN MAHMUD BADARUDDIN (U),SUMATERA SELATAN,4900,2266250,SINAR MAS,KING PAPER SOURCE TRADING (SHANGHAI) CO LTD,CHINA (MAINLAND),CHANGSHU,CHINA (MAINLAND)
2023,470329,SINAR MAS,OKI,SULTAN MAHMUD BADARUDDIN (U),SUMATERA SELATAN,5000,2312500,SINAR MAS,JIANGSU BOHUI PAPER INDUSTRY CO LTD.,CHINA (MAINLAND),CHANGSHU,CHINA (MAINLAND)
2023,470329,ROYAL GOLDEN EAGLE,APRIL,BUATAN,RIAU,242,97287,ROYAL GOLDEN EAGLE,APRIL INTERNATIONAL ENTEPRISE PTE LTD,SINGAPORE,SANAND,INDIA
2023,470329,ROYAL GOLDEN EAGLE,APRIL,BUATAN,RIAU,505,203256,ROYAL GOLDEN EAGLE,APRIL FINE PAPER TRADING MIDDLE EAST,UNITED ARAB EMIRATES,EL ISKANDARIYA (= ALEXAND,EGYPT
2023,470329,SINAR MAS,OKI,SULTAN MAHMUD BADARUDDIN (U),SUMATERA SELATAN,3000,1302450,UNKNOWN AFFILIATION,MSS PULP CO LTD,SOUTH KOREA,GUNSAN (ES KUNSAN),SOUTH KOREA
2023,470329,ROYAL GOLDEN EAGLE,APRIL,BUATAN,RIAU,202,81322,ROYAL GOLDEN EAGLE,APRIL INTERNATIONAL ENTEPRISE PTE LTD,SINGAPORE,KATHUWAS ICD/ALWAR,INDIA
2023,470329,SINAR MAS,OKI,SULTAN MAHMUD BADARUDDIN (U),SUMATERA SELATAN,1000,434150,HONG WON,HONG WON PAPER MFG CO LTD,SOUTH KOREA,PYONGTAEK,SOUTH KOREA
2023,470329,ROYAL GOLDEN EAGLE,APRIL,BUATAN,RIAU,282,113615,ROYAL GOLDEN EAGLE,APRIL INTERNATIONAL ENTEPRISE PTE LTD,SINGAPORE,KATHUWAS ICD/ALWAR,INDIA
2023,470200,ROYAL GOLDEN EAGLE,APRIL,FUTONG,RIAU,505,296522,ROYAL GOLDEN EAGLE,APRIL FAR EAST MALAYSIA SDN BHD,MALAYSIA,FUZHOU,CHINA (MAINLAND)
2023,470200,ROYAL GOLDEN EAGLE,APRIL,FUTONG,RIAU,4040,2379424,ROYAL GOLDEN EAGLE,APRIL FAR EAST MALAYSIA SDN BHD,MALAYSIA,JIUJIANG,CHINA (MAINLAND)
2023,470329,SINAR MAS,OKI,SULTAN MAHMUD BADARUDDIN (U),SUMATERA SELATAN,1000,434150,HONG WON,HONG WON PAPER MFG CO LTD,SOUTH KOREA,PYONGTAEK,SOUTH KOREA
2023,470200,ROYAL GOLDEN EAGLE,APRIL,FUTONG,RIAU,3031,1786892,ROYAL GOLDEN EAGLE,APRIL FAR EAST MALAYSIA SDN BHD,MALAYSIA,JIUJIANG,CHINA (MAINLAND)
2023,470200,ROYAL GOLDEN EAGLE,APRIL,BUATAN,RIAU,1009,593159,ROYAL GOLDEN EAGLE,APRIL FAR EAST MALAYSIA SDN BHD,MALAYSIA,FUZHOU,CHINA (MAINLAND)
2023,470329,SINAR MAS,OKI,SULTAN MAHMUD BADARUDDIN (U),SUMATERA SELATAN,5000,2170750,HANSOL,HANSOL PAPER CO LTD,SOUTH KOREA,PYONGTAEK,SOUTH KOREA
2023,470329,SINAR MAS,INDAH KIAT,PERAWANG,RIAU,400,181691,BATAAN,BATAAN 2020 INC,PHILIPPINES,MANILA NORTH HARBOUR,PHILIPPINES
2023,470329,ROYAL GOLDEN EAGLE,APRIL,BUATAN,RIAU,505,203135,ROYAL GOLDEN EAGLE,APRIL FINE PAPER TRADING MIDDLE EAST,UNITED ARAB EMIRATES,EL ISKANDARIYA (= ALEXAND,EGYPT
2023,470200,ROYAL GOLDEN EAGLE,APRIL,FUTONG,RIAU,404,237218,ROYAL GOLDEN EAGLE,APRIL FAR EAST MALAYSIA SDN BHD,MALAYSIA,FUZHOU,CHINA (MAINLAND)
2023,470200,ROYAL GOLDEN EAGLE,APRIL,BUATAN,RIAU,505,297022,ROYAL GOLDEN EAGLE,APRIL FAR EAST MALAYSIA SDN BHD,MALAYSIA,LIANYUNGANG,CHINA (MAINLAND)
2023,470200,ROYAL GOLDEN EAGLE,APRIL,FUTONG,RIAU,101,59408,ROYAL GOLDEN EAGLE,APRIL FAR EAST MALAYSIA SDN BHD,MALAYSIA,FUZHOU,CHINA (MAINLAND)
2023,470329,SINAR MAS,OKI,SULTAN MAHMUD BADARUDDIN (U),SUMATERA SELATAN,1000,434150,HONG WON,HONG WON PAPER MFG CO LTD,SOUTH KOREA,PYONGTAEK,SOUTH KOREA
2023,470200,ROYAL GOLDEN EAGLE,APRIL,FUTONG,RIAU,2021,1198436,ROYAL GOLDEN EAGLE,APRIL FAR EAST MALAYSIA SDN BHD,MALAYSIA,JIUJIANG,CHINA (MAINLAND)
2023,470200,ROYAL GOLDEN EAGLE,APRIL,FUTONG,RIAU,505,297944,ROYAL GOLDEN EAGLE,APRIL FAR EAST MALAYSIA SDN BHD,MALAYSIA,JIUJIANG,CHINA (MAINLAND)
2023,470200,ROYAL GOLDEN EAGLE,APRIL,BUATAN,RIAU,505,296705,ROYAL GOLDEN EAGLE,APRIL FAR EAST MALAYSIA SDN BHD,MALAYSIA,JIUJIANG,CHINA (MAINLAND)
2023,470329,SINAR MAS,OKI,SULTAN MAHMUD BADARUDDIN (U),SUMATERA SELATAN,2000,921000,SINAR MAS,KING PAPER SOURCE TRADING (SHANGHAI) CO LTD,CHINA (MAINLAND),DALIAN,CHINA (MAINLAND)
2023,470329,SINAR MAS,INDAH KIAT,PERAWANG,RIAU,500,229500,SINAR MAS,KING PAPER SOURCE TRADING (SHANGHAI) CO LTD,CHINA (MAINLAND),QINZHOU,CHINA (MAINLAND)
2023,470329,SINAR MAS,OKI,SULTAN MAHMUD BADARUDDIN (U),SUMATERA SELATAN,1000,422753,UNKNOWN AFFILIATION,CHONGQING BAIJUN SUPPLY CHAIN SERVICE CO LTD,CHINA (MAINLAND),TIANJIN,CHINA (MAINLAND)
2023,470329,SINAR MAS,OKI,SULTAN MAHMUD BADARUDDIN (U),SUMATERA SELATAN,1000,422753,UNKNOWN AFFILIATION,CHONGQING BAIJUN SUPPLY CHAIN SERVICE CO LTD,CHINA (MAINLAND),TIANJIN,CHINA (MAINLAND)
2023,470329,SINAR MAS,OKI,SULTAN MAHMUD BADARUDDIN (U),SUMATERA SELATAN,500,211376,UNKNOWN AFFILIATION,CHONGQING BAIJUN SUPPLY CHAIN SERVICE CO LTD,CHINA (MAINLAND),TIANJIN,CHINA (MAINLAND)
2023,470200,ROYAL GOLDEN EAGLE,APRIL,FUTONG,RIAU,505,299844,ROYAL GOLDEN EAGLE,APRIL FAR EAST MALAYSIA SDN BHD,MALAYSIA,JIUJIANG,CHINA (MAINLAND)
2023,470200,ROYAL GOLDEN EAGLE,APRIL,FUTONG,RIAU,505,299195,ROYAL GOLDEN EAGLE,APRIL FAR EAST MALAYSIA SDN BHD,MALAYSIA,LIANYUNGANG,CHINA (MAINLAND)
2023,470200,ROYAL GOLDEN EAGLE,APRIL,FUTONG,RIAU,505,296243,ROYAL GOLDEN EAGLE,APRIL FAR EAST MALAYSIA SDN BHD,MALAYSIA,LIANYUNGANG,CHINA (MAINLAND)
2023,470329,SINAR MAS,INDAH KIAT,PERAWANG,RIAU,500,229500,SINAR MAS,KING PAPER SOURCE TRADING (SHANGHAI) CO LTD,CHINA (MAINLAND),QINZHOU,CHINA (MAINLAND)
2023,470329,SINAR MAS,INDAH KIAT,PERAWANG,RIAU,500,214500,SINAR MAS,KING PAPER SOURCE TRADING (SHANGHAI) CO LTD,CHINA (MAINLAND),YANGPU,CHINA (MAINLAND)
2023,470329,SINAR MAS,INDAH KIAT,PERAWANG,RIAU,500,229500,SINAR MAS,KING PAPER SOURCE TRADING (SHANGHAI) CO LTD,CHINA (MAINLAND),QINZHOU,CHINA (MAINLAND)
2023,470329,SINAR MAS,OKI,SULTAN MAHMUD BADARUDDIN (U),SUMATERA SELATAN,2000,845506,UNKNOWN AFFILIATION,CHONGQING BAIJUN SUPPLY CHAIN SERVICE CO LTD,CHINA (MAINLAND),TIANJIN,CHINA (MAINLAND)
2023,470329,SINAR MAS,OKI,SULTAN MAHMUD BADARUDDIN (U),SUMATERA SELATAN,200,84551,UNKNOWN AFFILIATION,CHONGQING BAIJUN SUPPLY CHAIN SERVICE CO LTD,CHINA (MAINLAND),TIANJIN,CHINA (MAINLAND)
2023,470329,SINAR MAS,INDAH KIAT,PERAWANG,RIAU,500,214500,SINAR MAS,KING PAPER SOURCE TRADING (SHANGHAI) CO LTD,CHINA (MAINLAND),YANGPU,CHINA (MAINLAND)
2023,470329,SINAR MAS,INDAH KIAT,PERAWANG,RIAU,500,214500,SINAR MAS,KING PAPER SOURCE TRADING (SHANGHAI) CO LTD,CHINA (MAINLAND),YANGPU,CHINA (MAINLAND)
2023,470329,SINAR MAS,INDAH KIAT,PERAWANG,RIAU,250,114750,SINAR MAS,JIANGSU BOHUI PAPER INDUSTRY CO LTD.,CHINA (MAINLAND),CHANGSHU,CHINA (MAINLAND)
2023,470329,SINAR MAS,OKI,SULTAN MAHMUD BADARUDDIN (U),SUMATERA SELATAN,500,211376,UNKNOWN AFFILIATION,CHONGQING BAIJUN SUPPLY CHAIN SERVICE CO LTD,CHINA (MAINLAND),TIANJIN,CHINA (MAINLAND)
2023,470329,SINAR MAS,OKI,SULTAN MAHMUD BADARUDDIN (U),SUMATERA SELATAN,500,211376,UNKNOWN AFFILIATION,CHONGQING BAIJUN SUPPLY CHAIN SERVICE CO LTD,CHINA (MAINLAND),TIANJIN,CHINA (MAINLAND)
2023,470329,SINAR MAS,INDAH KIAT,PERAWANG,RIAU,500,229500,SINAR MAS,KING PAPER SOURCE TRADING (SHANGHAI) CO LTD,CHINA (MAINLAND),QINZHOU,CHINA (MAINLAND)
2023,470329,SINAR MAS,INDAH KIAT,PERAWANG,RIAU,500,229500,SINAR MAS,KING PAPER SOURCE TRADING (SHANGHAI) CO LTD,CHINA (MAINLAND),QINZHOU,CHINA (MAINLAND)
2023,470329,SINAR MAS,INDAH KIAT,PERAWANG,RIAU,500,229500,SINAR MAS,KING PAPER SOURCE TRADING (SHANGHAI) CO LTD,CHINA (MAINLAND),QINZHOU,CHINA (MAINLAND)
2023,470329,SINAR MAS,OKI,SULTAN MAHMUD BADARUDDIN (U),SUMATERA SELATAN,1000,422753,UNKNOWN AFFILIATION,CHONGQING BAIJUN SUPPLY CHAIN SERVICE CO LTD,CHINA (MAINLAND),TIANJIN,CHINA (MAINLAND)
2023,470329,SINAR MAS,OKI,SULTAN MAHMUD BADARUDDIN (U),SUMATERA SELATAN,500,211376,UNKNOWN AFFILIATION,CHONGQING BAIJUN SUPPLY CHAIN SERVICE CO LTD,CHINA (MAINLAND),TIANJIN,CHINA (MAINLAND)
2023,470329,SINAR MAS,LONTAR PAPYRUS,KUALA TUNGKAL,JAMBI,502,218053,UNKNOWN AFFILIATION,2LC CO LTD,VIETNAM,HAIPHONG,VIETNAM
2023,470329,SINAR MAS,INDAH KIAT,PERAWANG,RIAU,500,229500,SINAR MAS,KING PAPER SOURCE TRADING (SHANGHAI) CO LTD,CHINA (MAINLAND),QINZHOU,CHINA (MAINLAND)
2023,470329,SINAR MAS,INDAH KIAT,PERAWANG,RIAU,500,214500,SINAR MAS,KING PAPER SOURCE TRADING (SHANGHAI) CO LTD,CHINA (MAINLAND),YANGPU,CHINA (MAINLAND)
2023,470200,ROYAL GOLDEN EAGLE,APRIL,FUTONG,RIAU,1616,952959,ROYAL GOLDEN EAGLE,APRIL FAR EAST MALAYSIA SDN BHD,MALAYSIA,CHANGSHU,CHINA (MAINLAND)
2023,470200,ROYAL GOLDEN EAGLE,APRIL,FUTONG,RIAU,505,298777,ROYAL GOLDEN EAGLE,APRIL FAR EAST MALAYSIA SDN BHD,MALAYSIA,JIUJIANG,CHINA (MAINLAND)
2023,470200,ROYAL GOLDEN EAGLE,APRIL,FUTONG,RIAU,505,297652,ROYAL GOLDEN EAGLE,APRIL FAR EAST MALAYSIA SDN BHD,MALAYSIA,JIUJIANG,CHINA (MAINLAND)
2023,470200,ROYAL GOLDEN EAGLE,APRIL,FUTONG,RIAU,505,295332,ROYAL GOLDEN EAGLE,APRIL FAR EAST MALAYSIA SDN BHD,MALAYSIA,LIANYUNGANG,CHINA (MAINLAND)
2023,470200,ROYAL GOLDEN EAGLE,APRIL,FUTONG,RIAU,4949,2917487,ROYAL GOLDEN EAGLE,APRIL FAR EAST MALAYSIA SDN BHD,MALAYSIA,LIANYUNGANG,CHINA (MAINLAND)
2023,470329,SINAR MAS,INDAH KIAT,PERAWANG,RIAU,500,229500,SINAR MAS,KING PAPER SOURCE TRADING (SHANGHAI) CO LTD,CHINA (MAINLAND),QINZHOU,CHINA (MAINLAND)
2023,470329,SINAR MAS,OKI,SULTAN MAHMUD BADARUDDIN (U),SUMATERA SELATAN,1000,422753,UNKNOWN AFFILIATION,CHONGQING BAIJUN SUPPLY CHAIN SERVICE CO LTD,CHINA (MAINLAND),TIANJIN,CHINA (MAINLAND)
2023,470329,SINAR MAS,OKI,SULTAN MAHMUD BADARUDDIN (U),SUMATERA SELATAN,500,211376,UNKNOWN AFFILIATION,CHONGQING BAIJUN SUPPLY CHAIN SERVICE CO LTD,CHINA (MAINLAND),TIANJIN,CHINA (MAINLAND)
2023,470329,SINAR MAS,INDAH KIAT,PERAWANG,RIAU,500,229500,SINAR MAS,KING PAPER SOURCE TRADING (SHANGHAI) CO LTD,CHINA (MAINLAND),QINZHOU,CHINA (MAINLAND)
2023,470329,SINAR MAS,INDAH KIAT,PERAWANG,RIAU,500,229500,SINAR MAS,KING PAPER SOURCE TRADING (SHANGHAI) CO LTD,CHINA (MAINLAND),QINZHOU,CHINA (MAINLAND)
2023,470329,SINAR MAS,OKI,SULTAN MAHMUD BADARUDDIN (U),SUMATERA SELATAN,1000,422753,UNKNOWN AFFILIATION,CHONGQING BAIJUN SUPPLY CHAIN SERVICE CO LTD,CHINA (MAINLAND),TIANJIN,CHINA (MAINLAND)
2023,470329,SINAR MAS,OKI,SULTAN MAHMUD BADARUDDIN (U),SUMATERA SELATAN,800,338202,UNKNOWN AFFILIATION,CHONGQING BAIJUN SUPPLY CHAIN SERVICE CO LTD,CHINA (MAINLAND),TIANJIN,CHINA (MAINLAND)
2023,470200,ROYAL GOLDEN EAGLE,APRIL,FUTONG,RIAU,505,297154,ROYAL GOLDEN EAGLE,APRIL FAR EAST MALAYSIA SDN BHD,MALAYSIA,LIANYUNGANG,CHINA (MAINLAND)
2023,470329,SINAR MAS,OKI,SULTAN MAHMUD BADARUDDIN (U),SUMATERA SELATAN,1000,460500,SINAR MAS,KING PAPER SOURCE TRADING (SHANGHAI) CO LTD,CHINA (MAINLAND),DALIAN,CHINA (MAINLAND)
2023,470329,SINAR MAS,INDAH KIAT,PERAWANG,RIAU,500,229500,SINAR MAS,KING PAPER SOURCE TRADING (SHANGHAI) CO LTD,CHINA (MAINLAND),QINZHOU,CHINA (MAINLAND)
2023,470329,SINAR MAS,INDAH KIAT,PERAWANG,RIAU,500,229500,SINAR MAS,KING PAPER SOURCE TRADING (SHANGHAI) CO LTD,CHINA (MAINLAND),QINZHOU,CHINA (MAINLAND)
2023,470329,SINAR MAS,INDAH KIAT,PERAWANG,RIAU,500,248092,CREATIVE,CREATIVE PAPER MILLS LTD,BANGLADESH,CHATTOGRAM,BANGLADESH
2023,470329,ROYAL GOLDEN EAGLE,APRIL,BUATAN,RIAU,505,203202,ROYAL GOLDEN EAGLE,APRIL INTERNATIONAL ENTEPRISE PTE LTD,SINGAPORE,HAIPHONG,VIETNAM
2023,470329,SINAR MAS,INDAH KIAT,PERAWANG,RIAU,500,229500,SINAR MAS,JIANGSU BOHUI PAPER INDUSTRY CO LTD.,CHINA (MAINLAND),CHANGSHU,CHINA (MAINLAND)
2023,470329,SINAR MAS,INDAH KIAT,PERAWANG,RIAU,500,229500,SINAR MAS,JIANGSU BOHUI PAPER INDUSTRY CO LTD.,CHINA (MAINLAND),CHANGSHU,CHINA (MAINLAND)
2023,470329,ROYAL GOLDEN EAGLE,APRIL,BUATAN,RIAU,202,81114,ROYAL GOLDEN EAGLE,APRIL INTERNATIONAL ENTEPRISE PTE LTD,SINGAPORE,CHATTOGRAM,BANGLADESH
2023,470329,SINAR MAS,INDAH KIAT,PERAWANG,RIAU,500,229500,SINAR MAS,JIANGSU BOHUI PAPER INDUSTRY CO LTD.,CHINA (MAINLAND),CHANGSHU,CHINA (MAINLAND)
2023,470329,SINAR MAS,INDAH KIAT,PERAWANG,RIAU,500,229500,SINAR MAS,JIANGSU BOHUI PAPER INDUSTRY CO LTD.,CHINA (MAINLAND),CHANGSHU,CHINA (MAINLAND)
2023,470329,SINAR MAS,INDAH KIAT,PERAWANG,RIAU,500,229500,SINAR MAS,JIANGSU BOHUI PAPER INDUSTRY CO LTD.,CHINA (MAINLAND),CHANGSHU,CHINA (MAINLAND)
2023,470329,SINAR MAS,INDAH KIAT,PERAWANG,RIAU,500,229500,SINAR MAS,JIANGSU BOHUI PAPER INDUSTRY CO LTD.,CHINA (MAINLAND),CHANGSHU,CHINA (MAINLAND)
2023,470329,SINAR MAS,INDAH KIAT,PERAWANG,RIAU,500,229500,SINAR MAS,JIANGSU BOHUI PAPER INDUSTRY CO LTD.,CHINA (MAINLAND),CHANGSHU,CHINA (MAINLAND)
2023,470329,SINAR MAS,INDAH KIAT,PERAWANG,RIAU,500,229500,SINAR MAS,JIANGSU BOHUI PAPER INDUSTRY CO LTD.,CHINA (MAINLAND),CHANGSHU,CHINA (MAINLAND)
2023,470329,SINAR MAS,INDAH KIAT,PERAWANG,RIAU,500,229500,SINAR MAS,JIANGSU BOHUI PAPER INDUSTRY CO LTD.,CHINA (MAINLAND),CHANGSHU,CHINA (MAINLAND)
2023,470329,SINAR MAS,INDAH KIAT,PERAWANG,RIAU,500,229500,SINAR MAS,JIANGSU BOHUI PAPER INDUSTRY CO LTD.,CHINA (MAINLAND),CHANGSHU,CHINA (MAINLAND)
2023,470329,ROYAL GOLDEN EAGLE,APRIL,BUATAN,RIAU,202,81242,ROYAL GOLDEN EAGLE,APRIL INTERNATIONAL ENTEPRISE PTE LTD,SINGAPORE,CHATTOGRAM,BANGLADESH
2023,470200,ROYAL GOLDEN EAGLE,APRIL,FUTONG,RIAU,10907,6308670,ROYAL GOLDEN EAGLE,APRIL FAR EAST MALAYSIA SDN BHD,MALAYSIA,LIANYUNGANG,CHINA (MAINLAND)
2023,470200,ROYAL GOLDEN EAGLE,APRIL,FUTONG,RIAU,2492,1399482,ROYAL GOLDEN EAGLE,APRIL FAR EAST MALAYSIA SDN BHD,MALAYSIA,XIUYING,CHINA (MAINLAND)
2023,470200,ROYAL GOLDEN EAGLE,APRIL,FUTONG,RIAU,4039,2367009,ROYAL GOLDEN EAGLE,APRIL FAR EAST MALAYSIA SDN BHD,MALAYSIA,LIANYUNGANG,CHINA (MAINLAND)
2023,470329,SINAR MAS,INDAH KIAT,PERAWANG,RIAU,400,183600,SINAR MAS,JIANGSU BOHUI PAPER INDUSTRY CO LTD.,CHINA (MAINLAND),CHANGSHU,CHINA (MAINLAND)
2023,470329,SINAR MAS,INDAH KIAT,PERAWANG,RIAU,500,229500,SINAR MAS,JIANGSU BOHUI PAPER INDUSTRY CO LTD.,CHINA (MAINLAND),CHANGSHU,CHINA (MAINLAND)
2023,470200,ROYAL GOLDEN EAGLE,APRIL,FUTONG,RIAU,7555,4394490,ROYAL GOLDEN EAGLE,APRIL FAR EAST MALAYSIA SDN BHD,MALAYSIA,CHANGSHU,CHINA (MAINLAND)
2023,470200,ROYAL GOLDEN EAGLE,APRIL,FUTONG,RIAU,3030,1787042,ROYAL GOLDEN EAGLE,APRIL FAR EAST MALAYSIA SDN BHD,MALAYSIA,XIUYING,CHINA (MAINLAND)
2023,470329,SINAR MAS,INDAH KIAT,PERAWANG,RIAU,500,229500,SINAR MAS,JIANGSU BOHUI PAPER INDUSTRY CO LTD.,CHINA (MAINLAND),CHANGSHU,CHINA (MAINLAND)
2023,470200,ROYAL GOLDEN EAGLE,APRIL,FUTONG,RIAU,4745,2761997,ROYAL GOLDEN EAGLE,APRIL FAR EAST MALAYSIA SDN BHD,MALAYSIA,CHANGSHU,CHINA (MAINLAND)
2023,470200,ROYAL GOLDEN EAGLE,APRIL,FUTONG,RIAU,4077,2290395,ROYAL GOLDEN EAGLE,APRIL FAR EAST MALAYSIA SDN BHD,MALAYSIA,LIANYUNGANG,CHINA (MAINLAND)
2023,470329,MARUBENI,TANJUNG ENIM LESTARI,PANJANG,SUMATERA SELATAN,216,107396,MARUBENI,MARUBENI CORP,JAPAN,ICD MIHAN,INDIA
2023,470329,MARUBENI,TANJUNG ENIM LESTARI,PANJANG,SUMATERA SELATAN,108,53445,MARUBENI,MARUBENI CORP,JAPAN,SONIPAT,INDIA
2023,470329,ROYAL GOLDEN EAGLE,APRIL,BUATAN,RIAU,301,121303,ROYAL GOLDEN EAGLE,APRIL INTERNATIONAL ENTEPRISE PTE LTD,SINGAPORE,JAWAHARLAL NEHRU (NHAVA S,INDIA
2023,470329,ROYAL GOLDEN EAGLE,APRIL,BUATAN,RIAU,1009,406292,ROYAL GOLDEN EAGLE,APRIL INTERNATIONAL ENTEPRISE PTE LTD,SINGAPORE,HAIPHONG,VIETNAM
2023,470329,ROYAL GOLDEN EAGLE,APRIL,BUATAN,RIAU,242,97538,ROYAL GOLDEN EAGLE,APRIL INTERNATIONAL ENTEPRISE PTE LTD,SINGAPORE,CHATTOGRAM,BANGLADESH
2023,470329,MARUBENI,TANJUNG ENIM LESTARI,PANJANG,SUMATERA SELATAN,304,148906,MARUBENI,MARUBENI CORP,JAPAN,LAT KRABANG,THAILAND
2023,470329,ROYAL GOLDEN EAGLE,APRIL,BUATAN,RIAU,81,32449,ROYAL GOLDEN EAGLE,APRIL INTERNATIONAL ENTEPRISE PTE LTD,SINGAPORE,ICD MIHAN,INDIA
2023,470329,SINAR MAS,INDAH KIAT,PERAWANG,RIAU,500,208744,UNKNOWN AFFILIATION,NIBONG TEBAL PAPER MILL SDN BHD,MALAYSIA,PENANG (GEORGETOWN),MALAYSIA
2023,470200,ROYAL GOLDEN EAGLE,APRIL,BUATAN,RIAU,505,296889,ROYAL GOLDEN EAGLE,APRIL FAR EAST MALAYSIA SDN BHD,MALAYSIA,FUZHOU,CHINA (MAINLAND)
2023,470200,ROYAL GOLDEN EAGLE,APRIL,FUTONG,RIAU,3434,2024651,ROYAL GOLDEN EAGLE,APRIL FAR EAST MALAYSIA SDN BHD,MALAYSIA,LIANYUNGANG,CHINA (MAINLAND)
2023,470200,ROYAL GOLDEN EAGLE,APRIL,FUTONG,RIAU,2222,1310856,ROYAL GOLDEN EAGLE,APRIL FAR EAST MALAYSIA SDN BHD,MALAYSIA,LIANYUNGANG,CHINA (MAINLAND)
2023,470200,ROYAL GOLDEN EAGLE,APRIL,FUTONG,RIAU,525,312695,ROYAL GOLDEN EAGLE,APRIL FAR EAST MALAYSIA SDN BHD,MALAYSIA,CHANGSHU,CHINA (MAINLAND)
2023,470329,ROYAL GOLDEN EAGLE,APRIL,BUATAN,RIAU,383,154027,ROYAL GOLDEN EAGLE,APRIL INTERNATIONAL ENTEPRISE PTE LTD,SINGAPORE,JAWAHARLAL NEHRU (NHAVA S,INDIA
2023,470329,SINAR MAS,OKI,SULTAN MAHMUD BADARUDDIN (U),SUMATERA SELATAN,500,231000,SINAR MAS,KING PAPER SOURCE TRADING (SHANGHAI) CO LTD,CHINA (MAINLAND),NINGBO,CHINA (MAINLAND)
2023,470200,ROYAL GOLDEN EAGLE,APRIL,BUATAN,RIAU,505,296699,ROYAL GOLDEN EAGLE,APRIL FAR EAST MALAYSIA SDN BHD,MALAYSIA,FUZHOU,CHINA (MAINLAND)
2023,470200,ROYAL GOLDEN EAGLE,APRIL,FUTONG,RIAU,5453,3216054,ROYAL GOLDEN EAGLE,APRIL FAR EAST MALAYSIA SDN BHD,MALAYSIA,CHANGSHU,CHINA (MAINLAND)
2023,470329,SINAR MAS,OKI,SULTAN MAHMUD BADARUDDIN (U),SUMATERA SELATAN,500,231000,SINAR MAS,KING PAPER SOURCE TRADING (SHANGHAI) CO LTD,CHINA (MAINLAND),NINGBO,CHINA (MAINLAND)
2023,470329,SINAR MAS,OKI,SULTAN MAHMUD BADARUDDIN (U),SUMATERA SELATAN,500,231000,SINAR MAS,KING PAPER SOURCE TRADING (SHANGHAI) CO LTD,CHINA (MAINLAND),NINGBO,CHINA (MAINLAND)
2023,470329,SINAR MAS,OKI,SULTAN MAHMUD BADARUDDIN (U),SUMATERA SELATAN,500,231000,SINAR MAS,KING PAPER SOURCE TRADING (SHANGHAI) CO LTD,CHINA (MAINLAND),NINGBO,CHINA (MAINLAND)
2023,470329,SINAR MAS,OKI,SULTAN MAHMUD BADARUDDIN (U),SUMATERA SELATAN,500,231000,SINAR MAS,KING PAPER SOURCE TRADING (SHANGHAI) CO LTD,CHINA (MAINLAND),NINGBO,CHINA (MAINLAND)
2023,470329,SINAR MAS,OKI,SULTAN MAHMUD BADARUDDIN (U),SUMATERA SELATAN,500,231000,SINAR MAS,KING PAPER SOURCE TRADING (SHANGHAI) CO LTD,CHINA (MAINLAND),NINGBO,CHINA (MAINLAND)
2023,470329,SINAR MAS,OKI,SULTAN MAHMUD BADARUDDIN (U),SUMATERA SELATAN,500,231000,SINAR MAS,KING PAPER SOURCE TRADING (SHANGHAI) CO LTD,CHINA (MAINLAND),NINGBO,CHINA (MAINLAND)
2023,470329,SINAR MAS,OKI,SULTAN MAHMUD BADARUDDIN (U),SUMATERA SELATAN,500,231000,SINAR MAS,KING PAPER SOURCE TRADING (SHANGHAI) CO LTD,CHINA (MAINLAND),NINGBO,CHINA (MAINLAND)
2023,470329,SINAR MAS,OKI,SULTAN MAHMUD BADARUDDIN (U),SUMATERA SELATAN,500,231000,SINAR MAS,KING PAPER SOURCE TRADING (SHANGHAI) CO LTD,CHINA (MAINLAND),NINGBO,CHINA (MAINLAND)
2023,470329,SINAR MAS,OKI,SULTAN MAHMUD BADARUDDIN (U),SUMATERA SELATAN,300,138600,SINAR MAS,KING PAPER SOURCE TRADING (SHANGHAI) CO LTD,CHINA (MAINLAND),NINGBO,CHINA (MAINLAND)
2023,470329,SINAR MAS,OKI,SULTAN MAHMUD BADARUDDIN (U),SUMATERA SELATAN,500,231000,SINAR MAS,KING PAPER SOURCE TRADING (SHANGHAI) CO LTD,CHINA (MAINLAND),NINGBO,CHINA (MAINLAND)
2023,470329,SINAR MAS,OKI,SULTAN MAHMUD BADARUDDIN (U),SUMATERA SELATAN,500,231000,SINAR MAS,KING PAPER SOURCE TRADING (SHANGHAI) CO LTD,CHINA (MAINLAND),NINGBO,CHINA (MAINLAND)
2023,470329,SINAR MAS,OKI,SULTAN MAHMUD BADARUDDIN (U),SUMATERA SELATAN,500,231000,SINAR MAS,KING PAPER SOURCE TRADING (SHANGHAI) CO LTD,CHINA (MAINLAND),NINGBO,CHINA (MAINLAND)
2023,470329,ROYAL GOLDEN EAGLE,APRIL,FUTONG,RIAU,8080,3246020,ROYAL GOLDEN EAGLE,APRIL INTERNATIONAL ENTEPRISE PTE LTD,SINGAPORE,HALDIA,INDIA
2023,470329,SINAR MAS,OKI,SULTAN MAHMUD BADARUDDIN (U),SUMATERA SELATAN,500,231000,SINAR MAS,KING PAPER SOURCE TRADING (SHANGHAI) CO LTD,CHINA (MAINLAND),NINGBO,CHINA (MAINLAND)
2023,470329,SINAR MAS,OKI,SULTAN MAHMUD BADARUDDIN (U),SUMATERA SELATAN,200,92400,SINAR MAS,KING PAPER SOURCE TRADING (SHANGHAI) CO LTD,CHINA (MAINLAND),NINGBO,CHINA (MAINLAND)
2023,470329,SINAR MAS,OKI,SULTAN MAHMUD BADARUDDIN (U),SUMATERA SELATAN,500,231000,SINAR MAS,KING PAPER SOURCE TRADING (SHANGHAI) CO LTD,CHINA (MAINLAND),NINGBO,CHINA (MAINLAND)
2023,470329,SINAR MAS,OKI,SULTAN MAHMUD BADARUDDIN (U),SUMATERA SELATAN,500,231000,SINAR MAS,KING PAPER SOURCE TRADING (SHANGHAI) CO LTD,CHINA (MAINLAND),NINGBO,CHINA (MAINLAND)
2023,470329,SINAR MAS,OKI,SULTAN MAHMUD BADARUDDIN (U),SUMATERA SELATAN,500,231000,SINAR MAS,KING PAPER SOURCE TRADING (SHANGHAI) CO LTD,CHINA (MAINLAND),NINGBO,CHINA (MAINLAND)
2023,470329,SINAR MAS,OKI,SULTAN MAHMUD BADARUDDIN (U),SUMATERA SELATAN,500,231000,SINAR MAS,KING PAPER SOURCE TRADING (SHANGHAI) CO LTD,CHINA (MAINLAND),NINGBO,CHINA (MAINLAND)
2023,470329,SINAR MAS,OKI,SULTAN MAHMUD BADARUDDIN (U),SUMATERA SELATAN,500,231000,SINAR MAS,KING PAPER SOURCE TRADING (SHANGHAI) CO LTD,CHINA (MAINLAND),NINGBO,CHINA (MAINLAND)
2023,470329,SINAR MAS,OKI,SULTAN MAHMUD BADARUDDIN (U),SUMATERA SELATAN,500,231000,SINAR MAS,KING PAPER SOURCE TRADING (SHANGHAI) CO LTD,CHINA (MAINLAND),NINGBO,CHINA (MAINLAND)
2023,470329,SINAR MAS,OKI,SULTAN MAHMUD BADARUDDIN (U),SUMATERA SELATAN,500,231000,SINAR MAS,KING PAPER SOURCE TRADING (SHANGHAI) CO LTD,CHINA (MAINLAND),NINGBO,CHINA (MAINLAND)
2023,470329,SINAR MAS,OKI,SULTAN MAHMUD BADARUDDIN (U),SUMATERA SELATAN,500,231000,SINAR MAS,KING PAPER SOURCE TRADING (SHANGHAI) CO LTD,CHINA (MAINLAND),NINGBO,CHINA (MAINLAND)
2023,470329,SINAR MAS,OKI,SULTAN MAHMUD BADARUDDIN (U),SUMATERA SELATAN,500,231000,SINAR MAS,KING PAPER SOURCE TRADING (SHANGHAI) CO LTD,CHINA (MAINLAND),NINGBO,CHINA (MAINLAND)
2023,470329,ROYAL GOLDEN EAGLE,APRIL,BUATAN,RIAU,504,202708,ROYAL GOLDEN EAGLE,APRIL INTERNATIONAL ENTEPRISE PTE LTD,SINGAPORE,CHATTOGRAM,BANGLADESH
2023,470329,ROYAL GOLDEN EAGLE,APRIL,BUATAN,RIAU,262,105469,ROYAL GOLDEN EAGLE,APRIL INTERNATIONAL ENTEPRISE PTE LTD,SINGAPORE,CHATTOGRAM,BANGLADESH
2023,470200,ROYAL GOLDEN EAGLE,APRIL,BUATAN,RIAU,526,309176,ROYAL GOLDEN EAGLE,APRIL FAR EAST MALAYSIA SDN BHD,MALAYSIA,FUZHOU,CHINA (MAINLAND)
2023,470329,ROYAL GOLDEN EAGLE,APRIL,BUATAN,RIAU,121,48697,ROYAL GOLDEN EAGLE,APRIL INTERNATIONAL ENTEPRISE PTE LTD,SINGAPORE,TUTICORIN,INDIA
2023,470329,MARUBENI,TANJUNG ENIM LESTARI,PANJANG,SUMATERA SELATAN,517,258911,MARUBENI,MARUBENI CORP,JAPAN,CHATTOGRAM,BANGLADESH
2023,470200,ROYAL GOLDEN EAGLE,APRIL,BUATAN,RIAU,505,296864,ROYAL GOLDEN EAGLE,APRIL FAR EAST MALAYSIA SDN BHD,MALAYSIA,FUZHOU,CHINA (MAINLAND)
2023,470329,ROYAL GOLDEN EAGLE,APRIL,BUATAN,RIAU,402,162044,ROYAL GOLDEN EAGLE,APRIL INTERNATIONAL ENTEPRISE PTE LTD,SINGAPORE,KATHUWAS ICD/ALWAR,INDIA
2023,470329,MARUBENI,TANJUNG ENIM LESTARI,PANJANG,SUMATERA SELATAN,516,258808,MARUBENI,MARUBENI CORP,JAPAN,CHATTOGRAM,BANGLADESH
2023,470329,SINAR MAS,INDAH KIAT,PERAWANG,RIAU,500,247200,PARTEX STAR,PARTEX PAPER MILLS LTD,BANGLADESH,CHATTOGRAM,BANGLADESH
2023,470329,ROYAL GOLDEN EAGLE,APRIL,BUATAN,RIAU,1011,405796,ROYAL GOLDEN EAGLE,APRIL INTERNATIONAL ENTEPRISE PTE LTD,SINGAPORE,TUTICORIN,INDIA
2023,470329,ROYAL GOLDEN EAGLE,APRIL,BUATAN,RIAU,101,40538,ROYAL GOLDEN EAGLE,APRIL INTERNATIONAL ENTEPRISE PTE LTD,SINGAPORE,SANAND,INDIA
2023,470329,ROYAL GOLDEN EAGLE,APRIL,FUTONG,RIAU,5048,2029194,ROYAL GOLDEN EAGLE,APRIL INTERNATIONAL ENTEPRISE PTE LTD,SINGAPORE,ABU DHABI,NEW ZEALAND
2023,470200,ROYAL GOLDEN EAGLE,APRIL,BUATAN,RIAU,788,464917,ROYAL GOLDEN EAGLE,APRIL FAR EAST MALAYSIA SDN BHD,MALAYSIA,FUZHOU,CHINA (MAINLAND)
2023,470329,ROYAL GOLDEN EAGLE,APRIL,FUTONG,RIAU,5050,2028744,ROYAL GOLDEN EAGLE,APRIL INTERNATIONAL ENTEPRISE PTE LTD,SINGAPORE,ABU DHABI,NEW ZEALAND
2023,470329,MARUBENI,TANJUNG ENIM LESTARI,PANJANG,SUMATERA SELATAN,517,258749,MARUBENI,MARUBENI CORP,JAPAN,QINGDAO,CHINA (MAINLAND)
2023,470200,ROYAL GOLDEN EAGLE,APRIL,BUATAN,RIAU,525,308959,ROYAL GOLDEN EAGLE,APRIL FAR EAST MALAYSIA SDN BHD,MALAYSIA,LIANYUNGANG,CHINA (MAINLAND)
2023,470329,MARUBENI,TANJUNG ENIM LESTARI,PANJANG,SUMATERA SELATAN,518,259466,MARUBENI,MARUBENI CORP,JAPAN,QINGDAO,CHINA (MAINLAND)
2023,470329,MARUBENI,TANJUNG ENIM LESTARI,PANJANG,SUMATERA SELATAN,108,56345,MARUBENI,MARUBENI CORP,JAPAN,CHENNAI (EX MADRAS),INDIA
2023,470329,SINAR MAS,OKI,SULTAN MAHMUD BADARUDDIN (U),SUMATERA SELATAN,500,223750,SINAR MAS,SHANDONG BOHUI PAPER INDUSTRY CO LTD,CHINA (MAINLAND),QINGDAO,CHINA (MAINLAND)
2023,470329,SINAR MAS,OKI,SULTAN MAHMUD BADARUDDIN (U),SUMATERA SELATAN,500,223750,SINAR MAS,SHANDONG BOHUI PAPER INDUSTRY CO LTD,CHINA (MAINLAND),QINGDAO,CHINA (MAINLAND)
2023,470329,SINAR MAS,OKI,SULTAN MAHMUD BADARUDDIN (U),SUMATERA SELATAN,500,207430,SINAR MAS,SHANDONG BOHUI PAPER INDUSTRY CO LTD,CHINA (MAINLAND),QINGDAO,CHINA (MAINLAND)
2023,470329,SINAR MAS,OKI,SULTAN MAHMUD BADARUDDIN (U),SUMATERA SELATAN,500,207430,SINAR MAS,SHANDONG BOHUI PAPER INDUSTRY CO LTD,CHINA (MAINLAND),QINGDAO,CHINA (MAINLAND)
2023,470329,SINAR MAS,OKI,SULTAN MAHMUD BADARUDDIN (U),SUMATERA SELATAN,500,224625,SINAR MAS,KING PAPER SOURCE TRADING (SHANGHAI) CO LTD,CHINA (MAINLAND),SHANGHAI,CHINA (MAINLAND)
2023,470329,ROYAL GOLDEN EAGLE,APRIL,BUATAN,RIAU,482,179473,ROYAL GOLDEN EAGLE,APRIL INTERNATIONAL ENTEPRISE PTE LTD,SINGAPORE,NINGBO,CHINA (MAINLAND)
2023,470329,SINAR MAS,OKI,SULTAN MAHMUD BADARUDDIN (U),SUMATERA SELATAN,500,223750,SINAR MAS,SHANDONG BOHUI PAPER INDUSTRY CO LTD,CHINA (MAINLAND),QINGDAO,CHINA (MAINLAND)
2023,470329,SINAR MAS,OKI,SULTAN MAHMUD BADARUDDIN (U),SUMATERA SELATAN,500,223750,SINAR MAS,SHANDONG BOHUI PAPER INDUSTRY CO LTD,CHINA (MAINLAND),QINGDAO,CHINA (MAINLAND)
2023,470329,SINAR MAS,OKI,SULTAN MAHMUD BADARUDDIN (U),SUMATERA SELATAN,500,223750,SINAR MAS,SHANDONG BOHUI PAPER INDUSTRY CO LTD,CHINA (MAINLAND),QINGDAO,CHINA (MAINLAND)
2023,470329,SINAR MAS,OKI,SULTAN MAHMUD BADARUDDIN (U),SUMATERA SELATAN,500,223750,SINAR MAS,SHANDONG BOHUI PAPER INDUSTRY CO LTD,CHINA (MAINLAND),QINGDAO,CHINA (MAINLAND)
2023,470329,SINAR MAS,OKI,SULTAN MAHMUD BADARUDDIN (U),SUMATERA SELATAN,500,207430,SINAR MAS,SHANDONG BOHUI PAPER INDUSTRY CO LTD,CHINA (MAINLAND),QINGDAO,CHINA (MAINLAND)
2023,470329,SINAR MAS,OKI,SULTAN MAHMUD BADARUDDIN (U),SUMATERA SELATAN,500,207430,SINAR MAS,SHANDONG BOHUI PAPER INDUSTRY CO LTD,CHINA (MAINLAND),QINGDAO,CHINA (MAINLAND)
2023,470329,MARUBENI,TANJUNG ENIM LESTARI,PANJANG,SUMATERA SELATAN,519,259730,MARUBENI,MARUBENI CORP,JAPAN,QINGDAO,CHINA (MAINLAND)
2023,470329,SINAR MAS,OKI,SULTAN MAHMUD BADARUDDIN (U),SUMATERA SELATAN,500,224625,SINAR MAS,KING PAPER SOURCE TRADING (SHANGHAI) CO LTD,CHINA (MAINLAND),SHANGHAI,CHINA (MAINLAND)
2023,470329,SINAR MAS,OKI,SULTAN MAHMUD BADARUDDIN (U),SUMATERA SELATAN,500,224625,SINAR MAS,KING PAPER SOURCE TRADING (SHANGHAI) CO LTD,CHINA (MAINLAND),SHANGHAI,CHINA (MAINLAND)
2023,470329,SINAR MAS,OKI,SULTAN MAHMUD BADARUDDIN (U),SUMATERA SELATAN,500,223750,SINAR MAS,SHANDONG BOHUI PAPER INDUSTRY CO LTD,CHINA (MAINLAND),QINGDAO,CHINA (MAINLAND)
2023,470329,SINAR MAS,OKI,SULTAN MAHMUD BADARUDDIN (U),SUMATERA SELATAN,500,223750,SINAR MAS,SHANDONG BOHUI PAPER INDUSTRY CO LTD,CHINA (MAINLAND),QINGDAO,CHINA (MAINLAND)
2023,470329,SINAR MAS,OKI,SULTAN MAHMUD BADARUDDIN (U),SUMATERA SELATAN,500,223750,SINAR MAS,SHANDONG BOHUI PAPER INDUSTRY CO LTD,CHINA (MAINLAND),QINGDAO,CHINA (MAINLAND)
2023,470329,SINAR MAS,OKI,SULTAN MAHMUD BADARUDDIN (U),SUMATERA SELATAN,500,223750,SINAR MAS,SHANDONG BOHUI PAPER INDUSTRY CO LTD,CHINA (MAINLAND),QINGDAO,CHINA (MAINLAND)
2023,470329,SINAR MAS,OKI,SULTAN MAHMUD BADARUDDIN (U),SUMATERA SELATAN,500,207430,SINAR MAS,SHANDONG BOHUI PAPER INDUSTRY CO LTD,CHINA (MAINLAND),QINGDAO,CHINA (MAINLAND)
2023,470329,SINAR MAS,OKI,SULTAN MAHMUD BADARUDDIN (U),SUMATERA SELATAN,500,224625,SINAR MAS,KING PAPER SOURCE TRADING (SHANGHAI) CO LTD,CHINA (MAINLAND),SHANGHAI,CHINA (MAINLAND)
2023,470329,SINAR MAS,OKI,SULTAN MAHMUD BADARUDDIN (U),SUMATERA SELATAN,500,223750,SINAR MAS,SHANDONG BOHUI PAPER INDUSTRY CO LTD,CHINA (MAINLAND),QINGDAO,CHINA (MAINLAND)
2023,470329,SINAR MAS,OKI,SULTAN MAHMUD BADARUDDIN (U),SUMATERA SELATAN,500,223750,SINAR MAS,SHANDONG BOHUI PAPER INDUSTRY CO LTD,CHINA (MAINLAND),QINGDAO,CHINA (MAINLAND)
2023,470329,SINAR MAS,OKI,SULTAN MAHMUD BADARUDDIN (U),SUMATERA SELATAN,500,223750,SINAR MAS,SHANDONG BOHUI PAPER INDUSTRY CO LTD,CHINA (MAINLAND),QINGDAO,CHINA (MAINLAND)
2023,470329,SINAR MAS,OKI,SULTAN MAHMUD BADARUDDIN (U),SUMATERA SELATAN,500,223750,SINAR MAS,SHANDONG BOHUI PAPER INDUSTRY CO LTD,CHINA (MAINLAND),QINGDAO,CHINA (MAINLAND)
2023,470329,SINAR MAS,OKI,SULTAN MAHMUD BADARUDDIN (U),SUMATERA SELATAN,500,223750,SINAR MAS,SHANDONG BOHUI PAPER INDUSTRY CO LTD,CHINA (MAINLAND),QINGDAO,CHINA (MAINLAND)
2023,470329,SINAR MAS,OKI,SULTAN MAHMUD BADARUDDIN (U),SUMATERA SELATAN,500,207430,SINAR MAS,SHANDONG BOHUI PAPER INDUSTRY CO LTD,CHINA (MAINLAND),QINGDAO,CHINA (MAINLAND)
2023,470329,SINAR MAS,OKI,SULTAN MAHMUD BADARUDDIN (U),SUMATERA SELATAN,500,224625,SINAR MAS,KING PAPER SOURCE TRADING (SHANGHAI) CO LTD,CHINA (MAINLAND),SHANGHAI,CHINA (MAINLAND)
2023,470329,SINAR MAS,OKI,SULTAN MAHMUD BADARUDDIN (U),SUMATERA SELATAN,500,224625,SINAR MAS,KING PAPER SOURCE TRADING (SHANGHAI) CO LTD,CHINA (MAINLAND),SHANGHAI,CHINA (MAINLAND)
2023,470329,SINAR MAS,OKI,SULTAN MAHMUD BADARUDDIN (U),SUMATERA SELATAN,500,224625,SINAR MAS,KING PAPER SOURCE TRADING (SHANGHAI) CO LTD,CHINA (MAINLAND),SHANGHAI,CHINA (MAINLAND)
2023,470200,ROYAL GOLDEN EAGLE,APRIL,BUATAN,RIAU,1295,760257,ROYAL GOLDEN EAGLE,APRIL FAR EAST MALAYSIA SDN BHD,MALAYSIA,JIUJIANG,CHINA (MAINLAND)
2023,470329,SINAR MAS,OKI,SULTAN MAHMUD BADARUDDIN (U),SUMATERA SELATAN,500,223750,SINAR MAS,SHANDONG BOHUI PAPER INDUSTRY CO LTD,CHINA (MAINLAND),QINGDAO,CHINA (MAINLAND)
2023,470329,SINAR MAS,OKI,SULTAN MAHMUD BADARUDDIN (U),SUMATERA SELATAN,500,223750,SINAR MAS,SHANDONG BOHUI PAPER INDUSTRY CO LTD,CHINA (MAINLAND),QINGDAO,CHINA (MAINLAND)
2023,470329,SINAR MAS,OKI,SULTAN MAHMUD BADARUDDIN (U),SUMATERA SELATAN,500,223750,SINAR MAS,SHANDONG BOHUI PAPER INDUSTRY CO LTD,CHINA (MAINLAND),QINGDAO,CHINA (MAINLAND)
2023,470329,SINAR MAS,OKI,SULTAN MAHMUD BADARUDDIN (U),SUMATERA SELATAN,500,223750,SINAR MAS,SHANDONG BOHUI PAPER INDUSTRY CO LTD,CHINA (MAINLAND),QINGDAO,CHINA (MAINLAND)
2023,470329,SINAR MAS,OKI,SULTAN MAHMUD BADARUDDIN (U),SUMATERA SELATAN,500,207430,SINAR MAS,SHANDONG BOHUI PAPER INDUSTRY CO LTD,CHINA (MAINLAND),QINGDAO,CHINA (MAINLAND)
2023,470329,SINAR MAS,OKI,SULTAN MAHMUD BADARUDDIN (U),SUMATERA SELATAN,500,207430,SINAR MAS,SHANDONG BOHUI PAPER INDUSTRY CO LTD,CHINA (MAINLAND),QINGDAO,CHINA (MAINLAND)
2023,470329,SINAR MAS,OKI,SULTAN MAHMUD BADARUDDIN (U),SUMATERA SELATAN,500,224625,SINAR MAS,KING PAPER SOURCE TRADING (SHANGHAI) CO LTD,CHINA (MAINLAND),SHANGHAI,CHINA (MAINLAND)
2023,470200,ROYAL GOLDEN EAGLE,TOBA PULP LESTARI,BELAWAN,SUMATERA UTARA,1000,789186,ROYAL GOLDEN EAGLE,APEX FIBER RESOURCES & TRADING FZCO,UNITED ARAB EMIRATES,QINGDAO,CHINA (MAINLAND)
2023,470329,SINAR MAS,OKI,SULTAN MAHMUD BADARUDDIN (U),SUMATERA SELATAN,500,223750,SINAR MAS,SHANDONG BOHUI PAPER INDUSTRY CO LTD,CHINA (MAINLAND),QINGDAO,CHINA (MAINLAND)
2023,470329,SINAR MAS,OKI,SULTAN MAHMUD BADARUDDIN (U),SUMATERA SELATAN,500,223750,SINAR MAS,SHANDONG BOHUI PAPER INDUSTRY CO LTD,CHINA (MAINLAND),QINGDAO,CHINA (MAINLAND)
2023,470329,SINAR MAS,OKI,SULTAN MAHMUD BADARUDDIN (U),SUMATERA SELATAN,500,223750,SINAR MAS,SHANDONG BOHUI PAPER INDUSTRY CO LTD,CHINA (MAINLAND),QINGDAO,CHINA (MAINLAND)
2023,470329,SINAR MAS,OKI,SULTAN MAHMUD BADARUDDIN (U),SUMATERA SELATAN,500,223750,SINAR MAS,SHANDONG BOHUI PAPER INDUSTRY CO LTD,CHINA (MAINLAND),QINGDAO,CHINA (MAINLAND)
2023,470329,SINAR MAS,OKI,SULTAN MAHMUD BADARUDDIN (U),SUMATERA SELATAN,500,224625,SINAR MAS,KING PAPER SOURCE TRADING (SHANGHAI) CO LTD,CHINA (MAINLAND),SHANGHAI,CHINA (MAINLAND)
2023,470329,SINAR MAS,OKI,SULTAN MAHMUD BADARUDDIN (U),SUMATERA SELATAN,500,224625,SINAR MAS,KING PAPER SOURCE TRADING (SHANGHAI) CO LTD,CHINA (MAINLAND),SHANGHAI,CHINA (MAINLAND)
2023,470329,SINAR MAS,OKI,SULTAN MAHMUD BADARUDDIN (U),SUMATERA SELATAN,500,223750,SINAR MAS,SHANDONG BOHUI PAPER INDUSTRY CO LTD,CHINA (MAINLAND),QINGDAO,CHINA (MAINLAND)
2023,470329,SINAR MAS,OKI,SULTAN MAHMUD BADARUDDIN (U),SUMATERA SELATAN,500,207430,SINAR MAS,SHANDONG BOHUI PAPER INDUSTRY CO LTD,CHINA (MAINLAND),QINGDAO,CHINA (MAINLAND)
2023,470329,MARUBENI,TANJUNG ENIM LESTARI,PANJANG,SUMATERA SELATAN,259,126049,MARUBENI,MARUBENI CORP,JAPAN,YINGKOU,CHINA (MAINLAND)
2023,470329,SINAR MAS,OKI,SULTAN MAHMUD BADARUDDIN (U),SUMATERA SELATAN,500,223750,SINAR MAS,SHANDONG BOHUI PAPER INDUSTRY CO LTD,CHINA (MAINLAND),QINGDAO,CHINA (MAINLAND)
2023,470329,SINAR MAS,OKI,SULTAN MAHMUD BADARUDDIN (U),SUMATERA SELATAN,500,223750,SINAR MAS,SHANDONG BOHUI PAPER INDUSTRY CO LTD,CHINA (MAINLAND),QINGDAO,CHINA (MAINLAND)
2023,470329,SINAR MAS,OKI,SULTAN MAHMUD BADARUDDIN (U),SUMATERA SELATAN,500,223750,SINAR MAS,SHANDONG BOHUI PAPER INDUSTRY CO LTD,CHINA (MAINLAND),QINGDAO,CHINA (MAINLAND)
2023,470329,SINAR MAS,OKI,SULTAN MAHMUD BADARUDDIN (U),SUMATERA SELATAN,500,223750,SINAR MAS,SHANDONG BOHUI PAPER INDUSTRY CO LTD,CHINA (MAINLAND),QINGDAO,CHINA (MAINLAND)
2023,470329,SINAR MAS,OKI,SULTAN MAHMUD BADARUDDIN (U),SUMATERA SELATAN,500,223750,SINAR MAS,SHANDONG BOHUI PAPER INDUSTRY CO LTD,CHINA (MAINLAND),QINGDAO,CHINA (MAINLAND)
2023,470329,SINAR MAS,OKI,SULTAN MAHMUD BADARUDDIN (U),SUMATERA SELATAN,500,223750,SINAR MAS,SHANDONG BOHUI PAPER INDUSTRY CO LTD,CHINA (MAINLAND),QINGDAO,CHINA (MAINLAND)
2023,470329,SINAR MAS,OKI,SULTAN MAHMUD BADARUDDIN (U),SUMATERA SELATAN,500,207430,SINAR MAS,SHANDONG BOHUI PAPER INDUSTRY CO LTD,CHINA (MAINLAND),QINGDAO,CHINA (MAINLAND)
2023,470329,MARUBENI,TANJUNG ENIM LESTARI,PANJANG,SUMATERA SELATAN,517,268615,MARUBENI,MARUBENI CORP,JAPAN,QINGDAO,CHINA (MAINLAND)
2023,470329,SINAR MAS,OKI,SULTAN MAHMUD BADARUDDIN (U),SUMATERA SELATAN,500,224625,SINAR MAS,KING PAPER SOURCE TRADING (SHANGHAI) CO LTD,CHINA (MAINLAND),SHANGHAI,CHINA (MAINLAND)
2023,470329,SINAR MAS,INDAH KIAT,PERAWANG,RIAU,1000,418600,UNKNOWN AFFILIATION,VIET THANG PAPER AND PACKING JOINT STOCK CO,VIETNAM,HAIPHONG,VIETNAM
2023,470329,SINAR MAS,OKI,SULTAN MAHMUD BADARUDDIN (U),SUMATERA SELATAN,500,223750,SINAR MAS,SHANDONG BOHUI PAPER INDUSTRY CO LTD,CHINA (MAINLAND),QINGDAO,CHINA (MAINLAND)
2023,470329,SINAR MAS,OKI,SULTAN MAHMUD BADARUDDIN (U),SUMATERA SELATAN,500,223750,SINAR MAS,SHANDONG BOHUI PAPER INDUSTRY CO LTD,CHINA (MAINLAND),QINGDAO,CHINA (MAINLAND)
2023,470329,SINAR MAS,OKI,SULTAN MAHMUD BADARUDDIN (U),SUMATERA SELATAN,500,223750,SINAR MAS,SHANDONG BOHUI PAPER INDUSTRY CO LTD,CHINA (MAINLAND),QINGDAO,CHINA (MAINLAND)
2023,470329,SINAR MAS,OKI,SULTAN MAHMUD BADARUDDIN (U),SUMATERA SELATAN,500,223750,SINAR MAS,SHANDONG BOHUI PAPER INDUSTRY CO LTD,CHINA (MAINLAND),QINGDAO,CHINA (MAINLAND)
2023,470329,SINAR MAS,OKI,SULTAN MAHMUD BADARUDDIN (U),SUMATERA SELATAN,500,223750,SINAR MAS,SHANDONG BOHUI PAPER INDUSTRY CO LTD,CHINA (MAINLAND),QINGDAO,CHINA (MAINLAND)
2023,470329,SINAR MAS,INDAH KIAT,PERAWANG,RIAU,500,229500,SINAR MAS,KING PAPER SOURCE TRADING (SHANGHAI) CO LTD,CHINA (MAINLAND),QINZHOU,CHINA (MAINLAND)
2023,470329,SINAR MAS,INDAH KIAT,PERAWANG,RIAU,200,91800,SINAR MAS,KING PAPER SOURCE TRADING (SHANGHAI) CO LTD,CHINA (MAINLAND),QINZHOU,CHINA (MAINLAND)
2023,470329,SINAR MAS,OKI,SULTAN MAHMUD BADARUDDIN (U),SUMATERA SELATAN,500,223750,SINAR MAS,SHANDONG BOHUI PAPER INDUSTRY CO LTD,CHINA (MAINLAND),QINGDAO,CHINA (MAINLAND)
2023,470329,SINAR MAS,OKI,SULTAN MAHMUD BADARUDDIN (U),SUMATERA SELATAN,500,223750,SINAR MAS,SHANDONG BOHUI PAPER INDUSTRY CO LTD,CHINA (MAINLAND),QINGDAO,CHINA (MAINLAND)
2023,470329,SINAR MAS,OKI,SULTAN MAHMUD BADARUDDIN (U),SUMATERA SELATAN,500,207430,SINAR MAS,SHANDONG BOHUI PAPER INDUSTRY CO LTD,CHINA (MAINLAND),QINGDAO,CHINA (MAINLAND)
2023,470329,MARUBENI,TANJUNG ENIM LESTARI,PANJANG,SUMATERA SELATAN,107,53341,MARUBENI,MARUBENI CORP,JAPAN,JAWAHARLAL NEHRU (NHAVA S,INDIA
2023,470329,SINAR MAS,OKI,SULTAN MAHMUD BADARUDDIN (U),SUMATERA SELATAN,500,223750,SINAR MAS,SHANDONG BOHUI PAPER INDUSTRY CO LTD,CHINA (MAINLAND),QINGDAO,CHINA (MAINLAND)
2023,470329,SINAR MAS,OKI,SULTAN MAHMUD BADARUDDIN (U),SUMATERA SELATAN,500,223750,SINAR MAS,SHANDONG BOHUI PAPER INDUSTRY CO LTD,CHINA (MAINLAND),QINGDAO,CHINA (MAINLAND)
2023,470329,SINAR MAS,OKI,SULTAN MAHMUD BADARUDDIN (U),SUMATERA SELATAN,500,207430,SINAR MAS,SHANDONG BOHUI PAPER INDUSTRY CO LTD,CHINA (MAINLAND),QINGDAO,CHINA (MAINLAND)
2023,470329,SINAR MAS,OKI,SULTAN MAHMUD BADARUDDIN (U),SUMATERA SELATAN,500,207430,SINAR MAS,SHANDONG BOHUI PAPER INDUSTRY CO LTD,CHINA (MAINLAND),QINGDAO,CHINA (MAINLAND)
2023,470329,SINAR MAS,OKI,SULTAN MAHMUD BADARUDDIN (U),SUMATERA SELATAN,500,207430,SINAR MAS,SHANDONG BOHUI PAPER INDUSTRY CO LTD,CHINA (MAINLAND),QINGDAO,CHINA (MAINLAND)
2023,470329,SINAR MAS,INDAH KIAT,PERAWANG,RIAU,1000,428600,UNKNOWN AFFILIATION,P.P TRADING & MANUFACTURING JSC,VIETNAM,HAIPHONG,VIETNAM
2023,470329,MARUBENI,TANJUNG ENIM LESTARI,PANJANG,SUMATERA SELATAN,216,107156,MARUBENI,MARUBENI CORP,JAPAN,ICD MIHAN,INDIA
2023,470329,SINAR MAS,INDAH KIAT,PERAWANG,RIAU,500,229500,SINAR MAS,KING PAPER SOURCE TRADING (SHANGHAI) CO LTD,CHINA (MAINLAND),QINZHOU,CHINA (MAINLAND)
2023,470329,SINAR MAS,INDAH KIAT,PERAWANG,RIAU,1000,428600,UNKNOWN AFFILIATION,KHAI HOANG PAPER PRODUCTION SERVICE TRADING CO,VIETNAM,HAIPHONG,VIETNAM
2023,470329,SINAR MAS,OKI,SULTAN MAHMUD BADARUDDIN (U),SUMATERA SELATAN,500,223750,SINAR MAS,SHANDONG BOHUI PAPER INDUSTRY CO LTD,CHINA (MAINLAND),QINGDAO,CHINA (MAINLAND)
2023,470329,SINAR MAS,OKI,SULTAN MAHMUD BADARUDDIN (U),SUMATERA SELATAN,500,223750,SINAR MAS,SHANDONG BOHUI PAPER INDUSTRY CO LTD,CHINA (MAINLAND),QINGDAO,CHINA (MAINLAND)
2023,470329,SINAR MAS,OKI,SULTAN MAHMUD BADARUDDIN (U),SUMATERA SELATAN,500,223750,SINAR MAS,SHANDONG BOHUI PAPER INDUSTRY CO LTD,CHINA (MAINLAND),QINGDAO,CHINA (MAINLAND)
2023,470329,SINAR MAS,OKI,SULTAN MAHMUD BADARUDDIN (U),SUMATERA SELATAN,500,223750,SINAR MAS,SHANDONG BOHUI PAPER INDUSTRY CO LTD,CHINA (MAINLAND),QINGDAO,CHINA (MAINLAND)
2023,470329,SINAR MAS,OKI,SULTAN MAHMUD BADARUDDIN (U),SUMATERA SELATAN,500,223750,SINAR MAS,SHANDONG BOHUI PAPER INDUSTRY CO LTD,CHINA (MAINLAND),QINGDAO,CHINA (MAINLAND)
2023,470329,SINAR MAS,OKI,SULTAN MAHMUD BADARUDDIN (U),SUMATERA SELATAN,500,207430,SINAR MAS,SHANDONG BOHUI PAPER INDUSTRY CO LTD,CHINA (MAINLAND),QINGDAO,CHINA (MAINLAND)
2023,470329,SINAR MAS,OKI,SULTAN MAHMUD BADARUDDIN (U),SUMATERA SELATAN,500,224625,SINAR MAS,KING PAPER SOURCE TRADING (SHANGHAI) CO LTD,CHINA (MAINLAND),SHANGHAI,CHINA (MAINLAND)
2023,470329,SINAR MAS,INDAH KIAT,PERAWANG,RIAU,500,229500,SINAR MAS,KING PAPER SOURCE TRADING (SHANGHAI) CO LTD,CHINA (MAINLAND),QINZHOU,CHINA (MAINLAND)
2023,470329,SINAR MAS,OKI,SULTAN MAHMUD BADARUDDIN (U),SUMATERA SELATAN,500,223750,SINAR MAS,SHANDONG BOHUI PAPER INDUSTRY CO LTD,CHINA (MAINLAND),QINGDAO,CHINA (MAINLAND)
2023,470329,SINAR MAS,OKI,SULTAN MAHMUD BADARUDDIN (U),SUMATERA SELATAN,500,223750,SINAR MAS,SHANDONG BOHUI PAPER INDUSTRY CO LTD,CHINA (MAINLAND),QINGDAO,CHINA (MAINLAND)
2023,470329,SINAR MAS,OKI,SULTAN MAHMUD BADARUDDIN (U),SUMATERA SELATAN,500,207430,SINAR MAS,SHANDONG BOHUI PAPER INDUSTRY CO LTD,CHINA (MAINLAND),QINGDAO,CHINA (MAINLAND)
2023,470329,SINAR MAS,OKI,SULTAN MAHMUD BADARUDDIN (U),SUMATERA SELATAN,500,207430,SINAR MAS,SHANDONG BOHUI PAPER INDUSTRY CO LTD,CHINA (MAINLAND),QINGDAO,CHINA (MAINLAND)
2023,470329,SINAR MAS,INDAH KIAT,PERAWANG,RIAU,500,229500,SINAR MAS,KING PAPER SOURCE TRADING (SHANGHAI) CO LTD,CHINA (MAINLAND),QINZHOU,CHINA (MAINLAND)
2023,470329,SINAR MAS,INDAH KIAT,PERAWANG,RIAU,500,229500,SINAR MAS,KING PAPER SOURCE TRADING (SHANGHAI) CO LTD,CHINA (MAINLAND),QINZHOU,CHINA (MAINLAND)
2023,470329,SINAR MAS,INDAH KIAT,PERAWANG,RIAU,500,229500,SINAR MAS,KING PAPER SOURCE TRADING (SHANGHAI) CO LTD,CHINA (MAINLAND),QINZHOU,CHINA (MAINLAND)
2023,470329,SINAR MAS,INDAH KIAT,PERAWANG,RIAU,500,229500,SINAR MAS,KING PAPER SOURCE TRADING (SHANGHAI) CO LTD,CHINA (MAINLAND),QINZHOU,CHINA (MAINLAND)
2023,470329,SINAR MAS,OKI,SULTAN MAHMUD BADARUDDIN (U),SUMATERA SELATAN,500,223750,SINAR MAS,SHANDONG BOHUI PAPER INDUSTRY CO LTD,CHINA (MAINLAND),QINGDAO,CHINA (MAINLAND)
2023,470329,SINAR MAS,OKI,SULTAN MAHMUD BADARUDDIN (U),SUMATERA SELATAN,500,223750,SINAR MAS,SHANDONG BOHUI PAPER INDUSTRY CO LTD,CHINA (MAINLAND),QINGDAO,CHINA (MAINLAND)
2023,470329,SINAR MAS,OKI,SULTAN MAHMUD BADARUDDIN (U),SUMATERA SELATAN,500,223750,SINAR MAS,SHANDONG BOHUI PAPER INDUSTRY CO LTD,CHINA (MAINLAND),QINGDAO,CHINA (MAINLAND)
2023,470329,SINAR MAS,OKI,SULTAN MAHMUD BADARUDDIN (U),SUMATERA SELATAN,500,207430,SINAR MAS,SHANDONG BOHUI PAPER INDUSTRY CO LTD,CHINA (MAINLAND),QINGDAO,CHINA (MAINLAND)
2023,470329,SINAR MAS,OKI,SULTAN MAHMUD BADARUDDIN (U),SUMATERA SELATAN,500,224625,SINAR MAS,KING PAPER SOURCE TRADING (SHANGHAI) CO LTD,CHINA (MAINLAND),SHANGHAI,CHINA (MAINLAND)
2023,470329,SINAR MAS,OKI,SULTAN MAHMUD BADARUDDIN (U),SUMATERA SELATAN,500,224625,SINAR MAS,KING PAPER SOURCE TRADING (SHANGHAI) CO LTD,CHINA (MAINLAND),SHANGHAI,CHINA (MAINLAND)
2023,470329,SINAR MAS,INDAH KIAT,PERAWANG,RIAU,500,229500,SINAR MAS,KING PAPER SOURCE TRADING (SHANGHAI) CO LTD,CHINA (MAINLAND),QINZHOU,CHINA (MAINLAND)
2023,470329,ROYAL GOLDEN EAGLE,APRIL,BUATAN,RIAU,502,202801,ROYAL GOLDEN EAGLE,APRIL INTERNATIONAL ENTEPRISE PTE LTD,SINGAPORE,CHATTOGRAM,BANGLADESH
2023,470329,ROYAL GOLDEN EAGLE,APRIL,BUATAN,RIAU,365,147422,ROYAL GOLDEN EAGLE,APRIL INTERNATIONAL ENTEPRISE PTE LTD,SINGAPORE,CAT LAI,VIETNAM
2023,470329,SINAR MAS,OKI,SULTAN MAHMUD BADARUDDIN (U),SUMATERA SELATAN,500,223750,SINAR MAS,SHANDONG BOHUI PAPER INDUSTRY CO LTD,CHINA (MAINLAND),QINGDAO,CHINA (MAINLAND)
2023,470329,SINAR MAS,OKI,SULTAN MAHMUD BADARUDDIN (U),SUMATERA SELATAN,500,223750,SINAR MAS,SHANDONG BOHUI PAPER INDUSTRY CO LTD,CHINA (MAINLAND),QINGDAO,CHINA (MAINLAND)
2023,470329,SINAR MAS,OKI,SULTAN MAHMUD BADARUDDIN (U),SUMATERA SELATAN,500,223750,SINAR MAS,SHANDONG BOHUI PAPER INDUSTRY CO LTD,CHINA (MAINLAND),QINGDAO,CHINA (MAINLAND)
2023,470329,SINAR MAS,OKI,SULTAN MAHMUD BADARUDDIN (U),SUMATERA SELATAN,500,223750,SINAR MAS,SHANDONG BOHUI PAPER INDUSTRY CO LTD,CHINA (MAINLAND),QINGDAO,CHINA (MAINLAND)
2023,470329,SINAR MAS,OKI,SULTAN MAHMUD BADARUDDIN (U),SUMATERA SELATAN,500,223750,SINAR MAS,SHANDONG BOHUI PAPER INDUSTRY CO LTD,CHINA (MAINLAND),QINGDAO,CHINA (MAINLAND)
2023,470329,SINAR MAS,OKI,SULTAN MAHMUD BADARUDDIN (U),SUMATERA SELATAN,500,223750,SINAR MAS,SHANDONG BOHUI PAPER INDUSTRY CO LTD,CHINA (MAINLAND),QINGDAO,CHINA (MAINLAND)
2023,470329,SINAR MAS,OKI,SULTAN MAHMUD BADARUDDIN (U),SUMATERA SELATAN,500,223750,SINAR MAS,SHANDONG BOHUI PAPER INDUSTRY CO LTD,CHINA (MAINLAND),QINGDAO,CHINA (MAINLAND)
2023,470329,SINAR MAS,OKI,SULTAN MAHMUD BADARUDDIN (U),SUMATERA SELATAN,500,223750,SINAR MAS,SHANDONG BOHUI PAPER INDUSTRY CO LTD,CHINA (MAINLAND),QINGDAO,CHINA (MAINLAND)
2023,470329,SINAR MAS,OKI,SULTAN MAHMUD BADARUDDIN (U),SUMATERA SELATAN,500,207430,SINAR MAS,SHANDONG BOHUI PAPER INDUSTRY CO LTD,CHINA (MAINLAND),QINGDAO,CHINA (MAINLAND)
2023,470329,SINAR MAS,OKI,SULTAN MAHMUD BADARUDDIN (U),SUMATERA SELATAN,500,207430,SINAR MAS,SHANDONG BOHUI PAPER INDUSTRY CO LTD,CHINA (MAINLAND),QINGDAO,CHINA (MAINLAND)
2023,470329,SINAR MAS,OKI,SULTAN MAHMUD BADARUDDIN (U),SUMATERA SELATAN,500,224625,SINAR MAS,KING PAPER SOURCE TRADING (SHANGHAI) CO LTD,CHINA (MAINLAND),SHANGHAI,CHINA (MAINLAND)
2023,470329,SINAR MAS,OKI,SULTAN MAHMUD BADARUDDIN (U),SUMATERA SELATAN,500,224625,SINAR MAS,KING PAPER SOURCE TRADING (SHANGHAI) CO LTD,CHINA (MAINLAND),SHANGHAI,CHINA (MAINLAND)
2023,470200,ROYAL GOLDEN EAGLE,APRIL,BUATAN,RIAU,790,463603,ROYAL GOLDEN EAGLE,APRIL FAR EAST MALAYSIA SDN BHD,MALAYSIA,LIANYUNGANG,CHINA (MAINLAND)
2023,470329,SINAR MAS,OKI,SULTAN MAHMUD BADARUDDIN (U),SUMATERA SELATAN,500,223750,SINAR MAS,SHANDONG BOHUI PAPER INDUSTRY CO LTD,CHINA (MAINLAND),QINGDAO,CHINA (MAINLAND)
2023,470329,SINAR MAS,OKI,SULTAN MAHMUD BADARUDDIN (U),SUMATERA SELATAN,500,223750,SINAR MAS,SHANDONG BOHUI PAPER INDUSTRY CO LTD,CHINA (MAINLAND),QINGDAO,CHINA (MAINLAND)
2023,470329,SINAR MAS,OKI,SULTAN MAHMUD BADARUDDIN (U),SUMATERA SELATAN,500,223750,SINAR MAS,SHANDONG BOHUI PAPER INDUSTRY CO LTD,CHINA (MAINLAND),QINGDAO,CHINA (MAINLAND)
2023,470329,MARUBENI,TANJUNG ENIM LESTARI,PANJANG,SUMATERA SELATAN,754,367739,MARUBENI,MARUBENI CORP,JAPAN,CHONGQING,CHINA (MAINLAND)
2023,470329,SINAR MAS,INDAH KIAT,PERAWANG,RIAU,500,229500,SINAR MAS,KING PAPER SOURCE TRADING (SHANGHAI) CO LTD,CHINA (MAINLAND),QINZHOU,CHINA (MAINLAND)
2023,470329,SINAR MAS,INDAH KIAT,PERAWANG,RIAU,2500,1071500,IMEXCO BACGIANG,BAC GIANG IMPORT EXPORT JOINT STOCK CO,VIETNAM,HAIPHONG,VIETNAM
2023,470329,ROYAL GOLDEN EAGLE,APRIL,BUATAN,RIAU,502,193293,ROYAL GOLDEN EAGLE,APRIL INTERNATIONAL ENTEPRISE PTE LTD,SINGAPORE,CHAWAPAYAL,INDIA
2023,470200,ROYAL GOLDEN EAGLE,APRIL,BUATAN,RIAU,506,297085,ROYAL GOLDEN EAGLE,APRIL FAR EAST MALAYSIA SDN BHD,MALAYSIA,JIUJIANG,CHINA (MAINLAND)
2023,470329,ROYAL GOLDEN EAGLE,APRIL,BUATAN,RIAU,764,308540,ROYAL GOLDEN EAGLE,APRIL INTERNATIONAL ENTEPRISE PTE LTD,SINGAPORE,CHATTOGRAM,BANGLADESH
2023,470329,ROYAL GOLDEN EAGLE,APRIL,BUATAN,RIAU,502,202753,ROYAL GOLDEN EAGLE,APRIL INTERNATIONAL ENTEPRISE PTE LTD,SINGAPORE,CHATTOGRAM,BANGLADESH
2023,470329,ROYAL GOLDEN EAGLE,APRIL,BUATAN,RIAU,40,16202,ROYAL GOLDEN EAGLE,APRIL INTERNATIONAL ENTEPRISE PTE LTD,SINGAPORE,JAWAHARLAL NEHRU (NHAVA S,INDIA
2023,470329,ROYAL GOLDEN EAGLE,APRIL,BUATAN,RIAU,97,39011,ROYAL GOLDEN EAGLE,APRIL INTERNATIONAL ENTEPRISE PTE LTD,SINGAPORE,TAOYUAN,TAIWAN
2023,470200,ROYAL GOLDEN EAGLE,APRIL,BUATAN,RIAU,1032,597991,ROYAL GOLDEN EAGLE,APRIL FAR EAST MALAYSIA SDN BHD,MALAYSIA,JIUJIANG,CHINA (MAINLAND)
2023,470200,ROYAL GOLDEN EAGLE,APRIL,BUATAN,RIAU,202,118799,ROYAL GOLDEN EAGLE,APRIL FAR EAST MALAYSIA SDN BHD,MALAYSIA,LIANYUNGANG,CHINA (MAINLAND)
2023,470329,ROYAL GOLDEN EAGLE,APRIL,BUATAN,RIAU,643,259575,ROYAL GOLDEN EAGLE,APRIL INTERNATIONAL ENTEPRISE PTE LTD,SINGAPORE,CAT LAI,VIETNAM
2023,470329,ROYAL GOLDEN EAGLE,APRIL,BUATAN,RIAU,502,193334,ROYAL GOLDEN EAGLE,APRIL INTERNATIONAL ENTEPRISE PTE LTD,SINGAPORE,CHAWAPAYAL,INDIA
2023,470329,ROYAL GOLDEN EAGLE,APRIL,BUATAN,RIAU,502,202858,ROYAL GOLDEN EAGLE,APRIL INTERNATIONAL ENTEPRISE PTE LTD,SINGAPORE,HAIPHONG,VIETNAM
2023,470200,ROYAL GOLDEN EAGLE,APRIL,BUATAN,RIAU,406,232137,ROYAL GOLDEN EAGLE,APRIL FAR EAST MALAYSIA SDN BHD,MALAYSIA,LIANYUNGANG,CHINA (MAINLAND)
2023,470329,SINAR MAS,INDAH KIAT,PERAWANG,RIAU,300,155181,UNKNOWN AFFILIATION,SHIN HUA PAPER CO LTD,TAIWAN,KAOHSIUNG,TAIWAN
2023,470329,MARUBENI,TANJUNG ENIM LESTARI,TARAHAN,SUMATERA SELATAN,489,227088,MARUBENI,MARUBENI CORP,JAPAN,QINGDAO,CHINA (MAINLAND)
2023,470329,ROYAL GOLDEN EAGLE,APRIL,BUATAN,RIAU,342,138061,ROYAL GOLDEN EAGLE,APRIL INTERNATIONAL ENTEPRISE PTE LTD,SINGAPORE,SANAND,INDIA
2023,470200,ROYAL GOLDEN EAGLE,APRIL,FUTONG,RIAU,507,297360,ROYAL GOLDEN EAGLE,APRIL FAR EAST MALAYSIA SDN BHD,MALAYSIA,JIUJIANG,CHINA (MAINLAND)
2023,470200,ROYAL GOLDEN EAGLE,APRIL,FUTONG,RIAU,507,297347,ROYAL GOLDEN EAGLE,APRIL FAR EAST MALAYSIA SDN BHD,MALAYSIA,JIUJIANG,CHINA (MAINLAND)
2023,470329,MARUBENI,TANJUNG ENIM LESTARI,TARAHAN,SUMATERA SELATAN,1130,563580,MARUBENI,MARUBENI CORP,JAPAN,PYONGTAEK,SOUTH KOREA
2023,470329,MARUBENI,TANJUNG ENIM LESTARI,TARAHAN,SUMATERA SELATAN,674,337113,MARUBENI,MARUBENI CORP,JAPAN,PYONGTAEK,SOUTH KOREA
2023,470329,SINAR MAS,INDAH KIAT,PERAWANG,RIAU,500,213750,SINAR MAS,KING PAPER SOURCE TRADING (SHANGHAI) CO LTD,CHINA (MAINLAND),DAGANG,CHINA (MAINLAND)
2023,470329,MARUBENI,TANJUNG ENIM LESTARI,TARAHAN,SUMATERA SELATAN,976,472401,MARUBENI,MARUBENI CORP,JAPAN,QINGDAO,CHINA (MAINLAND)
2023,470329,SINAR MAS,INDAH KIAT,PERAWANG,RIAU,500,213750,SINAR MAS,KING PAPER SOURCE TRADING (SHANGHAI) CO LTD,CHINA (MAINLAND),DAGANG,CHINA (MAINLAND)
2023,470329,SINAR MAS,INDAH KIAT,PERAWANG,RIAU,500,213750,SINAR MAS,KING PAPER SOURCE TRADING (SHANGHAI) CO LTD,CHINA (MAINLAND),DAGANG,CHINA (MAINLAND)
2023,470329,SINAR MAS,INDAH KIAT,PERAWANG,RIAU,500,213750,SINAR MAS,KING PAPER SOURCE TRADING (SHANGHAI) CO LTD,CHINA (MAINLAND),DAGANG,CHINA (MAINLAND)
2023,470329,ROYAL GOLDEN EAGLE,APRIL,BUATAN,RIAU,904,365037,ROYAL GOLDEN EAGLE,APRIL INTERNATIONAL ENTEPRISE PTE LTD,SINGAPORE,HAIPHONG,VIETNAM
2023,470200,ROYAL GOLDEN EAGLE,APRIL,FUTONG,RIAU,1011,593507,ROYAL GOLDEN EAGLE,APRIL FAR EAST MALAYSIA SDN BHD,MALAYSIA,JIUJIANG,CHINA (MAINLAND)
2023,470200,ROYAL GOLDEN EAGLE,APRIL,FUTONG,RIAU,507,297794,ROYAL GOLDEN EAGLE,APRIL FAR EAST MALAYSIA SDN BHD,MALAYSIA,JIUJIANG,CHINA (MAINLAND)
2023,470200,ROYAL GOLDEN EAGLE,APRIL,BUATAN,RIAU,183,107131,ROYAL GOLDEN EAGLE,APRIL FAR EAST MALAYSIA SDN BHD,MALAYSIA,FUZHOU,CHINA (MAINLAND)
2023,470200,ROYAL GOLDEN EAGLE,APRIL,FUTONG,RIAU,506,296895,ROYAL GOLDEN EAGLE,APRIL FAR EAST MALAYSIA SDN BHD,MALAYSIA,LIANYUNGANG,CHINA (MAINLAND)
2023,470200,ROYAL GOLDEN EAGLE,APRIL,FUTONG,RIAU,1013,594860,ROYAL GOLDEN EAGLE,APRIL FAR EAST MALAYSIA SDN BHD,MALAYSIA,LIANYUNGANG,CHINA (MAINLAND)
2023,470200,ROYAL GOLDEN EAGLE,APRIL,FUTONG,RIAU,507,297570,ROYAL GOLDEN EAGLE,APRIL FAR EAST MALAYSIA SDN BHD,MALAYSIA,LIANYUNGANG,CHINA (MAINLAND)
2023,470200,ROYAL GOLDEN EAGLE,APRIL,FUTONG,RIAU,506,297155,ROYAL GOLDEN EAGLE,APRIL FAR EAST MALAYSIA SDN BHD,MALAYSIA,JIUJIANG,CHINA (MAINLAND)
2023,470329,MARUBENI,TANJUNG ENIM LESTARI,TARAHAN,SUMATERA SELATAN,1463,666400,MARUBENI,MARUBENI CORP,JAPAN,QINGDAO,CHINA (MAINLAND)
2023,470329,MARUBENI,TANJUNG ENIM LESTARI,TARAHAN,SUMATERA SELATAN,1463,679481,MARUBENI,MARUBENI CORP,JAPAN,QINGDAO,CHINA (MAINLAND)
2023,470329,SINAR MAS,INDAH KIAT,PERAWANG,RIAU,500,213750,SINAR MAS,KING PAPER SOURCE TRADING (SHANGHAI) CO LTD,CHINA (MAINLAND),DAGANG,CHINA (MAINLAND)
2023,470200,ROYAL GOLDEN EAGLE,APRIL,BUATAN,RIAU,222,130605,ROYAL GOLDEN EAGLE,APRIL FAR EAST MALAYSIA SDN BHD,MALAYSIA,LIANYUNGANG,CHINA (MAINLAND)
2023,470329,SINAR MAS,INDAH KIAT,PERAWANG,RIAU,500,208744,UNKNOWN AFFILIATION,NIBONG TEBAL PAPER MILL SDN BHD,MALAYSIA,PENANG (GEORGETOWN),MALAYSIA
2023,470329,SINAR MAS,INDAH KIAT,PERAWANG,RIAU,500,213750,SINAR MAS,KING PAPER SOURCE TRADING (SHANGHAI) CO LTD,CHINA (MAINLAND),DAGANG,CHINA (MAINLAND)
2023,470329,SINAR MAS,INDAH KIAT,PERAWANG,RIAU,500,213750,SINAR MAS,KING PAPER SOURCE TRADING (SHANGHAI) CO LTD,CHINA (MAINLAND),DAGANG,CHINA (MAINLAND)
2023,470329,MARUBENI,TANJUNG ENIM LESTARI,TARAHAN,SUMATERA SELATAN,2926,1304842,MARUBENI,MARUBENI CORP,JAPAN,QINGDAO,CHINA (MAINLAND)
2023,470329,SINAR MAS,INDAH KIAT,PERAWANG,RIAU,500,213750,SINAR MAS,KING PAPER SOURCE TRADING (SHANGHAI) CO LTD,CHINA (MAINLAND),DAGANG,CHINA (MAINLAND)
2023,470329,SINAR MAS,INDAH KIAT,PERAWANG,RIAU,500,213750,SINAR MAS,KING PAPER SOURCE TRADING (SHANGHAI) CO LTD,CHINA (MAINLAND),DAGANG,CHINA (MAINLAND)
2023,470200,ROYAL GOLDEN EAGLE,APRIL,BUATAN,RIAU,304,178503,ROYAL GOLDEN EAGLE,APRIL FAR EAST MALAYSIA SDN BHD,MALAYSIA,LIANYUNGANG,CHINA (MAINLAND)
2023,470329,MARUBENI,TANJUNG ENIM LESTARI,TARAHAN,SUMATERA SELATAN,1461,679403,MARUBENI,MARUBENI CORP,JAPAN,QINGDAO,CHINA (MAINLAND)
2023,470329,SINAR MAS,INDAH KIAT,PERAWANG,RIAU,500,213750,SINAR MAS,KING PAPER SOURCE TRADING (SHANGHAI) CO LTD,CHINA (MAINLAND),DAGANG,CHINA (MAINLAND)
2023,470329,SINAR MAS,INDAH KIAT,PERAWANG,RIAU,500,213750,SINAR MAS,KING PAPER SOURCE TRADING (SHANGHAI) CO LTD,CHINA (MAINLAND),DAGANG,CHINA (MAINLAND)
2023,470329,SINAR MAS,INDAH KIAT,PERAWANG,RIAU,500,213750,SINAR MAS,KING PAPER SOURCE TRADING (SHANGHAI) CO LTD,CHINA (MAINLAND),DAGANG,CHINA (MAINLAND)
2023,470329,ROYAL GOLDEN EAGLE,APRIL,BUATAN,RIAU,121,48735,ROYAL GOLDEN EAGLE,APRIL INTERNATIONAL ENTEPRISE PTE LTD,SINGAPORE,TUTICORIN,INDIA
2023,470329,SINAR MAS,OKI,SULTAN MAHMUD BADARUDDIN (U),SUMATERA SELATAN,500,204950,MEGHNA GROUP OF INDUSTRIES,MEGHNA PULP AND PAPER MILLS LTD,BANGLADESH,CHATTOGRAM,BANGLADESH
2023,470329,SINAR MAS,OKI,SULTAN MAHMUD BADARUDDIN (U),SUMATERA SELATAN,500,204950,MEGHNA GROUP OF INDUSTRIES,MEGHNA PULP AND PAPER MILLS LTD,BANGLADESH,CHATTOGRAM,BANGLADESH
2023,470329,SINAR MAS,OKI,SULTAN MAHMUD BADARUDDIN (U),SUMATERA SELATAN,500,204950,MEGHNA GROUP OF INDUSTRIES,MEGHNA PULP AND PAPER MILLS LTD,BANGLADESH,CHATTOGRAM,BANGLADESH
2023,470329,MARUBENI,TANJUNG ENIM LESTARI,PANJANG,SUMATERA SELATAN,259,129326,MARUBENI,MARUBENI CORP,JAPAN,XINGANG,CHINA (MAINLAND)
2023,470329,SINAR MAS,OKI,SULTAN MAHMUD BADARUDDIN (U),SUMATERA SELATAN,500,232250,SINAR MAS,KING PAPER SOURCE TRADING (SHANGHAI) CO LTD,CHINA (MAINLAND),QINZHOU,CHINA (MAINLAND)
2023,470329,SINAR MAS,INDAH KIAT,PERAWANG,RIAU,500,228750,SINAR MAS,JIANGSU BOHUI PAPER INDUSTRY CO LTD.,CHINA (MAINLAND),CHANGSHU,CHINA (MAINLAND)
2023,470329,SINAR MAS,INDAH KIAT,PERAWANG,RIAU,500,228750,SINAR MAS,JIANGSU BOHUI PAPER INDUSTRY CO LTD.,CHINA (MAINLAND),CHANGSHU,CHINA (MAINLAND)
2023,470329,SINAR MAS,INDAH KIAT,PERAWANG,RIAU,400,181600,KAILASH,GENUS PAPER & BOARDS LTD,INDIA,KANDLA,INDIA
2023,470329,SINAR MAS,INDAH KIAT,PERAWANG,RIAU,300,136200,KAILASH,GENUS PAPER & BOARDS LTD,INDIA,KANDLA,INDIA
2023,470329,ROYAL GOLDEN EAGLE,APRIL,BUATAN,RIAU,121,48740,ROYAL GOLDEN EAGLE,APRIL INTERNATIONAL ENTEPRISE PTE LTD,SINGAPORE,TUTICORIN,INDIA
2023,470200,ROYAL GOLDEN EAGLE,APRIL,BUATAN,RIAU,102,58062,ROYAL GOLDEN EAGLE,APRIL FAR EAST MALAYSIA SDN BHD,MALAYSIA,LIANYUNGANG,CHINA (MAINLAND)
2023,470329,SINAR MAS,OKI,SULTAN MAHMUD BADARUDDIN (U),SUMATERA SELATAN,500,204950,MEGHNA GROUP OF INDUSTRIES,MEGHNA PULP AND PAPER MILLS LTD,BANGLADESH,CHATTOGRAM,BANGLADESH
2023,470329,SINAR MAS,OKI,SULTAN MAHMUD BADARUDDIN (U),SUMATERA SELATAN,500,204950,MEGHNA GROUP OF INDUSTRIES,MEGHNA PULP AND PAPER MILLS LTD,BANGLADESH,CHATTOGRAM,BANGLADESH
2023,470329,SINAR MAS,OKI,SULTAN MAHMUD BADARUDDIN (U),SUMATERA SELATAN,500,204950,MEGHNA GROUP OF INDUSTRIES,MEGHNA PULP AND PAPER MILLS LTD,BANGLADESH,CHATTOGRAM,BANGLADESH
2023,470329,SINAR MAS,OKI,SULTAN MAHMUD BADARUDDIN (U),SUMATERA SELATAN,500,204950,MEGHNA GROUP OF INDUSTRIES,MEGHNA PULP AND PAPER MILLS LTD,BANGLADESH,CHATTOGRAM,BANGLADESH
2023,470329,MARUBENI,TANJUNG ENIM LESTARI,PANJANG,SUMATERA SELATAN,519,258497,MARUBENI,MARUBENI CORP,JAPAN,NANSHA,CHINA (MAINLAND)
2023,470329,SINAR MAS,OKI,SULTAN MAHMUD BADARUDDIN (U),SUMATERA SELATAN,500,232250,SINAR MAS,KING PAPER SOURCE TRADING (SHANGHAI) CO LTD,CHINA (MAINLAND),QINZHOU,CHINA (MAINLAND)
2023,470329,SINAR MAS,OKI,SULTAN MAHMUD BADARUDDIN (U),SUMATERA SELATAN,500,232250,SINAR MAS,KING PAPER SOURCE TRADING (SHANGHAI) CO LTD,CHINA (MAINLAND),QINZHOU,CHINA (MAINLAND)
2023,470329,SINAR MAS,OKI,SULTAN MAHMUD BADARUDDIN (U),SUMATERA SELATAN,500,232250,SINAR MAS,KING PAPER SOURCE TRADING (SHANGHAI) CO LTD,CHINA (MAINLAND),QINZHOU,CHINA (MAINLAND)
2023,470329,SINAR MAS,INDAH KIAT,PERAWANG,RIAU,500,228750,SINAR MAS,JIANGSU BOHUI PAPER INDUSTRY CO LTD.,CHINA (MAINLAND),CHANGSHU,CHINA (MAINLAND)
2023,470329,SINAR MAS,INDAH KIAT,PERAWANG,RIAU,300,136200,KAILASH,GENUS PAPER & BOARDS LTD,INDIA,KANDLA,INDIA
2023,470329,SINAR MAS,INDAH KIAT,PERAWANG,RIAU,300,120300,KAILASH,GENUS PAPER & BOARDS LTD,INDIA,KANDLA,INDIA
2023,470329,ROYAL GOLDEN EAGLE,APRIL,BUATAN,RIAU,120,48568,ROYAL GOLDEN EAGLE,APRIL INTERNATIONAL ENTEPRISE PTE LTD,SINGAPORE,TUTICORIN,INDIA
2023,470329,SINAR MAS,OKI,SULTAN MAHMUD BADARUDDIN (U),SUMATERA SELATAN,500,204950,MEGHNA GROUP OF INDUSTRIES,MEGHNA PULP AND PAPER MILLS LTD,BANGLADESH,CHATTOGRAM,BANGLADESH
2023,470329,MARUBENI,TANJUNG ENIM LESTARI,PANJANG,SUMATERA SELATAN,65,32062,MARUBENI,MARUBENI CORP,JAPAN,VISAKHAPATNAM,INDIA
2023,470329,SINAR MAS,OKI,SULTAN MAHMUD BADARUDDIN (U),SUMATERA SELATAN,500,232250,SINAR MAS,KING PAPER SOURCE TRADING (SHANGHAI) CO LTD,CHINA (MAINLAND),QINZHOU,CHINA (MAINLAND)
2023,470329,SINAR MAS,INDAH KIAT,PERAWANG,RIAU,500,228750,SINAR MAS,JIANGSU BOHUI PAPER INDUSTRY CO LTD.,CHINA (MAINLAND),CHANGSHU,CHINA (MAINLAND)
2023,470329,SINAR MAS,INDAH KIAT,PERAWANG,RIAU,500,228750,SINAR MAS,JIANGSU BOHUI PAPER INDUSTRY CO LTD.,CHINA (MAINLAND),CHANGSHU,CHINA (MAINLAND)
2023,470329,SINAR MAS,INDAH KIAT,PERAWANG,RIAU,500,228750,SINAR MAS,JIANGSU BOHUI PAPER INDUSTRY CO LTD.,CHINA (MAINLAND),CHANGSHU,CHINA (MAINLAND)
2023,470329,SINAR MAS,INDAH KIAT,PERAWANG,RIAU,400,160400,KAILASH,GENUS PAPER & BOARDS LTD,INDIA,KANDLA,INDIA
2023,470329,ROYAL GOLDEN EAGLE,APRIL,BUATAN,RIAU,1006,406607,ROYAL GOLDEN EAGLE,APRIL INTERNATIONAL ENTEPRISE PTE LTD,SINGAPORE,HAIPHONG,VIETNAM
2023,470329,SINAR MAS,OKI,SULTAN MAHMUD BADARUDDIN (U),SUMATERA SELATAN,500,232250,SINAR MAS,KING PAPER SOURCE TRADING (SHANGHAI) CO LTD,CHINA (MAINLAND),QINZHOU,CHINA (MAINLAND)
2023,470329,SINAR MAS,OKI,SULTAN MAHMUD BADARUDDIN (U),SUMATERA SELATAN,500,232250,SINAR MAS,KING PAPER SOURCE TRADING (SHANGHAI) CO LTD,CHINA (MAINLAND),QINZHOU,CHINA (MAINLAND)
2023,470329,SINAR MAS,OKI,SULTAN MAHMUD BADARUDDIN (U),SUMATERA SELATAN,500,232250,SINAR MAS,KING PAPER SOURCE TRADING (SHANGHAI) CO LTD,CHINA (MAINLAND),QINZHOU,CHINA (MAINLAND)
2023,470329,SINAR MAS,OKI,SULTAN MAHMUD BADARUDDIN (U),SUMATERA SELATAN,500,232250,SINAR MAS,KING PAPER SOURCE TRADING (SHANGHAI) CO LTD,CHINA (MAINLAND),QINZHOU,CHINA (MAINLAND)
2023,470329,SINAR MAS,INDAH KIAT,PERAWANG,RIAU,500,228750,SINAR MAS,JIANGSU BOHUI PAPER INDUSTRY CO LTD.,CHINA (MAINLAND),CHANGSHU,CHINA (MAINLAND)
2023,470329,SINAR MAS,INDAH KIAT,PERAWANG,RIAU,400,160400,KAILASH,GENUS PAPER & BOARDS LTD,INDIA,KANDLA,INDIA
2023,470329,ROYAL GOLDEN EAGLE,APRIL,BUATAN,RIAU,80,32427,ROYAL GOLDEN EAGLE,APRIL INTERNATIONAL ENTEPRISE PTE LTD,SINGAPORE,TUTICORIN,INDIA
2023,470200,ROYAL GOLDEN EAGLE,APRIL,BUATAN,RIAU,506,289546,ROYAL GOLDEN EAGLE,APRIL FAR EAST MALAYSIA SDN BHD,MALAYSIA,JIUJIANG,CHINA (MAINLAND)
2023,470329,SINAR MAS,OKI,SULTAN MAHMUD BADARUDDIN (U),SUMATERA SELATAN,500,204950,MEGHNA GROUP OF INDUSTRIES,MEGHNA PULP AND PAPER MILLS LTD,BANGLADESH,CHATTOGRAM,BANGLADESH
2023,470329,SINAR MAS,OKI,SULTAN MAHMUD BADARUDDIN (U),SUMATERA SELATAN,500,204950,MEGHNA GROUP OF INDUSTRIES,MEGHNA PULP AND PAPER MILLS LTD,BANGLADESH,CHATTOGRAM,BANGLADESH
2023,470329,SINAR MAS,OKI,SULTAN MAHMUD BADARUDDIN (U),SUMATERA SELATAN,500,232250,SINAR MAS,KING PAPER SOURCE TRADING (SHANGHAI) CO LTD,CHINA (MAINLAND),QINZHOU,CHINA (MAINLAND)
2023,470329,SINAR MAS,INDAH KIAT,PERAWANG,RIAU,400,171000,SINAR MAS,JIANGSU BOHUI PAPER INDUSTRY CO LTD.,CHINA (MAINLAND),CHANGSHU,CHINA (MAINLAND)
2023,470329,ROYAL GOLDEN EAGLE,APRIL,BUATAN,RIAU,40,16240,ROYAL GOLDEN EAGLE,APRIL INTERNATIONAL ENTEPRISE PTE LTD,SINGAPORE,CHATTOGRAM,BANGLADESH
2023,470200,ROYAL GOLDEN EAGLE,APRIL,BUATAN,RIAU,1013,586838,ROYAL GOLDEN EAGLE,APRIL FAR EAST MALAYSIA SDN BHD,MALAYSIA,JIUJIANG,CHINA (MAINLAND)
2023,470329,SINAR MAS,OKI,SULTAN MAHMUD BADARUDDIN (U),SUMATERA SELATAN,500,204950,MEGHNA GROUP OF INDUSTRIES,MEGHNA PULP AND PAPER MILLS LTD,BANGLADESH,CHATTOGRAM,BANGLADESH
2023,470329,SINAR MAS,OKI,SULTAN MAHMUD BADARUDDIN (U),SUMATERA SELATAN,500,204950,MEGHNA GROUP OF INDUSTRIES,MEGHNA PULP AND PAPER MILLS LTD,BANGLADESH,CHATTOGRAM,BANGLADESH
2023,470329,SINAR MAS,OKI,SULTAN MAHMUD BADARUDDIN (U),SUMATERA SELATAN,500,232250,SINAR MAS,KING PAPER SOURCE TRADING (SHANGHAI) CO LTD,CHINA (MAINLAND),QINZHOU,CHINA (MAINLAND)
2023,470329,SINAR MAS,OKI,SULTAN MAHMUD BADARUDDIN (U),SUMATERA SELATAN,500,232250,SINAR MAS,KING PAPER SOURCE TRADING (SHANGHAI) CO LTD,CHINA (MAINLAND),QINZHOU,CHINA (MAINLAND)
2023,470329,SINAR MAS,INDAH KIAT,PERAWANG,RIAU,500,228750,SINAR MAS,JIANGSU BOHUI PAPER INDUSTRY CO LTD.,CHINA (MAINLAND),CHANGSHU,CHINA (MAINLAND)
2023,470329,ROYAL GOLDEN EAGLE,APRIL,BUATAN,RIAU,101,40657,ROYAL GOLDEN EAGLE,APRIL INTERNATIONAL ENTEPRISE PTE LTD,SINGAPORE,SANAND,INDIA
2023,470329,SINAR MAS,OKI,SULTAN MAHMUD BADARUDDIN (U),SUMATERA SELATAN,500,204950,MEGHNA GROUP OF INDUSTRIES,MEGHNA PULP AND PAPER MILLS LTD,BANGLADESH,CHATTOGRAM,BANGLADESH
2023,470329,SINAR MAS,OKI,SULTAN MAHMUD BADARUDDIN (U),SUMATERA SELATAN,500,204950,MEGHNA GROUP OF INDUSTRIES,MEGHNA PULP AND PAPER MILLS LTD,BANGLADESH,CHATTOGRAM,BANGLADESH
2023,470329,SINAR MAS,OKI,SULTAN MAHMUD BADARUDDIN (U),SUMATERA SELATAN,500,204950,MEGHNA GROUP OF INDUSTRIES,MEGHNA PULP AND PAPER MILLS LTD,BANGLADESH,CHATTOGRAM,BANGLADESH
2023,470329,MARUBENI,TANJUNG ENIM LESTARI,PANJANG,SUMATERA SELATAN,65,32109,MARUBENI,MARUBENI CORP,JAPAN,CHENNAI (EX MADRAS),INDIA
2023,470329,SINAR MAS,OKI,SULTAN MAHMUD BADARUDDIN (U),SUMATERA SELATAN,500,232250,SINAR MAS,KING PAPER SOURCE TRADING (SHANGHAI) CO LTD,CHINA (MAINLAND),QINZHOU,CHINA (MAINLAND)
2023,470329,SINAR MAS,OKI,SULTAN MAHMUD BADARUDDIN (U),SUMATERA SELATAN,500,232250,SINAR MAS,KING PAPER SOURCE TRADING (SHANGHAI) CO LTD,CHINA (MAINLAND),QINZHOU,CHINA (MAINLAND)
2023,470329,SINAR MAS,INDAH KIAT,PERAWANG,RIAU,500,228750,SINAR MAS,JIANGSU BOHUI PAPER INDUSTRY CO LTD.,CHINA (MAINLAND),CHANGSHU,CHINA (MAINLAND)
2023,470329,SINAR MAS,INDAH KIAT,PERAWANG,RIAU,100,45750,SINAR MAS,JIANGSU BOHUI PAPER INDUSTRY CO LTD.,CHINA (MAINLAND),CHANGSHU,CHINA (MAINLAND)
2023,470329,SINAR MAS,INDAH KIAT,PERAWANG,RIAU,300,120300,KAILASH,GENUS PAPER & BOARDS LTD,INDIA,KANDLA,INDIA
2023,470200,ROYAL GOLDEN EAGLE,APRIL,BUATAN,RIAU,507,297715,ROYAL GOLDEN EAGLE,APRIL FAR EAST MALAYSIA SDN BHD,MALAYSIA,LIANYUNGANG,CHINA (MAINLAND)
2023,470329,SINAR MAS,OKI,SULTAN MAHMUD BADARUDDIN (U),SUMATERA SELATAN,500,204950,MEGHNA GROUP OF INDUSTRIES,MEGHNA PULP AND PAPER MILLS LTD,BANGLADESH,CHATTOGRAM,BANGLADESH
2023,470329,SINAR MAS,OKI,SULTAN MAHMUD BADARUDDIN (U),SUMATERA SELATAN,500,232250,SINAR MAS,KING PAPER SOURCE TRADING (SHANGHAI) CO LTD,CHINA (MAINLAND),QINZHOU,CHINA (MAINLAND)
2023,470329,SINAR MAS,INDAH KIAT,PERAWANG,RIAU,500,228750,SINAR MAS,JIANGSU BOHUI PAPER INDUSTRY CO LTD.,CHINA (MAINLAND),CHANGSHU,CHINA (MAINLAND)
2023,470329,SINAR MAS,INDAH KIAT,PERAWANG,RIAU,500,228750,SINAR MAS,JIANGSU BOHUI PAPER INDUSTRY CO LTD.,CHINA (MAINLAND),CHANGSHU,CHINA (MAINLAND)
2023,470329,ROYAL GOLDEN EAGLE,APRIL,BUATAN,RIAU,101,40726,ROYAL GOLDEN EAGLE,APRIL INTERNATIONAL ENTEPRISE PTE LTD,SINGAPORE,ICD MIHAN,INDIA
2023,470329,SINAR MAS,INDAH KIAT,PERAWANG,RIAU,500,220200,PARTEX STAR,PARTEX PAPER MILLS LTD,BANGLADESH,CHATTOGRAM,BANGLADESH
2023,470329,SINAR MAS,OKI,SULTAN MAHMUD BADARUDDIN (U),SUMATERA SELATAN,500,232250,SINAR MAS,KING PAPER SOURCE TRADING (SHANGHAI) CO LTD,CHINA (MAINLAND),QINZHOU,CHINA (MAINLAND)
2023,470329,SINAR MAS,OKI,SULTAN MAHMUD BADARUDDIN (U),SUMATERA SELATAN,500,232250,SINAR MAS,KING PAPER SOURCE TRADING (SHANGHAI) CO LTD,CHINA (MAINLAND),QINZHOU,CHINA (MAINLAND)
2023,470329,SINAR MAS,OKI,SULTAN MAHMUD BADARUDDIN (U),SUMATERA SELATAN,500,232250,SINAR MAS,KING PAPER SOURCE TRADING (SHANGHAI) CO LTD,CHINA (MAINLAND),QINZHOU,CHINA (MAINLAND)
2023,470329,SINAR MAS,INDAH KIAT,PERAWANG,RIAU,40,17592,UNKNOWN AFFILIATION,DAHLIA PRODUCTS CO LTD,MYANMAR,YANGON,MYANMAR
2023,470329,SINAR MAS,INDAH KIAT,PERAWANG,RIAU,500,220200,PARTEX STAR,PARTEX PAPER MILLS LTD,BANGLADESH,CHATTOGRAM,BANGLADESH
2023,470329,SINAR MAS,OKI,SULTAN MAHMUD BADARUDDIN (U),SUMATERA SELATAN,500,232250,SINAR MAS,KING PAPER SOURCE TRADING (SHANGHAI) CO LTD,CHINA (MAINLAND),QINZHOU,CHINA (MAINLAND)
2023,470329,SINAR MAS,OKI,SULTAN MAHMUD BADARUDDIN (U),SUMATERA SELATAN,500,232250,SINAR MAS,KING PAPER SOURCE TRADING (SHANGHAI) CO LTD,CHINA (MAINLAND),QINZHOU,CHINA (MAINLAND)
2023,470329,SINAR MAS,OKI,SULTAN MAHMUD BADARUDDIN (U),SUMATERA SELATAN,500,232250,SINAR MAS,KING PAPER SOURCE TRADING (SHANGHAI) CO LTD,CHINA (MAINLAND),QINZHOU,CHINA (MAINLAND)
2023,470329,SINAR MAS,OKI,SULTAN MAHMUD BADARUDDIN (U),SUMATERA SELATAN,500,232250,SINAR MAS,KING PAPER SOURCE TRADING (SHANGHAI) CO LTD,CHINA (MAINLAND),QINZHOU,CHINA (MAINLAND)
2023,470329,ROYAL GOLDEN EAGLE,APRIL,BUATAN,RIAU,503,203171,ROYAL GOLDEN EAGLE,APRIL INTERNATIONAL ENTEPRISE PTE LTD,SINGAPORE,CHATTOGRAM,BANGLADESH
2023,470329,ROYAL GOLDEN EAGLE,APRIL,BUATAN,RIAU,201,81219,ROYAL GOLDEN EAGLE,APRIL INTERNATIONAL ENTEPRISE PTE LTD,SINGAPORE,CALCUTTA,INDIA
2023,470329,SINAR MAS,INDAH KIAT,PERAWANG,RIAU,500,217817,PARTEX STAR,PARTEX TISSUE LTD,KUWAIT,SHUAIBA,KUWAIT
2023,470329,SINAR MAS,OKI,SULTAN MAHMUD BADARUDDIN (U),SUMATERA SELATAN,500,232250,SINAR MAS,KING PAPER SOURCE TRADING (SHANGHAI) CO LTD,CHINA (MAINLAND),QINZHOU,CHINA (MAINLAND)
2023,470329,SINAR MAS,OKI,SULTAN MAHMUD BADARUDDIN (U),SUMATERA SELATAN,500,232250,SINAR MAS,KING PAPER SOURCE TRADING (SHANGHAI) CO LTD,CHINA (MAINLAND),QINZHOU,CHINA (MAINLAND)
2023,470329,ROYAL GOLDEN EAGLE,APRIL,BUATAN,RIAU,503,203117,ROYAL GOLDEN EAGLE,APRIL INTERNATIONAL ENTEPRISE PTE LTD,SINGAPORE,HAIPHONG,VIETNAM
2023,470200,ROYAL GOLDEN EAGLE,APRIL,BUATAN,RIAU,506,297216,ROYAL GOLDEN EAGLE,APRIL FAR EAST MALAYSIA SDN BHD,MALAYSIA,JIUJIANG,CHINA (MAINLAND)
2023,470329,MARUBENI,TANJUNG ENIM LESTARI,PANJANG,SUMATERA SELATAN,518,257637,MARUBENI,MARUBENI CORP,JAPAN,NINGBO,CHINA (MAINLAND)
2023,470329,SINAR MAS,OKI,SULTAN MAHMUD BADARUDDIN (U),SUMATERA SELATAN,500,232250,SINAR MAS,KING PAPER SOURCE TRADING (SHANGHAI) CO LTD,CHINA (MAINLAND),QINZHOU,CHINA (MAINLAND)
2023,470329,ROYAL GOLDEN EAGLE,APRIL,BUATAN,RIAU,503,203334,ROYAL GOLDEN EAGLE,APRIL INTERNATIONAL ENTEPRISE PTE LTD,SINGAPORE,CHATTOGRAM,BANGLADESH
2023,470329,SINAR MAS,OKI,SULTAN MAHMUD BADARUDDIN (U),SUMATERA SELATAN,500,232250,SINAR MAS,KING PAPER SOURCE TRADING (SHANGHAI) CO LTD,CHINA (MAINLAND),QINZHOU,CHINA (MAINLAND)
2023,470329,SINAR MAS,OKI,SULTAN MAHMUD BADARUDDIN (U),SUMATERA SELATAN,500,232250,SINAR MAS,KING PAPER SOURCE TRADING (SHANGHAI) CO LTD,CHINA (MAINLAND),QINZHOU,CHINA (MAINLAND)
2023,470329,SINAR MAS,INDAH KIAT,PERAWANG,RIAU,500,217817,GULF PAPER,GULF PAPER MANUFACTURING CO KSC,KUWAIT,SHUAIBA,KUWAIT
2023,470329,SINAR MAS,OKI,SULTAN MAHMUD BADARUDDIN (U),SUMATERA SELATAN,500,232250,SINAR MAS,KING PAPER SOURCE TRADING (SHANGHAI) CO LTD,CHINA (MAINLAND),QINZHOU,CHINA (MAINLAND)
2023,470329,SINAR MAS,OKI,SULTAN MAHMUD BADARUDDIN (U),SUMATERA SELATAN,500,232250,SINAR MAS,KING PAPER SOURCE TRADING (SHANGHAI) CO LTD,CHINA (MAINLAND),QINZHOU,CHINA (MAINLAND)
2023,470329,SINAR MAS,INDAH KIAT,PERAWANG,RIAU,500,215250,SINAR MAS,JIANGSU BOHUI PAPER INDUSTRY CO LTD.,CHINA (MAINLAND),CHANGSHU,CHINA (MAINLAND)
2023,470329,SINAR MAS,INDAH KIAT,PERAWANG,RIAU,500,215250,SINAR MAS,JIANGSU BOHUI PAPER INDUSTRY CO LTD.,CHINA (MAINLAND),CHANGSHU,CHINA (MAINLAND)
2023,470329,SINAR MAS,INDAH KIAT,PERAWANG,RIAU,500,215250,SINAR MAS,JIANGSU BOHUI PAPER INDUSTRY CO LTD.,CHINA (MAINLAND),CHANGSHU,CHINA (MAINLAND)
2023,470329,SINAR MAS,INDAH KIAT,PERAWANG,RIAU,500,215250,SINAR MAS,JIANGSU BOHUI PAPER INDUSTRY CO LTD.,CHINA (MAINLAND),CHANGSHU,CHINA (MAINLAND)
2023,470329,SINAR MAS,INDAH KIAT,PERAWANG,RIAU,500,215250,SINAR MAS,JIANGSU BOHUI PAPER INDUSTRY CO LTD.,CHINA (MAINLAND),CHANGSHU,CHINA (MAINLAND)
2023,470329,SINAR MAS,INDAH KIAT,PERAWANG,RIAU,500,215250,SINAR MAS,JIANGSU BOHUI PAPER INDUSTRY CO LTD.,CHINA (MAINLAND),CHANGSHU,CHINA (MAINLAND)
2023,470329,SINAR MAS,INDAH KIAT,PERAWANG,RIAU,100,43050,SINAR MAS,JIANGSU BOHUI PAPER INDUSTRY CO LTD.,CHINA (MAINLAND),CHANGSHU,CHINA (MAINLAND)
2023,470329,SINAR MAS,INDAH KIAT,PERAWANG,RIAU,500,215250,SINAR MAS,JIANGSU BOHUI PAPER INDUSTRY CO LTD.,CHINA (MAINLAND),CHANGSHU,CHINA (MAINLAND)
2023,470329,SINAR MAS,INDAH KIAT,PERAWANG,RIAU,500,215250,SINAR MAS,JIANGSU BOHUI PAPER INDUSTRY CO LTD.,CHINA (MAINLAND),CHANGSHU,CHINA (MAINLAND)
2023,470329,SINAR MAS,INDAH KIAT,PERAWANG,RIAU,500,215250,SINAR MAS,JIANGSU BOHUI PAPER INDUSTRY CO LTD.,CHINA (MAINLAND),CHANGSHU,CHINA (MAINLAND)
2023,470329,SINAR MAS,INDAH KIAT,PERAWANG,RIAU,500,215250,SINAR MAS,JIANGSU BOHUI PAPER INDUSTRY CO LTD.,CHINA (MAINLAND),CHANGSHU,CHINA (MAINLAND)
2023,470329,SINAR MAS,INDAH KIAT,PERAWANG,RIAU,500,215250,SINAR MAS,JIANGSU BOHUI PAPER INDUSTRY CO LTD.,CHINA (MAINLAND),CHANGSHU,CHINA (MAINLAND)
2023,470329,SINAR MAS,INDAH KIAT,PERAWANG,RIAU,500,200500,ADITYA BIRLA,CENTURY PULP AND PAPER,INDIA,KANDLA,INDIA
2023,470329,SINAR MAS,INDAH KIAT,PERAWANG,RIAU,500,200500,ADITYA BIRLA,CENTURY PULP AND PAPER,INDIA,KANDLA,INDIA
2023,470329,SINAR MAS,INDAH KIAT,PERAWANG,RIAU,500,200500,ADITYA BIRLA,CENTURY PULP AND PAPER,INDIA,KANDLA,INDIA
2023,470329,SINAR MAS,INDAH KIAT,PERAWANG,RIAU,500,215250,SINAR MAS,JIANGSU BOHUI PAPER INDUSTRY CO LTD.,CHINA (MAINLAND),CHANGSHU,CHINA (MAINLAND)
2023,470329,SINAR MAS,INDAH KIAT,PERAWANG,RIAU,500,215250,SINAR MAS,JIANGSU BOHUI PAPER INDUSTRY CO LTD.,CHINA (MAINLAND),CHANGSHU,CHINA (MAINLAND)
2023,470329,SINAR MAS,INDAH KIAT,PERAWANG,RIAU,500,215250,SINAR MAS,JIANGSU BOHUI PAPER INDUSTRY CO LTD.,CHINA (MAINLAND),CHANGSHU,CHINA (MAINLAND)
2023,470329,SINAR MAS,INDAH KIAT,PERAWANG,RIAU,500,215250,SINAR MAS,JIANGSU BOHUI PAPER INDUSTRY CO LTD.,CHINA (MAINLAND),CHANGSHU,CHINA (MAINLAND)
2023,470329,SINAR MAS,INDAH KIAT,PERAWANG,RIAU,500,215250,SINAR MAS,JIANGSU BOHUI PAPER INDUSTRY CO LTD.,CHINA (MAINLAND),CHANGSHU,CHINA (MAINLAND)
2023,470329,SINAR MAS,INDAH KIAT,PERAWANG,RIAU,500,215250,SINAR MAS,JIANGSU BOHUI PAPER INDUSTRY CO LTD.,CHINA (MAINLAND),CHANGSHU,CHINA (MAINLAND)
2023,470329,SINAR MAS,INDAH KIAT,PERAWANG,RIAU,300,128550,SINAR MAS,JIANGSU BOHUI PAPER INDUSTRY CO LTD.,CHINA (MAINLAND),CHANGSHU,CHINA (MAINLAND)
2023,470329,SINAR MAS,INDAH KIAT,PERAWANG,RIAU,500,200500,ADITYA BIRLA,CENTURY PULP AND PAPER,INDIA,KANDLA,INDIA
2023,470329,SINAR MAS,INDAH KIAT,PERAWANG,RIAU,500,200500,ADITYA BIRLA,CENTURY PULP AND PAPER,INDIA,KANDLA,INDIA
2023,470329,SINAR MAS,INDAH KIAT,PERAWANG,RIAU,500,200500,ADITYA BIRLA,CENTURY PULP AND PAPER,INDIA,KANDLA,INDIA
2023,470329,SINAR MAS,INDAH KIAT,PERAWANG,RIAU,500,215250,SINAR MAS,JIANGSU BOHUI PAPER INDUSTRY CO LTD.,CHINA (MAINLAND),CHANGSHU,CHINA (MAINLAND)
2023,470329,SINAR MAS,INDAH KIAT,PERAWANG,RIAU,300,120300,KAILASH,GENUS PAPER & BOARDS LTD,INDIA,KANDLA,INDIA
2023,470200,ROYAL GOLDEN EAGLE,APRIL,BUATAN,RIAU,506,297109,ROYAL GOLDEN EAGLE,APRIL FAR EAST MALAYSIA SDN BHD,MALAYSIA,LIANYUNGANG,CHINA (MAINLAND)
2023,470329,SINAR MAS,INDAH KIAT,PERAWANG,RIAU,500,215250,SINAR MAS,JIANGSU BOHUI PAPER INDUSTRY CO LTD.,CHINA (MAINLAND),CHANGSHU,CHINA (MAINLAND)
2023,470329,SINAR MAS,INDAH KIAT,PERAWANG,RIAU,500,200500,ADITYA BIRLA,CENTURY PULP AND PAPER,INDIA,KANDLA,INDIA
2023,470329,SINAR MAS,INDAH KIAT,PERAWANG,RIAU,500,200500,ADITYA BIRLA,CENTURY PULP AND PAPER,INDIA,KANDLA,INDIA
2023,470329,SINAR MAS,INDAH KIAT,PERAWANG,RIAU,500,215250,SINAR MAS,JIANGSU BOHUI PAPER INDUSTRY CO LTD.,CHINA (MAINLAND),CHANGSHU,CHINA (MAINLAND)
2023,470329,SINAR MAS,INDAH KIAT,PERAWANG,RIAU,500,215250,SINAR MAS,JIANGSU BOHUI PAPER INDUSTRY CO LTD.,CHINA (MAINLAND),CHANGSHU,CHINA (MAINLAND)
2023,470329,SINAR MAS,INDAH KIAT,PERAWANG,RIAU,500,215250,SINAR MAS,JIANGSU BOHUI PAPER INDUSTRY CO LTD.,CHINA (MAINLAND),CHANGSHU,CHINA (MAINLAND)
2023,470329,SINAR MAS,INDAH KIAT,PERAWANG,RIAU,500,215250,SINAR MAS,JIANGSU BOHUI PAPER INDUSTRY CO LTD.,CHINA (MAINLAND),CHANGSHU,CHINA (MAINLAND)
2023,470329,SINAR MAS,INDAH KIAT,PERAWANG,RIAU,500,200500,ADITYA BIRLA,CENTURY PULP AND PAPER,INDIA,KANDLA,INDIA
2023,470200,ROYAL GOLDEN EAGLE,APRIL,BUATAN,RIAU,1032,598132,ROYAL GOLDEN EAGLE,APRIL FAR EAST MALAYSIA SDN BHD,MALAYSIA,FUZHOU,CHINA (MAINLAND)
2023,470329,SINAR MAS,INDAH KIAT,PERAWANG,RIAU,500,215250,SINAR MAS,JIANGSU BOHUI PAPER INDUSTRY CO LTD.,CHINA (MAINLAND),CHANGSHU,CHINA (MAINLAND)
2023,470329,SINAR MAS,INDAH KIAT,PERAWANG,RIAU,300,120300,KAILASH,GENUS PAPER & BOARDS LTD,INDIA,KANDLA,INDIA
2023,470329,SINAR MAS,INDAH KIAT,PERAWANG,RIAU,500,200500,ADITYA BIRLA,CENTURY PULP AND PAPER,INDIA,KANDLA,INDIA
2023,470200,ROYAL GOLDEN EAGLE,APRIL,BUATAN,RIAU,1013,579419,ROYAL GOLDEN EAGLE,APRIL FAR EAST MALAYSIA SDN BHD,MALAYSIA,FUZHOU,CHINA (MAINLAND)
2023,470329,ROYAL GOLDEN EAGLE,APRIL,BUATAN,RIAU,81,32675,ROYAL GOLDEN EAGLE,APRIL INTERNATIONAL ENTEPRISE PTE LTD,SINGAPORE,JAWAHARLAL NEHRU (NHAVA S,INDIA
2023,470329,MARUBENI,TANJUNG ENIM LESTARI,PANJANG,SUMATERA SELATAN,78,42749,MARUBENI,MARUBENI CORP,JAPAN,SHIMIZU,JAPAN
2023,470329,ROYAL GOLDEN EAGLE,APRIL,BUATAN,RIAU,501,202575,ROYAL GOLDEN EAGLE,APRIL INTERNATIONAL ENTEPRISE PTE LTD,SINGAPORE,CHATTOGRAM,BANGLADESH
2023,470329,MARUBENI,TANJUNG ENIM LESTARI,PANJANG,SUMATERA SELATAN,20,10753,MARUBENI,MARUBENI CORP,JAPAN,SHIMIZU,JAPAN
2023,470200,ROYAL GOLDEN EAGLE,APRIL,BUATAN,RIAU,506,297282,ROYAL GOLDEN EAGLE,APRIL FAR EAST MALAYSIA SDN BHD,MALAYSIA,FUZHOU,CHINA (MAINLAND)
2023,470200,ROYAL GOLDEN EAGLE,APRIL,BUATAN,RIAU,506,297277,ROYAL GOLDEN EAGLE,APRIL FAR EAST MALAYSIA SDN BHD,MALAYSIA,JIUJIANG,CHINA (MAINLAND)
2023,470200,ROYAL GOLDEN EAGLE,APRIL,BUATAN,RIAU,507,297698,ROYAL GOLDEN EAGLE,APRIL FAR EAST MALAYSIA SDN BHD,MALAYSIA,JIUJIANG,CHINA (MAINLAND)
2023,470200,ROYAL GOLDEN EAGLE,APRIL,BUATAN,RIAU,507,297523,ROYAL GOLDEN EAGLE,APRIL FAR EAST MALAYSIA SDN BHD,MALAYSIA,JIUJIANG,CHINA (MAINLAND)
2023,470329,ROYAL GOLDEN EAGLE,APRIL,BUATAN,RIAU,502,202949,ROYAL GOLDEN EAGLE,APRIL INTERNATIONAL ENTEPRISE PTE LTD,SINGAPORE,ABU DHABI,NEW ZEALAND
2023,470329,ROYAL GOLDEN EAGLE,APRIL,BUATAN,RIAU,81,32655,ROYAL GOLDEN EAGLE,APRIL INTERNATIONAL ENTEPRISE PTE LTD,SINGAPORE,JAWAHARLAL NEHRU (NHAVA S,INDIA
2023,470329,ROYAL GOLDEN EAGLE,APRIL,BUATAN,RIAU,80,32463,ROYAL GOLDEN EAGLE,APRIL INTERNATIONAL ENTEPRISE PTE LTD,SINGAPORE,JAWAHARLAL NEHRU (NHAVA S,INDIA
2023,470329,ROYAL GOLDEN EAGLE,APRIL,BUATAN,RIAU,61,24452,ROYAL GOLDEN EAGLE,APRIL INTERNATIONAL ENTEPRISE PTE LTD,SINGAPORE,JAWAHARLAL NEHRU (NHAVA S,INDIA
2023,470329,SINAR MAS,INDAH KIAT,PERAWANG,RIAU,500,228388,XSD INTERNATIONAL,XSD INTERNATIONAL PAPER SDN BHD,MALAYSIA,PENANG (GEORGETOWN),MALAYSIA
2023,470329,ROYAL GOLDEN EAGLE,APRIL,BUATAN,RIAU,121,48902,ROYAL GOLDEN EAGLE,APRIL INTERNATIONAL ENTEPRISE PTE LTD,SINGAPORE,JAWAHARLAL NEHRU (NHAVA S,INDIA
2023,470200,ROYAL GOLDEN EAGLE,APRIL,BUATAN,RIAU,506,296855,ROYAL GOLDEN EAGLE,APRIL FAR EAST MALAYSIA SDN BHD,MALAYSIA,LIANYUNGANG,CHINA (MAINLAND)
2023,470200,ROYAL GOLDEN EAGLE,APRIL,BUATAN,RIAU,506,296804,ROYAL GOLDEN EAGLE,APRIL FAR EAST MALAYSIA SDN BHD,MALAYSIA,FUZHOU,CHINA (MAINLAND)
2023,470329,ROYAL GOLDEN EAGLE,APRIL,BUATAN,RIAU,301,121797,ROYAL GOLDEN EAGLE,APRIL INTERNATIONAL ENTEPRISE PTE LTD,SINGAPORE,CHATTOGRAM,BANGLADESH
2023,470200,ROYAL GOLDEN EAGLE,APRIL,BUATAN,RIAU,506,297011,ROYAL GOLDEN EAGLE,APRIL FAR EAST MALAYSIA SDN BHD,MALAYSIA,JIUJIANG,CHINA (MAINLAND)
2023,470200,ROYAL GOLDEN EAGLE,APRIL,BUATAN,RIAU,507,297787,ROYAL GOLDEN EAGLE,APRIL FAR EAST MALAYSIA SDN BHD,MALAYSIA,JIUJIANG,CHINA (MAINLAND)
2023,470329,SINAR MAS,INDAH KIAT,PERAWANG,RIAU,500,214250,SINAR MAS,KING PAPER SOURCE TRADING (SHANGHAI) CO LTD,CHINA (MAINLAND),DAGANG,CHINA (MAINLAND)
2023,470329,SINAR MAS,INDAH KIAT,PERAWANG,RIAU,500,214250,SINAR MAS,KING PAPER SOURCE TRADING (SHANGHAI) CO LTD,CHINA (MAINLAND),DAGANG,CHINA (MAINLAND)
2023,470329,SINAR MAS,INDAH KIAT,PERAWANG,RIAU,500,214250,SINAR MAS,KING PAPER SOURCE TRADING (SHANGHAI) CO LTD,CHINA (MAINLAND),DAGANG,CHINA (MAINLAND)
2023,470329,SINAR MAS,INDAH KIAT,PERAWANG,RIAU,500,214250,SINAR MAS,KING PAPER SOURCE TRADING (SHANGHAI) CO LTD,CHINA (MAINLAND),DAGANG,CHINA (MAINLAND)
2023,470329,ROYAL GOLDEN EAGLE,APRIL,FUTONG,RIAU,3708,1498224,ROYAL GOLDEN EAGLE,APRIL INTERNATIONAL ENTEPRISE PTE LTD,SINGAPORE,PYONGTAEK,SOUTH KOREA
2023,470329,ROYAL GOLDEN EAGLE,APRIL,FUTONG,RIAU,3092,1249173,ROYAL GOLDEN EAGLE,APRIL INTERNATIONAL ENTEPRISE PTE LTD,SINGAPORE,GUNSAN (ES KUNSAN),SOUTH KOREA
2023,470329,SINAR MAS,INDAH KIAT,PERAWANG,RIAU,500,214250,SINAR MAS,KING PAPER SOURCE TRADING (SHANGHAI) CO LTD,CHINA (MAINLAND),DAGANG,CHINA (MAINLAND)
2023,470329,SINAR MAS,INDAH KIAT,PERAWANG,RIAU,500,214250,SINAR MAS,KING PAPER SOURCE TRADING (SHANGHAI) CO LTD,CHINA (MAINLAND),DAGANG,CHINA (MAINLAND)
2023,470329,SINAR MAS,INDAH KIAT,PERAWANG,RIAU,500,214250,SINAR MAS,KING PAPER SOURCE TRADING (SHANGHAI) CO LTD,CHINA (MAINLAND),DAGANG,CHINA (MAINLAND)
2023,470329,ROYAL GOLDEN EAGLE,APRIL,BUATAN,RIAU,1527,568011,ROYAL GOLDEN EAGLE,APRIL INTERNATIONAL ENTEPRISE PTE LTD,SINGAPORE,NINGBO,CHINA (MAINLAND)
2023,470329,SINAR MAS,INDAH KIAT,PERAWANG,RIAU,500,214250,SINAR MAS,KING PAPER SOURCE TRADING (SHANGHAI) CO LTD,CHINA (MAINLAND),DAGANG,CHINA (MAINLAND)
2023,470329,SINAR MAS,INDAH KIAT,PERAWANG,RIAU,500,214250,SINAR MAS,KING PAPER SOURCE TRADING (SHANGHAI) CO LTD,CHINA (MAINLAND),DAGANG,CHINA (MAINLAND)
2023,470329,SINAR MAS,INDAH KIAT,PERAWANG,RIAU,500,214250,SINAR MAS,KING PAPER SOURCE TRADING (SHANGHAI) CO LTD,CHINA (MAINLAND),DAGANG,CHINA (MAINLAND)
2023,470329,SINAR MAS,INDAH KIAT,PERAWANG,RIAU,500,214250,SINAR MAS,KING PAPER SOURCE TRADING (SHANGHAI) CO LTD,CHINA (MAINLAND),DAGANG,CHINA (MAINLAND)
2023,470329,SINAR MAS,INDAH KIAT,PERAWANG,RIAU,500,214250,SINAR MAS,KING PAPER SOURCE TRADING (SHANGHAI) CO LTD,CHINA (MAINLAND),DAGANG,CHINA (MAINLAND)
2023,470329,SINAR MAS,INDAH KIAT,PERAWANG,RIAU,500,214250,SINAR MAS,KING PAPER SOURCE TRADING (SHANGHAI) CO LTD,CHINA (MAINLAND),DAGANG,CHINA (MAINLAND)
2023,470329,SINAR MAS,INDAH KIAT,PERAWANG,RIAU,500,214250,SINAR MAS,KING PAPER SOURCE TRADING (SHANGHAI) CO LTD,CHINA (MAINLAND),DAGANG,CHINA (MAINLAND)
2023,470329,SINAR MAS,INDAH KIAT,PERAWANG,RIAU,500,214250,SINAR MAS,KING PAPER SOURCE TRADING (SHANGHAI) CO LTD,CHINA (MAINLAND),DAGANG,CHINA (MAINLAND)
2023,470329,SINAR MAS,INDAH KIAT,PERAWANG,RIAU,500,214250,SINAR MAS,KING PAPER SOURCE TRADING (SHANGHAI) CO LTD,CHINA (MAINLAND),DAGANG,CHINA (MAINLAND)
2023,470329,SINAR MAS,INDAH KIAT,PERAWANG,RIAU,500,214250,SINAR MAS,KING PAPER SOURCE TRADING (SHANGHAI) CO LTD,CHINA (MAINLAND),DAGANG,CHINA (MAINLAND)
2023,470200,ROYAL GOLDEN EAGLE,APRIL,BUATAN,RIAU,506,289429,ROYAL GOLDEN EAGLE,APRIL FAR EAST MALAYSIA SDN BHD,MALAYSIA,JIUJIANG,CHINA (MAINLAND)
2023,470329,MARUBENI,TANJUNG ENIM LESTARI,PANJANG,SUMATERA SELATAN,519,259583,MARUBENI,MARUBENI CORP,JAPAN,NINGBO,CHINA (MAINLAND)
2023,470329,SINAR MAS,INDAH KIAT,PERAWANG,RIAU,500,214250,SINAR MAS,KING PAPER SOURCE TRADING (SHANGHAI) CO LTD,CHINA (MAINLAND),DAGANG,CHINA (MAINLAND)
2023,470329,SINAR MAS,INDAH KIAT,PERAWANG,RIAU,500,214250,SINAR MAS,KING PAPER SOURCE TRADING (SHANGHAI) CO LTD,CHINA (MAINLAND),DAGANG,CHINA (MAINLAND)
2023,470329,SINAR MAS,INDAH KIAT,PERAWANG,RIAU,500,214250,SINAR MAS,KING PAPER SOURCE TRADING (SHANGHAI) CO LTD,CHINA (MAINLAND),DAGANG,CHINA (MAINLAND)
2023,470329,SINAR MAS,INDAH KIAT,PERAWANG,RIAU,258,110553,SINAR MAS,KING PAPER SOURCE TRADING (SHANGHAI) CO LTD,CHINA (MAINLAND),DAGANG,CHINA (MAINLAND)
2023,470329,ROYAL GOLDEN EAGLE,APRIL,FUTONG,RIAU,1238,499954,ROYAL GOLDEN EAGLE,APRIL FAR EAST MALAYSIA SDN BHD,MALAYSIA,IYOMISHIMA,JAPAN
2023,470329,MARUBENI,TANJUNG ENIM LESTARI,PANJANG,SUMATERA SELATAN,517,254028,MARUBENI,MARUBENI CORP,JAPAN,WUHAN,CHINA (MAINLAND)
2023,470329,MARUBENI,TANJUNG ENIM LESTARI,PANJANG,SUMATERA SELATAN,517,253329,MARUBENI,MARUBENI CORP,JAPAN,WUHAN,CHINA (MAINLAND)
2023,470329,SINAR MAS,INDAH KIAT,PERAWANG,RIAU,500,214250,SINAR MAS,KING PAPER SOURCE TRADING (SHANGHAI) CO LTD,CHINA (MAINLAND),DAGANG,CHINA (MAINLAND)
2023,470329,SINAR MAS,INDAH KIAT,PERAWANG,RIAU,500,214250,SINAR MAS,KING PAPER SOURCE TRADING (SHANGHAI) CO LTD,CHINA (MAINLAND),DAGANG,CHINA (MAINLAND)
2023,470329,SINAR MAS,INDAH KIAT,PERAWANG,RIAU,500,217817,GULF PAPER,GULF PAPER MANUFACTURING CO KSC,KUWAIT,SHUAIBA,KUWAIT
2023,440122,ROYAL GOLDEN EAGLE,BALIKPAPAN CHIP LESTARI,BALIKPAPAN,KALIMANTAN TIMUR,18934,2764363,ROYAL GOLDEN EAGLE,ASIA SYMBOL (SHANDONG) PULP AND PAPER,CHINA (MAINLAND),RIZHAO,CHINA (MAINLAND)
2023,470200,ROYAL GOLDEN EAGLE,APRIL,BUATAN,RIAU,507,289761,ROYAL GOLDEN EAGLE,APRIL FAR EAST MALAYSIA SDN BHD,MALAYSIA,LIANYUNGANG,CHINA (MAINLAND)
2023,470329,ROYAL GOLDEN EAGLE,APRIL,FUTONG,RIAU,7632,3083164,ROYAL GOLDEN EAGLE,APRIL INTERNATIONAL ENTEPRISE PTE LTD,SINGAPORE,HALDIA,INDIA
2023,470329,ROYAL GOLDEN EAGLE,APRIL,BUATAN,RIAU,502,193299,ROYAL GOLDEN EAGLE,APRIL INTERNATIONAL ENTEPRISE PTE LTD,SINGAPORE,CHAWAPAYAL,INDIA
2023,470329,ROYAL GOLDEN EAGLE,APRIL,BUATAN,RIAU,301,115961,ROYAL GOLDEN EAGLE,APRIL INTERNATIONAL ENTEPRISE PTE LTD,SINGAPORE,SANAND,INDIA
2023,470200,ROYAL GOLDEN EAGLE,APRIL,BUATAN,RIAU,506,297008,ROYAL GOLDEN EAGLE,APRIL FAR EAST MALAYSIA SDN BHD,MALAYSIA,JIUJIANG,CHINA (MAINLAND)
2023,470329,ROYAL GOLDEN EAGLE,APRIL,BUATAN,RIAU,201,81392,ROYAL GOLDEN EAGLE,APRIL INTERNATIONAL ENTEPRISE PTE LTD,SINGAPORE,JAWAHARLAL NEHRU (NHAVA S,INDIA
2023,470329,ROYAL GOLDEN EAGLE,APRIL,BUATAN,RIAU,121,49023,ROYAL GOLDEN EAGLE,APRIL INTERNATIONAL ENTEPRISE PTE LTD,SINGAPORE,JAWAHARLAL NEHRU (NHAVA S,INDIA
2023,470200,ROYAL GOLDEN EAGLE,APRIL,BUATAN,RIAU,506,289507,ROYAL GOLDEN EAGLE,APRIL FAR EAST MALAYSIA SDN BHD,MALAYSIA,LIANYUNGANG,CHINA (MAINLAND)
2023,470200,ROYAL GOLDEN EAGLE,APRIL,BUATAN,RIAU,507,297493,ROYAL GOLDEN EAGLE,APRIL FAR EAST MALAYSIA SDN BHD,MALAYSIA,JIUJIANG,CHINA (MAINLAND)
2023,470200,ROYAL GOLDEN EAGLE,APRIL,BUATAN,RIAU,506,296980,ROYAL GOLDEN EAGLE,APRIL FAR EAST MALAYSIA SDN BHD,MALAYSIA,JIUJIANG,CHINA (MAINLAND)
2023,470200,ROYAL GOLDEN EAGLE,APRIL,BUATAN,RIAU,506,297304,ROYAL GOLDEN EAGLE,APRIL FAR EAST MALAYSIA SDN BHD,MALAYSIA,LIANYUNGANG,CHINA (MAINLAND)
2023,470200,ROYAL GOLDEN EAGLE,APRIL,BUATAN,RIAU,506,297190,ROYAL GOLDEN EAGLE,APRIL FAR EAST MALAYSIA SDN BHD,MALAYSIA,JIUJIANG,CHINA (MAINLAND)
2023,470329,ROYAL GOLDEN EAGLE,APRIL,BUATAN,RIAU,502,202842,ROYAL GOLDEN EAGLE,APRIL INTERNATIONAL ENTEPRISE PTE LTD,SINGAPORE,HAIPHONG,VIETNAM
2023,470329,SINAR MAS,OKI,SULTAN MAHMUD BADARUDDIN (U),SUMATERA SELATAN,500,232250,SINAR MAS,KING PAPER SOURCE TRADING (SHANGHAI) CO LTD,CHINA (MAINLAND),CHANGSHU,CHINA (MAINLAND)
2023,470329,SINAR MAS,OKI,SULTAN MAHMUD BADARUDDIN (U),SUMATERA SELATAN,500,232250,SINAR MAS,KING PAPER SOURCE TRADING (SHANGHAI) CO LTD,CHINA (MAINLAND),CHANGSHU,CHINA (MAINLAND)
2023,470329,SINAR MAS,OKI,SULTAN MAHMUD BADARUDDIN (U),SUMATERA SELATAN,500,232250,SINAR MAS,KING PAPER SOURCE TRADING (SHANGHAI) CO LTD,CHINA (MAINLAND),CHANGSHU,CHINA (MAINLAND)
2023,470329,SINAR MAS,OKI,SULTAN MAHMUD BADARUDDIN (U),SUMATERA SELATAN,500,232250,SINAR MAS,KING PAPER SOURCE TRADING (SHANGHAI) CO LTD,CHINA (MAINLAND),CHANGSHU,CHINA (MAINLAND)
2023,470329,SINAR MAS,OKI,SULTAN MAHMUD BADARUDDIN (U),SUMATERA SELATAN,500,216954,SINAR MAS,JIANGSU BOHUI PAPER INDUSTRY CO LTD.,CHINA (MAINLAND),CHANGSHU,CHINA (MAINLAND)
2023,470329,SINAR MAS,OKI,SULTAN MAHMUD BADARUDDIN (U),SUMATERA SELATAN,500,216954,SINAR MAS,JIANGSU BOHUI PAPER INDUSTRY CO LTD.,CHINA (MAINLAND),CHANGSHU,CHINA (MAINLAND)
2023,470329,SINAR MAS,OKI,SULTAN MAHMUD BADARUDDIN (U),SUMATERA SELATAN,500,232250,SINAR MAS,KING PAPER SOURCE TRADING (SHANGHAI) CO LTD,CHINA (MAINLAND),CHANGSHU,CHINA (MAINLAND)
2023,470329,SINAR MAS,OKI,SULTAN MAHMUD BADARUDDIN (U),SUMATERA SELATAN,500,232250,SINAR MAS,KING PAPER SOURCE TRADING (SHANGHAI) CO LTD,CHINA (MAINLAND),CHANGSHU,CHINA (MAINLAND)
2023,470329,SINAR MAS,OKI,SULTAN MAHMUD BADARUDDIN (U),SUMATERA SELATAN,500,217250,SINAR MAS,JIANGSU BOHUI PAPER INDUSTRY CO LTD.,CHINA (MAINLAND),CHANGSHU,CHINA (MAINLAND)
2023,470329,SINAR MAS,OKI,SULTAN MAHMUD BADARUDDIN (U),SUMATERA SELATAN,500,217250,SINAR MAS,JIANGSU BOHUI PAPER INDUSTRY CO LTD.,CHINA (MAINLAND),CHANGSHU,CHINA (MAINLAND)
2023,470329,SINAR MAS,OKI,SULTAN MAHMUD BADARUDDIN (U),SUMATERA SELATAN,500,216954,SINAR MAS,JIANGSU BOHUI PAPER INDUSTRY CO LTD.,CHINA (MAINLAND),CHANGSHU,CHINA (MAINLAND)
2023,470329,SINAR MAS,OKI,SULTAN MAHMUD BADARUDDIN (U),SUMATERA SELATAN,500,216954,SINAR MAS,JIANGSU BOHUI PAPER INDUSTRY CO LTD.,CHINA (MAINLAND),CHANGSHU,CHINA (MAINLAND)
2023,470329,SINAR MAS,INDAH KIAT,PERAWANG,RIAU,460,192405,UNKNOWN AFFILIATION,NEW TOYO PULPPY (VIETNAM) CO LTD,VIETNAM,CAT LAI,VIETNAM
2023,470329,SINAR MAS,OKI,SULTAN MAHMUD BADARUDDIN (U),SUMATERA SELATAN,500,232250,SINAR MAS,KING PAPER SOURCE TRADING (SHANGHAI) CO LTD,CHINA (MAINLAND),CHANGSHU,CHINA (MAINLAND)
2023,470329,SINAR MAS,OKI,SULTAN MAHMUD BADARUDDIN (U),SUMATERA SELATAN,500,232250,SINAR MAS,KING PAPER SOURCE TRADING (SHANGHAI) CO LTD,CHINA (MAINLAND),CHANGSHU,CHINA (MAINLAND)
2023,470329,SINAR MAS,OKI,SULTAN MAHMUD BADARUDDIN (U),SUMATERA SELATAN,500,232250,SINAR MAS,KING PAPER SOURCE TRADING (SHANGHAI) CO LTD,CHINA (MAINLAND),CHANGSHU,CHINA (MAINLAND)
2023,470329,SINAR MAS,OKI,SULTAN MAHMUD BADARUDDIN (U),SUMATERA SELATAN,500,232250,SINAR MAS,KING PAPER SOURCE TRADING (SHANGHAI) CO LTD,CHINA (MAINLAND),CHANGSHU,CHINA (MAINLAND)
2023,470329,SINAR MAS,OKI,SULTAN MAHMUD BADARUDDIN (U),SUMATERA SELATAN,500,232250,SINAR MAS,KING PAPER SOURCE TRADING (SHANGHAI) CO LTD,CHINA (MAINLAND),CHANGSHU,CHINA (MAINLAND)
2023,470329,SINAR MAS,OKI,SULTAN MAHMUD BADARUDDIN (U),SUMATERA SELATAN,500,232250,SINAR MAS,KING PAPER SOURCE TRADING (SHANGHAI) CO LTD,CHINA (MAINLAND),CHANGSHU,CHINA (MAINLAND)
2023,470329,SINAR MAS,OKI,SULTAN MAHMUD BADARUDDIN (U),SUMATERA SELATAN,500,216954,SINAR MAS,JIANGSU BOHUI PAPER INDUSTRY CO LTD.,CHINA (MAINLAND),CHANGSHU,CHINA (MAINLAND)
2023,470329,SINAR MAS,OKI,SULTAN MAHMUD BADARUDDIN (U),SUMATERA SELATAN,500,216954,SINAR MAS,JIANGSU BOHUI PAPER INDUSTRY CO LTD.,CHINA (MAINLAND),CHANGSHU,CHINA (MAINLAND)
2023,470329,SINAR MAS,OKI,SULTAN MAHMUD BADARUDDIN (U),SUMATERA SELATAN,500,232250,SINAR MAS,KING PAPER SOURCE TRADING (SHANGHAI) CO LTD,CHINA (MAINLAND),CHANGSHU,CHINA (MAINLAND)
2023,470329,SINAR MAS,OKI,SULTAN MAHMUD BADARUDDIN (U),SUMATERA SELATAN,500,232250,SINAR MAS,KING PAPER SOURCE TRADING (SHANGHAI) CO LTD,CHINA (MAINLAND),CHANGSHU,CHINA (MAINLAND)
2023,470329,SINAR MAS,OKI,SULTAN MAHMUD BADARUDDIN (U),SUMATERA SELATAN,500,232250,SINAR MAS,KING PAPER SOURCE TRADING (SHANGHAI) CO LTD,CHINA (MAINLAND),CHANGSHU,CHINA (MAINLAND)
2023,470329,SINAR MAS,OKI,SULTAN MAHMUD BADARUDDIN (U),SUMATERA SELATAN,500,232250,SINAR MAS,KING PAPER SOURCE TRADING (SHANGHAI) CO LTD,CHINA (MAINLAND),CHANGSHU,CHINA (MAINLAND)
2023,470329,SINAR MAS,OKI,SULTAN MAHMUD BADARUDDIN (U),SUMATERA SELATAN,500,232250,SINAR MAS,KING PAPER SOURCE TRADING (SHANGHAI) CO LTD,CHINA (MAINLAND),CHANGSHU,CHINA (MAINLAND)
2023,470329,SINAR MAS,OKI,SULTAN MAHMUD BADARUDDIN (U),SUMATERA SELATAN,500,216954,SINAR MAS,JIANGSU BOHUI PAPER INDUSTRY CO LTD.,CHINA (MAINLAND),CHANGSHU,CHINA (MAINLAND)
2023,470329,SINAR MAS,OKI,SULTAN MAHMUD BADARUDDIN (U),SUMATERA SELATAN,500,232250,SINAR MAS,KING PAPER SOURCE TRADING (SHANGHAI) CO LTD,CHINA (MAINLAND),CHANGSHU,CHINA (MAINLAND)
2023,470329,SINAR MAS,OKI,SULTAN MAHMUD BADARUDDIN (U),SUMATERA SELATAN,500,232250,SINAR MAS,KING PAPER SOURCE TRADING (SHANGHAI) CO LTD,CHINA (MAINLAND),CHANGSHU,CHINA (MAINLAND)
2023,470329,SINAR MAS,OKI,SULTAN MAHMUD BADARUDDIN (U),SUMATERA SELATAN,500,232250,SINAR MAS,KING PAPER SOURCE TRADING (SHANGHAI) CO LTD,CHINA (MAINLAND),CHANGSHU,CHINA (MAINLAND)
2023,470329,SINAR MAS,OKI,SULTAN MAHMUD BADARUDDIN (U),SUMATERA SELATAN,500,232250,SINAR MAS,KING PAPER SOURCE TRADING (SHANGHAI) CO LTD,CHINA (MAINLAND),CHANGSHU,CHINA (MAINLAND)
2023,470329,SINAR MAS,OKI,SULTAN MAHMUD BADARUDDIN (U),SUMATERA SELATAN,500,232250,SINAR MAS,KING PAPER SOURCE TRADING (SHANGHAI) CO LTD,CHINA (MAINLAND),CHANGSHU,CHINA (MAINLAND)
2023,470329,SINAR MAS,OKI,SULTAN MAHMUD BADARUDDIN (U),SUMATERA SELATAN,250,116125,SINAR MAS,KING PAPER SOURCE TRADING (SHANGHAI) CO LTD,CHINA (MAINLAND),CHANGSHU,CHINA (MAINLAND)
2023,470329,SINAR MAS,OKI,SULTAN MAHMUD BADARUDDIN (U),SUMATERA SELATAN,100,43450,SINAR MAS,KING PAPER SOURCE TRADING (SHANGHAI) CO LTD,CHINA (MAINLAND),CHANGSHU,CHINA (MAINLAND)
2023,470329,SINAR MAS,OKI,SULTAN MAHMUD BADARUDDIN (U),SUMATERA SELATAN,500,217250,SINAR MAS,JIANGSU BOHUI PAPER INDUSTRY CO LTD.,CHINA (MAINLAND),CHANGSHU,CHINA (MAINLAND)
2023,470329,SINAR MAS,OKI,SULTAN MAHMUD BADARUDDIN (U),SUMATERA SELATAN,500,216954,SINAR MAS,JIANGSU BOHUI PAPER INDUSTRY CO LTD.,CHINA (MAINLAND),CHANGSHU,CHINA (MAINLAND)
2023,470329,SINAR MAS,OKI,SULTAN MAHMUD BADARUDDIN (U),SUMATERA SELATAN,500,232250,SINAR MAS,KING PAPER SOURCE TRADING (SHANGHAI) CO LTD,CHINA (MAINLAND),CHANGSHU,CHINA (MAINLAND)
2023,470329,SINAR MAS,OKI,SULTAN MAHMUD BADARUDDIN (U),SUMATERA SELATAN,500,232250,SINAR MAS,KING PAPER SOURCE TRADING (SHANGHAI) CO LTD,CHINA (MAINLAND),CHANGSHU,CHINA (MAINLAND)
2023,470329,SINAR MAS,OKI,SULTAN MAHMUD BADARUDDIN (U),SUMATERA SELATAN,500,232250,SINAR MAS,KING PAPER SOURCE TRADING (SHANGHAI) CO LTD,CHINA (MAINLAND),CHANGSHU,CHINA (MAINLAND)
2023,470329,SINAR MAS,OKI,SULTAN MAHMUD BADARUDDIN (U),SUMATERA SELATAN,500,232250,SINAR MAS,KING PAPER SOURCE TRADING (SHANGHAI) CO LTD,CHINA (MAINLAND),CHANGSHU,CHINA (MAINLAND)
2023,470329,SINAR MAS,OKI,SULTAN MAHMUD BADARUDDIN (U),SUMATERA SELATAN,500,232250,SINAR MAS,KING PAPER SOURCE TRADING (SHANGHAI) CO LTD,CHINA (MAINLAND),CHANGSHU,CHINA (MAINLAND)
2023,470329,SINAR MAS,OKI,SULTAN MAHMUD BADARUDDIN (U),SUMATERA SELATAN,500,232250,SINAR MAS,KING PAPER SOURCE TRADING (SHANGHAI) CO LTD,CHINA (MAINLAND),CHANGSHU,CHINA (MAINLAND)
2023,470329,SINAR MAS,OKI,SULTAN MAHMUD BADARUDDIN (U),SUMATERA SELATAN,250,116125,SINAR MAS,KING PAPER SOURCE TRADING (SHANGHAI) CO LTD,CHINA (MAINLAND),CHANGSHU,CHINA (MAINLAND)
2023,470329,SINAR MAS,OKI,SULTAN MAHMUD BADARUDDIN (U),SUMATERA SELATAN,500,216954,SINAR MAS,JIANGSU BOHUI PAPER INDUSTRY CO LTD.,CHINA (MAINLAND),CHANGSHU,CHINA (MAINLAND)
2023,470329,SINAR MAS,OKI,SULTAN MAHMUD BADARUDDIN (U),SUMATERA SELATAN,500,216954,SINAR MAS,JIANGSU BOHUI PAPER INDUSTRY CO LTD.,CHINA (MAINLAND),CHANGSHU,CHINA (MAINLAND)
2023,470329,SINAR MAS,OKI,SULTAN MAHMUD BADARUDDIN (U),SUMATERA SELATAN,500,232250,SINAR MAS,KING PAPER SOURCE TRADING (SHANGHAI) CO LTD,CHINA (MAINLAND),CHANGSHU,CHINA (MAINLAND)
2023,470329,SINAR MAS,OKI,SULTAN MAHMUD BADARUDDIN (U),SUMATERA SELATAN,500,232250,SINAR MAS,KING PAPER SOURCE TRADING (SHANGHAI) CO LTD,CHINA (MAINLAND),CHANGSHU,CHINA (MAINLAND)
2023,470329,SINAR MAS,OKI,SULTAN MAHMUD BADARUDDIN (U),SUMATERA SELATAN,500,232250,SINAR MAS,KING PAPER SOURCE TRADING (SHANGHAI) CO LTD,CHINA (MAINLAND),CHANGSHU,CHINA (MAINLAND)
2023,470329,SINAR MAS,OKI,SULTAN MAHMUD BADARUDDIN (U),SUMATERA SELATAN,500,217250,SINAR MAS,JIANGSU BOHUI PAPER INDUSTRY CO LTD.,CHINA (MAINLAND),CHANGSHU,CHINA (MAINLAND)
2023,470329,SINAR MAS,INDAH KIAT,PERAWANG,RIAU,100,47980,UNKNOWN AFFILIATION,BUYERS CHOICE TRADING COMPANY LTD,MYANMAR,YANGON,MYANMAR
2023,470329,SINAR MAS,INDAH KIAT,PERAWANG,RIAU,500,208388,UNKNOWN AFFILIATION,NIBONG TEBAL PAPER MILL SDN BHD,MALAYSIA,PENANG (GEORGETOWN),MALAYSIA
2023,470329,SINAR MAS,OKI,SULTAN MAHMUD BADARUDDIN (U),SUMATERA SELATAN,500,232250,SINAR MAS,KING PAPER SOURCE TRADING (SHANGHAI) CO LTD,CHINA (MAINLAND),CHANGSHU,CHINA (MAINLAND)
2023,470329,SINAR MAS,OKI,SULTAN MAHMUD BADARUDDIN (U),SUMATERA SELATAN,500,232250,SINAR MAS,KING PAPER SOURCE TRADING (SHANGHAI) CO LTD,CHINA (MAINLAND),CHANGSHU,CHINA (MAINLAND)
2023,470329,SINAR MAS,OKI,SULTAN MAHMUD BADARUDDIN (U),SUMATERA SELATAN,500,232250,SINAR MAS,KING PAPER SOURCE TRADING (SHANGHAI) CO LTD,CHINA (MAINLAND),CHANGSHU,CHINA (MAINLAND)
2023,470329,SINAR MAS,OKI,SULTAN MAHMUD BADARUDDIN (U),SUMATERA SELATAN,500,232250,SINAR MAS,KING PAPER SOURCE TRADING (SHANGHAI) CO LTD,CHINA (MAINLAND),CHANGSHU,CHINA (MAINLAND)
2023,470329,SINAR MAS,OKI,SULTAN MAHMUD BADARUDDIN (U),SUMATERA SELATAN,500,232250,SINAR MAS,KING PAPER SOURCE TRADING (SHANGHAI) CO LTD,CHINA (MAINLAND),CHANGSHU,CHINA (MAINLAND)
2023,470329,SINAR MAS,OKI,SULTAN MAHMUD BADARUDDIN (U),SUMATERA SELATAN,500,232250,SINAR MAS,KING PAPER SOURCE TRADING (SHANGHAI) CO LTD,CHINA (MAINLAND),CHANGSHU,CHINA (MAINLAND)
2023,470329,SINAR MAS,OKI,SULTAN MAHMUD BADARUDDIN (U),SUMATERA SELATAN,500,232250,SINAR MAS,KING PAPER SOURCE TRADING (SHANGHAI) CO LTD,CHINA (MAINLAND),CHANGSHU,CHINA (MAINLAND)
2023,470329,SINAR MAS,OKI,SULTAN MAHMUD BADARUDDIN (U),SUMATERA SELATAN,400,185800,SINAR MAS,KING PAPER SOURCE TRADING (SHANGHAI) CO LTD,CHINA (MAINLAND),CHANGSHU,CHINA (MAINLAND)
2023,470329,MARUBENI,TANJUNG ENIM LESTARI,PANJANG,SUMATERA SELATAN,518,253685,MARUBENI,MARUBENI CORP,JAPAN,XINHUI,CHINA (MAINLAND)
2023,470329,SINAR MAS,INDAH KIAT,PERAWANG,RIAU,500,212877,UNKNOWN AFFILIATION,THUAN PHAT IMPORT AND EXPORT CO LTD,VIETNAM,HAIPHONG,VIETNAM
2023,470329,SINAR MAS,INDAH KIAT,PERAWANG,RIAU,500,217825,PARTEX STAR,PARTEX PAPER MILLS LTD,BANGLADESH,CHATTOGRAM,BANGLADESH
2023,470329,MARUBENI,TANJUNG ENIM LESTARI,PANJANG,SUMATERA SELATAN,517,253225,MARUBENI,MARUBENI CORP,JAPAN,XINHUI,CHINA (MAINLAND)
2023,470329,SINAR MAS,INDAH KIAT,PERAWANG,RIAU,500,209136,NTPM HOLDINGS BHD,NTPM (VIETNAM) CO LTD,VIETNAM,CAT LAI,VIETNAM
2023,470329,ROYAL GOLDEN EAGLE,APRIL,BUATAN,RIAU,1003,395843,ROYAL GOLDEN EAGLE,APRIL INTERNATIONAL ENTEPRISE PTE LTD,SINGAPORE,HAIPHONG,VIETNAM
2023,470329,ROYAL GOLDEN EAGLE,APRIL,BUATAN,RIAU,502,202738,ROYAL GOLDEN EAGLE,APRIL INTERNATIONAL ENTEPRISE PTE LTD,SINGAPORE,CAT LAI,VIETNAM
2023,470200,ROYAL GOLDEN EAGLE,APRIL,BUATAN,RIAU,506,297004,ROYAL GOLDEN EAGLE,APRIL FAR EAST MALAYSIA SDN BHD,MALAYSIA,LIANYUNGANG,CHINA (MAINLAND)
2023,470329,MARUBENI,TANJUNG ENIM LESTARI,PANJANG,SUMATERA SELATAN,519,258513,MARUBENI,MARUBENI CORP,JAPAN,QINGDAO,CHINA (MAINLAND)
2023,470200,ROYAL GOLDEN EAGLE,APRIL,BUATAN,RIAU,506,289704,ROYAL GOLDEN EAGLE,APRIL FAR EAST MALAYSIA SDN BHD,MALAYSIA,JIUJIANG,CHINA (MAINLAND)
2023,470200,ROYAL GOLDEN EAGLE,APRIL,BUATAN,RIAU,506,297305,ROYAL GOLDEN EAGLE,APRIL FAR EAST MALAYSIA SDN BHD,MALAYSIA,JIUJIANG,CHINA (MAINLAND)
2023,470329,MARUBENI,TANJUNG ENIM LESTARI,PANJANG,SUMATERA SELATAN,518,259918,MARUBENI,MARUBENI CORP,JAPAN,XINGANG,CHINA (MAINLAND)
2023,470329,ROYAL GOLDEN EAGLE,APRIL,BUATAN,RIAU,60,24313,ROYAL GOLDEN EAGLE,APRIL INTERNATIONAL ENTEPRISE PTE LTD,SINGAPORE,JAWAHARLAL NEHRU (NHAVA S,INDIA
2023,470200,ROYAL GOLDEN EAGLE,APRIL,BUATAN,RIAU,1802,1030586,ROYAL GOLDEN EAGLE,APRIL FAR EAST MALAYSIA SDN BHD,MALAYSIA,JIUJIANG,CHINA (MAINLAND)
2023,470200,ROYAL GOLDEN EAGLE,APRIL,BUATAN,RIAU,202,115680,ROYAL GOLDEN EAGLE,APRIL FAR EAST MALAYSIA SDN BHD,MALAYSIA,JIUJIANG,CHINA (MAINLAND)
2023,470329,ROYAL GOLDEN EAGLE,APRIL,BUATAN,RIAU,502,202989,ROYAL GOLDEN EAGLE,APRIL INTERNATIONAL ENTEPRISE PTE LTD,SINGAPORE,HAIPHONG,VIETNAM
2023,470200,ROYAL GOLDEN EAGLE,APRIL,BUATAN,RIAU,1012,578933,ROYAL GOLDEN EAGLE,APRIL FAR EAST MALAYSIA SDN BHD,MALAYSIA,LIANYUNGANG,CHINA (MAINLAND)
2023,470329,ROYAL GOLDEN EAGLE,APRIL,BUATAN,RIAU,402,162300,ROYAL GOLDEN EAGLE,APRIL INTERNATIONAL ENTEPRISE PTE LTD,SINGAPORE,HAIPHONG,VIETNAM
2023,470329,SINAR MAS,OKI,SULTAN MAHMUD BADARUDDIN (U),SUMATERA SELATAN,500,199261,SINAR MAS,KING PAPER SOURCE TRADING (SHANGHAI) CO LTD,CHINA (MAINLAND),QINZHOU,CHINA (MAINLAND)
2023,470329,SINAR MAS,OKI,SULTAN MAHMUD BADARUDDIN (U),SUMATERA SELATAN,500,199261,SINAR MAS,KING PAPER SOURCE TRADING (SHANGHAI) CO LTD,CHINA (MAINLAND),QINZHOU,CHINA (MAINLAND)
2023,470329,SINAR MAS,OKI,SULTAN MAHMUD BADARUDDIN (U),SUMATERA SELATAN,500,199261,SINAR MAS,KING PAPER SOURCE TRADING (SHANGHAI) CO LTD,CHINA (MAINLAND),QINZHOU,CHINA (MAINLAND)
2023,470329,SINAR MAS,OKI,SULTAN MAHMUD BADARUDDIN (U),SUMATERA SELATAN,150,59778,SINAR MAS,KING PAPER SOURCE TRADING (SHANGHAI) CO LTD,CHINA (MAINLAND),QINZHOU,CHINA (MAINLAND)
2023,470200,ROYAL GOLDEN EAGLE,APRIL,BUATAN,RIAU,506,289657,ROYAL GOLDEN EAGLE,APRIL FAR EAST MALAYSIA SDN BHD,MALAYSIA,LIANYUNGANG,CHINA (MAINLAND)
2023,470329,SINAR MAS,OKI,SULTAN MAHMUD BADARUDDIN (U),SUMATERA SELATAN,500,199261,SINAR MAS,KING PAPER SOURCE TRADING (SHANGHAI) CO LTD,CHINA (MAINLAND),QINZHOU,CHINA (MAINLAND)
2023,470329,SINAR MAS,OKI,SULTAN MAHMUD BADARUDDIN (U),SUMATERA SELATAN,500,199261,SINAR MAS,KING PAPER SOURCE TRADING (SHANGHAI) CO LTD,CHINA (MAINLAND),QINZHOU,CHINA (MAINLAND)
2023,470329,SINAR MAS,OKI,SULTAN MAHMUD BADARUDDIN (U),SUMATERA SELATAN,500,199261,SINAR MAS,KING PAPER SOURCE TRADING (SHANGHAI) CO LTD,CHINA (MAINLAND),QINZHOU,CHINA (MAINLAND)
2023,470329,SINAR MAS,OKI,SULTAN MAHMUD BADARUDDIN (U),SUMATERA SELATAN,500,199261,SINAR MAS,KING PAPER SOURCE TRADING (SHANGHAI) CO LTD,CHINA (MAINLAND),QINZHOU,CHINA (MAINLAND)
2023,470329,SINAR MAS,OKI,SULTAN MAHMUD BADARUDDIN (U),SUMATERA SELATAN,4000,1673626,XIANMEN C&D,HONG KONG PAPER SOURCES CO LTD,CHINA (HONG KONG),NANSHA,CHINA (MAINLAND)
2023,470329,SINAR MAS,OKI,SULTAN MAHMUD BADARUDDIN (U),SUMATERA SELATAN,500,199261,SINAR MAS,KING PAPER SOURCE TRADING (SHANGHAI) CO LTD,CHINA (MAINLAND),QINZHOU,CHINA (MAINLAND)
2023,470329,SINAR MAS,OKI,SULTAN MAHMUD BADARUDDIN (U),SUMATERA SELATAN,500,199261,SINAR MAS,KING PAPER SOURCE TRADING (SHANGHAI) CO LTD,CHINA (MAINLAND),QINZHOU,CHINA (MAINLAND)
2023,470329,ROYAL GOLDEN EAGLE,APRIL,BUATAN,RIAU,1004,373642,ROYAL GOLDEN EAGLE,APRIL INTERNATIONAL ENTEPRISE PTE LTD,SINGAPORE,NINGBO,CHINA (MAINLAND)
2023,470329,SINAR MAS,OKI,SULTAN MAHMUD BADARUDDIN (U),SUMATERA SELATAN,600,251044,XIANMEN C&D,HONG KONG PAPER SOURCES CO LTD,CHINA (HONG KONG),NANSHA,CHINA (MAINLAND)
2023,470200,ROYAL GOLDEN EAGLE,APRIL,BUATAN,RIAU,506,289205,ROYAL GOLDEN EAGLE,APRIL FAR EAST MALAYSIA SDN BHD,MALAYSIA,FUZHOU,CHINA (MAINLAND)
2023,470329,SINAR MAS,OKI,SULTAN MAHMUD BADARUDDIN (U),SUMATERA SELATAN,500,199261,SINAR MAS,KING PAPER SOURCE TRADING (SHANGHAI) CO LTD,CHINA (MAINLAND),QINZHOU,CHINA (MAINLAND)
2023,470329,SINAR MAS,OKI,SULTAN MAHMUD BADARUDDIN (U),SUMATERA SELATAN,350,139483,SINAR MAS,KING PAPER SOURCE TRADING (SHANGHAI) CO LTD,CHINA (MAINLAND),QINZHOU,CHINA (MAINLAND)
2023,470329,SINAR MAS,OKI,SULTAN MAHMUD BADARUDDIN (U),SUMATERA SELATAN,500,199261,SINAR MAS,KING PAPER SOURCE TRADING (SHANGHAI) CO LTD,CHINA (MAINLAND),QINZHOU,CHINA (MAINLAND)
2023,470329,SINAR MAS,OKI,SULTAN MAHMUD BADARUDDIN (U),SUMATERA SELATAN,500,199261,SINAR MAS,KING PAPER SOURCE TRADING (SHANGHAI) CO LTD,CHINA (MAINLAND),QINZHOU,CHINA (MAINLAND)
2023,470329,SINAR MAS,OKI,SULTAN MAHMUD BADARUDDIN (U),SUMATERA SELATAN,500,199261,SINAR MAS,KING PAPER SOURCE TRADING (SHANGHAI) CO LTD,CHINA (MAINLAND),QINZHOU,CHINA (MAINLAND)
2023,470329,SINAR MAS,OKI,SULTAN MAHMUD BADARUDDIN (U),SUMATERA SELATAN,4000,1713604,UNKNOWN AFFILIATION,CHONGQING BAIJUN SUPPLY CHAIN SERVICE CO LTD,CHINA (MAINLAND),NANSHA,CHINA (MAINLAND)
2023,470329,SINAR MAS,INDAH KIAT,PERAWANG,RIAU,240,112656,UNKNOWN AFFILIATION,REGENT EXIM INTERNATIONAL LTD,INDIA,MUNDRA,INDIA
2023,470329,MARUBENI,TANJUNG ENIM LESTARI,PANJANG,SUMATERA SELATAN,64,31843,MARUBENI,MARUBENI CORP,JAPAN,JAWAHARLAL NEHRU (NHAVA S,INDIA
2023,470200,ROYAL GOLDEN EAGLE,APRIL,BUATAN,RIAU,506,289220,ROYAL GOLDEN EAGLE,APRIL FAR EAST MALAYSIA SDN BHD,MALAYSIA,LIANYUNGANG,CHINA (MAINLAND)
2023,470329,MARUBENI,TANJUNG ENIM LESTARI,PANJANG,SUMATERA SELATAN,519,258140,MARUBENI,MARUBENI CORP,JAPAN,XINGANG,CHINA (MAINLAND)
2023,470329,MARUBENI,TANJUNG ENIM LESTARI,PANJANG,SUMATERA SELATAN,516,256858,MARUBENI,MARUBENI CORP,JAPAN,XINGANG,CHINA (MAINLAND)
2023,470329,MARUBENI,TANJUNG ENIM LESTARI,PANJANG,SUMATERA SELATAN,215,106826,MARUBENI,MARUBENI CORP,JAPAN,SANAND,INDIA
2023,470329,ROYAL GOLDEN EAGLE,APRIL,BUATAN,RIAU,1003,373191,ROYAL GOLDEN EAGLE,APRIL INTERNATIONAL ENTEPRISE PTE LTD,SINGAPORE,NINGBO,CHINA (MAINLAND)
2023,470329,ROYAL GOLDEN EAGLE,APRIL,BUATAN,RIAU,4,1623,ROYAL GOLDEN EAGLE,APRIL INTERNATIONAL ENTEPRISE PTE LTD,SINGAPORE,KOPER,SLOVENIA
2023,470200,ROYAL GOLDEN EAGLE,APRIL,BUATAN,RIAU,506,289560,ROYAL GOLDEN EAGLE,APRIL FAR EAST MALAYSIA SDN BHD,MALAYSIA,LIANYUNGANG,CHINA (MAINLAND)
2023,470329,SINAR MAS,INDAH KIAT,PERAWANG,RIAU,480,206800,UNKNOWN AFFILIATION,MAC-AAA FREIGHT & LOGISTICS LLC,UNITED ARAB EMIRATES,JEBEL ALI,NEW ZEALAND
2023,470329,MARUBENI,TANJUNG ENIM LESTARI,PANJANG,SUMATERA SELATAN,215,106735,MARUBENI,MARUBENI CORP,JAPAN,ICD MIHAN,INDIA
2023,470329,SINAR MAS,OKI,SULTAN MAHMUD BADARUDDIN (U),SUMATERA SELATAN,500,216500,SINAR MAS,KING PAPER SOURCE TRADING (SHANGHAI) CO LTD,CHINA (MAINLAND),ZHENJIANG,CHINA (MAINLAND)
2023,470329,SINAR MAS,OKI,SULTAN MAHMUD BADARUDDIN (U),SUMATERA SELATAN,500,216500,SINAR MAS,KING PAPER SOURCE TRADING (SHANGHAI) CO LTD,CHINA (MAINLAND),ZHENJIANG,CHINA (MAINLAND)
2023,470329,SINAR MAS,OKI,SULTAN MAHMUD BADARUDDIN (U),SUMATERA SELATAN,500,216500,SINAR MAS,KING PAPER SOURCE TRADING (SHANGHAI) CO LTD,CHINA (MAINLAND),ZHENJIANG,CHINA (MAINLAND)
2023,470329,SINAR MAS,OKI,SULTAN MAHMUD BADARUDDIN (U),SUMATERA SELATAN,500,216500,SINAR MAS,KING PAPER SOURCE TRADING (SHANGHAI) CO LTD,CHINA (MAINLAND),ZHENJIANG,CHINA (MAINLAND)
2023,470200,ROYAL GOLDEN EAGLE,APRIL,BUATAN,RIAU,506,297131,ROYAL GOLDEN EAGLE,APRIL FAR EAST MALAYSIA SDN BHD,MALAYSIA,JIUJIANG,CHINA (MAINLAND)
2023,470329,SINAR MAS,OKI,SULTAN MAHMUD BADARUDDIN (U),SUMATERA SELATAN,500,216500,SINAR MAS,KING PAPER SOURCE TRADING (SHANGHAI) CO LTD,CHINA (MAINLAND),ZHENJIANG,CHINA (MAINLAND)
2023,470329,SINAR MAS,OKI,SULTAN MAHMUD BADARUDDIN (U),SUMATERA SELATAN,500,216500,SINAR MAS,KING PAPER SOURCE TRADING (SHANGHAI) CO LTD,CHINA (MAINLAND),ZHENJIANG,CHINA (MAINLAND)
2023,470329,SINAR MAS,OKI,SULTAN MAHMUD BADARUDDIN (U),SUMATERA SELATAN,500,216500,SINAR MAS,KING PAPER SOURCE TRADING (SHANGHAI) CO LTD,CHINA (MAINLAND),ZHENJIANG,CHINA (MAINLAND)
2023,470329,SINAR MAS,OKI,SULTAN MAHMUD BADARUDDIN (U),SUMATERA SELATAN,500,216500,SINAR MAS,KING PAPER SOURCE TRADING (SHANGHAI) CO LTD,CHINA (MAINLAND),ZHENJIANG,CHINA (MAINLAND)
2023,470329,SINAR MAS,OKI,SULTAN MAHMUD BADARUDDIN (U),SUMATERA SELATAN,500,216500,SINAR MAS,KING PAPER SOURCE TRADING (SHANGHAI) CO LTD,CHINA (MAINLAND),ZHENJIANG,CHINA (MAINLAND)
2023,470329,SINAR MAS,OKI,SULTAN MAHMUD BADARUDDIN (U),SUMATERA SELATAN,300,129900,SINAR MAS,KING PAPER SOURCE TRADING (SHANGHAI) CO LTD,CHINA (MAINLAND),ZHENJIANG,CHINA (MAINLAND)
2023,470200,ROYAL GOLDEN EAGLE,APRIL,BUATAN,RIAU,1012,578650,ROYAL GOLDEN EAGLE,APRIL FAR EAST MALAYSIA SDN BHD,MALAYSIA,FUZHOU,CHINA (MAINLAND)
2023,470329,SINAR MAS,OKI,SULTAN MAHMUD BADARUDDIN (U),SUMATERA SELATAN,500,216500,SINAR MAS,KING PAPER SOURCE TRADING (SHANGHAI) CO LTD,CHINA (MAINLAND),ZHENJIANG,CHINA (MAINLAND)
2023,470329,SINAR MAS,OKI,SULTAN MAHMUD BADARUDDIN (U),SUMATERA SELATAN,500,216500,SINAR MAS,KING PAPER SOURCE TRADING (SHANGHAI) CO LTD,CHINA (MAINLAND),ZHENJIANG,CHINA (MAINLAND)
2023,470329,SINAR MAS,OKI,SULTAN MAHMUD BADARUDDIN (U),SUMATERA SELATAN,500,216500,SINAR MAS,KING PAPER SOURCE TRADING (SHANGHAI) CO LTD,CHINA (MAINLAND),ZHENJIANG,CHINA (MAINLAND)
2023,470329,SINAR MAS,OKI,SULTAN MAHMUD BADARUDDIN (U),SUMATERA SELATAN,400,173200,SINAR MAS,KING PAPER SOURCE TRADING (SHANGHAI) CO LTD,CHINA (MAINLAND),ZHENJIANG,CHINA (MAINLAND)
2023,470329,ROYAL GOLDEN EAGLE,APRIL,BUATAN,RIAU,503,203299,ROYAL GOLDEN EAGLE,APRIL INTERNATIONAL ENTEPRISE PTE LTD,SINGAPORE,CHATTOGRAM,BANGLADESH
2023,470329,SINAR MAS,OKI,SULTAN MAHMUD BADARUDDIN (U),SUMATERA SELATAN,500,216500,SINAR MAS,KING PAPER SOURCE TRADING (SHANGHAI) CO LTD,CHINA (MAINLAND),ZHENJIANG,CHINA (MAINLAND)
2023,470329,SINAR MAS,OKI,SULTAN MAHMUD BADARUDDIN (U),SUMATERA SELATAN,500,216500,SINAR MAS,KING PAPER SOURCE TRADING (SHANGHAI) CO LTD,CHINA (MAINLAND),ZHENJIANG,CHINA (MAINLAND)
2023,470329,SINAR MAS,OKI,SULTAN MAHMUD BADARUDDIN (U),SUMATERA SELATAN,500,216500,SINAR MAS,KING PAPER SOURCE TRADING (SHANGHAI) CO LTD,CHINA (MAINLAND),ZHENJIANG,CHINA (MAINLAND)
2023,470329,SINAR MAS,OKI,SULTAN MAHMUD BADARUDDIN (U),SUMATERA SELATAN,500,216500,SINAR MAS,KING PAPER SOURCE TRADING (SHANGHAI) CO LTD,CHINA (MAINLAND),ZHENJIANG,CHINA (MAINLAND)
2023,470329,SINAR MAS,OKI,SULTAN MAHMUD BADARUDDIN (U),SUMATERA SELATAN,100,43300,SINAR MAS,KING PAPER SOURCE TRADING (SHANGHAI) CO LTD,CHINA (MAINLAND),ZHENJIANG,CHINA (MAINLAND)
2023,470329,SINAR MAS,OKI,SULTAN MAHMUD BADARUDDIN (U),SUMATERA SELATAN,500,216500,SINAR MAS,KING PAPER SOURCE TRADING (SHANGHAI) CO LTD,CHINA (MAINLAND),ZHENJIANG,CHINA (MAINLAND)
2023,470329,SINAR MAS,OKI,SULTAN MAHMUD BADARUDDIN (U),SUMATERA SELATAN,500,216500,SINAR MAS,KING PAPER SOURCE TRADING (SHANGHAI) CO LTD,CHINA (MAINLAND),ZHENJIANG,CHINA (MAINLAND)
2023,470329,SINAR MAS,OKI,SULTAN MAHMUD BADARUDDIN (U),SUMATERA SELATAN,500,216500,SINAR MAS,KING PAPER SOURCE TRADING (SHANGHAI) CO LTD,CHINA (MAINLAND),ZHENJIANG,CHINA (MAINLAND)
2023,470329,SINAR MAS,OKI,SULTAN MAHMUD BADARUDDIN (U),SUMATERA SELATAN,500,216500,SINAR MAS,KING PAPER SOURCE TRADING (SHANGHAI) CO LTD,CHINA (MAINLAND),ZHENJIANG,CHINA (MAINLAND)
2023,470329,SINAR MAS,OKI,SULTAN MAHMUD BADARUDDIN (U),SUMATERA SELATAN,200,86600,SINAR MAS,KING PAPER SOURCE TRADING (SHANGHAI) CO LTD,CHINA (MAINLAND),ZHENJIANG,CHINA (MAINLAND)
2023,470329,ROYAL GOLDEN EAGLE,APRIL,FUTONG,RIAU,6815,2753313,ROYAL GOLDEN EAGLE,APRIL INTERNATIONAL ENTEPRISE PTE LTD,SINGAPORE,CHANGSHU,CHINA (MAINLAND)
2023,470329,ROYAL GOLDEN EAGLE,APRIL,FUTONG,RIAU,11251,4545252,ROYAL GOLDEN EAGLE,APRIL FINE PAPER TRADING MIDDLE EAST,UNITED ARAB EMIRATES,NANSHA,CHINA (MAINLAND)
2023,470329,ROYAL GOLDEN EAGLE,APRIL,FUTONG,RIAU,1006,406345,ROYAL GOLDEN EAGLE,APRIL INTERNATIONAL ENTEPRISE PTE LTD,SINGAPORE,NANSHA,CHINA (MAINLAND)
2023,470329,ROYAL GOLDEN EAGLE,APRIL,BUATAN,RIAU,221,89169,ROYAL GOLDEN EAGLE,APRIL INTERNATIONAL ENTEPRISE PTE LTD,SINGAPORE,TUTICORIN,INDIA
2023,470200,ROYAL GOLDEN EAGLE,APRIL,FUTONG,RIAU,11153,6500940,ROYAL GOLDEN EAGLE,APRIL FAR EAST MALAYSIA SDN BHD,MALAYSIA,CHANGSHU,CHINA (MAINLAND)
2023,470200,ROYAL GOLDEN EAGLE,APRIL,FUTONG,RIAU,11053,6420383,ROYAL GOLDEN EAGLE,APRIL FAR EAST MALAYSIA SDN BHD,MALAYSIA,CHANGSHU,CHINA (MAINLAND)
2023,470200,ROYAL GOLDEN EAGLE,APRIL,BUATAN,RIAU,1012,578756,ROYAL GOLDEN EAGLE,APRIL FAR EAST MALAYSIA SDN BHD,MALAYSIA,LIANYUNGANG,CHINA (MAINLAND)
2023,470200,ROYAL GOLDEN EAGLE,APRIL,BUATAN,RIAU,507,289745,ROYAL GOLDEN EAGLE,APRIL FAR EAST MALAYSIA SDN BHD,MALAYSIA,FUZHOU,CHINA (MAINLAND)
2023,470329,MARUBENI,TANJUNG ENIM LESTARI,PANJANG,SUMATERA SELATAN,776,381682,MARUBENI,MARUBENI CORP,JAPAN,WUHAN,CHINA (MAINLAND)
2023,470200,ROYAL GOLDEN EAGLE,APRIL,BUATAN,RIAU,506,289408,ROYAL GOLDEN EAGLE,APRIL FAR EAST MALAYSIA SDN BHD,MALAYSIA,JIUJIANG,CHINA (MAINLAND)
2023,470329,ROYAL GOLDEN EAGLE,APRIL,BUATAN,RIAU,241,92806,ROYAL GOLDEN EAGLE,APRIL INTERNATIONAL ENTEPRISE PTE LTD,SINGAPORE,JAWAHARLAL NEHRU (NHAVA S,INDIA
2023,470200,ROYAL GOLDEN EAGLE,APRIL,BUATAN,RIAU,506,289367,ROYAL GOLDEN EAGLE,APRIL FAR EAST MALAYSIA SDN BHD,MALAYSIA,LIANYUNGANG,CHINA (MAINLAND)
2023,470329,ROYAL GOLDEN EAGLE,APRIL,BUATAN,RIAU,81,31018,ROYAL GOLDEN EAGLE,APRIL INTERNATIONAL ENTEPRISE PTE LTD,SINGAPORE,SANAND,INDIA
2023,470200,ROYAL GOLDEN EAGLE,APRIL,BUATAN,RIAU,80,45866,ROYAL GOLDEN EAGLE,APRIL FAR EAST MALAYSIA SDN BHD,MALAYSIA,RIZHAO,CHINA (MAINLAND)
2023,470200,ROYAL GOLDEN EAGLE,APRIL,BUATAN,RIAU,504,288556,ROYAL GOLDEN EAGLE,APRIL FAR EAST MALAYSIA SDN BHD,MALAYSIA,LIANYUNGANG,CHINA (MAINLAND)
2023,470200,ROYAL GOLDEN EAGLE,APRIL,BUATAN,RIAU,1012,578652,ROYAL GOLDEN EAGLE,APRIL FAR EAST MALAYSIA SDN BHD,MALAYSIA,JIUJIANG,CHINA (MAINLAND)
2023,470329,MARUBENI,TANJUNG ENIM LESTARI,PANJANG,SUMATERA SELATAN,517,259020,MARUBENI,MARUBENI CORP,JAPAN,QINGDAO,CHINA (MAINLAND)
2023,470329,SINAR MAS,OKI,SULTAN MAHMUD BADARUDDIN (U),SUMATERA SELATAN,500,217500,SINAR MAS,KING PAPER SOURCE TRADING (SHANGHAI) CO LTD,CHINA (MAINLAND),ZHENJIANG,CHINA (MAINLAND)
2023,470329,SINAR MAS,OKI,SULTAN MAHMUD BADARUDDIN (U),SUMATERA SELATAN,500,217500,SINAR MAS,KING PAPER SOURCE TRADING (SHANGHAI) CO LTD,CHINA (MAINLAND),ZHENJIANG,CHINA (MAINLAND)
2023,470329,SINAR MAS,OKI,SULTAN MAHMUD BADARUDDIN (U),SUMATERA SELATAN,500,217500,SINAR MAS,KING PAPER SOURCE TRADING (SHANGHAI) CO LTD,CHINA (MAINLAND),ZHENJIANG,CHINA (MAINLAND)
2023,470329,SINAR MAS,OKI,SULTAN MAHMUD BADARUDDIN (U),SUMATERA SELATAN,500,217500,SINAR MAS,KING PAPER SOURCE TRADING (SHANGHAI) CO LTD,CHINA (MAINLAND),ZHENJIANG,CHINA (MAINLAND)
2023,470329,SINAR MAS,OKI,SULTAN MAHMUD BADARUDDIN (U),SUMATERA SELATAN,500,217500,SINAR MAS,KING PAPER SOURCE TRADING (SHANGHAI) CO LTD,CHINA (MAINLAND),ZHENJIANG,CHINA (MAINLAND)
2023,470329,SINAR MAS,OKI,SULTAN MAHMUD BADARUDDIN (U),SUMATERA SELATAN,500,217500,SINAR MAS,KING PAPER SOURCE TRADING (SHANGHAI) CO LTD,CHINA (MAINLAND),ZHENJIANG,CHINA (MAINLAND)
2023,470329,SINAR MAS,OKI,SULTAN MAHMUD BADARUDDIN (U),SUMATERA SELATAN,500,217500,SINAR MAS,KING PAPER SOURCE TRADING (SHANGHAI) CO LTD,CHINA (MAINLAND),ZHENJIANG,CHINA (MAINLAND)
2023,470329,SINAR MAS,OKI,SULTAN MAHMUD BADARUDDIN (U),SUMATERA SELATAN,500,217500,SINAR MAS,KING PAPER SOURCE TRADING (SHANGHAI) CO LTD,CHINA (MAINLAND),ZHENJIANG,CHINA (MAINLAND)
2023,470329,SINAR MAS,OKI,SULTAN MAHMUD BADARUDDIN (U),SUMATERA SELATAN,500,213100,SINAR MAS,KING PAPER SOURCE TRADING (SHANGHAI) CO LTD,CHINA (MAINLAND),ZHENJIANG,CHINA (MAINLAND)
2023,470329,SINAR MAS,OKI,SULTAN MAHMUD BADARUDDIN (U),SUMATERA SELATAN,300,130500,SINAR MAS,KING PAPER SOURCE TRADING (SHANGHAI) CO LTD,CHINA (MAINLAND),ZHENJIANG,CHINA (MAINLAND)
2023,470329,SINAR MAS,OKI,SULTAN MAHMUD BADARUDDIN (U),SUMATERA SELATAN,200,85240,SINAR MAS,KING PAPER SOURCE TRADING (SHANGHAI) CO LTD,CHINA (MAINLAND),ZHENJIANG,CHINA (MAINLAND)
2023,470329,MARUBENI,TANJUNG ENIM LESTARI,PANJANG,SUMATERA SELATAN,39,22892,MARUBENI,MARUBENI CORP,JAPAN,LAEM CHABANG,THAILAND
2023,470329,SINAR MAS,OKI,SULTAN MAHMUD BADARUDDIN (U),SUMATERA SELATAN,500,217500,SINAR MAS,KING PAPER SOURCE TRADING (SHANGHAI) CO LTD,CHINA (MAINLAND),ZHENJIANG,CHINA (MAINLAND)
2023,470329,SINAR MAS,OKI,SULTAN MAHMUD BADARUDDIN (U),SUMATERA SELATAN,500,217500,SINAR MAS,KING PAPER SOURCE TRADING (SHANGHAI) CO LTD,CHINA (MAINLAND),ZHENJIANG,CHINA (MAINLAND)
2023,470329,SINAR MAS,OKI,SULTAN MAHMUD BADARUDDIN (U),SUMATERA SELATAN,500,217500,SINAR MAS,KING PAPER SOURCE TRADING (SHANGHAI) CO LTD,CHINA (MAINLAND),ZHENJIANG,CHINA (MAINLAND)
2023,470329,SINAR MAS,OKI,SULTAN MAHMUD BADARUDDIN (U),SUMATERA SELATAN,500,213100,SINAR MAS,KING PAPER SOURCE TRADING (SHANGHAI) CO LTD,CHINA (MAINLAND),ZHENJIANG,CHINA (MAINLAND)
2023,470200,ROYAL GOLDEN EAGLE,APRIL,FUTONG,RIAU,2025,1158521,ROYAL GOLDEN EAGLE,APRIL FAR EAST MALAYSIA SDN BHD,MALAYSIA,JIUJIANG,CHINA (MAINLAND)
2023,470200,ROYAL GOLDEN EAGLE,APRIL,BUATAN,RIAU,506,289693,ROYAL GOLDEN EAGLE,APRIL FAR EAST MALAYSIA SDN BHD,MALAYSIA,JIUJIANG,CHINA (MAINLAND)
2023,470200,ROYAL GOLDEN EAGLE,APRIL,FUTONG,RIAU,2025,1158195,ROYAL GOLDEN EAGLE,APRIL FAR EAST MALAYSIA SDN BHD,MALAYSIA,JIUJIANG,CHINA (MAINLAND)
2023,470200,ROYAL GOLDEN EAGLE,APRIL,BUATAN,RIAU,506,289569,ROYAL GOLDEN EAGLE,APRIL FAR EAST MALAYSIA SDN BHD,MALAYSIA,LIANYUNGANG,CHINA (MAINLAND)
2023,470200,ROYAL GOLDEN EAGLE,APRIL,BUATAN,RIAU,506,289204,ROYAL GOLDEN EAGLE,APRIL FAR EAST MALAYSIA SDN BHD,MALAYSIA,LIANYUNGANG,CHINA (MAINLAND)
2023,470329,MARUBENI,TANJUNG ENIM LESTARI,PANJANG,SUMATERA SELATAN,518,259265,MARUBENI,MARUBENI CORP,JAPAN,QINGDAO,CHINA (MAINLAND)
2023,470329,SINAR MAS,OKI,SULTAN MAHMUD BADARUDDIN (U),SUMATERA SELATAN,500,217500,SINAR MAS,KING PAPER SOURCE TRADING (SHANGHAI) CO LTD,CHINA (MAINLAND),ZHENJIANG,CHINA (MAINLAND)
2023,470329,SINAR MAS,OKI,SULTAN MAHMUD BADARUDDIN (U),SUMATERA SELATAN,500,217500,SINAR MAS,KING PAPER SOURCE TRADING (SHANGHAI) CO LTD,CHINA (MAINLAND),ZHENJIANG,CHINA (MAINLAND)
2023,470329,SINAR MAS,OKI,SULTAN MAHMUD BADARUDDIN (U),SUMATERA SELATAN,500,217500,SINAR MAS,KING PAPER SOURCE TRADING (SHANGHAI) CO LTD,CHINA (MAINLAND),ZHENJIANG,CHINA (MAINLAND)
2023,470329,SINAR MAS,OKI,SULTAN MAHMUD BADARUDDIN (U),SUMATERA SELATAN,500,213100,SINAR MAS,KING PAPER SOURCE TRADING (SHANGHAI) CO LTD,CHINA (MAINLAND),ZHENJIANG,CHINA (MAINLAND)
2023,470329,SINAR MAS,OKI,SULTAN MAHMUD BADARUDDIN (U),SUMATERA SELATAN,500,217500,SINAR MAS,KING PAPER SOURCE TRADING (SHANGHAI) CO LTD,CHINA (MAINLAND),ZHENJIANG,CHINA (MAINLAND)
2023,470329,SINAR MAS,OKI,SULTAN MAHMUD BADARUDDIN (U),SUMATERA SELATAN,500,213100,SINAR MAS,KING PAPER SOURCE TRADING (SHANGHAI) CO LTD,CHINA (MAINLAND),ZHENJIANG,CHINA (MAINLAND)
2023,470329,SINAR MAS,OKI,SULTAN MAHMUD BADARUDDIN (U),SUMATERA SELATAN,500,217500,SINAR MAS,KING PAPER SOURCE TRADING (SHANGHAI) CO LTD,CHINA (MAINLAND),ZHENJIANG,CHINA (MAINLAND)
2023,470329,SINAR MAS,OKI,SULTAN MAHMUD BADARUDDIN (U),SUMATERA SELATAN,500,217500,SINAR MAS,KING PAPER SOURCE TRADING (SHANGHAI) CO LTD,CHINA (MAINLAND),ZHENJIANG,CHINA (MAINLAND)
2023,470329,ROYAL GOLDEN EAGLE,APRIL,BUATAN,RIAU,200,77186,ROYAL GOLDEN EAGLE,APRIL INTERNATIONAL ENTEPRISE PTE LTD,SINGAPORE,KASHIPUR,INDIA
2023,470329,SINAR MAS,OKI,SULTAN MAHMUD BADARUDDIN (U),SUMATERA SELATAN,500,217500,SINAR MAS,KING PAPER SOURCE TRADING (SHANGHAI) CO LTD,CHINA (MAINLAND),ZHENJIANG,CHINA (MAINLAND)
2023,470329,SINAR MAS,OKI,SULTAN MAHMUD BADARUDDIN (U),SUMATERA SELATAN,500,217500,SINAR MAS,KING PAPER SOURCE TRADING (SHANGHAI) CO LTD,CHINA (MAINLAND),ZHENJIANG,CHINA (MAINLAND)
2023,470329,SINAR MAS,OKI,SULTAN MAHMUD BADARUDDIN (U),SUMATERA SELATAN,500,217500,SINAR MAS,KING PAPER SOURCE TRADING (SHANGHAI) CO LTD,CHINA (MAINLAND),ZHENJIANG,CHINA (MAINLAND)
2023,470329,SINAR MAS,OKI,SULTAN MAHMUD BADARUDDIN (U),SUMATERA SELATAN,500,217500,SINAR MAS,KING PAPER SOURCE TRADING (SHANGHAI) CO LTD,CHINA (MAINLAND),ZHENJIANG,CHINA (MAINLAND)
2023,470329,SINAR MAS,OKI,SULTAN MAHMUD BADARUDDIN (U),SUMATERA SELATAN,500,213100,SINAR MAS,KING PAPER SOURCE TRADING (SHANGHAI) CO LTD,CHINA (MAINLAND),ZHENJIANG,CHINA (MAINLAND)
2023,470329,SINAR MAS,OKI,SULTAN MAHMUD BADARUDDIN (U),SUMATERA SELATAN,500,213100,SINAR MAS,KING PAPER SOURCE TRADING (SHANGHAI) CO LTD,CHINA (MAINLAND),ZHENJIANG,CHINA (MAINLAND)
2023,470329,SINAR MAS,OKI,SULTAN MAHMUD BADARUDDIN (U),SUMATERA SELATAN,200,87000,SINAR MAS,KING PAPER SOURCE TRADING (SHANGHAI) CO LTD,CHINA (MAINLAND),ZHENJIANG,CHINA (MAINLAND)
2023,470329,SINAR MAS,OKI,SULTAN MAHMUD BADARUDDIN (U),SUMATERA SELATAN,500,213100,SINAR MAS,KING PAPER SOURCE TRADING (SHANGHAI) CO LTD,CHINA (MAINLAND),ZHENJIANG,CHINA (MAINLAND)
2023,470329,ROYAL GOLDEN EAGLE,APRIL,BUATAN,RIAU,402,154819,ROYAL GOLDEN EAGLE,APRIL INTERNATIONAL ENTEPRISE PTE LTD,SINGAPORE,KATHUWAS ICD/ALWAR,INDIA
2023,470200,ROYAL GOLDEN EAGLE,APRIL,BUATAN,RIAU,506,289497,ROYAL GOLDEN EAGLE,APRIL FAR EAST MALAYSIA SDN BHD,MALAYSIA,JIUJIANG,CHINA (MAINLAND)
2023,470200,ROYAL GOLDEN EAGLE,APRIL,BUATAN,RIAU,505,289037,ROYAL GOLDEN EAGLE,APRIL FAR EAST MALAYSIA SDN BHD,MALAYSIA,JIUJIANG,CHINA (MAINLAND)
2023,470329,MARUBENI,TANJUNG ENIM LESTARI,PANJANG,SUMATERA SELATAN,518,259235,MARUBENI,MARUBENI CORP,JAPAN,QINGDAO,CHINA (MAINLAND)
2023,470329,SINAR MAS,OKI,SULTAN MAHMUD BADARUDDIN (U),SUMATERA SELATAN,500,217500,SINAR MAS,KING PAPER SOURCE TRADING (SHANGHAI) CO LTD,CHINA (MAINLAND),ZHENJIANG,CHINA (MAINLAND)
2023,470329,SINAR MAS,OKI,SULTAN MAHMUD BADARUDDIN (U),SUMATERA SELATAN,500,217500,SINAR MAS,KING PAPER SOURCE TRADING (SHANGHAI) CO LTD,CHINA (MAINLAND),ZHENJIANG,CHINA (MAINLAND)
2023,470329,SINAR MAS,OKI,SULTAN MAHMUD BADARUDDIN (U),SUMATERA SELATAN,500,217500,SINAR MAS,KING PAPER SOURCE TRADING (SHANGHAI) CO LTD,CHINA (MAINLAND),ZHENJIANG,CHINA (MAINLAND)
2023,470329,SINAR MAS,OKI,SULTAN MAHMUD BADARUDDIN (U),SUMATERA SELATAN,500,217500,SINAR MAS,KING PAPER SOURCE TRADING (SHANGHAI) CO LTD,CHINA (MAINLAND),ZHENJIANG,CHINA (MAINLAND)
2023,470329,SINAR MAS,OKI,SULTAN MAHMUD BADARUDDIN (U),SUMATERA SELATAN,500,213100,SINAR MAS,KING PAPER SOURCE TRADING (SHANGHAI) CO LTD,CHINA (MAINLAND),ZHENJIANG,CHINA (MAINLAND)
2023,470329,SINAR MAS,OKI,SULTAN MAHMUD BADARUDDIN (U),SUMATERA SELATAN,500,213100,SINAR MAS,KING PAPER SOURCE TRADING (SHANGHAI) CO LTD,CHINA (MAINLAND),ZHENJIANG,CHINA (MAINLAND)
2023,470329,ROYAL GOLDEN EAGLE,APRIL,BUATAN,RIAU,261,100623,ROYAL GOLDEN EAGLE,APRIL INTERNATIONAL ENTEPRISE PTE LTD,SINGAPORE,SANAND,INDIA
2023,470329,SINAR MAS,OKI,SULTAN MAHMUD BADARUDDIN (U),SUMATERA SELATAN,500,217500,SINAR MAS,KING PAPER SOURCE TRADING (SHANGHAI) CO LTD,CHINA (MAINLAND),ZHENJIANG,CHINA (MAINLAND)
2023,470329,SINAR MAS,OKI,SULTAN MAHMUD BADARUDDIN (U),SUMATERA SELATAN,500,217500,SINAR MAS,KING PAPER SOURCE TRADING (SHANGHAI) CO LTD,CHINA (MAINLAND),ZHENJIANG,CHINA (MAINLAND)
2023,470329,SINAR MAS,OKI,SULTAN MAHMUD BADARUDDIN (U),SUMATERA SELATAN,500,217500,SINAR MAS,KING PAPER SOURCE TRADING (SHANGHAI) CO LTD,CHINA (MAINLAND),ZHENJIANG,CHINA (MAINLAND)
2023,470329,SINAR MAS,OKI,SULTAN MAHMUD BADARUDDIN (U),SUMATERA SELATAN,500,217500,SINAR MAS,KING PAPER SOURCE TRADING (SHANGHAI) CO LTD,CHINA (MAINLAND),ZHENJIANG,CHINA (MAINLAND)
2023,470329,SINAR MAS,OKI,SULTAN MAHMUD BADARUDDIN (U),SUMATERA SELATAN,500,217500,SINAR MAS,KING PAPER SOURCE TRADING (SHANGHAI) CO LTD,CHINA (MAINLAND),ZHENJIANG,CHINA (MAINLAND)
2023,470329,SINAR MAS,OKI,SULTAN MAHMUD BADARUDDIN (U),SUMATERA SELATAN,500,217500,SINAR MAS,KING PAPER SOURCE TRADING (SHANGHAI) CO LTD,CHINA (MAINLAND),ZHENJIANG,CHINA (MAINLAND)
2023,470329,SINAR MAS,OKI,SULTAN MAHMUD BADARUDDIN (U),SUMATERA SELATAN,500,217500,SINAR MAS,KING PAPER SOURCE TRADING (SHANGHAI) CO LTD,CHINA (MAINLAND),ZHENJIANG,CHINA (MAINLAND)
2023,470329,ROYAL GOLDEN EAGLE,APRIL,BUATAN,RIAU,502,193391,ROYAL GOLDEN EAGLE,APRIL INTERNATIONAL ENTEPRISE PTE LTD,SINGAPORE,CHAWAPAYAL,INDIA
2023,470329,ROYAL GOLDEN EAGLE,APRIL,BUATAN,RIAU,502,193362,ROYAL GOLDEN EAGLE,APRIL INTERNATIONAL ENTEPRISE PTE LTD,SINGAPORE,CAT LAI,VIETNAM
2023,470329,SINAR MAS,OKI,SULTAN MAHMUD BADARUDDIN (U),SUMATERA SELATAN,500,217500,SINAR MAS,KING PAPER SOURCE TRADING (SHANGHAI) CO LTD,CHINA (MAINLAND),ZHENJIANG,CHINA (MAINLAND)
2023,470329,SINAR MAS,OKI,SULTAN MAHMUD BADARUDDIN (U),SUMATERA SELATAN,500,217500,SINAR MAS,KING PAPER SOURCE TRADING (SHANGHAI) CO LTD,CHINA (MAINLAND),ZHENJIANG,CHINA (MAINLAND)
2023,470329,SINAR MAS,OKI,SULTAN MAHMUD BADARUDDIN (U),SUMATERA SELATAN,500,213100,SINAR MAS,KING PAPER SOURCE TRADING (SHANGHAI) CO LTD,CHINA (MAINLAND),ZHENJIANG,CHINA (MAINLAND)
2023,470329,SINAR MAS,OKI,SULTAN MAHMUD BADARUDDIN (U),SUMATERA SELATAN,500,213100,SINAR MAS,KING PAPER SOURCE TRADING (SHANGHAI) CO LTD,CHINA (MAINLAND),ZHENJIANG,CHINA (MAINLAND)
2023,470329,SINAR MAS,OKI,SULTAN MAHMUD BADARUDDIN (U),SUMATERA SELATAN,500,213100,SINAR MAS,KING PAPER SOURCE TRADING (SHANGHAI) CO LTD,CHINA (MAINLAND),ZHENJIANG,CHINA (MAINLAND)
2023,470329,SINAR MAS,OKI,SULTAN MAHMUD BADARUDDIN (U),SUMATERA SELATAN,300,130500,SINAR MAS,KING PAPER SOURCE TRADING (SHANGHAI) CO LTD,CHINA (MAINLAND),ZHENJIANG,CHINA (MAINLAND)
2023,470200,ROYAL GOLDEN EAGLE,APRIL,BUATAN,RIAU,506,289657,ROYAL GOLDEN EAGLE,APRIL FAR EAST MALAYSIA SDN BHD,MALAYSIA,JIUJIANG,CHINA (MAINLAND)
2023,470329,SINAR MAS,INDAH KIAT,PERAWANG,RIAU,500,208388,UNKNOWN AFFILIATION,NIBONG TEBAL PAPER MILL SDN BHD,MALAYSIA,PENANG (GEORGETOWN),MALAYSIA
2023,470329,ROYAL GOLDEN EAGLE,APRIL,BUATAN,RIAU,503,193496,ROYAL GOLDEN EAGLE,APRIL INTERNATIONAL ENTEPRISE PTE LTD,SINGAPORE,HAIPHONG,VIETNAM
2023,470329,ROYAL GOLDEN EAGLE,APRIL,BUATAN,RIAU,201,77398,ROYAL GOLDEN EAGLE,APRIL INTERNATIONAL ENTEPRISE PTE LTD,SINGAPORE,FUZHOU,CHINA (MAINLAND)
2023,470329,SINAR MAS,OKI,SULTAN MAHMUD BADARUDDIN (U),SUMATERA SELATAN,500,215750,SINAR MAS,KING PAPER SOURCE TRADING (SHANGHAI) CO LTD,CHINA (MAINLAND),CHANGSHU,CHINA (MAINLAND)
2023,470329,SINAR MAS,OKI,SULTAN MAHMUD BADARUDDIN (U),SUMATERA SELATAN,500,215750,SINAR MAS,KING PAPER SOURCE TRADING (SHANGHAI) CO LTD,CHINA (MAINLAND),NINGBO,CHINA (MAINLAND)
2023,470329,SINAR MAS,OKI,SULTAN MAHMUD BADARUDDIN (U),SUMATERA SELATAN,500,215750,SINAR MAS,KING PAPER SOURCE TRADING (SHANGHAI) CO LTD,CHINA (MAINLAND),NINGBO,CHINA (MAINLAND)
2023,470329,SINAR MAS,OKI,SULTAN MAHMUD BADARUDDIN (U),SUMATERA SELATAN,500,215750,SINAR MAS,KING PAPER SOURCE TRADING (SHANGHAI) CO LTD,CHINA (MAINLAND),NINGBO,CHINA (MAINLAND)
2023,470329,SINAR MAS,OKI,SULTAN MAHMUD BADARUDDIN (U),SUMATERA SELATAN,1000,416500,HONG WON,HONG WON PAPER MFG CO LTD,SOUTH KOREA,PYONGTAEK,SOUTH KOREA
2023,470329,SINAR MAS,OKI,SULTAN MAHMUD BADARUDDIN (U),SUMATERA SELATAN,1000,416500,HONG WON,HONG WON PAPER MFG CO LTD,SOUTH KOREA,PYONGTAEK,SOUTH KOREA
2023,470329,SINAR MAS,OKI,SULTAN MAHMUD BADARUDDIN (U),SUMATERA SELATAN,3000,1295425,UNKNOWN AFFILIATION,CHONGQING BAIJUN SUPPLY CHAIN SERVICE CO LTD,CHINA (MAINLAND),CHANGSHU,CHINA (MAINLAND)
2023,470200,ROYAL GOLDEN EAGLE,APRIL,BUATAN,RIAU,1012,578740,ROYAL GOLDEN EAGLE,APRIL FAR EAST MALAYSIA SDN BHD,MALAYSIA,JIUJIANG,CHINA (MAINLAND)
2023,470329,SINAR MAS,OKI,SULTAN MAHMUD BADARUDDIN (U),SUMATERA SELATAN,500,215750,SINAR MAS,KING PAPER SOURCE TRADING (SHANGHAI) CO LTD,CHINA (MAINLAND),NINGBO,CHINA (MAINLAND)
2023,470329,SINAR MAS,OKI,SULTAN MAHMUD BADARUDDIN (U),SUMATERA SELATAN,250,107875,SINAR MAS,KING PAPER SOURCE TRADING (SHANGHAI) CO LTD,CHINA (MAINLAND),CHANGSHU,CHINA (MAINLAND)
2023,470329,ROYAL GOLDEN EAGLE,APRIL,BUATAN,RIAU,1005,373748,ROYAL GOLDEN EAGLE,APRIL INTERNATIONAL ENTEPRISE PTE LTD,SINGAPORE,NINGBO,CHINA (MAINLAND)
2023,470329,SINAR MAS,OKI,SULTAN MAHMUD BADARUDDIN (U),SUMATERA SELATAN,500,215750,SINAR MAS,KING PAPER SOURCE TRADING (SHANGHAI) CO LTD,CHINA (MAINLAND),NINGBO,CHINA (MAINLAND)
2023,470329,SINAR MAS,OKI,SULTAN MAHMUD BADARUDDIN (U),SUMATERA SELATAN,500,208250,HONG WON,HONG WON PAPER MFG CO LTD,SOUTH KOREA,PYONGTAEK,SOUTH KOREA
2023,470329,SINAR MAS,OKI,SULTAN MAHMUD BADARUDDIN (U),SUMATERA SELATAN,300,129450,SINAR MAS,KING PAPER SOURCE TRADING (SHANGHAI) CO LTD,CHINA (MAINLAND),CHANGSHU,CHINA (MAINLAND)
2023,470329,SINAR MAS,OKI,SULTAN MAHMUD BADARUDDIN (U),SUMATERA SELATAN,1000,416500,HONG WON,HONG WON PAPER MFG CO LTD,SOUTH KOREA,PYONGTAEK,SOUTH KOREA
2023,470200,ROYAL GOLDEN EAGLE,APRIL,BUATAN,RIAU,506,289413,ROYAL GOLDEN EAGLE,APRIL FAR EAST MALAYSIA SDN BHD,MALAYSIA,JIUJIANG,CHINA (MAINLAND)
2023,470200,ROYAL GOLDEN EAGLE,APRIL,BUATAN,RIAU,506,289708,ROYAL GOLDEN EAGLE,APRIL FAR EAST MALAYSIA SDN BHD,MALAYSIA,JIUJIANG,CHINA (MAINLAND)
2023,470200,ROYAL GOLDEN EAGLE,APRIL,BUATAN,RIAU,507,300900,ROYAL GOLDEN EAGLE,APRIL FAR EAST MALAYSIA SDN BHD,MALAYSIA,LIANYUNGANG,CHINA (MAINLAND)
2023,470329,SINAR MAS,OKI,SULTAN MAHMUD BADARUDDIN (U),SUMATERA SELATAN,3000,1249500,UNKNOWN AFFILIATION,MSS PULP CO LTD,SOUTH KOREA,GUNSAN (ES KUNSAN),SOUTH KOREA
2023,470329,SINAR MAS,OKI,SULTAN MAHMUD BADARUDDIN (U),SUMATERA SELATAN,500,215750,SINAR MAS,KING PAPER SOURCE TRADING (SHANGHAI) CO LTD,CHINA (MAINLAND),CHANGSHU,CHINA (MAINLAND)
2023,470329,SINAR MAS,OKI,SULTAN MAHMUD BADARUDDIN (U),SUMATERA SELATAN,500,215750,SINAR MAS,KING PAPER SOURCE TRADING (SHANGHAI) CO LTD,CHINA (MAINLAND),CHANGSHU,CHINA (MAINLAND)
2023,470329,SINAR MAS,OKI,SULTAN MAHMUD BADARUDDIN (U),SUMATERA SELATAN,450,194175,SINAR MAS,KING PAPER SOURCE TRADING (SHANGHAI) CO LTD,CHINA (MAINLAND),CHANGSHU,CHINA (MAINLAND)
2023,470329,SINAR MAS,OKI,SULTAN MAHMUD BADARUDDIN (U),SUMATERA SELATAN,3000,1249500,UNKNOWN AFFILIATION,MSS PULP CO LTD,SOUTH KOREA,GUNSAN (ES KUNSAN),SOUTH KOREA
2023,470329,SINAR MAS,OKI,SULTAN MAHMUD BADARUDDIN (U),SUMATERA SELATAN,500,215750,SINAR MAS,KING PAPER SOURCE TRADING (SHANGHAI) CO LTD,CHINA (MAINLAND),NINGBO,CHINA (MAINLAND)
2023,470329,SINAR MAS,OKI,SULTAN MAHMUD BADARUDDIN (U),SUMATERA SELATAN,500,215750,SINAR MAS,KING PAPER SOURCE TRADING (SHANGHAI) CO LTD,CHINA (MAINLAND),NINGBO,CHINA (MAINLAND)
2023,470329,SINAR MAS,OKI,SULTAN MAHMUD BADARUDDIN (U),SUMATERA SELATAN,500,215750,SINAR MAS,KING PAPER SOURCE TRADING (SHANGHAI) CO LTD,CHINA (MAINLAND),NINGBO,CHINA (MAINLAND)
2023,470329,SINAR MAS,OKI,SULTAN MAHMUD BADARUDDIN (U),SUMATERA SELATAN,500,215750,SINAR MAS,KING PAPER SOURCE TRADING (SHANGHAI) CO LTD,CHINA (MAINLAND),NINGBO,CHINA (MAINLAND)
2023,470200,ROYAL GOLDEN EAGLE,APRIL,BUATAN,RIAU,506,289674,ROYAL GOLDEN EAGLE,APRIL FAR EAST MALAYSIA SDN BHD,MALAYSIA,JIUJIANG,CHINA (MAINLAND)
2023,470329,MARUBENI,TANJUNG ENIM LESTARI,PANJANG,SUMATERA SELATAN,517,243678,MARUBENI,MARUBENI CORP,JAPAN,TAOYUAN,TAIWAN
2023,470329,SINAR MAS,OKI,SULTAN MAHMUD BADARUDDIN (U),SUMATERA SELATAN,500,215750,SINAR MAS,KING PAPER SOURCE TRADING (SHANGHAI) CO LTD,CHINA (MAINLAND),NINGBO,CHINA (MAINLAND)
2023,470329,SINAR MAS,OKI,SULTAN MAHMUD BADARUDDIN (U),SUMATERA SELATAN,100,43150,SINAR MAS,KING PAPER SOURCE TRADING (SHANGHAI) CO LTD,CHINA (MAINLAND),CHANGSHU,CHINA (MAINLAND)
2023,470329,MARUBENI,TANJUNG ENIM LESTARI,PANJANG,SUMATERA SELATAN,151,71699,MARUBENI,MARUBENI CORP,JAPAN,LAT KRABANG,THAILAND
2023,470329,SINAR MAS,INDAH KIAT,PERAWANG,RIAU,500,214500,SINAR MAS,KING PAPER SOURCE TRADING (SHANGHAI) CO LTD,CHINA (MAINLAND),QINZHOU,CHINA (MAINLAND)
2023,470329,SINAR MAS,INDAH KIAT,PERAWANG,RIAU,1560,652595,IMEXCO BACGIANG,BAC GIANG IMPORT EXPORT JOINT STOCK CO,VIETNAM,HAIPHONG,VIETNAM
2023,470329,SINAR MAS,INDAH KIAT,PERAWANG,RIAU,500,214500,SINAR MAS,KING PAPER SOURCE TRADING (SHANGHAI) CO LTD,CHINA (MAINLAND),QINZHOU,CHINA (MAINLAND)
2023,470329,SINAR MAS,INDAH KIAT,PERAWANG,RIAU,1000,418330,UNKNOWN AFFILIATION,VIET CUONG CO LTD,VIETNAM,HAIPHONG,VIETNAM
2023,470329,SINAR MAS,INDAH KIAT,PERAWANG,RIAU,500,209165,UNKNOWN AFFILIATION,VIET CUONG CO LTD,VIETNAM,HAIPHONG,VIETNAM
2023,470329,SINAR MAS,INDAH KIAT,PERAWANG,RIAU,1000,418330,UNKNOWN AFFILIATION,VIET THANG PAPER AND PACKING JOINT STOCK CO,VIETNAM,HAIPHONG,VIETNAM
2023,470329,MARUBENI,TANJUNG ENIM LESTARI,PANJANG,SUMATERA SELATAN,107,50665,MARUBENI,MARUBENI CORP,JAPAN,ICD MIHAN,INDIA
2023,470329,ROYAL GOLDEN EAGLE,APRIL,BUATAN,RIAU,1005,387066,ROYAL GOLDEN EAGLE,APRIL INTERNATIONAL ENTEPRISE PTE LTD,SINGAPORE,HAIPHONG,VIETNAM
2023,470329,SINAR MAS,INDAH KIAT,PERAWANG,RIAU,500,214500,SINAR MAS,KING PAPER SOURCE TRADING (SHANGHAI) CO LTD,CHINA (MAINLAND),QINZHOU,CHINA (MAINLAND)
2023,470329,SINAR MAS,INDAH KIAT,PERAWANG,RIAU,500,214500,SINAR MAS,KING PAPER SOURCE TRADING (SHANGHAI) CO LTD,CHINA (MAINLAND),QINZHOU,CHINA (MAINLAND)
2023,470329,SINAR MAS,INDAH KIAT,PERAWANG,RIAU,500,214500,SINAR MAS,KING PAPER SOURCE TRADING (SHANGHAI) CO LTD,CHINA (MAINLAND),QINZHOU,CHINA (MAINLAND)
2023,470329,SINAR MAS,INDAH KIAT,PERAWANG,RIAU,500,214500,SINAR MAS,KING PAPER SOURCE TRADING (SHANGHAI) CO LTD,CHINA (MAINLAND),QINZHOU,CHINA (MAINLAND)
2023,470329,SINAR MAS,INDAH KIAT,PERAWANG,RIAU,1500,642495,UNKNOWN AFFILIATION,TRUONG XUAN PAPER JOINT STOCK CO,VIETNAM,HAIPHONG,VIETNAM
2023,470329,MARUBENI,TANJUNG ENIM LESTARI,PANJANG,SUMATERA SELATAN,107,56710,MARUBENI,MARUBENI CORP,JAPAN,LAT KRABANG,THAILAND
2023,470329,SINAR MAS,INDAH KIAT,PERAWANG,RIAU,500,214500,SINAR MAS,KING PAPER SOURCE TRADING (SHANGHAI) CO LTD,CHINA (MAINLAND),QINZHOU,CHINA (MAINLAND)
2023,470329,SINAR MAS,INDAH KIAT,PERAWANG,RIAU,140,60060,SINAR MAS,KING PAPER SOURCE TRADING (SHANGHAI) CO LTD,CHINA (MAINLAND),QINZHOU,CHINA (MAINLAND)
2023,470329,ROYAL GOLDEN EAGLE,APRIL,FUTONG,RIAU,2011,774200,ROYAL GOLDEN EAGLE,APRIL INTERNATIONAL ENTEPRISE PTE LTD,SINGAPORE,CHATTOGRAM,BANGLADESH
2023,470200,ROYAL GOLDEN EAGLE,APRIL,BUATAN,RIAU,506,289700,ROYAL GOLDEN EAGLE,APRIL FAR EAST MALAYSIA SDN BHD,MALAYSIA,LIANYUNGANG,CHINA (MAINLAND)
2023,470200,ROYAL GOLDEN EAGLE,APRIL,FUTONG,RIAU,4050,2316410,ROYAL GOLDEN EAGLE,APRIL FAR EAST MALAYSIA SDN BHD,MALAYSIA,JIUJIANG,CHINA (MAINLAND)
2023,470329,SINAR MAS,INDAH KIAT,PERAWANG,RIAU,500,214500,SINAR MAS,KING PAPER SOURCE TRADING (SHANGHAI) CO LTD,CHINA (MAINLAND),QINZHOU,CHINA (MAINLAND)
2023,470329,SINAR MAS,INDAH KIAT,PERAWANG,RIAU,500,214500,SINAR MAS,KING PAPER SOURCE TRADING (SHANGHAI) CO LTD,CHINA (MAINLAND),QINZHOU,CHINA (MAINLAND)
2023,470329,MARUBENI,TANJUNG ENIM LESTARI,PANJANG,SUMATERA SELATAN,517,258706,MARUBENI,MARUBENI CORP,JAPAN,XINGANG,CHINA (MAINLAND)
2023,470329,SINAR MAS,INDAH KIAT,PERAWANG,RIAU,500,229650,CREATIVE,CREATIVE PAPER MILLS LTD,BANGLADESH,CHATTOGRAM,BANGLADESH
2023,470329,ROYAL GOLDEN EAGLE,APRIL,BUATAN,RIAU,501,193026,ROYAL GOLDEN EAGLE,APRIL INTERNATIONAL ENTEPRISE PTE LTD,SINGAPORE,PAT BANGKOK,THAILAND
2023,470329,SINAR MAS,INDAH KIAT,PERAWANG,RIAU,500,207877,UNKNOWN AFFILIATION,VUONG AN PHU COMPANY LTD,VIETNAM,HAIPHONG,VIETNAM
2023,470200,ROYAL GOLDEN EAGLE,APRIL,BUATAN,RIAU,507,289795,ROYAL GOLDEN EAGLE,APRIL FAR EAST MALAYSIA SDN BHD,MALAYSIA,FUZHOU,CHINA (MAINLAND)
2023,470329,MARUBENI,TANJUNG ENIM LESTARI,PANJANG,SUMATERA SELATAN,514,255972,MARUBENI,MARUBENI CORP,JAPAN,XINGANG,CHINA (MAINLAND)
2023,470329,SINAR MAS,INDAH KIAT,PERAWANG,RIAU,500,229650,CREATIVE,CREATIVE PAPER MILLS LTD,BANGLADESH,CHATTOGRAM,BANGLADESH
2023,470200,ROYAL GOLDEN EAGLE,APRIL,BUATAN,RIAU,506,289443,ROYAL GOLDEN EAGLE,APRIL FAR EAST MALAYSIA SDN BHD,MALAYSIA,FUZHOU,CHINA (MAINLAND)
2023,470329,SINAR MAS,INDAH KIAT,PERAWANG,RIAU,140,59392,BATAAN,BATAAN 2020 INC,PHILIPPINES,MANILA NORTH HARBOUR,PHILIPPINES
2023,440122,ROYAL GOLDEN EAGLE,BALIKPAPAN CHIP LESTARI,BALIKPAPAN,KALIMANTAN TIMUR,16171,2360918,ROYAL GOLDEN EAGLE,ASIA SYMBOL (SHANDONG) PULP AND PAPER,CHINA (MAINLAND),RIZHAO,CHINA (MAINLAND)
2023,470200,ROYAL GOLDEN EAGLE,APRIL,FUTONG,RIAU,5049,2887989,ROYAL GOLDEN EAGLE,APRIL FAR EAST MALAYSIA SDN BHD,MALAYSIA,LIANYUNGANG,CHINA (MAINLAND)
2023,470200,ROYAL GOLDEN EAGLE,APRIL,BUATAN,RIAU,1014,579782,ROYAL GOLDEN EAGLE,APRIL FAR EAST MALAYSIA SDN BHD,MALAYSIA,FUZHOU,CHINA (MAINLAND)
2023,470329,ROYAL GOLDEN EAGLE,APRIL,BUATAN,RIAU,502,193429,ROYAL GOLDEN EAGLE,APRIL INTERNATIONAL ENTEPRISE PTE LTD,SINGAPORE,HAIPHONG,VIETNAM
2023,470200,ROYAL GOLDEN EAGLE,APRIL,FUTONG,RIAU,5575,3244872,ROYAL GOLDEN EAGLE,APRIL FAR EAST MALAYSIA SDN BHD,MALAYSIA,LIANYUNGANG,CHINA (MAINLAND)
2023,470329,SINAR MAS,OKI,SULTAN MAHMUD BADARUDDIN (U),SUMATERA SELATAN,500,215500,SINAR MAS,SHANDONG BOHUI PAPER INDUSTRY CO LTD,CHINA (MAINLAND),QINGDAO,CHINA (MAINLAND)
2023,470329,SINAR MAS,OKI,SULTAN MAHMUD BADARUDDIN (U),SUMATERA SELATAN,500,215500,SINAR MAS,SHANDONG BOHUI PAPER INDUSTRY CO LTD,CHINA (MAINLAND),QINGDAO,CHINA (MAINLAND)
2023,470329,SINAR MAS,OKI,SULTAN MAHMUD BADARUDDIN (U),SUMATERA SELATAN,500,215500,SINAR MAS,SHANDONG BOHUI PAPER INDUSTRY CO LTD,CHINA (MAINLAND),QINGDAO,CHINA (MAINLAND)
2023,470329,SINAR MAS,OKI,SULTAN MAHMUD BADARUDDIN (U),SUMATERA SELATAN,500,215500,SINAR MAS,SHANDONG BOHUI PAPER INDUSTRY CO LTD,CHINA (MAINLAND),QINGDAO,CHINA (MAINLAND)
2023,470329,SINAR MAS,OKI,SULTAN MAHMUD BADARUDDIN (U),SUMATERA SELATAN,500,215500,SINAR MAS,SHANDONG BOHUI PAPER INDUSTRY CO LTD,CHINA (MAINLAND),QINGDAO,CHINA (MAINLAND)
2023,470329,SINAR MAS,OKI,SULTAN MAHMUD BADARUDDIN (U),SUMATERA SELATAN,500,215500,SINAR MAS,SHANDONG BOHUI PAPER INDUSTRY CO LTD,CHINA (MAINLAND),QINGDAO,CHINA (MAINLAND)
2023,470329,SINAR MAS,OKI,SULTAN MAHMUD BADARUDDIN (U),SUMATERA SELATAN,500,215500,SINAR MAS,KING PAPER SOURCE TRADING (SHANGHAI) CO LTD,CHINA (MAINLAND),DALIAN,CHINA (MAINLAND)
2023,470329,SINAR MAS,OKI,SULTAN MAHMUD BADARUDDIN (U),SUMATERA SELATAN,500,215500,SINAR MAS,KING PAPER SOURCE TRADING (SHANGHAI) CO LTD,CHINA (MAINLAND),DALIAN,CHINA (MAINLAND)
2023,470329,SINAR MAS,OKI,SULTAN MAHMUD BADARUDDIN (U),SUMATERA SELATAN,2800,1185108,UNKNOWN AFFILIATION,CHONGQING BAIJUN SUPPLY CHAIN SERVICE CO LTD,CHINA (MAINLAND),TIANJIN,CHINA (MAINLAND)
2023,470329,SINAR MAS,OKI,SULTAN MAHMUD BADARUDDIN (U),SUMATERA SELATAN,2700,1146452,UNKNOWN AFFILIATION,CHONGQING BAIJUN SUPPLY CHAIN SERVICE CO LTD,CHINA (MAINLAND),TIANJIN,CHINA (MAINLAND)
2023,470329,SINAR MAS,OKI,SULTAN MAHMUD BADARUDDIN (U),SUMATERA SELATAN,1000,423253,UNKNOWN AFFILIATION,CHONGQING BAIJUN SUPPLY CHAIN SERVICE CO LTD,CHINA (MAINLAND),TIANJIN,CHINA (MAINLAND)
2023,470329,SINAR MAS,OKI,SULTAN MAHMUD BADARUDDIN (U),SUMATERA SELATAN,500,215500,SINAR MAS,SHANDONG BOHUI PAPER INDUSTRY CO LTD,CHINA (MAINLAND),QINGDAO,CHINA (MAINLAND)
2023,470329,SINAR MAS,OKI,SULTAN MAHMUD BADARUDDIN (U),SUMATERA SELATAN,500,215500,SINAR MAS,SHANDONG BOHUI PAPER INDUSTRY CO LTD,CHINA (MAINLAND),QINGDAO,CHINA (MAINLAND)
2023,470329,SINAR MAS,OKI,SULTAN MAHMUD BADARUDDIN (U),SUMATERA SELATAN,500,215500,SINAR MAS,SHANDONG BOHUI PAPER INDUSTRY CO LTD,CHINA (MAINLAND),QINGDAO,CHINA (MAINLAND)
2023,470329,SINAR MAS,INDAH KIAT,PERAWANG,RIAU,500,229650,CREATIVE,CREATIVE PAPER MILLS LTD,BANGLADESH,CHATTOGRAM,BANGLADESH
2023,470329,SINAR MAS,OKI,SULTAN MAHMUD BADARUDDIN (U),SUMATERA SELATAN,500,211626,UNKNOWN AFFILIATION,CHONGQING BAIJUN SUPPLY CHAIN SERVICE CO LTD,CHINA (MAINLAND),TIANJIN,CHINA (MAINLAND)
2023,470329,SINAR MAS,INDAH KIAT,PERAWANG,RIAU,100,41827,RENGO,VINA KRAFT PAPER CO LTD,VIETNAM,CAT LAI,VIETNAM
2023,470329,SINAR MAS,OKI,SULTAN MAHMUD BADARUDDIN (U),SUMATERA SELATAN,500,215500,SINAR MAS,SHANDONG BOHUI PAPER INDUSTRY CO LTD,CHINA (MAINLAND),QINGDAO,CHINA (MAINLAND)
2023,470329,SINAR MAS,OKI,SULTAN MAHMUD BADARUDDIN (U),SUMATERA SELATAN,500,215500,SINAR MAS,SHANDONG BOHUI PAPER INDUSTRY CO LTD,CHINA (MAINLAND),QINGDAO,CHINA (MAINLAND)
2023,470329,SINAR MAS,OKI,SULTAN MAHMUD BADARUDDIN (U),SUMATERA SELATAN,500,215500,SINAR MAS,SHANDONG BOHUI PAPER INDUSTRY CO LTD,CHINA (MAINLAND),QINGDAO,CHINA (MAINLAND)
2023,470329,SINAR MAS,OKI,SULTAN MAHMUD BADARUDDIN (U),SUMATERA SELATAN,500,215500,SINAR MAS,SHANDONG BOHUI PAPER INDUSTRY CO LTD,CHINA (MAINLAND),QINGDAO,CHINA (MAINLAND)
2023,470329,SINAR MAS,OKI,SULTAN MAHMUD BADARUDDIN (U),SUMATERA SELATAN,500,215500,SINAR MAS,SHANDONG BOHUI PAPER INDUSTRY CO LTD,CHINA (MAINLAND),QINGDAO,CHINA (MAINLAND)
2023,470329,SINAR MAS,OKI,SULTAN MAHMUD BADARUDDIN (U),SUMATERA SELATAN,500,215500,SINAR MAS,SHANDONG BOHUI PAPER INDUSTRY CO LTD,CHINA (MAINLAND),QINGDAO,CHINA (MAINLAND)
2023,470329,SINAR MAS,OKI,SULTAN MAHMUD BADARUDDIN (U),SUMATERA SELATAN,500,215500,SINAR MAS,SHANDONG BOHUI PAPER INDUSTRY CO LTD,CHINA (MAINLAND),QINGDAO,CHINA (MAINLAND)
2023,470329,SINAR MAS,OKI,SULTAN MAHMUD BADARUDDIN (U),SUMATERA SELATAN,500,215500,SINAR MAS,KING PAPER SOURCE TRADING (SHANGHAI) CO LTD,CHINA (MAINLAND),DALIAN,CHINA (MAINLAND)
2023,470329,SINAR MAS,OKI,SULTAN MAHMUD BADARUDDIN (U),SUMATERA SELATAN,500,215500,SINAR MAS,KING PAPER SOURCE TRADING (SHANGHAI) CO LTD,CHINA (MAINLAND),DALIAN,CHINA (MAINLAND)
2023,470329,SINAR MAS,OKI,SULTAN MAHMUD BADARUDDIN (U),SUMATERA SELATAN,500,215500,SINAR MAS,SHANDONG BOHUI PAPER INDUSTRY CO LTD,CHINA (MAINLAND),QINGDAO,CHINA (MAINLAND)
2023,470329,SINAR MAS,INDAH KIAT,PERAWANG,RIAU,500,229650,CREATIVE,CREATIVE PAPER MILLS LTD,BANGLADESH,CHATTOGRAM,BANGLADESH
2023,470329,SINAR MAS,OKI,SULTAN MAHMUD BADARUDDIN (U),SUMATERA SELATAN,500,215500,SINAR MAS,SHANDONG BOHUI PAPER INDUSTRY CO LTD,CHINA (MAINLAND),QINGDAO,CHINA (MAINLAND)
2023,470329,SINAR MAS,OKI,SULTAN MAHMUD BADARUDDIN (U),SUMATERA SELATAN,500,215500,SINAR MAS,SHANDONG BOHUI PAPER INDUSTRY CO LTD,CHINA (MAINLAND),QINGDAO,CHINA (MAINLAND)
2023,470329,ROYAL GOLDEN EAGLE,APRIL,BUATAN,RIAU,503,193541,ROYAL GOLDEN EAGLE,APRIL INTERNATIONAL ENTEPRISE PTE LTD,SINGAPORE,ABU DHABI,NEW ZEALAND
2023,470200,ROYAL GOLDEN EAGLE,APRIL,BUATAN,RIAU,506,289625,ROYAL GOLDEN EAGLE,APRIL FAR EAST MALAYSIA SDN BHD,MALAYSIA,FUZHOU,CHINA (MAINLAND)
2023,470329,SINAR MAS,OKI,SULTAN MAHMUD BADARUDDIN (U),SUMATERA SELATAN,500,215500,SINAR MAS,SHANDONG BOHUI PAPER INDUSTRY CO LTD,CHINA (MAINLAND),QINGDAO,CHINA (MAINLAND)
2023,470329,SINAR MAS,OKI,SULTAN MAHMUD BADARUDDIN (U),SUMATERA SELATAN,500,215500,SINAR MAS,SHANDONG BOHUI PAPER INDUSTRY CO LTD,CHINA (MAINLAND),QINGDAO,CHINA (MAINLAND)
2023,470329,SINAR MAS,OKI,SULTAN MAHMUD BADARUDDIN (U),SUMATERA SELATAN,500,215500,SINAR MAS,SHANDONG BOHUI PAPER INDUSTRY CO LTD,CHINA (MAINLAND),QINGDAO,CHINA (MAINLAND)
2023,470329,SINAR MAS,OKI,SULTAN MAHMUD BADARUDDIN (U),SUMATERA SELATAN,3000,1299742,UNKNOWN AFFILIATION,CHONGQING BAIJUN SUPPLY CHAIN SERVICE CO LTD,CHINA (MAINLAND),TIANJIN,CHINA (MAINLAND)
2023,470329,ROYAL GOLDEN EAGLE,APRIL,BUATAN,RIAU,502,193359,ROYAL GOLDEN EAGLE,APRIL INTERNATIONAL ENTEPRISE PTE LTD,SINGAPORE,HAIPHONG,VIETNAM
2023,470329,SINAR MAS,OKI,SULTAN MAHMUD BADARUDDIN (U),SUMATERA SELATAN,500,215500,SINAR MAS,SHANDONG BOHUI PAPER INDUSTRY CO LTD,CHINA (MAINLAND),QINGDAO,CHINA (MAINLAND)
2023,470329,SINAR MAS,OKI,SULTAN MAHMUD BADARUDDIN (U),SUMATERA SELATAN,500,215500,SINAR MAS,SHANDONG BOHUI PAPER INDUSTRY CO LTD,CHINA (MAINLAND),QINGDAO,CHINA (MAINLAND)
2023,470329,SINAR MAS,OKI,SULTAN MAHMUD BADARUDDIN (U),SUMATERA SELATAN,500,215500,SINAR MAS,KING PAPER SOURCE TRADING (SHANGHAI) CO LTD,CHINA (MAINLAND),DALIAN,CHINA (MAINLAND)
2023,470329,SINAR MAS,OKI,SULTAN MAHMUD BADARUDDIN (U),SUMATERA SELATAN,500,211626,UNKNOWN AFFILIATION,CHONGQING BAIJUN SUPPLY CHAIN SERVICE CO LTD,CHINA (MAINLAND),TIANJIN,CHINA (MAINLAND)
2023,470200,ROYAL GOLDEN EAGLE,APRIL,BUATAN,RIAU,506,289646,ROYAL GOLDEN EAGLE,APRIL FAR EAST MALAYSIA SDN BHD,MALAYSIA,FUZHOU,CHINA (MAINLAND)
2023,470329,SINAR MAS,OKI,SULTAN MAHMUD BADARUDDIN (U),SUMATERA SELATAN,500,215500,SINAR MAS,SHANDONG BOHUI PAPER INDUSTRY CO LTD,CHINA (MAINLAND),QINGDAO,CHINA (MAINLAND)
2023,470329,SINAR MAS,OKI,SULTAN MAHMUD BADARUDDIN (U),SUMATERA SELATAN,500,215500,SINAR MAS,SHANDONG BOHUI PAPER INDUSTRY CO LTD,CHINA (MAINLAND),QINGDAO,CHINA (MAINLAND)
2023,470329,SINAR MAS,OKI,SULTAN MAHMUD BADARUDDIN (U),SUMATERA SELATAN,500,215500,SINAR MAS,KING PAPER SOURCE TRADING (SHANGHAI) CO LTD,CHINA (MAINLAND),DALIAN,CHINA (MAINLAND)
2023,470329,ROYAL GOLDEN EAGLE,APRIL,FUTONG,RIAU,3113,1198523,ROYAL GOLDEN EAGLE,APRIL FINE PAPER TRADING MIDDLE EAST,UNITED ARAB EMIRATES,NANSHA,CHINA (MAINLAND)
2023,470329,ROYAL GOLDEN EAGLE,APRIL,BUATAN,RIAU,502,186627,ROYAL GOLDEN EAGLE,APRIL INTERNATIONAL ENTEPRISE PTE LTD,SINGAPORE,ABU DHABI,NEW ZEALAND
2023,470329,ROYAL GOLDEN EAGLE,APRIL,FUTONG,RIAU,2612,1005647,ROYAL GOLDEN EAGLE,APRIL FINE PAPER TRADING MIDDLE EAST,UNITED ARAB EMIRATES,NANSHA,CHINA (MAINLAND)
2023,470200,ROYAL GOLDEN EAGLE,APRIL,BUATAN,RIAU,505,288948,ROYAL GOLDEN EAGLE,APRIL FAR EAST MALAYSIA SDN BHD,MALAYSIA,LIANYUNGANG,CHINA (MAINLAND)
2023,470200,ROYAL GOLDEN EAGLE,APRIL,FUTONG,RIAU,2532,1448100,ROYAL GOLDEN EAGLE,APRIL FAR EAST MALAYSIA SDN BHD,MALAYSIA,CHANGSHU,CHINA (MAINLAND)
2023,470329,MARUBENI,TANJUNG ENIM LESTARI,PANJANG,SUMATERA SELATAN,712,339093,MARUBENI,MARUBENI CORP,JAPAN,QINGDAO,CHINA (MAINLAND)
2023,470329,SINAR MAS,OKI,SULTAN MAHMUD BADARUDDIN (U),SUMATERA SELATAN,500,216500,SINAR MAS,KING PAPER SOURCE TRADING (SHANGHAI) CO LTD,CHINA (MAINLAND),CHANGSHU,CHINA (MAINLAND)
2023,470329,SINAR MAS,OKI,SULTAN MAHMUD BADARUDDIN (U),SUMATERA SELATAN,200,86600,SINAR MAS,KING PAPER SOURCE TRADING (SHANGHAI) CO LTD,CHINA (MAINLAND),CHANGSHU,CHINA (MAINLAND)
2023,470329,SINAR MAS,INDAH KIAT,PERAWANG,RIAU,2500,1045825,UNKNOWN AFFILIATION,SAUDI PAPER MANUFACTURING CO,SAUDI ARABIA,AD DAMMAM,SAUDI ARABIA
2023,470329,SINAR MAS,INDAH KIAT,PERAWANG,RIAU,2500,1045825,UNKNOWN AFFILIATION,SAUDI PAPER MANUFACTURING CO,SAUDI ARABIA,AD DAMMAM,SAUDI ARABIA
2023,470329,SINAR MAS,OKI,SULTAN MAHMUD BADARUDDIN (U),SUMATERA SELATAN,500,216500,SINAR MAS,KING PAPER SOURCE TRADING (SHANGHAI) CO LTD,CHINA (MAINLAND),CHANGSHU,CHINA (MAINLAND)
2023,470329,ROYAL GOLDEN EAGLE,APRIL,BUATAN,RIAU,1005,387101,ROYAL GOLDEN EAGLE,APRIL INTERNATIONAL ENTEPRISE PTE LTD,SINGAPORE,CHATTOGRAM,BANGLADESH
2023,470329,SINAR MAS,OKI,SULTAN MAHMUD BADARUDDIN (U),SUMATERA SELATAN,500,216500,SINAR MAS,KING PAPER SOURCE TRADING (SHANGHAI) CO LTD,CHINA (MAINLAND),CHANGSHU,CHINA (MAINLAND)
2023,470329,SINAR MAS,OKI,SULTAN MAHMUD BADARUDDIN (U),SUMATERA SELATAN,500,216500,SINAR MAS,KING PAPER SOURCE TRADING (SHANGHAI) CO LTD,CHINA (MAINLAND),CHANGSHU,CHINA (MAINLAND)
2023,470329,SINAR MAS,OKI,SULTAN MAHMUD BADARUDDIN (U),SUMATERA SELATAN,500,216500,SINAR MAS,JIANGSU BOHUI PAPER INDUSTRY CO LTD.,CHINA (MAINLAND),CHANGSHU,CHINA (MAINLAND)
2023,470329,SINAR MAS,OKI,SULTAN MAHMUD BADARUDDIN (U),SUMATERA SELATAN,500,216500,SINAR MAS,KING PAPER SOURCE TRADING (SHANGHAI) CO LTD,CHINA (MAINLAND),CHANGSHU,CHINA (MAINLAND)
2023,470329,SINAR MAS,OKI,SULTAN MAHMUD BADARUDDIN (U),SUMATERA SELATAN,500,216500,SINAR MAS,JIANGSU BOHUI PAPER INDUSTRY CO LTD.,CHINA (MAINLAND),CHANGSHU,CHINA (MAINLAND)
2023,470329,SINAR MAS,OKI,SULTAN MAHMUD BADARUDDIN (U),SUMATERA SELATAN,200,84840,SINAR MAS,JIANGSU BOHUI PAPER INDUSTRY CO LTD.,CHINA (MAINLAND),CHANGSHU,CHINA (MAINLAND)
2023,470329,SINAR MAS,INDAH KIAT,PERAWANG,RIAU,500,212817,GULF PAPER,GULF PAPER MANUFACTURING CO KSC,KUWAIT,SHUAIBA,KUWAIT
2023,470329,ROYAL GOLDEN EAGLE,APRIL,BUATAN,RIAU,503,193678,ROYAL GOLDEN EAGLE,APRIL INTERNATIONAL ENTEPRISE PTE LTD,SINGAPORE,CAT LAI,VIETNAM
2023,470329,SINAR MAS,INDAH KIAT,PERAWANG,RIAU,2500,1045825,UNKNOWN AFFILIATION,SAUDI PAPER MANUFACTURING CO,SAUDI ARABIA,AD DAMMAM,SAUDI ARABIA
2023,470329,MARUBENI,TANJUNG ENIM LESTARI,PANJANG,SUMATERA SELATAN,605,288544,MARUBENI,MARUBENI CORP,JAPAN,QINGDAO,CHINA (MAINLAND)
2023,470329,SINAR MAS,OKI,SULTAN MAHMUD BADARUDDIN (U),SUMATERA SELATAN,500,216500,SINAR MAS,KING PAPER SOURCE TRADING (SHANGHAI) CO LTD,CHINA (MAINLAND),CHANGSHU,CHINA (MAINLAND)
2023,470329,SINAR MAS,OKI,SULTAN MAHMUD BADARUDDIN (U),SUMATERA SELATAN,500,216500,SINAR MAS,KING PAPER SOURCE TRADING (SHANGHAI) CO LTD,CHINA (MAINLAND),CHANGSHU,CHINA (MAINLAND)
2023,470329,SINAR MAS,OKI,SULTAN MAHMUD BADARUDDIN (U),SUMATERA SELATAN,500,212100,SINAR MAS,JIANGSU BOHUI PAPER INDUSTRY CO LTD.,CHINA (MAINLAND),CHANGSHU,CHINA (MAINLAND)
2023,470329,SINAR MAS,OKI,SULTAN MAHMUD BADARUDDIN (U),SUMATERA SELATAN,500,212100,SINAR MAS,JIANGSU BOHUI PAPER INDUSTRY CO LTD.,CHINA (MAINLAND),CHANGSHU,CHINA (MAINLAND)
2023,470329,SINAR MAS,INDAH KIAT,PERAWANG,RIAU,2500,1045825,UNKNOWN AFFILIATION,SAUDI PAPER MANUFACTURING CO,SAUDI ARABIA,AD DAMMAM,SAUDI ARABIA
2023,470329,SINAR MAS,INDAH KIAT,PERAWANG,RIAU,2500,1045825,UNKNOWN AFFILIATION,SAUDI PAPER MANUFACTURING CO,SAUDI ARABIA,AD DAMMAM,SAUDI ARABIA
2023,470329,SINAR MAS,OKI,SULTAN MAHMUD BADARUDDIN (U),SUMATERA SELATAN,500,216500,SINAR MAS,KING PAPER SOURCE TRADING (SHANGHAI) CO LTD,CHINA (MAINLAND),CHANGSHU,CHINA (MAINLAND)
2023,470329,SINAR MAS,OKI,SULTAN MAHMUD BADARUDDIN (U),SUMATERA SELATAN,250,108250,SINAR MAS,KING PAPER SOURCE TRADING (SHANGHAI) CO LTD,CHINA (MAINLAND),CHANGSHU,CHINA (MAINLAND)
2023,470329,SINAR MAS,OKI,SULTAN MAHMUD BADARUDDIN (U),SUMATERA SELATAN,500,216500,SINAR MAS,JIANGSU BOHUI PAPER INDUSTRY CO LTD.,CHINA (MAINLAND),CHANGSHU,CHINA (MAINLAND)
2023,470329,SINAR MAS,OKI,SULTAN MAHMUD BADARUDDIN (U),SUMATERA SELATAN,500,212100,SINAR MAS,JIANGSU BOHUI PAPER INDUSTRY CO LTD.,CHINA (MAINLAND),CHANGSHU,CHINA (MAINLAND)
2023,470329,MARUBENI,TANJUNG ENIM LESTARI,PANJANG,SUMATERA SELATAN,709,337678,MARUBENI,MARUBENI CORP,JAPAN,QINGDAO,CHINA (MAINLAND)
2023,470329,SINAR MAS,OKI,SULTAN MAHMUD BADARUDDIN (U),SUMATERA SELATAN,500,216500,SINAR MAS,KING PAPER SOURCE TRADING (SHANGHAI) CO LTD,CHINA (MAINLAND),CHANGSHU,CHINA (MAINLAND)
2023,470329,SINAR MAS,OKI,SULTAN MAHMUD BADARUDDIN (U),SUMATERA SELATAN,500,212100,SINAR MAS,JIANGSU BOHUI PAPER INDUSTRY CO LTD.,CHINA (MAINLAND),CHANGSHU,CHINA (MAINLAND)
2023,470329,SINAR MAS,INDAH KIAT,PERAWANG,RIAU,2500,1045825,UNKNOWN AFFILIATION,SAUDI PAPER MANUFACTURING CO,SAUDI ARABIA,AD DAMMAM,SAUDI ARABIA
2023,470329,SINAR MAS,OKI,SULTAN MAHMUD BADARUDDIN (U),SUMATERA SELATAN,500,216500,SINAR MAS,KING PAPER SOURCE TRADING (SHANGHAI) CO LTD,CHINA (MAINLAND),CHANGSHU,CHINA (MAINLAND)
2023,470329,SINAR MAS,OKI,SULTAN MAHMUD BADARUDDIN (U),SUMATERA SELATAN,500,216500,SINAR MAS,KING PAPER SOURCE TRADING (SHANGHAI) CO LTD,CHINA (MAINLAND),CHANGSHU,CHINA (MAINLAND)
2023,470329,SINAR MAS,OKI,SULTAN MAHMUD BADARUDDIN (U),SUMATERA SELATAN,500,216500,SINAR MAS,KING PAPER SOURCE TRADING (SHANGHAI) CO LTD,CHINA (MAINLAND),CHANGSHU,CHINA (MAINLAND)
2023,470329,SINAR MAS,OKI,SULTAN MAHMUD BADARUDDIN (U),SUMATERA SELATAN,350,151550,SINAR MAS,KING PAPER SOURCE TRADING (SHANGHAI) CO LTD,CHINA (MAINLAND),CHANGSHU,CHINA (MAINLAND)
2023,470329,SINAR MAS,OKI,SULTAN MAHMUD BADARUDDIN (U),SUMATERA SELATAN,500,216500,SINAR MAS,JIANGSU BOHUI PAPER INDUSTRY CO LTD.,CHINA (MAINLAND),CHANGSHU,CHINA (MAINLAND)
2023,470329,SINAR MAS,OKI,SULTAN MAHMUD BADARUDDIN (U),SUMATERA SELATAN,500,212100,SINAR MAS,JIANGSU BOHUI PAPER INDUSTRY CO LTD.,CHINA (MAINLAND),CHANGSHU,CHINA (MAINLAND)
2023,470329,SINAR MAS,OKI,SULTAN MAHMUD BADARUDDIN (U),SUMATERA SELATAN,500,212100,SINAR MAS,JIANGSU BOHUI PAPER INDUSTRY CO LTD.,CHINA (MAINLAND),CHANGSHU,CHINA (MAINLAND)
2023,470329,ROYAL GOLDEN EAGLE,APRIL,BUATAN,RIAU,503,193702,ROYAL GOLDEN EAGLE,APRIL INTERNATIONAL ENTEPRISE PTE LTD,SINGAPORE,JEBEL ALI,NEW ZEALAND
2023,470329,SINAR MAS,INDAH KIAT,PERAWANG,RIAU,300,125481,UNKNOWN AFFILIATION,NEW TOYO PULPPY (VIETNAM) CO LTD,VIETNAM,CAT LAI,VIETNAM
2023,470200,ROYAL GOLDEN EAGLE,APRIL,FUTONG,RIAU,1013,579267,ROYAL GOLDEN EAGLE,APRIL FAR EAST MALAYSIA SDN BHD,MALAYSIA,JIUJIANG,CHINA (MAINLAND)
2023,470200,ROYAL GOLDEN EAGLE,APRIL,FUTONG,RIAU,507,290279,ROYAL GOLDEN EAGLE,APRIL FAR EAST MALAYSIA SDN BHD,MALAYSIA,JIUJIANG,CHINA (MAINLAND)
2023,470200,ROYAL GOLDEN EAGLE,APRIL,FUTONG,RIAU,264,150943,ROYAL GOLDEN EAGLE,APRIL FAR EAST MALAYSIA SDN BHD,MALAYSIA,LIANYUNGANG,CHINA (MAINLAND)
2023,470200,ROYAL GOLDEN EAGLE,APRIL,FUTONG,RIAU,61,34760,ROYAL GOLDEN EAGLE,APRIL FAR EAST MALAYSIA SDN BHD,MALAYSIA,JIUJIANG,CHINA (MAINLAND)
2023,470200,ROYAL GOLDEN EAGLE,APRIL,FUTONG,RIAU,507,289740,ROYAL GOLDEN EAGLE,APRIL FAR EAST MALAYSIA SDN BHD,MALAYSIA,JIUJIANG,CHINA (MAINLAND)
2023,470200,ROYAL GOLDEN EAGLE,APRIL,FUTONG,RIAU,244,139701,ROYAL GOLDEN EAGLE,APRIL FAR EAST MALAYSIA SDN BHD,MALAYSIA,LIANYUNGANG,CHINA (MAINLAND)
2023,470329,SINAR MAS,INDAH KIAT,PERAWANG,RIAU,500,220200,CREATIVE,CREATIVE PAPER MILLS LTD,BANGLADESH,CHATTOGRAM,BANGLADESH
2023,470200,ROYAL GOLDEN EAGLE,APRIL,FUTONG,RIAU,446,255348,ROYAL GOLDEN EAGLE,APRIL FAR EAST MALAYSIA SDN BHD,MALAYSIA,JIUJIANG,CHINA (MAINLAND)
2023,470200,ROYAL GOLDEN EAGLE,APRIL,FUTONG,RIAU,507,290074,ROYAL GOLDEN EAGLE,APRIL FAR EAST MALAYSIA SDN BHD,MALAYSIA,JIUJIANG,CHINA (MAINLAND)
2023,470200,ROYAL GOLDEN EAGLE,APRIL,FUTONG,RIAU,506,289430,ROYAL GOLDEN EAGLE,APRIL FAR EAST MALAYSIA SDN BHD,MALAYSIA,JIUJIANG,CHINA (MAINLAND)
2023,470200,ROYAL GOLDEN EAGLE,APRIL,FUTONG,RIAU,5067,2898336,ROYAL GOLDEN EAGLE,APRIL FAR EAST MALAYSIA SDN BHD,MALAYSIA,CHANGSHU,CHINA (MAINLAND)
2023,470200,ROYAL GOLDEN EAGLE,APRIL,BUATAN,RIAU,505,289067,ROYAL GOLDEN EAGLE,APRIL FAR EAST MALAYSIA SDN BHD,MALAYSIA,LIANYUNGANG,CHINA (MAINLAND)
2023,470200,ROYAL GOLDEN EAGLE,APRIL,FUTONG,RIAU,2654,1517881,ROYAL GOLDEN EAGLE,APRIL FAR EAST MALAYSIA SDN BHD,MALAYSIA,CHANGSHU,CHINA (MAINLAND)
2023,470200,ROYAL GOLDEN EAGLE,APRIL,FUTONG,RIAU,4614,2639408,ROYAL GOLDEN EAGLE,APRIL FAR EAST MALAYSIA SDN BHD,MALAYSIA,CHANGSHU,CHINA (MAINLAND)
2023,470200,ROYAL GOLDEN EAGLE,APRIL,FUTONG,RIAU,507,289916,ROYAL GOLDEN EAGLE,APRIL FAR EAST MALAYSIA SDN BHD,MALAYSIA,JIUJIANG,CHINA (MAINLAND)
2023,470329,SINAR MAS,INDAH KIAT,PERAWANG,RIAU,500,215250,SINAR MAS,KING PAPER SOURCE TRADING (SHANGHAI) CO LTD,CHINA (MAINLAND),QINZHOU,CHINA (MAINLAND)
2023,470329,SINAR MAS,INDAH KIAT,PERAWANG,RIAU,500,215250,SINAR MAS,KING PAPER SOURCE TRADING (SHANGHAI) CO LTD,CHINA (MAINLAND),QINZHOU,CHINA (MAINLAND)
2023,470329,SINAR MAS,INDAH KIAT,PERAWANG,RIAU,500,215250,SINAR MAS,KING PAPER SOURCE TRADING (SHANGHAI) CO LTD,CHINA (MAINLAND),QINZHOU,CHINA (MAINLAND)
2023,470329,ROYAL GOLDEN EAGLE,APRIL,BUATAN,RIAU,1005,386929,ROYAL GOLDEN EAGLE,APRIL INTERNATIONAL ENTEPRISE PTE LTD,SINGAPORE,HAIPHONG,VIETNAM
2023,470329,ROYAL GOLDEN EAGLE,APRIL,FUTONG,RIAU,401,154553,ROYAL GOLDEN EAGLE,APRIL INTERNATIONAL ENTEPRISE PTE LTD,SINGAPORE,KATHUWAS ICD/ALWAR,INDIA
2023,470329,SINAR MAS,INDAH KIAT,PERAWANG,RIAU,500,208388,UNKNOWN AFFILIATION,NIBONG TEBAL PAPER MILL SDN BHD,MALAYSIA,PENANG (GEORGETOWN),MALAYSIA
2023,470329,SINAR MAS,INDAH KIAT,PERAWANG,RIAU,500,215250,SINAR MAS,KING PAPER SOURCE TRADING (SHANGHAI) CO LTD,CHINA (MAINLAND),QINZHOU,CHINA (MAINLAND)
2023,470329,SINAR MAS,INDAH KIAT,PERAWANG,RIAU,500,215250,SINAR MAS,KING PAPER SOURCE TRADING (SHANGHAI) CO LTD,CHINA (MAINLAND),QINZHOU,CHINA (MAINLAND)
2023,470329,ROYAL GOLDEN EAGLE,APRIL,BUATAN,RIAU,503,193596,ROYAL GOLDEN EAGLE,APRIL INTERNATIONAL ENTEPRISE PTE LTD,SINGAPORE,CHATTOGRAM,BANGLADESH
2023,470329,SINAR MAS,INDAH KIAT,PERAWANG,RIAU,500,215250,SINAR MAS,KING PAPER SOURCE TRADING (SHANGHAI) CO LTD,CHINA (MAINLAND),QINZHOU,CHINA (MAINLAND)
2023,470329,SINAR MAS,INDAH KIAT,PERAWANG,RIAU,500,215250,SINAR MAS,KING PAPER SOURCE TRADING (SHANGHAI) CO LTD,CHINA (MAINLAND),QINZHOU,CHINA (MAINLAND)
2023,470329,SINAR MAS,INDAH KIAT,PERAWANG,RIAU,500,215250,SINAR MAS,KING PAPER SOURCE TRADING (SHANGHAI) CO LTD,CHINA (MAINLAND),QINZHOU,CHINA (MAINLAND)
2023,470329,SINAR MAS,INDAH KIAT,PERAWANG,RIAU,500,215250,SINAR MAS,KING PAPER SOURCE TRADING (SHANGHAI) CO LTD,CHINA (MAINLAND),QINZHOU,CHINA (MAINLAND)
2023,470329,SINAR MAS,INDAH KIAT,PERAWANG,RIAU,500,215250,SINAR MAS,KING PAPER SOURCE TRADING (SHANGHAI) CO LTD,CHINA (MAINLAND),QINZHOU,CHINA (MAINLAND)
2023,470329,SINAR MAS,INDAH KIAT,PERAWANG,RIAU,500,215250,SINAR MAS,KING PAPER SOURCE TRADING (SHANGHAI) CO LTD,CHINA (MAINLAND),QINZHOU,CHINA (MAINLAND)
2023,470329,SINAR MAS,INDAH KIAT,PERAWANG,RIAU,500,215250,SINAR MAS,KING PAPER SOURCE TRADING (SHANGHAI) CO LTD,CHINA (MAINLAND),QINZHOU,CHINA (MAINLAND)
2023,470329,SINAR MAS,INDAH KIAT,PERAWANG,RIAU,500,215250,SINAR MAS,KING PAPER SOURCE TRADING (SHANGHAI) CO LTD,CHINA (MAINLAND),QINZHOU,CHINA (MAINLAND)
2023,470200,ROYAL GOLDEN EAGLE,APRIL,BUATAN,RIAU,506,289665,ROYAL GOLDEN EAGLE,APRIL FAR EAST MALAYSIA SDN BHD,MALAYSIA,LIANYUNGANG,CHINA (MAINLAND)
2023,470200,ROYAL GOLDEN EAGLE,APRIL,BUATAN,RIAU,628,358985,ROYAL GOLDEN EAGLE,APRIL FAR EAST MALAYSIA SDN BHD,MALAYSIA,LIANYUNGANG,CHINA (MAINLAND)
2023,470329,SINAR MAS,INDAH KIAT,PERAWANG,RIAU,500,215250,SINAR MAS,KING PAPER SOURCE TRADING (SHANGHAI) CO LTD,CHINA (MAINLAND),QINZHOU,CHINA (MAINLAND)
2023,470329,SINAR MAS,INDAH KIAT,PERAWANG,RIAU,500,215250,SINAR MAS,KING PAPER SOURCE TRADING (SHANGHAI) CO LTD,CHINA (MAINLAND),QINZHOU,CHINA (MAINLAND)
2023,470329,SINAR MAS,INDAH KIAT,PERAWANG,RIAU,500,215250,SINAR MAS,KING PAPER SOURCE TRADING (SHANGHAI) CO LTD,CHINA (MAINLAND),QINZHOU,CHINA (MAINLAND)
2023,470329,SINAR MAS,INDAH KIAT,PERAWANG,RIAU,500,215250,SINAR MAS,KING PAPER SOURCE TRADING (SHANGHAI) CO LTD,CHINA (MAINLAND),QINZHOU,CHINA (MAINLAND)
2023,470329,SINAR MAS,INDAH KIAT,PERAWANG,RIAU,500,215250,SINAR MAS,KING PAPER SOURCE TRADING (SHANGHAI) CO LTD,CHINA (MAINLAND),QINZHOU,CHINA (MAINLAND)
2023,470329,SINAR MAS,INDAH KIAT,PERAWANG,RIAU,500,215250,SINAR MAS,KING PAPER SOURCE TRADING (SHANGHAI) CO LTD,CHINA (MAINLAND),QINZHOU,CHINA (MAINLAND)
2023,470329,SINAR MAS,INDAH KIAT,PERAWANG,RIAU,200,86100,SINAR MAS,KING PAPER SOURCE TRADING (SHANGHAI) CO LTD,CHINA (MAINLAND),QINZHOU,CHINA (MAINLAND)
2023,470329,SINAR MAS,INDAH KIAT,PERAWANG,RIAU,500,208388,XSD INTERNATIONAL,XSD INTERNATIONAL PAPER SDN BHD,MALAYSIA,PENANG (GEORGETOWN),MALAYSIA
2023,470329,MARUBENI,TANJUNG ENIM LESTARI,PANJANG,SUMATERA SELATAN,517,243234,MARUBENI,MARUBENI CORP,JAPAN,WUHAN,CHINA (MAINLAND)
2023,470329,SINAR MAS,INDAH KIAT,PERAWANG,RIAU,500,215250,SINAR MAS,KING PAPER SOURCE TRADING (SHANGHAI) CO LTD,CHINA (MAINLAND),QINZHOU,CHINA (MAINLAND)
2023,470200,ROYAL GOLDEN EAGLE,APRIL,FUTONG,RIAU,6590,3769328,ROYAL GOLDEN EAGLE,APRIL FAR EAST MALAYSIA SDN BHD,MALAYSIA,XIUYING,CHINA (MAINLAND)
2023,470200,ROYAL GOLDEN EAGLE,APRIL,BUATAN,RIAU,506,289655,ROYAL GOLDEN EAGLE,APRIL FAR EAST MALAYSIA SDN BHD,MALAYSIA,LIANYUNGANG,CHINA (MAINLAND)
2023,470329,MARUBENI,TANJUNG ENIM LESTARI,PANJANG,SUMATERA SELATAN,518,234470,MARUBENI,MARUBENI CORP,JAPAN,PIPAVAV (VICTOR) PORT,INDIA
2023,470329,ROYAL GOLDEN EAGLE,APRIL,FUTONG,RIAU,3016,1161178,ROYAL GOLDEN EAGLE,APRIL INTERNATIONAL ENTEPRISE PTE LTD,SINGAPORE,HAIPHONG,VIETNAM
2023,470200,ROYAL GOLDEN EAGLE,APRIL,BUATAN,RIAU,507,289776,ROYAL GOLDEN EAGLE,APRIL FAR EAST MALAYSIA SDN BHD,MALAYSIA,JIUJIANG,CHINA (MAINLAND)
2023,470200,ROYAL GOLDEN EAGLE,APRIL,BUATAN,RIAU,1013,579378,ROYAL GOLDEN EAGLE,APRIL FAR EAST MALAYSIA SDN BHD,MALAYSIA,JIUJIANG,CHINA (MAINLAND)
2023,470200,ROYAL GOLDEN EAGLE,APRIL,BUATAN,RIAU,509,291048,ROYAL GOLDEN EAGLE,APRIL FAR EAST MALAYSIA SDN BHD,MALAYSIA,LIANYUNGANG,CHINA (MAINLAND)
2023,470329,ROYAL GOLDEN EAGLE,APRIL,BUATAN,RIAU,503,193608,ROYAL GOLDEN EAGLE,APRIL INTERNATIONAL ENTEPRISE PTE LTD,SINGAPORE,CHATTOGRAM,BANGLADESH
2023,470200,ROYAL GOLDEN EAGLE,APRIL,BUATAN,RIAU,507,289910,ROYAL GOLDEN EAGLE,APRIL FAR EAST MALAYSIA SDN BHD,MALAYSIA,JIUJIANG,CHINA (MAINLAND)
2023,470200,ROYAL GOLDEN EAGLE,APRIL,BUATAN,RIAU,508,290743,ROYAL GOLDEN EAGLE,APRIL FAR EAST MALAYSIA SDN BHD,MALAYSIA,LIANYUNGANG,CHINA (MAINLAND)
2023,470329,ROYAL GOLDEN EAGLE,APRIL,BUATAN,RIAU,60,23145,ROYAL GOLDEN EAGLE,APRIL INTERNATIONAL ENTEPRISE PTE LTD,SINGAPORE,CHATTOGRAM,BANGLADESH
2023,470329,ROYAL GOLDEN EAGLE,APRIL,BUATAN,RIAU,1002,372751,ROYAL GOLDEN EAGLE,APRIL INTERNATIONAL ENTEPRISE PTE LTD,SINGAPORE,HAIPHONG,VIETNAM
2023,470329,SINAR MAS,INDAH KIAT,PERAWANG,RIAU,500,220200,CREATIVE,CREATIVE PAPER MILLS LTD,BANGLADESH,CHATTOGRAM,BANGLADESH
2023,470329,MARUBENI,TANJUNG ENIM LESTARI,TARAHAN,SUMATERA SELATAN,1469,653725,MARUBENI,MARUBENI CORP,JAPAN,QINGDAO,CHINA (MAINLAND)
2023,470329,MARUBENI,TANJUNG ENIM LESTARI,TARAHAN,SUMATERA SELATAN,980,436406,MARUBENI,MARUBENI CORP,JAPAN,QINGDAO,CHINA (MAINLAND)
2023,470329,SINAR MAS,OKI,SULTAN MAHMUD BADARUDDIN (U),SUMATERA SELATAN,500,212100,SINAR MAS,KING PAPER SOURCE TRADING (SHANGHAI) CO LTD,CHINA (MAINLAND),ZHENJIANG,CHINA (MAINLAND)
2023,470329,SINAR MAS,OKI,SULTAN MAHMUD BADARUDDIN (U),SUMATERA SELATAN,500,212100,SINAR MAS,KING PAPER SOURCE TRADING (SHANGHAI) CO LTD,CHINA (MAINLAND),ZHENJIANG,CHINA (MAINLAND)
2023,470329,SINAR MAS,OKI,SULTAN MAHMUD BADARUDDIN (U),SUMATERA SELATAN,500,196668,SINAR MAS,KING PAPER SOURCE TRADING (SHANGHAI) CO LTD,CHINA (MAINLAND),ZHENJIANG,CHINA (MAINLAND)
2023,470329,SINAR MAS,OKI,SULTAN MAHMUD BADARUDDIN (U),SUMATERA SELATAN,500,192268,SINAR MAS,KING PAPER SOURCE TRADING (SHANGHAI) CO LTD,CHINA (MAINLAND),ZHENJIANG,CHINA (MAINLAND)
2023,470329,SINAR MAS,OKI,SULTAN MAHMUD BADARUDDIN (U),SUMATERA SELATAN,500,192268,SINAR MAS,KING PAPER SOURCE TRADING (SHANGHAI) CO LTD,CHINA (MAINLAND),ZHENJIANG,CHINA (MAINLAND)
2023,470329,SINAR MAS,INDAH KIAT,PERAWANG,RIAU,500,229650,UNKNOWN AFFILIATION,AMBER SUPER PAPER LIMITED,BANGLADESH,CHATTOGRAM,BANGLADESH
2023,470329,MARUBENI,TANJUNG ENIM LESTARI,TARAHAN,SUMATERA SELATAN,981,436302,MARUBENI,MARUBENI CORP,JAPAN,QINGDAO,CHINA (MAINLAND)
2023,470329,MARUBENI,TANJUNG ENIM LESTARI,TARAHAN,SUMATERA SELATAN,491,218698,MARUBENI,MARUBENI CORP,JAPAN,QINGDAO,CHINA (MAINLAND)
2023,470329,SINAR MAS,OKI,SULTAN MAHMUD BADARUDDIN (U),SUMATERA SELATAN,500,196668,SINAR MAS,KING PAPER SOURCE TRADING (SHANGHAI) CO LTD,CHINA (MAINLAND),ZHENJIANG,CHINA (MAINLAND)
2023,470329,SINAR MAS,OKI,SULTAN MAHMUD BADARUDDIN (U),SUMATERA SELATAN,500,192268,SINAR MAS,KING PAPER SOURCE TRADING (SHANGHAI) CO LTD,CHINA (MAINLAND),ZHENJIANG,CHINA (MAINLAND)
2023,470329,SINAR MAS,OKI,SULTAN MAHMUD BADARUDDIN (U),SUMATERA SELATAN,500,192268,SINAR MAS,KING PAPER SOURCE TRADING (SHANGHAI) CO LTD,CHINA (MAINLAND),ZHENJIANG,CHINA (MAINLAND)
2023,470329,SINAR MAS,OKI,SULTAN MAHMUD BADARUDDIN (U),SUMATERA SELATAN,500,196668,SINAR MAS,KING PAPER SOURCE TRADING (SHANGHAI) CO LTD,CHINA (MAINLAND),ZHENJIANG,CHINA (MAINLAND)
2023,470329,SINAR MAS,OKI,SULTAN MAHMUD BADARUDDIN (U),SUMATERA SELATAN,500,212100,SINAR MAS,KING PAPER SOURCE TRADING (SHANGHAI) CO LTD,CHINA (MAINLAND),ZHENJIANG,CHINA (MAINLAND)
2023,470329,MARUBENI,TANJUNG ENIM LESTARI,TARAHAN,SUMATERA SELATAN,1599,754909,MARUBENI,MARUBENI CORP,JAPAN,GUNSAN (ES KUNSAN),SOUTH KOREA
2023,470329,SINAR MAS,OKI,SULTAN MAHMUD BADARUDDIN (U),SUMATERA SELATAN,500,192268,SINAR MAS,KING PAPER SOURCE TRADING (SHANGHAI) CO LTD,CHINA (MAINLAND),ZHENJIANG,CHINA (MAINLAND)
2023,470329,SINAR MAS,OKI,SULTAN MAHMUD BADARUDDIN (U),SUMATERA SELATAN,500,196668,SINAR MAS,KING PAPER SOURCE TRADING (SHANGHAI) CO LTD,CHINA (MAINLAND),ZHENJIANG,CHINA (MAINLAND)
2023,470329,SINAR MAS,OKI,SULTAN MAHMUD BADARUDDIN (U),SUMATERA SELATAN,500,212100,SINAR MAS,KING PAPER SOURCE TRADING (SHANGHAI) CO LTD,CHINA (MAINLAND),ZHENJIANG,CHINA (MAINLAND)
2023,470329,ROYAL GOLDEN EAGLE,APRIL,FUTONG,RIAU,402,154688,ROYAL GOLDEN EAGLE,APRIL INTERNATIONAL ENTEPRISE PTE LTD,SINGAPORE,PIPAVAV (VICTOR) PORT,INDIA
2023,470329,SINAR MAS,OKI,SULTAN MAHMUD BADARUDDIN (U),SUMATERA SELATAN,500,192268,SINAR MAS,KING PAPER SOURCE TRADING (SHANGHAI) CO LTD,CHINA (MAINLAND),ZHENJIANG,CHINA (MAINLAND)
2023,470329,SINAR MAS,OKI,SULTAN MAHMUD BADARUDDIN (U),SUMATERA SELATAN,500,196668,SINAR MAS,KING PAPER SOURCE TRADING (SHANGHAI) CO LTD,CHINA (MAINLAND),ZHENJIANG,CHINA (MAINLAND)
2023,470329,SINAR MAS,INDAH KIAT,PERAWANG,RIAU,500,229650,UNKNOWN AFFILIATION,AMBER SUPER PAPER LIMITED,BANGLADESH,CHATTOGRAM,BANGLADESH
2023,470329,ROYAL GOLDEN EAGLE,APRIL,FUTONG,RIAU,200,77098,ROYAL GOLDEN EAGLE,APRIL INTERNATIONAL ENTEPRISE PTE LTD,SINGAPORE,KASHIPUR,INDIA
2023,470329,SINAR MAS,OKI,SULTAN MAHMUD BADARUDDIN (U),SUMATERA SELATAN,500,192268,SINAR MAS,KING PAPER SOURCE TRADING (SHANGHAI) CO LTD,CHINA (MAINLAND),ZHENJIANG,CHINA (MAINLAND)
2023,470329,SINAR MAS,OKI,SULTAN MAHMUD BADARUDDIN (U),SUMATERA SELATAN,500,192268,SINAR MAS,KING PAPER SOURCE TRADING (SHANGHAI) CO LTD,CHINA (MAINLAND),ZHENJIANG,CHINA (MAINLAND)
2023,470329,SINAR MAS,OKI,SULTAN MAHMUD BADARUDDIN (U),SUMATERA SELATAN,500,192268,SINAR MAS,KING PAPER SOURCE TRADING (SHANGHAI) CO LTD,CHINA (MAINLAND),ZHENJIANG,CHINA (MAINLAND)
2023,470329,MARUBENI,TANJUNG ENIM LESTARI,TARAHAN,SUMATERA SELATAN,1961,873184,MARUBENI,MARUBENI CORP,JAPAN,QINGDAO,CHINA (MAINLAND)
2023,470329,MARUBENI,TANJUNG ENIM LESTARI,TARAHAN,SUMATERA SELATAN,490,218366,MARUBENI,MARUBENI CORP,JAPAN,QINGDAO,CHINA (MAINLAND)
2023,470329,SINAR MAS,OKI,SULTAN MAHMUD BADARUDDIN (U),SUMATERA SELATAN,500,192268,SINAR MAS,KING PAPER SOURCE TRADING (SHANGHAI) CO LTD,CHINA (MAINLAND),ZHENJIANG,CHINA (MAINLAND)
2023,470329,SINAR MAS,OKI,SULTAN MAHMUD BADARUDDIN (U),SUMATERA SELATAN,300,115361,SINAR MAS,KING PAPER SOURCE TRADING (SHANGHAI) CO LTD,CHINA (MAINLAND),ZHENJIANG,CHINA (MAINLAND)
2023,470329,MARUBENI,TANJUNG ENIM LESTARI,PANJANG,SUMATERA SELATAN,515,243391,MARUBENI,MARUBENI CORP,JAPAN,WUHAN,CHINA (MAINLAND)
2023,470329,MARUBENI,TANJUNG ENIM LESTARI,TARAHAN,SUMATERA SELATAN,1960,872871,MARUBENI,MARUBENI CORP,JAPAN,QINGDAO,CHINA (MAINLAND)
2023,470329,MARUBENI,TANJUNG ENIM LESTARI,PANJANG,SUMATERA SELATAN,709,333782,MARUBENI,MARUBENI CORP,JAPAN,XINHUI,CHINA (MAINLAND)
2023,470329,MARUBENI,TANJUNG ENIM LESTARI,PANJANG,SUMATERA SELATAN,323,154538,MARUBENI,MARUBENI CORP,JAPAN,XINGANG,CHINA (MAINLAND)
2023,470329,SINAR MAS,OKI,SULTAN MAHMUD BADARUDDIN (U),SUMATERA SELATAN,500,196668,SINAR MAS,KING PAPER SOURCE TRADING (SHANGHAI) CO LTD,CHINA (MAINLAND),ZHENJIANG,CHINA (MAINLAND)
2023,470329,SINAR MAS,OKI,SULTAN MAHMUD BADARUDDIN (U),SUMATERA SELATAN,500,192268,SINAR MAS,KING PAPER SOURCE TRADING (SHANGHAI) CO LTD,CHINA (MAINLAND),ZHENJIANG,CHINA (MAINLAND)
2023,470329,SINAR MAS,OKI,SULTAN MAHMUD BADARUDDIN (U),SUMATERA SELATAN,500,209625,SINAR MAS,KING PAPER SOURCE TRADING (SHANGHAI) CO LTD,CHINA (MAINLAND),CHANGSHU,CHINA (MAINLAND)
2023,470329,SINAR MAS,OKI,SULTAN MAHMUD BADARUDDIN (U),SUMATERA SELATAN,500,209625,SINAR MAS,KING PAPER SOURCE TRADING (SHANGHAI) CO LTD,CHINA (MAINLAND),CHANGSHU,CHINA (MAINLAND)
2023,470329,SINAR MAS,OKI,SULTAN MAHMUD BADARUDDIN (U),SUMATERA SELATAN,500,209625,SINAR MAS,KING PAPER SOURCE TRADING (SHANGHAI) CO LTD,CHINA (MAINLAND),CHANGSHU,CHINA (MAINLAND)
2023,470329,SINAR MAS,OKI,SULTAN MAHMUD BADARUDDIN (U),SUMATERA SELATAN,500,209625,SINAR MAS,KING PAPER SOURCE TRADING (SHANGHAI) CO LTD,CHINA (MAINLAND),CHANGSHU,CHINA (MAINLAND)
2023,470329,SINAR MAS,OKI,SULTAN MAHMUD BADARUDDIN (U),SUMATERA SELATAN,500,209625,SINAR MAS,KING PAPER SOURCE TRADING (SHANGHAI) CO LTD,CHINA (MAINLAND),CHANGSHU,CHINA (MAINLAND)
2023,470329,SINAR MAS,INDAH KIAT,PERAWANG,RIAU,500,213750,SINAR MAS,KING PAPER SOURCE TRADING (SHANGHAI) CO LTD,CHINA (MAINLAND),DAGANG,CHINA (MAINLAND)
2023,470329,SINAR MAS,INDAH KIAT,PERAWANG,RIAU,500,213750,SINAR MAS,KING PAPER SOURCE TRADING (SHANGHAI) CO LTD,CHINA (MAINLAND),DAGANG,CHINA (MAINLAND)
2023,470329,SINAR MAS,OKI,SULTAN MAHMUD BADARUDDIN (U),SUMATERA SELATAN,500,220000,ITC,ITC LTD - PAPERBOARDS & SPECIALTY PAPERS DIVSION,INDIA,KAKINADA,INDIA
2023,470329,SINAR MAS,OKI,SULTAN MAHMUD BADARUDDIN (U),SUMATERA SELATAN,500,220000,ITC,ITC LTD - PAPERBOARDS & SPECIALTY PAPERS DIVSION,INDIA,KAKINADA,INDIA
2023,470329,SINAR MAS,OKI,SULTAN MAHMUD BADARUDDIN (U),SUMATERA SELATAN,500,209625,SINAR MAS,KING PAPER SOURCE TRADING (SHANGHAI) CO LTD,CHINA (MAINLAND),CHANGSHU,CHINA (MAINLAND)
2023,470329,SINAR MAS,OKI,SULTAN MAHMUD BADARUDDIN (U),SUMATERA SELATAN,500,209625,SINAR MAS,KING PAPER SOURCE TRADING (SHANGHAI) CO LTD,CHINA (MAINLAND),CHANGSHU,CHINA (MAINLAND)
2023,470329,SINAR MAS,OKI,SULTAN MAHMUD BADARUDDIN (U),SUMATERA SELATAN,500,209625,SINAR MAS,KING PAPER SOURCE TRADING (SHANGHAI) CO LTD,CHINA (MAINLAND),CHANGSHU,CHINA (MAINLAND)
2023,470329,SINAR MAS,OKI,SULTAN MAHMUD BADARUDDIN (U),SUMATERA SELATAN,500,209625,SINAR MAS,KING PAPER SOURCE TRADING (SHANGHAI) CO LTD,CHINA (MAINLAND),CHANGSHU,CHINA (MAINLAND)
2023,470329,SINAR MAS,OKI,SULTAN MAHMUD BADARUDDIN (U),SUMATERA SELATAN,500,209625,SINAR MAS,KING PAPER SOURCE TRADING (SHANGHAI) CO LTD,CHINA (MAINLAND),CHANGSHU,CHINA (MAINLAND)
2023,470329,SINAR MAS,OKI,SULTAN MAHMUD BADARUDDIN (U),SUMATERA SELATAN,500,209625,SINAR MAS,KING PAPER SOURCE TRADING (SHANGHAI) CO LTD,CHINA (MAINLAND),CHANGSHU,CHINA (MAINLAND)
2023,470329,SINAR MAS,OKI,SULTAN MAHMUD BADARUDDIN (U),SUMATERA SELATAN,500,209625,SINAR MAS,KING PAPER SOURCE TRADING (SHANGHAI) CO LTD,CHINA (MAINLAND),CHANGSHU,CHINA (MAINLAND)
2023,470329,SINAR MAS,OKI,SULTAN MAHMUD BADARUDDIN (U),SUMATERA SELATAN,100,41925,SINAR MAS,KING PAPER SOURCE TRADING (SHANGHAI) CO LTD,CHINA (MAINLAND),CHANGSHU,CHINA (MAINLAND)
2023,470329,SINAR MAS,INDAH KIAT,PERAWANG,RIAU,500,213750,SINAR MAS,KING PAPER SOURCE TRADING (SHANGHAI) CO LTD,CHINA (MAINLAND),DAGANG,CHINA (MAINLAND)
2023,470329,SINAR MAS,INDAH KIAT,PERAWANG,RIAU,500,213750,SINAR MAS,JIANGSU BOHUI PAPER INDUSTRY CO LTD.,CHINA (MAINLAND),CHANGSHU,CHINA (MAINLAND)
2023,470329,ROYAL GOLDEN EAGLE,APRIL,FUTONG,RIAU,604,232365,ROYAL GOLDEN EAGLE,APRIL INTERNATIONAL ENTEPRISE PTE LTD,SINGAPORE,KATHUWAS ICD/ALWAR,INDIA
2023,470200,ROYAL GOLDEN EAGLE,APRIL,BUATAN,RIAU,506,289323,ROYAL GOLDEN EAGLE,APRIL FAR EAST MALAYSIA SDN BHD,MALAYSIA,LIANYUNGANG,CHINA (MAINLAND)
2023,470329,SINAR MAS,OKI,SULTAN MAHMUD BADARUDDIN (U),SUMATERA SELATAN,500,209625,SINAR MAS,KING PAPER SOURCE TRADING (SHANGHAI) CO LTD,CHINA (MAINLAND),CHANGSHU,CHINA (MAINLAND)
2023,470329,SINAR MAS,OKI,SULTAN MAHMUD BADARUDDIN (U),SUMATERA SELATAN,500,209625,SINAR MAS,KING PAPER SOURCE TRADING (SHANGHAI) CO LTD,CHINA (MAINLAND),CHANGSHU,CHINA (MAINLAND)
2023,470329,SINAR MAS,OKI,SULTAN MAHMUD BADARUDDIN (U),SUMATERA SELATAN,500,209625,SINAR MAS,KING PAPER SOURCE TRADING (SHANGHAI) CO LTD,CHINA (MAINLAND),CHANGSHU,CHINA (MAINLAND)
2023,470329,SINAR MAS,OKI,SULTAN MAHMUD BADARUDDIN (U),SUMATERA SELATAN,500,209625,SINAR MAS,KING PAPER SOURCE TRADING (SHANGHAI) CO LTD,CHINA (MAINLAND),CHANGSHU,CHINA (MAINLAND)
2023,470329,SINAR MAS,INDAH KIAT,PERAWANG,RIAU,500,213750,SINAR MAS,KING PAPER SOURCE TRADING (SHANGHAI) CO LTD,CHINA (MAINLAND),DAGANG,CHINA (MAINLAND)
2023,470329,SINAR MAS,OKI,SULTAN MAHMUD BADARUDDIN (U),SUMATERA SELATAN,500,209625,SINAR MAS,KING PAPER SOURCE TRADING (SHANGHAI) CO LTD,CHINA (MAINLAND),CHANGSHU,CHINA (MAINLAND)
2023,470329,SINAR MAS,OKI,SULTAN MAHMUD BADARUDDIN (U),SUMATERA SELATAN,500,209625,SINAR MAS,KING PAPER SOURCE TRADING (SHANGHAI) CO LTD,CHINA (MAINLAND),CHANGSHU,CHINA (MAINLAND)
2023,470329,SINAR MAS,INDAH KIAT,PERAWANG,RIAU,500,213750,SINAR MAS,KING PAPER SOURCE TRADING (SHANGHAI) CO LTD,CHINA (MAINLAND),DAGANG,CHINA (MAINLAND)
2023,470329,SINAR MAS,OKI,SULTAN MAHMUD BADARUDDIN (U),SUMATERA SELATAN,500,209625,SINAR MAS,KING PAPER SOURCE TRADING (SHANGHAI) CO LTD,CHINA (MAINLAND),CHANGSHU,CHINA (MAINLAND)
2023,470329,SINAR MAS,OKI,SULTAN MAHMUD BADARUDDIN (U),SUMATERA SELATAN,500,209625,SINAR MAS,KING PAPER SOURCE TRADING (SHANGHAI) CO LTD,CHINA (MAINLAND),CHANGSHU,CHINA (MAINLAND)
2023,470329,SINAR MAS,INDAH KIAT,PERAWANG,RIAU,500,213750,SINAR MAS,JIANGSU BOHUI PAPER INDUSTRY CO LTD.,CHINA (MAINLAND),CHANGSHU,CHINA (MAINLAND)
2023,470329,SINAR MAS,OKI,SULTAN MAHMUD BADARUDDIN (U),SUMATERA SELATAN,500,209625,SINAR MAS,KING PAPER SOURCE TRADING (SHANGHAI) CO LTD,CHINA (MAINLAND),CHANGSHU,CHINA (MAINLAND)
2023,470329,SINAR MAS,OKI,SULTAN MAHMUD BADARUDDIN (U),SUMATERA SELATAN,500,209625,SINAR MAS,KING PAPER SOURCE TRADING (SHANGHAI) CO LTD,CHINA (MAINLAND),CHANGSHU,CHINA (MAINLAND)
2023,470329,SINAR MAS,INDAH KIAT,PERAWANG,RIAU,500,213750,SINAR MAS,JIANGSU BOHUI PAPER INDUSTRY CO LTD.,CHINA (MAINLAND),CHANGSHU,CHINA (MAINLAND)
2023,470329,SINAR MAS,OKI,SULTAN MAHMUD BADARUDDIN (U),SUMATERA SELATAN,500,209625,SINAR MAS,KING PAPER SOURCE TRADING (SHANGHAI) CO LTD,CHINA (MAINLAND),CHANGSHU,CHINA (MAINLAND)
2023,470329,SINAR MAS,OKI,SULTAN MAHMUD BADARUDDIN (U),SUMATERA SELATAN,500,209625,SINAR MAS,KING PAPER SOURCE TRADING (SHANGHAI) CO LTD,CHINA (MAINLAND),CHANGSHU,CHINA (MAINLAND)
2023,470329,SINAR MAS,INDAH KIAT,PERAWANG,RIAU,300,128250,SINAR MAS,JIANGSU BOHUI PAPER INDUSTRY CO LTD.,CHINA (MAINLAND),CHANGSHU,CHINA (MAINLAND)
2023,470329,SINAR MAS,INDAH KIAT,PERAWANG,RIAU,500,213750,SINAR MAS,KING PAPER SOURCE TRADING (SHANGHAI) CO LTD,CHINA (MAINLAND),DAGANG,CHINA (MAINLAND)
2023,470329,SINAR MAS,OKI,SULTAN MAHMUD BADARUDDIN (U),SUMATERA SELATAN,500,209625,SINAR MAS,KING PAPER SOURCE TRADING (SHANGHAI) CO LTD,CHINA (MAINLAND),CHANGSHU,CHINA (MAINLAND)
2023,470329,SINAR MAS,OKI,SULTAN MAHMUD BADARUDDIN (U),SUMATERA SELATAN,500,220000,ITC,ITC LTD - PAPERBOARDS & SPECIALTY PAPERS DIVSION,INDIA,KAKINADA,INDIA
2023,470329,SINAR MAS,INDAH KIAT,PERAWANG,RIAU,500,213750,SINAR MAS,KING PAPER SOURCE TRADING (SHANGHAI) CO LTD,CHINA (MAINLAND),DAGANG,CHINA (MAINLAND)
2023,470329,SINAR MAS,INDAH KIAT,PERAWANG,RIAU,500,213750,SINAR MAS,KING PAPER SOURCE TRADING (SHANGHAI) CO LTD,CHINA (MAINLAND),DAGANG,CHINA (MAINLAND)
2023,470329,SINAR MAS,OKI,SULTAN MAHMUD BADARUDDIN (U),SUMATERA SELATAN,500,220000,ITC,ITC LTD - PAPERBOARDS & SPECIALTY PAPERS DIVSION,INDIA,KAKINADA,INDIA
2023,470329,SINAR MAS,OKI,SULTAN MAHMUD BADARUDDIN (U),SUMATERA SELATAN,200,82090,SINAR MAS,JIANGSU BOHUI PAPER INDUSTRY CO LTD.,CHINA (MAINLAND),CHANGSHU,CHINA (MAINLAND)
2023,470329,SINAR MAS,INDAH KIAT,PERAWANG,RIAU,500,213750,SINAR MAS,KING PAPER SOURCE TRADING (SHANGHAI) CO LTD,CHINA (MAINLAND),DAGANG,CHINA (MAINLAND)
2023,470329,SINAR MAS,OKI,SULTAN MAHMUD BADARUDDIN (U),SUMATERA SELATAN,500,220000,ITC,ITC LTD - PAPERBOARDS & SPECIALTY PAPERS DIVSION,INDIA,KAKINADA,INDIA
2023,470329,SINAR MAS,INDAH KIAT,PERAWANG,RIAU,500,213750,SINAR MAS,KING PAPER SOURCE TRADING (SHANGHAI) CO LTD,CHINA (MAINLAND),DAGANG,CHINA (MAINLAND)
2023,470329,SINAR MAS,INDAH KIAT,PERAWANG,RIAU,500,213750,SINAR MAS,KING PAPER SOURCE TRADING (SHANGHAI) CO LTD,CHINA (MAINLAND),DAGANG,CHINA (MAINLAND)
2023,470329,SINAR MAS,INDAH KIAT,PERAWANG,RIAU,200,85500,SINAR MAS,JIANGSU BOHUI PAPER INDUSTRY CO LTD.,CHINA (MAINLAND),CHANGSHU,CHINA (MAINLAND)
2023,470329,SINAR MAS,OKI,SULTAN MAHMUD BADARUDDIN (U),SUMATERA SELATAN,500,220000,ITC,ITC LTD - PAPERBOARDS & SPECIALTY PAPERS DIVSION,INDIA,KAKINADA,INDIA
2023,470329,SINAR MAS,OKI,SULTAN MAHMUD BADARUDDIN (U),SUMATERA SELATAN,202,88880,ITC,ITC LTD - PAPERBOARDS & SPECIALTY PAPERS DIVSION,INDIA,KAKINADA,INDIA
2023,470200,ROYAL GOLDEN EAGLE,APRIL,BUATAN,RIAU,507,289838,ROYAL GOLDEN EAGLE,APRIL FAR EAST MALAYSIA SDN BHD,MALAYSIA,JIUJIANG,CHINA (MAINLAND)
2023,470329,SINAR MAS,OKI,SULTAN MAHMUD BADARUDDIN (U),SUMATERA SELATAN,500,209625,SINAR MAS,KING PAPER SOURCE TRADING (SHANGHAI) CO LTD,CHINA (MAINLAND),CHANGSHU,CHINA (MAINLAND)
2023,470329,SINAR MAS,OKI,SULTAN MAHMUD BADARUDDIN (U),SUMATERA SELATAN,500,209625,SINAR MAS,KING PAPER SOURCE TRADING (SHANGHAI) CO LTD,CHINA (MAINLAND),CHANGSHU,CHINA (MAINLAND)
2023,470329,SINAR MAS,OKI,SULTAN MAHMUD BADARUDDIN (U),SUMATERA SELATAN,500,209625,SINAR MAS,KING PAPER SOURCE TRADING (SHANGHAI) CO LTD,CHINA (MAINLAND),CHANGSHU,CHINA (MAINLAND)
2023,470329,SINAR MAS,OKI,SULTAN MAHMUD BADARUDDIN (U),SUMATERA SELATAN,500,209625,SINAR MAS,KING PAPER SOURCE TRADING (SHANGHAI) CO LTD,CHINA (MAINLAND),CHANGSHU,CHINA (MAINLAND)
2023,470329,SINAR MAS,OKI,SULTAN MAHMUD BADARUDDIN (U),SUMATERA SELATAN,500,209625,SINAR MAS,KING PAPER SOURCE TRADING (SHANGHAI) CO LTD,CHINA (MAINLAND),CHANGSHU,CHINA (MAINLAND)
2023,470329,SINAR MAS,OKI,SULTAN MAHMUD BADARUDDIN (U),SUMATERA SELATAN,500,209625,SINAR MAS,KING PAPER SOURCE TRADING (SHANGHAI) CO LTD,CHINA (MAINLAND),CHANGSHU,CHINA (MAINLAND)
2023,470329,SINAR MAS,OKI,SULTAN MAHMUD BADARUDDIN (U),SUMATERA SELATAN,500,209625,SINAR MAS,KING PAPER SOURCE TRADING (SHANGHAI) CO LTD,CHINA (MAINLAND),CHANGSHU,CHINA (MAINLAND)
2023,470329,SINAR MAS,OKI,SULTAN MAHMUD BADARUDDIN (U),SUMATERA SELATAN,500,209625,SINAR MAS,KING PAPER SOURCE TRADING (SHANGHAI) CO LTD,CHINA (MAINLAND),CHANGSHU,CHINA (MAINLAND)
2023,470329,SINAR MAS,OKI,SULTAN MAHMUD BADARUDDIN (U),SUMATERA SELATAN,500,209625,SINAR MAS,KING PAPER SOURCE TRADING (SHANGHAI) CO LTD,CHINA (MAINLAND),CHANGSHU,CHINA (MAINLAND)
2023,470329,SINAR MAS,OKI,SULTAN MAHMUD BADARUDDIN (U),SUMATERA SELATAN,500,209625,SINAR MAS,KING PAPER SOURCE TRADING (SHANGHAI) CO LTD,CHINA (MAINLAND),CHANGSHU,CHINA (MAINLAND)
2023,470329,SINAR MAS,OKI,SULTAN MAHMUD BADARUDDIN (U),SUMATERA SELATAN,500,209625,SINAR MAS,KING PAPER SOURCE TRADING (SHANGHAI) CO LTD,CHINA (MAINLAND),CHANGSHU,CHINA (MAINLAND)
2023,470329,SINAR MAS,OKI,SULTAN MAHMUD BADARUDDIN (U),SUMATERA SELATAN,500,209625,SINAR MAS,KING PAPER SOURCE TRADING (SHANGHAI) CO LTD,CHINA (MAINLAND),CHANGSHU,CHINA (MAINLAND)
2023,470329,SINAR MAS,OKI,SULTAN MAHMUD BADARUDDIN (U),SUMATERA SELATAN,500,209625,SINAR MAS,KING PAPER SOURCE TRADING (SHANGHAI) CO LTD,CHINA (MAINLAND),CHANGSHU,CHINA (MAINLAND)
2023,470329,SINAR MAS,OKI,SULTAN MAHMUD BADARUDDIN (U),SUMATERA SELATAN,500,209625,SINAR MAS,KING PAPER SOURCE TRADING (SHANGHAI) CO LTD,CHINA (MAINLAND),CHANGSHU,CHINA (MAINLAND)
2023,470329,SINAR MAS,OKI,SULTAN MAHMUD BADARUDDIN (U),SUMATERA SELATAN,400,167700,SINAR MAS,KING PAPER SOURCE TRADING (SHANGHAI) CO LTD,CHINA (MAINLAND),CHANGSHU,CHINA (MAINLAND)
2023,470329,SINAR MAS,OKI,SULTAN MAHMUD BADARUDDIN (U),SUMATERA SELATAN,500,209625,SINAR MAS,KING PAPER SOURCE TRADING (SHANGHAI) CO LTD,CHINA (MAINLAND),CHANGSHU,CHINA (MAINLAND)
2023,470329,SINAR MAS,INDAH KIAT,PERAWANG,RIAU,500,213750,SINAR MAS,KING PAPER SOURCE TRADING (SHANGHAI) CO LTD,CHINA (MAINLAND),DAGANG,CHINA (MAINLAND)
2023,470329,SINAR MAS,OKI,SULTAN MAHMUD BADARUDDIN (U),SUMATERA SELATAN,500,209625,SINAR MAS,KING PAPER SOURCE TRADING (SHANGHAI) CO LTD,CHINA (MAINLAND),CHANGSHU,CHINA (MAINLAND)
2023,470329,SINAR MAS,INDAH KIAT,PERAWANG,RIAU,500,213750,SINAR MAS,KING PAPER SOURCE TRADING (SHANGHAI) CO LTD,CHINA (MAINLAND),DAGANG,CHINA (MAINLAND)
2023,470329,SINAR MAS,OKI,SULTAN MAHMUD BADARUDDIN (U),SUMATERA SELATAN,500,209625,SINAR MAS,KING PAPER SOURCE TRADING (SHANGHAI) CO LTD,CHINA (MAINLAND),CHANGSHU,CHINA (MAINLAND)
2023,470329,SINAR MAS,INDAH KIAT,PERAWANG,RIAU,500,213750,SINAR MAS,JIANGSU BOHUI PAPER INDUSTRY CO LTD.,CHINA (MAINLAND),CHANGSHU,CHINA (MAINLAND)
2023,470329,SINAR MAS,OKI,SULTAN MAHMUD BADARUDDIN (U),SUMATERA SELATAN,500,209625,SINAR MAS,KING PAPER SOURCE TRADING (SHANGHAI) CO LTD,CHINA (MAINLAND),CHANGSHU,CHINA (MAINLAND)
2023,470329,SINAR MAS,OKI,SULTAN MAHMUD BADARUDDIN (U),SUMATERA SELATAN,500,220000,ITC,ITC LTD - PAPERBOARDS & SPECIALTY PAPERS DIVSION,INDIA,KAKINADA,INDIA
2023,470329,SINAR MAS,OKI,SULTAN MAHMUD BADARUDDIN (U),SUMATERA SELATAN,300,125775,SINAR MAS,KING PAPER SOURCE TRADING (SHANGHAI) CO LTD,CHINA (MAINLAND),CHANGSHU,CHINA (MAINLAND)
2023,470329,SINAR MAS,OKI,SULTAN MAHMUD BADARUDDIN (U),SUMATERA SELATAN,500,220000,ITC,ITC LTD - PAPERBOARDS & SPECIALTY PAPERS DIVSION,INDIA,KAKINADA,INDIA
2023,470329,SINAR MAS,INDAH KIAT,PERAWANG,RIAU,500,213750,SINAR MAS,KING PAPER SOURCE TRADING (SHANGHAI) CO LTD,CHINA (MAINLAND),DAGANG,CHINA (MAINLAND)
2023,470329,SINAR MAS,INDAH KIAT,PERAWANG,RIAU,500,213750,SINAR MAS,JIANGSU BOHUI PAPER INDUSTRY CO LTD.,CHINA (MAINLAND),CHANGSHU,CHINA (MAINLAND)
2023,470329,SINAR MAS,OKI,SULTAN MAHMUD BADARUDDIN (U),SUMATERA SELATAN,500,220000,ITC,ITC LTD - PAPERBOARDS & SPECIALTY PAPERS DIVSION,INDIA,KAKINADA,INDIA
2023,470329,ROYAL GOLDEN EAGLE,APRIL,BUATAN,RIAU,503,193491,ROYAL GOLDEN EAGLE,APRIL INTERNATIONAL ENTEPRISE PTE LTD,SINGAPORE,HAIPHONG,VIETNAM
2023,470329,SINAR MAS,OKI,SULTAN MAHMUD BADARUDDIN (U),SUMATERA SELATAN,500,209625,SINAR MAS,KING PAPER SOURCE TRADING (SHANGHAI) CO LTD,CHINA (MAINLAND),CHANGSHU,CHINA (MAINLAND)
2023,470329,SINAR MAS,OKI,SULTAN MAHMUD BADARUDDIN (U),SUMATERA SELATAN,500,209625,SINAR MAS,KING PAPER SOURCE TRADING (SHANGHAI) CO LTD,CHINA (MAINLAND),CHANGSHU,CHINA (MAINLAND)
2023,470329,SINAR MAS,INDAH KIAT,PERAWANG,RIAU,500,213750,SINAR MAS,JIANGSU BOHUI PAPER INDUSTRY CO LTD.,CHINA (MAINLAND),CHANGSHU,CHINA (MAINLAND)
2023,470329,SINAR MAS,OKI,SULTAN MAHMUD BADARUDDIN (U),SUMATERA SELATAN,500,205225,SINAR MAS,JIANGSU BOHUI PAPER INDUSTRY CO LTD.,CHINA (MAINLAND),CHANGSHU,CHINA (MAINLAND)
2023,470329,SINAR MAS,OKI,SULTAN MAHMUD BADARUDDIN (U),SUMATERA SELATAN,500,220000,ITC,ITC LTD - PAPERBOARDS & SPECIALTY PAPERS DIVSION,INDIA,KAKINADA,INDIA
2023,470329,SINAR MAS,OKI,SULTAN MAHMUD BADARUDDIN (U),SUMATERA SELATAN,500,220000,ITC,ITC LTD - PAPERBOARDS & SPECIALTY PAPERS DIVSION,INDIA,KAKINADA,INDIA
2023,470329,SINAR MAS,OKI,SULTAN MAHMUD BADARUDDIN (U),SUMATERA SELATAN,300,132000,ITC,ITC LTD - PAPERBOARDS & SPECIALTY PAPERS DIVSION,INDIA,KAKINADA,INDIA
2023,470200,ROYAL GOLDEN EAGLE,APRIL,BUATAN,RIAU,507,289724,ROYAL GOLDEN EAGLE,APRIL FAR EAST MALAYSIA SDN BHD,MALAYSIA,JIUJIANG,CHINA (MAINLAND)
2023,440122,ROYAL GOLDEN EAGLE,BALIKPAPAN CHIP LESTARI,BALIKPAPAN,KALIMANTAN TIMUR,24364,3557182,ROYAL GOLDEN EAGLE,ASIA SYMBOL (SHANDONG) PULP AND PAPER,CHINA (MAINLAND),RIZHAO,CHINA (MAINLAND)
2023,470329,SINAR MAS,OKI,SULTAN MAHMUD BADARUDDIN (U),SUMATERA SELATAN,500,209625,SINAR MAS,KING PAPER SOURCE TRADING (SHANGHAI) CO LTD,CHINA (MAINLAND),NINGBO,CHINA (MAINLAND)
2023,470329,SINAR MAS,OKI,SULTAN MAHMUD BADARUDDIN (U),SUMATERA SELATAN,500,209625,SINAR MAS,KING PAPER SOURCE TRADING (SHANGHAI) CO LTD,CHINA (MAINLAND),NINGBO,CHINA (MAINLAND)
2023,470329,SINAR MAS,OKI,SULTAN MAHMUD BADARUDDIN (U),SUMATERA SELATAN,500,209625,SINAR MAS,KING PAPER SOURCE TRADING (SHANGHAI) CO LTD,CHINA (MAINLAND),NINGBO,CHINA (MAINLAND)
2023,470329,SINAR MAS,OKI,SULTAN MAHMUD BADARUDDIN (U),SUMATERA SELATAN,500,209625,SINAR MAS,KING PAPER SOURCE TRADING (SHANGHAI) CO LTD,CHINA (MAINLAND),NINGBO,CHINA (MAINLAND)
2023,470329,SINAR MAS,OKI,SULTAN MAHMUD BADARUDDIN (U),SUMATERA SELATAN,500,209625,SINAR MAS,KING PAPER SOURCE TRADING (SHANGHAI) CO LTD,CHINA (MAINLAND),NINGBO,CHINA (MAINLAND)
2023,470329,SINAR MAS,OKI,SULTAN MAHMUD BADARUDDIN (U),SUMATERA SELATAN,500,209625,SINAR MAS,KING PAPER SOURCE TRADING (SHANGHAI) CO LTD,CHINA (MAINLAND),NINGBO,CHINA (MAINLAND)
2023,470329,SINAR MAS,OKI,SULTAN MAHMUD BADARUDDIN (U),SUMATERA SELATAN,500,189793,SINAR MAS,KING PAPER SOURCE TRADING (SHANGHAI) CO LTD,CHINA (MAINLAND),NINGBO,CHINA (MAINLAND)
2023,470329,SINAR MAS,OKI,SULTAN MAHMUD BADARUDDIN (U),SUMATERA SELATAN,500,209625,SINAR MAS,KING PAPER SOURCE TRADING (SHANGHAI) CO LTD,CHINA (MAINLAND),NINGBO,CHINA (MAINLAND)
2023,470329,SINAR MAS,OKI,SULTAN MAHMUD BADARUDDIN (U),SUMATERA SELATAN,500,209625,SINAR MAS,KING PAPER SOURCE TRADING (SHANGHAI) CO LTD,CHINA (MAINLAND),NINGBO,CHINA (MAINLAND)
2023,470329,SINAR MAS,OKI,SULTAN MAHMUD BADARUDDIN (U),SUMATERA SELATAN,500,209625,SINAR MAS,KING PAPER SOURCE TRADING (SHANGHAI) CO LTD,CHINA (MAINLAND),NINGBO,CHINA (MAINLAND)
2023,470329,SINAR MAS,OKI,SULTAN MAHMUD BADARUDDIN (U),SUMATERA SELATAN,500,209625,SINAR MAS,KING PAPER SOURCE TRADING (SHANGHAI) CO LTD,CHINA (MAINLAND),NINGBO,CHINA (MAINLAND)
2023,470329,SINAR MAS,OKI,SULTAN MAHMUD BADARUDDIN (U),SUMATERA SELATAN,500,209625,SINAR MAS,KING PAPER SOURCE TRADING (SHANGHAI) CO LTD,CHINA (MAINLAND),NINGBO,CHINA (MAINLAND)
2023,470329,SINAR MAS,OKI,SULTAN MAHMUD BADARUDDIN (U),SUMATERA SELATAN,500,209625,SINAR MAS,KING PAPER SOURCE TRADING (SHANGHAI) CO LTD,CHINA (MAINLAND),NINGBO,CHINA (MAINLAND)
2023,470329,SINAR MAS,OKI,SULTAN MAHMUD BADARUDDIN (U),SUMATERA SELATAN,500,189793,SINAR MAS,KING PAPER SOURCE TRADING (SHANGHAI) CO LTD,CHINA (MAINLAND),NINGBO,CHINA (MAINLAND)
2023,470329,SINAR MAS,OKI,SULTAN MAHMUD BADARUDDIN (U),SUMATERA SELATAN,500,189793,SINAR MAS,KING PAPER SOURCE TRADING (SHANGHAI) CO LTD,CHINA (MAINLAND),NINGBO,CHINA (MAINLAND)
2023,470329,SINAR MAS,OKI,SULTAN MAHMUD BADARUDDIN (U),SUMATERA SELATAN,500,189793,SINAR MAS,KING PAPER SOURCE TRADING (SHANGHAI) CO LTD,CHINA (MAINLAND),NINGBO,CHINA (MAINLAND)
2023,470329,SINAR MAS,OKI,SULTAN MAHMUD BADARUDDIN (U),SUMATERA SELATAN,500,209625,SINAR MAS,KING PAPER SOURCE TRADING (SHANGHAI) CO LTD,CHINA (MAINLAND),NINGBO,CHINA (MAINLAND)
2023,470329,SINAR MAS,OKI,SULTAN MAHMUD BADARUDDIN (U),SUMATERA SELATAN,500,209625,SINAR MAS,KING PAPER SOURCE TRADING (SHANGHAI) CO LTD,CHINA (MAINLAND),NINGBO,CHINA (MAINLAND)
2023,470329,MARUBENI,TANJUNG ENIM LESTARI,PANJANG,SUMATERA SELATAN,516,243707,MARUBENI,MARUBENI CORP,JAPAN,XINGANG,CHINA (MAINLAND)
2023,470329,SINAR MAS,OKI,SULTAN MAHMUD BADARUDDIN (U),SUMATERA SELATAN,500,209625,SINAR MAS,KING PAPER SOURCE TRADING (SHANGHAI) CO LTD,CHINA (MAINLAND),NINGBO,CHINA (MAINLAND)
2023,470329,SINAR MAS,OKI,SULTAN MAHMUD BADARUDDIN (U),SUMATERA SELATAN,500,209625,SINAR MAS,KING PAPER SOURCE TRADING (SHANGHAI) CO LTD,CHINA (MAINLAND),NINGBO,CHINA (MAINLAND)
2023,470329,SINAR MAS,OKI,SULTAN MAHMUD BADARUDDIN (U),SUMATERA SELATAN,500,189793,SINAR MAS,KING PAPER SOURCE TRADING (SHANGHAI) CO LTD,CHINA (MAINLAND),NINGBO,CHINA (MAINLAND)
2023,470329,SINAR MAS,OKI,SULTAN MAHMUD BADARUDDIN (U),SUMATERA SELATAN,500,209625,SINAR MAS,KING PAPER SOURCE TRADING (SHANGHAI) CO LTD,CHINA (MAINLAND),NINGBO,CHINA (MAINLAND)
2023,470329,SINAR MAS,OKI,SULTAN MAHMUD BADARUDDIN (U),SUMATERA SELATAN,500,189793,SINAR MAS,KING PAPER SOURCE TRADING (SHANGHAI) CO LTD,CHINA (MAINLAND),NINGBO,CHINA (MAINLAND)
2023,470329,SINAR MAS,OKI,SULTAN MAHMUD BADARUDDIN (U),SUMATERA SELATAN,500,189793,SINAR MAS,KING PAPER SOURCE TRADING (SHANGHAI) CO LTD,CHINA (MAINLAND),NINGBO,CHINA (MAINLAND)
2023,470329,SINAR MAS,OKI,SULTAN MAHMUD BADARUDDIN (U),SUMATERA SELATAN,500,189793,SINAR MAS,KING PAPER SOURCE TRADING (SHANGHAI) CO LTD,CHINA (MAINLAND),NINGBO,CHINA (MAINLAND)
2023,470329,SINAR MAS,OKI,SULTAN MAHMUD BADARUDDIN (U),SUMATERA SELATAN,500,189793,SINAR MAS,KING PAPER SOURCE TRADING (SHANGHAI) CO LTD,CHINA (MAINLAND),NINGBO,CHINA (MAINLAND)
2023,470329,SINAR MAS,OKI,SULTAN MAHMUD BADARUDDIN (U),SUMATERA SELATAN,500,209625,SINAR MAS,KING PAPER SOURCE TRADING (SHANGHAI) CO LTD,CHINA (MAINLAND),NINGBO,CHINA (MAINLAND)
2023,470329,SINAR MAS,OKI,SULTAN MAHMUD BADARUDDIN (U),SUMATERA SELATAN,500,189793,SINAR MAS,KING PAPER SOURCE TRADING (SHANGHAI) CO LTD,CHINA (MAINLAND),NINGBO,CHINA (MAINLAND)
2023,470329,SINAR MAS,OKI,SULTAN MAHMUD BADARUDDIN (U),SUMATERA SELATAN,500,209625,SINAR MAS,KING PAPER SOURCE TRADING (SHANGHAI) CO LTD,CHINA (MAINLAND),NINGBO,CHINA (MAINLAND)
2023,470329,SINAR MAS,OKI,SULTAN MAHMUD BADARUDDIN (U),SUMATERA SELATAN,500,189793,SINAR MAS,KING PAPER SOURCE TRADING (SHANGHAI) CO LTD,CHINA (MAINLAND),NINGBO,CHINA (MAINLAND)
2023,470329,SINAR MAS,OKI,SULTAN MAHMUD BADARUDDIN (U),SUMATERA SELATAN,500,189793,SINAR MAS,KING PAPER SOURCE TRADING (SHANGHAI) CO LTD,CHINA (MAINLAND),NINGBO,CHINA (MAINLAND)
2023,470329,ROYAL GOLDEN EAGLE,APRIL,FUTONG,RIAU,4017,1546531,ROYAL GOLDEN EAGLE,APRIL INTERNATIONAL ENTEPRISE PTE LTD,SINGAPORE,KAKINADA,INDIA
2023,470329,SINAR MAS,OKI,SULTAN MAHMUD BADARUDDIN (U),SUMATERA SELATAN,500,189793,SINAR MAS,KING PAPER SOURCE TRADING (SHANGHAI) CO LTD,CHINA (MAINLAND),NINGBO,CHINA (MAINLAND)
2023,470329,SINAR MAS,OKI,SULTAN MAHMUD BADARUDDIN (U),SUMATERA SELATAN,500,189793,SINAR MAS,KING PAPER SOURCE TRADING (SHANGHAI) CO LTD,CHINA (MAINLAND),NINGBO,CHINA (MAINLAND)
2023,470200,ROYAL GOLDEN EAGLE,APRIL,FUTONG,RIAU,385,220273,ROYAL GOLDEN EAGLE,APRIL FAR EAST MALAYSIA SDN BHD,MALAYSIA,JIUJIANG,CHINA (MAINLAND)
2023,470200,ROYAL GOLDEN EAGLE,APRIL,FUTONG,RIAU,507,289872,ROYAL GOLDEN EAGLE,APRIL FAR EAST MALAYSIA SDN BHD,MALAYSIA,JIUJIANG,CHINA (MAINLAND)
2023,470329,SINAR MAS,OKI,SULTAN MAHMUD BADARUDDIN (U),SUMATERA SELATAN,500,209625,SINAR MAS,KING PAPER SOURCE TRADING (SHANGHAI) CO LTD,CHINA (MAINLAND),NINGBO,CHINA (MAINLAND)
2023,470329,SINAR MAS,OKI,SULTAN MAHMUD BADARUDDIN (U),SUMATERA SELATAN,500,209625,SINAR MAS,KING PAPER SOURCE TRADING (SHANGHAI) CO LTD,CHINA (MAINLAND),NINGBO,CHINA (MAINLAND)
2023,470329,SINAR MAS,OKI,SULTAN MAHMUD BADARUDDIN (U),SUMATERA SELATAN,500,209625,SINAR MAS,KING PAPER SOURCE TRADING (SHANGHAI) CO LTD,CHINA (MAINLAND),NINGBO,CHINA (MAINLAND)
2023,470329,SINAR MAS,OKI,SULTAN MAHMUD BADARUDDIN (U),SUMATERA SELATAN,500,209625,SINAR MAS,KING PAPER SOURCE TRADING (SHANGHAI) CO LTD,CHINA (MAINLAND),NINGBO,CHINA (MAINLAND)
2023,470329,SINAR MAS,OKI,SULTAN MAHMUD BADARUDDIN (U),SUMATERA SELATAN,500,209625,SINAR MAS,KING PAPER SOURCE TRADING (SHANGHAI) CO LTD,CHINA (MAINLAND),NINGBO,CHINA (MAINLAND)
2023,470329,SINAR MAS,OKI,SULTAN MAHMUD BADARUDDIN (U),SUMATERA SELATAN,500,209625,SINAR MAS,KING PAPER SOURCE TRADING (SHANGHAI) CO LTD,CHINA (MAINLAND),NINGBO,CHINA (MAINLAND)
2023,470329,SINAR MAS,OKI,SULTAN MAHMUD BADARUDDIN (U),SUMATERA SELATAN,500,189793,SINAR MAS,KING PAPER SOURCE TRADING (SHANGHAI) CO LTD,CHINA (MAINLAND),NINGBO,CHINA (MAINLAND)
2023,470329,SINAR MAS,OKI,SULTAN MAHMUD BADARUDDIN (U),SUMATERA SELATAN,500,209625,SINAR MAS,KING PAPER SOURCE TRADING (SHANGHAI) CO LTD,CHINA (MAINLAND),NINGBO,CHINA (MAINLAND)
2023,470329,SINAR MAS,OKI,SULTAN MAHMUD BADARUDDIN (U),SUMATERA SELATAN,500,189793,SINAR MAS,KING PAPER SOURCE TRADING (SHANGHAI) CO LTD,CHINA (MAINLAND),NINGBO,CHINA (MAINLAND)
2023,470329,SINAR MAS,OKI,SULTAN MAHMUD BADARUDDIN (U),SUMATERA SELATAN,500,189793,SINAR MAS,KING PAPER SOURCE TRADING (SHANGHAI) CO LTD,CHINA (MAINLAND),NINGBO,CHINA (MAINLAND)
2023,470329,SINAR MAS,OKI,SULTAN MAHMUD BADARUDDIN (U),SUMATERA SELATAN,500,189793,SINAR MAS,KING PAPER SOURCE TRADING (SHANGHAI) CO LTD,CHINA (MAINLAND),NINGBO,CHINA (MAINLAND)
2023,470329,SINAR MAS,OKI,SULTAN MAHMUD BADARUDDIN (U),SUMATERA SELATAN,500,189793,SINAR MAS,KING PAPER SOURCE TRADING (SHANGHAI) CO LTD,CHINA (MAINLAND),NINGBO,CHINA (MAINLAND)
2023,470329,SINAR MAS,OKI,SULTAN MAHMUD BADARUDDIN (U),SUMATERA SELATAN,500,189793,SINAR MAS,KING PAPER SOURCE TRADING (SHANGHAI) CO LTD,CHINA (MAINLAND),NINGBO,CHINA (MAINLAND)
2023,470329,SINAR MAS,OKI,SULTAN MAHMUD BADARUDDIN (U),SUMATERA SELATAN,500,189793,SINAR MAS,KING PAPER SOURCE TRADING (SHANGHAI) CO LTD,CHINA (MAINLAND),NINGBO,CHINA (MAINLAND)
2023,470329,SINAR MAS,OKI,SULTAN MAHMUD BADARUDDIN (U),SUMATERA SELATAN,500,189793,SINAR MAS,KING PAPER SOURCE TRADING (SHANGHAI) CO LTD,CHINA (MAINLAND),NINGBO,CHINA (MAINLAND)
2023,470200,ROYAL GOLDEN EAGLE,APRIL,FUTONG,RIAU,122,69678,ROYAL GOLDEN EAGLE,APRIL FAR EAST MALAYSIA SDN BHD,MALAYSIA,JIUJIANG,CHINA (MAINLAND)
2023,470200,ROYAL GOLDEN EAGLE,APRIL,FUTONG,RIAU,224,127984,ROYAL GOLDEN EAGLE,APRIL FAR EAST MALAYSIA SDN BHD,MALAYSIA,JIUJIANG,CHINA (MAINLAND)
2023,470200,ROYAL GOLDEN EAGLE,APRIL,FUTONG,RIAU,507,289907,ROYAL GOLDEN EAGLE,APRIL FAR EAST MALAYSIA SDN BHD,MALAYSIA,JIUJIANG,CHINA (MAINLAND)
2023,470329,SINAR MAS,OKI,SULTAN MAHMUD BADARUDDIN (U),SUMATERA SELATAN,500,209625,SINAR MAS,KING PAPER SOURCE TRADING (SHANGHAI) CO LTD,CHINA (MAINLAND),NINGBO,CHINA (MAINLAND)
2023,470329,SINAR MAS,OKI,SULTAN MAHMUD BADARUDDIN (U),SUMATERA SELATAN,500,209625,SINAR MAS,KING PAPER SOURCE TRADING (SHANGHAI) CO LTD,CHINA (MAINLAND),NINGBO,CHINA (MAINLAND)
2023,470329,SINAR MAS,OKI,SULTAN MAHMUD BADARUDDIN (U),SUMATERA SELATAN,500,209625,SINAR MAS,KING PAPER SOURCE TRADING (SHANGHAI) CO LTD,CHINA (MAINLAND),NINGBO,CHINA (MAINLAND)
2023,470329,SINAR MAS,OKI,SULTAN MAHMUD BADARUDDIN (U),SUMATERA SELATAN,500,209625,SINAR MAS,KING PAPER SOURCE TRADING (SHANGHAI) CO LTD,CHINA (MAINLAND),NINGBO,CHINA (MAINLAND)
2023,470329,SINAR MAS,OKI,SULTAN MAHMUD BADARUDDIN (U),SUMATERA SELATAN,500,189793,SINAR MAS,KING PAPER SOURCE TRADING (SHANGHAI) CO LTD,CHINA (MAINLAND),NINGBO,CHINA (MAINLAND)
2023,470329,SINAR MAS,OKI,SULTAN MAHMUD BADARUDDIN (U),SUMATERA SELATAN,500,189793,SINAR MAS,KING PAPER SOURCE TRADING (SHANGHAI) CO LTD,CHINA (MAINLAND),NINGBO,CHINA (MAINLAND)
2023,470329,ROYAL GOLDEN EAGLE,APRIL,BUATAN,RIAU,501,193042,ROYAL GOLDEN EAGLE,APRIL INTERNATIONAL ENTEPRISE PTE LTD,SINGAPORE,PAT BANGKOK,THAILAND
2023,470200,ROYAL GOLDEN EAGLE,APRIL,FUTONG,RIAU,507,289857,ROYAL GOLDEN EAGLE,APRIL FAR EAST MALAYSIA SDN BHD,MALAYSIA,FUZHOU,CHINA (MAINLAND)
2023,470329,ROYAL GOLDEN EAGLE,APRIL,BUATAN,RIAU,300,115515,ROYAL GOLDEN EAGLE,APRIL INTERNATIONAL ENTEPRISE PTE LTD,SINGAPORE,JAWAHARLAL NEHRU (NHAVA S,INDIA
2023,470329,ROYAL GOLDEN EAGLE,APRIL,FUTONG,RIAU,5021,1932962,ROYAL GOLDEN EAGLE,APRIL INTERNATIONAL ENTEPRISE PTE LTD,SINGAPORE,KAKINADA,INDIA
2023,470329,SINAR MAS,INDAH KIAT,PERAWANG,RIAU,500,213385,BJC,BERLI JUCKER CELLOX LTD,THAILAND,LAT KRABANG,THAILAND
2023,470200,ROYAL GOLDEN EAGLE,APRIL,BUATAN,RIAU,61,34746,ROYAL GOLDEN EAGLE,APRIL FAR EAST MALAYSIA SDN BHD,MALAYSIA,FUZHOU,CHINA (MAINLAND)
2023,470329,ROYAL GOLDEN EAGLE,APRIL,FUTONG,RIAU,3013,1136515,ROYAL GOLDEN EAGLE,APRIL INTERNATIONAL ENTEPRISE PTE LTD,SINGAPORE,KAKINADA,INDIA
2023,470329,SINAR MAS,OKI,SULTAN MAHMUD BADARUDDIN (U),SUMATERA SELATAN,500,194144,SINAR MAS,SHANDONG BOHUI PAPER INDUSTRY CO LTD,CHINA (MAINLAND),QINGDAO,CHINA (MAINLAND)
2023,470329,SINAR MAS,OKI,SULTAN MAHMUD BADARUDDIN (U),SUMATERA SELATAN,500,194144,SINAR MAS,SHANDONG BOHUI PAPER INDUSTRY CO LTD,CHINA (MAINLAND),QINGDAO,CHINA (MAINLAND)
2023,470329,SINAR MAS,OKI,SULTAN MAHMUD BADARUDDIN (U),SUMATERA SELATAN,500,194144,SINAR MAS,SHANDONG BOHUI PAPER INDUSTRY CO LTD,CHINA (MAINLAND),QINGDAO,CHINA (MAINLAND)
2023,470200,ROYAL GOLDEN EAGLE,APRIL,FUTONG,RIAU,508,290321,ROYAL GOLDEN EAGLE,APRIL FAR EAST MALAYSIA SDN BHD,MALAYSIA,JIUJIANG,CHINA (MAINLAND)
2023,470329,SINAR MAS,OKI,SULTAN MAHMUD BADARUDDIN (U),SUMATERA SELATAN,500,194144,SINAR MAS,SHANDONG BOHUI PAPER INDUSTRY CO LTD,CHINA (MAINLAND),QINGDAO,CHINA (MAINLAND)
2023,470329,MARUBENI,TANJUNG ENIM LESTARI,PANJANG,SUMATERA SELATAN,818,385093,MARUBENI,MARUBENI CORP,JAPAN,WUHAN,CHINA (MAINLAND)
2023,470329,MARUBENI,TANJUNG ENIM LESTARI,PANJANG,SUMATERA SELATAN,428,204477,MARUBENI,MARUBENI CORP,JAPAN,NINGBO,CHINA (MAINLAND)
2023,470329,SINAR MAS,OKI,SULTAN MAHMUD BADARUDDIN (U),SUMATERA SELATAN,500,215000,SINAR MAS,KING PAPER SOURCE TRADING (SHANGHAI) CO LTD,CHINA (MAINLAND),CHANGSHU,CHINA (MAINLAND)
2023,470329,SINAR MAS,OKI,SULTAN MAHMUD BADARUDDIN (U),SUMATERA SELATAN,500,210600,SINAR MAS,JIANGSU BOHUI PAPER INDUSTRY CO LTD.,CHINA (MAINLAND),CHANGSHU,CHINA (MAINLAND)
2023,470329,SINAR MAS,OKI,SULTAN MAHMUD BADARUDDIN (U),SUMATERA SELATAN,500,210600,SINAR MAS,JIANGSU BOHUI PAPER INDUSTRY CO LTD.,CHINA (MAINLAND),CHANGSHU,CHINA (MAINLAND)
2023,470200,ROYAL GOLDEN EAGLE,APRIL,FUTONG,RIAU,5678,3247730,ROYAL GOLDEN EAGLE,APRIL FAR EAST MALAYSIA SDN BHD,MALAYSIA,CHANGSHU,CHINA (MAINLAND)
2023,470329,SINAR MAS,OKI,SULTAN MAHMUD BADARUDDIN (U),SUMATERA SELATAN,500,194144,SINAR MAS,SHANDONG BOHUI PAPER INDUSTRY CO LTD,CHINA (MAINLAND),QINGDAO,CHINA (MAINLAND)
2023,470329,SINAR MAS,OKI,SULTAN MAHMUD BADARUDDIN (U),SUMATERA SELATAN,500,194144,SINAR MAS,SHANDONG BOHUI PAPER INDUSTRY CO LTD,CHINA (MAINLAND),QINGDAO,CHINA (MAINLAND)
2023,470329,SINAR MAS,OKI,SULTAN MAHMUD BADARUDDIN (U),SUMATERA SELATAN,500,194144,SINAR MAS,SHANDONG BOHUI PAPER INDUSTRY CO LTD,CHINA (MAINLAND),QINGDAO,CHINA (MAINLAND)
2023,470329,SINAR MAS,OKI,SULTAN MAHMUD BADARUDDIN (U),SUMATERA SELATAN,500,194144,SINAR MAS,SHANDONG BOHUI PAPER INDUSTRY CO LTD,CHINA (MAINLAND),QINGDAO,CHINA (MAINLAND)
2023,470329,SINAR MAS,OKI,SULTAN MAHMUD BADARUDDIN (U),SUMATERA SELATAN,500,215000,SINAR MAS,KING PAPER SOURCE TRADING (SHANGHAI) CO LTD,CHINA (MAINLAND),CHANGSHU,CHINA (MAINLAND)
2023,470329,SINAR MAS,OKI,SULTAN MAHMUD BADARUDDIN (U),SUMATERA SELATAN,500,194144,SINAR MAS,SHANDONG BOHUI PAPER INDUSTRY CO LTD,CHINA (MAINLAND),QINGDAO,CHINA (MAINLAND)
2023,470329,SINAR MAS,OKI,SULTAN MAHMUD BADARUDDIN (U),SUMATERA SELATAN,500,215000,SINAR MAS,KING PAPER SOURCE TRADING (SHANGHAI) CO LTD,CHINA (MAINLAND),CHANGSHU,CHINA (MAINLAND)
2023,470329,SINAR MAS,OKI,SULTAN MAHMUD BADARUDDIN (U),SUMATERA SELATAN,500,215000,SINAR MAS,KING PAPER SOURCE TRADING (SHANGHAI) CO LTD,CHINA (MAINLAND),CHANGSHU,CHINA (MAINLAND)
2023,470329,SINAR MAS,OKI,SULTAN MAHMUD BADARUDDIN (U),SUMATERA SELATAN,500,210600,SINAR MAS,JIANGSU BOHUI PAPER INDUSTRY CO LTD.,CHINA (MAINLAND),CHANGSHU,CHINA (MAINLAND)
2023,470329,SINAR MAS,OKI,SULTAN MAHMUD BADARUDDIN (U),SUMATERA SELATAN,500,210600,SINAR MAS,JIANGSU BOHUI PAPER INDUSTRY CO LTD.,CHINA (MAINLAND),CHANGSHU,CHINA (MAINLAND)
2023,470329,ROYAL GOLDEN EAGLE,APRIL,FUTONG,RIAU,2005,772022,ROYAL GOLDEN EAGLE,APRIL FAR EAST MALAYSIA SDN BHD,MALAYSIA,CHANGSHU,CHINA (MAINLAND)
2023,470329,ROYAL GOLDEN EAGLE,APRIL,FUTONG,RIAU,101,37424,ROYAL GOLDEN EAGLE,APRIL FINE PAPER TRADING MIDDLE EAST,UNITED ARAB EMIRATES,NANSHA,CHINA (MAINLAND)
2023,470329,ROYAL GOLDEN EAGLE,APRIL,FUTONG,RIAU,16371,6302656,ROYAL GOLDEN EAGLE,APRIL FINE PAPER TRADING MIDDLE EAST,UNITED ARAB EMIRATES,NANSHA,CHINA (MAINLAND)
2023,470200,ROYAL GOLDEN EAGLE,APRIL,FUTONG,RIAU,283,162058,ROYAL GOLDEN EAGLE,APRIL FAR EAST MALAYSIA SDN BHD,MALAYSIA,JIUJIANG,CHINA (MAINLAND)
2023,470200,ROYAL GOLDEN EAGLE,APRIL,FUTONG,RIAU,4057,2320583,ROYAL GOLDEN EAGLE,APRIL FAR EAST MALAYSIA SDN BHD,MALAYSIA,CHANGSHU,CHINA (MAINLAND)
2023,470329,SINAR MAS,OKI,SULTAN MAHMUD BADARUDDIN (U),SUMATERA SELATAN,500,215000,SINAR MAS,KING PAPER SOURCE TRADING (SHANGHAI) CO LTD,CHINA (MAINLAND),CHANGSHU,CHINA (MAINLAND)
2023,470329,SINAR MAS,OKI,SULTAN MAHMUD BADARUDDIN (U),SUMATERA SELATAN,500,215000,SINAR MAS,KING PAPER SOURCE TRADING (SHANGHAI) CO LTD,CHINA (MAINLAND),CHANGSHU,CHINA (MAINLAND)
2023,470329,ROYAL GOLDEN EAGLE,APRIL,FUTONG,RIAU,1506,579746,ROYAL GOLDEN EAGLE,APRIL INTERNATIONAL ENTEPRISE PTE LTD,SINGAPORE,NANSHA,CHINA (MAINLAND)
2023,470329,SINAR MAS,OKI,SULTAN MAHMUD BADARUDDIN (U),SUMATERA SELATAN,100,43000,SINAR MAS,KING PAPER SOURCE TRADING (SHANGHAI) CO LTD,CHINA (MAINLAND),CHANGSHU,CHINA (MAINLAND)
2023,470329,SINAR MAS,OKI,SULTAN MAHMUD BADARUDDIN (U),SUMATERA SELATAN,500,210600,SINAR MAS,JIANGSU BOHUI PAPER INDUSTRY CO LTD.,CHINA (MAINLAND),CHANGSHU,CHINA (MAINLAND)
2023,470329,SINAR MAS,OKI,SULTAN MAHMUD BADARUDDIN (U),SUMATERA SELATAN,500,210600,SINAR MAS,JIANGSU BOHUI PAPER INDUSTRY CO LTD.,CHINA (MAINLAND),CHANGSHU,CHINA (MAINLAND)
2023,470200,ROYAL GOLDEN EAGLE,APRIL,FUTONG,RIAU,7202,4119414,ROYAL GOLDEN EAGLE,APRIL FAR EAST MALAYSIA SDN BHD,MALAYSIA,CHANGSHU,CHINA (MAINLAND)
2023,470200,ROYAL GOLDEN EAGLE,APRIL,FUTONG,RIAU,506,289582,ROYAL GOLDEN EAGLE,APRIL FAR EAST MALAYSIA SDN BHD,MALAYSIA,JIUJIANG,CHINA (MAINLAND)
2023,470329,SINAR MAS,OKI,SULTAN MAHMUD BADARUDDIN (U),SUMATERA SELATAN,500,194144,SINAR MAS,SHANDONG BOHUI PAPER INDUSTRY CO LTD,CHINA (MAINLAND),QINGDAO,CHINA (MAINLAND)
2023,470329,SINAR MAS,OKI,SULTAN MAHMUD BADARUDDIN (U),SUMATERA SELATAN,500,215000,SINAR MAS,KING PAPER SOURCE TRADING (SHANGHAI) CO LTD,CHINA (MAINLAND),CHANGSHU,CHINA (MAINLAND)
2023,470329,SINAR MAS,OKI,SULTAN MAHMUD BADARUDDIN (U),SUMATERA SELATAN,400,172000,SINAR MAS,KING PAPER SOURCE TRADING (SHANGHAI) CO LTD,CHINA (MAINLAND),CHANGSHU,CHINA (MAINLAND)
2023,470329,SINAR MAS,OKI,SULTAN MAHMUD BADARUDDIN (U),SUMATERA SELATAN,100,42120,SINAR MAS,JIANGSU BOHUI PAPER INDUSTRY CO LTD.,CHINA (MAINLAND),CHANGSHU,CHINA (MAINLAND)
2023,470329,ROYAL GOLDEN EAGLE,APRIL,FUTONG,RIAU,4502,1720027,ROYAL GOLDEN EAGLE,APRIL INTERNATIONAL ENTEPRISE PTE LTD,SINGAPORE,CHANGSHU,CHINA (MAINLAND)
2023,470329,MARUBENI,TANJUNG ENIM LESTARI,PANJANG,SUMATERA SELATAN,516,233565,MARUBENI,MARUBENI CORP,JAPAN,PIPAVAV (VICTOR) PORT,INDIA
2023,470329,SINAR MAS,INDAH KIAT,PERAWANG,RIAU,500,209136,NTPM HOLDINGS BHD,NTPM (VIETNAM) CO LTD,VIETNAM,CAT LAI,VIETNAM
2023,470329,MARUBENI,TANJUNG ENIM LESTARI,PANJANG,SUMATERA SELATAN,107,50562,MARUBENI,MARUBENI CORP,JAPAN,ICD MIHAN,INDIA
2023,470329,SINAR MAS,INDAH KIAT,PERAWANG,RIAU,500,205475,SINAR MAS,KING PAPER SOURCE TRADING (SHANGHAI) CO LTD,CHINA (MAINLAND),QINZHOU,CHINA (MAINLAND)
2023,470329,MARUBENI,TANJUNG ENIM LESTARI,PANJANG,SUMATERA SELATAN,78,41219,MARUBENI,MARUBENI CORP,JAPAN,SHIMIZU,JAPAN
2023,470329,ROYAL GOLDEN EAGLE,APRIL,BUATAN,RIAU,502,193281,ROYAL GOLDEN EAGLE,APRIL INTERNATIONAL ENTEPRISE PTE LTD,SINGAPORE,CHATTOGRAM,BANGLADESH
2023,470329,SINAR MAS,INDAH KIAT,PERAWANG,RIAU,400,170708,BJC,BERLI JUCKER CELLOX LTD,THAILAND,LAT KRABANG,THAILAND
2023,470329,MARUBENI,TANJUNG ENIM LESTARI,PANJANG,SUMATERA SELATAN,39,20594,MARUBENI,MARUBENI CORP,JAPAN,KITAKYUSHU- MOJI,JAPAN
2023,470329,SINAR MAS,INDAH KIAT,PERAWANG,RIAU,500,205475,SINAR MAS,KING PAPER SOURCE TRADING (SHANGHAI) CO LTD,CHINA (MAINLAND),QINZHOU,CHINA (MAINLAND)
2023,470329,SINAR MAS,INDAH KIAT,PERAWANG,RIAU,500,208388,UNKNOWN AFFILIATION,NIBONG TEBAL PAPER MILL SDN BHD,MALAYSIA,PENANG (GEORGETOWN),MALAYSIA
2023,470329,SINAR MAS,OKI,SULTAN MAHMUD BADARUDDIN (U),SUMATERA SELATAN,500,200011,SINAR MAS,KING PAPER SOURCE TRADING (SHANGHAI) CO LTD,CHINA (MAINLAND),QINZHOU,CHINA (MAINLAND)
2023,470329,SINAR MAS,OKI,SULTAN MAHMUD BADARUDDIN (U),SUMATERA SELATAN,500,200011,SINAR MAS,KING PAPER SOURCE TRADING (SHANGHAI) CO LTD,CHINA (MAINLAND),QINZHOU,CHINA (MAINLAND)
2023,470329,SINAR MAS,OKI,SULTAN MAHMUD BADARUDDIN (U),SUMATERA SELATAN,500,200011,SINAR MAS,KING PAPER SOURCE TRADING (SHANGHAI) CO LTD,CHINA (MAINLAND),QINZHOU,CHINA (MAINLAND)
2023,470329,ROYAL GOLDEN EAGLE,APRIL,FUTONG,RIAU,8036,3093713,ROYAL GOLDEN EAGLE,APRIL INTERNATIONAL ENTEPRISE PTE LTD,SINGAPORE,HALDIA,INDIA
2023,470329,ROYAL GOLDEN EAGLE,APRIL,BUATAN,RIAU,502,193252,ROYAL GOLDEN EAGLE,APRIL INTERNATIONAL ENTEPRISE PTE LTD,SINGAPORE,CHATTOGRAM,BANGLADESH
2023,470329,SINAR MAS,INDAH KIAT,PERAWANG,RIAU,500,208388,XSD INTERNATIONAL,XSD INTERNATIONAL PAPER SDN BHD,MALAYSIA,PENANG (GEORGETOWN),MALAYSIA
2023,470329,SINAR MAS,INDAH KIAT,PERAWANG,RIAU,500,208388,XSD INTERNATIONAL,XSD INTERNATIONAL PAPER SDN BHD,MALAYSIA,PENANG (GEORGETOWN),MALAYSIA
2023,470329,SINAR MAS,OKI,SULTAN MAHMUD BADARUDDIN (U),SUMATERA SELATAN,500,200011,SINAR MAS,KING PAPER SOURCE TRADING (SHANGHAI) CO LTD,CHINA (MAINLAND),QINZHOU,CHINA (MAINLAND)
2023,470329,SINAR MAS,OKI,SULTAN MAHMUD BADARUDDIN (U),SUMATERA SELATAN,500,200011,SINAR MAS,KING PAPER SOURCE TRADING (SHANGHAI) CO LTD,CHINA (MAINLAND),QINZHOU,CHINA (MAINLAND)
2023,470329,SINAR MAS,OKI,SULTAN MAHMUD BADARUDDIN (U),SUMATERA SELATAN,500,200011,SINAR MAS,KING PAPER SOURCE TRADING (SHANGHAI) CO LTD,CHINA (MAINLAND),QINZHOU,CHINA (MAINLAND)
2023,470329,SINAR MAS,INDAH KIAT,PERAWANG,RIAU,500,213105,SINAR MAS,KING PAPER SOURCE TRADING (SHANGHAI) CO LTD,CHINA (MAINLAND),QINZHOU,CHINA (MAINLAND)
2023,470329,ROYAL GOLDEN EAGLE,APRIL,BUATAN,RIAU,201,77266,ROYAL GOLDEN EAGLE,APRIL INTERNATIONAL ENTEPRISE PTE LTD,SINGAPORE,HAIPHONG,VIETNAM
2023,470329,MARUBENI,TANJUNG ENIM LESTARI,PANJANG,SUMATERA SELATAN,622,286044,MARUBENI,MARUBENI CORP,JAPAN,CHONGQING,CHINA (MAINLAND)
2023,470329,SINAR MAS,INDAH KIAT,PERAWANG,RIAU,240,102785,RENGO,VINA KRAFT PAPER CO LTD,VIETNAM,CAT LAI,VIETNAM
2023,470329,SINAR MAS,OKI,SULTAN MAHMUD BADARUDDIN (U),SUMATERA SELATAN,500,200011,SINAR MAS,KING PAPER SOURCE TRADING (SHANGHAI) CO LTD,CHINA (MAINLAND),QINZHOU,CHINA (MAINLAND)
2023,470329,SINAR MAS,INDAH KIAT,PERAWANG,RIAU,400,166302,UNKNOWN AFFILIATION,PHU HUNG TRADING & MANUFACTURING COMPANY LTD,VIETNAM,HAIPHONG,VIETNAM
2023,470329,SINAR MAS,OKI,SULTAN MAHMUD BADARUDDIN (U),SUMATERA SELATAN,500,200011,SINAR MAS,KING PAPER SOURCE TRADING (SHANGHAI) CO LTD,CHINA (MAINLAND),QINZHOU,CHINA (MAINLAND)
2023,470329,SINAR MAS,OKI,SULTAN MAHMUD BADARUDDIN (U),SUMATERA SELATAN,500,200011,SINAR MAS,KING PAPER SOURCE TRADING (SHANGHAI) CO LTD,CHINA (MAINLAND),QINZHOU,CHINA (MAINLAND)
2023,470329,SINAR MAS,OKI,SULTAN MAHMUD BADARUDDIN (U),SUMATERA SELATAN,350,140008,SINAR MAS,KING PAPER SOURCE TRADING (SHANGHAI) CO LTD,CHINA (MAINLAND),QINZHOU,CHINA (MAINLAND)
2023,470329,SINAR MAS,OKI,SULTAN MAHMUD BADARUDDIN (U),SUMATERA SELATAN,150,60003,SINAR MAS,KING PAPER SOURCE TRADING (SHANGHAI) CO LTD,CHINA (MAINLAND),QINZHOU,CHINA (MAINLAND)
2023,470329,ROYAL GOLDEN EAGLE,APRIL,BUATAN,RIAU,502,186871,ROYAL GOLDEN EAGLE,APRIL INTERNATIONAL ENTEPRISE PTE LTD,SINGAPORE,ABU DHABI,NEW ZEALAND
2023,470200,ROYAL GOLDEN EAGLE,APRIL,BUATAN,RIAU,391,223639,ROYAL GOLDEN EAGLE,APRIL FAR EAST MALAYSIA SDN BHD,MALAYSIA,LIANYUNGANG,CHINA (MAINLAND)
2023,470329,SINAR MAS,INDAH KIAT,PERAWANG,RIAU,500,213105,SINAR MAS,KING PAPER SOURCE TRADING (SHANGHAI) CO LTD,CHINA (MAINLAND),QINZHOU,CHINA (MAINLAND)
2023,470329,SINAR MAS,INDAH KIAT,PERAWANG,RIAU,500,212817,GULF PAPER,GULF PAPER MANUFACTURING CO KSC,KUWAIT,SHUAIBA,KUWAIT
2023,470329,MARUBENI,TANJUNG ENIM LESTARI,PANJANG,SUMATERA SELATAN,512,233507,MARUBENI,MARUBENI CORP,JAPAN,XINGANG,CHINA (MAINLAND)
2023,470329,SINAR MAS,OKI,SULTAN MAHMUD BADARUDDIN (U),SUMATERA SELATAN,500,200011,SINAR MAS,KING PAPER SOURCE TRADING (SHANGHAI) CO LTD,CHINA (MAINLAND),QINZHOU,CHINA (MAINLAND)
2023,470329,SINAR MAS,OKI,SULTAN MAHMUD BADARUDDIN (U),SUMATERA SELATAN,500,200011,SINAR MAS,KING PAPER SOURCE TRADING (SHANGHAI) CO LTD,CHINA (MAINLAND),QINZHOU,CHINA (MAINLAND)
2023,470329,SINAR MAS,OKI,SULTAN MAHMUD BADARUDDIN (U),SUMATERA SELATAN,500,200011,SINAR MAS,KING PAPER SOURCE TRADING (SHANGHAI) CO LTD,CHINA (MAINLAND),QINZHOU,CHINA (MAINLAND)
2023,470329,SINAR MAS,OKI,SULTAN MAHMUD BADARUDDIN (U),SUMATERA SELATAN,500,200011,SINAR MAS,KING PAPER SOURCE TRADING (SHANGHAI) CO LTD,CHINA (MAINLAND),QINZHOU,CHINA (MAINLAND)
2023,470329,SINAR MAS,OKI,SULTAN MAHMUD BADARUDDIN (U),SUMATERA SELATAN,500,200011,SINAR MAS,KING PAPER SOURCE TRADING (SHANGHAI) CO LTD,CHINA (MAINLAND),QINZHOU,CHINA (MAINLAND)
2023,470329,SINAR MAS,INDAH KIAT,PERAWANG,RIAU,500,211500,SINAR MAS,SHANDONG BOHUI PAPER INDUSTRY CO LTD,CHINA (MAINLAND),QINGDAO,CHINA (MAINLAND)
2023,470329,SINAR MAS,INDAH KIAT,PERAWANG,RIAU,500,209985,SINAR MAS,SHANDONG BOHUI PAPER INDUSTRY CO LTD,CHINA (MAINLAND),QINGDAO,CHINA (MAINLAND)
2023,470329,SINAR MAS,INDAH KIAT,PERAWANG,RIAU,500,209985,SINAR MAS,SHANDONG BOHUI PAPER INDUSTRY CO LTD,CHINA (MAINLAND),QINGDAO,CHINA (MAINLAND)
2023,470329,SINAR MAS,INDAH KIAT,PERAWANG,RIAU,500,209985,SINAR MAS,SHANDONG BOHUI PAPER INDUSTRY CO LTD,CHINA (MAINLAND),QINGDAO,CHINA (MAINLAND)
2023,470329,SINAR MAS,INDAH KIAT,PERAWANG,RIAU,500,209985,SINAR MAS,SHANDONG BOHUI PAPER INDUSTRY CO LTD,CHINA (MAINLAND),QINGDAO,CHINA (MAINLAND)
2023,470329,SINAR MAS,INDAH KIAT,PERAWANG,RIAU,500,209985,SINAR MAS,SHANDONG BOHUI PAPER INDUSTRY CO LTD,CHINA (MAINLAND),QINGDAO,CHINA (MAINLAND)
2023,470329,SINAR MAS,OKI,SULTAN MAHMUD BADARUDDIN (U),SUMATERA SELATAN,530,207347,SINAR MAS,KING PAPER SOURCE TRADING (SHANGHAI) CO LTD,CHINA (MAINLAND),QINZHOU,CHINA (MAINLAND)
2023,470329,SINAR MAS,OKI,SULTAN MAHMUD BADARUDDIN (U),SUMATERA SELATAN,450,176050,SINAR MAS,KING PAPER SOURCE TRADING (SHANGHAI) CO LTD,CHINA (MAINLAND),QINZHOU,CHINA (MAINLAND)
2023,470329,SINAR MAS,INDAH KIAT,PERAWANG,RIAU,500,214500,SINAR MAS,KING PAPER SOURCE TRADING (SHANGHAI) CO LTD,CHINA (MAINLAND),QINZHOU,CHINA (MAINLAND)
2023,470329,SINAR MAS,INDAH KIAT,PERAWANG,RIAU,500,209165,IMEXCO BACGIANG,BAC GIANG IMPORT EXPORT JOINT STOCK CO,VIETNAM,HAIPHONG,VIETNAM
2023,470329,SINAR MAS,INDAH KIAT,PERAWANG,RIAU,500,209985,SINAR MAS,SHANDONG BOHUI PAPER INDUSTRY CO LTD,CHINA (MAINLAND),QINGDAO,CHINA (MAINLAND)
2023,470329,SINAR MAS,INDAH KIAT,PERAWANG,RIAU,500,209985,SINAR MAS,SHANDONG BOHUI PAPER INDUSTRY CO LTD,CHINA (MAINLAND),QINGDAO,CHINA (MAINLAND)
2023,470329,SINAR MAS,INDAH KIAT,PERAWANG,RIAU,500,209985,SINAR MAS,SHANDONG BOHUI PAPER INDUSTRY CO LTD,CHINA (MAINLAND),QINGDAO,CHINA (MAINLAND)
2023,470329,SINAR MAS,INDAH KIAT,PERAWANG,RIAU,1000,418330,UNKNOWN AFFILIATION,P.P TRADING & MANUFACTURING JSC,VIETNAM,HAIPHONG,VIETNAM
2023,470329,SINAR MAS,OKI,SULTAN MAHMUD BADARUDDIN (U),SUMATERA SELATAN,540,211260,SINAR MAS,KING PAPER SOURCE TRADING (SHANGHAI) CO LTD,CHINA (MAINLAND),QINZHOU,CHINA (MAINLAND)
2023,470329,SINAR MAS,OKI,SULTAN MAHMUD BADARUDDIN (U),SUMATERA SELATAN,500,195611,SINAR MAS,KING PAPER SOURCE TRADING (SHANGHAI) CO LTD,CHINA (MAINLAND),QINZHOU,CHINA (MAINLAND)
2023,470329,SINAR MAS,OKI,SULTAN MAHMUD BADARUDDIN (U),SUMATERA SELATAN,400,156489,SINAR MAS,KING PAPER SOURCE TRADING (SHANGHAI) CO LTD,CHINA (MAINLAND),QINZHOU,CHINA (MAINLAND)
2023,470329,SINAR MAS,INDAH KIAT,PERAWANG,RIAU,500,214500,SINAR MAS,KING PAPER SOURCE TRADING (SHANGHAI) CO LTD,CHINA (MAINLAND),QINZHOU,CHINA (MAINLAND)
2023,470329,SINAR MAS,INDAH KIAT,PERAWANG,RIAU,500,209985,SINAR MAS,KING PAPER SOURCE TRADING (SHANGHAI) CO LTD,CHINA (MAINLAND),QINZHOU,CHINA (MAINLAND)
2023,470200,ROYAL GOLDEN EAGLE,APRIL,BUATAN,RIAU,514,293864,ROYAL GOLDEN EAGLE,APRIL FAR EAST MALAYSIA SDN BHD,MALAYSIA,LIANYUNGANG,CHINA (MAINLAND)
2023,470329,SINAR MAS,INDAH KIAT,PERAWANG,RIAU,500,209985,SINAR MAS,SHANDONG BOHUI PAPER INDUSTRY CO LTD,CHINA (MAINLAND),QINGDAO,CHINA (MAINLAND)
2023,470329,SINAR MAS,INDAH KIAT,PERAWANG,RIAU,500,209985,SINAR MAS,SHANDONG BOHUI PAPER INDUSTRY CO LTD,CHINA (MAINLAND),QINGDAO,CHINA (MAINLAND)
2023,470329,MARUBENI,TANJUNG ENIM LESTARI,PANJANG,SUMATERA SELATAN,511,244432,MARUBENI,MARUBENI CORP,JAPAN,NINGBO,CHINA (MAINLAND)
2023,470329,SINAR MAS,OKI,SULTAN MAHMUD BADARUDDIN (U),SUMATERA SELATAN,540,211260,SINAR MAS,KING PAPER SOURCE TRADING (SHANGHAI) CO LTD,CHINA (MAINLAND),QINZHOU,CHINA (MAINLAND)
2023,470329,SINAR MAS,OKI,SULTAN MAHMUD BADARUDDIN (U),SUMATERA SELATAN,500,195611,SINAR MAS,KING PAPER SOURCE TRADING (SHANGHAI) CO LTD,CHINA (MAINLAND),QINZHOU,CHINA (MAINLAND)
2023,470329,SINAR MAS,INDAH KIAT,PERAWANG,RIAU,500,209985,SINAR MAS,SHANDONG BOHUI PAPER INDUSTRY CO LTD,CHINA (MAINLAND),QINGDAO,CHINA (MAINLAND)
2023,470329,SINAR MAS,INDAH KIAT,PERAWANG,RIAU,500,209985,SINAR MAS,SHANDONG BOHUI PAPER INDUSTRY CO LTD,CHINA (MAINLAND),QINGDAO,CHINA (MAINLAND)
2023,470329,SINAR MAS,INDAH KIAT,PERAWANG,RIAU,400,167988,SINAR MAS,KING PAPER SOURCE TRADING (SHANGHAI) CO LTD,CHINA (MAINLAND),QINZHOU,CHINA (MAINLAND)
2023,470329,SINAR MAS,INDAH KIAT,PERAWANG,RIAU,500,209985,SINAR MAS,SHANDONG BOHUI PAPER INDUSTRY CO LTD,CHINA (MAINLAND),QINGDAO,CHINA (MAINLAND)
2023,470329,SINAR MAS,INDAH KIAT,PERAWANG,RIAU,500,209985,SINAR MAS,SHANDONG BOHUI PAPER INDUSTRY CO LTD,CHINA (MAINLAND),QINGDAO,CHINA (MAINLAND)
2023,470329,SINAR MAS,INDAH KIAT,PERAWANG,RIAU,500,209985,SINAR MAS,SHANDONG BOHUI PAPER INDUSTRY CO LTD,CHINA (MAINLAND),QINGDAO,CHINA (MAINLAND)
2023,470329,SINAR MAS,INDAH KIAT,PERAWANG,RIAU,500,209985,SINAR MAS,SHANDONG BOHUI PAPER INDUSTRY CO LTD,CHINA (MAINLAND),QINGDAO,CHINA (MAINLAND)
2023,470329,SINAR MAS,INDAH KIAT,PERAWANG,RIAU,500,209985,SINAR MAS,SHANDONG BOHUI PAPER INDUSTRY CO LTD,CHINA (MAINLAND),QINGDAO,CHINA (MAINLAND)
2023,470329,SINAR MAS,INDAH KIAT,PERAWANG,RIAU,500,209985,SINAR MAS,SHANDONG BOHUI PAPER INDUSTRY CO LTD,CHINA (MAINLAND),QINGDAO,CHINA (MAINLAND)
2023,470329,MARUBENI,TANJUNG ENIM LESTARI,PANJANG,SUMATERA SELATAN,708,333269,MARUBENI,MARUBENI CORP,JAPAN,XINHUI,CHINA (MAINLAND)
2023,470329,SINAR MAS,OKI,SULTAN MAHMUD BADARUDDIN (U),SUMATERA SELATAN,500,195611,SINAR MAS,KING PAPER SOURCE TRADING (SHANGHAI) CO LTD,CHINA (MAINLAND),QINZHOU,CHINA (MAINLAND)
2023,470329,SINAR MAS,OKI,SULTAN MAHMUD BADARUDDIN (U),SUMATERA SELATAN,540,211260,SINAR MAS,KING PAPER SOURCE TRADING (SHANGHAI) CO LTD,CHINA (MAINLAND),QINZHOU,CHINA (MAINLAND)
2023,470329,SINAR MAS,OKI,SULTAN MAHMUD BADARUDDIN (U),SUMATERA SELATAN,500,195611,SINAR MAS,KING PAPER SOURCE TRADING (SHANGHAI) CO LTD,CHINA (MAINLAND),QINZHOU,CHINA (MAINLAND)
2023,470329,SINAR MAS,INDAH KIAT,PERAWANG,RIAU,500,209165,IMEXCO BACGIANG,BAC GIANG IMPORT EXPORT JOINT STOCK CO,VIETNAM,HAIPHONG,VIETNAM
2023,470329,SINAR MAS,INDAH KIAT,PERAWANG,RIAU,200,83994,SINAR MAS,KING PAPER SOURCE TRADING (SHANGHAI) CO LTD,CHINA (MAINLAND),QINZHOU,CHINA (MAINLAND)
2023,470329,ROYAL GOLDEN EAGLE,APRIL,BUATAN,RIAU,502,186914,ROYAL GOLDEN EAGLE,APRIL INTERNATIONAL ENTEPRISE PTE LTD,SINGAPORE,ABU DHABI,NEW ZEALAND
2023,470329,SINAR MAS,INDAH KIAT,PERAWANG,RIAU,500,209985,SINAR MAS,SHANDONG BOHUI PAPER INDUSTRY CO LTD,CHINA (MAINLAND),QINGDAO,CHINA (MAINLAND)
2023,470329,SINAR MAS,INDAH KIAT,PERAWANG,RIAU,500,209985,SINAR MAS,SHANDONG BOHUI PAPER INDUSTRY CO LTD,CHINA (MAINLAND),QINGDAO,CHINA (MAINLAND)
2023,470329,SINAR MAS,OKI,SULTAN MAHMUD BADARUDDIN (U),SUMATERA SELATAN,500,195611,SINAR MAS,KING PAPER SOURCE TRADING (SHANGHAI) CO LTD,CHINA (MAINLAND),QINZHOU,CHINA (MAINLAND)
2023,470329,SINAR MAS,OKI,SULTAN MAHMUD BADARUDDIN (U),SUMATERA SELATAN,500,195611,SINAR MAS,KING PAPER SOURCE TRADING (SHANGHAI) CO LTD,CHINA (MAINLAND),QINZHOU,CHINA (MAINLAND)
2023,470329,SINAR MAS,INDAH KIAT,PERAWANG,RIAU,500,214500,SINAR MAS,KING PAPER SOURCE TRADING (SHANGHAI) CO LTD,CHINA (MAINLAND),QINZHOU,CHINA (MAINLAND)
2023,470329,SINAR MAS,INDAH KIAT,PERAWANG,RIAU,500,211500,SINAR MAS,SHANDONG BOHUI PAPER INDUSTRY CO LTD,CHINA (MAINLAND),QINGDAO,CHINA (MAINLAND)
2023,470329,SINAR MAS,INDAH KIAT,PERAWANG,RIAU,500,209985,SINAR MAS,KING PAPER SOURCE TRADING (SHANGHAI) CO LTD,CHINA (MAINLAND),QINZHOU,CHINA (MAINLAND)
2023,470329,SINAR MAS,INDAH KIAT,PERAWANG,RIAU,500,209985,SINAR MAS,KING PAPER SOURCE TRADING (SHANGHAI) CO LTD,CHINA (MAINLAND),QINZHOU,CHINA (MAINLAND)
2023,470329,SINAR MAS,INDAH KIAT,PERAWANG,RIAU,100,41997,SINAR MAS,KING PAPER SOURCE TRADING (SHANGHAI) CO LTD,CHINA (MAINLAND),QINZHOU,CHINA (MAINLAND)
2023,470200,ROYAL GOLDEN EAGLE,APRIL,BUATAN,RIAU,1028,587848,ROYAL GOLDEN EAGLE,APRIL FAR EAST MALAYSIA SDN BHD,MALAYSIA,LIANYUNGANG,CHINA (MAINLAND)
2023,470329,SINAR MAS,INDAH KIAT,PERAWANG,RIAU,500,209985,SINAR MAS,SHANDONG BOHUI PAPER INDUSTRY CO LTD,CHINA (MAINLAND),QINGDAO,CHINA (MAINLAND)
2023,470329,SINAR MAS,INDAH KIAT,PERAWANG,RIAU,500,209985,SINAR MAS,SHANDONG BOHUI PAPER INDUSTRY CO LTD,CHINA (MAINLAND),QINGDAO,CHINA (MAINLAND)
2023,470329,SINAR MAS,INDAH KIAT,PERAWANG,RIAU,500,209985,SINAR MAS,SHANDONG BOHUI PAPER INDUSTRY CO LTD,CHINA (MAINLAND),QINGDAO,CHINA (MAINLAND)
2023,470329,SINAR MAS,INDAH KIAT,PERAWANG,RIAU,500,209985,SINAR MAS,SHANDONG BOHUI PAPER INDUSTRY CO LTD,CHINA (MAINLAND),QINGDAO,CHINA (MAINLAND)
2023,470329,SINAR MAS,INDAH KIAT,PERAWANG,RIAU,500,209985,SINAR MAS,SHANDONG BOHUI PAPER INDUSTRY CO LTD,CHINA (MAINLAND),QINGDAO,CHINA (MAINLAND)
2023,470329,SINAR MAS,OKI,SULTAN MAHMUD BADARUDDIN (U),SUMATERA SELATAN,500,195611,SINAR MAS,KING PAPER SOURCE TRADING (SHANGHAI) CO LTD,CHINA (MAINLAND),QINZHOU,CHINA (MAINLAND)
2023,470329,SINAR MAS,OKI,SULTAN MAHMUD BADARUDDIN (U),SUMATERA SELATAN,500,195611,SINAR MAS,KING PAPER SOURCE TRADING (SHANGHAI) CO LTD,CHINA (MAINLAND),QINZHOU,CHINA (MAINLAND)
2023,470329,SINAR MAS,INDAH KIAT,PERAWANG,RIAU,500,214500,SINAR MAS,KING PAPER SOURCE TRADING (SHANGHAI) CO LTD,CHINA (MAINLAND),QINZHOU,CHINA (MAINLAND)
2023,470329,SINAR MAS,INDAH KIAT,PERAWANG,RIAU,500,214500,SINAR MAS,KING PAPER SOURCE TRADING (SHANGHAI) CO LTD,CHINA (MAINLAND),QINZHOU,CHINA (MAINLAND)
2023,470329,SINAR MAS,INDAH KIAT,PERAWANG,RIAU,500,209985,SINAR MAS,KING PAPER SOURCE TRADING (SHANGHAI) CO LTD,CHINA (MAINLAND),QINZHOU,CHINA (MAINLAND)
2023,470329,SINAR MAS,INDAH KIAT,PERAWANG,RIAU,300,128700,SINAR MAS,KING PAPER SOURCE TRADING (SHANGHAI) CO LTD,CHINA (MAINLAND),QINZHOU,CHINA (MAINLAND)
2023,470200,ROYAL GOLDEN EAGLE,APRIL,BUATAN,RIAU,515,294529,ROYAL GOLDEN EAGLE,APRIL FAR EAST MALAYSIA SDN BHD,MALAYSIA,JIUJIANG,CHINA (MAINLAND)
2023,470329,SINAR MAS,INDAH KIAT,PERAWANG,RIAU,400,181480,MEPCO,MIDDLE EAST PAPER CO,SAUDI ARABIA,JEDDAH,SAUDI ARABIA
2023,470200,ROYAL GOLDEN EAGLE,APRIL,BUATAN,RIAU,1012,578989,ROYAL GOLDEN EAGLE,APRIL FAR EAST MALAYSIA SDN BHD,MALAYSIA,LIANYUNGANG,CHINA (MAINLAND)
2023,470329,SINAR MAS,INDAH KIAT,PERAWANG,RIAU,400,181480,MEPCO,MIDDLE EAST PAPER CO,SAUDI ARABIA,JEDDAH,SAUDI ARABIA
2023,470329,SINAR MAS,INDAH KIAT,PERAWANG,RIAU,200,90740,MEPCO,MIDDLE EAST PAPER CO,SAUDI ARABIA,JEDDAH,SAUDI ARABIA
2023,470329,ROYAL GOLDEN EAGLE,APRIL,BUATAN,RIAU,101,38701,ROYAL GOLDEN EAGLE,APRIL INTERNATIONAL ENTEPRISE PTE LTD,SINGAPORE,LUDHIANA,INDIA
2023,470329,ROYAL GOLDEN EAGLE,APRIL,BUATAN,RIAU,502,193283,ROYAL GOLDEN EAGLE,APRIL INTERNATIONAL ENTEPRISE PTE LTD,SINGAPORE,PAT BANGKOK,THAILAND
2023,470329,ROYAL GOLDEN EAGLE,APRIL,BUATAN,RIAU,201,77329,ROYAL GOLDEN EAGLE,APRIL INTERNATIONAL ENTEPRISE PTE LTD,SINGAPORE,CHATTOGRAM,BANGLADESH
2023,470329,SINAR MAS,INDAH KIAT,PERAWANG,RIAU,500,214500,SINAR MAS,JIANGSU BOHUI PAPER INDUSTRY CO LTD.,CHINA (MAINLAND),CHANGSHU,CHINA (MAINLAND)
2023,470329,SINAR MAS,INDAH KIAT,PERAWANG,RIAU,500,211500,SINAR MAS,JIANGSU BOHUI PAPER INDUSTRY CO LTD.,CHINA (MAINLAND),CHANGSHU,CHINA (MAINLAND)
2023,470329,SINAR MAS,INDAH KIAT,PERAWANG,RIAU,500,211500,SINAR MAS,JIANGSU BOHUI PAPER INDUSTRY CO LTD.,CHINA (MAINLAND),CHANGSHU,CHINA (MAINLAND)
2023,470329,SINAR MAS,INDAH KIAT,PERAWANG,RIAU,500,209136,NTPM HOLDINGS BHD,NTPM (VIETNAM) CO LTD,VIETNAM,CAT LAI,VIETNAM
2023,470329,SINAR MAS,INDAH KIAT,PERAWANG,RIAU,500,215510,SINAR MAS,KING PAPER SOURCE TRADING (SHANGHAI) CO LTD,CHINA (MAINLAND),QINZHOU,CHINA (MAINLAND)
2023,470329,SINAR MAS,INDAH KIAT,PERAWANG,RIAU,500,214500,SINAR MAS,JIANGSU BOHUI PAPER INDUSTRY CO LTD.,CHINA (MAINLAND),CHANGSHU,CHINA (MAINLAND)
2023,470329,SINAR MAS,INDAH KIAT,PERAWANG,RIAU,500,214500,SINAR MAS,JIANGSU BOHUI PAPER INDUSTRY CO LTD.,CHINA (MAINLAND),CHANGSHU,CHINA (MAINLAND)
2023,470329,SINAR MAS,INDAH KIAT,PERAWANG,RIAU,500,211500,SINAR MAS,JIANGSU BOHUI PAPER INDUSTRY CO LTD.,CHINA (MAINLAND),CHANGSHU,CHINA (MAINLAND)
2023,470329,SINAR MAS,INDAH KIAT,PERAWANG,RIAU,500,211500,SINAR MAS,JIANGSU BOHUI PAPER INDUSTRY CO LTD.,CHINA (MAINLAND),CHANGSHU,CHINA (MAINLAND)
2023,470329,SINAR MAS,INDAH KIAT,PERAWANG,RIAU,300,126900,SINAR MAS,JIANGSU BOHUI PAPER INDUSTRY CO LTD.,CHINA (MAINLAND),CHANGSHU,CHINA (MAINLAND)
2023,470200,ROYAL GOLDEN EAGLE,APRIL,BUATAN,RIAU,506,289663,ROYAL GOLDEN EAGLE,APRIL FAR EAST MALAYSIA SDN BHD,MALAYSIA,LIANYUNGANG,CHINA (MAINLAND)
2023,470329,SINAR MAS,INDAH KIAT,PERAWANG,RIAU,500,208388,XSD INTERNATIONAL,XSD INTERNATIONAL PAPER SDN BHD,MALAYSIA,PENANG (GEORGETOWN),MALAYSIA
2023,470329,SINAR MAS,INDAH KIAT,PERAWANG,RIAU,500,215510,SINAR MAS,KING PAPER SOURCE TRADING (SHANGHAI) CO LTD,CHINA (MAINLAND),QINZHOU,CHINA (MAINLAND)
2023,470329,SINAR MAS,INDAH KIAT,PERAWANG,RIAU,500,214500,SINAR MAS,JIANGSU BOHUI PAPER INDUSTRY CO LTD.,CHINA (MAINLAND),CHANGSHU,CHINA (MAINLAND)
2023,470329,SINAR MAS,INDAH KIAT,PERAWANG,RIAU,500,214500,SINAR MAS,JIANGSU BOHUI PAPER INDUSTRY CO LTD.,CHINA (MAINLAND),CHANGSHU,CHINA (MAINLAND)
2023,470329,SINAR MAS,INDAH KIAT,PERAWANG,RIAU,500,211500,SINAR MAS,JIANGSU BOHUI PAPER INDUSTRY CO LTD.,CHINA (MAINLAND),CHANGSHU,CHINA (MAINLAND)
2023,470329,SINAR MAS,INDAH KIAT,PERAWANG,RIAU,200,85800,SINAR MAS,JIANGSU BOHUI PAPER INDUSTRY CO LTD.,CHINA (MAINLAND),CHANGSHU,CHINA (MAINLAND)
2023,470329,SINAR MAS,INDAH KIAT,PERAWANG,RIAU,500,214500,SINAR MAS,JIANGSU BOHUI PAPER INDUSTRY CO LTD.,CHINA (MAINLAND),CHANGSHU,CHINA (MAINLAND)
2023,470329,SINAR MAS,INDAH KIAT,PERAWANG,RIAU,500,212817,GULF PAPER,GULF PAPER MANUFACTURING CO KSC,KUWAIT,SHUAIBA,KUWAIT
2023,470329,SINAR MAS,INDAH KIAT,PERAWANG,RIAU,500,214500,SINAR MAS,JIANGSU BOHUI PAPER INDUSTRY CO LTD.,CHINA (MAINLAND),CHANGSHU,CHINA (MAINLAND)
2023,470329,SINAR MAS,INDAH KIAT,PERAWANG,RIAU,240,102425,UNKNOWN AFFILIATION,JIN DING CO LTD,TAIWAN,KAOHSIUNG,TAIWAN
2023,470329,ROYAL GOLDEN EAGLE,APRIL,FUTONG,RIAU,10050,3869367,ROYAL GOLDEN EAGLE,APRIL INTERNATIONAL ENTEPRISE PTE LTD,SINGAPORE,CHATTOGRAM,BANGLADESH
2023,470329,SINAR MAS,INDAH KIAT,PERAWANG,RIAU,500,214500,SINAR MAS,JIANGSU BOHUI PAPER INDUSTRY CO LTD.,CHINA (MAINLAND),CHANGSHU,CHINA (MAINLAND)
2023,470329,SINAR MAS,INDAH KIAT,PERAWANG,RIAU,500,214500,SINAR MAS,JIANGSU BOHUI PAPER INDUSTRY CO LTD.,CHINA (MAINLAND),CHANGSHU,CHINA (MAINLAND)
2023,470329,ROYAL GOLDEN EAGLE,APRIL,BUATAN,RIAU,502,193405,ROYAL GOLDEN EAGLE,APRIL INTERNATIONAL ENTEPRISE PTE LTD,SINGAPORE,CHATTOGRAM,BANGLADESH
2023,470329,SINAR MAS,INDAH KIAT,PERAWANG,RIAU,500,214500,SINAR MAS,JIANGSU BOHUI PAPER INDUSTRY CO LTD.,CHINA (MAINLAND),CHANGSHU,CHINA (MAINLAND)
2023,470329,SINAR MAS,INDAH KIAT,PERAWANG,RIAU,500,214500,SINAR MAS,JIANGSU BOHUI PAPER INDUSTRY CO LTD.,CHINA (MAINLAND),CHANGSHU,CHINA (MAINLAND)
2023,470329,ROYAL GOLDEN EAGLE,APRIL,BUATAN,RIAU,503,193570,ROYAL GOLDEN EAGLE,APRIL INTERNATIONAL ENTEPRISE PTE LTD,SINGAPORE,CHATTOGRAM,BANGLADESH
2023,470200,ROYAL GOLDEN EAGLE,APRIL,FUTONG,RIAU,1545,883816,ROYAL GOLDEN EAGLE,APRIL FAR EAST MALAYSIA SDN BHD,MALAYSIA,QINGDAO,CHINA (MAINLAND)
2023,470329,SINAR MAS,INDAH KIAT,PERAWANG,RIAU,500,214500,SINAR MAS,JIANGSU BOHUI PAPER INDUSTRY CO LTD.,CHINA (MAINLAND),CHANGSHU,CHINA (MAINLAND)
2023,470329,SINAR MAS,INDAH KIAT,PERAWANG,RIAU,500,214500,SINAR MAS,JIANGSU BOHUI PAPER INDUSTRY CO LTD.,CHINA (MAINLAND),CHANGSHU,CHINA (MAINLAND)
2023,470329,SINAR MAS,INDAH KIAT,PERAWANG,RIAU,500,213385,UNKNOWN AFFILIATION,THAI PAPER CO LTD,THAILAND,LAT KRABANG,THAILAND
2023,470329,ROYAL GOLDEN EAGLE,APRIL,FUTONG,RIAU,2009,773328,ROYAL GOLDEN EAGLE,APRIL INTERNATIONAL ENTEPRISE PTE LTD,SINGAPORE,QINGDAO,CHINA (MAINLAND)
2023,470329,SINAR MAS,INDAH KIAT,PERAWANG,RIAU,500,214500,SINAR MAS,JIANGSU BOHUI PAPER INDUSTRY CO LTD.,CHINA (MAINLAND),CHANGSHU,CHINA (MAINLAND)
2023,470329,ROYAL GOLDEN EAGLE,APRIL,BUATAN,RIAU,100,38687,ROYAL GOLDEN EAGLE,APRIL INTERNATIONAL ENTEPRISE PTE LTD,SINGAPORE,LUDHIANA,INDIA
2023,470329,SINAR MAS,INDAH KIAT,PERAWANG,RIAU,500,214500,SINAR MAS,JIANGSU BOHUI PAPER INDUSTRY CO LTD.,CHINA (MAINLAND),CHANGSHU,CHINA (MAINLAND)
2023,470329,SINAR MAS,INDAH KIAT,PERAWANG,RIAU,500,214500,SINAR MAS,JIANGSU BOHUI PAPER INDUSTRY CO LTD.,CHINA (MAINLAND),CHANGSHU,CHINA (MAINLAND)
2023,470200,ROYAL GOLDEN EAGLE,APRIL,FUTONG,RIAU,10130,5890476,ROYAL GOLDEN EAGLE,APRIL FAR EAST MALAYSIA SDN BHD,MALAYSIA,LIANYUNGANG,CHINA (MAINLAND)
2023,470329,SINAR MAS,INDAH KIAT,PERAWANG,RIAU,500,213385,UNKNOWN AFFILIATION,THAI PAPER CO LTD,THAILAND,LAT KRABANG,THAILAND
2023,470329,SINAR MAS,INDAH KIAT,PERAWANG,RIAU,500,207877,UNKNOWN AFFILIATION,P.P TRADING & MANUFACTURING JSC,VIETNAM,HAIPHONG,VIETNAM
2023,470329,SINAR MAS,INDAH KIAT,PERAWANG,RIAU,500,214500,SINAR MAS,JIANGSU BOHUI PAPER INDUSTRY CO LTD.,CHINA (MAINLAND),CHANGSHU,CHINA (MAINLAND)
2023,470329,SINAR MAS,INDAH KIAT,PERAWANG,RIAU,500,211500,SINAR MAS,JIANGSU BOHUI PAPER INDUSTRY CO LTD.,CHINA (MAINLAND),CHANGSHU,CHINA (MAINLAND)
2023,470329,SINAR MAS,OKI,SULTAN MAHMUD BADARUDDIN (U),SUMATERA SELATAN,500,212100,SINAR MAS,KING PAPER SOURCE TRADING (SHANGHAI) CO LTD,CHINA (MAINLAND),SHANGHAI,CHINA (MAINLAND)
2023,470329,SINAR MAS,INDAH KIAT,PERAWANG,RIAU,500,208500,ADITYA BIRLA,CENTURY PULP AND PAPER,INDIA,KANDLA,INDIA
2023,470329,SINAR MAS,INDAH KIAT,PERAWANG,RIAU,500,208500,ADITYA BIRLA,CENTURY PULP AND PAPER,INDIA,KANDLA,INDIA
2023,470329,SINAR MAS,INDAH KIAT,PERAWANG,RIAU,500,208500,ADITYA BIRLA,CENTURY PULP AND PAPER,INDIA,KANDLA,INDIA
2023,470329,SINAR MAS,INDAH KIAT,PERAWANG,RIAU,500,208500,ADITYA BIRLA,CENTURY PULP AND PAPER,INDIA,KANDLA,INDIA
2023,470329,ROYAL GOLDEN EAGLE,APRIL,BUATAN,RIAU,498,191821,ROYAL GOLDEN EAGLE,APRIL INTERNATIONAL ENTEPRISE PTE LTD,SINGAPORE,MUHAMMAD BIN QASIM/KARACH,PAKISTAN
2023,470200,ROYAL GOLDEN EAGLE,APRIL,FUTONG,RIAU,507,289769,ROYAL GOLDEN EAGLE,APRIL FAR EAST MALAYSIA SDN BHD,MALAYSIA,JIUJIANG,CHINA (MAINLAND)
2023,470200,ROYAL GOLDEN EAGLE,APRIL,FUTONG,RIAU,507,289767,ROYAL GOLDEN EAGLE,APRIL FAR EAST MALAYSIA SDN BHD,MALAYSIA,JIUJIANG,CHINA (MAINLAND)
2023,470329,MARUBENI,TANJUNG ENIM LESTARI,PANJANG,SUMATERA SELATAN,1017,469145,MARUBENI,MARUBENI CORP,JAPAN,YIBIN,CHINA (MAINLAND)
2023,470329,SINAR MAS,INDAH KIAT,PERAWANG,RIAU,500,208500,ADITYA BIRLA,CENTURY PULP AND PAPER,INDIA,KANDLA,INDIA
2023,470329,SINAR MAS,INDAH KIAT,PERAWANG,RIAU,500,208500,ADITYA BIRLA,CENTURY PULP AND PAPER,INDIA,KANDLA,INDIA
2023,470329,SINAR MAS,INDAH KIAT,PERAWANG,RIAU,500,208500,ADITYA BIRLA,CENTURY PULP AND PAPER,INDIA,KANDLA,INDIA
2023,470329,SINAR MAS,INDAH KIAT,PERAWANG,RIAU,500,208500,ADITYA BIRLA,CENTURY PULP AND PAPER,INDIA,KANDLA,INDIA
2023,470329,ROYAL GOLDEN EAGLE,APRIL,BUATAN,RIAU,502,193382,ROYAL GOLDEN EAGLE,APRIL INTERNATIONAL ENTEPRISE PTE LTD,SINGAPORE,MUHAMMAD BIN QASIM/KARACH,PAKISTAN
2023,470200,ROYAL GOLDEN EAGLE,APRIL,FUTONG,RIAU,507,290034,ROYAL GOLDEN EAGLE,APRIL FAR EAST MALAYSIA SDN BHD,MALAYSIA,JIUJIANG,CHINA (MAINLAND)
2023,470329,SINAR MAS,INDAH KIAT,PERAWANG,RIAU,500,208500,ADITYA BIRLA,CENTURY PULP AND PAPER,INDIA,KANDLA,INDIA
2023,470329,SINAR MAS,INDAH KIAT,PERAWANG,RIAU,500,208500,ADITYA BIRLA,CENTURY PULP AND PAPER,INDIA,KANDLA,INDIA
2023,470329,MARUBENI,TANJUNG ENIM LESTARI,PANJANG,SUMATERA SELATAN,108,50858,MARUBENI,MARUBENI CORP,JAPAN,ICD MIHAN,INDIA
2023,470329,SINAR MAS,INDAH KIAT,PERAWANG,RIAU,500,208500,ADITYA BIRLA,CENTURY PULP AND PAPER,INDIA,KANDLA,INDIA
2023,470329,SINAR MAS,INDAH KIAT,PERAWANG,RIAU,500,208500,ADITYA BIRLA,CENTURY PULP AND PAPER,INDIA,KANDLA,INDIA
2023,470329,SINAR MAS,INDAH KIAT,PERAWANG,RIAU,260,111566,NALAKA,NALAKA PAPER MILLS PVT LTD,SRI LANKA,COLOMBO,SRI LANKA
2023,470329,MARUBENI,TANJUNG ENIM LESTARI,PANJANG,SUMATERA SELATAN,106,50227,MARUBENI,MARUBENI CORP,JAPAN,ICD MIHAN,INDIA
2023,470329,SINAR MAS,INDAH KIAT,PERAWANG,RIAU,500,208500,ADITYA BIRLA,CENTURY PULP AND PAPER,INDIA,KANDLA,INDIA
2023,470329,SINAR MAS,INDAH KIAT,PERAWANG,RIAU,500,208500,ADITYA BIRLA,CENTURY PULP AND PAPER,INDIA,KANDLA,INDIA
2023,470200,ROYAL GOLDEN EAGLE,APRIL,FUTONG,RIAU,507,289775,ROYAL GOLDEN EAGLE,APRIL FAR EAST MALAYSIA SDN BHD,MALAYSIA,JIUJIANG,CHINA (MAINLAND)
2023,470329,SINAR MAS,INDAH KIAT,PERAWANG,RIAU,500,208500,ADITYA BIRLA,CENTURY PULP AND PAPER,INDIA,KANDLA,INDIA
2023,470329,SINAR MAS,INDAH KIAT,PERAWANG,RIAU,500,208500,ADITYA BIRLA,CENTURY PULP AND PAPER,INDIA,KANDLA,INDIA
2023,470329,MARUBENI,TANJUNG ENIM LESTARI,PANJANG,SUMATERA SELATAN,516,236333,MARUBENI,MARUBENI CORP,JAPAN,TAOYUAN,TAIWAN
2023,470329,SINAR MAS,INDAH KIAT,PERAWANG,RIAU,500,217650,LIPY,LIPY PAPER MILLS LTD,BANGLADESH,CHATTOGRAM,BANGLADESH
2023,470329,SINAR MAS,INDAH KIAT,PERAWANG,RIAU,200,87060,LIPY,LIPY PAPER MILLS LTD,BANGLADESH,CHATTOGRAM,BANGLADESH
2023,470329,SINAR MAS,INDAH KIAT,PERAWANG,RIAU,500,208500,ADITYA BIRLA,CENTURY PULP AND PAPER,INDIA,KANDLA,INDIA
2023,470329,SINAR MAS,INDAH KIAT,PERAWANG,RIAU,500,208500,ADITYA BIRLA,CENTURY PULP AND PAPER,INDIA,KANDLA,INDIA
2023,470329,SINAR MAS,INDAH KIAT,PERAWANG,RIAU,500,208500,ADITYA BIRLA,CENTURY PULP AND PAPER,INDIA,KANDLA,INDIA
2023,470200,ROYAL GOLDEN EAGLE,APRIL,FUTONG,RIAU,506,289605,ROYAL GOLDEN EAGLE,APRIL FAR EAST MALAYSIA SDN BHD,MALAYSIA,FUZHOU,CHINA (MAINLAND)
2023,470329,SINAR MAS,INDAH KIAT,PERAWANG,RIAU,500,208500,ADITYA BIRLA,CENTURY PULP AND PAPER,INDIA,KANDLA,INDIA
2023,470329,ROYAL GOLDEN EAGLE,APRIL,BUATAN,RIAU,503,193640,ROYAL GOLDEN EAGLE,APRIL INTERNATIONAL ENTEPRISE PTE LTD,SINGAPORE,CHATTOGRAM,BANGLADESH
2023,470200,ROYAL GOLDEN EAGLE,APRIL,FUTONG,RIAU,1014,580215,ROYAL GOLDEN EAGLE,APRIL FAR EAST MALAYSIA SDN BHD,MALAYSIA,JIUJIANG,CHINA (MAINLAND)
2023,470329,MARUBENI,TANJUNG ENIM LESTARI,PANJANG,SUMATERA SELATAN,513,239106,MARUBENI,MARUBENI CORP,JAPAN,LAT KRABANG,THAILAND
2023,470329,ROYAL GOLDEN EAGLE,APRIL,FUTONG,RIAU,3009,1158597,ROYAL GOLDEN EAGLE,APRIL INTERNATIONAL ENTEPRISE PTE LTD,SINGAPORE,GUNSAN (ES KUNSAN),SOUTH KOREA
2023,470329,ROYAL GOLDEN EAGLE,APRIL,FUTONG,RIAU,3516,1353536,ROYAL GOLDEN EAGLE,APRIL INTERNATIONAL ENTEPRISE PTE LTD,SINGAPORE,PYONGTAEK,SOUTH KOREA
2023,470329,ROYAL GOLDEN EAGLE,APRIL,BUATAN,RIAU,503,193545,ROYAL GOLDEN EAGLE,APRIL INTERNATIONAL ENTEPRISE PTE LTD,SINGAPORE,MUHAMMAD BIN QASIM/KARACH,PAKISTAN
2023,470329,ROYAL GOLDEN EAGLE,APRIL,BUATAN,RIAU,503,193463,ROYAL GOLDEN EAGLE,APRIL INTERNATIONAL ENTEPRISE PTE LTD,SINGAPORE,MUHAMMAD BIN QASIM/KARACH,PAKISTAN
2023,470329,ROYAL GOLDEN EAGLE,APRIL,BUATAN,RIAU,503,187289,ROYAL GOLDEN EAGLE,APRIL INTERNATIONAL ENTEPRISE PTE LTD,SINGAPORE,CHATTOGRAM,BANGLADESH
2023,470329,ROYAL GOLDEN EAGLE,APRIL,BUATAN,RIAU,201,77420,ROYAL GOLDEN EAGLE,APRIL INTERNATIONAL ENTEPRISE PTE LTD,SINGAPORE,JAWAHARLAL NEHRU (NHAVA S,INDIA
2023,470329,ROYAL GOLDEN EAGLE,APRIL,BUATAN,RIAU,503,187067,ROYAL GOLDEN EAGLE,APRIL INTERNATIONAL ENTEPRISE PTE LTD,SINGAPORE,ABU DHABI,NEW ZEALAND
2023,470329,ROYAL GOLDEN EAGLE,APRIL,FUTONG,RIAU,1556,599180,ROYAL GOLDEN EAGLE,APRIL FAR EAST MALAYSIA SDN BHD,MALAYSIA,IYOMISHIMA,JAPAN
2023,470200,ROYAL GOLDEN EAGLE,APRIL,FUTONG,RIAU,507,289733,ROYAL GOLDEN EAGLE,APRIL FAR EAST MALAYSIA SDN BHD,MALAYSIA,JIUJIANG,CHINA (MAINLAND)
2023,470329,ROYAL GOLDEN EAGLE,APRIL,BUATAN,RIAU,502,193420,ROYAL GOLDEN EAGLE,APRIL INTERNATIONAL ENTEPRISE PTE LTD,SINGAPORE,MUHAMMAD BIN QASIM/KARACH,PAKISTAN
2023,470200,ROYAL GOLDEN EAGLE,APRIL,BUATAN,RIAU,506,289623,ROYAL GOLDEN EAGLE,APRIL FAR EAST MALAYSIA SDN BHD,MALAYSIA,JIUJIANG,CHINA (MAINLAND)
2023,470329,ROYAL GOLDEN EAGLE,APRIL,BUATAN,RIAU,503,193526,ROYAL GOLDEN EAGLE,APRIL INTERNATIONAL ENTEPRISE PTE LTD,SINGAPORE,CHATTOGRAM,BANGLADESH
2023,470329,ROYAL GOLDEN EAGLE,APRIL,BUATAN,RIAU,763,283966,ROYAL GOLDEN EAGLE,APRIL INTERNATIONAL ENTEPRISE PTE LTD,SINGAPORE,CHATTOGRAM,BANGLADESH
2023,470329,ROYAL GOLDEN EAGLE,APRIL,BUATAN,RIAU,1,373265,ROYAL GOLDEN EAGLE,APRIL INTERNATIONAL ENTEPRISE PTE LTD,SINGAPORE,NINGBO,CHINA (MAINLAND)
2023,470200,ROYAL GOLDEN EAGLE,APRIL,BUATAN,RIAU,446,255119,ROYAL GOLDEN EAGLE,APRIL FAR EAST MALAYSIA SDN BHD,MALAYSIA,FUZHOU,CHINA (MAINLAND)
2023,470200,ROYAL GOLDEN EAGLE,APRIL,FUTONG,RIAU,1015,580587,ROYAL GOLDEN EAGLE,APRIL FAR EAST MALAYSIA SDN BHD,MALAYSIA,JIUJIANG,CHINA (MAINLAND)
2023,470329,ROYAL GOLDEN EAGLE,APRIL,BUATAN,RIAU,501,193008,ROYAL GOLDEN EAGLE,APRIL INTERNATIONAL ENTEPRISE PTE LTD,SINGAPORE,PAT BANGKOK,THAILAND
2023,470329,ROYAL GOLDEN EAGLE,APRIL,FUTONG,RIAU,501,186480,ROYAL GOLDEN EAGLE,APRIL INTERNATIONAL ENTEPRISE PTE LTD,SINGAPORE,KATHUWAS ICD/ALWAR,INDIA
2023,470200,ROYAL GOLDEN EAGLE,APRIL,FUTONG,RIAU,507,290084,ROYAL GOLDEN EAGLE,APRIL FAR EAST MALAYSIA SDN BHD,MALAYSIA,FUZHOU,CHINA (MAINLAND)
2023,470200,ROYAL GOLDEN EAGLE,APRIL,FUTONG,RIAU,285,162915,ROYAL GOLDEN EAGLE,APRIL FAR EAST MALAYSIA SDN BHD,MALAYSIA,LIANYUNGANG,CHINA (MAINLAND)
2023,470200,ROYAL GOLDEN EAGLE,APRIL,FUTONG,RIAU,1014,579810,ROYAL GOLDEN EAGLE,APRIL FAR EAST MALAYSIA SDN BHD,MALAYSIA,LIANYUNGANG,CHINA (MAINLAND)
2023,470200,ROYAL GOLDEN EAGLE,APRIL,FUTONG,RIAU,223,127420,ROYAL GOLDEN EAGLE,APRIL FAR EAST MALAYSIA SDN BHD,MALAYSIA,LIANYUNGANG,CHINA (MAINLAND)
2023,470200,ROYAL GOLDEN EAGLE,APRIL,FUTONG,RIAU,508,290346,ROYAL GOLDEN EAGLE,APRIL FAR EAST MALAYSIA SDN BHD,MALAYSIA,LIANYUNGANG,CHINA (MAINLAND)
2023,470200,ROYAL GOLDEN EAGLE,APRIL,BUATAN,RIAU,1015,580317,ROYAL GOLDEN EAGLE,APRIL FAR EAST MALAYSIA SDN BHD,MALAYSIA,FUZHOU,CHINA (MAINLAND)
2023,470200,ROYAL GOLDEN EAGLE,APRIL,FUTONG,RIAU,506,289715,ROYAL GOLDEN EAGLE,APRIL FAR EAST MALAYSIA SDN BHD,MALAYSIA,LIANYUNGANG,CHINA (MAINLAND)
2023,470200,ROYAL GOLDEN EAGLE,APRIL,FUTONG,RIAU,508,290476,ROYAL GOLDEN EAGLE,APRIL FAR EAST MALAYSIA SDN BHD,MALAYSIA,JIUJIANG,CHINA (MAINLAND)
2023,470329,ROYAL GOLDEN EAGLE,APRIL,BUATAN,RIAU,502,186627,ROYAL GOLDEN EAGLE,APRIL INTERNATIONAL ENTEPRISE PTE LTD,SINGAPORE,CHATTOGRAM,BANGLADESH
2023,470200,ROYAL GOLDEN EAGLE,APRIL,BUATAN,RIAU,203,115844,ROYAL GOLDEN EAGLE,APRIL FAR EAST MALAYSIA SDN BHD,MALAYSIA,JIUJIANG,CHINA (MAINLAND)
2023,470329,SINAR MAS,INDAH KIAT,PERAWANG,RIAU,500,222700,SATIA,SATIA INDUSTRIES LTD,INDIA,MUNDRA,INDIA
2023,470329,SINAR MAS,INDAH KIAT,PERAWANG,RIAU,500,209985,SINAR MAS,KING PAPER SOURCE TRADING (SHANGHAI) CO LTD,CHINA (MAINLAND),DAGANG,CHINA (MAINLAND)
2023,470329,SINAR MAS,INDAH KIAT,PERAWANG,RIAU,500,209985,SINAR MAS,KING PAPER SOURCE TRADING (SHANGHAI) CO LTD,CHINA (MAINLAND),DAGANG,CHINA (MAINLAND)
2023,470329,SINAR MAS,INDAH KIAT,PERAWANG,RIAU,500,207877,UNKNOWN AFFILIATION,TRUONG XUAN PAPER JOINT STOCK CO,VIETNAM,HAIPHONG,VIETNAM
2023,470329,SINAR MAS,INDAH KIAT,PERAWANG,RIAU,500,209985,SINAR MAS,KING PAPER SOURCE TRADING (SHANGHAI) CO LTD,CHINA (MAINLAND),DAGANG,CHINA (MAINLAND)
2023,470329,SINAR MAS,INDAH KIAT,PERAWANG,RIAU,500,209985,SINAR MAS,KING PAPER SOURCE TRADING (SHANGHAI) CO LTD,CHINA (MAINLAND),DAGANG,CHINA (MAINLAND)
2023,470329,SINAR MAS,INDAH KIAT,PERAWANG,RIAU,500,209985,SINAR MAS,KING PAPER SOURCE TRADING (SHANGHAI) CO LTD,CHINA (MAINLAND),DAGANG,CHINA (MAINLAND)
2023,470329,SINAR MAS,INDAH KIAT,PERAWANG,RIAU,500,209985,SINAR MAS,KING PAPER SOURCE TRADING (SHANGHAI) CO LTD,CHINA (MAINLAND),DAGANG,CHINA (MAINLAND)
2023,470329,SINAR MAS,INDAH KIAT,PERAWANG,RIAU,500,209985,SINAR MAS,KING PAPER SOURCE TRADING (SHANGHAI) CO LTD,CHINA (MAINLAND),DAGANG,CHINA (MAINLAND)
2023,470329,SINAR MAS,INDAH KIAT,PERAWANG,RIAU,500,209985,SINAR MAS,KING PAPER SOURCE TRADING (SHANGHAI) CO LTD,CHINA (MAINLAND),DAGANG,CHINA (MAINLAND)
2023,470329,SINAR MAS,INDAH KIAT,PERAWANG,RIAU,500,209985,SINAR MAS,KING PAPER SOURCE TRADING (SHANGHAI) CO LTD,CHINA (MAINLAND),DAGANG,CHINA (MAINLAND)
2023,470329,SINAR MAS,OKI,SULTAN MAHMUD BADARUDDIN (U),SUMATERA SELATAN,1000,419500,HONG WON,HONG WON PAPER MFG CO LTD,SOUTH KOREA,PYONGTAEK,SOUTH KOREA
2023,470329,SINAR MAS,OKI,SULTAN MAHMUD BADARUDDIN (U),SUMATERA SELATAN,1000,419500,HONG WON,HONG WON PAPER MFG CO LTD,SOUTH KOREA,PYONGTAEK,SOUTH KOREA
2023,470329,ROYAL GOLDEN EAGLE,APRIL,BUATAN,RIAU,201,74805,ROYAL GOLDEN EAGLE,APRIL INTERNATIONAL ENTEPRISE PTE LTD,SINGAPORE,JAWAHARLAL NEHRU (NHAVA S,INDIA
2023,470329,ROYAL GOLDEN EAGLE,APRIL,BUATAN,RIAU,503,187163,ROYAL GOLDEN EAGLE,APRIL INTERNATIONAL ENTEPRISE PTE LTD,SINGAPORE,JAWAHARLAL NEHRU (NHAVA S,INDIA
2023,470329,ROYAL GOLDEN EAGLE,APRIL,BUATAN,RIAU,201,74650,ROYAL GOLDEN EAGLE,APRIL INTERNATIONAL ENTEPRISE PTE LTD,SINGAPORE,ICD MIHAN,INDIA
2023,470200,ROYAL GOLDEN EAGLE,APRIL,BUATAN,RIAU,507,289960,ROYAL GOLDEN EAGLE,APRIL FAR EAST MALAYSIA SDN BHD,MALAYSIA,FUZHOU,CHINA (MAINLAND)
2023,470200,ROYAL GOLDEN EAGLE,APRIL,BUATAN,RIAU,506,289449,ROYAL GOLDEN EAGLE,APRIL FAR EAST MALAYSIA SDN BHD,MALAYSIA,JIUJIANG,CHINA (MAINLAND)
2023,470329,SINAR MAS,OKI,SULTAN MAHMUD BADARUDDIN (U),SUMATERA SELATAN,3000,1258500,UNKNOWN AFFILIATION,MSS PULP CO LTD,SOUTH KOREA,GUNSAN (ES KUNSAN),SOUTH KOREA
2023,470329,SINAR MAS,INDAH KIAT,PERAWANG,RIAU,500,209985,SINAR MAS,KING PAPER SOURCE TRADING (SHANGHAI) CO LTD,CHINA (MAINLAND),DAGANG,CHINA (MAINLAND)
2023,470329,SINAR MAS,INDAH KIAT,PERAWANG,RIAU,500,209985,SINAR MAS,KING PAPER SOURCE TRADING (SHANGHAI) CO LTD,CHINA (MAINLAND),DAGANG,CHINA (MAINLAND)
2023,470329,ROYAL GOLDEN EAGLE,APRIL,BUATAN,RIAU,402,149483,ROYAL GOLDEN EAGLE,APRIL INTERNATIONAL ENTEPRISE PTE LTD,SINGAPORE,CAT LAI,VIETNAM
2023,470329,SINAR MAS,INDAH KIAT,PERAWANG,RIAU,500,215510,SINAR MAS,KING PAPER SOURCE TRADING (SHANGHAI) CO LTD,CHINA (MAINLAND),QINZHOU,CHINA (MAINLAND)
2023,470329,SINAR MAS,INDAH KIAT,PERAWANG,RIAU,500,209985,SINAR MAS,KING PAPER SOURCE TRADING (SHANGHAI) CO LTD,CHINA (MAINLAND),DAGANG,CHINA (MAINLAND)
2023,470329,SINAR MAS,INDAH KIAT,PERAWANG,RIAU,500,209985,SINAR MAS,KING PAPER SOURCE TRADING (SHANGHAI) CO LTD,CHINA (MAINLAND),DAGANG,CHINA (MAINLAND)
2023,470329,SINAR MAS,OKI,SULTAN MAHMUD BADARUDDIN (U),SUMATERA SELATAN,1000,419500,HONG WON,HONG WON PAPER MFG CO LTD,SOUTH KOREA,PYONGTAEK,SOUTH KOREA
2023,470329,ROYAL GOLDEN EAGLE,APRIL,BUATAN,RIAU,312,116001,ROYAL GOLDEN EAGLE,APRIL INTERNATIONAL ENTEPRISE PTE LTD,SINGAPORE,CAT LAI,VIETNAM
2023,470329,SINAR MAS,INDAH KIAT,PERAWANG,RIAU,500,207877,UNKNOWN AFFILIATION,TRUONG XUAN PAPER JOINT STOCK CO,VIETNAM,HAIPHONG,VIETNAM
2023,470329,SINAR MAS,INDAH KIAT,PERAWANG,RIAU,500,209985,SINAR MAS,KING PAPER SOURCE TRADING (SHANGHAI) CO LTD,CHINA (MAINLAND),DAGANG,CHINA (MAINLAND)
2023,470329,SINAR MAS,INDAH KIAT,PERAWANG,RIAU,100,42900,UNKNOWN AFFILIATION,FARIAA TRADING CORPORATION,PAKISTAN,KARACHI,PAKISTAN
2023,470329,ROYAL GOLDEN EAGLE,APRIL,BUATAN,RIAU,101,37438,ROYAL GOLDEN EAGLE,APRIL INTERNATIONAL ENTEPRISE PTE LTD,SINGAPORE,LUDHIANA,INDIA
2023,470200,ROYAL GOLDEN EAGLE,APRIL,BUATAN,RIAU,527,301171,ROYAL GOLDEN EAGLE,APRIL FAR EAST MALAYSIA SDN BHD,MALAYSIA,JIUJIANG,CHINA (MAINLAND)
2023,470329,SINAR MAS,INDAH KIAT,PERAWANG,RIAU,300,125481,UNKNOWN AFFILIATION,NEW TOYO PULPPY (VIETNAM) CO LTD,VIETNAM,CAT LAI,VIETNAM
2023,470329,SINAR MAS,OKI,SULTAN MAHMUD BADARUDDIN (U),SUMATERA SELATAN,3000,1258500,UNKNOWN AFFILIATION,MSS PULP CO LTD,SOUTH KOREA,GUNSAN (ES KUNSAN),SOUTH KOREA
2023,470329,SINAR MAS,INDAH KIAT,PERAWANG,RIAU,500,209985,SINAR MAS,KING PAPER SOURCE TRADING (SHANGHAI) CO LTD,CHINA (MAINLAND),DAGANG,CHINA (MAINLAND)
2023,470329,SINAR MAS,INDAH KIAT,PERAWANG,RIAU,500,209985,SINAR MAS,KING PAPER SOURCE TRADING (SHANGHAI) CO LTD,CHINA (MAINLAND),DAGANG,CHINA (MAINLAND)
2023,470329,SINAR MAS,INDAH KIAT,PERAWANG,RIAU,500,209985,SINAR MAS,KING PAPER SOURCE TRADING (SHANGHAI) CO LTD,CHINA (MAINLAND),DAGANG,CHINA (MAINLAND)
2023,470329,ROYAL GOLDEN EAGLE,APRIL,BUATAN,RIAU,503,186932,ROYAL GOLDEN EAGLE,APRIL INTERNATIONAL ENTEPRISE PTE LTD,SINGAPORE,CHATTOGRAM,BANGLADESH
2023,470329,ROYAL GOLDEN EAGLE,APRIL,BUATAN,RIAU,101,37414,ROYAL GOLDEN EAGLE,APRIL INTERNATIONAL ENTEPRISE PTE LTD,SINGAPORE,LUDHIANA,INDIA
2023,470329,SINAR MAS,INDAH KIAT,PERAWANG,RIAU,500,209985,SINAR MAS,KING PAPER SOURCE TRADING (SHANGHAI) CO LTD,CHINA (MAINLAND),DAGANG,CHINA (MAINLAND)
2023,470329,SINAR MAS,INDAH KIAT,PERAWANG,RIAU,500,209985,SINAR MAS,KING PAPER SOURCE TRADING (SHANGHAI) CO LTD,CHINA (MAINLAND),DAGANG,CHINA (MAINLAND)
2023,470329,SINAR MAS,INDAH KIAT,PERAWANG,RIAU,500,209985,SINAR MAS,KING PAPER SOURCE TRADING (SHANGHAI) CO LTD,CHINA (MAINLAND),DAGANG,CHINA (MAINLAND)
2023,470329,ROYAL GOLDEN EAGLE,APRIL,BUATAN,RIAU,1003,373259,ROYAL GOLDEN EAGLE,APRIL INTERNATIONAL ENTEPRISE PTE LTD,SINGAPORE,NINGBO,CHINA (MAINLAND)
2023,470329,SINAR MAS,INDAH KIAT,PERAWANG,RIAU,240,107884,UNKNOWN AFFILIATION,MEDITERRANEAN PAPER CO,EGYPT,EL DEKHEILA,EGYPT
2023,470329,MARUBENI,TANJUNG ENIM LESTARI,PANJANG,SUMATERA SELATAN,152,70631,MARUBENI,MARUBENI CORP,JAPAN,JAWAHARLAL NEHRU (NHAVA S,INDIA
2023,470200,ROYAL GOLDEN EAGLE,APRIL,BUATAN,RIAU,1013,579225,ROYAL GOLDEN EAGLE,APRIL FAR EAST MALAYSIA SDN BHD,MALAYSIA,FUZHOU,CHINA (MAINLAND)
2023,470200,ROYAL GOLDEN EAGLE,APRIL,BUATAN,RIAU,790,451916,ROYAL GOLDEN EAGLE,APRIL FAR EAST MALAYSIA SDN BHD,MALAYSIA,JIUJIANG,CHINA (MAINLAND)
2023,470329,MARUBENI,TANJUNG ENIM LESTARI,PANJANG,SUMATERA SELATAN,110,51375,MARUBENI,MARUBENI CORP,JAPAN,ICD MIHAN,INDIA
2023,470329,SINAR MAS,INDAH KIAT,PERAWANG,RIAU,900,384093,BJC,BERLI JUCKER CELLOX LTD,THAILAND,LAT KRABANG,THAILAND
2023,470329,ROYAL GOLDEN EAGLE,APRIL,BUATAN,RIAU,503,186941,ROYAL GOLDEN EAGLE,APRIL INTERNATIONAL ENTEPRISE PTE LTD,SINGAPORE,HAIPHONG,VIETNAM
2023,470200,ROYAL GOLDEN EAGLE,APRIL,BUATAN,RIAU,1034,591336,ROYAL GOLDEN EAGLE,APRIL FAR EAST MALAYSIA SDN BHD,MALAYSIA,JIUJIANG,CHINA (MAINLAND)
2023,470329,SINAR MAS,INDAH KIAT,PERAWANG,RIAU,500,211500,SINAR MAS,SHANDONG BOHUI PAPER INDUSTRY CO LTD,CHINA (MAINLAND),QINGDAO,CHINA (MAINLAND)
2023,470329,SINAR MAS,INDAH KIAT,PERAWANG,RIAU,500,211500,SINAR MAS,SHANDONG BOHUI PAPER INDUSTRY CO LTD,CHINA (MAINLAND),QINGDAO,CHINA (MAINLAND)
2023,470329,SINAR MAS,OKI,SULTAN MAHMUD BADARUDDIN (U),SUMATERA SELATAN,500,211350,SINAR MAS,KING PAPER SOURCE TRADING (SHANGHAI) CO LTD,CHINA (MAINLAND),ZHENJIANG,CHINA (MAINLAND)
2023,470329,SINAR MAS,OKI,SULTAN MAHMUD BADARUDDIN (U),SUMATERA SELATAN,500,211350,SINAR MAS,KING PAPER SOURCE TRADING (SHANGHAI) CO LTD,CHINA (MAINLAND),ZHENJIANG,CHINA (MAINLAND)
2023,470329,SINAR MAS,OKI,SULTAN MAHMUD BADARUDDIN (U),SUMATERA SELATAN,500,211350,SINAR MAS,KING PAPER SOURCE TRADING (SHANGHAI) CO LTD,CHINA (MAINLAND),ZHENJIANG,CHINA (MAINLAND)
2023,470329,SINAR MAS,INDAH KIAT,PERAWANG,RIAU,500,209985,SINAR MAS,KING PAPER SOURCE TRADING (SHANGHAI) CO LTD,CHINA (MAINLAND),QINZHOU,CHINA (MAINLAND)
2023,470329,SINAR MAS,INDAH KIAT,PERAWANG,RIAU,500,209985,SINAR MAS,KING PAPER SOURCE TRADING (SHANGHAI) CO LTD,CHINA (MAINLAND),QINZHOU,CHINA (MAINLAND)
2023,470329,SINAR MAS,OKI,SULTAN MAHMUD BADARUDDIN (U),SUMATERA SELATAN,500,211350,SINAR MAS,JIANGSU BOHUI PAPER INDUSTRY CO LTD.,CHINA (MAINLAND),CHANGSHU,CHINA (MAINLAND)
2023,470329,SINAR MAS,OKI,SULTAN MAHMUD BADARUDDIN (U),SUMATERA SELATAN,500,211350,SINAR MAS,JIANGSU BOHUI PAPER INDUSTRY CO LTD.,CHINA (MAINLAND),CHANGSHU,CHINA (MAINLAND)
2023,470329,SINAR MAS,OKI,SULTAN MAHMUD BADARUDDIN (U),SUMATERA SELATAN,500,211350,SINAR MAS,JIANGSU BOHUI PAPER INDUSTRY CO LTD.,CHINA (MAINLAND),CHANGSHU,CHINA (MAINLAND)
2023,470329,ROYAL GOLDEN EAGLE,APRIL,BUATAN,RIAU,1004,373549,ROYAL GOLDEN EAGLE,APRIL INTERNATIONAL ENTEPRISE PTE LTD,SINGAPORE,CHATTOGRAM,BANGLADESH
2023,470329,SINAR MAS,INDAH KIAT,PERAWANG,RIAU,500,211500,SINAR MAS,SHANDONG BOHUI PAPER INDUSTRY CO LTD,CHINA (MAINLAND),QINGDAO,CHINA (MAINLAND)
2023,470329,SINAR MAS,INDAH KIAT,PERAWANG,RIAU,500,211500,SINAR MAS,SHANDONG BOHUI PAPER INDUSTRY CO LTD,CHINA (MAINLAND),QINGDAO,CHINA (MAINLAND)
2023,470329,SINAR MAS,INDAH KIAT,PERAWANG,RIAU,500,211500,SINAR MAS,SHANDONG BOHUI PAPER INDUSTRY CO LTD,CHINA (MAINLAND),QINGDAO,CHINA (MAINLAND)
2023,470329,SINAR MAS,INDAH KIAT,PERAWANG,RIAU,500,211500,SINAR MAS,SHANDONG BOHUI PAPER INDUSTRY CO LTD,CHINA (MAINLAND),QINGDAO,CHINA (MAINLAND)
2023,470329,SINAR MAS,OKI,SULTAN MAHMUD BADARUDDIN (U),SUMATERA SELATAN,500,211350,SINAR MAS,KING PAPER SOURCE TRADING (SHANGHAI) CO LTD,CHINA (MAINLAND),ZHENJIANG,CHINA (MAINLAND)
2023,470329,SINAR MAS,INDAH KIAT,PERAWANG,RIAU,500,211500,SINAR MAS,SHANDONG BOHUI PAPER INDUSTRY CO LTD,CHINA (MAINLAND),QINGDAO,CHINA (MAINLAND)
2023,470329,SINAR MAS,OKI,SULTAN MAHMUD BADARUDDIN (U),SUMATERA SELATAN,500,211350,SINAR MAS,KING PAPER SOURCE TRADING (SHANGHAI) CO LTD,CHINA (MAINLAND),ZHENJIANG,CHINA (MAINLAND)
2023,470329,SINAR MAS,OKI,SULTAN MAHMUD BADARUDDIN (U),SUMATERA SELATAN,500,211350,SINAR MAS,KING PAPER SOURCE TRADING (SHANGHAI) CO LTD,CHINA (MAINLAND),ZHENJIANG,CHINA (MAINLAND)
2023,470329,SINAR MAS,OKI,SULTAN MAHMUD BADARUDDIN (U),SUMATERA SELATAN,500,211350,SINAR MAS,KING PAPER SOURCE TRADING (SHANGHAI) CO LTD,CHINA (MAINLAND),ZHENJIANG,CHINA (MAINLAND)
2023,470329,SINAR MAS,OKI,SULTAN MAHMUD BADARUDDIN (U),SUMATERA SELATAN,500,211350,SINAR MAS,KING PAPER SOURCE TRADING (SHANGHAI) CO LTD,CHINA (MAINLAND),ZHENJIANG,CHINA (MAINLAND)
2023,470329,SINAR MAS,OKI,SULTAN MAHMUD BADARUDDIN (U),SUMATERA SELATAN,500,211350,SINAR MAS,JIANGSU BOHUI PAPER INDUSTRY CO LTD.,CHINA (MAINLAND),CHANGSHU,CHINA (MAINLAND)
2023,470329,SINAR MAS,OKI,SULTAN MAHMUD BADARUDDIN (U),SUMATERA SELATAN,500,211350,SINAR MAS,KING PAPER SOURCE TRADING (SHANGHAI) CO LTD,CHINA (MAINLAND),ZHENJIANG,CHINA (MAINLAND)
2023,470329,SINAR MAS,OKI,SULTAN MAHMUD BADARUDDIN (U),SUMATERA SELATAN,500,211350,SINAR MAS,JIANGSU BOHUI PAPER INDUSTRY CO LTD.,CHINA (MAINLAND),CHANGSHU,CHINA (MAINLAND)
2023,470329,SINAR MAS,OKI,SULTAN MAHMUD BADARUDDIN (U),SUMATERA SELATAN,500,211350,SINAR MAS,KING PAPER SOURCE TRADING (SHANGHAI) CO LTD,CHINA (MAINLAND),ZHENJIANG,CHINA (MAINLAND)
2023,470329,SINAR MAS,OKI,SULTAN MAHMUD BADARUDDIN (U),SUMATERA SELATAN,500,209438,XIANMEN C&D,HONG KONG PAPER SOURCES CO LTD,CHINA (HONG KONG),XIAMEN,CHINA (MAINLAND)
2023,470329,SINAR MAS,OKI,SULTAN MAHMUD BADARUDDIN (U),SUMATERA SELATAN,500,211350,SINAR MAS,KING PAPER SOURCE TRADING (SHANGHAI) CO LTD,CHINA (MAINLAND),ZHENJIANG,CHINA (MAINLAND)
2023,470329,SINAR MAS,INDAH KIAT,PERAWANG,RIAU,500,209985,SINAR MAS,KING PAPER SOURCE TRADING (SHANGHAI) CO LTD,CHINA (MAINLAND),QINZHOU,CHINA (MAINLAND)
2023,470329,SINAR MAS,OKI,SULTAN MAHMUD BADARUDDIN (U),SUMATERA SELATAN,500,211350,SINAR MAS,JIANGSU BOHUI PAPER INDUSTRY CO LTD.,CHINA (MAINLAND),CHANGSHU,CHINA (MAINLAND)
2023,470329,SINAR MAS,OKI,SULTAN MAHMUD BADARUDDIN (U),SUMATERA SELATAN,500,211350,SINAR MAS,JIANGSU BOHUI PAPER INDUSTRY CO LTD.,CHINA (MAINLAND),CHANGSHU,CHINA (MAINLAND)
2023,470329,SINAR MAS,OKI,SULTAN MAHMUD BADARUDDIN (U),SUMATERA SELATAN,1050,439819,XIANMEN C&D,HONG KONG PAPER SOURCES CO LTD,CHINA (HONG KONG),XIAMEN,CHINA (MAINLAND)
2023,470329,SINAR MAS,OKI,SULTAN MAHMUD BADARUDDIN (U),SUMATERA SELATAN,500,209438,XIANMEN C&D,HONG KONG PAPER SOURCES CO LTD,CHINA (HONG KONG),XIAMEN,CHINA (MAINLAND)
2023,470200,ROYAL GOLDEN EAGLE,APRIL,BUATAN,RIAU,507,290039,ROYAL GOLDEN EAGLE,APRIL FAR EAST MALAYSIA SDN BHD,MALAYSIA,JIUJIANG,CHINA (MAINLAND)
2023,470329,SINAR MAS,INDAH KIAT,PERAWANG,RIAU,500,211500,SINAR MAS,SHANDONG BOHUI PAPER INDUSTRY CO LTD,CHINA (MAINLAND),QINGDAO,CHINA (MAINLAND)
2023,470329,SINAR MAS,INDAH KIAT,PERAWANG,RIAU,500,211500,SINAR MAS,SHANDONG BOHUI PAPER INDUSTRY CO LTD,CHINA (MAINLAND),QINGDAO,CHINA (MAINLAND)
2023,470329,SINAR MAS,INDAH KIAT,PERAWANG,RIAU,500,211500,SINAR MAS,SHANDONG BOHUI PAPER INDUSTRY CO LTD,CHINA (MAINLAND),QINGDAO,CHINA (MAINLAND)
2023,470329,SINAR MAS,OKI,SULTAN MAHMUD BADARUDDIN (U),SUMATERA SELATAN,500,211350,SINAR MAS,KING PAPER SOURCE TRADING (SHANGHAI) CO LTD,CHINA (MAINLAND),ZHENJIANG,CHINA (MAINLAND)
2023,470329,SINAR MAS,OKI,SULTAN MAHMUD BADARUDDIN (U),SUMATERA SELATAN,500,211350,SINAR MAS,KING PAPER SOURCE TRADING (SHANGHAI) CO LTD,CHINA (MAINLAND),ZHENJIANG,CHINA (MAINLAND)
2023,470329,SINAR MAS,OKI,SULTAN MAHMUD BADARUDDIN (U),SUMATERA SELATAN,500,211350,SINAR MAS,KING PAPER SOURCE TRADING (SHANGHAI) CO LTD,CHINA (MAINLAND),ZHENJIANG,CHINA (MAINLAND)
2023,470329,SINAR MAS,OKI,SULTAN MAHMUD BADARUDDIN (U),SUMATERA SELATAN,500,211350,SINAR MAS,KING PAPER SOURCE TRADING (SHANGHAI) CO LTD,CHINA (MAINLAND),ZHENJIANG,CHINA (MAINLAND)
2023,470329,SINAR MAS,INDAH KIAT,PERAWANG,RIAU,500,209985,SINAR MAS,KING PAPER SOURCE TRADING (SHANGHAI) CO LTD,CHINA (MAINLAND),QINZHOU,CHINA (MAINLAND)
2023,470329,SINAR MAS,INDAH KIAT,PERAWANG,RIAU,500,209985,SINAR MAS,KING PAPER SOURCE TRADING (SHANGHAI) CO LTD,CHINA (MAINLAND),QINZHOU,CHINA (MAINLAND)
2023,470329,SINAR MAS,OKI,SULTAN MAHMUD BADARUDDIN (U),SUMATERA SELATAN,500,211350,SINAR MAS,JIANGSU BOHUI PAPER INDUSTRY CO LTD.,CHINA (MAINLAND),CHANGSHU,CHINA (MAINLAND)
2023,470329,SINAR MAS,OKI,SULTAN MAHMUD BADARUDDIN (U),SUMATERA SELATAN,950,397932,XIANMEN C&D,HONG KONG PAPER SOURCES CO LTD,CHINA (HONG KONG),XIAMEN,CHINA (MAINLAND)
2023,470329,SINAR MAS,OKI,SULTAN MAHMUD BADARUDDIN (U),SUMATERA SELATAN,500,211350,SINAR MAS,KING PAPER SOURCE TRADING (SHANGHAI) CO LTD,CHINA (MAINLAND),ZHENJIANG,CHINA (MAINLAND)
2023,470329,SINAR MAS,OKI,SULTAN MAHMUD BADARUDDIN (U),SUMATERA SELATAN,500,211350,SINAR MAS,KING PAPER SOURCE TRADING (SHANGHAI) CO LTD,CHINA (MAINLAND),ZHENJIANG,CHINA (MAINLAND)
2023,470329,SINAR MAS,OKI,SULTAN MAHMUD BADARUDDIN (U),SUMATERA SELATAN,500,211350,SINAR MAS,KING PAPER SOURCE TRADING (SHANGHAI) CO LTD,CHINA (MAINLAND),ZHENJIANG,CHINA (MAINLAND)
2023,470329,SINAR MAS,OKI,SULTAN MAHMUD BADARUDDIN (U),SUMATERA SELATAN,500,211350,SINAR MAS,KING PAPER SOURCE TRADING (SHANGHAI) CO LTD,CHINA (MAINLAND),ZHENJIANG,CHINA (MAINLAND)
2023,470329,SINAR MAS,OKI,SULTAN MAHMUD BADARUDDIN (U),SUMATERA SELATAN,400,169080,SINAR MAS,KING PAPER SOURCE TRADING (SHANGHAI) CO LTD,CHINA (MAINLAND),ZHENJIANG,CHINA (MAINLAND)
2023,470329,SINAR MAS,INDAH KIAT,PERAWANG,RIAU,500,211500,SINAR MAS,SHANDONG BOHUI PAPER INDUSTRY CO LTD,CHINA (MAINLAND),QINGDAO,CHINA (MAINLAND)
2023,470329,SINAR MAS,OKI,SULTAN MAHMUD BADARUDDIN (U),SUMATERA SELATAN,500,211350,SINAR MAS,JIANGSU BOHUI PAPER INDUSTRY CO LTD.,CHINA (MAINLAND),CHANGSHU,CHINA (MAINLAND)
2023,470329,SINAR MAS,INDAH KIAT,PERAWANG,RIAU,500,211500,SINAR MAS,SHANDONG BOHUI PAPER INDUSTRY CO LTD,CHINA (MAINLAND),QINGDAO,CHINA (MAINLAND)
2023,470329,SINAR MAS,OKI,SULTAN MAHMUD BADARUDDIN (U),SUMATERA SELATAN,500,211350,SINAR MAS,JIANGSU BOHUI PAPER INDUSTRY CO LTD.,CHINA (MAINLAND),CHANGSHU,CHINA (MAINLAND)
2023,470329,SINAR MAS,INDAH KIAT,PERAWANG,RIAU,500,211500,SINAR MAS,SHANDONG BOHUI PAPER INDUSTRY CO LTD,CHINA (MAINLAND),QINGDAO,CHINA (MAINLAND)
2023,470329,SINAR MAS,OKI,SULTAN MAHMUD BADARUDDIN (U),SUMATERA SELATAN,500,211350,SINAR MAS,JIANGSU BOHUI PAPER INDUSTRY CO LTD.,CHINA (MAINLAND),CHANGSHU,CHINA (MAINLAND)
2023,470329,SINAR MAS,INDAH KIAT,PERAWANG,RIAU,500,211500,SINAR MAS,SHANDONG BOHUI PAPER INDUSTRY CO LTD,CHINA (MAINLAND),QINGDAO,CHINA (MAINLAND)
2023,470329,SINAR MAS,OKI,SULTAN MAHMUD BADARUDDIN (U),SUMATERA SELATAN,1000,418875,XIANMEN C&D,HONG KONG PAPER SOURCES CO LTD,CHINA (HONG KONG),XIAMEN,CHINA (MAINLAND)
2023,470329,SINAR MAS,INDAH KIAT,PERAWANG,RIAU,500,211500,SINAR MAS,SHANDONG BOHUI PAPER INDUSTRY CO LTD,CHINA (MAINLAND),QINGDAO,CHINA (MAINLAND)
2023,470329,SINAR MAS,OKI,SULTAN MAHMUD BADARUDDIN (U),SUMATERA SELATAN,500,211350,SINAR MAS,KING PAPER SOURCE TRADING (SHANGHAI) CO LTD,CHINA (MAINLAND),ZHENJIANG,CHINA (MAINLAND)
2023,470329,SINAR MAS,OKI,SULTAN MAHMUD BADARUDDIN (U),SUMATERA SELATAN,500,211350,SINAR MAS,KING PAPER SOURCE TRADING (SHANGHAI) CO LTD,CHINA (MAINLAND),ZHENJIANG,CHINA (MAINLAND)
2023,470329,SINAR MAS,OKI,SULTAN MAHMUD BADARUDDIN (U),SUMATERA SELATAN,500,211350,SINAR MAS,KING PAPER SOURCE TRADING (SHANGHAI) CO LTD,CHINA (MAINLAND),ZHENJIANG,CHINA (MAINLAND)
2023,470329,SINAR MAS,OKI,SULTAN MAHMUD BADARUDDIN (U),SUMATERA SELATAN,500,211350,SINAR MAS,KING PAPER SOURCE TRADING (SHANGHAI) CO LTD,CHINA (MAINLAND),ZHENJIANG,CHINA (MAINLAND)
2023,470329,SINAR MAS,OKI,SULTAN MAHMUD BADARUDDIN (U),SUMATERA SELATAN,500,211350,SINAR MAS,JIANGSU BOHUI PAPER INDUSTRY CO LTD.,CHINA (MAINLAND),CHANGSHU,CHINA (MAINLAND)
2023,470329,SINAR MAS,OKI,SULTAN MAHMUD BADARUDDIN (U),SUMATERA SELATAN,500,209438,XIANMEN C&D,HONG KONG PAPER SOURCES CO LTD,CHINA (HONG KONG),XIAMEN,CHINA (MAINLAND)
2023,470329,SINAR MAS,INDAH KIAT,PERAWANG,RIAU,500,211500,SINAR MAS,SHANDONG BOHUI PAPER INDUSTRY CO LTD,CHINA (MAINLAND),QINGDAO,CHINA (MAINLAND)
2023,470329,SINAR MAS,INDAH KIAT,PERAWANG,RIAU,500,211500,SINAR MAS,SHANDONG BOHUI PAPER INDUSTRY CO LTD,CHINA (MAINLAND),QINGDAO,CHINA (MAINLAND)
2023,470329,SINAR MAS,INDAH KIAT,PERAWANG,RIAU,500,211500,SINAR MAS,SHANDONG BOHUI PAPER INDUSTRY CO LTD,CHINA (MAINLAND),QINGDAO,CHINA (MAINLAND)
2023,470329,SINAR MAS,OKI,SULTAN MAHMUD BADARUDDIN (U),SUMATERA SELATAN,500,211350,SINAR MAS,KING PAPER SOURCE TRADING (SHANGHAI) CO LTD,CHINA (MAINLAND),ZHENJIANG,CHINA (MAINLAND)
2023,470329,SINAR MAS,OKI,SULTAN MAHMUD BADARUDDIN (U),SUMATERA SELATAN,500,211350,SINAR MAS,KING PAPER SOURCE TRADING (SHANGHAI) CO LTD,CHINA (MAINLAND),ZHENJIANG,CHINA (MAINLAND)
2023,470329,SINAR MAS,INDAH KIAT,PERAWANG,RIAU,500,209985,SINAR MAS,KING PAPER SOURCE TRADING (SHANGHAI) CO LTD,CHINA (MAINLAND),QINZHOU,CHINA (MAINLAND)
2023,470329,SINAR MAS,INDAH KIAT,PERAWANG,RIAU,500,209985,SINAR MAS,KING PAPER SOURCE TRADING (SHANGHAI) CO LTD,CHINA (MAINLAND),QINZHOU,CHINA (MAINLAND)
2023,470329,SINAR MAS,OKI,SULTAN MAHMUD BADARUDDIN (U),SUMATERA SELATAN,500,211350,SINAR MAS,JIANGSU BOHUI PAPER INDUSTRY CO LTD.,CHINA (MAINLAND),CHANGSHU,CHINA (MAINLAND)
2023,470329,SINAR MAS,OKI,SULTAN MAHMUD BADARUDDIN (U),SUMATERA SELATAN,500,211350,SINAR MAS,JIANGSU BOHUI PAPER INDUSTRY CO LTD.,CHINA (MAINLAND),CHANGSHU,CHINA (MAINLAND)
2023,470329,SINAR MAS,OKI,SULTAN MAHMUD BADARUDDIN (U),SUMATERA SELATAN,500,211350,SINAR MAS,JIANGSU BOHUI PAPER INDUSTRY CO LTD.,CHINA (MAINLAND),CHANGSHU,CHINA (MAINLAND)
2023,470329,SINAR MAS,INDAH KIAT,PERAWANG,RIAU,500,211500,SINAR MAS,SHANDONG BOHUI PAPER INDUSTRY CO LTD,CHINA (MAINLAND),QINGDAO,CHINA (MAINLAND)
2023,470329,SINAR MAS,INDAH KIAT,PERAWANG,RIAU,500,211500,SINAR MAS,SHANDONG BOHUI PAPER INDUSTRY CO LTD,CHINA (MAINLAND),QINGDAO,CHINA (MAINLAND)
2023,470329,SINAR MAS,INDAH KIAT,PERAWANG,RIAU,500,211500,SINAR MAS,SHANDONG BOHUI PAPER INDUSTRY CO LTD,CHINA (MAINLAND),QINGDAO,CHINA (MAINLAND)
2023,470329,SINAR MAS,INDAH KIAT,PERAWANG,RIAU,500,211500,SINAR MAS,SHANDONG BOHUI PAPER INDUSTRY CO LTD,CHINA (MAINLAND),QINGDAO,CHINA (MAINLAND)
2023,470329,SINAR MAS,INDAH KIAT,PERAWANG,RIAU,500,211500,SINAR MAS,SHANDONG BOHUI PAPER INDUSTRY CO LTD,CHINA (MAINLAND),QINGDAO,CHINA (MAINLAND)
2023,470329,SINAR MAS,INDAH KIAT,PERAWANG,RIAU,500,211500,SINAR MAS,SHANDONG BOHUI PAPER INDUSTRY CO LTD,CHINA (MAINLAND),QINGDAO,CHINA (MAINLAND)
2023,470329,SINAR MAS,OKI,SULTAN MAHMUD BADARUDDIN (U),SUMATERA SELATAN,500,211350,SINAR MAS,KING PAPER SOURCE TRADING (SHANGHAI) CO LTD,CHINA (MAINLAND),ZHENJIANG,CHINA (MAINLAND)
2023,470329,SINAR MAS,OKI,SULTAN MAHMUD BADARUDDIN (U),SUMATERA SELATAN,500,211350,SINAR MAS,KING PAPER SOURCE TRADING (SHANGHAI) CO LTD,CHINA (MAINLAND),ZHENJIANG,CHINA (MAINLAND)
2023,470329,SINAR MAS,OKI,SULTAN MAHMUD BADARUDDIN (U),SUMATERA SELATAN,500,211350,SINAR MAS,KING PAPER SOURCE TRADING (SHANGHAI) CO LTD,CHINA (MAINLAND),ZHENJIANG,CHINA (MAINLAND)
2023,470329,SINAR MAS,INDAH KIAT,PERAWANG,RIAU,500,208872,UNKNOWN AFFILIATION,NIBONG TEBAL PAPER MILL SDN BHD,MALAYSIA,PENANG (GEORGETOWN),MALAYSIA
2023,470329,SINAR MAS,OKI,SULTAN MAHMUD BADARUDDIN (U),SUMATERA SELATAN,500,212100,SINAR MAS,KING PAPER SOURCE TRADING (SHANGHAI) CO LTD,CHINA (MAINLAND),ZHENJIANG,CHINA (MAINLAND)
2023,470329,SINAR MAS,INDAH KIAT,PERAWANG,RIAU,500,215275,CREATIVE,CREATIVE PAPER MILLS LTD,BANGLADESH,CHATTOGRAM,BANGLADESH
2023,470329,ROYAL GOLDEN EAGLE,APRIL,FUTONG,RIAU,1004,373485,ROYAL GOLDEN EAGLE,APRIL INTERNATIONAL ENTEPRISE PTE LTD,SINGAPORE,HAIPHONG,VIETNAM
2023,470329,SINAR MAS,OKI,SULTAN MAHMUD BADARUDDIN (U),SUMATERA SELATAN,500,212100,SINAR MAS,KING PAPER SOURCE TRADING (SHANGHAI) CO LTD,CHINA (MAINLAND),ZHENJIANG,CHINA (MAINLAND)
2023,470329,ROYAL GOLDEN EAGLE,APRIL,FUTONG,RIAU,4012,1492507,ROYAL GOLDEN EAGLE,APRIL INTERNATIONAL ENTEPRISE PTE LTD,SINGAPORE,ZHANJIANG,CHINA (MAINLAND)
2023,470329,SINAR MAS,INDAH KIAT,PERAWANG,RIAU,500,222700,SATIA,SATIA INDUSTRIES LTD,INDIA,MUNDRA,INDIA
2023,470329,SINAR MAS,OKI,SULTAN MAHMUD BADARUDDIN (U),SUMATERA SELATAN,300,127260,SINAR MAS,KING PAPER SOURCE TRADING (SHANGHAI) CO LTD,CHINA (MAINLAND),ZHENJIANG,CHINA (MAINLAND)
2023,470329,ROYAL GOLDEN EAGLE,APRIL,BUATAN,RIAU,301,112051,ROYAL GOLDEN EAGLE,APRIL INTERNATIONAL ENTEPRISE PTE LTD,SINGAPORE,KATHUWAS ICD/ALWAR,INDIA
2023,470329,ROYAL GOLDEN EAGLE,APRIL,FUTONG,RIAU,6189,2302288,ROYAL GOLDEN EAGLE,APRIL INTERNATIONAL ENTEPRISE PTE LTD,SINGAPORE,XIAMEN,CHINA (MAINLAND)
2023,470329,SINAR MAS,OKI,SULTAN MAHMUD BADARUDDIN (U),SUMATERA SELATAN,500,212100,SINAR MAS,KING PAPER SOURCE TRADING (SHANGHAI) CO LTD,CHINA (MAINLAND),ZHENJIANG,CHINA (MAINLAND)
2023,470200,ROYAL GOLDEN EAGLE,APRIL,BUATAN,RIAU,507,289788,ROYAL GOLDEN EAGLE,APRIL FAR EAST MALAYSIA SDN BHD,MALAYSIA,FUZHOU,CHINA (MAINLAND)
2023,470200,ROYAL GOLDEN EAGLE,APRIL,BUATAN,RIAU,506,289299,ROYAL GOLDEN EAGLE,APRIL FAR EAST MALAYSIA SDN BHD,MALAYSIA,FUZHOU,CHINA (MAINLAND)
2023,470329,ROYAL GOLDEN EAGLE,APRIL,BUATAN,RIAU,503,187055,ROYAL GOLDEN EAGLE,APRIL INTERNATIONAL ENTEPRISE PTE LTD,SINGAPORE,CHATTOGRAM,BANGLADESH
2023,470329,ROYAL GOLDEN EAGLE,APRIL,BUATAN,RIAU,503,187036,ROYAL GOLDEN EAGLE,APRIL INTERNATIONAL ENTEPRISE PTE LTD,SINGAPORE,CHAWAPAYAL,INDIA
2023,470329,SINAR MAS,INDAH KIAT,PERAWANG,RIAU,500,207877,UNKNOWN AFFILIATION,TRUONG XUAN PAPER JOINT STOCK CO,VIETNAM,HAIPHONG,VIETNAM
2023,470200,ROYAL GOLDEN EAGLE,APRIL,FUTONG,RIAU,3041,1739276,ROYAL GOLDEN EAGLE,APRIL FAR EAST MALAYSIA SDN BHD,MALAYSIA,JIUJIANG,CHINA (MAINLAND)
2023,470200,ROYAL GOLDEN EAGLE,APRIL,BUATAN,RIAU,507,289746,ROYAL GOLDEN EAGLE,APRIL FAR EAST MALAYSIA SDN BHD,MALAYSIA,FUZHOU,CHINA (MAINLAND)
2023,470329,ROYAL GOLDEN EAGLE,APRIL,BUATAN,RIAU,301,112134,ROYAL GOLDEN EAGLE,APRIL INTERNATIONAL ENTEPRISE PTE LTD,SINGAPORE,CHATTOGRAM,BANGLADESH
2023,470200,ROYAL GOLDEN EAGLE,APRIL,FUTONG,RIAU,1012,579028,ROYAL GOLDEN EAGLE,APRIL FAR EAST MALAYSIA SDN BHD,MALAYSIA,JIUJIANG,CHINA (MAINLAND)
2023,470329,ROYAL GOLDEN EAGLE,APRIL,BUATAN,RIAU,503,187108,ROYAL GOLDEN EAGLE,APRIL INTERNATIONAL ENTEPRISE PTE LTD,SINGAPORE,ABU DHABI,NEW ZEALAND
2023,470200,ROYAL GOLDEN EAGLE,APRIL,FUTONG,RIAU,1014,580221,ROYAL GOLDEN EAGLE,APRIL FAR EAST MALAYSIA SDN BHD,MALAYSIA,FUZHOU,CHINA (MAINLAND)
2023,470329,SINAR MAS,INDAH KIAT,PERAWANG,RIAU,500,215275,PARTEX STAR,PARTEX PAPER MILLS LTD,BANGLADESH,CHATTOGRAM,BANGLADESH
2023,470329,MARUBENI,TANJUNG ENIM LESTARI,TARAHAN,SUMATERA SELATAN,501,220513,MARUBENI,MARUBENI CORP,JAPAN,QINGDAO,CHINA (MAINLAND)
2023,470329,MARUBENI,TANJUNG ENIM LESTARI,TARAHAN,SUMATERA SELATAN,500,220150,MARUBENI,MARUBENI CORP,JAPAN,QINGDAO,CHINA (MAINLAND)
2023,470329,MARUBENI,TANJUNG ENIM LESTARI,TARAHAN,SUMATERA SELATAN,3000,1322804,MARUBENI,MARUBENI CORP,JAPAN,QINGDAO,CHINA (MAINLAND)
2023,470329,MARUBENI,TANJUNG ENIM LESTARI,TARAHAN,SUMATERA SELATAN,1001,450838,MARUBENI,MARUBENI CORP,JAPAN,QINGDAO,CHINA (MAINLAND)
2023,470329,MARUBENI,TANJUNG ENIM LESTARI,TARAHAN,SUMATERA SELATAN,1001,441403,MARUBENI,MARUBENI CORP,JAPAN,QINGDAO,CHINA (MAINLAND)
2023,470329,ROYAL GOLDEN EAGLE,APRIL,BUATAN,RIAU,502,186788,ROYAL GOLDEN EAGLE,APRIL INTERNATIONAL ENTEPRISE PTE LTD,SINGAPORE,CHATTOGRAM,BANGLADESH
2023,470200,ROYAL GOLDEN EAGLE,APRIL,BUATAN,RIAU,567,324202,ROYAL GOLDEN EAGLE,APRIL FAR EAST MALAYSIA SDN BHD,MALAYSIA,JIUJIANG,CHINA (MAINLAND)
2023,470329,MARUBENI,TANJUNG ENIM LESTARI,TARAHAN,SUMATERA SELATAN,2000,881923,MARUBENI,MARUBENI CORP,JAPAN,QINGDAO,CHINA (MAINLAND)
2023,470329,MARUBENI,TANJUNG ENIM LESTARI,TARAHAN,SUMATERA SELATAN,502,230751,MARUBENI,MARUBENI CORP,JAPAN,QINGDAO,CHINA (MAINLAND)
2023,470329,SINAR MAS,INDAH KIAT,PERAWANG,RIAU,500,215275,CREATIVE,CREATIVE PAPER MILLS LTD,BANGLADESH,CHATTOGRAM,BANGLADESH
2023,470329,ROYAL GOLDEN EAGLE,APRIL,FUTONG,RIAU,3010,1119606,ROYAL GOLDEN EAGLE,APRIL INTERNATIONAL ENTEPRISE PTE LTD,SINGAPORE,HALDIA,INDIA
2023,470329,SINAR MAS,INDAH KIAT,PERAWANG,RIAU,300,128031,C.A.S,C.A.S PAPER CO LTD,THAILAND,LAT KRABANG,THAILAND
2023,470329,ROYAL GOLDEN EAGLE,APRIL,FUTONG,RIAU,11559,4300100,ROYAL GOLDEN EAGLE,APRIL INTERNATIONAL ENTEPRISE PTE LTD,SINGAPORE,KAKINADA,INDIA
2023,470200,ROYAL GOLDEN EAGLE,APRIL,FUTONG,RIAU,2530,1447153,ROYAL GOLDEN EAGLE,APRIL FAR EAST MALAYSIA SDN BHD,MALAYSIA,JIUJIANG,CHINA (MAINLAND)
2023,470200,ROYAL GOLDEN EAGLE,APRIL,FUTONG,RIAU,2025,1158315,ROYAL GOLDEN EAGLE,APRIL FAR EAST MALAYSIA SDN BHD,MALAYSIA,JIUJIANG,CHINA (MAINLAND)
2023,470200,ROYAL GOLDEN EAGLE,APRIL,FUTONG,RIAU,473,270777,ROYAL GOLDEN EAGLE,APRIL FAR EAST MALAYSIA SDN BHD,MALAYSIA,JIUJIANG,CHINA (MAINLAND)
2023,470329,ROYAL GOLDEN EAGLE,APRIL,BUATAN,RIAU,38,14200,ROYAL GOLDEN EAGLE,APRIL INTERNATIONAL ENTEPRISE PTE LTD,SINGAPORE,JAWAHARLAL NEHRU (NHAVA S,INDIA
2023,470200,ROYAL GOLDEN EAGLE,APRIL,BUATAN,RIAU,788,450578,ROYAL GOLDEN EAGLE,APRIL FAR EAST MALAYSIA SDN BHD,MALAYSIA,JIUJIANG,CHINA (MAINLAND)
2023,470329,MARUBENI,TANJUNG ENIM LESTARI,TARAHAN,SUMATERA SELATAN,502,230674,MARUBENI,MARUBENI CORP,JAPAN,QINGDAO,CHINA (MAINLAND)
2023,470329,MARUBENI,TANJUNG ENIM LESTARI,TARAHAN,SUMATERA SELATAN,1602,742713,MARUBENI,MARUBENI CORP,JAPAN,GUNSAN (ES KUNSAN),SOUTH KOREA
2023,470329,SINAR MAS,INDAH KIAT,PERAWANG,RIAU,500,214590,SINAR MAS,KING PAPER SOURCE TRADING (SHANGHAI) CO LTD,CHINA (MAINLAND),QINZHOU,CHINA (MAINLAND)
2023,470329,ROYAL GOLDEN EAGLE,APRIL,FUTONG,RIAU,10044,3736415,ROYAL GOLDEN EAGLE,APRIL INTERNATIONAL ENTEPRISE PTE LTD,SINGAPORE,KAKINADA,INDIA
2023,470329,SINAR MAS,INDAH KIAT,PERAWANG,RIAU,60,26232,RENGO,VINA KRAFT PAPER CO LTD,VIETNAM,CAT LAI,VIETNAM
2023,470329,SINAR MAS,OKI,SULTAN MAHMUD BADARUDDIN (U),SUMATERA SELATAN,500,212100,SINAR MAS,KING PAPER SOURCE TRADING (SHANGHAI) CO LTD,CHINA (MAINLAND),ZHENJIANG,CHINA (MAINLAND)
2023,470329,SINAR MAS,OKI,SULTAN MAHMUD BADARUDDIN (U),SUMATERA SELATAN,500,212100,SINAR MAS,KING PAPER SOURCE TRADING (SHANGHAI) CO LTD,CHINA (MAINLAND),ZHENJIANG,CHINA (MAINLAND)
2023,470329,SINAR MAS,OKI,SULTAN MAHMUD BADARUDDIN (U),SUMATERA SELATAN,500,212100,SINAR MAS,KING PAPER SOURCE TRADING (SHANGHAI) CO LTD,CHINA (MAINLAND),ZHENJIANG,CHINA (MAINLAND)
2023,470329,SINAR MAS,OKI,SULTAN MAHMUD BADARUDDIN (U),SUMATERA SELATAN,100,42420,SINAR MAS,KING PAPER SOURCE TRADING (SHANGHAI) CO LTD,CHINA (MAINLAND),ZHENJIANG,CHINA (MAINLAND)
2023,470329,ROYAL GOLDEN EAGLE,APRIL,FUTONG,RIAU,1005,373761,ROYAL GOLDEN EAGLE,APRIL INTERNATIONAL ENTEPRISE PTE LTD,SINGAPORE,CHATTOGRAM,BANGLADESH
2023,470329,SINAR MAS,OKI,SULTAN MAHMUD BADARUDDIN (U),SUMATERA SELATAN,500,212100,SINAR MAS,KING PAPER SOURCE TRADING (SHANGHAI) CO LTD,CHINA (MAINLAND),ZHENJIANG,CHINA (MAINLAND)
2023,470329,SINAR MAS,OKI,SULTAN MAHMUD BADARUDDIN (U),SUMATERA SELATAN,500,212100,SINAR MAS,KING PAPER SOURCE TRADING (SHANGHAI) CO LTD,CHINA (MAINLAND),ZHENJIANG,CHINA (MAINLAND)
2023,470329,SINAR MAS,OKI,SULTAN MAHMUD BADARUDDIN (U),SUMATERA SELATAN,500,212100,SINAR MAS,KING PAPER SOURCE TRADING (SHANGHAI) CO LTD,CHINA (MAINLAND),ZHENJIANG,CHINA (MAINLAND)
2023,470329,SINAR MAS,OKI,SULTAN MAHMUD BADARUDDIN (U),SUMATERA SELATAN,500,212100,SINAR MAS,KING PAPER SOURCE TRADING (SHANGHAI) CO LTD,CHINA (MAINLAND),ZHENJIANG,CHINA (MAINLAND)
2023,470329,SINAR MAS,OKI,SULTAN MAHMUD BADARUDDIN (U),SUMATERA SELATAN,500,212100,SINAR MAS,KING PAPER SOURCE TRADING (SHANGHAI) CO LTD,CHINA (MAINLAND),ZHENJIANG,CHINA (MAINLAND)
2023,470329,SINAR MAS,OKI,SULTAN MAHMUD BADARUDDIN (U),SUMATERA SELATAN,500,212100,SINAR MAS,KING PAPER SOURCE TRADING (SHANGHAI) CO LTD,CHINA (MAINLAND),ZHENJIANG,CHINA (MAINLAND)
2023,470329,SINAR MAS,OKI,SULTAN MAHMUD BADARUDDIN (U),SUMATERA SELATAN,500,212100,SINAR MAS,KING PAPER SOURCE TRADING (SHANGHAI) CO LTD,CHINA (MAINLAND),ZHENJIANG,CHINA (MAINLAND)
2023,470329,SINAR MAS,OKI,SULTAN MAHMUD BADARUDDIN (U),SUMATERA SELATAN,500,212100,SINAR MAS,KING PAPER SOURCE TRADING (SHANGHAI) CO LTD,CHINA (MAINLAND),ZHENJIANG,CHINA (MAINLAND)
2023,470200,ROYAL GOLDEN EAGLE,APRIL,FUTONG,RIAU,506,300752,ROYAL GOLDEN EAGLE,APRIL FAR EAST MALAYSIA SDN BHD,MALAYSIA,JIUJIANG,CHINA (MAINLAND)
2023,470200,ROYAL GOLDEN EAGLE,APRIL,BUATAN,RIAU,506,289421,ROYAL GOLDEN EAGLE,APRIL FAR EAST MALAYSIA SDN BHD,MALAYSIA,FUZHOU,CHINA (MAINLAND)
2023,470329,SINAR MAS,OKI,SULTAN MAHMUD BADARUDDIN (U),SUMATERA SELATAN,500,212100,SINAR MAS,KING PAPER SOURCE TRADING (SHANGHAI) CO LTD,CHINA (MAINLAND),ZHENJIANG,CHINA (MAINLAND)
2023,470200,ROYAL GOLDEN EAGLE,APRIL,FUTONG,RIAU,507,300970,ROYAL GOLDEN EAGLE,APRIL FAR EAST MALAYSIA SDN BHD,MALAYSIA,JIUJIANG,CHINA (MAINLAND)
2023,470200,ROYAL GOLDEN EAGLE,APRIL,FUTONG,RIAU,507,289909,ROYAL GOLDEN EAGLE,APRIL FAR EAST MALAYSIA SDN BHD,MALAYSIA,JIUJIANG,CHINA (MAINLAND)
2023,470329,SINAR MAS,OKI,SULTAN MAHMUD BADARUDDIN (U),SUMATERA SELATAN,500,212100,SINAR MAS,KING PAPER SOURCE TRADING (SHANGHAI) CO LTD,CHINA (MAINLAND),ZHENJIANG,CHINA (MAINLAND)
2023,470329,SINAR MAS,OKI,SULTAN MAHMUD BADARUDDIN (U),SUMATERA SELATAN,500,212100,SINAR MAS,KING PAPER SOURCE TRADING (SHANGHAI) CO LTD,CHINA (MAINLAND),ZHENJIANG,CHINA (MAINLAND)
2023,470329,SINAR MAS,OKI,SULTAN MAHMUD BADARUDDIN (U),SUMATERA SELATAN,500,212100,SINAR MAS,KING PAPER SOURCE TRADING (SHANGHAI) CO LTD,CHINA (MAINLAND),ZHENJIANG,CHINA (MAINLAND)
2023,470329,SINAR MAS,OKI,SULTAN MAHMUD BADARUDDIN (U),SUMATERA SELATAN,500,212100,SINAR MAS,KING PAPER SOURCE TRADING (SHANGHAI) CO LTD,CHINA (MAINLAND),ZHENJIANG,CHINA (MAINLAND)
2023,470329,SINAR MAS,OKI,SULTAN MAHMUD BADARUDDIN (U),SUMATERA SELATAN,500,212100,SINAR MAS,KING PAPER SOURCE TRADING (SHANGHAI) CO LTD,CHINA (MAINLAND),ZHENJIANG,CHINA (MAINLAND)
2023,470329,SINAR MAS,OKI,SULTAN MAHMUD BADARUDDIN (U),SUMATERA SELATAN,200,84840,SINAR MAS,KING PAPER SOURCE TRADING (SHANGHAI) CO LTD,CHINA (MAINLAND),ZHENJIANG,CHINA (MAINLAND)
2023,470200,ROYAL GOLDEN EAGLE,APRIL,FUTONG,RIAU,40,23139,ROYAL GOLDEN EAGLE,APRIL FAR EAST MALAYSIA SDN BHD,MALAYSIA,JIUJIANG,CHINA (MAINLAND)
2023,470200,ROYAL GOLDEN EAGLE,APRIL,BUATAN,RIAU,182,104174,ROYAL GOLDEN EAGLE,APRIL FAR EAST MALAYSIA SDN BHD,MALAYSIA,JIUJIANG,CHINA (MAINLAND)
2023,470329,SINAR MAS,OKI,SULTAN MAHMUD BADARUDDIN (U),SUMATERA SELATAN,500,212100,SINAR MAS,KING PAPER SOURCE TRADING (SHANGHAI) CO LTD,CHINA (MAINLAND),ZHENJIANG,CHINA (MAINLAND)
2023,470329,ROYAL GOLDEN EAGLE,APRIL,FUTONG,RIAU,1507,560444,ROYAL GOLDEN EAGLE,APRIL INTERNATIONAL ENTEPRISE PTE LTD,SINGAPORE,CHATTOGRAM,BANGLADESH
2023,470200,ROYAL GOLDEN EAGLE,APRIL,FUTONG,RIAU,506,289676,ROYAL GOLDEN EAGLE,APRIL FAR EAST MALAYSIA SDN BHD,MALAYSIA,LIANYUNGANG,CHINA (MAINLAND)
2023,470329,SINAR MAS,OKI,SULTAN MAHMUD BADARUDDIN (U),SUMATERA SELATAN,500,212100,SINAR MAS,KING PAPER SOURCE TRADING (SHANGHAI) CO LTD,CHINA (MAINLAND),ZHENJIANG,CHINA (MAINLAND)
2023,470329,SINAR MAS,OKI,SULTAN MAHMUD BADARUDDIN (U),SUMATERA SELATAN,500,212100,SINAR MAS,KING PAPER SOURCE TRADING (SHANGHAI) CO LTD,CHINA (MAINLAND),ZHENJIANG,CHINA (MAINLAND)
2023,470329,SINAR MAS,OKI,SULTAN MAHMUD BADARUDDIN (U),SUMATERA SELATAN,100,42420,SINAR MAS,KING PAPER SOURCE TRADING (SHANGHAI) CO LTD,CHINA (MAINLAND),ZHENJIANG,CHINA (MAINLAND)
2023,470200,ROYAL GOLDEN EAGLE,APRIL,FUTONG,RIAU,1013,579508,ROYAL GOLDEN EAGLE,APRIL FAR EAST MALAYSIA SDN BHD,MALAYSIA,JIUJIANG,CHINA (MAINLAND)
2023,470200,ROYAL GOLDEN EAGLE,APRIL,FUTONG,RIAU,507,290031,ROYAL GOLDEN EAGLE,APRIL FAR EAST MALAYSIA SDN BHD,MALAYSIA,JIUJIANG,CHINA (MAINLAND)
2023,470329,MARUBENI,TANJUNG ENIM LESTARI,PANJANG,SUMATERA SELATAN,496,241784,MARUBENI,MARUBENI CORP,JAPAN,XINGANG,CHINA (MAINLAND)
2023,470329,SINAR MAS,OKI,SULTAN MAHMUD BADARUDDIN (U),SUMATERA SELATAN,500,212100,SINAR MAS,KING PAPER SOURCE TRADING (SHANGHAI) CO LTD,CHINA (MAINLAND),NINGBO,CHINA (MAINLAND)
2023,470329,MARUBENI,TANJUNG ENIM LESTARI,PANJANG,SUMATERA SELATAN,497,242328,MARUBENI,MARUBENI CORP,JAPAN,XINGANG,CHINA (MAINLAND)
2023,470329,SINAR MAS,OKI,SULTAN MAHMUD BADARUDDIN (U),SUMATERA SELATAN,500,323500,SINAR MAS,KING PAPER SOURCE TRADING (SHANGHAI) CO LTD,CHINA (MAINLAND),NINGBO,CHINA (MAINLAND)
2023,470329,SINAR MAS,OKI,SULTAN MAHMUD BADARUDDIN (U),SUMATERA SELATAN,500,323500,SINAR MAS,KING PAPER SOURCE TRADING (SHANGHAI) CO LTD,CHINA (MAINLAND),NINGBO,CHINA (MAINLAND)
2023,470329,SINAR MAS,OKI,SULTAN MAHMUD BADARUDDIN (U),SUMATERA SELATAN,500,212100,SINAR MAS,KING PAPER SOURCE TRADING (SHANGHAI) CO LTD,CHINA (MAINLAND),NINGBO,CHINA (MAINLAND)
2023,470329,SINAR MAS,OKI,SULTAN MAHMUD BADARUDDIN (U),SUMATERA SELATAN,500,323500,SINAR MAS,KING PAPER SOURCE TRADING (SHANGHAI) CO LTD,CHINA (MAINLAND),NINGBO,CHINA (MAINLAND)
2023,470329,SINAR MAS,OKI,SULTAN MAHMUD BADARUDDIN (U),SUMATERA SELATAN,500,323500,SINAR MAS,KING PAPER SOURCE TRADING (SHANGHAI) CO LTD,CHINA (MAINLAND),NINGBO,CHINA (MAINLAND)
2023,470329,SINAR MAS,OKI,SULTAN MAHMUD BADARUDDIN (U),SUMATERA SELATAN,500,213000,SINAR MAS,KING PAPER SOURCE TRADING (SHANGHAI) CO LTD,CHINA (MAINLAND),NINGBO,CHINA (MAINLAND)
2023,470329,SINAR MAS,OKI,SULTAN MAHMUD BADARUDDIN (U),SUMATERA SELATAN,500,212100,SINAR MAS,KING PAPER SOURCE TRADING (SHANGHAI) CO LTD,CHINA (MAINLAND),NINGBO,CHINA (MAINLAND)
2023,470329,SINAR MAS,OKI,SULTAN MAHMUD BADARUDDIN (U),SUMATERA SELATAN,500,212100,SINAR MAS,KING PAPER SOURCE TRADING (SHANGHAI) CO LTD,CHINA (MAINLAND),NINGBO,CHINA (MAINLAND)
2023,470329,SINAR MAS,OKI,SULTAN MAHMUD BADARUDDIN (U),SUMATERA SELATAN,500,212100,SINAR MAS,KING PAPER SOURCE TRADING (SHANGHAI) CO LTD,CHINA (MAINLAND),NINGBO,CHINA (MAINLAND)
2023,470200,ROYAL GOLDEN EAGLE,APRIL,BUATAN,RIAU,1012,578587,ROYAL GOLDEN EAGLE,APRIL FAR EAST MALAYSIA SDN BHD,MALAYSIA,JIUJIANG,CHINA (MAINLAND)
2023,470329,SINAR MAS,OKI,SULTAN MAHMUD BADARUDDIN (U),SUMATERA SELATAN,500,212100,SINAR MAS,KING PAPER SOURCE TRADING (SHANGHAI) CO LTD,CHINA (MAINLAND),NINGBO,CHINA (MAINLAND)
2023,470329,ROYAL GOLDEN EAGLE,APRIL,BUATAN,RIAU,1005,373753,ROYAL GOLDEN EAGLE,APRIL INTERNATIONAL ENTEPRISE PTE LTD,SINGAPORE,HAIPHONG,VIETNAM
2023,470329,SINAR MAS,OKI,SULTAN MAHMUD BADARUDDIN (U),SUMATERA SELATAN,500,212100,SINAR MAS,KING PAPER SOURCE TRADING (SHANGHAI) CO LTD,CHINA (MAINLAND),NINGBO,CHINA (MAINLAND)
2023,470329,SINAR MAS,OKI,SULTAN MAHMUD BADARUDDIN (U),SUMATERA SELATAN,500,213000,SINAR MAS,KING PAPER SOURCE TRADING (SHANGHAI) CO LTD,CHINA (MAINLAND),NINGBO,CHINA (MAINLAND)
2023,470329,SINAR MAS,OKI,SULTAN MAHMUD BADARUDDIN (U),SUMATERA SELATAN,500,213000,SINAR MAS,KING PAPER SOURCE TRADING (SHANGHAI) CO LTD,CHINA (MAINLAND),NINGBO,CHINA (MAINLAND)
2023,470329,SINAR MAS,OKI,SULTAN MAHMUD BADARUDDIN (U),SUMATERA SELATAN,500,212100,SINAR MAS,KING PAPER SOURCE TRADING (SHANGHAI) CO LTD,CHINA (MAINLAND),NINGBO,CHINA (MAINLAND)
2023,470329,SINAR MAS,OKI,SULTAN MAHMUD BADARUDDIN (U),SUMATERA SELATAN,500,212100,SINAR MAS,KING PAPER SOURCE TRADING (SHANGHAI) CO LTD,CHINA (MAINLAND),NINGBO,CHINA (MAINLAND)
2023,470329,SINAR MAS,INDAH KIAT,PERAWANG,RIAU,260,116875,UNKNOWN AFFILIATION,MEDITERRANEAN PAPER CO,EGYPT,EL DEKHEILA,EGYPT
2023,470329,SINAR MAS,OKI,SULTAN MAHMUD BADARUDDIN (U),SUMATERA SELATAN,500,212100,SINAR MAS,KING PAPER SOURCE TRADING (SHANGHAI) CO LTD,CHINA (MAINLAND),NINGBO,CHINA (MAINLAND)
2023,470329,SINAR MAS,INDAH KIAT,PERAWANG,RIAU,240,107884,UNKNOWN AFFILIATION,MEDITERRANEAN PAPER CO,EGYPT,EL DEKHEILA,EGYPT
2023,470329,SINAR MAS,OKI,SULTAN MAHMUD BADARUDDIN (U),SUMATERA SELATAN,300,194100,SINAR MAS,KING PAPER SOURCE TRADING (SHANGHAI) CO LTD,CHINA (MAINLAND),NINGBO,CHINA (MAINLAND)
2023,470329,SINAR MAS,OKI,SULTAN MAHMUD BADARUDDIN (U),SUMATERA SELATAN,500,213000,SINAR MAS,KING PAPER SOURCE TRADING (SHANGHAI) CO LTD,CHINA (MAINLAND),NINGBO,CHINA (MAINLAND)
2023,470329,SINAR MAS,OKI,SULTAN MAHMUD BADARUDDIN (U),SUMATERA SELATAN,500,212100,SINAR MAS,KING PAPER SOURCE TRADING (SHANGHAI) CO LTD,CHINA (MAINLAND),NINGBO,CHINA (MAINLAND)
2023,470329,SINAR MAS,OKI,SULTAN MAHMUD BADARUDDIN (U),SUMATERA SELATAN,500,212100,SINAR MAS,KING PAPER SOURCE TRADING (SHANGHAI) CO LTD,CHINA (MAINLAND),NINGBO,CHINA (MAINLAND)
2023,470200,ROYAL GOLDEN EAGLE,APRIL,BUATAN,RIAU,506,289640,ROYAL GOLDEN EAGLE,APRIL FAR EAST MALAYSIA SDN BHD,MALAYSIA,JIUJIANG,CHINA (MAINLAND)
2023,470329,SINAR MAS,OKI,SULTAN MAHMUD BADARUDDIN (U),SUMATERA SELATAN,500,323500,SINAR MAS,KING PAPER SOURCE TRADING (SHANGHAI) CO LTD,CHINA (MAINLAND),NINGBO,CHINA (MAINLAND)
2023,470329,SINAR MAS,OKI,SULTAN MAHMUD BADARUDDIN (U),SUMATERA SELATAN,500,213000,SINAR MAS,KING PAPER SOURCE TRADING (SHANGHAI) CO LTD,CHINA (MAINLAND),NINGBO,CHINA (MAINLAND)
2023,470329,SINAR MAS,OKI,SULTAN MAHMUD BADARUDDIN (U),SUMATERA SELATAN,500,213000,SINAR MAS,KING PAPER SOURCE TRADING (SHANGHAI) CO LTD,CHINA (MAINLAND),NINGBO,CHINA (MAINLAND)
2023,470329,SINAR MAS,OKI,SULTAN MAHMUD BADARUDDIN (U),SUMATERA SELATAN,500,212100,SINAR MAS,KING PAPER SOURCE TRADING (SHANGHAI) CO LTD,CHINA (MAINLAND),NINGBO,CHINA (MAINLAND)
2023,470329,SINAR MAS,OKI,SULTAN MAHMUD BADARUDDIN (U),SUMATERA SELATAN,500,212100,SINAR MAS,KING PAPER SOURCE TRADING (SHANGHAI) CO LTD,CHINA (MAINLAND),NINGBO,CHINA (MAINLAND)
2023,470329,SINAR MAS,OKI,SULTAN MAHMUD BADARUDDIN (U),SUMATERA SELATAN,500,212100,SINAR MAS,KING PAPER SOURCE TRADING (SHANGHAI) CO LTD,CHINA (MAINLAND),NINGBO,CHINA (MAINLAND)
2023,470329,SINAR MAS,OKI,SULTAN MAHMUD BADARUDDIN (U),SUMATERA SELATAN,100,42600,SINAR MAS,KING PAPER SOURCE TRADING (SHANGHAI) CO LTD,CHINA (MAINLAND),NINGBO,CHINA (MAINLAND)
2023,470329,SINAR MAS,OKI,SULTAN MAHMUD BADARUDDIN (U),SUMATERA SELATAN,500,213000,SINAR MAS,KING PAPER SOURCE TRADING (SHANGHAI) CO LTD,CHINA (MAINLAND),NINGBO,CHINA (MAINLAND)
2023,470329,SINAR MAS,OKI,SULTAN MAHMUD BADARUDDIN (U),SUMATERA SELATAN,500,213000,SINAR MAS,KING PAPER SOURCE TRADING (SHANGHAI) CO LTD,CHINA (MAINLAND),NINGBO,CHINA (MAINLAND)
2023,470329,SINAR MAS,OKI,SULTAN MAHMUD BADARUDDIN (U),SUMATERA SELATAN,500,212100,SINAR MAS,KING PAPER SOURCE TRADING (SHANGHAI) CO LTD,CHINA (MAINLAND),NINGBO,CHINA (MAINLAND)
2023,470329,ROYAL GOLDEN EAGLE,APRIL,BUATAN,RIAU,502,186921,ROYAL GOLDEN EAGLE,APRIL INTERNATIONAL ENTEPRISE PTE LTD,SINGAPORE,CHATTOGRAM,BANGLADESH
2023,470329,MARUBENI,TANJUNG ENIM LESTARI,PANJANG,SUMATERA SELATAN,493,222511,MARUBENI,MARUBENI CORP,JAPAN,YIBIN,CHINA (MAINLAND)
2023,470329,ROYAL GOLDEN EAGLE,APRIL,BUATAN,RIAU,201,74732,ROYAL GOLDEN EAGLE,APRIL INTERNATIONAL ENTEPRISE PTE LTD,SINGAPORE,JAWAHARLAL NEHRU (NHAVA S,INDIA
2023,470329,ROYAL GOLDEN EAGLE,APRIL,BUATAN,RIAU,201,74614,ROYAL GOLDEN EAGLE,APRIL INTERNATIONAL ENTEPRISE PTE LTD,SINGAPORE,PAT BANGKOK,THAILAND
2023,470200,ROYAL GOLDEN EAGLE,APRIL,FUTONG,RIAU,1821,1041634,ROYAL GOLDEN EAGLE,APRIL INTERNATIONAL ENTEPRISE PTE LTD,SINGAPORE,QINGDAO,CHINA (MAINLAND)
2023,470329,MARUBENI,TANJUNG ENIM LESTARI,PANJANG,SUMATERA SELATAN,408,191687,MARUBENI,MARUBENI CORP,JAPAN,CAT LAI,VIETNAM
2023,470329,SINAR MAS,INDAH KIAT,PERAWANG,RIAU,300,124268,BATAAN,BATAAN 2020 INC,PHILIPPINES,MANILA NORTH HARBOUR,PHILIPPINES
2023,470329,ROYAL GOLDEN EAGLE,APRIL,BUATAN,RIAU,398,148124,ROYAL GOLDEN EAGLE,APRIL INTERNATIONAL ENTEPRISE PTE LTD,SINGAPORE,DJIBOUTI,DJIBOUTI
2023,470200,ROYAL GOLDEN EAGLE,APRIL,BUATAN,RIAU,526,301052,ROYAL GOLDEN EAGLE,APRIL FAR EAST MALAYSIA SDN BHD,MALAYSIA,JIUJIANG,CHINA (MAINLAND)
2023,470329,MARUBENI,TANJUNG ENIM LESTARI,PANJANG,SUMATERA SELATAN,494,239964,MARUBENI,MARUBENI CORP,JAPAN,QINGDAO,CHINA (MAINLAND)
2023,470329,MARUBENI,TANJUNG ENIM LESTARI,PANJANG,SUMATERA SELATAN,407,193471,MARUBENI,MARUBENI CORP,JAPAN,PENANG (GEORGETOWN),MALAYSIA
2023,470329,ROYAL GOLDEN EAGLE,APRIL,FUTONG,RIAU,502,186709,ROYAL GOLDEN EAGLE,APRIL INTERNATIONAL ENTEPRISE PTE LTD,SINGAPORE,HAIPHONG,VIETNAM
2023,470200,ROYAL GOLDEN EAGLE,APRIL,BUATAN,RIAU,506,289335,ROYAL GOLDEN EAGLE,APRIL FAR EAST MALAYSIA SDN BHD,MALAYSIA,JIUJIANG,CHINA (MAINLAND)
2023,470329,SINAR MAS,INDAH KIAT,PERAWANG,RIAU,500,208077,UNKNOWN AFFILIATION,TRUONG XUAN PAPER JOINT STOCK CO,VIETNAM,HAIPHONG,VIETNAM
2023,470329,ROYAL GOLDEN EAGLE,APRIL,BUATAN,RIAU,302,112170,ROYAL GOLDEN EAGLE,APRIL INTERNATIONAL ENTEPRISE PTE LTD,SINGAPORE,PIPAVAV (VICTOR) PORT,INDIA
2023,470329,ROYAL GOLDEN EAGLE,APRIL,BUATAN,RIAU,507,188508,ROYAL GOLDEN EAGLE,APRIL INTERNATIONAL ENTEPRISE PTE LTD,SINGAPORE,TAICHUNG,TAIWAN
2023,470329,MARUBENI,TANJUNG ENIM LESTARI,PANJANG,SUMATERA SELATAN,491,229848,MARUBENI,MARUBENI CORP,JAPAN,NINGBO,CHINA (MAINLAND)
2023,440122,ROYAL GOLDEN EAGLE,BALIKPAPAN CHIP LESTARI,BALIKPAPAN,KALIMANTAN TIMUR,18849,2742564,ROYAL GOLDEN EAGLE,ASIA SYMBOL (SHANDONG) PULP AND PAPER,CHINA (MAINLAND),RIZHAO,CHINA (MAINLAND)
2023,470329,ROYAL GOLDEN EAGLE,APRIL,BUATAN,RIAU,502,186746,ROYAL GOLDEN EAGLE,APRIL INTERNATIONAL ENTEPRISE PTE LTD,SINGAPORE,JAWAHARLAL NEHRU (NHAVA S,INDIA
2023,470329,MARUBENI,TANJUNG ENIM LESTARI,PANJANG,SUMATERA SELATAN,820,367476,MARUBENI,MARUBENI CORP,JAPAN,XINHUI,CHINA (MAINLAND)
2023,470200,ROYAL GOLDEN EAGLE,APRIL,BUATAN,RIAU,506,289282,ROYAL GOLDEN EAGLE,APRIL FAR EAST MALAYSIA SDN BHD,MALAYSIA,FUZHOU,CHINA (MAINLAND)
2023,470329,ROYAL GOLDEN EAGLE,APRIL,BUATAN,RIAU,1003,372938,ROYAL GOLDEN EAGLE,APRIL FINE PAPER TRADING MIDDLE EAST,UNITED ARAB EMIRATES,JEDDAH,SAUDI ARABIA
2023,470329,MARUBENI,TANJUNG ENIM LESTARI,PANJANG,SUMATERA SELATAN,602,265939,MARUBENI,MARUBENI CORP,JAPAN,YINGKOU,CHINA (MAINLAND)
2023,470200,ROYAL GOLDEN EAGLE,APRIL,BUATAN,RIAU,506,289459,ROYAL GOLDEN EAGLE,APRIL FAR EAST MALAYSIA SDN BHD,MALAYSIA,JIUJIANG,CHINA (MAINLAND)
2023,470200,ROYAL GOLDEN EAGLE,APRIL,FUTONG,RIAU,1015,580374,ROYAL GOLDEN EAGLE,APRIL FAR EAST MALAYSIA SDN BHD,MALAYSIA,JIUJIANG,CHINA (MAINLAND)
2023,470329,ROYAL GOLDEN EAGLE,APRIL,FUTONG,RIAU,8035,2989002,ROYAL GOLDEN EAGLE,APRIL INTERNATIONAL ENTEPRISE PTE LTD,SINGAPORE,HALDIA,INDIA
2023,470329,ROYAL GOLDEN EAGLE,APRIL,BUATAN,RIAU,96,35872,ROYAL GOLDEN EAGLE,APRIL INTERNATIONAL ENTEPRISE PTE LTD,SINGAPORE,TAOYUAN,TAIWAN
2023,470329,ROYAL GOLDEN EAGLE,APRIL,BUATAN,RIAU,201,74781,ROYAL GOLDEN EAGLE,APRIL INTERNATIONAL ENTEPRISE PTE LTD,SINGAPORE,CHATTOGRAM,BANGLADESH
2023,470329,ROYAL GOLDEN EAGLE,APRIL,BUATAN,RIAU,1004,373567,ROYAL GOLDEN EAGLE,APRIL INTERNATIONAL ENTEPRISE PTE LTD,SINGAPORE,NINGBO,CHINA (MAINLAND)
2023,470329,ROYAL GOLDEN EAGLE,APRIL,BUATAN,RIAU,301,111941,ROYAL GOLDEN EAGLE,APRIL INTERNATIONAL ENTEPRISE PTE LTD,SINGAPORE,HAIPHONG,VIETNAM
2023,470329,SINAR MAS,OKI,SULTAN MAHMUD BADARUDDIN (U),SUMATERA SELATAN,500,212100,SINAR MAS,KING PAPER SOURCE TRADING (SHANGHAI) CO LTD,CHINA (MAINLAND),ZHENJIANG,CHINA (MAINLAND)
2023,470329,SINAR MAS,OKI,SULTAN MAHMUD BADARUDDIN (U),SUMATERA SELATAN,500,212100,SINAR MAS,KING PAPER SOURCE TRADING (SHANGHAI) CO LTD,CHINA (MAINLAND),ZHENJIANG,CHINA (MAINLAND)
2023,470329,SINAR MAS,OKI,SULTAN MAHMUD BADARUDDIN (U),SUMATERA SELATAN,500,212100,SINAR MAS,KING PAPER SOURCE TRADING (SHANGHAI) CO LTD,CHINA (MAINLAND),ZHENJIANG,CHINA (MAINLAND)
2023,470329,SINAR MAS,OKI,SULTAN MAHMUD BADARUDDIN (U),SUMATERA SELATAN,500,212100,SINAR MAS,KING PAPER SOURCE TRADING (SHANGHAI) CO LTD,CHINA (MAINLAND),ZHENJIANG,CHINA (MAINLAND)
2023,470329,SINAR MAS,OKI,SULTAN MAHMUD BADARUDDIN (U),SUMATERA SELATAN,500,212100,SINAR MAS,KING PAPER SOURCE TRADING (SHANGHAI) CO LTD,CHINA (MAINLAND),ZHENJIANG,CHINA (MAINLAND)
2023,470329,SINAR MAS,OKI,SULTAN MAHMUD BADARUDDIN (U),SUMATERA SELATAN,500,212100,SINAR MAS,KING PAPER SOURCE TRADING (SHANGHAI) CO LTD,CHINA (MAINLAND),ZHENJIANG,CHINA (MAINLAND)
2023,470329,SINAR MAS,OKI,SULTAN MAHMUD BADARUDDIN (U),SUMATERA SELATAN,500,212100,SINAR MAS,KING PAPER SOURCE TRADING (SHANGHAI) CO LTD,CHINA (MAINLAND),ZHENJIANG,CHINA (MAINLAND)
2023,470200,ROYAL GOLDEN EAGLE,APRIL,BUATAN,RIAU,507,289725,ROYAL GOLDEN EAGLE,APRIL FAR EAST MALAYSIA SDN BHD,MALAYSIA,JIUJIANG,CHINA (MAINLAND)
2023,470329,SINAR MAS,OKI,SULTAN MAHMUD BADARUDDIN (U),SUMATERA SELATAN,500,212100,SINAR MAS,KING PAPER SOURCE TRADING (SHANGHAI) CO LTD,CHINA (MAINLAND),ZHENJIANG,CHINA (MAINLAND)
2023,470329,SINAR MAS,OKI,SULTAN MAHMUD BADARUDDIN (U),SUMATERA SELATAN,500,212100,SINAR MAS,KING PAPER SOURCE TRADING (SHANGHAI) CO LTD,CHINA (MAINLAND),ZHENJIANG,CHINA (MAINLAND)
2023,470329,SINAR MAS,OKI,SULTAN MAHMUD BADARUDDIN (U),SUMATERA SELATAN,500,212100,SINAR MAS,KING PAPER SOURCE TRADING (SHANGHAI) CO LTD,CHINA (MAINLAND),ZHENJIANG,CHINA (MAINLAND)
2023,470329,SINAR MAS,OKI,SULTAN MAHMUD BADARUDDIN (U),SUMATERA SELATAN,500,212100,SINAR MAS,KING PAPER SOURCE TRADING (SHANGHAI) CO LTD,CHINA (MAINLAND),ZHENJIANG,CHINA (MAINLAND)
2023,470329,SINAR MAS,OKI,SULTAN MAHMUD BADARUDDIN (U),SUMATERA SELATAN,500,212100,SINAR MAS,KING PAPER SOURCE TRADING (SHANGHAI) CO LTD,CHINA (MAINLAND),ZHENJIANG,CHINA (MAINLAND)
2023,470329,SINAR MAS,OKI,SULTAN MAHMUD BADARUDDIN (U),SUMATERA SELATAN,500,212100,SINAR MAS,KING PAPER SOURCE TRADING (SHANGHAI) CO LTD,CHINA (MAINLAND),ZHENJIANG,CHINA (MAINLAND)
2023,470329,SINAR MAS,OKI,SULTAN MAHMUD BADARUDDIN (U),SUMATERA SELATAN,500,212100,SINAR MAS,KING PAPER SOURCE TRADING (SHANGHAI) CO LTD,CHINA (MAINLAND),ZHENJIANG,CHINA (MAINLAND)
2023,470329,SINAR MAS,OKI,SULTAN MAHMUD BADARUDDIN (U),SUMATERA SELATAN,500,212100,SINAR MAS,KING PAPER SOURCE TRADING (SHANGHAI) CO LTD,CHINA (MAINLAND),ZHENJIANG,CHINA (MAINLAND)
2023,470329,SINAR MAS,OKI,SULTAN MAHMUD BADARUDDIN (U),SUMATERA SELATAN,500,212100,SINAR MAS,KING PAPER SOURCE TRADING (SHANGHAI) CO LTD,CHINA (MAINLAND),ZHENJIANG,CHINA (MAINLAND)
2023,470329,SINAR MAS,OKI,SULTAN MAHMUD BADARUDDIN (U),SUMATERA SELATAN,500,212100,SINAR MAS,KING PAPER SOURCE TRADING (SHANGHAI) CO LTD,CHINA (MAINLAND),ZHENJIANG,CHINA (MAINLAND)
2023,470329,SINAR MAS,OKI,SULTAN MAHMUD BADARUDDIN (U),SUMATERA SELATAN,500,212100,SINAR MAS,KING PAPER SOURCE TRADING (SHANGHAI) CO LTD,CHINA (MAINLAND),ZHENJIANG,CHINA (MAINLAND)
2023,470329,ROYAL GOLDEN EAGLE,APRIL,BUATAN,RIAU,1005,373849,ROYAL GOLDEN EAGLE,APRIL INTERNATIONAL ENTEPRISE PTE LTD,SINGAPORE,CHATTOGRAM,BANGLADESH
2023,470200,ROYAL GOLDEN EAGLE,APRIL,BUATAN,RIAU,1011,578573,ROYAL GOLDEN EAGLE,APRIL FAR EAST MALAYSIA SDN BHD,MALAYSIA,FUZHOU,CHINA (MAINLAND)
2023,470329,SINAR MAS,OKI,SULTAN MAHMUD BADARUDDIN (U),SUMATERA SELATAN,500,212100,SINAR MAS,KING PAPER SOURCE TRADING (SHANGHAI) CO LTD,CHINA (MAINLAND),ZHENJIANG,CHINA (MAINLAND)
2023,470329,ROYAL GOLDEN EAGLE,APRIL,BUATAN,RIAU,301,112031,ROYAL GOLDEN EAGLE,APRIL INTERNATIONAL ENTEPRISE PTE LTD,SINGAPORE,PAT BANGKOK,THAILAND
2023,470200,ROYAL GOLDEN EAGLE,APRIL,BUATAN,RIAU,506,289534,ROYAL GOLDEN EAGLE,APRIL FAR EAST MALAYSIA SDN BHD,MALAYSIA,JIUJIANG,CHINA (MAINLAND)
2023,470329,SINAR MAS,OKI,SULTAN MAHMUD BADARUDDIN (U),SUMATERA SELATAN,500,212100,SINAR MAS,KING PAPER SOURCE TRADING (SHANGHAI) CO LTD,CHINA (MAINLAND),ZHENJIANG,CHINA (MAINLAND)
2023,470329,SINAR MAS,INDAH KIAT,PERAWANG,RIAU,500,208872,UNKNOWN AFFILIATION,NIBONG TEBAL PAPER MILL SDN BHD,MALAYSIA,PENANG (GEORGETOWN),MALAYSIA
2023,470329,SINAR MAS,OKI,SULTAN MAHMUD BADARUDDIN (U),SUMATERA SELATAN,500,213750,SINAR MAS,KING PAPER SOURCE TRADING (SHANGHAI) CO LTD,CHINA (MAINLAND),QINZHOU,CHINA (MAINLAND)
2023,470329,SINAR MAS,OKI,SULTAN MAHMUD BADARUDDIN (U),SUMATERA SELATAN,500,212850,SINAR MAS,KING PAPER SOURCE TRADING (SHANGHAI) CO LTD,CHINA (MAINLAND),QINZHOU,CHINA (MAINLAND)
2023,470329,SINAR MAS,OKI,SULTAN MAHMUD BADARUDDIN (U),SUMATERA SELATAN,500,212850,SINAR MAS,KING PAPER SOURCE TRADING (SHANGHAI) CO LTD,CHINA (MAINLAND),QINZHOU,CHINA (MAINLAND)
2023,470329,SINAR MAS,OKI,SULTAN MAHMUD BADARUDDIN (U),SUMATERA SELATAN,500,212850,SINAR MAS,KING PAPER SOURCE TRADING (SHANGHAI) CO LTD,CHINA (MAINLAND),QINZHOU,CHINA (MAINLAND)
2023,470329,SINAR MAS,OKI,SULTAN MAHMUD BADARUDDIN (U),SUMATERA SELATAN,500,212850,SINAR MAS,KING PAPER SOURCE TRADING (SHANGHAI) CO LTD,CHINA (MAINLAND),QINZHOU,CHINA (MAINLAND)
2023,470329,SINAR MAS,INDAH KIAT,PERAWANG,RIAU,480,206800,UNKNOWN AFFILIATION,MAC-AAA FREIGHT & LOGISTICS LLC,UNITED ARAB EMIRATES,JEBEL ALI,NEW ZEALAND
2023,470329,SINAR MAS,OKI,SULTAN MAHMUD BADARUDDIN (U),SUMATERA SELATAN,500,212850,SINAR MAS,KING PAPER SOURCE TRADING (SHANGHAI) CO LTD,CHINA (MAINLAND),QINZHOU,CHINA (MAINLAND)
2023,470329,ROYAL GOLDEN EAGLE,APRIL,BUATAN,RIAU,503,186962,ROYAL GOLDEN EAGLE,APRIL INTERNATIONAL ENTEPRISE PTE LTD,SINGAPORE,TUTICORIN,INDIA
2023,470329,SINAR MAS,INDAH KIAT,PERAWANG,RIAU,500,215275,UNKNOWN AFFILIATION,AMBER SUPER PAPER LIMITED,BANGLADESH,CHATTOGRAM,BANGLADESH
2023,470329,SINAR MAS,OKI,SULTAN MAHMUD BADARUDDIN (U),SUMATERA SELATAN,500,212850,SINAR MAS,KING PAPER SOURCE TRADING (SHANGHAI) CO LTD,CHINA (MAINLAND),QINZHOU,CHINA (MAINLAND)
2023,470329,SINAR MAS,OKI,SULTAN MAHMUD BADARUDDIN (U),SUMATERA SELATAN,500,212850,SINAR MAS,KING PAPER SOURCE TRADING (SHANGHAI) CO LTD,CHINA (MAINLAND),QINZHOU,CHINA (MAINLAND)
2023,470329,SINAR MAS,OKI,SULTAN MAHMUD BADARUDDIN (U),SUMATERA SELATAN,500,212850,SINAR MAS,KING PAPER SOURCE TRADING (SHANGHAI) CO LTD,CHINA (MAINLAND),QINZHOU,CHINA (MAINLAND)
2023,470329,SINAR MAS,OKI,SULTAN MAHMUD BADARUDDIN (U),SUMATERA SELATAN,500,212850,SINAR MAS,KING PAPER SOURCE TRADING (SHANGHAI) CO LTD,CHINA (MAINLAND),QINZHOU,CHINA (MAINLAND)
2023,470329,SINAR MAS,INDAH KIAT,PERAWANG,RIAU,500,215275,UNKNOWN AFFILIATION,NITOL CURTIS PAPER MILLS LTD,BANGLADESH,CHATTOGRAM,BANGLADESH
2023,470329,SINAR MAS,INDAH KIAT,PERAWANG,RIAU,500,221701,PARTEX STAR,PARTEX PAPER MILLS LTD,BANGLADESH,CHATTOGRAM,BANGLADESH
2023,470329,SINAR MAS,OKI,SULTAN MAHMUD BADARUDDIN (U),SUMATERA SELATAN,500,212850,SINAR MAS,KING PAPER SOURCE TRADING (SHANGHAI) CO LTD,CHINA (MAINLAND),QINZHOU,CHINA (MAINLAND)
2023,470329,SINAR MAS,OKI,SULTAN MAHMUD BADARUDDIN (U),SUMATERA SELATAN,500,213750,SINAR MAS,KING PAPER SOURCE TRADING (SHANGHAI) CO LTD,CHINA (MAINLAND),QINZHOU,CHINA (MAINLAND)
2023,470329,SINAR MAS,OKI,SULTAN MAHMUD BADARUDDIN (U),SUMATERA SELATAN,500,212850,SINAR MAS,KING PAPER SOURCE TRADING (SHANGHAI) CO LTD,CHINA (MAINLAND),QINZHOU,CHINA (MAINLAND)
2023,470329,SINAR MAS,OKI,SULTAN MAHMUD BADARUDDIN (U),SUMATERA SELATAN,500,213750,SINAR MAS,KING PAPER SOURCE TRADING (SHANGHAI) CO LTD,CHINA (MAINLAND),QINZHOU,CHINA (MAINLAND)
2023,470329,SINAR MAS,OKI,SULTAN MAHMUD BADARUDDIN (U),SUMATERA SELATAN,500,212850,SINAR MAS,KING PAPER SOURCE TRADING (SHANGHAI) CO LTD,CHINA (MAINLAND),QINZHOU,CHINA (MAINLAND)
2023,470329,SINAR MAS,OKI,SULTAN MAHMUD BADARUDDIN (U),SUMATERA SELATAN,500,213750,SINAR MAS,KING PAPER SOURCE TRADING (SHANGHAI) CO LTD,CHINA (MAINLAND),QINZHOU,CHINA (MAINLAND)
2023,470329,SINAR MAS,OKI,SULTAN MAHMUD BADARUDDIN (U),SUMATERA SELATAN,100,42570,SINAR MAS,KING PAPER SOURCE TRADING (SHANGHAI) CO LTD,CHINA (MAINLAND),QINZHOU,CHINA (MAINLAND)
2023,470329,SINAR MAS,OKI,SULTAN MAHMUD BADARUDDIN (U),SUMATERA SELATAN,500,213750,SINAR MAS,KING PAPER SOURCE TRADING (SHANGHAI) CO LTD,CHINA (MAINLAND),QINZHOU,CHINA (MAINLAND)
2023,470329,ROYAL GOLDEN EAGLE,APRIL,BUATAN,RIAU,1003,373216,ROYAL GOLDEN EAGLE,APRIL INTERNATIONAL ENTEPRISE PTE LTD,SINGAPORE,NINGBO,CHINA (MAINLAND)
2023,470329,SINAR MAS,OKI,SULTAN MAHMUD BADARUDDIN (U),SUMATERA SELATAN,500,212850,SINAR MAS,KING PAPER SOURCE TRADING (SHANGHAI) CO LTD,CHINA (MAINLAND),QINZHOU,CHINA (MAINLAND)
2023,470329,SINAR MAS,OKI,SULTAN MAHMUD BADARUDDIN (U),SUMATERA SELATAN,500,212850,SINAR MAS,KING PAPER SOURCE TRADING (SHANGHAI) CO LTD,CHINA (MAINLAND),QINZHOU,CHINA (MAINLAND)
2023,470329,SINAR MAS,OKI,SULTAN MAHMUD BADARUDDIN (U),SUMATERA SELATAN,50,21285,SINAR MAS,KING PAPER SOURCE TRADING (SHANGHAI) CO LTD,CHINA (MAINLAND),QINZHOU,CHINA (MAINLAND)
2023,470329,SINAR MAS,OKI,SULTAN MAHMUD BADARUDDIN (U),SUMATERA SELATAN,500,213750,SINAR MAS,KING PAPER SOURCE TRADING (SHANGHAI) CO LTD,CHINA (MAINLAND),QINZHOU,CHINA (MAINLAND)
2023,470329,SINAR MAS,OKI,SULTAN MAHMUD BADARUDDIN (U),SUMATERA SELATAN,500,212850,SINAR MAS,KING PAPER SOURCE TRADING (SHANGHAI) CO LTD,CHINA (MAINLAND),QINZHOU,CHINA (MAINLAND)
2023,470329,SINAR MAS,OKI,SULTAN MAHMUD BADARUDDIN (U),SUMATERA SELATAN,500,212850,SINAR MAS,KING PAPER SOURCE TRADING (SHANGHAI) CO LTD,CHINA (MAINLAND),QINZHOU,CHINA (MAINLAND)
2023,470329,SINAR MAS,OKI,SULTAN MAHMUD BADARUDDIN (U),SUMATERA SELATAN,500,212850,SINAR MAS,KING PAPER SOURCE TRADING (SHANGHAI) CO LTD,CHINA (MAINLAND),QINZHOU,CHINA (MAINLAND)
2023,470329,SINAR MAS,INDAH KIAT,PERAWANG,RIAU,500,215275,UNKNOWN AFFILIATION,NITOL CURTIS PAPER MILLS LTD,BANGLADESH,CHATTOGRAM,BANGLADESH
2023,470329,SINAR MAS,OKI,SULTAN MAHMUD BADARUDDIN (U),SUMATERA SELATAN,500,212850,SINAR MAS,KING PAPER SOURCE TRADING (SHANGHAI) CO LTD,CHINA (MAINLAND),QINZHOU,CHINA (MAINLAND)
2023,470329,SINAR MAS,INDAH KIAT,PERAWANG,RIAU,500,215275,UNKNOWN AFFILIATION,AMBER SUPER PAPER LIMITED,BANGLADESH,CHATTOGRAM,BANGLADESH
2023,470329,ROYAL GOLDEN EAGLE,APRIL,BUATAN,RIAU,502,186680,ROYAL GOLDEN EAGLE,APRIL INTERNATIONAL ENTEPRISE PTE LTD,SINGAPORE,CHAWAPAYAL,INDIA
2023,470329,ROYAL GOLDEN EAGLE,APRIL,BUATAN,RIAU,301,112072,ROYAL GOLDEN EAGLE,APRIL INTERNATIONAL ENTEPRISE PTE LTD,SINGAPORE,KATHUWAS ICD/ALWAR,INDIA
2023,470200,ROYAL GOLDEN EAGLE,APRIL,FUTONG,RIAU,7759,4482464,ROYAL GOLDEN EAGLE,APRIL FAR EAST MALAYSIA SDN BHD,MALAYSIA,XIUYING,CHINA (MAINLAND)
2023,470329,ROYAL GOLDEN EAGLE,APRIL,FUTONG,RIAU,6028,2242344,ROYAL GOLDEN EAGLE,APRIL INTERNATIONAL ENTEPRISE PTE LTD,SINGAPORE,CHANGSHU,CHINA (MAINLAND)
2023,470329,ROYAL GOLDEN EAGLE,APRIL,FUTONG,RIAU,13651,5059962,ROYAL GOLDEN EAGLE,APRIL INTERNATIONAL ENTEPRISE PTE LTD,SINGAPORE,CHANGSHU,CHINA (MAINLAND)
2023,470200,ROYAL GOLDEN EAGLE,APRIL,BUATAN,RIAU,973,556400,ROYAL GOLDEN EAGLE,APRIL FAR EAST MALAYSIA SDN BHD,MALAYSIA,FUZHOU,CHINA (MAINLAND)
2023,470200,ROYAL GOLDEN EAGLE,APRIL,FUTONG,RIAU,1014,579830,ROYAL GOLDEN EAGLE,APRIL FAR EAST MALAYSIA SDN BHD,MALAYSIA,CHANGSHU,CHINA (MAINLAND)
2023,470200,ROYAL GOLDEN EAGLE,APRIL,FUTONG,RIAU,6484,3708639,ROYAL GOLDEN EAGLE,APRIL FAR EAST MALAYSIA SDN BHD,MALAYSIA,CHANGSHU,CHINA (MAINLAND)
2023,470329,ROYAL GOLDEN EAGLE,APRIL,FUTONG,RIAU,201,74707,ROYAL GOLDEN EAGLE,APRIL FAR EAST MALAYSIA SDN BHD,MALAYSIA,CHANGSHU,CHINA (MAINLAND)
2023,470329,ROYAL GOLDEN EAGLE,APRIL,BUATAN,RIAU,502,186779,ROYAL GOLDEN EAGLE,APRIL INTERNATIONAL ENTEPRISE PTE LTD,SINGAPORE,TUTICORIN,INDIA
2023,470200,ROYAL GOLDEN EAGLE,APRIL,FUTONG,RIAU,3091,1767853,ROYAL GOLDEN EAGLE,APRIL FAR EAST MALAYSIA SDN BHD,MALAYSIA,CHANGSHU,CHINA (MAINLAND)
2023,470200,ROYAL GOLDEN EAGLE,APRIL,FUTONG,RIAU,3186,1822230,ROYAL GOLDEN EAGLE,APRIL FAR EAST MALAYSIA SDN BHD,MALAYSIA,XIUYING,CHINA (MAINLAND)
2023,470329,ROYAL GOLDEN EAGLE,APRIL,BUATAN,RIAU,1003,373164,ROYAL GOLDEN EAGLE,APRIL INTERNATIONAL ENTEPRISE PTE LTD,SINGAPORE,NINGBO,CHINA (MAINLAND)
2023,470329,ROYAL GOLDEN EAGLE,APRIL,FUTONG,RIAU,60,22368,ROYAL GOLDEN EAGLE,APRIL INTERNATIONAL ENTEPRISE PTE LTD,SINGAPORE,SANAND,INDIA
2023,470200,ROYAL GOLDEN EAGLE,APRIL,FUTONG,RIAU,506,289664,ROYAL GOLDEN EAGLE,APRIL FAR EAST MALAYSIA SDN BHD,MALAYSIA,JIUJIANG,CHINA (MAINLAND)
2023,470329,MARUBENI,TANJUNG ENIM LESTARI,PANJANG,SUMATERA SELATAN,297,144056,MARUBENI,MARUBENI CORP,JAPAN,SHIMIZU,JAPAN
2023,470329,ROYAL GOLDEN EAGLE,APRIL,BUATAN,RIAU,301,112059,ROYAL GOLDEN EAGLE,APRIL INTERNATIONAL ENTEPRISE PTE LTD,SINGAPORE,XINHUI,CHINA (MAINLAND)
2023,470200,ROYAL GOLDEN EAGLE,APRIL,FUTONG,RIAU,515,305756,ROYAL GOLDEN EAGLE,APRIL FAR EAST MALAYSIA SDN BHD,MALAYSIA,JIUJIANG,CHINA (MAINLAND)
2023,470329,SINAR MAS,OKI,SULTAN MAHMUD BADARUDDIN (U),SUMATERA SELATAN,500,212100,SINAR MAS,KING PAPER SOURCE TRADING (SHANGHAI) CO LTD,CHINA (MAINLAND),ZHENJIANG,CHINA (MAINLAND)
2023,470200,ROYAL GOLDEN EAGLE,APRIL,FUTONG,RIAU,1029,600044,ROYAL GOLDEN EAGLE,APRIL FAR EAST MALAYSIA SDN BHD,MALAYSIA,JIUJIANG,CHINA (MAINLAND)
2023,470200,ROYAL GOLDEN EAGLE,APRIL,FUTONG,RIAU,1014,580182,ROYAL GOLDEN EAGLE,APRIL FAR EAST MALAYSIA SDN BHD,MALAYSIA,LIANYUNGANG,CHINA (MAINLAND)
2023,470200,ROYAL GOLDEN EAGLE,APRIL,FUTONG,RIAU,507,290191,ROYAL GOLDEN EAGLE,APRIL FAR EAST MALAYSIA SDN BHD,MALAYSIA,LIANYUNGANG,CHINA (MAINLAND)
2023,470329,ROYAL GOLDEN EAGLE,APRIL,FUTONG,RIAU,341,126939,ROYAL GOLDEN EAGLE,APRIL INTERNATIONAL ENTEPRISE PTE LTD,SINGAPORE,JAWAHARLAL NEHRU (NHAVA S,INDIA
2023,470200,ROYAL GOLDEN EAGLE,APRIL,BUATAN,RIAU,507,289759,ROYAL GOLDEN EAGLE,APRIL FAR EAST MALAYSIA SDN BHD,MALAYSIA,FUZHOU,CHINA (MAINLAND)
2023,470329,SINAR MAS,INDAH KIAT,PERAWANG,RIAU,1500,640155,UNKNOWN AFFILIATION,THAI PAPER CO LTD,THAILAND,LAT KRABANG,THAILAND
2023,470329,ROYAL GOLDEN EAGLE,APRIL,FUTONG,RIAU,402,149593,ROYAL GOLDEN EAGLE,APRIL INTERNATIONAL ENTEPRISE PTE LTD,SINGAPORE,KATHUWAS ICD/ALWAR,INDIA
2023,470200,ROYAL GOLDEN EAGLE,APRIL,BUATAN,RIAU,41,23217,ROYAL GOLDEN EAGLE,APRIL FAR EAST MALAYSIA SDN BHD,MALAYSIA,FUZHOU,CHINA (MAINLAND)
2023,470329,ROYAL GOLDEN EAGLE,APRIL,FUTONG,RIAU,201,74646,ROYAL GOLDEN EAGLE,APRIL INTERNATIONAL ENTEPRISE PTE LTD,SINGAPORE,MUNDRA,INDIA
2023,470329,MARUBENI,TANJUNG ENIM LESTARI,PANJANG,SUMATERA SELATAN,602,270032,MARUBENI,MARUBENI CORP,JAPAN,XINHUI,CHINA (MAINLAND)
2023,470329,SINAR MAS,OKI,SULTAN MAHMUD BADARUDDIN (U),SUMATERA SELATAN,500,213000,SINAR MAS,KING PAPER SOURCE TRADING (SHANGHAI) CO LTD,CHINA (MAINLAND),ZHENJIANG,CHINA (MAINLAND)
2023,470329,SINAR MAS,OKI,SULTAN MAHMUD BADARUDDIN (U),SUMATERA SELATAN,500,213000,SINAR MAS,KING PAPER SOURCE TRADING (SHANGHAI) CO LTD,CHINA (MAINLAND),ZHENJIANG,CHINA (MAINLAND)
2023,470329,SINAR MAS,OKI,SULTAN MAHMUD BADARUDDIN (U),SUMATERA SELATAN,500,213000,SINAR MAS,KING PAPER SOURCE TRADING (SHANGHAI) CO LTD,CHINA (MAINLAND),ZHENJIANG,CHINA (MAINLAND)
2023,470329,SINAR MAS,OKI,SULTAN MAHMUD BADARUDDIN (U),SUMATERA SELATAN,500,213000,SINAR MAS,KING PAPER SOURCE TRADING (SHANGHAI) CO LTD,CHINA (MAINLAND),ZHENJIANG,CHINA (MAINLAND)
2023,470329,SINAR MAS,OKI,SULTAN MAHMUD BADARUDDIN (U),SUMATERA SELATAN,500,213000,SINAR MAS,KING PAPER SOURCE TRADING (SHANGHAI) CO LTD,CHINA (MAINLAND),ZHENJIANG,CHINA (MAINLAND)
2023,470329,SINAR MAS,OKI,SULTAN MAHMUD BADARUDDIN (U),SUMATERA SELATAN,500,213000,SINAR MAS,KING PAPER SOURCE TRADING (SHANGHAI) CO LTD,CHINA (MAINLAND),ZHENJIANG,CHINA (MAINLAND)
2023,470329,SINAR MAS,OKI,SULTAN MAHMUD BADARUDDIN (U),SUMATERA SELATAN,500,212100,SINAR MAS,KING PAPER SOURCE TRADING (SHANGHAI) CO LTD,CHINA (MAINLAND),ZHENJIANG,CHINA (MAINLAND)
2023,470329,SINAR MAS,OKI,SULTAN MAHMUD BADARUDDIN (U),SUMATERA SELATAN,500,212100,SINAR MAS,KING PAPER SOURCE TRADING (SHANGHAI) CO LTD,CHINA (MAINLAND),ZHENJIANG,CHINA (MAINLAND)
2023,470329,SINAR MAS,OKI,SULTAN MAHMUD BADARUDDIN (U),SUMATERA SELATAN,500,212100,SINAR MAS,KING PAPER SOURCE TRADING (SHANGHAI) CO LTD,CHINA (MAINLAND),ZHENJIANG,CHINA (MAINLAND)
2023,470329,SINAR MAS,OKI,SULTAN MAHMUD BADARUDDIN (U),SUMATERA SELATAN,500,212100,SINAR MAS,KING PAPER SOURCE TRADING (SHANGHAI) CO LTD,CHINA (MAINLAND),ZHENJIANG,CHINA (MAINLAND)
2023,470329,SINAR MAS,OKI,SULTAN MAHMUD BADARUDDIN (U),SUMATERA SELATAN,500,212100,SINAR MAS,KING PAPER SOURCE TRADING (SHANGHAI) CO LTD,CHINA (MAINLAND),ZHENJIANG,CHINA (MAINLAND)
2023,470329,SINAR MAS,OKI,SULTAN MAHMUD BADARUDDIN (U),SUMATERA SELATAN,300,127260,SINAR MAS,KING PAPER SOURCE TRADING (SHANGHAI) CO LTD,CHINA (MAINLAND),ZHENJIANG,CHINA (MAINLAND)
2023,470329,ROYAL GOLDEN EAGLE,APRIL,BUATAN,RIAU,502,186809,ROYAL GOLDEN EAGLE,APRIL INTERNATIONAL ENTEPRISE PTE LTD,SINGAPORE,JAWAHARLAL NEHRU (NHAVA S,INDIA
2023,470329,MARUBENI,TANJUNG ENIM LESTARI,PANJANG,SUMATERA SELATAN,714,328914,MARUBENI,MARUBENI CORP,JAPAN,NINGBO,CHINA (MAINLAND)
2023,470329,MARUBENI,TANJUNG ENIM LESTARI,PANJANG,SUMATERA SELATAN,108,50120,MARUBENI,MARUBENI CORP,JAPAN,ICD MIHAN,INDIA
2023,470329,SINAR MAS,OKI,SULTAN MAHMUD BADARUDDIN (U),SUMATERA SELATAN,500,213000,SINAR MAS,KING PAPER SOURCE TRADING (SHANGHAI) CO LTD,CHINA (MAINLAND),ZHENJIANG,CHINA (MAINLAND)
2023,470329,SINAR MAS,OKI,SULTAN MAHMUD BADARUDDIN (U),SUMATERA SELATAN,500,213000,SINAR MAS,KING PAPER SOURCE TRADING (SHANGHAI) CO LTD,CHINA (MAINLAND),ZHENJIANG,CHINA (MAINLAND)
2023,470329,SINAR MAS,INDAH KIAT,PERAWANG,RIAU,500,209136,NTPM HOLDINGS BHD,NTPM (VIETNAM) CO LTD,VIETNAM,CAT LAI,VIETNAM
2023,470329,SINAR MAS,OKI,SULTAN MAHMUD BADARUDDIN (U),SUMATERA SELATAN,500,212100,SINAR MAS,KING PAPER SOURCE TRADING (SHANGHAI) CO LTD,CHINA (MAINLAND),ZHENJIANG,CHINA (MAINLAND)
2023,470329,SINAR MAS,OKI,SULTAN MAHMUD BADARUDDIN (U),SUMATERA SELATAN,500,213000,SINAR MAS,KING PAPER SOURCE TRADING (SHANGHAI) CO LTD,CHINA (MAINLAND),ZHENJIANG,CHINA (MAINLAND)
2023,470329,SINAR MAS,OKI,SULTAN MAHMUD BADARUDDIN (U),SUMATERA SELATAN,400,170400,SINAR MAS,KING PAPER SOURCE TRADING (SHANGHAI) CO LTD,CHINA (MAINLAND),ZHENJIANG,CHINA (MAINLAND)
2023,470329,SINAR MAS,OKI,SULTAN MAHMUD BADARUDDIN (U),SUMATERA SELATAN,500,213000,SINAR MAS,KING PAPER SOURCE TRADING (SHANGHAI) CO LTD,CHINA (MAINLAND),ZHENJIANG,CHINA (MAINLAND)
2023,470329,SINAR MAS,OKI,SULTAN MAHMUD BADARUDDIN (U),SUMATERA SELATAN,400,170400,SINAR MAS,KING PAPER SOURCE TRADING (SHANGHAI) CO LTD,CHINA (MAINLAND),ZHENJIANG,CHINA (MAINLAND)
2023,470329,SINAR MAS,OKI,SULTAN MAHMUD BADARUDDIN (U),SUMATERA SELATAN,500,213000,SINAR MAS,KING PAPER SOURCE TRADING (SHANGHAI) CO LTD,CHINA (MAINLAND),ZHENJIANG,CHINA (MAINLAND)
2023,470329,SINAR MAS,OKI,SULTAN MAHMUD BADARUDDIN (U),SUMATERA SELATAN,500,212100,SINAR MAS,KING PAPER SOURCE TRADING (SHANGHAI) CO LTD,CHINA (MAINLAND),ZHENJIANG,CHINA (MAINLAND)
2023,470329,SINAR MAS,OKI,SULTAN MAHMUD BADARUDDIN (U),SUMATERA SELATAN,500,213000,SINAR MAS,KING PAPER SOURCE TRADING (SHANGHAI) CO LTD,CHINA (MAINLAND),ZHENJIANG,CHINA (MAINLAND)
2023,470329,SINAR MAS,OKI,SULTAN MAHMUD BADARUDDIN (U),SUMATERA SELATAN,500,213000,SINAR MAS,KING PAPER SOURCE TRADING (SHANGHAI) CO LTD,CHINA (MAINLAND),ZHENJIANG,CHINA (MAINLAND)
2023,470329,SINAR MAS,OKI,SULTAN MAHMUD BADARUDDIN (U),SUMATERA SELATAN,500,213000,SINAR MAS,KING PAPER SOURCE TRADING (SHANGHAI) CO LTD,CHINA (MAINLAND),ZHENJIANG,CHINA (MAINLAND)
2023,470329,SINAR MAS,OKI,SULTAN MAHMUD BADARUDDIN (U),SUMATERA SELATAN,500,213000,SINAR MAS,KING PAPER SOURCE TRADING (SHANGHAI) CO LTD,CHINA (MAINLAND),ZHENJIANG,CHINA (MAINLAND)
2023,470329,SINAR MAS,OKI,SULTAN MAHMUD BADARUDDIN (U),SUMATERA SELATAN,500,213000,SINAR MAS,KING PAPER SOURCE TRADING (SHANGHAI) CO LTD,CHINA (MAINLAND),ZHENJIANG,CHINA (MAINLAND)
2023,470329,SINAR MAS,OKI,SULTAN MAHMUD BADARUDDIN (U),SUMATERA SELATAN,500,213000,SINAR MAS,KING PAPER SOURCE TRADING (SHANGHAI) CO LTD,CHINA (MAINLAND),ZHENJIANG,CHINA (MAINLAND)
2023,470329,SINAR MAS,OKI,SULTAN MAHMUD BADARUDDIN (U),SUMATERA SELATAN,500,213000,SINAR MAS,KING PAPER SOURCE TRADING (SHANGHAI) CO LTD,CHINA (MAINLAND),ZHENJIANG,CHINA (MAINLAND)
2023,470200,ROYAL GOLDEN EAGLE,APRIL,BUATAN,RIAU,20,12035,ROYAL GOLDEN EAGLE,APRIL FAR EAST MALAYSIA SDN BHD,MALAYSIA,FUZHOU,CHINA (MAINLAND)
2023,470329,SINAR MAS,OKI,SULTAN MAHMUD BADARUDDIN (U),SUMATERA SELATAN,500,213000,SINAR MAS,KING PAPER SOURCE TRADING (SHANGHAI) CO LTD,CHINA (MAINLAND),ZHENJIANG,CHINA (MAINLAND)
2023,470329,SINAR MAS,OKI,SULTAN MAHMUD BADARUDDIN (U),SUMATERA SELATAN,500,213000,SINAR MAS,KING PAPER SOURCE TRADING (SHANGHAI) CO LTD,CHINA (MAINLAND),ZHENJIANG,CHINA (MAINLAND)
2023,470329,SINAR MAS,OKI,SULTAN MAHMUD BADARUDDIN (U),SUMATERA SELATAN,500,212100,SINAR MAS,KING PAPER SOURCE TRADING (SHANGHAI) CO LTD,CHINA (MAINLAND),ZHENJIANG,CHINA (MAINLAND)
2023,470329,MARUBENI,TANJUNG ENIM LESTARI,PANJANG,SUMATERA SELATAN,498,237527,MARUBENI,MARUBENI CORP,JAPAN,QINGDAO,CHINA (MAINLAND)
2023,470329,MARUBENI,TANJUNG ENIM LESTARI,PANJANG,SUMATERA SELATAN,304,136162,MARUBENI,MARUBENI CORP,JAPAN,WUHAN,CHINA (MAINLAND)
2023,470329,SINAR MAS,OKI,SULTAN MAHMUD BADARUDDIN (U),SUMATERA SELATAN,500,213000,SINAR MAS,KING PAPER SOURCE TRADING (SHANGHAI) CO LTD,CHINA (MAINLAND),ZHENJIANG,CHINA (MAINLAND)
2023,470329,SINAR MAS,OKI,SULTAN MAHMUD BADARUDDIN (U),SUMATERA SELATAN,500,213000,SINAR MAS,KING PAPER SOURCE TRADING (SHANGHAI) CO LTD,CHINA (MAINLAND),ZHENJIANG,CHINA (MAINLAND)
2023,470329,SINAR MAS,OKI,SULTAN MAHMUD BADARUDDIN (U),SUMATERA SELATAN,500,213000,SINAR MAS,KING PAPER SOURCE TRADING (SHANGHAI) CO LTD,CHINA (MAINLAND),ZHENJIANG,CHINA (MAINLAND)
2023,470329,SINAR MAS,OKI,SULTAN MAHMUD BADARUDDIN (U),SUMATERA SELATAN,500,213000,SINAR MAS,KING PAPER SOURCE TRADING (SHANGHAI) CO LTD,CHINA (MAINLAND),ZHENJIANG,CHINA (MAINLAND)
2023,470329,SINAR MAS,OKI,SULTAN MAHMUD BADARUDDIN (U),SUMATERA SELATAN,500,212100,SINAR MAS,KING PAPER SOURCE TRADING (SHANGHAI) CO LTD,CHINA (MAINLAND),ZHENJIANG,CHINA (MAINLAND)
2023,470329,MARUBENI,TANJUNG ENIM LESTARI,PANJANG,SUMATERA SELATAN,498,222627,MARUBENI,MARUBENI CORP,JAPAN,WUHAN,CHINA (MAINLAND)
2023,470329,SINAR MAS,OKI,SULTAN MAHMUD BADARUDDIN (U),SUMATERA SELATAN,500,213000,SINAR MAS,KING PAPER SOURCE TRADING (SHANGHAI) CO LTD,CHINA (MAINLAND),ZHENJIANG,CHINA (MAINLAND)
2023,470329,SINAR MAS,OKI,SULTAN MAHMUD BADARUDDIN (U),SUMATERA SELATAN,500,212100,SINAR MAS,KING PAPER SOURCE TRADING (SHANGHAI) CO LTD,CHINA (MAINLAND),ZHENJIANG,CHINA (MAINLAND)
2023,470329,SINAR MAS,OKI,SULTAN MAHMUD BADARUDDIN (U),SUMATERA SELATAN,100,42600,SINAR MAS,KING PAPER SOURCE TRADING (SHANGHAI) CO LTD,CHINA (MAINLAND),ZHENJIANG,CHINA (MAINLAND)
2023,470329,SINAR MAS,OKI,SULTAN MAHMUD BADARUDDIN (U),SUMATERA SELATAN,500,213000,SINAR MAS,KING PAPER SOURCE TRADING (SHANGHAI) CO LTD,CHINA (MAINLAND),ZHENJIANG,CHINA (MAINLAND)
2023,470329,SINAR MAS,OKI,SULTAN MAHMUD BADARUDDIN (U),SUMATERA SELATAN,500,213000,SINAR MAS,KING PAPER SOURCE TRADING (SHANGHAI) CO LTD,CHINA (MAINLAND),ZHENJIANG,CHINA (MAINLAND)
2023,470329,SINAR MAS,OKI,SULTAN MAHMUD BADARUDDIN (U),SUMATERA SELATAN,500,213000,SINAR MAS,KING PAPER SOURCE TRADING (SHANGHAI) CO LTD,CHINA (MAINLAND),ZHENJIANG,CHINA (MAINLAND)
2023,470329,SINAR MAS,OKI,SULTAN MAHMUD BADARUDDIN (U),SUMATERA SELATAN,500,212100,SINAR MAS,KING PAPER SOURCE TRADING (SHANGHAI) CO LTD,CHINA (MAINLAND),ZHENJIANG,CHINA (MAINLAND)
2023,470329,SINAR MAS,OKI,SULTAN MAHMUD BADARUDDIN (U),SUMATERA SELATAN,500,212100,SINAR MAS,KING PAPER SOURCE TRADING (SHANGHAI) CO LTD,CHINA (MAINLAND),ZHENJIANG,CHINA (MAINLAND)
2023,470329,SINAR MAS,OKI,SULTAN MAHMUD BADARUDDIN (U),SUMATERA SELATAN,500,212100,SINAR MAS,KING PAPER SOURCE TRADING (SHANGHAI) CO LTD,CHINA (MAINLAND),ZHENJIANG,CHINA (MAINLAND)
2023,470329,SINAR MAS,OKI,SULTAN MAHMUD BADARUDDIN (U),SUMATERA SELATAN,500,212100,SINAR MAS,KING PAPER SOURCE TRADING (SHANGHAI) CO LTD,CHINA (MAINLAND),ZHENJIANG,CHINA (MAINLAND)
2023,470329,SINAR MAS,INDAH KIAT,PERAWANG,RIAU,1000,426770,BJC,BERLI JUCKER CELLOX LTD,THAILAND,LAT KRABANG,THAILAND
2023,470329,MARUBENI,TANJUNG ENIM LESTARI,PANJANG,SUMATERA SELATAN,496,241402,MARUBENI,MARUBENI CORP,JAPAN,QINGDAO,CHINA (MAINLAND)
2023,470200,ROYAL GOLDEN EAGLE,APRIL,FUTONG,RIAU,507,289963,ROYAL GOLDEN EAGLE,APRIL FAR EAST MALAYSIA SDN BHD,MALAYSIA,JIUJIANG,CHINA (MAINLAND)
2023,470329,ROYAL GOLDEN EAGLE,APRIL,BUATAN,RIAU,261,97189,ROYAL GOLDEN EAGLE,APRIL INTERNATIONAL ENTEPRISE PTE LTD,SINGAPORE,PIPAVAV (VICTOR) PORT,INDIA
2023,470329,ROYAL GOLDEN EAGLE,APRIL,BUATAN,RIAU,241,89737,ROYAL GOLDEN EAGLE,APRIL INTERNATIONAL ENTEPRISE PTE LTD,SINGAPORE,PIPAVAV (VICTOR) PORT,INDIA
2023,470329,ROYAL GOLDEN EAGLE,APRIL,BUATAN,RIAU,301,112100,ROYAL GOLDEN EAGLE,APRIL INTERNATIONAL ENTEPRISE PTE LTD,SINGAPORE,PAT BANGKOK,THAILAND
2023,470329,SINAR MAS,INDAH KIAT,PERAWANG,RIAU,500,214590,SINAR MAS,KING PAPER SOURCE TRADING (SHANGHAI) CO LTD,CHINA (MAINLAND),QINZHOU,CHINA (MAINLAND)
2023,470329,ROYAL GOLDEN EAGLE,APRIL,FUTONG,RIAU,3517,1308356,ROYAL GOLDEN EAGLE,APRIL INTERNATIONAL ENTEPRISE PTE LTD,SINGAPORE,PYONGTAEK,SOUTH KOREA
2023,470329,ROYAL GOLDEN EAGLE,APRIL,BUATAN,RIAU,1005,373769,ROYAL GOLDEN EAGLE,APRIL INTERNATIONAL ENTEPRISE PTE LTD,SINGAPORE,TUTICORIN,INDIA
2023,470329,ROYAL GOLDEN EAGLE,APRIL,FUTONG,RIAU,2809,1044949,ROYAL GOLDEN EAGLE,APRIL INTERNATIONAL ENTEPRISE PTE LTD,SOUTH KOREA,GUNSAN (ES KUNSAN),SOUTH KOREA
2023,470200,ROYAL GOLDEN EAGLE,APRIL,BUATAN,RIAU,515,294486,ROYAL GOLDEN EAGLE,APRIL FAR EAST MALAYSIA SDN BHD,MALAYSIA,JIUJIANG,CHINA (MAINLAND)
2023,470329,SINAR MAS,OKI,SULTAN MAHMUD BADARUDDIN (U),SUMATERA SELATAN,500,205225,SINAR MAS,KING PAPER SOURCE TRADING (SHANGHAI) CO LTD,CHINA (MAINLAND),CHANGSHU,CHINA (MAINLAND)
2023,470329,ROYAL GOLDEN EAGLE,APRIL,BUATAN,RIAU,744,276599,ROYAL GOLDEN EAGLE,APRIL INTERNATIONAL ENTEPRISE PTE LTD,SINGAPORE,CHATTOGRAM,BANGLADESH
2023,470329,ROYAL GOLDEN EAGLE,APRIL,FUTONG,RIAU,1106,411253,ROYAL GOLDEN EAGLE,APRIL FAR EAST MALAYSIA SDN BHD,MALAYSIA,IYOMISHIMA,JAPAN
2023,470329,ROYAL GOLDEN EAGLE,APRIL,FUTONG,RIAU,1708,635367,ROYAL GOLDEN EAGLE,APRIL INTERNATIONAL ENTEPRISE PTE LTD,SINGAPORE,PYONGTAEK,SOUTH KOREA
2023,470200,ROYAL GOLDEN EAGLE,APRIL,BUATAN,RIAU,41,23549,ROYAL GOLDEN EAGLE,APRIL FAR EAST MALAYSIA SDN BHD,MALAYSIA,JIUJIANG,CHINA (MAINLAND)
2023,470329,SINAR MAS,OKI,SULTAN MAHMUD BADARUDDIN (U),SUMATERA SELATAN,500,205250,SINAR MAS,SHANDONG BOHUI PAPER INDUSTRY CO LTD,CHINA (MAINLAND),QINGDAO,CHINA (MAINLAND)
2023,470329,SINAR MAS,OKI,SULTAN MAHMUD BADARUDDIN (U),SUMATERA SELATAN,500,204350,SINAR MAS,SHANDONG BOHUI PAPER INDUSTRY CO LTD,CHINA (MAINLAND),QINGDAO,CHINA (MAINLAND)
2023,470329,SINAR MAS,OKI,SULTAN MAHMUD BADARUDDIN (U),SUMATERA SELATAN,500,204350,SINAR MAS,SHANDONG BOHUI PAPER INDUSTRY CO LTD,CHINA (MAINLAND),QINGDAO,CHINA (MAINLAND)
2023,470329,SINAR MAS,OKI,SULTAN MAHMUD BADARUDDIN (U),SUMATERA SELATAN,500,204350,SINAR MAS,SHANDONG BOHUI PAPER INDUSTRY CO LTD,CHINA (MAINLAND),QINGDAO,CHINA (MAINLAND)
2023,470329,SINAR MAS,OKI,SULTAN MAHMUD BADARUDDIN (U),SUMATERA SELATAN,500,204350,SINAR MAS,SHANDONG BOHUI PAPER INDUSTRY CO LTD,CHINA (MAINLAND),QINGDAO,CHINA (MAINLAND)
2023,470329,SINAR MAS,OKI,SULTAN MAHMUD BADARUDDIN (U),SUMATERA SELATAN,500,204350,SINAR MAS,SHANDONG BOHUI PAPER INDUSTRY CO LTD,CHINA (MAINLAND),QINGDAO,CHINA (MAINLAND)
2023,470329,SINAR MAS,OKI,SULTAN MAHMUD BADARUDDIN (U),SUMATERA SELATAN,500,204350,SINAR MAS,SHANDONG BOHUI PAPER INDUSTRY CO LTD,CHINA (MAINLAND),QINGDAO,CHINA (MAINLAND)
2023,470329,MARUBENI,TANJUNG ENIM LESTARI,PANJANG,SUMATERA SELATAN,605,266418,MARUBENI,MARUBENI CORP,JAPAN,XINHUI,CHINA (MAINLAND)
2023,470329,SINAR MAS,OKI,SULTAN MAHMUD BADARUDDIN (U),SUMATERA SELATAN,500,205225,SINAR MAS,JIANGSU BOHUI PAPER INDUSTRY CO LTD.,CHINA (MAINLAND),CHANGSHU,CHINA (MAINLAND)
2023,470329,SINAR MAS,OKI,SULTAN MAHMUD BADARUDDIN (U),SUMATERA SELATAN,500,205250,SINAR MAS,SHANDONG BOHUI PAPER INDUSTRY CO LTD,CHINA (MAINLAND),QINGDAO,CHINA (MAINLAND)
2023,470329,SINAR MAS,OKI,SULTAN MAHMUD BADARUDDIN (U),SUMATERA SELATAN,500,204350,SINAR MAS,SHANDONG BOHUI PAPER INDUSTRY CO LTD,CHINA (MAINLAND),QINGDAO,CHINA (MAINLAND)
2023,470329,SINAR MAS,OKI,SULTAN MAHMUD BADARUDDIN (U),SUMATERA SELATAN,500,204350,SINAR MAS,SHANDONG BOHUI PAPER INDUSTRY CO LTD,CHINA (MAINLAND),QINGDAO,CHINA (MAINLAND)
2023,470329,SINAR MAS,OKI,SULTAN MAHMUD BADARUDDIN (U),SUMATERA SELATAN,500,204350,SINAR MAS,SHANDONG BOHUI PAPER INDUSTRY CO LTD,CHINA (MAINLAND),QINGDAO,CHINA (MAINLAND)
2023,470329,SINAR MAS,OKI,SULTAN MAHMUD BADARUDDIN (U),SUMATERA SELATAN,500,204350,SINAR MAS,SHANDONG BOHUI PAPER INDUSTRY CO LTD,CHINA (MAINLAND),QINGDAO,CHINA (MAINLAND)
2023,470329,SINAR MAS,OKI,SULTAN MAHMUD BADARUDDIN (U),SUMATERA SELATAN,500,204350,SINAR MAS,SHANDONG BOHUI PAPER INDUSTRY CO LTD,CHINA (MAINLAND),QINGDAO,CHINA (MAINLAND)
2023,470329,SINAR MAS,OKI,SULTAN MAHMUD BADARUDDIN (U),SUMATERA SELATAN,500,204350,SINAR MAS,SHANDONG BOHUI PAPER INDUSTRY CO LTD,CHINA (MAINLAND),QINGDAO,CHINA (MAINLAND)
2023,470329,SINAR MAS,OKI,SULTAN MAHMUD BADARUDDIN (U),SUMATERA SELATAN,500,204350,SINAR MAS,SHANDONG BOHUI PAPER INDUSTRY CO LTD,CHINA (MAINLAND),QINGDAO,CHINA (MAINLAND)
2023,470329,SINAR MAS,OKI,SULTAN MAHMUD BADARUDDIN (U),SUMATERA SELATAN,500,204350,SINAR MAS,SHANDONG BOHUI PAPER INDUSTRY CO LTD,CHINA (MAINLAND),QINGDAO,CHINA (MAINLAND)
2023,470329,SINAR MAS,OKI,SULTAN MAHMUD BADARUDDIN (U),SUMATERA SELATAN,500,204350,SINAR MAS,SHANDONG BOHUI PAPER INDUSTRY CO LTD,CHINA (MAINLAND),QINGDAO,CHINA (MAINLAND)
2023,470329,SINAR MAS,OKI,SULTAN MAHMUD BADARUDDIN (U),SUMATERA SELATAN,500,204350,SINAR MAS,SHANDONG BOHUI PAPER INDUSTRY CO LTD,CHINA (MAINLAND),QINGDAO,CHINA (MAINLAND)
2023,470329,SINAR MAS,OKI,SULTAN MAHMUD BADARUDDIN (U),SUMATERA SELATAN,500,204350,SINAR MAS,SHANDONG BOHUI PAPER INDUSTRY CO LTD,CHINA (MAINLAND),QINGDAO,CHINA (MAINLAND)
2023,470329,MARUBENI,TANJUNG ENIM LESTARI,PANJANG,SUMATERA SELATAN,499,233183,MARUBENI,MARUBENI CORP,JAPAN,QINGDAO,CHINA (MAINLAND)
2023,470329,SINAR MAS,OKI,SULTAN MAHMUD BADARUDDIN (U),SUMATERA SELATAN,300,123150,SINAR MAS,SHANDONG BOHUI PAPER INDUSTRY CO LTD,CHINA (MAINLAND),QINGDAO,CHINA (MAINLAND)
2023,470329,SINAR MAS,OKI,SULTAN MAHMUD BADARUDDIN (U),SUMATERA SELATAN,500,206125,SINAR MAS,KING PAPER SOURCE TRADING (SHANGHAI) CO LTD,CHINA (MAINLAND),CHANGSHU,CHINA (MAINLAND)
2023,470329,SINAR MAS,OKI,SULTAN MAHMUD BADARUDDIN (U),SUMATERA SELATAN,500,205225,SINAR MAS,KING PAPER SOURCE TRADING (SHANGHAI) CO LTD,CHINA (MAINLAND),CHANGSHU,CHINA (MAINLAND)
2023,470329,SINAR MAS,OKI,SULTAN MAHMUD BADARUDDIN (U),SUMATERA SELATAN,500,206125,SINAR MAS,KING PAPER SOURCE TRADING (SHANGHAI) CO LTD,CHINA (MAINLAND),CHANGSHU,CHINA (MAINLAND)
2023,470329,SINAR MAS,OKI,SULTAN MAHMUD BADARUDDIN (U),SUMATERA SELATAN,500,205225,SINAR MAS,KING PAPER SOURCE TRADING (SHANGHAI) CO LTD,CHINA (MAINLAND),CHANGSHU,CHINA (MAINLAND)
2023,470329,SINAR MAS,OKI,SULTAN MAHMUD BADARUDDIN (U),SUMATERA SELATAN,500,205225,SINAR MAS,KING PAPER SOURCE TRADING (SHANGHAI) CO LTD,CHINA (MAINLAND),CHANGSHU,CHINA (MAINLAND)
2023,470329,SINAR MAS,OKI,SULTAN MAHMUD BADARUDDIN (U),SUMATERA SELATAN,500,205225,SINAR MAS,KING PAPER SOURCE TRADING (SHANGHAI) CO LTD,CHINA (MAINLAND),CHANGSHU,CHINA (MAINLAND)
2023,470329,SINAR MAS,OKI,SULTAN MAHMUD BADARUDDIN (U),SUMATERA SELATAN,500,205225,SINAR MAS,KING PAPER SOURCE TRADING (SHANGHAI) CO LTD,CHINA (MAINLAND),CHANGSHU,CHINA (MAINLAND)
2023,470329,SINAR MAS,OKI,SULTAN MAHMUD BADARUDDIN (U),SUMATERA SELATAN,500,206125,SINAR MAS,JIANGSU BOHUI PAPER INDUSTRY CO LTD.,CHINA (MAINLAND),CHANGSHU,CHINA (MAINLAND)
2023,470329,SINAR MAS,OKI,SULTAN MAHMUD BADARUDDIN (U),SUMATERA SELATAN,500,205225,SINAR MAS,JIANGSU BOHUI PAPER INDUSTRY CO LTD.,CHINA (MAINLAND),CHANGSHU,CHINA (MAINLAND)
2023,470329,SINAR MAS,OKI,SULTAN MAHMUD BADARUDDIN (U),SUMATERA SELATAN,500,205225,SINAR MAS,JIANGSU BOHUI PAPER INDUSTRY CO LTD.,CHINA (MAINLAND),CHANGSHU,CHINA (MAINLAND)
2023,470329,SINAR MAS,OKI,SULTAN MAHMUD BADARUDDIN (U),SUMATERA SELATAN,500,206001,XIANMEN C&D,HONG KONG PAPER SOURCES CO LTD,CHINA (HONG KONG),QINGDAO,CHINA (MAINLAND)
2023,470329,SINAR MAS,OKI,SULTAN MAHMUD BADARUDDIN (U),SUMATERA SELATAN,500,205225,SINAR MAS,JIANGSU BOHUI PAPER INDUSTRY CO LTD.,CHINA (MAINLAND),CHANGSHU,CHINA (MAINLAND)
2023,470329,ROYAL GOLDEN EAGLE,APRIL,BUATAN,RIAU,201,74741,ROYAL GOLDEN EAGLE,APRIL INTERNATIONAL ENTEPRISE PTE LTD,SINGAPORE,FUZHOU,CHINA (MAINLAND)
2023,470329,SINAR MAS,OKI,SULTAN MAHMUD BADARUDDIN (U),SUMATERA SELATAN,500,206001,UNKNOWN AFFILIATION,CHONGQING BAIJUN SUPPLY CHAIN SERVICE CO LTD,CHINA (MAINLAND),QINGDAO,CHINA (MAINLAND)
2023,470329,SINAR MAS,OKI,SULTAN MAHMUD BADARUDDIN (U),SUMATERA SELATAN,500,206001,UNKNOWN AFFILIATION,CHONGQING BAIJUN SUPPLY CHAIN SERVICE CO LTD,CHINA (MAINLAND),QINGDAO,CHINA (MAINLAND)
2023,470329,SINAR MAS,OKI,SULTAN MAHMUD BADARUDDIN (U),SUMATERA SELATAN,500,206001,UNKNOWN AFFILIATION,CHONGQING BAIJUN SUPPLY CHAIN SERVICE CO LTD,CHINA (MAINLAND),QINGDAO,CHINA (MAINLAND)
2023,470200,ROYAL GOLDEN EAGLE,APRIL,BUATAN,RIAU,474,270989,ROYAL GOLDEN EAGLE,APRIL FAR EAST MALAYSIA SDN BHD,MALAYSIA,JIUJIANG,CHINA (MAINLAND)
2023,470329,SINAR MAS,OKI,SULTAN MAHMUD BADARUDDIN (U),SUMATERA SELATAN,500,204350,SINAR MAS,SHANDONG BOHUI PAPER INDUSTRY CO LTD,CHINA (MAINLAND),QINGDAO,CHINA (MAINLAND)
2023,470329,SINAR MAS,OKI,SULTAN MAHMUD BADARUDDIN (U),SUMATERA SELATAN,500,204350,SINAR MAS,SHANDONG BOHUI PAPER INDUSTRY CO LTD,CHINA (MAINLAND),QINGDAO,CHINA (MAINLAND)
2023,470329,SINAR MAS,OKI,SULTAN MAHMUD BADARUDDIN (U),SUMATERA SELATAN,500,204350,SINAR MAS,SHANDONG BOHUI PAPER INDUSTRY CO LTD,CHINA (MAINLAND),QINGDAO,CHINA (MAINLAND)
2023,470329,SINAR MAS,OKI,SULTAN MAHMUD BADARUDDIN (U),SUMATERA SELATAN,500,204350,SINAR MAS,SHANDONG BOHUI PAPER INDUSTRY CO LTD,CHINA (MAINLAND),QINGDAO,CHINA (MAINLAND)
2023,470329,SINAR MAS,OKI,SULTAN MAHMUD BADARUDDIN (U),SUMATERA SELATAN,500,204350,SINAR MAS,SHANDONG BOHUI PAPER INDUSTRY CO LTD,CHINA (MAINLAND),QINGDAO,CHINA (MAINLAND)
2023,470329,SINAR MAS,OKI,SULTAN MAHMUD BADARUDDIN (U),SUMATERA SELATAN,500,205225,SINAR MAS,KING PAPER SOURCE TRADING (SHANGHAI) CO LTD,CHINA (MAINLAND),CHANGSHU,CHINA (MAINLAND)
2023,470329,SINAR MAS,OKI,SULTAN MAHMUD BADARUDDIN (U),SUMATERA SELATAN,500,205225,SINAR MAS,KING PAPER SOURCE TRADING (SHANGHAI) CO LTD,CHINA (MAINLAND),CHANGSHU,CHINA (MAINLAND)
2023,470329,SINAR MAS,OKI,SULTAN MAHMUD BADARUDDIN (U),SUMATERA SELATAN,500,205225,SINAR MAS,KING PAPER SOURCE TRADING (SHANGHAI) CO LTD,CHINA (MAINLAND),CHANGSHU,CHINA (MAINLAND)
2023,470329,SINAR MAS,OKI,SULTAN MAHMUD BADARUDDIN (U),SUMATERA SELATAN,500,205225,SINAR MAS,KING PAPER SOURCE TRADING (SHANGHAI) CO LTD,CHINA (MAINLAND),CHANGSHU,CHINA (MAINLAND)
2023,470329,SINAR MAS,OKI,SULTAN MAHMUD BADARUDDIN (U),SUMATERA SELATAN,500,205225,SINAR MAS,KING PAPER SOURCE TRADING (SHANGHAI) CO LTD,CHINA (MAINLAND),CHANGSHU,CHINA (MAINLAND)
2023,470329,SINAR MAS,OKI,SULTAN MAHMUD BADARUDDIN (U),SUMATERA SELATAN,500,205225,SINAR MAS,JIANGSU BOHUI PAPER INDUSTRY CO LTD.,CHINA (MAINLAND),CHANGSHU,CHINA (MAINLAND)
2023,470329,SINAR MAS,OKI,SULTAN MAHMUD BADARUDDIN (U),SUMATERA SELATAN,500,205225,SINAR MAS,JIANGSU BOHUI PAPER INDUSTRY CO LTD.,CHINA (MAINLAND),CHANGSHU,CHINA (MAINLAND)
2023,470329,SINAR MAS,OKI,SULTAN MAHMUD BADARUDDIN (U),SUMATERA SELATAN,500,205225,SINAR MAS,JIANGSU BOHUI PAPER INDUSTRY CO LTD.,CHINA (MAINLAND),CHANGSHU,CHINA (MAINLAND)
2023,470329,SINAR MAS,OKI,SULTAN MAHMUD BADARUDDIN (U),SUMATERA SELATAN,500,205587,XIANMEN C&D,HONG KONG PAPER SOURCES CO LTD,CHINA (HONG KONG),CHANGSHU,CHINA (MAINLAND)
2023,470329,SINAR MAS,OKI,SULTAN MAHMUD BADARUDDIN (U),SUMATERA SELATAN,500,204350,SINAR MAS,SHANDONG BOHUI PAPER INDUSTRY CO LTD,CHINA (MAINLAND),QINGDAO,CHINA (MAINLAND)
2023,470329,SINAR MAS,OKI,SULTAN MAHMUD BADARUDDIN (U),SUMATERA SELATAN,500,204350,SINAR MAS,SHANDONG BOHUI PAPER INDUSTRY CO LTD,CHINA (MAINLAND),QINGDAO,CHINA (MAINLAND)
2023,470329,SINAR MAS,OKI,SULTAN MAHMUD BADARUDDIN (U),SUMATERA SELATAN,500,204350,SINAR MAS,SHANDONG BOHUI PAPER INDUSTRY CO LTD,CHINA (MAINLAND),QINGDAO,CHINA (MAINLAND)
2023,470329,SINAR MAS,OKI,SULTAN MAHMUD BADARUDDIN (U),SUMATERA SELATAN,500,206125,SINAR MAS,KING PAPER SOURCE TRADING (SHANGHAI) CO LTD,CHINA (MAINLAND),CHANGSHU,CHINA (MAINLAND)
2023,470329,SINAR MAS,OKI,SULTAN MAHMUD BADARUDDIN (U),SUMATERA SELATAN,500,205225,SINAR MAS,KING PAPER SOURCE TRADING (SHANGHAI) CO LTD,CHINA (MAINLAND),CHANGSHU,CHINA (MAINLAND)
2023,470329,SINAR MAS,OKI,SULTAN MAHMUD BADARUDDIN (U),SUMATERA SELATAN,500,205225,SINAR MAS,KING PAPER SOURCE TRADING (SHANGHAI) CO LTD,CHINA (MAINLAND),CHANGSHU,CHINA (MAINLAND)
2023,470329,SINAR MAS,OKI,SULTAN MAHMUD BADARUDDIN (U),SUMATERA SELATAN,500,205225,SINAR MAS,KING PAPER SOURCE TRADING (SHANGHAI) CO LTD,CHINA (MAINLAND),CHANGSHU,CHINA (MAINLAND)
2023,470329,SINAR MAS,OKI,SULTAN MAHMUD BADARUDDIN (U),SUMATERA SELATAN,500,205250,SINAR MAS,SHANDONG BOHUI PAPER INDUSTRY CO LTD,CHINA (MAINLAND),QINGDAO,CHINA (MAINLAND)
2023,470329,SINAR MAS,OKI,SULTAN MAHMUD BADARUDDIN (U),SUMATERA SELATAN,500,205225,SINAR MAS,KING PAPER SOURCE TRADING (SHANGHAI) CO LTD,CHINA (MAINLAND),CHANGSHU,CHINA (MAINLAND)
2023,470329,SINAR MAS,OKI,SULTAN MAHMUD BADARUDDIN (U),SUMATERA SELATAN,500,204350,SINAR MAS,SHANDONG BOHUI PAPER INDUSTRY CO LTD,CHINA (MAINLAND),QINGDAO,CHINA (MAINLAND)
2023,470329,SINAR MAS,OKI,SULTAN MAHMUD BADARUDDIN (U),SUMATERA SELATAN,500,205225,SINAR MAS,KING PAPER SOURCE TRADING (SHANGHAI) CO LTD,CHINA (MAINLAND),CHANGSHU,CHINA (MAINLAND)
2023,470329,SINAR MAS,OKI,SULTAN MAHMUD BADARUDDIN (U),SUMATERA SELATAN,500,204350,SINAR MAS,SHANDONG BOHUI PAPER INDUSTRY CO LTD,CHINA (MAINLAND),QINGDAO,CHINA (MAINLAND)
2023,470329,SINAR MAS,OKI,SULTAN MAHMUD BADARUDDIN (U),SUMATERA SELATAN,500,205225,SINAR MAS,KING PAPER SOURCE TRADING (SHANGHAI) CO LTD,CHINA (MAINLAND),CHANGSHU,CHINA (MAINLAND)
2023,470329,SINAR MAS,OKI,SULTAN MAHMUD BADARUDDIN (U),SUMATERA SELATAN,500,205225,SINAR MAS,KING PAPER SOURCE TRADING (SHANGHAI) CO LTD,CHINA (MAINLAND),CHANGSHU,CHINA (MAINLAND)
2023,470329,SINAR MAS,OKI,SULTAN MAHMUD BADARUDDIN (U),SUMATERA SELATAN,500,205225,SINAR MAS,KING PAPER SOURCE TRADING (SHANGHAI) CO LTD,CHINA (MAINLAND),CHANGSHU,CHINA (MAINLAND)
2023,470329,SINAR MAS,OKI,SULTAN MAHMUD BADARUDDIN (U),SUMATERA SELATAN,500,205225,SINAR MAS,KING PAPER SOURCE TRADING (SHANGHAI) CO LTD,CHINA (MAINLAND),CHANGSHU,CHINA (MAINLAND)
2023,470329,SINAR MAS,OKI,SULTAN MAHMUD BADARUDDIN (U),SUMATERA SELATAN,500,205225,SINAR MAS,KING PAPER SOURCE TRADING (SHANGHAI) CO LTD,CHINA (MAINLAND),CHANGSHU,CHINA (MAINLAND)
2023,470329,SINAR MAS,OKI,SULTAN MAHMUD BADARUDDIN (U),SUMATERA SELATAN,500,205225,SINAR MAS,KING PAPER SOURCE TRADING (SHANGHAI) CO LTD,CHINA (MAINLAND),CHANGSHU,CHINA (MAINLAND)
2023,470329,SINAR MAS,OKI,SULTAN MAHMUD BADARUDDIN (U),SUMATERA SELATAN,500,205225,SINAR MAS,KING PAPER SOURCE TRADING (SHANGHAI) CO LTD,CHINA (MAINLAND),CHANGSHU,CHINA (MAINLAND)
2023,470329,SINAR MAS,OKI,SULTAN MAHMUD BADARUDDIN (U),SUMATERA SELATAN,500,205225,SINAR MAS,KING PAPER SOURCE TRADING (SHANGHAI) CO LTD,CHINA (MAINLAND),CHANGSHU,CHINA (MAINLAND)
2023,470329,SINAR MAS,OKI,SULTAN MAHMUD BADARUDDIN (U),SUMATERA SELATAN,500,205225,SINAR MAS,JIANGSU BOHUI PAPER INDUSTRY CO LTD.,CHINA (MAINLAND),CHANGSHU,CHINA (MAINLAND)
2023,470329,SINAR MAS,OKI,SULTAN MAHMUD BADARUDDIN (U),SUMATERA SELATAN,500,205587,XIANMEN C&D,HONG KONG PAPER SOURCES CO LTD,CHINA (HONG KONG),CHANGSHU,CHINA (MAINLAND)
2023,470329,SINAR MAS,OKI,SULTAN MAHMUD BADARUDDIN (U),SUMATERA SELATAN,500,205225,SINAR MAS,JIANGSU BOHUI PAPER INDUSTRY CO LTD.,CHINA (MAINLAND),CHANGSHU,CHINA (MAINLAND)
2023,470329,SINAR MAS,OKI,SULTAN MAHMUD BADARUDDIN (U),SUMATERA SELATAN,500,206001,UNKNOWN AFFILIATION,CHONGQING BAIJUN SUPPLY CHAIN SERVICE CO LTD,CHINA (MAINLAND),QINGDAO,CHINA (MAINLAND)
2023,470329,SINAR MAS,OKI,SULTAN MAHMUD BADARUDDIN (U),SUMATERA SELATAN,500,206001,XIANMEN C&D,HONG KONG PAPER SOURCES CO LTD,CHINA (HONG KONG),QINGDAO,CHINA (MAINLAND)
2023,470329,SINAR MAS,OKI,SULTAN MAHMUD BADARUDDIN (U),SUMATERA SELATAN,500,206001,XIANMEN C&D,HONG KONG PAPER SOURCES CO LTD,CHINA (HONG KONG),QINGDAO,CHINA (MAINLAND)
2023,470329,SINAR MAS,OKI,SULTAN MAHMUD BADARUDDIN (U),SUMATERA SELATAN,500,205587,XIANMEN C&D,HONG KONG PAPER SOURCES CO LTD,CHINA (HONG KONG),CHANGSHU,CHINA (MAINLAND)
2023,470329,SINAR MAS,OKI,SULTAN MAHMUD BADARUDDIN (U),SUMATERA SELATAN,500,205250,SINAR MAS,SHANDONG BOHUI PAPER INDUSTRY CO LTD,CHINA (MAINLAND),QINGDAO,CHINA (MAINLAND)
2023,470329,SINAR MAS,OKI,SULTAN MAHMUD BADARUDDIN (U),SUMATERA SELATAN,500,204350,SINAR MAS,SHANDONG BOHUI PAPER INDUSTRY CO LTD,CHINA (MAINLAND),QINGDAO,CHINA (MAINLAND)
2023,470329,SINAR MAS,OKI,SULTAN MAHMUD BADARUDDIN (U),SUMATERA SELATAN,500,204350,SINAR MAS,SHANDONG BOHUI PAPER INDUSTRY CO LTD,CHINA (MAINLAND),QINGDAO,CHINA (MAINLAND)
2023,470329,SINAR MAS,OKI,SULTAN MAHMUD BADARUDDIN (U),SUMATERA SELATAN,500,205225,SINAR MAS,KING PAPER SOURCE TRADING (SHANGHAI) CO LTD,CHINA (MAINLAND),CHANGSHU,CHINA (MAINLAND)
2023,470329,SINAR MAS,OKI,SULTAN MAHMUD BADARUDDIN (U),SUMATERA SELATAN,500,205225,SINAR MAS,KING PAPER SOURCE TRADING (SHANGHAI) CO LTD,CHINA (MAINLAND),CHANGSHU,CHINA (MAINLAND)
2023,470329,SINAR MAS,OKI,SULTAN MAHMUD BADARUDDIN (U),SUMATERA SELATAN,500,205225,SINAR MAS,KING PAPER SOURCE TRADING (SHANGHAI) CO LTD,CHINA (MAINLAND),CHANGSHU,CHINA (MAINLAND)
2023,470329,SINAR MAS,OKI,SULTAN MAHMUD BADARUDDIN (U),SUMATERA SELATAN,500,205225,SINAR MAS,KING PAPER SOURCE TRADING (SHANGHAI) CO LTD,CHINA (MAINLAND),CHANGSHU,CHINA (MAINLAND)
2023,470329,SINAR MAS,OKI,SULTAN MAHMUD BADARUDDIN (U),SUMATERA SELATAN,500,205225,SINAR MAS,KING PAPER SOURCE TRADING (SHANGHAI) CO LTD,CHINA (MAINLAND),CHANGSHU,CHINA (MAINLAND)
2023,470329,SINAR MAS,OKI,SULTAN MAHMUD BADARUDDIN (U),SUMATERA SELATAN,500,205225,SINAR MAS,JIANGSU BOHUI PAPER INDUSTRY CO LTD.,CHINA (MAINLAND),CHANGSHU,CHINA (MAINLAND)
2023,470329,SINAR MAS,OKI,SULTAN MAHMUD BADARUDDIN (U),SUMATERA SELATAN,500,205225,SINAR MAS,JIANGSU BOHUI PAPER INDUSTRY CO LTD.,CHINA (MAINLAND),CHANGSHU,CHINA (MAINLAND)
2023,470329,SINAR MAS,OKI,SULTAN MAHMUD BADARUDDIN (U),SUMATERA SELATAN,500,205587,XIANMEN C&D,HONG KONG PAPER SOURCES CO LTD,CHINA (HONG KONG),CHANGSHU,CHINA (MAINLAND)
2023,470329,SINAR MAS,OKI,SULTAN MAHMUD BADARUDDIN (U),SUMATERA SELATAN,500,205587,XIANMEN C&D,HONG KONG PAPER SOURCES CO LTD,CHINA (HONG KONG),CHANGSHU,CHINA (MAINLAND)
2023,470329,SINAR MAS,OKI,SULTAN MAHMUD BADARUDDIN (U),SUMATERA SELATAN,500,205587,XIANMEN C&D,HONG KONG PAPER SOURCES CO LTD,CHINA (HONG KONG),CHANGSHU,CHINA (MAINLAND)
2023,470329,ROYAL GOLDEN EAGLE,APRIL,BUATAN,RIAU,1407,523392,ROYAL GOLDEN EAGLE,APRIL INTERNATIONAL ENTEPRISE PTE LTD,SINGAPORE,HAIPHONG,VIETNAM
2023,470329,SINAR MAS,OKI,SULTAN MAHMUD BADARUDDIN (U),SUMATERA SELATAN,500,204350,SINAR MAS,SHANDONG BOHUI PAPER INDUSTRY CO LTD,CHINA (MAINLAND),QINGDAO,CHINA (MAINLAND)
2023,470329,SINAR MAS,OKI,SULTAN MAHMUD BADARUDDIN (U),SUMATERA SELATAN,500,205225,SINAR MAS,KING PAPER SOURCE TRADING (SHANGHAI) CO LTD,CHINA (MAINLAND),CHANGSHU,CHINA (MAINLAND)
2023,470329,SINAR MAS,OKI,SULTAN MAHMUD BADARUDDIN (U),SUMATERA SELATAN,500,205225,SINAR MAS,KING PAPER SOURCE TRADING (SHANGHAI) CO LTD,CHINA (MAINLAND),CHANGSHU,CHINA (MAINLAND)
2023,470329,SINAR MAS,OKI,SULTAN MAHMUD BADARUDDIN (U),SUMATERA SELATAN,500,205225,SINAR MAS,KING PAPER SOURCE TRADING (SHANGHAI) CO LTD,CHINA (MAINLAND),CHANGSHU,CHINA (MAINLAND)
2023,470329,SINAR MAS,OKI,SULTAN MAHMUD BADARUDDIN (U),SUMATERA SELATAN,500,206125,SINAR MAS,JIANGSU BOHUI PAPER INDUSTRY CO LTD.,CHINA (MAINLAND),CHANGSHU,CHINA (MAINLAND)
2023,470329,SINAR MAS,OKI,SULTAN MAHMUD BADARUDDIN (U),SUMATERA SELATAN,500,205225,SINAR MAS,JIANGSU BOHUI PAPER INDUSTRY CO LTD.,CHINA (MAINLAND),CHANGSHU,CHINA (MAINLAND)
2023,470329,SINAR MAS,OKI,SULTAN MAHMUD BADARUDDIN (U),SUMATERA SELATAN,200,82450,SINAR MAS,JIANGSU BOHUI PAPER INDUSTRY CO LTD.,CHINA (MAINLAND),CHANGSHU,CHINA (MAINLAND)
2023,470329,SINAR MAS,OKI,SULTAN MAHMUD BADARUDDIN (U),SUMATERA SELATAN,500,206001,XIANMEN C&D,HONG KONG PAPER SOURCES CO LTD,CHINA (HONG KONG),QINGDAO,CHINA (MAINLAND)
2023,470329,SINAR MAS,OKI,SULTAN MAHMUD BADARUDDIN (U),SUMATERA SELATAN,500,206001,UNKNOWN AFFILIATION,CHONGQING BAIJUN SUPPLY CHAIN SERVICE CO LTD,CHINA (MAINLAND),QINGDAO,CHINA (MAINLAND)
2023,470329,SINAR MAS,OKI,SULTAN MAHMUD BADARUDDIN (U),SUMATERA SELATAN,500,206001,UNKNOWN AFFILIATION,CHONGQING BAIJUN SUPPLY CHAIN SERVICE CO LTD,CHINA (MAINLAND),QINGDAO,CHINA (MAINLAND)
2023,470329,SINAR MAS,INDAH KIAT,PERAWANG,RIAU,260,111339,LIPY,LIPY PAPER MILLS LTD,BANGLADESH,CHATTOGRAM,BANGLADESH
2023,470329,SINAR MAS,INDAH KIAT,PERAWANG,RIAU,240,102774,LIPY,LIPY PAPER MILLS LTD,BANGLADESH,CHATTOGRAM,BANGLADESH
2023,470329,SINAR MAS,INDAH KIAT,PERAWANG,RIAU,500,211500,SINAR MAS,JIANGSU BOHUI PAPER INDUSTRY CO LTD.,CHINA (MAINLAND),CHANGSHU,CHINA (MAINLAND)
2023,470329,SINAR MAS,INDAH KIAT,PERAWANG,RIAU,144,59026,UNKNOWN AFFILIATION,INTERNATIONAL FOREST PRODUCTS (UK),UNITED KINGDOM,SOUTHAMPTON,UNITED KINGDOM
2023,470329,SINAR MAS,INDAH KIAT,PERAWANG,RIAU,500,214500,PACKAGES LTD,PACKAGES CONVERTORS LTD,PAKISTAN,KARACHI,PAKISTAN
2023,470329,SINAR MAS,INDAH KIAT,PERAWANG,RIAU,500,211500,SINAR MAS,JIANGSU BOHUI PAPER INDUSTRY CO LTD.,CHINA (MAINLAND),CHANGSHU,CHINA (MAINLAND)
2023,470329,SINAR MAS,INDAH KIAT,PERAWANG,RIAU,500,211500,SINAR MAS,JIANGSU BOHUI PAPER INDUSTRY CO LTD.,CHINA (MAINLAND),CHANGSHU,CHINA (MAINLAND)
2023,470329,SINAR MAS,INDAH KIAT,PERAWANG,RIAU,500,211500,SINAR MAS,JIANGSU BOHUI PAPER INDUSTRY CO LTD.,CHINA (MAINLAND),CHANGSHU,CHINA (MAINLAND)
2023,470329,SINAR MAS,INDAH KIAT,PERAWANG,RIAU,500,211500,SINAR MAS,JIANGSU BOHUI PAPER INDUSTRY CO LTD.,CHINA (MAINLAND),CHANGSHU,CHINA (MAINLAND)
2023,470329,SINAR MAS,INDAH KIAT,PERAWANG,RIAU,500,211500,SINAR MAS,JIANGSU BOHUI PAPER INDUSTRY CO LTD.,CHINA (MAINLAND),CHANGSHU,CHINA (MAINLAND)
2023,470329,SINAR MAS,INDAH KIAT,PERAWANG,RIAU,200,84600,SINAR MAS,JIANGSU BOHUI PAPER INDUSTRY CO LTD.,CHINA (MAINLAND),CHANGSHU,CHINA (MAINLAND)
2023,470329,SINAR MAS,INDAH KIAT,PERAWANG,RIAU,500,211500,SINAR MAS,JIANGSU BOHUI PAPER INDUSTRY CO LTD.,CHINA (MAINLAND),CHANGSHU,CHINA (MAINLAND)
2023,470329,SINAR MAS,INDAH KIAT,PERAWANG,RIAU,500,211500,SINAR MAS,JIANGSU BOHUI PAPER INDUSTRY CO LTD.,CHINA (MAINLAND),CHANGSHU,CHINA (MAINLAND)
2023,470329,SINAR MAS,INDAH KIAT,PERAWANG,RIAU,500,211500,SINAR MAS,JIANGSU BOHUI PAPER INDUSTRY CO LTD.,CHINA (MAINLAND),CHANGSHU,CHINA (MAINLAND)
2023,470329,SINAR MAS,INDAH KIAT,PERAWANG,RIAU,500,211500,SINAR MAS,JIANGSU BOHUI PAPER INDUSTRY CO LTD.,CHINA (MAINLAND),CHANGSHU,CHINA (MAINLAND)
2023,470329,SINAR MAS,INDAH KIAT,PERAWANG,RIAU,500,211500,SINAR MAS,JIANGSU BOHUI PAPER INDUSTRY CO LTD.,CHINA (MAINLAND),CHANGSHU,CHINA (MAINLAND)
2023,470329,SINAR MAS,INDAH KIAT,PERAWANG,RIAU,500,214500,PACKAGES LTD,PACKAGES CONVERTORS LTD,PAKISTAN,KARACHI,PAKISTAN
2023,470329,SINAR MAS,INDAH KIAT,PERAWANG,RIAU,500,211500,SINAR MAS,JIANGSU BOHUI PAPER INDUSTRY CO LTD.,CHINA (MAINLAND),CHANGSHU,CHINA (MAINLAND)
2023,470329,SINAR MAS,INDAH KIAT,PERAWANG,RIAU,500,214500,PACKAGES LTD,BULLEH SHAH PACKAGING PVT LTD,PAKISTAN,KARACHI,PAKISTAN
2023,470329,SINAR MAS,INDAH KIAT,PERAWANG,RIAU,500,214500,PACKAGES LTD,BULLEH SHAH PACKAGING PVT LTD,PAKISTAN,KARACHI,PAKISTAN
2023,470329,ROYAL GOLDEN EAGLE,APRIL,BUATAN,RIAU,1104,410864,ROYAL GOLDEN EAGLE,APRIL INTERNATIONAL ENTEPRISE PTE LTD,SINGAPORE,CHATTOGRAM,BANGLADESH
2023,470329,SINAR MAS,INDAH KIAT,PERAWANG,RIAU,500,211500,SINAR MAS,JIANGSU BOHUI PAPER INDUSTRY CO LTD.,CHINA (MAINLAND),CHANGSHU,CHINA (MAINLAND)
2023,470329,SINAR MAS,INDAH KIAT,PERAWANG,RIAU,500,214500,PACKAGES LTD,BULLEH SHAH PACKAGING PVT LTD,PAKISTAN,KARACHI,PAKISTAN
2023,470329,MARUBENI,TANJUNG ENIM LESTARI,PANJANG,SUMATERA SELATAN,498,225701,MARUBENI,MARUBENI CORP,JAPAN,TUTICORIN,INDIA
2023,470329,SINAR MAS,INDAH KIAT,PERAWANG,RIAU,500,211500,SINAR MAS,JIANGSU BOHUI PAPER INDUSTRY CO LTD.,CHINA (MAINLAND),CHANGSHU,CHINA (MAINLAND)
2023,470329,SINAR MAS,INDAH KIAT,PERAWANG,RIAU,500,211500,SINAR MAS,JIANGSU BOHUI PAPER INDUSTRY CO LTD.,CHINA (MAINLAND),CHANGSHU,CHINA (MAINLAND)
2023,470329,SINAR MAS,INDAH KIAT,PERAWANG,RIAU,500,214500,UNKNOWN AFFILIATION,DYNEA PAKISTAN LTD,PAKISTAN,KARACHI,PAKISTAN
2023,470200,ROYAL GOLDEN EAGLE,APRIL,BUATAN,RIAU,515,294332,ROYAL GOLDEN EAGLE,APRIL FAR EAST MALAYSIA SDN BHD,MALAYSIA,JIUJIANG,CHINA (MAINLAND)
2023,470329,SINAR MAS,INDAH KIAT,PERAWANG,RIAU,500,211500,SINAR MAS,JIANGSU BOHUI PAPER INDUSTRY CO LTD.,CHINA (MAINLAND),CHANGSHU,CHINA (MAINLAND)
2023,470329,SINAR MAS,INDAH KIAT,PERAWANG,RIAU,500,211500,SINAR MAS,JIANGSU BOHUI PAPER INDUSTRY CO LTD.,CHINA (MAINLAND),CHANGSHU,CHINA (MAINLAND)
2023,470329,SINAR MAS,INDAH KIAT,PERAWANG,RIAU,500,211500,SINAR MAS,JIANGSU BOHUI PAPER INDUSTRY CO LTD.,CHINA (MAINLAND),CHANGSHU,CHINA (MAINLAND)
2023,470329,SINAR MAS,INDAH KIAT,PERAWANG,RIAU,500,211500,SINAR MAS,JIANGSU BOHUI PAPER INDUSTRY CO LTD.,CHINA (MAINLAND),CHANGSHU,CHINA (MAINLAND)
2023,470329,SINAR MAS,INDAH KIAT,PERAWANG,RIAU,500,211500,SINAR MAS,JIANGSU BOHUI PAPER INDUSTRY CO LTD.,CHINA (MAINLAND),CHANGSHU,CHINA (MAINLAND)
2023,470329,SINAR MAS,INDAH KIAT,PERAWANG,RIAU,500,211500,SINAR MAS,JIANGSU BOHUI PAPER INDUSTRY CO LTD.,CHINA (MAINLAND),CHANGSHU,CHINA (MAINLAND)
2023,470329,SINAR MAS,INDAH KIAT,PERAWANG,RIAU,500,211500,SINAR MAS,JIANGSU BOHUI PAPER INDUSTRY CO LTD.,CHINA (MAINLAND),CHANGSHU,CHINA (MAINLAND)
2023,470329,SINAR MAS,INDAH KIAT,PERAWANG,RIAU,500,211500,SINAR MAS,JIANGSU BOHUI PAPER INDUSTRY CO LTD.,CHINA (MAINLAND),CHANGSHU,CHINA (MAINLAND)
2023,470329,SINAR MAS,INDAH KIAT,PERAWANG,RIAU,500,211500,SINAR MAS,JIANGSU BOHUI PAPER INDUSTRY CO LTD.,CHINA (MAINLAND),CHANGSHU,CHINA (MAINLAND)
2023,470329,SINAR MAS,INDAH KIAT,PERAWANG,RIAU,500,211500,SINAR MAS,JIANGSU BOHUI PAPER INDUSTRY CO LTD.,CHINA (MAINLAND),CHANGSHU,CHINA (MAINLAND)
2023,470329,SINAR MAS,INDAH KIAT,PERAWANG,RIAU,500,211500,SINAR MAS,JIANGSU BOHUI PAPER INDUSTRY CO LTD.,CHINA (MAINLAND),CHANGSHU,CHINA (MAINLAND)
2023,470329,SINAR MAS,INDAH KIAT,PERAWANG,RIAU,500,211500,SINAR MAS,JIANGSU BOHUI PAPER INDUSTRY CO LTD.,CHINA (MAINLAND),CHANGSHU,CHINA (MAINLAND)
2023,470329,SINAR MAS,INDAH KIAT,PERAWANG,RIAU,500,211500,SINAR MAS,JIANGSU BOHUI PAPER INDUSTRY CO LTD.,CHINA (MAINLAND),CHANGSHU,CHINA (MAINLAND)
2023,470329,SINAR MAS,INDAH KIAT,PERAWANG,RIAU,500,211500,SINAR MAS,JIANGSU BOHUI PAPER INDUSTRY CO LTD.,CHINA (MAINLAND),CHANGSHU,CHINA (MAINLAND)
2023,470329,SINAR MAS,INDAH KIAT,PERAWANG,RIAU,500,211500,SINAR MAS,JIANGSU BOHUI PAPER INDUSTRY CO LTD.,CHINA (MAINLAND),CHANGSHU,CHINA (MAINLAND)
2023,470329,SINAR MAS,INDAH KIAT,PERAWANG,RIAU,500,211500,SINAR MAS,JIANGSU BOHUI PAPER INDUSTRY CO LTD.,CHINA (MAINLAND),CHANGSHU,CHINA (MAINLAND)
2023,470329,SINAR MAS,INDAH KIAT,PERAWANG,RIAU,100,41810,UNKNOWN AFFILIATION,PHU HUNG TRADING & MANUFACTURING COMPANY LTD,VIETNAM,HAIPHONG,VIETNAM
2023,470329,SINAR MAS,OKI,SULTAN MAHMUD BADARUDDIN (U),SUMATERA SELATAN,500,213500,SINAR MAS,KING PAPER SOURCE TRADING (SHANGHAI) CO LTD,CHINA (MAINLAND),ZHENJIANG,CHINA (MAINLAND)
2023,470329,ROYAL GOLDEN EAGLE,APRIL,BUATAN,RIAU,100,37360,ROYAL GOLDEN EAGLE,APRIL INTERNATIONAL ENTEPRISE PTE LTD,SINGAPORE,JIANGMEN,CHINA (MAINLAND)
2023,470200,ROYAL GOLDEN EAGLE,APRIL,BUATAN,RIAU,506,289343,ROYAL GOLDEN EAGLE,APRIL FAR EAST MALAYSIA SDN BHD,MALAYSIA,JIUJIANG,CHINA (MAINLAND)
2023,470329,SINAR MAS,OKI,SULTAN MAHMUD BADARUDDIN (U),SUMATERA SELATAN,500,213500,SINAR MAS,KING PAPER SOURCE TRADING (SHANGHAI) CO LTD,CHINA (MAINLAND),ZHENJIANG,CHINA (MAINLAND)
2023,470329,SINAR MAS,OKI,SULTAN MAHMUD BADARUDDIN (U),SUMATERA SELATAN,500,213500,SINAR MAS,KING PAPER SOURCE TRADING (SHANGHAI) CO LTD,CHINA (MAINLAND),ZHENJIANG,CHINA (MAINLAND)
2023,470329,ROYAL GOLDEN EAGLE,APRIL,BUATAN,RIAU,502,186730,ROYAL GOLDEN EAGLE,APRIL INTERNATIONAL ENTEPRISE PTE LTD,SINGAPORE,CHAWAPAYAL,INDIA
2023,470329,SINAR MAS,OKI,SULTAN MAHMUD BADARUDDIN (U),SUMATERA SELATAN,500,213500,SINAR MAS,KING PAPER SOURCE TRADING (SHANGHAI) CO LTD,CHINA (MAINLAND),ZHENJIANG,CHINA (MAINLAND)
2023,470329,SINAR MAS,OKI,SULTAN MAHMUD BADARUDDIN (U),SUMATERA SELATAN,500,213500,SINAR MAS,KING PAPER SOURCE TRADING (SHANGHAI) CO LTD,CHINA (MAINLAND),ZHENJIANG,CHINA (MAINLAND)
2023,470329,SINAR MAS,OKI,SULTAN MAHMUD BADARUDDIN (U),SUMATERA SELATAN,500,213500,SINAR MAS,KING PAPER SOURCE TRADING (SHANGHAI) CO LTD,CHINA (MAINLAND),ZHENJIANG,CHINA (MAINLAND)
2023,470329,SINAR MAS,OKI,SULTAN MAHMUD BADARUDDIN (U),SUMATERA SELATAN,500,213000,SINAR MAS,KING PAPER SOURCE TRADING (SHANGHAI) CO LTD,CHINA (MAINLAND),ZHENJIANG,CHINA (MAINLAND)
2023,470329,SINAR MAS,OKI,SULTAN MAHMUD BADARUDDIN (U),SUMATERA SELATAN,100,42700,SINAR MAS,KING PAPER SOURCE TRADING (SHANGHAI) CO LTD,CHINA (MAINLAND),ZHENJIANG,CHINA (MAINLAND)
2023,470329,ROYAL GOLDEN EAGLE,APRIL,BUATAN,RIAU,301,112039,ROYAL GOLDEN EAGLE,APRIL INTERNATIONAL ENTEPRISE PTE LTD,SINGAPORE,PIPAVAV (VICTOR) PORT,INDIA
2023,470329,ROYAL GOLDEN EAGLE,APRIL,BUATAN,RIAU,201,74702,ROYAL GOLDEN EAGLE,APRIL INTERNATIONAL ENTEPRISE PTE LTD,SINGAPORE,SANAND,INDIA
2023,470200,ROYAL GOLDEN EAGLE,APRIL,BUATAN,RIAU,506,289354,ROYAL GOLDEN EAGLE,APRIL FAR EAST MALAYSIA SDN BHD,MALAYSIA,JIUJIANG,CHINA (MAINLAND)
2023,470200,ROYAL GOLDEN EAGLE,APRIL,BUATAN,RIAU,507,289795,ROYAL GOLDEN EAGLE,APRIL FAR EAST MALAYSIA SDN BHD,MALAYSIA,JIUJIANG,CHINA (MAINLAND)
2023,470329,SINAR MAS,INDAH KIAT,PERAWANG,RIAU,500,208160,UNKNOWN AFFILIATION,NITOL CURTIS PAPER MILLS LTD,BANGLADESH,CHATTOGRAM,BANGLADESH
2023,470329,SINAR MAS,INDAH KIAT,PERAWANG,RIAU,500,208160,UNKNOWN AFFILIATION,NITOL CURTIS PAPER MILLS LTD,BANGLADESH,CHATTOGRAM,BANGLADESH
2023,470329,SINAR MAS,INDAH KIAT,PERAWANG,RIAU,500,208160,UNKNOWN AFFILIATION,NITOL CURTIS PAPER MILLS LTD,BANGLADESH,CHATTOGRAM,BANGLADESH
2023,470329,ROYAL GOLDEN EAGLE,APRIL,BUATAN,RIAU,502,186650,ROYAL GOLDEN EAGLE,APRIL INTERNATIONAL ENTEPRISE PTE LTD,SINGAPORE,CHAWAPAYAL,INDIA
2023,470329,SINAR MAS,INDAH KIAT,PERAWANG,RIAU,500,212850,XSD INTERNATIONAL,XSD INTERNATIONAL PAPER SDN BHD,MALAYSIA,PENANG (GEORGETOWN),MALAYSIA
2023,470329,SINAR MAS,INDAH KIAT,PERAWANG,RIAU,500,208160,UNKNOWN AFFILIATION,NITOL CURTIS PAPER MILLS LTD,BANGLADESH,CHATTOGRAM,BANGLADESH
2023,470329,SINAR MAS,OKI,SULTAN MAHMUD BADARUDDIN (U),SUMATERA SELATAN,500,213500,SINAR MAS,KING PAPER SOURCE TRADING (SHANGHAI) CO LTD,CHINA (MAINLAND),ZHENJIANG,CHINA (MAINLAND)
2023,470329,SINAR MAS,OKI,SULTAN MAHMUD BADARUDDIN (U),SUMATERA SELATAN,500,213500,SINAR MAS,KING PAPER SOURCE TRADING (SHANGHAI) CO LTD,CHINA (MAINLAND),ZHENJIANG,CHINA (MAINLAND)
2023,470329,SINAR MAS,OKI,SULTAN MAHMUD BADARUDDIN (U),SUMATERA SELATAN,500,213500,SINAR MAS,KING PAPER SOURCE TRADING (SHANGHAI) CO LTD,CHINA (MAINLAND),ZHENJIANG,CHINA (MAINLAND)
2023,470329,SINAR MAS,OKI,SULTAN MAHMUD BADARUDDIN (U),SUMATERA SELATAN,500,213000,SINAR MAS,KING PAPER SOURCE TRADING (SHANGHAI) CO LTD,CHINA (MAINLAND),ZHENJIANG,CHINA (MAINLAND)
2023,470329,ROYAL GOLDEN EAGLE,APRIL,BUATAN,RIAU,502,186795,ROYAL GOLDEN EAGLE,APRIL INTERNATIONAL ENTEPRISE PTE LTD,SINGAPORE,CHATTOGRAM,BANGLADESH
2023,470329,SINAR MAS,INDAH KIAT,PERAWANG,RIAU,500,212850,UNKNOWN AFFILIATION,NIBONG TEBAL PAPER MILL SDN BHD,MALAYSIA,PENANG (GEORGETOWN),MALAYSIA
2023,470329,SINAR MAS,OKI,SULTAN MAHMUD BADARUDDIN (U),SUMATERA SELATAN,500,213500,SINAR MAS,KING PAPER SOURCE TRADING (SHANGHAI) CO LTD,CHINA (MAINLAND),ZHENJIANG,CHINA (MAINLAND)
2023,470329,SINAR MAS,OKI,SULTAN MAHMUD BADARUDDIN (U),SUMATERA SELATAN,500,213000,SINAR MAS,KING PAPER SOURCE TRADING (SHANGHAI) CO LTD,CHINA (MAINLAND),ZHENJIANG,CHINA (MAINLAND)
2023,470329,SINAR MAS,OKI,SULTAN MAHMUD BADARUDDIN (U),SUMATERA SELATAN,100,42600,SINAR MAS,KING PAPER SOURCE TRADING (SHANGHAI) CO LTD,CHINA (MAINLAND),ZHENJIANG,CHINA (MAINLAND)
2023,470329,SINAR MAS,INDAH KIAT,PERAWANG,RIAU,500,209050,UNKNOWN AFFILIATION,TRUONG XUAN PAPER JOINT STOCK CO,VIETNAM,HAIPHONG,VIETNAM
2023,470329,SINAR MAS,OKI,SULTAN MAHMUD BADARUDDIN (U),SUMATERA SELATAN,500,213500,SINAR MAS,KING PAPER SOURCE TRADING (SHANGHAI) CO LTD,CHINA (MAINLAND),ZHENJIANG,CHINA (MAINLAND)
2023,470329,SINAR MAS,OKI,SULTAN MAHMUD BADARUDDIN (U),SUMATERA SELATAN,500,213500,SINAR MAS,KING PAPER SOURCE TRADING (SHANGHAI) CO LTD,CHINA (MAINLAND),ZHENJIANG,CHINA (MAINLAND)
2023,470329,ROYAL GOLDEN EAGLE,APRIL,BUATAN,RIAU,201,74684,ROYAL GOLDEN EAGLE,APRIL INTERNATIONAL ENTEPRISE PTE LTD,SINGAPORE,ICD MIHAN,INDIA
2023,470200,ROYAL GOLDEN EAGLE,APRIL,BUATAN,RIAU,486,288519,ROYAL GOLDEN EAGLE,APRIL FAR EAST MALAYSIA SDN BHD,MALAYSIA,FUZHOU,CHINA (MAINLAND)
2023,470329,MARUBENI,TANJUNG ENIM LESTARI,PANJANG,SUMATERA SELATAN,496,221262,MARUBENI,MARUBENI CORP,JAPAN,CHONGQING,CHINA (MAINLAND)
2023,470329,ROYAL GOLDEN EAGLE,APRIL,BUATAN,RIAU,201,74782,ROYAL GOLDEN EAGLE,APRIL INTERNATIONAL ENTEPRISE PTE LTD,SINGAPORE,PAT BANGKOK,THAILAND
2023,470329,MARUBENI,TANJUNG ENIM LESTARI,PANJANG,SUMATERA SELATAN,194,91969,MARUBENI,MARUBENI CORP,JAPAN,SANAND,INDIA
2023,470329,MARUBENI,TANJUNG ENIM LESTARI,PANJANG,SUMATERA SELATAN,494,230631,MARUBENI,MARUBENI CORP,JAPAN,QINGDAO,CHINA (MAINLAND)
2023,470329,SINAR MAS,INDAH KIAT,PERAWANG,RIAU,500,214500,PACKAGES LTD,BULLEH SHAH PACKAGING PVT LTD,PAKISTAN,KARACHI,PAKISTAN
2023,470329,ROYAL GOLDEN EAGLE,APRIL,BUATAN,RIAU,502,186711,ROYAL GOLDEN EAGLE,APRIL INTERNATIONAL ENTEPRISE PTE LTD,SINGAPORE,CHATTOGRAM,BANGLADESH
2023,470329,ROYAL GOLDEN EAGLE,APRIL,BUATAN,RIAU,1003,373182,ROYAL GOLDEN EAGLE,APRIL FINE PAPER TRADING MIDDLE EAST,UNITED ARAB EMIRATES,JEDDAH,SAUDI ARABIA
2023,470329,SINAR MAS,INDAH KIAT,PERAWANG,RIAU,500,214500,PACKAGES LTD,BULLEH SHAH PACKAGING PVT LTD,PAKISTAN,KARACHI,PAKISTAN
2023,470329,MARUBENI,TANJUNG ENIM LESTARI,PANJANG,SUMATERA SELATAN,496,225106,MARUBENI,MARUBENI CORP,JAPAN,TUTICORIN,INDIA
2023,470329,ROYAL GOLDEN EAGLE,APRIL,BUATAN,RIAU,241,89684,ROYAL GOLDEN EAGLE,APRIL INTERNATIONAL ENTEPRISE PTE LTD,SINGAPORE,PIPAVAV (VICTOR) PORT,INDIA
2023,470329,MARUBENI,TANJUNG ENIM LESTARI,PANJANG,SUMATERA SELATAN,499,223142,MARUBENI,MARUBENI CORP,JAPAN,WUHAN,CHINA (MAINLAND)
2023,470329,SINAR MAS,OKI,SULTAN MAHMUD BADARUDDIN (U),SUMATERA SELATAN,500,213000,SINAR MAS,KING PAPER SOURCE TRADING (SHANGHAI) CO LTD,CHINA (MAINLAND),ZHENJIANG,CHINA (MAINLAND)
2023,470329,SINAR MAS,OKI,SULTAN MAHMUD BADARUDDIN (U),SUMATERA SELATAN,500,213000,SINAR MAS,KING PAPER SOURCE TRADING (SHANGHAI) CO LTD,CHINA (MAINLAND),ZHENJIANG,CHINA (MAINLAND)
2023,470329,SINAR MAS,OKI,SULTAN MAHMUD BADARUDDIN (U),SUMATERA SELATAN,500,213000,SINAR MAS,KING PAPER SOURCE TRADING (SHANGHAI) CO LTD,CHINA (MAINLAND),ZHENJIANG,CHINA (MAINLAND)
2023,470329,SINAR MAS,OKI,SULTAN MAHMUD BADARUDDIN (U),SUMATERA SELATAN,500,213000,SINAR MAS,KING PAPER SOURCE TRADING (SHANGHAI) CO LTD,CHINA (MAINLAND),ZHENJIANG,CHINA (MAINLAND)
2023,470329,SINAR MAS,OKI,SULTAN MAHMUD BADARUDDIN (U),SUMATERA SELATAN,500,213000,SINAR MAS,KING PAPER SOURCE TRADING (SHANGHAI) CO LTD,CHINA (MAINLAND),ZHENJIANG,CHINA (MAINLAND)
2023,470329,SINAR MAS,OKI,SULTAN MAHMUD BADARUDDIN (U),SUMATERA SELATAN,500,213000,SINAR MAS,KING PAPER SOURCE TRADING (SHANGHAI) CO LTD,CHINA (MAINLAND),ZHENJIANG,CHINA (MAINLAND)
2023,470329,ROYAL GOLDEN EAGLE,APRIL,BUATAN,RIAU,261,97147,ROYAL GOLDEN EAGLE,APRIL INTERNATIONAL ENTEPRISE PTE LTD,SINGAPORE,PIPAVAV (VICTOR) PORT,INDIA
2023,470329,SINAR MAS,OKI,SULTAN MAHMUD BADARUDDIN (U),SUMATERA SELATAN,500,213000,SINAR MAS,KING PAPER SOURCE TRADING (SHANGHAI) CO LTD,CHINA (MAINLAND),ZHENJIANG,CHINA (MAINLAND)
2023,470329,SINAR MAS,OKI,SULTAN MAHMUD BADARUDDIN (U),SUMATERA SELATAN,500,213000,SINAR MAS,KING PAPER SOURCE TRADING (SHANGHAI) CO LTD,CHINA (MAINLAND),ZHENJIANG,CHINA (MAINLAND)
2023,470329,SINAR MAS,OKI,SULTAN MAHMUD BADARUDDIN (U),SUMATERA SELATAN,500,213000,SINAR MAS,KING PAPER SOURCE TRADING (SHANGHAI) CO LTD,CHINA (MAINLAND),ZHENJIANG,CHINA (MAINLAND)
2023,470329,SINAR MAS,OKI,SULTAN MAHMUD BADARUDDIN (U),SUMATERA SELATAN,500,213000,SINAR MAS,KING PAPER SOURCE TRADING (SHANGHAI) CO LTD,CHINA (MAINLAND),ZHENJIANG,CHINA (MAINLAND)
2023,470329,SINAR MAS,OKI,SULTAN MAHMUD BADARUDDIN (U),SUMATERA SELATAN,500,213000,SINAR MAS,KING PAPER SOURCE TRADING (SHANGHAI) CO LTD,CHINA (MAINLAND),ZHENJIANG,CHINA (MAINLAND)
2023,470329,SINAR MAS,OKI,SULTAN MAHMUD BADARUDDIN (U),SUMATERA SELATAN,400,170400,SINAR MAS,KING PAPER SOURCE TRADING (SHANGHAI) CO LTD,CHINA (MAINLAND),ZHENJIANG,CHINA (MAINLAND)
2023,470329,ROYAL GOLDEN EAGLE,APRIL,FUTONG,RIAU,6930,2577932,ROYAL GOLDEN EAGLE,APRIL FINE PAPER TRADING MIDDLE EAST,UNITED ARAB EMIRATES,NANSHA,CHINA (MAINLAND)
2023,470329,ROYAL GOLDEN EAGLE,APRIL,FUTONG,RIAU,11047,4109511,ROYAL GOLDEN EAGLE,APRIL FINE PAPER TRADING MIDDLE EAST,UNITED ARAB EMIRATES,NANSHA,CHINA (MAINLAND)
2023,470329,ROYAL GOLDEN EAGLE,APRIL,FUTONG,RIAU,201,72536,ROYAL GOLDEN EAGLE,APRIL FAR EAST MALAYSIA SDN BHD,MALAYSIA,NANSHA,CHINA (MAINLAND)
2023,470200,ROYAL GOLDEN EAGLE,APRIL,FUTONG,RIAU,4119,2355892,ROYAL GOLDEN EAGLE,APRIL FAR EAST MALAYSIA SDN BHD,MALAYSIA,CHANGSHU,CHINA (MAINLAND)
2023,470329,ROYAL GOLDEN EAGLE,APRIL,FUTONG,RIAU,703,261385,ROYAL GOLDEN EAGLE,APRIL FAR EAST MALAYSIA SDN BHD,MALAYSIA,NANSHA,CHINA (MAINLAND)
2023,470329,SINAR MAS,OKI,SULTAN MAHMUD BADARUDDIN (U),SUMATERA SELATAN,500,213000,SINAR MAS,KING PAPER SOURCE TRADING (SHANGHAI) CO LTD,CHINA (MAINLAND),ZHENJIANG,CHINA (MAINLAND)
2023,470329,SINAR MAS,OKI,SULTAN MAHMUD BADARUDDIN (U),SUMATERA SELATAN,500,213000,SINAR MAS,KING PAPER SOURCE TRADING (SHANGHAI) CO LTD,CHINA (MAINLAND),ZHENJIANG,CHINA (MAINLAND)
2023,470329,SINAR MAS,OKI,SULTAN MAHMUD BADARUDDIN (U),SUMATERA SELATAN,100,42600,SINAR MAS,KING PAPER SOURCE TRADING (SHANGHAI) CO LTD,CHINA (MAINLAND),ZHENJIANG,CHINA (MAINLAND)
2023,470329,ROYAL GOLDEN EAGLE,APRIL,FUTONG,RIAU,3115,1125590,ROYAL GOLDEN EAGLE,APRIL INTERNATIONAL ENTEPRISE PTE LTD,SINGAPORE,NANSHA,CHINA (MAINLAND)
2023,470329,SINAR MAS,OKI,SULTAN MAHMUD BADARUDDIN (U),SUMATERA SELATAN,500,213000,SINAR MAS,KING PAPER SOURCE TRADING (SHANGHAI) CO LTD,CHINA (MAINLAND),ZHENJIANG,CHINA (MAINLAND)
2023,470329,SINAR MAS,OKI,SULTAN MAHMUD BADARUDDIN (U),SUMATERA SELATAN,500,213000,SINAR MAS,KING PAPER SOURCE TRADING (SHANGHAI) CO LTD,CHINA (MAINLAND),ZHENJIANG,CHINA (MAINLAND)
2023,470329,SINAR MAS,OKI,SULTAN MAHMUD BADARUDDIN (U),SUMATERA SELATAN,500,213000,SINAR MAS,KING PAPER SOURCE TRADING (SHANGHAI) CO LTD,CHINA (MAINLAND),ZHENJIANG,CHINA (MAINLAND)
2023,470329,SINAR MAS,OKI,SULTAN MAHMUD BADARUDDIN (U),SUMATERA SELATAN,500,213000,SINAR MAS,KING PAPER SOURCE TRADING (SHANGHAI) CO LTD,CHINA (MAINLAND),ZHENJIANG,CHINA (MAINLAND)
2023,470329,ROYAL GOLDEN EAGLE,APRIL,FUTONG,RIAU,5657,2104491,ROYAL GOLDEN EAGLE,APRIL INTERNATIONAL ENTEPRISE PTE LTD,SINGAPORE,CHANGSHU,CHINA (MAINLAND)
2023,470200,ROYAL GOLDEN EAGLE,APRIL,FUTONG,RIAU,9549,5462136,ROYAL GOLDEN EAGLE,APRIL FAR EAST MALAYSIA SDN BHD,MALAYSIA,CHANGSHU,CHINA (MAINLAND)
2023,470200,ROYAL GOLDEN EAGLE,APRIL,FUTONG,RIAU,1010,599853,ROYAL GOLDEN EAGLE,APRIL FAR EAST MALAYSIA SDN BHD,MALAYSIA,JIUJIANG,CHINA (MAINLAND)
2023,470329,SINAR MAS,OKI,SULTAN MAHMUD BADARUDDIN (U),SUMATERA SELATAN,500,213000,SINAR MAS,KING PAPER SOURCE TRADING (SHANGHAI) CO LTD,CHINA (MAINLAND),ZHENJIANG,CHINA (MAINLAND)
2023,470329,SINAR MAS,OKI,SULTAN MAHMUD BADARUDDIN (U),SUMATERA SELATAN,500,213000,SINAR MAS,KING PAPER SOURCE TRADING (SHANGHAI) CO LTD,CHINA (MAINLAND),ZHENJIANG,CHINA (MAINLAND)
2023,470329,SINAR MAS,OKI,SULTAN MAHMUD BADARUDDIN (U),SUMATERA SELATAN,500,213000,SINAR MAS,KING PAPER SOURCE TRADING (SHANGHAI) CO LTD,CHINA (MAINLAND),ZHENJIANG,CHINA (MAINLAND)
2023,470329,SINAR MAS,INDAH KIAT,PERAWANG,RIAU,700,298739,SIAM CEMENT,PHOENIX PULP & PAPER PUBLIC CO LTD,THAILAND,LAT KRABANG,THAILAND
2023,470329,MARUBENI,TANJUNG ENIM LESTARI,TARAHAN,SUMATERA SELATAN,1471,651594,MARUBENI,MARUBENI CORP,JAPAN,QINGDAO,CHINA (MAINLAND)
2023,470329,SINAR MAS,INDAH KIAT,PERAWANG,RIAU,500,210735,SINAR MAS,KING PAPER SOURCE TRADING (SHANGHAI) CO LTD,CHINA (MAINLAND),QINZHOU,CHINA (MAINLAND)
2023,470329,SINAR MAS,INDAH KIAT,PERAWANG,RIAU,500,210735,SINAR MAS,KING PAPER SOURCE TRADING (SHANGHAI) CO LTD,CHINA (MAINLAND),QINZHOU,CHINA (MAINLAND)
2023,470329,SINAR MAS,INDAH KIAT,PERAWANG,RIAU,500,210735,SINAR MAS,KING PAPER SOURCE TRADING (SHANGHAI) CO LTD,CHINA (MAINLAND),QINZHOU,CHINA (MAINLAND)
2023,470329,SINAR MAS,INDAH KIAT,PERAWANG,RIAU,500,210735,SINAR MAS,KING PAPER SOURCE TRADING (SHANGHAI) CO LTD,CHINA (MAINLAND),QINZHOU,CHINA (MAINLAND)
2023,470329,ROYAL GOLDEN EAGLE,APRIL,BUATAN,RIAU,502,186811,ROYAL GOLDEN EAGLE,APRIL INTERNATIONAL ENTEPRISE PTE LTD,SINGAPORE,CHATTOGRAM,BANGLADESH
2023,470329,MARUBENI,TANJUNG ENIM LESTARI,TARAHAN,SUMATERA SELATAN,687,291682,MARUBENI,MARUBENI CORP,JAPAN,QINGDAO,CHINA (MAINLAND)
2023,470329,MARUBENI,TANJUNG ENIM LESTARI,TARAHAN,SUMATERA SELATAN,492,206084,MARUBENI,MARUBENI CORP,JAPAN,QINGDAO,CHINA (MAINLAND)
2023,470329,SINAR MAS,INDAH KIAT,PERAWANG,RIAU,500,210735,SINAR MAS,KING PAPER SOURCE TRADING (SHANGHAI) CO LTD,CHINA (MAINLAND),QINZHOU,CHINA (MAINLAND)
2023,470329,SINAR MAS,INDAH KIAT,PERAWANG,RIAU,500,210735,SINAR MAS,KING PAPER SOURCE TRADING (SHANGHAI) CO LTD,CHINA (MAINLAND),QINZHOU,CHINA (MAINLAND)
2023,470329,SINAR MAS,INDAH KIAT,PERAWANG,RIAU,500,210735,SINAR MAS,KING PAPER SOURCE TRADING (SHANGHAI) CO LTD,CHINA (MAINLAND),QINZHOU,CHINA (MAINLAND)
2023,470329,SINAR MAS,INDAH KIAT,PERAWANG,RIAU,300,126441,SINAR MAS,KING PAPER SOURCE TRADING (SHANGHAI) CO LTD,CHINA (MAINLAND),QINZHOU,CHINA (MAINLAND)
2023,470329,ROYAL GOLDEN EAGLE,APRIL,FUTONG,RIAU,3015,1121529,ROYAL GOLDEN EAGLE,APRIL INTERNATIONAL ENTEPRISE PTE LTD,SINGAPORE,HAIPHONG,VIETNAM
2023,470329,SINAR MAS,INDAH KIAT,PERAWANG,RIAU,160,66923,RENGO,VINA KRAFT PAPER CO LTD,VIETNAM,CAT LAI,VIETNAM
2023,470329,SINAR MAS,INDAH KIAT,PERAWANG,RIAU,500,209136,NTPM HOLDINGS BHD,NTPM (VIETNAM) CO LTD,VIETNAM,CAT LAI,VIETNAM
2023,470329,SINAR MAS,INDAH KIAT,PERAWANG,RIAU,400,168588,SINAR MAS,KING PAPER SOURCE TRADING (SHANGHAI) CO LTD,CHINA (MAINLAND),QINZHOU,CHINA (MAINLAND)
2023,470200,ROYAL GOLDEN EAGLE,APRIL,BUATAN,RIAU,506,300743,ROYAL GOLDEN EAGLE,APRIL FAR EAST MALAYSIA SDN BHD,MALAYSIA,JIUJIANG,CHINA (MAINLAND)
2023,470329,MARUBENI,TANJUNG ENIM LESTARI,TARAHAN,SUMATERA SELATAN,1957,867487,MARUBENI,MARUBENI CORP,JAPAN,QINGDAO,CHINA (MAINLAND)
2023,470329,ROYAL GOLDEN EAGLE,APRIL,BUATAN,RIAU,201,72608,ROYAL GOLDEN EAGLE,APRIL INTERNATIONAL ENTEPRISE PTE LTD,SINGAPORE,PAT BANGKOK,THAILAND
2023,470329,SINAR MAS,INDAH KIAT,PERAWANG,RIAU,500,210735,SINAR MAS,KING PAPER SOURCE TRADING (SHANGHAI) CO LTD,CHINA (MAINLAND),QINZHOU,CHINA (MAINLAND)
2023,470329,SINAR MAS,INDAH KIAT,PERAWANG,RIAU,500,210735,SINAR MAS,KING PAPER SOURCE TRADING (SHANGHAI) CO LTD,CHINA (MAINLAND),QINZHOU,CHINA (MAINLAND)
2023,470329,SINAR MAS,INDAH KIAT,PERAWANG,RIAU,500,210735,SINAR MAS,KING PAPER SOURCE TRADING (SHANGHAI) CO LTD,CHINA (MAINLAND),QINZHOU,CHINA (MAINLAND)
2023,470329,ROYAL GOLDEN EAGLE,APRIL,BUATAN,RIAU,1004,373529,ROYAL GOLDEN EAGLE,APRIL INTERNATIONAL ENTEPRISE PTE LTD,SINGAPORE,HAIPHONG,VIETNAM
2023,470329,MARUBENI,TANJUNG ENIM LESTARI,TARAHAN,SUMATERA SELATAN,1961,869422,MARUBENI,MARUBENI CORP,JAPAN,QINGDAO,CHINA (MAINLAND)
2023,470329,MARUBENI,TANJUNG ENIM LESTARI,TARAHAN,SUMATERA SELATAN,1957,830530,MARUBENI,MARUBENI CORP,JAPAN,QINGDAO,CHINA (MAINLAND)
2023,470329,ROYAL GOLDEN EAGLE,APRIL,BUATAN,RIAU,1002,361797,ROYAL GOLDEN EAGLE,APRIL INTERNATIONAL ENTEPRISE PTE LTD,SINGAPORE,NINGBO,CHINA (MAINLAND)
2023,470200,ROYAL GOLDEN EAGLE,APRIL,BUATAN,RIAU,506,300614,ROYAL GOLDEN EAGLE,APRIL FAR EAST MALAYSIA SDN BHD,MALAYSIA,JIUJIANG,CHINA (MAINLAND)
2023,470200,ROYAL GOLDEN EAGLE,APRIL,BUATAN,RIAU,505,300227,ROYAL GOLDEN EAGLE,APRIL FAR EAST MALAYSIA SDN BHD,MALAYSIA,FUZHOU,CHINA (MAINLAND)
2023,470329,SINAR MAS,INDAH KIAT,PERAWANG,RIAU,500,212250,SINAR MAS,KING PAPER SOURCE TRADING (SHANGHAI) CO LTD,CHINA (MAINLAND),QINZHOU,CHINA (MAINLAND)
2023,470329,SINAR MAS,INDAH KIAT,PERAWANG,RIAU,500,210735,SINAR MAS,KING PAPER SOURCE TRADING (SHANGHAI) CO LTD,CHINA (MAINLAND),QINZHOU,CHINA (MAINLAND)
2023,470329,SINAR MAS,INDAH KIAT,PERAWANG,RIAU,200,84900,SINAR MAS,KING PAPER SOURCE TRADING (SHANGHAI) CO LTD,CHINA (MAINLAND),QINZHOU,CHINA (MAINLAND)
2023,470329,SINAR MAS,INDAH KIAT,PERAWANG,RIAU,100,42147,SINAR MAS,KING PAPER SOURCE TRADING (SHANGHAI) CO LTD,CHINA (MAINLAND),QINZHOU,CHINA (MAINLAND)
2023,470329,SINAR MAS,INDAH KIAT,PERAWANG,RIAU,500,210735,SINAR MAS,KING PAPER SOURCE TRADING (SHANGHAI) CO LTD,CHINA (MAINLAND),QINZHOU,CHINA (MAINLAND)
2023,470200,ROYAL GOLDEN EAGLE,APRIL,BUATAN,RIAU,506,300598,ROYAL GOLDEN EAGLE,APRIL FAR EAST MALAYSIA SDN BHD,MALAYSIA,JIUJIANG,CHINA (MAINLAND)
2023,470329,MARUBENI,TANJUNG ENIM LESTARI,TARAHAN,SUMATERA SELATAN,980,415841,MARUBENI,MARUBENI CORP,JAPAN,QINGDAO,CHINA (MAINLAND)
2023,470329,SINAR MAS,INDAH KIAT,PERAWANG,RIAU,500,210735,SINAR MAS,KING PAPER SOURCE TRADING (SHANGHAI) CO LTD,CHINA (MAINLAND),QINZHOU,CHINA (MAINLAND)
2023,470329,SINAR MAS,INDAH KIAT,PERAWANG,RIAU,500,210735,SINAR MAS,KING PAPER SOURCE TRADING (SHANGHAI) CO LTD,CHINA (MAINLAND),QINZHOU,CHINA (MAINLAND)
2023,470329,MARUBENI,TANJUNG ENIM LESTARI,PANJANG,SUMATERA SELATAN,994,470136,MARUBENI,MARUBENI CORP,JAPAN,XINGANG,CHINA (MAINLAND)
2023,470200,ROYAL GOLDEN EAGLE,APRIL,FUTONG,RIAU,3295,1903981,ROYAL GOLDEN EAGLE,APRIL FAR EAST MALAYSIA SDN BHD,MALAYSIA,XIUYING,CHINA (MAINLAND)
2023,470329,ROYAL GOLDEN EAGLE,APRIL,FUTONG,RIAU,2007,746777,ROYAL GOLDEN EAGLE,APRIL INTERNATIONAL ENTEPRISE PTE LTD,SINGAPORE,HAIPHONG,VIETNAM
2023,470200,ROYAL GOLDEN EAGLE,APRIL,FUTONG,RIAU,1,779769,ROYAL GOLDEN EAGLE,APRIL FAR EAST MALAYSIA SDN BHD,MALAYSIA,XIUYING,CHINA (MAINLAND)
2023,470329,ROYAL GOLDEN EAGLE,APRIL,BUATAN,RIAU,502,186897,ROYAL GOLDEN EAGLE,APRIL INTERNATIONAL ENTEPRISE PTE LTD,UNITED ARAB EMIRATES,ABU DHABI,NEW ZEALAND
2023,470200,ROYAL GOLDEN EAGLE,APRIL,FUTONG,RIAU,1012,600831,ROYAL GOLDEN EAGLE,APRIL FAR EAST MALAYSIA SDN BHD,CHINA (MAINLAND),JIUJIANG,CHINA (MAINLAND)
2023,470200,ROYAL GOLDEN EAGLE,APRIL,FUTONG,RIAU,506,300306,ROYAL GOLDEN EAGLE,APRIL FAR EAST MALAYSIA SDN BHD,CHINA (MAINLAND),LIANYUNGANG,CHINA (MAINLAND)
2023,470329,ROYAL GOLDEN EAGLE,APRIL,BUATAN,RIAU,502,186906,ROYAL GOLDEN EAGLE,APRIL INTERNATIONAL ENTEPRISE PTE LTD,BANGLADESH,CHATTOGRAM,BANGLADESH
2023,470200,ROYAL GOLDEN EAGLE,APRIL,FUTONG,RIAU,1516,900628,ROYAL GOLDEN EAGLE,APRIL FAR EAST MALAYSIA SDN BHD,CHINA (MAINLAND),JIUJIANG,CHINA (MAINLAND)
2023,470200,ROYAL GOLDEN EAGLE,APRIL,BUATAN,RIAU,506,300483,ROYAL GOLDEN EAGLE,APRIL FAR EAST MALAYSIA SDN BHD,CHINA (MAINLAND),JIUJIANG,CHINA (MAINLAND)
2023,470200,ROYAL GOLDEN EAGLE,APRIL,BUATAN,RIAU,506,300472,ROYAL GOLDEN EAGLE,APRIL FAR EAST MALAYSIA SDN BHD,CHINA (MAINLAND),FUZHOU,CHINA (MAINLAND)
2023,470329,SINAR MAS,INDAH KIAT,PERAWANG,RIAU,500,212250,SINAR MAS,KING PAPER SOURCE TRADING (SHANGHAI) CO LTD,CHINA (MAINLAND),QINZHOU,CHINA (MAINLAND)
2023,470329,ROYAL GOLDEN EAGLE,APRIL,BUATAN,RIAU,1002,361877,ROYAL GOLDEN EAGLE,APRIL INTERNATIONAL ENTEPRISE PTE LTD,CHINA (MAINLAND),NINGBO,CHINA (MAINLAND)
2023,470329,ROYAL GOLDEN EAGLE,APRIL,BUATAN,RIAU,100,37348,ROYAL GOLDEN EAGLE,APRIL INTERNATIONAL ENTEPRISE PTE LTD,INDIA,SAHNEWAL,INDIA
2023,470329,SINAR MAS,INDAH KIAT,PERAWANG,RIAU,500,210735,SINAR MAS,KING PAPER SOURCE TRADING (SHANGHAI) CO LTD,CHINA (MAINLAND),QINZHOU,CHINA (MAINLAND)
2023,470329,SINAR MAS,INDAH KIAT,PERAWANG,RIAU,1000,426770,SIAM CEMENT,PHOENIX PULP & PAPER PUBLIC CO LTD,THAILAND,LAT KRABANG,THAILAND
2023,470329,SINAR MAS,INDAH KIAT,PERAWANG,RIAU,500,210735,SINAR MAS,KING PAPER SOURCE TRADING (SHANGHAI) CO LTD,CHINA (MAINLAND),QINZHOU,CHINA (MAINLAND)
2023,470329,SINAR MAS,INDAH KIAT,PERAWANG,RIAU,500,210735,SINAR MAS,KING PAPER SOURCE TRADING (SHANGHAI) CO LTD,CHINA (MAINLAND),QINZHOU,CHINA (MAINLAND)
2023,470329,SINAR MAS,INDAH KIAT,PERAWANG,RIAU,1000,426770,BJC,BERLI JUCKER CELLOX LTD,THAILAND,LAT KRABANG,THAILAND
2023,470329,ROYAL GOLDEN EAGLE,APRIL,BUATAN,RIAU,904,326398,ROYAL GOLDEN EAGLE,APRIL INTERNATIONAL ENTEPRISE PTE LTD,VIETNAM,HAIPHONG,VIETNAM
2023,470329,SINAR MAS,INDAH KIAT,PERAWANG,RIAU,500,210735,SINAR MAS,KING PAPER SOURCE TRADING (SHANGHAI) CO LTD,CHINA (MAINLAND),QINZHOU,CHINA (MAINLAND)
2023,470329,SINAR MAS,INDAH KIAT,PERAWANG,RIAU,500,210735,SINAR MAS,KING PAPER SOURCE TRADING (SHANGHAI) CO LTD,CHINA (MAINLAND),QINZHOU,CHINA (MAINLAND)
2023,470329,MARUBENI,TANJUNG ENIM LESTARI,PANJANG,SUMATERA SELATAN,39,20657,MARUBENI,MARUBENI CORP,JAPAN,KITAKYUSHU- MOJI,JAPAN
2023,470329,ROYAL GOLDEN EAGLE,APRIL,BUATAN,RIAU,20,7465,ROYAL GOLDEN EAGLE,APRIL INTERNATIONAL ENTEPRISE PTE LTD,INDIA,CHENNAI (EX MADRAS),INDIA
2023,470200,ROYAL GOLDEN EAGLE,APRIL,BUATAN,RIAU,1012,601228,ROYAL GOLDEN EAGLE,APRIL FAR EAST MALAYSIA SDN BHD,CHINA (MAINLAND),FUZHOU,CHINA (MAINLAND)
2023,470329,MARUBENI,TANJUNG ENIM LESTARI,PANJANG,SUMATERA SELATAN,497,221415,MARUBENI,MARUBENI CORP,JAPAN,TAOYUAN,TAIWAN
2023,470329,MARUBENI,TANJUNG ENIM LESTARI,PANJANG,SUMATERA SELATAN,20,10356,MARUBENI,MARUBENI CORP,JAPAN,SHIMIZU,JAPAN
2023,470200,ROYAL GOLDEN EAGLE,APRIL,BUATAN,RIAU,506,300648,ROYAL GOLDEN EAGLE,APRIL FAR EAST MALAYSIA SDN BHD,CHINA (MAINLAND),JIUJIANG,CHINA (MAINLAND)
2023,470329,MARUBENI,TANJUNG ENIM LESTARI,PANJANG,SUMATERA SELATAN,130,65524,MARUBENI,MARUBENI CORP,JAPAN,LAT KRABANG,THAILAND
2023,470329,MARUBENI,TANJUNG ENIM LESTARI,PANJANG,SUMATERA SELATAN,39,20691,MARUBENI,MARUBENI CORP,JAPAN,SHIMIZU,JAPAN
2023,470329,MARUBENI,TANJUNG ENIM LESTARI,PANJANG,SUMATERA SELATAN,497,224376,MARUBENI,MARUBENI CORP,JAPAN,NINGBO,CHINA (MAINLAND)
2023,470329,MARUBENI,TANJUNG ENIM LESTARI,PANJANG,SUMATERA SELATAN,995,438205,MARUBENI,MARUBENI CORP,JAPAN,XINHUI,CHINA (MAINLAND)
2023,470329,ROYAL GOLDEN EAGLE,APRIL,BUATAN,RIAU,339,122356,ROYAL GOLDEN EAGLE,APRIL INTERNATIONAL ENTEPRISE PTE LTD,VIETNAM,CAT LAI,VIETNAM
2023,470329,ROYAL GOLDEN EAGLE,APRIL,BUATAN,RIAU,503,181439,ROYAL GOLDEN EAGLE,APRIL INTERNATIONAL ENTEPRISE PTE LTD,BANGLADESH,CHATTOGRAM,BANGLADESH
2023,470329,MARUBENI,TANJUNG ENIM LESTARI,PANJANG,SUMATERA SELATAN,496,217054,MARUBENI,MARUBENI CORP,JAPAN,WUHAN,CHINA (MAINLAND)
2023,470329,SINAR MAS,OKI,SULTAN MAHMUD BADARUDDIN (U),SUMATERA SELATAN,2000,839751,XIANMEN C&D,HONG KONG PAPER SOURCES CO LTD,CHINA (HONG KONG),NANSHA,CHINA (MAINLAND)
2023,470329,SINAR MAS,OKI,SULTAN MAHMUD BADARUDDIN (U),SUMATERA SELATAN,1500,629814,XIANMEN C&D,HONG KONG PAPER SOURCES CO LTD,CHINA (HONG KONG),NANSHA,CHINA (MAINLAND)
2023,470329,MARUBENI,TANJUNG ENIM LESTARI,PANJANG,SUMATERA SELATAN,108,50352,MARUBENI,MARUBENI CORP,JAPAN,ICD MIHAN,INDIA
2023,470200,ROYAL GOLDEN EAGLE,APRIL,BUATAN,RIAU,506,300677,ROYAL GOLDEN EAGLE,APRIL FAR EAST MALAYSIA SDN BHD,CHINA (MAINLAND),FUZHOU,CHINA (MAINLAND)
2023,470200,ROYAL GOLDEN EAGLE,APRIL,BUATAN,RIAU,506,300646,ROYAL GOLDEN EAGLE,APRIL FAR EAST MALAYSIA SDN BHD,CHINA (MAINLAND),FUZHOU,CHINA (MAINLAND)
2023,470329,MARUBENI,TANJUNG ENIM LESTARI,PANJANG,SUMATERA SELATAN,496,217307,MARUBENI,MARUBENI CORP,JAPAN,WUHAN,CHINA (MAINLAND)
2023,470329,SINAR MAS,OKI,SULTAN MAHMUD BADARUDDIN (U),SUMATERA SELATAN,1000,419876,XIANMEN C&D,HONG KONG PAPER SOURCES CO LTD,CHINA (HONG KONG),NANSHA,CHINA (MAINLAND)
2023,470200,ROYAL GOLDEN EAGLE,APRIL,BUATAN,RIAU,506,300431,ROYAL GOLDEN EAGLE,APRIL FAR EAST MALAYSIA SDN BHD,CHINA (MAINLAND),JIUJIANG,CHINA (MAINLAND)
2023,470329,MARUBENI,TANJUNG ENIM LESTARI,PANJANG,SUMATERA SELATAN,108,50261,MARUBENI,MARUBENI CORP,JAPAN,SANAND,INDIA
2023,470329,SINAR MAS,OKI,SULTAN MAHMUD BADARUDDIN (U),SUMATERA SELATAN,1500,629814,XIANMEN C&D,HONG KONG PAPER SOURCES CO LTD,CHINA (HONG KONG),NANSHA,CHINA (MAINLAND)
2023,470329,ROYAL GOLDEN EAGLE,APRIL,BUATAN,RIAU,261,94371,ROYAL GOLDEN EAGLE,APRIL INTERNATIONAL ENTEPRISE PTE LTD,VIETNAM,CAT LAI,VIETNAM
2023,470329,MARUBENI,TANJUNG ENIM LESTARI,PANJANG,SUMATERA SELATAN,151,70455,MARUBENI,MARUBENI CORP,JAPAN,SONIPAT,INDIA
2023,470329,SINAR MAS,OKI,SULTAN MAHMUD BADARUDDIN (U),SUMATERA SELATAN,4500,1917000,SINAR MAS,KING PAPER SOURCE TRADING (SHANGHAI) CO LTD,CHINA (MAINLAND),QINZHOU,CHINA (MAINLAND)
2023,470329,ROYAL GOLDEN EAGLE,APRIL,BUATAN,RIAU,503,181494,ROYAL GOLDEN EAGLE,APRIL INTERNATIONAL ENTEPRISE PTE LTD,BANGLADESH,CHATTOGRAM,BANGLADESH
2023,470329,SINAR MAS,LONTAR PAPYRUS,KUALA TUNGKAL,JAMBI,502,209096,ADITYA BIRLA,CENTURY PULP AND PAPER,INDIA,MUNDRA,INDIA
2023,470329,SINAR MAS,LONTAR PAPYRUS,KUALA TUNGKAL,JAMBI,502,209059,ADITYA BIRLA,CENTURY PULP AND PAPER,INDIA,MUNDRA,INDIA
2023,470200,ROYAL GOLDEN EAGLE,APRIL,BUATAN,RIAU,506,300385,ROYAL GOLDEN EAGLE,APRIL FAR EAST MALAYSIA SDN BHD,CHINA (MAINLAND),JIUJIANG,CHINA (MAINLAND)
2023,470329,SINAR MAS,LONTAR PAPYRUS,KUALA TUNGKAL,JAMBI,502,209084,ADITYA BIRLA,CENTURY PULP AND PAPER,INDIA,MUNDRA,INDIA
2023,470329,SINAR MAS,LONTAR PAPYRUS,KUALA TUNGKAL,JAMBI,461,191958,ADITYA BIRLA,CENTURY PULP AND PAPER,INDIA,MUNDRA,INDIA
2023,470329,SINAR MAS,LONTAR PAPYRUS,KUALA TUNGKAL,JAMBI,502,209098,ADITYA BIRLA,CENTURY PULP AND PAPER,INDIA,MUNDRA,INDIA
2023,470329,SINAR MAS,LONTAR PAPYRUS,KUALA TUNGKAL,JAMBI,502,209077,ADITYA BIRLA,CENTURY PULP AND PAPER,INDIA,MUNDRA,INDIA
2023,470329,ROYAL GOLDEN EAGLE,APRIL,BUATAN,RIAU,503,181491,ROYAL GOLDEN EAGLE,APRIL INTERNATIONAL ENTEPRISE PTE LTD,BANGLADESH,CHATTOGRAM,BANGLADESH
2023,470200,ROYAL GOLDEN EAGLE,APRIL,BUATAN,RIAU,506,300514,ROYAL GOLDEN EAGLE,APRIL FAR EAST MALAYSIA SDN BHD,CHINA (MAINLAND),JIUJIANG,CHINA (MAINLAND)
2023,470200,ROYAL GOLDEN EAGLE,APRIL,BUATAN,RIAU,506,300350,ROYAL GOLDEN EAGLE,APRIL FAR EAST MALAYSIA SDN BHD,CHINA (MAINLAND),FUZHOU,CHINA (MAINLAND)
2023,470329,SINAR MAS,INDAH KIAT,PERAWANG,RIAU,500,214500,PACKAGES LTD,BULLEH SHAH PACKAGING PVT LTD,PAKISTAN,KARACHI,PAKISTAN
2023,470329,ROYAL GOLDEN EAGLE,APRIL,BUATAN,RIAU,101,36347,ROYAL GOLDEN EAGLE,APRIL INTERNATIONAL ENTEPRISE PTE LTD,INDIA,MUNDRA,INDIA
2023,470329,ROYAL GOLDEN EAGLE,APRIL,BUATAN,RIAU,101,36324,ROYAL GOLDEN EAGLE,APRIL INTERNATIONAL ENTEPRISE PTE LTD,INDIA,JAWAHARLAL NEHRU (NHAVA S,INDIA
2023,470329,ROYAL GOLDEN EAGLE,APRIL,BUATAN,RIAU,1003,362024,ROYAL GOLDEN EAGLE,APRIL INTERNATIONAL ENTEPRISE PTE LTD,CHINA (MAINLAND),NINGBO,CHINA (MAINLAND)
2023,470200,ROYAL GOLDEN EAGLE,APRIL,BUATAN,RIAU,506,300294,ROYAL GOLDEN EAGLE,APRIL FAR EAST MALAYSIA SDN BHD,CHINA (MAINLAND),JIUJIANG,CHINA (MAINLAND)
2023,470329,SINAR MAS,INDAH KIAT,PERAWANG,RIAU,500,212150,UNKNOWN AFFILIATION,SONALI PAPER & BOARD MILLS LTD,BANGLADESH,CHATTOGRAM,BANGLADESH
2023,470329,SINAR MAS,INDAH KIAT,PERAWANG,RIAU,260,110318,LIPY,LIPY PAPER MILLS LTD,BANGLADESH,CHATTOGRAM,BANGLADESH
2023,470329,SINAR MAS,OKI,SULTAN MAHMUD BADARUDDIN (U),SUMATERA SELATAN,800,339600,SINAR MAS,KING PAPER SOURCE TRADING (SHANGHAI) CO LTD,CHINA (MAINLAND),NINGBO,CHINA (MAINLAND)
2023,470329,ROYAL GOLDEN EAGLE,APRIL,BUATAN,RIAU,301,108592,ROYAL GOLDEN EAGLE,APRIL INTERNATIONAL ENTEPRISE PTE LTD,THAILAND,PAT BANGKOK,THAILAND
2023,470329,SINAR MAS,OKI,SULTAN MAHMUD BADARUDDIN (U),SUMATERA SELATAN,1600,679200,SINAR MAS,KING PAPER SOURCE TRADING (SHANGHAI) CO LTD,CHINA (MAINLAND),NINGBO,CHINA (MAINLAND)
2023,470329,SINAR MAS,OKI,SULTAN MAHMUD BADARUDDIN (U),SUMATERA SELATAN,3800,1613100,SINAR MAS,JIANGSU BOHUI PAPER INDUSTRY CO LTD.,CHINA (MAINLAND),CHANGSHU,CHINA (MAINLAND)
2023,470329,SINAR MAS,INDAH KIAT,PERAWANG,RIAU,260,110318,LIPY,LIPY PAPER MILLS LTD,BANGLADESH,CHATTOGRAM,BANGLADESH
2023,470329,SINAR MAS,OKI,SULTAN MAHMUD BADARUDDIN (U),SUMATERA SELATAN,3300,1400850,SINAR MAS,KING PAPER SOURCE TRADING (SHANGHAI) CO LTD,CHINA (MAINLAND),NINGBO,CHINA (MAINLAND)
2023,470329,SINAR MAS,OKI,SULTAN MAHMUD BADARUDDIN (U),SUMATERA SELATAN,1300,551850,SINAR MAS,JIANGSU BOHUI PAPER INDUSTRY CO LTD.,CHINA (MAINLAND),CHANGSHU,CHINA (MAINLAND)
2023,470329,ROYAL GOLDEN EAGLE,APRIL,BUATAN,RIAU,60,21791,ROYAL GOLDEN EAGLE,APRIL INTERNATIONAL ENTEPRISE PTE LTD,INDIA,JAWAHARLAL NEHRU (NHAVA S,INDIA
2023,470200,ROYAL GOLDEN EAGLE,APRIL,BUATAN,RIAU,506,300395,ROYAL GOLDEN EAGLE,APRIL FAR EAST MALAYSIA SDN BHD,CHINA (MAINLAND),FUZHOU,CHINA (MAINLAND)
2023,470329,SINAR MAS,LONTAR PAPYRUS,KUALA TUNGKAL,JAMBI,502,209177,ADITYA BIRLA,CENTURY PULP AND PAPER,INDIA,MUNDRA,INDIA
2023,470329,SINAR MAS,INDAH KIAT,PERAWANG,RIAU,500,212850,XSD INTERNATIONAL,XSD INTERNATIONAL PAPER SDN BHD,MALAYSIA,PENANG (GEORGETOWN),MALAYSIA
2023,470329,SINAR MAS,LONTAR PAPYRUS,KUALA TUNGKAL,JAMBI,503,209640,ADITYA BIRLA,CENTURY PULP AND PAPER,INDIA,MUNDRA,INDIA
2023,470329,SINAR MAS,LONTAR PAPYRUS,KUALA TUNGKAL,JAMBI,8532,3399214,UNKNOWN AFFILIATION,KHANNA PAPER MILLS LTD,INDIA,KANDLA,INDIA
2023,470329,SINAR MAS,LONTAR PAPYRUS,KUALA TUNGKAL,JAMBI,502,209159,ADITYA BIRLA,CENTURY PULP AND PAPER,INDIA,MUNDRA,INDIA
2023,470329,ROYAL GOLDEN EAGLE,APRIL,BUATAN,RIAU,501,181006,ROYAL GOLDEN EAGLE,APRIL INTERNATIONAL ENTEPRISE PTE LTD,BANGLADESH,CHATTOGRAM,BANGLADESH
2023,470329,SINAR MAS,LONTAR PAPYRUS,KUALA TUNGKAL,JAMBI,1508,600925,UNKNOWN AFFILIATION,KHANNA PAPER MILLS LTD,INDIA,KANDLA,INDIA
2023,470329,SINAR MAS,LONTAR PAPYRUS,KUALA TUNGKAL,JAMBI,502,209176,ADITYA BIRLA,CENTURY PULP AND PAPER,INDIA,MUNDRA,INDIA
2023,470329,ROYAL GOLDEN EAGLE,APRIL,BUATAN,RIAU,1002,361864,ROYAL GOLDEN EAGLE,APRIL INTERNATIONAL ENTEPRISE PTE LTD,CHINA (MAINLAND),NINGBO,CHINA (MAINLAND)
2023,470329,SINAR MAS,OKI,SULTAN MAHMUD BADARUDDIN (U),SUMATERA SELATAN,5000,2043500,SINAR MAS,SHANDONG BOHUI PAPER INDUSTRY CO LTD,CHINA (MAINLAND),QINGDAO,CHINA (MAINLAND)
2023,470200,ROYAL GOLDEN EAGLE,APRIL,BUATAN,RIAU,971,577069,ROYAL GOLDEN EAGLE,APRIL FAR EAST MALAYSIA SDN BHD,CHINA (MAINLAND),JIUJIANG,CHINA (MAINLAND)
2023,470200,ROYAL GOLDEN EAGLE,APRIL,BUATAN,RIAU,506,300360,ROYAL GOLDEN EAGLE,APRIL FAR EAST MALAYSIA SDN BHD,CHINA (MAINLAND),FUZHOU,CHINA (MAINLAND)
2023,470329,SINAR MAS,OKI,SULTAN MAHMUD BADARUDDIN (U),SUMATERA SELATAN,6000,2463000,SINAR MAS,SHANDONG BOHUI PAPER INDUSTRY CO LTD,CHINA (MAINLAND),QINGDAO,CHINA (MAINLAND)
2023,470329,MARUBENI,TANJUNG ENIM LESTARI,PANJANG,SUMATERA SELATAN,500,233931,MARUBENI,MARUBENI CORP,JAPAN,QINGDAO,CHINA (MAINLAND)
2023,470329,SINAR MAS,INDAH KIAT,PERAWANG,RIAU,240,101832,LIPY,LIPY PAPER MILLS LTD,BANGLADESH,CHATTOGRAM,BANGLADESH
2023,470329,SINAR MAS,INDAH KIAT,PERAWANG,RIAU,500,212150,UNKNOWN AFFILIATION,SONALI PAPER & BOARD MILLS LTD,BANGLADESH,CHATTOGRAM,BANGLADESH
2023,470329,MARUBENI,TANJUNG ENIM LESTARI,PANJANG,SUMATERA SELATAN,999,476454,MARUBENI,MARUBENI CORP,JAPAN,QINGDAO,CHINA (MAINLAND)
2023,470329,SINAR MAS,LONTAR PAPYRUS,KUALA TUNGKAL,JAMBI,502,209284,ADITYA BIRLA,CENTURY PULP AND PAPER,INDIA,MUNDRA,INDIA
2023,470200,ROYAL GOLDEN EAGLE,APRIL,FUTONG,RIAU,506,300624,ROYAL GOLDEN EAGLE,APRIL FAR EAST MALAYSIA SDN BHD,MALAYSIA,FUZHOU,CHINA (MAINLAND)
2023,470200,ROYAL GOLDEN EAGLE,APRIL,BUATAN,RIAU,505,300219,ROYAL GOLDEN EAGLE,APRIL FAR EAST MALAYSIA SDN BHD,CHINA (MAINLAND),FUZHOU,CHINA (MAINLAND)
2023,470200,ROYAL GOLDEN EAGLE,APRIL,FUTONG,RIAU,1518,901470,ROYAL GOLDEN EAGLE,APRIL FAR EAST MALAYSIA SDN BHD,MALAYSIA,JIUJIANG,CHINA (MAINLAND)
2023,470200,ROYAL GOLDEN EAGLE,APRIL,FUTONG,RIAU,506,300727,ROYAL GOLDEN EAGLE,APRIL FAR EAST MALAYSIA SDN BHD,MALAYSIA,LIANYUNGANG,CHINA (MAINLAND)
2023,470200,ROYAL GOLDEN EAGLE,APRIL,FUTONG,RIAU,1011,600429,ROYAL GOLDEN EAGLE,APRIL FAR EAST MALAYSIA SDN BHD,MALAYSIA,LIANYUNGANG,CHINA (MAINLAND)
2023,470200,ROYAL GOLDEN EAGLE,APRIL,FUTONG,RIAU,241,142980,ROYAL GOLDEN EAGLE,APRIL FAR EAST MALAYSIA SDN BHD,MALAYSIA,RIZHAO,CHINA (MAINLAND)
2023,470329,SINAR MAS,INDAH KIAT,PERAWANG,RIAU,240,101832,LIPY,LIPY PAPER MILLS LTD,BANGLADESH,CHATTOGRAM,BANGLADESH
2023,470329,ROYAL GOLDEN EAGLE,APRIL,BUATAN,RIAU,26,9443,ROYAL GOLDEN EAGLE,APRIL FAR EAST MALAYSIA SDN BHD,JAPAN,SHIMIZU,JAPAN
2023,470329,MARUBENI,TANJUNG ENIM LESTARI,PANJANG,SUMATERA SELATAN,993,473607,MARUBENI,MARUBENI CORP,JAPAN,QINGDAO,CHINA (MAINLAND)
2023,470329,MARUBENI,TANJUNG ENIM LESTARI,PANJANG,SUMATERA SELATAN,501,211230,MARUBENI,MARUBENI CORP,JAPAN,NINGBO,CHINA (MAINLAND)
2023,470329,ROYAL GOLDEN EAGLE,APRIL,BUATAN,RIAU,1004,362356,ROYAL GOLDEN EAGLE,APRIL INTERNATIONAL ENTEPRISE PTE LTD,CHINA (MAINLAND),NINGBO,CHINA (MAINLAND)
2023,470200,ROYAL GOLDEN EAGLE,APRIL,BUATAN,RIAU,506,300564,ROYAL GOLDEN EAGLE,APRIL FAR EAST MALAYSIA SDN BHD,CHINA (MAINLAND),JIUJIANG,CHINA (MAINLAND)
2023,470329,SINAR MAS,INDAH KIAT,PERAWANG,RIAU,5800,2462100,SINAR MAS,KING PAPER SOURCE TRADING (SHANGHAI) CO LTD,CHINA (MAINLAND),QINZHOU,CHINA (MAINLAND)
2023,470329,SINAR MAS,OKI,SULTAN MAHMUD BADARUDDIN (U),SUMATERA SELATAN,1000,411112,UNKNOWN AFFILIATION,CHONGQING BAIJUN SUPPLY CHAIN SERVICE CO LTD,CHINA (MAINLAND),TIANJIN,CHINA (MAINLAND)
2023,470329,SINAR MAS,OKI,SULTAN MAHMUD BADARUDDIN (U),SUMATERA SELATAN,500,205556,UNKNOWN AFFILIATION,CHONGQING BAIJUN SUPPLY CHAIN SERVICE CO LTD,CHINA (MAINLAND),TIANJIN,CHINA (MAINLAND)
2023,470329,SINAR MAS,OKI,SULTAN MAHMUD BADARUDDIN (U),SUMATERA SELATAN,500,205556,UNKNOWN AFFILIATION,CHONGQING BAIJUN SUPPLY CHAIN SERVICE CO LTD,CHINA (MAINLAND),TIANJIN,CHINA (MAINLAND)
2023,470329,SINAR MAS,OKI,SULTAN MAHMUD BADARUDDIN (U),SUMATERA SELATAN,300,123334,UNKNOWN AFFILIATION,CHONGQING BAIJUN SUPPLY CHAIN SERVICE CO LTD,CHINA (MAINLAND),TIANJIN,CHINA (MAINLAND)
2023,470329,ROYAL GOLDEN EAGLE,APRIL,FUTONG,RIAU,4017,1450206,ROYAL GOLDEN EAGLE,APRIL FAR EAST MALAYSIA SDN BHD,MALAYSIA,KAKINADA,INDIA
2023,470329,SINAR MAS,INDAH KIAT,PERAWANG,RIAU,2500,1045825,UNKNOWN AFFILIATION,SAUDI PAPER MANUFACTURING CO,SAUDI ARABIA,AD DAMMAM,SAUDI ARABIA
2023,470329,SINAR MAS,INDAH KIAT,PERAWANG,RIAU,2500,1045825,UNKNOWN AFFILIATION,SAUDI PAPER MANUFACTURING CO,SAUDI ARABIA,AD DAMMAM,SAUDI ARABIA
2023,470329,MARUBENI,TANJUNG ENIM LESTARI,PANJANG,SUMATERA SELATAN,629,275659,MARUBENI,MARUBENI CORP,JAPAN,WUHAN,CHINA (MAINLAND)
2023,470329,SINAR MAS,OKI,SULTAN MAHMUD BADARUDDIN (U),SUMATERA SELATAN,8000,3296012,UNKNOWN AFFILIATION,CHONGQING BAIJUN SUPPLY CHAIN SERVICE CO LTD,CHINA (MAINLAND),TIANJIN,CHINA (MAINLAND)
2023,470329,SINAR MAS,OKI,SULTAN MAHMUD BADARUDDIN (U),SUMATERA SELATAN,200,82370,UNKNOWN AFFILIATION,CHONGQING BAIJUN SUPPLY CHAIN SERVICE CO LTD,CHINA (MAINLAND),TIANJIN,CHINA (MAINLAND)
2023,470329,ROYAL GOLDEN EAGLE,APRIL,FUTONG,RIAU,8139,2938240,ROYAL GOLDEN EAGLE,APRIL INTERNATIONAL ENTEPRISE PTE LTD,SINGAPORE,KAKINADA,INDIA
2023,470200,ROYAL GOLDEN EAGLE,APRIL,BUATAN,RIAU,1052,624718,ROYAL GOLDEN EAGLE,APRIL FAR EAST MALAYSIA SDN BHD,MALAYSIA,JIUJIANG,CHINA (MAINLAND)
2023,470329,SINAR MAS,OKI,SULTAN MAHMUD BADARUDDIN (U),SUMATERA SELATAN,9000,3852000,SINAR MAS,KING PAPER SOURCE TRADING (SHANGHAI) CO LTD,CHINA (MAINLAND),ZHENJIANG,CHINA (MAINLAND)
2023,470329,SINAR MAS,OKI,SULTAN MAHMUD BADARUDDIN (U),SUMATERA SELATAN,5000,2043767,UNKNOWN AFFILIATION,CHONGQING BAIJUN SUPPLY CHAIN SERVICE CO LTD,CHINA (MAINLAND),TIANJIN,CHINA (MAINLAND)
2023,470329,SINAR MAS,OKI,SULTAN MAHMUD BADARUDDIN (U),SUMATERA SELATAN,3600,1483206,UNKNOWN AFFILIATION,CHONGQING BAIJUN SUPPLY CHAIN SERVICE CO LTD,CHINA (MAINLAND),TIANJIN,CHINA (MAINLAND)
2023,470329,SINAR MAS,OKI,SULTAN MAHMUD BADARUDDIN (U),SUMATERA SELATAN,1500,617777,UNKNOWN AFFILIATION,CHONGQING BAIJUN SUPPLY CHAIN SERVICE CO LTD,CHINA (MAINLAND),TIANJIN,CHINA (MAINLAND)
2023,470200,ROYAL GOLDEN EAGLE,APRIL,BUATAN,RIAU,506,300450,ROYAL GOLDEN EAGLE,APRIL FAR EAST MALAYSIA SDN BHD,MALAYSIA,JIUJIANG,CHINA (MAINLAND)
2023,470329,SINAR MAS,INDAH KIAT,PERAWANG,RIAU,4000,1622800,UNKNOWN AFFILIATION,N R AGARWAL INDUSTRIES LTD,INDIA,MUMBAI (EX BOMBAY),INDIA
2023,470329,MARUBENI,TANJUNG ENIM LESTARI,PANJANG,SUMATERA SELATAN,498,208666,MARUBENI,MARUBENI CORP,JAPAN,WUHAN,CHINA (MAINLAND)
2023,470329,SINAR MAS,OKI,SULTAN MAHMUD BADARUDDIN (U),SUMATERA SELATAN,10000,4280000,SINAR MAS,KING PAPER SOURCE TRADING (SHANGHAI) CO LTD,CHINA (MAINLAND),ZHENJIANG,CHINA (MAINLAND)
2023,470329,SINAR MAS,OKI,SULTAN MAHMUD BADARUDDIN (U),SUMATERA SELATAN,5000,2060008,UNKNOWN AFFILIATION,CHONGQING BAIJUN SUPPLY CHAIN SERVICE CO LTD,CHINA (MAINLAND),TIANJIN,CHINA (MAINLAND)
2023,470329,SINAR MAS,OKI,SULTAN MAHMUD BADARUDDIN (U),SUMATERA SELATAN,2000,823703,UNKNOWN AFFILIATION,CHONGQING BAIJUN SUPPLY CHAIN SERVICE CO LTD,CHINA (MAINLAND),TIANJIN,CHINA (MAINLAND)
2023,470329,SINAR MAS,OKI,SULTAN MAHMUD BADARUDDIN (U),SUMATERA SELATAN,540,222400,UNKNOWN AFFILIATION,CHONGQING BAIJUN SUPPLY CHAIN SERVICE CO LTD,CHINA (MAINLAND),TIANJIN,CHINA (MAINLAND)
2023,470329,SINAR MAS,OKI,SULTAN MAHMUD BADARUDDIN (U),SUMATERA SELATAN,500,205926,UNKNOWN AFFILIATION,CHONGQING BAIJUN SUPPLY CHAIN SERVICE CO LTD,CHINA (MAINLAND),TIANJIN,CHINA (MAINLAND)
2023,470200,ROYAL GOLDEN EAGLE,APRIL,FUTONG,RIAU,1013,601476,ROYAL GOLDEN EAGLE,APRIL FAR EAST MALAYSIA SDN BHD,MALAYSIA,FUZHOU,CHINA (MAINLAND)
2023,470200,ROYAL GOLDEN EAGLE,APRIL,BUATAN,RIAU,506,300650,ROYAL GOLDEN EAGLE,APRIL FAR EAST MALAYSIA SDN BHD,MALAYSIA,FUZHOU,CHINA (MAINLAND)
2023,470329,MARUBENI,TANJUNG ENIM LESTARI,PANJANG,SUMATERA SELATAN,152,68803,MARUBENI,MARUBENI CORP,JAPAN,LAT KRABANG,THAILAND
2023,470329,SINAR MAS,OKI,SULTAN MAHMUD BADARUDDIN (U),SUMATERA SELATAN,4600,1895207,UNKNOWN AFFILIATION,CHONGQING BAIJUN SUPPLY CHAIN SERVICE CO LTD,CHINA (MAINLAND),TIANJIN,CHINA (MAINLAND)
2023,470329,SINAR MAS,OKI,SULTAN MAHMUD BADARUDDIN (U),SUMATERA SELATAN,2500,1030004,UNKNOWN AFFILIATION,CHONGQING BAIJUN SUPPLY CHAIN SERVICE CO LTD,CHINA (MAINLAND),TIANJIN,CHINA (MAINLAND)
2023,470329,SINAR MAS,OKI,SULTAN MAHMUD BADARUDDIN (U),SUMATERA SELATAN,300,123555,UNKNOWN AFFILIATION,CHONGQING BAIJUN SUPPLY CHAIN SERVICE CO LTD,CHINA (MAINLAND),TIANJIN,CHINA (MAINLAND)
2023,470329,ROYAL GOLDEN EAGLE,APRIL,FUTONG,RIAU,4997,1804039,ROYAL GOLDEN EAGLE,APRIL INTERNATIONAL ENTEPRISE PTE LTD,SINGAPORE,JEBEL ALI,NEW ZEALAND
2023,470329,SINAR MAS,INDAH KIAT,PERAWANG,RIAU,1700,721650,SINAR MAS,KING PAPER SOURCE TRADING (SHANGHAI) CO LTD,CHINA (MAINLAND),QINZHOU,CHINA (MAINLAND)
2023,470329,MARUBENI,TANJUNG ENIM LESTARI,PANJANG,SUMATERA SELATAN,259,112376,MARUBENI,MARUBENI CORP,JAPAN,MORADABAD,INDIA
2023,470329,MARUBENI,TANJUNG ENIM LESTARI,PANJANG,SUMATERA SELATAN,174,81049,MARUBENI,MARUBENI CORP,JAPAN,SANAND,INDIA
2023,470329,MARUBENI,TANJUNG ENIM LESTARI,PANJANG,SUMATERA SELATAN,109,50589,MARUBENI,MARUBENI CORP,JAPAN,ICD MIHAN,INDIA
2023,470329,SINAR MAS,OKI,SULTAN MAHMUD BADARUDDIN (U),SUMATERA SELATAN,8000,3424000,SINAR MAS,KING PAPER SOURCE TRADING (SHANGHAI) CO LTD,CHINA (MAINLAND),ZHENJIANG,CHINA (MAINLAND)
2023,470329,SINAR MAS,OKI,SULTAN MAHMUD BADARUDDIN (U),SUMATERA SELATAN,2000,824003,UNKNOWN AFFILIATION,CHONGQING BAIJUN SUPPLY CHAIN SERVICE CO LTD,CHINA (MAINLAND),TIANJIN,CHINA (MAINLAND)
2023,470329,SINAR MAS,OKI,SULTAN MAHMUD BADARUDDIN (U),SUMATERA SELATAN,1960,807229,UNKNOWN AFFILIATION,CHONGQING BAIJUN SUPPLY CHAIN SERVICE CO LTD,CHINA (MAINLAND),TIANJIN,CHINA (MAINLAND)
2023,470329,SINAR MAS,OKI,SULTAN MAHMUD BADARUDDIN (U),SUMATERA SELATAN,500,205926,UNKNOWN AFFILIATION,CHONGQING BAIJUN SUPPLY CHAIN SERVICE CO LTD,CHINA (MAINLAND),TIANJIN,CHINA (MAINLAND)
2023,470329,SINAR MAS,OKI,SULTAN MAHMUD BADARUDDIN (U),SUMATERA SELATAN,500,205926,UNKNOWN AFFILIATION,CHONGQING BAIJUN SUPPLY CHAIN SERVICE CO LTD,CHINA (MAINLAND),TIANJIN,CHINA (MAINLAND)
2023,470329,SINAR MAS,INDAH KIAT,PERAWANG,RIAU,500,208860,PARTEX STAR,PARTEX TISSUE LTD,BANGLADESH,CHATTOGRAM,BANGLADESH
2023,470329,MARUBENI,TANJUNG ENIM LESTARI,PANJANG,SUMATERA SELATAN,304,142042,MARUBENI,MARUBENI CORP,JAPAN,LAT KRABANG,THAILAND
2023,470329,ROYAL GOLDEN EAGLE,APRIL,FUTONG,RIAU,7120,2570480,ROYAL GOLDEN EAGLE,APRIL INTERNATIONAL ENTEPRISE PTE LTD,SINGAPORE,CHANGSHU,CHINA (MAINLAND)
2023,470329,MARUBENI,TANJUNG ENIM LESTARI,PANJANG,SUMATERA SELATAN,152,67656,MARUBENI,MARUBENI CORP,JAPAN,SANAND,INDIA
2023,470329,ROYAL GOLDEN EAGLE,APRIL,BUATAN,RIAU,498,179791,ROYAL GOLDEN EAGLE,APRIL INTERNATIONAL ENTEPRISE PTE LTD,SINGAPORE,KARACHI,PAKISTAN
2023,470329,ROYAL GOLDEN EAGLE,APRIL,BUATAN,RIAU,101,36318,ROYAL GOLDEN EAGLE,APRIL INTERNATIONAL ENTEPRISE PTE LTD,SINGAPORE,JAWAHARLAL NEHRU (NHAVA S,INDIA
2023,470200,ROYAL GOLDEN EAGLE,APRIL,BUATAN,RIAU,506,300626,ROYAL GOLDEN EAGLE,APRIL FAR EAST MALAYSIA SDN BHD,MALAYSIA,JIUJIANG,CHINA (MAINLAND)
2023,470200,ROYAL GOLDEN EAGLE,APRIL,BUATAN,RIAU,506,300495,ROYAL GOLDEN EAGLE,APRIL FAR EAST MALAYSIA SDN BHD,MALAYSIA,JIUJIANG,CHINA (MAINLAND)
2023,440122,ROYAL GOLDEN EAGLE,BALIKPAPAN CHIP LESTARI,BALIKPAPAN,KALIMANTAN TIMUR,25241,3546353,ROYAL GOLDEN EAGLE,ASIA SYMBOL (SHANDONG) PULP AND PAPER,CHINA (MAINLAND),RIZHAO,CHINA (MAINLAND)
2023,470329,SINAR MAS,OKI,SULTAN MAHMUD BADARUDDIN (U),SUMATERA SELATAN,500,213000,SINAR MAS,KING PAPER SOURCE TRADING (SHANGHAI) CO LTD,CHINA (MAINLAND),CHANGSHU,CHINA (MAINLAND)
2023,470329,SINAR MAS,OKI,SULTAN MAHMUD BADARUDDIN (U),SUMATERA SELATAN,5500,2348500,SINAR MAS,JIANGSU BOHUI PAPER INDUSTRY CO LTD.,CHINA (MAINLAND),CHANGSHU,CHINA (MAINLAND)
2023,470329,SINAR MAS,OKI,SULTAN MAHMUD BADARUDDIN (U),SUMATERA SELATAN,800,341600,SINAR MAS,JIANGSU BOHUI PAPER INDUSTRY CO LTD.,CHINA (MAINLAND),CHANGSHU,CHINA (MAINLAND)
2023,470329,SINAR MAS,OKI,SULTAN MAHMUD BADARUDDIN (U),SUMATERA SELATAN,1500,639000,SINAR MAS,KING PAPER SOURCE TRADING (SHANGHAI) CO LTD,CHINA (MAINLAND),CHANGSHU,CHINA (MAINLAND)
2023,470329,SINAR MAS,OKI,SULTAN MAHMUD BADARUDDIN (U),SUMATERA SELATAN,700,298200,SINAR MAS,JIANGSU BOHUI PAPER INDUSTRY CO LTD.,CHINA (MAINLAND),CHANGSHU,CHINA (MAINLAND)
2023,470200,ROYAL GOLDEN EAGLE,APRIL,BUATAN,RIAU,507,300990,ROYAL GOLDEN EAGLE,APRIL FAR EAST MALAYSIA SDN BHD,MALAYSIA,JIUJIANG,CHINA (MAINLAND)
2023,470200,ROYAL GOLDEN EAGLE,APRIL,BUATAN,RIAU,506,311701,ROYAL GOLDEN EAGLE,APRIL FAR EAST MALAYSIA SDN BHD,MALAYSIA,LIANYUNGANG,CHINA (MAINLAND)
2023,470329,MARUBENI,TANJUNG ENIM LESTARI,PANJANG,SUMATERA SELATAN,828,364021,MARUBENI,MARUBENI CORP,JAPAN,YINGKOU,CHINA (MAINLAND)
2023,470329,SINAR MAS,OKI,SULTAN MAHMUD BADARUDDIN (U),SUMATERA SELATAN,150,63750,SINAR MAS,KING PAPER SOURCE TRADING (SHANGHAI) CO LTD,CHINA (MAINLAND),YANGPU,CHINA (MAINLAND)
2023,470200,ROYAL GOLDEN EAGLE,APRIL,BUATAN,RIAU,466,276630,ROYAL GOLDEN EAGLE,APRIL FAR EAST MALAYSIA SDN BHD,MALAYSIA,JIUJIANG,CHINA (MAINLAND)
2023,470329,SINAR MAS,OKI,SULTAN MAHMUD BADARUDDIN (U),SUMATERA SELATAN,3000,1278000,SINAR MAS,JIANGSU BOHUI PAPER INDUSTRY CO LTD.,CHINA (MAINLAND),CHANGSHU,CHINA (MAINLAND)
2023,470329,ROYAL GOLDEN EAGLE,APRIL,FUTONG,RIAU,3009,1086223,ROYAL GOLDEN EAGLE,APRIL FAR EAST MALAYSIA SDN BHD,MALAYSIA,CHANGSHU,CHINA (MAINLAND)
2023,470329,MARUBENI,TANJUNG ENIM LESTARI,PANJANG,SUMATERA SELATAN,502,222998,MARUBENI,MARUBENI CORP,JAPAN,CHONGQING,CHINA (MAINLAND)
2023,470329,SINAR MAS,OKI,SULTAN MAHMUD BADARUDDIN (U),SUMATERA SELATAN,1850,786250,SINAR MAS,KING PAPER SOURCE TRADING (SHANGHAI) CO LTD,CHINA (MAINLAND),YANGPU,CHINA (MAINLAND)
2023,470329,SINAR MAS,OKI,SULTAN MAHMUD BADARUDDIN (U),SUMATERA SELATAN,500,212500,SINAR MAS,KING PAPER SOURCE TRADING (SHANGHAI) CO LTD,CHINA (MAINLAND),QINZHOU,CHINA (MAINLAND)
2023,470200,ROYAL GOLDEN EAGLE,APRIL,BUATAN,RIAU,1520,902749,ROYAL GOLDEN EAGLE,APRIL FAR EAST MALAYSIA SDN BHD,MALAYSIA,JIUJIANG,CHINA (MAINLAND)
2023,470329,SINAR MAS,OKI,SULTAN MAHMUD BADARUDDIN (U),SUMATERA SELATAN,5000,2125000,SINAR MAS,KING PAPER SOURCE TRADING (SHANGHAI) CO LTD,CHINA (MAINLAND),QINZHOU,CHINA (MAINLAND)
2023,470329,SINAR MAS,LONTAR PAPYRUS,KUALA TUNGKAL,JAMBI,502,209072,ADITYA BIRLA,CENTURY PULP AND PAPER,INDIA,MUNDRA,INDIA
2023,470329,MARUBENI,TANJUNG ENIM LESTARI,PANJANG,SUMATERA SELATAN,1003,424173,MARUBENI,MARUBENI CORP,JAPAN,XINHUI,CHINA (MAINLAND)
2023,470329,SINAR MAS,LONTAR PAPYRUS,KUALA TUNGKAL,JAMBI,462,192675,ADITYA BIRLA,CENTURY PULP AND PAPER,INDIA,MUNDRA,INDIA
2023,470200,ROYAL GOLDEN EAGLE,APRIL,BUATAN,RIAU,61,36084,ROYAL GOLDEN EAGLE,APRIL FAR EAST MALAYSIA SDN BHD,MALAYSIA,LIANYUNGANG,CHINA (MAINLAND)
2023,470329,SINAR MAS,LONTAR PAPYRUS,KUALA TUNGKAL,JAMBI,500,208471,ADITYA BIRLA,CENTURY PULP AND PAPER,INDIA,MUNDRA,INDIA
2023,470200,ROYAL GOLDEN EAGLE,APRIL,BUATAN,RIAU,445,264289,ROYAL GOLDEN EAGLE,APRIL FAR EAST MALAYSIA SDN BHD,MALAYSIA,LIANYUNGANG,CHINA (MAINLAND)
2023,470329,ROYAL GOLDEN EAGLE,APRIL,BUATAN,RIAU,1003,361977,ROYAL GOLDEN EAGLE,APRIL INTERNATIONAL ENTEPRISE PTE LTD,SINGAPORE,NINGBO,CHINA (MAINLAND)
2023,470329,ROYAL GOLDEN EAGLE,APRIL,BUATAN,RIAU,498,179935,ROYAL GOLDEN EAGLE,APRIL FINE PAPER TRADING MIDDLE EAST,UNITED ARAB EMIRATES,DJIBOUTI,DJIBOUTI
2023,470200,ROYAL GOLDEN EAGLE,APRIL,BUATAN,RIAU,506,300603,ROYAL GOLDEN EAGLE,APRIL FAR EAST MALAYSIA SDN BHD,MALAYSIA,LIANYUNGANG,CHINA (MAINLAND)
2023,470200,ROYAL GOLDEN EAGLE,APRIL,BUATAN,RIAU,527,312890,ROYAL GOLDEN EAGLE,APRIL FAR EAST MALAYSIA SDN BHD,MALAYSIA,JIUJIANG,CHINA (MAINLAND)
2023,470200,ROYAL GOLDEN EAGLE,APRIL,BUATAN,RIAU,526,312599,ROYAL GOLDEN EAGLE,APRIL FAR EAST MALAYSIA SDN BHD,MALAYSIA,JIUJIANG,CHINA (MAINLAND)
2023,470329,ROYAL GOLDEN EAGLE,APRIL,BUATAN,RIAU,201,72495,ROYAL GOLDEN EAGLE,APRIL INTERNATIONAL ENTEPRISE PTE LTD,SINGAPORE,CHATTOGRAM,BANGLADESH
2023,470329,ROYAL GOLDEN EAGLE,APRIL,BUATAN,RIAU,261,94347,ROYAL GOLDEN EAGLE,APRIL INTERNATIONAL ENTEPRISE PTE LTD,SINGAPORE,CAT LAI,VIETNAM
2023,470329,MARUBENI,TANJUNG ENIM LESTARI,PANJANG,SUMATERA SELATAN,502,233143,MARUBENI,MARUBENI CORP,JAPAN,CHANGSHU,CHINA (MAINLAND)
2023,470329,ROYAL GOLDEN EAGLE,APRIL,FUTONG,RIAU,6013,2170549,ROYAL GOLDEN EAGLE,APRIL INTERNATIONAL ENTEPRISE PTE LTD,SINGAPORE,QINGDAO,CHINA (MAINLAND)
2023,470329,MARUBENI,TANJUNG ENIM LESTARI,PANJANG,SUMATERA SELATAN,501,225918,MARUBENI,MARUBENI CORP,JAPAN,XINGANG,CHINA (MAINLAND)
2023,470329,SINAR MAS,OKI,SULTAN MAHMUD BADARUDDIN (U),SUMATERA SELATAN,5000,2137500,SINAR MAS,KING PAPER SOURCE TRADING (SHANGHAI) CO LTD,CHINA (MAINLAND),QINZHOU,CHINA (MAINLAND)
2023,470329,SINAR MAS,OKI,SULTAN MAHMUD BADARUDDIN (U),SUMATERA SELATAN,4000,1710000,SINAR MAS,KING PAPER SOURCE TRADING (SHANGHAI) CO LTD,CHINA (MAINLAND),QINZHOU,CHINA (MAINLAND)
2023,470329,SINAR MAS,OKI,SULTAN MAHMUD BADARUDDIN (U),SUMATERA SELATAN,1000,427500,SINAR MAS,KING PAPER SOURCE TRADING (SHANGHAI) CO LTD,CHINA (MAINLAND),QINZHOU,CHINA (MAINLAND)
2023,470329,ROYAL GOLDEN EAGLE,APRIL,FUTONG,RIAU,2812,1015202,ROYAL GOLDEN EAGLE,APRIL INTERNATIONAL ENTEPRISE PTE LTD,SINGAPORE,QINGDAO,CHINA (MAINLAND)
2023,470329,ROYAL GOLDEN EAGLE,APRIL,BUATAN,RIAU,96,34817,ROYAL GOLDEN EAGLE,APRIL INTERNATIONAL ENTEPRISE PTE LTD,SINGAPORE,TAOYUAN,TAIWAN
2023,470200,ROYAL GOLDEN EAGLE,APRIL,FUTONG,RIAU,9104,5481151,ROYAL GOLDEN EAGLE,APRIL FAR EAST MALAYSIA SDN BHD,MALAYSIA,LIANYUNGANG,CHINA (MAINLAND)
2023,470329,ROYAL GOLDEN EAGLE,APRIL,BUATAN,RIAU,340,122619,ROYAL GOLDEN EAGLE,APRIL INTERNATIONAL ENTEPRISE PTE LTD,SINGAPORE,CAT LAI,VIETNAM
2023,470329,MARUBENI,TANJUNG ENIM LESTARI,PANJANG,SUMATERA SELATAN,502,226422,MARUBENI,MARUBENI CORP,JAPAN,XINGANG,CHINA (MAINLAND)
2023,470329,ROYAL GOLDEN EAGLE,APRIL,BUATAN,RIAU,502,181248,ROYAL GOLDEN EAGLE,APRIL INTERNATIONAL ENTEPRISE PTE LTD,SINGAPORE,VISAKHAPATNAM,INDIA
2023,470329,ROYAL GOLDEN EAGLE,APRIL,FUTONG,RIAU,503,181452,ROYAL GOLDEN EAGLE,APRIL FAR EAST MALAYSIA SDN BHD,MALAYSIA,QINGDAO,CHINA (MAINLAND)
2023,470200,ROYAL GOLDEN EAGLE,APRIL,FUTONG,RIAU,6090,3628810,ROYAL GOLDEN EAGLE,APRIL FAR EAST MALAYSIA SDN BHD,MALAYSIA,LIANYUNGANG,CHINA (MAINLAND)
2023,470329,MARUBENI,TANJUNG ENIM LESTARI,PANJANG,SUMATERA SELATAN,109,47894,MARUBENI,MARUBENI CORP,JAPAN,JAWAHARLAL NEHRU (NHAVA S,INDIA
2023,470329,MARUBENI,TANJUNG ENIM LESTARI,PANJANG,SUMATERA SELATAN,1006,422015,MARUBENI,MARUBENI CORP,JAPAN,WUHAN,CHINA (MAINLAND)
2023,470329,SINAR MAS,LONTAR PAPYRUS,KUALA TUNGKAL,JAMBI,502,209314,ADITYA BIRLA,CENTURY PULP AND PAPER,INDIA,MUNDRA,INDIA
2023,470329,SINAR MAS,LONTAR PAPYRUS,KUALA TUNGKAL,JAMBI,502,209249,ADITYA BIRLA,CENTURY PULP AND PAPER,INDIA,MUNDRA,INDIA
2023,470200,ROYAL GOLDEN EAGLE,APRIL,FUTONG,RIAU,506,300614,ROYAL GOLDEN EAGLE,APRIL FAR EAST MALAYSIA SDN BHD,MALAYSIA,LIANYUNGANG,CHINA (MAINLAND)
2023,470200,ROYAL GOLDEN EAGLE,APRIL,FUTONG,RIAU,1014,602159,ROYAL GOLDEN EAGLE,APRIL FAR EAST MALAYSIA SDN BHD,MALAYSIA,LIANYUNGANG,CHINA (MAINLAND)
2023,470329,MARUBENI,TANJUNG ENIM LESTARI,PANJANG,SUMATERA SELATAN,262,112200,MARUBENI,MARUBENI CORP,JAPAN,LAT KRABANG,THAILAND
2023,470200,ROYAL GOLDEN EAGLE,APRIL,FUTONG,RIAU,1013,601924,ROYAL GOLDEN EAGLE,APRIL FAR EAST MALAYSIA SDN BHD,MALAYSIA,LIANYUNGANG,CHINA (MAINLAND)
2023,470200,ROYAL GOLDEN EAGLE,APRIL,FUTONG,RIAU,507,301236,ROYAL GOLDEN EAGLE,APRIL FAR EAST MALAYSIA SDN BHD,MALAYSIA,FUZHOU,CHINA (MAINLAND)
2023,470329,MARUBENI,TANJUNG ENIM LESTARI,PANJANG,SUMATERA SELATAN,109,50904,MARUBENI,MARUBENI CORP,JAPAN,ICD MIHAN,INDIA
2023,470329,ROYAL GOLDEN EAGLE,APRIL,BUATAN,RIAU,101,36302,ROYAL GOLDEN EAGLE,APRIL INTERNATIONAL ENTEPRISE PTE LTD,SINGAPORE,JIANGMEN,CHINA (MAINLAND)
2023,470329,MARUBENI,TANJUNG ENIM LESTARI,PANJANG,SUMATERA SELATAN,109,47767,MARUBENI,MARUBENI CORP,JAPAN,JAWAHARLAL NEHRU (NHAVA S,INDIA
2023,470329,SINAR MAS,LONTAR PAPYRUS,KUALA TUNGKAL,JAMBI,502,209218,ADITYA BIRLA,CENTURY PULP AND PAPER,INDIA,MUNDRA,INDIA
2023,470329,ROYAL GOLDEN EAGLE,APRIL,FUTONG,RIAU,1005,362763,ROYAL GOLDEN EAGLE,APRIL INTERNATIONAL ENTEPRISE PTE LTD,SINGAPORE,NANSHA,CHINA (MAINLAND)
2023,470329,SINAR MAS,LONTAR PAPYRUS,KUALA TUNGKAL,JAMBI,502,209109,ADITYA BIRLA,CENTURY PULP AND PAPER,INDIA,MUNDRA,INDIA
2023,470329,SINAR MAS,INDAH KIAT,PERAWANG,RIAU,500,211549,UNKNOWN AFFILIATION,TRUONG XUAN PAPER JOINT STOCK CO,VIETNAM,HAIPHONG,VIETNAM
2023,470329,ROYAL GOLDEN EAGLE,APRIL,FUTONG,RIAU,1993,719629,ROYAL GOLDEN EAGLE,APRIL INTERNATIONAL ENTEPRISE PTE LTD,SINGAPORE,XIAMEN,CHINA (MAINLAND)
2023,470200,ROYAL GOLDEN EAGLE,APRIL,FUTONG,RIAU,507,300914,ROYAL GOLDEN EAGLE,APRIL FAR EAST MALAYSIA SDN BHD,MALAYSIA,LIANYUNGANG,CHINA (MAINLAND)
2023,470329,SINAR MAS,LONTAR PAPYRUS,KUALA TUNGKAL,JAMBI,502,209154,ADITYA BIRLA,CENTURY PULP AND PAPER,INDIA,MUNDRA,INDIA
2023,470329,ROYAL GOLDEN EAGLE,APRIL,FUTONG,RIAU,2814,1015863,ROYAL GOLDEN EAGLE,APRIL FAR EAST MALAYSIA SDN BHD,MALAYSIA,NANSHA,CHINA (MAINLAND)
2023,470329,ROYAL GOLDEN EAGLE,APRIL,FUTONG,RIAU,2209,768928,ROYAL GOLDEN EAGLE,APRIL FAR EAST MALAYSIA SDN BHD,MALAYSIA,NANSHA,CHINA (MAINLAND)
2023,470329,SINAR MAS,INDAH KIAT,PERAWANG,RIAU,3300,1395900,SINAR MAS,KING PAPER SOURCE TRADING (SHANGHAI) CO LTD,CHINA (MAINLAND),QINZHOU,CHINA (MAINLAND)
2023,470329,ROYAL GOLDEN EAGLE,APRIL,BUATAN,RIAU,483,174187,ROYAL GOLDEN EAGLE,APRIL INTERNATIONAL ENTEPRISE PTE LTD,SINGAPORE,PANTNAGAR,INDIA
2023,470329,ROYAL GOLDEN EAGLE,APRIL,BUATAN,RIAU,100,36261,ROYAL GOLDEN EAGLE,APRIL INTERNATIONAL ENTEPRISE PTE LTD,SINGAPORE,SAHNEWAL,INDIA
2023,470329,SINAR MAS,INDAH KIAT,PERAWANG,RIAU,500,214700,SATIA,SATIA INDUSTRIES LTD,INDIA,MUNDRA,INDIA
2023,470329,ROYAL GOLDEN EAGLE,APRIL,BUATAN,RIAU,503,181475,ROYAL GOLDEN EAGLE,APRIL INTERNATIONAL ENTEPRISE PTE LTD,SINGAPORE,SAMALKHA,INDIA
2023,470329,ROYAL GOLDEN EAGLE,APRIL,BUATAN,RIAU,101,36342,ROYAL GOLDEN EAGLE,APRIL INTERNATIONAL ENTEPRISE PTE LTD,SINGAPORE,SAHNEWAL,INDIA
2023,470329,SINAR MAS,INDAH KIAT,PERAWANG,RIAU,3000,1269000,SINAR MAS,KING PAPER SOURCE TRADING (SHANGHAI) CO LTD,CHINA (MAINLAND),QINZHOU,CHINA (MAINLAND)
2023,470329,ROYAL GOLDEN EAGLE,APRIL,BUATAN,RIAU,522,188591,ROYAL GOLDEN EAGLE,APRIL INTERNATIONAL ENTEPRISE PTE LTD,SINGAPORE,PANTNAGAR,INDIA
2023,470329,ROYAL GOLDEN EAGLE,APRIL,FUTONG,RIAU,502,181179,ROYAL GOLDEN EAGLE,APRIL INTERNATIONAL ENTEPRISE PTE LTD,SINGAPORE,CHATTOGRAM,BANGLADESH
2023,470329,SINAR MAS,INDAH KIAT,PERAWANG,RIAU,500,214700,SATIA,SATIA INDUSTRIES LTD,INDIA,MUNDRA,INDIA
2023,470329,MARUBENI,TANJUNG ENIM LESTARI,PANJANG,SUMATERA SELATAN,261,113273,MARUBENI,MARUBENI CORP,JAPAN,MORADABAD,INDIA
2023,470329,MARUBENI,TANJUNG ENIM LESTARI,PANJANG,SUMATERA SELATAN,500,198618,MARUBENI,MARUBENI CORP,JAPAN,NINGBO,CHINA (MAINLAND)
2023,470329,SINAR MAS,INDAH KIAT,PERAWANG,RIAU,1200,507600,SINAR MAS,KING PAPER SOURCE TRADING (SHANGHAI) CO LTD,CHINA (MAINLAND),QINZHOU,CHINA (MAINLAND)
2023,470329,ROYAL GOLDEN EAGLE,APRIL,BUATAN,RIAU,101,36327,ROYAL GOLDEN EAGLE,APRIL INTERNATIONAL ENTEPRISE PTE LTD,SINGAPORE,SAHNEWAL,INDIA
2023,470329,SINAR MAS,INDAH KIAT,PERAWANG,RIAU,2500,1045825,UNKNOWN AFFILIATION,P.P TRADING & MANUFACTURING JSC,VIETNAM,HAIPHONG,VIETNAM
2023,470329,ROYAL GOLDEN EAGLE,APRIL,FUTONG,RIAU,1005,362866,ROYAL GOLDEN EAGLE,APRIL INTERNATIONAL ENTEPRISE PTE LTD,SINGAPORE,HAIPHONG,VIETNAM
2023,470329,ROYAL GOLDEN EAGLE,APRIL,BUATAN,RIAU,1003,362197,ROYAL GOLDEN EAGLE,APRIL INTERNATIONAL ENTEPRISE PTE LTD,SINGAPORE,NINGBO,CHINA (MAINLAND)
2023,470329,ROYAL GOLDEN EAGLE,APRIL,BUATAN,RIAU,100,36221,ROYAL GOLDEN EAGLE,APRIL INTERNATIONAL ENTEPRISE PTE LTD,SINGAPORE,SAMALKHA,INDIA
2023,470329,SINAR MAS,INDAH KIAT,PERAWANG,RIAU,1000,418330,UNKNOWN AFFILIATION,TAN HUNG JSC,VIETNAM,HAIPHONG,VIETNAM
2023,470329,ROYAL GOLDEN EAGLE,APRIL,BUATAN,RIAU,100,36203,ROYAL GOLDEN EAGLE,APRIL INTERNATIONAL ENTEPRISE PTE LTD,SINGAPORE,LAEM CHABANG,THAILAND
2023,470329,ROYAL GOLDEN EAGLE,APRIL,BUATAN,RIAU,503,181473,ROYAL GOLDEN EAGLE,APRIL INTERNATIONAL ENTEPRISE PTE LTD,SINGAPORE,VISAKHAPATNAM,INDIA
2023,470200,ROYAL GOLDEN EAGLE,APRIL,FUTONG,RIAU,1519,902091,ROYAL GOLDEN EAGLE,APRIL FAR EAST MALAYSIA SDN BHD,MALAYSIA,JIUJIANG,CHINA (MAINLAND)
2023,470329,SINAR MAS,INDAH KIAT,PERAWANG,RIAU,500,206081,GENUS,YAJUR COMMODITIES LTD,INDIA,MUNDRA,INDIA
2023,470329,SINAR MAS,INDAH KIAT,PERAWANG,RIAU,500,206081,GENUS,YAJUR COMMODITIES LTD,INDIA,MUNDRA,INDIA
2023,470329,ROYAL GOLDEN EAGLE,APRIL,BUATAN,RIAU,1003,362169,ROYAL GOLDEN EAGLE,APRIL INTERNATIONAL ENTEPRISE PTE LTD,SINGAPORE,NINGBO,CHINA (MAINLAND)
2023,470200,ROYAL GOLDEN EAGLE,APRIL,BUATAN,RIAU,506,300472,ROYAL GOLDEN EAGLE,APRIL FAR EAST MALAYSIA SDN BHD,MALAYSIA,JIUJIANG,CHINA (MAINLAND)
2023,470329,ROYAL GOLDEN EAGLE,APRIL,BUATAN,RIAU,884,319036,ROYAL GOLDEN EAGLE,APRIL INTERNATIONAL ENTEPRISE PTE LTD,SINGAPORE,PANTNAGAR,INDIA
2023,470329,SINAR MAS,LONTAR PAPYRUS,KUALA TUNGKAL,JAMBI,502,209347,ADITYA BIRLA,CENTURY PULP AND PAPER,INDIA,MUNDRA,INDIA
2023,470329,SINAR MAS,LONTAR PAPYRUS,KUALA TUNGKAL,JAMBI,501,208860,ADITYA BIRLA,CENTURY PULP AND PAPER,INDIA,MUNDRA,INDIA
2023,470329,SINAR MAS,INDAH KIAT,PERAWANG,RIAU,500,206081,GENUS,YAJUR COMMODITIES LTD,INDIA,MUNDRA,INDIA
2023,470329,ROYAL GOLDEN EAGLE,APRIL,BUATAN,RIAU,201,72643,ROYAL GOLDEN EAGLE,APRIL INTERNATIONAL ENTEPRISE PTE LTD,SINGAPORE,JAWAHARLAL NEHRU (NHAVA S,INDIA
2023,470200,ROYAL GOLDEN EAGLE,APRIL,BUATAN,RIAU,506,300670,ROYAL GOLDEN EAGLE,APRIL FAR EAST MALAYSIA SDN BHD,MALAYSIA,FUZHOU,CHINA (MAINLAND)
2023,470329,MARUBENI,TANJUNG ENIM LESTARI,PANJANG,SUMATERA SELATAN,1000,450090,MARUBENI,MARUBENI CORP,JAPAN,QINGDAO,CHINA (MAINLAND)
2023,470329,MARUBENI,TANJUNG ENIM LESTARI,PANJANG,SUMATERA SELATAN,414,190598,MARUBENI,MARUBENI CORP,JAPAN,CAT LAI,VIETNAM
2023,470329,ROYAL GOLDEN EAGLE,APRIL,BUATAN,RIAU,502,181386,ROYAL GOLDEN EAGLE,APRIL INTERNATIONAL ENTEPRISE PTE LTD,SINGAPORE,HAIPHONG,VIETNAM
2023,470329,ROYAL GOLDEN EAGLE,APRIL,BUATAN,RIAU,100,36263,ROYAL GOLDEN EAGLE,APRIL INTERNATIONAL ENTEPRISE PTE LTD,SINGAPORE,SANAND,INDIA
2023,470329,SINAR MAS,INDAH KIAT,PERAWANG,RIAU,500,206081,GENUS,YAJUR COMMODITIES LTD,INDIA,MUNDRA,INDIA
2023,470329,ROYAL GOLDEN EAGLE,APRIL,BUATAN,RIAU,141,50778,ROYAL GOLDEN EAGLE,APRIL INTERNATIONAL ENTEPRISE PTE LTD,SINGAPORE,KATHUWAS ICD/ALWAR,INDIA
2023,470200,ROYAL GOLDEN EAGLE,APRIL,BUATAN,RIAU,506,300522,ROYAL GOLDEN EAGLE,APRIL FAR EAST MALAYSIA SDN BHD,MALAYSIA,JIUJIANG,CHINA (MAINLAND)
2023,470329,MARUBENI,TANJUNG ENIM LESTARI,PANJANG,SUMATERA SELATAN,502,203420,MARUBENI,MARUBENI CORP,JAPAN,NINGBO,CHINA (MAINLAND)
2023,470329,SINAR MAS,LONTAR PAPYRUS,KUALA TUNGKAL,JAMBI,502,209196,ADITYA BIRLA,CENTURY PULP AND PAPER,INDIA,MUNDRA,INDIA
2023,470329,ROYAL GOLDEN EAGLE,APRIL,FUTONG,RIAU,1004,362356,ROYAL GOLDEN EAGLE,APRIL INTERNATIONAL ENTEPRISE PTE LTD,SINGAPORE,HAIPHONG,VIETNAM
2023,470329,ROYAL GOLDEN EAGLE,APRIL,BUATAN,RIAU,161,58063,ROYAL GOLDEN EAGLE,APRIL INTERNATIONAL ENTEPRISE PTE LTD,SINGAPORE,JAWAHARLAL NEHRU (NHAVA S,INDIA
2023,470200,ROYAL GOLDEN EAGLE,APRIL,BUATAN,RIAU,506,311646,ROYAL GOLDEN EAGLE,APRIL FAR EAST MALAYSIA SDN BHD,MALAYSIA,LIANYUNGANG,CHINA (MAINLAND)
2023,470329,MARUBENI,TANJUNG ENIM LESTARI,PANJANG,SUMATERA SELATAN,413,192536,MARUBENI,MARUBENI CORP,JAPAN,PENANG (GEORGETOWN),MALAYSIA
2023,470329,ROYAL GOLDEN EAGLE,APRIL,BUATAN,RIAU,502,181308,ROYAL GOLDEN EAGLE,APRIL INTERNATIONAL ENTEPRISE PTE LTD,SINGAPORE,HAIPHONG,VIETNAM
2023,470200,ROYAL GOLDEN EAGLE,APRIL,FUTONG,RIAU,1012,601013,ROYAL GOLDEN EAGLE,APRIL FAR EAST MALAYSIA SDN BHD,MALAYSIA,FUZHOU,CHINA (MAINLAND)
2023,470329,ROYAL GOLDEN EAGLE,APRIL,BUATAN,RIAU,503,181453,ROYAL GOLDEN EAGLE,APRIL INTERNATIONAL ENTEPRISE PTE LTD,SINGAPORE,CHATTOGRAM,BANGLADESH
2023,470329,MARUBENI,TANJUNG ENIM LESTARI,PANJANG,SUMATERA SELATAN,500,223112,MARUBENI,MARUBENI CORP,JAPAN,QINGDAO,CHINA (MAINLAND)
2023,470329,ROYAL GOLDEN EAGLE,APRIL,BUATAN,RIAU,100,36221,ROYAL GOLDEN EAGLE,APRIL INTERNATIONAL ENTEPRISE PTE LTD,SINGAPORE,JAWAHARLAL NEHRU (NHAVA S,INDIA
2023,470200,ROYAL GOLDEN EAGLE,APRIL,FUTONG,RIAU,4048,2404581,ROYAL GOLDEN EAGLE,APRIL FAR EAST MALAYSIA SDN BHD,MALAYSIA,JIUJIANG,CHINA (MAINLAND)
2023,470200,ROYAL GOLDEN EAGLE,APRIL,FUTONG,RIAU,2024,1202033,ROYAL GOLDEN EAGLE,APRIL FAR EAST MALAYSIA SDN BHD,MALAYSIA,JIUJIANG,CHINA (MAINLAND)
2023,470329,SINAR MAS,INDAH KIAT,PERAWANG,RIAU,260,110318,UNKNOWN AFFILIATION,PAPERTECH INDUSTRIES LTD,BANGLADESH,CHATTOGRAM,BANGLADESH
2023,470329,SINAR MAS,INDAH KIAT,PERAWANG,RIAU,240,101832,UNKNOWN AFFILIATION,PAPERTECH INDUSTRIES LTD,BANGLADESH,CHATTOGRAM,BANGLADESH
2023,470329,ROYAL GOLDEN EAGLE,APRIL,BUATAN,RIAU,603,217643,ROYAL GOLDEN EAGLE,APRIL INTERNATIONAL ENTEPRISE PTE LTD,SINGAPORE,PANTNAGAR,INDIA
2023,470200,ROYAL GOLDEN EAGLE,APRIL,BUATAN,RIAU,506,311632,ROYAL GOLDEN EAGLE,APRIL FAR EAST MALAYSIA SDN BHD,MALAYSIA,JIUJIANG,CHINA (MAINLAND)
2023,470329,SINAR MAS,INDAH KIAT,PERAWANG,RIAU,500,212150,LIPY,LIPY PAPER MILLS LTD,BANGLADESH,CHATTOGRAM,BANGLADESH
2023,470200,ROYAL GOLDEN EAGLE,APRIL,BUATAN,RIAU,506,311808,ROYAL GOLDEN EAGLE,APRIL FAR EAST MALAYSIA SDN BHD,MALAYSIA,LIANYUNGANG,CHINA (MAINLAND)
2023,470329,SINAR MAS,INDAH KIAT,PERAWANG,RIAU,500,212850,UNKNOWN AFFILIATION,NIBONG TEBAL PAPER MILL SDN BHD,MALAYSIA,PENANG (GEORGETOWN),MALAYSIA
2023,470329,ROYAL GOLDEN EAGLE,APRIL,FUTONG,RIAU,8037,2748496,ROYAL GOLDEN EAGLE,APRIL INTERNATIONAL ENTEPRISE PTE LTD,SINGAPORE,HALDIA,INDIA
2023,470329,ROYAL GOLDEN EAGLE,APRIL,FUTONG,RIAU,2010,687293,ROYAL GOLDEN EAGLE,APRIL INTERNATIONAL ENTEPRISE PTE LTD,SINGAPORE,HALDIA,CHINA (MAINLAND)
2023,470329,ROYAL GOLDEN EAGLE,APRIL,BUATAN,RIAU,1005,362878,ROYAL GOLDEN EAGLE,APRIL INTERNATIONAL ENTEPRISE PTE LTD,SINGAPORE,PANTNAGAR,INDIA
2023,470329,SINAR MAS,OKI,SULTAN MAHMUD BADARUDDIN (U),SUMATERA SELATAN,5000,2125000,SINAR MAS,SHANDONG BOHUI PAPER INDUSTRY CO LTD,CHINA (MAINLAND),QINGDAO,CHINA (MAINLAND)
2023,470329,SINAR MAS,OKI,SULTAN MAHMUD BADARUDDIN (U),SUMATERA SELATAN,2700,1147500,SINAR MAS,SHANDONG BOHUI PAPER INDUSTRY CO LTD,CHINA (MAINLAND),QINGDAO,CHINA (MAINLAND)
2023,470329,SINAR MAS,OKI,SULTAN MAHMUD BADARUDDIN (U),SUMATERA SELATAN,7400,3152400,SINAR MAS,KING PAPER SOURCE TRADING (SHANGHAI) CO LTD,CHINA (MAINLAND),ZHENJIANG,CHINA (MAINLAND)
2023,470329,SINAR MAS,OKI,SULTAN MAHMUD BADARUDDIN (U),SUMATERA SELATAN,900,383400,SINAR MAS,KING PAPER SOURCE TRADING (SHANGHAI) CO LTD,CHINA (MAINLAND),ZHENJIANG,CHINA (MAINLAND)
2023,470329,MARUBENI,TANJUNG ENIM LESTARI,PANJANG,SUMATERA SELATAN,995,392337,MARUBENI,MARUBENI CORP,JAPAN,XINHUI,CHINA (MAINLAND)
2023,470329,ROYAL GOLDEN EAGLE,APRIL,BUATAN,RIAU,482,174092,ROYAL GOLDEN EAGLE,APRIL INTERNATIONAL ENTEPRISE PTE LTD,SINGAPORE,PANTNAGAR,INDIA
2023,470329,SINAR MAS,OKI,SULTAN MAHMUD BADARUDDIN (U),SUMATERA SELATAN,2500,1062500,SINAR MAS,KING PAPER SOURCE TRADING (SHANGHAI) CO LTD,CHINA (MAINLAND),ZHENJIANG,CHINA (MAINLAND)
2023,470329,SINAR MAS,OKI,SULTAN MAHMUD BADARUDDIN (U),SUMATERA SELATAN,500,213000,SINAR MAS,KING PAPER SOURCE TRADING (SHANGHAI) CO LTD,CHINA (MAINLAND),ZHENJIANG,CHINA (MAINLAND)
2023,470329,SINAR MAS,OKI,SULTAN MAHMUD BADARUDDIN (U),SUMATERA SELATAN,500,212500,SINAR MAS,KING PAPER SOURCE TRADING (SHANGHAI) CO LTD,CHINA (MAINLAND),ZHENJIANG,CHINA (MAINLAND)
2023,470200,ROYAL GOLDEN EAGLE,APRIL,BUATAN,RIAU,1517,923611,ROYAL GOLDEN EAGLE,APRIL FAR EAST MALAYSIA SDN BHD,MALAYSIA,JIUJIANG,CHINA (MAINLAND)
2023,470200,ROYAL GOLDEN EAGLE,APRIL,BUATAN,RIAU,507,301162,ROYAL GOLDEN EAGLE,APRIL FAR EAST MALAYSIA SDN BHD,MALAYSIA,JIUJIANG,CHINA (MAINLAND)
2023,470200,ROYAL GOLDEN EAGLE,APRIL,BUATAN,RIAU,1518,901983,ROYAL GOLDEN EAGLE,APRIL FAR EAST MALAYSIA SDN BHD,MALAYSIA,JIUJIANG,CHINA (MAINLAND)
2023,470329,SINAR MAS,OKI,SULTAN MAHMUD BADARUDDIN (U),SUMATERA SELATAN,6000,2550000,SINAR MAS,SHANDONG BOHUI PAPER INDUSTRY CO LTD,CHINA (MAINLAND),QINGDAO,CHINA (MAINLAND)
2023,470200,ROYAL GOLDEN EAGLE,APRIL,BUATAN,RIAU,1013,601715,ROYAL GOLDEN EAGLE,APRIL FAR EAST MALAYSIA SDN BHD,MALAYSIA,JIUJIANG,CHINA (MAINLAND)
2023,470329,SINAR MAS,INDAH KIAT,PERAWANG,RIAU,500,206081,GENUS,YAJUR COMMODITIES LTD,INDIA,MUNDRA,INDIA
2023,470200,ROYAL GOLDEN EAGLE,APRIL,BUATAN,RIAU,506,300418,ROYAL GOLDEN EAGLE,APRIL FAR EAST MALAYSIA SDN BHD,MALAYSIA,FUZHOU,CHINA (MAINLAND)
2023,470329,MARUBENI,TANJUNG ENIM LESTARI,PANJANG,SUMATERA SELATAN,504,202651,MARUBENI,MARUBENI CORP,JAPAN,NINGBO,CHINA (MAINLAND)
2023,470329,ROYAL GOLDEN EAGLE,APRIL,BUATAN,RIAU,522,188318,ROYAL GOLDEN EAGLE,APRIL INTERNATIONAL ENTEPRISE PTE LTD,SINGAPORE,PANTNAGAR,INDIA
2023,470329,SINAR MAS,INDAH KIAT,PERAWANG,RIAU,500,212850,XSD INTERNATIONAL,XSD INTERNATIONAL PAPER SDN BHD,MALAYSIA,PENANG (GEORGETOWN),MALAYSIA
2023,470329,SINAR MAS,INDAH KIAT,PERAWANG,RIAU,500,206081,GENUS,YAJUR COMMODITIES LTD,INDIA,MUNDRA,INDIA
2023,470329,ROYAL GOLDEN EAGLE,APRIL,BUATAN,RIAU,502,181227,ROYAL GOLDEN EAGLE,APRIL INTERNATIONAL ENTEPRISE PTE LTD,SINGAPORE,FUZHOU,CHINA (MAINLAND)
2023,470329,MARUBENI,TANJUNG ENIM LESTARI,PANJANG,SUMATERA SELATAN,109,47925,MARUBENI,MARUBENI CORP,JAPAN,JAWAHARLAL NEHRU (NHAVA S,INDIA
2023,470200,ROYAL GOLDEN EAGLE,APRIL,BUATAN,RIAU,1011,600759,ROYAL GOLDEN EAGLE,APRIL FAR EAST MALAYSIA SDN BHD,MALAYSIA,FUZHOU,CHINA (MAINLAND)
2023,470329,MARUBENI,TANJUNG ENIM LESTARI,TARAHAN,SUMATERA SELATAN,2002,828968,MARUBENI,MARUBENI CORP,JAPAN,QINGDAO,CHINA (MAINLAND)
2023,470329,MARUBENI,TANJUNG ENIM LESTARI,PANJANG,SUMATERA SELATAN,109,47942,MARUBENI,MARUBENI CORP,JAPAN,SONEPAT,INDIA
2023,470329,ROYAL GOLDEN EAGLE,APRIL,FUTONG,RIAU,16572,5896632,ROYAL GOLDEN EAGLE,APRIL FAR EAST MALAYSIA SDN BHD,MALAYSIA,NANSHA,CHINA (MAINLAND)
2023,470200,ROYAL GOLDEN EAGLE,APRIL,FUTONG,RIAU,10113,6051452,ROYAL GOLDEN EAGLE,APRIL FAR EAST MALAYSIA SDN BHD,MALAYSIA,CHANGSHU,CHINA (MAINLAND)
2023,470200,ROYAL GOLDEN EAGLE,APRIL,FUTONG,RIAU,4173,2480160,ROYAL GOLDEN EAGLE,APRIL FAR EAST MALAYSIA SDN BHD,MALAYSIA,CHANGSHU,CHINA (MAINLAND)
2023,470329,MARUBENI,TANJUNG ENIM LESTARI,PANJANG,SUMATERA SELATAN,110,48066,MARUBENI,MARUBENI CORP,JAPAN,JAWAHARLAL NEHRU (NHAVA S,INDIA
2023,470200,ROYAL GOLDEN EAGLE,APRIL,BUATAN,RIAU,506,311717,ROYAL GOLDEN EAGLE,APRIL FAR EAST MALAYSIA SDN BHD,MALAYSIA,JIUJIANG,CHINA (MAINLAND)
2023,470329,SINAR MAS,INDAH KIAT,PERAWANG,RIAU,500,206081,GENUS,YAJUR COMMODITIES LTD,INDIA,MUNDRA,INDIA
2023,470329,MARUBENI,TANJUNG ENIM LESTARI,TARAHAN,SUMATERA SELATAN,501,210097,MARUBENI,MARUBENI CORP,JAPAN,QINGDAO,CHINA (MAINLAND)
2023,470329,MARUBENI,TANJUNG ENIM LESTARI,TARAHAN,SUMATERA SELATAN,1602,721328,MARUBENI,MARUBENI CORP,JAPAN,GUNSAN (ES KUNSAN),SOUTH KOREA
2023,470329,ROYAL GOLDEN EAGLE,APRIL,BUATAN,RIAU,1709,616881,ROYAL GOLDEN EAGLE,APRIL INTERNATIONAL ENTEPRISE PTE LTD,SINGAPORE,CHATTOGRAM,BANGLADESH
2023,470200,ROYAL GOLDEN EAGLE,APRIL,FUTONG,RIAU,5073,3058292,ROYAL GOLDEN EAGLE,APRIL FAR EAST MALAYSIA SDN BHD,MALAYSIA,CHANGSHU,CHINA (MAINLAND)
2023,470329,MARUBENI,TANJUNG ENIM LESTARI,PANJANG,SUMATERA SELATAN,107,46816,MARUBENI,MARUBENI CORP,JAPAN,JAWAHARLAL NEHRU (NHAVA S,INDIA
2023,470329,MARUBENI,TANJUNG ENIM LESTARI,TARAHAN,SUMATERA SELATAN,1001,419722,MARUBENI,MARUBENI CORP,JAPAN,QINGDAO,CHINA (MAINLAND)
2023,470329,ROYAL GOLDEN EAGLE,APRIL,BUATAN,RIAU,502,181071,ROYAL GOLDEN EAGLE,APRIL INTERNATIONAL ENTEPRISE PTE LTD,SINGAPORE,CHATTOGRAM,BANGLADESH
2023,470329,MARUBENI,TANJUNG ENIM LESTARI,TARAHAN,SUMATERA SELATAN,3002,1258453,MARUBENI,MARUBENI CORP,JAPAN,QINGDAO,CHINA (MAINLAND)
2023,470329,ROYAL GOLDEN EAGLE,APRIL,FUTONG,RIAU,5446,1933492,ROYAL GOLDEN EAGLE,APRIL INTERNATIONAL ENTEPRISE PTE LTD,SINGAPORE,CHANGSHU,CHINA (MAINLAND)
2023,470200,ROYAL GOLDEN EAGLE,APRIL,BUATAN,RIAU,506,300571,ROYAL GOLDEN EAGLE,APRIL FAR EAST MALAYSIA SDN BHD,MALAYSIA,FUZHOU,CHINA (MAINLAND)
2023,470329,MARUBENI,TANJUNG ENIM LESTARI,TARAHAN,SUMATERA SELATAN,1301,545430,MARUBENI,MARUBENI CORP,JAPAN,QINGDAO,CHINA (MAINLAND)
2023,470329,MARUBENI,TANJUNG ENIM LESTARI,TARAHAN,SUMATERA SELATAN,1001,419623,MARUBENI,MARUBENI CORP,JAPAN,QINGDAO,CHINA (MAINLAND)
2023,470329,SINAR MAS,INDAH KIAT,PERAWANG,RIAU,500,209136,NTPM HOLDINGS BHD,NTPM (VIETNAM) CO LTD,VIETNAM,CAT LAI,VIETNAM
2023,470329,SINAR MAS,INDAH KIAT,PERAWANG,RIAU,500,212150,UNKNOWN AFFILIATION,AMBER SUPER PAPER LIMITED,BANGLADESH,CHATTOGRAM,BANGLADESH
2023,470329,MARUBENI,TANJUNG ENIM LESTARI,PANJANG,SUMATERA SELATAN,503,210525,MARUBENI,MARUBENI CORP,JAPAN,CHONGQING,CHINA (MAINLAND)
2023,470329,SINAR MAS,OKI,SULTAN MAHMUD BADARUDDIN (U),SUMATERA SELATAN,1900,804650,SINAR MAS,KING PAPER SOURCE TRADING (SHANGHAI) CO LTD,CHINA (MAINLAND),NINGBO,CHINA (MAINLAND)
2023,470200,ROYAL GOLDEN EAGLE,APRIL,BUATAN,RIAU,506,300519,ROYAL GOLDEN EAGLE,APRIL FAR EAST MALAYSIA SDN BHD,MALAYSIA,FUZHOU,CHINA (MAINLAND)
2023,470329,SINAR MAS,OKI,SULTAN MAHMUD BADARUDDIN (U),SUMATERA SELATAN,900,381150,SINAR MAS,KING PAPER SOURCE TRADING (SHANGHAI) CO LTD,CHINA (MAINLAND),NINGBO,CHINA (MAINLAND)
2023,470329,SINAR MAS,INDAH KIAT,TANJUNG PRIOK,RIAU,400,164000,ANMOL,ANMOL PRODUCTS ETHIOPIA PLC,ETHIOPIA,DJIBOUTI,DJIBOUTI
2023,470329,ROYAL GOLDEN EAGLE,APRIL,BUATAN,RIAU,502,181284,ROYAL GOLDEN EAGLE,APRIL INTERNATIONAL ENTEPRISE PTE LTD,SINGAPORE,CHATTOGRAM,BANGLADESH
2023,470200,ROYAL GOLDEN EAGLE,APRIL,BUATAN,RIAU,506,300512,ROYAL GOLDEN EAGLE,APRIL FAR EAST MALAYSIA SDN BHD,MALAYSIA,LIANYUNGANG,CHINA (MAINLAND)
2023,470329,SINAR MAS,INDAH KIAT,PERAWANG,RIAU,500,212150,UNKNOWN AFFILIATION,AMBER SUPER PAPER LIMITED,BANGLADESH,CHATTOGRAM,BANGLADESH
2023,470329,SINAR MAS,OKI,SULTAN MAHMUD BADARUDDIN (U),SUMATERA SELATAN,6000,2550000,SINAR MAS,KING PAPER SOURCE TRADING (SHANGHAI) CO LTD,CHINA (MAINLAND),CHANGSHU,CHINA (MAINLAND)
2023,470329,SINAR MAS,OKI,SULTAN MAHMUD BADARUDDIN (U),SUMATERA SELATAN,4700,2002200,SINAR MAS,JIANGSU BOHUI PAPER INDUSTRY CO LTD.,CHINA (MAINLAND),CHANGSHU,CHINA (MAINLAND)
2023,470329,SINAR MAS,OKI,SULTAN MAHMUD BADARUDDIN (U),SUMATERA SELATAN,1300,553800,SINAR MAS,JIANGSU BOHUI PAPER INDUSTRY CO LTD.,CHINA (MAINLAND),CHANGSHU,CHINA (MAINLAND)
2023,470329,MARUBENI,TANJUNG ENIM LESTARI,PANJANG,SUMATERA SELATAN,499,196672,MARUBENI,MARUBENI CORP,JAPAN,XINHUI,CHINA (MAINLAND)
2023,470200,ROYAL GOLDEN EAGLE,APRIL,FUTONG,RIAU,507,301331,ROYAL GOLDEN EAGLE,APRIL FAR EAST MALAYSIA SDN BHD,MALAYSIA,JIUJIANG,CHINA (MAINLAND)
2023,470200,ROYAL GOLDEN EAGLE,APRIL,BUATAN,RIAU,506,311632,ROYAL GOLDEN EAGLE,APRIL FAR EAST MALAYSIA SDN BHD,MALAYSIA,JIUJIANG,CHINA (MAINLAND)
2023,470329,MARUBENI,TANJUNG ENIM LESTARI,PANJANG,SUMATERA SELATAN,998,390147,MARUBENI,MARUBENI CORP,JAPAN,WUHAN,CHINA (MAINLAND)
2023,470329,ROYAL GOLDEN EAGLE,APRIL,BUATAN,RIAU,502,181329,ROYAL GOLDEN EAGLE,APRIL INTERNATIONAL ENTEPRISE PTE LTD,SINGAPORE,CHATTOGRAM,BANGLADESH
2023,470329,MARUBENI,TANJUNG ENIM LESTARI,PANJANG,SUMATERA SELATAN,502,211269,MARUBENI,MARUBENI CORP,JAPAN,YINGKOU,CHINA (MAINLAND)
2023,470329,ROYAL GOLDEN EAGLE,APRIL,BUATAN,RIAU,1004,362409,ROYAL GOLDEN EAGLE,APRIL INTERNATIONAL ENTEPRISE PTE LTD,SINGAPORE,NINGBO,CHINA (MAINLAND)
2023,470200,ROYAL GOLDEN EAGLE,APRIL,FUTONG,RIAU,506,300284,ROYAL GOLDEN EAGLE,APRIL FAR EAST MALAYSIA SDN BHD,MALAYSIA,JIUJIANG,CHINA (MAINLAND)
2023,470200,ROYAL GOLDEN EAGLE,APRIL,FUTONG,RIAU,507,301159,ROYAL GOLDEN EAGLE,APRIL FAR EAST MALAYSIA SDN BHD,MALAYSIA,JIUJIANG,CHINA (MAINLAND)
2023,470200,ROYAL GOLDEN EAGLE,APRIL,FUTONG,RIAU,1014,602203,ROYAL GOLDEN EAGLE,APRIL FAR EAST MALAYSIA SDN BHD,MALAYSIA,JIUJIANG,CHINA (MAINLAND)
2023,470200,ROYAL GOLDEN EAGLE,APRIL,FUTONG,RIAU,506,300800,ROYAL GOLDEN EAGLE,APRIL FAR EAST MALAYSIA SDN BHD,MALAYSIA,JIUJIANG,CHINA (MAINLAND)
2023,470329,ROYAL GOLDEN EAGLE,APRIL,BUATAN,RIAU,1005,362632,ROYAL GOLDEN EAGLE,APRIL INTERNATIONAL ENTEPRISE PTE LTD,SINGAPORE,CHATTOGRAM,BANGLADESH
2023,470329,ROYAL GOLDEN EAGLE,APRIL,BUATAN,RIAU,201,72722,ROYAL GOLDEN EAGLE,APRIL INTERNATIONAL ENTEPRISE PTE LTD,SINGAPORE,SANAND,INDIA
2023,470329,SINAR MAS,OKI,SULTAN MAHMUD BADARUDDIN (U),SUMATERA SELATAN,500,211750,SINAR MAS,KING PAPER SOURCE TRADING (SHANGHAI) CO LTD,CHINA (MAINLAND),SHANGHAI,CHINA (MAINLAND)
2023,470200,ROYAL GOLDEN EAGLE,APRIL,BUATAN,RIAU,506,300398,ROYAL GOLDEN EAGLE,APRIL FAR EAST MALAYSIA SDN BHD,MALAYSIA,LIANYUNGANG,CHINA (MAINLAND)
2023,470329,SINAR MAS,OKI,SULTAN MAHMUD BADARUDDIN (U),SUMATERA SELATAN,3000,1270500,SINAR MAS,KING PAPER SOURCE TRADING (SHANGHAI) CO LTD,CHINA (MAINLAND),SHANGHAI,CHINA (MAINLAND)
2023,470329,ROYAL GOLDEN EAGLE,APRIL,BUATAN,RIAU,502,181197,ROYAL GOLDEN EAGLE,APRIL INTERNATIONAL ENTEPRISE PTE LTD,SINGAPORE,HAIPHONG,VIETNAM
2023,470200,ROYAL GOLDEN EAGLE,APRIL,FUTONG,RIAU,1013,601442,ROYAL GOLDEN EAGLE,APRIL FAR EAST MALAYSIA SDN BHD,MALAYSIA,LIANYUNGANG,CHINA (MAINLAND)
2023,470329,MARUBENI,TANJUNG ENIM LESTARI,PANJANG,SUMATERA SELATAN,502,223224,MARUBENI,MARUBENI CORP,JAPAN,NINGBO,CHINA (MAINLAND)
2023,470329,SINAR MAS,OKI,SULTAN MAHMUD BADARUDDIN (U),SUMATERA SELATAN,2400,1016400,SINAR MAS,KING PAPER SOURCE TRADING (SHANGHAI) CO LTD,CHINA (MAINLAND),NINGBO,CHINA (MAINLAND)
2023,470329,ROYAL GOLDEN EAGLE,APRIL,BUATAN,RIAU,201,72480,ROYAL GOLDEN EAGLE,APRIL INTERNATIONAL ENTEPRISE PTE LTD,SINGAPORE,TUTICORIN,INDIA
2023,470329,MARUBENI,TANJUNG ENIM LESTARI,PANJANG,SUMATERA SELATAN,196,85928,MARUBENI,MARUBENI CORP,JAPAN,CHATTOGRAM,BANGLADESH
2023,470329,SINAR MAS,OKI,SULTAN MAHMUD BADARUDDIN (U),SUMATERA SELATAN,2800,1804600,SINAR MAS,KING PAPER SOURCE TRADING (SHANGHAI) CO LTD,CHINA (MAINLAND),NINGBO,CHINA (MAINLAND)
2023,470329,SINAR MAS,OKI,SULTAN MAHMUD BADARUDDIN (U),SUMATERA SELATAN,2000,847000,SINAR MAS,KING PAPER SOURCE TRADING (SHANGHAI) CO LTD,CHINA (MAINLAND),SHANGHAI,CHINA (MAINLAND)
2023,470200,ROYAL GOLDEN EAGLE,APRIL,FUTONG,RIAU,1012,623652,ROYAL GOLDEN EAGLE,APRIL FAR EAST MALAYSIA SDN BHD,MALAYSIA,JIUJIANG,CHINA (MAINLAND)
2023,470200,ROYAL GOLDEN EAGLE,APRIL,BUATAN,RIAU,506,300378,ROYAL GOLDEN EAGLE,APRIL FAR EAST MALAYSIA SDN BHD,MALAYSIA,JIUJIANG,CHINA (MAINLAND)
2023,470329,ROYAL GOLDEN EAGLE,APRIL,BUATAN,RIAU,201,72560,ROYAL GOLDEN EAGLE,APRIL INTERNATIONAL ENTEPRISE PTE LTD,SINGAPORE,TUTICORIN,INDIA
2023,470200,ROYAL GOLDEN EAGLE,APRIL,BUATAN,RIAU,506,300381,ROYAL GOLDEN EAGLE,APRIL FAR EAST MALAYSIA SDN BHD,MALAYSIA,FUZHOU,CHINA (MAINLAND)
2023,470329,ROYAL GOLDEN EAGLE,APRIL,BUATAN,RIAU,302,108884,ROYAL GOLDEN EAGLE,APRIL INTERNATIONAL ENTEPRISE PTE LTD,SINGAPORE,XINHUI,CHINA (MAINLAND)
2023,470200,ROYAL GOLDEN EAGLE,APRIL,FUTONG,RIAU,7085,4216552,ROYAL GOLDEN EAGLE,APRIL FAR EAST MALAYSIA SDN BHD,MALAYSIA,XIUYING,CHINA (MAINLAND)
2023,470329,ROYAL GOLDEN EAGLE,APRIL,BUATAN,RIAU,302,109052,ROYAL GOLDEN EAGLE,APRIL INTERNATIONAL ENTEPRISE PTE LTD,SINGAPORE,SANAND,INDIA
2023,470329,ROYAL GOLDEN EAGLE,APRIL,FUTONG,RIAU,2008,724713,ROYAL GOLDEN EAGLE,APRIL INTERNATIONAL ENTEPRISE PTE LTD,SINGAPORE,ZHANJIANG,CHINA (MAINLAND)
2023,470329,ROYAL GOLDEN EAGLE,APRIL,BUATAN,RIAU,522,188460,ROYAL GOLDEN EAGLE,APRIL INTERNATIONAL ENTEPRISE PTE LTD,SINGAPORE,PANTNAGAR,INDIA
2023,470200,ROYAL GOLDEN EAGLE,APRIL,BUATAN,RIAU,526,324023,ROYAL GOLDEN EAGLE,APRIL FAR EAST MALAYSIA SDN BHD,MALAYSIA,JIUJIANG,CHINA (MAINLAND)
2023,470329,ROYAL GOLDEN EAGLE,APRIL,BUATAN,RIAU,501,180844,ROYAL GOLDEN EAGLE,APRIL INTERNATIONAL ENTEPRISE PTE LTD,SINGAPORE,HAIPHONG,VIETNAM
2023,470329,SINAR MAS,INDAH KIAT,PERAWANG,RIAU,200,84354,UNKNOWN AFFILIATION,JIN DING CO LTD,TAIWAN,KAOHSIUNG,TAIWAN
2023,470329,ROYAL GOLDEN EAGLE,APRIL,BUATAN,RIAU,482,164925,ROYAL GOLDEN EAGLE,APRIL INTERNATIONAL ENTEPRISE PTE LTD,SINGAPORE,TAICHUNG,TAIWAN
2023,470329,ROYAL GOLDEN EAGLE,APRIL,BUATAN,RIAU,1004,362532,ROYAL GOLDEN EAGLE,APRIL INTERNATIONAL ENTEPRISE PTE LTD,SINGAPORE,NINGBO,CHINA (MAINLAND)
2023,470200,ROYAL GOLDEN EAGLE,APRIL,BUATAN,RIAU,506,300523,ROYAL GOLDEN EAGLE,APRIL FAR EAST MALAYSIA SDN BHD,MALAYSIA,JIUJIANG,CHINA (MAINLAND)
2023,470329,SINAR MAS,INDAH KIAT,PERAWANG,RIAU,600,247463,SIAM CEMENT,PHOENIX PULP & PAPER PUBLIC CO LTD,THAILAND,LAT KRABANG,THAILAND
2023,470329,SINAR MAS,INDAH KIAT,PERAWANG,RIAU,700,288707,SIAM CEMENT,PHOENIX PULP & PAPER PUBLIC CO LTD,THAILAND,LAT KRABANG,THAILAND
2023,470329,SINAR MAS,INDAH KIAT,PERAWANG,RIAU,500,212850,XSD INTERNATIONAL,XSD INTERNATIONAL PAPER SDN BHD,MALAYSIA,PENANG (GEORGETOWN),MALAYSIA
2023,470329,SINAR MAS,OKI,SULTAN MAHMUD BADARUDDIN (U),SUMATERA SELATAN,5000,2110500,UNKNOWN AFFILIATION,JEONG HOON PARK,SOUTH KOREA,GUNSAN (ES KUNSAN),SOUTH KOREA
2023,470329,SINAR MAS,OKI,SULTAN MAHMUD BADARUDDIN (U),SUMATERA SELATAN,1000,422100,HONG WON,HONG WON PAPER MFG CO LTD,SOUTH KOREA,GUNSAN (ES KUNSAN),SOUTH KOREA
2023,470329,SINAR MAS,INDAH KIAT,PERAWANG,RIAU,500,214350,GULF PAPER,GULF PAPER MANUFACTURING CO KSC,KUWAIT,SHUAIBA,KUWAIT
2023,470329,SINAR MAS,INDAH KIAT,PERAWANG,RIAU,500,214700,ADITYA BIRLA,CENTURY PULP AND PAPER,INDIA,MUNDRA,INDIA
2023,470200,ROYAL GOLDEN EAGLE,APRIL,BUATAN,RIAU,527,324338,ROYAL GOLDEN EAGLE,APRIL FAR EAST MALAYSIA SDN BHD,MALAYSIA,JIUJIANG,CHINA (MAINLAND)
2023,470329,SINAR MAS,OKI,SULTAN MAHMUD BADARUDDIN (U),SUMATERA SELATAN,5000,2110500,UNKNOWN AFFILIATION,JEONG HOON PARK,SOUTH KOREA,GUNSAN (ES KUNSAN),SOUTH KOREA
2023,470329,SINAR MAS,OKI,SULTAN MAHMUD BADARUDDIN (U),SUMATERA SELATAN,5000,2110500,HANSOL,HANSOL PAPER CO LTD,SOUTH KOREA,GUNSAN (ES KUNSAN),SOUTH KOREA
2023,470329,SINAR MAS,INDAH KIAT,PERAWANG,RIAU,500,214700,ADITYA BIRLA,CENTURY PULP AND PAPER,INDIA,MUNDRA,INDIA
2023,470200,ROYAL GOLDEN EAGLE,APRIL,BUATAN,RIAU,506,311930,ROYAL GOLDEN EAGLE,APRIL FAR EAST MALAYSIA SDN BHD,MALAYSIA,JIUJIANG,CHINA (MAINLAND)
2023,470200,ROYAL GOLDEN EAGLE,APRIL,BUATAN,RIAU,506,300680,ROYAL GOLDEN EAGLE,APRIL FAR EAST MALAYSIA SDN BHD,MALAYSIA,FUZHOU,CHINA (MAINLAND)
2023,470329,SINAR MAS,INDAH KIAT,PERAWANG,RIAU,500,214700,ADITYA BIRLA,CENTURY PULP AND PAPER,INDIA,MUNDRA,INDIA
2023,470329,MARUBENI,TANJUNG ENIM LESTARI,PANJANG,SUMATERA SELATAN,502,214179,MARUBENI,MARUBENI CORP,JAPAN,PIPAVAV (VICTOR) PORT,INDIA
2023,470329,SINAR MAS,INDAH KIAT,PERAWANG,RIAU,500,214350,GULF PAPER,GULF PAPER MANUFACTURING CO KSC,KUWAIT,SHUAIBA,KUWAIT
2023,470329,ROYAL GOLDEN EAGLE,APRIL,BUATAN,RIAU,100,36222,ROYAL GOLDEN EAGLE,APRIL INTERNATIONAL ENTEPRISE PTE LTD,SINGAPORE,SAHNEWAL,INDIA
2023,470329,ROYAL GOLDEN EAGLE,APRIL,BUATAN,RIAU,502,181321,ROYAL GOLDEN EAGLE,APRIL FINE PAPER TRADING MIDDLE EAST,UNITED ARAB EMIRATES,EL ISKANDARIYA (= ALEXAND,EGYPT
2023,470329,SINAR MAS,OKI,SULTAN MAHMUD BADARUDDIN (U),SUMATERA SELATAN,2500,1060000,SINAR MAS,KING PAPER SOURCE TRADING (SHANGHAI) CO LTD,CHINA (MAINLAND),ZHENJIANG,CHINA (MAINLAND)
2023,470329,SINAR MAS,INDAH KIAT,PERAWANG,RIAU,500,214350,GULF PAPER,GULF PAPER MANUFACTURING CO KSC,KUWAIT,SHUAIBA,KUWAIT
2023,470329,SINAR MAS,OKI,SULTAN MAHMUD BADARUDDIN (U),SUMATERA SELATAN,3500,1477350,UNKNOWN AFFILIATION,MSS PULP CO LTD,SOUTH KOREA,GUNSAN (ES KUNSAN),SOUTH KOREA
2023,470329,SINAR MAS,OKI,SULTAN MAHMUD BADARUDDIN (U),SUMATERA SELATAN,500,211050,HONG WON,HONG WON PAPER MFG CO LTD,SOUTH KOREA,GUNSAN (ES KUNSAN),SOUTH KOREA
2023,470329,SINAR MAS,INDAH KIAT,PERAWANG,RIAU,500,214700,ADITYA BIRLA,CENTURY PULP AND PAPER,INDIA,MUNDRA,INDIA
2023,470329,ROYAL GOLDEN EAGLE,APRIL,BUATAN,RIAU,401,137152,ROYAL GOLDEN EAGLE,APRIL INTERNATIONAL ENTEPRISE PTE LTD,SINGAPORE,KATHUWAS ICD/ALWAR,INDIA
2023,470200,ROYAL GOLDEN EAGLE,APRIL,BUATAN,RIAU,506,300648,ROYAL GOLDEN EAGLE,APRIL FAR EAST MALAYSIA SDN BHD,MALAYSIA,FUZHOU,CHINA (MAINLAND)
2023,440122,ROYAL GOLDEN EAGLE,BALIKPAPAN CHIP LESTARI,BALIKPAPAN,KALIMANTAN TIMUR,23493,3218551,ROYAL GOLDEN EAGLE,ASIA SYMBOL (SHANDONG) PULP AND PAPER,CHINA (MAINLAND),RIZHAO,CHINA (MAINLAND)
2023,470329,SINAR MAS,INDAH KIAT,PERAWANG,RIAU,340,144194,UNKNOWN AFFILIATION,MAC-AAA FREIGHT & LOGISTICS LLC,UNITED ARAB EMIRATES,JEBEL ALI,NEW ZEALAND
2023,470329,SINAR MAS,INDAH KIAT,PERAWANG,RIAU,700,298670,UNKNOWN AFFILIATION,TAN HANH NGUYEN CO LTD,VIETNAM,DA NANG,VIETNAM
2023,470329,SINAR MAS,INDAH KIAT,PERAWANG,RIAU,100,41827,RENGO,VINA KRAFT PAPER CO LTD,VIETNAM,CAT LAI,VIETNAM
2023,470329,SINAR MAS,INDAH KIAT,PERAWANG,RIAU,600,247463,BJC,BERLI JUCKER CELLOX LTD,THAILAND,LAT KRABANG,THAILAND
2023,470329,ROYAL GOLDEN EAGLE,APRIL,BUATAN,RIAU,497,191189,ROYAL GOLDEN EAGLE,APRIL INTERNATIONAL ENTEPRISE PTE LTD,SINGAPORE,PENANG (GEORGETOWN),MALAYSIA
2023,470329,ROYAL GOLDEN EAGLE,APRIL,FUTONG,RIAU,3213,1160025,ROYAL GOLDEN EAGLE,APRIL INTERNATIONAL ENTEPRISE PTE LTD,SINGAPORE,GUNSAN (ES KUNSAN),SOUTH KOREA
2023,470329,SINAR MAS,INDAH KIAT,PERAWANG,RIAU,600,247463,BJC,BERLI JUCKER CELLOX LTD,THAILAND,LAT KRABANG,THAILAND
2023,470329,SINAR MAS,INDAH KIAT,PERAWANG,RIAU,300,124605,BATAAN,BATAAN 2020 INC,PHILIPPINES,MANILA NORTH HARBOUR,PHILIPPINES
2023,470200,ROYAL GOLDEN EAGLE,APRIL,BUATAN,RIAU,506,311850,ROYAL GOLDEN EAGLE,APRIL FAR EAST MALAYSIA SDN BHD,MALAYSIA,JIUJIANG,CHINA (MAINLAND)
2023,470329,SINAR MAS,INDAH KIAT,PERAWANG,RIAU,200,83151,UNKNOWN AFFILIATION,PHU HUNG TRADING & MANUFACTURING COMPANY LTD,VIETNAM,HAIPHONG,VIETNAM
2023,470329,ROYAL GOLDEN EAGLE,APRIL,FUTONG,RIAU,1031,372134,ROYAL GOLDEN EAGLE,APRIL FAR EAST MALAYSIA SDN BHD,MALAYSIA,IYOMISHIMA,JAPAN
2023,470329,SINAR MAS,INDAH KIAT,PERAWANG,RIAU,100,41827,RENGO,VINA KRAFT PAPER CO LTD,VIETNAM,CAT LAI,VIETNAM
2023,470329,ROYAL GOLDEN EAGLE,APRIL,BUATAN,RIAU,502,181290,ROYAL GOLDEN EAGLE,APRIL FINE PAPER TRADING MIDDLE EAST,UNITED ARAB EMIRATES,EL ISKANDARIYA (= ALEXAND,EGYPT
2023,470329,SINAR MAS,INDAH KIAT,PERAWANG,RIAU,500,206081,GENUS,YAJUR COMMODITIES LTD,INDIA,MUNDRA,INDIA
2023,470329,ROYAL GOLDEN EAGLE,APRIL,BUATAN,RIAU,403,145445,ROYAL GOLDEN EAGLE,APRIL INTERNATIONAL ENTEPRISE PTE LTD,SINGAPORE,JAWAHARLAL NEHRU (NHAVA S,INDIA
2023,470200,ROYAL GOLDEN EAGLE,APRIL,BUATAN,RIAU,506,300534,ROYAL GOLDEN EAGLE,APRIL FAR EAST MALAYSIA SDN BHD,MALAYSIA,FUZHOU,CHINA (MAINLAND)
2023,470329,ROYAL GOLDEN EAGLE,APRIL,FUTONG,RIAU,3816,1377585,ROYAL GOLDEN EAGLE,APRIL INTERNATIONAL ENTEPRISE PTE LTD,SINGAPORE,PYONGTAEK,SOUTH KOREA
2023,470329,SINAR MAS,OKI,SULTAN MAHMUD BADARUDDIN (U),SUMATERA SELATAN,2500,1060000,SINAR MAS,KING PAPER SOURCE TRADING (SHANGHAI) CO LTD,CHINA (MAINLAND),ZHENJIANG,CHINA (MAINLAND)
2023,470329,SINAR MAS,OKI,SULTAN MAHMUD BADARUDDIN (U),SUMATERA SELATAN,1500,637500,SINAR MAS,KING PAPER SOURCE TRADING (SHANGHAI) CO LTD,CHINA (MAINLAND),ZHENJIANG,CHINA (MAINLAND)
2023,470329,SINAR MAS,OKI,SULTAN MAHMUD BADARUDDIN (U),SUMATERA SELATAN,4100,1742500,SINAR MAS,KING PAPER SOURCE TRADING (SHANGHAI) CO LTD,CHINA (MAINLAND),ZHENJIANG,CHINA (MAINLAND)
2023,470329,SINAR MAS,OKI,SULTAN MAHMUD BADARUDDIN (U),SUMATERA SELATAN,1900,807500,SINAR MAS,KING PAPER SOURCE TRADING (SHANGHAI) CO LTD,CHINA (MAINLAND),ZHENJIANG,CHINA (MAINLAND)
2023,470329,ROYAL GOLDEN EAGLE,APRIL,BUATAN,RIAU,1004,362370,ROYAL GOLDEN EAGLE,APRIL INTERNATIONAL ENTEPRISE PTE LTD,SINGAPORE,NINGBO,CHINA (MAINLAND)
2023,470329,ROYAL GOLDEN EAGLE,APRIL,BUATAN,RIAU,302,108845,ROYAL GOLDEN EAGLE,APRIL INTERNATIONAL ENTEPRISE PTE LTD,SINGAPORE,CHATTOGRAM,BANGLADESH
2023,470329,MARUBENI,TANJUNG ENIM LESTARI,PANJANG,SUMATERA SELATAN,997,392268,MARUBENI,MARUBENI CORP,JAPAN,WUHAN,CHINA (MAINLAND)
2023,470329,SINAR MAS,OKI,SULTAN MAHMUD BADARUDDIN (U),SUMATERA SELATAN,5000,2120000,SINAR MAS,KING PAPER SOURCE TRADING (SHANGHAI) CO LTD,CHINA (MAINLAND),NINGBO,CHINA (MAINLAND)
2023,470329,ROYAL GOLDEN EAGLE,APRIL,BUATAN,RIAU,663,239515,ROYAL GOLDEN EAGLE,APRIL INTERNATIONAL ENTEPRISE PTE LTD,SINGAPORE,CALCUTTA,INDIA
2023,470329,MARUBENI,TANJUNG ENIM LESTARI,PANJANG,SUMATERA SELATAN,499,221945,MARUBENI,MARUBENI CORP,JAPAN,CHANGSHU,CHINA (MAINLAND)
2023,470200,ROYAL GOLDEN EAGLE,APRIL,BUATAN,RIAU,506,311480,ROYAL GOLDEN EAGLE,APRIL FAR EAST MALAYSIA SDN BHD,MALAYSIA,JIUJIANG,CHINA (MAINLAND)
2023,470329,ROYAL GOLDEN EAGLE,APRIL,BUATAN,RIAU,542,195779,ROYAL GOLDEN EAGLE,APRIL INTERNATIONAL ENTEPRISE PTE LTD,SINGAPORE,CHATTOGRAM,BANGLADESH
2023,470329,MARUBENI,TANJUNG ENIM LESTARI,PANJANG,SUMATERA SELATAN,260,112703,MARUBENI,MARUBENI CORP,JAPAN,MORADABAD,INDIA
2023,470329,MARUBENI,TANJUNG ENIM LESTARI,PANJANG,SUMATERA SELATAN,504,207696,MARUBENI,MARUBENI CORP,JAPAN,TAOYUAN,TAIWAN
2023,470329,SINAR MAS,OKI,SULTAN MAHMUD BADARUDDIN (U),SUMATERA SELATAN,3000,1273500,SINAR MAS,KING PAPER SOURCE TRADING (SHANGHAI) CO LTD,CHINA (MAINLAND),NINGBO,CHINA (MAINLAND)
2023,470200,ROYAL GOLDEN EAGLE,APRIL,FUTONG,RIAU,1015,602778,ROYAL GOLDEN EAGLE,APRIL FAR EAST MALAYSIA SDN BHD,MALAYSIA,LIANYUNGANG,CHINA (MAINLAND)
2023,470200,ROYAL GOLDEN EAGLE,APRIL,FUTONG,RIAU,506,300856,ROYAL GOLDEN EAGLE,APRIL FAR EAST MALAYSIA SDN BHD,MALAYSIA,LIANYUNGANG,CHINA (MAINLAND)
2023,470329,MARUBENI,TANJUNG ENIM LESTARI,PANJANG,SUMATERA SELATAN,138,73220,MARUBENI,MARUBENI CORP,JAPAN,SHIMIZU,JAPAN
2023,470200,ROYAL GOLDEN EAGLE,APRIL,FUTONG,RIAU,507,301204,ROYAL GOLDEN EAGLE,APRIL FAR EAST MALAYSIA SDN BHD,MALAYSIA,LIANYUNGANG,CHINA (MAINLAND)
2023,470200,ROYAL GOLDEN EAGLE,APRIL,FUTONG,RIAU,507,300959,ROYAL GOLDEN EAGLE,APRIL FAR EAST MALAYSIA SDN BHD,MALAYSIA,FUZHOU,CHINA (MAINLAND)
2023,470329,SINAR MAS,OKI,SULTAN MAHMUD BADARUDDIN (U),SUMATERA SELATAN,4800,2037600,SINAR MAS,SHANDONG BOHUI PAPER INDUSTRY CO LTD,CHINA (MAINLAND),QINGDAO,CHINA (MAINLAND)
2023,470329,ROYAL GOLDEN EAGLE,APRIL,BUATAN,RIAU,1467,529564,ROYAL GOLDEN EAGLE,APRIL INTERNATIONAL ENTEPRISE PTE LTD,SINGAPORE,CHATTOGRAM,BANGLADESH
2023,470329,MARUBENI,TANJUNG ENIM LESTARI,PANJANG,SUMATERA SELATAN,99,52917,MARUBENI,MARUBENI CORP,JAPAN,KITAKYUSHU- MOJI,JAPAN
2023,470329,SINAR MAS,OKI,SULTAN MAHMUD BADARUDDIN (U),SUMATERA SELATAN,3000,1933500,SINAR MAS,KING PAPER SOURCE TRADING (SHANGHAI) CO LTD,CHINA (MAINLAND),NINGBO,CHINA (MAINLAND)
2023,470200,ROYAL GOLDEN EAGLE,APRIL,FUTONG,RIAU,506,311819,ROYAL GOLDEN EAGLE,APRIL FAR EAST MALAYSIA SDN BHD,MALAYSIA,LIANYUNGANG,CHINA (MAINLAND)
2023,470329,SINAR MAS,OKI,SULTAN MAHMUD BADARUDDIN (U),SUMATERA SELATAN,200,84900,SINAR MAS,SHANDONG BOHUI PAPER INDUSTRY CO LTD,CHINA (MAINLAND),QINGDAO,CHINA (MAINLAND)
2023,470329,SINAR MAS,INDAH KIAT,PERAWANG,RIAU,500,203225,ITC,ITC LTD - PAPERBOARDS & SPECIALTY PAPERS DIVSION,INDIA,HALDIA,INDIA
2023,470200,ROYAL GOLDEN EAGLE,APRIL,BUATAN,RIAU,506,311856,ROYAL GOLDEN EAGLE,APRIL FAR EAST MALAYSIA SDN BHD,MALAYSIA,JIUJIANG,CHINA (MAINLAND)
2023,470200,ROYAL GOLDEN EAGLE,APRIL,BUATAN,RIAU,445,274410,ROYAL GOLDEN EAGLE,APRIL FAR EAST MALAYSIA SDN BHD,MALAYSIA,JIUJIANG,CHINA (MAINLAND)
2023,470329,SINAR MAS,INDAH KIAT,PERAWANG,RIAU,500,203225,ITC,ITC LTD - PAPERBOARDS & SPECIALTY PAPERS DIVSION,INDIA,HALDIA,INDIA
2023,470200,ROYAL GOLDEN EAGLE,APRIL,FUTONG,RIAU,1013,601774,ROYAL GOLDEN EAGLE,APRIL FAR EAST MALAYSIA SDN BHD,MALAYSIA,FUZHOU,CHINA (MAINLAND)
2023,470329,ROYAL GOLDEN EAGLE,APRIL,BUATAN,RIAU,1005,343677,ROYAL GOLDEN EAGLE,APRIL INTERNATIONAL ENTEPRISE PTE LTD,SINGAPORE,HAIPHONG,VIETNAM
2023,470329,ROYAL GOLDEN EAGLE,APRIL,BUATAN,RIAU,100,34346,ROYAL GOLDEN EAGLE,APRIL INTERNATIONAL ENTEPRISE PTE LTD,SINGAPORE,LAEM CHABANG,THAILAND
2023,470329,ROYAL GOLDEN EAGLE,APRIL,BUATAN,RIAU,201,72554,ROYAL GOLDEN EAGLE,APRIL INTERNATIONAL ENTEPRISE PTE LTD,SINGAPORE,CHATTOGRAM,BANGLADESH
2023,470329,MARUBENI,TANJUNG ENIM LESTARI,PANJANG,SUMATERA SELATAN,501,196532,MARUBENI,MARUBENI CORP,JAPAN,YINGKOU,CHINA (MAINLAND)
2023,470329,SINAR MAS,OKI,SULTAN MAHMUD BADARUDDIN (U),SUMATERA SELATAN,5000,2050000,BASHUNDARA,BASHUNDHARA PAPER MILLS LTD,BANGLADESH,CHATTOGRAM,BANGLADESH
2023,470329,MARUBENI,TANJUNG ENIM LESTARI,PANJANG,SUMATERA SELATAN,504,227125,MARUBENI,MARUBENI CORP,JAPAN,NINGBO,CHINA (MAINLAND)
2023,470329,SINAR MAS,OKI,SULTAN MAHMUD BADARUDDIN (U),SUMATERA SELATAN,4000,1704000,SINAR MAS,JIANGSU BOHUI PAPER INDUSTRY CO LTD.,CHINA (MAINLAND),CHANGSHU,CHINA (MAINLAND)
2023,470329,SINAR MAS,OKI,SULTAN MAHMUD BADARUDDIN (U),SUMATERA SELATAN,5000,2050000,BASHUNDARA,BASHUNDHARA PAPER MILLS LTD,BANGLADESH,CHATTOGRAM,BANGLADESH
2023,470329,ROYAL GOLDEN EAGLE,APRIL,BUATAN,RIAU,100,34251,ROYAL GOLDEN EAGLE,APRIL INTERNATIONAL ENTEPRISE PTE LTD,SINGAPORE,ICD MIHAN,INDIA
2023,470329,ROYAL GOLDEN EAGLE,APRIL,FUTONG,RIAU,1996,682513,ROYAL GOLDEN EAGLE,APRIL FAR EAST MALAYSIA SDN BHD,MALAYSIA,NANSHA,CHINA (MAINLAND)
2023,470329,SINAR MAS,OKI,SULTAN MAHMUD BADARUDDIN (U),SUMATERA SELATAN,5000,2050000,BASHUNDARA,BASHUNDHARA PAPER MILLS LTD,BANGLADESH,CHATTOGRAM,BANGLADESH
2023,470329,SINAR MAS,OKI,SULTAN MAHMUD BADARUDDIN (U),SUMATERA SELATAN,5000,2050000,BASHUNDARA,BASHUNDHARA PAPER MILLS LTD,BANGLADESH,CHATTOGRAM,BANGLADESH
2023,470329,SINAR MAS,OKI,SULTAN MAHMUD BADARUDDIN (U),SUMATERA SELATAN,2000,850704,XIANMEN C&D,HONG KONG PAPER SOURCES CO LTD,CHINA (HONG KONG),CHANGSHU,CHINA (MAINLAND)
2023,470329,SINAR MAS,OKI,SULTAN MAHMUD BADARUDDIN (U),SUMATERA SELATAN,1000,425352,XIANMEN C&D,HONG KONG PAPER SOURCES CO LTD,CHINA (HONG KONG),CHANGSHU,CHINA (MAINLAND)
2023,470329,SINAR MAS,OKI,SULTAN MAHMUD BADARUDDIN (U),SUMATERA SELATAN,2700,1150200,SINAR MAS,JIANGSU BOHUI PAPER INDUSTRY CO LTD.,CHINA (MAINLAND),CHANGSHU,CHINA (MAINLAND)
2023,470329,SINAR MAS,OKI,SULTAN MAHMUD BADARUDDIN (U),SUMATERA SELATAN,1500,638028,XIANMEN C&D,HONG KONG PAPER SOURCES CO LTD,CHINA (HONG KONG),CHANGSHU,CHINA (MAINLAND)
2023,470329,ROYAL GOLDEN EAGLE,APRIL,BUATAN,RIAU,301,108792,ROYAL GOLDEN EAGLE,APRIL INTERNATIONAL ENTEPRISE PTE LTD,SINGAPORE,CHATTOGRAM,BANGLADESH
2023,470329,MARUBENI,TANJUNG ENIM LESTARI,PANJANG,SUMATERA SELATAN,506,199416,MARUBENI,MARUBENI CORP,JAPAN,XINHUI,CHINA (MAINLAND)
2023,470329,SINAR MAS,OKI,SULTAN MAHMUD BADARUDDIN (U),SUMATERA SELATAN,800,340800,SINAR MAS,JIANGSU BOHUI PAPER INDUSTRY CO LTD.,CHINA (MAINLAND),CHANGSHU,CHINA (MAINLAND)
2023,470329,ROYAL GOLDEN EAGLE,APRIL,BUATAN,RIAU,502,171681,ROYAL GOLDEN EAGLE,APRIL INTERNATIONAL ENTEPRISE PTE LTD,SINGAPORE,CHATTOGRAM,BANGLADESH
2023,470200,ROYAL GOLDEN EAGLE,APRIL,BUATAN,RIAU,506,311832,ROYAL GOLDEN EAGLE,APRIL FAR EAST MALAYSIA SDN BHD,MALAYSIA,JIUJIANG,CHINA (MAINLAND)
2023,470329,ROYAL GOLDEN EAGLE,APRIL,BUATAN,RIAU,682,233415,ROYAL GOLDEN EAGLE,APRIL INTERNATIONAL ENTEPRISE PTE LTD,SINGAPORE,CALCUTTA,INDIA
2023,470200,ROYAL GOLDEN EAGLE,APRIL,BUATAN,RIAU,527,324515,ROYAL GOLDEN EAGLE,APRIL FAR EAST MALAYSIA SDN BHD,MALAYSIA,JIUJIANG,CHINA (MAINLAND)
2023,470329,MARUBENI,TANJUNG ENIM LESTARI,PANJANG,SUMATERA SELATAN,500,219341,MARUBENI,MARUBENI CORP,JAPAN,CHATTOGRAM,BANGLADESH
2023,470329,SINAR MAS,INDAH KIAT,PERAWANG,RIAU,500,214700,ADITYA BIRLA,CENTURY PULP AND PAPER,INDIA,MUNDRA,INDIA
2023,470329,SINAR MAS,INDAH KIAT,PERAWANG,RIAU,500,214700,SATIA,SATIA INDUSTRIES LTD,INDIA,MUNDRA,INDIA
2023,470329,SINAR MAS,INDAH KIAT,PERAWANG,RIAU,500,214700,ADITYA BIRLA,CENTURY PULP AND PAPER,INDIA,MUNDRA,INDIA
2023,470329,ROYAL GOLDEN EAGLE,APRIL,BUATAN,RIAU,502,171565,ROYAL GOLDEN EAGLE,APRIL INTERNATIONAL ENTEPRISE PTE LTD,SINGAPORE,CHATTOGRAM,BANGLADESH
2023,470329,ROYAL GOLDEN EAGLE,APRIL,BUATAN,RIAU,502,171598,ROYAL GOLDEN EAGLE,APRIL FINE PAPER TRADING MIDDLE EAST,UNITED ARAB EMIRATES,JEDDAH,SAUDI ARABIA
2023,470329,SINAR MAS,INDAH KIAT,PERAWANG,RIAU,500,214700,SATIA,SATIA INDUSTRIES LTD,INDIA,MUNDRA,INDIA
2023,470329,SINAR MAS,INDAH KIAT,PERAWANG,RIAU,500,214700,ADITYA BIRLA,CENTURY PULP AND PAPER,INDIA,MUNDRA,INDIA
2023,470329,SINAR MAS,INDAH KIAT,PERAWANG,RIAU,500,214700,ADITYA BIRLA,CENTURY PULP AND PAPER,INDIA,MUNDRA,INDIA
2023,470329,ROYAL GOLDEN EAGLE,APRIL,BUATAN,RIAU,522,200995,ROYAL GOLDEN EAGLE,APRIL INTERNATIONAL ENTEPRISE PTE LTD,SINGAPORE,PENANG (GEORGETOWN),MALAYSIA
2023,470329,ROYAL GOLDEN EAGLE,APRIL,BUATAN,RIAU,502,171733,ROYAL GOLDEN EAGLE,APRIL INTERNATIONAL ENTEPRISE PTE LTD,SINGAPORE,CHATTOGRAM,BANGLADESH
2023,470329,ROYAL GOLDEN EAGLE,APRIL,BUATAN,RIAU,502,171619,ROYAL GOLDEN EAGLE,APRIL FINE PAPER TRADING MIDDLE EAST,UNITED ARAB EMIRATES,JEDDAH,SAUDI ARABIA
2023,470329,SINAR MAS,OKI,SULTAN MAHMUD BADARUDDIN (U),SUMATERA SELATAN,1460,603858,XIANMEN C&D,XIAMEN C AND D PAPER AND PULP CO LTD,CHINA (MAINLAND),TIANJIN,CHINA (MAINLAND)
2023,470329,SINAR MAS,OKI,SULTAN MAHMUD BADARUDDIN (U),SUMATERA SELATAN,10000,4136016,UNKNOWN AFFILIATION,CHONGQING BAIJUN SUPPLY CHAIN SERVICE CO LTD,CHINA (MAINLAND),TIANJIN,CHINA (MAINLAND)
2023,470329,SINAR MAS,OKI,SULTAN MAHMUD BADARUDDIN (U),SUMATERA SELATAN,5000,2068008,UNKNOWN AFFILIATION,CHONGQING BAIJUN SUPPLY CHAIN SERVICE CO LTD,CHINA (MAINLAND),TIANJIN,CHINA (MAINLAND)
2023,470329,SINAR MAS,OKI,SULTAN MAHMUD BADARUDDIN (U),SUMATERA SELATAN,3000,1735500,SINAR MAS,KING PAPER SOURCE TRADING (SHANGHAI) CO LTD,CHINA (MAINLAND),QINZHOU,CHINA (MAINLAND)
2023,470329,SINAR MAS,OKI,SULTAN MAHMUD BADARUDDIN (U),SUMATERA SELATAN,8000,3308813,UNKNOWN AFFILIATION,CHONGQING BAIJUN SUPPLY CHAIN SERVICE CO LTD,CHINA (MAINLAND),TIANJIN,CHINA (MAINLAND)
2023,470329,SINAR MAS,OKI,SULTAN MAHMUD BADARUDDIN (U),SUMATERA SELATAN,6000,2481610,UNKNOWN AFFILIATION,CHONGQING BAIJUN SUPPLY CHAIN SERVICE CO LTD,CHINA (MAINLAND),TIANJIN,CHINA (MAINLAND)
2023,470329,SINAR MAS,OKI,SULTAN MAHMUD BADARUDDIN (U),SUMATERA SELATAN,7000,2895211,UNKNOWN AFFILIATION,CHONGQING BAIJUN SUPPLY CHAIN SERVICE CO LTD,CHINA (MAINLAND),TIANJIN,CHINA (MAINLAND)
2023,470329,SINAR MAS,OKI,SULTAN MAHMUD BADARUDDIN (U),SUMATERA SELATAN,3000,1240805,UNKNOWN AFFILIATION,CHONGQING BAIJUN SUPPLY CHAIN SERVICE CO LTD,CHINA (MAINLAND),TIANJIN,CHINA (MAINLAND)
2023,470329,SINAR MAS,OKI,SULTAN MAHMUD BADARUDDIN (U),SUMATERA SELATAN,3000,1240805,UNKNOWN AFFILIATION,CHONGQING BAIJUN SUPPLY CHAIN SERVICE CO LTD,CHINA (MAINLAND),TIANJIN,CHINA (MAINLAND)
2023,470329,SINAR MAS,OKI,SULTAN MAHMUD BADARUDDIN (U),SUMATERA SELATAN,7000,2895211,UNKNOWN AFFILIATION,CHONGQING BAIJUN SUPPLY CHAIN SERVICE CO LTD,CHINA (MAINLAND),TIANJIN,CHINA (MAINLAND)
2023,470329,SINAR MAS,OKI,SULTAN MAHMUD BADARUDDIN (U),SUMATERA SELATAN,1040,430146,UNKNOWN AFFILIATION,CHONGQING BAIJUN SUPPLY CHAIN SERVICE CO LTD,CHINA (MAINLAND),TIANJIN,CHINA (MAINLAND)
2023,470329,SINAR MAS,OKI,SULTAN MAHMUD BADARUDDIN (U),SUMATERA SELATAN,2600,1504100,SINAR MAS,KING PAPER SOURCE TRADING (SHANGHAI) CO LTD,CHINA (MAINLAND),QINZHOU,CHINA (MAINLAND)
2023,470329,SINAR MAS,OKI,SULTAN MAHMUD BADARUDDIN (U),SUMATERA SELATAN,300,124080,UNKNOWN AFFILIATION,CHONGQING BAIJUN SUPPLY CHAIN SERVICE CO LTD,CHINA (MAINLAND),TIANJIN,CHINA (MAINLAND)
2023,470329,SINAR MAS,OKI,SULTAN MAHMUD BADARUDDIN (U),SUMATERA SELATAN,200,82720,UNKNOWN AFFILIATION,CHONGQING BAIJUN SUPPLY CHAIN SERVICE CO LTD,CHINA (MAINLAND),TIANJIN,CHINA (MAINLAND)
2023,470329,SINAR MAS,OKI,SULTAN MAHMUD BADARUDDIN (U),SUMATERA SELATAN,1000,578500,SINAR MAS,KING PAPER SOURCE TRADING (SHANGHAI) CO LTD,CHINA (MAINLAND),QINZHOU,CHINA (MAINLAND)
2023,470329,ROYAL GOLDEN EAGLE,APRIL,BUATAN,RIAU,703,240582,ROYAL GOLDEN EAGLE,APRIL INTERNATIONAL ENTEPRISE PTE LTD,SINGAPORE,CAT LAI,VIETNAM
2023,470329,ROYAL GOLDEN EAGLE,APRIL,FUTONG,RIAU,3717,1271267,ROYAL GOLDEN EAGLE,APRIL FAR EAST MALAYSIA SDN BHD,MALAYSIA,NANSHA,CHINA (MAINLAND)
2023,470200,ROYAL GOLDEN EAGLE,APRIL,FUTONG,RIAU,1028,633161,ROYAL GOLDEN EAGLE,APRIL FAR EAST MALAYSIA SDN BHD,MALAYSIA,QINGDAO,CHINA (MAINLAND)
2023,470329,ROYAL GOLDEN EAGLE,APRIL,FUTONG,RIAU,5324,1820930,ROYAL GOLDEN EAGLE,APRIL INTERNATIONAL ENTEPRISE PTE LTD,SINGAPORE,NANSHA,CHINA (MAINLAND)
2023,470329,MARUBENI,TANJUNG ENIM LESTARI,PANJANG,SUMATERA SELATAN,502,241080,MARUBENI,MARUBENI CORP,JAPAN,NINGBO,CHINA (MAINLAND)
2023,470329,MARUBENI,TANJUNG ENIM LESTARI,PANJANG,SUMATERA SELATAN,261,115336,MARUBENI,MARUBENI CORP,JAPAN,LAT KRABANG,THAILAND
2023,470329,ROYAL GOLDEN EAGLE,APRIL,FUTONG,RIAU,5827,1992834,ROYAL GOLDEN EAGLE,APRIL INTERNATIONAL ENTEPRISE PTE LTD,SINGAPORE,QINGDAO,CHINA (MAINLAND)
2023,470329,ROYAL GOLDEN EAGLE,APRIL,BUATAN,RIAU,1006,343970,ROYAL GOLDEN EAGLE,APRIL INTERNATIONAL ENTEPRISE PTE LTD,SINGAPORE,CAT LAI,VIETNAM
2023,470329,ROYAL GOLDEN EAGLE,APRIL,BUATAN,RIAU,502,171764,ROYAL GOLDEN EAGLE,APRIL INTERNATIONAL ENTEPRISE PTE LTD,SINGAPORE,CHATTOGRAM,BANGLADESH
2023,470329,ROYAL GOLDEN EAGLE,APRIL,BUATAN,RIAU,501,171501,ROYAL GOLDEN EAGLE,APRIL INTERNATIONAL ENTEPRISE PTE LTD,SINGAPORE,ABU DHABI,NEW ZEALAND
2023,470329,ROYAL GOLDEN EAGLE,APRIL,BUATAN,RIAU,502,171770,ROYAL GOLDEN EAGLE,APRIL INTERNATIONAL ENTEPRISE PTE LTD,SINGAPORE,CHAWAPAYAL,INDIA
2023,470329,ROYAL GOLDEN EAGLE,APRIL,BUATAN,RIAU,703,270802,ROYAL GOLDEN EAGLE,APRIL INTERNATIONAL ENTEPRISE PTE LTD,SINGAPORE,SAMALKHA,INDIA
2023,470329,SINAR MAS,OKI,SULTAN MAHMUD BADARUDDIN (U),SUMATERA SELATAN,5000,3230000,SINAR MAS,KING PAPER SOURCE TRADING (SHANGHAI) CO LTD,CHINA (MAINLAND),ZHENJIANG,CHINA (MAINLAND)
2023,470329,SINAR MAS,INDAH KIAT,PERAWANG,RIAU,5000,2091650,MEGHNA GROUP OF INDUSTRIES,MEGHNA PULP AND PAPER MILLS LTD,BANGLADESH,CHATTOGRAM,BANGLADESH
2023,470329,ROYAL GOLDEN EAGLE,APRIL,BUATAN,RIAU,201,68726,ROYAL GOLDEN EAGLE,APRIL INTERNATIONAL ENTEPRISE PTE LTD,SINGAPORE,CALCUTTA,INDIA
2023,470329,SINAR MAS,OKI,SULTAN MAHMUD BADARUDDIN (U),SUMATERA SELATAN,2100,894600,SINAR MAS,KING PAPER SOURCE TRADING (SHANGHAI) CO LTD,CHINA (MAINLAND),ZHENJIANG,CHINA (MAINLAND)
2023,470329,SINAR MAS,OKI,SULTAN MAHMUD BADARUDDIN (U),SUMATERA SELATAN,2000,1292000,SINAR MAS,KING PAPER SOURCE TRADING (SHANGHAI) CO LTD,CHINA (MAINLAND),ZHENJIANG,CHINA (MAINLAND)
2023,470329,MARUBENI,TANJUNG ENIM LESTARI,TARAHAN,SUMATERA SELATAN,201,85738,MARUBENI,MARUBENI CORP,JAPAN,GUNSAN (ES KUNSAN),SOUTH KOREA
2023,470329,ROYAL GOLDEN EAGLE,APRIL,BUATAN,RIAU,302,103222,ROYAL GOLDEN EAGLE,APRIL INTERNATIONAL ENTEPRISE PTE LTD,SINGAPORE,PIPAVAV (VICTOR) PORT,INDIA
2023,470329,MARUBENI,TANJUNG ENIM LESTARI,TARAHAN,SUMATERA SELATAN,954,373159,MARUBENI,MARUBENI CORP,JAPAN,QINGDAO,CHINA (MAINLAND)
2023,470329,MARUBENI,TANJUNG ENIM LESTARI,TARAHAN,SUMATERA SELATAN,478,186928,MARUBENI,MARUBENI CORP,JAPAN,QINGDAO,CHINA (MAINLAND)
2023,470329,ROYAL GOLDEN EAGLE,APRIL,BUATAN,RIAU,100,34360,ROYAL GOLDEN EAGLE,APRIL FAR EAST MALAYSIA SDN BHD,MALAYSIA,IYOMISHIMA,JAPAN
2023,470329,MARUBENI,TANJUNG ENIM LESTARI,TARAHAN,SUMATERA SELATAN,1905,742370,MARUBENI,MARUBENI CORP,JAPAN,QINGDAO,CHINA (MAINLAND)
2023,470329,MARUBENI,TANJUNG ENIM LESTARI,TARAHAN,SUMATERA SELATAN,476,203633,MARUBENI,MARUBENI CORP,JAPAN,QINGDAO,CHINA (MAINLAND)
2023,470329,MARUBENI,TANJUNG ENIM LESTARI,TARAHAN,SUMATERA SELATAN,1601,666252,MARUBENI,MARUBENI CORP,JAPAN,GUNSAN (ES KUNSAN),SOUTH KOREA
2023,470329,ROYAL GOLDEN EAGLE,APRIL,BUATAN,RIAU,502,171682,ROYAL GOLDEN EAGLE,APRIL INTERNATIONAL ENTEPRISE PTE LTD,SINGAPORE,CHAWAPAYAL,INDIA
2023,470329,MARUBENI,TANJUNG ENIM LESTARI,TARAHAN,SUMATERA SELATAN,952,372587,MARUBENI,MARUBENI CORP,JAPAN,QINGDAO,CHINA (MAINLAND)
2023,470329,MARUBENI,TANJUNG ENIM LESTARI,TARAHAN,SUMATERA SELATAN,1905,742312,MARUBENI,MARUBENI CORP,JAPAN,QINGDAO,CHINA (MAINLAND)
2023,470329,MARUBENI,TANJUNG ENIM LESTARI,TARAHAN,SUMATERA SELATAN,499,195421,MARUBENI,MARUBENI CORP,JAPAN,QINGDAO,CHINA (MAINLAND)
2023,470329,MARUBENI,TANJUNG ENIM LESTARI,TARAHAN,SUMATERA SELATAN,500,195554,MARUBENI,MARUBENI CORP,JAPAN,QINGDAO,CHINA (MAINLAND)
2023,470329,ROYAL GOLDEN EAGLE,APRIL,BUATAN,RIAU,804,296584,ROYAL GOLDEN EAGLE,APRIL INTERNATIONAL ENTEPRISE PTE LTD,SINGAPORE,HAIPHONG,VIETNAM
2023,470329,ROYAL GOLDEN EAGLE,APRIL,BUATAN,RIAU,100,34323,ROYAL GOLDEN EAGLE,APRIL INTERNATIONAL ENTEPRISE PTE LTD,SINGAPORE,SAHNEWAL,INDIA
2023,470329,SINAR MAS,INDAH KIAT,PERAWANG,RIAU,1400,590037,UNKNOWN AFFILIATION,THAI PAPER CO LTD,THAILAND,LAT KRABANG,THAILAND
2023,470329,MARUBENI,TANJUNG ENIM LESTARI,TARAHAN,SUMATERA SELATAN,954,407777,MARUBENI,MARUBENI CORP,JAPAN,QINGDAO,CHINA (MAINLAND)
2023,470329,ROYAL GOLDEN EAGLE,APRIL,BUATAN,RIAU,1145,391641,ROYAL GOLDEN EAGLE,APRIL INTERNATIONAL ENTEPRISE PTE LTD,SINGAPORE,HAIPHONG,VIETNAM
2023,440122,ROYAL GOLDEN EAGLE,BALIKPAPAN CHIP LESTARI,BALIKPAPAN,KALIMANTAN TIMUR,26310,3578171,ROYAL GOLDEN EAGLE,ASIA SYMBOL (SHANDONG) PULP AND PAPER,CHINA (MAINLAND),RIZHAO,CHINA (MAINLAND)
2023,470329,ROYAL GOLDEN EAGLE,APRIL,BUATAN,RIAU,1004,343201,ROYAL GOLDEN EAGLE,APRIL INTERNATIONAL ENTEPRISE PTE LTD,SINGAPORE,TUTICORIN,INDIA
2023,470329,ROYAL GOLDEN EAGLE,APRIL,BUATAN,RIAU,502,171772,ROYAL GOLDEN EAGLE,APRIL INTERNATIONAL ENTEPRISE PTE LTD,SINGAPORE,TUTICORIN,INDIA
2023,470329,SINAR MAS,INDAH KIAT,PERAWANG,RIAU,500,210875,ADITYA BIRLA,CENTURY PULP AND PAPER,INDIA,PIPAVAV (VICTOR) PORT,INDIA
2023,470329,ROYAL GOLDEN EAGLE,APRIL,FUTONG,RIAU,5023,1717782,ROYAL GOLDEN EAGLE,APRIL INTERNATIONAL ENTEPRISE PTE LTD,SINGAPORE,KAKINADA,INDIA
2023,470329,ROYAL GOLDEN EAGLE,APRIL,FUTONG,RIAU,4996,1708736,ROYAL GOLDEN EAGLE,APRIL INTERNATIONAL ENTEPRISE PTE LTD,SINGAPORE,JEBEL ALI,NEW ZEALAND
2023,470329,ROYAL GOLDEN EAGLE,APRIL,BUATAN,RIAU,201,68767,ROYAL GOLDEN EAGLE,APRIL INTERNATIONAL ENTEPRISE PTE LTD,SINGAPORE,MUNDRA,INDIA
2023,470329,ROYAL GOLDEN EAGLE,APRIL,FUTONG,RIAU,5024,1718291,ROYAL GOLDEN EAGLE,APRIL INTERNATIONAL ENTEPRISE PTE LTD,SINGAPORE,KAKINADA,INDIA
2023,470329,ROYAL GOLDEN EAGLE,APRIL,BUATAN,RIAU,1003,343139,ROYAL GOLDEN EAGLE,APRIL INTERNATIONAL ENTEPRISE PTE LTD,SINGAPORE,TUTICORIN,INDIA
2023,470200,ROYAL GOLDEN EAGLE,APRIL,FUTONG,RIAU,506,311638,ROYAL GOLDEN EAGLE,APRIL FAR EAST MALAYSIA SDN BHD,MALAYSIA,LIANYUNGANG,CHINA (MAINLAND)
2023,470200,ROYAL GOLDEN EAGLE,APRIL,FUTONG,RIAU,506,311548,ROYAL GOLDEN EAGLE,APRIL FAR EAST MALAYSIA SDN BHD,MALAYSIA,JIUJIANG,CHINA (MAINLAND)
2023,470200,ROYAL GOLDEN EAGLE,APRIL,FUTONG,RIAU,1011,623032,ROYAL GOLDEN EAGLE,APRIL FAR EAST MALAYSIA SDN BHD,MALAYSIA,LIANYUNGANG,CHINA (MAINLAND)
2023,470200,ROYAL GOLDEN EAGLE,APRIL,FUTONG,RIAU,506,311881,ROYAL GOLDEN EAGLE,APRIL FAR EAST MALAYSIA SDN BHD,MALAYSIA,FUZHOU,CHINA (MAINLAND)
2023,470200,ROYAL GOLDEN EAGLE,APRIL,FUTONG,RIAU,506,311868,ROYAL GOLDEN EAGLE,APRIL FAR EAST MALAYSIA SDN BHD,MALAYSIA,JIUJIANG,CHINA (MAINLAND)
2023,470329,SINAR MAS,LONTAR PAPYRUS,KUALA TUNGKAL,JAMBI,3813,1540731,UNKNOWN AFFILIATION,KHANNA PAPER MILLS LTD,INDIA,KANDLA,INDIA
2023,470329,ROYAL GOLDEN EAGLE,APRIL,BUATAN,RIAU,404,138082,ROYAL GOLDEN EAGLE,APRIL INTERNATIONAL ENTEPRISE PTE LTD,SINGAPORE,KATHUWAS ICD/ALWAR,INDIA
2023,470200,ROYAL GOLDEN EAGLE,APRIL,FUTONG,RIAU,506,311583,ROYAL GOLDEN EAGLE,APRIL FAR EAST MALAYSIA SDN BHD,MALAYSIA,LIANYUNGANG,CHINA (MAINLAND)
2023,470200,ROYAL GOLDEN EAGLE,APRIL,FUTONG,RIAU,5200,3202984,ROYAL GOLDEN EAGLE,APRIL FAR EAST MALAYSIA SDN BHD,MALAYSIA,XIUYING,CHINA (MAINLAND)
2023,470200,ROYAL GOLDEN EAGLE,APRIL,FUTONG,RIAU,372,228195,ROYAL GOLDEN EAGLE,APRIL FAR EAST MALAYSIA SDN BHD,MALAYSIA,XIUYING,CHINA (MAINLAND)
2023,470329,ROYAL GOLDEN EAGLE,APRIL,BUATAN,RIAU,496,169670,ROYAL GOLDEN EAGLE,APRIL INTERNATIONAL ENTEPRISE PTE LTD,SINGAPORE,CAT LAI,VIETNAM
2023,470200,ROYAL GOLDEN EAGLE,APRIL,FUTONG,RIAU,505,311281,ROYAL GOLDEN EAGLE,APRIL FAR EAST MALAYSIA SDN BHD,MALAYSIA,LIANYUNGANG,CHINA (MAINLAND)
2023,470329,SINAR MAS,INDAH KIAT,PERAWANG,RIAU,500,212150,PARTEX STAR,PARTEX PAPER MILLS LTD,BANGLADESH,CHATTOGRAM,BANGLADESH
2023,470329,MARUBENI,TANJUNG ENIM LESTARI,PANJANG,SUMATERA SELATAN,1005,450845,MARUBENI,MARUBENI CORP,JAPAN,QINGDAO,CHINA (MAINLAND)
2023,470329,MARUBENI,TANJUNG ENIM LESTARI,PANJANG,SUMATERA SELATAN,500,214066,MARUBENI,MARUBENI CORP,JAPAN,PIPAVAV (VICTOR) PORT,INDIA
2023,470329,MARUBENI,TANJUNG ENIM LESTARI,PANJANG,SUMATERA SELATAN,496,238343,MARUBENI,MARUBENI CORP,JAPAN,NINGBO,CHINA (MAINLAND)
2023,470329,ROYAL GOLDEN EAGLE,APRIL,BUATAN,RIAU,683,233428,ROYAL GOLDEN EAGLE,APRIL INTERNATIONAL ENTEPRISE PTE LTD,SINGAPORE,CALCUTTA,INDIA
2023,470329,SINAR MAS,INDAH KIAT,PERAWANG,RIAU,300,128001,UNKNOWN AFFILIATION,TAN HANH NGUYEN CO LTD,VIETNAM,DA NANG,VIETNAM
2023,470329,SINAR MAS,INDAH KIAT,PERAWANG,RIAU,2500,1045825,UNKNOWN AFFILIATION,SAUDI PAPER MANUFACTURING CO,SAUDI ARABIA,AD DAMMAM,SAUDI ARABIA
2023,470200,ROYAL GOLDEN EAGLE,APRIL,BUATAN,RIAU,506,313244,ROYAL GOLDEN EAGLE,APRIL FAR EAST MALAYSIA SDN BHD,MALAYSIA,FUZHOU,CHINA (MAINLAND)
2023,470329,SINAR MAS,INDAH KIAT,PERAWANG,RIAU,500,210875,ADITYA BIRLA,CENTURY PULP AND PAPER,INDIA,PIPAVAV (VICTOR) PORT,INDIA
2023,470329,ROYAL GOLDEN EAGLE,APRIL,BUATAN,RIAU,501,171350,ROYAL GOLDEN EAGLE,APRIL INTERNATIONAL ENTEPRISE PTE LTD,SINGAPORE,CHATTOGRAM,BANGLADESH
2023,470329,MARUBENI,TANJUNG ENIM LESTARI,PANJANG,SUMATERA SELATAN,154,67704,MARUBENI,MARUBENI CORP,JAPAN,SONEPAT,INDIA
2023,470329,MARUBENI,TANJUNG ENIM LESTARI,PANJANG,SUMATERA SELATAN,506,227264,MARUBENI,MARUBENI CORP,JAPAN,QINGDAO,CHINA (MAINLAND)
2023,470329,ROYAL GOLDEN EAGLE,APRIL,FUTONG,RIAU,2009,686970,ROYAL GOLDEN EAGLE,APRIL INTERNATIONAL ENTEPRISE PTE LTD,SINGAPORE,ZHANJIANG,CHINA (MAINLAND)
2023,470329,ROYAL GOLDEN EAGLE,APRIL,BUATAN,RIAU,496,169508,ROYAL GOLDEN EAGLE,APRIL INTERNATIONAL ENTEPRISE PTE LTD,SINGAPORE,CAT LAI,VIETNAM
2023,470329,SINAR MAS,INDAH KIAT,PERAWANG,RIAU,2324,972199,UNKNOWN AFFILIATION,SAUDI PAPER MANUFACTURING CO,SAUDI ARABIA,AD DAMMAM,SAUDI ARABIA
2023,470329,SINAR MAS,LONTAR PAPYRUS,KUALA TUNGKAL,JAMBI,2207,891897,UNKNOWN AFFILIATION,KHANNA PAPER MILLS LTD,INDIA,KANDLA,INDIA
2023,470329,SINAR MAS,LONTAR PAPYRUS,KUALA TUNGKAL,JAMBI,1004,405732,UNKNOWN AFFILIATION,KHANNA PAPER MILLS LTD,INDIA,KANDLA,INDIA
2023,470329,ROYAL GOLDEN EAGLE,APRIL,BUATAN,RIAU,97,33023,ROYAL GOLDEN EAGLE,APRIL INTERNATIONAL ENTEPRISE PTE LTD,SINGAPORE,TAOYUAN,TAIWAN
2023,470200,ROYAL GOLDEN EAGLE,APRIL,BUATAN,RIAU,505,312885,ROYAL GOLDEN EAGLE,APRIL FAR EAST MALAYSIA SDN BHD,MALAYSIA,FUZHOU,CHINA (MAINLAND)
2023,470329,ROYAL GOLDEN EAGLE,APRIL,BUATAN,RIAU,507,173317,ROYAL GOLDEN EAGLE,APRIL INTERNATIONAL ENTEPRISE PTE LTD,SINGAPORE,TAICHUNG,TAIWAN
2023,470329,MARUBENI,TANJUNG ENIM LESTARI,PANJANG,SUMATERA SELATAN,498,295571,MARUBENI,MARUBENI CORP,JAPAN,CHATTOGRAM,BANGLADESH
2023,470329,SINAR MAS,INDAH KIAT,PERAWANG,RIAU,500,209136,UNKNOWN AFFILIATION,XUAN MAI PAPER COMPANY LTD,VIETNAM,CAT LAI,VIETNAM
2023,470329,ROYAL GOLDEN EAGLE,APRIL,BUATAN,RIAU,804,274877,ROYAL GOLDEN EAGLE,APRIL INTERNATIONAL ENTEPRISE PTE LTD,SINGAPORE,CAT LAI,VIETNAM
2023,470329,SINAR MAS,LONTAR PAPYRUS,KUALA TUNGKAL,JAMBI,8030,3244368,UNKNOWN AFFILIATION,KHANNA PAPER MILLS LTD,INDIA,KANDLA,INDIA
2023,470329,SINAR MAS,INDAH KIAT,PERAWANG,RIAU,1000,418330,UNKNOWN AFFILIATION,TAN HUNG JSC,VIETNAM,HAIPHONG,VIETNAM
2023,470329,ROYAL GOLDEN EAGLE,APRIL,BUATAN,RIAU,503,193829,ROYAL GOLDEN EAGLE,APRIL INTERNATIONAL ENTEPRISE PTE LTD,SINGAPORE,HAIPHONG,VIETNAM
2023,470329,ROYAL GOLDEN EAGLE,APRIL,BUATAN,RIAU,502,171684,ROYAL GOLDEN EAGLE,APRIL INTERNATIONAL ENTEPRISE PTE LTD,SINGAPORE,PANTNAGAR,INDIA
2023,470329,SINAR MAS,INDAH KIAT,PERAWANG,RIAU,1000,418330,UNKNOWN AFFILIATION,VIET THANG PAPER AND PACKING JOINT STOCK CO,VIETNAM,HAIPHONG,VIETNAM
2023,470329,SINAR MAS,INDAH KIAT,PERAWANG,RIAU,2500,1045825,UNKNOWN AFFILIATION,P.P TRADING & MANUFACTURING JSC,VIETNAM,HAIPHONG,VIETNAM
2023,470329,MARUBENI,TANJUNG ENIM LESTARI,PANJANG,SUMATERA SELATAN,499,218605,MARUBENI,MARUBENI CORP,JAPAN,CHATTOGRAM,BANGLADESH
2023,470329,ROYAL GOLDEN EAGLE,APRIL,BUATAN,RIAU,501,171435,ROYAL GOLDEN EAGLE,APRIL INTERNATIONAL ENTEPRISE PTE LTD,SINGAPORE,PANTNAGAR,INDIA
2023,470329,ROYAL GOLDEN EAGLE,APRIL,BUATAN,RIAU,502,171525,ROYAL GOLDEN EAGLE,APRIL INTERNATIONAL ENTEPRISE PTE LTD,SINGAPORE,PANTNAGAR,INDIA
2023,470329,SINAR MAS,INDAH KIAT,PERAWANG,RIAU,1200,501996,IMEXCO BACGIANG,BAC GIANG IMPORT EXPORT JOINT STOCK CO,VIETNAM,HAIPHONG,VIETNAM
2023,470329,SINAR MAS,INDAH KIAT,PERAWANG,RIAU,4500,1899000,SINAR MAS,KING PAPER SOURCE TRADING (SHANGHAI) CO LTD,CHINA (MAINLAND),QINZHOU,CHINA (MAINLAND)
2023,470200,ROYAL GOLDEN EAGLE,APRIL,BUATAN,RIAU,506,311729,ROYAL GOLDEN EAGLE,APRIL FAR EAST MALAYSIA SDN BHD,MALAYSIA,LIANYUNGANG,CHINA (MAINLAND)
2023,470329,ROYAL GOLDEN EAGLE,APRIL,FUTONG,RIAU,5828,1993067,ROYAL GOLDEN EAGLE,APRIL INTERNATIONAL ENTEPRISE PTE LTD,SINGAPORE,CHANGSHU,CHINA (MAINLAND)
2023,470200,ROYAL GOLDEN EAGLE,APRIL,FUTONG,RIAU,13205,8134228,ROYAL GOLDEN EAGLE,APRIL FAR EAST MALAYSIA SDN BHD,MALAYSIA,LIANYUNGANG,CHINA (MAINLAND)
2023,470329,ROYAL GOLDEN EAGLE,APRIL,FUTONG,RIAU,5490,1877595,ROYAL GOLDEN EAGLE,APRIL INTERNATIONAL ENTEPRISE PTE LTD,SINGAPORE,CHANGSHU,CHINA (MAINLAND)
2023,470329,SINAR MAS,INDAH KIAT,PERAWANG,RIAU,500,212150,PARTEX STAR,PARTEX PAPER MILLS LTD,BANGLADESH,CHATTOGRAM,BANGLADESH
2023,470329,ROYAL GOLDEN EAGLE,APRIL,BUATAN,RIAU,502,171517,ROYAL GOLDEN EAGLE,APRIL INTERNATIONAL ENTEPRISE PTE LTD,SINGAPORE,PANTNAGAR,INDIA
2023,470329,ROYAL GOLDEN EAGLE,APRIL,BUATAN,RIAU,503,172090,ROYAL GOLDEN EAGLE,APRIL INTERNATIONAL ENTEPRISE PTE LTD,SINGAPORE,PANTNAGAR,INDIA
2023,470200,ROYAL GOLDEN EAGLE,APRIL,FUTONG,RIAU,4070,2505586,ROYAL GOLDEN EAGLE,APRIL FAR EAST MALAYSIA SDN BHD,MALAYSIA,CHANGSHU,CHINA (MAINLAND)
2023,470200,ROYAL GOLDEN EAGLE,APRIL,FUTONG,RIAU,12893,7942107,ROYAL GOLDEN EAGLE,APRIL FAR EAST MALAYSIA SDN BHD,MALAYSIA,LIANYUNGANG,CHINA (MAINLAND)
2023,470200,ROYAL GOLDEN EAGLE,APRIL,BUATAN,RIAU,506,311796,ROYAL GOLDEN EAGLE,APRIL FAR EAST MALAYSIA SDN BHD,MALAYSIA,LIANYUNGANG,CHINA (MAINLAND)
2023,470329,ROYAL GOLDEN EAGLE,APRIL,BUATAN,RIAU,502,171852,ROYAL GOLDEN EAGLE,APRIL INTERNATIONAL ENTEPRISE PTE LTD,SINGAPORE,PANTNAGAR,INDIA
2023,470329,ROYAL GOLDEN EAGLE,APRIL,BUATAN,RIAU,241,82430,ROYAL GOLDEN EAGLE,APRIL INTERNATIONAL ENTEPRISE PTE LTD,SINGAPORE,CHATTOGRAM,BANGLADESH
2023,470200,ROYAL GOLDEN EAGLE,APRIL,BUATAN,RIAU,486,300718,ROYAL GOLDEN EAGLE,APRIL FAR EAST MALAYSIA SDN BHD,MALAYSIA,FUZHOU,CHINA (MAINLAND)
2023,470329,ROYAL GOLDEN EAGLE,APRIL,BUATAN,RIAU,502,171843,ROYAL GOLDEN EAGLE,APRIL INTERNATIONAL ENTEPRISE PTE LTD,SINGAPORE,PANTNAGAR,INDIA
2023,470329,MARUBENI,TANJUNG ENIM LESTARI,PANJANG,SUMATERA SELATAN,987,396582,MARUBENI,MARUBENI CORP,JAPAN,YIBIN,CHINA (MAINLAND)
2023,470329,MARUBENI,TANJUNG ENIM LESTARI,PANJANG,SUMATERA SELATAN,193,98947,MARUBENI,MARUBENI CORP,JAPAN,CHATTOGRAM,BANGLADESH
2023,470200,ROYAL GOLDEN EAGLE,APRIL,BUATAN,RIAU,506,311933,ROYAL GOLDEN EAGLE,APRIL FAR EAST MALAYSIA SDN BHD,MALAYSIA,JIUJIANG,CHINA (MAINLAND)
2023,470329,SINAR MAS,INDAH KIAT,PERAWANG,RIAU,500,212150,CREATIVE,CREATIVE PAPER MILLS LTD,BANGLADESH,CHATTOGRAM,BANGLADESH
2023,470200,ROYAL GOLDEN EAGLE,APRIL,BUATAN,RIAU,506,311870,ROYAL GOLDEN EAGLE,APRIL FAR EAST MALAYSIA SDN BHD,MALAYSIA,LIANYUNGANG,CHINA (MAINLAND)
2023,470329,SINAR MAS,INDAH KIAT,PERAWANG,RIAU,500,214700,UNKNOWN AFFILIATION,REGENT EXIM INTERNATIONAL LTD,INDIA,MUNDRA,INDIA
2023,470329,ROYAL GOLDEN EAGLE,APRIL,BUATAN,RIAU,502,171570,ROYAL GOLDEN EAGLE,APRIL INTERNATIONAL ENTEPRISE PTE LTD,SINGAPORE,PANTNAGAR,INDIA
2023,470329,ROYAL GOLDEN EAGLE,APRIL,FUTONG,RIAU,3398,1162069,ROYAL GOLDEN EAGLE,APRIL INTERNATIONAL ENTEPRISE PTE LTD,SINGAPORE,PYONGTAEK,SOUTH KOREA
2023,470329,MARUBENI,TANJUNG ENIM LESTARI,PANJANG,SUMATERA SELATAN,492,234393,MARUBENI,MARUBENI CORP,JAPAN,XINHUI,CHINA (MAINLAND)
2023,470200,ROYAL GOLDEN EAGLE,APRIL,BUATAN,RIAU,304,188008,ROYAL GOLDEN EAGLE,APRIL FAR EAST MALAYSIA SDN BHD,MALAYSIA,FUZHOU,CHINA (MAINLAND)
2023,470329,ROYAL GOLDEN EAGLE,APRIL,BUATAN,RIAU,1004,343344,ROYAL GOLDEN EAGLE,APRIL INTERNATIONAL ENTEPRISE PTE LTD,SINGAPORE,HAIPHONG,VIETNAM
2023,470200,ROYAL GOLDEN EAGLE,APRIL,BUATAN,RIAU,506,311921,ROYAL GOLDEN EAGLE,APRIL FAR EAST MALAYSIA SDN BHD,MALAYSIA,JIUJIANG,CHINA (MAINLAND)
2023,470329,SINAR MAS,INDAH KIAT,PERAWANG,RIAU,500,212150,CREATIVE,CREATIVE PAPER MILLS LTD,BANGLADESH,CHATTOGRAM,BANGLADESH
2023,470329,SINAR MAS,OKI,SULTAN MAHMUD BADARUDDIN (U),SUMATERA SELATAN,2148,891420,EUROPORTS,EUROPORTS LOJISTIK AS,TURKEY,IZMIT,TURKEY
2023,470200,ROYAL GOLDEN EAGLE,APRIL,BUATAN,RIAU,506,311752,ROYAL GOLDEN EAGLE,APRIL FAR EAST MALAYSIA SDN BHD,MALAYSIA,JIUJIANG,CHINA (MAINLAND)
2023,470329,SINAR MAS,LONTAR PAPYRUS,KUALA TUNGKAL,JAMBI,6022,2478471,SINAR MAS,TAMIL NADU NEWSPRINT AND PAPERS LTD,INDIA,KARAIKAL,INDIA
2023,470329,ROYAL GOLDEN EAGLE,APRIL,FUTONG,RIAU,4721,1614523,ROYAL GOLDEN EAGLE,APRIL INTERNATIONAL ENTEPRISE PTE LTD,SINGAPORE,GUNSAN (ES KUNSAN),SOUTH KOREA
2023,470200,ROYAL GOLDEN EAGLE,APRIL,BUATAN,RIAU,507,312200,ROYAL GOLDEN EAGLE,APRIL FAR EAST MALAYSIA SDN BHD,MALAYSIA,JIUJIANG,CHINA (MAINLAND)
2023,470200,ROYAL GOLDEN EAGLE,APRIL,BUATAN,RIAU,506,311552,ROYAL GOLDEN EAGLE,APRIL FAR EAST MALAYSIA SDN BHD,MALAYSIA,JIUJIANG,CHINA (MAINLAND)
2023,470329,MARUBENI,TANJUNG ENIM LESTARI,PANJANG,SUMATERA SELATAN,491,237581,MARUBENI,MARUBENI CORP,JAPAN,NINGBO,CHINA (MAINLAND)
2023,470329,ROYAL GOLDEN EAGLE,APRIL,BUATAN,RIAU,502,171665,ROYAL GOLDEN EAGLE,APRIL INTERNATIONAL ENTEPRISE PTE LTD,SINGAPORE,PANTNAGAR,INDIA
2023,470329,MARUBENI,TANJUNG ENIM LESTARI,PANJANG,SUMATERA SELATAN,107,46948,MARUBENI,MARUBENI CORP,JAPAN,SONEPAT,INDIA
2023,470200,ROYAL GOLDEN EAGLE,APRIL,FUTONG,RIAU,507,312032,ROYAL GOLDEN EAGLE,APRIL FAR EAST MALAYSIA SDN BHD,MALAYSIA,JIUJIANG,CHINA (MAINLAND)
2023,470329,SINAR MAS,OKI,SULTAN MAHMUD BADARUDDIN (U),SUMATERA SELATAN,5100,3294600,SINAR MAS,KING PAPER SOURCE TRADING (SHANGHAI) CO LTD,CHINA (MAINLAND),NINGBO,CHINA (MAINLAND)
2023,470329,SINAR MAS,OKI,SULTAN MAHMUD BADARUDDIN (U),SUMATERA SELATAN,4800,2037600,SINAR MAS,SHANDONG BOHUI PAPER INDUSTRY CO LTD,CHINA (MAINLAND),QINGDAO,CHINA (MAINLAND)
2023,470329,SINAR MAS,OKI,SULTAN MAHMUD BADARUDDIN (U),SUMATERA SELATAN,2700,1744200,SINAR MAS,KING PAPER SOURCE TRADING (SHANGHAI) CO LTD,CHINA (MAINLAND),NINGBO,CHINA (MAINLAND)
2023,470329,SINAR MAS,OKI,SULTAN MAHMUD BADARUDDIN (U),SUMATERA SELATAN,200,129200,SINAR MAS,KING PAPER SOURCE TRADING (SHANGHAI) CO LTD,CHINA (MAINLAND),NINGBO,CHINA (MAINLAND)
2023,470329,SINAR MAS,INDAH KIAT,PERAWANG,RIAU,300,124268,BATAAN,BATAAN 2020 INC,PHILIPPINES,MANILA NORTH HARBOUR,PHILIPPINES
2023,470200,ROYAL GOLDEN EAGLE,APRIL,FUTONG,RIAU,1012,623558,ROYAL GOLDEN EAGLE,APRIL FAR EAST MALAYSIA SDN BHD,MALAYSIA,JIUJIANG,CHINA (MAINLAND)
2023,470200,ROYAL GOLDEN EAGLE,APRIL,FUTONG,RIAU,506,311474,ROYAL GOLDEN EAGLE,APRIL FAR EAST MALAYSIA SDN BHD,MALAYSIA,JIUJIANG,CHINA (MAINLAND)
2023,470329,MARUBENI,TANJUNG ENIM LESTARI,PANJANG,SUMATERA SELATAN,192,98716,MARUBENI,MARUBENI CORP,JAPAN,CHATTOGRAM,BANGLADESH
2023,470329,SINAR MAS,OKI,SULTAN MAHMUD BADARUDDIN (U),SUMATERA SELATAN,4000,1704000,SINAR MAS,KING PAPER SOURCE TRADING (SHANGHAI) CO LTD,CHINA (MAINLAND),NINGBO,CHINA (MAINLAND)
2023,470329,SINAR MAS,OKI,SULTAN MAHMUD BADARUDDIN (U),SUMATERA SELATAN,5000,2108767,UNKNOWN AFFILIATION,CHONGQING BAIJUN SUPPLY CHAIN SERVICE CO LTD,CHINA (MAINLAND),BAYUQUAN,CHINA (MAINLAND)
2023,470329,MARUBENI,TANJUNG ENIM LESTARI,PANJANG,SUMATERA SELATAN,981,463973,MARUBENI,MARUBENI CORP,JAPAN,WUHAN,CHINA (MAINLAND)
2023,470329,MARUBENI,TANJUNG ENIM LESTARI,PANJANG,SUMATERA SELATAN,385,171218,MARUBENI,MARUBENI CORP,JAPAN,CAT LAI,VIETNAM
2023,470200,ROYAL GOLDEN EAGLE,APRIL,FUTONG,RIAU,1013,623900,ROYAL GOLDEN EAGLE,APRIL FAR EAST MALAYSIA SDN BHD,MALAYSIA,JIUJIANG,CHINA (MAINLAND)
2023,470329,MARUBENI,TANJUNG ENIM LESTARI,PANJANG,SUMATERA SELATAN,258,112146,MARUBENI,MARUBENI CORP,JAPAN,MORADABAD,INDIA
2023,470329,SINAR MAS,INDAH KIAT,PERAWANG,RIAU,500,203225,ITC,ITC LTD - PAPERBOARDS & SPECIALTY PAPERS DIVSION,INDIA,HALDIA,INDIA
2023,470329,SINAR MAS,INDAH KIAT,PERAWANG,RIAU,500,203225,ITC,ITC LTD - PAPERBOARDS & SPECIALTY PAPERS DIVSION,INDIA,HALDIA,INDIA
2023,470329,ROYAL GOLDEN EAGLE,APRIL,BUATAN,RIAU,503,171867,ROYAL GOLDEN EAGLE,APRIL INTERNATIONAL ENTEPRISE PTE LTD,SINGAPORE,SAHNEWAL,INDIA
2023,470329,ROYAL GOLDEN EAGLE,APRIL,BUATAN,RIAU,502,171729,ROYAL GOLDEN EAGLE,APRIL INTERNATIONAL ENTEPRISE PTE LTD,SINGAPORE,CHATTOGRAM,BANGLADESH
2023,470200,ROYAL GOLDEN EAGLE,APRIL,FUTONG,RIAU,507,312542,ROYAL GOLDEN EAGLE,APRIL FAR EAST MALAYSIA SDN BHD,MALAYSIA,JIUJIANG,CHINA (MAINLAND)
2023,470329,SINAR MAS,OKI,SULTAN MAHMUD BADARUDDIN (U),SUMATERA SELATAN,3700,2129350,SINAR MAS,SHANDONG BOHUI PAPER INDUSTRY CO LTD,CHINA (MAINLAND),QINGDAO,CHINA (MAINLAND)
2023,470200,ROYAL GOLDEN EAGLE,APRIL,BUATAN,RIAU,506,311609,ROYAL GOLDEN EAGLE,APRIL FAR EAST MALAYSIA SDN BHD,MALAYSIA,JIUJIANG,CHINA (MAINLAND)
2023,470329,ROYAL GOLDEN EAGLE,APRIL,BUATAN,RIAU,301,102918,ROYAL GOLDEN EAGLE,APRIL INTERNATIONAL ENTEPRISE PTE LTD,SINGAPORE,PIPAVAV (VICTOR) PORT,INDIA
2023,470200,ROYAL GOLDEN EAGLE,APRIL,BUATAN,RIAU,506,311657,ROYAL GOLDEN EAGLE,APRIL FAR EAST MALAYSIA SDN BHD,MALAYSIA,JIUJIANG,CHINA (MAINLAND)
2023,470329,ROYAL GOLDEN EAGLE,APRIL,BUATAN,RIAU,321,109923,ROYAL GOLDEN EAGLE,APRIL INTERNATIONAL ENTEPRISE PTE LTD,SINGAPORE,PIPAVAV (VICTOR) PORT,INDIA
2023,470329,ROYAL GOLDEN EAGLE,APRIL,BUATAN,RIAU,120,41149,ROYAL GOLDEN EAGLE,APRIL INTERNATIONAL ENTEPRISE PTE LTD,SINGAPORE,CHATTOGRAM,BANGLADESH
2023,470329,ROYAL GOLDEN EAGLE,APRIL,BUATAN,RIAU,504,172290,ROYAL GOLDEN EAGLE,APRIL INTERNATIONAL ENTEPRISE PTE LTD,SINGAPORE,#N/A,INDIA
2023,470329,ROYAL GOLDEN EAGLE,APRIL,BUATAN,RIAU,301,102942,ROYAL GOLDEN EAGLE,APRIL INTERNATIONAL ENTEPRISE PTE LTD,SINGAPORE,PIPAVAV (VICTOR) PORT,INDIA
2023,470200,ROYAL GOLDEN EAGLE,APRIL,FUTONG,RIAU,506,311952,ROYAL GOLDEN EAGLE,APRIL FAR EAST MALAYSIA SDN BHD,MALAYSIA,LIANYUNGANG,CHINA (MAINLAND)
2023,470329,MARUBENI,TANJUNG ENIM LESTARI,PANJANG,SUMATERA SELATAN,493,233638,MARUBENI,MARUBENI CORP,JAPAN,TAOYUAN,TAIWAN
2023,470200,ROYAL GOLDEN EAGLE,APRIL,FUTONG,RIAU,507,312194,ROYAL GOLDEN EAGLE,APRIL FAR EAST MALAYSIA SDN BHD,MALAYSIA,LIANYUNGANG,CHINA (MAINLAND)
2023,470329,MARUBENI,TANJUNG ENIM LESTARI,PANJANG,SUMATERA SELATAN,389,171874,MARUBENI,MARUBENI CORP,JAPAN,PENANG (GEORGETOWN),MALAYSIA
2023,470329,SINAR MAS,OKI,SULTAN MAHMUD BADARUDDIN (U),SUMATERA SELATAN,1300,555750,SINAR MAS,KING PAPER SOURCE TRADING (SHANGHAI) CO LTD,CHINA (MAINLAND),CHANGSHU,CHINA (MAINLAND)
2023,470329,ROYAL GOLDEN EAGLE,APRIL,BUATAN,RIAU,201,68673,ROYAL GOLDEN EAGLE,APRIL INTERNATIONAL ENTEPRISE PTE LTD,SINGAPORE,ICD MIHAN,INDIA
2023,470329,SINAR MAS,INDAH KIAT,PERAWANG,RIAU,500,283687,XSD INTERNATIONAL,XSD INTERNATIONAL PAPER SDN BHD,MALAYSIA,PENANG (GEORGETOWN),MALAYSIA
2023,470329,SINAR MAS,INDAH KIAT,PERAWANG,RIAU,600,248130,UNKNOWN AFFILIATION,THAI PAPER CO LTD,THAILAND,LAT KRABANG,THAILAND
2023,470329,SINAR MAS,INDAH KIAT,PERAWANG,RIAU,240,100253,UNKNOWN AFFILIATION,PAPERTECH INDUSTRIES LTD,BANGLADESH,CHATTOGRAM,BANGLADESH
2023,470329,SINAR MAS,INDAH KIAT,PERAWANG,RIAU,300,127620,UNKNOWN AFFILIATION,NEW TOYO PULPPY (VIETNAM) CO LTD,VIETNAM,CAT LAI,VIETNAM
2023,470329,SINAR MAS,INDAH KIAT,PERAWANG,RIAU,480,216090,ALFARIS,ALFARIS PAPER MANUFACTURING CO,SAUDI ARABIA,JEDDAH,SAUDI ARABIA
2023,470329,SINAR MAS,OKI,SULTAN MAHMUD BADARUDDIN (U),SUMATERA SELATAN,1200,513000,SINAR MAS,JIANGSU BOHUI PAPER INDUSTRY CO LTD.,CHINA (MAINLAND),CHANGSHU,CHINA (MAINLAND)
2023,470329,SINAR MAS,OKI,SULTAN MAHMUD BADARUDDIN (U),SUMATERA SELATAN,5000,2892500,SINAR MAS,JIANGSU BOHUI PAPER INDUSTRY CO LTD.,CHINA (MAINLAND),CHANGSHU,CHINA (MAINLAND)
2023,470329,ROYAL GOLDEN EAGLE,APRIL,BUATAN,RIAU,502,171791,ROYAL GOLDEN EAGLE,APRIL INTERNATIONAL ENTEPRISE PTE LTD,SINGAPORE,HAIPHONG,VIETNAM
2023,470329,ROYAL GOLDEN EAGLE,APRIL,BUATAN,RIAU,38,13051,ROYAL GOLDEN EAGLE,APRIL INTERNATIONAL ENTEPRISE PTE LTD,SINGAPORE,JAWAHARLAL NEHRU (NHAVA S,INDIA
2023,470200,ROYAL GOLDEN EAGLE,APRIL,BUATAN,RIAU,506,311516,ROYAL GOLDEN EAGLE,APRIL FAR EAST MALAYSIA SDN BHD,MALAYSIA,JIUJIANG,CHINA (MAINLAND)
2023,470200,ROYAL GOLDEN EAGLE,APRIL,BUATAN,RIAU,505,311350,ROYAL GOLDEN EAGLE,APRIL FAR EAST MALAYSIA SDN BHD,MALAYSIA,JIUJIANG,CHINA (MAINLAND)
2023,470329,ROYAL GOLDEN EAGLE,APRIL,BUATAN,RIAU,543,185595,ROYAL GOLDEN EAGLE,APRIL INTERNATIONAL ENTEPRISE PTE LTD,SINGAPORE,CALCUTTA,INDIA
2023,470329,ROYAL GOLDEN EAGLE,APRIL,BUATAN,RIAU,503,171951,ROYAL GOLDEN EAGLE,APRIL INTERNATIONAL ENTEPRISE PTE LTD,SINGAPORE,PANTNAGAR,INDIA
2023,470329,ROYAL GOLDEN EAGLE,APRIL,BUATAN,RIAU,502,171808,ROYAL GOLDEN EAGLE,APRIL INTERNATIONAL ENTEPRISE PTE LTD,SINGAPORE,HAIPHONG,VIETNAM
2023,470329,ROYAL GOLDEN EAGLE,APRIL,FUTONG,RIAU,10051,3437371,ROYAL GOLDEN EAGLE,APRIL INTERNATIONAL ENTEPRISE PTE LTD,SINGAPORE,HALDIA,INDIA
2023,470329,ROYAL GOLDEN EAGLE,APRIL,BUATAN,RIAU,201,68662,ROYAL GOLDEN EAGLE,APRIL INTERNATIONAL ENTEPRISE PTE LTD,SINGAPORE,CHATTOGRAM,BANGLADESH
2023,470200,ROYAL GOLDEN EAGLE,APRIL,BUATAN,RIAU,202,125311,ROYAL GOLDEN EAGLE,APRIL FAR EAST MALAYSIA SDN BHD,MALAYSIA,FUZHOU,CHINA (MAINLAND)
2023,470329,SINAR MAS,OKI,SULTAN MAHMUD BADARUDDIN (U),SUMATERA SELATAN,4000,2316000,SINAR MAS,KING PAPER SOURCE TRADING (SHANGHAI) CO LTD,CHINA (MAINLAND),ZHENJIANG,CHINA (MAINLAND)
2023,470329,SINAR MAS,OKI,SULTAN MAHMUD BADARUDDIN (U),SUMATERA SELATAN,1400,599200,SINAR MAS,KING PAPER SOURCE TRADING (SHANGHAI) CO LTD,CHINA (MAINLAND),ZHENJIANG,CHINA (MAINLAND)
2023,470200,ROYAL GOLDEN EAGLE,APRIL,BUATAN,RIAU,506,313046,ROYAL GOLDEN EAGLE,APRIL FAR EAST MALAYSIA SDN BHD,MALAYSIA,JIUJIANG,CHINA (MAINLAND)
2023,470329,SINAR MAS,OKI,SULTAN MAHMUD BADARUDDIN (U),SUMATERA SELATAN,5600,2396800,SINAR MAS,KING PAPER SOURCE TRADING (SHANGHAI) CO LTD,CHINA (MAINLAND),NINGBO,CHINA (MAINLAND)
2023,470329,SINAR MAS,OKI,SULTAN MAHMUD BADARUDDIN (U),SUMATERA SELATAN,4500,1926000,SINAR MAS,KING PAPER SOURCE TRADING (SHANGHAI) CO LTD,CHINA (MAINLAND),ZHENJIANG,CHINA (MAINLAND)
2023,470329,SINAR MAS,OKI,SULTAN MAHMUD BADARUDDIN (U),SUMATERA SELATAN,4000,2592000,SINAR MAS,KING PAPER SOURCE TRADING (SHANGHAI) CO LTD,CHINA (MAINLAND),NINGBO,CHINA (MAINLAND)
2023,470329,SINAR MAS,OKI,SULTAN MAHMUD BADARUDDIN (U),SUMATERA SELATAN,1000,579000,SINAR MAS,KING PAPER SOURCE TRADING (SHANGHAI) CO LTD,CHINA (MAINLAND),NINGBO,CHINA (MAINLAND)
2023,470200,ROYAL GOLDEN EAGLE,APRIL,BUATAN,RIAU,486,300639,ROYAL GOLDEN EAGLE,APRIL FAR EAST MALAYSIA SDN BHD,MALAYSIA,FUZHOU,CHINA (MAINLAND)
2023,470329,MARUBENI,TANJUNG ENIM LESTARI,PANJANG,SUMATERA SELATAN,494,234915,MARUBENI,MARUBENI CORP,JAPAN,XINHUI,CHINA (MAINLAND)
2023,470329,SINAR MAS,OKI,SULTAN MAHMUD BADARUDDIN (U),SUMATERA SELATAN,4100,1754800,SINAR MAS,KING PAPER SOURCE TRADING (SHANGHAI) CO LTD,CHINA (MAINLAND),ZHENJIANG,CHINA (MAINLAND)
2023,470329,SINAR MAS,OKI,SULTAN MAHMUD BADARUDDIN (U),SUMATERA SELATAN,3000,1737000,SINAR MAS,KING PAPER SOURCE TRADING (SHANGHAI) CO LTD,CHINA (MAINLAND),ZHENJIANG,CHINA (MAINLAND)
2023,470329,SINAR MAS,OKI,SULTAN MAHMUD BADARUDDIN (U),SUMATERA SELATAN,400,171200,SINAR MAS,KING PAPER SOURCE TRADING (SHANGHAI) CO LTD,CHINA (MAINLAND),NINGBO,CHINA (MAINLAND)
2023,470329,SINAR MAS,INDAH KIAT,PERAWANG,RIAU,200,83151,UNKNOWN AFFILIATION,GIANG CHAU PRODUCTION & TRADING COMPANY LTD,VIETNAM,HAIPHONG,VIETNAM
2023,470329,ROYAL GOLDEN EAGLE,APRIL,BUATAN,RIAU,161,54950,ROYAL GOLDEN EAGLE,APRIL INTERNATIONAL ENTEPRISE PTE LTD,SINGAPORE,DA NANG,VIETNAM
2023,470329,ROYAL GOLDEN EAGLE,APRIL,BUATAN,RIAU,301,103104,ROYAL GOLDEN EAGLE,APRIL INTERNATIONAL ENTEPRISE PTE LTD,SINGAPORE,FUZHOU,CHINA (MAINLAND)
2023,470329,SINAR MAS,OKI,SULTAN MAHMUD BADARUDDIN (U),SUMATERA SELATAN,5000,2895000,SINAR MAS,KING PAPER SOURCE TRADING (SHANGHAI) CO LTD,CHINA (MAINLAND),NINGBO,CHINA (MAINLAND)
2023,470329,SINAR MAS,INDAH KIAT,PERAWANG,RIAU,4500,1905750,SINAR MAS,KING PAPER SOURCE TRADING (SHANGHAI) CO LTD,CHINA (MAINLAND),QINZHOU,CHINA (MAINLAND)
2023,470329,SINAR MAS,OKI,SULTAN MAHMUD BADARUDDIN (U),SUMATERA SELATAN,2500,1070000,SINAR MAS,KING PAPER SOURCE TRADING (SHANGHAI) CO LTD,CHINA (MAINLAND),ZHENJIANG,CHINA (MAINLAND)
2023,470329,SINAR MAS,INDAH KIAT,PERAWANG,RIAU,5300,3044850,SINAR MAS,KING PAPER SOURCE TRADING (SHANGHAI) CO LTD,CHINA (MAINLAND),QINZHOU,CHINA (MAINLAND)
2023,470200,ROYAL GOLDEN EAGLE,APRIL,BUATAN,RIAU,506,312930,ROYAL GOLDEN EAGLE,APRIL FAR EAST MALAYSIA SDN BHD,MALAYSIA,JIUJIANG,CHINA (MAINLAND)
2023,470329,SINAR MAS,OKI,SULTAN MAHMUD BADARUDDIN (U),SUMATERA SELATAN,5500,3184500,SINAR MAS,KING PAPER SOURCE TRADING (SHANGHAI) CO LTD,CHINA (MAINLAND),ZHENJIANG,CHINA (MAINLAND)
2023,470329,SINAR MAS,OKI,SULTAN MAHMUD BADARUDDIN (U),SUMATERA SELATAN,5000,2140000,SINAR MAS,KING PAPER SOURCE TRADING (SHANGHAI) CO LTD,CHINA (MAINLAND),NINGBO,CHINA (MAINLAND)
2023,470329,SINAR MAS,OKI,SULTAN MAHMUD BADARUDDIN (U),SUMATERA SELATAN,2000,1296000,SINAR MAS,KING PAPER SOURCE TRADING (SHANGHAI) CO LTD,CHINA (MAINLAND),ZHENJIANG,CHINA (MAINLAND)
2023,470329,SINAR MAS,OKI,SULTAN MAHMUD BADARUDDIN (U),SUMATERA SELATAN,2000,1158000,SINAR MAS,KING PAPER SOURCE TRADING (SHANGHAI) CO LTD,CHINA (MAINLAND),NINGBO,CHINA (MAINLAND)
2023,470329,ROYAL GOLDEN EAGLE,APRIL,BUATAN,RIAU,506,173091,ROYAL GOLDEN EAGLE,APRIL INTERNATIONAL ENTEPRISE PTE LTD,SINGAPORE,TAICHUNG,TAIWAN
2023,470329,ROYAL GOLDEN EAGLE,APRIL,BUATAN,RIAU,502,193219,ROYAL GOLDEN EAGLE,APRIL INTERNATIONAL ENTEPRISE PTE LTD,SINGAPORE,PAT BANGKOK,THAILAND
2023,470329,SINAR MAS,INDAH KIAT,PERAWANG,RIAU,260,108607,UNKNOWN AFFILIATION,PAPERTECH INDUSTRIES LTD,BANGLADESH,CHATTOGRAM,BANGLADESH
2023,470329,MARUBENI,TANJUNG ENIM LESTARI,TARAHAN,SUMATERA SELATAN,1573,619584,MARUBENI,MARUBENI CORP,JAPAN,QINGDAO,CHINA (MAINLAND)
2023,470329,MARUBENI,TANJUNG ENIM LESTARI,TARAHAN,SUMATERA SELATAN,2098,829632,MARUBENI,MARUBENI CORP,JAPAN,QINGDAO,CHINA (MAINLAND)
2023,470329,MARUBENI,TANJUNG ENIM LESTARI,TARAHAN,SUMATERA SELATAN,1049,414812,MARUBENI,MARUBENI CORP,JAPAN,QINGDAO,CHINA (MAINLAND)
2023,470329,ROYAL GOLDEN EAGLE,APRIL,BUATAN,RIAU,322,110015,ROYAL GOLDEN EAGLE,APRIL INTERNATIONAL ENTEPRISE PTE LTD,SINGAPORE,PIPAVAV (VICTOR) PORT,INDIA
2023,470329,MARUBENI,TANJUNG ENIM LESTARI,TARAHAN,SUMATERA SELATAN,3148,1245027,MARUBENI,MARUBENI CORP,JAPAN,QINGDAO,CHINA (MAINLAND)
2023,470329,SINAR MAS,INDAH KIAT,PERAWANG,RIAU,40,17592,UNKNOWN AFFILIATION,BUYERS CHOICE TRADING COMPANY LTD,MYANMAR,YANGON,MYANMAR
2023,470200,ROYAL GOLDEN EAGLE,APRIL,BUATAN,RIAU,506,313248,ROYAL GOLDEN EAGLE,APRIL FAR EAST MALAYSIA SDN BHD,MALAYSIA,JIUJIANG,CHINA (MAINLAND)
2023,470329,SINAR MAS,INDAH KIAT,PERAWANG,RIAU,500,209136,UNKNOWN AFFILIATION,XUAN MAI PAPER COMPANY LTD,VIETNAM,CAT LAI,VIETNAM
2023,470329,MARUBENI,TANJUNG ENIM LESTARI,TARAHAN,SUMATERA SELATAN,1574,621859,MARUBENI,MARUBENI CORP,JAPAN,QINGDAO,CHINA (MAINLAND)
2023,470329,ROYAL GOLDEN EAGLE,APRIL,BUATAN,RIAU,201,68752,ROYAL GOLDEN EAGLE,APRIL INTERNATIONAL ENTEPRISE PTE LTD,SINGAPORE,CAT LAI,VIETNAM
2023,470329,SINAR MAS,INDAH KIAT,PERAWANG,RIAU,300,127620,UNKNOWN AFFILIATION,NEW TOYO PULPPY (VIETNAM) CO LTD,VIETNAM,CAT LAI,VIETNAM
2023,470329,MARUBENI,TANJUNG ENIM LESTARI,TARAHAN,SUMATERA SELATAN,1049,414934,MARUBENI,MARUBENI CORP,JAPAN,QINGDAO,CHINA (MAINLAND)
2023,470329,SINAR MAS,INDAH KIAT,PERAWANG,RIAU,60,26388,UNKNOWN AFFILIATION,BUYERS CHOICE TRADING COMPANY LTD,MYANMAR,YANGON,MYANMAR
2023,470329,ROYAL GOLDEN EAGLE,APRIL,BUATAN,RIAU,703,270585,ROYAL GOLDEN EAGLE,APRIL INTERNATIONAL ENTEPRISE PTE LTD,SINGAPORE,SAMALKHA,INDIA
2023,470329,ROYAL GOLDEN EAGLE,APRIL,BUATAN,RIAU,502,171593,ROYAL GOLDEN EAGLE,APRIL INTERNATIONAL ENTEPRISE PTE LTD,SINGAPORE,CHAWAPAYAL,INDIA
2023,470329,ROYAL GOLDEN EAGLE,APRIL,BUATAN,RIAU,1005,343650,ROYAL GOLDEN EAGLE,APRIL INTERNATIONAL ENTEPRISE PTE LTD,SINGAPORE,JAWAHARLAL NEHRU (NHAVA S,INDIA
2023,470329,ROYAL GOLDEN EAGLE,APRIL,BUATAN,RIAU,402,137537,ROYAL GOLDEN EAGLE,APRIL INTERNATIONAL ENTEPRISE PTE LTD,SINGAPORE,KATHUWAS ICD/ALWAR,INDIA
2023,470200,ROYAL GOLDEN EAGLE,APRIL,BUATAN,RIAU,505,310946,ROYAL GOLDEN EAGLE,APRIL FAR EAST MALAYSIA SDN BHD,MALAYSIA,JIUJIANG,CHINA (MAINLAND)
2023,470329,ROYAL GOLDEN EAGLE,APRIL,BUATAN,RIAU,321,109942,ROYAL GOLDEN EAGLE,APRIL INTERNATIONAL ENTEPRISE PTE LTD,SINGAPORE,PIPAVAV (VICTOR) PORT,INDIA
2023,470329,ROYAL GOLDEN EAGLE,APRIL,BUATAN,RIAU,321,109740,ROYAL GOLDEN EAGLE,APRIL INTERNATIONAL ENTEPRISE PTE LTD,SINGAPORE,PIPAVAV (VICTOR) PORT,INDIA
2023,470329,ROYAL GOLDEN EAGLE,APRIL,BUATAN,RIAU,321,109825,ROYAL GOLDEN EAGLE,APRIL INTERNATIONAL ENTEPRISE PTE LTD,SINGAPORE,PIPAVAV (VICTOR) PORT,INDIA
2023,470200,ROYAL GOLDEN EAGLE,APRIL,BUATAN,RIAU,1012,626578,ROYAL GOLDEN EAGLE,APRIL FAR EAST MALAYSIA SDN BHD,MALAYSIA,JIUJIANG,CHINA (MAINLAND)
2023,470329,ROYAL GOLDEN EAGLE,APRIL,BUATAN,RIAU,40,13739,ROYAL GOLDEN EAGLE,APRIL INTERNATIONAL ENTEPRISE PTE LTD,SINGAPORE,MUNDRA,INDIA
2023,470329,SINAR MAS,INDAH KIAT,PERAWANG,RIAU,500,286024,UNKNOWN AFFILIATION,TRUONG XUAN PAPER JOINT STOCK CO,VIETNAM,HAIPHONG,VIETNAM
2023,470329,MARUBENI,TANJUNG ENIM LESTARI,PANJANG,SUMATERA SELATAN,302,122981,MARUBENI,MARUBENI CORP,JAPAN,NINGBO,CHINA (MAINLAND)
2023,470329,ROYAL GOLDEN EAGLE,APRIL,BUATAN,RIAU,1205,412013,ROYAL GOLDEN EAGLE,APRIL INTERNATIONAL ENTEPRISE PTE LTD,SINGAPORE,HAIPHONG,VIETNAM
2023,470329,ROYAL GOLDEN EAGLE,APRIL,FUTONG,RIAU,6218,2135276,ROYAL GOLDEN EAGLE,APRIL INTERNATIONAL ENTEPRISE PTE LTD,SINGAPORE,CHANGSHU,CHINA (MAINLAND)
2023,470200,ROYAL GOLDEN EAGLE,APRIL,FUTONG,RIAU,8624,5312114,ROYAL GOLDEN EAGLE,APRIL FAR EAST MALAYSIA SDN BHD,MALAYSIA,CHANGSHU,CHINA (MAINLAND)
2023,470329,SINAR MAS,OKI,SULTAN MAHMUD BADARUDDIN (U),SUMATERA SELATAN,2000,1156538,XIANMEN C&D,HONG KONG PAPER SOURCES CO LTD,CHINA (HONG KONG),CHANGSHU,CHINA (MAINLAND)
2023,470329,ROYAL GOLDEN EAGLE,APRIL,BUATAN,RIAU,497,169849,ROYAL GOLDEN EAGLE,APRIL INTERNATIONAL ENTEPRISE PTE LTD,SINGAPORE,CAT LAI,VIETNAM
2023,470329,ROYAL GOLDEN EAGLE,APRIL,BUATAN,RIAU,502,193181,ROYAL GOLDEN EAGLE,APRIL INTERNATIONAL ENTEPRISE PTE LTD,SINGAPORE,PAT BANGKOK,THAILAND
2023,470329,ROYAL GOLDEN EAGLE,APRIL,FUTONG,RIAU,5722,2347296,ROYAL GOLDEN EAGLE,APRIL FAR EAST MALAYSIA SDN BHD,MALAYSIA,NANSHA,CHINA (MAINLAND)
2023,470329,ROYAL GOLDEN EAGLE,APRIL,FUTONG,RIAU,8135,2782066,ROYAL GOLDEN EAGLE,APRIL FAR EAST MALAYSIA SDN BHD,MALAYSIA,NANSHA,CHINA (MAINLAND)
2023,470200,ROYAL GOLDEN EAGLE,APRIL,FUTONG,RIAU,12649,7791557,ROYAL GOLDEN EAGLE,APRIL FAR EAST MALAYSIA SDN BHD,MALAYSIA,CHANGSHU,CHINA (MAINLAND)
2023,470329,SINAR MAS,OKI,SULTAN MAHMUD BADARUDDIN (U),SUMATERA SELATAN,1000,577000,SINAR MAS,KING PAPER SOURCE TRADING (SHANGHAI) CO LTD,CHINA (MAINLAND),CHANGSHU,CHINA (MAINLAND)
2023,470329,SINAR MAS,OKI,SULTAN MAHMUD BADARUDDIN (U),SUMATERA SELATAN,5000,2885000,SINAR MAS,KING PAPER SOURCE TRADING (SHANGHAI) CO LTD,CHINA (MAINLAND),CHANGSHU,CHINA (MAINLAND)
2023,470329,SINAR MAS,OKI,SULTAN MAHMUD BADARUDDIN (U),SUMATERA SELATAN,2000,1156538,XIANMEN C&D,HONG KONG PAPER SOURCES CO LTD,CHINA (HONG KONG),CHANGSHU,CHINA (MAINLAND)
2023,470329,ROYAL GOLDEN EAGLE,APRIL,BUATAN,RIAU,1005,343624,ROYAL GOLDEN EAGLE,APRIL INTERNATIONAL ENTEPRISE PTE LTD,SINGAPORE,CHATTOGRAM,BANGLADESH
2023,470329,MARUBENI,TANJUNG ENIM LESTARI,PANJANG,SUMATERA SELATAN,59,29662,MARUBENI,MARUBENI CORP,JAPAN,KITAKYUSHU- MOJI,JAPAN
2023,470329,SINAR MAS,OKI,SULTAN MAHMUD BADARUDDIN (U),SUMATERA SELATAN,2000,1156538,XIANMEN C&D,HONG KONG PAPER SOURCES CO LTD,CHINA (HONG KONG),CHANGSHU,CHINA (MAINLAND)
2023,470200,ROYAL GOLDEN EAGLE,APRIL,FUTONG,RIAU,1014,627542,ROYAL GOLDEN EAGLE,APRIL FAR EAST MALAYSIA SDN BHD,MALAYSIA,LIANYUNGANG,CHINA (MAINLAND)
2023,470329,SINAR MAS,OKI,SULTAN MAHMUD BADARUDDIN (U),SUMATERA SELATAN,9500,5493557,XIANMEN C&D,HONG KONG PAPER SOURCES CO LTD,CHINA (HONG KONG),CHANGSHU,CHINA (MAINLAND)
2023,470329,SINAR MAS,OKI,SULTAN MAHMUD BADARUDDIN (U),SUMATERA SELATAN,500,289135,XIANMEN C&D,HONG KONG PAPER SOURCES CO LTD,CHINA (HONG KONG),CHANGSHU,CHINA (MAINLAND)
2023,470329,SINAR MAS,OKI,SULTAN MAHMUD BADARUDDIN (U),SUMATERA SELATAN,1000,578269,XIANMEN C&D,HONG KONG PAPER SOURCES CO LTD,CHINA (HONG KONG),CHANGSHU,CHINA (MAINLAND)
2023,470329,SINAR MAS,OKI,SULTAN MAHMUD BADARUDDIN (U),SUMATERA SELATAN,500,289135,XIANMEN C&D,HONG KONG PAPER SOURCES CO LTD,CHINA (HONG KONG),CHANGSHU,CHINA (MAINLAND)
2023,470329,ROYAL GOLDEN EAGLE,APRIL,BUATAN,RIAU,1004,343292,ROYAL GOLDEN EAGLE,APRIL INTERNATIONAL ENTEPRISE PTE LTD,SINGAPORE,CAT LAI,VIETNAM
2023,470200,ROYAL GOLDEN EAGLE,APRIL,FUTONG,RIAU,507,313610,ROYAL GOLDEN EAGLE,APRIL FAR EAST MALAYSIA SDN BHD,MALAYSIA,JIUJIANG,CHINA (MAINLAND)
2023,470200,ROYAL GOLDEN EAGLE,APRIL,FUTONG,RIAU,506,311753,ROYAL GOLDEN EAGLE,APRIL FAR EAST MALAYSIA SDN BHD,MALAYSIA,JIUJIANG,CHINA (MAINLAND)
2023,470200,ROYAL GOLDEN EAGLE,APRIL,FUTONG,RIAU,506,311603,ROYAL GOLDEN EAGLE,APRIL FAR EAST MALAYSIA SDN BHD,MALAYSIA,LIANYUNGANG,CHINA (MAINLAND)
2023,470329,SINAR MAS,OKI,SULTAN MAHMUD BADARUDDIN (U),SUMATERA SELATAN,5300,2257800,SINAR MAS,KING PAPER SOURCE TRADING (SHANGHAI) CO LTD,CHINA (MAINLAND),CHANGSHU,CHINA (MAINLAND)
2023,470329,SINAR MAS,OKI,SULTAN MAHMUD BADARUDDIN (U),SUMATERA SELATAN,9500,5493557,XIANMEN C&D,HONG KONG PAPER SOURCES CO LTD,CHINA (HONG KONG),CHANGSHU,CHINA (MAINLAND)
2023,470329,MARUBENI,TANJUNG ENIM LESTARI,PANJANG,SUMATERA SELATAN,59,29437,MARUBENI,MARUBENI CORP,JAPAN,SHIMIZU,JAPAN
2023,470329,ROYAL GOLDEN EAGLE,APRIL,BUATAN,RIAU,503,193485,ROYAL GOLDEN EAGLE,APRIL INTERNATIONAL ENTEPRISE PTE LTD,SINGAPORE,XINGANG,CHINA (MAINLAND)
2023,470200,ROYAL GOLDEN EAGLE,APRIL,FUTONG,RIAU,506,313364,ROYAL GOLDEN EAGLE,APRIL FAR EAST MALAYSIA SDN BHD,MALAYSIA,LIANYUNGANG,CHINA (MAINLAND)
2023,440122,ROYAL GOLDEN EAGLE,BALIKPAPAN CHIP LESTARI,BALIKPAPAN,KALIMANTAN TIMUR,12985,1765960,ROYAL GOLDEN EAGLE,ASIA SYMBOL (SHANDONG) PULP AND PAPER,CHINA (MAINLAND),RIZHAO,CHINA (MAINLAND)
2023,470329,SINAR MAS,INDAH KIAT,PERAWANG,RIAU,480,321690,ALFARIS,ALFARIS PAPER MANUFACTURING CO,SAUDI ARABIA,JEDDAH,SAUDI ARABIA
2023,470200,ROYAL GOLDEN EAGLE,APRIL,FUTONG,RIAU,506,311824,ROYAL GOLDEN EAGLE,APRIL FAR EAST MALAYSIA SDN BHD,MALAYSIA,LIANYUNGANG,CHINA (MAINLAND)
2023,470329,SINAR MAS,OKI,SULTAN MAHMUD BADARUDDIN (U),SUMATERA SELATAN,4600,2650838,XIANMEN C&D,HONG KONG PAPER SOURCES CO LTD,CHINA (HONG KONG),CHANGSHU,CHINA (MAINLAND)
2023,470329,SINAR MAS,INDAH KIAT,PERAWANG,RIAU,500,298344,UNKNOWN AFFILIATION,NITOL CURTIS PAPER MILLS LTD,BANGLADESH,CHATTOGRAM,BANGLADESH
2023,470329,SINAR MAS,OKI,SULTAN MAHMUD BADARUDDIN (U),SUMATERA SELATAN,4000,1706000,SINAR MAS,KING PAPER SOURCE TRADING (SHANGHAI) CO LTD,CHINA (MAINLAND),SHANGHAI,CHINA (MAINLAND)
2023,470329,SINAR MAS,OKI,SULTAN MAHMUD BADARUDDIN (U),SUMATERA SELATAN,2700,1150200,SINAR MAS,KING PAPER SOURCE TRADING (SHANGHAI) CO LTD,CHINA (MAINLAND),CHANGSHU,CHINA (MAINLAND)
2023,470329,SINAR MAS,OKI,SULTAN MAHMUD BADARUDDIN (U),SUMATERA SELATAN,2000,853000,SINAR MAS,KING PAPER SOURCE TRADING (SHANGHAI) CO LTD,CHINA (MAINLAND),SHANGHAI,CHINA (MAINLAND)
2023,470329,SINAR MAS,OKI,SULTAN MAHMUD BADARUDDIN (U),SUMATERA SELATAN,1700,724200,SINAR MAS,KING PAPER SOURCE TRADING (SHANGHAI) CO LTD,CHINA (MAINLAND),CHANGSHU,CHINA (MAINLAND)
2023,470200,ROYAL GOLDEN EAGLE,APRIL,FUTONG,RIAU,1012,623276,ROYAL GOLDEN EAGLE,APRIL FAR EAST MALAYSIA SDN BHD,MALAYSIA,JIUJIANG,CHINA (MAINLAND)
2023,470200,ROYAL GOLDEN EAGLE,APRIL,BUATAN,RIAU,507,313714,ROYAL GOLDEN EAGLE,APRIL FAR EAST MALAYSIA SDN BHD,MALAYSIA,LIANYUNGANG,CHINA (MAINLAND)
2023,470200,ROYAL GOLDEN EAGLE,APRIL,BUATAN,RIAU,811,501700,ROYAL GOLDEN EAGLE,APRIL FAR EAST MALAYSIA SDN BHD,MALAYSIA,FUZHOU,CHINA (MAINLAND)
2023,470329,SINAR MAS,OKI,SULTAN MAHMUD BADARUDDIN (U),SUMATERA SELATAN,8000,3412000,SINAR MAS,KING PAPER SOURCE TRADING (SHANGHAI) CO LTD,CHINA (MAINLAND),SHANGHAI,CHINA (MAINLAND)
2023,470329,SINAR MAS,OKI,SULTAN MAHMUD BADARUDDIN (U),SUMATERA SELATAN,3400,1959315,XIANMEN C&D,HONG KONG PAPER SOURCES CO LTD,CHINA (HONG KONG),CHANGSHU,CHINA (MAINLAND)
2023,470200,ROYAL GOLDEN EAGLE,APRIL,BUATAN,RIAU,2026,1253932,ROYAL GOLDEN EAGLE,APRIL FAR EAST MALAYSIA SDN BHD,MALAYSIA,FUZHOU,CHINA (MAINLAND)
2023,470329,ROYAL GOLDEN EAGLE,APRIL,BUATAN,RIAU,381,130444,ROYAL GOLDEN EAGLE,APRIL INTERNATIONAL ENTEPRISE PTE LTD,SINGAPORE,CALCUTTA,INDIA
2023,470200,ROYAL GOLDEN EAGLE,APRIL,BUATAN,RIAU,1013,627227,ROYAL GOLDEN EAGLE,APRIL FAR EAST MALAYSIA SDN BHD,MALAYSIA,LIANYUNGANG,CHINA (MAINLAND)
2023,470329,ROYAL GOLDEN EAGLE,APRIL,BUATAN,RIAU,503,171914,ROYAL GOLDEN EAGLE,APRIL INTERNATIONAL ENTEPRISE PTE LTD,SINGAPORE,CALCUTTA,INDIA
2023,470329,SINAR MAS,INDAH KIAT,PERAWANG,RIAU,5000,3217500,SINAR MAS,SHANDONG BOHUI PAPER INDUSTRY CO LTD,CHINA (MAINLAND),QINGDAO,CHINA (MAINLAND)
2023,470329,SINAR MAS,INDAH KIAT,PERAWANG,RIAU,5000,2867500,SINAR MAS,SHANDONG BOHUI PAPER INDUSTRY CO LTD,CHINA (MAINLAND),QINGDAO,CHINA (MAINLAND)
2023,470329,SINAR MAS,INDAH KIAT,PERAWANG,RIAU,3000,1267500,SINAR MAS,SHANDONG BOHUI PAPER INDUSTRY CO LTD,CHINA (MAINLAND),QINGDAO,CHINA (MAINLAND)
2023,470200,ROYAL GOLDEN EAGLE,APRIL,BUATAN,RIAU,506,313060,ROYAL GOLDEN EAGLE,APRIL FAR EAST MALAYSIA SDN BHD,MALAYSIA,JIUJIANG,CHINA (MAINLAND)
2023,470329,SINAR MAS,INDAH KIAT,PERAWANG,RIAU,5000,3217500,SINAR MAS,SHANDONG BOHUI PAPER INDUSTRY CO LTD,CHINA (MAINLAND),QINGDAO,CHINA (MAINLAND)
2023,470329,SINAR MAS,INDAH KIAT,PERAWANG,RIAU,520,299260,SINAR MAS,KING PAPER SOURCE TRADING (SHANGHAI) CO LTD,CHINA (MAINLAND),QINZHOU,CHINA (MAINLAND)
2023,470329,SINAR MAS,INDAH KIAT,PERAWANG,RIAU,1180,679090,SINAR MAS,KING PAPER SOURCE TRADING (SHANGHAI) CO LTD,CHINA (MAINLAND),QINZHOU,CHINA (MAINLAND)
2023,470200,ROYAL GOLDEN EAGLE,APRIL,BUATAN,RIAU,506,313354,ROYAL GOLDEN EAGLE,APRIL FAR EAST MALAYSIA SDN BHD,MALAYSIA,LIANYUNGANG,CHINA (MAINLAND)
2023,470329,SINAR MAS,INDAH KIAT,PERAWANG,RIAU,5000,2867500,SINAR MAS,JIANGSU BOHUI PAPER INDUSTRY CO LTD.,CHINA (MAINLAND),CHANGSHU,CHINA (MAINLAND)
2023,470329,ROYAL GOLDEN EAGLE,APRIL,BUATAN,RIAU,1005,386911,ROYAL GOLDEN EAGLE,APRIL INTERNATIONAL ENTEPRISE PTE LTD,SINGAPORE,PANTNAGAR,INDIA
2023,470329,SINAR MAS,INDAH KIAT,PERAWANG,RIAU,5000,2877500,SINAR MAS,KING PAPER SOURCE TRADING (SHANGHAI) CO LTD,CHINA (MAINLAND),QINZHOU,CHINA (MAINLAND)
2023,470329,SINAR MAS,LONTAR PAPYRUS,KUALA TUNGKAL,JAMBI,501,289854,UNKNOWN AFFILIATION,THUAN PHAT IMPORT AND EXPORT CO LTD,VIETNAM,HAIPHONG,VIETNAM
2023,470329,ROYAL GOLDEN EAGLE,APRIL,FUTONG,RIAU,3988,1535428,ROYAL GOLDEN EAGLE,APRIL INTERNATIONAL ENTEPRISE PTE LTD,SINGAPORE,XIAMEN,CHINA (MAINLAND)
2023,470200,ROYAL GOLDEN EAGLE,APRIL,BUATAN,RIAU,526,325803,ROYAL GOLDEN EAGLE,APRIL FAR EAST MALAYSIA SDN BHD,MALAYSIA,FUZHOU,CHINA (MAINLAND)
2023,470329,ROYAL GOLDEN EAGLE,APRIL,BUATAN,RIAU,703,270547,ROYAL GOLDEN EAGLE,APRIL INTERNATIONAL ENTEPRISE PTE LTD,SINGAPORE,SAMALKHA,INDIA
2023,470200,ROYAL GOLDEN EAGLE,APRIL,BUATAN,RIAU,1053,651783,ROYAL GOLDEN EAGLE,APRIL FAR EAST MALAYSIA SDN BHD,MALAYSIA,JIUJIANG,CHINA (MAINLAND)
2023,470329,ROYAL GOLDEN EAGLE,APRIL,FUTONG,RIAU,1608,619157,ROYAL GOLDEN EAGLE,APRIL INTERNATIONAL ENTEPRISE PTE LTD,SINGAPORE,NANSHA,CHINA (MAINLAND)
2023,470329,ROYAL GOLDEN EAGLE,APRIL,FUTONG,RIAU,1704,761532,ROYAL GOLDEN EAGLE,APRIL FAR EAST MALAYSIA SDN BHD,MALAYSIA,NANSHA,CHINA (MAINLAND)
2023,470200,ROYAL GOLDEN EAGLE,APRIL,BUATAN,RIAU,506,312985,ROYAL GOLDEN EAGLE,APRIL FAR EAST MALAYSIA SDN BHD,MALAYSIA,JIUJIANG,CHINA (MAINLAND)
2023,470329,ROYAL GOLDEN EAGLE,APRIL,BUATAN,RIAU,503,193526,ROYAL GOLDEN EAGLE,APRIL INTERNATIONAL ENTEPRISE PTE LTD,SINGAPORE,PANTNAGAR,INDIA
2023,470329,ROYAL GOLDEN EAGLE,APRIL,BUATAN,RIAU,1005,387062,ROYAL GOLDEN EAGLE,APRIL INTERNATIONAL ENTEPRISE PTE LTD,SINGAPORE,PANTNAGAR,INDIA
2023,470329,ROYAL GOLDEN EAGLE,APRIL,BUATAN,RIAU,502,193145,ROYAL GOLDEN EAGLE,APRIL INTERNATIONAL ENTEPRISE PTE LTD,SINGAPORE,CALCUTTA,INDIA
2023,470200,ROYAL GOLDEN EAGLE,APRIL,BUATAN,RIAU,526,325614,ROYAL GOLDEN EAGLE,APRIL FAR EAST MALAYSIA SDN BHD,MALAYSIA,FUZHOU,CHINA (MAINLAND)
2023,470329,SINAR MAS,INDAH KIAT,PERAWANG,RIAU,6000,2509200,UNKNOWN AFFILIATION,N R AGARWAL INDUSTRIES LTD,INDIA,MUMBAI (EX BOMBAY),INDIA
2023,470329,SINAR MAS,INDAH KIAT,PERAWANG,RIAU,10000,5735000,SINAR MAS,KING PAPER SOURCE TRADING (SHANGHAI) CO LTD,CHINA (MAINLAND),DAGANG,CHINA (MAINLAND)
2023,470329,MARUBENI,TANJUNG ENIM LESTARI,PANJANG,SUMATERA SELATAN,518,210667,MARUBENI,MARUBENI CORP,JAPAN,NINGBO,CHINA (MAINLAND)
2023,470329,MARUBENI,TANJUNG ENIM LESTARI,PANJANG,SUMATERA SELATAN,197,90139,MARUBENI,MARUBENI CORP,JAPAN,TOMAKOMAI,JAPAN
2023,470329,SINAR MAS,INDAH KIAT,PERAWANG,RIAU,2000,1147000,SINAR MAS,JIANGSU BOHUI PAPER INDUSTRY CO LTD.,CHINA (MAINLAND),CHANGSHU,CHINA (MAINLAND)
2023,470329,SINAR MAS,INDAH KIAT,PERAWANG,RIAU,500,292750,ADITYA BIRLA,CENTURY PULP AND PAPER,INDIA,MUNDRA,INDIA
2023,470329,SINAR MAS,INDAH KIAT,PERAWANG,RIAU,5000,2867500,SINAR MAS,JIANGSU BOHUI PAPER INDUSTRY CO LTD.,CHINA (MAINLAND),CHANGSHU,CHINA (MAINLAND)
2023,470329,SINAR MAS,INDAH KIAT,PERAWANG,RIAU,500,292750,ADITYA BIRLA,CENTURY PULP AND PAPER,INDIA,MUNDRA,INDIA
2023,470329,ROYAL GOLDEN EAGLE,APRIL,BUATAN,RIAU,1003,386005,ROYAL GOLDEN EAGLE,APRIL INTERNATIONAL ENTEPRISE PTE LTD,SINGAPORE,NINGBO,CHINA (MAINLAND)
2023,470329,SINAR MAS,INDAH KIAT,PERAWANG,RIAU,500,283687,XSD INTERNATIONAL,XSD INTERNATIONAL PAPER SDN BHD,MALAYSIA,PENANG (GEORGETOWN),MALAYSIA
2023,470329,MARUBENI,TANJUNG ENIM LESTARI,PANJANG,SUMATERA SELATAN,197,89944,MARUBENI,MARUBENI CORP,JAPAN,TOMAKOMAI,JAPAN
2023,470329,MARUBENI,TANJUNG ENIM LESTARI,PANJANG,SUMATERA SELATAN,194,79073,MARUBENI,MARUBENI CORP,JAPAN,NINGBO,CHINA (MAINLAND)
2023,470329,SINAR MAS,INDAH KIAT,PERAWANG,RIAU,2500,1433750,SINAR MAS,KING PAPER SOURCE TRADING (SHANGHAI) CO LTD,CHINA (MAINLAND),DAGANG,CHINA (MAINLAND)
2023,470329,SINAR MAS,INDAH KIAT,PERAWANG,RIAU,500,286750,SINAR MAS,KING PAPER SOURCE TRADING (SHANGHAI) CO LTD,CHINA (MAINLAND),DAGANG,CHINA (MAINLAND)
2023,470329,ROYAL GOLDEN EAGLE,APRIL,BUATAN,RIAU,502,193329,ROYAL GOLDEN EAGLE,APRIL INTERNATIONAL ENTEPRISE PTE LTD,SINGAPORE,CALCUTTA,INDIA
2023,470329,SINAR MAS,INDAH KIAT,PERAWANG,RIAU,5000,2867500,SINAR MAS,JIANGSU BOHUI PAPER INDUSTRY CO LTD.,CHINA (MAINLAND),CHANGSHU,CHINA (MAINLAND)
2023,470329,SINAR MAS,INDAH KIAT,PERAWANG,RIAU,3000,1209600,MEGHNA GROUP OF INDUSTRIES,MEGHNA PULP AND PAPER MILLS LTD,BANGLADESH,CHATTOGRAM,BANGLADESH
2023,470329,MARUBENI,TANJUNG ENIM LESTARI,PANJANG,SUMATERA SELATAN,520,209409,MARUBENI,MARUBENI CORP,JAPAN,NINGBO,CHINA (MAINLAND)
2023,470329,MARUBENI,TANJUNG ENIM LESTARI,PANJANG,SUMATERA SELATAN,521,215438,MARUBENI,MARUBENI CORP,JAPAN,XINGANG,CHINA (MAINLAND)
2023,470200,ROYAL GOLDEN EAGLE,APRIL,BUATAN,RIAU,1013,627054,ROYAL GOLDEN EAGLE,APRIL FAR EAST MALAYSIA SDN BHD,MALAYSIA,LIANYUNGANG,CHINA (MAINLAND)
2023,470200,ROYAL GOLDEN EAGLE,APRIL,BUATAN,RIAU,1518,939525,ROYAL GOLDEN EAGLE,APRIL FAR EAST MALAYSIA SDN BHD,MALAYSIA,JIUJIANG,CHINA (MAINLAND)
2023,470329,MARUBENI,TANJUNG ENIM LESTARI,PANJANG,SUMATERA SELATAN,152,70763,MARUBENI,MARUBENI CORP,JAPAN,LAT KRABANG,THAILAND
2023,470329,SINAR MAS,OKI,SULTAN MAHMUD BADARUDDIN (U),SUMATERA SELATAN,9500,5472188,XIANMEN C&D,HONG KONG PAPER SOURCES CO LTD,CHINA (HONG KONG),LIANYUNGANG,CHINA (MAINLAND)
2023,470329,ROYAL GOLDEN EAGLE,APRIL,BUATAN,RIAU,502,193353,ROYAL GOLDEN EAGLE,APRIL INTERNATIONAL ENTEPRISE PTE LTD,SINGAPORE,CALCUTTA,INDIA
2023,470329,SINAR MAS,INDAH KIAT,PERAWANG,RIAU,3500,1411200,MEGHNA GROUP OF INDUSTRIES,MEGHNA PULP AND PAPER MILLS LTD,BANGLADESH,CHATTOGRAM,BANGLADESH
2023,470329,SINAR MAS,OKI,SULTAN MAHMUD BADARUDDIN (U),SUMATERA SELATAN,500,288010,XIANMEN C&D,HONG KONG PAPER SOURCES CO LTD,CHINA (HONG KONG),LIANYUNGANG,CHINA (MAINLAND)
2023,470329,ROYAL GOLDEN EAGLE,APRIL,BUATAN,RIAU,100,38621,ROYAL GOLDEN EAGLE,APRIL INTERNATIONAL ENTEPRISE PTE LTD,SINGAPORE,TUTICORIN,INDIA
2023,470329,ROYAL GOLDEN EAGLE,APRIL,BUATAN,RIAU,60,23196,ROYAL GOLDEN EAGLE,APRIL INTERNATIONAL ENTEPRISE PTE LTD,SINGAPORE,BORKHEDI ICD/NAGPUR,INDIA
2023,470329,ROYAL GOLDEN EAGLE,APRIL,FUTONG,RIAU,8035,3093356,ROYAL GOLDEN EAGLE,APRIL INTERNATIONAL ENTEPRISE PTE LTD,SINGAPORE,HALDIA,INDIA
2023,470329,SINAR MAS,INDAH KIAT,PERAWANG,RIAU,500,289444,UNKNOWN AFFILIATION,CHENG DAH PAPER CO LTD,TAIWAN,TAICHUNG,TAIWAN
2023,470329,ROYAL GOLDEN EAGLE,APRIL,BUATAN,RIAU,563,216606,ROYAL GOLDEN EAGLE,APRIL INTERNATIONAL ENTEPRISE PTE LTD,SINGAPORE,CALCUTTA,INDIA
2023,470329,ROYAL GOLDEN EAGLE,APRIL,BUATAN,RIAU,100,38646,ROYAL GOLDEN EAGLE,APRIL INTERNATIONAL ENTEPRISE PTE LTD,SINGAPORE,TUTICORIN,INDIA
2023,470200,ROYAL GOLDEN EAGLE,APRIL,BUATAN,RIAU,1013,626827,ROYAL GOLDEN EAGLE,APRIL FAR EAST MALAYSIA SDN BHD,MALAYSIA,JIUJIANG,CHINA (MAINLAND)
2023,470329,SINAR MAS,INDAH KIAT,PERAWANG,RIAU,3500,1411200,MEGHNA GROUP OF INDUSTRIES,MEGHNA PULP AND PAPER MILLS LTD,BANGLADESH,CHATTOGRAM,BANGLADESH
2023,470329,SINAR MAS,OKI,SULTAN MAHMUD BADARUDDIN (U),SUMATERA SELATAN,13000,7488258,XIANMEN C&D,HONG KONG PAPER SOURCES CO LTD,CHINA (HONG KONG),LIANYUNGANG,CHINA (MAINLAND)
2023,470329,SINAR MAS,INDAH KIAT,PERAWANG,RIAU,300,176509,UNKNOWN AFFILIATION,EMIRATES FINE TISSUE INDUSTRY LLC,UNITED ARAB EMIRATES,ABU DHABI,NEW ZEALAND
2023,470200,ROYAL GOLDEN EAGLE,APRIL,FUTONG,RIAU,1013,627267,ROYAL GOLDEN EAGLE,APRIL FAR EAST MALAYSIA SDN BHD,MALAYSIA,FUZHOU,CHINA (MAINLAND)
2023,470200,ROYAL GOLDEN EAGLE,APRIL,FUTONG,RIAU,1013,626930,ROYAL GOLDEN EAGLE,APRIL FAR EAST MALAYSIA SDN BHD,MALAYSIA,JIUJIANG,CHINA (MAINLAND)
2023,470329,ROYAL GOLDEN EAGLE,APRIL,BUATAN,RIAU,503,193464,ROYAL GOLDEN EAGLE,APRIL INTERNATIONAL ENTEPRISE PTE LTD,SINGAPORE,VISAKHAPATNAM,INDIA
2023,470329,ROYAL GOLDEN EAGLE,APRIL,BUATAN,RIAU,60,23227,ROYAL GOLDEN EAGLE,APRIL INTERNATIONAL ENTEPRISE PTE LTD,SINGAPORE,VISAKHAPATNAM,INDIA
2023,470329,SINAR MAS,INDAH KIAT,PERAWANG,RIAU,500,292750,ADITYA BIRLA,CENTURY PULP AND PAPER,INDIA,MUNDRA,INDIA
2023,470200,ROYAL GOLDEN EAGLE,APRIL,BUATAN,RIAU,972,601924,ROYAL GOLDEN EAGLE,APRIL FAR EAST MALAYSIA SDN BHD,MALAYSIA,JIUJIANG,CHINA (MAINLAND)
2023,470329,MARUBENI,TANJUNG ENIM LESTARI,PANJANG,SUMATERA SELATAN,517,208673,MARUBENI,MARUBENI CORP,JAPAN,NINGBO,CHINA (MAINLAND)
2023,470200,ROYAL GOLDEN EAGLE,APRIL,BUATAN,RIAU,1012,626455,ROYAL GOLDEN EAGLE,APRIL FAR EAST MALAYSIA SDN BHD,MALAYSIA,JIUJIANG,CHINA (MAINLAND)
2023,470329,SINAR MAS,INDAH KIAT,PERAWANG,RIAU,500,292750,ADITYA BIRLA,CENTURY PULP AND PAPER,INDIA,MUNDRA,INDIA
2023,470329,ROYAL GOLDEN EAGLE,APRIL,BUATAN,RIAU,603,232036,ROYAL GOLDEN EAGLE,APRIL INTERNATIONAL ENTEPRISE PTE LTD,SINGAPORE,VISAKHAPATNAM,INDIA
2023,470329,ROYAL GOLDEN EAGLE,APRIL,BUATAN,RIAU,502,193226,ROYAL GOLDEN EAGLE,APRIL INTERNATIONAL ENTEPRISE PTE LTD,SINGAPORE,ABU DHABI,NEW ZEALAND
2023,470329,ROYAL GOLDEN EAGLE,APRIL,BUATAN,RIAU,502,193291,ROYAL GOLDEN EAGLE,APRIL INTERNATIONAL ENTEPRISE PTE LTD,SINGAPORE,NINGBO,CHINA (MAINLAND)
2023,470200,ROYAL GOLDEN EAGLE,APRIL,BUATAN,RIAU,506,312991,ROYAL GOLDEN EAGLE,APRIL FAR EAST MALAYSIA SDN BHD,MALAYSIA,JIUJIANG,CHINA (MAINLAND)
2023,470200,ROYAL GOLDEN EAGLE,APRIL,FUTONG,RIAU,3038,1880262,ROYAL GOLDEN EAGLE,APRIL FAR EAST MALAYSIA SDN BHD,MALAYSIA,FUZHOU,CHINA (MAINLAND)
2023,470329,SINAR MAS,OKI,SULTAN MAHMUD BADARUDDIN (U),SUMATERA SELATAN,6000,3477000,SINAR MAS,KING PAPER SOURCE TRADING (SHANGHAI) CO LTD,CHINA (MAINLAND),QINZHOU,CHINA (MAINLAND)
2023,470329,SINAR MAS,OKI,SULTAN MAHMUD BADARUDDIN (U),SUMATERA SELATAN,1000,579500,SINAR MAS,KING PAPER SOURCE TRADING (SHANGHAI) CO LTD,CHINA (MAINLAND),QINZHOU,CHINA (MAINLAND)
2023,470329,SINAR MAS,OKI,SULTAN MAHMUD BADARUDDIN (U),SUMATERA SELATAN,100,64850,SINAR MAS,KING PAPER SOURCE TRADING (SHANGHAI) CO LTD,CHINA (MAINLAND),QINZHOU,CHINA (MAINLAND)
2023,470329,SINAR MAS,OKI,SULTAN MAHMUD BADARUDDIN (U),SUMATERA SELATAN,400,231800,SINAR MAS,KING PAPER SOURCE TRADING (SHANGHAI) CO LTD,CHINA (MAINLAND),QINZHOU,CHINA (MAINLAND)
2023,470329,ROYAL GOLDEN EAGLE,APRIL,BUATAN,RIAU,502,193386,ROYAL GOLDEN EAGLE,APRIL INTERNATIONAL ENTEPRISE PTE LTD,SINGAPORE,XINHUI,CHINA (MAINLAND)
2023,470200,ROYAL GOLDEN EAGLE,APRIL,FUTONG,RIAU,1013,627294,ROYAL GOLDEN EAGLE,APRIL FAR EAST MALAYSIA SDN BHD,MALAYSIA,CHANGSHU,CHINA (MAINLAND)
2023,470329,MARUBENI,TANJUNG ENIM LESTARI,PANJANG,SUMATERA SELATAN,512,209862,MARUBENI,MARUBENI CORP,JAPAN,QINGDAO,CHINA (MAINLAND)
2023,470329,ROYAL GOLDEN EAGLE,APRIL,FUTONG,RIAU,502,193116,ROYAL GOLDEN EAGLE,APRIL FAR EAST MALAYSIA SDN BHD,MALAYSIA,CHANGSHU,CHINA (MAINLAND)
2023,470200,ROYAL GOLDEN EAGLE,APRIL,FUTONG,RIAU,1623,1004368,ROYAL GOLDEN EAGLE,APRIL FAR EAST MALAYSIA SDN BHD,MALAYSIA,CHANGSHU,CHINA (MAINLAND)
2023,470200,ROYAL GOLDEN EAGLE,APRIL,BUATAN,RIAU,506,313129,ROYAL GOLDEN EAGLE,APRIL FAR EAST MALAYSIA SDN BHD,MALAYSIA,JIUJIANG,CHINA (MAINLAND)
2023,470329,SINAR MAS,INDAH KIAT,PERAWANG,RIAU,500,315328,UNKNOWN AFFILIATION,NIBONG TEBAL PAPER MILL SDN BHD,MALAYSIA,PENANG (GEORGETOWN),MALAYSIA
2023,470329,ROYAL GOLDEN EAGLE,APRIL,FUTONG,RIAU,10228,3937713,ROYAL GOLDEN EAGLE,APRIL INTERNATIONAL ENTEPRISE PTE LTD,SINGAPORE,CHANGSHU,CHINA (MAINLAND)
2023,470329,ROYAL GOLDEN EAGLE,APRIL,BUATAN,RIAU,2006,772337,ROYAL GOLDEN EAGLE,APRIL INTERNATIONAL ENTEPRISE PTE LTD,SINGAPORE,NINGBO,CHINA (MAINLAND)
2023,470200,ROYAL GOLDEN EAGLE,APRIL,FUTONG,RIAU,2030,1256663,ROYAL GOLDEN EAGLE,APRIL FAR EAST MALAYSIA SDN BHD,MALAYSIA,LIANYUNGANG,CHINA (MAINLAND)
2023,470329,ROYAL GOLDEN EAGLE,APRIL,BUATAN,RIAU,501,192822,ROYAL GOLDEN EAGLE,APRIL INTERNATIONAL ENTEPRISE PTE LTD,SINGAPORE,NINGBO,CHINA (MAINLAND)
2023,470329,MARUBENI,TANJUNG ENIM LESTARI,PANJANG,SUMATERA SELATAN,515,216577,MARUBENI,MARUBENI CORP,JAPAN,XINGANG,CHINA (MAINLAND)
2023,470329,ROYAL GOLDEN EAGLE,APRIL,BUATAN,RIAU,1005,386863,ROYAL GOLDEN EAGLE,APRIL INTERNATIONAL ENTEPRISE PTE LTD,SINGAPORE,HAIPHONG,VIETNAM
2023,470200,ROYAL GOLDEN EAGLE,APRIL,FUTONG,RIAU,9119,5644771,ROYAL GOLDEN EAGLE,APRIL FAR EAST MALAYSIA SDN BHD,MALAYSIA,LIANYUNGANG,CHINA (MAINLAND)
2023,470200,ROYAL GOLDEN EAGLE,APRIL,BUATAN,RIAU,506,313461,ROYAL GOLDEN EAGLE,APRIL FAR EAST MALAYSIA SDN BHD,MALAYSIA,LIANYUNGANG,CHINA (MAINLAND)
2023,470329,SINAR MAS,INDAH KIAT,PERAWANG,RIAU,500,292750,ADITYA BIRLA,CENTURY PULP AND PAPER,INDIA,MUNDRA,INDIA
2023,470329,SINAR MAS,INDAH KIAT,PERAWANG,RIAU,500,281156,SIAM CEMENT,PHOENIX PULP & PAPER PUBLIC CO LTD,THAILAND,LAT KRABANG,THAILAND
2023,470200,ROYAL GOLDEN EAGLE,APRIL,BUATAN,RIAU,1518,939854,ROYAL GOLDEN EAGLE,APRIL FAR EAST MALAYSIA SDN BHD,MALAYSIA,FUZHOU,CHINA (MAINLAND)
2023,470329,SINAR MAS,INDAH KIAT,PERAWANG,RIAU,500,292750,ADITYA BIRLA,CENTURY PULP AND PAPER,INDIA,MUNDRA,INDIA
2023,470329,ROYAL GOLDEN EAGLE,APRIL,FUTONG,RIAU,1808,808363,ROYAL GOLDEN EAGLE,APRIL INTERNATIONAL ENTEPRISE PTE LTD,SINGAPORE,MUMBAI (EX BOMBAY),INDIA
2023,470200,ROYAL GOLDEN EAGLE,APRIL,BUATAN,RIAU,263,162868,ROYAL GOLDEN EAGLE,APRIL FAR EAST MALAYSIA SDN BHD,MALAYSIA,FUZHOU,CHINA (MAINLAND)
2023,470329,MARUBENI,TANJUNG ENIM LESTARI,PANJANG,SUMATERA SELATAN,301,135224,MARUBENI,MARUBENI CORP,JAPAN,LAEM CHABANG,THAILAND
2023,470329,SINAR MAS,INDAH KIAT,PERAWANG,RIAU,4400,2516800,SINAR MAS,KING PAPER SOURCE TRADING (SHANGHAI) CO LTD,CHINA (MAINLAND),DAGANG,CHINA (MAINLAND)
2023,470329,MARUBENI,TANJUNG ENIM LESTARI,PANJANG,SUMATERA SELATAN,405,200455,MARUBENI,MARUBENI CORP,JAPAN,PENANG (GEORGETOWN),MALAYSIA
2023,470329,SINAR MAS,INDAH KIAT,PERAWANG,RIAU,1400,800800,SINAR MAS,KING PAPER SOURCE TRADING (SHANGHAI) CO LTD,CHINA (MAINLAND),DAGANG,CHINA (MAINLAND)
2023,470200,ROYAL GOLDEN EAGLE,APRIL,BUATAN,RIAU,749,463939,ROYAL GOLDEN EAGLE,APRIL FAR EAST MALAYSIA SDN BHD,MALAYSIA,FUZHOU,CHINA (MAINLAND)
2023,470329,ROYAL GOLDEN EAGLE,APRIL,FUTONG,RIAU,11050,4254120,ROYAL GOLDEN EAGLE,APRIL INTERNATIONAL ENTEPRISE PTE LTD,SINGAPORE,MUMBAI (EX BOMBAY),INDIA
2023,470329,MARUBENI,TANJUNG ENIM LESTARI,PANJANG,SUMATERA SELATAN,107,50761,MARUBENI,MARUBENI CORP,JAPAN,SANAND,INDIA
2023,470329,SINAR MAS,INDAH KIAT,PERAWANG,RIAU,4400,2516800,SINAR MAS,KING PAPER SOURCE TRADING (SHANGHAI) CO LTD,CHINA (MAINLAND),DAGANG,CHINA (MAINLAND)
2023,470329,SINAR MAS,INDAH KIAT,PERAWANG,RIAU,6700,3806940,UNKNOWN AFFILIATION,C RAINBOW INTERNATIONAL CO LTD,SOUTH KOREA,ULSAN,SOUTH KOREA
2023,470329,MARUBENI,TANJUNG ENIM LESTARI,PANJANG,SUMATERA SELATAN,107,48547,MARUBENI,MARUBENI CORP,JAPAN,JAWAHARLAL NEHRU (NHAVA S,INDIA
2023,470329,ROYAL GOLDEN EAGLE,APRIL,FUTONG,RIAU,2389,919793,ROYAL GOLDEN EAGLE,APRIL INTERNATIONAL ENTEPRISE PTE LTD,SINGAPORE,MUMBAI (EX BOMBAY),INDIA
2023,470329,ROYAL GOLDEN EAGLE,APRIL,BUATAN,RIAU,502,193415,ROYAL GOLDEN EAGLE,APRIL INTERNATIONAL ENTEPRISE PTE LTD,SINGAPORE,CHATTOGRAM,BANGLADESH
2023,470329,MARUBENI,TANJUNG ENIM LESTARI,PANJANG,SUMATERA SELATAN,510,208492,MARUBENI,MARUBENI CORP,JAPAN,QINGDAO,CHINA (MAINLAND)
2023,470329,ROYAL GOLDEN EAGLE,APRIL,BUATAN,RIAU,1004,386369,ROYAL GOLDEN EAGLE,APRIL INTERNATIONAL ENTEPRISE PTE LTD,SINGAPORE,NINGBO,CHINA (MAINLAND)
2023,470329,MARUBENI,TANJUNG ENIM LESTARI,PANJANG,SUMATERA SELATAN,514,206007,MARUBENI,MARUBENI CORP,JAPAN,CHANGSHU,CHINA (MAINLAND)
2023,470329,SINAR MAS,OKI,SULTAN MAHMUD BADARUDDIN (U),SUMATERA SELATAN,3000,1734000,SINAR MAS,KING PAPER SOURCE TRADING (SHANGHAI) CO LTD,CHINA (MAINLAND),NINGBO,CHINA (MAINLAND)
2023,470329,ROYAL GOLDEN EAGLE,APRIL,FUTONG,RIAU,10041,3865868,ROYAL GOLDEN EAGLE,APRIL FINE PAPER TRADING MIDDLE EAST,UNITED ARAB EMIRATES,MARMARA EREGLISI,TURKEY
2023,470329,MARUBENI,TANJUNG ENIM LESTARI,PANJANG,SUMATERA SELATAN,510,208627,MARUBENI,MARUBENI CORP,JAPAN,QINGDAO,CHINA (MAINLAND)
2023,470329,SINAR MAS,OKI,SULTAN MAHMUD BADARUDDIN (U),SUMATERA SELATAN,3000,1734000,SINAR MAS,KING PAPER SOURCE TRADING (SHANGHAI) CO LTD,CHINA (MAINLAND),NINGBO,CHINA (MAINLAND)
2023,470329,SINAR MAS,OKI,SULTAN MAHMUD BADARUDDIN (U),SUMATERA SELATAN,5000,2890000,SINAR MAS,KING PAPER SOURCE TRADING (SHANGHAI) CO LTD,CHINA (MAINLAND),NINGBO,CHINA (MAINLAND)
2023,470200,ROYAL GOLDEN EAGLE,APRIL,BUATAN,RIAU,709,438816,ROYAL GOLDEN EAGLE,APRIL FAR EAST MALAYSIA SDN BHD,MALAYSIA,JIUJIANG,CHINA (MAINLAND)
2023,470329,ROYAL GOLDEN EAGLE,APRIL,BUATAN,RIAU,1006,387205,ROYAL GOLDEN EAGLE,APRIL INTERNATIONAL ENTEPRISE PTE LTD,SINGAPORE,PANTNAGAR,INDIA
2023,470200,ROYAL GOLDEN EAGLE,APRIL,BUATAN,RIAU,506,313021,ROYAL GOLDEN EAGLE,APRIL FAR EAST MALAYSIA SDN BHD,MALAYSIA,JIUJIANG,CHINA (MAINLAND)
2023,470329,SINAR MAS,OKI,SULTAN MAHMUD BADARUDDIN (U),SUMATERA SELATAN,3200,2026400,SINAR MAS,SHANDONG BOHUI PAPER INDUSTRY CO LTD,CHINA (MAINLAND),QINGDAO,CHINA (MAINLAND)
2023,470329,SINAR MAS,OKI,SULTAN MAHMUD BADARUDDIN (U),SUMATERA SELATAN,1000,576500,SINAR MAS,KING PAPER SOURCE TRADING (SHANGHAI) CO LTD,CHINA (MAINLAND),SHANGHAI,CHINA (MAINLAND)
2023,470329,SINAR MAS,INDAH KIAT,PERAWANG,RIAU,200,115265,UNKNOWN AFFILIATION,JIN DING CO LTD,TAIWAN,KAOHSIUNG,TAIWAN
2023,470329,SINAR MAS,OKI,SULTAN MAHMUD BADARUDDIN (U),SUMATERA SELATAN,5000,2817596,XIANMEN C&D,HONG KONG PAPER SOURCES CO LTD,CHINA (HONG KONG),CHANGSHU,CHINA (MAINLAND)
2023,470329,SINAR MAS,OKI,SULTAN MAHMUD BADARUDDIN (U),SUMATERA SELATAN,6000,3459000,SINAR MAS,KING PAPER SOURCE TRADING (SHANGHAI) CO LTD,CHINA (MAINLAND),CHANGSHU,CHINA (MAINLAND)
2023,470329,ROYAL GOLDEN EAGLE,APRIL,BUATAN,RIAU,1004,386600,ROYAL GOLDEN EAGLE,APRIL INTERNATIONAL ENTEPRISE PTE LTD,SINGAPORE,PANTNAGAR,INDIA
2023,470329,SINAR MAS,INDAH KIAT,PERAWANG,RIAU,60,34208,NALAKA,NALAKA PAPER MILLS PVT LTD,SRI LANKA,COLOMBO,SRI LANKA
2023,470329,SINAR MAS,OKI,SULTAN MAHMUD BADARUDDIN (U),SUMATERA SELATAN,5000,2817596,XIANMEN C&D,HONG KONG PAPER SOURCES CO LTD,CHINA (HONG KONG),CHANGSHU,CHINA (MAINLAND)
2023,470200,ROYAL GOLDEN EAGLE,APRIL,BUATAN,RIAU,1013,627097,ROYAL GOLDEN EAGLE,APRIL FAR EAST MALAYSIA SDN BHD,MALAYSIA,JIUJIANG,CHINA (MAINLAND)
2023,470329,ROYAL GOLDEN EAGLE,APRIL,BUATAN,RIAU,503,193561,ROYAL GOLDEN EAGLE,APRIL INTERNATIONAL ENTEPRISE PTE LTD,SINGAPORE,CHATTOGRAM,BANGLADESH
2023,470329,SINAR MAS,OKI,SULTAN MAHMUD BADARUDDIN (U),SUMATERA SELATAN,5000,2821250,SINAR MAS,SHANDONG BOHUI PAPER INDUSTRY CO LTD,CHINA (MAINLAND),QINGDAO,CHINA (MAINLAND)
2023,470329,SINAR MAS,OKI,SULTAN MAHMUD BADARUDDIN (U),SUMATERA SELATAN,3500,1972317,XIANMEN C&D,HONG KONG PAPER SOURCES CO LTD,CHINA (HONG KONG),CHANGSHU,CHINA (MAINLAND)
2023,470329,SINAR MAS,OKI,SULTAN MAHMUD BADARUDDIN (U),SUMATERA SELATAN,500,281760,XIANMEN C&D,HONG KONG PAPER SOURCES CO LTD,CHINA (HONG KONG),CHANGSHU,CHINA (MAINLAND)
2023,470329,SINAR MAS,OKI,SULTAN MAHMUD BADARUDDIN (U),SUMATERA SELATAN,5000,2817596,XIANMEN C&D,HONG KONG PAPER SOURCES CO LTD,CHINA (HONG KONG),CHANGSHU,CHINA (MAINLAND)
2023,470329,SINAR MAS,OKI,SULTAN MAHMUD BADARUDDIN (U),SUMATERA SELATAN,6000,3882000,SINAR MAS,KING PAPER SOURCE TRADING (SHANGHAI) CO LTD,CHINA (MAINLAND),ZHENJIANG,CHINA (MAINLAND)
2023,470329,SINAR MAS,OKI,SULTAN MAHMUD BADARUDDIN (U),SUMATERA SELATAN,5000,2817596,XIANMEN C&D,HONG KONG PAPER SOURCES CO LTD,CHINA (HONG KONG),CHANGSHU,CHINA (MAINLAND)
2023,470329,SINAR MAS,OKI,SULTAN MAHMUD BADARUDDIN (U),SUMATERA SELATAN,5000,2817596,XIANMEN C&D,HONG KONG PAPER SOURCES CO LTD,CHINA (HONG KONG),CHANGSHU,CHINA (MAINLAND)
2023,470329,SINAR MAS,OKI,SULTAN MAHMUD BADARUDDIN (U),SUMATERA SELATAN,5000,2882500,SINAR MAS,KING PAPER SOURCE TRADING (SHANGHAI) CO LTD,CHINA (MAINLAND),SHANGHAI,CHINA (MAINLAND)
2023,470329,SINAR MAS,OKI,SULTAN MAHMUD BADARUDDIN (U),SUMATERA SELATAN,5000,2817596,XIANMEN C&D,HONG KONG PAPER SOURCES CO LTD,CHINA (HONG KONG),CHANGSHU,CHINA (MAINLAND)
2023,470329,SINAR MAS,OKI,SULTAN MAHMUD BADARUDDIN (U),SUMATERA SELATAN,1100,619871,XIANMEN C&D,HONG KONG PAPER SOURCES CO LTD,CHINA (HONG KONG),CHANGSHU,CHINA (MAINLAND)
2023,470329,SINAR MAS,INDAH KIAT,PERAWANG,RIAU,300,170453,UNKNOWN AFFILIATION,AN HUNG CO LTD,VIETNAM,CAT LAI,VIETNAM
2023,470200,ROYAL GOLDEN EAGLE,APRIL,BUATAN,RIAU,506,310736,ROYAL GOLDEN EAGLE,APRIL FAR EAST MALAYSIA SDN BHD,MALAYSIA,LIANYUNGANG,CHINA (MAINLAND)
2023,470329,SINAR MAS,OKI,SULTAN MAHMUD BADARUDDIN (U),SUMATERA SELATAN,1300,733525,SINAR MAS,SHANDONG BOHUI PAPER INDUSTRY CO LTD,CHINA (MAINLAND),QINGDAO,CHINA (MAINLAND)
2023,470329,SINAR MAS,OKI,SULTAN MAHMUD BADARUDDIN (U),SUMATERA SELATAN,4400,2543200,SINAR MAS,KING PAPER SOURCE TRADING (SHANGHAI) CO LTD,CHINA (MAINLAND),ZHENJIANG,CHINA (MAINLAND)
2023,470329,SINAR MAS,OKI,SULTAN MAHMUD BADARUDDIN (U),SUMATERA SELATAN,2400,1352446,XIANMEN C&D,HONG KONG PAPER SOURCES CO LTD,CHINA (HONG KONG),CHANGSHU,CHINA (MAINLAND)
2023,470200,ROYAL GOLDEN EAGLE,APRIL,BUATAN,RIAU,507,313670,ROYAL GOLDEN EAGLE,APRIL FAR EAST MALAYSIA SDN BHD,MALAYSIA,JIUJIANG,CHINA (MAINLAND)
2023,470200,ROYAL GOLDEN EAGLE,APRIL,FUTONG,RIAU,1013,626833,ROYAL GOLDEN EAGLE,APRIL FAR EAST MALAYSIA SDN BHD,MALAYSIA,LIANYUNGANG,CHINA (MAINLAND)
2023,470200,ROYAL GOLDEN EAGLE,APRIL,FUTONG,RIAU,1013,626969,ROYAL GOLDEN EAGLE,APRIL FAR EAST MALAYSIA SDN BHD,MALAYSIA,LIANYUNGANG,CHINA (MAINLAND)
2023,470329,ROYAL GOLDEN EAGLE,APRIL,BUATAN,RIAU,502,193241,ROYAL GOLDEN EAGLE,APRIL INTERNATIONAL ENTEPRISE PTE LTD,SINGAPORE,PANTNAGAR,INDIA
2023,470200,ROYAL GOLDEN EAGLE,APRIL,BUATAN,RIAU,506,313143,ROYAL GOLDEN EAGLE,APRIL FAR EAST MALAYSIA SDN BHD,MALAYSIA,LIANYUNGANG,CHINA (MAINLAND)
2023,470329,ROYAL GOLDEN EAGLE,APRIL,BUATAN,RIAU,904,348148,ROYAL GOLDEN EAGLE,APRIL INTERNATIONAL ENTEPRISE PTE LTD,SINGAPORE,HAIPHONG,VIETNAM
2023,470200,ROYAL GOLDEN EAGLE,APRIL,FUTONG,RIAU,506,313220,ROYAL GOLDEN EAGLE,APRIL FAR EAST MALAYSIA SDN BHD,MALAYSIA,JIUJIANG,CHINA (MAINLAND)
2023,470200,ROYAL GOLDEN EAGLE,APRIL,BUATAN,RIAU,1012,626669,ROYAL GOLDEN EAGLE,APRIL FAR EAST MALAYSIA SDN BHD,MALAYSIA,JIUJIANG,CHINA (MAINLAND)
2023,470200,ROYAL GOLDEN EAGLE,APRIL,BUATAN,RIAU,506,313494,ROYAL GOLDEN EAGLE,APRIL FAR EAST MALAYSIA SDN BHD,MALAYSIA,JIUJIANG,CHINA (MAINLAND)
2023,470200,ROYAL GOLDEN EAGLE,APRIL,FUTONG,RIAU,1012,626469,ROYAL GOLDEN EAGLE,APRIL FAR EAST MALAYSIA SDN BHD,MALAYSIA,LIANYUNGANG,CHINA (MAINLAND)
2023,470329,SINAR MAS,INDAH KIAT,PERAWANG,RIAU,12500,7242500,UNKNOWN AFFILIATION,KHANNA PAPER MILLS LTD,INDIA,KANDLA,INDIA
2023,470329,SINAR MAS,INDAH KIAT,PERAWANG,RIAU,4000,2317600,UNKNOWN AFFILIATION,KHANNA PAPER MILLS LTD,INDIA,KANDLA,INDIA
2023,470200,ROYAL GOLDEN EAGLE,APRIL,FUTONG,RIAU,1012,626295,ROYAL GOLDEN EAGLE,APRIL FAR EAST MALAYSIA SDN BHD,MALAYSIA,JIUJIANG,CHINA (MAINLAND)
2023,470329,ROYAL GOLDEN EAGLE,APRIL,BUATAN,RIAU,1005,386984,ROYAL GOLDEN EAGLE,APRIL INTERNATIONAL ENTEPRISE PTE LTD,SINGAPORE,CHATTOGRAM,BANGLADESH
2023,470329,SINAR MAS,INDAH KIAT,PERAWANG,RIAU,3500,2027900,UNKNOWN AFFILIATION,KHANNA PAPER MILLS LTD,INDIA,KANDLA,INDIA
2023,470200,ROYAL GOLDEN EAGLE,APRIL,FUTONG,RIAU,506,313245,ROYAL GOLDEN EAGLE,APRIL FAR EAST MALAYSIA SDN BHD,MALAYSIA,JIUJIANG,CHINA (MAINLAND)
2023,470329,SINAR MAS,INDAH KIAT,PERAWANG,RIAU,200,113128,UNKNOWN AFFILIATION,PHU HUNG TRADING & MANUFACTURING COMPANY LTD,VIETNAM,HAIPHONG,VIETNAM
2023,470329,SINAR MAS,INDAH KIAT,PERAWANG,RIAU,1000,562311,SIAM CEMENT,PHOENIX PULP & PAPER PUBLIC CO LTD,THAILAND,LAT KRABANG,THAILAND
2023,470329,SINAR MAS,OKI,SULTAN MAHMUD BADARUDDIN (U),SUMATERA SELATAN,3000,1738500,SINAR MAS,KING PAPER SOURCE TRADING (SHANGHAI) CO LTD,CHINA (MAINLAND),ZHENJIANG,CHINA (MAINLAND)
2023,470329,SINAR MAS,INDAH KIAT,PERAWANG,RIAU,240,143590,UNKNOWN AFFILIATION,ALEX CONVERTA CO FOR PAPER INDUSTRIES,EGYPT,EL ISKANDARIYA (= ALEXAND,EGYPT
2023,470329,SINAR MAS,OKI,SULTAN MAHMUD BADARUDDIN (U),SUMATERA SELATAN,5000,2860500,UNKNOWN AFFILIATION,C RAINBOW INTERNATIONAL CO LTD,SOUTH KOREA,GUNSAN (ES KUNSAN),SOUTH KOREA
2023,470329,SINAR MAS,OKI,SULTAN MAHMUD BADARUDDIN (U),SUMATERA SELATAN,4000,2288400,UNKNOWN AFFILIATION,C RAINBOW INTERNATIONAL CO LTD,SOUTH KOREA,GUNSAN (ES KUNSAN),SOUTH KOREA
2023,470329,SINAR MAS,OKI,SULTAN MAHMUD BADARUDDIN (U),SUMATERA SELATAN,1500,858150,UNKNOWN AFFILIATION,MSS PULP CO LTD,SOUTH KOREA,GUNSAN (ES KUNSAN),SOUTH KOREA
2023,470329,SINAR MAS,INDAH KIAT,PERAWANG,RIAU,240,143590,UNKNOWN AFFILIATION,ALEX CONVERTA CO FOR PAPER INDUSTRIES,EGYPT,EL ISKANDARIYA (= ALEXAND,EGYPT
2023,470200,ROYAL GOLDEN EAGLE,APRIL,BUATAN,RIAU,506,313353,ROYAL GOLDEN EAGLE,APRIL FAR EAST MALAYSIA SDN BHD,MALAYSIA,JIUJIANG,CHINA (MAINLAND)
2023,470200,ROYAL GOLDEN EAGLE,APRIL,BUATAN,RIAU,506,313348,ROYAL GOLDEN EAGLE,APRIL FAR EAST MALAYSIA SDN BHD,MALAYSIA,LIANYUNGANG,CHINA (MAINLAND)
2023,470329,SINAR MAS,OKI,SULTAN MAHMUD BADARUDDIN (U),SUMATERA SELATAN,1000,572100,HONG WON,HONG WON PAPER MFG CO LTD,SOUTH KOREA,GUNSAN (ES KUNSAN),SOUTH KOREA
2023,470329,SINAR MAS,OKI,SULTAN MAHMUD BADARUDDIN (U),SUMATERA SELATAN,500,286050,HONG WON,HONG WON PAPER MFG CO LTD,SOUTH KOREA,GUNSAN (ES KUNSAN),SOUTH KOREA
2023,470329,SINAR MAS,INDAH KIAT,PERAWANG,RIAU,260,155555,UNKNOWN AFFILIATION,ALEX CONVERTA CO FOR PAPER INDUSTRIES,EGYPT,EL ISKANDARIYA (= ALEXAND,EGYPT
2023,470329,SINAR MAS,INDAH KIAT,PERAWANG,RIAU,500,283687,XSD INTERNATIONAL,XSD INTERNATIONAL PAPER SDN BHD,MALAYSIA,PENANG (GEORGETOWN),MALAYSIA
2023,470329,SINAR MAS,INDAH KIAT,PERAWANG,RIAU,500,282821,UNKNOWN AFFILIATION,TRUONG XUAN PAPER JOINT STOCK CO,VIETNAM,HAIPHONG,VIETNAM
2023,470329,SINAR MAS,OKI,SULTAN MAHMUD BADARUDDIN (U),SUMATERA SELATAN,5000,2897500,SINAR MAS,KING PAPER SOURCE TRADING (SHANGHAI) CO LTD,CHINA (MAINLAND),SHANGHAI,CHINA (MAINLAND)
2023,470329,ROYAL GOLDEN EAGLE,APRIL,BUATAN,RIAU,201,77266,ROYAL GOLDEN EAGLE,APRIL INTERNATIONAL ENTEPRISE PTE LTD,SINGAPORE,SANAND,INDIA
2023,470329,ROYAL GOLDEN EAGLE,APRIL,BUATAN,RIAU,100,38669,ROYAL GOLDEN EAGLE,APRIL INTERNATIONAL ENTEPRISE PTE LTD,SINGAPORE,CHATTOGRAM,BANGLADESH
2023,470329,SINAR MAS,INDAH KIAT,PERAWANG,RIAU,260,155555,UNKNOWN AFFILIATION,ALEX CONVERTA CO FOR PAPER INDUSTRIES,EGYPT,EL ISKANDARIYA (= ALEXAND,EGYPT
2023,470329,MARUBENI,TANJUNG ENIM LESTARI,TARAHAN,SUMATERA SELATAN,2055,995083,MARUBENI,MARUBENI CORP,JAPAN,QINGDAO,CHINA (MAINLAND)
2023,470329,MARUBENI,TANJUNG ENIM LESTARI,TARAHAN,SUMATERA SELATAN,998,483298,MARUBENI,MARUBENI CORP,JAPAN,QINGDAO,CHINA (MAINLAND)
2023,470329,MARUBENI,TANJUNG ENIM LESTARI,TARAHAN,SUMATERA SELATAN,1027,401160,MARUBENI,MARUBENI CORP,JAPAN,QINGDAO,CHINA (MAINLAND)
2023,470329,MARUBENI,TANJUNG ENIM LESTARI,TARAHAN,SUMATERA SELATAN,512,220972,MARUBENI,MARUBENI CORP,JAPAN,PYONGTAEK,SOUTH KOREA
2023,470329,MARUBENI,TANJUNG ENIM LESTARI,PANJANG,SUMATERA SELATAN,507,240005,MARUBENI,MARUBENI CORP,JAPAN,XINHUI,CHINA (MAINLAND)
2023,470200,ROYAL GOLDEN EAGLE,APRIL,BUATAN,RIAU,1012,626591,ROYAL GOLDEN EAGLE,APRIL FAR EAST MALAYSIA SDN BHD,MALAYSIA,JIUJIANG,CHINA (MAINLAND)
2023,470200,ROYAL GOLDEN EAGLE,APRIL,BUATAN,RIAU,486,300696,ROYAL GOLDEN EAGLE,APRIL FAR EAST MALAYSIA SDN BHD,MALAYSIA,JIUJIANG,CHINA (MAINLAND)
2023,470329,MARUBENI,TANJUNG ENIM LESTARI,TARAHAN,SUMATERA SELATAN,999,483520,MARUBENI,MARUBENI CORP,JAPAN,QINGDAO,CHINA (MAINLAND)
2023,470329,MARUBENI,TANJUNG ENIM LESTARI,TARAHAN,SUMATERA SELATAN,1644,763927,MARUBENI,MARUBENI CORP,JAPAN,PYONGTAEK,SOUTH KOREA
2023,470329,MARUBENI,TANJUNG ENIM LESTARI,TARAHAN,SUMATERA SELATAN,1027,499232,MARUBENI,MARUBENI CORP,JAPAN,QINGDAO,CHINA (MAINLAND)
2023,470329,MARUBENI,TANJUNG ENIM LESTARI,TARAHAN,SUMATERA SELATAN,1027,499400,MARUBENI,MARUBENI CORP,JAPAN,QINGDAO,CHINA (MAINLAND)
2023,470329,MARUBENI,TANJUNG ENIM LESTARI,PANJANG,SUMATERA SELATAN,506,317640,MARUBENI,MARUBENI CORP,JAPAN,XINHUI,CHINA (MAINLAND)
2023,470329,MARUBENI,TANJUNG ENIM LESTARI,TARAHAN,SUMATERA SELATAN,1028,499836,MARUBENI,MARUBENI CORP,JAPAN,QINGDAO,CHINA (MAINLAND)
2023,470200,ROYAL GOLDEN EAGLE,APRIL,BUATAN,RIAU,506,313247,ROYAL GOLDEN EAGLE,APRIL FAR EAST MALAYSIA SDN BHD,MALAYSIA,JIUJIANG,CHINA (MAINLAND)
2023,470200,ROYAL GOLDEN EAGLE,APRIL,BUATAN,RIAU,506,313291,ROYAL GOLDEN EAGLE,APRIL FAR EAST MALAYSIA SDN BHD,MALAYSIA,LIANYUNGANG,CHINA (MAINLAND)
2023,470329,ROYAL GOLDEN EAGLE,APRIL,BUATAN,RIAU,100,38578,ROYAL GOLDEN EAGLE,APRIL FINE PAPER TRADING MIDDLE EAST,UNITED ARAB EMIRATES,DJIBOUTI,DJIBOUTI
2023,470329,ROYAL GOLDEN EAGLE,APRIL,BUATAN,RIAU,96,37136,ROYAL GOLDEN EAGLE,APRIL INTERNATIONAL ENTEPRISE PTE LTD,SINGAPORE,TAOYUAN,TAIWAN
2023,470329,ROYAL GOLDEN EAGLE,APRIL,BUATAN,RIAU,503,193484,ROYAL GOLDEN EAGLE,APRIL INTERNATIONAL ENTEPRISE PTE LTD,SINGAPORE,CHATTOGRAM,BANGLADESH
2023,470329,SINAR MAS,OKI,SULTAN MAHMUD BADARUDDIN (U),SUMATERA SELATAN,5000,2891346,XIANMEN C&D,HONG KONG PAPER SOURCES CO LTD,CHINA (HONG KONG),SHANGHAI,CHINA (MAINLAND)
2023,470329,ROYAL GOLDEN EAGLE,APRIL,BUATAN,RIAU,702,270104,ROYAL GOLDEN EAGLE,APRIL INTERNATIONAL ENTEPRISE PTE LTD,SINGAPORE,SAMALKHA,INDIA
2023,470329,SINAR MAS,INDAH KIAT,PERAWANG,RIAU,500,315328,UNKNOWN AFFILIATION,NIBONG TEBAL PAPER MILL SDN BHD,MALAYSIA,PENANG (GEORGETOWN),MALAYSIA
2023,470329,SINAR MAS,INDAH KIAT,PERAWANG,RIAU,100,56406,BATAAN,BATAAN 2020 INC,PHILIPPINES,MANILA NORTH HARBOUR,PHILIPPINES
2023,470200,ROYAL GOLDEN EAGLE,APRIL,BUATAN,RIAU,1519,940242,ROYAL GOLDEN EAGLE,APRIL FAR EAST MALAYSIA SDN BHD,MALAYSIA,JIUJIANG,CHINA (MAINLAND)
2023,470329,SINAR MAS,OKI,SULTAN MAHMUD BADARUDDIN (U),SUMATERA SELATAN,3400,1966115,XIANMEN C&D,HONG KONG PAPER SOURCES CO LTD,CHINA (HONG KONG),SHANGHAI,CHINA (MAINLAND)
2023,470200,ROYAL GOLDEN EAGLE,APRIL,BUATAN,RIAU,526,325596,ROYAL GOLDEN EAGLE,APRIL FAR EAST MALAYSIA SDN BHD,MALAYSIA,JIUJIANG,CHINA (MAINLAND)
2023,470329,SINAR MAS,OKI,SULTAN MAHMUD BADARUDDIN (U),SUMATERA SELATAN,4000,2315076,XIANMEN C&D,HONG KONG PAPER SOURCES CO LTD,CHINA (HONG KONG),SHANGHAI,CHINA (MAINLAND)
2023,470329,SINAR MAS,OKI,SULTAN MAHMUD BADARUDDIN (U),SUMATERA SELATAN,5000,2893846,XIANMEN C&D,HONG KONG PAPER SOURCES CO LTD,CHINA (HONG KONG),SHANGHAI,CHINA (MAINLAND)
2023,470329,SINAR MAS,OKI,SULTAN MAHMUD BADARUDDIN (U),SUMATERA SELATAN,5400,3125353,XIANMEN C&D,HONG KONG PAPER SOURCES CO LTD,CHINA (HONG KONG),SHANGHAI,CHINA (MAINLAND)
2023,470200,ROYAL GOLDEN EAGLE,APRIL,BUATAN,RIAU,506,313057,ROYAL GOLDEN EAGLE,APRIL FAR EAST MALAYSIA SDN BHD,MALAYSIA,JIUJIANG,CHINA (MAINLAND)
2023,440122,ROYAL GOLDEN EAGLE,BALIKPAPAN CHIP LESTARI,BALIKPAPAN,KALIMANTAN TIMUR,25887,3520605,ROYAL GOLDEN EAGLE,ASIA SYMBOL (SHANDONG) PULP AND PAPER,CHINA (MAINLAND),RIZHAO,CHINA (MAINLAND)
2023,470329,SINAR MAS,INDAH KIAT,PERAWANG,RIAU,500,292750,ADITYA BIRLA,CENTURY PULP AND PAPER,INDIA,MUNDRA,INDIA
2023,470329,SINAR MAS,INDAH KIAT,PERAWANG,RIAU,500,292750,ADITYA BIRLA,CENTURY PULP AND PAPER,INDIA,MUNDRA,INDIA
2023,470329,MARUBENI,TANJUNG ENIM LESTARI,PANJANG,SUMATERA SELATAN,150,86200,CELLMARK,CELLMARK AB,SWEDEN,MUHAMMAD BIN QASIM/KARACH,PAKISTAN
2023,470329,MARUBENI,TANJUNG ENIM LESTARI,PANJANG,SUMATERA SELATAN,192,91351,MARUBENI,MARUBENI CORP,JAPAN,CHONGQING,CHINA (MAINLAND)
2023,470329,ROYAL GOLDEN EAGLE,APRIL,FUTONG,RIAU,2992,1152042,ROYAL GOLDEN EAGLE,APRIL INTERNATIONAL ENTEPRISE PTE LTD,SINGAPORE,XIAMEN,CHINA (MAINLAND)
2023,470329,MARUBENI,TANJUNG ENIM LESTARI,PANJANG,SUMATERA SELATAN,1025,474691,MARUBENI,MARUBENI CORP,JAPAN,ANKLESHWAR,INDIA
2023,470329,SINAR MAS,INDAH KIAT,PERAWANG,RIAU,500,292750,ADITYA BIRLA,CENTURY PULP AND PAPER,INDIA,MUNDRA,INDIA
2023,470329,SINAR MAS,INDAH KIAT,PERAWANG,RIAU,500,292750,ADITYA BIRLA,CENTURY PULP AND PAPER,INDIA,MUNDRA,INDIA
2023,470329,ROYAL GOLDEN EAGLE,APRIL,BUATAN,RIAU,502,193165,ROYAL GOLDEN EAGLE,APRIL INTERNATIONAL ENTEPRISE PTE LTD,SINGAPORE,CHATTOGRAM,BANGLADESH
2023,470329,ROYAL GOLDEN EAGLE,APRIL,FUTONG,RIAU,5425,2088523,ROYAL GOLDEN EAGLE,APRIL INTERNATIONAL ENTEPRISE PTE LTD,SINGAPORE,NANSHA,CHINA (MAINLAND)
2023,470200,ROYAL GOLDEN EAGLE,APRIL,BUATAN,RIAU,1014,622431,ROYAL GOLDEN EAGLE,APRIL FAR EAST MALAYSIA SDN BHD,MALAYSIA,JIUJIANG,CHINA (MAINLAND)
2023,470329,SINAR MAS,INDAH KIAT,PERAWANG,RIAU,300,193609,NTPM HOLDINGS BHD,NTPM (VIETNAM) CO LTD,VIETNAM,CAT LAI,VIETNAM
2023,470329,SINAR MAS,INDAH KIAT,PERAWANG,RIAU,240,143590,UNKNOWN AFFILIATION,MEDITERRANEAN PAPER CO,EGYPT,EL ISKANDARIYA (= ALEXAND,EGYPT
2023,470329,MARUBENI,TANJUNG ENIM LESTARI,PANJANG,SUMATERA SELATAN,294,143201,MARUBENI,MARUBENI CORP,JAPAN,QINGDAO,CHINA (MAINLAND)
2023,470329,SINAR MAS,INDAH KIAT,PERAWANG,RIAU,4000,2576000,SINAR MAS,KING PAPER SOURCE TRADING (SHANGHAI) CO LTD,CHINA (MAINLAND),QINZHOU,CHINA (MAINLAND)
2023,470329,SINAR MAS,INDAH KIAT,PERAWANG,RIAU,4000,2576000,SINAR MAS,KING PAPER SOURCE TRADING (SHANGHAI) CO LTD,CHINA (MAINLAND),QINZHOU,CHINA (MAINLAND)
2023,470200,ROYAL GOLDEN EAGLE,APRIL,BUATAN,RIAU,506,313350,ROYAL GOLDEN EAGLE,APRIL FAR EAST MALAYSIA SDN BHD,MALAYSIA,JIUJIANG,CHINA (MAINLAND)
2023,470329,SINAR MAS,OKI,SULTAN MAHMUD BADARUDDIN (U),SUMATERA SELATAN,3000,1734807,XIANMEN C&D,HONG KONG PAPER SOURCES CO LTD,CHINA (HONG KONG),CHANGSHU,CHINA (MAINLAND)
2023,470329,SINAR MAS,OKI,SULTAN MAHMUD BADARUDDIN (U),SUMATERA SELATAN,8000,4626153,UNKNOWN AFFILIATION,CHONGQING BAIJUN SUPPLY CHAIN SERVICE CO LTD,CHINA (MAINLAND),CHANGSHU,CHINA (MAINLAND)
2023,470329,SINAR MAS,INDAH KIAT,PERAWANG,RIAU,2000,1148000,SINAR MAS,KING PAPER SOURCE TRADING (SHANGHAI) CO LTD,CHINA (MAINLAND),YANGPU,CHINA (MAINLAND)
2023,470329,SINAR MAS,INDAH KIAT,PERAWANG,RIAU,260,155555,UNKNOWN AFFILIATION,MEDITERRANEAN PAPER CO,EGYPT,EL ISKANDARIYA (= ALEXAND,EGYPT
2023,470200,ROYAL GOLDEN EAGLE,APRIL,BUATAN,RIAU,507,313590,ROYAL GOLDEN EAGLE,APRIL FAR EAST MALAYSIA SDN BHD,MALAYSIA,JIUJIANG,CHINA (MAINLAND)
2023,470329,SINAR MAS,INDAH KIAT,PERAWANG,RIAU,1800,1193400,SINAR MAS,KING PAPER SOURCE TRADING (SHANGHAI) CO LTD,CHINA (MAINLAND),QINZHOU,CHINA (MAINLAND)
2023,470329,SINAR MAS,OKI,SULTAN MAHMUD BADARUDDIN (U),SUMATERA SELATAN,3000,1734807,XIANMEN C&D,HONG KONG PAPER SOURCES CO LTD,CHINA (HONG KONG),CHANGSHU,CHINA (MAINLAND)
2023,470329,SINAR MAS,OKI,SULTAN MAHMUD BADARUDDIN (U),SUMATERA SELATAN,1500,867404,XIANMEN C&D,HONG KONG PAPER SOURCES CO LTD,CHINA (HONG KONG),CHANGSHU,CHINA (MAINLAND)
2023,470200,ROYAL GOLDEN EAGLE,APRIL,BUATAN,RIAU,1315,814204,ROYAL GOLDEN EAGLE,APRIL FAR EAST MALAYSIA SDN BHD,MALAYSIA,JIUJIANG,CHINA (MAINLAND)
2023,470329,ROYAL GOLDEN EAGLE,APRIL,FUTONG,RIAU,9145,3520909,ROYAL GOLDEN EAGLE,APRIL INTERNATIONAL ENTEPRISE PTE LTD,SINGAPORE,HAIPHONG,VIETNAM
2023,470200,ROYAL GOLDEN EAGLE,APRIL,BUATAN,RIAU,507,313696,ROYAL GOLDEN EAGLE,APRIL FAR EAST MALAYSIA SDN BHD,MALAYSIA,JIUJIANG,CHINA (MAINLAND)
2023,470200,ROYAL GOLDEN EAGLE,APRIL,BUATAN,RIAU,506,310686,ROYAL GOLDEN EAGLE,APRIL FAR EAST MALAYSIA SDN BHD,MALAYSIA,LIANYUNGANG,CHINA (MAINLAND)
2023,470200,ROYAL GOLDEN EAGLE,APRIL,BUATAN,RIAU,507,311216,ROYAL GOLDEN EAGLE,APRIL FAR EAST MALAYSIA SDN BHD,MALAYSIA,FUZHOU,CHINA (MAINLAND)
2023,470329,SINAR MAS,INDAH KIAT,PERAWANG,RIAU,500,283687,XSD INTERNATIONAL,XSD INTERNATIONAL PAPER SDN BHD,MALAYSIA,PENANG (GEORGETOWN),MALAYSIA
2023,470329,MARUBENI,TANJUNG ENIM LESTARI,PANJANG,SUMATERA SELATAN,512,243169,MARUBENI,MARUBENI CORP,JAPAN,WUHAN,CHINA (MAINLAND)
2023,470329,MARUBENI,TANJUNG ENIM LESTARI,PANJANG,SUMATERA SELATAN,406,198968,MARUBENI,MARUBENI CORP,JAPAN,CAT LAI,VIETNAM
2023,470200,ROYAL GOLDEN EAGLE,APRIL,BUATAN,RIAU,508,311746,ROYAL GOLDEN EAGLE,APRIL FAR EAST MALAYSIA SDN BHD,MALAYSIA,FUZHOU,CHINA (MAINLAND)
2023,470329,MARUBENI,TANJUNG ENIM LESTARI,PANJANG,SUMATERA SELATAN,511,242798,MARUBENI,MARUBENI CORP,JAPAN,WUHAN,CHINA (MAINLAND)
2023,470200,ROYAL GOLDEN EAGLE,APRIL,BUATAN,RIAU,507,311059,ROYAL GOLDEN EAGLE,APRIL FAR EAST MALAYSIA SDN BHD,MALAYSIA,LIANYUNGANG,CHINA (MAINLAND)
2023,470200,ROYAL GOLDEN EAGLE,APRIL,BUATAN,RIAU,507,310994,ROYAL GOLDEN EAGLE,APRIL FAR EAST MALAYSIA SDN BHD,MALAYSIA,LIANYUNGANG,CHINA (MAINLAND)
2023,470329,SINAR MAS,INDAH KIAT,PERAWANG,RIAU,1000,565642,UNKNOWN AFFILIATION,VIET THANG PAPER AND PACKING JOINT STOCK CO,VIETNAM,HAIPHONG,VIETNAM
2023,470329,SINAR MAS,OKI,SULTAN MAHMUD BADARUDDIN (U),SUMATERA SELATAN,5000,2891346,XIANMEN C&D,HONG KONG PAPER SOURCES CO LTD,CHINA (HONG KONG),CHANGSHU,CHINA (MAINLAND)
2023,470329,SINAR MAS,OKI,SULTAN MAHMUD BADARUDDIN (U),SUMATERA SELATAN,6000,3457615,UNKNOWN AFFILIATION,CHONGQING BAIJUN SUPPLY CHAIN SERVICE CO LTD,CHINA (MAINLAND),CHANGSHU,CHINA (MAINLAND)
2023,470329,ROYAL GOLDEN EAGLE,APRIL,BUATAN,RIAU,300,115654,ROYAL GOLDEN EAGLE,APRIL INTERNATIONAL ENTEPRISE PTE LTD,SINGAPORE,PAT BANGKOK,THAILAND
2023,470329,SINAR MAS,OKI,SULTAN MAHMUD BADARUDDIN (U),SUMATERA SELATAN,5000,2891346,XIANMEN C&D,HONG KONG PAPER SOURCES CO LTD,CHINA (HONG KONG),CHANGSHU,CHINA (MAINLAND)
2023,470329,SINAR MAS,OKI,SULTAN MAHMUD BADARUDDIN (U),SUMATERA SELATAN,7000,4047884,UNKNOWN AFFILIATION,CHONGQING BAIJUN SUPPLY CHAIN SERVICE CO LTD,CHINA (MAINLAND),CHANGSHU,CHINA (MAINLAND)
2023,470329,SINAR MAS,OKI,SULTAN MAHMUD BADARUDDIN (U),SUMATERA SELATAN,6000,3457615,UNKNOWN AFFILIATION,CHONGQING BAIJUN SUPPLY CHAIN SERVICE CO LTD,CHINA (MAINLAND),CHANGSHU,CHINA (MAINLAND)
2023,470329,ROYAL GOLDEN EAGLE,APRIL,FUTONG,RIAU,2109,811844,ROYAL GOLDEN EAGLE,APRIL INTERNATIONAL ENTEPRISE PTE LTD,SINGAPORE,QINGDAO,CHINA (MAINLAND)
2023,470200,ROYAL GOLDEN EAGLE,APRIL,FUTONG,RIAU,12661,7837169,ROYAL GOLDEN EAGLE,APRIL FAR EAST MALAYSIA SDN BHD,MALAYSIA,CHANGSHU,CHINA (MAINLAND)
2023,470329,SINAR MAS,LONTAR PAPYRUS,KUALA TUNGKAL,JAMBI,4511,2494504,UNKNOWN AFFILIATION,KHANNA PAPER MILLS LTD,INDIA,KANDLA,INDIA
2023,470329,ROYAL GOLDEN EAGLE,APRIL,FUTONG,RIAU,11529,4438545,ROYAL GOLDEN EAGLE,APRIL INTERNATIONAL ENTEPRISE PTE LTD,SINGAPORE,QINGDAO,CHINA (MAINLAND)
2023,470329,ROYAL GOLDEN EAGLE,APRIL,FUTONG,RIAU,4988,1920203,ROYAL GOLDEN EAGLE,APRIL INTERNATIONAL ENTEPRISE PTE LTD,SINGAPORE,CHANGSHU,CHINA (MAINLAND)
2023,470329,MARUBENI,TANJUNG ENIM LESTARI,PANJANG,SUMATERA SELATAN,510,290852,MARUBENI,MARUBENI CORP,JAPAN,TAOYUAN,TAIWAN
2023,470329,SINAR MAS,OKI,SULTAN MAHMUD BADARUDDIN (U),SUMATERA SELATAN,5000,2891346,XIANMEN C&D,HONG KONG PAPER SOURCES CO LTD,CHINA (HONG KONG),CHANGSHU,CHINA (MAINLAND)
2023,470329,SINAR MAS,OKI,SULTAN MAHMUD BADARUDDIN (U),SUMATERA SELATAN,5000,2891346,XIANMEN C&D,HONG KONG PAPER SOURCES CO LTD,CHINA (HONG KONG),CHANGSHU,CHINA (MAINLAND)
2023,470329,ROYAL GOLDEN EAGLE,APRIL,FUTONG,RIAU,502,193452,ROYAL GOLDEN EAGLE,APRIL INTERNATIONAL ENTEPRISE PTE LTD,SINGAPORE,CHANGSHU,CHINA (MAINLAND)
2023,470329,SINAR MAS,OKI,SULTAN MAHMUD BADARUDDIN (U),SUMATERA SELATAN,5000,2862346,XIANMEN C&D,HONG KONG PAPER SOURCES CO LTD,CHINA (HONG KONG),CHANGSHU,CHINA (MAINLAND)
2023,470200,ROYAL GOLDEN EAGLE,APRIL,FUTONG,RIAU,9543,5904384,ROYAL GOLDEN EAGLE,APRIL FAR EAST MALAYSIA SDN BHD,MALAYSIA,CHANGSHU,CHINA (MAINLAND)
2023,470329,MARUBENI,TANJUNG ENIM LESTARI,PANJANG,SUMATERA SELATAN,513,243142,MARUBENI,MARUBENI CORP,JAPAN,WUHAN,CHINA (MAINLAND)
2023,470329,SINAR MAS,OKI,SULTAN MAHMUD BADARUDDIN (U),SUMATERA SELATAN,7000,4007284,XIANMEN C&D,HONG KONG PAPER SOURCES CO LTD,CHINA (HONG KONG),CHANGSHU,CHINA (MAINLAND)
2023,470200,ROYAL GOLDEN EAGLE,APRIL,BUATAN,RIAU,507,313863,ROYAL GOLDEN EAGLE,APRIL FAR EAST MALAYSIA SDN BHD,MALAYSIA,LIANYUNGANG,CHINA (MAINLAND)
2023,470329,MARUBENI,TANJUNG ENIM LESTARI,PANJANG,SUMATERA SELATAN,1021,472694,MARUBENI,MARUBENI CORP,JAPAN,ANKLESHWAR,INDIA
2023,470329,ROYAL GOLDEN EAGLE,APRIL,BUATAN,RIAU,301,116038,ROYAL GOLDEN EAGLE,APRIL INTERNATIONAL ENTEPRISE PTE LTD,SINGAPORE,FUZHOU,CHINA (MAINLAND)
2023,470329,MARUBENI,TANJUNG ENIM LESTARI,PANJANG,SUMATERA SELATAN,106,48507,MARUBENI,MARUBENI CORP,JAPAN,JAWAHARLAL NEHRU (NHAVA S,INDIA
2023,470329,SINAR MAS,LONTAR PAPYRUS,KUALA TUNGKAL,JAMBI,3009,1663703,UNKNOWN AFFILIATION,KHANNA PAPER MILLS LTD,INDIA,KANDLA,INDIA
2023,470329,ROYAL GOLDEN EAGLE,APRIL,BUATAN,RIAU,118,45464,ROYAL GOLDEN EAGLE,APRIL INTERNATIONAL ENTEPRISE PTE LTD,SINGAPORE,CALCUTTA,INDIA
2023,470329,SINAR MAS,LONTAR PAPYRUS,KUALA TUNGKAL,JAMBI,7523,4159885,UNKNOWN AFFILIATION,KHANNA PAPER MILLS LTD,INDIA,KANDLA,INDIA
2023,470329,ROYAL GOLDEN EAGLE,APRIL,FUTONG,RIAU,8038,3094619,ROYAL GOLDEN EAGLE,APRIL INTERNATIONAL ENTEPRISE PTE LTD,SINGAPORE,PYONGTAEK,SOUTH KOREA
2023,470329,ROYAL GOLDEN EAGLE,APRIL,FUTONG,RIAU,1064,409695,ROYAL GOLDEN EAGLE,APRIL FAR EAST MALAYSIA SDN BHD,MALAYSIA,IYOMISHIMA,JAPAN
2023,470329,MARUBENI,TANJUNG ENIM LESTARI,PANJANG,SUMATERA SELATAN,298,150094,MARUBENI,MARUBENI CORP,JAPAN,NINGBO,CHINA (MAINLAND)
2023,470329,ROYAL GOLDEN EAGLE,APRIL,FUTONG,RIAU,1456,560660,ROYAL GOLDEN EAGLE,APRIL INTERNATIONAL ENTEPRISE PTE LTD,SINGAPORE,GUNSAN (ES KUNSAN),SOUTH KOREA
2023,470329,ROYAL GOLDEN EAGLE,APRIL,FUTONG,RIAU,3316,1276820,ROYAL GOLDEN EAGLE,APRIL INTERNATIONAL ENTEPRISE PTE LTD,SINGAPORE,PYONGTAEK,SOUTH KOREA
2023,470200,ROYAL GOLDEN EAGLE,APRIL,BUATAN,RIAU,1520,933583,ROYAL GOLDEN EAGLE,APRIL FAR EAST MALAYSIA SDN BHD,MALAYSIA,JIUJIANG,CHINA (MAINLAND)
2023,470329,SINAR MAS,INDAH KIAT,PERAWANG,RIAU,500,286882,PARTEX STAR,PARTEX PAPER MILLS LTD,BANGLADESH,CHATTOGRAM,BANGLADESH
2023,470329,SINAR MAS,OKI,SULTAN MAHMUD BADARUDDIN (U),SUMATERA SELATAN,3000,1920000,BASHUNDARA,BASHUNDHARA PAPER MILLS LTD,BANGLADESH,CHATTOGRAM,BANGLADESH
2023,470329,SINAR MAS,INDAH KIAT,PERAWANG,RIAU,500,320082,SINAR MAS,KING PAPER SOURCE TRADING (SHANGHAI) CO LTD,CHINA (MAINLAND),DALIAN,CHINA (MAINLAND)
2023,470329,SINAR MAS,INDAH KIAT,PERAWANG,RIAU,500,286882,CREATIVE,CREATIVE PAPER MILLS LTD,BANGLADESH,CHATTOGRAM,BANGLADESH
2023,470329,SINAR MAS,OKI,SULTAN MAHMUD BADARUDDIN (U),SUMATERA SELATAN,3000,1920000,BASHUNDARA,BASHUNDHARA PAPER MILLS LTD,BANGLADESH,CHATTOGRAM,BANGLADESH
2023,470329,MARUBENI,TANJUNG ENIM LESTARI,PANJANG,SUMATERA SELATAN,191,86944,MARUBENI,MARUBENI CORP,JAPAN,JAWAHARLAL NEHRU (NHAVA S,INDIA
2023,470329,SINAR MAS,OKI,SULTAN MAHMUD BADARUDDIN (U),SUMATERA SELATAN,3000,1920000,BASHUNDARA,BASHUNDHARA PAPER MILLS LTD,BANGLADESH,CHATTOGRAM,BANGLADESH
2023,470329,ROYAL GOLDEN EAGLE,APRIL,BUATAN,RIAU,904,347989,ROYAL GOLDEN EAGLE,APRIL INTERNATIONAL ENTEPRISE PTE LTD,SINGAPORE,HAIPHONG,VIETNAM
2023,470329,SINAR MAS,INDAH KIAT,PERAWANG,RIAU,300,192559,NTPM HOLDINGS BHD,NTPM (VIETNAM) CO LTD,VIETNAM,CAT LAI,VIETNAM
2023,470329,MARUBENI,TANJUNG ENIM LESTARI,PANJANG,SUMATERA SELATAN,148,68331,MARUBENI,MARUBENI CORP,JAPAN,JAWAHARLAL NEHRU (NHAVA S,INDIA
2023,470329,SINAR MAS,INDAH KIAT,PERAWANG,RIAU,500,320082,SINAR MAS,KING PAPER SOURCE TRADING (SHANGHAI) CO LTD,CHINA (MAINLAND),DALIAN,CHINA (MAINLAND)
2023,470329,SINAR MAS,INDAH KIAT,PERAWANG,RIAU,500,286882,CREATIVE,CREATIVE PAPER MILLS LTD,BANGLADESH,CHATTOGRAM,BANGLADESH
2023,470329,SINAR MAS,OKI,SULTAN MAHMUD BADARUDDIN (U),SUMATERA SELATAN,3000,1920000,BASHUNDARA,BASHUNDHARA PAPER MILLS LTD,BANGLADESH,CHATTOGRAM,BANGLADESH
2023,470329,SINAR MAS,OKI,SULTAN MAHMUD BADARUDDIN (U),SUMATERA SELATAN,3000,1920000,BASHUNDARA,BASHUNDHARA PAPER MILLS LTD,BANGLADESH,CHATTOGRAM,BANGLADESH
2023,470329,MARUBENI,TANJUNG ENIM LESTARI,PANJANG,SUMATERA SELATAN,149,86716,MARUBENI,MARUBENI CORP,JAPAN,LAT KRABANG,THAILAND
2023,470329,ROYAL GOLDEN EAGLE,APRIL,BUATAN,RIAU,100,38635,ROYAL GOLDEN EAGLE,APRIL INTERNATIONAL ENTEPRISE PTE LTD,SINGAPORE,JAWAHARLAL NEHRU (NHAVA S,INDIA
2023,470200,ROYAL GOLDEN EAGLE,APRIL,BUATAN,RIAU,507,311078,ROYAL GOLDEN EAGLE,APRIL FAR EAST MALAYSIA SDN BHD,MALAYSIA,JIUJIANG,CHINA (MAINLAND)
2023,470329,ROYAL GOLDEN EAGLE,APRIL,BUATAN,RIAU,1005,386933,ROYAL GOLDEN EAGLE,APRIL INTERNATIONAL ENTEPRISE PTE LTD,SINGAPORE,PIPAVAV (VICTOR) PORT,INDIA
2023,470329,SINAR MAS,OKI,SULTAN MAHMUD BADARUDDIN (U),SUMATERA SELATAN,3000,1936500,SINAR MAS,KING PAPER SOURCE TRADING (SHANGHAI) CO LTD,CHINA (MAINLAND),QINZHOU,CHINA (MAINLAND)
2023,470329,ROYAL GOLDEN EAGLE,APRIL,BUATAN,RIAU,603,232195,ROYAL GOLDEN EAGLE,APRIL INTERNATIONAL ENTEPRISE PTE LTD,SINGAPORE,HAIPHONG,VIETNAM
2023,470329,SINAR MAS,OKI,SULTAN MAHMUD BADARUDDIN (U),SUMATERA SELATAN,4000,2582000,SINAR MAS,KING PAPER SOURCE TRADING (SHANGHAI) CO LTD,CHINA (MAINLAND),QINZHOU,CHINA (MAINLAND)
2023,470329,SINAR MAS,INDAH KIAT,PERAWANG,RIAU,420,242918,GULF PAPER,GULF PAPER MANUFACTURING CO KSC,KUWAIT,SHUAIBA,KUWAIT
2023,470329,SINAR MAS,INDAH KIAT,PERAWANG,RIAU,240,143334,YOUSSEF ALLAM,AL MOUTAHEDA PAPER & BOARD UNIBOARD,EGYPT,EL ISKANDARIYA (= ALEXAND,EGYPT
2023,470329,SINAR MAS,INDAH KIAT,PERAWANG,RIAU,420,242918,GULF PAPER,GULF PAPER MANUFACTURING CO KSC,KUWAIT,SHUAIBA,KUWAIT
2023,470329,SINAR MAS,INDAH KIAT,PERAWANG,RIAU,500,286750,ADNPM,ABU DHABI NATIONAL PAPER MILL LLC,UNITED ARAB EMIRATES,ABU DHABI,NEW ZEALAND
2023,470329,SINAR MAS,INDAH KIAT,PERAWANG,RIAU,420,242918,GULF PAPER,GULF PAPER MANUFACTURING CO KSC,KUWAIT,SHUAIBA,KUWAIT
2023,470329,SINAR MAS,INDAH KIAT,PERAWANG,RIAU,260,150378,GULF PAPER,GULF PAPER MANUFACTURING CO KSC,KUWAIT,SHUAIBA,KUWAIT
2023,470329,ROYAL GOLDEN EAGLE,APRIL,BUATAN,RIAU,300,115681,ROYAL GOLDEN EAGLE,APRIL INTERNATIONAL ENTEPRISE PTE LTD,SINGAPORE,KASHIPUR,INDIA
2023,470329,ROYAL GOLDEN EAGLE,APRIL,BUATAN,RIAU,502,224490,ROYAL GOLDEN EAGLE,APRIL INTERNATIONAL ENTEPRISE PTE LTD,SINGAPORE,PAT BANGKOK,THAILAND
2023,470329,ROYAL GOLDEN EAGLE,APRIL,BUATAN,RIAU,496,190867,ROYAL GOLDEN EAGLE,APRIL INTERNATIONAL ENTEPRISE PTE LTD,SINGAPORE,CAT LAI,VIETNAM
2023,470329,SINAR MAS,INDAH KIAT,PERAWANG,RIAU,500,286750,ADNPM,ABU DHABI NATIONAL PAPER MILL LLC,UNITED ARAB EMIRATES,ABU DHABI,NEW ZEALAND
2023,470329,ROYAL GOLDEN EAGLE,APRIL,BUATAN,RIAU,101,38714,ROYAL GOLDEN EAGLE,APRIL INTERNATIONAL ENTEPRISE PTE LTD,SINGAPORE,HAIPHONG,VIETNAM
2023,470329,SINAR MAS,INDAH KIAT,PERAWANG,RIAU,60,39577,UNKNOWN AFFILIATION,BUYERS CHOICE TRADING COMPANY LTD,MYANMAR,YANGON,MYANMAR
2023,470329,ROYAL GOLDEN EAGLE,APRIL,BUATAN,RIAU,100,38645,ROYAL GOLDEN EAGLE,APRIL INTERNATIONAL ENTEPRISE PTE LTD,SINGAPORE,CAT LAI,VIETNAM
2023,470329,SINAR MAS,INDAH KIAT,PERAWANG,RIAU,10000,6435000,SINAR MAS,KING PAPER SOURCE TRADING (SHANGHAI) CO LTD,CHINA (MAINLAND),DAGANG,CHINA (MAINLAND)
2023,470329,SINAR MAS,INDAH KIAT,PERAWANG,RIAU,6000,3975000,SINAR MAS,JIANGSU BOHUI PAPER INDUSTRY CO LTD.,CHINA (MAINLAND),CHANGSHU,CHINA (MAINLAND)
2023,470329,SINAR MAS,INDAH KIAT,PERAWANG,RIAU,500,315328,UNKNOWN AFFILIATION,NIBONG TEBAL PAPER MILL SDN BHD,MALAYSIA,PENANG (GEORGETOWN),MALAYSIA
2023,470329,SINAR MAS,INDAH KIAT,PERAWANG,RIAU,1400,927500,SINAR MAS,KING PAPER SOURCE TRADING (SHANGHAI) CO LTD,CHINA (MAINLAND),DAGANG,CHINA (MAINLAND)
2023,470329,SINAR MAS,INDAH KIAT,PERAWANG,RIAU,500,320082,SINAR MAS,KING PAPER SOURCE TRADING (SHANGHAI) CO LTD,CHINA (MAINLAND),DALIAN,CHINA (MAINLAND)
2023,470329,ROYAL GOLDEN EAGLE,APRIL,BUATAN,RIAU,603,231978,ROYAL GOLDEN EAGLE,APRIL INTERNATIONAL ENTEPRISE PTE LTD,SINGAPORE,CHATTOGRAM,BANGLADESH
2023,470329,SINAR MAS,INDAH KIAT,PERAWANG,RIAU,500,315328,UNKNOWN AFFILIATION,NIBONG TEBAL PAPER MILL SDN BHD,MALAYSIA,PENANG (GEORGETOWN),MALAYSIA
2023,470329,SINAR MAS,INDAH KIAT,PERAWANG,RIAU,4000,2650000,SINAR MAS,JIANGSU BOHUI PAPER INDUSTRY CO LTD.,CHINA (MAINLAND),CHANGSHU,CHINA (MAINLAND)
2023,470329,ROYAL GOLDEN EAGLE,APRIL,BUATAN,RIAU,38,14720,ROYAL GOLDEN EAGLE,APRIL INTERNATIONAL ENTEPRISE PTE LTD,SINGAPORE,TAICHUNG,TAIWAN
2023,470329,SINAR MAS,OKI,SULTAN MAHMUD BADARUDDIN (U),SUMATERA SELATAN,8800,5034480,IMEXCO BACGIANG,BAC GIANG IMPORT EXPORT JOINT STOCK CO,VIETNAM,HAIPHONG,VIETNAM
2023,470329,MARUBENI,TANJUNG ENIM LESTARI,TARAHAN,SUMATERA SELATAN,1285,817473,MARUBENI,MARUBENI CORP,JAPAN,QINGDAO,CHINA (MAINLAND)
2023,470329,SINAR MAS,INDAH KIAT,PERAWANG,RIAU,260,161179,YOUSSEF ALLAM,AL MOUTAHEDA PAPER & BOARD UNIBOARD,EGYPT,EL ISKANDARIYA (= ALEXAND,EGYPT
2023,470200,ROYAL GOLDEN EAGLE,APRIL,FUTONG,RIAU,506,313416,ROYAL GOLDEN EAGLE,APRIL FAR EAST MALAYSIA SDN BHD,MALAYSIA,JIUJIANG,CHINA (MAINLAND)
2023,470200,ROYAL GOLDEN EAGLE,APRIL,FUTONG,RIAU,506,313337,ROYAL GOLDEN EAGLE,APRIL FAR EAST MALAYSIA SDN BHD,MALAYSIA,LIANYUNGANG,CHINA (MAINLAND)
2023,470329,MARUBENI,TANJUNG ENIM LESTARI,TARAHAN,SUMATERA SELATAN,3210,1568098,MARUBENI,MARUBENI CORP,JAPAN,QINGDAO,CHINA (MAINLAND)
2023,470200,ROYAL GOLDEN EAGLE,APRIL,FUTONG,RIAU,1012,626305,ROYAL GOLDEN EAGLE,APRIL FAR EAST MALAYSIA SDN BHD,MALAYSIA,LIANYUNGANG,CHINA (MAINLAND)
2023,470329,MARUBENI,TANJUNG ENIM LESTARI,TARAHAN,SUMATERA SELATAN,2141,1045840,MARUBENI,MARUBENI CORP,JAPAN,QINGDAO,CHINA (MAINLAND)
2023,470329,MARUBENI,TANJUNG ENIM LESTARI,TARAHAN,SUMATERA SELATAN,1605,784208,MARUBENI,MARUBENI CORP,JAPAN,QINGDAO,CHINA (MAINLAND)
2023,470329,ROYAL GOLDEN EAGLE,APRIL,BUATAN,RIAU,804,309495,ROYAL GOLDEN EAGLE,APRIL INTERNATIONAL ENTEPRISE PTE LTD,SINGAPORE,HAIPHONG,VIETNAM
2023,470200,ROYAL GOLDEN EAGLE,APRIL,FUTONG,RIAU,506,313410,ROYAL GOLDEN EAGLE,APRIL FAR EAST MALAYSIA SDN BHD,MALAYSIA,JIUJIANG,CHINA (MAINLAND)
2023,470329,SINAR MAS,INDAH KIAT,PERAWANG,RIAU,500,320082,SINAR MAS,KING PAPER SOURCE TRADING (SHANGHAI) CO LTD,CHINA (MAINLAND),DALIAN,CHINA (MAINLAND)
2023,470329,MARUBENI,TANJUNG ENIM LESTARI,TARAHAN,SUMATERA SELATAN,2675,1305705,MARUBENI,MARUBENI CORP,JAPAN,QINGDAO,CHINA (MAINLAND)
2023,470329,SINAR MAS,INDAH KIAT,PERAWANG,RIAU,500,320082,SINAR MAS,KING PAPER SOURCE TRADING (SHANGHAI) CO LTD,CHINA (MAINLAND),DALIAN,CHINA (MAINLAND)
2023,470329,SINAR MAS,INDAH KIAT,PERAWANG,RIAU,500,320082,SINAR MAS,KING PAPER SOURCE TRADING (SHANGHAI) CO LTD,CHINA (MAINLAND),DALIAN,CHINA (MAINLAND)
2023,470200,ROYAL GOLDEN EAGLE,APRIL,FUTONG,RIAU,506,313334,ROYAL GOLDEN EAGLE,APRIL FAR EAST MALAYSIA SDN BHD,MALAYSIA,LIANYUNGANG,CHINA (MAINLAND)
2023,470200,ROYAL GOLDEN EAGLE,APRIL,FUTONG,RIAU,2023,1252367,ROYAL GOLDEN EAGLE,APRIL FAR EAST MALAYSIA SDN BHD,MALAYSIA,LIANYUNGANG,CHINA (MAINLAND)
2023,470329,ROYAL GOLDEN EAGLE,APRIL,BUATAN,RIAU,402,154601,ROYAL GOLDEN EAGLE,APRIL INTERNATIONAL ENTEPRISE PTE LTD,SINGAPORE,PIPAVAV (VICTOR) PORT,INDIA
2023,470329,SINAR MAS,LONTAR PAPYRUS,KUALA TUNGKAL,JAMBI,502,329577,UNKNOWN AFFILIATION,THUAN PHAT IMPORT AND EXPORT CO LTD,VIETNAM,HAIPHONG,VIETNAM
2023,470329,ROYAL GOLDEN EAGLE,APRIL,BUATAN,RIAU,807,310583,ROYAL GOLDEN EAGLE,APRIL INTERNATIONAL ENTEPRISE PTE LTD,SINGAPORE,PIPAVAV (VICTOR) PORT,INDIA
2023,470329,ROYAL GOLDEN EAGLE,APRIL,BUATAN,RIAU,1006,387249,ROYAL GOLDEN EAGLE,APRIL INTERNATIONAL ENTEPRISE PTE LTD,SINGAPORE,PIPAVAV (VICTOR) PORT,INDIA
2023,470329,ROYAL GOLDEN EAGLE,APRIL,BUATAN,RIAU,403,155334,ROYAL GOLDEN EAGLE,APRIL INTERNATIONAL ENTEPRISE PTE LTD,SINGAPORE,PIPAVAV (VICTOR) PORT,INDIA
2023,470329,ROYAL GOLDEN EAGLE,APRIL,FUTONG,RIAU,5506,2119649,ROYAL GOLDEN EAGLE,APRIL INTERNATIONAL ENTEPRISE PTE LTD,SINGAPORE,CHANGSHU,CHINA (MAINLAND)
2023,470200,ROYAL GOLDEN EAGLE,APRIL,FUTONG,RIAU,11143,6897700,ROYAL GOLDEN EAGLE,APRIL FAR EAST MALAYSIA SDN BHD,MALAYSIA,CHANGSHU,CHINA (MAINLAND)
2023,470329,ROYAL GOLDEN EAGLE,APRIL,FUTONG,RIAU,4520,1740074,ROYAL GOLDEN EAGLE,APRIL INTERNATIONAL ENTEPRISE PTE LTD,SINGAPORE,CHANGSHU,CHINA (MAINLAND)
2023,470329,ROYAL GOLDEN EAGLE,APRIL,BUATAN,RIAU,40,17925,ROYAL GOLDEN EAGLE,APRIL INTERNATIONAL ENTEPRISE PTE LTD,SINGAPORE,LAEM CHABANG,THAILAND
2023,470200,ROYAL GOLDEN EAGLE,APRIL,FUTONG,RIAU,11144,6867799,ROYAL GOLDEN EAGLE,APRIL FAR EAST MALAYSIA SDN BHD,MALAYSIA,LIANYUNGANG,CHINA (MAINLAND)
2023,470200,ROYAL GOLDEN EAGLE,APRIL,FUTONG,RIAU,6088,3738291,ROYAL GOLDEN EAGLE,APRIL FAR EAST MALAYSIA SDN BHD,MALAYSIA,CHANGSHU,CHINA (MAINLAND)
2023,470329,MARUBENI,TANJUNG ENIM LESTARI,PANJANG,SUMATERA SELATAN,497,251900,MARUBENI,MARUBENI CORP,JAPAN,SHIMIZU,JAPAN
2023,470329,ROYAL GOLDEN EAGLE,APRIL,BUATAN,RIAU,503,193786,ROYAL GOLDEN EAGLE,APRIL INTERNATIONAL ENTEPRISE PTE LTD,SINGAPORE,KASHIPUR,INDIA
2023,470329,MARUBENI,TANJUNG ENIM LESTARI,PANJANG,SUMATERA SELATAN,296,149141,MARUBENI,MARUBENI CORP,JAPAN,NINGBO,CHINA (MAINLAND)
2023,470200,ROYAL GOLDEN EAGLE,APRIL,FUTONG,RIAU,3046,1885264,ROYAL GOLDEN EAGLE,APRIL FAR EAST MALAYSIA SDN BHD,MALAYSIA,LIANYUNGANG,CHINA (MAINLAND)
2023,470329,ROYAL GOLDEN EAGLE,APRIL,BUATAN,RIAU,202,77742,ROYAL GOLDEN EAGLE,APRIL INTERNATIONAL ENTEPRISE PTE LTD,SINGAPORE,PIPAVAV (VICTOR) PORT,INDIA
2023,470200,ROYAL GOLDEN EAGLE,APRIL,BUATAN,RIAU,1013,622020,ROYAL GOLDEN EAGLE,APRIL FAR EAST MALAYSIA SDN BHD,MALAYSIA,JIUJIANG,CHINA (MAINLAND)
2023,470329,MARUBENI,TANJUNG ENIM LESTARI,PANJANG,SUMATERA SELATAN,497,256977,MARUBENI,MARUBENI CORP,JAPAN,SHIMIZU,JAPAN
2023,470329,MARUBENI,TANJUNG ENIM LESTARI,PANJANG,SUMATERA SELATAN,399,237948,MARUBENI,MARUBENI CORP,JAPAN,CAT LAI,VIETNAM
2023,470329,ROYAL GOLDEN EAGLE,APRIL,BUATAN,RIAU,303,116847,ROYAL GOLDEN EAGLE,APRIL INTERNATIONAL ENTEPRISE PTE LTD,SINGAPORE,KATHUWAS ICD/ALWAR,INDIA
2023,470329,MARUBENI,TANJUNG ENIM LESTARI,PANJANG,SUMATERA SELATAN,153,80549,MARUBENI,MARUBENI CORP,JAPAN,TOMAKOMAI,JAPAN
2023,470329,ROYAL GOLDEN EAGLE,APRIL,BUATAN,RIAU,201,89906,ROYAL GOLDEN EAGLE,APRIL INTERNATIONAL ENTEPRISE PTE LTD,SINGAPORE,VISAKHAPATNAM,INDIA
2023,470329,MARUBENI,TANJUNG ENIM LESTARI,PANJANG,SUMATERA SELATAN,506,269777,MARUBENI,MARUBENI CORP,JAPAN,SONEPAT,INDIA
2023,470329,MARUBENI,TANJUNG ENIM LESTARI,PANJANG,SUMATERA SELATAN,76,42729,MARUBENI,MARUBENI CORP,JAPAN,SHIMIZU,JAPAN
2023,470329,MARUBENI,TANJUNG ENIM LESTARI,PANJANG,SUMATERA SELATAN,153,80642,MARUBENI,MARUBENI CORP,JAPAN,TOMAKOMAI,JAPAN
2023,470329,MARUBENI,TANJUNG ENIM LESTARI,PANJANG,SUMATERA SELATAN,19,10873,MARUBENI,MARUBENI CORP,JAPAN,OSAKA,JAPAN
2023,470329,ROYAL GOLDEN EAGLE,APRIL,BUATAN,RIAU,997,445735,ROYAL GOLDEN EAGLE,APRIL INTERNATIONAL ENTEPRISE PTE LTD,SINGAPORE,CALCUTTA,INDIA
2023,470329,ROYAL GOLDEN EAGLE,APRIL,BUATAN,RIAU,209,93604,ROYAL GOLDEN EAGLE,APRIL INTERNATIONAL ENTEPRISE PTE LTD,SINGAPORE,CAT LAI,VIETNAM
2023,470200,ROYAL GOLDEN EAGLE,APRIL,BUATAN,RIAU,506,310742,ROYAL GOLDEN EAGLE,APRIL FAR EAST MALAYSIA SDN BHD,MALAYSIA,JIUJIANG,CHINA (MAINLAND)
2023,470200,ROYAL GOLDEN EAGLE,APRIL,BUATAN,RIAU,1013,621888,ROYAL GOLDEN EAGLE,APRIL FAR EAST MALAYSIA SDN BHD,MALAYSIA,JIUJIANG,CHINA (MAINLAND)
2023,470329,ROYAL GOLDEN EAGLE,APRIL,BUATAN,RIAU,502,224437,ROYAL GOLDEN EAGLE,APRIL INTERNATIONAL ENTEPRISE PTE LTD,SINGAPORE,CHATTOGRAM,BANGLADESH
2023,470329,ROYAL GOLDEN EAGLE,APRIL,BUATAN,RIAU,503,224841,ROYAL GOLDEN EAGLE,APRIL FINE PAPER TRADING MIDDLE EAST,UNITED ARAB EMIRATES,IZMIR (SMYRNA),TURKEY
2023,470329,SINAR MAS,INDAH KIAT,PERAWANG,RIAU,300,193609,NTPM HOLDINGS BHD,NTPM (VIETNAM) CO LTD,VIETNAM,CAT LAI,VIETNAM
2023,470329,SINAR MAS,INDAH KIAT,PERAWANG,RIAU,500,280328,XSD INTERNATIONAL,XSD INTERNATIONAL PAPER SDN BHD,MALAYSIA,PENANG (GEORGETOWN),MALAYSIA
2023,470329,SINAR MAS,INDAH KIAT,PERAWANG,RIAU,1000,649181,QUBE HOLDINGS LTD,QUBE LOGISTICS,AUSTRALIA,MELBOURNE,AUSTRALIA
2023,470329,SINAR MAS,INDAH KIAT,PERAWANG,RIAU,1000,649181,QUBE HOLDINGS LTD,QUBE LOGISTICS,AUSTRALIA,MELBOURNE,AUSTRALIA
2023,470329,SINAR MAS,INDAH KIAT,PERAWANG,RIAU,500,315328,UNKNOWN AFFILIATION,NIBONG TEBAL PAPER MILL SDN BHD,MALAYSIA,PENANG (GEORGETOWN),MALAYSIA
2023,470200,ROYAL GOLDEN EAGLE,APRIL,BUATAN,RIAU,1013,621878,ROYAL GOLDEN EAGLE,APRIL FAR EAST MALAYSIA SDN BHD,MALAYSIA,JIUJIANG,CHINA (MAINLAND)
2023,470329,SINAR MAS,INDAH KIAT,PERAWANG,RIAU,400,230145,UNKNOWN AFFILIATION,AN HUNG CO LTD,VIETNAM,CAT LAI,VIETNAM
2023,470329,SINAR MAS,INDAH KIAT,PERAWANG,RIAU,300,193609,NTPM HOLDINGS BHD,NTPM (VIETNAM) CO LTD,VIETNAM,CAT LAI,VIETNAM
2023,470329,MARUBENI,TANJUNG ENIM LESTARI,PANJANG,SUMATERA SELATAN,506,319214,MARUBENI,MARUBENI CORP,JAPAN,XINHUI,CHINA (MAINLAND)
2023,470200,ROYAL GOLDEN EAGLE,APRIL,BUATAN,RIAU,506,310761,ROYAL GOLDEN EAGLE,APRIL FAR EAST MALAYSIA SDN BHD,MALAYSIA,JIUJIANG,CHINA (MAINLAND)
2023,470329,SINAR MAS,INDAH KIAT,PERAWANG,RIAU,500,280328,XSD INTERNATIONAL,XSD INTERNATIONAL PAPER SDN BHD,MALAYSIA,PENANG (GEORGETOWN),MALAYSIA
2023,470329,ROYAL GOLDEN EAGLE,APRIL,BUATAN,RIAU,501,224111,ROYAL GOLDEN EAGLE,APRIL INTERNATIONAL ENTEPRISE PTE LTD,SINGAPORE,PAT BANGKOK,THAILAND
2023,470329,MARUBENI,TANJUNG ENIM LESTARI,PANJANG,SUMATERA SELATAN,505,323985,MARUBENI,MARUBENI CORP,JAPAN,XINGANG,CHINA (MAINLAND)
2023,470329,ROYAL GOLDEN EAGLE,APRIL,BUATAN,RIAU,502,224376,ROYAL GOLDEN EAGLE,APRIL INTERNATIONAL ENTEPRISE PTE LTD,SINGAPORE,CHATTOGRAM,BANGLADESH
2023,440122,ROYAL GOLDEN EAGLE,BALIKPAPAN CHIP LESTARI,BALIKPAPAN,KALIMANTAN TIMUR,24516,4045191,ROYAL GOLDEN EAGLE,ASIA SYMBOL (SHANDONG) PULP AND PAPER,CHINA (MAINLAND),RIZHAO,CHINA (MAINLAND)
2023,470329,MARUBENI,TANJUNG ENIM LESTARI,PANJANG,SUMATERA SELATAN,506,269790,MARUBENI,MARUBENI CORP,JAPAN,SONEPAT,INDIA
2023,470329,SINAR MAS,INDAH KIAT,PERAWANG,RIAU,4000,2560000,SINAR MAS,KING PAPER SOURCE TRADING (SHANGHAI) CO LTD,CHINA (MAINLAND),QINZHOU,CHINA (MAINLAND)
2023,470329,ROYAL GOLDEN EAGLE,APRIL,BUATAN,RIAU,503,224668,ROYAL GOLDEN EAGLE,APRIL FINE PAPER TRADING MIDDLE EAST,UNITED ARAB EMIRATES,JEDDAH,SAUDI ARABIA
2023,470329,SINAR MAS,INDAH KIAT,PERAWANG,RIAU,500,284130,UNKNOWN AFFILIATION,TAN HUNG JSC,VIETNAM,HAIPHONG,VIETNAM
2023,470329,SINAR MAS,INDAH KIAT,PERAWANG,RIAU,100,56826,UNKNOWN AFFILIATION,PHU HUNG TRADING & MANUFACTURING COMPANY LTD,VIETNAM,HAIPHONG,VIETNAM
2023,470329,MARUBENI,TANJUNG ENIM LESTARI,PANJANG,SUMATERA SELATAN,126,76208,MARUBENI,MARUBENI CORP,JAPAN,LAT KRABANG,THAILAND
2023,470329,SINAR MAS,INDAH KIAT,PERAWANG,RIAU,1500,852390,UNKNOWN AFFILIATION,P.P TRADING & MANUFACTURING JSC,VIETNAM,HAIPHONG,VIETNAM
2023,470329,ROYAL GOLDEN EAGLE,APRIL,FUTONG,RIAU,5036,2251276,ROYAL GOLDEN EAGLE,APRIL FAR EAST MALAYSIA SDN BHD,MALAYSIA,GAOLAN,CHINA (MAINLAND)
2023,470329,SINAR MAS,INDAH KIAT,PERAWANG,RIAU,200,125715,BATAAN,BATAAN 2020 INC,PHILIPPINES,MANILA NORTH HARBOUR,PHILIPPINES
2023,470329,ROYAL GOLDEN EAGLE,APRIL,BUATAN,RIAU,60,26928,ROYAL GOLDEN EAGLE,APRIL INTERNATIONAL ENTEPRISE PTE LTD,SINGAPORE,MUNDRA,INDIA
2023,470329,ROYAL GOLDEN EAGLE,APRIL,FUTONG,RIAU,5626,2514903,ROYAL GOLDEN EAGLE,APRIL FAR EAST MALAYSIA SDN BHD,MALAYSIA,GAOLAN,CHINA (MAINLAND)
2023,470329,SINAR MAS,INDAH KIAT,PERAWANG,RIAU,1000,568260,UNKNOWN AFFILIATION,P.P TRADING & MANUFACTURING JSC,VIETNAM,HAIPHONG,VIETNAM
2023,470329,SINAR MAS,INDAH KIAT,PERAWANG,RIAU,400,263600,SINAR MAS,KING PAPER SOURCE TRADING (SHANGHAI) CO LTD,CHINA (MAINLAND),QINZHOU,CHINA (MAINLAND)
2023,470329,ROYAL GOLDEN EAGLE,APRIL,BUATAN,RIAU,503,224635,ROYAL GOLDEN EAGLE,APRIL INTERNATIONAL ENTEPRISE PTE LTD,SINGAPORE,CHATTOGRAM,BANGLADESH
2023,470329,ROYAL GOLDEN EAGLE,APRIL,BUATAN,RIAU,402,179645,ROYAL GOLDEN EAGLE,APRIL INTERNATIONAL ENTEPRISE PTE LTD,SINGAPORE,HAIPHONG,VIETNAM
2023,470329,ROYAL GOLDEN EAGLE,APRIL,BUATAN,RIAU,502,224426,ROYAL GOLDEN EAGLE,APRIL INTERNATIONAL ENTEPRISE PTE LTD,SINGAPORE,HAIPHONG,VIETNAM
2023,470329,SINAR MAS,INDAH KIAT,PERAWANG,RIAU,500,315328,UNKNOWN AFFILIATION,NIBONG TEBAL PAPER MILL SDN BHD,MALAYSIA,PENANG (GEORGETOWN),MALAYSIA
2023,470200,ROYAL GOLDEN EAGLE,APRIL,BUATAN,RIAU,1013,621942,ROYAL GOLDEN EAGLE,APRIL FAR EAST MALAYSIA SDN BHD,MALAYSIA,JIUJIANG,CHINA (MAINLAND)
2023,470200,ROYAL GOLDEN EAGLE,APRIL,BUATAN,RIAU,507,311092,ROYAL GOLDEN EAGLE,APRIL FAR EAST MALAYSIA SDN BHD,MALAYSIA,JIUJIANG,CHINA (MAINLAND)
2023,470200,ROYAL GOLDEN EAGLE,APRIL,BUATAN,RIAU,506,310879,ROYAL GOLDEN EAGLE,APRIL FAR EAST MALAYSIA SDN BHD,MALAYSIA,LIANYUNGANG,CHINA (MAINLAND)
2023,470329,MARUBENI,TANJUNG ENIM LESTARI,TARAHAN,SUMATERA SELATAN,2058,1192958,MARUBENI,MARUBENI CORP,JAPAN,GUNSAN (ES KUNSAN),SOUTH KOREA
2023,470329,MARUBENI,TANJUNG ENIM LESTARI,TARAHAN,SUMATERA SELATAN,3090,1936292,MARUBENI,MARUBENI CORP,JAPAN,QINGDAO,CHINA (MAINLAND)
2023,470329,MARUBENI,TANJUNG ENIM LESTARI,TARAHAN,SUMATERA SELATAN,205,113735,MARUBENI,MARUBENI CORP,JAPAN,GUNSAN (ES KUNSAN),SOUTH KOREA
2023,470200,ROYAL GOLDEN EAGLE,APRIL,BUATAN,RIAU,1013,622131,ROYAL GOLDEN EAGLE,APRIL FAR EAST MALAYSIA SDN BHD,MALAYSIA,LIANYUNGANG,CHINA (MAINLAND)
2023,470329,MARUBENI,TANJUNG ENIM LESTARI,TARAHAN,SUMATERA SELATAN,1029,570184,MARUBENI,MARUBENI CORP,JAPAN,GUNSAN (ES KUNSAN),SOUTH KOREA
2023,470329,MARUBENI,TANJUNG ENIM LESTARI,TARAHAN,SUMATERA SELATAN,824,520132,MARUBENI,MARUBENI CORP,JAPAN,QINGDAO,CHINA (MAINLAND)
2023,470329,MARUBENI,TANJUNG ENIM LESTARI,PANJANG,SUMATERA SELATAN,500,258357,MARUBENI,MARUBENI CORP,JAPAN,SHIMIZU,JAPAN
2023,470329,MARUBENI,TANJUNG ENIM LESTARI,PANJANG,SUMATERA SELATAN,496,263577,MARUBENI,MARUBENI CORP,JAPAN,SHIMIZU,JAPAN
2023,470329,ROYAL GOLDEN EAGLE,APRIL,BUATAN,RIAU,502,224376,ROYAL GOLDEN EAGLE,APRIL INTERNATIONAL ENTEPRISE PTE LTD,SINGAPORE,CHATTOGRAM,BANGLADESH
2023,470329,MARUBENI,TANJUNG ENIM LESTARI,TARAHAN,SUMATERA SELATAN,2574,1613146,MARUBENI,MARUBENI CORP,JAPAN,QINGDAO,CHINA (MAINLAND)
2023,470329,SINAR MAS,INDAH KIAT,PERAWANG,RIAU,500,286882,ETHICAL,ETHICAL PULP & PAPER LTD,BANGLADESH,CHATTOGRAM,BANGLADESH
2023,470329,SINAR MAS,INDAH KIAT,PERAWANG,RIAU,500,286882,ETHICAL,ETHICAL PULP & PAPER LTD,BANGLADESH,CHATTOGRAM,BANGLADESH
2023,470200,ROYAL GOLDEN EAGLE,APRIL,BUATAN,RIAU,1013,622140,ROYAL GOLDEN EAGLE,APRIL FAR EAST MALAYSIA SDN BHD,MALAYSIA,LIANYUNGANG,CHINA (MAINLAND)
2023,470329,SINAR MAS,OKI,SULTAN MAHMUD BADARUDDIN (U),SUMATERA SELATAN,1500,963000,SINAR MAS,KING PAPER SOURCE TRADING (SHANGHAI) CO LTD,CHINA (MAINLAND),ZHENJIANG,CHINA (MAINLAND)
2023,470200,ROYAL GOLDEN EAGLE,APRIL,BUATAN,RIAU,506,310703,ROYAL GOLDEN EAGLE,APRIL FAR EAST MALAYSIA SDN BHD,MALAYSIA,FUZHOU,CHINA (MAINLAND)
2023,470329,SINAR MAS,INDAH KIAT,PERAWANG,RIAU,500,329257,PARTEX STAR,PARTEX PAPER MILLS LTD,BANGLADESH,CHATTOGRAM,BANGLADESH
2023,470200,ROYAL GOLDEN EAGLE,APRIL,BUATAN,RIAU,506,310595,ROYAL GOLDEN EAGLE,APRIL FAR EAST MALAYSIA SDN BHD,MALAYSIA,LIANYUNGANG,CHINA (MAINLAND)
2023,470329,SINAR MAS,OKI,SULTAN MAHMUD BADARUDDIN (U),SUMATERA SELATAN,4000,2568000,SINAR MAS,KING PAPER SOURCE TRADING (SHANGHAI) CO LTD,CHINA (MAINLAND),ZHENJIANG,CHINA (MAINLAND)
2023,470329,SINAR MAS,INDAH KIAT,PERAWANG,RIAU,500,330750,DAHUA,DAHUA PAPER CO NIGERIA LTD,NIGERIA,TINCAN/LAGOS,NIGERIA
2023,470200,ROYAL GOLDEN EAGLE,APRIL,BUATAN,RIAU,1012,621362,ROYAL GOLDEN EAGLE,APRIL FAR EAST MALAYSIA SDN BHD,MALAYSIA,JIUJIANG,CHINA (MAINLAND)
2023,470329,SINAR MAS,OKI,SULTAN MAHMUD BADARUDDIN (U),SUMATERA SELATAN,2500,1605000,SINAR MAS,KING PAPER SOURCE TRADING (SHANGHAI) CO LTD,CHINA (MAINLAND),ZHENJIANG,CHINA (MAINLAND)
2023,470329,SINAR MAS,INDAH KIAT,PERAWANG,RIAU,48,30820,UNKNOWN AFFILIATION,INTERNATIONAL FOREST PRODUCTS (UK),UNITED KINGDOM,SOUTHAMPTON,UNITED KINGDOM
2023,470329,SINAR MAS,OKI,SULTAN MAHMUD BADARUDDIN (U),SUMATERA SELATAN,4000,2658000,SINAR MAS,KING PAPER SOURCE TRADING (SHANGHAI) CO LTD,CHINA (MAINLAND),QINZHOU,CHINA (MAINLAND)
2023,470329,SINAR MAS,OKI,SULTAN MAHMUD BADARUDDIN (U),SUMATERA SELATAN,2000,1286000,SINAR MAS,KING PAPER SOURCE TRADING (SHANGHAI) CO LTD,CHINA (MAINLAND),NINGBO,CHINA (MAINLAND)
2023,470329,SINAR MAS,OKI,SULTAN MAHMUD BADARUDDIN (U),SUMATERA SELATAN,1000,642100,HONG WON,HONG WON PAPER MFG CO LTD,SOUTH KOREA,PYONGTAEK,SOUTH KOREA
2023,470329,SINAR MAS,OKI,SULTAN MAHMUD BADARUDDIN (U),SUMATERA SELATAN,4000,2568400,HANSOL,HANSOL PAPER CO LTD,SOUTH KOREA,PYONGTAEK,SOUTH KOREA
2023,470329,ROYAL GOLDEN EAGLE,APRIL,FUTONG,RIAU,4017,1795766,ROYAL GOLDEN EAGLE,APRIL INTERNATIONAL ENTEPRISE PTE LTD,SINGAPORE,HAIPHONG,VIETNAM
2023,470200,ROYAL GOLDEN EAGLE,APRIL,BUATAN,RIAU,506,310829,ROYAL GOLDEN EAGLE,APRIL FAR EAST MALAYSIA SDN BHD,MALAYSIA,FUZHOU,CHINA (MAINLAND)
2023,470329,SINAR MAS,OKI,SULTAN MAHMUD BADARUDDIN (U),SUMATERA SELATAN,5000,3215000,SINAR MAS,KING PAPER SOURCE TRADING (SHANGHAI) CO LTD,CHINA (MAINLAND),NINGBO,CHINA (MAINLAND)
2023,470329,SINAR MAS,OKI,SULTAN MAHMUD BADARUDDIN (U),SUMATERA SELATAN,3000,1933500,SINAR MAS,KING PAPER SOURCE TRADING (SHANGHAI) CO LTD,CHINA (MAINLAND),QINZHOU,CHINA (MAINLAND)
2023,470329,SINAR MAS,OKI,SULTAN MAHMUD BADARUDDIN (U),SUMATERA SELATAN,2500,1607500,SINAR MAS,KING PAPER SOURCE TRADING (SHANGHAI) CO LTD,CHINA (MAINLAND),NINGBO,CHINA (MAINLAND)
2023,470329,SINAR MAS,OKI,SULTAN MAHMUD BADARUDDIN (U),SUMATERA SELATAN,500,322250,SINAR MAS,KING PAPER SOURCE TRADING (SHANGHAI) CO LTD,CHINA (MAINLAND),QINZHOU,CHINA (MAINLAND)
2023,470329,SINAR MAS,OKI,SULTAN MAHMUD BADARUDDIN (U),SUMATERA SELATAN,1000,642100,HONG WON,HONG WON PAPER MFG CO LTD,SOUTH KOREA,PYONGTAEK,SOUTH KOREA
2023,470329,ROYAL GOLDEN EAGLE,APRIL,FUTONG,RIAU,4015,1794651,ROYAL GOLDEN EAGLE,APRIL FAR EAST MALAYSIA SDN BHD,MALAYSIA,GAOLAN,CHINA (MAINLAND)
2023,470329,SINAR MAS,OKI,SULTAN MAHMUD BADARUDDIN (U),SUMATERA SELATAN,3000,1926300,UNKNOWN AFFILIATION,MSS PULP CO LTD,SOUTH KOREA,GUNSAN (ES KUNSAN),SOUTH KOREA
2023,470329,SINAR MAS,OKI,SULTAN MAHMUD BADARUDDIN (U),SUMATERA SELATAN,2500,1607500,SINAR MAS,KING PAPER SOURCE TRADING (SHANGHAI) CO LTD,CHINA (MAINLAND),NINGBO,CHINA (MAINLAND)
2023,470329,ROYAL GOLDEN EAGLE,APRIL,BUATAN,RIAU,161,72176,ROYAL GOLDEN EAGLE,APRIL INTERNATIONAL ENTEPRISE PTE LTD,SINGAPORE,CALCUTTA,INDIA
2023,470329,ROYAL GOLDEN EAGLE,APRIL,BUATAN,RIAU,201,89756,ROYAL GOLDEN EAGLE,APRIL INTERNATIONAL ENTEPRISE PTE LTD,SINGAPORE,FUZHOU,CHINA (MAINLAND)
2023,470329,ROYAL GOLDEN EAGLE,APRIL,BUATAN,RIAU,503,224678,ROYAL GOLDEN EAGLE,APRIL FINE PAPER TRADING MIDDLE EAST,UNITED ARAB EMIRATES,JEDDAH,SAUDI ARABIA
2023,470200,ROYAL GOLDEN EAGLE,APRIL,FUTONG,RIAU,3045,1869933,ROYAL GOLDEN EAGLE,APRIL FAR EAST MALAYSIA SDN BHD,MALAYSIA,LIANYUNGANG,CHINA (MAINLAND)
2023,470329,SINAR MAS,OKI,SULTAN MAHMUD BADARUDDIN (U),SUMATERA SELATAN,5000,3210500,UNKNOWN AFFILIATION,C RAINBOW INTERNATIONAL CO LTD,SOUTH KOREA,GUNSAN (ES KUNSAN),SOUTH KOREA
2023,470200,ROYAL GOLDEN EAGLE,APRIL,FUTONG,RIAU,6183,3796060,ROYAL GOLDEN EAGLE,APRIL FAR EAST MALAYSIA SDN BHD,MALAYSIA,LIANYUNGANG,CHINA (MAINLAND)
2023,470200,ROYAL GOLDEN EAGLE,APRIL,BUATAN,RIAU,1014,622867,ROYAL GOLDEN EAGLE,APRIL FAR EAST MALAYSIA SDN BHD,MALAYSIA,FUZHOU,CHINA (MAINLAND)
2023,470200,ROYAL GOLDEN EAGLE,APRIL,FUTONG,RIAU,507,311167,ROYAL GOLDEN EAGLE,APRIL FAR EAST MALAYSIA SDN BHD,MALAYSIA,FUZHOU,CHINA (MAINLAND)
2023,470329,ROYAL GOLDEN EAGLE,APRIL,BUATAN,RIAU,502,224339,ROYAL GOLDEN EAGLE,APRIL INTERNATIONAL ENTEPRISE PTE LTD,SINGAPORE,CALCUTTA,INDIA
2023,470200,ROYAL GOLDEN EAGLE,APRIL,FUTONG,RIAU,1015,622948,ROYAL GOLDEN EAGLE,APRIL FAR EAST MALAYSIA SDN BHD,MALAYSIA,JIUJIANG,CHINA (MAINLAND)
2023,470200,ROYAL GOLDEN EAGLE,APRIL,FUTONG,RIAU,507,311085,ROYAL GOLDEN EAGLE,APRIL FAR EAST MALAYSIA SDN BHD,MALAYSIA,JIUJIANG,CHINA (MAINLAND)
2023,470200,ROYAL GOLDEN EAGLE,APRIL,FUTONG,RIAU,506,310643,ROYAL GOLDEN EAGLE,APRIL FAR EAST MALAYSIA SDN BHD,MALAYSIA,FUZHOU,CHINA (MAINLAND)
2023,470200,ROYAL GOLDEN EAGLE,APRIL,FUTONG,RIAU,506,310567,ROYAL GOLDEN EAGLE,APRIL FAR EAST MALAYSIA SDN BHD,MALAYSIA,JIUJIANG,CHINA (MAINLAND)
2023,470329,ROYAL GOLDEN EAGLE,APRIL,BUATAN,RIAU,101,44967,ROYAL GOLDEN EAGLE,APRIL INTERNATIONAL ENTEPRISE PTE LTD,SINGAPORE,HAIPHONG,VIETNAM
2023,470200,ROYAL GOLDEN EAGLE,APRIL,FUTONG,RIAU,507,310995,ROYAL GOLDEN EAGLE,APRIL FAR EAST MALAYSIA SDN BHD,MALAYSIA,LIANYUNGANG,CHINA (MAINLAND)
2023,470329,ROYAL GOLDEN EAGLE,APRIL,BUATAN,RIAU,502,224523,ROYAL GOLDEN EAGLE,APRIL FINE PAPER TRADING MIDDLE EAST,UNITED ARAB EMIRATES,JEDDAH,SAUDI ARABIA
2023,470200,ROYAL GOLDEN EAGLE,APRIL,FUTONG,RIAU,1012,621537,ROYAL GOLDEN EAGLE,APRIL FAR EAST MALAYSIA SDN BHD,MALAYSIA,JIUJIANG,CHINA (MAINLAND)
2023,470200,ROYAL GOLDEN EAGLE,APRIL,FUTONG,RIAU,507,311077,ROYAL GOLDEN EAGLE,APRIL FAR EAST MALAYSIA SDN BHD,MALAYSIA,LIANYUNGANG,CHINA (MAINLAND)
2023,470200,ROYAL GOLDEN EAGLE,APRIL,BUATAN,RIAU,508,311672,ROYAL GOLDEN EAGLE,APRIL FAR EAST MALAYSIA SDN BHD,MALAYSIA,JIUJIANG,CHINA (MAINLAND)
2023,470329,ROYAL GOLDEN EAGLE,APRIL,BUATAN,RIAU,582,260333,ROYAL GOLDEN EAGLE,APRIL INTERNATIONAL ENTEPRISE PTE LTD,SINGAPORE,CALCUTTA,INDIA
2023,470329,ROYAL GOLDEN EAGLE,APRIL,BUATAN,RIAU,120,53852,ROYAL GOLDEN EAGLE,APRIL INTERNATIONAL ENTEPRISE PTE LTD,SINGAPORE,TAOYUAN,TAIWAN
2023,470329,ROYAL GOLDEN EAGLE,APRIL,BUATAN,RIAU,502,224233,ROYAL GOLDEN EAGLE,APRIL FINE PAPER TRADING MIDDLE EAST,UNITED ARAB EMIRATES,EL ISKANDARIYA (= ALEXAND,EGYPT
2023,470329,SINAR MAS,INDAH KIAT,PERAWANG,RIAU,5000,3285000,SINAR MAS,JIANGSU BOHUI PAPER INDUSTRY CO LTD.,CHINA (MAINLAND),CHANGSHU,CHINA (MAINLAND)
2023,470329,SINAR MAS,INDAH KIAT,PERAWANG,RIAU,500,329257,CREATIVE,CREATIVE PAPER MILLS LTD,BANGLADESH,CHATTOGRAM,BANGLADESH
2023,470329,ROYAL GOLDEN EAGLE,APRIL,BUATAN,RIAU,201,89833,ROYAL GOLDEN EAGLE,APRIL INTERNATIONAL ENTEPRISE PTE LTD,SINGAPORE,HAIPHONG,VIETNAM
2023,470329,ROYAL GOLDEN EAGLE,APRIL,BUATAN,RIAU,60,26962,ROYAL GOLDEN EAGLE,APRIL INTERNATIONAL ENTEPRISE PTE LTD,SINGAPORE,HAIPHONG,VIETNAM
2023,470329,SINAR MAS,INDAH KIAT,PERAWANG,RIAU,3600,2365200,SINAR MAS,KING PAPER SOURCE TRADING (SHANGHAI) CO LTD,CHINA (MAINLAND),DAGANG,CHINA (MAINLAND)
2023,470329,SINAR MAS,INDAH KIAT,PERAWANG,RIAU,400,262800,SINAR MAS,KING PAPER SOURCE TRADING (SHANGHAI) CO LTD,CHINA (MAINLAND),DAGANG,CHINA (MAINLAND)
2023,470329,SINAR MAS,INDAH KIAT,PERAWANG,RIAU,300,191453,UNKNOWN AFFILIATION,XUAN MAI PAPER COMPANY LTD,VIETNAM,CAT LAI,VIETNAM
2023,470329,SINAR MAS,INDAH KIAT,PERAWANG,RIAU,500,342500,SINAR MAS,JIANGSU BOHUI PAPER INDUSTRY CO LTD.,CHINA (MAINLAND),CHANGSHU,CHINA (MAINLAND)
2023,470329,SINAR MAS,INDAH KIAT,PERAWANG,RIAU,260,161636,UNKNOWN AFFILIATION,MEDITERRANEAN PAPER CO,EGYPT,EL ISKANDARIYA (= ALEXAND,EGYPT
2023,470329,SINAR MAS,INDAH KIAT,PERAWANG,RIAU,1000,657000,SINAR MAS,JIANGSU BOHUI PAPER INDUSTRY CO LTD.,CHINA (MAINLAND),CHANGSHU,CHINA (MAINLAND)
2023,470329,SINAR MAS,INDAH KIAT,PERAWANG,RIAU,240,148781,UNKNOWN AFFILIATION,MEDITERRANEAN PAPER CO,EGYPT,EL ISKANDARIYA (= ALEXAND,EGYPT
2023,470329,SINAR MAS,INDAH KIAT,PERAWANG,RIAU,2000,1370000,SINAR MAS,JIANGSU BOHUI PAPER INDUSTRY CO LTD.,CHINA (MAINLAND),CHANGSHU,CHINA (MAINLAND)
2023,470200,ROYAL GOLDEN EAGLE,APRIL,BUATAN,RIAU,507,311122,ROYAL GOLDEN EAGLE,APRIL FAR EAST MALAYSIA SDN BHD,MALAYSIA,JIUJIANG,CHINA (MAINLAND)
2023,470329,ROYAL GOLDEN EAGLE,APRIL,BUATAN,RIAU,501,224103,ROYAL GOLDEN EAGLE,APRIL FINE PAPER TRADING MIDDLE EAST,UNITED ARAB EMIRATES,EL ISKANDARIYA (= ALEXAND,EGYPT
2023,470329,ROYAL GOLDEN EAGLE,APRIL,BUATAN,RIAU,1266,565756,ROYAL GOLDEN EAGLE,APRIL INTERNATIONAL ENTEPRISE PTE LTD,SINGAPORE,CALCUTTA,INDIA
2023,470329,ROYAL GOLDEN EAGLE,APRIL,BUATAN,RIAU,602,269202,ROYAL GOLDEN EAGLE,APRIL INTERNATIONAL ENTEPRISE PTE LTD,SINGAPORE,HAIPHONG,VIETNAM
2023,470329,ROYAL GOLDEN EAGLE,APRIL,BUATAN,RIAU,201,89737,ROYAL GOLDEN EAGLE,APRIL INTERNATIONAL ENTEPRISE PTE LTD,SINGAPORE,JAWAHARLAL NEHRU (NHAVA S,INDIA
2023,470329,ROYAL GOLDEN EAGLE,APRIL,FUTONG,RIAU,8032,3590145,ROYAL GOLDEN EAGLE,APRIL INTERNATIONAL ENTEPRISE PTE LTD,SINGAPORE,HALDIA,INDIA
2023,470329,SINAR MAS,INDAH KIAT,PERAWANG,RIAU,500,329257,CREATIVE,CREATIVE PAPER MILLS LTD,BANGLADESH,CHATTOGRAM,BANGLADESH
2023,470329,SINAR MAS,INDAH KIAT,PERAWANG,RIAU,500,317821,UNKNOWN AFFILIATION,VIET THANG PAPER AND PACKING JOINT STOCK CO,VIETNAM,HAIPHONG,VIETNAM
2023,470200,ROYAL GOLDEN EAGLE,APRIL,BUATAN,RIAU,1013,621921,ROYAL GOLDEN EAGLE,APRIL FAR EAST MALAYSIA SDN BHD,MALAYSIA,JIUJIANG,CHINA (MAINLAND)
2023,470200,ROYAL GOLDEN EAGLE,APRIL,FUTONG,RIAU,2935,1802009,ROYAL GOLDEN EAGLE,APRIL FAR EAST MALAYSIA SDN BHD,MALAYSIA,LIANYUNGANG,CHINA (MAINLAND)
2023,470200,ROYAL GOLDEN EAGLE,APRIL,FUTONG,RIAU,8123,4987474,ROYAL GOLDEN EAGLE,APRIL FAR EAST MALAYSIA SDN BHD,MALAYSIA,LIANYUNGANG,CHINA (MAINLAND)
2023,470200,ROYAL GOLDEN EAGLE,APRIL,FUTONG,RIAU,5580,3426306,ROYAL GOLDEN EAGLE,APRIL FAR EAST MALAYSIA SDN BHD,MALAYSIA,CHANGSHU,CHINA (MAINLAND)
2023,470200,ROYAL GOLDEN EAGLE,APRIL,FUTONG,RIAU,6688,4106419,ROYAL GOLDEN EAGLE,APRIL FAR EAST MALAYSIA SDN BHD,MALAYSIA,CHANGSHU,CHINA (MAINLAND)
2023,470329,ROYAL GOLDEN EAGLE,APRIL,BUATAN,RIAU,342,152654,ROYAL GOLDEN EAGLE,APRIL INTERNATIONAL ENTEPRISE PTE LTD,SINGAPORE,HAIPHONG,VIETNAM
2023,470329,MARUBENI,TANJUNG ENIM LESTARI,PANJANG,SUMATERA SELATAN,511,316887,MARUBENI,MARUBENI CORP,JAPAN,YINGKOU,CHINA (MAINLAND)
2023,470329,MARUBENI,TANJUNG ENIM LESTARI,PANJANG,SUMATERA SELATAN,496,263628,MARUBENI,MARUBENI CORP,JAPAN,SHIMIZU,JAPAN
2023,470329,MARUBENI,TANJUNG ENIM LESTARI,PANJANG,SUMATERA SELATAN,189,104701,MARUBENI,MARUBENI CORP,JAPAN,SANAND,INDIA
2023,470329,ROYAL GOLDEN EAGLE,APRIL,BUATAN,RIAU,100,44907,ROYAL GOLDEN EAGLE,APRIL INTERNATIONAL ENTEPRISE PTE LTD,SINGAPORE,HAIPHONG,VIETNAM
2023,470329,SINAR MAS,INDAH KIAT,PERAWANG,RIAU,500,324375,UNKNOWN AFFILIATION,FARIAA TRADING CORPORATION,PAKISTAN,KARACHI,PAKISTAN
2023,470329,ROYAL GOLDEN EAGLE,APRIL,BUATAN,RIAU,642,287017,ROYAL GOLDEN EAGLE,APRIL INTERNATIONAL ENTEPRISE PTE LTD,SINGAPORE,ZHANJIANG,CHINA (MAINLAND)
2023,470200,ROYAL GOLDEN EAGLE,APRIL,BUATAN,RIAU,507,310996,ROYAL GOLDEN EAGLE,APRIL FAR EAST MALAYSIA SDN BHD,MALAYSIA,JIUJIANG,CHINA (MAINLAND)
2023,470329,ROYAL GOLDEN EAGLE,APRIL,FUTONG,RIAU,6088,2721509,ROYAL GOLDEN EAGLE,APRIL INTERNATIONAL ENTEPRISE PTE LTD,SINGAPORE,MUMBAI (EX BOMBAY),INDIA
2023,470329,ROYAL GOLDEN EAGLE,APRIL,FUTONG,RIAU,3941,1761843,ROYAL GOLDEN EAGLE,APRIL INTERNATIONAL ENTEPRISE PTE LTD,SINGAPORE,MUMBAI (EX BOMBAY),INDIA
2023,470329,ROYAL GOLDEN EAGLE,APRIL,FUTONG,RIAU,5040,2252981,ROYAL GOLDEN EAGLE,APRIL FINE PAPER TRADING MIDDLE EAST,UNITED ARAB EMIRATES,AD DAMMAM,SAUDI ARABIA
2023,470200,ROYAL GOLDEN EAGLE,APRIL,BUATAN,RIAU,1520,896655,ROYAL GOLDEN EAGLE,APRIL FAR EAST MALAYSIA SDN BHD,MALAYSIA,FUZHOU,CHINA (MAINLAND)
2023,470329,MARUBENI,TANJUNG ENIM LESTARI,PANJANG,SUMATERA SELATAN,508,260920,MARUBENI,MARUBENI CORP,JAPAN,JAWAHARLAL NEHRU (NHAVA S,INDIA
2023,470329,MARUBENI,TANJUNG ENIM LESTARI,PANJANG,SUMATERA SELATAN,504,318672,MARUBENI,MARUBENI CORP,JAPAN,XINHUI,CHINA (MAINLAND)
2023,470200,ROYAL GOLDEN EAGLE,APRIL,BUATAN,RIAU,507,311038,ROYAL GOLDEN EAGLE,APRIL FAR EAST MALAYSIA SDN BHD,MALAYSIA,JIUJIANG,CHINA (MAINLAND)
2023,470329,SINAR MAS,INDAH KIAT,PERAWANG,RIAU,6700,4276342,UNKNOWN AFFILIATION,C RAINBOW INTERNATIONAL CO LTD,SOUTH KOREA,ULSAN,SOUTH KOREA
2023,470329,MARUBENI,TANJUNG ENIM LESTARI,PANJANG,SUMATERA SELATAN,508,260539,MARUBENI,MARUBENI CORP,JAPAN,JAWAHARLAL NEHRU (NHAVA S,INDIA
2023,470200,ROYAL GOLDEN EAGLE,APRIL,BUATAN,RIAU,1013,622106,ROYAL GOLDEN EAGLE,APRIL FAR EAST MALAYSIA SDN BHD,MALAYSIA,FUZHOU,CHINA (MAINLAND)
2023,470200,ROYAL GOLDEN EAGLE,APRIL,BUATAN,RIAU,506,310976,ROYAL GOLDEN EAGLE,APRIL FAR EAST MALAYSIA SDN BHD,MALAYSIA,JIUJIANG,CHINA (MAINLAND)
2023,470329,ROYAL GOLDEN EAGLE,APRIL,BUATAN,RIAU,200,89612,ROYAL GOLDEN EAGLE,APRIL INTERNATIONAL ENTEPRISE PTE LTD,SINGAPORE,CAT LAI,VIETNAM
2023,470329,ROYAL GOLDEN EAGLE,APRIL,BUATAN,RIAU,1002,447916,ROYAL GOLDEN EAGLE,APRIL INTERNATIONAL ENTEPRISE PTE LTD,SINGAPORE,ZHANJIANG,CHINA (MAINLAND)
2023,470200,ROYAL GOLDEN EAGLE,APRIL,BUATAN,RIAU,506,310820,ROYAL GOLDEN EAGLE,APRIL FAR EAST MALAYSIA SDN BHD,MALAYSIA,JIUJIANG,CHINA (MAINLAND)
2023,470200,ROYAL GOLDEN EAGLE,APRIL,FUTONG,RIAU,506,310763,ROYAL GOLDEN EAGLE,APRIL FAR EAST MALAYSIA SDN BHD,MALAYSIA,JIUJIANG,CHINA (MAINLAND)
2023,470329,SINAR MAS,OKI,SULTAN MAHMUD BADARUDDIN (U),SUMATERA SELATAN,5900,3817300,SINAR MAS,KING PAPER SOURCE TRADING (SHANGHAI) CO LTD,CHINA (MAINLAND),CHANGSHU,CHINA (MAINLAND)
2023,470200,ROYAL GOLDEN EAGLE,APRIL,BUATAN,RIAU,507,311456,ROYAL GOLDEN EAGLE,APRIL FAR EAST MALAYSIA SDN BHD,MALAYSIA,FUZHOU,CHINA (MAINLAND)
2023,470200,ROYAL GOLDEN EAGLE,APRIL,FUTONG,RIAU,1013,621834,ROYAL GOLDEN EAGLE,APRIL FAR EAST MALAYSIA SDN BHD,MALAYSIA,LIANYUNGANG,CHINA (MAINLAND)
2023,470200,ROYAL GOLDEN EAGLE,APRIL,FUTONG,RIAU,1012,621540,ROYAL GOLDEN EAGLE,APRIL FAR EAST MALAYSIA SDN BHD,MALAYSIA,LIANYUNGANG,CHINA (MAINLAND)
2023,470200,ROYAL GOLDEN EAGLE,APRIL,FUTONG,RIAU,1011,621043,ROYAL GOLDEN EAGLE,APRIL FAR EAST MALAYSIA SDN BHD,MALAYSIA,LIANYUNGANG,CHINA (MAINLAND)
2023,470329,SINAR MAS,OKI,SULTAN MAHMUD BADARUDDIN (U),SUMATERA SELATAN,5000,3235000,SINAR MAS,JIANGSU BOHUI PAPER INDUSTRY CO LTD.,CHINA (MAINLAND),CHANGSHU,CHINA (MAINLAND)
2023,470329,SINAR MAS,OKI,SULTAN MAHMUD BADARUDDIN (U),SUMATERA SELATAN,5000,3235000,SINAR MAS,JIANGSU BOHUI PAPER INDUSTRY CO LTD.,CHINA (MAINLAND),CHANGSHU,CHINA (MAINLAND)
2023,470329,SINAR MAS,OKI,SULTAN MAHMUD BADARUDDIN (U),SUMATERA SELATAN,2100,1358700,SINAR MAS,JIANGSU BOHUI PAPER INDUSTRY CO LTD.,CHINA (MAINLAND),CHANGSHU,CHINA (MAINLAND)
2023,470329,ROYAL GOLDEN EAGLE,APRIL,BUATAN,RIAU,503,224705,ROYAL GOLDEN EAGLE,APRIL INTERNATIONAL ENTEPRISE PTE LTD,SINGAPORE,ABU DHABI,NEW ZEALAND
2023,470200,ROYAL GOLDEN EAGLE,APRIL,BUATAN,RIAU,506,310942,ROYAL GOLDEN EAGLE,APRIL FAR EAST MALAYSIA SDN BHD,MALAYSIA,JIUJIANG,CHINA (MAINLAND)
2023,470329,SINAR MAS,OKI,SULTAN MAHMUD BADARUDDIN (U),SUMATERA SELATAN,5000,3235000,SINAR MAS,JIANGSU BOHUI PAPER INDUSTRY CO LTD.,CHINA (MAINLAND),CHANGSHU,CHINA (MAINLAND)
2023,470329,ROYAL GOLDEN EAGLE,APRIL,BUATAN,RIAU,60,26922,ROYAL GOLDEN EAGLE,APRIL INTERNATIONAL ENTEPRISE PTE LTD,SINGAPORE,LAEM CHABANG,THAILAND
2023,470329,ROYAL GOLDEN EAGLE,APRIL,BUATAN,RIAU,40,18053,ROYAL GOLDEN EAGLE,APRIL INTERNATIONAL ENTEPRISE PTE LTD,SINGAPORE,VISAKHAPATNAM,INDIA
2023,470200,ROYAL GOLDEN EAGLE,APRIL,FUTONG,RIAU,506,310768,ROYAL GOLDEN EAGLE,APRIL FAR EAST MALAYSIA SDN BHD,MALAYSIA,JIUJIANG,CHINA (MAINLAND)
2023,470329,SINAR MAS,INDAH KIAT,PERAWANG,RIAU,300,189197,XSD INTERNATIONAL,XSD INTERNATIONAL PAPER SDN BHD,MALAYSIA,PENANG (GEORGETOWN),MALAYSIA
2023,470329,SINAR MAS,INDAH KIAT,PERAWANG,RIAU,500,317821,VIETNAM PAPER CORP,VAN DIEM PAPER JSC,VIETNAM,HAIPHONG,VIETNAM
2023,470329,SINAR MAS,OKI,SULTAN MAHMUD BADARUDDIN (U),SUMATERA SELATAN,32,20220,OITA SEISHI CORP,OITA SEISHI CORP,JAPAN,HAKATA/FUKUOKA,JAPAN
2023,470329,SINAR MAS,INDAH KIAT,PERAWANG,RIAU,500,328328,UNKNOWN AFFILIATION,NIBONG TEBAL PAPER MILL SDN BHD,MALAYSIA,PENANG (GEORGETOWN),MALAYSIA
2023,470329,SINAR MAS,INDAH KIAT,PERAWANG,RIAU,200,126503,C.A.S,C.A.S PAPER MILL CO LTD,THAILAND,LAT KRABANG,THAILAND
2023,470329,SINAR MAS,OKI,SULTAN MAHMUD BADARUDDIN (U),SUMATERA SELATAN,7000,4494000,SINAR MAS,KING PAPER SOURCE TRADING (SHANGHAI) CO LTD,CHINA (MAINLAND),CHANGSHU,CHINA (MAINLAND)
2023,470200,ROYAL GOLDEN EAGLE,APRIL,FUTONG,RIAU,1012,621610,ROYAL GOLDEN EAGLE,APRIL FAR EAST MALAYSIA SDN BHD,MALAYSIA,LIANYUNGANG,CHINA (MAINLAND)
2023,470329,MARUBENI,TANJUNG ENIM LESTARI,PANJANG,SUMATERA SELATAN,510,326300,MARUBENI,MARUBENI CORP,JAPAN,QINGDAO,CHINA (MAINLAND)
2023,470329,SINAR MAS,OKI,SULTAN MAHMUD BADARUDDIN (U),SUMATERA SELATAN,3000,1926000,SINAR MAS,JIANGSU BOHUI PAPER INDUSTRY CO LTD.,CHINA (MAINLAND),CHANGSHU,CHINA (MAINLAND)
2023,470329,SINAR MAS,INDAH KIAT,PERAWANG,RIAU,1500,973772,QUBE HOLDINGS LTD,QUBE LOGISTICS,AUSTRALIA,MELBOURNE,AUSTRALIA
2023,470329,MARUBENI,TANJUNG ENIM LESTARI,TARAHAN,SUMATERA SELATAN,1060,665890,MARUBENI,MARUBENI CORP,JAPAN,QINGDAO,CHINA (MAINLAND)
2023,470329,MARUBENI,TANJUNG ENIM LESTARI,TARAHAN,SUMATERA SELATAN,1058,665010,MARUBENI,MARUBENI CORP,JAPAN,QINGDAO,CHINA (MAINLAND)
2023,470329,ROYAL GOLDEN EAGLE,APRIL,BUATAN,RIAU,502,224484,ROYAL GOLDEN EAGLE,APRIL INTERNATIONAL ENTEPRISE PTE LTD,SINGAPORE,CHATTOGRAM,BANGLADESH
2023,470329,MARUBENI,TANJUNG ENIM LESTARI,TARAHAN,SUMATERA SELATAN,3179,2074901,MARUBENI,MARUBENI CORP,JAPAN,NINGBO,CHINA (MAINLAND)
2023,470329,MARUBENI,TANJUNG ENIM LESTARI,TARAHAN,SUMATERA SELATAN,1059,675466,MARUBENI,MARUBENI CORP,JAPAN,QINGDAO,CHINA (MAINLAND)
2023,470329,ROYAL GOLDEN EAGLE,APRIL,BUATAN,RIAU,903,403696,ROYAL GOLDEN EAGLE,APRIL INTERNATIONAL ENTEPRISE PTE LTD,SINGAPORE,CAT LAI,VIETNAM
2023,470329,MARUBENI,TANJUNG ENIM LESTARI,TARAHAN,SUMATERA SELATAN,1059,670756,MARUBENI,MARUBENI CORP,JAPAN,QINGDAO,CHINA (MAINLAND)
2023,470329,MARUBENI,TANJUNG ENIM LESTARI,TARAHAN,SUMATERA SELATAN,1058,690863,MARUBENI,MARUBENI CORP,JAPAN,QINGDAO,CHINA (MAINLAND)
2023,470329,MARUBENI,TANJUNG ENIM LESTARI,TARAHAN,SUMATERA SELATAN,528,336999,MARUBENI,MARUBENI CORP,JAPAN,QINGDAO,CHINA (MAINLAND)
2023,470329,ROYAL GOLDEN EAGLE,APRIL,BUATAN,RIAU,201,89834,ROYAL GOLDEN EAGLE,APRIL INTERNATIONAL ENTEPRISE PTE LTD,SINGAPORE,LAT KRABANG,THAILAND
2023,470200,ROYAL GOLDEN EAGLE,APRIL,FUTONG,RIAU,1522,925743,ROYAL GOLDEN EAGLE,APRIL FAR EAST MALAYSIA SDN BHD,MALAYSIA,XIUYING,CHINA (MAINLAND)
2023,470200,ROYAL GOLDEN EAGLE,APRIL,BUATAN,RIAU,507,311004,ROYAL GOLDEN EAGLE,APRIL FAR EAST MALAYSIA SDN BHD,MALAYSIA,JIUJIANG,CHINA (MAINLAND)
2023,470329,ROYAL GOLDEN EAGLE,APRIL,BUATAN,RIAU,201,89885,ROYAL GOLDEN EAGLE,APRIL INTERNATIONAL ENTEPRISE PTE LTD,SINGAPORE,JAWAHARLAL NEHRU (NHAVA S,INDIA
2023,470329,ROYAL GOLDEN EAGLE,APRIL,FUTONG,RIAU,4319,2021269,ROYAL GOLDEN EAGLE,APRIL FAR EAST MALAYSIA SDN BHD,MALAYSIA,GAOLAN,CHINA (MAINLAND)
2023,470200,ROYAL GOLDEN EAGLE,APRIL,FUTONG,RIAU,4252,2610940,ROYAL GOLDEN EAGLE,APRIL FAR EAST MALAYSIA SDN BHD,MALAYSIA,XIUYING,CHINA (MAINLAND)
2023,470329,MARUBENI,TANJUNG ENIM LESTARI,TARAHAN,SUMATERA SELATAN,529,332502,MARUBENI,MARUBENI CORP,JAPAN,QINGDAO,CHINA (MAINLAND)
2023,470329,MARUBENI,TANJUNG ENIM LESTARI,TARAHAN,SUMATERA SELATAN,1376,904837,MARUBENI,MARUBENI CORP,JAPAN,QINGDAO,CHINA (MAINLAND)
2023,470329,ROYAL GOLDEN EAGLE,APRIL,BUATAN,RIAU,100,44823,ROYAL GOLDEN EAGLE,APRIL INTERNATIONAL ENTEPRISE PTE LTD,SINGAPORE,MUNDRA,INDIA
2023,440122,ROYAL GOLDEN EAGLE,BALIKPAPAN CHIP LESTARI,BALIKPAPAN,KALIMANTAN TIMUR,25224,4161945,ROYAL GOLDEN EAGLE,ASIA SYMBOL (SHANDONG) PULP AND PAPER,CHINA (MAINLAND),RIZHAO,CHINA (MAINLAND)
2023,470329,MARUBENI,TANJUNG ENIM LESTARI,PANJANG,SUMATERA SELATAN,19,13225,MARUBENI,MARUBENI CORP,JAPAN,SHIMIZU,JAPAN
2023,470329,ROYAL GOLDEN EAGLE,APRIL,BUATAN,RIAU,502,224436,ROYAL GOLDEN EAGLE,APRIL FINE PAPER TRADING MIDDLE EAST,UNITED ARAB EMIRATES,APAPA,NIGERIA
2023,470329,SINAR MAS,OKI,SULTAN MAHMUD BADARUDDIN (U),SUMATERA SELATAN,2500,1575000,MEGHNA GROUP OF INDUSTRIES,MEGHNA PULP AND PAPER MILLS LTD,BANGLADESH,CHATTOGRAM,BANGLADESH
2023,470329,SINAR MAS,OKI,SULTAN MAHMUD BADARUDDIN (U),SUMATERA SELATAN,5000,3210000,SINAR MAS,JIANGSU BOHUI PAPER INDUSTRY CO LTD.,CHINA (MAINLAND),CHANGSHU,CHINA (MAINLAND)
2023,470329,SINAR MAS,OKI,SULTAN MAHMUD BADARUDDIN (U),SUMATERA SELATAN,2500,1575000,MEGHNA GROUP OF INDUSTRIES,MEGHNA PULP AND PAPER MILLS LTD,BANGLADESH,CHATTOGRAM,BANGLADESH
2023,470329,MARUBENI,TANJUNG ENIM LESTARI,PANJANG,SUMATERA SELATAN,96,65103,MARUBENI,MARUBENI CORP,JAPAN,SHIMIZU,JAPAN
2023,470329,SINAR MAS,INDAH KIAT,PERAWANG,RIAU,1000,686000,SINAR MAS,KING PAPER SOURCE TRADING (SHANGHAI) CO LTD,CHINA (MAINLAND),NINGBO,CHINA (MAINLAND)
2023,470329,SINAR MAS,OKI,SULTAN MAHMUD BADARUDDIN (U),SUMATERA SELATAN,2000,1284000,SINAR MAS,JIANGSU BOHUI PAPER INDUSTRY CO LTD.,CHINA (MAINLAND),CHANGSHU,CHINA (MAINLAND)
2023,470329,SINAR MAS,OKI,SULTAN MAHMUD BADARUDDIN (U),SUMATERA SELATAN,5000,3210000,SINAR MAS,KING PAPER SOURCE TRADING (SHANGHAI) CO LTD,CHINA (MAINLAND),CHANGSHU,CHINA (MAINLAND)
2023,470329,SINAR MAS,INDAH KIAT,PERAWANG,RIAU,1200,823200,SINAR MAS,KING PAPER SOURCE TRADING (SHANGHAI) CO LTD,CHINA (MAINLAND),NINGBO,CHINA (MAINLAND)
2023,470329,SINAR MAS,INDAH KIAT,PERAWANG,RIAU,7300,4664700,SINAR MAS,KING PAPER SOURCE TRADING (SHANGHAI) CO LTD,CHINA (MAINLAND),NINGBO,CHINA (MAINLAND)
2023,470329,SINAR MAS,OKI,SULTAN MAHMUD BADARUDDIN (U),SUMATERA SELATAN,2500,1575000,MEGHNA GROUP OF INDUSTRIES,MEGHNA PULP AND PAPER MILLS LTD,BANGLADESH,CHATTOGRAM,BANGLADESH
2023,470329,SINAR MAS,OKI,SULTAN MAHMUD BADARUDDIN (U),SUMATERA SELATAN,2500,1575000,MEGHNA GROUP OF INDUSTRIES,MEGHNA PULP AND PAPER MILLS LTD,BANGLADESH,CHATTOGRAM,BANGLADESH
2023,470329,MARUBENI,TANJUNG ENIM LESTARI,PANJANG,SUMATERA SELATAN,507,304618,MARUBENI,MARUBENI CORP,JAPAN,SAHNEWAL,INDIA
2023,470329,MARUBENI,TANJUNG ENIM LESTARI,PANJANG,SUMATERA SELATAN,39,26278,MARUBENI,MARUBENI CORP,JAPAN,SHIMIZU,JAPAN
2023,470329,SINAR MAS,INDAH KIAT,PERAWANG,RIAU,2000,1278000,SINAR MAS,KING PAPER SOURCE TRADING (SHANGHAI) CO LTD,CHINA (MAINLAND),NINGBO,CHINA (MAINLAND)
2023,470329,ROYAL GOLDEN EAGLE,APRIL,BUATAN,RIAU,501,224038,ROYAL GOLDEN EAGLE,APRIL INTERNATIONAL ENTEPRISE PTE LTD,SINGAPORE,HAIPHONG,VIETNAM
2023,470200,ROYAL GOLDEN EAGLE,APRIL,BUATAN,RIAU,507,311471,ROYAL GOLDEN EAGLE,APRIL FAR EAST MALAYSIA SDN BHD,MALAYSIA,FUZHOU,CHINA (MAINLAND)
2023,470329,MARUBENI,TANJUNG ENIM LESTARI,PANJANG,SUMATERA SELATAN,148,86499,MARUBENI,MARUBENI CORP,JAPAN,JAWAHARLAL NEHRU (NHAVA S,INDIA
2023,470329,MARUBENI,TANJUNG ENIM LESTARI,PANJANG,SUMATERA SELATAN,103,67105,MARUBENI,MARUBENI CORP,JAPAN,JAWAHARLAL NEHRU (NHAVA S,INDIA
2023,470329,MARUBENI,TANJUNG ENIM LESTARI,PANJANG,SUMATERA SELATAN,167,108665,MARUBENI,MARUBENI CORP,JAPAN,SANAND,INDIA
2023,470329,MARUBENI,TANJUNG ENIM LESTARI,PANJANG,SUMATERA SELATAN,403,240278,MARUBENI,MARUBENI CORP,JAPAN,PENANG (GEORGETOWN),MALAYSIA
2023,470329,SINAR MAS,INDAH KIAT,PERAWANG,RIAU,500,327171,UNKNOWN AFFILIATION,P.P TRADING & MANUFACTURING JSC,VIETNAM,HAIPHONG,VIETNAM
2023,470329,MARUBENI,TANJUNG ENIM LESTARI,PANJANG,SUMATERA SELATAN,148,86038,MARUBENI,MARUBENI CORP,JAPAN,JAWAHARLAL NEHRU (NHAVA S,INDIA
2023,470200,ROYAL GOLDEN EAGLE,APRIL,BUATAN,RIAU,1519,932379,ROYAL GOLDEN EAGLE,APRIL FAR EAST MALAYSIA SDN BHD,MALAYSIA,FUZHOU,CHINA (MAINLAND)
2023,470329,MARUBENI,TANJUNG ENIM LESTARI,PANJANG,SUMATERA SELATAN,104,67303,MARUBENI,MARUBENI CORP,JAPAN,JAWAHARLAL NEHRU (NHAVA S,INDIA
2023,470329,MARUBENI,TANJUNG ENIM LESTARI,PANJANG,SUMATERA SELATAN,510,306960,MARUBENI,MARUBENI CORP,JAPAN,SAHNEWAL,INDIA
2023,470329,SINAR MAS,INDAH KIAT,PERAWANG,RIAU,300,193609,NTPM HOLDINGS BHD,NTPM (VIETNAM) CO LTD,VIETNAM,CAT LAI,VIETNAM
2023,470329,MARUBENI,TANJUNG ENIM LESTARI,PANJANG,SUMATERA SELATAN,500,265723,MARUBENI,MARUBENI CORP,JAPAN,SHIMIZU,JAPAN
2023,470200,ROYAL GOLDEN EAGLE,APRIL,BUATAN,RIAU,506,310946,ROYAL GOLDEN EAGLE,APRIL FAR EAST MALAYSIA SDN BHD,MALAYSIA,FUZHOU,CHINA (MAINLAND)
2023,470200,ROYAL GOLDEN EAGLE,APRIL,BUATAN,RIAU,507,311291,ROYAL GOLDEN EAGLE,APRIL FAR EAST MALAYSIA SDN BHD,MALAYSIA,FUZHOU,CHINA (MAINLAND)
2023,470200,ROYAL GOLDEN EAGLE,APRIL,BUATAN,RIAU,507,311351,ROYAL GOLDEN EAGLE,APRIL FAR EAST MALAYSIA SDN BHD,MALAYSIA,JIUJIANG,CHINA (MAINLAND)
2023,470329,ROYAL GOLDEN EAGLE,APRIL,BUATAN,RIAU,522,233132,ROYAL GOLDEN EAGLE,APRIL INTERNATIONAL ENTEPRISE PTE LTD,SINGAPORE,NINGBO,CHINA (MAINLAND)
2023,470329,MARUBENI,TANJUNG ENIM LESTARI,PANJANG,SUMATERA SELATAN,502,267232,MARUBENI,MARUBENI CORP,JAPAN,SHIMIZU,JAPAN
2023,470200,ROYAL GOLDEN EAGLE,APRIL,BUATAN,RIAU,992,597721,ROYAL GOLDEN EAGLE,APRIL FAR EAST MALAYSIA SDN BHD,MALAYSIA,LIANYUNGANG,CHINA (MAINLAND)
2023,470200,ROYAL GOLDEN EAGLE,APRIL,BUATAN,RIAU,263,155226,ROYAL GOLDEN EAGLE,APRIL FAR EAST MALAYSIA SDN BHD,MALAYSIA,JIUJIANG,CHINA (MAINLAND)
2023,470200,ROYAL GOLDEN EAGLE,APRIL,BUATAN,RIAU,507,311059,ROYAL GOLDEN EAGLE,APRIL FAR EAST MALAYSIA SDN BHD,MALAYSIA,LIANYUNGANG,CHINA (MAINLAND)
2023,470329,MARUBENI,TANJUNG ENIM LESTARI,PANJANG,SUMATERA SELATAN,510,320451,MARUBENI,MARUBENI CORP,JAPAN,WUHAN,CHINA (MAINLAND)
2023,470329,ROYAL GOLDEN EAGLE,APRIL,BUATAN,RIAU,503,224811,ROYAL GOLDEN EAGLE,APRIL INTERNATIONAL ENTEPRISE PTE LTD,SINGAPORE,CHATTOGRAM,BANGLADESH
2023,470329,ROYAL GOLDEN EAGLE,APRIL,BUATAN,RIAU,1005,449051,ROYAL GOLDEN EAGLE,APRIL INTERNATIONAL ENTEPRISE PTE LTD,SINGAPORE,HAIPHONG,VIETNAM
2023,470200,ROYAL GOLDEN EAGLE,APRIL,BUATAN,RIAU,506,298573,ROYAL GOLDEN EAGLE,APRIL FAR EAST MALAYSIA SDN BHD,MALAYSIA,JIUJIANG,CHINA (MAINLAND)
2023,470329,SINAR MAS,INDAH KIAT,PERAWANG,RIAU,5000,3290000,SINAR MAS,KING PAPER SOURCE TRADING (SHANGHAI) CO LTD,CHINA (MAINLAND),DAGANG,CHINA (MAINLAND)
2023,470200,ROYAL GOLDEN EAGLE,APRIL,FUTONG,RIAU,1440,883919,ROYAL GOLDEN EAGLE,APRIL FAR EAST MALAYSIA SDN BHD,MALAYSIA,LIANYUNGANG,CHINA (MAINLAND)
2023,470329,SINAR MAS,INDAH KIAT,PERAWANG,RIAU,4600,3026800,SINAR MAS,KING PAPER SOURCE TRADING (SHANGHAI) CO LTD,CHINA (MAINLAND),DAGANG,CHINA (MAINLAND)
2023,470200,ROYAL GOLDEN EAGLE,APRIL,FUTONG,RIAU,506,310667,ROYAL GOLDEN EAGLE,APRIL FAR EAST MALAYSIA SDN BHD,MALAYSIA,FUZHOU,CHINA (MAINLAND)
2023,470200,ROYAL GOLDEN EAGLE,APRIL,FUTONG,RIAU,81,49989,ROYAL GOLDEN EAGLE,APRIL FAR EAST MALAYSIA SDN BHD,MALAYSIA,LIANYUNGANG,CHINA (MAINLAND)
2023,470329,SINAR MAS,INDAH KIAT,PERAWANG,RIAU,400,263200,SINAR MAS,KING PAPER SOURCE TRADING (SHANGHAI) CO LTD,CHINA (MAINLAND),DAGANG,CHINA (MAINLAND)
2023,470200,ROYAL GOLDEN EAGLE,APRIL,FUTONG,RIAU,506,310802,ROYAL GOLDEN EAGLE,APRIL FAR EAST MALAYSIA SDN BHD,MALAYSIA,JIUJIANG,CHINA (MAINLAND)
2023,470200,ROYAL GOLDEN EAGLE,APRIL,FUTONG,RIAU,101,62255,ROYAL GOLDEN EAGLE,APRIL FAR EAST MALAYSIA SDN BHD,MALAYSIA,LIANYUNGANG,CHINA (MAINLAND)
2023,470329,SINAR MAS,OKI,SULTAN MAHMUD BADARUDDIN (U),SUMATERA SELATAN,11000,7062000,SINAR MAS,KING PAPER SOURCE TRADING (SHANGHAI) CO LTD,CHINA (MAINLAND),ZHENJIANG,CHINA (MAINLAND)
2023,470329,SINAR MAS,INDAH KIAT,PERAWANG,RIAU,500,315328,XSD INTERNATIONAL,XSD INTERNATIONAL PAPER SDN BHD,MALAYSIA,PENANG (GEORGETOWN),MALAYSIA
2023,470329,ROYAL GOLDEN EAGLE,APRIL,BUATAN,RIAU,502,224451,ROYAL GOLDEN EAGLE,APRIL INTERNATIONAL ENTEPRISE PTE LTD,SINGAPORE,HAIPHONG,VIETNAM
2023,470200,ROYAL GOLDEN EAGLE,APRIL,FUTONG,RIAU,1013,622229,ROYAL GOLDEN EAGLE,APRIL FAR EAST MALAYSIA SDN BHD,MALAYSIA,LIANYUNGANG,CHINA (MAINLAND)
2023,470329,SINAR MAS,OKI,SULTAN MAHMUD BADARUDDIN (U),SUMATERA SELATAN,1000,642000,SINAR MAS,KING PAPER SOURCE TRADING (SHANGHAI) CO LTD,CHINA (MAINLAND),ZHENJIANG,CHINA (MAINLAND)
2023,470329,SINAR MAS,INDAH KIAT,PERAWANG,RIAU,500,319188,ADNPM,ABU DHABI NATIONAL PAPER MILL LLC,UNITED ARAB EMIRATES,ABU DHABI,NEW ZEALAND
2023,470329,SINAR MAS,INDAH KIAT,PERAWANG,RIAU,500,341332,SINAR MAS,KING PAPER SOURCE TRADING (SHANGHAI) CO LTD,CHINA (MAINLAND),DALIAN,CHINA (MAINLAND)
2023,470329,SINAR MAS,INDAH KIAT,PERAWANG,RIAU,500,341332,SINAR MAS,KING PAPER SOURCE TRADING (SHANGHAI) CO LTD,CHINA (MAINLAND),DALIAN,CHINA (MAINLAND)
2023,470329,ROYAL GOLDEN EAGLE,APRIL,BUATAN,RIAU,1004,449002,ROYAL GOLDEN EAGLE,APRIL INTERNATIONAL ENTEPRISE PTE LTD,SINGAPORE,CHATTOGRAM,BANGLADESH
2023,470329,ROYAL GOLDEN EAGLE,APRIL,BUATAN,RIAU,301,134629,ROYAL GOLDEN EAGLE,APRIL INTERNATIONAL ENTEPRISE PTE LTD,SINGAPORE,CHATTOGRAM,BANGLADESH
2023,470329,ROYAL GOLDEN EAGLE,APRIL,BUATAN,RIAU,703,314372,ROYAL GOLDEN EAGLE,APRIL INTERNATIONAL ENTEPRISE PTE LTD,SINGAPORE,NINGBO,CHINA (MAINLAND)
2023,470200,ROYAL GOLDEN EAGLE,APRIL,FUTONG,RIAU,913,560338,ROYAL GOLDEN EAGLE,APRIL FAR EAST MALAYSIA SDN BHD,MALAYSIA,LIANYUNGANG,CHINA (MAINLAND)
2023,470329,SINAR MAS,OKI,SULTAN MAHMUD BADARUDDIN (U),SUMATERA SELATAN,2500,1605000,SINAR MAS,KING PAPER SOURCE TRADING (SHANGHAI) CO LTD,CHINA (MAINLAND),NINGBO,CHINA (MAINLAND)
2023,470200,ROYAL GOLDEN EAGLE,APRIL,FUTONG,RIAU,2032,1247654,ROYAL GOLDEN EAGLE,APRIL FAR EAST MALAYSIA SDN BHD,MALAYSIA,CHANGSHU,CHINA (MAINLAND)
2023,470329,ROYAL GOLDEN EAGLE,APRIL,BUATAN,RIAU,503,224693,ROYAL GOLDEN EAGLE,APRIL INTERNATIONAL ENTEPRISE PTE LTD,SINGAPORE,CHATTOGRAM,BANGLADESH
2023,470329,SINAR MAS,OKI,SULTAN MAHMUD BADARUDDIN (U),SUMATERA SELATAN,5000,3212500,SINAR MAS,SHANDONG BOHUI PAPER INDUSTRY CO LTD,CHINA (MAINLAND),QINGDAO,CHINA (MAINLAND)
2023,470329,SINAR MAS,OKI,SULTAN MAHMUD BADARUDDIN (U),SUMATERA SELATAN,4300,2846600,SINAR MAS,KING PAPER SOURCE TRADING (SHANGHAI) CO LTD,CHINA (MAINLAND),NINGBO,CHINA (MAINLAND)
2023,470329,SINAR MAS,OKI,SULTAN MAHMUD BADARUDDIN (U),SUMATERA SELATAN,200,128400,SINAR MAS,KING PAPER SOURCE TRADING (SHANGHAI) CO LTD,CHINA (MAINLAND),NINGBO,CHINA (MAINLAND)
2023,470329,ROYAL GOLDEN EAGLE,APRIL,BUATAN,RIAU,1005,470286,ROYAL GOLDEN EAGLE,APRIL INTERNATIONAL ENTEPRISE PTE LTD,SINGAPORE,NINGBO,CHINA (MAINLAND)
2023,470329,SINAR MAS,INDAH KIAT,PERAWANG,RIAU,6500,4145847,UNKNOWN AFFILIATION,KHANNA PAPER MILLS LTD,INDIA,KANDLA,INDIA
2023,470200,ROYAL GOLDEN EAGLE,APRIL,FUTONG,RIAU,22183,13547654,ROYAL GOLDEN EAGLE,APRIL FAR EAST MALAYSIA SDN BHD,MALAYSIA,CHANGSHU,CHINA (MAINLAND)
2023,470200,ROYAL GOLDEN EAGLE,APRIL,FUTONG,RIAU,506,310856,ROYAL GOLDEN EAGLE,APRIL FAR EAST MALAYSIA SDN BHD,MALAYSIA,LIANYUNGANG,CHINA (MAINLAND)
2023,470329,SINAR MAS,OKI,SULTAN MAHMUD BADARUDDIN (U),SUMATERA SELATAN,5000,3212500,SINAR MAS,SHANDONG BOHUI PAPER INDUSTRY CO LTD,CHINA (MAINLAND),QINGDAO,CHINA (MAINLAND)
2023,470329,SINAR MAS,OKI,SULTAN MAHMUD BADARUDDIN (U),SUMATERA SELATAN,1800,1156500,SINAR MAS,SHANDONG BOHUI PAPER INDUSTRY CO LTD,CHINA (MAINLAND),QINGDAO,CHINA (MAINLAND)
2023,470329,ROYAL GOLDEN EAGLE,APRIL,FUTONG,RIAU,17162,7671352,ROYAL GOLDEN EAGLE,APRIL INTERNATIONAL ENTEPRISE PTE LTD,SINGAPORE,CHANGSHU,CHINA (MAINLAND)
2023,470329,SINAR MAS,OKI,SULTAN MAHMUD BADARUDDIN (U),SUMATERA SELATAN,4300,2762750,SINAR MAS,SHANDONG BOHUI PAPER INDUSTRY CO LTD,CHINA (MAINLAND),QINGDAO,CHINA (MAINLAND)
2023,470329,SINAR MAS,INDAH KIAT,PERAWANG,RIAU,3000,1913468,UNKNOWN AFFILIATION,KHANNA PAPER MILLS LTD,INDIA,KANDLA,INDIA
2023,470329,ROYAL GOLDEN EAGLE,APRIL,BUATAN,RIAU,784,350655,ROYAL GOLDEN EAGLE,APRIL INTERNATIONAL ENTEPRISE PTE LTD,SINGAPORE,NINGBO,CHINA (MAINLAND)
2023,470329,SINAR MAS,INDAH KIAT,PERAWANG,RIAU,300,191453,UNKNOWN AFFILIATION,AN HUNG CO LTD,VIETNAM,CAT LAI,VIETNAM
2023,470329,SINAR MAS,INDAH KIAT,PERAWANG,RIAU,500,327171,UNKNOWN AFFILIATION,P.P TRADING & MANUFACTURING JSC,VIETNAM,HAIPHONG,VIETNAM
2023,470329,ROYAL GOLDEN EAGLE,APRIL,BUATAN,RIAU,1045,466988,ROYAL GOLDEN EAGLE,APRIL INTERNATIONAL ENTEPRISE PTE LTD,SINGAPORE,CHATTOGRAM,BANGLADESH
2023,470329,SINAR MAS,INDAH KIAT,PERAWANG,RIAU,500,327171,UNKNOWN AFFILIATION,TAN HUNG JSC,VIETNAM,HAIPHONG,VIETNAM
2023,470329,SINAR MAS,INDAH KIAT,PERAWANG,RIAU,500,327171,UNKNOWN AFFILIATION,P.P TRADING & MANUFACTURING JSC,VIETNAM,HAIPHONG,VIETNAM
2023,470329,MARUBENI,TANJUNG ENIM LESTARI,PANJANG,SUMATERA SELATAN,150,101047,MARUBENI,MARUBENI CORP,JAPAN,SANAND,INDIA
2023,470329,SINAR MAS,OKI,SULTAN MAHMUD BADARUDDIN (U),SUMATERA SELATAN,3000,1993500,SINAR MAS,KING PAPER SOURCE TRADING (SHANGHAI) CO LTD,CHINA (MAINLAND),QINZHOU,CHINA (MAINLAND)
2023,470329,ROYAL GOLDEN EAGLE,APRIL,BUATAN,RIAU,502,224373,ROYAL GOLDEN EAGLE,APRIL INTERNATIONAL ENTEPRISE PTE LTD,SINGAPORE,CALCUTTA,INDIA
2023,470329,MARUBENI,TANJUNG ENIM LESTARI,PANJANG,SUMATERA SELATAN,108,69845,MARUBENI,MARUBENI CORP,JAPAN,JAWAHARLAL NEHRU (NHAVA S,INDIA
2023,470329,MARUBENI,TANJUNG ENIM LESTARI,PANJANG,SUMATERA SELATAN,106,68926,MARUBENI,MARUBENI CORP,JAPAN,JAWAHARLAL NEHRU (NHAVA S,INDIA
2023,470329,SINAR MAS,OKI,SULTAN MAHMUD BADARUDDIN (U),SUMATERA SELATAN,4700,3029150,SINAR MAS,KING PAPER SOURCE TRADING (SHANGHAI) CO LTD,CHINA (MAINLAND),QINZHOU,CHINA (MAINLAND)
2023,470329,SINAR MAS,OKI,SULTAN MAHMUD BADARUDDIN (U),SUMATERA SELATAN,3000,1993500,SINAR MAS,KING PAPER SOURCE TRADING (SHANGHAI) CO LTD,CHINA (MAINLAND),QINZHOU,CHINA (MAINLAND)
2023,470329,ROYAL GOLDEN EAGLE,APRIL,BUATAN,RIAU,1005,470268,ROYAL GOLDEN EAGLE,APRIL INTERNATIONAL ENTEPRISE PTE LTD,SINGAPORE,NINGBO,CHINA (MAINLAND)
2023,470200,ROYAL GOLDEN EAGLE,TOBA PULP LESTARI,BELAWAN,SUMATERA UTARA,502,357688,UNKNOWN AFFILIATION,GREENPOINT GLOBAL TRADING (MACAO COMMERCIAL OFFSHORE) LTD,MACAO,QINGDAO,CHINA (MAINLAND)
2023,470329,SINAR MAS,LONTAR PAPYRUS,KUALA TUNGKAL,JAMBI,502,326296,UNKNOWN AFFILIATION,THUAN PHAT IMPORT AND EXPORT CO LTD,VIETNAM,HAIPHONG,VIETNAM
2023,470329,SINAR MAS,INDAH KIAT,PERAWANG,RIAU,100,63564,UNKNOWN AFFILIATION,PHU HUNG TRADING & MANUFACTURING COMPANY LTD,VIETNAM,HAIPHONG,VIETNAM
2023,470329,SINAR MAS,OKI,SULTAN MAHMUD BADARUDDIN (U),SUMATERA SELATAN,300,199350,SINAR MAS,KING PAPER SOURCE TRADING (SHANGHAI) CO LTD,CHINA (MAINLAND),QINZHOU,CHINA (MAINLAND)
2023,470329,ROYAL GOLDEN EAGLE,APRIL,BUATAN,RIAU,503,224667,ROYAL GOLDEN EAGLE,APRIL INTERNATIONAL ENTEPRISE PTE LTD,SINGAPORE,CHATTOGRAM,BANGLADESH
2023,470329,SINAR MAS,INDAH KIAT,PERAWANG,RIAU,2100,1387050,SINAR MAS,KING PAPER SOURCE TRADING (SHANGHAI) CO LTD,CHINA (MAINLAND),QINZHOU,CHINA (MAINLAND)
2023,470329,MARUBENI,TANJUNG ENIM LESTARI,PANJANG,SUMATERA SELATAN,512,321112,MARUBENI,MARUBENI CORP,JAPAN,WUHAN,CHINA (MAINLAND)
2023,470329,SINAR MAS,OKI,SULTAN MAHMUD BADARUDDIN (U),SUMATERA SELATAN,12700,8216900,SINAR MAS,KING PAPER SOURCE TRADING (SHANGHAI) CO LTD,CHINA (MAINLAND),CHANGSHU,CHINA (MAINLAND)
2023,470329,SINAR MAS,OKI,SULTAN MAHMUD BADARUDDIN (U),SUMATERA SELATAN,3100,2005700,SINAR MAS,KING PAPER SOURCE TRADING (SHANGHAI) CO LTD,CHINA (MAINLAND),CHANGSHU,CHINA (MAINLAND)
2023,470329,SINAR MAS,INDAH KIAT,PERAWANG,RIAU,2000,1283000,SINAR MAS,KING PAPER SOURCE TRADING (SHANGHAI) CO LTD,CHINA (MAINLAND),QINZHOU,CHINA (MAINLAND)
2023,470329,SINAR MAS,INDAH KIAT,PERAWANG,RIAU,500,330250,SINAR MAS,KING PAPER SOURCE TRADING (SHANGHAI) CO LTD,CHINA (MAINLAND),QINZHOU,CHINA (MAINLAND)
2023,470329,MARUBENI,TANJUNG ENIM LESTARI,PANJANG,SUMATERA SELATAN,512,326115,MARUBENI,MARUBENI CORP,JAPAN,NINGBO,CHINA (MAINLAND)
2023,470329,SINAR MAS,OKI,SULTAN MAHMUD BADARUDDIN (U),SUMATERA SELATAN,2350,1520450,SINAR MAS,KING PAPER SOURCE TRADING (SHANGHAI) CO LTD,CHINA (MAINLAND),CHANGSHU,CHINA (MAINLAND)
2023,470329,SINAR MAS,OKI,SULTAN MAHMUD BADARUDDIN (U),SUMATERA SELATAN,1050,700350,SINAR MAS,KING PAPER SOURCE TRADING (SHANGHAI) CO LTD,CHINA (MAINLAND),CHANGSHU,CHINA (MAINLAND)
2023,470329,SINAR MAS,OKI,SULTAN MAHMUD BADARUDDIN (U),SUMATERA SELATAN,3150,2038050,SINAR MAS,KING PAPER SOURCE TRADING (SHANGHAI) CO LTD,CHINA (MAINLAND),CHANGSHU,CHINA (MAINLAND)
2023,470329,SINAR MAS,INDAH KIAT,PERAWANG,RIAU,1600,1056800,SINAR MAS,KING PAPER SOURCE TRADING (SHANGHAI) CO LTD,CHINA (MAINLAND),QINZHOU,CHINA (MAINLAND)
2023,470329,SINAR MAS,INDAH KIAT,PERAWANG,RIAU,500,327171,UNKNOWN AFFILIATION,TAN HUNG JSC,VIETNAM,HAIPHONG,VIETNAM
2023,470329,SINAR MAS,OKI,SULTAN MAHMUD BADARUDDIN (U),SUMATERA SELATAN,3100,2067700,SINAR MAS,KING PAPER SOURCE TRADING (SHANGHAI) CO LTD,CHINA (MAINLAND),CHANGSHU,CHINA (MAINLAND)
2023,470329,SINAR MAS,OKI,SULTAN MAHMUD BADARUDDIN (U),SUMATERA SELATAN,1550,1002850,SINAR MAS,KING PAPER SOURCE TRADING (SHANGHAI) CO LTD,CHINA (MAINLAND),CHANGSHU,CHINA (MAINLAND)
2023,470200,ROYAL GOLDEN EAGLE,TOBA PULP LESTARI,BELAWAN,SUMATERA UTARA,501,357111,UNKNOWN AFFILIATION,GREENPOINT GLOBAL TRADING (MACAO COMMERCIAL OFFSHORE) LTD,MACAO,QINGDAO,CHINA (MAINLAND)
2023,470329,SINAR MAS,INDAH KIAT,PERAWANG,RIAU,2300,1519150,SINAR MAS,KING PAPER SOURCE TRADING (SHANGHAI) CO LTD,CHINA (MAINLAND),QINZHOU,CHINA (MAINLAND)
2023,470329,SINAR MAS,INDAH KIAT,PERAWANG,RIAU,1900,1254950,SINAR MAS,KING PAPER SOURCE TRADING (SHANGHAI) CO LTD,CHINA (MAINLAND),QINZHOU,CHINA (MAINLAND)
2023,470329,SINAR MAS,INDAH KIAT,PERAWANG,RIAU,1000,660500,SINAR MAS,KING PAPER SOURCE TRADING (SHANGHAI) CO LTD,CHINA (MAINLAND),QINZHOU,CHINA (MAINLAND)
2023,470329,SINAR MAS,OKI,SULTAN MAHMUD BADARUDDIN (U),SUMATERA SELATAN,5000,3207500,SINAR MAS,SHANDONG BOHUI PAPER INDUSTRY CO LTD,CHINA (MAINLAND),QINGDAO,CHINA (MAINLAND)
2023,470329,SINAR MAS,INDAH KIAT,PERAWANG,RIAU,1500,969544,QUBE HOLDINGS LTD,QUBE LOGISTICS,AUSTRALIA,MELBOURNE,AUSTRALIA
2023,470329,ROYAL GOLDEN EAGLE,APRIL,FUTONG,RIAU,3615,1615900,ROYAL GOLDEN EAGLE,APRIL INTERNATIONAL ENTEPRISE PTE LTD,SINGAPORE,PYONGTAEK,SOUTH KOREA
2023,470329,ROYAL GOLDEN EAGLE,APRIL,FUTONG,RIAU,1909,853209,ROYAL GOLDEN EAGLE,APRIL INTERNATIONAL ENTEPRISE PTE LTD,SINGAPORE,GUNSAN (ES KUNSAN),SOUTH KOREA
2023,470200,ROYAL GOLDEN EAGLE,APRIL,BUATAN,RIAU,689,406291,ROYAL GOLDEN EAGLE,APRIL FAR EAST MALAYSIA SDN BHD,MALAYSIA,JIUJIANG,CHINA (MAINLAND)
2023,470329,SINAR MAS,OKI,SULTAN MAHMUD BADARUDDIN (U),SUMATERA SELATAN,5000,3207500,SINAR MAS,SHANDONG BOHUI PAPER INDUSTRY CO LTD,CHINA (MAINLAND),QINGDAO,CHINA (MAINLAND)
2023,470329,ROYAL GOLDEN EAGLE,APRIL,FUTONG,RIAU,1505,672908,ROYAL GOLDEN EAGLE,APRIL FAR EAST MALAYSIA SDN BHD,MALAYSIA,IYOMISHIMA,JAPAN
2023,470329,SINAR MAS,OKI,SULTAN MAHMUD BADARUDDIN (U),SUMATERA SELATAN,700,449050,SINAR MAS,SHANDONG BOHUI PAPER INDUSTRY CO LTD,CHINA (MAINLAND),QINGDAO,CHINA (MAINLAND)
2023,470329,ROYAL GOLDEN EAGLE,APRIL,BUATAN,RIAU,502,234978,ROYAL GOLDEN EAGLE,APRIL INTERNATIONAL ENTEPRISE PTE LTD,SINGAPORE,ABU DHABI,NEW ZEALAND
2023,470329,ROYAL GOLDEN EAGLE,APRIL,BUATAN,RIAU,321,143369,ROYAL GOLDEN EAGLE,APRIL INTERNATIONAL ENTEPRISE PTE LTD,SINGAPORE,CHATTOGRAM,BANGLADESH
2023,470329,SINAR MAS,OKI,SULTAN MAHMUD BADARUDDIN (U),SUMATERA SELATAN,5100,3286950,SINAR MAS,KING PAPER SOURCE TRADING (SHANGHAI) CO LTD,CHINA (MAINLAND),QINZHOU,CHINA (MAINLAND)
2023,470329,SINAR MAS,OKI,SULTAN MAHMUD BADARUDDIN (U),SUMATERA SELATAN,4700,3123150,SINAR MAS,KING PAPER SOURCE TRADING (SHANGHAI) CO LTD,CHINA (MAINLAND),QINZHOU,CHINA (MAINLAND)
2023,470329,SINAR MAS,INDAH KIAT,PERAWANG,RIAU,500,338257,SINAR MAS,KING PAPER SOURCE TRADING (SHANGHAI) CO LTD,CHINA (MAINLAND),DALIAN,CHINA (MAINLAND)
2023,470329,ROYAL GOLDEN EAGLE,APRIL,FUTONG,RIAU,8035,3591632,ROYAL GOLDEN EAGLE,APRIL INTERNATIONAL ENTEPRISE PTE LTD,SINGAPORE,HALDIA,INDIA
2023,470329,ROYAL GOLDEN EAGLE,APRIL,BUATAN,RIAU,1005,449186,ROYAL GOLDEN EAGLE,APRIL INTERNATIONAL ENTEPRISE PTE LTD,SINGAPORE,NINGBO,CHINA (MAINLAND)
2023,470329,MARUBENI,TANJUNG ENIM LESTARI,PANJANG,SUMATERA SELATAN,191,126252,MARUBENI,MARUBENI CORP,JAPAN,CHATTOGRAM,BANGLADESH
2023,470329,SINAR MAS,OKI,SULTAN MAHMUD BADARUDDIN (U),SUMATERA SELATAN,1000,644500,SINAR MAS,KING PAPER SOURCE TRADING (SHANGHAI) CO LTD,CHINA (MAINLAND),QINZHOU,CHINA (MAINLAND)
2023,470329,MARUBENI,TANJUNG ENIM LESTARI,PANJANG,SUMATERA SELATAN,192,126511,MARUBENI,MARUBENI CORP,JAPAN,CHATTOGRAM,BANGLADESH
2023,470329,SINAR MAS,OKI,SULTAN MAHMUD BADARUDDIN (U),SUMATERA SELATAN,1200,773400,SINAR MAS,KING PAPER SOURCE TRADING (SHANGHAI) CO LTD,CHINA (MAINLAND),QINZHOU,CHINA (MAINLAND)
2023,470200,ROYAL GOLDEN EAGLE,APRIL,BUATAN,RIAU,506,298643,ROYAL GOLDEN EAGLE,APRIL FAR EAST MALAYSIA SDN BHD,MALAYSIA,LIANYUNGANG,CHINA (MAINLAND)
2023,470329,SINAR MAS,INDAH KIAT,PERAWANG,RIAU,500,338257,SINAR MAS,KING PAPER SOURCE TRADING (SHANGHAI) CO LTD,CHINA (MAINLAND),DALIAN,CHINA (MAINLAND)
2023,470329,MARUBENI,TANJUNG ENIM LESTARI,PANJANG,SUMATERA SELATAN,403,279237,MARUBENI,MARUBENI CORP,JAPAN,CAT LAI,VIETNAM
2023,470329,SINAR MAS,INDAH KIAT,PERAWANG,RIAU,500,338257,SINAR MAS,KING PAPER SOURCE TRADING (SHANGHAI) CO LTD,CHINA (MAINLAND),DALIAN,CHINA (MAINLAND)
2023,470200,ROYAL GOLDEN EAGLE,APRIL,BUATAN,RIAU,506,298615,ROYAL GOLDEN EAGLE,APRIL FAR EAST MALAYSIA SDN BHD,MALAYSIA,LIANYUNGANG,CHINA (MAINLAND)
2023,470329,ROYAL GOLDEN EAGLE,APRIL,BUATAN,RIAU,1004,470019,ROYAL GOLDEN EAGLE,APRIL INTERNATIONAL ENTEPRISE PTE LTD,SINGAPORE,ABU DHABI,NEW ZEALAND
2023,470329,SINAR MAS,OKI,SULTAN MAHMUD BADARUDDIN (U),SUMATERA SELATAN,3000,1986000,SINAR MAS,KING PAPER SOURCE TRADING (SHANGHAI) CO LTD,CHINA (MAINLAND),ZHENJIANG,CHINA (MAINLAND)
2023,470329,SINAR MAS,INDAH KIAT,PERAWANG,RIAU,400,256662,XSD INTERNATIONAL,XSD INTERNATIONAL PAPER SDN BHD,MALAYSIA,PENANG (GEORGETOWN),MALAYSIA
2023,470329,ROYAL GOLDEN EAGLE,APRIL,FUTONG,RIAU,5099,2386166,ROYAL GOLDEN EAGLE,APRIL FAR EAST MALAYSIA SDN BHD,MALAYSIA,GAOLAN,CHINA (MAINLAND)
2023,470329,SINAR MAS,OKI,SULTAN MAHMUD BADARUDDIN (U),SUMATERA SELATAN,4300,2846600,SINAR MAS,KING PAPER SOURCE TRADING (SHANGHAI) CO LTD,CHINA (MAINLAND),ZHENJIANG,CHINA (MAINLAND)
2023,470329,SINAR MAS,OKI,SULTAN MAHMUD BADARUDDIN (U),SUMATERA SELATAN,2500,1655000,SINAR MAS,KING PAPER SOURCE TRADING (SHANGHAI) CO LTD,CHINA (MAINLAND),ZHENJIANG,CHINA (MAINLAND)
2023,470329,SINAR MAS,OKI,SULTAN MAHMUD BADARUDDIN (U),SUMATERA SELATAN,800,529600,SINAR MAS,KING PAPER SOURCE TRADING (SHANGHAI) CO LTD,CHINA (MAINLAND),ZHENJIANG,CHINA (MAINLAND)
2023,470200,ROYAL GOLDEN EAGLE,APRIL,BUATAN,RIAU,506,298752,ROYAL GOLDEN EAGLE,APRIL FAR EAST MALAYSIA SDN BHD,MALAYSIA,LIANYUNGANG,CHINA (MAINLAND)
2023,470329,ROYAL GOLDEN EAGLE,APRIL,FUTONG,RIAU,2228,1042927,ROYAL GOLDEN EAGLE,APRIL FAR EAST MALAYSIA SDN BHD,MALAYSIA,GAOLAN,CHINA (MAINLAND)
2023,470329,ROYAL GOLDEN EAGLE,APRIL,BUATAN,RIAU,1005,470321,ROYAL GOLDEN EAGLE,APRIL INTERNATIONAL ENTEPRISE PTE LTD,SINGAPORE,NINGBO,CHINA (MAINLAND)
2023,470329,SINAR MAS,INDAH KIAT,PERAWANG,RIAU,400,252115,ADITYA BIRLA,CENTURY PULP AND PAPER,INDIA,PIPAVAV (VICTOR) PORT,INDIA
2023,470200,ROYAL GOLDEN EAGLE,APRIL,BUATAN,RIAU,1523,898736,ROYAL GOLDEN EAGLE,APRIL FAR EAST MALAYSIA SDN BHD,MALAYSIA,JIUJIANG,CHINA (MAINLAND)
2023,470329,MARUBENI,TANJUNG ENIM LESTARI,PANJANG,SUMATERA SELATAN,511,320241,MARUBENI,MARUBENI CORP,JAPAN,CHONGQING,CHINA (MAINLAND)
2023,470200,ROYAL GOLDEN EAGLE,APRIL,BUATAN,RIAU,506,298811,ROYAL GOLDEN EAGLE,APRIL FAR EAST MALAYSIA SDN BHD,MALAYSIA,LIANYUNGANG,CHINA (MAINLAND)
2023,470329,ROYAL GOLDEN EAGLE,APRIL,BUATAN,RIAU,200,93812,ROYAL GOLDEN EAGLE,APRIL INTERNATIONAL ENTEPRISE PTE LTD,SINGAPORE,CHATTOGRAM,BANGLADESH
2023,470329,ROYAL GOLDEN EAGLE,APRIL,BUATAN,RIAU,1002,469127,ROYAL GOLDEN EAGLE,APRIL INTERNATIONAL ENTEPRISE PTE LTD,SINGAPORE,NINGBO,CHINA (MAINLAND)
2023,470200,ROYAL GOLDEN EAGLE,APRIL,BUATAN,RIAU,507,298978,ROYAL GOLDEN EAGLE,APRIL FAR EAST MALAYSIA SDN BHD,MALAYSIA,LIANYUNGANG,CHINA (MAINLAND)
2023,470200,ROYAL GOLDEN EAGLE,APRIL,BUATAN,RIAU,528,311347,ROYAL GOLDEN EAGLE,APRIL FAR EAST MALAYSIA SDN BHD,MALAYSIA,LIANYUNGANG,CHINA (MAINLAND)
2023,470200,ROYAL GOLDEN EAGLE,APRIL,BUATAN,RIAU,507,298840,ROYAL GOLDEN EAGLE,APRIL FAR EAST MALAYSIA SDN BHD,MALAYSIA,FUZHOU,CHINA (MAINLAND)
2023,470200,ROYAL GOLDEN EAGLE,APRIL,BUATAN,RIAU,508,299538,ROYAL GOLDEN EAGLE,APRIL FAR EAST MALAYSIA SDN BHD,MALAYSIA,FUZHOU,CHINA (MAINLAND)
2023,470329,SINAR MAS,INDAH KIAT,PERAWANG,RIAU,500,328719,UNKNOWN AFFILIATION,PAPERTECH INDUSTRIES LTD,BANGLADESH,CHATTOGRAM,BANGLADESH
2023,470329,SINAR MAS,INDAH KIAT,PERAWANG,RIAU,600,378172,ADITYA BIRLA,CENTURY PULP AND PAPER,INDIA,PIPAVAV (VICTOR) PORT,INDIA
2023,470329,SINAR MAS,INDAH KIAT,PERAWANG,RIAU,500,328719,CREATIVE,CREATIVE PAPER MILLS LTD,BANGLADESH,CHATTOGRAM,BANGLADESH
2023,470200,ROYAL GOLDEN EAGLE,APRIL,BUATAN,RIAU,203,119548,ROYAL GOLDEN EAGLE,APRIL FAR EAST MALAYSIA SDN BHD,MALAYSIA,FUZHOU,CHINA (MAINLAND)
2023,470200,ROYAL GOLDEN EAGLE,APRIL,BUATAN,RIAU,527,310823,ROYAL GOLDEN EAGLE,APRIL FAR EAST MALAYSIA SDN BHD,MALAYSIA,JIUJIANG,CHINA (MAINLAND)
2023,470200,ROYAL GOLDEN EAGLE,APRIL,BUATAN,RIAU,507,299158,ROYAL GOLDEN EAGLE,APRIL FAR EAST MALAYSIA SDN BHD,MALAYSIA,JIUJIANG,CHINA (MAINLAND)
2023,470200,ROYAL GOLDEN EAGLE,APRIL,BUATAN,RIAU,507,299297,ROYAL GOLDEN EAGLE,APRIL FAR EAST MALAYSIA SDN BHD,MALAYSIA,JIUJIANG,CHINA (MAINLAND)
2023,470329,SINAR MAS,INDAH KIAT,PERAWANG,RIAU,200,128470,BATAAN,BATAAN 2020 INC,PHILIPPINES,MANILA NORTH HARBOUR,PHILIPPINES
2023,470329,MARUBENI,TANJUNG ENIM LESTARI,PANJANG,SUMATERA SELATAN,511,320509,MARUBENI,MARUBENI CORP,JAPAN,WUHAN,CHINA (MAINLAND)
2023,470329,SINAR MAS,INDAH KIAT,PERAWANG,RIAU,600,378172,ADITYA BIRLA,CENTURY PULP AND PAPER,INDIA,PIPAVAV (VICTOR) PORT,INDIA
2023,470329,ROYAL GOLDEN EAGLE,APRIL,BUATAN,RIAU,38,17857,ROYAL GOLDEN EAGLE,APRIL INTERNATIONAL ENTEPRISE PTE LTD,SINGAPORE,TAICHUNG,TAIWAN
2023,470329,ROYAL GOLDEN EAGLE,APRIL,BUATAN,RIAU,161,75228,ROYAL GOLDEN EAGLE,APRIL INTERNATIONAL ENTEPRISE PTE LTD,SINGAPORE,KARACHI,PAKISTAN
2023,470200,ROYAL GOLDEN EAGLE,APRIL,BUATAN,RIAU,1518,895891,ROYAL GOLDEN EAGLE,APRIL FAR EAST MALAYSIA SDN BHD,MALAYSIA,FUZHOU,CHINA (MAINLAND)
2023,470329,ROYAL GOLDEN EAGLE,APRIL,FUTONG,RIAU,302,141191,ROYAL GOLDEN EAGLE,APRIL INTERNATIONAL ENTEPRISE PTE LTD,SINGAPORE,MUMBAI (EX BOMBAY),INDIA
2023,470200,ROYAL GOLDEN EAGLE,APRIL,BUATAN,RIAU,507,298928,ROYAL GOLDEN EAGLE,APRIL FAR EAST MALAYSIA SDN BHD,MALAYSIA,FUZHOU,CHINA (MAINLAND)
2023,470329,SINAR MAS,INDAH KIAT,PERAWANG,RIAU,500,312594,UNKNOWN AFFILIATION,THAI PAPER CO LTD,THAILAND,LAT KRABANG,THAILAND
2023,470200,ROYAL GOLDEN EAGLE,APRIL,BUATAN,RIAU,506,298596,ROYAL GOLDEN EAGLE,APRIL FAR EAST MALAYSIA SDN BHD,MALAYSIA,JIUJIANG,CHINA (MAINLAND)
2023,470329,SINAR MAS,INDAH KIAT,PERAWANG,RIAU,2000,1316000,SINAR MAS,JIANGSU BOHUI PAPER INDUSTRY CO LTD.,CHINA (MAINLAND),CHANGSHU,CHINA (MAINLAND)
2023,470200,ROYAL GOLDEN EAGLE,APRIL,BUATAN,RIAU,506,298290,ROYAL GOLDEN EAGLE,APRIL FAR EAST MALAYSIA SDN BHD,MALAYSIA,LIANYUNGANG,CHINA (MAINLAND)
2023,470200,ROYAL GOLDEN EAGLE,APRIL,BUATAN,RIAU,1012,597259,ROYAL GOLDEN EAGLE,APRIL FAR EAST MALAYSIA SDN BHD,MALAYSIA,LIANYUNGANG,CHINA (MAINLAND)
2023,470329,SINAR MAS,INDAH KIAT,PERAWANG,RIAU,400,252115,ADITYA BIRLA,CENTURY PULP AND PAPER,INDIA,PIPAVAV (VICTOR) PORT,INDIA
2023,470329,ROYAL GOLDEN EAGLE,APRIL,BUATAN,RIAU,723,338540,ROYAL GOLDEN EAGLE,APRIL INTERNATIONAL ENTEPRISE PTE LTD,SINGAPORE,CHATTOGRAM,BANGLADESH
2023,470329,MARUBENI,TANJUNG ENIM LESTARI,PANJANG,SUMATERA SELATAN,97,70761,MARUBENI,MARUBENI CORP,JAPAN,SHIMIZU,JAPAN
2023,470329,SINAR MAS,INDAH KIAT,PERAWANG,RIAU,1500,986156,LIPY,LIPY PAPER MILLS LTD,BANGLADESH,CHATTOGRAM,BANGLADESH
2023,470200,ROYAL GOLDEN EAGLE,APRIL,FUTONG,RIAU,4119,2430095,ROYAL GOLDEN EAGLE,APRIL FAR EAST MALAYSIA SDN BHD,MALAYSIA,XIUYING,CHINA (MAINLAND)
2023,470329,MARUBENI,TANJUNG ENIM LESTARI,PANJANG,SUMATERA SELATAN,511,340426,MARUBENI,MARUBENI CORP,JAPAN,TAOYUAN,TAIWAN
2023,470329,ROYAL GOLDEN EAGLE,APRIL,FUTONG,RIAU,1363,637703,ROYAL GOLDEN EAGLE,APRIL INTERNATIONAL ENTEPRISE PTE LTD,SINGAPORE,ZHANJIANG,CHINA (MAINLAND)
2023,470329,ROYAL GOLDEN EAGLE,APRIL,BUATAN,RIAU,643,300996,ROYAL GOLDEN EAGLE,APRIL INTERNATIONAL ENTEPRISE PTE LTD,SINGAPORE,CHATTOGRAM,BANGLADESH
2023,470200,ROYAL GOLDEN EAGLE,APRIL,BUATAN,RIAU,790,465960,ROYAL GOLDEN EAGLE,APRIL FAR EAST MALAYSIA SDN BHD,MALAYSIA,JIUJIANG,CHINA (MAINLAND)
2023,470329,ROYAL GOLDEN EAGLE,APRIL,BUATAN,RIAU,96,45149,ROYAL GOLDEN EAGLE,APRIL INTERNATIONAL ENTEPRISE PTE LTD,SINGAPORE,TAOYUAN,TAIWAN
2023,470329,SINAR MAS,INDAH KIAT,PERAWANG,RIAU,300,212963,NTPM HOLDINGS BHD,NTPM (VIETNAM) CO LTD,VIETNAM,CAT LAI,VIETNAM
2023,470329,MARUBENI,TANJUNG ENIM LESTARI,PANJANG,SUMATERA SELATAN,39,28290,MARUBENI,MARUBENI CORP,JAPAN,SHIMIZU,JAPAN
2023,470200,ROYAL GOLDEN EAGLE,APRIL,BUATAN,RIAU,1012,597015,ROYAL GOLDEN EAGLE,APRIL FAR EAST MALAYSIA SDN BHD,MALAYSIA,JIUJIANG,CHINA (MAINLAND)
2023,470200,ROYAL GOLDEN EAGLE,APRIL,BUATAN,RIAU,1012,596982,ROYAL GOLDEN EAGLE,APRIL FAR EAST MALAYSIA SDN BHD,MALAYSIA,JIUJIANG,CHINA (MAINLAND)
2023,470200,ROYAL GOLDEN EAGLE,APRIL,FUTONG,RIAU,3184,1878385,ROYAL GOLDEN EAGLE,APRIL FAR EAST MALAYSIA SDN BHD,MALAYSIA,XIUYING,CHINA (MAINLAND)
2023,470200,ROYAL GOLDEN EAGLE,APRIL,BUATAN,RIAU,486,286496,ROYAL GOLDEN EAGLE,APRIL FAR EAST MALAYSIA SDN BHD,MALAYSIA,JIUJIANG,CHINA (MAINLAND)
2023,470329,SINAR MAS,OKI,SULTAN MAHMUD BADARUDDIN (U),SUMATERA SELATAN,700,449470,UNKNOWN AFFILIATION,TAN HANH NGUYEN CO LTD,VIETNAM,HAIPHONG,VIETNAM
2023,470200,ROYAL GOLDEN EAGLE,APRIL,BUATAN,RIAU,506,298391,ROYAL GOLDEN EAGLE,APRIL FAR EAST MALAYSIA SDN BHD,MALAYSIA,JIUJIANG,CHINA (MAINLAND)
2023,470329,SINAR MAS,OKI,SULTAN MAHMUD BADARUDDIN (U),SUMATERA SELATAN,2000,1284200,IMEXCO BACGIANG,BAC GIANG IMPORT EXPORT JOINT STOCK CO,VIETNAM,HAIPHONG,VIETNAM
2023,470329,ROYAL GOLDEN EAGLE,APRIL,FUTONG,RIAU,6823,3193302,ROYAL GOLDEN EAGLE,APRIL INTERNATIONAL ENTEPRISE PTE LTD,SINGAPORE,MUMBAI (EX BOMBAY),INDIA
2023,470329,SINAR MAS,OKI,SULTAN MAHMUD BADARUDDIN (U),SUMATERA SELATAN,2000,1284200,IMEXCO BACGIANG,BAC GIANG IMPORT EXPORT JOINT STOCK CO,VIETNAM,HAIPHONG,VIETNAM
2023,470329,ROYAL GOLDEN EAGLE,APRIL,FUTONG,RIAU,5016,2347673,ROYAL GOLDEN EAGLE,APRIL INTERNATIONAL ENTEPRISE PTE LTD,SINGAPORE,MINA KHALIFA/ABU DHABI,NEW ZEALAND
2023,470329,SINAR MAS,OKI,SULTAN MAHMUD BADARUDDIN (U),SUMATERA SELATAN,300,192630,UNKNOWN AFFILIATION,TAN HANH NGUYEN CO LTD,VIETNAM,HAIPHONG,VIETNAM
2023,470329,SINAR MAS,OKI,SULTAN MAHMUD BADARUDDIN (U),SUMATERA SELATAN,2000,1284200,IMEXCO BACGIANG,BAC GIANG IMPORT EXPORT JOINT STOCK CO,VIETNAM,HAIPHONG,VIETNAM
2023,470329,ROYAL GOLDEN EAGLE,APRIL,FUTONG,RIAU,3513,1644186,ROYAL GOLDEN EAGLE,APRIL INTERNATIONAL ENTEPRISE PTE LTD,SINGAPORE,MUMBAI (EX BOMBAY),INDIA
2023,470329,SINAR MAS,INDAH KIAT,PERAWANG,RIAU,2500,1715000,SINAR MAS,SHANDONG BOHUI PAPER INDUSTRY CO LTD,CHINA (MAINLAND),QINGDAO,CHINA (MAINLAND)
2023,470329,SINAR MAS,INDAH KIAT,PERAWANG,RIAU,2500,1715000,SINAR MAS,SHANDONG BOHUI PAPER INDUSTRY CO LTD,CHINA (MAINLAND),QINGDAO,CHINA (MAINLAND)
2023,470329,ROYAL GOLDEN EAGLE,APRIL,BUATAN,RIAU,301,140692,ROYAL GOLDEN EAGLE,APRIL INTERNATIONAL ENTEPRISE PTE LTD,SINGAPORE,LAT KRABANG,THAILAND
2023,470329,SINAR MAS,INDAH KIAT,PERAWANG,RIAU,2000,1372000,SINAR MAS,JIANGSU BOHUI PAPER INDUSTRY CO LTD.,CHINA (MAINLAND),CHANGSHU,CHINA (MAINLAND)
2023,470329,ROYAL GOLDEN EAGLE,APRIL,BUATAN,RIAU,501,234641,ROYAL GOLDEN EAGLE,APRIL INTERNATIONAL ENTEPRISE PTE LTD,SINGAPORE,HAIPHONG,VIETNAM
2023,470329,SINAR MAS,INDAH KIAT,PERAWANG,RIAU,4500,3087000,SINAR MAS,JIANGSU BOHUI PAPER INDUSTRY CO LTD.,CHINA (MAINLAND),CHANGSHU,CHINA (MAINLAND)
2023,470329,ROYAL GOLDEN EAGLE,APRIL,BUATAN,RIAU,501,234328,ROYAL GOLDEN EAGLE,APRIL INTERNATIONAL ENTEPRISE PTE LTD,SINGAPORE,CHATTOGRAM,BANGLADESH
2023,470329,ROYAL GOLDEN EAGLE,APRIL,BUATAN,RIAU,663,310236,ROYAL GOLDEN EAGLE,APRIL INTERNATIONAL ENTEPRISE PTE LTD,SINGAPORE,CHATTOGRAM,BANGLADESH
2023,470329,ROYAL GOLDEN EAGLE,APRIL,BUATAN,RIAU,80,37579,ROYAL GOLDEN EAGLE,APRIL INTERNATIONAL ENTEPRISE PTE LTD,SINGAPORE,CHATTOGRAM,BANGLADESH
2023,470200,ROYAL GOLDEN EAGLE,APRIL,BUATAN,RIAU,425,250736,ROYAL GOLDEN EAGLE,APRIL FAR EAST MALAYSIA SDN BHD,MALAYSIA,JIUJIANG,CHINA (MAINLAND)
2023,470200,ROYAL GOLDEN EAGLE,APRIL,BUATAN,RIAU,506,298541,ROYAL GOLDEN EAGLE,APRIL FAR EAST MALAYSIA SDN BHD,MALAYSIA,FUZHOU,CHINA (MAINLAND)
2023,470200,ROYAL GOLDEN EAGLE,APRIL,BUATAN,RIAU,506,298676,ROYAL GOLDEN EAGLE,APRIL FAR EAST MALAYSIA SDN BHD,MALAYSIA,JIUJIANG,CHINA (MAINLAND)
2023,470329,SINAR MAS,INDAH KIAT,PERAWANG,RIAU,900,592200,SINAR MAS,KING PAPER SOURCE TRADING (SHANGHAI) CO LTD,CHINA (MAINLAND),DAGANG,CHINA (MAINLAND)
2023,470200,ROYAL GOLDEN EAGLE,APRIL,FUTONG,RIAU,5567,3284582,ROYAL GOLDEN EAGLE,APRIL FAR EAST MALAYSIA SDN BHD,MALAYSIA,CHANGSHU,CHINA (MAINLAND)
2023,470329,SINAR MAS,INDAH KIAT,PERAWANG,RIAU,5000,3290000,SINAR MAS,KING PAPER SOURCE TRADING (SHANGHAI) CO LTD,CHINA (MAINLAND),DAGANG,CHINA (MAINLAND)
2023,470329,SINAR MAS,INDAH KIAT,PERAWANG,RIAU,4600,3026800,SINAR MAS,KING PAPER SOURCE TRADING (SHANGHAI) CO LTD,CHINA (MAINLAND),DAGANG,CHINA (MAINLAND)
2023,470200,ROYAL GOLDEN EAGLE,APRIL,BUATAN,RIAU,1012,597256,ROYAL GOLDEN EAGLE,APRIL FAR EAST MALAYSIA SDN BHD,MALAYSIA,FUZHOU,CHINA (MAINLAND)
2023,470200,ROYAL GOLDEN EAGLE,APRIL,FUTONG,RIAU,506,298479,ROYAL GOLDEN EAGLE,APRIL FAR EAST MALAYSIA SDN BHD,MALAYSIA,FUZHOU,CHINA (MAINLAND)
2023,470329,ROYAL GOLDEN EAGLE,APRIL,FUTONG,RIAU,2202,1030700,ROYAL GOLDEN EAGLE,APRIL INTERNATIONAL ENTEPRISE PTE LTD,SINGAPORE,CHANGSHU,CHINA (MAINLAND)
2023,470200,ROYAL GOLDEN EAGLE,APRIL,FUTONG,RIAU,2372,1399531,ROYAL GOLDEN EAGLE,APRIL FAR EAST MALAYSIA SDN BHD,MALAYSIA,CHANGSHU,CHINA (MAINLAND)
2023,470200,ROYAL GOLDEN EAGLE,APRIL,FUTONG,RIAU,3550,2094447,ROYAL GOLDEN EAGLE,APRIL FAR EAST MALAYSIA SDN BHD,MALAYSIA,CHANGSHU,CHINA (MAINLAND)
2023,470329,ROYAL GOLDEN EAGLE,APRIL,BUATAN,RIAU,20,9357,ROYAL GOLDEN EAGLE,APRIL FINE PAPER TRADING MIDDLE EAST,UNITED ARAB EMIRATES,AD DAMMAM,SAUDI ARABIA
2023,470200,ROYAL GOLDEN EAGLE,APRIL,BUATAN,RIAU,506,298611,ROYAL GOLDEN EAGLE,APRIL FAR EAST MALAYSIA SDN BHD,MALAYSIA,FUZHOU,CHINA (MAINLAND)
2023,440122,ROYAL GOLDEN EAGLE,BALIKPAPAN CHIP LESTARI,BALIKPAPAN,KALIMANTAN TIMUR,20116,3419746,ROYAL GOLDEN EAGLE,ASIA SYMBOL (SHANDONG) PULP AND PAPER,CHINA (MAINLAND),RIZHAO,CHINA (MAINLAND)
2023,470329,SINAR MAS,OKI,SULTAN MAHMUD BADARUDDIN (U),SUMATERA SELATAN,2000,1324000,SINAR MAS,KING PAPER SOURCE TRADING (SHANGHAI) CO LTD,CHINA (MAINLAND),NINGBO,CHINA (MAINLAND)
2023,470329,SINAR MAS,INDAH KIAT,PERAWANG,RIAU,500,328719,CREATIVE,CREATIVE PAPER MILLS LTD,BANGLADESH,CHATTOGRAM,BANGLADESH
2023,470200,ROYAL GOLDEN EAGLE,APRIL,BUATAN,RIAU,507,299020,ROYAL GOLDEN EAGLE,APRIL FAR EAST MALAYSIA SDN BHD,MALAYSIA,FUZHOU,CHINA (MAINLAND)
2023,470329,SINAR MAS,OKI,SULTAN MAHMUD BADARUDDIN (U),SUMATERA SELATAN,5200,3442400,SINAR MAS,KING PAPER SOURCE TRADING (SHANGHAI) CO LTD,CHINA (MAINLAND),NINGBO,CHINA (MAINLAND)
2023,470329,SINAR MAS,OKI,SULTAN MAHMUD BADARUDDIN (U),SUMATERA SELATAN,3450,2277000,SINAR MAS,KING PAPER SOURCE TRADING (SHANGHAI) CO LTD,CHINA (MAINLAND),CHANGSHU,CHINA (MAINLAND)
2023,470329,SINAR MAS,OKI,SULTAN MAHMUD BADARUDDIN (U),SUMATERA SELATAN,2500,1655000,SINAR MAS,KING PAPER SOURCE TRADING (SHANGHAI) CO LTD,CHINA (MAINLAND),NINGBO,CHINA (MAINLAND)
2023,470329,SINAR MAS,OKI,SULTAN MAHMUD BADARUDDIN (U),SUMATERA SELATAN,1250,825000,SINAR MAS,JIANGSU BOHUI PAPER INDUSTRY CO LTD.,CHINA (MAINLAND),CHANGSHU,CHINA (MAINLAND)
2023,470200,ROYAL GOLDEN EAGLE,APRIL,FUTONG,RIAU,1519,896398,ROYAL GOLDEN EAGLE,APRIL FAR EAST MALAYSIA SDN BHD,MALAYSIA,FUZHOU,CHINA (MAINLAND)
2023,470200,ROYAL GOLDEN EAGLE,APRIL,FUTONG,RIAU,506,298732,ROYAL GOLDEN EAGLE,APRIL FAR EAST MALAYSIA SDN BHD,MALAYSIA,LIANYUNGANG,CHINA (MAINLAND)
2023,470329,MARUBENI,TANJUNG ENIM LESTARI,PANJANG,SUMATERA SELATAN,106,70906,MARUBENI,MARUBENI CORP,JAPAN,SANAND,INDIA
2023,470329,SINAR MAS,OKI,SULTAN MAHMUD BADARUDDIN (U),SUMATERA SELATAN,3000,1980000,SINAR MAS,KING PAPER SOURCE TRADING (SHANGHAI) CO LTD,CHINA (MAINLAND),CHANGSHU,CHINA (MAINLAND)
2023,470329,SINAR MAS,OKI,SULTAN MAHMUD BADARUDDIN (U),SUMATERA SELATAN,1700,1122000,SINAR MAS,KING PAPER SOURCE TRADING (SHANGHAI) CO LTD,CHINA (MAINLAND),ZHENJIANG,CHINA (MAINLAND)
2023,470200,ROYAL GOLDEN EAGLE,APRIL,FUTONG,RIAU,507,299282,ROYAL GOLDEN EAGLE,APRIL FAR EAST MALAYSIA SDN BHD,MALAYSIA,LIANYUNGANG,CHINA (MAINLAND)
2023,470329,SINAR MAS,INDAH KIAT,PERAWANG,RIAU,260,163875,SATIA,SATIA INDUSTRIES LTD,INDIA,MUNDRA,INDIA
2023,470329,MARUBENI,TANJUNG ENIM LESTARI,PANJANG,SUMATERA SELATAN,106,80555,MARUBENI,MARUBENI CORP,JAPAN,PORT KELANG,MALAYSIA
2023,470329,SINAR MAS,OKI,SULTAN MAHMUD BADARUDDIN (U),SUMATERA SELATAN,2000,1320000,SINAR MAS,KING PAPER SOURCE TRADING (SHANGHAI) CO LTD,CHINA (MAINLAND),ZHENJIANG,CHINA (MAINLAND)
2023,470329,SINAR MAS,OKI,SULTAN MAHMUD BADARUDDIN (U),SUMATERA SELATAN,1100,726000,SINAR MAS,KING PAPER SOURCE TRADING (SHANGHAI) CO LTD,CHINA (MAINLAND),ZHENJIANG,CHINA (MAINLAND)
2023,470329,MARUBENI,TANJUNG ENIM LESTARI,PANJANG,SUMATERA SELATAN,128,91124,MARUBENI,MARUBENI CORP,JAPAN,LAT KRABANG,THAILAND
2023,470200,ROYAL GOLDEN EAGLE,APRIL,FUTONG,RIAU,506,298438,ROYAL GOLDEN EAGLE,APRIL FAR EAST MALAYSIA SDN BHD,MALAYSIA,LIANYUNGANG,CHINA (MAINLAND)
2023,470200,ROYAL GOLDEN EAGLE,APRIL,FUTONG,RIAU,506,298682,ROYAL GOLDEN EAGLE,APRIL FAR EAST MALAYSIA SDN BHD,MALAYSIA,LIANYUNGANG,CHINA (MAINLAND)
2023,470329,SINAR MAS,OKI,SULTAN MAHMUD BADARUDDIN (U),SUMATERA SELATAN,3000,1986300,UNKNOWN AFFILIATION,MSS PULP CO LTD,SOUTH KOREA,GUNSAN (ES KUNSAN),SOUTH KOREA
2023,470329,SINAR MAS,OKI,SULTAN MAHMUD BADARUDDIN (U),SUMATERA SELATAN,1000,662100,HONG WON,HONG WON PAPER MFG CO LTD,SOUTH KOREA,GUNSAN (ES KUNSAN),SOUTH KOREA
2023,470329,SINAR MAS,INDAH KIAT,PERAWANG,RIAU,500,312594,UNKNOWN AFFILIATION,THAI PAPER CO LTD,THAILAND,LAT KRABANG,THAILAND
2023,470329,MARUBENI,TANJUNG ENIM LESTARI,PANJANG,SUMATERA SELATAN,510,320292,MARUBENI,MARUBENI CORP,JAPAN,NINGBO,CHINA (MAINLAND)
2023,470329,SINAR MAS,OKI,SULTAN MAHMUD BADARUDDIN (U),SUMATERA SELATAN,2100,1390200,SINAR MAS,KING PAPER SOURCE TRADING (SHANGHAI) CO LTD,CHINA (MAINLAND),CHANGSHU,CHINA (MAINLAND)
2023,470329,SINAR MAS,OKI,SULTAN MAHMUD BADARUDDIN (U),SUMATERA SELATAN,6000,3972000,SINAR MAS,KING PAPER SOURCE TRADING (SHANGHAI) CO LTD,CHINA (MAINLAND),CHANGSHU,CHINA (MAINLAND)
2023,470329,SINAR MAS,OKI,SULTAN MAHMUD BADARUDDIN (U),SUMATERA SELATAN,5000,3318750,SINAR MAS,KING PAPER SOURCE TRADING (SHANGHAI) CO LTD,CHINA (MAINLAND),NINGBO,CHINA (MAINLAND)
2023,470329,SINAR MAS,OKI,SULTAN MAHMUD BADARUDDIN (U),SUMATERA SELATAN,300,199125,SINAR MAS,KING PAPER SOURCE TRADING (SHANGHAI) CO LTD,CHINA (MAINLAND),NINGBO,CHINA (MAINLAND)
2023,470200,ROYAL GOLDEN EAGLE,APRIL,BUATAN,RIAU,789,465706,ROYAL GOLDEN EAGLE,APRIL FAR EAST MALAYSIA SDN BHD,MALAYSIA,JIUJIANG,CHINA (MAINLAND)
2023,470329,SINAR MAS,OKI,SULTAN MAHMUD BADARUDDIN (U),SUMATERA SELATAN,1000,662100,HANSOL,HANSOL PAPER CO LTD,SOUTH KOREA,GUNSAN (ES KUNSAN),SOUTH KOREA
2023,470329,SINAR MAS,LONTAR PAPYRUS,KUALA TUNGKAL,JAMBI,501,326194,UNKNOWN AFFILIATION,THUAN PHAT IMPORT AND EXPORT CO LTD,VIETNAM,HAIPHONG,VIETNAM
2023,470329,MARUBENI,TANJUNG ENIM LESTARI,PANJANG,SUMATERA SELATAN,509,322318,MARUBENI,MARUBENI CORP,JAPAN,NINGBO,CHINA (MAINLAND)
2023,470329,SINAR MAS,INDAH KIAT,PERAWANG,RIAU,5000,3205000,SINAR MAS,KING PAPER SOURCE TRADING (SHANGHAI) CO LTD,CHINA (MAINLAND),QINZHOU,CHINA (MAINLAND)
2023,470329,ROYAL GOLDEN EAGLE,APRIL,BUATAN,RIAU,1005,470291,ROYAL GOLDEN EAGLE,APRIL INTERNATIONAL ENTEPRISE PTE LTD,SINGAPORE,HAIPHONG,VIETNAM
2023,470200,ROYAL GOLDEN EAGLE,APRIL,BUATAN,RIAU,507,298953,ROYAL GOLDEN EAGLE,APRIL FAR EAST MALAYSIA SDN BHD,MALAYSIA,FUZHOU,CHINA (MAINLAND)
2023,470329,SINAR MAS,INDAH KIAT,PERAWANG,RIAU,2000,1320000,SINAR MAS,KING PAPER SOURCE TRADING (SHANGHAI) CO LTD,CHINA (MAINLAND),YANGPU,CHINA (MAINLAND)
2023,470329,SINAR MAS,OKI,SULTAN MAHMUD BADARUDDIN (U),SUMATERA SELATAN,4000,2655000,SINAR MAS,KING PAPER SOURCE TRADING (SHANGHAI) CO LTD,CHINA (MAINLAND),NINGBO,CHINA (MAINLAND)
2023,470329,SINAR MAS,OKI,SULTAN MAHMUD BADARUDDIN (U),SUMATERA SELATAN,500,331050,HONG WON,HONG WON PAPER MFG CO LTD,SOUTH KOREA,GUNSAN (ES KUNSAN),SOUTH KOREA
2023,470329,SINAR MAS,OKI,SULTAN MAHMUD BADARUDDIN (U),SUMATERA SELATAN,400,265500,SINAR MAS,KING PAPER SOURCE TRADING (SHANGHAI) CO LTD,CHINA (MAINLAND),NINGBO,CHINA (MAINLAND)
2023,470329,SINAR MAS,OKI,SULTAN MAHMUD BADARUDDIN (U),SUMATERA SELATAN,6900,4579875,SINAR MAS,KING PAPER SOURCE TRADING (SHANGHAI) CO LTD,CHINA (MAINLAND),NINGBO,CHINA (MAINLAND)
2023,470329,SINAR MAS,OKI,SULTAN MAHMUD BADARUDDIN (U),SUMATERA SELATAN,2100,1390200,SINAR MAS,KING PAPER SOURCE TRADING (SHANGHAI) CO LTD,CHINA (MAINLAND),CHANGSHU,CHINA (MAINLAND)
2023,470329,SINAR MAS,OKI,SULTAN MAHMUD BADARUDDIN (U),SUMATERA SELATAN,1900,1261125,SINAR MAS,KING PAPER SOURCE TRADING (SHANGHAI) CO LTD,CHINA (MAINLAND),NINGBO,CHINA (MAINLAND)
2023,470329,ROYAL GOLDEN EAGLE,APRIL,BUATAN,RIAU,201,94017,ROYAL GOLDEN EAGLE,APRIL INTERNATIONAL ENTEPRISE PTE LTD,SINGAPORE,FUZHOU,CHINA (MAINLAND)
2023,470329,SINAR MAS,INDAH KIAT,PERAWANG,RIAU,300,192497,XSD INTERNATIONAL,XSD INTERNATIONAL PAPER SDN BHD,MALAYSIA,PENANG (GEORGETOWN),MALAYSIA
2023,470329,SINAR MAS,INDAH KIAT,PERAWANG,RIAU,1000,657438,LIPY,LIPY PAPER MILLS LTD,BANGLADESH,CHATTOGRAM,BANGLADESH
2023,470329,ROYAL GOLDEN EAGLE,APRIL,BUATAN,RIAU,1007,471177,ROYAL GOLDEN EAGLE,APRIL INTERNATIONAL ENTEPRISE PTE LTD,SINGAPORE,CHATTOGRAM,BANGLADESH
2023,470329,ROYAL GOLDEN EAGLE,APRIL,BUATAN,RIAU,502,234936,ROYAL GOLDEN EAGLE,APRIL INTERNATIONAL ENTEPRISE PTE LTD,SINGAPORE,CHATTOGRAM,BANGLADESH
2023,470329,MARUBENI,TANJUNG ENIM LESTARI,PANJANG,SUMATERA SELATAN,511,318729,MARUBENI,MARUBENI CORP,JAPAN,WUHAN,CHINA (MAINLAND)
2023,470329,ROYAL GOLDEN EAGLE,APRIL,FUTONG,RIAU,3496,1635983,ROYAL GOLDEN EAGLE,APRIL FAR EAST MALAYSIA SDN BHD,MALAYSIA,NANSHA,CHINA (MAINLAND)
2023,470329,ROYAL GOLDEN EAGLE,APRIL,FUTONG,RIAU,5941,2780366,ROYAL GOLDEN EAGLE,APRIL FAR EAST MALAYSIA SDN BHD,MALAYSIA,NANSHA,CHINA (MAINLAND)
2023,470329,SINAR MAS,INDAH KIAT,PERAWANG,RIAU,80,50968,RENGO,VINA KRAFT PAPER CO LTD,VIETNAM,CAT LAI,VIETNAM
2023,470200,ROYAL GOLDEN EAGLE,APRIL,FUTONG,RIAU,3043,1795092,ROYAL GOLDEN EAGLE,APRIL FAR EAST MALAYSIA SDN BHD,MALAYSIA,LIANYUNGANG,CHINA (MAINLAND)
2023,470329,ROYAL GOLDEN EAGLE,APRIL,BUATAN,RIAU,504,235719,ROYAL GOLDEN EAGLE,APRIL INTERNATIONAL ENTEPRISE PTE LTD,SINGAPORE,CHATTOGRAM,BANGLADESH
2023,470329,MARUBENI,TANJUNG ENIM LESTARI,PANJANG,SUMATERA SELATAN,404,280728,MARUBENI,MARUBENI CORP,JAPAN,PENANG (GEORGETOWN),MALAYSIA
2023,470200,ROYAL GOLDEN EAGLE,APRIL,FUTONG,RIAU,9721,5805312,ROYAL GOLDEN EAGLE,APRIL FAR EAST MALAYSIA SDN BHD,MALAYSIA,LIANYUNGANG,CHINA (MAINLAND)
2023,470329,MARUBENI,TANJUNG ENIM LESTARI,PANJANG,SUMATERA SELATAN,512,320840,MARUBENI,MARUBENI CORP,JAPAN,XINHUI,CHINA (MAINLAND)
2023,470200,ROYAL GOLDEN EAGLE,APRIL,BUATAN,RIAU,506,298727,ROYAL GOLDEN EAGLE,APRIL FAR EAST MALAYSIA SDN BHD,MALAYSIA,FUZHOU,CHINA (MAINLAND)
2023,470329,MARUBENI,TANJUNG ENIM LESTARI,PANJANG,SUMATERA SELATAN,507,311930,MARUBENI,MARUBENI CORP,JAPAN,YINGKOU,CHINA (MAINLAND)
2023,470200,ROYAL GOLDEN EAGLE,APRIL,BUATAN,RIAU,507,299245,ROYAL GOLDEN EAGLE,APRIL FAR EAST MALAYSIA SDN BHD,MALAYSIA,JIUJIANG,CHINA (MAINLAND)
2023,470329,SINAR MAS,INDAH KIAT,PERAWANG,RIAU,300,192497,XSD INTERNATIONAL,XSD INTERNATIONAL PAPER SDN BHD,MALAYSIA,PENANG (GEORGETOWN),MALAYSIA
2023,470329,SINAR MAS,INDAH KIAT,PERAWANG,RIAU,500,328328,UNKNOWN AFFILIATION,NIBONG TEBAL PAPER MILL SDN BHD,MALAYSIA,PENANG (GEORGETOWN),MALAYSIA
2023,470200,ROYAL GOLDEN EAGLE,APRIL,BUATAN,RIAU,527,311048,ROYAL GOLDEN EAGLE,APRIL FAR EAST MALAYSIA SDN BHD,MALAYSIA,JIUJIANG,CHINA (MAINLAND)
2023,470329,ROYAL GOLDEN EAGLE,APRIL,BUATAN,RIAU,503,235214,ROYAL GOLDEN EAGLE,APRIL INTERNATIONAL ENTEPRISE PTE LTD,SINGAPORE,HAIPHONG,VIETNAM
2023,470329,SINAR MAS,INDAH KIAT,PERAWANG,RIAU,500,319100,UNKNOWN AFFILIATION,SAUDI PAPER MANUFACTURING CO,SAUDI ARABIA,AD DAMMAM,SAUDI ARABIA
2023,470329,SINAR MAS,INDAH KIAT,PERAWANG,RIAU,5500,3510100,UNKNOWN AFFILIATION,SAUDI PAPER MANUFACTURING CO,SAUDI ARABIA,AD DAMMAM,SAUDI ARABIA
2023,470329,SINAR MAS,INDAH KIAT,PERAWANG,RIAU,500,312594,UNKNOWN AFFILIATION,THAI PAPER CO LTD,THAILAND,LAT KRABANG,THAILAND
2023,470329,MARUBENI,TANJUNG ENIM LESTARI,TARAHAN,SUMATERA SELATAN,3998,2593283,MARUBENI,MARUBENI CORP,JAPAN,QINGDAO,CHINA (MAINLAND)
2023,470329,MARUBENI,TANJUNG ENIM LESTARI,TARAHAN,SUMATERA SELATAN,523,383138,MARUBENI,MARUBENI CORP,JAPAN,PYONGTAEK,SOUTH KOREA
2023,470329,MARUBENI,TANJUNG ENIM LESTARI,TARAHAN,SUMATERA SELATAN,314,216032,MARUBENI,MARUBENI CORP,JAPAN,PYONGTAEK,SOUTH KOREA
2023,470329,SINAR MAS,INDAH KIAT,PERAWANG,RIAU,500,353932,SINAR MAS,KING PAPER SOURCE TRADING (SHANGHAI) CO LTD,CHINA (MAINLAND),DALIAN,CHINA (MAINLAND)
2023,470200,ROYAL GOLDEN EAGLE,APRIL,BUATAN,RIAU,790,466371,ROYAL GOLDEN EAGLE,APRIL FAR EAST MALAYSIA SDN BHD,MALAYSIA,JIUJIANG,CHINA (MAINLAND)
2023,470329,MARUBENI,TANJUNG ENIM LESTARI,TARAHAN,SUMATERA SELATAN,2159,1448451,MARUBENI,MARUBENI CORP,JAPAN,PYONGTAEK,SOUTH KOREA
2023,470329,SINAR MAS,INDAH KIAT,PERAWANG,RIAU,500,353932,SINAR MAS,KING PAPER SOURCE TRADING (SHANGHAI) CO LTD,CHINA (MAINLAND),DALIAN,CHINA (MAINLAND)
2023,470329,MARUBENI,TANJUNG ENIM LESTARI,TARAHAN,SUMATERA SELATAN,1619,1047340,MARUBENI,MARUBENI CORP,JAPAN,QINGDAO,CHINA (MAINLAND)
2023,470329,MARUBENI,TANJUNG ENIM LESTARI,TARAHAN,SUMATERA SELATAN,2158,1389877,MARUBENI,MARUBENI CORP,JAPAN,QINGDAO,CHINA (MAINLAND)
2023,470329,SINAR MAS,OKI,SULTAN MAHMUD BADARUDDIN (U),SUMATERA SELATAN,5250,3475500,SINAR MAS,KING PAPER SOURCE TRADING (SHANGHAI) CO LTD,CHINA (MAINLAND),ZHENJIANG,CHINA (MAINLAND)
2023,470329,SINAR MAS,OKI,SULTAN MAHMUD BADARUDDIN (U),SUMATERA SELATAN,4600,3054400,SINAR MAS,KING PAPER SOURCE TRADING (SHANGHAI) CO LTD,CHINA (MAINLAND),ZHENJIANG,CHINA (MAINLAND)
2023,470329,ROYAL GOLDEN EAGLE,APRIL,BUATAN,RIAU,1004,469810,ROYAL GOLDEN EAGLE,APRIL INTERNATIONAL ENTEPRISE PTE LTD,SINGAPORE,HAIPHONG,VIETNAM
2023,470329,SINAR MAS,OKI,SULTAN MAHMUD BADARUDDIN (U),SUMATERA SELATAN,3800,2523200,SINAR MAS,KING PAPER SOURCE TRADING (SHANGHAI) CO LTD,CHINA (MAINLAND),ZHENJIANG,CHINA (MAINLAND)
2023,470329,SINAR MAS,OKI,SULTAN MAHMUD BADARUDDIN (U),SUMATERA SELATAN,700,463400,SINAR MAS,KING PAPER SOURCE TRADING (SHANGHAI) CO LTD,CHINA (MAINLAND),ZHENJIANG,CHINA (MAINLAND)
2023,470329,SINAR MAS,OKI,SULTAN MAHMUD BADARUDDIN (U),SUMATERA SELATAN,1600,1062400,SINAR MAS,KING PAPER SOURCE TRADING (SHANGHAI) CO LTD,CHINA (MAINLAND),ZHENJIANG,CHINA (MAINLAND)
2023,470329,SINAR MAS,OKI,SULTAN MAHMUD BADARUDDIN (U),SUMATERA SELATAN,500,330625,SINAR MAS,KING PAPER SOURCE TRADING (SHANGHAI) CO LTD,CHINA (MAINLAND),CHANGSHU,CHINA (MAINLAND)
2023,470200,ROYAL GOLDEN EAGLE,APRIL,BUATAN,RIAU,507,299399,ROYAL GOLDEN EAGLE,APRIL FAR EAST MALAYSIA SDN BHD,MALAYSIA,FUZHOU,CHINA (MAINLAND)
2023,470329,SINAR MAS,OKI,SULTAN MAHMUD BADARUDDIN (U),SUMATERA SELATAN,1250,827500,SINAR MAS,KING PAPER SOURCE TRADING (SHANGHAI) CO LTD,CHINA (MAINLAND),ZHENJIANG,CHINA (MAINLAND)
2023,470329,SINAR MAS,OKI,SULTAN MAHMUD BADARUDDIN (U),SUMATERA SELATAN,2000,1322500,SINAR MAS,KING PAPER SOURCE TRADING (SHANGHAI) CO LTD,CHINA (MAINLAND),CHANGSHU,CHINA (MAINLAND)
2023,470329,SINAR MAS,OKI,SULTAN MAHMUD BADARUDDIN (U),SUMATERA SELATAN,100,66200,SINAR MAS,KING PAPER SOURCE TRADING (SHANGHAI) CO LTD,CHINA (MAINLAND),ZHENJIANG,CHINA (MAINLAND)
2023,470329,ROYAL GOLDEN EAGLE,APRIL,BUATAN,RIAU,502,234952,ROYAL GOLDEN EAGLE,APRIL INTERNATIONAL ENTEPRISE PTE LTD,SINGAPORE,ABU DHABI,NEW ZEALAND
2023,470329,SINAR MAS,OKI,SULTAN MAHMUD BADARUDDIN (U),SUMATERA SELATAN,4400,2909500,SINAR MAS,KING PAPER SOURCE TRADING (SHANGHAI) CO LTD,CHINA (MAINLAND),CHANGSHU,CHINA (MAINLAND)
2023,470329,SINAR MAS,OKI,SULTAN MAHMUD BADARUDDIN (U),SUMATERA SELATAN,2900,1919800,SINAR MAS,KING PAPER SOURCE TRADING (SHANGHAI) CO LTD,CHINA (MAINLAND),ZHENJIANG,CHINA (MAINLAND)
2023,470329,SINAR MAS,OKI,SULTAN MAHMUD BADARUDDIN (U),SUMATERA SELATAN,2000,1322500,SINAR MAS,KING PAPER SOURCE TRADING (SHANGHAI) CO LTD,CHINA (MAINLAND),CHANGSHU,CHINA (MAINLAND)
2023,470329,MARUBENI,TANJUNG ENIM LESTARI,PANJANG,SUMATERA SELATAN,509,322729,MARUBENI,MARUBENI CORP,JAPAN,XINGANG,CHINA (MAINLAND)
2023,470329,SINAR MAS,INDAH KIAT,PERAWANG,RIAU,500,353932,SINAR MAS,KING PAPER SOURCE TRADING (SHANGHAI) CO LTD,CHINA (MAINLAND),DALIAN,CHINA (MAINLAND)
2023,470329,SINAR MAS,INDAH KIAT,PERAWANG,RIAU,500,327171,UNKNOWN AFFILIATION,TRUONG XUAN PAPER JOINT STOCK CO,VIETNAM,HAIPHONG,VIETNAM
2023,470329,SINAR MAS,INDAH KIAT,PERAWANG,RIAU,500,327171,UNKNOWN AFFILIATION,TRUONG XUAN PAPER JOINT STOCK CO,VIETNAM,HAIPHONG,VIETNAM
2023,470329,SINAR MAS,INDAH KIAT,PERAWANG,RIAU,500,328328,UNKNOWN AFFILIATION,NIBONG TEBAL PAPER MILL SDN BHD,MALAYSIA,PENANG (GEORGETOWN),MALAYSIA
2023,470329,MARUBENI,TANJUNG ENIM LESTARI,PANJANG,SUMATERA SELATAN,106,70510,MARUBENI,MARUBENI CORP,JAPAN,JAWAHARLAL NEHRU (NHAVA S,INDIA
2023,470200,ROYAL GOLDEN EAGLE,APRIL,BUATAN,RIAU,791,466750,ROYAL GOLDEN EAGLE,APRIL FAR EAST MALAYSIA SDN BHD,MALAYSIA,JIUJIANG,CHINA (MAINLAND)
2023,470200,ROYAL GOLDEN EAGLE,APRIL,BUATAN,RIAU,508,299460,ROYAL GOLDEN EAGLE,APRIL FAR EAST MALAYSIA SDN BHD,MALAYSIA,FUZHOU,CHINA (MAINLAND)
2023,470200,ROYAL GOLDEN EAGLE,APRIL,BUATAN,RIAU,1519,896330,ROYAL GOLDEN EAGLE,APRIL FAR EAST MALAYSIA SDN BHD,MALAYSIA,JIUJIANG,CHINA (MAINLAND)
2023,470200,ROYAL GOLDEN EAGLE,APRIL,BUATAN,RIAU,1013,597671,ROYAL GOLDEN EAGLE,APRIL FAR EAST MALAYSIA SDN BHD,MALAYSIA,FUZHOU,CHINA (MAINLAND)
2023,470200,ROYAL GOLDEN EAGLE,APRIL,BUATAN,RIAU,1013,597656,ROYAL GOLDEN EAGLE,APRIL FAR EAST MALAYSIA SDN BHD,MALAYSIA,LIANYUNGANG,CHINA (MAINLAND)
2023,470329,ROYAL GOLDEN EAGLE,APRIL,BUATAN,RIAU,60,28266,ROYAL GOLDEN EAGLE,APRIL INTERNATIONAL ENTEPRISE PTE LTD,SINGAPORE,CHATTOGRAM,BANGLADESH
2023,470200,ROYAL GOLDEN EAGLE,APRIL,BUATAN,RIAU,507,299056,ROYAL GOLDEN EAGLE,APRIL FAR EAST MALAYSIA SDN BHD,MALAYSIA,JIUJIANG,CHINA (MAINLAND)
2023,470329,ROYAL GOLDEN EAGLE,APRIL,BUATAN,RIAU,201,93851,ROYAL GOLDEN EAGLE,APRIL INTERNATIONAL ENTEPRISE PTE LTD,SINGAPORE,JAWAHARLAL NEHRU (NHAVA S,INDIA
2023,470329,ROYAL GOLDEN EAGLE,APRIL,BUATAN,RIAU,503,235239,ROYAL GOLDEN EAGLE,APRIL FINE PAPER TRADING MIDDLE EAST,UNITED ARAB EMIRATES,JEDDAH,SAUDI ARABIA
2023,470329,SINAR MAS,OKI,SULTAN MAHMUD BADARUDDIN (U),SUMATERA SELATAN,4000,2780000,SINAR MAS,KING PAPER SOURCE TRADING (SHANGHAI) CO LTD,CHINA (MAINLAND),QINZHOU,CHINA (MAINLAND)
2023,470329,SINAR MAS,OKI,SULTAN MAHMUD BADARUDDIN (U),SUMATERA SELATAN,3000,2085000,SINAR MAS,KING PAPER SOURCE TRADING (SHANGHAI) CO LTD,CHINA (MAINLAND),QINZHOU,CHINA (MAINLAND)
2023,470329,ROYAL GOLDEN EAGLE,APRIL,BUATAN,RIAU,603,281971,ROYAL GOLDEN EAGLE,APRIL INTERNATIONAL ENTEPRISE PTE LTD,SINGAPORE,CHATTOGRAM,BANGLADESH
2023,470329,MARUBENI,TANJUNG ENIM LESTARI,PANJANG,SUMATERA SELATAN,299,193746,MARUBENI,MARUBENI CORP,JAPAN,NINGBO,CHINA (MAINLAND)
2023,470329,MARUBENI,TANJUNG ENIM LESTARI,PANJANG,SUMATERA SELATAN,215,138988,MARUBENI,MARUBENI CORP,JAPAN,NINGBO,CHINA (MAINLAND)
2023,470329,MARUBENI,TANJUNG ENIM LESTARI,PANJANG,SUMATERA SELATAN,148,97059,MARUBENI,MARUBENI CORP,JAPAN,SONEPAT,INDIA
2023,470329,MARUBENI,TANJUNG ENIM LESTARI,PANJANG,SUMATERA SELATAN,517,338812,MARUBENI,MARUBENI CORP,JAPAN,XINHUI,CHINA (MAINLAND)
2023,470329,MARUBENI,TANJUNG ENIM LESTARI,PANJANG,SUMATERA SELATAN,517,322813,MARUBENI,MARUBENI CORP,JAPAN,WUHAN,CHINA (MAINLAND)
2023,470329,MARUBENI,TANJUNG ENIM LESTARI,PANJANG,SUMATERA SELATAN,514,340087,MARUBENI,MARUBENI CORP,JAPAN,NINGBO,CHINA (MAINLAND)
2023,470329,ROYAL GOLDEN EAGLE,APRIL,BUATAN,RIAU,1003,469248,ROYAL GOLDEN EAGLE,APRIL INTERNATIONAL ENTEPRISE PTE LTD,SINGAPORE,HAIPHONG,VIETNAM
2023,470329,ROYAL GOLDEN EAGLE,APRIL,BUATAN,RIAU,201,93968,ROYAL GOLDEN EAGLE,APRIL INTERNATIONAL ENTEPRISE PTE LTD,SINGAPORE,JAWAHARLAL NEHRU (NHAVA S,INDIA
2023,470200,ROYAL GOLDEN EAGLE,APRIL,BUATAN,RIAU,508,299479,ROYAL GOLDEN EAGLE,APRIL FAR EAST MALAYSIA SDN BHD,MALAYSIA,JIUJIANG,CHINA (MAINLAND)
2023,470329,ROYAL GOLDEN EAGLE,APRIL,BUATAN,RIAU,1102,515564,ROYAL GOLDEN EAGLE,APRIL INTERNATIONAL ENTEPRISE PTE LTD,SINGAPORE,HAIPHONG,VIETNAM
2023,470329,MARUBENI,TANJUNG ENIM LESTARI,PANJANG,SUMATERA SELATAN,517,339259,MARUBENI,MARUBENI CORP,JAPAN,XINHUI,CHINA (MAINLAND)
2023,470329,MARUBENI,TANJUNG ENIM LESTARI,PANJANG,SUMATERA SELATAN,322,207221,MARUBENI,MARUBENI CORP,JAPAN,YINGKOU,CHINA (MAINLAND)
2023,470200,ROYAL GOLDEN EAGLE,APRIL,BUATAN,RIAU,101,59812,ROYAL GOLDEN EAGLE,APRIL FAR EAST MALAYSIA SDN BHD,MALAYSIA,JIUJIANG,CHINA (MAINLAND)
2023,470329,MARUBENI,TANJUNG ENIM LESTARI,PANJANG,SUMATERA SELATAN,258,172017,MARUBENI,MARUBENI CORP,JAPAN,JAWAHARLAL NEHRU (NHAVA S,INDIA
2023,470329,MARUBENI,TANJUNG ENIM LESTARI,PANJANG,SUMATERA SELATAN,516,340753,MARUBENI,MARUBENI CORP,JAPAN,XINGANG,CHINA (MAINLAND)
2023,470329,MARUBENI,TANJUNG ENIM LESTARI,PANJANG,SUMATERA SELATAN,104,71156,MARUBENI,MARUBENI CORP,JAPAN,JAWAHARLAL NEHRU (NHAVA S,INDIA
2023,470329,ROYAL GOLDEN EAGLE,APRIL,FUTONG,RIAU,3136,1467421,ROYAL GOLDEN EAGLE,APRIL INTERNATIONAL ENTEPRISE PTE LTD,SINGAPORE,PYONGTAEK,SOUTH KOREA
2023,470329,ROYAL GOLDEN EAGLE,APRIL,FUTONG,RIAU,3064,1434132,ROYAL GOLDEN EAGLE,APRIL INTERNATIONAL ENTEPRISE PTE LTD,SINGAPORE,GUNSAN (ES KUNSAN),SOUTH KOREA
2023,470329,ROYAL GOLDEN EAGLE,APRIL,FUTONG,RIAU,1839,860474,ROYAL GOLDEN EAGLE,APRIL FAR EAST MALAYSIA SDN BHD,MALAYSIA,IYOMISHIMA,JAPAN
2023,470200,ROYAL GOLDEN EAGLE,APRIL,BUATAN,RIAU,506,298557,ROYAL GOLDEN EAGLE,APRIL FAR EAST MALAYSIA SDN BHD,MALAYSIA,LIANYUNGANG,CHINA (MAINLAND)
2023,470329,SINAR MAS,INDAH KIAT,PERAWANG,RIAU,240,155949,UNKNOWN AFFILIATION,REGENT EXIM INTERNATIONAL LTD,INDIA,MUNDRA,INDIA
2023,470329,MARUBENI,TANJUNG ENIM LESTARI,PANJANG,SUMATERA SELATAN,104,71742,MARUBENI,MARUBENI CORP,JAPAN,JAWAHARLAL NEHRU (NHAVA S,INDIA
2023,470200,ROYAL GOLDEN EAGLE,APRIL,BUATAN,RIAU,405,239061,ROYAL GOLDEN EAGLE,APRIL FAR EAST MALAYSIA SDN BHD,MALAYSIA,JIUJIANG,CHINA (MAINLAND)
2023,470329,ROYAL GOLDEN EAGLE,APRIL,FUTONG,RIAU,10043,4700142,ROYAL GOLDEN EAGLE,APRIL INTERNATIONAL ENTEPRISE PTE LTD,SINGAPORE,CHATTOGRAM,BANGLADESH
2023,470329,SINAR MAS,INDAH KIAT,PERAWANG,RIAU,500,338350,UNKNOWN AFFILIATION,VIET THANG PAPER AND PACKING JOINT STOCK CO,VIETNAM,HAIPHONG,VIETNAM
2023,470329,ROYAL GOLDEN EAGLE,APRIL,BUATAN,RIAU,702,328428,ROYAL GOLDEN EAGLE,APRIL INTERNATIONAL ENTEPRISE PTE LTD,SINGAPORE,HAIPHONG,VIETNAM
2023,470329,SINAR MAS,OKI,SULTAN MAHMUD BADARUDDIN (U),SUMATERA SELATAN,2000,1324000,SINAR MAS,KING PAPER SOURCE TRADING (SHANGHAI) CO LTD,CHINA (MAINLAND),CHANGSHU,CHINA (MAINLAND)
2023,470329,SINAR MAS,OKI,SULTAN MAHMUD BADARUDDIN (U),SUMATERA SELATAN,5400,3574800,SINAR MAS,KING PAPER SOURCE TRADING (SHANGHAI) CO LTD,CHINA (MAINLAND),CHANGSHU,CHINA (MAINLAND)
2023,470329,SINAR MAS,OKI,SULTAN MAHMUD BADARUDDIN (U),SUMATERA SELATAN,3600,2383200,SINAR MAS,KING PAPER SOURCE TRADING (SHANGHAI) CO LTD,CHINA (MAINLAND),CHANGSHU,CHINA (MAINLAND)
2023,470200,ROYAL GOLDEN EAGLE,APRIL,BUATAN,RIAU,506,298659,ROYAL GOLDEN EAGLE,APRIL FAR EAST MALAYSIA SDN BHD,MALAYSIA,LIANYUNGANG,CHINA (MAINLAND)
2023,470329,SINAR MAS,INDAH KIAT,PERAWANG,RIAU,500,337757,SUPER STAR GROUP (SSG),SSG PAPER LTD,BANGLADESH,CHATTOGRAM,BANGLADESH
2023,470329,SINAR MAS,OKI,SULTAN MAHMUD BADARUDDIN (U),SUMATERA SELATAN,5250,3635625,SINAR MAS,JIANGSU BOHUI PAPER INDUSTRY CO LTD.,CHINA (MAINLAND),DAFENG,CHINA (MAINLAND)
2023,470329,SINAR MAS,OKI,SULTAN MAHMUD BADARUDDIN (U),SUMATERA SELATAN,4200,2736300,SINAR MAS,JIANGSU BOHUI PAPER INDUSTRY CO LTD.,CHINA (MAINLAND),DAFENG,CHINA (MAINLAND)
2023,470329,SINAR MAS,OKI,SULTAN MAHMUD BADARUDDIN (U),SUMATERA SELATAN,5000,3257500,SINAR MAS,SHANDONG BOHUI PAPER INDUSTRY CO LTD,CHINA (MAINLAND),QINGDAO,CHINA (MAINLAND)
2023,470329,MARUBENI,TANJUNG ENIM LESTARI,PANJANG,SUMATERA SELATAN,517,330172,MARUBENI,MARUBENI CORP,JAPAN,QINGDAO,CHINA (MAINLAND)
2023,470329,SINAR MAS,INDAH KIAT,PERAWANG,RIAU,260,175997,UNKNOWN AFFILIATION,PAPERTECH INDUSTRIES LTD,SINGAPORE,CHATTOGRAM,BANGLADESH
2023,470329,MARUBENI,TANJUNG ENIM LESTARI,PANJANG,SUMATERA SELATAN,516,323436,MARUBENI,MARUBENI CORP,JAPAN,CHONGQING,CHINA (MAINLAND)
2023,470329,MARUBENI,TANJUNG ENIM LESTARI,PANJANG,SUMATERA SELATAN,514,336153,MARUBENI,MARUBENI CORP,JAPAN,WUHAN,CHINA (MAINLAND)
2023,470329,MARUBENI,TANJUNG ENIM LESTARI,PANJANG,SUMATERA SELATAN,510,333531,MARUBENI,MARUBENI CORP,JAPAN,WUHAN,CHINA (MAINLAND)
2023,470329,SINAR MAS,OKI,SULTAN MAHMUD BADARUDDIN (U),SUMATERA SELATAN,1050,714525,SINAR MAS,JIANGSU BOHUI PAPER INDUSTRY CO LTD.,CHINA (MAINLAND),DAFENG,CHINA (MAINLAND)
2023,470200,ROYAL GOLDEN EAGLE,APRIL,BUATAN,RIAU,507,299096,ROYAL GOLDEN EAGLE,APRIL FAR EAST MALAYSIA SDN BHD,MALAYSIA,LIANYUNGANG,CHINA (MAINLAND)
2023,470329,SINAR MAS,OKI,SULTAN MAHMUD BADARUDDIN (U),SUMATERA SELATAN,5250,3420375,SINAR MAS,JIANGSU BOHUI PAPER INDUSTRY CO LTD.,CHINA (MAINLAND),DAFENG,CHINA (MAINLAND)
2023,470329,SINAR MAS,OKI,SULTAN MAHMUD BADARUDDIN (U),SUMATERA SELATAN,4000,2606000,SINAR MAS,JIANGSU BOHUI PAPER INDUSTRY CO LTD.,CHINA (MAINLAND),DAFENG,CHINA (MAINLAND)
2023,470329,ROYAL GOLDEN EAGLE,APRIL,BUATAN,RIAU,502,234750,ROYAL GOLDEN EAGLE,APRIL INTERNATIONAL ENTEPRISE PTE LTD,SINGAPORE,CHATTOGRAM,BANGLADESH
2023,470329,SINAR MAS,OKI,SULTAN MAHMUD BADARUDDIN (U),SUMATERA SELATAN,5000,3257500,SINAR MAS,SHANDONG BOHUI PAPER INDUSTRY CO LTD,CHINA (MAINLAND),QINGDAO,CHINA (MAINLAND)
2023,470329,SINAR MAS,OKI,SULTAN MAHMUD BADARUDDIN (U),SUMATERA SELATAN,5000,3257500,SINAR MAS,SHANDONG BOHUI PAPER INDUSTRY CO LTD,CHINA (MAINLAND),QINGDAO,CHINA (MAINLAND)
2023,470329,SINAR MAS,OKI,SULTAN MAHMUD BADARUDDIN (U),SUMATERA SELATAN,5000,3257500,SINAR MAS,SHANDONG BOHUI PAPER INDUSTRY CO LTD,CHINA (MAINLAND),QINGDAO,CHINA (MAINLAND)
2023,470329,SINAR MAS,OKI,SULTAN MAHMUD BADARUDDIN (U),SUMATERA SELATAN,5000,3257500,SINAR MAS,SHANDONG BOHUI PAPER INDUSTRY CO LTD,CHINA (MAINLAND),QINGDAO,CHINA (MAINLAND)
2023,470329,SINAR MAS,OKI,SULTAN MAHMUD BADARUDDIN (U),SUMATERA SELATAN,5250,3635625,SINAR MAS,JIANGSU BOHUI PAPER INDUSTRY CO LTD.,CHINA (MAINLAND),DAFENG,CHINA (MAINLAND)
2023,470200,ROYAL GOLDEN EAGLE,APRIL,BUATAN,RIAU,507,299034,ROYAL GOLDEN EAGLE,APRIL FAR EAST MALAYSIA SDN BHD,MALAYSIA,JIUJIANG,CHINA (MAINLAND)
2023,470329,SINAR MAS,INDAH KIAT,PERAWANG,RIAU,500,337757,PARTEX STAR,PARTEX PAPER MILLS LTD,BANGLADESH,CHATTOGRAM,BANGLADESH
2023,470200,ROYAL GOLDEN EAGLE,APRIL,BUATAN,RIAU,507,306433,ROYAL GOLDEN EAGLE,APRIL FAR EAST MALAYSIA SDN BHD,MALAYSIA,LIANYUNGANG,CHINA (MAINLAND)
2023,470329,ROYAL GOLDEN EAGLE,APRIL,BUATAN,RIAU,201,94046,ROYAL GOLDEN EAGLE,APRIL INTERNATIONAL ENTEPRISE PTE LTD,SINGAPORE,JAWAHARLAL NEHRU (NHAVA S,INDIA
2023,470200,ROYAL GOLDEN EAGLE,APRIL,BUATAN,RIAU,1013,597844,ROYAL GOLDEN EAGLE,APRIL FAR EAST MALAYSIA SDN BHD,MALAYSIA,FUZHOU,CHINA (MAINLAND)
2023,470329,ROYAL GOLDEN EAGLE,APRIL,BUATAN,RIAU,503,235312,ROYAL GOLDEN EAGLE,APRIL INTERNATIONAL ENTEPRISE PTE LTD,SINGAPORE,ABU DHABI,NEW ZEALAND
2023,470329,SINAR MAS,INDAH KIAT,PERAWANG,RIAU,500,338350,VIETNAM PAPER CORP,VAN DIEM PAPER JSC,VIETNAM,HAIPHONG,VIETNAM
2023,470329,MARUBENI,TANJUNG ENIM LESTARI,PANJANG,SUMATERA SELATAN,300,204545,MARUBENI,MARUBENI CORP,JAPAN,LAT KRABANG,THAILAND
2023,470200,ROYAL GOLDEN EAGLE,APRIL,BUATAN,RIAU,507,306454,ROYAL GOLDEN EAGLE,APRIL FAR EAST MALAYSIA SDN BHD,MALAYSIA,LIANYUNGANG,CHINA (MAINLAND)
2023,470200,ROYAL GOLDEN EAGLE,APRIL,BUATAN,RIAU,1013,597836,ROYAL GOLDEN EAGLE,APRIL FAR EAST MALAYSIA SDN BHD,MALAYSIA,FUZHOU,CHINA (MAINLAND)
2023,470329,SINAR MAS,OKI,SULTAN MAHMUD BADARUDDIN (U),SUMATERA SELATAN,6000,4146000,SINAR MAS,KING PAPER SOURCE TRADING (SHANGHAI) CO LTD,CHINA (MAINLAND),CHANGSHU,CHINA (MAINLAND)
2023,470329,SINAR MAS,INDAH KIAT,PERAWANG,RIAU,240,162123,SINAR MAS,GOLDEN PROFIT TRADING PTE LTD,SINGAPORE,CHATTOGRAM,BANGLADESH
2023,470200,ROYAL GOLDEN EAGLE,APRIL,FUTONG,RIAU,3984,2350815,ROYAL GOLDEN EAGLE,APRIL FAR EAST MALAYSIA SDN BHD,MALAYSIA,XIUYING,CHINA (MAINLAND)
2023,470200,ROYAL GOLDEN EAGLE,APRIL,BUATAN,RIAU,506,298589,ROYAL GOLDEN EAGLE,APRIL FAR EAST MALAYSIA SDN BHD,MALAYSIA,JIUJIANG,CHINA (MAINLAND)
2023,470329,ROYAL GOLDEN EAGLE,APRIL,FUTONG,RIAU,3982,1863730,ROYAL GOLDEN EAGLE,APRIL INTERNATIONAL ENTEPRISE PTE LTD,SINGAPORE,XIAMEN,CHINA (MAINLAND)
2023,470329,SINAR MAS,OKI,SULTAN MAHMUD BADARUDDIN (U),SUMATERA SELATAN,642,425004,SINAR MAS,KING PAPER SOURCE TRADING (SHANGHAI) CO LTD,CHINA (MAINLAND),CHANGSHU,CHINA (MAINLAND)
2023,470200,ROYAL GOLDEN EAGLE,APRIL,BUATAN,RIAU,1013,597675,ROYAL GOLDEN EAGLE,APRIL FAR EAST MALAYSIA SDN BHD,MALAYSIA,JIUJIANG,CHINA (MAINLAND)
2023,470200,ROYAL GOLDEN EAGLE,APRIL,BUATAN,RIAU,507,298935,ROYAL GOLDEN EAGLE,APRIL FAR EAST MALAYSIA SDN BHD,MALAYSIA,JIUJIANG,CHINA (MAINLAND)
2023,470200,ROYAL GOLDEN EAGLE,APRIL,BUATAN,RIAU,506,298699,ROYAL GOLDEN EAGLE,APRIL FAR EAST MALAYSIA SDN BHD,MALAYSIA,JIUJIANG,CHINA (MAINLAND)
2023,470329,SINAR MAS,INDAH KIAT,PERAWANG,RIAU,200,128980,UNKNOWN AFFILIATION,NEW TOYO PULPPY (VIETNAM) CO LTD,VIETNAM,CAT LAI,VIETNAM
2023,470329,SINAR MAS,OKI,SULTAN MAHMUD BADARUDDIN (U),SUMATERA SELATAN,3000,1986000,SINAR MAS,KING PAPER SOURCE TRADING (SHANGHAI) CO LTD,CHINA (MAINLAND),CHANGSHU,CHINA (MAINLAND)
2023,470329,SINAR MAS,OKI,SULTAN MAHMUD BADARUDDIN (U),SUMATERA SELATAN,558,385578,SINAR MAS,KING PAPER SOURCE TRADING (SHANGHAI) CO LTD,CHINA (MAINLAND),CHANGSHU,CHINA (MAINLAND)
2023,470329,SINAR MAS,INDAH KIAT,PERAWANG,RIAU,100,68166,UNKNOWN AFFILIATION,GULF PLY COMPANY FOR PAPER MANUFACTURING LTD,SAUDI ARABIA,AD DAMMAM,SAUDI ARABIA
2023,470200,ROYAL GOLDEN EAGLE,APRIL,BUATAN,RIAU,1013,597488,ROYAL GOLDEN EAGLE,APRIL FAR EAST MALAYSIA SDN BHD,MALAYSIA,LIANYUNGANG,CHINA (MAINLAND)
2023,440122,ROYAL GOLDEN EAGLE,BALIKPAPAN CHIP LESTARI,BALIKPAPAN,KALIMANTAN TIMUR,16877,2869105,ROYAL GOLDEN EAGLE,ASIA SYMBOL (SHANDONG) PULP AND PAPER,CHINA (MAINLAND),RIZHAO,CHINA (MAINLAND)
2023,470329,SINAR MAS,OKI,SULTAN MAHMUD BADARUDDIN (U),SUMATERA SELATAN,2500,1625000,MEGHNA GROUP OF INDUSTRIES,MEGHNA PULP AND PAPER MILLS LTD,BANGLADESH,CHATTOGRAM,BANGLADESH
2023,470329,SINAR MAS,OKI,SULTAN MAHMUD BADARUDDIN (U),SUMATERA SELATAN,2900,1919800,SINAR MAS,KING PAPER SOURCE TRADING (SHANGHAI) CO LTD,CHINA (MAINLAND),NINGBO,CHINA (MAINLAND)
2023,470329,MARUBENI,TANJUNG ENIM LESTARI,PANJANG,SUMATERA SELATAN,514,339733,MARUBENI,MARUBENI CORP,JAPAN,NINGBO,CHINA (MAINLAND)
2023,470329,SINAR MAS,INDAH KIAT,PERAWANG,RIAU,500,324506,IMEXCO BACGIANG,BAC GIANG IMPORT EXPORT JOINT STOCK CO,VIETNAM,HAIPHONG,VIETNAM
2023,470329,ROYAL GOLDEN EAGLE,APRIL,BUATAN,RIAU,1006,470856,ROYAL GOLDEN EAGLE,APRIL INTERNATIONAL ENTEPRISE PTE LTD,SINGAPORE,ABU DHABI,NEW ZEALAND
2023,470329,ROYAL GOLDEN EAGLE,APRIL,BUATAN,RIAU,101,47063,ROYAL GOLDEN EAGLE,APRIL INTERNATIONAL ENTEPRISE PTE LTD,SINGAPORE,CAT LAI,VIETNAM
2023,470329,SINAR MAS,INDAH KIAT,PERAWANG,RIAU,500,324506,IMEXCO BACGIANG,BAC GIANG IMPORT EXPORT JOINT STOCK CO,VIETNAM,HAIPHONG,VIETNAM
2023,470329,SINAR MAS,OKI,SULTAN MAHMUD BADARUDDIN (U),SUMATERA SELATAN,2500,1625000,MEGHNA GROUP OF INDUSTRIES,MEGHNA PULP AND PAPER MILLS LTD,BANGLADESH,CHATTOGRAM,BANGLADESH
2023,470329,SINAR MAS,OKI,SULTAN MAHMUD BADARUDDIN (U),SUMATERA SELATAN,9600,6355200,SINAR MAS,KING PAPER SOURCE TRADING (SHANGHAI) CO LTD,CHINA (MAINLAND),NINGBO,CHINA (MAINLAND)
2023,470329,ROYAL GOLDEN EAGLE,APRIL,BUATAN,RIAU,301,140979,ROYAL GOLDEN EAGLE,APRIL INTERNATIONAL ENTEPRISE PTE LTD,SINGAPORE,CHATTOGRAM,BANGLADESH
2023,470329,SINAR MAS,OKI,SULTAN MAHMUD BADARUDDIN (U),SUMATERA SELATAN,2500,1625000,MEGHNA GROUP OF INDUSTRIES,MEGHNA PULP AND PAPER MILLS LTD,BANGLADESH,CHATTOGRAM,BANGLADESH
2023,470329,SINAR MAS,OKI,SULTAN MAHMUD BADARUDDIN (U),SUMATERA SELATAN,2500,1625000,MEGHNA GROUP OF INDUSTRIES,MEGHNA PULP AND PAPER MILLS LTD,BANGLADESH,CHATTOGRAM,BANGLADESH
2023,470329,SINAR MAS,INDAH KIAT,PERAWANG,RIAU,500,324506,IMEXCO BACGIANG,BAC GIANG IMPORT EXPORT JOINT STOCK CO,VIETNAM,HAIPHONG,VIETNAM
2023,470329,MARUBENI,TANJUNG ENIM LESTARI,PANJANG,SUMATERA SELATAN,514,336371,MARUBENI,MARUBENI CORP,JAPAN,XINHUI,CHINA (MAINLAND)
2023,470329,SINAR MAS,INDAH KIAT,PERAWANG,RIAU,500,324506,IMEXCO BACGIANG,BAC GIANG IMPORT EXPORT JOINT STOCK CO,VIETNAM,HAIPHONG,VIETNAM
2023,470329,ROYAL GOLDEN EAGLE,APRIL,BUATAN,RIAU,104,48869,ROYAL GOLDEN EAGLE,APRIL INTERNATIONAL ENTEPRISE PTE LTD,SINGAPORE,CAT LAI,VIETNAM
2023,470329,MARUBENI,TANJUNG ENIM LESTARI,PANJANG,SUMATERA SELATAN,512,329174,MARUBENI,MARUBENI CORP,JAPAN,YINGKOU,CHINA (MAINLAND)
2023,470329,MARUBENI,TANJUNG ENIM LESTARI,PANJANG,SUMATERA SELATAN,515,340750,MARUBENI,MARUBENI CORP,JAPAN,XINGANG,CHINA (MAINLAND)
2023,470329,SINAR MAS,INDAH KIAT,PERAWANG,RIAU,500,337757,LIPY,LIPY PAPER MILLS LTD,BANGLADESH,CHATTOGRAM,BANGLADESH
2023,470329,SINAR MAS,INDAH KIAT,PERAWANG,RIAU,1000,675514,UNKNOWN AFFILIATION,AMBER SUPER PAPER LIMITED,BANGLADESH,CHATTOGRAM,BANGLADESH
2023,470329,ROYAL GOLDEN EAGLE,APRIL,BUATAN,RIAU,201,94053,ROYAL GOLDEN EAGLE,APRIL INTERNATIONAL ENTEPRISE PTE LTD,SINGAPORE,JAWAHARLAL NEHRU (NHAVA S,INDIA
2023,470200,ROYAL GOLDEN EAGLE,APRIL,BUATAN,RIAU,1013,612925,ROYAL GOLDEN EAGLE,APRIL FAR EAST MALAYSIA SDN BHD,MALAYSIA,JIUJIANG,CHINA (MAINLAND)
2023,470329,MARUBENI,TANJUNG ENIM LESTARI,PANJANG,SUMATERA SELATAN,515,336401,MARUBENI,MARUBENI CORP,JAPAN,WUHAN,CHINA (MAINLAND)
2023,470329,ROYAL GOLDEN EAGLE,APRIL,BUATAN,RIAU,503,235306,ROYAL GOLDEN EAGLE,APRIL INTERNATIONAL ENTEPRISE PTE LTD,SINGAPORE,ABU DHABI,NEW ZEALAND
2023,470329,SINAR MAS,INDAH KIAT,PERAWANG,RIAU,500,337757,PARTEX STAR,PARTEX PAPER MILLS LTD,BANGLADESH,CHATTOGRAM,BANGLADESH
2023,470329,MARUBENI,TANJUNG ENIM LESTARI,PANJANG,SUMATERA SELATAN,507,352522,MARUBENI,MARUBENI CORP,JAPAN,SHIMIZU,JAPAN
2023,470329,SINAR MAS,INDAH KIAT,PERAWANG,RIAU,100,65950,SINAR MAS,KING PAPER SOURCE TRADING (SHANGHAI) CO LTD,CHINA (MAINLAND),DAGANG,CHINA (MAINLAND)
2023,470329,SINAR MAS,INDAH KIAT,PERAWANG,RIAU,480,313740,UNKNOWN AFFILIATION,MAC-AAA FREIGHT & LOGISTICS LLC,UNITED ARAB EMIRATES,JEBEL ALI,NEW ZEALAND
2023,470329,SINAR MAS,INDAH KIAT,PERAWANG,RIAU,3200,2110400,SINAR MAS,KING PAPER SOURCE TRADING (SHANGHAI) CO LTD,CHINA (MAINLAND),QINZHOU,CHINA (MAINLAND)
2023,470329,SINAR MAS,INDAH KIAT,PERAWANG,RIAU,500,343750,SINAR MAS,KING PAPER SOURCE TRADING (SHANGHAI) CO LTD,CHINA (MAINLAND),QINZHOU,CHINA (MAINLAND)
2023,470200,ROYAL GOLDEN EAGLE,APRIL,BUATAN,RIAU,405,245095,ROYAL GOLDEN EAGLE,APRIL FAR EAST MALAYSIA SDN BHD,MALAYSIA,JIUJIANG,CHINA (MAINLAND)
2023,470329,MARUBENI,TANJUNG ENIM LESTARI,TARAHAN,SUMATERA SELATAN,1045,687719,MARUBENI,MARUBENI CORP,JAPAN,QINGDAO,CHINA (MAINLAND)
2023,470329,MARUBENI,TANJUNG ENIM LESTARI,TARAHAN,SUMATERA SELATAN,1001,658311,MARUBENI,MARUBENI CORP,JAPAN,QINGDAO,CHINA (MAINLAND)
2023,470329,ROYAL GOLDEN EAGLE,APRIL,FUTONG,RIAU,8034,3759824,ROYAL GOLDEN EAGLE,APRIL INTERNATIONAL ENTEPRISE PTE LTD,SINGAPORE,HALDIA,INDIA
2023,470200,ROYAL GOLDEN EAGLE,APRIL,BUATAN,RIAU,507,298959,ROYAL GOLDEN EAGLE,APRIL FAR EAST MALAYSIA SDN BHD,MALAYSIA,LIANYUNGANG,CHINA (MAINLAND)
2023,470329,MARUBENI,TANJUNG ENIM LESTARI,TARAHAN,SUMATERA SELATAN,1044,682084,MARUBENI,MARUBENI CORP,JAPAN,QINGDAO,CHINA (MAINLAND)
2023,470329,SINAR MAS,LONTAR PAPYRUS,KUALA TUNGKAL,JAMBI,2007,1336973,UNKNOWN AFFILIATION,KHANNA PAPER MILLS LTD,INDIA,KANDLA,INDIA
2023,470329,MARUBENI,TANJUNG ENIM LESTARI,TARAHAN,SUMATERA SELATAN,522,342340,MARUBENI,MARUBENI CORP,JAPAN,QINGDAO,CHINA (MAINLAND)
2023,470329,MARUBENI,TANJUNG ENIM LESTARI,TARAHAN,SUMATERA SELATAN,522,342810,MARUBENI,MARUBENI CORP,JAPAN,QINGDAO,CHINA (MAINLAND)
2023,470329,SINAR MAS,INDAH KIAT,PERAWANG,RIAU,1300,893750,SINAR MAS,KING PAPER SOURCE TRADING (SHANGHAI) CO LTD,CHINA (MAINLAND),QINZHOU,CHINA (MAINLAND)
2023,470329,SINAR MAS,INDAH KIAT,PERAWANG,RIAU,200,129700,ARIHANT,ARIHANT AUTO CORRUGATION PVT LTD,NEPAL,CALCUTTA,INDIA
2023,470329,ROYAL GOLDEN EAGLE,APRIL,BUATAN,RIAU,502,234712,ROYAL GOLDEN EAGLE,APRIL INTERNATIONAL ENTEPRISE PTE LTD,SINGAPORE,CHATTOGRAM,BANGLADESH
2023,470329,SINAR MAS,INDAH KIAT,PERAWANG,RIAU,5000,3297500,SINAR MAS,KING PAPER SOURCE TRADING (SHANGHAI) CO LTD,CHINA (MAINLAND),QINZHOU,CHINA (MAINLAND)
2023,470329,SINAR MAS,INDAH KIAT,PERAWANG,RIAU,356,250802,SINAR MAS,KING PAPER SOURCE TRADING (SHANGHAI) CO LTD,CHINA (MAINLAND),QINZHOU,CHINA (MAINLAND)
2023,470200,ROYAL GOLDEN EAGLE,APRIL,BUATAN,RIAU,507,298880,ROYAL GOLDEN EAGLE,APRIL FAR EAST MALAYSIA SDN BHD,MALAYSIA,JIUJIANG,CHINA (MAINLAND)
2023,470329,MARUBENI,TANJUNG ENIM LESTARI,TARAHAN,SUMATERA SELATAN,1886,1239203,MARUBENI,MARUBENI CORP,JAPAN,QINGDAO,CHINA (MAINLAND)
2023,470329,MARUBENI,TANJUNG ENIM LESTARI,TARAHAN,SUMATERA SELATAN,1045,687661,MARUBENI,MARUBENI CORP,JAPAN,QINGDAO,CHINA (MAINLAND)
2023,470329,ROYAL GOLDEN EAGLE,APRIL,BUATAN,RIAU,100,46999,ROYAL GOLDEN EAGLE,APRIL INTERNATIONAL ENTEPRISE PTE LTD,SINGAPORE,CHATTOGRAM,BANGLADESH
2023,470329,MARUBENI,TANJUNG ENIM LESTARI,TARAHAN,SUMATERA SELATAN,2091,1395061,MARUBENI,MARUBENI CORP,JAPAN,QINGDAO,CHINA (MAINLAND)
2023,470329,MARUBENI,TANJUNG ENIM LESTARI,TARAHAN,SUMATERA SELATAN,1045,682145,MARUBENI,MARUBENI CORP,JAPAN,QINGDAO,CHINA (MAINLAND)
2023,470329,SINAR MAS,INDAH KIAT,PERAWANG,RIAU,300,194974,SK BANGUR,ANDHRA PAPER LTD,INDIA,VISAKHAPATNAM,INDIA
2023,470329,SINAR MAS,INDAH KIAT,PERAWANG,RIAU,5000,3297500,SINAR MAS,KING PAPER SOURCE TRADING (SHANGHAI) CO LTD,CHINA (MAINLAND),DAGANG,CHINA (MAINLAND)
2023,470329,SINAR MAS,INDAH KIAT,PERAWANG,RIAU,500,353932,SINAR MAS,KING PAPER SOURCE TRADING (SHANGHAI) CO LTD,CHINA (MAINLAND),DALIAN,CHINA (MAINLAND)
2023,470329,SINAR MAS,INDAH KIAT,PERAWANG,RIAU,800,550000,SINAR MAS,KING PAPER SOURCE TRADING (SHANGHAI) CO LTD,CHINA (MAINLAND),NINGBO,CHINA (MAINLAND)
2023,470329,SINAR MAS,INDAH KIAT,PERAWANG,RIAU,500,353932,SINAR MAS,KING PAPER SOURCE TRADING (SHANGHAI) CO LTD,CHINA (MAINLAND),DALIAN,CHINA (MAINLAND)
2023,470329,SINAR MAS,INDAH KIAT,PERAWANG,RIAU,1100,725450,SINAR MAS,KING PAPER SOURCE TRADING (SHANGHAI) CO LTD,CHINA (MAINLAND),DAGANG,CHINA (MAINLAND)
2023,470329,ROYAL GOLDEN EAGLE,APRIL,FUTONG,RIAU,2369,1108878,ROYAL GOLDEN EAGLE,APRIL INTERNATIONAL ENTEPRISE PTE LTD,SINGAPORE,MUMBAI (EX BOMBAY),INDIA
2023,470200,ROYAL GOLDEN EAGLE,APRIL,BUATAN,RIAU,1013,612968,ROYAL GOLDEN EAGLE,APRIL FAR EAST MALAYSIA SDN BHD,MALAYSIA,JIUJIANG,CHINA (MAINLAND)
2023,470329,ROYAL GOLDEN EAGLE,APRIL,FUTONG,RIAU,4992,2336483,ROYAL GOLDEN EAGLE,APRIL INTERNATIONAL ENTEPRISE PTE LTD,SINGAPORE,JEBEL ALI,NEW ZEALAND
2023,470329,SINAR MAS,INDAH KIAT,PERAWANG,RIAU,3000,2062500,SINAR MAS,KING PAPER SOURCE TRADING (SHANGHAI) CO LTD,CHINA (MAINLAND),NINGBO,CHINA (MAINLAND)
2023,470329,ROYAL GOLDEN EAGLE,APRIL,BUATAN,RIAU,502,234886,ROYAL GOLDEN EAGLE,APRIL INTERNATIONAL ENTEPRISE PTE LTD,SINGAPORE,CALCUTTA,INDIA
2023,470329,SINAR MAS,INDAH KIAT,PERAWANG,RIAU,3500,2308250,SINAR MAS,KING PAPER SOURCE TRADING (SHANGHAI) CO LTD,CHINA (MAINLAND),DAGANG,CHINA (MAINLAND)
2023,470329,SINAR MAS,INDAH KIAT,PERAWANG,RIAU,500,353932,SINAR MAS,KING PAPER SOURCE TRADING (SHANGHAI) CO LTD,CHINA (MAINLAND),DALIAN,CHINA (MAINLAND)
2023,470329,ROYAL GOLDEN EAGLE,APRIL,FUTONG,RIAU,7316,3436708,ROYAL GOLDEN EAGLE,APRIL INTERNATIONAL ENTEPRISE PTE LTD,SINGAPORE,MUMBAI (EX BOMBAY),INDIA
2023,470329,SINAR MAS,LONTAR PAPYRUS,KUALA TUNGKAL,JAMBI,1504,1001998,UNKNOWN AFFILIATION,KHANNA PAPER MILLS LTD,INDIA,KANDLA,INDIA
2023,470329,ROYAL GOLDEN EAGLE,APRIL,BUATAN,RIAU,262,122427,ROYAL GOLDEN EAGLE,APRIL INTERNATIONAL ENTEPRISE PTE LTD,SINGAPORE,CHATTOGRAM,BANGLADESH
2023,470200,ROYAL GOLDEN EAGLE,APRIL,BUATAN,RIAU,507,306558,ROYAL GOLDEN EAGLE,APRIL FAR EAST MALAYSIA SDN BHD,MALAYSIA,JIUJIANG,CHINA (MAINLAND)
2023,470200,ROYAL GOLDEN EAGLE,APRIL,BUATAN,RIAU,506,298791,ROYAL GOLDEN EAGLE,APRIL FAR EAST MALAYSIA SDN BHD,MALAYSIA,LIANYUNGANG,CHINA (MAINLAND)
2023,470329,SINAR MAS,LONTAR PAPYRUS,KUALA TUNGKAL,JAMBI,1255,835705,UNKNOWN AFFILIATION,KHANNA PAPER MILLS LTD,INDIA,KANDLA,INDIA
2023,470329,SINAR MAS,LONTAR PAPYRUS,KUALA TUNGKAL,JAMBI,5270,3510566,UNKNOWN AFFILIATION,KHANNA PAPER MILLS LTD,INDIA,KANDLA,INDIA
2023,470329,ROYAL GOLDEN EAGLE,APRIL,BUATAN,RIAU,302,141204,ROYAL GOLDEN EAGLE,APRIL INTERNATIONAL ENTEPRISE PTE LTD,SINGAPORE,CHATTOGRAM,BANGLADESH
2023,470329,MARUBENI,TANJUNG ENIM LESTARI,PANJANG,SUMATERA SELATAN,517,339327,MARUBENI,MARUBENI CORP,JAPAN,WUHAN,CHINA (MAINLAND)
2023,470200,ROYAL GOLDEN EAGLE,APRIL,BUATAN,RIAU,507,306494,ROYAL GOLDEN EAGLE,APRIL FAR EAST MALAYSIA SDN BHD,MALAYSIA,JIUJIANG,CHINA (MAINLAND)
2023,470329,SINAR MAS,OKI,SULTAN MAHMUD BADARUDDIN (U),SUMATERA SELATAN,5000,3460500,UNKNOWN AFFILIATION,SAUDI PAPER MANUFACTURING CO,SAUDI ARABIA,AD DAMMAM,SAUDI ARABIA
2023,470329,MARUBENI,TANJUNG ENIM LESTARI,PANJANG,SUMATERA SELATAN,514,331532,MARUBENI,MARUBENI CORP,JAPAN,CHONGQING,CHINA (MAINLAND)
2023,470329,MARUBENI,TANJUNG ENIM LESTARI,PANJANG,SUMATERA SELATAN,516,339727,MARUBENI,MARUBENI CORP,JAPAN,QINGDAO,CHINA (MAINLAND)
2023,470200,ROYAL GOLDEN EAGLE,APRIL,BUATAN,RIAU,506,298773,ROYAL GOLDEN EAGLE,APRIL FAR EAST MALAYSIA SDN BHD,MALAYSIA,LIANYUNGANG,CHINA (MAINLAND)
2023,470200,ROYAL GOLDEN EAGLE,APRIL,BUATAN,RIAU,507,306655,ROYAL GOLDEN EAGLE,APRIL FAR EAST MALAYSIA SDN BHD,MALAYSIA,LIANYUNGANG,CHINA (MAINLAND)
2023,470200,ROYAL GOLDEN EAGLE,APRIL,BUATAN,RIAU,506,306410,ROYAL GOLDEN EAGLE,APRIL FAR EAST MALAYSIA SDN BHD,MALAYSIA,JIUJIANG,CHINA (MAINLAND)
2023,470329,MARUBENI,TANJUNG ENIM LESTARI,PANJANG,SUMATERA SELATAN,302,208963,MARUBENI,MARUBENI CORP,JAPAN,HALDIA,INDIA
2023,470329,SINAR MAS,INDAH KIAT,PERAWANG,RIAU,300,212400,GULF PAPER,GULF PAPER MANUFACTURING CO KSC,KUWAIT,SHUAIBA,KUWAIT
2023,470200,ROYAL GOLDEN EAGLE,APRIL,BUATAN,RIAU,1014,613616,ROYAL GOLDEN EAGLE,APRIL FAR EAST MALAYSIA SDN BHD,MALAYSIA,LIANYUNGANG,CHINA (MAINLAND)
2023,470329,SINAR MAS,INDAH KIAT,PERAWANG,RIAU,400,283199,GULF PAPER,GULF PAPER MANUFACTURING CO KSC,KUWAIT,SHUAIBA,KUWAIT
2023,470329,ROYAL GOLDEN EAGLE,APRIL,BUATAN,RIAU,96,48184,ROYAL GOLDEN EAGLE,APRIL INTERNATIONAL ENTEPRISE PTE LTD,SINGAPORE,TAOYUAN,TAIWAN
2023,470329,SINAR MAS,INDAH KIAT,PERAWANG,RIAU,300,212400,GULF PAPER,GULF PAPER MANUFACTURING CO KSC,KUWAIT,SHUAIBA,KUWAIT
2023,470200,ROYAL GOLDEN EAGLE,APRIL,BUATAN,RIAU,1521,919977,ROYAL GOLDEN EAGLE,APRIL FAR EAST MALAYSIA SDN BHD,MALAYSIA,JIUJIANG,CHINA (MAINLAND)
2023,470329,MARUBENI,TANJUNG ENIM LESTARI,PANJANG,SUMATERA SELATAN,97,68076,MARUBENI,MARUBENI CORP,JAPAN,SHIMIZU,JAPAN
2023,470329,MARUBENI,TANJUNG ENIM LESTARI,PANJANG,SUMATERA SELATAN,150,103242,MARUBENI,MARUBENI CORP,JAPAN,SANAND,INDIA
2023,470200,ROYAL GOLDEN EAGLE,TOBA PULP LESTARI,BELAWAN,SUMATERA UTARA,501,357480,UNKNOWN AFFILIATION,GREENPOINT GLOBAL TRADING (MACAO COMMERCIAL OFFSHORE) LTD,MACAO,SHANGHAI,CHINA (MAINLAND)
2023,470200,ROYAL GOLDEN EAGLE,APRIL,BUATAN,RIAU,507,306521,ROYAL GOLDEN EAGLE,APRIL FAR EAST MALAYSIA SDN BHD,MALAYSIA,LIANYUNGANG,CHINA (MAINLAND)
2023,470200,ROYAL GOLDEN EAGLE,APRIL,BUATAN,RIAU,507,306510,ROYAL GOLDEN EAGLE,APRIL FAR EAST MALAYSIA SDN BHD,MALAYSIA,LIANYUNGANG,CHINA (MAINLAND)
2023,470329,SINAR MAS,INDAH KIAT,PERAWANG,RIAU,900,613350,QUBE HOLDINGS LTD,QUBE LOGISTICS,AUSTRALIA,MELBOURNE,AUSTRALIA
2023,470329,MARUBENI,TANJUNG ENIM LESTARI,PANJANG,SUMATERA SELATAN,707,463800,MARUBENI,MARUBENI CORP,JAPAN,XINHUI,CHINA (MAINLAND)
2023,470329,SINAR MAS,OKI,SULTAN MAHMUD BADARUDDIN (U),SUMATERA SELATAN,2000,1391920,SINAR MAS,KING PAPER SOURCE TRADING (SHANGHAI) CO LTD,CHINA (MAINLAND),CHANGSHU,CHINA (MAINLAND)
2023,470329,SINAR MAS,OKI,SULTAN MAHMUD BADARUDDIN (U),SUMATERA SELATAN,1300,904748,SINAR MAS,KING PAPER SOURCE TRADING (SHANGHAI) CO LTD,CHINA (MAINLAND),ZHENJIANG,CHINA (MAINLAND)
2023,470329,SINAR MAS,OKI,SULTAN MAHMUD BADARUDDIN (U),SUMATERA SELATAN,1442,1003574,SINAR MAS,KING PAPER SOURCE TRADING (SHANGHAI) CO LTD,CHINA (MAINLAND),CHANGSHU,CHINA (MAINLAND)
2023,470329,SINAR MAS,OKI,SULTAN MAHMUD BADARUDDIN (U),SUMATERA SELATAN,5250,3653790,SINAR MAS,JIANGSU BOHUI PAPER INDUSTRY CO LTD.,CHINA (MAINLAND),CHANGSHU,CHINA (MAINLAND)
2023,470329,SINAR MAS,OKI,SULTAN MAHMUD BADARUDDIN (U),SUMATERA SELATAN,5250,3653790,SINAR MAS,JIANGSU BOHUI PAPER INDUSTRY CO LTD.,CHINA (MAINLAND),CHANGSHU,CHINA (MAINLAND)
2023,470200,ROYAL GOLDEN EAGLE,APRIL,BUATAN,RIAU,507,306602,ROYAL GOLDEN EAGLE,APRIL FAR EAST MALAYSIA SDN BHD,MALAYSIA,LIANYUNGANG,CHINA (MAINLAND)
2023,470200,ROYAL GOLDEN EAGLE,APRIL,BUATAN,RIAU,507,306502,ROYAL GOLDEN EAGLE,APRIL FAR EAST MALAYSIA SDN BHD,MALAYSIA,LIANYUNGANG,CHINA (MAINLAND)
2023,470329,SINAR MAS,OKI,SULTAN MAHMUD BADARUDDIN (U),SUMATERA SELATAN,3000,2087880,SINAR MAS,KING PAPER SOURCE TRADING (SHANGHAI) CO LTD,CHINA (MAINLAND),ZHENJIANG,CHINA (MAINLAND)
2023,470200,ROYAL GOLDEN EAGLE,APRIL,BUATAN,RIAU,1013,612734,ROYAL GOLDEN EAGLE,APRIL FAR EAST MALAYSIA SDN BHD,MALAYSIA,LIANYUNGANG,CHINA (MAINLAND)
2023,470200,ROYAL GOLDEN EAGLE,APRIL,BUATAN,RIAU,507,306597,ROYAL GOLDEN EAGLE,APRIL FAR EAST MALAYSIA SDN BHD,MALAYSIA,LIANYUNGANG,CHINA (MAINLAND)
2023,470329,MARUBENI,TANJUNG ENIM LESTARI,PANJANG,SUMATERA SELATAN,507,352461,MARUBENI,MARUBENI CORP,JAPAN,SHIMIZU,JAPAN
2023,470329,SINAR MAS,OKI,SULTAN MAHMUD BADARUDDIN (U),SUMATERA SELATAN,3000,2087880,SINAR MAS,KING PAPER SOURCE TRADING (SHANGHAI) CO LTD,CHINA (MAINLAND),ZHENJIANG,CHINA (MAINLAND)
2023,470329,ROYAL GOLDEN EAGLE,APRIL,BUATAN,RIAU,502,251094,ROYAL GOLDEN EAGLE,APRIL INTERNATIONAL ENTEPRISE PTE LTD,SINGAPORE,CHATTOGRAM,BANGLADESH
2023,470329,SINAR MAS,INDAH KIAT,PERAWANG,RIAU,300,191453,UNKNOWN AFFILIATION,AN HUNG CO LTD,VIETNAM,CAT LAI,VIETNAM
2023,470200,ROYAL GOLDEN EAGLE,APRIL,BUATAN,RIAU,1013,612991,ROYAL GOLDEN EAGLE,APRIL FAR EAST MALAYSIA SDN BHD,MALAYSIA,LIANYUNGANG,CHINA (MAINLAND)
2023,470200,ROYAL GOLDEN EAGLE,APRIL,BUATAN,RIAU,508,307520,ROYAL GOLDEN EAGLE,APRIL FAR EAST MALAYSIA SDN BHD,MALAYSIA,JIUJIANG,CHINA (MAINLAND)
2023,470329,MARUBENI,TANJUNG ENIM LESTARI,PANJANG,SUMATERA SELATAN,514,331597,MARUBENI,MARUBENI CORP,JAPAN,CHONGQING,CHINA (MAINLAND)
2023,470329,SINAR MAS,OKI,SULTAN MAHMUD BADARUDDIN (U),SUMATERA SELATAN,6200,4314952,SINAR MAS,KING PAPER SOURCE TRADING (SHANGHAI) CO LTD,CHINA (MAINLAND),CHANGSHU,CHINA (MAINLAND)
2023,470329,SINAR MAS,OKI,SULTAN MAHMUD BADARUDDIN (U),SUMATERA SELATAN,4000,2783840,SINAR MAS,KING PAPER SOURCE TRADING (SHANGHAI) CO LTD,CHINA (MAINLAND),ZHENJIANG,CHINA (MAINLAND)
2023,470329,SINAR MAS,INDAH KIAT,PERAWANG,RIAU,500,329009,DAHUA,DAHUA PAPER CO NIGERIA LTD,NIGERIA,APAPA,NIGERIA
2023,470200,ROYAL GOLDEN EAGLE,APRIL,BUATAN,RIAU,507,306583,ROYAL GOLDEN EAGLE,APRIL FAR EAST MALAYSIA SDN BHD,MALAYSIA,JIUJIANG,CHINA (MAINLAND)
2023,470329,SINAR MAS,INDAH KIAT,PERAWANG,RIAU,1500,987000,SINAR MAS,KING PAPER SOURCE TRADING (SHANGHAI) CO LTD,CHINA (MAINLAND),DAGANG,CHINA (MAINLAND)
2023,470200,ROYAL GOLDEN EAGLE,APRIL,BUATAN,RIAU,508,307042,ROYAL GOLDEN EAGLE,APRIL FAR EAST MALAYSIA SDN BHD,MALAYSIA,JIUJIANG,CHINA (MAINLAND)
2023,470329,SINAR MAS,INDAH KIAT,PERAWANG,RIAU,300,214980,NTPM HOLDINGS BHD,NTPM (VIETNAM) CO LTD,VIETNAM,CAT LAI,VIETNAM
2023,470200,ROYAL GOLDEN EAGLE,APRIL,BUATAN,RIAU,1013,612777,ROYAL GOLDEN EAGLE,APRIL FAR EAST MALAYSIA SDN BHD,MALAYSIA,JIUJIANG,CHINA (MAINLAND)
2023,470329,SINAR MAS,INDAH KIAT,PERAWANG,RIAU,1500,987000,SINAR MAS,KING PAPER SOURCE TRADING (SHANGHAI) CO LTD,CHINA (MAINLAND),DAGANG,CHINA (MAINLAND)
2023,470329,SINAR MAS,INDAH KIAT,PERAWANG,RIAU,5000,3430000,SINAR MAS,KING PAPER SOURCE TRADING (SHANGHAI) CO LTD,CHINA (MAINLAND),DAGANG,CHINA (MAINLAND)
2023,470329,SINAR MAS,INDAH KIAT,PERAWANG,RIAU,800,548800,SINAR MAS,KING PAPER SOURCE TRADING (SHANGHAI) CO LTD,CHINA (MAINLAND),DAGANG,CHINA (MAINLAND)
2023,470200,ROYAL GOLDEN EAGLE,APRIL,BUATAN,RIAU,370,224026,ROYAL GOLDEN EAGLE,APRIL FAR EAST MALAYSIA SDN BHD,MALAYSIA,NANTONG,CHINA (MAINLAND)
2023,470329,SINAR MAS,INDAH KIAT,PERAWANG,RIAU,1400,921200,SINAR MAS,KING PAPER SOURCE TRADING (SHANGHAI) CO LTD,CHINA (MAINLAND),DAGANG,CHINA (MAINLAND)
2023,470200,ROYAL GOLDEN EAGLE,APRIL,BUATAN,RIAU,650,393266,ROYAL GOLDEN EAGLE,APRIL FAR EAST MALAYSIA SDN BHD,MALAYSIA,LIANYUNGANG,CHINA (MAINLAND)
2023,470200,ROYAL GOLDEN EAGLE,APRIL,BUATAN,RIAU,507,306773,ROYAL GOLDEN EAGLE,APRIL FAR EAST MALAYSIA SDN BHD,MALAYSIA,JIUJIANG,CHINA (MAINLAND)
2023,470200,ROYAL GOLDEN EAGLE,APRIL,BUATAN,RIAU,508,307270,ROYAL GOLDEN EAGLE,APRIL FAR EAST MALAYSIA SDN BHD,MALAYSIA,JIUJIANG,CHINA (MAINLAND)
2023,470329,ROYAL GOLDEN EAGLE,APRIL,BUATAN,RIAU,442,220758,ROYAL GOLDEN EAGLE,APRIL INTERNATIONAL ENTEPRISE PTE LTD,SINGAPORE,PAT BANGKOK,THAILAND
2023,470200,ROYAL GOLDEN EAGLE,APRIL,BUATAN,RIAU,508,307278,ROYAL GOLDEN EAGLE,APRIL FAR EAST MALAYSIA SDN BHD,MALAYSIA,JIUJIANG,CHINA (MAINLAND)
2023,470200,ROYAL GOLDEN EAGLE,APRIL,BUATAN,RIAU,507,306515,ROYAL GOLDEN EAGLE,APRIL FAR EAST MALAYSIA SDN BHD,MALAYSIA,JIUJIANG,CHINA (MAINLAND)
2023,470329,SINAR MAS,INDAH KIAT,PERAWANG,RIAU,500,352171,UNKNOWN AFFILIATION,VIET THANG PAPER AND PACKING JOINT STOCK CO,VIETNAM,HAIPHONG,VIETNAM
2023,470200,ROYAL GOLDEN EAGLE,APRIL,BUATAN,RIAU,506,306344,ROYAL GOLDEN EAGLE,APRIL FAR EAST MALAYSIA SDN BHD,MALAYSIA,JIUJIANG,CHINA (MAINLAND)
2023,470329,SINAR MAS,INDAH KIAT,PERAWANG,RIAU,500,352171,UNKNOWN AFFILIATION,VIET THANG PAPER AND PACKING JOINT STOCK CO,VIETNAM,HAIPHONG,VIETNAM
2023,470329,SINAR MAS,INDAH KIAT,PERAWANG,RIAU,500,337757,CREATIVE,CREATIVE PAPER MILLS LTD,BANGLADESH,CHATTOGRAM,BANGLADESH
2023,470329,ROYAL GOLDEN EAGLE,APRIL,BUATAN,RIAU,241,120654,ROYAL GOLDEN EAGLE,APRIL INTERNATIONAL ENTEPRISE PTE LTD,SINGAPORE,CHATTOGRAM,BANGLADESH
2023,470200,ROYAL GOLDEN EAGLE,APRIL,BUATAN,RIAU,288,174490,ROYAL GOLDEN EAGLE,APRIL FAR EAST MALAYSIA SDN BHD,MALAYSIA,RIZHAO,CHINA (MAINLAND)
2023,470200,ROYAL GOLDEN EAGLE,APRIL,BUATAN,RIAU,1013,613114,ROYAL GOLDEN EAGLE,APRIL FAR EAST MALAYSIA SDN BHD,MALAYSIA,JIUJIANG,CHINA (MAINLAND)
2023,470329,SINAR MAS,INDAH KIAT,PERAWANG,RIAU,500,337757,CREATIVE,CREATIVE PAPER MILLS LTD,BANGLADESH,CHATTOGRAM,BANGLADESH
2023,470329,ROYAL GOLDEN EAGLE,APRIL,BUATAN,RIAU,502,251096,ROYAL GOLDEN EAGLE,APRIL INTERNATIONAL ENTEPRISE PTE LTD,SINGAPORE,CHATTOGRAM,BANGLADESH
2023,470200,ROYAL GOLDEN EAGLE,APRIL,BUATAN,RIAU,507,306450,ROYAL GOLDEN EAGLE,APRIL FAR EAST MALAYSIA SDN BHD,MALAYSIA,JIUJIANG,CHINA (MAINLAND)
2023,470200,ROYAL GOLDEN EAGLE,APRIL,BUATAN,RIAU,446,269677,ROYAL GOLDEN EAGLE,APRIL FAR EAST MALAYSIA SDN BHD,MALAYSIA,JIUJIANG,CHINA (MAINLAND)
2023,470329,ROYAL GOLDEN EAGLE,APRIL,BUATAN,RIAU,201,100407,ROYAL GOLDEN EAGLE,APRIL INTERNATIONAL ENTEPRISE PTE LTD,SINGAPORE,FUZHOU,CHINA (MAINLAND)
2023,470329,SINAR MAS,INDAH KIAT,PERAWANG,RIAU,2900,2003900,SINAR MAS,KING PAPER SOURCE TRADING (SHANGHAI) CO LTD,CHINA (MAINLAND),DAGANG,CHINA (MAINLAND)
2023,470329,SINAR MAS,INDAH KIAT,PERAWANG,RIAU,5000,3455000,SINAR MAS,KING PAPER SOURCE TRADING (SHANGHAI) CO LTD,CHINA (MAINLAND),DAGANG,CHINA (MAINLAND)
2023,470329,MARUBENI,TANJUNG ENIM LESTARI,PANJANG,SUMATERA SELATAN,514,336612,MARUBENI,MARUBENI CORP,JAPAN,XINHUI,CHINA (MAINLAND)
2023,470329,SINAR MAS,INDAH KIAT,PERAWANG,RIAU,3000,2073000,SINAR MAS,KING PAPER SOURCE TRADING (SHANGHAI) CO LTD,CHINA (MAINLAND),NINGBO,CHINA (MAINLAND)
2023,470329,SINAR MAS,INDAH KIAT,PERAWANG,RIAU,3000,2073000,SINAR MAS,KING PAPER SOURCE TRADING (SHANGHAI) CO LTD,CHINA (MAINLAND),NINGBO,CHINA (MAINLAND)
2023,470329,MARUBENI,TANJUNG ENIM LESTARI,PANJANG,SUMATERA SELATAN,150,113852,MARUBENI,MARUBENI CORP,JAPAN,LAT KRABANG,THAILAND
2023,470329,MARUBENI,TANJUNG ENIM LESTARI,PANJANG,SUMATERA SELATAN,516,346382,MARUBENI,MARUBENI CORP,JAPAN,XINGANG,CHINA (MAINLAND)
2023,470329,SINAR MAS,INDAH KIAT,PERAWANG,RIAU,2912,2012192,SINAR MAS,KING PAPER SOURCE TRADING (SHANGHAI) CO LTD,CHINA (MAINLAND),NINGBO,CHINA (MAINLAND)
2023,470329,SINAR MAS,INDAH KIAT,PERAWANG,RIAU,2000,1382000,SINAR MAS,KING PAPER SOURCE TRADING (SHANGHAI) CO LTD,CHINA (MAINLAND),NINGBO,CHINA (MAINLAND)
2023,470200,ROYAL GOLDEN EAGLE,APRIL,BUATAN,RIAU,1544,933992,ROYAL GOLDEN EAGLE,APRIL FAR EAST MALAYSIA SDN BHD,MALAYSIA,NANTONG,CHINA (MAINLAND)
2023,470329,SINAR MAS,INDAH KIAT,PERAWANG,RIAU,3000,2073000,SINAR MAS,KING PAPER SOURCE TRADING (SHANGHAI) CO LTD,CHINA (MAINLAND),NINGBO,CHINA (MAINLAND)
2023,470329,SINAR MAS,INDAH KIAT,PERAWANG,RIAU,2300,1589300,SINAR MAS,KING PAPER SOURCE TRADING (SHANGHAI) CO LTD,CHINA (MAINLAND),DAGANG,CHINA (MAINLAND)
2023,470329,ROYAL GOLDEN EAGLE,APRIL,BUATAN,RIAU,40,20084,ROYAL GOLDEN EAGLE,APRIL INTERNATIONAL ENTEPRISE PTE LTD,SINGAPORE,VISAKHAPATNAM,INDIA
2023,470329,MARUBENI,TANJUNG ENIM LESTARI,PANJANG,SUMATERA SELATAN,104,72780,MARUBENI,MARUBENI CORP,JAPAN,JAWAHARLAL NEHRU (NHAVA S,INDIA
2023,470329,SINAR MAS,INDAH KIAT,PERAWANG,RIAU,1000,688000,HONG WON,HONG WON PAPER MFG CO LTD,SOUTH KOREA,GUNSAN (ES KUNSAN),SOUTH KOREA
2023,470329,SINAR MAS,INDAH KIAT,PERAWANG,RIAU,5000,3297500,SINAR MAS,SHANDONG BOHUI PAPER INDUSTRY CO LTD,CHINA (MAINLAND),QINGDAO,CHINA (MAINLAND)
2023,470329,SINAR MAS,INDAH KIAT,PERAWANG,RIAU,3000,2062500,SINAR MAS,SHANDONG BOHUI PAPER INDUSTRY CO LTD,CHINA (MAINLAND),QINGDAO,CHINA (MAINLAND)
2023,470329,SINAR MAS,INDAH KIAT,PERAWANG,RIAU,300,214980,NTPM HOLDINGS BHD,NTPM (VIETNAM) CO LTD,VIETNAM,CAT LAI,VIETNAM
2023,470329,MARUBENI,TANJUNG ENIM LESTARI,PANJANG,SUMATERA SELATAN,43,30267,MARUBENI,MARUBENI CORP,JAPAN,JAWAHARLAL NEHRU (NHAVA S,INDIA
2023,470329,SINAR MAS,INDAH KIAT,PERAWANG,RIAU,7220,4967360,HYOPWOON,WILHELMSEN HYOPWOON SHIPS SERVICES LTD,SOUTH KOREA,ULSAN,SOUTH KOREA
2023,470329,SINAR MAS,INDAH KIAT,PERAWANG,RIAU,1764,1163358,SINAR MAS,SHANDONG BOHUI PAPER INDUSTRY CO LTD,CHINA (MAINLAND),QINGDAO,CHINA (MAINLAND)
2023,470329,ROYAL GOLDEN EAGLE,APRIL,FUTONG,RIAU,4018,2009248,ROYAL GOLDEN EAGLE,APRIL INTERNATIONAL ENTEPRISE PTE LTD,SINGAPORE,ZHANJIANG,CHINA (MAINLAND)
2023,470329,ROYAL GOLDEN EAGLE,APRIL,FUTONG,RIAU,13061,6613925,ROYAL GOLDEN EAGLE,APRIL FAR EAST MALAYSIA SDN BHD,MALAYSIA,NANSHA,CHINA (MAINLAND)
2023,470200,ROYAL GOLDEN EAGLE,APRIL,FUTONG,RIAU,12055,7293421,ROYAL GOLDEN EAGLE,APRIL FAR EAST MALAYSIA SDN BHD,MALAYSIA,LIANYUNGANG,CHINA (MAINLAND)
2023,470329,MARUBENI,TANJUNG ENIM LESTARI,PANJANG,SUMATERA SELATAN,150,102252,MARUBENI,MARUBENI CORP,JAPAN,SONEPAT,INDIA
2023,470200,ROYAL GOLDEN EAGLE,APRIL,FUTONG,RIAU,3568,2276342,ROYAL GOLDEN EAGLE,APRIL FAR EAST MALAYSIA SDN BHD,MALAYSIA,LIANYUNGANG,CHINA (MAINLAND)
2023,470329,MARUBENI,TANJUNG ENIM LESTARI,PANJANG,SUMATERA SELATAN,172,119261,MARUBENI,MARUBENI CORP,JAPAN,SANAND,INDIA
2023,470329,SINAR MAS,INDAH KIAT,PERAWANG,RIAU,500,344000,HONG WON,HONG WON PAPER MFG CO LTD,SOUTH KOREA,GUNSAN (ES KUNSAN),SOUTH KOREA
2023,470329,MARUBENI,TANJUNG ENIM LESTARI,PANJANG,SUMATERA SELATAN,107,72948,MARUBENI,MARUBENI CORP,JAPAN,JAWAHARLAL NEHRU (NHAVA S,INDIA
2023,470329,ROYAL GOLDEN EAGLE,APRIL,FUTONG,RIAU,6628,3314246,ROYAL GOLDEN EAGLE,APRIL FAR EAST MALAYSIA SDN BHD,MALAYSIA,NANSHA,CHINA (MAINLAND)
2023,470200,ROYAL GOLDEN EAGLE,APRIL,BUATAN,RIAU,371,224434,ROYAL GOLDEN EAGLE,APRIL FAR EAST MALAYSIA SDN BHD,MALAYSIA,LIANYUNGANG,CHINA (MAINLAND)
2023,470329,SINAR MAS,INDAH KIAT,PERAWANG,RIAU,5000,3297500,SINAR MAS,SHANDONG BOHUI PAPER INDUSTRY CO LTD,CHINA (MAINLAND),QINGDAO,CHINA (MAINLAND)
2023,470329,MARUBENI,TANJUNG ENIM LESTARI,PANJANG,SUMATERA SELATAN,409,286155,MARUBENI,MARUBENI CORP,JAPAN,CAT LAI,VIETNAM
2023,470329,MARUBENI,TANJUNG ENIM LESTARI,PANJANG,SUMATERA SELATAN,408,286992,MARUBENI,MARUBENI CORP,JAPAN,PENANG (GEORGETOWN),MALAYSIA
2023,470329,ROYAL GOLDEN EAGLE,APRIL,FUTONG,RIAU,1994,997082,ROYAL GOLDEN EAGLE,APRIL INTERNATIONAL ENTEPRISE PTE LTD,SINGAPORE,XIAMEN,CHINA (MAINLAND)
2023,470200,ROYAL GOLDEN EAGLE,APRIL,BUATAN,RIAU,507,307011,ROYAL GOLDEN EAGLE,APRIL FAR EAST MALAYSIA SDN BHD,MALAYSIA,JIUJIANG,CHINA (MAINLAND)
2023,470329,SINAR MAS,OKI,SULTAN MAHMUD BADARUDDIN (U),SUMATERA SELATAN,1000,693000,SINAR MAS,KING PAPER SOURCE TRADING (SHANGHAI) CO LTD,CHINA (MAINLAND),CHANGSHU,CHINA (MAINLAND)
2023,470200,ROYAL GOLDEN EAGLE,APRIL,BUATAN,RIAU,515,311475,ROYAL GOLDEN EAGLE,APRIL FAR EAST MALAYSIA SDN BHD,MALAYSIA,LIANYUNGANG,CHINA (MAINLAND)
2023,470329,SINAR MAS,OKI,SULTAN MAHMUD BADARUDDIN (U),SUMATERA SELATAN,5000,3525000,SINAR MAS,KING PAPER SOURCE TRADING (SHANGHAI) CO LTD,CHINA (MAINLAND),CHANGSHU,CHINA (MAINLAND)
2023,470329,SINAR MAS,OKI,SULTAN MAHMUD BADARUDDIN (U),SUMATERA SELATAN,6000,4158000,SINAR MAS,KING PAPER SOURCE TRADING (SHANGHAI) CO LTD,CHINA (MAINLAND),CHANGSHU,CHINA (MAINLAND)
2023,470200,ROYAL GOLDEN EAGLE,APRIL,BUATAN,RIAU,514,311119,ROYAL GOLDEN EAGLE,APRIL FAR EAST MALAYSIA SDN BHD,MALAYSIA,JIUJIANG,CHINA (MAINLAND)
2023,470200,ROYAL GOLDEN EAGLE,APRIL,BUATAN,RIAU,515,311674,ROYAL GOLDEN EAGLE,APRIL FAR EAST MALAYSIA SDN BHD,MALAYSIA,RIZHAO,CHINA (MAINLAND)
2023,470200,ROYAL GOLDEN EAGLE,APRIL,BUATAN,RIAU,515,311412,ROYAL GOLDEN EAGLE,APRIL FAR EAST MALAYSIA SDN BHD,MALAYSIA,LIANYUNGANG,CHINA (MAINLAND)
2023,470200,ROYAL GOLDEN EAGLE,APRIL,BUATAN,RIAU,1013,612887,ROYAL GOLDEN EAGLE,APRIL FAR EAST MALAYSIA SDN BHD,MALAYSIA,LIANYUNGANG,CHINA (MAINLAND)
2023,470329,MARUBENI,TANJUNG ENIM LESTARI,PANJANG,SUMATERA SELATAN,513,364928,MARUBENI,MARUBENI CORP,JAPAN,TAOYUAN,TAIWAN
2023,470200,ROYAL GOLDEN EAGLE,APRIL,BUATAN,RIAU,1540,931666,ROYAL GOLDEN EAGLE,APRIL FAR EAST MALAYSIA SDN BHD,MALAYSIA,LIANYUNGANG,CHINA (MAINLAND)
2023,470200,ROYAL GOLDEN EAGLE,APRIL,BUATAN,RIAU,506,306357,ROYAL GOLDEN EAGLE,APRIL FAR EAST MALAYSIA SDN BHD,MALAYSIA,LIANYUNGANG,CHINA (MAINLAND)
2023,470329,ROYAL GOLDEN EAGLE,APRIL,BUATAN,RIAU,161,80453,ROYAL GOLDEN EAGLE,APRIL INTERNATIONAL ENTEPRISE PTE LTD,SINGAPORE,BORKHEDI ICD/NAGPUR,INDIA
2023,440122,ROYAL GOLDEN EAGLE,BALIKPAPAN CHIP LESTARI,BALIKPAPAN,KALIMANTAN TIMUR,19124,2964195,ROYAL GOLDEN EAGLE,ASIA SYMBOL (SHANDONG) PULP AND PAPER,CHINA (MAINLAND),RIZHAO,CHINA (MAINLAND)
2023,470329,SINAR MAS,OKI,SULTAN MAHMUD BADARUDDIN (U),SUMATERA SELATAN,2500,1737500,SINAR MAS,KING PAPER SOURCE TRADING (SHANGHAI) CO LTD,CHINA (MAINLAND),NINGBO,CHINA (MAINLAND)
2023,470329,SINAR MAS,OKI,SULTAN MAHMUD BADARUDDIN (U),SUMATERA SELATAN,1000,707000,SINAR MAS,KING PAPER SOURCE TRADING (SHANGHAI) CO LTD,CHINA (MAINLAND),NINGBO,CHINA (MAINLAND)
2023,470329,SINAR MAS,INDAH KIAT,PERAWANG,RIAU,1000,674342,UNKNOWN AFFILIATION,TRUONG XUAN PAPER JOINT STOCK CO,VIETNAM,HAIPHONG,VIETNAM
2023,470329,SINAR MAS,INDAH KIAT,PERAWANG,RIAU,500,337757,UNKNOWN AFFILIATION,SONALI PAPER & BOARD MILLS LTD,BANGLADESH,CHATTOGRAM,BANGLADESH
2023,470329,SINAR MAS,INDAH KIAT,PERAWANG,RIAU,500,337757,UNKNOWN AFFILIATION,SONALI PAPER & BOARD MILLS LTD,BANGLADESH,CHATTOGRAM,BANGLADESH
2023,470329,SINAR MAS,INDAH KIAT,PERAWANG,RIAU,8000,5484000,SINAR MAS,KING PAPER SOURCE TRADING (SHANGHAI) CO LTD,CHINA (MAINLAND),NINGBO,CHINA (MAINLAND)
2023,470329,SINAR MAS,INDAH KIAT,PERAWANG,RIAU,1000,685500,SINAR MAS,KING PAPER SOURCE TRADING (SHANGHAI) CO LTD,CHINA (MAINLAND),NINGBO,CHINA (MAINLAND)
2023,470329,SINAR MAS,OKI,SULTAN MAHMUD BADARUDDIN (U),SUMATERA SELATAN,4000,2912000,SINAR MAS,KING PAPER SOURCE TRADING (SHANGHAI) CO LTD,CHINA (MAINLAND),NINGBO,CHINA (MAINLAND)
2023,470329,MARUBENI,TANJUNG ENIM LESTARI,PANJANG,SUMATERA SELATAN,510,334009,MARUBENI,MARUBENI CORP,JAPAN,YINGKOU,CHINA (MAINLAND)
2023,470329,MARUBENI,TANJUNG ENIM LESTARI,PANJANG,SUMATERA SELATAN,511,332034,MARUBENI,MARUBENI CORP,JAPAN,XINHUI,CHINA (MAINLAND)
2023,470329,SINAR MAS,INDAH KIAT,PERAWANG,RIAU,80,55054,RENGO,VINA KRAFT PAPER CO LTD,VIETNAM,CAT LAI,VIETNAM
2023,470329,SINAR MAS,INDAH KIAT,PERAWANG,RIAU,5000,3422500,SINAR MAS,SHANDONG BOHUI PAPER INDUSTRY CO LTD,CHINA (MAINLAND),QINGDAO,CHINA (MAINLAND)
2023,470200,ROYAL GOLDEN EAGLE,APRIL,BUATAN,RIAU,122,73652,ROYAL GOLDEN EAGLE,APRIL FAR EAST MALAYSIA SDN BHD,MALAYSIA,LIANYUNGANG,CHINA (MAINLAND)
2023,470329,SINAR MAS,INDAH KIAT,PERAWANG,RIAU,5000,3422500,SINAR MAS,SHANDONG BOHUI PAPER INDUSTRY CO LTD,CHINA (MAINLAND),QINGDAO,CHINA (MAINLAND)
2023,470329,SINAR MAS,INDAH KIAT,PERAWANG,RIAU,2000,1369000,SINAR MAS,SHANDONG BOHUI PAPER INDUSTRY CO LTD,CHINA (MAINLAND),QINGDAO,CHINA (MAINLAND)
2023,470200,ROYAL GOLDEN EAGLE,APRIL,BUATAN,RIAU,61,36731,ROYAL GOLDEN EAGLE,APRIL FAR EAST MALAYSIA SDN BHD,MALAYSIA,JIUJIANG,CHINA (MAINLAND)
2023,470200,ROYAL GOLDEN EAGLE,APRIL,BUATAN,RIAU,893,540244,ROYAL GOLDEN EAGLE,APRIL FAR EAST MALAYSIA SDN BHD,MALAYSIA,LIANYUNGANG,CHINA (MAINLAND)
2023,470200,ROYAL GOLDEN EAGLE,APRIL,BUATAN,RIAU,1015,614022,ROYAL GOLDEN EAGLE,APRIL FAR EAST MALAYSIA SDN BHD,MALAYSIA,JIUJIANG,CHINA (MAINLAND)
2023,470329,MARUBENI,TANJUNG ENIM LESTARI,TARAHAN,SUMATERA SELATAN,3073,2023154,MARUBENI,MARUBENI CORP,JAPAN,NINGBO,CHINA (MAINLAND)
2023,470329,MARUBENI,TANJUNG ENIM LESTARI,TARAHAN,SUMATERA SELATAN,1536,1011062,MARUBENI,MARUBENI CORP,JAPAN,QINGDAO,CHINA (MAINLAND)
2023,470329,MARUBENI,TANJUNG ENIM LESTARI,PANJANG,SUMATERA SELATAN,513,343801,MARUBENI,MARUBENI CORP,JAPAN,XINGANG,CHINA (MAINLAND)
2023,470329,MARUBENI,TANJUNG ENIM LESTARI,TARAHAN,SUMATERA SELATAN,1999,1315730,MARUBENI,MARUBENI CORP,JAPAN,QINGDAO,CHINA (MAINLAND)
2023,470329,MARUBENI,TANJUNG ENIM LESTARI,TARAHAN,SUMATERA SELATAN,1501,987773,MARUBENI,MARUBENI CORP,JAPAN,QINGDAO,CHINA (MAINLAND)
2023,470329,MARUBENI,TANJUNG ENIM LESTARI,TARAHAN,SUMATERA SELATAN,1025,674630,MARUBENI,MARUBENI CORP,JAPAN,QINGDAO,CHINA (MAINLAND)
2023,470329,MARUBENI,TANJUNG ENIM LESTARI,PANJANG,SUMATERA SELATAN,512,334080,MARUBENI,MARUBENI CORP,JAPAN,WUHAN,CHINA (MAINLAND)
2023,470200,ROYAL GOLDEN EAGLE,APRIL,BUATAN,RIAU,1014,613385,ROYAL GOLDEN EAGLE,APRIL FAR EAST MALAYSIA SDN BHD,MALAYSIA,JIUJIANG,CHINA (MAINLAND)
2023,470329,MARUBENI,TANJUNG ENIM LESTARI,TARAHAN,SUMATERA SELATAN,1025,674562,MARUBENI,MARUBENI CORP,JAPAN,QINGDAO,CHINA (MAINLAND)
2023,470329,MARUBENI,TANJUNG ENIM LESTARI,TARAHAN,SUMATERA SELATAN,1025,674645,MARUBENI,MARUBENI CORP,JAPAN,QINGDAO,CHINA (MAINLAND)
2023,470200,ROYAL GOLDEN EAGLE,APRIL,BUATAN,RIAU,1014,613619,ROYAL GOLDEN EAGLE,APRIL FAR EAST MALAYSIA SDN BHD,MALAYSIA,JIUJIANG,CHINA (MAINLAND)
2023,470329,SINAR MAS,OKI,SULTAN MAHMUD BADARUDDIN (U),SUMATERA SELATAN,300,212100,SINAR MAS,KING PAPER SOURCE TRADING (SHANGHAI) CO LTD,CHINA (MAINLAND),QINZHOU,CHINA (MAINLAND)
2023,470329,SINAR MAS,INDAH KIAT,PERAWANG,RIAU,200,138632,SINAR MAS,GOLDEN PROFIT TRADING PTE LTD,SINGAPORE,MANILA NORTH HARBOUR,PHILIPPINES
2023,470329,ROYAL GOLDEN EAGLE,APRIL,BUATAN,RIAU,301,150536,ROYAL GOLDEN EAGLE,APRIL INTERNATIONAL ENTEPRISE PTE LTD,SINGAPORE,XIAMEN,CHINA (MAINLAND)
2023,470200,ROYAL GOLDEN EAGLE,APRIL,FUTONG,RIAU,4584,2824236,ROYAL GOLDEN EAGLE,APRIL FAR EAST MALAYSIA SDN BHD,MALAYSIA,XIUYING,CHINA (MAINLAND)
2023,470329,SINAR MAS,OKI,SULTAN MAHMUD BADARUDDIN (U),SUMATERA SELATAN,5700,4126800,SINAR MAS,KING PAPER SOURCE TRADING (SHANGHAI) CO LTD,CHINA (MAINLAND),QINZHOU,CHINA (MAINLAND)
2023,470329,SINAR MAS,OKI,SULTAN MAHMUD BADARUDDIN (U),SUMATERA SELATAN,4000,2812000,SINAR MAS,KING PAPER SOURCE TRADING (SHANGHAI) CO LTD,CHINA (MAINLAND),NINGBO,CHINA (MAINLAND)
2023,470329,SINAR MAS,INDAH KIAT,PERAWANG,RIAU,700,480200,SINAR MAS,KING PAPER SOURCE TRADING (SHANGHAI) CO LTD,CHINA (MAINLAND),DAGANG,CHINA (MAINLAND)
2023,470329,SINAR MAS,INDAH KIAT,PERAWANG,RIAU,5000,3515000,SINAR MAS,KING PAPER SOURCE TRADING (SHANGHAI) CO LTD,CHINA (MAINLAND),DAGANG,CHINA (MAINLAND)
2023,470329,SINAR MAS,INDAH KIAT,PERAWANG,RIAU,500,353932,SINAR MAS,KING PAPER SOURCE TRADING (SHANGHAI) CO LTD,CHINA (MAINLAND),DALIAN,CHINA (MAINLAND)
2023,470329,SINAR MAS,INDAH KIAT,PERAWANG,RIAU,1300,891800,SINAR MAS,KING PAPER SOURCE TRADING (SHANGHAI) CO LTD,CHINA (MAINLAND),DAGANG,CHINA (MAINLAND)
2023,470329,SINAR MAS,INDAH KIAT,PERAWANG,RIAU,500,337757,CREATIVE,CREATIVE PAPER MILLS LTD,BANGLADESH,CHATTOGRAM,BANGLADESH
2023,470200,ROYAL GOLDEN EAGLE,APRIL,BUATAN,RIAU,507,306564,ROYAL GOLDEN EAGLE,APRIL FAR EAST MALAYSIA SDN BHD,MALAYSIA,JIUJIANG,CHINA (MAINLAND)
2023,470329,SINAR MAS,OKI,SULTAN MAHMUD BADARUDDIN (U),SUMATERA SELATAN,10700,7404400,SINAR MAS,KING PAPER SOURCE TRADING (SHANGHAI) CO LTD,CHINA (MAINLAND),ZHENJIANG,CHINA (MAINLAND)
2023,470329,SINAR MAS,INDAH KIAT,PERAWANG,RIAU,4000,2812000,SINAR MAS,KING PAPER SOURCE TRADING (SHANGHAI) CO LTD,CHINA (MAINLAND),DAGANG,CHINA (MAINLAND)
2023,470329,ROYAL GOLDEN EAGLE,APRIL,FUTONG,RIAU,5022,2510860,ROYAL GOLDEN EAGLE,APRIL INTERNATIONAL ENTEPRISE PTE LTD,SINGAPORE,HAIPHONG,VIETNAM
2023,470329,SINAR MAS,INDAH KIAT,PERAWANG,RIAU,300,202654,SUPER STAR GROUP (SSG),SSG PAPER LTD,BANGLADESH,CHATTOGRAM,BANGLADESH
2023,470329,SINAR MAS,OKI,SULTAN MAHMUD BADARUDDIN (U),SUMATERA SELATAN,4500,3258000,SINAR MAS,KING PAPER SOURCE TRADING (SHANGHAI) CO LTD,CHINA (MAINLAND),NINGBO,CHINA (MAINLAND)
2023,470329,SINAR MAS,INDAH KIAT,PERAWANG,RIAU,500,337757,CREATIVE,CREATIVE PAPER MILLS LTD,BANGLADESH,CHATTOGRAM,BANGLADESH
2023,470329,SINAR MAS,OKI,SULTAN MAHMUD BADARUDDIN (U),SUMATERA SELATAN,5000,3475000,SINAR MAS,KING PAPER SOURCE TRADING (SHANGHAI) CO LTD,CHINA (MAINLAND),CHANGSHU,CHINA (MAINLAND)
2023,470329,SINAR MAS,OKI,SULTAN MAHMUD BADARUDDIN (U),SUMATERA SELATAN,2500,1810000,SINAR MAS,KING PAPER SOURCE TRADING (SHANGHAI) CO LTD,CHINA (MAINLAND),NINGBO,CHINA (MAINLAND)
2023,470329,SINAR MAS,OKI,SULTAN MAHMUD BADARUDDIN (U),SUMATERA SELATAN,1500,1092000,SINAR MAS,KING PAPER SOURCE TRADING (SHANGHAI) CO LTD,CHINA (MAINLAND),QINZHOU,CHINA (MAINLAND)
2023,470329,SINAR MAS,OKI,SULTAN MAHMUD BADARUDDIN (U),SUMATERA SELATAN,1000,703000,SINAR MAS,KING PAPER SOURCE TRADING (SHANGHAI) CO LTD,CHINA (MAINLAND),NINGBO,CHINA (MAINLAND)
2023,470329,SINAR MAS,INDAH KIAT,PERAWANG,RIAU,1000,703000,SINAR MAS,KING PAPER SOURCE TRADING (SHANGHAI) CO LTD,CHINA (MAINLAND),DAGANG,CHINA (MAINLAND)
2023,470200,ROYAL GOLDEN EAGLE,APRIL,BUATAN,RIAU,506,306094,ROYAL GOLDEN EAGLE,APRIL FAR EAST MALAYSIA SDN BHD,MALAYSIA,LIANYUNGANG,CHINA (MAINLAND)
2023,470200,ROYAL GOLDEN EAGLE,APRIL,FUTONG,RIAU,3542,2142985,ROYAL GOLDEN EAGLE,APRIL FAR EAST MALAYSIA SDN BHD,MALAYSIA,XIUYING,CHINA (MAINLAND)
2023,470200,ROYAL GOLDEN EAGLE,APRIL,BUATAN,RIAU,506,306366,ROYAL GOLDEN EAGLE,APRIL FAR EAST MALAYSIA SDN BHD,MALAYSIA,JIUJIANG,CHINA (MAINLAND)
2023,470329,SINAR MAS,OKI,SULTAN MAHMUD BADARUDDIN (U),SUMATERA SELATAN,2500,1737500,SINAR MAS,KING PAPER SOURCE TRADING (SHANGHAI) CO LTD,CHINA (MAINLAND),CHANGSHU,CHINA (MAINLAND)
2023,470329,SINAR MAS,INDAH KIAT,PERAWANG,RIAU,500,353932,SINAR MAS,KING PAPER SOURCE TRADING (SHANGHAI) CO LTD,CHINA (MAINLAND),DALIAN,CHINA (MAINLAND)
2023,470200,ROYAL GOLDEN EAGLE,APRIL,BUATAN,RIAU,506,306213,ROYAL GOLDEN EAGLE,APRIL FAR EAST MALAYSIA SDN BHD,MALAYSIA,LIANYUNGANG,CHINA (MAINLAND)
2023,470329,MARUBENI,TANJUNG ENIM LESTARI,PANJANG,SUMATERA SELATAN,511,402326,MARUBENI,MARUBENI CORP,JAPAN,CHATTOGRAM,BANGLADESH
2023,470329,SINAR MAS,OKI,SULTAN MAHMUD BADARUDDIN (U),SUMATERA SELATAN,5000,3530000,SINAR MAS,KING PAPER SOURCE TRADING (SHANGHAI) CO LTD,CHINA (MAINLAND),CHANGSHU,CHINA (MAINLAND)
2023,470329,SINAR MAS,OKI,SULTAN MAHMUD BADARUDDIN (U),SUMATERA SELATAN,6500,4589000,SINAR MAS,JIANGSU BOHUI PAPER INDUSTRY CO LTD.,CHINA (MAINLAND),CHANGSHU,CHINA (MAINLAND)
2023,470329,MARUBENI,TANJUNG ENIM LESTARI,PANJANG,SUMATERA SELATAN,43,33805,MARUBENI,MARUBENI CORP,JAPAN,LAT KRABANG,THAILAND
2023,470329,SINAR MAS,OKI,SULTAN MAHMUD BADARUDDIN (U),SUMATERA SELATAN,2000,1388000,SINAR MAS,KING PAPER SOURCE TRADING (SHANGHAI) CO LTD,CHINA (MAINLAND),CHANGSHU,CHINA (MAINLAND)
2023,470329,MARUBENI,TANJUNG ENIM LESTARI,PANJANG,SUMATERA SELATAN,512,342628,MARUBENI,MARUBENI CORP,JAPAN,NINGBO,CHINA (MAINLAND)
2023,470329,SINAR MAS,OKI,SULTAN MAHMUD BADARUDDIN (U),SUMATERA SELATAN,3500,2429000,SINAR MAS,KING PAPER SOURCE TRADING (SHANGHAI) CO LTD,CHINA (MAINLAND),CHANGSHU,CHINA (MAINLAND)
2023,470329,MARUBENI,TANJUNG ENIM LESTARI,PANJANG,SUMATERA SELATAN,150,102288,MARUBENI,MARUBENI CORP,JAPAN,JAWAHARLAL NEHRU (NHAVA S,INDIA
2023,470200,ROYAL GOLDEN EAGLE,APRIL,BUATAN,RIAU,1520,919442,ROYAL GOLDEN EAGLE,APRIL FAR EAST MALAYSIA SDN BHD,MALAYSIA,JIUJIANG,CHINA (MAINLAND)
2023,470329,SINAR MAS,OKI,SULTAN MAHMUD BADARUDDIN (U),SUMATERA SELATAN,3000,2082000,SINAR MAS,KING PAPER SOURCE TRADING (SHANGHAI) CO LTD,CHINA (MAINLAND),CHANGSHU,CHINA (MAINLAND)
2023,470329,MARUBENI,TANJUNG ENIM LESTARI,PANJANG,SUMATERA SELATAN,513,346054,MARUBENI,MARUBENI CORP,JAPAN,XINGANG,CHINA (MAINLAND)
2023,470329,MARUBENI,TANJUNG ENIM LESTARI,PANJANG,SUMATERA SELATAN,515,344455,MARUBENI,MARUBENI CORP,JAPAN,QINGDAO,CHINA (MAINLAND)
2023,470329,MARUBENI,TANJUNG ENIM LESTARI,PANJANG,SUMATERA SELATAN,515,343981,MARUBENI,MARUBENI CORP,JAPAN,QINGDAO,CHINA (MAINLAND)
2023,470329,SINAR MAS,INDAH KIAT,PERAWANG,RIAU,4200,2893800,SINAR MAS,KING PAPER SOURCE TRADING (SHANGHAI) CO LTD,CHINA (MAINLAND),QINZHOU,CHINA (MAINLAND)
2023,470329,MARUBENI,TANJUNG ENIM LESTARI,PANJANG,SUMATERA SELATAN,513,338350,MARUBENI,MARUBENI CORP,JAPAN,WUHAN,CHINA (MAINLAND)
2023,470329,SINAR MAS,INDAH KIAT,PERAWANG,RIAU,3000,2118000,SINAR MAS,KING PAPER SOURCE TRADING (SHANGHAI) CO LTD,CHINA (MAINLAND),QINZHOU,CHINA (MAINLAND)
2023,470200,ROYAL GOLDEN EAGLE,APRIL,BUATAN,RIAU,1015,613811,ROYAL GOLDEN EAGLE,APRIL FAR EAST MALAYSIA SDN BHD,MALAYSIA,JIUJIANG,CHINA (MAINLAND)
2023,470329,SINAR MAS,INDAH KIAT,PERAWANG,RIAU,3000,2067000,SINAR MAS,KING PAPER SOURCE TRADING (SHANGHAI) CO LTD,CHINA (MAINLAND),QINZHOU,CHINA (MAINLAND)
2023,470200,ROYAL GOLDEN EAGLE,APRIL,BUATAN,RIAU,507,306900,ROYAL GOLDEN EAGLE,APRIL FAR EAST MALAYSIA SDN BHD,MALAYSIA,JIUJIANG,CHINA (MAINLAND)
2023,470329,SINAR MAS,INDAH KIAT,PERAWANG,RIAU,200,141358,SINAR MAS,KING PAPER SOURCE TRADING (SHANGHAI) CO LTD,CHINA (MAINLAND),YANGPU,CHINA (MAINLAND)
2023,470329,ROYAL GOLDEN EAGLE,APRIL,BUATAN,RIAU,502,250846,ROYAL GOLDEN EAGLE,APRIL INTERNATIONAL ENTEPRISE PTE LTD,SINGAPORE,CHATTOGRAM,BANGLADESH
2023,470329,MARUBENI,TANJUNG ENIM LESTARI,PANJANG,SUMATERA SELATAN,506,356564,MARUBENI,MARUBENI CORP,JAPAN,SHIMIZU,JAPAN
2023,470200,ROYAL GOLDEN EAGLE,APRIL,BUATAN,RIAU,506,306216,ROYAL GOLDEN EAGLE,APRIL FAR EAST MALAYSIA SDN BHD,MALAYSIA,JIUJIANG,CHINA (MAINLAND)
2023,470200,ROYAL GOLDEN EAGLE,APRIL,BUATAN,RIAU,1520,919651,ROYAL GOLDEN EAGLE,APRIL FAR EAST MALAYSIA SDN BHD,MALAYSIA,JIUJIANG,CHINA (MAINLAND)
2023,470329,MARUBENI,TANJUNG ENIM LESTARI,PANJANG,SUMATERA SELATAN,506,356702,MARUBENI,MARUBENI CORP,JAPAN,SHIMIZU,JAPAN
2023,470329,SINAR MAS,INDAH KIAT,PERAWANG,RIAU,200,141358,SINAR MAS,KING PAPER SOURCE TRADING (SHANGHAI) CO LTD,CHINA (MAINLAND),YANGPU,CHINA (MAINLAND)
2023,470329,SINAR MAS,INDAH KIAT,PERAWANG,RIAU,1000,708800,UNKNOWN AFFILIATION,XUAN MAI PAPER COMPANY LTD,VIETNAM,CAT LAI,VIETNAM
2023,470200,ROYAL GOLDEN EAGLE,APRIL,BUATAN,RIAU,102,61412,ROYAL GOLDEN EAGLE,APRIL FAR EAST MALAYSIA SDN BHD,MALAYSIA,LIANYUNGANG,CHINA (MAINLAND)
2023,470200,ROYAL GOLDEN EAGLE,APRIL,BUATAN,RIAU,507,306853,ROYAL GOLDEN EAGLE,APRIL FAR EAST MALAYSIA SDN BHD,MALAYSIA,JIUJIANG,CHINA (MAINLAND)
2023,470329,SINAR MAS,INDAH KIAT,PERAWANG,RIAU,3000,2058000,SINAR MAS,JIANGSU BOHUI PAPER INDUSTRY CO LTD.,CHINA (MAINLAND),CHANGSHU,CHINA (MAINLAND)
2023,470329,SINAR MAS,INDAH KIAT,PERAWANG,RIAU,360,246317,AL SINDYAN PAPER,AL SINDIYAN COMPANY FOR SANITARY PAPER PRODUCTION & IMPORT & EXPORT LTD,IRAQ,UMM QASR,IRAQ
2023,470200,ROYAL GOLDEN EAGLE,APRIL,BUATAN,RIAU,405,244896,ROYAL GOLDEN EAGLE,APRIL FAR EAST MALAYSIA SDN BHD,MALAYSIA,LIANYUNGANG,CHINA (MAINLAND)
2023,470200,ROYAL GOLDEN EAGLE,APRIL,BUATAN,RIAU,506,306384,ROYAL GOLDEN EAGLE,APRIL FAR EAST MALAYSIA SDN BHD,MALAYSIA,JIUJIANG,CHINA (MAINLAND)
2023,470200,ROYAL GOLDEN EAGLE,APRIL,BUATAN,RIAU,507,306640,ROYAL GOLDEN EAGLE,APRIL FAR EAST MALAYSIA SDN BHD,MALAYSIA,JIUJIANG,CHINA (MAINLAND)
2023,470329,SINAR MAS,INDAH KIAT,PERAWANG,RIAU,400,273685,AL SINDYAN PAPER,AL SINDIYAN COMPANY FOR SANITARY PAPER PRODUCTION & IMPORT & EXPORT LTD,IRAQ,UMM QASR,IRAQ
2023,470200,ROYAL GOLDEN EAGLE,APRIL,BUATAN,RIAU,508,307623,ROYAL GOLDEN EAGLE,APRIL FAR EAST MALAYSIA SDN BHD,MALAYSIA,JIUJIANG,CHINA (MAINLAND)
2023,470200,ROYAL GOLDEN EAGLE,APRIL,BUATAN,RIAU,507,306960,ROYAL GOLDEN EAGLE,APRIL FAR EAST MALAYSIA SDN BHD,MALAYSIA,JIUJIANG,CHINA (MAINLAND)
2023,470329,SINAR MAS,INDAH KIAT,PERAWANG,RIAU,5000,3430000,SINAR MAS,JIANGSU BOHUI PAPER INDUSTRY CO LTD.,CHINA (MAINLAND),CHANGSHU,CHINA (MAINLAND)
2023,470329,SINAR MAS,INDAH KIAT,PERAWANG,RIAU,260,177896,AL SINDYAN PAPER,AL SINDIYAN COMPANY FOR SANITARY PAPER PRODUCTION & IMPORT & EXPORT LTD,IRAQ,UMM QASR,IRAQ
2023,470200,ROYAL GOLDEN EAGLE,APRIL,BUATAN,RIAU,1014,613498,ROYAL GOLDEN EAGLE,APRIL FAR EAST MALAYSIA SDN BHD,MALAYSIA,LIANYUNGANG,CHINA (MAINLAND)
2023,470200,ROYAL GOLDEN EAGLE,APRIL,BUATAN,RIAU,508,307267,ROYAL GOLDEN EAGLE,APRIL FAR EAST MALAYSIA SDN BHD,MALAYSIA,LIANYUNGANG,CHINA (MAINLAND)
2023,470329,SINAR MAS,INDAH KIAT,PERAWANG,RIAU,1128,773808,SINAR MAS,JIANGSU BOHUI PAPER INDUSTRY CO LTD.,CHINA (MAINLAND),CHANGSHU,CHINA (MAINLAND)
2023,470329,ROYAL GOLDEN EAGLE,APRIL,BUATAN,RIAU,241,120432,ROYAL GOLDEN EAGLE,APRIL INTERNATIONAL ENTEPRISE PTE LTD,SINGAPORE,CHATTOGRAM,BANGLADESH
2023,470329,SINAR MAS,INDAH KIAT,PERAWANG,RIAU,500,347632,ADNPM,ABU DHABI NATIONAL PAPER MILL LLC,UNITED ARAB EMIRATES,ABU DHABI,NEW ZEALAND
2023,470329,SINAR MAS,INDAH KIAT,PERAWANG,RIAU,500,347632,ADNPM,ABU DHABI NATIONAL PAPER MILL LLC,UNITED ARAB EMIRATES,ABU DHABI,NEW ZEALAND
2023,470329,MARUBENI,TANJUNG ENIM LESTARI,PANJANG,SUMATERA SELATAN,514,340252,MARUBENI,MARUBENI CORP,JAPAN,CHONGQING,CHINA (MAINLAND)
2023,470200,ROYAL GOLDEN EAGLE,APRIL,BUATAN,RIAU,1013,612860,ROYAL GOLDEN EAGLE,APRIL FAR EAST MALAYSIA SDN BHD,MALAYSIA,JIUJIANG,CHINA (MAINLAND)
2023,470329,SINAR MAS,OKI,SULTAN MAHMUD BADARUDDIN (U),SUMATERA SELATAN,1000,700100,EUROPORTS,EUROPORTS LOJISTIK AS,TURKEY,IZMIT,TURKEY
2023,470329,SINAR MAS,OKI,SULTAN MAHMUD BADARUDDIN (U),SUMATERA SELATAN,750,525075,EUROPORTS,EUROPORTS LOJISTIK AS,TURKEY,IZMIT,TURKEY
2023,470329,ROYAL GOLDEN EAGLE,APRIL,BUATAN,RIAU,683,341352,ROYAL GOLDEN EAGLE,APRIL INTERNATIONAL ENTEPRISE PTE LTD,SINGAPORE,CHATTOGRAM,BANGLADESH
2023,470329,SINAR MAS,OKI,SULTAN MAHMUD BADARUDDIN (U),SUMATERA SELATAN,250,175025,UNKNOWN AFFILIATION,MEDITERRANEAN PAPER CO,EGYPT,EL ISKANDARIYA (= ALEXAND,EGYPT
2023,470329,SINAR MAS,OKI,SULTAN MAHMUD BADARUDDIN (U),SUMATERA SELATAN,1000,700100,EUROPORTS,EUROPORTS LOJISTIK AS,TURKEY,IZMIT,TURKEY
2023,470329,SINAR MAS,OKI,SULTAN MAHMUD BADARUDDIN (U),SUMATERA SELATAN,750,525075,EUROPORTS,EUROPORTS LOJISTIK AS,TURKEY,IZMIT,TURKEY
2023,470329,SINAR MAS,OKI,SULTAN MAHMUD BADARUDDIN (U),SUMATERA SELATAN,250,175025,UNKNOWN AFFILIATION,ALEX CONVERTA CO FOR PAPER INDUSTRIES,EGYPT,EL ISKANDARIYA (= ALEXAND,EGYPT
2023,470329,SINAR MAS,OKI,SULTAN MAHMUD BADARUDDIN (U),SUMATERA SELATAN,250,175025,UNKNOWN AFFILIATION,ALEX CONVERTA CO FOR PAPER INDUSTRIES,EGYPT,EL ISKANDARIYA (= ALEXAND,EGYPT
2023,470329,SINAR MAS,INDAH KIAT,PERAWANG,RIAU,1000,695000,UNKNOWN AFFILIATION,KHANNA PAPER MILLS LTD,INDIA,KANDLA,INDIA
2023,470200,ROYAL GOLDEN EAGLE,APRIL,BUATAN,RIAU,506,306378,ROYAL GOLDEN EAGLE,APRIL FAR EAST MALAYSIA SDN BHD,MALAYSIA,LIANYUNGANG,CHINA (MAINLAND)
2023,470200,ROYAL GOLDEN EAGLE,APRIL,BUATAN,RIAU,506,306350,ROYAL GOLDEN EAGLE,APRIL FAR EAST MALAYSIA SDN BHD,MALAYSIA,JIUJIANG,CHINA (MAINLAND)
2023,470200,ROYAL GOLDEN EAGLE,APRIL,BUATAN,RIAU,1520,919583,ROYAL GOLDEN EAGLE,APRIL FAR EAST MALAYSIA SDN BHD,MALAYSIA,JIUJIANG,CHINA (MAINLAND)
2023,470329,SINAR MAS,INDAH KIAT,PERAWANG,RIAU,5000,3475000,UNKNOWN AFFILIATION,KHANNA PAPER MILLS LTD,INDIA,KANDLA,INDIA
2023,470329,SINAR MAS,INDAH KIAT,PERAWANG,RIAU,2000,1390000,UNKNOWN AFFILIATION,KHANNA PAPER MILLS LTD,INDIA,KANDLA,INDIA
2023,470329,SINAR MAS,OKI,SULTAN MAHMUD BADARUDDIN (U),SUMATERA SELATAN,400,280040,EUROPORTS,EUROPORTS LOJISTIK AS,TURKEY,IZMIT,TURKEY
2023,470329,SINAR MAS,OKI,SULTAN MAHMUD BADARUDDIN (U),SUMATERA SELATAN,250,175025,UNKNOWN AFFILIATION,ALEX CONVERTA CO FOR PAPER INDUSTRIES,EGYPT,EL ISKANDARIYA (= ALEXAND,EGYPT
2023,470329,SINAR MAS,OKI,SULTAN MAHMUD BADARUDDIN (U),SUMATERA SELATAN,500,350050,YOUSSEF ALLAM,AL MOUTAHEDA PAPER & BOARD UNIBOARD,EGYPT,EL ISKANDARIYA (= ALEXAND,EGYPT
2023,470329,SINAR MAS,INDAH KIAT,PERAWANG,RIAU,200,141358,SINAR MAS,KING PAPER SOURCE TRADING (SHANGHAI) CO LTD,CHINA (MAINLAND),YANGPU,CHINA (MAINLAND)
2023,470329,SINAR MAS,OKI,SULTAN MAHMUD BADARUDDIN (U),SUMATERA SELATAN,250,175025,UNKNOWN AFFILIATION,ALEX CONVERTA CO FOR PAPER INDUSTRIES,EGYPT,EL ISKANDARIYA (= ALEXAND,EGYPT
2023,470329,SINAR MAS,INDAH KIAT,PERAWANG,RIAU,500,347632,ADNPM,ABU DHABI NATIONAL PAPER MILL LLC,UNITED ARAB EMIRATES,ABU DHABI,NEW ZEALAND
2023,470329,SINAR MAS,INDAH KIAT,PERAWANG,RIAU,200,141358,SINAR MAS,KING PAPER SOURCE TRADING (SHANGHAI) CO LTD,CHINA (MAINLAND),YANGPU,CHINA (MAINLAND)
2023,470329,SINAR MAS,OKI,SULTAN MAHMUD BADARUDDIN (U),SUMATERA SELATAN,250,175025,UNKNOWN AFFILIATION,ALEX CONVERTA CO FOR PAPER INDUSTRIES,EGYPT,EL ISKANDARIYA (= ALEXAND,EGYPT
2023,470329,SINAR MAS,OKI,SULTAN MAHMUD BADARUDDIN (U),SUMATERA SELATAN,250,175025,UNKNOWN AFFILIATION,MEDITERRANEAN PAPER CO,EGYPT,EL ISKANDARIYA (= ALEXAND,EGYPT
2023,470329,SINAR MAS,INDAH KIAT,PERAWANG,RIAU,2000,1390000,UNKNOWN AFFILIATION,KHANNA PAPER MILLS LTD,INDIA,KANDLA,INDIA
2023,470329,SINAR MAS,OKI,SULTAN MAHMUD BADARUDDIN (U),SUMATERA SELATAN,250,175025,UNKNOWN AFFILIATION,ALEX CONVERTA CO FOR PAPER INDUSTRIES,EGYPT,EL ISKANDARIYA (= ALEXAND,EGYPT
2023,470329,SINAR MAS,INDAH KIAT,PERAWANG,RIAU,500,347632,ADNPM,ABU DHABI NATIONAL PAPER MILL LLC,UNITED ARAB EMIRATES,ABU DHABI,NEW ZEALAND
2023,470200,ROYAL GOLDEN EAGLE,APRIL,BUATAN,RIAU,506,306390,ROYAL GOLDEN EAGLE,APRIL FAR EAST MALAYSIA SDN BHD,MALAYSIA,JIUJIANG,CHINA (MAINLAND)
2023,470329,SINAR MAS,INDAH KIAT,PERAWANG,RIAU,5000,3427500,SINAR MAS,JIANGSU BOHUI PAPER INDUSTRY CO LTD.,CHINA (MAINLAND),CHANGSHU,CHINA (MAINLAND)
2023,470200,ROYAL GOLDEN EAGLE,APRIL,BUATAN,RIAU,507,306598,ROYAL GOLDEN EAGLE,APRIL FAR EAST MALAYSIA SDN BHD,MALAYSIA,JIUJIANG,CHINA (MAINLAND)
2023,470329,MARUBENI,TANJUNG ENIM LESTARI,PANJANG,SUMATERA SELATAN,513,346553,MARUBENI,MARUBENI CORP,JAPAN,CHANGSHU,CHINA (MAINLAND)
2023,470329,ROYAL GOLDEN EAGLE,APRIL,BUATAN,RIAU,501,250680,ROYAL GOLDEN EAGLE,APRIL INTERNATIONAL ENTEPRISE PTE LTD,SINGAPORE,CHATTOGRAM,BANGLADESH
2023,470329,SINAR MAS,INDAH KIAT,PERAWANG,RIAU,300,214980,UNKNOWN AFFILIATION,AN HUNG CO LTD,VIETNAM,CAT LAI,VIETNAM
2023,470329,MARUBENI,TANJUNG ENIM LESTARI,PANJANG,SUMATERA SELATAN,513,340715,MARUBENI,MARUBENI CORP,JAPAN,XINHUI,CHINA (MAINLAND)
2023,470329,SINAR MAS,INDAH KIAT,PERAWANG,RIAU,5000,3427500,SINAR MAS,JIANGSU BOHUI PAPER INDUSTRY CO LTD.,CHINA (MAINLAND),CHANGSHU,CHINA (MAINLAND)
2023,470329,ROYAL GOLDEN EAGLE,APRIL,BUATAN,RIAU,502,251054,ROYAL GOLDEN EAGLE,APRIL INTERNATIONAL ENTEPRISE PTE LTD,SINGAPORE,CHATTOGRAM,BANGLADESH
2023,470329,SINAR MAS,INDAH KIAT,PERAWANG,RIAU,2000,1371000,SINAR MAS,JIANGSU BOHUI PAPER INDUSTRY CO LTD.,CHINA (MAINLAND),CHANGSHU,CHINA (MAINLAND)
2023,470200,ROYAL GOLDEN EAGLE,APRIL,BUATAN,RIAU,508,307578,ROYAL GOLDEN EAGLE,APRIL FAR EAST MALAYSIA SDN BHD,MALAYSIA,JIUJIANG,CHINA (MAINLAND)
2023,470329,MARUBENI,TANJUNG ENIM LESTARI,PANJANG,SUMATERA SELATAN,511,349766,CELLMARK,CELLMARK AB,SWEDEN,ABU DHABI,NEW ZEALAND
2023,470329,SINAR MAS,INDAH KIAT,PERAWANG,RIAU,6644,4684908,SINAR MAS,KING PAPER SOURCE TRADING (SHANGHAI) CO LTD,CHINA (MAINLAND),QINZHOU,CHINA (MAINLAND)
2023,470329,ROYAL GOLDEN EAGLE,APRIL,FUTONG,RIAU,6085,3042317,ROYAL GOLDEN EAGLE,APRIL INTERNATIONAL ENTEPRISE PTE LTD,SINGAPORE,MUMBAI (EX BOMBAY),INDIA
2023,470329,ROYAL GOLDEN EAGLE,APRIL,FUTONG,RIAU,3961,1980661,ROYAL GOLDEN EAGLE,APRIL INTERNATIONAL ENTEPRISE PTE LTD,SINGAPORE,MUMBAI (EX BOMBAY),INDIA
2023,470329,ROYAL GOLDEN EAGLE,APRIL,BUATAN,RIAU,1007,521884,ROYAL GOLDEN EAGLE,APRIL INTERNATIONAL ENTEPRISE PTE LTD,SINGAPORE,NINGBO,CHINA (MAINLAND)
2023,470329,MARUBENI,TANJUNG ENIM LESTARI,PANJANG,SUMATERA SELATAN,514,340398,MARUBENI,MARUBENI CORP,JAPAN,CHONGQING,CHINA (MAINLAND)
2023,470329,MARUBENI,TANJUNG ENIM LESTARI,PANJANG,SUMATERA SELATAN,514,377473,MARUBENI,MARUBENI CORP,JAPAN,TAOYUAN,TAIWAN
2023,470329,MARUBENI,TANJUNG ENIM LESTARI,PANJANG,SUMATERA SELATAN,513,340998,MARUBENI,MARUBENI CORP,JAPAN,WUHAN,CHINA (MAINLAND)
2023,470200,ROYAL GOLDEN EAGLE,APRIL,BUATAN,RIAU,1014,613431,ROYAL GOLDEN EAGLE,APRIL FAR EAST MALAYSIA SDN BHD,MALAYSIA,LIANYUNGANG,CHINA (MAINLAND)
2023,470200,ROYAL GOLDEN EAGLE,APRIL,BUATAN,RIAU,1013,613032,ROYAL GOLDEN EAGLE,APRIL FAR EAST MALAYSIA SDN BHD,MALAYSIA,JIUJIANG,CHINA (MAINLAND)
2023,470200,ROYAL GOLDEN EAGLE,APRIL,BUATAN,RIAU,507,306518,ROYAL GOLDEN EAGLE,APRIL FAR EAST MALAYSIA SDN BHD,MALAYSIA,LIANYUNGANG,CHINA (MAINLAND)
2023,470200,ROYAL GOLDEN EAGLE,APRIL,BUATAN,RIAU,1014,613322,ROYAL GOLDEN EAGLE,APRIL FAR EAST MALAYSIA SDN BHD,MALAYSIA,JIUJIANG,CHINA (MAINLAND)
2023,470329,SINAR MAS,OKI,SULTAN MAHMUD BADARUDDIN (U),SUMATERA SELATAN,2500,1810000,SINAR MAS,KING PAPER SOURCE TRADING (SHANGHAI) CO LTD,CHINA (MAINLAND),NINGBO,CHINA (MAINLAND)
2023,470329,SINAR MAS,OKI,SULTAN MAHMUD BADARUDDIN (U),SUMATERA SELATAN,3000,2073000,SINAR MAS,KING PAPER SOURCE TRADING (SHANGHAI) CO LTD,CHINA (MAINLAND),NINGBO,CHINA (MAINLAND)
2023,470329,SINAR MAS,OKI,SULTAN MAHMUD BADARUDDIN (U),SUMATERA SELATAN,2000,1406000,SINAR MAS,KING PAPER SOURCE TRADING (SHANGHAI) CO LTD,CHINA (MAINLAND),NINGBO,CHINA (MAINLAND)
2023,470329,SINAR MAS,INDAH KIAT,PERAWANG,RIAU,1000,724210,SINAR MAS,GREAT CHAMP (L) BHD,MALAYSIA,MELBOURNE,AUSTRALIA
2023,470329,SINAR MAS,INDAH KIAT,PERAWANG,RIAU,1000,724210,SINAR MAS,GREAT CHAMP (L) BHD,MALAYSIA,MELBOURNE,AUSTRALIA
2023,470329,SINAR MAS,OKI,SULTAN MAHMUD BADARUDDIN (U),SUMATERA SELATAN,1500,1086000,SINAR MAS,KING PAPER SOURCE TRADING (SHANGHAI) CO LTD,CHINA (MAINLAND),NINGBO,CHINA (MAINLAND)
2023,470329,ROYAL GOLDEN EAGLE,APRIL,BUATAN,RIAU,502,251206,ROYAL GOLDEN EAGLE,APRIL INTERNATIONAL ENTEPRISE PTE LTD,SINGAPORE,CHATTOGRAM,BANGLADESH
2023,470200,ROYAL GOLDEN EAGLE,APRIL,BUATAN,RIAU,507,306622,ROYAL GOLDEN EAGLE,APRIL FAR EAST MALAYSIA SDN BHD,MALAYSIA,JIUJIANG,CHINA (MAINLAND)
2023,470329,ROYAL GOLDEN EAGLE,APRIL,BUATAN,RIAU,402,200840,ROYAL GOLDEN EAGLE,APRIL INTERNATIONAL ENTEPRISE PTE LTD,SINGAPORE,CHATTOGRAM,BANGLADESH
2023,470329,ROYAL GOLDEN EAGLE,APRIL,FUTONG,RIAU,1860,929765,ROYAL GOLDEN EAGLE,APRIL FAR EAST MALAYSIA SDN BHD,MALAYSIA,IYOMISHIMA,JAPAN
2023,470329,ROYAL GOLDEN EAGLE,APRIL,FUTONG,RIAU,2110,1054860,ROYAL GOLDEN EAGLE,APRIL INTERNATIONAL ENTEPRISE PTE LTD,SINGAPORE,PYONGTAEK,SOUTH KOREA
2023,470329,SINAR MAS,INDAH KIAT,PERAWANG,RIAU,100,69568,UNKNOWN AFFILIATION,A CHAU ARCHITECTURE & TRADING COMPANY LIMITED,VIETNAM,DA NANG,VIETNAM
2023,470329,SINAR MAS,INDAH KIAT,PERAWANG,RIAU,500,353932,SINAR MAS,KING PAPER SOURCE TRADING (SHANGHAI) CO LTD,CHINA (MAINLAND),DALIAN,CHINA (MAINLAND)
2023,470329,ROYAL GOLDEN EAGLE,APRIL,BUATAN,RIAU,503,251313,ROYAL GOLDEN EAGLE,APRIL INTERNATIONAL ENTEPRISE PTE LTD,SINGAPORE,EL ISKANDARIYA (= ALEXAND,EGYPT
2023,470200,ROYAL GOLDEN EAGLE,APRIL,BUATAN,RIAU,507,306464,ROYAL GOLDEN EAGLE,APRIL FAR EAST MALAYSIA SDN BHD,MALAYSIA,JIUJIANG,CHINA (MAINLAND)
2023,470329,SINAR MAS,INDAH KIAT,PERAWANG,RIAU,500,353932,SINAR MAS,KING PAPER SOURCE TRADING (SHANGHAI) CO LTD,CHINA (MAINLAND),DALIAN,CHINA (MAINLAND)
2023,470329,SINAR MAS,INDAH KIAT,PERAWANG,RIAU,500,347632,UNKNOWN AFFILIATION,EMIRATES FINE TISSUE INDUSTRY LLC,UNITED ARAB EMIRATES,ABU DHABI,NEW ZEALAND
2023,470329,SINAR MAS,INDAH KIAT,PERAWANG,RIAU,260,180769,UNKNOWN AFFILIATION,EMIRATES FINE TISSUE INDUSTRY LLC,UNITED ARAB EMIRATES,ABU DHABI,NEW ZEALAND
2023,470329,ROYAL GOLDEN EAGLE,APRIL,FUTONG,RIAU,3593,1796648,ROYAL GOLDEN EAGLE,APRIL INTERNATIONAL ENTEPRISE PTE LTD,SINGAPORE,GUNSAN (ES KUNSAN),SOUTH KOREA
2023,470329,ROYAL GOLDEN EAGLE,APRIL,BUATAN,RIAU,502,260168,ROYAL GOLDEN EAGLE,APRIL INTERNATIONAL ENTEPRISE PTE LTD,SINGAPORE,JEDDAH,SAUDI ARABIA
2023,470329,MARUBENI,TANJUNG ENIM LESTARI,PANJANG,SUMATERA SELATAN,406,304271,MARUBENI,MARUBENI CORP,JAPAN,CAT LAI,VIETNAM
2023,470329,ROYAL GOLDEN EAGLE,APRIL,BUATAN,RIAU,100,50172,ROYAL GOLDEN EAGLE,APRIL INTERNATIONAL ENTEPRISE PTE LTD,SINGAPORE,CHATTOGRAM,BANGLADESH
2023,470329,ROYAL GOLDEN EAGLE,APRIL,BUATAN,RIAU,101,50256,ROYAL GOLDEN EAGLE,APRIL INTERNATIONAL ENTEPRISE PTE LTD,SINGAPORE,CHATTOGRAM,BANGLADESH
2023,470329,ROYAL GOLDEN EAGLE,APRIL,BUATAN,RIAU,261,130383,ROYAL GOLDEN EAGLE,APRIL INTERNATIONAL ENTEPRISE PTE LTD,SINGAPORE,CHATTOGRAM,BANGLADESH
2023,470200,ROYAL GOLDEN EAGLE,APRIL,BUATAN,RIAU,506,326461,ROYAL GOLDEN EAGLE,APRIL FAR EAST MALAYSIA SDN BHD,MALAYSIA,LIANYUNGANG,CHINA (MAINLAND)
2023,470200,ROYAL GOLDEN EAGLE,APRIL,BUATAN,RIAU,507,306537,ROYAL GOLDEN EAGLE,APRIL FAR EAST MALAYSIA SDN BHD,MALAYSIA,JIUJIANG,CHINA (MAINLAND)
2023,470329,SINAR MAS,INDAH KIAT,PERAWANG,RIAU,200,142620,VIETNAM PAPER CORP,VAN DIEM PAPER JSC,VIETNAM,HAIPHONG,VIETNAM
2023,470329,MARUBENI,TANJUNG ENIM LESTARI,PANJANG,SUMATERA SELATAN,1000,679627,MARUBENI,MARUBENI CORP,JAPAN,XINGANG,CHINA (MAINLAND)
2023,470329,ROYAL GOLDEN EAGLE,APRIL,BUATAN,RIAU,100,50242,ROYAL GOLDEN EAGLE,APRIL INTERNATIONAL ENTEPRISE PTE LTD,SINGAPORE,CAT LAI,VIETNAM
2023,470329,MARUBENI,TANJUNG ENIM LESTARI,PANJANG,SUMATERA SELATAN,511,344794,MARUBENI,MARUBENI CORP,JAPAN,NINGBO,CHINA (MAINLAND)
2023,470329,ROYAL GOLDEN EAGLE,APRIL,FUTONG,RIAU,1991,995418,ROYAL GOLDEN EAGLE,APRIL INTERNATIONAL ENTEPRISE PTE LTD,SINGAPORE,CHANGSHU,CHINA (MAINLAND)
2023,470200,ROYAL GOLDEN EAGLE,APRIL,FUTONG,RIAU,3077,1861599,ROYAL GOLDEN EAGLE,APRIL FAR EAST MALAYSIA SDN BHD,MALAYSIA,CHANGSHU,CHINA (MAINLAND)
2023,470329,MARUBENI,TANJUNG ENIM LESTARI,PANJANG,SUMATERA SELATAN,511,344626,MARUBENI,MARUBENI CORP,JAPAN,NINGBO,CHINA (MAINLAND)
2023,470329,ROYAL GOLDEN EAGLE,APRIL,BUATAN,RIAU,101,50306,ROYAL GOLDEN EAGLE,APRIL INTERNATIONAL ENTEPRISE PTE LTD,SINGAPORE,CHATTOGRAM,BANGLADESH
2023,470329,SINAR MAS,INDAH KIAT,PERAWANG,RIAU,500,347344,UNKNOWN AFFILIATION,NIBONG TEBAL PAPER MILL SDN BHD,MALAYSIA,PENANG (GEORGETOWN),MALAYSIA
2023,470329,ROYAL GOLDEN EAGLE,APRIL,BUATAN,RIAU,499,249628,ROYAL GOLDEN EAGLE,APRIL INTERNATIONAL ENTEPRISE PTE LTD,SINGAPORE,EL ISKANDARIYA (= ALEXAND,EGYPT
2023,470329,SINAR MAS,INDAH KIAT,PERAWANG,RIAU,1008,709375,BJC,BERLI JUCKER CELLOX LTD,THAILAND,LAT KRABANG,THAILAND
2023,470329,ROYAL GOLDEN EAGLE,APRIL,BUATAN,RIAU,301,150602,ROYAL GOLDEN EAGLE,APRIL INTERNATIONAL ENTEPRISE PTE LTD,SINGAPORE,XINHUI,CHINA (MAINLAND)
2023,470329,SINAR MAS,INDAH KIAT,PERAWANG,RIAU,5000,3435000,SINAR MAS,KING PAPER SOURCE TRADING (SHANGHAI) CO LTD,CHINA (MAINLAND),DAGANG,CHINA (MAINLAND)
2023,470329,SINAR MAS,INDAH KIAT,PERAWANG,RIAU,1000,704000,SINAR MAS,KING PAPER SOURCE TRADING (SHANGHAI) CO LTD,CHINA (MAINLAND),DAGANG,CHINA (MAINLAND)
2023,470329,ROYAL GOLDEN EAGLE,APRIL,FUTONG,RIAU,2612,1509782,ROYAL GOLDEN EAGLE,APRIL FAR EAST MALAYSIA SDN BHD,MALAYSIA,NANSHA,CHINA (MAINLAND)
2023,470329,SINAR MAS,INDAH KIAT,PERAWANG,RIAU,2000,1374000,SINAR MAS,KING PAPER SOURCE TRADING (SHANGHAI) CO LTD,CHINA (MAINLAND),DAGANG,CHINA (MAINLAND)
2023,470329,SINAR MAS,INDAH KIAT,PERAWANG,RIAU,5000,3435000,SINAR MAS,KING PAPER SOURCE TRADING (SHANGHAI) CO LTD,CHINA (MAINLAND),DAGANG,CHINA (MAINLAND)
2023,440122,ROYAL GOLDEN EAGLE,BALIKPAPAN CHIP LESTARI,BALIKPAPAN,KALIMANTAN TIMUR,16764,2598445,ROYAL GOLDEN EAGLE,ASIA SYMBOL (SHANDONG) PULP AND PAPER,CHINA (MAINLAND),RIZHAO,CHINA (MAINLAND)
2023,470329,SINAR MAS,INDAH KIAT,PERAWANG,RIAU,300,203475,ITC,ITC LTD - PAPERBOARDS & SPECIALTY PAPERS DIVSION,INDIA,HALDIA,INDIA
2023,470329,ROYAL GOLDEN EAGLE,APRIL,FUTONG,RIAU,3012,1560039,ROYAL GOLDEN EAGLE,APRIL INTERNATIONAL ENTEPRISE PTE LTD,SINGAPORE,CHANGSHU,CHINA (MAINLAND)
2023,470200,ROYAL GOLDEN EAGLE,APRIL,BUATAN,RIAU,509,307774,ROYAL GOLDEN EAGLE,APRIL FAR EAST MALAYSIA SDN BHD,MALAYSIA,JIUJIANG,CHINA (MAINLAND)
2023,470329,SINAR MAS,INDAH KIAT,PERAWANG,RIAU,500,347344,UNKNOWN AFFILIATION,NIBONG TEBAL PAPER MILL SDN BHD,MALAYSIA,PENANG (GEORGETOWN),MALAYSIA
2023,470329,MARUBENI,TANJUNG ENIM LESTARI,PANJANG,SUMATERA SELATAN,509,335651,MARUBENI,MARUBENI CORP,JAPAN,WUHAN,CHINA (MAINLAND)
2023,470329,SINAR MAS,INDAH KIAT,PERAWANG,RIAU,300,203475,ITC,ITC LTD - PAPERBOARDS & SPECIALTY PAPERS DIVSION,INDIA,HALDIA,INDIA
2023,470329,MARUBENI,TANJUNG ENIM LESTARI,PANJANG,SUMATERA SELATAN,1023,695318,MARUBENI,MARUBENI CORP,JAPAN,XINGANG,CHINA (MAINLAND)
2023,470329,MARUBENI,TANJUNG ENIM LESTARI,PANJANG,SUMATERA SELATAN,511,340793,MARUBENI,MARUBENI CORP,JAPAN,XINHUI,CHINA (MAINLAND)
2023,470329,SINAR MAS,INDAH KIAT,PERAWANG,RIAU,300,203475,ITC,ITC LTD - PAPERBOARDS & SPECIALTY PAPERS DIVSION,INDIA,HALDIA,INDIA
2023,470329,SINAR MAS,INDAH KIAT,PERAWANG,RIAU,300,203475,ITC,ITC LTD - PAPERBOARDS & SPECIALTY PAPERS DIVSION,INDIA,HALDIA,INDIA
2023,470200,ROYAL GOLDEN EAGLE,APRIL,BUATAN,RIAU,1012,612504,ROYAL GOLDEN EAGLE,APRIL FAR EAST MALAYSIA SDN BHD,MALAYSIA,JIUJIANG,CHINA (MAINLAND)
2023,470200,ROYAL GOLDEN EAGLE,APRIL,BUATAN,RIAU,506,306241,ROYAL GOLDEN EAGLE,APRIL FAR EAST MALAYSIA SDN BHD,MALAYSIA,LIANYUNGANG,CHINA (MAINLAND)
2023,470200,ROYAL GOLDEN EAGLE,APRIL,BUATAN,RIAU,1016,614603,ROYAL GOLDEN EAGLE,APRIL FAR EAST MALAYSIA SDN BHD,MALAYSIA,JIUJIANG,CHINA (MAINLAND)
2023,470200,ROYAL GOLDEN EAGLE,APRIL,BUATAN,RIAU,507,306482,ROYAL GOLDEN EAGLE,APRIL FAR EAST MALAYSIA SDN BHD,MALAYSIA,JIUJIANG,CHINA (MAINLAND)
2023,470200,ROYAL GOLDEN EAGLE,APRIL,BUATAN,RIAU,507,306472,ROYAL GOLDEN EAGLE,APRIL FAR EAST MALAYSIA SDN BHD,MALAYSIA,LIANYUNGANG,CHINA (MAINLAND)
2023,470200,ROYAL GOLDEN EAGLE,APRIL,FUTONG,RIAU,5717,3458649,ROYAL GOLDEN EAGLE,APRIL FAR EAST MALAYSIA SDN BHD,MALAYSIA,CHANGSHU,CHINA (MAINLAND)
2023,470200,ROYAL GOLDEN EAGLE,APRIL,BUATAN,RIAU,506,306199,ROYAL GOLDEN EAGLE,APRIL FAR EAST MALAYSIA SDN BHD,MALAYSIA,JIUJIANG,CHINA (MAINLAND)
2023,470200,ROYAL GOLDEN EAGLE,APRIL,FUTONG,RIAU,3047,1843221,ROYAL GOLDEN EAGLE,APRIL FAR EAST MALAYSIA SDN BHD,MALAYSIA,CHANGSHU,CHINA (MAINLAND)
2023,470329,SINAR MAS,INDAH KIAT,PERAWANG,RIAU,300,214980,NTPM HOLDINGS BHD,NTPM (VIETNAM) CO LTD,VIETNAM,CAT LAI,VIETNAM
2023,470329,SINAR MAS,INDAH KIAT,PERAWANG,RIAU,500,347344,UNKNOWN AFFILIATION,NIBONG TEBAL PAPER MILL SDN BHD,MALAYSIA,PENANG (GEORGETOWN),MALAYSIA
2023,470329,ROYAL GOLDEN EAGLE,APRIL,BUATAN,RIAU,97,50025,ROYAL GOLDEN EAGLE,APRIL INTERNATIONAL ENTEPRISE PTE LTD,SINGAPORE,TAOYUAN,TAIWAN
2023,470329,SINAR MAS,INDAH KIAT,PERAWANG,RIAU,300,203475,ITC,ITC LTD - PAPERBOARDS & SPECIALTY PAPERS DIVSION,INDIA,HALDIA,INDIA
2023,470200,ROYAL GOLDEN EAGLE,APRIL,BUATAN,RIAU,508,307487,ROYAL GOLDEN EAGLE,APRIL FAR EAST MALAYSIA SDN BHD,MALAYSIA,JIUJIANG,CHINA (MAINLAND)
2023,470329,SINAR MAS,INDAH KIAT,PERAWANG,RIAU,380,275447,GULF PAPER,GULF PAPER MANUFACTURING CO KSC,KUWAIT,SHUAIBA,KUWAIT
2023,470329,MARUBENI,TANJUNG ENIM LESTARI,PANJANG,SUMATERA SELATAN,405,305154,MARUBENI,MARUBENI CORP,JAPAN,PENANG (GEORGETOWN),MALAYSIA
2023,470329,SINAR MAS,INDAH KIAT,PERAWANG,RIAU,380,257686,GULF PAPER,GULF PAPER MANUFACTURING CO KSC,KUWAIT,SHUAIBA,KUWAIT
2023,470329,SINAR MAS,INDAH KIAT,PERAWANG,RIAU,300,203475,ITC,ITC LTD - PAPERBOARDS & SPECIALTY PAPERS DIVSION,INDIA,HALDIA,INDIA
2023,470200,ROYAL GOLDEN EAGLE,APRIL,BUATAN,RIAU,506,305998,ROYAL GOLDEN EAGLE,APRIL FAR EAST MALAYSIA SDN BHD,MALAYSIA,JIUJIANG,CHINA (MAINLAND)
2023,470329,SINAR MAS,INDAH KIAT,PERAWANG,RIAU,40,27932,UNKNOWN AFFILIATION,SPECIAL MANUFACTURING CO LTD,MYANMAR,YANGON,MYANMAR
2023,470329,SINAR MAS,INDAH KIAT,PERAWANG,RIAU,200,135650,ITC,ITC LTD - PAPERBOARDS & SPECIALTY PAPERS DIVSION,INDIA,HALDIA,INDIA
2023,470200,ROYAL GOLDEN EAGLE,APRIL,FUTONG,RIAU,6429,3889463,ROYAL GOLDEN EAGLE,APRIL FAR EAST MALAYSIA SDN BHD,MALAYSIA,CHANGSHU,CHINA (MAINLAND)
2023,470329,ROYAL GOLDEN EAGLE,APRIL,FUTONG,RIAU,15466,8011364,ROYAL GOLDEN EAGLE,APRIL FAR EAST MALAYSIA SDN BHD,MALAYSIA,NANSHA,CHINA (MAINLAND)
2023,470329,MARUBENI,TANJUNG ENIM LESTARI,PANJANG,SUMATERA SELATAN,511,340623,MARUBENI,MARUBENI CORP,JAPAN,WUHAN,CHINA (MAINLAND)
2023,470329,MARUBENI,TANJUNG ENIM LESTARI,PANJANG,SUMATERA SELATAN,510,340371,MARUBENI,MARUBENI CORP,JAPAN,XINHUI,CHINA (MAINLAND)
2023,470329,ROYAL GOLDEN EAGLE,APRIL,FUTONG,RIAU,3711,1922143,ROYAL GOLDEN EAGLE,APRIL INTERNATIONAL ENTEPRISE PTE LTD,SINGAPORE,QINGDAO,CHINA (MAINLAND)
2023,470329,ROYAL GOLDEN EAGLE,APRIL,BUATAN,RIAU,40,20784,ROYAL GOLDEN EAGLE,APRIL INTERNATIONAL ENTEPRISE PTE LTD,SINGAPORE,CHATTOGRAM,BANGLADESH
2023,470329,ROYAL GOLDEN EAGLE,APRIL,FUTONG,RIAU,2994,1550699,ROYAL GOLDEN EAGLE,APRIL INTERNATIONAL ENTEPRISE PTE LTD,SINGAPORE,CHANGSHU,CHINA (MAINLAND)
2023,470200,ROYAL GOLDEN EAGLE,APRIL,FUTONG,RIAU,1317,796856,ROYAL GOLDEN EAGLE,APRIL FAR EAST MALAYSIA SDN BHD,MALAYSIA,CHANGSHU,CHINA (MAINLAND)
2023,470200,ROYAL GOLDEN EAGLE,APRIL,BUATAN,RIAU,507,306596,ROYAL GOLDEN EAGLE,APRIL FAR EAST MALAYSIA SDN BHD,MALAYSIA,LIANYUNGANG,CHINA (MAINLAND)
2023,470329,MARUBENI,TANJUNG ENIM LESTARI,PANJANG,SUMATERA SELATAN,512,341316,MARUBENI,MARUBENI CORP,JAPAN,WUHAN,CHINA (MAINLAND)
2023,470329,SINAR MAS,INDAH KIAT,PERAWANG,RIAU,1000,724210,SINAR MAS,GREAT CHAMP (L) BHD,MALAYSIA,MELBOURNE,AUSTRALIA
2023,470200,ROYAL GOLDEN EAGLE,APRIL,FUTONG,RIAU,5149,3115377,ROYAL GOLDEN EAGLE,APRIL FAR EAST MALAYSIA SDN BHD,MALAYSIA,CHANGSHU,CHINA (MAINLAND)
2023,470200,ROYAL GOLDEN EAGLE,APRIL,BUATAN,RIAU,506,306432,ROYAL GOLDEN EAGLE,APRIL FAR EAST MALAYSIA SDN BHD,MALAYSIA,JIUJIANG,CHINA (MAINLAND)
2023,470200,ROYAL GOLDEN EAGLE,APRIL,BUATAN,RIAU,506,306174,ROYAL GOLDEN EAGLE,APRIL FAR EAST MALAYSIA SDN BHD,MALAYSIA,LIANYUNGANG,CHINA (MAINLAND)
2023,470200,ROYAL GOLDEN EAGLE,APRIL,BUATAN,RIAU,508,307462,ROYAL GOLDEN EAGLE,APRIL FAR EAST MALAYSIA SDN BHD,MALAYSIA,JIUJIANG,CHINA (MAINLAND)
2023,470200,ROYAL GOLDEN EAGLE,APRIL,BUATAN,RIAU,506,306339,ROYAL GOLDEN EAGLE,APRIL FAR EAST MALAYSIA SDN BHD,MALAYSIA,LIANYUNGANG,CHINA (MAINLAND)
2023,470200,ROYAL GOLDEN EAGLE,APRIL,BUATAN,RIAU,506,306244,ROYAL GOLDEN EAGLE,APRIL FAR EAST MALAYSIA SDN BHD,MALAYSIA,LIANYUNGANG,CHINA (MAINLAND)
2023,470200,ROYAL GOLDEN EAGLE,APRIL,BUATAN,RIAU,508,307562,ROYAL GOLDEN EAGLE,APRIL FAR EAST MALAYSIA SDN BHD,MALAYSIA,JIUJIANG,CHINA (MAINLAND)
2023,470200,ROYAL GOLDEN EAGLE,APRIL,BUATAN,RIAU,506,306352,ROYAL GOLDEN EAGLE,APRIL FAR EAST MALAYSIA SDN BHD,MALAYSIA,LIANYUNGANG,CHINA (MAINLAND)
2023,470329,SINAR MAS,OKI,SULTAN MAHMUD BADARUDDIN (U),SUMATERA SELATAN,1000,692100,HONG WON,HONG WON PAPER MFG CO LTD,SOUTH KOREA,GUNSAN (ES KUNSAN),SOUTH KOREA
2023,470329,SINAR MAS,OKI,SULTAN MAHMUD BADARUDDIN (U),SUMATERA SELATAN,4500,3114450,UNKNOWN AFFILIATION,C RAINBOW INTERNATIONAL CO LTD,SOUTH KOREA,GUNSAN (ES KUNSAN),SOUTH KOREA
2023,470329,SINAR MAS,INDAH KIAT,PERAWANG,RIAU,1008,709375,BJC,BERLI JUCKER CELLOX LTD,THAILAND,LAT KRABANG,THAILAND
2023,470329,ROYAL GOLDEN EAGLE,APRIL,FUTONG,RIAU,1206,624545,ROYAL GOLDEN EAGLE,APRIL FAR EAST MALAYSIA SDN BHD,MALAYSIA,IYOMISHIMA,JAPAN
2023,470329,SINAR MAS,INDAH KIAT,PERAWANG,RIAU,200,141358,SINAR MAS,KING PAPER SOURCE TRADING (SHANGHAI) CO LTD,CHINA (MAINLAND),YANGPU,CHINA (MAINLAND)
2023,470329,SINAR MAS,INDAH KIAT,PERAWANG,RIAU,200,141358,SINAR MAS,KING PAPER SOURCE TRADING (SHANGHAI) CO LTD,CHINA (MAINLAND),YANGPU,CHINA (MAINLAND)
2023,470200,ROYAL GOLDEN EAGLE,APRIL,BUATAN,RIAU,509,307829,ROYAL GOLDEN EAGLE,APRIL FAR EAST MALAYSIA SDN BHD,MALAYSIA,LIANYUNGANG,CHINA (MAINLAND)
2023,470329,SINAR MAS,OKI,SULTAN MAHMUD BADARUDDIN (U),SUMATERA SELATAN,1500,1038150,UNKNOWN AFFILIATION,MSS PULP CO LTD,SOUTH KOREA,GUNSAN (ES KUNSAN),SOUTH KOREA
2023,470329,ROYAL GOLDEN EAGLE,APRIL,FUTONG,RIAU,1206,624692,ROYAL GOLDEN EAGLE,APRIL INTERNATIONAL ENTEPRISE PTE LTD,SINGAPORE,PYONGTAEK,SOUTH KOREA
2023,470200,ROYAL GOLDEN EAGLE,APRIL,BUATAN,RIAU,508,307431,ROYAL GOLDEN EAGLE,APRIL FAR EAST MALAYSIA SDN BHD,MALAYSIA,JIUJIANG,CHINA (MAINLAND)
2023,470200,ROYAL GOLDEN EAGLE,APRIL,BUATAN,RIAU,508,307412,ROYAL GOLDEN EAGLE,APRIL FAR EAST MALAYSIA SDN BHD,MALAYSIA,JIUJIANG,CHINA (MAINLAND)
2023,470329,ROYAL GOLDEN EAGLE,APRIL,FUTONG,RIAU,3832,1998280,ROYAL GOLDEN EAGLE,APRIL INTERNATIONAL ENTEPRISE PTE LTD,SINGAPORE,GUNSAN (ES KUNSAN),SOUTH KOREA
2023,470329,ROYAL GOLDEN EAGLE,APRIL,BUATAN,RIAU,503,260315,ROYAL GOLDEN EAGLE,APRIL INTERNATIONAL ENTEPRISE PTE LTD,SINGAPORE,JEDDAH,SAUDI ARABIA
2023,470329,MARUBENI,TANJUNG ENIM LESTARI,PANJANG,SUMATERA SELATAN,511,336304,MARUBENI,MARUBENI CORP,JAPAN,YINGKOU,CHINA (MAINLAND)
2023,470200,ROYAL GOLDEN EAGLE,APRIL,BUATAN,RIAU,508,307488,ROYAL GOLDEN EAGLE,APRIL FAR EAST MALAYSIA SDN BHD,MALAYSIA,JIUJIANG,CHINA (MAINLAND)
2023,470329,SINAR MAS,INDAH KIAT,PERAWANG,RIAU,200,141358,SINAR MAS,KING PAPER SOURCE TRADING (SHANGHAI) CO LTD,CHINA (MAINLAND),YANGPU,CHINA (MAINLAND)
2023,470329,SINAR MAS,OKI,SULTAN MAHMUD BADARUDDIN (U),SUMATERA SELATAN,500,346050,HONG WON,HONG WON PAPER MFG CO LTD,SOUTH KOREA,GUNSAN (ES KUNSAN),SOUTH KOREA
2023,470329,ROYAL GOLDEN EAGLE,APRIL,BUATAN,RIAU,261,135406,ROYAL GOLDEN EAGLE,APRIL INTERNATIONAL ENTEPRISE PTE LTD,SINGAPORE,CHATTOGRAM,BANGLADESH
2023,470329,ROYAL GOLDEN EAGLE,APRIL,BUATAN,RIAU,502,260124,ROYAL GOLDEN EAGLE,APRIL INTERNATIONAL ENTEPRISE PTE LTD,SINGAPORE,CHATTOGRAM,BANGLADESH
2023,470329,ROYAL GOLDEN EAGLE,APRIL,BUATAN,RIAU,261,135007,ROYAL GOLDEN EAGLE,APRIL INTERNATIONAL ENTEPRISE PTE LTD,SINGAPORE,CHATTOGRAM,BANGLADESH
2023,470329,ROYAL GOLDEN EAGLE,APRIL,BUATAN,RIAU,100,52056,ROYAL GOLDEN EAGLE,APRIL INTERNATIONAL ENTEPRISE PTE LTD,SINGAPORE,CHATTOGRAM,BANGLADESH
2023,470329,SINAR MAS,OKI,SULTAN MAHMUD BADARUDDIN (U),SUMATERA SELATAN,4000,2785713,XIANMEN C&D,HONG KONG PAPER SOURCES CO LTD,CHINA (HONG KONG),NANSHA,CHINA (MAINLAND)
2023,470329,ROYAL GOLDEN EAGLE,APRIL,BUATAN,RIAU,241,124807,ROYAL GOLDEN EAGLE,APRIL INTERNATIONAL ENTEPRISE PTE LTD,SINGAPORE,CHATTOGRAM,BANGLADESH
2023,470329,SINAR MAS,INDAH KIAT,PERAWANG,RIAU,200,140600,SINAR MAS,KING PAPER SOURCE TRADING (SHANGHAI) CO LTD,CHINA (MAINLAND),DAGANG,CHINA (MAINLAND)
2023,470329,ROYAL GOLDEN EAGLE,APRIL,BUATAN,RIAU,382,197872,ROYAL GOLDEN EAGLE,APRIL INTERNATIONAL ENTEPRISE PTE LTD,SINGAPORE,HAIPHONG,VIETNAM
2023,470329,ROYAL GOLDEN EAGLE,APRIL,BUATAN,RIAU,1006,521077,ROYAL GOLDEN EAGLE,APRIL INTERNATIONAL ENTEPRISE PTE LTD,SINGAPORE,NINGBO,CHINA (MAINLAND)
2023,470329,MARUBENI,TANJUNG ENIM LESTARI,PANJANG,SUMATERA SELATAN,129,101754,MARUBENI,MARUBENI CORP,JAPAN,LAT KRABANG,THAILAND
2023,470329,MARUBENI,TANJUNG ENIM LESTARI,PANJANG,SUMATERA SELATAN,299,203595,CELLMARK,CELLMARK AB,SWEDEN,ABU DHABI,NEW ZEALAND
2023,470329,MARUBENI,TANJUNG ENIM LESTARI,PANJANG,SUMATERA SELATAN,147,115578,MARUBENI,MARUBENI CORP,JAPAN,LAT KRABANG,THAILAND
2023,470329,ROYAL GOLDEN EAGLE,APRIL,FUTONG,RIAU,5021,2600874,ROYAL GOLDEN EAGLE,APRIL INTERNATIONAL ENTEPRISE PTE LTD,SINGAPORE,AD DAMMAM,SAUDI ARABIA
2023,470329,SINAR MAS,INDAH KIAT,PERAWANG,RIAU,2992,2103376,SINAR MAS,KING PAPER SOURCE TRADING (SHANGHAI) CO LTD,CHINA (MAINLAND),DAGANG,CHINA (MAINLAND)
2023,470329,SINAR MAS,INDAH KIAT,PERAWANG,RIAU,7000,4886000,UNKNOWN AFFILIATION,HAIDONG MARINE CO LTD,SOUTH KOREA,ULSAN,SOUTH KOREA
2023,470329,ROYAL GOLDEN EAGLE,APRIL,BUATAN,RIAU,503,260321,ROYAL GOLDEN EAGLE,APRIL INTERNATIONAL ENTEPRISE PTE LTD,SINGAPORE,ABU DHABI,NEW ZEALAND
2023,470329,MARUBENI,TANJUNG ENIM LESTARI,PANJANG,SUMATERA SELATAN,318,219027,MARUBENI,MARUBENI CORP,JAPAN,HALDIA,INDIA
2023,470329,MARUBENI,TANJUNG ENIM LESTARI,PANJANG,SUMATERA SELATAN,408,315662,MARUBENI,MARUBENI CORP,JAPAN,CAT LAI,VIETNAM
2023,470200,ROYAL GOLDEN EAGLE,APRIL,BUATAN,RIAU,508,307559,ROYAL GOLDEN EAGLE,APRIL FAR EAST MALAYSIA SDN BHD,MALAYSIA,JIUJIANG,CHINA (MAINLAND)
2023,470329,ROYAL GOLDEN EAGLE,APRIL,BUATAN,RIAU,381,197488,ROYAL GOLDEN EAGLE,APRIL INTERNATIONAL ENTEPRISE PTE LTD,SINGAPORE,HAIPHONG,VIETNAM
2023,470329,MARUBENI,TANJUNG ENIM LESTARI,PANJANG,SUMATERA SELATAN,618,435292,MARUBENI,MARUBENI CORP,JAPAN,WUHAN,CHINA (MAINLAND)
2023,470329,SINAR MAS,OKI,SULTAN MAHMUD BADARUDDIN (U),SUMATERA SELATAN,7000,4949000,SINAR MAS,KING PAPER SOURCE TRADING (SHANGHAI) CO LTD,CHINA (MAINLAND),CHANGSHU,CHINA (MAINLAND)
2023,470200,ROYAL GOLDEN EAGLE,APRIL,BUATAN,RIAU,508,307569,ROYAL GOLDEN EAGLE,APRIL FAR EAST MALAYSIA SDN BHD,MALAYSIA,JIUJIANG,CHINA (MAINLAND)
2023,470329,SINAR MAS,INDAH KIAT,PERAWANG,RIAU,200,141003,SUPER STAR GROUP (SSG),SSG PAPER LTD,BANGLADESH,CHATTOGRAM,BANGLADESH
2023,470329,SINAR MAS,OKI,SULTAN MAHMUD BADARUDDIN (U),SUMATERA SELATAN,9500,6460000,UNKNOWN AFFILIATION,HAYAT KIMYA SANAYI A.S,TURKEY,LIMAS,TURKEY
2023,470329,ROYAL GOLDEN EAGLE,APRIL,FUTONG,RIAU,4622,2394280,ROYAL GOLDEN EAGLE,APRIL INTERNATIONAL ENTEPRISE PTE LTD,SINGAPORE,CHATTOGRAM,BANGLADESH
2023,470329,ROYAL GOLDEN EAGLE,APRIL,BUATAN,RIAU,201,103995,ROYAL GOLDEN EAGLE,APRIL INTERNATIONAL ENTEPRISE PTE LTD,SINGAPORE,FUZHOU,CHINA (MAINLAND)
2023,470329,ROYAL GOLDEN EAGLE,APRIL,FUTONG,RIAU,5027,2604021,ROYAL GOLDEN EAGLE,APRIL INTERNATIONAL ENTEPRISE PTE LTD,SINGAPORE,CHATTOGRAM,BANGLADESH
2023,470329,ROYAL GOLDEN EAGLE,APRIL,BUATAN,RIAU,502,260111,ROYAL GOLDEN EAGLE,APRIL INTERNATIONAL ENTEPRISE PTE LTD,SINGAPORE,KARACHI,PAKISTAN
2023,470329,MARUBENI,TANJUNG ENIM LESTARI,TARAHAN,SUMATERA SELATAN,1861,1287165,MARUBENI,MARUBENI CORP,JAPAN,QINGDAO,CHINA (MAINLAND)
2023,470329,SINAR MAS,INDAH KIAT,PERAWANG,RIAU,500,364057,SINAR MAS,KING PAPER SOURCE TRADING (SHANGHAI) CO LTD,CHINA (MAINLAND),DALIAN,CHINA (MAINLAND)
2023,470329,SINAR MAS,INDAH KIAT,PERAWANG,RIAU,300,212963,UNKNOWN AFFILIATION,AN HUNG CO LTD,VIETNAM,CAT LAI,VIETNAM
2023,470200,ROYAL GOLDEN EAGLE,APRIL,BUATAN,RIAU,507,306542,ROYAL GOLDEN EAGLE,APRIL FAR EAST MALAYSIA SDN BHD,MALAYSIA,JIUJIANG,CHINA (MAINLAND)
2023,470329,MARUBENI,TANJUNG ENIM LESTARI,TARAHAN,SUMATERA SELATAN,1871,1294327,MARUBENI,MARUBENI CORP,JAPAN,QINGDAO,CHINA (MAINLAND)
2023,470329,MARUBENI,TANJUNG ENIM LESTARI,TARAHAN,SUMATERA SELATAN,1862,1287806,MARUBENI,MARUBENI CORP,JAPAN,QINGDAO,CHINA (MAINLAND)
2023,470200,ROYAL GOLDEN EAGLE,APRIL,BUATAN,RIAU,506,326574,ROYAL GOLDEN EAGLE,APRIL FAR EAST MALAYSIA SDN BHD,MALAYSIA,JIUJIANG,CHINA (MAINLAND)
2023,470329,SINAR MAS,INDAH KIAT,PERAWANG,RIAU,200,141975,RENGO,VINA KRAFT PAPER CO LTD,VIETNAM,CAT LAI,VIETNAM
2023,470329,MARUBENI,TANJUNG ENIM LESTARI,TARAHAN,SUMATERA SELATAN,2339,1618252,MARUBENI,MARUBENI CORP,JAPAN,QINGDAO,CHINA (MAINLAND)
2023,470329,MARUBENI,TANJUNG ENIM LESTARI,TARAHAN,SUMATERA SELATAN,1000,739081,MARUBENI,MARUBENI CORP,JAPAN,PYONGTAEK,SOUTH KOREA
2023,470329,SINAR MAS,INDAH KIAT,PERAWANG,RIAU,200,141358,SINAR MAS,KING PAPER SOURCE TRADING (SHANGHAI) CO LTD,CHINA (MAINLAND),YANGPU,CHINA (MAINLAND)
2023,470200,ROYAL GOLDEN EAGLE,APRIL,BUATAN,RIAU,508,327694,ROYAL GOLDEN EAGLE,APRIL FAR EAST MALAYSIA SDN BHD,MALAYSIA,LIANYUNGANG,CHINA (MAINLAND)
2023,470329,SINAR MAS,INDAH KIAT,PERAWANG,RIAU,500,364057,SINAR MAS,KING PAPER SOURCE TRADING (SHANGHAI) CO LTD,CHINA (MAINLAND),DALIAN,CHINA (MAINLAND)
2023,470329,SINAR MAS,INDAH KIAT,PERAWANG,RIAU,500,364057,SINAR MAS,KING PAPER SOURCE TRADING (SHANGHAI) CO LTD,CHINA (MAINLAND),DALIAN,CHINA (MAINLAND)
2023,470329,MARUBENI,TANJUNG ENIM LESTARI,TARAHAN,SUMATERA SELATAN,999,786988,MARUBENI,MARUBENI CORP,JAPAN,PYONGTAEK,SOUTH KOREA
2023,440122,ROYAL GOLDEN EAGLE,BALIKPAPAN CHIP LESTARI,BALIKPAPAN,KALIMANTAN TIMUR,18836,2919552,ROYAL GOLDEN EAGLE,ASIA SYMBOL (SHANDONG) PULP AND PAPER,CHINA (MAINLAND),RIZHAO,CHINA (MAINLAND)
2023,470329,ROYAL GOLDEN EAGLE,APRIL,BUATAN,RIAU,503,260388,ROYAL GOLDEN EAGLE,APRIL INTERNATIONAL ENTEPRISE PTE LTD,SINGAPORE,CHATTOGRAM,BANGLADESH
2023,470329,SINAR MAS,OKI,SULTAN MAHMUD BADARUDDIN (U),SUMATERA SELATAN,21500,14620000,UNKNOWN AFFILIATION,HAYAT KIMYA SANAYI A.S,TURKEY,MERSIN,TURKEY
2023,470329,ROYAL GOLDEN EAGLE,APRIL,BUATAN,RIAU,1006,520992,ROYAL GOLDEN EAGLE,APRIL INTERNATIONAL ENTEPRISE PTE LTD,SINGAPORE,NINGBO,CHINA (MAINLAND)
2023,470329,ROYAL GOLDEN EAGLE,APRIL,BUATAN,RIAU,502,260017,ROYAL GOLDEN EAGLE,APRIL INTERNATIONAL ENTEPRISE PTE LTD,SINGAPORE,CHATTOGRAM,BANGLADESH
2023,470329,SINAR MAS,INDAH KIAT,PERAWANG,RIAU,1000,688000,IMEXCO BACGIANG,BAC GIANG IMPORT EXPORT JOINT STOCK CO,VIETNAM,HAIPHONG,VIETNAM
2023,470200,ROYAL GOLDEN EAGLE,APRIL,BUATAN,RIAU,506,326491,ROYAL GOLDEN EAGLE,APRIL FAR EAST MALAYSIA SDN BHD,MALAYSIA,LIANYUNGANG,CHINA (MAINLAND)
2023,470329,SINAR MAS,INDAH KIAT,PERAWANG,RIAU,5000,3440000,IMEXCO BACGIANG,BAC GIANG IMPORT EXPORT JOINT STOCK CO,VIETNAM,HAIPHONG,VIETNAM
2023,470200,ROYAL GOLDEN EAGLE,APRIL,BUATAN,RIAU,506,326607,ROYAL GOLDEN EAGLE,APRIL FAR EAST MALAYSIA SDN BHD,MALAYSIA,LIANYUNGANG,CHINA (MAINLAND)
2023,470329,SINAR MAS,INDAH KIAT,PERAWANG,RIAU,200,141358,SINAR MAS,KING PAPER SOURCE TRADING (SHANGHAI) CO LTD,CHINA (MAINLAND),YANGPU,CHINA (MAINLAND)
2023,470329,SINAR MAS,INDAH KIAT,PERAWANG,RIAU,200,141358,SINAR MAS,KING PAPER SOURCE TRADING (SHANGHAI) CO LTD,CHINA (MAINLAND),YANGPU,CHINA (MAINLAND)
2023,470329,MARUBENI,TANJUNG ENIM LESTARI,PANJANG,SUMATERA SELATAN,194,150377,MARUBENI,MARUBENI CORP,JAPAN,LAT KRABANG,THAILAND
2023,470329,MARUBENI,TANJUNG ENIM LESTARI,PANJANG,SUMATERA SELATAN,325,226102,MARUBENI,MARUBENI CORP,JAPAN,YINGKOU,CHINA (MAINLAND)
2023,470200,ROYAL GOLDEN EAGLE,APRIL,BUATAN,RIAU,506,306354,ROYAL GOLDEN EAGLE,APRIL FAR EAST MALAYSIA SDN BHD,MALAYSIA,JIUJIANG,CHINA (MAINLAND)
2023,470200,ROYAL GOLDEN EAGLE,APRIL,BUATAN,RIAU,506,326300,ROYAL GOLDEN EAGLE,APRIL FAR EAST MALAYSIA SDN BHD,MALAYSIA,LIANYUNGANG,CHINA (MAINLAND)
2023,470329,SINAR MAS,INDAH KIAT,PERAWANG,RIAU,200,124936,UNKNOWN AFFILIATION,REGENT EXIM INTERNATIONAL LTD,INDIA,GARHI HARSARU,INDIA
2023,470329,SINAR MAS,OKI,SULTAN MAHMUD BADARUDDIN (U),SUMATERA SELATAN,6000,4152600,ITC,ITC LTD - PAPERBOARDS & SPECIALTY PAPERS DIVSION,INDIA,KAKINADA,INDIA
2023,470329,MARUBENI,TANJUNG ENIM LESTARI,PANJANG,SUMATERA SELATAN,707,533112,MARUBENI,MARUBENI CORP,JAPAN,QINGDAO,CHINA (MAINLAND)
2023,470329,MARUBENI,TANJUNG ENIM LESTARI,PANJANG,SUMATERA SELATAN,109,86411,MARUBENI,MARUBENI CORP,JAPAN,PORT KELANG,MALAYSIA
2023,470329,ROYAL GOLDEN EAGLE,APRIL,FUTONG,RIAU,8036,4162442,ROYAL GOLDEN EAGLE,APRIL INTERNATIONAL ENTEPRISE PTE LTD,SINGAPORE,HALDIA,INDIA
2023,470329,SINAR MAS,INDAH KIAT,PERAWANG,RIAU,100,62468,UNKNOWN AFFILIATION,REGENT EXIM INTERNATIONAL LTD,INDIA,GARHI HARSARU,INDIA
2023,470329,SINAR MAS,INDAH KIAT,PERAWANG,RIAU,300,216270,VIETNAM PAPER CORP,VAN DIEM PAPER JSC,VIETNAM,HAIPHONG,VIETNAM
2023,470329,SINAR MAS,INDAH KIAT,PERAWANG,RIAU,1000,709500,UNKNOWN AFFILIATION,THAI PAPER CO LTD,THAILAND,LAT KRABANG,THAILAND
2023,470329,SINAR MAS,INDAH KIAT,PERAWANG,RIAU,300,214980,NTPM HOLDINGS BHD,NTPM (VIETNAM) CO LTD,VIETNAM,CAT LAI,VIETNAM
2023,470329,MARUBENI,TANJUNG ENIM LESTARI,PANJANG,SUMATERA SELATAN,521,400062,MARUBENI,MARUBENI CORP,JAPAN,NINGBO,CHINA (MAINLAND)
2023,470329,ROYAL GOLDEN EAGLE,APRIL,BUATAN,RIAU,503,260677,ROYAL GOLDEN EAGLE,APRIL INTERNATIONAL ENTEPRISE PTE LTD,SINGAPORE,CHATTOGRAM,BANGLADESH
2023,470200,ROYAL GOLDEN EAGLE,APRIL,BUATAN,RIAU,509,308201,ROYAL GOLDEN EAGLE,APRIL FAR EAST MALAYSIA SDN BHD,MALAYSIA,JIUJIANG,CHINA (MAINLAND)
2023,470329,SINAR MAS,INDAH KIAT,PERAWANG,RIAU,6000,4219500,SINAR MAS,SHANDONG BOHUI PAPER INDUSTRY CO LTD,CHINA (MAINLAND),QINGDAO,CHINA (MAINLAND)
2023,470329,MARUBENI,TANJUNG ENIM LESTARI,PANJANG,SUMATERA SELATAN,520,391147,MARUBENI,MARUBENI CORP,JAPAN,XINHUI,CHINA (MAINLAND)
2023,470329,SINAR MAS,INDAH KIAT,PERAWANG,RIAU,500,360125,SINAR MAS,SHANDONG BOHUI PAPER INDUSTRY CO LTD,CHINA (MAINLAND),QINGDAO,CHINA (MAINLAND)
2023,470329,MARUBENI,TANJUNG ENIM LESTARI,PANJANG,SUMATERA SELATAN,59,48227,MARUBENI,MARUBENI CORP,JAPAN,SHIMIZU,JAPAN
2023,470329,MARUBENI,TANJUNG ENIM LESTARI,PANJANG,SUMATERA SELATAN,38,31143,MARUBENI,MARUBENI CORP,JAPAN,SHIMIZU,JAPAN
2023,470329,SINAR MAS,INDAH KIAT,PERAWANG,RIAU,1000,688666,ADNPM,ABU DHABI NATIONAL PAPER MILL LLC,UNITED ARAB EMIRATES,ABU DHABI,NEW ZEALAND
2023,470200,ROYAL GOLDEN EAGLE,APRIL,BUATAN,RIAU,506,306341,ROYAL GOLDEN EAGLE,APRIL FAR EAST MALAYSIA SDN BHD,MALAYSIA,JIUJIANG,CHINA (MAINLAND)
2023,470329,MARUBENI,TANJUNG ENIM LESTARI,PANJANG,SUMATERA SELATAN,821,620348,MARUBENI,MARUBENI CORP,JAPAN,QINGDAO,CHINA (MAINLAND)
2023,470329,MARUBENI,TANJUNG ENIM LESTARI,PANJANG,SUMATERA SELATAN,518,397537,MARUBENI,MARUBENI CORP,JAPAN,NINGBO,CHINA (MAINLAND)
2023,470329,SINAR MAS,INDAH KIAT,PERAWANG,RIAU,5000,3516250,SINAR MAS,SHANDONG BOHUI PAPER INDUSTRY CO LTD,CHINA (MAINLAND),QINGDAO,CHINA (MAINLAND)
2023,470200,ROYAL GOLDEN EAGLE,APRIL,BUATAN,RIAU,509,307844,ROYAL GOLDEN EAGLE,APRIL FAR EAST MALAYSIA SDN BHD,MALAYSIA,JIUJIANG,CHINA (MAINLAND)
2023,470329,MARUBENI,TANJUNG ENIM LESTARI,PANJANG,SUMATERA SELATAN,519,362893,MARUBENI,MARUBENI CORP,JAPAN,WUHAN,CHINA (MAINLAND)
2023,470200,ROYAL GOLDEN EAGLE,APRIL,BUATAN,RIAU,506,306350,ROYAL GOLDEN EAGLE,APRIL FAR EAST MALAYSIA SDN BHD,MALAYSIA,JIUJIANG,CHINA (MAINLAND)
2023,470329,SINAR MAS,OKI,SULTAN MAHMUD BADARUDDIN (U),SUMATERA SELATAN,6500,4501250,SINAR MAS,SHANDONG BOHUI PAPER INDUSTRY CO LTD,CHINA (MAINLAND),QINGDAO,CHINA (MAINLAND)
2023,470329,SINAR MAS,OKI,SULTAN MAHMUD BADARUDDIN (U),SUMATERA SELATAN,4000,2872000,SINAR MAS,KING PAPER SOURCE TRADING (SHANGHAI) CO LTD,CHINA (MAINLAND),ZHENJIANG,CHINA (MAINLAND)
2023,470329,SINAR MAS,OKI,SULTAN MAHMUD BADARUDDIN (U),SUMATERA SELATAN,1000,701000,SINAR MAS,KING PAPER SOURCE TRADING (SHANGHAI) CO LTD,CHINA (MAINLAND),CHANGSHU,CHINA (MAINLAND)
2023,470329,SINAR MAS,OKI,SULTAN MAHMUD BADARUDDIN (U),SUMATERA SELATAN,1000,694250,SINAR MAS,KING PAPER SOURCE TRADING (SHANGHAI) CO LTD,CHINA (MAINLAND),CHANGSHU,CHINA (MAINLAND)
2023,470329,ROYAL GOLDEN EAGLE,APRIL,BUATAN,RIAU,1004,520019,ROYAL GOLDEN EAGLE,APRIL INTERNATIONAL ENTEPRISE PTE LTD,SINGAPORE,NINGBO,CHINA (MAINLAND)
2023,470329,SINAR MAS,OKI,SULTAN MAHMUD BADARUDDIN (U),SUMATERA SELATAN,2500,1731250,SINAR MAS,SHANDONG BOHUI PAPER INDUSTRY CO LTD,CHINA (MAINLAND),QINGDAO,CHINA (MAINLAND)
2023,470329,SINAR MAS,OKI,SULTAN MAHMUD BADARUDDIN (U),SUMATERA SELATAN,3000,2130750,SINAR MAS,JIANGSU BOHUI PAPER INDUSTRY CO LTD.,CHINA (MAINLAND),CHANGSHU,CHINA (MAINLAND)
2023,470200,ROYAL GOLDEN EAGLE,APRIL,BUATAN,RIAU,506,326511,ROYAL GOLDEN EAGLE,APRIL FAR EAST MALAYSIA SDN BHD,MALAYSIA,LIANYUNGANG,CHINA (MAINLAND)
2023,470329,SINAR MAS,OKI,SULTAN MAHMUD BADARUDDIN (U),SUMATERA SELATAN,5000,3462500,SINAR MAS,SHANDONG BOHUI PAPER INDUSTRY CO LTD,CHINA (MAINLAND),QINGDAO,CHINA (MAINLAND)
2023,470329,SINAR MAS,OKI,SULTAN MAHMUD BADARUDDIN (U),SUMATERA SELATAN,2000,1422500,SINAR MAS,KING PAPER SOURCE TRADING (SHANGHAI) CO LTD,CHINA (MAINLAND),CHANGSHU,CHINA (MAINLAND)
2023,470329,SINAR MAS,OKI,SULTAN MAHMUD BADARUDDIN (U),SUMATERA SELATAN,1500,1077000,SINAR MAS,KING PAPER SOURCE TRADING (SHANGHAI) CO LTD,CHINA (MAINLAND),ZHENJIANG,CHINA (MAINLAND)
2023,470329,SINAR MAS,OKI,SULTAN MAHMUD BADARUDDIN (U),SUMATERA SELATAN,1000,718000,SINAR MAS,KING PAPER SOURCE TRADING (SHANGHAI) CO LTD,CHINA (MAINLAND),CHANGSHU,CHINA (MAINLAND)
2023,470329,SINAR MAS,OKI,SULTAN MAHMUD BADARUDDIN (U),SUMATERA SELATAN,5000,3551250,SINAR MAS,JIANGSU BOHUI PAPER INDUSTRY CO LTD.,CHINA (MAINLAND),CHANGSHU,CHINA (MAINLAND)
2023,470329,SINAR MAS,OKI,SULTAN MAHMUD BADARUDDIN (U),SUMATERA SELATAN,15000,10413750,SINAR MAS,KING PAPER SOURCE TRADING (SHANGHAI) CO LTD,CHINA (MAINLAND),CHANGSHU,CHINA (MAINLAND)
2023,470329,SINAR MAS,OKI,SULTAN MAHMUD BADARUDDIN (U),SUMATERA SELATAN,500,356750,SINAR MAS,SHANDONG BOHUI PAPER INDUSTRY CO LTD,CHINA (MAINLAND),QINGDAO,CHINA (MAINLAND)
2023,470329,SINAR MAS,OKI,SULTAN MAHMUD BADARUDDIN (U),SUMATERA SELATAN,2000,1418500,SINAR MAS,KING PAPER SOURCE TRADING (SHANGHAI) CO LTD,CHINA (MAINLAND),CHANGSHU,CHINA (MAINLAND)
2023,470329,SINAR MAS,OKI,SULTAN MAHMUD BADARUDDIN (U),SUMATERA SELATAN,1000,701000,SINAR MAS,KING PAPER SOURCE TRADING (SHANGHAI) CO LTD,CHINA (MAINLAND),CHANGSHU,CHINA (MAINLAND)
2023,470329,SINAR MAS,OKI,SULTAN MAHMUD BADARUDDIN (U),SUMATERA SELATAN,2500,1790625,SINAR MAS,KING PAPER SOURCE TRADING (SHANGHAI) CO LTD,CHINA (MAINLAND),CHANGSHU,CHINA (MAINLAND)
2023,470329,SINAR MAS,OKI,SULTAN MAHMUD BADARUDDIN (U),SUMATERA SELATAN,1300,933400,SINAR MAS,KING PAPER SOURCE TRADING (SHANGHAI) CO LTD,CHINA (MAINLAND),CHANGSHU,CHINA (MAINLAND)
2023,470329,SINAR MAS,OKI,SULTAN MAHMUD BADARUDDIN (U),SUMATERA SELATAN,1000,718000,SINAR MAS,KING PAPER SOURCE TRADING (SHANGHAI) CO LTD,CHINA (MAINLAND),ZHENJIANG,CHINA (MAINLAND)
2023,470329,SINAR MAS,OKI,SULTAN MAHMUD BADARUDDIN (U),SUMATERA SELATAN,500,347125,SINAR MAS,KING PAPER SOURCE TRADING (SHANGHAI) CO LTD,CHINA (MAINLAND),CHANGSHU,CHINA (MAINLAND)
2023,470329,SINAR MAS,OKI,SULTAN MAHMUD BADARUDDIN (U),SUMATERA SELATAN,500,347125,SINAR MAS,KING PAPER SOURCE TRADING (SHANGHAI) CO LTD,CHINA (MAINLAND),CHANGSHU,CHINA (MAINLAND)
2023,470329,SINAR MAS,OKI,SULTAN MAHMUD BADARUDDIN (U),SUMATERA SELATAN,3000,2130750,SINAR MAS,KING PAPER SOURCE TRADING (SHANGHAI) CO LTD,CHINA (MAINLAND),CHANGSHU,CHINA (MAINLAND)
2023,470329,SINAR MAS,OKI,SULTAN MAHMUD BADARUDDIN (U),SUMATERA SELATAN,1000,711250,SINAR MAS,KING PAPER SOURCE TRADING (SHANGHAI) CO LTD,CHINA (MAINLAND),CHANGSHU,CHINA (MAINLAND)
2023,470200,ROYAL GOLDEN EAGLE,APRIL,BUATAN,RIAU,506,326611,ROYAL GOLDEN EAGLE,APRIL FAR EAST MALAYSIA SDN BHD,MALAYSIA,JIUJIANG,CHINA (MAINLAND)
2023,470200,ROYAL GOLDEN EAGLE,APRIL,BUATAN,RIAU,506,305975,ROYAL GOLDEN EAGLE,APRIL FAR EAST MALAYSIA SDN BHD,MALAYSIA,LIANYUNGANG,CHINA (MAINLAND)
2023,470200,ROYAL GOLDEN EAGLE,APRIL,BUATAN,RIAU,506,305906,ROYAL GOLDEN EAGLE,APRIL FAR EAST MALAYSIA SDN BHD,MALAYSIA,JIUJIANG,CHINA (MAINLAND)
2023,470200,ROYAL GOLDEN EAGLE,APRIL,BUATAN,RIAU,506,306243,ROYAL GOLDEN EAGLE,APRIL FAR EAST MALAYSIA SDN BHD,MALAYSIA,LIANYUNGANG,CHINA (MAINLAND)
2023,470329,SINAR MAS,INDAH KIAT,PERAWANG,RIAU,360,246042,GULF PAPER,GULF PAPER MANUFACTURING CO KSC,KUWAIT,SHUAIBA,KUWAIT
2023,470200,ROYAL GOLDEN EAGLE,APRIL,BUATAN,RIAU,505,305777,ROYAL GOLDEN EAGLE,APRIL FAR EAST MALAYSIA SDN BHD,MALAYSIA,JIUJIANG,CHINA (MAINLAND)
2023,470329,SINAR MAS,INDAH KIAT,PERAWANG,RIAU,380,259711,GULF PAPER,GULF PAPER MANUFACTURING CO KSC,KUWAIT,SHUAIBA,KUWAIT
2023,470200,ROYAL GOLDEN EAGLE,APRIL,BUATAN,RIAU,505,325854,ROYAL GOLDEN EAGLE,APRIL FAR EAST MALAYSIA SDN BHD,MALAYSIA,LIANYUNGANG,CHINA (MAINLAND)
2023,470200,ROYAL GOLDEN EAGLE,APRIL,BUATAN,RIAU,506,306287,ROYAL GOLDEN EAGLE,APRIL FAR EAST MALAYSIA SDN BHD,MALAYSIA,LIANYUNGANG,CHINA (MAINLAND)
2023,470329,SINAR MAS,INDAH KIAT,PERAWANG,RIAU,3100,2201000,SINAR MAS,KING PAPER SOURCE TRADING (SHANGHAI) CO LTD,CHINA (MAINLAND),DAGANG,CHINA (MAINLAND)
2023,470329,SINAR MAS,INDAH KIAT,PERAWANG,RIAU,3100,2201000,SINAR MAS,KING PAPER SOURCE TRADING (SHANGHAI) CO LTD,CHINA (MAINLAND),DAGANG,CHINA (MAINLAND)
2023,470200,ROYAL GOLDEN EAGLE,APRIL,BUATAN,RIAU,506,306420,ROYAL GOLDEN EAGLE,APRIL FAR EAST MALAYSIA SDN BHD,MALAYSIA,JIUJIANG,CHINA (MAINLAND)
2023,470200,ROYAL GOLDEN EAGLE,APRIL,BUATAN,RIAU,506,326351,ROYAL GOLDEN EAGLE,APRIL FAR EAST MALAYSIA SDN BHD,MALAYSIA,LIANYUNGANG,CHINA (MAINLAND)
2023,470200,ROYAL GOLDEN EAGLE,APRIL,BUATAN,RIAU,506,306350,ROYAL GOLDEN EAGLE,APRIL FAR EAST MALAYSIA SDN BHD,MALAYSIA,JIUJIANG,CHINA (MAINLAND)
2023,470200,ROYAL GOLDEN EAGLE,APRIL,BUATAN,RIAU,506,326258,ROYAL GOLDEN EAGLE,APRIL FAR EAST MALAYSIA SDN BHD,MALAYSIA,LIANYUNGANG,CHINA (MAINLAND)
2023,470329,SINAR MAS,OKI,SULTAN MAHMUD BADARUDDIN (U),SUMATERA SELATAN,1300,938600,SINAR MAS,KING PAPER SOURCE TRADING (SHANGHAI) CO LTD,CHINA (MAINLAND),QINZHOU,CHINA (MAINLAND)
2023,470329,SINAR MAS,INDAH KIAT,PERAWANG,RIAU,1000,690870,ADNPM,ABU DHABI NATIONAL PAPER MILL LLC,UNITED ARAB EMIRATES,ABU DHABI,NEW ZEALAND
2023,470329,SINAR MAS,INDAH KIAT,PERAWANG,RIAU,1800,1278000,SINAR MAS,KING PAPER SOURCE TRADING (SHANGHAI) CO LTD,CHINA (MAINLAND),DAGANG,CHINA (MAINLAND)
2023,470329,SINAR MAS,INDAH KIAT,PERAWANG,RIAU,1500,1065000,SINAR MAS,KING PAPER SOURCE TRADING (SHANGHAI) CO LTD,CHINA (MAINLAND),DAGANG,CHINA (MAINLAND)
2023,470200,ROYAL GOLDEN EAGLE,APRIL,BUATAN,RIAU,505,305679,ROYAL GOLDEN EAGLE,APRIL FAR EAST MALAYSIA SDN BHD,MALAYSIA,JIUJIANG,CHINA (MAINLAND)
2023,470329,SINAR MAS,INDAH KIAT,PERAWANG,RIAU,2000,1420000,SINAR MAS,KING PAPER SOURCE TRADING (SHANGHAI) CO LTD,CHINA (MAINLAND),DAGANG,CHINA (MAINLAND)
2023,470329,SINAR MAS,INDAH KIAT,PERAWANG,RIAU,1500,1065000,SINAR MAS,KING PAPER SOURCE TRADING (SHANGHAI) CO LTD,CHINA (MAINLAND),DAGANG,CHINA (MAINLAND)
2023,470200,ROYAL GOLDEN EAGLE,APRIL,FUTONG,RIAU,1013,612607,ROYAL GOLDEN EAGLE,APRIL FAR EAST MALAYSIA SDN BHD,MALAYSIA,CHANGSHU,CHINA (MAINLAND)
2023,470200,ROYAL GOLDEN EAGLE,APRIL,BUATAN,RIAU,506,326299,ROYAL GOLDEN EAGLE,APRIL FAR EAST MALAYSIA SDN BHD,MALAYSIA,LIANYUNGANG,CHINA (MAINLAND)
2023,470329,SINAR MAS,OKI,SULTAN MAHMUD BADARUDDIN (U),SUMATERA SELATAN,8000,5776000,SINAR MAS,KING PAPER SOURCE TRADING (SHANGHAI) CO LTD,CHINA (MAINLAND),QINZHOU,CHINA (MAINLAND)
2023,470329,SINAR MAS,INDAH KIAT,PERAWANG,RIAU,3100,2201000,SINAR MAS,KING PAPER SOURCE TRADING (SHANGHAI) CO LTD,CHINA (MAINLAND),DAGANG,CHINA (MAINLAND)
2023,470200,ROYAL GOLDEN EAGLE,APRIL,BUATAN,RIAU,506,326345,ROYAL GOLDEN EAGLE,APRIL FAR EAST MALAYSIA SDN BHD,MALAYSIA,LIANYUNGANG,CHINA (MAINLAND)
2023,470329,SINAR MAS,INDAH KIAT,PERAWANG,RIAU,3100,2201000,SINAR MAS,KING PAPER SOURCE TRADING (SHANGHAI) CO LTD,CHINA (MAINLAND),DAGANG,CHINA (MAINLAND)
2023,470329,SINAR MAS,INDAH KIAT,PERAWANG,RIAU,3100,2201000,SINAR MAS,KING PAPER SOURCE TRADING (SHANGHAI) CO LTD,CHINA (MAINLAND),DAGANG,CHINA (MAINLAND)
2023,470200,ROYAL GOLDEN EAGLE,APRIL,BUATAN,RIAU,505,305816,ROYAL GOLDEN EAGLE,APRIL FAR EAST MALAYSIA SDN BHD,MALAYSIA,JIUJIANG,CHINA (MAINLAND)
2023,470329,MARUBENI,TANJUNG ENIM LESTARI,TARAHAN,SUMATERA SELATAN,1501,1055578,MARUBENI,MARUBENI CORP,JAPAN,QINGDAO,CHINA (MAINLAND)
2023,470329,MARUBENI,TANJUNG ENIM LESTARI,TARAHAN,SUMATERA SELATAN,1002,772377,MARUBENI,MARUBENI CORP,JAPAN,QINGDAO,CHINA (MAINLAND)
2023,470329,ROYAL GOLDEN EAGLE,APRIL,FUTONG,RIAU,7231,3745630,ROYAL GOLDEN EAGLE,APRIL INTERNATIONAL ENTEPRISE PTE LTD,SINGAPORE,CHANGSHU,CHINA (MAINLAND)
2023,470329,MARUBENI,TANJUNG ENIM LESTARI,TARAHAN,SUMATERA SELATAN,1001,765891,MARUBENI,MARUBENI CORP,JAPAN,QINGDAO,CHINA (MAINLAND)
2023,470329,ROYAL GOLDEN EAGLE,APRIL,FUTONG,RIAU,3013,1560477,ROYAL GOLDEN EAGLE,APRIL INTERNATIONAL ENTEPRISE PTE LTD,SINGAPORE,SHANGHAI,CHINA (MAINLAND)
2023,470329,MARUBENI,TANJUNG ENIM LESTARI,TARAHAN,SUMATERA SELATAN,2002,1531016,MARUBENI,MARUBENI CORP,JAPAN,QINGDAO,CHINA (MAINLAND)
2023,470329,MARUBENI,TANJUNG ENIM LESTARI,TARAHAN,SUMATERA SELATAN,500,357443,MARUBENI,MARUBENI CORP,JAPAN,QINGDAO,CHINA (MAINLAND)
2023,470329,ROYAL GOLDEN EAGLE,APRIL,FUTONG,RIAU,14061,7283843,ROYAL GOLDEN EAGLE,APRIL INTERNATIONAL ENTEPRISE PTE LTD,SINGAPORE,SHANGHAI,CHINA (MAINLAND)
2023,470329,MARUBENI,TANJUNG ENIM LESTARI,PANJANG,SUMATERA SELATAN,513,385871,MARUBENI,MARUBENI CORP,JAPAN,XINHUI,CHINA (MAINLAND)
2023,470329,MARUBENI,TANJUNG ENIM LESTARI,TARAHAN,SUMATERA SELATAN,1500,1055163,MARUBENI,MARUBENI CORP,JAPAN,QINGDAO,CHINA (MAINLAND)
2023,470200,ROYAL GOLDEN EAGLE,APRIL,BUATAN,RIAU,507,326814,ROYAL GOLDEN EAGLE,APRIL FAR EAST MALAYSIA SDN BHD,MALAYSIA,LIANYUNGANG,CHINA (MAINLAND)
2023,470329,MARUBENI,TANJUNG ENIM LESTARI,TARAHAN,SUMATERA SELATAN,2500,1912075,MARUBENI,MARUBENI CORP,JAPAN,QINGDAO,CHINA (MAINLAND)
2023,470329,ROYAL GOLDEN EAGLE,APRIL,FUTONG,RIAU,5021,2600741,ROYAL GOLDEN EAGLE,APRIL INTERNATIONAL ENTEPRISE PTE LTD,SINGAPORE,CHANGSHU,CHINA (MAINLAND)
2023,470329,SINAR MAS,INDAH KIAT,PERAWANG,RIAU,200,138940,UNKNOWN AFFILIATION,JIN DING CO LTD,TAIWAN,KAOHSIUNG,TAIWAN
2023,470329,ROYAL GOLDEN EAGLE,APRIL,BUATAN,RIAU,501,259769,ROYAL GOLDEN EAGLE,APRIL INTERNATIONAL ENTEPRISE PTE LTD,SINGAPORE,CHATTOGRAM,BANGLADESH
2023,470200,ROYAL GOLDEN EAGLE,APRIL,FUTONG,RIAU,7901,4825292,ROYAL GOLDEN EAGLE,APRIL FAR EAST MALAYSIA SDN BHD,MALAYSIA,CHANGSHU,CHINA (MAINLAND)
2023,470329,MARUBENI,TANJUNG ENIM LESTARI,PANJANG,SUMATERA SELATAN,404,312012,MARUBENI,MARUBENI CORP,JAPAN,PENANG (GEORGETOWN),MALAYSIA
2023,470329,MARUBENI,TANJUNG ENIM LESTARI,PANJANG,SUMATERA SELATAN,211,161271,MARUBENI,MARUBENI CORP,JAPAN,YINGKOU,CHINA (MAINLAND)
2023,470329,ROYAL GOLDEN EAGLE,APRIL,BUATAN,RIAU,201,104029,ROYAL GOLDEN EAGLE,APRIL INTERNATIONAL ENTEPRISE PTE LTD,SINGAPORE,FUZHOU,CHINA (MAINLAND)
2023,470329,MARUBENI,TANJUNG ENIM LESTARI,PANJANG,SUMATERA SELATAN,128,93690,MARUBENI,MARUBENI CORP,JAPAN,JAWAHARLAL NEHRU (NHAVA S,INDIA
2023,470329,ROYAL GOLDEN EAGLE,APRIL,BUATAN,RIAU,502,260031,ROYAL GOLDEN EAGLE,APRIL INTERNATIONAL ENTEPRISE PTE LTD,SINGAPORE,NINGBO,CHINA (MAINLAND)
2023,470329,MARUBENI,TANJUNG ENIM LESTARI,PANJANG,SUMATERA SELATAN,107,84887,MARUBENI,MARUBENI CORP,JAPAN,PORT KELANG,MALAYSIA
2023,470329,MARUBENI,TANJUNG ENIM LESTARI,PANJANG,SUMATERA SELATAN,708,535303,MARUBENI,MARUBENI CORP,JAPAN,CHONGQING,CHINA (MAINLAND)
2023,470329,MARUBENI,TANJUNG ENIM LESTARI,PANJANG,SUMATERA SELATAN,618,462084,MARUBENI,MARUBENI CORP,JAPAN,YINGKOU,CHINA (MAINLAND)
2023,470329,MARUBENI,TANJUNG ENIM LESTARI,PANJANG,SUMATERA SELATAN,512,384674,MARUBENI,MARUBENI CORP,JAPAN,WUHAN,CHINA (MAINLAND)
2023,470329,ROYAL GOLDEN EAGLE,APRIL,BUATAN,RIAU,502,260055,ROYAL GOLDEN EAGLE,APRIL INTERNATIONAL ENTEPRISE PTE LTD,SINGAPORE,HAIPHONG,VIETNAM
2023,470329,MARUBENI,TANJUNG ENIM LESTARI,PANJANG,SUMATERA SELATAN,424,320171,MARUBENI,MARUBENI CORP,JAPAN,WUHAN,CHINA (MAINLAND)
2023,470329,ROYAL GOLDEN EAGLE,APRIL,BUATAN,RIAU,496,286553,ROYAL GOLDEN EAGLE,APRIL INTERNATIONAL ENTEPRISE PTE LTD,SINGAPORE,CAT LAI,VIETNAM
2023,470329,SINAR MAS,INDAH KIAT,PERAWANG,RIAU,100,70136,UNKNOWN AFFILIATION,CHENG DAH PAPER CO LTD,TAIWAN,TAICHUNG,TAIWAN
2023,470329,ROYAL GOLDEN EAGLE,APRIL,BUATAN,RIAU,261,135041,ROYAL GOLDEN EAGLE,APRIL INTERNATIONAL ENTEPRISE PTE LTD,SINGAPORE,CHATTOGRAM,BANGLADESH
2023,470200,ROYAL GOLDEN EAGLE,APRIL,BUATAN,RIAU,506,306374,ROYAL GOLDEN EAGLE,APRIL FAR EAST MALAYSIA SDN BHD,MALAYSIA,JIUJIANG,CHINA (MAINLAND)
2023,470329,MARUBENI,TANJUNG ENIM LESTARI,PANJANG,SUMATERA SELATAN,812,614264,MARUBENI,MARUBENI CORP,JAPAN,CHONGQING,CHINA (MAINLAND)
2023,470329,SINAR MAS,INDAH KIAT,PERAWANG,RIAU,300,218434,SINAR MAS,KING PAPER SOURCE TRADING (SHANGHAI) CO LTD,CHINA (MAINLAND),DALIAN,CHINA (MAINLAND)
2023,470329,MARUBENI,TANJUNG ENIM LESTARI,PANJANG,SUMATERA SELATAN,511,391584,MARUBENI,MARUBENI CORP,JAPAN,NINGBO,CHINA (MAINLAND)
2023,470329,ROYAL GOLDEN EAGLE,APRIL,FUTONG,RIAU,3013,1560895,ROYAL GOLDEN EAGLE,APRIL INTERNATIONAL ENTEPRISE PTE LTD,SINGAPORE,CHANGSHU,CHINA (MAINLAND)
2023,470200,ROYAL GOLDEN EAGLE,APRIL,BUATAN,RIAU,506,326600,ROYAL GOLDEN EAGLE,APRIL FAR EAST MALAYSIA SDN BHD,MALAYSIA,LIANYUNGANG,CHINA (MAINLAND)
2023,470329,SINAR MAS,OKI,SULTAN MAHMUD BADARUDDIN (U),SUMATERA SELATAN,5000,3531516,XIANMEN C&D,HONG KONG PAPER SOURCES CO LTD,CHINA (HONG KONG),CHANGSHU,CHINA (MAINLAND)
2023,470329,ROYAL GOLDEN EAGLE,APRIL,BUATAN,RIAU,503,260427,ROYAL GOLDEN EAGLE,APRIL INTERNATIONAL ENTEPRISE PTE LTD,SINGAPORE,HAIPHONG,VIETNAM
2023,470200,ROYAL GOLDEN EAGLE,APRIL,BUATAN,RIAU,506,326382,ROYAL GOLDEN EAGLE,APRIL FAR EAST MALAYSIA SDN BHD,MALAYSIA,FUZHOU,CHINA (MAINLAND)
2023,470329,SINAR MAS,OKI,SULTAN MAHMUD BADARUDDIN (U),SUMATERA SELATAN,5000,3531516,XIANMEN C&D,HONG KONG PAPER SOURCES CO LTD,CHINA (HONG KONG),CHANGSHU,CHINA (MAINLAND)
2023,470329,SINAR MAS,OKI,SULTAN MAHMUD BADARUDDIN (U),SUMATERA SELATAN,7000,4944122,XIANMEN C&D,HONG KONG PAPER SOURCES CO LTD,CHINA (HONG KONG),CHANGSHU,CHINA (MAINLAND)
2023,470329,ROYAL GOLDEN EAGLE,APRIL,BUATAN,RIAU,96,49974,ROYAL GOLDEN EAGLE,APRIL INTERNATIONAL ENTEPRISE PTE LTD,SINGAPORE,TAOYUAN,TAIWAN
2023,470200,ROYAL GOLDEN EAGLE,APRIL,BUATAN,RIAU,507,326759,ROYAL GOLDEN EAGLE,APRIL FAR EAST MALAYSIA SDN BHD,MALAYSIA,LIANYUNGANG,CHINA (MAINLAND)
2023,470200,ROYAL GOLDEN EAGLE,APRIL,BUATAN,RIAU,506,326660,ROYAL GOLDEN EAGLE,APRIL FAR EAST MALAYSIA SDN BHD,MALAYSIA,FUZHOU,CHINA (MAINLAND)
2023,470329,SINAR MAS,INDAH KIAT,PERAWANG,RIAU,300,218434,SINAR MAS,KING PAPER SOURCE TRADING (SHANGHAI) CO LTD,CHINA (MAINLAND),DALIAN,CHINA (MAINLAND)
2023,470329,ROYAL GOLDEN EAGLE,APRIL,FUTONG,RIAU,7637,4257403,ROYAL GOLDEN EAGLE,APRIL FAR EAST MALAYSIA SDN BHD,MALAYSIA,NANSHA,CHINA (MAINLAND)
2023,440122,ROYAL GOLDEN EAGLE,BALIKPAPAN CHIP LESTARI,BALIKPAPAN,KALIMANTAN TIMUR,16048,2487471,ROYAL GOLDEN EAGLE,ASIA SYMBOL (SHANDONG) PULP AND PAPER,CHINA (MAINLAND),RIZHAO,CHINA (MAINLAND)
2023,470329,SINAR MAS,OKI,SULTAN MAHMUD BADARUDDIN (U),SUMATERA SELATAN,3000,2063640,SINAR MAS,KING PAPER SOURCE TRADING (SHANGHAI) CO LTD,CHINA (MAINLAND),ZHENJIANG,CHINA (MAINLAND)
2023,470329,SINAR MAS,INDAH KIAT,PERAWANG,RIAU,1800,1283400,SINAR MAS,KING PAPER SOURCE TRADING (SHANGHAI) CO LTD,CHINA (MAINLAND),DAGANG,CHINA (MAINLAND)
2023,470329,SINAR MAS,INDAH KIAT,PERAWANG,RIAU,1200,855600,SINAR MAS,KING PAPER SOURCE TRADING (SHANGHAI) CO LTD,CHINA (MAINLAND),DAGANG,CHINA (MAINLAND)
2023,470329,SINAR MAS,OKI,SULTAN MAHMUD BADARUDDIN (U),SUMATERA SELATAN,1500,1031820,SINAR MAS,KING PAPER SOURCE TRADING (SHANGHAI) CO LTD,CHINA (MAINLAND),ZHENJIANG,CHINA (MAINLAND)
2023,470329,SINAR MAS,INDAH KIAT,PERAWANG,RIAU,400,291245,SINAR MAS,KING PAPER SOURCE TRADING (SHANGHAI) CO LTD,CHINA (MAINLAND),DALIAN,CHINA (MAINLAND)
2023,470329,SINAR MAS,INDAH KIAT,PERAWANG,RIAU,300,213900,SINAR MAS,KING PAPER SOURCE TRADING (SHANGHAI) CO LTD,CHINA (MAINLAND),DAGANG,CHINA (MAINLAND)
2023,470329,SINAR MAS,OKI,SULTAN MAHMUD BADARUDDIN (U),SUMATERA SELATAN,3500,2407580,SINAR MAS,JIANGSU BOHUI PAPER INDUSTRY CO LTD.,CHINA (MAINLAND),CHANGSHU,CHINA (MAINLAND)
2023,470329,SINAR MAS,OKI,SULTAN MAHMUD BADARUDDIN (U),SUMATERA SELATAN,4000,2751520,SINAR MAS,KING PAPER SOURCE TRADING (SHANGHAI) CO LTD,CHINA (MAINLAND),CHANGSHU,CHINA (MAINLAND)
2023,470329,SINAR MAS,INDAH KIAT,PERAWANG,RIAU,7300,5204900,SINAR MAS,KING PAPER SOURCE TRADING (SHANGHAI) CO LTD,CHINA (MAINLAND),DAGANG,CHINA (MAINLAND)
2023,470329,SINAR MAS,INDAH KIAT,PERAWANG,RIAU,1008,719455,BJC,BERLI JUCKER CELLOX LTD,THAILAND,LAT KRABANG,THAILAND
2023,470329,ROYAL GOLDEN EAGLE,APRIL,BUATAN,RIAU,703,363919,ROYAL GOLDEN EAGLE,APRIL INTERNATIONAL ENTEPRISE PTE LTD,SINGAPORE,CHATTOGRAM,BANGLADESH
2023,470329,MARUBENI,TANJUNG ENIM LESTARI,PANJANG,SUMATERA SELATAN,128,93155,MARUBENI,MARUBENI CORP,JAPAN,SONEPAT,INDIA
2023,470329,SINAR MAS,INDAH KIAT,PERAWANG,RIAU,60,41160,UNKNOWN AFFILIATION,BUYERS CHOICE TRADING COMPANY LTD,MYANMAR,YANGON,MYANMAR
2023,470329,MARUBENI,TANJUNG ENIM LESTARI,PANJANG,SUMATERA SELATAN,514,359736,MARUBENI,MARUBENI CORP,JAPAN,XINHUI,CHINA (MAINLAND)
2023,470329,MARUBENI,TANJUNG ENIM LESTARI,PANJANG,SUMATERA SELATAN,511,397189,MARUBENI,MARUBENI CORP,JAPAN,TAOYUAN,TAIWAN
2023,470200,ROYAL GOLDEN EAGLE,APRIL,BUATAN,RIAU,507,306543,ROYAL GOLDEN EAGLE,APRIL FAR EAST MALAYSIA SDN BHD,MALAYSIA,JIUJIANG,CHINA (MAINLAND)
2023,470329,MARUBENI,TANJUNG ENIM LESTARI,PANJANG,SUMATERA SELATAN,150,116692,MARUBENI,MARUBENI CORP,JAPAN,SANAND,INDIA
2023,470329,ROYAL GOLDEN EAGLE,APRIL,BUATAN,RIAU,201,116095,ROYAL GOLDEN EAGLE,APRIL INTERNATIONAL ENTEPRISE PTE LTD,SINGAPORE,PAT BANGKOK,THAILAND
2023,470200,ROYAL GOLDEN EAGLE,APRIL,BUATAN,RIAU,263,169801,ROYAL GOLDEN EAGLE,APRIL FAR EAST MALAYSIA SDN BHD,MALAYSIA,LIANYUNGANG,CHINA (MAINLAND)
2023,470329,SINAR MAS,INDAH KIAT,PERAWANG,RIAU,500,354007,LIPY,LIPY PAPER MILLS LTD,BANGLADESH,CHATTOGRAM,BANGLADESH
2023,470329,SINAR MAS,OKI,SULTAN MAHMUD BADARUDDIN (U),SUMATERA SELATAN,5700,3975750,SINAR MAS,KING PAPER SOURCE TRADING (SHANGHAI) CO LTD,CHINA (MAINLAND),QINZHOU,CHINA (MAINLAND)
2023,470329,SINAR MAS,INDAH KIAT,PERAWANG,RIAU,440,308383,ADNPM,ABU DHABI NATIONAL PAPER MILL LLC,UNITED ARAB EMIRATES,ABU DHABI,NEW ZEALAND
2023,470200,ROYAL GOLDEN EAGLE,APRIL,BUATAN,RIAU,506,326285,ROYAL GOLDEN EAGLE,APRIL FAR EAST MALAYSIA SDN BHD,MALAYSIA,JIUJIANG,CHINA (MAINLAND)
2023,470329,ROYAL GOLDEN EAGLE,APRIL,BUATAN,RIAU,502,290403,ROYAL GOLDEN EAGLE,APRIL INTERNATIONAL ENTEPRISE PTE LTD,SINGAPORE,KARACHI,PAKISTAN
2023,470329,SINAR MAS,INDAH KIAT,PERAWANG,RIAU,200,140632,BATAAN,BATAAN 2020 INC,PHILIPPINES,MANILA NORTH HARBOUR,PHILIPPINES
2023,470329,MARUBENI,TANJUNG ENIM LESTARI,PANJANG,SUMATERA SELATAN,506,356566,MARUBENI,MARUBENI CORP,JAPAN,WUHAN,CHINA (MAINLAND)
2023,470329,SINAR MAS,INDAH KIAT,PERAWANG,RIAU,2200,1595000,SINAR MAS,KING PAPER SOURCE TRADING (SHANGHAI) CO LTD,CHINA (MAINLAND),DAGANG,CHINA (MAINLAND)
2023,470200,ROYAL GOLDEN EAGLE,APRIL,BUATAN,RIAU,509,328055,ROYAL GOLDEN EAGLE,APRIL FAR EAST MALAYSIA SDN BHD,MALAYSIA,LIANYUNGANG,CHINA (MAINLAND)
2023,470329,MARUBENI,TANJUNG ENIM LESTARI,PANJANG,SUMATERA SELATAN,514,367633,MARUBENI,MARUBENI CORP,JAPAN,NINGBO,CHINA (MAINLAND)
2023,470200,ROYAL GOLDEN EAGLE,APRIL,BUATAN,RIAU,506,326670,ROYAL GOLDEN EAGLE,APRIL FAR EAST MALAYSIA SDN BHD,MALAYSIA,LIANYUNGANG,CHINA (MAINLAND)
2023,470329,SINAR MAS,INDAH KIAT,PERAWANG,RIAU,5800,4205000,SINAR MAS,KING PAPER SOURCE TRADING (SHANGHAI) CO LTD,CHINA (MAINLAND),DAGANG,CHINA (MAINLAND)
2023,470200,ROYAL GOLDEN EAGLE,APRIL,BUATAN,RIAU,506,326480,ROYAL GOLDEN EAGLE,APRIL FAR EAST MALAYSIA SDN BHD,MALAYSIA,JIUJIANG,CHINA (MAINLAND)
2023,470329,SINAR MAS,INDAH KIAT,PERAWANG,RIAU,7400,5365000,SINAR MAS,KING PAPER SOURCE TRADING (SHANGHAI) CO LTD,CHINA (MAINLAND),DAGANG,CHINA (MAINLAND)
2023,470329,SINAR MAS,INDAH KIAT,PERAWANG,RIAU,1100,797500,SINAR MAS,KING PAPER SOURCE TRADING (SHANGHAI) CO LTD,CHINA (MAINLAND),DAGANG,CHINA (MAINLAND)
2023,470329,MARUBENI,TANJUNG ENIM LESTARI,PANJANG,SUMATERA SELATAN,106,84529,MARUBENI,MARUBENI CORP,JAPAN,PORT KELANG,MALAYSIA
2023,470329,SINAR MAS,INDAH KIAT,PERAWANG,RIAU,2700,1957500,SINAR MAS,KING PAPER SOURCE TRADING (SHANGHAI) CO LTD,CHINA (MAINLAND),DAGANG,CHINA (MAINLAND)
2023,470329,SINAR MAS,INDAH KIAT,PERAWANG,RIAU,1200,870000,SINAR MAS,KING PAPER SOURCE TRADING (SHANGHAI) CO LTD,CHINA (MAINLAND),DAGANG,CHINA (MAINLAND)
2023,470329,SINAR MAS,INDAH KIAT,PERAWANG,RIAU,240,176475,UNKNOWN AFFILIATION,MEDITERRANEAN PAPER CO,EGYPT,EL ISKANDARIYA (= ALEXAND,EGYPT
2023,470329,MARUBENI,TANJUNG ENIM LESTARI,PANJANG,SUMATERA SELATAN,514,415466,MARUBENI,MARUBENI CORP,JAPAN,HALDIA,INDIA
2023,470329,SINAR MAS,INDAH KIAT,PERAWANG,RIAU,48,32475,UNKNOWN AFFILIATION,INTERNATIONAL FOREST PRODUCTS (UK),UNITED KINGDOM,SOUTHAMPTON,UNITED KINGDOM
2023,470200,ROYAL GOLDEN EAGLE,APRIL,BUATAN,RIAU,405,261398,ROYAL GOLDEN EAGLE,APRIL FAR EAST MALAYSIA SDN BHD,MALAYSIA,JIUJIANG,CHINA (MAINLAND)
2023,470329,MARUBENI,TANJUNG ENIM LESTARI,PANJANG,SUMATERA SELATAN,507,409384,MARUBENI,MARUBENI CORP,JAPAN,HALDIA,INDIA
2023,470329,ROYAL GOLDEN EAGLE,APRIL,BUATAN,RIAU,60,34875,ROYAL GOLDEN EAGLE,APRIL INTERNATIONAL ENTEPRISE PTE LTD,SINGAPORE,PAT BANGKOK,THAILAND
2023,470329,SINAR MAS,OKI,SULTAN MAHMUD BADARUDDIN (U),SUMATERA SELATAN,2000,1409606,XIANMEN C&D,HONG KONG PAPER SOURCES CO LTD,CHINA (HONG KONG),XIAMEN,CHINA (MAINLAND)
2023,470329,ROYAL GOLDEN EAGLE,APRIL,BUATAN,RIAU,261,151068,ROYAL GOLDEN EAGLE,APRIL INTERNATIONAL ENTEPRISE PTE LTD,SINGAPORE,CHATTOGRAM,BANGLADESH
2023,470200,ROYAL GOLDEN EAGLE,APRIL,BUATAN,RIAU,507,326838,ROYAL GOLDEN EAGLE,APRIL FAR EAST MALAYSIA SDN BHD,MALAYSIA,LIANYUNGANG,CHINA (MAINLAND)
2023,470200,ROYAL GOLDEN EAGLE,APRIL,BUATAN,RIAU,507,357227,ROYAL GOLDEN EAGLE,APRIL FAR EAST MALAYSIA SDN BHD,MALAYSIA,FUZHOU,CHINA (MAINLAND)
2023,470329,MARUBENI,TANJUNG ENIM LESTARI,PANJANG,SUMATERA SELATAN,507,352767,MARUBENI,MARUBENI CORP,JAPAN,YINGKOU,CHINA (MAINLAND)
2023,470329,SINAR MAS,OKI,SULTAN MAHMUD BADARUDDIN (U),SUMATERA SELATAN,5700,4072650,SINAR MAS,KING PAPER SOURCE TRADING (SHANGHAI) CO LTD,CHINA (MAINLAND),QINZHOU,CHINA (MAINLAND)
2023,470329,SINAR MAS,OKI,SULTAN MAHMUD BADARUDDIN (U),SUMATERA SELATAN,1000,704803,XIANMEN C&D,HONG KONG PAPER SOURCES CO LTD,CHINA (HONG KONG),XIAMEN,CHINA (MAINLAND)
2023,470329,SINAR MAS,INDAH KIAT,PERAWANG,RIAU,260,191182,UNKNOWN AFFILIATION,MEDITERRANEAN PAPER CO,EGYPT,EL ISKANDARIYA (= ALEXAND,EGYPT
2023,470329,ROYAL GOLDEN EAGLE,APRIL,BUATAN,RIAU,60,34907,ROYAL GOLDEN EAGLE,APRIL INTERNATIONAL ENTEPRISE PTE LTD,SINGAPORE,YANGON,MYANMAR
2023,470329,SINAR MAS,OKI,SULTAN MAHMUD BADARUDDIN (U),SUMATERA SELATAN,4000,2866000,SINAR MAS,KING PAPER SOURCE TRADING (SHANGHAI) CO LTD,CHINA (MAINLAND),CHANGSHU,CHINA (MAINLAND)
2023,470329,SINAR MAS,OKI,SULTAN MAHMUD BADARUDDIN (U),SUMATERA SELATAN,1000,717500,SINAR MAS,KING PAPER SOURCE TRADING (SHANGHAI) CO LTD,CHINA (MAINLAND),CHANGSHU,CHINA (MAINLAND)
2023,470329,SINAR MAS,OKI,SULTAN MAHMUD BADARUDDIN (U),SUMATERA SELATAN,700,502250,SINAR MAS,KING PAPER SOURCE TRADING (SHANGHAI) CO LTD,CHINA (MAINLAND),CHANGSHU,CHINA (MAINLAND)
2023,470200,ROYAL GOLDEN EAGLE,APRIL,BUATAN,RIAU,507,326990,ROYAL GOLDEN EAGLE,APRIL FAR EAST MALAYSIA SDN BHD,MALAYSIA,LIANYUNGANG,CHINA (MAINLAND)
2023,470200,ROYAL GOLDEN EAGLE,APRIL,BUATAN,RIAU,506,326452,ROYAL GOLDEN EAGLE,APRIL FAR EAST MALAYSIA SDN BHD,MALAYSIA,JIUJIANG,CHINA (MAINLAND)
2023,470200,ROYAL GOLDEN EAGLE,APRIL,BUATAN,RIAU,506,326524,ROYAL GOLDEN EAGLE,APRIL FAR EAST MALAYSIA SDN BHD,MALAYSIA,LIANYUNGANG,CHINA (MAINLAND)
2023,470329,SINAR MAS,OKI,SULTAN MAHMUD BADARUDDIN (U),SUMATERA SELATAN,5000,3582500,SINAR MAS,KING PAPER SOURCE TRADING (SHANGHAI) CO LTD,CHINA (MAINLAND),CHANGSHU,CHINA (MAINLAND)
2023,470200,ROYAL GOLDEN EAGLE,APRIL,BUATAN,RIAU,507,327107,ROYAL GOLDEN EAGLE,APRIL FAR EAST MALAYSIA SDN BHD,MALAYSIA,LIANYUNGANG,CHINA (MAINLAND)
2023,470200,ROYAL GOLDEN EAGLE,APRIL,BUATAN,RIAU,506,326682,ROYAL GOLDEN EAGLE,APRIL FAR EAST MALAYSIA SDN BHD,MALAYSIA,LIANYUNGANG,CHINA (MAINLAND)